"Time";"SecL";"RPM";"MAP";"MAPxRPM";"TPS";"AFR";"Lambda";"IAT";"CLT";"Engine";"DFCO";"Gego";"Gair";"Gbattery";"Gwarm";"Gbaro";"Gammae";"Accel Enrich";"VE _Current";"VE1";"VE2";"PW";"PW2";"PW3";"PW4";"AFR Target";"Lambda Target";"Duty Cycle";"Duty Cycle _Staging";"TPS DOT";"Advance _Current";"Dwell";"Dwell _Measured";"Battery V";"rpm/s";"Error #";"Error ID";"Boost PSI";"Boost cut";"Hard Launch";"Hard Limiter";"Idle Control";"IAC value";"Baro Pressure";"Fan";"Sync Loss #";"Loops/s";"Loops/rev";"Aux0";"Aux1";"Aux2";"Aux3";"Aux4";"Aux5";"Aux6";"Aux7";"Aux8";"Aux9";"Aux10";"Aux11";"Aux12";"Aux13";"Aux14";"Aux15";"Advance 1";"Advance 2";"FuelLoad";"IgnitionLoad";"Sync status";"";"Trip Meter Miles";"Odometer Miles";"Vehicle Speed";"Power";"Torque"
"s";"sec";"rpm";"kpa";"";"%";"O2";"";"";"";"bits";"";"%";"%";"";"%";"%";"%";"%";"%";"%";"%";"ms";"ms";"ms";"ms";"O2";"";"";"";"%/s";"deg";"ms";"ms";"V";"rpm/s";"";"";"";"";"";"";"";"None";"kpa";"";"";"loops";"";"";"";"";"";"";"";"";"";"";"";"";"";"";"";"";"";"deg";"deg";"kPa";"kPa";"";"bits";"Miles";"Miles";"MPH";"HP";"lbft"
0.000;25;976;40;39040;0.5;18.800;1.279;29;69;9;0;100;101;100;108;100;109;100;47;47;0;1.866;1.866;0.000;0.000;14.700;1.000;6.1;0.0;0;29;3.000;2.684;12.9;-40;0;0;-8.4;0;0;0;0;0;98;0;0;1870;114.96;0;0;0;0;0;0;0;0;0;0;0;0;0;0;0;0;29;0;40.0;40.0;2;0;0.00;0.00;0.00;0.0;0.0
0.035;25;984;40;39360;0.5;19.200;1.306;29;69;9;0;100;101;100;108;100;109;100;47;47;0;1.866;1.866;0.000;0.000;14.700;1.000;6.1;0.0;0;29;3.000;3.073;12.9;-40;0;0;-8.4;0;0;0;0;0;98;0;0;1870;114.02;0;0;0;0;0;0;0;0;0;0;0;0;0;0;0;0;29;0;40.0;40.0;2;0;0.00;0.00;0.00;0.0;0.0
0.088;25;983;40;39320;0.5;18.500;1.259;29;69;9;0;100;101;100;108;100;109;100;47;47;0;1.866;1.866;0.000;0.000;14.700;1.000;6.1;0.0;0;29;3.000;2.979;12.9;160;0;0;-8.4;0;0;0;0;0;98;0;0;1870;114.14;0;0;0;0;0;0;0;0;0;0;0;0;0;0;0;0;29;0;40.0;40.0;2;0;0.00;0.00;0.00;0.0;0.0
0.088;25;976;40;39040;0.5;18.200;1.238;29;69;9;0;100;101;100;108;100;109;100;47;47;0;1.866;1.866;0.000;0.000;14.700;1.000;6.1;0.0;0;29;3.000;2.915;12.9;-80;0;0;-8.4;0;0;0;0;0;98;0;0;1870;114.96;0;0;0;0;0;0;0;0;0;0;0;0;0;0;0;0;29;0;40.0;40.0;2;0;0.00;0.00;0.00;0.0;0.0
0.208;25;997;40;39880;0.5;17.900;1.218;29;69;9;0;100;101;100;108;100;109;100;47;47;0;1.866;1.866;0.000;0.000;14.700;1.000;6.2;0.0;0;29;3.000;3.278;12.9;-80;0;0;-8.4;0;0;0;0;0;98;0;0;1870;112.54;0;0;0;0;0;0;0;0;0;0;0;0;0;0;0;0;29;0;40.0;40.0;2;0;0.00;0.00;0.00;0.0;0.0
0.208;25;987;39;38493;0.5;18.200;1.238;29;69;9;0;100;101;100;108;100;109;100;47;47;0;1.857;1.857;0.000;0.000;14.700;1.000;6.1;0.0;0;29;3.000;2.890;12.9;210;0;0;-8.6;0;0;0;0;0;98;0;0;1870;113.68;0;0;0;0;0;0;0;0;0;0;0;0;0;0;0;0;29;0;39.0;39.0;2;0;0.00;0.00;0.00;0.0;0.0
0.270;26;997;39;38883;0.5;17.300;1.177;29;69;9;0;100;101;100;108;100;109;100;47;47;0;1.857;1.857;0.000;0.000;14.700;1.000;6.2;0.0;0;30;3.000;3.053;12.9;0;0;0;-8.6;0;0;0;0;0;98;0;0;1872;112.66;0;0;0;0;0;0;0;0;0;0;0;0;0;0;0;0;30;0;39.0;39.0;2;0;0.00;0.00;0.00;0.0;0.0
0.338;26;986;39;38454;0.5;16.300;1.109;29;69;9;0;100;101;100;108;100;109;100;47;47;0;1.857;1.857;0.000;0.000;14.700;1.000;6.1;0.0;0;29;3.000;2.652;12.9;0;0;0;-8.6;0;0;0;0;0;98;0;0;1872;113.91;0;0;0;0;0;0;0;0;0;0;0;0;0;0;0;0;29;0;39.0;39.0;2;0;0.00;0.00;0.00;0.0;0.0
0.466;26;995;39;38805;0.5;15.200;1.034;29;69;9;0;100;101;100;108;100;109;100;47;47;0;1.857;1.857;0.000;0.000;14.700;1.000;6.2;0.0;0;29;3.000;2.941;12.9;-60;0;0;-8.6;0;0;0;0;0;98;0;0;1872;112.88;0;0;0;0;0;0;0;0;0;0;0;0;0;0;0;0;29;0;39.0;39.0;2;0;0.00;0.00;0.00;0.0;0.0
0.466;26;987;39;38493;0.5;15.100;1.027;29;69;9;0;100;101;100;108;100;109;100;47;47;0;1.857;1.857;0.000;0.000;14.700;1.000;6.1;0.0;0;29;3.000;2.664;12.9;-40;0;0;-8.6;0;0;0;0;0;98;0;0;1872;113.80;0;0;0;0;0;0;0;0;0;0;0;0;0;0;0;0;29;0;39.0;39.0;2;0;0.00;0.00;0.00;0.0;0.0
0.532;26;995;39;38805;0.5;16.600;1.129;29;69;9;0;100;101;100;108;100;109;100;47;47;0;1.857;1.857;0.000;0.000;14.700;1.000;6.2;0.0;0;29;3.000;2.817;12.9;-40;0;0;-8.6;0;0;0;0;0;98;0;0;1872;112.88;0;0;0;0;0;0;0;0;0;0;0;0;0;0;0;0;29;0;39.0;39.0;2;0;0.00;0.00;0.00;0.0;0.0
0.667;26;997;39;38883;0.5;16.000;1.088;29;69;9;0;100;101;100;108;100;109;100;47;47;0;1.857;1.857;0.000;0.000;14.700;1.000;6.2;0.0;0;30;3.000;3.055;12.9;30;0;0;-8.6;0;0;0;0;0;98;0;0;1872;112.66;0;0;0;0;0;0;0;0;0;0;0;0;0;0;0;0;30;0;39.0;39.0;2;0;0.00;0.00;0.00;0.0;0.0
0.733;26;995;39;38805;0.5;15.400;1.048;29;69;9;0;100;101;100;108;100;109;100;47;47;0;1.857;1.857;0.000;0.000;14.700;1.000;6.2;0.0;0;29;3.000;2.871;12.9;50;0;0;-8.6;0;0;0;0;0;98;0;0;1872;112.88;0;0;0;0;0;0;0;0;0;0;0;0;0;0;0;0;29;0;39.0;39.0;2;0;0.00;0.00;0.00;0.0;0.0
0.798;26;984;39;38376;0.5;15.100;1.027;29;69;9;0;100;101;100;108;100;109;100;47;47;0;1.857;1.857;0.000;0.000;14.700;1.000;6.1;0.0;0;29;3.000;2.851;12.9;50;0;0;-8.6;0;0;0;0;0;98;0;0;1872;114.15;0;0;0;0;0;0;0;0;0;0;0;0;0;0;0;0;29;0;39.0;39.0;2;0;0.00;0.00;0.00;0.0;0.0
0.868;26;977;39;38103;0.5;15.600;1.061;29;69;9;0;100;101;100;108;100;109;100;47;47;0;1.881;1.881;0.000;0.000;14.700;1.000;6.1;0.0;0;29;3.000;3.134;12.7;-160;0;0;-8.6;0;0;0;0;0;98;0;0;1872;114.96;0;0;0;0;0;0;0;0;0;0;0;0;0;0;0;0;29;0;39.0;39.0;2;0;0.00;0.00;0.00;0.0;0.0
0.933;26;981;40;39240;0.5;15.700;1.068;29;69;9;0;100;101;100;108;100;109;100;47;47;0;1.890;1.890;0.000;0.000;14.700;1.000;6.2;0.0;0;29;3.000;3.139;12.7;20;0;0;-8.4;0;0;0;0;0;98;0;0;1872;114.50;0;0;0;0;0;0;0;0;0;0;0;0;0;0;0;0;29;0;40.0;40.0;2;0;0.00;0.00;0.00;0.0;0.0
0.933;26;977;39;38103;0.5;16.500;1.122;29;69;9;0;100;101;100;108;100;109;100;47;47;0;1.881;1.881;0.000;0.000;14.700;1.000;6.1;0.0;0;29;3.000;2.835;12.7;20;0;0;-8.6;0;0;0;0;0;98;0;0;1872;114.96;0;0;0;0;0;0;0;0;0;0;0;0;0;0;0;0;29;0;39.0;39.0;2;0;0.00;0.00;0.00;0.0;0.0
1.069;26;978;40;39120;0.5;16.600;1.129;29;69;9;0;100;101;100;108;100;109;100;47;47;0;1.890;1.890;0.000;0.000;14.700;1.000;6.2;0.0;0;29;3.000;2.835;12.7;10;0;0;-8.4;0;0;0;0;0;98;0;0;1872;114.85;0;0;0;0;0;0;0;0;0;0;0;0;0;0;0;0;29;0;40.0;40.0;2;0;0.00;0.00;0.00;0.0;0.0
1.134;26;969;39;37791;0.5;17.700;1.204;29;69;9;0;100;101;100;108;100;109;100;46;46;0;1.863;1.863;0.000;0.000;14.700;1.000;6.0;0.0;0;29;3.000;2.606;12.8;10;0;0;-8.6;0;0;0;0;0;98;0;0;1872;115.91;0;0;0;0;0;0;0;0;0;0;0;0;0;0;0;0;29;0;39.0;39.0;2;0;0.00;0.00;0.00;0.0;0.0
1.199;26;975;40;39000;0.5;17.600;1.197;29;69;9;0;100;101;100;108;100;109;100;47;47;0;1.878;1.878;0.000;0.000;14.700;1.000;6.1;0.0;0;29;3.000;3.087;12.8;-130;0;0;-8.4;0;0;0;0;0;98;0;0;1872;115.20;0;0;0;0;0;0;0;0;0;0;0;0;0;0;0;0;29;0;40.0;40.0;2;0;0.00;0.00;0.00;0.0;0.0
1.269;26;964;40;38560;0.5;18.100;1.231;29;69;9;0;100;101;100;108;100;109;100;47;47;0;1.878;1.878;0.000;0.000;14.700;1.000;6.0;0.0;0;29;3.000;2.517;12.8;40;0;0;-8.4;0;0;0;0;0;98;0;0;1872;116.51;0;0;0;0;0;0;0;0;0;0;0;0;0;0;0;0;29;0;40.0;40.0;2;0;0.00;0.00;0.00;0.0;0.0
1.337;26;966;40;38640;0.5;17.500;1.190;29;69;9;0;100;101;100;108;100;109;100;47;47;0;1.878;1.878;0.000;0.000;14.700;1.000;6.0;0.0;0;29;3.000;2.734;12.8;40;0;0;-8.4;0;0;0;0;0;98;0;0;1872;116.27;0;0;0;0;0;0;0;0;0;0;0;0;0;0;0;0;29;0;40.0;40.0;2;0;0.00;0.00;0.00;0.0;0.0
1.400;27;990;40;39600;0.5;18.300;1.245;29;69;9;0;100;101;100;108;100;109;100;47;47;0;1.878;1.878;0.000;0.000;14.700;1.000;6.2;0.0;0;29;3.000;3.104;12.8;-70;0;0;-8.4;0;0;0;0;0;98;0;0;1863;112.91;0;0;0;0;0;0;0;0;0;0;0;0;0;0;0;0;29;0;40.0;40.0;2;0;0.00;0.00;0.00;0.0;0.0
1.466;27;1002;39;39078;0.5;19.200;1.306;29;69;9;0;100;101;100;108;100;109;100;47;47;0;1.869;1.869;0.000;0.000;14.700;1.000;6.2;0.0;0;30;3.000;3.063;12.8;300;0;0;-8.6;0;0;0;0;0;98;0;0;1863;111.56;0;0;0;0;0;0;0;0;0;0;0;0;0;0;0;0;30;0;39.0;39.0;2;0;0.00;0.00;0.00;0.0;0.0
1.535;27;989;39;38571;0.5;17.800;1.211;29;69;9;0;100;101;100;108;100;109;100;47;47;0;1.869;1.869;0.000;0.000;14.700;1.000;6.2;0.0;0;30;3.000;2.841;12.8;300;0;0;-8.6;0;0;0;0;0;98;0;0;1863;113.02;0;0;0;0;0;0;0;0;0;0;0;0;0;0;0;0;30;0;39.0;39.0;2;0;0.00;0.00;0.00;0.0;0.0
1.601;27;970;40;38800;0.5;17.200;1.170;29;69;9;0;100;101;100;108;100;109;100;47;47;0;1.878;1.878;0.000;0.000;14.700;1.000;6.1;0.0;0;29;3.000;2.427;12.8;-150;0;0;-8.4;0;0;0;0;0;98;0;0;1863;115.24;0;0;0;0;0;0;0;0;0;0;0;0;0;0;0;0;29;0;40.0;40.0;2;0;0.00;0.00;0.00;0.0;0.0
1.666;27;970;40;38800;0.5;18.200;1.238;29;69;9;0;100;101;100;108;100;109;100;47;47;0;1.878;1.878;0.000;0.000;14.700;1.000;6.1;0.0;0;29;3.000;3.046;12.8;-160;0;0;-8.4;0;0;0;0;0;98;0;0;1863;115.24;0;0;0;0;0;0;0;0;0;0;0;0;0;0;0;0;29;0;40.0;40.0;2;0;0.00;0.00;0.00;0.0;0.0
1.732;27;960;40;38400;0.5;17.900;1.218;29;69;9;0;100;101;100;108;100;109;100;47;47;0;1.878;1.878;0.000;0.000;14.700;1.000;6.0;0.0;0;29;3.000;2.890;12.8;-160;0;0;-8.4;0;0;0;0;0;98;0;0;1863;116.44;0;0;0;0;0;0;0;0;0;0;0;0;0;0;0;0;29;0;40.0;40.0;2;0;0.00;0.00;0.00;0.0;0.0
1.802;27;967;40;38680;0.5;16.700;1.136;29;69;9;0;100;101;100;108;100;109;100;47;47;0;1.878;1.878;0.000;0.000;14.700;1.000;6.1;0.0;0;29;3.000;2.790;12.8;-50;0;0;-8.4;0;0;0;0;0;98;0;0;1863;115.59;0;0;0;0;0;0;0;0;0;0;0;0;0;0;0;0;29;0;40.0;40.0;2;0;0.00;0.00;0.00;0.0;0.0
1.867;27;951;40;38040;0.5;16.000;1.088;29;69;9;0;100;101;100;108;100;109;100;47;47;0;1.914;1.914;0.000;0.000;14.700;1.000;6.1;0.0;0;28;3.000;2.314;12.5;40;0;0;-8.4;0;0;0;0;0;98;0;0;1863;117.54;0;0;0;0;0;0;0;0;0;0;0;0;0;0;0;0;28;0;40.0;40.0;2;0;0.00;0.00;0.00;0.0;0.0
1.932;27;959;41;39319;0.5;15.000;1.020;29;69;9;0;100;101;100;108;100;109;100;48;48;0;1.931;1.931;0.000;0.000;14.700;1.000;6.2;0.0;0;29;3.000;2.983;12.5;40;0;0;-8.3;0;0;0;0;0;98;0;0;1863;116.56;0;0;0;0;0;0;0;0;0;0;0;0;0;0;0;0;29;0;41.0;41.0;2;0;0.00;0.00;0.00;0.0;0.0
2.002;27;961;40;38440;0.5;15.400;1.048;29;69;9;0;100;101;100;108;100;109;100;47;47;0;1.914;1.914;0.000;0.000;14.700;1.000;6.1;0.0;0;29;3.000;2.753;12.5;0;0;0;-8.4;0;0;0;0;0;98;0;0;1863;116.32;0;0;0;0;0;0;0;0;0;0;0;0;0;0;0;0;29;0;40.0;40.0;2;0;0.00;0.00;0.00;0.0;0.0
2.068;27;973;40;38920;0.5;16.200;1.102;29;69;9;0;100;101;100;108;100;109;100;47;47;0;1.914;1.914;0.000;0.000;14.700;1.000;6.2;0.0;0;29;3.000;2.842;12.5;90;0;0;-8.4;0;0;0;0;0;98;0;0;1863;114.88;0;0;0;0;0;0;0;0;0;0;0;0;0;0;0;0;29;0;40.0;40.0;2;0;0.00;0.00;0.00;0.0;0.0
2.134;27;974;40;38960;0.5;17.200;1.170;29;69;9;0;100;101;100;108;100;109;100;47;47;0;1.902;1.902;0.000;0.000;14.700;1.000;6.2;0.0;0;29;3.000;2.627;12.6;90;0;0;-8.4;0;0;0;0;0;98;0;0;1863;114.76;0;0;0;0;0;0;0;0;0;0;0;0;0;0;0;0;29;0;40.0;40.0;2;0;0.00;0.00;0.00;0.0;0.0
2.199;27;988;40;39520;0.5;15.500;1.054;29;69;9;0;100;101;100;108;100;109;100;47;47;0;1.902;1.902;0.000;0.000;14.700;1.000;6.3;0.0;0;29;3.000;3.127;12.6;10;0;0;-8.4;0;0;0;0;0;98;0;0;1863;113.14;0;0;0;0;0;0;0;0;0;0;0;0;0;0;0;0;29;0;40.0;40.0;2;0;0.00;0.00;0.00;0.0;0.0
2.268;27;1000;40;40000;0.5;15.800;1.075;29;69;9;0;100;101;100;108;100;109;100;48;48;0;1.910;1.910;0.000;0.000;14.700;1.000;6.4;0.0;0;30;3.000;3.355;12.6;260;0;0;-8.4;0;0;0;0;0;98;0;0;1863;111.78;0;0;0;0;0;0;0;0;0;0;0;0;0;0;0;0;30;0;40.0;40.0;2;0;0.00;0.00;0.00;0.0;0.0
2.334;27;1010;39;39390;0.5;18.900;1.286;29;69;9;0;100;101;100;108;100;109;100;47;47;0;1.893;1.893;0.000;0.000;14.700;1.000;6.4;0.0;0;30;3.000;2.939;12.6;260;0;0;-8.6;0;0;0;0;0;98;0;0;1863;110.67;0;0;0;0;0;0;0;0;0;0;0;0;0;0;0;0;30;0;39.0;39.0;2;0;0.00;0.00;0.00;0.0;0.0
2.399;28;1003;39;39117;0.5;19.000;1.293;29;69;9;0;100;101;100;108;100;109;100;47;47;0;1.881;1.881;0.000;0.000;14.700;1.000;6.3;0.0;0;30;3.000;3.096;12.7;-10;0;0;-8.6;0;0;0;0;0;98;0;0;1863;111.45;0;0;0;0;0;0;0;0;0;0;0;0;0;0;0;0;30;0;39.0;39.0;2;0;0.00;0.00;0.00;0.0;0.0
2.465;28;1007;39;39273;0.5;18.300;1.245;29;69;9;0;100;101;100;108;100;109;100;47;47;0;1.881;1.881;0.000;0.000;14.700;1.000;6.3;0.0;0;30;3.000;3.050;12.7;160;0;0;-8.6;0;0;0;0;0;98;0;0;1863;111.00;0;0;0;0;0;0;0;0;0;0;0;0;0;0;0;0;30;0;39.0;39.0;2;0;0.00;0.00;0.00;0.0;0.0
2.534;28;1027;39;40053;0.5;16.400;1.116;29;69;9;0;100;101;100;108;100;109;100;47;47;0;1.881;1.881;0.000;0.000;14.700;1.000;6.4;0.0;0;30;3.000;3.032;12.7;160;0;0;-8.6;0;0;0;0;0;98;0;0;1863;108.84;0;0;0;0;0;0;0;0;0;0;0;0;0;0;0;0;30;0;39.0;39.0;2;0;0.00;0.00;0.00;0.0;0.0
2.600;28;1020;38;38760;0.5;16.100;1.095;29;69;9;0;100;101;100;108;100;109;100;47;47;0;1.873;1.873;0.000;0.000;14.700;1.000;6.4;0.0;0;30;3.000;2.635;12.7;110;0;0;-8.7;0;0;0;0;0;98;0;0;1863;109.59;0;0;0;0;0;0;0;0;0;0;0;0;0;0;0;0;30;0;38.0;38.0;2;0;0.00;0.00;0.00;0.0;0.0
2.666;28;1036;38;39368;0.5;16.500;1.122;29;70;9;0;100;101;100;108;100;109;100;46;46;0;1.854;1.854;0.000;0.000;14.700;1.000;6.4;0.0;0;30;3.000;3.014;12.8;70;0;0;-8.7;0;0;0;0;0;98;0;0;1863;107.90;0;0;0;0;0;0;0;0;0;0;0;0;0;0;0;0;30;0;38.0;38.0;2;0;0.00;0.00;0.00;0.0;0.0
2.735;28;1037;38;39406;0.5;15.600;1.061;29;70;9;0;100;101;100;108;100;109;100;47;47;0;1.861;1.861;0.000;0.000;14.700;1.000;6.4;0.0;0;30;3.000;3.094;12.8;70;0;0;-8.7;0;0;0;0;0;98;0;0;1863;107.79;0;0;0;0;0;0;0;0;0;0;0;0;0;0;0;0;30;0;38.0;38.0;2;0;0.00;0.00;0.00;0.0;0.0
2.801;28;1035;38;39330;0.5;15.000;1.020;29;70;9;0;100;101;100;108;100;109;100;46;46;0;1.854;1.854;0.000;0.000;14.700;1.000;6.4;0.0;0;30;3.000;2.987;12.8;-20;0;0;-8.7;0;0;0;0;0;98;0;0;1863;108.00;0;0;0;0;0;0;0;0;0;0;0;0;0;0;0;0;30;0;38.0;38.0;2;0;0.00;0.00;0.00;0.0;0.0
2.867;28;1038;38;39444;0.5;14.700;1.000;29;70;9;0;100;101;100;108;100;109;100;46;46;0;1.878;1.878;0.000;0.000;14.700;1.000;6.5;0.0;0;30;3.000;3.072;12.6;70;0;0;-8.7;0;0;0;0;0;98;0;0;1863;107.69;0;0;0;0;0;0;0;0;0;0;0;0;0;0;0;0;30;0;38.0;38.0;2;0;0.00;0.00;0.00;0.0;0.0
2.932;28;1032;38;39216;0.5;14.200;0.966;29;70;9;0;100;101;100;108;100;109;100;46;46;0;1.878;1.878;0.000;0.000;14.700;1.000;6.5;0.0;0;30;3.000;2.921;12.6;70;0;0;-8.7;0;0;0;0;0;98;0;0;1863;108.31;0;0;0;0;0;0;0;0;0;0;0;0;0;0;0;0;30;0;38.0;38.0;2;0;0.00;0.00;0.00;0.0;0.0
2.997;28;1048;38;39824;0.5;13.700;0.932;29;70;9;0;100;101;100;108;100;109;100;47;47;0;1.885;1.885;0.000;0.000;14.700;1.000;6.6;0.0;0;30;3.000;3.056;12.6;50;0;0;-8.7;0;0;0;0;0;98;0;0;1863;106.66;0;0;0;0;0;0;0;0;0;0;0;0;0;0;0;0;30;0;38.0;38.0;2;0;0.00;0.00;0.00;0.0;0.0
3.067;28;1037;38;39406;0.5;13.500;0.918;29;70;9;0;100;101;100;108;100;109;100;47;47;0;1.885;1.885;0.000;0.000;14.700;1.000;6.5;0.0;0;30;3.000;2.628;12.6;50;0;0;-8.7;0;0;0;0;0;98;0;0;1863;107.79;0;0;0;0;0;0;0;0;0;0;0;0;0;0;0;0;30;0;38.0;38.0;2;0;0.00;0.00;0.00;0.0;0.0
3.133;28;1048;38;39824;0.5;13.600;0.925;29;70;9;0;100;101;100;108;100;109;100;47;47;0;1.873;1.873;0.000;0.000;14.700;1.000;6.5;0.0;0;30;3.000;3.026;12.7;-60;0;0;-8.7;0;0;0;0;0;98;0;0;1863;106.66;0;0;0;0;0;0;0;0;0;0;0;0;0;0;0;0;30;0;38.0;38.0;2;0;0.00;0.00;0.00;0.0;0.0
3.202;28;1058;38;40204;0.5;13.100;0.891;29;70;9;0;100;101;100;108;100;109;100;47;47;0;1.873;1.873;0.000;0.000;14.700;1.000;6.6;0.0;0;30;3.000;3.036;12.7;110;0;0;-8.7;0;0;0;0;0;98;0;0;1863;105.65;0;0;0;0;0;0;0;0;0;0;0;0;0;0;0;0;30;0;38.0;38.0;2;0;0.00;0.00;0.00;0.0;0.0
3.268;28;1059;37;39183;0.5;12.900;0.878;29;70;9;0;100;101;100;108;100;109;100;46;46;0;1.849;1.849;0.000;0.000;14.700;1.000;6.5;0.0;0;30;3.000;2.831;12.7;110;0;0;-8.8;0;0;0;0;0;98;0;0;1863;105.55;0;0;0;0;0;0;0;0;0;0;0;0;0;0;0;0;30;0;37.0;37.0;2;0;0.00;0.00;0.00;0.0;0.0
3.333;28;1066;38;40508;0.5;12.900;0.878;29;70;9;0;100;101;100;108;100;109;100;47;47;0;1.873;1.873;0.000;0.000;14.700;1.000;6.7;0.0;0;30;3.000;2.939;12.7;40;0;0;-8.7;0;0;0;0;0;98;0;0;1863;104.86;0;0;0;0;0;0;0;0;0;0;0;0;0;0;0;0;30;0;38.0;38.0;2;0;0.00;0.00;0.00;0.0;0.0
3.403;29;1062;37;39294;0.5;12.800;0.871;29;70;9;0;100;101;100;108;100;109;100;46;46;0;1.849;1.849;0.000;0.000;14.700;1.000;6.5;0.0;0;30;3.000;2.692;12.7;200;0;0;-8.8;0;0;0;0;0;98;0;0;1864;105.31;0;0;0;0;0;0;0;0;0;0;0;0;0;0;0;0;30;0;37.0;37.0;2;0;0.00;0.00;0.00;0.0;0.0
3.469;29;1058;37;39146;0.5;12.800;0.871;29;70;9;0;100;101;100;108;100;109;100;46;46;0;1.849;1.849;0.000;0.000;14.700;1.000;6.5;0.0;0;30;3.000;2.753;12.7;200;0;0;-8.8;0;0;0;0;0;98;0;0;1864;105.71;0;0;0;0;0;0;0;0;0;0;0;0;0;0;0;0;30;0;37.0;37.0;2;0;0.00;0.00;0.00;0.0;0.0
3.534;29;1071;37;39627;0.5;12.700;0.864;29;70;9;0;100;101;100;108;100;109;100;46;46;0;1.849;1.849;0.000;0.000;14.700;1.000;6.6;0.0;0;30;3.000;3.082;12.7;-90;0;0;-8.8;0;0;0;0;0;98;0;0;1864;104.43;0;0;0;0;0;0;0;0;0;0;0;0;0;0;0;0;30;0;37.0;37.0;2;0;0.00;0.00;0.00;0.0;0.0
3.599;29;1076;37;39812;0.5;12.200;0.830;29;70;9;0;100;101;100;108;100;109;100;46;46;0;1.849;1.849;0.000;0.000;14.700;1.000;6.6;0.0;0;31;3.000;2.962;12.7;100;0;0;-8.8;0;0;0;0;0;98;0;0;1864;103.94;0;0;0;0;0;0;0;0;0;0;0;0;0;0;0;0;31;0;37.0;37.0;2;0;0.00;0.00;0.00;0.0;0.0
3.665;29;1072;37;39664;0.5;12.000;0.816;29;70;9;0;100;101;100;108;100;109;100;46;46;0;1.837;1.837;0.000;0.000;14.700;1.000;6.6;0.0;0;30;3.000;2.896;12.8;100;0;0;-8.8;0;0;0;0;0;98;0;0;1864;104.33;0;0;0;0;0;0;0;0;0;0;0;0;0;0;0;0;30;0;37.0;37.0;2;0;0.00;0.00;0.00;0.0;0.0
3.735;29;1066;37;39442;0.5;12.100;0.823;29;70;9;0;100;101;100;108;100;109;100;46;46;0;1.837;1.837;0.000;0.000;14.700;1.000;6.5;0.0;0;30;3.000;2.778;12.8;-10;0;0;-8.8;0;0;0;0;0;98;0;0;1864;104.92;0;0;0;0;0;0;0;0;0;0;0;0;0;0;0;0;30;0;37.0;37.0;2;0;0.00;0.00;0.00;0.0;0.0
3.800;29;1070;37;39590;0.5;12.100;0.823;29;70;9;0;100;101;100;108;100;109;100;46;46;0;1.837;1.837;0.000;0.000;14.700;1.000;6.6;0.0;0;30;3.000;2.725;12.8;-20;0;0;-8.8;0;0;0;0;0;98;0;0;1864;104.52;0;0;0;0;0;0;0;0;0;0;0;0;0;0;0;0;30;0;37.0;37.0;2;0;0.00;0.00;0.00;0.0;0.0
3.870;29;1056;37;39072;0.5;11.800;0.803;29;70;9;0;100;101;100;108;100;109;100;46;46;0;1.837;1.837;0.000;0.000;14.700;1.000;6.5;0.0;0;30;3.000;2.778;12.8;-20;0;0;-8.8;0;0;0;0;0;98;0;0;1864;105.91;0;0;0;0;0;0;0;0;0;0;0;0;0;0;0;0;30;0;37.0;37.0;2;0;0.00;0.00;0.00;0.0;0.0
3.935;29;1054;37;38998;0.5;12.200;0.830;29;70;9;0;100;101;100;108;100;109;100;46;46;0;1.837;1.837;0.000;0.000;14.700;1.000;6.5;0.0;0;30;3.000;2.831;12.8;-140;0;0;-8.8;0;0;0;0;0;98;0;0;1864;106.11;0;0;0;0;0;0;0;0;0;0;0;0;0;0;0;0;30;0;37.0;37.0;2;0;0.00;0.00;0.00;0.0;0.0
3.935;29;1055;37;39035;0.5;12.700;0.864;29;70;9;0;100;101;100;108;100;109;100;46;46;0;1.837;1.837;0.000;0.000;14.700;1.000;6.5;0.0;0;30;3.000;2.904;12.8;-10;0;0;-8.8;0;0;0;0;0;98;0;0;1864;106.01;0;0;0;0;0;0;0;0;0;0;0;0;0;0;0;0;30;0;37.0;37.0;2;0;0.00;0.00;0.00;0.0;0.0
4.066;29;1045;37;38665;0.5;12.500;0.850;29;70;9;0;100;101;100;108;100;109;100;46;46;0;1.837;1.837;0.000;0.000;14.700;1.000;6.4;0.0;0;30;3.000;2.866;12.8;-10;0;0;-8.8;0;0;0;0;0;98;0;0;1864;107.02;0;0;0;0;0;0;0;0;0;0;0;0;0;0;0;0;30;0;37.0;37.0;2;0;0.00;0.00;0.00;0.0;0.0
4.132;29;1035;37;38295;0.5;12.800;0.871;29;70;9;0;100;101;100;108;100;109;100;46;46;0;1.837;1.837;0.000;0.000;14.700;1.000;6.3;0.0;0;30;3.000;2.747;12.8;-100;0;0;-8.8;0;0;0;0;0;98;0;0;1864;108.06;0;0;0;0;0;0;0;0;0;0;0;0;0;0;0;0;30;0;37.0;37.0;2;0;0.00;0.00;0.00;0.0;0.0
4.202;29;1030;37;38110;0.5;12.000;0.816;29;70;9;0;100;101;100;108;100;109;100;46;46;0;1.837;1.837;0.000;0.000;14.700;1.000;6.3;0.0;0;30;3.000;2.630;12.8;-150;0;0;-8.8;0;0;0;0;0;98;0;0;1864;108.58;0;0;0;0;0;0;0;0;0;0;0;0;0;0;0;0;30;0;37.0;37.0;2;0;0.00;0.00;0.00;0.0;0.0
4.267;29;1024;38;38912;0.5;12.800;0.871;29;70;9;0;100;101;100;108;100;109;100;46;46;0;1.854;1.854;0.000;0.000;14.700;1.000;6.3;0.0;0;30;3.000;2.739;12.8;-150;0;0;-8.7;0;0;0;0;0;98;0;0;1864;109.22;0;0;0;0;0;0;0;0;0;0;0;0;0;0;0;0;30;0;38.0;38.0;2;0;0.00;0.00;0.00;0.0;0.0
4.334;29;1008;38;38304;0.5;13.000;0.884;29;70;9;0;100;101;100;108;100;109;100;46;46;0;1.854;1.854;0.000;0.000;14.700;1.000;6.2;0.0;0;30;3.000;2.808;12.8;-60;0;0;-8.7;0;0;0;0;0;98;0;0;1864;110.95;0;0;0;0;0;0;0;0;0;0;0;0;0;0;0;0;30;0;38.0;38.0;2;0;0.00;0.00;0.00;0.0;0.0
4.402;30;991;38;37658;0.5;13.200;0.898;29;70;9;0;100;101;100;108;100;109;100;46;46;0;1.854;1.854;0.000;0.000;14.700;1.000;6.1;0.0;0;30;3.000;2.618;12.8;-330;0;0;-8.7;0;0;0;0;0;98;0;0;1863;112.80;0;0;0;0;0;0;0;0;0;0;0;0;0;0;0;0;30;0;38.0;38.0;2;0;0.00;0.00;0.00;0.0;0.0
4.468;30;975;39;38025;0.5;13.600;0.925;29;70;9;0;100;101;100;108;100;109;100;47;47;0;1.869;1.869;0.000;0.000;14.700;1.000;6.1;0.0;0;29;3.000;2.941;12.8;-330;0;0;-8.6;0;0;0;0;0;98;0;0;1863;114.65;0;0;0;0;0;0;0;0;0;0;0;0;0;0;0;0;29;0;39.0;39.0;2;0;0.00;0.00;0.00;0.0;0.0
4.533;30;977;39;38103;0.5;13.900;0.946;29;70;9;0;100;101;100;108;100;109;100;47;47;0;1.869;1.869;0.000;0.000;14.700;1.000;6.1;0.0;0;29;3.000;3.064;12.8;-180;0;0;-8.6;0;0;0;0;0;98;0;0;1863;114.41;0;0;0;0;0;0;0;0;0;0;0;0;0;0;0;0;29;0;39.0;39.0;2;0;0.00;0.00;0.00;0.0;0.0
4.603;30;960;40;38400;0.5;14.100;0.959;29;70;9;0;100;101;100;108;100;109;100;47;47;0;1.878;1.878;0.000;0.000;14.700;1.000;6.0;0.0;0;29;3.000;2.734;12.8;-70;0;0;-8.4;0;0;0;0;0;98;0;0;1863;116.44;0;0;0;0;0;0;0;0;0;0;0;0;0;0;0;0;29;0;40.0;40.0;2;0;0.00;0.00;0.00;0.0;0.0
4.668;30;947;40;37880;0.5;14.400;0.980;29;70;9;0;100;101;100;108;100;109;100;47;47;0;1.866;1.866;0.000;0.000;14.700;1.000;5.9;0.0;0;28;3.000;2.768;12.9;-70;0;0;-8.4;0;0;0;0;0;98;0;0;1863;118.04;0;0;0;0;0;0;0;0;0;0;0;0;0;0;0;0;28;0;40.0;40.0;2;0;0.00;0.00;0.00;0.0;0.0
4.734;30;945;41;38745;0.5;14.400;0.980;29;70;9;0;100;101;100;108;100;109;100;47;47;0;1.875;1.875;0.000;0.000;14.700;1.000;5.9;0.0;0;28;3.000;2.777;12.9;-190;0;0;-8.3;0;0;0;0;0;98;0;0;1863;118.29;0;0;0;0;0;0;0;0;0;0;0;0;0;0;0;0;28;0;41.0;41.0;2;0;0.00;0.00;0.00;0.0;0.0
4.799;30;941;41;38581;0.5;14.100;0.959;29;70;9;0;100;101;100;108;100;109;100;47;47;0;1.875;1.875;0.000;0.000;14.700;1.000;5.9;0.0;0;28;3.000;2.882;12.9;-60;0;0;-8.3;0;0;0;0;0;98;0;0;1863;118.79;0;0;0;0;0;0;0;0;0;0;0;0;0;0;0;0;28;0;41.0;41.0;2;0;0.00;0.00;0.00;0.0;0.0
4.865;30;939;41;38499;0.5;14.100;0.959;29;70;9;0;100;101;100;108;100;109;100;47;47;0;1.875;1.875;0.000;0.000;14.700;1.000;5.9;0.0;0;28;3.000;2.839;12.9;-60;0;0;-8.3;0;0;0;0;0;98;0;0;1863;119.04;0;0;0;0;0;0;0;0;0;0;0;0;0;0;0;0;28;0;41.0;41.0;2;0;0.00;0.00;0.00;0.0;0.0
4.865;30;929;41;38089;0.5;17.500;1.190;29;70;9;0;100;101;100;108;100;109;100;47;47;0;1.875;1.875;0.000;0.000;14.700;1.000;5.8;0.0;0;28;3.000;2.486;12.9;20;0;0;-8.3;0;0;0;0;0;98;0;0;1863;120.32;0;0;0;0;0;0;0;0;0;0;0;0;0;0;0;0;28;0;41.0;41.0;2;0;0.00;0.00;0.00;0.0;0.0
5.000;30;947;41;38827;0.5;19.300;1.313;29;70;9;0;100;101;100;108;100;109;100;47;47;0;1.875;1.875;0.000;0.000;14.700;1.000;5.9;0.0;0;28;3.000;3.227;12.9;40;0;0;-8.3;0;0;0;0;0;98;0;0;1863;118.04;0;0;0;0;0;0;0;0;0;0;0;0;0;0;0;0;28;0;41.0;41.0;2;0;0.00;0.00;0.00;0.0;0.0
5.066;30;955;41;39155;0.5;17.900;1.218;29;70;9;0;100;101;100;108;100;109;100;48;48;0;1.883;1.883;0.000;0.000;14.700;1.000;6.0;0.0;0;28;3.000;2.834;12.9;40;0;0;-8.3;0;0;0;0;0;98;0;0;1863;117.05;0;0;0;0;0;0;0;0;0;0;0;0;0;0;0;0;28;0;41.0;41.0;2;0;0.00;0.00;0.00;0.0;0.0
5.135;30;951;41;38991;0.5;19.400;1.320;29;70;9;0;100;101;100;108;100;109;100;48;48;0;1.883;1.883;0.000;0.000;14.700;1.000;6.0;0.0;0;28;3.000;2.627;12.9;100;0;0;-8.3;0;0;0;0;0;98;0;0;1863;117.54;0;0;0;0;0;0;0;0;0;0;0;0;0;0;0;0;28;0;41.0;41.0;2;0;0.00;0.00;0.00;0.0;0.0
5.135;30;955;40;38200;0.5;19.700;1.340;29;70;9;0;100;101;100;108;100;109;100;47;47;0;1.854;1.854;0.000;0.000;14.700;1.000;5.9;0.0;0;28;3.000;2.540;13.0;100;0;0;-8.4;0;0;0;0;0;98;0;0;1863;117.05;0;0;0;0;0;0;0;0;0;0;0;0;0;0;0;0;28;0;40.0;40.0;2;0;0.00;0.00;0.00;0.0;0.0
5.266;30;963;41;39483;0.5;19.600;1.333;29;70;9;0;100;101;100;108;100;109;100;48;48;0;1.871;1.871;0.000;0.000;14.700;1.000;6.0;0.0;0;29;3.000;2.813;13.0;-20;0;0;-8.3;0;0;0;0;0;98;0;0;1863;116.07;0;0;0;0;0;0;0;0;0;0;0;0;0;0;0;0;29;0;41.0;41.0;2;0;0.00;0.00;0.00;0.0;0.0
5.336;30;951;40;38040;0.5;19.700;1.340;29;70;9;0;100;101;100;108;100;109;100;47;47;0;1.854;1.854;0.000;0.000;14.700;1.000;5.9;0.0;0;28;3.000;2.499;13.0;-10;0;0;-8.4;0;0;0;0;0;98;0;0;1863;117.54;0;0;0;0;0;0;0;0;0;0;0;0;0;0;0;0;28;0;40.0;40.0;2;0;0.00;0.00;0.00;0.0;0.0
5.402;30;950;41;38950;0.5;19.700;1.340;29;70;9;0;100;101;100;108;100;109;100;48;48;0;1.871;1.871;0.000;0.000;14.700;1.000;5.9;0.0;0;28;3.000;2.963;13.0;-10;0;0;-8.3;0;0;0;0;0;98;0;0;1863;117.66;0;0;0;0;0;0;0;0;0;0;0;0;0;0;0;0;28;0;41.0;41.0;2;0;0.00;0.00;0.00;0.0;0.0
5.467;31;963;40;38520;0.5;19.400;1.320;29;70;9;0;100;101;100;108;100;109;100;47;47;0;1.854;1.854;0.000;0.000;14.700;1.000;6.0;0.0;0;29;3.000;3.328;13.0;-40;0;0;-8.4;0;0;0;0;0;98;0;0;1862;116.01;0;0;0;0;0;0;0;0;0;0;0;0;0;0;0;0;29;0;40.0;40.0;2;0;0.00;0.00;0.00;0.0;0.0
5.532;31;962;41;39442;0.5;19.600;1.333;29;70;9;0;100;101;100;108;100;109;100;48;48;0;1.871;1.871;0.000;0.000;14.700;1.000;6.0;0.0;0;29;3.000;2.728;13.0;170;0;0;-8.3;0;0;0;0;0;98;0;0;1862;116.13;0;0;0;0;0;0;0;0;0;0;0;0;0;0;0;0;29;0;41.0;41.0;2;0;0.00;0.00;0.00;0.0;0.0
5.602;31;938;41;38458;0.5;19.700;1.340;29;70;9;0;100;101;100;108;100;109;100;47;47;0;1.863;1.863;0.000;0.000;14.700;1.000;5.8;0.0;0;28;3.000;2.735;13.0;170;0;0;-8.3;0;0;0;0;0;98;0;0;1862;119.10;0;0;0;0;0;0;0;0;0;0;0;0;0;0;0;0;28;0;41.0;41.0;2;0;0.00;0.00;0.00;0.0;0.0
5.668;31;925;41;37925;0.5;19.700;1.340;29;70;9;0;100;101;100;108;100;109;100;47;47;0;1.863;1.863;0.000;0.000;14.700;1.000;5.7;0.0;0;28;3.000;2.673;13.0;-290;0;0;-8.3;0;0;0;0;0;98;0;0;1862;120.78;0;0;0;0;0;0;0;0;0;0;0;0;0;0;0;0;28;0;41.0;41.0;2;0;0.00;0.00;0.00;0.0;0.0
5.733;31;914;41;37474;0.5;19.700;1.340;29;70;9;0;100;101;100;108;100;109;100;47;47;0;1.863;1.863;0.000;0.000;14.700;1.000;5.7;0.0;0;27;3.000;2.664;13.0;-240;0;0;-8.3;0;0;0;0;0;98;0;0;1862;122.23;0;0;0;0;0;0;0;0;0;0;0;0;0;0;0;0;27;0;41.0;41.0;2;0;0.00;0.00;0.00;0.0;0.0
5.803;31;909;42;38178;0.5;19.700;1.340;29;70;9;0;100;101;100;108;100;109;100;48;48;0;1.888;1.888;0.000;0.000;14.700;1.000;5.7;0.0;0;27;3.000;2.921;13.0;-240;0;0;-8.1;0;0;0;0;0;98;0;0;1862;122.90;0;0;0;0;0;0;0;0;0;0;0;0;0;0;0;0;27;0;42.0;42.0;2;0;0.00;0.00;0.00;0.0;0.0
5.868;31;898;42;37716;0.5;19.700;1.340;29;70;9;0;100;101;100;108;100;109;100;47;47;0;1.879;1.879;0.000;0.000;14.700;1.000;5.6;0.0;0;27;3.000;2.722;13.0;-130;0;0;-8.1;0;0;0;0;0;98;0;0;1862;124.41;0;0;0;0;0;0;0;0;0;0;0;0;0;0;0;0;27;0;42.0;42.0;2;0;0.00;0.00;0.00;0.0;0.0
5.934;31;886;43;38098;0.5;19.700;1.340;29;70;9;0;100;101;100;108;100;109;100;48;48;0;1.909;1.909;0.000;0.000;14.700;1.000;5.6;0.0;0;27;3.000;2.876;12.9;-150;0;0;-8.0;0;0;0;0;0;98;0;0;1862;126.09;0;0;0;0;0;0;0;0;0;0;0;0;0;0;0;0;27;0;43.0;43.0;2;0;0.00;0.00;0.00;0.0;0.0
5.999;31;864;43;37152;0.5;19.700;1.340;29;70;9;0;100;101;100;108;100;109;100;48;48;0;1.909;1.909;0.000;0.000;14.700;1.000;5.5;0.0;0;26;3.000;2.590;12.9;-150;0;0;-8.0;0;0;0;0;0;98;0;0;1862;129.31;0;0;0;0;0;0;0;0;0;0;0;0;0;0;0;0;26;0;43.0;43.0;2;0;0.00;0.00;0.00;0.0;0.0
6.069;31;865;44;38060;0.5;19.700;1.340;29;70;9;0;100;101;100;108;100;109;100;48;48;0;1.918;1.918;0.000;0.000;14.700;1.000;5.5;0.0;0;26;3.000;2.868;12.9;-180;0;0;-7.8;0;0;0;0;0;98;0;0;1862;129.16;0;0;0;0;0;0;0;0;0;0;0;0;0;0;0;0;26;0;44.0;44.0;2;0;0.00;0.00;0.00;0.0;0.0
6.069;31;866;44;38104;0.5;19.700;1.340;29;70;9;0;100;101;100;108;100;109;100;48;48;0;1.918;1.918;0.000;0.000;14.700;1.000;5.5;0.0;0;26;3.000;3.094;12.9;-120;0;0;-7.8;0;0;0;0;0;98;0;0;1862;129.01;0;0;0;0;0;0;0;0;0;0;0;0;0;0;0;0;26;0;44.0;44.0;2;0;0.00;0.00;0.00;0.0;0.0
6.200;31;878;44;38632;0.5;19.700;1.340;29;70;9;0;100;101;100;108;100;109;100;48;48;0;1.918;1.918;0.000;0.000;14.700;1.000;5.6;0.0;0;27;3.000;3.343;12.9;-120;0;0;-7.8;0;0;0;0;0;98;0;0;1862;127.24;0;0;0;0;0;0;0;0;0;0;0;0;0;0;0;0;27;0;44.0;44.0;2;0;0.00;0.00;0.00;0.0;0.0
6.267;31;861;44;37884;0.5;19.700;1.340;29;70;9;0;100;101;100;108;100;109;100;48;48;0;1.918;1.918;0.000;0.000;14.700;1.000;5.5;0.0;0;26;3.000;2.537;12.9;220;0;0;-7.8;0;0;0;0;0;98;0;0;1862;129.76;0;0;0;0;0;0;0;0;0;0;0;0;0;0;0;0;26;0;44.0;44.0;2;0;0.00;0.00;0.00;0.0;0.0
6.335;31;853;44;37532;0.5;19.700;1.340;29;70;9;0;100;101;100;108;100;109;100;48;48;0;1.918;1.918;0.000;0.000;14.700;1.000;5.5;0.0;0;26;3.000;2.589;12.9;-220;0;0;-7.8;0;0;0;0;0;98;0;0;1862;130.97;0;0;0;0;0;0;0;0;0;0;0;0;0;0;0;0;26;0;44.0;44.0;2;0;0.00;0.00;0.00;0.0;0.0
6.401;31;857;44;37708;0.5;19.700;1.340;29;70;9;0;100;101;100;108;100;109;100;48;48;0;1.918;1.918;0.000;0.000;14.700;1.000;5.5;0.0;0;26;3.000;2.879;12.9;-220;0;0;-7.8;0;0;0;0;0;98;0;0;1862;130.36;0;0;0;0;0;0;0;0;0;0;0;0;0;0;0;0;26;0;44.0;44.0;2;0;0.00;0.00;0.00;0.0;0.0
6.467;32;864;45;38880;0.5;19.700;1.340;29;70;9;0;100;101;100;108;100;109;100;48;48;0;1.935;1.935;0.000;0.000;14.700;1.000;5.6;0.0;0;26;3.000;2.559;12.9;10;0;0;-7.7;0;0;0;0;0;98;0;0;1867;129.65;0;0;0;0;0;0;0;0;0;0;0;0;0;0;0;0;26;0;45.0;45.0;2;0;0.00;0.00;0.00;0.0;0.0
6.536;32;854;45;38430;0.5;19.700;1.340;29;70;9;0;100;101;100;108;100;109;100;48;48;0;1.935;1.935;0.000;0.000;14.700;1.000;5.5;0.0;0;26;3.000;2.594;12.9;-30;0;0;-7.7;0;0;0;0;0;98;0;0;1867;131.17;0;0;0;0;0;0;0;0;0;0;0;0;0;0;0;0;26;0;45.0;45.0;2;0;0.00;0.00;0.00;0.0;0.0
6.602;32;860;45;38700;0.5;19.700;1.340;29;70;9;0;100;101;100;108;100;109;100;48;48;0;1.935;1.935;0.000;0.000;14.700;1.000;5.5;0.0;0;26;3.000;2.870;12.9;-30;0;0;-7.7;0;0;0;0;0;98;0;0;1867;130.26;0;0;0;0;0;0;0;0;0;0;0;0;0;0;0;0;26;0;45.0;45.0;2;0;0.00;0.00;0.00;0.0;0.0
6.668;32;867;44;38148;0.5;19.700;1.340;29;70;9;0;100;101;100;108;100;109;100;48;48;0;1.918;1.918;0.000;0.000;14.700;1.000;5.5;0.0;0;26;3.000;3.180;12.9;60;0;0;-7.8;0;0;0;0;0;98;0;0;1867;129.20;0;0;0;0;0;0;0;0;0;0;0;0;0;0;0;0;26;0;44.0;44.0;2;0;0.00;0.00;0.00;0.0;0.0
6.733;32;879;44;38676;0.5;19.700;1.340;29;70;9;0;100;101;100;108;100;109;100;48;48;0;1.918;1.918;0.000;0.000;14.700;1.000;5.6;0.0;0;27;3.000;3.030;12.9;190;0;0;-7.8;0;0;0;0;0;98;0;0;1867;127.44;0;0;0;0;0;0;0;0;0;0;0;0;0;0;0;0;27;0;44.0;44.0;2;0;0.00;0.00;0.00;0.0;0.0
6.800;32;882;43;37926;0.5;19.700;1.340;29;70;9;0;100;101;100;108;100;109;100;48;48;0;1.909;1.909;0.000;0.000;14.700;1.000;5.6;0.0;0;27;3.000;2.583;12.9;190;0;0;-8.0;0;0;0;0;0;98;0;0;1867;127.01;0;0;0;0;0;0;0;0;0;0;0;0;0;0;0;0;27;0;43.0;43.0;2;0;0.00;0.00;0.00;0.0;0.0
6.868;32;899;43;38657;0.5;19.700;1.340;29;70;9;0;100;101;100;108;100;109;100;48;48;0;1.909;1.909;0.000;0.000;14.700;1.000;5.7;0.0;0;27;3.000;3.027;12.9;120;0;0;-8.0;0;0;0;0;0;98;0;0;1867;124.61;0;0;0;0;0;0;0;0;0;0;0;0;0;0;0;0;27;0;43.0;43.0;2;0;0.00;0.00;0.00;0.0;0.0
6.868;32;910;43;39130;0.5;19.700;1.340;29;70;9;0;100;101;100;108;100;109;100;48;48;0;1.909;1.909;0.000;0.000;14.700;1.000;5.8;0.0;0;28;3.000;3.032;12.9;190;0;0;-8.0;0;0;0;0;0;98;0;0;1867;123.10;0;0;0;0;0;0;0;0;0;0;0;0;0;0;0;0;28;0;43.0;43.0;2;0;0.00;0.00;0.00;0.0;0.0
6.999;32;919;43;39517;0.5;19.700;1.340;29;70;9;0;100;101;100;108;100;109;100;48;48;0;1.909;1.909;0.000;0.000;14.700;1.000;5.8;0.0;0;28;3.000;3.091;12.9;190;0;0;-8.0;0;0;0;0;0;98;0;0;1867;121.89;0;0;0;0;0;0;0;0;0;0;0;0;0;0;0;0;28;0;43.0;43.0;2;0;0.00;0.00;0.00;0.0;0.0
7.065;32;920;42;38640;0.5;19.700;1.340;29;70;9;0;100;101;100;108;100;109;100;48;48;0;1.900;1.900;0.000;0.000;14.700;1.000;5.8;0.0;0;28;3.000;2.752;12.9;160;0;0;-8.1;0;0;0;0;0;98;0;0;1867;121.76;0;0;0;0;0;0;0;0;0;0;0;0;0;0;0;0;28;0;42.0;42.0;2;0;0.00;0.00;0.00;0.0;0.0
7.134;32;920;42;38640;0.5;19.700;1.340;29;70;9;0;100;101;100;108;100;109;100;48;48;0;1.900;1.900;0.000;0.000;14.700;1.000;5.8;0.0;0;28;3.000;2.852;12.9;-60;0;0;-8.1;0;0;0;0;0;98;0;0;1867;121.76;0;0;0;0;0;0;0;0;0;0;0;0;0;0;0;0;28;0;42.0;42.0;2;0;0.00;0.00;0.00;0.0;0.0
7.200;32;926;41;37966;0.5;19.700;1.340;29;70;9;0;100;101;100;108;100;109;100;47;47;0;1.875;1.875;0.000;0.000;14.700;1.000;5.8;0.0;0;28;3.000;2.843;12.9;-60;0;0;-8.3;0;0;0;0;0;98;0;0;1867;120.97;0;0;0;0;0;0;0;0;0;0;0;0;0;0;0;0;28;0;41.0;41.0;2;0;0.00;0.00;0.00;0.0;0.0
7.273;32;944;41;38704;0.5;19.700;1.340;29;70;9;0;100;101;100;108;100;109;100;47;47;0;1.875;1.875;0.000;0.000;14.700;1.000;5.9;0.0;0;28;3.000;3.092;12.9;170;0;0;-8.3;0;0;0;0;0;98;0;0;1867;118.67;0;0;0;0;0;0;0;0;0;0;0;0;0;0;0;0;28;0;41.0;41.0;2;0;0.00;0.00;0.00;0.0;0.0
7.339;32;965;41;39565;0.5;19.700;1.340;29;70;9;0;100;101;100;108;100;109;100;48;48;0;1.883;1.883;0.000;0.000;14.700;1.000;6.1;0.0;0;29;3.000;2.914;12.9;280;0;0;-8.3;0;0;0;0;0;98;0;0;1867;116.08;0;0;0;0;0;0;0;0;0;0;0;0;0;0;0;0;29;0;41.0;41.0;2;0;0.00;0.00;0.00;0.0;0.0
7.405;32;972;41;39852;0.5;19.700;1.340;29;70;9;0;100;101;100;108;100;109;100;48;48;0;1.883;1.883;0.000;0.000;14.700;1.000;6.1;0.0;0;29;3.000;2.825;12.9;280;0;0;-8.3;0;0;0;0;0;98;0;0;1867;115.25;0;0;0;0;0;0;0;0;0;0;0;0;0;0;0;0;29;0;41.0;41.0;2;0;0.00;0.00;0.00;0.0;0.0
7.470;33;977;40;39080;0.5;19.700;1.340;29;70;9;0;100;101;100;108;100;109;100;47;47;0;1.866;1.866;0.000;0.000;14.700;1.000;6.1;0.0;0;29;3.000;3.188;12.9;30;0;0;-8.4;0;0;0;0;0;98;0;0;1870;114.84;0;0;0;0;0;0;0;0;0;0;0;0;0;0;0;0;29;0;40.0;40.0;2;0;0.00;0.00;0.00;0.0;0.0
7.535;33;986;40;39440;0.5;19.700;1.340;29;70;9;0;100;101;100;108;100;109;100;47;47;0;1.866;1.866;0.000;0.000;14.700;1.000;6.1;0.0;0;29;3.000;2.941;12.9;30;0;0;-8.4;0;0;0;0;0;98;0;0;1870;113.79;0;0;0;0;0;0;0;0;0;0;0;0;0;0;0;0;29;0;40.0;40.0;2;0;0.00;0.00;0.00;0.0;0.0
7.601;33;971;40;38840;0.5;19.600;1.333;29;70;9;0;100;101;100;108;100;109;100;47;47;0;1.866;1.866;0.000;0.000;14.700;1.000;6.0;0.0;0;29;3.000;2.687;12.9;180;0;0;-8.4;0;0;0;0;0;98;0;0;1870;115.55;0;0;0;0;0;0;0;0;0;0;0;0;0;0;0;0;29;0;40.0;40.0;2;0;0.00;0.00;0.00;0.0;0.0
7.667;33;959;40;38360;0.5;19.700;1.340;29;70;9;0;100;101;100;108;100;109;100;47;47;0;1.866;1.866;0.000;0.000;14.700;1.000;6.0;0.0;0;29;3.000;2.903;12.9;-140;0;0;-8.4;0;0;0;0;0;98;0;0;1870;117.00;0;0;0;0;0;0;0;0;0;0;0;0;0;0;0;0;29;0;40.0;40.0;2;0;0.00;0.00;0.00;0.0;0.0
7.736;33;944;40;37760;0.5;19.700;1.340;29;70;9;0;100;101;100;108;100;109;100;47;47;0;1.878;1.878;0.000;0.000;14.700;1.000;5.9;0.0;0;28;3.000;2.545;12.8;-140;0;0;-8.4;0;0;0;0;0;98;0;0;1870;118.86;0;0;0;0;0;0;0;0;0;0;0;0;0;0;0;0;28;0;40.0;40.0;2;0;0.00;0.00;0.00;0.0;0.0
7.802;33;945;40;37800;0.5;19.500;1.327;29;70;9;0;100;101;100;108;100;109;100;47;47;0;1.878;1.878;0.000;0.000;14.700;1.000;5.9;0.0;0;28;3.000;2.789;12.8;-280;0;0;-8.4;0;0;0;0;0;98;0;0;1870;118.73;0;0;0;0;0;0;0;0;0;0;0;0;0;0;0;0;28;0;40.0;40.0;2;0;0.00;0.00;0.00;0.0;0.0
7.868;33;951;41;38991;0.5;18.800;1.279;29;70;9;0;100;101;100;108;100;109;100;48;48;0;1.895;1.895;0.000;0.000;14.700;1.000;6.0;0.0;0;28;3.000;3.014;12.8;100;0;0;-8.3;0;0;0;0;0;98;0;0;1870;117.98;0;0;0;0;0;0;0;0;0;0;0;0;0;0;0;0;28;0;41.0;41.0;2;0;0.00;0.00;0.00;0.0;0.0
7.933;33;945;40;37800;0.5;18.100;1.231;29;70;9;0;100;101;100;108;100;109;100;47;47;0;1.878;1.878;0.000;0.000;14.700;1.000;5.9;0.0;0;28;3.000;2.657;12.8;100;0;0;-8.4;0;0;0;0;0;98;0;0;1870;118.73;0;0;0;0;0;0;0;0;0;0;0;0;0;0;0;0;28;0;40.0;40.0;2;0;0.00;0.00;0.00;0.0;0.0
8.002;33;961;41;39401;0.5;16.900;1.150;29;70;9;0;100;101;100;108;100;109;100;48;48;0;1.907;1.907;0.000;0.000;14.700;1.000;6.1;0.0;0;29;3.000;3.180;12.7;-90;0;0;-8.3;0;0;0;0;0;98;0;0;1870;116.75;0;0;0;0;0;0;0;0;0;0;0;0;0;0;0;0;29;0;41.0;41.0;2;0;0.00;0.00;0.00;0.0;0.0
8.068;33;960;40;38400;0.5;17.900;1.218;29;70;9;0;100;101;100;108;100;109;100;47;47;0;1.890;1.890;0.000;0.000;14.700;1.000;6.0;0.0;0;29;3.000;2.792;12.7;150;0;0;-8.4;0;0;0;0;0;98;0;0;1870;116.88;0;0;0;0;0;0;0;0;0;0;0;0;0;0;0;0;29;0;40.0;40.0;2;0;0.00;0.00;0.00;0.0;0.0
8.134;33;956;41;39196;0.5;18.400;1.252;29;70;9;0;100;101;100;108;100;109;100;48;48;0;1.907;1.907;0.000;0.000;14.700;1.000;6.1;0.0;0;28;3.000;2.606;12.7;150;0;0;-8.3;0;0;0;0;0;98;0;0;1870;117.36;0;0;0;0;0;0;0;0;0;0;0;0;0;0;0;0;28;0;41.0;41.0;2;0;0.00;0.00;0.00;0.0;0.0
8.199;33;952;40;38080;0.5;18.800;1.279;29;70;9;0;100;101;100;108;100;109;100;47;47;0;1.950;1.950;0.000;0.000;14.700;1.000;6.2;0.0;0;28;3.000;2.674;12.2;-20;0;0;-8.4;0;0;0;0;0;98;0;0;1870;117.86;0;0;0;0;0;0;0;0;0;0;0;0;0;0;0;0;28;0;40.0;40.0;2;0;0.00;0.00;0.00;0.0;0.0
8.271;33;963;40;38520;0.5;19.400;1.320;29;70;9;0;100;101;100;108;100;109;100;47;47;0;1.950;1.950;0.000;0.000;14.700;1.000;6.3;0.0;0;29;3.000;2.898;12.2;10;0;0;-8.4;0;0;0;0;0;98;0;0;1870;116.51;0;0;0;0;0;0;0;0;0;0;0;0;0;0;0;0;29;0;40.0;40.0;2;0;0.00;0.00;0.00;0.0;0.0
8.339;33;950;40;38000;0.5;19.300;1.313;29;70;9;0;100;101;100;108;100;109;100;47;47;0;1.950;1.950;0.000;0.000;14.700;1.000;6.2;0.0;0;28;3.000;2.510;12.2;10;0;0;-8.4;0;0;0;0;0;98;0;0;1870;118.11;0;0;0;0;0;0;0;0;0;0;0;0;0;0;0;0;28;0;40.0;40.0;2;0;0.00;0.00;0.00;0.0;0.0
8.404;33;961;40;38440;0.5;18.200;1.238;29;70;9;0;100;101;100;108;100;109;100;47;47;0;1.950;1.950;0.000;0.000;14.700;1.000;6.2;0.0;0;29;3.000;3.300;12.2;-90;0;0;-8.4;0;0;0;0;0;98;0;0;1870;116.75;0;0;0;0;0;0;0;0;0;0;0;0;0;0;0;0;29;0;40.0;40.0;2;0;0.00;0.00;0.00;0.0;0.0
8.469;34;975;40;39000;0.5;19.200;1.306;29;70;9;0;100;101;100;108;100;109;100;47;47;0;1.914;1.914;0.000;0.000;14.700;1.000;6.2;0.0;0;29;3.000;3.398;12.5;250;0;0;-8.4;0;0;0;0;0;98;0;0;1866;114.83;0;0;0;0;0;0;0;0;0;0;0;0;0;0;0;0;29;0;40.0;40.0;2;0;0.00;0.00;0.00;0.0;0.0
8.535;34;997;40;39880;0.5;18.300;1.245;29;70;9;0;100;101;100;108;100;109;100;47;47;0;1.914;1.914;0.000;0.000;14.700;1.000;6.4;0.0;0;29;3.000;3.076;12.5;250;0;0;-8.4;0;0;0;0;0;98;0;0;1866;112.30;0;0;0;0;0;0;0;0;0;0;0;0;0;0;0;0;29;0;40.0;40.0;2;0;0.00;0.00;0.00;0.0;0.0
8.601;34;995;40;39800;0.5;19.400;1.320;29;70;9;0;100;101;100;108;100;109;100;47;47;0;1.914;1.914;0.000;0.000;14.700;1.000;6.3;0.0;0;29;3.000;3.026;12.5;150;0;0;-8.4;0;0;0;0;0;98;0;0;1866;112.52;0;0;0;0;0;0;0;0;0;0;0;0;0;0;0;0;29;0;40.0;40.0;2;0;0.00;0.00;0.00;0.0;0.0
8.666;34;995;39;38805;0.5;18.800;1.279;29;70;9;0;100;101;100;108;100;109;100;47;47;0;1.905;1.905;0.000;0.000;14.700;1.000;6.3;0.0;0;29;3.000;2.872;12.5;50;0;0;-8.6;0;0;0;0;0;98;0;0;1866;112.52;0;0;0;0;0;0;0;0;0;0;0;0;0;0;0;0;29;0;39.0;39.0;2;0;0.00;0.00;0.00;0.0;0.0
8.735;34;1025;39;39975;0.5;17.300;1.177;29;70;9;0;100;101;100;108;100;109;100;47;47;0;1.881;1.881;0.000;0.000;14.700;1.000;6.4;0.0;0;30;3.000;3.026;12.7;50;0;0;-8.6;0;0;0;0;0;98;0;0;1866;109.23;0;0;0;0;0;0;0;0;0;0;0;0;0;0;0;0;30;0;39.0;39.0;2;0;0.00;0.00;0.00;0.0;0.0
8.802;34;1011;39;39429;0.5;16.300;1.109;29;70;9;0;100;101;100;108;100;109;100;47;47;0;1.881;1.881;0.000;0.000;14.700;1.000;6.3;0.0;0;30;3.000;2.589;12.7;320;0;0;-8.6;0;0;0;0;0;98;0;0;1866;110.74;0;0;0;0;0;0;0;0;0;0;0;0;0;0;0;0;30;0;39.0;39.0;2;0;0.00;0.00;0.00;0.0;0.0
8.867;34;1009;38;38342;0.5;16.800;1.143;29;70;9;0;100;101;100;108;100;109;100;46;46;0;1.866;1.866;0.000;0.000;14.700;1.000;6.3;0.0;0;30;3.000;2.860;12.7;-180;0;0;-8.7;0;0;0;0;0;98;0;0;1866;110.96;0;0;0;0;0;0;0;0;0;0;0;0;0;0;0;0;30;0;38.0;38.0;2;0;0.00;0.00;0.00;0.0;0.0
8.936;34;1017;38;38646;0.5;16.400;1.116;29;70;9;0;100;101;100;108;100;109;100;47;47;0;1.873;1.873;0.000;0.000;14.700;1.000;6.3;0.0;0;30;3.000;2.833;12.7;-180;0;0;-8.7;0;0;0;0;0;98;0;0;1866;110.09;0;0;0;0;0;0;0;0;0;0;0;0;0;0;0;0;30;0;38.0;38.0;2;0;0.00;0.00;0.00;0.0;0.0
9.002;34;1018;38;38684;0.5;15.900;1.082;29;70;9;0;100;101;100;108;100;109;100;47;47;0;1.873;1.873;0.000;0.000;14.700;1.000;6.4;0.0;0;30;3.000;2.937;12.7;50;0;0;-8.7;0;0;0;0;0;98;0;0;1866;109.98;0;0;0;0;0;0;0;0;0;0;0;0;0;0;0;0;30;0;38.0;38.0;2;0;0.00;0.00;0.00;0.0;0.0
9.067;34;1022;38;38836;0.5;15.800;1.075;29;70;9;0;100;101;100;108;100;109;100;46;46;0;1.866;1.866;0.000;0.000;14.700;1.000;6.4;0.0;0;30;3.000;2.948;12.7;80;0;0;-8.7;0;0;0;0;0;98;0;0;1866;109.55;0;0;0;0;0;0;0;0;0;0;0;0;0;0;0;0;30;0;38.0;38.0;2;0;0.00;0.00;0.00;0.0;0.0
9.133;34;1033;38;39254;0.5;14.800;1.007;29;70;9;0;100;101;100;108;100;109;100;46;46;0;1.866;1.866;0.000;0.000;14.700;1.000;6.4;0.0;0;30;3.000;3.110;12.7;80;0;0;-8.7;0;0;0;0;0;98;0;0;1866;108.38;0;0;0;0;0;0;0;0;0;0;0;0;0;0;0;0;30;0;38.0;38.0;2;0;0.00;0.00;0.00;0.0;0.0
9.198;34;1032;38;39216;0.5;13.800;0.939;29;70;9;0;100;101;100;108;100;109;100;46;46;0;1.866;1.866;0.000;0.000;14.700;1.000;6.4;0.0;0;30;3.000;3.113;12.7;90;0;0;-8.7;0;0;0;0;0;98;0;0;1866;108.49;0;0;0;0;0;0;0;0;0;0;0;0;0;0;0;0;30;0;38.0;38.0;2;0;0.00;0.00;0.00;0.0;0.0
9.264;34;1027;38;39026;0.5;13.600;0.925;29;70;9;0;100;101;100;108;100;109;100;46;46;0;1.878;1.878;0.000;0.000;14.700;1.000;6.4;0.0;0;30;3.000;2.662;12.6;90;0;0;-8.7;0;0;0;0;0;98;0;0;1866;109.02;0;0;0;0;0;0;0;0;0;0;0;0;0;0;0;0;30;0;38.0;38.0;2;0;0.00;0.00;0.00;0.0;0.0
9.334;34;1039;38;39482;0.5;13.100;0.891;29;70;9;0;100;101;100;108;100;109;100;47;47;0;1.885;1.885;0.000;0.000;14.700;1.000;6.5;0.0;0;30;3.000;3.002;12.6;-40;0;0;-8.7;0;0;0;0;0;98;0;0;1866;107.76;0;0;0;0;0;0;0;0;0;0;0;0;0;0;0;0;30;0;38.0;38.0;2;0;0.00;0.00;0.00;0.0;0.0
9.399;34;1051;38;39938;0.5;13.100;0.891;29;70;9;0;100;101;100;108;100;109;100;47;47;0;1.885;1.885;0.000;0.000;14.700;1.000;6.6;0.0;0;30;3.000;2.910;12.6;140;0;0;-8.7;0;0;0;0;0;98;0;0;1866;106.53;0;0;0;0;0;0;0;0;0;0;0;0;0;0;0;0;30;0;38.0;38.0;2;0;0.00;0.00;0.00;0.0;0.0
9.399;34;1062;37;39294;0.5;13.200;0.898;29;70;9;0;100;101;100;108;100;109;100;46;46;0;1.861;1.861;0.000;0.000;14.700;1.000;6.6;0.0;0;30;3.000;2.994;12.6;140;0;0;-8.8;0;0;0;0;0;98;0;0;1866;105.42;0;0;0;0;0;0;0;0;0;0;0;0;0;0;0;0;30;0;37.0;37.0;2;0;0.00;0.00;0.00;0.0;0.0
9.535;35;1054;38;40052;0.5;13.200;0.898;29;70;9;0;100;101;100;108;100;109;100;47;47;0;1.873;1.873;0.000;0.000;14.700;1.000;6.6;0.0;0;30;3.000;2.825;12.7;210;0;0;-8.7;0;0;0;0;0;98;0;0;1863;106.05;0;0;0;0;0;0;0;0;0;0;0;0;0;0;0;0;30;0;38.0;38.0;2;0;0.00;0.00;0.00;0.0;0.0
9.604;35;1050;37;38850;0.5;12.900;0.878;29;70;9;0;100;101;100;108;100;109;100;46;46;0;1.849;1.849;0.000;0.000;14.700;1.000;6.5;0.0;0;30;3.000;2.842;12.7;-90;0;0;-8.8;0;0;0;0;0;98;0;0;1863;106.46;0;0;0;0;0;0;0;0;0;0;0;0;0;0;0;0;30;0;37.0;37.0;2;0;0.00;0.00;0.00;0.0;0.0
9.669;35;1052;38;39976;0.5;12.500;0.850;29;70;9;0;100;101;100;108;100;109;100;47;47;0;1.873;1.873;0.000;0.000;14.700;1.000;6.6;0.0;0;30;3.000;2.802;12.7;-90;0;0;-8.7;0;0;0;0;0;98;0;0;1863;106.25;0;0;0;0;0;0;0;0;0;0;0;0;0;0;0;0;30;0;38.0;38.0;2;0;0.00;0.00;0.00;0.0;0.0
9.735;35;1037;37;38369;0.5;12.600;0.857;29;70;9;0;100;101;100;108;100;109;100;46;46;0;1.849;1.849;0.000;0.000;14.700;1.000;6.4;0.0;0;30;3.000;2.615;12.7;-10;0;0;-8.8;0;0;0;0;0;98;0;0;1863;107.79;0;0;0;0;0;0;0;0;0;0;0;0;0;0;0;0;30;0;37.0;37.0;2;0;0.00;0.00;0.00;0.0;0.0
9.801;35;1029;38;39102;0.5;12.900;0.878;29;70;9;0;100;101;100;108;100;109;100;47;47;0;1.873;1.873;0.000;0.000;14.700;1.000;6.4;0.0;0;30;3.000;2.676;12.7;-230;0;0;-8.7;0;0;0;0;0;98;0;0;1863;108.63;0;0;0;0;0;0;0;0;0;0;0;0;0;0;0;0;30;0;38.0;38.0;2;0;0.00;0.00;0.00;0.0;0.0
9.866;35;1037;38;39406;0.5;12.900;0.878;29;70;9;0;100;101;100;108;100;109;100;47;47;0;1.873;1.873;0.000;0.000;14.700;1.000;6.5;0.0;0;30;3.000;3.226;12.7;-230;0;0;-8.7;0;0;0;0;0;98;0;0;1863;107.79;0;0;0;0;0;0;0;0;0;0;0;0;0;0;0;0;30;0;38.0;38.0;2;0;0.00;0.00;0.00;0.0;0.0
9.935;35;1043;38;39634;0.5;12.500;0.850;29;70;9;0;100;101;100;108;100;109;100;47;47;0;1.873;1.873;0.000;0.000;14.700;1.000;6.5;0.0;0;30;3.000;2.918;12.7;80;0;0;-8.7;0;0;0;0;0;98;0;0;1863;107.17;0;0;0;0;0;0;0;0;0;0;0;0;0;0;0;0;30;0;38.0;38.0;2;0;0.00;0.00;0.00;0.0;0.0
10.001;35;1033;38;39254;0.5;11.700;0.796;29;70;9;0;100;101;100;108;100;109;100;46;46;0;1.866;1.866;0.000;0.000;14.700;1.000;6.4;0.0;0;30;3.000;2.885;12.7;0;0;0;-8.7;0;0;0;0;0;98;0;0;1863;108.21;0;0;0;0;0;0;0;0;0;0;0;0;0;0;0;0;30;0;38.0;38.0;2;0;0.00;0.00;0.00;0.0;0.0
10.067;35;1030;38;39140;0.5;11.900;0.810;29;70;9;0;100;101;100;108;100;109;100;46;46;0;1.866;1.866;0.000;0.000;14.700;1.000;6.4;0.0;0;30;3.000;2.695;12.7;0;0;0;-8.7;0;0;0;0;0;98;0;0;1863;108.52;0;0;0;0;0;0;0;0;0;0;0;0;0;0;0;0;30;0;38.0;38.0;2;0;0.00;0.00;0.00;0.0;0.0
10.136;35;1028;38;39064;0.5;12.500;0.850;29;70;9;0;100;101;100;108;100;109;100;47;47;0;1.873;1.873;0.000;0.000;14.700;1.000;6.4;0.0;0;30;3.000;2.767;12.7;-70;0;0;-8.7;0;0;0;0;0;98;0;0;1863;108.74;0;0;0;0;0;0;0;0;0;0;0;0;0;0;0;0;30;0;38.0;38.0;2;0;0.00;0.00;0.00;0.0;0.0
10.202;35;1005;38;38190;0.5;12.500;0.850;29;70;9;0;100;101;100;108;100;109;100;46;46;0;1.866;1.866;0.000;0.000;14.700;1.000;6.3;0.0;0;30;3.000;2.422;12.7;-250;0;0;-8.7;0;0;0;0;0;98;0;0;1863;111.22;0;0;0;0;0;0;0;0;0;0;0;0;0;0;0;0;30;0;38.0;38.0;2;0;0.00;0.00;0.00;0.0;0.0
10.267;35;1012;38;38456;0.5;12.500;0.850;29;70;9;0;100;101;100;108;100;109;100;46;46;0;1.938;1.938;0.000;0.000;14.700;1.000;6.5;0.0;0;30;3.000;2.928;12.1;-250;0;0;-8.7;0;0;0;0;0;98;0;0;1863;110.45;0;0;0;0;0;0;0;0;0;0;0;0;0;0;0;0;30;0;38.0;38.0;2;0;0.00;0.00;0.00;0.0;0.0
10.334;35;1012;38;38456;0.5;12.400;0.844;29;70;9;0;100;101;100;108;100;109;100;46;46;0;1.938;1.938;0.000;0.000;14.700;1.000;6.5;0.0;0;30;3.000;2.749;12.1;70;0;0;-8.7;0;0;0;0;0;98;0;0;1863;110.45;0;0;0;0;0;0;0;0;0;0;0;0;0;0;0;0;30;0;38.0;38.0;2;0;0.00;0.00;0.00;0.0;0.0
10.402;35;1011;38;38418;0.5;12.600;0.857;29;70;9;0;100;101;100;108;100;109;100;46;46;0;1.938;1.938;0.000;0.000;14.700;1.000;6.5;0.0;0;30;3.000;2.884;12.1;-10;0;0;-8.7;0;0;0;0;0;98;0;0;1863;110.56;0;0;0;0;0;0;0;0;0;0;0;0;0;0;0;0;30;0;38.0;38.0;2;0;0.00;0.00;0.00;0.0;0.0
10.468;35;1011;38;38418;0.5;12.500;0.850;29;70;9;0;100;101;100;108;100;109;100;46;46;0;1.938;1.938;0.000;0.000;14.700;1.000;6.5;0.0;0;30;3.000;2.944;12.1;-10;0;0;-8.7;0;0;0;0;0;98;0;0;1863;110.56;0;0;0;0;0;0;0;0;0;0;0;0;0;0;0;0;30;0;38.0;38.0;2;0;0.00;0.00;0.00;0.0;0.0
10.533;36;1018;38;38684;0.5;12.200;0.830;29;71;9;0;100;101;100;107;100;108;100;47;47;0;1.903;1.903;0.000;0.000;14.700;1.000;6.5;0.0;0;30;3.000;3.023;12.4;30;0;0;-8.7;0;0;0;0;0;98;0;0;1858;109.51;0;0;0;0;0;0;0;0;0;0;0;0;0;0;0;0;30;0;38.0;38.0;2;0;0.00;0.00;0.00;0.0;0.0
10.603;36;1027;38;39026;0.5;12.600;0.857;29;71;9;0;100;101;100;107;100;108;100;46;46;0;1.896;1.896;0.000;0.000;14.700;1.000;6.5;0.0;0;30;3.000;2.815;12.4;110;0;0;-8.7;0;0;0;0;0;98;0;0;1858;108.55;0;0;0;0;0;0;0;0;0;0;0;0;0;0;0;0;30;0;38.0;38.0;2;0;0.00;0.00;0.00;0.0;0.0
10.668;36;1023;38;38874;0.5;13.000;0.884;29;71;9;0;100;101;100;107;100;108;100;47;47;0;1.903;1.903;0.000;0.000;14.700;1.000;6.5;0.0;0;30;3.000;2.730;12.4;110;0;0;-8.7;0;0;0;0;0;98;0;0;1858;108.97;0;0;0;0;0;0;0;0;0;0;0;0;0;0;0;0;30;0;38.0;38.0;2;0;0.00;0.00;0.00;0.0;0.0
10.734;36;1042;38;39596;0.5;12.900;0.878;29;71;9;0;100;101;100;107;100;108;100;47;47;0;1.903;1.903;0.000;0.000;14.700;1.000;6.6;0.0;0;30;3.000;2.962;12.4;50;0;0;-8.7;0;0;0;0;0;98;0;0;1858;106.99;0;0;0;0;0;0;0;0;0;0;0;0;0;0;0;0;30;0;38.0;38.0;2;0;0.00;0.00;0.00;0.0;0.0
10.800;36;1038;38;39444;0.5;12.800;0.871;29;71;9;0;100;101;100;107;100;108;100;46;46;0;1.872;1.872;0.000;0.000;14.700;1.000;6.5;0.0;0;30;3.000;3.076;12.6;30;0;0;-8.7;0;0;0;0;0;98;0;0;1858;107.40;0;0;0;0;0;0;0;0;0;0;0;0;0;0;0;0;30;0;38.0;38.0;2;0;0.00;0.00;0.00;0.0;0.0
10.869;36;1046;38;39748;0.5;12.700;0.864;29;71;9;0;100;101;100;107;100;108;100;46;46;0;1.872;1.872;0.000;0.000;14.700;1.000;6.5;0.0;0;30;3.000;3.007;12.6;30;0;0;-8.7;0;0;0;0;0;98;0;0;1858;106.58;0;0;0;0;0;0;0;0;0;0;0;0;0;0;0;0;30;0;38.0;38.0;2;0;0.00;0.00;0.00;0.0;0.0
10.935;36;1055;37;39035;0.5;12.700;0.864;29;71;9;0;100;101;100;107;100;108;100;46;46;0;1.855;1.855;0.000;0.000;14.700;1.000;6.5;0.0;0;30;3.000;3.013;12.6;120;0;0;-8.8;0;0;0;0;0;98;0;0;1858;105.67;0;0;0;0;0;0;0;0;0;0;0;0;0;0;0;0;30;0;37.0;37.0;2;0;0.00;0.00;0.00;0.0;0.0
11.000;36;1050;37;38850;0.5;12.800;0.871;29;71;9;0;100;101;100;107;100;108;100;46;46;0;1.843;1.843;0.000;0.000;14.700;1.000;6.5;0.0;0;30;3.000;2.663;12.7;50;0;0;-8.8;0;0;0;0;0;98;0;0;1858;106.17;0;0;0;0;0;0;0;0;0;0;0;0;0;0;0;0;30;0;37.0;37.0;2;0;0.00;0.00;0.00;0.0;0.0
11.066;36;1050;38;39900;0.5;12.500;0.850;29;71;9;0;100;101;100;107;100;108;100;47;47;0;1.867;1.867;0.000;0.000;14.700;1.000;6.5;0.0;0;30;3.000;2.775;12.7;50;0;0;-8.7;0;0;0;0;0;98;0;0;1858;106.17;0;0;0;0;0;0;0;0;0;0;0;0;0;0;0;0;30;0;38.0;38.0;2;0;0.00;0.00;0.00;0.0;0.0
11.132;36;1053;37;38961;0.5;12.000;0.816;29;71;9;0;100;101;100;107;100;108;100;46;46;0;1.843;1.843;0.000;0.000;14.700;1.000;6.5;0.0;0;30;3.000;2.808;12.7;50;0;0;-8.8;0;0;0;0;0;98;0;0;1858;105.87;0;0;0;0;0;0;0;0;0;0;0;0;0;0;0;0;30;0;37.0;37.0;2;0;0.00;0.00;0.00;0.0;0.0
11.132;36;1071;37;39627;0.5;12.500;0.850;29;71;9;0;100;101;100;107;100;108;100;46;46;0;1.843;1.843;0.000;0.000;14.700;1.000;6.6;0.0;0;30;3.000;2.864;12.7;160;0;0;-8.8;0;0;0;0;0;98;0;0;1858;104.09;0;0;0;0;0;0;0;0;0;0;0;0;0;0;0;0;30;0;37.0;37.0;2;0;0.00;0.00;0.00;0.0;0.0
11.267;36;1059;37;39183;0.5;12.400;0.844;29;71;9;0;100;101;100;107;100;108;100;46;46;0;1.843;1.843;0.000;0.000;14.700;1.000;6.5;0.0;0;30;3.000;2.844;12.7;160;0;0;-8.8;0;0;0;0;0;98;0;0;1858;105.27;0;0;0;0;0;0;0;0;0;0;0;0;0;0;0;0;30;0;37.0;37.0;2;0;0.00;0.00;0.00;0.0;0.0
11.336;36;1048;37;38776;0.5;12.300;0.837;29;71;9;0;100;101;100;107;100;108;100;46;46;0;1.843;1.843;0.000;0.000;14.700;1.000;6.4;0.0;0;30;3.000;2.836;12.7;-110;0;0;-8.8;0;0;0;0;0;98;0;0;1858;106.37;0;0;0;0;0;0;0;0;0;0;0;0;0;0;0;0;30;0;37.0;37.0;2;0;0.00;0.00;0.00;0.0;0.0
11.402;36;1042;38;39596;0.5;12.000;0.816;29;71;9;0;100;101;100;107;100;108;100;47;47;0;1.867;1.867;0.000;0.000;14.700;1.000;6.5;0.0;0;30;3.000;2.813;12.7;-180;0;0;-8.7;0;0;0;0;0;98;0;0;1858;106.99;0;0;0;0;0;0;0;0;0;0;0;0;0;0;0;0;30;0;38.0;38.0;2;0;0.00;0.00;0.00;0.0;0.0
11.468;36;1037;37;38369;0.5;12.400;0.844;29;71;9;0;100;101;100;107;100;108;100;46;46;0;1.843;1.843;0.000;0.000;14.700;1.000;6.4;0.0;0;30;3.000;2.808;12.7;-180;0;0;-8.8;0;0;0;0;0;98;0;0;1858;107.50;0;0;0;0;0;0;0;0;0;0;0;0;0;0;0;0;30;0;37.0;37.0;2;0;0.00;0.00;0.00;0.0;0.0
11.533;37;1031;37;38147;0.5;12.900;0.878;29;71;9;0;100;101;100;107;100;108;100;46;46;0;1.879;1.879;0.000;0.000;14.700;1.000;6.5;0.0;0;30;3.000;2.810;12.4;-60;0;0;-8.8;0;0;0;0;0;98;0;0;1862;108.36;0;0;0;0;0;0;0;0;0;0;0;0;0;0;0;0;30;0;37.0;37.0;2;0;0.00;0.00;0.00;0.0;0.0
11.602;37;1015;38;38570;0.5;13.500;0.918;29;71;9;0;100;101;100;107;100;108;100;47;47;0;1.903;1.903;0.000;0.000;14.700;1.000;6.4;0.0;0;30;3.000;2.593;12.4;-60;0;0;-8.7;0;0;0;0;0;98;0;0;1862;110.07;0;0;0;0;0;0;0;0;0;0;0;0;0;0;0;0;30;0;38.0;38.0;2;0;0.00;0.00;0.00;0.0;0.0
11.668;37;1007;38;38266;0.5;13.300;0.905;29;71;9;0;100;101;100;107;100;108;100;46;46;0;1.896;1.896;0.000;0.000;14.700;1.000;6.4;0.0;0;30;3.000;2.840;12.4;-210;0;0;-8.7;0;0;0;0;0;98;0;0;1862;110.94;0;0;0;0;0;0;0;0;0;0;0;0;0;0;0;0;30;0;38.0;38.0;2;0;0.00;0.00;0.00;0.0;0.0
11.733;37;995;38;37810;0.5;12.900;0.878;29;71;9;0;100;101;100;107;100;108;100;46;46;0;1.896;1.896;0.000;0.000;14.700;1.000;6.3;0.0;0;30;3.000;2.884;12.4;-190;0;0;-8.7;0;0;0;0;0;98;0;0;1862;112.28;0;0;0;0;0;0;0;0;0;0;0;0;0;0;0;0;30;0;38.0;38.0;2;0;0.00;0.00;0.00;0.0;0.0
11.799;37;1002;39;39078;0.5;12.600;0.857;29;71;9;0;100;101;100;107;100;108;100;47;47;0;1.887;1.887;0.000;0.000;14.700;1.000;6.3;0.0;0;30;3.000;3.229;12.6;-190;0;0;-8.6;0;0;0;0;0;98;0;0;1862;111.50;0;0;0;0;0;0;0;0;0;0;0;0;0;0;0;0;30;0;39.0;39.0;2;0;0.00;0.00;0.00;0.0;0.0
11.869;37;1021;39;39819;0.5;12.600;0.857;29;71;9;0;100;101;100;107;100;108;100;47;47;0;1.887;1.887;0.000;0.000;14.700;1.000;6.4;0.0;0;30;3.000;3.151;12.6;70;0;0;-8.6;0;0;0;0;0;98;0;0;1862;109.42;0;0;0;0;0;0;0;0;0;0;0;0;0;0;0;0;30;0;39.0;39.0;2;0;0.00;0.00;0.00;0.0;0.0
11.934;37;1020;38;38760;0.5;12.700;0.864;29;71;9;0;100;101;100;107;100;108;100;47;47;0;1.879;1.879;0.000;0.000;14.700;1.000;6.4;0.0;0;30;3.000;2.657;12.6;230;0;0;-8.7;0;0;0;0;0;98;0;0;1862;109.53;0;0;0;0;0;0;0;0;0;0;0;0;0;0;0;0;30;0;38.0;38.0;2;0;0.00;0.00;0.00;0.0;0.0
12.000;37;1020;38;38760;0.5;12.800;0.871;29;71;9;0;100;101;100;107;100;108;100;47;47;0;1.879;1.879;0.000;0.000;14.700;1.000;6.4;0.0;0;30;3.000;2.825;12.6;230;0;0;-8.7;0;0;0;0;0;98;0;0;1862;109.53;0;0;0;0;0;0;0;0;0;0;0;0;0;0;0;0;30;0;38.0;38.0;2;0;0.00;0.00;0.00;0.0;0.0
12.069;37;1014;38;38532;0.5;12.900;0.878;29;71;9;0;100;101;100;107;100;108;100;46;46;0;1.860;1.860;0.000;0.000;14.700;1.000;6.3;0.0;0;30;3.000;2.619;12.7;-50;0;0;-8.7;0;0;0;0;0;98;0;0;1862;110.18;0;0;0;0;0;0;0;0;0;0;0;0;0;0;0;0;30;0;38.0;38.0;2;0;0.00;0.00;0.00;0.0;0.0
12.135;37;1018;38;38684;0.5;13.200;0.898;29;71;9;0;100;101;100;107;100;108;100;47;47;0;1.867;1.867;0.000;0.000;14.700;1.000;6.3;0.0;0;30;3.000;3.002;12.7;-20;0;0;-8.7;0;0;0;0;0;98;0;0;1862;109.74;0;0;0;0;0;0;0;0;0;0;0;0;0;0;0;0;30;0;38.0;38.0;2;0;0.00;0.00;0.00;0.0;0.0
12.200;37;1022;38;38836;0.5;12.800;0.871;29;71;9;0;100;101;100;107;100;108;100;46;46;0;1.860;1.860;0.000;0.000;14.700;1.000;6.3;0.0;0;30;3.000;2.927;12.7;-20;0;0;-8.7;0;0;0;0;0;98;0;0;1862;109.32;0;0;0;0;0;0;0;0;0;0;0;0;0;0;0;0;30;0;38.0;38.0;2;0;0.00;0.00;0.00;0.0;0.0
12.267;37;1026;38;38988;0.5;13.200;0.898;29;71;9;0;100;101;100;107;100;108;100;47;47;0;1.855;1.855;0.000;0.000;14.700;1.000;6.3;0.0;0;30;3.000;2.828;12.8;30;0;0;-8.7;0;0;0;0;0;98;0;0;1862;108.89;0;0;0;0;0;0;0;0;0;0;0;0;0;0;0;0;30;0;38.0;38.0;2;0;0.00;0.00;0.00;0.0;0.0
12.336;37;1023;38;38874;0.5;13.600;0.925;29;71;9;0;100;101;100;107;100;108;100;47;47;0;1.855;1.855;0.000;0.000;14.700;1.000;6.3;0.0;0;30;3.000;2.921;12.8;-10;0;0;-8.7;0;0;0;0;0;98;0;0;1862;109.21;0;0;0;0;0;0;0;0;0;0;0;0;0;0;0;0;30;0;38.0;38.0;2;0;0.00;0.00;0.00;0.0;0.0
12.401;37;1022;38;38836;0.5;13.000;0.884;29;71;9;0;100;101;100;107;100;108;100;46;46;0;1.848;1.848;0.000;0.000;14.700;1.000;6.3;0.0;0;30;3.000;2.747;12.8;-10;0;0;-8.7;0;0;0;0;0;98;0;0;1862;109.32;0;0;0;0;0;0;0;0;0;0;0;0;0;0;0;0;30;0;38.0;38.0;2;0;0.00;0.00;0.00;0.0;0.0
12.467;37;1029;38;39102;0.5;12.900;0.878;29;71;9;0;100;101;100;107;100;108;100;47;47;0;1.855;1.855;0.000;0.000;14.700;1.000;6.4;0.0;0;30;3.000;2.763;12.8;10;0;0;-8.7;0;0;0;0;0;98;0;0;1862;108.57;0;0;0;0;0;0;0;0;0;0;0;0;0;0;0;0;30;0;38.0;38.0;2;0;0.00;0.00;0.00;0.0;0.0
12.536;38;1021;38;38798;0.5;13.700;0.932;29;71;9;0;100;101;100;107;100;108;100;46;46;0;1.848;1.848;0.000;0.000;14.700;1.000;6.3;0.0;0;30;3.000;2.596;12.8;-10;0;0;-8.7;0;0;0;0;0;98;0;0;1865;109.60;0;0;0;0;0;0;0;0;0;0;0;0;0;0;0;0;30;0;38.0;38.0;2;0;0.00;0.00;0.00;0.0;0.0
12.602;38;1012;38;38456;0.5;13.400;0.912;29;71;9;0;100;101;100;107;100;108;100;46;46;0;1.848;1.848;0.000;0.000;14.700;1.000;6.2;0.0;0;30;3.000;2.699;12.8;-10;0;0;-8.7;0;0;0;0;0;98;0;0;1865;110.57;0;0;0;0;0;0;0;0;0;0;0;0;0;0;0;0;30;0;38.0;38.0;2;0;0.00;0.00;0.00;0.0;0.0
12.668;38;1006;38;38228;0.5;13.100;0.891;29;71;9;0;100;101;100;107;100;108;100;46;46;0;1.848;1.848;0.000;0.000;14.700;1.000;6.2;0.0;0;30;3.000;2.933;12.8;-90;0;0;-8.7;0;0;0;0;0;98;0;0;1865;111.23;0;0;0;0;0;0;0;0;0;0;0;0;0;0;0;0;30;0;38.0;38.0;2;0;0.00;0.00;0.00;0.0;0.0
12.733;38;1016;38;38608;0.5;13.200;0.898;29;71;9;0;100;101;100;107;100;108;100;46;46;0;1.848;1.848;0.000;0.000;14.700;1.000;6.3;0.0;0;30;3.000;2.896;12.8;40;0;0;-8.7;0;0;0;0;0;98;0;0;1865;110.14;0;0;0;0;0;0;0;0;0;0;0;0;0;0;0;0;30;0;38.0;38.0;2;0;0.00;0.00;0.00;0.0;0.0
12.733;38;1022;38;38836;0.5;13.400;0.912;29;71;9;0;100;101;100;107;100;108;100;46;46;0;1.884;1.884;0.000;0.000;14.700;1.000;6.4;0.0;0;30;3.000;2.940;12.5;40;0;0;-8.7;0;0;0;0;0;98;0;0;1865;109.49;0;0;0;0;0;0;0;0;0;0;0;0;0;0;0;0;30;0;38.0;38.0;2;0;0.00;0.00;0.00;0.0;0.0
12.872;38;1018;38;38684;0.5;14.000;0.952;29;71;9;0;100;101;100;107;100;108;100;47;47;0;1.891;1.891;0.000;0.000;14.700;1.000;6.4;0.0;0;30;3.000;2.826;12.5;40;0;0;-8.7;0;0;0;0;0;98;0;0;1865;109.92;0;0;0;0;0;0;0;0;0;0;0;0;0;0;0;0;30;0;38.0;38.0;2;0;0.00;0.00;0.00;0.0;0.0
12.938;38;1020;38;38760;0.5;14.300;0.973;29;71;9;0;100;101;100;107;100;108;100;47;47;0;1.891;1.891;0.000;0.000;14.700;1.000;6.4;0.0;0;30;3.000;2.792;12.5;0;0;0;-8.7;0;0;0;0;0;98;0;0;1865;109.71;0;0;0;0;0;0;0;0;0;0;0;0;0;0;0;0;30;0;38.0;38.0;2;0;0.00;0.00;0.00;0.0;0.0
13.003;38;1018;38;38684;0.5;13.900;0.946;29;71;9;0;100;101;100;107;100;108;100;47;47;0;1.891;1.891;0.000;0.000;14.700;1.000;6.4;0.0;0;30;3.000;2.712;12.5;0;0;0;-8.7;0;0;0;0;0;98;0;0;1865;109.92;0;0;0;0;0;0;0;0;0;0;0;0;0;0;0;0;30;0;38.0;38.0;2;0;0.00;0.00;0.00;0.0;0.0
13.003;38;1032;38;39216;0.5;13.800;0.939;29;71;9;0;100;101;100;107;100;108;100;46;46;0;1.860;1.860;0.000;0.000;14.700;1.000;6.4;0.0;0;30;3.000;2.801;12.7;50;0;0;-8.7;0;0;0;0;0;98;0;0;1865;108.43;0;0;0;0;0;0;0;0;0;0;0;0;0;0;0;0;30;0;38.0;38.0;2;0;0.00;0.00;0.00;0.0;0.0
13.134;38;1021;38;38798;0.5;13.700;0.932;29;71;9;0;100;101;100;107;100;108;100;46;46;0;1.860;1.860;0.000;0.000;14.700;1.000;6.3;0.0;0;30;3.000;2.687;12.7;-40;0;0;-8.7;0;0;0;0;0;98;0;0;1865;109.60;0;0;0;0;0;0;0;0;0;0;0;0;0;0;0;0;30;0;38.0;38.0;2;0;0.00;0.00;0.00;0.0;0.0
13.200;38;1025;38;38950;0.5;13.900;0.946;29;71;9;0;100;101;100;107;100;108;100;46;46;0;1.860;1.860;0.000;0.000;14.700;1.000;6.4;0.0;0;30;3.000;2.804;12.7;-40;0;0;-8.7;0;0;0;0;0;98;0;0;1865;109.17;0;0;0;0;0;0;0;0;0;0;0;0;0;0;0;0;30;0;38.0;38.0;2;0;0.00;0.00;0.00;0.0;0.0
13.274;38;1020;38;38760;0.5;14.200;0.966;29;71;9;0;100;101;100;107;100;108;100;47;47;0;1.867;1.867;0.000;0.000;14.700;1.000;6.3;0.0;0;30;3.000;2.896;12.7;-90;0;0;-8.7;0;0;0;0;0;98;0;0;1865;109.71;0;0;0;0;0;0;0;0;0;0;0;0;0;0;0;0;30;0;38.0;38.0;2;0;0.00;0.00;0.00;0.0;0.0
13.335;38;1012;38;38456;0.5;14.300;0.973;29;71;9;0;100;101;100;107;100;108;100;46;46;0;1.836;1.836;0.000;0.000;14.700;1.000;6.2;0.0;0;30;3.000;2.697;12.9;-10;0;0;-8.7;0;0;0;0;0;98;0;0;1865;110.57;0;0;0;0;0;0;0;0;0;0;0;0;0;0;0;0;30;0;38.0;38.0;2;0;0.00;0.00;0.00;0.0;0.0
13.405;38;1014;39;39546;0.5;14.100;0.959;29;71;9;0;100;101;100;107;100;108;100;47;47;0;1.851;1.851;0.000;0.000;14.700;1.000;6.3;0.0;0;30;3.000;2.743;12.9;-10;0;0;-8.6;0;0;0;0;0;98;0;0;1865;110.36;0;0;0;0;0;0;0;0;0;0;0;0;0;0;0;0;30;0;39.0;39.0;2;0;0.00;0.00;0.00;0.0;0.0
13.470;38;1003;38;38114;0.5;13.900;0.946;29;71;9;0;100;101;100;107;100;108;100;46;46;0;1.836;1.836;0.000;0.000;14.700;1.000;6.1;0.0;0;30;3.000;2.575;12.9;70;0;0;-8.7;0;0;0;0;0;98;0;0;1865;111.57;0;0;0;0;0;0;0;0;0;0;0;0;0;0;0;0;30;0;38.0;38.0;2;0;0.00;0.00;0.00;0.0;0.0
13.536;39;1015;39;39585;0.5;13.800;0.939;29;71;9;0;100;101;100;107;100;108;100;47;47;0;1.863;1.863;0.000;0.000;14.700;1.000;6.3;0.0;0;30;3.000;2.983;12.8;-30;0;0;-8.6;0;0;0;0;0;98;0;0;1863;110.13;0;0;0;0;0;0;0;0;0;0;0;0;0;0;0;0;30;0;39.0;39.0;2;0;0.00;0.00;0.00;0.0;0.0
13.536;39;1018;38;38684;0.5;13.300;0.905;29;71;9;0;100;101;100;107;100;108;100;47;47;0;1.855;1.855;0.000;0.000;14.700;1.000;6.3;0.0;0;30;3.000;2.723;12.8;-30;0;0;-8.7;0;0;0;0;0;98;0;0;1863;109.80;0;0;0;0;0;0;0;0;0;0;0;0;0;0;0;0;30;0;38.0;38.0;2;0;0.00;0.00;0.00;0.0;0.0
13.667;39;1010;38;38380;0.5;13.600;0.925;29;71;9;0;100;101;100;107;100;108;100;46;46;0;1.848;1.848;0.000;0.000;14.700;1.000;6.2;0.0;0;30;3.000;2.719;12.8;-30;0;0;-8.7;0;0;0;0;0;98;0;0;1863;110.67;0;0;0;0;0;0;0;0;0;0;0;0;0;0;0;0;30;0;38.0;38.0;2;0;0.00;0.00;0.00;0.0;0.0
13.667;39;1002;39;39078;0.5;13.200;0.898;29;71;9;0;100;101;100;107;100;108;100;47;47;0;1.863;1.863;0.000;0.000;14.700;1.000;6.2;0.0;0;30;3.000;2.900;12.8;-30;0;0;-8.6;0;0;0;0;0;98;0;0;1863;111.56;0;0;0;0;0;0;0;0;0;0;0;0;0;0;0;0;30;0;39.0;39.0;2;0;0.00;0.00;0.00;0.0;0.0
13.802;39;999;39;38961;0.5;13.200;0.898;29;71;9;0;100;101;100;107;100;108;100;47;47;0;1.851;1.851;0.000;0.000;14.700;1.000;6.2;0.0;0;29;3.000;2.625;12.9;-100;0;0;-8.6;0;0;0;0;0;98;0;0;1863;111.89;0;0;0;0;0;0;0;0;0;0;0;0;0;0;0;0;29;0;39.0;39.0;2;0;0.00;0.00;0.00;0.0;0.0
13.867;39;990;39;38610;0.5;13.200;0.898;29;71;9;0;100;101;100;107;100;108;100;47;47;0;1.851;1.851;0.000;0.000;14.700;1.000;6.1;0.0;0;30;3.000;2.907;12.9;-120;0;0;-8.6;0;0;0;0;0;98;0;0;1863;112.91;0;0;0;0;0;0;0;0;0;0;0;0;0;0;0;0;30;0;39.0;39.0;2;0;0.00;0.00;0.00;0.0;0.0
13.933;39;995;39;38805;0.5;13.300;0.905;29;71;9;0;100;101;100;107;100;108;100;47;47;0;1.851;1.851;0.000;0.000;14.700;1.000;6.1;0.0;0;29;3.000;2.819;12.9;-120;0;0;-8.6;0;0;0;0;0;98;0;0;1863;112.34;0;0;0;0;0;0;0;0;0;0;0;0;0;0;0;0;29;0;39.0;39.0;2;0;0.00;0.00;0.00;0.0;0.0
13.933;39;1008;39;39312;0.5;14.000;0.952;29;71;9;0;100;101;100;107;100;108;100;47;47;0;1.851;1.851;0.000;0.000;14.700;1.000;6.2;0.0;0;30;3.000;2.830;12.9;50;0;0;-8.6;0;0;0;0;0;98;0;0;1863;110.89;0;0;0;0;0;0;0;0;0;0;0;0;0;0;0;0;30;0;39.0;39.0;2;0;0.00;0.00;0.00;0.0;0.0
14.068;39;980;39;38220;0.5;14.200;0.966;29;71;9;0;100;101;100;107;100;108;100;47;47;0;1.851;1.851;0.000;0.000;14.700;1.000;6.0;0.0;0;29;3.000;2.317;12.9;50;0;0;-8.6;0;0;0;0;0;98;0;0;1863;114.06;0;0;0;0;0;0;0;0;0;0;0;0;0;0;0;0;29;0;39.0;39.0;2;0;0.00;0.00;0.00;0.0;0.0
14.134;39;985;39;38415;0.5;14.200;0.966;29;71;9;0;100;101;100;107;100;108;100;47;47;0;1.851;1.851;0.000;0.000;14.700;1.000;6.1;0.0;0;29;3.000;3.058;12.9;50;0;0;-8.6;0;0;0;0;0;98;0;0;1863;113.48;0;0;0;0;0;0;0;0;0;0;0;0;0;0;0;0;29;0;39.0;39.0;2;0;0.00;0.00;0.00;0.0;0.0
14.203;39;991;39;38649;0.5;14.400;0.980;29;71;9;0;100;101;100;107;100;108;100;47;47;0;1.851;1.851;0.000;0.000;14.700;1.000;6.1;0.0;0;29;3.000;2.824;12.9;-50;0;0;-8.6;0;0;0;0;0;98;0;0;1863;112.80;0;0;0;0;0;0;0;0;0;0;0;0;0;0;0;0;29;0;39.0;39.0;2;0;0.00;0.00;0.00;0.0;0.0
14.269;39;982;39;38298;0.5;14.400;0.980;29;71;9;0;100;101;100;107;100;108;100;47;47;0;1.851;1.851;0.000;0.000;14.700;1.000;6.1;0.0;0;30;3.000;2.778;12.9;-40;0;0;-8.6;0;0;0;0;0;98;0;0;1863;113.83;0;0;0;0;0;0;0;0;0;0;0;0;0;0;0;0;30;0;39.0;39.0;2;0;0.00;0.00;0.00;0.0;0.0
14.335;39;961;40;38440;0.5;14.600;0.993;29;71;9;0;100;101;100;107;100;108;100;47;47;0;1.860;1.860;0.000;0.000;14.700;1.000;6.0;0.0;0;29;3.000;2.133;12.9;-40;0;0;-8.4;0;0;0;0;0;98;0;0;1863;116.32;0;0;0;0;0;0;0;0;0;0;0;0;0;0;0;0;29;0;40.0;40.0;2;0;0.00;0.00;0.00;0.0;0.0
14.400;39;964;40;38560;0.5;14.400;0.980;29;71;9;0;100;101;100;107;100;108;100;47;47;0;1.860;1.860;0.000;0.000;14.700;1.000;6.0;0.0;0;29;3.000;2.885;12.9;-300;0;0;-8.4;0;0;0;0;0;98;0;0;1863;115.95;0;0;0;0;0;0;0;0;0;0;0;0;0;0;0;0;29;0;40.0;40.0;2;0;0.00;0.00;0.00;0.0;0.0
14.469;39;953;40;38120;0.5;16.400;1.116;29;71;9;0;100;101;100;107;100;108;100;47;47;0;1.860;1.860;0.000;0.000;14.700;1.000;5.9;0.0;0;28;3.000;2.775;12.9;-80;0;0;-8.4;0;0;0;0;0;98;0;0;1863;117.29;0;0;0;0;0;0;0;0;0;0;0;0;0;0;0;0;28;0;40.0;40.0;2;0;0.00;0.00;0.00;0.0;0.0
14.535;39;959;40;38360;0.5;17.200;1.170;29;71;9;0;100;101;100;107;100;108;100;47;47;0;1.860;1.860;0.000;0.000;14.700;1.000;5.9;0.0;0;29;3.000;3.093;12.9;-80;0;0;-8.4;0;0;0;0;0;98;0;0;1863;116.56;0;0;0;0;0;0;0;0;0;0;0;0;0;0;0;0;29;0;40.0;40.0;2;0;0.00;0.00;0.00;0.0;0.0
14.601;40;957;41;39237;0.5;17.400;1.184;29;71;9;0;100;101;100;107;100;108;100;48;48;0;1.876;1.876;0.000;0.000;14.700;1.000;6.0;0.0;0;28;3.000;2.896;12.9;-20;0;0;-8.3;0;0;0;0;0;98;0;0;1858;116.49;0;0;0;0;0;0;0;0;0;0;0;0;0;0;0;0;28;0;41.0;41.0;2;0;0.00;0.00;0.00;0.0;0.0
14.670;40;963;40;38520;0.5;19.100;1.299;29;71;9;0;100;101;100;107;100;108;100;47;47;0;1.860;1.860;0.000;0.000;14.700;1.000;6.0;0.0;0;29;3.000;2.872;12.9;120;0;0;-8.4;0;0;0;0;0;98;0;0;1858;115.76;0;0;0;0;0;0;0;0;0;0;0;0;0;0;0;0;29;0;40.0;40.0;2;0;0.00;0.00;0.00;0.0;0.0
14.736;40;953;41;39073;0.5;17.700;1.204;29;71;9;0;100;101;100;107;100;108;100;48;48;0;1.876;1.876;0.000;0.000;14.700;1.000;6.0;0.0;0;28;3.000;2.923;12.9;120;0;0;-8.3;0;0;0;0;0;98;0;0;1858;116.98;0;0;0;0;0;0;0;0;0;0;0;0;0;0;0;0;28;0;41.0;41.0;2;0;0.00;0.00;0.00;0.0;0.0
14.801;40;938;41;38458;0.5;18.500;1.259;29;71;9;0;100;101;100;107;100;108;100;47;47;0;1.868;1.868;0.000;0.000;14.700;1.000;5.8;0.0;0;28;3.000;2.679;12.9;-100;0;0;-8.3;0;0;0;0;0;98;0;0;1858;118.85;0;0;0;0;0;0;0;0;0;0;0;0;0;0;0;0;28;0;41.0;41.0;2;0;0.00;0.00;0.00;0.0;0.0
14.867;40;936;41;38376;0.5;17.500;1.190;29;71;9;0;100;101;100;107;100;108;100;47;47;0;1.868;1.868;0.000;0.000;14.700;1.000;5.8;0.0;0;28;3.000;2.825;12.9;-170;0;0;-8.3;0;0;0;0;0;98;0;0;1858;119.10;0;0;0;0;0;0;0;0;0;0;0;0;0;0;0;0;28;0;41.0;41.0;2;0;0.00;0.00;0.00;0.0;0.0
14.936;40;929;41;38089;0.5;19.200;1.306;29;71;9;0;100;101;100;107;100;108;100;47;47;0;1.868;1.868;0.000;0.000;14.700;1.000;5.8;0.0;0;28;3.000;2.566;12.9;-170;0;0;-8.3;0;0;0;0;0;98;0;0;1858;120.00;0;0;0;0;0;0;0;0;0;0;0;0;0;0;0;0;28;0;41.0;41.0;2;0;0.00;0.00;0.00;0.0;0.0
15.002;40;941;41;38581;0.5;19.700;1.340;29;71;9;0;100;101;100;107;100;108;100;47;47;0;1.868;1.868;0.000;0.000;14.700;1.000;5.9;0.0;0;28;3.000;3.060;12.9;10;0;0;-8.3;0;0;0;0;0;98;0;0;1858;118.47;0;0;0;0;0;0;0;0;0;0;0;0;0;0;0;0;28;0;41.0;41.0;2;0;0.00;0.00;0.00;0.0;0.0
15.068;40;937;41;38417;0.5;19.700;1.340;29;71;9;0;100;101;100;107;100;108;100;47;47;0;1.868;1.868;0.000;0.000;14.700;1.000;5.8;0.0;0;28;3.000;2.730;12.9;0;0;0;-8.3;0;0;0;0;0;98;0;0;1858;118.98;0;0;0;0;0;0;0;0;0;0;0;0;0;0;0;0;28;0;41.0;41.0;2;0;0.00;0.00;0.00;0.0;0.0
15.133;40;946;41;38786;0.5;19.700;1.340;29;71;9;0;100;101;100;107;100;108;100;47;47;0;1.868;1.868;0.000;0.000;14.700;1.000;5.9;0.0;0;28;3.000;2.826;12.9;0;0;0;-8.3;0;0;0;0;0;98;0;0;1858;117.84;0;0;0;0;0;0;0;0;0;0;0;0;0;0;0;0;28;0;41.0;41.0;2;0;0.00;0.00;0.00;0.0;0.0
15.199;40;945;41;38745;0.5;19.700;1.340;29;71;9;0;100;101;100;107;100;108;100;47;47;0;1.868;1.868;0.000;0.000;14.700;1.000;5.9;0.0;0;28;3.000;2.725;12.9;120;0;0;-8.3;0;0;0;0;0;98;0;0;1858;117.97;0;0;0;0;0;0;0;0;0;0;0;0;0;0;0;0;28;0;41.0;41.0;2;0;0.00;0.00;0.00;0.0;0.0
15.268;40;950;41;38950;0.5;19.700;1.340;29;71;9;0;100;101;100;107;100;108;100;48;48;0;1.876;1.876;0.000;0.000;14.700;1.000;5.9;0.0;0;28;3.000;2.798;12.9;10;0;0;-8.3;0;0;0;0;0;98;0;0;1858;117.35;0;0;0;0;0;0;0;0;0;0;0;0;0;0;0;0;28;0;41.0;41.0;2;0;0.00;0.00;0.00;0.0;0.0
15.333;40;932;41;38212;0.5;19.700;1.340;29;71;9;0;100;101;100;107;100;108;100;47;47;0;1.868;1.868;0.000;0.000;14.700;1.000;5.8;0.0;0;28;3.000;2.623;12.9;10;0;0;-8.3;0;0;0;0;0;98;0;0;1858;119.61;0;0;0;0;0;0;0;0;0;0;0;0;0;0;0;0;28;0;41.0;41.0;2;0;0.00;0.00;0.00;0.0;0.0
15.399;40;954;41;39114;0.5;19.700;1.340;29;71;9;0;100;101;100;107;100;108;100;48;48;0;1.876;1.876;0.000;0.000;14.700;1.000;6.0;0.0;0;28;3.000;3.277;12.9;-110;0;0;-8.3;0;0;0;0;0;98;0;0;1858;116.86;0;0;0;0;0;0;0;0;0;0;0;0;0;0;0;0;28;0;41.0;41.0;2;0;0.00;0.00;0.00;0.0;0.0
15.465;40;946;41;38786;0.5;19.600;1.333;29;71;9;0;100;101;100;107;100;108;100;47;47;0;1.868;1.868;0.000;0.000;14.700;1.000;5.9;0.0;0;28;3.000;2.523;12.9;70;0;0;-8.3;0;0;0;0;0;98;0;0;1858;117.84;0;0;0;0;0;0;0;0;0;0;0;0;0;0;0;0;28;0;41.0;41.0;2;0;0.00;0.00;0.00;0.0;0.0
15.535;40;948;41;38868;0.5;19.700;1.340;29;71;9;0;100;101;100;107;100;108;100;47;47;0;1.868;1.868;0.000;0.000;14.700;1.000;5.9;0.0;0;28;3.000;2.750;12.9;70;0;0;-8.3;0;0;0;0;0;98;0;0;1858;117.59;0;0;0;0;0;0;0;0;0;0;0;0;0;0;0;0;28;0;41.0;41.0;2;0;0.00;0.00;0.00;0.0;0.0
15.600;41;945;41;38745;0.5;19.700;1.340;29;71;9;0;100;101;100;107;100;108;100;47;47;0;1.868;1.868;0.000;0.000;14.700;1.000;5.9;0.0;0;28;3.000;2.610;12.9;-70;0;0;-8.3;0;0;0;0;0;98;0;0;1870;118.73;0;0;0;0;0;0;0;0;0;0;0;0;0;0;0;0;28;0;41.0;41.0;2;0;0.00;0.00;0.00;0.0;0.0
15.665;41;950;41;38950;0.5;19.700;1.340;29;71;9;0;100;101;100;107;100;108;100;48;48;0;1.876;1.876;0.000;0.000;14.700;1.000;5.9;0.0;0;28;3.000;2.902;12.9;-70;0;0;-8.3;0;0;0;0;0;98;0;0;1870;118.11;0;0;0;0;0;0;0;0;0;0;0;0;0;0;0;0;28;0;41.0;41.0;2;0;0.00;0.00;0.00;0.0;0.0
15.735;41;939;41;38499;0.5;19.400;1.320;29;71;9;0;100;101;100;107;100;108;100;47;47;0;1.868;1.868;0.000;0.000;14.700;1.000;5.8;0.0;0;28;3.000;2.781;12.9;110;0;0;-8.3;0;0;0;0;0;98;0;0;1870;119.49;0;0;0;0;0;0;0;0;0;0;0;0;0;0;0;0;28;0;41.0;41.0;2;0;0.00;0.00;0.00;0.0;0.0
15.800;41;948;41;38868;0.5;19.500;1.327;29;71;9;0;100;101;100;107;100;108;100;47;47;0;1.868;1.868;0.000;0.000;14.700;1.000;5.9;0.0;0;28;3.000;3.067;12.9;-80;0;0;-8.3;0;0;0;0;0;98;0;0;1870;118.35;0;0;0;0;0;0;0;0;0;0;0;0;0;0;0;0;28;0;41.0;41.0;2;0;0.00;0.00;0.00;0.0;0.0
15.866;41;929;41;38089;0.5;19.700;1.340;29;71;9;0;100;101;100;107;100;108;100;47;47;0;1.868;1.868;0.000;0.000;14.700;1.000;5.8;0.0;0;28;3.000;2.759;12.9;-80;0;0;-8.3;0;0;0;0;0;98;0;0;1870;120.78;0;0;0;0;0;0;0;0;0;0;0;0;0;0;0;0;28;0;41.0;41.0;2;0;0.00;0.00;0.00;0.0;0.0
15.936;41;943;41;38663;0.5;19.700;1.340;29;71;9;0;100;101;100;107;100;108;100;47;47;0;1.868;1.868;0.000;0.000;14.700;1.000;5.9;0.0;0;28;3.000;3.215;12.9;-130;0;0;-8.3;0;0;0;0;0;98;0;0;1870;118.98;0;0;0;0;0;0;0;0;0;0;0;0;0;0;0;0;28;0;41.0;41.0;2;0;0.00;0.00;0.00;0.0;0.0
16.001;41;961;41;39401;0.5;19.700;1.340;29;71;9;0;100;101;100;107;100;108;100;48;48;0;1.876;1.876;0.000;0.000;14.700;1.000;6.0;0.0;0;29;3.000;3.343;12.9;320;0;0;-8.3;0;0;0;0;0;98;0;0;1870;116.75;0;0;0;0;0;0;0;0;0;0;0;0;0;0;0;0;29;0;41.0;41.0;2;0;0.00;0.00;0.00;0.0;0.0
16.067;41;968;40;38720;0.5;19.700;1.340;29;71;9;0;100;101;100;107;100;108;100;47;47;0;1.860;1.860;0.000;0.000;14.700;1.000;6.0;0.0;0;29;3.000;3.002;12.9;320;0;0;-8.4;0;0;0;0;0;98;0;0;1870;115.91;0;0;0;0;0;0;0;0;0;0;0;0;0;0;0;0;29;0;40.0;40.0;2;0;0.00;0.00;0.00;0.0;0.0
16.136;41;973;40;38920;0.5;19.600;1.333;29;71;9;0;100;101;100;107;100;108;100;47;47;0;1.860;1.860;0.000;0.000;14.700;1.000;6.0;0.0;0;29;3.000;2.896;12.9;70;0;0;-8.4;0;0;0;0;0;98;0;0;1870;115.31;0;0;0;0;0;0;0;0;0;0;0;0;0;0;0;0;29;0;40.0;40.0;2;0;0.00;0.00;0.00;0.0;0.0
16.202;41;975;40;39000;0.5;19.000;1.293;29;71;9;0;100;101;100;107;100;108;100;47;47;0;1.860;1.860;0.000;0.000;14.700;1.000;6.0;0.0;0;29;3.000;2.707;12.9;180;0;0;-8.4;0;0;0;0;0;98;0;0;1870;115.08;0;0;0;0;0;0;0;0;0;0;0;0;0;0;0;0;29;0;40.0;40.0;2;0;0.00;0.00;0.00;0.0;0.0
16.271;41;978;40;39120;0.5;19.600;1.333;29;71;9;0;100;101;100;107;100;108;100;47;47;0;1.860;1.860;0.000;0.000;14.700;1.000;6.1;0.0;0;29;3.000;2.999;12.9;180;0;0;-8.4;0;0;0;0;0;98;0;0;1870;114.72;0;0;0;0;0;0;0;0;0;0;0;0;0;0;0;0;29;0;40.0;40.0;2;0;0.00;0.00;0.00;0.0;0.0
16.337;41;977;40;39080;0.5;19.600;1.333;29;71;9;0;100;101;100;107;100;108;100;47;47;0;1.860;1.860;0.000;0.000;14.700;1.000;6.1;0.0;0;29;3.000;2.802;12.9;-80;0;0;-8.4;0;0;0;0;0;98;0;0;1870;114.84;0;0;0;0;0;0;0;0;0;0;0;0;0;0;0;0;29;0;40.0;40.0;2;0;0.00;0.00;0.00;0.0;0.0
16.402;41;993;40;39720;0.5;19.700;1.340;29;71;9;0;100;101;100;107;100;108;100;47;47;0;1.860;1.860;0.000;0.000;14.700;1.000;6.2;0.0;0;29;3.000;2.995;12.9;70;0;0;-8.4;0;0;0;0;0;98;0;0;1870;112.99;0;0;0;0;0;0;0;0;0;0;0;0;0;0;0;0;29;0;40.0;40.0;2;0;0.00;0.00;0.00;0.0;0.0
16.468;41;974;40;38960;0.5;19.700;1.340;29;71;9;0;100;101;100;107;100;108;100;47;47;0;1.860;1.860;0.000;0.000;14.700;1.000;6.0;0.0;0;29;3.000;2.776;12.9;70;0;0;-8.4;0;0;0;0;0;98;0;0;1870;115.20;0;0;0;0;0;0;0;0;0;0;0;0;0;0;0;0;29;0;40.0;40.0;2;0;0.00;0.00;0.00;0.0;0.0
16.468;41;984;40;39360;0.5;18.800;1.279;29;71;9;0;100;101;100;107;100;108;100;47;47;0;1.860;1.860;0.000;0.000;14.700;1.000;6.1;0.0;0;29;3.000;2.730;12.9;-110;0;0;-8.4;0;0;0;0;0;98;0;0;1870;114.02;0;0;0;0;0;0;0;0;0;0;0;0;0;0;0;0;29;0;40.0;40.0;2;0;0.00;0.00;0.00;0.0;0.0
16.599;42;994;40;39760;0.5;17.300;1.177;29;71;9;0;100;101;100;107;100;108;100;47;47;0;1.896;1.896;0.000;0.000;14.700;1.000;6.3;0.0;0;29;3.000;2.992;12.6;130;0;0;-8.4;0;0;0;0;0;98;0;0;1870;112.88;0;0;0;0;0;0;0;0;0;0;0;0;0;0;0;0;29;0;40.0;40.0;2;0;0.00;0.00;0.00;0.0;0.0
16.669;42;990;40;39600;0.5;19.000;1.293;29;71;9;0;100;101;100;107;100;108;100;47;47;0;1.896;1.896;0.000;0.000;14.700;1.000;6.3;0.0;0;29;3.000;2.929;12.6;130;0;0;-8.4;0;0;0;0;0;98;0;0;1870;113.33;0;0;0;0;0;0;0;0;0;0;0;0;0;0;0;0;29;0;40.0;40.0;2;0;0.00;0.00;0.00;0.0;0.0
16.734;42;982;40;39280;0.5;18.000;1.224;29;71;9;0;100;101;100;107;100;108;100;47;47;0;1.896;1.896;0.000;0.000;14.700;1.000;6.2;0.0;0;29;3.000;3.161;12.6;-100;0;0;-8.4;0;0;0;0;0;98;0;0;1870;114.26;0;0;0;0;0;0;0;0;0;0;0;0;0;0;0;0;29;0;40.0;40.0;2;0;0.00;0.00;0.00;0.0;0.0
16.800;42;984;40;39360;0.5;16.800;1.143;29;71;9;0;100;101;100;107;100;108;100;47;47;0;1.896;1.896;0.000;0.000;14.700;1.000;6.2;0.0;0;29;3.000;2.870;12.6;60;0;0;-8.4;0;0;0;0;0;98;0;0;1870;114.02;0;0;0;0;0;0;0;0;0;0;0;0;0;0;0;0;29;0;40.0;40.0;2;0;0.00;0.00;0.00;0.0;0.0
16.866;42;984;40;39360;0.5;18.200;1.238;29;71;9;0;100;101;100;107;100;108;100;47;47;0;1.884;1.884;0.000;0.000;14.700;1.000;6.2;0.0;0;29;3.000;3.074;12.7;60;0;0;-8.4;0;0;0;0;0;98;0;0;1870;114.02;0;0;0;0;0;0;0;0;0;0;0;0;0;0;0;0;29;0;40.0;40.0;2;0;0.00;0.00;0.00;0.0;0.0
16.935;42;970;39;37830;0.5;18.300;1.245;29;71;9;0;100;101;100;107;100;108;100;46;46;0;1.869;1.869;0.000;0.000;14.700;1.000;6.0;0.0;0;29;3.000;2.548;12.7;10;0;0;-8.6;0;0;0;0;0;98;0;0;1870;115.67;0;0;0;0;0;0;0;0;0;0;0;0;0;0;0;0;29;0;39.0;39.0;2;0;0.00;0.00;0.00;0.0;0.0
17.000;42;966;40;38640;0.5;17.800;1.211;29;71;9;0;100;101;100;107;100;108;100;47;47;0;1.884;1.884;0.000;0.000;14.700;1.000;6.1;0.0;0;29;3.000;2.838;12.7;-180;0;0;-8.4;0;0;0;0;0;98;0;0;1870;116.15;0;0;0;0;0;0;0;0;0;0;0;0;0;0;0;0;29;0;40.0;40.0;2;0;0.00;0.00;0.00;0.0;0.0
17.070;42;969;40;38760;0.5;17.100;1.163;29;71;9;0;100;101;100;107;100;108;100;47;47;0;1.884;1.884;0.000;0.000;14.700;1.000;6.1;0.0;0;29;3.000;2.748;12.7;-180;0;0;-8.4;0;0;0;0;0;98;0;0;1870;115.79;0;0;0;0;0;0;0;0;0;0;0;0;0;0;0;0;29;0;40.0;40.0;2;0;0.00;0.00;0.00;0.0;0.0
17.136;42;976;40;39040;0.5;16.000;1.088;29;71;9;0;100;101;100;107;100;108;100;47;47;0;1.872;1.872;0.000;0.000;14.700;1.000;6.1;0.0;0;29;3.000;2.937;12.8;80;0;0;-8.4;0;0;0;0;0;98;0;0;1870;114.96;0;0;0;0;0;0;0;0;0;0;0;0;0;0;0;0;29;0;40.0;40.0;2;0;0.00;0.00;0.00;0.0;0.0
17.205;42;977;40;39080;0.5;18.800;1.279;29;71;9;0;100;101;100;107;100;108;100;47;47;0;1.872;1.872;0.000;0.000;14.700;1.000;6.1;0.0;0;29;3.000;2.601;12.8;-10;0;0;-8.4;0;0;0;0;0;98;0;0;1870;114.84;0;0;0;0;0;0;0;0;0;0;0;0;0;0;0;0;29;0;40.0;40.0;2;0;0.00;0.00;0.00;0.0;0.0
17.271;42;981;40;39240;0.5;18.800;1.279;29;71;9;0;100;101;100;107;100;108;100;47;47;0;1.872;1.872;0.000;0.000;14.700;1.000;6.1;0.0;0;29;3.000;3.048;12.8;-10;0;0;-8.4;0;0;0;0;0;98;0;0;1870;114.37;0;0;0;0;0;0;0;0;0;0;0;0;0;0;0;0;29;0;40.0;40.0;2;0;0.00;0.00;0.00;0.0;0.0
17.336;42;978;40;39120;0.5;17.500;1.190;29;71;9;0;100;101;100;107;100;108;100;47;47;0;1.872;1.872;0.000;0.000;14.700;1.000;6.1;0.0;0;29;3.000;3.006;12.8;-10;0;0;-8.4;0;0;0;0;0;98;0;0;1870;114.72;0;0;0;0;0;0;0;0;0;0;0;0;0;0;0;0;29;0;40.0;40.0;2;0;0.00;0.00;0.00;0.0;0.0
17.402;42;974;40;38960;0.5;16.600;1.129;29;71;9;0;100;101;100;107;100;108;100;47;47;0;1.872;1.872;0.000;0.000;14.700;1.000;6.1;0.0;0;29;3.000;2.644;12.8;20;0;0;-8.4;0;0;0;0;0;98;0;0;1870;115.20;0;0;0;0;0;0;0;0;0;0;0;0;0;0;0;0;29;0;40.0;40.0;2;0;0.00;0.00;0.00;0.0;0.0
17.402;42;970;40;38800;0.5;15.200;1.034;29;71;9;0;100;101;100;107;100;108;100;47;47;0;1.872;1.872;0.000;0.000;14.700;1.000;6.1;0.0;0;29;3.000;2.990;12.8;20;0;0;-8.4;0;0;0;0;0;98;0;0;1870;115.67;0;0;0;0;0;0;0;0;0;0;0;0;0;0;0;0;29;0;40.0;40.0;2;0;0.00;0.00;0.00;0.0;0.0
17.533;42;986;40;39440;0.5;15.600;1.061;29;71;9;0;100;101;100;107;100;108;100;47;47;0;1.872;1.872;0.000;0.000;14.700;1.000;6.2;0.0;0;29;3.000;3.160;12.8;0;0;0;-8.4;0;0;0;0;0;98;0;0;1870;113.79;0;0;0;0;0;0;0;0;0;0;0;0;0;0;0;0;29;0;40.0;40.0;2;0;0.00;0.00;0.00;0.0;0.0
17.599;43;981;40;39240;0.5;16.800;1.143;29;71;9;0;100;101;100;107;100;108;100;47;47;0;1.872;1.872;0.000;0.000;14.700;1.000;6.1;0.0;0;29;3.000;2.947;12.8;70;0;0;-8.4;0;0;0;0;0;98;0;0;1869;114.31;0;0;0;0;0;0;0;0;0;0;0;0;0;0;0;0;29;0;40.0;40.0;2;0;0.00;0.00;0.00;0.0;0.0
17.668;43;970;40;38800;0.5;17.100;1.163;29;71;9;0;100;101;100;107;100;108;100;47;47;0;1.872;1.872;0.000;0.000;14.700;1.000;6.1;0.0;0;29;3.000;3.002;12.8;70;0;0;-8.4;0;0;0;0;0;98;0;0;1869;115.61;0;0;0;0;0;0;0;0;0;0;0;0;0;0;0;0;29;0;40.0;40.0;2;0;0.00;0.00;0.00;0.0;0.0
17.737;43;969;40;38760;0.5;17.500;1.190;29;71;9;0;100;101;100;107;100;108;100;47;47;0;1.872;1.872;0.000;0.000;14.700;1.000;6.0;0.0;0;29;3.000;2.743;12.8;-60;0;0;-8.4;0;0;0;0;0;98;0;0;1869;115.73;0;0;0;0;0;0;0;0;0;0;0;0;0;0;0;0;29;0;40.0;40.0;2;0;0.00;0.00;0.00;0.0;0.0
17.803;43;959;40;38360;0.5;17.600;1.197;29;71;9;0;100;101;100;107;100;108;100;47;47;0;1.872;1.872;0.000;0.000;14.700;1.000;6.0;0.0;0;29;3.000;2.624;12.8;-160;0;0;-8.4;0;0;0;0;0;98;0;0;1869;116.93;0;0;0;0;0;0;0;0;0;0;0;0;0;0;0;0;29;0;40.0;40.0;2;0;0.00;0.00;0.00;0.0;0.0
17.803;43;965;40;38600;0.5;18.900;1.286;29;71;9;0;100;101;100;107;100;108;100;47;47;0;1.872;1.872;0.000;0.000;14.700;1.000;6.0;0.0;0;29;3.000;2.968;12.8;-160;0;0;-8.4;0;0;0;0;0;98;0;0;1869;116.21;0;0;0;0;0;0;0;0;0;0;0;0;0;0;0;0;29;0;40.0;40.0;2;0;0.00;0.00;0.00;0.0;0.0
17.934;43;972;40;38880;0.5;17.500;1.190;29;71;9;0;100;101;100;107;100;108;100;47;47;0;1.872;1.872;0.000;0.000;14.700;1.000;6.1;0.0;0;29;3.000;2.764;12.8;160;0;0;-8.4;0;0;0;0;0;98;0;0;1869;115.37;0;0;0;0;0;0;0;0;0;0;0;0;0;0;0;0;29;0;40.0;40.0;2;0;0.00;0.00;0.00;0.0;0.0
18.000;43;989;40;39560;0.5;16.100;1.095;29;71;9;0;100;101;100;107;100;108;100;47;47;0;1.872;1.872;0.000;0.000;14.700;1.000;6.2;0.0;0;29;3.000;3.079;12.8;160;0;0;-8.4;0;0;0;0;0;98;0;0;1869;113.39;0;0;0;0;0;0;0;0;0;0;0;0;0;0;0;0;29;0;40.0;40.0;2;0;0.00;0.00;0.00;0.0;0.0
18.069;43;986;40;39440;0.5;15.900;1.082;29;71;9;0;100;101;100;107;100;108;100;47;47;0;1.872;1.872;0.000;0.000;14.700;1.000;6.2;0.0;0;29;3.000;2.908;12.8;140;0;0;-8.4;0;0;0;0;0;98;0;0;1869;113.73;0;0;0;0;0;0;0;0;0;0;0;0;0;0;0;0;29;0;40.0;40.0;2;0;0.00;0.00;0.00;0.0;0.0
18.136;43;999;40;39960;0.5;16.000;1.088;29;71;9;0;100;101;100;107;100;108;100;47;47;0;1.872;1.872;0.000;0.000;14.700;1.000;6.2;0.0;0;29;3.000;3.049;12.8;0;0;0;-8.4;0;0;0;0;0;98;0;0;1869;112.25;0;0;0;0;0;0;0;0;0;0;0;0;0;0;0;0;29;0;40.0;40.0;2;0;0.00;0.00;0.00;0.0;0.0
18.201;43;999;40;39960;0.5;17.600;1.197;29;71;9;0;100;101;100;107;100;108;100;47;47;0;1.872;1.872;0.000;0.000;14.700;1.000;6.2;0.0;0;29;3.000;3.127;12.8;0;0;0;-8.4;0;0;0;0;0;98;0;0;1869;112.25;0;0;0;0;0;0;0;0;0;0;0;0;0;0;0;0;29;0;40.0;40.0;2;0;0.00;0.00;0.00;0.0;0.0
18.267;43;1005;39;39195;0.5;16.700;1.136;29;71;9;0;100;101;100;107;100;108;100;47;47;0;1.863;1.863;0.000;0.000;14.700;1.000;6.2;0.0;0;30;3.000;2.976;12.8;100;0;0;-8.6;0;0;0;0;0;98;0;0;1869;111.58;0;0;0;0;0;0;0;0;0;0;0;0;0;0;0;0;30;0;39.0;39.0;2;0;0.00;0.00;0.00;0.0;0.0
18.336;43;986;39;38454;0.5;17.800;1.211;29;71;9;0;100;101;100;107;100;108;100;47;47;0;1.863;1.863;0.000;0.000;14.700;1.000;6.1;0.0;0;29;3.000;2.921;12.8;-40;0;0;-8.6;0;0;0;0;0;98;0;0;1869;113.73;0;0;0;0;0;0;0;0;0;0;0;0;0;0;0;0;29;0;39.0;39.0;2;0;0.00;0.00;0.00;0.0;0.0
18.401;43;985;39;38415;0.5;18.600;1.265;29;71;9;0;100;101;100;107;100;108;100;47;47;0;1.863;1.863;0.000;0.000;14.700;1.000;6.1;0.0;0;29;3.000;2.891;12.8;-40;0;0;-8.6;0;0;0;0;0;98;0;0;1869;113.85;0;0;0;0;0;0;0;0;0;0;0;0;0;0;0;0;29;0;39.0;39.0;2;0;0.00;0.00;0.00;0.0;0.0
18.468;43;1005;40;40200;0.5;16.600;1.129;29;71;9;0;100;101;100;107;100;108;100;48;48;0;1.879;1.879;0.000;0.000;14.700;1.000;6.3;0.0;0;30;3.000;3.178;12.8;-100;0;0;-8.4;0;0;0;0;0;98;0;0;1869;111.58;0;0;0;0;0;0;0;0;0;0;0;0;0;0;0;0;30;0;40.0;40.0;2;0;0.00;0.00;0.00;0.0;0.0
18.533;43;993;39;38727;0.5;16.400;1.116;29;71;9;0;100;101;100;107;100;108;100;47;47;0;1.863;1.863;0.000;0.000;14.700;1.000;6.2;0.0;0;29;3.000;2.562;12.8;80;0;0;-8.6;0;0;0;0;0;98;0;0;1869;112.93;0;0;0;0;0;0;0;0;0;0;0;0;0;0;0;0;29;0;39.0;39.0;2;0;0.00;0.00;0.00;0.0;0.0
18.598;43;1014;39;39546;0.5;17.600;1.197;29;71;9;0;100;101;100;107;100;108;100;47;47;0;1.863;1.863;0.000;0.000;14.700;1.000;6.3;0.0;0;30;3.000;2.988;12.8;80;0;0;-8.6;0;0;0;0;0;98;0;0;1869;110.59;0;0;0;0;0;0;0;0;0;0;0;0;0;0;0;0;30;0;39.0;39.0;2;0;0.00;0.00;0.00;0.0;0.0
18.667;44;1009;39;39351;0.5;16.700;1.136;29;71;9;0;100;101;100;107;100;108;100;47;47;0;1.851;1.851;0.000;0.000;14.700;1.000;6.2;0.0;0;30;3.000;2.719;12.9;210;0;0;-8.6;0;0;0;0;0;98;0;0;1861;110.66;0;0;0;0;0;0;0;0;0;0;0;0;0;0;0;0;30;0;39.0;39.0;2;0;0.00;0.00;0.00;0.0;0.0
18.733;44;1008;39;39312;0.5;16.200;1.102;29;71;9;0;100;101;100;107;100;108;100;47;47;0;1.851;1.851;0.000;0.000;14.700;1.000;6.2;0.0;0;30;3.000;2.860;12.9;-50;0;0;-8.6;0;0;0;0;0;98;0;0;1861;110.77;0;0;0;0;0;0;0;0;0;0;0;0;0;0;0;0;30;0;39.0;39.0;2;0;0.00;0.00;0.00;0.0;0.0
18.802;44;995;39;38805;0.5;16.000;1.088;29;71;9;0;100;101;100;107;100;108;100;47;47;0;1.851;1.851;0.000;0.000;14.700;1.000;6.1;0.0;0;29;3.000;2.787;12.9;-50;0;0;-8.6;0;0;0;0;0;98;0;0;1861;112.22;0;0;0;0;0;0;0;0;0;0;0;0;0;0;0;0;29;0;39.0;39.0;2;0;0.00;0.00;0.00;0.0;0.0
18.868;44;1011;39;39429;0.5;15.200;1.034;29;71;9;0;100;101;100;107;100;108;100;47;47;0;1.851;1.851;0.000;0.000;14.700;1.000;6.2;0.0;0;30;3.000;3.118;12.9;-80;0;0;-8.6;0;0;0;0;0;98;0;0;1861;110.45;0;0;0;0;0;0;0;0;0;0;0;0;0;0;0;0;30;0;39.0;39.0;2;0;0.00;0.00;0.00;0.0;0.0
18.934;44;1011;39;39429;0.5;16.300;1.109;29;72;9;0;100;101;100;107;100;108;100;47;47;0;1.851;1.851;0.000;0.000;14.700;1.000;6.2;0.0;0;30;3.000;3.017;12.9;130;0;0;-8.6;0;0;0;0;0;98;0;0;1861;110.45;0;0;0;0;0;0;0;0;0;0;0;0;0;0;0;0;30;0;39.0;39.0;2;0;0.00;0.00;0.00;0.0;0.0
19.000;44;995;39;38805;0.5;16.600;1.129;29;72;9;0;100;101;100;107;100;108;100;47;47;0;1.851;1.851;0.000;0.000;14.700;1.000;6.1;0.0;0;29;3.000;2.440;12.9;130;0;0;-8.6;0;0;0;0;0;98;0;0;1861;112.22;0;0;0;0;0;0;0;0;0;0;0;0;0;0;0;0;29;0;39.0;39.0;2;0;0.00;0.00;0.00;0.0;0.0
19.069;44;998;39;38922;0.5;15.600;1.061;29;72;9;0;100;101;100;107;100;108;100;47;47;0;1.851;1.851;0.000;0.000;14.700;1.000;6.2;0.0;0;30;3.000;2.909;12.9;-140;0;0;-8.6;0;0;0;0;0;98;0;0;1861;111.88;0;0;0;0;0;0;0;0;0;0;0;0;0;0;0;0;30;0;39.0;39.0;2;0;0.00;0.00;0.00;0.0;0.0
19.134;44;988;39;38532;0.5;15.600;1.061;29;72;9;0;100;101;100;107;100;108;100;47;47;0;1.851;1.851;0.000;0.000;14.700;1.000;6.1;0.0;0;29;3.000;2.530;12.9;-120;0;0;-8.6;0;0;0;0;0;98;0;0;1861;113.02;0;0;0;0;0;0;0;0;0;0;0;0;0;0;0;0;29;0;39.0;39.0;2;0;0.00;0.00;0.00;0.0;0.0
19.200;44;996;39;38844;0.5;15.500;1.054;29;72;9;0;100;101;100;107;100;108;100;47;47;0;1.851;1.851;0.000;0.000;14.700;1.000;6.1;0.0;0;29;3.000;2.920;12.9;-120;0;0;-8.6;0;0;0;0;0;98;0;0;1861;112.11;0;0;0;0;0;0;0;0;0;0;0;0;0;0;0;0;29;0;39.0;39.0;2;0;0.00;0.00;0.00;0.0;0.0
19.269;44;991;39;38649;0.5;15.300;1.041;29;72;9;0;100;101;100;107;100;108;100;47;47;0;1.851;1.851;0.000;0.000;14.700;1.000;6.1;0.0;0;29;3.000;2.628;12.9;80;0;0;-8.6;0;0;0;0;0;98;0;0;1861;112.67;0;0;0;0;0;0;0;0;0;0;0;0;0;0;0;0;29;0;39.0;39.0;2;0;0.00;0.00;0.00;0.0;0.0
19.335;44;986;39;38454;0.5;15.600;1.061;29;72;9;0;100;101;100;107;100;108;100;47;47;0;1.851;1.851;0.000;0.000;14.700;1.000;6.1;0.0;0;29;3.000;2.920;12.9;-100;0;0;-8.6;0;0;0;0;0;98;0;0;1861;113.25;0;0;0;0;0;0;0;0;0;0;0;0;0;0;0;0;29;0;39.0;39.0;2;0;0.00;0.00;0.00;0.0;0.0
19.401;44;972;39;37908;0.5;16.400;1.116;29;72;9;0;100;101;100;107;100;108;100;46;46;0;1.869;1.869;0.000;0.000;14.700;1.000;6.1;0.0;0;29;3.000;2.738;12.7;-100;0;0;-8.6;0;0;0;0;0;98;0;0;1861;114.88;0;0;0;0;0;0;0;0;0;0;0;0;0;0;0;0;29;0;39.0;39.0;2;0;0.00;0.00;0.00;0.0;0.0
19.466;44;980;40;39200;0.5;16.500;1.122;29;72;9;0;100;101;100;107;100;108;100;47;47;0;1.884;1.884;0.000;0.000;14.700;1.000;6.2;0.0;0;29;3.000;2.876;12.7;-60;0;0;-8.4;0;0;0;0;0;98;0;0;1861;113.94;0;0;0;0;0;0;0;0;0;0;0;0;0;0;0;0;29;0;40.0;40.0;2;0;0.00;0.00;0.00;0.0;0.0
19.533;44;972;40;38880;0.5;16.300;1.109;29;72;9;0;100;101;100;107;100;108;100;47;47;0;1.884;1.884;0.000;0.000;14.700;1.000;6.1;0.0;0;29;3.000;2.939;12.7;-80;0;0;-8.4;0;0;0;0;0;98;0;0;1861;114.88;0;0;0;0;0;0;0;0;0;0;0;0;0;0;0;0;29;0;40.0;40.0;2;0;0.00;0.00;0.00;0.0;0.0
19.601;44;977;40;39080;0.5;16.100;1.095;29;72;9;0;100;101;100;107;100;108;100;47;47;0;1.884;1.884;0.000;0.000;14.700;1.000;6.1;0.0;0;29;3.000;3.224;12.7;-80;0;0;-8.4;0;0;0;0;0;98;0;0;1861;114.29;0;0;0;0;0;0;0;0;0;0;0;0;0;0;0;0;29;0;40.0;40.0;2;0;0.00;0.00;0.00;0.0;0.0
19.667;45;975;40;39000;0.5;16.300;1.109;29;72;9;0;100;101;100;107;100;108;100;47;47;0;1.884;1.884;0.000;0.000;14.700;1.000;6.1;0.0;0;29;3.000;2.953;12.7;40;0;0;-8.4;0;0;0;0;0;98;0;0;1865;114.77;0;0;0;0;0;0;0;0;0;0;0;0;0;0;0;0;29;0;40.0;40.0;2;0;0.00;0.00;0.00;0.0;0.0
19.732;45;975;40;39000;0.5;17.300;1.177;29;72;9;0;100;101;100;107;100;108;100;47;47;0;1.884;1.884;0.000;0.000;14.700;1.000;6.1;0.0;0;29;3.000;2.917;12.7;-10;0;0;-8.4;0;0;0;0;0;98;0;0;1865;114.77;0;0;0;0;0;0;0;0;0;0;0;0;0;0;0;0;29;0;40.0;40.0;2;0;0.00;0.00;0.00;0.0;0.0
19.799;45;985;40;39400;0.5;17.900;1.218;29;72;9;0;100;101;100;107;100;108;100;47;47;0;1.884;1.884;0.000;0.000;14.700;1.000;6.2;0.0;0;29;3.000;2.911;12.7;-10;0;0;-8.4;0;0;0;0;0;98;0;0;1865;113.60;0;0;0;0;0;0;0;0;0;0;0;0;0;0;0;0;29;0;40.0;40.0;2;0;0.00;0.00;0.00;0.0;0.0
19.867;45;980;40;39200;0.5;18.500;1.259;29;72;9;0;100;101;100;107;100;108;100;47;47;0;1.884;1.884;0.000;0.000;14.700;1.000;6.2;0.0;0;29;3.000;2.665;12.7;140;0;0;-8.4;0;0;0;0;0;98;0;0;1865;114.18;0;0;0;0;0;0;0;0;0;0;0;0;0;0;0;0;29;0;40.0;40.0;2;0;0.00;0.00;0.00;0.0;0.0
19.934;45;995;40;39800;0.5;18.200;1.238;29;72;9;0;100;101;100;107;100;108;100;47;47;0;1.884;1.884;0.000;0.000;14.700;1.000;6.2;0.0;0;29;3.000;3.055;12.7;140;0;0;-8.4;0;0;0;0;0;98;0;0;1865;112.46;0;0;0;0;0;0;0;0;0;0;0;0;0;0;0;0;29;0;40.0;40.0;2;0;0.00;0.00;0.00;0.0;0.0
20.002;45;1006;39;39234;0.5;18.900;1.286;29;72;9;0;100;101;100;107;100;108;100;47;47;0;1.875;1.875;0.000;0.000;14.700;1.000;6.3;0.0;0;30;3.000;2.979;12.7;60;0;0;-8.6;0;0;0;0;0;98;0;0;1865;111.23;0;0;0;0;0;0;0;0;0;0;0;0;0;0;0;0;30;0;39.0;39.0;2;0;0.00;0.00;0.00;0.0;0.0
20.069;45;1011;39;39429;0.5;19.200;1.306;29;72;9;0;100;101;100;107;100;108;100;47;47;0;1.875;1.875;0.000;0.000;14.700;1.000;6.3;0.0;0;30;3.000;2.951;12.7;130;0;0;-8.6;0;0;0;0;0;98;0;0;1865;110.68;0;0;0;0;0;0;0;0;0;0;0;0;0;0;0;0;30;0;39.0;39.0;2;0;0.00;0.00;0.00;0.0;0.0
20.134;45;1001;39;39039;0.5;19.300;1.313;29;72;9;0;100;101;100;107;100;108;100;47;47;0;1.875;1.875;0.000;0.000;14.700;1.000;6.3;0.0;0;30;3.000;2.804;12.7;130;0;0;-8.6;0;0;0;0;0;98;0;0;1865;111.79;0;0;0;0;0;0;0;0;0;0;0;0;0;0;0;0;30;0;39.0;39.0;2;0;0.00;0.00;0.00;0.0;0.0
20.199;45;1007;39;39273;0.5;18.300;1.245;29;72;9;0;100;101;100;107;100;108;100;47;47;0;1.899;1.899;0.000;0.000;14.700;1.000;6.4;0.0;0;30;3.000;2.938;12.5;-70;0;0;-8.6;0;0;0;0;0;98;0;0;1865;111.12;0;0;0;0;0;0;0;0;0;0;0;0;0;0;0;0;30;0;39.0;39.0;2;0;0.00;0.00;0.00;0.0;0.0
20.273;45;1004;39;39156;0.5;17.000;1.156;29;72;9;0;100;101;100;107;100;108;100;47;47;0;1.899;1.899;0.000;0.000;14.700;1.000;6.4;0.0;0;30;3.000;2.787;12.5;40;0;0;-8.6;0;0;0;0;0;98;0;0;1865;111.45;0;0;0;0;0;0;0;0;0;0;0;0;0;0;0;0;30;0;39.0;39.0;2;0;0.00;0.00;0.00;0.0;0.0
20.338;45;1008;39;39312;0.5;16.100;1.095;29;72;9;0;100;101;100;107;100;108;100;47;47;0;1.899;1.899;0.000;0.000;14.700;1.000;6.4;0.0;0;30;3.000;2.821;12.5;40;0;0;-8.6;0;0;0;0;0;98;0;0;1865;111.01;0;0;0;0;0;0;0;0;0;0;0;0;0;0;0;0;30;0;39.0;39.0;2;0;0.00;0.00;0.00;0.0;0.0
20.404;45;1017;39;39663;0.5;16.200;1.102;29;72;9;0;100;101;100;107;100;108;100;47;47;0;1.875;1.875;0.000;0.000;14.700;1.000;6.4;0.0;0;30;3.000;2.873;12.7;30;0;0;-8.6;0;0;0;0;0;98;0;0;1865;110.03;0;0;0;0;0;0;0;0;0;0;0;0;0;0;0;0;30;0;39.0;39.0;2;0;0.00;0.00;0.00;0.0;0.0
20.470;45;1017;39;39663;0.5;16.000;1.088;29;72;9;0;100;101;100;107;100;108;100;47;47;0;1.875;1.875;0.000;0.000;14.700;1.000;6.4;0.0;0;30;3.000;2.622;12.7;30;0;0;-8.6;0;0;0;0;0;98;0;0;1865;110.03;0;0;0;0;0;0;0;0;0;0;0;0;0;0;0;0;30;0;39.0;39.0;2;0;0.00;0.00;0.00;0.0;0.0
20.535;45;1035;38;39330;0.5;14.800;1.007;29;72;9;0;100;101;100;107;100;108;100;46;46;0;1.860;1.860;0.000;0.000;14.700;1.000;6.4;0.0;0;30;3.000;3.024;12.7;30;0;0;-8.7;0;0;0;0;0;98;0;0;1865;108.12;0;0;0;0;0;0;0;0;0;0;0;0;0;0;0;0;30;0;38.0;38.0;2;0;0.00;0.00;0.00;0.0;0.0
20.601;45;1044;38;39672;0.5;13.600;0.925;29;72;9;0;100;101;100;107;100;108;100;46;46;0;1.860;1.860;0.000;0.000;14.700;1.000;6.5;0.0;0;30;3.000;3.032;12.7;240;0;0;-8.7;0;0;0;0;0;98;0;0;1865;107.18;0;0;0;0;0;0;0;0;0;0;0;0;0;0;0;0;30;0;38.0;38.0;2;0;0.00;0.00;0.00;0.0;0.0
20.666;46;1047;38;39786;0.5;13.200;0.898;29;72;9;0;100;101;100;107;100;108;100;46;46;0;1.848;1.848;0.000;0.000;14.700;1.000;6.4;0.0;0;30;3.000;2.989;12.8;120;0;0;-8.7;0;0;0;0;0;98;0;0;1865;106.88;0;0;0;0;0;0;0;0;0;0;0;0;0;0;0;0;30;0;38.0;38.0;2;0;0.00;0.00;0.00;0.0;0.0
20.732;46;1057;38;40166;0.5;13.500;0.918;29;72;9;0;100;101;100;107;100;108;100;47;47;0;1.855;1.855;0.000;0.000;14.700;1.000;6.5;0.0;0;30;3.000;3.057;12.8;120;0;0;-8.7;0;0;0;0;0;98;0;0;1865;105.87;0;0;0;0;0;0;0;0;0;0;0;0;0;0;0;0;30;0;38.0;38.0;2;0;0.00;0.00;0.00;0.0;0.0
20.801;46;1045;37;38665;0.5;13.800;0.939;29;72;9;0;100;101;100;107;100;108;100;46;46;0;1.831;1.831;0.000;0.000;14.700;1.000;6.4;0.0;0;30;3.000;2.654;12.8;100;0;0;-8.8;0;0;0;0;0;98;0;0;1865;107.08;0;0;0;0;0;0;0;0;0;0;0;0;0;0;0;0;30;0;37.0;37.0;2;0;0.00;0.00;0.00;0.0;0.0
20.867;46;1054;37;38998;0.5;13.400;0.912;29;72;9;0;100;101;100;107;100;108;100;46;46;0;1.831;1.831;0.000;0.000;14.700;1.000;6.4;0.0;0;30;3.000;2.982;12.8;-30;0;0;-8.8;0;0;0;0;0;98;0;0;1865;106.17;0;0;0;0;0;0;0;0;0;0;0;0;0;0;0;0;30;0;37.0;37.0;2;0;0.00;0.00;0.00;0.0;0.0
20.933;46;1064;37;39368;0.5;12.900;0.878;29;72;9;0;100;101;100;107;100;108;100;46;46;0;1.831;1.831;0.000;0.000;14.700;1.000;6.5;0.0;0;30;3.000;2.750;12.8;-30;0;0;-8.8;0;0;0;0;0;98;0;0;1865;105.17;0;0;0;0;0;0;0;0;0;0;0;0;0;0;0;0;30;0;37.0;37.0;2;0;0.00;0.00;0.00;0.0;0.0
20.998;46;1061;37;39257;0.5;12.900;0.878;29;72;9;0;100;101;100;107;100;108;100;46;46;0;1.831;1.831;0.000;0.000;14.700;1.000;6.5;0.0;0;30;3.000;2.901;12.8;100;0;0;-8.8;0;0;0;0;0;98;0;0;1865;105.47;0;0;0;0;0;0;0;0;0;0;0;0;0;0;0;0;30;0;37.0;37.0;2;0;0.00;0.00;0.00;0.0;0.0
21.067;46;1058;38;40204;0.5;13.200;0.898;29;72;9;0;100;101;100;107;100;108;100;47;47;0;1.855;1.855;0.000;0.000;14.700;1.000;6.5;0.0;0;30;3.000;2.858;12.8;-60;0;0;-8.7;0;0;0;0;0;98;0;0;1865;105.77;0;0;0;0;0;0;0;0;0;0;0;0;0;0;0;0;30;0;38.0;38.0;2;0;0.00;0.00;0.00;0.0;0.0
21.133;46;1037;37;38369;0.5;12.400;0.844;29;72;9;0;100;101;100;107;100;108;100;46;46;0;1.831;1.831;0.000;0.000;14.700;1.000;6.3;0.0;0;30;3.000;2.681;12.8;-60;0;0;-8.8;0;0;0;0;0;98;0;0;1865;107.91;0;0;0;0;0;0;0;0;0;0;0;0;0;0;0;0;30;0;37.0;37.0;2;0;0.00;0.00;0.00;0.0;0.0
21.202;46;1048;38;39824;0.5;12.300;0.837;29;72;9;0;100;101;100;107;100;108;100;47;47;0;1.855;1.855;0.000;0.000;14.700;1.000;6.5;0.0;0;30;3.000;3.043;12.8;-210;0;0;-8.7;0;0;0;0;0;98;0;0;1865;106.77;0;0;0;0;0;0;0;0;0;0;0;0;0;0;0;0;30;0;38.0;38.0;2;0;0.00;0.00;0.00;0.0;0.0
21.268;46;1042;37;38554;0.5;12.400;0.844;29;72;9;0;100;101;100;107;100;108;100;46;46;0;1.831;1.831;0.000;0.000;14.700;1.000;6.4;0.0;0;30;3.000;2.781;12.8;50;0;0;-8.8;0;0;0;0;0;98;0;0;1865;107.39;0;0;0;0;0;0;0;0;0;0;0;0;0;0;0;0;30;0;37.0;37.0;2;0;0.00;0.00;0.00;0.0;0.0
21.334;46;1048;37;38776;0.5;12.400;0.844;29;72;9;0;100;101;100;107;100;108;100;46;46;0;1.831;1.831;0.000;0.000;14.700;1.000;6.4;0.0;0;30;3.000;2.900;12.8;50;0;0;-8.8;0;0;0;0;0;98;0;0;1865;106.77;0;0;0;0;0;0;0;0;0;0;0;0;0;0;0;0;30;0;37.0;37.0;2;0;0.00;0.00;0.00;0.0;0.0
21.400;46;1041;37;38517;0.5;12.200;0.830;29;72;9;0;100;101;100;107;100;108;100;46;46;0;1.831;1.831;0.000;0.000;14.700;1.000;6.4;0.0;0;30;3.000;3.018;12.8;-60;0;0;-8.8;0;0;0;0;0;98;0;0;1865;107.49;0;0;0;0;0;0;0;0;0;0;0;0;0;0;0;0;30;0;37.0;37.0;2;0;0.00;0.00;0.00;0.0;0.0
21.469;46;1048;37;38776;0.5;12.400;0.844;29;72;9;0;100;101;100;107;100;108;100;46;46;0;1.855;1.855;0.000;0.000;14.700;1.000;6.5;0.0;0;30;3.000;2.913;12.6;120;0;0;-8.8;0;0;0;0;0;98;0;0;1865;106.77;0;0;0;0;0;0;0;0;0;0;0;0;0;0;0;0;30;0;37.0;37.0;2;0;0.00;0.00;0.00;0.0;0.0
21.535;46;1038;38;39444;0.5;12.400;0.844;29;72;9;0;100;101;100;107;100;108;100;46;46;0;1.872;1.872;0.000;0.000;14.700;1.000;6.5;0.0;0;30;3.000;2.818;12.6;120;0;0;-8.7;0;0;0;0;0;98;0;0;1865;107.80;0;0;0;0;0;0;0;0;0;0;0;0;0;0;0;0;30;0;38.0;38.0;2;0;0.00;0.00;0.00;0.0;0.0
21.600;46;1038;37;38406;0.5;12.700;0.864;29;72;9;0;100;101;100;107;100;108;100;46;46;0;1.855;1.855;0.000;0.000;14.700;1.000;6.4;0.0;0;30;3.000;2.807;12.6;-50;0;0;-8.8;0;0;0;0;0;98;0;0;1865;107.80;0;0;0;0;0;0;0;0;0;0;0;0;0;0;0;0;30;0;37.0;37.0;2;0;0.00;0.00;0.00;0.0;0.0
21.670;47;1042;38;39596;0.5;13.000;0.884;29;72;9;0;100;101;100;107;100;108;100;47;47;0;1.867;1.867;0.000;0.000;14.700;1.000;6.5;0.0;0;30;3.000;2.908;12.7;-10;0;0;-8.7;0;0;0;0;0;98;0;0;1860;107.10;0;0;0;0;0;0;0;0;0;0;0;0;0;0;0;0;30;0;38.0;38.0;2;0;0.00;0.00;0.00;0.0;0.0
21.736;47;1042;38;39596;0.5;13.100;0.891;29;72;9;0;100;101;100;107;100;108;100;47;47;0;1.867;1.867;0.000;0.000;14.700;1.000;6.5;0.0;0;30;3.000;2.723;12.7;-10;0;0;-8.7;0;0;0;0;0;98;0;0;1860;107.10;0;0;0;0;0;0;0;0;0;0;0;0;0;0;0;0;30;0;38.0;38.0;2;0;0.00;0.00;0.00;0.0;0.0
21.801;47;1050;37;38850;0.5;13.200;0.898;29;72;9;0;100;101;100;107;100;108;100;46;46;0;1.843;1.843;0.000;0.000;14.700;1.000;6.5;0.0;0;30;3.000;2.948;12.7;30;0;0;-8.8;0;0;0;0;0;98;0;0;1860;106.29;0;0;0;0;0;0;0;0;0;0;0;0;0;0;0;0;30;0;37.0;37.0;2;0;0.00;0.00;0.00;0.0;0.0
21.867;47;1045;38;39710;0.5;13.400;0.912;29;72;9;0;100;101;100;107;100;108;100;47;47;0;1.867;1.867;0.000;0.000;14.700;1.000;6.5;0.0;0;30;3.000;3.078;12.7;0;0;0;-8.7;0;0;0;0;0;98;0;0;1860;106.79;0;0;0;0;0;0;0;0;0;0;0;0;0;0;0;0;30;0;38.0;38.0;2;0;0.00;0.00;0.00;0.0;0.0
21.936;47;1037;37;38369;0.5;13.700;0.932;29;72;9;0;100;101;100;107;100;108;100;46;46;0;1.831;1.831;0.000;0.000;14.700;1.000;6.3;0.0;0;30;3.000;2.954;12.8;0;0;0;-8.8;0;0;0;0;0;98;0;0;1860;107.62;0;0;0;0;0;0;0;0;0;0;0;0;0;0;0;0;30;0;37.0;37.0;2;0;0.00;0.00;0.00;0.0;0.0
22.001;47;1054;38;40052;0.5;14.000;0.952;29;72;9;0;100;101;100;107;100;108;100;47;47;0;1.855;1.855;0.000;0.000;14.700;1.000;6.5;0.0;0;30;3.000;2.989;12.8;40;0;0;-8.7;0;0;0;0;0;98;0;0;1860;105.88;0;0;0;0;0;0;0;0;0;0;0;0;0;0;0;0;30;0;38.0;38.0;2;0;0.00;0.00;0.00;0.0;0.0
22.067;47;1036;37;38332;0.5;13.700;0.932;29;72;9;0;100;101;100;107;100;108;100;46;46;0;1.831;1.831;0.000;0.000;14.700;1.000;6.3;0.0;0;30;3.000;2.581;12.8;40;0;0;-8.8;0;0;0;0;0;98;0;0;1860;107.72;0;0;0;0;0;0;0;0;0;0;0;0;0;0;0;0;30;0;37.0;37.0;2;0;0.00;0.00;0.00;0.0;0.0
22.136;47;1041;37;38517;0.5;13.100;0.891;29;72;9;0;100;101;100;107;100;108;100;46;46;0;1.831;1.831;0.000;0.000;14.700;1.000;6.4;0.0;0;30;3.000;3.102;12.8;-130;0;0;-8.8;0;0;0;0;0;98;0;0;1860;107.20;0;0;0;0;0;0;0;0;0;0;0;0;0;0;0;0;30;0;37.0;37.0;2;0;0.00;0.00;0.00;0.0;0.0
22.202;47;1034;37;38258;0.5;12.900;0.878;29;72;9;0;100;101;100;107;100;108;100;46;46;0;1.819;1.819;0.000;0.000;14.700;1.000;6.3;0.0;0;30;3.000;2.869;12.9;-30;0;0;-8.8;0;0;0;0;0;98;0;0;1860;107.93;0;0;0;0;0;0;0;0;0;0;0;0;0;0;0;0;30;0;37.0;37.0;2;0;0.00;0.00;0.00;0.0;0.0
22.268;47;1031;38;39178;0.5;12.800;0.871;29;72;9;0;100;101;100;107;100;108;100;47;47;0;1.843;1.843;0.000;0.000;14.700;1.000;6.3;0.0;0;30;3.000;3.000;12.9;-30;0;0;-8.7;0;0;0;0;0;98;0;0;1860;108.24;0;0;0;0;0;0;0;0;0;0;0;0;0;0;0;0;30;0;38.0;38.0;2;0;0.00;0.00;0.00;0.0;0.0
22.333;47;1037;38;39406;0.5;12.500;0.850;29;72;9;0;100;101;100;107;100;108;100;47;47;0;1.843;1.843;0.000;0.000;14.700;1.000;6.4;0.0;0;30;3.000;3.035;12.9;-20;0;0;-8.7;0;0;0;0;0;98;0;0;1860;107.62;0;0;0;0;0;0;0;0;0;0;0;0;0;0;0;0;30;0;38.0;38.0;2;0;0.00;0.00;0.00;0.0;0.0
22.403;47;1042;37;38554;0.5;12.700;0.864;29;72;9;0;100;101;100;107;100;108;100;46;46;0;1.819;1.819;0.000;0.000;14.700;1.000;6.3;0.0;0;30;3.000;2.863;12.9;160;0;0;-8.8;0;0;0;0;0;98;0;0;1860;107.10;0;0;0;0;0;0;0;0;0;0;0;0;0;0;0;0;30;0;37.0;37.0;2;0;0.00;0.00;0.00;0.0;0.0
22.468;47;1048;38;39824;0.5;12.500;0.850;29;72;9;0;100;101;100;107;100;108;100;47;47;0;1.843;1.843;0.000;0.000;14.700;1.000;6.4;0.0;0;30;3.000;2.876;12.9;160;0;0;-8.7;0;0;0;0;0;98;0;0;1860;106.49;0;0;0;0;0;0;0;0;0;0;0;0;0;0;0;0;30;0;38.0;38.0;2;0;0.00;0.00;0.00;0.0;0.0
22.468;47;1036;37;38332;0.5;12.500;0.850;29;72;9;0;100;101;100;107;100;108;100;46;46;0;1.819;1.819;0.000;0.000;14.700;1.000;6.3;0.0;0;30;3.000;2.622;12.9;10;0;0;-8.8;0;0;0;0;0;98;0;0;1860;107.72;0;0;0;0;0;0;0;0;0;0;0;0;0;0;0;0;30;0;37.0;37.0;2;0;0.00;0.00;0.00;0.0;0.0
22.600;47;1041;37;38517;0.5;12.700;0.864;29;72;9;0;100;101;100;107;100;108;100;46;46;0;1.819;1.819;0.000;0.000;14.700;1.000;6.3;0.0;0;30;3.000;2.976;12.9;-110;0;0;-8.8;0;0;0;0;0;98;0;0;1860;107.20;0;0;0;0;0;0;0;0;0;0;0;0;0;0;0;0;30;0;37.0;37.0;2;0;0.00;0.00;0.00;0.0;0.0
22.669;47;1035;37;38295;0.5;12.700;0.864;29;72;9;0;100;101;100;107;100;108;100;46;46;0;1.819;1.819;0.000;0.000;14.700;1.000;6.3;0.0;0;30;3.000;2.945;12.9;-110;0;0;-8.8;0;0;0;0;0;98;0;0;1860;107.83;0;0;0;0;0;0;0;0;0;0;0;0;0;0;0;0;30;0;37.0;37.0;2;0;0.00;0.00;0.00;0.0;0.0
22.735;48;1032;38;39216;0.5;12.400;0.844;29;72;9;0;100;101;100;107;100;108;100;46;46;0;1.920;1.920;0.000;0.000;14.700;1.000;6.6;0.0;0;30;3.000;2.926;12.2;-20;0;0;-8.7;0;0;0;0;0;98;0;0;1854;107.79;0;0;0;0;0;0;0;0;0;0;0;0;0;0;0;0;30;0;38.0;38.0;2;0;0.00;0.00;0.00;0.0;0.0
22.735;48;1011;38;38418;0.5;12.700;0.864;29;72;9;0;100;101;100;107;100;108;100;46;46;0;1.920;1.920;0.000;0.000;14.700;1.000;6.5;0.0;0;30;3.000;2.714;12.2;-250;0;0;-8.7;0;0;0;0;0;98;0;0;1854;110.03;0;0;0;0;0;0;0;0;0;0;0;0;0;0;0;0;30;0;38.0;38.0;2;0;0.00;0.00;0.00;0.0;0.0
22.866;48;1008;38;38304;0.5;13.000;0.884;29;72;9;0;100;101;100;107;100;108;100;46;46;0;1.920;1.920;0.000;0.000;14.700;1.000;6.5;0.0;0;30;3.000;2.725;12.2;-250;0;0;-8.7;0;0;0;0;0;98;0;0;1854;110.36;0;0;0;0;0;0;0;0;0;0;0;0;0;0;0;0;30;0;38.0;38.0;2;0;0.00;0.00;0.00;0.0;0.0
22.935;48;1022;39;39858;0.5;13.100;0.891;29;72;9;0;100;101;100;107;100;108;100;47;47;0;1.887;1.887;0.000;0.000;14.700;1.000;6.4;0.0;0;30;3.000;2.922;12.6;-20;0;0;-8.6;0;0;0;0;0;98;0;0;1854;108.85;0;0;0;0;0;0;0;0;0;0;0;0;0;0;0;0;30;0;39.0;39.0;2;0;0.00;0.00;0.00;0.0;0.0
23.001;48;1002;38;38076;0.5;13.100;0.891;29;72;9;0;100;101;100;107;100;108;100;46;46;0;1.872;1.872;0.000;0.000;14.700;1.000;6.3;0.0;0;30;3.000;2.536;12.6;-60;0;0;-8.7;0;0;0;0;0;98;0;0;1854;111.02;0;0;0;0;0;0;0;0;0;0;0;0;0;0;0;0;30;0;38.0;38.0;2;0;0.00;0.00;0.00;0.0;0.0
23.067;48;1004;39;39156;0.5;13.500;0.918;29;72;9;0;100;101;100;107;100;108;100;47;47;0;1.887;1.887;0.000;0.000;14.700;1.000;6.3;0.0;0;30;3.000;2.946;12.6;-60;0;0;-8.6;0;0;0;0;0;98;0;0;1854;110.80;0;0;0;0;0;0;0;0;0;0;0;0;0;0;0;0;30;0;39.0;39.0;2;0;0.00;0.00;0.00;0.0;0.0
23.136;48;1024;39;39936;0.5;13.900;0.946;29;72;9;0;100;101;100;107;100;108;100;47;47;0;1.887;1.887;0.000;0.000;14.700;1.000;6.4;0.0;0;30;3.000;3.110;12.6;20;0;0;-8.6;0;0;0;0;0;98;0;0;1854;108.63;0;0;0;0;0;0;0;0;0;0;0;0;0;0;0;0;30;0;39.0;39.0;2;0;0.00;0.00;0.00;0.0;0.0
23.202;48;1035;38;39330;0.5;14.000;0.952;29;72;9;0;100;101;100;107;100;108;100;46;46;0;1.848;1.848;0.000;0.000;14.700;1.000;6.4;0.0;0;30;3.000;3.051;12.8;310;0;0;-8.7;0;0;0;0;0;98;0;0;1854;107.48;0;0;0;0;0;0;0;0;0;0;0;0;0;0;0;0;30;0;38.0;38.0;2;0;0.00;0.00;0.00;0.0;0.0
23.271;48;1038;38;39444;0.5;13.800;0.939;29;72;9;0;100;101;100;107;100;108;100;46;46;0;1.848;1.848;0.000;0.000;14.700;1.000;6.4;0.0;0;30;3.000;3.120;12.8;310;0;0;-8.7;0;0;0;0;0;98;0;0;1854;107.17;0;0;0;0;0;0;0;0;0;0;0;0;0;0;0;0;30;0;38.0;38.0;2;0;0.00;0.00;0.00;0.0;0.0
23.337;48;1029;38;39102;0.5;14.000;0.952;29;72;9;0;100;101;100;107;100;108;100;47;47;0;1.855;1.855;0.000;0.000;14.700;1.000;6.4;0.0;0;30;3.000;3.008;12.8;20;0;0;-8.7;0;0;0;0;0;98;0;0;1854;108.10;0;0;0;0;0;0;0;0;0;0;0;0;0;0;0;0;30;0;38.0;38.0;2;0;0.00;0.00;0.00;0.0;0.0
23.402;48;1025;38;38950;0.5;14.200;0.966;29;72;9;0;100;101;100;107;100;108;100;46;46;0;1.848;1.848;0.000;0.000;14.700;1.000;6.3;0.0;0;30;3.000;2.753;12.8;-120;0;0;-8.7;0;0;0;0;0;98;0;0;1854;108.53;0;0;0;0;0;0;0;0;0;0;0;0;0;0;0;0;30;0;38.0;38.0;2;0;0.00;0.00;0.00;0.0;0.0
23.468;48;1028;38;39064;0.5;13.800;0.939;29;72;9;0;100;101;100;107;100;108;100;47;47;0;1.879;1.879;0.000;0.000;14.700;1.000;6.4;0.0;0;30;3.000;2.724;12.6;-120;0;0;-8.7;0;0;0;0;0;98;0;0;1854;108.21;0;0;0;0;0;0;0;0;0;0;0;0;0;0;0;0;30;0;38.0;38.0;2;0;0.00;0.00;0.00;0.0;0.0
23.533;48;1045;38;39710;0.5;13.900;0.946;29;72;9;0;100;101;100;107;100;108;100;47;47;0;1.879;1.879;0.000;0.000;14.700;1.000;6.5;0.0;0;30;3.000;2.892;12.6;150;0;0;-8.7;0;0;0;0;0;98;0;0;1854;106.45;0;0;0;0;0;0;0;0;0;0;0;0;0;0;0;0;30;0;38.0;38.0;2;0;0.00;0.00;0.00;0.0;0.0
23.603;48;1045;38;39710;0.5;13.400;0.912;29;72;9;0;100;101;100;107;100;108;100;47;47;0;1.879;1.879;0.000;0.000;14.700;1.000;6.5;0.0;0;30;3.000;3.032;12.6;50;0;0;-8.7;0;0;0;0;0;98;0;0;1854;106.45;0;0;0;0;0;0;0;0;0;0;0;0;0;0;0;0;30;0;38.0;38.0;2;0;0.00;0.00;0.00;0.0;0.0
23.668;48;1049;37;38813;0.5;12.800;0.871;29;72;9;0;100;101;100;107;100;108;100;46;46;0;1.855;1.855;0.000;0.000;14.700;1.000;6.5;0.0;0;30;3.000;2.969;12.6;50;0;0;-8.8;0;0;0;0;0;98;0;0;1854;106.04;0;0;0;0;0;0;0;0;0;0;0;0;0;0;0;0;30;0;37.0;37.0;2;0;0.00;0.00;0.00;0.0;0.0
23.734;49;1045;38;39710;0.5;13.000;0.884;29;72;9;0;100;101;100;107;100;108;100;47;47;0;1.855;1.855;0.000;0.000;14.700;1.000;6.5;0.0;0;30;3.000;2.983;12.8;-100;0;0;-8.7;0;0;0;0;0;98;0;0;1861;106.85;0;0;0;0;0;0;0;0;0;0;0;0;0;0;0;0;30;0;38.0;38.0;2;0;0.00;0.00;0.00;0.0;0.0
23.804;49;1052;37;38924;0.5;13.100;0.891;29;72;9;0;100;101;100;107;100;108;100;46;46;0;1.831;1.831;0.000;0.000;14.700;1.000;6.4;0.0;0;30;3.000;2.874;12.8;170;0;0;-8.8;0;0;0;0;0;98;0;0;1861;106.14;0;0;0;0;0;0;0;0;0;0;0;0;0;0;0;0;30;0;37.0;37.0;2;0;0.00;0.00;0.00;0.0;0.0
23.869;49;1059;38;40242;0.5;12.500;0.850;29;72;9;0;100;101;100;107;100;108;100;47;47;0;1.855;1.855;0.000;0.000;14.700;1.000;6.5;0.0;0;30;3.000;2.771;12.8;170;0;0;-8.7;0;0;0;0;0;98;0;0;1861;105.44;0;0;0;0;0;0;0;0;0;0;0;0;0;0;0;0;30;0;38.0;38.0;2;0;0.00;0.00;0.00;0.0;0.0
23.935;49;1054;37;38998;0.5;13.000;0.884;29;72;9;0;100;101;100;107;100;108;100;46;46;0;1.831;1.831;0.000;0.000;14.700;1.000;6.4;0.0;0;30;3.000;2.685;12.8;70;0;0;-8.8;0;0;0;0;0;98;0;0;1861;105.94;0;0;0;0;0;0;0;0;0;0;0;0;0;0;0;0;30;0;37.0;37.0;2;0;0.00;0.00;0.00;0.0;0.0
24.001;49;1051;37;38887;0.5;12.500;0.850;29;72;9;0;100;101;100;107;100;108;100;46;46;0;1.831;1.831;0.000;0.000;14.700;1.000;6.4;0.0;0;30;3.000;2.964;12.8;-80;0;0;-8.8;0;0;0;0;0;98;0;0;1861;106.24;0;0;0;0;0;0;0;0;0;0;0;0;0;0;0;0;30;0;37.0;37.0;2;0;0.00;0.00;0.00;0.0;0.0
24.070;49;1044;38;39672;0.5;12.600;0.857;29;72;9;0;100;101;100;107;100;108;100;46;46;0;1.848;1.848;0.000;0.000;14.700;1.000;6.4;0.0;0;30;3.000;2.973;12.8;-80;0;0;-8.7;0;0;0;0;0;98;0;0;1861;106.95;0;0;0;0;0;0;0;0;0;0;0;0;0;0;0;0;30;0;38.0;38.0;2;0;0.00;0.00;0.00;0.0;0.0
24.139;49;1038;37;38406;0.5;12.300;0.837;29;72;9;0;100;101;100;107;100;108;100;46;46;0;1.831;1.831;0.000;0.000;14.700;1.000;6.3;0.0;0;30;3.000;3.020;12.8;-50;0;0;-8.8;0;0;0;0;0;98;0;0;1861;107.57;0;0;0;0;0;0;0;0;0;0;0;0;0;0;0;0;30;0;37.0;37.0;2;0;0.00;0.00;0.00;0.0;0.0
24.205;49;1033;38;39254;0.5;12.000;0.816;29;72;9;0;100;101;100;107;100;108;100;46;46;0;1.848;1.848;0.000;0.000;14.700;1.000;6.4;0.0;0;30;3.000;2.884;12.8;-130;0;0;-8.7;0;0;0;0;0;98;0;0;1861;108.09;0;0;0;0;0;0;0;0;0;0;0;0;0;0;0;0;30;0;38.0;38.0;2;0;0.00;0.00;0.00;0.0;0.0
24.271;49;1020;38;38760;0.5;12.300;0.837;29;72;9;0;100;101;100;107;100;108;100;47;47;0;1.843;1.843;0.000;0.000;14.700;1.000;6.3;0.0;0;30;3.000;2.591;12.9;-130;0;0;-8.7;0;0;0;0;0;98;0;0;1861;109.47;0;0;0;0;0;0;0;0;0;0;0;0;0;0;0;0;30;0;38.0;38.0;2;0;0.00;0.00;0.00;0.0;0.0
24.336;49;1025;38;38950;0.5;12.400;0.844;29;72;9;0;100;101;100;107;100;108;100;46;46;0;1.836;1.836;0.000;0.000;14.700;1.000;6.3;0.0;0;30;3.000;2.772;12.9;-90;0;0;-8.7;0;0;0;0;0;98;0;0;1861;108.94;0;0;0;0;0;0;0;0;0;0;0;0;0;0;0;0;30;0;38.0;38.0;2;0;0.00;0.00;0.00;0.0;0.0
24.401;49;1011;38;38418;0.5;12.400;0.844;29;72;9;0;100;101;100;107;100;108;100;46;46;0;1.836;1.836;0.000;0.000;14.700;1.000;6.2;0.0;0;30;3.000;2.685;12.9;-90;0;0;-8.7;0;0;0;0;0;98;0;0;1861;110.45;0;0;0;0;0;0;0;0;0;0;0;0;0;0;0;0;30;0;38.0;38.0;2;0;0.00;0.00;0.00;0.0;0.0
24.467;49;1015;38;38570;0.5;12.400;0.844;29;72;9;0;100;101;100;107;100;108;100;47;47;0;1.843;1.843;0.000;0.000;14.700;1.000;6.2;0.0;0;30;3.000;2.823;12.9;-130;0;0;-8.7;0;0;0;0;0;98;0;0;1861;110.01;0;0;0;0;0;0;0;0;0;0;0;0;0;0;0;0;30;0;38.0;38.0;2;0;0.00;0.00;0.00;0.0;0.0
24.533;49;1012;38;38456;0.5;12.600;0.857;29;72;9;0;100;101;100;107;100;108;100;46;46;0;1.836;1.836;0.000;0.000;14.700;1.000;6.2;0.0;0;30;3.000;2.987;12.9;-70;0;0;-8.7;0;0;0;0;0;98;0;0;1861;110.34;0;0;0;0;0;0;0;0;0;0;0;0;0;0;0;0;30;0;38.0;38.0;2;0;0.00;0.00;0.00;0.0;0.0
24.602;49;1018;38;38684;0.5;12.500;0.850;29;72;9;0;100;101;100;107;100;108;100;47;47;0;1.843;1.843;0.000;0.000;14.700;1.000;6.3;0.0;0;30;3.000;2.924;12.9;-70;0;0;-8.7;0;0;0;0;0;98;0;0;1861;109.69;0;0;0;0;0;0;0;0;0;0;0;0;0;0;0;0;30;0;38.0;38.0;2;0;0.00;0.00;0.00;0.0;0.0
24.668;49;1007;36;36252;0.5;12.500;0.850;29;72;9;0;100;101;100;107;100;108;100;45;45;0;1.805;1.805;0.000;0.000;14.700;1.000;6.1;0.0;0;30;3.000;2.760;12.9;70;0;0;-9.0;0;0;0;0;0;98;0;0;1861;110.88;0;0;0;0;0;0;0;0;0;0;0;0;0;0;0;0;30;0;36.0;36.0;2;0;0.00;0.00;0.00;0.0;0.0
24.734;50;1001;39;39039;0.5;13.100;0.891;29;72;9;0;100;101;100;107;100;108;100;47;47;0;1.851;1.851;0.000;0.000;14.700;1.000;6.2;0.0;0;30;3.000;2.686;12.9;0;0;0;-8.6;0;0;0;0;0;98;0;0;1860;111.49;0;0;0;0;0;0;0;0;0;0;0;0;0;0;0;0;30;0;39.0;39.0;2;0;0.00;0.00;0.00;0.0;0.0
24.803;50;1000;39;39000;0.5;13.300;0.905;29;72;9;0;100;101;100;107;100;108;100;47;47;0;1.851;1.851;0.000;0.000;14.700;1.000;6.2;0.0;0;30;3.000;2.762;12.9;0;0;0;-8.6;0;0;0;0;0;98;0;0;1860;111.60;0;0;0;0;0;0;0;0;0;0;0;0;0;0;0;0;30;0;39.0;39.0;2;0;0.00;0.00;0.00;0.0;0.0
24.869;50;983;39;38337;0.5;13.100;0.891;29;72;9;0;100;101;100;107;100;108;100;47;47;0;1.851;1.851;0.000;0.000;14.700;1.000;6.1;0.0;0;29;3.000;2.667;12.9;-160;0;0;-8.6;0;0;0;0;0;98;0;0;1860;113.53;0;0;0;0;0;0;0;0;0;0;0;0;0;0;0;0;29;0;39.0;39.0;2;0;0.00;0.00;0.00;0.0;0.0
24.934;50;994;39;38766;0.5;13.600;0.925;29;72;9;0;100;101;100;107;100;108;100;47;47;0;1.851;1.851;0.000;0.000;14.700;1.000;6.1;0.0;0;29;3.000;2.998;12.9;-40;0;0;-8.6;0;0;0;0;0;98;0;0;1860;112.27;0;0;0;0;0;0;0;0;0;0;0;0;0;0;0;0;29;0;39.0;39.0;2;0;0.00;0.00;0.00;0.0;0.0
24.999;50;997;39;38883;0.5;13.900;0.946;29;72;9;0;100;101;100;107;100;108;100;47;47;0;1.851;1.851;0.000;0.000;14.700;1.000;6.2;0.0;0;30;3.000;2.980;12.9;-40;0;0;-8.6;0;0;0;0;0;98;0;0;1860;111.94;0;0;0;0;0;0;0;0;0;0;0;0;0;0;0;0;30;0;39.0;39.0;2;0;0.00;0.00;0.00;0.0;0.0
25.069;50;999;39;38961;0.5;13.600;0.925;29;72;9;0;100;101;100;107;100;108;100;47;47;0;1.851;1.851;0.000;0.000;14.700;1.000;6.2;0.0;0;29;3.000;2.693;12.9;60;0;0;-8.6;0;0;0;0;0;98;0;0;1860;111.71;0;0;0;0;0;0;0;0;0;0;0;0;0;0;0;0;29;0;39.0;39.0;2;0;0.00;0.00;0.00;0.0;0.0
25.135;50;985;39;38415;0.5;14.600;0.993;29;72;9;0;100;101;100;107;100;108;100;47;47;0;1.851;1.851;0.000;0.000;14.700;1.000;6.1;0.0;0;29;3.000;2.875;12.9;-120;0;0;-8.6;0;0;0;0;0;98;0;0;1860;113.30;0;0;0;0;0;0;0;0;0;0;0;0;0;0;0;0;29;0;39.0;39.0;2;0;0.00;0.00;0.00;0.0;0.0
25.201;50;992;39;38688;0.5;14.300;0.973;29;72;9;0;100;101;100;107;100;108;100;47;47;0;1.851;1.851;0.000;0.000;14.700;1.000;6.1;0.0;0;29;3.000;2.982;12.9;-120;0;0;-8.6;0;0;0;0;0;98;0;0;1860;112.50;0;0;0;0;0;0;0;0;0;0;0;0;0;0;0;0;29;0;39.0;39.0;2;0;0.00;0.00;0.00;0.0;0.0
25.273;50;980;40;39200;0.5;14.500;0.986;29;72;9;0;100;101;100;107;100;108;100;47;47;0;1.860;1.860;0.000;0.000;14.700;1.000;6.1;0.0;0;29;3.000;2.954;12.9;20;0;0;-8.4;0;0;0;0;0;98;0;0;1860;113.88;0;0;0;0;0;0;0;0;0;0;0;0;0;0;0;0;29;0;40.0;40.0;2;0;0.00;0.00;0.00;0.0;0.0
25.340;50;972;39;37908;0.5;14.500;0.986;29;72;9;0;100;101;100;107;100;108;100;46;46;0;1.845;1.845;0.000;0.000;14.700;1.000;6.0;0.0;0;29;3.000;2.539;12.9;-40;0;0;-8.6;0;0;0;0;0;98;0;0;1860;114.81;0;0;0;0;0;0;0;0;0;0;0;0;0;0;0;0;29;0;39.0;39.0;2;0;0.00;0.00;0.00;0.0;0.0
25.405;50;987;40;39480;0.5;14.600;0.993;29;72;9;0;100;101;100;107;100;108;100;47;47;0;1.860;1.860;0.000;0.000;14.700;1.000;6.1;0.0;0;29;3.000;3.035;12.9;-40;0;0;-8.4;0;0;0;0;0;98;0;0;1860;113.07;0;0;0;0;0;0;0;0;0;0;0;0;0;0;0;0;29;0;40.0;40.0;2;0;0.00;0.00;0.00;0.0;0.0
25.471;50;982;39;38298;0.5;14.900;1.014;29;72;9;0;100;101;100;107;100;108;100;47;47;0;1.851;1.851;0.000;0.000;14.700;1.000;6.1;0.0;0;30;3.000;2.772;12.9;60;0;0;-8.6;0;0;0;0;0;98;0;0;1860;113.65;0;0;0;0;0;0;0;0;0;0;0;0;0;0;0;0;30;0;39.0;39.0;2;0;0.00;0.00;0.00;0.0;0.0
25.536;50;1001;40;40040;0.5;16.300;1.109;29;72;9;0;100;101;100;107;100;108;100;48;48;0;1.867;1.867;0.000;0.000;14.700;1.000;6.2;0.0;0;30;3.000;3.251;12.9;120;0;0;-8.4;0;0;0;0;0;98;0;0;1860;111.49;0;0;0;0;0;0;0;0;0;0;0;0;0;0;0;0;30;0;40.0;40.0;2;0;0.00;0.00;0.00;0.0;0.0
25.601;50;988;39;38532;0.5;16.900;1.150;29;72;9;0;100;101;100;107;100;108;100;47;47;0;1.851;1.851;0.000;0.000;14.700;1.000;6.1;0.0;0;29;3.000;2.484;12.9;120;0;0;-8.6;0;0;0;0;0;98;0;0;1860;112.96;0;0;0;0;0;0;0;0;0;0;0;0;0;0;0;0;29;0;39.0;39.0;2;0;0.00;0.00;0.00;0.0;0.0
25.667;50;998;39;38922;0.5;17.200;1.170;29;72;9;0;100;101;100;107;100;108;100;47;47;0;1.851;1.851;0.000;0.000;14.700;1.000;6.2;0.0;0;30;3.000;2.924;12.9;-130;0;0;-8.6;0;0;0;0;0;98;0;0;1860;111.82;0;0;0;0;0;0;0;0;0;0;0;0;0;0;0;0;30;0;39.0;39.0;2;0;0.00;0.00;0.00;0.0;0.0
25.733;51;1010;39;39390;0.5;17.100;1.163;29;72;9;0;100;101;100;107;100;108;100;47;47;0;1.851;1.851;0.000;0.000;14.700;1.000;6.2;0.0;0;30;3.000;3.025;12.9;220;0;0;-8.6;0;0;0;0;0;98;0;0;1864;110.73;0;0;0;0;0;0;0;0;0;0;0;0;0;0;0;0;30;0;39.0;39.0;2;0;0.00;0.00;0.00;0.0;0.0
25.802;51;998;39;38922;0.5;16.700;1.136;29;72;9;0;100;101;100;107;100;108;100;47;47;0;1.851;1.851;0.000;0.000;14.700;1.000;6.2;0.0;0;30;3.000;2.884;12.9;220;0;0;-8.6;0;0;0;0;0;98;0;0;1864;112.06;0;0;0;0;0;0;0;0;0;0;0;0;0;0;0;0;30;0;39.0;39.0;2;0;0.00;0.00;0.00;0.0;0.0
25.868;51;989;39;38571;0.5;17.100;1.163;29;72;9;0;100;101;100;107;100;108;100;47;47;0;1.851;1.851;0.000;0.000;14.700;1.000;6.1;0.0;0;30;3.000;3.140;12.9;-270;0;0;-8.6;0;0;0;0;0;98;0;0;1864;113.08;0;0;0;0;0;0;0;0;0;0;0;0;0;0;0;0;30;0;39.0;39.0;2;0;0.00;0.00;0.00;0.0;0.0
25.933;51;1005;39;39195;0.5;16.900;1.150;29;72;9;0;100;101;100;107;100;108;100;47;47;0;1.851;1.851;0.000;0.000;14.700;1.000;6.2;0.0;0;30;3.000;3.008;12.9;180;0;0;-8.6;0;0;0;0;0;98;0;0;1864;111.28;0;0;0;0;0;0;0;0;0;0;0;0;0;0;0;0;30;0;39.0;39.0;2;0;0.00;0.00;0.00;0.0;0.0
25.999;51;1023;39;39897;0.5;17.000;1.156;29;72;9;0;100;101;100;107;100;108;100;47;47;0;1.851;1.851;0.000;0.000;14.700;1.000;6.3;0.0;0;30;3.000;2.910;12.9;180;0;0;-8.6;0;0;0;0;0;98;0;0;1864;109.33;0;0;0;0;0;0;0;0;0;0;0;0;0;0;0;0;30;0;39.0;39.0;2;0;0.00;0.00;0.00;0.0;0.0
26.068;51;1005;38;38190;0.5;16.600;1.129;29;72;9;0;100;101;100;107;100;108;100;46;46;0;1.836;1.836;0.000;0.000;14.700;1.000;6.2;0.0;0;30;3.000;2.452;12.9;240;0;0;-8.7;0;0;0;0;0;98;0;0;1864;111.28;0;0;0;0;0;0;0;0;0;0;0;0;0;0;0;0;30;0;38.0;38.0;2;0;0.00;0.00;0.00;0.0;0.0
26.134;51;1010;39;39390;0.5;16.400;1.116;29;72;9;0;100;101;100;107;100;108;100;47;47;0;1.851;1.851;0.000;0.000;14.700;1.000;6.2;0.0;0;30;3.000;2.885;12.9;-150;0;0;-8.6;0;0;0;0;0;98;0;0;1864;110.73;0;0;0;0;0;0;0;0;0;0;0;0;0;0;0;0;30;0;39.0;39.0;2;0;0.00;0.00;0.00;0.0;0.0
26.200;51;1023;39;39897;0.5;15.600;1.061;29;72;9;0;100;101;100;107;100;108;100;47;47;0;1.851;1.851;0.000;0.000;14.700;1.000;6.3;0.0;0;30;3.000;2.847;12.9;-150;0;0;-8.6;0;0;0;0;0;98;0;0;1864;109.33;0;0;0;0;0;0;0;0;0;0;0;0;0;0;0;0;30;0;39.0;39.0;2;0;0.00;0.00;0.00;0.0;0.0
26.269;51;1010;39;39390;0.5;15.600;1.061;29;72;9;0;100;101;100;107;100;108;100;47;47;0;1.851;1.851;0.000;0.000;14.700;1.000;6.2;0.0;0;30;3.000;2.699;12.9;70;0;0;-8.6;0;0;0;0;0;98;0;0;1864;110.73;0;0;0;0;0;0;0;0;0;0;0;0;0;0;0;0;30;0;39.0;39.0;2;0;0.00;0.00;0.00;0.0;0.0
26.335;51;1016;38;38608;0.5;15.700;1.068;29;72;9;0;100;101;100;107;100;108;100;46;46;0;1.836;1.836;0.000;0.000;14.700;1.000;6.2;0.0;0;30;3.000;2.935;12.9;70;0;0;-8.7;0;0;0;0;0;98;0;0;1864;110.08;0;0;0;0;0;0;0;0;0;0;0;0;0;0;0;0;30;0;38.0;38.0;2;0;0.00;0.00;0.00;0.0;0.0
26.400;51;1025;38;38950;0.5;16.300;1.109;29;72;9;0;100;101;100;107;100;108;100;46;46;0;1.836;1.836;0.000;0.000;14.700;1.000;6.3;0.0;0;30;3.000;2.936;12.9;-10;0;0;-8.7;0;0;0;0;0;98;0;0;1864;109.11;0;0;0;0;0;0;0;0;0;0;0;0;0;0;0;0;30;0;38.0;38.0;2;0;0.00;0.00;0.00;0.0;0.0
26.466;51;1023;38;38874;0.5;15.100;1.027;29;72;9;0;100;101;100;107;100;108;100;47;47;0;1.843;1.843;0.000;0.000;14.700;1.000;6.3;0.0;0;30;3.000;3.002;12.9;100;0;0;-8.7;0;0;0;0;0;98;0;0;1864;109.33;0;0;0;0;0;0;0;0;0;0;0;0;0;0;0;0;30;0;38.0;38.0;2;0;0.00;0.00;0.00;0.0;0.0
26.535;51;998;38;37924;0.5;14.700;1.000;29;72;9;0;100;101;100;107;100;108;100;46;46;0;1.872;1.872;0.000;0.000;14.700;1.000;6.2;0.0;0;29;3.000;2.368;12.6;100;0;0;-8.7;0;0;0;0;0;98;0;0;1864;112.06;0;0;0;0;0;0;0;0;0;0;0;0;0;0;0;0;29;0;38.0;38.0;2;0;0.00;0.00;0.00;0.0;0.0
26.601;51;1015;39;39585;0.5;14.900;1.014;29;72;9;0;100;101;100;107;100;108;100;47;47;0;1.887;1.887;0.000;0.000;14.700;1.000;6.4;0.0;0;30;3.000;3.092;12.6;-280;0;0;-8.6;0;0;0;0;0;98;0;0;1864;110.19;0;0;0;0;0;0;0;0;0;0;0;0;0;0;0;0;30;0;39.0;39.0;2;0;0.00;0.00;0.00;0.0;0.0
26.667;51;1012;38;38456;0.5;15.000;1.020;29;72;9;0;100;101;100;107;100;108;100;46;46;0;1.872;1.872;0.000;0.000;14.700;1.000;6.3;0.0;0;30;3.000;2.626;12.6;140;0;0;-8.7;0;0;0;0;0;98;0;0;1864;110.51;0;0;0;0;0;0;0;0;0;0;0;0;0;0;0;0;30;0;38.0;38.0;2;0;0.00;0.00;0.00;0.0;0.0
26.736;51;1002;39;39078;0.5;14.900;1.014;29;72;9;0;100;101;100;107;100;108;100;47;47;0;1.887;1.887;0.000;0.000;14.700;1.000;6.3;0.0;0;30;3.000;2.778;12.6;140;0;0;-8.6;0;0;0;0;0;98;0;0;1864;111.62;0;0;0;0;0;0;0;0;0;0;0;0;0;0;0;0;30;0;39.0;39.0;2;0;0.00;0.00;0.00;0.0;0.0
26.802;52;1003;39;39117;0.5;15.100;1.027;29;72;9;0;100;101;100;107;100;108;100;47;47;0;1.875;1.875;0.000;0.000;14.700;1.000;6.3;0.0;0;30;3.000;3.122;12.7;-100;0;0;-8.6;0;0;0;0;0;98;0;0;1860;111.27;0;0;0;0;0;0;0;0;0;0;0;0;0;0;0;0;30;0;39.0;39.0;2;0;0.00;0.00;0.00;0.0;0.0
26.867;52;1000;39;39000;0.5;15.200;1.034;29;72;9;0;100;101;100;107;100;108;100;47;47;0;1.875;1.875;0.000;0.000;14.700;1.000;6.3;0.0;0;30;3.000;2.807;12.7;0;0;0;-8.6;0;0;0;0;0;98;0;0;1860;111.60;0;0;0;0;0;0;0;0;0;0;0;0;0;0;0;0;30;0;39.0;39.0;2;0;0.00;0.00;0.00;0.0;0.0
26.937;52;995;39;38805;0.5;15.000;1.020;29;72;9;0;100;101;100;107;100;108;100;47;47;0;1.875;1.875;0.000;0.000;14.700;1.000;6.2;0.0;0;29;3.000;2.863;12.7;0;0;0;-8.6;0;0;0;0;0;98;0;0;1860;112.16;0;0;0;0;0;0;0;0;0;0;0;0;0;0;0;0;29;0;39.0;39.0;2;0;0.00;0.00;0.00;0.0;0.0
27.002;52;1001;39;39039;0.5;14.700;1.000;29;72;9;0;100;101;100;107;100;108;100;47;47;0;1.899;1.899;0.000;0.000;14.700;1.000;6.3;0.0;0;30;3.000;3.065;12.5;-40;0;0;-8.6;0;0;0;0;0;98;0;0;1860;111.49;0;0;0;0;0;0;0;0;0;0;0;0;0;0;0;0;30;0;39.0;39.0;2;0;0.00;0.00;0.00;0.0;0.0
27.068;52;1019;39;39741;0.5;14.700;1.000;29;72;9;0;100;101;100;107;100;108;100;47;47;0;1.899;1.899;0.000;0.000;14.700;1.000;6.5;0.0;0;30;3.000;2.943;12.5;150;0;0;-8.6;0;0;0;0;0;98;0;0;1860;109.52;0;0;0;0;0;0;0;0;0;0;0;0;0;0;0;0;30;0;39.0;39.0;2;0;0.00;0.00;0.00;0.0;0.0
27.137;52;1018;39;39702;0.5;15.000;1.020;29;72;9;0;100;101;100;107;100;108;100;47;47;0;1.899;1.899;0.000;0.000;14.700;1.000;6.4;0.0;0;30;3.000;2.644;12.5;150;0;0;-8.6;0;0;0;0;0;98;0;0;1860;109.63;0;0;0;0;0;0;0;0;0;0;0;0;0;0;0;0;30;0;39.0;39.0;2;0;0.00;0.00;0.00;0.0;0.0
27.203;52;1034;38;39292;0.5;14.600;0.993;29;72;9;0;100;101;100;107;100;108;100;47;47;0;1.891;1.891;0.000;0.000;14.700;1.000;6.5;0.0;0;30;3.000;2.977;12.5;160;0;0;-8.7;0;0;0;0;0;98;0;0;1860;107.93;0;0;0;0;0;0;0;0;0;0;0;0;0;0;0;0;30;0;38.0;38.0;2;0;0.00;0.00;0.00;0.0;0.0
27.268;52;1025;38;38950;0.5;14.800;1.007;29;72;9;0;100;101;100;107;100;108;100;46;46;0;1.860;1.860;0.000;0.000;14.700;1.000;6.4;0.0;0;30;3.000;2.626;12.7;-80;0;0;-8.7;0;0;0;0;0;98;0;0;1860;108.88;0;0;0;0;0;0;0;0;0;0;0;0;0;0;0;0;30;0;38.0;38.0;2;0;0.00;0.00;0.00;0.0;0.0
27.334;52;1039;38;39482;0.5;14.800;1.007;29;72;9;0;100;101;100;107;100;108;100;47;47;0;1.867;1.867;0.000;0.000;14.700;1.000;6.5;0.0;0;30;3.000;3.104;12.7;-80;0;0;-8.7;0;0;0;0;0;98;0;0;1860;107.41;0;0;0;0;0;0;0;0;0;0;0;0;0;0;0;0;30;0;38.0;38.0;2;0;0.00;0.00;0.00;0.0;0.0
27.400;52;1031;38;39178;0.5;14.500;0.986;29;72;9;0;100;101;100;107;100;108;100;47;47;0;1.867;1.867;0.000;0.000;14.700;1.000;6.4;0.0;0;30;3.000;2.879;12.7;90;0;0;-8.7;0;0;0;0;0;98;0;0;1860;108.24;0;0;0;0;0;0;0;0;0;0;0;0;0;0;0;0;30;0;38.0;38.0;2;0;0.00;0.00;0.00;0.0;0.0
27.465;52;1038;38;39444;0.5;13.600;0.925;29;72;9;0;100;101;100;107;100;108;100;46;46;0;1.860;1.860;0.000;0.000;14.700;1.000;6.4;0.0;0;30;3.000;3.056;12.7;50;0;0;-8.7;0;0;0;0;0;98;0;0;1860;107.51;0;0;0;0;0;0;0;0;0;0;0;0;0;0;0;0;30;0;38.0;38.0;2;0;0.00;0.00;0.00;0.0;0.0
27.535;52;1062;38;40356;0.5;13.200;0.898;29;72;9;0;100;101;100;107;100;108;100;47;47;0;1.855;1.855;0.000;0.000;14.700;1.000;6.6;0.0;0;30;3.000;2.990;12.8;50;0;0;-8.7;0;0;0;0;0;98;0;0;1860;105.08;0;0;0;0;0;0;0;0;0;0;0;0;0;0;0;0;30;0;38.0;38.0;2;0;0.00;0.00;0.00;0.0;0.0
27.600;52;1059;37;39183;0.5;14.000;0.952;29;72;9;0;100;101;100;107;100;108;100;46;46;0;1.831;1.831;0.000;0.000;14.700;1.000;6.5;0.0;0;30;3.000;2.681;12.8;310;0;0;-8.8;0;0;0;0;0;98;0;0;1860;105.38;0;0;0;0;0;0;0;0;0;0;0;0;0;0;0;0;30;0;37.0;37.0;2;0;0.00;0.00;0.00;0.0;0.0
27.670;52;1066;37;39442;0.5;13.600;0.925;29;72;9;0;100;101;100;107;100;108;100;46;46;0;1.831;1.831;0.000;0.000;14.700;1.000;6.5;0.0;0;30;3.000;2.715;12.8;-10;0;0;-8.8;0;0;0;0;0;98;0;0;1860;104.69;0;0;0;0;0;0;0;0;0;0;0;0;0;0;0;0;30;0;37.0;37.0;2;0;0.00;0.00;0.00;0.0;0.0
27.735;52;1067;37;39479;0.5;13.700;0.932;29;72;9;0;100;101;100;107;100;108;100;46;46;0;1.831;1.831;0.000;0.000;14.700;1.000;6.5;0.0;0;31;3.000;3.081;12.8;-10;0;0;-8.8;0;0;0;0;0;98;0;0;1860;104.59;0;0;0;0;0;0;0;0;0;0;0;0;0;0;0;0;31;0;37.0;37.0;2;0;0.00;0.00;0.00;0.0;0.0
27.801;53;1070;37;39590;0.5;12.500;0.850;29;72;9;0;100;101;100;107;100;108;100;46;46;0;1.831;1.831;0.000;0.000;14.700;1.000;6.5;0.0;0;30;3.000;2.779;12.8;30;0;0;-8.8;0;0;0;0;0;98;0;0;1864;104.52;0;0;0;0;0;0;0;0;0;0;0;0;0;0;0;0;30;0;37.0;37.0;2;0;0.00;0.00;0.00;0.0;0.0
27.867;53;1047;37;38739;0.5;12.500;0.850;29;72;9;0;100;101;100;107;100;108;100;46;46;0;1.831;1.831;0.000;0.000;14.700;1.000;6.4;0.0;0;30;3.000;2.629;12.8;-200;0;0;-8.8;0;0;0;0;0;98;0;0;1864;106.82;0;0;0;0;0;0;0;0;0;0;0;0;0;0;0;0;30;0;37.0;37.0;2;0;0.00;0.00;0.00;0.0;0.0
27.936;53;1037;37;38369;0.5;12.600;0.857;29;72;9;0;100;101;100;107;100;108;100;46;46;0;1.831;1.831;0.000;0.000;14.700;1.000;6.3;0.0;0;30;3.000;2.696;12.8;-200;0;0;-8.8;0;0;0;0;0;98;0;0;1864;107.85;0;0;0;0;0;0;0;0;0;0;0;0;0;0;0;0;30;0;37.0;37.0;2;0;0.00;0.00;0.00;0.0;0.0
28.002;53;1049;38;39862;0.5;12.500;0.850;29;72;9;0;100;101;100;107;100;108;100;46;46;0;1.848;1.848;0.000;0.000;14.700;1.000;6.5;0.0;0;30;3.000;2.931;12.8;-20;0;0;-8.7;0;0;0;0;0;98;0;0;1864;106.62;0;0;0;0;0;0;0;0;0;0;0;0;0;0;0;0;30;0;38.0;38.0;2;0;0.00;0.00;0.00;0.0;0.0
28.068;53;1043;37;38591;0.5;12.500;0.850;29;73;9;0;100;101;100;106;100;107;100;46;46;0;1.828;1.828;0.000;0.000;14.700;1.000;6.4;0.0;0;30;3.000;2.666;12.8;-30;0;0;-8.8;0;0;0;0;0;98;0;0;1864;107.23;0;0;0;0;0;0;0;0;0;0;0;0;0;0;0;0;30;0;37.0;37.0;2;0;0.00;0.00;0.00;0.0;0.0
28.068;53;1034;38;39292;0.5;12.900;0.878;29;73;9;0;100;101;100;106;100;107;100;47;47;0;1.852;1.852;0.000;0.000;14.700;1.000;6.4;0.0;0;30;3.000;2.864;12.8;-30;0;0;-8.7;0;0;0;0;0;98;0;0;1864;108.16;0;0;0;0;0;0;0;0;0;0;0;0;0;0;0;0;30;0;38.0;38.0;2;0;0.00;0.00;0.00;0.0;0.0
28.202;53;1034;38;39292;0.5;12.600;0.857;29;73;9;0;100;101;100;106;100;107;100;47;47;0;1.852;1.852;0.000;0.000;14.700;1.000;6.4;0.0;0;30;3.000;3.054;12.8;-180;0;0;-8.7;0;0;0;0;0;98;0;0;1864;108.16;0;0;0;0;0;0;0;0;0;0;0;0;0;0;0;0;30;0;38.0;38.0;2;0;0.00;0.00;0.00;0.0;0.0
28.268;53;1034;38;39292;0.5;12.500;0.850;29;73;9;0;100;101;100;106;100;107;100;47;47;0;1.852;1.852;0.000;0.000;14.700;1.000;6.4;0.0;0;30;3.000;2.892;12.8;90;0;0;-8.7;0;0;0;0;0;98;0;0;1864;108.16;0;0;0;0;0;0;0;0;0;0;0;0;0;0;0;0;30;0;38.0;38.0;2;0;0.00;0.00;0.00;0.0;0.0
28.333;53;1038;38;39444;0.5;13.000;0.884;29;73;9;0;100;101;100;106;100;107;100;46;46;0;1.845;1.845;0.000;0.000;14.700;1.000;6.4;0.0;0;30;3.000;3.012;12.8;90;0;0;-8.7;0;0;0;0;0;98;0;0;1864;107.75;0;0;0;0;0;0;0;0;0;0;0;0;0;0;0;0;30;0;38.0;38.0;2;0;0.00;0.00;0.00;0.0;0.0
28.403;53;1029;38;39102;0.5;13.000;0.884;29;73;9;0;100;101;100;106;100;107;100;47;47;0;1.852;1.852;0.000;0.000;14.700;1.000;6.4;0.0;0;30;3.000;2.540;12.8;60;0;0;-8.7;0;0;0;0;0;98;0;0;1864;108.69;0;0;0;0;0;0;0;0;0;0;0;0;0;0;0;0;30;0;38.0;38.0;2;0;0.00;0.00;0.00;0.0;0.0
28.468;53;1047;37;38739;0.5;13.300;0.905;29;73;9;0;100;101;100;106;100;107;100;46;46;0;1.828;1.828;0.000;0.000;14.700;1.000;6.4;0.0;0;30;3.000;2.934;12.8;60;0;0;-8.8;0;0;0;0;0;98;0;0;1864;106.82;0;0;0;0;0;0;0;0;0;0;0;0;0;0;0;0;30;0;37.0;37.0;2;0;0.00;0.00;0.00;0.0;0.0
28.534;53;1046;38;39748;0.5;13.800;0.939;29;73;9;0;100;101;100;106;100;107;100;46;46;0;1.869;1.869;0.000;0.000;14.700;1.000;6.5;0.0;0;30;3.000;2.970;12.6;70;0;0;-8.7;0;0;0;0;0;98;0;0;1864;106.92;0;0;0;0;0;0;0;0;0;0;0;0;0;0;0;0;30;0;38.0;38.0;2;0;0.00;0.00;0.00;0.0;0.0
28.603;53;1034;38;39292;0.5;14.500;0.986;29;73;9;0;100;101;100;106;100;107;100;47;47;0;1.876;1.876;0.000;0.000;14.700;1.000;6.5;0.0;0;30;3.000;2.761;12.6;-70;0;0;-8.7;0;0;0;0;0;98;0;0;1864;108.16;0;0;0;0;0;0;0;0;0;0;0;0;0;0;0;0;30;0;38.0;38.0;2;0;0.00;0.00;0.00;0.0;0.0
28.670;53;1032;38;39216;0.5;14.300;0.973;29;73;9;0;100;101;100;106;100;107;100;46;46;0;1.869;1.869;0.000;0.000;14.700;1.000;6.4;0.0;0;30;3.000;3.045;12.6;-70;0;0;-8.7;0;0;0;0;0;98;0;0;1864;108.37;0;0;0;0;0;0;0;0;0;0;0;0;0;0;0;0;30;0;38.0;38.0;2;0;0.00;0.00;0.00;0.0;0.0
28.739;53;1026;38;38988;0.5;13.900;0.946;29;73;9;0;100;101;100;106;100;107;100;47;47;0;1.876;1.876;0.000;0.000;14.700;1.000;6.4;0.0;0;30;3.000;3.087;12.6;-90;0;0;-8.7;0;0;0;0;0;98;0;0;1864;109.01;0;0;0;0;0;0;0;0;0;0;0;0;0;0;0;0;30;0;38.0;38.0;2;0;0.00;0.00;0.00;0.0;0.0
28.804;54;1036;38;39368;0.5;14.100;0.959;29;73;9;0;100;101;100;106;100;107;100;46;46;0;1.857;1.857;0.000;0.000;14.700;1.000;6.4;0.0;0;30;3.000;3.114;12.7;0;0;0;-8.7;0;0;0;0;0;98;0;0;1862;107.84;0;0;0;0;0;0;0;0;0;0;0;0;0;0;0;0;30;0;38.0;38.0;2;0;0.00;0.00;0.00;0.0;0.0
28.870;54;1044;37;38628;0.5;13.800;0.939;29;73;9;0;100;101;100;106;100;107;100;46;46;0;1.840;1.840;0.000;0.000;14.700;1.000;6.4;0.0;0;30;3.000;2.947;12.7;0;0;0;-8.8;0;0;0;0;0;98;0;0;1862;107.01;0;0;0;0;0;0;0;0;0;0;0;0;0;0;0;0;30;0;37.0;37.0;2;0;0.00;0.00;0.00;0.0;0.0
28.935;54;1057;37;39109;0.5;13.400;0.912;29;73;9;0;100;101;100;106;100;107;100;46;46;0;1.840;1.840;0.000;0.000;14.700;1.000;6.5;0.0;0;30;3.000;3.021;12.7;240;0;0;-8.8;0;0;0;0;0;98;0;0;1862;105.70;0;0;0;0;0;0;0;0;0;0;0;0;0;0;0;0;30;0;37.0;37.0;2;0;0.00;0.00;0.00;0.0;0.0
29.001;54;1049;37;38813;0.5;14.000;0.952;29;73;9;0;100;101;100;106;100;107;100;46;46;0;1.840;1.840;0.000;0.000;14.700;1.000;6.4;0.0;0;30;3.000;2.978;12.7;-80;0;0;-8.8;0;0;0;0;0;98;0;0;1862;106.50;0;0;0;0;0;0;0;0;0;0;0;0;0;0;0;0;30;0;37.0;37.0;2;0;0.00;0.00;0.00;0.0;0.0
29.067;54;1050;37;38850;0.5;13.500;0.918;29;73;9;0;100;101;100;106;100;107;100;46;46;0;1.828;1.828;0.000;0.000;14.700;1.000;6.4;0.0;0;30;3.000;2.932;12.8;-80;0;0;-8.8;0;0;0;0;0;98;0;0;1862;106.40;0;0;0;0;0;0;0;0;0;0;0;0;0;0;0;0;30;0;37.0;37.0;2;0;0.00;0.00;0.00;0.0;0.0
29.132;54;1039;38;39482;0.5;13.300;0.905;29;73;9;0;100;101;100;106;100;107;100;47;47;0;1.852;1.852;0.000;0.000;14.700;1.000;6.4;0.0;0;30;3.000;2.960;12.8;-80;0;0;-8.7;0;0;0;0;0;98;0;0;1862;107.53;0;0;0;0;0;0;0;0;0;0;0;0;0;0;0;0;30;0;38.0;38.0;2;0;0.00;0.00;0.00;0.0;0.0
29.132;54;1034;38;39292;0.5;13.400;0.912;29;73;9;0;100;101;100;106;100;107;100;47;47;0;1.852;1.852;0.000;0.000;14.700;1.000;6.4;0.0;0;30;3.000;2.778;12.8;10;0;0;-8.7;0;0;0;0;0;98;0;0;1862;108.05;0;0;0;0;0;0;0;0;0;0;0;0;0;0;0;0;30;0;38.0;38.0;2;0;0.00;0.00;0.00;0.0;0.0
29.267;54;1040;38;39520;0.5;13.600;0.925;29;73;9;0;100;101;100;106;100;107;100;47;47;0;1.852;1.852;0.000;0.000;14.700;1.000;6.4;0.0;0;30;3.000;2.884;12.8;10;0;0;-8.7;0;0;0;0;0;98;0;0;1862;107.42;0;0;0;0;0;0;0;0;0;0;0;0;0;0;0;0;30;0;38.0;38.0;2;0;0.00;0.00;0.00;0.0;0.0
29.336;54;1019;38;38722;0.5;13.800;0.939;29;73;9;0;100;101;100;106;100;107;100;46;46;0;1.833;1.833;0.000;0.000;14.700;1.000;6.2;0.0;0;30;3.000;2.384;12.9;-70;0;0;-8.7;0;0;0;0;0;98;0;0;1862;109.64;0;0;0;0;0;0;0;0;0;0;0;0;0;0;0;0;30;0;38.0;38.0;2;0;0.00;0.00;0.00;0.0;0.0
29.402;54;1032;38;39216;0.5;13.300;0.905;29;73;9;0;100;101;100;106;100;107;100;46;46;0;1.833;1.833;0.000;0.000;14.700;1.000;6.3;0.0;0;30;3.000;2.936;12.9;-70;0;0;-8.7;0;0;0;0;0;98;0;0;1862;108.26;0;0;0;0;0;0;0;0;0;0;0;0;0;0;0;0;30;0;38.0;38.0;2;0;0.00;0.00;0.00;0.0;0.0
29.468;54;1047;38;39786;0.5;13.100;0.891;29;73;9;0;100;101;100;106;100;107;100;46;46;0;1.833;1.833;0.000;0.000;14.700;1.000;6.4;0.0;0;30;3.000;3.260;12.9;-70;0;0;-8.7;0;0;0;0;0;98;0;0;1862;106.70;0;0;0;0;0;0;0;0;0;0;0;0;0;0;0;0;30;0;38.0;38.0;2;0;0.00;0.00;0.00;0.0;0.0
29.537;54;1037;38;39406;0.5;13.000;0.884;29;73;9;0;100;101;100;106;100;107;100;47;47;0;1.840;1.840;0.000;0.000;14.700;1.000;6.4;0.0;0;30;3.000;2.764;12.9;170;0;0;-8.7;0;0;0;0;0;98;0;0;1862;107.73;0;0;0;0;0;0;0;0;0;0;0;0;0;0;0;0;30;0;38.0;38.0;2;0;0.00;0.00;0.00;0.0;0.0
29.603;54;1027;38;39026;0.5;13.000;0.884;29;73;9;0;100;101;100;106;100;107;100;46;46;0;1.833;1.833;0.000;0.000;14.700;1.000;6.3;0.0;0;30;3.000;2.794;12.9;-160;0;0;-8.7;0;0;0;0;0;98;0;0;1862;108.78;0;0;0;0;0;0;0;0;0;0;0;0;0;0;0;0;30;0;38.0;38.0;2;0;0.00;0.00;0.00;0.0;0.0
29.668;54;1034;38;39292;0.5;13.000;0.884;29;73;9;0;100;101;100;106;100;107;100;47;47;0;1.840;1.840;0.000;0.000;14.700;1.000;6.3;0.0;0;30;3.000;2.943;12.9;-160;0;0;-8.7;0;0;0;0;0;98;0;0;1862;108.05;0;0;0;0;0;0;0;0;0;0;0;0;0;0;0;0;30;0;38.0;38.0;2;0;0.00;0.00;0.00;0.0;0.0
29.734;54;1046;38;39748;0.5;13.300;0.905;29;73;9;0;100;101;100;106;100;107;100;46;46;0;1.833;1.833;0.000;0.000;14.700;1.000;6.4;0.0;0;30;3.000;2.943;12.9;180;0;0;-8.7;0;0;0;0;0;98;0;0;1862;106.81;0;0;0;0;0;0;0;0;0;0;0;0;0;0;0;0;30;0;38.0;38.0;2;0;0.00;0.00;0.00;0.0;0.0
29.800;55;1034;38;39292;0.5;13.700;0.932;29;73;9;0;100;101;100;106;100;107;100;47;47;0;1.852;1.852;0.000;0.000;14.700;1.000;6.4;0.0;0;30;3.000;2.662;12.8;-130;0;0;-8.7;0;0;0;0;0;98;0;0;1861;107.99;0;0;0;0;0;0;0;0;0;0;0;0;0;0;0;0;30;0;38.0;38.0;2;0;0.00;0.00;0.00;0.0;0.0
29.869;55;1042;38;39596;0.5;13.600;0.925;29;73;9;0;100;101;100;106;100;107;100;47;47;0;1.852;1.852;0.000;0.000;14.700;1.000;6.4;0.0;0;30;3.000;3.057;12.8;-130;0;0;-8.7;0;0;0;0;0;98;0;0;1861;107.16;0;0;0;0;0;0;0;0;0;0;0;0;0;0;0;0;30;0;38.0;38.0;2;0;0.00;0.00;0.00;0.0;0.0
29.935;55;1042;38;39596;0.5;13.800;0.939;29;73;9;0;100;101;100;106;100;107;100;47;47;0;1.852;1.852;0.000;0.000;14.700;1.000;6.4;0.0;0;30;3.000;2.940;12.8;60;0;0;-8.7;0;0;0;0;0;98;0;0;1861;107.16;0;0;0;0;0;0;0;0;0;0;0;0;0;0;0;0;30;0;38.0;38.0;2;0;0.00;0.00;0.00;0.0;0.0
30.000;55;1028;38;39064;0.5;13.800;0.939;29;73;9;0;100;101;100;106;100;107;100;47;47;0;1.852;1.852;0.000;0.000;14.700;1.000;6.3;0.0;0;30;3.000;2.843;12.8;0;0;0;-8.7;0;0;0;0;0;98;0;0;1861;108.62;0;0;0;0;0;0;0;0;0;0;0;0;0;0;0;0;30;0;38.0;38.0;2;0;0.00;0.00;0.00;0.0;0.0
30.066;55;1032;38;39216;0.5;13.900;0.946;29;73;9;0;100;101;100;106;100;107;100;46;46;0;1.833;1.833;0.000;0.000;14.700;1.000;6.3;0.0;0;30;3.000;3.035;12.9;0;0;0;-8.7;0;0;0;0;0;98;0;0;1861;108.20;0;0;0;0;0;0;0;0;0;0;0;0;0;0;0;0;30;0;38.0;38.0;2;0;0.00;0.00;0.00;0.0;0.0
30.131;55;1032;38;39216;0.5;14.200;0.966;29;73;9;0;100;101;100;106;100;107;100;46;46;0;1.833;1.833;0.000;0.000;14.700;1.000;6.3;0.0;0;30;3.000;2.908;12.9;-30;0;0;-8.7;0;0;0;0;0;98;0;0;1861;108.20;0;0;0;0;0;0;0;0;0;0;0;0;0;0;0;0;30;0;38.0;38.0;2;0;0.00;0.00;0.00;0.0;0.0
30.201;55;1048;38;39824;0.5;14.200;0.966;29;73;9;0;100;101;100;106;100;107;100;47;47;0;1.840;1.840;0.000;0.000;14.700;1.000;6.4;0.0;0;30;3.000;3.017;12.9;130;0;0;-8.7;0;0;0;0;0;98;0;0;1861;106.55;0;0;0;0;0;0;0;0;0;0;0;0;0;0;0;0;30;0;38.0;38.0;2;0;0.00;0.00;0.00;0.0;0.0
30.267;55;1050;37;38850;0.5;14.300;0.973;29;73;9;0;100;101;100;106;100;107;100;46;46;0;1.816;1.816;0.000;0.000;14.700;1.000;6.4;0.0;0;30;3.000;2.825;12.9;130;0;0;-8.8;0;0;0;0;0;98;0;0;1861;106.34;0;0;0;0;0;0;0;0;0;0;0;0;0;0;0;0;30;0;37.0;37.0;2;0;0.00;0.00;0.00;0.0;0.0
30.333;55;1057;38;40166;0.5;14.100;0.959;29;73;9;0;100;101;100;106;100;107;100;47;47;0;1.840;1.840;0.000;0.000;14.700;1.000;6.5;0.0;0;30;3.000;2.909;12.9;50;0;0;-8.7;0;0;0;0;0;98;0;0;1861;105.64;0;0;0;0;0;0;0;0;0;0;0;0;0;0;0;0;30;0;38.0;38.0;2;0;0.00;0.00;0.00;0.0;0.0
30.401;55;1047;38;39786;0.5;14.200;0.966;29;73;9;0;100;101;100;106;100;107;100;46;46;0;1.833;1.833;0.000;0.000;14.700;1.000;6.4;0.0;0;30;3.000;2.894;12.9;50;0;0;-8.7;0;0;0;0;0;98;0;0;1861;106.65;0;0;0;0;0;0;0;0;0;0;0;0;0;0;0;0;30;0;38.0;38.0;2;0;0.00;0.00;0.00;0.0;0.0
30.467;55;1017;38;38646;0.5;14.100;0.959;29;73;9;0;100;101;100;106;100;107;100;47;47;0;1.840;1.840;0.000;0.000;14.700;1.000;6.2;0.0;0;30;3.000;2.571;12.9;-60;0;0;-8.7;0;0;0;0;0;98;0;0;1861;109.79;0;0;0;0;0;0;0;0;0;0;0;0;0;0;0;0;30;0;38.0;38.0;2;0;0.00;0.00;0.00;0.0;0.0
30.533;55;1012;38;38456;0.5;14.200;0.966;29;73;9;0;100;101;100;106;100;107;100;46;46;0;1.833;1.833;0.000;0.000;14.700;1.000;6.2;0.0;0;30;3.000;2.695;12.9;-310;0;0;-8.7;0;0;0;0;0;98;0;0;1861;110.34;0;0;0;0;0;0;0;0;0;0;0;0;0;0;0;0;30;0;38.0;38.0;2;0;0.00;0.00;0.00;0.0;0.0
30.602;55;1005;38;38190;0.5;14.200;0.966;29;73;9;0;100;101;100;106;100;107;100;46;46;0;1.833;1.833;0.000;0.000;14.700;1.000;6.1;0.0;0;30;3.000;2.606;12.9;-310;0;0;-8.7;0;0;0;0;0;98;0;0;1861;111.10;0;0;0;0;0;0;0;0;0;0;0;0;0;0;0;0;30;0;38.0;38.0;2;0;0.00;0.00;0.00;0.0;0.0
30.668;55;1005;39;39195;0.5;14.000;0.952;29;73;9;0;100;101;100;106;100;107;100;47;47;0;1.848;1.848;0.000;0.000;14.700;1.000;6.2;0.0;0;30;3.000;2.832;12.9;-110;0;0;-8.6;0;0;0;0;0;98;0;0;1861;111.10;0;0;0;0;0;0;0;0;0;0;0;0;0;0;0;0;30;0;39.0;39.0;2;0;0.00;0.00;0.00;0.0;0.0
30.734;55;992;39;38688;0.5;14.100;0.959;29;73;9;0;100;101;100;106;100;107;100;47;47;0;1.848;1.848;0.000;0.000;14.700;1.000;6.1;0.0;0;29;3.000;2.370;12.9;-200;0;0;-8.6;0;0;0;0;0;98;0;0;1861;112.56;0;0;0;0;0;0;0;0;0;0;0;0;0;0;0;0;29;0;39.0;39.0;2;0;0.00;0.00;0.00;0.0;0.0
30.803;55;998;39;38922;0.5;14.300;0.973;29;73;9;0;100;101;100;106;100;107;100;47;47;0;1.848;1.848;0.000;0.000;14.700;1.000;6.1;0.0;0;30;3.000;2.934;12.9;-200;0;0;-8.6;0;0;0;0;0;98;0;0;1861;111.88;0;0;0;0;0;0;0;0;0;0;0;0;0;0;0;0;30;0;39.0;39.0;2;0;0.00;0.00;0.00;0.0;0.0
30.868;56;995;39;38805;0.5;14.300;0.973;29;73;9;0;100;101;100;106;100;107;100;47;47;0;1.848;1.848;0.000;0.000;14.700;1.000;6.1;0.0;0;29;3.000;2.846;12.9;130;0;0;-8.6;0;0;0;0;0;98;0;0;1859;112.10;0;0;0;0;0;0;0;0;0;0;0;0;0;0;0;0;29;0;39.0;39.0;2;0;0.00;0.00;0.00;0.0;0.0
30.934;56;992;39;38688;0.5;14.400;0.980;29;73;9;0;100;101;100;106;100;107;100;47;47;0;1.848;1.848;0.000;0.000;14.700;1.000;6.1;0.0;0;29;3.000;2.835;12.9;-60;0;0;-8.6;0;0;0;0;0;98;0;0;1859;112.44;0;0;0;0;0;0;0;0;0;0;0;0;0;0;0;0;29;0;39.0;39.0;2;0;0.00;0.00;0.00;0.0;0.0
31.003;56;986;39;38454;0.5;14.300;0.973;29;73;9;0;100;101;100;106;100;107;100;47;47;0;1.848;1.848;0.000;0.000;14.700;1.000;6.1;0.0;0;29;3.000;3.098;12.9;-60;0;0;-8.6;0;0;0;0;0;98;0;0;1859;113.12;0;0;0;0;0;0;0;0;0;0;0;0;0;0;0;0;29;0;39.0;39.0;2;0;0.00;0.00;0.00;0.0;0.0
31.069;56;1002;39;39078;0.5;14.300;0.973;29;73;9;0;100;101;100;106;100;107;100;47;47;0;1.848;1.848;0.000;0.000;14.700;1.000;6.2;0.0;0;30;3.000;3.265;12.9;70;0;0;-8.6;0;0;0;0;0;98;0;0;1859;111.32;0;0;0;0;0;0;0;0;0;0;0;0;0;0;0;0;30;0;39.0;39.0;2;0;0.00;0.00;0.00;0.0;0.0
31.135;56;1007;39;39273;0.5;18.400;1.252;29;73;9;0;100;101;100;106;100;107;100;47;47;0;1.848;1.848;0.000;0.000;14.700;1.000;6.2;0.0;0;30;3.000;2.746;12.9;120;0;0;-8.6;0;0;0;0;0;98;0;0;1859;110.76;0;0;0;0;0;0;0;0;0;0;0;0;0;0;0;0;30;0;39.0;39.0;2;0;0.00;0.00;0.00;0.0;0.0
31.200;56;979;39;38181;0.5;19.000;1.293;29;73;9;0;100;101;100;106;100;107;100;47;47;0;1.848;1.848;0.000;0.000;14.700;1.000;6.0;0.0;0;29;3.000;2.439;12.9;120;0;0;-8.6;0;0;0;0;0;98;0;0;1859;113.93;0;0;0;0;0;0;0;0;0;0;0;0;0;0;0;0;29;0;39.0;39.0;2;0;0.00;0.00;0.00;0.0;0.0
31.273;56;984;39;38376;0.5;18.400;1.252;29;73;9;0;100;101;100;106;100;107;100;47;47;0;1.848;1.848;0.000;0.000;14.700;1.000;6.1;0.0;0;29;3.000;3.079;12.9;-340;0;0;-8.6;0;0;0;0;0;98;0;0;1859;113.35;0;0;0;0;0;0;0;0;0;0;0;0;0;0;0;0;29;0;39.0;39.0;2;0;0.00;0.00;0.00;0.0;0.0
31.339;56;1001;39;39039;0.5;15.700;1.068;29;73;9;0;100;101;100;106;100;107;100;47;47;0;1.836;1.836;0.000;0.000;14.700;1.000;6.1;0.0;0;30;3.000;2.732;13.0;150;0;0;-8.6;0;0;0;0;0;98;0;0;1859;111.43;0;0;0;0;0;0;0;0;0;0;0;0;0;0;0;0;30;0;39.0;39.0;2;0;0.00;0.00;0.00;0.0;0.0
31.405;56;1004;39;39156;0.5;15.300;1.041;29;73;9;0;100;101;100;106;100;107;100;47;47;0;1.836;1.836;0.000;0.000;14.700;1.000;6.1;0.0;0;30;3.000;2.957;13.0;150;0;0;-8.6;0;0;0;0;0;98;0;0;1859;111.10;0;0;0;0;0;0;0;0;0;0;0;0;0;0;0;0;30;0;39.0;39.0;2;0;0.00;0.00;0.00;0.0;0.0
31.471;56;1002;39;39078;0.5;18.000;1.224;29;73;9;0;100;101;100;106;100;107;100;47;47;0;1.836;1.836;0.000;0.000;14.700;1.000;6.1;0.0;0;30;3.000;3.120;13.0;120;0;0;-8.6;0;0;0;0;0;98;0;0;1859;111.32;0;0;0;0;0;0;0;0;0;0;0;0;0;0;0;0;30;0;39.0;39.0;2;0;0.00;0.00;0.00;0.0;0.0
31.536;56;1011;39;39429;0.5;18.900;1.286;29;73;9;0;100;101;100;106;100;107;100;47;47;0;1.836;1.836;0.000;0.000;14.700;1.000;6.2;0.0;0;30;3.000;3.005;13.0;70;0;0;-8.6;0;0;0;0;0;98;0;0;1859;110.33;0;0;0;0;0;0;0;0;0;0;0;0;0;0;0;0;30;0;39.0;39.0;2;0;0.00;0.00;0.00;0.0;0.0
31.602;56;1016;39;39624;0.5;17.200;1.170;29;73;9;0;100;101;100;106;100;107;100;47;47;0;1.896;1.896;0.000;0.000;14.700;1.000;6.4;0.0;0;30;3.000;2.989;12.5;70;0;0;-8.6;0;0;0;0;0;98;0;0;1859;109.78;0;0;0;0;0;0;0;0;0;0;0;0;0;0;0;0;30;0;39.0;39.0;2;0;0.00;0.00;0.00;0.0;0.0
31.667;56;1003;39;39117;0.5;15.800;1.075;29;73;9;0;100;101;100;106;100;107;100;47;47;0;1.896;1.896;0.000;0.000;14.700;1.000;6.3;0.0;0;30;3.000;2.894;12.5;40;0;0;-8.6;0;0;0;0;0;98;0;0;1859;111.21;0;0;0;0;0;0;0;0;0;0;0;0;0;0;0;0;30;0;39.0;39.0;2;0;0.00;0.00;0.00;0.0;0.0
31.733;56;1001;39;39039;0.5;16.700;1.136;29;73;9;0;100;101;100;106;100;107;100;47;47;0;1.896;1.896;0.000;0.000;14.700;1.000;6.3;0.0;0;30;3.000;2.854;12.5;-140;0;0;-8.6;0;0;0;0;0;98;0;0;1859;111.43;0;0;0;0;0;0;0;0;0;0;0;0;0;0;0;0;30;0;39.0;39.0;2;0;0.00;0.00;0.00;0.0;0.0
31.802;56;1009;39;39351;0.5;18.100;1.231;29;73;9;0;100;101;100;106;100;107;100;47;47;0;1.896;1.896;0.000;0.000;14.700;1.000;6.4;0.0;0;30;3.000;2.815;12.5;-140;0;0;-8.6;0;0;0;0;0;98;0;0;1859;110.55;0;0;0;0;0;0;0;0;0;0;0;0;0;0;0;0;30;0;39.0;39.0;2;0;0.00;0.00;0.00;0.0;0.0
31.868;57;1021;39;39819;0.5;17.100;1.163;29;73;9;0;100;101;100;106;100;107;100;47;47;0;1.872;1.872;0.000;0.000;14.700;1.000;6.4;0.0;0;30;3.000;2.858;12.7;200;0;0;-8.6;0;0;0;0;0;98;0;0;1862;109.42;0;0;0;0;0;0;0;0;0;0;0;0;0;0;0;0;30;0;39.0;39.0;2;0;0.00;0.00;0.00;0.0;0.0
31.933;57;1026;39;40014;0.5;15.600;1.061;29;73;9;0;100;101;100;106;100;107;100;47;47;0;1.872;1.872;0.000;0.000;14.700;1.000;6.4;0.0;0;30;3.000;2.681;12.7;-60;0;0;-8.6;0;0;0;0;0;98;0;0;1862;108.89;0;0;0;0;0;0;0;0;0;0;0;0;0;0;0;0;30;0;39.0;39.0;2;0;0.00;0.00;0.00;0.0;0.0
32.003;57;1032;38;39216;0.5;15.500;1.054;29;73;9;0;100;101;100;106;100;107;100;46;46;0;1.857;1.857;0.000;0.000;14.700;1.000;6.4;0.0;0;30;3.000;3.027;12.7;-60;0;0;-8.7;0;0;0;0;0;98;0;0;1862;108.26;0;0;0;0;0;0;0;0;0;0;0;0;0;0;0;0;30;0;38.0;38.0;2;0;0.00;0.00;0.00;0.0;0.0
32.069;57;1031;38;39178;0.5;16.000;1.088;29;73;9;0;100;101;100;106;100;107;100;47;47;0;1.864;1.864;0.000;0.000;14.700;1.000;6.4;0.0;0;30;3.000;3.045;12.7;130;0;0;-8.7;0;0;0;0;0;98;0;0;1862;108.36;0;0;0;0;0;0;0;0;0;0;0;0;0;0;0;0;30;0;38.0;38.0;2;0;0.00;0.00;0.00;0.0;0.0
32.134;57;1022;38;38836;0.5;16.000;1.088;29;73;9;0;100;101;100;106;100;107;100;46;46;0;1.857;1.857;0.000;0.000;14.700;1.000;6.3;0.0;0;30;3.000;2.754;12.7;0;0;0;-8.7;0;0;0;0;0;98;0;0;1862;109.32;0;0;0;0;0;0;0;0;0;0;0;0;0;0;0;0;30;0;38.0;38.0;2;0;0.00;0.00;0.00;0.0;0.0
32.204;57;1044;36;37584;0.5;16.000;1.088;29;73;9;0;100;101;100;106;100;107;100;45;45;0;1.826;1.826;0.000;0.000;14.700;1.000;6.4;0.0;0;30;3.000;3.001;12.7;0;0;0;-9.0;0;0;0;0;0;98;0;0;1862;107.01;0;0;0;0;0;0;0;0;0;0;0;0;0;0;0;0;30;0;36.0;36.0;2;0;0.00;0.00;0.00;0.0;0.0
32.269;57;1046;38;39748;0.5;15.600;1.061;29;73;9;0;100;101;100;106;100;107;100;46;46;0;1.857;1.857;0.000;0.000;14.700;1.000;6.5;0.0;0;30;3.000;2.864;12.7;240;0;0;-8.7;0;0;0;0;0;98;0;0;1862;106.81;0;0;0;0;0;0;0;0;0;0;0;0;0;0;0;0;30;0;38.0;38.0;2;0;0.00;0.00;0.00;0.0;0.0
32.335;57;1046;38;39748;0.5;14.600;0.993;29;73;9;0;100;101;100;106;100;107;100;46;46;0;1.857;1.857;0.000;0.000;14.700;1.000;6.5;0.0;0;30;3.000;2.837;12.7;-80;0;0;-8.7;0;0;0;0;0;98;0;0;1862;106.81;0;0;0;0;0;0;0;0;0;0;0;0;0;0;0;0;30;0;38.0;38.0;2;0;0.00;0.00;0.00;0.0;0.0
32.335;57;1044;38;39672;0.5;13.600;0.925;29;73;9;0;100;101;100;106;100;107;100;46;46;0;1.857;1.857;0.000;0.000;14.700;1.000;6.5;0.0;0;30;3.000;2.967;12.7;-80;0;0;-8.7;0;0;0;0;0;98;0;0;1862;107.01;0;0;0;0;0;0;0;0;0;0;0;0;0;0;0;0;30;0;38.0;38.0;2;0;0.00;0.00;0.00;0.0;0.0
32.470;57;1052;38;39976;0.5;13.400;0.912;29;73;9;0;100;101;100;106;100;107;100;47;47;0;1.864;1.864;0.000;0.000;14.700;1.000;6.5;0.0;0;30;3.000;2.914;12.7;40;0;0;-8.7;0;0;0;0;0;98;0;0;1862;106.20;0;0;0;0;0;0;0;0;0;0;0;0;0;0;0;0;30;0;38.0;38.0;2;0;0.00;0.00;0.00;0.0;0.0
32.535;57;1046;38;39748;0.5;13.100;0.891;29;73;9;0;100;101;100;106;100;107;100;46;46;0;1.857;1.857;0.000;0.000;14.700;1.000;6.5;0.0;0;30;3.000;2.877;12.7;40;0;0;-8.7;0;0;0;0;0;98;0;0;1862;106.81;0;0;0;0;0;0;0;0;0;0;0;0;0;0;0;0;30;0;38.0;38.0;2;0;0.00;0.00;0.00;0.0;0.0
32.601;57;1042;37;38554;0.5;13.000;0.884;29;73;9;0;100;101;100;106;100;107;100;46;46;0;1.852;1.852;0.000;0.000;14.700;1.000;6.4;0.0;0;30;3.000;2.763;12.6;-20;0;0;-8.8;0;0;0;0;0;98;0;0;1862;107.22;0;0;0;0;0;0;0;0;0;0;0;0;0;0;0;0;30;0;37.0;37.0;2;0;0.00;0.00;0.00;0.0;0.0
32.667;57;1060;38;40280;0.5;12.500;0.850;29;73;9;0;100;101;100;106;100;107;100;47;47;0;1.876;1.876;0.000;0.000;14.700;1.000;6.6;0.0;0;30;3.000;2.940;12.6;90;0;0;-8.7;0;0;0;0;0;98;0;0;1862;105.40;0;0;0;0;0;0;0;0;0;0;0;0;0;0;0;0;30;0;38.0;38.0;2;0;0.00;0.00;0.00;0.0;0.0
32.732;57;1073;37;39701;0.5;12.300;0.837;29;73;9;0;100;101;100;106;100;107;100;46;46;0;1.852;1.852;0.000;0.000;14.700;1.000;6.6;0.0;0;30;3.000;2.822;12.6;90;0;0;-8.8;0;0;0;0;0;98;0;0;1862;104.12;0;0;0;0;0;0;0;0;0;0;0;0;0;0;0;0;30;0;37.0;37.0;2;0;0.00;0.00;0.00;0.0;0.0
32.798;57;1072;37;39664;0.5;12.700;0.864;29;73;9;0;100;101;100;106;100;107;100;46;46;0;1.852;1.852;0.000;0.000;14.700;1.000;6.6;0.0;0;30;3.000;2.763;12.6;180;0;0;-8.8;0;0;0;0;0;98;0;0;1862;104.22;0;0;0;0;0;0;0;0;0;0;0;0;0;0;0;0;30;0;37.0;37.0;2;0;0.00;0.00;0.00;0.0;0.0
32.867;58;1068;37;39516;0.5;12.500;0.850;29;73;9;0;100;101;100;106;100;107;100;46;46;0;1.876;1.876;0.000;0.000;14.700;1.000;6.7;0.0;0;31;3.000;2.960;12.4;-70;0;0;-8.8;0;0;0;0;0;98;0;0;1861;104.55;0;0;0;0;0;0;0;0;0;0;0;0;0;0;0;0;31;0;37.0;37.0;2;0;0.00;0.00;0.00;0.0;0.0
32.937;58;1057;37;39109;0.5;12.400;0.844;29;73;9;0;100;101;100;106;100;107;100;46;46;0;1.876;1.876;0.000;0.000;14.700;1.000;6.6;0.0;0;30;3.000;2.804;12.4;-70;0;0;-8.8;0;0;0;0;0;98;0;0;1861;105.64;0;0;0;0;0;0;0;0;0;0;0;0;0;0;0;0;30;0;37.0;37.0;2;0;0.00;0.00;0.00;0.0;0.0
33.002;58;1069;37;39553;0.5;12.400;0.844;29;73;9;0;100;101;100;106;100;107;100;46;46;0;1.876;1.876;0.000;0.000;14.700;1.000;6.7;0.0;0;30;3.000;2.849;12.4;-90;0;0;-8.8;0;0;0;0;0;98;0;0;1861;104.45;0;0;0;0;0;0;0;0;0;0;0;0;0;0;0;0;30;0;37.0;37.0;2;0;0.00;0.00;0.00;0.0;0.0
33.068;58;1066;37;39442;0.5;12.400;0.844;29;73;9;0;100;101;100;106;100;107;100;46;46;0;1.876;1.876;0.000;0.000;14.700;1.000;6.7;0.0;0;30;3.000;2.636;12.4;90;0;0;-8.8;0;0;0;0;0;98;0;0;1861;104.75;0;0;0;0;0;0;0;0;0;0;0;0;0;0;0;0;30;0;37.0;37.0;2;0;0.00;0.00;0.00;0.0;0.0
33.133;58;1079;37;39923;0.5;12.200;0.830;29;73;9;0;100;101;100;106;100;107;100;46;46;0;1.888;1.888;0.000;0.000;14.700;1.000;6.8;0.0;0;30;3.000;2.955;12.3;90;0;0;-8.8;0;0;0;0;0;98;0;0;1861;103.48;0;0;0;0;0;0;0;0;0;0;0;0;0;0;0;0;30;0;37.0;37.0;2;0;0.00;0.00;0.00;0.0;0.0
33.203;58;1087;37;40219;0.5;12.100;0.823;29;73;9;0;100;101;100;106;100;107;100;46;46;0;1.888;1.888;0.000;0.000;14.700;1.000;6.8;0.0;0;30;3.000;3.004;12.3;130;0;0;-8.8;0;0;0;0;0;98;0;0;1861;102.72;0;0;0;0;0;0;0;0;0;0;0;0;0;0;0;0;30;0;37.0;37.0;2;0;0.00;0.00;0.00;0.0;0.0
33.273;58;1071;37;39627;0.5;12.200;0.830;29;73;9;0;100;101;100;106;100;107;100;46;46;0;1.888;1.888;0.000;0.000;14.700;1.000;6.7;0.0;0;30;3.000;2.690;12.3;20;0;0;-8.8;0;0;0;0;0;98;0;0;1861;104.26;0;0;0;0;0;0;0;0;0;0;0;0;0;0;0;0;30;0;37.0;37.0;2;0;0.00;0.00;0.00;0.0;0.0
33.338;58;1086;37;40182;0.5;12.200;0.830;29;73;9;0;100;101;100;106;100;107;100;46;46;0;1.888;1.888;0.000;0.000;14.700;1.000;6.8;0.0;0;30;3.000;2.982;12.3;20;0;0;-8.8;0;0;0;0;0;98;0;0;1861;102.82;0;0;0;0;0;0;0;0;0;0;0;0;0;0;0;0;30;0;37.0;37.0;2;0;0.00;0.00;0.00;0.0;0.0
33.404;58;1079;37;39923;0.5;12.200;0.830;29;73;9;0;100;101;100;106;100;107;100;46;46;0;1.864;1.864;0.000;0.000;14.700;1.000;6.7;0.0;0;30;3.000;2.749;12.5;60;0;0;-8.8;0;0;0;0;0;98;0;0;1861;103.48;0;0;0;0;0;0;0;0;0;0;0;0;0;0;0;0;30;0;37.0;37.0;2;0;0.00;0.00;0.00;0.0;0.0
33.404;58;1088;36;39168;0.5;12.000;0.816;29;73;9;0;100;101;100;106;100;107;100;45;45;0;1.850;1.850;0.000;0.000;14.700;1.000;6.7;0.0;0;30;3.000;2.903;12.5;-20;0;0;-9.0;0;0;0;0;0;98;0;0;1861;102.63;0;0;0;0;0;0;0;0;0;0;0;0;0;0;0;0;30;0;36.0;36.0;2;0;0.00;0.00;0.00;0.0;0.0
33.535;58;1082;36;38952;0.5;11.600;0.789;29;73;9;0;100;101;100;106;100;107;100;45;45;0;1.850;1.850;0.000;0.000;14.700;1.000;6.7;0.0;0;30;3.000;2.885;12.5;-20;0;0;-9.0;0;0;0;0;0;98;0;0;1861;103.20;0;0;0;0;0;0;0;0;0;0;0;0;0;0;0;0;30;0;36.0;36.0;2;0;0.00;0.00;0.00;0.0;0.0
33.604;58;1068;37;39516;0.5;11.800;0.803;29;73;9;0;100;101;100;106;100;107;100;46;46;0;1.864;1.864;0.000;0.000;14.700;1.000;6.6;0.0;0;31;3.000;2.703;12.5;-30;0;0;-8.8;0;0;0;0;0;98;0;0;1861;104.55;0;0;0;0;0;0;0;0;0;0;0;0;0;0;0;0;31;0;37.0;37.0;2;0;0.00;0.00;0.00;0.0;0.0
33.670;58;1068;37;39516;0.5;12.000;0.816;29;73;9;0;100;101;100;106;100;107;100;46;46;0;1.852;1.852;0.000;0.000;14.700;1.000;6.6;0.0;0;31;3.000;2.873;12.6;-140;0;0;-8.8;0;0;0;0;0;98;0;0;1861;104.55;0;0;0;0;0;0;0;0;0;0;0;0;0;0;0;0;31;0;37.0;37.0;2;0;0.00;0.00;0.00;0.0;0.0
33.735;58;1058;37;39146;0.5;12.600;0.857;29;73;9;0;100;101;100;106;100;107;100;46;46;0;1.852;1.852;0.000;0.000;14.700;1.000;6.5;0.0;0;30;3.000;2.616;12.6;-140;0;0;-8.8;0;0;0;0;0;98;0;0;1861;105.54;0;0;0;0;0;0;0;0;0;0;0;0;0;0;0;0;30;0;37.0;37.0;2;0;0.00;0.00;0.00;0.0;0.0
33.801;58;1062;37;39294;0.5;13.300;0.905;29;73;9;0;100;101;100;106;100;107;100;46;46;0;1.852;1.852;0.000;0.000;14.700;1.000;6.6;0.0;0;30;3.000;2.912;12.6;-130;0;0;-8.8;0;0;0;0;0;98;0;0;1861;105.14;0;0;0;0;0;0;0;0;0;0;0;0;0;0;0;0;30;0;37.0;37.0;2;0;0.00;0.00;0.00;0.0;0.0
33.866;59;1067;37;39479;0.5;14.800;1.007;29;73;9;0;100;101;100;106;100;107;100;46;46;0;1.840;1.840;0.000;0.000;14.700;1.000;6.5;0.0;0;31;3.000;3.110;12.7;120;0;0;-8.8;0;0;0;0;0;98;0;0;1864;104.82;0;0;0;0;0;0;0;0;0;0;0;0;0;0;0;0;31;0;37.0;37.0;2;0;0.00;0.00;0.00;0.0;0.0
33.932;59;1071;37;39627;0.5;17.000;1.156;29;73;9;0;100;101;100;106;100;107;100;46;46;0;1.840;1.840;0.000;0.000;14.700;1.000;6.6;0.0;0;30;3.000;2.783;12.7;120;0;0;-8.8;0;0;0;0;0;98;0;0;1864;104.43;0;0;0;0;0;0;0;0;0;0;0;0;0;0;0;0;30;0;37.0;37.0;2;0;0.00;0.00;0.00;0.0;0.0
34.002;59;1092;37;40404;0.5;18.400;1.252;29;73;9;0;100;101;100;106;100;107;100;46;46;0;1.840;1.840;0.000;0.000;14.700;1.000;6.7;0.0;0;30;3.000;3.030;12.7;-10;0;0;-8.8;0;0;0;0;0;98;0;0;1864;102.42;0;0;0;0;0;0;0;0;0;0;0;0;0;0;0;0;30;0;37.0;37.0;2;0;0.00;0.00;0.00;0.0;0.0
34.067;59;1091;36;39276;0.5;19.500;1.327;29;73;9;0;100;101;100;106;100;107;100;45;45;0;1.826;1.826;0.000;0.000;14.700;1.000;6.6;0.0;0;30;3.000;2.899;12.7;250;0;0;-9.0;0;0;0;0;0;98;0;0;1864;102.51;0;0;0;0;0;0;0;0;0;0;0;0;0;0;0;0;30;0;36.0;36.0;2;0;0.00;0.00;0.00;0.0;0.0
34.137;59;1089;36;39204;0.5;19.700;1.340;29;73;9;0;100;101;100;106;100;107;100;45;45;0;1.826;1.826;0.000;0.000;14.700;1.000;6.6;0.0;0;30;3.000;2.947;12.7;250;0;0;-9.0;0;0;0;0;0;98;0;0;1864;102.70;0;0;0;0;0;0;0;0;0;0;0;0;0;0;0;0;30;0;36.0;36.0;2;0;0.00;0.00;0.00;0.0;0.0
34.206;59;1081;36;38916;0.5;19.700;1.340;29;73;9;0;100;101;100;106;100;107;100;45;45;0;1.826;1.826;0.000;0.000;14.700;1.000;6.6;0.0;0;30;3.000;2.835;12.7;-110;0;0;-9.0;0;0;0;0;0;98;0;0;1864;103.46;0;0;0;0;0;0;0;0;0;0;0;0;0;0;0;0;30;0;36.0;36.0;2;0;0.00;0.00;0.00;0.0;0.0
34.273;59;1049;37;38813;0.5;19.700;1.340;29;73;9;0;100;101;100;106;100;107;100;46;46;0;1.840;1.840;0.000;0.000;14.700;1.000;6.4;0.0;0;30;3.000;2.800;12.7;-140;0;0;-8.8;0;0;0;0;0;98;0;0;1864;106.62;0;0;0;0;0;0;0;0;0;0;0;0;0;0;0;0;30;0;37.0;37.0;2;0;0.00;0.00;0.00;0.0;0.0
34.337;59;1061;37;39257;0.5;19.700;1.340;29;73;9;0;100;101;100;106;100;107;100;46;46;0;1.840;1.840;0.000;0.000;14.700;1.000;6.5;0.0;0;30;3.000;2.976;12.7;-140;0;0;-8.8;0;0;0;0;0;98;0;0;1864;105.41;0;0;0;0;0;0;0;0;0;0;0;0;0;0;0;0;30;0;37.0;37.0;2;0;0.00;0.00;0.00;0.0;0.0
34.403;59;1056;37;39072;0.5;19.700;1.340;29;73;9;0;100;101;100;106;100;107;100;46;46;0;1.840;1.840;0.000;0.000;14.700;1.000;6.5;0.0;0;30;3.000;2.727;12.7;-20;0;0;-8.8;0;0;0;0;0;98;0;0;1864;105.91;0;0;0;0;0;0;0;0;0;0;0;0;0;0;0;0;30;0;37.0;37.0;2;0;0.00;0.00;0.00;0.0;0.0
34.469;59;1065;37;39405;0.5;19.700;1.340;29;73;9;0;100;101;100;106;100;107;100;46;46;0;1.840;1.840;0.000;0.000;14.700;1.000;6.5;0.0;0;30;3.000;2.827;12.7;10;0;0;-8.8;0;0;0;0;0;98;0;0;1864;105.01;0;0;0;0;0;0;0;0;0;0;0;0;0;0;0;0;30;0;37.0;37.0;2;0;0.00;0.00;0.00;0.0;0.0
34.541;59;1055;37;39035;0.5;19.700;1.340;29;73;9;0;100;101;100;106;100;107;100;46;46;0;1.840;1.840;0.000;0.000;14.700;1.000;6.5;0.0;0;30;3.000;2.802;12.7;10;0;0;-8.8;0;0;0;0;0;98;0;0;1864;106.01;0;0;0;0;0;0;0;0;0;0;0;0;0;0;0;0;30;0;37.0;37.0;2;0;0.00;0.00;0.00;0.0;0.0
34.604;59;1039;37;38443;0.5;19.700;1.340;29;73;9;0;100;101;100;106;100;107;100;46;46;0;1.840;1.840;0.000;0.000;14.700;1.000;6.4;0.0;0;30;3.000;2.742;12.7;-220;0;0;-8.8;0;0;0;0;0;98;0;0;1864;107.64;0;0;0;0;0;0;0;0;0;0;0;0;0;0;0;0;30;0;37.0;37.0;2;0;0.00;0.00;0.00;0.0;0.0
34.669;59;1042;38;39596;0.5;19.700;1.340;29;73;9;0;100;101;100;106;100;107;100;47;47;0;1.852;1.852;0.000;0.000;14.700;1.000;6.4;0.0;0;30;3.000;2.988;12.8;-10;0;0;-8.7;0;0;0;0;0;98;0;0;1864;107.33;0;0;0;0;0;0;0;0;0;0;0;0;0;0;0;0;30;0;38.0;38.0;2;0;0.00;0.00;0.00;0.0;0.0
34.739;59;1040;37;38480;0.5;19.700;1.340;29;73;9;0;100;101;100;106;100;107;100;46;46;0;1.828;1.828;0.000;0.000;14.700;1.000;6.3;0.0;0;30;3.000;2.788;12.8;-10;0;0;-8.8;0;0;0;0;0;98;0;0;1864;107.54;0;0;0;0;0;0;0;0;0;0;0;0;0;0;0;0;30;0;37.0;37.0;2;0;0.00;0.00;0.00;0.0;0.0
34.804;59;1057;38;40166;0.5;19.700;1.340;29;73;9;0;100;101;100;106;100;107;100;47;47;0;1.852;1.852;0.000;0.000;14.700;1.000;6.5;0.0;0;30;3.000;3.033;12.8;110;0;0;-8.7;0;0;0;0;0;98;0;0;1864;105.81;0;0;0;0;0;0;0;0;0;0;0;0;0;0;0;0;30;0;38.0;38.0;2;0;0.00;0.00;0.00;0.0;0.0
34.870;59;1041;38;39558;0.5;19.700;1.340;29;73;9;0;100;101;100;106;100;107;100;46;46;0;1.845;1.845;0.000;0.000;14.700;1.000;6.4;0.0;0;30;3.000;2.484;12.8;110;0;0;-8.7;0;0;0;0;0;98;0;0;1864;107.44;0;0;0;0;0;0;0;0;0;0;0;0;0;0;0;0;30;0;38.0;38.0;2;0;0.00;0.00;0.00;0.0;0.0
34.935;60;1051;38;39938;0.5;19.700;1.340;29;73;9;0;100;101;100;106;100;107;100;47;47;0;1.852;1.852;0.000;0.000;14.700;1.000;6.5;0.0;0;30;3.000;2.984;12.8;-120;0;0;-8.7;0;0;0;0;0;98;0;0;1865;106.47;0;0;0;0;0;0;0;0;0;0;0;0;0;0;0;0;30;0;38.0;38.0;2;0;0.00;0.00;0.00;0.0;0.0
35.005;60;1041;38;39558;0.5;18.400;1.252;29;73;9;0;100;101;100;106;100;107;100;46;46;0;1.845;1.845;0.000;0.000;14.700;1.000;6.4;0.0;0;30;3.000;2.869;12.8;-10;0;0;-8.7;0;0;0;0;0;98;0;0;1865;107.49;0;0;0;0;0;0;0;0;0;0;0;0;0;0;0;0;30;0;38.0;38.0;2;0;0.00;0.00;0.00;0.0;0.0
35.071;60;1017;38;38646;0.5;16.300;1.109;29;73;9;0;100;101;100;106;100;107;100;47;47;0;1.852;1.852;0.000;0.000;14.700;1.000;6.3;0.0;0;30;3.000;2.788;12.8;-10;0;0;-8.7;0;0;0;0;0;98;0;0;1865;110.03;0;0;0;0;0;0;0;0;0;0;0;0;0;0;0;0;30;0;38.0;38.0;2;0;0.00;0.00;0.00;0.0;0.0
35.136;60;1026;38;38988;0.5;15.200;1.034;29;73;9;0;100;101;100;106;100;107;100;47;47;0;1.936;1.936;0.000;0.000;14.700;1.000;6.6;0.0;0;30;3.000;2.777;12.1;-230;0;0;-8.7;0;0;0;0;0;98;0;0;1865;109.06;0;0;0;0;0;0;0;0;0;0;0;0;0;0;0;0;30;0;38.0;38.0;2;0;0.00;0.00;0.00;0.0;0.0
35.206;60;1025;38;38950;0.5;14.200;0.966;29;73;9;0;100;101;100;106;100;107;100;46;46;0;1.929;1.929;0.000;0.000;14.700;1.000;6.6;0.0;0;30;3.000;2.705;12.1;150;0;0;-8.7;0;0;0;0;0;98;0;0;1865;109.17;0;0;0;0;0;0;0;0;0;0;0;0;0;0;0;0;30;0;38.0;38.0;2;0;0.00;0.00;0.00;0.0;0.0
35.271;60;1039;38;39482;0.5;14.500;0.986;29;73;9;0;100;101;100;106;100;107;100;47;47;0;1.936;1.936;0.000;0.000;14.700;1.000;6.7;0.0;0;30;3.000;3.168;12.1;150;0;0;-8.7;0;0;0;0;0;98;0;0;1865;107.70;0;0;0;0;0;0;0;0;0;0;0;0;0;0;0;0;30;0;38.0;38.0;2;0;0.00;0.00;0.00;0.0;0.0
35.337;60;1037;38;39406;0.5;14.100;0.959;29;73;9;0;100;101;100;106;100;107;100;47;47;0;1.936;1.936;0.000;0.000;14.700;1.000;6.7;0.0;0;30;3.000;2.796;12.1;110;0;0;-8.7;0;0;0;0;0;98;0;0;1865;107.91;0;0;0;0;0;0;0;0;0;0;0;0;0;0;0;0;30;0;38.0;38.0;2;0;0.00;0.00;0.00;0.0;0.0
35.402;60;1054;38;40052;0.5;13.300;0.905;29;73;9;0;100;101;100;106;100;107;100;47;47;0;1.900;1.900;0.000;0.000;14.700;1.000;6.7;0.0;0;30;3.000;3.092;12.4;-20;0;0;-8.7;0;0;0;0;0;98;0;0;1865;106.17;0;0;0;0;0;0;0;0;0;0;0;0;0;0;0;0;30;0;38.0;38.0;2;0;0.00;0.00;0.00;0.0;0.0
35.468;60;1043;37;38591;0.5;12.900;0.878;29;73;9;0;100;101;100;106;100;107;100;46;46;0;1.876;1.876;0.000;0.000;14.700;1.000;6.5;0.0;0;30;3.000;2.841;12.4;-20;0;0;-8.8;0;0;0;0;0;98;0;0;1865;107.29;0;0;0;0;0;0;0;0;0;0;0;0;0;0;0;0;30;0;37.0;37.0;2;0;0.00;0.00;0.00;0.0;0.0
35.537;60;1055;37;39035;0.5;12.600;0.857;29;73;9;0;100;101;100;106;100;107;100;46;46;0;1.876;1.876;0.000;0.000;14.700;1.000;6.6;0.0;0;30;3.000;3.050;12.4;60;0;0;-8.8;0;0;0;0;0;98;0;0;1865;106.07;0;0;0;0;0;0;0;0;0;0;0;0;0;0;0;0;30;0;37.0;37.0;2;0;0.00;0.00;0.00;0.0;0.0
35.603;60;1069;37;39553;0.5;13.000;0.884;29;73;9;0;100;101;100;106;100;107;100;46;46;0;1.876;1.876;0.000;0.000;14.700;1.000;6.7;0.0;0;30;3.000;2.809;12.4;200;0;0;-8.8;0;0;0;0;0;98;0;0;1865;104.68;0;0;0;0;0;0;0;0;0;0;0;0;0;0;0;0;30;0;37.0;37.0;2;0;0.00;0.00;0.00;0.0;0.0
35.669;60;1062;37;39294;0.5;12.800;0.871;29;73;9;0;100;101;100;106;100;107;100;46;46;0;1.852;1.852;0.000;0.000;14.700;1.000;6.6;0.0;0;30;3.000;2.645;12.6;200;0;0;-8.8;0;0;0;0;0;98;0;0;1865;105.37;0;0;0;0;0;0;0;0;0;0;0;0;0;0;0;0;30;0;37.0;37.0;2;0;0.00;0.00;0.00;0.0;0.0
35.735;60;1083;37;40071;0.5;12.200;0.830;29;73;9;0;100;101;100;106;100;107;100;46;46;0;1.852;1.852;0.000;0.000;14.700;1.000;6.7;0.0;0;31;3.000;3.083;12.6;50;0;0;-8.8;0;0;0;0;0;98;0;0;1865;103.32;0;0;0;0;0;0;0;0;0;0;0;0;0;0;0;0;31;0;37.0;37.0;2;0;0.00;0.00;0.00;0.0;0.0
35.800;60;1075;37;39775;0.5;11.700;0.796;29;73;9;0;100;101;100;106;100;107;100;46;46;0;1.852;1.852;0.000;0.000;14.700;1.000;6.6;0.0;0;31;3.000;3.021;12.6;30;0;0;-8.8;0;0;0;0;0;98;0;0;1865;104.09;0;0;0;0;0;0;0;0;0;0;0;0;0;0;0;0;31;0;37.0;37.0;2;0;0.00;0.00;0.00;0.0;0.0
35.865;60;1081;36;38916;0.5;11.500;0.782;29;73;9;0;100;101;100;106;100;107;100;45;45;0;1.838;1.838;0.000;0.000;14.700;1.000;6.6;0.0;0;30;3.000;2.734;12.6;30;0;0;-9.0;0;0;0;0;0;98;0;0;1865;103.52;0;0;0;0;0;0;0;0;0;0;0;0;0;0;0;0;30;0;36.0;36.0;2;0;0.00;0.00;0.00;0.0;0.0
35.936;61;1090;37;40330;0.5;11.800;0.803;29;74;9;0;100;101;100;106;100;107;100;46;46;0;1.852;1.852;0.000;0.000;14.700;1.000;6.7;0.0;0;31;3.000;2.976;12.6;20;0;0;-8.8;0;0;0;0;0;98;0;0;1858;102.28;0;0;0;0;0;0;0;0;0;0;0;0;0;0;0;0;31;0;37.0;37.0;2;0;0.00;0.00;0.00;0.0;0.0
36.004;61;1084;37;40108;0.5;13.100;0.891;29;74;9;0;100;101;100;106;100;107;100;46;46;0;1.852;1.852;0.000;0.000;14.700;1.000;6.7;0.0;0;30;3.000;2.711;12.6;70;0;0;-8.8;0;0;0;0;0;98;0;0;1858;102.84;0;0;0;0;0;0;0;0;0;0;0;0;0;0;0;0;30;0;37.0;37.0;2;0;0.00;0.00;0.00;0.0;0.0
36.070;61;1098;36;39528;0.5;14.100;0.959;29;74;9;0;100;101;100;106;100;107;100;45;45;0;1.838;1.838;0.000;0.000;14.700;1.000;6.7;0.0;0;30;3.000;2.941;12.6;70;0;0;-9.0;0;0;0;0;0;98;0;0;1858;101.53;0;0;0;0;0;0;0;0;0;0;0;0;0;0;0;0;30;0;36.0;36.0;2;0;0.00;0.00;0.00;0.0;0.0
36.136;61;1094;36;39384;0.5;15.000;1.020;29;74;9;0;100;101;100;106;100;107;100;45;45;0;1.838;1.838;0.000;0.000;14.700;1.000;6.7;0.0;0;30;3.000;2.966;12.6;60;0;0;-9.0;0;0;0;0;0;98;0;0;1858;101.90;0;0;0;0;0;0;0;0;0;0;0;0;0;0;0;0;30;0;36.0;36.0;2;0;0.00;0.00;0.00;0.0;0.0
36.204;61;1091;36;39276;0.5;16.400;1.116;29;74;9;0;100;101;100;106;100;107;100;45;45;0;1.826;1.826;0.000;0.000;14.700;1.000;6.6;0.0;0;30;3.000;2.890;12.7;60;0;0;-9.0;0;0;0;0;0;98;0;0;1858;102.18;0;0;0;0;0;0;0;0;0;0;0;0;0;0;0;0;30;0;36.0;36.0;2;0;0.00;0.00;0.00;0.0;0.0
36.271;61;1097;36;39492;0.5;17.300;1.177;29;74;9;0;100;101;100;106;100;107;100;45;45;0;1.826;1.826;0.000;0.000;14.700;1.000;6.7;0.0;0;30;3.000;2.933;12.7;60;0;0;-9.0;0;0;0;0;0;98;0;0;1858;101.62;0;0;0;0;0;0;0;0;0;0;0;0;0;0;0;0;30;0;36.0;36.0;2;0;0.00;0.00;0.00;0.0;0.0
36.336;61;1100;36;39600;0.5;18.700;1.272;29;74;9;0;100;101;100;106;100;107;100;46;46;0;1.833;1.833;0.000;0.000;14.700;1.000;6.7;0.0;0;30;3.000;2.748;12.7;60;0;0;-9.0;0;0;0;0;0;98;0;0;1858;101.35;0;0;0;0;0;0;0;0;0;0;0;0;0;0;0;0;30;0;36.0;36.0;2;0;0.00;0.00;0.00;0.0;0.0
36.402;61;1098;36;39528;0.5;19.500;1.327;29;74;9;0;100;101;100;106;100;107;100;45;45;0;1.814;1.814;0.000;0.000;14.700;1.000;6.6;0.0;0;30;3.000;2.783;12.8;-40;0;0;-9.0;0;0;0;0;0;98;0;0;1858;101.53;0;0;0;0;0;0;0;0;0;0;0;0;0;0;0;0;30;0;36.0;36.0;2;0;0.00;0.00;0.00;0.0;0.0
36.467;61;1097;36;39492;0.5;19.700;1.340;29;74;9;0;100;101;100;106;100;107;100;45;45;0;1.814;1.814;0.000;0.000;14.700;1.000;6.6;0.0;0;30;3.000;2.984;12.8;-40;0;0;-9.0;0;0;0;0;0;98;0;0;1858;101.62;0;0;0;0;0;0;0;0;0;0;0;0;0;0;0;0;30;0;36.0;36.0;2;0;0.00;0.00;0.00;0.0;0.0
36.467;61;1080;36;38880;0.5;19.700;1.340;29;74;9;0;100;101;100;106;100;107;100;45;45;0;1.814;1.814;0.000;0.000;14.700;1.000;6.5;0.0;0;30;3.000;2.514;12.8;-40;0;0;-9.0;0;0;0;0;0;98;0;0;1858;103.22;0;0;0;0;0;0;0;0;0;0;0;0;0;0;0;0;30;0;36.0;36.0;2;0;0.00;0.00;0.00;0.0;0.0
36.602;61;1080;37;39960;0.5;19.700;1.340;29;74;9;0;100;101;100;106;100;107;100;46;46;0;1.828;1.828;0.000;0.000;14.700;1.000;6.6;0.0;0;30;3.000;2.821;12.8;-140;0;0;-8.8;0;0;0;0;0;98;0;0;1858;103.22;0;0;0;0;0;0;0;0;0;0;0;0;0;0;0;0;30;0;37.0;37.0;2;0;0.00;0.00;0.00;0.0;0.0
36.668;61;1074;36;38664;0.5;19.700;1.340;29;74;9;0;100;101;100;106;100;107;100;45;45;0;1.814;1.814;0.000;0.000;14.700;1.000;6.5;0.0;0;30;3.000;2.612;12.8;-140;0;0;-9.0;0;0;0;0;0;98;0;0;1858;103.80;0;0;0;0;0;0;0;0;0;0;0;0;0;0;0;0;30;0;36.0;36.0;2;0;0.00;0.00;0.00;0.0;0.0
36.734;61;1071;37;39627;0.5;19.700;1.340;29;74;9;0;100;101;100;106;100;107;100;46;46;0;1.828;1.828;0.000;0.000;14.700;1.000;6.5;0.0;0;30;3.000;2.797;12.8;-100;0;0;-8.8;0;0;0;0;0;98;0;0;1858;104.09;0;0;0;0;0;0;0;0;0;0;0;0;0;0;0;0;30;0;37.0;37.0;2;0;0.00;0.00;0.00;0.0;0.0
36.800;61;1042;37;38554;0.5;19.600;1.333;29;74;9;0;100;101;100;106;100;107;100;46;46;0;1.828;1.828;0.000;0.000;14.700;1.000;6.3;0.0;0;30;3.000;2.685;12.8;-100;0;0;-8.8;0;0;0;0;0;98;0;0;1858;106.99;0;0;0;0;0;0;0;0;0;0;0;0;0;0;0;0;30;0;37.0;37.0;2;0;0.00;0.00;0.00;0.0;0.0
36.868;61;1039;37;38443;0.5;19.700;1.340;29;74;9;0;100;101;100;106;100;107;100;46;46;0;1.828;1.828;0.000;0.000;14.700;1.000;6.3;0.0;0;30;3.000;3.007;12.8;-280;0;0;-8.8;0;0;0;0;0;98;0;0;1858;107.30;0;0;0;0;0;0;0;0;0;0;0;0;0;0;0;0;30;0;37.0;37.0;2;0;0.00;0.00;0.00;0.0;0.0
36.934;62;1037;38;39406;0.5;19.700;1.340;29;74;9;0;100;101;100;106;100;107;100;47;47;0;1.840;1.840;0.000;0.000;14.700;1.000;6.4;0.0;0;30;3.000;2.828;12.9;20;0;0;-8.7;0;0;0;0;0;98;0;0;1867;108.02;0;0;0;0;0;0;0;0;0;0;0;0;0;0;0;0;30;0;38.0;38.0;2;0;0.00;0.00;0.00;0.0;0.0
37.000;62;1027;38;39026;0.5;19.700;1.340;29;74;9;0;100;101;100;106;100;107;100;46;46;0;1.833;1.833;0.000;0.000;14.700;1.000;6.3;0.0;0;30;3.000;2.632;12.9;20;0;0;-8.7;0;0;0;0;0;98;0;0;1867;109.07;0;0;0;0;0;0;0;0;0;0;0;0;0;0;0;0;30;0;38.0;38.0;2;0;0.00;0.00;0.00;0.0;0.0
37.066;62;1024;38;38912;0.5;19.700;1.340;29;74;9;0;100;101;100;106;100;107;100;46;46;0;1.833;1.833;0.000;0.000;14.700;1.000;6.3;0.0;0;30;3.000;2.757;12.9;-170;0;0;-8.7;0;0;0;0;0;98;0;0;1867;109.39;0;0;0;0;0;0;0;0;0;0;0;0;0;0;0;0;30;0;38.0;38.0;2;0;0.00;0.00;0.00;0.0;0.0
37.135;62;1020;38;38760;0.5;19.700;1.340;29;74;9;0;100;101;100;106;100;107;100;47;47;0;1.840;1.840;0.000;0.000;14.700;1.000;6.3;0.0;0;30;3.000;2.873;12.9;-100;0;0;-8.7;0;0;0;0;0;98;0;0;1867;109.82;0;0;0;0;0;0;0;0;0;0;0;0;0;0;0;0;30;0;38.0;38.0;2;0;0.00;0.00;0.00;0.0;0.0
37.205;62;1025;38;38950;0.5;19.700;1.340;29;74;9;0;100;101;100;106;100;107;100;46;46;0;1.833;1.833;0.000;0.000;14.700;1.000;6.3;0.0;0;30;3.000;2.902;12.9;-100;0;0;-8.7;0;0;0;0;0;98;0;0;1867;109.29;0;0;0;0;0;0;0;0;0;0;0;0;0;0;0;0;30;0;38.0;38.0;2;0;0.00;0.00;0.00;0.0;0.0
37.273;62;1019;39;39741;0.5;19.700;1.340;29;74;9;0;100;101;100;106;100;107;100;47;47;0;1.848;1.848;0.000;0.000;14.700;1.000;6.3;0.0;0;30;3.000;2.847;12.9;80;0;0;-8.6;0;0;0;0;0;98;0;0;1867;109.93;0;0;0;0;0;0;0;0;0;0;0;0;0;0;0;0;30;0;39.0;39.0;2;0;0.00;0.00;0.00;0.0;0.0
37.336;62;1008;39;39312;0.5;19.700;1.340;29;74;9;0;100;101;100;106;100;107;100;47;47;0;1.848;1.848;0.000;0.000;14.700;1.000;6.2;0.0;0;30;3.000;2.790;12.9;-110;0;0;-8.6;0;0;0;0;0;98;0;0;1867;111.13;0;0;0;0;0;0;0;0;0;0;0;0;0;0;0;0;30;0;39.0;39.0;2;0;0.00;0.00;0.00;0.0;0.0
37.405;62;1004;39;39156;0.5;19.700;1.340;29;74;9;0;100;101;100;106;100;107;100;47;47;0;1.848;1.848;0.000;0.000;14.700;1.000;6.2;0.0;0;30;3.000;2.754;12.9;-110;0;0;-8.6;0;0;0;0;0;98;0;0;1867;111.57;0;0;0;0;0;0;0;0;0;0;0;0;0;0;0;0;30;0;39.0;39.0;2;0;0.00;0.00;0.00;0.0;0.0
37.405;62;995;39;38805;0.5;19.700;1.340;29;74;9;0;100;101;100;106;100;107;100;47;47;0;1.848;1.848;0.000;0.000;14.700;1.000;6.1;0.0;0;29;3.000;2.458;12.9;-100;0;0;-8.6;0;0;0;0;0;98;0;0;1867;112.58;0;0;0;0;0;0;0;0;0;0;0;0;0;0;0;0;29;0;39.0;39.0;2;0;0.00;0.00;0.00;0.0;0.0
37.536;62;982;40;39280;0.5;18.200;1.238;29;74;9;0;100;101;100;106;100;107;100;47;47;0;1.857;1.857;0.000;0.000;14.700;1.000;6.1;0.0;0;29;3.000;2.780;12.9;-220;0;0;-8.4;0;0;0;0;0;98;0;0;1867;114.07;0;0;0;0;0;0;0;0;0;0;0;0;0;0;0;0;29;0;40.0;40.0;2;0;0.00;0.00;0.00;0.0;0.0
37.602;62;970;40;38800;0.5;15.700;1.068;29;74;9;0;100;101;100;106;100;107;100;47;47;0;1.857;1.857;0.000;0.000;14.700;1.000;6.0;0.0;0;29;3.000;2.413;12.9;-220;0;0;-8.4;0;0;0;0;0;98;0;0;1867;115.48;0;0;0;0;0;0;0;0;0;0;0;0;0;0;0;0;29;0;40.0;40.0;2;0;0.00;0.00;0.00;0.0;0.0
37.667;62;979;40;39160;0.5;13.400;0.912;29;74;9;0;100;101;100;106;100;107;100;47;47;0;1.857;1.857;0.000;0.000;14.700;1.000;6.1;0.0;0;29;3.000;2.987;12.9;-40;0;0;-8.4;0;0;0;0;0;98;0;0;1867;114.42;0;0;0;0;0;0;0;0;0;0;0;0;0;0;0;0;29;0;40.0;40.0;2;0;0.00;0.00;0.00;0.0;0.0
37.737;62;979;40;39160;0.5;12.400;0.844;29;74;9;0;100;101;100;106;100;107;100;47;47;0;1.857;1.857;0.000;0.000;14.700;1.000;6.1;0.0;0;29;3.000;2.617;12.9;-80;0;0;-8.4;0;0;0;0;0;98;0;0;1867;114.42;0;0;0;0;0;0;0;0;0;0;0;0;0;0;0;0;29;0;40.0;40.0;2;0;0.00;0.00;0.00;0.0;0.0
37.803;62;984;40;39360;0.5;11.600;0.789;29;74;9;0;100;101;100;106;100;107;100;47;47;0;1.857;1.857;0.000;0.000;14.700;1.000;6.1;0.0;0;29;3.000;2.927;12.9;-80;0;0;-8.4;0;0;0;0;0;98;0;0;1867;113.84;0;0;0;0;0;0;0;0;0;0;0;0;0;0;0;0;29;0;40.0;40.0;2;0;0.00;0.00;0.00;0.0;0.0
37.872;62;981;40;39240;0.5;11.000;0.748;29;74;9;0;100;101;100;106;100;107;100;47;47;0;1.857;1.857;0.000;0.000;14.700;1.000;6.1;0.0;0;29;3.000;3.085;12.9;140;0;0;-8.4;0;0;0;0;0;98;0;0;1867;114.19;0;0;0;0;0;0;0;0;0;0;0;0;0;0;0;0;29;0;40.0;40.0;2;0;0.00;0.00;0.00;0.0;0.0
37.938;63;984;40;39360;0.5;10.900;0.741;29;74;9;0;100;101;100;106;100;107;100;47;47;0;1.857;1.857;0.000;0.000;14.700;1.000;6.1;0.0;0;29;3.000;2.991;12.9;0;0;0;-8.4;0;0;0;0;0;98;0;0;1870;114.02;0;0;0;0;0;0;0;0;0;0;0;0;0;0;0;0;29;0;40.0;40.0;2;0;0.00;0.00;0.00;0.0;0.0
38.004;63;986;40;39440;0.5;11.200;0.762;29;74;9;0;100;101;100;106;100;107;100;47;47;0;1.857;1.857;0.000;0.000;14.700;1.000;6.1;0.0;0;29;3.000;3.059;12.9;0;0;0;-8.4;0;0;0;0;0;98;0;0;1870;113.79;0;0;0;0;0;0;0;0;0;0;0;0;0;0;0;0;29;0;40.0;40.0;2;0;0.00;0.00;0.00;0.0;0.0
38.069;63;986;40;39440;0.5;11.800;0.803;29;74;9;0;100;101;100;106;100;107;100;47;47;0;1.857;1.857;0.000;0.000;14.700;1.000;6.1;0.0;0;29;3.000;2.928;12.9;10;0;0;-8.4;0;0;0;0;0;98;0;0;1870;113.79;0;0;0;0;0;0;0;0;0;0;0;0;0;0;0;0;29;0;40.0;40.0;2;0;0.00;0.00;0.00;0.0;0.0
38.138;63;994;40;39760;0.5;11.900;0.810;29;74;9;0;100;101;100;106;100;107;100;47;47;0;1.857;1.857;0.000;0.000;14.700;1.000;6.2;0.0;0;29;3.000;2.990;12.9;60;0;0;-8.4;0;0;0;0;0;98;0;0;1870;112.88;0;0;0;0;0;0;0;0;0;0;0;0;0;0;0;0;29;0;40.0;40.0;2;0;0.00;0.00;0.00;0.0;0.0
38.204;63;999;39;38961;0.5;11.700;0.796;29;74;9;0;100;101;100;106;100;107;100;47;47;0;1.848;1.848;0.000;0.000;14.700;1.000;6.2;0.0;0;29;3.000;2.649;12.9;60;0;0;-8.6;0;0;0;0;0;98;0;0;1870;112.31;0;0;0;0;0;0;0;0;0;0;0;0;0;0;0;0;29;0;39.0;39.0;2;0;0.00;0.00;0.00;0.0;0.0
38.269;63;1012;39;39468;0.5;11.700;0.796;29;74;9;0;100;101;100;106;100;107;100;47;47;0;1.848;1.848;0.000;0.000;14.700;1.000;6.2;0.0;0;30;3.000;2.986;12.9;190;0;0;-8.6;0;0;0;0;0;98;0;0;1870;110.87;0;0;0;0;0;0;0;0;0;0;0;0;0;0;0;0;30;0;39.0;39.0;2;0;0.00;0.00;0.00;0.0;0.0
38.335;63;1027;39;40053;0.5;11.700;0.796;29;74;9;0;100;101;100;106;100;107;100;47;47;0;1.848;1.848;0.000;0.000;14.700;1.000;6.3;0.0;0;30;3.000;2.829;12.9;60;0;0;-8.6;0;0;0;0;0;98;0;0;1870;109.25;0;0;0;0;0;0;0;0;0;0;0;0;0;0;0;0;30;0;39.0;39.0;2;0;0.00;0.00;0.00;0.0;0.0
38.401;63;1029;39;40131;0.5;11.400;0.776;29;74;9;0;100;101;100;106;100;107;100;47;47;0;1.848;1.848;0.000;0.000;14.700;1.000;6.3;0.0;0;30;3.000;2.873;12.9;60;0;0;-8.6;0;0;0;0;0;98;0;0;1870;109.04;0;0;0;0;0;0;0;0;0;0;0;0;0;0;0;0;30;0;39.0;39.0;2;0;0.00;0.00;0.00;0.0;0.0
38.466;63;1031;38;39178;0.5;10.900;0.741;29;74;9;0;100;101;100;106;100;107;100;47;47;0;1.840;1.840;0.000;0.000;14.700;1.000;6.3;0.0;0;30;3.000;3.135;12.9;70;0;0;-8.7;0;0;0;0;0;98;0;0;1870;108.83;0;0;0;0;0;0;0;0;0;0;0;0;0;0;0;0;30;0;38.0;38.0;2;0;0.00;0.00;0.00;0.0;0.0
38.536;63;1038;38;39444;0.5;11.400;0.776;29;74;9;0;100;101;100;106;100;107;100;46;46;0;1.833;1.833;0.000;0.000;14.700;1.000;6.3;0.0;0;30;3.000;3.035;12.9;150;0;0;-8.7;0;0;0;0;0;98;0;0;1870;108.09;0;0;0;0;0;0;0;0;0;0;0;0;0;0;0;0;30;0;38.0;38.0;2;0;0.00;0.00;0.00;0.0;0.0
38.601;63;1035;38;39330;0.5;11.600;0.789;29;74;9;0;100;101;100;106;100;107;100;46;46;0;1.833;1.833;0.000;0.000;14.700;1.000;6.3;0.0;0;30;3.000;3.012;12.9;150;0;0;-8.7;0;0;0;0;0;98;0;0;1870;108.41;0;0;0;0;0;0;0;0;0;0;0;0;0;0;0;0;30;0;38.0;38.0;2;0;0.00;0.00;0.00;0.0;0.0
38.671;63;1027;38;39026;0.5;12.200;0.830;29;74;9;0;100;101;100;106;100;107;100;46;46;0;1.833;1.833;0.000;0.000;14.700;1.000;6.3;0.0;0;30;3.000;2.578;12.9;-20;0;0;-8.7;0;0;0;0;0;98;0;0;1870;109.25;0;0;0;0;0;0;0;0;0;0;0;0;0;0;0;0;30;0;38.0;38.0;2;0;0.00;0.00;0.00;0.0;0.0
38.736;63;1025;38;38950;0.5;12.300;0.837;29;74;9;0;100;101;100;106;100;107;100;46;46;0;1.833;1.833;0.000;0.000;14.700;1.000;6.3;0.0;0;30;3.000;2.738;12.9;-110;0;0;-8.7;0;0;0;0;0;98;0;0;1870;109.46;0;0;0;0;0;0;0;0;0;0;0;0;0;0;0;0;30;0;38.0;38.0;2;0;0.00;0.00;0.00;0.0;0.0
38.802;63;1034;38;39292;0.5;12.000;0.816;29;74;9;0;100;101;100;106;100;107;100;47;47;0;1.840;1.840;0.000;0.000;14.700;1.000;6.3;0.0;0;30;3.000;2.754;12.9;-110;0;0;-8.7;0;0;0;0;0;98;0;0;1870;108.51;0;0;0;0;0;0;0;0;0;0;0;0;0;0;0;0;30;0;38.0;38.0;2;0;0.00;0.00;0.00;0.0;0.0
38.868;63;1033;38;39254;0.5;12.700;0.864;29;74;9;0;100;101;100;106;100;107;100;46;46;0;1.833;1.833;0.000;0.000;14.700;1.000;6.3;0.0;0;30;3.000;2.960;12.9;80;0;0;-8.7;0;0;0;0;0;98;0;0;1870;108.62;0;0;0;0;0;0;0;0;0;0;0;0;0;0;0;0;30;0;38.0;38.0;2;0;0.00;0.00;0.00;0.0;0.0
38.937;63;1034;38;39292;0.5;13.000;0.884;29;74;9;0;100;101;100;106;100;107;100;47;47;0;1.840;1.840;0.000;0.000;14.700;1.000;6.3;0.0;0;30;3.000;3.092;12.9;80;0;0;-8.7;0;0;0;0;0;98;0;0;1870;108.51;0;0;0;0;0;0;0;0;0;0;0;0;0;0;0;0;30;0;38.0;38.0;2;0;0.00;0.00;0.00;0.0;0.0
39.003;64;1028;38;39064;0.5;13.200;0.898;29;74;9;0;100;101;100;106;100;107;100;47;47;0;1.852;1.852;0.000;0.000;14.700;1.000;6.3;0.0;0;30;3.000;3.052;12.8;10;0;0;-8.7;0;0;0;0;0;98;0;0;1861;108.62;0;0;0;0;0;0;0;0;0;0;0;0;0;0;0;0;30;0;38.0;38.0;2;0;0.00;0.00;0.00;0.0;0.0
39.068;64;1034;38;39292;0.5;13.000;0.884;29;74;9;0;100;101;100;106;100;107;100;47;47;0;1.852;1.852;0.000;0.000;14.700;1.000;6.4;0.0;0;30;3.000;2.768;12.8;-60;0;0;-8.7;0;0;0;0;0;98;0;0;1861;107.99;0;0;0;0;0;0;0;0;0;0;0;0;0;0;0;0;30;0;38.0;38.0;2;0;0.00;0.00;0.00;0.0;0.0
39.134;64;1036;38;39368;0.5;13.100;0.891;29;74;9;0;100;101;100;106;100;107;100;46;46;0;1.845;1.845;0.000;0.000;14.700;1.000;6.4;0.0;0;30;3.000;2.856;12.8;-60;0;0;-8.7;0;0;0;0;0;98;0;0;1861;107.78;0;0;0;0;0;0;0;0;0;0;0;0;0;0;0;0;30;0;38.0;38.0;2;0;0.00;0.00;0.00;0.0;0.0
39.203;64;1037;38;39406;0.5;13.000;0.884;29;74;9;0;100;101;100;106;100;107;100;47;47;0;1.840;1.840;0.000;0.000;14.700;1.000;6.4;0.0;0;30;3.000;2.868;12.9;80;0;0;-8.7;0;0;0;0;0;98;0;0;1861;107.68;0;0;0;0;0;0;0;0;0;0;0;0;0;0;0;0;30;0;38.0;38.0;2;0;0.00;0.00;0.00;0.0;0.0
39.273;64;1041;38;39558;0.5;13.200;0.898;29;74;9;0;100;101;100;106;100;107;100;46;46;0;1.833;1.833;0.000;0.000;14.700;1.000;6.4;0.0;0;30;3.000;3.063;12.9;-50;0;0;-8.7;0;0;0;0;0;98;0;0;1861;107.26;0;0;0;0;0;0;0;0;0;0;0;0;0;0;0;0;30;0;38.0;38.0;2;0;0.00;0.00;0.00;0.0;0.0
39.339;64;1053;38;40014;0.5;13.500;0.918;29;74;9;0;100;101;100;106;100;107;100;47;47;0;1.840;1.840;0.000;0.000;14.700;1.000;6.5;0.0;0;30;3.000;3.019;12.9;-50;0;0;-8.7;0;0;0;0;0;98;0;0;1861;106.04;0;0;0;0;0;0;0;0;0;0;0;0;0;0;0;0;30;0;38.0;38.0;2;0;0.00;0.00;0.00;0.0;0.0
39.404;64;1046;38;39748;0.5;13.700;0.932;29;74;9;0;100;101;100;106;100;107;100;46;46;0;1.833;1.833;0.000;0.000;14.700;1.000;6.4;0.0;0;30;3.000;2.936;12.9;220;0;0;-8.7;0;0;0;0;0;98;0;0;1861;106.75;0;0;0;0;0;0;0;0;0;0;0;0;0;0;0;0;30;0;38.0;38.0;2;0;0.00;0.00;0.00;0.0;0.0
39.469;64;1032;38;39216;0.5;13.700;0.932;29;74;9;0;100;101;100;106;100;107;100;46;46;0;1.833;1.833;0.000;0.000;14.700;1.000;6.3;0.0;0;30;3.000;2.883;12.9;-100;0;0;-8.7;0;0;0;0;0;98;0;0;1861;108.20;0;0;0;0;0;0;0;0;0;0;0;0;0;0;0;0;30;0;38.0;38.0;2;0;0.00;0.00;0.00;0.0;0.0
39.535;64;1034;34;35156;0.5;13.500;0.918;29;74;9;0;100;101;100;106;100;107;100;44;44;0;1.773;1.773;0.000;0.000;14.700;1.000;6.1;0.0;0;30;3.000;2.861;12.9;-100;0;0;-9.3;0;0;0;0;0;98;0;0;1861;107.99;0;0;0;0;0;0;0;0;0;0;0;0;0;0;0;0;30;0;34.0;34.0;2;0;0.00;0.00;0.00;0.0;0.0
39.601;64;1027;38;39026;0.5;13.100;0.891;29;74;9;0;100;101;100;106;100;107;100;46;46;0;1.833;1.833;0.000;0.000;14.700;1.000;6.3;0.0;0;30;3.000;2.706;12.9;-90;0;0;-8.7;0;0;0;0;0;98;0;0;1861;108.72;0;0;0;0;0;0;0;0;0;0;0;0;0;0;0;0;30;0;38.0;38.0;2;0;0.00;0.00;0.00;0.0;0.0
39.666;64;1029;38;39102;0.5;12.700;0.864;29;74;9;0;100;101;100;106;100;107;100;47;47;0;1.840;1.840;0.000;0.000;14.700;1.000;6.3;0.0;0;30;3.000;2.646;12.9;-90;0;0;-8.7;0;0;0;0;0;98;0;0;1861;108.51;0;0;0;0;0;0;0;0;0;0;0;0;0;0;0;0;30;0;38.0;38.0;2;0;0.00;0.00;0.00;0.0;0.0
39.735;64;1033;38;39254;0.5;12.900;0.878;29;74;9;0;100;101;100;106;100;107;100;46;46;0;1.821;1.821;0.000;0.000;14.700;1.000;6.3;0.0;0;30;3.000;3.004;13.0;-90;0;0;-8.7;0;0;0;0;0;98;0;0;1861;108.09;0;0;0;0;0;0;0;0;0;0;0;0;0;0;0;0;30;0;38.0;38.0;2;0;0.00;0.00;0.00;0.0;0.0
39.801;64;1041;38;39558;0.5;13.400;0.912;29;74;9;0;100;101;100;106;100;107;100;46;46;0;1.821;1.821;0.000;0.000;14.700;1.000;6.3;0.0;0;30;3.000;3.113;13.0;80;0;0;-8.7;0;0;0;0;0;98;0;0;1861;107.26;0;0;0;0;0;0;0;0;0;0;0;0;0;0;0;0;30;0;38.0;38.0;2;0;0.00;0.00;0.00;0.0;0.0
39.867;64;1041;38;39558;0.5;12.900;0.878;29;74;9;0;100;101;100;106;100;107;100;46;46;0;1.821;1.821;0.000;0.000;14.700;1.000;6.3;0.0;0;30;3.000;3.031;13.0;80;0;0;-8.7;0;0;0;0;0;98;0;0;1861;107.26;0;0;0;0;0;0;0;0;0;0;0;0;0;0;0;0;30;0;38.0;38.0;2;0;0.00;0.00;0.00;0.0;0.0
39.933;64;1040;38;39520;0.5;12.300;0.837;29;74;9;0;100;101;100;106;100;107;100;47;47;0;1.828;1.828;0.000;0.000;14.700;1.000;6.3;0.0;0;30;3.000;2.669;13.0;80;0;0;-8.7;0;0;0;0;0;98;0;0;1861;107.37;0;0;0;0;0;0;0;0;0;0;0;0;0;0;0;0;30;0;38.0;38.0;2;0;0.00;0.00;0.00;0.0;0.0
40.002;65;1057;38;40166;0.5;12.400;0.844;29;74;9;0;100;101;100;106;100;107;100;47;47;0;1.900;1.900;0.000;0.000;14.700;1.000;6.7;0.0;0;30;3.000;2.997;12.4;-10;0;0;-8.7;0;0;0;0;0;98;0;0;1857;105.41;0;0;0;0;0;0;0;0;0;0;0;0;0;0;0;0;30;0;38.0;38.0;2;0;0.00;0.00;0.00;0.0;0.0
40.068;65;1051;37;38887;0.5;13.200;0.898;29;74;9;0;100;101;100;106;100;107;100;46;46;0;1.876;1.876;0.000;0.000;14.700;1.000;6.6;0.0;0;30;3.000;2.701;12.4;110;0;0;-8.8;0;0;0;0;0;98;0;0;1857;106.01;0;0;0;0;0;0;0;0;0;0;0;0;0;0;0;0;30;0;37.0;37.0;2;0;0.00;0.00;0.00;0.0;0.0
40.137;65;1056;37;39072;0.5;13.400;0.912;29;74;9;0;100;101;100;106;100;107;100;46;46;0;1.876;1.876;0.000;0.000;14.700;1.000;6.6;0.0;0;30;3.000;2.771;12.4;110;0;0;-8.8;0;0;0;0;0;98;0;0;1857;105.51;0;0;0;0;0;0;0;0;0;0;0;0;0;0;0;0;30;0;37.0;37.0;2;0;0.00;0.00;0.00;0.0;0.0
40.202;65;1038;37;38406;0.5;13.300;0.905;29;74;9;0;100;101;100;106;100;107;100;46;46;0;1.876;1.876;0.000;0.000;14.700;1.000;6.5;0.0;0;30;3.000;2.891;12.4;-100;0;0;-8.8;0;0;0;0;0;98;0;0;1857;107.34;0;0;0;0;0;0;0;0;0;0;0;0;0;0;0;0;30;0;37.0;37.0;2;0;0.00;0.00;0.00;0.0;0.0
40.268;65;1031;38;39178;0.5;13.100;0.891;29;74;9;0;100;101;100;106;100;107;100;47;47;0;1.900;1.900;0.000;0.000;14.700;1.000;6.5;0.0;0;30;3.000;2.833;12.4;-100;0;0;-8.7;0;0;0;0;0;98;0;0;1857;108.07;0;0;0;0;0;0;0;0;0;0;0;0;0;0;0;0;30;0;38.0;38.0;2;0;0.00;0.00;0.00;0.0;0.0
40.334;65;1035;38;39330;0.5;13.200;0.898;29;74;9;0;100;101;100;106;100;107;100;46;46;0;1.893;1.893;0.000;0.000;14.700;1.000;6.5;0.0;0;30;3.000;3.104;12.4;-100;0;0;-8.7;0;0;0;0;0;98;0;0;1857;107.65;0;0;0;0;0;0;0;0;0;0;0;0;0;0;0;0;30;0;38.0;38.0;2;0;0.00;0.00;0.00;0.0;0.0
40.399;65;1031;38;39178;0.5;13.300;0.905;29;74;9;0;100;101;100;106;100;107;100;47;47;0;1.900;1.900;0.000;0.000;14.700;1.000;6.5;0.0;0;30;3.000;2.782;12.4;100;0;0;-8.7;0;0;0;0;0;98;0;0;1857;108.07;0;0;0;0;0;0;0;0;0;0;0;0;0;0;0;0;30;0;38.0;38.0;2;0;0.00;0.00;0.00;0.0;0.0
40.469;65;1045;38;39710;0.5;13.000;0.884;29;74;9;0;100;101;100;106;100;107;100;47;47;0;1.876;1.876;0.000;0.000;14.700;1.000;6.5;0.0;0;30;3.000;3.029;12.6;40;0;0;-8.7;0;0;0;0;0;98;0;0;1857;106.62;0;0;0;0;0;0;0;0;0;0;0;0;0;0;0;0;30;0;38.0;38.0;2;0;0.00;0.00;0.00;0.0;0.0
40.534;65;1056;38;40128;0.5;13.100;0.891;29;74;9;0;100;101;100;106;100;107;100;47;47;0;1.876;1.876;0.000;0.000;14.700;1.000;6.6;0.0;0;30;3.000;2.947;12.6;40;0;0;-8.7;0;0;0;0;0;98;0;0;1857;105.51;0;0;0;0;0;0;0;0;0;0;0;0;0;0;0;0;30;0;38.0;38.0;2;0;0.00;0.00;0.00;0.0;0.0
40.604;65;1051;38;39938;0.5;13.200;0.898;29;74;9;0;100;101;100;106;100;107;100;47;47;0;1.876;1.876;0.000;0.000;14.700;1.000;6.6;0.0;0;30;3.000;2.905;12.6;20;0;0;-8.7;0;0;0;0;0;98;0;0;1857;106.01;0;0;0;0;0;0;0;0;0;0;0;0;0;0;0;0;30;0;38.0;38.0;2;0;0.00;0.00;0.00;0.0;0.0
40.670;65;1046;38;39748;0.5;12.800;0.871;29;74;9;0;100;101;100;106;100;107;100;46;46;0;1.869;1.869;0.000;0.000;14.700;1.000;6.5;0.0;0;30;3.000;2.890;12.6;-10;0;0;-8.7;0;0;0;0;0;98;0;0;1857;106.52;0;0;0;0;0;0;0;0;0;0;0;0;0;0;0;0;30;0;38.0;38.0;2;0;0.00;0.00;0.00;0.0;0.0
40.735;65;1041;38;39558;0.5;12.800;0.871;29;74;9;0;100;101;100;106;100;107;100;46;46;0;1.857;1.857;0.000;0.000;14.700;1.000;6.4;0.0;0;30;3.000;2.882;12.7;-10;0;0;-8.7;0;0;0;0;0;98;0;0;1857;107.03;0;0;0;0;0;0;0;0;0;0;0;0;0;0;0;0;30;0;38.0;38.0;2;0;0.00;0.00;0.00;0.0;0.0
40.801;65;1065;37;39405;0.5;12.500;0.850;29;74;9;0;100;101;100;106;100;107;100;46;46;0;1.840;1.840;0.000;0.000;14.700;1.000;6.5;0.0;0;30;3.000;2.987;12.7;120;0;0;-8.8;0;0;0;0;0;98;0;0;1857;104.62;0;0;0;0;0;0;0;0;0;0;0;0;0;0;0;0;30;0;37.0;37.0;2;0;0.00;0.00;0.00;0.0;0.0
40.866;65;1065;37;39405;0.5;12.400;0.844;29;74;9;0;100;101;100;106;100;107;100;46;46;0;1.840;1.840;0.000;0.000;14.700;1.000;6.5;0.0;0;30;3.000;2.716;12.7;70;0;0;-8.8;0;0;0;0;0;98;0;0;1857;104.62;0;0;0;0;0;0;0;0;0;0;0;0;0;0;0;0;30;0;37.0;37.0;2;0;0.00;0.00;0.00;0.0;0.0
40.866;65;1076;37;39812;0.5;12.300;0.837;29;74;9;0;100;101;100;106;100;107;100;46;46;0;1.840;1.840;0.000;0.000;14.700;1.000;6.6;0.0;0;31;3.000;2.947;12.7;70;0;0;-8.8;0;0;0;0;0;98;0;0;1857;103.55;0;0;0;0;0;0;0;0;0;0;0;0;0;0;0;0;31;0;37.0;37.0;2;0;0.00;0.00;0.00;0.0;0.0
41.001;66;1069;37;39553;0.5;12.100;0.823;29;74;9;0;100;101;100;106;100;107;100;46;46;0;1.828;1.828;0.000;0.000;14.700;1.000;6.5;0.0;0;30;3.000;2.945;12.8;-40;0;0;-8.8;0;0;0;0;0;98;0;0;1864;104.62;0;0;0;0;0;0;0;0;0;0;0;0;0;0;0;0;30;0;37.0;37.0;2;0;0.00;0.00;0.00;0.0;0.0
41.067;66;1065;37;39405;0.5;12.400;0.844;29;74;9;0;100;101;100;106;100;107;100;46;46;0;1.828;1.828;0.000;0.000;14.700;1.000;6.5;0.0;0;30;3.000;2.950;12.8;-40;0;0;-8.8;0;0;0;0;0;98;0;0;1864;105.01;0;0;0;0;0;0;0;0;0;0;0;0;0;0;0;0;30;0;37.0;37.0;2;0;0.00;0.00;0.00;0.0;0.0
41.133;66;1072;37;39664;0.5;12.400;0.844;29;74;9;0;100;101;100;106;100;107;100;46;46;0;1.828;1.828;0.000;0.000;14.700;1.000;6.5;0.0;0;30;3.000;2.845;12.8;40;0;0;-8.8;0;0;0;0;0;98;0;0;1864;104.33;0;0;0;0;0;0;0;0;0;0;0;0;0;0;0;0;30;0;37.0;37.0;2;0;0.00;0.00;0.00;0.0;0.0
41.202;66;1068;37;39516;0.5;12.700;0.864;29;74;9;0;100;101;100;106;100;107;100;46;46;0;1.828;1.828;0.000;0.000;14.700;1.000;6.5;0.0;0;31;3.000;2.822;12.8;80;0;0;-8.8;0;0;0;0;0;98;0;0;1864;104.72;0;0;0;0;0;0;0;0;0;0;0;0;0;0;0;0;31;0;37.0;37.0;2;0;0.00;0.00;0.00;0.0;0.0
41.268;66;1072;37;39664;0.5;12.700;0.864;29;74;9;0;100;101;100;106;100;107;100;46;46;0;1.828;1.828;0.000;0.000;14.700;1.000;6.5;0.0;0;30;3.000;2.812;12.8;80;0;0;-8.8;0;0;0;0;0;98;0;0;1864;104.33;0;0;0;0;0;0;0;0;0;0;0;0;0;0;0;0;30;0;37.0;37.0;2;0;0.00;0.00;0.00;0.0;0.0
41.337;66;1078;37;39886;0.5;13.000;0.884;29;74;9;0;100;101;100;106;100;107;100;46;46;0;1.828;1.828;0.000;0.000;14.700;1.000;6.6;0.0;0;30;3.000;2.899;12.8;-10;0;0;-8.8;0;0;0;0;0;98;0;0;1864;103.75;0;0;0;0;0;0;0;0;0;0;0;0;0;0;0;0;30;0;37.0;37.0;2;0;0.00;0.00;0.00;0.0;0.0
41.403;66;1075;37;39775;0.5;13.300;0.905;29;74;9;0;100;101;100;106;100;107;100;46;46;0;1.828;1.828;0.000;0.000;14.700;1.000;6.6;0.0;0;31;3.000;2.798;12.8;30;0;0;-8.8;0;0;0;0;0;98;0;0;1864;104.04;0;0;0;0;0;0;0;0;0;0;0;0;0;0;0;0;31;0;37.0;37.0;2;0;0.00;0.00;0.00;0.0;0.0
41.468;66;1063;37;39331;0.5;12.900;0.878;29;74;9;0;100;101;100;106;100;107;100;46;46;0;1.828;1.828;0.000;0.000;14.700;1.000;6.5;0.0;0;30;3.000;2.766;12.8;30;0;0;-8.8;0;0;0;0;0;98;0;0;1864;105.21;0;0;0;0;0;0;0;0;0;0;0;0;0;0;0;0;30;0;37.0;37.0;2;0;0.00;0.00;0.00;0.0;0.0
41.534;66;1053;37;38961;0.5;13.000;0.884;29;74;9;0;100;101;100;106;100;107;100;46;46;0;1.828;1.828;0.000;0.000;14.700;1.000;6.4;0.0;0;30;3.000;2.763;12.8;-120;0;0;-8.8;0;0;0;0;0;98;0;0;1864;106.21;0;0;0;0;0;0;0;0;0;0;0;0;0;0;0;0;30;0;37.0;37.0;2;0;0.00;0.00;0.00;0.0;0.0
41.602;66;1054;37;38998;0.5;13.700;0.932;29;74;9;0;100;101;100;106;100;107;100;46;46;0;1.828;1.828;0.000;0.000;14.700;1.000;6.4;0.0;0;30;3.000;2.751;12.8;-70;0;0;-8.8;0;0;0;0;0;98;0;0;1864;106.11;0;0;0;0;0;0;0;0;0;0;0;0;0;0;0;0;30;0;37.0;37.0;2;0;0.00;0.00;0.00;0.0;0.0
41.670;66;1030;37;38110;0.5;14.000;0.952;29;74;9;0;100;101;100;106;100;107;100;46;46;0;1.828;1.828;0.000;0.000;14.700;1.000;6.3;0.0;0;30;3.000;2.517;12.8;-70;0;0;-8.8;0;0;0;0;0;98;0;0;1864;108.58;0;0;0;0;0;0;0;0;0;0;0;0;0;0;0;0;30;0;37.0;37.0;2;0;0.00;0.00;0.00;0.0;0.0
41.738;66;1021;37;37777;0.5;13.900;0.946;29;74;9;0;100;101;100;106;100;107;100;46;46;0;1.828;1.828;0.000;0.000;14.700;1.000;6.2;0.0;0;30;3.000;2.665;12.8;-260;0;0;-8.8;0;0;0;0;0;98;0;0;1864;109.54;0;0;0;0;0;0;0;0;0;0;0;0;0;0;0;0;30;0;37.0;37.0;2;0;0.00;0.00;0.00;0.0;0.0
41.804;66;1018;38;38684;0.5;14.300;0.973;29;74;9;0;100;101;100;106;100;107;100;47;47;0;1.852;1.852;0.000;0.000;14.700;1.000;6.3;0.0;0;30;3.000;2.972;12.8;-120;0;0;-8.7;0;0;0;0;0;98;0;0;1864;109.86;0;0;0;0;0;0;0;0;0;0;0;0;0;0;0;0;30;0;38.0;38.0;2;0;0.00;0.00;0.00;0.0;0.0
41.870;66;1005;38;38190;0.5;13.500;0.918;29;74;9;0;100;101;100;106;100;107;100;46;46;0;1.845;1.845;0.000;0.000;14.700;1.000;6.2;0.0;0;30;3.000;2.865;12.8;-120;0;0;-8.7;0;0;0;0;0;98;0;0;1864;111.28;0;0;0;0;0;0;0;0;0;0;0;0;0;0;0;0;30;0;38.0;38.0;2;0;0.00;0.00;0.00;0.0;0.0
41.935;66;1001;39;39039;0.5;12.400;0.844;29;74;9;0;100;101;100;106;100;107;100;47;47;0;1.860;1.860;0.000;0.000;14.700;1.000;6.2;0.0;0;30;3.000;2.901;12.8;-130;0;0;-8.6;0;0;0;0;0;98;0;0;1864;111.73;0;0;0;0;0;0;0;0;0;0;0;0;0;0;0;0;30;0;39.0;39.0;2;0;0.00;0.00;0.00;0.0;0.0
42.004;67;980;39;38220;0.5;12.000;0.816;29;74;9;0;100;101;100;106;100;107;100;47;47;0;1.860;1.860;0.000;0.000;14.700;1.000;6.1;0.0;0;29;3.000;2.551;12.8;-130;0;0;-8.6;0;0;0;0;0;98;0;0;1865;114.18;0;0;0;0;0;0;0;0;0;0;0;0;0;0;0;0;29;0;39.0;39.0;2;0;0.00;0.00;0.00;0.0;0.0
42.070;67;994;39;38766;0.5;11.700;0.796;29;74;9;0;100;101;100;106;100;107;100;47;47;0;1.860;1.860;0.000;0.000;14.700;1.000;6.2;0.0;0;29;3.000;2.929;12.8;-130;0;0;-8.6;0;0;0;0;0;98;0;0;1865;112.58;0;0;0;0;0;0;0;0;0;0;0;0;0;0;0;0;29;0;39.0;39.0;2;0;0.00;0.00;0.00;0.0;0.0
42.070;67;993;39;38727;0.5;12.100;0.823;29;74;9;0;100;101;100;106;100;107;100;47;47;0;1.860;1.860;0.000;0.000;14.700;1.000;6.2;0.0;0;29;3.000;2.619;12.8;80;0;0;-8.6;0;0;0;0;0;98;0;0;1865;112.69;0;0;0;0;0;0;0;0;0;0;0;0;0;0;0;0;29;0;39.0;39.0;2;0;0.00;0.00;0.00;0.0;0.0
42.201;67;1007;39;39273;0.5;12.600;0.857;29;74;9;0;100;101;100;106;100;107;100;47;47;0;1.860;1.860;0.000;0.000;14.700;1.000;6.2;0.0;0;30;3.000;3.200;12.8;20;0;0;-8.6;0;0;0;0;0;98;0;0;1865;111.12;0;0;0;0;0;0;0;0;0;0;0;0;0;0;0;0;30;0;39.0;39.0;2;0;0.00;0.00;0.00;0.0;0.0
42.271;67;999;39;38961;0.5;12.900;0.878;29;74;9;0;100;101;100;106;100;107;100;47;47;0;1.860;1.860;0.000;0.000;14.700;1.000;6.2;0.0;0;29;3.000;2.762;12.8;20;0;0;-8.6;0;0;0;0;0;98;0;0;1865;112.01;0;0;0;0;0;0;0;0;0;0;0;0;0;0;0;0;29;0;39.0;39.0;2;0;0.00;0.00;0.00;0.0;0.0
42.336;67;1004;39;39156;0.5;13.000;0.884;29;74;9;0;100;101;100;106;100;107;100;47;47;0;1.860;1.860;0.000;0.000;14.700;1.000;6.2;0.0;0;30;3.000;3.100;12.8;-30;0;0;-8.6;0;0;0;0;0;98;0;0;1865;111.45;0;0;0;0;0;0;0;0;0;0;0;0;0;0;0;0;30;0;39.0;39.0;2;0;0.00;0.00;0.00;0.0;0.0
42.402;67;1005;39;39195;0.5;12.800;0.871;29;74;9;0;100;101;100;106;100;107;100;47;47;0;1.860;1.860;0.000;0.000;14.700;1.000;6.2;0.0;0;30;3.000;3.084;12.8;60;0;0;-8.6;0;0;0;0;0;98;0;0;1865;111.34;0;0;0;0;0;0;0;0;0;0;0;0;0;0;0;0;30;0;39.0;39.0;2;0;0.00;0.00;0.00;0.0;0.0
42.468;67;1011;39;39429;0.5;13.200;0.898;29;74;9;0;100;101;100;106;100;107;100;47;47;0;1.860;1.860;0.000;0.000;14.700;1.000;6.3;0.0;0;30;3.000;2.898;12.8;60;0;0;-8.6;0;0;0;0;0;98;0;0;1865;110.68;0;0;0;0;0;0;0;0;0;0;0;0;0;0;0;0;30;0;39.0;39.0;2;0;0.00;0.00;0.00;0.0;0.0
42.534;67;1019;39;39741;0.5;14.200;0.966;29;74;9;0;100;101;100;106;100;107;100;47;47;0;1.920;1.920;0.000;0.000;14.700;1.000;6.5;0.0;0;30;3.000;2.891;12.3;60;0;0;-8.6;0;0;0;0;0;98;0;0;1865;109.81;0;0;0;0;0;0;0;0;0;0;0;0;0;0;0;0;30;0;39.0;39.0;2;0;0.00;0.00;0.00;0.0;0.0
42.602;67;1018;39;39702;0.5;16.700;1.136;29;74;9;0;100;101;100;106;100;107;100;47;47;0;1.920;1.920;0.000;0.000;14.700;1.000;6.5;0.0;0;30;3.000;2.645;12.3;70;0;0;-8.6;0;0;0;0;0;98;0;0;1865;109.92;0;0;0;0;0;0;0;0;0;0;0;0;0;0;0;0;30;0;39.0;39.0;2;0;0.00;0.00;0.00;0.0;0.0
42.668;67;1028;38;39064;0.5;16.400;1.116;29;74;9;0;100;101;100;106;100;107;100;47;47;0;1.912;1.912;0.000;0.000;14.700;1.000;6.6;0.0;0;30;3.000;2.880;12.3;70;0;0;-8.7;0;0;0;0;0;98;0;0;1865;108.85;0;0;0;0;0;0;0;0;0;0;0;0;0;0;0;0;30;0;38.0;38.0;2;0;0.00;0.00;0.00;0.0;0.0
42.734;67;1055;38;40090;0.5;15.600;1.061;29;74;9;0;100;101;100;106;100;107;100;47;47;0;1.912;1.912;0.000;0.000;14.700;1.000;6.7;0.0;0;30;3.000;2.901;12.3;160;0;0;-8.7;0;0;0;0;0;98;0;0;1865;106.07;0;0;0;0;0;0;0;0;0;0;0;0;0;0;0;0;30;0;38.0;38.0;2;0;0.00;0.00;0.00;0.0;0.0
42.803;67;1064;37;39368;0.5;15.400;1.048;29;75;9;0;100;101;100;105;100;106;100;46;46;0;1.849;1.849;0.000;0.000;14.700;1.000;6.6;0.0;0;30;3.000;2.794;12.6;300;0;0;-8.8;0;0;0;0;0;98;0;0;1865;105.17;0;0;0;0;0;0;0;0;0;0;0;0;0;0;0;0;30;0;37.0;37.0;2;0;0.00;0.00;0.00;0.0;0.0
42.869;67;1054;38;40052;0.5;15.000;1.020;29;75;9;0;100;101;100;105;100;106;100;47;47;0;1.873;1.873;0.000;0.000;14.700;1.000;6.6;0.0;0;30;3.000;2.940;12.6;300;0;0;-8.7;0;0;0;0;0;98;0;0;1865;106.17;0;0;0;0;0;0;0;0;0;0;0;0;0;0;0;0;30;0;38.0;38.0;2;0;0.00;0.00;0.00;0.0;0.0
42.869;67;1045;37;38665;0.5;14.100;0.959;29;75;9;0;100;101;100;105;100;106;100;46;46;0;1.849;1.849;0.000;0.000;14.700;1.000;6.4;0.0;0;30;3.000;2.669;12.6;-100;0;0;-8.8;0;0;0;0;0;98;0;0;1865;107.08;0;0;0;0;0;0;0;0;0;0;0;0;0;0;0;0;30;0;37.0;37.0;2;0;0.00;0.00;0.00;0.0;0.0
43.004;68;1057;38;40166;0.5;13.600;0.925;29;75;9;0;100;101;100;105;100;106;100;47;47;0;1.837;1.837;0.000;0.000;14.700;1.000;6.5;0.0;0;30;3.000;3.007;12.9;30;0;0;-8.7;0;0;0;0;0;98;0;0;1863;105.75;0;0;0;0;0;0;0;0;0;0;0;0;0;0;0;0;30;0;38.0;38.0;2;0;0.00;0.00;0.00;0.0;0.0
43.070;68;1046;37;38702;0.5;13.700;0.932;29;75;9;0;100;101;100;105;100;106;100;46;46;0;1.813;1.813;0.000;0.000;14.700;1.000;6.3;0.0;0;30;3.000;2.645;12.9;30;0;0;-8.8;0;0;0;0;0;98;0;0;1863;106.86;0;0;0;0;0;0;0;0;0;0;0;0;0;0;0;0;30;0;37.0;37.0;2;0;0.00;0.00;0.00;0.0;0.0
43.136;68;1060;37;39220;0.5;13.400;0.912;29;75;9;0;100;101;100;105;100;106;100;46;46;0;1.813;1.813;0.000;0.000;14.700;1.000;6.4;0.0;0;30;3.000;3.052;12.9;-40;0;0;-8.8;0;0;0;0;0;98;0;0;1863;105.45;0;0;0;0;0;0;0;0;0;0;0;0;0;0;0;0;30;0;37.0;37.0;2;0;0.00;0.00;0.00;0.0;0.0
43.204;68;1076;37;39812;0.5;13.100;0.891;29;75;9;0;100;101;100;105;100;106;100;46;46;0;1.813;1.813;0.000;0.000;14.700;1.000;6.5;0.0;0;31;3.000;3.198;12.9;-40;0;0;-8.8;0;0;0;0;0;98;0;0;1863;103.88;0;0;0;0;0;0;0;0;0;0;0;0;0;0;0;0;31;0;37.0;37.0;2;0;0.00;0.00;0.00;0.0;0.0
43.273;68;1055;37;39035;0.5;12.600;0.857;29;75;9;0;100;101;100;105;100;106;100;46;46;0;1.801;1.801;0.000;0.000;14.700;1.000;6.3;0.0;0;30;3.000;2.635;13.0;230;0;0;-8.8;0;0;0;0;0;98;0;0;1863;105.95;0;0;0;0;0;0;0;0;0;0;0;0;0;0;0;0;30;0;37.0;37.0;2;0;0.00;0.00;0.00;0.0;0.0
43.336;68;1068;37;39516;0.5;12.400;0.844;29;75;9;0;100;101;100;105;100;106;100;46;46;0;1.801;1.801;0.000;0.000;14.700;1.000;6.4;0.0;0;31;3.000;3.069;13.0;-110;0;0;-8.8;0;0;0;0;0;98;0;0;1863;104.66;0;0;0;0;0;0;0;0;0;0;0;0;0;0;0;0;31;0;37.0;37.0;2;0;0.00;0.00;0.00;0.0;0.0
43.401;68;1056;37;39072;0.5;12.300;0.837;29;75;9;0;100;101;100;105;100;106;100;46;46;0;1.801;1.801;0.000;0.000;14.700;1.000;6.3;0.0;0;30;3.000;2.582;13.0;-110;0;0;-8.8;0;0;0;0;0;98;0;0;1863;105.85;0;0;0;0;0;0;0;0;0;0;0;0;0;0;0;0;30;0;37.0;37.0;2;0;0.00;0.00;0.00;0.0;0.0
43.467;68;1047;37;38739;0.5;12.200;0.830;29;75;9;0;100;101;100;105;100;106;100;46;46;0;1.801;1.801;0.000;0.000;14.700;1.000;6.3;0.0;0;30;3.000;2.803;13.0;-90;0;0;-8.8;0;0;0;0;0;98;0;0;1863;106.76;0;0;0;0;0;0;0;0;0;0;0;0;0;0;0;0;30;0;37.0;37.0;2;0;0.00;0.00;0.00;0.0;0.0
43.536;68;1032;37;38184;0.5;11.800;0.803;29;75;9;0;100;101;100;105;100;106;100;46;46;0;1.801;1.801;0.000;0.000;14.700;1.000;6.2;0.0;0;30;3.000;2.875;13.0;-240;0;0;-8.8;0;0;0;0;0;98;0;0;1863;108.31;0;0;0;0;0;0;0;0;0;0;0;0;0;0;0;0;30;0;37.0;37.0;2;0;0.00;0.00;0.00;0.0;0.0
43.602;68;1038;38;39444;0.5;12.000;0.816;29;75;9;0;100;101;100;105;100;106;100;46;46;0;1.818;1.818;0.000;0.000;14.700;1.000;6.3;0.0;0;30;3.000;3.033;13.0;-240;0;0;-8.7;0;0;0;0;0;98;0;0;1863;107.69;0;0;0;0;0;0;0;0;0;0;0;0;0;0;0;0;30;0;38.0;38.0;2;0;0.00;0.00;0.00;0.0;0.0
43.668;68;1023;38;38874;0.5;12.600;0.857;29;75;9;0;100;101;100;105;100;106;100;47;47;0;1.825;1.825;0.000;0.000;14.700;1.000;6.2;0.0;0;30;3.000;2.673;13.0;-50;0;0;-8.7;0;0;0;0;0;98;0;0;1863;109.27;0;0;0;0;0;0;0;0;0;0;0;0;0;0;0;0;30;0;38.0;38.0;2;0;0.00;0.00;0.00;0.0;0.0
43.737;68;995;38;37810;0.5;12.800;0.871;29;75;9;0;100;101;100;105;100;106;100;46;46;0;1.818;1.818;0.000;0.000;14.700;1.000;6.0;0.0;0;30;3.000;2.729;13.0;-140;0;0;-8.7;0;0;0;0;0;98;0;0;1863;112.34;0;0;0;0;0;0;0;0;0;0;0;0;0;0;0;0;30;0;38.0;38.0;2;0;0.00;0.00;0.00;0.0;0.0
43.803;68;984;39;38376;0.5;13.600;0.925;29;75;9;0;100;101;100;105;100;106;100;47;47;0;1.845;1.845;0.000;0.000;14.700;1.000;6.1;0.0;0;29;3.000;2.712;12.9;-140;0;0;-8.6;0;0;0;0;0;98;0;0;1863;113.60;0;0;0;0;0;0;0;0;0;0;0;0;0;0;0;0;29;0;39.0;39.0;2;0;0.00;0.00;0.00;0.0;0.0
43.868;68;973;39;37947;0.5;13.500;0.918;29;75;9;0;100;101;100;105;100;106;100;46;46;0;1.839;1.839;0.000;0.000;14.700;1.000;6.0;0.0;0;29;3.000;2.499;12.9;-290;0;0;-8.6;0;0;0;0;0;98;0;0;1863;114.88;0;0;0;0;0;0;0;0;0;0;0;0;0;0;0;0;29;0;39.0;39.0;2;0;0.00;0.00;0.00;0.0;0.0
43.934;68;977;40;39080;0.5;13.300;0.905;29;75;9;0;100;101;100;105;100;106;100;47;47;0;1.854;1.854;0.000;0.000;14.700;1.000;6.0;0.0;0;29;3.000;2.905;12.9;-70;0;0;-8.4;0;0;0;0;0;98;0;0;1863;114.41;0;0;0;0;0;0;0;0;0;0;0;0;0;0;0;0;29;0;40.0;40.0;2;0;0.00;0.00;0.00;0.0;0.0
43.999;68;960;40;38400;0.5;13.600;0.925;29;75;9;0;100;101;100;105;100;106;100;47;47;0;1.854;1.854;0.000;0.000;14.700;1.000;5.9;0.0;0;29;3.000;2.457;12.9;-70;0;0;-8.4;0;0;0;0;0;98;0;0;1863;116.44;0;0;0;0;0;0;0;0;0;0;0;0;0;0;0;0;29;0;40.0;40.0;2;0;0.00;0.00;0.00;0.0;0.0
44.069;69;966;40;38640;0.5;13.800;0.939;29;75;9;0;100;101;100;105;100;106;100;47;47;0;1.842;1.842;0.000;0.000;14.700;1.000;5.9;0.0;0;29;3.000;2.856;13.0;-130;0;0;-8.4;0;0;0;0;0;98;0;0;1857;115.34;0;0;0;0;0;0;0;0;0;0;0;0;0;0;0;0;29;0;40.0;40.0;2;0;0.00;0.00;0.00;0.0;0.0
44.134;69;946;40;37840;0.5;15.100;1.027;29;75;9;0;100;101;100;105;100;106;100;47;47;0;1.842;1.842;0.000;0.000;14.700;1.000;5.8;0.0;0;28;3.000;2.446;13.0;-80;0;0;-8.4;0;0;0;0;0;98;0;0;1857;117.78;0;0;0;0;0;0;0;0;0;0;0;0;0;0;0;0;28;0;40.0;40.0;2;0;0.00;0.00;0.00;0.0;0.0
44.200;69;955;41;39155;0.5;17.600;1.197;29;75;9;0;100;101;100;105;100;106;100;48;48;0;1.858;1.858;0.000;0.000;14.700;1.000;5.9;0.0;0;28;3.000;2.912;13.0;-80;0;0;-8.3;0;0;0;0;0;98;0;0;1857;116.67;0;0;0;0;0;0;0;0;0;0;0;0;0;0;0;0;28;0;41.0;41.0;2;0;0.00;0.00;0.00;0.0;0.0
44.266;69;957;41;39237;0.5;18.600;1.265;29;75;9;0;100;101;100;105;100;106;100;48;48;0;1.858;1.858;0.000;0.000;14.700;1.000;5.9;0.0;0;28;3.000;2.990;13.0;-10;0;0;-8.3;0;0;0;0;0;98;0;0;1857;116.43;0;0;0;0;0;0;0;0;0;0;0;0;0;0;0;0;28;0;41.0;41.0;2;0;0.00;0.00;0.00;0.0;0.0
44.335;69;954;41;39114;0.5;19.400;1.320;29;75;9;0;100;101;100;105;100;106;100;48;48;0;1.858;1.858;0.000;0.000;14.700;1.000;5.9;0.0;0;28;3.000;2.861;13.0;-10;0;0;-8.3;0;0;0;0;0;98;0;0;1857;116.79;0;0;0;0;0;0;0;0;0;0;0;0;0;0;0;0;28;0;41.0;41.0;2;0;0.00;0.00;0.00;0.0;0.0
44.401;69;961;41;39401;0.5;19.200;1.306;29;75;9;0;100;101;100;105;100;106;100;48;48;0;1.858;1.858;0.000;0.000;14.700;1.000;6.0;0.0;0;29;3.000;3.280;13.0;-10;0;0;-8.3;0;0;0;0;0;98;0;0;1857;115.94;0;0;0;0;0;0;0;0;0;0;0;0;0;0;0;0;29;0;41.0;41.0;2;0;0.00;0.00;0.00;0.0;0.0
44.470;69;971;41;39811;0.5;19.300;1.313;29;75;9;0;100;101;100;105;100;106;100;48;48;0;1.858;1.858;0.000;0.000;14.700;1.000;6.0;0.0;0;29;3.000;2.852;13.0;150;0;0;-8.3;0;0;0;0;0;98;0;0;1857;114.75;0;0;0;0;0;0;0;0;0;0;0;0;0;0;0;0;29;0;41.0;41.0;2;0;0.00;0.00;0.00;0.0;0.0
44.536;69;968;41;39688;0.5;19.600;1.333;29;75;9;0;100;101;100;105;100;106;100;48;48;0;1.858;1.858;0.000;0.000;14.700;1.000;6.0;0.0;0;29;3.000;2.893;13.0;-10;0;0;-8.3;0;0;0;0;0;98;0;0;1857;115.10;0;0;0;0;0;0;0;0;0;0;0;0;0;0;0;0;29;0;41.0;41.0;2;0;0.00;0.00;0.00;0.0;0.0
44.601;69;973;40;38920;0.5;19.700;1.340;29;75;9;0;100;101;100;105;100;106;100;47;47;0;1.842;1.842;0.000;0.000;14.700;1.000;6.0;0.0;0;29;3.000;3.104;13.0;-10;0;0;-8.4;0;0;0;0;0;98;0;0;1857;114.51;0;0;0;0;0;0;0;0;0;0;0;0;0;0;0;0;29;0;40.0;40.0;2;0;0.00;0.00;0.00;0.0;0.0
44.601;69;996;40;39840;0.5;19.700;1.340;29;75;9;0;100;101;100;105;100;106;100;47;47;0;1.842;1.842;0.000;0.000;14.700;1.000;6.1;0.0;0;29;3.000;3.085;13.0;50;0;0;-8.4;0;0;0;0;0;98;0;0;1857;111.87;0;0;0;0;0;0;0;0;0;0;0;0;0;0;0;0;29;0;40.0;40.0;2;0;0.00;0.00;0.00;0.0;0.0
44.736;69;986;40;39440;0.5;19.500;1.327;29;75;9;0;100;101;100;105;100;106;100;47;47;0;1.842;1.842;0.000;0.000;14.700;1.000;6.1;0.0;0;29;3.000;2.599;13.0;130;0;0;-8.4;0;0;0;0;0;98;0;0;1857;113.00;0;0;0;0;0;0;0;0;0;0;0;0;0;0;0;0;29;0;40.0;40.0;2;0;0.00;0.00;0.00;0.0;0.0
44.802;69;982;40;39280;0.5;19.400;1.320;29;75;9;0;100;101;100;105;100;106;100;47;47;0;1.926;1.926;0.000;0.000;14.700;1.000;6.3;0.0;0;29;3.000;2.911;12.3;130;0;0;-8.4;0;0;0;0;0;98;0;0;1857;113.46;0;0;0;0;0;0;0;0;0;0;0;0;0;0;0;0;29;0;40.0;40.0;2;0;0.00;0.00;0.00;0.0;0.0
44.868;69;974;40;38960;0.5;19.500;1.327;29;75;9;0;100;101;100;105;100;106;100;47;47;0;1.926;1.926;0.000;0.000;14.700;1.000;6.3;0.0;0;29;3.000;2.633;12.3;0;0;0;-8.4;0;0;0;0;0;98;0;0;1857;114.39;0;0;0;0;0;0;0;0;0;0;0;0;0;0;0;0;29;0;40.0;40.0;2;0;0.00;0.00;0.00;0.0;0.0
44.938;69;970;40;38800;0.5;19.700;1.340;29;75;9;0;100;101;100;105;100;106;100;47;47;0;1.926;1.926;0.000;0.000;14.700;1.000;6.2;0.0;0;29;3.000;2.581;12.3;-200;0;0;-8.4;0;0;0;0;0;98;0;0;1857;114.87;0;0;0;0;0;0;0;0;0;0;0;0;0;0;0;0;29;0;40.0;40.0;2;0;0.00;0.00;0.00;0.0;0.0
45.003;69;987;40;39480;0.5;19.600;1.333;29;75;9;0;100;101;100;105;100;106;100;47;47;0;1.926;1.926;0.000;0.000;14.700;1.000;6.3;0.0;0;29;3.000;2.865;12.3;-200;0;0;-8.4;0;0;0;0;0;98;0;0;1857;112.89;0;0;0;0;0;0;0;0;0;0;0;0;0;0;0;0;29;0;40.0;40.0;2;0;0.00;0.00;0.00;0.0;0.0
45.068;70;1007;40;40280;0.5;17.800;1.211;29;75;9;0;100;101;100;105;100;106;100;48;48;0;1.897;1.897;0.000;0.000;14.700;1.000;6.4;0.0;0;30;3.000;3.184;12.6;310;0;0;-8.4;0;0;0;0;0;98;0;0;1872;111.54;0;0;0;0;0;0;0;0;0;0;0;0;0;0;0;0;30;0;40.0;40.0;2;0;0.00;0.00;0.00;0.0;0.0
45.138;70;1013;39;39507;0.5;17.400;1.184;29;75;9;0;100;101;100;105;100;106;100;47;47;0;1.881;1.881;0.000;0.000;14.700;1.000;6.4;0.0;0;30;3.000;3.037;12.6;160;0;0;-8.6;0;0;0;0;0;98;0;0;1872;110.88;0;0;0;0;0;0;0;0;0;0;0;0;0;0;0;0;30;0;39.0;39.0;2;0;0.00;0.00;0.00;0.0;0.0
45.203;70;1018;39;39702;0.5;17.800;1.211;29;75;9;0;100;101;100;105;100;106;100;47;47;0;1.881;1.881;0.000;0.000;14.700;1.000;6.4;0.0;0;30;3.000;2.916;12.6;160;0;0;-8.6;0;0;0;0;0;98;0;0;1872;110.33;0;0;0;0;0;0;0;0;0;0;0;0;0;0;0;0;30;0;39.0;39.0;2;0;0.00;0.00;0.00;0.0;0.0
45.269;70;1020;39;39780;0.5;17.600;1.197;29;75;9;0;100;101;100;105;100;106;100;47;47;0;1.881;1.881;0.000;0.000;14.700;1.000;6.4;0.0;0;30;3.000;2.982;12.6;-20;0;0;-8.6;0;0;0;0;0;98;0;0;1872;110.12;0;0;0;0;0;0;0;0;0;0;0;0;0;0;0;0;30;0;39.0;39.0;2;0;0.00;0.00;0.00;0.0;0.0
45.334;70;1024;39;39936;0.5;17.500;1.190;29;75;9;0;100;101;100;105;100;106;100;47;47;0;1.881;1.881;0.000;0.000;14.700;1.000;6.4;0.0;0;30;3.000;2.727;12.6;-20;0;0;-8.6;0;0;0;0;0;98;0;0;1872;109.69;0;0;0;0;0;0;0;0;0;0;0;0;0;0;0;0;30;0;39.0;39.0;2;0;0.00;0.00;0.00;0.0;0.0
45.404;70;1027;39;40053;0.5;17.000;1.156;29;75;9;0;100;101;100;105;100;106;100;47;47;0;1.881;1.881;0.000;0.000;14.700;1.000;6.4;0.0;0;30;3.000;2.780;12.6;130;0;0;-8.6;0;0;0;0;0;98;0;0;1872;109.37;0;0;0;0;0;0;0;0;0;0;0;0;0;0;0;0;30;0;39.0;39.0;2;0;0.00;0.00;0.00;0.0;0.0
45.470;70;1017;38;38646;0.5;16.400;1.116;29;75;9;0;100;101;100;105;100;106;100;47;47;0;1.873;1.873;0.000;0.000;14.700;1.000;6.3;0.0;0;30;3.000;2.625;12.6;-110;0;0;-8.7;0;0;0;0;0;98;0;0;1872;110.44;0;0;0;0;0;0;0;0;0;0;0;0;0;0;0;0;30;0;38.0;38.0;2;0;0.00;0.00;0.00;0.0;0.0
45.535;70;1025;39;39975;0.5;16.600;1.129;29;75;9;0;100;101;100;105;100;106;100;47;47;0;1.881;1.881;0.000;0.000;14.700;1.000;6.4;0.0;0;30;3.000;2.908;12.6;-110;0;0;-8.6;0;0;0;0;0;98;0;0;1872;109.58;0;0;0;0;0;0;0;0;0;0;0;0;0;0;0;0;30;0;39.0;39.0;2;0;0.00;0.00;0.00;0.0;0.0
45.535;70;1034;38;39292;0.5;16.100;1.095;29;75;9;0;100;101;100;105;100;106;100;47;47;0;1.861;1.861;0.000;0.000;14.700;1.000;6.4;0.0;0;30;3.000;3.194;12.7;120;0;0;-8.7;0;0;0;0;0;98;0;0;1872;108.63;0;0;0;0;0;0;0;0;0;0;0;0;0;0;0;0;30;0;38.0;38.0;2;0;0.00;0.00;0.00;0.0;0.0
45.670;70;1044;38;39672;0.5;14.800;1.007;29;75;9;0;100;101;100;105;100;106;100;46;46;0;1.854;1.854;0.000;0.000;14.700;1.000;6.5;0.0;0;30;3.000;3.051;12.7;190;0;0;-8.7;0;0;0;0;0;98;0;0;1872;107.59;0;0;0;0;0;0;0;0;0;0;0;0;0;0;0;0;30;0;38.0;38.0;2;0;0.00;0.00;0.00;0.0;0.0
45.736;70;1053;38;40014;0.5;14.300;0.973;29;75;9;0;100;101;100;105;100;106;100;47;47;0;1.861;1.861;0.000;0.000;14.700;1.000;6.5;0.0;0;30;3.000;3.127;12.7;190;0;0;-8.7;0;0;0;0;0;98;0;0;1872;106.67;0;0;0;0;0;0;0;0;0;0;0;0;0;0;0;0;30;0;38.0;38.0;2;0;0.00;0.00;0.00;0.0;0.0
45.802;70;1044;38;39672;0.5;13.200;0.898;29;75;9;0;100;101;100;105;100;106;100;46;46;0;1.842;1.842;0.000;0.000;14.700;1.000;6.4;0.0;0;30;3.000;2.722;12.8;90;0;0;-8.7;0;0;0;0;0;98;0;0;1872;107.59;0;0;0;0;0;0;0;0;0;0;0;0;0;0;0;0;30;0;38.0;38.0;2;0;0.00;0.00;0.00;0.0;0.0
45.802;70;1058;37;39146;0.5;13.600;0.925;29;75;9;0;100;101;100;105;100;106;100;46;46;0;1.825;1.825;0.000;0.000;14.700;1.000;6.4;0.0;0;30;3.000;3.043;12.8;50;0;0;-8.8;0;0;0;0;0;98;0;0;1872;106.16;0;0;0;0;0;0;0;0;0;0;0;0;0;0;0;0;30;0;37.0;37.0;2;0;0.00;0.00;0.00;0.0;0.0
45.936;70;1061;37;39257;0.5;12.600;0.857;29;75;9;0;100;101;100;105;100;106;100;46;46;0;1.825;1.825;0.000;0.000;14.700;1.000;6.5;0.0;0;30;3.000;2.769;12.8;50;0;0;-8.8;0;0;0;0;0;98;0;0;1872;105.86;0;0;0;0;0;0;0;0;0;0;0;0;0;0;0;0;30;0;37.0;37.0;2;0;0.00;0.00;0.00;0.0;0.0
45.936;70;1057;37;39109;0.5;12.600;0.857;29;75;9;0;100;101;100;105;100;106;100;46;46;0;1.825;1.825;0.000;0.000;14.700;1.000;6.4;0.0;0;30;3.000;2.796;12.8;30;0;0;-8.8;0;0;0;0;0;98;0;0;1872;106.26;0;0;0;0;0;0;0;0;0;0;0;0;0;0;0;0;30;0;37.0;37.0;2;0;0.00;0.00;0.00;0.0;0.0
46.068;71;1048;38;39824;0.5;12.300;0.837;29;75;9;0;100;101;100;105;100;106;100;47;47;0;1.837;1.837;0.000;0.000;14.700;1.000;6.4;0.0;0;30;3.000;2.835;12.9;-130;0;0;-8.7;0;0;0;0;0;98;0;0;1862;106.60;0;0;0;0;0;0;0;0;0;0;0;0;0;0;0;0;30;0;38.0;38.0;2;0;0.00;0.00;0.00;0.0;0.0
46.133;71;1051;37;38887;0.5;12.600;0.857;29;75;9;0;100;101;100;105;100;106;100;46;46;0;1.813;1.813;0.000;0.000;14.700;1.000;6.4;0.0;0;30;3.000;2.805;12.9;-130;0;0;-8.8;0;0;0;0;0;98;0;0;1862;106.30;0;0;0;0;0;0;0;0;0;0;0;0;0;0;0;0;30;0;37.0;37.0;2;0;0.00;0.00;0.00;0.0;0.0
46.202;71;1052;37;38924;0.5;12.300;0.837;29;75;9;0;100;101;100;105;100;106;100;46;46;0;1.813;1.813;0.000;0.000;14.700;1.000;6.4;0.0;0;30;3.000;2.771;12.9;30;0;0;-8.8;0;0;0;0;0;98;0;0;1862;106.20;0;0;0;0;0;0;0;0;0;0;0;0;0;0;0;0;30;0;37.0;37.0;2;0;0.00;0.00;0.00;0.0;0.0
46.268;71;1036;37;38332;0.5;12.400;0.844;29;75;9;0;100;101;100;105;100;106;100;46;46;0;1.813;1.813;0.000;0.000;14.700;1.000;6.3;0.0;0;30;3.000;2.631;12.9;-150;0;0;-8.8;0;0;0;0;0;98;0;0;1862;107.84;0;0;0;0;0;0;0;0;0;0;0;0;0;0;0;0;30;0;37.0;37.0;2;0;0.00;0.00;0.00;0.0;0.0
46.334;71;1036;38;39368;0.5;12.300;0.837;29;75;9;0;100;101;100;105;100;106;100;46;46;0;1.830;1.830;0.000;0.000;14.700;1.000;6.3;0.0;0;30;3.000;2.887;12.9;-150;0;0;-8.7;0;0;0;0;0;98;0;0;1862;107.84;0;0;0;0;0;0;0;0;0;0;0;0;0;0;0;0;30;0;38.0;38.0;2;0;0.00;0.00;0.00;0.0;0.0
46.403;71;1038;38;39444;0.5;12.200;0.830;29;75;9;0;100;101;100;105;100;106;100;46;46;0;1.830;1.830;0.000;0.000;14.700;1.000;6.3;0.0;0;30;3.000;3.128;12.9;0;0;0;-8.7;0;0;0;0;0;98;0;0;1862;107.63;0;0;0;0;0;0;0;0;0;0;0;0;0;0;0;0;30;0;38.0;38.0;2;0;0.00;0.00;0.00;0.0;0.0
46.469;71;1039;38;39482;0.5;12.400;0.844;29;75;9;0;100;101;100;105;100;106;100;47;47;0;1.837;1.837;0.000;0.000;14.700;1.000;6.4;0.0;0;30;3.000;2.919;12.9;30;0;0;-8.7;0;0;0;0;0;98;0;0;1862;107.53;0;0;0;0;0;0;0;0;0;0;0;0;0;0;0;0;30;0;38.0;38.0;2;0;0.00;0.00;0.00;0.0;0.0
46.535;71;1022;38;38836;0.5;12.700;0.864;29;75;9;0;100;101;100;105;100;106;100;46;46;0;1.830;1.830;0.000;0.000;14.700;1.000;6.2;0.0;0;30;3.000;2.714;12.9;30;0;0;-8.7;0;0;0;0;0;98;0;0;1862;109.32;0;0;0;0;0;0;0;0;0;0;0;0;0;0;0;0;30;0;38.0;38.0;2;0;0.00;0.00;0.00;0.0;0.0
46.604;71;1018;38;38684;0.5;12.700;0.864;29;75;9;0;100;101;100;105;100;106;100;47;47;0;1.885;1.885;0.000;0.000;14.700;1.000;6.4;0.0;0;30;3.000;2.735;12.5;-170;0;0;-8.7;0;0;0;0;0;98;0;0;1862;109.74;0;0;0;0;0;0;0;0;0;0;0;0;0;0;0;0;30;0;38.0;38.0;2;0;0.00;0.00;0.00;0.0;0.0
46.670;71;1016;38;38608;0.5;12.800;0.871;29;75;9;0;100;101;100;105;100;106;100;46;46;0;1.878;1.878;0.000;0.000;14.700;1.000;6.4;0.0;0;30;3.000;2.652;12.5;-60;0;0;-8.7;0;0;0;0;0;98;0;0;1862;109.96;0;0;0;0;0;0;0;0;0;0;0;0;0;0;0;0;30;0;38.0;38.0;2;0;0.00;0.00;0.00;0.0;0.0
46.735;71;1003;38;38114;0.5;13.400;0.912;29;75;9;0;100;101;100;105;100;106;100;46;46;0;1.878;1.878;0.000;0.000;14.700;1.000;6.3;0.0;0;30;3.000;2.503;12.5;-60;0;0;-8.7;0;0;0;0;0;98;0;0;1862;111.39;0;0;0;0;0;0;0;0;0;0;0;0;0;0;0;0;30;0;38.0;38.0;2;0;0.00;0.00;0.00;0.0;0.0
46.735;71;998;39;38922;0.5;14.100;0.959;29;75;9;0;100;101;100;105;100;106;100;47;47;0;1.893;1.893;0.000;0.000;14.700;1.000;6.3;0.0;0;30;3.000;2.775;12.5;-220;0;0;-8.6;0;0;0;0;0;98;0;0;1862;111.94;0;0;0;0;0;0;0;0;0;0;0;0;0;0;0;0;30;0;39.0;39.0;2;0;0.00;0.00;0.00;0.0;0.0
46.870;71;1007;39;39273;0.5;14.200;0.966;29;75;9;0;100;101;100;105;100;106;100;47;47;0;1.869;1.869;0.000;0.000;14.700;1.000;6.3;0.0;0;30;3.000;3.137;12.7;130;0;0;-8.6;0;0;0;0;0;98;0;0;1862;110.94;0;0;0;0;0;0;0;0;0;0;0;0;0;0;0;0;30;0;39.0;39.0;2;0;0.00;0.00;0.00;0.0;0.0
46.936;71;1016;39;39624;0.5;14.100;0.959;29;75;9;0;100;101;100;105;100;106;100;47;47;0;1.869;1.869;0.000;0.000;14.700;1.000;6.3;0.0;0;30;3.000;2.946;12.7;130;0;0;-8.6;0;0;0;0;0;98;0;0;1862;109.96;0;0;0;0;0;0;0;0;0;0;0;0;0;0;0;0;30;0;39.0;39.0;2;0;0.00;0.00;0.00;0.0;0.0
47.001;71;1018;39;39702;0.5;14.600;0.993;29;75;9;0;100;101;100;105;100;106;100;47;47;0;1.869;1.869;0.000;0.000;14.700;1.000;6.3;0.0;0;30;3.000;2.931;12.7;60;0;0;-8.6;0;0;0;0;0;98;0;0;1862;109.74;0;0;0;0;0;0;0;0;0;0;0;0;0;0;0;0;30;0;39.0;39.0;2;0;0.00;0.00;0.00;0.0;0.0
47.067;72;1009;38;38342;0.5;15.600;1.061;29;75;9;0;100;101;100;105;100;106;100;46;46;0;1.842;1.842;0.000;0.000;14.700;1.000;6.2;0.0;0;30;3.000;2.862;12.8;120;0;0;-8.7;0;0;0;0;0;98;0;0;1864;110.84;0;0;0;0;0;0;0;0;0;0;0;0;0;0;0;0;30;0;38.0;38.0;2;0;0.00;0.00;0.00;0.0;0.0
47.136;72;1012;39;39468;0.5;18.700;1.272;29;75;9;0;100;101;100;105;100;106;100;47;47;0;1.857;1.857;0.000;0.000;14.700;1.000;6.3;0.0;0;30;3.000;2.938;12.8;120;0;0;-8.6;0;0;0;0;0;98;0;0;1864;110.51;0;0;0;0;0;0;0;0;0;0;0;0;0;0;0;0;30;0;39.0;39.0;2;0;0.00;0.00;0.00;0.0;0.0
47.202;72;1015;39;39585;0.5;18.000;1.224;29;75;9;0;100;101;100;105;100;106;100;47;47;0;1.857;1.857;0.000;0.000;14.700;1.000;6.3;0.0;0;30;3.000;2.848;12.8;-110;0;0;-8.6;0;0;0;0;0;98;0;0;1864;110.19;0;0;0;0;0;0;0;0;0;0;0;0;0;0;0;0;30;0;39.0;39.0;2;0;0.00;0.00;0.00;0.0;0.0
47.268;72;1021;39;39819;0.5;16.300;1.109;29;75;9;0;100;101;100;105;100;106;100;47;47;0;1.857;1.857;0.000;0.000;14.700;1.000;6.3;0.0;0;30;3.000;2.848;12.8;-110;0;0;-8.6;0;0;0;0;0;98;0;0;1864;109.54;0;0;0;0;0;0;0;0;0;0;0;0;0;0;0;0;30;0;39.0;39.0;2;0;0.00;0.00;0.00;0.0;0.0
47.337;72;1005;39;39195;0.5;16.000;1.088;29;75;9;0;100;101;100;105;100;106;100;47;47;0;1.845;1.845;0.000;0.000;14.700;1.000;6.2;0.0;0;30;3.000;2.534;12.9;70;0;0;-8.6;0;0;0;0;0;98;0;0;1864;111.28;0;0;0;0;0;0;0;0;0;0;0;0;0;0;0;0;30;0;39.0;39.0;2;0;0.00;0.00;0.00;0.0;0.0
47.403;72;1020;38;38760;0.5;14.300;0.973;29;75;9;0;100;101;100;105;100;106;100;47;47;0;1.837;1.837;0.000;0.000;14.700;1.000;6.2;0.0;0;30;3.000;2.984;12.9;-90;0;0;-8.7;0;0;0;0;0;98;0;0;1864;109.65;0;0;0;0;0;0;0;0;0;0;0;0;0;0;0;0;30;0;38.0;38.0;2;0;0.00;0.00;0.00;0.0;0.0
47.472;72;1045;38;39710;0.5;13.900;0.946;29;75;9;0;100;101;100;105;100;106;100;47;47;0;1.837;1.837;0.000;0.000;14.700;1.000;6.4;0.0;0;30;3.000;3.224;12.9;-90;0;0;-8.7;0;0;0;0;0;98;0;0;1864;107.02;0;0;0;0;0;0;0;0;0;0;0;0;0;0;0;0;30;0;38.0;38.0;2;0;0.00;0.00;0.00;0.0;0.0
47.538;72;1038;38;39444;0.5;13.300;0.905;29;75;9;0;100;101;100;105;100;106;100;46;46;0;1.830;1.830;0.000;0.000;14.700;1.000;6.3;0.0;0;30;3.000;3.059;12.9;330;0;0;-8.7;0;0;0;0;0;98;0;0;1864;107.75;0;0;0;0;0;0;0;0;0;0;0;0;0;0;0;0;30;0;38.0;38.0;2;0;0.00;0.00;0.00;0.0;0.0
47.603;72;1039;38;39482;0.5;13.800;0.939;29;75;9;0;100;101;100;105;100;106;100;47;47;0;1.837;1.837;0.000;0.000;14.700;1.000;6.4;0.0;0;30;3.000;2.915;12.9;-60;0;0;-8.7;0;0;0;0;0;98;0;0;1864;107.64;0;0;0;0;0;0;0;0;0;0;0;0;0;0;0;0;30;0;38.0;38.0;2;0;0.00;0.00;0.00;0.0;0.0
47.669;72;1036;38;39368;0.5;13.900;0.946;29;75;9;0;100;101;100;105;100;106;100;46;46;0;1.830;1.830;0.000;0.000;14.700;1.000;6.3;0.0;0;30;3.000;2.841;12.9;-60;0;0;-8.7;0;0;0;0;0;98;0;0;1864;107.95;0;0;0;0;0;0;0;0;0;0;0;0;0;0;0;0;30;0;38.0;38.0;2;0;0.00;0.00;0.00;0.0;0.0
47.735;72;1034;38;39292;0.5;13.600;0.925;29;75;9;0;100;101;100;105;100;106;100;47;47;0;1.837;1.837;0.000;0.000;14.700;1.000;6.3;0.0;0;30;3.000;2.746;12.9;-30;0;0;-8.7;0;0;0;0;0;98;0;0;1864;108.16;0;0;0;0;0;0;0;0;0;0;0;0;0;0;0;0;30;0;38.0;38.0;2;0;0.00;0.00;0.00;0.0;0.0
47.800;72;1026;38;38988;0.5;13.700;0.932;29;75;9;0;100;101;100;105;100;106;100;47;47;0;1.837;1.837;0.000;0.000;14.700;1.000;6.3;0.0;0;30;3.000;2.579;12.9;-160;0;0;-8.7;0;0;0;0;0;98;0;0;1864;109.01;0;0;0;0;0;0;0;0;0;0;0;0;0;0;0;0;30;0;38.0;38.0;2;0;0.00;0.00;0.00;0.0;0.0
47.870;72;1036;38;39368;0.5;13.600;0.925;29;75;9;0;100;101;100;105;100;106;100;46;46;0;1.830;1.830;0.000;0.000;14.700;1.000;6.3;0.0;0;30;3.000;2.986;12.9;-160;0;0;-8.7;0;0;0;0;0;98;0;0;1864;107.95;0;0;0;0;0;0;0;0;0;0;0;0;0;0;0;0;30;0;38.0;38.0;2;0;0.00;0.00;0.00;0.0;0.0
47.935;72;1047;38;39786;0.5;13.800;0.939;29;75;9;0;100;101;100;105;100;106;100;46;46;0;1.830;1.830;0.000;0.000;14.700;1.000;6.4;0.0;0;30;3.000;3.180;12.9;160;0;0;-8.7;0;0;0;0;0;98;0;0;1864;106.82;0;0;0;0;0;0;0;0;0;0;0;0;0;0;0;0;30;0;38.0;38.0;2;0;0.00;0.00;0.00;0.0;0.0
48.001;72;1036;38;39368;0.5;13.700;0.932;29;75;9;0;100;101;100;105;100;106;100;46;46;0;1.830;1.830;0.000;0.000;14.700;1.000;6.3;0.0;0;30;3.000;2.873;12.9;130;0;0;-8.7;0;0;0;0;0;98;0;0;1864;107.95;0;0;0;0;0;0;0;0;0;0;0;0;0;0;0;0;30;0;38.0;38.0;2;0;0.00;0.00;0.00;0.0;0.0
48.070;72;1038;38;39444;0.5;13.400;0.912;29;75;9;0;100;101;100;105;100;106;100;46;46;0;1.830;1.830;0.000;0.000;14.700;1.000;6.3;0.0;0;30;3.000;3.023;12.9;130;0;0;-8.7;0;0;0;0;0;98;0;0;1864;107.75;0;0;0;0;0;0;0;0;0;0;0;0;0;0;0;0;30;0;38.0;38.0;2;0;0.00;0.00;0.00;0.0;0.0
48.136;73;1034;38;39292;0.5;13.300;0.905;29;75;9;0;100;101;100;105;100;106;100;47;47;0;1.885;1.885;0.000;0.000;14.700;1.000;6.5;0.0;0;30;3.000;2.759;12.5;-110;0;0;-8.7;0;0;0;0;0;98;0;0;1858;107.81;0;0;0;0;0;0;0;0;0;0;0;0;0;0;0;0;30;0;38.0;38.0;2;0;0.00;0.00;0.00;0.0;0.0
48.202;73;1044;38;39672;0.5;13.300;0.905;29;75;9;0;100;101;100;105;100;106;100;46;46;0;1.878;1.878;0.000;0.000;14.700;1.000;6.5;0.0;0;30;3.000;3.008;12.5;30;0;0;-8.7;0;0;0;0;0;98;0;0;1858;106.78;0;0;0;0;0;0;0;0;0;0;0;0;0;0;0;0;30;0;38.0;38.0;2;0;0.00;0.00;0.00;0.0;0.0
48.267;73;1026;38;38988;0.5;13.500;0.918;29;75;9;0;100;101;100;105;100;106;100;47;47;0;1.885;1.885;0.000;0.000;14.700;1.000;6.4;0.0;0;30;3.000;2.694;12.5;30;0;0;-8.7;0;0;0;0;0;98;0;0;1858;108.65;0;0;0;0;0;0;0;0;0;0;0;0;0;0;0;0;30;0;38.0;38.0;2;0;0.00;0.00;0.00;0.0;0.0
48.336;73;1028;38;39064;0.5;13.300;0.905;29;75;9;0;100;101;100;105;100;106;100;47;47;0;1.885;1.885;0.000;0.000;14.700;1.000;6.5;0.0;0;30;3.000;2.761;12.5;-150;0;0;-8.7;0;0;0;0;0;98;0;0;1858;108.44;0;0;0;0;0;0;0;0;0;0;0;0;0;0;0;0;30;0;38.0;38.0;2;0;0.00;0.00;0.00;0.0;0.0
48.402;73;1032;38;39216;0.5;12.800;0.871;29;75;9;0;100;101;100;105;100;106;100;46;46;0;1.866;1.866;0.000;0.000;14.700;1.000;6.4;0.0;0;30;3.000;3.178;12.6;60;0;0;-8.7;0;0;0;0;0;98;0;0;1858;108.02;0;0;0;0;0;0;0;0;0;0;0;0;0;0;0;0;30;0;38.0;38.0;2;0;0.00;0.00;0.00;0.0;0.0
48.468;73;1029;38;39102;0.5;13.200;0.898;29;75;9;0;100;101;100;105;100;106;100;47;47;0;1.873;1.873;0.000;0.000;14.700;1.000;6.4;0.0;0;30;3.000;3.003;12.6;60;0;0;-8.7;0;0;0;0;0;98;0;0;1858;108.34;0;0;0;0;0;0;0;0;0;0;0;0;0;0;0;0;30;0;38.0;38.0;2;0;0.00;0.00;0.00;0.0;0.0
48.538;73;1032;38;39216;0.5;13.600;0.925;29;75;9;0;100;101;100;105;100;106;100;46;46;0;1.866;1.866;0.000;0.000;14.700;1.000;6.4;0.0;0;30;3.000;2.847;12.6;-30;0;0;-8.7;0;0;0;0;0;98;0;0;1858;108.02;0;0;0;0;0;0;0;0;0;0;0;0;0;0;0;0;30;0;38.0;38.0;2;0;0.00;0.00;0.00;0.0;0.0
48.603;73;1025;38;38950;0.5;13.300;0.905;29;75;9;0;100;101;100;105;100;106;100;46;46;0;1.854;1.854;0.000;0.000;14.700;1.000;6.3;0.0;0;30;3.000;2.650;12.7;-40;0;0;-8.7;0;0;0;0;0;98;0;0;1858;108.76;0;0;0;0;0;0;0;0;0;0;0;0;0;0;0;0;30;0;38.0;38.0;2;0;0.00;0.00;0.00;0.0;0.0
48.668;73;1040;38;39520;0.5;12.900;0.878;29;75;9;0;100;101;100;105;100;106;100;47;47;0;1.861;1.861;0.000;0.000;14.700;1.000;6.5;0.0;0;30;3.000;3.053;12.7;-40;0;0;-8.7;0;0;0;0;0;98;0;0;1858;107.19;0;0;0;0;0;0;0;0;0;0;0;0;0;0;0;0;30;0;38.0;38.0;2;0;0.00;0.00;0.00;0.0;0.0
48.738;73;1045;38;39710;0.5;13.300;0.905;29;75;9;0;100;101;100;105;100;106;100;47;47;0;1.861;1.861;0.000;0.000;14.700;1.000;6.5;0.0;0;30;3.000;3.086;12.7;150;0;0;-8.7;0;0;0;0;0;98;0;0;1858;106.68;0;0;0;0;0;0;0;0;0;0;0;0;0;0;0;0;30;0;38.0;38.0;2;0;0.00;0.00;0.00;0.0;0.0
48.803;73;1058;38;40204;0.5;13.300;0.905;29;75;9;0;100;101;100;105;100;106;100;47;47;0;1.861;1.861;0.000;0.000;14.700;1.000;6.6;0.0;0;30;3.000;3.066;12.7;180;0;0;-8.7;0;0;0;0;0;98;0;0;1858;105.37;0;0;0;0;0;0;0;0;0;0;0;0;0;0;0;0;30;0;38.0;38.0;2;0;0.00;0.00;0.00;0.0;0.0
48.869;73;1060;38;40280;0.5;12.800;0.871;30;75;9;0;100;101;100;105;100;106;100;47;47;0;1.849;1.849;0.000;0.000;14.700;1.000;6.5;0.0;0;30;3.000;3.026;12.8;180;0;0;-8.7;0;0;0;0;0;98;0;0;1858;105.17;0;0;0;0;0;0;0;0;0;0;0;0;0;0;0;0;30;0;38.0;38.0;2;0;0.00;0.00;0.00;0.0;0.0
48.939;73;1045;38;39710;0.5;12.600;0.857;30;75;9;0;100;101;100;105;100;106;100;47;47;0;1.849;1.849;0.000;0.000;14.700;1.000;6.4;0.0;0;30;3.000;2.576;12.8;10;0;0;-8.7;0;0;0;0;0;98;0;0;1858;106.68;0;0;0;0;0;0;0;0;0;0;0;0;0;0;0;0;30;0;38.0;38.0;2;0;0.00;0.00;0.00;0.0;0.0
49.005;73;1058;38;40204;0.5;12.300;0.837;30;75;9;0;100;101;100;105;100;106;100;47;47;0;1.849;1.849;0.000;0.000;14.700;1.000;6.5;0.0;0;30;3.000;2.869;12.8;-10;0;0;-8.7;0;0;0;0;0;98;0;0;1858;105.37;0;0;0;0;0;0;0;0;0;0;0;0;0;0;0;0;30;0;38.0;38.0;2;0;0.00;0.00;0.00;0.0;0.0
49.070;73;1071;37;39627;0.5;12.500;0.850;30;75;9;0;100;101;100;105;100;106;100;46;46;0;1.825;1.825;0.000;0.000;14.700;1.000;6.5;0.0;0;30;3.000;2.844;12.8;-10;0;0;-8.8;0;0;0;0;0;98;0;0;1858;104.09;0;0;0;0;0;0;0;0;0;0;0;0;0;0;0;0;30;0;37.0;37.0;2;0;0.00;0.00;0.00;0.0;0.0
49.136;74;1077;37;39849;0.5;12.600;0.857;30;75;9;0;100;101;100;105;100;106;100;46;46;0;1.825;1.825;0.000;0.000;14.700;1.000;6.6;0.0;0;30;3.000;2.809;12.8;170;0;0;-8.8;0;0;0;0;0;98;0;0;1860;103.62;0;0;0;0;0;0;0;0;0;0;0;0;0;0;0;0;30;0;37.0;37.0;2;0;0.00;0.00;0.00;0.0;0.0
49.205;74;1073;37;39701;0.5;12.500;0.850;30;75;9;0;100;101;100;105;100;106;100;46;46;0;1.825;1.825;0.000;0.000;14.700;1.000;6.5;0.0;0;30;3.000;2.863;12.8;-20;0;0;-8.8;0;0;0;0;0;98;0;0;1860;104.01;0;0;0;0;0;0;0;0;0;0;0;0;0;0;0;0;30;0;37.0;37.0;2;0;0.00;0.00;0.00;0.0;0.0
49.272;74;1066;37;39442;0.5;12.200;0.830;30;75;9;0;100;101;100;105;100;106;100;46;46;0;1.825;1.825;0.000;0.000;14.700;1.000;6.5;0.0;0;30;3.000;2.731;12.8;-20;0;0;-8.8;0;0;0;0;0;98;0;0;1860;104.69;0;0;0;0;0;0;0;0;0;0;0;0;0;0;0;0;30;0;37.0;37.0;2;0;0.00;0.00;0.00;0.0;0.0
49.336;74;1077;37;39849;0.5;12.700;0.864;30;75;9;0;100;101;100;105;100;106;100;46;46;0;1.825;1.825;0.000;0.000;14.700;1.000;6.6;0.0;0;30;3.000;2.820;12.8;10;0;0;-8.8;0;0;0;0;0;98;0;0;1860;103.62;0;0;0;0;0;0;0;0;0;0;0;0;0;0;0;0;30;0;37.0;37.0;2;0;0.00;0.00;0.00;0.0;0.0
49.402;74;1054;37;38998;0.5;12.500;0.850;30;75;9;0;100;101;100;105;100;106;100;46;46;0;1.825;1.825;0.000;0.000;14.700;1.000;6.4;0.0;0;30;3.000;2.415;12.8;10;0;0;-8.8;0;0;0;0;0;98;0;0;1860;105.88;0;0;0;0;0;0;0;0;0;0;0;0;0;0;0;0;30;0;37.0;37.0;2;0;0.00;0.00;0.00;0.0;0.0
49.467;74;1056;37;39072;0.5;12.100;0.823;30;75;9;0;100;101;100;105;100;106;100;46;46;0;1.825;1.825;0.000;0.000;14.700;1.000;6.4;0.0;0;30;3.000;2.931;12.8;-200;0;0;-8.8;0;0;0;0;0;98;0;0;1860;105.68;0;0;0;0;0;0;0;0;0;0;0;0;0;0;0;0;30;0;37.0;37.0;2;0;0.00;0.00;0.00;0.0;0.0
49.533;74;1051;37;38887;0.5;12.200;0.830;30;75;9;0;100;101;100;105;100;106;100;46;46;0;1.825;1.825;0.000;0.000;14.700;1.000;6.4;0.0;0;30;3.000;2.890;12.8;-40;0;0;-8.8;0;0;0;0;0;98;0;0;1860;106.18;0;0;0;0;0;0;0;0;0;0;0;0;0;0;0;0;30;0;37.0;37.0;2;0;0.00;0.00;0.00;0.0;0.0
49.602;74;1033;37;38221;0.5;12.400;0.844;30;75;9;0;100;101;100;105;100;106;100;46;46;0;1.825;1.825;0.000;0.000;14.700;1.000;6.3;0.0;0;30;3.000;2.967;12.8;-40;0;0;-8.8;0;0;0;0;0;98;0;0;1860;108.03;0;0;0;0;0;0;0;0;0;0;0;0;0;0;0;0;30;0;37.0;37.0;2;0;0.00;0.00;0.00;0.0;0.0
49.668;74;1037;38;39406;0.5;12.500;0.850;30;75;9;0;100;101;100;105;100;106;100;47;47;0;1.849;1.849;0.000;0.000;14.700;1.000;6.4;0.0;0;30;3.000;2.982;12.8;-170;0;0;-8.7;0;0;0;0;0;98;0;0;1860;107.62;0;0;0;0;0;0;0;0;0;0;0;0;0;0;0;0;30;0;38.0;38.0;2;0;0.00;0.00;0.00;0.0;0.0
49.668;74;1017;38;38646;0.5;12.700;0.864;30;75;9;0;100;101;100;105;100;106;100;47;47;0;1.849;1.849;0.000;0.000;14.700;1.000;6.3;0.0;0;30;3.000;2.528;12.8;-10;0;0;-8.7;0;0;0;0;0;98;0;0;1860;109.73;0;0;0;0;0;0;0;0;0;0;0;0;0;0;0;0;30;0;38.0;38.0;2;0;0.00;0.00;0.00;0.0;0.0
49.803;74;1007;39;39273;0.5;13.200;0.898;30;75;9;0;100;101;100;105;100;106;100;47;47;0;1.857;1.857;0.000;0.000;14.700;1.000;6.2;0.0;0;30;3.000;2.728;12.8;-10;0;0;-8.6;0;0;0;0;0;98;0;0;1860;110.82;0;0;0;0;0;0;0;0;0;0;0;0;0;0;0;0;30;0;39.0;39.0;2;0;0.00;0.00;0.00;0.0;0.0
49.869;74;1013;39;39507;0.5;13.000;0.884;30;75;9;0;100;101;100;105;100;106;100;47;47;0;1.881;1.881;0.000;0.000;14.700;1.000;6.4;0.0;0;30;3.000;2.699;12.6;-190;0;0;-8.6;0;0;0;0;0;98;0;0;1860;110.17;0;0;0;0;0;0;0;0;0;0;0;0;0;0;0;0;30;0;39.0;39.0;2;0;0.00;0.00;0.00;0.0;0.0
49.934;74;1005;39;39195;0.5;12.900;0.878;30;75;9;0;100;101;100;105;100;106;100;47;47;0;1.881;1.881;0.000;0.000;14.700;1.000;6.3;0.0;0;30;3.000;2.620;12.6;0;0;0;-8.6;0;0;0;0;0;98;0;0;1860;111.04;0;0;0;0;0;0;0;0;0;0;0;0;0;0;0;0;30;0;39.0;39.0;2;0;0.00;0.00;0.00;0.0;0.0
50.003;74;1013;39;39507;0.5;13.400;0.912;30;75;9;0;100;101;100;105;100;106;100;47;47;0;1.881;1.881;0.000;0.000;14.700;1.000;6.4;0.0;0;30;3.000;3.165;12.6;0;0;0;-8.6;0;0;0;0;0;98;0;0;1860;110.17;0;0;0;0;0;0;0;0;0;0;0;0;0;0;0;0;30;0;39.0;39.0;2;0;0.00;0.00;0.00;0.0;0.0
50.070;74;1015;39;39585;0.5;13.300;0.905;30;75;9;0;100;101;100;105;100;106;100;47;47;0;1.881;1.881;0.000;0.000;14.700;1.000;6.4;0.0;0;30;3.000;2.945;12.6;0;0;0;-8.6;0;0;0;0;0;98;0;0;1860;109.95;0;0;0;0;0;0;0;0;0;0;0;0;0;0;0;0;30;0;39.0;39.0;2;0;0.00;0.00;0.00;0.0;0.0
50.135;75;1026;39;40014;0.5;13.800;0.939;30;75;9;0;100;101;100;105;100;106;100;47;47;0;1.857;1.857;0.000;0.000;14.700;1.000;6.4;0.0;0;30;3.000;2.929;12.8;50;0;0;-8.6;0;0;0;0;0;98;0;0;1864;109.01;0;0;0;0;0;0;0;0;0;0;0;0;0;0;0;0;30;0;39.0;39.0;2;0;0.00;0.00;0.00;0.0;0.0
50.200;75;1015;38;38570;0.5;13.900;0.946;30;75;9;0;100;101;100;105;100;106;100;47;47;0;1.849;1.849;0.000;0.000;14.700;1.000;6.3;0.0;0;30;3.000;2.577;12.8;50;0;0;-8.7;0;0;0;0;0;98;0;0;1864;110.19;0;0;0;0;0;0;0;0;0;0;0;0;0;0;0;0;30;0;38.0;38.0;2;0;0.00;0.00;0.00;0.0;0.0
50.270;75;1031;39;40209;0.5;14.100;0.959;30;75;9;0;100;101;100;105;100;106;100;47;47;0;1.857;1.857;0.000;0.000;14.700;1.000;6.4;0.0;0;30;3.000;3.087;12.8;-30;0;0;-8.6;0;0;0;0;0;98;0;0;1864;108.48;0;0;0;0;0;0;0;0;0;0;0;0;0;0;0;0;30;0;39.0;39.0;2;0;0.00;0.00;0.00;0.0;0.0
50.336;75;1050;38;39900;0.5;14.300;0.973;30;75;9;0;100;101;100;105;100;106;100;47;47;0;1.849;1.849;0.000;0.000;14.700;1.000;6.5;0.0;0;30;3.000;2.916;12.8;250;0;0;-8.7;0;0;0;0;0;98;0;0;1864;106.51;0;0;0;0;0;0;0;0;0;0;0;0;0;0;0;0;30;0;38.0;38.0;2;0;0.00;0.00;0.00;0.0;0.0
50.405;75;1049;38;39862;0.5;14.500;0.986;30;75;9;0;100;101;100;105;100;106;100;46;46;0;1.842;1.842;0.000;0.000;14.700;1.000;6.4;0.0;0;30;3.000;2.800;12.8;250;0;0;-8.7;0;0;0;0;0;98;0;0;1864;106.62;0;0;0;0;0;0;0;0;0;0;0;0;0;0;0;0;30;0;38.0;38.0;2;0;0.00;0.00;0.00;0.0;0.0
50.471;75;1041;38;39558;0.5;14.500;0.986;30;75;9;0;100;101;100;105;100;106;100;46;46;0;1.842;1.842;0.000;0.000;14.700;1.000;6.4;0.0;0;30;3.000;2.980;12.8;90;0;0;-8.7;0;0;0;0;0;98;0;0;1864;107.44;0;0;0;0;0;0;0;0;0;0;0;0;0;0;0;0;30;0;38.0;38.0;2;0;0.00;0.00;0.00;0.0;0.0
50.536;75;1050;38;39900;0.5;14.200;0.966;30;75;9;0;100;101;100;105;100;106;100;47;47;0;1.849;1.849;0.000;0.000;14.700;1.000;6.5;0.0;0;30;3.000;3.073;12.8;10;0;0;-8.7;0;0;0;0;0;98;0;0;1864;106.51;0;0;0;0;0;0;0;0;0;0;0;0;0;0;0;0;30;0;38.0;38.0;2;0;0.00;0.00;0.00;0.0;0.0
50.602;75;1047;38;39786;0.5;14.200;0.966;30;75;9;0;100;101;100;105;100;106;100;46;46;0;1.842;1.842;0.000;0.000;14.700;1.000;6.4;0.0;0;30;3.000;2.937;12.8;10;0;0;-8.7;0;0;0;0;0;98;0;0;1864;106.82;0;0;0;0;0;0;0;0;0;0;0;0;0;0;0;0;30;0;38.0;38.0;2;0;0.00;0.00;0.00;0.0;0.0
50.667;75;1032;38;39216;0.5;13.700;0.932;30;75;9;0;100;101;100;105;100;106;100;46;46;0;1.842;1.842;0.000;0.000;14.700;1.000;6.3;0.0;0;30;3.000;2.699;12.8;-30;0;0;-8.7;0;0;0;0;0;98;0;0;1864;108.37;0;0;0;0;0;0;0;0;0;0;0;0;0;0;0;0;30;0;38.0;38.0;2;0;0.00;0.00;0.00;0.0;0.0
50.733;75;1049;38;39862;0.5;13.200;0.898;30;75;9;0;100;101;100;105;100;106;100;46;46;0;1.842;1.842;0.000;0.000;14.700;1.000;6.4;0.0;0;30;3.000;3.110;12.8;20;0;0;-8.7;0;0;0;0;0;98;0;0;1864;106.62;0;0;0;0;0;0;0;0;0;0;0;0;0;0;0;0;30;0;38.0;38.0;2;0;0.00;0.00;0.00;0.0;0.0
50.803;75;1065;37;39405;0.5;13.100;0.891;30;75;9;0;100;101;100;105;100;106;100;46;46;0;1.825;1.825;0.000;0.000;14.700;1.000;6.5;0.0;0;30;3.000;2.852;12.8;20;0;0;-8.8;0;0;0;0;0;98;0;0;1864;105.01;0;0;0;0;0;0;0;0;0;0;0;0;0;0;0;0;30;0;37.0;37.0;2;0;0.00;0.00;0.00;0.0;0.0
50.868;75;1075;37;39775;0.5;12.800;0.871;30;75;9;0;100;101;100;105;100;106;100;46;46;0;1.825;1.825;0.000;0.000;14.700;1.000;6.5;0.0;0;31;3.000;2.895;12.8;190;0;0;-8.8;0;0;0;0;0;98;0;0;1864;104.04;0;0;0;0;0;0;0;0;0;0;0;0;0;0;0;0;31;0;37.0;37.0;2;0;0.00;0.00;0.00;0.0;0.0
50.938;75;1071;37;39627;0.5;12.700;0.864;30;75;9;0;100;101;100;105;100;106;100;46;46;0;1.909;1.909;0.000;0.000;14.700;1.000;6.8;0.0;0;30;3.000;2.885;12.1;30;0;0;-8.8;0;0;0;0;0;98;0;0;1864;104.43;0;0;0;0;0;0;0;0;0;0;0;0;0;0;0;0;30;0;37.0;37.0;2;0;0.00;0.00;0.00;0.0;0.0
51.003;75;1058;37;39146;0.5;12.800;0.871;30;75;9;0;100;101;100;105;100;106;100;46;46;0;1.909;1.909;0.000;0.000;14.700;1.000;6.7;0.0;0;30;3.000;2.605;12.1;30;0;0;-8.8;0;0;0;0;0;98;0;0;1864;105.71;0;0;0;0;0;0;0;0;0;0;0;0;0;0;0;0;30;0;37.0;37.0;2;0;0.00;0.00;0.00;0.0;0.0
51.069;75;1065;37;39405;0.5;13.100;0.891;30;75;9;0;100;101;100;105;100;106;100;46;46;0;1.909;1.909;0.000;0.000;14.700;1.000;6.8;0.0;0;30;3.000;2.826;12.1;-70;0;0;-8.8;0;0;0;0;0;98;0;0;1864;105.01;0;0;0;0;0;0;0;0;0;0;0;0;0;0;0;0;30;0;37.0;37.0;2;0;0.00;0.00;0.00;0.0;0.0
51.138;76;1071;37;39627;0.5;12.500;0.850;30;75;9;0;100;101;100;105;100;106;100;46;46;0;1.909;1.909;0.000;0.000;14.700;1.000;6.8;0.0;0;30;3.000;2.770;12.1;-10;0;0;-8.8;0;0;0;0;0;98;0;0;1863;104.37;0;0;0;0;0;0;0;0;0;0;0;0;0;0;0;0;30;0;37.0;37.0;2;0;0.00;0.00;0.00;0.0;0.0
51.138;76;1069;37;39553;0.5;12.600;0.857;30;75;9;0;100;101;100;105;100;106;100;46;46;0;1.909;1.909;0.000;0.000;14.700;1.000;6.8;0.0;0;30;3.000;2.766;12.1;-10;0;0;-8.8;0;0;0;0;0;98;0;0;1863;104.57;0;0;0;0;0;0;0;0;0;0;0;0;0;0;0;0;30;0;37.0;37.0;2;0;0.00;0.00;0.00;0.0;0.0
51.273;76;1076;37;39812;0.5;12.700;0.864;30;75;9;0;100;101;100;105;100;106;100;46;46;0;1.909;1.909;0.000;0.000;14.700;1.000;6.8;0.0;0;31;3.000;3.057;12.1;-10;0;0;-8.8;0;0;0;0;0;98;0;0;1863;103.88;0;0;0;0;0;0;0;0;0;0;0;0;0;0;0;0;31;0;37.0;37.0;2;0;0.00;0.00;0.00;0.0;0.0
51.273;76;1063;37;39331;0.5;12.800;0.871;30;75;9;0;100;101;100;105;100;106;100;46;46;0;1.909;1.909;0.000;0.000;14.700;1.000;6.8;0.0;0;30;3.000;2.625;12.1;10;0;0;-8.8;0;0;0;0;0;98;0;0;1863;105.16;0;0;0;0;0;0;0;0;0;0;0;0;0;0;0;0;30;0;37.0;37.0;2;0;0.00;0.00;0.00;0.0;0.0
51.405;76;1077;37;39849;0.5;12.800;0.871;30;75;9;0;100;101;100;105;100;106;100;46;46;0;1.873;1.873;0.000;0.000;14.700;1.000;6.7;0.0;0;30;3.000;2.972;12.4;10;0;0;-8.8;0;0;0;0;0;98;0;0;1863;103.79;0;0;0;0;0;0;0;0;0;0;0;0;0;0;0;0;30;0;37.0;37.0;2;0;0.00;0.00;0.00;0.0;0.0
51.470;76;1084;37;40108;0.5;12.600;0.857;30;75;9;0;100;101;100;105;100;106;100;46;46;0;1.873;1.873;0.000;0.000;14.700;1.000;6.8;0.0;0;30;3.000;2.755;12.4;210;0;0;-8.8;0;0;0;0;0;98;0;0;1863;103.12;0;0;0;0;0;0;0;0;0;0;0;0;0;0;0;0;30;0;37.0;37.0;2;0;0.00;0.00;0.00;0.0;0.0
51.535;76;1090;37;40330;0.5;12.500;0.850;30;75;9;0;100;101;100;105;100;106;100;46;46;0;1.873;1.873;0.000;0.000;14.700;1.000;6.8;0.0;0;31;3.000;3.091;12.4;210;0;0;-8.8;0;0;0;0;0;98;0;0;1863;102.55;0;0;0;0;0;0;0;0;0;0;0;0;0;0;0;0;31;0;37.0;37.0;2;0;0.00;0.00;0.00;0.0;0.0
51.601;76;1084;37;40108;0.5;12.100;0.823;30;75;9;0;100;101;100;105;100;106;100;46;46;0;1.873;1.873;0.000;0.000;14.700;1.000;6.8;0.0;0;30;3.000;2.952;12.4;60;0;0;-8.8;0;0;0;0;0;98;0;0;1863;103.12;0;0;0;0;0;0;0;0;0;0;0;0;0;0;0;0;30;0;37.0;37.0;2;0;0.00;0.00;0.00;0.0;0.0
51.667;76;1078;36;38808;0.5;12.200;0.830;30;75;9;0;100;101;100;105;100;106;100;45;45;0;1.823;1.823;0.000;0.000;14.700;1.000;6.6;0.0;0;30;3.000;2.717;12.7;-20;0;0;-9.0;0;0;0;0;0;98;0;0;1863;103.69;0;0;0;0;0;0;0;0;0;0;0;0;0;0;0;0;30;0;36.0;36.0;2;0;0.00;0.00;0.00;0.0;0.0
51.736;76;1092;37;40404;0.5;12.000;0.816;30;75;9;0;100;101;100;105;100;106;100;46;46;0;1.837;1.837;0.000;0.000;14.700;1.000;6.7;0.0;0;30;3.000;3.029;12.7;-20;0;0;-8.8;0;0;0;0;0;98;0;0;1863;102.36;0;0;0;0;0;0;0;0;0;0;0;0;0;0;0;0;30;0;37.0;37.0;2;0;0.00;0.00;0.00;0.0;0.0
51.802;76;1107;36;39852;0.5;11.700;0.796;30;75;9;0;100;101;100;105;100;106;100;46;46;0;1.830;1.830;0.000;0.000;14.700;1.000;6.8;0.0;0;30;3.000;2.972;12.7;40;0;0;-9.0;0;0;0;0;0;98;0;0;1863;100.98;0;0;0;0;0;0;0;0;0;0;0;0;0;0;0;0;30;0;36.0;36.0;2;0;0.00;0.00;0.00;0.0;0.0
51.872;76;1114;36;40104;0.5;11.800;0.803;30;75;9;0;100;101;100;105;100;106;100;46;46;0;1.830;1.830;0.000;0.000;14.700;1.000;6.8;0.0;0;30;3.000;2.937;12.7;160;0;0;-9.0;0;0;0;0;0;98;0;0;1863;100.34;0;0;0;0;0;0;0;0;0;0;0;0;0;0;0;0;30;0;36.0;36.0;2;0;0.00;0.00;0.00;0.0;0.0
51.937;76;1116;36;40176;0.5;12.200;0.830;30;75;9;0;100;101;100;105;100;106;100;46;46;0;1.830;1.830;0.000;0.000;14.700;1.000;6.8;0.0;0;30;3.000;2.997;12.7;160;0;0;-9.0;0;0;0;0;0;98;0;0;1863;100.16;0;0;0;0;0;0;0;0;0;0;0;0;0;0;0;0;30;0;36.0;36.0;2;0;0.00;0.00;0.00;0.0;0.0
52.003;76;1098;36;39528;0.5;12.900;0.878;30;75;9;0;100;101;100;105;100;106;100;45;45;0;1.823;1.823;0.000;0.000;14.700;1.000;6.7;0.0;0;30;3.000;2.703;12.7;80;0;0;-9.0;0;0;0;0;0;98;0;0;1863;101.80;0;0;0;0;0;0;0;0;0;0;0;0;0;0;0;0;30;0;36.0;36.0;2;0;0.00;0.00;0.00;0.0;0.0
52.068;76;1091;36;39276;0.5;13.300;0.905;30;75;9;0;100;101;100;105;100;106;100;45;45;0;1.823;1.823;0.000;0.000;14.700;1.000;6.6;0.0;0;30;3.000;2.782;12.7;-220;0;0;-9.0;0;0;0;0;0;98;0;0;1863;102.46;0;0;0;0;0;0;0;0;0;0;0;0;0;0;0;0;30;0;36.0;36.0;2;0;0.00;0.00;0.00;0.0;0.0
52.134;76;1082;36;38952;0.5;13.700;0.932;30;75;9;0;100;101;100;105;100;106;100;45;45;0;1.823;1.823;0.000;0.000;14.700;1.000;6.6;0.0;0;30;3.000;2.946;12.7;-220;0;0;-9.0;0;0;0;0;0;98;0;0;1863;103.31;0;0;0;0;0;0;0;0;0;0;0;0;0;0;0;0;30;0;36.0;36.0;2;0;0.00;0.00;0.00;0.0;0.0
52.199;77;1079;37;39923;0.5;14.600;0.993;30;75;9;0;100;101;100;105;100;106;100;46;46;0;1.873;1.873;0.000;0.000;14.700;1.000;6.7;0.0;0;30;3.000;2.859;12.4;-120;0;0;-8.8;0;0;0;0;0;98;0;0;1857;103.26;0;0;0;0;0;0;0;0;0;0;0;0;0;0;0;0;30;0;37.0;37.0;2;0;0.00;0.00;0.00;0.0;0.0
52.269;77;1070;37;39590;0.5;15.800;1.075;30;75;9;0;100;101;100;105;100;106;100;46;46;0;1.873;1.873;0.000;0.000;14.700;1.000;6.7;0.0;0;30;3.000;2.924;12.4;-140;0;0;-8.8;0;0;0;0;0;98;0;0;1857;104.13;0;0;0;0;0;0;0;0;0;0;0;0;0;0;0;0;30;0;37.0;37.0;2;0;0.00;0.00;0.00;0.0;0.0
52.334;77;1063;37;39331;0.5;18.300;1.245;30;75;9;0;100;101;100;105;100;106;100;46;46;0;1.873;1.873;0.000;0.000;14.700;1.000;6.6;0.0;0;30;3.000;2.672;12.4;-140;0;0;-8.8;0;0;0;0;0;98;0;0;1857;104.82;0;0;0;0;0;0;0;0;0;0;0;0;0;0;0;0;30;0;37.0;37.0;2;0;0.00;0.00;0.00;0.0;0.0
52.403;77;1062;37;39294;0.5;19.400;1.320;30;75;9;0;100;101;100;105;100;106;100;46;46;0;1.885;1.885;0.000;0.000;14.700;1.000;6.7;0.0;0;30;3.000;2.667;12.3;0;0;0;-8.8;0;0;0;0;0;98;0;0;1857;104.92;0;0;0;0;0;0;0;0;0;0;0;0;0;0;0;0;30;0;37.0;37.0;2;0;0.00;0.00;0.00;0.0;0.0
52.470;77;1054;37;38998;0.5;19.700;1.340;30;75;9;0;100;101;100;105;100;106;100;46;46;0;1.885;1.885;0.000;0.000;14.700;1.000;6.6;0.0;0;30;3.000;2.741;12.3;-190;0;0;-8.8;0;0;0;0;0;98;0;0;1857;105.71;0;0;0;0;0;0;0;0;0;0;0;0;0;0;0;0;30;0;37.0;37.0;2;0;0.00;0.00;0.00;0.0;0.0
52.535;77;1061;37;39257;0.5;18.000;1.224;30;75;9;0;100;101;100;105;100;106;100;46;46;0;1.885;1.885;0.000;0.000;14.700;1.000;6.7;0.0;0;30;3.000;2.995;12.3;-190;0;0;-8.8;0;0;0;0;0;98;0;0;1857;105.01;0;0;0;0;0;0;0;0;0;0;0;0;0;0;0;0;30;0;37.0;37.0;2;0;0.00;0.00;0.00;0.0;0.0
52.604;77;1061;38;40318;0.5;16.200;1.102;30;75;9;0;100;101;100;105;100;106;100;47;47;0;1.909;1.909;0.000;0.000;14.700;1.000;6.8;0.0;0;30;3.000;2.945;12.3;50;0;0;-8.7;0;0;0;0;0;98;0;0;1857;105.01;0;0;0;0;0;0;0;0;0;0;0;0;0;0;0;0;30;0;38.0;38.0;2;0;0.00;0.00;0.00;0.0;0.0
52.670;77;1041;37;38517;0.5;14.200;0.966;30;75;9;0;100;101;100;105;100;106;100;46;46;0;1.885;1.885;0.000;0.000;14.700;1.000;6.5;0.0;0;30;3.000;2.607;12.3;20;0;0;-8.8;0;0;0;0;0;98;0;0;1857;107.03;0;0;0;0;0;0;0;0;0;0;0;0;0;0;0;0;30;0;37.0;37.0;2;0;0.00;0.00;0.00;0.0;0.0
52.735;77;1055;38;40090;0.5;12.800;0.871;30;75;9;0;100;101;100;105;100;106;100;47;47;0;1.909;1.909;0.000;0.000;14.700;1.000;6.7;0.0;0;30;3.000;2.991;12.3;20;0;0;-8.7;0;0;0;0;0;98;0;0;1857;105.61;0;0;0;0;0;0;0;0;0;0;0;0;0;0;0;0;30;0;38.0;38.0;2;0;0.00;0.00;0.00;0.0;0.0
52.802;77;1062;37;39294;0.5;11.800;0.803;30;75;9;0;100;101;100;105;100;106;100;46;46;0;1.885;1.885;0.000;0.000;14.700;1.000;6.7;0.0;0;30;3.000;2.744;12.3;80;0;0;-8.8;0;0;0;0;0;98;0;0;1857;104.92;0;0;0;0;0;0;0;0;0;0;0;0;0;0;0;0;30;0;37.0;37.0;2;0;0.00;0.00;0.00;0.0;0.0
52.870;77;1068;37;39516;0.5;11.900;0.810;30;75;9;0;100;101;100;105;100;106;100;46;46;0;1.885;1.885;0.000;0.000;14.700;1.000;6.7;0.0;0;31;3.000;3.056;12.3;40;0;0;-8.8;0;0;0;0;0;98;0;0;1857;104.33;0;0;0;0;0;0;0;0;0;0;0;0;0;0;0;0;31;0;37.0;37.0;2;0;0.00;0.00;0.00;0.0;0.0
52.936;77;1074;37;39738;0.5;12.300;0.837;30;75;9;0;100;101;100;105;100;106;100;46;46;0;1.885;1.885;0.000;0.000;14.700;1.000;6.7;0.0;0;30;3.000;2.949;12.3;40;0;0;-8.8;0;0;0;0;0;98;0;0;1857;103.74;0;0;0;0;0;0;0;0;0;0;0;0;0;0;0;0;30;0;37.0;37.0;2;0;0.00;0.00;0.00;0.0;0.0
53.002;77;1085;37;40145;0.5;12.700;0.864;30;75;9;0;100;101;100;105;100;106;100;46;46;0;1.885;1.885;0.000;0.000;14.700;1.000;6.8;0.0;0;30;3.000;3.140;12.3;100;0;0;-8.8;0;0;0;0;0;98;0;0;1857;102.69;0;0;0;0;0;0;0;0;0;0;0;0;0;0;0;0;30;0;37.0;37.0;2;0;0.00;0.00;0.00;0.0;0.0
53.068;77;1086;37;40182;0.5;13.200;0.898;30;75;9;0;100;101;100;105;100;106;100;46;46;0;1.885;1.885;0.000;0.000;14.700;1.000;6.8;0.0;0;30;3.000;2.879;12.3;80;0;0;-8.8;0;0;0;0;0;98;0;0;1857;102.60;0;0;0;0;0;0;0;0;0;0;0;0;0;0;0;0;30;0;37.0;37.0;2;0;0.00;0.00;0.00;0.0;0.0
53.137;77;1079;36;38844;0.5;14.000;0.952;30;75;9;0;100;101;100;105;100;106;100;45;45;0;1.871;1.871;0.000;0.000;14.700;1.000;6.7;0.0;0;30;3.000;2.540;12.3;80;0;0;-9.0;0;0;0;0;0;98;0;0;1857;103.26;0;0;0;0;0;0;0;0;0;0;0;0;0;0;0;0;30;0;36.0;36.0;2;0;0.00;0.00;0.00;0.0;0.0
53.203;78;1075;37;39775;0.5;14.300;0.973;30;76;9;0;100;101;100;105;100;106;100;46;46;0;1.861;1.861;0.000;0.000;14.700;1.000;6.7;0.0;0;31;3.000;2.773;12.5;-70;0;0;-8.8;0;0;0;0;0;98;0;0;1862;103.93;0;0;0;0;0;0;0;0;0;0;0;0;0;0;0;0;31;0;37.0;37.0;2;0;0.00;0.00;0.00;0.0;0.0
53.272;78;1075;37;39775;0.5;15.500;1.054;30;76;9;0;100;101;100;105;100;106;100;46;46;0;1.861;1.861;0.000;0.000;14.700;1.000;6.7;0.0;0;31;3.000;3.098;12.5;-40;0;0;-8.8;0;0;0;0;0;98;0;0;1862;103.93;0;0;0;0;0;0;0;0;0;0;0;0;0;0;0;0;31;0;37.0;37.0;2;0;0.00;0.00;0.00;0.0;0.0
53.338;78;1072;37;39664;0.5;16.100;1.095;30;76;9;0;100;101;100;105;100;106;100;46;46;0;1.861;1.861;0.000;0.000;14.700;1.000;6.6;0.0;0;30;3.000;2.957;12.5;-40;0;0;-8.8;0;0;0;0;0;98;0;0;1862;104.22;0;0;0;0;0;0;0;0;0;0;0;0;0;0;0;0;30;0;37.0;37.0;2;0;0.00;0.00;0.00;0.0;0.0
53.403;78;1093;37;40441;0.5;17.100;1.163;30;76;9;0;100;101;100;105;100;106;100;46;46;0;1.861;1.861;0.000;0.000;14.700;1.000;6.8;0.0;0;30;3.000;3.166;12.5;90;0;0;-8.8;0;0;0;0;0;98;0;0;1862;102.21;0;0;0;0;0;0;0;0;0;0;0;0;0;0;0;0;30;0;37.0;37.0;2;0;0.00;0.00;0.00;0.0;0.0
53.469;78;1108;36;39888;0.5;18.500;1.259;30;76;9;0;100;101;100;105;100;106;100;46;46;0;1.830;1.830;0.000;0.000;14.700;1.000;6.8;0.0;0;30;3.000;2.883;12.7;240;0;0;-9.0;0;0;0;0;0;98;0;0;1862;100.83;0;0;0;0;0;0;0;0;0;0;0;0;0;0;0;0;30;0;36.0;36.0;2;0;0.00;0.00;0.00;0.0;0.0
53.538;78;1103;36;39708;0.5;19.400;1.320;30;76;9;0;100;101;100;105;100;106;100;46;46;0;1.830;1.830;0.000;0.000;14.700;1.000;6.7;0.0;0;30;3.000;2.881;12.7;240;0;0;-9.0;0;0;0;0;0;98;0;0;1862;101.29;0;0;0;0;0;0;0;0;0;0;0;0;0;0;0;0;30;0;36.0;36.0;2;0;0.00;0.00;0.00;0.0;0.0
53.604;78;1102;36;39672;0.5;19.600;1.333;30;76;9;0;100;101;100;105;100;106;100;46;46;0;1.830;1.830;0.000;0.000;14.700;1.000;6.7;0.0;0;30;3.000;3.007;12.7;-120;0;0;-9.0;0;0;0;0;0;98;0;0;1862;101.38;0;0;0;0;0;0;0;0;0;0;0;0;0;0;0;0;30;0;36.0;36.0;2;0;0.00;0.00;0.00;0.0;0.0
53.669;78;1096;36;39456;0.5;19.700;1.340;30;76;9;0;100;101;100;105;100;106;100;45;45;0;1.823;1.823;0.000;0.000;14.700;1.000;6.7;0.0;0;30;3.000;2.907;12.7;-120;0;0;-9.0;0;0;0;0;0;98;0;0;1862;101.93;0;0;0;0;0;0;0;0;0;0;0;0;0;0;0;0;30;0;36.0;36.0;2;0;0.00;0.00;0.00;0.0;0.0
53.735;78;1103;36;39708;0.5;19.700;1.340;30;76;9;0;100;101;100;105;100;106;100;46;46;0;1.818;1.818;0.000;0.000;14.700;1.000;6.7;0.0;0;30;3.000;2.830;12.8;0;0;0;-9.0;0;0;0;0;0;98;0;0;1862;101.29;0;0;0;0;0;0;0;0;0;0;0;0;0;0;0;0;30;0;36.0;36.0;2;0;0.00;0.00;0.00;0.0;0.0
53.800;78;1099;36;39564;0.5;19.700;1.340;30;76;9;0;100;101;100;105;100;106;100;45;45;0;1.811;1.811;0.000;0.000;14.700;1.000;6.6;0.0;0;30;3.000;2.799;12.8;10;0;0;-9.0;0;0;0;0;0;98;0;0;1862;101.66;0;0;0;0;0;0;0;0;0;0;0;0;0;0;0;0;30;0;36.0;36.0;2;0;0.00;0.00;0.00;0.0;0.0
53.800;78;1100;36;39600;0.5;19.700;1.340;30;76;9;0;100;101;100;105;100;106;100;46;46;0;1.818;1.818;0.000;0.000;14.700;1.000;6.7;0.0;0;30;3.000;2.978;12.8;10;0;0;-9.0;0;0;0;0;0;98;0;0;1862;101.56;0;0;0;0;0;0;0;0;0;0;0;0;0;0;0;0;30;0;36.0;36.0;2;0;0.00;0.00;0.00;0.0;0.0
53.935;78;1078;36;38808;0.5;19.700;1.340;30;76;9;0;100;101;100;105;100;106;100;45;45;0;1.811;1.811;0.000;0.000;14.700;1.000;6.5;0.0;0;30;3.000;2.891;12.8;30;0;0;-9.0;0;0;0;0;0;98;0;0;1862;103.64;0;0;0;0;0;0;0;0;0;0;0;0;0;0;0;0;30;0;36.0;36.0;2;0;0.00;0.00;0.00;0.0;0.0
54.001;78;1075;36;38700;0.5;19.700;1.340;30;76;9;0;100;101;100;105;100;106;100;45;45;0;1.811;1.811;0.000;0.000;14.700;1.000;6.5;0.0;0;30;3.000;2.709;12.8;-190;0;0;-9.0;0;0;0;0;0;98;0;0;1862;103.93;0;0;0;0;0;0;0;0;0;0;0;0;0;0;0;0;30;0;36.0;36.0;2;0;0.00;0.00;0.00;0.0;0.0
54.071;78;1073;36;38628;0.5;19.700;1.340;30;76;9;0;100;101;100;105;100;106;100;45;45;0;1.811;1.811;0.000;0.000;14.700;1.000;6.5;0.0;0;30;3.000;2.691;12.8;-190;0;0;-9.0;0;0;0;0;0;98;0;0;1862;104.12;0;0;0;0;0;0;0;0;0;0;0;0;0;0;0;0;30;0;36.0;36.0;2;0;0.00;0.00;0.00;0.0;0.0
54.136;78;1064;37;39368;0.5;19.700;1.340;30;76;9;0;100;101;100;105;100;106;100;46;46;0;1.825;1.825;0.000;0.000;14.700;1.000;6.5;0.0;0;30;3.000;2.709;12.8;-80;0;0;-8.8;0;0;0;0;0;98;0;0;1862;105.00;0;0;0;0;0;0;0;0;0;0;0;0;0;0;0;0;30;0;37.0;37.0;2;0;0.00;0.00;0.00;0.0;0.0
54.202;79;1057;37;39109;0.5;19.700;1.340;30;76;9;0;100;101;100;105;100;106;100;46;46;0;1.837;1.837;0.000;0.000;14.700;1.000;6.5;0.0;0;30;3.000;2.770;12.7;-100;0;0;-8.8;0;0;0;0;0;98;0;0;1870;106.15;0;0;0;0;0;0;0;0;0;0;0;0;0;0;0;0;30;0;37.0;37.0;2;0;0.00;0.00;0.00;0.0;0.0
54.267;79;1050;34;35700;0.5;19.700;1.340;30;76;9;0;100;101;100;105;100;106;100;45;45;0;1.806;1.806;0.000;0.000;14.700;1.000;6.3;0.0;0;31;3.000;2.913;12.7;-100;0;0;-9.3;0;0;0;0;0;98;0;0;1870;106.86;0;0;0;0;0;0;0;0;0;0;0;0;0;0;0;0;31;0;34.0;34.0;2;0;0.00;0.00;0.00;0.0;0.0
54.337;79;1031;37;38147;0.5;19.700;1.340;30;76;9;0;100;101;100;105;100;106;100;46;46;0;1.837;1.837;0.000;0.000;14.700;1.000;6.3;0.0;0;30;3.000;2.899;12.7;-180;0;0;-8.8;0;0;0;0;0;98;0;0;1870;108.83;0;0;0;0;0;0;0;0;0;0;0;0;0;0;0;0;30;0;37.0;37.0;2;0;0.00;0.00;0.00;0.0;0.0
54.402;79;1018;38;38684;0.5;19.700;1.340;30;76;9;0;100;101;100;105;100;106;100;47;47;0;1.861;1.861;0.000;0.000;14.700;1.000;6.3;0.0;0;30;3.000;2.651;12.7;-200;0;0;-8.7;0;0;0;0;0;98;0;0;1870;110.22;0;0;0;0;0;0;0;0;0;0;0;0;0;0;0;0;30;0;38.0;38.0;2;0;0.00;0.00;0.00;0.0;0.0
54.468;79;998;38;37924;0.5;19.700;1.340;30;76;9;0;100;101;100;105;100;106;100;46;46;0;1.842;1.842;0.000;0.000;14.700;1.000;6.1;0.0;0;29;3.000;2.438;12.8;-200;0;0;-8.7;0;0;0;0;0;98;0;0;1870;112.42;0;0;0;0;0;0;0;0;0;0;0;0;0;0;0;0;29;0;38.0;38.0;2;0;0.00;0.00;0.00;0.0;0.0
54.534;79;996;39;38844;0.5;19.700;1.340;30;76;9;0;100;101;100;105;100;106;100;47;47;0;1.857;1.857;0.000;0.000;14.700;1.000;6.2;0.0;0;29;3.000;2.621;12.8;-230;0;0;-8.6;0;0;0;0;0;98;0;0;1870;112.65;0;0;0;0;0;0;0;0;0;0;0;0;0;0;0;0;29;0;39.0;39.0;2;0;0.00;0.00;0.00;0.0;0.0
54.603;79;979;39;38181;0.5;19.700;1.340;30;76;9;0;100;101;100;105;100;106;100;47;47;0;1.857;1.857;0.000;0.000;14.700;1.000;6.1;0.0;0;29;3.000;2.679;12.8;-200;0;0;-8.6;0;0;0;0;0;98;0;0;1870;114.61;0;0;0;0;0;0;0;0;0;0;0;0;0;0;0;0;29;0;39.0;39.0;2;0;0.00;0.00;0.00;0.0;0.0
54.669;79;991;40;39640;0.5;19.700;1.340;30;76;9;0;100;101;100;105;100;106;100;47;47;0;1.866;1.866;0.000;0.000;14.700;1.000;6.2;0.0;0;29;3.000;2.894;12.8;-200;0;0;-8.4;0;0;0;0;0;98;0;0;1870;113.22;0;0;0;0;0;0;0;0;0;0;0;0;0;0;0;0;29;0;40.0;40.0;2;0;0.00;0.00;0.00;0.0;0.0
54.734;79;1003;39;39117;0.5;19.700;1.340;30;76;9;0;100;101;100;105;100;106;100;47;47;0;1.917;1.917;0.000;0.000;14.700;1.000;6.4;0.0;0;30;3.000;3.286;12.3;90;0;0;-8.6;0;0;0;0;0;98;0;0;1870;111.86;0;0;0;0;0;0;0;0;0;0;0;0;0;0;0;0;30;0;39.0;39.0;2;0;0.00;0.00;0.00;0.0;0.0
54.800;79;1021;39;39819;0.5;18.200;1.238;30;76;9;0;100;101;100;105;100;106;100;47;47;0;1.917;1.917;0.000;0.000;14.700;1.000;6.5;0.0;0;30;3.000;3.013;12.3;300;0;0;-8.6;0;0;0;0;0;98;0;0;1870;109.89;0;0;0;0;0;0;0;0;0;0;0;0;0;0;0;0;30;0;39.0;39.0;2;0;0.00;0.00;0.00;0.0;0.0
54.869;79;1013;39;39507;0.5;16.100;1.095;30;76;9;0;100;101;100;105;100;106;100;47;47;0;1.917;1.917;0.000;0.000;14.700;1.000;6.5;0.0;0;30;3.000;2.760;12.3;300;0;0;-8.6;0;0;0;0;0;98;0;0;1870;110.76;0;0;0;0;0;0;0;0;0;0;0;0;0;0;0;0;30;0;39.0;39.0;2;0;0.00;0.00;0.00;0.0;0.0
54.935;79;1013;39;39507;0.5;14.300;0.973;30;76;9;0;100;101;100;105;100;106;100;47;47;0;1.917;1.917;0.000;0.000;14.700;1.000;6.5;0.0;0;30;3.000;2.807;12.3;-80;0;0;-8.6;0;0;0;0;0;98;0;0;1870;110.76;0;0;0;0;0;0;0;0;0;0;0;0;0;0;0;0;30;0;39.0;39.0;2;0;0.00;0.00;0.00;0.0;0.0
55.005;79;1030;39;40170;0.5;12.800;0.871;30;76;9;0;100;101;100;105;100;106;100;47;47;0;1.881;1.881;0.000;0.000;14.700;1.000;6.5;0.0;0;30;3.000;2.883;12.6;170;0;0;-8.6;0;0;0;0;0;98;0;0;1870;108.93;0;0;0;0;0;0;0;0;0;0;0;0;0;0;0;0;30;0;39.0;39.0;2;0;0.00;0.00;0.00;0.0;0.0
55.070;79;1028;38;39064;0.5;11.800;0.803;30;76;9;0;100;101;100;105;100;106;100;47;47;0;1.873;1.873;0.000;0.000;14.700;1.000;6.4;0.0;0;30;3.000;2.624;12.6;170;0;0;-8.7;0;0;0;0;0;98;0;0;1870;109.14;0;0;0;0;0;0;0;0;0;0;0;0;0;0;0;0;30;0;38.0;38.0;2;0;0.00;0.00;0.00;0.0;0.0
55.136;79;1041;38;39558;0.5;11.200;0.762;30;76;9;0;100;101;100;105;100;106;100;46;46;0;1.866;1.866;0.000;0.000;14.700;1.000;6.5;0.0;0;30;3.000;2.986;12.6;40;0;0;-8.7;0;0;0;0;0;98;0;0;1870;107.78;0;0;0;0;0;0;0;0;0;0;0;0;0;0;0;0;30;0;38.0;38.0;2;0;0.00;0.00;0.00;0.0;0.0
55.201;80;1044;38;39672;0.5;10.800;0.735;30;76;9;0;100;101;100;105;100;106;100;46;46;0;1.842;1.842;0.000;0.000;14.700;1.000;6.4;0.0;0;30;3.000;3.151;12.8;100;0;0;-8.7;0;0;0;0;0;98;0;0;1868;107.36;0;0;0;0;0;0;0;0;0;0;0;0;0;0;0;0;30;0;38.0;38.0;2;0;0.00;0.00;0.00;0.0;0.0
55.270;80;1056;38;40128;0.5;10.800;0.735;30;76;9;0;100;101;100;105;100;106;100;47;47;0;1.849;1.849;0.000;0.000;14.700;1.000;6.5;0.0;0;30;3.000;2.991;12.8;100;0;0;-8.7;0;0;0;0;0;98;0;0;1868;106.14;0;0;0;0;0;0;0;0;0;0;0;0;0;0;0;0;30;0;38.0;38.0;2;0;0.00;0.00;0.00;0.0;0.0
55.336;80;1053;38;40014;0.5;10.800;0.735;30;76;9;0;100;101;100;105;100;106;100;47;47;0;1.849;1.849;0.000;0.000;14.700;1.000;6.5;0.0;0;30;3.000;2.996;12.8;20;0;0;-8.7;0;0;0;0;0;98;0;0;1868;106.44;0;0;0;0;0;0;0;0;0;0;0;0;0;0;0;0;30;0;38.0;38.0;2;0;0.00;0.00;0.00;0.0;0.0
55.402;80;1056;37;39072;0.5;10.700;0.728;30;76;9;0;100;101;100;105;100;106;100;46;46;0;1.825;1.825;0.000;0.000;14.700;1.000;6.4;0.0;0;30;3.000;2.882;12.8;100;0;0;-8.8;0;0;0;0;0;98;0;0;1868;106.14;0;0;0;0;0;0;0;0;0;0;0;0;0;0;0;0;30;0;37.0;37.0;2;0;0.00;0.00;0.00;0.0;0.0
55.402;80;1061;37;39257;0.5;11.500;0.782;30;76;9;0;100;101;100;105;100;106;100;46;46;0;1.825;1.825;0.000;0.000;14.700;1.000;6.5;0.0;0;30;3.000;2.786;12.8;100;0;0;-8.8;0;0;0;0;0;98;0;0;1868;105.64;0;0;0;0;0;0;0;0;0;0;0;0;0;0;0;0;30;0;37.0;37.0;2;0;0.00;0.00;0.00;0.0;0.0
55.537;80;1065;37;39405;0.5;11.600;0.789;30;76;9;0;100;101;100;105;100;106;100;46;46;0;1.825;1.825;0.000;0.000;14.700;1.000;6.5;0.0;0;30;3.000;3.032;12.8;-10;0;0;-8.8;0;0;0;0;0;98;0;0;1868;105.24;0;0;0;0;0;0;0;0;0;0;0;0;0;0;0;0;30;0;37.0;37.0;2;0;0.00;0.00;0.00;0.0;0.0
55.602;80;1073;37;39701;0.5;11.900;0.810;30;76;9;0;100;101;100;105;100;106;100;46;46;0;1.825;1.825;0.000;0.000;14.700;1.000;6.5;0.0;0;30;3.000;2.865;12.8;-10;0;0;-8.8;0;0;0;0;0;98;0;0;1868;104.45;0;0;0;0;0;0;0;0;0;0;0;0;0;0;0;0;30;0;37.0;37.0;2;0;0.00;0.00;0.00;0.0;0.0
55.668;80;1064;37;39368;0.5;12.300;0.837;30;76;9;0;100;101;100;105;100;106;100;46;46;0;1.825;1.825;0.000;0.000;14.700;1.000;6.5;0.0;0;30;3.000;2.847;12.8;180;0;0;-8.8;0;0;0;0;0;98;0;0;1868;105.34;0;0;0;0;0;0;0;0;0;0;0;0;0;0;0;0;30;0;37.0;37.0;2;0;0.00;0.00;0.00;0.0;0.0
55.734;80;1047;37;38739;0.5;12.400;0.844;30;76;9;0;100;101;100;105;100;106;100;46;46;0;1.825;1.825;0.000;0.000;14.700;1.000;6.4;0.0;0;30;3.000;2.570;12.8;-80;0;0;-8.8;0;0;0;0;0;98;0;0;1868;107.05;0;0;0;0;0;0;0;0;0;0;0;0;0;0;0;0;30;0;37.0;37.0;2;0;0.00;0.00;0.00;0.0;0.0
55.803;80;1047;37;38739;0.5;12.600;0.857;30;76;9;0;100;101;100;105;100;106;100;46;46;0;1.825;1.825;0.000;0.000;14.700;1.000;6.4;0.0;0;30;3.000;3.012;12.8;-80;0;0;-8.8;0;0;0;0;0;98;0;0;1868;107.05;0;0;0;0;0;0;0;0;0;0;0;0;0;0;0;0;30;0;37.0;37.0;2;0;0.00;0.00;0.00;0.0;0.0
55.869;80;1038;37;38406;0.5;12.800;0.871;30;76;9;0;100;101;100;105;100;106;100;46;46;0;1.825;1.825;0.000;0.000;14.700;1.000;6.3;0.0;0;30;3.000;2.730;12.8;-180;0;0;-8.8;0;0;0;0;0;98;0;0;1868;107.98;0;0;0;0;0;0;0;0;0;0;0;0;0;0;0;0;30;0;37.0;37.0;2;0;0.00;0.00;0.00;0.0;0.0
55.934;80;1046;38;39748;0.5;12.900;0.878;30;76;9;0;100;101;100;105;100;106;100;46;46;0;1.842;1.842;0.000;0.000;14.700;1.000;6.4;0.0;0;30;3.000;2.867;12.8;30;0;0;-8.7;0;0;0;0;0;98;0;0;1868;107.15;0;0;0;0;0;0;0;0;0;0;0;0;0;0;0;0;30;0;38.0;38.0;2;0;0.00;0.00;0.00;0.0;0.0
56.004;80;1025;38;38950;0.5;13.300;0.905;30;76;9;0;100;101;100;105;100;106;100;46;46;0;1.842;1.842;0.000;0.000;14.700;1.000;6.3;0.0;0;30;3.000;2.588;12.8;30;0;0;-8.7;0;0;0;0;0;98;0;0;1868;109.35;0;0;0;0;0;0;0;0;0;0;0;0;0;0;0;0;30;0;38.0;38.0;2;0;0.00;0.00;0.00;0.0;0.0
56.069;80;1024;38;38912;0.5;13.400;0.912;30;76;9;0;100;101;100;105;100;106;100;46;46;0;1.842;1.842;0.000;0.000;14.700;1.000;6.3;0.0;0;30;3.000;2.789;12.8;-250;0;0;-8.7;0;0;0;0;0;98;0;0;1868;109.45;0;0;0;0;0;0;0;0;0;0;0;0;0;0;0;0;30;0;38.0;38.0;2;0;0.00;0.00;0.00;0.0;0.0
56.135;80;1033;38;39254;0.5;13.300;0.905;30;76;9;0;100;101;100;105;100;106;100;46;46;0;1.842;1.842;0.000;0.000;14.700;1.000;6.3;0.0;0;30;3.000;2.975;12.8;40;0;0;-8.7;0;0;0;0;0;98;0;0;1868;108.50;0;0;0;0;0;0;0;0;0;0;0;0;0;0;0;0;30;0;38.0;38.0;2;0;0.00;0.00;0.00;0.0;0.0
56.204;80;1034;38;39292;0.5;13.200;0.898;30;76;9;0;100;101;100;105;100;106;100;47;47;0;1.849;1.849;0.000;0.000;14.700;1.000;6.4;0.0;0;30;3.000;2.807;12.8;40;0;0;-8.7;0;0;0;0;0;98;0;0;1868;108.39;0;0;0;0;0;0;0;0;0;0;0;0;0;0;0;0;30;0;38.0;38.0;2;0;0.00;0.00;0.00;0.0;0.0
56.273;81;1039;38;39482;0.5;12.500;0.850;30;76;9;0;100;101;100;105;100;106;100;47;47;0;1.873;1.873;0.000;0.000;14.700;1.000;6.5;0.0;0;30;3.000;2.784;12.6;50;0;0;-8.7;0;0;0;0;0;98;0;0;1857;107.24;0;0;0;0;0;0;0;0;0;0;0;0;0;0;0;0;30;0;38.0;38.0;2;0;0.00;0.00;0.00;0.0;0.0
56.336;81;1041;38;39558;0.5;12.200;0.830;30;76;9;0;100;101;100;105;100;106;100;46;46;0;1.866;1.866;0.000;0.000;14.700;1.000;6.5;0.0;0;30;3.000;2.642;12.6;-50;0;0;-8.7;0;0;0;0;0;98;0;0;1857;107.03;0;0;0;0;0;0;0;0;0;0;0;0;0;0;0;0;30;0;38.0;38.0;2;0;0.00;0.00;0.00;0.0;0.0
56.402;81;1052;38;39976;0.5;12.400;0.844;30;76;9;0;100;101;100;105;100;106;100;47;47;0;1.873;1.873;0.000;0.000;14.700;1.000;6.6;0.0;0;30;3.000;2.899;12.6;-50;0;0;-8.7;0;0;0;0;0;98;0;0;1857;105.91;0;0;0;0;0;0;0;0;0;0;0;0;0;0;0;0;30;0;38.0;38.0;2;0;0.00;0.00;0.00;0.0;0.0
56.471;81;1046;38;39748;0.5;12.300;0.837;30;76;9;0;100;101;100;105;100;106;100;46;46;0;1.842;1.842;0.000;0.000;14.700;1.000;6.4;0.0;0;30;3.000;2.861;12.8;230;0;0;-8.7;0;0;0;0;0;98;0;0;1857;106.52;0;0;0;0;0;0;0;0;0;0;0;0;0;0;0;0;30;0;38.0;38.0;2;0;0.00;0.00;0.00;0.0;0.0
56.537;81;1036;38;39368;0.5;12.000;0.816;30;76;9;0;100;101;100;105;100;106;100;46;46;0;1.842;1.842;0.000;0.000;14.700;1.000;6.4;0.0;0;30;3.000;2.941;12.8;-70;0;0;-8.7;0;0;0;0;0;98;0;0;1857;107.55;0;0;0;0;0;0;0;0;0;0;0;0;0;0;0;0;30;0;38.0;38.0;2;0;0.00;0.00;0.00;0.0;0.0
56.602;81;1042;38;39596;0.5;11.900;0.810;30;76;9;0;100;101;100;105;100;106;100;47;47;0;1.849;1.849;0.000;0.000;14.700;1.000;6.4;0.0;0;30;3.000;2.893;12.8;-70;0;0;-8.7;0;0;0;0;0;98;0;0;1857;106.93;0;0;0;0;0;0;0;0;0;0;0;0;0;0;0;0;30;0;38.0;38.0;2;0;0.00;0.00;0.00;0.0;0.0
56.668;81;1040;38;39520;0.5;11.800;0.803;30;76;9;0;100;101;100;105;100;106;100;47;47;0;1.849;1.849;0.000;0.000;14.700;1.000;6.4;0.0;0;30;3.000;2.751;12.8;-30;0;0;-8.7;0;0;0;0;0;98;0;0;1857;107.13;0;0;0;0;0;0;0;0;0;0;0;0;0;0;0;0;30;0;38.0;38.0;2;0;0.00;0.00;0.00;0.0;0.0
56.733;81;1046;38;39748;0.5;12.100;0.823;30;76;9;0;100;101;100;105;100;106;100;46;46;0;1.842;1.842;0.000;0.000;14.700;1.000;6.4;0.0;0;30;3.000;2.954;12.8;40;0;0;-8.7;0;0;0;0;0;98;0;0;1857;106.52;0;0;0;0;0;0;0;0;0;0;0;0;0;0;0;0;30;0;38.0;38.0;2;0;0.00;0.00;0.00;0.0;0.0
56.802;81;1061;38;40318;0.5;12.200;0.830;30;76;9;0;100;101;100;105;100;106;100;47;47;0;1.849;1.849;0.000;0.000;14.700;1.000;6.5;0.0;0;30;3.000;3.083;12.8;40;0;0;-8.7;0;0;0;0;0;98;0;0;1857;105.01;0;0;0;0;0;0;0;0;0;0;0;0;0;0;0;0;30;0;38.0;38.0;2;0;0.00;0.00;0.00;0.0;0.0
56.869;81;1059;37;39183;0.5;12.400;0.844;30;76;9;0;100;101;100;105;100;106;100;46;46;0;1.825;1.825;0.000;0.000;14.700;1.000;6.4;0.0;0;30;3.000;2.848;12.8;130;0;0;-8.8;0;0;0;0;0;98;0;0;1857;105.21;0;0;0;0;0;0;0;0;0;0;0;0;0;0;0;0;30;0;37.0;37.0;2;0;0.00;0.00;0.00;0.0;0.0
56.937;81;1057;38;40166;0.5;12.600;0.857;30;76;9;0;100;101;100;105;100;106;100;47;47;0;1.849;1.849;0.000;0.000;14.700;1.000;6.5;0.0;0;30;3.000;2.983;12.8;-70;0;0;-8.7;0;0;0;0;0;98;0;0;1857;105.41;0;0;0;0;0;0;0;0;0;0;0;0;0;0;0;0;30;0;38.0;38.0;2;0;0.00;0.00;0.00;0.0;0.0
57.004;81;1054;37;38998;0.5;12.100;0.823;30;76;9;0;100;101;100;105;100;106;100;46;46;0;1.825;1.825;0.000;0.000;14.700;1.000;6.4;0.0;0;30;3.000;2.789;12.8;-70;0;0;-8.8;0;0;0;0;0;98;0;0;1857;105.71;0;0;0;0;0;0;0;0;0;0;0;0;0;0;0;0;30;0;37.0;37.0;2;0;0.00;0.00;0.00;0.0;0.0
57.069;81;1055;38;40090;0.5;12.100;0.823;30;76;9;0;100;101;100;105;100;106;100;47;47;0;1.849;1.849;0.000;0.000;14.700;1.000;6.5;0.0;0;30;3.000;2.848;12.8;20;0;0;-8.7;0;0;0;0;0;98;0;0;1857;105.61;0;0;0;0;0;0;0;0;0;0;0;0;0;0;0;0;30;0;38.0;38.0;2;0;0.00;0.00;0.00;0.0;0.0
57.138;81;1059;37;39183;0.5;12.800;0.871;30;76;9;0;100;101;100;105;100;106;100;46;46;0;1.825;1.825;0.000;0.000;14.700;1.000;6.4;0.0;0;30;3.000;2.713;12.8;-30;0;0;-8.8;0;0;0;0;0;98;0;0;1857;105.21;0;0;0;0;0;0;0;0;0;0;0;0;0;0;0;0;30;0;37.0;37.0;2;0;0.00;0.00;0.00;0.0;0.0
57.204;81;1049;38;39862;0.5;13.000;0.884;30;76;9;0;100;101;100;105;100;106;100;46;46;0;1.842;1.842;0.000;0.000;14.700;1.000;6.4;0.0;0;30;3.000;2.814;12.8;-30;0;0;-8.7;0;0;0;0;0;98;0;0;1857;106.22;0;0;0;0;0;0;0;0;0;0;0;0;0;0;0;0;30;0;38.0;38.0;2;0;0.00;0.00;0.00;0.0;0.0
57.273;82;1038;38;39444;0.5;13.500;0.918;30;76;9;0;100;101;100;105;100;106;100;46;46;0;1.830;1.830;0.000;0.000;14.700;1.000;6.3;0.0;0;30;3.000;2.864;12.9;-130;0;0;-8.7;0;0;0;0;0;98;0;0;1861;107.57;0;0;0;0;0;0;0;0;0;0;0;0;0;0;0;0;30;0;38.0;38.0;2;0;0.00;0.00;0.00;0.0;0.0
57.340;82;1037;38;39406;0.5;12.800;0.871;30;76;9;0;100;101;100;105;100;106;100;47;47;0;1.837;1.837;0.000;0.000;14.700;1.000;6.3;0.0;0;30;3.000;2.875;12.9;80;0;0;-8.7;0;0;0;0;0;98;0;0;1861;107.68;0;0;0;0;0;0;0;0;0;0;0;0;0;0;0;0;30;0;38.0;38.0;2;0;0.00;0.00;0.00;0.0;0.0
57.404;82;1036;38;39368;0.5;13.100;0.891;30;76;9;0;100;101;100;105;100;106;100;46;46;0;1.830;1.830;0.000;0.000;14.700;1.000;6.3;0.0;0;30;3.000;2.825;12.9;80;0;0;-8.7;0;0;0;0;0;98;0;0;1861;107.78;0;0;0;0;0;0;0;0;0;0;0;0;0;0;0;0;30;0;38.0;38.0;2;0;0.00;0.00;0.00;0.0;0.0
57.470;82;1019;38;38722;0.5;12.600;0.857;30;76;9;0;100;101;100;105;100;106;100;46;46;0;1.830;1.830;0.000;0.000;14.700;1.000;6.2;0.0;0;30;3.000;2.594;12.9;-150;0;0;-8.7;0;0;0;0;0;98;0;0;1861;109.58;0;0;0;0;0;0;0;0;0;0;0;0;0;0;0;0;30;0;38.0;38.0;2;0;0.00;0.00;0.00;0.0;0.0
57.536;82;1025;38;38950;0.5;12.700;0.864;30;76;9;0;100;101;100;105;100;106;100;46;46;0;1.830;1.830;0.000;0.000;14.700;1.000;6.3;0.0;0;30;3.000;2.754;12.9;-60;0;0;-8.7;0;0;0;0;0;98;0;0;1861;108.94;0;0;0;0;0;0;0;0;0;0;0;0;0;0;0;0;30;0;38.0;38.0;2;0;0.00;0.00;0.00;0.0;0.0
57.601;82;1010;38;38380;0.5;13.100;0.891;30;76;9;0;100;101;100;105;100;106;100;46;46;0;1.830;1.830;0.000;0.000;14.700;1.000;6.2;0.0;0;30;3.000;2.554;12.9;-60;0;0;-8.7;0;0;0;0;0;98;0;0;1861;110.55;0;0;0;0;0;0;0;0;0;0;0;0;0;0;0;0;30;0;38.0;38.0;2;0;0.00;0.00;0.00;0.0;0.0
57.671;82;1000;39;39000;0.5;12.700;0.864;30;76;9;0;100;101;100;105;100;106;100;47;47;0;1.845;1.845;0.000;0.000;14.700;1.000;6.2;0.0;0;30;3.000;2.758;12.9;-190;0;0;-8.6;0;0;0;0;0;98;0;0;1861;111.66;0;0;0;0;0;0;0;0;0;0;0;0;0;0;0;0;30;0;39.0;39.0;2;0;0.00;0.00;0.00;0.0;0.0
57.736;82;1003;39;39117;0.5;12.900;0.878;30;76;9;0;100;101;100;105;100;106;100;47;47;0;1.845;1.845;0.000;0.000;14.700;1.000;6.2;0.0;0;30;3.000;3.157;12.9;-30;0;0;-8.6;0;0;0;0;0;98;0;0;1861;111.33;0;0;0;0;0;0;0;0;0;0;0;0;0;0;0;0;30;0;39.0;39.0;2;0;0.00;0.00;0.00;0.0;0.0
57.802;82;990;39;38610;0.5;13.100;0.891;30;76;9;0;100;101;100;105;100;106;100;47;47;0;1.845;1.845;0.000;0.000;14.700;1.000;6.1;0.0;0;30;3.000;2.923;12.9;-30;0;0;-8.6;0;0;0;0;0;98;0;0;1861;112.79;0;0;0;0;0;0;0;0;0;0;0;0;0;0;0;0;30;0;39.0;39.0;2;0;0.00;0.00;0.00;0.0;0.0
57.871;82;994;40;39760;0.5;12.400;0.844;30;76;9;0;100;101;100;105;100;106;100;47;47;0;1.854;1.854;0.000;0.000;14.700;1.000;6.1;0.0;0;29;3.000;2.887;12.9;-200;0;0;-8.4;0;0;0;0;0;98;0;0;1861;112.33;0;0;0;0;0;0;0;0;0;0;0;0;0;0;0;0;29;0;40.0;40.0;2;0;0.00;0.00;0.00;0.0;0.0
57.937;82;983;40;39320;0.5;12.600;0.857;30;76;9;0;100;101;100;105;100;106;100;47;47;0;1.854;1.854;0.000;0.000;14.700;1.000;6.1;0.0;0;29;3.000;2.815;12.9;-200;0;0;-8.4;0;0;0;0;0;98;0;0;1861;113.59;0;0;0;0;0;0;0;0;0;0;0;0;0;0;0;0;29;0;40.0;40.0;2;0;0.00;0.00;0.00;0.0;0.0
58.002;82;982;40;39280;0.5;13.200;0.898;30;76;9;0;100;101;100;105;100;106;100;47;47;0;1.914;1.914;0.000;0.000;14.700;1.000;6.3;0.0;0;29;3.000;2.844;12.4;0;0;0;-8.4;0;0;0;0;0;98;0;0;1861;113.71;0;0;0;0;0;0;0;0;0;0;0;0;0;0;0;0;29;0;40.0;40.0;2;0;0.00;0.00;0.00;0.0;0.0
58.069;82;979;40;39160;0.5;13.500;0.918;30;76;9;0;100;101;100;105;100;106;100;47;47;0;1.914;1.914;0.000;0.000;14.700;1.000;6.2;0.0;0;29;3.000;2.813;12.4;40;0;0;-8.4;0;0;0;0;0;98;0;0;1861;114.06;0;0;0;0;0;0;0;0;0;0;0;0;0;0;0;0;29;0;40.0;40.0;2;0;0.00;0.00;0.00;0.0;0.0
58.134;82;992;40;39680;0.5;13.300;0.905;30;76;9;0;100;101;100;105;100;106;100;47;47;0;1.914;1.914;0.000;0.000;14.700;1.000;6.3;0.0;0;29;3.000;3.016;12.4;40;0;0;-8.4;0;0;0;0;0;98;0;0;1861;112.56;0;0;0;0;0;0;0;0;0;0;0;0;0;0;0;0;29;0;40.0;40.0;2;0;0.00;0.00;0.00;0.0;0.0
58.199;82;995;39;38805;0.5;13.800;0.939;30;76;9;0;100;101;100;105;100;106;100;47;47;0;1.905;1.905;0.000;0.000;14.700;1.000;6.3;0.0;0;29;3.000;2.659;12.4;150;0;0;-8.6;0;0;0;0;0;98;0;0;1861;112.22;0;0;0;0;0;0;0;0;0;0;0;0;0;0;0;0;29;0;39.0;39.0;2;0;0.00;0.00;0.00;0.0;0.0
58.269;83;1013;39;39507;0.5;14.100;0.959;30;76;9;0;100;101;100;105;100;106;100;47;47;0;1.869;1.869;0.000;0.000;14.700;1.000;6.3;0.0;0;30;3.000;3.015;12.7;20;0;0;-8.6;0;0;0;0;0;98;0;0;1865;110.46;0;0;0;0;0;0;0;0;0;0;0;0;0;0;0;0;30;0;39.0;39.0;2;0;0.00;0.00;0.00;0.0;0.0
58.338;83;1015;39;39585;0.5;13.800;0.939;30;76;9;0;100;101;100;105;100;106;100;47;47;0;1.869;1.869;0.000;0.000;14.700;1.000;6.3;0.0;0;30;3.000;2.992;12.7;20;0;0;-8.6;0;0;0;0;0;98;0;0;1865;110.25;0;0;0;0;0;0;0;0;0;0;0;0;0;0;0;0;30;0;39.0;39.0;2;0;0.00;0.00;0.00;0.0;0.0
58.404;83;1022;39;39858;0.5;13.800;0.939;30;76;9;0;100;101;100;105;100;106;100;47;47;0;1.869;1.869;0.000;0.000;14.700;1.000;6.4;0.0;0;30;3.000;2.821;12.7;110;0;0;-8.6;0;0;0;0;0;98;0;0;1865;109.49;0;0;0;0;0;0;0;0;0;0;0;0;0;0;0;0;30;0;39.0;39.0;2;0;0.00;0.00;0.00;0.0;0.0
58.470;83;1023;39;39897;0.5;14.600;0.993;30;76;9;0;100;101;100;105;100;106;100;47;47;0;1.869;1.869;0.000;0.000;14.700;1.000;6.4;0.0;0;30;3.000;2.919;12.7;30;0;0;-8.6;0;0;0;0;0;98;0;0;1865;109.38;0;0;0;0;0;0;0;0;0;0;0;0;0;0;0;0;30;0;39.0;39.0;2;0;0.00;0.00;0.00;0.0;0.0
58.535;83;1027;39;40053;0.5;15.700;1.068;30;76;9;0;100;101;100;105;100;106;100;47;47;0;1.869;1.869;0.000;0.000;14.700;1.000;6.4;0.0;0;30;3.000;2.710;12.7;30;0;0;-8.6;0;0;0;0;0;98;0;0;1865;108.96;0;0;0;0;0;0;0;0;0;0;0;0;0;0;0;0;30;0;39.0;39.0;2;0;0.00;0.00;0.00;0.0;0.0
58.604;83;1035;39;40365;0.5;15.800;1.075;30;76;9;0;100;101;100;105;100;106;100;47;47;0;1.869;1.869;0.000;0.000;14.700;1.000;6.4;0.0;0;30;3.000;2.937;12.7;90;0;0;-8.6;0;0;0;0;0;98;0;0;1865;108.12;0;0;0;0;0;0;0;0;0;0;0;0;0;0;0;0;30;0;39.0;39.0;2;0;0.00;0.00;0.00;0.0;0.0
58.670;83;1029;38;39102;0.5;15.900;1.082;30;76;9;0;100;101;100;105;100;106;100;47;47;0;1.861;1.861;0.000;0.000;14.700;1.000;6.4;0.0;0;30;3.000;2.623;12.7;20;0;0;-8.7;0;0;0;0;0;98;0;0;1865;108.75;0;0;0;0;0;0;0;0;0;0;0;0;0;0;0;0;30;0;38.0;38.0;2;0;0.00;0.00;0.00;0.0;0.0
58.736;83;1051;38;39938;0.5;15.800;1.075;30;76;9;0;100;101;100;105;100;106;100;47;47;0;1.861;1.861;0.000;0.000;14.700;1.000;6.5;0.0;0;30;3.000;3.073;12.7;20;0;0;-8.7;0;0;0;0;0;98;0;0;1865;106.47;0;0;0;0;0;0;0;0;0;0;0;0;0;0;0;0;30;0;38.0;38.0;2;0;0.00;0.00;0.00;0.0;0.0
58.801;83;1062;38;40356;0.5;14.600;0.993;30;76;9;0;100;101;100;105;100;106;100;47;47;0;1.873;1.873;0.000;0.000;14.700;1.000;6.6;0.0;0;30;3.000;3.094;12.6;220;0;0;-8.7;0;0;0;0;0;98;0;0;1865;105.37;0;0;0;0;0;0;0;0;0;0;0;0;0;0;0;0;30;0;38.0;38.0;2;0;0.00;0.00;0.00;0.0;0.0
58.871;83;1049;37;38813;0.5;13.900;0.946;30;76;9;0;100;101;100;105;100;106;100;46;46;0;1.849;1.849;0.000;0.000;14.700;1.000;6.5;0.0;0;30;3.000;2.831;12.6;110;0;0;-8.8;0;0;0;0;0;98;0;0;1865;106.67;0;0;0;0;0;0;0;0;0;0;0;0;0;0;0;0;30;0;37.0;37.0;2;0;0.00;0.00;0.00;0.0;0.0
58.936;83;1057;37;39109;0.5;13.700;0.932;30;76;9;0;100;101;100;105;100;106;100;46;46;0;1.849;1.849;0.000;0.000;14.700;1.000;6.5;0.0;0;30;3.000;2.934;12.6;110;0;0;-8.8;0;0;0;0;0;98;0;0;1865;105.87;0;0;0;0;0;0;0;0;0;0;0;0;0;0;0;0;30;0;37.0;37.0;2;0;0.00;0.00;0.00;0.0;0.0
59.002;83;1060;37;39220;0.5;13.400;0.912;30;76;9;0;100;101;100;105;100;106;100;46;46;0;1.849;1.849;0.000;0.000;14.700;1.000;6.5;0.0;0;30;3.000;2.728;12.6;40;0;0;-8.8;0;0;0;0;0;98;0;0;1865;105.57;0;0;0;0;0;0;0;0;0;0;0;0;0;0;0;0;30;0;37.0;37.0;2;0;0.00;0.00;0.00;0.0;0.0
59.071;83;1065;37;39405;0.5;13.300;0.905;30;76;9;0;100;101;100;105;100;106;100;46;46;0;1.849;1.849;0.000;0.000;14.700;1.000;6.6;0.0;0;30;3.000;2.785;12.6;-70;0;0;-8.8;0;0;0;0;0;98;0;0;1865;105.07;0;0;0;0;0;0;0;0;0;0;0;0;0;0;0;0;30;0;37.0;37.0;2;0;0.00;0.00;0.00;0.0;0.0
59.137;83;1055;37;39035;0.5;13.500;0.918;30;76;9;0;100;101;100;105;100;106;100;46;46;0;1.849;1.849;0.000;0.000;14.700;1.000;6.5;0.0;0;30;3.000;2.821;12.6;-70;0;0;-8.8;0;0;0;0;0;98;0;0;1865;106.07;0;0;0;0;0;0;0;0;0;0;0;0;0;0;0;0;30;0;37.0;37.0;2;0;0.00;0.00;0.00;0.0;0.0
59.203;83;1060;37;39220;0.5;12.500;0.850;30;76;9;0;100;101;100;105;100;106;100;46;46;0;1.849;1.849;0.000;0.000;14.700;1.000;6.5;0.0;0;30;3.000;2.984;12.6;-90;0;0;-8.8;0;0;0;0;0;98;0;0;1865;105.57;0;0;0;0;0;0;0;0;0;0;0;0;0;0;0;0;30;0;37.0;37.0;2;0;0.00;0.00;0.00;0.0;0.0
59.268;84;1075;37;39775;0.5;12.300;0.837;30;76;9;0;100;101;100;105;100;106;100;46;46;0;1.849;1.849;0.000;0.000;14.700;1.000;6.6;0.0;0;31;3.000;3.061;12.6;270;0;0;-8.8;0;0;0;0;0;98;0;0;1862;103.93;0;0;0;0;0;0;0;0;0;0;0;0;0;0;0;0;31;0;37.0;37.0;2;0;0.00;0.00;0.00;0.0;0.0
59.268;84;1068;37;39516;0.5;12.300;0.837;30;76;9;0;100;101;100;105;100;106;100;46;46;0;1.849;1.849;0.000;0.000;14.700;1.000;6.6;0.0;0;31;3.000;2.692;12.6;270;0;0;-8.8;0;0;0;0;0;98;0;0;1862;104.61;0;0;0;0;0;0;0;0;0;0;0;0;0;0;0;0;31;0;37.0;37.0;2;0;0.00;0.00;0.00;0.0;0.0
59.403;84;1071;37;39627;0.5;12.400;0.844;30;76;9;0;100;101;100;105;100;106;100;46;46;0;1.849;1.849;0.000;0.000;14.700;1.000;6.6;0.0;0;30;3.000;2.717;12.6;-90;0;0;-8.8;0;0;0;0;0;98;0;0;1862;104.31;0;0;0;0;0;0;0;0;0;0;0;0;0;0;0;0;30;0;37.0;37.0;2;0;0.00;0.00;0.00;0.0;0.0
59.469;84;1068;37;39516;0.5;12.300;0.837;30;76;9;0;100;101;100;105;100;106;100;46;46;0;1.849;1.849;0.000;0.000;14.700;1.000;6.6;0.0;0;31;3.000;2.770;12.6;0;0;0;-8.8;0;0;0;0;0;98;0;0;1862;104.61;0;0;0;0;0;0;0;0;0;0;0;0;0;0;0;0;31;0;37.0;37.0;2;0;0.00;0.00;0.00;0.0;0.0
59.538;84;1078;37;39886;0.5;12.200;0.830;30;76;9;0;100;101;100;105;100;106;100;46;46;0;1.861;1.861;0.000;0.000;14.700;1.000;6.7;0.0;0;30;3.000;2.972;12.5;0;0;0;-8.8;0;0;0;0;0;98;0;0;1862;103.64;0;0;0;0;0;0;0;0;0;0;0;0;0;0;0;0;30;0;37.0;37.0;2;0;0.00;0.00;0.00;0.0;0.0
59.605;84;1081;37;39997;0.5;12.200;0.830;30;76;9;0;100;101;100;105;100;106;100;46;46;0;1.861;1.861;0.000;0.000;14.700;1.000;6.7;0.0;0;30;3.000;3.020;12.5;10;0;0;-8.8;0;0;0;0;0;98;0;0;1862;103.35;0;0;0;0;0;0;0;0;0;0;0;0;0;0;0;0;30;0;37.0;37.0;2;0;0.00;0.00;0.00;0.0;0.0
59.669;84;1076;37;39812;0.5;12.300;0.837;30;76;9;0;100;101;100;105;100;106;100;46;46;0;1.861;1.861;0.000;0.000;14.700;1.000;6.7;0.0;0;31;3.000;2.779;12.5;70;0;0;-8.8;0;0;0;0;0;98;0;0;1862;103.83;0;0;0;0;0;0;0;0;0;0;0;0;0;0;0;0;31;0;37.0;37.0;2;0;0.00;0.00;0.00;0.0;0.0
59.735;84;1085;37;40145;0.5;12.400;0.844;30;76;9;0;100;101;100;105;100;106;100;46;46;0;1.861;1.861;0.000;0.000;14.700;1.000;6.7;0.0;0;30;3.000;2.981;12.5;70;0;0;-8.8;0;0;0;0;0;98;0;0;1862;102.97;0;0;0;0;0;0;0;0;0;0;0;0;0;0;0;0;30;0;37.0;37.0;2;0;0.00;0.00;0.00;0.0;0.0
59.801;84;1096;37;40552;0.5;12.300;0.837;30;76;9;0;100;101;100;105;100;106;100;47;47;0;1.856;1.856;0.000;0.000;14.700;1.000;6.8;0.0;0;30;3.000;3.181;12.6;40;0;0;-8.8;0;0;0;0;0;98;0;0;1862;101.93;0;0;0;0;0;0;0;0;0;0;0;0;0;0;0;0;30;0;37.0;37.0;2;0;0.00;0.00;0.00;0.0;0.0
59.870;84;1105;36;39780;0.5;12.200;0.830;30;76;9;0;100;101;100;105;100;106;100;46;46;0;1.842;1.842;0.000;0.000;14.700;1.000;6.8;0.0;0;30;3.000;2.931;12.6;250;0;0;-9.0;0;0;0;0;0;98;0;0;1862;101.10;0;0;0;0;0;0;0;0;0;0;0;0;0;0;0;0;30;0;36.0;36.0;2;0;0.00;0.00;0.00;0.0;0.0
59.936;84;1096;37;40552;0.5;12.200;0.830;30;76;9;0;100;101;100;105;100;106;100;47;47;0;1.856;1.856;0.000;0.000;14.700;1.000;6.8;0.0;0;30;3.000;2.890;12.6;250;0;0;-8.8;0;0;0;0;0;98;0;0;1862;101.93;0;0;0;0;0;0;0;0;0;0;0;0;0;0;0;0;30;0;37.0;37.0;2;0;0.00;0.00;0.00;0.0;0.0
59.936;84;1081;36;38916;0.5;12.300;0.837;30;76;9;0;100;101;100;105;100;106;100;45;45;0;1.835;1.835;0.000;0.000;14.700;1.000;6.6;0.0;0;30;3.000;2.760;12.6;-130;0;0;-9.0;0;0;0;0;0;98;0;0;1862;103.35;0;0;0;0;0;0;0;0;0;0;0;0;0;0;0;0;30;0;36.0;36.0;2;0;0.00;0.00;0.00;0.0;0.0
60.067;84;1083;36;38988;0.5;11.900;0.810;30;76;9;0;100;101;100;105;100;106;100;45;45;0;1.823;1.823;0.000;0.000;14.700;1.000;6.6;0.0;0;30;3.000;3.129;12.7;-130;0;0;-9.0;0;0;0;0;0;98;0;0;1862;103.16;0;0;0;0;0;0;0;0;0;0;0;0;0;0;0;0;30;0;36.0;36.0;2;0;0.00;0.00;0.00;0.0;0.0
60.136;84;1082;37;40034;0.5;12.900;0.878;30;76;9;0;100;101;100;105;100;106;100;46;46;0;1.837;1.837;0.000;0.000;14.700;1.000;6.6;0.0;0;30;3.000;2.907;12.7;-50;0;0;-8.8;0;0;0;0;0;98;0;0;1862;103.25;0;0;0;0;0;0;0;0;0;0;0;0;0;0;0;0;30;0;37.0;37.0;2;0;0.00;0.00;0.00;0.0;0.0
60.202;84;1085;37;40145;0.5;13.000;0.884;30;76;9;0;100;101;100;105;100;106;100;46;46;0;1.837;1.837;0.000;0.000;14.700;1.000;6.6;0.0;0;30;3.000;2.965;12.7;-50;0;0;-8.8;0;0;0;0;0;98;0;0;1862;102.97;0;0;0;0;0;0;0;0;0;0;0;0;0;0;0;0;30;0;37.0;37.0;2;0;0.00;0.00;0.00;0.0;0.0
60.202;84;1076;37;39812;0.5;14.000;0.952;30;76;9;0;100;101;100;105;100;106;100;46;46;0;1.837;1.837;0.000;0.000;14.700;1.000;6.6;0.0;0;31;3.000;2.916;12.7;-50;0;0;-8.8;0;0;0;0;0;98;0;0;1862;103.83;0;0;0;0;0;0;0;0;0;0;0;0;0;0;0;0;31;0;37.0;37.0;2;0;0.00;0.00;0.00;0.0;0.0
60.337;85;1067;37;39479;0.5;15.000;1.020;30;76;9;0;100;101;100;105;100;106;100;46;46;0;1.825;1.825;0.000;0.000;14.700;1.000;6.5;0.0;0;31;3.000;2.713;12.8;-60;0;0;-8.8;0;0;0;0;0;98;0;0;1856;104.37;0;0;0;0;0;0;0;0;0;0;0;0;0;0;0;0;31;0;37.0;37.0;2;0;0.00;0.00;0.00;0.0;0.0
60.403;85;1065;37;39405;0.5;14.800;1.007;30;76;9;0;100;101;100;105;100;106;100;46;46;0;1.825;1.825;0.000;0.000;14.700;1.000;6.5;0.0;0;30;3.000;2.772;12.8;-110;0;0;-8.8;0;0;0;0;0;98;0;0;1856;104.56;0;0;0;0;0;0;0;0;0;0;0;0;0;0;0;0;30;0;37.0;37.0;2;0;0.00;0.00;0.00;0.0;0.0
60.468;85;1058;37;39146;0.5;15.500;1.054;30;76;9;0;100;101;100;105;100;106;100;46;46;0;1.825;1.825;0.000;0.000;14.700;1.000;6.4;0.0;0;30;3.000;2.794;12.8;-110;0;0;-8.8;0;0;0;0;0;98;0;0;1856;105.26;0;0;0;0;0;0;0;0;0;0;0;0;0;0;0;0;30;0;37.0;37.0;2;0;0.00;0.00;0.00;0.0;0.0
60.537;85;1041;37;38517;0.5;16.700;1.136;30;76;9;0;100;101;100;105;100;106;100;46;46;0;1.825;1.825;0.000;0.000;14.700;1.000;6.3;0.0;0;30;3.000;2.831;12.8;-70;0;0;-8.8;0;0;0;0;0;98;0;0;1856;106.97;0;0;0;0;0;0;0;0;0;0;0;0;0;0;0;0;30;0;37.0;37.0;2;0;0.00;0.00;0.00;0.0;0.0
60.603;85;1042;38;39596;0.5;17.200;1.170;30;76;9;0;100;101;100;105;100;106;100;47;47;0;1.849;1.849;0.000;0.000;14.700;1.000;6.4;0.0;0;30;3.000;3.077;12.8;-160;0;0;-8.7;0;0;0;0;0;98;0;0;1856;106.87;0;0;0;0;0;0;0;0;0;0;0;0;0;0;0;0;30;0;38.0;38.0;2;0;0.00;0.00;0.00;0.0;0.0
60.669;85;1030;38;39140;0.5;17.800;1.211;30;76;9;0;100;101;100;105;100;106;100;46;46;0;1.842;1.842;0.000;0.000;14.700;1.000;6.3;0.0;0;30;3.000;2.926;12.8;-160;0;0;-8.7;0;0;0;0;0;98;0;0;1856;108.12;0;0;0;0;0;0;0;0;0;0;0;0;0;0;0;0;30;0;38.0;38.0;2;0;0.00;0.00;0.00;0.0;0.0
60.735;85;1027;38;39026;0.5;17.600;1.197;30;76;9;0;100;101;100;105;100;106;100;46;46;0;1.842;1.842;0.000;0.000;14.700;1.000;6.3;0.0;0;30;3.000;2.844;12.8;-120;0;0;-8.7;0;0;0;0;0;98;0;0;1856;108.43;0;0;0;0;0;0;0;0;0;0;0;0;0;0;0;0;30;0;38.0;38.0;2;0;0.00;0.00;0.00;0.0;0.0
60.804;85;1017;38;38646;0.5;15.200;1.034;30;76;9;0;100;101;100;105;100;106;100;47;47;0;1.837;1.837;0.000;0.000;14.700;1.000;6.2;0.0;0;30;3.000;2.535;12.9;-130;0;0;-8.7;0;0;0;0;0;98;0;0;1856;109.50;0;0;0;0;0;0;0;0;0;0;0;0;0;0;0;0;30;0;38.0;38.0;2;0;0.00;0.00;0.00;0.0;0.0
60.870;85;1024;38;38912;0.5;13.800;0.939;30;76;9;0;100;101;100;105;100;106;100;46;46;0;1.830;1.830;0.000;0.000;14.700;1.000;6.2;0.0;0;30;3.000;2.912;12.9;-130;0;0;-8.7;0;0;0;0;0;98;0;0;1856;108.75;0;0;0;0;0;0;0;0;0;0;0;0;0;0;0;0;30;0;38.0;38.0;2;0;0.00;0.00;0.00;0.0;0.0
60.935;85;1020;38;38760;0.5;12.300;0.837;30;76;9;0;100;101;100;105;100;106;100;47;47;0;1.837;1.837;0.000;0.000;14.700;1.000;6.2;0.0;0;30;3.000;2.652;12.9;70;0;0;-8.7;0;0;0;0;0;98;0;0;1856;109.18;0;0;0;0;0;0;0;0;0;0;0;0;0;0;0;0;30;0;38.0;38.0;2;0;0.00;0.00;0.00;0.0;0.0
61.001;85;1016;38;38608;0.5;11.300;0.769;30;76;9;0;100;101;100;105;100;106;100;46;46;0;1.830;1.830;0.000;0.000;14.700;1.000;6.2;0.0;0;30;3.000;2.865;12.9;-80;0;0;-8.7;0;0;0;0;0;98;0;0;1856;109.61;0;0;0;0;0;0;0;0;0;0;0;0;0;0;0;0;30;0;38.0;38.0;2;0;0.00;0.00;0.00;0.0;0.0
61.066;85;1012;39;39468;0.5;11.000;0.748;30;76;9;0;100;101;100;105;100;106;100;47;47;0;1.857;1.857;0.000;0.000;14.700;1.000;6.3;0.0;0;30;3.000;2.837;12.8;-80;0;0;-8.6;0;0;0;0;0;98;0;0;1856;110.04;0;0;0;0;0;0;0;0;0;0;0;0;0;0;0;0;30;0;39.0;39.0;2;0;0.00;0.00;0.00;0.0;0.0
61.136;85;995;39;38805;0.5;11.200;0.762;30;76;9;0;100;101;100;105;100;106;100;47;47;0;1.857;1.857;0.000;0.000;14.700;1.000;6.2;0.0;0;29;3.000;2.800;12.8;-90;0;0;-8.6;0;0;0;0;0;98;0;0;1856;111.92;0;0;0;0;0;0;0;0;0;0;0;0;0;0;0;0;29;0;39.0;39.0;2;0;0.00;0.00;0.00;0.0;0.0
61.202;85;994;39;38766;0.5;11.400;0.776;30;76;9;0;100;101;100;105;100;106;100;47;47;0;1.857;1.857;0.000;0.000;14.700;1.000;6.2;0.0;0;29;3.000;3.038;12.8;-100;0;0;-8.6;0;0;0;0;0;98;0;0;1856;112.03;0;0;0;0;0;0;0;0;0;0;0;0;0;0;0;0;29;0;39.0;39.0;2;0;0.00;0.00;0.00;0.0;0.0
61.271;85;985;39;38415;0.5;11.900;0.810;30;76;9;0;100;101;100;105;100;106;100;47;47;0;1.857;1.857;0.000;0.000;14.700;1.000;6.1;0.0;0;29;3.000;2.727;12.8;-100;0;0;-8.6;0;0;0;0;0;98;0;0;1856;113.06;0;0;0;0;0;0;0;0;0;0;0;0;0;0;0;0;29;0;39.0;39.0;2;0;0.00;0.00;0.00;0.0;0.0
61.336;86;997;40;39880;0.5;12.100;0.823;30;76;9;0;100;101;100;105;100;106;100;47;47;0;1.866;1.866;0.000;0.000;14.700;1.000;6.2;0.0;0;29;3.000;2.979;12.8;-20;0;0;-8.4;0;0;0;0;0;98;0;0;1862;112.06;0;0;0;0;0;0;0;0;0;0;0;0;0;0;0;0;29;0;40.0;40.0;2;0;0.00;0.00;0.00;0.0;0.0
61.402;86;985;39;38415;0.5;12.200;0.830;30;76;9;0;100;101;100;105;100;106;100;47;47;0;1.857;1.857;0.000;0.000;14.700;1.000;6.1;0.0;0;29;3.000;2.638;12.8;-100;0;0;-8.6;0;0;0;0;0;98;0;0;1862;113.42;0;0;0;0;0;0;0;0;0;0;0;0;0;0;0;0;29;0;39.0;39.0;2;0;0.00;0.00;0.00;0.0;0.0
61.471;86;977;40;39080;0.5;12.600;0.857;30;76;9;0;100;101;100;105;100;106;100;47;47;0;1.866;1.866;0.000;0.000;14.700;1.000;6.1;0.0;0;29;3.000;2.662;12.8;-100;0;0;-8.4;0;0;0;0;0;98;0;0;1862;114.35;0;0;0;0;0;0;0;0;0;0;0;0;0;0;0;0;29;0;40.0;40.0;2;0;0.00;0.00;0.00;0.0;0.0
61.537;86;968;40;38720;0.5;14.300;0.973;30;76;9;0;100;101;100;105;100;106;100;47;47;0;1.866;1.866;0.000;0.000;14.700;1.000;6.0;0.0;0;29;3.000;2.533;12.8;-80;0;0;-8.4;0;0;0;0;0;98;0;0;1862;115.41;0;0;0;0;0;0;0;0;0;0;0;0;0;0;0;0;29;0;40.0;40.0;2;0;0.00;0.00;0.00;0.0;0.0
61.602;86;971;40;38840;0.5;16.500;1.122;30;76;9;0;100;101;100;105;100;106;100;47;47;0;1.854;1.854;0.000;0.000;14.700;1.000;6.0;0.0;0;29;3.000;2.824;12.9;-60;0;0;-8.4;0;0;0;0;0;98;0;0;1862;115.06;0;0;0;0;0;0;0;0;0;0;0;0;0;0;0;0;29;0;40.0;40.0;2;0;0.00;0.00;0.00;0.0;0.0
61.668;86;972;40;38880;0.5;17.800;1.211;30;76;9;0;100;101;100;105;100;106;100;47;47;0;1.854;1.854;0.000;0.000;14.700;1.000;6.0;0.0;0;29;3.000;2.840;12.9;-60;0;0;-8.4;0;0;0;0;0;98;0;0;1862;114.94;0;0;0;0;0;0;0;0;0;0;0;0;0;0;0;0;29;0;40.0;40.0;2;0;0.00;0.00;0.00;0.0;0.0
61.737;86;993;40;39720;0.5;18.800;1.279;30;76;9;0;100;101;100;105;100;106;100;47;47;0;1.854;1.854;0.000;0.000;14.700;1.000;6.1;0.0;0;29;3.000;3.289;12.9;40;0;0;-8.4;0;0;0;0;0;98;0;0;1862;112.51;0;0;0;0;0;0;0;0;0;0;0;0;0;0;0;0;29;0;40.0;40.0;2;0;0.00;0.00;0.00;0.0;0.0
61.803;86;987;40;39480;0.5;18.200;1.238;30;76;9;0;100;101;100;105;100;106;100;47;47;0;1.866;1.866;0.000;0.000;14.700;1.000;6.1;0.0;0;29;3.000;2.872;12.8;120;0;0;-8.4;0;0;0;0;0;98;0;0;1862;113.19;0;0;0;0;0;0;0;0;0;0;0;0;0;0;0;0;29;0;40.0;40.0;2;0;0.00;0.00;0.00;0.0;0.0
61.869;86;974;40;38960;0.5;16.500;1.122;30;76;9;0;100;101;100;105;100;106;100;47;47;0;1.866;1.866;0.000;0.000;14.700;1.000;6.1;0.0;0;29;3.000;2.807;12.8;120;0;0;-8.4;0;0;0;0;0;98;0;0;1862;114.70;0;0;0;0;0;0;0;0;0;0;0;0;0;0;0;0;29;0;40.0;40.0;2;0;0.00;0.00;0.00;0.0;0.0
61.935;86;980;40;39200;0.5;17.500;1.190;30;76;9;0;100;101;100;105;100;106;100;47;47;0;1.866;1.866;0.000;0.000;14.700;1.000;6.1;0.0;0;29;3.000;2.943;12.8;-100;0;0;-8.4;0;0;0;0;0;98;0;0;1862;114.00;0;0;0;0;0;0;0;0;0;0;0;0;0;0;0;0;29;0;40.0;40.0;2;0;0.00;0.00;0.00;0.0;0.0
62.004;86;975;40;39000;0.5;18.400;1.252;30;76;9;0;100;101;100;105;100;106;100;47;47;0;1.866;1.866;0.000;0.000;14.700;1.000;6.1;0.0;0;29;3.000;2.732;12.8;-20;0;0;-8.4;0;0;0;0;0;98;0;0;1862;114.58;0;0;0;0;0;0;0;0;0;0;0;0;0;0;0;0;29;0;40.0;40.0;2;0;0.00;0.00;0.00;0.0;0.0
62.070;86;978;40;39120;0.5;19.200;1.306;30;76;9;0;100;101;100;105;100;106;100;47;47;0;1.854;1.854;0.000;0.000;14.700;1.000;6.0;0.0;0;29;3.000;2.881;12.9;-20;0;0;-8.4;0;0;0;0;0;98;0;0;1862;114.23;0;0;0;0;0;0;0;0;0;0;0;0;0;0;0;0;29;0;40.0;40.0;2;0;0.00;0.00;0.00;0.0;0.0
62.135;86;972;40;38880;0.5;18.300;1.245;30;76;9;0;100;101;100;105;100;106;100;47;47;0;1.854;1.854;0.000;0.000;14.700;1.000;6.0;0.0;0;29;3.000;2.590;12.9;50;0;0;-8.4;0;0;0;0;0;98;0;0;1862;114.94;0;0;0;0;0;0;0;0;0;0;0;0;0;0;0;0;29;0;40.0;40.0;2;0;0.00;0.00;0.00;0.0;0.0
62.204;86;990;40;39600;0.5;18.200;1.238;30;76;9;0;100;101;100;105;100;106;100;47;47;0;1.854;1.854;0.000;0.000;14.700;1.000;6.1;0.0;0;29;3.000;3.080;12.9;50;0;0;-8.4;0;0;0;0;0;98;0;0;1862;112.85;0;0;0;0;0;0;0;0;0;0;0;0;0;0;0;0;29;0;40.0;40.0;2;0;0.00;0.00;0.00;0.0;0.0
62.273;86;1004;40;40160;0.5;19.300;1.313;30;76;9;0;100;101;100;105;100;106;100;48;48;0;1.861;1.861;0.000;0.000;14.700;1.000;6.2;0.0;0;30;3.000;2.955;12.9;230;0;0;-8.4;0;0;0;0;0;98;0;0;1862;111.27;0;0;0;0;0;0;0;0;0;0;0;0;0;0;0;0;30;0;40.0;40.0;2;0;0.00;0.00;0.00;0.0;0.0
62.336;87;1006;39;39234;0.5;17.500;1.190;30;76;9;0;100;101;100;105;100;106;100;47;47;0;1.845;1.845;0.000;0.000;14.700;1.000;6.2;0.0;0;30;3.000;2.887;12.9;-20;0;0;-8.6;0;0;0;0;0;98;0;0;1867;111.35;0;0;0;0;0;0;0;0;0;0;0;0;0;0;0;0;30;0;39.0;39.0;2;0;0.00;0.00;0.00;0.0;0.0
62.401;87;1019;39;39741;0.5;16.600;1.129;30;76;9;0;100;101;100;105;100;106;100;47;47;0;1.845;1.845;0.000;0.000;14.700;1.000;6.3;0.0;0;30;3.000;3.135;12.9;-20;0;0;-8.6;0;0;0;0;0;98;0;0;1867;109.93;0;0;0;0;0;0;0;0;0;0;0;0;0;0;0;0;30;0;39.0;39.0;2;0;0.00;0.00;0.00;0.0;0.0
62.471;87;1030;39;40170;0.5;17.100;1.163;30;76;9;0;100;101;100;105;100;106;100;47;47;0;1.845;1.845;0.000;0.000;14.700;1.000;6.3;0.0;0;30;3.000;2.831;12.9;180;0;0;-8.6;0;0;0;0;0;98;0;0;1867;108.76;0;0;0;0;0;0;0;0;0;0;0;0;0;0;0;0;30;0;39.0;39.0;2;0;0.00;0.00;0.00;0.0;0.0
62.536;87;1033;39;40287;0.5;17.700;1.204;30;76;9;0;100;101;100;105;100;106;100;47;47;0;1.845;1.845;0.000;0.000;14.700;1.000;6.4;0.0;0;30;3.000;3.076;12.9;140;0;0;-8.6;0;0;0;0;0;98;0;0;1867;108.44;0;0;0;0;0;0;0;0;0;0;0;0;0;0;0;0;30;0;39.0;39.0;2;0;0.00;0.00;0.00;0.0;0.0
62.602;87;1024;38;38912;0.5;16.800;1.143;30;76;9;0;100;101;100;105;100;106;100;46;46;0;1.830;1.830;0.000;0.000;14.700;1.000;6.2;0.0;0;30;3.000;2.556;12.9;140;0;0;-8.7;0;0;0;0;0;98;0;0;1867;109.39;0;0;0;0;0;0;0;0;0;0;0;0;0;0;0;0;30;0;38.0;38.0;2;0;0.00;0.00;0.00;0.0;0.0
62.668;87;1028;39;40092;0.5;15.600;1.061;30;76;9;0;100;101;100;105;100;106;100;47;47;0;1.845;1.845;0.000;0.000;14.700;1.000;6.3;0.0;0;30;3.000;2.828;12.9;-90;0;0;-8.6;0;0;0;0;0;98;0;0;1867;108.97;0;0;0;0;0;0;0;0;0;0;0;0;0;0;0;0;30;0;39.0;39.0;2;0;0.00;0.00;0.00;0.0;0.0
62.737;87;1043;38;39634;0.5;15.700;1.068;30;76;9;0;100;101;100;105;100;106;100;47;47;0;1.837;1.837;0.000;0.000;14.700;1.000;6.4;0.0;0;30;3.000;2.956;12.9;110;0;0;-8.7;0;0;0;0;0;98;0;0;1867;107.40;0;0;0;0;0;0;0;0;0;0;0;0;0;0;0;0;30;0;38.0;38.0;2;0;0.00;0.00;0.00;0.0;0.0
62.803;87;1044;38;39672;0.5;15.800;1.075;30;76;9;0;100;101;100;105;100;106;100;46;46;0;1.830;1.830;0.000;0.000;14.700;1.000;6.4;0.0;0;30;3.000;2.906;12.9;110;0;0;-8.7;0;0;0;0;0;98;0;0;1867;107.30;0;0;0;0;0;0;0;0;0;0;0;0;0;0;0;0;30;0;38.0;38.0;2;0;0.00;0.00;0.00;0.0;0.0
62.869;87;1036;38;39368;0.5;14.900;1.014;30;76;9;0;100;101;100;105;100;106;100;46;46;0;1.890;1.890;0.000;0.000;14.700;1.000;6.5;0.0;0;30;3.000;2.913;12.4;90;0;0;-8.7;0;0;0;0;0;98;0;0;1867;108.13;0;0;0;0;0;0;0;0;0;0;0;0;0;0;0;0;30;0;38.0;38.0;2;0;0.00;0.00;0.00;0.0;0.0
62.938;87;1029;38;39102;0.5;14.800;1.007;30;76;9;0;100;101;100;105;100;106;100;47;47;0;1.897;1.897;0.000;0.000;14.700;1.000;6.5;0.0;0;30;3.000;2.842;12.4;-130;0;0;-8.7;0;0;0;0;0;98;0;0;1867;108.86;0;0;0;0;0;0;0;0;0;0;0;0;0;0;0;0;30;0;38.0;38.0;2;0;0.00;0.00;0.00;0.0;0.0
63.003;87;1033;38;39254;0.5;13.900;0.946;30;76;9;0;100;101;100;105;100;106;100;46;46;0;1.890;1.890;0.000;0.000;14.700;1.000;6.5;0.0;0;30;3.000;2.920;12.4;-130;0;0;-8.7;0;0;0;0;0;98;0;0;1867;108.44;0;0;0;0;0;0;0;0;0;0;0;0;0;0;0;0;30;0;38.0;38.0;2;0;0.00;0.00;0.00;0.0;0.0
63.070;87;1031;38;39178;0.5;13.900;0.946;30;76;9;0;100;101;100;105;100;106;100;47;47;0;1.897;1.897;0.000;0.000;14.700;1.000;6.5;0.0;0;30;3.000;2.873;12.4;20;0;0;-8.7;0;0;0;0;0;98;0;0;1867;108.65;0;0;0;0;0;0;0;0;0;0;0;0;0;0;0;0;30;0;38.0;38.0;2;0;0.00;0.00;0.00;0.0;0.0
63.134;87;1047;38;39786;0.5;14.000;0.952;30;77;9;0;100;101;100;104;100;105;100;46;46;0;1.860;1.860;0.000;0.000;14.700;1.000;6.5;0.0;0;30;3.000;3.078;12.6;140;0;0;-8.7;0;0;0;0;0;98;0;0;1867;106.99;0;0;0;0;0;0;0;0;0;0;0;0;0;0;0;0;30;0;38.0;38.0;2;0;0.00;0.00;0.00;0.0;0.0
63.205;87;1052;38;39976;0.5;14.200;0.966;30;77;9;0;100;101;100;104;100;105;100;47;47;0;1.867;1.867;0.000;0.000;14.700;1.000;6.5;0.0;0;30;3.000;2.926;12.6;140;0;0;-8.7;0;0;0;0;0;98;0;0;1867;106.48;0;0;0;0;0;0;0;0;0;0;0;0;0;0;0;0;30;0;38.0;38.0;2;0;0.00;0.00;0.00;0.0;0.0
63.270;87;1047;38;39786;0.5;14.600;0.993;30;77;9;0;100;101;100;104;100;105;100;46;46;0;1.860;1.860;0.000;0.000;14.700;1.000;6.5;0.0;0;30;3.000;2.909;12.6;50;0;0;-8.7;0;0;0;0;0;98;0;0;1867;106.99;0;0;0;0;0;0;0;0;0;0;0;0;0;0;0;0;30;0;38.0;38.0;2;0;0.00;0.00;0.00;0.0;0.0
63.270;88;1055;38;40090;0.5;15.000;1.020;30;77;9;0;100;101;100;104;100;105;100;47;47;0;1.843;1.843;0.000;0.000;14.700;1.000;6.5;0.0;0;30;3.000;3.118;12.8;30;0;0;-8.7;0;0;0;0;0;98;0;0;1865;106.07;0;0;0;0;0;0;0;0;0;0;0;0;0;0;0;0;30;0;38.0;38.0;2;0;0.00;0.00;0.00;0.0;0.0
63.401;88;1051;37;38887;0.5;14.900;1.014;30;77;9;0;100;101;100;104;100;105;100;46;46;0;1.820;1.820;0.000;0.000;14.700;1.000;6.4;0.0;0;30;3.000;2.938;12.8;30;0;0;-8.8;0;0;0;0;0;98;0;0;1865;106.47;0;0;0;0;0;0;0;0;0;0;0;0;0;0;0;0;30;0;37.0;37.0;2;0;0.00;0.00;0.00;0.0;0.0
63.466;88;1067;38;40546;0.5;14.700;1.000;30;77;9;0;100;101;100;104;100;105;100;47;47;0;1.843;1.843;0.000;0.000;14.700;1.000;6.6;0.0;0;30;3.000;2.995;12.8;50;0;0;-8.7;0;0;0;0;0;98;0;0;1865;104.87;0;0;0;0;0;0;0;0;0;0;0;0;0;0;0;0;30;0;38.0;38.0;2;0;0.00;0.00;0.00;0.0;0.0
63.536;88;1077;37;39849;0.5;14.600;0.993;30;77;9;0;100;101;100;104;100;105;100;46;46;0;1.820;1.820;0.000;0.000;14.700;1.000;6.5;0.0;0;30;3.000;2.879;12.8;70;0;0;-8.8;0;0;0;0;0;98;0;0;1865;103.90;0;0;0;0;0;0;0;0;0;0;0;0;0;0;0;0;30;0;37.0;37.0;2;0;0.00;0.00;0.00;0.0;0.0
63.601;88;1069;37;39553;0.5;14.000;0.952;30;77;9;0;100;101;100;104;100;105;100;46;46;0;1.820;1.820;0.000;0.000;14.700;1.000;6.5;0.0;0;30;3.000;2.768;12.8;70;0;0;-8.8;0;0;0;0;0;98;0;0;1865;104.68;0;0;0;0;0;0;0;0;0;0;0;0;0;0;0;0;30;0;37.0;37.0;2;0;0.00;0.00;0.00;0.0;0.0
63.667;88;1071;37;39627;0.5;13.400;0.912;30;77;9;0;100;101;100;104;100;105;100;46;46;0;1.820;1.820;0.000;0.000;14.700;1.000;6.5;0.0;0;30;3.000;3.025;12.8;-60;0;0;-8.8;0;0;0;0;0;98;0;0;1865;104.48;0;0;0;0;0;0;0;0;0;0;0;0;0;0;0;0;30;0;37.0;37.0;2;0;0.00;0.00;0.00;0.0;0.0
63.732;88;1060;37;39220;0.5;13.100;0.891;30;77;9;0;100;101;100;104;100;105;100;46;46;0;1.820;1.820;0.000;0.000;14.700;1.000;6.4;0.0;0;30;3.000;2.891;12.8;70;0;0;-8.8;0;0;0;0;0;98;0;0;1865;105.57;0;0;0;0;0;0;0;0;0;0;0;0;0;0;0;0;30;0;37.0;37.0;2;0;0.00;0.00;0.00;0.0;0.0
63.802;88;1062;37;39294;0.5;12.800;0.871;30;77;9;0;100;101;100;104;100;105;100;46;46;0;1.820;1.820;0.000;0.000;14.700;1.000;6.4;0.0;0;30;3.000;2.867;12.8;70;0;0;-8.8;0;0;0;0;0;98;0;0;1865;105.37;0;0;0;0;0;0;0;0;0;0;0;0;0;0;0;0;30;0;37.0;37.0;2;0;0.00;0.00;0.00;0.0;0.0
63.867;88;1057;37;39109;0.5;12.600;0.857;30;77;9;0;100;101;100;104;100;105;100;46;46;0;1.808;1.808;0.000;0.000;14.700;1.000;6.4;0.0;0;30;3.000;2.790;12.9;-30;0;0;-8.8;0;0;0;0;0;98;0;0;1865;105.87;0;0;0;0;0;0;0;0;0;0;0;0;0;0;0;0;30;0;37.0;37.0;2;0;0.00;0.00;0.00;0.0;0.0
63.937;88;1061;37;39257;0.5;12.600;0.857;30;77;9;0;100;101;100;104;100;105;100;46;46;0;1.808;1.808;0.000;0.000;14.700;1.000;6.4;0.0;0;30;3.000;2.870;12.9;-40;0;0;-8.8;0;0;0;0;0;98;0;0;1865;105.47;0;0;0;0;0;0;0;0;0;0;0;0;0;0;0;0;30;0;37.0;37.0;2;0;0.00;0.00;0.00;0.0;0.0
64.003;88;1045;37;38665;0.5;12.600;0.857;30;77;9;0;100;101;100;104;100;105;100;46;46;0;1.808;1.808;0.000;0.000;14.700;1.000;6.3;0.0;0;30;3.000;2.743;12.9;-40;0;0;-8.8;0;0;0;0;0;98;0;0;1865;107.08;0;0;0;0;0;0;0;0;0;0;0;0;0;0;0;0;30;0;37.0;37.0;2;0;0.00;0.00;0.00;0.0;0.0
64.068;88;1037;38;39406;0.5;13.200;0.898;30;77;9;0;100;101;100;104;100;105;100;47;47;0;1.831;1.831;0.000;0.000;14.700;1.000;6.3;0.0;0;30;3.000;2.866;12.9;-240;0;0;-8.7;0;0;0;0;0;98;0;0;1865;107.91;0;0;0;0;0;0;0;0;0;0;0;0;0;0;0;0;30;0;38.0;38.0;2;0;0.00;0.00;0.00;0.0;0.0
64.068;88;1022;38;38836;0.5;13.500;0.918;30;77;9;0;100;101;100;104;100;105;100;46;46;0;1.824;1.824;0.000;0.000;14.700;1.000;6.2;0.0;0;30;3.000;2.783;12.9;-240;0;0;-8.7;0;0;0;0;0;98;0;0;1865;109.49;0;0;0;0;0;0;0;0;0;0;0;0;0;0;0;0;30;0;38.0;38.0;2;0;0.00;0.00;0.00;0.0;0.0
64.203;88;1007;38;38266;0.5;13.400;0.912;30;77;9;0;100;101;100;104;100;105;100;46;46;0;1.824;1.824;0.000;0.000;14.700;1.000;6.1;0.0;0;30;3.000;2.531;12.9;-150;0;0;-8.7;0;0;0;0;0;98;0;0;1865;111.12;0;0;0;0;0;0;0;0;0;0;0;0;0;0;0;0;30;0;38.0;38.0;2;0;0.00;0.00;0.00;0.0;0.0
64.203;88;1002;39;39078;0.5;13.800;0.939;30;77;9;0;100;101;100;104;100;105;100;47;47;0;1.839;1.839;0.000;0.000;14.700;1.000;6.1;0.0;0;30;3.000;2.799;12.9;-150;0;0;-8.6;0;0;0;0;0;98;0;0;1865;111.68;0;0;0;0;0;0;0;0;0;0;0;0;0;0;0;0;30;0;39.0;39.0;2;0;0.00;0.00;0.00;0.0;0.0
64.339;88;991;39;38649;0.5;14.100;0.959;30;77;9;0;100;101;100;104;100;105;100;47;47;0;1.839;1.839;0.000;0.000;14.700;1.000;6.1;0.0;0;29;3.000;2.417;12.9;-150;0;0;-8.6;0;0;0;0;0;98;0;0;1865;112.92;0;0;0;0;0;0;0;0;0;0;0;0;0;0;0;0;29;0;39.0;39.0;2;0;0.00;0.00;0.00;0.0;0.0
64.404;89;987;39;38493;0.5;15.600;1.061;30;77;9;0;100;101;100;104;100;105;100;47;47;0;1.851;1.851;0.000;0.000;14.700;1.000;6.1;0.0;0;29;3.000;2.771;12.8;-160;0;0;-8.6;0;0;0;0;0;98;0;0;1862;113.19;0;0;0;0;0;0;0;0;0;0;0;0;0;0;0;0;29;0;39.0;39.0;2;0;0.00;0.00;0.00;0.0;0.0
64.470;89;989;39;38571;0.5;15.500;1.054;30;77;9;0;100;101;100;104;100;105;100;47;47;0;1.851;1.851;0.000;0.000;14.700;1.000;6.1;0.0;0;30;3.000;2.974;12.8;-90;0;0;-8.6;0;0;0;0;0;98;0;0;1862;112.96;0;0;0;0;0;0;0;0;0;0;0;0;0;0;0;0;30;0;39.0;39.0;2;0;0.00;0.00;0.00;0.0;0.0
64.535;89;987;40;39480;0.5;17.200;1.170;30;77;9;0;100;101;100;104;100;105;100;47;47;0;1.859;1.859;0.000;0.000;14.700;1.000;6.1;0.0;0;29;3.000;2.902;12.8;-90;0;0;-8.4;0;0;0;0;0;98;0;0;1862;113.19;0;0;0;0;0;0;0;0;0;0;0;0;0;0;0;0;29;0;40.0;40.0;2;0;0.00;0.00;0.00;0.0;0.0
64.605;89;972;40;38880;0.5;17.600;1.197;30;77;9;0;100;101;100;104;100;105;100;47;47;0;1.859;1.859;0.000;0.000;14.700;1.000;6.0;0.0;0;29;3.000;2.654;12.8;50;0;0;-8.4;0;0;0;0;0;98;0;0;1862;114.94;0;0;0;0;0;0;0;0;0;0;0;0;0;0;0;0;29;0;40.0;40.0;2;0;0.00;0.00;0.00;0.0;0.0
64.670;89;950;40;38000;0.5;17.500;1.190;30;77;9;0;100;101;100;104;100;105;100;47;47;0;1.859;1.859;0.000;0.000;14.700;1.000;5.9;0.0;0;28;3.000;2.477;12.8;-280;0;0;-8.4;0;0;0;0;0;98;0;0;1862;117.60;0;0;0;0;0;0;0;0;0;0;0;0;0;0;0;0;28;0;40.0;40.0;2;0;0.00;0.00;0.00;0.0;0.0
64.736;89;947;41;38827;0.5;18.200;1.238;30;77;9;0;100;101;100;104;100;105;100;47;47;0;1.868;1.868;0.000;0.000;14.700;1.000;5.9;0.0;0;28;3.000;3.180;12.8;-280;0;0;-8.3;0;0;0;0;0;98;0;0;1862;117.97;0;0;0;0;0;0;0;0;0;0;0;0;0;0;0;0;28;0;41.0;41.0;2;0;0.00;0.00;0.00;0.0;0.0
64.801;89;948;41;38868;0.5;19.100;1.299;30;77;9;0;100;101;100;104;100;105;100;47;47;0;1.868;1.868;0.000;0.000;14.700;1.000;5.9;0.0;0;28;3.000;2.856;12.8;-130;0;0;-8.3;0;0;0;0;0;98;0;0;1862;117.85;0;0;0;0;0;0;0;0;0;0;0;0;0;0;0;0;28;0;41.0;41.0;2;0;0.00;0.00;0.00;0.0;0.0
64.867;89;944;41;38704;0.5;19.600;1.333;30;77;9;0;100;101;100;104;100;105;100;47;47;0;1.844;1.844;0.000;0.000;14.700;1.000;5.8;0.0;0;28;3.000;2.857;13.0;-20;0;0;-8.3;0;0;0;0;0;98;0;0;1862;118.35;0;0;0;0;0;0;0;0;0;0;0;0;0;0;0;0;28;0;41.0;41.0;2;0;0.00;0.00;0.00;0.0;0.0
64.867;89;962;41;39442;0.5;19.700;1.340;30;77;9;0;100;101;100;104;100;105;100;48;48;0;1.851;1.851;0.000;0.000;14.700;1.000;5.9;0.0;0;29;3.000;3.354;13.0;-20;0;0;-8.3;0;0;0;0;0;98;0;0;1862;116.13;0;0;0;0;0;0;0;0;0;0;0;0;0;0;0;0;29;0;41.0;41.0;2;0;0.00;0.00;0.00;0.0;0.0
65.006;89;971;41;39811;0.5;19.700;1.340;30;77;9;0;100;101;100;104;100;105;100;48;48;0;1.851;1.851;0.000;0.000;14.700;1.000;6.0;0.0;0;29;3.000;2.849;13.0;180;0;0;-8.3;0;0;0;0;0;98;0;0;1862;115.06;0;0;0;0;0;0;0;0;0;0;0;0;0;0;0;0;29;0;41.0;41.0;2;0;0.00;0.00;0.00;0.0;0.0
65.072;89;965;40;38600;0.5;19.400;1.320;30;77;9;0;100;101;100;104;100;105;100;47;47;0;1.835;1.835;0.000;0.000;14.700;1.000;5.9;0.0;0;29;3.000;2.670;13.0;110;0;0;-8.4;0;0;0;0;0;98;0;0;1862;115.77;0;0;0;0;0;0;0;0;0;0;0;0;0;0;0;0;29;0;40.0;40.0;2;0;0.00;0.00;0.00;0.0;0.0
65.137;89;967;41;39647;0.5;19.500;1.327;30;77;9;0;100;101;100;104;100;105;100;48;48;0;1.851;1.851;0.000;0.000;14.700;1.000;6.0;0.0;0;29;3.000;2.730;13.0;110;0;0;-8.3;0;0;0;0;0;98;0;0;1862;115.53;0;0;0;0;0;0;0;0;0;0;0;0;0;0;0;0;29;0;41.0;41.0;2;0;0.00;0.00;0.00;0.0;0.0
65.203;89;961;40;38440;0.5;19.700;1.340;30;77;9;0;100;101;100;104;100;105;100;47;47;0;1.835;1.835;0.000;0.000;14.700;1.000;5.9;0.0;0;29;3.000;2.554;13.0;-40;0;0;-8.4;0;0;0;0;0;98;0;0;1862;116.25;0;0;0;0;0;0;0;0;0;0;0;0;0;0;0;0;29;0;40.0;40.0;2;0;0.00;0.00;0.00;0.0;0.0
65.268;89;956;41;39196;0.5;19.700;1.340;30;77;9;0;100;101;100;104;100;105;100;48;48;0;1.851;1.851;0.000;0.000;14.700;1.000;5.9;0.0;0;28;3.000;2.559;13.0;-130;0;0;-8.3;0;0;0;0;0;98;0;0;1862;116.86;0;0;0;0;0;0;0;0;0;0;0;0;0;0;0;0;28;0;41.0;41.0;2;0;0.00;0.00;0.00;0.0;0.0
65.338;89;942;41;38622;0.5;19.700;1.340;30;77;9;0;100;101;100;104;100;105;100;47;47;0;1.844;1.844;0.000;0.000;14.700;1.000;5.8;0.0;0;28;3.000;2.690;13.0;-130;0;0;-8.3;0;0;0;0;0;98;0;0;1862;118.60;0;0;0;0;0;0;0;0;0;0;0;0;0;0;0;0;28;0;41.0;41.0;2;0;0.00;0.00;0.00;0.0;0.0
65.403;90;949;41;38909;0.5;19.700;1.340;30;77;9;0;100;101;100;104;100;105;100;47;47;0;1.844;1.844;0.000;0.000;14.700;1.000;5.8;0.0;0;28;3.000;2.752;13.0;-20;0;0;-8.3;0;0;0;0;0;98;0;0;1865;117.91;0;0;0;0;0;0;0;0;0;0;0;0;0;0;0;0;28;0;41.0;41.0;2;0;0.00;0.00;0.00;0.0;0.0
65.469;90;947;41;38827;0.5;19.700;1.340;30;77;9;0;100;101;100;104;100;105;100;47;47;0;1.844;1.844;0.000;0.000;14.700;1.000;5.8;0.0;0;28;3.000;2.644;13.0;-130;0;0;-8.3;0;0;0;0;0;98;0;0;1865;118.16;0;0;0;0;0;0;0;0;0;0;0;0;0;0;0;0;28;0;41.0;41.0;2;0;0.00;0.00;0.00;0.0;0.0
65.538;90;950;41;38950;0.5;19.700;1.340;30;77;9;0;100;101;100;104;100;105;100;48;48;0;1.851;1.851;0.000;0.000;14.700;1.000;5.9;0.0;0;28;3.000;2.902;13.0;-130;0;0;-8.3;0;0;0;0;0;98;0;0;1865;117.79;0;0;0;0;0;0;0;0;0;0;0;0;0;0;0;0;28;0;41.0;41.0;2;0;0.00;0.00;0.00;0.0;0.0
65.604;90;944;41;38704;0.5;19.700;1.340;30;77;9;0;100;101;100;104;100;105;100;47;47;0;1.844;1.844;0.000;0.000;14.700;1.000;5.8;0.0;0;28;3.000;2.750;13.0;50;0;0;-8.3;0;0;0;0;0;98;0;0;1865;118.54;0;0;0;0;0;0;0;0;0;0;0;0;0;0;0;0;28;0;41.0;41.0;2;0;0.00;0.00;0.00;0.0;0.0
65.670;90;936;41;38376;0.5;19.700;1.340;30;77;9;0;100;101;100;104;100;105;100;47;47;0;1.844;1.844;0.000;0.000;14.700;1.000;5.8;0.0;0;28;3.000;2.801;13.0;-100;0;0;-8.3;0;0;0;0;0;98;0;0;1865;119.55;0;0;0;0;0;0;0;0;0;0;0;0;0;0;0;0;28;0;41.0;41.0;2;0;0.00;0.00;0.00;0.0;0.0
65.735;90;930;41;38130;0.5;19.700;1.340;30;77;9;0;100;101;100;104;100;105;100;47;47;0;1.844;1.844;0.000;0.000;14.700;1.000;5.7;0.0;0;28;3.000;2.978;13.0;-100;0;0;-8.3;0;0;0;0;0;98;0;0;1865;120.32;0;0;0;0;0;0;0;0;0;0;0;0;0;0;0;0;28;0;41.0;41.0;2;0;0.00;0.00;0.00;0.0;0.0
65.805;90;908;42;38136;0.5;19.700;1.340;30;77;9;0;100;101;100;104;100;105;100;48;48;0;1.868;1.868;0.000;0.000;14.700;1.000;5.7;0.0;0;27;3.000;2.284;13.0;-160;0;0;-8.1;0;0;0;0;0;98;0;0;1865;123.24;0;0;0;0;0;0;0;0;0;0;0;0;0;0;0;0;27;0;42.0;42.0;2;0;0.00;0.00;0.00;0.0;0.0
65.870;90;873;42;36666;0.5;19.700;1.340;30;77;9;0;100;101;100;104;100;105;100;47;47;0;1.859;1.859;0.000;0.000;14.700;1.000;5.4;0.0;0;26;3.000;2.297;13.0;-470;0;0;-8.1;0;0;0;0;0;98;0;0;1865;128.18;0;0;0;0;0;0;0;0;0;0;0;0;0;0;0;0;26;0;42.0;42.0;2;0;0.00;0.00;0.00;0.0;0.0
65.936;90;890;43;38270;0.5;19.700;1.340;30;77;9;0;100;101;100;104;100;105;100;48;48;0;1.876;1.876;0.000;0.000;14.700;1.000;5.6;0.0;0;27;3.000;3.321;13.0;-470;0;0;-8.0;0;0;0;0;0;98;0;0;1865;125.73;0;0;0;0;0;0;0;0;0;0;0;0;0;0;0;0;27;0;43.0;43.0;2;0;0.00;0.00;0.00;0.0;0.0
66.005;90;905;43;38915;0.5;19.700;1.340;30;77;9;0;100;101;100;104;100;105;100;48;48;0;1.876;1.876;0.000;0.000;14.700;1.000;5.7;0.0;0;28;3.000;3.445;13.0;180;0;0;-8.0;0;0;0;0;0;98;0;0;1865;123.65;0;0;0;0;0;0;0;0;0;0;0;0;0;0;0;0;28;0;43.0;43.0;2;0;0.00;0.00;0.00;0.0;0.0
66.071;90;903;43;38829;0.5;19.700;1.340;30;77;9;0;100;101;100;104;100;105;100;48;48;0;1.876;1.876;0.000;0.000;14.700;1.000;5.6;0.0;0;27;3.000;2.752;13.0;120;0;0;-8.0;0;0;0;0;0;98;0;0;1865;123.92;0;0;0;0;0;0;0;0;0;0;0;0;0;0;0;0;27;0;43.0;43.0;2;0;0.00;0.00;0.00;0.0;0.0
66.136;90;902;43;38786;0.5;19.700;1.340;30;77;9;0;100;101;100;104;100;105;100;48;48;0;1.924;1.924;0.000;0.000;14.700;1.000;5.8;0.0;0;28;3.000;3.030;12.6;120;0;0;-8.0;0;0;0;0;0;98;0;0;1865;124.06;0;0;0;0;0;0;0;0;0;0;0;0;0;0;0;0;28;0;43.0;43.0;2;0;0.00;0.00;0.00;0.0;0.0
66.202;90;913;43;39259;0.5;19.700;1.340;30;77;9;0;100;101;100;104;100;105;100;48;48;0;1.924;1.924;0.000;0.000;14.700;1.000;5.9;0.0;0;28;3.000;3.084;12.6;50;0;0;-8.0;0;0;0;0;0;98;0;0;1865;122.56;0;0;0;0;0;0;0;0;0;0;0;0;0;0;0;0;28;0;43.0;43.0;2;0;0.00;0.00;0.00;0.0;0.0
66.268;90;915;43;39345;0.5;19.700;1.340;30;77;9;0;100;101;100;104;100;105;100;49;49;0;1.939;1.939;0.000;0.000;14.700;1.000;5.9;0.0;0;27;3.000;2.769;12.6;50;0;0;-8.0;0;0;0;0;0;98;0;0;1865;122.30;0;0;0;0;0;0;0;0;0;0;0;0;0;0;0;0;27;0;43.0;43.0;2;0;0.00;0.00;0.00;0.0;0.0
66.337;90;930;42;39060;0.5;19.700;1.340;30;77;9;0;100;101;100;104;100;105;100;48;48;0;1.916;1.916;0.000;0.000;14.700;1.000;5.9;0.0;0;28;3.000;2.968;12.6;70;0;0;-8.1;0;0;0;0;0;98;0;0;1865;120.32;0;0;0;0;0;0;0;0;0;0;0;0;0;0;0;0;28;0;42.0;42.0;2;0;0.00;0.00;0.00;0.0;0.0
66.403;91;921;42;38682;0.5;19.700;1.340;30;77;9;0;100;101;100;104;100;105;100;48;48;0;1.904;1.904;0.000;0.000;14.700;1.000;5.8;0.0;0;28;3.000;3.139;12.7;10;0;0;-8.1;0;0;0;0;0;98;0;0;1873;122.02;0;0;0;0;0;0;0;0;0;0;0;0;0;0;0;0;28;0;42.0;42.0;2;0;0.00;0.00;0.00;0.0;0.0
66.468;91;936;42;39312;0.5;19.700;1.340;30;77;9;0;100;101;100;104;100;105;100;48;48;0;1.904;1.904;0.000;0.000;14.700;1.000;5.9;0.0;0;28;3.000;3.142;12.7;10;0;0;-8.1;0;0;0;0;0;98;0;0;1873;120.06;0;0;0;0;0;0;0;0;0;0;0;0;0;0;0;0;28;0;42.0;42.0;2;0;0.00;0.00;0.00;0.0;0.0
66.538;91;942;42;39564;0.5;19.700;1.340;30;77;9;0;100;101;100;104;100;105;100;48;48;0;1.904;1.904;0.000;0.000;14.700;1.000;6.0;0.0;0;28;3.000;2.943;12.7;200;0;0;-8.1;0;0;0;0;0;98;0;0;1873;119.30;0;0;0;0;0;0;0;0;0;0;0;0;0;0;0;0;28;0;42.0;42.0;2;0;0.00;0.00;0.00;0.0;0.0
66.604;91;949;41;38909;0.5;19.700;1.340;30;77;9;0;100;101;100;104;100;105;100;47;47;0;1.880;1.880;0.000;0.000;14.700;1.000;5.9;0.0;0;28;3.000;3.076;12.7;130;0;0;-8.3;0;0;0;0;0;98;0;0;1873;118.42;0;0;0;0;0;0;0;0;0;0;0;0;0;0;0;0;28;0;41.0;41.0;2;0;0.00;0.00;0.00;0.0;0.0
66.669;91;962;41;39442;0.5;19.700;1.340;30;77;9;0;100;101;100;104;100;105;100;48;48;0;1.875;1.875;0.000;0.000;14.700;1.000;6.0;0.0;0;29;3.000;3.052;12.8;130;0;0;-8.3;0;0;0;0;0;98;0;0;1873;116.82;0;0;0;0;0;0;0;0;0;0;0;0;0;0;0;0;29;0;41.0;41.0;2;0;0.00;0.00;0.00;0.0;0.0
66.735;91;976;41;40016;0.5;19.700;1.340;30;77;9;0;100;101;100;104;100;105;100;48;48;0;1.875;1.875;0.000;0.000;14.700;1.000;6.1;0.0;0;29;3.000;3.033;12.8;130;0;0;-8.3;0;0;0;0;0;98;0;0;1873;115.14;0;0;0;0;0;0;0;0;0;0;0;0;0;0;0;0;29;0;41.0;41.0;2;0;0.00;0.00;0.00;0.0;0.0
66.800;91;994;40;39760;0.5;19.700;1.340;30;77;9;0;100;101;100;104;100;105;100;47;47;0;1.859;1.859;0.000;0.000;14.700;1.000;6.2;0.0;0;29;3.000;2.992;12.8;250;0;0;-8.4;0;0;0;0;0;98;0;0;1873;113.06;0;0;0;0;0;0;0;0;0;0;0;0;0;0;0;0;29;0;40.0;40.0;2;0;0.00;0.00;0.00;0.0;0.0
66.869;91;992;40;39680;0.5;19.700;1.340;30;77;9;0;100;101;100;104;100;105;100;47;47;0;1.859;1.859;0.000;0.000;14.700;1.000;6.1;0.0;0;29;3.000;2.792;12.8;250;0;0;-8.4;0;0;0;0;0;98;0;0;1873;113.29;0;0;0;0;0;0;0;0;0;0;0;0;0;0;0;0;29;0;40.0;40.0;2;0;0.00;0.00;0.00;0.0;0.0
66.935;91;1001;40;40040;0.5;19.700;1.340;30;77;9;0;100;101;100;104;100;105;100;48;48;0;1.891;1.891;0.000;0.000;14.700;1.000;6.3;0.0;0;30;3.000;2.842;12.6;50;0;0;-8.4;0;0;0;0;0;98;0;0;1873;112.27;0;0;0;0;0;0;0;0;0;0;0;0;0;0;0;0;30;0;40.0;40.0;2;0;0.00;0.00;0.00;0.0;0.0
67.005;91;997;39;38883;0.5;19.700;1.340;30;77;9;0;100;101;100;104;100;105;100;47;47;0;1.875;1.875;0.000;0.000;14.700;1.000;6.2;0.0;0;30;3.000;2.666;12.6;120;0;0;-8.6;0;0;0;0;0;98;0;0;1873;112.72;0;0;0;0;0;0;0;0;0;0;0;0;0;0;0;0;30;0;39.0;39.0;2;0;0.00;0.00;0.00;0.0;0.0
67.071;91;998;39;38922;0.5;19.700;1.340;30;77;9;0;100;101;100;104;100;105;100;47;47;0;1.875;1.875;0.000;0.000;14.700;1.000;6.2;0.0;0;30;3.000;2.838;12.6;120;0;0;-8.6;0;0;0;0;0;98;0;0;1873;112.61;0;0;0;0;0;0;0;0;0;0;0;0;0;0;0;0;30;0;39.0;39.0;2;0;0.00;0.00;0.00;0.0;0.0
67.136;91;994;39;38766;0.5;18.700;1.272;30;77;9;0;100;101;100;104;100;105;100;47;47;0;1.863;1.863;0.000;0.000;14.700;1.000;6.2;0.0;0;29;3.000;3.129;12.7;-60;0;0;-8.6;0;0;0;0;0;98;0;0;1873;113.06;0;0;0;0;0;0;0;0;0;0;0;0;0;0;0;0;29;0;39.0;39.0;2;0;0.00;0.00;0.00;0.0;0.0
67.201;91;997;40;39880;0.5;17.600;1.197;30;77;9;0;100;101;100;104;100;105;100;47;47;0;1.871;1.871;0.000;0.000;14.700;1.000;6.2;0.0;0;29;3.000;2.995;12.7;-10;0;0;-8.4;0;0;0;0;0;98;0;0;1873;112.72;0;0;0;0;0;0;0;0;0;0;0;0;0;0;0;0;29;0;40.0;40.0;2;0;0.00;0.00;0.00;0.0;0.0
67.273;91;994;40;39760;0.5;18.600;1.265;30;77;9;0;100;101;100;104;100;105;100;47;47;0;1.871;1.871;0.000;0.000;14.700;1.000;6.2;0.0;0;29;3.000;2.916;12.7;-10;0;0;-8.4;0;0;0;0;0;98;0;0;1873;113.06;0;0;0;0;0;0;0;0;0;0;0;0;0;0;0;0;29;0;40.0;40.0;2;0;0.00;0.00;0.00;0.0;0.0
67.337;91;993;40;39720;0.5;18.900;1.286;30;77;9;0;100;101;100;104;100;105;100;47;47;0;1.871;1.871;0.000;0.000;14.700;1.000;6.2;0.0;0;29;3.000;2.955;12.7;-40;0;0;-8.4;0;0;0;0;0;98;0;0;1873;113.17;0;0;0;0;0;0;0;0;0;0;0;0;0;0;0;0;29;0;40.0;40.0;2;0;0.00;0.00;0.00;0.0;0.0
67.402;92;1001;40;40040;0.5;16.300;1.109;30;77;9;0;100;101;100;104;100;105;100;48;48;0;1.903;1.903;0.000;0.000;14.700;1.000;6.3;0.0;0;30;3.000;2.878;12.5;90;0;0;-8.4;0;0;0;0;0;98;0;0;1869;112.03;0;0;0;0;0;0;0;0;0;0;0;0;0;0;0;0;30;0;40.0;40.0;2;0;0.00;0.00;0.00;0.0;0.0
67.472;92;996;39;38844;0.5;15.300;1.041;30;77;9;0;100;101;100;104;100;105;100;47;47;0;1.887;1.887;0.000;0.000;14.700;1.000;6.3;0.0;0;29;3.000;2.453;12.5;90;0;0;-8.6;0;0;0;0;0;98;0;0;1869;112.59;0;0;0;0;0;0;0;0;0;0;0;0;0;0;0;0;29;0;39.0;39.0;2;0;0.00;0.00;0.00;0.0;0.0
67.537;92;999;39;38961;0.5;16.200;1.102;30;77;9;0;100;101;100;104;100;105;100;47;47;0;1.887;1.887;0.000;0.000;14.700;1.000;6.3;0.0;0;29;3.000;2.818;12.5;-50;0;0;-8.6;0;0;0;0;0;98;0;0;1869;112.25;0;0;0;0;0;0;0;0;0;0;0;0;0;0;0;0;29;0;39.0;39.0;2;0;0.00;0.00;0.00;0.0;0.0
67.603;92;1014;39;39546;0.5;15.800;1.075;30;77;9;0;100;101;100;104;100;105;100;47;47;0;1.887;1.887;0.000;0.000;14.700;1.000;6.4;0.0;0;30;3.000;2.650;12.5;60;0;0;-8.6;0;0;0;0;0;98;0;0;1869;110.59;0;0;0;0;0;0;0;0;0;0;0;0;0;0;0;0;30;0;39.0;39.0;2;0;0.00;0.00;0.00;0.0;0.0
67.669;92;1016;39;39624;0.5;15.200;1.034;30;77;9;0;100;101;100;104;100;105;100;47;47;0;1.875;1.875;0.000;0.000;14.700;1.000;6.3;0.0;0;30;3.000;2.771;12.6;60;0;0;-8.6;0;0;0;0;0;98;0;0;1869;110.37;0;0;0;0;0;0;0;0;0;0;0;0;0;0;0;0;30;0;39.0;39.0;2;0;0.00;0.00;0.00;0.0;0.0
67.738;92;1003;39;39117;0.5;14.600;0.993;30;77;9;0;100;101;100;104;100;105;100;47;47;0;1.875;1.875;0.000;0.000;14.700;1.000;6.3;0.0;0;30;3.000;2.840;12.6;10;0;0;-8.6;0;0;0;0;0;98;0;0;1869;111.80;0;0;0;0;0;0;0;0;0;0;0;0;0;0;0;0;30;0;39.0;39.0;2;0;0.00;0.00;0.00;0.0;0.0
67.804;92;1007;39;39273;0.5;14.500;0.986;30;77;9;0;100;101;100;104;100;105;100;47;47;0;1.875;1.875;0.000;0.000;14.700;1.000;6.3;0.0;0;30;3.000;3.076;12.6;30;0;0;-8.6;0;0;0;0;0;98;0;0;1869;111.36;0;0;0;0;0;0;0;0;0;0;0;0;0;0;0;0;30;0;39.0;39.0;2;0;0.00;0.00;0.00;0.0;0.0
67.869;92;1011;39;39429;0.5;14.600;0.993;30;77;9;0;100;101;100;104;100;105;100;47;47;0;1.875;1.875;0.000;0.000;14.700;1.000;6.3;0.0;0;30;3.000;3.029;12.6;30;0;0;-8.6;0;0;0;0;0;98;0;0;1869;110.92;0;0;0;0;0;0;0;0;0;0;0;0;0;0;0;0;30;0;39.0;39.0;2;0;0.00;0.00;0.00;0.0;0.0
67.935;92;993;39;38727;0.5;14.800;1.007;30;77;9;0;100;101;100;104;100;105;100;47;47;0;1.923;1.923;0.000;0.000;14.700;1.000;6.4;0.0;0;29;3.000;2.758;12.2;50;0;0;-8.6;0;0;0;0;0;98;0;0;1869;112.93;0;0;0;0;0;0;0;0;0;0;0;0;0;0;0;0;29;0;39.0;39.0;2;0;0.00;0.00;0.00;0.0;0.0
68.004;92;1011;39;39429;0.5;14.800;1.007;30;77;9;0;100;101;100;104;100;105;100;47;47;0;1.923;1.923;0.000;0.000;14.700;1.000;6.5;0.0;0;30;3.000;2.992;12.2;-10;0;0;-8.6;0;0;0;0;0;98;0;0;1869;110.92;0;0;0;0;0;0;0;0;0;0;0;0;0;0;0;0;30;0;39.0;39.0;2;0;0.00;0.00;0.00;0.0;0.0
68.070;92;1013;39;39507;0.5;14.800;1.007;30;77;9;0;100;101;100;104;100;105;100;47;47;0;1.923;1.923;0.000;0.000;14.700;1.000;6.5;0.0;0;30;3.000;2.674;12.2;-10;0;0;-8.6;0;0;0;0;0;98;0;0;1869;110.70;0;0;0;0;0;0;0;0;0;0;0;0;0;0;0;0;30;0;39.0;39.0;2;0;0.00;0.00;0.00;0.0;0.0
68.135;92;1026;39;40014;0.5;14.600;0.993;30;77;9;0;100;101;100;104;100;105;100;47;47;0;1.923;1.923;0.000;0.000;14.700;1.000;6.6;0.0;0;30;3.000;2.874;12.2;100;0;0;-8.6;0;0;0;0;0;98;0;0;1869;109.30;0;0;0;0;0;0;0;0;0;0;0;0;0;0;0;0;30;0;39.0;39.0;2;0;0.00;0.00;0.00;0.0;0.0
68.201;92;1031;39;40209;0.5;14.400;0.980;30;77;9;0;100;101;100;104;100;105;100;47;47;0;1.875;1.875;0.000;0.000;14.700;1.000;6.4;0.0;0;30;3.000;2.556;12.6;100;0;0;-8.6;0;0;0;0;0;98;0;0;1869;108.77;0;0;0;0;0;0;0;0;0;0;0;0;0;0;0;0;30;0;39.0;39.0;2;0;0.00;0.00;0.00;0.0;0.0
68.266;92;1037;38;39406;0.5;14.600;0.993;30;77;9;0;100;101;100;104;100;105;100;47;47;0;1.867;1.867;0.000;0.000;14.700;1.000;6.5;0.0;0;30;3.000;2.937;12.6;100;0;0;-8.7;0;0;0;0;0;98;0;0;1869;108.14;0;0;0;0;0;0;0;0;0;0;0;0;0;0;0;0;30;0;38.0;38.0;2;0;0.00;0.00;0.00;0.0;0.0
68.336;92;1038;38;39444;0.5;14.600;0.993;30;77;9;0;100;101;100;104;100;105;100;46;46;0;1.860;1.860;0.000;0.000;14.700;1.000;6.4;0.0;0;30;3.000;2.994;12.6;40;0;0;-8.7;0;0;0;0;0;98;0;0;1869;108.03;0;0;0;0;0;0;0;0;0;0;0;0;0;0;0;0;30;0;38.0;38.0;2;0;0.00;0.00;0.00;0.0;0.0
68.405;92;1014;38;38532;0.5;14.300;0.973;30;77;9;0;100;101;100;104;100;105;100;46;46;0;1.860;1.860;0.000;0.000;14.700;1.000;6.3;0.0;0;30;3.000;2.577;12.6;40;0;0;-8.7;0;0;0;0;0;98;0;0;1869;110.59;0;0;0;0;0;0;0;0;0;0;0;0;0;0;0;0;30;0;38.0;38.0;2;0;0.00;0.00;0.00;0.0;0.0
68.471;93;1039;38;39482;0.5;13.900;0.946;30;77;9;0;100;101;100;104;100;105;100;47;47;0;1.843;1.843;0.000;0.000;14.700;1.000;6.4;0.0;0;30;3.000;3.149;12.8;-210;0;0;-8.7;0;0;0;0;0;98;0;0;1865;107.70;0;0;0;0;0;0;0;0;0;0;0;0;0;0;0;0;30;0;38.0;38.0;2;0;0.00;0.00;0.00;0.0;0.0
68.537;93;1046;38;39748;0.5;14.700;1.000;30;77;9;0;100;101;100;104;100;105;100;46;46;0;1.836;1.836;0.000;0.000;14.700;1.000;6.4;0.0;0;30;3.000;2.914;12.8;340;0;0;-8.7;0;0;0;0;0;98;0;0;1865;106.98;0;0;0;0;0;0;0;0;0;0;0;0;0;0;0;0;30;0;38.0;38.0;2;0;0.00;0.00;0.00;0.0;0.0
68.602;93;1062;38;40356;0.5;14.100;0.959;30;77;9;0;100;101;100;104;100;105;100;47;47;0;1.843;1.843;0.000;0.000;14.700;1.000;6.5;0.0;0;30;3.000;2.951;12.8;340;0;0;-8.7;0;0;0;0;0;98;0;0;1865;105.37;0;0;0;0;0;0;0;0;0;0;0;0;0;0;0;0;30;0;38.0;38.0;2;0;0.00;0.00;0.00;0.0;0.0
68.671;93;1054;38;40052;0.5;14.000;0.952;30;77;9;0;100;101;100;104;100;105;100;47;47;0;1.843;1.843;0.000;0.000;14.700;1.000;6.5;0.0;0;30;3.000;2.847;12.8;140;0;0;-8.7;0;0;0;0;0;98;0;0;1865;106.17;0;0;0;0;0;0;0;0;0;0;0;0;0;0;0;0;30;0;38.0;38.0;2;0;0.00;0.00;0.00;0.0;0.0
68.737;93;1055;38;40090;0.5;13.600;0.925;30;77;9;0;100;101;100;104;100;105;100;47;47;0;1.843;1.843;0.000;0.000;14.700;1.000;6.5;0.0;0;30;3.000;2.888;12.8;-110;0;0;-8.7;0;0;0;0;0;98;0;0;1865;106.07;0;0;0;0;0;0;0;0;0;0;0;0;0;0;0;0;30;0;38.0;38.0;2;0;0.00;0.00;0.00;0.0;0.0
68.803;93;1043;38;39634;0.5;13.200;0.898;30;77;9;0;100;101;100;104;100;105;100;47;47;0;1.843;1.843;0.000;0.000;14.700;1.000;6.4;0.0;0;30;3.000;2.819;12.8;-110;0;0;-8.7;0;0;0;0;0;98;0;0;1865;107.29;0;0;0;0;0;0;0;0;0;0;0;0;0;0;0;0;30;0;38.0;38.0;2;0;0.00;0.00;0.00;0.0;0.0
68.868;93;1031;38;39178;0.5;13.100;0.891;30;77;9;0;100;101;100;104;100;105;100;47;47;0;1.843;1.843;0.000;0.000;14.700;1.000;6.3;0.0;0;30;3.000;2.682;12.8;-80;0;0;-8.7;0;0;0;0;0;98;0;0;1865;108.54;0;0;0;0;0;0;0;0;0;0;0;0;0;0;0;0;30;0;38.0;38.0;2;0;0.00;0.00;0.00;0.0;0.0
68.934;93;1035;38;39330;0.5;13.000;0.884;30;77;9;0;100;101;100;104;100;105;100;46;46;0;1.920;1.920;0.000;0.000;14.700;1.000;6.6;0.0;0;30;3.000;2.889;12.1;-60;0;0;-8.7;0;0;0;0;0;98;0;0;1865;108.12;0;0;0;0;0;0;0;0;0;0;0;0;0;0;0;0;30;0;38.0;38.0;2;0;0.00;0.00;0.00;0.0;0.0
69.000;93;1021;38;38798;0.5;13.300;0.905;30;77;9;0;100;101;100;104;100;105;100;46;46;0;1.920;1.920;0.000;0.000;14.700;1.000;6.5;0.0;0;30;3.000;2.513;12.1;-60;0;0;-8.7;0;0;0;0;0;98;0;0;1865;109.60;0;0;0;0;0;0;0;0;0;0;0;0;0;0;0;0;30;0;38.0;38.0;2;0;0.00;0.00;0.00;0.0;0.0
69.069;93;1017;38;38646;0.5;13.600;0.925;30;77;9;0;100;101;100;104;100;105;100;47;47;0;1.927;1.927;0.000;0.000;14.700;1.000;6.5;0.0;0;30;3.000;2.576;12.1;-150;0;0;-8.7;0;0;0;0;0;98;0;0;1865;110.03;0;0;0;0;0;0;0;0;0;0;0;0;0;0;0;0;30;0;38.0;38.0;2;0;0.00;0.00;0.00;0.0;0.0
69.135;93;1030;38;39140;0.5;13.400;0.912;30;77;9;0;100;101;100;104;100;105;100;46;46;0;1.920;1.920;0.000;0.000;14.700;1.000;6.6;0.0;0;30;3.000;3.095;12.1;-20;0;0;-8.7;0;0;0;0;0;98;0;0;1865;108.64;0;0;0;0;0;0;0;0;0;0;0;0;0;0;0;0;30;0;38.0;38.0;2;0;0.00;0.00;0.00;0.0;0.0
69.205;93;1037;38;39406;0.5;13.500;0.918;30;77;9;0;100;101;100;104;100;105;100;47;47;0;1.879;1.879;0.000;0.000;14.700;1.000;6.5;0.0;0;30;3.000;3.025;12.5;-20;0;0;-8.7;0;0;0;0;0;98;0;0;1865;107.91;0;0;0;0;0;0;0;0;0;0;0;0;0;0;0;0;30;0;38.0;38.0;2;0;0.00;0.00;0.00;0.0;0.0
69.270;93;1030;39;40170;0.5;14.200;0.966;30;77;9;0;100;101;100;104;100;105;100;47;47;0;1.887;1.887;0.000;0.000;14.700;1.000;6.5;0.0;0;30;3.000;2.926;12.5;120;0;0;-8.6;0;0;0;0;0;98;0;0;1865;108.64;0;0;0;0;0;0;0;0;0;0;0;0;0;0;0;0;30;0;39.0;39.0;2;0;0.00;0.00;0.00;0.0;0.0
69.335;93;1032;38;39216;0.5;14.700;1.000;30;77;9;0;100;101;100;104;100;105;100;46;46;0;1.872;1.872;0.000;0.000;14.700;1.000;6.4;0.0;0;30;3.000;2.812;12.5;50;0;0;-8.7;0;0;0;0;0;98;0;0;1865;108.43;0;0;0;0;0;0;0;0;0;0;0;0;0;0;0;0;30;0;38.0;38.0;2;0;0.00;0.00;0.00;0.0;0.0
69.405;93;1042;35;36470;0.5;14.400;0.980;30;77;9;0;100;101;100;104;100;105;100;45;45;0;1.834;1.834;0.000;0.000;14.700;1.000;6.4;0.0;0;30;3.000;2.933;12.5;50;0;0;-9.1;0;0;0;0;0;98;0;0;1865;107.39;0;0;0;0;0;0;0;0;0;0;0;0;0;0;0;0;30;0;35.0;35.0;2;0;0.00;0.00;0.00;0.0;0.0
69.405;94;1047;38;39786;0.5;14.800;1.007;30;77;9;0;100;101;100;104;100;105;100;46;46;0;1.848;1.848;0.000;0.000;14.700;1.000;6.4;0.0;0;30;3.000;2.722;12.7;70;0;0;-8.7;0;0;0;0;0;98;0;0;1858;106.48;0;0;0;0;0;0;0;0;0;0;0;0;0;0;0;0;30;0;38.0;38.0;2;0;0.00;0.00;0.00;0.0;0.0
69.536;94;1054;38;40052;0.5;16.300;1.109;30;77;9;0;100;101;100;104;100;105;100;47;47;0;1.855;1.855;0.000;0.000;14.700;1.000;6.5;0.0;0;30;3.000;2.974;12.7;60;0;0;-8.7;0;0;0;0;0;98;0;0;1858;105.77;0;0;0;0;0;0;0;0;0;0;0;0;0;0;0;0;30;0;38.0;38.0;2;0;0.00;0.00;0.00;0.0;0.0
69.602;94;1056;38;40128;0.5;15.800;1.075;30;77;9;0;100;101;100;104;100;105;100;47;47;0;1.855;1.855;0.000;0.000;14.700;1.000;6.5;0.0;0;30;3.000;3.076;12.7;60;0;0;-8.7;0;0;0;0;0;98;0;0;1858;105.57;0;0;0;0;0;0;0;0;0;0;0;0;0;0;0;0;30;0;38.0;38.0;2;0;0.00;0.00;0.00;0.0;0.0
69.667;94;1052;37;38924;0.5;17.000;1.156;30;77;9;0;100;101;100;104;100;105;100;46;46;0;1.832;1.832;0.000;0.000;14.700;1.000;6.4;0.0;0;30;3.000;2.854;12.7;110;0;0;-8.8;0;0;0;0;0;98;0;0;1858;105.97;0;0;0;0;0;0;0;0;0;0;0;0;0;0;0;0;30;0;37.0;37.0;2;0;0.00;0.00;0.00;0.0;0.0
69.736;94;1051;38;39938;0.5;15.100;1.027;30;77;9;0;100;101;100;104;100;105;100;47;47;0;1.843;1.843;0.000;0.000;14.700;1.000;6.5;0.0;0;30;3.000;2.821;12.8;-100;0;0;-8.7;0;0;0;0;0;98;0;0;1858;106.07;0;0;0;0;0;0;0;0;0;0;0;0;0;0;0;0;30;0;38.0;38.0;2;0;0.00;0.00;0.00;0.0;0.0
69.802;94;1050;38;39900;0.5;14.100;0.959;30;77;9;0;100;101;100;104;100;105;100;47;47;0;1.843;1.843;0.000;0.000;14.700;1.000;6.5;0.0;0;30;3.000;2.827;12.8;-100;0;0;-8.7;0;0;0;0;0;98;0;0;1858;106.17;0;0;0;0;0;0;0;0;0;0;0;0;0;0;0;0;30;0;38.0;38.0;2;0;0.00;0.00;0.00;0.0;0.0
69.868;94;1057;37;39109;0.5;13.200;0.898;30;77;9;0;100;101;100;104;100;105;100;46;46;0;1.820;1.820;0.000;0.000;14.700;1.000;6.4;0.0;0;30;3.000;2.913;12.8;40;0;0;-8.8;0;0;0;0;0;98;0;0;1858;105.47;0;0;0;0;0;0;0;0;0;0;0;0;0;0;0;0;30;0;37.0;37.0;2;0;0.00;0.00;0.00;0.0;0.0
69.937;94;1038;37;38406;0.5;13.100;0.891;30;77;9;0;100;101;100;104;100;105;100;46;46;0;1.820;1.820;0.000;0.000;14.700;1.000;6.3;0.0;0;30;3.000;2.718;12.8;-170;0;0;-8.8;0;0;0;0;0;98;0;0;1858;107.40;0;0;0;0;0;0;0;0;0;0;0;0;0;0;0;0;30;0;37.0;37.0;2;0;0.00;0.00;0.00;0.0;0.0
70.003;94;1023;38;38874;0.5;13.400;0.912;30;77;9;0;100;101;100;104;100;105;100;47;47;0;1.843;1.843;0.000;0.000;14.700;1.000;6.3;0.0;0;30;3.000;2.662;12.8;-170;0;0;-8.7;0;0;0;0;0;98;0;0;1858;108.97;0;0;0;0;0;0;0;0;0;0;0;0;0;0;0;0;30;0;38.0;38.0;2;0;0.00;0.00;0.00;0.0;0.0
70.068;94;1024;38;38912;0.5;13.100;0.891;30;77;9;0;100;101;100;104;100;105;100;46;46;0;1.836;1.836;0.000;0.000;14.700;1.000;6.3;0.0;0;30;3.000;2.852;12.8;-190;0;0;-8.7;0;0;0;0;0;98;0;0;1858;108.87;0;0;0;0;0;0;0;0;0;0;0;0;0;0;0;0;30;0;38.0;38.0;2;0;0.00;0.00;0.00;0.0;0.0
70.138;94;1020;38;38760;0.5;13.100;0.891;30;77;9;0;100;101;100;104;100;105;100;47;47;0;1.843;1.843;0.000;0.000;14.700;1.000;6.3;0.0;0;30;3.000;2.545;12.8;10;0;0;-8.7;0;0;0;0;0;98;0;0;1858;109.29;0;0;0;0;0;0;0;0;0;0;0;0;0;0;0;0;30;0;38.0;38.0;2;0;0.00;0.00;0.00;0.0;0.0
70.203;94;1022;38;38836;0.5;13.400;0.912;30;77;9;0;100;101;100;104;100;105;100;46;46;0;1.872;1.872;0.000;0.000;14.700;1.000;6.4;0.0;0;30;3.000;2.876;12.5;10;0;0;-8.7;0;0;0;0;0;98;0;0;1858;109.08;0;0;0;0;0;0;0;0;0;0;0;0;0;0;0;0;30;0;38.0;38.0;2;0;0.00;0.00;0.00;0.0;0.0
70.269;94;1024;38;38912;0.5;13.200;0.898;30;77;9;0;100;101;100;104;100;105;100;46;46;0;1.872;1.872;0.000;0.000;14.700;1.000;6.4;0.0;0;30;3.000;2.778;12.5;30;0;0;-8.7;0;0;0;0;0;98;0;0;1858;108.87;0;0;0;0;0;0;0;0;0;0;0;0;0;0;0;0;30;0;38.0;38.0;2;0;0.00;0.00;0.00;0.0;0.0
70.335;94;1040;38;39520;0.5;13.800;0.939;30;77;9;0;100;101;100;104;100;105;100;47;47;0;1.879;1.879;0.000;0.000;14.700;1.000;6.5;0.0;0;30;3.000;2.993;12.5;170;0;0;-8.7;0;0;0;0;0;98;0;0;1858;107.19;0;0;0;0;0;0;0;0;0;0;0;0;0;0;0;0;30;0;38.0;38.0;2;0;0.00;0.00;0.00;0.0;0.0
70.404;94;1029;38;39102;0.5;13.900;0.946;30;77;9;0;100;101;100;104;100;105;100;47;47;0;1.879;1.879;0.000;0.000;14.700;1.000;6.4;0.0;0;30;3.000;2.783;12.5;170;0;0;-8.7;0;0;0;0;0;98;0;0;1858;108.34;0;0;0;0;0;0;0;0;0;0;0;0;0;0;0;0;30;0;38.0;38.0;2;0;0.00;0.00;0.00;0.0;0.0
70.470;95;1030;38;39140;0.5;14.200;0.966;30;77;9;0;100;101;100;104;100;105;100;46;46;0;1.848;1.848;0.000;0.000;14.700;1.000;6.3;0.0;0;30;3.000;2.794;12.7;-90;0;0;-8.7;0;0;0;0;0;98;0;0;1865;108.64;0;0;0;0;0;0;0;0;0;0;0;0;0;0;0;0;30;0;38.0;38.0;2;0;0.00;0.00;0.00;0.0;0.0
70.535;95;1045;38;39710;0.5;14.400;0.980;30;77;9;0;100;101;100;104;100;105;100;47;47;0;1.855;1.855;0.000;0.000;14.700;1.000;6.5;0.0;0;30;3.000;3.247;12.7;-90;0;0;-8.7;0;0;0;0;0;98;0;0;1865;107.08;0;0;0;0;0;0;0;0;0;0;0;0;0;0;0;0;30;0;38.0;38.0;2;0;0.00;0.00;0.00;0.0;0.0
70.605;95;1025;38;38950;0.5;14.200;0.966;30;77;9;0;100;101;100;104;100;105;100;46;46;0;1.848;1.848;0.000;0.000;14.700;1.000;6.3;0.0;0;30;3.000;2.477;12.7;140;0;0;-8.7;0;0;0;0;0;98;0;0;1865;109.17;0;0;0;0;0;0;0;0;0;0;0;0;0;0;0;0;30;0;38.0;38.0;2;0;0.00;0.00;0.00;0.0;0.0
70.671;95;1020;38;38760;0.5;15.300;1.041;30;77;9;0;100;101;100;104;100;105;100;47;47;0;1.855;1.855;0.000;0.000;14.700;1.000;6.3;0.0;0;30;3.000;2.718;12.7;-230;0;0;-8.7;0;0;0;0;0;98;0;0;1865;109.71;0;0;0;0;0;0;0;0;0;0;0;0;0;0;0;0;30;0;38.0;38.0;2;0;0.00;0.00;0.00;0.0;0.0
70.736;95;1013;39;39507;0.5;15.800;1.075;30;77;9;0;100;101;100;104;100;105;100;47;47;0;1.839;1.839;0.000;0.000;14.700;1.000;6.2;0.0;0;30;3.000;2.674;12.9;-230;0;0;-8.6;0;0;0;0;0;98;0;0;1865;110.46;0;0;0;0;0;0;0;0;0;0;0;0;0;0;0;0;30;0;39.0;39.0;2;0;0.00;0.00;0.00;0.0;0.0
70.801;95;1032;38;39216;0.5;15.200;1.034;30;77;9;0;100;101;100;104;100;105;100;46;46;0;1.824;1.824;0.000;0.000;14.700;1.000;6.3;0.0;0;30;3.000;3.089;12.9;10;0;0;-8.7;0;0;0;0;0;98;0;0;1865;108.43;0;0;0;0;0;0;0;0;0;0;0;0;0;0;0;0;30;0;38.0;38.0;2;0;0.00;0.00;0.00;0.0;0.0
70.871;95;1027;38;39026;0.5;14.600;0.993;30;77;9;0;100;101;100;104;100;105;100;46;46;0;1.824;1.824;0.000;0.000;14.700;1.000;6.2;0.0;0;30;3.000;2.839;12.9;-30;0;0;-8.7;0;0;0;0;0;98;0;0;1865;108.96;0;0;0;0;0;0;0;0;0;0;0;0;0;0;0;0;30;0;38.0;38.0;2;0;0.00;0.00;0.00;0.0;0.0
70.871;95;1024;38;38912;0.5;14.200;0.966;30;77;9;0;100;101;100;104;100;105;100;46;46;0;1.824;1.824;0.000;0.000;14.700;1.000;6.2;0.0;0;30;3.000;2.739;12.9;-30;0;0;-8.7;0;0;0;0;0;98;0;0;1865;109.28;0;0;0;0;0;0;0;0;0;0;0;0;0;0;0;0;30;0;38.0;38.0;2;0;0.00;0.00;0.00;0.0;0.0
71.002;95;1015;39;39585;0.5;14.200;0.966;30;77;9;0;100;101;100;104;100;105;100;47;47;0;1.839;1.839;0.000;0.000;14.700;1.000;6.2;0.0;0;30;3.000;2.836;12.9;-40;0;0;-8.6;0;0;0;0;0;98;0;0;1865;110.25;0;0;0;0;0;0;0;0;0;0;0;0;0;0;0;0;30;0;39.0;39.0;2;0;0.00;0.00;0.00;0.0;0.0
71.068;95;999;39;38961;0.5;14.100;0.959;30;77;9;0;100;101;100;104;100;105;100;47;47;0;1.839;1.839;0.000;0.000;14.700;1.000;6.1;0.0;0;29;3.000;2.780;12.9;-110;0;0;-8.6;0;0;0;0;0;98;0;0;1865;112.01;0;0;0;0;0;0;0;0;0;0;0;0;0;0;0;0;29;0;39.0;39.0;2;0;0.00;0.00;0.00;0.0;0.0
71.137;95;1015;39;39585;0.5;14.000;0.952;30;77;9;0;100;101;100;104;100;105;100;47;47;0;1.839;1.839;0.000;0.000;14.700;1.000;6.2;0.0;0;30;3.000;3.018;12.9;-110;0;0;-8.6;0;0;0;0;0;98;0;0;1865;110.25;0;0;0;0;0;0;0;0;0;0;0;0;0;0;0;0;30;0;39.0;39.0;2;0;0.00;0.00;0.00;0.0;0.0
71.203;95;993;39;38727;0.5;14.200;0.966;30;77;9;0;100;101;100;104;100;105;100;47;47;0;1.839;1.839;0.000;0.000;14.700;1.000;6.1;0.0;0;29;3.000;2.362;12.9;100;0;0;-8.6;0;0;0;0;0;98;0;0;1865;112.69;0;0;0;0;0;0;0;0;0;0;0;0;0;0;0;0;29;0;39.0;39.0;2;0;0.00;0.00;0.00;0.0;0.0
71.269;95;971;40;38840;0.5;14.500;0.986;30;77;9;0;100;101;100;104;100;105;100;47;47;0;1.847;1.847;0.000;0.000;14.700;1.000;6.0;0.0;0;29;3.000;2.446;12.9;-440;0;0;-8.4;0;0;0;0;0;98;0;0;1865;115.24;0;0;0;0;0;0;0;0;0;0;0;0;0;0;0;0;29;0;40.0;40.0;2;0;0.00;0.00;0.00;0.0;0.0
71.338;95;958;40;38320;0.5;14.800;1.007;30;77;9;0;100;101;100;104;100;105;100;47;47;0;1.847;1.847;0.000;0.000;14.700;1.000;5.9;0.0;0;28;3.000;2.552;12.9;-440;0;0;-8.4;0;0;0;0;0;98;0;0;1865;116.81;0;0;0;0;0;0;0;0;0;0;0;0;0;0;0;0;28;0;40.0;40.0;2;0;0.00;0.00;0.00;0.0;0.0
71.403;95;982;40;39280;0.5;16.200;1.102;30;77;9;0;100;101;100;104;100;105;100;47;47;0;1.847;1.847;0.000;0.000;14.700;1.000;6.0;0.0;0;29;3.000;3.149;12.9;70;0;0;-8.4;0;0;0;0;0;98;0;0;1865;113.95;0;0;0;0;0;0;0;0;0;0;0;0;0;0;0;0;29;0;40.0;40.0;2;0;0.00;0.00;0.00;0.0;0.0
71.469;96;961;40;38440;0.5;18.500;1.259;30;77;9;0;100;101;100;104;100;105;100;47;47;0;1.847;1.847;0.000;0.000;14.700;1.000;5.9;0.0;0;29;3.000;2.467;12.9;-80;0;0;-8.4;0;0;0;0;0;98;0;0;1866;116.50;0;0;0;0;0;0;0;0;0;0;0;0;0;0;0;0;29;0;40.0;40.0;2;0;0.00;0.00;0.00;0.0;0.0
71.535;96;947;41;38827;0.5;16.900;1.150;30;77;9;0;100;101;100;104;100;105;100;47;47;0;1.856;1.856;0.000;0.000;14.700;1.000;5.9;0.0;0;28;3.000;2.777;12.9;-80;0;0;-8.3;0;0;0;0;0;98;0;0;1866;118.23;0;0;0;0;0;0;0;0;0;0;0;0;0;0;0;0;28;0;41.0;41.0;2;0;0.00;0.00;0.00;0.0;0.0
71.604;96;959;41;39319;0.5;18.700;1.272;30;77;9;0;100;101;100;104;100;105;100;48;48;0;1.863;1.863;0.000;0.000;14.700;1.000;6.0;0.0;0;29;3.000;3.293;12.9;-230;0;0;-8.3;0;0;0;0;0;98;0;0;1866;116.75;0;0;0;0;0;0;0;0;0;0;0;0;0;0;0;0;29;0;41.0;41.0;2;0;0.00;0.00;0.00;0.0;0.0
71.670;96;962;41;39442;0.5;19.400;1.320;30;77;9;0;100;101;100;104;100;105;100;48;48;0;1.863;1.863;0.000;0.000;14.700;1.000;6.0;0.0;0;29;3.000;2.791;12.9;150;0;0;-8.3;0;0;0;0;0;98;0;0;1866;116.38;0;0;0;0;0;0;0;0;0;0;0;0;0;0;0;0;29;0;41.0;41.0;2;0;0.00;0.00;0.00;0.0;0.0
71.736;96;942;41;38622;0.5;19.700;1.340;30;77;9;0;100;101;100;104;100;105;100;47;47;0;1.892;1.892;0.000;0.000;14.700;1.000;5.9;0.0;0;28;3.000;2.612;12.6;150;0;0;-8.3;0;0;0;0;0;98;0;0;1866;118.85;0;0;0;0;0;0;0;0;0;0;0;0;0;0;0;0;28;0;41.0;41.0;2;0;0.00;0.00;0.00;0.0;0.0
71.801;96;939;41;38499;0.5;19.700;1.340;30;77;9;0;100;101;100;104;100;105;100;47;47;0;1.892;1.892;0.000;0.000;14.700;1.000;5.9;0.0;0;28;3.000;3.010;12.6;-300;0;0;-8.3;0;0;0;0;0;98;0;0;1866;119.23;0;0;0;0;0;0;0;0;0;0;0;0;0;0;0;0;28;0;41.0;41.0;2;0;0.00;0.00;0.00;0.0;0.0
71.871;96;952;41;39032;0.5;19.700;1.340;30;77;9;0;100;101;100;104;100;105;100;48;48;0;1.899;1.899;0.000;0.000;14.700;1.000;6.0;0.0;0;28;3.000;3.186;12.6;200;0;0;-8.3;0;0;0;0;0;98;0;0;1866;117.61;0;0;0;0;0;0;0;0;0;0;0;0;0;0;0;0;28;0;41.0;41.0;2;0;0.00;0.00;0.00;0.0;0.0
71.936;96;958;41;39278;0.5;19.700;1.340;30;77;9;0;100;101;100;104;100;105;100;48;48;0;1.899;1.899;0.000;0.000;14.700;1.000;6.1;0.0;0;28;3.000;3.174;12.6;200;0;0;-8.3;0;0;0;0;0;98;0;0;1866;116.87;0;0;0;0;0;0;0;0;0;0;0;0;0;0;0;0;28;0;41.0;41.0;2;0;0.00;0.00;0.00;0.0;0.0
72.001;96;973;41;39893;0.5;19.700;1.340;30;77;9;0;100;101;100;104;100;105;100;48;48;0;1.911;1.911;0.000;0.000;14.700;1.000;6.2;0.0;0;29;3.000;3.215;12.5;60;0;0;-8.3;0;0;0;0;0;98;0;0;1866;115.07;0;0;0;0;0;0;0;0;0;0;0;0;0;0;0;0;29;0;41.0;41.0;2;0;0.00;0.00;0.00;0.0;0.0
72.067;96;982;40;39280;0.5;19.700;1.340;30;77;9;0;100;101;100;104;100;105;100;47;47;0;1.895;1.895;0.000;0.000;14.700;1.000;6.2;0.0;0;29;3.000;2.950;12.5;240;0;0;-8.4;0;0;0;0;0;98;0;0;1866;114.01;0;0;0;0;0;0;0;0;0;0;0;0;0;0;0;0;29;0;40.0;40.0;2;0;0.00;0.00;0.00;0.0;0.0
72.133;96;1000;40;40000;0.5;19.700;1.340;30;77;9;0;100;101;100;104;100;105;100;48;48;0;1.903;1.903;0.000;0.000;14.700;1.000;6.3;0.0;0;30;3.000;3.119;12.5;240;0;0;-8.4;0;0;0;0;0;98;0;0;1866;111.96;0;0;0;0;0;0;0;0;0;0;0;0;0;0;0;0;30;0;40.0;40.0;2;0;0.00;0.00;0.00;0.0;0.0
72.202;96;990;40;39600;0.5;19.700;1.340;30;77;9;0;100;101;100;104;100;105;100;47;47;0;1.895;1.895;0.000;0.000;14.700;1.000;6.3;0.0;0;29;3.000;2.536;12.5;200;0;0;-8.4;0;0;0;0;0;98;0;0;1866;113.09;0;0;0;0;0;0;0;0;0;0;0;0;0;0;0;0;29;0;40.0;40.0;2;0;0.00;0.00;0.00;0.0;0.0
72.268;96;1002;40;40080;0.5;19.700;1.340;30;78;9;0;100;101;100;104;100;105;100;48;48;0;1.879;1.879;0.000;0.000;14.700;1.000;6.3;0.0;0;30;3.000;2.889;12.7;-90;0;0;-8.4;0;0;0;0;0;98;0;0;1866;111.74;0;0;0;0;0;0;0;0;0;0;0;0;0;0;0;0;30;0;40.0;40.0;2;0;0.00;0.00;0.00;0.0;0.0
72.337;96;1009;40;40360;0.5;19.700;1.340;30;78;9;0;100;101;100;104;100;105;100;48;48;0;1.879;1.879;0.000;0.000;14.700;1.000;6.3;0.0;0;30;3.000;2.785;12.7;-90;0;0;-8.4;0;0;0;0;0;98;0;0;1866;110.96;0;0;0;0;0;0;0;0;0;0;0;0;0;0;0;0;30;0;40.0;40.0;2;0;0.00;0.00;0.00;0.0;0.0
72.403;96;1021;39;39819;0.5;19.000;1.293;30;78;9;0;100;101;100;104;100;105;100;47;47;0;1.863;1.863;0.000;0.000;14.700;1.000;6.3;0.0;0;30;3.000;2.951;12.7;210;0;0;-8.6;0;0;0;0;0;98;0;0;1866;109.66;0;0;0;0;0;0;0;0;0;0;0;0;0;0;0;0;30;0;39.0;39.0;2;0;0.00;0.00;0.00;0.0;0.0
72.469;96;1013;39;39507;0.5;17.900;1.218;30;78;9;0;100;101;100;104;100;105;100;47;47;0;1.863;1.863;0.000;0.000;14.700;1.000;6.3;0.0;0;30;3.000;2.874;12.7;210;0;0;-8.6;0;0;0;0;0;98;0;0;1866;110.52;0;0;0;0;0;0;0;0;0;0;0;0;0;0;0;0;30;0;39.0;39.0;2;0;0.00;0.00;0.00;0.0;0.0
72.534;97;1016;39;39624;0.5;18.300;1.245;30;78;9;0;100;101;100;104;100;105;100;47;47;0;1.887;1.887;0.000;0.000;14.700;1.000;6.4;0.0;0;30;3.000;2.944;12.5;-10;0;0;-8.6;0;0;0;0;0;98;0;0;1868;110.31;0;0;0;0;0;0;0;0;0;0;0;0;0;0;0;0;30;0;39.0;39.0;2;0;0.00;0.00;0.00;0.0;0.0
72.603;97;1013;39;39507;0.5;18.800;1.279;30;78;9;0;100;101;100;104;100;105;100;47;47;0;1.887;1.887;0.000;0.000;14.700;1.000;6.4;0.0;0;30;3.000;2.777;12.5;30;0;0;-8.6;0;0;0;0;0;98;0;0;1868;110.64;0;0;0;0;0;0;0;0;0;0;0;0;0;0;0;0;30;0;39.0;39.0;2;0;0.00;0.00;0.00;0.0;0.0
72.669;97;1016;38;38608;0.5;17.300;1.177;30;78;9;0;100;101;100;104;100;105;100;46;46;0;1.872;1.872;0.000;0.000;14.700;1.000;6.3;0.0;0;30;3.000;2.704;12.5;30;0;0;-8.7;0;0;0;0;0;98;0;0;1868;110.31;0;0;0;0;0;0;0;0;0;0;0;0;0;0;0;0;30;0;38.0;38.0;2;0;0.00;0.00;0.00;0.0;0.0
72.735;97;1026;39;40014;0.5;15.900;1.082;30;78;9;0;100;101;100;104;100;105;100;47;47;0;1.863;1.863;0.000;0.000;14.700;1.000;6.4;0.0;0;30;3.000;2.898;12.7;0;0;0;-8.6;0;0;0;0;0;98;0;0;1868;109.24;0;0;0;0;0;0;0;0;0;0;0;0;0;0;0;0;30;0;39.0;39.0;2;0;0.00;0.00;0.00;0.0;0.0
72.804;97;1020;39;39780;0.5;15.100;1.027;30;78;9;0;100;101;100;104;100;105;100;47;47;0;1.863;1.863;0.000;0.000;14.700;1.000;6.3;0.0;0;30;3.000;2.504;12.7;-40;0;0;-8.6;0;0;0;0;0;98;0;0;1868;109.88;0;0;0;0;0;0;0;0;0;0;0;0;0;0;0;0;30;0;39.0;39.0;2;0;0.00;0.00;0.00;0.0;0.0
72.870;97;1025;39;39975;0.5;14.800;1.007;30;78;9;0;100;101;100;104;100;105;100;47;47;0;1.863;1.863;0.000;0.000;14.700;1.000;6.4;0.0;0;30;3.000;2.940;12.7;-40;0;0;-8.6;0;0;0;0;0;98;0;0;1868;109.35;0;0;0;0;0;0;0;0;0;0;0;0;0;0;0;0;30;0;39.0;39.0;2;0;0.00;0.00;0.00;0.0;0.0
72.870;97;1040;38;39520;0.5;14.600;0.993;30;78;9;0;100;101;100;104;100;105;100;47;47;0;1.855;1.855;0.000;0.000;14.700;1.000;6.4;0.0;0;30;3.000;3.138;12.7;130;0;0;-8.7;0;0;0;0;0;98;0;0;1868;107.77;0;0;0;0;0;0;0;0;0;0;0;0;0;0;0;0;30;0;38.0;38.0;2;0;0.00;0.00;0.00;0.0;0.0
73.005;97;1029;38;39102;0.5;14.500;0.986;30;78;9;0;100;101;100;104;100;105;100;47;47;0;1.855;1.855;0.000;0.000;14.700;1.000;6.4;0.0;0;30;3.000;2.902;12.7;180;0;0;-8.7;0;0;0;0;0;98;0;0;1868;108.92;0;0;0;0;0;0;0;0;0;0;0;0;0;0;0;0;30;0;38.0;38.0;2;0;0.00;0.00;0.00;0.0;0.0
73.071;97;1030;39;40170;0.5;14.000;0.952;30;78;9;0;100;101;100;104;100;105;100;47;47;0;1.863;1.863;0.000;0.000;14.700;1.000;6.4;0.0;0;30;3.000;2.841;12.7;180;0;0;-8.6;0;0;0;0;0;98;0;0;1868;108.82;0;0;0;0;0;0;0;0;0;0;0;0;0;0;0;0;30;0;39.0;39.0;2;0;0.00;0.00;0.00;0.0;0.0
73.136;97;1022;38;38836;0.5;14.400;0.980;30;78;9;0;100;101;100;104;100;105;100;46;46;0;1.848;1.848;0.000;0.000;14.700;1.000;6.3;0.0;0;30;3.000;2.685;12.7;-130;0;0;-8.7;0;0;0;0;0;98;0;0;1868;109.67;0;0;0;0;0;0;0;0;0;0;0;0;0;0;0;0;30;0;38.0;38.0;2;0;0.00;0.00;0.00;0.0;0.0
73.136;97;1034;38;39292;0.5;14.800;1.007;30;78;9;0;100;101;100;104;100;105;100;47;47;0;1.855;1.855;0.000;0.000;14.700;1.000;6.4;0.0;0;30;3.000;3.024;12.7;40;0;0;-8.7;0;0;0;0;0;98;0;0;1868;108.39;0;0;0;0;0;0;0;0;0;0;0;0;0;0;0;0;30;0;38.0;38.0;2;0;0.00;0.00;0.00;0.0;0.0
73.271;97;1035;38;39330;0.5;14.600;0.993;30;78;9;0;100;101;100;104;100;105;100;46;46;0;1.884;1.884;0.000;0.000;14.700;1.000;6.5;0.0;0;30;3.000;2.774;12.4;40;0;0;-8.7;0;0;0;0;0;98;0;0;1868;108.29;0;0;0;0;0;0;0;0;0;0;0;0;0;0;0;0;30;0;38.0;38.0;2;0;0.00;0.00;0.00;0.0;0.0
73.337;97;1033;38;39254;0.5;14.400;0.980;30;78;9;0;100;101;100;104;100;105;100;46;46;0;1.884;1.884;0.000;0.000;14.700;1.000;6.5;0.0;0;30;3.000;3.005;12.4;10;0;0;-8.7;0;0;0;0;0;98;0;0;1868;108.50;0;0;0;0;0;0;0;0;0;0;0;0;0;0;0;0;30;0;38.0;38.0;2;0;0.00;0.00;0.00;0.0;0.0
73.402;97;1036;38;39368;0.5;14.300;0.973;30;78;9;0;100;101;100;104;100;105;100;46;46;0;1.884;1.884;0.000;0.000;14.700;1.000;6.5;0.0;0;30;3.000;3.102;12.4;10;0;0;-8.7;0;0;0;0;0;98;0;0;1868;108.19;0;0;0;0;0;0;0;0;0;0;0;0;0;0;0;0;30;0;38.0;38.0;2;0;0.00;0.00;0.00;0.0;0.0
73.468;97;1036;38;39368;0.5;14.300;0.973;30;78;9;0;100;101;100;104;100;105;100;46;46;0;1.884;1.884;0.000;0.000;14.700;1.000;6.5;0.0;0;30;3.000;2.945;12.4;10;0;0;-8.7;0;0;0;0;0;98;0;0;1868;108.19;0;0;0;0;0;0;0;0;0;0;0;0;0;0;0;0;30;0;38.0;38.0;2;0;0.00;0.00;0.00;0.0;0.0
73.534;98;1046;38;39748;0.5;14.100;0.959;30;78;9;0;100;101;100;104;100;105;100;46;46;0;1.860;1.860;0.000;0.000;14.700;1.000;6.5;0.0;0;30;3.000;3.052;12.6;0;0;0;-8.7;0;0;0;0;0;98;0;0;1858;106.58;0;0;0;0;0;0;0;0;0;0;0;0;0;0;0;0;30;0;38.0;38.0;2;0;0.00;0.00;0.00;0.0;0.0
73.603;98;1036;38;39368;0.5;13.900;0.946;30;78;9;0;100;101;100;104;100;105;100;46;46;0;1.860;1.860;0.000;0.000;14.700;1.000;6.4;0.0;0;30;3.000;2.705;12.6;0;0;0;-8.7;0;0;0;0;0;98;0;0;1858;107.61;0;0;0;0;0;0;0;0;0;0;0;0;0;0;0;0;30;0;38.0;38.0;2;0;0.00;0.00;0.00;0.0;0.0
73.669;98;1040;38;39520;0.5;13.900;0.946;30;78;9;0;100;101;100;104;100;105;100;47;47;0;1.867;1.867;0.000;0.000;14.700;1.000;6.5;0.0;0;30;3.000;2.924;12.6;0;0;0;-8.7;0;0;0;0;0;98;0;0;1858;107.19;0;0;0;0;0;0;0;0;0;0;0;0;0;0;0;0;30;0;38.0;38.0;2;0;0.00;0.00;0.00;0.0;0.0
73.741;98;1036;38;39368;0.5;13.800;0.939;30;78;9;0;100;101;100;104;100;105;100;46;46;0;1.860;1.860;0.000;0.000;14.700;1.000;6.4;0.0;0;30;3.000;2.968;12.6;40;0;0;-8.7;0;0;0;0;0;98;0;0;1858;107.61;0;0;0;0;0;0;0;0;0;0;0;0;0;0;0;0;30;0;38.0;38.0;2;0;0.00;0.00;0.00;0.0;0.0
73.804;98;1043;38;39634;0.5;13.900;0.946;30;78;9;0;100;101;100;104;100;105;100;47;47;0;1.843;1.843;0.000;0.000;14.700;1.000;6.4;0.0;0;30;3.000;3.046;12.8;30;0;0;-8.7;0;0;0;0;0;98;0;0;1858;106.88;0;0;0;0;0;0;0;0;0;0;0;0;0;0;0;0;30;0;38.0;38.0;2;0;0.00;0.00;0.00;0.0;0.0
73.869;98;1042;38;39596;0.5;13.700;0.932;30;78;9;0;100;101;100;104;100;105;100;47;47;0;1.843;1.843;0.000;0.000;14.700;1.000;6.4;0.0;0;30;3.000;3.024;12.8;30;0;0;-8.7;0;0;0;0;0;98;0;0;1858;106.99;0;0;0;0;0;0;0;0;0;0;0;0;0;0;0;0;30;0;38.0;38.0;2;0;0.00;0.00;0.00;0.0;0.0
73.935;98;1024;38;38912;0.5;14.000;0.952;30;78;9;0;100;101;100;104;100;105;100;46;46;0;1.836;1.836;0.000;0.000;14.700;1.000;6.3;0.0;0;30;3.000;2.863;12.8;-30;0;0;-8.7;0;0;0;0;0;98;0;0;1858;108.87;0;0;0;0;0;0;0;0;0;0;0;0;0;0;0;0;30;0;38.0;38.0;2;0;0.00;0.00;0.00;0.0;0.0
73.935;98;1015;38;38570;0.5;13.700;0.932;30;78;9;0;100;101;100;104;100;105;100;47;47;0;1.843;1.843;0.000;0.000;14.700;1.000;6.2;0.0;0;30;3.000;2.650;12.8;-250;0;0;-8.7;0;0;0;0;0;98;0;0;1858;109.83;0;0;0;0;0;0;0;0;0;0;0;0;0;0;0;0;30;0;38.0;38.0;2;0;0.00;0.00;0.00;0.0;0.0
74.070;98;1003;38;38114;0.5;13.600;0.925;30;78;9;0;100;101;100;104;100;105;100;46;46;0;1.836;1.836;0.000;0.000;14.700;1.000;6.1;0.0;0;30;3.000;2.654;12.8;-250;0;0;-8.7;0;0;0;0;0;98;0;0;1858;111.15;0;0;0;0;0;0;0;0;0;0;0;0;0;0;0;0;30;0;38.0;38.0;2;0;0.00;0.00;0.00;0.0;0.0
74.135;98;1016;39;39624;0.5;13.100;0.891;30;78;9;0;100;101;100;104;100;105;100;47;47;0;1.851;1.851;0.000;0.000;14.700;1.000;6.3;0.0;0;30;3.000;2.960;12.8;-30;0;0;-8.6;0;0;0;0;0;98;0;0;1858;109.72;0;0;0;0;0;0;0;0;0;0;0;0;0;0;0;0;30;0;39.0;39.0;2;0;0.00;0.00;0.00;0.0;0.0
74.205;98;999;39;38961;0.5;13.300;0.905;30;78;9;0;100;101;100;104;100;105;100;47;47;0;1.851;1.851;0.000;0.000;14.700;1.000;6.2;0.0;0;29;3.000;2.584;12.8;-130;0;0;-8.6;0;0;0;0;0;98;0;0;1858;111.59;0;0;0;0;0;0;0;0;0;0;0;0;0;0;0;0;29;0;39.0;39.0;2;0;0.00;0.00;0.00;0.0;0.0
74.274;98;1001;39;39039;0.5;13.800;0.939;30;78;9;0;100;101;100;104;100;105;100;47;47;0;1.839;1.839;0.000;0.000;14.700;1.000;6.1;0.0;0;30;3.000;2.995;12.9;-130;0;0;-8.6;0;0;0;0;0;98;0;0;1858;111.37;0;0;0;0;0;0;0;0;0;0;0;0;0;0;0;0;30;0;39.0;39.0;2;0;0.00;0.00;0.00;0.0;0.0
74.340;98;976;39;38064;0.5;14.200;0.966;30;78;9;0;100;101;100;104;100;105;100;47;47;0;1.839;1.839;0.000;0.000;14.700;1.000;6.0;0.0;0;29;3.000;2.741;12.9;-160;0;0;-8.6;0;0;0;0;0;98;0;0;1858;114.22;0;0;0;0;0;0;0;0;0;0;0;0;0;0;0;0;29;0;39.0;39.0;2;0;0.00;0.00;0.00;0.0;0.0
74.340;98;974;40;38960;0.5;14.300;0.973;30;78;9;0;100;101;100;104;100;105;100;47;47;0;1.847;1.847;0.000;0.000;14.700;1.000;6.0;0.0;0;29;3.000;2.931;12.9;-90;0;0;-8.4;0;0;0;0;0;98;0;0;1858;114.46;0;0;0;0;0;0;0;0;0;0;0;0;0;0;0;0;29;0;40.0;40.0;2;0;0.00;0.00;0.00;0.0;0.0
74.471;98;969;41;39729;0.5;15.000;1.020;30;78;9;0;100;101;100;104;100;105;100;48;48;0;1.863;1.863;0.000;0.000;14.700;1.000;6.0;0.0;0;29;3.000;2.753;12.9;-90;0;0;-8.3;0;0;0;0;0;98;0;0;1858;115.05;0;0;0;0;0;0;0;0;0;0;0;0;0;0;0;0;29;0;41.0;41.0;2;0;0.00;0.00;0.00;0.0;0.0
74.537;99;950;40;38000;0.5;17.300;1.177;30;78;9;0;100;101;100;104;100;105;100;47;47;0;1.931;1.931;0.000;0.000;14.700;1.000;6.1;0.0;0;28;3.000;2.818;12.2;-130;0;0;-8.4;0;0;0;0;0;98;0;0;1866;117.85;0;0;0;0;0;0;0;0;0;0;0;0;0;0;0;0;28;0;40.0;40.0;2;0;0.00;0.00;0.00;0.0;0.0
74.602;99;933;41;38253;0.5;18.600;1.265;30;78;9;0;100;101;100;104;100;105;100;47;47;0;1.940;1.940;0.000;0.000;14.700;1.000;6.0;0.0;0;28;3.000;2.514;12.2;-280;0;0;-8.3;0;0;0;0;0;98;0;0;1866;120.00;0;0;0;0;0;0;0;0;0;0;0;0;0;0;0;0;28;0;41.0;41.0;2;0;0.00;0.00;0.00;0.0;0.0
74.672;99;943;41;38663;0.5;19.300;1.313;30;78;9;0;100;101;100;104;100;105;100;47;47;0;1.940;1.940;0.000;0.000;14.700;1.000;6.1;0.0;0;28;3.000;3.002;12.2;-280;0;0;-8.3;0;0;0;0;0;98;0;0;1866;118.73;0;0;0;0;0;0;0;0;0;0;0;0;0;0;0;0;28;0;41.0;41.0;2;0;0.00;0.00;0.00;0.0;0.0
74.737;99;972;41;39852;0.5;19.700;1.340;30;78;9;0;100;101;100;104;100;105;100;48;48;0;1.947;1.947;0.000;0.000;14.700;1.000;6.3;0.0;0;29;3.000;2.996;12.2;320;0;0;-8.3;0;0;0;0;0;98;0;0;1866;115.19;0;0;0;0;0;0;0;0;0;0;0;0;0;0;0;0;29;0;41.0;41.0;2;0;0.00;0.00;0.00;0.0;0.0
74.803;99;976;40;39040;0.5;19.700;1.340;30;78;9;0;100;101;100;104;100;105;100;47;47;0;1.895;1.895;0.000;0.000;14.700;1.000;6.2;0.0;0;29;3.000;2.869;12.5;320;0;0;-8.4;0;0;0;0;0;98;0;0;1866;114.71;0;0;0;0;0;0;0;0;0;0;0;0;0;0;0;0;29;0;40.0;40.0;2;0;0.00;0.00;0.00;0.0;0.0
74.868;99;981;41;40221;0.5;19.700;1.340;30;78;9;0;100;101;100;104;100;105;100;48;48;0;1.911;1.911;0.000;0.000;14.700;1.000;6.2;0.0;0;29;3.000;2.959;12.5;110;0;0;-8.3;0;0;0;0;0;98;0;0;1866;114.13;0;0;0;0;0;0;0;0;0;0;0;0;0;0;0;0;29;0;41.0;41.0;2;0;0.00;0.00;0.00;0.0;0.0
74.938;99;976;40;39040;0.5;19.700;1.340;30;78;9;0;100;101;100;104;100;105;100;47;47;0;1.895;1.895;0.000;0.000;14.700;1.000;6.2;0.0;0;29;3.000;2.681;12.5;0;0;0;-8.4;0;0;0;0;0;98;0;0;1866;114.71;0;0;0;0;0;0;0;0;0;0;0;0;0;0;0;0;29;0;40.0;40.0;2;0;0.00;0.00;0.00;0.0;0.0
75.004;99;990;40;39600;0.5;19.700;1.340;30;78;9;0;100;101;100;104;100;105;100;47;47;0;1.895;1.895;0.000;0.000;14.700;1.000;6.3;0.0;0;29;3.000;3.065;12.5;0;0;0;-8.4;0;0;0;0;0;98;0;0;1866;113.09;0;0;0;0;0;0;0;0;0;0;0;0;0;0;0;0;29;0;40.0;40.0;2;0;0.00;0.00;0.00;0.0;0.0
75.069;99;991;40;39640;0.5;19.700;1.340;30;78;9;0;100;101;100;104;100;105;100;47;47;0;1.871;1.871;0.000;0.000;14.700;1.000;6.2;0.0;0;29;3.000;2.941;12.7;140;0;0;-8.4;0;0;0;0;0;98;0;0;1866;112.98;0;0;0;0;0;0;0;0;0;0;0;0;0;0;0;0;29;0;40.0;40.0;2;0;0.00;0.00;0.00;0.0;0.0
75.139;99;1004;40;40160;0.5;19.700;1.340;30;78;9;0;100;101;100;104;100;105;100;48;48;0;1.879;1.879;0.000;0.000;14.700;1.000;6.3;0.0;0;30;3.000;3.247;12.7;0;0;0;-8.4;0;0;0;0;0;98;0;0;1866;111.51;0;0;0;0;0;0;0;0;0;0;0;0;0;0;0;0;30;0;40.0;40.0;2;0;0.00;0.00;0.00;0.0;0.0
75.204;99;1009;40;40360;0.5;19.700;1.340;30;78;9;0;100;101;100;104;100;105;100;48;48;0;1.879;1.879;0.000;0.000;14.700;1.000;6.3;0.0;0;30;3.000;3.083;12.7;0;0;0;-8.4;0;0;0;0;0;98;0;0;1866;110.96;0;0;0;0;0;0;0;0;0;0;0;0;0;0;0;0;30;0;40.0;40.0;2;0;0.00;0.00;0.00;0.0;0.0
75.270;99;1011;39;39429;0.5;19.700;1.340;30;78;9;0;100;101;100;104;100;105;100;47;47;0;1.875;1.875;0.000;0.000;14.700;1.000;6.3;0.0;0;30;3.000;2.820;12.6;220;0;0;-8.6;0;0;0;0;0;98;0;0;1866;110.74;0;0;0;0;0;0;0;0;0;0;0;0;0;0;0;0;30;0;39.0;39.0;2;0;0.00;0.00;0.00;0.0;0.0
75.335;99;1016;39;39624;0.5;19.400;1.320;30;78;9;0;100;101;100;104;100;105;100;47;47;0;1.875;1.875;0.000;0.000;14.700;1.000;6.3;0.0;0;30;3.000;2.916;12.6;60;0;0;-8.6;0;0;0;0;0;98;0;0;1866;110.20;0;0;0;0;0;0;0;0;0;0;0;0;0;0;0;0;30;0;39.0;39.0;2;0;0.00;0.00;0.00;0.0;0.0
75.401;99;1005;39;39195;0.5;18.500;1.259;30;78;9;0;100;101;100;104;100;105;100;47;47;0;1.875;1.875;0.000;0.000;14.700;1.000;6.3;0.0;0;30;3.000;2.450;12.6;60;0;0;-8.6;0;0;0;0;0;98;0;0;1866;111.40;0;0;0;0;0;0;0;0;0;0;0;0;0;0;0;0;30;0;39.0;39.0;2;0;0.00;0.00;0.00;0.0;0.0
75.467;99;1005;39;39195;0.5;17.600;1.197;30;78;9;0;100;101;100;104;100;105;100;47;47;0;1.875;1.875;0.000;0.000;14.700;1.000;6.3;0.0;0;30;3.000;3.009;12.6;-130;0;0;-8.6;0;0;0;0;0;98;0;0;1866;111.40;0;0;0;0;0;0;0;0;0;0;0;0;0;0;0;0;30;0;39.0;39.0;2;0;0.00;0.00;0.00;0.0;0.0
75.536;100;1027;39;40053;0.5;16.800;1.143;30;78;9;0;100;101;100;104;100;105;100;47;47;0;1.851;1.851;0.000;0.000;14.700;1.000;6.3;0.0;0;30;3.000;2.975;12.8;80;0;0;-8.6;0;0;0;0;0;98;0;0;1870;109.25;0;0;0;0;0;0;0;0;0;0;0;0;0;0;0;0;30;0;39.0;39.0;2;0;0.00;0.00;0.00;0.0;0.0
75.602;100;1038;39;40482;0.5;15.400;1.048;30;78;9;0;100;101;100;104;100;105;100;47;47;0;1.851;1.851;0.000;0.000;14.700;1.000;6.4;0.0;0;30;3.000;2.843;12.8;80;0;0;-8.6;0;0;0;0;0;98;0;0;1870;108.09;0;0;0;0;0;0;0;0;0;0;0;0;0;0;0;0;30;0;39.0;39.0;2;0;0.00;0.00;0.00;0.0;0.0
75.667;100;1046;38;39748;0.5;15.000;1.020;30;78;9;0;100;101;100;104;100;105;100;46;46;0;1.836;1.836;0.000;0.000;14.700;1.000;6.4;0.0;0;30;3.000;3.058;12.8;250;0;0;-8.7;0;0;0;0;0;98;0;0;1870;107.27;0;0;0;0;0;0;0;0;0;0;0;0;0;0;0;0;30;0;38.0;38.0;2;0;0.00;0.00;0.00;0.0;0.0
75.738;100;1051;38;39938;0.5;14.900;1.014;30;78;9;0;100;101;100;104;100;105;100;47;47;0;1.843;1.843;0.000;0.000;14.700;1.000;6.5;0.0;0;30;3.000;2.883;12.8;130;0;0;-8.7;0;0;0;0;0;98;0;0;1870;106.76;0;0;0;0;0;0;0;0;0;0;0;0;0;0;0;0;30;0;38.0;38.0;2;0;0.00;0.00;0.00;0.0;0.0
75.802;100;1037;38;39406;0.5;14.800;1.007;30;78;9;0;100;101;100;104;100;105;100;47;47;0;1.843;1.843;0.000;0.000;14.700;1.000;6.4;0.0;0;30;3.000;2.884;12.8;130;0;0;-8.7;0;0;0;0;0;98;0;0;1870;108.20;0;0;0;0;0;0;0;0;0;0;0;0;0;0;0;0;30;0;38.0;38.0;2;0;0.00;0.00;0.00;0.0;0.0
75.868;100;1038;38;39444;0.5;14.300;0.973;30;78;9;0;100;101;100;104;100;105;100;46;46;0;1.836;1.836;0.000;0.000;14.700;1.000;6.4;0.0;0;30;3.000;2.880;12.8;-140;0;0;-8.7;0;0;0;0;0;98;0;0;1870;108.09;0;0;0;0;0;0;0;0;0;0;0;0;0;0;0;0;30;0;38.0;38.0;2;0;0.00;0.00;0.00;0.0;0.0
75.937;100;1053;38;40014;0.5;14.000;0.952;30;78;9;0;100;101;100;104;100;105;100;47;47;0;1.843;1.843;0.000;0.000;14.700;1.000;6.5;0.0;0;30;3.000;2.895;12.8;160;0;0;-8.7;0;0;0;0;0;98;0;0;1870;106.55;0;0;0;0;0;0;0;0;0;0;0;0;0;0;0;0;30;0;38.0;38.0;2;0;0.00;0.00;0.00;0.0;0.0
76.003;100;1028;38;39064;0.5;13.800;0.939;30;78;9;0;100;101;100;104;100;105;100;47;47;0;1.843;1.843;0.000;0.000;14.700;1.000;6.3;0.0;0;30;3.000;2.480;12.8;160;0;0;-8.7;0;0;0;0;0;98;0;0;1870;109.14;0;0;0;0;0;0;0;0;0;0;0;0;0;0;0;0;30;0;38.0;38.0;2;0;0.00;0.00;0.00;0.0;0.0
76.068;100;1034;38;39292;0.5;13.500;0.918;30;78;9;0;100;101;100;104;100;105;100;47;47;0;1.843;1.843;0.000;0.000;14.700;1.000;6.4;0.0;0;30;3.000;2.977;12.8;-210;0;0;-8.7;0;0;0;0;0;98;0;0;1870;108.51;0;0;0;0;0;0;0;0;0;0;0;0;0;0;0;0;30;0;38.0;38.0;2;0;0.00;0.00;0.00;0.0;0.0
76.134;100;1022;38;38836;0.5;13.800;0.939;30;78;9;0;100;101;100;104;100;105;100;46;46;0;1.836;1.836;0.000;0.000;14.700;1.000;6.3;0.0;0;30;3.000;2.787;12.8;-100;0;0;-8.7;0;0;0;0;0;98;0;0;1870;109.78;0;0;0;0;0;0;0;0;0;0;0;0;0;0;0;0;30;0;38.0;38.0;2;0;0.00;0.00;0.00;0.0;0.0
76.200;100;1016;38;38608;0.5;14.100;0.959;30;78;9;0;100;101;100;104;100;105;100;46;46;0;1.836;1.836;0.000;0.000;14.700;1.000;6.2;0.0;0;30;3.000;2.803;12.8;-100;0;0;-8.7;0;0;0;0;0;98;0;0;1870;110.43;0;0;0;0;0;0;0;0;0;0;0;0;0;0;0;0;30;0;38.0;38.0;2;0;0.00;0.00;0.00;0.0;0.0
76.273;100;996;39;38844;0.5;14.400;0.980;30;78;9;0;100;101;100;104;100;105;100;47;47;0;1.851;1.851;0.000;0.000;14.700;1.000;6.1;0.0;0;29;3.000;2.537;12.8;-130;0;0;-8.6;0;0;0;0;0;98;0;0;1870;112.65;0;0;0;0;0;0;0;0;0;0;0;0;0;0;0;0;29;0;39.0;39.0;2;0;0.00;0.00;0.00;0.0;0.0
76.339;100;979;39;38181;0.5;14.500;0.986;30;78;9;0;100;101;100;104;100;105;100;47;47;0;1.839;1.839;0.000;0.000;14.700;1.000;6.0;0.0;0;29;3.000;2.595;12.9;-300;0;0;-8.6;0;0;0;0;0;98;0;0;1870;114.61;0;0;0;0;0;0;0;0;0;0;0;0;0;0;0;0;29;0;39.0;39.0;2;0;0.00;0.00;0.00;0.0;0.0
76.404;100;985;40;39400;0.5;14.600;0.993;30;78;9;0;100;101;100;104;100;105;100;47;47;0;1.847;1.847;0.000;0.000;14.700;1.000;6.1;0.0;0;29;3.000;2.892;12.9;-300;0;0;-8.4;0;0;0;0;0;98;0;0;1870;113.91;0;0;0;0;0;0;0;0;0;0;0;0;0;0;0;0;29;0;40.0;40.0;2;0;0.00;0.00;0.00;0.0;0.0
76.470;100;976;40;39040;0.5;14.700;1.000;30;78;9;0;100;101;100;104;100;105;100;47;47;0;1.847;1.847;0.000;0.000;14.700;1.000;6.0;0.0;0;29;3.000;2.781;12.9;60;0;0;-8.4;0;0;0;0;0;98;0;0;1870;114.96;0;0;0;0;0;0;0;0;0;0;0;0;0;0;0;0;29;0;40.0;40.0;2;0;0.00;0.00;0.00;0.0;0.0
76.536;101;976;40;39040;0.5;14.500;0.986;30;78;9;0;100;101;100;104;100;105;100;47;47;0;1.919;1.919;0.000;0.000;14.700;1.000;6.2;0.0;0;29;3.000;2.874;12.3;-90;0;0;-8.4;0;0;0;0;0;98;0;0;1866;114.71;0;0;0;0;0;0;0;0;0;0;0;0;0;0;0;0;29;0;40.0;40.0;2;0;0.00;0.00;0.00;0.0;0.0
76.601;101;955;40;38200;0.5;14.700;1.000;30;78;9;0;100;101;100;104;100;105;100;47;47;0;1.919;1.919;0.000;0.000;14.700;1.000;6.1;0.0;0;28;3.000;2.324;12.3;-90;0;0;-8.4;0;0;0;0;0;98;0;0;1866;117.24;0;0;0;0;0;0;0;0;0;0;0;0;0;0;0;0;28;0;40.0;40.0;2;0;0.00;0.00;0.00;0.0;0.0
76.667;101;945;41;38745;0.5;16.600;1.129;30;78;9;0;100;101;100;104;100;105;100;47;47;0;1.928;1.928;0.000;0.000;14.700;1.000;6.1;0.0;0;28;3.000;2.749;12.3;-280;0;0;-8.3;0;0;0;0;0;98;0;0;1866;118.48;0;0;0;0;0;0;0;0;0;0;0;0;0;0;0;0;28;0;41.0;41.0;2;0;0.00;0.00;0.00;0.0;0.0
76.736;101;948;41;38868;0.5;18.100;1.231;30;78;9;0;100;101;100;104;100;105;100;47;47;0;1.928;1.928;0.000;0.000;14.700;1.000;6.1;0.0;0;28;3.000;3.094;12.3;-280;0;0;-8.3;0;0;0;0;0;98;0;0;1866;118.10;0;0;0;0;0;0;0;0;0;0;0;0;0;0;0;0;28;0;41.0;41.0;2;0;0.00;0.00;0.00;0.0;0.0
76.736;101;969;41;39729;0.5;17.900;1.218;30;78;9;0;100;101;100;104;100;105;100;48;48;0;1.935;1.935;0.000;0.000;14.700;1.000;6.3;0.0;0;29;3.000;3.304;12.3;0;0;0;-8.3;0;0;0;0;0;98;0;0;1866;115.54;0;0;0;0;0;0;0;0;0;0;0;0;0;0;0;0;29;0;41.0;41.0;2;0;0.00;0.00;0.00;0.0;0.0
76.871;101;985;41;40385;0.5;19.100;1.299;30;78;9;0;100;101;100;104;100;105;100;48;48;0;1.935;1.935;0.000;0.000;14.700;1.000;6.4;0.0;0;29;3.000;3.193;12.3;240;0;0;-8.3;0;0;0;0;0;98;0;0;1866;113.66;0;0;0;0;0;0;0;0;0;0;0;0;0;0;0;0;29;0;41.0;41.0;2;0;0.00;0.00;0.00;0.0;0.0
76.937;101;989;40;39560;0.5;19.600;1.333;30;78;9;0;100;101;100;104;100;105;100;47;47;0;1.919;1.919;0.000;0.000;14.700;1.000;6.3;0.0;0;29;3.000;2.963;12.3;240;0;0;-8.4;0;0;0;0;0;98;0;0;1866;113.21;0;0;0;0;0;0;0;0;0;0;0;0;0;0;0;0;29;0;40.0;40.0;2;0;0.00;0.00;0.00;0.0;0.0
77.003;101;985;37;36445;0.5;19.700;1.340;30;78;9;0;100;101;100;104;100;105;100;45;45;0;1.873;1.873;0.000;0.000;14.700;1.000;6.1;0.0;0;29;3.000;2.954;12.3;170;0;0;-8.8;0;0;0;0;0;98;0;0;1866;113.66;0;0;0;0;0;0;0;0;0;0;0;0;0;0;0;0;29;0;37.0;37.0;2;0;0.00;0.00;0.00;0.0;0.0
77.072;101;995;40;39800;0.5;19.700;1.340;30;78;9;0;100;101;100;104;100;105;100;47;47;0;1.883;1.883;0.000;0.000;14.700;1.000;6.2;0.0;0;29;3.000;3.061;12.6;40;0;0;-8.4;0;0;0;0;0;98;0;0;1866;112.52;0;0;0;0;0;0;0;0;0;0;0;0;0;0;0;0;29;0;40.0;40.0;2;0;0.00;0.00;0.00;0.0;0.0
77.138;101;1012;40;40480;0.5;19.700;1.340;30;78;9;0;100;101;100;104;100;105;100;48;48;0;1.891;1.891;0.000;0.000;14.700;1.000;6.4;0.0;0;30;3.000;3.061;12.6;40;0;0;-8.4;0;0;0;0;0;98;0;0;1866;110.63;0;0;0;0;0;0;0;0;0;0;0;0;0;0;0;0;30;0;40.0;40.0;2;0;0.00;0.00;0.00;0.0;0.0
77.203;101;1002;39;39078;0.5;19.700;1.340;30;78;9;0;100;101;100;104;100;105;100;47;47;0;1.875;1.875;0.000;0.000;14.700;1.000;6.3;0.0;0;30;3.000;2.550;12.6;190;0;0;-8.6;0;0;0;0;0;98;0;0;1866;111.74;0;0;0;0;0;0;0;0;0;0;0;0;0;0;0;0;30;0;39.0;39.0;2;0;0.00;0.00;0.00;0.0;0.0
77.269;101;1002;39;39078;0.5;19.700;1.340;30;78;9;0;100;101;100;104;100;105;100;47;47;0;1.875;1.875;0.000;0.000;14.700;1.000;6.3;0.0;0;30;3.000;2.883;12.6;-100;0;0;-8.6;0;0;0;0;0;98;0;0;1866;111.74;0;0;0;0;0;0;0;0;0;0;0;0;0;0;0;0;30;0;39.0;39.0;2;0;0.00;0.00;0.00;0.0;0.0
77.335;101;1006;39;39234;0.5;19.700;1.340;30;78;9;0;100;101;100;104;100;105;100;47;47;0;1.887;1.887;0.000;0.000;14.700;1.000;6.3;0.0;0;30;3.000;2.764;12.5;-100;0;0;-8.6;0;0;0;0;0;98;0;0;1866;111.29;0;0;0;0;0;0;0;0;0;0;0;0;0;0;0;0;30;0;39.0;39.0;2;0;0.00;0.00;0.00;0.0;0.0
77.400;101;1004;39;39156;0.5;18.200;1.238;30;78;9;0;100;101;100;104;100;105;100;47;47;0;1.887;1.887;0.000;0.000;14.700;1.000;6.3;0.0;0;30;3.000;2.823;12.5;40;0;0;-8.6;0;0;0;0;0;98;0;0;1866;111.51;0;0;0;0;0;0;0;0;0;0;0;0;0;0;0;0;30;0;39.0;39.0;2;0;0.00;0.00;0.00;0.0;0.0
77.469;101;995;39;38805;0.5;16.900;1.150;30;78;9;0;100;101;100;104;100;105;100;47;47;0;1.887;1.887;0.000;0.000;14.700;1.000;6.3;0.0;0;29;3.000;2.895;12.5;-120;0;0;-8.6;0;0;0;0;0;98;0;0;1866;112.52;0;0;0;0;0;0;0;0;0;0;0;0;0;0;0;0;29;0;39.0;39.0;2;0;0.00;0.00;0.00;0.0;0.0
77.539;101;1008;39;39312;0.5;16.700;1.136;30;78;9;0;100;101;100;104;100;105;100;47;47;0;1.887;1.887;0.000;0.000;14.700;1.000;6.3;0.0;0;30;3.000;3.017;12.5;-120;0;0;-8.6;0;0;0;0;0;98;0;0;1866;111.07;0;0;0;0;0;0;0;0;0;0;0;0;0;0;0;0;30;0;39.0;39.0;2;0;0.00;0.00;0.00;0.0;0.0
77.604;102;1009;39;39351;0.5;16.200;1.102;30;78;9;0;100;101;100;104;100;105;100;47;47;0;1.863;1.863;0.000;0.000;14.700;1.000;6.3;0.0;0;30;3.000;2.880;12.7;100;0;0;-8.6;0;0;0;0;0;98;0;0;1862;110.72;0;0;0;0;0;0;0;0;0;0;0;0;0;0;0;0;30;0;39.0;39.0;2;0;0.00;0.00;0.00;0.0;0.0
77.670;102;1014;39;39546;0.5;15.200;1.034;30;78;9;0;100;101;100;104;100;105;100;47;47;0;1.863;1.863;0.000;0.000;14.700;1.000;6.3;0.0;0;30;3.000;2.804;12.7;90;0;0;-8.6;0;0;0;0;0;98;0;0;1862;110.18;0;0;0;0;0;0;0;0;0;0;0;0;0;0;0;0;30;0;39.0;39.0;2;0;0.00;0.00;0.00;0.0;0.0
77.670;102;1035;39;40365;0.5;14.000;0.952;30;78;9;0;100;101;100;104;100;105;100;47;47;0;1.863;1.863;0.000;0.000;14.700;1.000;6.4;0.0;0;30;3.000;3.107;12.7;90;0;0;-8.6;0;0;0;0;0;98;0;0;1862;107.94;0;0;0;0;0;0;0;0;0;0;0;0;0;0;0;0;30;0;39.0;39.0;2;0;0.00;0.00;0.00;0.0;0.0
77.805;102;1036;38;39368;0.5;13.600;0.925;30;78;9;0;100;101;100;104;100;105;100;46;46;0;1.848;1.848;0.000;0.000;14.700;1.000;6.4;0.0;0;30;3.000;2.797;12.7;310;0;0;-8.7;0;0;0;0;0;98;0;0;1862;107.84;0;0;0;0;0;0;0;0;0;0;0;0;0;0;0;0;30;0;38.0;38.0;2;0;0.00;0.00;0.00;0.0;0.0
77.871;102;1054;38;40052;0.5;13.300;0.905;30;78;9;0;100;101;100;104;100;105;100;47;47;0;1.855;1.855;0.000;0.000;14.700;1.000;6.5;0.0;0;30;3.000;2.935;12.7;50;0;0;-8.7;0;0;0;0;0;98;0;0;1862;106.00;0;0;0;0;0;0;0;0;0;0;0;0;0;0;0;0;30;0;38.0;38.0;2;0;0.00;0.00;0.00;0.0;0.0
77.936;102;1049;38;39862;0.5;13.800;0.939;30;78;9;0;100;101;100;104;100;105;100;46;46;0;1.848;1.848;0.000;0.000;14.700;1.000;6.5;0.0;0;30;3.000;2.999;12.7;50;0;0;-8.7;0;0;0;0;0;98;0;0;1862;106.50;0;0;0;0;0;0;0;0;0;0;0;0;0;0;0;0;30;0;38.0;38.0;2;0;0.00;0.00;0.00;0.0;0.0
78.002;102;1047;38;39786;0.5;14.200;0.966;30;78;9;0;100;101;100;104;100;105;100;46;46;0;1.848;1.848;0.000;0.000;14.700;1.000;6.4;0.0;0;30;3.000;2.911;12.7;-10;0;0;-8.7;0;0;0;0;0;98;0;0;1862;106.70;0;0;0;0;0;0;0;0;0;0;0;0;0;0;0;0;30;0;38.0;38.0;2;0;0.00;0.00;0.00;0.0;0.0
78.071;102;1043;38;39634;0.5;13.800;0.939;30;78;9;0;100;101;100;104;100;105;100;47;47;0;1.891;1.891;0.000;0.000;14.700;1.000;6.6;0.0;0;30;3.000;2.884;12.4;-50;0;0;-8.7;0;0;0;0;0;98;0;0;1862;107.11;0;0;0;0;0;0;0;0;0;0;0;0;0;0;0;0;30;0;38.0;38.0;2;0;0.00;0.00;0.00;0.0;0.0
78.137;102;1042;38;39596;0.5;13.400;0.912;30;78;9;0;100;101;100;104;100;105;100;47;47;0;1.891;1.891;0.000;0.000;14.700;1.000;6.6;0.0;0;30;3.000;2.762;12.4;-50;0;0;-8.7;0;0;0;0;0;98;0;0;1862;107.22;0;0;0;0;0;0;0;0;0;0;0;0;0;0;0;0;30;0;38.0;38.0;2;0;0.00;0.00;0.00;0.0;0.0
78.203;102;1050;38;39900;0.5;13.300;0.905;30;78;9;0;100;101;100;104;100;105;100;47;47;0;1.891;1.891;0.000;0.000;14.700;1.000;6.6;0.0;0;30;3.000;2.928;12.4;70;0;0;-8.7;0;0;0;0;0;98;0;0;1862;106.40;0;0;0;0;0;0;0;0;0;0;0;0;0;0;0;0;30;0;38.0;38.0;2;0;0.00;0.00;0.00;0.0;0.0
78.272;102;1062;38;40356;0.5;12.800;0.871;30;78;9;0;100;101;100;104;100;105;100;47;47;0;1.891;1.891;0.000;0.000;14.700;1.000;6.7;0.0;0;30;3.000;3.089;12.4;120;0;0;-8.7;0;0;0;0;0;98;0;0;1862;105.20;0;0;0;0;0;0;0;0;0;0;0;0;0;0;0;0;30;0;38.0;38.0;2;0;0.00;0.00;0.00;0.0;0.0
78.338;102;1071;38;40698;0.5;13.200;0.898;30;78;9;0;100;101;100;104;100;105;100;47;47;0;1.879;1.879;0.000;0.000;14.700;1.000;6.7;0.0;0;30;3.000;2.869;12.5;120;0;0;-8.7;0;0;0;0;0;98;0;0;1862;104.31;0;0;0;0;0;0;0;0;0;0;0;0;0;0;0;0;30;0;38.0;38.0;2;0;0.00;0.00;0.00;0.0;0.0
78.404;102;1058;38;40204;0.5;13.600;0.925;30;78;9;0;100;101;100;104;100;105;100;47;47;0;1.879;1.879;0.000;0.000;14.700;1.000;6.6;0.0;0;30;3.000;2.989;12.5;-80;0;0;-8.7;0;0;0;0;0;98;0;0;1862;105.60;0;0;0;0;0;0;0;0;0;0;0;0;0;0;0;0;30;0;38.0;38.0;2;0;0.00;0.00;0.00;0.0;0.0
78.469;102;1054;37;38998;0.5;13.800;0.939;30;78;9;0;100;101;100;104;100;105;100;46;46;0;1.856;1.856;0.000;0.000;14.700;1.000;6.5;0.0;0;30;3.000;2.748;12.5;0;0;0;-8.8;0;0;0;0;0;98;0;0;1862;106.00;0;0;0;0;0;0;0;0;0;0;0;0;0;0;0;0;30;0;37.0;37.0;2;0;0.00;0.00;0.00;0.0;0.0
78.539;102;1066;38;40508;0.5;13.600;0.925;30;78;9;0;100;101;100;104;100;105;100;47;47;0;1.879;1.879;0.000;0.000;14.700;1.000;6.7;0.0;0;30;3.000;2.944;12.5;0;0;0;-8.7;0;0;0;0;0;98;0;0;1862;104.80;0;0;0;0;0;0;0;0;0;0;0;0;0;0;0;0;30;0;38.0;38.0;2;0;0.00;0.00;0.00;0.0;0.0
78.604;103;1061;37;39257;0.5;13.700;0.932;30;78;9;0;100;101;100;104;100;105;100;46;46;0;1.856;1.856;0.000;0.000;14.700;1.000;6.6;0.0;0;30;3.000;2.572;12.5;130;0;0;-8.8;0;0;0;0;0;98;0;0;1862;105.30;0;0;0;0;0;0;0;0;0;0;0;0;0;0;0;0;30;0;37.0;37.0;2;0;0.00;0.00;0.00;0.0;0.0
78.604;103;1053;37;38961;0.5;14.100;0.959;30;78;9;0;100;101;100;104;100;105;100;46;46;0;1.856;1.856;0.000;0.000;14.700;1.000;6.5;0.0;0;30;3.000;2.757;12.5;-140;0;0;-8.8;0;0;0;0;0;98;0;0;1862;106.10;0;0;0;0;0;0;0;0;0;0;0;0;0;0;0;0;30;0;37.0;37.0;2;0;0.00;0.00;0.00;0.0;0.0
78.739;103;1058;37;39146;0.5;14.000;0.952;30;78;9;0;100;101;100;104;100;105;100;46;46;0;1.856;1.856;0.000;0.000;14.700;1.000;6.5;0.0;0;30;3.000;3.059;12.5;-140;0;0;-8.8;0;0;0;0;0;98;0;0;1862;105.60;0;0;0;0;0;0;0;0;0;0;0;0;0;0;0;0;30;0;37.0;37.0;2;0;0.00;0.00;0.00;0.0;0.0
78.805;103;1049;37;38813;0.5;13.700;0.932;30;78;9;0;100;101;100;104;100;105;100;46;46;0;1.856;1.856;0.000;0.000;14.700;1.000;6.5;0.0;0;30;3.000;2.858;12.5;20;0;0;-8.8;0;0;0;0;0;98;0;0;1862;106.50;0;0;0;0;0;0;0;0;0;0;0;0;0;0;0;0;30;0;37.0;37.0;2;0;0.00;0.00;0.00;0.0;0.0
78.870;103;1055;38;40090;0.5;13.600;0.925;30;78;9;0;100;101;100;104;100;105;100;47;47;0;1.867;1.867;0.000;0.000;14.700;1.000;6.6;0.0;0;30;3.000;2.855;12.6;20;0;0;-8.7;0;0;0;0;0;98;0;0;1862;105.90;0;0;0;0;0;0;0;0;0;0;0;0;0;0;0;0;30;0;38.0;38.0;2;0;0.00;0.00;0.00;0.0;0.0
78.870;103;1036;38;39368;0.5;13.000;0.884;30;78;9;0;100;101;100;104;100;105;100;46;46;0;1.860;1.860;0.000;0.000;14.700;1.000;6.4;0.0;0;30;3.000;2.533;12.6;0;0;0;-8.7;0;0;0;0;0;98;0;0;1862;107.84;0;0;0;0;0;0;0;0;0;0;0;0;0;0;0;0;30;0;38.0;38.0;2;0;0.00;0.00;0.00;0.0;0.0
79.001;103;1044;38;39672;0.5;13.300;0.905;30;78;9;0;100;101;100;104;100;105;100;46;46;0;1.860;1.860;0.000;0.000;14.700;1.000;6.5;0.0;0;30;3.000;3.007;12.6;-180;0;0;-8.7;0;0;0;0;0;98;0;0;1862;107.01;0;0;0;0;0;0;0;0;0;0;0;0;0;0;0;0;30;0;38.0;38.0;2;0;0.00;0.00;0.00;0.0;0.0
79.071;103;1037;38;39406;0.5;13.300;0.905;30;78;9;0;100;101;100;104;100;105;100;47;47;0;1.867;1.867;0.000;0.000;14.700;1.000;6.5;0.0;0;30;3.000;2.930;12.6;-180;0;0;-8.7;0;0;0;0;0;98;0;0;1862;107.73;0;0;0;0;0;0;0;0;0;0;0;0;0;0;0;0;30;0;38.0;38.0;2;0;0.00;0.00;0.00;0.0;0.0
79.136;103;1043;38;39634;0.5;13.800;0.939;30;78;9;0;100;101;100;104;100;105;100;47;47;0;1.855;1.855;0.000;0.000;14.700;1.000;6.4;0.0;0;30;3.000;2.958;12.7;0;0;0;-8.7;0;0;0;0;0;98;0;0;1862;107.11;0;0;0;0;0;0;0;0;0;0;0;0;0;0;0;0;30;0;38.0;38.0;2;0;0.00;0.00;0.00;0.0;0.0
79.202;103;1036;38;39368;0.5;14.300;0.973;30;78;9;0;100;101;100;104;100;105;100;46;46;0;1.848;1.848;0.000;0.000;14.700;1.000;6.4;0.0;0;30;3.000;2.850;12.7;-10;0;0;-8.7;0;0;0;0;0;98;0;0;1862;107.84;0;0;0;0;0;0;0;0;0;0;0;0;0;0;0;0;30;0;38.0;38.0;2;0;0.00;0.00;0.00;0.0;0.0
79.271;103;1013;38;38494;0.5;14.000;0.952;30;78;9;0;100;101;100;104;100;105;100;46;46;0;1.848;1.848;0.000;0.000;14.700;1.000;6.2;0.0;0;30;3.000;2.849;12.7;-10;0;0;-8.7;0;0;0;0;0;98;0;0;1862;110.29;0;0;0;0;0;0;0;0;0;0;0;0;0;0;0;0;30;0;38.0;38.0;2;0;0.00;0.00;0.00;0.0;0.0
79.337;103;1013;39;39507;0.5;13.600;0.925;30;78;9;0;100;101;100;104;100;105;100;47;47;0;1.851;1.851;0.000;0.000;14.700;1.000;6.3;0.0;0;30;3.000;2.927;12.8;-230;0;0;-8.6;0;0;0;0;0;98;0;0;1862;110.29;0;0;0;0;0;0;0;0;0;0;0;0;0;0;0;0;30;0;39.0;39.0;2;0;0.00;0.00;0.00;0.0;0.0
79.402;103;1023;38;38874;0.5;13.500;0.918;30;78;9;0;100;101;100;104;100;105;100;47;47;0;1.843;1.843;0.000;0.000;14.700;1.000;6.3;0.0;0;30;3.000;2.842;12.8;80;0;0;-8.7;0;0;0;0;0;98;0;0;1862;109.21;0;0;0;0;0;0;0;0;0;0;0;0;0;0;0;0;30;0;38.0;38.0;2;0;0.00;0.00;0.00;0.0;0.0
79.468;103;1035;38;39330;0.5;14.100;0.959;30;78;9;0;100;101;100;104;100;105;100;46;46;0;1.836;1.836;0.000;0.000;14.700;1.000;6.3;0.0;0;30;3.000;2.983;12.8;80;0;0;-8.7;0;0;0;0;0;98;0;0;1862;107.94;0;0;0;0;0;0;0;0;0;0;0;0;0;0;0;0;30;0;38.0;38.0;2;0;0.00;0.00;0.00;0.0;0.0
79.537;103;1014;38;38532;0.5;14.100;0.959;30;78;9;0;100;101;100;104;100;105;100;46;46;0;1.836;1.836;0.000;0.000;14.700;1.000;6.2;0.0;0;30;3.000;2.591;12.8;140;0;0;-8.7;0;0;0;0;0;98;0;0;1862;110.18;0;0;0;0;0;0;0;0;0;0;0;0;0;0;0;0;30;0;38.0;38.0;2;0;0.00;0.00;0.00;0.0;0.0
79.603;104;1013;39;39507;0.5;14.300;0.973;30;78;9;0;100;101;100;104;100;105;100;47;47;0;1.887;1.887;0.000;0.000;14.700;1.000;6.4;0.0;0;30;3.000;2.820;12.5;-230;0;0;-8.6;0;0;0;0;0;98;0;0;1864;110.40;0;0;0;0;0;0;0;0;0;0;0;0;0;0;0;0;30;0;39.0;39.0;2;0;0.00;0.00;0.00;0.0;0.0
79.669;104;1011;39;39429;0.5;15.100;1.027;30;78;9;0;100;101;100;104;100;105;100;47;47;0;1.887;1.887;0.000;0.000;14.700;1.000;6.4;0.0;0;30;3.000;2.872;12.5;-230;0;0;-8.6;0;0;0;0;0;98;0;0;1864;110.62;0;0;0;0;0;0;0;0;0;0;0;0;0;0;0;0;30;0;39.0;39.0;2;0;0.00;0.00;0.00;0.0;0.0
79.669;104;1009;39;39351;0.5;15.000;1.020;30;78;9;0;100;101;100;104;100;105;100;47;47;0;1.887;1.887;0.000;0.000;14.700;1.000;6.3;0.0;0;30;3.000;2.833;12.5;30;0;0;-8.6;0;0;0;0;0;98;0;0;1864;110.84;0;0;0;0;0;0;0;0;0;0;0;0;0;0;0;0;30;0;39.0;39.0;2;0;0.00;0.00;0.00;0.0;0.0
79.804;104;1022;39;39858;0.5;14.900;1.014;30;78;9;0;100;101;100;104;100;105;100;47;47;0;1.887;1.887;0.000;0.000;14.700;1.000;6.4;0.0;0;30;3.000;2.799;12.5;60;0;0;-8.6;0;0;0;0;0;98;0;0;1864;109.43;0;0;0;0;0;0;0;0;0;0;0;0;0;0;0;0;30;0;39.0;39.0;2;0;0.00;0.00;0.00;0.0;0.0
79.869;104;1014;39;39546;0.5;14.800;1.007;30;78;9;0;100;101;100;104;100;105;100;47;47;0;1.863;1.863;0.000;0.000;14.700;1.000;6.3;0.0;0;30;3.000;2.723;12.7;60;0;0;-8.6;0;0;0;0;0;98;0;0;1864;110.30;0;0;0;0;0;0;0;0;0;0;0;0;0;0;0;0;30;0;39.0;39.0;2;0;0.00;0.00;0.00;0.0;0.0
79.935;104;1013;39;39507;0.5;14.600;0.993;30;78;9;0;100;101;100;104;100;105;100;47;47;0;1.863;1.863;0.000;0.000;14.700;1.000;6.3;0.0;0;30;3.000;2.707;12.7;-30;0;0;-8.6;0;0;0;0;0;98;0;0;1864;110.40;0;0;0;0;0;0;0;0;0;0;0;0;0;0;0;0;30;0;39.0;39.0;2;0;0.00;0.00;0.00;0.0;0.0
80.000;104;1020;39;39780;0.5;14.700;1.000;30;78;9;0;100;101;100;104;100;105;100;47;47;0;1.863;1.863;0.000;0.000;14.700;1.000;6.3;0.0;0;30;3.000;2.706;12.7;-120;0;0;-8.6;0;0;0;0;0;98;0;0;1864;109.65;0;0;0;0;0;0;0;0;0;0;0;0;0;0;0;0;30;0;39.0;39.0;2;0;0.00;0.00;0.00;0.0;0.0
80.070;104;1031;39;40209;0.5;15.200;1.034;30;78;9;0;100;101;100;104;100;105;100;47;47;0;1.863;1.863;0.000;0.000;14.700;1.000;6.4;0.0;0;30;3.000;3.055;12.7;-120;0;0;-8.6;0;0;0;0;0;98;0;0;1864;108.48;0;0;0;0;0;0;0;0;0;0;0;0;0;0;0;0;30;0;39.0;39.0;2;0;0.00;0.00;0.00;0.0;0.0
80.070;104;1022;39;39858;0.5;16.700;1.136;30;78;9;0;100;101;100;104;100;105;100;47;47;0;1.851;1.851;0.000;0.000;14.700;1.000;6.3;0.0;0;30;3.000;2.792;12.8;150;0;0;-8.6;0;0;0;0;0;98;0;0;1864;109.43;0;0;0;0;0;0;0;0;0;0;0;0;0;0;0;0;30;0;39.0;39.0;2;0;0.00;0.00;0.00;0.0;0.0
80.205;104;1029;38;39102;0.5;16.600;1.129;30;78;9;0;100;101;100;104;100;105;100;47;47;0;1.843;1.843;0.000;0.000;14.700;1.000;6.3;0.0;0;30;3.000;2.742;12.8;80;0;0;-8.7;0;0;0;0;0;98;0;0;1864;108.69;0;0;0;0;0;0;0;0;0;0;0;0;0;0;0;0;30;0;38.0;38.0;2;0;0.00;0.00;0.00;0.0;0.0
80.271;104;1035;39;40365;0.5;17.000;1.156;30;78;9;0;100;101;100;104;100;105;100;47;47;0;1.851;1.851;0.000;0.000;14.700;1.000;6.4;0.0;0;30;3.000;3.089;12.8;80;0;0;-8.6;0;0;0;0;0;98;0;0;1864;108.06;0;0;0;0;0;0;0;0;0;0;0;0;0;0;0;0;30;0;39.0;39.0;2;0;0.00;0.00;0.00;0.0;0.0
80.337;104;1028;38;39064;0.5;15.500;1.054;30;78;9;0;100;101;100;104;100;105;100;47;47;0;1.843;1.843;0.000;0.000;14.700;1.000;6.3;0.0;0;30;3.000;2.556;12.8;140;0;0;-8.7;0;0;0;0;0;98;0;0;1864;108.79;0;0;0;0;0;0;0;0;0;0;0;0;0;0;0;0;30;0;38.0;38.0;2;0;0.00;0.00;0.00;0.0;0.0
80.402;104;1020;38;38760;0.5;15.400;1.048;30;78;9;0;100;101;100;104;100;105;100;47;47;0;1.867;1.867;0.000;0.000;14.700;1.000;6.3;0.0;0;30;3.000;2.762;12.6;-230;0;0;-8.7;0;0;0;0;0;98;0;0;1864;109.65;0;0;0;0;0;0;0;0;0;0;0;0;0;0;0;0;30;0;38.0;38.0;2;0;0.00;0.00;0.00;0.0;0.0
80.467;104;1025;39;39975;0.5;16.000;1.088;30;78;9;0;100;101;100;104;100;105;100;47;47;0;1.875;1.875;0.000;0.000;14.700;1.000;6.4;0.0;0;30;3.000;2.660;12.6;-230;0;0;-8.6;0;0;0;0;0;98;0;0;1864;109.11;0;0;0;0;0;0;0;0;0;0;0;0;0;0;0;0;30;0;39.0;39.0;2;0;0.00;0.00;0.00;0.0;0.0
80.533;104;1025;39;39975;0.5;15.300;1.041;30;78;9;0;100;101;100;104;100;105;100;47;47;0;1.875;1.875;0.000;0.000;14.700;1.000;6.4;0.0;0;30;3.000;2.680;12.6;70;0;0;-8.6;0;0;0;0;0;98;0;0;1864;109.11;0;0;0;0;0;0;0;0;0;0;0;0;0;0;0;0;30;0;39.0;39.0;2;0;0.00;0.00;0.00;0.0;0.0
80.602;105;1017;39;39663;0.5;15.000;1.020;30;79;9;0;100;101;100;103;100;104;100;47;47;0;1.848;1.848;0.000;0.000;14.700;1.000;6.3;0.0;0;30;3.000;2.949;12.8;-100;0;0;-8.6;0;0;0;0;0;98;0;0;1865;110.03;0;0;0;0;0;0;0;0;0;0;0;0;0;0;0;0;30;0;39.0;39.0;2;0;0.00;0.00;0.00;0.0;0.0
80.668;105;1021;39;39819;0.5;15.100;1.027;30;79;9;0;100;101;100;103;100;104;100;47;47;0;1.848;1.848;0.000;0.000;14.700;1.000;6.3;0.0;0;30;3.000;2.819;12.8;-100;0;0;-8.6;0;0;0;0;0;98;0;0;1865;109.60;0;0;0;0;0;0;0;0;0;0;0;0;0;0;0;0;30;0;39.0;39.0;2;0;0.00;0.00;0.00;0.0;0.0
80.733;105;1010;39;39390;0.5;14.900;1.014;30;79;9;0;100;101;100;103;100;104;100;47;47;0;1.848;1.848;0.000;0.000;14.700;1.000;6.2;0.0;0;30;3.000;2.874;12.8;-50;0;0;-8.6;0;0;0;0;0;98;0;0;1865;110.79;0;0;0;0;0;0;0;0;0;0;0;0;0;0;0;0;30;0;39.0;39.0;2;0;0.00;0.00;0.00;0.0;0.0
80.803;105;997;39;38883;0.5;14.700;1.000;30;79;9;0;100;101;100;103;100;104;100;47;47;0;1.848;1.848;0.000;0.000;14.700;1.000;6.1;0.0;0;30;3.000;2.643;12.8;-150;0;0;-8.6;0;0;0;0;0;98;0;0;1865;112.24;0;0;0;0;0;0;0;0;0;0;0;0;0;0;0;0;30;0;39.0;39.0;2;0;0.00;0.00;0.00;0.0;0.0
80.869;105;984;39;38376;0.5;14.600;0.993;30;79;9;0;100;101;100;103;100;104;100;47;47;0;1.848;1.848;0.000;0.000;14.700;1.000;6.1;0.0;0;29;3.000;2.712;12.8;-150;0;0;-8.6;0;0;0;0;0;98;0;0;1865;113.72;0;0;0;0;0;0;0;0;0;0;0;0;0;0;0;0;29;0;39.0;39.0;2;0;0.00;0.00;0.00;0.0;0.0
80.938;105;974;39;37986;0.5;14.700;1.000;30;79;9;0;100;101;100;103;100;104;100;47;47;0;1.848;1.848;0.000;0.000;14.700;1.000;6.0;0.0;0;29;3.000;2.493;12.8;-90;0;0;-8.6;0;0;0;0;0;98;0;0;1865;114.89;0;0;0;0;0;0;0;0;0;0;0;0;0;0;0;0;29;0;39.0;39.0;2;0;0.00;0.00;0.00;0.0;0.0
81.004;105;959;40;38360;0.5;16.300;1.109;30;79;9;0;100;101;100;103;100;104;100;47;47;0;1.856;1.856;0.000;0.000;14.700;1.000;5.9;0.0;0;29;3.000;2.655;12.8;-90;0;0;-8.4;0;0;0;0;0;98;0;0;1865;116.68;0;0;0;0;0;0;0;0;0;0;0;0;0;0;0;0;29;0;40.0;40.0;2;0;0.00;0.00;0.00;0.0;0.0
81.070;105;947;41;38827;0.5;17.500;1.190;30;79;9;0;100;101;100;103;100;104;100;47;47;0;1.864;1.864;0.000;0.000;14.700;1.000;5.9;0.0;0;28;3.000;2.694;12.8;-290;0;0;-8.3;0;0;0;0;0;98;0;0;1865;118.16;0;0;0;0;0;0;0;0;0;0;0;0;0;0;0;0;28;0;41.0;41.0;2;0;0.00;0.00;0.00;0.0;0.0
81.135;105;958;41;39278;0.5;16.900;1.150;30;79;9;0;100;101;100;103;100;104;100;48;48;0;1.872;1.872;0.000;0.000;14.700;1.000;6.0;0.0;0;28;3.000;2.705;12.8;-10;0;0;-8.3;0;0;0;0;0;98;0;0;1865;116.81;0;0;0;0;0;0;0;0;0;0;0;0;0;0;0;0;28;0;41.0;41.0;2;0;0.00;0.00;0.00;0.0;0.0
81.201;105;944;41;38704;0.5;17.700;1.204;30;79;9;0;100;101;100;103;100;104;100;47;47;0;1.864;1.864;0.000;0.000;14.700;1.000;5.9;0.0;0;28;3.000;2.621;12.8;-10;0;0;-8.3;0;0;0;0;0;98;0;0;1865;118.54;0;0;0;0;0;0;0;0;0;0;0;0;0;0;0;0;28;0;41.0;41.0;2;0;0.00;0.00;0.00;0.0;0.0
81.270;105;936;41;38376;0.5;18.400;1.252;30;79;9;0;100;101;100;103;100;104;100;47;47;0;1.864;1.864;0.000;0.000;14.700;1.000;5.8;0.0;0;28;3.000;2.828;12.8;-140;0;0;-8.3;0;0;0;0;0;98;0;0;1865;119.55;0;0;0;0;0;0;0;0;0;0;0;0;0;0;0;0;28;0;41.0;41.0;2;0;0.00;0.00;0.00;0.0;0.0
81.336;105;937;41;38417;0.5;18.800;1.279;30;79;9;0;100;101;100;103;100;104;100;47;47;0;1.864;1.864;0.000;0.000;14.700;1.000;5.8;0.0;0;28;3.000;2.543;12.8;-210;0;0;-8.3;0;0;0;0;0;98;0;0;1865;119.42;0;0;0;0;0;0;0;0;0;0;0;0;0;0;0;0;28;0;41.0;41.0;2;0;0.00;0.00;0.00;0.0;0.0
81.336;105;951;41;38991;0.5;18.600;1.265;30;79;9;0;100;101;100;103;100;104;100;48;48;0;1.872;1.872;0.000;0.000;14.700;1.000;5.9;0.0;0;28;3.000;3.077;12.8;-210;0;0;-8.3;0;0;0;0;0;98;0;0;1865;117.67;0;0;0;0;0;0;0;0;0;0;0;0;0;0;0;0;28;0;41.0;41.0;2;0;0.00;0.00;0.00;0.0;0.0
81.471;105;935;41;38335;0.5;18.900;1.286;30;79;9;0;100;101;100;103;100;104;100;47;47;0;1.864;1.864;0.000;0.000;14.700;1.000;5.8;0.0;0;28;3.000;2.742;12.8;280;0;0;-8.3;0;0;0;0;0;98;0;0;1865;119.68;0;0;0;0;0;0;0;0;0;0;0;0;0;0;0;0;28;0;41.0;41.0;2;0;0.00;0.00;0.00;0.0;0.0
81.536;105;941;41;38581;0.5;19.500;1.327;30;79;9;0;100;101;100;103;100;104;100;47;47;0;1.864;1.864;0.000;0.000;14.700;1.000;5.8;0.0;0;28;3.000;3.074;12.8;-170;0;0;-8.3;0;0;0;0;0;98;0;0;1865;118.92;0;0;0;0;0;0;0;0;0;0;0;0;0;0;0;0;28;0;41.0;41.0;2;0;0.00;0.00;0.00;0.0;0.0
81.602;105;946;41;38786;0.5;19.700;1.340;30;79;9;0;100;101;100;103;100;104;100;47;47;0;1.864;1.864;0.000;0.000;14.700;1.000;5.9;0.0;0;28;3.000;3.054;12.8;-170;0;0;-8.3;0;0;0;0;0;98;0;0;1865;118.29;0;0;0;0;0;0;0;0;0;0;0;0;0;0;0;0;28;0;41.0;41.0;2;0;0.00;0.00;0.00;0.0;0.0
81.672;106;934;42;39228;0.5;19.700;1.340;30;79;9;0;100;101;100;103;100;104;100;48;48;0;1.876;1.876;0.000;0.000;14.700;1.000;5.8;0.0;0;28;3.000;2.720;12.9;60;0;0;-8.1;0;0;0;0;0;98;0;0;1862;119.61;0;0;0;0;0;0;0;0;0;0;0;0;0;0;0;0;28;0;42.0;42.0;2;0;0.00;0.00;0.00;0.0;0.0
81.672;106;906;42;38052;0.5;19.700;1.340;30;79;9;0;100;101;100;103;100;104;100;48;48;0;1.876;1.876;0.000;0.000;14.700;1.000;5.7;0.0;0;27;3.000;2.534;12.9;-340;0;0;-8.1;0;0;0;0;0;98;0;0;1862;123.31;0;0;0;0;0;0;0;0;0;0;0;0;0;0;0;0;27;0;42.0;42.0;2;0;0.00;0.00;0.00;0.0;0.0
81.803;106;894;42;37548;0.5;19.700;1.340;30;79;9;0;100;101;100;103;100;104;100;47;47;0;1.868;1.868;0.000;0.000;14.700;1.000;5.6;0.0;0;27;3.000;2.724;12.9;-340;0;0;-8.1;0;0;0;0;0;98;0;0;1862;124.97;0;0;0;0;0;0;0;0;0;0;0;0;0;0;0;0;27;0;42.0;42.0;2;0;0.00;0.00;0.00;0.0;0.0
81.803;106;879;43;37797;0.5;19.700;1.340;30;79;9;0;100;101;100;103;100;104;100;48;48;0;1.885;1.885;0.000;0.000;14.700;1.000;5.5;0.0;0;27;3.000;2.811;12.9;-240;0;0;-8.0;0;0;0;0;0;98;0;0;1862;127.10;0;0;0;0;0;0;0;0;0;0;0;0;0;0;0;0;27;0;43.0;43.0;2;0;0.00;0.00;0.00;0.0;0.0
81.934;106;870;44;38280;0.5;19.700;1.340;30;79;9;0;100;101;100;103;100;104;100;48;48;0;1.893;1.893;0.000;0.000;14.700;1.000;5.5;0.0;0;26;3.000;2.511;12.9;-120;0;0;-7.8;0;0;0;0;0;98;0;0;1862;128.41;0;0;0;0;0;0;0;0;0;0;0;0;0;0;0;0;26;0;44.0;44.0;2;0;0.00;0.00;0.00;0.0;0.0
81.934;106;859;44;37796;0.5;19.700;1.340;30;79;9;0;100;101;100;103;100;104;100;48;48;0;1.893;1.893;0.000;0.000;14.700;1.000;5.4;0.0;0;26;3.000;2.692;12.9;-120;0;0;-7.8;0;0;0;0;0;98;0;0;1862;130.06;0;0;0;0;0;0;0;0;0;0;0;0;0;0;0;0;26;0;44.0;44.0;2;0;0.00;0.00;0.00;0.0;0.0
82.069;106;844;45;37980;0.5;19.700;1.340;30;79;9;0;100;101;100;103;100;104;100;48;48;0;1.910;1.910;0.000;0.000;14.700;1.000;5.4;0.0;0;26;3.000;2.725;12.9;-250;0;0;-7.7;0;0;0;0;0;98;0;0;1862;132.37;0;0;0;0;0;0;0;0;0;0;0;0;0;0;0;0;26;0;45.0;45.0;2;0;0.00;0.00;0.00;0.0;0.0
82.138;106;818;46;37628;0.5;19.700;1.340;30;79;9;0;100;101;100;103;100;104;100;48;48;0;1.942;1.942;0.000;0.000;14.700;1.000;5.3;0.0;0;25;3.000;1.940;12.7;-220;0;0;-7.5;0;0;0;0;0;98;0;0;1862;136.58;0;0;0;0;0;0;0;0;0;0;0;0;0;0;0;0;25;0;46.0;46.0;2;0;0.00;0.00;0.00;0.0;0.0
82.204;106;828;47;38916;0.5;19.700;1.340;30;79;9;0;100;101;100;103;100;104;100;49;49;0;1.966;1.966;0.000;0.000;14.600;0.993;5.4;0.0;0;25;3.000;3.214;12.7;-220;0;0;-7.4;0;0;0;0;0;98;0;0;1862;134.93;0;0;0;0;0;0;0;0;0;0;0;0;0;0;0;0;25;0;47.0;47.0;2;0;0.00;0.00;0.00;0.0;0.0
82.269;106;815;47;38305;0.5;19.700;1.340;30;79;9;0;100;101;100;103;100;104;100;49;49;0;1.966;1.966;0.000;0.000;14.600;0.993;5.3;0.0;0;25;3.000;2.422;12.7;50;0;0;-7.4;0;0;0;0;0;98;0;0;1862;137.08;0;0;0;0;0;0;0;0;0;0;0;0;0;0;0;0;25;0;47.0;47.0;2;0;0.00;0.00;0.00;0.0;0.0
82.335;106;787;48;37776;0.5;19.700;1.340;30;79;9;0;100;101;100;103;100;104;100;50;50;0;1.984;1.984;0.000;0.000;14.600;0.993;5.2;0.0;0;24;3.000;1.911;12.7;-410;0;0;-7.3;0;0;0;0;0;98;0;0;1862;141.96;0;0;0;0;0;0;0;0;0;0;0;0;0;0;0;0;24;0;48.0;48.0;2;0;0.00;0.00;0.00;0.0;0.0
82.405;106;789;48;37872;0.5;19.700;1.340;30;79;9;0;100;101;100;103;100;104;100;50;50;0;1.972;1.972;0.000;0.000;14.600;0.993;5.2;0.0;0;25;3.000;2.826;12.8;-410;0;0;-7.3;0;0;0;0;0;98;0;0;1862;141.60;0;0;0;0;0;0;0;0;0;0;0;0;0;0;0;0;25;0;48.0;48.0;2;0;0.00;0.00;0.00;0.0;0.0
82.470;106;823;48;39504;0.5;19.700;1.340;30;79;9;0;100;101;100;103;100;104;100;51;51;0;1.979;1.979;0.000;0.000;14.600;0.993;5.4;0.0;0;26;3.000;3.612;12.8;240;0;0;-7.3;0;0;0;0;0;98;0;0;1862;135.75;0;0;0;0;0;0;0;0;0;0;0;0;0;0;0;0;26;0;48.0;48.0;2;0;0.00;0.00;0.00;0.0;0.0
82.470;106;832;47;39104;0.5;19.600;1.333;30;79;9;0;100;101;100;103;100;104;100;49;49;0;1.954;1.954;0.000;0.000;14.600;0.993;5.4;0.0;0;25;3.000;3.264;12.8;230;0;0;-7.4;0;0;0;0;0;98;0;0;1862;134.28;0;0;0;0;0;0;0;0;0;0;0;0;0;0;0;0;25;0;47.0;47.0;2;0;0.00;0.00;0.00;0.0;0.0
82.605;106;845;47;39715;0.5;19.700;1.340;30;79;9;0;100;101;100;103;100;104;100;50;50;0;1.962;1.962;0.000;0.000;14.600;0.993;5.5;0.0;0;26;3.000;3.302;12.8;230;0;0;-7.4;0;0;0;0;0;98;0;0;1862;132.21;0;0;0;0;0;0;0;0;0;0;0;0;0;0;0;0;26;0;47.0;47.0;2;0;0.00;0.00;0.00;0.0;0.0
82.671;107;859;47;40373;0.5;19.700;1.340;30;79;9;0;100;101;100;103;100;104;100;50;50;0;1.962;1.962;0.000;0.000;14.600;0.993;5.6;0.0;0;26;3.000;3.066;12.8;170;0;0;-7.4;0;0;0;0;0;98;0;0;1869;130.55;0;0;0;0;0;0;0;0;0;0;0;0;0;0;0;0;26;0;47.0;47.0;2;0;0.00;0.00;0.00;0.0;0.0
82.736;107;849;46;39054;0.5;19.700;1.340;30;79;9;0;100;101;100;103;100;104;100;49;49;0;1.946;1.946;0.000;0.000;14.700;1.000;5.5;0.0;0;26;3.000;2.754;12.8;-20;0;0;-7.5;0;0;0;0;0;98;0;0;1869;132.08;0;0;0;0;0;0;0;0;0;0;0;0;0;0;0;0;26;0;46.0;46.0;2;0;0.00;0.00;0.00;0.0;0.0
82.802;107;854;46;39284;0.5;19.700;1.340;30;79;9;0;100;101;100;103;100;104;100;49;49;0;1.946;1.946;0.000;0.000;14.700;1.000;5.5;0.0;0;26;3.000;3.066;12.8;-20;0;0;-7.5;0;0;0;0;0;98;0;0;1869;131.31;0;0;0;0;0;0;0;0;0;0;0;0;0;0;0;0;26;0;46.0;46.0;2;0;0.00;0.00;0.00;0.0;0.0
82.871;107;852;46;39192;0.5;19.700;1.340;30;79;9;0;100;101;100;103;100;104;100;49;49;0;1.946;1.946;0.000;0.000;14.700;1.000;5.5;0.0;0;26;3.000;2.938;12.8;-10;0;0;-7.5;0;0;0;0;0;98;0;0;1869;131.62;0;0;0;0;0;0;0;0;0;0;0;0;0;0;0;0;26;0;46.0;46.0;2;0;0.00;0.00;0.00;0.0;0.0
82.937;107;874;45;39330;0.5;19.700;1.340;30;79;9;0;100;101;100;103;100;104;100;49;49;0;1.997;1.997;0.000;0.000;14.700;1.000;5.8;0.0;0;26;3.000;3.366;12.3;260;0;0;-7.7;0;0;0;0;0;98;0;0;1869;128.31;0;0;0;0;0;0;0;0;0;0;0;0;0;0;0;0;26;0;45.0;45.0;2;0;0.00;0.00;0.00;0.0;0.0
83.003;107;894;45;40230;0.5;19.700;1.340;30;79;9;0;100;101;100;103;100;104;100;49;49;0;1.997;1.997;0.000;0.000;14.700;1.000;6.0;0.0;0;27;3.000;2.940;12.3;260;0;0;-7.7;0;0;0;0;0;98;0;0;1869;125.44;0;0;0;0;0;0;0;0;0;0;0;0;0;0;0;0;27;0;45.0;45.0;2;0;0.00;0.00;0.00;0.0;0.0
83.068;107;921;44;40524;0.5;19.700;1.340;30;79;9;0;100;101;100;103;100;104;100;49;49;0;1.980;1.980;0.000;0.000;14.700;1.000;6.1;0.0;0;28;3.000;3.421;12.3;350;0;0;-7.8;0;0;0;0;0;98;0;0;1869;121.76;0;0;0;0;0;0;0;0;0;0;0;0;0;0;0;0;28;0;44.0;44.0;2;0;0.00;0.00;0.00;0.0;0.0
83.134;107;938;43;40334;0.5;19.700;1.340;30;79;9;0;100;101;100;103;100;104;100;48;48;0;1.957;1.957;0.000;0.000;14.700;1.000;6.1;0.0;0;28;3.000;3.363;12.3;350;0;0;-8.0;0;0;0;0;0;98;0;0;1869;119.55;0;0;0;0;0;0;0;0;0;0;0;0;0;0;0;0;28;0;43.0;43.0;2;0;0.00;0.00;0.00;0.0;0.0
83.203;107;964;42;40488;0.5;19.700;1.340;30;79;9;0;100;101;100;103;100;104;100;48;48;0;1.912;1.912;0.000;0.000;14.700;1.000;6.1;0.0;0;29;3.000;3.288;12.6;290;0;0;-8.1;0;0;0;0;0;98;0;0;1869;116.33;0;0;0;0;0;0;0;0;0;0;0;0;0;0;0;0;29;0;42.0;42.0;2;0;0.00;0.00;0.00;0.0;0.0
83.269;107;983;41;40303;0.5;19.700;1.340;30;79;9;0;100;101;100;103;100;104;100;48;48;0;1.896;1.896;0.000;0.000;14.700;1.000;6.2;0.0;0;29;3.000;3.316;12.6;270;0;0;-8.3;0;0;0;0;0;98;0;0;1869;114.08;0;0;0;0;0;0;0;0;0;0;0;0;0;0;0;0;29;0;41.0;41.0;2;0;0.00;0.00;0.00;0.0;0.0
83.334;107;992;40;39680;0.5;19.700;1.340;30;79;9;0;100;101;100;103;100;104;100;47;47;0;1.880;1.880;0.000;0.000;14.700;1.000;6.2;0.0;0;29;3.000;2.995;12.6;270;0;0;-8.4;0;0;0;0;0;98;0;0;1869;113.04;0;0;0;0;0;0;0;0;0;0;0;0;0;0;0;0;29;0;40.0;40.0;2;0;0.00;0.00;0.00;0.0;0.0
83.405;107;1008;40;40320;0.5;19.700;1.340;30;79;9;0;100;101;100;103;100;104;100;48;48;0;1.875;1.875;0.000;0.000;14.700;1.000;6.3;0.0;0;30;3.000;3.016;12.7;270;0;0;-8.4;0;0;0;0;0;98;0;0;1869;111.25;0;0;0;0;0;0;0;0;0;0;0;0;0;0;0;0;30;0;40.0;40.0;2;0;0.00;0.00;0.00;0.0;0.0
83.405;107;995;39;38805;0.5;19.700;1.340;30;79;9;0;100;101;100;103;100;104;100;47;47;0;1.860;1.860;0.000;0.000;14.700;1.000;6.2;0.0;0;29;3.000;2.310;12.7;200;0;0;-8.6;0;0;0;0;0;98;0;0;1869;112.70;0;0;0;0;0;0;0;0;0;0;0;0;0;0;0;0;29;0;39.0;39.0;2;0;0.00;0.00;0.00;0.0;0.0
83.535;107;994;40;39760;0.5;18.300;1.245;30;79;9;0;100;101;100;103;100;104;100;47;47;0;1.868;1.868;0.000;0.000;14.700;1.000;6.2;0.0;0;29;3.000;2.997;12.7;200;0;0;-8.4;0;0;0;0;0;98;0;0;1869;112.82;0;0;0;0;0;0;0;0;0;0;0;0;0;0;0;0;29;0;40.0;40.0;2;0;0.00;0.00;0.00;0.0;0.0
83.601;107;1005;39;39195;0.5;19.400;1.320;30;79;9;0;100;101;100;103;100;104;100;47;47;0;1.860;1.860;0.000;0.000;14.700;1.000;6.2;0.0;0;30;3.000;2.942;12.7;-110;0;0;-8.6;0;0;0;0;0;98;0;0;1869;111.58;0;0;0;0;0;0;0;0;0;0;0;0;0;0;0;0;30;0;39.0;39.0;2;0;0.00;0.00;0.00;0.0;0.0
83.670;108;1036;39;40404;0.5;19.700;1.340;30;79;9;0;100;101;100;103;100;104;100;47;47;0;1.836;1.836;0.000;0.000;14.700;1.000;6.3;0.0;0;30;3.000;3.143;12.9;310;0;0;-8.6;0;0;0;0;0;98;0;0;1869;108.24;0;0;0;0;0;0;0;0;0;0;0;0;0;0;0;0;30;0;39.0;39.0;2;0;0.00;0.00;0.00;0.0;0.0
83.736;108;1025;39;39975;0.5;17.800;1.211;30;79;9;0;100;101;100;103;100;104;100;47;47;0;1.836;1.836;0.000;0.000;14.700;1.000;6.3;0.0;0;30;3.000;2.717;12.9;310;0;0;-8.6;0;0;0;0;0;98;0;0;1869;109.40;0;0;0;0;0;0;0;0;0;0;0;0;0;0;0;0;30;0;39.0;39.0;2;0;0.00;0.00;0.00;0.0;0.0
83.805;108;1014;39;39546;0.5;16.400;1.116;30;79;9;0;100;101;100;103;100;104;100;47;47;0;1.836;1.836;0.000;0.000;14.700;1.000;6.2;0.0;0;30;3.000;2.658;12.9;-140;0;0;-8.6;0;0;0;0;0;98;0;0;1869;110.59;0;0;0;0;0;0;0;0;0;0;0;0;0;0;0;0;30;0;39.0;39.0;2;0;0.00;0.00;0.00;0.0;0.0
83.871;108;1024;39;39936;0.5;14.900;1.014;30;79;9;0;100;101;100;103;100;104;100;47;47;0;1.836;1.836;0.000;0.000;14.700;1.000;6.3;0.0;0;30;3.000;3.066;12.9;-10;0;0;-8.6;0;0;0;0;0;98;0;0;1869;109.51;0;0;0;0;0;0;0;0;0;0;0;0;0;0;0;0;30;0;39.0;39.0;2;0;0.00;0.00;0.00;0.0;0.0
83.936;108;1014;39;39546;0.5;14.100;0.959;30;79;9;0;100;101;100;103;100;104;100;47;47;0;1.836;1.836;0.000;0.000;14.700;1.000;6.2;0.0;0;30;3.000;2.512;12.9;-10;0;0;-8.6;0;0;0;0;0;98;0;0;1869;110.59;0;0;0;0;0;0;0;0;0;0;0;0;0;0;0;0;30;0;39.0;39.0;2;0;0.00;0.00;0.00;0.0;0.0
83.936;108;1015;39;39585;0.5;14.200;0.966;30;79;9;0;100;101;100;103;100;104;100;47;47;0;1.836;1.836;0.000;0.000;14.700;1.000;6.2;0.0;0;30;3.000;2.794;12.9;-30;0;0;-8.6;0;0;0;0;0;98;0;0;1869;110.48;0;0;0;0;0;0;0;0;0;0;0;0;0;0;0;0;30;0;39.0;39.0;2;0;0.00;0.00;0.00;0.0;0.0
84.071;108;1003;39;39117;0.5;14.100;0.959;30;79;9;0;100;101;100;103;100;104;100;47;47;0;1.836;1.836;0.000;0.000;14.700;1.000;6.1;0.0;0;30;3.000;2.586;12.9;-110;0;0;-8.6;0;0;0;0;0;98;0;0;1869;111.80;0;0;0;0;0;0;0;0;0;0;0;0;0;0;0;0;30;0;39.0;39.0;2;0;0.00;0.00;0.00;0.0;0.0
84.137;108;999;39;38961;0.5;14.500;0.986;30;79;9;0;100;101;100;103;100;104;100;47;47;0;1.836;1.836;0.000;0.000;14.700;1.000;6.1;0.0;0;29;3.000;2.718;12.9;-110;0;0;-8.6;0;0;0;0;0;98;0;0;1869;112.25;0;0;0;0;0;0;0;0;0;0;0;0;0;0;0;0;29;0;39.0;39.0;2;0;0.00;0.00;0.00;0.0;0.0
84.203;108;992;39;38688;0.5;14.800;1.007;30;79;9;0;100;101;100;103;100;104;100;47;47;0;1.836;1.836;0.000;0.000;14.700;1.000;6.1;0.0;0;29;3.000;2.733;12.9;-40;0;0;-8.6;0;0;0;0;0;98;0;0;1869;113.04;0;0;0;0;0;0;0;0;0;0;0;0;0;0;0;0;29;0;39.0;39.0;2;0;0.00;0.00;0.00;0.0;0.0
84.268;108;977;40;39080;0.5;14.500;0.986;30;79;9;0;100;101;100;103;100;104;100;47;47;0;1.844;1.844;0.000;0.000;14.700;1.000;6.0;0.0;0;29;3.000;2.751;12.9;-220;0;0;-8.4;0;0;0;0;0;98;0;0;1869;114.78;0;0;0;0;0;0;0;0;0;0;0;0;0;0;0;0;29;0;40.0;40.0;2;0;0.00;0.00;0.00;0.0;0.0
84.337;108;955;40;38200;0.5;14.500;0.986;30;79;9;0;100;101;100;103;100;104;100;47;47;0;1.844;1.844;0.000;0.000;14.700;1.000;5.9;0.0;0;28;3.000;2.467;12.9;-220;0;0;-8.4;0;0;0;0;0;98;0;0;1869;117.42;0;0;0;0;0;0;0;0;0;0;0;0;0;0;0;0;28;0;40.0;40.0;2;0;0.00;0.00;0.00;0.0;0.0
84.403;108;939;41;38499;0.5;14.400;0.980;30;79;9;0;100;101;100;103;100;104;100;47;47;0;1.852;1.852;0.000;0.000;14.700;1.000;5.8;0.0;0;28;3.000;2.625;12.9;-330;0;0;-8.3;0;0;0;0;0;98;0;0;1869;119.42;0;0;0;0;0;0;0;0;0;0;0;0;0;0;0;0;28;0;41.0;41.0;2;0;0.00;0.00;0.00;0.0;0.0
84.469;108;934;41;38294;0.5;15.500;1.054;30;79;9;0;100;101;100;103;100;104;100;47;47;0;1.888;1.888;0.000;0.000;14.700;1.000;5.9;0.0;0;28;3.000;2.823;12.6;-100;0;0;-8.3;0;0;0;0;0;98;0;0;1869;120.06;0;0;0;0;0;0;0;0;0;0;0;0;0;0;0;0;28;0;41.0;41.0;2;0;0.00;0.00;0.00;0.0;0.0
84.469;108;924;42;38808;0.5;17.300;1.177;30;79;9;0;100;101;100;103;100;104;100;48;48;0;1.912;1.912;0.000;0.000;14.700;1.000;5.9;0.0;0;28;3.000;2.914;12.6;-100;0;0;-8.1;0;0;0;0;0;98;0;0;1869;121.36;0;0;0;0;0;0;0;0;0;0;0;0;0;0;0;0;28;0;42.0;42.0;2;0;0.00;0.00;0.00;0.0;0.0
84.604;108;893;42;37506;0.5;18.900;1.286;30;79;9;0;100;101;100;103;100;104;100;47;47;0;1.904;1.904;0.000;0.000;14.700;1.000;5.7;0.0;0;27;3.000;2.655;12.6;-380;0;0;-8.1;0;0;0;0;0;98;0;0;1869;125.58;0;0;0;0;0;0;0;0;0;0;0;0;0;0;0;0;27;0;42.0;42.0;2;0;0.00;0.00;0.00;0.0;0.0
84.670;109;907;43;39001;0.5;19.600;1.333;30;79;9;0;100;101;100;103;100;104;100;48;48;0;1.897;1.897;0.000;0.000;14.700;1.000;5.7;0.0;0;27;3.000;2.927;12.8;110;0;0;-8.0;0;0;0;0;0;98;0;0;1866;123.44;0;0;0;0;0;0;0;0;0;0;0;0;0;0;0;0;27;0;43.0;43.0;2;0;0.00;0.00;0.00;0.0;0.0
84.735;109;932;42;39144;0.5;19.700;1.340;30;79;9;0;100;101;100;103;100;104;100;48;48;0;1.888;1.888;0.000;0.000;14.700;1.000;5.9;0.0;0;28;3.000;3.313;12.8;110;0;0;-8.1;0;0;0;0;0;98;0;0;1866;120.13;0;0;0;0;0;0;0;0;0;0;0;0;0;0;0;0;28;0;42.0;42.0;2;0;0.00;0.00;0.00;0.0;0.0
84.804;109;936;42;39312;0.5;19.700;1.340;30;79;9;0;100;101;100;103;100;104;100;48;48;0;1.888;1.888;0.000;0.000;14.700;1.000;5.9;0.0;0;28;3.000;2.938;12.8;250;0;0;-8.1;0;0;0;0;0;98;0;0;1866;119.62;0;0;0;0;0;0;0;0;0;0;0;0;0;0;0;0;28;0;42.0;42.0;2;0;0.00;0.00;0.00;0.0;0.0
84.871;109;925;40;37000;0.5;19.700;1.340;30;79;9;0;100;101;100;103;100;104;100;47;47;0;1.856;1.856;0.000;0.000;14.700;1.000;5.7;0.0;0;28;3.000;2.897;12.8;-70;0;0;-8.4;0;0;0;0;0;98;0;0;1866;121.04;0;0;0;0;0;0;0;0;0;0;0;0;0;0;0;0;28;0;40.0;40.0;2;0;0.00;0.00;0.00;0.0;0.0
84.936;109;949;42;39858;0.5;19.700;1.340;30;79;9;0;100;101;100;103;100;104;100;48;48;0;1.876;1.876;0.000;0.000;14.700;1.000;5.9;0.0;0;28;3.000;3.120;12.9;-70;0;0;-8.1;0;0;0;0;0;98;0;0;1866;117.98;0;0;0;0;0;0;0;0;0;0;0;0;0;0;0;0;28;0;42.0;42.0;2;0;0.00;0.00;0.00;0.0;0.0
85.001;109;953;42;40026;0.5;19.700;1.340;30;79;9;0;100;101;100;103;100;104;100;48;48;0;1.876;1.876;0.000;0.000;14.700;1.000;6.0;0.0;0;28;3.000;3.011;12.9;310;0;0;-8.1;0;0;0;0;0;98;0;0;1866;117.48;0;0;0;0;0;0;0;0;0;0;0;0;0;0;0;0;28;0;42.0;42.0;2;0;0.00;0.00;0.00;0.0;0.0
85.067;109;943;41;38663;0.5;19.700;1.340;30;79;9;0;100;101;100;103;100;104;100;47;47;0;1.852;1.852;0.000;0.000;14.700;1.000;5.8;0.0;0;28;3.000;2.797;12.9;310;0;0;-8.3;0;0;0;0;0;98;0;0;1866;118.73;0;0;0;0;0;0;0;0;0;0;0;0;0;0;0;0;28;0;41.0;41.0;2;0;0.00;0.00;0.00;0.0;0.0
85.136;109;959;41;39319;0.5;19.700;1.340;30;79;9;0;100;101;100;103;100;104;100;48;48;0;1.860;1.860;0.000;0.000;14.700;1.000;5.9;0.0;0;29;3.000;3.175;12.9;-130;0;0;-8.3;0;0;0;0;0;98;0;0;1866;116.75;0;0;0;0;0;0;0;0;0;0;0;0;0;0;0;0;29;0;41.0;41.0;2;0;0.00;0.00;0.00;0.0;0.0
85.202;109;947;41;38827;0.5;19.700;1.340;30;79;9;0;100;101;100;103;100;104;100;47;47;0;1.852;1.852;0.000;0.000;14.700;1.000;5.8;0.0;0;28;3.000;2.421;12.9;160;0;0;-8.3;0;0;0;0;0;98;0;0;1866;118.23;0;0;0;0;0;0;0;0;0;0;0;0;0;0;0;0;28;0;41.0;41.0;2;0;0.00;0.00;0.00;0.0;0.0
85.268;109;945;41;38745;0.5;19.700;1.340;30;79;9;0;100;101;100;103;100;104;100;47;47;0;1.852;1.852;0.000;0.000;14.700;1.000;5.8;0.0;0;28;3.000;2.773;12.9;160;0;0;-8.3;0;0;0;0;0;98;0;0;1866;118.48;0;0;0;0;0;0;0;0;0;0;0;0;0;0;0;0;28;0;41.0;41.0;2;0;0.00;0.00;0.00;0.0;0.0
85.334;109;950;41;38950;0.5;19.700;1.340;30;79;9;0;100;101;100;103;100;104;100;48;48;0;1.860;1.860;0.000;0.000;14.700;1.000;5.9;0.0;0;28;3.000;2.870;12.9;-140;0;0;-8.3;0;0;0;0;0;98;0;0;1866;117.85;0;0;0;0;0;0;0;0;0;0;0;0;0;0;0;0;28;0;41.0;41.0;2;0;0.00;0.00;0.00;0.0;0.0
85.402;109;942;41;38622;0.5;19.700;1.340;30;79;9;0;100;101;100;103;100;104;100;47;47;0;1.852;1.852;0.000;0.000;14.700;1.000;5.8;0.0;0;28;3.000;2.716;12.9;50;0;0;-8.3;0;0;0;0;0;98;0;0;1866;118.85;0;0;0;0;0;0;0;0;0;0;0;0;0;0;0;0;28;0;41.0;41.0;2;0;0.00;0.00;0.00;0.0;0.0
85.402;109;931;41;38171;0.5;19.600;1.333;30;79;9;0;100;101;100;103;100;104;100;47;47;0;1.852;1.852;0.000;0.000;14.700;1.000;5.7;0.0;0;28;3.000;2.756;12.9;50;0;0;-8.3;0;0;0;0;0;98;0;0;1866;120.26;0;0;0;0;0;0;0;0;0;0;0;0;0;0;0;0;28;0;41.0;41.0;2;0;0.00;0.00;0.00;0.0;0.0
85.534;109;930;41;38130;0.5;19.700;1.340;30;79;9;0;100;101;100;103;100;104;100;47;47;0;1.852;1.852;0.000;0.000;14.700;1.000;5.7;0.0;0;28;3.000;2.905;12.9;-180;0;0;-8.3;0;0;0;0;0;98;0;0;1866;120.39;0;0;0;0;0;0;0;0;0;0;0;0;0;0;0;0;28;0;41.0;41.0;2;0;0.00;0.00;0.00;0.0;0.0
85.603;109;935;41;38335;0.5;19.700;1.340;30;79;9;0;100;101;100;103;100;104;100;47;47;0;1.852;1.852;0.000;0.000;14.700;1.000;5.8;0.0;0;28;3.000;2.880;12.9;-20;0;0;-8.3;0;0;0;0;0;98;0;0;1866;119.74;0;0;0;0;0;0;0;0;0;0;0;0;0;0;0;0;28;0;41.0;41.0;2;0;0.00;0.00;0.00;0.0;0.0
85.669;109;922;42;38724;0.5;19.700;1.340;30;79;9;0;100;101;100;103;100;104;100;48;48;0;1.876;1.876;0.000;0.000;14.700;1.000;5.8;0.0;0;28;3.000;2.711;12.9;-20;0;0;-8.1;0;0;0;0;0;98;0;0;1866;121.43;0;0;0;0;0;0;0;0;0;0;0;0;0;0;0;0;28;0;42.0;42.0;2;0;0.00;0.00;0.00;0.0;0.0
85.734;110;901;42;37842;0.5;19.700;1.340;30;79;9;0;100;101;100;103;100;104;100;48;48;0;1.876;1.876;0.000;0.000;14.700;1.000;5.6;0.0;0;27;3.000;2.252;12.9;-80;0;0;-8.1;0;0;0;0;0;98;0;0;1863;124.06;0;0;0;0;0;0;0;0;0;0;0;0;0;0;0;0;27;0;42.0;42.0;2;0;0.00;0.00;0.00;0.0;0.0
85.800;110;899;43;38657;0.5;19.700;1.340;30;79;9;0;100;101;100;103;100;104;100;48;48;0;1.885;1.885;0.000;0.000;14.700;1.000;5.6;0.0;0;27;3.000;2.489;12.9;-230;0;0;-8.0;0;0;0;0;0;98;0;0;1863;124.34;0;0;0;0;0;0;0;0;0;0;0;0;0;0;0;0;27;0;43.0;43.0;2;0;0.00;0.00;0.00;0.0;0.0
85.869;110;888;43;38184;0.5;19.700;1.340;30;79;9;0;100;101;100;103;100;104;100;48;48;0;1.885;1.885;0.000;0.000;14.700;1.000;5.6;0.0;0;27;3.000;2.601;12.9;-230;0;0;-8.0;0;0;0;0;0;98;0;0;1863;125.88;0;0;0;0;0;0;0;0;0;0;0;0;0;0;0;0;27;0;43.0;43.0;2;0;0.00;0.00;0.00;0.0;0.0
85.935;110;892;44;39248;0.5;19.700;1.340;30;79;9;0;100;101;100;103;100;104;100;48;48;0;1.905;1.905;0.000;0.000;14.700;1.000;5.7;0.0;0;27;3.000;2.696;12.8;-110;0;0;-7.8;0;0;0;0;0;98;0;0;1863;125.31;0;0;0;0;0;0;0;0;0;0;0;0;0;0;0;0;27;0;44.0;44.0;2;0;0.00;0.00;0.00;0.0;0.0
86.001;110;889;44;39116;0.5;19.700;1.340;30;79;9;0;100;101;100;103;100;104;100;48;48;0;1.905;1.905;0.000;0.000;14.700;1.000;5.6;0.0;0;27;3.000;2.721;12.8;-10;0;0;-7.8;0;0;0;0;0;98;0;0;1863;125.74;0;0;0;0;0;0;0;0;0;0;0;0;0;0;0;0;27;0;44.0;44.0;2;0;0.00;0.00;0.00;0.0;0.0
86.070;110;889;44;39116;0.5;19.700;1.340;30;79;9;0;100;101;100;103;100;104;100;48;48;0;1.905;1.905;0.000;0.000;14.700;1.000;5.6;0.0;0;27;3.000;2.810;12.8;-10;0;0;-7.8;0;0;0;0;0;98;0;0;1863;125.74;0;0;0;0;0;0;0;0;0;0;0;0;0;0;0;0;27;0;44.0;44.0;2;0;0.00;0.00;0.00;0.0;0.0
86.136;110;869;44;38236;0.5;19.700;1.340;30;79;9;0;100;101;100;103;100;104;100;48;48;0;1.905;1.905;0.000;0.000;14.700;1.000;5.5;0.0;0;26;3.000;2.414;12.8;-60;0;0;-7.8;0;0;0;0;0;98;0;0;1863;128.63;0;0;0;0;0;0;0;0;0;0;0;0;0;0;0;0;26;0;44.0;44.0;2;0;0.00;0.00;0.00;0.0;0.0
86.201;110;885;44;38940;0.5;19.700;1.340;30;79;9;0;100;101;100;103;100;104;100;48;48;0;1.905;1.905;0.000;0.000;14.700;1.000;5.6;0.0;0;27;3.000;3.067;12.8;40;0;0;-7.8;0;0;0;0;0;98;0;0;1863;126.31;0;0;0;0;0;0;0;0;0;0;0;0;0;0;0;0;27;0;44.0;44.0;2;0;0.00;0.00;0.00;0.0;0.0
86.267;110;894;44;39336;0.5;19.700;1.340;30;79;9;0;100;101;100;103;100;104;100;48;48;0;1.905;1.905;0.000;0.000;14.700;1.000;5.7;0.0;0;27;3.000;2.744;12.8;40;0;0;-7.8;0;0;0;0;0;98;0;0;1863;125.03;0;0;0;0;0;0;0;0;0;0;0;0;0;0;0;0;27;0;44.0;44.0;2;0;0.00;0.00;0.00;0.0;0.0
86.337;110;874;44;38456;0.5;19.700;1.340;30;79;9;0;100;101;100;103;100;104;100;48;48;0;1.905;1.905;0.000;0.000;14.700;1.000;5.5;0.0;0;26;3.000;2.392;12.8;10;0;0;-7.8;0;0;0;0;0;98;0;0;1863;127.89;0;0;0;0;0;0;0;0;0;0;0;0;0;0;0;0;26;0;44.0;44.0;2;0;0.00;0.00;0.00;0.0;0.0
86.402;110;859;44;37796;0.5;19.700;1.340;30;79;9;0;100;101;100;103;100;104;100;48;48;0;1.905;1.905;0.000;0.000;14.700;1.000;5.5;0.0;0;26;3.000;2.544;12.8;-270;0;0;-7.8;0;0;0;0;0;98;0;0;1863;130.13;0;0;0;0;0;0;0;0;0;0;0;0;0;0;0;0;26;0;44.0;44.0;2;0;0.00;0.00;0.00;0.0;0.0
86.468;110;895;44;39380;0.5;19.700;1.340;30;79;9;0;100;101;100;103;100;104;100;48;48;0;1.965;1.965;0.000;0.000;14.700;1.000;5.9;0.0;0;27;3.000;3.268;12.3;-270;0;0;-7.8;0;0;0;0;0;98;0;0;1863;124.89;0;0;0;0;0;0;0;0;0;0;0;0;0;0;0;0;27;0;44.0;44.0;2;0;0.00;0.00;0.00;0.0;0.0
86.537;110;902;44;39688;0.5;19.700;1.340;30;79;9;0;100;101;100;103;100;104;100;49;49;0;1.980;1.980;0.000;0.000;14.700;1.000;6.0;0.0;0;27;3.000;2.725;12.3;460;0;0;-7.8;0;0;0;0;0;98;0;0;1863;123.92;0;0;0;0;0;0;0;0;0;0;0;0;0;0;0;0;27;0;44.0;44.0;2;0;0.00;0.00;0.00;0.0;0.0
86.603;110;902;44;39688;0.5;19.700;1.340;30;79;9;0;100;101;100;103;100;104;100;49;49;0;1.980;1.980;0.000;0.000;14.700;1.000;6.0;0.0;0;27;3.000;2.771;12.3;-30;0;0;-7.8;0;0;0;0;0;98;0;0;1863;123.92;0;0;0;0;0;0;0;0;0;0;0;0;0;0;0;0;27;0;44.0;44.0;2;0;0.00;0.00;0.00;0.0;0.0
86.668;110;903;43;38829;0.5;19.700;1.340;30;79;9;0;100;101;100;103;100;104;100;48;48;0;1.957;1.957;0.000;0.000;14.700;1.000;5.9;0.0;0;27;3.000;2.913;12.3;-30;0;0;-8.0;0;0;0;0;0;98;0;0;1863;123.79;0;0;0;0;0;0;0;0;0;0;0;0;0;0;0;0;27;0;43.0;43.0;2;0;0.00;0.00;0.00;0.0;0.0
86.737;111;943;42;39606;0.5;19.700;1.340;30;79;9;0;100;101;100;103;100;104;100;48;48;0;1.912;1.912;0.000;0.000;14.700;1.000;6.0;0.0;0;28;3.000;3.432;12.6;250;0;0;-8.1;0;0;0;0;0;98;0;0;1870;118.98;0;0;0;0;0;0;0;0;0;0;0;0;0;0;0;0;28;0;42.0;42.0;2;0;0.00;0.00;0.00;0.0;0.0
86.803;111;981;41;40221;0.5;19.700;1.340;30;79;9;0;100;101;100;103;100;104;100;48;48;0;1.896;1.896;0.000;0.000;14.700;1.000;6.2;0.0;0;29;3.000;2.976;12.6;380;0;0;-8.3;0;0;0;0;0;98;0;0;1870;114.37;0;0;0;0;0;0;0;0;0;0;0;0;0;0;0;0;29;0;41.0;41.0;2;0;0.00;0.00;0.00;0.0;0.0
86.869;111;997;41;40877;0.5;19.700;1.340;30;79;9;0;100;101;100;103;100;104;100;48;48;0;1.896;1.896;0.000;0.000;14.700;1.000;6.3;0.0;0;29;3.000;2.973;12.6;380;0;0;-8.3;0;0;0;0;0;98;0;0;1870;112.54;0;0;0;0;0;0;0;0;0;0;0;0;0;0;0;0;29;0;41.0;41.0;2;0;0.00;0.00;0.00;0.0;0.0
86.869;111;1002;40;40080;0.5;19.700;1.340;30;79;9;0;100;101;100;103;100;104;100;48;48;0;1.887;1.887;0.000;0.000;14.700;1.000;6.3;0.0;0;30;3.000;3.188;12.6;300;0;0;-8.4;0;0;0;0;0;98;0;0;1870;111.98;0;0;0;0;0;0;0;0;0;0;0;0;0;0;0;0;30;0;40.0;40.0;2;0;0.00;0.00;0.00;0.0;0.0
87.004;111;1020;40;40800;0.5;19.700;1.340;30;79;9;0;100;101;100;103;100;104;100;48;48;0;1.899;1.899;0.000;0.000;14.700;1.000;6.5;0.0;0;30;3.000;2.996;12.5;250;0;0;-8.4;0;0;0;0;0;98;0;0;1870;110.00;0;0;0;0;0;0;0;0;0;0;0;0;0;0;0;0;30;0;40.0;40.0;2;0;0.00;0.00;0.00;0.0;0.0
87.070;111;1029;39;40131;0.5;19.400;1.320;30;79;9;0;100;101;100;103;100;104;100;47;47;0;1.884;1.884;0.000;0.000;14.700;1.000;6.5;0.0;0;30;3.000;3.012;12.5;250;0;0;-8.6;0;0;0;0;0;98;0;0;1870;109.04;0;0;0;0;0;0;0;0;0;0;0;0;0;0;0;0;30;0;39.0;39.0;2;0;0.00;0.00;0.00;0.0;0.0
87.135;111;1031;39;40209;0.5;19.700;1.340;30;79;9;0;100;101;100;103;100;104;100;47;47;0;1.884;1.884;0.000;0.000;14.700;1.000;6.5;0.0;0;30;3.000;2.962;12.5;140;0;0;-8.6;0;0;0;0;0;98;0;0;1870;108.83;0;0;0;0;0;0;0;0;0;0;0;0;0;0;0;0;30;0;39.0;39.0;2;0;0.00;0.00;0.00;0.0;0.0
87.201;111;1045;39;40755;0.5;19.700;1.340;30;79;9;0;100;101;100;103;100;104;100;47;47;0;1.884;1.884;0.000;0.000;14.700;1.000;6.6;0.0;0;30;3.000;3.065;12.5;140;0;0;-8.6;0;0;0;0;0;98;0;0;1870;107.37;0;0;0;0;0;0;0;0;0;0;0;0;0;0;0;0;30;0;39.0;39.0;2;0;0.00;0.00;0.00;0.0;0.0
87.273;111;1053;38;40014;0.5;19.700;1.340;30;79;9;0;100;101;100;103;100;104;100;47;47;0;1.864;1.864;0.000;0.000;14.700;1.000;6.5;0.0;0;30;3.000;2.806;12.6;110;0;0;-8.7;0;0;0;0;0;98;0;0;1870;106.55;0;0;0;0;0;0;0;0;0;0;0;0;0;0;0;0;30;0;38.0;38.0;2;0;0.00;0.00;0.00;0.0;0.0
87.340;111;1055;38;40090;0.5;17.200;1.170;30;79;9;0;100;101;100;103;100;104;100;47;47;0;1.864;1.864;0.000;0.000;14.700;1.000;6.6;0.0;0;30;3.000;2.905;12.6;70;0;0;-8.7;0;0;0;0;0;98;0;0;1870;106.35;0;0;0;0;0;0;0;0;0;0;0;0;0;0;0;0;30;0;38.0;38.0;2;0;0.00;0.00;0.00;0.0;0.0
87.405;111;1068;38;40584;0.5;15.700;1.068;30;79;9;0;100;101;100;103;100;104;100;47;47;0;1.864;1.864;0.000;0.000;14.700;1.000;6.6;0.0;0;30;3.000;3.170;12.6;70;0;0;-8.7;0;0;0;0;0;98;0;0;1870;105.06;0;0;0;0;0;0;0;0;0;0;0;0;0;0;0;0;30;0;38.0;38.0;2;0;0.00;0.00;0.00;0.0;0.0
87.471;111;1070;38;40660;0.5;16.700;1.136;30;79;9;0;100;101;100;103;100;104;100;47;47;0;1.852;1.852;0.000;0.000;14.700;1.000;6.6;0.0;0;30;3.000;2.992;12.7;160;0;0;-8.7;0;0;0;0;0;98;0;0;1870;104.86;0;0;0;0;0;0;0;0;0;0;0;0;0;0;0;0;30;0;38.0;38.0;2;0;0.00;0.00;0.00;0.0;0.0
87.537;111;1083;38;41154;0.5;15.100;1.027;30;79;9;0;100;101;100;103;100;104;100;47;47;0;1.852;1.852;0.000;0.000;14.700;1.000;6.7;0.0;0;30;3.000;3.155;12.7;70;0;0;-8.7;0;0;0;0;0;98;0;0;1870;103.60;0;0;0;0;0;0;0;0;0;0;0;0;0;0;0;0;30;0;38.0;38.0;2;0;0.00;0.00;0.00;0.0;0.0
87.602;111;1083;37;40071;0.5;13.700;0.932;30;79;9;0;100;101;100;103;100;104;100;46;46;0;1.829;1.829;0.000;0.000;14.700;1.000;6.6;0.0;0;31;3.000;2.825;12.7;70;0;0;-8.8;0;0;0;0;0;98;0;0;1870;103.60;0;0;0;0;0;0;0;0;0;0;0;0;0;0;0;0;31;0;37.0;37.0;2;0;0.00;0.00;0.00;0.0;0.0
87.671;111;1104;37;40848;0.5;13.300;0.905;30;79;9;0;100;101;100;103;100;104;100;46;46;0;1.829;1.829;0.000;0.000;14.700;1.000;6.7;0.0;0;30;3.000;2.944;12.7;200;0;0;-8.8;0;0;0;0;0;98;0;0;1870;101.63;0;0;0;0;0;0;0;0;0;0;0;0;0;0;0;0;30;0;37.0;37.0;2;0;0.00;0.00;0.00;0.0;0.0
87.737;112;1103;37;40811;0.5;12.900;0.878;30;79;9;0;100;101;100;103;100;104;100;46;46;0;1.901;1.901;0.000;0.000;14.700;1.000;7.0;0.0;0;30;3.000;2.937;12.1;10;0;0;-8.8;0;0;0;0;0;98;0;0;1866;101.50;0;0;0;0;0;0;0;0;0;0;0;0;0;0;0;0;30;0;37.0;37.0;2;0;0.00;0.00;0.00;0.0;0.0
87.803;112;1092;37;40404;0.5;12.800;0.871;30;79;9;0;100;101;100;103;100;104;100;46;46;0;1.901;1.901;0.000;0.000;14.700;1.000;6.9;0.0;0;30;3.000;2.706;12.1;10;0;0;-8.8;0;0;0;0;0;98;0;0;1866;102.53;0;0;0;0;0;0;0;0;0;0;0;0;0;0;0;0;30;0;37.0;37.0;2;0;0.00;0.00;0.00;0.0;0.0
87.872;112;1098;37;40626;0.5;12.600;0.857;30;79;9;0;100;101;100;103;100;104;100;46;46;0;1.901;1.901;0.000;0.000;14.700;1.000;7.0;0.0;0;31;3.000;3.117;12.1;-40;0;0;-8.8;0;0;0;0;0;98;0;0;1866;101.97;0;0;0;0;0;0;0;0;0;0;0;0;0;0;0;0;31;0;37.0;37.0;2;0;0.00;0.00;0.00;0.0;0.0
87.938;112;1105;37;40885;0.5;12.300;0.837;30;79;9;0;100;101;100;103;100;104;100;47;47;0;1.907;1.907;0.000;0.000;14.700;1.000;7.0;0.0;0;30;3.000;2.868;12.1;70;0;0;-8.8;0;0;0;0;0;98;0;0;1866;101.32;0;0;0;0;0;0;0;0;0;0;0;0;0;0;0;0;30;0;37.0;37.0;2;0;0.00;0.00;0.00;0.0;0.0
88.003;112;1106;36;39816;0.5;12.500;0.850;30;79;9;0;100;101;100;103;100;104;100;46;46;0;1.845;1.845;0.000;0.000;14.700;1.000;6.8;0.0;0;30;3.000;2.869;12.5;70;0;0;-9.0;0;0;0;0;0;98;0;0;1866;101.23;0;0;0;0;0;0;0;0;0;0;0;0;0;0;0;0;30;0;36.0;36.0;2;0;0.00;0.00;0.00;0.0;0.0
88.069;112;1104;36;39744;0.5;12.500;0.850;30;79;9;0;100;101;100;103;100;104;100;46;46;0;1.845;1.845;0.000;0.000;14.700;1.000;6.8;0.0;0;30;3.000;3.097;12.5;-70;0;0;-9.0;0;0;0;0;0;98;0;0;1866;101.41;0;0;0;0;0;0;0;0;0;0;0;0;0;0;0;0;30;0;36.0;36.0;2;0;0.00;0.00;0.00;0.0;0.0
88.135;112;1104;36;39744;0.5;12.000;0.816;30;79;9;0;100;101;100;103;100;104;100;46;46;0;1.845;1.845;0.000;0.000;14.700;1.000;6.8;0.0;0;30;3.000;2.902;12.5;150;0;0;-9.0;0;0;0;0;0;98;0;0;1866;101.41;0;0;0;0;0;0;0;0;0;0;0;0;0;0;0;0;30;0;36.0;36.0;2;0;0.00;0.00;0.00;0.0;0.0
88.200;112;1114;36;40104;0.5;12.600;0.857;30;79;9;0;100;101;100;103;100;104;100;46;46;0;1.845;1.845;0.000;0.000;14.700;1.000;6.9;0.0;0;30;3.000;2.906;12.5;150;0;0;-9.0;0;0;0;0;0;98;0;0;1866;100.50;0;0;0;0;0;0;0;0;0;0;0;0;0;0;0;0;30;0;36.0;36.0;2;0;0.00;0.00;0.00;0.0;0.0
88.269;112;1111;36;39996;0.5;12.800;0.871;30;79;9;0;100;101;100;103;100;104;100;46;46;0;1.833;1.833;0.000;0.000;14.700;1.000;6.8;0.0;0;30;3.000;2.861;12.6;90;0;0;-9.0;0;0;0;0;0;98;0;0;1866;100.77;0;0;0;0;0;0;0;0;0;0;0;0;0;0;0;0;30;0;36.0;36.0;2;0;0.00;0.00;0.00;0.0;0.0
88.336;112;1110;36;39960;0.5;12.600;0.857;30;79;9;0;100;101;100;103;100;104;100;46;46;0;1.833;1.833;0.000;0.000;14.700;1.000;6.8;0.0;0;30;3.000;2.946;12.6;-60;0;0;-9.0;0;0;0;0;0;98;0;0;1866;100.86;0;0;0;0;0;0;0;0;0;0;0;0;0;0;0;0;30;0;36.0;36.0;2;0;0.00;0.00;0.00;0.0;0.0
88.336;112;1114;36;40104;0.5;12.600;0.857;30;79;9;0;100;101;100;103;100;104;100;46;46;0;1.833;1.833;0.000;0.000;14.700;1.000;6.8;0.0;0;30;3.000;2.904;12.6;-60;0;0;-9.0;0;0;0;0;0;98;0;0;1866;100.50;0;0;0;0;0;0;0;0;0;0;0;0;0;0;0;0;30;0;36.0;36.0;2;0;0.00;0.00;0.00;0.0;0.0
88.470;112;1118;36;40248;0.5;12.300;0.837;30;79;9;0;100;101;100;103;100;104;100;46;46;0;1.833;1.833;0.000;0.000;14.700;1.000;6.8;0.0;0;30;3.000;2.809;12.6;110;0;0;-9.0;0;0;0;0;0;98;0;0;1866;100.14;0;0;0;0;0;0;0;0;0;0;0;0;0;0;0;0;30;0;36.0;36.0;2;0;0.00;0.00;0.00;0.0;0.0
88.536;112;1128;36;40608;0.5;12.300;0.837;30;79;9;0;100;101;100;103;100;104;100;46;46;0;1.821;1.821;0.000;0.000;14.700;1.000;6.8;0.0;0;31;3.000;2.994;12.7;0;0;0;-9.0;0;0;0;0;0;98;0;0;1866;99.26;0;0;0;0;0;0;0;0;0;0;0;0;0;0;0;0;31;0;36.0;36.0;2;0;0.00;0.00;0.00;0.0;0.0
88.601;112;1130;36;40680;0.5;11.700;0.796;30;79;9;0;100;101;100;103;100;104;100;46;46;0;1.821;1.821;0.000;0.000;14.700;1.000;6.9;0.0;0;31;3.000;3.065;12.7;0;0;0;-9.0;0;0;0;0;0;98;0;0;1866;99.08;0;0;0;0;0;0;0;0;0;0;0;0;0;0;0;0;31;0;36.0;36.0;2;0;0.00;0.00;0.00;0.0;0.0
88.671;112;1115;36;40140;0.5;12.000;0.816;30;79;9;0;100;101;100;103;100;104;100;46;46;0;1.821;1.821;0.000;0.000;14.700;1.000;6.8;0.0;0;30;3.000;2.495;12.7;100;0;0;-9.0;0;0;0;0;0;98;0;0;1866;100.41;0;0;0;0;0;0;0;0;0;0;0;0;0;0;0;0;30;0;36.0;36.0;2;0;0.00;0.00;0.00;0.0;0.0
88.736;113;1116;36;40176;0.5;12.100;0.823;30;79;9;0;100;101;100;103;100;104;100;46;46;0;1.809;1.809;0.000;0.000;14.700;1.000;6.7;0.0;0;30;3.000;2.763;12.8;-150;0;0;-9.0;0;0;0;0;0;98;0;0;1862;100.11;0;0;0;0;0;0;0;0;0;0;0;0;0;0;0;0;30;0;36.0;36.0;2;0;0.00;0.00;0.00;0.0;0.0
88.803;113;1117;36;40212;0.5;12.000;0.816;30;79;9;0;100;101;100;103;100;104;100;46;46;0;1.809;1.809;0.000;0.000;14.700;1.000;6.7;0.0;0;30;3.000;2.996;12.8;-150;0;0;-9.0;0;0;0;0;0;98;0;0;1862;100.02;0;0;0;0;0;0;0;0;0;0;0;0;0;0;0;0;30;0;36.0;36.0;2;0;0.00;0.00;0.00;0.0;0.0
88.872;113;1119;36;40284;0.5;12.300;0.837;30;79;9;0;100;101;100;103;100;104;100;46;46;0;1.809;1.809;0.000;0.000;14.700;1.000;6.7;0.0;0;30;3.000;2.864;12.8;40;0;0;-9.0;0;0;0;0;0;98;0;0;1862;99.84;0;0;0;0;0;0;0;0;0;0;0;0;0;0;0;0;30;0;36.0;36.0;2;0;0.00;0.00;0.00;0.0;0.0
88.937;113;1101;36;39636;0.5;12.800;0.871;30;79;9;0;100;101;100;103;100;104;100;46;46;0;1.809;1.809;0.000;0.000;14.700;1.000;6.6;0.0;0;30;3.000;2.676;12.8;-190;0;0;-9.0;0;0;0;0;0;98;0;0;1862;101.47;0;0;0;0;0;0;0;0;0;0;0;0;0;0;0;0;30;0;36.0;36.0;2;0;0.00;0.00;0.00;0.0;0.0
89.003;113;1090;36;39240;0.5;12.900;0.878;30;79;9;0;100;101;100;103;100;104;100;45;45;0;1.839;1.839;0.000;0.000;14.700;1.000;6.7;0.0;0;30;3.000;2.739;12.5;-190;0;0;-9.0;0;0;0;0;0;98;0;0;1862;102.50;0;0;0;0;0;0;0;0;0;0;0;0;0;0;0;0;30;0;36.0;36.0;2;0;0.00;0.00;0.00;0.0;0.0
89.068;113;1088;36;39168;0.5;12.700;0.864;30;79;9;0;100;101;100;103;100;104;100;45;45;0;1.839;1.839;0.000;0.000;14.700;1.000;6.7;0.0;0;30;3.000;2.824;12.5;-110;0;0;-9.0;0;0;0;0;0;98;0;0;1862;102.68;0;0;0;0;0;0;0;0;0;0;0;0;0;0;0;0;30;0;36.0;36.0;2;0;0.00;0.00;0.00;0.0;0.0
89.134;113;1071;36;38556;0.5;12.800;0.871;30;79;9;0;100;101;100;103;100;104;100;45;45;0;1.839;1.839;0.000;0.000;14.700;1.000;6.6;0.0;0;30;3.000;2.670;12.5;-190;0;0;-9.0;0;0;0;0;0;98;0;0;1862;104.31;0;0;0;0;0;0;0;0;0;0;0;0;0;0;0;0;30;0;36.0;36.0;2;0;0.00;0.00;0.00;0.0;0.0
89.204;113;1065;37;39405;0.5;13.500;0.918;30;79;9;0;100;101;100;103;100;104;100;46;46;0;1.853;1.853;0.000;0.000;14.700;1.000;6.6;0.0;0;30;3.000;2.858;12.5;-190;0;0;-8.8;0;0;0;0;0;98;0;0;1862;104.90;0;0;0;0;0;0;0;0;0;0;0;0;0;0;0;0;30;0;37.0;37.0;2;0;0.00;0.00;0.00;0.0;0.0
89.269;113;1050;37;38850;0.5;13.100;0.891;30;79;9;0;100;101;100;103;100;104;100;46;46;0;1.841;1.841;0.000;0.000;14.700;1.000;6.4;0.0;0;30;3.000;2.846;12.6;-200;0;0;-8.8;0;0;0;0;0;98;0;0;1862;106.40;0;0;0;0;0;0;0;0;0;0;0;0;0;0;0;0;30;0;37.0;37.0;2;0;0.00;0.00;0.00;0.0;0.0
89.338;113;1038;37;38406;0.5;12.700;0.864;30;79;9;0;100;101;100;103;100;104;100;46;46;0;1.841;1.841;0.000;0.000;14.700;1.000;6.4;0.0;0;30;3.000;2.575;12.6;-200;0;0;-8.8;0;0;0;0;0;98;0;0;1862;107.63;0;0;0;0;0;0;0;0;0;0;0;0;0;0;0;0;30;0;37.0;37.0;2;0;0.00;0.00;0.00;0.0;0.0
89.404;113;1021;38;38798;0.5;12.700;0.864;30;79;9;0;100;101;100;103;100;104;100;46;46;0;1.857;1.857;0.000;0.000;14.700;1.000;6.3;0.0;0;30;3.000;2.573;12.6;-130;0;0;-8.7;0;0;0;0;0;98;0;0;1862;109.42;0;0;0;0;0;0;0;0;0;0;0;0;0;0;0;0;30;0;38.0;38.0;2;0;0.00;0.00;0.00;0.0;0.0
89.470;113;1008;38;38304;0.5;12.800;0.871;30;79;9;0;100;101;100;103;100;104;100;46;46;0;1.857;1.857;0.000;0.000;14.700;1.000;6.2;0.0;0;30;3.000;2.719;12.6;-300;0;0;-8.7;0;0;0;0;0;98;0;0;1862;110.83;0;0;0;0;0;0;0;0;0;0;0;0;0;0;0;0;30;0;38.0;38.0;2;0;0.00;0.00;0.00;0.0;0.0
89.535;113;1008;39;39312;0.5;12.600;0.857;30;79;9;0;100;101;100;103;100;104;100;47;47;0;1.860;1.860;0.000;0.000;14.700;1.000;6.2;0.0;0;30;3.000;2.838;12.7;-300;0;0;-8.6;0;0;0;0;0;98;0;0;1862;110.83;0;0;0;0;0;0;0;0;0;0;0;0;0;0;0;0;30;0;39.0;39.0;2;0;0.00;0.00;0.00;0.0;0.0
89.601;113;1002;39;39078;0.5;12.700;0.864;30;79;9;0;100;101;100;103;100;104;100;47;47;0;1.860;1.860;0.000;0.000;14.700;1.000;6.2;0.0;0;30;3.000;2.904;12.7;0;0;0;-8.6;0;0;0;0;0;98;0;0;1862;111.50;0;0;0;0;0;0;0;0;0;0;0;0;0;0;0;0;30;0;39.0;39.0;2;0;0.00;0.00;0.00;0.0;0.0
89.670;113;995;39;38805;0.5;12.800;0.871;30;79;9;0;100;101;100;103;100;104;100;47;47;0;1.860;1.860;0.000;0.000;14.700;1.000;6.2;0.0;0;29;3.000;2.519;12.7;-40;0;0;-8.6;0;0;0;0;0;98;0;0;1862;112.28;0;0;0;0;0;0;0;0;0;0;0;0;0;0;0;0;29;0;39.0;39.0;2;0;0.00;0.00;0.00;0.0;0.0
89.736;113;991;40;39640;0.5;13.400;0.912;30;79;9;0;100;101;100;103;100;104;100;47;47;0;1.868;1.868;0.000;0.000;14.700;1.000;6.2;0.0;0;29;3.000;2.970;12.7;-40;0;0;-8.4;0;0;0;0;0;98;0;0;1862;112.73;0;0;0;0;0;0;0;0;0;0;0;0;0;0;0;0;29;0;40.0;40.0;2;0;0.00;0.00;0.00;0.0;0.0
89.806;114;979;39;38181;0.5;13.500;0.918;30;79;9;0;100;101;100;103;100;104;100;47;47;0;1.836;1.836;0.000;0.000;14.700;1.000;6.0;0.0;0;29;3.000;3.045;12.9;-190;0;0;-8.6;0;0;0;0;0;98;0;0;1857;113.81;0;0;0;0;0;0;0;0;0;0;0;0;0;0;0;0;29;0;39.0;39.0;2;0;0.00;0.00;0.00;0.0;0.0
89.871;114;980;40;39200;0.5;13.300;0.905;30;79;9;0;100;101;100;103;100;104;100;47;47;0;1.844;1.844;0.000;0.000;14.700;1.000;6.0;0.0;0;29;3.000;2.907;12.9;-20;0;0;-8.4;0;0;0;0;0;98;0;0;1857;113.69;0;0;0;0;0;0;0;0;0;0;0;0;0;0;0;0;29;0;40.0;40.0;2;0;0.00;0.00;0.00;0.0;0.0
89.937;114;972;40;38880;0.5;13.200;0.898;30;79;9;0;100;101;100;103;100;104;100;47;47;0;1.844;1.844;0.000;0.000;14.700;1.000;6.0;0.0;0;29;3.000;2.646;12.9;-20;0;0;-8.4;0;0;0;0;0;98;0;0;1857;114.63;0;0;0;0;0;0;0;0;0;0;0;0;0;0;0;0;29;0;40.0;40.0;2;0;0.00;0.00;0.00;0.0;0.0
90.002;114;956;41;39196;0.5;13.100;0.891;30;80;9;0;100;101;100;102;100;103;100;48;48;0;1.857;1.857;0.000;0.000;14.700;1.000;5.9;0.0;0;28;3.000;2.425;12.9;-110;0;0;-8.3;0;0;0;0;0;98;0;0;1857;116.55;0;0;0;0;0;0;0;0;0;0;0;0;0;0;0;0;28;0;41.0;41.0;2;0;0.00;0.00;0.00;0.0;0.0
90.074;114;938;41;38458;0.5;15.700;1.068;30;80;9;0;100;101;100;102;100;103;100;47;47;0;1.849;1.849;0.000;0.000;14.700;1.000;5.8;0.0;0;28;3.000;2.550;12.9;-340;0;0;-8.3;0;0;0;0;0;98;0;0;1857;118.78;0;0;0;0;0;0;0;0;0;0;0;0;0;0;0;0;28;0;41.0;41.0;2;0;0.00;0.00;0.00;0.0;0.0
90.137;114;947;41;38827;0.5;17.700;1.204;30;80;9;0;100;101;100;102;100;103;100;47;47;0;1.849;1.849;0.000;0.000;14.700;1.000;5.8;0.0;0;28;3.000;2.926;12.9;-340;0;0;-8.3;0;0;0;0;0;98;0;0;1857;117.66;0;0;0;0;0;0;0;0;0;0;0;0;0;0;0;0;28;0;41.0;41.0;2;0;0.00;0.00;0.00;0.0;0.0
90.203;114;960;41;39360;0.5;18.700;1.272;30;80;9;0;100;101;100;102;100;103;100;48;48;0;1.857;1.857;0.000;0.000;14.700;1.000;5.9;0.0;0;29;3.000;2.992;12.9;200;0;0;-8.3;0;0;0;0;0;98;0;0;1857;116.06;0;0;0;0;0;0;0;0;0;0;0;0;0;0;0;0;29;0;41.0;41.0;2;0;0.00;0.00;0.00;0.0;0.0
90.272;114;975;41;39975;0.5;19.100;1.299;30;80;9;0;100;101;100;102;100;103;100;48;48;0;1.857;1.857;0.000;0.000;14.700;1.000;6.0;0.0;0;29;3.000;2.953;12.9;90;0;0;-8.3;0;0;0;0;0;98;0;0;1857;114.28;0;0;0;0;0;0;0;0;0;0;0;0;0;0;0;0;29;0;41.0;41.0;2;0;0.00;0.00;0.00;0.0;0.0
90.338;114;982;41;40262;0.5;19.600;1.333;30;80;9;0;100;101;100;102;100;103;100;48;48;0;1.857;1.857;0.000;0.000;14.700;1.000;6.1;0.0;0;29;3.000;2.694;12.9;90;0;0;-8.3;0;0;0;0;0;98;0;0;1857;113.46;0;0;0;0;0;0;0;0;0;0;0;0;0;0;0;0;29;0;41.0;41.0;2;0;0.00;0.00;0.00;0.0;0.0
90.404;114;995;40;39800;0.5;19.700;1.340;30;80;9;0;100;101;100;102;100;103;100;47;47;0;1.841;1.841;0.000;0.000;14.700;1.000;6.1;0.0;0;29;3.000;3.153;12.9;150;0;0;-8.4;0;0;0;0;0;98;0;0;1857;111.98;0;0;0;0;0;0;0;0;0;0;0;0;0;0;0;0;29;0;40.0;40.0;2;0;0.00;0.00;0.00;0.0;0.0
90.469;114;989;40;39560;0.5;19.600;1.333;30;80;9;0;100;101;100;102;100;103;100;47;47;0;1.841;1.841;0.000;0.000;14.700;1.000;6.1;0.0;0;29;3.000;2.923;12.9;70;0;0;-8.4;0;0;0;0;0;98;0;0;1857;112.66;0;0;0;0;0;0;0;0;0;0;0;0;0;0;0;0;29;0;40.0;40.0;2;0;0.00;0.00;0.00;0.0;0.0
90.469;114;987;40;39480;0.5;19.600;1.333;30;80;9;0;100;101;100;102;100;103;100;47;47;0;1.877;1.877;0.000;0.000;14.700;1.000;6.2;0.0;0;29;3.000;2.864;12.6;70;0;0;-8.4;0;0;0;0;0;98;0;0;1857;112.89;0;0;0;0;0;0;0;0;0;0;0;0;0;0;0;0;29;0;40.0;40.0;2;0;0.00;0.00;0.00;0.0;0.0
90.604;114;968;40;38720;0.5;19.700;1.340;30;80;9;0;100;101;100;102;100;103;100;47;47;0;1.877;1.877;0.000;0.000;14.700;1.000;6.1;0.0;0;29;3.000;2.767;12.6;-190;0;0;-8.4;0;0;0;0;0;98;0;0;1857;115.10;0;0;0;0;0;0;0;0;0;0;0;0;0;0;0;0;29;0;40.0;40.0;2;0;0.00;0.00;0.00;0.0;0.0
90.670;114;970;40;38800;0.5;19.700;1.340;30;80;9;0;100;101;100;102;100;103;100;47;47;0;1.877;1.877;0.000;0.000;14.700;1.000;6.1;0.0;0;29;3.000;2.955;12.6;10;0;0;-8.4;0;0;0;0;0;98;0;0;1857;114.87;0;0;0;0;0;0;0;0;0;0;0;0;0;0;0;0;29;0;40.0;40.0;2;0;0.00;0.00;0.00;0.0;0.0
90.739;114;966;41;39606;0.5;19.700;1.340;30;80;9;0;100;101;100;102;100;103;100;48;48;0;1.893;1.893;0.000;0.000;14.700;1.000;6.1;0.0;0;29;3.000;2.742;12.6;10;0;0;-8.3;0;0;0;0;0;98;0;0;1857;115.34;0;0;0;0;0;0;0;0;0;0;0;0;0;0;0;0;29;0;41.0;41.0;2;0;0.00;0.00;0.00;0.0;0.0
90.805;115;954;40;38160;0.5;19.700;1.340;30;80;9;0;100;101;100;102;100;103;100;47;47;0;1.853;1.853;0.000;0.000;14.700;1.000;5.9;0.0;0;28;3.000;2.334;12.8;-30;0;0;-8.4;0;0;0;0;0;98;0;0;1867;117.42;0;0;0;0;0;0;0;0;0;0;0;0;0;0;0;0;28;0;40.0;40.0;2;0;0.00;0.00;0.00;0.0;0.0
90.871;115;974;41;39934;0.5;19.700;1.340;30;80;9;0;100;101;100;102;100;103;100;48;48;0;1.869;1.869;0.000;0.000;14.700;1.000;6.1;0.0;0;29;3.000;3.002;12.8;60;0;0;-8.3;0;0;0;0;0;98;0;0;1867;115.01;0;0;0;0;0;0;0;0;0;0;0;0;0;0;0;0;29;0;41.0;41.0;2;0;0.00;0.00;0.00;0.0;0.0
90.937;115;986;40;39440;0.5;19.700;1.340;30;80;9;0;100;101;100;102;100;103;100;47;47;0;1.853;1.853;0.000;0.000;14.700;1.000;6.1;0.0;0;29;3.000;3.030;12.8;60;0;0;-8.4;0;0;0;0;0;98;0;0;1867;113.61;0;0;0;0;0;0;0;0;0;0;0;0;0;0;0;0;29;0;40.0;40.0;2;0;0.00;0.00;0.00;0.0;0.0
91.005;115;1002;40;40080;0.5;19.700;1.340;30;80;9;0;100;101;100;102;100;103;100;48;48;0;1.860;1.860;0.000;0.000;14.700;1.000;6.2;0.0;0;30;3.000;2.933;12.8;210;0;0;-8.4;0;0;0;0;0;98;0;0;1867;111.80;0;0;0;0;0;0;0;0;0;0;0;0;0;0;0;0;30;0;40.0;40.0;2;0;0.00;0.00;0.00;0.0;0.0
91.005;115;985;40;39400;0.5;17.800;1.211;30;80;9;0;100;101;100;102;100;103;100;47;47;0;1.853;1.853;0.000;0.000;14.700;1.000;6.1;0.0;0;29;3.000;2.405;12.8;-100;0;0;-8.4;0;0;0;0;0;98;0;0;1867;113.73;0;0;0;0;0;0;0;0;0;0;0;0;0;0;0;0;29;0;40.0;40.0;2;0;0.00;0.00;0.00;0.0;0.0
91.137;115;1008;40;40320;0.5;18.200;1.238;30;80;9;0;100;101;100;102;100;103;100;48;48;0;1.860;1.860;0.000;0.000;14.700;1.000;6.2;0.0;0;30;3.000;3.376;12.8;-100;0;0;-8.4;0;0;0;0;0;98;0;0;1867;111.13;0;0;0;0;0;0;0;0;0;0;0;0;0;0;0;0;30;0;40.0;40.0;2;0;0.00;0.00;0.00;0.0;0.0
91.137;115;1024;39;39936;0.5;18.900;1.286;30;80;9;0;100;101;100;102;100;103;100;47;47;0;1.845;1.845;0.000;0.000;14.700;1.000;6.3;0.0;0;30;3.000;2.914;12.8;330;0;0;-8.6;0;0;0;0;0;98;0;0;1867;109.39;0;0;0;0;0;0;0;0;0;0;0;0;0;0;0;0;30;0;39.0;39.0;2;0;0.00;0.00;0.00;0.0;0.0
91.272;115;1012;39;39468;0.5;18.300;1.245;30;80;9;0;100;101;100;102;100;103;100;47;47;0;1.881;1.881;0.000;0.000;14.700;1.000;6.3;0.0;0;30;3.000;2.704;12.5;-60;0;0;-8.6;0;0;0;0;0;98;0;0;1867;110.69;0;0;0;0;0;0;0;0;0;0;0;0;0;0;0;0;30;0;39.0;39.0;2;0;0.00;0.00;0.00;0.0;0.0
91.337;115;1007;39;39273;0.5;18.500;1.259;30;80;9;0;100;101;100;102;100;103;100;47;47;0;1.881;1.881;0.000;0.000;14.700;1.000;6.3;0.0;0;30;3.000;2.987;12.5;-60;0;0;-8.6;0;0;0;0;0;98;0;0;1867;111.24;0;0;0;0;0;0;0;0;0;0;0;0;0;0;0;0;30;0;39.0;39.0;2;0;0.00;0.00;0.00;0.0;0.0
91.403;115;1025;39;39975;0.5;18.600;1.265;30;80;9;0;100;101;100;102;100;103;100;47;47;0;1.881;1.881;0.000;0.000;14.700;1.000;6.4;0.0;0;30;3.000;2.896;12.5;120;0;0;-8.6;0;0;0;0;0;98;0;0;1867;109.29;0;0;0;0;0;0;0;0;0;0;0;0;0;0;0;0;30;0;39.0;39.0;2;0;0.00;0.00;0.00;0.0;0.0
91.472;115;1037;39;40443;0.5;18.800;1.279;30;80;9;0;100;101;100;102;100;103;100;47;47;0;1.881;1.881;0.000;0.000;14.700;1.000;6.5;0.0;0;30;3.000;3.022;12.5;120;0;0;-8.6;0;0;0;0;0;98;0;0;1867;108.02;0;0;0;0;0;0;0;0;0;0;0;0;0;0;0;0;30;0;39.0;39.0;2;0;0.00;0.00;0.00;0.0;0.0
91.538;115;1052;38;39976;0.5;17.400;1.184;30;80;9;0;100;101;100;102;100;103;100;47;47;0;1.849;1.849;0.000;0.000;14.700;1.000;6.5;0.0;0;30;3.000;2.851;12.7;130;0;0;-8.7;0;0;0;0;0;98;0;0;1867;106.48;0;0;0;0;0;0;0;0;0;0;0;0;0;0;0;0;30;0;38.0;38.0;2;0;0.00;0.00;0.00;0.0;0.0
91.604;115;1056;38;40128;0.5;17.400;1.184;30;80;9;0;100;101;100;102;100;103;100;47;47;0;1.849;1.849;0.000;0.000;14.700;1.000;6.5;0.0;0;30;3.000;2.926;12.7;160;0;0;-8.7;0;0;0;0;0;98;0;0;1867;106.08;0;0;0;0;0;0;0;0;0;0;0;0;0;0;0;0;30;0;38.0;38.0;2;0;0.00;0.00;0.00;0.0;0.0
91.669;115;1057;38;40166;0.5;16.400;1.116;30;80;9;0;100;101;100;102;100;103;100;47;47;0;1.849;1.849;0.000;0.000;14.700;1.000;6.5;0.0;0;30;3.000;3.026;12.7;160;0;0;-8.7;0;0;0;0;0;98;0;0;1867;105.98;0;0;0;0;0;0;0;0;0;0;0;0;0;0;0;0;30;0;38.0;38.0;2;0;0.00;0.00;0.00;0.0;0.0
91.739;115;1060;37;39220;0.5;15.500;1.054;30;80;9;0;100;101;100;102;100;103;100;46;46;0;1.826;1.826;0.000;0.000;14.700;1.000;6.5;0.0;0;30;3.000;3.051;12.7;40;0;0;-8.8;0;0;0;0;0;98;0;0;1867;105.68;0;0;0;0;0;0;0;0;0;0;0;0;0;0;0;0;30;0;37.0;37.0;2;0;0.00;0.00;0.00;0.0;0.0
91.804;116;1067;38;40546;0.5;15.600;1.061;30;80;9;0;100;101;100;102;100;103;100;47;47;0;1.837;1.837;0.000;0.000;14.700;1.000;6.5;0.0;0;30;3.000;2.840;12.8;90;0;0;-8.7;0;0;0;0;0;98;0;0;1857;104.42;0;0;0;0;0;0;0;0;0;0;0;0;0;0;0;0;30;0;38.0;38.0;2;0;0.00;0.00;0.00;0.0;0.0
91.870;116;1065;37;39405;0.5;15.600;1.061;30;80;9;0;100;101;100;102;100;103;100;46;46;0;1.814;1.814;0.000;0.000;14.700;1.000;6.4;0.0;0;30;3.000;2.704;12.8;90;0;0;-8.8;0;0;0;0;0;98;0;0;1857;104.62;0;0;0;0;0;0;0;0;0;0;0;0;0;0;0;0;30;0;37.0;37.0;2;0;0.00;0.00;0.00;0.0;0.0
91.939;116;1072;37;39664;0.5;15.200;1.034;30;80;9;0;100;101;100;102;100;103;100;46;46;0;1.814;1.814;0.000;0.000;14.700;1.000;6.5;0.0;0;30;3.000;2.671;12.8;40;0;0;-8.8;0;0;0;0;0;98;0;0;1857;103.94;0;0;0;0;0;0;0;0;0;0;0;0;0;0;0;0;30;0;37.0;37.0;2;0;0.00;0.00;0.00;0.0;0.0
92.005;116;1080;37;39960;0.5;14.300;0.973;30;80;9;0;100;101;100;102;100;103;100;46;46;0;1.814;1.814;0.000;0.000;14.700;1.000;6.5;0.0;0;30;3.000;3.068;12.8;-40;0;0;-8.8;0;0;0;0;0;98;0;0;1857;103.17;0;0;0;0;0;0;0;0;0;0;0;0;0;0;0;0;30;0;37.0;37.0;2;0;0.00;0.00;0.00;0.0;0.0
92.070;116;1073;37;39701;0.5;13.800;0.939;30;80;9;0;100;101;100;102;100;103;100;46;46;0;1.802;1.802;0.000;0.000;14.700;1.000;6.4;0.0;0;30;3.000;2.965;12.9;-40;0;0;-8.8;0;0;0;0;0;98;0;0;1857;103.84;0;0;0;0;0;0;0;0;0;0;0;0;0;0;0;0;30;0;37.0;37.0;2;0;0.00;0.00;0.00;0.0;0.0
92.070;116;1065;37;39405;0.5;13.600;0.925;30;80;9;0;100;101;100;102;100;103;100;46;46;0;1.802;1.802;0.000;0.000;14.700;1.000;6.4;0.0;0;30;3.000;2.748;12.9;70;0;0;-8.8;0;0;0;0;0;98;0;0;1857;104.62;0;0;0;0;0;0;0;0;0;0;0;0;0;0;0;0;30;0;37.0;37.0;2;0;0.00;0.00;0.00;0.0;0.0
92.202;116;1045;37;38665;0.5;13.600;0.925;30;80;9;0;100;101;100;102;100;103;100;46;46;0;1.802;1.802;0.000;0.000;14.700;1.000;6.3;0.0;0;30;3.000;2.606;12.9;-280;0;0;-8.8;0;0;0;0;0;98;0;0;1857;106.62;0;0;0;0;0;0;0;0;0;0;0;0;0;0;0;0;30;0;37.0;37.0;2;0;0.00;0.00;0.00;0.0;0.0
92.271;116;1052;37;38924;0.5;13.000;0.884;30;80;9;0;100;101;100;102;100;103;100;46;46;0;1.802;1.802;0.000;0.000;14.700;1.000;6.3;0.0;0;30;3.000;2.967;12.9;-280;0;0;-8.8;0;0;0;0;0;98;0;0;1857;105.91;0;0;0;0;0;0;0;0;0;0;0;0;0;0;0;0;30;0;37.0;37.0;2;0;0.00;0.00;0.00;0.0;0.0
92.337;116;1033;38;39254;0.5;13.400;0.912;30;80;9;0;100;101;100;102;100;103;100;46;46;0;1.818;1.818;0.000;0.000;14.700;1.000;6.3;0.0;0;30;3.000;2.810;12.9;70;0;0;-8.7;0;0;0;0;0;98;0;0;1857;107.86;0;0;0;0;0;0;0;0;0;0;0;0;0;0;0;0;30;0;38.0;38.0;2;0;0.00;0.00;0.00;0.0;0.0
92.402;116;1038;38;39444;0.5;13.500;0.918;30;80;9;0;100;101;100;102;100;103;100;46;46;0;1.818;1.818;0.000;0.000;14.700;1.000;6.3;0.0;0;30;3.000;3.065;12.9;-140;0;0;-8.7;0;0;0;0;0;98;0;0;1857;107.34;0;0;0;0;0;0;0;0;0;0;0;0;0;0;0;0;30;0;38.0;38.0;2;0;0.00;0.00;0.00;0.0;0.0
92.468;116;1035;36;37260;0.5;13.600;0.925;30;80;9;0;100;101;100;102;100;103;100;45;45;0;1.788;1.788;0.000;0.000;14.700;1.000;6.2;0.0;0;30;3.000;2.938;12.9;-140;0;0;-9.0;0;0;0;0;0;98;0;0;1857;107.65;0;0;0;0;0;0;0;0;0;0;0;0;0;0;0;0;30;0;36.0;36.0;2;0;0.00;0.00;0.00;0.0;0.0
92.538;116;995;38;37810;0.5;14.200;0.966;30;80;9;0;100;101;100;102;100;103;100;46;46;0;1.818;1.818;0.000;0.000;14.700;1.000;6.0;0.0;0;30;3.000;2.454;12.9;-150;0;0;-8.7;0;0;0;0;0;98;0;0;1857;111.98;0;0;0;0;0;0;0;0;0;0;0;0;0;0;0;0;30;0;38.0;38.0;2;0;0.00;0.00;0.00;0.0;0.0
92.607;116;979;39;38181;0.5;13.900;0.946;30;80;9;0;100;101;100;102;100;103;100;47;47;0;1.833;1.833;0.000;0.000;14.700;1.000;6.0;0.0;0;29;3.000;2.551;12.9;-340;0;0;-8.6;0;0;0;0;0;98;0;0;1857;113.81;0;0;0;0;0;0;0;0;0;0;0;0;0;0;0;0;29;0;39.0;39.0;2;0;0.00;0.00;0.00;0.0;0.0
92.673;116;970;39;37830;0.5;13.900;0.946;30;80;9;0;100;101;100;102;100;103;100;46;46;0;1.827;1.827;0.000;0.000;14.700;1.000;5.9;0.0;0;29;3.000;2.592;12.9;-340;0;0;-8.6;0;0;0;0;0;98;0;0;1857;114.87;0;0;0;0;0;0;0;0;0;0;0;0;0;0;0;0;29;0;39.0;39.0;2;0;0.00;0.00;0.00;0.0;0.0
92.738;116;964;40;38560;0.5;14.100;0.959;30;80;9;0;100;101;100;102;100;103;100;47;47;0;1.841;1.841;0.000;0.000;14.700;1.000;5.9;0.0;0;29;3.000;2.633;12.9;-190;0;0;-8.4;0;0;0;0;0;98;0;0;1857;115.58;0;0;0;0;0;0;0;0;0;0;0;0;0;0;0;0;29;0;40.0;40.0;2;0;0.00;0.00;0.00;0.0;0.0
92.804;117;939;40;37560;0.5;14.200;0.966;30;80;9;0;100;101;100;102;100;103;100;47;47;0;1.841;1.841;0.000;0.000;14.700;1.000;5.8;0.0;0;28;3.000;2.477;12.9;-310;0;0;-8.4;0;0;0;0;0;98;0;0;1851;118.27;0;0;0;0;0;0;0;0;0;0;0;0;0;0;0;0;28;0;40.0;40.0;2;0;0.00;0.00;0.00;0.0;0.0
92.869;117;941;41;38581;0.5;17.800;1.211;30;80;9;0;100;101;100;102;100;103;100;47;47;0;1.849;1.849;0.000;0.000;14.700;1.000;5.8;0.0;0;28;3.000;2.820;12.9;-310;0;0;-8.3;0;0;0;0;0;98;0;0;1851;118.02;0;0;0;0;0;0;0;0;0;0;0;0;0;0;0;0;28;0;41.0;41.0;2;0;0.00;0.00;0.00;0.0;0.0
92.935;117;936;41;38376;0.5;19.300;1.313;30;80;9;0;100;101;100;102;100;103;100;47;47;0;1.849;1.849;0.000;0.000;14.700;1.000;5.8;0.0;0;28;3.000;2.558;12.9;80;0;0;-8.3;0;0;0;0;0;98;0;0;1851;118.65;0;0;0;0;0;0;0;0;0;0;0;0;0;0;0;0;28;0;41.0;41.0;2;0;0.00;0.00;0.00;0.0;0.0
93.000;117;932;41;38212;0.5;16.700;1.136;30;80;9;0;100;101;100;102;100;103;100;47;47;0;1.849;1.849;0.000;0.000;14.700;1.000;5.7;0.0;0;28;3.000;2.900;12.9;-150;0;0;-8.3;0;0;0;0;0;98;0;0;1851;119.16;0;0;0;0;0;0;0;0;0;0;0;0;0;0;0;0;28;0;41.0;41.0;2;0;0.00;0.00;0.00;0.0;0.0
93.070;117;959;41;39319;0.5;19.000;1.293;30;80;9;0;100;101;100;102;100;103;100;48;48;0;1.845;1.845;0.000;0.000;14.700;1.000;5.9;0.0;0;29;3.000;3.014;13.0;-150;0;0;-8.3;0;0;0;0;0;98;0;0;1851;115.81;0;0;0;0;0;0;0;0;0;0;0;0;0;0;0;0;29;0;41.0;41.0;2;0;0.00;0.00;0.00;0.0;0.0
93.135;117;965;41;39565;0.5;19.500;1.327;30;80;9;0;100;101;100;102;100;103;100;48;48;0;1.845;1.845;0.000;0.000;14.700;1.000;5.9;0.0;0;29;3.000;2.956;13.0;300;0;0;-8.3;0;0;0;0;0;98;0;0;1851;115.09;0;0;0;0;0;0;0;0;0;0;0;0;0;0;0;0;29;0;41.0;41.0;2;0;0.00;0.00;0.00;0.0;0.0
93.201;117;976;41;40016;0.5;19.700;1.340;30;80;9;0;100;101;100;102;100;103;100;48;48;0;1.845;1.845;0.000;0.000;14.700;1.000;6.0;0.0;0;29;3.000;3.154;13.0;140;0;0;-8.3;0;0;0;0;0;98;0;0;1851;113.79;0;0;0;0;0;0;0;0;0;0;0;0;0;0;0;0;29;0;41.0;41.0;2;0;0.00;0.00;0.00;0.0;0.0
93.266;117;981;41;40221;0.5;19.700;1.340;30;80;9;0;100;101;100;102;100;103;100;48;48;0;1.845;1.845;0.000;0.000;14.700;1.000;6.0;0.0;0;29;3.000;2.896;13.0;140;0;0;-8.3;0;0;0;0;0;98;0;0;1851;113.21;0;0;0;0;0;0;0;0;0;0;0;0;0;0;0;0;29;0;41.0;41.0;2;0;0.00;0.00;0.00;0.0;0.0
93.336;117;983;41;40303;0.5;19.700;1.340;30;80;9;0;100;101;100;102;100;103;100;48;48;0;1.845;1.845;0.000;0.000;14.700;1.000;6.0;0.0;0;29;3.000;2.977;13.0;20;0;0;-8.3;0;0;0;0;0;98;0;0;1851;112.98;0;0;0;0;0;0;0;0;0;0;0;0;0;0;0;0;29;0;41.0;41.0;2;0;0.00;0.00;0.00;0.0;0.0
93.402;117;991;40;39640;0.5;19.700;1.340;30;80;9;0;100;101;100;102;100;103;100;47;47;0;1.829;1.829;0.000;0.000;14.700;1.000;6.0;0.0;0;29;3.000;3.088;13.0;20;0;0;-8.4;0;0;0;0;0;98;0;0;1851;112.07;0;0;0;0;0;0;0;0;0;0;0;0;0;0;0;0;29;0;40.0;40.0;2;0;0.00;0.00;0.00;0.0;0.0
93.467;117;979;40;39160;0.5;19.700;1.340;30;80;9;0;100;101;100;102;100;103;100;47;47;0;1.829;1.829;0.000;0.000;14.700;1.000;6.0;0.0;0;29;3.000;2.984;13.0;130;0;0;-8.4;0;0;0;0;0;98;0;0;1851;113.44;0;0;0;0;0;0;0;0;0;0;0;0;0;0;0;0;29;0;40.0;40.0;2;0;0.00;0.00;0.00;0.0;0.0
93.537;117;980;40;39200;0.5;19.700;1.340;30;80;9;0;100;101;100;102;100;103;100;47;47;0;1.829;1.829;0.000;0.000;14.700;1.000;6.0;0.0;0;29;3.000;2.870;13.0;-110;0;0;-8.4;0;0;0;0;0;98;0;0;1851;113.33;0;0;0;0;0;0;0;0;0;0;0;0;0;0;0;0;29;0;40.0;40.0;2;0;0.00;0.00;0.00;0.0;0.0
93.603;117;984;40;39360;0.5;19.700;1.340;30;80;9;0;100;101;100;102;100;103;100;47;47;0;1.841;1.841;0.000;0.000;14.700;1.000;6.0;0.0;0;29;3.000;2.844;12.9;-110;0;0;-8.4;0;0;0;0;0;98;0;0;1851;112.87;0;0;0;0;0;0;0;0;0;0;0;0;0;0;0;0;29;0;40.0;40.0;2;0;0.00;0.00;0.00;0.0;0.0
93.668;117;982;40;39280;0.5;19.400;1.320;30;80;9;0;100;101;100;102;100;103;100;47;47;0;1.841;1.841;0.000;0.000;14.700;1.000;6.0;0.0;0;29;3.000;2.779;12.9;40;0;0;-8.4;0;0;0;0;0;98;0;0;1851;113.10;0;0;0;0;0;0;0;0;0;0;0;0;0;0;0;0;29;0;40.0;40.0;2;0;0.00;0.00;0.00;0.0;0.0
93.733;117;975;40;39000;0.5;19.500;1.327;30;80;9;0;100;101;100;102;100;103;100;47;47;0;1.841;1.841;0.000;0.000;14.700;1.000;6.0;0.0;0;29;3.000;2.854;12.9;-90;0;0;-8.4;0;0;0;0;0;98;0;0;1851;113.91;0;0;0;0;0;0;0;0;0;0;0;0;0;0;0;0;29;0;40.0;40.0;2;0;0.00;0.00;0.00;0.0;0.0
93.803;117;993;40;39720;0.5;19.700;1.340;30;80;9;0;100;101;100;102;100;103;100;47;47;0;1.841;1.841;0.000;0.000;14.700;1.000;6.1;0.0;0;29;3.000;2.968;12.9;-90;0;0;-8.4;0;0;0;0;0;98;0;0;1851;111.84;0;0;0;0;0;0;0;0;0;0;0;0;0;0;0;0;29;0;40.0;40.0;2;0;0.00;0.00;0.00;0.0;0.0
93.869;118;989;40;39560;0.5;19.700;1.340;30;80;9;0;100;101;100;102;100;103;100;47;47;0;1.841;1.841;0.000;0.000;14.700;1.000;6.1;0.0;0;29;3.000;2.850;12.9;180;0;0;-8.4;0;0;0;0;0;98;0;0;1854;112.48;0;0;0;0;0;0;0;0;0;0;0;0;0;0;0;0;29;0;40.0;40.0;2;0;0.00;0.00;0.00;0.0;0.0
93.938;118;995;40;39800;0.5;19.300;1.313;30;80;9;0;100;101;100;102;100;103;100;47;47;0;1.841;1.841;0.000;0.000;14.700;1.000;6.1;0.0;0;29;3.000;3.108;12.9;-90;0;0;-8.4;0;0;0;0;0;98;0;0;1854;111.80;0;0;0;0;0;0;0;0;0;0;0;0;0;0;0;0;29;0;40.0;40.0;2;0;0.00;0.00;0.00;0.0;0.0
94.004;118;999;40;39960;0.5;18.900;1.286;30;80;9;0;100;101;100;102;100;103;100;47;47;0;1.841;1.841;0.000;0.000;14.700;1.000;6.1;0.0;0;29;3.000;2.718;12.9;-90;0;0;-8.4;0;0;0;0;0;98;0;0;1854;111.35;0;0;0;0;0;0;0;0;0;0;0;0;0;0;0;0;29;0;40.0;40.0;2;0;0.00;0.00;0.00;0.0;0.0
94.070;118;974;40;38960;0.5;18.400;1.252;30;80;9;0;100;101;100;102;100;103;100;47;47;0;1.841;1.841;0.000;0.000;14.700;1.000;6.0;0.0;0;29;3.000;2.761;12.9;-50;0;0;-8.4;0;0;0;0;0;98;0;0;1854;114.21;0;0;0;0;0;0;0;0;0;0;0;0;0;0;0;0;29;0;40.0;40.0;2;0;0.00;0.00;0.00;0.0;0.0
94.138;118;979;40;39160;0.5;18.400;1.252;30;80;9;0;100;101;100;102;100;103;100;47;47;0;1.841;1.841;0.000;0.000;14.700;1.000;6.0;0.0;0;29;3.000;3.032;12.9;10;0;0;-8.4;0;0;0;0;0;98;0;0;1854;113.63;0;0;0;0;0;0;0;0;0;0;0;0;0;0;0;0;29;0;40.0;40.0;2;0;0.00;0.00;0.00;0.0;0.0
94.204;118;1003;40;40120;0.5;19.100;1.299;30;80;9;0;100;101;100;102;100;103;100;48;48;0;1.848;1.848;0.000;0.000;14.700;1.000;6.2;0.0;0;30;3.000;3.223;12.9;10;0;0;-8.4;0;0;0;0;0;98;0;0;1854;110.91;0;0;0;0;0;0;0;0;0;0;0;0;0;0;0;0;30;0;40.0;40.0;2;0;0.00;0.00;0.00;0.0;0.0
94.204;118;1004;40;40160;0.5;19.600;1.333;30;80;9;0;100;101;100;102;100;103;100;48;48;0;1.848;1.848;0.000;0.000;14.700;1.000;6.2;0.0;0;30;3.000;2.709;12.9;230;0;0;-8.4;0;0;0;0;0;98;0;0;1854;110.80;0;0;0;0;0;0;0;0;0;0;0;0;0;0;0;0;30;0;40.0;40.0;2;0;0.00;0.00;0.00;0.0;0.0
94.339;118;999;40;39960;0.5;19.700;1.340;30;80;9;0;100;101;100;102;100;103;100;47;47;0;1.841;1.841;0.000;0.000;14.700;1.000;6.1;0.0;0;29;3.000;2.602;12.9;-40;0;0;-8.4;0;0;0;0;0;98;0;0;1854;111.35;0;0;0;0;0;0;0;0;0;0;0;0;0;0;0;0;29;0;40.0;40.0;2;0;0.00;0.00;0.00;0.0;0.0
94.405;118;998;40;39920;0.5;19.700;1.340;30;80;9;0;100;101;100;102;100;103;100;47;47;0;1.841;1.841;0.000;0.000;14.700;1.000;6.1;0.0;0;29;3.000;2.694;12.9;-40;0;0;-8.4;0;0;0;0;0;98;0;0;1854;111.46;0;0;0;0;0;0;0;0;0;0;0;0;0;0;0;0;29;0;40.0;40.0;2;0;0.00;0.00;0.00;0.0;0.0
94.471;118;989;40;39560;0.5;19.700;1.340;30;80;9;0;100;101;100;102;100;103;100;47;47;0;1.841;1.841;0.000;0.000;14.700;1.000;6.1;0.0;0;29;3.000;2.738;12.9;-10;0;0;-8.4;0;0;0;0;0;98;0;0;1854;112.48;0;0;0;0;0;0;0;0;0;0;0;0;0;0;0;0;29;0;40.0;40.0;2;0;0.00;0.00;0.00;0.0;0.0
94.536;118;977;40;39080;0.5;19.100;1.299;30;80;9;0;100;101;100;102;100;103;100;47;47;0;1.841;1.841;0.000;0.000;14.700;1.000;6.0;0.0;0;29;3.000;2.403;12.9;-240;0;0;-8.4;0;0;0;0;0;98;0;0;1854;113.86;0;0;0;0;0;0;0;0;0;0;0;0;0;0;0;0;29;0;40.0;40.0;2;0;0.00;0.00;0.00;0.0;0.0
94.601;118;991;40;39640;0.5;19.600;1.333;30;80;9;0;100;101;100;102;100;103;100;47;47;0;1.829;1.829;0.000;0.000;14.700;1.000;6.0;0.0;0;29;3.000;3.077;13.0;-240;0;0;-8.4;0;0;0;0;0;98;0;0;1854;112.25;0;0;0;0;0;0;0;0;0;0;0;0;0;0;0;0;29;0;40.0;40.0;2;0;0.00;0.00;0.00;0.0;0.0
94.668;118;978;40;39120;0.5;19.700;1.340;30;80;9;0;100;101;100;102;100;103;100;47;47;0;1.829;1.829;0.000;0.000;14.700;1.000;6.0;0.0;0;29;3.000;2.823;13.0;80;0;0;-8.4;0;0;0;0;0;98;0;0;1854;113.74;0;0;0;0;0;0;0;0;0;0;0;0;0;0;0;0;29;0;40.0;40.0;2;0;0.00;0.00;0.00;0.0;0.0
94.737;118;975;40;39000;0.5;19.700;1.340;30;80;9;0;100;101;100;102;100;103;100;47;47;0;1.829;1.829;0.000;0.000;14.700;1.000;5.9;0.0;0;29;3.000;2.962;13.0;-70;0;0;-8.4;0;0;0;0;0;98;0;0;1854;114.09;0;0;0;0;0;0;0;0;0;0;0;0;0;0;0;0;29;0;40.0;40.0;2;0;0.00;0.00;0.00;0.0;0.0
94.803;118;955;41;39155;0.5;19.700;1.340;30;80;9;0;100;101;100;102;100;103;100;48;48;0;1.845;1.845;0.000;0.000;14.700;1.000;5.9;0.0;0;28;3.000;2.507;13.0;-70;0;0;-8.3;0;0;0;0;0;98;0;0;1854;116.48;0;0;0;0;0;0;0;0;0;0;0;0;0;0;0;0;28;0;41.0;41.0;2;0;0.00;0.00;0.00;0.0;0.0
94.872;119;952;41;39032;0.5;19.700;1.340;30;80;9;0;100;101;100;102;100;103;100;48;48;0;1.845;1.845;0.000;0.000;14.700;1.000;5.9;0.0;0;28;3.000;2.920;13.0;-220;0;0;-8.3;0;0;0;0;0;98;0;0;1859;117.16;0;0;0;0;0;0;0;0;0;0;0;0;0;0;0;0;28;0;41.0;41.0;2;0;0.00;0.00;0.00;0.0;0.0
94.937;119;957;41;39237;0.5;19.700;1.340;30;80;9;0;100;101;100;102;100;103;100;48;48;0;1.845;1.845;0.000;0.000;14.700;1.000;5.9;0.0;0;28;3.000;2.926;13.0;40;0;0;-8.3;0;0;0;0;0;98;0;0;1859;116.55;0;0;0;0;0;0;0;0;0;0;0;0;0;0;0;0;28;0;41.0;41.0;2;0;0.00;0.00;0.00;0.0;0.0
95.003;119;946;41;38786;0.5;19.700;1.340;30;80;9;0;100;101;100;102;100;103;100;47;47;0;1.837;1.837;0.000;0.000;14.700;1.000;5.8;0.0;0;28;3.000;3.034;13.0;40;0;0;-8.3;0;0;0;0;0;98;0;0;1859;117.91;0;0;0;0;0;0;0;0;0;0;0;0;0;0;0;0;28;0;41.0;41.0;2;0;0.00;0.00;0.00;0.0;0.0
95.068;119;929;41;38089;0.5;19.700;1.340;30;80;9;0;100;101;100;102;100;103;100;47;47;0;1.837;1.837;0.000;0.000;14.700;1.000;5.7;0.0;0;28;3.000;2.640;13.0;-200;0;0;-8.3;0;0;0;0;0;98;0;0;1859;120.06;0;0;0;0;0;0;0;0;0;0;0;0;0;0;0;0;28;0;41.0;41.0;2;0;0.00;0.00;0.00;0.0;0.0
95.138;119;907;42;38094;0.5;19.700;1.340;30;80;9;0;100;101;100;102;100;103;100;48;48;0;1.873;1.873;0.000;0.000;14.700;1.000;5.7;0.0;0;27;3.000;2.092;12.9;-300;0;0;-8.1;0;0;0;0;0;98;0;0;1859;122.98;0;0;0;0;0;0;0;0;0;0;0;0;0;0;0;0;27;0;42.0;42.0;2;0;0.00;0.00;0.00;0.0;0.0
95.204;119;896;42;37632;0.5;19.700;1.340;30;80;9;0;100;101;100;102;100;103;100;47;47;0;1.865;1.865;0.000;0.000;14.700;1.000;5.6;0.0;0;27;3.000;2.611;12.9;-300;0;0;-8.1;0;0;0;0;0;98;0;0;1859;124.49;0;0;0;0;0;0;0;0;0;0;0;0;0;0;0;0;27;0;42.0;42.0;2;0;0.00;0.00;0.00;0.0;0.0
95.274;119;866;43;37238;0.5;19.700;1.340;30;80;9;0;100;101;100;102;100;103;100;48;48;0;1.881;1.881;0.000;0.000;14.700;1.000;5.4;0.0;0;27;3.000;2.234;12.9;-190;0;0;-8.0;0;0;0;0;0;98;0;0;1859;128.80;0;0;0;0;0;0;0;0;0;0;0;0;0;0;0;0;27;0;43.0;43.0;2;0;0.00;0.00;0.00;0.0;0.0
95.339;119;834;45;37530;0.5;19.700;1.340;30;80;9;0;100;101;100;102;100;103;100;48;48;0;1.906;1.906;0.000;0.000;14.700;1.000;5.3;0.0;0;26;3.000;1.939;12.9;-540;0;0;-7.7;0;0;0;0;0;98;0;0;1859;133.74;0;0;0;0;0;0;0;0;0;0;0;0;0;0;0;0;26;0;45.0;45.0;2;0;0.00;0.00;0.00;0.0;0.0
95.406;119;825;45;37125;0.5;19.700;1.340;30;80;9;0;100;101;100;102;100;103;100;48;48;0;1.906;1.906;0.000;0.000;14.700;1.000;5.2;0.0;0;25;3.000;2.816;12.9;-540;0;0;-7.7;0;0;0;0;0;98;0;0;1859;135.20;0;0;0;0;0;0;0;0;0;0;0;0;0;0;0;0;25;0;45.0;45.0;2;0;0.00;0.00;0.00;0.0;0.0
95.474;119;823;47;38681;0.5;19.700;1.340;30;80;9;0;100;101;100;102;100;103;100;49;49;0;1.938;1.938;0.000;0.000;14.600;0.993;5.3;0.0;0;25;3.000;2.725;12.9;-90;0;0;-7.4;0;0;0;0;0;98;0;0;1859;135.53;0;0;0;0;0;0;0;0;0;0;0;0;0;0;0;0;25;0;47.0;47.0;2;0;0.00;0.00;0.00;0.0;0.0
95.539;119;820;47;38540;0.5;19.700;1.340;30;80;9;0;100;101;100;102;100;103;100;49;49;0;1.938;1.938;0.000;0.000;14.600;0.993;5.3;0.0;0;25;3.000;2.550;12.9;-50;0;0;-7.4;0;0;0;0;0;98;0;0;1859;136.02;0;0;0;0;0;0;0;0;0;0;0;0;0;0;0;0;25;0;47.0;47.0;2;0;0.00;0.00;0.00;0.0;0.0
95.539;119;789;47;37083;0.5;19.700;1.340;30;80;9;0;100;101;100;102;100;103;100;49;49;0;1.938;1.938;0.000;0.000;14.600;0.993;5.1;0.0;0;24;3.000;2.240;12.9;-50;0;0;-7.4;0;0;0;0;0;98;0;0;1859;141.37;0;0;0;0;0;0;0;0;0;0;0;0;0;0;0;0;24;0;47.0;47.0;2;0;0.00;0.00;0.00;0.0;0.0
95.671;119;806;48;38688;0.5;19.700;1.340;30;80;9;0;100;101;100;102;100;103;100;50;50;0;1.956;1.956;0.000;0.000;14.600;0.993;5.3;0.0;0;25;3.000;2.508;12.9;-300;0;0;-7.3;0;0;0;0;0;98;0;0;1859;138.39;0;0;0;0;0;0;0;0;0;0;0;0;0;0;0;0;25;0;48.0;48.0;2;0;0.00;0.00;0.00;0.0;0.0
95.671;119;825;48;39600;0.5;19.700;1.340;30;80;9;0;100;101;100;102;100;103;100;50;50;0;1.956;1.956;0.000;0.000;14.500;0.986;5.4;0.0;0;25;3.000;3.396;12.9;-300;0;0;-7.3;0;0;0;0;0;98;0;0;1859;135.20;0;0;0;0;0;0;0;0;0;0;0;0;0;0;0;0;25;0;48.0;48.0;2;0;0.00;0.00;0.00;0.0;0.0
95.802;119;825;47;38775;0.5;19.700;1.340;30;80;9;0;100;101;100;102;100;103;100;49;49;0;1.938;1.938;0.000;0.000;14.600;0.993;5.3;0.0;0;26;3.000;2.892;12.9;350;0;0;-7.4;0;0;0;0;0;98;0;0;1859;135.20;0;0;0;0;0;0;0;0;0;0;0;0;0;0;0;0;26;0;47.0;47.0;2;0;0.00;0.00;0.00;0.0;0.0
95.871;120;820;47;38540;0.5;19.700;1.340;30;80;9;0;100;101;100;102;100;103;100;49;49;0;1.950;1.950;0.000;0.000;14.600;0.993;5.3;0.0;0;25;3.000;2.249;12.8;110;0;0;-7.4;0;0;0;0;0;98;0;0;1861;136.17;0;0;0;0;0;0;0;0;0;0;0;0;0;0;0;0;25;0;47.0;47.0;2;0;0.00;0.00;0.00;0.0;0.0
95.937;120;833;47;39151;0.5;19.700;1.340;30;80;9;0;100;101;100;102;100;103;100;50;50;0;1.958;1.958;0.000;0.000;14.700;1.000;5.4;0.0;0;26;3.000;3.397;12.8;110;0;0;-7.4;0;0;0;0;0;98;0;0;1861;134.05;0;0;0;0;0;0;0;0;0;0;0;0;0;0;0;0;26;0;47.0;47.0;2;0;0.00;0.00;0.00;0.0;0.0
96.002;120;848;47;39856;0.5;19.700;1.340;30;80;9;0;100;101;100;102;100;103;100;50;50;0;1.958;1.958;0.000;0.000;14.600;0.993;5.5;0.0;0;26;3.000;2.909;12.8;-30;0;0;-7.4;0;0;0;0;0;98;0;0;1861;131.67;0;0;0;0;0;0;0;0;0;0;0;0;0;0;0;0;26;0;47.0;47.0;2;0;0.00;0.00;0.00;0.0;0.0
96.068;120;862;47;40514;0.5;19.700;1.340;30;80;9;0;100;101;100;102;100;103;100;50;50;0;1.958;1.958;0.000;0.000;14.600;0.993;5.6;0.0;0;26;3.000;3.060;12.8;250;0;0;-7.4;0;0;0;0;0;98;0;0;1861;129.54;0;0;0;0;0;0;0;0;0;0;0;0;0;0;0;0;26;0;47.0;47.0;2;0;0.00;0.00;0.00;0.0;0.0
96.068;120;871;45;39195;0.5;19.700;1.340;30;80;9;0;100;101;100;102;100;103;100;49;49;0;1.933;1.933;0.000;0.000;14.700;1.000;5.6;0.0;0;26;3.000;3.187;12.8;250;0;0;-7.7;0;0;0;0;0;98;0;0;1861;128.20;0;0;0;0;0;0;0;0;0;0;0;0;0;0;0;0;26;0;45.0;45.0;2;0;0.00;0.00;0.00;0.0;0.0
96.203;120;883;45;39735;0.5;19.700;1.340;30;80;9;0;100;101;100;102;100;103;100;49;49;0;1.933;1.933;0.000;0.000;14.700;1.000;5.7;0.0;0;27;3.000;3.351;12.8;130;0;0;-7.7;0;0;0;0;0;98;0;0;1861;126.46;0;0;0;0;0;0;0;0;0;0;0;0;0;0;0;0;27;0;45.0;45.0;2;0;0.00;0.00;0.00;0.0;0.0
96.269;120;898;44;39512;0.5;19.700;1.340;30;80;9;0;100;101;100;102;100;103;100;48;48;0;1.902;1.902;0.000;0.000;14.700;1.000;5.7;0.0;0;27;3.000;3.002;12.8;200;0;0;-7.8;0;0;0;0;0;98;0;0;1861;124.34;0;0;0;0;0;0;0;0;0;0;0;0;0;0;0;0;27;0;44.0;44.0;2;0;0.00;0.00;0.00;0.0;0.0
96.334;120;936;43;40248;0.5;19.700;1.340;30;80;9;0;100;101;100;102;100;103;100;48;48;0;1.893;1.893;0.000;0.000;14.700;1.000;5.9;0.0;0;28;3.000;3.413;12.8;200;0;0;-8.0;0;0;0;0;0;98;0;0;1861;119.29;0;0;0;0;0;0;0;0;0;0;0;0;0;0;0;0;28;0;43.0;43.0;2;0;0.00;0.00;0.00;0.0;0.0
96.404;120;928;42;38976;0.5;19.700;1.340;30;80;9;0;100;101;100;102;100;103;100;48;48;0;1.897;1.897;0.000;0.000;14.700;1.000;5.9;0.0;0;28;3.000;2.593;12.7;450;0;0;-8.1;0;0;0;0;0;98;0;0;1861;120.32;0;0;0;0;0;0;0;0;0;0;0;0;0;0;0;0;28;0;42.0;42.0;2;0;0.00;0.00;0.00;0.0;0.0
96.469;120;951;42;39942;0.5;19.700;1.340;30;80;9;0;100;101;100;102;100;103;100;48;48;0;1.897;1.897;0.000;0.000;14.700;1.000;6.0;0.0;0;28;3.000;3.129;12.7;50;0;0;-8.1;0;0;0;0;0;98;0;0;1861;117.41;0;0;0;0;0;0;0;0;0;0;0;0;0;0;0;0;28;0;42.0;42.0;2;0;0.00;0.00;0.00;0.0;0.0
96.539;120;954;41;39114;0.5;19.700;1.340;30;80;9;0;100;101;100;102;100;103;100;48;48;0;1.881;1.881;0.000;0.000;14.700;1.000;6.0;0.0;0;28;3.000;2.621;12.7;50;0;0;-8.3;0;0;0;0;0;98;0;0;1861;117.04;0;0;0;0;0;0;0;0;0;0;0;0;0;0;0;0;28;0;41.0;41.0;2;0;0.00;0.00;0.00;0.0;0.0
96.604;120;964;41;39524;0.5;19.600;1.333;30;80;9;0;100;101;100;102;100;103;100;48;48;0;1.905;1.905;0.000;0.000;14.700;1.000;6.1;0.0;0;29;3.000;3.192;12.5;150;0;0;-8.3;0;0;0;0;0;98;0;0;1861;115.83;0;0;0;0;0;0;0;0;0;0;0;0;0;0;0;0;29;0;41.0;41.0;2;0;0.00;0.00;0.00;0.0;0.0
96.671;120;978;41;40098;0.5;19.700;1.340;30;80;9;0;100;101;100;102;100;103;100;48;48;0;1.905;1.905;0.000;0.000;14.700;1.000;6.2;0.0;0;29;3.000;2.651;12.5;90;0;0;-8.3;0;0;0;0;0;98;0;0;1861;114.17;0;0;0;0;0;0;0;0;0;0;0;0;0;0;0;0;29;0;41.0;41.0;2;0;0.00;0.00;0.00;0.0;0.0
96.739;120;1004;40;40160;0.5;19.700;1.340;30;80;9;0;100;101;100;102;100;103;100;48;48;0;1.896;1.896;0.000;0.000;14.700;1.000;6.3;0.0;0;30;3.000;3.158;12.5;90;0;0;-8.4;0;0;0;0;0;98;0;0;1861;111.22;0;0;0;0;0;0;0;0;0;0;0;0;0;0;0;0;30;0;40.0;40.0;2;0;0.00;0.00;0.00;0.0;0.0
96.805;120;1011;40;40440;0.5;19.700;1.340;30;80;9;0;100;101;100;102;100;103;100;48;48;0;1.896;1.896;0.000;0.000;14.700;1.000;6.4;0.0;0;30;3.000;3.005;12.5;390;0;0;-8.4;0;0;0;0;0;98;0;0;1861;110.45;0;0;0;0;0;0;0;0;0;0;0;0;0;0;0;0;30;0;40.0;40.0;2;0;0.00;0.00;0.00;0.0;0.0
96.871;121;1012;39;39468;0.5;19.700;1.340;30;80;9;0;100;101;100;102;100;103;100;47;47;0;1.857;1.857;0.000;0.000;14.700;1.000;6.3;0.0;0;30;3.000;2.908;12.7;80;0;0;-8.6;0;0;0;0;0;98;0;0;1859;110.22;0;0;0;0;0;0;0;0;0;0;0;0;0;0;0;0;30;0;39.0;39.0;2;0;0.00;0.00;0.00;0.0;0.0
96.936;121;1016;39;39624;0.5;19.700;1.340;30;80;9;0;100;101;100;102;100;103;100;47;47;0;1.857;1.857;0.000;0.000;14.700;1.000;6.3;0.0;0;30;3.000;3.158;12.7;80;0;0;-8.6;0;0;0;0;0;98;0;0;1859;109.78;0;0;0;0;0;0;0;0;0;0;0;0;0;0;0;0;30;0;39.0;39.0;2;0;0.00;0.00;0.00;0.0;0.0
97.002;121;1026;39;40014;0.5;18.400;1.252;30;80;9;0;100;101;100;102;100;103;100;47;47;0;1.857;1.857;0.000;0.000;14.700;1.000;6.4;0.0;0;30;3.000;2.977;12.7;110;0;0;-8.6;0;0;0;0;0;98;0;0;1859;108.71;0;0;0;0;0;0;0;0;0;0;0;0;0;0;0;0;30;0;39.0;39.0;2;0;0.00;0.00;0.00;0.0;0.0
97.068;121;1029;39;40131;0.5;17.500;1.190;30;80;9;0;100;101;100;102;100;103;100;47;47;0;1.857;1.857;0.000;0.000;14.700;1.000;6.4;0.0;0;30;3.000;2.707;12.7;60;0;0;-8.6;0;0;0;0;0;98;0;0;1859;108.40;0;0;0;0;0;0;0;0;0;0;0;0;0;0;0;0;30;0;39.0;39.0;2;0;0.00;0.00;0.00;0.0;0.0
97.068;121;1024;39;39936;0.5;16.800;1.143;30;81;9;0;100;101;100;102;100;103;100;47;47;0;1.857;1.857;0.000;0.000;14.700;1.000;6.3;0.0;0;30;3.000;2.722;12.7;60;0;0;-8.6;0;0;0;0;0;98;0;0;1859;108.93;0;0;0;0;0;0;0;0;0;0;0;0;0;0;0;0;30;0;39.0;39.0;2;0;0.00;0.00;0.00;0.0;0.0
97.207;121;1034;38;39292;0.5;17.000;1.156;30;81;9;0;100;101;100;102;100;103;100;47;47;0;1.849;1.849;0.000;0.000;14.700;1.000;6.4;0.0;0;30;3.000;2.971;12.7;20;0;0;-8.7;0;0;0;0;0;98;0;0;1859;107.87;0;0;0;0;0;0;0;0;0;0;0;0;0;0;0;0;30;0;38.0;38.0;2;0;0.00;0.00;0.00;0.0;0.0
97.275;121;1038;38;39444;0.5;16.900;1.150;30;81;9;0;100;101;100;102;100;103;100;46;46;0;1.842;1.842;0.000;0.000;14.700;1.000;6.4;0.0;0;30;3.000;3.196;12.7;70;0;0;-8.7;0;0;0;0;0;98;0;0;1859;107.46;0;0;0;0;0;0;0;0;0;0;0;0;0;0;0;0;30;0;38.0;38.0;2;0;0.00;0.00;0.00;0.0;0.0
97.338;121;1034;38;39292;0.5;16.600;1.129;30;81;9;0;100;101;100;102;100;103;100;47;47;0;1.849;1.849;0.000;0.000;14.700;1.000;6.4;0.0;0;30;3.000;2.792;12.7;70;0;0;-8.7;0;0;0;0;0;98;0;0;1859;107.87;0;0;0;0;0;0;0;0;0;0;0;0;0;0;0;0;30;0;38.0;38.0;2;0;0.00;0.00;0.00;0.0;0.0
97.403;121;1031;38;39178;0.5;15.200;1.034;30;81;9;0;100;101;100;102;100;103;100;47;47;0;1.849;1.849;0.000;0.000;14.700;1.000;6.4;0.0;0;30;3.000;3.143;12.7;-160;0;0;-8.7;0;0;0;0;0;98;0;0;1859;108.19;0;0;0;0;0;0;0;0;0;0;0;0;0;0;0;0;30;0;38.0;38.0;2;0;0.00;0.00;0.00;0.0;0.0
97.403;121;1032;38;39216;0.5;14.100;0.959;30;81;9;0;100;101;100;102;100;103;100;46;46;0;1.842;1.842;0.000;0.000;14.700;1.000;6.3;0.0;0;30;3.000;2.807;12.7;100;0;0;-8.7;0;0;0;0;0;98;0;0;1859;108.08;0;0;0;0;0;0;0;0;0;0;0;0;0;0;0;0;30;0;38.0;38.0;2;0;0.00;0.00;0.00;0.0;0.0
97.538;121;1023;39;39897;0.5;13.800;0.939;30;81;9;0;100;101;100;102;100;103;100;47;47;0;1.857;1.857;0.000;0.000;14.700;1.000;6.3;0.0;0;30;3.000;2.646;12.7;100;0;0;-8.6;0;0;0;0;0;98;0;0;1859;109.03;0;0;0;0;0;0;0;0;0;0;0;0;0;0;0;0;30;0;39.0;39.0;2;0;0.00;0.00;0.00;0.0;0.0
97.604;121;1024;38;38912;0.5;13.600;0.925;30;81;9;0;100;101;100;102;100;103;100;46;46;0;1.842;1.842;0.000;0.000;14.700;1.000;6.3;0.0;0;30;3.000;2.728;12.7;-60;0;0;-8.7;0;0;0;0;0;98;0;0;1859;108.93;0;0;0;0;0;0;0;0;0;0;0;0;0;0;0;0;30;0;38.0;38.0;2;0;0.00;0.00;0.00;0.0;0.0
97.670;121;1027;39;40053;0.5;14.100;0.959;30;81;9;0;100;101;100;102;100;103;100;47;47;0;1.845;1.845;0.000;0.000;14.700;1.000;6.3;0.0;0;30;3.000;2.772;12.8;10;0;0;-8.6;0;0;0;0;0;98;0;0;1859;108.61;0;0;0;0;0;0;0;0;0;0;0;0;0;0;0;0;30;0;39.0;39.0;2;0;0.00;0.00;0.00;0.0;0.0
97.739;121;1025;39;39975;0.5;14.800;1.007;30;81;9;0;100;101;100;102;100;103;100;47;47;0;1.845;1.845;0.000;0.000;14.700;1.000;6.3;0.0;0;30;3.000;3.012;12.8;10;0;0;-8.6;0;0;0;0;0;98;0;0;1859;108.82;0;0;0;0;0;0;0;0;0;0;0;0;0;0;0;0;30;0;39.0;39.0;2;0;0.00;0.00;0.00;0.0;0.0
97.804;121;1034;39;40326;0.5;14.600;0.993;30;81;9;0;100;101;100;102;100;103;100;47;47;0;1.845;1.845;0.000;0.000;14.700;1.000;6.4;0.0;0;30;3.000;3.054;12.8;40;0;0;-8.6;0;0;0;0;0;98;0;0;1859;107.87;0;0;0;0;0;0;0;0;0;0;0;0;0;0;0;0;30;0;39.0;39.0;2;0;0.00;0.00;0.00;0.0;0.0
97.870;121;1042;39;40638;0.5;14.700;1.000;30;81;9;0;100;101;100;102;100;103;100;47;47;0;1.845;1.845;0.000;0.000;14.700;1.000;6.4;0.0;0;30;3.000;3.093;12.8;40;0;0;-8.6;0;0;0;0;0;98;0;0;1859;107.04;0;0;0;0;0;0;0;0;0;0;0;0;0;0;0;0;30;0;39.0;39.0;2;0;0.00;0.00;0.00;0.0;0.0
97.936;122;1036;38;39368;0.5;14.900;1.014;30;81;9;0;100;101;100;102;100;103;100;46;46;0;1.818;1.818;0.000;0.000;14.700;1.000;6.3;0.0;0;30;3.000;2.859;12.9;110;0;0;-8.7;0;0;0;0;0;98;0;0;1851;107.20;0;0;0;0;0;0;0;0;0;0;0;0;0;0;0;0;30;0;38.0;38.0;2;0;0.00;0.00;0.00;0.0;0.0
98.002;122;1031;38;39178;0.5;15.100;1.027;30;81;9;0;100;101;100;102;100;103;100;47;47;0;1.825;1.825;0.000;0.000;14.700;1.000;6.3;0.0;0;30;3.000;2.701;12.9;0;0;0;-8.7;0;0;0;0;0;98;0;0;1851;107.72;0;0;0;0;0;0;0;0;0;0;0;0;0;0;0;0;30;0;38.0;38.0;2;0;0.00;0.00;0.00;0.0;0.0
98.071;122;1026;38;38988;0.5;15.200;1.034;30;81;9;0;100;101;100;102;100;103;100;47;47;0;1.825;1.825;0.000;0.000;14.700;1.000;6.2;0.0;0;30;3.000;2.717;12.9;0;0;0;-8.7;0;0;0;0;0;98;0;0;1851;108.25;0;0;0;0;0;0;0;0;0;0;0;0;0;0;0;0;30;0;38.0;38.0;2;0;0.00;0.00;0.00;0.0;0.0
98.140;122;1032;38;39216;0.5;15.000;1.020;30;81;9;0;100;101;100;102;100;103;100;46;46;0;1.866;1.866;0.000;0.000;14.700;1.000;6.4;0.0;0;30;3.000;2.954;12.5;-110;0;0;-8.7;0;0;0;0;0;98;0;0;1851;107.62;0;0;0;0;0;0;0;0;0;0;0;0;0;0;0;0;30;0;38.0;38.0;2;0;0.00;0.00;0.00;0.0;0.0
98.206;122;1018;38;38684;0.5;14.700;1.000;30;81;9;0;100;101;100;102;100;103;100;47;47;0;1.873;1.873;0.000;0.000;14.700;1.000;6.4;0.0;0;30;3.000;2.742;12.5;-90;0;0;-8.7;0;0;0;0;0;98;0;0;1851;109.10;0;0;0;0;0;0;0;0;0;0;0;0;0;0;0;0;30;0;38.0;38.0;2;0;0.00;0.00;0.00;0.0;0.0
98.272;122;1001;39;39039;0.5;14.800;1.007;30;81;9;0;100;101;100;102;100;103;100;47;47;0;1.881;1.881;0.000;0.000;14.700;1.000;6.3;0.0;0;30;3.000;2.772;12.5;-90;0;0;-8.6;0;0;0;0;0;98;0;0;1851;110.95;0;0;0;0;0;0;0;0;0;0;0;0;0;0;0;0;30;0;39.0;39.0;2;0;0.00;0.00;0.00;0.0;0.0
98.337;122;988;40;39520;0.5;14.600;0.993;30;81;9;0;100;101;100;102;100;103;100;47;47;0;1.889;1.889;0.000;0.000;14.700;1.000;6.2;0.0;0;29;3.000;2.703;12.5;-320;0;0;-8.4;0;0;0;0;0;98;0;0;1851;112.41;0;0;0;0;0;0;0;0;0;0;0;0;0;0;0;0;29;0;40.0;40.0;2;0;0.00;0.00;0.00;0.0;0.0
98.402;122;982;40;39280;0.5;14.600;0.993;30;81;9;0;100;101;100;102;100;103;100;47;47;0;1.865;1.865;0.000;0.000;14.700;1.000;6.1;0.0;0;29;3.000;3.072;12.7;30;0;0;-8.4;0;0;0;0;0;98;0;0;1851;113.10;0;0;0;0;0;0;0;0;0;0;0;0;0;0;0;0;29;0;40.0;40.0;2;0;0.00;0.00;0.00;0.0;0.0
98.468;122;981;40;39240;0.5;14.600;0.993;30;81;9;0;100;101;100;102;100;103;100;47;47;0;1.865;1.865;0.000;0.000;14.700;1.000;6.1;0.0;0;29;3.000;2.966;12.7;30;0;0;-8.4;0;0;0;0;0;98;0;0;1851;113.21;0;0;0;0;0;0;0;0;0;0;0;0;0;0;0;0;29;0;40.0;40.0;2;0;0.00;0.00;0.00;0.0;0.0
98.537;122;981;40;39240;0.5;14.200;0.966;30;81;9;0;100;101;100;102;100;103;100;47;47;0;1.865;1.865;0.000;0.000;14.700;1.000;6.1;0.0;0;29;3.000;2.810;12.7;-120;0;0;-8.4;0;0;0;0;0;98;0;0;1851;113.21;0;0;0;0;0;0;0;0;0;0;0;0;0;0;0;0;29;0;40.0;40.0;2;0;0.00;0.00;0.00;0.0;0.0
98.603;122;992;40;39680;0.5;14.600;0.993;30;81;9;0;100;101;100;102;100;103;100;47;47;0;1.865;1.865;0.000;0.000;14.700;1.000;6.2;0.0;0;29;3.000;3.061;12.7;110;0;0;-8.4;0;0;0;0;0;98;0;0;1851;111.96;0;0;0;0;0;0;0;0;0;0;0;0;0;0;0;0;29;0;40.0;40.0;2;0;0.00;0.00;0.00;0.0;0.0
98.673;122;1003;40;40120;0.5;17.700;1.204;30;81;9;0;100;101;100;102;100;103;100;48;48;0;1.872;1.872;0.000;0.000;14.700;1.000;6.3;0.0;0;30;3.000;2.898;12.7;110;0;0;-8.4;0;0;0;0;0;98;0;0;1851;110.73;0;0;0;0;0;0;0;0;0;0;0;0;0;0;0;0;30;0;40.0;40.0;2;0;0.00;0.00;0.00;0.0;0.0
98.738;122;1009;39;39351;0.5;19.300;1.313;30;81;9;0;100;101;100;102;100;103;100;47;47;0;1.857;1.857;0.000;0.000;14.700;1.000;6.2;0.0;0;30;3.000;2.855;12.7;200;0;0;-8.6;0;0;0;0;0;98;0;0;1851;110.07;0;0;0;0;0;0;0;0;0;0;0;0;0;0;0;0;30;0;39.0;39.0;2;0;0.00;0.00;0.00;0.0;0.0
98.804;122;1024;39;39936;0.5;18.100;1.231;30;81;9;0;100;101;100;102;100;103;100;47;47;0;1.857;1.857;0.000;0.000;14.700;1.000;6.3;0.0;0;30;3.000;2.987;12.7;10;0;0;-8.6;0;0;0;0;0;98;0;0;1851;108.46;0;0;0;0;0;0;0;0;0;0;0;0;0;0;0;0;30;0;39.0;39.0;2;0;0.00;0.00;0.00;0.0;0.0
98.869;122;1038;39;40482;0.5;19.300;1.313;30;81;9;0;100;101;100;102;100;103;100;47;47;0;1.857;1.857;0.000;0.000;14.700;1.000;6.4;0.0;0;30;3.000;3.182;12.7;10;0;0;-8.6;0;0;0;0;0;98;0;0;1851;106.99;0;0;0;0;0;0;0;0;0;0;0;0;0;0;0;0;30;0;39.0;39.0;2;0;0.00;0.00;0.00;0.0;0.0
98.935;123;1017;39;39663;0.5;18.500;1.259;30;81;9;0;100;101;100;102;100;103;100;47;47;0;1.845;1.845;0.000;0.000;14.700;1.000;6.3;0.0;0;30;3.000;2.722;12.8;100;0;0;-8.6;0;0;0;0;0;98;0;0;1854;109.38;0;0;0;0;0;0;0;0;0;0;0;0;0;0;0;0;30;0;39.0;39.0;2;0;0.00;0.00;0.00;0.0;0.0
99.000;123;1021;39;39819;0.5;16.700;1.136;30;81;9;0;100;101;100;102;100;103;100;47;47;0;1.845;1.845;0.000;0.000;14.700;1.000;6.3;0.0;0;30;3.000;2.894;12.8;-30;0;0;-8.6;0;0;0;0;0;98;0;0;1854;108.95;0;0;0;0;0;0;0;0;0;0;0;0;0;0;0;0;30;0;39.0;39.0;2;0;0.00;0.00;0.00;0.0;0.0
99.070;123;1036;39;40404;0.5;16.000;1.088;30;81;9;0;100;101;100;102;100;103;100;47;47;0;1.845;1.845;0.000;0.000;14.700;1.000;6.4;0.0;0;30;3.000;3.010;12.8;-30;0;0;-8.6;0;0;0;0;0;98;0;0;1854;107.37;0;0;0;0;0;0;0;0;0;0;0;0;0;0;0;0;30;0;39.0;39.0;2;0;0.00;0.00;0.00;0.0;0.0
99.135;123;1043;38;39634;0.5;16.100;1.095;30;81;9;0;100;101;100;102;100;103;100;47;47;0;1.837;1.837;0.000;0.000;14.700;1.000;6.4;0.0;0;30;3.000;2.888;12.8;230;0;0;-8.7;0;0;0;0;0;98;0;0;1854;106.65;0;0;0;0;0;0;0;0;0;0;0;0;0;0;0;0;30;0;38.0;38.0;2;0;0.00;0.00;0.00;0.0;0.0
99.201;123;1064;38;40432;0.5;16.400;1.116;30;81;9;0;100;101;100;102;100;103;100;47;47;0;1.837;1.837;0.000;0.000;14.700;1.000;6.5;0.0;0;30;3.000;3.050;12.8;130;0;0;-8.7;0;0;0;0;0;98;0;0;1854;104.55;0;0;0;0;0;0;0;0;0;0;0;0;0;0;0;0;30;0;38.0;38.0;2;0;0.00;0.00;0.00;0.0;0.0
99.270;123;1063;38;40394;0.5;16.500;1.122;30;81;9;0;100;101;100;102;100;103;100;47;47;0;1.837;1.837;0.000;0.000;14.700;1.000;6.5;0.0;0;30;3.000;2.873;12.8;130;0;0;-8.7;0;0;0;0;0;98;0;0;1854;104.65;0;0;0;0;0;0;0;0;0;0;0;0;0;0;0;0;30;0;38.0;38.0;2;0;0.00;0.00;0.00;0.0;0.0
99.336;123;1065;37;39405;0.5;14.500;0.986;30;81;9;0;100;101;100;102;100;103;100;46;46;0;1.814;1.814;0.000;0.000;14.700;1.000;6.4;0.0;0;30;3.000;2.866;12.8;70;0;0;-8.8;0;0;0;0;0;98;0;0;1854;104.45;0;0;0;0;0;0;0;0;0;0;0;0;0;0;0;0;30;0;37.0;37.0;2;0;0.00;0.00;0.00;0.0;0.0
99.402;123;1057;38;40166;0.5;14.200;0.966;30;81;9;0;100;101;100;102;100;103;100;47;47;0;1.837;1.837;0.000;0.000;14.700;1.000;6.5;0.0;0;30;3.000;2.818;12.8;-60;0;0;-8.7;0;0;0;0;0;98;0;0;1854;105.24;0;0;0;0;0;0;0;0;0;0;0;0;0;0;0;0;30;0;38.0;38.0;2;0;0.00;0.00;0.00;0.0;0.0
99.468;123;1054;37;38998;0.5;14.000;0.952;30;81;9;0;100;101;100;102;100;103;100;46;46;0;1.814;1.814;0.000;0.000;14.700;1.000;6.4;0.0;0;30;3.000;2.698;12.8;-60;0;0;-8.8;0;0;0;0;0;98;0;0;1854;105.54;0;0;0;0;0;0;0;0;0;0;0;0;0;0;0;0;30;0;37.0;37.0;2;0;0.00;0.00;0.00;0.0;0.0
99.537;123;1064;38;40432;0.5;13.500;0.918;30;81;9;0;100;101;100;102;100;103;100;47;47;0;1.837;1.837;0.000;0.000;14.700;1.000;6.5;0.0;0;30;3.000;2.925;12.8;80;0;0;-8.7;0;0;0;0;0;98;0;0;1854;104.55;0;0;0;0;0;0;0;0;0;0;0;0;0;0;0;0;30;0;38.0;38.0;2;0;0.00;0.00;0.00;0.0;0.0
99.602;123;1043;38;39634;0.5;13.300;0.905;30;81;9;0;100;101;100;102;100;103;100;47;47;0;1.837;1.837;0.000;0.000;14.700;1.000;6.4;0.0;0;30;3.000;2.531;12.8;-220;0;0;-8.7;0;0;0;0;0;98;0;0;1854;106.65;0;0;0;0;0;0;0;0;0;0;0;0;0;0;0;0;30;0;38.0;38.0;2;0;0.00;0.00;0.00;0.0;0.0
99.669;123;1050;38;39900;0.5;13.500;0.918;30;81;9;0;100;101;100;102;100;103;100;47;47;0;1.837;1.837;0.000;0.000;14.700;1.000;6.4;0.0;0;30;3.000;2.927;12.8;-220;0;0;-8.7;0;0;0;0;0;98;0;0;1854;105.94;0;0;0;0;0;0;0;0;0;0;0;0;0;0;0;0;30;0;38.0;38.0;2;0;0.00;0.00;0.00;0.0;0.0
99.737;123;1055;38;40090;0.5;14.100;0.959;30;81;9;0;100;101;100;102;100;103;100;47;47;0;1.837;1.837;0.000;0.000;14.700;1.000;6.5;0.0;0;30;3.000;3.050;12.8;50;0;0;-8.7;0;0;0;0;0;98;0;0;1854;105.44;0;0;0;0;0;0;0;0;0;0;0;0;0;0;0;0;30;0;38.0;38.0;2;0;0.00;0.00;0.00;0.0;0.0
99.803;123;1034;38;39292;0.5;14.500;0.986;30;81;9;0;100;101;100;102;100;103;100;47;47;0;1.837;1.837;0.000;0.000;14.700;1.000;6.3;0.0;0;30;3.000;2.725;12.8;50;0;0;-8.7;0;0;0;0;0;98;0;0;1854;107.58;0;0;0;0;0;0;0;0;0;0;0;0;0;0;0;0;30;0;38.0;38.0;2;0;0.00;0.00;0.00;0.0;0.0
99.869;123;1039;38;39482;0.5;14.500;0.986;30;81;9;0;100;101;100;102;100;103;100;47;47;0;1.837;1.837;0.000;0.000;14.700;1.000;6.4;0.0;0;30;3.000;2.836;12.8;-140;0;0;-8.7;0;0;0;0;0;98;0;0;1854;107.06;0;0;0;0;0;0;0;0;0;0;0;0;0;0;0;0;30;0;38.0;38.0;2;0;0.00;0.00;0.00;0.0;0.0
99.938;124;1029;38;39102;0.5;14.400;0.980;30;81;9;0;100;101;100;102;100;103;100;47;47;0;1.873;1.873;0.000;0.000;14.700;1.000;6.4;0.0;0;30;3.000;2.517;12.5;70;0;0;-8.7;0;0;0;0;0;98;0;0;1852;107.99;0;0;0;0;0;0;0;0;0;0;0;0;0;0;0;0;30;0;38.0;38.0;2;0;0.00;0.00;0.00;0.0;0.0
100.004;124;1037;38;39406;0.5;14.500;0.986;30;81;9;0;100;101;100;102;100;103;100;47;47;0;1.873;1.873;0.000;0.000;14.700;1.000;6.5;0.0;0;30;3.000;2.915;12.5;70;0;0;-8.7;0;0;0;0;0;98;0;0;1852;107.16;0;0;0;0;0;0;0;0;0;0;0;0;0;0;0;0;30;0;38.0;38.0;2;0;0.00;0.00;0.00;0.0;0.0
100.069;124;1044;38;39672;0.5;14.400;0.980;30;81;9;0;100;101;100;102;100;103;100;46;46;0;1.866;1.866;0.000;0.000;14.700;1.000;6.5;0.0;0;30;3.000;3.181;12.5;-40;0;0;-8.7;0;0;0;0;0;98;0;0;1852;106.44;0;0;0;0;0;0;0;0;0;0;0;0;0;0;0;0;30;0;38.0;38.0;2;0;0.00;0.00;0.00;0.0;0.0
100.135;124;1042;38;39596;0.5;14.400;0.980;30;81;9;0;100;101;100;102;100;103;100;47;47;0;1.873;1.873;0.000;0.000;14.700;1.000;6.5;0.0;0;30;3.000;2.911;12.5;80;0;0;-8.7;0;0;0;0;0;98;0;0;1852;106.64;0;0;0;0;0;0;0;0;0;0;0;0;0;0;0;0;30;0;38.0;38.0;2;0;0.00;0.00;0.00;0.0;0.0
100.201;124;1035;38;39330;0.5;14.100;0.959;30;81;9;0;100;101;100;102;100;103;100;46;46;0;1.842;1.842;0.000;0.000;14.700;1.000;6.4;0.0;0;30;3.000;2.676;12.7;80;0;0;-8.7;0;0;0;0;0;98;0;0;1852;107.36;0;0;0;0;0;0;0;0;0;0;0;0;0;0;0;0;30;0;38.0;38.0;2;0;0.00;0.00;0.00;0.0;0.0
100.270;124;1042;38;39596;0.5;14.600;0.993;30;81;9;0;100;101;100;102;100;103;100;47;47;0;1.849;1.849;0.000;0.000;14.700;1.000;6.4;0.0;0;30;3.000;2.950;12.7;-100;0;0;-8.7;0;0;0;0;0;98;0;0;1852;106.64;0;0;0;0;0;0;0;0;0;0;0;0;0;0;0;0;30;0;38.0;38.0;2;0;0.00;0.00;0.00;0.0;0.0
100.336;124;1052;35;36820;0.5;14.700;1.000;30;81;9;0;100;101;100;102;100;103;100;45;45;0;1.804;1.804;0.000;0.000;14.700;1.000;6.3;0.0;0;30;3.000;2.929;12.7;150;0;0;-9.1;0;0;0;0;0;98;0;0;1852;105.63;0;0;0;0;0;0;0;0;0;0;0;0;0;0;0;0;30;0;35.0;35.0;2;0;0.00;0.00;0.00;0.0;0.0
100.406;124;1055;38;40090;0.5;14.800;1.007;30;81;9;0;100;101;100;102;100;103;100;47;47;0;1.849;1.849;0.000;0.000;14.700;1.000;6.5;0.0;0;30;3.000;2.843;12.7;150;0;0;-8.7;0;0;0;0;0;98;0;0;1852;105.33;0;0;0;0;0;0;0;0;0;0;0;0;0;0;0;0;30;0;38.0;38.0;2;0;0.00;0.00;0.00;0.0;0.0
100.471;124;1048;38;39824;0.5;14.600;0.993;30;81;9;0;100;101;100;102;100;103;100;47;47;0;1.837;1.837;0.000;0.000;14.700;1.000;6.4;0.0;0;30;3.000;2.799;12.8;50;0;0;-8.7;0;0;0;0;0;98;0;0;1852;106.03;0;0;0;0;0;0;0;0;0;0;0;0;0;0;0;0;30;0;38.0;38.0;2;0;0.00;0.00;0.00;0.0;0.0
100.537;124;1049;38;39862;0.5;14.800;1.007;30;81;9;0;100;101;100;102;100;103;100;46;46;0;1.830;1.830;0.000;0.000;14.700;1.000;6.4;0.0;0;30;3.000;3.152;12.8;-60;0;0;-8.7;0;0;0;0;0;98;0;0;1852;105.93;0;0;0;0;0;0;0;0;0;0;0;0;0;0;0;0;30;0;38.0;38.0;2;0;0.00;0.00;0.00;0.0;0.0
100.602;124;1050;38;39900;0.5;14.000;0.952;30;81;9;0;100;101;100;102;100;103;100;47;47;0;1.837;1.837;0.000;0.000;14.700;1.000;6.4;0.0;0;30;3.000;2.993;12.8;-60;0;0;-8.7;0;0;0;0;0;98;0;0;1852;105.83;0;0;0;0;0;0;0;0;0;0;0;0;0;0;0;0;30;0;38.0;38.0;2;0;0.00;0.00;0.00;0.0;0.0
100.671;124;1076;38;40888;0.5;13.700;0.932;30;81;9;0;100;101;100;102;100;103;100;47;47;0;1.837;1.837;0.000;0.000;14.700;1.000;6.6;0.0;0;30;3.000;3.092;12.8;10;0;0;-8.7;0;0;0;0;0;98;0;0;1852;103.27;0;0;0;0;0;0;0;0;0;0;0;0;0;0;0;0;30;0;38.0;38.0;2;0;0.00;0.00;0.00;0.0;0.0
100.737;124;1065;37;39405;0.5;13.300;0.905;30;81;9;0;100;101;100;102;100;103;100;46;46;0;1.814;1.814;0.000;0.000;14.700;1.000;6.4;0.0;0;30;3.000;2.513;12.8;150;0;0;-8.8;0;0;0;0;0;98;0;0;1852;104.34;0;0;0;0;0;0;0;0;0;0;0;0;0;0;0;0;30;0;37.0;37.0;2;0;0.00;0.00;0.00;0.0;0.0
100.803;124;1062;37;39294;0.5;13.200;0.898;30;81;9;0;100;101;100;102;100;103;100;46;46;0;1.814;1.814;0.000;0.000;14.700;1.000;6.4;0.0;0;30;3.000;2.558;12.8;150;0;0;-8.8;0;0;0;0;0;98;0;0;1852;104.63;0;0;0;0;0;0;0;0;0;0;0;0;0;0;0;0;30;0;37.0;37.0;2;0;0.00;0.00;0.00;0.0;0.0
100.872;124;1063;37;39331;0.5;13.200;0.898;30;81;9;0;100;101;100;102;100;103;100;46;46;0;1.814;1.814;0.000;0.000;14.700;1.000;6.4;0.0;0;30;3.000;3.017;12.8;-30;0;0;-8.8;0;0;0;0;0;98;0;0;1852;104.53;0;0;0;0;0;0;0;0;0;0;0;0;0;0;0;0;30;0;37.0;37.0;2;0;0.00;0.00;0.00;0.0;0.0
100.938;125;1069;37;39553;0.5;13.300;0.905;30;81;9;0;100;101;100;102;100;103;100;46;46;0;1.814;1.814;0.000;0.000;14.700;1.000;6.5;0.0;0;30;3.000;3.007;12.8;70;0;0;-8.8;0;0;0;0;0;98;0;0;1855;104.12;0;0;0;0;0;0;0;0;0;0;0;0;0;0;0;0;30;0;37.0;37.0;2;0;0.00;0.00;0.00;0.0;0.0
101.003;125;1065;38;40470;0.5;13.400;0.912;30;81;9;0;100;101;100;102;100;103;100;47;47;0;1.837;1.837;0.000;0.000;14.700;1.000;6.5;0.0;0;30;3.000;2.882;12.8;70;0;0;-8.7;0;0;0;0;0;98;0;0;1855;104.51;0;0;0;0;0;0;0;0;0;0;0;0;0;0;0;0;30;0;38.0;38.0;2;0;0.00;0.00;0.00;0.0;0.0
101.073;125;1054;37;38998;0.5;13.400;0.912;30;81;9;0;100;101;100;102;100;103;100;46;46;0;1.814;1.814;0.000;0.000;14.700;1.000;6.4;0.0;0;30;3.000;2.677;12.8;-70;0;0;-8.8;0;0;0;0;0;98;0;0;1855;105.60;0;0;0;0;0;0;0;0;0;0;0;0;0;0;0;0;30;0;37.0;37.0;2;0;0.00;0.00;0.00;0.0;0.0
101.138;125;1064;37;39368;0.5;13.400;0.912;30;81;9;0;100;101;100;102;100;103;100;46;46;0;1.814;1.814;0.000;0.000;14.700;1.000;6.4;0.0;0;30;3.000;2.821;12.8;0;0;0;-8.8;0;0;0;0;0;98;0;0;1855;104.61;0;0;0;0;0;0;0;0;0;0;0;0;0;0;0;0;30;0;37.0;37.0;2;0;0.00;0.00;0.00;0.0;0.0
101.138;125;1052;38;39976;0.5;13.700;0.932;30;81;9;0;100;101;100;102;100;103;100;47;47;0;1.825;1.825;0.000;0.000;14.700;1.000;6.4;0.0;0;30;3.000;2.876;12.9;0;0;0;-8.7;0;0;0;0;0;98;0;0;1855;105.80;0;0;0;0;0;0;0;0;0;0;0;0;0;0;0;0;30;0;38.0;38.0;2;0;0.00;0.00;0.00;0.0;0.0
101.269;125;1057;38;40166;0.5;13.500;0.918;30;81;9;0;100;101;100;102;100;103;100;47;47;0;1.825;1.825;0.000;0.000;14.700;1.000;6.4;0.0;0;30;3.000;2.848;12.9;-70;0;0;-8.7;0;0;0;0;0;98;0;0;1855;105.30;0;0;0;0;0;0;0;0;0;0;0;0;0;0;0;0;30;0;38.0;38.0;2;0;0.00;0.00;0.00;0.0;0.0
101.335;125;1050;38;39900;0.5;13.500;0.918;30;81;9;0;100;101;100;102;100;103;100;47;47;0;1.825;1.825;0.000;0.000;14.700;1.000;6.4;0.0;0;30;3.000;2.963;12.9;90;0;0;-8.7;0;0;0;0;0;98;0;0;1855;106.00;0;0;0;0;0;0;0;0;0;0;0;0;0;0;0;0;30;0;38.0;38.0;2;0;0.00;0.00;0.00;0.0;0.0
101.405;125;1027;38;39026;0.5;13.100;0.891;30;81;9;0;100;101;100;102;100;103;100;46;46;0;1.818;1.818;0.000;0.000;14.700;1.000;6.2;0.0;0;30;3.000;2.458;12.9;90;0;0;-8.7;0;0;0;0;0;98;0;0;1855;108.37;0;0;0;0;0;0;0;0;0;0;0;0;0;0;0;0;30;0;38.0;38.0;2;0;0.00;0.00;0.00;0.0;0.0
101.405;125;1029;38;39102;0.5;13.900;0.946;30;81;9;0;100;101;100;102;100;103;100;47;47;0;1.825;1.825;0.000;0.000;14.700;1.000;6.3;0.0;0;30;3.000;2.776;12.9;-380;0;0;-8.7;0;0;0;0;0;98;0;0;1855;108.16;0;0;0;0;0;0;0;0;0;0;0;0;0;0;0;0;30;0;38.0;38.0;2;0;0.00;0.00;0.00;0.0;0.0
101.536;125;1025;38;38950;0.5;14.300;0.973;30;81;9;0;100;101;100;102;100;103;100;46;46;0;1.818;1.818;0.000;0.000;14.700;1.000;6.2;0.0;0;30;3.000;2.603;12.9;-10;0;0;-8.7;0;0;0;0;0;98;0;0;1855;108.59;0;0;0;0;0;0;0;0;0;0;0;0;0;0;0;0;30;0;38.0;38.0;2;0;0.00;0.00;0.00;0.0;0.0
101.601;125;1016;39;39624;0.5;14.200;0.966;30;81;9;0;100;101;100;102;100;103;100;47;47;0;1.833;1.833;0.000;0.000;14.700;1.000;6.2;0.0;0;30;3.000;2.635;12.9;-10;0;0;-8.6;0;0;0;0;0;98;0;0;1855;109.55;0;0;0;0;0;0;0;0;0;0;0;0;0;0;0;0;30;0;39.0;39.0;2;0;0.00;0.00;0.00;0.0;0.0
101.671;125;1012;39;39468;0.5;14.300;0.973;30;81;9;0;100;101;100;102;100;103;100;47;47;0;1.833;1.833;0.000;0.000;14.700;1.000;6.2;0.0;0;30;3.000;2.818;12.9;-170;0;0;-8.6;0;0;0;0;0;98;0;0;1855;109.98;0;0;0;0;0;0;0;0;0;0;0;0;0;0;0;0;30;0;39.0;39.0;2;0;0.00;0.00;0.00;0.0;0.0
101.736;125;995;39;38805;0.5;14.300;0.973;30;81;9;0;100;101;100;102;100;103;100;47;47;0;1.917;1.917;0.000;0.000;14.700;1.000;6.4;0.0;0;29;3.000;2.460;12.2;-130;0;0;-8.6;0;0;0;0;0;98;0;0;1855;111.86;0;0;0;0;0;0;0;0;0;0;0;0;0;0;0;0;29;0;39.0;39.0;2;0;0.00;0.00;0.00;0.0;0.0
101.806;125;981;40;39240;0.5;14.700;1.000;30;81;9;0;100;101;100;102;100;103;100;47;47;0;1.925;1.925;0.000;0.000;14.700;1.000;6.3;0.0;0;29;3.000;2.935;12.2;-130;0;0;-8.4;0;0;0;0;0;98;0;0;1855;113.46;0;0;0;0;0;0;0;0;0;0;0;0;0;0;0;0;29;0;40.0;40.0;2;0;0.00;0.00;0.00;0.0;0.0
101.871;125;983;40;39320;0.5;14.600;0.993;30;81;9;0;100;101;100;102;100;103;100;47;47;0;1.925;1.925;0.000;0.000;14.700;1.000;6.3;0.0;0;29;3.000;2.956;12.2;-20;0;0;-8.4;0;0;0;0;0;98;0;0;1855;113.22;0;0;0;0;0;0;0;0;0;0;0;0;0;0;0;0;29;0;40.0;40.0;2;0;0.00;0.00;0.00;0.0;0.0
101.937;125;988;40;39520;0.5;14.200;0.966;30;81;9;0;100;101;100;102;100;103;100;47;47;0;1.925;1.925;0.000;0.000;14.700;1.000;6.3;0.0;0;29;3.000;3.030;12.2;-20;0;0;-8.4;0;0;0;0;0;98;0;0;1855;112.65;0;0;0;0;0;0;0;0;0;0;0;0;0;0;0;0;29;0;40.0;40.0;2;0;0.00;0.00;0.00;0.0;0.0
102.003;126;999;40;39960;0.5;15.100;1.027;30;81;9;0;100;101;100;102;100;103;100;47;47;0;1.877;1.877;0.000;0.000;14.700;1.000;6.3;0.0;0;29;3.000;2.843;12.6;-50;0;0;-8.4;0;0;0;0;0;98;0;0;1852;111.23;0;0;0;0;0;0;0;0;0;0;0;0;0;0;0;0;29;0;40.0;40.0;2;0;0.00;0.00;0.00;0.0;0.0
102.072;126;1011;40;40440;0.5;17.100;1.163;30;81;9;0;100;101;100;102;100;103;100;48;48;0;1.884;1.884;0.000;0.000;14.700;1.000;6.3;0.0;0;30;3.000;2.908;12.6;210;0;0;-8.4;0;0;0;0;0;98;0;0;1852;109.91;0;0;0;0;0;0;0;0;0;0;0;0;0;0;0;0;30;0;40.0;40.0;2;0;0.00;0.00;0.00;0.0;0.0
102.138;126;1005;39;39195;0.5;18.100;1.231;30;81;9;0;100;101;100;102;100;103;100;47;47;0;1.869;1.869;0.000;0.000;14.700;1.000;6.3;0.0;0;30;3.000;2.794;12.6;210;0;0;-8.6;0;0;0;0;0;98;0;0;1852;110.57;0;0;0;0;0;0;0;0;0;0;0;0;0;0;0;0;30;0;39.0;39.0;2;0;0.00;0.00;0.00;0.0;0.0
102.203;126;1023;39;39897;0.5;19.400;1.320;30;81;9;0;100;101;100;102;100;103;100;47;47;0;1.881;1.881;0.000;0.000;14.700;1.000;6.4;0.0;0;30;3.000;2.751;12.5;120;0;0;-8.6;0;0;0;0;0;98;0;0;1852;108.62;0;0;0;0;0;0;0;0;0;0;0;0;0;0;0;0;30;0;39.0;39.0;2;0;0.00;0.00;0.00;0.0;0.0
102.273;126;1017;39;39663;0.5;18.600;1.265;30;81;9;0;100;101;100;102;100;103;100;47;47;0;1.881;1.881;0.000;0.000;14.700;1.000;6.4;0.0;0;30;3.000;2.886;12.5;-70;0;0;-8.6;0;0;0;0;0;98;0;0;1852;109.26;0;0;0;0;0;0;0;0;0;0;0;0;0;0;0;0;30;0;39.0;39.0;2;0;0.00;0.00;0.00;0.0;0.0
102.338;126;1026;39;40014;0.5;17.500;1.190;30;81;9;0;100;101;100;102;100;103;100;47;47;0;1.881;1.881;0.000;0.000;14.700;1.000;6.4;0.0;0;30;3.000;2.880;12.5;-70;0;0;-8.6;0;0;0;0;0;98;0;0;1852;108.30;0;0;0;0;0;0;0;0;0;0;0;0;0;0;0;0;30;0;39.0;39.0;2;0;0.00;0.00;0.00;0.0;0.0
102.404;126;1030;39;40170;0.5;16.000;1.088;30;81;9;0;100;101;100;102;100;103;100;47;47;0;1.881;1.881;0.000;0.000;14.700;1.000;6.5;0.0;0;30;3.000;2.993;12.5;50;0;0;-8.6;0;0;0;0;0;98;0;0;1852;107.88;0;0;0;0;0;0;0;0;0;0;0;0;0;0;0;0;30;0;39.0;39.0;2;0;0.00;0.00;0.00;0.0;0.0
102.470;126;1026;38;38988;0.5;16.100;1.095;30;81;9;0;100;101;100;102;100;103;100;47;47;0;1.849;1.849;0.000;0.000;14.700;1.000;6.3;0.0;0;30;3.000;3.058;12.7;160;0;0;-8.7;0;0;0;0;0;98;0;0;1852;108.30;0;0;0;0;0;0;0;0;0;0;0;0;0;0;0;0;30;0;38.0;38.0;2;0;0.00;0.00;0.00;0.0;0.0
102.535;126;1049;38;39862;0.5;16.300;1.109;30;81;9;0;100;101;100;102;100;103;100;46;46;0;1.842;1.842;0.000;0.000;14.700;1.000;6.4;0.0;0;30;3.000;3.185;12.7;160;0;0;-8.7;0;0;0;0;0;98;0;0;1852;105.93;0;0;0;0;0;0;0;0;0;0;0;0;0;0;0;0;30;0;38.0;38.0;2;0;0.00;0.00;0.00;0.0;0.0
102.604;126;1067;38;40546;0.5;16.000;1.088;30;81;9;0;100;101;100;102;100;103;100;47;47;0;1.849;1.849;0.000;0.000;14.700;1.000;6.6;0.0;0;30;3.000;2.857;12.7;210;0;0;-8.7;0;0;0;0;0;98;0;0;1852;104.14;0;0;0;0;0;0;0;0;0;0;0;0;0;0;0;0;30;0;38.0;38.0;2;0;0.00;0.00;0.00;0.0;0.0
102.670;126;1079;37;39923;0.5;15.000;1.020;30;81;9;0;100;101;100;102;100;103;100;46;46;0;1.826;1.826;0.000;0.000;14.700;1.000;6.6;0.0;0;30;3.000;3.017;12.7;150;0;0;-8.8;0;0;0;0;0;98;0;0;1852;102.98;0;0;0;0;0;0;0;0;0;0;0;0;0;0;0;0;30;0;37.0;37.0;2;0;0.00;0.00;0.00;0.0;0.0
102.736;126;1092;37;40404;0.5;14.400;0.980;30;81;9;0;100;101;100;102;100;103;100;46;46;0;1.814;1.814;0.000;0.000;14.700;1.000;6.6;0.0;0;30;3.000;3.108;12.8;150;0;0;-8.8;0;0;0;0;0;98;0;0;1852;101.76;0;0;0;0;0;0;0;0;0;0;0;0;0;0;0;0;30;0;37.0;37.0;2;0;0.00;0.00;0.00;0.0;0.0
102.805;126;1098;37;40626;0.5;14.100;0.959;30;81;9;0;100;101;100;102;100;103;100;46;46;0;1.814;1.814;0.000;0.000;14.700;1.000;6.6;0.0;0;31;3.000;3.035;12.8;280;0;0;-8.8;0;0;0;0;0;98;0;0;1852;101.20;0;0;0;0;0;0;0;0;0;0;0;0;0;0;0;0;31;0;37.0;37.0;2;0;0.00;0.00;0.00;0.0;0.0
102.871;126;1113;37;41181;0.5;13.900;0.946;30;81;9;0;100;101;100;102;100;103;100;46;46;0;1.814;1.814;0.000;0.000;14.700;1.000;6.7;0.0;0;30;3.000;2.986;12.8;140;0;0;-8.8;0;0;0;0;0;98;0;0;1852;99.84;0;0;0;0;0;0;0;0;0;0;0;0;0;0;0;0;30;0;37.0;37.0;2;0;0.00;0.00;0.00;0.0;0.0
102.936;126;1112;36;40032;0.5;13.300;0.905;30;81;9;0;100;101;100;102;100;103;100;46;46;0;1.807;1.807;0.000;0.000;14.700;1.000;6.7;0.0;0;30;3.000;2.815;12.8;140;0;0;-9.0;0;0;0;0;0;98;0;0;1852;99.93;0;0;0;0;0;0;0;0;0;0;0;0;0;0;0;0;30;0;36.0;36.0;2;0;0.00;0.00;0.00;0.0;0.0
103.002;127;1111;36;39996;0.5;13.100;0.891;30;81;9;0;100;101;100;102;100;103;100;46;46;0;1.855;1.855;0.000;0.000;14.700;1.000;6.9;0.0;0;30;3.000;2.848;12.4;-10;0;0;-9.0;0;0;0;0;0;98;0;0;1849;99.86;0;0;0;0;0;0;0;0;0;0;0;0;0;0;0;0;30;0;36.0;36.0;2;0;0.00;0.00;0.00;0.0;0.0
103.067;127;1095;37;40515;0.5;12.800;0.871;30;81;9;0;100;101;100;102;100;103;100;46;46;0;1.862;1.862;0.000;0.000;14.700;1.000;6.8;0.0;0;30;3.000;2.881;12.4;-150;0;0;-8.8;0;0;0;0;0;98;0;0;1849;101.32;0;0;0;0;0;0;0;0;0;0;0;0;0;0;0;0;30;0;37.0;37.0;2;0;0.00;0.00;0.00;0.0;0.0
103.137;127;1088;36;39168;0.5;13.200;0.898;30;81;9;0;100;101;100;102;100;103;100;45;45;0;1.848;1.848;0.000;0.000;14.700;1.000;6.7;0.0;0;30;3.000;2.658;12.4;-150;0;0;-9.0;0;0;0;0;0;98;0;0;1849;101.97;0;0;0;0;0;0;0;0;0;0;0;0;0;0;0;0;30;0;36.0;36.0;2;0;0.00;0.00;0.00;0.0;0.0
103.203;127;1083;36;38988;0.5;13.000;0.884;30;81;9;0;100;101;100;102;100;103;100;45;45;0;1.848;1.848;0.000;0.000;14.700;1.000;6.7;0.0;0;30;3.000;3.059;12.4;-100;0;0;-9.0;0;0;0;0;0;98;0;0;1849;102.44;0;0;0;0;0;0;0;0;0;0;0;0;0;0;0;0;30;0;36.0;36.0;2;0;0.00;0.00;0.00;0.0;0.0
103.272;127;1076;37;39812;0.5;13.000;0.884;30;81;9;0;100;101;100;102;100;103;100;46;46;0;1.826;1.826;0.000;0.000;14.700;1.000;6.5;0.0;0;31;3.000;2.945;12.7;-150;0;0;-8.8;0;0;0;0;0;98;0;0;1849;103.10;0;0;0;0;0;0;0;0;0;0;0;0;0;0;0;0;31;0;37.0;37.0;2;0;0.00;0.00;0.00;0.0;0.0
103.338;127;1077;37;39849;0.5;12.900;0.878;30;81;9;0;100;101;100;102;100;103;100;46;46;0;1.826;1.826;0.000;0.000;14.700;1.000;6.6;0.0;0;30;3.000;2.917;12.7;-150;0;0;-8.8;0;0;0;0;0;98;0;0;1849;103.01;0;0;0;0;0;0;0;0;0;0;0;0;0;0;0;0;30;0;37.0;37.0;2;0;0.00;0.00;0.00;0.0;0.0
103.403;127;1070;37;39590;0.5;13.200;0.898;30;81;9;0;100;101;100;102;100;103;100;46;46;0;1.826;1.826;0.000;0.000;14.700;1.000;6.5;0.0;0;30;3.000;2.802;12.7;-10;0;0;-8.8;0;0;0;0;0;98;0;0;1849;103.68;0;0;0;0;0;0;0;0;0;0;0;0;0;0;0;0;30;0;37.0;37.0;2;0;0.00;0.00;0.00;0.0;0.0
103.469;127;1068;37;39516;0.5;12.900;0.878;30;81;9;0;100;101;100;102;100;103;100;46;46;0;1.814;1.814;0.000;0.000;14.700;1.000;6.5;0.0;0;31;3.000;2.647;12.8;-30;0;0;-8.8;0;0;0;0;0;98;0;0;1849;103.88;0;0;0;0;0;0;0;0;0;0;0;0;0;0;0;0;31;0;37.0;37.0;2;0;0.00;0.00;0.00;0.0;0.0
103.535;127;1066;37;39442;0.5;13.500;0.918;30;81;9;0;100;101;100;102;100;103;100;46;46;0;1.814;1.814;0.000;0.000;14.700;1.000;6.4;0.0;0;30;3.000;2.677;12.8;-30;0;0;-8.8;0;0;0;0;0;98;0;0;1849;104.07;0;0;0;0;0;0;0;0;0;0;0;0;0;0;0;0;30;0;37.0;37.0;2;0;0.00;0.00;0.00;0.0;0.0
103.604;127;1043;37;38591;0.5;14.000;0.952;30;81;9;0;100;101;100;102;100;103;100;46;46;0;1.814;1.814;0.000;0.000;14.700;1.000;6.3;0.0;0;30;3.000;2.516;12.8;-70;0;0;-8.8;0;0;0;0;0;98;0;0;1849;106.37;0;0;0;0;0;0;0;0;0;0;0;0;0;0;0;0;30;0;37.0;37.0;2;0;0.00;0.00;0.00;0.0;0.0
103.670;127;1040;38;39520;0.5;13.700;0.932;30;81;9;0;100;101;100;102;100;103;100;47;47;0;1.837;1.837;0.000;0.000;14.700;1.000;6.4;0.0;0;30;3.000;2.933;12.8;-210;0;0;-8.7;0;0;0;0;0;98;0;0;1849;106.67;0;0;0;0;0;0;0;0;0;0;0;0;0;0;0;0;30;0;38.0;38.0;2;0;0.00;0.00;0.00;0.0;0.0
103.739;127;1032;38;39216;0.5;13.400;0.912;30;81;9;0;100;101;100;102;100;103;100;46;46;0;1.818;1.818;0.000;0.000;14.700;1.000;6.3;0.0;0;30;3.000;2.882;12.9;-210;0;0;-8.7;0;0;0;0;0;98;0;0;1849;107.50;0;0;0;0;0;0;0;0;0;0;0;0;0;0;0;0;30;0;38.0;38.0;2;0;0.00;0.00;0.00;0.0;0.0
103.804;127;1018;38;38684;0.5;13.400;0.912;30;81;9;0;100;101;100;102;100;103;100;47;47;0;1.825;1.825;0.000;0.000;14.700;1.000;6.2;0.0;0;30;3.000;2.880;12.9;-150;0;0;-8.7;0;0;0;0;0;98;0;0;1849;108.98;0;0;0;0;0;0;0;0;0;0;0;0;0;0;0;0;30;0;38.0;38.0;2;0;0.00;0.00;0.00;0.0;0.0
103.870;127;1016;39;39624;0.5;13.300;0.905;30;81;9;0;100;101;100;102;100;103;100;47;47;0;1.833;1.833;0.000;0.000;14.700;1.000;6.2;0.0;0;30;3.000;2.749;12.9;-90;0;0;-8.6;0;0;0;0;0;98;0;0;1849;109.19;0;0;0;0;0;0;0;0;0;0;0;0;0;0;0;0;30;0;39.0;39.0;2;0;0.00;0.00;0.00;0.0;0.0
103.936;127;1005;39;39195;0.5;14.000;0.952;30;81;9;0;100;101;100;102;100;103;100;47;47;0;1.833;1.833;0.000;0.000;14.700;1.000;6.1;0.0;0;30;3.000;2.721;12.9;-90;0;0;-8.6;0;0;0;0;0;98;0;0;1849;110.39;0;0;0;0;0;0;0;0;0;0;0;0;0;0;0;0;30;0;39.0;39.0;2;0;0.00;0.00;0.00;0.0;0.0
104.001;128;996;39;38844;0.5;14.200;0.966;30;81;9;0;100;101;100;102;100;103;100;47;47;0;1.833;1.833;0.000;0.000;14.700;1.000;6.1;0.0;0;29;3.000;2.459;12.9;-80;0;0;-8.6;0;0;0;0;0;98;0;0;1853;111.63;0;0;0;0;0;0;0;0;0;0;0;0;0;0;0;0;29;0;39.0;39.0;2;0;0.00;0.00;0.00;0.0;0.0
104.071;128;987;40;39480;0.5;14.200;0.966;30;81;9;0;100;101;100;102;100;103;100;47;47;0;1.841;1.841;0.000;0.000;14.700;1.000;6.1;0.0;0;29;3.000;2.726;12.9;-80;0;0;-8.4;0;0;0;0;0;98;0;0;1853;112.64;0;0;0;0;0;0;0;0;0;0;0;0;0;0;0;0;29;0;40.0;40.0;2;0;0.00;0.00;0.00;0.0;0.0
104.136;128;994;40;39760;0.5;15.400;1.048;30;81;9;0;100;101;100;102;100;103;100;47;47;0;1.841;1.841;0.000;0.000;14.700;1.000;6.1;0.0;0;29;3.000;2.923;12.9;-150;0;0;-8.4;0;0;0;0;0;98;0;0;1853;111.85;0;0;0;0;0;0;0;0;0;0;0;0;0;0;0;0;29;0;40.0;40.0;2;0;0.00;0.00;0.00;0.0;0.0
104.202;128;995;40;39800;0.5;17.300;1.177;30;81;9;0;100;101;100;102;100;103;100;47;47;0;1.841;1.841;0.000;0.000;14.700;1.000;6.1;0.0;0;29;3.000;2.868;12.9;-30;0;0;-8.4;0;0;0;0;0;98;0;0;1853;111.74;0;0;0;0;0;0;0;0;0;0;0;0;0;0;0;0;29;0;40.0;40.0;2;0;0.00;0.00;0.00;0.0;0.0
104.267;128;990;40;39600;0.5;18.300;1.245;30;81;9;0;100;101;100;102;100;103;100;47;47;0;1.841;1.841;0.000;0.000;14.700;1.000;6.1;0.0;0;29;3.000;2.846;12.9;-30;0;0;-8.4;0;0;0;0;0;98;0;0;1853;112.30;0;0;0;0;0;0;0;0;0;0;0;0;0;0;0;0;29;0;40.0;40.0;2;0;0.00;0.00;0.00;0.0;0.0
104.337;128;968;40;38720;0.5;19.100;1.299;30;81;9;0;100;101;100;102;100;103;100;47;47;0;1.841;1.841;0.000;0.000;14.700;1.000;5.9;0.0;0;29;3.000;2.567;12.9;0;0;0;-8.4;0;0;0;0;0;98;0;0;1853;114.86;0;0;0;0;0;0;0;0;0;0;0;0;0;0;0;0;29;0;40.0;40.0;2;0;0.00;0.00;0.00;0.0;0.0
104.403;128;976;40;39040;0.5;19.100;1.299;30;81;9;0;100;101;100;102;100;103;100;47;47;0;1.841;1.841;0.000;0.000;14.700;1.000;6.0;0.0;0;29;3.000;2.932;12.9;-140;0;0;-8.4;0;0;0;0;0;98;0;0;1853;113.91;0;0;0;0;0;0;0;0;0;0;0;0;0;0;0;0;29;0;40.0;40.0;2;0;0.00;0.00;0.00;0.0;0.0
104.468;128;967;41;39647;0.5;18.400;1.252;30;81;9;0;100;101;100;102;100;103;100;48;48;0;1.857;1.857;0.000;0.000;14.700;1.000;6.0;0.0;0;29;3.000;3.117;12.9;-140;0;0;-8.3;0;0;0;0;0;98;0;0;1853;114.97;0;0;0;0;0;0;0;0;0;0;0;0;0;0;0;0;29;0;41.0;41.0;2;0;0.00;0.00;0.00;0.0;0.0
104.534;128;954;41;39114;0.5;18.700;1.272;30;81;9;0;100;101;100;102;100;103;100;48;48;0;1.857;1.857;0.000;0.000;14.700;1.000;5.9;0.0;0;28;3.000;2.649;12.9;-90;0;0;-8.3;0;0;0;0;0;98;0;0;1853;116.54;0;0;0;0;0;0;0;0;0;0;0;0;0;0;0;0;28;0;41.0;41.0;2;0;0.00;0.00;0.00;0.0;0.0
104.603;128;960;41;39360;0.5;19.400;1.320;30;81;9;0;100;101;100;102;100;103;100;48;48;0;1.857;1.857;0.000;0.000;14.700;1.000;5.9;0.0;0;29;3.000;2.804;12.9;-100;0;0;-8.3;0;0;0;0;0;98;0;0;1853;115.81;0;0;0;0;0;0;0;0;0;0;0;0;0;0;0;0;29;0;41.0;41.0;2;0;0.00;0.00;0.00;0.0;0.0
104.603;128;962;41;39442;0.5;19.700;1.340;30;81;9;0;100;101;100;102;100;103;100;48;48;0;1.857;1.857;0.000;0.000;14.700;1.000;6.0;0.0;0;29;3.000;2.794;12.9;-100;0;0;-8.3;0;0;0;0;0;98;0;0;1853;115.57;0;0;0;0;0;0;0;0;0;0;0;0;0;0;0;0;29;0;41.0;41.0;2;0;0.00;0.00;0.00;0.0;0.0
104.738;128;983;41;40303;0.5;19.700;1.340;30;81;9;0;100;101;100;102;100;103;100;48;48;0;1.857;1.857;0.000;0.000;14.700;1.000;6.1;0.0;0;29;3.000;3.073;12.9;50;0;0;-8.3;0;0;0;0;0;98;0;0;1853;113.10;0;0;0;0;0;0;0;0;0;0;0;0;0;0;0;0;29;0;41.0;41.0;2;0;0.00;0.00;0.00;0.0;0.0
104.804;128;976;40;39040;0.5;19.700;1.340;30;81;9;0;100;101;100;102;100;103;100;47;47;0;1.841;1.841;0.000;0.000;14.700;1.000;6.0;0.0;0;29;3.000;2.618;12.9;140;0;0;-8.4;0;0;0;0;0;98;0;0;1853;113.91;0;0;0;0;0;0;0;0;0;0;0;0;0;0;0;0;29;0;40.0;40.0;2;0;0.00;0.00;0.00;0.0;0.0
104.869;128;978;40;39120;0.5;19.700;1.340;30;81;9;0;100;101;100;102;100;103;100;47;47;0;1.841;1.841;0.000;0.000;14.700;1.000;6.0;0.0;0;29;3.000;2.760;12.9;140;0;0;-8.4;0;0;0;0;0;98;0;0;1853;113.68;0;0;0;0;0;0;0;0;0;0;0;0;0;0;0;0;29;0;40.0;40.0;2;0;0.00;0.00;0.00;0.0;0.0
104.939;128;995;40;39800;0.5;19.700;1.340;30;81;9;0;100;101;100;102;100;103;100;47;47;0;1.841;1.841;0.000;0.000;14.700;1.000;6.1;0.0;0;29;3.000;2.946;12.9;20;0;0;-8.4;0;0;0;0;0;98;0;0;1853;111.74;0;0;0;0;0;0;0;0;0;0;0;0;0;0;0;0;29;0;40.0;40.0;2;0;0.00;0.00;0.00;0.0;0.0
105.005;129;1001;40;40040;0.5;19.700;1.340;30;81;9;0;100;101;100;102;100;103;100;48;48;0;1.884;1.884;0.000;0.000;14.700;1.000;6.3;0.0;0;30;3.000;2.827;12.6;240;0;0;-8.4;0;0;0;0;0;98;0;0;1860;111.49;0;0;0;0;0;0;0;0;0;0;0;0;0;0;0;0;30;0;40.0;40.0;2;0;0.00;0.00;0.00;0.0;0.0
105.070;129;968;40;38720;0.5;19.700;1.340;30;81;9;0;100;101;100;102;100;103;100;47;47;0;1.877;1.877;0.000;0.000;14.700;1.000;6.1;0.0;0;29;3.000;2.415;12.6;240;0;0;-8.4;0;0;0;0;0;98;0;0;1860;115.29;0;0;0;0;0;0;0;0;0;0;0;0;0;0;0;0;29;0;40.0;40.0;2;0;0.00;0.00;0.00;0.0;0.0
105.136;129;974;40;38960;0.5;19.700;1.340;30;81;9;0;100;101;100;102;100;103;100;47;47;0;1.877;1.877;0.000;0.000;14.700;1.000;6.1;0.0;0;29;3.000;3.183;12.6;-380;0;0;-8.4;0;0;0;0;0;98;0;0;1860;114.58;0;0;0;0;0;0;0;0;0;0;0;0;0;0;0;0;29;0;40.0;40.0;2;0;0.00;0.00;0.00;0.0;0.0
105.136;129;988;41;40508;0.5;19.700;1.340;30;81;9;0;100;101;100;102;100;103;100;48;48;0;1.893;1.893;0.000;0.000;14.700;1.000;6.2;0.0;0;29;3.000;3.205;12.6;240;0;0;-8.3;0;0;0;0;0;98;0;0;1860;112.96;0;0;0;0;0;0;0;0;0;0;0;0;0;0;0;0;29;0;41.0;41.0;2;0;0.00;0.00;0.00;0.0;0.0
105.272;129;992;40;39680;0.5;19.600;1.333;30;81;9;0;100;101;100;102;100;103;100;47;47;0;1.853;1.853;0.000;0.000;14.700;1.000;6.1;0.0;0;29;3.000;2.857;12.8;240;0;0;-8.4;0;0;0;0;0;98;0;0;1860;112.50;0;0;0;0;0;0;0;0;0;0;0;0;0;0;0;0;29;0;40.0;40.0;2;0;0.00;0.00;0.00;0.0;0.0
105.341;129;1006;40;40240;0.5;19.400;1.320;30;81;9;0;100;101;100;102;100;103;100;48;48;0;1.860;1.860;0.000;0.000;14.700;1.000;6.2;0.0;0;30;3.000;2.971;12.8;40;0;0;-8.4;0;0;0;0;0;98;0;0;1860;110.93;0;0;0;0;0;0;0;0;0;0;0;0;0;0;0;0;30;0;40.0;40.0;2;0;0.00;0.00;0.00;0.0;0.0
105.406;129;1007;40;40280;0.5;19.500;1.327;30;81;9;0;100;101;100;102;100;103;100;48;48;0;1.860;1.860;0.000;0.000;14.700;1.000;6.2;0.0;0;30;3.000;2.697;12.8;150;0;0;-8.4;0;0;0;0;0;98;0;0;1860;110.82;0;0;0;0;0;0;0;0;0;0;0;0;0;0;0;0;30;0;40.0;40.0;2;0;0.00;0.00;0.00;0.0;0.0
105.471;129;1017;39;39663;0.5;19.600;1.333;30;81;9;0;100;101;100;102;100;103;100;47;47;0;1.845;1.845;0.000;0.000;14.700;1.000;6.3;0.0;0;30;3.000;2.886;12.8;150;0;0;-8.6;0;0;0;0;0;98;0;0;1860;109.73;0;0;0;0;0;0;0;0;0;0;0;0;0;0;0;0;30;0;39.0;39.0;2;0;0.00;0.00;0.00;0.0;0.0
105.537;129;1007;39;39273;0.5;19.700;1.340;30;81;9;0;100;101;100;102;100;103;100;47;47;0;1.845;1.845;0.000;0.000;14.700;1.000;6.2;0.0;0;30;3.000;2.596;12.8;140;0;0;-8.6;0;0;0;0;0;98;0;0;1860;110.82;0;0;0;0;0;0;0;0;0;0;0;0;0;0;0;0;30;0;39.0;39.0;2;0;0.00;0.00;0.00;0.0;0.0
105.603;129;998;39;38922;0.5;18.200;1.238;30;81;9;0;100;101;100;102;100;103;100;47;47;0;1.845;1.845;0.000;0.000;14.700;1.000;6.1;0.0;0;30;3.000;2.525;12.8;-230;0;0;-8.6;0;0;0;0;0;98;0;0;1860;111.82;0;0;0;0;0;0;0;0;0;0;0;0;0;0;0;0;30;0;39.0;39.0;2;0;0.00;0.00;0.00;0.0;0.0
105.668;129;998;40;39920;0.5;17.100;1.163;30;81;9;0;100;101;100;102;100;103;100;47;47;0;1.853;1.853;0.000;0.000;14.700;1.000;6.2;0.0;0;29;3.000;3.028;12.8;-230;0;0;-8.4;0;0;0;0;0;98;0;0;1860;111.82;0;0;0;0;0;0;0;0;0;0;0;0;0;0;0;0;29;0;40.0;40.0;2;0;0.00;0.00;0.00;0.0;0.0
105.737;129;999;40;39960;0.5;17.000;1.156;30;81;9;0;100;101;100;102;100;103;100;47;47;0;1.853;1.853;0.000;0.000;14.700;1.000;6.2;0.0;0;29;3.000;2.937;12.8;-30;0;0;-8.4;0;0;0;0;0;98;0;0;1860;111.71;0;0;0;0;0;0;0;0;0;0;0;0;0;0;0;0;29;0;40.0;40.0;2;0;0.00;0.00;0.00;0.0;0.0
105.803;129;1000;40;40000;0.5;16.900;1.150;31;81;9;0;100;101;100;102;100;103;100;48;48;0;1.860;1.860;0.000;0.000;14.700;1.000;6.2;0.0;0;30;3.000;2.981;12.8;60;0;0;-8.4;0;0;0;0;0;98;0;0;1860;111.60;0;0;0;0;0;0;0;0;0;0;0;0;0;0;0;0;30;0;40.0;40.0;2;0;0.00;0.00;0.00;0.0;0.0
105.803;129;983;40;39320;0.5;16.400;1.116;31;81;9;0;100;101;100;102;100;103;100;47;47;0;1.853;1.853;0.000;0.000;14.700;1.000;6.1;0.0;0;29;3.000;2.759;12.8;60;0;0;-8.4;0;0;0;0;0;98;0;0;1860;113.53;0;0;0;0;0;0;0;0;0;0;0;0;0;0;0;0;29;0;40.0;40.0;2;0;0.00;0.00;0.00;0.0;0.0
105.939;129;991;40;39640;0.5;16.000;1.088;31;81;9;0;100;101;100;102;100;103;100;47;47;0;1.853;1.853;0.000;0.000;14.700;1.000;6.1;0.0;0;29;3.000;3.084;12.8;-150;0;0;-8.4;0;0;0;0;0;98;0;0;1860;112.61;0;0;0;0;0;0;0;0;0;0;0;0;0;0;0;0;29;0;40.0;40.0;2;0;0.00;0.00;0.00;0.0;0.0
106.004;130;998;40;39920;0.5;15.300;1.041;31;81;9;0;100;101;100;102;100;103;100;47;47;0;1.853;1.853;0.000;0.000;14.700;1.000;6.2;0.0;0;29;3.000;2.753;12.8;120;0;0;-8.4;0;0;0;0;0;98;0;0;1858;111.70;0;0;0;0;0;0;0;0;0;0;0;0;0;0;0;0;29;0;40.0;40.0;2;0;0.00;0.00;0.00;0.0;0.0
106.070;130;1002;40;40080;0.5;14.900;1.014;31;82;9;0;100;101;100;102;100;103;100;48;48;0;1.860;1.860;0.000;0.000;14.700;1.000;6.2;0.0;0;30;3.000;2.863;12.8;120;0;0;-8.4;0;0;0;0;0;98;0;0;1858;111.26;0;0;0;0;0;0;0;0;0;0;0;0;0;0;0;0;30;0;40.0;40.0;2;0;0.00;0.00;0.00;0.0;0.0
106.135;130;1007;40;40280;0.5;14.600;0.993;31;82;9;0;100;101;100;102;100;103;100;48;48;0;1.860;1.860;0.000;0.000;14.700;1.000;6.2;0.0;0;30;3.000;2.734;12.8;30;0;0;-8.4;0;0;0;0;0;98;0;0;1858;110.71;0;0;0;0;0;0;0;0;0;0;0;0;0;0;0;0;30;0;40.0;40.0;2;0;0.00;0.00;0.00;0.0;0.0
106.204;130;1013;39;39507;0.5;15.200;1.034;31;82;9;0;100;101;100;102;100;103;100;47;47;0;1.845;1.845;0.000;0.000;14.700;1.000;6.2;0.0;0;30;3.000;2.853;12.8;30;0;0;-8.6;0;0;0;0;0;98;0;0;1858;110.05;0;0;0;0;0;0;0;0;0;0;0;0;0;0;0;0;30;0;39.0;39.0;2;0;0.00;0.00;0.00;0.0;0.0
106.270;130;1017;39;39663;0.5;17.200;1.170;31;82;9;0;100;101;100;102;100;103;100;47;47;0;1.845;1.845;0.000;0.000;14.700;1.000;6.3;0.0;0;30;3.000;2.896;12.8;120;0;0;-8.6;0;0;0;0;0;98;0;0;1858;109.62;0;0;0;0;0;0;0;0;0;0;0;0;0;0;0;0;30;0;39.0;39.0;2;0;0.00;0.00;0.00;0.0;0.0
106.336;130;1013;39;39507;0.5;18.600;1.265;31;82;9;0;100;101;100;102;100;103;100;47;47;0;1.845;1.845;0.000;0.000;14.700;1.000;6.2;0.0;0;30;3.000;2.885;12.8;10;0;0;-8.6;0;0;0;0;0;98;0;0;1858;110.05;0;0;0;0;0;0;0;0;0;0;0;0;0;0;0;0;30;0;39.0;39.0;2;0;0.00;0.00;0.00;0.0;0.0
106.336;130;1015;39;39585;0.5;18.400;1.252;31;82;9;0;100;101;100;102;100;103;100;47;47;0;1.845;1.845;0.000;0.000;14.700;1.000;6.2;0.0;0;30;3.000;3.055;12.8;10;0;0;-8.6;0;0;0;0;0;98;0;0;1858;109.83;0;0;0;0;0;0;0;0;0;0;0;0;0;0;0;0;30;0;39.0;39.0;2;0;0.00;0.00;0.00;0.0;0.0
106.471;130;1016;39;39624;0.5;18.000;1.224;31;82;9;0;100;101;100;102;100;103;100;47;47;0;1.845;1.845;0.000;0.000;14.700;1.000;6.2;0.0;0;30;3.000;2.782;12.8;10;0;0;-8.6;0;0;0;0;0;98;0;0;1858;109.72;0;0;0;0;0;0;0;0;0;0;0;0;0;0;0;0;30;0;39.0;39.0;2;0;0.00;0.00;0.00;0.0;0.0
106.536;130;1019;39;39741;0.5;18.500;1.259;31;82;9;0;100;101;100;102;100;103;100;47;47;0;1.845;1.845;0.000;0.000;14.700;1.000;6.3;0.0;0;30;3.000;2.722;12.8;70;0;0;-8.6;0;0;0;0;0;98;0;0;1858;109.40;0;0;0;0;0;0;0;0;0;0;0;0;0;0;0;0;30;0;39.0;39.0;2;0;0.00;0.00;0.00;0.0;0.0
106.606;130;1009;39;39351;0.5;19.500;1.327;31;82;9;0;100;101;100;102;100;103;100;47;47;0;1.845;1.845;0.000;0.000;14.700;1.000;6.2;0.0;0;30;3.000;2.562;12.8;70;0;0;-8.6;0;0;0;0;0;98;0;0;1858;110.49;0;0;0;0;0;0;0;0;0;0;0;0;0;0;0;0;30;0;39.0;39.0;2;0;0.00;0.00;0.00;0.0;0.0
106.672;130;1022;39;39858;0.5;19.600;1.333;31;82;9;0;100;101;100;102;100;103;100;47;47;0;1.845;1.845;0.000;0.000;14.700;1.000;6.3;0.0;0;30;3.000;2.937;12.8;-90;0;0;-8.6;0;0;0;0;0;98;0;0;1858;109.08;0;0;0;0;0;0;0;0;0;0;0;0;0;0;0;0;30;0;39.0;39.0;2;0;0.00;0.00;0.00;0.0;0.0
106.737;130;1014;39;39546;0.5;18.800;1.279;31;82;9;0;100;101;100;102;100;103;100;47;47;0;1.845;1.845;0.000;0.000;14.700;1.000;6.2;0.0;0;30;3.000;2.754;12.8;-10;0;0;-8.6;0;0;0;0;0;98;0;0;1858;109.94;0;0;0;0;0;0;0;0;0;0;0;0;0;0;0;0;30;0;39.0;39.0;2;0;0.00;0.00;0.00;0.0;0.0
106.803;130;1011;39;39429;0.5;17.700;1.204;31;82;9;0;100;101;100;102;100;103;100;47;47;0;1.845;1.845;0.000;0.000;14.700;1.000;6.2;0.0;0;30;3.000;2.788;12.8;-10;0;0;-8.6;0;0;0;0;0;98;0;0;1858;110.27;0;0;0;0;0;0;0;0;0;0;0;0;0;0;0;0;30;0;39.0;39.0;2;0;0.00;0.00;0.00;0.0;0.0
106.868;130;995;39;38805;0.5;16.400;1.116;31;82;9;0;100;101;100;102;100;103;100;47;47;0;1.845;1.845;0.000;0.000;14.700;1.000;6.1;0.0;0;29;3.000;2.777;12.8;-130;0;0;-8.6;0;0;0;0;0;98;0;0;1858;112.04;0;0;0;0;0;0;0;0;0;0;0;0;0;0;0;0;29;0;39.0;39.0;2;0;0.00;0.00;0.00;0.0;0.0
106.934;130;991;40;39640;0.5;16.600;1.129;31;82;9;0;100;101;100;102;100;103;100;47;47;0;1.853;1.853;0.000;0.000;14.700;1.000;6.1;0.0;0;29;3.000;2.925;12.8;-80;0;0;-8.4;0;0;0;0;0;98;0;0;1858;112.49;0;0;0;0;0;0;0;0;0;0;0;0;0;0;0;0;29;0;40.0;40.0;2;0;0.00;0.00;0.00;0.0;0.0
107.003;130;1005;40;40200;0.5;18.400;1.252;31;82;9;0;100;101;100;102;100;103;100;48;48;0;1.860;1.860;0.000;0.000;14.700;1.000;6.2;0.0;0;30;3.000;3.040;12.8;-80;0;0;-8.4;0;0;0;0;0;98;0;0;1858;110.93;0;0;0;0;0;0;0;0;0;0;0;0;0;0;0;0;30;0;40.0;40.0;2;0;0.00;0.00;0.00;0.0;0.0
107.069;131;997;40;39880;0.5;17.900;1.218;31;82;9;0;100;101;100;102;100;103;100;47;47;0;1.865;1.865;0.000;0.000;14.700;1.000;6.2;0.0;0;29;3.000;2.390;12.7;140;0;0;-8.4;0;0;0;0;0;98;0;0;1852;111.45;0;0;0;0;0;0;0;0;0;0;0;0;0;0;0;0;29;0;40.0;40.0;2;0;0.00;0.00;0.00;0.0;0.0
107.134;131;987;40;39480;0.5;16.800;1.143;31;82;9;0;100;101;100;102;100;103;100;47;47;0;1.865;1.865;0.000;0.000;14.700;1.000;6.1;0.0;0;29;3.000;2.720;12.7;-180;0;0;-8.4;0;0;0;0;0;98;0;0;1852;112.58;0;0;0;0;0;0;0;0;0;0;0;0;0;0;0;0;29;0;40.0;40.0;2;0;0.00;0.00;0.00;0.0;0.0
107.204;131;981;40;39240;0.5;19.000;1.293;31;82;9;0;100;101;100;102;100;103;100;47;47;0;1.865;1.865;0.000;0.000;14.700;1.000;6.1;0.0;0;29;3.000;2.935;12.7;-180;0;0;-8.4;0;0;0;0;0;98;0;0;1852;113.27;0;0;0;0;0;0;0;0;0;0;0;0;0;0;0;0;29;0;40.0;40.0;2;0;0.00;0.00;0.00;0.0;0.0
107.273;131;1016;40;40640;0.5;19.700;1.340;31;82;9;0;100;101;100;102;100;103;100;48;48;0;1.872;1.872;0.000;0.000;14.700;1.000;6.3;0.0;0;30;3.000;3.269;12.7;120;0;0;-8.4;0;0;0;0;0;98;0;0;1852;109.37;0;0;0;0;0;0;0;0;0;0;0;0;0;0;0;0;30;0;40.0;40.0;2;0;0.00;0.00;0.00;0.0;0.0
107.339;131;1023;39;39897;0.5;19.700;1.340;31;82;9;0;100;101;100;102;100;103;100;47;47;0;1.857;1.857;0.000;0.000;14.700;1.000;6.3;0.0;0;30;3.000;3.020;12.7;110;0;0;-8.6;0;0;0;0;0;98;0;0;1852;108.62;0;0;0;0;0;0;0;0;0;0;0;0;0;0;0;0;30;0;39.0;39.0;2;0;0.00;0.00;0.00;0.0;0.0
107.405;131;1030;39;40170;0.5;18.500;1.259;31;82;9;0;100;101;100;102;100;103;100;47;47;0;1.857;1.857;0.000;0.000;14.700;1.000;6.4;0.0;0;30;3.000;2.753;12.7;110;0;0;-8.6;0;0;0;0;0;98;0;0;1852;107.88;0;0;0;0;0;0;0;0;0;0;0;0;0;0;0;0;30;0;39.0;39.0;2;0;0.00;0.00;0.00;0.0;0.0
107.474;131;1032;39;40248;0.5;17.900;1.218;31;82;9;0;100;101;100;102;100;103;100;47;47;0;1.857;1.857;0.000;0.000;14.700;1.000;6.4;0.0;0;30;3.000;3.028;12.7;100;0;0;-8.6;0;0;0;0;0;98;0;0;1852;107.67;0;0;0;0;0;0;0;0;0;0;0;0;0;0;0;0;30;0;39.0;39.0;2;0;0.00;0.00;0.00;0.0;0.0
107.540;131;1031;38;39178;0.5;19.300;1.313;31;82;9;0;100;101;100;102;100;103;100;47;47;0;1.921;1.921;0.000;0.000;14.700;1.000;6.6;0.0;0;30;3.000;2.855;12.1;170;0;0;-8.7;0;0;0;0;0;98;0;0;1852;107.78;0;0;0;0;0;0;0;0;0;0;0;0;0;0;0;0;30;0;38.0;38.0;2;0;0.00;0.00;0.00;0.0;0.0
107.606;131;1037;39;40443;0.5;19.600;1.333;31;82;9;0;100;101;100;102;100;103;100;47;47;0;1.929;1.929;0.000;0.000;14.700;1.000;6.7;0.0;0;30;3.000;2.894;12.1;170;0;0;-8.6;0;0;0;0;0;98;0;0;1852;107.16;0;0;0;0;0;0;0;0;0;0;0;0;0;0;0;0;30;0;39.0;39.0;2;0;0.00;0.00;0.00;0.0;0.0
107.671;131;1022;39;39858;0.5;18.000;1.224;31;82;9;0;100;101;100;102;100;103;100;47;47;0;1.929;1.929;0.000;0.000;14.700;1.000;6.6;0.0;0;30;3.000;2.617;12.1;-10;0;0;-8.6;0;0;0;0;0;98;0;0;1852;108.73;0;0;0;0;0;0;0;0;0;0;0;0;0;0;0;0;30;0;39.0;39.0;2;0;0.00;0.00;0.00;0.0;0.0
107.736;131;1041;38;39558;0.5;16.300;1.109;31;82;9;0;100;101;100;102;100;103;100;46;46;0;1.914;1.914;0.000;0.000;14.700;1.000;6.6;0.0;0;30;3.000;2.987;12.1;-20;0;0;-8.7;0;0;0;0;0;98;0;0;1852;106.74;0;0;0;0;0;0;0;0;0;0;0;0;0;0;0;0;30;0;38.0;38.0;2;0;0.00;0.00;0.00;0.0;0.0
107.802;131;1043;38;39634;0.5;16.300;1.109;31;82;9;0;100;101;100;102;100;103;100;47;47;0;1.873;1.873;0.000;0.000;14.700;1.000;6.5;0.0;0;30;3.000;3.011;12.5;-20;0;0;-8.7;0;0;0;0;0;98;0;0;1852;106.54;0;0;0;0;0;0;0;0;0;0;0;0;0;0;0;0;30;0;38.0;38.0;2;0;0.00;0.00;0.00;0.0;0.0
107.868;131;1049;38;39862;0.5;16.400;1.116;31;82;9;0;100;101;100;102;100;103;100;46;46;0;1.866;1.866;0.000;0.000;14.700;1.000;6.5;0.0;0;30;3.000;2.931;12.5;110;0;0;-8.7;0;0;0;0;0;98;0;0;1852;105.93;0;0;0;0;0;0;0;0;0;0;0;0;0;0;0;0;30;0;38.0;38.0;2;0;0.00;0.00;0.00;0.0;0.0
107.937;131;1046;38;39748;0.5;15.800;1.075;31;82;9;0;100;101;100;102;100;103;100;46;46;0;1.866;1.866;0.000;0.000;14.700;1.000;6.5;0.0;0;30;3.000;2.955;12.5;-70;0;0;-8.7;0;0;0;0;0;98;0;0;1852;106.23;0;0;0;0;0;0;0;0;0;0;0;0;0;0;0;0;30;0;38.0;38.0;2;0;0.00;0.00;0.00;0.0;0.0
108.003;131;1052;38;39976;0.5;14.800;1.007;31;82;9;0;100;101;100;102;100;103;100;47;47;0;1.873;1.873;0.000;0.000;14.700;1.000;6.6;0.0;0;30;3.000;2.937;12.5;-70;0;0;-8.7;0;0;0;0;0;98;0;0;1852;105.63;0;0;0;0;0;0;0;0;0;0;0;0;0;0;0;0;30;0;38.0;38.0;2;0;0.00;0.00;0.00;0.0;0.0
108.068;132;1063;38;40394;0.5;13.800;0.939;31;82;9;0;100;101;100;102;100;103;100;47;47;0;1.849;1.849;0.000;0.000;14.700;1.000;6.6;0.0;0;30;3.000;2.926;12.7;250;0;0;-8.7;0;0;0;0;0;98;0;0;1854;104.65;0;0;0;0;0;0;0;0;0;0;0;0;0;0;0;0;30;0;38.0;38.0;2;0;0.00;0.00;0.00;0.0;0.0
108.134;132;1067;38;40546;0.5;13.100;0.891;31;82;9;0;100;101;100;102;100;103;100;47;47;0;1.849;1.849;0.000;0.000;14.700;1.000;6.6;0.0;0;30;3.000;2.714;12.7;250;0;0;-8.7;0;0;0;0;0;98;0;0;1854;104.25;0;0;0;0;0;0;0;0;0;0;0;0;0;0;0;0;30;0;38.0;38.0;2;0;0.00;0.00;0.00;0.0;0.0
108.203;132;1071;38;40698;0.5;13.100;0.891;31;82;9;0;100;101;100;102;100;103;100;47;47;0;1.849;1.849;0.000;0.000;14.700;1.000;6.6;0.0;0;30;3.000;2.938;12.7;40;0;0;-8.7;0;0;0;0;0;98;0;0;1854;103.87;0;0;0;0;0;0;0;0;0;0;0;0;0;0;0;0;30;0;38.0;38.0;2;0;0.00;0.00;0.00;0.0;0.0
108.269;132;1081;37;39997;0.5;13.100;0.891;31;82;9;0;100;101;100;102;100;103;100;46;46;0;1.826;1.826;0.000;0.000;14.700;1.000;6.6;0.0;0;30;3.000;2.965;12.7;0;0;0;-8.8;0;0;0;0;0;98;0;0;1854;102.90;0;0;0;0;0;0;0;0;0;0;0;0;0;0;0;0;30;0;37.0;37.0;2;0;0.00;0.00;0.00;0.0;0.0
108.338;132;1066;37;39442;0.5;13.000;0.884;31;82;9;0;100;101;100;102;100;103;100;46;46;0;1.814;1.814;0.000;0.000;14.700;1.000;6.4;0.0;0;30;3.000;2.461;12.8;0;0;0;-8.8;0;0;0;0;0;98;0;0;1854;104.35;0;0;0;0;0;0;0;0;0;0;0;0;0;0;0;0;30;0;37.0;37.0;2;0;0.00;0.00;0.00;0.0;0.0
108.404;132;1075;38;40850;0.5;13.100;0.891;31;82;9;0;100;101;100;102;100;103;100;47;47;0;1.837;1.837;0.000;0.000;14.700;1.000;6.6;0.0;0;30;3.000;2.882;12.8;-10;0;0;-8.7;0;0;0;0;0;98;0;0;1854;103.48;0;0;0;0;0;0;0;0;0;0;0;0;0;0;0;0;30;0;38.0;38.0;2;0;0.00;0.00;0.00;0.0;0.0
108.470;132;1077;37;39849;0.5;12.800;0.871;31;82;9;0;100;101;100;102;100;103;100;46;46;0;1.814;1.814;0.000;0.000;14.700;1.000;6.5;0.0;0;30;3.000;2.700;12.8;110;0;0;-8.8;0;0;0;0;0;98;0;0;1854;103.29;0;0;0;0;0;0;0;0;0;0;0;0;0;0;0;0;30;0;37.0;37.0;2;0;0.00;0.00;0.00;0.0;0.0
108.535;132;1068;37;39516;0.5;12.600;0.857;31;82;9;0;100;101;100;102;100;103;100;46;46;0;1.814;1.814;0.000;0.000;14.700;1.000;6.5;0.0;0;31;3.000;2.888;12.8;110;0;0;-8.8;0;0;0;0;0;98;0;0;1854;104.16;0;0;0;0;0;0;0;0;0;0;0;0;0;0;0;0;31;0;37.0;37.0;2;0;0.00;0.00;0.00;0.0;0.0
108.601;132;1059;37;39183;0.5;12.800;0.871;31;82;9;0;100;101;100;102;100;103;100;46;46;0;1.814;1.814;0.000;0.000;14.700;1.000;6.4;0.0;0;30;3.000;2.885;12.8;-90;0;0;-8.8;0;0;0;0;0;98;0;0;1854;105.04;0;0;0;0;0;0;0;0;0;0;0;0;0;0;0;0;30;0;37.0;37.0;2;0;0.00;0.00;0.00;0.0;0.0
108.670;132;1049;37;38813;0.5;12.900;0.878;31;82;9;0;100;101;100;102;100;103;100;46;46;0;1.814;1.814;0.000;0.000;14.700;1.000;6.3;0.0;0;30;3.000;2.950;12.8;-70;0;0;-8.8;0;0;0;0;0;98;0;0;1854;106.04;0;0;0;0;0;0;0;0;0;0;0;0;0;0;0;0;30;0;37.0;37.0;2;0;0.00;0.00;0.00;0.0;0.0
108.736;132;1053;38;40014;0.5;13.200;0.898;31;82;9;0;100;101;100;102;100;103;100;47;47;0;1.837;1.837;0.000;0.000;14.700;1.000;6.4;0.0;0;30;3.000;2.811;12.8;-70;0;0;-8.7;0;0;0;0;0;98;0;0;1854;105.64;0;0;0;0;0;0;0;0;0;0;0;0;0;0;0;0;30;0;38.0;38.0;2;0;0.00;0.00;0.00;0.0;0.0
108.805;132;1014;38;38532;0.5;13.300;0.905;31;82;9;0;100;101;100;102;100;103;100;46;46;0;1.830;1.830;0.000;0.000;14.700;1.000;6.2;0.0;0;30;3.000;2.331;12.8;-80;0;0;-8.7;0;0;0;0;0;98;0;0;1854;109.70;0;0;0;0;0;0;0;0;0;0;0;0;0;0;0;0;30;0;38.0;38.0;2;0;0.00;0.00;0.00;0.0;0.0
108.871;132;998;39;38922;0.5;13.400;0.912;31;82;9;0;100;101;100;102;100;103;100;47;47;0;1.845;1.845;0.000;0.000;14.700;1.000;6.1;0.0;0;30;3.000;2.588;12.8;-580;0;0;-8.6;0;0;0;0;0;98;0;0;1854;111.46;0;0;0;0;0;0;0;0;0;0;0;0;0;0;0;0;30;0;39.0;39.0;2;0;0.00;0.00;0.00;0.0;0.0
108.937;132;987;39;38493;0.5;13.600;0.925;31;82;9;0;100;101;100;102;100;103;100;47;47;0;1.845;1.845;0.000;0.000;14.700;1.000;6.1;0.0;0;29;3.000;2.707;12.8;-580;0;0;-8.6;0;0;0;0;0;98;0;0;1854;112.71;0;0;0;0;0;0;0;0;0;0;0;0;0;0;0;0;29;0;39.0;39.0;2;0;0.00;0.00;0.00;0.0;0.0
109.002;132;987;39;38493;0.5;14.100;0.959;31;82;9;0;100;101;100;102;100;103;100;47;47;0;1.845;1.845;0.000;0.000;14.700;1.000;6.1;0.0;0;29;3.000;2.791;12.8;-80;0;0;-8.6;0;0;0;0;0;98;0;0;1854;112.71;0;0;0;0;0;0;0;0;0;0;0;0;0;0;0;0;29;0;39.0;39.0;2;0;0.00;0.00;0.00;0.0;0.0
109.071;133;954;40;38160;0.5;15.300;1.041;31;82;9;0;100;101;100;102;100;103;100;47;47;0;1.925;1.925;0.000;0.000;14.700;1.000;6.1;0.0;0;28;3.000;2.324;12.2;-190;0;0;-8.4;0;0;0;0;0;98;0;0;1852;116.48;0;0;0;0;0;0;0;0;0;0;0;0;0;0;0;0;28;0;40.0;40.0;2;0;0.00;0.00;0.00;0.0;0.0
109.137;133;941;41;38581;0.5;16.500;1.122;31;82;9;0;100;101;100;102;100;103;100;47;47;0;1.933;1.933;0.000;0.000;14.700;1.000;6.1;0.0;0;28;3.000;2.884;12.2;-190;0;0;-8.3;0;0;0;0;0;98;0;0;1852;118.09;0;0;0;0;0;0;0;0;0;0;0;0;0;0;0;0;28;0;41.0;41.0;2;0;0.00;0.00;0.00;0.0;0.0
109.207;133;940;41;38540;0.5;17.000;1.156;31;82;9;0;100;101;100;102;100;103;100;47;47;0;1.933;1.933;0.000;0.000;14.700;1.000;6.1;0.0;0;28;3.000;3.045;12.2;-380;0;0;-8.3;0;0;0;0;0;98;0;0;1852;118.21;0;0;0;0;0;0;0;0;0;0;0;0;0;0;0;0;28;0;41.0;41.0;2;0;0.00;0.00;0.00;0.0;0.0
109.273;133;942;41;38622;0.5;17.900;1.218;31;82;9;0;100;101;100;102;100;103;100;47;47;0;1.933;1.933;0.000;0.000;14.700;1.000;6.1;0.0;0;28;3.000;2.764;12.2;120;0;0;-8.3;0;0;0;0;0;98;0;0;1852;117.96;0;0;0;0;0;0;0;0;0;0;0;0;0;0;0;0;28;0;41.0;41.0;2;0;0.00;0.00;0.00;0.0;0.0
109.338;133;936;42;39312;0.5;19.000;1.293;31;82;9;0;100;101;100;102;100;103;100;48;48;0;1.957;1.957;0.000;0.000;14.700;1.000;6.1;0.0;0;28;3.000;2.966;12.2;120;0;0;-8.1;0;0;0;0;0;98;0;0;1852;118.72;0;0;0;0;0;0;0;0;0;0;0;0;0;0;0;0;28;0;42.0;42.0;2;0;0.00;0.00;0.00;0.0;0.0
109.403;133;948;41;38868;0.5;19.200;1.306;31;82;9;0;100;101;100;102;100;103;100;47;47;0;1.933;1.933;0.000;0.000;14.700;1.000;6.1;0.0;0;28;3.000;3.158;12.2;-40;0;0;-8.3;0;0;0;0;0;98;0;0;1852;117.22;0;0;0;0;0;0;0;0;0;0;0;0;0;0;0;0;28;0;41.0;41.0;2;0;0.00;0.00;0.00;0.0;0.0
109.473;133;961;42;40362;0.5;19.400;1.320;31;82;9;0;100;101;100;102;100;103;100;48;48;0;1.957;1.957;0.000;0.000;14.700;1.000;6.3;0.0;0;29;3.000;3.048;12.2;170;0;0;-8.1;0;0;0;0;0;98;0;0;1852;115.63;0;0;0;0;0;0;0;0;0;0;0;0;0;0;0;0;29;0;42.0;42.0;2;0;0.00;0.00;0.00;0.0;0.0
109.539;133;961;41;39401;0.5;19.700;1.340;31;82;9;0;100;101;100;102;100;103;100;48;48;0;1.941;1.941;0.000;0.000;14.700;1.000;6.2;0.0;0;29;3.000;2.976;12.2;170;0;0;-8.3;0;0;0;0;0;98;0;0;1852;115.63;0;0;0;0;0;0;0;0;0;0;0;0;0;0;0;0;29;0;41.0;41.0;2;0;0.00;0.00;0.00;0.0;0.0
109.604;133;972;41;39852;0.5;19.400;1.320;31;82;9;0;100;101;100;102;100;103;100;48;48;0;2.001;2.001;0.000;0.000;14.700;1.000;6.5;0.0;0;29;3.030;3.013;11.9;60;0;0;-8.3;0;0;0;0;0;98;0;0;1852;114.32;0;0;0;0;0;0;0;0;0;0;0;0;0;0;0;0;29;0;41.0;41.0;2;0;0.00;0.00;0.00;0.0;0.0
109.670;133;983;40;39320;0.5;19.500;1.327;31;82;9;0;100;101;100;102;100;103;100;47;47;0;1.985;1.985;0.000;0.000;14.700;1.000;6.5;0.0;0;29;3.030;2.878;11.9;220;0;0;-8.4;0;0;0;0;0;98;0;0;1852;113.04;0;0;0;0;0;0;0;0;0;0;0;0;0;0;0;0;29;0;40.0;40.0;2;0;0.00;0.00;0.00;0.0;0.0
109.735;133;993;40;39720;0.5;19.700;1.340;31;82;9;0;100;101;100;102;100;103;100;47;47;0;1.985;1.985;0.000;0.000;14.700;1.000;6.6;0.0;0;29;3.030;3.061;11.9;220;0;0;-8.4;0;0;0;0;0;98;0;0;1852;111.90;0;0;0;0;0;0;0;0;0;0;0;0;0;0;0;0;29;0;40.0;40.0;2;0;0.00;0.00;0.00;0.0;0.0
109.801;133;1003;40;40120;0.5;19.700;1.340;31;82;9;0;100;101;100;102;100;103;100;48;48;0;1.992;1.992;0.000;0.000;14.700;1.000;6.7;0.0;0;30;3.030;2.897;11.9;170;0;0;-8.4;0;0;0;0;0;98;0;0;1852;110.79;0;0;0;0;0;0;0;0;0;0;0;0;0;0;0;0;30;0;40.0;40.0;2;0;0.00;0.00;0.00;0.0;0.0
109.870;133;1035;39;40365;0.5;19.700;1.340;31;82;9;0;100;101;100;102;100;103;100;47;47;0;1.881;1.881;0.000;0.000;14.700;1.000;6.5;0.0;0;30;3.000;3.014;12.5;350;0;0;-8.6;0;0;0;0;0;98;0;0;1852;107.36;0;0;0;0;0;0;0;0;0;0;0;0;0;0;0;0;30;0;39.0;39.0;2;0;0.00;0.00;0.00;0.0;0.0
109.936;133;1045;39;40755;0.5;19.500;1.327;31;82;9;0;100;101;100;102;100;103;100;47;47;0;1.881;1.881;0.000;0.000;14.700;1.000;6.6;0.0;0;30;3.000;3.125;12.5;350;0;0;-8.6;0;0;0;0;0;98;0;0;1852;106.33;0;0;0;0;0;0;0;0;0;0;0;0;0;0;0;0;30;0;39.0;39.0;2;0;0.00;0.00;0.00;0.0;0.0
110.005;133;1050;38;39900;0.5;18.400;1.252;31;82;9;0;100;101;100;102;100;103;100;47;47;0;1.873;1.873;0.000;0.000;14.700;1.000;6.6;0.0;0;30;3.000;2.944;12.5;90;0;0;-8.7;0;0;0;0;0;98;0;0;1852;105.83;0;0;0;0;0;0;0;0;0;0;0;0;0;0;0;0;30;0;38.0;38.0;2;0;0.00;0.00;0.00;0.0;0.0
110.071;134;1067;38;40546;0.5;18.000;1.224;31;82;9;0;100;101;100;102;100;103;100;47;47;0;1.849;1.849;0.000;0.000;14.700;1.000;6.6;0.0;0;30;3.000;2.934;12.7;230;0;0;-8.7;0;0;0;0;0;98;0;0;1841;103.52;0;0;0;0;0;0;0;0;0;0;0;0;0;0;0;0;30;0;38.0;38.0;2;0;0.00;0.00;0.00;0.0;0.0
110.137;134;1067;38;40546;0.5;16.700;1.136;31;82;9;0;100;101;100;102;100;103;100;47;47;0;1.849;1.849;0.000;0.000;14.700;1.000;6.6;0.0;0;30;3.000;2.698;12.7;230;0;0;-8.7;0;0;0;0;0;98;0;0;1841;103.52;0;0;0;0;0;0;0;0;0;0;0;0;0;0;0;0;30;0;38.0;38.0;2;0;0.00;0.00;0.00;0.0;0.0
110.206;134;1089;37;40293;0.5;17.700;1.204;31;82;9;0;100;101;100;102;100;103;100;46;46;0;1.826;1.826;0.000;0.000;14.700;1.000;6.6;0.0;0;30;3.000;3.155;12.7;130;0;0;-8.8;0;0;0;0;0;98;0;0;1841;101.43;0;0;0;0;0;0;0;0;0;0;0;0;0;0;0;0;30;0;37.0;37.0;2;0;0.00;0.00;0.00;0.0;0.0
110.272;134;1086;37;40182;0.5;14.800;1.007;31;82;9;0;100;101;100;102;100;103;100;46;46;0;1.826;1.826;0.000;0.000;14.700;1.000;6.6;0.0;0;30;3.000;2.994;12.7;130;0;0;-8.8;0;0;0;0;0;98;0;0;1841;101.71;0;0;0;0;0;0;0;0;0;0;0;0;0;0;0;0;30;0;37.0;37.0;2;0;0.00;0.00;0.00;0.0;0.0
110.337;134;1087;37;40219;0.5;13.200;0.898;31;82;9;0;100;101;100;102;100;103;100;46;46;0;1.814;1.814;0.000;0.000;14.700;1.000;6.6;0.0;0;30;3.000;2.975;12.8;60;0;0;-8.8;0;0;0;0;0;98;0;0;1841;101.62;0;0;0;0;0;0;0;0;0;0;0;0;0;0;0;0;30;0;37.0;37.0;2;0;0.00;0.00;0.00;0.0;0.0
110.403;134;1078;38;40964;0.5;11.900;0.810;31;82;9;0;100;101;100;102;100;103;100;47;47;0;1.837;1.837;0.000;0.000;14.700;1.000;6.6;0.0;0;31;3.000;2.954;12.8;-70;0;0;-8.7;0;0;0;0;0;98;0;0;1841;102.47;0;0;0;0;0;0;0;0;0;0;0;0;0;0;0;0;31;0;38.0;38.0;2;0;0.00;0.00;0.00;0.0;0.0
110.468;134;1081;37;39997;0.5;11.600;0.789;31;82;9;0;100;101;100;102;100;103;100;46;46;0;1.814;1.814;0.000;0.000;14.700;1.000;6.5;0.0;0;30;3.000;2.841;12.8;-70;0;0;-8.8;0;0;0;0;0;98;0;0;1841;102.18;0;0;0;0;0;0;0;0;0;0;0;0;0;0;0;0;30;0;37.0;37.0;2;0;0.00;0.00;0.00;0.0;0.0
110.534;134;1080;37;39960;0.5;11.600;0.789;31;82;9;0;100;101;100;102;100;103;100;46;46;0;1.814;1.814;0.000;0.000;14.700;1.000;6.5;0.0;0;30;3.000;2.906;12.8;20;0;0;-8.8;0;0;0;0;0;98;0;0;1841;102.28;0;0;0;0;0;0;0;0;0;0;0;0;0;0;0;0;30;0;37.0;37.0;2;0;0.00;0.00;0.00;0.0;0.0
110.603;134;1055;37;39035;0.5;11.700;0.796;31;82;9;0;100;101;100;102;100;103;100;46;46;0;1.802;1.802;0.000;0.000;14.700;1.000;6.3;0.0;0;30;3.000;2.718;12.9;-240;0;0;-8.8;0;0;0;0;0;98;0;0;1841;104.70;0;0;0;0;0;0;0;0;0;0;0;0;0;0;0;0;30;0;37.0;37.0;2;0;0.00;0.00;0.00;0.0;0.0
110.669;134;1067;37;39479;0.5;11.700;0.796;31;82;9;0;100;101;100;102;100;103;100;46;46;0;1.802;1.802;0.000;0.000;14.700;1.000;6.4;0.0;0;31;3.000;3.221;12.9;-240;0;0;-8.8;0;0;0;0;0;98;0;0;1841;103.52;0;0;0;0;0;0;0;0;0;0;0;0;0;0;0;0;31;0;37.0;37.0;2;0;0.00;0.00;0.00;0.0;0.0
110.735;134;1048;38;39824;0.5;12.000;0.816;31;82;9;0;100;101;100;102;100;103;100;47;47;0;1.825;1.825;0.000;0.000;14.700;1.000;6.4;0.0;0;30;3.000;2.825;12.9;20;0;0;-8.7;0;0;0;0;0;98;0;0;1841;105.40;0;0;0;0;0;0;0;0;0;0;0;0;0;0;0;0;30;0;38.0;38.0;2;0;0.00;0.00;0.00;0.0;0.0
110.735;134;1024;38;38912;0.5;12.300;0.837;31;82;9;0;100;101;100;102;100;103;100;46;46;0;1.818;1.818;0.000;0.000;14.700;1.000;6.2;0.0;0;30;3.000;2.464;12.9;-200;0;0;-8.7;0;0;0;0;0;98;0;0;1841;107.87;0;0;0;0;0;0;0;0;0;0;0;0;0;0;0;0;30;0;38.0;38.0;2;0;0.00;0.00;0.00;0.0;0.0
110.870;134;1026;38;38988;0.5;12.400;0.844;31;82;9;0;100;101;100;102;100;103;100;47;47;0;1.825;1.825;0.000;0.000;14.700;1.000;6.2;0.0;0;30;3.000;2.662;12.9;-200;0;0;-8.7;0;0;0;0;0;98;0;0;1841;107.66;0;0;0;0;0;0;0;0;0;0;0;0;0;0;0;0;30;0;38.0;38.0;2;0;0.00;0.00;0.00;0.0;0.0
110.939;134;995;39;38805;0.5;12.800;0.871;31;82;9;0;100;101;100;102;100;103;100;47;47;0;1.833;1.833;0.000;0.000;14.700;1.000;6.1;0.0;0;29;3.000;2.413;12.9;-200;0;0;-8.6;0;0;0;0;0;98;0;0;1841;111.02;0;0;0;0;0;0;0;0;0;0;0;0;0;0;0;0;29;0;39.0;39.0;2;0;0.00;0.00;0.00;0.0;0.0
111.005;134;996;39;38844;0.5;13.000;0.884;31;82;9;0;100;101;100;102;100;103;100;47;47;0;1.833;1.833;0.000;0.000;14.700;1.000;6.1;0.0;0;29;3.000;2.777;12.9;-280;0;0;-8.6;0;0;0;0;0;98;0;0;1841;110.90;0;0;0;0;0;0;0;0;0;0;0;0;0;0;0;0;29;0;39.0;39.0;2;0;0.00;0.00;0.00;0.0;0.0
111.005;134;994;39;38766;0.5;13.300;0.905;31;82;9;0;100;101;100;102;100;103;100;47;47;0;1.833;1.833;0.000;0.000;14.700;1.000;6.1;0.0;0;29;3.000;2.875;12.9;-280;0;0;-8.6;0;0;0;0;0;98;0;0;1841;111.13;0;0;0;0;0;0;0;0;0;0;0;0;0;0;0;0;29;0;39.0;39.0;2;0;0.00;0.00;0.00;0.0;0.0
111.136;135;976;40;39040;0.5;13.600;0.925;31;82;9;0;100;101;100;102;100;103;100;47;47;0;1.889;1.889;0.000;0.000;14.700;1.000;6.1;0.0;0;29;3.000;2.699;12.5;30;0;0;-8.4;0;0;0;0;0;98;0;0;1846;113.48;0;0;0;0;0;0;0;0;0;0;0;0;0;0;0;0;29;0;40.0;40.0;2;0;0.00;0.00;0.00;0.0;0.0
111.206;135;950;40;38000;0.5;14.300;0.973;31;82;9;0;100;101;100;102;100;103;100;47;47;0;1.889;1.889;0.000;0.000;14.700;1.000;6.0;0.0;0;28;3.000;2.358;12.5;-440;0;0;-8.4;0;0;0;0;0;98;0;0;1846;116.59;0;0;0;0;0;0;0;0;0;0;0;0;0;0;0;0;28;0;40.0;40.0;2;0;0.00;0.00;0.00;0.0;0.0
111.272;135;953;41;39073;0.5;16.300;1.109;31;82;9;0;100;101;100;102;100;103;100;48;48;0;1.905;1.905;0.000;0.000;14.700;1.000;6.1;0.0;0;28;3.000;2.884;12.5;-440;0;0;-8.3;0;0;0;0;0;98;0;0;1846;116.22;0;0;0;0;0;0;0;0;0;0;0;0;0;0;0;0;28;0;41.0;41.0;2;0;0.00;0.00;0.00;0.0;0.0
111.341;135;953;42;40026;0.5;18.100;1.231;31;82;9;0;100;101;100;102;100;103;100;48;48;0;1.993;1.993;0.000;0.000;14.700;1.000;6.3;0.0;0;28;3.030;2.944;12.0;-50;0;0;-8.1;0;0;0;0;0;98;0;0;1846;116.22;0;0;0;0;0;0;0;0;0;0;0;0;0;0;0;0;28;0;42.0;42.0;2;0;0.00;0.00;0.00;0.0;0.0
111.406;135;942;41;38622;0.5;19.400;1.320;31;82;9;0;100;101;100;102;100;103;100;47;47;0;1.969;1.969;0.000;0.000;14.700;1.000;6.2;0.0;0;28;3.030;2.916;12.0;140;0;0;-8.3;0;0;0;0;0;98;0;0;1846;117.58;0;0;0;0;0;0;0;0;0;0;0;0;0;0;0;0;28;0;41.0;41.0;2;0;0.00;0.00;0.00;0.0;0.0
111.472;135;961;42;40362;0.5;19.700;1.340;31;82;9;0;100;101;100;102;100;103;100;48;48;0;1.993;1.993;0.000;0.000;14.700;1.000;6.4;0.0;0;29;3.030;2.818;12.0;140;0;0;-8.1;0;0;0;0;0;98;0;0;1846;115.25;0;0;0;0;0;0;0;0;0;0;0;0;0;0;0;0;29;0;42.0;42.0;2;0;0.00;0.00;0.00;0.0;0.0
111.537;135;984;41;40344;0.5;19.700;1.340;31;82;9;0;100;101;100;102;100;103;100;48;48;0;1.977;1.977;0.000;0.000;14.700;1.000;6.5;0.0;0;29;3.030;3.203;12.0;20;0;0;-8.3;0;0;0;0;0;98;0;0;1846;112.56;0;0;0;0;0;0;0;0;0;0;0;0;0;0;0;0;29;0;41.0;41.0;2;0;0.00;0.00;0.00;0.0;0.0
111.607;135;1003;41;41123;0.5;19.700;1.340;31;82;9;0;100;101;100;102;100;103;100;48;48;0;1.917;1.917;0.000;0.000;14.700;1.000;6.4;0.0;0;30;3.000;3.233;12.4;420;0;0;-8.3;0;0;0;0;0;98;0;0;1846;110.43;0;0;0;0;0;0;0;0;0;0;0;0;0;0;0;0;30;0;41.0;41.0;2;0;0.00;0.00;0.00;0.0;0.0
111.672;135;1014;40;40560;0.5;19.700;1.340;31;82;9;0;100;101;100;102;100;103;100;48;48;0;1.908;1.908;0.000;0.000;14.700;1.000;6.4;0.0;0;30;3.000;2.889;12.4;420;0;0;-8.4;0;0;0;0;0;98;0;0;1846;109.23;0;0;0;0;0;0;0;0;0;0;0;0;0;0;0;0;30;0;40.0;40.0;2;0;0.00;0.00;0.00;0.0;0.0
111.739;135;1051;39;40989;0.5;19.700;1.340;31;82;9;0;100;101;100;102;100;103;100;47;47;0;1.893;1.893;0.000;0.000;14.700;1.000;6.6;0.0;0;30;3.000;3.125;12.4;290;0;0;-8.6;0;0;0;0;0;98;0;0;1846;105.39;0;0;0;0;0;0;0;0;0;0;0;0;0;0;0;0;30;0;39.0;39.0;2;0;0.00;0.00;0.00;0.0;0.0
111.804;135;1058;39;41262;0.5;19.700;1.340;31;82;9;0;100;101;100;102;100;103;100;48;48;0;1.900;1.900;0.000;0.000;14.700;1.000;6.7;0.0;0;30;3.000;2.999;12.4;260;0;0;-8.6;0;0;0;0;0;98;0;0;1846;104.69;0;0;0;0;0;0;0;0;0;0;0;0;0;0;0;0;30;0;39.0;39.0;2;0;0.00;0.00;0.00;0.0;0.0
111.873;135;1065;38;40470;0.5;19.700;1.340;31;82;9;0;100;101;100;102;100;103;100;47;47;0;1.861;1.861;0.000;0.000;14.700;1.000;6.6;0.0;0;30;3.000;2.950;12.6;260;0;0;-8.7;0;0;0;0;0;98;0;0;1846;104.00;0;0;0;0;0;0;0;0;0;0;0;0;0;0;0;0;30;0;38.0;38.0;2;0;0.00;0.00;0.00;0.0;0.0
111.939;135;1060;38;40280;0.5;18.600;1.265;31;82;9;0;100;101;100;102;100;103;100;47;47;0;1.861;1.861;0.000;0.000;14.700;1.000;6.6;0.0;0;30;3.000;2.849;12.6;-30;0;0;-8.7;0;0;0;0;0;98;0;0;1846;104.49;0;0;0;0;0;0;0;0;0;0;0;0;0;0;0;0;30;0;38.0;38.0;2;0;0.00;0.00;0.00;0.0;0.0
112.004;135;1060;38;40280;0.5;18.100;1.231;31;82;9;0;100;101;100;102;100;103;100;47;47;0;1.861;1.861;0.000;0.000;14.700;1.000;6.6;0.0;0;30;3.000;2.708;12.6;50;0;0;-8.7;0;0;0;0;0;98;0;0;1846;104.49;0;0;0;0;0;0;0;0;0;0;0;0;0;0;0;0;30;0;38.0;38.0;2;0;0.00;0.00;0.00;0.0;0.0
112.070;135;1071;37;39627;0.5;17.700;1.204;31;82;9;0;100;101;100;102;100;103;100;46;46;0;1.838;1.838;0.000;0.000;14.700;1.000;6.6;0.0;0;30;3.000;3.005;12.6;50;0;0;-8.8;0;0;0;0;0;98;0;0;1846;103.42;0;0;0;0;0;0;0;0;0;0;0;0;0;0;0;0;30;0;37.0;37.0;2;0;0.00;0.00;0.00;0.0;0.0
112.142;136;1075;37;39775;0.5;16.100;1.095;31;82;9;0;100;101;100;102;100;103;100;46;46;0;1.826;1.826;0.000;0.000;14.700;1.000;6.5;0.0;0;31;3.000;2.958;12.7;110;0;0;-8.8;0;0;0;0;0;98;0;0;1839;102.64;0;0;0;0;0;0;0;0;0;0;0;0;0;0;0;0;31;0;37.0;37.0;2;0;0.00;0.00;0.00;0.0;0.0
112.205;136;1077;37;39849;0.5;14.300;0.973;31;82;9;0;100;101;100;102;100;103;100;46;46;0;1.826;1.826;0.000;0.000;14.700;1.000;6.6;0.0;0;30;3.000;2.725;12.7;60;0;0;-8.8;0;0;0;0;0;98;0;0;1839;102.45;0;0;0;0;0;0;0;0;0;0;0;0;0;0;0;0;30;0;37.0;37.0;2;0;0.00;0.00;0.00;0.0;0.0
112.270;136;1081;37;39997;0.5;13.600;0.925;31;82;9;0;100;101;100;102;100;103;100;46;46;0;1.826;1.826;0.000;0.000;14.700;1.000;6.6;0.0;0;30;3.000;2.766;12.7;60;0;0;-8.8;0;0;0;0;0;98;0;0;1839;102.07;0;0;0;0;0;0;0;0;0;0;0;0;0;0;0;0;30;0;37.0;37.0;2;0;0.00;0.00;0.00;0.0;0.0
112.336;136;1076;37;39812;0.5;12.600;0.857;31;82;9;0;100;101;100;102;100;103;100;46;46;0;1.826;1.826;0.000;0.000;14.700;1.000;6.5;0.0;0;31;3.000;2.638;12.7;130;0;0;-8.8;0;0;0;0;0;98;0;0;1839;102.55;0;0;0;0;0;0;0;0;0;0;0;0;0;0;0;0;31;0;37.0;37.0;2;0;0.00;0.00;0.00;0.0;0.0
112.405;136;1078;37;39886;0.5;12.200;0.830;31;82;9;0;100;101;100;102;100;103;100;46;46;0;1.814;1.814;0.000;0.000;14.700;1.000;6.5;0.0;0;30;3.000;2.706;12.8;-120;0;0;-8.8;0;0;0;0;0;98;0;0;1839;102.36;0;0;0;0;0;0;0;0;0;0;0;0;0;0;0;0;30;0;37.0;37.0;2;0;0.00;0.00;0.00;0.0;0.0
112.472;136;1062;37;39294;0.5;12.400;0.844;31;82;9;0;100;101;100;102;100;103;100;46;46;0;1.814;1.814;0.000;0.000;14.700;1.000;6.4;0.0;0;30;3.000;2.499;12.8;-120;0;0;-8.8;0;0;0;0;0;98;0;0;1839;103.90;0;0;0;0;0;0;0;0;0;0;0;0;0;0;0;0;30;0;37.0;37.0;2;0;0.00;0.00;0.00;0.0;0.0
112.537;136;1077;37;39849;0.5;12.600;0.857;31;82;9;0;100;101;100;102;100;103;100;46;46;0;1.814;1.814;0.000;0.000;14.700;1.000;6.5;0.0;0;30;3.000;3.017;12.8;-80;0;0;-8.8;0;0;0;0;0;98;0;0;1839;102.45;0;0;0;0;0;0;0;0;0;0;0;0;0;0;0;0;30;0;37.0;37.0;2;0;0.00;0.00;0.00;0.0;0.0
112.604;136;1060;38;40280;0.5;12.500;0.850;31;82;9;0;100;101;100;102;100;103;100;47;47;0;1.837;1.837;0.000;0.000;14.700;1.000;6.5;0.0;0;30;3.000;2.616;12.8;-80;0;0;-8.7;0;0;0;0;0;98;0;0;1839;104.09;0;0;0;0;0;0;0;0;0;0;0;0;0;0;0;0;30;0;38.0;38.0;2;0;0.00;0.00;0.00;0.0;0.0
112.671;136;1031;37;38147;0.5;12.800;0.871;31;82;9;0;100;101;100;102;100;103;100;46;46;0;1.814;1.814;0.000;0.000;14.700;1.000;6.2;0.0;0;30;3.000;2.823;12.8;-290;0;0;-8.8;0;0;0;0;0;98;0;0;1839;107.02;0;0;0;0;0;0;0;0;0;0;0;0;0;0;0;0;30;0;37.0;37.0;2;0;0.00;0.00;0.00;0.0;0.0
112.737;136;1054;38;40052;0.5;12.900;0.878;31;82;9;0;100;101;100;102;100;103;100;47;47;0;1.837;1.837;0.000;0.000;14.700;1.000;6.5;0.0;0;30;3.000;3.050;12.8;50;0;0;-8.7;0;0;0;0;0;98;0;0;1839;104.69;0;0;0;0;0;0;0;0;0;0;0;0;0;0;0;0;30;0;38.0;38.0;2;0;0.00;0.00;0.00;0.0;0.0
112.803;136;1041;38;39558;0.5;12.700;0.864;31;82;9;0;100;101;100;102;100;103;100;46;46;0;1.830;1.830;0.000;0.000;14.700;1.000;6.4;0.0;0;30;3.000;2.631;12.8;50;0;0;-8.7;0;0;0;0;0;98;0;0;1839;105.99;0;0;0;0;0;0;0;0;0;0;0;0;0;0;0;0;30;0;38.0;38.0;2;0;0.00;0.00;0.00;0.0;0.0
112.872;136;1027;38;39026;0.5;13.500;0.918;31;82;9;0;100;101;100;102;100;103;100;46;46;0;1.890;1.890;0.000;0.000;14.700;1.000;6.5;0.0;0;30;3.000;2.546;12.3;-70;0;0;-8.7;0;0;0;0;0;98;0;0;1839;107.44;0;0;0;0;0;0;0;0;0;0;0;0;0;0;0;0;30;0;38.0;38.0;2;0;0.00;0.00;0.00;0.0;0.0
112.938;136;1037;38;39406;0.5;15.200;1.034;31;82;9;0;100;101;100;102;100;103;100;47;47;0;1.897;1.897;0.000;0.000;14.700;1.000;6.6;0.0;0;30;3.000;3.221;12.3;-150;0;0;-8.7;0;0;0;0;0;98;0;0;1839;106.40;0;0;0;0;0;0;0;0;0;0;0;0;0;0;0;0;30;0;38.0;38.0;2;0;0.00;0.00;0.00;0.0;0.0
113.003;136;1030;38;39140;0.5;14.500;0.986;31;82;9;0;100;101;100;102;100;103;100;46;46;0;1.890;1.890;0.000;0.000;14.700;1.000;6.5;0.0;0;30;3.000;2.763;12.3;-150;0;0;-8.7;0;0;0;0;0;98;0;0;1839;107.13;0;0;0;0;0;0;0;0;0;0;0;0;0;0;0;0;30;0;38.0;38.0;2;0;0.00;0.00;0.00;0.0;0.0
113.069;136;1006;39;39234;0.5;14.300;0.973;31;82;9;0;100;101;100;102;100;103;100;47;47;0;1.905;1.905;0.000;0.000;14.700;1.000;6.4;0.0;0;30;3.000;2.595;12.3;-110;0;0;-8.6;0;0;0;0;0;98;0;0;1839;109.68;0;0;0;0;0;0;0;0;0;0;0;0;0;0;0;0;30;0;39.0;39.0;2;0;0.00;0.00;0.00;0.0;0.0
113.138;137;1012;39;39468;0.5;14.300;0.973;31;82;9;0;100;101;100;102;100;103;100;47;47;0;1.857;1.857;0.000;0.000;14.700;1.000;6.3;0.0;0;30;3.000;2.760;12.7;10;0;0;-8.6;0;0;0;0;0;98;0;0;1852;109.80;0;0;0;0;0;0;0;0;0;0;0;0;0;0;0;0;30;0;39.0;39.0;2;0;0.00;0.00;0.00;0.0;0.0
113.205;137;1017;39;39663;0.5;15.300;1.041;31;82;9;0;100;101;100;102;100;103;100;47;47;0;1.857;1.857;0.000;0.000;14.700;1.000;6.3;0.0;0;30;3.000;2.750;12.7;10;0;0;-8.6;0;0;0;0;0;98;0;0;1852;109.26;0;0;0;0;0;0;0;0;0;0;0;0;0;0;0;0;30;0;39.0;39.0;2;0;0.00;0.00;0.00;0.0;0.0
113.270;137;1012;39;39468;0.5;17.200;1.170;31;82;9;0;100;101;100;102;100;103;100;47;47;0;1.857;1.857;0.000;0.000;14.700;1.000;6.3;0.0;0;30;3.000;2.753;12.7;40;0;0;-8.6;0;0;0;0;0;98;0;0;1852;109.80;0;0;0;0;0;0;0;0;0;0;0;0;0;0;0;0;30;0;39.0;39.0;2;0;0.00;0.00;0.00;0.0;0.0
113.336;137;1038;39;40482;0.5;18.700;1.272;31;82;9;0;100;101;100;102;100;103;100;47;47;0;1.857;1.857;0.000;0.000;14.700;1.000;6.4;0.0;0;30;3.000;3.210;12.7;120;0;0;-8.6;0;0;0;0;0;98;0;0;1852;107.05;0;0;0;0;0;0;0;0;0;0;0;0;0;0;0;0;30;0;39.0;39.0;2;0;0.00;0.00;0.00;0.0;0.0
113.405;137;1031;39;40209;0.5;19.200;1.306;31;82;9;0;100;101;100;102;100;103;100;47;47;0;1.833;1.833;0.000;0.000;14.700;1.000;6.3;0.0;0;30;3.000;2.886;12.9;120;0;0;-8.6;0;0;0;0;0;98;0;0;1852;107.78;0;0;0;0;0;0;0;0;0;0;0;0;0;0;0;0;30;0;39.0;39.0;2;0;0.00;0.00;0.00;0.0;0.0
113.470;137;1025;39;39975;0.5;19.600;1.333;31;82;9;0;100;101;100;102;100;103;100;47;47;0;1.833;1.833;0.000;0.000;14.700;1.000;6.3;0.0;0;30;3.000;2.771;12.9;-50;0;0;-8.6;0;0;0;0;0;98;0;0;1852;108.41;0;0;0;0;0;0;0;0;0;0;0;0;0;0;0;0;30;0;39.0;39.0;2;0;0.00;0.00;0.00;0.0;0.0
113.536;137;1023;39;39897;0.5;19.500;1.327;31;82;9;0;100;101;100;102;100;103;100;47;47;0;1.833;1.833;0.000;0.000;14.700;1.000;6.3;0.0;0;30;3.000;3.035;12.9;-20;0;0;-8.6;0;0;0;0;0;98;0;0;1852;108.62;0;0;0;0;0;0;0;0;0;0;0;0;0;0;0;0;30;0;39.0;39.0;2;0;0.00;0.00;0.00;0.0;0.0
113.605;137;1006;39;39234;0.5;17.100;1.163;31;82;9;0;100;101;100;102;100;103;100;47;47;0;1.833;1.833;0.000;0.000;14.700;1.000;6.1;0.0;0;30;3.000;2.732;12.9;-20;0;0;-8.6;0;0;0;0;0;98;0;0;1852;110.46;0;0;0;0;0;0;0;0;0;0;0;0;0;0;0;0;30;0;39.0;39.0;2;0;0.00;0.00;0.00;0.0;0.0
113.671;137;1005;39;39195;0.5;15.500;1.054;31;82;9;0;100;101;100;102;100;103;100;47;47;0;1.893;1.893;0.000;0.000;14.700;1.000;6.3;0.0;0;30;3.000;2.838;12.4;-170;0;0;-8.6;0;0;0;0;0;98;0;0;1852;110.57;0;0;0;0;0;0;0;0;0;0;0;0;0;0;0;0;30;0;39.0;39.0;2;0;0.00;0.00;0.00;0.0;0.0
113.737;137;1004;39;39156;0.5;15.300;1.041;31;82;9;0;100;101;100;102;100;103;100;47;47;0;1.893;1.893;0.000;0.000;14.700;1.000;6.3;0.0;0;30;3.000;2.788;12.4;-20;0;0;-8.6;0;0;0;0;0;98;0;0;1852;110.68;0;0;0;0;0;0;0;0;0;0;0;0;0;0;0;0;30;0;39.0;39.0;2;0;0.00;0.00;0.00;0.0;0.0
113.802;137;997;39;38883;0.5;15.100;1.027;31;82;9;0;100;101;100;102;100;103;100;47;47;0;1.893;1.893;0.000;0.000;14.700;1.000;6.3;0.0;0;30;3.000;2.643;12.4;-20;0;0;-8.6;0;0;0;0;0;98;0;0;1852;111.45;0;0;0;0;0;0;0;0;0;0;0;0;0;0;0;0;30;0;39.0;39.0;2;0;0.00;0.00;0.00;0.0;0.0
113.872;137;1014;39;39546;0.5;15.200;1.034;31;82;9;0;100;101;100;102;100;103;100;47;47;0;1.893;1.893;0.000;0.000;14.700;1.000;6.4;0.0;0;30;3.000;2.810;12.4;-90;0;0;-8.6;0;0;0;0;0;98;0;0;1852;109.59;0;0;0;0;0;0;0;0;0;0;0;0;0;0;0;0;30;0;39.0;39.0;2;0;0.00;0.00;0.00;0.0;0.0
113.937;137;1024;39;39936;0.5;15.600;1.061;31;82;9;0;100;101;100;102;100;103;100;47;47;0;1.857;1.857;0.000;0.000;14.700;1.000;6.3;0.0;0;30;3.000;2.879;12.7;290;0;0;-8.6;0;0;0;0;0;98;0;0;1852;108.52;0;0;0;0;0;0;0;0;0;0;0;0;0;0;0;0;30;0;39.0;39.0;2;0;0.00;0.00;0.00;0.0;0.0
114.003;137;1030;39;40170;0.5;15.700;1.068;31;82;9;0;100;101;100;102;100;103;100;47;47;0;1.857;1.857;0.000;0.000;14.700;1.000;6.4;0.0;0;30;3.000;3.154;12.7;290;0;0;-8.6;0;0;0;0;0;98;0;0;1852;107.88;0;0;0;0;0;0;0;0;0;0;0;0;0;0;0;0;30;0;39.0;39.0;2;0;0.00;0.00;0.00;0.0;0.0
114.072;137;1024;39;39936;0.5;16.200;1.102;31;82;9;0;100;101;100;102;100;103;100;47;47;0;1.857;1.857;0.000;0.000;14.700;1.000;6.3;0.0;0;30;3.000;3.018;12.7;70;0;0;-8.6;0;0;0;0;0;98;0;0;1852;108.52;0;0;0;0;0;0;0;0;0;0;0;0;0;0;0;0;30;0;39.0;39.0;2;0;0.00;0.00;0.00;0.0;0.0
114.138;138;1040;39;40560;0.5;18.100;1.231;31;82;9;0;100;101;100;102;100;103;100;47;47;0;1.857;1.857;0.000;0.000;14.700;1.000;6.4;0.0;0;30;3.000;2.935;12.7;90;0;0;-8.6;0;0;0;0;0;98;0;0;1855;107.02;0;0;0;0;0;0;0;0;0;0;0;0;0;0;0;0;30;0;39.0;39.0;2;0;0.00;0.00;0.00;0.0;0.0
114.203;138;1038;38;39444;0.5;18.700;1.272;31;82;9;0;100;101;100;102;100;103;100;46;46;0;1.842;1.842;0.000;0.000;14.700;1.000;6.4;0.0;0;30;3.000;2.795;12.7;90;0;0;-8.7;0;0;0;0;0;98;0;0;1855;107.23;0;0;0;0;0;0;0;0;0;0;0;0;0;0;0;0;30;0;38.0;38.0;2;0;0.00;0.00;0.00;0.0;0.0
114.269;138;1046;38;39748;0.5;17.600;1.197;31;82;9;0;100;101;100;102;100;103;100;46;46;0;1.842;1.842;0.000;0.000;14.700;1.000;6.4;0.0;0;30;3.000;2.847;12.7;70;0;0;-8.7;0;0;0;0;0;98;0;0;1855;106.41;0;0;0;0;0;0;0;0;0;0;0;0;0;0;0;0;30;0;38.0;38.0;2;0;0.00;0.00;0.00;0.0;0.0
114.338;138;1040;38;39520;0.5;18.100;1.231;31;82;9;0;100;101;100;102;100;103;100;47;47;0;1.849;1.849;0.000;0.000;14.700;1.000;6.4;0.0;0;30;3.000;2.685;12.7;-70;0;0;-8.7;0;0;0;0;0;98;0;0;1855;107.02;0;0;0;0;0;0;0;0;0;0;0;0;0;0;0;0;30;0;38.0;38.0;2;0;0.00;0.00;0.00;0.0;0.0
114.404;138;1044;38;39672;0.5;17.500;1.190;31;82;9;0;100;101;100;102;100;103;100;46;46;0;1.914;1.914;0.000;0.000;14.700;1.000;6.7;0.0;0;30;3.000;2.879;12.1;-70;0;0;-8.7;0;0;0;0;0;98;0;0;1855;106.61;0;0;0;0;0;0;0;0;0;0;0;0;0;0;0;0;30;0;38.0;38.0;2;0;0.00;0.00;0.00;0.0;0.0
114.472;138;1033;38;39254;0.5;17.600;1.197;31;82;9;0;100;101;100;102;100;103;100;46;46;0;1.914;1.914;0.000;0.000;14.700;1.000;6.6;0.0;0;30;3.000;2.939;12.1;-130;0;0;-8.7;0;0;0;0;0;98;0;0;1855;107.74;0;0;0;0;0;0;0;0;0;0;0;0;0;0;0;0;30;0;38.0;38.0;2;0;0.00;0.00;0.00;0.0;0.0
114.472;138;1040;38;39520;0.5;18.000;1.224;31;82;9;0;100;101;100;102;100;103;100;47;47;0;1.921;1.921;0.000;0.000;14.700;1.000;6.7;0.0;0;30;3.000;3.068;12.1;130;0;0;-8.7;0;0;0;0;0;98;0;0;1855;107.02;0;0;0;0;0;0;0;0;0;0;0;0;0;0;0;0;30;0;38.0;38.0;2;0;0.00;0.00;0.00;0.0;0.0
114.605;138;1052;39;41028;0.5;16.100;1.095;31;82;9;0;100;101;100;102;100;103;100;48;48;0;1.936;1.936;0.000;0.000;14.700;1.000;6.8;0.0;0;30;3.000;3.008;12.1;130;0;0;-8.6;0;0;0;0;0;98;0;0;1855;105.80;0;0;0;0;0;0;0;0;0;0;0;0;0;0;0;0;30;0;39.0;39.0;2;0;0.00;0.00;0.00;0.0;0.0
114.671;138;1048;38;39824;0.5;14.800;1.007;31;82;9;0;100;101;100;102;100;103;100;47;47;0;1.885;1.885;0.000;0.000;14.700;1.000;6.6;0.0;0;30;3.000;2.728;12.4;130;0;0;-8.7;0;0;0;0;0;98;0;0;1855;106.20;0;0;0;0;0;0;0;0;0;0;0;0;0;0;0;0;30;0;38.0;38.0;2;0;0.00;0.00;0.00;0.0;0.0
114.736;138;1063;38;40394;0.5;14.400;0.980;31;82;9;0;100;101;100;102;100;103;100;47;47;0;1.885;1.885;0.000;0.000;14.700;1.000;6.7;0.0;0;30;3.000;2.838;12.4;130;0;0;-8.7;0;0;0;0;0;98;0;0;1855;104.70;0;0;0;0;0;0;0;0;0;0;0;0;0;0;0;0;30;0;38.0;38.0;2;0;0.00;0.00;0.00;0.0;0.0
114.802;138;1063;38;40394;0.5;14.200;0.966;31;82;9;0;100;101;100;102;100;103;100;47;47;0;1.885;1.885;0.000;0.000;14.700;1.000;6.7;0.0;0;30;3.000;2.946;12.4;100;0;0;-8.7;0;0;0;0;0;98;0;0;1855;104.70;0;0;0;0;0;0;0;0;0;0;0;0;0;0;0;0;30;0;38.0;38.0;2;0;0.00;0.00;0.00;0.0;0.0
114.872;138;1074;38;40812;0.5;14.200;0.966;31;82;9;0;100;101;100;102;100;103;100;47;47;0;1.885;1.885;0.000;0.000;14.700;1.000;6.7;0.0;0;30;3.000;2.886;12.4;90;0;0;-8.7;0;0;0;0;0;98;0;0;1855;103.63;0;0;0;0;0;0;0;0;0;0;0;0;0;0;0;0;30;0;38.0;38.0;2;0;0.00;0.00;0.00;0.0;0.0
114.941;138;1067;38;40546;0.5;14.200;0.966;31;82;9;0;100;101;100;102;100;103;100;47;47;0;1.873;1.873;0.000;0.000;14.700;1.000;6.7;0.0;0;30;3.000;2.802;12.5;90;0;0;-8.7;0;0;0;0;0;98;0;0;1855;104.31;0;0;0;0;0;0;0;0;0;0;0;0;0;0;0;0;30;0;38.0;38.0;2;0;0.00;0.00;0.00;0.0;0.0
115.006;138;1073;37;39701;0.5;14.100;0.959;31;82;9;0;100;101;100;102;100;103;100;46;46;0;1.850;1.850;0.000;0.000;14.700;1.000;6.6;0.0;0;30;3.000;2.701;12.5;-50;0;0;-8.8;0;0;0;0;0;98;0;0;1855;103.73;0;0;0;0;0;0;0;0;0;0;0;0;0;0;0;0;30;0;37.0;37.0;2;0;0.00;0.00;0.00;0.0;0.0
115.072;138;1094;37;40478;0.5;14.300;0.973;31;82;9;0;100;101;100;102;100;103;100;46;46;0;1.850;1.850;0.000;0.000;14.700;1.000;6.7;0.0;0;30;3.000;2.820;12.5;200;0;0;-8.8;0;0;0;0;0;98;0;0;1855;101.74;0;0;0;0;0;0;0;0;0;0;0;0;0;0;0;0;30;0;37.0;37.0;2;0;0.00;0.00;0.00;0.0;0.0
115.137;138;1105;37;40885;0.5;14.100;0.959;31;82;9;0;100;101;100;102;100;103;100;47;47;0;1.856;1.856;0.000;0.000;14.700;1.000;6.8;0.0;0;30;3.000;3.140;12.5;200;0;0;-8.8;0;0;0;0;0;98;0;0;1855;100.72;0;0;0;0;0;0;0;0;0;0;0;0;0;0;0;0;30;0;37.0;37.0;2;0;0.00;0.00;0.00;0.0;0.0
115.203;139;1109;37;41033;0.5;13.400;0.912;31;82;9;0;100;101;100;102;100;103;100;46;46;0;1.838;1.838;0.000;0.000;14.700;1.000;6.8;0.0;0;30;3.000;2.854;12.6;240;0;0;-8.8;0;0;0;0;0;98;0;0;1847;99.93;0;0;0;0;0;0;0;0;0;0;0;0;0;0;0;0;30;0;37.0;37.0;2;0;0.00;0.00;0.00;0.0;0.0
115.273;139;1105;33;36465;0.5;13.200;0.898;31;82;9;0;100;101;100;102;100;103;100;45;45;0;1.792;1.792;0.000;0.000;14.700;1.000;6.6;0.0;0;32;3.000;3.162;12.6;-90;0;0;-9.4;0;0;0;0;0;98;0;0;1847;100.29;0;0;0;0;0;0;0;0;0;0;0;0;0;0;0;0;32;0;33.0;33.0;2;0;0.00;0.00;0.00;0.0;0.0
115.338;139;1101;37;40737;0.5;12.500;0.850;31;82;9;0;100;101;100;102;100;103;100;46;46;0;1.838;1.838;0.000;0.000;14.700;1.000;6.7;0.0;0;30;3.000;2.759;12.6;-90;0;0;-8.8;0;0;0;0;0;98;0;0;1847;100.65;0;0;0;0;0;0;0;0;0;0;0;0;0;0;0;0;30;0;37.0;37.0;2;0;0.00;0.00;0.00;0.0;0.0
115.404;139;1097;36;39492;0.5;12.100;0.823;31;82;9;0;100;101;100;102;100;103;100;45;45;0;1.812;1.812;0.000;0.000;14.700;1.000;6.6;0.0;0;30;3.000;2.867;12.7;0;0;0;-9.0;0;0;0;0;0;98;0;0;1847;101.02;0;0;0;0;0;0;0;0;0;0;0;0;0;0;0;0;30;0;36.0;36.0;2;0;0.00;0.00;0.00;0.0;0.0
115.473;139;1075;37;39775;0.5;11.800;0.803;31;82;9;0;100;101;100;102;100;103;100;46;46;0;1.826;1.826;0.000;0.000;14.700;1.000;6.5;0.0;0;31;3.000;2.867;12.7;-270;0;0;-8.8;0;0;0;0;0;98;0;0;1847;103.09;0;0;0;0;0;0;0;0;0;0;0;0;0;0;0;0;31;0;37.0;37.0;2;0;0.00;0.00;0.00;0.0;0.0
115.539;139;1072;37;39664;0.5;11.900;0.810;31;82;9;0;100;101;100;102;100;103;100;46;46;0;1.826;1.826;0.000;0.000;14.700;1.000;6.5;0.0;0;30;3.000;2.944;12.7;-270;0;0;-8.8;0;0;0;0;0;98;0;0;1847;103.38;0;0;0;0;0;0;0;0;0;0;0;0;0;0;0;0;30;0;37.0;37.0;2;0;0.00;0.00;0.00;0.0;0.0
115.605;139;1077;37;39849;0.5;12.000;0.816;31;82;9;0;100;101;100;102;100;103;100;46;46;0;1.826;1.826;0.000;0.000;14.700;1.000;6.6;0.0;0;30;3.000;2.716;12.7;-30;0;0;-8.8;0;0;0;0;0;98;0;0;1847;102.90;0;0;0;0;0;0;0;0;0;0;0;0;0;0;0;0;30;0;37.0;37.0;2;0;0.00;0.00;0.00;0.0;0.0
115.670;139;1062;37;39294;0.5;12.100;0.823;31;82;9;0;100;101;100;102;100;103;100;46;46;0;1.814;1.814;0.000;0.000;14.700;1.000;6.4;0.0;0;30;3.000;2.647;12.8;-100;0;0;-8.8;0;0;0;0;0;98;0;0;1847;104.35;0;0;0;0;0;0;0;0;0;0;0;0;0;0;0;0;30;0;37.0;37.0;2;0;0.00;0.00;0.00;0.0;0.0
115.735;139;1065;37;39405;0.5;12.200;0.830;31;82;9;0;100;101;100;102;100;103;100;46;46;0;1.814;1.814;0.000;0.000;14.700;1.000;6.4;0.0;0;30;3.000;2.842;12.8;-100;0;0;-8.8;0;0;0;0;0;98;0;0;1847;104.06;0;0;0;0;0;0;0;0;0;0;0;0;0;0;0;0;30;0;37.0;37.0;2;0;0.00;0.00;0.00;0.0;0.0
115.805;139;1053;37;38961;0.5;12.600;0.857;31;82;9;0;100;101;100;102;100;103;100;46;46;0;1.814;1.814;0.000;0.000;14.700;1.000;6.4;0.0;0;30;3.000;2.734;12.8;-30;0;0;-8.8;0;0;0;0;0;98;0;0;1847;105.24;0;0;0;0;0;0;0;0;0;0;0;0;0;0;0;0;30;0;37.0;37.0;2;0;0.00;0.00;0.00;0.0;0.0
115.871;139;1045;37;38665;0.5;13.000;0.884;31;82;9;0;100;101;100;102;100;103;100;46;46;0;1.814;1.814;0.000;0.000;14.700;1.000;6.3;0.0;0;30;3.000;2.935;12.8;-140;0;0;-8.8;0;0;0;0;0;98;0;0;1847;106.05;0;0;0;0;0;0;0;0;0;0;0;0;0;0;0;0;30;0;37.0;37.0;2;0;0.00;0.00;0.00;0.0;0.0
115.936;139;1031;38;39178;0.5;13.400;0.912;31;82;9;0;100;101;100;102;100;103;100;47;47;0;1.837;1.837;0.000;0.000;14.700;1.000;6.3;0.0;0;30;3.000;2.951;12.8;-140;0;0;-8.7;0;0;0;0;0;98;0;0;1847;107.49;0;0;0;0;0;0;0;0;0;0;0;0;0;0;0;0;30;0;38.0;38.0;2;0;0.00;0.00;0.00;0.0;0.0
116.002;139;1010;38;38380;0.5;13.700;0.932;31;82;9;0;100;101;100;102;100;103;100;46;46;0;1.830;1.830;0.000;0.000;14.700;1.000;6.2;0.0;0;30;3.000;2.502;12.8;-220;0;0;-8.7;0;0;0;0;0;98;0;0;1847;109.72;0;0;0;0;0;0;0;0;0;0;0;0;0;0;0;0;30;0;38.0;38.0;2;0;0.00;0.00;0.00;0.0;0.0
116.071;139;997;39;38883;0.5;13.900;0.946;31;82;9;0;100;101;100;102;100;103;100;47;47;0;1.845;1.845;0.000;0.000;14.700;1.000;6.1;0.0;0;30;3.000;2.710;12.8;-260;0;0;-8.6;0;0;0;0;0;98;0;0;1847;111.15;0;0;0;0;0;0;0;0;0;0;0;0;0;0;0;0;30;0;39.0;39.0;2;0;0.00;0.00;0.00;0.0;0.0
116.138;139;986;39;38454;0.5;13.900;0.946;31;82;9;0;100;101;100;102;100;103;100;47;47;0;1.845;1.845;0.000;0.000;14.700;1.000;6.1;0.0;0;29;3.000;2.426;12.8;-260;0;0;-8.6;0;0;0;0;0;98;0;0;1847;112.39;0;0;0;0;0;0;0;0;0;0;0;0;0;0;0;0;29;0;39.0;39.0;2;0;0.00;0.00;0.00;0.0;0.0
116.202;140;991;40;39640;0.5;14.400;0.980;31;82;9;0;100;101;100;102;100;103;100;47;47;0;1.865;1.865;0.000;0.000;14.700;1.000;6.2;0.0;0;29;3.000;2.952;12.7;-60;0;0;-8.4;0;0;0;0;0;98;0;0;1849;111.95;0;0;0;0;0;0;0;0;0;0;0;0;0;0;0;0;29;0;40.0;40.0;2;0;0.00;0.00;0.00;0.0;0.0
116.268;140;974;40;38960;0.5;18.200;1.238;31;82;9;0;100;101;100;102;100;103;100;47;47;0;1.865;1.865;0.000;0.000;14.700;1.000;6.1;0.0;0;29;3.000;2.634;12.7;-170;0;0;-8.4;0;0;0;0;0;98;0;0;1849;113.90;0;0;0;0;0;0;0;0;0;0;0;0;0;0;0;0;29;0;40.0;40.0;2;0;0.00;0.00;0.00;0.0;0.0
116.337;140;958;40;38320;0.5;17.900;1.218;31;82;9;0;100;101;100;102;100;103;100;47;47;0;1.865;1.865;0.000;0.000;14.700;1.000;6.0;0.0;0;28;3.000;2.524;12.7;-170;0;0;-8.4;0;0;0;0;0;98;0;0;1849;115.80;0;0;0;0;0;0;0;0;0;0;0;0;0;0;0;0;28;0;40.0;40.0;2;0;0.00;0.00;0.00;0.0;0.0
116.403;140;967;41;39647;0.5;18.200;1.238;31;82;9;0;100;101;100;102;100;103;100;48;48;0;1.881;1.881;0.000;0.000;14.700;1.000;6.1;0.0;0;29;3.000;3.385;12.7;-280;0;0;-8.3;0;0;0;0;0;98;0;0;1849;114.73;0;0;0;0;0;0;0;0;0;0;0;0;0;0;0;0;29;0;41.0;41.0;2;0;0.00;0.00;0.00;0.0;0.0
116.472;140;983;41;40303;0.5;19.300;1.313;31;82;9;0;100;101;100;102;100;103;100;48;48;0;1.881;1.881;0.000;0.000;14.700;1.000;6.2;0.0;0;29;3.000;3.166;12.7;370;0;0;-8.3;0;0;0;0;0;98;0;0;1849;112.86;0;0;0;0;0;0;0;0;0;0;0;0;0;0;0;0;29;0;41.0;41.0;2;0;0.00;0.00;0.00;0.0;0.0
116.539;140;966;41;39606;0.5;19.700;1.340;31;82;9;0;100;101;100;102;100;103;100;48;48;0;1.881;1.881;0.000;0.000;14.700;1.000;6.1;0.0;0;29;3.000;2.620;12.7;370;0;0;-8.3;0;0;0;0;0;98;0;0;1849;114.84;0;0;0;0;0;0;0;0;0;0;0;0;0;0;0;0;29;0;41.0;41.0;2;0;0.00;0.00;0.00;0.0;0.0
116.604;140;943;41;38663;0.5;19.700;1.340;31;82;9;0;100;101;100;102;100;103;100;47;47;0;1.873;1.873;0.000;0.000;14.700;1.000;5.9;0.0;0;28;3.000;2.635;12.7;-350;0;0;-8.3;0;0;0;0;0;98;0;0;1849;117.65;0;0;0;0;0;0;0;0;0;0;0;0;0;0;0;0;28;0;41.0;41.0;2;0;0.00;0.00;0.00;0.0;0.0
116.673;140;973;41;39893;0.5;19.700;1.340;31;82;9;0;100;101;100;102;100;103;100;48;48;0;1.881;1.881;0.000;0.000;14.700;1.000;6.1;0.0;0;29;3.000;3.474;12.7;-350;0;0;-8.3;0;0;0;0;0;98;0;0;1849;114.02;0;0;0;0;0;0;0;0;0;0;0;0;0;0;0;0;29;0;41.0;41.0;2;0;0.00;0.00;0.00;0.0;0.0
116.739;140;976;41;40016;0.5;19.700;1.340;31;82;9;0;100;101;100;102;100;103;100;48;48;0;1.869;1.869;0.000;0.000;14.700;1.000;6.1;0.0;0;29;3.000;2.970;12.8;250;0;0;-8.3;0;0;0;0;0;98;0;0;1849;113.67;0;0;0;0;0;0;0;0;0;0;0;0;0;0;0;0;29;0;41.0;41.0;2;0;0.00;0.00;0.00;0.0;0.0
116.804;140;994;41;40754;0.5;19.700;1.340;31;82;9;0;100;101;100;102;100;103;100;48;48;0;1.869;1.869;0.000;0.000;14.700;1.000;6.2;0.0;0;29;3.000;2.965;12.8;150;0;0;-8.3;0;0;0;0;0;98;0;0;1849;111.61;0;0;0;0;0;0;0;0;0;0;0;0;0;0;0;0;29;0;41.0;41.0;2;0;0.00;0.00;0.00;0.0;0.0
116.870;140;993;40;39720;0.5;19.700;1.340;31;82;9;0;100;101;100;102;100;103;100;47;47;0;1.853;1.853;0.000;0.000;14.700;1.000;6.1;0.0;0;29;3.000;2.829;12.8;150;0;0;-8.4;0;0;0;0;0;98;0;0;1849;111.72;0;0;0;0;0;0;0;0;0;0;0;0;0;0;0;0;29;0;40.0;40.0;2;0;0.00;0.00;0.00;0.0;0.0
116.939;140;996;40;39840;0.5;19.700;1.340;31;82;9;0;100;101;100;102;100;103;100;47;47;0;1.853;1.853;0.000;0.000;14.700;1.000;6.2;0.0;0;29;3.000;2.792;12.8;50;0;0;-8.4;0;0;0;0;0;98;0;0;1849;111.39;0;0;0;0;0;0;0;0;0;0;0;0;0;0;0;0;29;0;40.0;40.0;2;0;0.00;0.00;0.00;0.0;0.0
117.005;140;995;40;39800;0.5;19.700;1.340;31;82;9;0;100;101;100;102;100;103;100;47;47;0;1.853;1.853;0.000;0.000;14.700;1.000;6.1;0.0;0;29;3.000;2.728;12.8;-60;0;0;-8.4;0;0;0;0;0;98;0;0;1849;111.50;0;0;0;0;0;0;0;0;0;0;0;0;0;0;0;0;29;0;40.0;40.0;2;0;0.00;0.00;0.00;0.0;0.0
117.070;140;999;40;39960;0.5;19.700;1.340;31;82;9;0;100;101;100;102;100;103;100;47;47;0;1.853;1.853;0.000;0.000;14.700;1.000;6.2;0.0;0;29;3.000;3.006;12.8;-60;0;0;-8.4;0;0;0;0;0;98;0;0;1849;111.05;0;0;0;0;0;0;0;0;0;0;0;0;0;0;0;0;29;0;40.0;40.0;2;0;0.00;0.00;0.00;0.0;0.0
117.136;140;992;40;39680;0.5;19.700;1.340;31;82;9;0;100;101;100;102;100;103;100;47;47;0;1.853;1.853;0.000;0.000;14.700;1.000;6.1;0.0;0;29;3.000;2.920;12.8;120;0;0;-8.4;0;0;0;0;0;98;0;0;1849;111.83;0;0;0;0;0;0;0;0;0;0;0;0;0;0;0;0;29;0;40.0;40.0;2;0;0.00;0.00;0.00;0.0;0.0
117.205;141;998;40;39920;0.5;19.100;1.299;31;82;9;0;100;101;100;102;100;103;100;47;47;0;1.937;1.937;0.000;0.000;14.700;1.000;6.4;0.0;0;29;3.000;2.746;12.1;10;0;0;-8.4;0;0;0;0;0;98;0;0;1862;111.94;0;0;0;0;0;0;0;0;0;0;0;0;0;0;0;0;29;0;40.0;40.0;2;0;0.00;0.00;0.00;0.0;0.0
117.272;141;983;40;39320;0.5;18.700;1.272;31;82;9;0;100;101;100;102;100;103;100;47;47;0;1.937;1.937;0.000;0.000;14.700;1.000;6.3;0.0;0;29;3.000;2.855;12.1;10;0;0;-8.4;0;0;0;0;0;98;0;0;1862;113.65;0;0;0;0;0;0;0;0;0;0;0;0;0;0;0;0;29;0;40.0;40.0;2;0;0.00;0.00;0.00;0.0;0.0
117.337;141;975;40;39000;0.5;19.400;1.320;31;82;9;0;100;101;100;102;100;103;100;47;47;0;1.937;1.937;0.000;0.000;14.700;1.000;6.3;0.0;0;29;3.000;3.018;12.1;-290;0;0;-8.4;0;0;0;0;0;98;0;0;1862;114.58;0;0;0;0;0;0;0;0;0;0;0;0;0;0;0;0;29;0;40.0;40.0;2;0;0.00;0.00;0.00;0.0;0.0
117.406;141;997;40;39880;0.5;19.700;1.340;31;82;9;0;100;101;100;102;100;103;100;47;47;0;1.937;1.937;0.000;0.000;14.700;1.000;6.4;0.0;0;29;3.000;3.163;12.1;180;0;0;-8.4;0;0;0;0;0;98;0;0;1862;112.06;0;0;0;0;0;0;0;0;0;0;0;0;0;0;0;0;29;0;40.0;40.0;2;0;0.00;0.00;0.00;0.0;0.0
117.472;141;1013;40;40520;0.5;19.700;1.340;31;82;9;0;100;101;100;102;100;103;100;48;48;0;1.896;1.896;0.000;0.000;14.700;1.000;6.4;0.0;0;30;3.000;3.003;12.5;180;0;0;-8.4;0;0;0;0;0;98;0;0;1862;110.29;0;0;0;0;0;0;0;0;0;0;0;0;0;0;0;0;30;0;40.0;40.0;2;0;0.00;0.00;0.00;0.0;0.0
117.537;141;1030;40;41200;0.5;19.700;1.340;31;82;9;0;100;101;100;102;100;103;100;48;48;0;1.896;1.896;0.000;0.000;14.700;1.000;6.5;0.0;0;30;3.000;2.934;12.5;390;0;0;-8.4;0;0;0;0;0;98;0;0;1862;108.47;0;0;0;0;0;0;0;0;0;0;0;0;0;0;0;0;30;0;40.0;40.0;2;0;0.00;0.00;0.00;0.0;0.0
117.603;141;1043;39;40677;0.5;19.700;1.340;31;82;9;0;100;101;100;102;100;103;100;47;47;0;1.881;1.881;0.000;0.000;14.700;1.000;6.5;0.0;0;30;3.000;2.796;12.5;40;0;0;-8.6;0;0;0;0;0;98;0;0;1862;107.11;0;0;0;0;0;0;0;0;0;0;0;0;0;0;0;0;30;0;39.0;39.0;2;0;0.00;0.00;0.00;0.0;0.0
117.669;141;1060;38;40280;0.5;19.700;1.340;31;82;9;0;100;101;100;102;100;103;100;47;47;0;1.873;1.873;0.000;0.000;14.700;1.000;6.6;0.0;0;30;3.000;2.999;12.5;40;0;0;-8.7;0;0;0;0;0;98;0;0;1862;105.40;0;0;0;0;0;0;0;0;0;0;0;0;0;0;0;0;30;0;38.0;38.0;2;0;0.00;0.00;0.00;0.0;0.0
117.734;141;1066;38;40508;0.5;19.700;1.340;31;82;9;0;100;101;100;102;100;103;100;47;47;0;1.849;1.849;0.000;0.000;14.700;1.000;6.6;0.0;0;30;3.000;3.081;12.7;240;0;0;-8.7;0;0;0;0;0;98;0;0;1862;104.80;0;0;0;0;0;0;0;0;0;0;0;0;0;0;0;0;30;0;38.0;38.0;2;0;0.00;0.00;0.00;0.0;0.0
117.804;141;1058;38;40204;0.5;19.300;1.313;31;82;9;0;100;101;100;102;100;103;100;47;47;0;1.849;1.849;0.000;0.000;14.700;1.000;6.5;0.0;0;30;3.000;2.794;12.7;140;0;0;-8.7;0;0;0;0;0;98;0;0;1862;105.60;0;0;0;0;0;0;0;0;0;0;0;0;0;0;0;0;30;0;38.0;38.0;2;0;0.00;0.00;0.00;0.0;0.0
117.869;141;1070;38;40660;0.5;19.200;1.306;31;82;9;0;100;101;100;102;100;103;100;47;47;0;1.849;1.849;0.000;0.000;14.700;1.000;6.6;0.0;0;30;3.000;2.946;12.7;140;0;0;-8.7;0;0;0;0;0;98;0;0;1862;104.41;0;0;0;0;0;0;0;0;0;0;0;0;0;0;0;0;30;0;38.0;38.0;2;0;0.00;0.00;0.00;0.0;0.0
117.939;141;1056;38;40128;0.5;17.300;1.177;31;82;9;0;100;101;100;102;100;103;100;47;47;0;1.849;1.849;0.000;0.000;14.700;1.000;6.5;0.0;0;30;3.000;2.527;12.7;20;0;0;-8.7;0;0;0;0;0;98;0;0;1862;105.80;0;0;0;0;0;0;0;0;0;0;0;0;0;0;0;0;30;0;38.0;38.0;2;0;0.00;0.00;0.00;0.0;0.0
118.004;141;1066;37;39442;0.5;17.100;1.163;31;82;9;0;100;101;100;102;100;103;100;46;46;0;1.814;1.814;0.000;0.000;14.700;1.000;6.4;0.0;0;30;3.000;2.866;12.8;-90;0;0;-8.8;0;0;0;0;0;98;0;0;1862;104.80;0;0;0;0;0;0;0;0;0;0;0;0;0;0;0;0;30;0;37.0;37.0;2;0;0.00;0.00;0.00;0.0;0.0
118.070;141;1074;37;39738;0.5;16.600;1.129;31;82;9;0;100;101;100;102;100;103;100;46;46;0;1.814;1.814;0.000;0.000;14.700;1.000;6.5;0.0;0;30;3.000;2.977;12.8;-90;0;0;-8.8;0;0;0;0;0;98;0;0;1862;104.02;0;0;0;0;0;0;0;0;0;0;0;0;0;0;0;0;30;0;37.0;37.0;2;0;0.00;0.00;0.00;0.0;0.0
118.136;141;1059;37;39183;0.5;14.800;1.007;31;82;9;0;100;101;100;102;100;103;100;46;46;0;1.814;1.814;0.000;0.000;14.700;1.000;6.4;0.0;0;30;3.000;2.793;12.8;80;0;0;-8.8;0;0;0;0;0;98;0;0;1862;105.50;0;0;0;0;0;0;0;0;0;0;0;0;0;0;0;0;30;0;37.0;37.0;2;0;0.00;0.00;0.00;0.0;0.0
118.205;142;1058;37;39146;0.5;14.000;0.952;31;83;9;0;100;101;100;102;100;103;100;46;46;0;1.802;1.802;0.000;0.000;14.700;1.000;6.4;0.0;0;30;3.000;2.867;12.9;-130;0;0;-8.8;0;0;0;0;0;98;0;0;1857;105.31;0;0;0;0;0;0;0;0;0;0;0;0;0;0;0;0;30;0;37.0;37.0;2;0;0.00;0.00;0.00;0.0;0.0
118.273;142;1041;38;39558;0.5;13.300;0.905;31;83;9;0;100;101;100;102;100;103;100;46;46;0;1.818;1.818;0.000;0.000;14.700;1.000;6.3;0.0;0;30;3.000;2.606;12.9;-130;0;0;-8.7;0;0;0;0;0;98;0;0;1857;107.03;0;0;0;0;0;0;0;0;0;0;0;0;0;0;0;0;30;0;38.0;38.0;2;0;0.00;0.00;0.00;0.0;0.0
118.336;142;1032;38;39216;0.5;12.800;0.871;31;83;9;0;100;101;100;102;100;103;100;46;46;0;1.818;1.818;0.000;0.000;14.700;1.000;6.3;0.0;0;30;3.000;2.841;12.9;-180;0;0;-8.7;0;0;0;0;0;98;0;0;1857;107.97;0;0;0;0;0;0;0;0;0;0;0;0;0;0;0;0;30;0;38.0;38.0;2;0;0.00;0.00;0.00;0.0;0.0
118.402;142;1008;38;38304;0.5;13.300;0.905;31;83;9;0;100;101;100;102;100;103;100;46;46;0;1.818;1.818;0.000;0.000;14.700;1.000;6.1;0.0;0;30;3.000;2.506;12.9;-320;0;0;-8.7;0;0;0;0;0;98;0;0;1857;110.54;0;0;0;0;0;0;0;0;0;0;0;0;0;0;0;0;30;0;38.0;38.0;2;0;0.00;0.00;0.00;0.0;0.0
118.467;142;1008;39;39312;0.5;13.900;0.946;31;83;9;0;100;101;100;102;100;103;100;47;47;0;1.869;1.869;0.000;0.000;14.700;1.000;6.3;0.0;0;30;3.000;2.966;12.6;-320;0;0;-8.6;0;0;0;0;0;98;0;0;1857;110.54;0;0;0;0;0;0;0;0;0;0;0;0;0;0;0;0;30;0;39.0;39.0;2;0;0.00;0.00;0.00;0.0;0.0
118.537;142;993;39;38727;0.5;14.200;0.966;31;83;9;0;100;101;100;102;100;103;100;47;47;0;1.869;1.869;0.000;0.000;14.700;1.000;6.2;0.0;0;29;3.000;2.780;12.6;-130;0;0;-8.6;0;0;0;0;0;98;0;0;1857;112.21;0;0;0;0;0;0;0;0;0;0;0;0;0;0;0;0;29;0;39.0;39.0;2;0;0.00;0.00;0.00;0.0;0.0
118.602;142;973;40;38920;0.5;14.300;0.973;31;83;9;0;100;101;100;102;100;103;100;47;47;0;1.877;1.877;0.000;0.000;14.700;1.000;6.1;0.0;0;29;3.000;2.586;12.6;-220;0;0;-8.4;0;0;0;0;0;98;0;0;1857;114.51;0;0;0;0;0;0;0;0;0;0;0;0;0;0;0;0;29;0;40.0;40.0;2;0;0.00;0.00;0.00;0.0;0.0
118.672;142;961;41;39401;0.5;16.000;1.088;31;83;9;0;100;101;100;102;100;103;100;48;48;0;1.893;1.893;0.000;0.000;14.700;1.000;6.1;0.0;0;29;3.000;3.054;12.6;-220;0;0;-8.3;0;0;0;0;0;98;0;0;1857;115.94;0;0;0;0;0;0;0;0;0;0;0;0;0;0;0;0;29;0;41.0;41.0;2;0;0.00;0.00;0.00;0.0;0.0
118.738;142;977;40;39080;0.5;18.100;1.231;31;83;9;0;100;101;100;102;100;103;100;47;47;0;1.865;1.865;0.000;0.000;14.700;1.000;6.1;0.0;0;29;3.000;3.052;12.7;-10;0;0;-8.4;0;0;0;0;0;98;0;0;1857;114.04;0;0;0;0;0;0;0;0;0;0;0;0;0;0;0;0;29;0;40.0;40.0;2;0;0.00;0.00;0.00;0.0;0.0
118.807;142;978;41;40098;0.5;19.400;1.320;31;83;9;0;100;101;100;102;100;103;100;48;48;0;1.881;1.881;0.000;0.000;14.700;1.000;6.1;0.0;0;29;3.000;2.937;12.7;-10;0;0;-8.3;0;0;0;0;0;98;0;0;1857;113.93;0;0;0;0;0;0;0;0;0;0;0;0;0;0;0;0;29;0;41.0;41.0;2;0;0.00;0.00;0.00;0.0;0.0
118.872;142;968;41;39688;0.5;18.900;1.286;31;83;9;0;100;101;100;102;100;103;100;48;48;0;1.881;1.881;0.000;0.000;14.700;1.000;6.1;0.0;0;29;3.000;2.575;12.7;60;0;0;-8.3;0;0;0;0;0;98;0;0;1857;115.10;0;0;0;0;0;0;0;0;0;0;0;0;0;0;0;0;29;0;41.0;41.0;2;0;0.00;0.00;0.00;0.0;0.0
118.938;142;986;41;40426;0.5;19.500;1.327;31;83;9;0;100;101;100;102;100;103;100;48;48;0;1.881;1.881;0.000;0.000;14.700;1.000;6.2;0.0;0;29;3.000;3.180;12.7;-20;0;0;-8.3;0;0;0;0;0;98;0;0;1857;113.00;0;0;0;0;0;0;0;0;0;0;0;0;0;0;0;0;29;0;41.0;41.0;2;0;0.00;0.00;0.00;0.0;0.0
119.004;142;983;40;39320;0.5;19.700;1.340;31;83;9;0;100;101;100;102;100;103;100;47;47;0;1.853;1.853;0.000;0.000;14.700;1.000;6.1;0.0;0;29;3.000;2.728;12.8;-20;0;0;-8.4;0;0;0;0;0;98;0;0;1857;113.35;0;0;0;0;0;0;0;0;0;0;0;0;0;0;0;0;29;0;40.0;40.0;2;0;0.00;0.00;0.00;0.0;0.0
119.069;142;992;40;39680;0.5;19.700;1.340;31;83;9;0;100;101;100;102;100;103;100;47;47;0;1.853;1.853;0.000;0.000;14.700;1.000;6.1;0.0;0;29;3.000;2.953;12.8;160;0;0;-8.4;0;0;0;0;0;98;0;0;1857;112.32;0;0;0;0;0;0;0;0;0;0;0;0;0;0;0;0;29;0;40.0;40.0;2;0;0.00;0.00;0.00;0.0;0.0
119.135;142;988;40;39520;0.5;19.700;1.340;31;83;9;0;100;101;100;102;100;103;100;47;47;0;1.853;1.853;0.000;0.000;14.700;1.000;6.1;0.0;0;29;3.000;2.714;12.8;-80;0;0;-8.4;0;0;0;0;0;98;0;0;1857;112.77;0;0;0;0;0;0;0;0;0;0;0;0;0;0;0;0;29;0;40.0;40.0;2;0;0.00;0.00;0.00;0.0;0.0
119.204;142;991;40;39640;0.5;19.700;1.340;31;83;9;0;100;101;100;102;100;103;100;47;47;0;1.853;1.853;0.000;0.000;14.700;1.000;6.1;0.0;0;29;3.000;3.059;12.8;-80;0;0;-8.4;0;0;0;0;0;98;0;0;1857;112.43;0;0;0;0;0;0;0;0;0;0;0;0;0;0;0;0;29;0;40.0;40.0;2;0;0.00;0.00;0.00;0.0;0.0
119.272;143;987;40;39480;0.5;19.700;1.340;31;83;9;0;100;101;100;102;100;103;100;47;47;0;1.865;1.865;0.000;0.000;14.700;1.000;6.1;0.0;0;29;3.000;2.843;12.7;70;0;0;-8.4;0;0;0;0;0;98;0;0;1850;112.46;0;0;0;0;0;0;0;0;0;0;0;0;0;0;0;0;29;0;40.0;40.0;2;0;0.00;0.00;0.00;0.0;0.0
119.340;143;974;40;38960;0.5;19.700;1.340;31;83;9;0;100;101;100;102;100;103;100;47;47;0;1.865;1.865;0.000;0.000;14.700;1.000;6.1;0.0;0;29;3.000;2.676;12.7;-170;0;0;-8.4;0;0;0;0;0;98;0;0;1850;113.96;0;0;0;0;0;0;0;0;0;0;0;0;0;0;0;0;29;0;40.0;40.0;2;0;0.00;0.00;0.00;0.0;0.0
119.405;143;976;40;39040;0.5;19.700;1.340;31;83;9;0;100;101;100;102;100;103;100;47;47;0;1.865;1.865;0.000;0.000;14.700;1.000;6.1;0.0;0;29;3.000;3.144;12.7;-170;0;0;-8.4;0;0;0;0;0;98;0;0;1850;113.73;0;0;0;0;0;0;0;0;0;0;0;0;0;0;0;0;29;0;40.0;40.0;2;0;0.00;0.00;0.00;0.0;0.0
119.471;143;982;40;39280;0.5;19.700;1.340;31;83;9;0;100;101;100;102;100;103;100;47;47;0;1.865;1.865;0.000;0.000;14.700;1.000;6.1;0.0;0;29;3.000;3.025;12.7;20;0;0;-8.4;0;0;0;0;0;98;0;0;1850;113.03;0;0;0;0;0;0;0;0;0;0;0;0;0;0;0;0;29;0;40.0;40.0;2;0;0.00;0.00;0.00;0.0;0.0
119.536;143;1007;40;40280;0.5;19.700;1.340;31;83;9;0;100;101;100;102;100;103;100;48;48;0;1.872;1.872;0.000;0.000;14.700;1.000;6.3;0.0;0;30;3.000;3.247;12.7;210;0;0;-8.4;0;0;0;0;0;98;0;0;1850;110.23;0;0;0;0;0;0;0;0;0;0;0;0;0;0;0;0;30;0;40.0;40.0;2;0;0.00;0.00;0.00;0.0;0.0
119.605;143;1006;40;40240;0.5;19.700;1.340;31;83;9;0;100;101;100;102;100;103;100;48;48;0;1.872;1.872;0.000;0.000;14.700;1.000;6.3;0.0;0;30;3.000;2.648;12.7;210;0;0;-8.4;0;0;0;0;0;98;0;0;1850;110.34;0;0;0;0;0;0;0;0;0;0;0;0;0;0;0;0;30;0;40.0;40.0;2;0;0.00;0.00;0.00;0.0;0.0
119.672;143;1002;40;40080;0.5;19.700;1.340;31;83;9;0;100;101;100;102;100;103;100;48;48;0;1.872;1.872;0.000;0.000;14.700;1.000;6.3;0.0;0;30;3.000;2.733;12.7;100;0;0;-8.4;0;0;0;0;0;98;0;0;1850;110.78;0;0;0;0;0;0;0;0;0;0;0;0;0;0;0;0;30;0;40.0;40.0;2;0;0.00;0.00;0.00;0.0;0.0
119.737;143;1014;40;40560;0.5;19.700;1.340;31;83;9;0;100;101;100;102;100;103;100;48;48;0;1.860;1.860;0.000;0.000;14.700;1.000;6.3;0.0;0;30;3.000;2.561;12.8;-80;0;0;-8.4;0;0;0;0;0;98;0;0;1850;109.47;0;0;0;0;0;0;0;0;0;0;0;0;0;0;0;0;30;0;40.0;40.0;2;0;0.00;0.00;0.00;0.0;0.0
119.802;143;1023;39;39897;0.5;19.700;1.340;31;83;9;0;100;101;100;102;100;103;100;47;47;0;1.845;1.845;0.000;0.000;14.700;1.000;6.3;0.0;0;30;3.000;2.870;12.8;-80;0;0;-8.6;0;0;0;0;0;98;0;0;1850;108.50;0;0;0;0;0;0;0;0;0;0;0;0;0;0;0;0;30;0;39.0;39.0;2;0;0.00;0.00;0.00;0.0;0.0
119.872;143;1023;39;39897;0.5;19.600;1.333;31;83;9;0;100;101;100;102;100;103;100;47;47;0;1.845;1.845;0.000;0.000;14.700;1.000;6.3;0.0;0;30;3.000;2.895;12.8;220;0;0;-8.6;0;0;0;0;0;98;0;0;1850;108.50;0;0;0;0;0;0;0;0;0;0;0;0;0;0;0;0;30;0;39.0;39.0;2;0;0.00;0.00;0.00;0.0;0.0
119.938;143;1023;39;39897;0.5;19.700;1.340;31;83;9;0;100;101;100;102;100;103;100;47;47;0;1.845;1.845;0.000;0.000;14.700;1.000;6.3;0.0;0;30;3.000;2.843;12.8;20;0;0;-8.6;0;0;0;0;0;98;0;0;1850;108.50;0;0;0;0;0;0;0;0;0;0;0;0;0;0;0;0;30;0;39.0;39.0;2;0;0.00;0.00;0.00;0.0;0.0
119.938;143;1037;39;40443;0.5;19.700;1.340;31;83;9;0;100;101;100;102;100;103;100;47;47;0;1.821;1.821;0.000;0.000;14.700;1.000;6.3;0.0;0;30;3.000;3.140;13.0;20;0;0;-8.6;0;0;0;0;0;98;0;0;1850;107.04;0;0;0;0;0;0;0;0;0;0;0;0;0;0;0;0;30;0;39.0;39.0;2;0;0.00;0.00;0.00;0.0;0.0
120.073;143;1029;39;40131;0.5;19.400;1.320;31;83;9;0;100;101;100;102;100;103;100;47;47;0;1.821;1.821;0.000;0.000;14.700;1.000;6.2;0.0;0;30;3.000;2.537;13.0;200;0;0;-8.6;0;0;0;0;0;98;0;0;1850;107.87;0;0;0;0;0;0;0;0;0;0;0;0;0;0;0;0;30;0;39.0;39.0;2;0;0.00;0.00;0.00;0.0;0.0
120.138;143;1035;39;40365;0.5;19.100;1.299;31;83;9;0;100;101;100;102;100;103;100;47;47;0;1.821;1.821;0.000;0.000;14.700;1.000;6.3;0.0;0;30;3.000;2.957;13.0;-80;0;0;-8.6;0;0;0;0;0;98;0;0;1850;107.25;0;0;0;0;0;0;0;0;0;0;0;0;0;0;0;0;30;0;39.0;39.0;2;0;0.00;0.00;0.00;0.0;0.0
120.204;143;1036;38;39368;0.5;18.700;1.272;31;83;9;0;100;101;100;102;100;103;100;46;46;0;1.806;1.806;0.000;0.000;14.700;1.000;6.2;0.0;0;30;3.000;2.667;13.0;-80;0;0;-8.7;0;0;0;0;0;98;0;0;1850;107.14;0;0;0;0;0;0;0;0;0;0;0;0;0;0;0;0;30;0;38.0;38.0;2;0;0.00;0.00;0.00;0.0;0.0
120.270;144;1028;39;40092;0.5;18.000;1.224;31;83;9;0;100;101;100;102;100;103;100;47;47;0;1.821;1.821;0.000;0.000;14.700;1.000;6.2;0.0;0;30;3.000;2.705;13.0;-30;0;0;-8.6;0;0;0;0;0;98;0;0;1858;108.44;0;0;0;0;0;0;0;0;0;0;0;0;0;0;0;0;30;0;39.0;39.0;2;0;0.00;0.00;0.00;0.0;0.0
120.339;144;995;39;38805;0.5;17.300;1.177;31;83;9;0;100;101;100;102;100;103;100;47;47;0;1.821;1.821;0.000;0.000;14.700;1.000;6.0;0.0;0;29;3.000;2.491;13.0;-370;0;0;-8.6;0;0;0;0;0;98;0;0;1858;112.04;0;0;0;0;0;0;0;0;0;0;0;0;0;0;0;0;29;0;39.0;39.0;2;0;0.00;0.00;0.00;0.0;0.0
120.339;144;970;39;37830;0.5;17.000;1.156;31;83;9;0;100;101;100;102;100;103;100;46;46;0;1.815;1.815;0.000;0.000;14.700;1.000;5.9;0.0;0;29;3.000;2.400;13.0;-370;0;0;-8.6;0;0;0;0;0;98;0;0;1858;114.93;0;0;0;0;0;0;0;0;0;0;0;0;0;0;0;0;29;0;39.0;39.0;2;0;0.00;0.00;0.00;0.0;0.0
120.470;144;982;40;39280;0.5;17.000;1.156;31;83;9;0;100;101;100;102;100;103;100;47;47;0;1.829;1.829;0.000;0.000;14.700;1.000;6.0;0.0;0;29;3.000;3.102;13.0;-230;0;0;-8.4;0;0;0;0;0;98;0;0;1858;113.52;0;0;0;0;0;0;0;0;0;0;0;0;0;0;0;0;29;0;40.0;40.0;2;0;0.00;0.00;0.00;0.0;0.0
120.539;144;965;40;38600;0.5;17.800;1.211;31;83;9;0;100;101;100;102;100;103;100;47;47;0;1.829;1.829;0.000;0.000;14.700;1.000;5.9;0.0;0;29;3.000;2.949;13.0;-70;0;0;-8.4;0;0;0;0;0;98;0;0;1858;115.52;0;0;0;0;0;0;0;0;0;0;0;0;0;0;0;0;29;0;40.0;40.0;2;0;0.00;0.00;0.00;0.0;0.0
120.605;144;935;41;38335;0.5;18.000;1.224;31;83;9;0;100;101;100;102;100;103;100;47;47;0;1.837;1.837;0.000;0.000;14.700;1.000;5.7;0.0;0;28;3.000;2.094;13.0;-70;0;0;-8.3;0;0;0;0;0;98;0;0;1858;119.23;0;0;0;0;0;0;0;0;0;0;0;0;0;0;0;0;28;0;41.0;41.0;2;0;0.00;0.00;0.00;0.0;0.0
120.671;144;930;41;38130;0.5;17.500;1.190;31;83;9;0;100;101;100;102;100;103;100;47;47;0;1.837;1.837;0.000;0.000;14.700;1.000;5.7;0.0;0;28;3.000;2.965;13.0;-280;0;0;-8.3;0;0;0;0;0;98;0;0;1858;119.87;0;0;0;0;0;0;0;0;0;0;0;0;0;0;0;0;28;0;41.0;41.0;2;0;0.00;0.00;0.00;0.0;0.0
120.737;144;932;42;39144;0.5;19.300;1.313;31;83;9;0;100;101;100;102;100;103;100;48;48;0;1.861;1.861;0.000;0.000;14.700;1.000;5.8;0.0;0;28;3.000;2.826;13.0;-50;0;0;-8.1;0;0;0;0;0;98;0;0;1858;119.61;0;0;0;0;0;0;0;0;0;0;0;0;0;0;0;0;28;0;42.0;42.0;2;0;0.00;0.00;0.00;0.0;0.0
120.806;144;908;42;38136;0.5;19.700;1.340;31;83;9;0;100;101;100;102;100;103;100;48;48;0;1.861;1.861;0.000;0.000;14.700;1.000;5.6;0.0;0;27;3.000;2.106;13.0;-50;0;0;-8.1;0;0;0;0;0;98;0;0;1858;122.78;0;0;0;0;0;0;0;0;0;0;0;0;0;0;0;0;27;0;42.0;42.0;2;0;0.00;0.00;0.00;0.0;0.0
120.871;144;907;43;39001;0.5;19.700;1.340;31;83;9;0;100;101;100;102;100;103;100;48;48;0;1.869;1.869;0.000;0.000;14.700;1.000;5.7;0.0;0;27;3.000;2.889;13.0;-290;0;0;-8.0;0;0;0;0;0;98;0;0;1858;122.91;0;0;0;0;0;0;0;0;0;0;0;0;0;0;0;0;27;0;43.0;43.0;2;0;0.00;0.00;0.00;0.0;0.0
120.937;144;910;43;39130;0.5;19.700;1.340;31;83;9;0;100;101;100;102;100;103;100;48;48;0;1.869;1.869;0.000;0.000;14.700;1.000;5.7;0.0;0;28;3.000;2.691;13.0;-290;0;0;-8.0;0;0;0;0;0;98;0;0;1858;122.51;0;0;0;0;0;0;0;0;0;0;0;0;0;0;0;0;28;0;43.0;43.0;2;0;0.00;0.00;0.00;0.0;0.0
121.003;144;909;43;39087;0.5;19.700;1.340;31;83;9;0;100;101;100;102;100;103;100;48;48;0;1.881;1.881;0.000;0.000;14.700;1.000;5.7;0.0;0;28;3.000;2.754;12.9;70;0;0;-8.0;0;0;0;0;0;98;0;0;1858;122.64;0;0;0;0;0;0;0;0;0;0;0;0;0;0;0;0;28;0;43.0;43.0;2;0;0.00;0.00;0.00;0.0;0.0
121.072;144;895;43;38485;0.5;19.700;1.340;31;83;9;0;100;101;100;102;100;103;100;48;48;0;1.881;1.881;0.000;0.000;14.700;1.000;5.6;0.0;0;27;3.000;2.355;12.9;0;0;0;-8.0;0;0;0;0;0;98;0;0;1858;124.56;0;0;0;0;0;0;0;0;0;0;0;0;0;0;0;0;27;0;43.0;43.0;2;0;0.00;0.00;0.00;0.0;0.0
121.138;144;881;43;37883;0.5;19.700;1.340;31;83;9;0;100;101;100;102;100;103;100;48;48;0;1.881;1.881;0.000;0.000;14.700;1.000;5.5;0.0;0;27;3.000;2.717;12.9;0;0;0;-8.0;0;0;0;0;0;98;0;0;1858;126.54;0;0;0;0;0;0;0;0;0;0;0;0;0;0;0;0;27;0;43.0;43.0;2;0;0.00;0.00;0.00;0.0;0.0
121.203;144;893;44;39292;0.5;19.700;1.340;31;83;9;0;100;101;100;102;100;103;100;48;48;0;1.890;1.890;0.000;0.000;14.700;1.000;5.6;0.0;0;27;3.000;2.851;12.9;-290;0;0;-7.8;0;0;0;0;0;98;0;0;1858;124.84;0;0;0;0;0;0;0;0;0;0;0;0;0;0;0;0;27;0;44.0;44.0;2;0;0.00;0.00;0.00;0.0;0.0
121.273;145;891;44;39204;0.5;19.700;1.340;31;83;9;0;100;101;100;102;100;103;100;48;48;0;1.890;1.890;0.000;0.000;14.700;1.000;5.6;0.0;0;27;3.000;2.689;12.9;180;0;0;-7.8;0;0;0;0;0;98;0;0;1859;125.19;0;0;0;0;0;0;0;0;0;0;0;0;0;0;0;0;27;0;44.0;44.0;2;0;0.00;0.00;0.00;0.0;0.0
121.338;145;865;44;38060;0.5;19.700;1.340;31;83;9;0;100;101;100;102;100;103;100;48;48;0;1.890;1.890;0.000;0.000;14.700;1.000;5.4;0.0;0;26;3.000;2.765;12.9;180;0;0;-7.8;0;0;0;0;0;98;0;0;1859;128.95;0;0;0;0;0;0;0;0;0;0;0;0;0;0;0;0;26;0;44.0;44.0;2;0;0.00;0.00;0.00;0.0;0.0
121.404;145;890;44;39160;0.5;19.700;1.340;31;83;9;0;100;101;100;102;100;103;100;48;48;0;1.890;1.890;0.000;0.000;14.700;1.000;5.6;0.0;0;27;3.000;3.007;12.9;-340;0;0;-7.8;0;0;0;0;0;98;0;0;1859;125.33;0;0;0;0;0;0;0;0;0;0;0;0;0;0;0;0;27;0;44.0;44.0;2;0;0.00;0.00;0.00;0.0;0.0
121.469;145;917;43;39431;0.5;19.700;1.340;31;83;9;0;100;101;100;102;100;103;100;49;49;0;1.896;1.896;0.000;0.000;14.700;1.000;5.8;0.0;0;28;3.000;3.384;12.9;450;0;0;-8.0;0;0;0;0;0;98;0;0;1859;121.64;0;0;0;0;0;0;0;0;0;0;0;0;0;0;0;0;28;0;43.0;43.0;2;0;0.00;0.00;0.00;0.0;0.0
121.535;145;932;43;40076;0.5;19.700;1.340;31;83;9;0;100;101;100;102;100;103;100;48;48;0;1.881;1.881;0.000;0.000;14.700;1.000;5.8;0.0;0;28;3.000;3.009;12.9;450;0;0;-8.0;0;0;0;0;0;98;0;0;1859;119.68;0;0;0;0;0;0;0;0;0;0;0;0;0;0;0;0;28;0;43.0;43.0;2;0;0.00;0.00;0.00;0.0;0.0
121.604;145;930;42;39060;0.5;19.700;1.340;31;83;9;0;100;101;100;102;100;103;100;48;48;0;1.873;1.873;0.000;0.000;14.700;1.000;5.8;0.0;0;28;3.000;2.675;12.9;220;0;0;-8.1;0;0;0;0;0;98;0;0;1859;119.94;0;0;0;0;0;0;0;0;0;0;0;0;0;0;0;0;28;0;42.0;42.0;2;0;0.00;0.00;0.00;0.0;0.0
121.670;145;943;42;39606;0.5;19.700;1.340;31;83;9;0;100;101;100;102;100;103;100;48;48;0;1.873;1.873;0.000;0.000;14.700;1.000;5.9;0.0;0;28;3.000;3.078;12.9;40;0;0;-8.1;0;0;0;0;0;98;0;0;1859;118.28;0;0;0;0;0;0;0;0;0;0;0;0;0;0;0;0;28;0;42.0;42.0;2;0;0.00;0.00;0.00;0.0;0.0
121.736;145;943;42;39606;0.5;19.700;1.340;31;83;9;0;100;101;100;102;100;103;100;48;48;0;1.873;1.873;0.000;0.000;14.700;1.000;5.9;0.0;0;28;3.000;2.690;12.9;40;0;0;-8.1;0;0;0;0;0;98;0;0;1859;118.28;0;0;0;0;0;0;0;0;0;0;0;0;0;0;0;0;28;0;42.0;42.0;2;0;0.00;0.00;0.00;0.0;0.0
121.805;145;939;42;39438;0.5;19.700;1.340;31;83;9;0;100;101;100;102;100;103;100;48;48;0;1.873;1.873;0.000;0.000;14.700;1.000;5.9;0.0;0;28;3.000;2.845;12.9;60;0;0;-8.1;0;0;0;0;0;98;0;0;1859;118.79;0;0;0;0;0;0;0;0;0;0;0;0;0;0;0;0;28;0;42.0;42.0;2;0;0.00;0.00;0.00;0.0;0.0
121.871;145;920;42;38640;0.5;19.700;1.340;31;83;9;0;100;101;100;102;100;103;100;48;48;0;1.873;1.873;0.000;0.000;14.700;1.000;5.7;0.0;0;28;3.000;2.394;12.9;-220;0;0;-8.1;0;0;0;0;0;98;0;0;1859;121.24;0;0;0;0;0;0;0;0;0;0;0;0;0;0;0;0;28;0;42.0;42.0;2;0;0.00;0.00;0.00;0.0;0.0
121.936;145;934;42;39228;0.5;19.700;1.340;31;83;9;0;100;101;100;102;100;103;100;48;48;0;1.873;1.873;0.000;0.000;14.700;1.000;5.8;0.0;0;28;3.000;3.127;12.9;-220;0;0;-8.1;0;0;0;0;0;98;0;0;1859;119.42;0;0;0;0;0;0;0;0;0;0;0;0;0;0;0;0;28;0;42.0;42.0;2;0;0.00;0.00;0.00;0.0;0.0
122.002;145;942;42;39564;0.5;19.700;1.340;31;83;9;0;100;101;100;102;100;103;100;48;48;0;1.873;1.873;0.000;0.000;14.700;1.000;5.9;0.0;0;28;3.000;2.898;12.9;240;0;0;-8.1;0;0;0;0;0;98;0;0;1859;118.41;0;0;0;0;0;0;0;0;0;0;0;0;0;0;0;0;28;0;42.0;42.0;2;0;0.00;0.00;0.00;0.0;0.0
122.067;145;966;41;39606;0.5;19.700;1.340;31;83;9;0;100;101;100;102;100;103;100;48;48;0;1.857;1.857;0.000;0.000;14.700;1.000;6.0;0.0;0;29;3.000;3.110;12.9;160;0;0;-8.3;0;0;0;0;0;98;0;0;1859;115.47;0;0;0;0;0;0;0;0;0;0;0;0;0;0;0;0;29;0;41.0;41.0;2;0;0.00;0.00;0.00;0.0;0.0
122.137;145;964;41;39524;0.5;19.700;1.340;31;83;9;0;100;101;100;102;100;103;100;48;48;0;1.857;1.857;0.000;0.000;14.700;1.000;6.0;0.0;0;29;3.000;2.773;12.9;160;0;0;-8.3;0;0;0;0;0;98;0;0;1859;115.71;0;0;0;0;0;0;0;0;0;0;0;0;0;0;0;0;29;0;41.0;41.0;2;0;0.00;0.00;0.00;0.0;0.0
122.207;145;977;41;40057;0.5;19.700;1.340;31;83;9;0;100;101;100;102;100;103;100;48;48;0;1.857;1.857;0.000;0.000;14.700;1.000;6.0;0.0;0;29;3.000;3.263;12.9;50;0;0;-8.3;0;0;0;0;0;98;0;0;1859;114.17;0;0;0;0;0;0;0;0;0;0;0;0;0;0;0;0;29;0;41.0;41.0;2;0;0.00;0.00;0.00;0.0;0.0
122.273;146;970;41;39770;0.5;19.700;1.340;31;83;9;0;100;101;100;102;100;103;100;48;48;0;1.857;1.857;0.000;0.000;14.700;1.000;6.0;0.0;0;29;3.000;2.738;12.9;50;0;0;-8.3;0;0;0;0;0;98;0;0;1862;115.18;0;0;0;0;0;0;0;0;0;0;0;0;0;0;0;0;29;0;41.0;41.0;2;0;0.00;0.00;0.00;0.0;0.0
122.338;146;955;41;39155;0.5;19.500;1.327;31;83;9;0;100;101;100;102;100;103;100;48;48;0;1.857;1.857;0.000;0.000;14.700;1.000;5.9;0.0;0;28;3.000;2.474;12.9;50;0;0;-8.3;0;0;0;0;0;98;0;0;1862;116.98;0;0;0;0;0;0;0;0;0;0;0;0;0;0;0;0;28;0;41.0;41.0;2;0;0.00;0.00;0.00;0.0;0.0
122.403;146;957;41;39237;0.5;18.800;1.279;31;83;9;0;100;101;100;102;100;103;100;48;48;0;1.857;1.857;0.000;0.000;14.700;1.000;5.9;0.0;0;28;3.000;2.988;12.9;-230;0;0;-8.3;0;0;0;0;0;98;0;0;1862;116.74;0;0;0;0;0;0;0;0;0;0;0;0;0;0;0;0;28;0;41.0;41.0;2;0;0.00;0.00;0.00;0.0;0.0
122.469;146;972;41;39852;0.5;19.200;1.306;31;83;9;0;100;101;100;102;100;103;100;48;48;0;1.857;1.857;0.000;0.000;14.700;1.000;6.0;0.0;0;29;3.000;3.013;12.9;250;0;0;-8.3;0;0;0;0;0;98;0;0;1862;114.94;0;0;0;0;0;0;0;0;0;0;0;0;0;0;0;0;29;0;41.0;41.0;2;0;0.00;0.00;0.00;0.0;0.0
122.535;146;956;41;39196;0.5;19.600;1.333;31;83;9;0;100;101;100;102;100;103;100;48;48;0;1.857;1.857;0.000;0.000;14.700;1.000;5.9;0.0;0;28;3.000;2.699;12.9;250;0;0;-8.3;0;0;0;0;0;98;0;0;1862;116.86;0;0;0;0;0;0;0;0;0;0;0;0;0;0;0;0;28;0;41.0;41.0;2;0;0.00;0.00;0.00;0.0;0.0
122.604;146;954;41;39114;0.5;19.700;1.340;31;83;9;0;100;101;100;102;100;103;100;48;48;0;1.857;1.857;0.000;0.000;14.700;1.000;5.9;0.0;0;28;3.000;3.040;12.9;-110;0;0;-8.3;0;0;0;0;0;98;0;0;1862;117.11;0;0;0;0;0;0;0;0;0;0;0;0;0;0;0;0;28;0;41.0;41.0;2;0;0.00;0.00;0.00;0.0;0.0
122.670;146;956;41;39196;0.5;19.700;1.340;31;83;9;0;100;101;100;102;100;103;100;48;48;0;1.857;1.857;0.000;0.000;14.700;1.000;5.9;0.0;0;28;3.000;2.881;12.9;-50;0;0;-8.3;0;0;0;0;0;98;0;0;1862;116.86;0;0;0;0;0;0;0;0;0;0;0;0;0;0;0;0;28;0;41.0;41.0;2;0;0.00;0.00;0.00;0.0;0.0
122.735;146;953;41;39073;0.5;19.700;1.340;31;83;9;0;100;101;100;102;100;103;100;48;48;0;1.857;1.857;0.000;0.000;14.700;1.000;5.9;0.0;0;28;3.000;2.529;12.9;-50;0;0;-8.3;0;0;0;0;0;98;0;0;1862;117.23;0;0;0;0;0;0;0;0;0;0;0;0;0;0;0;0;28;0;41.0;41.0;2;0;0.00;0.00;0.00;0.0;0.0
122.805;146;938;41;38458;0.5;19.700;1.340;31;83;9;0;100;101;100;102;100;103;100;47;47;0;1.837;1.837;0.000;0.000;14.700;1.000;5.7;0.0;0;28;3.000;2.553;13.0;-70;0;0;-8.3;0;0;0;0;0;98;0;0;1862;119.10;0;0;0;0;0;0;0;0;0;0;0;0;0;0;0;0;28;0;41.0;41.0;2;0;0.00;0.00;0.00;0.0;0.0
122.871;146;907;42;38094;0.5;19.700;1.340;31;83;9;0;100;101;100;102;100;103;100;48;48;0;1.861;1.861;0.000;0.000;14.700;1.000;5.6;0.0;0;27;3.000;2.057;13.0;-70;0;0;-8.1;0;0;0;0;0;98;0;0;1862;123.18;0;0;0;0;0;0;0;0;0;0;0;0;0;0;0;0;27;0;42.0;42.0;2;0;0.00;0.00;0.00;0.0;0.0
122.939;146;914;42;38388;0.5;19.700;1.340;31;83;9;0;100;101;100;102;100;103;100;48;48;0;1.861;1.861;0.000;0.000;14.700;1.000;5.7;0.0;0;27;3.000;2.818;13.0;-420;0;0;-8.1;0;0;0;0;0;98;0;0;1862;122.23;0;0;0;0;0;0;0;0;0;0;0;0;0;0;0;0;27;0;42.0;42.0;2;0;0.00;0.00;0.00;0.0;0.0
123.005;146;915;42;38430;0.5;19.700;1.340;31;83;9;0;100;101;100;102;100;103;100;48;48;0;1.861;1.861;0.000;0.000;14.700;1.000;5.7;0.0;0;27;3.000;2.603;13.0;140;0;0;-8.1;0;0;0;0;0;98;0;0;1862;122.10;0;0;0;0;0;0;0;0;0;0;0;0;0;0;0;0;27;0;42.0;42.0;2;0;0.00;0.00;0.00;0.0;0.0
123.071;146;909;40;36360;0.5;19.700;1.340;31;83;9;0;100;101;100;102;100;103;100;47;47;0;1.829;1.829;0.000;0.000;14.700;1.000;5.5;0.0;0;27;3.000;2.566;13.0;140;0;0;-8.4;0;0;0;0;0;98;0;0;1862;122.90;0;0;0;0;0;0;0;0;0;0;0;0;0;0;0;0;27;0;40.0;40.0;2;0;0.00;0.00;0.00;0.0;0.0
123.140;146;895;43;38485;0.5;19.700;1.340;31;83;9;0;100;101;100;102;100;103;100;48;48;0;1.869;1.869;0.000;0.000;14.700;1.000;5.6;0.0;0;27;3.000;2.274;13.0;-120;0;0;-8.0;0;0;0;0;0;98;0;0;1862;124.83;0;0;0;0;0;0;0;0;0;0;0;0;0;0;0;0;27;0;43.0;43.0;2;0;0.00;0.00;0.00;0.0;0.0
123.140;146;891;44;39204;0.5;19.700;1.340;31;83;9;0;100;101;100;102;100;103;100;48;48;0;1.878;1.878;0.000;0.000;14.700;1.000;5.6;0.0;0;27;3.000;2.831;13.0;-170;0;0;-7.8;0;0;0;0;0;98;0;0;1862;125.39;0;0;0;0;0;0;0;0;0;0;0;0;0;0;0;0;27;0;44.0;44.0;2;0;0.00;0.00;0.00;0.0;0.0
123.273;146;881;44;38764;0.5;19.700;1.340;31;83;9;0;100;101;100;102;100;103;100;48;48;0;1.878;1.878;0.000;0.000;14.700;1.000;5.5;0.0;0;27;3.000;2.579;13.0;-170;0;0;-7.8;0;0;0;0;0;98;0;0;1862;126.81;0;0;0;0;0;0;0;0;0;0;0;0;0;0;0;0;27;0;44.0;44.0;2;0;0.00;0.00;0.00;0.0;0.0
123.341;147;873;44;38412;0.5;19.700;1.340;31;83;9;0;100;101;100;102;100;103;100;48;48;0;1.914;1.914;0.000;0.000;14.700;1.000;5.6;0.0;0;26;3.000;2.559;12.7;-110;0;0;-7.8;0;0;0;0;0;98;0;0;1855;127.49;0;0;0;0;0;0;0;0;0;0;0;0;0;0;0;0;26;0;44.0;44.0;2;0;0.00;0.00;0.00;0.0;0.0
123.406;147;869;44;38236;0.5;19.700;1.340;31;83;9;0;100;101;100;102;100;103;100;48;48;0;1.914;1.914;0.000;0.000;14.700;1.000;5.5;0.0;0;26;3.000;2.805;12.7;-70;0;0;-7.8;0;0;0;0;0;98;0;0;1855;128.08;0;0;0;0;0;0;0;0;0;0;0;0;0;0;0;0;26;0;44.0;44.0;2;0;0.00;0.00;0.00;0.0;0.0
123.472;147;878;45;39510;0.5;19.700;1.340;31;83;9;0;100;101;100;102;100;103;100;49;49;0;1.945;1.945;0.000;0.000;14.700;1.000;5.7;0.0;0;27;3.000;2.921;12.7;-70;0;0;-7.7;0;0;0;0;0;98;0;0;1855;126.77;0;0;0;0;0;0;0;0;0;0;0;0;0;0;0;0;27;0;45.0;45.0;2;0;0.00;0.00;0.00;0.0;0.0
123.538;147;879;44;38676;0.5;19.700;1.340;31;83;9;0;100;101;100;102;100;103;100;48;48;0;1.902;1.902;0.000;0.000;14.700;1.000;5.6;0.0;0;27;3.000;2.623;12.8;40;0;0;-7.8;0;0;0;0;0;98;0;0;1855;126.62;0;0;0;0;0;0;0;0;0;0;0;0;0;0;0;0;27;0;44.0;44.0;2;0;0.00;0.00;0.00;0.0;0.0
123.538;147;888;44;39072;0.5;19.700;1.340;31;83;9;0;100;101;100;102;100;103;100;48;48;0;1.902;1.902;0.000;0.000;14.700;1.000;5.6;0.0;0;27;3.000;3.172;12.8;-20;0;0;-7.8;0;0;0;0;0;98;0;0;1855;125.34;0;0;0;0;0;0;0;0;0;0;0;0;0;0;0;0;27;0;44.0;44.0;2;0;0.00;0.00;0.00;0.0;0.0
123.673;147;911;44;40084;0.5;19.700;1.340;31;83;9;0;100;101;100;102;100;103;100;49;49;0;1.916;1.916;0.000;0.000;14.700;1.000;5.8;0.0;0;27;3.000;3.028;12.8;-20;0;0;-7.8;0;0;0;0;0;98;0;0;1855;122.17;0;0;0;0;0;0;0;0;0;0;0;0;0;0;0;0;27;0;44.0;44.0;2;0;0.00;0.00;0.00;0.0;0.0
123.739;147;931;44;40964;0.5;19.700;1.340;31;83;9;0;100;101;100;102;100;103;100;49;49;0;1.916;1.916;0.000;0.000;14.700;1.000;5.9;0.0;0;28;3.000;3.034;12.8;350;0;0;-7.8;0;0;0;0;0;98;0;0;1855;119.55;0;0;0;0;0;0;0;0;0;0;0;0;0;0;0;0;28;0;44.0;44.0;2;0;0.00;0.00;0.00;0.0;0.0
123.804;147;925;43;39775;0.5;19.700;1.340;31;83;9;0;100;101;100;102;100;103;100;48;48;0;1.893;1.893;0.000;0.000;14.700;1.000;5.8;0.0;0;28;3.000;2.818;12.8;140;0;0;-8.0;0;0;0;0;0;98;0;0;1855;120.32;0;0;0;0;0;0;0;0;0;0;0;0;0;0;0;0;28;0;43.0;43.0;2;0;0.00;0.00;0.00;0.0;0.0
123.869;147;942;42;39564;0.5;19.700;1.340;31;83;9;0;100;101;100;102;100;103;100;48;48;0;1.885;1.885;0.000;0.000;14.700;1.000;5.9;0.0;0;28;3.000;3.099;12.8;140;0;0;-8.1;0;0;0;0;0;98;0;0;1855;118.15;0;0;0;0;0;0;0;0;0;0;0;0;0;0;0;0;28;0;42.0;42.0;2;0;0.00;0.00;0.00;0.0;0.0
123.935;147;954;42;40068;0.5;19.700;1.340;31;83;9;0;100;101;100;102;100;103;100;48;48;0;1.885;1.885;0.000;0.000;14.700;1.000;6.0;0.0;0;28;3.000;2.770;12.8;290;0;0;-8.1;0;0;0;0;0;98;0;0;1855;116.67;0;0;0;0;0;0;0;0;0;0;0;0;0;0;0;0;28;0;42.0;42.0;2;0;0.00;0.00;0.00;0.0;0.0
123.935;147;959;41;39319;0.5;19.700;1.340;31;83;9;0;100;101;100;102;100;103;100;48;48;0;1.869;1.869;0.000;0.000;14.700;1.000;6.0;0.0;0;29;3.000;2.832;12.8;50;0;0;-8.3;0;0;0;0;0;98;0;0;1855;116.06;0;0;0;0;0;0;0;0;0;0;0;0;0;0;0;0;29;0;41.0;41.0;2;0;0.00;0.00;0.00;0.0;0.0
124.070;147;958;41;39278;0.5;19.700;1.340;31;83;9;0;100;101;100;102;100;103;100;48;48;0;1.857;1.857;0.000;0.000;14.700;1.000;5.9;0.0;0;28;3.000;2.604;12.9;50;0;0;-8.3;0;0;0;0;0;98;0;0;1855;116.18;0;0;0;0;0;0;0;0;0;0;0;0;0;0;0;0;28;0;41.0;41.0;2;0;0.00;0.00;0.00;0.0;0.0
124.136;147;971;41;39811;0.5;19.700;1.340;31;83;9;0;100;101;100;102;100;103;100;48;48;0;1.857;1.857;0.000;0.000;14.700;1.000;6.0;0.0;0;29;3.000;2.954;12.9;-10;0;0;-8.3;0;0;0;0;0;98;0;0;1855;114.62;0;0;0;0;0;0;0;0;0;0;0;0;0;0;0;0;29;0;41.0;41.0;2;0;0.00;0.00;0.00;0.0;0.0
124.205;147;966;41;39606;0.5;19.700;1.340;31;83;9;0;100;101;100;102;100;103;100;48;48;0;1.857;1.857;0.000;0.000;14.700;1.000;6.0;0.0;0;29;3.000;2.736;12.9;70;0;0;-8.3;0;0;0;0;0;98;0;0;1855;115.22;0;0;0;0;0;0;0;0;0;0;0;0;0;0;0;0;29;0;41.0;41.0;2;0;0.00;0.00;0.00;0.0;0.0
124.272;147;963;41;39483;0.5;19.700;1.340;31;83;9;0;100;101;100;102;100;103;100;48;48;0;1.857;1.857;0.000;0.000;14.700;1.000;6.0;0.0;0;29;3.000;2.660;12.9;70;0;0;-8.3;0;0;0;0;0;98;0;0;1855;115.58;0;0;0;0;0;0;0;0;0;0;0;0;0;0;0;0;29;0;41.0;41.0;2;0;0.00;0.00;0.00;0.0;0.0
124.340;148;946;41;38786;0.5;19.700;1.340;31;83;9;0;100;101;100;102;100;103;100;47;47;0;1.849;1.849;0.000;0.000;14.700;1.000;5.8;0.0;0;28;3.000;2.783;12.9;-220;0;0;-8.3;0;0;0;0;0;98;0;0;1858;117.84;0;0;0;0;0;0;0;0;0;0;0;0;0;0;0;0;28;0;41.0;41.0;2;0;0.00;0.00;0.00;0.0;0.0
124.340;148;958;41;39278;0.5;19.700;1.340;31;83;9;0;100;101;100;102;100;103;100;48;48;0;1.857;1.857;0.000;0.000;14.700;1.000;5.9;0.0;0;28;3.000;2.935;12.9;150;0;0;-8.3;0;0;0;0;0;98;0;0;1858;116.37;0;0;0;0;0;0;0;0;0;0;0;0;0;0;0;0;28;0;41.0;41.0;2;0;0.00;0.00;0.00;0.0;0.0
124.471;148;963;41;39483;0.5;19.700;1.340;31;83;9;0;100;101;100;102;100;103;100;48;48;0;1.857;1.857;0.000;0.000;14.700;1.000;6.0;0.0;0;29;3.000;2.896;12.9;150;0;0;-8.3;0;0;0;0;0;98;0;0;1858;115.76;0;0;0;0;0;0;0;0;0;0;0;0;0;0;0;0;29;0;41.0;41.0;2;0;0.00;0.00;0.00;0.0;0.0
124.537;148;945;41;38745;0.5;19.400;1.320;31;83;9;0;100;101;100;102;100;103;100;47;47;0;1.849;1.849;0.000;0.000;14.700;1.000;5.8;0.0;0;28;3.000;2.683;12.9;-60;0;0;-8.3;0;0;0;0;0;98;0;0;1858;117.97;0;0;0;0;0;0;0;0;0;0;0;0;0;0;0;0;28;0;41.0;41.0;2;0;0.00;0.00;0.00;0.0;0.0
124.607;148;941;42;39522;0.5;19.500;1.327;31;83;9;0;100;101;100;102;100;103;100;48;48;0;1.873;1.873;0.000;0.000;14.700;1.000;5.9;0.0;0;28;3.000;3.198;12.9;-80;0;0;-8.1;0;0;0;0;0;98;0;0;1858;118.47;0;0;0;0;0;0;0;0;0;0;0;0;0;0;0;0;28;0;42.0;42.0;2;0;0.00;0.00;0.00;0.0;0.0
124.673;148;927;41;38007;0.5;19.600;1.333;31;83;9;0;100;101;100;102;100;103;100;47;47;0;1.849;1.849;0.000;0.000;14.700;1.000;5.7;0.0;0;28;3.000;2.851;12.9;-80;0;0;-8.3;0;0;0;0;0;98;0;0;1858;120.26;0;0;0;0;0;0;0;0;0;0;0;0;0;0;0;0;28;0;41.0;41.0;2;0;0.00;0.00;0.00;0.0;0.0
124.738;148;915;42;38430;0.5;19.700;1.340;31;83;9;0;100;101;100;102;100;103;100;48;48;0;1.873;1.873;0.000;0.000;14.700;1.000;5.7;0.0;0;27;3.000;2.384;12.9;-270;0;0;-8.1;0;0;0;0;0;98;0;0;1858;121.84;0;0;0;0;0;0;0;0;0;0;0;0;0;0;0;0;27;0;42.0;42.0;2;0;0.00;0.00;0.00;0.0;0.0
124.803;148;899;42;37758;0.5;19.700;1.340;31;83;9;0;100;101;100;102;100;103;100;47;47;0;1.865;1.865;0.000;0.000;14.700;1.000;5.6;0.0;0;27;3.000;2.726;12.9;-180;0;0;-8.1;0;0;0;0;0;98;0;0;1858;124.00;0;0;0;0;0;0;0;0;0;0;0;0;0;0;0;0;27;0;42.0;42.0;2;0;0.00;0.00;0.00;0.0;0.0
124.869;148;918;43;39474;0.5;19.700;1.340;31;83;9;0;100;101;100;102;100;103;100;49;49;0;1.896;1.896;0.000;0.000;14.700;1.000;5.8;0.0;0;28;3.000;3.088;12.9;-180;0;0;-8.0;0;0;0;0;0;98;0;0;1858;121.44;0;0;0;0;0;0;0;0;0;0;0;0;0;0;0;0;28;0;43.0;43.0;2;0;0.00;0.00;0.00;0.0;0.0
124.939;148;920;42;38640;0.5;19.700;1.340;31;83;9;0;100;101;100;102;100;103;100;48;48;0;1.873;1.873;0.000;0.000;14.700;1.000;5.7;0.0;0;28;3.000;3.094;12.9;240;0;0;-8.1;0;0;0;0;0;98;0;0;1858;121.17;0;0;0;0;0;0;0;0;0;0;0;0;0;0;0;0;28;0;42.0;42.0;2;0;0.00;0.00;0.00;0.0;0.0
125.004;148;905;43;38915;0.5;19.700;1.340;31;83;9;0;100;101;100;102;100;103;100;48;48;0;1.881;1.881;0.000;0.000;14.700;1.000;5.7;0.0;0;28;3.000;2.539;12.9;240;0;0;-8.0;0;0;0;0;0;98;0;0;1858;123.18;0;0;0;0;0;0;0;0;0;0;0;0;0;0;0;0;28;0;43.0;43.0;2;0;0.00;0.00;0.00;0.0;0.0
125.070;148;910;43;39130;0.5;19.700;1.340;31;83;9;0;100;101;100;102;100;103;100;48;48;0;1.917;1.917;0.000;0.000;14.700;1.000;5.8;0.0;0;28;3.000;2.714;12.6;-180;0;0;-8.0;0;0;0;0;0;98;0;0;1858;122.51;0;0;0;0;0;0;0;0;0;0;0;0;0;0;0;0;28;0;43.0;43.0;2;0;0.00;0.00;0.00;0.0;0.0
125.139;148;937;43;40291;0.5;19.700;1.340;31;83;9;0;100;101;100;102;100;103;100;49;49;0;1.932;1.932;0.000;0.000;14.700;1.000;6.0;0.0;0;28;3.000;3.268;12.6;210;0;0;-8.0;0;0;0;0;0;98;0;0;1858;118.98;0;0;0;0;0;0;0;0;0;0;0;0;0;0;0;0;28;0;43.0;43.0;2;0;0.00;0.00;0.00;0.0;0.0
125.139;148;945;42;39690;0.5;19.700;1.340;31;83;9;0;100;101;100;102;100;103;100;48;48;0;1.909;1.909;0.000;0.000;14.700;1.000;6.0;0.0;0;28;3.000;2.846;12.6;210;0;0;-8.1;0;0;0;0;0;98;0;0;1858;117.97;0;0;0;0;0;0;0;0;0;0;0;0;0;0;0;0;28;0;42.0;42.0;2;0;0.00;0.00;0.00;0.0;0.0
125.270;148;965;42;40530;0.5;19.700;1.340;31;83;9;0;100;101;100;102;100;103;100;48;48;0;1.909;1.909;0.000;0.000;14.700;1.000;6.1;0.0;0;29;3.000;2.919;12.6;190;0;0;-8.1;0;0;0;0;0;98;0;0;1858;115.52;0;0;0;0;0;0;0;0;0;0;0;0;0;0;0;0;29;0;42.0;42.0;2;0;0.00;0.00;0.00;0.0;0.0
125.340;149;973;41;39893;0.5;19.700;1.340;31;83;9;0;100;101;100;102;100;103;100;48;48;0;1.953;1.953;0.000;0.000;14.700;1.000;6.3;0.0;0;29;3.000;2.835;12.1;290;0;0;-8.3;0;0;0;0;0;98;0;0;1860;114.70;0;0;0;0;0;0;0;0;0;0;0;0;0;0;0;0;29;0;41.0;41.0;2;0;0.00;0.00;0.00;0.0;0.0
125.405;149;994;40;39760;0.5;19.700;1.340;31;83;9;0;100;101;100;102;100;103;100;47;47;0;1.937;1.937;0.000;0.000;14.700;1.000;6.4;0.0;0;29;3.000;3.054;12.1;290;0;0;-8.4;0;0;0;0;0;98;0;0;1860;112.27;0;0;0;0;0;0;0;0;0;0;0;0;0;0;0;0;29;0;40.0;40.0;2;0;0.00;0.00;0.00;0.0;0.0
125.471;149;980;40;39200;0.5;19.700;1.340;31;83;9;0;100;101;100;102;100;103;100;47;47;0;1.937;1.937;0.000;0.000;14.700;1.000;6.3;0.0;0;29;3.000;2.722;12.1;200;0;0;-8.4;0;0;0;0;0;98;0;0;1860;113.88;0;0;0;0;0;0;0;0;0;0;0;0;0;0;0;0;29;0;40.0;40.0;2;0;0.00;0.00;0.00;0.0;0.0
125.537;149;993;40;39720;0.5;19.700;1.340;31;83;9;0;100;101;100;102;100;103;100;47;47;0;1.937;1.937;0.000;0.000;14.700;1.000;6.4;0.0;0;29;3.000;3.067;12.1;-110;0;0;-8.4;0;0;0;0;0;98;0;0;1860;112.39;0;0;0;0;0;0;0;0;0;0;0;0;0;0;0;0;29;0;40.0;40.0;2;0;0.00;0.00;0.00;0.0;0.0
125.606;149;1018;40;40720;0.5;19.700;1.340;31;83;9;0;100;101;100;102;100;103;100;48;48;0;1.896;1.896;0.000;0.000;14.700;1.000;6.4;0.0;0;30;3.000;3.406;12.5;-110;0;0;-8.4;0;0;0;0;0;98;0;0;1860;109.63;0;0;0;0;0;0;0;0;0;0;0;0;0;0;0;0;30;0;40.0;40.0;2;0;0.00;0.00;0.00;0.0;0.0
125.671;149;1033;39;40287;0.5;19.700;1.340;31;83;9;0;100;101;100;102;100;103;100;47;47;0;1.881;1.881;0.000;0.000;14.700;1.000;6.5;0.0;0;30;3.000;3.086;12.5;440;0;0;-8.6;0;0;0;0;0;98;0;0;1860;108.03;0;0;0;0;0;0;0;0;0;0;0;0;0;0;0;0;30;0;39.0;39.0;2;0;0.00;0.00;0.00;0.0;0.0
125.738;149;1044;39;40716;0.5;19.700;1.340;31;83;9;0;100;101;100;102;100;103;100;47;47;0;1.881;1.881;0.000;0.000;14.700;1.000;6.5;0.0;0;30;3.000;3.191;12.5;130;0;0;-8.6;0;0;0;0;0;98;0;0;1860;106.90;0;0;0;0;0;0;0;0;0;0;0;0;0;0;0;0;30;0;39.0;39.0;2;0;0.00;0.00;0.00;0.0;0.0
125.803;149;1037;39;40443;0.5;18.500;1.259;31;83;9;0;100;101;100;102;100;103;100;47;47;0;1.881;1.881;0.000;0.000;14.700;1.000;6.5;0.0;0;30;3.000;2.780;12.5;130;0;0;-8.6;0;0;0;0;0;98;0;0;1860;107.62;0;0;0;0;0;0;0;0;0;0;0;0;0;0;0;0;30;0;39.0;39.0;2;0;0.00;0.00;0.00;0.0;0.0
125.872;149;1042;38;39596;0.5;18.400;1.252;31;83;9;0;100;101;100;102;100;103;100;47;47;0;1.849;1.849;0.000;0.000;14.700;1.000;6.4;0.0;0;30;3.000;2.973;12.7;30;0;0;-8.7;0;0;0;0;0;98;0;0;1860;107.10;0;0;0;0;0;0;0;0;0;0;0;0;0;0;0;0;30;0;38.0;38.0;2;0;0.00;0.00;0.00;0.0;0.0
125.938;149;1043;38;39634;0.5;17.800;1.211;31;83;9;0;100;101;100;102;100;103;100;47;47;0;1.849;1.849;0.000;0.000;14.700;1.000;6.4;0.0;0;30;3.000;2.782;12.7;0;0;0;-8.7;0;0;0;0;0;98;0;0;1860;107.00;0;0;0;0;0;0;0;0;0;0;0;0;0;0;0;0;30;0;38.0;38.0;2;0;0.00;0.00;0.00;0.0;0.0
126.003;149;1040;38;39520;0.5;16.600;1.129;31;83;9;0;100;101;100;102;100;103;100;47;47;0;1.849;1.849;0.000;0.000;14.700;1.000;6.4;0.0;0;30;3.000;2.922;12.7;0;0;0;-8.7;0;0;0;0;0;98;0;0;1860;107.31;0;0;0;0;0;0;0;0;0;0;0;0;0;0;0;0;30;0;38.0;38.0;2;0;0.00;0.00;0.00;0.0;0.0
126.073;149;1038;39;40482;0.5;18.200;1.238;31;83;9;0;100;101;100;102;100;103;100;47;47;0;1.857;1.857;0.000;0.000;14.700;1.000;6.4;0.0;0;30;3.000;2.966;12.7;-110;0;0;-8.6;0;0;0;0;0;98;0;0;1860;107.51;0;0;0;0;0;0;0;0;0;0;0;0;0;0;0;0;30;0;39.0;39.0;2;0;0.00;0.00;0.00;0.0;0.0
126.138;149;1033;38;39254;0.5;15.200;1.034;31;83;9;0;100;101;100;102;100;103;100;46;46;0;1.902;1.902;0.000;0.000;14.700;1.000;6.5;0.0;0;30;3.000;2.885;12.2;80;0;0;-8.7;0;0;0;0;0;98;0;0;1860;108.03;0;0;0;0;0;0;0;0;0;0;0;0;0;0;0;0;30;0;38.0;38.0;2;0;0.00;0.00;0.00;0.0;0.0
126.204;149;1050;39;40950;0.5;13.100;0.891;31;83;9;0;100;101;100;102;100;103;100;47;47;0;1.917;1.917;0.000;0.000;14.700;1.000;6.7;0.0;0;30;3.000;3.000;12.2;80;0;0;-8.6;0;0;0;0;0;98;0;0;1860;106.29;0;0;0;0;0;0;0;0;0;0;0;0;0;0;0;0;30;0;39.0;39.0;2;0;0.00;0.00;0.00;0.0;0.0
126.273;149;1060;38;40280;0.5;13.100;0.891;31;83;9;0;100;101;100;102;100;103;100;47;47;0;1.909;1.909;0.000;0.000;14.700;1.000;6.7;0.0;0;30;3.000;2.901;12.2;190;0;0;-8.7;0;0;0;0;0;98;0;0;1860;105.28;0;0;0;0;0;0;0;0;0;0;0;0;0;0;0;0;30;0;38.0;38.0;2;0;0.00;0.00;0.00;0.0;0.0
126.339;150;1076;38;40888;0.5;13.300;0.905;31;83;9;0;100;101;100;102;100;103;100;47;47;0;1.897;1.897;0.000;0.000;14.700;1.000;6.8;0.0;0;30;3.000;2.868;12.3;120;0;0;-8.7;0;0;0;0;0;98;0;0;1854;103.38;0;0;0;0;0;0;0;0;0;0;0;0;0;0;0;0;30;0;38.0;38.0;2;0;0.00;0.00;0.00;0.0;0.0
126.405;150;1081;38;41078;0.5;13.300;0.905;31;83;9;0;100;101;100;102;100;103;100;47;47;0;1.897;1.897;0.000;0.000;14.700;1.000;6.8;0.0;0;31;3.000;3.140;12.3;120;0;0;-8.7;0;0;0;0;0;98;0;0;1854;102.90;0;0;0;0;0;0;0;0;0;0;0;0;0;0;0;0;31;0;38.0;38.0;2;0;0.00;0.00;0.00;0.0;0.0
126.470;150;1078;37;39886;0.5;13.300;0.905;31;83;9;0;100;101;100;102;100;103;100;46;46;0;1.874;1.874;0.000;0.000;14.700;1.000;6.7;0.0;0;30;3.000;2.981;12.3;80;0;0;-8.8;0;0;0;0;0;98;0;0;1854;103.19;0;0;0;0;0;0;0;0;0;0;0;0;0;0;0;0;30;0;37.0;37.0;2;0;0.00;0.00;0.00;0.0;0.0
126.470;150;1086;38;41268;0.5;13.700;0.932;31;83;9;0;100;101;100;102;100;103;100;47;47;0;1.897;1.897;0.000;0.000;14.700;1.000;6.9;0.0;0;30;3.000;2.827;12.3;70;0;0;-8.7;0;0;0;0;0;98;0;0;1854;102.43;0;0;0;0;0;0;0;0;0;0;0;0;0;0;0;0;30;0;38.0;38.0;2;0;0.00;0.00;0.00;0.0;0.0
126.606;150;1077;37;39849;0.5;13.600;0.925;31;83;9;0;100;101;100;102;100;103;100;46;46;0;1.874;1.874;0.000;0.000;14.700;1.000;6.7;0.0;0;30;3.000;2.711;12.3;70;0;0;-8.8;0;0;0;0;0;98;0;0;1854;103.29;0;0;0;0;0;0;0;0;0;0;0;0;0;0;0;0;30;0;37.0;37.0;2;0;0.00;0.00;0.00;0.0;0.0
126.671;150;1100;37;40700;0.5;13.800;0.939;31;83;9;0;100;101;100;102;100;103;100;46;46;0;1.874;1.874;0.000;0.000;14.700;1.000;6.9;0.0;0;30;3.000;3.167;12.3;10;0;0;-8.8;0;0;0;0;0;98;0;0;1854;101.13;0;0;0;0;0;0;0;0;0;0;0;0;0;0;0;0;30;0;37.0;37.0;2;0;0.00;0.00;0.00;0.0;0.0
126.736;150;1109;37;41033;0.5;13.700;0.932;31;83;9;0;100;101;100;102;100;103;100;46;46;0;1.874;1.874;0.000;0.000;14.700;1.000;6.9;0.0;0;30;3.000;2.912;12.3;220;0;0;-8.8;0;0;0;0;0;98;0;0;1854;100.31;0;0;0;0;0;0;0;0;0;0;0;0;0;0;0;0;30;0;37.0;37.0;2;0;0.00;0.00;0.00;0.0;0.0
126.802;150;1096;37;40552;0.5;13.300;0.905;31;83;9;0;100;101;100;102;100;103;100;47;47;0;1.880;1.880;0.000;0.000;14.700;1.000;6.9;0.0;0;30;3.000;2.932;12.3;220;0;0;-8.8;0;0;0;0;0;98;0;0;1854;101.50;0;0;0;0;0;0;0;0;0;0;0;0;0;0;0;0;30;0;37.0;37.0;2;0;0.00;0.00;0.00;0.0;0.0
126.872;150;1121;37;41477;0.5;12.700;0.864;31;83;9;0;100;101;100;102;100;103;100;47;47;0;1.844;1.844;0.000;0.000;14.700;1.000;6.9;0.0;0;30;3.000;2.989;12.6;20;0;0;-8.8;0;0;0;0;0;98;0;0;1854;99.23;0;0;0;0;0;0;0;0;0;0;0;0;0;0;0;0;30;0;37.0;37.0;2;0;0.00;0.00;0.00;0.0;0.0
126.938;150;1126;36;40536;0.5;12.500;0.850;31;83;9;0;100;101;100;102;100;103;100;46;46;0;1.831;1.831;0.000;0.000;14.700;1.000;6.9;0.0;0;31;3.000;2.686;12.6;150;0;0;-9.0;0;0;0;0;0;98;0;0;1854;98.79;0;0;0;0;0;0;0;0;0;0;0;0;0;0;0;0;31;0;36.0;36.0;2;0;0.00;0.00;0.00;0.0;0.0
127.004;150;1124;36;40464;0.5;12.100;0.823;31;83;9;0;100;101;100;102;100;103;100;46;46;0;1.831;1.831;0.000;0.000;14.700;1.000;6.9;0.0;0;30;3.000;2.710;12.6;150;0;0;-9.0;0;0;0;0;0;98;0;0;1854;98.97;0;0;0;0;0;0;0;0;0;0;0;0;0;0;0;0;30;0;36.0;36.0;2;0;0.00;0.00;0.00;0.0;0.0
127.072;150;1120;36;40320;0.5;12.100;0.823;31;83;9;0;100;101;100;102;100;103;100;46;46;0;1.831;1.831;0.000;0.000;14.700;1.000;6.8;0.0;0;30;3.000;2.978;12.6;-110;0;0;-9.0;0;0;0;0;0;98;0;0;1854;99.32;0;0;0;0;0;0;0;0;0;0;0;0;0;0;0;0;30;0;36.0;36.0;2;0;0.00;0.00;0.00;0.0;0.0
127.138;150;1106;36;39816;0.5;12.400;0.844;31;83;9;0;100;101;100;102;100;103;100;46;46;0;1.843;1.843;0.000;0.000;14.700;1.000;6.8;0.0;0;30;3.000;2.661;12.5;-110;0;0;-9.0;0;0;0;0;0;98;0;0;1854;100.58;0;0;0;0;0;0;0;0;0;0;0;0;0;0;0;0;30;0;36.0;36.0;2;0;0.00;0.00;0.00;0.0;0.0
127.204;150;1103;36;39708;0.5;12.000;0.816;31;83;9;0;100;101;100;102;100;103;100;46;46;0;1.843;1.843;0.000;0.000;14.700;1.000;6.8;0.0;0;30;3.000;2.877;12.5;-90;0;0;-9.0;0;0;0;0;0;98;0;0;1854;100.85;0;0;0;0;0;0;0;0;0;0;0;0;0;0;0;0;30;0;36.0;36.0;2;0;0.00;0.00;0.00;0.0;0.0
127.274;150;1098;36;39528;0.5;12.100;0.823;31;83;9;0;100;101;100;102;100;103;100;45;45;0;1.836;1.836;0.000;0.000;14.700;1.000;6.7;0.0;0;30;3.000;2.979;12.5;-130;0;0;-9.0;0;0;0;0;0;98;0;0;1854;101.31;0;0;0;0;0;0;0;0;0;0;0;0;0;0;0;0;30;0;36.0;36.0;2;0;0.00;0.00;0.00;0.0;0.0
127.339;150;1107;36;39852;0.5;11.600;0.789;31;83;9;0;100;101;100;102;100;103;100;46;46;0;1.843;1.843;0.000;0.000;14.700;1.000;6.8;0.0;0;30;3.000;2.978;12.5;-130;0;0;-9.0;0;0;0;0;0;98;0;0;1854;100.49;0;0;0;0;0;0;0;0;0;0;0;0;0;0;0;0;30;0;36.0;36.0;2;0;0.00;0.00;0.00;0.0;0.0
127.404;151;1098;37;40626;0.5;11.400;0.776;31;83;9;0;100;101;100;102;100;103;100;46;46;0;1.838;1.838;0.000;0.000;14.700;1.000;6.7;0.0;0;31;3.000;2.872;12.6;100;0;0;-8.8;0;0;0;0;0;98;0;0;1848;100.98;0;0;0;0;0;0;0;0;0;0;0;0;0;0;0;0;31;0;37.0;37.0;2;0;0.00;0.00;0.00;0.0;0.0
127.470;151;1083;36;38988;0.5;12.200;0.830;31;83;9;0;100;101;100;102;100;103;100;45;45;0;1.824;1.824;0.000;0.000;14.700;1.000;6.6;0.0;0;30;3.000;2.709;12.6;-80;0;0;-9.0;0;0;0;0;0;98;0;0;1848;102.38;0;0;0;0;0;0;0;0;0;0;0;0;0;0;0;0;30;0;36.0;36.0;2;0;0.00;0.00;0.00;0.0;0.0
127.535;151;1097;36;39492;0.5;12.300;0.837;31;83;9;0;100;101;100;102;100;103;100;45;45;0;1.824;1.824;0.000;0.000;14.700;1.000;6.7;0.0;0;30;3.000;2.952;12.6;-80;0;0;-9.0;0;0;0;0;0;98;0;0;1848;101.08;0;0;0;0;0;0;0;0;0;0;0;0;0;0;0;0;30;0;36.0;36.0;2;0;0.00;0.00;0.00;0.0;0.0
127.605;151;1071;37;39627;0.5;13.000;0.884;31;83;9;0;100;101;100;102;100;103;100;46;46;0;1.826;1.826;0.000;0.000;14.700;1.000;6.5;0.0;0;30;3.000;2.598;12.7;20;0;0;-8.8;0;0;0;0;0;98;0;0;1848;103.53;0;0;0;0;0;0;0;0;0;0;0;0;0;0;0;0;30;0;37.0;37.0;2;0;0.00;0.00;0.00;0.0;0.0
127.670;151;1059;37;39183;0.5;13.400;0.912;31;83;9;0;100;101;100;102;100;103;100;46;46;0;1.826;1.826;0.000;0.000;14.700;1.000;6.4;0.0;0;30;3.000;2.751;12.7;-380;0;0;-8.8;0;0;0;0;0;98;0;0;1848;104.70;0;0;0;0;0;0;0;0;0;0;0;0;0;0;0;0;30;0;37.0;37.0;2;0;0.00;0.00;0.00;0.0;0.0
127.736;151;1051;38;39938;0.5;13.000;0.884;31;83;9;0;100;101;100;102;100;103;100;47;47;0;1.849;1.849;0.000;0.000;14.700;1.000;6.5;0.0;0;30;3.000;2.934;12.7;-380;0;0;-8.7;0;0;0;0;0;98;0;0;1848;105.50;0;0;0;0;0;0;0;0;0;0;0;0;0;0;0;0;30;0;38.0;38.0;2;0;0.00;0.00;0.00;0.0;0.0
127.801;151;1042;38;39596;0.5;12.900;0.878;31;83;9;0;100;101;100;102;100;103;100;47;47;0;1.849;1.849;0.000;0.000;14.700;1.000;6.4;0.0;0;30;3.000;2.645;12.7;-80;0;0;-8.7;0;0;0;0;0;98;0;0;1848;106.41;0;0;0;0;0;0;0;0;0;0;0;0;0;0;0;0;30;0;38.0;38.0;2;0;0.00;0.00;0.00;0.0;0.0
127.801;151;1026;38;38988;0.5;13.000;0.884;31;83;9;0;100;101;100;102;100;103;100;47;47;0;1.837;1.837;0.000;0.000;14.700;1.000;6.3;0.0;0;30;3.000;2.576;12.8;-250;0;0;-8.7;0;0;0;0;0;98;0;0;1848;108.07;0;0;0;0;0;0;0;0;0;0;0;0;0;0;0;0;30;0;38.0;38.0;2;0;0.00;0.00;0.00;0.0;0.0
127.937;151;1034;38;39292;0.5;12.900;0.878;31;83;9;0;100;101;100;102;100;103;100;47;47;0;1.837;1.837;0.000;0.000;14.700;1.000;6.3;0.0;0;30;3.000;2.793;12.8;-250;0;0;-8.7;0;0;0;0;0;98;0;0;1848;107.23;0;0;0;0;0;0;0;0;0;0;0;0;0;0;0;0;30;0;38.0;38.0;2;0;0.00;0.00;0.00;0.0;0.0
128.006;151;1040;38;39520;0.5;13.100;0.891;31;83;9;0;100;101;100;102;100;103;100;47;47;0;1.837;1.837;0.000;0.000;14.700;1.000;6.4;0.0;0;30;3.000;3.061;12.8;80;0;0;-8.7;0;0;0;0;0;98;0;0;1848;106.62;0;0;0;0;0;0;0;0;0;0;0;0;0;0;0;0;30;0;38.0;38.0;2;0;0.00;0.00;0.00;0.0;0.0
128.072;151;1019;38;38722;0.5;13.100;0.891;31;83;9;0;100;101;100;102;100;103;100;46;46;0;1.830;1.830;0.000;0.000;14.700;1.000;6.2;0.0;0;30;3.000;2.587;12.8;-150;0;0;-8.7;0;0;0;0;0;98;0;0;1848;108.81;0;0;0;0;0;0;0;0;0;0;0;0;0;0;0;0;30;0;38.0;38.0;2;0;0.00;0.00;0.00;0.0;0.0
128.137;151;1003;39;39117;0.5;13.300;0.905;31;83;9;0;100;101;100;102;100;103;100;47;47;0;1.905;1.905;0.000;0.000;14.700;1.000;6.4;0.0;0;30;3.000;2.768;12.3;-150;0;0;-8.6;0;0;0;0;0;98;0;0;1848;110.55;0;0;0;0;0;0;0;0;0;0;0;0;0;0;0;0;30;0;39.0;39.0;2;0;0.00;0.00;0.00;0.0;0.0
128.203;151;985;39;38415;0.5;13.700;0.932;31;83;9;0;100;101;100;102;100;103;100;47;47;0;1.905;1.905;0.000;0.000;14.700;1.000;6.3;0.0;0;29;3.000;2.744;12.3;-160;0;0;-8.6;0;0;0;0;0;98;0;0;1848;112.57;0;0;0;0;0;0;0;0;0;0;0;0;0;0;0;0;29;0;39.0;39.0;2;0;0.00;0.00;0.00;0.0;0.0
128.268;151;968;40;38720;0.5;13.800;0.939;31;83;9;0;100;101;100;102;100;103;100;47;47;0;1.913;1.913;0.000;0.000;14.700;1.000;6.2;0.0;0;29;3.000;2.524;12.3;-210;0;0;-8.4;0;0;0;0;0;98;0;0;1848;114.55;0;0;0;0;0;0;0;0;0;0;0;0;0;0;0;0;29;0;40.0;40.0;2;0;0.00;0.00;0.00;0.0;0.0
128.338;151;976;40;39040;0.5;16.000;1.088;31;83;9;0;100;101;100;102;100;103;100;47;47;0;1.913;1.913;0.000;0.000;14.700;1.000;6.2;0.0;0;29;3.000;3.038;12.3;-210;0;0;-8.4;0;0;0;0;0;98;0;0;1848;113.61;0;0;0;0;0;0;0;0;0;0;0;0;0;0;0;0;29;0;40.0;40.0;2;0;0.00;0.00;0.00;0.0;0.0
128.338;152;982;40;39280;0.5;16.600;1.129;31;83;9;0;100;101;100;102;100;103;100;47;47;0;1.877;1.877;0.000;0.000;14.700;1.000;6.1;0.0;0;29;3.000;3.034;12.6;-10;0;0;-8.4;0;0;0;0;0;98;0;0;1849;112.97;0;0;0;0;0;0;0;0;0;0;0;0;0;0;0;0;29;0;40.0;40.0;2;0;0.00;0.00;0.00;0.0;0.0
128.473;152;1004;40;40160;0.5;19.000;1.293;31;83;9;0;100;101;100;102;100;103;100;48;48;0;1.884;1.884;0.000;0.000;14.700;1.000;6.3;0.0;0;30;3.000;3.023;12.6;150;0;0;-8.4;0;0;0;0;0;98;0;0;1849;110.50;0;0;0;0;0;0;0;0;0;0;0;0;0;0;0;0;30;0;40.0;40.0;2;0;0.00;0.00;0.00;0.0;0.0
128.539;152;1010;40;40400;0.5;18.800;1.279;31;83;9;0;100;101;100;102;100;103;100;48;48;0;1.884;1.884;0.000;0.000;14.700;1.000;6.3;0.0;0;30;3.000;2.888;12.6;150;0;0;-8.4;0;0;0;0;0;98;0;0;1849;109.84;0;0;0;0;0;0;0;0;0;0;0;0;0;0;0;0;30;0;40.0;40.0;2;0;0.00;0.00;0.00;0.0;0.0
128.604;152;1025;40;41000;0.5;18.500;1.259;31;83;9;0;100;101;100;102;100;103;100;48;48;0;1.884;1.884;0.000;0.000;14.700;1.000;6.4;0.0;0;30;3.000;3.004;12.6;200;0;0;-8.4;0;0;0;0;0;98;0;0;1849;108.23;0;0;0;0;0;0;0;0;0;0;0;0;0;0;0;0;30;0;40.0;40.0;2;0;0.00;0.00;0.00;0.0;0.0
128.670;152;1021;40;40840;0.5;19.500;1.327;31;83;9;0;100;101;100;102;100;103;100;48;48;0;1.884;1.884;0.000;0.000;14.700;1.000;6.4;0.0;0;30;3.000;2.911;12.6;50;0;0;-8.4;0;0;0;0;0;98;0;0;1849;108.66;0;0;0;0;0;0;0;0;0;0;0;0;0;0;0;0;30;0;40.0;40.0;2;0;0.00;0.00;0.00;0.0;0.0
128.735;152;1018;39;39702;0.5;18.200;1.238;31;83;9;0;100;101;100;102;100;103;100;47;47;0;1.869;1.869;0.000;0.000;14.700;1.000;6.3;0.0;0;30;3.000;2.767;12.6;50;0;0;-8.6;0;0;0;0;0;98;0;0;1849;108.98;0;0;0;0;0;0;0;0;0;0;0;0;0;0;0;0;30;0;39.0;39.0;2;0;0.00;0.00;0.00;0.0;0.0
128.735;152;1010;40;40400;0.5;17.800;1.211;31;83;9;0;100;101;100;102;100;103;100;48;48;0;1.884;1.884;0.000;0.000;14.700;1.000;6.3;0.0;0;30;3.000;2.858;12.6;-160;0;0;-8.4;0;0;0;0;0;98;0;0;1849;109.84;0;0;0;0;0;0;0;0;0;0;0;0;0;0;0;0;30;0;40.0;40.0;2;0;0.00;0.00;0.00;0.0;0.0
128.870;152;1015;39;39585;0.5;17.900;1.218;31;83;9;0;100;101;100;102;100;103;100;47;47;0;1.845;1.845;0.000;0.000;14.700;1.000;6.2;0.0;0;30;3.000;2.803;12.8;100;0;0;-8.6;0;0;0;0;0;98;0;0;1849;109.30;0;0;0;0;0;0;0;0;0;0;0;0;0;0;0;0;30;0;39.0;39.0;2;0;0.00;0.00;0.00;0.0;0.0
128.940;152;1035;39;40365;0.5;16.500;1.122;31;83;9;0;100;101;100;102;100;103;100;47;47;0;1.845;1.845;0.000;0.000;14.700;1.000;6.4;0.0;0;30;3.000;3.165;12.8;100;0;0;-8.6;0;0;0;0;0;98;0;0;1849;107.19;0;0;0;0;0;0;0;0;0;0;0;0;0;0;0;0;30;0;39.0;39.0;2;0;0.00;0.00;0.00;0.0;0.0
129.005;152;1050;39;40950;0.5;16.700;1.136;31;83;9;0;100;101;100;102;100;103;100;47;47;0;1.845;1.845;0.000;0.000;14.700;1.000;6.5;0.0;0;30;3.000;2.878;12.8;260;0;0;-8.6;0;0;0;0;0;98;0;0;1849;105.66;0;0;0;0;0;0;0;0;0;0;0;0;0;0;0;0;30;0;39.0;39.0;2;0;0.00;0.00;0.00;0.0;0.0
129.005;152;1051;38;39938;0.5;17.100;1.163;31;83;9;0;100;101;100;102;100;103;100;47;47;0;1.837;1.837;0.000;0.000;14.700;1.000;6.4;0.0;0;30;3.000;2.870;12.8;100;0;0;-8.7;0;0;0;0;0;98;0;0;1849;105.56;0;0;0;0;0;0;0;0;0;0;0;0;0;0;0;0;30;0;38.0;38.0;2;0;0.00;0.00;0.00;0.0;0.0
129.137;152;1047;38;39786;0.5;17.500;1.190;31;84;9;0;100;101;100;102;100;103;100;46;46;0;1.818;1.818;0.000;0.000;14.700;1.000;6.3;0.0;0;30;3.000;2.991;12.9;100;0;0;-8.7;0;0;0;0;0;98;0;0;1849;105.96;0;0;0;0;0;0;0;0;0;0;0;0;0;0;0;0;30;0;38.0;38.0;2;0;0.00;0.00;0.00;0.0;0.0
129.202;152;1027;38;39026;0.5;15.400;1.048;31;84;9;0;100;101;100;102;100;103;100;46;46;0;1.818;1.818;0.000;0.000;14.700;1.000;6.2;0.0;0;30;3.000;2.853;12.9;-70;0;0;-8.7;0;0;0;0;0;98;0;0;1849;108.02;0;0;0;0;0;0;0;0;0;0;0;0;0;0;0;0;30;0;38.0;38.0;2;0;0.00;0.00;0.00;0.0;0.0
129.272;152;1039;38;39482;0.5;13.700;0.932;31;84;9;0;100;101;100;102;100;103;100;47;47;0;1.825;1.825;0.000;0.000;14.700;1.000;6.3;0.0;0;30;3.000;2.892;12.9;-70;0;0;-8.7;0;0;0;0;0;98;0;0;1849;106.78;0;0;0;0;0;0;0;0;0;0;0;0;0;0;0;0;30;0;38.0;38.0;2;0;0.00;0.00;0.00;0.0;0.0
129.337;152;1033;38;39254;0.5;13.500;0.918;31;84;9;0;100;101;100;102;100;103;100;46;46;0;1.818;1.818;0.000;0.000;14.700;1.000;6.3;0.0;0;30;3.000;2.735;12.9;-50;0;0;-8.7;0;0;0;0;0;98;0;0;1849;107.40;0;0;0;0;0;0;0;0;0;0;0;0;0;0;0;0;30;0;38.0;38.0;2;0;0.00;0.00;0.00;0.0;0.0
129.409;153;1023;39;39897;0.5;14.000;0.952;31;84;9;0;100;101;100;102;100;103;100;47;47;0;1.881;1.881;0.000;0.000;14.700;1.000;6.4;0.0;0;30;3.000;2.592;12.5;-100;0;0;-8.6;0;0;0;0;0;98;0;0;1855;108.80;0;0;0;0;0;0;0;0;0;0;0;0;0;0;0;0;30;0;39.0;39.0;2;0;0.00;0.00;0.00;0.0;0.0
129.473;153;1021;39;39819;0.5;13.900;0.946;31;84;9;0;100;101;100;102;100;103;100;47;47;0;1.881;1.881;0.000;0.000;14.700;1.000;6.4;0.0;0;30;3.000;2.733;12.5;-100;0;0;-8.6;0;0;0;0;0;98;0;0;1855;109.01;0;0;0;0;0;0;0;0;0;0;0;0;0;0;0;0;30;0;39.0;39.0;2;0;0.00;0.00;0.00;0.0;0.0
129.538;153;1015;39;39585;0.5;14.100;0.959;31;84;9;0;100;101;100;102;100;103;100;47;47;0;1.881;1.881;0.000;0.000;14.700;1.000;6.4;0.0;0;30;3.000;2.661;12.5;-80;0;0;-8.6;0;0;0;0;0;98;0;0;1855;109.66;0;0;0;0;0;0;0;0;0;0;0;0;0;0;0;0;30;0;39.0;39.0;2;0;0.00;0.00;0.00;0.0;0.0
129.603;153;1000;39;39000;0.5;13.800;0.939;31;84;9;0;100;101;100;102;100;103;100;47;47;0;1.881;1.881;0.000;0.000;14.700;1.000;6.3;0.0;0;30;3.000;2.912;12.5;-220;0;0;-8.6;0;0;0;0;0;98;0;0;1855;111.30;0;0;0;0;0;0;0;0;0;0;0;0;0;0;0;0;30;0;39.0;39.0;2;0;0.00;0.00;0.00;0.0;0.0
129.673;153;1002;40;40080;0.5;14.000;0.952;31;84;9;0;100;101;100;102;100;103;100;48;48;0;1.872;1.872;0.000;0.000;14.700;1.000;6.3;0.0;0;30;3.000;2.878;12.7;-220;0;0;-8.4;0;0;0;0;0;98;0;0;1855;111.08;0;0;0;0;0;0;0;0;0;0;0;0;0;0;0;0;30;0;40.0;40.0;2;0;0.00;0.00;0.00;0.0;0.0
129.739;153;1021;40;40840;0.5;14.300;0.973;31;84;9;0;100;101;100;102;100;103;100;48;48;0;1.872;1.872;0.000;0.000;14.700;1.000;6.4;0.0;0;30;3.000;3.081;12.7;50;0;0;-8.4;0;0;0;0;0;98;0;0;1855;109.01;0;0;0;0;0;0;0;0;0;0;0;0;0;0;0;0;30;0;40.0;40.0;2;0;0.00;0.00;0.00;0.0;0.0
129.805;153;1016;39;39624;0.5;15.300;1.041;31;84;9;0;100;101;100;102;100;103;100;47;47;0;1.857;1.857;0.000;0.000;14.700;1.000;6.3;0.0;0;30;3.000;2.649;12.7;190;0;0;-8.6;0;0;0;0;0;98;0;0;1855;109.55;0;0;0;0;0;0;0;0;0;0;0;0;0;0;0;0;30;0;39.0;39.0;2;0;0.00;0.00;0.00;0.0;0.0
129.870;153;1019;39;39741;0.5;17.700;1.204;31;84;9;0;100;101;100;102;100;103;100;47;47;0;1.857;1.857;0.000;0.000;14.700;1.000;6.3;0.0;0;30;3.000;2.819;12.7;190;0;0;-8.6;0;0;0;0;0;98;0;0;1855;109.22;0;0;0;0;0;0;0;0;0;0;0;0;0;0;0;0;30;0;39.0;39.0;2;0;0.00;0.00;0.00;0.0;0.0
129.936;153;1024;39;39936;0.5;18.200;1.238;31;84;9;0;100;101;100;102;100;103;100;47;47;0;1.845;1.845;0.000;0.000;14.700;1.000;6.3;0.0;0;30;3.000;2.717;12.8;50;0;0;-8.6;0;0;0;0;0;98;0;0;1855;108.69;0;0;0;0;0;0;0;0;0;0;0;0;0;0;0;0;30;0;39.0;39.0;2;0;0.00;0.00;0.00;0.0;0.0
130.005;153;1032;39;40248;0.5;19.000;1.293;31;84;9;0;100;101;100;102;100;103;100;47;47;0;1.845;1.845;0.000;0.000;14.700;1.000;6.3;0.0;0;30;3.000;2.804;12.8;-20;0;0;-8.6;0;0;0;0;0;98;0;0;1855;107.85;0;0;0;0;0;0;0;0;0;0;0;0;0;0;0;0;30;0;39.0;39.0;2;0;0.00;0.00;0.00;0.0;0.0
130.070;153;1020;39;39780;0.5;17.700;1.204;31;84;9;0;100;101;100;102;100;103;100;47;47;0;1.845;1.845;0.000;0.000;14.700;1.000;6.3;0.0;0;30;3.000;2.776;12.8;-20;0;0;-8.6;0;0;0;0;0;98;0;0;1855;109.12;0;0;0;0;0;0;0;0;0;0;0;0;0;0;0;0;30;0;39.0;39.0;2;0;0.00;0.00;0.00;0.0;0.0
130.140;153;1040;39;40560;0.5;17.700;1.204;31;84;9;0;100;101;100;102;100;103;100;47;47;0;1.857;1.857;0.000;0.000;14.700;1.000;6.4;0.0;0;30;3.000;3.150;12.7;10;0;0;-8.6;0;0;0;0;0;98;0;0;1855;107.02;0;0;0;0;0;0;0;0;0;0;0;0;0;0;0;0;30;0;39.0;39.0;2;0;0.00;0.00;0.00;0.0;0.0
130.205;153;1029;39;40131;0.5;18.000;1.224;31;84;9;0;100;101;100;102;100;103;100;47;47;0;1.857;1.857;0.000;0.000;14.700;1.000;6.4;0.0;0;30;3.000;2.879;12.7;120;0;0;-8.6;0;0;0;0;0;98;0;0;1855;108.16;0;0;0;0;0;0;0;0;0;0;0;0;0;0;0;0;30;0;39.0;39.0;2;0;0.00;0.00;0.00;0.0;0.0
130.271;153;1019;39;39741;0.5;17.000;1.156;31;84;9;0;100;101;100;102;100;103;100;47;47;0;1.857;1.857;0.000;0.000;14.700;1.000;6.3;0.0;0;30;3.000;2.635;12.7;120;0;0;-8.6;0;0;0;0;0;98;0;0;1855;109.22;0;0;0;0;0;0;0;0;0;0;0;0;0;0;0;0;30;0;39.0;39.0;2;0;0.00;0.00;0.00;0.0;0.0
130.336;153;1041;39;40599;0.5;15.700;1.068;31;84;9;0;100;101;100;102;100;103;100;47;47;0;1.857;1.857;0.000;0.000;14.700;1.000;6.4;0.0;0;30;3.000;3.141;12.7;-60;0;0;-8.6;0;0;0;0;0;98;0;0;1855;106.92;0;0;0;0;0;0;0;0;0;0;0;0;0;0;0;0;30;0;39.0;39.0;2;0;0.00;0.00;0.00;0.0;0.0
130.402;154;1047;38;39786;0.5;15.400;1.048;31;84;9;0;100;101;100;102;100;103;100;46;46;0;1.818;1.818;0.000;0.000;14.700;1.000;6.3;0.0;0;30;3.000;2.759;12.9;80;0;0;-8.7;0;0;0;0;0;98;0;0;1856;106.36;0;0;0;0;0;0;0;0;0;0;0;0;0;0;0;0;30;0;38.0;38.0;2;0;0.00;0.00;0.00;0.0;0.0
130.468;154;1052;38;39976;0.5;16.200;1.102;31;84;9;0;100;101;100;102;100;103;100;47;47;0;1.825;1.825;0.000;0.000;14.700;1.000;6.4;0.0;0;30;3.000;2.928;12.9;80;0;0;-8.7;0;0;0;0;0;98;0;0;1856;105.86;0;0;0;0;0;0;0;0;0;0;0;0;0;0;0;0;30;0;38.0;38.0;2;0;0.00;0.00;0.00;0.0;0.0
130.537;154;1049;38;39862;0.5;16.200;1.102;31;84;9;0;100;101;100;102;100;103;100;46;46;0;1.818;1.818;0.000;0.000;14.700;1.000;6.4;0.0;0;30;3.000;2.949;12.9;-20;0;0;-8.7;0;0;0;0;0;98;0;0;1856;106.16;0;0;0;0;0;0;0;0;0;0;0;0;0;0;0;0;30;0;38.0;38.0;2;0;0.00;0.00;0.00;0.0;0.0
130.537;154;1053;38;40014;0.5;15.800;1.075;31;84;9;0;100;101;100;102;100;103;100;47;47;0;1.825;1.825;0.000;0.000;14.700;1.000;6.4;0.0;0;30;3.000;2.806;12.9;190;0;0;-8.7;0;0;0;0;0;98;0;0;1856;105.75;0;0;0;0;0;0;0;0;0;0;0;0;0;0;0;0;30;0;38.0;38.0;2;0;0.00;0.00;0.00;0.0;0.0
130.684;154;1051;38;39938;0.5;15.000;1.020;31;84;9;0;100;101;100;102;100;103;100;47;47;0;1.825;1.825;0.000;0.000;14.700;1.000;6.4;0.0;0;30;3.000;2.767;12.9;190;0;0;-8.7;0;0;0;0;0;98;0;0;1856;105.96;0;0;0;0;0;0;0;0;0;0;0;0;0;0;0;0;30;0;38.0;38.0;2;0;0.00;0.00;0.00;0.0;0.0
130.750;154;1064;38;40432;0.5;14.800;1.007;31;84;9;0;100;101;100;102;100;103;100;47;47;0;1.825;1.825;0.000;0.000;14.700;1.000;6.5;0.0;0;30;3.000;2.794;12.9;-30;0;0;-8.7;0;0;0;0;0;98;0;0;1856;104.66;0;0;0;0;0;0;0;0;0;0;0;0;0;0;0;0;30;0;38.0;38.0;2;0;0.00;0.00;0.00;0.0;0.0
130.812;154;1069;38;40622;0.5;14.500;0.986;31;84;9;0;100;101;100;102;100;103;100;47;47;0;1.825;1.825;0.000;0.000;14.700;1.000;6.5;0.0;0;30;3.000;2.853;12.9;140;0;0;-8.7;0;0;0;0;0;98;0;0;1856;104.17;0;0;0;0;0;0;0;0;0;0;0;0;0;0;0;0;30;0;38.0;38.0;2;0;0.00;0.00;0.00;0.0;0.0
130.877;154;1065;37;39405;0.5;14.000;0.952;31;84;9;0;100;101;100;102;100;103;100;46;46;0;1.802;1.802;0.000;0.000;14.700;1.000;6.4;0.0;0;30;3.000;2.910;12.9;140;0;0;-8.8;0;0;0;0;0;98;0;0;1856;104.56;0;0;0;0;0;0;0;0;0;0;0;0;0;0;0;0;30;0;37.0;37.0;2;0;0.00;0.00;0.00;0.0;0.0
130.943;154;1064;37;39368;0.5;14.500;0.986;31;84;9;0;100;101;100;102;100;103;100;46;46;0;1.802;1.802;0.000;0.000;14.700;1.000;6.4;0.0;0;30;3.000;2.984;12.9;-100;0;0;-8.8;0;0;0;0;0;98;0;0;1856;104.66;0;0;0;0;0;0;0;0;0;0;0;0;0;0;0;0;30;0;37.0;37.0;2;0;0.00;0.00;0.00;0.0;0.0
131.008;154;1049;38;39862;0.5;14.600;0.993;31;84;9;0;100;101;100;102;100;103;100;46;46;0;1.818;1.818;0.000;0.000;14.700;1.000;6.4;0.0;0;30;3.000;2.756;12.9;-100;0;0;-8.7;0;0;0;0;0;98;0;0;1856;106.16;0;0;0;0;0;0;0;0;0;0;0;0;0;0;0;0;30;0;38.0;38.0;2;0;0.00;0.00;0.00;0.0;0.0
131.074;154;1030;38;39140;0.5;14.100;0.959;31;84;9;0;100;101;100;102;100;103;100;46;46;0;1.818;1.818;0.000;0.000;14.700;1.000;6.2;0.0;0;30;3.000;2.649;12.9;-100;0;0;-8.7;0;0;0;0;0;98;0;0;1856;108.12;0;0;0;0;0;0;0;0;0;0;0;0;0;0;0;0;30;0;38.0;38.0;2;0;0.00;0.00;0.00;0.0;0.0
131.140;154;1031;38;39178;0.5;14.400;0.980;31;84;9;0;100;101;100;102;100;103;100;47;47;0;1.825;1.825;0.000;0.000;14.700;1.000;6.3;0.0;0;30;3.000;2.906;12.9;-170;0;0;-8.7;0;0;0;0;0;98;0;0;1856;108.01;0;0;0;0;0;0;0;0;0;0;0;0;0;0;0;0;30;0;38.0;38.0;2;0;0.00;0.00;0.00;0.0;0.0
131.140;154;1019;39;39741;0.5;14.800;1.007;31;84;9;0;100;101;100;102;100;103;100;47;47;0;1.821;1.821;0.000;0.000;14.700;1.000;6.2;0.0;0;30;3.000;2.548;13.0;-130;0;0;-8.6;0;0;0;0;0;98;0;0;1856;109.28;0;0;0;0;0;0;0;0;0;0;0;0;0;0;0;0;30;0;39.0;39.0;2;0;0.00;0.00;0.00;0.0;0.0
131.271;154;1010;39;39390;0.5;14.900;1.014;31;84;9;0;100;101;100;102;100;103;100;47;47;0;1.821;1.821;0.000;0.000;14.700;1.000;6.1;0.0;0;30;3.000;2.683;13.0;-130;0;0;-8.6;0;0;0;0;0;98;0;0;1856;110.26;0;0;0;0;0;0;0;0;0;0;0;0;0;0;0;0;30;0;39.0;39.0;2;0;0.00;0.00;0.00;0.0;0.0
131.336;154;1013;39;39507;0.5;14.700;1.000;31;84;9;0;100;101;100;102;100;103;100;47;47;0;1.821;1.821;0.000;0.000;14.700;1.000;6.1;0.0;0;30;3.000;2.861;13.0;-110;0;0;-8.6;0;0;0;0;0;98;0;0;1856;109.93;0;0;0;0;0;0;0;0;0;0;0;0;0;0;0;0;30;0;39.0;39.0;2;0;0.00;0.00;0.00;0.0;0.0
131.405;154;1004;39;39156;0.5;15.300;1.041;31;84;9;0;100;101;100;102;100;103;100;47;47;0;1.821;1.821;0.000;0.000;14.700;1.000;6.1;0.0;0;30;3.000;2.840;13.0;-110;0;0;-8.6;0;0;0;0;0;98;0;0;1856;110.92;0;0;0;0;0;0;0;0;0;0;0;0;0;0;0;0;30;0;39.0;39.0;2;0;0.00;0.00;0.00;0.0;0.0
131.471;155;985;40;39400;0.5;16.900;1.150;31;84;9;0;100;101;100;102;100;103;100;47;47;0;1.865;1.865;0.000;0.000;14.700;1.000;6.1;0.0;0;29;3.000;2.621;12.7;-40;0;0;-8.4;0;0;0;0;0;98;0;0;1851;112.75;0;0;0;0;0;0;0;0;0;0;0;0;0;0;0;0;29;0;40.0;40.0;2;0;0.00;0.00;0.00;0.0;0.0
131.536;155;958;40;38320;0.5;17.900;1.218;31;84;9;0;100;101;100;102;100;103;100;47;47;0;1.865;1.865;0.000;0.000;14.700;1.000;6.0;0.0;0;28;3.000;2.683;12.7;-330;0;0;-8.4;0;0;0;0;0;98;0;0;1851;115.93;0;0;0;0;0;0;0;0;0;0;0;0;0;0;0;0;28;0;40.0;40.0;2;0;0.00;0.00;0.00;0.0;0.0
131.606;155;951;41;38991;0.5;18.400;1.252;31;84;9;0;100;101;100;102;100;103;100;48;48;0;1.881;1.881;0.000;0.000;14.700;1.000;6.0;0.0;0;28;3.000;2.637;12.7;-330;0;0;-8.3;0;0;0;0;0;98;0;0;1851;116.78;0;0;0;0;0;0;0;0;0;0;0;0;0;0;0;0;28;0;41.0;41.0;2;0;0.00;0.00;0.00;0.0;0.0
131.606;155;940;41;38540;0.5;18.800;1.279;31;84;9;0;100;101;100;102;100;103;100;47;47;0;1.873;1.873;0.000;0.000;14.700;1.000;5.9;0.0;0;28;3.000;2.969;12.7;-200;0;0;-8.3;0;0;0;0;0;98;0;0;1851;118.15;0;0;0;0;0;0;0;0;0;0;0;0;0;0;0;0;28;0;41.0;41.0;2;0;0.00;0.00;0.00;0.0;0.0
131.737;155;932;42;39144;0.5;18.800;1.279;31;84;9;0;100;101;100;102;100;103;100;48;48;0;1.897;1.897;0.000;0.000;14.700;1.000;5.9;0.0;0;28;3.000;2.538;12.7;-200;0;0;-8.1;0;0;0;0;0;98;0;0;1851;119.16;0;0;0;0;0;0;0;0;0;0;0;0;0;0;0;0;28;0;42.0;42.0;2;0;0.00;0.00;0.00;0.0;0.0
131.737;155;946;41;38786;0.5;19.200;1.306;31;84;9;0;100;101;100;102;100;103;100;47;47;0;1.873;1.873;0.000;0.000;14.700;1.000;5.9;0.0;0;28;3.000;2.816;12.7;-200;0;0;-8.3;0;0;0;0;0;98;0;0;1851;117.40;0;0;0;0;0;0;0;0;0;0;0;0;0;0;0;0;28;0;41.0;41.0;2;0;0.00;0.00;0.00;0.0;0.0
131.873;155;965;42;40530;0.5;19.500;1.327;31;84;9;0;100;101;100;102;100;103;100;48;48;0;1.897;1.897;0.000;0.000;14.700;1.000;6.1;0.0;0;29;3.000;3.080;12.7;150;0;0;-8.1;0;0;0;0;0;98;0;0;1851;115.09;0;0;0;0;0;0;0;0;0;0;0;0;0;0;0;0;29;0;42.0;42.0;2;0;0.00;0.00;0.00;0.0;0.0
131.937;155;977;41;40057;0.5;19.700;1.340;31;84;9;0;100;101;100;102;100;103;100;48;48;0;1.881;1.881;0.000;0.000;14.700;1.000;6.1;0.0;0;29;3.000;2.994;12.7;310;0;0;-8.3;0;0;0;0;0;98;0;0;1851;113.67;0;0;0;0;0;0;0;0;0;0;0;0;0;0;0;0;29;0;41.0;41.0;2;0;0.00;0.00;0.00;0.0;0.0
132.003;155;987;41;40467;0.5;19.700;1.340;31;84;9;0;100;101;100;102;100;103;100;48;48;0;1.881;1.881;0.000;0.000;14.700;1.000;6.2;0.0;0;29;3.000;2.892;12.7;310;0;0;-8.3;0;0;0;0;0;98;0;0;1851;112.52;0;0;0;0;0;0;0;0;0;0;0;0;0;0;0;0;29;0;41.0;41.0;2;0;0.00;0.00;0.00;0.0;0.0
132.073;155;1002;40;40080;0.5;19.700;1.340;31;84;9;0;100;101;100;102;100;103;100;48;48;0;1.872;1.872;0.000;0.000;14.700;1.000;6.3;0.0;0;30;3.000;2.930;12.7;100;0;0;-8.4;0;0;0;0;0;98;0;0;1851;110.84;0;0;0;0;0;0;0;0;0;0;0;0;0;0;0;0;30;0;40.0;40.0;2;0;0.00;0.00;0.00;0.0;0.0
132.139;155;1014;40;40560;0.5;19.700;1.340;31;84;9;0;100;101;100;102;100;103;100;48;48;0;1.872;1.872;0.000;0.000;14.700;1.000;6.3;0.0;0;30;3.000;3.031;12.7;200;0;0;-8.4;0;0;0;0;0;98;0;0;1851;109.53;0;0;0;0;0;0;0;0;0;0;0;0;0;0;0;0;30;0;40.0;40.0;2;0;0.00;0.00;0.00;0.0;0.0
132.205;155;1020;40;40800;0.5;19.700;1.340;31;84;9;0;100;101;100;102;100;103;100;48;48;0;1.860;1.860;0.000;0.000;14.700;1.000;6.3;0.0;0;30;3.000;2.864;12.8;200;0;0;-8.4;0;0;0;0;0;98;0;0;1851;108.88;0;0;0;0;0;0;0;0;0;0;0;0;0;0;0;0;30;0;40.0;40.0;2;0;0.00;0.00;0.00;0.0;0.0
132.271;155;1024;39;39936;0.5;19.700;1.340;31;84;9;0;100;101;100;102;100;103;100;47;47;0;1.845;1.845;0.000;0.000;14.700;1.000;6.3;0.0;0;30;3.000;2.880;12.8;110;0;0;-8.6;0;0;0;0;0;98;0;0;1851;108.46;0;0;0;0;0;0;0;0;0;0;0;0;0;0;0;0;30;0;39.0;39.0;2;0;0.00;0.00;0.00;0.0;0.0
132.336;155;1027;39;40053;0.5;19.700;1.340;31;84;9;0;100;101;100;102;100;103;100;47;47;0;1.845;1.845;0.000;0.000;14.700;1.000;6.3;0.0;0;30;3.000;2.957;12.8;30;0;0;-8.6;0;0;0;0;0;98;0;0;1851;108.14;0;0;0;0;0;0;0;0;0;0;0;0;0;0;0;0;30;0;39.0;39.0;2;0;0.00;0.00;0.00;0.0;0.0
132.405;155;1033;39;40287;0.5;19.700;1.340;31;84;9;0;100;101;100;102;100;103;100;47;47;0;1.845;1.845;0.000;0.000;14.700;1.000;6.4;0.0;0;30;3.000;2.836;12.8;30;0;0;-8.6;0;0;0;0;0;98;0;0;1851;107.51;0;0;0;0;0;0;0;0;0;0;0;0;0;0;0;0;30;0;39.0;39.0;2;0;0.00;0.00;0.00;0.0;0.0
132.470;156;1036;39;40404;0.5;18.300;1.245;31;84;9;0;100;101;100;102;100;103;100;47;47;0;1.833;1.833;0.000;0.000;14.700;1.000;6.3;0.0;0;30;3.000;2.907;12.9;170;0;0;-8.6;0;0;0;0;0;98;0;0;1856;107.49;0;0;0;0;0;0;0;0;0;0;0;0;0;0;0;0;30;0;39.0;39.0;2;0;0.00;0.00;0.00;0.0;0.0
132.536;156;1039;39;40521;0.5;17.800;1.211;31;84;9;0;100;101;100;102;100;103;100;47;47;0;1.833;1.833;0.000;0.000;14.700;1.000;6.3;0.0;0;30;3.000;2.884;12.9;-50;0;0;-8.6;0;0;0;0;0;98;0;0;1856;107.18;0;0;0;0;0;0;0;0;0;0;0;0;0;0;0;0;30;0;39.0;39.0;2;0;0.00;0.00;0.00;0.0;0.0
132.605;156;1042;39;40638;0.5;17.600;1.197;31;84;9;0;100;101;100;102;100;103;100;47;47;0;1.833;1.833;0.000;0.000;14.700;1.000;6.4;0.0;0;30;3.000;2.974;12.9;-50;0;0;-8.6;0;0;0;0;0;98;0;0;1856;106.87;0;0;0;0;0;0;0;0;0;0;0;0;0;0;0;0;30;0;39.0;39.0;2;0;0.00;0.00;0.00;0.0;0.0
132.671;156;1015;39;39585;0.5;16.200;1.102;31;84;9;0;100;101;100;102;100;103;100;47;47;0;1.833;1.833;0.000;0.000;14.700;1.000;6.2;0.0;0;30;3.000;2.521;12.9;-90;0;0;-8.6;0;0;0;0;0;98;0;0;1856;109.71;0;0;0;0;0;0;0;0;0;0;0;0;0;0;0;0;30;0;39.0;39.0;2;0;0.00;0.00;0.00;0.0;0.0
132.738;156;1018;39;39702;0.5;15.700;1.068;31;84;9;0;100;101;100;102;100;103;100;47;47;0;1.917;1.917;0.000;0.000;14.700;1.000;6.5;0.0;0;30;3.000;2.946;12.2;-60;0;0;-8.6;0;0;0;0;0;98;0;0;1856;109.39;0;0;0;0;0;0;0;0;0;0;0;0;0;0;0;0;30;0;39.0;39.0;2;0;0.00;0.00;0.00;0.0;0.0
132.803;156;1014;39;39546;0.5;15.700;1.068;31;84;9;0;100;101;100;102;100;103;100;47;47;0;1.917;1.917;0.000;0.000;14.700;1.000;6.5;0.0;0;30;3.000;2.816;12.2;-60;0;0;-8.6;0;0;0;0;0;98;0;0;1856;109.82;0;0;0;0;0;0;0;0;0;0;0;0;0;0;0;0;30;0;39.0;39.0;2;0;0.00;0.00;0.00;0.0;0.0
132.872;156;1011;39;39429;0.5;14.600;0.993;31;84;9;0;100;101;100;102;100;103;100;47;47;0;1.917;1.917;0.000;0.000;14.700;1.000;6.5;0.0;0;30;3.000;2.641;12.2;20;0;0;-8.6;0;0;0;0;0;98;0;0;1856;110.15;0;0;0;0;0;0;0;0;0;0;0;0;0;0;0;0;30;0;39.0;39.0;2;0;0.00;0.00;0.00;0.0;0.0
132.937;156;1007;40;40280;0.5;14.100;0.959;31;84;9;0;100;101;100;102;100;103;100;48;48;0;1.896;1.896;0.000;0.000;14.700;1.000;6.4;0.0;0;30;3.000;2.843;12.5;-130;0;0;-8.4;0;0;0;0;0;98;0;0;1856;110.59;0;0;0;0;0;0;0;0;0;0;0;0;0;0;0;0;30;0;40.0;40.0;2;0;0.00;0.00;0.00;0.0;0.0
133.003;156;1020;39;39780;0.5;14.100;0.959;31;84;9;0;100;101;100;102;100;103;100;47;47;0;1.881;1.881;0.000;0.000;14.700;1.000;6.4;0.0;0;30;3.000;2.853;12.5;-130;0;0;-8.6;0;0;0;0;0;98;0;0;1856;109.18;0;0;0;0;0;0;0;0;0;0;0;0;0;0;0;0;30;0;39.0;39.0;2;0;0.00;0.00;0.00;0.0;0.0
133.068;156;1043;39;40677;0.5;14.100;0.959;31;84;9;0;100;101;100;102;100;103;100;47;47;0;1.881;1.881;0.000;0.000;14.700;1.000;6.5;0.0;0;30;3.000;3.225;12.5;240;0;0;-8.6;0;0;0;0;0;98;0;0;1856;106.77;0;0;0;0;0;0;0;0;0;0;0;0;0;0;0;0;30;0;39.0;39.0;2;0;0.00;0.00;0.00;0.0;0.0
133.138;156;1050;39;40950;0.5;14.300;0.973;31;84;9;0;100;101;100;102;100;103;100;47;47;0;1.881;1.881;0.000;0.000;14.700;1.000;6.6;0.0;0;30;3.000;3.026;12.5;190;0;0;-8.6;0;0;0;0;0;98;0;0;1856;106.06;0;0;0;0;0;0;0;0;0;0;0;0;0;0;0;0;30;0;39.0;39.0;2;0;0.00;0.00;0.00;0.0;0.0
133.204;156;1055;38;40090;0.5;14.400;0.980;31;84;9;0;100;101;100;102;100;103;100;47;47;0;1.837;1.837;0.000;0.000;14.700;1.000;6.5;0.0;0;30;3.000;2.985;12.8;190;0;0;-8.7;0;0;0;0;0;98;0;0;1856;105.55;0;0;0;0;0;0;0;0;0;0;0;0;0;0;0;0;30;0;38.0;38.0;2;0;0.00;0.00;0.00;0.0;0.0
133.269;156;1066;38;40508;0.5;14.700;1.000;31;84;9;0;100;101;100;102;100;103;100;47;47;0;1.837;1.837;0.000;0.000;14.700;1.000;6.5;0.0;0;30;3.000;2.985;12.8;80;0;0;-8.7;0;0;0;0;0;98;0;0;1856;104.47;0;0;0;0;0;0;0;0;0;0;0;0;0;0;0;0;30;0;38.0;38.0;2;0;0.00;0.00;0.00;0.0;0.0
133.335;156;1060;38;40280;0.5;16.400;1.116;31;84;9;0;100;101;100;102;100;103;100;47;47;0;1.837;1.837;0.000;0.000;14.700;1.000;6.5;0.0;0;30;3.000;2.697;12.8;80;0;0;-8.7;0;0;0;0;0;98;0;0;1856;105.06;0;0;0;0;0;0;0;0;0;0;0;0;0;0;0;0;30;0;38.0;38.0;2;0;0.00;0.00;0.00;0.0;0.0
133.405;156;1079;38;41002;0.5;17.400;1.184;31;84;9;0;100;101;100;102;100;103;100;47;47;0;1.837;1.837;0.000;0.000;14.700;1.000;6.6;0.0;0;30;3.000;2.925;12.8;20;0;0;-8.7;0;0;0;0;0;98;0;0;1856;103.21;0;0;0;0;0;0;0;0;0;0;0;0;0;0;0;0;30;0;38.0;38.0;2;0;0.00;0.00;0.00;0.0;0.0
133.471;157;1078;37;39886;0.5;16.600;1.129;31;84;9;0;100;101;100;102;100;103;100;46;46;0;1.814;1.814;0.000;0.000;14.700;1.000;6.5;0.0;0;30;3.000;2.886;12.8;130;0;0;-8.8;0;0;0;0;0;98;0;0;1853;103.14;0;0;0;0;0;0;0;0;0;0;0;0;0;0;0;0;30;0;37.0;37.0;2;0;0.00;0.00;0.00;0.0;0.0
133.536;157;1077;37;39849;0.5;15.000;1.020;31;84;9;0;100;101;100;102;100;103;100;46;46;0;1.814;1.814;0.000;0.000;14.700;1.000;6.5;0.0;0;30;3.000;2.757;12.8;130;0;0;-8.8;0;0;0;0;0;98;0;0;1853;103.23;0;0;0;0;0;0;0;0;0;0;0;0;0;0;0;0;30;0;37.0;37.0;2;0;0.00;0.00;0.00;0.0;0.0
133.601;157;1077;38;40926;0.5;14.000;0.952;31;84;9;0;100;101;100;102;100;103;100;47;47;0;1.837;1.837;0.000;0.000;14.700;1.000;6.6;0.0;0;31;3.000;2.824;12.8;-90;0;0;-8.7;0;0;0;0;0;98;0;0;1853;103.23;0;0;0;0;0;0;0;0;0;0;0;0;0;0;0;0;31;0;38.0;38.0;2;0;0.00;0.00;0.00;0.0;0.0
133.667;157;1075;37;39775;0.5;13.500;0.918;31;84;9;0;100;101;100;102;100;103;100;46;46;0;1.814;1.814;0.000;0.000;14.700;1.000;6.5;0.0;0;31;3.000;2.819;12.8;180;0;0;-8.8;0;0;0;0;0;98;0;0;1853;103.42;0;0;0;0;0;0;0;0;0;0;0;0;0;0;0;0;31;0;37.0;37.0;2;0;0.00;0.00;0.00;0.0;0.0
133.736;157;1074;37;39738;0.5;13.200;0.898;31;84;9;0;100;101;100;102;100;103;100;46;46;0;1.814;1.814;0.000;0.000;14.700;1.000;6.5;0.0;0;30;3.000;2.768;12.8;180;0;0;-8.8;0;0;0;0;0;98;0;0;1853;103.52;0;0;0;0;0;0;0;0;0;0;0;0;0;0;0;0;30;0;37.0;37.0;2;0;0.00;0.00;0.00;0.0;0.0
133.802;157;1058;37;39146;0.5;12.500;0.850;31;84;9;0;100;101;100;102;100;103;100;46;46;0;1.814;1.814;0.000;0.000;14.700;1.000;6.4;0.0;0;30;3.000;2.826;12.8;-80;0;0;-8.8;0;0;0;0;0;98;0;0;1853;105.09;0;0;0;0;0;0;0;0;0;0;0;0;0;0;0;0;30;0;37.0;37.0;2;0;0.00;0.00;0.00;0.0;0.0
133.869;157;1036;38;39368;0.5;13.000;0.884;31;84;9;0;100;101;100;102;100;103;100;46;46;0;1.830;1.830;0.000;0.000;14.700;1.000;6.3;0.0;0;30;3.000;2.683;12.8;-250;0;0;-8.7;0;0;0;0;0;98;0;0;1853;107.32;0;0;0;0;0;0;0;0;0;0;0;0;0;0;0;0;30;0;38.0;38.0;2;0;0.00;0.00;0.00;0.0;0.0
133.938;157;1019;39;39741;0.5;13.100;0.891;31;84;9;0;100;101;100;102;100;103;100;47;47;0;1.845;1.845;0.000;0.000;14.700;1.000;6.3;0.0;0;30;3.000;2.833;12.8;-250;0;0;-8.6;0;0;0;0;0;98;0;0;1853;109.11;0;0;0;0;0;0;0;0;0;0;0;0;0;0;0;0;30;0;39.0;39.0;2;0;0.00;0.00;0.00;0.0;0.0
134.003;157;1017;39;39663;0.5;13.600;0.925;31;84;9;0;100;101;100;102;100;103;100;47;47;0;1.845;1.845;0.000;0.000;14.700;1.000;6.3;0.0;0;30;3.000;2.943;12.8;-350;0;0;-8.6;0;0;0;0;0;98;0;0;1853;109.32;0;0;0;0;0;0;0;0;0;0;0;0;0;0;0;0;30;0;39.0;39.0;2;0;0.00;0.00;0.00;0.0;0.0
134.072;157;1023;39;39897;0.5;14.000;0.952;31;84;9;0;100;101;100;102;100;103;100;47;47;0;1.845;1.845;0.000;0.000;14.700;1.000;6.3;0.0;0;30;3.000;2.732;12.8;120;0;0;-8.6;0;0;0;0;0;98;0;0;1853;108.68;0;0;0;0;0;0;0;0;0;0;0;0;0;0;0;0;30;0;39.0;39.0;2;0;0.00;0.00;0.00;0.0;0.0
134.137;157;1005;39;39195;0.5;13.900;0.946;31;84;9;0;100;101;100;102;100;103;100;47;47;0;1.845;1.845;0.000;0.000;14.700;1.000;6.2;0.0;0;30;3.000;2.605;12.8;120;0;0;-8.6;0;0;0;0;0;98;0;0;1853;110.63;0;0;0;0;0;0;0;0;0;0;0;0;0;0;0;0;30;0;39.0;39.0;2;0;0.00;0.00;0.00;0.0;0.0
134.203;157;1005;39;39195;0.5;14.200;0.966;31;84;9;0;100;101;100;102;100;103;100;47;47;0;1.917;1.917;0.000;0.000;14.700;1.000;6.4;0.0;0;30;3.000;2.850;12.2;-170;0;0;-8.6;0;0;0;0;0;98;0;0;1853;110.63;0;0;0;0;0;0;0;0;0;0;0;0;0;0;0;0;30;0;39.0;39.0;2;0;0.00;0.00;0.00;0.0;0.0
134.270;157;1014;39;39546;0.5;14.000;0.952;31;84;9;0;100;101;100;102;100;103;100;47;47;0;1.917;1.917;0.000;0.000;14.700;1.000;6.5;0.0;0;30;3.000;2.816;12.2;50;0;0;-8.6;0;0;0;0;0;98;0;0;1853;109.64;0;0;0;0;0;0;0;0;0;0;0;0;0;0;0;0;30;0;39.0;39.0;2;0;0.00;0.00;0.00;0.0;0.0
134.339;157;1006;39;39234;0.5;16.600;1.129;31;84;9;0;100;101;100;102;100;103;100;47;47;0;1.917;1.917;0.000;0.000;14.700;1.000;6.4;0.0;0;30;3.000;2.841;12.2;50;0;0;-8.6;0;0;0;0;0;98;0;0;1853;110.52;0;0;0;0;0;0;0;0;0;0;0;0;0;0;0;0;30;0;39.0;39.0;2;0;0.00;0.00;0.00;0.0;0.0
134.404;157;1011;39;39429;0.5;18.200;1.238;31;84;9;0;100;101;100;102;100;103;100;47;47;0;1.917;1.917;0.000;0.000;14.700;1.000;6.5;0.0;0;30;3.000;3.232;12.2;-180;0;0;-8.6;0;0;0;0;0;98;0;0;1853;109.97;0;0;0;0;0;0;0;0;0;0;0;0;0;0;0;0;30;0;39.0;39.0;2;0;0.00;0.00;0.00;0.0;0.0
134.469;158;1026;39;40014;0.5;19.400;1.320;31;84;9;0;100;101;100;102;100;103;100;47;47;0;1.881;1.881;0.000;0.000;14.700;1.000;6.4;0.0;0;30;3.000;3.013;12.5;300;0;0;-8.6;0;0;0;0;0;98;0;0;1854;108.42;0;0;0;0;0;0;0;0;0;0;0;0;0;0;0;0;30;0;39.0;39.0;2;0;0.00;0.00;0.00;0.0;0.0
134.534;158;1005;39;39195;0.5;19.700;1.340;31;84;9;0;100;101;100;102;100;103;100;47;47;0;1.881;1.881;0.000;0.000;14.700;1.000;6.3;0.0;0;30;3.000;2.659;12.5;300;0;0;-8.6;0;0;0;0;0;98;0;0;1854;110.69;0;0;0;0;0;0;0;0;0;0;0;0;0;0;0;0;30;0;39.0;39.0;2;0;0.00;0.00;0.00;0.0;0.0
134.600;158;1010;39;39390;0.5;19.700;1.340;31;84;9;0;100;101;100;102;100;103;100;47;47;0;1.881;1.881;0.000;0.000;14.700;1.000;6.3;0.0;0;30;3.000;2.692;12.5;-210;0;0;-8.6;0;0;0;0;0;98;0;0;1854;110.14;0;0;0;0;0;0;0;0;0;0;0;0;0;0;0;0;30;0;39.0;39.0;2;0;0.00;0.00;0.00;0.0;0.0
134.666;158;1026;39;40014;0.5;19.700;1.340;31;84;9;0;100;101;100;102;100;103;100;47;47;0;1.881;1.881;0.000;0.000;14.700;1.000;6.4;0.0;0;30;3.000;2.999;12.5;210;0;0;-8.6;0;0;0;0;0;98;0;0;1854;108.42;0;0;0;0;0;0;0;0;0;0;0;0;0;0;0;0;30;0;39.0;39.0;2;0;0.00;0.00;0.00;0.0;0.0
134.737;158;1039;39;40521;0.5;19.700;1.340;32;84;9;0;100;101;100;102;100;103;100;47;47;0;1.869;1.869;0.000;0.000;14.700;1.000;6.5;0.0;0;30;3.000;2.962;12.6;210;0;0;-8.6;0;0;0;0;0;98;0;0;1854;107.06;0;0;0;0;0;0;0;0;0;0;0;0;0;0;0;0;30;0;39.0;39.0;2;0;0.00;0.00;0.00;0.0;0.0
134.805;158;1049;39;40911;0.5;19.700;1.340;32;84;9;0;100;101;100;102;100;103;100;48;48;0;1.876;1.876;0.000;0.000;14.700;1.000;6.6;0.0;0;30;3.000;3.090;12.6;130;0;0;-8.6;0;0;0;0;0;98;0;0;1854;106.04;0;0;0;0;0;0;0;0;0;0;0;0;0;0;0;0;30;0;39.0;39.0;2;0;0.00;0.00;0.00;0.0;0.0
134.871;158;1056;38;40128;0.5;19.700;1.340;32;84;9;0;100;101;100;102;100;103;100;47;47;0;1.861;1.861;0.000;0.000;14.700;1.000;6.6;0.0;0;30;3.000;3.152;12.6;170;0;0;-8.7;0;0;0;0;0;98;0;0;1854;105.34;0;0;0;0;0;0;0;0;0;0;0;0;0;0;0;0;30;0;38.0;38.0;2;0;0.00;0.00;0.00;0.0;0.0
134.936;158;1061;38;40318;0.5;17.500;1.190;32;84;9;0;100;101;100;102;100;103;100;47;47;0;1.861;1.861;0.000;0.000;14.700;1.000;6.6;0.0;0;30;3.000;2.984;12.6;170;0;0;-8.7;0;0;0;0;0;98;0;0;1854;104.84;0;0;0;0;0;0;0;0;0;0;0;0;0;0;0;0;30;0;38.0;38.0;2;0;0.00;0.00;0.00;0.0;0.0
135.001;158;1070;38;40660;0.5;15.900;1.082;32;84;9;0;100;101;100;102;100;103;100;47;47;0;1.849;1.849;0.000;0.000;14.700;1.000;6.6;0.0;0;30;3.000;2.965;12.7;110;0;0;-8.7;0;0;0;0;0;98;0;0;1854;103.96;0;0;0;0;0;0;0;0;0;0;0;0;0;0;0;0;30;0;38.0;38.0;2;0;0.00;0.00;0.00;0.0;0.0
135.066;158;1062;37;39294;0.5;16.400;1.116;32;84;9;0;100;101;100;102;100;103;100;46;46;0;1.826;1.826;0.000;0.000;14.700;1.000;6.5;0.0;0;30;3.000;2.606;12.7;-50;0;0;-8.8;0;0;0;0;0;98;0;0;1854;104.75;0;0;0;0;0;0;0;0;0;0;0;0;0;0;0;0;30;0;37.0;37.0;2;0;0.00;0.00;0.00;0.0;0.0
135.137;158;1080;38;41040;0.5;16.300;1.109;32;84;9;0;100;101;100;102;100;103;100;47;47;0;1.849;1.849;0.000;0.000;14.700;1.000;6.7;0.0;0;30;3.000;3.073;12.7;-50;0;0;-8.7;0;0;0;0;0;98;0;0;1854;103.00;0;0;0;0;0;0;0;0;0;0;0;0;0;0;0;0;30;0;38.0;38.0;2;0;0.00;0.00;0.00;0.0;0.0
135.204;158;1086;37;40182;0.5;14.300;0.973;32;84;9;0;100;101;100;102;100;103;100;46;46;0;1.826;1.826;0.000;0.000;14.700;1.000;6.6;0.0;0;30;3.000;3.034;12.7;150;0;0;-8.8;0;0;0;0;0;98;0;0;1854;102.43;0;0;0;0;0;0;0;0;0;0;0;0;0;0;0;0;30;0;37.0;37.0;2;0;0.00;0.00;0.00;0.0;0.0
135.272;158;1094;37;40478;0.5;13.800;0.939;32;84;9;0;100;101;100;102;100;103;100;46;46;0;1.814;1.814;0.000;0.000;14.700;1.000;6.6;0.0;0;30;3.000;3.048;12.8;170;0;0;-8.8;0;0;0;0;0;98;0;0;1854;101.68;0;0;0;0;0;0;0;0;0;0;0;0;0;0;0;0;30;0;37.0;37.0;2;0;0.00;0.00;0.00;0.0;0.0
135.338;158;1100;37;40700;0.5;13.300;0.905;32;84;9;0;100;101;100;102;100;103;100;46;46;0;1.814;1.814;0.000;0.000;14.700;1.000;6.7;0.0;0;30;3.000;2.816;12.8;170;0;0;-8.8;0;0;0;0;0;98;0;0;1854;101.13;0;0;0;0;0;0;0;0;0;0;0;0;0;0;0;0;30;0;37.0;37.0;2;0;0.00;0.00;0.00;0.0;0.0
135.403;158;1094;37;40478;0.5;13.200;0.898;32;84;9;0;100;101;100;102;100;103;100;46;46;0;1.814;1.814;0.000;0.000;14.700;1.000;6.6;0.0;0;30;3.000;2.776;12.8;80;0;0;-8.8;0;0;0;0;0;98;0;0;1854;101.68;0;0;0;0;0;0;0;0;0;0;0;0;0;0;0;0;30;0;37.0;37.0;2;0;0.00;0.00;0.00;0.0;0.0
135.468;158;1101;36;39636;0.5;13.200;0.898;32;84;9;0;100;101;100;102;100;103;100;46;46;0;1.807;1.807;0.000;0.000;14.700;1.000;6.6;0.0;0;30;3.000;2.857;12.8;80;0;0;-9.0;0;0;0;0;0;98;0;0;1854;101.04;0;0;0;0;0;0;0;0;0;0;0;0;0;0;0;0;30;0;36.0;36.0;2;0;0.00;0.00;0.00;0.0;0.0
135.533;159;1082;37;40034;0.5;13.700;0.932;32;84;9;0;100;101;100;102;100;103;100;46;46;0;1.802;1.802;0.000;0.000;14.700;1.000;6.5;0.0;0;30;3.000;2.861;12.9;-10;0;0;-8.8;0;0;0;0;0;98;0;0;1851;102.64;0;0;0;0;0;0;0;0;0;0;0;0;0;0;0;0;30;0;37.0;37.0;2;0;0.00;0.00;0.00;0.0;0.0
135.599;159;1064;37;39368;0.5;13.800;0.939;32;84;9;0;100;101;100;102;100;103;100;46;46;0;1.802;1.802;0.000;0.000;14.700;1.000;6.4;0.0;0;30;3.000;2.944;12.9;-250;0;0;-8.8;0;0;0;0;0;98;0;0;1851;104.38;0;0;0;0;0;0;0;0;0;0;0;0;0;0;0;0;30;0;37.0;37.0;2;0;0.00;0.00;0.00;0.0;0.0
135.669;159;1066;37;39442;0.5;13.900;0.946;32;84;9;0;100;101;100;102;100;103;100;46;46;0;1.802;1.802;0.000;0.000;14.700;1.000;6.4;0.0;0;30;3.000;2.721;12.9;-250;0;0;-8.8;0;0;0;0;0;98;0;0;1851;104.18;0;0;0;0;0;0;0;0;0;0;0;0;0;0;0;0;30;0;37.0;37.0;2;0;0.00;0.00;0.00;0.0;0.0
135.734;159;1053;37;38961;0.5;13.800;0.939;32;84;9;0;100;101;100;102;100;103;100;46;46;0;1.790;1.790;0.000;0.000;14.700;1.000;6.3;0.0;0;30;3.000;2.715;13.0;-100;0;0;-8.8;0;0;0;0;0;98;0;0;1851;105.47;0;0;0;0;0;0;0;0;0;0;0;0;0;0;0;0;30;0;37.0;37.0;2;0;0.00;0.00;0.00;0.0;0.0
135.801;159;1031;38;39178;0.5;14.000;0.952;32;84;9;0;100;101;100;102;100;103;100;47;47;0;1.813;1.813;0.000;0.000;14.700;1.000;6.2;0.0;0;30;3.000;2.601;13.0;-360;0;0;-8.7;0;0;0;0;0;98;0;0;1851;107.72;0;0;0;0;0;0;0;0;0;0;0;0;0;0;0;0;30;0;38.0;38.0;2;0;0.00;0.00;0.00;0.0;0.0
135.870;159;1031;38;39178;0.5;14.000;0.952;32;84;9;0;100;101;100;102;100;103;100;47;47;0;1.813;1.813;0.000;0.000;14.700;1.000;6.2;0.0;0;30;3.000;3.041;13.0;-360;0;0;-8.7;0;0;0;0;0;98;0;0;1851;107.72;0;0;0;0;0;0;0;0;0;0;0;0;0;0;0;0;30;0;38.0;38.0;2;0;0.00;0.00;0.00;0.0;0.0
135.936;159;1025;38;38950;0.5;13.900;0.946;32;84;9;0;100;101;100;102;100;103;100;46;46;0;1.806;1.806;0.000;0.000;14.700;1.000;6.2;0.0;0;30;3.000;2.554;13.0;10;0;0;-8.7;0;0;0;0;0;98;0;0;1851;108.35;0;0;0;0;0;0;0;0;0;0;0;0;0;0;0;0;30;0;38.0;38.0;2;0;0.00;0.00;0.00;0.0;0.0
136.002;159;1014;39;39546;0.5;13.800;0.939;32;84;9;0;100;101;100;102;100;103;100;47;47;0;1.821;1.821;0.000;0.000;14.700;1.000;6.2;0.0;0;30;3.000;2.951;13.0;-170;0;0;-8.6;0;0;0;0;0;98;0;0;1851;109.53;0;0;0;0;0;0;0;0;0;0;0;0;0;0;0;0;30;0;39.0;39.0;2;0;0.00;0.00;0.00;0.0;0.0
136.070;159;981;39;38259;0.5;13.900;0.946;32;84;9;0;100;101;100;102;100;103;100;47;47;0;1.821;1.821;0.000;0.000;14.700;1.000;6.0;0.0;0;30;3.000;2.518;13.0;-170;0;0;-8.6;0;0;0;0;0;98;0;0;1851;113.21;0;0;0;0;0;0;0;0;0;0;0;0;0;0;0;0;30;0;39.0;39.0;2;0;0.00;0.00;0.00;0.0;0.0
136.135;159;976;40;39040;0.5;14.100;0.959;32;84;9;0;100;101;100;102;100;103;100;47;47;0;1.829;1.829;0.000;0.000;14.700;1.000;6.0;0.0;0;29;3.000;2.869;13.0;-330;0;0;-8.4;0;0;0;0;0;98;0;0;1851;113.79;0;0;0;0;0;0;0;0;0;0;0;0;0;0;0;0;29;0;40.0;40.0;2;0;0.00;0.00;0.00;0.0;0.0
136.201;159;945;40;37800;0.5;14.400;0.980;32;84;9;0;100;101;100;102;100;103;100;47;47;0;1.829;1.829;0.000;0.000;14.700;1.000;5.8;0.0;0;28;3.000;2.235;13.0;-150;0;0;-8.4;0;0;0;0;0;98;0;0;1851;117.52;0;0;0;0;0;0;0;0;0;0;0;0;0;0;0;0;28;0;40.0;40.0;2;0;0.00;0.00;0.00;0.0;0.0
136.268;159;904;41;37064;0.5;17.700;1.204;32;84;9;0;100;101;100;102;100;103;100;47;47;0;1.837;1.837;0.000;0.000;14.700;1.000;5.5;0.0;0;27;3.000;1.771;13.0;-150;0;0;-8.3;0;0;0;0;0;98;0;0;1851;122.85;0;0;0;0;0;0;0;0;0;0;0;0;0;0;0;0;27;0;41.0;41.0;2;0;0.00;0.00;0.00;0.0;0.0
136.337;159;892;42;37464;0.5;19.300;1.313;32;84;9;0;100;101;100;102;100;103;100;47;47;0;1.853;1.853;0.000;0.000;14.700;1.000;5.5;0.0;0;27;3.000;2.732;13.0;-620;0;0;-8.1;0;0;0;0;0;98;0;0;1851;124.51;0;0;0;0;0;0;0;0;0;0;0;0;0;0;0;0;27;0;42.0;42.0;2;0;0.00;0.00;0.00;0.0;0.0
136.403;159;913;43;39259;0.5;19.700;1.340;32;84;9;0;100;101;100;102;100;103;100;48;48;0;1.869;1.869;0.000;0.000;14.700;1.000;5.7;0.0;0;28;3.000;3.337;13.0;90;0;0;-8.0;0;0;0;0;0;98;0;0;1851;121.64;0;0;0;0;0;0;0;0;0;0;0;0;0;0;0;0;28;0;43.0;43.0;2;0;0.00;0.00;0.00;0.0;0.0
136.467;159;890;43;38270;0.5;19.700;1.340;32;84;9;0;100;101;100;102;100;103;100;48;48;0;1.869;1.869;0.000;0.000;14.700;1.000;5.5;0.0;0;27;3.000;2.165;13.0;90;0;0;-8.0;0;0;0;0;0;98;0;0;1851;124.79;0;0;0;0;0;0;0;0;0;0;0;0;0;0;0;0;27;0;43.0;43.0;2;0;0.00;0.00;0.00;0.0;0.0
136.533;160;886;44;38984;0.5;19.700;1.340;32;84;9;0;100;101;100;102;100;103;100;48;48;0;1.890;1.890;0.000;0.000;14.700;1.000;5.6;0.0;0;27;3.000;2.601;12.9;-290;0;0;-7.8;0;0;0;0;0;98;0;0;1850;125.28;0;0;0;0;0;0;0;0;0;0;0;0;0;0;0;0;27;0;44.0;44.0;2;0;0.00;0.00;0.00;0.0;0.0
136.599;160;907;43;39001;0.5;19.700;1.340;32;84;9;0;100;101;100;102;100;103;100;48;48;0;1.881;1.881;0.000;0.000;14.700;1.000;5.7;0.0;0;27;3.000;2.720;12.9;230;0;0;-8.0;0;0;0;0;0;98;0;0;1850;122.38;0;0;0;0;0;0;0;0;0;0;0;0;0;0;0;0;27;0;43.0;43.0;2;0;0.00;0.00;0.00;0.0;0.0
136.670;160;907;44;39908;0.5;19.700;1.340;32;84;9;0;100;101;100;102;100;103;100;49;49;0;1.904;1.904;0.000;0.000;14.700;1.000;5.8;0.0;0;27;3.000;2.707;12.9;230;0;0;-7.8;0;0;0;0;0;98;0;0;1850;122.38;0;0;0;0;0;0;0;0;0;0;0;0;0;0;0;0;27;0;44.0;44.0;2;0;0.00;0.00;0.00;0.0;0.0
136.738;160;899;43;38657;0.5;19.700;1.340;32;84;9;0;100;101;100;102;100;103;100;48;48;0;1.881;1.881;0.000;0.000;14.700;1.000;5.6;0.0;0;27;3.000;2.491;12.9;50;0;0;-8.0;0;0;0;0;0;98;0;0;1850;123.47;0;0;0;0;0;0;0;0;0;0;0;0;0;0;0;0;27;0;43.0;43.0;2;0;0.00;0.00;0.00;0.0;0.0
136.804;160;894;44;39336;0.5;19.700;1.340;32;84;9;0;100;101;100;102;100;103;100;48;48;0;1.878;1.878;0.000;0.000;14.700;1.000;5.6;0.0;0;27;3.000;2.793;13.0;-180;0;0;-7.8;0;0;0;0;0;98;0;0;1850;124.16;0;0;0;0;0;0;0;0;0;0;0;0;0;0;0;0;27;0;44.0;44.0;2;0;0.00;0.00;0.00;0.0;0.0
136.868;160;901;43;38743;0.5;19.700;1.340;32;84;9;0;100;101;100;102;100;103;100;48;48;0;1.869;1.869;0.000;0.000;14.700;1.000;5.6;0.0;0;28;3.000;2.998;13.0;-180;0;0;-8.0;0;0;0;0;0;98;0;0;1850;123.20;0;0;0;0;0;0;0;0;0;0;0;0;0;0;0;0;28;0;43.0;43.0;2;0;0.00;0.00;0.00;0.0;0.0
136.936;160;918;44;40392;0.5;19.700;1.340;32;84;9;0;100;101;100;102;100;103;100;49;49;0;1.892;1.892;0.000;0.000;14.700;1.000;5.8;0.0;0;28;3.000;3.181;13.0;140;0;0;-7.8;0;0;0;0;0;98;0;0;1850;120.92;0;0;0;0;0;0;0;0;0;0;0;0;0;0;0;0;28;0;44.0;44.0;2;0;0.00;0.00;0.00;0.0;0.0
137.004;160;922;43;39646;0.5;19.700;1.340;32;84;9;0;100;101;100;102;100;103;100;48;48;0;1.857;1.857;0.000;0.000;14.700;1.000;5.7;0.0;0;28;3.000;2.782;13.1;140;0;0;-8.0;0;0;0;0;0;98;0;0;1850;120.39;0;0;0;0;0;0;0;0;0;0;0;0;0;0;0;0;28;0;43.0;43.0;2;0;0.00;0.00;0.00;0.0;0.0
137.070;160;950;43;40850;0.5;19.700;1.340;32;84;9;0;100;101;100;102;100;103;100;49;49;0;1.872;1.872;0.000;0.000;14.700;1.000;5.9;0.0;0;28;3.000;3.098;13.1;140;0;0;-8.0;0;0;0;0;0;98;0;0;1850;116.84;0;0;0;0;0;0;0;0;0;0;0;0;0;0;0;0;28;0;43.0;43.0;2;0;0.00;0.00;0.00;0.0;0.0
137.140;160;965;41;39565;0.5;19.700;1.340;32;84;9;0;100;101;100;102;100;103;100;48;48;0;1.833;1.833;0.000;0.000;14.700;1.000;5.9;0.0;0;29;3.000;2.918;13.1;430;0;0;-8.3;0;0;0;0;0;98;0;0;1850;115.03;0;0;0;0;0;0;0;0;0;0;0;0;0;0;0;0;29;0;41.0;41.0;2;0;0.00;0.00;0.00;0.0;0.0
137.204;160;986;41;40426;0.5;19.700;1.340;32;84;9;0;100;101;100;102;100;103;100;48;48;0;1.833;1.833;0.000;0.000;14.700;1.000;6.0;0.0;0;29;3.000;3.016;13.1;100;0;0;-8.3;0;0;0;0;0;98;0;0;1850;112.58;0;0;0;0;0;0;0;0;0;0;0;0;0;0;0;0;29;0;41.0;41.0;2;0;0.00;0.00;0.00;0.0;0.0
137.270;160;980;41;40180;0.5;19.700;1.340;32;84;9;0;100;101;100;102;100;103;100;48;48;0;1.845;1.845;0.000;0.000;14.700;1.000;6.0;0.0;0;29;3.000;2.672;13.0;100;0;0;-8.3;0;0;0;0;0;98;0;0;1850;113.27;0;0;0;0;0;0;0;0;0;0;0;0;0;0;0;0;29;0;41.0;41.0;2;0;0.00;0.00;0.00;0.0;0.0
137.336;160;992;40;39680;0.5;19.700;1.340;32;84;9;0;100;101;100;102;100;103;100;47;47;0;1.829;1.829;0.000;0.000;14.700;1.000;6.0;0.0;0;29;3.000;2.991;13.0;130;0;0;-8.4;0;0;0;0;0;98;0;0;1850;111.90;0;0;0;0;0;0;0;0;0;0;0;0;0;0;0;0;29;0;40.0;40.0;2;0;0.00;0.00;0.00;0.0;0.0
137.401;160;999;40;39960;0.5;19.700;1.340;32;84;9;0;100;101;100;102;100;103;100;47;47;0;1.829;1.829;0.000;0.000;14.700;1.000;6.1;0.0;0;29;3.000;3.049;13.0;130;0;0;-8.4;0;0;0;0;0;98;0;0;1850;111.11;0;0;0;0;0;0;0;0;0;0;0;0;0;0;0;0;29;0;40.0;40.0;2;0;0.00;0.00;0.00;0.0;0.0
137.466;160;1001;40;40040;0.5;19.700;1.340;32;84;9;0;100;101;100;102;100;103;100;48;48;0;1.836;1.836;0.000;0.000;14.700;1.000;6.1;0.0;0;30;3.000;2.903;13.0;110;0;0;-8.4;0;0;0;0;0;98;0;0;1850;110.89;0;0;0;0;0;0;0;0;0;0;0;0;0;0;0;0;30;0;40.0;40.0;2;0;0.00;0.00;0.00;0.0;0.0
137.536;161;1005;40;40200;0.5;19.700;1.340;32;84;9;0;100;101;100;102;100;103;100;48;48;0;1.848;1.848;0.000;0.000;14.700;1.000;6.2;0.0;0;30;3.000;3.269;12.9;10;0;0;-8.4;0;0;0;0;0;98;0;0;1860;111.04;0;0;0;0;0;0;0;0;0;0;0;0;0;0;0;0;30;0;40.0;40.0;2;0;0.00;0.00;0.00;0.0;0.0
137.602;161;1010;40;40400;0.5;19.700;1.340;32;84;9;0;100;101;100;102;100;103;100;48;48;0;1.848;1.848;0.000;0.000;14.700;1.000;6.2;0.0;0;30;3.000;3.006;12.9;10;0;0;-8.4;0;0;0;0;0;98;0;0;1860;110.50;0;0;0;0;0;0;0;0;0;0;0;0;0;0;0;0;30;0;40.0;40.0;2;0;0.00;0.00;0.00;0.0;0.0
137.667;161;1010;40;40400;0.5;19.700;1.340;32;84;9;0;100;101;100;102;100;103;100;48;48;0;1.848;1.848;0.000;0.000;14.700;1.000;6.2;0.0;0;30;3.000;2.808;12.9;100;0;0;-8.4;0;0;0;0;0;98;0;0;1860;110.50;0;0;0;0;0;0;0;0;0;0;0;0;0;0;0;0;30;0;40.0;40.0;2;0;0.00;0.00;0.00;0.0;0.0
137.733;161;999;40;39960;0.5;19.500;1.327;32;84;9;0;100;101;100;102;100;103;100;47;47;0;1.841;1.841;0.000;0.000;14.700;1.000;6.1;0.0;0;29;3.000;2.395;12.9;30;0;0;-8.4;0;0;0;0;0;98;0;0;1860;111.71;0;0;0;0;0;0;0;0;0;0;0;0;0;0;0;0;29;0;40.0;40.0;2;0;0.00;0.00;0.00;0.0;0.0
137.803;161;1008;40;40320;0.5;19.500;1.327;32;84;9;0;100;101;100;102;100;103;100;48;48;0;1.848;1.848;0.000;0.000;14.700;1.000;6.2;0.0;0;30;3.000;2.896;12.9;30;0;0;-8.4;0;0;0;0;0;98;0;0;1860;110.71;0;0;0;0;0;0;0;0;0;0;0;0;0;0;0;0;30;0;40.0;40.0;2;0;0.00;0.00;0.00;0.0;0.0
137.870;161;1007;39;39273;0.5;18.500;1.259;32;84;9;0;100;101;100;102;100;103;100;47;47;0;1.833;1.833;0.000;0.000;14.700;1.000;6.2;0.0;0;30;3.000;2.855;12.9;-50;0;0;-8.6;0;0;0;0;0;98;0;0;1860;110.82;0;0;0;0;0;0;0;0;0;0;0;0;0;0;0;0;30;0;39.0;39.0;2;0;0.00;0.00;0.00;0.0;0.0
137.939;161;1005;40;40200;0.5;19.100;1.299;32;84;9;0;100;101;100;102;100;103;100;48;48;0;1.848;1.848;0.000;0.000;14.700;1.000;6.2;0.0;0;30;3.000;2.802;12.9;-40;0;0;-8.4;0;0;0;0;0;98;0;0;1860;111.04;0;0;0;0;0;0;0;0;0;0;0;0;0;0;0;0;30;0;40.0;40.0;2;0;0.00;0.00;0.00;0.0;0.0
138.004;161;998;40;39920;0.5;16.600;1.129;32;84;9;0;100;101;100;102;100;103;100;47;47;0;1.841;1.841;0.000;0.000;14.700;1.000;6.1;0.0;0;29;3.000;2.893;12.9;-40;0;0;-8.4;0;0;0;0;0;98;0;0;1860;111.82;0;0;0;0;0;0;0;0;0;0;0;0;0;0;0;0;29;0;40.0;40.0;2;0;0.00;0.00;0.00;0.0;0.0
138.070;161;1002;40;40080;0.5;16.900;1.150;32;84;9;0;100;101;100;102;100;103;100;48;48;0;1.848;1.848;0.000;0.000;14.700;1.000;6.2;0.0;0;30;3.000;2.984;12.9;-40;0;0;-8.4;0;0;0;0;0;98;0;0;1860;111.38;0;0;0;0;0;0;0;0;0;0;0;0;0;0;0;0;30;0;40.0;40.0;2;0;0.00;0.00;0.00;0.0;0.0
138.136;161;1013;40;40520;0.5;16.600;1.129;32;84;9;0;100;101;100;102;100;103;100;48;48;0;1.848;1.848;0.000;0.000;14.700;1.000;6.2;0.0;0;30;3.000;3.218;12.9;90;0;0;-8.4;0;0;0;0;0;98;0;0;1860;110.17;0;0;0;0;0;0;0;0;0;0;0;0;0;0;0;0;30;0;40.0;40.0;2;0;0.00;0.00;0.00;0.0;0.0
138.204;161;994;40;39760;0.5;16.800;1.143;32;84;9;0;100;101;100;102;100;103;100;47;47;0;1.841;1.841;0.000;0.000;14.700;1.000;6.1;0.0;0;29;3.000;2.329;12.9;90;0;0;-8.4;0;0;0;0;0;98;0;0;1860;112.27;0;0;0;0;0;0;0;0;0;0;0;0;0;0;0;0;29;0;40.0;40.0;2;0;0.00;0.00;0.00;0.0;0.0
138.271;161;991;37;36667;0.5;16.800;1.143;32;85;9;0;100;101;100;101;100;102;100;45;45;0;1.793;1.793;0.000;0.000;14.700;1.000;5.9;0.0;0;29;3.000;2.884;12.9;-150;0;0;-8.8;0;0;0;0;0;98;0;0;1860;112.61;0;0;0;0;0;0;0;0;0;0;0;0;0;0;0;0;29;0;37.0;37.0;2;0;0.00;0.00;0.00;0.0;0.0
138.335;161;1003;40;40120;0.5;15.800;1.075;32;85;9;0;100;101;100;101;100;102;100;48;48;0;1.845;1.845;0.000;0.000;14.700;1.000;6.2;0.0;0;30;3.000;2.935;12.9;90;0;0;-8.4;0;0;0;0;0;98;0;0;1860;111.27;0;0;0;0;0;0;0;0;0;0;0;0;0;0;0;0;30;0;40.0;40.0;2;0;0.00;0.00;0.00;0.0;0.0
138.405;161;1012;40;40480;0.5;16.300;1.109;32;85;9;0;100;101;100;101;100;102;100;48;48;0;1.845;1.845;0.000;0.000;14.700;1.000;6.2;0.0;0;30;3.000;2.888;12.9;90;0;0;-8.4;0;0;0;0;0;98;0;0;1860;110.28;0;0;0;0;0;0;0;0;0;0;0;0;0;0;0;0;30;0;40.0;40.0;2;0;0.00;0.00;0.00;0.0;0.0
138.471;161;992;40;39680;0.5;18.300;1.245;32;85;9;0;100;101;100;101;100;102;100;47;47;0;1.838;1.838;0.000;0.000;14.700;1.000;6.1;0.0;0;29;3.000;2.713;12.9;90;0;0;-8.4;0;0;0;0;0;98;0;0;1860;112.50;0;0;0;0;0;0;0;0;0;0;0;0;0;0;0;0;29;0;40.0;40.0;2;0;0.00;0.00;0.00;0.0;0.0
138.539;162;988;40;39520;0.5;19.400;1.320;32;85;9;0;100;101;100;101;100;102;100;47;47;0;1.838;1.838;0.000;0.000;14.700;1.000;6.1;0.0;0;29;3.000;2.791;12.9;-240;0;0;-8.4;0;0;0;0;0;98;0;0;1858;112.83;0;0;0;0;0;0;0;0;0;0;0;0;0;0;0;0;29;0;40.0;40.0;2;0;0.00;0.00;0.00;0.0;0.0
138.606;162;1001;40;40040;0.5;19.400;1.320;32;85;9;0;100;101;100;101;100;102;100;48;48;0;1.845;1.845;0.000;0.000;14.700;1.000;6.2;0.0;0;30;3.000;3.277;12.9;-240;0;0;-8.4;0;0;0;0;0;98;0;0;1858;111.37;0;0;0;0;0;0;0;0;0;0;0;0;0;0;0;0;30;0;40.0;40.0;2;0;0.00;0.00;0.00;0.0;0.0
138.672;162;997;40;39880;0.5;17.900;1.218;32;85;9;0;100;101;100;101;100;102;100;47;47;0;1.838;1.838;0.000;0.000;14.700;1.000;6.1;0.0;0;29;3.000;2.953;12.9;50;0;0;-8.4;0;0;0;0;0;98;0;0;1858;111.82;0;0;0;0;0;0;0;0;0;0;0;0;0;0;0;0;29;0;40.0;40.0;2;0;0.00;0.00;0.00;0.0;0.0
138.737;162;1001;40;40040;0.5;17.900;1.218;32;85;9;0;100;101;100;101;100;102;100;48;48;0;1.845;1.845;0.000;0.000;14.700;1.000;6.2;0.0;0;30;3.000;3.003;12.9;-10;0;0;-8.4;0;0;0;0;0;98;0;0;1858;111.37;0;0;0;0;0;0;0;0;0;0;0;0;0;0;0;0;30;0;40.0;40.0;2;0;0.00;0.00;0.00;0.0;0.0
138.803;162;998;40;39920;0.5;17.800;1.211;32;85;9;0;100;101;100;101;100;102;100;47;47;0;1.838;1.838;0.000;0.000;14.700;1.000;6.1;0.0;0;29;3.000;2.478;12.9;-10;0;0;-8.4;0;0;0;0;0;98;0;0;1858;111.70;0;0;0;0;0;0;0;0;0;0;0;0;0;0;0;0;29;0;40.0;40.0;2;0;0.00;0.00;0.00;0.0;0.0
138.873;162;999;40;39960;0.5;19.200;1.306;32;85;9;0;100;101;100;101;100;102;100;47;47;0;1.838;1.838;0.000;0.000;14.700;1.000;6.1;0.0;0;29;3.000;2.638;12.9;110;0;0;-8.4;0;0;0;0;0;98;0;0;1858;111.59;0;0;0;0;0;0;0;0;0;0;0;0;0;0;0;0;29;0;40.0;40.0;2;0;0.00;0.00;0.00;0.0;0.0
138.938;162;987;40;39480;0.5;18.800;1.279;32;85;9;0;100;101;100;101;100;102;100;47;47;0;1.838;1.838;0.000;0.000;14.700;1.000;6.0;0.0;0;29;3.000;2.556;12.9;-160;0;0;-8.4;0;0;0;0;0;98;0;0;1858;112.95;0;0;0;0;0;0;0;0;0;0;0;0;0;0;0;0;29;0;40.0;40.0;2;0;0.00;0.00;0.00;0.0;0.0
139.004;162;978;40;39120;0.5;18.300;1.245;32;85;9;0;100;101;100;101;100;102;100;47;47;0;1.838;1.838;0.000;0.000;14.700;1.000;6.0;0.0;0;29;3.000;2.909;12.9;-160;0;0;-8.4;0;0;0;0;0;98;0;0;1858;113.99;0;0;0;0;0;0;0;0;0;0;0;0;0;0;0;0;29;0;40.0;40.0;2;0;0.00;0.00;0.00;0.0;0.0
139.070;162;990;40;39600;0.5;19.500;1.327;32;85;9;0;100;101;100;101;100;102;100;47;47;0;1.862;1.862;0.000;0.000;14.700;1.000;6.1;0.0;0;29;3.000;3.018;12.7;-40;0;0;-8.4;0;0;0;0;0;98;0;0;1858;112.61;0;0;0;0;0;0;0;0;0;0;0;0;0;0;0;0;29;0;40.0;40.0;2;0;0.00;0.00;0.00;0.0;0.0
139.138;162;984;40;39360;0.5;19.400;1.320;32;85;9;0;100;101;100;101;100;102;100;47;47;0;1.862;1.862;0.000;0.000;14.700;1.000;6.1;0.0;0;29;3.000;2.845;12.7;10;0;0;-8.4;0;0;0;0;0;98;0;0;1858;113.29;0;0;0;0;0;0;0;0;0;0;0;0;0;0;0;0;29;0;40.0;40.0;2;0;0.00;0.00;0.00;0.0;0.0
139.204;162;992;40;39680;0.5;19.700;1.340;32;85;9;0;100;101;100;101;100;102;100;47;47;0;1.862;1.862;0.000;0.000;14.700;1.000;6.2;0.0;0;29;3.000;3.166;12.7;10;0;0;-8.4;0;0;0;0;0;98;0;0;1858;112.38;0;0;0;0;0;0;0;0;0;0;0;0;0;0;0;0;29;0;40.0;40.0;2;0;0.00;0.00;0.00;0.0;0.0
139.271;162;996;40;39840;0.5;19.700;1.340;32;85;9;0;100;101;100;101;100;102;100;47;47;0;1.862;1.862;0.000;0.000;14.700;1.000;6.2;0.0;0;29;3.000;2.979;12.7;70;0;0;-8.4;0;0;0;0;0;98;0;0;1858;111.93;0;0;0;0;0;0;0;0;0;0;0;0;0;0;0;0;29;0;40.0;40.0;2;0;0.00;0.00;0.00;0.0;0.0
139.339;162;990;40;39600;0.5;19.700;1.340;32;85;9;0;100;101;100;101;100;102;100;47;47;0;1.862;1.862;0.000;0.000;14.700;1.000;6.1;0.0;0;29;3.000;2.812;12.7;-10;0;0;-8.4;0;0;0;0;0;98;0;0;1858;112.61;0;0;0;0;0;0;0;0;0;0;0;0;0;0;0;0;29;0;40.0;40.0;2;0;0.00;0.00;0.00;0.0;0.0
139.404;162;986;40;39440;0.5;19.700;1.340;32;85;9;0;100;101;100;101;100;102;100;47;47;0;1.862;1.862;0.000;0.000;14.700;1.000;6.1;0.0;0;29;3.000;2.960;12.7;-10;0;0;-8.4;0;0;0;0;0;98;0;0;1858;113.06;0;0;0;0;0;0;0;0;0;0;0;0;0;0;0;0;29;0;40.0;40.0;2;0;0.00;0.00;0.00;0.0;0.0
139.469;162;1004;40;40160;0.5;19.700;1.340;32;85;9;0;100;101;100;101;100;102;100;48;48;0;1.869;1.869;0.000;0.000;14.700;1.000;6.3;0.0;0;30;3.000;3.003;12.7;110;0;0;-8.4;0;0;0;0;0;98;0;0;1858;111.04;0;0;0;0;0;0;0;0;0;0;0;0;0;0;0;0;30;0;40.0;40.0;2;0;0.00;0.00;0.00;0.0;0.0
139.536;162;1009;40;40360;0.5;19.700;1.340;32;85;9;0;100;101;100;101;100;102;100;48;48;0;1.869;1.869;0.000;0.000;14.700;1.000;6.3;0.0;0;30;3.000;2.871;12.7;110;0;0;-8.4;0;0;0;0;0;98;0;0;1858;110.49;0;0;0;0;0;0;0;0;0;0;0;0;0;0;0;0;30;0;40.0;40.0;2;0;0.00;0.00;0.00;0.0;0.0
139.604;163;1020;39;39780;0.5;19.700;1.340;32;85;9;0;100;101;100;101;100;102;100;47;47;0;1.842;1.842;0.000;0.000;14.700;1.000;6.3;0.0;0;30;3.000;3.083;12.8;80;0;0;-8.6;0;0;0;0;0;98;0;0;1859;109.35;0;0;0;0;0;0;0;0;0;0;0;0;0;0;0;0;30;0;39.0;39.0;2;0;0.00;0.00;0.00;0.0;0.0
139.673;163;1027;39;40053;0.5;19.700;1.340;32;85;9;0;100;101;100;101;100;102;100;47;47;0;1.842;1.842;0.000;0.000;14.700;1.000;6.3;0.0;0;30;3.000;2.460;12.8;50;0;0;-8.6;0;0;0;0;0;98;0;0;1859;108.61;0;0;0;0;0;0;0;0;0;0;0;0;0;0;0;0;30;0;39.0;39.0;2;0;0.00;0.00;0.00;0.0;0.0
139.741;163;1036;39;40404;0.5;19.700;1.340;32;85;9;0;100;101;100;101;100;102;100;47;47;0;1.842;1.842;0.000;0.000;14.700;1.000;6.4;0.0;0;30;3.000;3.025;12.8;50;0;0;-8.6;0;0;0;0;0;98;0;0;1859;107.66;0;0;0;0;0;0;0;0;0;0;0;0;0;0;0;0;30;0;39.0;39.0;2;0;0.00;0.00;0.00;0.0;0.0
139.805;163;1022;39;39858;0.5;19.200;1.306;32;85;9;0;100;101;100;101;100;102;100;47;47;0;1.842;1.842;0.000;0.000;14.700;1.000;6.3;0.0;0;30;3.000;2.725;12.8;220;0;0;-8.6;0;0;0;0;0;98;0;0;1859;109.14;0;0;0;0;0;0;0;0;0;0;0;0;0;0;0;0;30;0;39.0;39.0;2;0;0.00;0.00;0.00;0.0;0.0
139.871;163;1019;39;39741;0.5;19.300;1.313;32;85;9;0;100;101;100;101;100;102;100;47;47;0;1.842;1.842;0.000;0.000;14.700;1.000;6.3;0.0;0;30;3.000;2.897;12.8;-170;0;0;-8.6;0;0;0;0;0;98;0;0;1859;109.46;0;0;0;0;0;0;0;0;0;0;0;0;0;0;0;0;30;0;39.0;39.0;2;0;0.00;0.00;0.00;0.0;0.0
139.937;163;1019;39;39741;0.5;18.000;1.224;32;85;9;0;100;101;100;101;100;102;100;47;47;0;1.842;1.842;0.000;0.000;14.700;1.000;6.3;0.0;0;30;3.000;2.859;12.8;-170;0;0;-8.6;0;0;0;0;0;98;0;0;1859;109.46;0;0;0;0;0;0;0;0;0;0;0;0;0;0;0;0;30;0;39.0;39.0;2;0;0.00;0.00;0.00;0.0;0.0
140.003;163;1007;39;39273;0.5;17.200;1.170;32;85;9;0;100;101;100;101;100;102;100;47;47;0;1.842;1.842;0.000;0.000;14.700;1.000;6.2;0.0;0;30;3.000;2.524;12.8;0;0;0;-8.6;0;0;0;0;0;98;0;0;1859;110.76;0;0;0;0;0;0;0;0;0;0;0;0;0;0;0;0;30;0;39.0;39.0;2;0;0.00;0.00;0.00;0.0;0.0
140.070;163;1009;39;39351;0.5;17.800;1.211;32;85;9;0;100;101;100;101;100;102;100;47;47;0;1.878;1.878;0.000;0.000;14.700;1.000;6.3;0.0;0;30;3.000;2.892;12.5;-100;0;0;-8.6;0;0;0;0;0;98;0;0;1859;110.55;0;0;0;0;0;0;0;0;0;0;0;0;0;0;0;0;30;0;39.0;39.0;2;0;0.00;0.00;0.00;0.0;0.0
140.137;163;1005;39;39195;0.5;17.900;1.218;32;85;9;0;100;101;100;101;100;102;100;47;47;0;1.878;1.878;0.000;0.000;14.700;1.000;6.3;0.0;0;30;3.000;2.707;12.5;-100;0;0;-8.6;0;0;0;0;0;98;0;0;1859;110.99;0;0;0;0;0;0;0;0;0;0;0;0;0;0;0;0;30;0;39.0;39.0;2;0;0.00;0.00;0.00;0.0;0.0
140.204;163;1017;39;39663;0.5;18.200;1.238;32;85;9;0;100;101;100;101;100;102;100;47;47;0;1.878;1.878;0.000;0.000;14.700;1.000;6.4;0.0;0;30;3.000;2.758;12.5;40;0;0;-8.6;0;0;0;0;0;98;0;0;1859;109.68;0;0;0;0;0;0;0;0;0;0;0;0;0;0;0;0;30;0;39.0;39.0;2;0;0.00;0.00;0.00;0.0;0.0
140.268;163;1029;39;40131;0.5;17.500;1.190;32;85;9;0;100;101;100;101;100;102;100;47;47;0;1.878;1.878;0.000;0.000;14.700;1.000;6.4;0.0;0;30;3.000;2.988;12.5;40;0;0;-8.6;0;0;0;0;0;98;0;0;1859;108.40;0;0;0;0;0;0;0;0;0;0;0;0;0;0;0;0;30;0;39.0;39.0;2;0;0.00;0.00;0.00;0.0;0.0
140.334;163;1041;39;40599;0.5;15.900;1.082;32;85;9;0;100;101;100;101;100;102;100;47;47;0;1.854;1.854;0.000;0.000;14.700;1.000;6.4;0.0;0;30;3.000;3.105;12.7;40;0;0;-8.6;0;0;0;0;0;98;0;0;1859;107.15;0;0;0;0;0;0;0;0;0;0;0;0;0;0;0;0;30;0;39.0;39.0;2;0;0.00;0.00;0.00;0.0;0.0
140.404;163;1048;39;40872;0.5;15.600;1.061;32;85;9;0;100;101;100;101;100;102;100;47;47;0;1.854;1.854;0.000;0.000;14.700;1.000;6.5;0.0;0;30;3.000;3.083;12.7;190;0;0;-8.6;0;0;0;0;0;98;0;0;1859;106.43;0;0;0;0;0;0;0;0;0;0;0;0;0;0;0;0;30;0;39.0;39.0;2;0;0.00;0.00;0.00;0.0;0.0
140.470;163;1033;38;39254;0.5;17.300;1.177;32;85;9;0;100;101;100;101;100;102;100;46;46;0;1.839;1.839;0.000;0.000;14.700;1.000;6.3;0.0;0;30;3.000;2.594;12.7;100;0;0;-8.7;0;0;0;0;0;98;0;0;1859;107.98;0;0;0;0;0;0;0;0;0;0;0;0;0;0;0;0;30;0;38.0;38.0;2;0;0.00;0.00;0.00;0.0;0.0
140.540;163;1046;39;40794;0.5;18.100;1.231;32;85;9;0;100;101;100;101;100;102;100;48;48;0;1.861;1.861;0.000;0.000;14.700;1.000;6.5;0.0;0;30;3.000;3.146;12.7;100;0;0;-8.6;0;0;0;0;0;98;0;0;1859;106.63;0;0;0;0;0;0;0;0;0;0;0;0;0;0;0;0;30;0;39.0;39.0;2;0;0.00;0.00;0.00;0.0;0.0
140.604;164;1054;38;40052;0.5;18.100;1.231;32;85;9;0;100;101;100;101;100;102;100;47;47;0;1.834;1.834;0.000;0.000;14.700;1.000;6.4;0.0;0;30;3.000;2.860;12.8;40;0;0;-8.7;0;0;0;0;0;98;0;0;1851;105.37;0;0;0;0;0;0;0;0;0;0;0;0;0;0;0;0;30;0;38.0;38.0;2;0;0.00;0.00;0.00;0.0;0.0
140.671;164;1065;38;40470;0.5;17.500;1.190;32;85;9;0;100;101;100;101;100;102;100;47;47;0;1.834;1.834;0.000;0.000;14.700;1.000;6.5;0.0;0;30;3.000;2.881;12.8;120;0;0;-8.7;0;0;0;0;0;98;0;0;1851;104.28;0;0;0;0;0;0;0;0;0;0;0;0;0;0;0;0;30;0;38.0;38.0;2;0;0.00;0.00;0.00;0.0;0.0
140.736;164;1056;38;40128;0.5;16.500;1.122;32;85;9;0;100;101;100;101;100;102;100;47;47;0;1.834;1.834;0.000;0.000;14.700;1.000;6.5;0.0;0;30;3.000;2.945;12.8;120;0;0;-8.7;0;0;0;0;0;98;0;0;1851;105.17;0;0;0;0;0;0;0;0;0;0;0;0;0;0;0;0;30;0;38.0;38.0;2;0;0.00;0.00;0.00;0.0;0.0
140.800;164;1033;38;39254;0.5;16.900;1.150;32;85;9;0;100;101;100;101;100;102;100;46;46;0;1.827;1.827;0.000;0.000;14.700;1.000;6.3;0.0;0;30;3.000;2.864;12.8;-150;0;0;-8.7;0;0;0;0;0;98;0;0;1851;107.51;0;0;0;0;0;0;0;0;0;0;0;0;0;0;0;0;30;0;38.0;38.0;2;0;0.00;0.00;0.00;0.0;0.0
140.871;164;1017;39;39663;0.5;16.100;1.095;32;85;9;0;100;101;100;101;100;102;100;47;47;0;1.830;1.830;0.000;0.000;14.700;1.000;6.2;0.0;0;30;3.000;2.479;12.9;-180;0;0;-8.6;0;0;0;0;0;98;0;0;1851;109.20;0;0;0;0;0;0;0;0;0;0;0;0;0;0;0;0;30;0;39.0;39.0;2;0;0.00;0.00;0.00;0.0;0.0
140.937;164;1021;38;38798;0.5;14.800;1.007;32;85;9;0;100;101;100;101;100;102;100;46;46;0;1.815;1.815;0.000;0.000;14.700;1.000;6.2;0.0;0;30;3.000;2.672;12.9;-180;0;0;-8.7;0;0;0;0;0;98;0;0;1851;108.78;0;0;0;0;0;0;0;0;0;0;0;0;0;0;0;0;30;0;38.0;38.0;2;0;0.00;0.00;0.00;0.0;0.0
141.003;164;1030;39;40170;0.5;14.000;0.952;32;85;9;0;100;101;100;101;100;102;100;47;47;0;1.830;1.830;0.000;0.000;14.700;1.000;6.3;0.0;0;30;3.000;2.864;12.9;20;0;0;-8.6;0;0;0;0;0;98;0;0;1851;107.83;0;0;0;0;0;0;0;0;0;0;0;0;0;0;0;0;30;0;39.0;39.0;2;0;0.00;0.00;0.00;0.0;0.0
141.071;164;1006;39;39234;0.5;13.900;0.946;32;85;9;0;100;101;100;101;100;102;100;47;47;0;1.866;1.866;0.000;0.000;14.700;1.000;6.3;0.0;0;30;3.000;2.461;12.6;-230;0;0;-8.6;0;0;0;0;0;98;0;0;1851;110.40;0;0;0;0;0;0;0;0;0;0;0;0;0;0;0;0;30;0;39.0;39.0;2;0;0.00;0.00;0.00;0.0;0.0
141.137;164;1006;39;39234;0.5;14.200;0.966;32;85;9;0;100;101;100;101;100;102;100;47;47;0;1.866;1.866;0.000;0.000;14.700;1.000;6.3;0.0;0;30;3.000;2.824;12.6;-230;0;0;-8.6;0;0;0;0;0;98;0;0;1851;110.40;0;0;0;0;0;0;0;0;0;0;0;0;0;0;0;0;30;0;39.0;39.0;2;0;0.00;0.00;0.00;0.0;0.0
141.203;164;993;39;38727;0.5;14.300;0.973;32;85;9;0;100;101;100;101;100;102;100;47;47;0;1.866;1.866;0.000;0.000;14.700;1.000;6.2;0.0;0;29;3.000;2.606;12.6;-110;0;0;-8.6;0;0;0;0;0;98;0;0;1851;111.84;0;0;0;0;0;0;0;0;0;0;0;0;0;0;0;0;29;0;39.0;39.0;2;0;0.00;0.00;0.00;0.0;0.0
141.270;164;986;40;39440;0.5;14.500;0.986;32;85;9;0;100;101;100;101;100;102;100;47;47;0;1.874;1.874;0.000;0.000;14.700;1.000;6.2;0.0;0;29;3.000;2.822;12.6;-110;0;0;-8.4;0;0;0;0;0;98;0;0;1851;112.64;0;0;0;0;0;0;0;0;0;0;0;0;0;0;0;0;29;0;40.0;40.0;2;0;0.00;0.00;0.00;0.0;0.0
141.338;164;995;40;39800;0.5;15.900;1.082;32;85;9;0;100;101;100;101;100;102;100;47;47;0;1.850;1.850;0.000;0.000;14.700;1.000;6.1;0.0;0;29;3.000;3.161;12.8;-110;0;0;-8.4;0;0;0;0;0;98;0;0;1851;111.62;0;0;0;0;0;0;0;0;0;0;0;0;0;0;0;0;29;0;40.0;40.0;2;0;0.00;0.00;0.00;0.0;0.0
141.402;164;982;40;39280;0.5;18.400;1.252;32;85;9;0;100;101;100;101;100;102;100;47;47;0;1.850;1.850;0.000;0.000;14.700;1.000;6.1;0.0;0;29;3.000;2.875;12.8;80;0;0;-8.4;0;0;0;0;0;98;0;0;1851;113.10;0;0;0;0;0;0;0;0;0;0;0;0;0;0;0;0;29;0;40.0;40.0;2;0;0.00;0.00;0.00;0.0;0.0
141.469;164;961;41;39401;0.5;19.400;1.320;32;85;9;0;100;101;100;101;100;102;100;48;48;0;1.865;1.865;0.000;0.000;14.700;1.000;6.0;0.0;0;29;3.000;2.852;12.8;-330;0;0;-8.3;0;0;0;0;0;98;0;0;1851;115.57;0;0;0;0;0;0;0;0;0;0;0;0;0;0;0;0;29;0;41.0;41.0;2;0;0.00;0.00;0.00;0.0;0.0
141.533;164;941;41;38581;0.5;19.500;1.327;32;85;9;0;100;101;100;101;100;102;100;47;47;0;1.858;1.858;0.000;0.000;14.700;1.000;5.8;0.0;0;28;3.000;2.434;12.8;-330;0;0;-8.3;0;0;0;0;0;98;0;0;1851;118.02;0;0;0;0;0;0;0;0;0;0;0;0;0;0;0;0;28;0;41.0;41.0;2;0;0.00;0.00;0.00;0.0;0.0
141.601;165;938;42;39396;0.5;19.700;1.340;32;85;9;0;100;101;100;101;100;102;100;48;48;0;1.882;1.882;0.000;0.000;14.700;1.000;5.9;0.0;0;28;3.000;2.838;12.8;-220;0;0;-8.1;0;0;0;0;0;98;0;0;1855;118.66;0;0;0;0;0;0;0;0;0;0;0;0;0;0;0;0;28;0;42.0;42.0;2;0;0.00;0.00;0.00;0.0;0.0
141.670;165;916;42;38472;0.5;19.700;1.340;32;85;9;0;100;101;100;101;100;102;100;48;48;0;1.882;1.882;0.000;0.000;14.700;1.000;5.7;0.0;0;27;3.000;2.040;12.8;-220;0;0;-8.1;0;0;0;0;0;98;0;0;1855;121.51;0;0;0;0;0;0;0;0;0;0;0;0;0;0;0;0;27;0;42.0;42.0;2;0;0.00;0.00;0.00;0.0;0.0
141.735;165;903;43;38829;0.5;19.700;1.340;32;85;9;0;100;101;100;101;100;102;100;48;48;0;1.890;1.890;0.000;0.000;14.700;1.000;5.7;0.0;0;27;3.000;2.695;12.8;-230;0;0;-8.0;0;0;0;0;0;98;0;0;1855;123.26;0;0;0;0;0;0;0;0;0;0;0;0;0;0;0;0;27;0;43.0;43.0;2;0;0.00;0.00;0.00;0.0;0.0
141.800;165;913;43;39259;0.5;19.700;1.340;32;85;9;0;100;101;100;101;100;102;100;48;48;0;1.890;1.890;0.000;0.000;14.700;1.000;5.8;0.0;0;28;3.000;3.052;12.8;-50;0;0;-8.0;0;0;0;0;0;98;0;0;1855;121.91;0;0;0;0;0;0;0;0;0;0;0;0;0;0;0;0;28;0;43.0;43.0;2;0;0.00;0.00;0.00;0.0;0.0
141.870;165;911;43;39173;0.5;19.700;1.340;32;85;9;0;100;101;100;101;100;102;100;48;48;0;1.890;1.890;0.000;0.000;14.700;1.000;5.7;0.0;0;27;3.000;2.499;12.8;-50;0;0;-8.0;0;0;0;0;0;98;0;0;1855;122.17;0;0;0;0;0;0;0;0;0;0;0;0;0;0;0;0;27;0;43.0;43.0;2;0;0.00;0.00;0.00;0.0;0.0
141.936;165;912;43;39216;0.5;19.700;1.340;32;85;9;0;100;101;100;101;100;102;100;49;49;0;1.904;1.904;0.000;0.000;14.700;1.000;5.8;0.0;0;27;3.000;2.466;12.8;0;0;0;-8.0;0;0;0;0;0;98;0;0;1855;122.04;0;0;0;0;0;0;0;0;0;0;0;0;0;0;0;0;27;0;43.0;43.0;2;0;0.00;0.00;0.00;0.0;0.0
142.005;165;929;43;39947;0.5;19.700;1.340;32;85;9;0;100;101;100;101;100;102;100;49;49;0;1.904;1.904;0.000;0.000;14.700;1.000;5.9;0.0;0;28;3.000;3.219;12.8;100;0;0;-8.0;0;0;0;0;0;98;0;0;1855;119.81;0;0;0;0;0;0;0;0;0;0;0;0;0;0;0;0;28;0;43.0;43.0;2;0;0.00;0.00;0.00;0.0;0.0
142.071;165;932;42;39144;0.5;19.700;1.340;32;85;9;0;100;101;100;101;100;102;100;48;48;0;1.882;1.882;0.000;0.000;14.700;1.000;5.8;0.0;0;28;3.000;2.751;12.8;100;0;0;-8.1;0;0;0;0;0;98;0;0;1855;119.42;0;0;0;0;0;0;0;0;0;0;0;0;0;0;0;0;28;0;42.0;42.0;2;0;0.00;0.00;0.00;0.0;0.0
142.136;165;938;43;40334;0.5;19.700;1.340;32;85;9;0;100;101;100;101;100;102;100;48;48;0;1.890;1.890;0.000;0.000;14.700;1.000;5.9;0.0;0;28;3.000;2.867;12.8;160;0;0;-8.0;0;0;0;0;0;98;0;0;1855;118.66;0;0;0;0;0;0;0;0;0;0;0;0;0;0;0;0;28;0;43.0;43.0;2;0;0.00;0.00;0.00;0.0;0.0
142.201;165;935;42;39270;0.5;19.700;1.340;32;85;9;0;100;101;100;101;100;102;100;48;48;0;1.882;1.882;0.000;0.000;14.700;1.000;5.9;0.0;0;28;3.000;2.834;12.8;-20;0;0;-8.1;0;0;0;0;0;98;0;0;1855;119.04;0;0;0;0;0;0;0;0;0;0;0;0;0;0;0;0;28;0;42.0;42.0;2;0;0.00;0.00;0.00;0.0;0.0
142.274;165;945;42;39690;0.5;19.700;1.340;32;85;9;0;100;101;100;101;100;102;100;48;48;0;1.882;1.882;0.000;0.000;14.700;1.000;5.9;0.0;0;28;3.000;2.864;12.8;-20;0;0;-8.1;0;0;0;0;0;98;0;0;1855;117.78;0;0;0;0;0;0;0;0;0;0;0;0;0;0;0;0;28;0;42.0;42.0;2;0;0.00;0.00;0.00;0.0;0.0
142.343;165;946;42;39732;0.5;19.700;1.340;32;85;9;0;100;101;100;101;100;102;100;48;48;0;1.882;1.882;0.000;0.000;14.700;1.000;5.9;0.0;0;28;3.000;2.721;12.8;100;0;0;-8.1;0;0;0;0;0;98;0;0;1855;117.65;0;0;0;0;0;0;0;0;0;0;0;0;0;0;0;0;28;0;42.0;42.0;2;0;0.00;0.00;0.00;0.0;0.0
142.408;165;955;42;40110;0.5;19.700;1.340;32;85;9;0;100;101;100;101;100;102;100;48;48;0;1.882;1.882;0.000;0.000;14.700;1.000;6.0;0.0;0;28;3.000;2.800;12.8;100;0;0;-8.1;0;0;0;0;0;98;0;0;1855;116.54;0;0;0;0;0;0;0;0;0;0;0;0;0;0;0;0;28;0;42.0;42.0;2;0;0.00;0.00;0.00;0.0;0.0
142.472;165;941;42;39522;0.5;19.700;1.340;32;85;9;0;100;101;100;101;100;102;100;48;48;0;1.882;1.882;0.000;0.000;14.700;1.000;5.9;0.0;0;28;3.000;2.769;12.8;100;0;0;-8.1;0;0;0;0;0;98;0;0;1855;118.28;0;0;0;0;0;0;0;0;0;0;0;0;0;0;0;0;28;0;42.0;42.0;2;0;0.00;0.00;0.00;0.0;0.0
142.538;165;951;42;39942;0.5;19.700;1.340;32;85;9;0;100;101;100;101;100;102;100;48;48;0;1.882;1.882;0.000;0.000;14.700;1.000;6.0;0.0;0;28;3.000;2.972;12.8;-140;0;0;-8.1;0;0;0;0;0;98;0;0;1855;117.03;0;0;0;0;0;0;0;0;0;0;0;0;0;0;0;0;28;0;42.0;42.0;2;0;0.00;0.00;0.00;0.0;0.0
142.603;166;958;41;39278;0.5;19.700;1.340;32;85;9;0;100;101;100;101;100;102;100;48;48;0;1.853;1.853;0.000;0.000;14.700;1.000;5.9;0.0;0;28;3.000;3.125;12.9;170;0;0;-8.3;0;0;0;0;0;98;0;0;1859;116.43;0;0;0;0;0;0;0;0;0;0;0;0;0;0;0;0;28;0;41.0;41.0;2;0;0.00;0.00;0.00;0.0;0.0
142.669;166;963;41;39483;0.5;19.700;1.340;32;85;9;0;100;101;100;101;100;102;100;48;48;0;1.853;1.853;0.000;0.000;14.700;1.000;5.9;0.0;0;29;3.000;2.839;12.9;170;0;0;-8.3;0;0;0;0;0;98;0;0;1859;115.83;0;0;0;0;0;0;0;0;0;0;0;0;0;0;0;0;29;0;41.0;41.0;2;0;0.00;0.00;0.00;0.0;0.0
142.739;166;956;41;39196;0.5;19.700;1.340;32;85;9;0;100;101;100;101;100;102;100;48;48;0;1.853;1.853;0.000;0.000;14.700;1.000;5.9;0.0;0;28;3.000;2.851;12.9;-60;0;0;-8.3;0;0;0;0;0;98;0;0;1859;116.67;0;0;0;0;0;0;0;0;0;0;0;0;0;0;0;0;28;0;41.0;41.0;2;0;0.00;0.00;0.00;0.0;0.0
142.806;166;945;41;38745;0.5;19.700;1.340;32;85;9;0;100;101;100;101;100;102;100;47;47;0;1.846;1.846;0.000;0.000;14.700;1.000;5.8;0.0;0;28;3.000;2.605;12.9;60;0;0;-8.3;0;0;0;0;0;98;0;0;1859;118.03;0;0;0;0;0;0;0;0;0;0;0;0;0;0;0;0;28;0;41.0;41.0;2;0;0.00;0.00;0.00;0.0;0.0
142.874;166;931;42;39102;0.5;19.700;1.340;32;85;9;0;100;101;100;101;100;102;100;48;48;0;1.870;1.870;0.000;0.000;14.700;1.000;5.8;0.0;0;28;3.000;2.688;12.9;60;0;0;-8.1;0;0;0;0;0;98;0;0;1859;119.81;0;0;0;0;0;0;0;0;0;0;0;0;0;0;0;0;28;0;42.0;42.0;2;0;0.00;0.00;0.00;0.0;0.0
142.940;166;930;42;39060;0.5;19.700;1.340;32;85;9;0;100;101;100;101;100;102;100;48;48;0;1.870;1.870;0.000;0.000;14.700;1.000;5.8;0.0;0;28;3.000;2.914;12.9;-270;0;0;-8.1;0;0;0;0;0;98;0;0;1859;119.94;0;0;0;0;0;0;0;0;0;0;0;0;0;0;0;0;28;0;42.0;42.0;2;0;0.00;0.00;0.00;0.0;0.0
143.004;166;928;43;39904;0.5;19.700;1.340;32;85;9;0;100;101;100;101;100;102;100;49;49;0;1.892;1.892;0.000;0.000;14.700;1.000;5.9;0.0;0;28;3.000;2.959;12.9;20;0;0;-8.0;0;0;0;0;0;98;0;0;1859;120.19;0;0;0;0;0;0;0;0;0;0;0;0;0;0;0;0;28;0;43.0;43.0;2;0;0.00;0.00;0.00;0.0;0.0
143.072;166;924;42;38808;0.5;19.700;1.340;32;85;9;0;100;101;100;101;100;102;100;48;48;0;1.870;1.870;0.000;0.000;14.700;1.000;5.8;0.0;0;28;3.000;3.097;12.9;20;0;0;-8.1;0;0;0;0;0;98;0;0;1859;120.71;0;0;0;0;0;0;0;0;0;0;0;0;0;0;0;0;28;0;42.0;42.0;2;0;0.00;0.00;0.00;0.0;0.0
143.138;166;911;43;39173;0.5;19.700;1.340;32;85;9;0;100;101;100;101;100;102;100;48;48;0;1.878;1.878;0.000;0.000;14.700;1.000;5.7;0.0;0;27;3.000;2.426;12.9;-160;0;0;-8.0;0;0;0;0;0;98;0;0;1859;122.44;0;0;0;0;0;0;0;0;0;0;0;0;0;0;0;0;27;0;43.0;43.0;2;0;0.00;0.00;0.00;0.0;0.0
143.207;166;904;43;38872;0.5;19.700;1.340;32;85;9;0;100;101;100;101;100;102;100;48;48;0;1.878;1.878;0.000;0.000;14.700;1.000;5.7;0.0;0;27;3.000;2.396;12.9;-130;0;0;-8.0;0;0;0;0;0;98;0;0;1859;123.38;0;0;0;0;0;0;0;0;0;0;0;0;0;0;0;0;27;0;43.0;43.0;2;0;0.00;0.00;0.00;0.0;0.0
143.273;166;908;43;39044;0.5;19.700;1.340;32;85;9;0;100;101;100;101;100;102;100;48;48;0;1.878;1.878;0.000;0.000;14.700;1.000;5.7;0.0;0;27;3.000;2.739;12.9;-130;0;0;-8.0;0;0;0;0;0;98;0;0;1859;122.84;0;0;0;0;0;0;0;0;0;0;0;0;0;0;0;0;27;0;43.0;43.0;2;0;0.00;0.00;0.00;0.0;0.0
143.338;166;874;43;37582;0.5;19.700;1.340;32;85;9;0;100;101;100;101;100;102;100;48;48;0;1.878;1.878;0.000;0.000;14.700;1.000;5.5;0.0;0;27;3.000;1.965;12.9;-60;0;0;-8.0;0;0;0;0;0;98;0;0;1859;127.62;0;0;0;0;0;0;0;0;0;0;0;0;0;0;0;0;27;0;43.0;43.0;2;0;0.00;0.00;0.00;0.0;0.0
143.408;166;865;44;38060;0.5;19.700;1.340;32;85;9;0;100;101;100;101;100;102;100;48;48;0;1.886;1.886;0.000;0.000;14.700;1.000;5.4;0.0;0;26;3.000;2.613;12.9;-330;0;0;-7.8;0;0;0;0;0;98;0;0;1859;128.95;0;0;0;0;0;0;0;0;0;0;0;0;0;0;0;0;26;0;44.0;44.0;2;0;0.00;0.00;0.00;0.0;0.0
143.473;166;872;44;38368;0.5;19.700;1.340;32;85;9;0;100;101;100;101;100;102;100;48;48;0;1.886;1.886;0.000;0.000;14.700;1.000;5.5;0.0;0;26;3.000;3.366;12.9;-330;0;0;-7.8;0;0;0;0;0;98;0;0;1859;127.91;0;0;0;0;0;0;0;0;0;0;0;0;0;0;0;0;26;0;44.0;44.0;2;0;0.00;0.00;0.00;0.0;0.0
143.537;166;866;45;38970;0.5;19.700;1.340;32;85;9;0;100;101;100;101;100;102;100;49;49;0;1.918;1.918;0.000;0.000;14.700;1.000;5.5;0.0;0;26;3.000;2.776;12.9;10;0;0;-7.7;0;0;0;0;0;98;0;0;1859;128.80;0;0;0;0;0;0;0;0;0;0;0;0;0;0;0;0;26;0;45.0;45.0;2;0;0.00;0.00;0.00;0.0;0.0
143.604;167;862;45;38790;0.5;19.700;1.340;32;85;9;0;100;101;100;101;100;102;100;48;48;0;1.914;1.914;0.000;0.000;14.700;1.000;5.5;0.0;0;26;3.000;2.965;12.8;20;0;0;-7.7;0;0;0;0;0;98;0;0;1861;129.54;0;0;0;0;0;0;0;0;0;0;0;0;0;0;0;0;26;0;45.0;45.0;2;0;0.00;0.00;0.00;0.0;0.0
143.673;167;872;45;39240;0.5;19.700;1.340;32;85;9;0;100;101;100;101;100;102;100;49;49;0;1.930;1.930;0.000;0.000;14.700;1.000;5.6;0.0;0;26;3.000;3.153;12.8;20;0;0;-7.7;0;0;0;0;0;98;0;0;1861;128.05;0;0;0;0;0;0;0;0;0;0;0;0;0;0;0;0;26;0;45.0;45.0;2;0;0.00;0.00;0.00;0.0;0.0
143.738;167;881;45;39645;0.5;19.700;1.340;32;85;9;0;100;101;100;101;100;102;100;49;49;0;1.930;1.930;0.000;0.000;14.700;1.000;5.7;0.0;0;27;3.000;3.258;12.8;50;0;0;-7.7;0;0;0;0;0;98;0;0;1861;126.74;0;0;0;0;0;0;0;0;0;0;0;0;0;0;0;0;27;0;45.0;45.0;2;0;0.00;0.00;0.00;0.0;0.0
143.804;167;856;45;38520;0.5;19.700;1.340;32;85;9;0;100;101;100;101;100;102;100;48;48;0;1.914;1.914;0.000;0.000;14.700;1.000;5.5;0.0;0;26;3.000;2.386;12.8;50;0;0;-7.7;0;0;0;0;0;98;0;0;1861;130.44;0;0;0;0;0;0;0;0;0;0;0;0;0;0;0;0;26;0;45.0;45.0;2;0;0.00;0.00;0.00;0.0;0.0
143.869;167;868;45;39060;0.5;19.700;1.340;32;85;9;0;100;101;100;101;100;102;100;49;49;0;1.918;1.918;0.000;0.000;14.700;1.000;5.5;0.0;0;26;3.000;3.210;12.9;-170;0;0;-7.7;0;0;0;0;0;98;0;0;1861;128.64;0;0;0;0;0;0;0;0;0;0;0;0;0;0;0;0;26;0;45.0;45.0;2;0;0.00;0.00;0.00;0.0;0.0
143.935;167;881;45;39645;0.5;19.700;1.340;32;85;9;0;100;101;100;101;100;102;100;49;49;0;1.918;1.918;0.000;0.000;14.700;1.000;5.6;0.0;0;27;3.000;3.261;12.9;160;0;0;-7.7;0;0;0;0;0;98;0;0;1861;126.74;0;0;0;0;0;0;0;0;0;0;0;0;0;0;0;0;27;0;45.0;45.0;2;0;0.00;0.00;0.00;0.0;0.0
144.005;167;878;45;39510;0.5;19.700;1.340;32;85;9;0;100;101;100;101;100;102;100;49;49;0;1.918;1.918;0.000;0.000;14.700;1.000;5.6;0.0;0;27;3.000;2.930;12.9;160;0;0;-7.7;0;0;0;0;0;98;0;0;1861;127.18;0;0;0;0;0;0;0;0;0;0;0;0;0;0;0;0;27;0;45.0;45.0;2;0;0.00;0.00;0.00;0.0;0.0
144.070;167;886;45;39870;0.5;19.700;1.340;32;85;9;0;100;101;100;101;100;102;100;49;49;0;1.918;1.918;0.000;0.000;14.700;1.000;5.7;0.0;0;27;3.000;3.459;12.9;60;0;0;-7.7;0;0;0;0;0;98;0;0;1861;126.03;0;0;0;0;0;0;0;0;0;0;0;0;0;0;0;0;27;0;45.0;45.0;2;0;0.00;0.00;0.00;0.0;0.0
144.134;167;913;44;40172;0.5;19.700;1.340;32;85;9;0;100;101;100;101;100;102;100;49;49;0;1.912;1.912;0.000;0.000;14.700;1.000;5.8;0.0;0;27;3.000;3.084;12.8;260;0;0;-7.8;0;0;0;0;0;98;0;0;1861;122.30;0;0;0;0;0;0;0;0;0;0;0;0;0;0;0;0;27;0;44.0;44.0;2;0;0.00;0.00;0.00;0.0;0.0
144.205;167;920;44;40480;0.5;19.700;1.340;32;85;9;0;100;101;100;101;100;102;100;49;49;0;1.912;1.912;0.000;0.000;14.700;1.000;5.9;0.0;0;28;3.000;3.254;12.8;260;0;0;-7.8;0;0;0;0;0;98;0;0;1861;121.37;0;0;0;0;0;0;0;0;0;0;0;0;0;0;0;0;28;0;44.0;44.0;2;0;0.00;0.00;0.00;0.0;0.0
144.270;167;941;43;40463;0.5;19.700;1.340;32;85;9;0;100;101;100;101;100;102;100;48;48;0;1.890;1.890;0.000;0.000;14.700;1.000;5.9;0.0;0;29;3.000;3.418;12.8;160;0;0;-8.0;0;0;0;0;0;98;0;0;1861;118.66;0;0;0;0;0;0;0;0;0;0;0;0;0;0;0;0;29;0;43.0;43.0;2;0;0.00;0.00;0.00;0.0;0.0
144.336;167;940;42;39480;0.5;19.700;1.340;32;85;9;0;100;101;100;101;100;102;100;48;48;0;1.882;1.882;0.000;0.000;14.700;1.000;5.9;0.0;0;28;3.000;2.971;12.8;200;0;0;-8.1;0;0;0;0;0;98;0;0;1861;118.79;0;0;0;0;0;0;0;0;0;0;0;0;0;0;0;0;28;0;42.0;42.0;2;0;0.00;0.00;0.00;0.0;0.0
144.401;167;962;42;40404;0.5;19.700;1.340;32;85;9;0;100;101;100;101;100;102;100;48;48;0;1.882;1.882;0.000;0.000;14.700;1.000;6.0;0.0;0;29;3.000;3.124;12.8;200;0;0;-8.1;0;0;0;0;0;98;0;0;1861;116.07;0;0;0;0;0;0;0;0;0;0;0;0;0;0;0;0;29;0;42.0;42.0;2;0;0.00;0.00;0.00;0.0;0.0
144.471;167;962;42;40404;0.5;19.600;1.333;32;85;9;0;100;101;100;101;100;102;100;48;48;0;1.882;1.882;0.000;0.000;14.700;1.000;6.0;0.0;0;29;3.000;2.987;12.8;160;0;0;-8.1;0;0;0;0;0;98;0;0;1861;116.07;0;0;0;0;0;0;0;0;0;0;0;0;0;0;0;0;29;0;42.0;42.0;2;0;0.00;0.00;0.00;0.0;0.0
144.537;167;967;41;39647;0.5;19.700;1.340;32;85;9;0;100;101;100;101;100;102;100;48;48;0;1.865;1.865;0.000;0.000;14.700;1.000;6.0;0.0;0;29;3.000;2.925;12.8;130;0;0;-8.3;0;0;0;0;0;98;0;0;1861;115.47;0;0;0;0;0;0;0;0;0;0;0;0;0;0;0;0;29;0;41.0;41.0;2;0;0.00;0.00;0.00;0.0;0.0
144.601;167;973;41;39893;0.5;19.700;1.340;32;85;9;0;100;101;100;101;100;102;100;48;48;0;1.865;1.865;0.000;0.000;14.700;1.000;6.0;0.0;0;29;3.000;2.822;12.8;130;0;0;-8.3;0;0;0;0;0;98;0;0;1861;114.76;0;0;0;0;0;0;0;0;0;0;0;0;0;0;0;0;29;0;41.0;41.0;2;0;0.00;0.00;0.00;0.0;0.0
144.672;168;961;41;39401;0.5;19.700;1.340;32;85;9;0;100;101;100;101;100;102;100;48;48;0;1.937;1.937;0.000;0.000;14.700;1.000;6.2;0.0;0;29;3.000;2.513;12.2;40;0;0;-8.3;0;0;0;0;0;98;0;0;1853;115.69;0;0;0;0;0;0;0;0;0;0;0;0;0;0;0;0;29;0;41.0;41.0;2;0;0.00;0.00;0.00;0.0;0.0
144.737;168;966;41;39606;0.5;19.700;1.340;32;85;9;0;100;101;100;101;100;102;100;48;48;0;1.937;1.937;0.000;0.000;14.700;1.000;6.2;0.0;0;29;3.000;2.704;12.2;-70;0;0;-8.3;0;0;0;0;0;98;0;0;1853;115.09;0;0;0;0;0;0;0;0;0;0;0;0;0;0;0;0;29;0;41.0;41.0;2;0;0.00;0.00;0.00;0.0;0.0
144.802;168;968;41;39688;0.5;19.700;1.340;32;85;9;0;100;101;100;101;100;102;100;48;48;0;1.937;1.937;0.000;0.000;14.700;1.000;6.3;0.0;0;29;3.000;2.762;12.2;-70;0;0;-8.3;0;0;0;0;0;98;0;0;1853;114.86;0;0;0;0;0;0;0;0;0;0;0;0;0;0;0;0;29;0;41.0;41.0;2;0;0.00;0.00;0.00;0.0;0.0
144.868;168;997;41;40877;0.5;19.700;1.340;32;85;9;0;100;101;100;101;100;102;100;48;48;0;1.937;1.937;0.000;0.000;14.700;1.000;6.4;0.0;0;29;3.000;3.072;12.2;140;0;0;-8.3;0;0;0;0;0;98;0;0;1853;111.51;0;0;0;0;0;0;0;0;0;0;0;0;0;0;0;0;29;0;41.0;41.0;2;0;0.00;0.00;0.00;0.0;0.0
144.939;168;996;40;39840;0.5;19.700;1.340;32;85;9;0;100;101;100;101;100;102;100;47;47;0;1.886;1.886;0.000;0.000;14.700;1.000;6.3;0.0;0;29;3.000;2.946;12.5;120;0;0;-8.4;0;0;0;0;0;98;0;0;1853;111.63;0;0;0;0;0;0;0;0;0;0;0;0;0;0;0;0;29;0;40.0;40.0;2;0;0.00;0.00;0.00;0.0;0.0
145.003;168;1012;40;40480;0.5;19.700;1.340;32;85;9;0;100;101;100;101;100;102;100;48;48;0;1.893;1.893;0.000;0.000;14.700;1.000;6.4;0.0;0;30;3.000;2.983;12.5;120;0;0;-8.4;0;0;0;0;0;98;0;0;1853;109.86;0;0;0;0;0;0;0;0;0;0;0;0;0;0;0;0;30;0;40.0;40.0;2;0;0.00;0.00;0.00;0.0;0.0
145.068;168;1018;40;40720;0.5;18.100;1.231;32;85;9;0;100;101;100;101;100;102;100;48;48;0;1.893;1.893;0.000;0.000;14.700;1.000;6.4;0.0;0;30;3.000;3.002;12.5;170;0;0;-8.4;0;0;0;0;0;98;0;0;1853;109.21;0;0;0;0;0;0;0;0;0;0;0;0;0;0;0;0;30;0;40.0;40.0;2;0;0.00;0.00;0.00;0.0;0.0
145.139;168;1025;39;39975;0.5;19.300;1.313;32;85;9;0;100;101;100;101;100;102;100;47;47;0;1.878;1.878;0.000;0.000;14.700;1.000;6.4;0.0;0;30;3.000;3.048;12.5;220;0;0;-8.6;0;0;0;0;0;98;0;0;1853;108.47;0;0;0;0;0;0;0;0;0;0;0;0;0;0;0;0;30;0;39.0;39.0;2;0;0.00;0.00;0.00;0.0;0.0
145.204;168;1016;40;40640;0.5;19.700;1.340;32;85;9;0;100;101;100;101;100;102;100;48;48;0;1.893;1.893;0.000;0.000;14.700;1.000;6.4;0.0;0;30;3.000;2.673;12.5;220;0;0;-8.4;0;0;0;0;0;98;0;0;1853;109.43;0;0;0;0;0;0;0;0;0;0;0;0;0;0;0;0;30;0;40.0;40.0;2;0;0.00;0.00;0.00;0.0;0.0
145.269;168;1027;39;40053;0.5;19.000;1.293;32;85;9;0;100;101;100;101;100;102;100;47;47;0;1.878;1.878;0.000;0.000;14.700;1.000;6.4;0.0;0;30;3.000;2.884;12.5;-80;0;0;-8.6;0;0;0;0;0;98;0;0;1853;108.26;0;0;0;0;0;0;0;0;0;0;0;0;0;0;0;0;30;0;39.0;39.0;2;0;0.00;0.00;0.00;0.0;0.0
145.336;168;1051;39;40989;0.5;18.300;1.245;32;85;9;0;100;101;100;101;100;102;100;47;47;0;1.878;1.878;0.000;0.000;14.700;1.000;6.6;0.0;0;30;3.000;3.019;12.5;250;0;0;-8.6;0;0;0;0;0;98;0;0;1853;105.78;0;0;0;0;0;0;0;0;0;0;0;0;0;0;0;0;30;0;39.0;39.0;2;0;0.00;0.00;0.00;0.0;0.0
145.404;168;1042;39;40638;0.5;18.500;1.259;32;85;9;0;100;101;100;101;100;102;100;47;47;0;1.866;1.866;0.000;0.000;14.700;1.000;6.5;0.0;0;30;3.000;2.850;12.6;250;0;0;-8.6;0;0;0;0;0;98;0;0;1853;106.70;0;0;0;0;0;0;0;0;0;0;0;0;0;0;0;0;30;0;39.0;39.0;2;0;0.00;0.00;0.00;0.0;0.0
145.471;168;1054;38;40052;0.5;16.800;1.143;32;85;9;0;100;101;100;101;100;102;100;47;47;0;1.858;1.858;0.000;0.000;14.700;1.000;6.5;0.0;0;30;3.000;3.076;12.6;-20;0;0;-8.7;0;0;0;0;0;98;0;0;1853;105.48;0;0;0;0;0;0;0;0;0;0;0;0;0;0;0;0;30;0;38.0;38.0;2;0;0.00;0.00;0.00;0.0;0.0
145.535;168;1067;38;40546;0.5;15.600;1.061;32;85;9;0;100;101;100;101;100;102;100;47;47;0;1.858;1.858;0.000;0.000;14.700;1.000;6.6;0.0;0;30;3.000;3.038;12.6;110;0;0;-8.7;0;0;0;0;0;98;0;0;1853;104.20;0;0;0;0;0;0;0;0;0;0;0;0;0;0;0;0;30;0;38.0;38.0;2;0;0.00;0.00;0.00;0.0;0.0
145.601;168;1073;38;40774;0.5;14.200;0.966;32;85;9;0;100;101;100;101;100;102;100;47;47;0;1.858;1.858;0.000;0.000;14.700;1.000;6.6;0.0;0;30;3.000;2.637;12.6;110;0;0;-8.7;0;0;0;0;0;98;0;0;1853;103.62;0;0;0;0;0;0;0;0;0;0;0;0;0;0;0;0;30;0;38.0;38.0;2;0;0.00;0.00;0.00;0.0;0.0
145.666;169;1074;38;40812;0.5;14.100;0.959;32;85;9;0;100;101;100;101;100;102;100;47;47;0;1.846;1.846;0.000;0.000;14.700;1.000;6.6;0.0;0;30;3.000;2.751;12.7;190;0;0;-8.7;0;0;0;0;0;98;0;0;1857;103.74;0;0;0;0;0;0;0;0;0;0;0;0;0;0;0;0;30;0;38.0;38.0;2;0;0.00;0.00;0.00;0.0;0.0
145.737;169;1086;38;41268;0.5;14.300;0.973;32;85;9;0;100;101;100;101;100;102;100;47;47;0;1.846;1.846;0.000;0.000;14.700;1.000;6.7;0.0;0;30;3.000;2.542;12.7;100;0;0;-8.7;0;0;0;0;0;98;0;0;1857;102.60;0;0;0;0;0;0;0;0;0;0;0;0;0;0;0;0;30;0;38.0;38.0;2;0;0.00;0.00;0.00;0.0;0.0
145.803;169;1091;37;40367;0.5;14.200;0.966;32;85;9;0;100;101;100;101;100;102;100;46;46;0;1.823;1.823;0.000;0.000;14.700;1.000;6.6;0.0;0;31;3.000;3.094;12.7;100;0;0;-8.8;0;0;0;0;0;98;0;0;1857;102.13;0;0;0;0;0;0;0;0;0;0;0;0;0;0;0;0;31;0;37.0;37.0;2;0;0.00;0.00;0.00;0.0;0.0
145.869;169;1099;37;40663;0.5;13.600;0.925;32;85;9;0;100;101;100;101;100;102;100;47;47;0;1.829;1.829;0.000;0.000;14.700;1.000;6.7;0.0;0;31;3.000;2.974;12.7;-10;0;0;-8.8;0;0;0;0;0;98;0;0;1857;101.38;0;0;0;0;0;0;0;0;0;0;0;0;0;0;0;0;31;0;37.0;37.0;2;0;0.00;0.00;0.00;0.0;0.0
145.937;169;1094;37;40478;0.5;13.200;0.898;32;85;9;0;100;101;100;101;100;102;100;46;46;0;1.823;1.823;0.000;0.000;14.700;1.000;6.6;0.0;0;30;3.000;2.764;12.7;-10;0;0;-8.8;0;0;0;0;0;98;0;0;1857;101.85;0;0;0;0;0;0;0;0;0;0;0;0;0;0;0;0;30;0;37.0;37.0;2;0;0.00;0.00;0.00;0.0;0.0
146.003;169;1097;37;40589;0.5;13.500;0.918;32;85;9;0;100;101;100;101;100;102;100;46;46;0;1.823;1.823;0.000;0.000;14.700;1.000;6.7;0.0;0;30;3.000;2.838;12.7;90;0;0;-8.8;0;0;0;0;0;98;0;0;1857;101.57;0;0;0;0;0;0;0;0;0;0;0;0;0;0;0;0;30;0;37.0;37.0;2;0;0.00;0.00;0.00;0.0;0.0
146.068;169;1072;37;39664;0.5;13.500;0.918;32;85;9;0;100;101;100;101;100;102;100;46;46;0;1.823;1.823;0.000;0.000;14.700;1.000;6.5;0.0;0;30;3.000;2.696;12.7;-180;0;0;-8.8;0;0;0;0;0;98;0;0;1857;103.94;0;0;0;0;0;0;0;0;0;0;0;0;0;0;0;0;30;0;37.0;37.0;2;0;0.00;0.00;0.00;0.0;0.0
146.133;169;1076;37;39812;0.5;13.300;0.905;32;85;9;0;100;101;100;101;100;102;100;46;46;0;1.823;1.823;0.000;0.000;14.700;1.000;6.5;0.0;0;31;3.000;2.973;12.7;-180;0;0;-8.8;0;0;0;0;0;98;0;0;1857;103.55;0;0;0;0;0;0;0;0;0;0;0;0;0;0;0;0;31;0;37.0;37.0;2;0;0.00;0.00;0.00;0.0;0.0
146.204;169;1060;38;40280;0.5;13.400;0.912;32;85;9;0;100;101;100;101;100;102;100;47;47;0;1.894;1.894;0.000;0.000;14.700;1.000;6.7;0.0;0;30;3.000;2.772;12.3;0;0;0;-8.7;0;0;0;0;0;98;0;0;1857;105.11;0;0;0;0;0;0;0;0;0;0;0;0;0;0;0;0;30;0;38.0;38.0;2;0;0.00;0.00;0.00;0.0;0.0
146.273;169;1053;37;38961;0.5;13.000;0.884;32;85;9;0;100;101;100;101;100;102;100;46;46;0;1.871;1.871;0.000;0.000;14.700;1.000;6.6;0.0;0;30;3.000;2.689;12.3;-130;0;0;-8.8;0;0;0;0;0;98;0;0;1857;105.81;0;0;0;0;0;0;0;0;0;0;0;0;0;0;0;0;30;0;37.0;37.0;2;0;0.00;0.00;0.00;0.0;0.0
146.338;169;1063;38;40394;0.5;13.300;0.905;32;85;9;0;100;101;100;101;100;102;100;47;47;0;1.894;1.894;0.000;0.000;14.700;1.000;6.7;0.0;0;30;3.000;2.932;12.3;-130;0;0;-8.7;0;0;0;0;0;98;0;0;1857;104.82;0;0;0;0;0;0;0;0;0;0;0;0;0;0;0;0;30;0;38.0;38.0;2;0;0.00;0.00;0.00;0.0;0.0
146.406;169;1055;38;40090;0.5;13.100;0.891;32;85;9;0;100;101;100;101;100;102;100;47;47;0;1.894;1.894;0.000;0.000;14.700;1.000;6.7;0.0;0;30;3.000;2.702;12.3;60;0;0;-8.7;0;0;0;0;0;98;0;0;1857;105.61;0;0;0;0;0;0;0;0;0;0;0;0;0;0;0;0;30;0;38.0;38.0;2;0;0.00;0.00;0.00;0.0;0.0
146.469;169;1054;38;40052;0.5;13.400;0.912;32;85;9;0;100;101;100;101;100;102;100;47;47;0;1.894;1.894;0.000;0.000;14.700;1.000;6.7;0.0;0;30;3.000;2.875;12.3;-120;0;0;-8.7;0;0;0;0;0;98;0;0;1857;105.71;0;0;0;0;0;0;0;0;0;0;0;0;0;0;0;0;30;0;38.0;38.0;2;0;0.00;0.00;0.00;0.0;0.0
146.534;169;1053;38;40014;0.5;13.700;0.932;32;85;9;0;100;101;100;101;100;102;100;47;47;0;1.894;1.894;0.000;0.000;14.700;1.000;6.6;0.0;0;30;3.000;2.947;12.3;-120;0;0;-8.7;0;0;0;0;0;98;0;0;1857;105.81;0;0;0;0;0;0;0;0;0;0;0;0;0;0;0;0;30;0;38.0;38.0;2;0;0.00;0.00;0.00;0.0;0.0
146.601;169;1055;38;40090;0.5;14.100;0.959;32;85;9;0;100;101;100;101;100;102;100;47;47;0;1.894;1.894;0.000;0.000;14.700;1.000;6.7;0.0;0;30;3.000;2.917;12.3;-30;0;0;-8.7;0;0;0;0;0;98;0;0;1857;105.61;0;0;0;0;0;0;0;0;0;0;0;0;0;0;0;0;30;0;38.0;38.0;2;0;0.00;0.00;0.00;0.0;0.0
146.671;170;1069;38;40622;0.5;14.200;0.966;32;85;9;0;100;101;100;101;100;102;100;47;47;0;1.894;1.894;0.000;0.000;14.700;1.000;6.7;0.0;0;30;3.000;2.905;12.3;120;0;0;-8.7;0;0;0;0;0;98;0;0;1852;103.95;0;0;0;0;0;0;0;0;0;0;0;0;0;0;0;0;30;0;38.0;38.0;2;0;0.00;0.00;0.00;0.0;0.0
146.741;170;1069;38;40622;0.5;14.200;0.966;32;85;9;0;100;101;100;101;100;102;100;47;47;0;1.894;1.894;0.000;0.000;14.700;1.000;6.7;0.0;0;30;3.000;2.668;12.3;120;0;0;-8.7;0;0;0;0;0;98;0;0;1852;103.95;0;0;0;0;0;0;0;0;0;0;0;0;0;0;0;0;30;0;38.0;38.0;2;0;0.00;0.00;0.00;0.0;0.0
146.806;170;1071;38;40698;0.5;14.200;0.966;32;85;9;0;100;101;100;101;100;102;100;47;47;0;1.894;1.894;0.000;0.000;14.700;1.000;6.8;0.0;0;30;3.000;2.749;12.3;60;0;0;-8.7;0;0;0;0;0;98;0;0;1852;103.75;0;0;0;0;0;0;0;0;0;0;0;0;0;0;0;0;30;0;38.0;38.0;2;0;0.00;0.00;0.00;0.0;0.0
146.870;170;1076;38;40888;0.5;13.800;0.939;32;85;9;0;100;101;100;101;100;102;100;47;47;0;1.894;1.894;0.000;0.000;14.700;1.000;6.8;0.0;0;30;3.000;3.038;12.3;40;0;0;-8.7;0;0;0;0;0;98;0;0;1852;103.27;0;0;0;0;0;0;0;0;0;0;0;0;0;0;0;0;30;0;38.0;38.0;2;0;0.00;0.00;0.00;0.0;0.0
146.936;170;1084;37;40108;0.5;13.700;0.932;32;85;9;0;100;101;100;101;100;102;100;46;46;0;1.895;1.895;0.000;0.000;14.700;1.000;6.8;0.0;0;30;3.000;3.026;12.1;40;0;0;-8.8;0;0;0;0;0;98;0;0;1852;102.51;0;0;0;0;0;0;0;0;0;0;0;0;0;0;0;0;30;0;37.0;37.0;2;0;0.00;0.00;0.00;0.0;0.0
147.003;170;1102;37;40774;0.5;12.900;0.878;32;85;9;0;100;101;100;101;100;102;100;47;47;0;1.901;1.901;0.000;0.000;14.700;1.000;7.0;0.0;0;30;3.000;3.029;12.1;80;0;0;-8.8;0;0;0;0;0;98;0;0;1852;100.83;0;0;0;0;0;0;0;0;0;0;0;0;0;0;0;0;30;0;37.0;37.0;2;0;0.00;0.00;0.00;0.0;0.0
147.071;170;1114;37;41218;0.5;12.700;0.864;32;85;9;0;100;101;100;101;100;102;100;46;46;0;1.895;1.895;0.000;0.000;14.700;1.000;7.0;0.0;0;31;3.000;2.969;12.1;220;0;0;-8.8;0;0;0;0;0;98;0;0;1852;99.75;0;0;0;0;0;0;0;0;0;0;0;0;0;0;0;0;31;0;37.0;37.0;2;0;0.00;0.00;0.00;0.0;0.0
147.137;170;1127;36;40572;0.5;12.600;0.857;32;85;9;0;100;101;100;101;100;102;100;46;46;0;1.888;1.888;0.000;0.000;14.700;1.000;7.1;0.0;0;31;3.000;3.133;12.1;220;0;0;-9.0;0;0;0;0;0;98;0;0;1852;98.60;0;0;0;0;0;0;0;0;0;0;0;0;0;0;0;0;31;0;36.0;36.0;2;0;0.00;0.00;0.00;0.0;0.0
147.203;170;1124;37;41588;0.5;12.000;0.816;32;85;9;0;100;101;100;101;100;102;100;47;47;0;1.853;1.853;0.000;0.000;14.700;1.000;6.9;0.0;0;30;3.000;2.919;12.5;130;0;0;-8.8;0;0;0;0;0;98;0;0;1852;98.86;0;0;0;0;0;0;0;0;0;0;0;0;0;0;0;0;30;0;37.0;37.0;2;0;0.00;0.00;0.00;0.0;0.0
147.274;170;1120;36;40320;0.5;11.900;0.810;32;85;9;0;100;101;100;101;100;102;100;46;46;0;1.840;1.840;0.000;0.000;14.700;1.000;6.9;0.0;0;30;3.000;2.827;12.5;10;0;0;-9.0;0;0;0;0;0;98;0;0;1852;99.21;0;0;0;0;0;0;0;0;0;0;0;0;0;0;0;0;30;0;36.0;36.0;2;0;0.00;0.00;0.00;0.0;0.0
147.338;170;1137;36;40932;0.5;11.900;0.810;32;85;9;0;100;101;100;101;100;102;100;46;46;0;1.840;1.840;0.000;0.000;14.700;1.000;7.0;0.0;0;31;3.000;2.846;12.5;10;0;0;-9.0;0;0;0;0;0;98;0;0;1852;97.73;0;0;0;0;0;0;0;0;0;0;0;0;0;0;0;0;31;0;36.0;36.0;2;0;0.00;0.00;0.00;0.0;0.0
147.403;170;1145;36;41220;0.5;12.200;0.830;32;85;9;0;100;101;100;101;100;102;100;46;46;0;1.840;1.840;0.000;0.000;14.700;1.000;7.0;0.0;0;31;3.000;3.111;12.5;170;0;0;-9.0;0;0;0;0;0;98;0;0;1852;97.05;0;0;0;0;0;0;0;0;0;0;0;0;0;0;0;0;31;0;36.0;36.0;2;0;0.00;0.00;0.00;0.0;0.0
147.469;170;1128;36;40608;0.5;11.800;0.803;32;85;9;0;100;101;100;101;100;102;100;46;46;0;1.864;1.864;0.000;0.000;14.700;1.000;7.0;0.0;0;31;3.000;2.897;12.3;50;0;0;-9.0;0;0;0;0;0;98;0;0;1852;98.51;0;0;0;0;0;0;0;0;0;0;0;0;0;0;0;0;31;0;36.0;36.0;2;0;0.00;0.00;0.00;0.0;0.0
147.535;170;1129;36;40644;0.5;11.300;0.769;32;85;9;0;100;101;100;101;100;102;100;46;46;0;1.864;1.864;0.000;0.000;14.700;1.000;7.0;0.0;0;31;3.000;2.856;12.3;50;0;0;-9.0;0;0;0;0;0;98;0;0;1852;98.42;0;0;0;0;0;0;0;0;0;0;0;0;0;0;0;0;31;0;36.0;36.0;2;0;0.00;0.00;0.00;0.0;0.0
147.605;170;1117;36;40212;0.5;11.800;0.803;32;85;9;0;100;101;100;101;100;102;100;46;46;0;1.864;1.864;0.000;0.000;14.700;1.000;6.9;0.0;0;30;3.000;2.561;12.3;-120;0;0;-9.0;0;0;0;0;0;98;0;0;1852;99.48;0;0;0;0;0;0;0;0;0;0;0;0;0;0;0;0;30;0;36.0;36.0;2;0;0.00;0.00;0.00;0.0;0.0
147.669;171;1116;36;40176;0.5;11.900;0.810;32;85;9;0;100;101;100;101;100;102;100;46;46;0;1.840;1.840;0.000;0.000;14.700;1.000;6.8;0.0;0;30;3.000;2.837;12.5;-140;0;0;-9.0;0;0;0;0;0;98;0;0;1854;99.68;0;0;0;0;0;0;0;0;0;0;0;0;0;0;0;0;30;0;36.0;36.0;2;0;0.00;0.00;0.00;0.0;0.0
147.735;171;1101;37;40737;0.5;12.100;0.823;32;85;9;0;100;101;100;101;100;102;100;46;46;0;1.847;1.847;0.000;0.000;14.700;1.000;6.8;0.0;0;30;3.000;2.809;12.5;-140;0;0;-8.8;0;0;0;0;0;98;0;0;1854;101.04;0;0;0;0;0;0;0;0;0;0;0;0;0;0;0;0;30;0;37.0;37.0;2;0;0.00;0.00;0.00;0.0;0.0
147.804;171;1101;36;39636;0.5;12.500;0.850;32;85;9;0;100;101;100;101;100;102;100;46;46;0;1.840;1.840;0.000;0.000;14.700;1.000;6.8;0.0;0;30;3.000;2.821;12.5;-130;0;0;-9.0;0;0;0;0;0;98;0;0;1854;101.04;0;0;0;0;0;0;0;0;0;0;0;0;0;0;0;0;30;0;36.0;36.0;2;0;0.00;0.00;0.00;0.0;0.0
147.870;171;1118;36;40248;0.5;12.400;0.844;32;85;9;0;100;101;100;101;100;102;100;46;46;0;1.840;1.840;0.000;0.000;14.700;1.000;6.9;0.0;0;30;3.000;3.007;12.5;150;0;0;-9.0;0;0;0;0;0;98;0;0;1854;99.50;0;0;0;0;0;0;0;0;0;0;0;0;0;0;0;0;30;0;36.0;36.0;2;0;0.00;0.00;0.00;0.0;0.0
147.940;171;1125;36;40500;0.5;13.700;0.932;32;85;9;0;100;101;100;101;100;102;100;46;46;0;1.840;1.840;0.000;0.000;14.700;1.000;6.9;0.0;0;31;3.000;3.008;12.5;150;0;0;-9.0;0;0;0;0;0;98;0;0;1854;98.88;0;0;0;0;0;0;0;0;0;0;0;0;0;0;0;0;31;0;36.0;36.0;2;0;0.00;0.00;0.00;0.0;0.0
148.005;171;1116;36;40176;0.5;13.300;0.905;32;85;9;0;100;101;100;101;100;102;100;46;46;0;1.840;1.840;0.000;0.000;14.700;1.000;6.8;0.0;0;30;3.000;2.697;12.5;20;0;0;-9.0;0;0;0;0;0;98;0;0;1854;99.68;0;0;0;0;0;0;0;0;0;0;0;0;0;0;0;0;30;0;36.0;36.0;2;0;0.00;0.00;0.00;0.0;0.0
148.070;171;1096;36;39456;0.5;13.600;0.925;32;85;9;0;100;101;100;101;100;102;100;45;45;0;1.834;1.834;0.000;0.000;14.700;1.000;6.7;0.0;0;30;3.000;2.801;12.5;20;0;0;-9.0;0;0;0;0;0;98;0;0;1854;101.50;0;0;0;0;0;0;0;0;0;0;0;0;0;0;0;0;30;0;36.0;36.0;2;0;0.00;0.00;0.00;0.0;0.0
148.137;171;1079;36;38844;0.5;12.800;0.871;32;85;9;0;100;101;100;101;100;102;100;45;45;0;1.834;1.834;0.000;0.000;14.700;1.000;6.6;0.0;0;30;3.000;2.611;12.5;-240;0;0;-9.0;0;0;0;0;0;98;0;0;1854;103.10;0;0;0;0;0;0;0;0;0;0;0;0;0;0;0;0;30;0;36.0;36.0;2;0;0.00;0.00;0.00;0.0;0.0
148.202;171;1093;37;40441;0.5;12.900;0.878;32;85;9;0;100;101;100;101;100;102;100;46;46;0;1.835;1.835;0.000;0.000;14.700;1.000;6.7;0.0;0;30;3.000;2.963;12.6;-70;0;0;-8.8;0;0;0;0;0;98;0;0;1854;101.77;0;0;0;0;0;0;0;0;0;0;0;0;0;0;0;0;30;0;37.0;37.0;2;0;0.00;0.00;0.00;0.0;0.0
148.268;171;1088;37;40256;0.5;12.900;0.878;32;85;9;0;100;101;100;101;100;102;100;46;46;0;1.835;1.835;0.000;0.000;14.700;1.000;6.7;0.0;0;30;3.000;2.931;12.6;-70;0;0;-8.8;0;0;0;0;0;98;0;0;1854;102.24;0;0;0;0;0;0;0;0;0;0;0;0;0;0;0;0;30;0;37.0;37.0;2;0;0.00;0.00;0.00;0.0;0.0
148.335;171;1092;37;40404;0.5;13.100;0.891;32;85;9;0;100;101;100;101;100;102;100;46;46;0;1.835;1.835;0.000;0.000;14.700;1.000;6.7;0.0;0;30;3.000;2.980;12.6;-10;0;0;-8.8;0;0;0;0;0;98;0;0;1854;101.87;0;0;0;0;0;0;0;0;0;0;0;0;0;0;0;0;30;0;37.0;37.0;2;0;0.00;0.00;0.00;0.0;0.0
148.402;171;1077;37;39849;0.5;13.300;0.905;32;85;9;0;100;101;100;101;100;102;100;46;46;0;1.835;1.835;0.000;0.000;14.700;1.000;6.6;0.0;0;30;3.000;2.679;12.6;-30;0;0;-8.8;0;0;0;0;0;98;0;0;1854;103.29;0;0;0;0;0;0;0;0;0;0;0;0;0;0;0;0;30;0;37.0;37.0;2;0;0.00;0.00;0.00;0.0;0.0
148.472;171;1060;37;39220;0.5;13.200;0.898;32;85;9;0;100;101;100;101;100;102;100;46;46;0;1.823;1.823;0.000;0.000;14.700;1.000;6.4;0.0;0;30;3.000;2.602;12.7;-30;0;0;-8.8;0;0;0;0;0;98;0;0;1854;104.94;0;0;0;0;0;0;0;0;0;0;0;0;0;0;0;0;30;0;37.0;37.0;2;0;0.00;0.00;0.00;0.0;0.0
148.538;171;1063;37;39331;0.5;13.100;0.891;32;85;9;0;100;101;100;101;100;102;100;46;46;0;1.823;1.823;0.000;0.000;14.700;1.000;6.5;0.0;0;30;3.000;2.879;12.7;-170;0;0;-8.8;0;0;0;0;0;98;0;0;1854;104.65;0;0;0;0;0;0;0;0;0;0;0;0;0;0;0;0;30;0;37.0;37.0;2;0;0.00;0.00;0.00;0.0;0.0
148.604;171;1046;38;39748;0.5;13.000;0.884;32;85;9;0;100;101;100;101;100;102;100;46;46;0;1.839;1.839;0.000;0.000;14.700;1.000;6.4;0.0;0;30;3.000;2.835;12.7;-190;0;0;-8.7;0;0;0;0;0;98;0;0;1854;106.35;0;0;0;0;0;0;0;0;0;0;0;0;0;0;0;0;30;0;38.0;38.0;2;0;0.00;0.00;0.00;0.0;0.0
148.671;171;1044;38;39672;0.5;13.000;0.884;32;85;9;0;100;101;100;101;100;102;100;46;46;0;1.839;1.839;0.000;0.000;14.700;1.000;6.4;0.0;0;30;3.000;2.953;12.7;-190;0;0;-8.7;0;0;0;0;0;98;0;0;1854;106.55;0;0;0;0;0;0;0;0;0;0;0;0;0;0;0;0;30;0;38.0;38.0;2;0;0.00;0.00;0.00;0.0;0.0
148.742;172;1027;39;40053;0.5;12.500;0.850;32;85;9;0;100;101;100;101;100;102;100;47;47;0;1.842;1.842;0.000;0.000;14.700;1.000;6.3;0.0;0;30;3.000;2.701;12.8;-190;0;0;-8.6;0;0;0;0;0;98;0;0;1847;107.91;0;0;0;0;0;0;0;0;0;0;0;0;0;0;0;0;30;0;39.0;39.0;2;0;0.00;0.00;0.00;0.0;0.0
148.810;172;1004;39;39156;0.5;12.200;0.830;32;85;9;0;100;101;100;101;100;102;100;47;47;0;1.842;1.842;0.000;0.000;14.700;1.000;6.2;0.0;0;30;3.000;2.466;12.8;-90;0;0;-8.6;0;0;0;0;0;98;0;0;1847;110.38;0;0;0;0;0;0;0;0;0;0;0;0;0;0;0;0;30;0;39.0;39.0;2;0;0.00;0.00;0.00;0.0;0.0
148.876;172;997;39;38883;0.5;12.400;0.844;32;85;9;0;100;101;100;101;100;102;100;47;47;0;1.842;1.842;0.000;0.000;14.700;1.000;6.1;0.0;0;30;3.000;2.652;12.8;-90;0;0;-8.6;0;0;0;0;0;98;0;0;1847;111.15;0;0;0;0;0;0;0;0;0;0;0;0;0;0;0;0;30;0;39.0;39.0;2;0;0.00;0.00;0.00;0.0;0.0
148.942;172;983;40;39320;0.5;12.600;0.857;32;85;9;0;100;101;100;101;100;102;100;47;47;0;1.850;1.850;0.000;0.000;14.700;1.000;6.1;0.0;0;29;3.000;2.624;12.8;-280;0;0;-8.4;0;0;0;0;0;98;0;0;1847;112.74;0;0;0;0;0;0;0;0;0;0;0;0;0;0;0;0;29;0;40.0;40.0;2;0;0.00;0.00;0.00;0.0;0.0
149.006;172;975;40;39000;0.5;12.900;0.878;32;85;9;0;100;101;100;101;100;102;100;47;47;0;1.850;1.850;0.000;0.000;14.700;1.000;6.0;0.0;0;29;3.000;2.902;12.8;-180;0;0;-8.4;0;0;0;0;0;98;0;0;1847;113.66;0;0;0;0;0;0;0;0;0;0;0;0;0;0;0;0;29;0;40.0;40.0;2;0;0.00;0.00;0.00;0.0;0.0
149.071;172;977;40;39080;0.5;13.000;0.884;32;85;9;0;100;101;100;101;100;102;100;47;47;0;1.850;1.850;0.000;0.000;14.700;1.000;6.0;0.0;0;29;3.000;2.702;12.8;-180;0;0;-8.4;0;0;0;0;0;98;0;0;1847;113.43;0;0;0;0;0;0;0;0;0;0;0;0;0;0;0;0;29;0;40.0;40.0;2;0;0.00;0.00;0.00;0.0;0.0
149.141;172;962;41;39442;0.5;12.900;0.878;32;85;9;0;100;101;100;101;100;102;100;48;48;0;1.865;1.865;0.000;0.000;14.700;1.000;6.0;0.0;0;29;3.000;2.743;12.8;20;0;0;-8.3;0;0;0;0;0;98;0;0;1847;115.20;0;0;0;0;0;0;0;0;0;0;0;0;0;0;0;0;29;0;41.0;41.0;2;0;0.00;0.00;0.00;0.0;0.0
149.204;172;943;41;38663;0.5;12.900;0.878;32;85;9;0;100;101;100;101;100;102;100;47;47;0;1.894;1.894;0.000;0.000;14.700;1.000;6.0;0.0;0;28;3.000;2.103;12.5;-350;0;0;-8.3;0;0;0;0;0;98;0;0;1847;117.52;0;0;0;0;0;0;0;0;0;0;0;0;0;0;0;0;28;0;41.0;41.0;2;0;0.00;0.00;0.00;0.0;0.0
149.272;172;953;41;39073;0.5;14.300;0.973;32;85;9;0;100;101;100;101;100;102;100;48;48;0;1.901;1.901;0.000;0.000;14.700;1.000;6.0;0.0;0;28;3.000;3.044;12.5;-350;0;0;-8.3;0;0;0;0;0;98;0;0;1847;116.29;0;0;0;0;0;0;0;0;0;0;0;0;0;0;0;0;28;0;41.0;41.0;2;0;0.00;0.00;0.00;0.0;0.0
149.337;172;956;41;39196;0.5;16.300;1.109;32;85;9;0;100;101;100;101;100;102;100;48;48;0;1.901;1.901;0.000;0.000;14.700;1.000;6.1;0.0;0;28;3.000;2.927;12.5;70;0;0;-8.3;0;0;0;0;0;98;0;0;1847;115.92;0;0;0;0;0;0;0;0;0;0;0;0;0;0;0;0;28;0;41.0;41.0;2;0;0.00;0.00;0.00;0.0;0.0
149.404;172;954;41;39114;0.5;19.000;1.293;32;85;9;0;100;101;100;101;100;102;100;48;48;0;1.901;1.901;0.000;0.000;14.700;1.000;6.0;0.0;0;28;3.000;2.789;12.5;50;0;0;-8.3;0;0;0;0;0;98;0;0;1847;116.16;0;0;0;0;0;0;0;0;0;0;0;0;0;0;0;0;28;0;41.0;41.0;2;0;0.00;0.00;0.00;0.0;0.0
149.472;172;956;41;39196;0.5;19.700;1.340;32;85;9;0;100;101;100;101;100;102;100;48;48;0;1.949;1.949;0.000;0.000;14.700;1.000;6.2;0.0;0;28;3.000;2.962;12.1;50;0;0;-8.3;0;0;0;0;0;98;0;0;1847;115.92;0;0;0;0;0;0;0;0;0;0;0;0;0;0;0;0;28;0;41.0;41.0;2;0;0.00;0.00;0.00;0.0;0.0
149.538;172;965;41;39565;0.5;19.700;1.340;32;85;9;0;100;101;100;101;100;102;100;48;48;0;1.949;1.949;0.000;0.000;14.700;1.000;6.3;0.0;0;29;3.000;2.904;12.1;60;0;0;-8.3;0;0;0;0;0;98;0;0;1847;114.84;0;0;0;0;0;0;0;0;0;0;0;0;0;0;0;0;29;0;41.0;41.0;2;0;0.00;0.00;0.00;0.0;0.0
149.603;172;971;41;39811;0.5;19.700;1.340;32;85;9;0;100;101;100;101;100;102;100;48;48;0;1.949;1.949;0.000;0.000;14.700;1.000;6.3;0.0;0;29;3.000;3.021;12.1;130;0;0;-8.3;0;0;0;0;0;98;0;0;1847;114.13;0;0;0;0;0;0;0;0;0;0;0;0;0;0;0;0;29;0;41.0;41.0;2;0;0.00;0.00;0.00;0.0;0.0
149.669;172;981;41;40221;0.5;19.700;1.340;32;85;9;0;100;101;100;101;100;102;100;48;48;0;1.949;1.949;0.000;0.000;14.700;1.000;6.4;0.0;0;29;3.000;3.186;12.1;130;0;0;-8.3;0;0;0;0;0;98;0;0;1847;112.97;0;0;0;0;0;0;0;0;0;0;0;0;0;0;0;0;29;0;41.0;41.0;2;0;0.00;0.00;0.00;0.0;0.0
149.735;173;1005;41;41205;0.5;19.700;1.340;32;85;9;0;100;101;100;101;100;102;100;48;48;0;1.901;1.901;0.000;0.000;14.700;1.000;6.4;0.0;0;30;3.000;3.257;12.5;210;0;0;-8.3;0;0;0;0;0;98;0;0;1855;110.75;0;0;0;0;0;0;0;0;0;0;0;0;0;0;0;0;30;0;41.0;41.0;2;0;0.00;0.00;0.00;0.0;0.0
149.804;173;1013;40;40520;0.5;19.700;1.340;32;85;9;0;100;101;100;101;100;102;100;48;48;0;1.893;1.893;0.000;0.000;14.700;1.000;6.4;0.0;0;30;3.000;2.829;12.5;190;0;0;-8.4;0;0;0;0;0;98;0;0;1855;109.87;0;0;0;0;0;0;0;0;0;0;0;0;0;0;0;0;30;0;40.0;40.0;2;0;0.00;0.00;0.00;0.0;0.0
149.873;173;1045;39;40755;0.5;19.700;1.340;32;85;9;0;100;101;100;101;100;102;100;47;47;0;1.878;1.878;0.000;0.000;14.700;1.000;6.5;0.0;0;30;3.000;3.139;12.5;190;0;0;-8.6;0;0;0;0;0;98;0;0;1855;106.51;0;0;0;0;0;0;0;0;0;0;0;0;0;0;0;0;30;0;39.0;39.0;2;0;0.00;0.00;0.00;0.0;0.0
149.938;173;1054;39;41106;0.5;19.700;1.340;32;85;9;0;100;101;100;101;100;102;100;47;47;0;1.878;1.878;0.000;0.000;14.700;1.000;6.6;0.0;0;30;3.000;3.075;12.5;280;0;0;-8.6;0;0;0;0;0;98;0;0;1855;105.60;0;0;0;0;0;0;0;0;0;0;0;0;0;0;0;0;30;0;39.0;39.0;2;0;0.00;0.00;0.00;0.0;0.0
150.004;173;1068;39;41652;0.5;19.300;1.313;32;85;9;0;100;101;100;101;100;102;100;47;47;0;1.950;1.950;0.000;0.000;14.700;1.000;6.9;0.0;0;30;3.030;3.042;12.0;270;0;0;-8.6;0;0;0;0;0;98;0;0;1855;104.21;0;0;0;0;0;0;0;0;0;0;0;0;0;0;0;0;30;0;39.0;39.0;2;0;0.00;0.00;0.00;0.0;0.0
150.069;173;1071;38;40698;0.5;18.000;1.224;32;85;9;0;100;101;100;101;100;102;100;47;47;0;1.942;1.942;0.000;0.000;14.700;1.000;6.9;0.0;0;30;3.030;3.078;12.0;270;0;0;-8.7;0;0;0;0;0;98;0;0;1855;103.92;0;0;0;0;0;0;0;0;0;0;0;0;0;0;0;0;30;0;38.0;38.0;2;0;0.00;0.00;0.00;0.0;0.0
150.140;173;1059;38;40242;0.5;16.600;1.129;32;85;9;0;100;101;100;101;100;102;100;47;47;0;1.942;1.942;0.000;0.000;14.700;1.000;6.9;0.0;0;30;3.030;2.658;12.0;-10;0;0;-8.7;0;0;0;0;0;98;0;0;1855;105.10;0;0;0;0;0;0;0;0;0;0;0;0;0;0;0;0;30;0;38.0;38.0;2;0;0.00;0.00;0.00;0.0;0.0
150.205;173;1077;38;40926;0.5;16.400;1.116;32;85;9;0;100;101;100;101;100;102;100;47;47;0;1.942;1.942;0.000;0.000;14.700;1.000;7.0;0.0;0;31;3.030;3.129;12.0;-10;0;0;-8.7;0;0;0;0;0;98;0;0;1855;103.34;0;0;0;0;0;0;0;0;0;0;0;0;0;0;0;0;31;0;38.0;38.0;2;0;0.00;0.00;0.00;0.0;0.0
150.271;173;1091;37;40367;0.5;16.600;1.129;32;85;9;0;100;101;100;101;100;102;100;46;46;0;1.847;1.847;0.000;0.000;14.700;1.000;6.7;0.0;0;31;3.000;3.265;12.5;170;0;0;-8.8;0;0;0;0;0;98;0;0;1855;102.02;0;0;0;0;0;0;0;0;0;0;0;0;0;0;0;0;31;0;37.0;37.0;2;0;0.00;0.00;0.00;0.0;0.0
150.340;173;1102;37;40774;0.5;14.900;1.014;32;85;9;0;100;101;100;101;100;102;100;47;47;0;1.853;1.853;0.000;0.000;14.700;1.000;6.8;0.0;0;30;3.000;3.008;12.5;110;0;0;-8.8;0;0;0;0;0;98;0;0;1855;101.00;0;0;0;0;0;0;0;0;0;0;0;0;0;0;0;0;30;0;37.0;37.0;2;0;0.00;0.00;0.00;0.0;0.0
150.405;173;1120;37;41440;0.5;13.600;0.925;32;85;9;0;100;101;100;101;100;102;100;46;46;0;1.847;1.847;0.000;0.000;14.700;1.000;6.9;0.0;0;30;3.000;2.890;12.5;110;0;0;-8.8;0;0;0;0;0;98;0;0;1855;99.38;0;0;0;0;0;0;0;0;0;0;0;0;0;0;0;0;30;0;37.0;37.0;2;0;0.00;0.00;0.00;0.0;0.0
150.470;173;1117;36;40212;0.5;13.100;0.891;32;85;9;0;100;101;100;101;100;102;100;46;46;0;1.804;1.804;0.000;0.000;14.700;1.000;6.7;0.0;0;30;3.000;2.725;12.8;250;0;0;-9.0;0;0;0;0;0;98;0;0;1855;99.64;0;0;0;0;0;0;0;0;0;0;0;0;0;0;0;0;30;0;36.0;36.0;2;0;0.00;0.00;0.00;0.0;0.0
150.537;173;1140;36;41040;0.5;12.500;0.850;32;85;9;0;100;101;100;101;100;102;100;46;46;0;1.804;1.804;0.000;0.000;14.700;1.000;6.9;0.0;0;31;3.000;3.028;12.8;130;0;0;-9.0;0;0;0;0;0;98;0;0;1855;97.63;0;0;0;0;0;0;0;0;0;0;0;0;0;0;0;0;31;0;36.0;36.0;2;0;0.00;0.00;0.00;0.0;0.0
150.604;173;1140;36;41040;0.5;12.000;0.816;32;85;9;0;100;101;100;101;100;102;100;46;46;0;1.804;1.804;0.000;0.000;14.700;1.000;6.9;0.0;0;31;3.000;3.012;12.8;130;0;0;-9.0;0;0;0;0;0;98;0;0;1855;97.63;0;0;0;0;0;0;0;0;0;0;0;0;0;0;0;0;31;0;36.0;36.0;2;0;0.00;0.00;0.00;0.0;0.0
150.672;173;1131;36;40716;0.5;11.800;0.803;32;85;9;0;100;101;100;101;100;102;100;46;46;0;1.804;1.804;0.000;0.000;14.700;1.000;6.8;0.0;0;31;3.000;2.734;12.8;90;0;0;-9.0;0;0;0;0;0;98;0;0;1855;98.41;0;0;0;0;0;0;0;0;0;0;0;0;0;0;0;0;31;0;36.0;36.0;2;0;0.00;0.00;0.00;0.0;0.0
150.738;174;1139;36;41004;0.5;11.100;0.755;32;85;9;0;100;101;100;101;100;102;100;46;46;0;1.792;1.792;0.000;0.000;14.700;1.000;6.8;0.0;0;31;3.000;2.985;12.9;-30;0;0;-9.0;0;0;0;0;0;98;0;0;1841;96.98;0;0;0;0;0;0;0;0;0;0;0;0;0;0;0;0;31;0;36.0;36.0;2;0;0.00;0.00;0.00;0.0;0.0
150.803;174;1131;36;40716;0.5;10.800;0.735;32;85;9;0;100;101;100;101;100;102;100;46;46;0;1.792;1.792;0.000;0.000;14.700;1.000;6.8;0.0;0;31;3.000;2.810;12.9;-30;0;0;-9.0;0;0;0;0;0;98;0;0;1841;97.67;0;0;0;0;0;0;0;0;0;0;0;0;0;0;0;0;31;0;36.0;36.0;2;0;0.00;0.00;0.00;0.0;0.0
150.872;174;1126;36;40536;0.5;11.600;0.789;32;85;9;0;100;101;100;101;100;102;100;46;46;0;1.792;1.792;0.000;0.000;14.700;1.000;6.7;0.0;0;31;3.000;2.868;12.9;-80;0;0;-9.0;0;0;0;0;0;98;0;0;1841;98.10;0;0;0;0;0;0;0;0;0;0;0;0;0;0;0;0;31;0;36.0;36.0;2;0;0.00;0.00;0.00;0.0;0.0
150.938;174;1110;36;39960;0.5;11.800;0.803;32;85;9;0;100;101;100;101;100;102;100;46;46;0;1.792;1.792;0.000;0.000;14.700;1.000;6.6;0.0;0;30;3.000;2.783;12.9;-180;0;0;-9.0;0;0;0;0;0;98;0;0;1841;99.51;0;0;0;0;0;0;0;0;0;0;0;0;0;0;0;0;30;0;36.0;36.0;2;0;0.00;0.00;0.00;0.0;0.0
151.004;174;1089;36;39204;0.5;12.400;0.844;32;85;9;0;100;101;100;101;100;102;100;45;45;0;1.786;1.786;0.000;0.000;14.700;1.000;6.5;0.0;0;30;3.000;2.597;12.9;-180;0;0;-9.0;0;0;0;0;0;98;0;0;1841;101.43;0;0;0;0;0;0;0;0;0;0;0;0;0;0;0;0;30;0;36.0;36.0;2;0;0.00;0.00;0.00;0.0;0.0
151.071;174;1091;37;40367;0.5;12.700;0.864;32;85;9;0;100;101;100;101;100;102;100;46;46;0;1.799;1.799;0.000;0.000;14.700;1.000;6.5;0.0;0;31;3.000;2.764;12.9;-230;0;0;-8.8;0;0;0;0;0;98;0;0;1841;101.25;0;0;0;0;0;0;0;0;0;0;0;0;0;0;0;0;31;0;37.0;37.0;2;0;0.00;0.00;0.00;0.0;0.0
151.140;174;1085;37;40145;0.5;13.000;0.884;32;85;9;0;100;101;100;101;100;102;100;46;46;0;1.799;1.799;0.000;0.000;14.700;1.000;6.5;0.0;0;30;3.000;3.019;12.9;-50;0;0;-8.8;0;0;0;0;0;98;0;0;1841;101.81;0;0;0;0;0;0;0;0;0;0;0;0;0;0;0;0;30;0;37.0;37.0;2;0;0.00;0.00;0.00;0.0;0.0
151.205;174;1072;37;39664;0.5;13.300;0.905;32;85;9;0;100;101;100;101;100;102;100;46;46;0;1.799;1.799;0.000;0.000;14.700;1.000;6.4;0.0;0;30;3.000;2.911;12.9;-50;0;0;-8.8;0;0;0;0;0;98;0;0;1841;103.04;0;0;0;0;0;0;0;0;0;0;0;0;0;0;0;0;30;0;37.0;37.0;2;0;0.00;0.00;0.00;0.0;0.0
151.275;174;1068;37;39516;0.5;13.200;0.898;32;85;9;0;100;101;100;101;100;102;100;46;46;0;1.799;1.799;0.000;0.000;14.700;1.000;6.4;0.0;0;31;3.000;2.667;12.9;-130;0;0;-8.8;0;0;0;0;0;98;0;0;1841;103.43;0;0;0;0;0;0;0;0;0;0;0;0;0;0;0;0;31;0;37.0;37.0;2;0;0.00;0.00;0.00;0.0;0.0
151.339;174;1047;37;38739;0.5;13.000;0.884;32;85;9;0;100;101;100;101;100;102;100;46;46;0;1.799;1.799;0.000;0.000;14.700;1.000;6.3;0.0;0;30;3.000;2.584;12.9;-250;0;0;-8.8;0;0;0;0;0;98;0;0;1841;105.50;0;0;0;0;0;0;0;0;0;0;0;0;0;0;0;0;30;0;37.0;37.0;2;0;0.00;0.00;0.00;0.0;0.0
151.404;174;1041;38;39558;0.5;12.900;0.878;32;85;9;0;100;101;100;101;100;102;100;46;46;0;1.815;1.815;0.000;0.000;14.700;1.000;6.3;0.0;0;30;3.000;2.917;12.9;-250;0;0;-8.7;0;0;0;0;0;98;0;0;1841;106.11;0;0;0;0;0;0;0;0;0;0;0;0;0;0;0;0;30;0;38.0;38.0;2;0;0.00;0.00;0.00;0.0;0.0
151.471;174;1025;38;38950;0.5;12.900;0.878;32;85;9;0;100;101;100;101;100;102;100;46;46;0;1.815;1.815;0.000;0.000;14.700;1.000;6.2;0.0;0;30;3.000;2.554;12.9;-60;0;0;-8.7;0;0;0;0;0;98;0;0;1841;107.77;0;0;0;0;0;0;0;0;0;0;0;0;0;0;0;0;30;0;38.0;38.0;2;0;0.00;0.00;0.00;0.0;0.0
151.535;174;1016;38;38608;0.5;12.900;0.878;32;85;9;0;100;101;100;101;100;102;100;46;46;0;1.815;1.815;0.000;0.000;14.700;1.000;6.1;0.0;0;30;3.000;2.806;12.9;-250;0;0;-8.7;0;0;0;0;0;98;0;0;1841;108.72;0;0;0;0;0;0;0;0;0;0;0;0;0;0;0;0;30;0;38.0;38.0;2;0;0.00;0.00;0.00;0.0;0.0
151.602;174;1016;39;39624;0.5;12.900;0.878;32;85;9;0;100;101;100;101;100;102;100;47;47;0;1.830;1.830;0.000;0.000;14.700;1.000;6.2;0.0;0;30;3.000;2.980;12.9;-250;0;0;-8.6;0;0;0;0;0;98;0;0;1841;108.72;0;0;0;0;0;0;0;0;0;0;0;0;0;0;0;0;30;0;39.0;39.0;2;0;0.00;0.00;0.00;0.0;0.0
151.671;174;992;39;38688;0.5;12.700;0.864;32;85;9;0;100;101;100;101;100;102;100;47;47;0;1.830;1.830;0.000;0.000;14.700;1.000;6.1;0.0;0;29;3.000;2.818;12.9;0;0;0;-8.6;0;0;0;0;0;98;0;0;1841;111.35;0;0;0;0;0;0;0;0;0;0;0;0;0;0;0;0;29;0;39.0;39.0;2;0;0.00;0.00;0.00;0.0;0.0
151.737;175;997;40;39880;0.5;12.900;0.878;32;86;9;0;100;101;100;101;100;102;100;47;47;0;1.838;1.838;0.000;0.000;14.700;1.000;6.1;0.0;0;29;3.000;2.853;12.9;-190;0;0;-8.4;0;0;0;0;0;98;0;0;1855;111.63;0;0;0;0;0;0;0;0;0;0;0;0;0;0;0;0;29;0;40.0;40.0;2;0;0.00;0.00;0.00;0.0;0.0
151.803;175;990;40;39600;0.5;13.300;0.905;32;86;9;0;100;101;100;101;100;102;100;47;47;0;1.838;1.838;0.000;0.000;14.700;1.000;6.1;0.0;0;29;3.000;2.725;12.9;-190;0;0;-8.4;0;0;0;0;0;98;0;0;1855;112.42;0;0;0;0;0;0;0;0;0;0;0;0;0;0;0;0;29;0;40.0;40.0;2;0;0.00;0.00;0.00;0.0;0.0
151.872;175;982;40;39280;0.5;13.200;0.898;32;86;9;0;100;101;100;101;100;102;100;47;47;0;1.838;1.838;0.000;0.000;14.700;1.000;6.0;0.0;0;29;3.000;2.744;12.9;-70;0;0;-8.4;0;0;0;0;0;98;0;0;1855;113.34;0;0;0;0;0;0;0;0;0;0;0;0;0;0;0;0;29;0;40.0;40.0;2;0;0.00;0.00;0.00;0.0;0.0
151.937;175;971;40;38840;0.5;13.500;0.918;32;86;9;0;100;101;100;101;100;102;100;47;47;0;1.838;1.838;0.000;0.000;14.700;1.000;5.9;0.0;0;29;3.000;2.533;12.9;-190;0;0;-8.4;0;0;0;0;0;98;0;0;1855;114.62;0;0;0;0;0;0;0;0;0;0;0;0;0;0;0;0;29;0;40.0;40.0;2;0;0.00;0.00;0.00;0.0;0.0
152.003;175;964;41;39524;0.5;14.200;0.966;32;86;9;0;100;101;100;101;100;102;100;48;48;0;1.841;1.841;0.000;0.000;14.700;1.000;5.9;0.0;0;29;3.000;2.718;13.0;-190;0;0;-8.3;0;0;0;0;0;98;0;0;1855;115.46;0;0;0;0;0;0;0;0;0;0;0;0;0;0;0;0;29;0;41.0;41.0;2;0;0.00;0.00;0.00;0.0;0.0
152.068;175;946;41;38786;0.5;16.200;1.102;32;86;9;0;100;101;100;101;100;102;100;47;47;0;1.834;1.834;0.000;0.000;14.700;1.000;5.8;0.0;0;28;3.000;2.572;13.0;-130;0;0;-8.3;0;0;0;0;0;98;0;0;1855;117.65;0;0;0;0;0;0;0;0;0;0;0;0;0;0;0;0;28;0;41.0;41.0;2;0;0.00;0.00;0.00;0.0;0.0
152.138;175;947;41;38827;0.5;18.700;1.272;32;86;9;0;100;101;100;101;100;102;100;47;47;0;1.834;1.834;0.000;0.000;14.700;1.000;5.8;0.0;0;28;3.000;2.909;13.0;-110;0;0;-8.3;0;0;0;0;0;98;0;0;1855;117.53;0;0;0;0;0;0;0;0;0;0;0;0;0;0;0;0;28;0;41.0;41.0;2;0;0.00;0.00;0.00;0.0;0.0
152.205;175;917;42;38514;0.5;19.500;1.327;32;86;9;0;100;101;100;101;100;102;100;48;48;0;1.858;1.858;0.000;0.000;14.700;1.000;5.7;0.0;0;27;3.000;2.412;13.0;-110;0;0;-8.1;0;0;0;0;0;98;0;0;1855;121.37;0;0;0;0;0;0;0;0;0;0;0;0;0;0;0;0;27;0;42.0;42.0;2;0;0.00;0.00;0.00;0.0;0.0
152.275;175;902;43;38786;0.5;19.700;1.340;32;86;9;0;100;101;100;101;100;102;100;48;48;0;1.866;1.866;0.000;0.000;14.700;1.000;5.6;0.0;0;28;3.000;2.533;13.0;-400;0;0;-8.0;0;0;0;0;0;98;0;0;1855;123.39;0;0;0;0;0;0;0;0;0;0;0;0;0;0;0;0;28;0;43.0;43.0;2;0;0.00;0.00;0.00;0.0;0.0
152.340;175;914;43;39302;0.5;19.700;1.340;32;86;9;0;100;101;100;101;100;102;100;49;49;0;1.880;1.880;0.000;0.000;14.700;1.000;5.7;0.0;0;28;3.000;2.828;13.0;-400;0;0;-8.0;0;0;0;0;0;98;0;0;1855;121.77;0;0;0;0;0;0;0;0;0;0;0;0;0;0;0;0;28;0;43.0;43.0;2;0;0.00;0.00;0.00;0.0;0.0
152.404;175;885;43;38055;0.5;19.700;1.340;32;86;9;0;100;101;100;101;100;102;100;48;48;0;1.866;1.866;0.000;0.000;14.700;1.000;5.5;0.0;0;27;3.000;2.349;13.0;70;0;0;-8.0;0;0;0;0;0;98;0;0;1855;125.76;0;0;0;0;0;0;0;0;0;0;0;0;0;0;0;0;27;0;43.0;43.0;2;0;0.00;0.00;0.00;0.0;0.0
152.470;175;848;44;37312;0.5;19.700;1.340;32;86;9;0;100;101;100;101;100;102;100;48;48;0;1.874;1.874;0.000;0.000;14.700;1.000;5.3;0.0;0;26;3.000;1.882;13.0;-530;0;0;-7.8;0;0;0;0;0;98;0;0;1855;131.25;0;0;0;0;0;0;0;0;0;0;0;0;0;0;0;0;26;0;44.0;44.0;2;0;0.00;0.00;0.00;0.0;0.0
152.540;175;865;45;38925;0.5;19.700;1.340;32;86;9;0;100;101;100;101;100;102;100;49;49;0;1.906;1.906;0.000;0.000;14.700;1.000;5.5;0.0;0;26;3.000;2.953;13.0;-530;0;0;-7.7;0;0;0;0;0;98;0;0;1855;128.67;0;0;0;0;0;0;0;0;0;0;0;0;0;0;0;0;26;0;45.0;45.0;2;0;0.00;0.00;0.00;0.0;0.0
152.605;175;870;45;39150;0.5;19.700;1.340;32;86;9;0;100;101;100;101;100;102;100;49;49;0;1.906;1.906;0.000;0.000;14.700;1.000;5.5;0.0;0;26;3.000;3.057;13.0;40;0;0;-7.7;0;0;0;0;0;98;0;0;1855;127.93;0;0;0;0;0;0;0;0;0;0;0;0;0;0;0;0;26;0;45.0;45.0;2;0;0.00;0.00;0.00;0.0;0.0
152.670;175;880;45;39600;0.5;19.700;1.340;32;86;9;0;100;101;100;101;100;102;100;49;49;0;1.906;1.906;0.000;0.000;14.700;1.000;5.6;0.0;0;27;3.000;2.864;13.0;150;0;0;-7.7;0;0;0;0;0;98;0;0;1855;126.48;0;0;0;0;0;0;0;0;0;0;0;0;0;0;0;0;27;0;45.0;45.0;2;0;0.00;0.00;0.00;0.0;0.0
152.736;175;849;45;38205;0.5;19.700;1.340;32;86;9;0;100;101;100;101;100;102;100;48;48;0;1.890;1.890;0.000;0.000;14.700;1.000;5.3;0.0;0;26;3.000;2.081;13.0;150;0;0;-7.7;0;0;0;0;0;98;0;0;1855;131.10;0;0;0;0;0;0;0;0;0;0;0;0;0;0;0;0;26;0;45.0;45.0;2;0;0.00;0.00;0.00;0.0;0.0
152.806;176;857;46;39422;0.5;19.700;1.340;32;86;9;0;100;101;100;101;100;102;100;49;49;0;1.914;1.914;0.000;0.000;14.700;1.000;5.5;0.0;0;26;3.000;3.250;13.0;-370;0;0;-7.5;0;0;0;0;0;98;0;0;1850;129.52;0;0;0;0;0;0;0;0;0;0;0;0;0;0;0;0;26;0;46.0;46.0;2;0;0.00;0.00;0.00;0.0;0.0
152.871;176;891;45;40095;0.5;19.700;1.340;32;86;9;0;100;101;100;101;100;102;100;49;49;0;1.906;1.906;0.000;0.000;14.700;1.000;5.7;0.0;0;27;3.000;3.313;13.0;480;0;0;-7.7;0;0;0;0;0;98;0;0;1850;124.58;0;0;0;0;0;0;0;0;0;0;0;0;0;0;0;0;27;0;45.0;45.0;2;0;0.00;0.00;0.00;0.0;0.0
152.937;176;927;44;40788;0.5;19.700;1.340;32;86;9;0;100;101;100;101;100;102;100;49;49;0;1.888;1.888;0.000;0.000;14.700;1.000;5.8;0.0;0;28;3.000;3.186;13.0;480;0;0;-7.8;0;0;0;0;0;98;0;0;1850;119.74;0;0;0;0;0;0;0;0;0;0;0;0;0;0;0;0;28;0;44.0;44.0;2;0;0.00;0.00;0.00;0.0;0.0
153.003;176;934;43;40162;0.5;19.700;1.340;32;86;9;0;100;101;100;101;100;102;100;53;53;0;1.917;1.917;0.000;0.000;14.700;1.000;6.0;0.0;0;28;3.000;2.795;13.0;360;0;0;-8.0;0;0;0;0;0;98;0;0;1850;118.84;0;0;0;0;0;0;0;0;0;0;0;0;0;0;0;0;28;0;43.0;43.0;2;0;0.00;0.00;0.00;0.0;0.0
153.080;176;957;42;40194;0.5;19.700;1.340;32;86;9;0;100;101;100;101;100;102;100;52;52;0;1.901;1.901;0.000;0.000;14.700;1.000;6.1;0.0;0;28;3.000;3.427;13.0;210;0;0;-8.1;0;0;0;0;0;98;0;0;1850;115.99;0;0;0;0;0;0;0;0;0;0;0;0;0;0;0;0;28;0;42.0;42.0;2;0;0.00;0.00;0.00;0.0;0.0
153.142;176;969;42;40698;0.5;19.700;1.340;32;86;9;0;100;101;100;101;100;102;100;51;51;0;1.886;1.886;0.000;0.000;14.700;1.000;6.1;0.0;0;29;3.000;2.824;13.0;210;0;0;-8.1;0;0;0;0;0;98;0;0;1850;114.55;0;0;0;0;0;0;0;0;0;0;0;0;0;0;0;0;29;0;42.0;42.0;2;0;0.00;0.00;0.00;0.0;0.0
153.209;176;982;41;40262;0.5;19.700;1.340;32;86;9;0;100;101;100;101;100;102;100;51;51;0;1.869;1.869;0.000;0.000;14.700;1.000;6.1;0.0;0;29;3.000;3.133;13.0;210;0;0;-8.3;0;0;0;0;0;98;0;0;1850;113.03;0;0;0;0;0;0;0;0;0;0;0;0;0;0;0;0;29;0;41.0;41.0;2;0;0.00;0.00;0.00;0.0;0.0
153.275;176;983;41;40303;0.5;19.700;1.340;32;86;9;0;100;101;100;101;100;102;100;51;51;0;1.929;1.929;0.000;0.000;14.700;1.000;6.3;0.0;0;29;3.000;3.001;12.5;70;0;0;-8.3;0;0;0;0;0;98;0;0;1850;112.92;0;0;0;0;0;0;0;0;0;0;0;0;0;0;0;0;29;0;41.0;41.0;2;0;0.00;0.00;0.00;0.0;0.0
153.338;176;996;41;40836;0.5;19.700;1.340;32;86;9;0;100;101;100;101;100;102;100;51;51;0;1.929;1.929;0.000;0.000;14.700;1.000;6.4;0.0;0;29;3.000;2.982;12.5;70;0;0;-8.3;0;0;0;0;0;98;0;0;1850;111.45;0;0;0;0;0;0;0;0;0;0;0;0;0;0;0;0;29;0;41.0;41.0;2;0;0.00;0.00;0.00;0.0;0.0
153.403;176;1009;40;40360;0.5;19.700;1.340;32;86;9;0;100;101;100;101;100;102;100;50;50;0;1.914;1.914;0.000;0.000;14.700;1.000;6.4;0.0;0;30;3.000;3.356;12.5;160;0;0;-8.4;0;0;0;0;0;98;0;0;1850;110.01;0;0;0;0;0;0;0;0;0;0;0;0;0;0;0;0;30;0;40.0;40.0;2;0;0.00;0.00;0.00;0.0;0.0
153.469;176;1018;40;40720;0.5;19.700;1.340;32;86;9;0;100;101;100;101;100;102;100;50;50;0;1.914;1.914;0.000;0.000;14.700;1.000;6.5;0.0;0;30;3.000;2.948;12.5;210;0;0;-8.4;0;0;0;0;0;98;0;0;1850;109.04;0;0;0;0;0;0;0;0;0;0;0;0;0;0;0;0;30;0;40.0;40.0;2;0;0.00;0.00;0.00;0.0;0.0
153.535;176;1046;37;38702;0.5;19.700;1.340;32;86;9;0;100;101;100;101;100;102;100;45;45;0;1.817;1.817;0.000;0.000;14.700;1.000;6.3;0.0;0;30;3.000;3.168;12.7;210;0;0;-8.8;0;0;0;0;0;98;0;0;1850;106.12;0;0;0;0;0;0;0;0;0;0;0;0;0;0;0;0;30;0;37.0;37.0;2;0;0.00;0.00;0.00;0.0;0.0
153.605;176;1037;39;40443;0.5;18.500;1.259;32;86;9;0;100;101;100;101;100;102;100;48;48;0;1.861;1.861;0.000;0.000;14.700;1.000;6.4;0.0;0;30;3.000;2.677;12.7;380;0;0;-8.6;0;0;0;0;0;98;0;0;1850;107.04;0;0;0;0;0;0;0;0;0;0;0;0;0;0;0;0;30;0;39.0;39.0;2;0;0.00;0.00;0.00;0.0;0.0
153.670;176;1053;38;40014;0.5;17.400;1.184;32;86;9;0;100;101;100;101;100;102;100;47;47;0;1.846;1.846;0.000;0.000;14.700;1.000;6.5;0.0;0;30;3.000;3.067;12.7;-30;0;0;-8.7;0;0;0;0;0;98;0;0;1850;105.41;0;0;0;0;0;0;0;0;0;0;0;0;0;0;0;0;30;0;38.0;38.0;2;0;0.00;0.00;0.00;0.0;0.0
153.736;176;1058;38;40204;0.5;16.700;1.136;32;86;9;0;100;101;100;101;100;102;100;46;46;0;1.839;1.839;0.000;0.000;14.700;1.000;6.5;0.0;0;30;3.000;3.070;12.7;-30;0;0;-8.7;0;0;0;0;0;98;0;0;1850;104.91;0;0;0;0;0;0;0;0;0;0;0;0;0;0;0;0;30;0;38.0;38.0;2;0;0.00;0.00;0.00;0.0;0.0
153.805;177;1071;38;40698;0.5;16.800;1.143;32;86;9;0;100;101;100;101;100;102;100;46;46;0;1.815;1.815;0.000;0.000;14.700;1.000;6.5;0.0;0;30;3.000;3.000;12.9;170;0;0;-8.7;0;0;0;0;0;98;0;0;1855;103.92;0;0;0;0;0;0;0;0;0;0;0;0;0;0;0;0;30;0;38.0;38.0;2;0;0.00;0.00;0.00;0.0;0.0
153.870;177;1065;38;40470;0.5;16.700;1.136;32;86;9;0;100;101;100;101;100;102;100;47;47;0;1.822;1.822;0.000;0.000;14.700;1.000;6.5;0.0;0;30;3.000;2.929;12.9;-40;0;0;-8.7;0;0;0;0;0;98;0;0;1855;104.51;0;0;0;0;0;0;0;0;0;0;0;0;0;0;0;0;30;0;38.0;38.0;2;0;0.00;0.00;0.00;0.0;0.0
153.937;177;1064;38;40432;0.5;15.600;1.061;32;86;9;0;100;101;100;101;100;102;100;47;47;0;1.822;1.822;0.000;0.000;14.700;1.000;6.5;0.0;0;30;3.000;2.746;12.9;-40;0;0;-8.7;0;0;0;0;0;98;0;0;1855;104.61;0;0;0;0;0;0;0;0;0;0;0;0;0;0;0;0;30;0;38.0;38.0;2;0;0.00;0.00;0.00;0.0;0.0
154.006;177;1080;37;39960;0.5;14.600;0.993;32;86;9;0;100;101;100;101;100;102;100;45;45;0;1.793;1.793;0.000;0.000;14.700;1.000;6.5;0.0;0;30;3.000;2.801;12.9;130;0;0;-8.8;0;0;0;0;0;98;0;0;1855;103.06;0;0;0;0;0;0;0;0;0;0;0;0;0;0;0;0;30;0;37.0;37.0;2;0;0.00;0.00;0.00;0.0;0.0
154.074;177;1085;37;40145;0.5;14.200;0.966;32;86;9;0;100;101;100;101;100;102;100;44;44;0;1.781;1.781;0.000;0.000;14.700;1.000;6.4;0.0;0;30;3.000;2.942;12.9;110;0;0;-8.8;0;0;0;0;0;98;0;0;1855;102.58;0;0;0;0;0;0;0;0;0;0;0;0;0;0;0;0;30;0;37.0;37.0;2;0;0.00;0.00;0.00;0.0;0.0
154.141;177;1085;37;40145;0.5;13.700;0.932;32;86;9;0;100;101;100;101;100;102;100;44;44;0;1.781;1.781;0.000;0.000;14.700;1.000;6.4;0.0;0;30;3.000;2.923;12.9;110;0;0;-8.8;0;0;0;0;0;98;0;0;1855;102.58;0;0;0;0;0;0;0;0;0;0;0;0;0;0;0;0;30;0;37.0;37.0;2;0;0.00;0.00;0.00;0.0;0.0
154.206;177;1064;37;39368;0.5;13.200;0.898;32;86;9;0;100;101;100;101;100;102;100;44;44;0;1.781;1.781;0.000;0.000;14.700;1.000;6.3;0.0;0;30;3.000;2.677;12.9;-150;0;0;-8.8;0;0;0;0;0;98;0;0;1855;104.61;0;0;0;0;0;0;0;0;0;0;0;0;0;0;0;0;30;0;37.0;37.0;2;0;0.00;0.00;0.00;0.0;0.0
154.273;177;1049;37;38813;0.5;13.200;0.898;32;86;9;0;100;101;100;101;100;102;100;45;45;0;1.793;1.793;0.000;0.000;14.700;1.000;6.3;0.0;0;30;3.000;2.752;12.9;-210;0;0;-8.8;0;0;0;0;0;98;0;0;1855;106.10;0;0;0;0;0;0;0;0;0;0;0;0;0;0;0;0;30;0;37.0;37.0;2;0;0.00;0.00;0.00;0.0;0.0
154.338;177;1065;38;40470;0.5;14.100;0.959;32;86;9;0;100;101;100;101;100;102;100;47;47;0;1.822;1.822;0.000;0.000;14.700;1.000;6.5;0.0;0;30;3.000;2.998;12.9;-210;0;0;-8.7;0;0;0;0;0;98;0;0;1855;104.51;0;0;0;0;0;0;0;0;0;0;0;0;0;0;0;0;30;0;38.0;38.0;2;0;0.00;0.00;0.00;0.0;0.0
154.403;177;1055;38;40090;0.5;14.100;0.959;32;86;9;0;100;101;100;101;100;102;100;46;46;0;1.815;1.815;0.000;0.000;14.700;1.000;6.4;0.0;0;30;3.000;2.761;12.9;140;0;0;-8.7;0;0;0;0;0;98;0;0;1855;105.50;0;0;0;0;0;0;0;0;0;0;0;0;0;0;0;0;30;0;38.0;38.0;2;0;0.00;0.00;0.00;0.0;0.0
154.469;177;1036;38;39368;0.5;14.100;0.959;32;86;9;0;100;101;100;101;100;102;100;46;46;0;1.815;1.815;0.000;0.000;14.700;1.000;6.3;0.0;0;30;3.000;2.785;12.9;140;0;0;-8.7;0;0;0;0;0;98;0;0;1855;107.43;0;0;0;0;0;0;0;0;0;0;0;0;0;0;0;0;30;0;38.0;38.0;2;0;0.00;0.00;0.00;0.0;0.0
154.538;177;1049;38;39862;0.5;14.300;0.973;32;86;9;0;100;101;100;101;100;102;100;46;46;0;1.815;1.815;0.000;0.000;14.700;1.000;6.3;0.0;0;30;3.000;3.277;12.9;-270;0;0;-8.7;0;0;0;0;0;98;0;0;1855;106.10;0;0;0;0;0;0;0;0;0;0;0;0;0;0;0;0;30;0;38.0;38.0;2;0;0.00;0.00;0.00;0.0;0.0
154.603;177;1033;38;39254;0.5;14.500;0.986;32;86;9;0;100;101;100;101;100;102;100;46;46;0;1.815;1.815;0.000;0.000;14.700;1.000;6.2;0.0;0;30;3.000;2.903;12.9;190;0;0;-8.7;0;0;0;0;0;98;0;0;1855;107.74;0;0;0;0;0;0;0;0;0;0;0;0;0;0;0;0;30;0;38.0;38.0;2;0;0.00;0.00;0.00;0.0;0.0
154.669;177;1006;39;39234;0.5;14.400;0.980;32;86;9;0;100;101;100;101;100;102;100;48;48;0;1.837;1.837;0.000;0.000;14.700;1.000;6.2;0.0;0;30;3.000;2.579;12.9;190;0;0;-8.6;0;0;0;0;0;98;0;0;1855;110.64;0;0;0;0;0;0;0;0;0;0;0;0;0;0;0;0;30;0;39.0;39.0;2;0;0.00;0.00;0.00;0.0;0.0
154.739;177;995;39;38805;0.5;15.000;1.020;32;86;9;0;100;101;100;101;100;102;100;48;48;0;1.837;1.837;0.000;0.000;14.700;1.000;6.1;0.0;0;29;3.000;2.519;12.9;-490;0;0;-8.6;0;0;0;0;0;98;0;0;1855;111.86;0;0;0;0;0;0;0;0;0;0;0;0;0;0;0;0;29;0;39.0;39.0;2;0;0.00;0.00;0.00;0.0;0.0
154.805;178;987;40;39480;0.5;18.000;1.224;32;86;9;0;100;101;100;101;100;102;100;50;50;0;1.866;1.866;0.000;0.000;14.700;1.000;6.1;0.0;0;29;3.000;2.843;12.9;-190;0;0;-8.4;0;0;0;0;0;98;0;0;1854;112.71;0;0;0;0;0;0;0;0;0;0;0;0;0;0;0;0;29;0;40.0;40.0;2;0;0.00;0.00;0.00;0.0;0.0
154.871;178;976;40;39040;0.5;18.200;1.238;32;86;9;0;100;101;100;101;100;102;100;50;50;0;1.866;1.866;0.000;0.000;14.700;1.000;6.1;0.0;0;29;3.000;2.734;12.9;-190;0;0;-8.4;0;0;0;0;0;98;0;0;1854;113.98;0;0;0;0;0;0;0;0;0;0;0;0;0;0;0;0;29;0;40.0;40.0;2;0;0.00;0.00;0.00;0.0;0.0
154.935;178;980;40;39200;0.5;18.900;1.286;32;86;9;0;100;101;100;101;100;102;100;50;50;0;1.866;1.866;0.000;0.000;14.700;1.000;6.1;0.0;0;29;3.000;2.975;12.9;-120;0;0;-8.4;0;0;0;0;0;98;0;0;1854;113.51;0;0;0;0;0;0;0;0;0;0;0;0;0;0;0;0;29;0;40.0;40.0;2;0;0.00;0.00;0.00;0.0;0.0
155.001;178;990;41;40590;0.5;19.600;1.333;32;86;9;0;100;101;100;101;100;102;100;51;51;0;1.881;1.881;0.000;0.000;14.700;1.000;6.2;0.0;0;29;3.000;2.803;12.9;20;0;0;-8.3;0;0;0;0;0;98;0;0;1854;112.36;0;0;0;0;0;0;0;0;0;0;0;0;0;0;0;0;29;0;41.0;41.0;2;0;0.00;0.00;0.00;0.0;0.0
155.067;178;990;41;40590;0.5;19.700;1.340;32;86;9;0;100;101;100;101;100;102;100;51;51;0;1.881;1.881;0.000;0.000;14.700;1.000;6.2;0.0;0;29;3.000;2.871;12.9;20;0;0;-8.3;0;0;0;0;0;98;0;0;1854;112.36;0;0;0;0;0;0;0;0;0;0;0;0;0;0;0;0;29;0;41.0;41.0;2;0;0.00;0.00;0.00;0.0;0.0
155.138;178;974;41;39934;0.5;19.700;1.340;32;86;9;0;100;101;100;101;100;102;100;51;51;0;1.881;1.881;0.000;0.000;14.700;1.000;6.1;0.0;0;29;3.000;2.785;12.9;130;0;0;-8.3;0;0;0;0;0;98;0;0;1854;114.21;0;0;0;0;0;0;0;0;0;0;0;0;0;0;0;0;29;0;41.0;41.0;2;0;0.00;0.00;0.00;0.0;0.0
155.205;178;980;40;39200;0.5;19.700;1.340;32;86;9;0;100;101;100;101;100;102;100;50;50;0;1.866;1.866;0.000;0.000;14.700;1.000;6.1;0.0;0;29;3.000;3.077;12.9;-100;0;0;-8.4;0;0;0;0;0;98;0;0;1854;113.51;0;0;0;0;0;0;0;0;0;0;0;0;0;0;0;0;29;0;40.0;40.0;2;0;0.00;0.00;0.00;0.0;0.0
155.272;178;1004;40;40160;0.5;19.700;1.340;32;86;9;0;100;101;100;101;100;102;100;50;50;0;1.866;1.866;0.000;0.000;14.700;1.000;6.2;0.0;0;30;3.000;3.323;12.9;-100;0;0;-8.4;0;0;0;0;0;98;0;0;1854;110.80;0;0;0;0;0;0;0;0;0;0;0;0;0;0;0;0;30;0;40.0;40.0;2;0;0.00;0.00;0.00;0.0;0.0
155.337;178;1013;40;40520;0.5;19.700;1.340;32;86;9;0;100;101;100;101;100;102;100;50;50;0;1.866;1.866;0.000;0.000;14.700;1.000;6.3;0.0;0;30;3.000;3.046;12.9;240;0;0;-8.4;0;0;0;0;0;98;0;0;1854;109.81;0;0;0;0;0;0;0;0;0;0;0;0;0;0;0;0;30;0;40.0;40.0;2;0;0.00;0.00;0.00;0.0;0.0
155.403;178;1024;40;40960;0.5;19.700;1.340;32;86;9;0;100;101;100;101;100;102;100;50;50;0;1.866;1.866;0.000;0.000;14.700;1.000;6.4;0.0;0;30;3.000;2.896;12.9;200;0;0;-8.4;0;0;0;0;0;98;0;0;1854;108.63;0;0;0;0;0;0;0;0;0;0;0;0;0;0;0;0;30;0;40.0;40.0;2;0;0.00;0.00;0.00;0.0;0.0
155.467;178;1022;39;39858;0.5;19.700;1.340;32;86;9;0;100;101;100;101;100;102;100;48;48;0;1.837;1.837;0.000;0.000;14.700;1.000;6.3;0.0;0;30;3.000;2.712;12.9;200;0;0;-8.6;0;0;0;0;0;98;0;0;1854;108.85;0;0;0;0;0;0;0;0;0;0;0;0;0;0;0;0;30;0;39.0;39.0;2;0;0.00;0.00;0.00;0.0;0.0
155.534;178;1049;39;40911;0.5;19.700;1.340;32;86;9;0;100;101;100;101;100;102;100;48;48;0;1.837;1.837;0.000;0.000;14.700;1.000;6.4;0.0;0;30;3.000;3.122;12.9;120;0;0;-8.6;0;0;0;0;0;98;0;0;1854;106.04;0;0;0;0;0;0;0;0;0;0;0;0;0;0;0;0;30;0;39.0;39.0;2;0;0.00;0.00;0.00;0.0;0.0
155.604;178;1050;39;40950;0.5;19.700;1.340;32;86;9;0;100;101;100;101;100;102;100;48;48;0;1.837;1.837;0.000;0.000;14.700;1.000;6.4;0.0;0;30;3.000;3.057;12.9;140;0;0;-8.6;0;0;0;0;0;98;0;0;1854;105.94;0;0;0;0;0;0;0;0;0;0;0;0;0;0;0;0;30;0;39.0;39.0;2;0;0.00;0.00;0.00;0.0;0.0
155.669;178;1058;38;40204;0.5;19.700;1.340;32;86;9;0;100;101;100;101;100;102;100;46;46;0;1.815;1.815;0.000;0.000;14.700;1.000;6.4;0.0;0;30;3.000;2.893;12.9;140;0;0;-8.7;0;0;0;0;0;98;0;0;1854;105.14;0;0;0;0;0;0;0;0;0;0;0;0;0;0;0;0;30;0;38.0;38.0;2;0;0.00;0.00;0.00;0.0;0.0
155.737;178;1042;38;39596;0.5;19.700;1.340;32;86;9;0;100;101;100;101;100;102;100;47;47;0;1.822;1.822;0.000;0.000;14.700;1.000;6.3;0.0;0;30;3.000;2.867;12.9;-60;0;0;-8.7;0;0;0;0;0;98;0;0;1854;106.76;0;0;0;0;0;0;0;0;0;0;0;0;0;0;0;0;30;0;38.0;38.0;2;0;0.00;0.00;0.00;0.0;0.0
155.803;179;1032;38;39216;0.5;17.400;1.184;32;86;9;0;100;101;100;101;100;102;100;46;46;0;1.815;1.815;0.000;0.000;14.700;1.000;6.2;0.0;0;30;3.000;2.796;12.9;-120;0;0;-8.7;0;0;0;0;0;98;0;0;1862;108.26;0;0;0;0;0;0;0;0;0;0;0;0;0;0;0;0;30;0;38.0;38.0;2;0;0.00;0.00;0.00;0.0;0.0
155.870;179;1038;38;39444;0.5;16.400;1.116;32;86;9;0;100;101;100;101;100;102;100;46;46;0;1.815;1.815;0.000;0.000;14.700;1.000;6.3;0.0;0;30;3.000;2.893;12.9;-120;0;0;-8.7;0;0;0;0;0;98;0;0;1862;107.63;0;0;0;0;0;0;0;0;0;0;0;0;0;0;0;0;30;0;38.0;38.0;2;0;0.00;0.00;0.00;0.0;0.0
155.934;179;1032;39;40248;0.5;16.300;1.109;32;86;9;0;100;101;100;101;100;102;100;48;48;0;1.837;1.837;0.000;0.000;14.700;1.000;6.3;0.0;0;30;3.000;2.764;12.9;60;0;0;-8.6;0;0;0;0;0;98;0;0;1862;108.26;0;0;0;0;0;0;0;0;0;0;0;0;0;0;0;0;30;0;39.0;39.0;2;0;0.00;0.00;0.00;0.0;0.0
156.001;179;1046;39;40794;0.5;16.400;1.116;32;86;9;0;100;101;100;101;100;102;100;48;48;0;1.837;1.837;0.000;0.000;14.700;1.000;6.4;0.0;0;30;3.000;3.089;12.9;80;0;0;-8.6;0;0;0;0;0;98;0;0;1862;106.81;0;0;0;0;0;0;0;0;0;0;0;0;0;0;0;0;30;0;39.0;39.0;2;0;0.00;0.00;0.00;0.0;0.0
156.070;179;1042;39;40638;0.5;14.900;1.014;32;86;9;0;100;101;100;101;100;102;100;48;48;0;1.837;1.837;0.000;0.000;14.700;1.000;6.4;0.0;0;30;3.000;2.910;12.9;80;0;0;-8.6;0;0;0;0;0;98;0;0;1862;107.22;0;0;0;0;0;0;0;0;0;0;0;0;0;0;0;0;30;0;39.0;39.0;2;0;0.00;0.00;0.00;0.0;0.0
156.135;179;1026;38;38988;0.5;13.600;0.925;32;86;9;0;100;101;100;101;100;102;100;47;47;0;1.822;1.822;0.000;0.000;14.700;1.000;6.2;0.0;0;30;3.000;2.905;12.9;-50;0;0;-8.7;0;0;0;0;0;98;0;0;1862;108.89;0;0;0;0;0;0;0;0;0;0;0;0;0;0;0;0;30;0;38.0;38.0;2;0;0.00;0.00;0.00;0.0;0.0
156.205;179;1026;39;40014;0.5;13.900;0.946;32;86;9;0;100;101;100;101;100;102;100;48;48;0;1.837;1.837;0.000;0.000;14.700;1.000;6.3;0.0;0;30;3.000;2.771;12.9;-150;0;0;-8.6;0;0;0;0;0;98;0;0;1862;108.89;0;0;0;0;0;0;0;0;0;0;0;0;0;0;0;0;30;0;39.0;39.0;2;0;0.00;0.00;0.00;0.0;0.0
156.271;179;1019;39;39741;0.5;14.400;0.980;32;86;9;0;100;101;100;101;100;102;100;48;48;0;1.837;1.837;0.000;0.000;14.700;1.000;6.2;0.0;0;30;3.000;2.629;12.9;-150;0;0;-8.6;0;0;0;0;0;98;0;0;1862;109.64;0;0;0;0;0;0;0;0;0;0;0;0;0;0;0;0;30;0;39.0;39.0;2;0;0.00;0.00;0.00;0.0;0.0
156.336;179;1023;39;39897;0.5;14.600;0.993;32;86;9;0;100;101;100;101;100;102;100;48;48;0;1.837;1.837;0.000;0.000;14.700;1.000;6.3;0.0;0;30;3.000;2.882;12.9;-40;0;0;-8.6;0;0;0;0;0;98;0;0;1862;109.21;0;0;0;0;0;0;0;0;0;0;0;0;0;0;0;0;30;0;39.0;39.0;2;0;0.00;0.00;0.00;0.0;0.0
156.400;179;1012;39;39468;0.5;15.100;1.027;32;86;9;0;100;101;100;101;100;102;100;48;48;0;1.837;1.837;0.000;0.000;14.700;1.000;6.2;0.0;0;30;3.000;2.568;12.9;-40;0;0;-8.6;0;0;0;0;0;98;0;0;1862;110.40;0;0;0;0;0;0;0;0;0;0;0;0;0;0;0;0;30;0;39.0;39.0;2;0;0.00;0.00;0.00;0.0;0.0
156.471;179;1003;39;39117;0.5;16.100;1.095;32;86;9;0;100;101;100;101;100;102;100;48;48;0;1.837;1.837;0.000;0.000;14.700;1.000;6.1;0.0;0;30;3.000;2.799;12.9;-100;0;0;-8.6;0;0;0;0;0;98;0;0;1862;111.39;0;0;0;0;0;0;0;0;0;0;0;0;0;0;0;0;30;0;39.0;39.0;2;0;0.00;0.00;0.00;0.0;0.0
156.538;179;1005;40;40200;0.5;17.000;1.156;32;86;9;0;100;101;100;101;100;102;100;50;50;0;1.866;1.866;0.000;0.000;14.700;1.000;6.3;0.0;0;30;3.000;3.055;12.9;-130;0;0;-8.4;0;0;0;0;0;98;0;0;1862;111.16;0;0;0;0;0;0;0;0;0;0;0;0;0;0;0;0;30;0;40.0;40.0;2;0;0.00;0.00;0.00;0.0;0.0
156.602;179;1009;40;40360;0.5;18.500;1.259;32;86;9;0;100;101;100;101;100;102;100;50;50;0;1.866;1.866;0.000;0.000;14.700;1.000;6.3;0.0;0;30;3.000;2.877;12.9;-130;0;0;-8.4;0;0;0;0;0;98;0;0;1862;110.72;0;0;0;0;0;0;0;0;0;0;0;0;0;0;0;0;30;0;40.0;40.0;2;0;0.00;0.00;0.00;0.0;0.0
156.672;179;1020;40;40800;0.5;18.200;1.238;32;86;9;0;100;101;100;101;100;102;100;50;50;0;1.866;1.866;0.000;0.000;14.700;1.000;6.3;0.0;0;30;3.000;3.106;12.9;90;0;0;-8.4;0;0;0;0;0;98;0;0;1862;109.53;0;0;0;0;0;0;0;0;0;0;0;0;0;0;0;0;30;0;40.0;40.0;2;0;0.00;0.00;0.00;0.0;0.0
156.736;179;999;40;39960;0.5;18.000;1.224;32;86;9;0;100;101;100;101;100;102;100;50;50;0;1.866;1.866;0.000;0.000;14.700;1.000;6.2;0.0;0;29;3.000;2.316;12.9;70;0;0;-8.4;0;0;0;0;0;98;0;0;1862;111.83;0;0;0;0;0;0;0;0;0;0;0;0;0;0;0;0;29;0;40.0;40.0;2;0;0.00;0.00;0.00;0.0;0.0
156.803;179;989;40;39560;0.5;18.800;1.279;32;86;9;0;100;101;100;101;100;102;100;50;50;0;1.866;1.866;0.000;0.000;14.700;1.000;6.2;0.0;0;29;3.000;2.828;12.9;70;0;0;-8.4;0;0;0;0;0;98;0;0;1862;112.96;0;0;0;0;0;0;0;0;0;0;0;0;0;0;0;0;29;0;40.0;40.0;2;0;0.00;0.00;0.00;0.0;0.0
156.868;180;986;40;39440;0.5;19.500;1.327;32;86;9;0;100;101;100;101;100;102;100;50;50;0;1.878;1.878;0.000;0.000;14.700;1.000;6.2;0.0;0;29;3.000;2.775;12.8;-260;0;0;-8.4;0;0;0;0;0;98;0;0;1847;112.39;0;0;0;0;0;0;0;0;0;0;0;0;0;0;0;0;29;0;40.0;40.0;2;0;0.00;0.00;0.00;0.0;0.0
156.934;180;1005;40;40200;0.5;19.700;1.340;32;86;9;0;100;101;100;101;100;102;100;50;50;0;1.878;1.878;0.000;0.000;14.700;1.000;6.3;0.0;0;30;3.000;3.205;12.8;160;0;0;-8.4;0;0;0;0;0;98;0;0;1847;110.27;0;0;0;0;0;0;0;0;0;0;0;0;0;0;0;0;30;0;40.0;40.0;2;0;0.00;0.00;0.00;0.0;0.0
156.999;180;1016;40;40640;0.5;19.700;1.340;32;86;9;0;100;101;100;101;100;102;100;50;50;0;1.878;1.878;0.000;0.000;14.700;1.000;6.4;0.0;0;30;3.000;2.738;12.8;160;0;0;-8.4;0;0;0;0;0;98;0;0;1847;109.07;0;0;0;0;0;0;0;0;0;0;0;0;0;0;0;0;30;0;40.0;40.0;2;0;0.00;0.00;0.00;0.0;0.0
157.069;180;1030;39;40170;0.5;19.700;1.340;32;86;9;0;100;101;100;101;100;102;100;48;48;0;1.849;1.849;0.000;0.000;14.700;1.000;6.3;0.0;0;30;3.000;3.056;12.8;110;0;0;-8.6;0;0;0;0;0;98;0;0;1847;107.59;0;0;0;0;0;0;0;0;0;0;0;0;0;0;0;0;30;0;39.0;39.0;2;0;0.00;0.00;0.00;0.0;0.0
157.139;180;1035;39;40365;0.5;19.700;1.340;32;86;9;0;100;101;100;101;100;102;100;48;48;0;1.849;1.849;0.000;0.000;14.700;1.000;6.4;0.0;0;30;3.000;3.214;12.8;190;0;0;-8.6;0;0;0;0;0;98;0;0;1847;107.07;0;0;0;0;0;0;0;0;0;0;0;0;0;0;0;0;30;0;39.0;39.0;2;0;0.00;0.00;0.00;0.0;0.0
157.204;180;1034;39;40326;0.5;19.700;1.340;32;86;9;0;100;101;100;101;100;102;100;48;48;0;1.849;1.849;0.000;0.000;14.700;1.000;6.4;0.0;0;30;3.000;2.881;12.8;190;0;0;-8.6;0;0;0;0;0;98;0;0;1847;107.18;0;0;0;0;0;0;0;0;0;0;0;0;0;0;0;0;30;0;39.0;39.0;2;0;0.00;0.00;0.00;0.0;0.0
157.270;180;1038;39;40482;0.5;19.600;1.333;32;86;9;0;100;101;100;101;100;102;100;48;48;0;1.849;1.849;0.000;0.000;14.700;1.000;6.4;0.0;0;30;3.000;2.980;12.8;-10;0;0;-8.6;0;0;0;0;0;98;0;0;1847;106.76;0;0;0;0;0;0;0;0;0;0;0;0;0;0;0;0;30;0;39.0;39.0;2;0;0.00;0.00;0.00;0.0;0.0
157.337;180;1038;39;40482;0.5;18.700;1.272;32;86;9;0;100;101;100;101;100;102;100;48;48;0;1.837;1.837;0.000;0.000;14.700;1.000;6.4;0.0;0;30;3.000;2.817;12.9;40;0;0;-8.6;0;0;0;0;0;98;0;0;1847;106.76;0;0;0;0;0;0;0;0;0;0;0;0;0;0;0;0;30;0;39.0;39.0;2;0;0.00;0.00;0.00;0.0;0.0
157.406;180;1060;38;40280;0.5;18.500;1.259;32;86;9;0;100;101;100;101;100;102;100;46;46;0;1.815;1.815;0.000;0.000;14.700;1.000;6.4;0.0;0;30;3.000;3.077;12.9;40;0;0;-8.7;0;0;0;0;0;98;0;0;1847;104.55;0;0;0;0;0;0;0;0;0;0;0;0;0;0;0;0;30;0;38.0;38.0;2;0;0.00;0.00;0.00;0.0;0.0
157.472;180;1055;38;40090;0.5;18.300;1.245;32;86;9;0;100;101;100;101;100;102;100;46;46;0;1.815;1.815;0.000;0.000;14.700;1.000;6.4;0.0;0;30;3.000;2.902;12.9;220;0;0;-8.7;0;0;0;0;0;98;0;0;1847;105.04;0;0;0;0;0;0;0;0;0;0;0;0;0;0;0;0;30;0;38.0;38.0;2;0;0.00;0.00;0.00;0.0;0.0
157.541;180;1052;38;39976;0.5;17.400;1.184;32;86;9;0;100;101;100;101;100;102;100;46;46;0;1.815;1.815;0.000;0.000;14.700;1.000;6.4;0.0;0;30;3.000;2.896;12.9;-80;0;0;-8.7;0;0;0;0;0;98;0;0;1847;105.34;0;0;0;0;0;0;0;0;0;0;0;0;0;0;0;0;30;0;38.0;38.0;2;0;0.00;0.00;0.00;0.0;0.0
157.606;180;1044;38;39672;0.5;17.300;1.177;32;86;9;0;100;101;100;101;100;102;100;46;46;0;1.803;1.803;0.000;0.000;14.700;1.000;6.3;0.0;0;30;3.000;3.013;13.0;-80;0;0;-8.7;0;0;0;0;0;98;0;0;1847;106.15;0;0;0;0;0;0;0;0;0;0;0;0;0;0;0;0;30;0;38.0;38.0;2;0;0.00;0.00;0.00;0.0;0.0
157.671;180;1026;38;38988;0.5;19.100;1.299;32;86;9;0;100;101;100;101;100;102;100;47;47;0;1.810;1.810;0.000;0.000;14.700;1.000;6.2;0.0;0;30;3.000;2.466;13.0;-80;0;0;-8.7;0;0;0;0;0;98;0;0;1847;108.01;0;0;0;0;0;0;0;0;0;0;0;0;0;0;0;0;30;0;38.0;38.0;2;0;0.00;0.00;0.00;0.0;0.0
157.738;180;1010;39;39390;0.5;17.000;1.156;32;86;9;0;100;101;100;101;100;102;100;48;48;0;1.825;1.825;0.000;0.000;14.700;1.000;6.1;0.0;0;30;3.000;2.598;13.0;-340;0;0;-8.6;0;0;0;0;0;98;0;0;1847;109.72;0;0;0;0;0;0;0;0;0;0;0;0;0;0;0;0;30;0;39.0;39.0;2;0;0.00;0.00;0.00;0.0;0.0
157.806;180;990;39;38610;0.5;16.100;1.095;32;86;9;0;100;101;100;101;100;102;100;48;48;0;1.825;1.825;0.000;0.000;14.700;1.000;6.0;0.0;0;30;3.000;2.422;13.0;-340;0;0;-8.6;0;0;0;0;0;98;0;0;1847;111.94;0;0;0;0;0;0;0;0;0;0;0;0;0;0;0;0;30;0;39.0;39.0;2;0;0.00;0.00;0.00;0.0;0.0
157.872;181;976;40;39040;0.5;15.200;1.034;32;86;9;0;100;101;100;101;100;102;100;50;50;0;1.854;1.854;0.000;0.000;14.700;1.000;6.0;0.0;0;29;3.000;2.857;13.0;-280;0;0;-8.4;0;0;0;0;0;98;0;0;1856;114.10;0;0;0;0;0;0;0;0;0;0;0;0;0;0;0;0;29;0;40.0;40.0;2;0;0.00;0.00;0.00;0.0;0.0
157.937;181;965;41;39565;0.5;14.400;0.980;32;86;9;0;100;101;100;101;100;102;100;51;51;0;1.869;1.869;0.000;0.000;14.700;1.000;6.0;0.0;0;29;3.000;2.525;13.0;-160;0;0;-8.3;0;0;0;0;0;98;0;0;1856;115.40;0;0;0;0;0;0;0;0;0;0;0;0;0;0;0;0;29;0;41.0;41.0;2;0;0.00;0.00;0.00;0.0;0.0
158.003;181;960;41;39360;0.5;14.500;0.986;32;86;9;0;100;101;100;101;100;102;100;51;51;0;1.869;1.869;0.000;0.000;14.700;1.000;6.0;0.0;0;29;3.000;2.776;13.0;-160;0;0;-8.3;0;0;0;0;0;98;0;0;1856;116.00;0;0;0;0;0;0;0;0;0;0;0;0;0;0;0;0;29;0;41.0;41.0;2;0;0.00;0.00;0.00;0.0;0.0
158.069;181;955;41;39155;0.5;16.800;1.143;32;86;9;0;100;101;100;101;100;102;100;51;51;0;1.869;1.869;0.000;0.000;14.700;1.000;5.9;0.0;0;28;3.000;2.948;13.0;-170;0;0;-8.3;0;0;0;0;0;98;0;0;1856;116.61;0;0;0;0;0;0;0;0;0;0;0;0;0;0;0;0;28;0;41.0;41.0;2;0;0.00;0.00;0.00;0.0;0.0
158.140;181;958;41;39278;0.5;17.500;1.190;32;86;9;0;100;101;100;101;100;102;100;51;51;0;1.881;1.881;0.000;0.000;14.700;1.000;6.0;0.0;0;28;3.000;2.905;12.9;90;0;0;-8.3;0;0;0;0;0;98;0;0;1856;116.24;0;0;0;0;0;0;0;0;0;0;0;0;0;0;0;0;28;0;41.0;41.0;2;0;0.00;0.00;0.00;0.0;0.0
158.204;181;954;41;39114;0.5;19.300;1.313;32;86;9;0;100;101;100;101;100;102;100;51;51;0;1.881;1.881;0.000;0.000;14.700;1.000;6.0;0.0;0;28;3.000;2.864;12.9;90;0;0;-8.3;0;0;0;0;0;98;0;0;1856;116.73;0;0;0;0;0;0;0;0;0;0;0;0;0;0;0;0;28;0;41.0;41.0;2;0;0.00;0.00;0.00;0.0;0.0
158.270;181;958;41;39278;0.5;19.700;1.340;32;86;9;0;100;101;100;101;100;102;100;51;51;0;1.881;1.881;0.000;0.000;14.700;1.000;6.0;0.0;0;28;3.000;2.971;12.9;-60;0;0;-8.3;0;0;0;0;0;98;0;0;1856;116.24;0;0;0;0;0;0;0;0;0;0;0;0;0;0;0;0;28;0;41.0;41.0;2;0;0.00;0.00;0.00;0.0;0.0
158.340;181;948;42;39816;0.5;19.700;1.340;32;86;9;0;100;101;100;101;100;102;100;52;52;0;1.937;1.937;0.000;0.000;14.700;1.000;6.1;0.0;0;28;3.000;2.728;12.7;-40;0;0;-8.1;0;0;0;0;0;98;0;0;1856;117.47;0;0;0;0;0;0;0;0;0;0;0;0;0;0;0;0;28;0;42.0;42.0;2;0;0.00;0.00;0.00;0.0;0.0
158.404;181;942;42;39564;0.5;19.700;1.340;32;86;9;0;100;101;100;101;100;102;100;52;52;0;1.937;1.937;0.000;0.000;14.700;1.000;6.1;0.0;0;28;3.000;2.892;12.7;-40;0;0;-8.1;0;0;0;0;0;98;0;0;1856;118.22;0;0;0;0;0;0;0;0;0;0;0;0;0;0;0;0;28;0;42.0;42.0;2;0;0.00;0.00;0.00;0.0;0.0
158.473;181;953;42;40026;0.5;19.700;1.340;32;86;9;0;100;101;100;101;100;102;100;52;52;0;1.937;1.937;0.000;0.000;14.700;1.000;6.2;0.0;0;28;3.000;2.973;12.7;30;0;0;-8.1;0;0;0;0;0;98;0;0;1856;116.85;0;0;0;0;0;0;0;0;0;0;0;0;0;0;0;0;28;0;42.0;42.0;2;0;0.00;0.00;0.00;0.0;0.0
158.541;181;960;41;39360;0.5;19.700;1.340;32;86;9;0;100;101;100;101;100;102;100;51;51;0;1.905;1.905;0.000;0.000;14.700;1.000;6.1;0.0;0;29;3.000;2.885;12.7;90;0;0;-8.3;0;0;0;0;0;98;0;0;1856;116.00;0;0;0;0;0;0;0;0;0;0;0;0;0;0;0;0;29;0;41.0;41.0;2;0;0.00;0.00;0.00;0.0;0.0
158.605;181;965;42;40530;0.5;19.700;1.340;32;86;9;0;100;101;100;101;100;102;100;52;52;0;1.973;1.973;0.000;0.000;14.700;1.000;6.3;0.0;0;29;3.000;2.852;12.4;90;0;0;-8.1;0;0;0;0;0;98;0;0;1856;115.40;0;0;0;0;0;0;0;0;0;0;0;0;0;0;0;0;29;0;42.0;42.0;2;0;0.00;0.00;0.00;0.0;0.0
158.670;181;977;41;40057;0.5;19.700;1.340;32;86;9;0;100;101;100;101;100;102;100;51;51;0;1.941;1.941;0.000;0.000;14.700;1.000;6.3;0.0;0;29;3.000;3.057;12.4;150;0;0;-8.3;0;0;0;0;0;98;0;0;1856;113.98;0;0;0;0;0;0;0;0;0;0;0;0;0;0;0;0;29;0;41.0;41.0;2;0;0.00;0.00;0.00;0.0;0.0
158.739;181;995;41;40795;0.5;19.700;1.340;32;86;9;0;100;101;100;101;100;102;100;51;51;0;1.941;1.941;0.000;0.000;14.700;1.000;6.4;0.0;0;29;3.000;3.015;12.4;150;0;0;-8.3;0;0;0;0;0;98;0;0;1856;111.92;0;0;0;0;0;0;0;0;0;0;0;0;0;0;0;0;29;0;41.0;41.0;2;0;0.00;0.00;0.00;0.0;0.0
158.806;181;999;40;39960;0.5;19.700;1.340;32;86;9;0;100;101;100;101;100;102;100;50;50;0;1.926;1.926;0.000;0.000;14.700;1.000;6.4;0.0;0;29;3.000;2.676;12.4;200;0;0;-8.4;0;0;0;0;0;98;0;0;1856;111.47;0;0;0;0;0;0;0;0;0;0;0;0;0;0;0;0;29;0;40.0;40.0;2;0;0.00;0.00;0.00;0.0;0.0
158.872;182;1016;40;40640;0.5;19.700;1.340;32;86;9;0;100;101;100;101;100;102;100;50;50;0;1.890;1.890;0.000;0.000;14.700;1.000;6.4;0.0;0;30;3.000;2.969;12.7;170;0;0;-8.4;0;0;0;0;0;98;0;0;1859;109.78;0;0;0;0;0;0;0;0;0;0;0;0;0;0;0;0;30;0;40.0;40.0;2;0;0.00;0.00;0.00;0.0;0.0
158.938;182;1022;40;40880;0.5;19.700;1.340;32;86;9;0;100;101;100;101;100;102;100;50;50;0;1.890;1.890;0.000;0.000;14.700;1.000;6.4;0.0;0;30;3.000;2.957;12.7;170;0;0;-8.4;0;0;0;0;0;98;0;0;1859;109.14;0;0;0;0;0;0;0;0;0;0;0;0;0;0;0;0;30;0;40.0;40.0;2;0;0.00;0.00;0.00;0.0;0.0
159.006;182;1044;39;40716;0.5;19.700;1.340;32;86;9;0;100;101;100;101;100;102;100;48;48;0;1.861;1.861;0.000;0.000;14.700;1.000;6.5;0.0;0;30;3.000;3.147;12.7;100;0;0;-8.6;0;0;0;0;0;98;0;0;1859;106.84;0;0;0;0;0;0;0;0;0;0;0;0;0;0;0;0;30;0;39.0;39.0;2;0;0.00;0.00;0.00;0.0;0.0
159.072;182;1054;39;41106;0.5;18.600;1.265;32;86;9;0;100;101;100;101;100;102;100;48;48;0;1.861;1.861;0.000;0.000;14.700;1.000;6.5;0.0;0;30;3.000;3.122;12.7;300;0;0;-8.6;0;0;0;0;0;98;0;0;1859;105.83;0;0;0;0;0;0;0;0;0;0;0;0;0;0;0;0;30;0;39.0;39.0;2;0;0.00;0.00;0.00;0.0;0.0
159.138;182;1054;38;40052;0.5;17.500;1.190;32;86;9;0;100;101;100;101;100;102;100;47;47;0;1.846;1.846;0.000;0.000;14.700;1.000;6.5;0.0;0;30;3.000;2.866;12.7;300;0;0;-8.7;0;0;0;0;0;98;0;0;1859;105.83;0;0;0;0;0;0;0;0;0;0;0;0;0;0;0;0;30;0;38.0;38.0;2;0;0.00;0.00;0.00;0.0;0.0
159.207;182;1070;38;40660;0.5;17.900;1.218;32;86;9;0;100;101;100;101;100;102;100;47;47;0;1.846;1.846;0.000;0.000;14.700;1.000;6.6;0.0;0;30;3.000;2.906;12.7;20;0;0;-8.7;0;0;0;0;0;98;0;0;1859;104.24;0;0;0;0;0;0;0;0;0;0;0;0;0;0;0;0;30;0;38.0;38.0;2;0;0.00;0.00;0.00;0.0;0.0
159.273;182;1077;38;40926;0.5;17.800;1.211;32;86;9;0;100;101;100;101;100;102;100;46;46;0;1.839;1.839;0.000;0.000;14.700;1.000;6.6;0.0;0;31;3.000;3.105;12.7;140;0;0;-8.7;0;0;0;0;0;98;0;0;1859;103.57;0;0;0;0;0;0;0;0;0;0;0;0;0;0;0;0;31;0;38.0;38.0;2;0;0.00;0.00;0.00;0.0;0.0
159.337;182;1091;37;40367;0.5;17.400;1.184;32;86;9;0;100;101;100;101;100;102;100;44;44;0;1.805;1.805;0.000;0.000;14.700;1.000;6.6;0.0;0;31;3.000;3.161;12.7;140;0;0;-8.8;0;0;0;0;0;98;0;0;1859;102.24;0;0;0;0;0;0;0;0;0;0;0;0;0;0;0;0;31;0;37.0;37.0;2;0;0.00;0.00;0.00;0.0;0.0
159.404;182;1100;37;40700;0.5;16.100;1.095;32;86;9;0;100;101;100;101;100;102;100;44;44;0;1.793;1.793;0.000;0.000;14.700;1.000;6.6;0.0;0;30;3.000;3.011;12.8;190;0;0;-8.8;0;0;0;0;0;98;0;0;1859;101.40;0;0;0;0;0;0;0;0;0;0;0;0;0;0;0;0;30;0;37.0;37.0;2;0;0.00;0.00;0.00;0.0;0.0
159.474;182;1086;37;40182;0.5;14.300;0.973;32;86;9;0;100;101;100;101;100;102;100;45;45;0;1.805;1.805;0.000;0.000;14.700;1.000;6.5;0.0;0;30;3.000;2.665;12.8;130;0;0;-8.8;0;0;0;0;0;98;0;0;1859;102.71;0;0;0;0;0;0;0;0;0;0;0;0;0;0;0;0;30;0;37.0;37.0;2;0;0.00;0.00;0.00;0.0;0.0
159.538;182;1077;37;39849;0.5;13.400;0.912;32;86;9;0;100;101;100;101;100;102;100;45;45;0;1.805;1.805;0.000;0.000;14.700;1.000;6.5;0.0;0;30;3.000;2.700;12.8;130;0;0;-8.8;0;0;0;0;0;98;0;0;1859;103.57;0;0;0;0;0;0;0;0;0;0;0;0;0;0;0;0;30;0;37.0;37.0;2;0;0.00;0.00;0.00;0.0;0.0
159.605;182;1074;37;39738;0.5;13.000;0.884;32;86;9;0;100;101;100;101;100;102;100;45;45;0;1.805;1.805;0.000;0.000;14.700;1.000;6.5;0.0;0;30;3.000;2.821;12.8;-220;0;0;-8.8;0;0;0;0;0;98;0;0;1859;103.85;0;0;0;0;0;0;0;0;0;0;0;0;0;0;0;0;30;0;37.0;37.0;2;0;0.00;0.00;0.00;0.0;0.0
159.674;182;1073;37;39701;0.5;12.900;0.878;32;86;9;0;100;101;100;101;100;102;100;44;44;0;1.793;1.793;0.000;0.000;14.700;1.000;6.4;0.0;0;30;3.000;2.850;12.8;-50;0;0;-8.8;0;0;0;0;0;98;0;0;1859;103.95;0;0;0;0;0;0;0;0;0;0;0;0;0;0;0;0;30;0;37.0;37.0;2;0;0.00;0.00;0.00;0.0;0.0
159.740;182;1053;38;40014;0.5;13.000;0.884;32;86;9;0;100;101;100;101;100;102;100;47;47;0;1.834;1.834;0.000;0.000;14.700;1.000;6.4;0.0;0;30;3.000;2.752;12.8;-50;0;0;-8.7;0;0;0;0;0;98;0;0;1859;105.93;0;0;0;0;0;0;0;0;0;0;0;0;0;0;0;0;30;0;38.0;38.0;2;0;0.00;0.00;0.00;0.0;0.0
159.806;182;1050;38;39900;0.5;13.100;0.891;32;86;9;0;100;101;100;101;100;102;100;46;46;0;1.827;1.827;0.000;0.000;14.700;1.000;6.4;0.0;0;30;3.000;2.744;12.8;-200;0;0;-8.7;0;0;0;0;0;98;0;0;1859;106.23;0;0;0;0;0;0;0;0;0;0;0;0;0;0;0;0;30;0;38.0;38.0;2;0;0.00;0.00;0.00;0.0;0.0
159.870;183;1038;38;39444;0.5;13.500;0.918;32;86;9;0;100;101;100;101;100;102;100;46;46;0;1.815;1.815;0.000;0.000;14.700;1.000;6.3;0.0;0;30;3.000;2.704;12.9;-150;0;0;-8.7;0;0;0;0;0;98;0;0;1854;107.17;0;0;0;0;0;0;0;0;0;0;0;0;0;0;0;0;30;0;38.0;38.0;2;0;0.00;0.00;0.00;0.0;0.0
159.935;183;1021;38;38798;0.5;13.900;0.946;32;86;9;0;100;101;100;101;100;102;100;46;46;0;1.815;1.815;0.000;0.000;14.700;1.000;6.2;0.0;0;30;3.000;2.465;12.9;-150;0;0;-8.7;0;0;0;0;0;98;0;0;1854;108.95;0;0;0;0;0;0;0;0;0;0;0;0;0;0;0;0;30;0;38.0;38.0;2;0;0.00;0.00;0.00;0.0;0.0
160.003;183;1015;39;39585;0.5;14.400;0.980;32;86;9;0;100;101;100;101;100;102;100;48;48;0;1.837;1.837;0.000;0.000;14.700;1.000;6.2;0.0;0;30;3.000;2.737;12.9;-110;0;0;-8.6;0;0;0;0;0;98;0;0;1854;109.60;0;0;0;0;0;0;0;0;0;0;0;0;0;0;0;0;30;0;39.0;39.0;2;0;0.00;0.00;0.00;0.0;0.0
160.071;183;988;39;38532;0.5;14.100;0.959;32;86;9;0;100;101;100;101;100;102;100;48;48;0;1.837;1.837;0.000;0.000;14.700;1.000;6.0;0.0;0;29;3.000;2.444;12.9;-390;0;0;-8.6;0;0;0;0;0;98;0;0;1854;112.59;0;0;0;0;0;0;0;0;0;0;0;0;0;0;0;0;29;0;39.0;39.0;2;0;0.00;0.00;0.00;0.0;0.0
160.137;183;989;39;38571;0.5;15.200;1.034;32;86;9;0;100;101;100;101;100;102;100;48;48;0;1.873;1.873;0.000;0.000;14.700;1.000;6.2;0.0;0;30;3.000;3.106;12.6;-390;0;0;-8.6;0;0;0;0;0;98;0;0;1854;112.48;0;0;0;0;0;0;0;0;0;0;0;0;0;0;0;0;30;0;39.0;39.0;2;0;0.00;0.00;0.00;0.0;0.0
160.202;183;990;40;39600;0.5;16.600;1.129;32;86;9;0;100;101;100;101;100;102;100;50;50;0;1.902;1.902;0.000;0.000;14.700;1.000;6.3;0.0;0;29;3.000;3.052;12.6;-20;0;0;-8.4;0;0;0;0;0;98;0;0;1854;112.36;0;0;0;0;0;0;0;0;0;0;0;0;0;0;0;0;29;0;40.0;40.0;2;0;0.00;0.00;0.00;0.0;0.0
160.268;183;977;40;39080;0.5;18.800;1.279;32;86;9;0;100;101;100;101;100;102;100;50;50;0;1.902;1.902;0.000;0.000;14.700;1.000;6.2;0.0;0;29;3.000;2.790;12.6;-90;0;0;-8.4;0;0;0;0;0;98;0;0;1854;113.86;0;0;0;0;0;0;0;0;0;0;0;0;0;0;0;0;29;0;40.0;40.0;2;0;0.00;0.00;0.00;0.0;0.0
160.339;183;966;41;39606;0.5;19.600;1.333;32;86;9;0;100;101;100;101;100;102;100;51;51;0;1.917;1.917;0.000;0.000;14.700;1.000;6.2;0.0;0;29;3.000;2.737;12.6;-90;0;0;-8.3;0;0;0;0;0;98;0;0;1854;115.16;0;0;0;0;0;0;0;0;0;0;0;0;0;0;0;0;29;0;41.0;41.0;2;0;0.00;0.00;0.00;0.0;0.0
160.403;183;967;41;39647;0.5;18.900;1.286;32;86;9;0;100;101;100;101;100;102;100;51;51;0;1.905;1.905;0.000;0.000;14.700;1.000;6.1;0.0;0;29;3.000;2.933;12.7;-70;0;0;-8.3;0;0;0;0;0;98;0;0;1854;115.04;0;0;0;0;0;0;0;0;0;0;0;0;0;0;0;0;29;0;41.0;41.0;2;0;0.00;0.00;0.00;0.0;0.0
160.469;183;980;41;40180;0.5;19.500;1.327;32;86;9;0;100;101;100;101;100;102;100;51;51;0;1.905;1.905;0.000;0.000;14.700;1.000;6.2;0.0;0;29;3.000;2.901;12.7;-70;0;0;-8.3;0;0;0;0;0;98;0;0;1854;113.51;0;0;0;0;0;0;0;0;0;0;0;0;0;0;0;0;29;0;41.0;41.0;2;0;0.00;0.00;0.00;0.0;0.0
160.535;183;981;41;40221;0.5;19.700;1.340;32;86;9;0;100;101;100;101;100;102;100;51;51;0;1.905;1.905;0.000;0.000;14.700;1.000;6.2;0.0;0;29;3.000;2.839;12.7;100;0;0;-8.3;0;0;0;0;0;98;0;0;1854;113.39;0;0;0;0;0;0;0;0;0;0;0;0;0;0;0;0;29;0;41.0;41.0;2;0;0.00;0.00;0.00;0.0;0.0
160.604;183;1006;40;40240;0.5;19.700;1.340;32;86;9;0;100;101;100;101;100;102;100;50;50;0;1.890;1.890;0.000;0.000;14.700;1.000;6.3;0.0;0;30;3.000;3.288;12.7;120;0;0;-8.4;0;0;0;0;0;98;0;0;1854;110.58;0;0;0;0;0;0;0;0;0;0;0;0;0;0;0;0;30;0;40.0;40.0;2;0;0.00;0.00;0.00;0.0;0.0
160.669;183;1029;40;41160;0.5;19.700;1.340;32;86;9;0;100;101;100;101;100;102;100;50;50;0;1.878;1.878;0.000;0.000;14.700;1.000;6.4;0.0;0;30;3.000;2.753;12.8;120;0;0;-8.4;0;0;0;0;0;98;0;0;1854;108.10;0;0;0;0;0;0;0;0;0;0;0;0;0;0;0;0;30;0;40.0;40.0;2;0;0.00;0.00;0.00;0.0;0.0
160.739;183;1048;39;40872;0.5;19.700;1.340;32;86;9;0;100;101;100;101;100;102;100;48;48;0;1.849;1.849;0.000;0.000;14.700;1.000;6.5;0.0;0;30;3.000;3.026;12.8;370;0;0;-8.6;0;0;0;0;0;98;0;0;1854;106.15;0;0;0;0;0;0;0;0;0;0;0;0;0;0;0;0;30;0;39.0;39.0;2;0;0.00;0.00;0.00;0.0;0.0
160.804;183;1064;39;41496;0.5;19.700;1.340;32;86;9;0;100;101;100;101;100;102;100;48;48;0;1.849;1.849;0.000;0.000;14.700;1.000;6.6;0.0;0;30;3.000;3.120;12.8;200;0;0;-8.6;0;0;0;0;0;98;0;0;1854;104.55;0;0;0;0;0;0;0;0;0;0;0;0;0;0;0;0;30;0;39.0;39.0;2;0;0.00;0.00;0.00;0.0;0.0
160.872;183;1060;38;40280;0.5;19.700;1.340;32;86;9;0;100;101;100;101;100;102;100;46;46;0;1.827;1.827;0.000;0.000;14.700;1.000;6.5;0.0;0;30;3.000;2.668;12.8;200;0;0;-8.7;0;0;0;0;0;98;0;0;1854;104.94;0;0;0;0;0;0;0;0;0;0;0;0;0;0;0;0;30;0;38.0;38.0;2;0;0.00;0.00;0.00;0.0;0.0
160.939;184;1062;38;40356;0.5;18.600;1.265;32;86;9;0;100;101;100;101;100;102;100;47;47;0;1.822;1.822;0.000;0.000;14.700;1.000;6.4;0.0;0;30;3.000;2.843;12.9;110;0;0;-8.7;0;0;0;0;0;98;0;0;1853;104.69;0;0;0;0;0;0;0;0;0;0;0;0;0;0;0;0;30;0;38.0;38.0;2;0;0.00;0.00;0.00;0.0;0.0
161.004;184;1060;38;40280;0.5;17.000;1.156;32;86;9;0;100;101;100;101;100;102;100;46;46;0;1.815;1.815;0.000;0.000;14.700;1.000;6.4;0.0;0;30;3.000;2.742;12.9;0;0;0;-8.7;0;0;0;0;0;98;0;0;1853;104.89;0;0;0;0;0;0;0;0;0;0;0;0;0;0;0;0;30;0;38.0;38.0;2;0;0.00;0.00;0.00;0.0;0.0
161.072;184;1070;38;40660;0.5;16.300;1.109;32;86;9;0;100;101;100;101;100;102;100;47;47;0;1.822;1.822;0.000;0.000;14.700;1.000;6.5;0.0;0;30;3.000;2.801;12.9;0;0;0;-8.7;0;0;0;0;0;98;0;0;1853;103.91;0;0;0;0;0;0;0;0;0;0;0;0;0;0;0;0;30;0;38.0;38.0;2;0;0.00;0.00;0.00;0.0;0.0
161.141;184;1055;38;40090;0.5;16.300;1.109;32;86;9;0;100;101;100;101;100;102;100;46;46;0;1.803;1.803;0.000;0.000;14.700;1.000;6.3;0.0;0;30;3.000;2.810;13.0;100;0;0;-8.7;0;0;0;0;0;98;0;0;1853;105.38;0;0;0;0;0;0;0;0;0;0;0;0;0;0;0;0;30;0;38.0;38.0;2;0;0.00;0.00;0.00;0.0;0.0
161.206;184;1036;38;39368;0.5;15.900;1.082;32;86;9;0;100;101;100;101;100;102;100;46;46;0;1.803;1.803;0.000;0.000;14.700;1.000;6.2;0.0;0;30;3.000;2.746;13.0;-340;0;0;-8.7;0;0;0;0;0;98;0;0;1853;107.32;0;0;0;0;0;0;0;0;0;0;0;0;0;0;0;0;30;0;38.0;38.0;2;0;0.00;0.00;0.00;0.0;0.0
161.271;184;1035;39;40365;0.5;14.800;1.007;32;86;9;0;100;101;100;101;100;102;100;48;48;0;1.825;1.825;0.000;0.000;14.700;1.000;6.3;0.0;0;30;3.000;3.046;13.0;-340;0;0;-8.6;0;0;0;0;0;98;0;0;1853;107.42;0;0;0;0;0;0;0;0;0;0;0;0;0;0;0;0;30;0;39.0;39.0;2;0;0.00;0.00;0.00;0.0;0.0
161.337;184;1019;39;39741;0.5;14.100;0.959;32;86;9;0;100;101;100;101;100;102;100;48;48;0;1.825;1.825;0.000;0.000;14.700;1.000;6.2;0.0;0;30;3.000;2.546;13.0;-10;0;0;-8.6;0;0;0;0;0;98;0;0;1853;109.11;0;0;0;0;0;0;0;0;0;0;0;0;0;0;0;0;30;0;39.0;39.0;2;0;0.00;0.00;0.00;0.0;0.0
161.403;184;1013;39;39507;0.5;13.700;0.932;32;86;9;0;100;101;100;101;100;102;100;48;48;0;1.825;1.825;0.000;0.000;14.700;1.000;6.2;0.0;0;30;3.000;2.834;13.0;-220;0;0;-8.6;0;0;0;0;0;98;0;0;1853;109.75;0;0;0;0;0;0;0;0;0;0;0;0;0;0;0;0;30;0;39.0;39.0;2;0;0.00;0.00;0.00;0.0;0.0
161.468;184;1016;39;39624;0.5;14.000;0.952;32;86;9;0;100;101;100;101;100;102;100;48;48;0;1.825;1.825;0.000;0.000;14.700;1.000;6.2;0.0;0;30;3.000;2.840;13.0;-220;0;0;-8.6;0;0;0;0;0;98;0;0;1853;109.43;0;0;0;0;0;0;0;0;0;0;0;0;0;0;0;0;30;0;39.0;39.0;2;0;0.00;0.00;0.00;0.0;0.0
161.534;184;1024;39;39936;0.5;14.200;0.966;32;86;9;0;100;101;100;101;100;102;100;49;49;0;1.838;1.838;0.000;0.000;14.700;1.000;6.3;0.0;0;30;3.000;2.851;13.0;120;0;0;-8.6;0;0;0;0;0;98;0;0;1853;108.57;0;0;0;0;0;0;0;0;0;0;0;0;0;0;0;0;30;0;39.0;39.0;2;0;0.00;0.00;0.00;0.0;0.0
161.603;184;993;39;38727;0.5;14.200;0.966;32;86;9;0;100;101;100;101;100;102;100;48;48;0;1.825;1.825;0.000;0.000;14.700;1.000;6.0;0.0;0;29;3.000;2.531;13.0;-320;0;0;-8.6;0;0;0;0;0;98;0;0;1853;111.96;0;0;0;0;0;0;0;0;0;0;0;0;0;0;0;0;29;0;39.0;39.0;2;0;0.00;0.00;0.00;0.0;0.0
161.670;184;975;40;39000;0.5;14.500;0.986;32;86;9;0;100;101;100;101;100;102;100;50;50;0;1.854;1.854;0.000;0.000;14.700;1.000;6.0;0.0;0;29;3.000;2.733;13.0;-320;0;0;-8.4;0;0;0;0;0;98;0;0;1853;114.03;0;0;0;0;0;0;0;0;0;0;0;0;0;0;0;0;29;0;40.0;40.0;2;0;0.00;0.00;0.00;0.0;0.0
161.738;184;986;41;40426;0.5;14.800;1.007;32;86;9;0;100;101;100;101;100;102;100;51;51;0;1.869;1.869;0.000;0.000;14.700;1.000;6.1;0.0;0;29;3.000;2.985;13.0;-120;0;0;-8.3;0;0;0;0;0;98;0;0;1853;112.76;0;0;0;0;0;0;0;0;0;0;0;0;0;0;0;0;29;0;41.0;41.0;2;0;0.00;0.00;0.00;0.0;0.0
161.804;184;950;41;38950;0.5;18.300;1.245;32;86;9;0;100;101;100;101;100;102;100;51;51;0;1.869;1.869;0.000;0.000;14.700;1.000;5.9;0.0;0;28;3.000;2.607;13.0;-180;0;0;-8.3;0;0;0;0;0;98;0;0;1853;117.03;0;0;0;0;0;0;0;0;0;0;0;0;0;0;0;0;28;0;41.0;41.0;2;0;0.00;0.00;0.00;0.0;0.0
161.869;184;948;41;38868;0.5;19.400;1.320;32;86;9;0;100;101;100;101;100;102;100;51;51;0;1.869;1.869;0.000;0.000;14.700;1.000;5.9;0.0;0;28;3.000;2.692;13.0;-180;0;0;-8.3;0;0;0;0;0;98;0;0;1853;117.28;0;0;0;0;0;0;0;0;0;0;0;0;0;0;0;0;28;0;41.0;41.0;2;0;0.00;0.00;0.00;0.0;0.0
161.940;185;952;41;39032;0.5;19.700;1.340;32;86;9;0;100;101;100;101;100;102;100;51;51;0;1.893;1.893;0.000;0.000;14.700;1.000;6.0;0.0;0;28;3.000;3.034;12.8;-150;0;0;-8.3;0;0;0;0;0;98;0;0;1853;116.79;0;0;0;0;0;0;0;0;0;0;0;0;0;0;0;0;28;0;41.0;41.0;2;0;0.00;0.00;0.00;0.0;0.0
162.003;185;966;41;39606;0.5;19.700;1.340;32;86;9;0;100;101;100;101;100;102;100;51;51;0;1.893;1.893;0.000;0.000;14.700;1.000;6.1;0.0;0;29;3.000;2.819;12.8;180;0;0;-8.3;0;0;0;0;0;98;0;0;1853;115.09;0;0;0;0;0;0;0;0;0;0;0;0;0;0;0;0;29;0;41.0;41.0;2;0;0.00;0.00;0.00;0.0;0.0
162.071;185;955;41;39155;0.5;19.700;1.340;32;86;9;0;100;101;100;101;100;102;100;51;51;0;1.893;1.893;0.000;0.000;14.700;1.000;6.0;0.0;0;28;3.000;2.507;12.8;180;0;0;-8.3;0;0;0;0;0;98;0;0;1853;116.42;0;0;0;0;0;0;0;0;0;0;0;0;0;0;0;0;28;0;41.0;41.0;2;0;0.00;0.00;0.00;0.0;0.0
162.136;185;970;41;39770;0.5;19.700;1.340;32;86;9;0;100;101;100;101;100;102;100;51;51;0;1.893;1.893;0.000;0.000;14.700;1.000;6.1;0.0;0;29;3.000;2.968;12.8;-50;0;0;-8.3;0;0;0;0;0;98;0;0;1853;114.62;0;0;0;0;0;0;0;0;0;0;0;0;0;0;0;0;29;0;41.0;41.0;2;0;0.00;0.00;0.00;0.0;0.0
162.205;185;984;41;40344;0.5;19.700;1.340;32;86;9;0;100;101;100;101;100;102;100;51;51;0;1.893;1.893;0.000;0.000;14.700;1.000;6.2;0.0;0;29;3.000;2.951;12.8;230;0;0;-8.3;0;0;0;0;0;98;0;0;1853;112.99;0;0;0;0;0;0;0;0;0;0;0;0;0;0;0;0;29;0;41.0;41.0;2;0;0.00;0.00;0.00;0.0;0.0
162.272;185;1002;41;41082;0.5;19.700;1.340;32;86;9;0;100;101;100;101;100;102;100;51;51;0;1.893;1.893;0.000;0.000;14.700;1.000;6.3;0.0;0;30;3.000;3.001;12.8;230;0;0;-8.3;0;0;0;0;0;98;0;0;1853;110.96;0;0;0;0;0;0;0;0;0;0;0;0;0;0;0;0;30;0;41.0;41.0;2;0;0.00;0.00;0.00;0.0;0.0
162.339;185;1023;40;40920;0.5;19.700;1.340;32;86;9;0;100;101;100;101;100;102;100;50;50;0;1.878;1.878;0.000;0.000;14.700;1.000;6.4;0.0;0;30;3.000;3.215;12.8;190;0;0;-8.4;0;0;0;0;0;98;0;0;1853;108.68;0;0;0;0;0;0;0;0;0;0;0;0;0;0;0;0;30;0;40.0;40.0;2;0;0.00;0.00;0.00;0.0;0.0
162.407;185;1030;40;41200;0.5;19.700;1.340;32;86;9;0;100;101;100;101;100;102;100;50;50;0;1.878;1.878;0.000;0.000;14.700;1.000;6.4;0.0;0;30;3.000;2.995;12.8;270;0;0;-8.4;0;0;0;0;0;98;0;0;1853;107.94;0;0;0;0;0;0;0;0;0;0;0;0;0;0;0;0;30;0;40.0;40.0;2;0;0.00;0.00;0.00;0.0;0.0
162.472;185;1031;40;41240;0.5;19.700;1.340;32;86;9;0;100;101;100;101;100;102;100;50;50;0;1.878;1.878;0.000;0.000;14.700;1.000;6.5;0.0;0;30;3.000;2.921;12.8;270;0;0;-8.4;0;0;0;0;0;98;0;0;1853;107.84;0;0;0;0;0;0;0;0;0;0;0;0;0;0;0;0;30;0;40.0;40.0;2;0;0.00;0.00;0.00;0.0;0.0
162.540;185;1022;39;39858;0.5;19.700;1.340;32;86;9;0;100;101;100;101;100;102;100;48;48;0;1.849;1.849;0.000;0.000;14.700;1.000;6.3;0.0;0;30;3.000;2.555;12.8;40;0;0;-8.6;0;0;0;0;0;98;0;0;1853;108.79;0;0;0;0;0;0;0;0;0;0;0;0;0;0;0;0;30;0;39.0;39.0;2;0;0.00;0.00;0.00;0.0;0.0
162.607;185;1032;39;40248;0.5;19.700;1.340;32;86;9;0;100;101;100;101;100;102;100;48;48;0;1.849;1.849;0.000;0.000;14.700;1.000;6.4;0.0;0;30;3.000;3.189;12.8;-20;0;0;-8.6;0;0;0;0;0;98;0;0;1853;107.73;0;0;0;0;0;0;0;0;0;0;0;0;0;0;0;0;30;0;39.0;39.0;2;0;0.00;0.00;0.00;0.0;0.0
162.671;185;1040;39;40560;0.5;19.500;1.327;32;86;9;0;100;101;100;101;100;102;100;48;48;0;1.849;1.849;0.000;0.000;14.700;1.000;6.4;0.0;0;30;3.000;2.952;12.8;-20;0;0;-8.6;0;0;0;0;0;98;0;0;1853;106.90;0;0;0;0;0;0;0;0;0;0;0;0;0;0;0;0;30;0;39.0;39.0;2;0;0.00;0.00;0.00;0.0;0.0
162.737;185;1068;39;41652;0.5;19.300;1.313;32;86;9;0;100;101;100;101;100;102;100;48;48;0;1.849;1.849;0.000;0.000;14.700;1.000;6.6;0.0;0;30;3.000;2.887;12.8;320;0;0;-8.6;0;0;0;0;0;98;0;0;1853;104.10;0;0;0;0;0;0;0;0;0;0;0;0;0;0;0;0;30;0;39.0;39.0;2;0;0.00;0.00;0.00;0.0;0.0
162.807;185;1070;38;40660;0.5;17.300;1.177;32;86;9;0;100;101;100;101;100;102;100;47;47;0;1.834;1.834;0.000;0.000;14.700;1.000;6.5;0.0;0;30;3.000;2.886;12.8;320;0;0;-8.7;0;0;0;0;0;98;0;0;1853;103.91;0;0;0;0;0;0;0;0;0;0;0;0;0;0;0;0;30;0;38.0;38.0;2;0;0.00;0.00;0.00;0.0;0.0
162.872;185;1069;38;40622;0.5;16.700;1.136;32;86;9;0;100;101;100;101;100;102;100;46;46;0;1.827;1.827;0.000;0.000;14.700;1.000;6.5;0.0;0;30;3.000;2.801;12.8;60;0;0;-8.7;0;0;0;0;0;98;0;0;1853;104.00;0;0;0;0;0;0;0;0;0;0;0;0;0;0;0;0;30;0;38.0;38.0;2;0;0.00;0.00;0.00;0.0;0.0
162.938;186;1064;38;40432;0.5;16.400;1.116;32;87;9;0;100;101;100;101;100;102;100;47;47;0;1.834;1.834;0.000;0.000;14.700;1.000;6.5;0.0;0;30;3.000;2.872;12.8;-30;0;0;-8.7;0;0;0;0;0;98;0;0;1860;104.89;0;0;0;0;0;0;0;0;0;0;0;0;0;0;0;0;30;0;38.0;38.0;2;0;0.00;0.00;0.00;0.0;0.0
163.003;186;1043;38;39634;0.5;14.900;1.014;32;87;9;0;100;101;100;101;100;102;100;47;47;0;1.834;1.834;0.000;0.000;14.700;1.000;6.4;0.0;0;30;3.000;2.508;12.8;-30;0;0;-8.7;0;0;0;0;0;98;0;0;1860;107.00;0;0;0;0;0;0;0;0;0;0;0;0;0;0;0;0;30;0;38.0;38.0;2;0;0.00;0.00;0.00;0.0;0.0
163.069;186;1021;38;38798;0.5;14.200;0.966;32;87;9;0;100;101;100;101;100;102;100;46;46;0;1.827;1.827;0.000;0.000;14.700;1.000;6.2;0.0;0;30;3.000;2.594;12.8;-240;0;0;-8.7;0;0;0;0;0;98;0;0;1860;109.30;0;0;0;0;0;0;0;0;0;0;0;0;0;0;0;0;30;0;38.0;38.0;2;0;0.00;0.00;0.00;0.0;0.0
163.139;186;1014;39;39546;0.5;13.800;0.939;32;87;9;0;100;101;100;101;100;102;100;48;48;0;1.849;1.849;0.000;0.000;14.700;1.000;6.2;0.0;0;30;3.000;2.551;12.8;-340;0;0;-8.6;0;0;0;0;0;98;0;0;1860;110.06;0;0;0;0;0;0;0;0;0;0;0;0;0;0;0;0;30;0;39.0;39.0;2;0;0.00;0.00;0.00;0.0;0.0
163.204;186;1013;39;39507;0.5;13.900;0.946;32;87;9;0;100;101;100;101;100;102;100;48;48;0;1.849;1.849;0.000;0.000;14.700;1.000;6.2;0.0;0;30;3.000;2.875;12.8;-340;0;0;-8.6;0;0;0;0;0;98;0;0;1860;110.17;0;0;0;0;0;0;0;0;0;0;0;0;0;0;0;0;30;0;39.0;39.0;2;0;0.00;0.00;0.00;0.0;0.0
163.270;186;1003;39;39117;0.5;14.100;0.959;32;87;9;0;100;101;100;101;100;102;100;48;48;0;1.849;1.849;0.000;0.000;14.700;1.000;6.2;0.0;0;30;3.000;2.763;12.8;40;0;0;-8.6;0;0;0;0;0;98;0;0;1860;111.27;0;0;0;0;0;0;0;0;0;0;0;0;0;0;0;0;30;0;39.0;39.0;2;0;0.00;0.00;0.00;0.0;0.0
163.336;186;1012;39;39468;0.5;14.300;0.973;32;87;9;0;100;101;100;101;100;102;100;48;48;0;1.849;1.849;0.000;0.000;14.700;1.000;6.2;0.0;0;30;3.000;3.072;12.8;-10;0;0;-8.6;0;0;0;0;0;98;0;0;1860;110.28;0;0;0;0;0;0;0;0;0;0;0;0;0;0;0;0;30;0;39.0;39.0;2;0;0.00;0.00;0.00;0.0;0.0
163.406;186;1018;40;40720;0.5;14.400;0.980;32;87;9;0;100;101;100;101;100;102;100;50;50;0;1.878;1.878;0.000;0.000;14.700;1.000;6.4;0.0;0;30;3.000;2.988;12.8;-10;0;0;-8.4;0;0;0;0;0;98;0;0;1860;109.63;0;0;0;0;0;0;0;0;0;0;0;0;0;0;0;0;30;0;40.0;40.0;2;0;0.00;0.00;0.00;0.0;0.0
163.471;186;1020;39;39780;0.5;15.900;1.082;32;87;9;0;100;101;100;101;100;102;100;48;48;0;1.849;1.849;0.000;0.000;14.700;1.000;6.3;0.0;0;30;3.000;2.793;12.8;60;0;0;-8.6;0;0;0;0;0;98;0;0;1860;109.41;0;0;0;0;0;0;0;0;0;0;0;0;0;0;0;0;30;0;39.0;39.0;2;0;0.00;0.00;0.00;0.0;0.0
163.536;186;1036;39;40404;0.5;17.900;1.218;32;87;9;0;100;101;100;101;100;102;100;48;48;0;1.849;1.849;0.000;0.000;14.700;1.000;6.4;0.0;0;30;3.000;3.142;12.8;180;0;0;-8.6;0;0;0;0;0;98;0;0;1860;107.72;0;0;0;0;0;0;0;0;0;0;0;0;0;0;0;0;30;0;39.0;39.0;2;0;0.00;0.00;0.00;0.0;0.0
163.603;186;1029;39;40131;0.5;19.100;1.299;32;87;9;0;100;101;100;101;100;102;100;48;48;0;1.849;1.849;0.000;0.000;14.700;1.000;6.3;0.0;0;30;3.000;2.606;12.8;180;0;0;-8.6;0;0;0;0;0;98;0;0;1860;108.45;0;0;0;0;0;0;0;0;0;0;0;0;0;0;0;0;30;0;39.0;39.0;2;0;0.00;0.00;0.00;0.0;0.0
163.672;186;1034;39;40326;0.5;18.800;1.279;32;87;9;0;100;101;100;101;100;102;100;48;48;0;1.849;1.849;0.000;0.000;14.700;1.000;6.4;0.0;0;30;3.000;3.006;12.8;-70;0;0;-8.6;0;0;0;0;0;98;0;0;1860;107.93;0;0;0;0;0;0;0;0;0;0;0;0;0;0;0;0;30;0;39.0;39.0;2;0;0.00;0.00;0.00;0.0;0.0
163.736;186;1018;39;39702;0.5;19.200;1.306;32;87;9;0;100;101;100;101;100;102;100;48;48;0;1.837;1.837;0.000;0.000;14.700;1.000;6.2;0.0;0;30;3.000;2.668;12.9;-110;0;0;-8.6;0;0;0;0;0;98;0;0;1860;109.63;0;0;0;0;0;0;0;0;0;0;0;0;0;0;0;0;30;0;39.0;39.0;2;0;0.00;0.00;0.00;0.0;0.0
163.802;186;1018;39;39702;0.5;19.700;1.340;32;87;9;0;100;101;100;101;100;102;100;48;48;0;1.837;1.837;0.000;0.000;14.700;1.000;6.2;0.0;0;30;3.000;2.892;12.9;-110;0;0;-8.6;0;0;0;0;0;98;0;0;1860;109.63;0;0;0;0;0;0;0;0;0;0;0;0;0;0;0;0;30;0;39.0;39.0;2;0;0.00;0.00;0.00;0.0;0.0
163.873;186;1012;40;40480;0.5;19.400;1.320;32;87;9;0;100;101;100;101;100;102;100;50;50;0;1.866;1.866;0.000;0.000;14.700;1.000;6.3;0.0;0;30;3.000;2.938;12.9;-70;0;0;-8.4;0;0;0;0;0;98;0;0;1860;110.28;0;0;0;0;0;0;0;0;0;0;0;0;0;0;0;0;30;0;40.0;40.0;2;0;0.00;0.00;0.00;0.0;0.0
163.938;187;991;39;38649;0.5;19.700;1.340;32;87;9;0;100;101;100;101;100;102;100;48;48;0;1.873;1.873;0.000;0.000;14.700;1.000;6.2;0.0;0;29;3.000;2.406;12.6;-30;0;0;-8.6;0;0;0;0;0;98;0;0;1857;112.43;0;0;0;0;0;0;0;0;0;0;0;0;0;0;0;0;29;0;39.0;39.0;2;0;0.00;0.00;0.00;0.0;0.0
164.008;187;978;40;39120;0.5;19.600;1.333;32;87;9;0;100;101;100;101;100;102;100;50;50;0;1.902;1.902;0.000;0.000;14.700;1.000;6.2;0.0;0;29;3.000;2.733;12.6;-30;0;0;-8.4;0;0;0;0;0;98;0;0;1857;113.93;0;0;0;0;0;0;0;0;0;0;0;0;0;0;0;0;29;0;40.0;40.0;2;0;0.00;0.00;0.00;0.0;0.0
164.074;187;974;40;38960;0.5;19.700;1.340;32;87;9;0;100;101;100;101;100;102;100;50;50;0;1.902;1.902;0.000;0.000;14.700;1.000;6.2;0.0;0;29;3.000;2.819;12.6;-270;0;0;-8.4;0;0;0;0;0;98;0;0;1857;114.39;0;0;0;0;0;0;0;0;0;0;0;0;0;0;0;0;29;0;40.0;40.0;2;0;0.00;0.00;0.00;0.0;0.0
164.138;187;982;41;40262;0.5;18.200;1.238;32;87;9;0;100;101;100;101;100;102;100;51;51;0;1.917;1.917;0.000;0.000;14.700;1.000;6.3;0.0;0;29;3.000;2.989;12.6;10;0;0;-8.3;0;0;0;0;0;98;0;0;1857;113.46;0;0;0;0;0;0;0;0;0;0;0;0;0;0;0;0;29;0;41.0;41.0;2;0;0.00;0.00;0.00;0.0;0.0
164.204;187;1002;40;40080;0.5;18.000;1.224;32;87;9;0;100;101;100;101;100;102;100;50;50;0;1.878;1.878;0.000;0.000;14.700;1.000;6.3;0.0;0;30;3.000;2.872;12.8;10;0;0;-8.4;0;0;0;0;0;98;0;0;1857;111.20;0;0;0;0;0;0;0;0;0;0;0;0;0;0;0;0;30;0;40.0;40.0;2;0;0.00;0.00;0.00;0.0;0.0
164.269;187;1016;40;40640;0.5;17.400;1.184;32;87;9;0;100;101;100;101;100;102;100;50;50;0;1.878;1.878;0.000;0.000;14.700;1.000;6.4;0.0;0;30;3.000;2.884;12.8;200;0;0;-8.4;0;0;0;0;0;98;0;0;1857;109.67;0;0;0;0;0;0;0;0;0;0;0;0;0;0;0;0;30;0;40.0;40.0;2;0;0.00;0.00;0.00;0.0;0.0
164.339;187;1014;40;40560;0.5;18.100;1.231;32;87;9;0;100;101;100;101;100;102;100;50;50;0;1.878;1.878;0.000;0.000;14.700;1.000;6.3;0.0;0;30;3.000;2.968;12.8;120;0;0;-8.4;0;0;0;0;0;98;0;0;1857;109.88;0;0;0;0;0;0;0;0;0;0;0;0;0;0;0;0;30;0;40.0;40.0;2;0;0.00;0.00;0.00;0.0;0.0
164.405;187;1034;40;41360;0.5;18.300;1.245;32;87;9;0;100;101;100;101;100;102;100;50;50;0;1.878;1.878;0.000;0.000;14.700;1.000;6.5;0.0;0;30;3.000;3.215;12.8;120;0;0;-8.4;0;0;0;0;0;98;0;0;1857;107.76;0;0;0;0;0;0;0;0;0;0;0;0;0;0;0;0;30;0;40.0;40.0;2;0;0.00;0.00;0.00;0.0;0.0
164.471;187;1056;39;41184;0.5;19.300;1.313;32;87;9;0;100;101;100;101;100;102;100;48;48;0;1.873;1.873;0.000;0.000;14.700;1.000;6.6;0.0;0;30;3.000;3.242;12.6;220;0;0;-8.6;0;0;0;0;0;98;0;0;1857;105.51;0;0;0;0;0;0;0;0;0;0;0;0;0;0;0;0;30;0;39.0;39.0;2;0;0.00;0.00;0.00;0.0;0.0
164.535;187;1047;38;39786;0.5;19.700;1.340;32;87;9;0;100;101;100;101;100;102;100;46;46;0;1.851;1.851;0.000;0.000;14.700;1.000;6.5;0.0;0;30;3.000;2.732;12.6;110;0;0;-8.7;0;0;0;0;0;98;0;0;1857;106.42;0;0;0;0;0;0;0;0;0;0;0;0;0;0;0;0;30;0;38.0;38.0;2;0;0.00;0.00;0.00;0.0;0.0
164.606;187;1061;38;40318;0.5;19.700;1.340;32;87;9;0;100;101;100;101;100;102;100;46;46;0;1.851;1.851;0.000;0.000;14.700;1.000;6.5;0.0;0;30;3.000;2.945;12.6;110;0;0;-8.7;0;0;0;0;0;98;0;0;1857;105.01;0;0;0;0;0;0;0;0;0;0;0;0;0;0;0;0;30;0;38.0;38.0;2;0;0.00;0.00;0.00;0.0;0.0
164.672;187;1054;38;40052;0.5;18.800;1.279;32;87;9;0;100;101;100;101;100;102;100;47;47;0;1.858;1.858;0.000;0.000;14.700;1.000;6.5;0.0;0;30;3.000;2.918;12.6;150;0;0;-8.7;0;0;0;0;0;98;0;0;1857;105.71;0;0;0;0;0;0;0;0;0;0;0;0;0;0;0;0;30;0;38.0;38.0;2;0;0.00;0.00;0.00;0.0;0.0
164.741;187;1065;38;40470;0.5;16.700;1.136;32;87;9;0;100;101;100;101;100;102;100;47;47;0;1.858;1.858;0.000;0.000;14.700;1.000;6.6;0.0;0;30;3.000;2.999;12.6;30;0;0;-8.7;0;0;0;0;0;98;0;0;1857;104.62;0;0;0;0;0;0;0;0;0;0;0;0;0;0;0;0;30;0;38.0;38.0;2;0;0.00;0.00;0.00;0.0;0.0
164.808;187;1061;38;40318;0.5;16.100;1.095;32;87;9;0;100;101;100;101;100;102;100;46;46;0;1.851;1.851;0.000;0.000;14.700;1.000;6.5;0.0;0;30;3.000;2.907;12.6;30;0;0;-8.7;0;0;0;0;0;98;0;0;1857;105.01;0;0;0;0;0;0;0;0;0;0;0;0;0;0;0;0;30;0;38.0;38.0;2;0;0.00;0.00;0.00;0.0;0.0
164.872;187;1043;38;39634;0.5;16.200;1.102;32;87;9;0;100;101;100;101;100;102;100;47;47;0;1.858;1.858;0.000;0.000;14.700;1.000;6.5;0.0;0;30;3.000;2.795;12.6;-110;0;0;-8.7;0;0;0;0;0;98;0;0;1857;106.83;0;0;0;0;0;0;0;0;0;0;0;0;0;0;0;0;30;0;38.0;38.0;2;0;0.00;0.00;0.00;0.0;0.0
164.937;187;1046;39;40794;0.5;15.800;1.075;32;87;9;0;100;101;100;101;100;102;100;48;48;0;1.873;1.873;0.000;0.000;14.700;1.000;6.5;0.0;0;30;3.000;2.853;12.6;-110;0;0;-8.6;0;0;0;0;0;98;0;0;1857;106.52;0;0;0;0;0;0;0;0;0;0;0;0;0;0;0;0;30;0;39.0;39.0;2;0;0.00;0.00;0.00;0.0;0.0
165.003;188;1041;38;39558;0.5;15.000;1.020;32;87;9;0;100;101;100;101;100;102;100;46;46;0;1.839;1.839;0.000;0.000;14.700;1.000;6.4;0.0;0;30;3.000;2.727;12.7;-80;0;0;-8.7;0;0;0;0;0;98;0;0;1850;106.63;0;0;0;0;0;0;0;0;0;0;0;0;0;0;0;0;30;0;38.0;38.0;2;0;0.00;0.00;0.00;0.0;0.0
165.071;188;1055;38;40090;0.5;14.200;0.966;32;87;9;0;100;101;100;101;100;102;100;46;46;0;1.839;1.839;0.000;0.000;14.700;1.000;6.5;0.0;0;30;3.000;2.979;12.7;40;0;0;-8.7;0;0;0;0;0;98;0;0;1850;105.21;0;0;0;0;0;0;0;0;0;0;0;0;0;0;0;0;30;0;38.0;38.0;2;0;0.00;0.00;0.00;0.0;0.0
165.137;188;1053;38;40014;0.5;14.400;0.980;32;87;9;0;100;101;100;101;100;102;100;47;47;0;1.846;1.846;0.000;0.000;14.700;1.000;6.5;0.0;0;30;3.000;2.978;12.7;40;0;0;-8.7;0;0;0;0;0;98;0;0;1850;105.41;0;0;0;0;0;0;0;0;0;0;0;0;0;0;0;0;30;0;38.0;38.0;2;0;0.00;0.00;0.00;0.0;0.0
165.202;188;1054;38;40052;0.5;14.200;0.966;32;87;9;0;100;101;100;101;100;102;100;47;47;0;1.834;1.834;0.000;0.000;14.700;1.000;6.4;0.0;0;30;3.000;2.860;12.8;30;0;0;-8.7;0;0;0;0;0;98;0;0;1850;105.31;0;0;0;0;0;0;0;0;0;0;0;0;0;0;0;0;30;0;38.0;38.0;2;0;0.00;0.00;0.00;0.0;0.0
165.269;188;1042;38;39596;0.5;14.000;0.952;32;87;9;0;100;101;100;101;100;102;100;47;47;0;1.834;1.834;0.000;0.000;14.700;1.000;6.4;0.0;0;30;3.000;2.952;12.8;-110;0;0;-8.7;0;0;0;0;0;98;0;0;1850;106.53;0;0;0;0;0;0;0;0;0;0;0;0;0;0;0;0;30;0;38.0;38.0;2;0;0.00;0.00;0.00;0.0;0.0
165.335;188;1037;38;39406;0.5;14.000;0.952;32;87;9;0;100;101;100;101;100;102;100;47;47;0;1.834;1.834;0.000;0.000;14.700;1.000;6.3;0.0;0;30;3.000;2.682;12.8;-110;0;0;-8.7;0;0;0;0;0;98;0;0;1850;107.04;0;0;0;0;0;0;0;0;0;0;0;0;0;0;0;0;30;0;38.0;38.0;2;0;0.00;0.00;0.00;0.0;0.0
165.404;188;1035;39;40365;0.5;13.800;0.939;32;87;9;0;100;101;100;101;100;102;100;48;48;0;1.849;1.849;0.000;0.000;14.700;1.000;6.4;0.0;0;30;3.000;2.924;12.8;-50;0;0;-8.6;0;0;0;0;0;98;0;0;1850;107.25;0;0;0;0;0;0;0;0;0;0;0;0;0;0;0;0;30;0;39.0;39.0;2;0;0.00;0.00;0.00;0.0;0.0
165.470;188;1018;39;39702;0.5;14.200;0.966;32;87;9;0;100;101;100;101;100;102;100;48;48;0;1.849;1.849;0.000;0.000;14.700;1.000;6.3;0.0;0;30;3.000;2.542;12.8;-120;0;0;-8.6;0;0;0;0;0;98;0;0;1850;109.04;0;0;0;0;0;0;0;0;0;0;0;0;0;0;0;0;30;0;39.0;39.0;2;0;0.00;0.00;0.00;0.0;0.0
165.539;188;999;39;38961;0.5;14.400;0.980;32;87;9;0;100;101;100;101;100;102;100;49;49;0;1.862;1.862;0.000;0.000;14.700;1.000;6.2;0.0;0;29;3.000;2.438;12.8;-120;0;0;-8.6;0;0;0;0;0;98;0;0;1850;111.11;0;0;0;0;0;0;0;0;0;0;0;0;0;0;0;0;29;0;39.0;39.0;2;0;0.00;0.00;0.00;0.0;0.0
165.605;188;998;39;38922;0.5;14.400;0.980;32;87;9;0;100;101;100;101;100;102;100;48;48;0;1.849;1.849;0.000;0.000;14.700;1.000;6.2;0.0;0;30;3.000;2.984;12.8;-260;0;0;-8.6;0;0;0;0;0;98;0;0;1850;111.22;0;0;0;0;0;0;0;0;0;0;0;0;0;0;0;0;30;0;39.0;39.0;2;0;0.00;0.00;0.00;0.0;0.0
165.670;188;1000;40;40000;0.5;14.400;0.980;32;87;9;0;100;101;100;101;100;102;100;50;50;0;1.878;1.878;0.000;0.000;14.700;1.000;6.3;0.0;0;30;3.000;3.037;12.8;10;0;0;-8.4;0;0;0;0;0;98;0;0;1850;111.00;0;0;0;0;0;0;0;0;0;0;0;0;0;0;0;0;30;0;40.0;40.0;2;0;0.00;0.00;0.00;0.0;0.0
165.735;188;1001;40;40040;0.5;15.100;1.027;32;87;9;0;100;101;100;101;100;102;100;50;50;0;1.902;1.902;0.000;0.000;14.700;1.000;6.3;0.0;0;30;3.000;3.230;12.6;10;0;0;-8.4;0;0;0;0;0;98;0;0;1850;110.89;0;0;0;0;0;0;0;0;0;0;0;0;0;0;0;0;30;0;40.0;40.0;2;0;0.00;0.00;0.00;0.0;0.0
165.805;188;1008;40;40320;0.5;17.500;1.190;32;87;9;0;100;101;100;101;100;102;100;50;50;0;1.902;1.902;0.000;0.000;14.700;1.000;6.4;0.0;0;30;3.000;2.850;12.6;10;0;0;-8.4;0;0;0;0;0;98;0;0;1850;110.12;0;0;0;0;0;0;0;0;0;0;0;0;0;0;0;0;30;0;40.0;40.0;2;0;0.00;0.00;0.00;0.0;0.0
165.871;188;1036;40;41440;0.5;19.300;1.313;32;87;9;0;100;101;100;101;100;102;100;50;50;0;1.902;1.902;0.000;0.000;14.700;1.000;6.6;0.0;0;30;3.000;3.086;12.6;350;0;0;-8.4;0;0;0;0;0;98;0;0;1850;107.14;0;0;0;0;0;0;0;0;0;0;0;0;0;0;0;0;30;0;40.0;40.0;2;0;0.00;0.00;0.00;0.0;0.0
165.938;188;1027;39;40053;0.5;19.700;1.340;32;87;9;0;100;101;100;101;100;102;100;48;48;0;1.873;1.873;0.000;0.000;14.700;1.000;6.4;0.0;0;30;3.000;2.597;12.6;350;0;0;-8.6;0;0;0;0;0;98;0;0;1850;108.08;0;0;0;0;0;0;0;0;0;0;0;0;0;0;0;0;30;0;39.0;39.0;2;0;0.00;0.00;0.00;0.0;0.0
166.007;189;1040;39;40560;0.5;16.600;1.129;32;87;9;0;100;101;100;101;100;102;100;48;48;0;1.861;1.861;0.000;0.000;14.700;1.000;6.5;0.0;0;30;3.000;2.947;12.7;-70;0;0;-8.6;0;0;0;0;0;98;0;0;1851;106.79;0;0;0;0;0;0;0;0;0;0;0;0;0;0;0;0;30;0;39.0;39.0;2;0;0.00;0.00;0.00;0.0;0.0
166.072;189;1053;39;41067;0.5;18.500;1.259;32;87;9;0;100;101;100;101;100;102;100;48;48;0;1.861;1.861;0.000;0.000;14.700;1.000;6.5;0.0;0;30;3.000;3.089;12.7;240;0;0;-8.6;0;0;0;0;0;98;0;0;1851;105.47;0;0;0;0;0;0;0;0;0;0;0;0;0;0;0;0;30;0;39.0;39.0;2;0;0.00;0.00;0.00;0.0;0.0
166.138;189;1060;38;40280;0.5;19.400;1.320;32;87;9;0;100;101;100;101;100;102;100;46;46;0;1.839;1.839;0.000;0.000;14.700;1.000;6.5;0.0;0;30;3.000;2.866;12.7;240;0;0;-8.7;0;0;0;0;0;98;0;0;1851;104.77;0;0;0;0;0;0;0;0;0;0;0;0;0;0;0;0;30;0;38.0;38.0;2;0;0.00;0.00;0.00;0.0;0.0
166.203;189;1061;38;40318;0.5;18.100;1.231;32;87;9;0;100;101;100;101;100;102;100;46;46;0;1.839;1.839;0.000;0.000;14.700;1.000;6.5;0.0;0;30;3.000;2.956;12.7;-10;0;0;-8.7;0;0;0;0;0;98;0;0;1851;104.67;0;0;0;0;0;0;0;0;0;0;0;0;0;0;0;0;30;0;38.0;38.0;2;0;0.00;0.00;0.00;0.0;0.0
166.272;189;1059;38;40242;0.5;16.500;1.122;32;87;9;0;100;101;100;101;100;102;100;47;47;0;1.834;1.834;0.000;0.000;14.700;1.000;6.5;0.0;0;30;3.000;2.776;12.8;70;0;0;-8.7;0;0;0;0;0;98;0;0;1851;104.87;0;0;0;0;0;0;0;0;0;0;0;0;0;0;0;0;30;0;38.0;38.0;2;0;0.00;0.00;0.00;0.0;0.0
166.338;189;1067;38;40546;0.5;16.500;1.122;32;87;9;0;100;101;100;101;100;102;100;47;47;0;1.834;1.834;0.000;0.000;14.700;1.000;6.5;0.0;0;30;3.000;3.023;12.8;70;0;0;-8.7;0;0;0;0;0;98;0;0;1851;104.09;0;0;0;0;0;0;0;0;0;0;0;0;0;0;0;0;30;0;38.0;38.0;2;0;0.00;0.00;0.00;0.0;0.0
166.403;189;1053;38;40014;0.5;16.300;1.109;32;87;9;0;100;101;100;101;100;102;100;47;47;0;1.834;1.834;0.000;0.000;14.700;1.000;6.4;0.0;0;30;3.000;2.495;12.8;110;0;0;-8.7;0;0;0;0;0;98;0;0;1851;105.47;0;0;0;0;0;0;0;0;0;0;0;0;0;0;0;0;30;0;38.0;38.0;2;0;0.00;0.00;0.00;0.0;0.0
166.469;189;1053;38;40014;0.5;14.900;1.014;32;87;9;0;100;101;100;101;100;102;100;47;47;0;1.834;1.834;0.000;0.000;14.700;1.000;6.4;0.0;0;30;3.000;2.886;12.8;-170;0;0;-8.7;0;0;0;0;0;98;0;0;1851;105.47;0;0;0;0;0;0;0;0;0;0;0;0;0;0;0;0;30;0;38.0;38.0;2;0;0.00;0.00;0.00;0.0;0.0
166.539;189;1041;39;40599;0.5;13.900;0.946;32;87;9;0;100;101;100;101;100;102;100;48;48;0;1.849;1.849;0.000;0.000;14.700;1.000;6.4;0.0;0;30;3.000;2.757;12.8;-170;0;0;-8.6;0;0;0;0;0;98;0;0;1851;106.69;0;0;0;0;0;0;0;0;0;0;0;0;0;0;0;0;30;0;39.0;39.0;2;0;0.00;0.00;0.00;0.0;0.0
166.604;189;1024;38;38912;0.5;13.500;0.918;32;87;9;0;100;101;100;101;100;102;100;46;46;0;1.827;1.827;0.000;0.000;14.700;1.000;6.2;0.0;0;30;3.000;3.016;12.8;-200;0;0;-8.7;0;0;0;0;0;98;0;0;1851;108.46;0;0;0;0;0;0;0;0;0;0;0;0;0;0;0;0;30;0;38.0;38.0;2;0;0.00;0.00;0.00;0.0;0.0
166.671;189;1025;39;39975;0.5;13.600;0.925;32;87;9;0;100;101;100;101;100;102;100;48;48;0;1.849;1.849;0.000;0.000;14.700;1.000;6.3;0.0;0;30;3.000;2.816;12.8;-80;0;0;-8.6;0;0;0;0;0;98;0;0;1851;108.35;0;0;0;0;0;0;0;0;0;0;0;0;0;0;0;0;30;0;39.0;39.0;2;0;0.00;0.00;0.00;0.0;0.0
166.739;189;1011;39;39429;0.5;13.400;0.912;32;87;9;0;100;101;100;101;100;102;100;49;49;0;1.862;1.862;0.000;0.000;14.700;1.000;6.3;0.0;0;30;3.000;2.559;12.8;-80;0;0;-8.6;0;0;0;0;0;98;0;0;1851;109.85;0;0;0;0;0;0;0;0;0;0;0;0;0;0;0;0;30;0;39.0;39.0;2;0;0.00;0.00;0.00;0.0;0.0
166.805;189;1015;39;39585;0.5;13.700;0.932;32;87;9;0;100;101;100;101;100;102;100;48;48;0;1.849;1.849;0.000;0.000;14.700;1.000;6.3;0.0;0;30;3.000;2.969;12.8;-140;0;0;-8.6;0;0;0;0;0;98;0;0;1851;109.42;0;0;0;0;0;0;0;0;0;0;0;0;0;0;0;0;30;0;39.0;39.0;2;0;0.00;0.00;0.00;0.0;0.0
166.870;189;1007;39;39273;0.5;14.000;0.952;32;87;9;0;100;101;100;101;100;102;100;48;48;0;1.849;1.849;0.000;0.000;14.700;1.000;6.2;0.0;0;30;3.000;2.563;12.8;-140;0;0;-8.6;0;0;0;0;0;98;0;0;1851;110.29;0;0;0;0;0;0;0;0;0;0;0;0;0;0;0;0;30;0;39.0;39.0;2;0;0.00;0.00;0.00;0.0;0.0
166.940;189;1003;40;40120;0.5;14.300;0.973;32;87;9;0;100;101;100;101;100;102;100;50;50;0;1.878;1.878;0.000;0.000;14.700;1.000;6.3;0.0;0;30;3.000;2.817;12.8;-40;0;0;-8.4;0;0;0;0;0;98;0;0;1851;110.73;0;0;0;0;0;0;0;0;0;0;0;0;0;0;0;0;30;0;40.0;40.0;2;0;0.00;0.00;0.00;0.0;0.0
167.005;190;978;40;39120;0.5;15.500;1.054;32;87;9;0;100;101;100;101;100;102;100;50;50;0;1.866;1.866;0.000;0.000;14.700;1.000;6.1;0.0;0;29;3.000;2.635;12.9;-200;0;0;-8.4;0;0;0;0;0;98;0;0;1853;113.68;0;0;0;0;0;0;0;0;0;0;0;0;0;0;0;0;29;0;40.0;40.0;2;0;0.00;0.00;0.00;0.0;0.0
167.071;190;984;40;39360;0.5;17.300;1.177;32;87;9;0;100;101;100;101;100;102;100;50;50;0;1.866;1.866;0.000;0.000;14.700;1.000;6.1;0.0;0;29;3.000;3.002;12.9;-200;0;0;-8.4;0;0;0;0;0;98;0;0;1853;112.99;0;0;0;0;0;0;0;0;0;0;0;0;0;0;0;0;29;0;40.0;40.0;2;0;0.00;0.00;0.00;0.0;0.0
167.136;190;991;41;40631;0.5;18.900;1.286;32;87;9;0;100;101;100;101;100;102;100;51;51;0;1.881;1.881;0.000;0.000;14.700;1.000;6.2;0.0;0;29;3.000;3.102;12.9;-30;0;0;-8.3;0;0;0;0;0;98;0;0;1853;112.19;0;0;0;0;0;0;0;0;0;0;0;0;0;0;0;0;29;0;41.0;41.0;2;0;0.00;0.00;0.00;0.0;0.0
167.202;190;976;40;39040;0.5;19.600;1.333;32;87;9;0;100;101;100;101;100;102;100;50;50;0;1.866;1.866;0.000;0.000;14.700;1.000;6.1;0.0;0;29;3.000;2.899;12.9;10;0;0;-8.4;0;0;0;0;0;98;0;0;1853;113.91;0;0;0;0;0;0;0;0;0;0;0;0;0;0;0;0;29;0;40.0;40.0;2;0;0.00;0.00;0.00;0.0;0.0
167.272;190;994;41;40754;0.5;19.700;1.340;32;87;9;0;100;101;100;101;100;102;100;51;51;0;1.929;1.929;0.000;0.000;14.700;1.000;6.4;0.0;0;29;3.000;3.215;12.5;10;0;0;-8.3;0;0;0;0;0;98;0;0;1853;111.85;0;0;0;0;0;0;0;0;0;0;0;0;0;0;0;0;29;0;41.0;41.0;2;0;0.00;0.00;0.00;0.0;0.0
167.337;190;1008;40;40320;0.5;19.700;1.340;32;87;9;0;100;101;100;101;100;102;100;50;50;0;1.914;1.914;0.000;0.000;14.700;1.000;6.4;0.0;0;30;3.000;2.853;12.5;90;0;0;-8.4;0;0;0;0;0;98;0;0;1853;110.30;0;0;0;0;0;0;0;0;0;0;0;0;0;0;0;0;30;0;40.0;40.0;2;0;0.00;0.00;0.00;0.0;0.0
167.404;190;1022;40;40880;0.5;19.700;1.340;32;87;9;0;100;101;100;101;100;102;100;50;50;0;1.914;1.914;0.000;0.000;14.700;1.000;6.5;0.0;0;30;3.000;2.991;12.5;280;0;0;-8.4;0;0;0;0;0;98;0;0;1853;108.79;0;0;0;0;0;0;0;0;0;0;0;0;0;0;0;0;30;0;40.0;40.0;2;0;0.00;0.00;0.00;0.0;0.0
167.472;190;1024;39;39936;0.5;19.700;1.340;32;87;9;0;100;101;100;101;100;102;100;49;49;0;1.898;1.898;0.000;0.000;14.700;1.000;6.5;0.0;0;30;3.000;2.672;12.5;280;0;0;-8.6;0;0;0;0;0;98;0;0;1853;108.57;0;0;0;0;0;0;0;0;0;0;0;0;0;0;0;0;30;0;39.0;39.0;2;0;0.00;0.00;0.00;0.0;0.0
167.538;190;1033;39;40287;0.5;19.700;1.340;32;87;9;0;100;101;100;101;100;102;100;48;48;0;1.861;1.861;0.000;0.000;14.700;1.000;6.4;0.0;0;30;3.000;3.090;12.7;20;0;0;-8.6;0;0;0;0;0;98;0;0;1853;107.63;0;0;0;0;0;0;0;0;0;0;0;0;0;0;0;0;30;0;39.0;39.0;2;0;0.00;0.00;0.00;0.0;0.0
167.607;190;1046;39;40794;0.5;19.700;1.340;32;87;9;0;100;101;100;101;100;102;100;48;48;0;1.861;1.861;0.000;0.000;14.700;1.000;6.5;0.0;0;30;3.000;3.170;12.7;220;0;0;-8.6;0;0;0;0;0;98;0;0;1853;106.29;0;0;0;0;0;0;0;0;0;0;0;0;0;0;0;0;30;0;39.0;39.0;2;0;0.00;0.00;0.00;0.0;0.0
167.673;190;1052;39;41028;0.5;19.700;1.340;32;87;9;0;100;101;100;101;100;102;100;48;48;0;1.861;1.861;0.000;0.000;14.700;1.000;6.5;0.0;0;30;3.000;2.857;12.7;220;0;0;-8.6;0;0;0;0;0;98;0;0;1853;105.68;0;0;0;0;0;0;0;0;0;0;0;0;0;0;0;0;30;0;39.0;39.0;2;0;0.00;0.00;0.00;0.0;0.0
167.738;190;1062;39;41418;0.5;19.700;1.340;32;87;9;0;100;101;100;101;100;102;100;48;48;0;1.837;1.837;0.000;0.000;14.700;1.000;6.5;0.0;0;30;3.000;2.912;12.9;60;0;0;-8.6;0;0;0;0;0;98;0;0;1853;104.69;0;0;0;0;0;0;0;0;0;0;0;0;0;0;0;0;30;0;39.0;39.0;2;0;0.00;0.00;0.00;0.0;0.0
167.803;190;1050;38;39900;0.5;19.600;1.333;32;87;9;0;100;101;100;101;100;102;100;46;46;0;1.815;1.815;0.000;0.000;14.700;1.000;6.4;0.0;0;30;3.000;2.653;12.9;-20;0;0;-8.7;0;0;0;0;0;98;0;0;1853;105.89;0;0;0;0;0;0;0;0;0;0;0;0;0;0;0;0;30;0;38.0;38.0;2;0;0.00;0.00;0.00;0.0;0.0
167.869;190;1059;38;40242;0.5;19.500;1.327;32;87;9;0;100;101;100;101;100;102;100;47;47;0;1.822;1.822;0.000;0.000;14.700;1.000;6.4;0.0;0;30;3.000;2.940;12.9;-20;0;0;-8.7;0;0;0;0;0;98;0;0;1853;104.99;0;0;0;0;0;0;0;0;0;0;0;0;0;0;0;0;30;0;38.0;38.0;2;0;0.00;0.00;0.00;0.0;0.0
167.934;190;1052;38;39976;0.5;16.200;1.102;32;87;9;0;100;101;100;101;100;102;100;46;46;0;1.815;1.815;0.000;0.000;14.700;1.000;6.4;0.0;0;30;3.000;2.936;12.9;90;0;0;-8.7;0;0;0;0;0;98;0;0;1853;105.68;0;0;0;0;0;0;0;0;0;0;0;0;0;0;0;0;30;0;38.0;38.0;2;0;0.00;0.00;0.00;0.0;0.0
168.005;191;1019;38;38722;0.5;16.600;1.129;32;87;9;0;100;101;100;101;100;102;100;48;48;0;1.829;1.829;0.000;0.000;14.700;1.000;6.2;0.0;0;30;3.000;2.774;12.9;-260;0;0;-8.7;0;0;0;0;0;98;0;0;1859;109.46;0;0;0;0;0;0;0;0;0;0;0;0;0;0;0;0;30;0;38.0;38.0;2;0;0.00;0.00;0.00;0.0;0.0
168.083;191;1013;39;39507;0.5;16.000;1.088;32;87;9;0;100;101;100;101;100;102;100;50;50;0;1.856;1.856;0.000;0.000;14.700;1.000;6.3;0.0;0;30;3.000;2.650;12.9;-260;0;0;-8.6;0;0;0;0;0;98;0;0;1859;110.11;0;0;0;0;0;0;0;0;0;0;0;0;0;0;0;0;30;0;39.0;39.0;2;0;0.00;0.00;0.00;0.0;0.0
168.145;191;1005;39;39195;0.5;14.700;1.000;32;87;9;0;100;101;100;101;100;102;100;51;51;0;1.863;1.863;0.000;0.000;14.700;1.000;6.2;0.0;0;30;3.000;2.723;12.9;-200;0;0;-8.6;0;0;0;0;0;98;0;0;1859;110.99;0;0;0;0;0;0;0;0;0;0;0;0;0;0;0;0;30;0;39.0;39.0;2;0;0.00;0.00;0.00;0.0;0.0
168.209;191;1001;40;40040;0.5;13.700;0.932;32;87;9;0;100;101;100;101;100;102;100;52;52;0;1.886;1.886;0.000;0.000;14.700;1.000;6.3;0.0;0;30;3.000;2.716;12.9;-120;0;0;-8.4;0;0;0;0;0;98;0;0;1859;111.43;0;0;0;0;0;0;0;0;0;0;0;0;0;0;0;0;30;0;40.0;40.0;2;0;0.00;0.00;0.00;0.0;0.0
168.275;191;997;40;39880;0.5;13.800;0.939;32;87;9;0;100;101;100;101;100;102;100;53;53;0;1.917;1.917;0.000;0.000;14.700;1.000;6.4;0.0;0;29;3.000;2.531;12.7;-120;0;0;-8.4;0;0;0;0;0;98;0;0;1859;111.88;0;0;0;0;0;0;0;0;0;0;0;0;0;0;0;0;29;0;40.0;40.0;2;0;0.00;0.00;0.00;0.0;0.0
168.342;191;1008;39;39312;0.5;14.400;0.980;32;87;9;0;100;101;100;101;100;102;100;51;51;0;1.887;1.887;0.000;0.000;14.700;1.000;6.3;0.0;0;30;3.000;3.093;12.7;0;0;0;-8.6;0;0;0;0;0;98;0;0;1859;110.65;0;0;0;0;0;0;0;0;0;0;0;0;0;0;0;0;30;0;39.0;39.0;2;0;0.00;0.00;0.00;0.0;0.0
168.407;191;1005;40;40200;0.5;14.500;0.986;32;87;9;0;100;101;100;101;100;102;100;52;52;0;1.910;1.910;0.000;0.000;14.700;1.000;6.4;0.0;0;30;3.000;2.604;12.7;-10;0;0;-8.4;0;0;0;0;0;98;0;0;1859;110.99;0;0;0;0;0;0;0;0;0;0;0;0;0;0;0;0;30;0;40.0;40.0;2;0;0.00;0.00;0.00;0.0;0.0
168.472;191;1015;40;40600;0.5;15.800;1.075;32;87;9;0;100;101;100;101;100;102;100;52;52;0;1.910;1.910;0.000;0.000;14.700;1.000;6.5;0.0;0;30;3.000;3.023;12.7;-10;0;0;-8.4;0;0;0;0;0;98;0;0;1859;109.89;0;0;0;0;0;0;0;0;0;0;0;0;0;0;0;0;30;0;40.0;40.0;2;0;0.00;0.00;0.00;0.0;0.0
168.537;191;1030;40;41200;0.5;17.700;1.204;32;87;9;0;100;101;100;101;100;102;100;52;52;0;1.910;1.910;0.000;0.000;14.700;1.000;6.6;0.0;0;30;3.000;3.195;12.7;140;0;0;-8.4;0;0;0;0;0;98;0;0;1859;108.29;0;0;0;0;0;0;0;0;0;0;0;0;0;0;0;0;30;0;40.0;40.0;2;0;0.00;0.00;0.00;0.0;0.0
168.602;191;1041;39;40599;0.5;18.800;1.279;32;87;9;0;100;101;100;101;100;102;100;50;50;0;1.880;1.880;0.000;0.000;14.700;1.000;6.5;0.0;0;30;3.000;2.924;12.7;270;0;0;-8.6;0;0;0;0;0;98;0;0;1859;107.15;0;0;0;0;0;0;0;0;0;0;0;0;0;0;0;0;30;0;39.0;39.0;2;0;0.00;0.00;0.00;0.0;0.0
168.669;191;1035;39;40365;0.5;19.400;1.320;32;87;9;0;100;101;100;101;100;102;100;50;50;0;1.880;1.880;0.000;0.000;14.700;1.000;6.5;0.0;0;30;3.000;3.046;12.7;270;0;0;-8.6;0;0;0;0;0;98;0;0;1859;107.77;0;0;0;0;0;0;0;0;0;0;0;0;0;0;0;0;30;0;39.0;39.0;2;0;0.00;0.00;0.00;0.0;0.0
168.737;191;1040;39;40560;0.5;19.700;1.340;32;87;9;0;100;101;100;101;100;102;100;50;50;0;1.880;1.880;0.000;0.000;14.700;1.000;6.5;0.0;0;30;3.000;2.929;12.7;-20;0;0;-8.6;0;0;0;0;0;98;0;0;1859;107.25;0;0;0;0;0;0;0;0;0;0;0;0;0;0;0;0;30;0;39.0;39.0;2;0;0.00;0.00;0.00;0.0;0.0
168.803;191;1055;38;40090;0.5;19.700;1.340;32;87;9;0;100;101;100;101;100;102;100;48;48;0;1.841;1.841;0.000;0.000;14.700;1.000;6.5;0.0;0;30;3.000;3.030;12.8;160;0;0;-8.7;0;0;0;0;0;98;0;0;1859;105.73;0;0;0;0;0;0;0;0;0;0;0;0;0;0;0;0;30;0;38.0;38.0;2;0;0.00;0.00;0.00;0.0;0.0
168.873;191;1064;38;40432;0.5;19.200;1.306;32;87;9;0;100;101;100;101;100;102;100;48;48;0;1.841;1.841;0.000;0.000;14.700;1.000;6.5;0.0;0;30;3.000;3.079;12.8;160;0;0;-8.7;0;0;0;0;0;98;0;0;1859;104.83;0;0;0;0;0;0;0;0;0;0;0;0;0;0;0;0;30;0;38.0;38.0;2;0;0.00;0.00;0.00;0.0;0.0
168.938;191;1069;38;40622;0.5;19.400;1.320;32;87;9;0;100;101;100;101;100;102;100;48;48;0;1.841;1.841;0.000;0.000;14.700;1.000;6.6;0.0;0;30;3.000;2.873;12.8;100;0;0;-8.7;0;0;0;0;0;98;0;0;1859;104.34;0;0;0;0;0;0;0;0;0;0;0;0;0;0;0;0;30;0;38.0;38.0;2;0;0.00;0.00;0.00;0.0;0.0
169.004;191;1063;38;40394;0.5;17.700;1.204;32;87;9;0;100;101;100;101;100;102;100;48;48;0;1.841;1.841;0.000;0.000;14.700;1.000;6.5;0.0;0;30;3.000;2.861;12.8;100;0;0;-8.7;0;0;0;0;0;98;0;0;1859;104.93;0;0;0;0;0;0;0;0;0;0;0;0;0;0;0;0;30;0;38.0;38.0;2;0;0.00;0.00;0.00;0.0;0.0
169.069;192;1056;38;40128;0.5;17.000;1.156;32;87;9;0;100;101;100;101;100;102;100;48;48;0;1.841;1.841;0.000;0.000;14.700;1.000;6.5;0.0;0;30;3.000;2.575;12.8;-20;0;0;-8.7;0;0;0;0;0;98;0;0;1851;105.17;0;0;0;0;0;0;0;0;0;0;0;0;0;0;0;0;30;0;38.0;38.0;2;0;0.00;0.00;0.00;0.0;0.0
169.135;192;1050;38;39900;0.5;16.900;1.150;32;87;9;0;100;101;100;101;100;102;100;48;48;0;1.841;1.841;0.000;0.000;14.700;1.000;6.4;0.0;0;30;3.000;2.873;12.8;-110;0;0;-8.7;0;0;0;0;0;98;0;0;1851;105.77;0;0;0;0;0;0;0;0;0;0;0;0;0;0;0;0;30;0;38.0;38.0;2;0;0.00;0.00;0.00;0.0;0.0
169.205;192;1035;38;39330;0.5;15.200;1.034;32;87;9;0;100;101;100;101;100;102;100;48;48;0;1.841;1.841;0.000;0.000;14.700;1.000;6.4;0.0;0;30;3.000;2.761;12.8;-110;0;0;-8.7;0;0;0;0;0;98;0;0;1851;107.30;0;0;0;0;0;0;0;0;0;0;0;0;0;0;0;0;30;0;38.0;38.0;2;0;0.00;0.00;0.00;0.0;0.0
169.271;192;1034;38;39292;0.5;13.700;0.932;32;87;9;0;100;101;100;101;100;102;100;48;48;0;1.913;1.913;0.000;0.000;14.700;1.000;6.6;0.0;0;30;3.000;3.014;12.2;-170;0;0;-8.7;0;0;0;0;0;98;0;0;1851;107.41;0;0;0;0;0;0;0;0;0;0;0;0;0;0;0;0;30;0;38.0;38.0;2;0;0.00;0.00;0.00;0.0;0.0
169.336;192;1033;39;40287;0.5;13.800;0.939;32;87;9;0;100;101;100;101;100;102;100;50;50;0;1.940;1.940;0.000;0.000;14.700;1.000;6.7;0.0;0;30;3.000;3.040;12.2;-120;0;0;-8.6;0;0;0;0;0;98;0;0;1851;107.51;0;0;0;0;0;0;0;0;0;0;0;0;0;0;0;0;30;0;39.0;39.0;2;0;0.00;0.00;0.00;0.0;0.0
169.406;192;1023;39;39897;0.5;14.500;0.986;32;87;9;0;100;101;100;101;100;102;100;50;50;0;1.940;1.940;0.000;0.000;14.700;1.000;6.6;0.0;0;30;3.000;2.589;12.2;-120;0;0;-8.6;0;0;0;0;0;98;0;0;1851;108.56;0;0;0;0;0;0;0;0;0;0;0;0;0;0;0;0;30;0;39.0;39.0;2;0;0.00;0.00;0.00;0.0;0.0
169.470;192;1012;39;39468;0.5;14.300;0.973;32;87;9;0;100;101;100;101;100;102;100;50;50;0;1.940;1.940;0.000;0.000;14.700;1.000;6.5;0.0;0;30;3.000;2.812;12.2;-190;0;0;-8.6;0;0;0;0;0;98;0;0;1851;109.74;0;0;0;0;0;0;0;0;0;0;0;0;0;0;0;0;30;0;39.0;39.0;2;0;0.00;0.00;0.00;0.0;0.0
169.537;192;1022;39;39858;0.5;14.900;1.014;32;88;9;0;100;101;100;101;100;102;100;50;50;0;1.892;1.892;0.000;0.000;14.700;1.000;6.4;0.0;0;30;3.000;2.699;12.6;250;0;0;-8.6;0;0;0;0;0;98;0;0;1851;108.67;0;0;0;0;0;0;0;0;0;0;0;0;0;0;0;0;30;0;39.0;39.0;2;0;0.00;0.00;0.00;0.0;0.0
169.602;192;1023;39;39897;0.5;14.700;1.000;32;88;9;0;100;101;100;101;100;102;100;50;50;0;1.892;1.892;0.000;0.000;14.700;1.000;6.5;0.0;0;30;3.000;2.749;12.6;250;0;0;-8.6;0;0;0;0;0;98;0;0;1851;108.56;0;0;0;0;0;0;0;0;0;0;0;0;0;0;0;0;30;0;39.0;39.0;2;0;0.00;0.00;0.00;0.0;0.0
169.671;192;1016;39;39624;0.5;18.000;1.224;32;88;9;0;100;101;100;101;100;102;100;50;50;0;1.892;1.892;0.000;0.000;14.700;1.000;6.4;0.0;0;30;3.000;2.738;12.6;-70;0;0;-8.6;0;0;0;0;0;98;0;0;1851;109.31;0;0;0;0;0;0;0;0;0;0;0;0;0;0;0;0;30;0;39.0;39.0;2;0;0.00;0.00;0.00;0.0;0.0
169.737;192;1052;39;41028;0.5;19.300;1.313;32;88;9;0;100;101;100;101;100;102;100;50;50;0;1.892;1.892;0.000;0.000;14.700;1.000;6.6;0.0;0;30;3.000;3.171;12.6;190;0;0;-8.6;0;0;0;0;0;98;0;0;1851;105.57;0;0;0;0;0;0;0;0;0;0;0;0;0;0;0;0;30;0;39.0;39.0;2;0;0.00;0.00;0.00;0.0;0.0
169.802;192;1060;39;41340;0.5;18.900;1.286;32;88;9;0;100;101;100;101;100;102;100;50;50;0;1.880;1.880;0.000;0.000;14.700;1.000;6.6;0.0;0;30;3.000;2.997;12.7;190;0;0;-8.6;0;0;0;0;0;98;0;0;1851;104.77;0;0;0;0;0;0;0;0;0;0;0;0;0;0;0;0;30;0;39.0;39.0;2;0;0.00;0.00;0.00;0.0;0.0
169.868;192;1070;38;40660;0.5;17.700;1.204;32;88;9;0;100;101;100;101;100;102;100;48;48;0;1.853;1.853;0.000;0.000;14.700;1.000;6.6;0.0;0;30;3.000;2.954;12.7;220;0;0;-8.7;0;0;0;0;0;98;0;0;1851;103.79;0;0;0;0;0;0;0;0;0;0;0;0;0;0;0;0;30;0;38.0;38.0;2;0;0.00;0.00;0.00;0.0;0.0
169.937;192;1090;38;41420;0.5;17.700;1.204;32;88;9;0;100;101;100;101;100;102;100;48;48;0;1.853;1.853;0.000;0.000;14.700;1.000;6.7;0.0;0;30;3.000;3.082;12.7;180;0;0;-8.7;0;0;0;0;0;98;0;0;1851;101.89;0;0;0;0;0;0;0;0;0;0;0;0;0;0;0;0;30;0;38.0;38.0;2;0;0.00;0.00;0.00;0.0;0.0
170.003;192;1086;38;41268;0.5;17.400;1.184;32;88;9;0;100;101;100;101;100;102;100;48;48;0;1.853;1.853;0.000;0.000;14.700;1.000;6.7;0.0;0;30;3.000;2.755;12.7;180;0;0;-8.7;0;0;0;0;0;98;0;0;1851;102.27;0;0;0;0;0;0;0;0;0;0;0;0;0;0;0;0;30;0;38.0;38.0;2;0;0.00;0.00;0.00;0.0;0.0
170.068;193;1083;37;40071;0.5;16.300;1.109;32;88;9;0;100;101;100;101;100;102;100;46;46;0;1.811;1.811;0.000;0.000;14.700;1.000;6.5;0.0;0;31;3.000;2.902;12.8;20;0;0;-8.8;0;0;0;0;0;98;0;0;1848;102.38;0;0;0;0;0;0;0;0;0;0;0;0;0;0;0;0;31;0;37.0;37.0;2;0;0.00;0.00;0.00;0.0;0.0
170.135;193;1075;38;40850;0.5;14.700;1.000;32;88;9;0;100;101;100;101;100;102;100;48;48;0;1.841;1.841;0.000;0.000;14.700;1.000;6.6;0.0;0;30;3.000;2.843;12.8;-80;0;0;-8.7;0;0;0;0;0;98;0;0;1848;103.14;0;0;0;0;0;0;0;0;0;0;0;0;0;0;0;0;30;0;38.0;38.0;2;0;0.00;0.00;0.00;0.0;0.0
170.204;193;1074;37;39738;0.5;13.800;0.939;32;88;9;0;100;101;100;101;100;102;100;46;46;0;1.811;1.811;0.000;0.000;14.700;1.000;6.5;0.0;0;30;3.000;2.697;12.8;-80;0;0;-8.8;0;0;0;0;0;98;0;0;1848;103.24;0;0;0;0;0;0;0;0;0;0;0;0;0;0;0;0;30;0;37.0;37.0;2;0;0.00;0.00;0.00;0.0;0.0
170.269;193;1073;38;40774;0.5;13.200;0.898;32;88;9;0;100;101;100;101;100;102;100;48;48;0;1.841;1.841;0.000;0.000;14.700;1.000;6.6;0.0;0;30;3.000;2.687;12.8;-10;0;0;-8.7;0;0;0;0;0;98;0;0;1848;103.34;0;0;0;0;0;0;0;0;0;0;0;0;0;0;0;0;30;0;38.0;38.0;2;0;0.00;0.00;0.00;0.0;0.0
170.335;193;1062;37;39294;0.5;13.100;0.891;32;88;9;0;100;101;100;101;100;102;100;46;46;0;1.811;1.811;0.000;0.000;14.700;1.000;6.4;0.0;0;30;3.000;2.584;12.8;-120;0;0;-8.8;0;0;0;0;0;98;0;0;1848;104.41;0;0;0;0;0;0;0;0;0;0;0;0;0;0;0;0;30;0;37.0;37.0;2;0;0.00;0.00;0.00;0.0;0.0
170.400;193;1058;38;40204;0.5;13.100;0.891;32;88;9;0;100;101;100;101;100;102;100;48;48;0;1.841;1.841;0.000;0.000;14.700;1.000;6.5;0.0;0;30;3.000;2.731;12.8;-120;0;0;-8.7;0;0;0;0;0;98;0;0;1848;104.80;0;0;0;0;0;0;0;0;0;0;0;0;0;0;0;0;30;0;38.0;38.0;2;0;0.00;0.00;0.00;0.0;0.0
170.471;193;1061;38;40318;0.5;13.400;0.912;32;88;9;0;100;101;100;101;100;102;100;48;48;0;1.841;1.841;0.000;0.000;14.700;1.000;6.5;0.0;0;30;3.000;3.090;12.8;-40;0;0;-8.7;0;0;0;0;0;98;0;0;1848;104.51;0;0;0;0;0;0;0;0;0;0;0;0;0;0;0;0;30;0;38.0;38.0;2;0;0.00;0.00;0.00;0.0;0.0
170.536;193;1055;38;40090;0.5;13.600;0.925;32;88;9;0;100;101;100;101;100;102;100;48;48;0;1.829;1.829;0.000;0.000;14.700;1.000;6.4;0.0;0;30;3.000;2.746;12.9;-30;0;0;-8.7;0;0;0;0;0;98;0;0;1848;105.10;0;0;0;0;0;0;0;0;0;0;0;0;0;0;0;0;30;0;38.0;38.0;2;0;0.00;0.00;0.00;0.0;0.0
170.602;193;1036;38;39368;0.5;13.900;0.946;32;88;9;0;100;101;100;101;100;102;100;48;48;0;1.829;1.829;0.000;0.000;14.700;1.000;6.3;0.0;0;30;3.000;2.905;12.9;-30;0;0;-8.7;0;0;0;0;0;98;0;0;1848;107.03;0;0;0;0;0;0;0;0;0;0;0;0;0;0;0;0;30;0;38.0;38.0;2;0;0.00;0.00;0.00;0.0;0.0
170.672;193;1026;38;38988;0.5;13.900;0.946;32;88;9;0;100;101;100;101;100;102;100;48;48;0;1.829;1.829;0.000;0.000;14.700;1.000;6.3;0.0;0;30;3.000;2.682;12.9;-230;0;0;-8.7;0;0;0;0;0;98;0;0;1848;108.07;0;0;0;0;0;0;0;0;0;0;0;0;0;0;0;0;30;0;38.0;38.0;2;0;0.00;0.00;0.00;0.0;0.0
170.737;193;1037;39;40443;0.5;13.800;0.939;32;88;9;0;100;101;100;101;100;102;100;50;50;0;1.856;1.856;0.000;0.000;14.700;1.000;6.4;0.0;0;30;3.000;3.013;12.9;50;0;0;-8.6;0;0;0;0;0;98;0;0;1848;106.92;0;0;0;0;0;0;0;0;0;0;0;0;0;0;0;0;30;0;39.0;39.0;2;0;0.00;0.00;0.00;0.0;0.0
170.807;193;1020;39;39780;0.5;13.800;0.939;33;88;9;0;100;101;100;101;100;102;100;50;50;0;1.856;1.856;0.000;0.000;14.700;1.000;6.3;0.0;0;30;3.000;2.529;12.9;50;0;0;-8.6;0;0;0;0;0;98;0;0;1848;108.71;0;0;0;0;0;0;0;0;0;0;0;0;0;0;0;0;30;0;39.0;39.0;2;0;0.00;0.00;0.00;0.0;0.0
170.872;193;1024;39;39936;0.5;14.800;1.007;33;88;9;0;100;101;100;101;100;102;100;51;51;0;1.863;1.863;0.000;0.000;14.700;1.000;6.4;0.0;0;30;3.000;2.817;12.9;-160;0;0;-8.6;0;0;0;0;0;98;0;0;1848;108.28;0;0;0;0;0;0;0;0;0;0;0;0;0;0;0;0;30;0;39.0;39.0;2;0;0.00;0.00;0.00;0.0;0.0
170.937;193;1024;39;39936;0.5;17.200;1.170;33;88;9;0;100;101;100;101;100;102;100;51;51;0;1.863;1.863;0.000;0.000;14.700;1.000;6.4;0.0;0;30;3.000;2.913;12.9;-160;0;0;-8.6;0;0;0;0;0;98;0;0;1848;108.28;0;0;0;0;0;0;0;0;0;0;0;0;0;0;0;0;30;0;39.0;39.0;2;0;0.00;0.00;0.00;0.0;0.0
171.003;193;1008;39;39312;0.5;19.100;1.299;33;88;9;0;100;101;100;101;100;102;100;51;51;0;1.863;1.863;0.000;0.000;14.700;1.000;6.3;0.0;0;30;3.000;2.729;12.9;30;0;0;-8.6;0;0;0;0;0;98;0;0;1848;110.00;0;0;0;0;0;0;0;0;0;0;0;0;0;0;0;0;30;0;39.0;39.0;2;0;0.00;0.00;0.00;0.0;0.0
171.072;194;985;40;39400;0.5;19.200;1.306;33;88;9;0;100;101;100;101;100;102;100;53;53;0;1.941;1.941;0.000;0.000;14.700;1.000;6.4;0.0;0;29;3.000;2.695;12.5;-340;0;0;-8.4;0;0;0;0;0;98;0;0;1854;112.93;0;0;0;0;0;0;0;0;0;0;0;0;0;0;0;0;29;0;40.0;40.0;2;0;0.00;0.00;0.00;0.0;0.0
171.139;194;978;40;39120;0.5;18.500;1.259;33;88;9;0;100;101;100;101;100;102;100;53;53;0;1.941;1.941;0.000;0.000;14.700;1.000;6.3;0.0;0;29;3.000;2.827;12.5;-340;0;0;-8.4;0;0;0;0;0;98;0;0;1854;113.74;0;0;0;0;0;0;0;0;0;0;0;0;0;0;0;0;29;0;40.0;40.0;2;0;0.00;0.00;0.00;0.0;0.0
171.204;194;977;41;40057;0.5;18.700;1.272;33;88;9;0;100;101;100;101;100;102;100;54;54;0;1.957;1.957;0.000;0.000;14.700;1.000;6.4;0.0;0;29;3.000;2.844;12.5;-120;0;0;-8.3;0;0;0;0;0;98;0;0;1854;113.86;0;0;0;0;0;0;0;0;0;0;0;0;0;0;0;0;29;0;41.0;41.0;2;0;0.00;0.00;0.00;0.0;0.0
171.269;194;987;40;39480;0.5;19.500;1.327;33;88;9;0;100;101;100;101;100;102;100;53;53;0;1.941;1.941;0.000;0.000;14.700;1.000;6.4;0.0;0;29;3.000;3.010;12.5;70;0;0;-8.4;0;0;0;0;0;98;0;0;1854;112.71;0;0;0;0;0;0;0;0;0;0;0;0;0;0;0;0;29;0;40.0;40.0;2;0;0.00;0.00;0.00;0.0;0.0
171.338;194;1007;41;41287;0.5;19.700;1.340;33;88;9;0;100;101;100;101;100;102;100;53;53;0;1.925;1.925;0.000;0.000;14.700;1.000;6.5;0.0;0;30;3.000;3.068;12.7;70;0;0;-8.3;0;0;0;0;0;98;0;0;1854;110.47;0;0;0;0;0;0;0;0;0;0;0;0;0;0;0;0;30;0;41.0;41.0;2;0;0.00;0.00;0.00;0.0;0.0
171.404;194;1027;40;41080;0.5;19.700;1.340;33;88;9;0;100;101;100;101;100;102;100;52;52;0;1.910;1.910;0.000;0.000;14.700;1.000;6.5;0.0;0;30;3.000;2.888;12.7;220;0;0;-8.4;0;0;0;0;0;98;0;0;1854;108.32;0;0;0;0;0;0;0;0;0;0;0;0;0;0;0;0;30;0;40.0;40.0;2;0;0.00;0.00;0.00;0.0;0.0
171.469;194;1031;40;41240;0.5;19.700;1.340;33;88;9;0;100;101;100;101;100;102;100;52;52;0;1.910;1.910;0.000;0.000;14.700;1.000;6.6;0.0;0;30;3.000;2.984;12.7;210;0;0;-8.4;0;0;0;0;0;98;0;0;1854;107.90;0;0;0;0;0;0;0;0;0;0;0;0;0;0;0;0;30;0;40.0;40.0;2;0;0.00;0.00;0.00;0.0;0.0
171.539;194;1018;39;39702;0.5;19.700;1.340;33;88;9;0;100;101;100;101;100;102;100;50;50;0;1.880;1.880;0.000;0.000;14.700;1.000;6.4;0.0;0;30;3.000;2.770;12.7;210;0;0;-8.6;0;0;0;0;0;98;0;0;1854;109.27;0;0;0;0;0;0;0;0;0;0;0;0;0;0;0;0;30;0;39.0;39.0;2;0;0.00;0.00;0.00;0.0;0.0
171.604;194;1037;39;40443;0.5;19.700;1.340;33;88;9;0;100;101;100;101;100;102;100;50;50;0;1.904;1.904;0.000;0.000;14.700;1.000;6.6;0.0;0;30;3.000;3.086;12.5;-100;0;0;-8.6;0;0;0;0;0;98;0;0;1854;107.27;0;0;0;0;0;0;0;0;0;0;0;0;0;0;0;0;30;0;39.0;39.0;2;0;0.00;0.00;0.00;0.0;0.0
171.671;194;1057;39;41223;0.5;19.700;1.340;33;88;9;0;100;101;100;101;100;102;100;50;50;0;1.904;1.904;0.000;0.000;14.700;1.000;6.7;0.0;0;30;3.000;2.944;12.5;350;0;0;-8.6;0;0;0;0;0;98;0;0;1854;105.24;0;0;0;0;0;0;0;0;0;0;0;0;0;0;0;0;30;0;39.0;39.0;2;0;0.00;0.00;0.00;0.0;0.0
171.740;194;1067;38;40546;0.5;18.400;1.252;33;88;9;0;100;101;100;101;100;102;100;48;48;0;1.877;1.877;0.000;0.000;14.700;1.000;6.7;0.0;0;30;3.000;2.952;12.5;350;0;0;-8.7;0;0;0;0;0;98;0;0;1854;104.25;0;0;0;0;0;0;0;0;0;0;0;0;0;0;0;0;30;0;38.0;38.0;2;0;0.00;0.00;0.00;0.0;0.0
171.805;194;1076;38;40888;0.5;17.900;1.218;33;88;9;0;100;101;100;101;100;102;100;48;48;0;1.877;1.877;0.000;0.000;14.700;1.000;6.7;0.0;0;30;3.000;2.901;12.5;190;0;0;-8.7;0;0;0;0;0;98;0;0;1854;103.38;0;0;0;0;0;0;0;0;0;0;0;0;0;0;0;0;30;0;38.0;38.0;2;0;0.00;0.00;0.00;0.0;0.0
171.873;194;1083;38;41154;0.5;17.200;1.170;33;88;9;0;100;101;100;101;100;102;100;48;48;0;1.877;1.877;0.000;0.000;14.700;1.000;6.8;0.0;0;30;3.000;3.132;12.5;-40;0;0;-8.7;0;0;0;0;0;98;0;0;1854;102.71;0;0;0;0;0;0;0;0;0;0;0;0;0;0;0;0;30;0;38.0;38.0;2;0;0.00;0.00;0.00;0.0;0.0
171.940;194;1101;37;40737;0.5;16.500;1.122;33;88;9;0;100;101;100;101;100;102;100;45;45;0;1.841;1.841;0.000;0.000;14.700;1.000;6.8;0.0;0;30;3.000;3.154;12.5;-40;0;0;-8.8;0;0;0;0;0;98;0;0;1854;101.04;0;0;0;0;0;0;0;0;0;0;0;0;0;0;0;0;30;0;37.0;37.0;2;0;0.00;0.00;0.00;0.0;0.0
172.005;194;1110;37;41070;0.5;15.300;1.041;33;88;9;0;100;101;100;101;100;102;100;45;45;0;1.841;1.841;0.000;0.000;14.700;1.000;6.8;0.0;0;30;3.000;2.902;12.5;320;0;0;-8.8;0;0;0;0;0;98;0;0;1854;100.22;0;0;0;0;0;0;0;0;0;0;0;0;0;0;0;0;30;0;37.0;37.0;2;0;0.00;0.00;0.00;0.0;0.0
172.073;195;1097;37;40589;0.5;14.200;0.966;33;88;9;0;100;101;100;101;100;102;100;46;46;0;1.823;1.823;0.000;0.000;14.700;1.000;6.7;0.0;0;30;3.000;2.708;12.7;-30;0;0;-8.8;0;0;0;0;0;98;0;0;1858;101.62;0;0;0;0;0;0;0;0;0;0;0;0;0;0;0;0;30;0;37.0;37.0;2;0;0.00;0.00;0.00;0.0;0.0
172.143;195;1114;37;41218;0.5;13.200;0.898;33;88;9;0;100;101;100;101;100;102;100;45;45;0;1.817;1.817;0.000;0.000;14.700;1.000;6.7;0.0;0;31;3.000;3.058;12.7;-30;0;0;-8.8;0;0;0;0;0;98;0;0;1858;100.07;0;0;0;0;0;0;0;0;0;0;0;0;0;0;0;0;31;0;37.0;37.0;2;0;0.00;0.00;0.00;0.0;0.0
172.211;195;1115;37;41255;0.5;12.800;0.871;33;88;9;0;100;101;100;101;100;102;100;45;45;0;1.817;1.817;0.000;0.000;14.700;1.000;6.8;0.0;0;31;3.000;3.095;12.7;170;0;0;-8.8;0;0;0;0;0;98;0;0;1858;99.98;0;0;0;0;0;0;0;0;0;0;0;0;0;0;0;0;31;0;37.0;37.0;2;0;0.00;0.00;0.00;0.0;0.0
172.273;195;1102;37;40774;0.5;12.600;0.857;33;88;9;0;100;101;100;101;100;102;100;46;46;0;1.823;1.823;0.000;0.000;14.700;1.000;6.7;0.0;0;30;3.000;2.802;12.7;0;0;0;-8.8;0;0;0;0;0;98;0;0;1858;101.16;0;0;0;0;0;0;0;0;0;0;0;0;0;0;0;0;30;0;37.0;37.0;2;0;0.00;0.00;0.00;0.0;0.0
172.337;195;1103;37;40811;0.5;12.300;0.837;33;88;9;0;100;101;100;101;100;102;100;45;45;0;1.805;1.805;0.000;0.000;14.700;1.000;6.6;0.0;0;30;3.000;2.919;12.8;0;0;0;-8.8;0;0;0;0;0;98;0;0;1858;101.07;0;0;0;0;0;0;0;0;0;0;0;0;0;0;0;0;30;0;37.0;37.0;2;0;0.00;0.00;0.00;0.0;0.0
172.403;195;1096;37;40552;0.5;11.900;0.810;33;88;9;0;100;101;100;101;100;102;100;46;46;0;1.811;1.811;0.000;0.000;14.700;1.000;6.6;0.0;0;30;3.000;2.723;12.8;-110;0;0;-8.8;0;0;0;0;0;98;0;0;1858;101.72;0;0;0;0;0;0;0;0;0;0;0;0;0;0;0;0;30;0;37.0;37.0;2;0;0.00;0.00;0.00;0.0;0.0
172.470;195;1075;37;39775;0.5;12.000;0.816;33;88;9;0;100;101;100;101;100;102;100;46;46;0;1.811;1.811;0.000;0.000;14.700;1.000;6.5;0.0;0;31;3.000;2.821;12.8;-280;0;0;-8.8;0;0;0;0;0;98;0;0;1858;103.70;0;0;0;0;0;0;0;0;0;0;0;0;0;0;0;0;31;0;37.0;37.0;2;0;0.00;0.00;0.00;0.0;0.0