"Time";"SecL";"RPM";"MAP";"MAPxRPM";"TPS";"AFR";"Lambda";"IAT";"CLT";"Engine";"DFCO";"Gego";"Gair";"Gbattery";"Gwarm";"Gbaro";"Gammae";"Accel Enrich";"VE _Current";"VE1";"VE2";"PW";"PW2";"PW3";"PW4";"AFR Target";"Lambda Target";"Duty Cycle";"Duty Cycle _Staging";"TPS DOT";"Advance _Current";"Dwell";"Dwell _Measured";"Battery V";"rpm/s";"Error #";"Error ID";"Boost PSI";"Boost cut";"Hard Launch";"Hard Limiter";"Idle Control";"IAC value";"Baro Pressure";"Fan";"Sync Loss #";"Loops/s";"Loops/rev";"Aux0";"Aux1";"Aux2";"Aux3";"Aux4";"Aux5";"Aux6";"Aux7";"Aux8";"Aux9";"Aux10";"Aux11";"Aux12";"Aux13";"Aux14";"Aux15";"Advance 1";"Advance 2";"FuelLoad";"IgnitionLoad";"Sync status";"";"Trip Meter Miles";"Odometer Miles";"Vehicle Speed";"Power";"Torque"
"s";"sec";"rpm";"kpa";"";"%";"O2";"";"";"";"bits";"";"%";"%";"";"%";"%";"%";"%";"%";"%";"%";"ms";"ms";"ms";"ms";"O2";"";"";"";"%/s";"deg";"ms";"ms";"V";"rpm/s";"";"";"";"";"";"";"";"None";"kpa";"";"";"loops";"";"";"";"";"";"";"";"";"";"";"";"";"";"";"";"";"";"deg";"deg";"kPa";"kPa";"";"bits";"Miles";"Miles";"MPH";"HP";"lbft"
0.000;71;1410;44;62040;10.0;19.700;1.340;28;52;9;0;100;101;100;121;100;122;100;52;52;0;2.027;2.027;0.000;0.000;14.700;1.000;9.5;0.0;0;31;3.000;2.933;12.9;-170;0;0;-8.0;0;0;0;0;0;99;0;0;1868;79.49;0;0;0;0;0;0;0;0;0;0;0;0;0;0;0;0;31;0;44.0;44.0;2;0;0.00;0.00;0.00;0.0;0.0
0.000;71;1426;44;62744;10.0;19.700;1.340;28;52;9;0;100;101;100;121;100;122;100;52;52;0;2.027;2.027;0.000;0.000;14.700;1.000;9.6;0.0;0;31;3.000;2.917;12.9;290;0;0;-8.0;0;0;0;0;0;99;0;0;1868;78.60;0;0;0;0;0;0;0;0;0;0;0;0;0;0;0;0;31;0;44.0;44.0;2;0;0.00;0.00;0.00;0.0;0.0
0.081;71;1408;44;61952;10.0;19.700;1.340;28;52;9;0;100;101;100;121;100;122;100;52;52;0;2.027;2.027;0.000;0.000;14.700;1.000;9.5;0.0;0;31;3.000;2.751;12.9;290;0;0;-8.0;0;0;0;0;0;99;0;0;1868;79.60;0;0;0;0;0;0;0;0;0;0;0;0;0;0;0;0;31;0;44.0;44.0;2;0;0.00;0.00;0.00;0.0;0.0
0.140;71;1404;44;61776;10.0;19.700;1.340;28;52;9;0;100;101;100;121;100;122;100;52;52;0;2.027;2.027;0.000;0.000;14.700;1.000;9.5;0.0;0;31;3.000;2.826;12.9;-210;0;0;-8.0;0;0;0;0;0;99;0;0;1868;79.83;0;0;0;0;0;0;0;0;0;0;0;0;0;0;0;0;31;0;44.0;44.0;2;0;0.00;0.00;0.00;0.0;0.0
0.205;71;1422;44;62568;10.0;19.700;1.340;28;52;9;0;100;101;100;121;100;122;100;52;52;0;2.027;2.027;0.000;0.000;14.700;1.000;9.6;0.0;0;31;3.000;2.839;12.9;200;0;0;-8.0;0;0;0;0;0;99;0;0;1868;78.82;0;0;0;0;0;0;0;0;0;0;0;0;0;0;0;0;31;0;44.0;44.0;2;0;0.00;0.00;0.00;0.0;0.0
0.270;71;1397;44;61468;10.0;19.700;1.340;28;52;9;0;100;101;100;121;100;122;100;52;52;0;2.027;2.027;0.000;0.000;14.700;1.000;9.4;0.0;0;31;3.000;2.833;12.9;200;0;0;-8.0;0;0;0;0;0;99;0;0;1868;80.23;0;0;0;0;0;0;0;0;0;0;0;0;0;0;0;0;31;0;44.0;44.0;2;0;0.00;0.00;0.00;0.0;0.0
0.270;71;1425;44;62700;10.0;19.700;1.340;28;52;9;0;100;101;100;121;100;122;100;52;52;0;2.027;2.027;0.000;0.000;14.700;1.000;9.6;0.0;0;31;3.000;3.083;12.9;-230;0;0;-8.0;0;0;0;0;0;99;0;0;1868;78.65;0;0;0;0;0;0;0;0;0;0;0;0;0;0;0;0;31;0;44.0;44.0;2;0;0.00;0.00;0.00;0.0;0.0
0.335;71;1391;44;61204;10.0;19.700;1.340;28;52;9;0;100;101;100;121;100;122;100;52;52;0;2.027;2.027;0.000;0.000;14.700;1.000;9.4;0.0;0;31;3.000;2.613;12.9;-140;0;0;-8.0;0;0;0;0;0;99;0;0;1868;80.58;0;0;0;0;0;0;0;0;0;0;0;0;0;0;0;0;31;0;44.0;44.0;2;0;0.00;0.00;0.00;0.0;0.0
0.401;71;1426;44;62744;10.0;19.700;1.340;28;52;9;0;100;101;100;121;100;122;100;52;52;0;2.027;2.027;0.000;0.000;14.700;1.000;9.6;0.0;0;31;3.000;3.099;12.9;-140;0;0;-8.0;0;0;0;0;0;99;0;0;1868;78.60;0;0;0;0;0;0;0;0;0;0;0;0;0;0;0;0;31;0;44.0;44.0;2;0;0.00;0.00;0.00;0.0;0.0
0.471;71;1431;44;62964;10.0;19.700;1.340;28;52;9;0;100;101;100;121;100;122;100;52;52;0;2.027;2.027;0.000;0.000;14.700;1.000;9.7;0.0;0;31;3.000;2.839;12.9;310;0;0;-8.0;0;0;0;0;0;99;0;0;1868;78.32;0;0;0;0;0;0;0;0;0;0;0;0;0;0;0;0;31;0;44.0;44.0;2;0;0.00;0.00;0.00;0.0;0.0
0.602;71;1436;44;63184;10.0;19.700;1.340;28;52;9;0;100;101;100;121;100;122;100;52;52;0;2.027;2.027;0.000;0.000;14.700;1.000;9.7;0.0;0;31;3.000;2.988;12.9;100;0;0;-8.0;0;0;0;0;0;99;0;0;1868;78.05;0;0;0;0;0;0;0;0;0;0;0;0;0;0;0;0;31;0;44.0;44.0;2;0;0.00;0.00;0.00;0.0;0.0
0.667;71;1455;43;62565;10.0;19.700;1.340;28;52;9;0;100;101;100;121;100;122;100;52;52;0;2.016;2.016;0.000;0.000;14.700;1.000;9.8;0.0;0;31;3.000;2.890;12.9;100;0;0;-8.1;0;0;0;0;0;99;0;0;1868;77.03;0;0;0;0;0;0;0;0;0;0;0;0;0;0;0;0;31;0;43.0;43.0;2;0;0.00;0.00;0.00;0.0;0.0
0.667;71;1440;43;61920;10.0;19.700;1.340;28;52;9;0;100;101;100;121;100;122;100;52;52;0;2.016;2.016;0.000;0.000;14.700;1.000;9.7;0.0;0;32;3.000;2.766;12.9;160;0;0;-8.1;0;0;0;0;0;99;0;0;1868;77.83;0;0;0;0;0;0;0;0;0;0;0;0;0;0;0;0;32;0;43.0;43.0;2;0;0.00;0.00;0.00;0.0;0.0
0.733;72;1461;43;62823;10.0;19.700;1.340;28;52;9;0;100;101;100;121;100;122;100;52;52;0;2.016;2.016;0.000;0.000;14.700;1.000;9.8;0.0;0;31;3.000;2.823;12.9;130;0;0;-8.1;0;0;0;0;0;99;0;0;1861;76.43;0;0;0;0;0;0;0;0;0;0;0;0;0;0;0;0;31;0;43.0;43.0;2;0;0.00;0.00;0.00;0.0;0.0
0.868;72;1434;43;61662;10.0;19.700;1.340;28;52;9;0;100;101;100;121;100;122;100;51;51;0;1.998;1.998;0.000;0.000;14.700;1.000;9.6;0.0;0;31;3.000;2.734;12.9;130;0;0;-8.1;0;0;0;0;0;99;0;0;1861;77.87;0;0;0;0;0;0;0;0;0;0;0;0;0;0;0;0;31;0;43.0;43.0;2;0;0.00;0.00;0.00;0.0;0.0
0.934;72;1425;44;62700;10.0;19.700;1.340;28;52;9;0;100;101;100;121;100;122;100;52;52;0;2.027;2.027;0.000;0.000;14.700;1.000;9.6;0.0;0;31;3.000;2.866;12.9;-480;0;0;-8.0;0;0;0;0;0;99;0;0;1861;78.36;0;0;0;0;0;0;0;0;0;0;0;0;0;0;0;0;31;0;44.0;44.0;2;0;0.00;0.00;0.00;0.0;0.0
0.999;72;1431;43;61533;10.0;19.700;1.340;28;52;9;0;100;101;100;121;100;122;100;52;52;0;2.016;2.016;0.000;0.000;14.700;1.000;9.6;0.0;0;31;3.000;3.045;12.9;-480;0;0;-8.1;0;0;0;0;0;99;0;0;1861;78.03;0;0;0;0;0;0;0;0;0;0;0;0;0;0;0;0;31;0;43.0;43.0;2;0;0.00;0.00;0.00;0.0;0.0
1.065;72;1416;44;62304;10.0;19.700;1.340;28;53;9;0;100;101;100;120;100;121;100;52;52;0;2.047;2.047;0.000;0.000;14.700;1.000;9.7;0.0;0;31;3.000;2.649;12.7;180;0;0;-8.0;0;0;0;0;0;99;0;0;1861;78.86;0;0;0;0;0;0;0;0;0;0;0;0;0;0;0;0;31;0;44.0;44.0;2;0;0.00;0.00;0.00;0.0;0.0
1.131;72;1432;44;63008;10.0;19.700;1.340;28;53;9;0;100;101;100;120;100;121;100;52;52;0;2.047;2.047;0.000;0.000;14.700;1.000;9.8;0.0;0;31;3.000;2.955;12.7;-10;0;0;-8.0;0;0;0;0;0;99;0;0;1861;77.97;0;0;0;0;0;0;0;0;0;0;0;0;0;0;0;0;31;0;44.0;44.0;2;0;0.00;0.00;0.00;0.0;0.0
1.199;72;1423;44;62612;10.0;19.700;1.340;28;53;9;0;100;101;100;120;100;121;100;52;52;0;2.047;2.047;0.000;0.000;14.700;1.000;9.7;0.0;0;31;3.000;2.869;12.7;-10;0;0;-8.0;0;0;0;0;0;99;0;0;1861;78.47;0;0;0;0;0;0;0;0;0;0;0;0;0;0;0;0;31;0;44.0;44.0;2;0;0.00;0.00;0.00;0.0;0.0
1.265;72;1427;43;61361;10.0;19.700;1.340;28;53;9;0;100;101;100;120;100;121;100;51;51;0;2.018;2.018;0.000;0.000;14.700;1.000;9.6;0.0;0;31;3.000;3.113;12.7;-140;0;0;-8.1;0;0;0;0;0;99;0;0;1861;78.25;0;0;0;0;0;0;0;0;0;0;0;0;0;0;0;0;31;0;43.0;43.0;2;0;0.00;0.00;0.00;0.0;0.0
1.265;72;1410;44;62040;10.0;19.700;1.340;28;53;9;0;100;101;100;120;100;121;100;52;52;0;2.071;2.071;0.000;0.000;14.700;1.000;9.7;0.0;0;31;3.000;2.703;12.5;130;0;0;-8.0;0;0;0;0;0;99;0;0;1861;79.19;0;0;0;0;0;0;0;0;0;0;0;0;0;0;0;0;31;0;44.0;44.0;2;0;0.00;0.00;0.00;0.0;0.0
1.397;72;1430;43;61490;10.0;19.700;1.340;28;53;9;0;100;101;100;120;100;121;100;51;51;0;2.042;2.042;0.000;0.000;14.700;1.000;9.7;0.0;0;31;3.000;2.890;12.5;130;0;0;-8.1;0;0;0;0;0;99;0;0;1861;78.08;0;0;0;0;0;0;0;0;0;0;0;0;0;0;0;0;31;0;43.0;43.0;2;0;0.00;0.00;0.00;0.0;0.0
1.466;72;1435;43;61705;10.0;19.700;1.340;28;53;9;0;100;101;100;120;100;121;100;52;52;0;2.060;2.060;0.000;0.000;14.700;1.000;9.9;0.0;0;31;3.000;2.745;12.5;10;0;0;-8.1;0;0;0;0;0;99;0;0;1861;77.81;0;0;0;0;0;0;0;0;0;0;0;0;0;0;0;0;31;0;43.0;43.0;2;0;0.00;0.00;0.00;0.0;0.0
1.532;72;1443;44;63492;10.0;19.700;1.340;28;53;9;0;100;101;100;120;100;121;100;52;52;0;2.071;2.071;0.000;0.000;14.700;1.000;10.0;0.0;0;31;3.000;2.923;12.5;100;0;0;-8.0;0;0;0;0;0;99;0;0;1861;77.38;0;0;0;0;0;0;0;0;0;0;0;0;0;0;0;0;31;0;44.0;44.0;2;0;0.00;0.00;0.00;0.0;0.0
1.601;72;1451;43;62393;10.0;19.700;1.340;28;53;9;0;100;101;100;120;100;121;100;52;52;0;2.048;2.048;0.000;0.000;14.700;1.000;9.9;0.0;0;31;3.000;2.913;12.6;100;0;0;-8.1;0;0;0;0;0;99;0;0;1861;76.95;0;0;0;0;0;0;0;0;0;0;0;0;0;0;0;0;31;0;43.0;43.0;2;0;0.00;0.00;0.00;0.0;0.0
1.669;72;1473;43;63339;10.0;19.700;1.340;28;53;9;0;100;101;100;120;100;121;100;52;52;0;2.048;2.048;0.000;0.000;14.700;1.000;10.1;0.0;0;31;3.000;3.206;12.6;90;0;0;-8.1;0;0;0;0;0;99;0;0;1861;75.80;0;0;0;0;0;0;0;0;0;0;0;0;0;0;0;0;31;0;43.0;43.0;2;0;0.00;0.00;0.00;0.0;0.0
1.739;72;1474;43;63382;10.0;19.700;1.340;28;53;9;0;100;101;100;120;100;121;100;52;52;0;2.048;2.048;0.000;0.000;14.700;1.000;10.1;0.0;0;31;3.000;2.858;12.6;330;0;0;-8.1;0;0;0;0;0;99;0;0;1861;75.75;0;0;0;0;0;0;0;0;0;0;0;0;0;0;0;0;31;0;43.0;43.0;2;0;0.00;0.00;0.00;0.0;0.0
1.739;72;1500;42;63000;10.0;19.700;1.340;28;53;9;0;100;101;100;120;100;121;100;51;51;0;2.021;2.021;0.000;0.000;14.700;1.000;10.1;0.0;0;32;3.000;2.994;12.6;330;0;0;-8.3;0;0;0;0;0;99;0;0;1861;74.44;0;0;0;0;0;0;0;0;0;0;0;0;0;0;0;0;32;0;42.0;42.0;2;0;0.00;0.00;0.00;0.0;0.0
1.871;73;1500;42;63000;10.0;19.700;1.340;28;53;9;0;100;101;100;120;100;121;100;51;51;0;1.997;1.997;0.000;0.000;14.700;1.000;10.0;0.0;0;32;3.000;3.088;12.8;60;0;0;-8.3;0;0;0;0;0;99;0;0;1841;73.64;0;0;0;0;0;0;0;0;0;0;0;0;0;0;0;0;32;0;42.0;42.0;2;0;0.00;0.00;0.00;0.0;0.0
1.940;73;1522;42;63924;10.0;19.700;1.340;28;53;9;0;100;101;100;120;100;121;100;51;51;0;1.997;1.997;0.000;0.000;14.700;1.000;10.1;0.0;0;32;3.000;2.999;12.8;340;0;0;-8.3;0;0;0;0;0;99;0;0;1841;72.58;0;0;0;0;0;0;0;0;0;0;0;0;0;0;0;0;32;0;42.0;42.0;2;0;0.00;0.00;0.00;0.0;0.0
2.006;73;1530;42;64260;10.0;19.700;1.340;28;53;9;0;100;101;100;120;100;121;100;51;51;0;1.997;1.997;0.000;0.000;14.700;1.000;10.2;0.0;0;32;3.000;2.966;12.8;340;0;0;-8.3;0;0;0;0;0;99;0;0;1841;72.20;0;0;0;0;0;0;0;0;0;0;0;0;0;0;0;0;32;0;42.0;42.0;2;0;0.00;0.00;0.00;0.0;0.0
2.006;73;1524;38;57912;10.0;19.700;1.340;28;53;9;0;100;101;100;120;100;121;100;50;50;0;1.937;1.937;0.000;0.000;14.700;1.000;9.8;0.0;0;33;3.000;2.755;12.8;80;0;0;-8.8;0;0;0;0;0;99;0;0;1841;72.48;0;0;0;0;0;0;0;0;0;0;0;0;0;0;0;0;33;0;38.0;38.0;2;0;0.00;0.00;0.00;0.0;0.0
2.071;73;1524;41;62484;10.0;19.700;1.340;28;53;9;0;100;101;100;120;100;121;100;51;51;0;1.964;1.964;0.000;0.000;14.700;1.000;10.0;0.0;0;32;3.000;2.841;12.9;-60;0;0;-8.4;0;0;0;0;0;99;0;0;1841;72.48;0;0;0;0;0;0;0;0;0;0;0;0;0;0;0;0;32;0;41.0;41.0;2;0;0.00;0.00;0.00;0.0;0.0
2.204;73;1529;41;62689;10.0;19.700;1.340;28;53;9;0;100;101;100;120;100;121;100;51;51;0;1.964;1.964;0.000;0.000;14.700;1.000;10.0;0.0;0;32;3.000;2.851;12.9;-60;0;0;-8.4;0;0;0;0;0;99;0;0;1841;72.24;0;0;0;0;0;0;0;0;0;0;0;0;0;0;0;0;32;0;41.0;41.0;2;0;0.00;0.00;0.00;0.0;0.0
2.270;73;1520;41;62320;10.0;19.700;1.340;28;53;9;0;100;101;100;120;100;121;100;51;51;0;1.964;1.964;0.000;0.000;14.700;1.000;10.0;0.0;0;32;3.000;2.665;12.9;-40;0;0;-8.4;0;0;0;0;0;99;0;0;1841;72.67;0;0;0;0;0;0;0;0;0;0;0;0;0;0;0;0;32;0;41.0;41.0;2;0;0.00;0.00;0.00;0.0;0.0
2.338;73;1496;42;62832;10.0;19.700;1.340;28;53;9;0;100;101;100;120;100;121;100;51;51;0;1.985;1.985;0.000;0.000;14.700;1.000;9.9;0.0;0;31;3.000;2.744;12.9;-240;0;0;-8.3;0;0;0;0;0;99;0;0;1841;73.84;0;0;0;0;0;0;0;0;0;0;0;0;0;0;0;0;31;0;42.0;42.0;2;0;0.00;0.00;0.00;0.0;0.0
2.401;73;1477;42;62034;10.0;19.700;1.340;28;53;9;0;100;101;100;120;100;121;100;51;51;0;1.985;1.985;0.000;0.000;14.700;1.000;9.8;0.0;0;31;3.000;2.822;12.9;-240;0;0;-8.3;0;0;0;0;0;99;0;0;1841;74.79;0;0;0;0;0;0;0;0;0;0;0;0;0;0;0;0;31;0;42.0;42.0;2;0;0.00;0.00;0.00;0.0;0.0
2.471;73;1491;42;62622;10.0;19.700;1.340;28;53;9;0;100;101;100;120;100;121;100;51;51;0;1.985;1.985;0.000;0.000;14.700;1.000;9.9;0.0;0;31;3.000;3.115;12.9;-200;0;0;-8.3;0;0;0;0;0;99;0;0;1841;74.08;0;0;0;0;0;0;0;0;0;0;0;0;0;0;0;0;31;0;42.0;42.0;2;0;0.00;0.00;0.00;0.0;0.0
2.538;73;1454;42;61068;10.0;19.700;1.340;28;53;9;0;100;101;100;120;100;121;100;51;51;0;1.985;1.985;0.000;0.000;14.700;1.000;9.6;0.0;0;31;3.000;2.684;12.9;-220;0;0;-8.3;0;0;0;0;0;99;0;0;1841;75.97;0;0;0;0;0;0;0;0;0;0;0;0;0;0;0;0;31;0;42.0;42.0;2;0;0.00;0.00;0.00;0.0;0.0
2.538;73;1450;43;62350;10.0;19.700;1.340;28;53;9;0;100;101;100;120;100;121;100;52;52;0;2.012;2.012;0.000;0.000;14.700;1.000;9.7;0.0;0;31;3.000;2.872;12.9;-220;0;0;-8.1;0;0;0;0;0;99;0;0;1841;76.18;0;0;0;0;0;0;0;0;0;0;0;0;0;0;0;0;31;0;43.0;43.0;2;0;0.00;0.00;0.00;0.0;0.0
2.667;73;1451;43;62393;10.0;19.700;1.340;28;53;9;0;100;101;100;120;100;121;100;52;52;0;2.012;2.012;0.000;0.000;14.700;1.000;9.7;0.0;0;31;3.000;2.834;12.9;30;0;0;-8.1;0;0;0;0;0;99;0;0;1841;76.13;0;0;0;0;0;0;0;0;0;0;0;0;0;0;0;0;31;0;43.0;43.0;2;0;0.00;0.00;0.00;0.0;0.0
2.736;73;1440;43;61920;10.0;19.700;1.340;28;53;9;0;100;101;100;120;100;121;100;52;52;0;2.012;2.012;0.000;0.000;14.700;1.000;9.7;0.0;0;32;3.000;2.971;12.9;-170;0;0;-8.1;0;0;0;0;0;99;0;0;1841;76.71;0;0;0;0;0;0;0;0;0;0;0;0;0;0;0;0;32;0;43.0;43.0;2;0;0.00;0.00;0.00;0.0;0.0
2.801;73;1434;44;63096;10.0;19.700;1.340;28;53;9;0;100;101;100;120;100;121;100;52;52;0;2.023;2.023;0.000;0.000;14.700;1.000;9.7;0.0;0;31;3.000;2.934;12.9;-170;0;0;-8.0;0;0;0;0;0;99;0;0;1841;77.03;0;0;0;0;0;0;0;0;0;0;0;0;0;0;0;0;31;0;44.0;44.0;2;0;0.00;0.00;0.00;0.0;0.0
2.867;74;1408;44;61952;10.0;19.700;1.340;28;53;9;0;100;101;100;120;100;121;100;52;52;0;2.107;2.107;0.000;0.000;14.700;1.000;9.9;0.0;0;31;3.000;2.643;12.2;-110;0;0;-8.0;0;0;0;0;0;99;0;0;1859;79.22;0;0;0;0;0;0;0;0;0;0;0;0;0;0;0;0;31;0;44.0;44.0;2;0;0.00;0.00;0.00;0.0;0.0
2.933;74;1407;44;61908;10.0;19.700;1.340;28;53;9;0;100;101;100;120;100;121;100;52;52;0;2.107;2.107;0.000;0.000;14.700;1.000;9.9;0.0;0;31;3.000;2.839;12.2;-220;0;0;-8.0;0;0;0;0;0;99;0;0;1859;79.28;0;0;0;0;0;0;0;0;0;0;0;0;0;0;0;0;31;0;44.0;44.0;2;0;0.00;0.00;0.00;0.0;0.0
3.002;74;1417;44;62348;10.0;19.700;1.340;28;53;9;0;100;101;100;120;100;121;100;52;52;0;2.107;2.107;0.000;0.000;14.700;1.000;10.0;0.0;0;31;3.000;3.063;12.2;-220;0;0;-8.0;0;0;0;0;0;99;0;0;1859;78.72;0;0;0;0;0;0;0;0;0;0;0;0;0;0;0;0;31;0;44.0;44.0;2;0;0.00;0.00;0.00;0.0;0.0
3.068;74;1453;43;62479;10.0;19.700;1.340;28;53;9;0;100;101;100;120;100;121;100;52;52;0;2.096;2.096;0.000;0.000;14.700;1.000;10.2;0.0;0;32;3.000;2.865;12.2;220;0;0;-8.1;0;0;0;0;0;99;0;0;1859;76.77;0;0;0;0;0;0;0;0;0;0;0;0;0;0;0;0;32;0;43.0;43.0;2;0;0.00;0.00;0.00;0.0;0.0
3.134;74;1468;43;63124;10.0;19.700;1.340;28;53;9;0;100;101;100;120;100;121;100;52;52;0;2.072;2.072;0.000;0.000;14.700;1.000;10.1;0.0;0;32;3.000;3.160;12.4;220;0;0;-8.1;0;0;0;0;0;99;0;0;1859;75.98;0;0;0;0;0;0;0;0;0;0;0;0;0;0;0;0;32;0;43.0;43.0;2;0;0.00;0.00;0.00;0.0;0.0
3.199;74;1485;42;62370;10.0;19.700;1.340;28;53;9;0;100;101;100;120;100;121;100;51;51;0;2.045;2.045;0.000;0.000;14.700;1.000;10.1;0.0;0;31;3.000;2.922;12.4;390;0;0;-8.3;0;0;0;0;0;99;0;0;1859;75.11;0;0;0;0;0;0;0;0;0;0;0;0;0;0;0;0;31;0;42.0;42.0;2;0;0.00;0.00;0.00;0.0;0.0
3.271;74;1510;42;63420;10.0;19.700;1.340;28;53;9;0;100;101;100;120;100;121;100;51;51;0;2.045;2.045;0.000;0.000;14.700;1.000;10.3;0.0;0;32;3.000;3.039;12.4;400;0;0;-8.3;0;0;0;0;0;99;0;0;1859;73.87;0;0;0;0;0;0;0;0;0;0;0;0;0;0;0;0;32;0;42.0;42.0;2;0;0.00;0.00;0.00;0.0;0.0
3.338;74;1514;42;63588;10.0;19.700;1.340;28;53;9;0;100;101;100;120;100;121;100;51;51;0;2.045;2.045;0.000;0.000;14.700;1.000;10.3;0.0;0;32;3.000;3.028;12.4;400;0;0;-8.3;0;0;0;0;0;99;0;0;1859;73.67;0;0;0;0;0;0;0;0;0;0;0;0;0;0;0;0;32;0;42.0;42.0;2;0;0.00;0.00;0.00;0.0;0.0
3.406;74;1536;41;62976;10.0;19.700;1.340;28;53;9;0;100;101;100;120;100;121;100;51;51;0;2.012;2.012;0.000;0.000;14.700;1.000;10.3;0.0;0;32;3.000;3.089;12.5;60;0;0;-8.4;0;0;0;0;0;99;0;0;1859;72.62;0;0;0;0;0;0;0;0;0;0;0;0;0;0;0;0;32;0;41.0;41.0;2;0;0.00;0.00;0.00;0.0;0.0
3.474;74;1557;41;63837;10.0;19.700;1.340;28;53;9;0;100;101;100;120;100;121;100;51;51;0;2.012;2.012;0.000;0.000;14.700;1.000;10.4;0.0;0;32;3.000;2.884;12.5;220;0;0;-8.4;0;0;0;0;0;99;0;0;1859;71.64;0;0;0;0;0;0;0;0;0;0;0;0;0;0;0;0;32;0;41.0;41.0;2;0;0.00;0.00;0.00;0.0;0.0
3.538;74;1552;41;63632;10.0;19.700;1.340;28;53;9;0;100;101;100;120;100;121;100;51;51;0;2.012;2.012;0.000;0.000;14.700;1.000;10.4;0.0;0;32;3.000;2.907;12.5;220;0;0;-8.4;0;0;0;0;0;99;0;0;1859;71.87;0;0;0;0;0;0;0;0;0;0;0;0;0;0;0;0;32;0;41.0;41.0;2;0;0.00;0.00;0.00;0.0;0.0
3.605;74;1573;41;64493;10.0;19.700;1.340;28;53;9;0;100;101;100;120;100;121;100;51;51;0;2.084;2.084;0.000;0.000;14.700;1.000;10.9;0.0;0;32;3.030;3.237;12.0;160;0;0;-8.4;0;0;0;0;0;99;0;0;1859;70.91;0;0;0;0;0;0;0;0;0;0;0;0;0;0;0;0;32;0;41.0;41.0;2;0;0.00;0.00;0.00;0.0;0.0
3.674;74;1573;41;64493;10.0;19.700;1.340;28;53;9;0;100;101;100;120;100;121;100;51;51;0;2.084;2.084;0.000;0.000;14.700;1.000;10.9;0.0;0;32;3.030;3.122;12.0;210;0;0;-8.4;0;0;0;0;0;99;0;0;1859;70.91;0;0;0;0;0;0;0;0;0;0;0;0;0;0;0;0;32;0;41.0;41.0;2;0;0.00;0.00;0.00;0.0;0.0
3.739;74;1587;41;65067;10.0;18.800;1.279;28;53;9;0;100;101;100;120;100;121;100;51;51;0;2.084;2.084;0.000;0.000;14.700;1.000;11.0;0.0;0;32;3.030;3.003;12.0;210;0;0;-8.4;0;0;0;0;0;99;0;0;1859;70.28;0;0;0;0;0;0;0;0;0;0;0;0;0;0;0;0;32;0;41.0;41.0;2;0;0.00;0.00;0.00;0.0;0.0
3.808;74;1601;40;64040;10.0;18.900;1.286;28;53;9;0;100;101;100;120;100;121;100;51;51;0;2.073;2.073;0.000;0.000;14.700;1.000;11.1;0.0;0;32;3.030;3.130;12.0;280;0;0;-8.6;0;0;0;0;0;99;0;0;1859;69.67;0;0;0;0;0;0;0;0;0;0;0;0;0;0;0;0;32;0;40.0;40.0;2;0;0.00;0.00;0.00;0.0;0.0
3.871;75;1628;39;63492;10.0;19.500;1.327;28;53;9;0;100;101;100;120;100;121;100;50;50;0;1.995;1.995;0.000;0.000;14.700;1.000;10.8;0.0;0;33;3.000;3.009;12.4;270;0;0;-8.7;0;0;0;0;0;99;0;0;1821;67.11;0;0;0;0;0;0;0;0;0;0;0;0;0;0;0;0;33;0;39.0;39.0;2;0;0.00;0.00;0.00;0.0;0.0
3.939;75;1654;39;64506;10.0;19.400;1.320;28;53;9;0;100;101;100;120;100;121;100;51;51;0;2.003;2.003;0.000;0.000;14.700;1.000;11.0;0.0;0;33;3.000;3.030;12.4;270;0;0;-8.7;0;0;0;0;0;99;0;0;1821;66.06;0;0;0;0;0;0;0;0;0;0;0;0;0;0;0;0;33;0;39.0;39.0;2;0;0.00;0.00;0.00;0.0;0.0
4.006;75;1668;38;63384;10.0;19.700;1.340;28;53;9;0;100;101;100;120;100;121;100;50;50;0;1.985;1.985;0.000;0.000;14.700;1.000;11.0;0.0;0;33;3.000;3.053;12.4;260;0;0;-8.8;0;0;0;0;0;99;0;0;1821;65.50;0;0;0;0;0;0;0;0;0;0;0;0;0;0;0;0;33;0;38.0;38.0;2;0;0.00;0.00;0.00;0.0;0.0
4.071;75;1693;38;64334;10.0;19.700;1.340;28;53;9;0;100;101;100;120;100;121;100;50;50;0;1.985;1.985;0.000;0.000;14.700;1.000;11.2;0.0;0;33;3.000;2.926;12.4;390;0;0;-8.8;0;0;0;0;0;99;0;0;1821;64.54;0;0;0;0;0;0;0;0;0;0;0;0;0;0;0;0;33;0;38.0;38.0;2;0;0.00;0.00;0.00;0.0;0.0
4.136;75;1707;38;64866;10.0;16.000;1.088;28;53;9;0;100;101;100;120;100;121;100;50;50;0;1.985;1.985;0.000;0.000;14.700;1.000;11.3;0.0;0;34;3.000;3.018;12.4;390;0;0;-8.8;0;0;0;0;0;99;0;0;1821;64.01;0;0;0;0;0;0;0;0;0;0;0;0;0;0;0;0;34;0;38.0;38.0;2;0;0.00;0.00;0.00;0.0;0.0
4.202;75;1715;38;65170;10.0;15.800;1.075;28;53;9;0;100;101;100;120;100;121;100;50;50;0;1.985;1.985;0.000;0.000;14.700;1.000;11.3;0.0;0;33;3.000;2.947;12.4;140;0;0;-8.8;0;0;0;0;0;99;0;0;1821;63.71;0;0;0;0;0;0;0;0;0;0;0;0;0;0;0;0;33;0;38.0;38.0;2;0;0.00;0.00;0.00;0.0;0.0
4.267;75;1721;38;65398;10.0;15.100;1.027;28;53;9;0;100;101;100;120;100;121;100;50;50;0;1.985;1.985;0.000;0.000;14.700;1.000;11.4;0.0;0;34;3.000;3.024;12.4;140;0;0;-8.8;0;0;0;0;0;99;0;0;1821;63.49;0;0;0;0;0;0;0;0;0;0;0;0;0;0;0;0;34;0;38.0;38.0;2;0;0.00;0.00;0.00;0.0;0.0
4.333;75;1736;38;65968;10.0;14.600;0.993;28;53;9;0;100;101;100;120;100;121;100;50;50;0;1.985;1.985;0.000;0.000;14.700;1.000;11.5;0.0;0;33;3.000;2.999;12.4;140;0;0;-8.8;0;0;0;0;0;99;0;0;1821;62.94;0;0;0;0;0;0;0;0;0;0;0;0;0;0;0;0;33;0;38.0;38.0;2;0;0.00;0.00;0.00;0.0;0.0
4.398;75;1751;38;66538;10.0;14.300;0.973;28;53;9;0;100;101;100;120;100;121;100;50;50;0;1.961;1.961;0.000;0.000;14.700;1.000;11.4;0.0;0;34;3.000;2.958;12.6;150;0;0;-8.8;0;0;0;0;0;99;0;0;1821;62.40;0;0;0;0;0;0;0;0;0;0;0;0;0;0;0;0;34;0;38.0;38.0;2;0;0.00;0.00;0.00;0.0;0.0
4.464;75;1756;37;64972;10.0;14.300;0.973;28;53;9;0;100;101;100;120;100;121;100;50;50;0;1.941;1.941;0.000;0.000;14.700;1.000;11.4;0.0;0;34;3.000;2.952;12.6;200;0;0;-9.0;0;0;0;0;0;99;0;0;1821;62.22;0;0;0;0;0;0;0;0;0;0;0;0;0;0;0;0;34;0;37.0;37.0;2;0;0.00;0.00;0.00;0.0;0.0
4.529;75;1756;37;64972;10.0;14.200;0.966;28;53;9;0;100;101;100;120;100;121;100;50;50;0;1.941;1.941;0.000;0.000;14.700;1.000;11.4;0.0;0;34;3.000;2.981;12.6;200;0;0;-9.0;0;0;0;0;0;99;0;0;1821;62.22;0;0;0;0;0;0;0;0;0;0;0;0;0;0;0;0;34;0;37.0;37.0;2;0;0.00;0.00;0.00;0.0;0.0
4.599;75;1753;37;64861;10.0;14.000;0.952;28;53;9;0;100;101;100;120;100;121;100;50;50;0;1.941;1.941;0.000;0.000;14.700;1.000;11.3;0.0;0;34;3.000;2.932;12.6;0;0;0;-9.0;0;0;0;0;0;99;0;0;1821;62.33;0;0;0;0;0;0;0;0;0;0;0;0;0;0;0;0;34;0;37.0;37.0;2;0;0.00;0.00;0.00;0.0;0.0
4.599;75;1749;37;64713;10.0;14.000;0.952;28;53;9;0;100;101;100;120;100;121;100;49;49;0;1.909;1.909;0.000;0.000;14.700;1.000;11.1;0.0;0;34;3.000;2.867;12.8;-70;0;0;-9.0;0;0;0;0;0;99;0;0;1821;62.47;0;0;0;0;0;0;0;0;0;0;0;0;0;0;0;0;34;0;37.0;37.0;2;0;0.00;0.00;0.00;0.0;0.0
4.665;75;1744;37;64528;10.0;14.600;0.993;28;53;9;0;100;101;100;120;100;121;100;50;50;0;1.917;1.917;0.000;0.000;14.700;1.000;11.1;0.0;0;34;3.000;2.842;12.8;-70;0;0;-9.0;0;0;0;0;0;99;0;0;1821;62.65;0;0;0;0;0;0;0;0;0;0;0;0;0;0;0;0;34;0;37.0;37.0;2;0;0.00;0.00;0.00;0.0;0.0
4.796;75;1742;37;64454;10.0;14.600;0.993;28;53;9;0;100;101;100;120;100;121;100;49;49;0;1.909;1.909;0.000;0.000;14.700;1.000;11.1;0.0;0;34;3.000;2.791;12.8;-50;0;0;-9.0;0;0;0;0;0;99;0;0;1821;62.72;0;0;0;0;0;0;0;0;0;0;0;0;0;0;0;0;34;0;37.0;37.0;2;0;0.00;0.00;0.00;0.0;0.0
4.865;76;1733;37;64121;10.0;14.900;1.014;28;53;9;0;100;101;100;120;100;121;100;49;49;0;1.909;1.909;0.000;0.000;14.700;1.000;11.0;0.0;0;34;3.000;2.877;12.8;-110;0;0;-9.0;0;0;0;0;0;99;0;0;1873;64.85;0;0;0;0;0;0;0;0;0;0;0;0;0;0;0;0;34;0;37.0;37.0;2;0;0.00;0.00;0.00;0.0;0.0
4.931;76;1733;38;65854;10.0;14.600;0.993;28;53;9;0;100;101;100;120;100;121;100;50;50;0;1.937;1.937;0.000;0.000;14.700;1.000;11.2;0.0;0;34;3.000;2.763;12.8;-110;0;0;-8.8;0;0;0;0;0;99;0;0;1873;64.85;0;0;0;0;0;0;0;0;0;0;0;0;0;0;0;0;34;0;38.0;38.0;2;0;0.00;0.00;0.00;0.0;0.0
5.001;76;1732;38;65816;10.0;14.000;0.952;28;53;9;0;100;101;100;120;100;121;100;50;50;0;1.937;1.937;0.000;0.000;14.700;1.000;11.2;0.0;0;33;3.000;2.711;12.8;-10;0;0;-8.8;0;0;0;0;0;99;0;0;1873;64.88;0;0;0;0;0;0;0;0;0;0;0;0;0;0;0;0;33;0;38.0;38.0;2;0;0.00;0.00;0.00;0.0;0.0
5.001;76;1720;38;65360;10.0;14.900;1.014;28;53;9;0;100;101;100;120;100;121;100;50;50;0;1.937;1.937;0.000;0.000;14.700;1.000;11.1;0.0;0;33;3.000;2.770;12.8;-10;0;0;-8.8;0;0;0;0;0;99;0;0;1873;65.34;0;0;0;0;0;0;0;0;0;0;0;0;0;0;0;0;33;0;38.0;38.0;2;0;0.00;0.00;0.00;0.0;0.0
5.066;76;1712;38;65056;10.0;16.800;1.143;28;53;9;0;100;101;100;120;100;121;100;50;50;0;1.937;1.937;0.000;0.000;14.700;1.000;11.1;0.0;0;33;3.000;2.809;12.8;-120;0;0;-8.8;0;0;0;0;0;99;0;0;1873;65.64;0;0;0;0;0;0;0;0;0;0;0;0;0;0;0;0;33;0;38.0;38.0;2;0;0.00;0.00;0.00;0.0;0.0
5.197;76;1701;38;64638;10.0;17.800;1.211;28;53;9;0;100;101;100;120;100;121;100;50;50;0;1.937;1.937;0.000;0.000;14.700;1.000;11.0;0.0;0;33;3.000;2.918;12.8;-190;0;0;-8.8;0;0;0;0;0;99;0;0;1873;66.07;0;0;0;0;0;0;0;0;0;0;0;0;0;0;0;0;33;0;38.0;38.0;2;0;0.00;0.00;0.00;0.0;0.0
5.263;76;1698;38;64524;10.0;17.500;1.190;28;53;9;0;100;101;100;120;100;121;100;50;50;0;1.937;1.937;0.000;0.000;14.700;1.000;11.0;0.0;0;34;3.000;2.844;12.8;-190;0;0;-8.8;0;0;0;0;0;99;0;0;1873;66.18;0;0;0;0;0;0;0;0;0;0;0;0;0;0;0;0;34;0;38.0;38.0;2;0;0.00;0.00;0.00;0.0;0.0
5.263;76;1682;38;63916;10.0;19.300;1.313;28;53;9;0;100;101;100;120;100;121;100;50;50;0;1.937;1.937;0.000;0.000;14.700;1.000;10.9;0.0;0;34;3.000;2.919;12.8;-30;0;0;-8.8;0;0;0;0;0;99;0;0;1873;66.81;0;0;0;0;0;0;0;0;0;0;0;0;0;0;0;0;34;0;38.0;38.0;2;0;0.00;0.00;0.00;0.0;0.0
5.398;76;1690;38;64220;10.0;19.700;1.340;28;53;9;0;100;101;100;120;100;121;100;50;50;0;2.021;2.021;0.000;0.000;14.700;1.000;11.4;0.0;0;34;3.000;2.835;12.1;-80;0;0;-8.8;0;0;0;0;0;99;0;0;1873;66.50;0;0;0;0;0;0;0;0;0;0;0;0;0;0;0;0;34;0;38.0;38.0;2;0;0.00;0.00;0.00;0.0;0.0
5.463;76;1679;38;63802;10.0;19.600;1.333;28;53;9;0;100;101;100;120;100;121;100;50;50;0;2.021;2.021;0.000;0.000;14.700;1.000;11.3;0.0;0;34;3.000;2.838;12.1;-80;0;0;-8.8;0;0;0;0;0;99;0;0;1873;66.93;0;0;0;0;0;0;0;0;0;0;0;0;0;0;0;0;34;0;38.0;38.0;2;0;0.00;0.00;0.00;0.0;0.0
5.533;76;1668;38;63384;10.0;19.700;1.340;28;53;9;0;100;101;100;120;100;121;100;50;50;0;2.021;2.021;0.000;0.000;14.700;1.000;11.2;0.0;0;33;3.000;2.906;12.1;-110;0;0;-8.8;0;0;0;0;0;99;0;0;1873;67.37;0;0;0;0;0;0;0;0;0;0;0;0;0;0;0;0;33;0;38.0;38.0;2;0;0.00;0.00;0.00;0.0;0.0
5.533;76;1669;39;65091;10.0;19.700;1.340;28;53;9;0;100;101;100;120;100;121;100;51;51;0;2.039;2.039;0.000;0.000;14.700;1.000;11.3;0.0;0;33;3.000;2.904;12.1;-100;0;0;-8.7;0;0;0;0;0;99;0;0;1873;67.33;0;0;0;0;0;0;0;0;0;0;0;0;0;0;0;0;33;0;39.0;39.0;2;0;0.00;0.00;0.00;0.0;0.0
5.665;76;1669;39;65091;10.0;19.700;1.340;28;53;9;0;100;101;100;120;100;121;100;51;51;0;2.003;2.003;0.000;0.000;14.700;1.000;11.1;0.0;0;33;3.000;3.018;12.4;-100;0;0;-8.7;0;0;0;0;0;99;0;0;1873;67.33;0;0;0;0;0;0;0;0;0;0;0;0;0;0;0;0;33;0;39.0;39.0;2;0;0.00;0.00;0.00;0.0;0.0
5.733;76;1680;39;65520;10.0;19.700;1.340;28;53;9;0;100;101;100;120;100;121;100;50;50;0;1.995;1.995;0.000;0.000;14.700;1.000;11.2;0.0;0;33;3.000;2.920;12.4;0;0;0;-8.7;0;0;0;0;0;99;0;0;1873;66.89;0;0;0;0;0;0;0;0;0;0;0;0;0;0;0;0;33;0;39.0;39.0;2;0;0.00;0.00;0.00;0.0;0.0
5.799;76;1687;39;65793;10.0;19.700;1.340;28;53;9;0;100;101;100;120;100;121;100;51;51;0;2.003;2.003;0.000;0.000;14.700;1.000;11.3;0.0;0;33;3.000;2.974;12.4;110;0;0;-8.7;0;0;0;0;0;99;0;0;1873;66.62;0;0;0;0;0;0;0;0;0;0;0;0;0;0;0;0;33;0;39.0;39.0;2;0;0.00;0.00;0.00;0.0;0.0
5.866;76;1693;38;64334;10.0;19.700;1.340;28;53;9;0;100;101;100;120;100;121;100;50;50;0;1.985;1.985;0.000;0.000;14.700;1.000;11.2;0.0;0;33;3.000;2.853;12.4;110;0;0;-8.8;0;0;0;0;0;99;0;0;1873;66.38;0;0;0;0;0;0;0;0;0;0;0;0;0;0;0;0;33;0;38.0;38.0;2;0;0.00;0.00;0.00;0.0;0.0
5.934;77;1699;38;64562;10.0;19.700;1.340;28;53;9;0;100;101;100;120;100;121;100;50;50;0;1.961;1.961;0.000;0.000;14.700;1.000;11.1;0.0;0;34;3.000;3.104;12.6;130;0;0;-8.8;0;0;0;0;0;99;0;0;1873;66.14;0;0;0;0;0;0;0;0;0;0;0;0;0;0;0;0;34;0;38.0;38.0;2;0;0.00;0.00;0.00;0.0;0.0
6.001;77;1715;38;65170;10.0;17.500;1.190;28;53;9;0;100;101;100;120;100;121;100;50;50;0;1.961;1.961;0.000;0.000;14.700;1.000;11.2;0.0;0;33;3.000;3.031;12.6;60;0;0;-8.8;0;0;0;0;0;99;0;0;1873;65.53;0;0;0;0;0;0;0;0;0;0;0;0;0;0;0;0;33;0;38.0;38.0;2;0;0.00;0.00;0.00;0.0;0.0
6.066;77;1715;38;65170;10.0;17.000;1.156;28;53;9;0;100;101;100;120;100;121;100;50;50;0;1.961;1.961;0.000;0.000;14.700;1.000;11.2;0.0;0;33;3.000;2.900;12.6;60;0;0;-8.8;0;0;0;0;0;99;0;0;1873;65.53;0;0;0;0;0;0;0;0;0;0;0;0;0;0;0;0;33;0;38.0;38.0;2;0;0.00;0.00;0.00;0.0;0.0
6.139;77;1715;38;65170;10.0;16.800;1.143;28;53;9;0;100;101;100;120;100;121;100;50;50;0;1.985;1.985;0.000;0.000;14.700;1.000;11.3;0.0;0;33;3.000;2.834;12.4;160;0;0;-8.8;0;0;0;0;0;99;0;0;1873;65.53;0;0;0;0;0;0;0;0;0;0;0;0;0;0;0;0;33;0;38.0;38.0;2;0;0.00;0.00;0.00;0.0;0.0
6.204;77;1710;38;64980;10.0;17.500;1.190;28;53;9;0;100;101;100;120;100;121;100;50;50;0;1.985;1.985;0.000;0.000;14.700;1.000;11.3;0.0;0;34;3.000;2.801;12.4;-50;0;0;-8.8;0;0;0;0;0;99;0;0;1873;65.72;0;0;0;0;0;0;0;0;0;0;0;0;0;0;0;0;34;0;38.0;38.0;2;0;0.00;0.00;0.00;0.0;0.0
6.271;77;1701;38;64638;10.0;17.700;1.204;28;53;9;0;100;101;100;120;100;121;100;50;50;0;1.985;1.985;0.000;0.000;14.700;1.000;11.3;0.0;0;33;3.000;2.960;12.4;-50;0;0;-8.8;0;0;0;0;0;99;0;0;1873;66.07;0;0;0;0;0;0;0;0;0;0;0;0;0;0;0;0;33;0;38.0;38.0;2;0;0.00;0.00;0.00;0.0;0.0
6.336;77;1708;38;64904;10.0;17.900;1.218;28;53;9;0;100;101;100;120;100;121;100;50;50;0;1.985;1.985;0.000;0.000;14.700;1.000;11.3;0.0;0;33;3.000;2.806;12.4;-20;0;0;-8.8;0;0;0;0;0;99;0;0;1873;65.80;0;0;0;0;0;0;0;0;0;0;0;0;0;0;0;0;33;0;38.0;38.0;2;0;0.00;0.00;0.00;0.0;0.0
6.402;77;1698;38;64524;10.0;17.700;1.204;28;53;9;0;100;101;100;120;100;121;100;50;50;0;1.961;1.961;0.000;0.000;14.700;1.000;11.1;0.0;0;34;3.000;2.879;12.6;-100;0;0;-8.8;0;0;0;0;0;99;0;0;1873;66.18;0;0;0;0;0;0;0;0;0;0;0;0;0;0;0;0;34;0;38.0;38.0;2;0;0.00;0.00;0.00;0.0;0.0
6.467;77;1695;38;64410;10.0;19.000;1.293;28;53;9;0;100;101;100;120;100;121;100;50;50;0;1.961;1.961;0.000;0.000;14.700;1.000;11.1;0.0;0;34;3.000;2.839;12.6;-100;0;0;-8.8;0;0;0;0;0;99;0;0;1873;66.30;0;0;0;0;0;0;0;0;0;0;0;0;0;0;0;0;34;0;38.0;38.0;2;0;0.00;0.00;0.00;0.0;0.0
6.535;77;1696;38;64448;10.0;19.500;1.327;28;53;9;0;100;101;100;120;100;121;100;50;50;0;1.961;1.961;0.000;0.000;14.700;1.000;11.1;0.0;0;33;3.000;2.841;12.6;-20;0;0;-8.8;0;0;0;0;0;99;0;0;1873;66.26;0;0;0;0;0;0;0;0;0;0;0;0;0;0;0;0;33;0;38.0;38.0;2;0;0.00;0.00;0.00;0.0;0.0
6.602;77;1695;38;64410;10.0;19.200;1.306;28;53;9;0;100;101;100;120;100;121;100;50;50;0;1.961;1.961;0.000;0.000;14.700;1.000;11.1;0.0;0;34;3.000;2.864;12.6;-10;0;0;-8.8;0;0;0;0;0;99;0;0;1873;66.30;0;0;0;0;0;0;0;0;0;0;0;0;0;0;0;0;34;0;38.0;38.0;2;0;0.00;0.00;0.00;0.0;0.0
6.669;77;1693;38;64334;10.0;19.200;1.306;28;53;9;0;100;101;100;120;100;121;100;50;50;0;1.949;1.949;0.000;0.000;14.700;1.000;11.0;0.0;0;33;3.000;2.847;12.7;-10;0;0;-8.8;0;0;0;0;0;99;0;0;1873;66.38;0;0;0;0;0;0;0;0;0;0;0;0;0;0;0;0;33;0;38.0;38.0;2;0;0.00;0.00;0.00;0.0;0.0
6.733;77;1688;38;64144;10.0;18.800;1.279;28;53;9;0;100;101;100;120;100;121;100;50;50;0;1.949;1.949;0.000;0.000;14.700;1.000;11.0;0.0;0;33;3.000;2.812;12.7;-20;0;0;-8.8;0;0;0;0;0;99;0;0;1873;66.58;0;0;0;0;0;0;0;0;0;0;0;0;0;0;0;0;33;0;38.0;38.0;2;0;0.00;0.00;0.00;0.0;0.0
6.805;77;1679;39;65481;10.0;19.200;1.306;28;53;9;0;100;101;100;120;100;121;100;50;50;0;1.959;1.959;0.000;0.000;14.700;1.000;11.0;0.0;0;33;3.000;2.907;12.7;-140;0;0;-8.7;0;0;0;0;0;99;0;0;1873;66.93;0;0;0;0;0;0;0;0;0;0;0;0;0;0;0;0;33;0;39.0;39.0;2;0;0.00;0.00;0.00;0.0;0.0
6.869;77;1679;39;65481;10.0;19.700;1.340;28;53;9;0;100;101;100;120;100;121;100;50;50;0;1.959;1.959;0.000;0.000;14.700;1.000;11.0;0.0;0;33;3.000;2.953;12.7;-140;0;0;-8.7;0;0;0;0;0;99;0;0;1873;66.93;0;0;0;0;0;0;0;0;0;0;0;0;0;0;0;0;33;0;39.0;39.0;2;0;0.00;0.00;0.00;0.0;0.0
6.935;78;1678;39;65442;10.0;18.900;1.286;28;53;9;0;100;101;100;120;100;121;100;51;51;0;2.003;2.003;0.000;0.000;14.700;1.000;11.2;0.0;0;33;3.000;2.847;12.4;0;0;0;-8.7;0;0;0;0;0;99;0;0;1877;67.12;0;0;0;0;0;0;0;0;0;0;0;0;0;0;0;0;33;0;39.0;39.0;2;0;0.00;0.00;0.00;0.0;0.0
6.935;78;1675;39;65325;10.0;19.600;1.333;28;53;9;0;100;101;100;120;100;121;100;50;50;0;1.995;1.995;0.000;0.000;14.700;1.000;11.1;0.0;0;33;3.000;2.892;12.4;-40;0;0;-8.7;0;0;0;0;0;99;0;0;1877;67.24;0;0;0;0;0;0;0;0;0;0;0;0;0;0;0;0;33;0;39.0;39.0;2;0;0.00;0.00;0.00;0.0;0.0
7.070;78;1675;38;63650;10.0;18.600;1.265;28;53;9;0;100;101;100;120;100;121;100;50;50;0;1.985;1.985;0.000;0.000;14.700;1.000;11.1;0.0;0;34;3.000;2.902;12.4;-40;0;0;-8.8;0;0;0;0;0;99;0;0;1877;67.24;0;0;0;0;0;0;0;0;0;0;0;0;0;0;0;0;34;0;38.0;38.0;2;0;0.00;0.00;0.00;0.0;0.0
7.135;78;1666;39;64974;10.0;19.500;1.327;28;53;9;0;100;101;100;120;100;121;100;50;50;0;1.995;1.995;0.000;0.000;14.700;1.000;11.1;0.0;0;33;3.000;2.798;12.4;0;0;0;-8.7;0;0;0;0;0;99;0;0;1877;67.60;0;0;0;0;0;0;0;0;0;0;0;0;0;0;0;0;33;0;39.0;39.0;2;0;0.00;0.00;0.00;0.0;0.0
7.200;78;1666;39;64974;10.0;19.700;1.340;28;54;9;0;100;101;100;119;100;120;100;50;50;0;1.968;1.968;0.000;0.000;14.700;1.000;10.9;0.0;0;33;3.000;2.773;12.6;-90;0;0;-8.7;0;0;0;0;0;99;0;0;1877;67.60;0;0;0;0;0;0;0;0;0;0;0;0;0;0;0;0;33;0;39.0;39.0;2;0;0.00;0.00;0.00;0.0;0.0
7.266;78;1649;39;64311;10.0;19.700;1.340;28;54;9;0;100;101;100;119;100;120;100;50;50;0;1.968;1.968;0.000;0.000;14.700;1.000;10.8;0.0;0;33;3.000;2.853;12.6;-90;0;0;-8.7;0;0;0;0;0;99;0;0;1877;68.30;0;0;0;0;0;0;0;0;0;0;0;0;0;0;0;0;33;0;39.0;39.0;2;0;0.00;0.00;0.00;0.0;0.0
7.338;78;1639;39;63921;10.0;19.600;1.333;28;54;9;0;100;101;100;119;100;120;100;50;50;0;1.968;1.968;0.000;0.000;14.700;1.000;10.8;0.0;0;33;3.000;2.800;12.6;-270;0;0;-8.7;0;0;0;0;0;99;0;0;1877;68.71;0;0;0;0;0;0;0;0;0;0;0;0;0;0;0;0;33;0;39.0;39.0;2;0;0.00;0.00;0.00;0.0;0.0
7.408;78;1644;39;64116;10.0;19.700;1.340;28;54;9;0;100;101;100;119;100;120;100;50;50;0;1.968;1.968;0.000;0.000;14.700;1.000;10.8;0.0;0;33;3.000;2.943;12.6;50;0;0;-8.7;0;0;0;0;0;99;0;0;1877;68.50;0;0;0;0;0;0;0;0;0;0;0;0;0;0;0;0;33;0;39.0;39.0;2;0;0.00;0.00;0.00;0.0;0.0
7.471;78;1649;39;64311;10.0;19.700;1.340;28;54;9;0;100;101;100;119;100;120;100;50;50;0;1.956;1.956;0.000;0.000;14.700;1.000;10.8;0.0;0;33;3.000;2.975;12.7;50;0;0;-8.7;0;0;0;0;0;99;0;0;1877;68.30;0;0;0;0;0;0;0;0;0;0;0;0;0;0;0;0;33;0;39.0;39.0;2;0;0.00;0.00;0.00;0.0;0.0
7.539;78;1651;39;64389;10.0;19.700;1.340;28;54;9;0;100;101;100;119;100;120;100;50;50;0;1.956;1.956;0.000;0.000;14.700;1.000;10.8;0.0;0;33;3.000;2.994;12.7;70;0;0;-8.7;0;0;0;0;0;99;0;0;1877;68.21;0;0;0;0;0;0;0;0;0;0;0;0;0;0;0;0;33;0;39.0;39.0;2;0;0.00;0.00;0.00;0.0;0.0
7.602;78;1662;39;64818;10.0;19.700;1.340;28;54;9;0;100;101;100;119;100;120;100;50;50;0;1.956;1.956;0.000;0.000;14.700;1.000;10.8;0.0;0;33;3.000;2.888;12.7;70;0;0;-8.7;0;0;0;0;0;99;0;0;1877;67.76;0;0;0;0;0;0;0;0;0;0;0;0;0;0;0;0;33;0;39.0;39.0;2;0;0.00;0.00;0.00;0.0;0.0
7.672;78;1656;39;64584;10.0;19.700;1.340;28;54;9;0;100;101;100;119;100;120;100;50;50;0;2.016;2.016;0.000;0.000;14.700;1.000;11.1;0.0;0;33;3.000;2.982;12.2;110;0;0;-8.7;0;0;0;0;0;99;0;0;1877;68.01;0;0;0;0;0;0;0;0;0;0;0;0;0;0;0;0;33;0;39.0;39.0;2;0;0.00;0.00;0.00;0.0;0.0
7.737;78;1658;39;64662;10.0;19.500;1.327;28;54;9;0;100;101;100;119;100;120;100;50;50;0;2.016;2.016;0.000;0.000;14.700;1.000;11.1;0.0;0;33;3.000;2.931;12.2;-60;0;0;-8.7;0;0;0;0;0;99;0;0;1877;67.93;0;0;0;0;0;0;0;0;0;0;0;0;0;0;0;0;33;0;39.0;39.0;2;0;0.00;0.00;0.00;0.0;0.0
7.803;78;1657;39;64623;10.0;19.700;1.340;28;54;9;0;100;101;100;119;100;120;100;50;50;0;2.016;2.016;0.000;0.000;14.700;1.000;11.1;0.0;0;33;3.000;2.905;12.2;-60;0;0;-8.7;0;0;0;0;0;99;0;0;1877;67.97;0;0;0;0;0;0;0;0;0;0;0;0;0;0;0;0;33;0;39.0;39.0;2;0;0.00;0.00;0.00;0.0;0.0
7.868;78;1662;39;64818;10.0;19.700;1.340;28;54;9;0;100;101;100;119;100;120;100;50;50;0;2.016;2.016;0.000;0.000;14.700;1.000;11.2;0.0;0;33;3.000;3.047;12.2;10;0;0;-8.7;0;0;0;0;0;99;0;0;1877;67.76;0;0;0;0;0;0;0;0;0;0;0;0;0;0;0;0;33;0;39.0;39.0;2;0;0.00;0.00;0.00;0.0;0.0
7.933;79;1678;39;65442;10.0;19.700;1.340;28;54;9;0;100;101;100;119;100;120;100;51;51;0;1.964;1.964;0.000;0.000;14.700;1.000;11.0;0.0;0;33;3.000;3.104;12.7;50;0;0;-8.7;0;0;0;0;0;99;0;0;1883;67.33;0;0;0;0;0;0;0;0;0;0;0;0;0;0;0;0;33;0;39.0;39.0;2;0;0.00;0.00;0.00;0.0;0.0
7.999;79;1678;39;65442;10.0;19.700;1.340;28;54;9;0;100;101;100;119;100;120;100;51;51;0;1.964;1.964;0.000;0.000;14.700;1.000;11.0;0.0;0;33;3.000;2.929;12.7;50;0;0;-8.7;0;0;0;0;0;99;0;0;1883;67.33;0;0;0;0;0;0;0;0;0;0;0;0;0;0;0;0;33;0;39.0;39.0;2;0;0.00;0.00;0.00;0.0;0.0
8.065;79;1689;39;65871;10.0;19.000;1.293;28;54;9;0;100;101;100;119;100;120;100;50;50;0;1.956;1.956;0.000;0.000;14.700;1.000;11.0;0.0;0;33;3.000;2.871;12.7;270;0;0;-8.7;0;0;0;0;0;99;0;0;1883;66.89;0;0;0;0;0;0;0;0;0;0;0;0;0;0;0;0;33;0;39.0;39.0;2;0;0.00;0.00;0.00;0.0;0.0
8.134;79;1691;38;64258;10.0;19.600;1.333;28;54;9;0;100;101;100;119;100;120;100;50;50;0;1.946;1.946;0.000;0.000;14.700;1.000;11.0;0.0;0;34;3.000;2.865;12.7;20;0;0;-8.8;0;0;0;0;0;99;0;0;1883;66.81;0;0;0;0;0;0;0;0;0;0;0;0;0;0;0;0;34;0;38.0;38.0;2;0;0.00;0.00;0.00;0.0;0.0
8.200;79;1702;39;66378;10.0;15.700;1.068;28;54;9;0;100;101;100;119;100;120;100;50;50;0;1.944;1.944;0.000;0.000;14.700;1.000;11.0;0.0;0;33;3.000;2.876;12.8;20;0;0;-8.7;0;0;0;0;0;99;0;0;1883;66.38;0;0;0;0;0;0;0;0;0;0;0;0;0;0;0;0;33;0;39.0;39.0;2;0;0.00;0.00;0.00;0.0;0.0
8.267;79;1702;38;64676;10.0;14.800;1.007;28;54;9;0;100;101;100;119;100;120;100;50;50;0;1.934;1.934;0.000;0.000;14.700;1.000;11.0;0.0;0;34;3.000;2.856;12.8;110;0;0;-8.8;0;0;0;0;0;99;0;0;1883;66.38;0;0;0;0;0;0;0;0;0;0;0;0;0;0;0;0;34;0;38.0;38.0;2;0;0.00;0.00;0.00;0.0;0.0
8.335;79;1702;38;64676;10.0;17.000;1.156;28;54;9;0;100;101;100;119;100;120;100;50;50;0;1.934;1.934;0.000;0.000;14.700;1.000;11.0;0.0;0;34;3.000;2.982;12.8;0;0;0;-8.8;0;0;0;0;0;99;0;0;1883;66.38;0;0;0;0;0;0;0;0;0;0;0;0;0;0;0;0;34;0;38.0;38.0;2;0;0.00;0.00;0.00;0.0;0.0
8.400;79;1702;38;64676;10.0;18.800;1.279;28;54;9;0;100;101;100;119;100;120;100;50;50;0;1.934;1.934;0.000;0.000;14.700;1.000;11.0;0.0;0;34;3.000;2.912;12.8;0;0;0;-8.8;0;0;0;0;0;99;0;0;1883;66.38;0;0;0;0;0;0;0;0;0;0;0;0;0;0;0;0;34;0;38.0;38.0;2;0;0.00;0.00;0.00;0.0;0.0
8.465;79;1696;38;64448;10.0;19.500;1.327;28;54;9;0;100;101;100;119;100;120;100;50;50;0;1.946;1.946;0.000;0.000;14.700;1.000;11.0;0.0;0;33;3.000;2.685;12.7;0;0;0;-8.8;0;0;0;0;0;99;0;0;1883;66.62;0;0;0;0;0;0;0;0;0;0;0;0;0;0;0;0;33;0;38.0;38.0;2;0;0.00;0.00;0.00;0.0;0.0
8.465;79;1669;38;63422;10.0;18.100;1.231;28;54;9;0;100;101;100;119;100;120;100;50;50;0;1.946;1.946;0.000;0.000;14.700;1.000;10.8;0.0;0;33;3.000;2.916;12.7;-330;0;0;-8.8;0;0;0;0;0;99;0;0;1883;67.69;0;0;0;0;0;0;0;0;0;0;0;0;0;0;0;0;33;0;38.0;38.0;2;0;0.00;0.00;0.00;0.0;0.0
8.600;79;1682;38;63916;10.0;18.600;1.265;28;54;9;0;100;101;100;119;100;120;100;50;50;0;1.946;1.946;0.000;0.000;14.700;1.000;10.9;0.0;0;34;3.000;2.964;12.7;-330;0;0;-8.8;0;0;0;0;0;99;0;0;1883;67.17;0;0;0;0;0;0;0;0;0;0;0;0;0;0;0;0;34;0;38.0;38.0;2;0;0.00;0.00;0.00;0.0;0.0
8.667;79;1687;39;65793;10.0;17.600;1.197;28;54;9;0;100;101;100;119;100;120;100;51;51;0;1.964;1.964;0.000;0.000;14.700;1.000;11.0;0.0;0;33;3.000;2.859;12.7;130;0;0;-8.7;0;0;0;0;0;99;0;0;1883;66.97;0;0;0;0;0;0;0;0;0;0;0;0;0;0;0;0;33;0;39.0;39.0;2;0;0.00;0.00;0.00;0.0;0.0
8.736;79;1687;38;64106;10.0;16.800;1.143;28;54;9;0;100;101;100;119;100;120;100;50;50;0;1.934;1.934;0.000;0.000;14.700;1.000;10.9;0.0;0;34;3.000;2.890;12.8;50;0;0;-8.8;0;0;0;0;0;99;0;0;1883;66.97;0;0;0;0;0;0;0;0;0;0;0;0;0;0;0;0;34;0;38.0;38.0;2;0;0.00;0.00;0.00;0.0;0.0
8.801;79;1686;39;65754;10.0;17.100;1.163;28;54;9;0;100;101;100;119;100;120;100;50;50;0;1.944;1.944;0.000;0.000;14.700;1.000;10.9;0.0;0;33;3.000;2.932;12.8;50;0;0;-8.7;0;0;0;0;0;99;0;0;1883;67.01;0;0;0;0;0;0;0;0;0;0;0;0;0;0;0;0;33;0;39.0;39.0;2;0;0.00;0.00;0.00;0.0;0.0
8.867;79;1706;38;64828;10.0;16.200;1.102;28;54;9;0;100;101;100;119;100;120;100;50;50;0;1.934;1.934;0.000;0.000;14.700;1.000;11.0;0.0;0;34;3.000;3.177;12.8;-10;0;0;-8.8;0;0;0;0;0;99;0;0;1883;66.23;0;0;0;0;0;0;0;0;0;0;0;0;0;0;0;0;34;0;38.0;38.0;2;0;0.00;0.00;0.00;0.0;0.0
8.933;80;1721;38;65398;10.0;18.400;1.252;28;54;9;0;100;101;100;119;100;120;100;50;50;0;1.922;1.922;0.000;0.000;14.700;1.000;11.0;0.0;0;34;3.000;3.079;12.9;350;0;0;-8.8;0;0;0;0;0;99;0;0;1876;65.40;0;0;0;0;0;0;0;0;0;0;0;0;0;0;0;0;34;0;38.0;38.0;2;0;0.00;0.00;0.00;0.0;0.0
8.998;80;1728;38;65664;10.0;16.800;1.143;28;54;9;0;100;101;100;119;100;120;100;50;50;0;1.922;1.922;0.000;0.000;14.700;1.000;11.1;0.0;0;33;3.000;2.835;12.9;350;0;0;-8.8;0;0;0;0;0;99;0;0;1876;65.14;0;0;0;0;0;0;0;0;0;0;0;0;0;0;0;0;33;0;38.0;38.0;2;0;0.00;0.00;0.00;0.0;0.0
9.067;80;1736;38;65968;10.0;17.300;1.177;28;54;9;0;100;101;100;119;100;120;100;50;50;0;1.922;1.922;0.000;0.000;14.700;1.000;11.1;0.0;0;33;3.000;3.028;12.9;70;0;0;-8.8;0;0;0;0;0;99;0;0;1876;64.84;0;0;0;0;0;0;0;0;0;0;0;0;0;0;0;0;33;0;38.0;38.0;2;0;0.00;0.00;0.00;0.0;0.0
9.133;80;1747;38;66386;10.0;16.500;1.122;28;54;9;0;100;101;100;119;100;120;100;50;50;0;1.922;1.922;0.000;0.000;14.700;1.000;11.2;0.0;0;33;3.000;3.007;12.9;190;0;0;-8.8;0;0;0;0;0;99;0;0;1876;64.43;0;0;0;0;0;0;0;0;0;0;0;0;0;0;0;0;33;0;38.0;38.0;2;0;0.00;0.00;0.00;0.0;0.0
9.199;80;1757;37;65009;10.0;15.600;1.061;28;54;9;0;100;101;100;119;100;120;100;50;50;0;1.902;1.902;0.000;0.000;14.700;1.000;11.1;0.0;0;34;3.000;2.948;12.9;190;0;0;-9.0;0;0;0;0;0;99;0;0;1876;64.06;0;0;0;0;0;0;0;0;0;0;0;0;0;0;0;0;34;0;37.0;37.0;2;0;0.00;0.00;0.00;0.0;0.0
9.268;80;1765;37;65305;10.0;15.100;1.027;28;54;9;0;100;101;100;119;100;120;100;50;50;0;1.902;1.902;0.000;0.000;14.700;1.000;11.2;0.0;0;34;3.000;2.923;12.9;100;0;0;-9.0;0;0;0;0;0;99;0;0;1876;63.77;0;0;0;0;0;0;0;0;0;0;0;0;0;0;0;0;34;0;37.0;37.0;2;0;0.00;0.00;0.00;0.0;0.0
9.334;80;1747;37;64639;10.0;15.600;1.061;28;54;9;0;100;101;100;119;100;120;100;49;49;0;1.894;1.894;0.000;0.000;14.700;1.000;11.0;0.0;0;35;3.000;2.754;12.9;100;0;0;-9.0;0;0;0;0;0;99;0;0;1876;64.43;0;0;0;0;0;0;0;0;0;0;0;0;0;0;0;0;35;0;37.0;37.0;2;0;0.00;0.00;0.00;0.0;0.0
9.399;80;1747;38;66386;10.0;15.600;1.061;28;54;9;0;100;101;100;119;100;120;100;50;50;0;1.922;1.922;0.000;0.000;14.700;1.000;11.2;0.0;0;33;3.000;2.778;12.9;-100;0;0;-8.8;0;0;0;0;0;99;0;0;1876;64.43;0;0;0;0;0;0;0;0;0;0;0;0;0;0;0;0;33;0;38.0;38.0;2;0;0.00;0.00;0.00;0.0;0.0
9.465;80;1741;38;66158;10.0;15.000;1.020;28;54;9;0;100;101;100;119;100;120;100;50;50;0;1.922;1.922;0.000;0.000;14.700;1.000;11.2;0.0;0;34;3.000;2.789;12.9;-60;0;0;-8.8;0;0;0;0;0;99;0;0;1876;64.65;0;0;0;0;0;0;0;0;0;0;0;0;0;0;0;0;34;0;38.0;38.0;2;0;0.00;0.00;0.00;0.0;0.0
9.465;80;1732;38;65816;10.0;14.300;0.973;28;54;9;0;100;101;100;119;100;120;100;50;50;0;1.922;1.922;0.000;0.000;14.700;1.000;11.1;0.0;0;33;3.000;2.871;12.9;-60;0;0;-8.8;0;0;0;0;0;99;0;0;1876;64.99;0;0;0;0;0;0;0;0;0;0;0;0;0;0;0;0;33;0;38.0;38.0;2;0;0.00;0.00;0.00;0.0;0.0
9.596;80;1738;38;66044;10.0;15.200;1.034;28;54;9;0;100;101;100;119;100;120;100;50;50;0;1.922;1.922;0.000;0.000;14.700;1.000;11.1;0.0;0;34;3.000;2.783;12.9;-90;0;0;-8.8;0;0;0;0;0;99;0;0;1876;64.76;0;0;0;0;0;0;0;0;0;0;0;0;0;0;0;0;34;0;38.0;38.0;2;0;0.00;0.00;0.00;0.0;0.0
9.665;80;1734;38;65892;10.0;16.700;1.136;28;54;9;0;100;101;100;119;100;120;100;50;50;0;1.922;1.922;0.000;0.000;14.700;1.000;11.1;0.0;0;34;3.000;2.694;12.9;20;0;0;-8.8;0;0;0;0;0;99;0;0;1876;64.91;0;0;0;0;0;0;0;0;0;0;0;0;0;0;0;0;34;0;38.0;38.0;2;0;0.00;0.00;0.00;0.0;0.0
9.665;80;1720;38;65360;10.0;18.700;1.272;28;54;9;0;100;101;100;119;100;120;100;50;50;0;1.934;1.934;0.000;0.000;14.700;1.000;11.1;0.0;0;33;3.000;2.769;12.8;20;0;0;-8.8;0;0;0;0;0;99;0;0;1876;65.44;0;0;0;0;0;0;0;0;0;0;0;0;0;0;0;0;33;0;38.0;38.0;2;0;0.00;0.00;0.00;0.0;0.0
9.800;80;1709;38;64942;10.0;19.600;1.333;28;54;9;0;100;101;100;119;100;120;100;50;50;0;1.934;1.934;0.000;0.000;14.700;1.000;11.0;0.0;0;34;3.000;2.977;12.8;-140;0;0;-8.8;0;0;0;0;0;99;0;0;1876;65.86;0;0;0;0;0;0;0;0;0;0;0;0;0;0;0;0;34;0;38.0;38.0;2;0;0.00;0.00;0.00;0.0;0.0
9.866;80;1715;37;63455;10.0;19.700;1.340;28;54;9;0;100;101;100;119;100;120;100;50;50;0;1.914;1.914;0.000;0.000;14.700;1.000;10.9;0.0;0;34;3.000;2.998;12.8;-50;0;0;-9.0;0;0;0;0;0;99;0;0;1876;65.63;0;0;0;0;0;0;0;0;0;0;0;0;0;0;0;0;34;0;37.0;37.0;2;0;0.00;0.00;0.00;0.0;0.0
9.931;80;1718;38;65284;10.0;19.700;1.340;28;54;9;0;100;101;100;119;100;120;100;50;50;0;1.934;1.934;0.000;0.000;14.700;1.000;11.1;0.0;0;34;3.000;2.807;12.8;-50;0;0;-8.8;0;0;0;0;0;99;0;0;1876;65.52;0;0;0;0;0;0;0;0;0;0;0;0;0;0;0;0;34;0;38.0;38.0;2;0;0.00;0.00;0.00;0.0;0.0
9.931;81;1699;38;64562;10.0;19.700;1.340;28;55;9;0;100;101;100;118;100;119;100;50;50;0;1.928;1.928;0.000;0.000;14.700;1.000;10.9;0.0;0;34;3.000;2.856;12.8;30;0;0;-8.8;0;0;0;0;0;99;0;0;1870;66.04;0;0;0;0;0;0;0;0;0;0;0;0;0;0;0;0;34;0;38.0;38.0;2;0;0.00;0.00;0.00;0.0;0.0
9.997;81;1687;38;64106;10.0;19.700;1.340;28;55;9;0;100;101;100;118;100;119;100;50;50;0;1.928;1.928;0.000;0.000;14.700;1.000;10.8;0.0;0;34;3.000;2.936;12.8;-310;0;0;-8.8;0;0;0;0;0;99;0;0;1870;66.51;0;0;0;0;0;0;0;0;0;0;0;0;0;0;0;0;34;0;38.0;38.0;2;0;0.00;0.00;0.00;0.0;0.0
10.132;81;1696;38;64448;10.0;19.700;1.340;28;55;9;0;100;101;100;118;100;119;100;50;50;0;1.928;1.928;0.000;0.000;14.700;1.000;10.9;0.0;0;33;3.000;2.773;12.8;-310;0;0;-8.8;0;0;0;0;0;99;0;0;1870;66.16;0;0;0;0;0;0;0;0;0;0;0;0;0;0;0;0;33;0;38.0;38.0;2;0;0.00;0.00;0.00;0.0;0.0
10.198;81;1688;39;65832;10.0;19.300;1.313;28;55;9;0;100;101;100;118;100;119;100;50;50;0;1.937;1.937;0.000;0.000;14.700;1.000;10.9;0.0;0;33;3.000;2.890;12.8;90;0;0;-8.7;0;0;0;0;0;99;0;0;1870;66.47;0;0;0;0;0;0;0;0;0;0;0;0;0;0;0;0;33;0;39.0;39.0;2;0;0.00;0.00;0.00;0.0;0.0
10.198;81;1686;39;65754;10.0;19.700;1.340;28;55;9;0;100;101;100;118;100;119;100;50;50;0;1.913;1.913;0.000;0.000;14.700;1.000;10.8;0.0;0;33;3.000;2.914;13.0;-100;0;0;-8.7;0;0;0;0;0;99;0;0;1870;66.55;0;0;0;0;0;0;0;0;0;0;0;0;0;0;0;0;33;0;39.0;39.0;2;0;0.00;0.00;0.00;0.0;0.0
10.329;81;1686;39;65754;10.0;16.400;1.116;28;55;9;0;100;101;100;118;100;119;100;50;50;0;1.913;1.913;0.000;0.000;14.700;1.000;10.8;0.0;0;33;3.000;2.899;13.0;-100;0;0;-8.7;0;0;0;0;0;99;0;0;1870;66.55;0;0;0;0;0;0;0;0;0;0;0;0;0;0;0;0;33;0;39.0;39.0;2;0;0.00;0.00;0.00;0.0;0.0
10.399;81;1690;38;64220;10.0;19.000;1.293;28;55;9;0;100;101;100;118;100;119;100;50;50;0;1.904;1.904;0.000;0.000;14.700;1.000;10.7;0.0;0;34;3.000;2.895;13.0;0;0;0;-8.8;0;0;0;0;0;99;0;0;1870;66.39;0;0;0;0;0;0;0;0;0;0;0;0;0;0;0;0;34;0;38.0;38.0;2;0;0.00;0.00;0.00;0.0;0.0
10.468;81;1688;38;64144;10.0;18.800;1.279;28;55;9;0;100;101;100;118;100;119;100;50;50;0;1.940;1.940;0.000;0.000;14.700;1.000;10.9;0.0;0;33;3.000;2.719;12.7;40;0;0;-8.8;0;0;0;0;0;99;0;0;1870;66.47;0;0;0;0;0;0;0;0;0;0;0;0;0;0;0;0;33;0;38.0;38.0;2;0;0.00;0.00;0.00;0.0;0.0
10.534;81;1682;38;63916;10.0;17.400;1.184;28;55;9;0;100;101;100;118;100;119;100;50;50;0;1.940;1.940;0.000;0.000;14.700;1.000;10.9;0.0;0;34;3.000;2.955;12.7;40;0;0;-8.8;0;0;0;0;0;99;0;0;1870;66.71;0;0;0;0;0;0;0;0;0;0;0;0;0;0;0;0;34;0;38.0;38.0;2;0;0.00;0.00;0.00;0.0;0.0
10.600;81;1688;38;64144;10.0;18.700;1.272;28;55;9;0;100;101;100;118;100;119;100;50;50;0;1.940;1.940;0.000;0.000;14.700;1.000;10.9;0.0;0;33;3.000;2.863;12.7;-80;0;0;-8.8;0;0;0;0;0;99;0;0;1870;66.47;0;0;0;0;0;0;0;0;0;0;0;0;0;0;0;0;33;0;38.0;38.0;2;0;0.00;0.00;0.00;0.0;0.0
10.670;81;1688;38;64144;10.0;19.600;1.333;28;55;9;0;100;101;100;118;100;119;100;50;50;0;1.940;1.940;0.000;0.000;14.700;1.000;10.9;0.0;0;33;3.000;2.788;12.7;60;0;0;-8.8;0;0;0;0;0;99;0;0;1870;66.47;0;0;0;0;0;0;0;0;0;0;0;0;0;0;0;0;33;0;38.0;38.0;2;0;0.00;0.00;0.00;0.0;0.0
10.734;81;1684;39;65676;10.0;19.700;1.340;28;55;9;0;100;101;100;118;100;119;100;50;50;0;1.937;1.937;0.000;0.000;14.700;1.000;10.9;0.0;0;33;3.000;2.773;12.8;60;0;0;-8.7;0;0;0;0;0;99;0;0;1870;66.63;0;0;0;0;0;0;0;0;0;0;0;0;0;0;0;0;33;0;39.0;39.0;2;0;0.00;0.00;0.00;0.0;0.0
10.804;81;1675;39;65325;10.0;19.700;1.340;28;55;9;0;100;101;100;118;100;119;100;50;50;0;1.937;1.937;0.000;0.000;14.700;1.000;10.8;0.0;0;33;3.000;2.817;12.8;-130;0;0;-8.7;0;0;0;0;0;99;0;0;1870;66.99;0;0;0;0;0;0;0;0;0;0;0;0;0;0;0;0;33;0;39.0;39.0;2;0;0.00;0.00;0.00;0.0;0.0
10.870;81;1676;39;65364;10.0;19.700;1.340;28;55;9;0;100;101;100;118;100;119;100;50;50;0;1.937;1.937;0.000;0.000;14.700;1.000;10.8;0.0;0;33;3.000;2.844;12.8;10;0;0;-8.7;0;0;0;0;0;99;0;0;1870;66.95;0;0;0;0;0;0;0;0;0;0;0;0;0;0;0;0;33;0;39.0;39.0;2;0;0.00;0.00;0.00;0.0;0.0
10.936;81;1681;39;65559;10.0;19.500;1.327;28;55;9;0;100;101;100;118;100;119;100;50;50;0;1.937;1.937;0.000;0.000;14.700;1.000;10.9;0.0;0;33;3.000;2.823;12.8;10;0;0;-8.7;0;0;0;0;0;99;0;0;1870;66.75;0;0;0;0;0;0;0;0;0;0;0;0;0;0;0;0;33;0;39.0;39.0;2;0;0.00;0.00;0.00;0.0;0.0
11.005;82;1680;38;63840;10.0;19.500;1.327;28;55;9;0;100;101;100;118;100;119;100;50;50;0;1.916;1.916;0.000;0.000;14.700;1.000;10.7;0.0;0;33;3.000;2.934;12.9;40;0;0;-8.8;0;0;0;0;0;99;0;0;1877;67.04;0;0;0;0;0;0;0;0;0;0;0;0;0;0;0;0;33;0;38.0;38.0;2;0;0.00;0.00;0.00;0.0;0.0
11.072;82;1680;38;63840;10.0;19.700;1.340;28;55;9;0;100;101;100;118;100;119;100;50;50;0;1.916;1.916;0.000;0.000;14.700;1.000;10.7;0.0;0;33;3.000;2.886;12.9;0;0;0;-8.8;0;0;0;0;0;99;0;0;1877;67.04;0;0;0;0;0;0;0;0;0;0;0;0;0;0;0;0;33;0;38.0;38.0;2;0;0.00;0.00;0.00;0.0;0.0
11.137;82;1688;38;64144;10.0;19.000;1.293;28;55;9;0;100;101;100;118;100;119;100;50;50;0;1.916;1.916;0.000;0.000;14.700;1.000;10.8;0.0;0;33;3.000;2.781;12.9;0;0;0;-8.8;0;0;0;0;0;99;0;0;1877;66.72;0;0;0;0;0;0;0;0;0;0;0;0;0;0;0;0;33;0;38.0;38.0;2;0;0.00;0.00;0.00;0.0;0.0
11.204;82;1679;39;65481;10.0;18.700;1.272;28;55;9;0;100;101;100;118;100;119;100;50;50;0;1.925;1.925;0.000;0.000;14.700;1.000;10.8;0.0;0;33;3.000;2.890;12.9;80;0;0;-8.7;0;0;0;0;0;99;0;0;1877;67.08;0;0;0;0;0;0;0;0;0;0;0;0;0;0;0;0;33;0;39.0;39.0;2;0;0.00;0.00;0.00;0.0;0.0
11.267;82;1681;39;65559;10.0;17.700;1.204;28;55;9;0;100;101;100;118;100;119;100;50;50;0;1.925;1.925;0.000;0.000;14.700;1.000;10.8;0.0;0;33;3.000;2.846;12.9;-70;0;0;-8.7;0;0;0;0;0;99;0;0;1877;67.00;0;0;0;0;0;0;0;0;0;0;0;0;0;0;0;0;33;0;39.0;39.0;2;0;0.00;0.00;0.00;0.0;0.0
11.336;82;1667;39;65013;10.0;18.500;1.259;28;55;9;0;100;101;100;118;100;119;100;50;50;0;1.925;1.925;0.000;0.000;14.700;1.000;10.7;0.0;0;33;3.000;2.925;12.9;-70;0;0;-8.7;0;0;0;0;0;99;0;0;1877;67.56;0;0;0;0;0;0;0;0;0;0;0;0;0;0;0;0;33;0;39.0;39.0;2;0;0.00;0.00;0.00;0.0;0.0
11.402;82;1660;39;64740;10.0;19.500;1.327;28;55;9;0;100;101;100;118;100;119;100;50;50;0;1.925;1.925;0.000;0.000;14.700;1.000;10.7;0.0;0;33;3.000;2.843;12.9;-140;0;0;-8.7;0;0;0;0;0;99;0;0;1877;67.84;0;0;0;0;0;0;0;0;0;0;0;0;0;0;0;0;33;0;39.0;39.0;2;0;0.00;0.00;0.00;0.0;0.0
11.468;82;1632;39;63648;10.0;19.700;1.340;28;55;9;0;100;101;100;118;100;119;100;50;50;0;1.925;1.925;0.000;0.000;14.700;1.000;10.5;0.0;0;33;3.000;2.577;12.9;-350;0;0;-8.7;0;0;0;0;0;99;0;0;1877;69.01;0;0;0;0;0;0;0;0;0;0;0;0;0;0;0;0;33;0;39.0;39.0;2;0;0.00;0.00;0.00;0.0;0.0
11.468;82;1619;40;64760;10.0;18.900;1.286;28;55;9;0;100;101;100;118;100;119;100;51;51;0;1.955;1.955;0.000;0.000;14.700;1.000;10.6;0.0;0;32;3.000;2.817;12.8;-350;0;0;-8.6;0;0;0;0;0;99;0;0;1877;69.56;0;0;0;0;0;0;0;0;0;0;0;0;0;0;0;0;32;0;40.0;40.0;2;0;0.00;0.00;0.00;0.0;0.0
11.604;82;1619;40;64760;10.0;19.500;1.327;28;55;9;0;100;101;100;118;100;119;100;51;51;0;1.955;1.955;0.000;0.000;14.700;1.000;10.6;0.0;0;32;3.000;2.815;12.8;-130;0;0;-8.6;0;0;0;0;0;99;0;0;1877;69.56;0;0;0;0;0;0;0;0;0;0;0;0;0;0;0;0;32;0;40.0;40.0;2;0;0.00;0.00;0.00;0.0;0.0
11.668;82;1614;40;64560;10.0;19.700;1.340;28;55;9;0;100;101;100;118;100;119;100;51;51;0;1.955;1.955;0.000;0.000;14.700;1.000;10.5;0.0;0;32;3.000;2.765;12.8;-130;0;0;-8.6;0;0;0;0;0;99;0;0;1877;69.78;0;0;0;0;0;0;0;0;0;0;0;0;0;0;0;0;32;0;40.0;40.0;2;0;0.00;0.00;0.00;0.0;0.0
11.735;82;1606;39;62634;10.0;19.700;1.340;28;55;9;0;100;101;100;118;100;119;100;50;50;0;1.925;1.925;0.000;0.000;14.700;1.000;10.3;0.0;0;33;3.000;2.757;12.9;-50;0;0;-8.7;0;0;0;0;0;99;0;0;1877;70.12;0;0;0;0;0;0;0;0;0;0;0;0;0;0;0;0;33;0;39.0;39.0;2;0;0.00;0.00;0.00;0.0;0.0
11.802;82;1584;40;63360;10.0;19.700;1.340;28;55;9;0;100;101;100;118;100;119;100;50;50;0;1.936;1.936;0.000;0.000;14.700;1.000;10.2;0.0;0;32;3.000;2.857;12.9;-300;0;0;-8.6;0;0;0;0;0;99;0;0;1877;71.10;0;0;0;0;0;0;0;0;0;0;0;0;0;0;0;0;32;0;40.0;40.0;2;0;0.00;0.00;0.00;0.0;0.0
11.873;82;1589;40;63560;10.0;19.700;1.340;28;55;9;0;100;101;100;118;100;119;100;50;50;0;1.936;1.936;0.000;0.000;14.700;1.000;10.3;0.0;0;32;3.000;2.942;12.9;-300;0;0;-8.6;0;0;0;0;0;99;0;0;1877;70.87;0;0;0;0;0;0;0;0;0;0;0;0;0;0;0;0;32;0;40.0;40.0;2;0;0.00;0.00;0.00;0.0;0.0
11.935;82;1572;41;64452;10.0;19.700;1.340;28;55;9;0;100;101;100;118;100;119;100;51;51;0;1.954;1.954;0.000;0.000;14.700;1.000;10.2;0.0;0;32;3.000;2.836;12.9;50;0;0;-8.4;0;0;0;0;0;99;0;0;1877;71.64;0;0;0;0;0;0;0;0;0;0;0;0;0;0;0;0;32;0;41.0;41.0;2;0;0.00;0.00;0.00;0.0;0.0
12.001;83;1574;40;62960;10.0;19.700;1.340;28;55;9;0;100;101;100;118;100;119;100;50;50;0;1.936;1.936;0.000;0.000;14.700;1.000;10.2;0.0;0;32;3.000;2.889;12.9;-170;0;0;-8.6;0;0;0;0;0;99;0;0;1880;71.66;0;0;0;0;0;0;0;0;0;0;0;0;0;0;0;0;32;0;40.0;40.0;2;0;0.00;0.00;0.00;0.0;0.0
12.001;83;1564;41;64124;10.0;19.700;1.340;28;55;9;0;100;101;100;118;100;119;100;51;51;0;1.954;1.954;0.000;0.000;14.700;1.000;10.2;0.0;0;32;3.000;2.735;12.9;-170;0;0;-8.4;0;0;0;0;0;99;0;0;1880;72.12;0;0;0;0;0;0;0;0;0;0;0;0;0;0;0;0;32;0;41.0;41.0;2;0;0.00;0.00;0.00;0.0;0.0
12.137;83;1564;41;64124;10.0;19.700;1.340;28;55;9;0;100;101;100;118;100;119;100;51;51;0;1.954;1.954;0.000;0.000;14.700;1.000;10.2;0.0;0;32;3.000;2.928;12.9;-80;0;0;-8.4;0;0;0;0;0;99;0;0;1880;72.12;0;0;0;0;0;0;0;0;0;0;0;0;0;0;0;0;32;0;41.0;41.0;2;0;0.00;0.00;0.00;0.0;0.0
12.202;83;1572;41;64452;10.0;19.700;1.340;28;55;9;0;100;101;100;118;100;119;100;51;51;0;1.954;1.954;0.000;0.000;14.700;1.000;10.2;0.0;0;32;3.000;2.770;12.9;80;0;0;-8.4;0;0;0;0;0;99;0;0;1880;71.76;0;0;0;0;0;0;0;0;0;0;0;0;0;0;0;0;32;0;41.0;41.0;2;0;0.00;0.00;0.00;0.0;0.0
12.267;83;1574;41;64534;10.0;19.700;1.340;28;55;9;0;100;101;100;118;100;119;100;51;51;0;1.990;1.990;0.000;0.000;14.700;1.000;10.4;0.0;0;32;3.000;2.775;12.6;80;0;0;-8.4;0;0;0;0;0;99;0;0;1880;71.66;0;0;0;0;0;0;0;0;0;0;0;0;0;0;0;0;32;0;41.0;41.0;2;0;0.00;0.00;0.00;0.0;0.0
12.336;83;1559;41;63919;10.0;19.700;1.340;28;55;9;0;100;101;100;118;100;119;100;51;51;0;1.990;1.990;0.000;0.000;14.700;1.000;10.3;0.0;0;32;3.000;2.948;12.6;20;0;0;-8.4;0;0;0;0;0;99;0;0;1880;72.35;0;0;0;0;0;0;0;0;0;0;0;0;0;0;0;0;32;0;41.0;41.0;2;0;0.00;0.00;0.00;0.0;0.0
12.405;83;1562;41;64042;10.0;19.700;1.340;28;55;9;0;100;101;100;118;100;119;100;51;51;0;1.990;1.990;0.000;0.000;14.700;1.000;10.4;0.0;0;32;3.000;3.006;12.6;-120;0;0;-8.4;0;0;0;0;0;99;0;0;1880;72.22;0;0;0;0;0;0;0;0;0;0;0;0;0;0;0;0;32;0;41.0;41.0;2;0;0.00;0.00;0.00;0.0;0.0
12.471;83;1572;41;64452;10.0;19.700;1.340;28;55;9;0;100;101;100;118;100;119;100;51;51;0;1.990;1.990;0.000;0.000;14.700;1.000;10.4;0.0;0;32;3.000;2.926;12.6;-120;0;0;-8.4;0;0;0;0;0;99;0;0;1880;71.76;0;0;0;0;0;0;0;0;0;0;0;0;0;0;0;0;32;0;41.0;41.0;2;0;0.00;0.00;0.00;0.0;0.0
12.537;83;1579;41;64739;10.0;19.700;1.340;28;55;9;0;100;101;100;118;100;119;100;51;51;0;1.978;1.978;0.000;0.000;14.700;1.000;10.4;0.0;0;32;3.000;2.968;12.7;100;0;0;-8.4;0;0;0;0;0;99;0;0;1880;71.44;0;0;0;0;0;0;0;0;0;0;0;0;0;0;0;0;32;0;41.0;41.0;2;0;0.00;0.00;0.00;0.0;0.0
12.603;83;1582;41;64862;10.0;19.700;1.340;28;55;9;0;100;101;100;118;100;119;100;51;51;0;1.978;1.978;0.000;0.000;14.700;1.000;10.4;0.0;0;32;3.000;2.864;12.7;70;0;0;-8.4;0;0;0;0;0;99;0;0;1880;71.30;0;0;0;0;0;0;0;0;0;0;0;0;0;0;0;0;32;0;41.0;41.0;2;0;0.00;0.00;0.00;0.0;0.0
12.671;83;1582;40;63280;10.0;19.700;1.340;28;55;9;0;100;101;100;118;100;119;100;50;50;0;1.960;1.960;0.000;0.000;14.700;1.000;10.3;0.0;0;32;3.000;2.792;12.7;70;0;0;-8.6;0;0;0;0;0;99;0;0;1880;71.30;0;0;0;0;0;0;0;0;0;0;0;0;0;0;0;0;32;0;40.0;40.0;2;0;0.00;0.00;0.00;0.0;0.0
12.738;83;1585;40;63400;10.0;19.700;1.340;28;55;9;0;100;101;100;118;100;119;100;50;50;0;1.960;1.960;0.000;0.000;14.700;1.000;10.4;0.0;0;32;3.000;2.893;12.7;60;0;0;-8.6;0;0;0;0;0;99;0;0;1880;71.17;0;0;0;0;0;0;0;0;0;0;0;0;0;0;0;0;32;0;40.0;40.0;2;0;0.00;0.00;0.00;0.0;0.0
12.803;83;1584;40;63360;10.0;19.700;1.340;28;55;9;0;100;101;100;118;100;119;100;50;50;0;1.936;1.936;0.000;0.000;14.700;1.000;10.2;0.0;0;32;3.000;2.731;12.9;-10;0;0;-8.6;0;0;0;0;0;99;0;0;1880;71.21;0;0;0;0;0;0;0;0;0;0;0;0;0;0;0;0;32;0;40.0;40.0;2;0;0.00;0.00;0.00;0.0;0.0
12.803;83;1572;40;62880;10.0;19.700;1.340;28;55;9;0;100;101;100;118;100;119;100;50;50;0;1.936;1.936;0.000;0.000;14.700;1.000;10.1;0.0;0;32;3.000;2.916;12.9;-10;0;0;-8.6;0;0;0;0;0;99;0;0;1880;71.76;0;0;0;0;0;0;0;0;0;0;0;0;0;0;0;0;32;0;40.0;40.0;2;0;0.00;0.00;0.00;0.0;0.0
12.868;83;1579;41;64739;10.0;19.700;1.340;28;55;9;0;100;101;100;118;100;119;100;51;51;0;1.954;1.954;0.000;0.000;14.700;1.000;10.3;0.0;0;32;3.000;2.840;12.9;-120;0;0;-8.4;0;0;0;0;0;99;0;0;1880;71.44;0;0;0;0;0;0;0;0;0;0;0;0;0;0;0;0;32;0;41.0;41.0;2;0;0.00;0.00;0.00;0.0;0.0
12.999;84;1566;41;64206;10.0;19.700;1.340;28;55;9;0;100;101;100;118;100;119;100;51;51;0;1.978;1.978;0.000;0.000;14.700;1.000;10.3;0.0;0;32;3.000;2.808;12.7;-60;0;0;-8.4;0;0;0;0;0;99;0;0;1885;72.22;0;0;0;0;0;0;0;0;0;0;0;0;0;0;0;0;32;0;41.0;41.0;2;0;0.00;0.00;0.00;0.0;0.0
13.065;84;1561;41;64001;10.0;19.700;1.340;28;55;9;0;100;101;100;118;100;119;100;51;51;0;1.978;1.978;0.000;0.000;14.700;1.000;10.3;0.0;0;32;3.000;2.855;12.7;-60;0;0;-8.4;0;0;0;0;0;99;0;0;1885;72.45;0;0;0;0;0;0;0;0;0;0;0;0;0;0;0;0;32;0;41.0;41.0;2;0;0.00;0.00;0.00;0.0;0.0
13.065;84;1566;41;64206;10.0;19.700;1.340;28;55;9;0;100;101;100;118;100;119;100;51;51;0;1.978;1.978;0.000;0.000;14.700;1.000;10.3;0.0;0;32;3.000;3.009;12.7;-50;0;0;-8.4;0;0;0;0;0;99;0;0;1885;72.22;0;0;0;0;0;0;0;0;0;0;0;0;0;0;0;0;32;0;41.0;41.0;2;0;0.00;0.00;0.00;0.0;0.0
13.131;84;1566;41;64206;10.0;19.700;1.340;28;55;9;0;100;101;100;118;100;119;100;51;51;0;1.978;1.978;0.000;0.000;14.700;1.000;10.3;0.0;0;32;3.000;2.871;12.7;50;0;0;-8.4;0;0;0;0;0;99;0;0;1885;72.22;0;0;0;0;0;0;0;0;0;0;0;0;0;0;0;0;32;0;41.0;41.0;2;0;0.00;0.00;0.00;0.0;0.0
13.200;84;1570;41;64370;10.0;19.700;1.340;28;55;9;0;100;101;100;118;100;119;100;51;51;0;1.966;1.966;0.000;0.000;14.700;1.000;10.3;0.0;0;32;3.000;2.747;12.8;50;0;0;-8.4;0;0;0;0;0;99;0;0;1885;72.04;0;0;0;0;0;0;0;0;0;0;0;0;0;0;0;0;32;0;41.0;41.0;2;0;0.00;0.00;0.00;0.0;0.0
13.265;84;1555;41;63755;10.0;19.700;1.340;28;55;9;0;100;101;100;118;100;119;100;51;51;0;1.966;1.966;0.000;0.000;14.700;1.000;10.2;0.0;0;32;3.000;2.884;12.8;-110;0;0;-8.4;0;0;0;0;0;99;0;0;1885;72.73;0;0;0;0;0;0;0;0;0;0;0;0;0;0;0;0;32;0;41.0;41.0;2;0;0.00;0.00;0.00;0.0;0.0
13.331;84;1552;41;63632;10.0;19.700;1.340;28;55;9;0;100;101;100;118;100;119;100;51;51;0;1.966;1.966;0.000;0.000;14.700;1.000;10.2;0.0;0;32;3.000;2.847;12.8;-110;0;0;-8.4;0;0;0;0;0;99;0;0;1885;72.87;0;0;0;0;0;0;0;0;0;0;0;0;0;0;0;0;32;0;41.0;41.0;2;0;0.00;0.00;0.00;0.0;0.0
13.397;84;1533;41;62853;10.0;19.700;1.340;28;55;9;0;100;101;100;118;100;119;100;51;51;0;1.966;1.966;0.000;0.000;14.700;1.000;10.0;0.0;0;32;3.000;2.832;12.8;-30;0;0;-8.4;0;0;0;0;0;99;0;0;1885;73.78;0;0;0;0;0;0;0;0;0;0;0;0;0;0;0;0;32;0;41.0;41.0;2;0;0.00;0.00;0.00;0.0;0.0
13.532;84;1520;42;63840;10.0;19.700;1.340;28;55;9;0;100;101;100;118;100;119;100;51;51;0;1.974;1.974;0.000;0.000;14.700;1.000;10.0;0.0;0;32;3.000;2.742;12.9;-190;0;0;-8.3;0;0;0;0;0;99;0;0;1885;74.41;0;0;0;0;0;0;0;0;0;0;0;0;0;0;0;0;32;0;42.0;42.0;2;0;0.00;0.00;0.00;0.0;0.0
13.598;84;1520;42;63840;10.0;19.700;1.340;28;55;9;0;100;101;100;118;100;119;100;51;51;0;1.974;1.974;0.000;0.000;14.700;1.000;10.0;0.0;0;32;3.000;2.451;12.9;-190;0;0;-8.3;0;0;0;0;0;99;0;0;1885;74.41;0;0;0;0;0;0;0;0;0;0;0;0;0;0;0;0;32;0;42.0;42.0;2;0;0.00;0.00;0.00;0.0;0.0
13.667;84;1487;42;62454;10.0;19.700;1.340;28;55;9;0;100;101;100;118;100;119;100;51;51;0;1.974;1.974;0.000;0.000;14.700;1.000;9.8;0.0;0;31;3.000;2.795;12.9;-400;0;0;-8.3;0;0;0;0;0;99;0;0;1885;76.06;0;0;0;0;0;0;0;0;0;0;0;0;0;0;0;0;31;0;42.0;42.0;2;0;0.00;0.00;0.00;0.0;0.0
13.733;84;1483;42;62286;10.0;19.700;1.340;28;55;9;0;100;101;100;118;100;119;100;51;51;0;1.974;1.974;0.000;0.000;14.700;1.000;9.8;0.0;0;31;3.000;2.915;12.9;-100;0;0;-8.3;0;0;0;0;0;99;0;0;1885;76.26;0;0;0;0;0;0;0;0;0;0;0;0;0;0;0;0;31;0;42.0;42.0;2;0;0.00;0.00;0.00;0.0;0.0
13.798;84;1467;42;61614;10.0;19.700;1.340;28;55;9;0;100;101;100;118;100;119;100;51;51;0;1.998;1.998;0.000;0.000;14.700;1.000;9.8;0.0;0;31;3.000;2.891;12.7;-100;0;0;-8.3;0;0;0;0;0;99;0;0;1885;77.10;0;0;0;0;0;0;0;0;0;0;0;0;0;0;0;0;31;0;42.0;42.0;2;0;0.00;0.00;0.00;0.0;0.0
13.863;84;1452;43;62436;10.0;19.700;1.340;28;55;9;0;100;101;100;118;100;119;100;52;52;0;2.025;2.025;0.000;0.000;14.700;1.000;9.8;0.0;0;32;3.000;3.182;12.7;-320;0;0;-8.1;0;0;0;0;0;99;0;0;1885;77.89;0;0;0;0;0;0;0;0;0;0;0;0;0;0;0;0;32;0;43.0;43.0;2;0;0.00;0.00;0.00;0.0;0.0
13.929;84;1462;43;62866;10.0;19.700;1.340;28;55;9;0;100;101;100;118;100;119;100;52;52;0;2.025;2.025;0.000;0.000;14.700;1.000;9.9;0.0;0;31;3.000;2.864;12.7;10;0;0;-8.1;0;0;0;0;0;99;0;0;1885;77.36;0;0;0;0;0;0;0;0;0;0;0;0;0;0;0;0;31;0;43.0;43.0;2;0;0.00;0.00;0.00;0.0;0.0
13.999;84;1437;43;61791;10.0;19.600;1.333;28;55;9;0;100;101;100;118;100;119;100;51;51;0;2.007;2.007;0.000;0.000;14.700;1.000;9.6;0.0;0;32;3.000;2.919;12.7;10;0;0;-8.1;0;0;0;0;0;99;0;0;1885;78.71;0;0;0;0;0;0;0;0;0;0;0;0;0;0;0;0;32;0;43.0;43.0;2;0;0.00;0.00;0.00;0.0;0.0
14.068;85;1469;43;63167;10.0;19.700;1.340;28;55;9;0;100;101;100;118;100;119;100;52;52;0;2.013;2.013;0.000;0.000;14.700;1.000;9.9;0.0;0;31;3.000;2.963;12.8;70;0;0;-8.1;0;0;0;0;0;99;0;0;1870;76.38;0;0;0;0;0;0;0;0;0;0;0;0;0;0;0;0;31;0;43.0;43.0;2;0;0.00;0.00;0.00;0.0;0.0
14.134;85;1477;43;63511;10.0;19.700;1.340;28;55;9;0;100;101;100;118;100;119;100;52;52;0;2.013;2.013;0.000;0.000;14.700;1.000;9.9;0.0;0;31;3.000;3.001;12.8;100;0;0;-8.1;0;0;0;0;0;99;0;0;1870;75.96;0;0;0;0;0;0;0;0;0;0;0;0;0;0;0;0;31;0;43.0;43.0;2;0;0.00;0.00;0.00;0.0;0.0
14.265;85;1484;42;62328;10.0;19.700;1.340;28;55;9;0;100;101;100;118;100;119;100;51;51;0;1.986;1.986;0.000;0.000;14.700;1.000;9.8;0.0;0;31;3.000;2.978;12.8;150;0;0;-8.3;0;0;0;0;0;99;0;0;1870;75.61;0;0;0;0;0;0;0;0;0;0;0;0;0;0;0;0;31;0;42.0;42.0;2;0;0.00;0.00;0.00;0.0;0.0
14.285;85;1483;43;63769;10.0;19.700;1.340;28;56;9;0;100;101;100;118;100;119;100;52;52;0;2.001;2.001;0.000;0.000;14.700;1.000;9.9;0.0;0;32;3.000;2.936;12.9;150;0;0;-8.1;0;0;0;0;0;99;0;0;1870;75.66;0;0;0;0;0;0;0;0;0;0;0;0;0;0;0;0;32;0;43.0;43.0;2;0;0.00;0.00;0.00;0.0;0.0
14.351;85;1483;43;63769;10.0;19.700;1.340;28;56;9;0;100;101;100;118;100;119;100;52;52;0;2.001;2.001;0.000;0.000;14.700;1.000;9.9;0.0;0;32;3.000;3.004;12.9;-120;0;0;-8.1;0;0;0;0;0;99;0;0;1870;75.66;0;0;0;0;0;0;0;0;0;0;0;0;0;0;0;0;32;0;43.0;43.0;2;0;0.00;0.00;0.00;0.0;0.0
14.420;85;1488;43;63984;10.0;19.700;1.340;28;56;9;0;100;101;100;118;100;119;100;52;52;0;2.001;2.001;0.000;0.000;14.700;1.000;9.9;0.0;0;32;3.000;3.162;12.9;160;0;0;-8.1;0;0;0;0;0;99;0;0;1870;75.40;0;0;0;0;0;0;0;0;0;0;0;0;0;0;0;0;32;0;43.0;43.0;2;0;0.00;0.00;0.00;0.0;0.0
14.486;85;1471;42;61782;10.0;19.700;1.340;28;56;9;0;100;101;100;118;100;119;100;51;51;0;1.974;1.974;0.000;0.000;14.700;1.000;9.7;0.0;0;31;3.000;2.698;12.9;160;0;0;-8.3;0;0;0;0;0;99;0;0;1870;76.27;0;0;0;0;0;0;0;0;0;0;0;0;0;0;0;0;31;0;42.0;42.0;2;0;0.00;0.00;0.00;0.0;0.0
14.552;85;1469;42;61698;10.0;19.700;1.340;28;56;9;0;100;101;100;118;100;119;100;51;51;0;1.974;1.974;0.000;0.000;14.700;1.000;9.7;0.0;0;31;3.000;2.830;12.9;-200;0;0;-8.3;0;0;0;0;0;99;0;0;1870;76.38;0;0;0;0;0;0;0;0;0;0;0;0;0;0;0;0;31;0;42.0;42.0;2;0;0.00;0.00;0.00;0.0;0.0
14.617;85;1471;43;63253;10.0;19.700;1.340;28;56;9;0;100;101;100;118;100;119;100;52;52;0;2.001;2.001;0.000;0.000;14.700;1.000;9.8;0.0;0;32;3.000;2.793;12.9;-200;0;0;-8.1;0;0;0;0;0;99;0;0;1870;76.27;0;0;0;0;0;0;0;0;0;0;0;0;0;0;0;0;32;0;43.0;43.0;2;0;0.00;0.00;0.00;0.0;0.0
14.683;85;1467;43;63081;10.0;19.700;1.340;28;56;9;0;100;101;100;118;100;119;100;52;52;0;2.001;2.001;0.000;0.000;14.700;1.000;9.8;0.0;0;32;3.000;2.922;12.9;-50;0;0;-8.1;0;0;0;0;0;99;0;0;1870;76.48;0;0;0;0;0;0;0;0;0;0;0;0;0;0;0;0;32;0;43.0;43.0;2;0;0.00;0.00;0.00;0.0;0.0
14.752;85;1462;43;62866;10.0;19.700;1.340;28;56;9;0;100;101;100;118;100;119;100;52;52;0;2.001;2.001;0.000;0.000;14.700;1.000;9.8;0.0;0;31;3.000;2.917;12.9;-80;0;0;-8.1;0;0;0;0;0;99;0;0;1870;76.74;0;0;0;0;0;0;0;0;0;0;0;0;0;0;0;0;31;0;43.0;43.0;2;0;0.00;0.00;0.00;0.0;0.0
14.822;85;1455;43;62565;10.0;19.700;1.340;28;56;9;0;100;101;100;118;100;119;100;52;52;0;1.989;1.989;0.000;0.000;14.700;1.000;9.6;0.0;0;31;3.000;2.683;13.0;-80;0;0;-8.1;0;0;0;0;0;99;0;0;1870;77.11;0;0;0;0;0;0;0;0;0;0;0;0;0;0;0;0;31;0;43.0;43.0;2;0;0.00;0.00;0.00;0.0;0.0
14.888;85;1461;43;62823;10.0;19.700;1.340;28;56;9;0;100;101;100;118;100;119;100;52;52;0;1.989;1.989;0.000;0.000;14.700;1.000;9.7;0.0;0;31;3.000;2.601;13.0;0;0;0;-8.1;0;0;0;0;0;99;0;0;1870;76.80;0;0;0;0;0;0;0;0;0;0;0;0;0;0;0;0;31;0;43.0;43.0;2;0;0.00;0.00;0.00;0.0;0.0
14.953;85;1469;43;63167;10.0;19.700;1.340;28;56;9;0;100;101;100;118;100;119;100;52;52;0;1.989;1.989;0.000;0.000;14.700;1.000;9.7;0.0;0;31;3.000;2.848;13.0;140;0;0;-8.1;0;0;0;0;0;99;0;0;1870;76.38;0;0;0;0;0;0;0;0;0;0;0;0;0;0;0;0;31;0;43.0;43.0;2;0;0.00;0.00;0.00;0.0;0.0
15.022;85;1450;43;62350;10.0;19.700;1.340;28;56;9;0;100;101;100;118;100;119;100;52;52;0;1.989;1.989;0.000;0.000;14.700;1.000;9.6;0.0;0;31;3.000;2.698;13.0;140;0;0;-8.1;0;0;0;0;0;99;0;0;1870;77.38;0;0;0;0;0;0;0;0;0;0;0;0;0;0;0;0;31;0;43.0;43.0;2;0;0.00;0.00;0.00;0.0;0.0
15.089;86;1443;43;62049;10.0;19.700;1.340;28;56;9;0;100;101;100;118;100;119;100;51;51;0;2.007;2.007;0.000;0.000;14.700;1.000;9.7;0.0;0;31;3.000;3.011;12.7;-190;0;0;-8.1;0;0;0;0;0;99;0;0;1859;77.30;0;0;0;0;0;0;0;0;0;0;0;0;0;0;0;0;31;0;43.0;43.0;2;0;0.00;0.00;0.00;0.0;0.0
15.089;86;1422;44;62568;10.0;19.700;1.340;28;56;9;0;100;101;100;118;100;119;100;52;52;0;2.036;2.036;0.000;0.000;14.700;1.000;9.7;0.0;0;31;3.000;2.780;12.7;-150;0;0;-8.0;0;0;0;0;0;99;0;0;1859;78.44;0;0;0;0;0;0;0;0;0;0;0;0;0;0;0;0;31;0;44.0;44.0;2;0;0.00;0.00;0.00;0.0;0.0
15.219;86;1407;44;61908;10.0;19.700;1.340;28;56;9;0;100;101;100;118;100;119;100;52;52;0;2.036;2.036;0.000;0.000;14.700;1.000;9.5;0.0;0;31;3.000;2.791;12.7;-150;0;0;-8.0;0;0;0;0;0;99;0;0;1859;79.28;0;0;0;0;0;0;0;0;0;0;0;0;0;0;0;0;31;0;44.0;44.0;2;0;0.00;0.00;0.00;0.0;0.0
15.289;86;1432;44;63008;10.0;19.600;1.333;28;56;9;0;100;101;100;118;100;119;100;52;52;0;2.132;2.132;0.000;0.000;14.700;1.000;10.2;0.0;0;31;3.030;3.001;12.0;-280;0;0;-8.0;0;0;0;0;0;99;0;0;1859;77.89;0;0;0;0;0;0;0;0;0;0;0;0;0;0;0;0;31;0;44.0;44.0;2;0;0.00;0.00;0.00;0.0;0.0
15.355;86;1435;44;63140;10.0;19.700;1.340;28;56;9;0;100;101;100;118;100;119;100;52;52;0;2.132;2.132;0.000;0.000;14.700;1.000;10.2;0.0;0;31;3.030;2.837;12.0;320;0;0;-8.0;0;0;0;0;0;99;0;0;1859;77.73;0;0;0;0;0;0;0;0;0;0;0;0;0;0;0;0;31;0;44.0;44.0;2;0;0.00;0.00;0.00;0.0;0.0
15.420;86;1446;44;63624;10.0;19.700;1.340;28;56;9;0;100;101;100;118;100;119;100;52;52;0;2.132;2.132;0.000;0.000;14.700;1.000;10.3;0.0;0;31;3.030;2.997;12.0;320;0;0;-8.0;0;0;0;0;0;99;0;0;1859;77.14;0;0;0;0;0;0;0;0;0;0;0;0;0;0;0;0;31;0;44.0;44.0;2;0;0.00;0.00;0.00;0.0;0.0
15.420;86;1483;44;65252;10.0;19.700;1.340;28;56;9;0;100;101;100;118;100;119;100;52;52;0;2.132;2.132;0.000;0.000;14.700;1.000;10.5;0.0;0;31;3.030;3.044;12.0;120;0;0;-8.0;0;0;0;0;0;99;0;0;1859;75.21;0;0;0;0;0;0;0;0;0;0;0;0;0;0;0;0;31;0;44.0;44.0;2;0;0.00;0.00;0.00;0.0;0.0
15.558;86;1507;42;63294;10.0;19.700;1.340;28;56;9;0;100;101;100;118;100;119;100;51;51;0;2.034;2.034;0.000;0.000;14.700;1.000;10.2;0.0;0;32;3.000;3.158;12.4;570;0;0;-8.3;0;0;0;0;0;99;0;0;1859;74.01;0;0;0;0;0;0;0;0;0;0;0;0;0;0;0;0;32;0;42.0;42.0;2;0;0.00;0.00;0.00;0.0;0.0
15.626;86;1510;42;63420;10.0;19.700;1.340;28;56;9;0;100;101;100;118;100;119;100;51;51;0;2.034;2.034;0.000;0.000;14.700;1.000;10.2;0.0;0;32;3.000;3.277;12.4;570;0;0;-8.3;0;0;0;0;0;99;0;0;1859;73.87;0;0;0;0;0;0;0;0;0;0;0;0;0;0;0;0;32;0;42.0;42.0;2;0;0.00;0.00;0.00;0.0;0.0
15.691;86;1557;41;63837;10.0;19.700;1.340;28;56;9;0;100;101;100;118;100;119;100;51;51;0;2.014;2.014;0.000;0.000;14.700;1.000;10.5;0.0;0;32;3.000;3.131;12.4;20;0;0;-8.4;0;0;0;0;0;99;0;0;1859;71.64;0;0;0;0;0;0;0;0;0;0;0;0;0;0;0;0;32;0;41.0;41.0;2;0;0.00;0.00;0.00;0.0;0.0
15.691;86;1585;40;63400;10.0;19.700;1.340;28;56;9;0;100;101;100;118;100;119;100;50;50;0;1.996;1.996;0.000;0.000;14.700;1.000;10.5;0.0;0;32;3.000;3.092;12.4;750;0;0;-8.6;0;0;0;0;0;99;0;0;1859;70.37;0;0;0;0;0;0;0;0;0;0;0;0;0;0;0;0;32;0;40.0;40.0;2;0;0.00;0.00;0.00;0.0;0.0
15.829;86;1601;41;65641;10.0;19.700;1.340;28;56;9;0;100;101;100;118;100;119;100;51;51;0;1.978;1.978;0.000;0.000;14.700;1.000;10.6;0.0;0;32;3.000;3.073;12.7;750;0;0;-8.4;0;0;0;0;0;99;0;0;1859;69.67;0;0;0;0;0;0;0;0;0;0;0;0;0;0;0;0;32;0;41.0;41.0;2;0;0.00;0.00;0.00;0.0;0.0
15.891;86;1620;40;64800;10.0;19.700;1.340;28;56;9;0;100;101;100;118;100;119;100;51;51;0;1.967;1.967;0.000;0.000;14.700;1.000;10.6;0.0;0;32;3.000;2.895;12.7;160;0;0;-8.6;0;0;0;0;0;99;0;0;1859;68.85;0;0;0;0;0;0;0;0;0;0;0;0;0;0;0;0;32;0;40.0;40.0;2;0;0.00;0.00;0.00;0.0;0.0
15.891;86;1617;40;64680;10.0;18.400;1.252;28;56;9;0;100;101;100;118;100;119;100;51;51;0;1.967;1.967;0.000;0.000;14.700;1.000;10.6;0.0;0;32;3.000;2.850;12.7;190;0;0;-8.6;0;0;0;0;0;99;0;0;1859;68.98;0;0;0;0;0;0;0;0;0;0;0;0;0;0;0;0;32;0;40.0;40.0;2;0;0.00;0.00;0.00;0.0;0.0
16.022;86;1607;40;64280;10.0;17.900;1.218;28;56;9;0;100;101;100;118;100;119;100;51;51;0;1.967;1.967;0.000;0.000;14.700;1.000;10.5;0.0;0;32;3.000;2.804;12.7;190;0;0;-8.6;0;0;0;0;0;99;0;0;1859;69.41;0;0;0;0;0;0;0;0;0;0;0;0;0;0;0;0;32;0;40.0;40.0;2;0;0.00;0.00;0.00;0.0;0.0
16.022;87;1607;40;64280;10.0;18.500;1.259;28;56;9;0;100;101;100;118;100;119;100;51;51;0;1.943;1.943;0.000;0.000;14.700;1.000;10.4;0.0;0;32;3.000;2.846;12.9;-130;0;0;-8.6;0;0;0;0;0;99;0;0;1833;68.44;0;0;0;0;0;0;0;0;0;0;0;0;0;0;0;0;32;0;40.0;40.0;2;0;0.00;0.00;0.00;0.0;0.0
16.155;87;1605;40;64200;10.0;19.100;1.299;28;56;9;0;100;101;100;118;100;119;100;51;51;0;1.943;1.943;0.000;0.000;14.700;1.000;10.4;0.0;0;32;3.000;2.762;12.9;-20;0;0;-8.6;0;0;0;0;0;99;0;0;1833;68.52;0;0;0;0;0;0;0;0;0;0;0;0;0;0;0;0;32;0;40.0;40.0;2;0;0.00;0.00;0.00;0.0;0.0
16.226;87;1593;40;63720;10.0;18.700;1.272;28;56;9;0;100;101;100;118;100;119;100;50;50;0;1.936;1.936;0.000;0.000;14.700;1.000;10.3;0.0;0;32;3.000;2.842;12.9;-20;0;0;-8.6;0;0;0;0;0;99;0;0;1833;69.04;0;0;0;0;0;0;0;0;0;0;0;0;0;0;0;0;32;0;40.0;40.0;2;0;0.00;0.00;0.00;0.0;0.0
16.289;87;1583;40;63320;10.0;19.400;1.320;28;56;9;0;100;101;100;118;100;119;100;50;50;0;1.936;1.936;0.000;0.000;14.700;1.000;10.2;0.0;0;32;3.000;2.977;12.9;-220;0;0;-8.6;0;0;0;0;0;99;0;0;1833;69.48;0;0;0;0;0;0;0;0;0;0;0;0;0;0;0;0;32;0;40.0;40.0;2;0;0.00;0.00;0.00;0.0;0.0
16.358;87;1595;40;63800;10.0;19.700;1.340;28;56;9;0;100;101;100;118;100;119;100;50;50;0;1.960;1.960;0.000;0.000;14.700;1.000;10.4;0.0;0;32;3.000;2.860;12.7;120;0;0;-8.6;0;0;0;0;0;99;0;0;1833;68.95;0;0;0;0;0;0;0;0;0;0;0;0;0;0;0;0;32;0;40.0;40.0;2;0;0.00;0.00;0.00;0.0;0.0
16.424;87;1578;41;64698;10.0;19.700;1.340;28;56;9;0;100;101;100;118;100;119;100;51;51;0;1.978;1.978;0.000;0.000;14.700;1.000;10.4;0.0;0;32;3.000;2.807;12.7;120;0;0;-8.4;0;0;0;0;0;99;0;0;1833;69.70;0;0;0;0;0;0;0;0;0;0;0;0;0;0;0;0;32;0;41.0;41.0;2;0;0.00;0.00;0.00;0.0;0.0
16.490;87;1578;41;64698;10.0;19.700;1.340;28;56;9;0;100;101;100;118;100;119;100;51;51;0;1.978;1.978;0.000;0.000;14.700;1.000;10.4;0.0;0;32;3.000;2.942;12.7;-170;0;0;-8.4;0;0;0;0;0;99;0;0;1833;69.70;0;0;0;0;0;0;0;0;0;0;0;0;0;0;0;0;32;0;41.0;41.0;2;0;0.00;0.00;0.00;0.0;0.0
16.555;87;1594;40;63760;10.0;19.700;1.340;28;56;9;0;100;101;100;118;100;119;100;50;50;0;1.948;1.948;0.000;0.000;14.700;1.000;10.4;0.0;0;32;3.000;3.090;12.8;160;0;0;-8.6;0;0;0;0;0;99;0;0;1833;69.00;0;0;0;0;0;0;0;0;0;0;0;0;0;0;0;0;32;0;40.0;40.0;2;0;0.00;0.00;0.00;0.0;0.0
16.620;87;1594;40;63760;10.0;19.700;1.340;28;56;9;0;100;101;100;118;100;119;100;50;50;0;1.948;1.948;0.000;0.000;14.700;1.000;10.4;0.0;0;32;3.000;2.829;12.8;160;0;0;-8.6;0;0;0;0;0;99;0;0;1833;69.00;0;0;0;0;0;0;0;0;0;0;0;0;0;0;0;0;32;0;40.0;40.0;2;0;0.00;0.00;0.00;0.0;0.0
16.686;87;1590;40;63600;10.0;19.700;1.340;28;56;9;0;100;101;100;118;100;119;100;50;50;0;1.948;1.948;0.000;0.000;14.700;1.000;10.3;0.0;0;32;3.000;2.830;12.8;-40;0;0;-8.6;0;0;0;0;0;99;0;0;1833;69.17;0;0;0;0;0;0;0;0;0;0;0;0;0;0;0;0;32;0;40.0;40.0;2;0;0.00;0.00;0.00;0.0;0.0
16.686;87;1578;40;63120;10.0;19.700;1.340;28;56;9;0;100;101;100;118;100;119;100;50;50;0;1.948;1.948;0.000;0.000;14.700;1.000;10.2;0.0;0;32;3.000;2.836;12.8;-120;0;0;-8.6;0;0;0;0;0;99;0;0;1833;69.70;0;0;0;0;0;0;0;0;0;0;0;0;0;0;0;0;32;0;40.0;40.0;2;0;0.00;0.00;0.00;0.0;0.0
16.829;87;1582;40;63280;10.0;19.700;1.340;28;56;9;0;100;101;100;118;100;119;100;50;50;0;1.936;1.936;0.000;0.000;14.700;1.000;10.2;0.0;0;32;3.000;2.824;12.9;-120;0;0;-8.6;0;0;0;0;0;99;0;0;1833;69.52;0;0;0;0;0;0;0;0;0;0;0;0;0;0;0;0;32;0;40.0;40.0;2;0;0.00;0.00;0.00;0.0;0.0
16.890;87;1577;40;63080;10.0;19.700;1.340;28;56;9;0;100;101;100;118;100;119;100;50;50;0;1.936;1.936;0.000;0.000;14.700;1.000;10.2;0.0;0;32;3.000;2.704;12.9;-10;0;0;-8.6;0;0;0;0;0;99;0;0;1833;69.74;0;0;0;0;0;0;0;0;0;0;0;0;0;0;0;0;32;0;40.0;40.0;2;0;0.00;0.00;0.00;0.0;0.0
16.957;87;1556;41;63796;10.0;19.700;1.340;28;56;9;0;100;101;100;118;100;119;100;51;51;0;1.954;1.954;0.000;0.000;14.700;1.000;10.1;0.0;0;32;3.000;2.913;12.9;-210;0;0;-8.4;0;0;0;0;0;99;0;0;1833;70.68;0;0;0;0;0;0;0;0;0;0;0;0;0;0;0;0;32;0;41.0;41.0;2;0;0.00;0.00;0.00;0.0;0.0
17.026;87;1557;41;63837;10.0;19.700;1.340;28;56;9;0;100;101;100;118;100;119;100;51;51;0;1.954;1.954;0.000;0.000;14.700;1.000;10.1;0.0;0;32;3.000;2.863;12.9;-210;0;0;-8.4;0;0;0;0;0;99;0;0;1833;70.64;0;0;0;0;0;0;0;0;0;0;0;0;0;0;0;0;32;0;41.0;41.0;2;0;0.00;0.00;0.00;0.0;0.0
17.092;88;1544;41;63304;10.0;19.700;1.340;28;56;9;0;100;101;100;118;100;119;100;51;51;0;1.978;1.978;0.000;0.000;14.700;1.000;10.2;0.0;0;32;3.000;2.676;12.7;10;0;0;-8.4;0;0;0;0;0;99;0;0;1884;73.21;0;0;0;0;0;0;0;0;0;0;0;0;0;0;0;0;32;0;41.0;41.0;2;0;0.00;0.00;0.00;0.0;0.0
17.157;88;1544;41;63304;10.0;19.700;1.340;28;56;9;0;100;101;100;118;100;119;100;51;51;0;1.978;1.978;0.000;0.000;14.700;1.000;10.2;0.0;0;32;3.000;2.769;12.7;10;0;0;-8.4;0;0;0;0;0;99;0;0;1884;73.21;0;0;0;0;0;0;0;0;0;0;0;0;0;0;0;0;32;0;41.0;41.0;2;0;0.00;0.00;0.00;0.0;0.0
17.222;88;1532;41;62812;10.0;19.700;1.340;28;56;9;0;100;101;100;118;100;119;100;51;51;0;1.978;1.978;0.000;0.000;14.700;1.000;10.1;0.0;0;32;3.000;2.860;12.7;-250;0;0;-8.4;0;0;0;0;0;99;0;0;1884;73.79;0;0;0;0;0;0;0;0;0;0;0;0;0;0;0;0;32;0;41.0;41.0;2;0;0.00;0.00;0.00;0.0;0.0
17.291;88;1530;41;62730;10.0;19.700;1.340;28;56;9;0;100;101;100;118;100;119;100;51;51;0;1.978;1.978;0.000;0.000;14.700;1.000;10.1;0.0;0;32;3.000;2.884;12.7;-20;0;0;-8.4;0;0;0;0;0;99;0;0;1884;73.88;0;0;0;0;0;0;0;0;0;0;0;0;0;0;0;0;32;0;41.0;41.0;2;0;0.00;0.00;0.00;0.0;0.0
17.358;88;1519;42;63798;10.0;19.700;1.340;28;56;9;0;100;101;100;118;100;119;100;51;51;0;2.010;2.010;0.000;0.000;14.700;1.000;10.2;0.0;0;32;3.000;2.699;12.6;-20;0;0;-8.3;0;0;0;0;0;99;0;0;1884;74.42;0;0;0;0;0;0;0;0;0;0;0;0;0;0;0;0;32;0;42.0;42.0;2;0;0.00;0.00;0.00;0.0;0.0
17.423;88;1498;42;62916;10.0;19.700;1.340;28;56;9;0;100;101;100;118;100;119;100;51;51;0;2.010;2.010;0.000;0.000;14.700;1.000;10.0;0.0;0;31;3.000;2.853;12.6;-110;0;0;-8.3;0;0;0;0;0;99;0;0;1884;75.46;0;0;0;0;0;0;0;0;0;0;0;0;0;0;0;0;31;0;42.0;42.0;2;0;0.00;0.00;0.00;0.0;0.0
17.489;88;1501;42;63042;10.0;19.700;1.340;28;56;9;0;100;101;100;118;100;119;100;51;51;0;2.010;2.010;0.000;0.000;14.700;1.000;10.1;0.0;0;32;3.000;3.039;12.6;-360;0;0;-8.3;0;0;0;0;0;99;0;0;1884;75.31;0;0;0;0;0;0;0;0;0;0;0;0;0;0;0;0;32;0;42.0;42.0;2;0;0.00;0.00;0.00;0.0;0.0
17.555;88;1488;42;62496;10.0;19.700;1.340;28;56;9;0;100;101;100;118;100;119;100;51;51;0;2.010;2.010;0.000;0.000;14.700;1.000;10.0;0.0;0;31;3.000;2.840;12.6;-360;0;0;-8.3;0;0;0;0;0;99;0;0;1884;75.97;0;0;0;0;0;0;0;0;0;0;0;0;0;0;0;0;31;0;42.0;42.0;2;0;0.00;0.00;0.00;0.0;0.0
17.623;88;1511;42;63462;10.0;19.700;1.340;28;56;9;0;100;101;100;118;100;119;100;51;51;0;1.986;1.986;0.000;0.000;14.700;1.000;10.0;0.0;0;32;3.000;2.941;12.8;210;0;0;-8.3;0;0;0;0;0;99;0;0;1884;74.81;0;0;0;0;0;0;0;0;0;0;0;0;0;0;0;0;32;0;42.0;42.0;2;0;0.00;0.00;0.00;0.0;0.0
17.689;88;1515;42;63630;10.0;19.700;1.340;28;56;9;0;100;101;100;118;100;119;100;51;51;0;1.986;1.986;0.000;0.000;14.700;1.000;10.0;0.0;0;32;3.000;2.844;12.8;110;0;0;-8.3;0;0;0;0;0;99;0;0;1884;74.61;0;0;0;0;0;0;0;0;0;0;0;0;0;0;0;0;32;0;42.0;42.0;2;0;0.00;0.00;0.00;0.0;0.0
17.689;88;1506;42;63252;10.0;19.700;1.340;28;56;9;0;100;101;100;118;100;119;100;51;51;0;1.986;1.986;0.000;0.000;14.700;1.000;10.0;0.0;0;32;3.000;2.953;12.8;110;0;0;-8.3;0;0;0;0;0;99;0;0;1884;75.06;0;0;0;0;0;0;0;0;0;0;0;0;0;0;0;0;32;0;42.0;42.0;2;0;0.00;0.00;0.00;0.0;0.0
17.754;88;1514;42;63588;10.0;19.700;1.340;28;56;9;0;100;101;100;118;100;119;100;51;51;0;1.986;1.986;0.000;0.000;14.700;1.000;10.0;0.0;0;32;3.000;2.961;12.8;-90;0;0;-8.3;0;0;0;0;0;99;0;0;1884;74.66;0;0;0;0;0;0;0;0;0;0;0;0;0;0;0;0;32;0;42.0;42.0;2;0;0.00;0.00;0.00;0.0;0.0
17.820;88;1518;42;63756;10.0;19.700;1.340;28;56;9;0;100;101;100;118;100;119;100;51;51;0;1.986;1.986;0.000;0.000;14.700;1.000;10.0;0.0;0;32;3.000;2.937;12.8;80;0;0;-8.3;0;0;0;0;0;99;0;0;1884;74.47;0;0;0;0;0;0;0;0;0;0;0;0;0;0;0;0;32;0;42.0;42.0;2;0;0.00;0.00;0.00;0.0;0.0
17.955;88;1518;42;63756;10.0;19.700;1.340;28;56;9;0;100;101;100;118;100;119;100;51;51;0;1.986;1.986;0.000;0.000;14.700;1.000;10.0;0.0;0;32;3.000;2.699;12.8;80;0;0;-8.3;0;0;0;0;0;99;0;0;1884;74.47;0;0;0;0;0;0;0;0;0;0;0;0;0;0;0;0;32;0;42.0;42.0;2;0;0.00;0.00;0.00;0.0;0.0
18.021;88;1510;42;63420;10.0;19.700;1.340;28;56;9;0;100;101;100;118;100;119;100;51;51;0;1.986;1.986;0.000;0.000;14.700;1.000;10.0;0.0;0;32;3.000;2.849;12.8;-40;0;0;-8.3;0;0;0;0;0;99;0;0;1884;74.86;0;0;0;0;0;0;0;0;0;0;0;0;0;0;0;0;32;0;42.0;42.0;2;0;0.00;0.00;0.00;0.0;0.0
18.086;89;1508;42;63336;10.0;19.700;1.340;28;56;9;0;100;101;100;118;100;119;100;51;51;0;1.986;1.986;0.000;0.000;14.700;1.000;10.0;0.0;0;32;3.000;2.831;12.8;-20;0;0;-8.3;0;0;0;0;0;99;0;0;1826;72.65;0;0;0;0;0;0;0;0;0;0;0;0;0;0;0;0;32;0;42.0;42.0;2;0;0.00;0.00;0.00;0.0;0.0
18.153;89;1493;42;62706;10.0;19.700;1.340;28;56;9;0;100;101;100;118;100;119;100;51;51;0;1.986;1.986;0.000;0.000;14.700;1.000;9.9;0.0;0;31;3.000;2.825;12.8;-20;0;0;-8.3;0;0;0;0;0;99;0;0;1826;73.38;0;0;0;0;0;0;0;0;0;0;0;0;0;0;0;0;31;0;42.0;42.0;2;0;0.00;0.00;0.00;0.0;0.0
18.221;89;1464;43;62952;10.0;19.700;1.340;28;56;9;0;100;101;100;118;100;119;100;52;52;0;2.013;2.013;0.000;0.000;14.700;1.000;9.8;0.0;0;32;3.000;2.929;12.8;-350;0;0;-8.1;0;0;0;0;0;99;0;0;1826;74.84;0;0;0;0;0;0;0;0;0;0;0;0;0;0;0;0;32;0;43.0;43.0;2;0;0.00;0.00;0.00;0.0;0.0
18.287;89;1494;42;62748;10.0;19.700;1.340;28;56;9;0;100;101;100;118;100;119;100;51;51;0;1.986;1.986;0.000;0.000;14.700;1.000;9.9;0.0;0;31;3.000;3.090;12.8;210;0;0;-8.3;0;0;0;0;0;99;0;0;1826;73.33;0;0;0;0;0;0;0;0;0;0;0;0;0;0;0;0;31;0;42.0;42.0;2;0;0.00;0.00;0.00;0.0;0.0
18.352;89;1486;43;63898;10.0;19.700;1.340;28;57;9;0;100;101;100;117;100;118;100;52;52;0;1.997;1.997;0.000;0.000;14.700;1.000;9.9;0.0;0;31;3.000;2.792;12.9;210;0;0;-8.1;0;0;0;0;0;99;0;0;1826;73.73;0;0;0;0;0;0;0;0;0;0;0;0;0;0;0;0;31;0;43.0;43.0;2;0;0.00;0.00;0.00;0.0;0.0
18.418;89;1496;42;62832;10.0;19.700;1.340;28;57;9;0;100;101;100;117;100;118;100;51;51;0;1.970;1.970;0.000;0.000;14.700;1.000;9.8;0.0;0;31;3.000;2.797;12.9;70;0;0;-8.3;0;0;0;0;0;99;0;0;1826;73.24;0;0;0;0;0;0;0;0;0;0;0;0;0;0;0;0;31;0;42.0;42.0;2;0;0.00;0.00;0.00;0.0;0.0
18.487;89;1503;42;63126;10.0;19.700;1.340;28;57;9;0;100;101;100;117;100;118;100;51;51;0;1.970;1.970;0.000;0.000;14.700;1.000;9.9;0.0;0;32;3.000;2.782;12.9;20;0;0;-8.3;0;0;0;0;0;99;0;0;1826;72.89;0;0;0;0;0;0;0;0;0;0;0;0;0;0;0;0;32;0;42.0;42.0;2;0;0.00;0.00;0.00;0.0;0.0
18.487;89;1484;42;62328;10.0;19.700;1.340;28;57;9;0;100;101;100;117;100;118;100;51;51;0;1.970;1.970;0.000;0.000;14.700;1.000;9.7;0.0;0;31;3.000;2.826;12.9;20;0;0;-8.3;0;0;0;0;0;99;0;0;1826;73.83;0;0;0;0;0;0;0;0;0;0;0;0;0;0;0;0;31;0;42.0;42.0;2;0;0.00;0.00;0.00;0.0;0.0
18.618;89;1484;43;63812;10.0;19.700;1.340;28;57;9;0;100;101;100;117;100;118;100;52;52;0;1.997;1.997;0.000;0.000;14.700;1.000;9.9;0.0;0;32;3.000;2.981;12.9;-310;0;0;-8.1;0;0;0;0;0;99;0;0;1826;73.83;0;0;0;0;0;0;0;0;0;0;0;0;0;0;0;0;32;0;43.0;43.0;2;0;0.00;0.00;0.00;0.0;0.0
18.618;89;1484;42;62328;10.0;19.700;1.340;28;57;9;0;100;101;100;117;100;118;100;51;51;0;1.970;1.970;0.000;0.000;14.700;1.000;9.7;0.0;0;31;3.000;3.038;12.9;120;0;0;-8.3;0;0;0;0;0;99;0;0;1826;73.83;0;0;0;0;0;0;0;0;0;0;0;0;0;0;0;0;31;0;42.0;42.0;2;0;0.00;0.00;0.00;0.0;0.0
18.754;89;1453;43;62479;10.0;19.700;1.340;28;57;9;0;100;101;100;117;100;118;100;52;52;0;1.997;1.997;0.000;0.000;14.700;1.000;9.7;0.0;0;32;3.000;2.808;12.9;120;0;0;-8.1;0;0;0;0;0;99;0;0;1826;75.40;0;0;0;0;0;0;0;0;0;0;0;0;0;0;0;0;32;0;43.0;43.0;2;0;0.00;0.00;0.00;0.0;0.0
18.819;89;1461;43;62823;10.0;19.700;1.340;28;57;9;0;100;101;100;117;100;118;100;52;52;0;1.997;1.997;0.000;0.000;14.700;1.000;9.7;0.0;0;31;3.000;2.795;12.9;-280;0;0;-8.1;0;0;0;0;0;99;0;0;1826;74.99;0;0;0;0;0;0;0;0;0;0;0;0;0;0;0;0;31;0;43.0;43.0;2;0;0.00;0.00;0.00;0.0;0.0
18.819;89;1450;43;62350;10.0;19.700;1.340;28;57;9;0;100;101;100;117;100;118;100;52;52;0;2.009;2.009;0.000;0.000;14.700;1.000;9.7;0.0;0;31;3.000;2.852;12.8;-280;0;0;-8.1;0;0;0;0;0;99;0;0;1826;75.56;0;0;0;0;0;0;0;0;0;0;0;0;0;0;0;0;31;0;43.0;43.0;2;0;0.00;0.00;0.00;0.0;0.0
18.954;89;1463;43;62909;10.0;19.700;1.340;28;57;9;0;100;101;100;117;100;118;100;52;52;0;2.009;2.009;0.000;0.000;14.700;1.000;9.8;0.0;0;32;3.000;2.965;12.8;-60;0;0;-8.1;0;0;0;0;0;99;0;0;1826;74.89;0;0;0;0;0;0;0;0;0;0;0;0;0;0;0;0;32;0;43.0;43.0;2;0;0.00;0.00;0.00;0.0;0.0
19.020;89;1478;43;63554;10.0;19.700;1.340;28;57;9;0;100;101;100;117;100;118;100;52;52;0;2.009;2.009;0.000;0.000;14.700;1.000;9.9;0.0;0;31;3.000;3.012;12.8;130;0;0;-8.1;0;0;0;0;0;99;0;0;1826;74.13;0;0;0;0;0;0;0;0;0;0;0;0;0;0;0;0;31;0;43.0;43.0;2;0;0.00;0.00;0.00;0.0;0.0
19.085;89;1448;43;62264;10.0;19.700;1.340;28;57;9;0;100;101;100;117;100;118;100;51;51;0;1.992;1.992;0.000;0.000;14.700;1.000;9.6;0.0;0;32;3.000;2.796;12.8;130;0;0;-8.1;0;0;0;0;0;99;0;0;1826;75.66;0;0;0;0;0;0;0;0;0;0;0;0;0;0;0;0;32;0;43.0;43.0;2;0;0.00;0.00;0.00;0.0;0.0
19.152;90;1455;43;62565;10.0;19.700;1.340;28;57;9;0;100;101;100;117;100;118;100;52;52;0;1.997;1.997;0.000;0.000;14.700;1.000;9.7;0.0;0;31;3.000;2.879;12.9;-90;0;0;-8.1;0;0;0;0;0;99;0;0;1826;75.30;0;0;0;0;0;0;0;0;0;0;0;0;0;0;0;0;31;0;43.0;43.0;2;0;0.00;0.00;0.00;0.0;0.0
19.221;90;1455;43;62565;10.0;19.700;1.340;28;57;9;0;100;101;100;117;100;118;100;52;52;0;1.997;1.997;0.000;0.000;14.700;1.000;9.7;0.0;0;31;3.000;2.814;12.9;80;0;0;-8.1;0;0;0;0;0;99;0;0;1826;75.30;0;0;0;0;0;0;0;0;0;0;0;0;0;0;0;0;31;0;43.0;43.0;2;0;0.00;0.00;0.00;0.0;0.0
19.286;90;1437;44;63228;10.0;19.700;1.340;28;57;9;0;100;101;100;117;100;118;100;52;52;0;2.008;2.008;0.000;0.000;14.700;1.000;9.6;0.0;0;31;3.000;2.911;12.9;80;0;0;-8.0;0;0;0;0;0;99;0;0;1826;76.24;0;0;0;0;0;0;0;0;0;0;0;0;0;0;0;0;31;0;44.0;44.0;2;0;0.00;0.00;0.00;0.0;0.0
19.286;90;1457;43;62651;10.0;19.700;1.340;28;57;9;0;100;101;100;117;100;118;100;52;52;0;1.997;1.997;0.000;0.000;14.700;1.000;9.7;0.0;0;32;3.000;3.061;12.9;-250;0;0;-8.1;0;0;0;0;0;99;0;0;1826;75.20;0;0;0;0;0;0;0;0;0;0;0;0;0;0;0;0;32;0;43.0;43.0;2;0;0.00;0.00;0.00;0.0;0.0
19.421;90;1433;43;61619;10.0;19.700;1.340;28;57;9;0;100;101;100;117;100;118;100;52;52;0;1.997;1.997;0.000;0.000;14.700;1.000;9.5;0.0;0;32;3.000;2.781;12.9;150;0;0;-8.1;0;0;0;0;0;99;0;0;1826;76.45;0;0;0;0;0;0;0;0;0;0;0;0;0;0;0;0;32;0;43.0;43.0;2;0;0.00;0.00;0.00;0.0;0.0
19.487;90;1439;43;61877;10.0;19.700;1.340;28;57;9;0;100;101;100;117;100;118;100;51;51;0;1.980;1.980;0.000;0.000;14.700;1.000;9.5;0.0;0;31;3.000;2.978;12.9;150;0;0;-8.1;0;0;0;0;0;99;0;0;1826;76.14;0;0;0;0;0;0;0;0;0;0;0;0;0;0;0;0;31;0;43.0;43.0;2;0;0.00;0.00;0.00;0.0;0.0
19.552;90;1439;43;61877;10.0;19.700;1.340;28;57;9;0;100;101;100;117;100;118;100;51;51;0;1.980;1.980;0.000;0.000;14.700;1.000;9.5;0.0;0;31;3.000;2.901;12.9;-130;0;0;-8.1;0;0;0;0;0;99;0;0;1826;76.14;0;0;0;0;0;0;0;0;0;0;0;0;0;0;0;0;31;0;43.0;43.0;2;0;0.00;0.00;0.00;0.0;0.0
19.618;90;1448;43;62264;10.0;19.700;1.340;28;57;9;0;100;101;100;117;100;118;100;51;51;0;1.980;1.980;0.000;0.000;14.700;1.000;9.6;0.0;0;32;3.000;2.997;12.9;80;0;0;-8.1;0;0;0;0;0;99;0;0;1826;75.66;0;0;0;0;0;0;0;0;0;0;0;0;0;0;0;0;32;0;43.0;43.0;2;0;0.00;0.00;0.00;0.0;0.0
19.689;90;1438;43;61834;10.0;19.700;1.340;28;57;9;0;100;101;100;117;100;118;100;52;52;0;1.997;1.997;0.000;0.000;14.700;1.000;9.6;0.0;0;31;3.000;3.000;12.9;80;0;0;-8.1;0;0;0;0;0;99;0;0;1826;76.19;0;0;0;0;0;0;0;0;0;0;0;0;0;0;0;0;31;0;43.0;43.0;2;0;0.00;0.00;0.00;0.0;0.0
19.753;90;1426;44;62744;10.0;19.700;1.340;28;57;9;0;100;101;100;117;100;118;100;52;52;0;2.008;2.008;0.000;0.000;14.700;1.000;9.5;0.0;0;31;3.000;2.800;12.9;-130;0;0;-8.0;0;0;0;0;0;99;0;0;1826;76.83;0;0;0;0;0;0;0;0;0;0;0;0;0;0;0;0;31;0;44.0;44.0;2;0;0.00;0.00;0.00;0.0;0.0
19.820;90;1411;44;62084;10.0;19.700;1.340;28;57;9;0;100;101;100;117;100;118;100;52;52;0;2.008;2.008;0.000;0.000;14.700;1.000;9.4;0.0;0;31;3.000;2.735;12.9;-100;0;0;-8.0;0;0;0;0;0;99;0;0;1826;77.65;0;0;0;0;0;0;0;0;0;0;0;0;0;0;0;0;31;0;44.0;44.0;2;0;0.00;0.00;0.00;0.0;0.0
19.889;90;1415;44;62260;10.0;19.700;1.340;28;57;9;0;100;101;100;117;100;118;100;52;52;0;2.008;2.008;0.000;0.000;14.700;1.000;9.5;0.0;0;31;3.000;2.855;12.9;-100;0;0;-8.0;0;0;0;0;0;99;0;0;1826;77.43;0;0;0;0;0;0;0;0;0;0;0;0;0;0;0;0;31;0;44.0;44.0;2;0;0.00;0.00;0.00;0.0;0.0
19.954;90;1381;45;62145;10.0;19.700;1.340;28;57;9;0;100;101;100;117;100;118;100;52;52;0;2.028;2.028;0.000;0.000;14.700;1.000;9.3;0.0;0;31;3.000;2.830;12.9;-350;0;0;-7.8;0;0;0;0;0;99;0;0;1826;79.33;0;0;0;0;0;0;0;0;0;0;0;0;0;0;0;0;31;0;45.0;45.0;2;0;0.00;0.00;0.00;0.0;0.0
20.020;90;1389;45;62505;10.0;19.700;1.340;28;57;9;0;100;101;100;117;100;118;100;52;52;0;2.028;2.028;0.000;0.000;14.700;1.000;9.4;0.0;0;31;3.000;2.982;12.9;-40;0;0;-7.8;0;0;0;0;0;99;0;0;1826;78.88;0;0;0;0;0;0;0;0;0;0;0;0;0;0;0;0;31;0;45.0;45.0;2;0;0.00;0.00;0.00;0.0;0.0
20.089;90;1348;45;60660;10.0;19.700;1.340;28;57;9;0;100;101;100;117;100;118;100;52;52;0;2.028;2.028;0.000;0.000;14.700;1.000;9.1;0.0;0;31;3.000;2.715;12.9;-40;0;0;-7.8;0;0;0;0;0;99;0;0;1826;81.28;0;0;0;0;0;0;0;0;0;0;0;0;0;0;0;0;31;0;45.0;45.0;2;0;0.00;0.00;0.00;0.0;0.0
20.089;91;1371;45;61695;10.0;19.700;1.340;28;57;9;0;100;101;100;117;100;118;100;52;52;0;2.028;2.028;0.000;0.000;14.700;1.000;9.3;0.0;0;31;3.000;2.948;12.9;-230;0;0;-7.8;0;0;0;0;0;99;0;0;1854;81.14;0;0;0;0;0;0;0;0;0;0;0;0;0;0;0;0;31;0;45.0;45.0;2;0;0.00;0.00;0.00;0.0;0.0
20.225;91;1383;45;62235;10.0;19.700;1.340;28;57;9;0;100;101;100;117;100;118;100;52;52;0;2.028;2.028;0.000;0.000;14.700;1.000;9.3;0.0;0;31;3.000;2.935;12.9;210;0;0;-7.8;0;0;0;0;0;99;0;0;1854;80.43;0;0;0;0;0;0;0;0;0;0;0;0;0;0;0;0;31;0;45.0;45.0;2;0;0.00;0.00;0.00;0.0;0.0
20.290;91;1374;45;61830;10.0;19.700;1.340;28;57;9;0;100;101;100;117;100;118;100;52;52;0;2.028;2.028;0.000;0.000;14.700;1.000;9.3;0.0;0;31;3.000;2.926;12.9;210;0;0;-7.8;0;0;0;0;0;99;0;0;1854;80.96;0;0;0;0;0;0;0;0;0;0;0;0;0;0;0;0;31;0;45.0;45.0;2;0;0.00;0.00;0.00;0.0;0.0
20.356;91;1358;45;61110;10.0;19.700;1.340;28;57;9;0;100;101;100;117;100;118;100;52;52;0;2.028;2.028;0.000;0.000;14.700;1.000;9.2;0.0;0;31;3.000;2.701;12.9;-140;0;0;-7.8;0;0;0;0;0;99;0;0;1854;81.91;0;0;0;0;0;0;0;0;0;0;0;0;0;0;0;0;31;0;45.0;45.0;2;0;0.00;0.00;0.00;0.0;0.0
20.421;91;1384;45;62280;10.0;19.700;1.340;28;57;9;0;100;101;100;117;100;118;100;52;52;0;2.052;2.052;0.000;0.000;14.700;1.000;9.5;0.0;0;31;3.000;2.927;12.7;150;0;0;-7.8;0;0;0;0;0;99;0;0;1854;80.38;0;0;0;0;0;0;0;0;0;0;0;0;0;0;0;0;31;0;45.0;45.0;2;0;0.00;0.00;0.00;0.0;0.0
20.490;91;1383;45;62235;10.0;19.700;1.340;28;57;9;0;100;101;100;117;100;118;100;52;52;0;2.052;2.052;0.000;0.000;14.700;1.000;9.5;0.0;0;31;3.000;2.934;12.7;150;0;0;-7.8;0;0;0;0;0;99;0;0;1854;80.43;0;0;0;0;0;0;0;0;0;0;0;0;0;0;0;0;31;0;45.0;45.0;2;0;0.00;0.00;0.00;0.0;0.0
20.556;91;1393;45;62685;10.0;19.700;1.340;28;57;9;0;100;101;100;117;100;118;100;52;52;0;2.052;2.052;0.000;0.000;14.700;1.000;9.5;0.0;0;31;3.000;3.023;12.7;-40;0;0;-7.8;0;0;0;0;0;99;0;0;1854;79.86;0;0;0;0;0;0;0;0;0;0;0;0;0;0;0;0;31;0;45.0;45.0;2;0;0.00;0.00;0.00;0.0;0.0
20.622;91;1417;45;63765;10.0;19.700;1.340;28;57;9;0;100;101;100;117;100;118;100;52;52;0;2.064;2.064;0.000;0.000;14.700;1.000;9.7;0.0;0;31;3.000;3.028;12.6;250;0;0;-7.8;0;0;0;0;0;99;0;0;1854;78.50;0;0;0;0;0;0;0;0;0;0;0;0;0;0;0;0;31;0;45.0;45.0;2;0;0.00;0.00;0.00;0.0;0.0
20.692;91;1402;44;61688;10.0;19.700;1.340;28;57;9;0;100;101;100;117;100;118;100;52;52;0;2.044;2.044;0.000;0.000;14.700;1.000;9.6;0.0;0;31;3.000;2.734;12.6;250;0;0;-8.0;0;0;0;0;0;99;0;0;1854;79.34;0;0;0;0;0;0;0;0;0;0;0;0;0;0;0;0;31;0;44.0;44.0;2;0;0.00;0.00;0.00;0.0;0.0
20.757;91;1428;44;62832;10.0;19.700;1.340;28;57;9;0;100;101;100;117;100;118;100;52;52;0;2.044;2.044;0.000;0.000;14.700;1.000;9.7;0.0;0;31;3.000;3.033;12.6;140;0;0;-8.0;0;0;0;0;0;99;0;0;1854;77.90;0;0;0;0;0;0;0;0;0;0;0;0;0;0;0;0;31;0;44.0;44.0;2;0;0.00;0.00;0.00;0.0;0.0
20.757;91;1452;44;63888;10.0;19.700;1.340;28;57;9;0;100;101;100;117;100;118;100;52;52;0;2.044;2.044;0.000;0.000;14.700;1.000;9.9;0.0;0;31;3.000;2.987;12.6;330;0;0;-8.0;0;0;0;0;0;99;0;0;1854;76.61;0;0;0;0;0;0;0;0;0;0;0;0;0;0;0;0;31;0;44.0;44.0;2;0;0.00;0.00;0.00;0.0;0.0
20.825;91;1454;44;63976;10.0;19.700;1.340;28;57;9;0;100;101;100;117;100;118;100;52;52;0;2.056;2.056;0.000;0.000;14.700;1.000;10.0;0.0;0;31;3.000;3.016;12.5;330;0;0;-8.0;0;0;0;0;0;99;0;0;1854;76.51;0;0;0;0;0;0;0;0;0;0;0;0;0;0;0;0;31;0;44.0;44.0;2;0;0.00;0.00;0.00;0.0;0.0
20.954;91;1460;43;62780;10.0;19.700;1.340;28;57;9;0;100;101;100;117;100;118;100;52;52;0;2.045;2.045;0.000;0.000;14.700;1.000;10.0;0.0;0;32;3.000;2.856;12.5;50;0;0;-8.1;0;0;0;0;0;99;0;0;1854;76.19;0;0;0;0;0;0;0;0;0;0;0;0;0;0;0;0;32;0;43.0;43.0;2;0;0.00;0.00;0.00;0.0;0.0
21.023;91;1489;43;64027;10.0;19.700;1.340;28;57;9;0;100;101;100;117;100;118;100;52;52;0;2.045;2.045;0.000;0.000;14.700;1.000;10.2;0.0;0;31;3.000;2.792;12.5;50;0;0;-8.1;0;0;0;0;0;99;0;0;1854;74.71;0;0;0;0;0;0;0;0;0;0;0;0;0;0;0;0;31;0;43.0;43.0;2;0;0.00;0.00;0.00;0.0;0.0
21.091;91;1497;42;62874;10.0;19.700;1.340;28;57;9;0;100;101;100;117;100;118;100;51;51;0;2.018;2.018;0.000;0.000;14.700;1.000;10.1;0.0;0;31;3.000;2.986;12.5;320;0;0;-8.3;0;0;0;0;0;99;0;0;1854;74.31;0;0;0;0;0;0;0;0;0;0;0;0;0;0;0;0;31;0;42.0;42.0;2;0;0.00;0.00;0.00;0.0;0.0
21.154;92;1519;42;63798;10.0;19.700;1.340;28;57;9;0;100;101;100;117;100;118;100;51;51;0;1.994;1.994;0.000;0.000;14.700;1.000;10.1;0.0;0;32;3.000;3.010;12.7;300;0;0;-8.3;0;0;0;0;0;99;0;0;1822;71.97;0;0;0;0;0;0;0;0;0;0;0;0;0;0;0;0;32;0;42.0;42.0;2;0;0.00;0.00;0.00;0.0;0.0
21.230;92;1539;41;63099;10.0;19.700;1.340;28;57;9;0;100;101;100;117;100;118;100;51;51;0;1.974;1.974;0.000;0.000;14.700;1.000;10.1;0.0;0;32;3.000;3.035;12.7;200;0;0;-8.4;0;0;0;0;0;99;0;0;1822;71.03;0;0;0;0;0;0;0;0;0;0;0;0;0;0;0;0;32;0;41.0;41.0;2;0;0.00;0.00;0.00;0.0;0.0
21.300;92;1550;41;63550;10.0;19.700;1.340;28;57;9;0;100;101;100;117;100;118;100;51;51;0;1.974;1.974;0.000;0.000;14.700;1.000;10.2;0.0;0;32;3.000;2.896;12.7;200;0;0;-8.4;0;0;0;0;0;99;0;0;1822;70.53;0;0;0;0;0;0;0;0;0;0;0;0;0;0;0;0;32;0;41.0;41.0;2;0;0.00;0.00;0.00;0.0;0.0
21.370;92;1551;41;63591;10.0;19.700;1.340;28;57;9;0;100;101;100;117;100;118;100;51;51;0;1.974;1.974;0.000;0.000;14.700;1.000;10.2;0.0;0;32;3.000;2.959;12.7;110;0;0;-8.4;0;0;0;0;0;99;0;0;1822;70.48;0;0;0;0;0;0;0;0;0;0;0;0;0;0;0;0;32;0;41.0;41.0;2;0;0.00;0.00;0.00;0.0;0.0
21.433;92;1563;41;64083;10.0;19.700;1.340;28;57;9;0;100;101;100;117;100;118;100;51;51;0;1.974;1.974;0.000;0.000;14.700;1.000;10.3;0.0;0;32;3.000;3.044;12.7;130;0;0;-8.4;0;0;0;0;0;99;0;0;1822;69.94;0;0;0;0;0;0;0;0;0;0;0;0;0;0;0;0;32;0;41.0;41.0;2;0;0.00;0.00;0.00;0.0;0.0
21.506;92;1563;37;57831;10.0;19.700;1.340;28;57;9;0;100;101;100;117;100;118;100;49;49;0;1.909;1.909;0.000;0.000;14.700;1.000;9.9;0.0;0;33;3.000;2.803;12.7;130;0;0;-9.0;0;0;0;0;0;99;0;0;1822;69.94;0;0;0;0;0;0;0;0;0;0;0;0;0;0;0;0;33;0;37.0;37.0;2;0;0.00;0.00;0.00;0.0;0.0
21.569;92;1563;41;64083;10.0;19.700;1.340;28;57;9;0;100;101;100;117;100;118;100;51;51;0;1.974;1.974;0.000;0.000;14.700;1.000;10.3;0.0;0;32;3.000;2.820;12.7;0;0;0;-8.4;0;0;0;0;0;99;0;0;1822;69.94;0;0;0;0;0;0;0;0;0;0;0;0;0;0;0;0;32;0;41.0;41.0;2;0;0.00;0.00;0.00;0.0;0.0
21.630;92;1563;41;64083;10.0;19.700;1.340;28;57;9;0;100;101;100;117;100;118;100;51;51;0;1.974;1.974;0.000;0.000;14.700;1.000;10.3;0.0;0;32;3.000;2.893;12.7;0;0;0;-8.4;0;0;0;0;0;99;0;0;1822;69.94;0;0;0;0;0;0;0;0;0;0;0;0;0;0;0;0;32;0;41.0;41.0;2;0;0.00;0.00;0.00;0.0;0.0
21.698;92;1559;41;63919;10.0;19.700;1.340;28;57;9;0;100;101;100;117;100;118;100;51;51;0;2.070;2.070;0.000;0.000;14.700;1.000;10.8;0.0;0;32;3.030;2.945;12.0;0;0;0;-8.4;0;0;0;0;0;99;0;0;1822;70.12;0;0;0;0;0;0;0;0;0;0;0;0;0;0;0;0;32;0;41.0;41.0;2;0;0.00;0.00;0.00;0.0;0.0
21.763;92;1558;41;63878;10.0;19.700;1.340;28;57;9;0;100;101;100;117;100;118;100;51;51;0;2.070;2.070;0.000;0.000;14.700;1.000;10.8;0.0;0;32;3.030;2.889;12.0;-50;0;0;-8.4;0;0;0;0;0;99;0;0;1822;70.17;0;0;0;0;0;0;0;0;0;0;0;0;0;0;0;0;32;0;41.0;41.0;2;0;0.00;0.00;0.00;0.0;0.0
21.831;92;1558;41;63878;10.0;19.700;1.340;28;57;9;0;100;101;100;117;100;118;100;51;51;0;2.070;2.070;0.000;0.000;14.700;1.000;10.8;0.0;0;32;3.030;2.941;12.0;-50;0;0;-8.4;0;0;0;0;0;99;0;0;1822;70.17;0;0;0;0;0;0;0;0;0;0;0;0;0;0;0;0;32;0;41.0;41.0;2;0;0.00;0.00;0.00;0.0;0.0
21.898;92;1584;41;64944;10.0;19.700;1.340;28;57;9;0;100;101;100;117;100;118;100;51;51;0;1.998;1.998;0.000;0.000;14.700;1.000;10.5;0.0;0;32;3.000;3.185;12.5;0;0;0;-8.4;0;0;0;0;0;99;0;0;1822;69.02;0;0;0;0;0;0;0;0;0;0;0;0;0;0;0;0;32;0;41.0;41.0;2;0;0.00;0.00;0.00;0.0;0.0
21.968;92;1606;40;64240;10.0;19.700;1.340;28;57;9;0;100;101;100;117;100;118;100;51;51;0;1.987;1.987;0.000;0.000;14.700;1.000;10.6;0.0;0;32;3.000;3.141;12.5;260;0;0;-8.6;0;0;0;0;0;99;0;0;1822;68.07;0;0;0;0;0;0;0;0;0;0;0;0;0;0;0;0;32;0;40.0;40.0;2;0;0.00;0.00;0.00;0.0;0.0
22.031;92;1606;40;64240;10.0;19.700;1.340;28;57;9;0;100;101;100;117;100;118;100;51;51;0;1.987;1.987;0.000;0.000;14.700;1.000;10.6;0.0;0;32;3.000;3.022;12.5;260;0;0;-8.6;0;0;0;0;0;99;0;0;1822;68.07;0;0;0;0;0;0;0;0;0;0;0;0;0;0;0;0;32;0;40.0;40.0;2;0;0.00;0.00;0.00;0.0;0.0
22.103;92;1618;40;64720;10.0;19.700;1.340;28;57;9;0;100;101;100;117;100;118;100;51;51;0;1.987;1.987;0.000;0.000;14.700;1.000;10.7;0.0;0;32;3.000;2.929;12.5;340;0;0;-8.6;0;0;0;0;0;99;0;0;1822;67.56;0;0;0;0;0;0;0;0;0;0;0;0;0;0;0;0;32;0;40.0;40.0;2;0;0.00;0.00;0.00;0.0;0.0
22.162;93;1631;40;65240;10.0;18.900;1.286;28;57;9;0;100;101;100;117;100;118;100;51;51;0;2.083;2.083;0.000;0.000;14.700;1.000;11.3;0.0;0;32;3.030;2.961;11.9;130;0;0;-8.6;0;0;0;0;0;99;0;0;1872;68.87;0;0;0;0;0;0;0;0;0;0;0;0;0;0;0;0;32;0;40.0;40.0;2;0;0.00;0.00;0.00;0.0;0.0
22.227;93;1633;39;63687;10.0;18.900;1.286;28;57;9;0;100;101;100;117;100;118;100;50;50;0;2.066;2.066;0.000;0.000;14.700;1.000;11.2;0.0;0;33;3.030;3.009;11.9;130;0;0;-8.7;0;0;0;0;0;99;0;0;1872;68.78;0;0;0;0;0;0;0;0;0;0;0;0;0;0;0;0;33;0;39.0;39.0;2;0;0.00;0.00;0.00;0.0;0.0
22.293;93;1644;39;64116;10.0;19.000;1.293;28;57;9;0;100;101;100;117;100;118;100;50;50;0;2.066;2.066;0.000;0.000;14.700;1.000;11.3;0.0;0;33;3.030;3.000;11.9;20;0;0;-8.7;0;0;0;0;0;99;0;0;1872;68.32;0;0;0;0;0;0;0;0;0;0;0;0;0;0;0;0;33;0;39.0;39.0;2;0;0.00;0.00;0.00;0.0;0.0
22.359;93;1656;40;66240;10.0;19.500;1.327;28;57;9;0;100;101;100;117;100;118;100;51;51;0;2.083;2.083;0.000;0.000;14.700;1.000;11.5;0.0;0;32;3.030;3.042;11.9;230;0;0;-8.6;0;0;0;0;0;99;0;0;1872;67.83;0;0;0;0;0;0;0;0;0;0;0;0;0;0;0;0;32;0;40.0;40.0;2;0;0.00;0.00;0.00;0.0;0.0
22.359;93;1680;39;65520;10.0;18.600;1.265;28;58;9;0;100;101;100;116;100;117;100;50;50;0;2.135;2.135;0.000;0.000;14.700;1.000;12.0;0.0;0;33;3.030;3.147;11.6;230;0;0;-8.7;0;0;0;0;0;99;0;0;1872;66.86;0;0;0;0;0;0;0;0;0;0;0;0;0;0;0;0;33;0;39.0;39.0;2;0;0.00;0.00;0.00;0.0;0.0
22.489;93;1699;39;66261;10.0;19.500;1.327;28;58;9;0;100;101;100;116;100;117;100;50;50;0;2.135;2.135;0.000;0.000;14.700;1.000;12.1;0.0;0;33;3.030;3.050;11.6;240;0;0;-8.7;0;0;0;0;0;99;0;0;1872;66.11;0;0;0;0;0;0;0;0;0;0;0;0;0;0;0;0;33;0;39.0;39.0;2;0;0.00;0.00;0.00;0.0;0.0
22.555;93;1721;38;65398;10.0;18.500;1.259;28;58;9;0;100;101;100;116;100;117;100;50;50;0;2.125;2.125;0.000;0.000;14.700;1.000;12.2;0.0;0;34;3.030;3.079;11.6;410;0;0;-8.8;0;0;0;0;0;99;0;0;1872;65.26;0;0;0;0;0;0;0;0;0;0;0;0;0;0;0;0;34;0;38.0;38.0;2;0;0.00;0.00;0.00;0.0;0.0
22.620;93;1749;38;66462;10.0;15.600;1.061;28;58;9;0;100;101;100;116;100;117;100;50;50;0;2.125;2.125;0.000;0.000;14.700;1.000;12.4;0.0;0;34;3.030;3.228;11.6;410;0;0;-8.8;0;0;0;0;0;99;0;0;1872;64.22;0;0;0;0;0;0;0;0;0;0;0;0;0;0;0;0;34;0;38.0;38.0;2;0;0.00;0.00;0.00;0.0;0.0
22.686;93;1771;38;67298;10.0;18.300;1.245;28;58;9;0;100;101;100;116;100;117;100;50;50;0;1.993;1.993;0.000;0.000;14.700;1.000;11.8;0.0;0;34;3.000;3.104;12.2;280;0;0;-8.8;0;0;0;0;0;99;0;0;1872;63.42;0;0;0;0;0;0;0;0;0;0;0;0;0;0;0;0;34;0;38.0;38.0;2;0;0.00;0.00;0.00;0.0;0.0
22.751;93;1791;37;66267;10.0;17.200;1.170;28;58;9;0;100;101;100;116;100;117;100;50;50;0;1.973;1.973;0.000;0.000;14.700;1.000;11.8;0.0;0;34;3.000;3.048;12.2;420;0;0;-9.0;0;0;0;0;0;99;0;0;1872;62.71;0;0;0;0;0;0;0;0;0;0;0;0;0;0;0;0;34;0;37.0;37.0;2;0;0.00;0.00;0.00;0.0;0.0
22.825;93;1814;37;67118;10.0;14.300;0.973;28;58;9;0;100;101;100;116;100;117;100;50;50;0;1.973;1.973;0.000;0.000;14.700;1.000;11.9;0.0;0;34;3.000;2.992;12.2;420;0;0;-9.0;0;0;0;0;0;99;0;0;1872;61.92;0;0;0;0;0;0;0;0;0;0;0;0;0;0;0;0;34;0;37.0;37.0;2;0;0.00;0.00;0.00;0.0;0.0
22.825;93;1823;37;67451;10.0;12.800;0.871;28;58;9;0;100;101;100;116;100;117;100;50;50;0;1.973;1.973;0.000;0.000;14.700;1.000;12.0;0.0;0;34;3.000;2.957;12.2;230;0;0;-9.0;0;0;0;0;0;99;0;0;1872;61.61;0;0;0;0;0;0;0;0;0;0;0;0;0;0;0;0;34;0;37.0;37.0;2;0;0.00;0.00;0.00;0.0;0.0
22.957;93;1833;36;65988;10.0;12.000;0.816;28;58;9;0;100;101;100;116;100;117;100;49;49;0;2.041;2.041;0.000;0.000;14.700;1.000;12.5;0.0;0;35;3.030;2.994;11.8;190;0;0;-9.1;0;0;0;0;0;99;0;0;1872;61.28;0;0;0;0;0;0;0;0;0;0;0;0;0;0;0;0;35;0;36.0;36.0;2;0;0.00;0.00;0.00;0.0;0.0
23.021;93;1846;36;66456;10.0;11.500;0.782;28;58;9;0;100;101;100;116;100;117;100;49;49;0;2.041;2.041;0.000;0.000;14.700;1.000;12.6;0.0;0;35;3.030;2.922;11.8;190;0;0;-9.1;0;0;0;0;0;99;0;0;1872;60.85;0;0;0;0;0;0;0;0;0;0;0;0;0;0;0;0;35;0;36.0;36.0;2;0;0.00;0.00;0.00;0.0;0.0
23.087;93;1839;36;66204;10.0;11.900;0.810;28;58;9;0;100;101;100;116;100;117;100;49;49;0;2.041;2.041;0.000;0.000;14.700;1.000;12.5;0.0;0;35;3.030;2.995;11.8;130;0;0;-9.1;0;0;0;0;0;99;0;0;1872;61.08;0;0;0;0;0;0;0;0;0;0;0;0;0;0;0;0;35;0;36.0;36.0;2;0;0.00;0.00;0.00;0.0;0.0
23.157;93;1855;36;66780;10.0;12.600;0.857;28;58;9;0;100;101;100;116;100;117;100;49;49;0;2.041;2.041;0.000;0.000;14.700;1.000;12.6;0.0;0;35;3.030;3.039;11.8;130;0;0;-9.1;0;0;0;0;0;99;0;0;1872;60.55;0;0;0;0;0;0;0;0;0;0;0;0;0;0;0;0;35;0;36.0;36.0;2;0;0.00;0.00;0.00;0.0;0.0
23.157;94;1865;36;67140;10.0;13.700;0.932;28;58;9;0;100;101;100;116;100;117;100;49;49;0;1.945;1.945;0.000;0.000;14.700;1.000;12.1;0.0;0;35;3.000;3.022;12.3;90;0;0;-9.1;0;0;0;0;0;99;0;0;1829;58.84;0;0;0;0;0;0;0;0;0;0;0;0;0;0;0;0;35;0;36.0;36.0;2;0;0.00;0.00;0.00;0.0;0.0
23.288;94;1868;36;67248;10.0;13.300;0.905;28;58;9;0;100;101;100;116;100;117;100;49;49;0;1.945;1.945;0.000;0.000;14.700;1.000;12.1;0.0;0;35;3.000;2.983;12.3;100;0;0;-9.1;0;0;0;0;0;99;0;0;1829;58.75;0;0;0;0;0;0;0;0;0;0;0;0;0;0;0;0;35;0;36.0;36.0;2;0;0.00;0.00;0.00;0.0;0.0
23.354;94;1874;36;67464;10.0;12.700;0.864;28;58;9;0;100;101;100;116;100;117;100;49;49;0;1.945;1.945;0.000;0.000;14.700;1.000;12.1;0.0;0;35;3.000;2.979;12.3;100;0;0;-9.1;0;0;0;0;0;99;0;0;1829;58.56;0;0;0;0;0;0;0;0;0;0;0;0;0;0;0;0;35;0;36.0;36.0;2;0;0.00;0.00;0.00;0.0;0.0
23.419;94;1883;35;65905;10.0;13.900;0.946;28;58;9;0;100;101;100;116;100;117;100;49;49;0;1.898;1.898;0.000;0.000;14.700;1.000;11.9;0.0;0;35;3.000;2.952;12.6;90;0;0;-9.3;0;0;0;0;0;99;0;0;1829;58.28;0;0;0;0;0;0;0;0;0;0;0;0;0;0;0;0;35;0;35.0;35.0;2;0;0.00;0.00;0.00;0.0;0.0
23.485;94;1882;35;65870;10.0;12.400;0.844;28;58;9;0;100;101;100;116;100;117;100;49;49;0;1.898;1.898;0.000;0.000;14.700;1.000;11.9;0.0;0;35;3.000;2.926;12.6;80;0;0;-9.3;0;0;0;0;0;99;0;0;1829;58.31;0;0;0;0;0;0;0;0;0;0;0;0;0;0;0;0;35;0;35.0;35.0;2;0;0.00;0.00;0.00;0.0;0.0
23.554;94;1879;35;65765;10.0;12.000;0.816;28;58;9;0;100;101;100;116;100;117;100;49;49;0;1.898;1.898;0.000;0.000;14.700;1.000;11.9;0.0;0;35;3.000;2.959;12.6;80;0;0;-9.3;0;0;0;0;0;99;0;0;1829;58.40;0;0;0;0;0;0;0;0;0;0;0;0;0;0;0;0;35;0;35.0;35.0;2;0;0.00;0.00;0.00;0.0;0.0
23.619;94;1878;35;65730;10.0;12.300;0.837;28;58;9;0;100;101;100;116;100;117;100;49;49;0;1.898;1.898;0.000;0.000;14.700;1.000;11.9;0.0;0;35;3.000;2.897;12.6;-30;0;0;-9.3;0;0;0;0;0;99;0;0;1829;58.43;0;0;0;0;0;0;0;0;0;0;0;0;0;0;0;0;35;0;35.0;35.0;2;0;0.00;0.00;0.00;0.0;0.0
23.685;94;1866;35;65310;10.0;12.700;0.864;28;58;9;0;100;101;100;116;100;117;100;49;49;0;1.874;1.874;0.000;0.000;14.700;1.000;11.7;0.0;0;35;3.000;2.928;12.8;-130;0;0;-9.3;0;0;0;0;0;99;0;0;1829;58.81;0;0;0;0;0;0;0;0;0;0;0;0;0;0;0;0;35;0;35.0;35.0;2;0;0.00;0.00;0.00;0.0;0.0
23.755;94;1860;35;65100;10.0;12.600;0.857;28;58;9;0;100;101;100;116;100;117;100;49;49;0;1.874;1.874;0.000;0.000;14.700;1.000;11.6;0.0;0;35;3.000;2.939;12.8;-130;0;0;-9.3;0;0;0;0;0;99;0;0;1829;59.00;0;0;0;0;0;0;0;0;0;0;0;0;0;0;0;0;35;0;35.0;35.0;2;0;0.00;0.00;0.00;0.0;0.0
23.820;94;1849;36;66564;10.0;13.200;0.898;28;58;9;0;100;101;100;116;100;117;100;49;49;0;1.885;1.885;0.000;0.000;14.700;1.000;11.6;0.0;0;35;3.000;2.855;12.8;-60;0;0;-9.1;0;0;0;0;0;99;0;0;1829;59.35;0;0;0;0;0;0;0;0;0;0;0;0;0;0;0;0;35;0;36.0;36.0;2;0;0.00;0.00;0.00;0.0;0.0
23.886;94;1843;36;66348;10.0;13.800;0.939;28;58;9;0;100;101;100;116;100;117;100;49;49;0;1.885;1.885;0.000;0.000;14.700;1.000;11.6;0.0;0;35;3.000;2.797;12.8;-170;0;0;-9.1;0;0;0;0;0;99;0;0;1829;59.54;0;0;0;0;0;0;0;0;0;0;0;0;0;0;0;0;35;0;36.0;36.0;2;0;0.00;0.00;0.00;0.0;0.0
23.956;94;1837;36;66132;10.0;13.500;0.918;28;58;9;0;100;101;100;116;100;117;100;49;49;0;1.969;1.969;0.000;0.000;14.700;1.000;12.1;0.0;0;35;3.000;2.850;12.1;-170;0;0;-9.1;0;0;0;0;0;99;0;0;1829;59.74;0;0;0;0;0;0;0;0;0;0;0;0;0;0;0;0;35;0;36.0;36.0;2;0;0.00;0.00;0.00;0.0;0.0
24.025;94;1829;36;65844;10.0;14.400;0.980;28;58;9;0;100;101;100;116;100;117;100;49;49;0;1.969;1.969;0.000;0.000;14.700;1.000;12.0;0.0;0;35;3.000;2.853;12.1;-140;0;0;-9.1;0;0;0;0;0;99;0;0;1829;60.00;0;0;0;0;0;0;0;0;0;0;0;0;0;0;0;0;35;0;36.0;36.0;2;0;0.00;0.00;0.00;0.0;0.0
24.090;94;1826;36;65736;10.0;14.300;0.973;28;58;9;0;100;101;100;116;100;117;100;49;49;0;1.969;1.969;0.000;0.000;14.700;1.000;12.0;0.0;0;35;3.000;2.927;12.1;-30;0;0;-9.1;0;0;0;0;0;99;0;0;1829;60.10;0;0;0;0;0;0;0;0;0;0;0;0;0;0;0;0;35;0;36.0;36.0;2;0;0.00;0.00;0.00;0.0;0.0
24.156;94;1828;36;65808;10.0;13.900;0.946;28;58;9;0;100;101;100;116;100;117;100;49;49;0;1.969;1.969;0.000;0.000;14.700;1.000;12.0;0.0;0;35;3.000;2.885;12.1;-30;0;0;-9.1;0;0;0;0;0;99;0;0;1829;60.03;0;0;0;0;0;0;0;0;0;0;0;0;0;0;0;0;35;0;36.0;36.0;2;0;0.00;0.00;0.00;0.0;0.0
24.223;95;1832;36;65952;10.0;14.700;1.000;28;58;9;0;100;101;100;116;100;117;100;49;49;0;1.921;1.921;0.000;0.000;14.700;1.000;11.7;0.0;0;35;3.000;2.920;12.5;60;0;0;-9.1;0;0;0;0;0;99;0;0;1868;61.18;0;0;0;0;0;0;0;0;0;0;0;0;0;0;0;0;35;0;36.0;36.0;2;0;0.00;0.00;0.00;0.0;0.0
24.295;95;1842;36;66312;10.0;18.400;1.252;28;58;9;0;100;101;100;116;100;117;100;49;49;0;1.921;1.921;0.000;0.000;14.700;1.000;11.8;0.0;0;35;3.000;2.952;12.5;100;0;0;-9.1;0;0;0;0;0;99;0;0;1868;60.85;0;0;0;0;0;0;0;0;0;0;0;0;0;0;0;0;35;0;36.0;36.0;2;0;0.00;0.00;0.00;0.0;0.0
24.362;95;1852;36;66672;10.0;19.200;1.306;28;58;9;0;100;101;100;116;100;117;100;49;49;0;1.921;1.921;0.000;0.000;14.700;1.000;11.9;0.0;0;35;3.000;2.906;12.5;100;0;0;-9.1;0;0;0;0;0;99;0;0;1868;60.52;0;0;0;0;0;0;0;0;0;0;0;0;0;0;0;0;35;0;36.0;36.0;2;0;0.00;0.00;0.00;0.0;0.0
24.426;95;1858;35;65030;10.0;16.300;1.109;28;58;9;0;100;101;100;116;100;117;100;49;49;0;1.910;1.910;0.000;0.000;14.700;1.000;11.8;0.0;0;35;3.000;3.008;12.5;160;0;0;-9.3;0;0;0;0;0;99;0;0;1868;60.32;0;0;0;0;0;0;0;0;0;0;0;0;0;0;0;0;35;0;35.0;35.0;2;0;0.00;0.00;0.00;0.0;0.0
24.495;95;1865;35;65275;10.0;14.000;0.952;28;58;9;0;100;101;100;116;100;117;100;49;49;0;1.886;1.886;0.000;0.000;14.700;1.000;11.7;0.0;0;35;3.000;2.931;12.7;50;0;0;-9.3;0;0;0;0;0;99;0;0;1868;60.10;0;0;0;0;0;0;0;0;0;0;0;0;0;0;0;0;35;0;35.0;35.0;2;0;0.00;0.00;0.00;0.0;0.0
24.558;95;1861;35;65135;10.0;13.100;0.891;28;58;9;0;100;101;100;116;100;117;100;49;49;0;1.886;1.886;0.000;0.000;14.700;1.000;11.7;0.0;0;35;3.000;2.961;12.7;50;0;0;-9.3;0;0;0;0;0;99;0;0;1868;60.23;0;0;0;0;0;0;0;0;0;0;0;0;0;0;0;0;35;0;35.0;35.0;2;0;0.00;0.00;0.00;0.0;0.0
24.624;95;1862;35;65170;10.0;12.800;0.871;28;58;9;0;100;101;100;116;100;117;100;49;49;0;1.886;1.886;0.000;0.000;14.700;1.000;11.7;0.0;0;35;3.000;2.919;12.7;-20;0;0;-9.3;0;0;0;0;0;99;0;0;1868;60.19;0;0;0;0;0;0;0;0;0;0;0;0;0;0;0;0;35;0;35.0;35.0;2;0;0.00;0.00;0.00;0.0;0.0
24.693;95;1858;35;65030;10.0;12.900;0.878;28;58;9;0;100;101;100;116;100;117;100;49;49;0;1.958;1.958;0.000;0.000;14.700;1.000;12.1;0.0;0;35;3.000;2.846;12.1;10;0;0;-9.3;0;0;0;0;0;99;0;0;1868;60.32;0;0;0;0;0;0;0;0;0;0;0;0;0;0;0;0;35;0;35.0;35.0;2;0;0.00;0.00;0.00;0.0;0.0
24.759;95;1847;35;64645;10.0;13.100;0.891;28;58;9;0;100;101;100;116;100;117;100;49;49;0;1.958;1.958;0.000;0.000;14.700;1.000;12.1;0.0;0;35;3.000;2.764;12.1;10;0;0;-9.3;0;0;0;0;0;99;0;0;1868;60.68;0;0;0;0;0;0;0;0;0;0;0;0;0;0;0;0;35;0;35.0;35.0;2;0;0.00;0.00;0.00;0.0;0.0
24.824;95;1845;35;64575;10.0;13.200;0.898;28;58;9;0;100;101;100;116;100;117;100;49;49;0;1.958;1.958;0.000;0.000;14.700;1.000;12.0;0.0;0;35;3.000;2.848;12.1;-150;0;0;-9.3;0;0;0;0;0;99;0;0;1868;60.75;0;0;0;0;0;0;0;0;0;0;0;0;0;0;0;0;35;0;35.0;35.0;2;0;0.00;0.00;0.00;0.0;0.0
24.890;95;1850;36;66600;10.0;13.500;0.918;28;58;9;0;100;101;100;116;100;117;100;49;49;0;1.969;1.969;0.000;0.000;14.700;1.000;12.1;0.0;0;35;3.000;2.960;12.1;30;0;0;-9.1;0;0;0;0;0;99;0;0;1868;60.58;0;0;0;0;0;0;0;0;0;0;0;0;0;0;0;0;35;0;36.0;36.0;2;0;0.00;0.00;0.00;0.0;0.0
24.956;95;1859;35;65065;10.0;14.100;0.959;28;58;9;0;100;101;100;116;100;117;100;49;49;0;1.910;1.910;0.000;0.000;14.700;1.000;11.8;0.0;0;35;3.000;3.043;12.5;30;0;0;-9.3;0;0;0;0;0;99;0;0;1868;60.29;0;0;0;0;0;0;0;0;0;0;0;0;0;0;0;0;35;0;35.0;35.0;2;0;0.00;0.00;0.00;0.0;0.0
25.021;95;1871;35;65485;10.0;14.500;0.986;28;58;9;0;100;101;100;116;100;117;100;49;49;0;1.910;1.910;0.000;0.000;14.700;1.000;11.9;0.0;0;35;3.000;2.956;12.5;90;0;0;-9.3;0;0;0;0;0;99;0;0;1868;59.90;0;0;0;0;0;0;0;0;0;0;0;0;0;0;0;0;35;0;35.0;35.0;2;0;0.00;0.00;0.00;0.0;0.0
25.091;95;1881;35;65835;10.0;13.900;0.946;28;58;9;0;100;101;100;116;100;117;100;49;49;0;1.910;1.910;0.000;0.000;14.700;1.000;12.0;0.0;0;35;3.000;2.957;12.5;220;0;0;-9.3;0;0;0;0;0;99;0;0;1868;59.59;0;0;0;0;0;0;0;0;0;0;0;0;0;0;0;0;35;0;35.0;35.0;2;0;0.00;0.00;0.00;0.0;0.0
25.156;95;1886;35;66010;10.0;13.800;0.939;28;58;9;0;100;101;100;116;100;117;100;49;49;0;1.910;1.910;0.000;0.000;14.700;1.000;12.0;0.0;0;35;3.000;2.912;12.5;220;0;0;-9.3;0;0;0;0;0;99;0;0;1868;59.43;0;0;0;0;0;0;0;0;0;0;0;0;0;0;0;0;35;0;35.0;35.0;2;0;0.00;0.00;0.00;0.0;0.0
25.226;96;1871;35;65485;10.0;14.000;0.952;28;58;9;0;100;101;100;116;100;117;100;49;49;0;1.886;1.886;0.000;0.000;14.700;1.000;11.8;0.0;0;35;3.000;2.924;12.7;50;0;0;-9.3;0;0;0;0;0;99;0;0;1871;60.00;0;0;0;0;0;0;0;0;0;0;0;0;0;0;0;0;35;0;35.0;35.0;2;0;0.00;0.00;0.00;0.0;0.0
25.291;96;1878;35;65730;10.0;13.300;0.905;28;58;9;0;100;101;100;116;100;117;100;49;49;0;1.886;1.886;0.000;0.000;14.700;1.000;11.8;0.0;0;35;3.000;2.956;12.7;50;0;0;-9.3;0;0;0;0;0;99;0;0;1871;59.78;0;0;0;0;0;0;0;0;0;0;0;0;0;0;0;0;35;0;35.0;35.0;2;0;0.00;0.00;0.00;0.0;0.0
25.359;96;1876;35;65660;10.0;13.000;0.884;28;58;9;0;100;101;100;116;100;117;100;49;49;0;1.886;1.886;0.000;0.000;14.700;1.000;11.8;0.0;0;35;3.000;2.923;12.7;-80;0;0;-9.3;0;0;0;0;0;99;0;0;1871;59.84;0;0;0;0;0;0;0;0;0;0;0;0;0;0;0;0;35;0;35.0;35.0;2;0;0.00;0.00;0.00;0.0;0.0
25.425;96;1868;35;65380;10.0;13.100;0.891;28;58;9;0;100;101;100;116;100;117;100;49;49;0;1.886;1.886;0.000;0.000;14.700;1.000;11.7;0.0;0;35;3.000;2.877;12.7;-100;0;0;-9.3;0;0;0;0;0;99;0;0;1871;60.10;0;0;0;0;0;0;0;0;0;0;0;0;0;0;0;0;35;0;35.0;35.0;2;0;0.00;0.00;0.00;0.0;0.0
25.492;96;1846;35;64610;10.0;13.600;0.925;28;58;9;0;100;101;100;116;100;117;100;49;49;0;1.874;1.874;0.000;0.000;14.700;1.000;11.5;0.0;0;35;3.000;2.870;12.8;-100;0;0;-9.3;0;0;0;0;0;99;0;0;1871;60.81;0;0;0;0;0;0;0;0;0;0;0;0;0;0;0;0;35;0;35.0;35.0;2;0;0.00;0.00;0.00;0.0;0.0
25.557;96;1832;35;64120;10.0;13.800;0.939;28;58;9;0;100;101;100;116;100;117;100;49;49;0;1.874;1.874;0.000;0.000;14.700;1.000;11.4;0.0;0;35;3.000;2.832;12.8;-220;0;0;-9.3;0;0;0;0;0;99;0;0;1871;61.28;0;0;0;0;0;0;0;0;0;0;0;0;0;0;0;0;35;0;35.0;35.0;2;0;0.00;0.00;0.00;0.0;0.0
25.623;96;1820;36;65520;10.0;13.700;0.932;28;58;9;0;100;101;100;116;100;117;100;49;49;0;1.885;1.885;0.000;0.000;14.700;1.000;11.4;0.0;0;35;3.000;2.843;12.8;-260;0;0;-9.1;0;0;0;0;0;99;0;0;1871;61.68;0;0;0;0;0;0;0;0;0;0;0;0;0;0;0;0;35;0;36.0;36.0;2;0;0.00;0.00;0.00;0.0;0.0
25.688;96;1806;36;65016;10.0;13.900;0.946;28;58;9;0;100;101;100;116;100;117;100;49;49;0;1.885;1.885;0.000;0.000;14.700;1.000;11.3;0.0;0;35;3.000;2.938;12.8;-260;0;0;-9.1;0;0;0;0;0;99;0;0;1871;62.16;0;0;0;0;0;0;0;0;0;0;0;0;0;0;0;0;35;0;36.0;36.0;2;0;0.00;0.00;0.00;0.0;0.0
25.753;96;1793;36;64548;10.0;14.300;0.973;28;58;9;0;100;101;100;116;100;117;100;49;49;0;1.897;1.897;0.000;0.000;14.700;1.000;11.3;0.0;0;35;3.000;2.774;12.7;-140;0;0;-9.1;0;0;0;0;0;99;0;0;1871;62.61;0;0;0;0;0;0;0;0;0;0;0;0;0;0;0;0;35;0;36.0;36.0;2;0;0.00;0.00;0.00;0.0;0.0
25.753;96;1773;37;65601;10.0;14.200;0.966;28;58;9;0;100;101;100;116;100;117;100;50;50;0;1.913;1.913;0.000;0.000;14.700;1.000;11.3;0.0;0;34;3.000;2.879;12.7;-330;0;0;-9.0;0;0;0;0;0;99;0;0;1871;63.32;0;0;0;0;0;0;0;0;0;0;0;0;0;0;0;0;34;0;37.0;37.0;2;0;0.00;0.00;0.00;0.0;0.0
25.893;96;1772;37;65564;10.0;17.300;1.177;28;58;9;0;100;101;100;116;100;117;100;50;50;0;1.913;1.913;0.000;0.000;14.700;1.000;11.3;0.0;0;34;3.000;2.817;12.7;-330;0;0;-9.0;0;0;0;0;0;99;0;0;1871;63.35;0;0;0;0;0;0;0;0;0;0;0;0;0;0;0;0;34;0;37.0;37.0;2;0;0.00;0.00;0.00;0.0;0.0
25.962;96;1760;37;65120;10.0;19.000;1.293;28;59;9;0;100;101;100;115;100;116;100;50;50;0;1.907;1.907;0.000;0.000;14.700;1.000;11.2;0.0;0;34;3.000;2.984;12.7;-10;0;0;-9.0;0;0;0;0;0;99;0;0;1871;63.78;0;0;0;0;0;0;0;0;0;0;0;0;0;0;0;0;34;0;37.0;37.0;2;0;0.00;0.00;0.00;0.0;0.0
26.024;96;1766;37;65342;10.0;18.700;1.272;28;59;9;0;100;101;100;115;100;116;100;50;50;0;1.907;1.907;0.000;0.000;14.700;1.000;11.2;0.0;0;34;3.000;2.915;12.7;-60;0;0;-9.0;0;0;0;0;0;99;0;0;1871;63.57;0;0;0;0;0;0;0;0;0;0;0;0;0;0;0;0;34;0;37.0;37.0;2;0;0.00;0.00;0.00;0.0;0.0
26.094;96;1751;37;64787;10.0;18.800;1.279;28;59;9;0;100;101;100;115;100;116;100;50;50;0;1.907;1.907;0.000;0.000;14.700;1.000;11.1;0.0;0;34;3.000;2.841;12.7;-60;0;0;-9.0;0;0;0;0;0;99;0;0;1871;64.11;0;0;0;0;0;0;0;0;0;0;0;0;0;0;0;0;34;0;37.0;37.0;2;0;0.00;0.00;0.00;0.0;0.0
26.094;96;1744;38;66272;10.0;19.000;1.293;28;59;9;0;100;101;100;115;100;116;100;50;50;0;1.927;1.927;0.000;0.000;14.700;1.000;11.2;0.0;0;33;3.000;2.879;12.7;-150;0;0;-8.8;0;0;0;0;0;99;0;0;1871;64.37;0;0;0;0;0;0;0;0;0;0;0;0;0;0;0;0;33;0;38.0;38.0;2;0;0.00;0.00;0.00;0.0;0.0
26.225;97;1740;38;66120;10.0;19.500;1.327;28;59;9;0;100;101;100;115;100;116;100;50;50;0;1.903;1.903;0.000;0.000;14.700;1.000;11.0;0.0;0;33;3.000;2.802;12.9;-110;0;0;-8.8;0;0;0;0;0;99;0;0;1875;64.66;0;0;0;0;0;0;0;0;0;0;0;0;0;0;0;0;33;0;38.0;38.0;2;0;0.00;0.00;0.00;0.0;0.0
26.294;97;1725;38;65550;10.0;19.700;1.340;28;59;9;0;100;101;100;115;100;116;100;50;50;0;1.903;1.903;0.000;0.000;14.700;1.000;10.9;0.0;0;34;3.000;2.851;12.9;-110;0;0;-8.8;0;0;0;0;0;99;0;0;1875;65.22;0;0;0;0;0;0;0;0;0;0;0;0;0;0;0;0;34;0;38.0;38.0;2;0;0.00;0.00;0.00;0.0;0.0
26.364;97;1714;38;65132;10.0;19.100;1.299;28;59;9;0;100;101;100;115;100;116;100;50;50;0;1.903;1.903;0.000;0.000;14.700;1.000;10.9;0.0;0;34;3.000;2.930;12.9;-150;0;0;-8.8;0;0;0;0;0;99;0;0;1875;65.64;0;0;0;0;0;0;0;0;0;0;0;0;0;0;0;0;34;0;38.0;38.0;2;0;0.00;0.00;0.00;0.0;0.0
26.430;97;1707;38;64866;10.0;18.900;1.286;28;59;9;0;100;101;100;115;100;116;100;50;50;0;1.903;1.903;0.000;0.000;14.700;1.000;10.8;0.0;0;34;3.000;2.927;12.9;-180;0;0;-8.8;0;0;0;0;0;99;0;0;1875;65.91;0;0;0;0;0;0;0;0;0;0;0;0;0;0;0;0;34;0;38.0;38.0;2;0;0.00;0.00;0.00;0.0;0.0
26.495;97;1692;39;65988;10.0;18.700;1.272;28;59;9;0;100;101;100;115;100;116;100;51;51;0;1.932;1.932;0.000;0.000;14.700;1.000;10.9;0.0;0;33;3.000;2.787;12.8;-180;0;0;-8.7;0;0;0;0;0;99;0;0;1875;66.49;0;0;0;0;0;0;0;0;0;0;0;0;0;0;0;0;33;0;39.0;39.0;2;0;0.00;0.00;0.00;0.0;0.0
26.568;97;1674;39;65286;10.0;19.200;1.306;28;59;9;0;100;101;100;115;100;116;100;50;50;0;1.924;1.924;0.000;0.000;14.700;1.000;10.7;0.0;0;33;3.000;2.731;12.8;-150;0;0;-8.7;0;0;0;0;0;99;0;0;1875;67.20;0;0;0;0;0;0;0;0;0;0;0;0;0;0;0;0;33;0;39.0;39.0;2;0;0.00;0.00;0.00;0.0;0.0
26.630;97;1658;39;64662;10.0;19.700;1.340;28;59;9;0;100;101;100;115;100;116;100;50;50;0;1.924;1.924;0.000;0.000;14.700;1.000;10.6;0.0;0;33;3.000;2.770;12.8;-180;0;0;-8.7;0;0;0;0;0;99;0;0;1875;67.85;0;0;0;0;0;0;0;0;0;0;0;0;0;0;0;0;33;0;39.0;39.0;2;0;0.00;0.00;0.00;0.0;0.0
26.695;97;1658;39;64662;10.0;19.700;1.340;28;59;9;0;100;101;100;115;100;116;100;50;50;0;1.924;1.924;0.000;0.000;14.700;1.000;10.6;0.0;0;33;3.000;2.912;12.8;-180;0;0;-8.7;0;0;0;0;0;99;0;0;1875;67.85;0;0;0;0;0;0;0;0;0;0;0;0;0;0;0;0;33;0;39.0;39.0;2;0;0.00;0.00;0.00;0.0;0.0
26.695;97;1660;39;64740;10.0;19.700;1.340;28;59;9;0;100;101;100;115;100;116;100;50;50;0;1.924;1.924;0.000;0.000;14.700;1.000;10.6;0.0;0;33;3.000;2.857;12.8;-140;0;0;-8.7;0;0;0;0;0;99;0;0;1875;67.77;0;0;0;0;0;0;0;0;0;0;0;0;0;0;0;0;33;0;39.0;39.0;2;0;0.00;0.00;0.00;0.0;0.0
26.822;97;1658;39;64662;10.0;19.700;1.340;28;59;9;0;100;101;100;115;100;116;100;50;50;0;1.924;1.924;0.000;0.000;14.700;1.000;10.6;0.0;0;33;3.000;2.963;12.8;-20;0;0;-8.7;0;0;0;0;0;99;0;0;1875;67.85;0;0;0;0;0;0;0;0;0;0;0;0;0;0;0;0;33;0;39.0;39.0;2;0;0.00;0.00;0.00;0.0;0.0
26.822;97;1666;39;64974;10.0;19.700;1.340;28;59;9;0;100;101;100;115;100;116;100;50;50;0;1.924;1.924;0.000;0.000;14.700;1.000;10.7;0.0;0;33;3.000;2.858;12.8;-20;0;0;-8.7;0;0;0;0;0;99;0;0;1875;67.53;0;0;0;0;0;0;0;0;0;0;0;0;0;0;0;0;33;0;39.0;39.0;2;0;0.00;0.00;0.00;0.0;0.0
26.953;97;1663;39;64857;10.0;19.600;1.333;28;59;9;0;100;101;100;115;100;116;100;50;50;0;1.924;1.924;0.000;0.000;14.700;1.000;10.7;0.0;0;33;3.000;2.806;12.8;50;0;0;-8.7;0;0;0;0;0;99;0;0;1875;67.65;0;0;0;0;0;0;0;0;0;0;0;0;0;0;0;0;33;0;39.0;39.0;2;0;0.00;0.00;0.00;0.0;0.0
26.953;97;1656;39;64584;10.0;19.700;1.340;28;59;9;0;100;101;100;115;100;116;100;50;50;0;1.912;1.912;0.000;0.000;14.700;1.000;10.6;0.0;0;33;3.000;2.976;12.9;-70;0;0;-8.7;0;0;0;0;0;99;0;0;1875;67.93;0;0;0;0;0;0;0;0;0;0;0;0;0;0;0;0;33;0;39.0;39.0;2;0;0.00;0.00;0.00;0.0;0.0
27.088;97;1661;39;64779;10.0;19.700;1.340;28;59;9;0;100;101;100;115;100;116;100;50;50;0;1.912;1.912;0.000;0.000;14.700;1.000;10.6;0.0;0;33;3.000;2.986;12.9;-70;0;0;-8.7;0;0;0;0;0;99;0;0;1875;67.73;0;0;0;0;0;0;0;0;0;0;0;0;0;0;0;0;33;0;39.0;39.0;2;0;0.00;0.00;0.00;0.0;0.0
27.088;97;1661;39;64779;10.0;19.700;1.340;28;59;9;0;100;101;100;115;100;116;100;50;50;0;1.912;1.912;0.000;0.000;14.700;1.000;10.6;0.0;0;33;3.000;2.912;12.9;50;0;0;-8.7;0;0;0;0;0;99;0;0;1875;67.73;0;0;0;0;0;0;0;0;0;0;0;0;0;0;0;0;33;0;39.0;39.0;2;0;0.00;0.00;0.00;0.0;0.0
27.219;97;1655;39;64545;10.0;19.700;1.340;28;59;9;0;100;101;100;115;100;116;100;51;51;0;1.920;1.920;0.000;0.000;14.700;1.000;10.6;0.0;0;33;3.000;2.893;12.9;50;0;0;-8.7;0;0;0;0;0;99;0;0;1875;67.98;0;0;0;0;0;0;0;0;0;0;0;0;0;0;0;0;33;0;39.0;39.0;2;0;0.00;0.00;0.00;0.0;0.0
27.289;98;1634;39;63726;10.0;19.700;1.340;28;59;9;0;100;101;100;115;100;116;100;50;50;0;1.912;1.912;0.000;0.000;14.700;1.000;10.4;0.0;0;33;3.000;2.593;12.9;-60;0;0;-8.7;0;0;0;0;0;99;0;0;1881;69.07;0;0;0;0;0;0;0;0;0;0;0;0;0;0;0;0;33;0;39.0;39.0;2;0;0.00;0.00;0.00;0.0;0.0
27.355;98;1618;40;64720;10.0;19.700;1.340;28;59;9;0;100;101;100;115;100;116;100;51;51;0;1.929;1.929;0.000;0.000;14.700;1.000;10.4;0.0;0;32;3.000;2.686;12.9;-210;0;0;-8.6;0;0;0;0;0;99;0;0;1881;69.75;0;0;0;0;0;0;0;0;0;0;0;0;0;0;0;0;32;0;40.0;40.0;2;0;0.00;0.00;0.00;0.0;0.0
27.420;98;1618;40;64720;10.0;19.700;1.340;28;59;9;0;100;101;100;115;100;116;100;51;51;0;1.929;1.929;0.000;0.000;14.700;1.000;10.4;0.0;0;32;3.000;2.695;12.9;-210;0;0;-8.6;0;0;0;0;0;99;0;0;1881;69.75;0;0;0;0;0;0;0;0;0;0;0;0;0;0;0;0;32;0;40.0;40.0;2;0;0.00;0.00;0.00;0.0;0.0
27.486;98;1596;40;63840;10.0;19.700;1.340;28;59;9;0;100;101;100;115;100;116;100;50;50;0;1.958;1.958;0.000;0.000;14.700;1.000;10.4;0.0;0;32;3.000;2.777;12.6;-380;0;0;-8.6;0;0;0;0;0;99;0;0;1881;70.71;0;0;0;0;0;0;0;0;0;0;0;0;0;0;0;0;32;0;40.0;40.0;2;0;0.00;0.00;0.00;0.0;0.0
27.555;98;1586;41;65026;10.0;19.700;1.340;28;59;9;0;100;101;100;115;100;116;100;51;51;0;1.976;1.976;0.000;0.000;14.700;1.000;10.4;0.0;0;32;3.000;2.751;12.6;-100;0;0;-8.4;0;0;0;0;0;99;0;0;1881;71.16;0;0;0;0;0;0;0;0;0;0;0;0;0;0;0;0;32;0;41.0;41.0;2;0;0.00;0.00;0.00;0.0;0.0
27.621;98;1562;41;64042;10.0;19.700;1.340;28;59;9;0;100;101;100;115;100;116;100;51;51;0;1.976;1.976;0.000;0.000;14.700;1.000;10.3;0.0;0;32;3.000;2.895;12.6;-100;0;0;-8.4;0;0;0;0;0;99;0;0;1881;72.25;0;0;0;0;0;0;0;0;0;0;0;0;0;0;0;0;32;0;41.0;41.0;2;0;0.00;0.00;0.00;0.0;0.0
27.686;98;1561;41;64001;10.0;19.700;1.340;28;59;9;0;100;101;100;115;100;116;100;51;51;0;1.976;1.976;0.000;0.000;14.700;1.000;10.3;0.0;0;32;3.000;2.775;12.6;-240;0;0;-8.4;0;0;0;0;0;99;0;0;1881;72.30;0;0;0;0;0;0;0;0;0;0;0;0;0;0;0;0;32;0;41.0;41.0;2;0;0.00;0.00;0.00;0.0;0.0
27.752;98;1552;41;63632;10.0;19.700;1.340;28;59;9;0;100;101;100;115;100;116;100;51;51;0;1.964;1.964;0.000;0.000;14.700;1.000;10.2;0.0;0;32;3.000;2.971;12.7;-100;0;0;-8.4;0;0;0;0;0;99;0;0;1881;72.72;0;0;0;0;0;0;0;0;0;0;0;0;0;0;0;0;32;0;41.0;41.0;2;0;0.00;0.00;0.00;0.0;0.0
27.752;98;1547;41;63427;10.0;19.700;1.340;28;59;9;0;100;101;100;115;100;116;100;51;51;0;1.964;1.964;0.000;0.000;14.700;1.000;10.1;0.0;0;32;3.000;2.860;12.7;-100;0;0;-8.4;0;0;0;0;0;99;0;0;1881;72.95;0;0;0;0;0;0;0;0;0;0;0;0;0;0;0;0;32;0;41.0;41.0;2;0;0.00;0.00;0.00;0.0;0.0
27.887;98;1542;41;63222;10.0;19.700;1.340;28;59;9;0;100;101;100;115;100;116;100;51;51;0;1.964;1.964;0.000;0.000;14.700;1.000;10.1;0.0;0;32;3.000;2.935;12.7;-50;0;0;-8.4;0;0;0;0;0;99;0;0;1881;73.19;0;0;0;0;0;0;0;0;0;0;0;0;0;0;0;0;32;0;41.0;41.0;2;0;0.00;0.00;0.00;0.0;0.0
27.953;98;1542;41;63222;10.0;19.700;1.340;28;59;9;0;100;101;100;115;100;116;100;51;51;0;1.964;1.964;0.000;0.000;14.700;1.000;10.1;0.0;0;32;3.000;2.904;12.7;-50;0;0;-8.4;0;0;0;0;0;99;0;0;1881;73.19;0;0;0;0;0;0;0;0;0;0;0;0;0;0;0;0;32;0;41.0;41.0;2;0;0.00;0.00;0.00;0.0;0.0
28.019;98;1549;41;63509;10.0;19.700;1.340;28;59;9;0;100;101;100;115;100;116;100;51;51;0;1.952;1.952;0.000;0.000;14.700;1.000;10.1;0.0;0;32;3.000;2.945;12.8;-50;0;0;-8.4;0;0;0;0;0;99;0;0;1881;72.86;0;0;0;0;0;0;0;0;0;0;0;0;0;0;0;0;32;0;41.0;41.0;2;0;0.00;0.00;0.00;0.0;0.0
28.087;98;1546;41;63386;10.0;19.700;1.340;28;59;9;0;100;101;100;115;100;116;100;51;51;0;1.952;1.952;0.000;0.000;14.700;1.000;10.1;0.0;0;32;3.000;2.834;12.8;70;0;0;-8.4;0;0;0;0;0;99;0;0;1881;73.00;0;0;0;0;0;0;0;0;0;0;0;0;0;0;0;0;32;0;41.0;41.0;2;0;0.00;0.00;0.00;0.0;0.0
28.153;98;1536;41;62976;10.0;19.700;1.340;28;59;9;0;100;101;100;115;100;116;100;51;51;0;1.952;1.952;0.000;0.000;14.700;1.000;10.0;0.0;0;32;3.000;2.928;12.8;-130;0;0;-8.4;0;0;0;0;0;99;0;0;1881;73.48;0;0;0;0;0;0;0;0;0;0;0;0;0;0;0;0;32;0;41.0;41.0;2;0;0.00;0.00;0.00;0.0;0.0
28.153;98;1540;42;64680;10.0;19.700;1.340;28;59;9;0;100;101;100;115;100;116;100;51;51;0;1.971;1.971;0.000;0.000;14.700;1.000;10.1;0.0;0;32;3.000;2.932;12.8;-130;0;0;-8.3;0;0;0;0;0;99;0;0;1881;73.29;0;0;0;0;0;0;0;0;0;0;0;0;0;0;0;0;32;0;42.0;42.0;2;0;0.00;0.00;0.00;0.0;0.0
28.219;99;1541;41;63181;10.0;19.700;1.340;28;59;9;0;100;101;100;115;100;116;100;51;51;0;1.940;1.940;0.000;0.000;14.700;1.000;10.0;0.0;0;32;3.000;2.870;12.9;40;0;0;-8.4;0;0;0;0;0;99;0;0;1880;73.20;0;0;0;0;0;0;0;0;0;0;0;0;0;0;0;0;32;0;41.0;41.0;2;0;0.00;0.00;0.00;0.0;0.0
28.354;99;1533;41;62853;10.0;19.700;1.340;28;59;9;0;100;101;100;115;100;116;100;51;51;0;1.940;1.940;0.000;0.000;14.700;1.000;9.9;0.0;0;32;3.000;2.939;12.9;10;0;0;-8.4;0;0;0;0;0;99;0;0;1880;73.58;0;0;0;0;0;0;0;0;0;0;0;0;0;0;0;0;32;0;41.0;41.0;2;0;0.00;0.00;0.00;0.0;0.0
28.354;99;1533;42;64386;10.0;19.700;1.340;28;59;9;0;100;101;100;115;100;116;100;51;51;0;1.959;1.959;0.000;0.000;14.700;1.000;10.0;0.0;0;32;3.000;2.897;12.9;10;0;0;-8.3;0;0;0;0;0;99;0;0;1880;73.58;0;0;0;0;0;0;0;0;0;0;0;0;0;0;0;0;32;0;42.0;42.0;2;0;0.00;0.00;0.00;0.0;0.0
28.489;99;1530;42;64260;10.0;19.700;1.340;28;59;9;0;100;101;100;115;100;116;100;51;51;0;1.959;1.959;0.000;0.000;14.700;1.000;10.0;0.0;0;32;3.000;2.931;12.9;-110;0;0;-8.3;0;0;0;0;0;99;0;0;1880;73.73;0;0;0;0;0;0;0;0;0;0;0;0;0;0;0;0;32;0;42.0;42.0;2;0;0.00;0.00;0.00;0.0;0.0
28.555;99;1525;41;62525;10.0;19.700;1.340;28;59;9;0;100;101;100;115;100;116;100;51;51;0;1.928;1.928;0.000;0.000;14.700;1.000;9.8;0.0;0;32;3.000;2.747;13.0;-50;0;0;-8.4;0;0;0;0;0;99;0;0;1880;73.97;0;0;0;0;0;0;0;0;0;0;0;0;0;0;0;0;32;0;41.0;41.0;2;0;0.00;0.00;0.00;0.0;0.0
28.625;99;1506;42;63252;10.0;19.700;1.340;28;59;9;0;100;101;100;115;100;116;100;51;51;0;1.947;1.947;0.000;0.000;14.700;1.000;9.8;0.0;0;32;3.000;2.871;13.0;-50;0;0;-8.3;0;0;0;0;0;99;0;0;1880;74.90;0;0;0;0;0;0;0;0;0;0;0;0;0;0;0;0;32;0;42.0;42.0;2;0;0.00;0.00;0.00;0.0;0.0
28.691;99;1491;42;62622;10.0;19.700;1.340;28;59;9;0;100;101;100;115;100;116;100;51;51;0;1.947;1.947;0.000;0.000;14.700;1.000;9.7;0.0;0;31;3.000;2.789;13.0;-190;0;0;-8.3;0;0;0;0;0;99;0;0;1880;75.65;0;0;0;0;0;0;0;0;0;0;0;0;0;0;0;0;31;0;42.0;42.0;2;0;0.00;0.00;0.00;0.0;0.0
28.761;99;1494;42;62748;10.0;19.700;1.340;28;59;9;0;100;101;100;115;100;116;100;51;51;0;1.995;1.995;0.000;0.000;14.700;1.000;9.9;0.0;0;31;3.000;2.977;12.6;-180;0;0;-8.3;0;0;0;0;0;99;0;0;1880;75.50;0;0;0;0;0;0;0;0;0;0;0;0;0;0;0;0;31;0;42.0;42.0;2;0;0.00;0.00;0.00;0.0;0.0
28.830;99;1477;43;63511;10.0;19.700;1.340;28;59;9;0;100;101;100;115;100;116;100;52;52;0;2.022;2.022;0.000;0.000;14.700;1.000;10.0;0.0;0;31;3.000;2.818;12.6;-180;0;0;-8.1;0;0;0;0;0;99;0;0;1880;76.37;0;0;0;0;0;0;0;0;0;0;0;0;0;0;0;0;31;0;43.0;43.0;2;0;0.00;0.00;0.00;0.0;0.0
28.896;99;1478;43;63554;10.0;19.700;1.340;28;59;9;0;100;101;100;115;100;116;100;52;52;0;2.022;2.022;0.000;0.000;14.700;1.000;10.0;0.0;0;31;3.000;2.715;12.6;10;0;0;-8.1;0;0;0;0;0;99;0;0;1880;76.32;0;0;0;0;0;0;0;0;0;0;0;0;0;0;0;0;31;0;43.0;43.0;2;0;0.00;0.00;0.00;0.0;0.0
28.963;99;1507;42;63294;10.0;19.700;1.340;28;59;9;0;100;101;100;115;100;116;100;51;51;0;1.995;1.995;0.000;0.000;14.700;1.000;10.0;0.0;0;32;3.000;2.948;12.6;-20;0;0;-8.3;0;0;0;0;0;99;0;0;1880;74.85;0;0;0;0;0;0;0;0;0;0;0;0;0;0;0;0;32;0;42.0;42.0;2;0;0.00;0.00;0.00;0.0;0.0
29.027;99;1506;42;63252;10.0;19.700;1.340;28;59;9;0;100;101;100;115;100;116;100;51;51;0;1.983;1.983;0.000;0.000;14.700;1.000;10.0;0.0;0;32;3.000;2.978;12.7;-20;0;0;-8.3;0;0;0;0;0;99;0;0;1880;74.90;0;0;0;0;0;0;0;0;0;0;0;0;0;0;0;0;32;0;42.0;42.0;2;0;0.00;0.00;0.00;0.0;0.0
29.095;99;1516;42;63672;10.0;19.700;1.340;28;59;9;0;100;101;100;115;100;116;100;51;51;0;1.983;1.983;0.000;0.000;14.700;1.000;10.0;0.0;0;32;3.000;2.929;12.7;190;0;0;-8.3;0;0;0;0;0;99;0;0;1880;74.41;0;0;0;0;0;0;0;0;0;0;0;0;0;0;0;0;32;0;42.0;42.0;2;0;0.00;0.00;0.00;0.0;0.0
29.158;99;1513;42;63546;10.0;19.700;1.340;28;59;9;0;100;101;100;115;100;116;100;51;51;0;1.983;1.983;0.000;0.000;14.700;1.000;10.0;0.0;0;32;3.000;2.832;12.7;70;0;0;-8.3;0;0;0;0;0;99;0;0;1880;74.55;0;0;0;0;0;0;0;0;0;0;0;0;0;0;0;0;32;0;42.0;42.0;2;0;0.00;0.00;0.00;0.0;0.0
29.225;99;1513;42;63546;10.0;19.700;1.340;28;59;9;0;100;101;100;115;100;116;100;51;51;0;1.983;1.983;0.000;0.000;14.700;1.000;10.0;0.0;0;32;3.000;2.939;12.7;70;0;0;-8.3;0;0;0;0;0;99;0;0;1880;74.55;0;0;0;0;0;0;0;0;0;0;0;0;0;0;0;0;32;0;42.0;42.0;2;0;0.00;0.00;0.00;0.0;0.0
29.294;100;1524;42;64008;10.0;19.700;1.340;28;59;9;0;100;101;100;115;100;116;100;51;51;0;1.959;1.959;0.000;0.000;14.700;1.000;10.0;0.0;0;32;3.000;2.708;12.9;110;0;0;-8.3;0;0;0;0;0;99;0;0;1846;72.68;0;0;0;0;0;0;0;0;0;0;0;0;0;0;0;0;32;0;42.0;42.0;2;0;0.00;0.00;0.00;0.0;0.0
29.363;100;1514;42;63588;10.0;19.700;1.340;28;59;9;0;100;101;100;115;100;116;100;51;51;0;1.959;1.959;0.000;0.000;14.700;1.000;9.9;0.0;0;32;3.000;2.828;12.9;-100;0;0;-8.3;0;0;0;0;0;99;0;0;1846;73.16;0;0;0;0;0;0;0;0;0;0;0;0;0;0;0;0;32;0;42.0;42.0;2;0;0.00;0.00;0.00;0.0;0.0
29.428;100;1511;42;63462;10.0;19.700;1.340;28;59;9;0;100;101;100;115;100;116;100;51;51;0;1.959;1.959;0.000;0.000;14.700;1.000;9.9;0.0;0;32;3.000;2.864;12.9;-100;0;0;-8.3;0;0;0;0;0;99;0;0;1846;73.30;0;0;0;0;0;0;0;0;0;0;0;0;0;0;0;0;32;0;42.0;42.0;2;0;0.00;0.00;0.00;0.0;0.0
29.494;100;1500;42;63000;10.0;19.700;1.340;28;59;9;0;100;101;100;115;100;116;100;51;51;0;1.959;1.959;0.000;0.000;14.700;1.000;9.8;0.0;0;32;3.000;2.776;12.9;-30;0;0;-8.3;0;0;0;0;0;99;0;0;1846;73.84;0;0;0;0;0;0;0;0;0;0;0;0;0;0;0;0;32;0;42.0;42.0;2;0;0.00;0.00;0.00;0.0;0.0
29.559;100;1489;42;62538;10.0;19.700;1.340;28;59;9;0;100;101;100;115;100;116;100;51;51;0;1.959;1.959;0.000;0.000;14.700;1.000;9.7;0.0;0;31;3.000;2.913;12.9;-30;0;0;-8.3;0;0;0;0;0;99;0;0;1846;74.39;0;0;0;0;0;0;0;0;0;0;0;0;0;0;0;0;31;0;42.0;42.0;2;0;0.00;0.00;0.00;0.0;0.0
29.625;100;1486;42;62412;10.0;19.700;1.340;28;59;9;0;100;101;100;115;100;116;100;51;51;0;1.959;1.959;0.000;0.000;14.700;1.000;9.7;0.0;0;31;3.000;2.855;12.9;-100;0;0;-8.3;0;0;0;0;0;99;0;0;1846;74.54;0;0;0;0;0;0;0;0;0;0;0;0;0;0;0;0;31;0;42.0;42.0;2;0;0.00;0.00;0.00;0.0;0.0
29.692;100;1462;42;61404;10.0;19.700;1.340;28;59;9;0;100;101;100;115;100;116;100;51;51;0;1.959;1.959;0.000;0.000;14.700;1.000;9.5;0.0;0;31;3.000;2.767;12.9;-230;0;0;-8.3;0;0;0;0;0;99;0;0;1846;75.76;0;0;0;0;0;0;0;0;0;0;0;0;0;0;0;0;31;0;42.0;42.0;2;0;0.00;0.00;0.00;0.0;0.0
29.759;100;1470;43;63210;10.0;19.700;1.340;28;59;9;0;100;101;100;115;100;116;100;52;52;0;1.986;1.986;0.000;0.000;14.700;1.000;9.7;0.0;0;31;3.000;2.840;12.9;-230;0;0;-8.1;0;0;0;0;0;99;0;0;1846;75.35;0;0;0;0;0;0;0;0;0;0;0;0;0;0;0;0;31;0;43.0;43.0;2;0;0.00;0.00;0.00;0.0;0.0
29.825;100;1459;43;62737;10.0;19.700;1.340;28;59;9;0;100;101;100;115;100;116;100;52;52;0;1.998;1.998;0.000;0.000;14.700;1.000;9.7;0.0;0;32;3.000;2.770;12.8;-80;0;0;-8.1;0;0;0;0;0;99;0;0;1846;75.92;0;0;0;0;0;0;0;0;0;0;0;0;0;0;0;0;32;0;43.0;43.0;2;0;0.00;0.00;0.00;0.0;0.0
29.825;100;1477;43;63511;10.0;19.700;1.340;28;59;9;0;100;101;100;115;100;116;100;52;52;0;1.998;1.998;0.000;0.000;14.700;1.000;9.8;0.0;0;31;3.000;2.951;12.8;-70;0;0;-8.1;0;0;0;0;0;99;0;0;1846;74.99;0;0;0;0;0;0;0;0;0;0;0;0;0;0;0;0;31;0;43.0;43.0;2;0;0.00;0.00;0.00;0.0;0.0
29.956;100;1472;43;63296;10.0;19.700;1.340;28;59;9;0;100;101;100;115;100;116;100;52;52;0;1.998;1.998;0.000;0.000;14.700;1.000;9.8;0.0;0;32;3.000;2.689;12.8;-70;0;0;-8.1;0;0;0;0;0;99;0;0;1846;75.24;0;0;0;0;0;0;0;0;0;0;0;0;0;0;0;0;32;0;43.0;43.0;2;0;0.00;0.00;0.00;0.0;0.0
30.022;100;1457;43;62651;10.0;19.700;1.340;28;59;9;0;100;101;100;115;100;116;100;52;52;0;1.998;1.998;0.000;0.000;14.700;1.000;9.7;0.0;0;32;3.000;2.869;12.8;90;0;0;-8.1;0;0;0;0;0;99;0;0;1846;76.02;0;0;0;0;0;0;0;0;0;0;0;0;0;0;0;0;32;0;43.0;43.0;2;0;0.00;0.00;0.00;0.0;0.0
30.091;100;1476;43;63468;10.0;19.700;1.340;28;59;9;0;100;101;100;115;100;116;100;52;52;0;1.998;1.998;0.000;0.000;14.700;1.000;9.8;0.0;0;32;3.000;3.065;12.8;60;0;0;-8.1;0;0;0;0;0;99;0;0;1846;75.04;0;0;0;0;0;0;0;0;0;0;0;0;0;0;0;0;32;0;43.0;43.0;2;0;0.00;0.00;0.00;0.0;0.0
30.157;100;1469;43;63167;10.0;19.700;1.340;28;59;9;0;100;101;100;115;100;116;100;52;52;0;1.998;1.998;0.000;0.000;14.700;1.000;9.8;0.0;0;31;3.000;2.660;12.8;60;0;0;-8.1;0;0;0;0;0;99;0;0;1846;75.40;0;0;0;0;0;0;0;0;0;0;0;0;0;0;0;0;31;0;43.0;43.0;2;0;0.00;0.00;0.00;0.0;0.0
30.222;100;1486;43;63898;10.0;19.700;1.340;28;59;9;0;100;101;100;115;100;116;100;52;52;0;1.998;1.998;0.000;0.000;14.700;1.000;9.9;0.0;0;31;3.000;3.009;12.8;-120;0;0;-8.1;0;0;0;0;0;99;0;0;1846;74.54;0;0;0;0;0;0;0;0;0;0;0;0;0;0;0;0;31;0;43.0;43.0;2;0;0.00;0.00;0.00;0.0;0.0
30.291;101;1484;43;63812;10.0;19.700;1.340;28;59;9;0;100;101;100;115;100;116;100;52;52;0;1.974;1.974;0.000;0.000;14.700;1.000;9.8;0.0;0;32;3.000;3.131;13.0;70;0;0;-8.1;0;0;0;0;0;99;0;0;1850;74.80;0;0;0;0;0;0;0;0;0;0;0;0;0;0;0;0;32;0;43.0;43.0;2;0;0.00;0.00;0.00;0.0;0.0
30.360;101;1468;43;63124;10.0;19.700;1.340;28;59;9;0;100;101;100;115;100;116;100;52;52;0;1.974;1.974;0.000;0.000;14.700;1.000;9.7;0.0;0;32;3.000;2.739;13.0;70;0;0;-8.1;0;0;0;0;0;99;0;0;1850;75.61;0;0;0;0;0;0;0;0;0;0;0;0;0;0;0;0;32;0;43.0;43.0;2;0;0.00;0.00;0.00;0.0;0.0
30.360;101;1471;43;63253;10.0;19.600;1.333;28;59;9;0;100;101;100;115;100;116;100;52;52;0;1.974;1.974;0.000;0.000;14.700;1.000;9.7;0.0;0;32;3.000;2.777;13.0;10;0;0;-8.1;0;0;0;0;0;99;0;0;1850;75.46;0;0;0;0;0;0;0;0;0;0;0;0;0;0;0;0;32;0;43.0;43.0;2;0;0.00;0.00;0.00;0.0;0.0
30.496;101;1478;43;63554;10.0;19.700;1.340;28;59;9;0;100;101;100;115;100;116;100;52;52;0;1.974;1.974;0.000;0.000;14.700;1.000;9.7;0.0;0;31;3.000;2.890;13.0;30;0;0;-8.1;0;0;0;0;0;99;0;0;1850;75.10;0;0;0;0;0;0;0;0;0;0;0;0;0;0;0;0;31;0;43.0;43.0;2;0;0.00;0.00;0.00;0.0;0.0
30.558;101;1460;43;62780;10.0;19.700;1.340;28;59;9;0;100;101;100;115;100;116;100;52;52;0;1.974;1.974;0.000;0.000;14.700;1.000;9.6;0.0;0;32;3.000;2.895;13.0;30;0;0;-8.1;0;0;0;0;0;99;0;0;1850;76.03;0;0;0;0;0;0;0;0;0;0;0;0;0;0;0;0;32;0;43.0;43.0;2;0;0.00;0.00;0.00;0.0;0.0
30.624;101;1467;43;63081;10.0;19.700;1.340;28;59;9;0;100;101;100;115;100;116;100;52;52;0;1.974;1.974;0.000;0.000;14.700;1.000;9.7;0.0;0;32;3.000;2.975;13.0;-150;0;0;-8.1;0;0;0;0;0;99;0;0;1850;75.66;0;0;0;0;0;0;0;0;0;0;0;0;0;0;0;0;32;0;43.0;43.0;2;0;0.00;0.00;0.00;0.0;0.0
30.689;101;1465;40;58600;10.0;19.700;1.340;28;59;9;0;100;101;100;115;100;116;100;50;50;0;1.910;1.910;0.000;0.000;14.700;1.000;9.3;0.0;0;31;3.000;2.863;13.0;-90;0;0;-8.6;0;0;0;0;0;99;0;0;1850;75.77;0;0;0;0;0;0;0;0;0;0;0;0;0;0;0;0;31;0;40.0;40.0;2;0;0.00;0.00;0.00;0.0;0.0
30.755;101;1431;43;61533;10.0;19.700;1.340;28;59;9;0;100;101;100;115;100;116;100;52;52;0;1.974;1.974;0.000;0.000;14.700;1.000;9.4;0.0;0;31;3.000;2.650;13.0;-90;0;0;-8.1;0;0;0;0;0;99;0;0;1850;77.57;0;0;0;0;0;0;0;0;0;0;0;0;0;0;0;0;31;0;43.0;43.0;2;0;0.00;0.00;0.00;0.0;0.0
30.825;101;1430;43;61490;10.0;19.700;1.340;28;59;9;0;100;101;100;115;100;116;100;51;51;0;1.957;1.957;0.000;0.000;14.700;1.000;9.3;0.0;0;31;3.000;2.886;13.0;-170;0;0;-8.1;0;0;0;0;0;99;0;0;1850;77.62;0;0;0;0;0;0;0;0;0;0;0;0;0;0;0;0;31;0;43.0;43.0;2;0;0.00;0.00;0.00;0.0;0.0
30.890;101;1411;44;62084;10.0;19.700;1.340;28;59;9;0;100;101;100;115;100;116;100;52;52;0;1.984;1.984;0.000;0.000;14.700;1.000;9.3;0.0;0;31;3.000;2.707;13.0;-250;0;0;-8.0;0;0;0;0;0;99;0;0;1850;78.67;0;0;0;0;0;0;0;0;0;0;0;0;0;0;0;0;31;0;44.0;44.0;2;0;0.00;0.00;0.00;0.0;0.0
30.961;101;1393;45;62685;10.0;19.700;1.340;28;59;9;0;100;101;100;115;100;116;100;52;52;0;2.004;2.004;0.000;0.000;14.700;1.000;9.3;0.0;0;31;3.000;2.971;13.0;-250;0;0;-7.8;0;0;0;0;0;99;0;0;1850;79.68;0;0;0;0;0;0;0;0;0;0;0;0;0;0;0;0;31;0;45.0;45.0;2;0;0.00;0.00;0.00;0.0;0.0
31.032;101;1387;45;62415;10.0;19.700;1.340;28;59;9;0;100;101;100;115;100;116;100;52;52;0;2.004;2.004;0.000;0.000;14.700;1.000;9.3;0.0;0;31;3.000;2.740;13.0;-180;0;0;-7.8;0;0;0;0;0;99;0;0;1850;80.03;0;0;0;0;0;0;0;0;0;0;0;0;0;0;0;0;31;0;45.0;45.0;2;0;0.00;0.00;0.00;0.0;0.0
31.032;101;1376;45;61920;10.0;19.700;1.340;28;59;9;0;100;101;100;115;100;116;100;52;52;0;2.004;2.004;0.000;0.000;14.700;1.000;9.2;0.0;0;31;3.000;2.872;13.0;-170;0;0;-7.8;0;0;0;0;0;99;0;0;1850;80.67;0;0;0;0;0;0;0;0;0;0;0;0;0;0;0;0;31;0;45.0;45.0;2;0;0.00;0.00;0.00;0.0;0.0
31.097;101;1371;45;61695;10.0;19.700;1.340;28;59;9;0;100;101;100;115;100;116;100;52;52;0;2.004;2.004;0.000;0.000;14.700;1.000;9.2;0.0;0;31;3.000;2.926;13.0;-170;0;0;-7.8;0;0;0;0;0;99;0;0;1850;80.96;0;0;0;0;0;0;0;0;0;0;0;0;0;0;0;0;31;0;45.0;45.0;2;0;0.00;0.00;0.00;0.0;0.0
31.225;101;1370;46;63020;10.0;19.700;1.340;28;59;9;0;100;101;100;115;100;116;100;53;53;0;2.024;2.024;0.000;0.000;14.700;1.000;9.2;0.0;0;31;3.000;3.018;13.0;-160;0;0;-7.7;0;0;0;0;0;99;0;0;1850;81.02;0;0;0;0;0;0;0;0;0;0;0;0;0;0;0;0;31;0;46.0;46.0;2;0;0.00;0.00;0.00;0.0;0.0
31.225;102;1355;46;62330;10.0;19.700;1.340;28;59;9;0;100;101;100;115;100;116;100;53;53;0;2.060;2.060;0.000;0.000;14.700;1.000;9.3;0.0;0;31;3.000;2.697;12.7;-50;0;0;-7.7;0;0;0;0;0;99;0;0;1860;82.36;0;0;0;0;0;0;0;0;0;0;0;0;0;0;0;0;31;0;46.0;46.0;2;0;0.00;0.00;0.00;0.0;0.0
31.291;102;1369;46;62974;10.0;19.700;1.340;28;59;9;0;100;101;100;115;100;116;100;53;53;0;2.060;2.060;0.000;0.000;14.700;1.000;9.4;0.0;0;31;3.000;3.028;12.7;-50;0;0;-7.7;0;0;0;0;0;99;0;0;1860;81.52;0;0;0;0;0;0;0;0;0;0;0;0;0;0;0;0;31;0;46.0;46.0;2;0;0.00;0.00;0.00;0.0;0.0
31.422;102;1373;46;63158;10.0;19.700;1.340;28;59;9;0;100;101;100;115;100;116;100;53;53;0;2.060;2.060;0.000;0.000;14.700;1.000;9.4;0.0;0;31;3.000;2.954;12.7;210;0;0;-7.7;0;0;0;0;0;99;0;0;1860;81.28;0;0;0;0;0;0;0;0;0;0;0;0;0;0;0;0;31;0;46.0;46.0;2;0;0.00;0.00;0.00;0.0;0.0
31.487;102;1382;46;63572;10.0;19.700;1.340;28;59;9;0;100;101;100;115;100;116;100;53;53;0;2.060;2.060;0.000;0.000;14.700;1.000;9.5;0.0;0;31;3.000;3.164;12.7;210;0;0;-7.7;0;0;0;0;0;99;0;0;1860;80.75;0;0;0;0;0;0;0;0;0;0;0;0;0;0;0;0;31;0;46.0;46.0;2;0;0.00;0.00;0.00;0.0;0.0
31.553;102;1382;45;62190;10.0;19.700;1.340;28;59;9;0;100;101;100;115;100;116;100;52;52;0;2.016;2.016;0.000;0.000;14.700;1.000;9.3;0.0;0;31;3.000;3.034;12.9;110;0;0;-7.8;0;0;0;0;0;99;0;0;1860;80.75;0;0;0;0;0;0;0;0;0;0;0;0;0;0;0;0;31;0;45.0;45.0;2;0;0.00;0.00;0.00;0.0;0.0
31.622;102;1390;45;62550;10.0;19.700;1.340;28;59;9;0;100;101;100;115;100;116;100;52;52;0;2.016;2.016;0.000;0.000;14.700;1.000;9.3;0.0;0;31;3.000;2.864;12.9;0;0;0;-7.8;0;0;0;0;0;99;0;0;1860;80.29;0;0;0;0;0;0;0;0;0;0;0;0;0;0;0;0;31;0;45.0;45.0;2;0;0.00;0.00;0.00;0.0;0.0
31.688;102;1411;45;63495;10.0;19.700;1.340;28;59;9;0;100;101;100;115;100;116;100;52;52;0;2.016;2.016;0.000;0.000;14.700;1.000;9.5;0.0;0;31;3.000;2.791;12.9;0;0;0;-7.8;0;0;0;0;0;99;0;0;1860;79.09;0;0;0;0;0;0;0;0;0;0;0;0;0;0;0;0;31;0;45.0;45.0;2;0;0.00;0.00;0.00;0.0;0.0
31.688;102;1410;45;63450;10.0;19.700;1.340;28;59;9;0;100;101;100;115;100;116;100;52;52;0;2.016;2.016;0.000;0.000;14.700;1.000;9.5;0.0;0;31;3.000;2.851;12.9;240;0;0;-7.8;0;0;0;0;0;99;0;0;1860;79.15;0;0;0;0;0;0;0;0;0;0;0;0;0;0;0;0;31;0;45.0;45.0;2;0;0.00;0.00;0.00;0.0;0.0
31.754;102;1404;45;63180;10.0;19.700;1.340;28;59;9;0;100;101;100;115;100;116;100;52;52;0;2.016;2.016;0.000;0.000;14.700;1.000;9.4;0.0;0;31;3.000;2.953;12.9;-130;0;0;-7.8;0;0;0;0;0;99;0;0;1860;79.49;0;0;0;0;0;0;0;0;0;0;0;0;0;0;0;0;31;0;45.0;45.0;2;0;0.00;0.00;0.00;0.0;0.0
31.823;102;1414;45;63630;10.0;19.700;1.340;28;59;9;0;100;101;100;115;100;116;100;52;52;0;2.016;2.016;0.000;0.000;14.700;1.000;9.5;0.0;0;31;3.000;2.868;12.9;-130;0;0;-7.8;0;0;0;0;0;99;0;0;1860;78.93;0;0;0;0;0;0;0;0;0;0;0;0;0;0;0;0;31;0;45.0;45.0;2;0;0.00;0.00;0.00;0.0;0.0
31.954;102;1438;44;63272;10.0;19.700;1.340;28;59;9;0;100;101;100;115;100;116;100;52;52;0;1.996;1.996;0.000;0.000;14.700;1.000;9.6;0.0;0;31;3.000;3.028;12.9;360;0;0;-8.0;0;0;0;0;0;99;0;0;1860;77.61;0;0;0;0;0;0;0;0;0;0;0;0;0;0;0;0;31;0;44.0;44.0;2;0;0.00;0.00;0.00;0.0;0.0
32.020;102;1429;44;62876;10.0;19.700;1.340;28;59;9;0;100;101;100;115;100;116;100;52;52;0;1.996;1.996;0.000;0.000;14.700;1.000;9.5;0.0;0;31;3.000;2.910;12.9;-60;0;0;-8.0;0;0;0;0;0;99;0;0;1860;78.10;0;0;0;0;0;0;0;0;0;0;0;0;0;0;0;0;31;0;44.0;44.0;2;0;0.00;0.00;0.00;0.0;0.0
32.089;102;1441;44;63404;10.0;19.700;1.340;28;60;9;0;100;101;100;114;100;115;100;52;52;0;1.993;1.993;0.000;0.000;14.700;1.000;9.6;0.0;0;31;3.000;2.909;12.9;-60;0;0;-8.0;0;0;0;0;0;99;0;0;1860;77.45;0;0;0;0;0;0;0;0;0;0;0;0;0;0;0;0;31;0;44.0;44.0;2;0;0.00;0.00;0.00;0.0;0.0
32.155;102;1443;44;63492;10.0;19.700;1.340;28;60;9;0;100;101;100;114;100;115;100;52;52;0;1.993;1.993;0.000;0.000;14.700;1.000;9.6;0.0;0;31;3.000;3.000;12.9;130;0;0;-8.0;0;0;0;0;0;99;0;0;1860;77.34;0;0;0;0;0;0;0;0;0;0;0;0;0;0;0;0;31;0;44.0;44.0;2;0;0.00;0.00;0.00;0.0;0.0
32.155;102;1419;44;62436;10.0;19.700;1.340;28;60;9;0;100;101;100;114;100;115;100;52;52;0;1.993;1.993;0.000;0.000;14.700;1.000;9.4;0.0;0;31;3.000;2.733;12.9;-10;0;0;-8.0;0;0;0;0;0;99;0;0;1860;78.65;0;0;0;0;0;0;0;0;0;0;0;0;0;0;0;0;31;0;44.0;44.0;2;0;0.00;0.00;0.00;0.0;0.0
32.290;102;1417;44;62348;10.0;19.700;1.340;28;60;9;0;100;101;100;114;100;115;100;52;52;0;1.993;1.993;0.000;0.000;14.700;1.000;9.4;0.0;0;31;3.000;2.890;12.9;-10;0;0;-8.0;0;0;0;0;0;99;0;0;1860;78.76;0;0;0;0;0;0;0;0;0;0;0;0;0;0;0;0;31;0;44.0;44.0;2;0;0.00;0.00;0.00;0.0;0.0
32.290;103;1409;44;61996;10.0;19.700;1.340;28;60;9;0;100;101;100;114;100;115;100;52;52;0;1.981;1.981;0.000;0.000;14.700;1.000;9.3;0.0;0;31;3.000;2.771;13.0;-370;0;0;-8.0;0;0;0;0;0;99;0;0;1853;78.91;0;0;0;0;0;0;0;0;0;0;0;0;0;0;0;0;31;0;44.0;44.0;2;0;0.00;0.00;0.00;0.0;0.0
32.422;103;1385;45;62325;10.0;19.700;1.340;28;60;9;0;100;101;100;114;100;115;100;52;52;0;2.000;2.000;0.000;0.000;14.700;1.000;9.2;0.0;0;31;3.000;2.784;13.0;-130;0;0;-7.8;0;0;0;0;0;99;0;0;1853;80.27;0;0;0;0;0;0;0;0;0;0;0;0;0;0;0;0;31;0;45.0;45.0;2;0;0.00;0.00;0.00;0.0;0.0
32.422;103;1409;45;63405;10.0;19.700;1.340;28;60;9;0;100;101;100;114;100;115;100;52;52;0;2.000;2.000;0.000;0.000;14.700;1.000;9.4;0.0;0;31;3.000;3.042;13.0;-130;0;0;-7.8;0;0;0;0;0;99;0;0;1853;78.91;0;0;0;0;0;0;0;0;0;0;0;0;0;0;0;0;31;0;45.0;45.0;2;0;0.00;0.00;0.00;0.0;0.0
32.556;103;1378;45;62010;10.0;19.700;1.340;28;60;9;0;100;101;100;114;100;115;100;52;52;0;2.000;2.000;0.000;0.000;14.700;1.000;9.2;0.0;0;31;3.000;2.726;13.0;140;0;0;-7.8;0;0;0;0;0;99;0;0;1853;80.68;0;0;0;0;0;0;0;0;0;0;0;0;0;0;0;0;31;0;45.0;45.0;2;0;0.00;0.00;0.00;0.0;0.0
32.622;103;1394;45;62730;10.0;19.700;1.340;28;60;9;0;100;101;100;114;100;115;100;52;52;0;1.988;1.988;0.000;0.000;14.700;1.000;9.2;0.0;0;31;3.000;2.917;13.1;-150;0;0;-7.8;0;0;0;0;0;99;0;0;1853;79.76;0;0;0;0;0;0;0;0;0;0;0;0;0;0;0;0;31;0;45.0;45.0;2;0;0.00;0.00;0.00;0.0;0.0
32.687;103;1400;45;63000;10.0;19.700;1.340;28;60;9;0;100;101;100;114;100;115;100;52;52;0;1.988;1.988;0.000;0.000;14.700;1.000;9.3;0.0;0;31;3.000;2.750;13.1;-150;0;0;-7.8;0;0;0;0;0;99;0;0;1853;79.41;0;0;0;0;0;0;0;0;0;0;0;0;0;0;0;0;31;0;45.0;45.0;2;0;0.00;0.00;0.00;0.0;0.0
32.687;103;1362;45;61290;10.0;19.700;1.340;28;60;9;0;100;101;100;114;100;115;100;52;52;0;1.988;1.988;0.000;0.000;14.700;1.000;9.0;0.0;0;31;3.000;2.890;13.1;0;0;0;-7.8;0;0;0;0;0;99;0;0;1853;81.63;0;0;0;0;0;0;0;0;0;0;0;0;0;0;0;0;31;0;45.0;45.0;2;0;0.00;0.00;0.00;0.0;0.0
32.822;103;1346;46;61916;10.0;19.700;1.340;28;60;9;0;100;101;100;114;100;115;100;53;53;0;2.020;2.020;0.000;0.000;14.700;1.000;9.1;0.0;0;31;3.000;2.845;13.0;-430;0;0;-7.7;0;0;0;0;0;99;0;0;1853;82.60;0;0;0;0;0;0;0;0;0;0;0;0;0;0;0;0;31;0;46.0;46.0;2;0;0.00;0.00;0.00;0.0;0.0
32.888;103;1354;46;62284;10.0;19.700;1.340;28;60;9;0;100;101;100;114;100;115;100;53;53;0;2.020;2.020;0.000;0.000;14.700;1.000;9.1;0.0;0;31;3.000;2.794;13.0;-430;0;0;-7.7;0;0;0;0;0;99;0;0;1853;82.11;0;0;0;0;0;0;0;0;0;0;0;0;0;0;0;0;31;0;46.0;46.0;2;0;0.00;0.00;0.00;0.0;0.0
32.954;103;1305;47;61335;10.0;19.700;1.340;28;60;9;0;100;101;100;114;100;115;100;53;53;0;2.030;2.030;0.000;0.000;14.600;0.993;8.8;0.0;0;31;3.000;2.716;13.0;-150;0;0;-7.5;0;0;0;0;0;99;0;0;1853;85.20;0;0;0;0;0;0;0;0;0;0;0;0;0;0;0;0;31;0;47.0;47.0;2;0;0.00;0.00;0.00;0.0;0.0
33.019;103;1320;47;62040;10.0;19.700;1.340;28;60;9;0;100;101;100;114;100;115;100;53;53;0;2.030;2.030;0.000;0.000;14.700;1.000;8.9;0.0;0;31;3.000;3.116;13.0;-110;0;0;-7.5;0;0;0;0;0;99;0;0;1853;84.23;0;0;0;0;0;0;0;0;0;0;0;0;0;0;0;0;31;0;47.0;47.0;2;0;0.00;0.00;0.00;0.0;0.0
33.089;103;1281;47;60207;10.0;19.700;1.340;28;60;9;0;100;101;100;114;100;115;100;53;53;0;2.030;2.030;0.000;0.000;14.600;0.993;8.7;0.0;0;31;3.000;2.537;13.0;-110;0;0;-7.5;0;0;0;0;0;99;0;0;1853;86.79;0;0;0;0;0;0;0;0;0;0;0;0;0;0;0;0;31;0;47.0;47.0;2;0;0.00;0.00;0.00;0.0;0.0
33.155;103;1312;48;62976;10.0;19.700;1.340;28;60;9;0;100;101;100;114;100;115;100;54;54;0;2.048;2.048;0.000;0.000;14.600;0.993;9.0;0.0;0;31;3.000;2.993;13.0;-250;0;0;-7.4;0;0;0;0;0;99;0;0;1853;84.74;0;0;0;0;0;0;0;0;0;0;0;0;0;0;0;0;31;0;48.0;48.0;2;0;0.00;0.00;0.00;0.0;0.0
33.224;103;1321;48;63408;10.0;19.700;1.340;28;60;9;0;100;101;100;114;100;115;100;54;54;0;2.048;2.048;0.000;0.000;14.600;0.993;9.0;0.0;0;31;3.000;3.090;13.0;290;0;0;-7.4;0;0;0;0;0;99;0;0;1853;84.16;0;0;0;0;0;0;0;0;0;0;0;0;0;0;0;0;31;0;48.0;48.0;2;0;0.00;0.00;0.00;0.0;0.0
33.290;103;1321;47;62087;10.0;19.700;1.340;28;60;9;0;100;101;100;114;100;115;100;53;53;0;2.030;2.030;0.000;0.000;14.600;0.993;8.9;0.0;0;31;3.000;2.825;13.0;290;0;0;-7.5;0;0;0;0;0;99;0;0;1853;84.16;0;0;0;0;0;0;0;0;0;0;0;0;0;0;0;0;31;0;47.0;47.0;2;0;0.00;0.00;0.00;0.0;0.0
33.359;104;1311;47;61617;10.0;19.700;1.340;28;60;9;0;100;101;100;114;100;115;100;53;53;0;2.030;2.030;0.000;0.000;14.700;1.000;8.9;0.0;0;31;3.000;2.897;13.0;70;0;0;-7.5;0;0;0;0;0;99;0;0;1860;85.13;0;0;0;0;0;0;0;0;0;0;0;0;0;0;0;0;31;0;47.0;47.0;2;0;0.00;0.00;0.00;0.0;0.0
33.359;104;1322;47;62134;10.0;19.700;1.340;28;60;9;0;100;101;100;114;100;115;100;54;54;0;2.038;2.038;0.000;0.000;14.600;0.993;9.0;0.0;0;31;3.000;2.976;13.0;0;0;0;-7.5;0;0;0;0;0;99;0;0;1860;84.42;0;0;0;0;0;0;0;0;0;0;0;0;0;0;0;0;31;0;47.0;47.0;2;0;0.00;0.00;0.00;0.0;0.0
33.495;104;1311;47;61617;10.0;19.700;1.340;28;60;9;0;100;101;100;114;100;115;100;53;53;0;2.030;2.030;0.000;0.000;14.700;1.000;8.9;0.0;0;31;3.000;2.910;13.0;0;0;0;-7.5;0;0;0;0;0;99;0;0;1860;85.13;0;0;0;0;0;0;0;0;0;0;0;0;0;0;0;0;31;0;47.0;47.0;2;0;0.00;0.00;0.00;0.0;0.0
33.564;104;1292;48;62016;10.0;19.700;1.340;28;60;9;0;100;101;100;114;100;115;100;54;54;0;2.048;2.048;0.000;0.000;14.500;0.986;8.8;0.0;0;31;3.000;2.701;13.0;-290;0;0;-7.4;0;0;0;0;0;99;0;0;1860;86.38;0;0;0;0;0;0;0;0;0;0;0;0;0;0;0;0;31;0;48.0;48.0;2;0;0.00;0.00;0.00;0.0;0.0
33.630;104;1303;48;62544;10.0;19.700;1.340;28;60;9;0;100;101;100;114;100;115;100;54;54;0;2.048;2.048;0.000;0.000;14.600;0.993;8.9;0.0;0;31;3.000;2.758;13.0;10;0;0;-7.4;0;0;0;0;0;99;0;0;1860;85.65;0;0;0;0;0;0;0;0;0;0;0;0;0;0;0;0;31;0;48.0;48.0;2;0;0.00;0.00;0.00;0.0;0.0
33.691;104;1278;48;61344;10.0;19.700;1.340;28;60;9;0;100;101;100;114;100;115;100;54;54;0;2.048;2.048;0.000;0.000;14.500;0.986;8.7;0.0;0;31;3.000;2.822;13.0;10;0;0;-7.4;0;0;0;0;0;99;0;0;1860;87.32;0;0;0;0;0;0;0;0;0;0;0;0;0;0;0;0;31;0;48.0;48.0;2;0;0.00;0.00;0.00;0.0;0.0
33.758;104;1279;49;62671;10.0;19.700;1.340;28;60;9;0;100;101;100;114;100;115;100;55;55;0;2.079;2.079;0.000;0.000;14.400;0.980;8.9;0.0;0;31;3.000;3.124;13.0;-400;0;0;-7.3;0;0;0;0;0;99;0;0;1860;87.26;0;0;0;0;0;0;0;0;0;0;0;0;0;0;0;0;31;0;49.0;49.0;2;0;0.00;0.00;0.00;0.0;0.0
33.831;104;1272;49;62328;10.0;19.700;1.340;28;60;9;0;100;101;100;114;100;115;100;55;55;0;2.079;2.079;0.000;0.000;14.400;0.980;8.8;0.0;0;31;3.000;2.789;13.0;-400;0;0;-7.3;0;0;0;0;0;99;0;0;1860;87.74;0;0;0;0;0;0;0;0;0;0;0;0;0;0;0;0;31;0;49.0;49.0;2;0;0.00;0.00;0.00;0.0;0.0
33.898;104;1279;49;62671;10.0;19.700;1.340;28;60;9;0;100;101;100;114;100;115;100;55;55;0;2.079;2.079;0.000;0.000;14.400;0.980;8.9;0.0;0;31;3.000;2.892;13.0;90;0;0;-7.3;0;0;0;0;0;99;0;0;1860;87.26;0;0;0;0;0;0;0;0;0;0;0;0;0;0;0;0;31;0;49.0;49.0;2;0;0.00;0.00;0.00;0.0;0.0
33.962;104;1284;49;62916;10.0;19.700;1.340;28;60;9;0;100;101;100;114;100;115;100;55;55;0;2.079;2.079;0.000;0.000;14.400;0.980;8.9;0.0;0;31;3.000;3.040;13.0;-10;0;0;-7.3;0;0;0;0;0;99;0;0;1860;86.92;0;0;0;0;0;0;0;0;0;0;0;0;0;0;0;0;31;0;49.0;49.0;2;0;0.00;0.00;0.00;0.0;0.0
34.030;104;1302;50;65100;13.5;19.700;1.340;28;60;25;0;100;101;100;114;100;115;150;56;56;0;3.184;3.184;0.000;0.000;14.400;0.980;13.8;0.0;60;31;3.000;2.833;13.0;-10;0;0;-7.1;0;0;0;0;0;99;0;0;1860;85.71;0;0;0;0;0;0;0;0;0;0;0;0;0;0;0;0;31;0;50.0;50.0;2;0;0.00;0.00;0.00;0.0;0.0
34.095;104;1359;54;73386;15.0;19.700;1.340;28;60;25;0;100;101;100;114;100;115;150;58;58;0;3.259;3.259;0.000;0.000;14.200;0.966;14.8;0.0;15;31;3.000;3.278;13.0;440;0;0;-6.5;0;0;0;0;0;99;0;0;1860;82.12;0;0;0;0;0;0;0;0;0;0;0;0;0;0;0;0;31;0;54.0;54.0;2;0;0.00;0.00;0.00;0.0;0.0
34.161;104;1539;54;83106;15.0;19.700;1.340;28;60;25;0;100;101;100;114;100;115;150;59;59;0;3.279;3.279;0.000;0.000;14.300;0.973;16.8;0.0;0;32;3.000;3.032;13.0;1390;0;0;-6.5;0;0;0;0;0;99;0;0;1860;72.51;0;0;0;0;0;0;0;0;0;0;0;0;0;0;0;0;32;0;54.0;54.0;2;0;0.00;0.00;0.00;0.0;0.0
34.226;104;1551;52;80652;15.0;19.700;1.340;28;60;25;0;100;101;100;114;100;115;150;58;58;0;3.237;3.237;0.000;0.000;14.400;0.980;16.7;0.0;0;32;3.000;3.776;13.0;1390;0;0;-6.8;0;0;0;0;0;99;0;0;1860;71.95;0;0;0;0;0;0;0;0;0;0;0;0;0;0;0;0;32;0;52.0;52.0;2;0;0.00;0.00;0.00;0.0;0.0
34.294;104;1689;49;82761;15.0;19.700;1.340;28;60;25;0;100;101;100;114;100;115;150;56;56;0;3.174;3.174;0.000;0.000;14.500;0.986;17.9;0.0;0;32;3.000;3.419;13.0;970;0;0;-7.3;0;0;0;0;0;99;0;0;1860;66.07;0;0;0;0;0;0;0;0;0;0;0;0;0;0;0;0;32;0;49.0;49.0;2;0;0.00;0.00;0.00;0.0;0.0
34.359;105;1787;48;85776;15.0;19.700;1.340;28;60;9;0;100;101;100;114;100;115;100;56;56;0;2.089;2.089;0.000;0.000;14.600;0.993;12.4;0.0;0;33;3.000;3.223;12.9;2360;0;0;-7.4;0;0;0;0;0;99;0;0;1800;60.44;0;0;0;0;0;0;0;0;0;0;0;0;0;0;0;0;33;0;48.0;48.0;2;0;0.00;0.00;0.00;0.0;0.0
34.428;105;1860;46;85560;15.0;17.200;1.170;28;60;9;0;100;101;100;114;100;115;100;54;54;0;2.040;2.040;0.000;0.000;14.700;1.000;12.6;0.0;0;33;3.000;3.295;12.9;2360;0;0;-7.7;0;0;0;0;0;99;0;0;1800;58.06;0;0;0;0;0;0;0;0;0;0;0;0;0;0;0;0;33;0;46.0;46.0;2;0;0.00;0.00;0.00;0.0;0.0
34.428;105;1928;43;82904;15.0;12.300;0.837;28;60;9;0;100;101;100;114;100;115;100;53;53;0;1.990;1.990;0.000;0.000;14.700;1.000;12.8;0.0;0;34;3.000;3.210;12.9;730;0;0;-8.1;0;0;0;0;0;99;0;0;1800;56.02;0;0;0;0;0;0;0;0;0;0;0;0;0;0;0;0;34;0;43.0;43.0;2;0;0.00;0.00;0.00;0.0;0.0
34.560;105;1990;42;83580;15.0;11.300;0.769;28;60;9;0;100;101;100;114;100;115;100;53;53;0;1.980;1.980;0.000;0.000;14.700;1.000;13.1;0.0;0;33;3.000;3.099;12.9;1300;0;0;-8.3;0;0;0;0;0;99;0;0;1800;54.27;0;0;0;0;0;0;0;0;0;0;0;0;0;0;0;0;33;0;42.0;42.0;2;0;0.00;0.00;0.00;0.0;0.0
34.625;105;2041;41;83681;15.0;10.900;0.741;28;60;9;0;100;101;100;114;100;115;100;52;52;0;2.036;2.036;0.000;0.000;14.700;1.000;13.9;0.0;0;34;3.000;3.099;12.2;1300;0;0;-8.4;0;0;0;0;0;99;0;0;1800;52.92;0;0;0;0;0;0;0;0;0;0;0;0;0;0;0;0;34;0;41.0;41.0;2;0;0.00;0.00;0.00;0.0;0.0
34.691;105;2084;40;83360;15.0;11.900;0.810;28;60;9;0;100;101;100;114;100;115;100;52;52;0;2.026;2.026;0.000;0.000;14.700;1.000;14.1;0.0;0;34;3.000;3.088;12.2;940;0;0;-8.6;0;0;0;0;0;99;0;0;1800;51.82;0;0;0;0;0;0;0;0;0;0;0;0;0;0;0;0;34;0;40.0;40.0;2;0;0.00;0.00;0.00;0.0;0.0
34.756;105;2137;40;85480;15.0;13.400;0.912;28;60;9;0;100;101;100;114;100;115;100;52;52;0;2.026;2.026;0.000;0.000;14.700;1.000;14.4;0.0;0;34;3.000;3.028;12.2;230;0;0;-8.6;0;0;0;0;0;99;0;0;1800;50.54;0;0;0;0;0;0;0;0;0;0;0;0;0;0;0;0;34;0;40.0;40.0;2;0;0.00;0.00;0.00;0.0;0.0
34.822;105;2154;38;81852;14.5;14.300;0.973;28;60;9;0;100;101;100;114;100;115;100;51;51;0;1.990;1.990;0.000;0.000;14.700;1.000;14.3;0.0;0;35;3.000;2.999;12.2;230;0;0;-8.8;0;0;0;0;0;99;0;0;1800;50.14;0;0;0;0;0;0;0;0;0;0;0;0;0;0;0;0;35;0;38.0;38.0;2;0;0.00;0.00;0.00;0.0;0.0
34.887;105;2171;36;78156;14.5;14.300;0.973;28;60;9;0;100;101;100;114;100;115;100;50;50;0;2.015;2.015;0.000;0.000;14.700;1.000;14.6;0.0;0;36;3.030;2.901;11.9;470;0;0;-9.1;0;0;0;0;0;99;0;0;1800;49.75;0;0;0;0;0;0;0;0;0;0;0;0;0;0;0;0;36;0;36.0;36.0;2;0;0.00;0.00;0.00;0.0;0.0
34.959;105;2181;36;78516;14.5;13.300;0.905;28;60;9;0;100;101;100;114;100;115;100;50;50;0;2.015;2.015;0.000;0.000;14.700;1.000;14.6;0.0;0;36;3.030;2.951;11.9;270;0;0;-9.1;0;0;0;0;0;99;0;0;1800;49.52;0;0;0;0;0;0;0;0;0;0;0;0;0;0;0;0;36;0;36.0;36.0;2;0;0.00;0.00;0.00;0.0;0.0
35.027;105;2199;36;79164;13.5;12.600;0.857;28;60;9;0;100;101;100;114;100;115;100;50;50;0;2.015;2.015;0.000;0.000;14.700;1.000;14.8;0.0;0;36;3.030;3.042;11.9;270;0;0;-9.1;0;0;0;0;0;99;0;0;1800;49.11;0;0;0;0;0;0;0;0;0;0;0;0;0;0;0;0;36;0;36.0;36.0;2;0;0.00;0.00;0.00;0.0;0.0
35.095;105;2211;36;79596;13.5;11.900;0.810;28;60;9;0;100;101;100;114;100;115;100;50;50;0;2.015;2.015;0.000;0.000;14.700;1.000;14.9;0.0;0;36;3.030;3.011;11.9;180;0;0;-9.1;0;0;0;0;0;99;0;0;1800;48.85;0;0;0;0;0;0;0;0;0;0;0;0;0;0;0;0;36;0;36.0;36.0;2;0;0.00;0.00;0.00;0.0;0.0
35.095;105;2225;35;77875;13.5;11.800;0.803;28;60;9;0;100;101;100;114;100;115;100;49;49;0;1.938;1.938;0.000;0.000;14.700;1.000;14.4;0.0;0;36;3.000;2.968;12.2;260;0;0;-9.3;0;0;0;0;0;99;0;0;1800;48.54;0;0;0;0;0;0;0;0;0;0;0;0;0;0;0;0;36;0;35.0;35.0;2;0;0.00;0.00;0.00;0.0;0.0
35.224;105;2240;35;78400;13.5;12.200;0.830;28;60;9;0;100;101;100;114;100;115;100;49;49;0;1.938;1.938;0.000;0.000;14.700;1.000;14.5;0.0;0;36;3.000;2.899;12.2;260;0;0;-9.3;0;0;0;0;0;99;0;0;1800;48.21;0;0;0;0;0;0;0;0;0;0;0;0;0;0;0;0;36;0;35.0;35.0;2;0;0.00;0.00;0.00;0.0;0.0
35.295;105;2266;35;79310;13.5;13.200;0.898;28;60;9;0;100;101;100;114;100;115;100;49;49;0;1.938;1.938;0.000;0.000;14.700;1.000;14.6;0.0;0;36;3.000;2.991;12.2;290;0;0;-9.3;0;0;0;0;0;99;0;0;1800;47.66;0;0;0;0;0;0;0;0;0;0;0;0;0;0;0;0;36;0;35.0;35.0;2;0;0.00;0.00;0.00;0.0;0.0
35.361;106;2274;35;79590;13.5;17.400;1.184;28;60;9;0;100;101;100;114;100;115;100;49;49;0;1.938;1.938;0.000;0.000;14.700;1.000;14.7;0.0;0;36;3.000;2.928;12.2;200;0;0;-9.3;0;0;0;0;0;99;0;0;1854;48.92;0;0;0;0;0;0;0;0;0;0;0;0;0;0;0;0;36;0;35.0;35.0;2;0;0.00;0.00;0.00;0.0;0.0
35.427;106;2279;34;77486;13.5;19.200;1.306;28;60;9;0;100;101;100;114;100;115;100;49;49;0;1.928;1.928;0.000;0.000;14.700;1.000;14.6;0.0;0;36;3.000;2.926;12.2;200;0;0;-9.4;0;0;0;0;0;99;0;0;1854;48.81;0;0;0;0;0;0;0;0;0;0;0;0;0;0;0;0;36;0;34.0;34.0;2;0;0.00;0.00;0.00;0.0;0.0
35.494;106;2280;34;77520;13.5;19.700;1.340;28;60;9;0;100;101;100;114;100;115;100;49;49;0;1.928;1.928;0.000;0.000;14.700;1.000;14.7;0.0;0;36;3.000;2.894;12.2;60;0;0;-9.4;0;0;0;0;0;99;0;0;1854;48.79;0;0;0;0;0;0;0;0;0;0;0;0;0;0;0;0;36;0;34.0;34.0;2;0;0.00;0.00;0.00;0.0;0.0
35.559;106;2299;34;78166;13.5;19.700;1.340;28;60;9;0;100;101;100;114;100;115;100;49;49;0;1.928;1.928;0.000;0.000;14.700;1.000;14.8;0.0;0;36;3.000;2.983;12.2;190;0;0;-9.4;0;0;0;0;0;99;0;0;1854;48.39;0;0;0;0;0;0;0;0;0;0;0;0;0;0;0;0;36;0;34.0;34.0;2;0;0.00;0.00;0.00;0.0;0.0
35.559;106;2304;32;73728;8.5;19.700;1.340;28;60;41;0;100;101;100;114;100;115;100;48;48;0;1.852;1.852;0.000;0.000;14.700;1.000;14.2;0.0;-90;37;3.000;2.904;12.5;190;0;0;-9.7;0;0;0;0;0;99;0;0;1854;48.28;0;0;0;0;0;0;0;0;0;0;0;0;0;0;0;0;37;0;32.0;32.0;2;0;0.00;0.00;0.00;0.0;0.0
35.689;106;2292;29;66468;7.5;19.700;1.340;28;60;41;0;100;101;100;114;100;115;100;47;47;0;1.810;1.810;0.000;0.000;14.700;1.000;13.8;0.0;0;37;3.000;2.794;12.5;50;0;0;-10.2;0;0;0;0;0;99;0;0;1854;48.53;0;0;0;0;0;0;0;0;0;0;0;0;0;0;0;0;37;0;29.0;29.0;2;0;0.00;0.00;0.00;0.0;0.0
35.755;106;2261;29;65569;7.5;19.700;1.340;28;60;41;0;100;101;100;114;100;115;100;47;47;0;1.810;1.810;0.000;0.000;14.700;1.000;13.6;0.0;0;37;3.000;2.735;12.5;50;0;0;-10.2;0;0;0;0;0;99;0;0;1854;49.20;0;0;0;0;0;0;0;0;0;0;0;0;0;0;0;0;37;0;29.0;29.0;2;0;0.00;0.00;0.00;0.0;0.0
35.820;106;2178;28;60984;7.5;19.700;1.340;28;60;41;0;100;101;100;114;100;115;100;46;46;0;1.795;1.795;0.000;0.000;14.700;1.000;13.0;0.0;0;37;3.000;2.631;12.5;-430;0;0;-10.3;0;0;0;0;0;99;0;0;1854;51.07;0;0;0;0;0;0;0;0;0;0;0;0;0;0;0;0;37;0;28.0;28.0;2;0;0.00;0.00;0.00;0.0;0.0
35.820;106;2134;28;59752;7.5;19.700;1.340;28;60;41;0;100;101;100;114;100;115;100;46;46;0;1.891;1.891;0.000;0.000;14.700;1.000;13.5;0.0;0;36;3.030;2.894;11.9;-830;0;0;-10.3;0;0;0;0;0;99;0;0;1854;52.13;0;0;0;0;0;0;0;0;0;0;0;0;0;0;0;0;36;0;28.0;28.0;2;0;0.00;0.00;0.00;0.0;0.0
35.956;106;2105;29;61045;7.5;19.700;1.340;28;60;9;0;100;101;100;114;100;115;100;47;47;0;1.906;1.906;0.000;0.000;14.700;1.000;13.4;0.0;0;36;3.030;2.854;11.9;-830;0;0;-10.2;0;0;0;0;0;99;0;0;1854;52.85;0;0;0;0;0;0;0;0;0;0;0;0;0;0;0;0;36;0;29.0;29.0;2;0;0.00;0.00;0.00;0.0;0.0
36.021;106;2069;28;57932;7.5;19.700;1.340;28;60;9;0;100;101;100;114;100;115;100;46;46;0;1.891;1.891;0.000;0.000;14.700;1.000;13.0;0.0;0;36;3.030;2.869;11.9;-730;0;0;-10.3;0;0;0;0;0;99;0;0;1854;53.77;0;0;0;0;0;0;0;0;0;0;0;0;0;0;0;0;36;0;28.0;28.0;2;0;0.00;0.00;0.00;0.0;0.0
36.091;106;2033;28;56924;7.5;19.700;1.340;28;60;9;0;100;101;100;114;100;115;100;46;46;0;1.891;1.891;0.000;0.000;14.700;1.000;12.8;0.0;0;36;3.030;2.818;11.9;-720;0;0;-10.3;0;0;0;0;0;99;0;0;1854;54.72;0;0;0;0;0;0;0;0;0;0;0;0;0;0;0;0;36;0;28.0;28.0;2;0;0.00;0.00;0.00;0.0;0.0
36.156;106;1996;29;57884;7.5;19.700;1.340;28;60;9;0;100;101;100;114;100;115;100;46;46;0;1.816;1.816;0.000;0.000;14.700;1.000;12.1;0.0;0;35;3.000;2.680;12.4;-720;0;0;-10.2;0;0;0;0;0;99;0;0;1854;55.73;0;0;0;0;0;0;0;0;0;0;0;0;0;0;0;0;35;0;29.0;29.0;2;0;0.00;0.00;0.00;0.0;0.0
36.222;106;1960;30;58800;7.5;19.700;1.340;28;60;9;0;100;101;100;114;100;115;100;47;47;0;1.830;1.830;0.000;0.000;14.700;1.000;12.0;0.0;0;35;3.000;2.701;12.4;-370;0;0;-10.0;0;0;0;0;0;99;0;0;1854;56.76;0;0;0;0;0;0;0;0;0;0;0;0;0;0;0;0;35;0;30.0;30.0;2;0;0.00;0.00;0.00;0.0;0.0
36.222;106;1929;30;57870;7.5;19.700;1.340;28;60;9;0;100;101;100;114;100;115;100;47;47;0;1.830;1.830;0.000;0.000;14.700;1.000;11.8;0.0;0;35;3.000;2.751;12.4;-670;0;0;-10.0;0;0;0;0;0;99;0;0;1854;57.67;0;0;0;0;0;0;0;0;0;0;0;0;0;0;0;0;35;0;30.0;30.0;2;0;0.00;0.00;0.00;0.0;0.0
36.288;106;1905;30;57150;7.5;19.700;1.340;28;60;9;0;100;101;100;114;100;115;100;47;47;0;1.830;1.830;0.000;0.000;14.700;1.000;11.6;0.0;0;35;3.000;2.731;12.4;-670;0;0;-10.0;0;0;0;0;0;99;0;0;1854;58.39;0;0;0;0;0;0;0;0;0;0;0;0;0;0;0;0;35;0;30.0;30.0;2;0;0.00;0.00;0.00;0.0;0.0
36.423;107;1886;31;58466;7.5;19.700;1.340;28;60;9;0;100;101;100;114;100;115;100;47;47;0;1.812;1.812;0.000;0.000;14.700;1.000;11.4;0.0;0;35;3.000;2.760;12.7;-430;0;0;-9.9;0;0;0;0;0;99;0;0;1849;58.82;0;0;0;0;0;0;0;0;0;0;0;0;0;0;0;0;35;0;31.0;31.0;2;0;0.00;0.00;0.00;0.0;0.0
36.488;107;1862;31;57722;7.5;19.700;1.340;28;60;9;0;100;101;100;114;100;115;100;47;47;0;1.812;1.812;0.000;0.000;14.700;1.000;11.2;0.0;0;35;3.000;2.728;12.7;-240;0;0;-9.9;0;0;0;0;0;99;0;0;1849;59.58;0;0;0;0;0;0;0;0;0;0;0;0;0;0;0;0;35;0;31.0;31.0;2;0;0.00;0.00;0.00;0.0;0.0
36.554;107;1835;31;56885;7.5;19.700;1.340;28;60;9;0;100;101;100;114;100;115;100;47;47;0;1.812;1.812;0.000;0.000;14.700;1.000;11.1;0.0;0;35;3.000;2.726;12.7;-240;0;0;-9.9;0;0;0;0;0;99;0;0;1849;60.46;0;0;0;0;0;0;0;0;0;0;0;0;0;0;0;0;35;0;31.0;31.0;2;0;0.00;0.00;0.00;0.0;0.0
36.624;107;1813;32;58016;7.5;19.700;1.340;28;60;9;0;100;101;100;114;100;115;100;47;47;0;1.821;1.821;0.000;0.000;14.700;1.000;11.0;0.0;0;35;3.000;2.746;12.7;-490;0;0;-9.7;0;0;0;0;0;99;0;0;1849;61.19;0;0;0;0;0;0;0;0;0;0;0;0;0;0;0;0;35;0;32.0;32.0;2;0;0.00;0.00;0.00;0.0;0.0
36.689;107;1797;32;57504;7.5;19.700;1.340;28;60;9;0;100;101;100;114;100;115;100;47;47;0;1.821;1.821;0.000;0.000;14.700;1.000;10.9;0.0;0;35;3.000;2.650;12.7;-160;0;0;-9.7;0;0;0;0;0;99;0;0;1849;61.74;0;0;0;0;0;0;0;0;0;0;0;0;0;0;0;0;35;0;32.0;32.0;2;0;0.00;0.00;0.00;0.0;0.0
36.754;107;1773;32;56736;7.5;19.700;1.340;28;60;9;0;100;101;100;114;100;115;100;47;47;0;1.821;1.821;0.000;0.000;14.700;1.000;10.8;0.0;0;35;3.000;2.654;12.7;-160;0;0;-9.7;0;0;0;0;0;99;0;0;1849;62.57;0;0;0;0;0;0;0;0;0;0;0;0;0;0;0;0;35;0;32.0;32.0;2;0;0.00;0.00;0.00;0.0;0.0
36.821;107;1741;33;57453;7.5;19.700;1.340;28;60;9;0;100;101;100;114;100;115;100;47;47;0;1.830;1.830;0.000;0.000;14.700;1.000;10.6;0.0;0;35;3.000;2.767;12.7;-560;0;0;-9.6;0;0;0;0;0;99;0;0;1849;63.72;0;0;0;0;0;0;0;0;0;0;0;0;0;0;0;0;35;0;33.0;33.0;2;0;0.00;0.00;0.00;0.0;0.0
36.890;107;1724;33;56892;7.5;19.700;1.340;28;60;9;0;100;101;100;114;100;115;100;48;48;0;1.849;1.849;0.000;0.000;14.700;1.000;10.6;0.0;0;34;3.000;2.663;12.6;-170;0;0;-9.6;0;0;0;0;0;99;0;0;1849;64.35;0;0;0;0;0;0;0;0;0;0;0;0;0;0;0;0;34;0;33.0;33.0;2;0;0.00;0.00;0.00;0.0;0.0
36.890;107;1695;34;57630;7.5;19.700;1.340;28;60;9;0;100;101;100;114;100;115;100;48;48;0;1.868;1.868;0.000;0.000;14.700;1.000;10.6;0.0;0;34;3.000;2.655;12.6;-170;0;0;-9.4;0;0;0;0;0;99;0;0;1849;65.45;0;0;0;0;0;0;0;0;0;0;0;0;0;0;0;0;34;0;34.0;34.0;2;0;0.00;0.00;0.00;0.0;0.0
37.020;107;1672;34;56848;7.5;19.700;1.340;28;60;9;0;100;101;100;114;100;115;100;48;48;0;1.868;1.868;0.000;0.000;14.700;1.000;10.4;0.0;0;34;3.000;2.718;12.6;-520;0;0;-9.4;0;0;0;0;0;99;0;0;1849;66.35;0;0;0;0;0;0;0;0;0;0;0;0;0;0;0;0;34;0;34.0;34.0;2;0;0.00;0.00;0.00;0.0;0.0
37.087;107;1640;34;55760;7.5;19.700;1.340;28;60;9;0;100;101;100;114;100;115;100;48;48;0;1.868;1.868;0.000;0.000;14.700;1.000;10.2;0.0;0;34;3.000;2.740;12.6;-320;0;0;-9.4;0;0;0;0;0;99;0;0;1849;67.65;0;0;0;0;0;0;0;0;0;0;0;0;0;0;0;0;34;0;34.0;34.0;2;0;0.00;0.00;0.00;0.0;0.0
37.152;107;1621;35;56735;7.5;19.700;1.340;28;61;9;0;100;101;100;114;100;115;100;48;48;0;1.865;1.865;0.000;0.000;14.700;1.000;10.1;0.0;0;34;3.000;2.733;12.7;-320;0;0;-9.3;0;0;0;0;0;99;0;0;1849;68.44;0;0;0;0;0;0;0;0;0;0;0;0;0;0;0;0;34;0;35.0;35.0;2;0;0.00;0.00;0.00;0.0;0.0
37.152;107;1581;35;55335;7.5;19.700;1.340;28;61;9;0;100;101;100;114;100;115;100;48;48;0;1.865;1.865;0.000;0.000;14.700;1.000;9.8;0.0;0;34;3.000;2.718;12.7;-190;0;0;-9.3;0;0;0;0;0;99;0;0;1849;70.17;0;0;0;0;0;0;0;0;0;0;0;0;0;0;0;0;34;0;35.0;35.0;2;0;0.00;0.00;0.00;0.0;0.0
37.287;107;1570;36;56520;7.5;19.700;1.340;28;61;9;0;100;101;100;114;100;115;100;48;48;0;1.874;1.874;0.000;0.000;14.700;1.000;9.8;0.0;0;34;3.000;2.762;12.7;-510;0;0;-9.1;0;0;0;0;0;99;0;0;1849;70.66;0;0;0;0;0;0;0;0;0;0;0;0;0;0;0;0;34;0;36.0;36.0;2;0;0.00;0.00;0.00;0.0;0.0
37.353;107;1535;36;55260;7.5;19.700;1.340;28;61;9;0;100;101;100;114;100;115;100;48;48;0;1.874;1.874;0.000;0.000;14.700;1.000;9.6;0.0;0;34;3.000;2.522;12.7;-510;0;0;-9.1;0;0;0;0;0;99;0;0;1849;72.27;0;0;0;0;0;0;0;0;0;0;0;0;0;0;0;0;34;0;36.0;36.0;2;0;0.00;0.00;0.00;0.0;0.0
37.423;108;1535;36;55260;7.5;19.700;1.340;28;61;9;0;100;101;100;114;100;115;100;48;48;0;1.898;1.898;0.000;0.000;14.700;1.000;9.7;0.0;0;34;3.000;2.795;12.5;-350;0;0;-9.1;0;0;0;0;0;99;0;0;1884;73.64;0;0;0;0;0;0;0;0;0;0;0;0;0;0;0;0;34;0;36.0;36.0;2;0;0.00;0.00;0.00;0.0;0.0
37.491;108;1518;37;56166;7.5;19.700;1.340;28;61;9;0;100;101;100;114;100;115;100;49;49;0;1.921;1.921;0.000;0.000;14.700;1.000;9.7;0.0;0;33;3.000;2.612;12.5;-170;0;0;-9.0;0;0;0;0;0;99;0;0;1884;74.47;0;0;0;0;0;0;0;0;0;0;0;0;0;0;0;0;33;0;37.0;37.0;2;0;0.00;0.00;0.00;0.0;0.0
37.560;108;1494;37;55278;7.5;19.700;1.340;28;61;9;0;100;101;100;114;100;115;100;48;48;0;1.907;1.907;0.000;0.000;14.700;1.000;9.5;0.0;0;33;3.000;2.907;12.5;-170;0;0;-9.0;0;0;0;0;0;99;0;0;1884;75.66;0;0;0;0;0;0;0;0;0;0;0;0;0;0;0;0;33;0;37.0;37.0;2;0;0.00;0.00;0.00;0.0;0.0
37.627;108;1505;37;55685;7.5;19.700;1.340;28;61;9;0;100;101;100;114;100;115;100;49;49;0;1.921;1.921;0.000;0.000;14.700;1.000;9.6;0.0;0;34;3.000;2.981;12.5;-340;0;0;-9.0;0;0;0;0;0;99;0;0;1884;75.11;0;0;0;0;0;0;0;0;0;0;0;0;0;0;0;0;34;0;37.0;37.0;2;0;0.00;0.00;0.00;0.0;0.0
37.693;108;1488;37;55056;7.5;15.700;1.068;28;61;9;0;100;101;100;114;100;115;100;48;48;0;1.883;1.883;0.000;0.000;14.700;1.000;9.3;0.0;0;33;3.000;2.876;12.7;40;0;0;-9.0;0;0;0;0;0;99;0;0;1884;75.97;0;0;0;0;0;0;0;0;0;0;0;0;0;0;0;0;33;0;37.0;37.0;2;0;0.00;0.00;0.00;0.0;0.0
37.761;108;1481;37;54797;7.5;13.800;0.939;28;61;9;0;100;101;100;114;100;115;100;49;49;0;1.897;1.897;0.000;0.000;14.700;1.000;9.4;0.0;0;33;3.000;2.943;12.7;40;0;0;-9.0;0;0;0;0;0;99;0;0;1884;76.33;0;0;0;0;0;0;0;0;0;0;0;0;0;0;0;0;33;0;37.0;37.0;2;0;0.00;0.00;0.00;0.0;0.0
37.761;108;1454;38;55252;7.5;12.400;0.844;28;61;9;0;100;101;100;114;100;115;100;49;49;0;1.917;1.917;0.000;0.000;14.700;1.000;9.3;0.0;0;32;3.000;2.652;12.7;-210;0;0;-8.8;0;0;0;0;0;99;0;0;1884;77.74;0;0;0;0;0;0;0;0;0;0;0;0;0;0;0;0;32;0;38.0;38.0;2;0;0.00;0.00;0.00;0.0;0.0
37.893;108;1448;38;55024;7.5;11.600;0.789;28;61;9;0;100;101;100;114;100;115;100;49;49;0;1.917;1.917;0.000;0.000;14.700;1.000;9.3;0.0;0;33;3.000;2.870;12.7;-210;0;0;-8.8;0;0;0;0;0;99;0;0;1884;78.07;0;0;0;0;0;0;0;0;0;0;0;0;0;0;0;0;33;0;38.0;38.0;2;0;0.00;0.00;0.00;0.0;0.0
37.959;108;1428;38;54264;7.5;11.100;0.755;28;61;9;0;100;101;100;114;100;115;100;49;49;0;2.013;2.013;0.000;0.000;14.700;1.000;9.6;0.0;0;33;3.030;2.756;12.0;-190;0;0;-8.8;0;0;0;0;0;99;0;0;1884;79.16;0;0;0;0;0;0;0;0;0;0;0;0;0;0;0;0;33;0;38.0;38.0;2;0;0.00;0.00;0.00;0.0;0.0
38.025;108;1423;39;55497;7.5;10.800;0.735;28;61;9;0;100;101;100;114;100;115;100;49;49;0;2.022;2.022;0.000;0.000;14.700;1.000;9.6;0.0;0;32;3.030;3.103;12.0;-380;0;0;-8.7;0;0;0;0;0;99;0;0;1884;79.44;0;0;0;0;0;0;0;0;0;0;0;0;0;0;0;0;32;0;39.0;39.0;2;0;0.00;0.00;0.00;0.0;0.0
38.090;108;1434;39;55926;7.5;10.700;0.728;28;61;9;0;100;101;100;114;100;115;100;50;50;0;2.029;2.029;0.000;0.000;14.700;1.000;9.7;0.0;0;32;3.030;3.086;12.0;-380;0;0;-8.7;0;0;0;0;0;99;0;0;1884;78.83;0;0;0;0;0;0;0;0;0;0;0;0;0;0;0;0;32;0;39.0;39.0;2;0;0.00;0.00;0.00;0.0;0.0
38.160;108;1443;39;56277;7.5;10.700;0.728;28;61;9;0;100;101;100;114;100;115;100;50;50;0;1.969;1.969;0.000;0.000;14.700;1.000;9.5;0.0;0;32;3.000;2.802;12.4;240;0;0;-8.7;0;0;0;0;0;99;0;0;1884;78.34;0;0;0;0;0;0;0;0;0;0;0;0;0;0;0;0;32;0;39.0;39.0;2;0;0.00;0.00;0.00;0.0;0.0
38.226;108;1461;38;55518;7.5;10.700;0.728;28;61;9;0;100;101;100;114;100;115;100;49;49;0;1.953;1.953;0.000;0.000;14.700;1.000;9.5;0.0;0;32;3.000;2.747;12.4;230;0;0;-8.8;0;0;0;0;0;99;0;0;1884;77.37;0;0;0;0;0;0;0;0;0;0;0;0;0;0;0;0;32;0;38.0;38.0;2;0;0.00;0.00;0.00;0.0;0.0
38.291;108;1476;38;56088;7.5;11.100;0.755;28;61;9;0;100;101;100;114;100;115;100;49;49;0;1.953;1.953;0.000;0.000;14.700;1.000;9.6;0.0;0;33;3.000;3.038;12.4;230;0;0;-8.8;0;0;0;0;0;99;0;0;1884;76.59;0;0;0;0;0;0;0;0;0;0;0;0;0;0;0;0;33;0;38.0;38.0;2;0;0.00;0.00;0.00;0.0;0.0
38.291;108;1472;38;55936;7.5;11.900;0.810;28;61;9;0;100;101;100;114;100;115;100;49;49;0;1.953;1.953;0.000;0.000;14.700;1.000;9.6;0.0;0;33;3.000;2.901;12.4;190;0;0;-8.8;0;0;0;0;0;99;0;0;1884;76.79;0;0;0;0;0;0;0;0;0;0;0;0;0;0;0;0;33;0;38.0;38.0;2;0;0.00;0.00;0.00;0.0;0.0
38.426;109;1488;38;56544;7.5;12.200;0.830;28;61;9;0;100;101;100;114;100;115;100;49;49;0;1.917;1.917;0.000;0.000;14.700;1.000;9.5;0.0;0;33;3.000;3.077;12.7;-40;0;0;-8.8;0;0;0;0;0;99;0;0;1814;73.15;0;0;0;0;0;0;0;0;0;0;0;0;0;0;0;0;33;0;38.0;38.0;2;0;0.00;0.00;0.00;0.0;0.0
38.492;109;1495;38;56810;7.5;11.900;0.810;28;61;9;0;100;101;100;114;100;115;100;49;49;0;1.917;1.917;0.000;0.000;14.700;1.000;9.6;0.0;0;33;3.000;3.139;12.7;-40;0;0;-8.8;0;0;0;0;0;99;0;0;1814;72.80;0;0;0;0;0;0;0;0;0;0;0;0;0;0;0;0;33;0;38.0;38.0;2;0;0.00;0.00;0.00;0.0;0.0
38.557;109;1497;39;58383;8.5;12.000;0.816;28;61;9;0;100;101;100;114;100;115;100;50;50;0;1.933;1.933;0.000;0.000;14.700;1.000;9.6;0.0;0;33;3.000;2.882;12.7;270;0;0;-8.7;0;0;0;0;0;99;0;0;1814;72.71;0;0;0;0;0;0;0;0;0;0;0;0;0;0;0;0;33;0;39.0;39.0;2;0;0.00;0.00;0.00;0.0;0.0
38.627;109;1505;40;60200;8.5;11.400;0.776;28;61;9;0;100;101;100;114;100;115;100;50;50;0;1.943;1.943;0.000;0.000;14.700;1.000;9.7;0.0;0;32;3.000;3.051;12.7;60;0;0;-8.6;0;0;0;0;0;99;0;0;1814;72.32;0;0;0;0;0;0;0;0;0;0;0;0;0;0;0;0;32;0;40.0;40.0;2;0;0.00;0.00;0.00;0.0;0.0
38.693;109;1517;40;60680;8.5;10.800;0.735;28;61;9;0;100;101;100;114;100;115;100;50;50;0;1.931;1.931;0.000;0.000;14.700;1.000;9.8;0.0;0;32;3.000;2.941;12.8;60;0;0;-8.6;0;0;0;0;0;99;0;0;1814;71.75;0;0;0;0;0;0;0;0;0;0;0;0;0;0;0;0;32;0;40.0;40.0;2;0;0.00;0.00;0.00;0.0;0.0
38.758;109;1526;41;62566;8.5;10.800;0.735;28;61;9;0;100;101;100;114;100;115;100;51;51;0;1.948;1.948;0.000;0.000;14.700;1.000;9.9;0.0;0;32;3.000;2.856;12.8;120;0;0;-8.4;0;0;0;0;0;99;0;0;1814;71.32;0;0;0;0;0;0;0;0;0;0;0;0;0;0;0;0;32;0;41.0;41.0;2;0;0.00;0.00;0.00;0.0;0.0
38.828;109;1531;40;61240;8.5;11.400;0.776;28;61;9;0;100;101;100;114;100;115;100;50;50;0;1.931;1.931;0.000;0.000;14.700;1.000;9.9;0.0;0;32;3.000;3.024;12.8;140;0;0;-8.6;0;0;0;0;0;99;0;0;1814;71.09;0;0;0;0;0;0;0;0;0;0;0;0;0;0;0;0;32;0;40.0;40.0;2;0;0.00;0.00;0.00;0.0;0.0
38.897;109;1524;40;60960;8.5;11.800;0.803;28;61;9;0;100;101;100;114;100;115;100;50;50;0;1.931;1.931;0.000;0.000;14.700;1.000;9.8;0.0;0;32;3.000;2.770;12.8;140;0;0;-8.6;0;0;0;0;0;99;0;0;1814;71.42;0;0;0;0;0;0;0;0;0;0;0;0;0;0;0;0;32;0;40.0;40.0;2;0;0.00;0.00;0.00;0.0;0.0
38.959;109;1524;40;60960;8.5;13.900;0.946;28;61;9;0;100;101;100;114;100;115;100;50;50;0;1.907;1.907;0.000;0.000;14.700;1.000;9.7;0.0;0;32;3.000;2.606;13.0;-70;0;0;-8.6;0;0;0;0;0;99;0;0;1814;71.42;0;0;0;0;0;0;0;0;0;0;0;0;0;0;0;0;32;0;40.0;40.0;2;0;0.00;0.00;0.00;0.0;0.0
39.024;109;1504;40;60160;8.5;17.400;1.184;28;61;9;0;100;101;100;114;100;115;100;50;50;0;1.907;1.907;0.000;0.000;14.700;1.000;9.6;0.0;0;32;3.000;2.964;13.0;-200;0;0;-8.6;0;0;0;0;0;99;0;0;1814;72.37;0;0;0;0;0;0;0;0;0;0;0;0;0;0;0;0;32;0;40.0;40.0;2;0;0.00;0.00;0.00;0.0;0.0
39.092;109;1511;40;60440;8.5;19.100;1.299;28;61;9;0;100;101;100;114;100;115;100;50;50;0;1.907;1.907;0.000;0.000;14.700;1.000;9.6;0.0;0;32;3.000;3.003;13.0;-200;0;0;-8.6;0;0;0;0;0;99;0;0;1814;72.03;0;0;0;0;0;0;0;0;0;0;0;0;0;0;0;0;32;0;40.0;40.0;2;0;0.00;0.00;0.00;0.0;0.0
39.163;109;1517;41;62197;8.5;19.400;1.320;28;61;9;0;100;101;100;114;100;115;100;51;51;0;1.924;1.924;0.000;0.000;14.700;1.000;9.7;0.0;0;32;3.000;2.914;13.0;70;0;0;-8.4;0;0;0;0;0;99;0;0;1814;71.75;0;0;0;0;0;0;0;0;0;0;0;0;0;0;0;0;32;0;41.0;41.0;2;0;0.00;0.00;0.00;0.0;0.0
39.232;109;1519;40;60760;8.5;19.700;1.340;28;61;9;0;100;101;100;114;100;115;100;50;50;0;1.907;1.907;0.000;0.000;14.700;1.000;9.7;0.0;0;32;3.000;2.900;13.0;80;0;0;-8.6;0;0;0;0;0;99;0;0;1814;71.65;0;0;0;0;0;0;0;0;0;0;0;0;0;0;0;0;32;0;40.0;40.0;2;0;0.00;0.00;0.00;0.0;0.0
39.295;109;1519;40;60760;8.5;19.700;1.340;28;61;9;0;100;101;100;114;100;115;100;50;50;0;1.907;1.907;0.000;0.000;14.700;1.000;9.7;0.0;0;32;3.000;2.747;13.0;80;0;0;-8.6;0;0;0;0;0;99;0;0;1814;71.65;0;0;0;0;0;0;0;0;0;0;0;0;0;0;0;0;32;0;40.0;40.0;2;0;0.00;0.00;0.00;0.0;0.0
39.363;109;1519;41;62279;8.5;19.700;1.340;28;61;9;0;100;101;100;114;100;115;100;51;51;0;1.924;1.924;0.000;0.000;14.700;1.000;9.7;0.0;0;32;3.000;2.927;13.0;0;0;0;-8.4;0;0;0;0;0;99;0;0;1814;71.65;0;0;0;0;0;0;0;0;0;0;0;0;0;0;0;0;32;0;41.0;41.0;2;0;0.00;0.00;0.00;0.0;0.0
39.432;110;1516;40;60640;8.5;19.700;1.340;28;61;9;0;100;101;100;114;100;115;100;50;50;0;2.003;2.003;0.000;0.000;14.700;1.000;10.1;0.0;0;32;3.000;2.828;12.2;-30;0;0;-8.6;0;0;0;0;0;99;0;0;1844;72.98;0;0;0;0;0;0;0;0;0;0;0;0;0;0;0;0;32;0;40.0;40.0;2;0;0.00;0.00;0.00;0.0;0.0
39.501;110;1528;40;61120;8.5;19.700;1.340;28;61;9;0;100;101;100;114;100;115;100;50;50;0;2.003;2.003;0.000;0.000;14.700;1.000;10.2;0.0;0;32;3.000;2.870;12.2;-30;0;0;-8.6;0;0;0;0;0;99;0;0;1844;72.41;0;0;0;0;0;0;0;0;0;0;0;0;0;0;0;0;32;0;40.0;40.0;2;0;0.00;0.00;0.00;0.0;0.0
39.567;110;1536;40;61440;8.5;19.600;1.333;28;61;9;0;100;101;100;114;100;115;100;50;50;0;2.003;2.003;0.000;0.000;14.700;1.000;10.3;0.0;0;32;3.000;3.074;12.2;200;0;0;-8.6;0;0;0;0;0;99;0;0;1844;72.03;0;0;0;0;0;0;0;0;0;0;0;0;0;0;0;0;32;0;40.0;40.0;2;0;0.00;0.00;0.00;0.0;0.0
39.634;110;1556;39;60684;8.5;19.700;1.340;28;61;9;0;100;101;100;114;100;115;100;50;50;0;1.993;1.993;0.000;0.000;14.700;1.000;10.3;0.0;0;32;3.000;3.130;12.2;200;0;0;-8.7;0;0;0;0;0;99;0;0;1844;71.11;0;0;0;0;0;0;0;0;0;0;0;0;0;0;0;0;32;0;39.0;39.0;2;0;0.00;0.00;0.00;0.0;0.0
39.704;110;1585;39;61815;8.5;19.700;1.340;28;61;9;0;100;101;100;114;100;115;100;50;50;0;1.957;1.957;0.000;0.000;14.700;1.000;10.3;0.0;0;32;3.000;3.116;12.5;200;0;0;-8.7;0;0;0;0;0;99;0;0;1844;69.80;0;0;0;0;0;0;0;0;0;0;0;0;0;0;0;0;32;0;39.0;39.0;2;0;0.00;0.00;0.00;0.0;0.0
39.766;110;1614;39;62946;8.5;19.700;1.340;28;61;9;0;100;101;100;114;100;115;100;50;50;0;1.957;1.957;0.000;0.000;14.700;1.000;10.5;0.0;0;33;3.000;3.041;12.5;290;0;0;-8.7;0;0;0;0;0;99;0;0;1844;68.55;0;0;0;0;0;0;0;0;0;0;0;0;0;0;0;0;33;0;39.0;39.0;2;0;0.00;0.00;0.00;0.0;0.0
39.846;110;1633;38;62054;8.5;19.700;1.340;28;61;9;0;100;101;100;114;100;115;100;50;50;0;1.948;1.948;0.000;0.000;14.700;1.000;10.6;0.0;0;33;3.000;2.908;12.5;480;0;0;-8.8;0;0;0;0;0;99;0;0;1844;67.75;0;0;0;0;0;0;0;0;0;0;0;0;0;0;0;0;33;0;38.0;38.0;2;0;0.00;0.00;0.00;0.0;0.0
39.846;110;1641;38;62358;8.5;19.700;1.340;28;61;9;0;100;101;100;114;100;115;100;50;50;0;1.948;1.948;0.000;0.000;14.700;1.000;10.7;0.0;0;33;3.000;3.073;12.5;480;0;0;-8.8;0;0;0;0;0;99;0;0;1844;67.42;0;0;0;0;0;0;0;0;0;0;0;0;0;0;0;0;33;0;38.0;38.0;2;0;0.00;0.00;0.00;0.0;0.0
39.966;110;1641;38;62358;8.5;18.600;1.265;28;61;9;0;100;101;100;114;100;115;100;50;50;0;2.020;2.020;0.000;0.000;14.700;1.000;11.0;0.0;0;33;3.030;2.882;12.0;80;0;0;-8.8;0;0;0;0;0;99;0;0;1844;67.42;0;0;0;0;0;0;0;0;0;0;0;0;0;0;0;0;33;0;38.0;38.0;2;0;0.00;0.00;0.00;0.0;0.0
40.027;110;1646;38;62548;8.5;16.900;1.150;28;61;9;0;100;101;100;114;100;115;100;50;50;0;2.020;2.020;0.000;0.000;14.700;1.000;11.1;0.0;0;33;3.030;3.007;12.0;80;0;0;-8.8;0;0;0;0;0;99;0;0;1844;67.22;0;0;0;0;0;0;0;0;0;0;0;0;0;0;0;0;33;0;38.0;38.0;2;0;0.00;0.00;0.00;0.0;0.0
40.027;110;1659;38;63042;8.5;16.300;1.109;28;61;9;0;100;101;100;114;100;115;100;50;50;0;2.020;2.020;0.000;0.000;14.700;1.000;11.2;0.0;0;34;3.030;2.916;12.0;50;0;0;-8.8;0;0;0;0;0;99;0;0;1844;66.69;0;0;0;0;0;0;0;0;0;0;0;0;0;0;0;0;34;0;38.0;38.0;2;0;0.00;0.00;0.00;0.0;0.0
40.158;110;1671;37;61827;8.5;17.000;1.156;28;61;9;0;100;101;100;114;100;115;100;49;49;0;1.993;1.993;0.000;0.000;14.700;1.000;11.1;0.0;0;34;3.030;3.030;12.0;250;0;0;-9.0;0;0;0;0;0;99;0;0;1844;66.21;0;0;0;0;0;0;0;0;0;0;0;0;0;0;0;0;34;0;37.0;37.0;2;0;0.00;0.00;0.00;0.0;0.0
40.224;110;1693;37;62641;8.5;16.700;1.136;28;61;9;0;100;101;100;114;100;115;100;49;49;0;1.921;1.921;0.000;0.000;14.700;1.000;10.8;0.0;0;34;3.000;2.977;12.5;250;0;0;-9.0;0;0;0;0;0;99;0;0;1844;65.35;0;0;0;0;0;0;0;0;0;0;0;0;0;0;0;0;34;0;37.0;37.0;2;0;0.00;0.00;0.00;0.0;0.0
40.289;110;1709;36;61524;8.5;16.800;1.143;28;61;9;0;100;101;100;114;100;115;100;49;49;0;1.912;1.912;0.000;0.000;14.700;1.000;10.9;0.0;0;34;3.000;3.021;12.5;220;0;0;-9.1;0;0;0;0;0;99;0;0;1844;64.74;0;0;0;0;0;0;0;0;0;0;0;0;0;0;0;0;34;0;36.0;36.0;2;0;0.00;0.00;0.00;0.0;0.0
40.355;110;1723;36;62028;8.5;16.800;1.143;28;61;9;0;100;101;100;114;100;115;100;49;49;0;1.912;1.912;0.000;0.000;14.700;1.000;11.0;0.0;0;34;3.000;2.924;12.5;300;0;0;-9.1;0;0;0;0;0;99;0;0;1844;64.21;0;0;0;0;0;0;0;0;0;0;0;0;0;0;0;0;34;0;36.0;36.0;2;0;0.00;0.00;0.00;0.0;0.0
40.355;110;1725;36;62100;8.5;17.100;1.163;28;61;9;0;100;101;100;114;100;115;100;49;49;0;1.912;1.912;0.000;0.000;14.700;1.000;11.0;0.0;0;34;3.000;2.868;12.5;300;0;0;-9.1;0;0;0;0;0;99;0;0;1844;64.14;0;0;0;0;0;0;0;0;0;0;0;0;0;0;0;0;34;0;36.0;36.0;2;0;0.00;0.00;0.00;0.0;0.0
40.424;111;1729;37;63973;8.5;16.000;1.088;28;61;9;0;100;101;100;114;100;115;100;50;50;0;1.916;1.916;0.000;0.000;14.700;1.000;11.0;0.0;0;34;3.000;2.988;12.6;20;0;0;-9.0;0;0;0;0;0;99;0;0;1860;64.55;0;0;0;0;0;0;0;0;0;0;0;0;0;0;0;0;34;0;37.0;37.0;2;0;0.00;0.00;0.00;0.0;0.0
40.555;111;1729;37;63973;8.5;13.800;0.939;28;61;9;0;100;101;100;114;100;115;100;50;50;0;1.916;1.916;0.000;0.000;14.700;1.000;11.0;0.0;0;34;3.000;2.899;12.6;40;0;0;-9.0;0;0;0;0;0;99;0;0;1860;64.55;0;0;0;0;0;0;0;0;0;0;0;0;0;0;0;0;34;0;37.0;37.0;2;0;0.00;0.00;0.00;0.0;0.0
40.621;111;1726;37;63862;8.5;13.200;0.898;28;61;9;0;100;101;100;114;100;115;100;49;49;0;1.909;1.909;0.000;0.000;14.700;1.000;11.0;0.0;0;34;3.000;2.926;12.6;40;0;0;-9.0;0;0;0;0;0;99;0;0;1860;64.66;0;0;0;0;0;0;0;0;0;0;0;0;0;0;0;0;34;0;37.0;37.0;2;0;0.00;0.00;0.00;0.0;0.0
40.686;111;1732;36;62352;8.5;13.100;0.891;28;61;9;0;100;101;100;114;100;115;100;49;49;0;1.900;1.900;0.000;0.000;14.700;1.000;11.0;0.0;0;34;3.000;2.925;12.6;-30;0;0;-9.1;0;0;0;0;0;99;0;0;1860;64.43;0;0;0;0;0;0;0;0;0;0;0;0;0;0;0;0;34;0;36.0;36.0;2;0;0.00;0.00;0.00;0.0;0.0
40.756;111;1735;36;62460;8.5;13.300;0.905;28;61;9;0;100;101;100;114;100;115;100;49;49;0;1.876;1.876;0.000;0.000;14.700;1.000;10.8;0.0;0;34;3.000;2.849;12.8;90;0;0;-9.1;0;0;0;0;0;99;0;0;1860;64.32;0;0;0;0;0;0;0;0;0;0;0;0;0;0;0;0;34;0;36.0;36.0;2;0;0.00;0.00;0.00;0.0;0.0
40.756;111;1728;36;62208;8.5;13.800;0.939;28;61;9;0;100;101;100;114;100;115;100;49;49;0;1.876;1.876;0.000;0.000;14.700;1.000;10.8;0.0;0;34;3.000;2.849;12.8;90;0;0;-9.1;0;0;0;0;0;99;0;0;1860;64.58;0;0;0;0;0;0;0;0;0;0;0;0;0;0;0;0;34;0;36.0;36.0;2;0;0.00;0.00;0.00;0.0;0.0
40.887;111;1714;36;61704;8.5;14.000;0.952;28;61;9;0;100;101;100;114;100;115;100;49;49;0;1.876;1.876;0.000;0.000;14.700;1.000;10.7;0.0;0;34;3.000;2.757;12.8;-70;0;0;-9.1;0;0;0;0;0;99;0;0;1860;65.11;0;0;0;0;0;0;0;0;0;0;0;0;0;0;0;0;34;0;36.0;36.0;2;0;0.00;0.00;0.00;0.0;0.0
40.953;111;1700;37;62900;8.5;13.600;0.925;28;61;9;0;100;101;100;114;100;115;100;49;49;0;1.909;1.909;0.000;0.000;14.700;1.000;10.8;0.0;0;34;3.000;2.751;12.6;-140;0;0;-9.0;0;0;0;0;0;99;0;0;1860;65.65;0;0;0;0;0;0;0;0;0;0;0;0;0;0;0;0;34;0;37.0;37.0;2;0;0.00;0.00;0.00;0.0;0.0
41.022;111;1683;37;62271;8.5;13.700;0.932;28;61;9;0;100;101;100;114;100;115;100;50;50;0;1.916;1.916;0.000;0.000;14.700;1.000;10.7;0.0;0;34;3.000;2.793;12.6;-140;0;0;-9.0;0;0;0;0;0;99;0;0;1860;66.31;0;0;0;0;0;0;0;0;0;0;0;0;0;0;0;0;34;0;37.0;37.0;2;0;0.00;0.00;0.00;0.0;0.0
41.022;111;1683;37;62271;9.0;13.700;0.932;28;61;9;0;100;101;100;114;100;115;100;50;50;0;1.916;1.916;0.000;0.000;14.700;1.000;10.7;0.0;0;34;3.000;2.754;12.6;-310;0;0;-9.0;0;0;0;0;0;99;0;0;1860;66.31;0;0;0;0;0;0;0;0;0;0;0;0;0;0;0;0;34;0;37.0;37.0;2;0;0.00;0.00;0.00;0.0;0.0
41.087;111;1678;37;62086;9.0;13.700;0.932;28;61;9;0;100;101;100;114;100;115;100;50;50;0;1.916;1.916;0.000;0.000;14.700;1.000;10.7;0.0;0;34;3.000;2.812;12.6;-50;0;0;-9.0;0;0;0;0;0;99;0;0;1860;66.51;0;0;0;0;0;0;0;0;0;0;0;0;0;0;0;0;34;0;37.0;37.0;2;0;0.00;0.00;0.00;0.0;0.0
41.219;111;1682;37;62234;9.0;15.500;1.054;28;61;9;0;100;101;100;114;100;115;100;49;49;0;1.885;1.885;0.000;0.000;14.700;1.000;10.6;0.0;0;34;3.000;2.865;12.8;-50;0;0;-9.0;0;0;0;0;0;99;0;0;1860;66.35;0;0;0;0;0;0;0;0;0;0;0;0;0;0;0;0;34;0;37.0;37.0;2;0;0.00;0.00;0.00;0.0;0.0
41.219;111;1689;37;62493;9.0;18.700;1.272;28;61;9;0;100;101;100;114;100;115;100;49;49;0;1.885;1.885;0.000;0.000;14.700;1.000;10.6;0.0;0;34;3.000;2.833;12.8;110;0;0;-9.0;0;0;0;0;0;99;0;0;1860;66.07;0;0;0;0;0;0;0;0;0;0;0;0;0;0;0;0;34;0;37.0;37.0;2;0;0.00;0.00;0.00;0.0;0.0
41.354;111;1693;37;62641;9.0;19.500;1.327;28;61;9;0;100;101;100;114;100;115;100;49;49;0;1.885;1.885;0.000;0.000;14.700;1.000;10.6;0.0;0;34;3.000;2.684;12.8;40;0;0;-9.0;0;0;0;0;0;99;0;0;1860;65.92;0;0;0;0;0;0;0;0;0;0;0;0;0;0;0;0;34;0;37.0;37.0;2;0;0.00;0.00;0.00;0.0;0.0
41.424;111;1678;37;62086;9.0;17.600;1.197;28;61;9;0;100;101;100;114;100;115;100;50;50;0;1.892;1.892;0.000;0.000;14.700;1.000;10.6;0.0;0;34;3.000;2.889;12.8;40;0;0;-9.0;0;0;0;0;0;99;0;0;1860;66.51;0;0;0;0;0;0;0;0;0;0;0;0;0;0;0;0;34;0;37.0;37.0;2;0;0.00;0.00;0.00;0.0;0.0
41.489;112;1675;37;61975;9.0;18.300;1.245;28;61;9;0;100;101;100;114;100;115;100;49;49;0;1.873;1.873;0.000;0.000;14.700;1.000;10.5;0.0;0;34;3.000;2.850;12.9;-180;0;0;-9.0;0;0;0;0;0;99;0;0;1878;67.27;0;0;0;0;0;0;0;0;0;0;0;0;0;0;0;0;34;0;37.0;37.0;2;0;0.00;0.00;0.00;0.0;0.0
41.489;112;1664;37;61568;9.0;18.000;1.224;28;61;9;0;100;101;100;114;100;115;100;50;50;0;1.880;1.880;0.000;0.000;14.700;1.000;10.4;0.0;0;34;3.000;2.855;12.9;-110;0;0;-9.0;0;0;0;0;0;99;0;0;1878;67.72;0;0;0;0;0;0;0;0;0;0;0;0;0;0;0;0;34;0;37.0;37.0;2;0;0.00;0.00;0.00;0.0;0.0
41.621;112;1658;38;63004;9.0;16.400;1.116;28;61;9;0;100;101;100;114;100;115;100;50;50;0;1.900;1.900;0.000;0.000;14.700;1.000;10.5;0.0;0;33;3.000;2.877;12.9;-110;0;0;-8.8;0;0;0;0;0;99;0;0;1878;67.96;0;0;0;0;0;0;0;0;0;0;0;0;0;0;0;0;33;0;38.0;38.0;2;0;0.00;0.00;0.00;0.0;0.0
41.689;112;1641;38;62358;9.0;18.700;1.272;28;61;9;0;100;101;100;114;100;115;100;50;50;0;1.900;1.900;0.000;0.000;14.700;1.000;10.4;0.0;0;33;3.000;2.832;12.9;-60;0;0;-8.8;0;0;0;0;0;99;0;0;1878;68.67;0;0;0;0;0;0;0;0;0;0;0;0;0;0;0;0;33;0;38.0;38.0;2;0;0.00;0.00;0.00;0.0;0.0
41.755;112;1623;38;61674;9.0;19.500;1.327;28;62;9;0;100;101;100;113;100;114;100;50;50;0;1.884;1.884;0.000;0.000;14.700;1.000;10.2;0.0;0;33;3.000;2.836;13.0;-350;0;0;-8.8;0;0;0;0;0;99;0;0;1878;69.43;0;0;0;0;0;0;0;0;0;0;0;0;0;0;0;0;33;0;38.0;38.0;2;0;0.00;0.00;0.00;0.0;0.0
41.755;112;1615;38;61370;9.0;19.700;1.340;28;62;9;0;100;101;100;113;100;114;100;50;50;0;1.884;1.884;0.000;0.000;14.700;1.000;10.1;0.0;0;33;3.000;2.823;13.0;-350;0;0;-8.8;0;0;0;0;0;99;0;0;1878;69.77;0;0;0;0;0;0;0;0;0;0;0;0;0;0;0;0;33;0;38.0;38.0;2;0;0.00;0.00;0.00;0.0;0.0
41.890;112;1594;39;62166;9.0;19.700;1.340;28;62;9;0;100;101;100;113;100;114;100;50;50;0;1.893;1.893;0.000;0.000;14.700;1.000;10.1;0.0;0;32;3.000;2.571;13.0;-80;0;0;-8.7;0;0;0;0;0;99;0;0;1878;70.69;0;0;0;0;0;0;0;0;0;0;0;0;0;0;0;0;32;0;39.0;39.0;2;0;0.00;0.00;0.00;0.0;0.0
41.956;112;1594;39;62166;9.0;19.600;1.333;28;62;9;0;100;101;100;113;100;114;100;50;50;0;1.893;1.893;0.000;0.000;14.700;1.000;10.1;0.0;0;32;3.000;2.661;13.0;-80;0;0;-8.7;0;0;0;0;0;99;0;0;1878;70.69;0;0;0;0;0;0;0;0;0;0;0;0;0;0;0;0;32;0;39.0;39.0;2;0;0.00;0.00;0.00;0.0;0.0
42.024;112;1566;39;61074;9.0;19.700;1.340;28;62;9;0;100;101;100;113;100;114;100;50;50;0;1.941;1.941;0.000;0.000;14.700;1.000;10.1;0.0;0;32;3.000;2.613;12.6;-210;0;0;-8.7;0;0;0;0;0;99;0;0;1878;71.95;0;0;0;0;0;0;0;0;0;0;0;0;0;0;0;0;32;0;39.0;39.0;2;0;0.00;0.00;0.00;0.0;0.0
42.092;112;1545;39;60255;9.0;19.700;1.340;28;62;9;0;100;101;100;113;100;114;100;50;50;0;1.941;1.941;0.000;0.000;14.700;1.000;10.0;0.0;0;32;3.000;2.782;12.6;-490;0;0;-8.7;0;0;0;0;0;99;0;0;1878;72.93;0;0;0;0;0;0;0;0;0;0;0;0;0;0;0;0;32;0;39.0;39.0;2;0;0.00;0.00;0.00;0.0;0.0
42.158;112;1525;40;61000;9.0;19.700;1.340;28;62;9;0;100;101;100;113;100;114;100;50;50;0;1.952;1.952;0.000;0.000;14.700;1.000;9.9;0.0;0;32;3.000;2.786;12.6;-490;0;0;-8.6;0;0;0;0;0;99;0;0;1878;73.89;0;0;0;0;0;0;0;0;0;0;0;0;0;0;0;0;32;0;40.0;40.0;2;0;0.00;0.00;0.00;0.0;0.0
42.226;112;1526;40;61040;9.0;19.700;1.340;28;62;9;0;100;101;100;113;100;114;100;50;50;0;1.952;1.952;0.000;0.000;14.700;1.000;9.9;0.0;0;32;3.000;2.911;12.6;-200;0;0;-8.6;0;0;0;0;0;99;0;0;1878;73.84;0;0;0;0;0;0;0;0;0;0;0;0;0;0;0;0;32;0;40.0;40.0;2;0;0.00;0.00;0.00;0.0;0.0
42.295;112;1529;40;61160;9.0;19.700;1.340;28;62;9;0;100;101;100;113;100;114;100;50;50;0;1.952;1.952;0.000;0.000;14.700;1.000;9.9;0.0;0;32;3.000;2.967;12.6;10;0;0;-8.6;0;0;0;0;0;99;0;0;1878;73.70;0;0;0;0;0;0;0;0;0;0;0;0;0;0;0;0;32;0;40.0;40.0;2;0;0.00;0.00;0.00;0.0;0.0
42.358;112;1528;40;61120;9.0;19.700;1.340;28;62;9;0;100;101;100;113;100;114;100;50;50;0;1.952;1.952;0.000;0.000;14.700;1.000;9.9;0.0;0;32;3.000;2.969;12.6;10;0;0;-8.6;0;0;0;0;0;99;0;0;1878;73.74;0;0;0;0;0;0;0;0;0;0;0;0;0;0;0;0;32;0;40.0;40.0;2;0;0.00;0.00;0.00;0.0;0.0
42.427;112;1528;40;61120;9.0;19.700;1.340;28;62;9;0;100;101;100;113;100;114;100;50;50;0;1.952;1.952;0.000;0.000;14.700;1.000;9.9;0.0;0;32;3.000;2.895;12.6;20;0;0;-8.6;0;0;0;0;0;99;0;0;1878;73.74;0;0;0;0;0;0;0;0;0;0;0;0;0;0;0;0;32;0;40.0;40.0;2;0;0.00;0.00;0.00;0.0;0.0
42.492;113;1531;40;61240;9.0;19.700;1.340;28;62;9;0;100;101;100;113;100;114;100;50;50;0;1.952;1.952;0.000;0.000;14.700;1.000;10.0;0.0;0;32;3.000;2.984;12.6;30;0;0;-8.6;0;0;0;0;0;99;0;0;1888;73.99;0;0;0;0;0;0;0;0;0;0;0;0;0;0;0;0;32;0;40.0;40.0;2;0;0.00;0.00;0.00;0.0;0.0
42.558;113;1526;40;61040;9.0;19.700;1.340;28;62;9;0;100;101;100;113;100;114;100;50;50;0;1.952;1.952;0.000;0.000;14.700;1.000;9.9;0.0;0;32;3.000;2.793;12.6;30;0;0;-8.6;0;0;0;0;0;99;0;0;1888;74.23;0;0;0;0;0;0;0;0;0;0;0;0;0;0;0;0;32;0;40.0;40.0;2;0;0.00;0.00;0.00;0.0;0.0
42.624;113;1522;41;62402;9.0;19.700;1.340;28;62;9;0;100;101;100;113;100;114;100;51;51;0;1.969;1.969;0.000;0.000;14.700;1.000;10.0;0.0;0;32;3.000;2.807;12.6;-50;0;0;-8.4;0;0;0;0;0;99;0;0;1888;74.43;0;0;0;0;0;0;0;0;0;0;0;0;0;0;0;0;32;0;41.0;41.0;2;0;0.00;0.00;0.00;0.0;0.0
42.689;113;1517;41;62197;9.0;19.700;1.340;28;62;9;0;100;101;100;113;100;114;100;51;51;0;1.969;1.969;0.000;0.000;14.700;1.000;10.0;0.0;0;32;3.000;2.837;12.6;-90;0;0;-8.4;0;0;0;0;0;99;0;0;1888;74.67;0;0;0;0;0;0;0;0;0;0;0;0;0;0;0;0;32;0;41.0;41.0;2;0;0.00;0.00;0.00;0.0;0.0
42.756;113;1519;40;60760;9.0;19.700;1.340;28;62;9;0;100;101;100;113;100;114;100;50;50;0;1.940;1.940;0.000;0.000;14.700;1.000;9.8;0.0;0;32;3.000;2.847;12.7;-90;0;0;-8.6;0;0;0;0;0;99;0;0;1888;74.58;0;0;0;0;0;0;0;0;0;0;0;0;0;0;0;0;32;0;40.0;40.0;2;0;0.00;0.00;0.00;0.0;0.0
42.829;113;1519;41;62279;9.0;19.700;1.340;28;62;9;0;100;101;100;113;100;114;100;51;51;0;1.957;1.957;0.000;0.000;14.700;1.000;9.9;0.0;0;32;3.000;2.612;12.7;20;0;0;-8.4;0;0;0;0;0;99;0;0;1888;74.58;0;0;0;0;0;0;0;0;0;0;0;0;0;0;0;0;32;0;41.0;41.0;2;0;0.00;0.00;0.00;0.0;0.0
42.895;113;1501;41;61541;9.0;19.700;1.340;28;62;9;0;100;101;100;113;100;114;100;51;51;0;1.957;1.957;0.000;0.000;14.700;1.000;9.8;0.0;0;32;3.000;2.890;12.7;-180;0;0;-8.4;0;0;0;0;0;99;0;0;1888;75.47;0;0;0;0;0;0;0;0;0;0;0;0;0;0;0;0;32;0;41.0;41.0;2;0;0.00;0.00;0.00;0.0;0.0
42.960;113;1506;40;60240;9.0;19.700;1.340;28;62;9;0;100;101;100;113;100;114;100;50;50;0;1.940;1.940;0.000;0.000;14.700;1.000;9.7;0.0;0;32;3.000;2.909;12.7;-180;0;0;-8.6;0;0;0;0;0;99;0;0;1888;75.22;0;0;0;0;0;0;0;0;0;0;0;0;0;0;0;0;32;0;40.0;40.0;2;0;0.00;0.00;0.00;0.0;0.0
43.025;113;1508;40;60320;9.0;19.700;1.340;28;62;9;0;100;101;100;113;100;114;100;50;50;0;1.928;1.928;0.000;0.000;14.700;1.000;9.7;0.0;0;32;3.000;3.008;12.8;50;0;0;-8.6;0;0;0;0;0;99;0;0;1888;75.12;0;0;0;0;0;0;0;0;0;0;0;0;0;0;0;0;32;0;40.0;40.0;2;0;0.00;0.00;0.00;0.0;0.0
43.091;113;1515;41;62115;9.0;19.700;1.340;28;62;9;0;100;101;100;113;100;114;100;51;51;0;1.945;1.945;0.000;0.000;14.700;1.000;9.8;0.0;0;32;3.000;2.982;12.8;90;0;0;-8.4;0;0;0;0;0;99;0;0;1888;74.77;0;0;0;0;0;0;0;0;0;0;0;0;0;0;0;0;32;0;41.0;41.0;2;0;0.00;0.00;0.00;0.0;0.0
43.156;113;1528;40;61120;9.0;19.700;1.340;28;62;9;0;100;101;100;113;100;114;100;50;50;0;1.928;1.928;0.000;0.000;14.700;1.000;9.8;0.0;0;32;3.000;3.024;12.8;90;0;0;-8.6;0;0;0;0;0;99;0;0;1888;74.14;0;0;0;0;0;0;0;0;0;0;0;0;0;0;0;0;32;0;40.0;40.0;2;0;0.00;0.00;0.00;0.0;0.0
43.222;113;1528;40;61120;9.0;19.700;1.340;28;62;9;0;100;101;100;113;100;114;100;50;50;0;1.928;1.928;0.000;0.000;14.700;1.000;9.8;0.0;0;32;3.000;2.850;12.8;130;0;0;-8.6;0;0;0;0;0;99;0;0;1888;74.14;0;0;0;0;0;0;0;0;0;0;0;0;0;0;0;0;32;0;40.0;40.0;2;0;0.00;0.00;0.00;0.0;0.0
43.287;113;1536;40;61440;9.0;19.700;1.340;28;62;9;0;100;101;100;113;100;114;100;50;50;0;1.928;1.928;0.000;0.000;14.700;1.000;9.9;0.0;0;32;3.000;2.932;12.8;80;0;0;-8.6;0;0;0;0;0;99;0;0;1888;73.75;0;0;0;0;0;0;0;0;0;0;0;0;0;0;0;0;32;0;40.0;40.0;2;0;0.00;0.00;0.00;0.0;0.0
43.358;113;1545;40;61800;9.0;19.700;1.340;28;62;9;0;100;101;100;113;100;114;100;50;50;0;1.928;1.928;0.000;0.000;14.700;1.000;9.9;0.0;0;32;3.000;3.086;12.8;80;0;0;-8.6;0;0;0;0;0;99;0;0;1888;73.32;0;0;0;0;0;0;0;0;0;0;0;0;0;0;0;0;32;0;40.0;40.0;2;0;0.00;0.00;0.00;0.0;0.0
43.423;113;1568;39;61152;9.0;19.700;1.340;28;62;9;0;100;101;100;113;100;114;100;50;50;0;1.917;1.917;0.000;0.000;14.700;1.000;10.0;0.0;0;33;3.000;2.957;12.8;320;0;0;-8.7;0;0;0;0;0;99;0;0;1888;72.24;0;0;0;0;0;0;0;0;0;0;0;0;0;0;0;0;33;0;39.0;39.0;2;0;0.00;0.00;0.00;0.0;0.0
43.494;114;1573;39;61347;9.0;19.700;1.340;28;62;9;0;100;101;100;113;100;114;100;50;50;0;1.893;1.893;0.000;0.000;14.700;1.000;9.9;0.0;0;32;3.000;2.808;13.0;50;0;0;-8.7;0;0;0;0;0;99;0;0;1886;71.94;0;0;0;0;0;0;0;0;0;0;0;0;0;0;0;0;32;0;39.0;39.0;2;0;0.00;0.00;0.00;0.0;0.0
43.561;114;1578;40;63120;9.0;19.700;1.340;28;62;9;0;100;101;100;113;100;114;100;50;50;0;1.904;1.904;0.000;0.000;14.700;1.000;10.0;0.0;0;32;3.000;2.986;13.0;50;0;0;-8.6;0;0;0;0;0;99;0;0;1886;71.71;0;0;0;0;0;0;0;0;0;0;0;0;0;0;0;0;32;0;40.0;40.0;2;0;0.00;0.00;0.00;0.0;0.0
43.628;114;1584;39;61776;9.0;19.700;1.340;28;62;9;0;100;101;100;113;100;114;100;50;50;0;1.893;1.893;0.000;0.000;14.700;1.000;10.0;0.0;0;32;3.000;2.806;13.0;50;0;0;-8.7;0;0;0;0;0;99;0;0;1886;71.44;0;0;0;0;0;0;0;0;0;0;0;0;0;0;0;0;32;0;39.0;39.0;2;0;0.00;0.00;0.00;0.0;0.0
43.693;114;1578;39;61542;9.0;19.700;1.340;28;62;9;0;100;101;100;113;100;114;100;50;50;0;1.893;1.893;0.000;0.000;14.700;1.000;10.0;0.0;0;32;3.000;2.807;13.0;0;0;0;-8.7;0;0;0;0;0;99;0;0;1886;71.71;0;0;0;0;0;0;0;0;0;0;0;0;0;0;0;0;32;0;39.0;39.0;2;0;0.00;0.00;0.00;0.0;0.0
43.759;114;1578;39;61542;9.0;19.700;1.340;28;62;9;0;100;101;100;113;100;114;100;50;50;0;1.977;1.977;0.000;0.000;14.700;1.000;10.4;0.0;0;32;3.000;2.590;12.3;0;0;0;-8.7;0;0;0;0;0;99;0;0;1886;71.71;0;0;0;0;0;0;0;0;0;0;0;0;0;0;0;0;32;0;39.0;39.0;2;0;0.00;0.00;0.00;0.0;0.0
43.825;114;1556;40;62240;9.0;19.700;1.340;28;62;9;0;100;101;100;113;100;114;100;50;50;0;1.988;1.988;0.000;0.000;14.700;1.000;10.3;0.0;0;32;3.000;2.808;12.3;-220;0;0;-8.6;0;0;0;0;0;99;0;0;1886;72.72;0;0;0;0;0;0;0;0;0;0;0;0;0;0;0;0;32;0;40.0;40.0;2;0;0.00;0.00;0.00;0.0;0.0
43.893;114;1551;39;60489;9.0;19.700;1.340;28;62;9;0;100;101;100;113;100;114;100;50;50;0;1.977;1.977;0.000;0.000;14.700;1.000;10.2;0.0;0;33;3.000;2.765;12.3;-50;0;0;-8.7;0;0;0;0;0;99;0;0;1886;72.96;0;0;0;0;0;0;0;0;0;0;0;0;0;0;0;0;33;0;39.0;39.0;2;0;0.00;0.00;0.00;0.0;0.0
43.959;114;1530;40;61200;9.0;19.700;1.340;28;62;9;0;100;101;100;113;100;114;100;50;50;0;1.988;1.988;0.000;0.000;14.700;1.000;10.1;0.0;0;32;3.000;2.990;12.3;-50;0;0;-8.6;0;0;0;0;0;99;0;0;1886;73.96;0;0;0;0;0;0;0;0;0;0;0;0;0;0;0;0;32;0;40.0;40.0;2;0;0.00;0.00;0.00;0.0;0.0
44.028;114;1528;41;62648;9.0;19.700;1.340;28;62;9;0;100;101;100;113;100;114;100;51;51;0;1.993;1.993;0.000;0.000;14.700;1.000;10.2;0.0;0;32;3.000;2.974;12.4;-210;0;0;-8.4;0;0;0;0;0;99;0;0;1886;74.06;0;0;0;0;0;0;0;0;0;0;0;0;0;0;0;0;32;0;41.0;41.0;2;0;0.00;0.00;0.00;0.0;0.0
44.095;114;1530;41;62730;9.0;19.700;1.340;28;62;9;0;100;101;100;113;100;114;100;51;51;0;1.993;1.993;0.000;0.000;14.700;1.000;10.2;0.0;0;32;3.000;3.040;12.4;-210;0;0;-8.4;0;0;0;0;0;99;0;0;1886;73.96;0;0;0;0;0;0;0;0;0;0;0;0;0;0;0;0;32;0;41.0;41.0;2;0;0.00;0.00;0.00;0.0;0.0
44.160;114;1539;40;61560;9.0;19.700;1.340;28;62;9;0;100;101;100;113;100;114;100;50;50;0;1.976;1.976;0.000;0.000;14.700;1.000;10.1;0.0;0;32;3.000;3.107;12.4;0;0;0;-8.6;0;0;0;0;0;99;0;0;1886;73.53;0;0;0;0;0;0;0;0;0;0;0;0;0;0;0;0;32;0;40.0;40.0;2;0;0.00;0.00;0.00;0.0;0.0
44.229;114;1539;40;61560;9.0;19.700;1.340;28;62;9;0;100;101;100;113;100;114;100;50;50;0;1.976;1.976;0.000;0.000;14.700;1.000;10.1;0.0;0;32;3.000;3.009;12.4;90;0;0;-8.6;0;0;0;0;0;99;0;0;1886;73.53;0;0;0;0;0;0;0;0;0;0;0;0;0;0;0;0;32;0;40.0;40.0;2;0;0.00;0.00;0.00;0.0;0.0
44.295;114;1545;40;61800;9.0;19.700;1.340;28;62;9;0;100;101;100;113;100;114;100;50;50;0;1.952;1.952;0.000;0.000;14.700;1.000;10.1;0.0;0;32;3.000;2.893;12.6;90;0;0;-8.6;0;0;0;0;0;99;0;0;1886;73.24;0;0;0;0;0;0;0;0;0;0;0;0;0;0;0;0;32;0;40.0;40.0;2;0;0.00;0.00;0.00;0.0;0.0
44.361;114;1548;39;60372;9.0;19.700;1.340;28;62;9;0;100;101;100;113;100;114;100;50;50;0;1.941;1.941;0.000;0.000;14.700;1.000;10.0;0.0;0;32;3.000;2.996;12.6;60;0;0;-8.7;0;0;0;0;0;99;0;0;1886;73.10;0;0;0;0;0;0;0;0;0;0;0;0;0;0;0;0;32;0;39.0;39.0;2;0;0.00;0.00;0.00;0.0;0.0
44.361;114;1552;40;62080;9.0;19.700;1.340;28;62;9;0;100;101;100;113;100;114;100;50;50;0;1.952;1.952;0.000;0.000;14.700;1.000;10.1;0.0;0;32;3.000;2.960;12.6;70;0;0;-8.6;0;0;0;0;0;99;0;0;1886;72.91;0;0;0;0;0;0;0;0;0;0;0;0;0;0;0;0;32;0;40.0;40.0;2;0;0.00;0.00;0.00;0.0;0.0
44.491;114;1553;40;62120;9.0;19.700;1.340;28;62;9;0;100;101;100;113;100;114;100;50;50;0;1.952;1.952;0.000;0.000;14.700;1.000;10.1;0.0;0;32;3.000;2.882;12.6;70;0;0;-8.6;0;0;0;0;0;99;0;0;1886;72.87;0;0;0;0;0;0;0;0;0;0;0;0;0;0;0;0;32;0;40.0;40.0;2;0;0.00;0.00;0.00;0.0;0.0
44.557;115;1552;40;62080;9.0;19.700;1.340;28;62;9;0;100;101;100;113;100;114;100;50;50;0;1.940;1.940;0.000;0.000;14.700;1.000;10.0;0.0;0;32;3.000;2.884;12.7;10;0;0;-8.6;0;0;0;0;0;99;0;0;1881;72.72;0;0;0;0;0;0;0;0;0;0;0;0;0;0;0;0;32;0;40.0;40.0;2;0;0.00;0.00;0.00;0.0;0.0
44.622;115;1559;40;62360;9.0;19.700;1.340;28;62;9;0;100;101;100;113;100;114;100;50;50;0;1.940;1.940;0.000;0.000;14.700;1.000;10.1;0.0;0;32;3.000;3.005;12.7;-10;0;0;-8.6;0;0;0;0;0;99;0;0;1881;72.39;0;0;0;0;0;0;0;0;0;0;0;0;0;0;0;0;32;0;40.0;40.0;2;0;0.00;0.00;0.00;0.0;0.0
44.688;115;1559;39;60801;9.0;19.700;1.340;28;62;9;0;100;101;100;113;100;114;100;50;50;0;1.929;1.929;0.000;0.000;14.700;1.000;10.0;0.0;0;33;3.000;2.930;12.7;-10;0;0;-8.7;0;0;0;0;0;99;0;0;1881;72.39;0;0;0;0;0;0;0;0;0;0;0;0;0;0;0;0;33;0;39.0;39.0;2;0;0.00;0.00;0.00;0.0;0.0
44.688;115;1572;39;61308;9.0;19.700;1.340;28;62;9;0;100;101;100;113;100;114;100;50;50;0;1.929;1.929;0.000;0.000;14.700;1.000;10.1;0.0;0;32;3.000;2.851;12.7;200;0;0;-8.7;0;0;0;0;0;99;0;0;1881;71.79;0;0;0;0;0;0;0;0;0;0;0;0;0;0;0;0;32;0;39.0;39.0;2;0;0.00;0.00;0.00;0.0;0.0
44.823;115;1577;39;61503;9.0;19.700;1.340;28;62;9;0;100;101;100;113;100;114;100;50;50;0;1.917;1.917;0.000;0.000;14.700;1.000;10.1;0.0;0;32;3.000;2.873;12.8;50;0;0;-8.7;0;0;0;0;0;99;0;0;1881;71.57;0;0;0;0;0;0;0;0;0;0;0;0;0;0;0;0;32;0;39.0;39.0;2;0;0.00;0.00;0.00;0.0;0.0
44.823;115;1577;39;61503;9.0;19.700;1.340;28;62;9;0;100;101;100;113;100;114;100;50;50;0;1.917;1.917;0.000;0.000;14.700;1.000;10.1;0.0;0;32;3.000;2.828;12.8;50;0;0;-8.7;0;0;0;0;0;99;0;0;1881;71.57;0;0;0;0;0;0;0;0;0;0;0;0;0;0;0;0;32;0;39.0;39.0;2;0;0.00;0.00;0.00;0.0;0.0
44.954;115;1573;39;61347;9.0;19.700;1.340;28;62;9;0;100;101;100;113;100;114;100;50;50;0;1.917;1.917;0.000;0.000;14.700;1.000;10.1;0.0;0;32;3.000;2.847;12.8;0;0;0;-8.7;0;0;0;0;0;99;0;0;1881;71.75;0;0;0;0;0;0;0;0;0;0;0;0;0;0;0;0;32;0;39.0;39.0;2;0;0.00;0.00;0.00;0.0;0.0
45.020;115;1565;39;61035;9.0;19.700;1.340;28;62;9;0;100;101;100;113;100;114;100;50;50;0;1.929;1.929;0.000;0.000;14.700;1.000;10.1;0.0;0;32;3.000;2.928;12.7;-120;0;0;-8.7;0;0;0;0;0;99;0;0;1881;72.12;0;0;0;0;0;0;0;0;0;0;0;0;0;0;0;0;32;0;39.0;39.0;2;0;0.00;0.00;0.00;0.0;0.0
45.020;115;1573;40;62920;9.0;19.700;1.340;28;62;9;0;100;101;100;113;100;114;100;50;50;0;1.940;1.940;0.000;0.000;14.700;1.000;10.2;0.0;0;32;3.000;2.947;12.7;-120;0;0;-8.6;0;0;0;0;0;99;0;0;1881;71.75;0;0;0;0;0;0;0;0;0;0;0;0;0;0;0;0;32;0;40.0;40.0;2;0;0.00;0.00;0.00;0.0;0.0
45.155;115;1565;39;61035;9.0;19.700;1.340;28;62;9;0;100;101;100;113;100;114;100;50;50;0;1.929;1.929;0.000;0.000;14.700;1.000;10.1;0.0;0;32;3.000;2.733;12.7;80;0;0;-8.7;0;0;0;0;0;99;0;0;1881;72.12;0;0;0;0;0;0;0;0;0;0;0;0;0;0;0;0;32;0;39.0;39.0;2;0;0.00;0.00;0.00;0.0;0.0
45.220;115;1565;39;61035;9.0;19.700;1.340;28;62;9;0;100;101;100;113;100;114;100;50;50;0;1.929;1.929;0.000;0.000;14.700;1.000;10.1;0.0;0;32;3.000;2.849;12.7;-80;0;0;-8.7;0;0;0;0;0;99;0;0;1881;72.12;0;0;0;0;0;0;0;0;0;0;0;0;0;0;0;0;32;0;39.0;39.0;2;0;0.00;0.00;0.00;0.0;0.0
45.290;115;1564;39;60996;9.0;19.700;1.340;28;62;9;0;100;101;100;113;100;114;100;50;50;0;1.917;1.917;0.000;0.000;14.700;1.000;10.0;0.0;0;32;3.000;2.943;12.8;-80;0;0;-8.7;0;0;0;0;0;99;0;0;1881;72.16;0;0;0;0;0;0;0;0;0;0;0;0;0;0;0;0;32;0;39.0;39.0;2;0;0.00;0.00;0.00;0.0;0.0
45.356;115;1575;39;61425;9.0;19.700;1.340;28;62;9;0;100;101;100;113;100;114;100;50;50;0;1.917;1.917;0.000;0.000;14.700;1.000;10.1;0.0;0;33;3.000;2.710;12.8;100;0;0;-8.7;0;0;0;0;0;99;0;0;1881;71.66;0;0;0;0;0;0;0;0;0;0;0;0;0;0;0;0;33;0;39.0;39.0;2;0;0.00;0.00;0.00;0.0;0.0
45.426;115;1559;39;60801;9.0;19.700;1.340;28;62;9;0;100;101;100;113;100;114;100;50;50;0;1.917;1.917;0.000;0.000;14.700;1.000;10.0;0.0;0;33;3.000;2.894;12.8;-160;0;0;-8.7;0;0;0;0;0;99;0;0;1881;72.39;0;0;0;0;0;0;0;0;0;0;0;0;0;0;0;0;33;0;39.0;39.0;2;0;0.00;0.00;0.00;0.0;0.0
45.491;115;1563;39;60957;9.0;19.700;1.340;28;62;9;0;100;101;100;113;100;114;100;50;50;0;1.917;1.917;0.000;0.000;14.700;1.000;10.0;0.0;0;32;3.000;2.916;12.8;-160;0;0;-8.7;0;0;0;0;0;99;0;0;1881;72.21;0;0;0;0;0;0;0;0;0;0;0;0;0;0;0;0;32;0;39.0;39.0;2;0;0.00;0.00;0.00;0.0;0.0
45.556;116;1566;40;62640;9.0;19.700;1.340;28;62;9;0;100;101;100;113;100;114;100;50;50;0;1.904;1.904;0.000;0.000;14.700;1.000;9.9;0.0;0;32;3.000;2.919;13.0;40;0;0;-8.6;0;0;0;0;0;99;0;0;1885;72.22;0;0;0;0;0;0;0;0;0;0;0;0;0;0;0;0;32;0;40.0;40.0;2;0;0.00;0.00;0.00;0.0;0.0
45.621;116;1560;40;62400;9.0;19.700;1.340;28;62;9;0;100;101;100;113;100;114;100;50;50;0;1.904;1.904;0.000;0.000;14.700;1.000;9.9;0.0;0;32;3.000;2.792;13.0;-30;0;0;-8.6;0;0;0;0;0;99;0;0;1885;72.50;0;0;0;0;0;0;0;0;0;0;0;0;0;0;0;0;32;0;40.0;40.0;2;0;0.00;0.00;0.00;0.0;0.0
45.691;116;1548;40;61920;9.0;19.700;1.340;28;62;9;0;100;101;100;113;100;114;100;50;50;0;1.904;1.904;0.000;0.000;14.700;1.000;9.8;0.0;0;32;3.000;2.720;13.0;-30;0;0;-8.6;0;0;0;0;0;99;0;0;1885;73.06;0;0;0;0;0;0;0;0;0;0;0;0;0;0;0;0;32;0;40.0;40.0;2;0;0.00;0.00;0.00;0.0;0.0
45.757;116;1548;40;61920;9.0;19.700;1.340;28;62;9;0;100;101;100;113;100;114;100;50;50;0;1.904;1.904;0.000;0.000;14.700;1.000;9.8;0.0;0;32;3.000;2.586;13.0;-120;0;0;-8.6;0;0;0;0;0;99;0;0;1885;73.06;0;0;0;0;0;0;0;0;0;0;0;0;0;0;0;0;32;0;40.0;40.0;2;0;0.00;0.00;0.00;0.0;0.0
45.822;116;1523;40;60920;9.0;19.600;1.333;28;62;9;0;100;101;100;113;100;114;100;50;50;0;1.892;1.892;0.000;0.000;14.700;1.000;9.6;0.0;0;32;3.000;2.901;13.1;-120;0;0;-8.6;0;0;0;0;0;99;0;0;1885;74.26;0;0;0;0;0;0;0;0;0;0;0;0;0;0;0;0;32;0;40.0;40.0;2;0;0.00;0.00;0.00;0.0;0.0
45.888;116;1524;40;60960;9.0;19.700;1.340;28;62;9;0;100;101;100;113;100;114;100;50;50;0;1.892;1.892;0.000;0.000;14.700;1.000;9.6;0.0;0;32;3.000;2.935;13.1;-250;0;0;-8.6;0;0;0;0;0;99;0;0;1885;74.21;0;0;0;0;0;0;0;0;0;0;0;0;0;0;0;0;32;0;40.0;40.0;2;0;0.00;0.00;0.00;0.0;0.0
45.953;116;1526;41;62566;9.0;19.700;1.340;28;62;9;0;100;101;100;113;100;114;100;51;51;0;1.909;1.909;0.000;0.000;14.700;1.000;9.7;0.0;0;32;3.000;2.763;13.1;30;0;0;-8.4;0;0;0;0;0;99;0;0;1885;74.12;0;0;0;0;0;0;0;0;0;0;0;0;0;0;0;0;32;0;41.0;41.0;2;0;0.00;0.00;0.00;0.0;0.0
46.023;116;1506;41;61746;9.0;19.700;1.340;28;62;9;0;100;101;100;113;100;114;100;51;51;0;1.909;1.909;0.000;0.000;14.700;1.000;9.6;0.0;0;32;3.000;2.725;13.1;30;0;0;-8.4;0;0;0;0;0;99;0;0;1885;75.10;0;0;0;0;0;0;0;0;0;0;0;0;0;0;0;0;32;0;41.0;41.0;2;0;0.00;0.00;0.00;0.0;0.0
46.023;116;1463;41;59983;9.0;19.700;1.340;28;62;9;0;100;101;100;113;100;114;100;51;51;0;1.909;1.909;0.000;0.000;14.700;1.000;9.3;0.0;0;31;3.000;2.270;13.1;-200;0;0;-8.4;0;0;0;0;0;99;0;0;1885;77.31;0;0;0;0;0;0;0;0;0;0;0;0;0;0;0;0;31;0;41.0;41.0;2;0;0.00;0.00;0.00;0.0;0.0
46.154;116;1421;41;58261;9.0;19.700;1.340;28;62;9;0;100;101;100;113;100;114;100;50;50;0;1.901;1.901;0.000;0.000;14.700;1.000;9.0;0.0;0;31;3.000;2.665;13.1;-630;0;0;-8.4;0;0;0;0;0;99;0;0;1885;79.59;0;0;0;0;0;0;0;0;0;0;0;0;0;0;0;0;31;0;41.0;41.0;2;0;0.00;0.00;0.00;0.0;0.0
46.224;116;1385;42;58170;9.0;19.700;1.340;28;62;9;0;100;101;100;113;100;114;100;51;51;0;1.928;1.928;0.000;0.000;14.700;1.000;8.9;0.0;0;31;3.000;2.680;13.1;-630;0;0;-8.3;0;0;0;0;0;99;0;0;1885;81.66;0;0;0;0;0;0;0;0;0;0;0;0;0;0;0;0;31;0;42.0;42.0;2;0;0.00;0.00;0.00;0.0;0.0
46.289;116;1359;44;59796;9.0;19.700;1.340;28;62;9;0;100;101;100;113;100;114;100;52;52;0;1.965;1.965;0.000;0.000;14.700;1.000;8.9;0.0;0;31;3.000;2.762;13.1;-580;0;0;-8.0;0;0;0;0;0;99;0;0;1885;83.22;0;0;0;0;0;0;0;0;0;0;0;0;0;0;0;0;31;0;44.0;44.0;2;0;0.00;0.00;0.00;0.0;0.0
46.355;116;1328;44;58432;9.0;19.700;1.340;28;62;9;0;100;101;100;113;100;114;100;52;52;0;1.965;1.965;0.000;0.000;14.700;1.000;8.7;0.0;0;31;3.000;2.874;13.1;-550;0;0;-8.0;0;0;0;0;0;99;0;0;1885;85.17;0;0;0;0;0;0;0;0;0;0;0;0;0;0;0;0;31;0;44.0;44.0;2;0;0.00;0.00;0.00;0.0;0.0
46.420;116;1284;46;59064;9.0;19.700;1.340;28;62;9;0;100;101;100;113;100;114;100;52;52;0;1.994;1.994;0.000;0.000;14.700;1.000;8.5;0.0;0;31;3.000;2.651;13.1;-550;0;0;-7.7;0;0;0;0;0;99;0;0;1885;88.08;0;0;0;0;0;0;0;0;0;0;0;0;0;0;0;0;31;0;46.0;46.0;2;0;0.00;0.00;0.00;0.0;0.0
46.489;116;1288;46;59248;9.0;19.700;1.340;28;62;9;0;100;101;100;113;100;114;100;52;52;0;1.994;1.994;0.000;0.000;14.700;1.000;8.6;0.0;0;31;3.000;2.742;13.1;-460;0;0;-7.7;0;0;0;0;0;99;0;0;1885;87.81;0;0;0;0;0;0;0;0;0;0;0;0;0;0;0;0;31;0;46.0;46.0;2;0;0.00;0.00;0.00;0.0;0.0
46.558;117;1271;47;59737;9.0;19.700;1.340;28;62;9;0;100;101;100;113;100;114;100;54;54;0;2.034;2.034;0.000;0.000;14.600;0.993;8.6;0.0;0;31;3.000;2.776;13.0;-10;0;0;-7.5;0;0;0;0;0;99;0;0;1878;88.65;0;0;0;0;0;0;0;0;0;0;0;0;0;0;0;0;31;0;47.0;47.0;2;0;0.00;0.00;0.00;0.0;0.0
46.626;117;1252;47;58844;9.0;19.700;1.340;28;62;9;0;100;101;100;113;100;114;100;53;53;0;2.026;2.026;0.000;0.000;14.600;0.993;8.5;0.0;0;31;3.000;2.739;13.0;-10;0;0;-7.5;0;0;0;0;0;99;0;0;1878;90.00;0;0;0;0;0;0;0;0;0;0;0;0;0;0;0;0;31;0;47.0;47.0;2;0;0.00;0.00;0.00;0.0;0.0
46.691;117;1261;48;60528;9.0;19.700;1.340;28;62;9;0;100;101;100;113;100;114;100;54;54;0;2.044;2.044;0.000;0.000;14.500;0.986;8.6;0.0;0;31;3.000;3.009;13.0;-340;0;0;-7.4;0;0;0;0;0;99;0;0;1878;89.36;0;0;0;0;0;0;0;0;0;0;0;0;0;0;0;0;31;0;48.0;48.0;2;0;0.00;0.00;0.00;0.0;0.0
46.756;118;1404;43;60372;9.0;19.700;1.340;28;62;9;0;100;101;100;113;100;114;100;51;51;0;1.961;1.961;0.000;0.000;14.700;1.000;9.2;0.0;0;31;3.000;2.878;12.9;160;0;0;-8.1;0;0;0;0;0;99;0;0;1861;79.53;0;0;0;0;0;0;0;0;0;0;0;0;0;0;0;0;31;0;43.0;43.0;2;0;0.00;0.00;0.00;0.0;0.0
47.792;118;1406;44;61864;9.0;19.700;1.340;28;62;9;0;100;101;100;113;100;114;100;52;52;0;1.989;1.989;0.000;0.000;14.700;1.000;9.3;0.0;0;31;3.000;2.862;12.9;160;0;0;-8.0;0;0;0;0;0;99;0;0;1861;79.42;0;0;0;0;0;0;0;0;0;0;0;0;0;0;0;0;31;0;44.0;44.0;2;0;0.00;0.00;0.00;0.0;0.0
47.792;118;1411;43;60673;9.0;19.700;1.340;28;62;9;0;100;101;100;113;100;114;100;51;51;0;1.961;1.961;0.000;0.000;14.700;1.000;9.2;0.0;0;31;3.000;2.844;12.9;120;0;0;-8.1;0;0;0;0;0;99;0;0;1861;79.14;0;0;0;0;0;0;0;0;0;0;0;0;0;0;0;0;31;0;43.0;43.0;2;0;0.00;0.00;0.00;0.0;0.0
47.885;118;1392;43;59856;9.0;19.700;1.340;28;62;9;0;100;101;100;113;100;114;100;51;51;0;1.961;1.961;0.000;0.000;14.700;1.000;9.1;0.0;0;31;3.000;2.689;12.9;-10;0;0;-8.1;0;0;0;0;0;99;0;0;1861;80.22;0;0;0;0;0;0;0;0;0;0;0;0;0;0;0;0;31;0;43.0;43.0;2;0;0.00;0.00;0.00;0.0;0.0
47.948;118;1391;43;59813;9.0;19.700;1.340;28;62;9;0;100;101;100;113;100;114;100;52;52;0;1.978;1.978;0.000;0.000;14.700;1.000;9.2;0.0;0;31;3.000;2.839;12.9;-10;0;0;-8.1;0;0;0;0;0;99;0;0;1861;80.27;0;0;0;0;0;0;0;0;0;0;0;0;0;0;0;0;31;0;43.0;43.0;2;0;0.00;0.00;0.00;0.0;0.0
48.015;118;1396;44;61424;9.0;19.700;1.340;28;62;9;0;100;101;100;113;100;114;100;52;52;0;1.989;1.989;0.000;0.000;14.700;1.000;9.3;0.0;0;31;3.000;2.870;12.9;-200;0;0;-8.0;0;0;0;0;0;99;0;0;1861;79.99;0;0;0;0;0;0;0;0;0;0;0;0;0;0;0;0;31;0;44.0;44.0;2;0;0.00;0.00;0.00;0.0;0.0
48.080;118;1393;43;59899;9.0;19.700;1.340;28;62;9;0;100;101;100;113;100;114;100;52;52;0;2.002;2.002;0.000;0.000;14.700;1.000;9.3;0.0;0;32;3.000;2.935;12.7;0;0;0;-8.1;0;0;0;0;0;99;0;0;1861;80.16;0;0;0;0;0;0;0;0;0;0;0;0;0;0;0;0;32;0;43.0;43.0;2;0;0.00;0.00;0.00;0.0;0.0
48.145;118;1371;44;60324;9.0;19.700;1.340;28;62;9;0;100;101;100;113;100;114;100;52;52;0;2.013;2.013;0.000;0.000;14.700;1.000;9.2;0.0;0;31;3.000;2.733;12.7;0;0;0;-8.0;0;0;0;0;0;99;0;0;1861;81.44;0;0;0;0;0;0;0;0;0;0;0;0;0;0;0;0;31;0;44.0;44.0;2;0;0.00;0.00;0.00;0.0;0.0
48.215;118;1374;43;59082;9.0;19.700;1.340;28;62;9;0;100;101;100;113;100;114;100;52;52;0;2.002;2.002;0.000;0.000;14.700;1.000;9.2;0.0;0;32;3.000;2.829;12.7;-80;0;0;-8.1;0;0;0;0;0;99;0;0;1861;81.27;0;0;0;0;0;0;0;0;0;0;0;0;0;0;0;0;32;0;43.0;43.0;2;0;0.00;0.00;0.00;0.0;0.0
48.279;118;1378;44;60632;9.0;19.700;1.340;28;62;9;0;100;101;100;113;100;114;100;52;52;0;2.013;2.013;0.000;0.000;14.700;1.000;9.2;0.0;0;31;3.000;2.838;12.7;10;0;0;-8.0;0;0;0;0;0;99;0;0;1861;81.03;0;0;0;0;0;0;0;0;0;0;0;0;0;0;0;0;31;0;44.0;44.0;2;0;0.00;0.00;0.00;0.0;0.0
48.348;118;1394;44;61336;9.0;19.700;1.340;28;62;9;0;100;101;100;113;100;114;100;52;52;0;2.001;2.001;0.000;0.000;14.700;1.000;9.3;0.0;0;31;3.000;3.031;12.8;10;0;0;-8.0;0;0;0;0;0;99;0;0;1861;80.10;0;0;0;0;0;0;0;0;0;0;0;0;0;0;0;0;31;0;44.0;44.0;2;0;0.00;0.00;0.00;0.0;0.0
48.411;118;1426;43;61318;9.0;19.700;1.340;28;62;9;0;100;101;100;113;100;114;100;52;52;0;1.990;1.990;0.000;0.000;14.700;1.000;9.5;0.0;0;31;3.000;2.908;12.8;180;0;0;-8.1;0;0;0;0;0;99;0;0;1861;78.30;0;0;0;0;0;0;0;0;0;0;0;0;0;0;0;0;31;0;43.0;43.0;2;0;0.00;0.00;0.00;0.0;0.0
48.476;118;1429;43;61447;9.0;19.600;1.333;28;62;9;0;100;101;100;113;100;114;100;51;51;0;1.973;1.973;0.000;0.000;14.700;1.000;9.4;0.0;0;32;3.000;2.884;12.8;370;0;0;-8.1;0;0;0;0;0;99;0;0;1861;78.14;0;0;0;0;0;0;0;0;0;0;0;0;0;0;0;0;32;0;43.0;43.0;2;0;0.00;0.00;0.00;0.0;0.0
48.546;118;1450;42;60900;9.0;19.700;1.340;28;62;9;0;100;101;100;113;100;114;100;51;51;0;1.964;1.964;0.000;0.000;14.700;1.000;9.5;0.0;0;31;3.000;2.975;12.8;370;0;0;-8.3;0;0;0;0;0;99;0;0;1861;77.01;0;0;0;0;0;0;0;0;0;0;0;0;0;0;0;0;31;0;42.0;42.0;2;0;0.00;0.00;0.00;0.0;0.0
48.612;119;1494;41;61254;9.0;19.700;1.340;28;63;9;0;100;101;100;112;100;113;100;51;51;0;1.941;1.941;0.000;0.000;14.700;1.000;9.7;0.0;0;31;3.000;2.919;12.8;50;0;0;-8.4;0;0;0;0;0;99;0;0;1829;73.45;0;0;0;0;0;0;0;0;0;0;0;0;0;0;0;0;31;0;41.0;41.0;2;0;0.00;0.00;0.00;0.0;0.0
49.578;119;1505;41;61705;9.0;19.700;1.340;28;63;9;0;100;101;100;112;100;113;100;51;51;0;1.941;1.941;0.000;0.000;14.700;1.000;9.7;0.0;0;32;3.000;3.092;12.8;50;0;0;-8.4;0;0;0;0;0;99;0;0;1829;72.92;0;0;0;0;0;0;0;0;0;0;0;0;0;0;0;0;32;0;41.0;41.0;2;0;0.00;0.00;0.00;0.0;0.0
49.578;120;1506;41;61746;9.0;19.700;1.340;28;63;9;0;100;101;100;112;100;113;100;51;51;0;1.929;1.929;0.000;0.000;14.700;1.000;9.7;0.0;0;32;3.000;2.986;12.9;210;0;0;-8.4;0;0;0;0;0;99;0;0;1840;73.31;0;0;0;0;0;0;0;0;0;0;0;0;0;0;0;0;32;0;41.0;41.0;2;0;0.00;0.00;0.00;0.0;0.0
49.598;120;1514;41;62074;9.0;19.700;1.340;28;63;9;0;100;101;100;112;100;113;100;51;51;0;1.929;1.929;0.000;0.000;14.700;1.000;9.7;0.0;0;32;3.000;2.802;12.9;210;0;0;-8.4;0;0;0;0;0;99;0;0;1840;72.92;0;0;0;0;0;0;0;0;0;0;0;0;0;0;0;0;32;0;41.0;41.0;2;0;0.00;0.00;0.00;0.0;0.0
49.733;120;1514;40;60560;9.0;19.700;1.340;28;63;9;0;100;101;100;112;100;113;100;50;50;0;1.912;1.912;0.000;0.000;14.700;1.000;9.6;0.0;0;32;3.000;2.910;12.9;80;0;0;-8.6;0;0;0;0;0;99;0;0;1840;72.92;0;0;0;0;0;0;0;0;0;0;0;0;0;0;0;0;32;0;40.0;40.0;2;0;0.00;0.00;0.00;0.0;0.0
49.802;120;1509;40;60360;9.0;19.700;1.340;28;63;9;0;100;101;100;112;100;113;100;50;50;0;1.912;1.912;0.000;0.000;14.700;1.000;9.6;0.0;0;32;3.000;2.717;12.9;0;0;0;-8.6;0;0;0;0;0;99;0;0;1840;73.16;0;0;0;0;0;0;0;0;0;0;0;0;0;0;0;0;32;0;40.0;40.0;2;0;0.00;0.00;0.00;0.0;0.0
49.865;120;1509;41;61869;9.0;19.700;1.340;28;63;9;0;100;101;100;112;100;113;100;51;51;0;1.965;1.965;0.000;0.000;14.700;1.000;9.9;0.0;0;32;3.000;2.720;12.6;0;0;0;-8.4;0;0;0;0;0;99;0;0;1840;73.16;0;0;0;0;0;0;0;0;0;0;0;0;0;0;0;0;32;0;41.0;41.0;2;0;0.00;0.00;0.00;0.0;0.0
49.931;120;1482;41;60762;9.0;19.700;1.340;28;63;9;0;100;101;100;112;100;113;100;51;51;0;1.965;1.965;0.000;0.000;14.700;1.000;9.7;0.0;0;31;3.000;2.930;12.6;-260;0;0;-8.4;0;0;0;0;0;99;0;0;1840;74.49;0;0;0;0;0;0;0;0;0;0;0;0;0;0;0;0;31;0;41.0;41.0;2;0;0.00;0.00;0.00;0.0;0.0
50.000;120;1485;41;60885;9.0;19.600;1.333;28;63;9;0;100;101;100;112;100;113;100;51;51;0;1.965;1.965;0.000;0.000;14.700;1.000;9.7;0.0;0;31;3.000;2.915;12.6;-30;0;0;-8.4;0;0;0;0;0;99;0;0;1840;74.34;0;0;0;0;0;0;0;0;0;0;0;0;0;0;0;0;31;0;41.0;41.0;2;0;0.00;0.00;0.00;0.0;0.0
50.065;120;1470;41;60270;9.0;19.700;1.340;28;63;9;0;100;101;100;112;100;113;100;51;51;0;1.965;1.965;0.000;0.000;14.700;1.000;9.6;0.0;0;31;3.000;2.873;12.6;-30;0;0;-8.4;0;0;0;0;0;99;0;0;1840;75.10;0;0;0;0;0;0;0;0;0;0;0;0;0;0;0;0;31;0;41.0;41.0;2;0;0.00;0.00;0.00;0.0;0.0
50.131;120;1472;41;60352;9.0;19.700;1.340;28;63;9;0;100;101;100;112;100;113;100;51;51;0;1.941;1.941;0.000;0.000;14.700;1.000;9.5;0.0;0;31;3.000;2.933;12.8;-110;0;0;-8.4;0;0;0;0;0;99;0;0;1840;75.00;0;0;0;0;0;0;0;0;0;0;0;0;0;0;0;0;31;0;41.0;41.0;2;0;0.00;0.00;0.00;0.0;0.0
50.196;120;1452;41;59532;9.0;19.700;1.340;28;63;9;0;100;101;100;112;100;113;100;50;50;0;1.933;1.933;0.000;0.000;14.700;1.000;9.4;0.0;0;31;3.000;2.797;12.8;-220;0;0;-8.4;0;0;0;0;0;99;0;0;1840;76.03;0;0;0;0;0;0;0;0;0;0;0;0;0;0;0;0;31;0;41.0;41.0;2;0;0.00;0.00;0.00;0.0;0.0
50.262;120;1461;41;59901;9.0;19.700;1.340;28;63;9;0;100;101;100;112;100;113;100;51;51;0;1.941;1.941;0.000;0.000;14.700;1.000;9.5;0.0;0;31;3.000;2.871;12.8;-220;0;0;-8.4;0;0;0;0;0;99;0;0;1840;75.56;0;0;0;0;0;0;0;0;0;0;0;0;0;0;0;0;31;0;41.0;41.0;2;0;0.00;0.00;0.00;0.0;0.0
50.331;120;1441;41;59081;9.0;19.700;1.340;28;63;9;0;100;101;100;112;100;113;100;50;50;0;1.933;1.933;0.000;0.000;14.700;1.000;9.3;0.0;0;31;3.000;2.691;12.8;70;0;0;-8.4;0;0;0;0;0;99;0;0;1840;76.61;0;0;0;0;0;0;0;0;0;0;0;0;0;0;0;0;31;0;41.0;41.0;2;0;0.00;0.00;0.00;0.0;0.0
50.401;120;1436;42;60312;9.0;19.700;1.340;28;63;9;0;100;101;100;112;100;113;100;51;51;0;1.973;1.973;0.000;0.000;14.700;1.000;9.4;0.0;0;31;3.000;2.940;12.7;-230;0;0;-8.3;0;0;0;0;0;99;0;0;1840;76.88;0;0;0;0;0;0;0;0;0;0;0;0;0;0;0;0;31;0;42.0;42.0;2;0;0.00;0.00;0.00;0.0;0.0
50.467;120;1449;42;60858;9.0;19.700;1.340;28;63;9;0;100;101;100;112;100;113;100;51;51;0;1.973;1.973;0.000;0.000;14.700;1.000;9.5;0.0;0;31;3.000;3.042;12.7;-230;0;0;-8.3;0;0;0;0;0;99;0;0;1840;76.19;0;0;0;0;0;0;0;0;0;0;0;0;0;0;0;0;31;0;42.0;42.0;2;0;0.00;0.00;0.00;0.0;0.0
50.532;120;1436;42;60312;9.0;19.700;1.340;28;63;9;0;100;101;100;112;100;113;100;51;51;0;1.973;1.973;0.000;0.000;14.700;1.000;9.4;0.0;0;31;3.000;2.838;12.7;140;0;0;-8.3;0;0;0;0;0;99;0;0;1840;76.88;0;0;0;0;0;0;0;0;0;0;0;0;0;0;0;0;31;0;42.0;42.0;2;0;0.00;0.00;0.00;0.0;0.0
50.599;121;1455;42;61110;9.0;19.700;1.340;28;63;9;0;100;101;100;112;100;113;100;51;51;0;1.973;1.973;0.000;0.000;14.700;1.000;9.6;0.0;0;31;3.000;2.928;12.7;50;0;0;-8.3;0;0;0;0;0;99;0;0;1868;77.03;0;0;0;0;0;0;0;0;0;0;0;0;0;0;0;0;31;0;42.0;42.0;2;0;0.00;0.00;0.00;0.0;0.0
50.667;121;1462;42;61404;9.0;19.700;1.340;28;63;9;0;100;101;100;112;100;113;100;51;51;0;1.961;1.961;0.000;0.000;14.700;1.000;9.6;0.0;0;31;3.000;2.845;12.8;50;0;0;-8.3;0;0;0;0;0;99;0;0;1868;76.66;0;0;0;0;0;0;0;0;0;0;0;0;0;0;0;0;31;0;42.0;42.0;2;0;0.00;0.00;0.00;0.0;0.0
50.733;121;1452;42;60984;9.0;19.700;1.340;28;63;9;0;100;101;100;112;100;113;100;51;51;0;1.961;1.961;0.000;0.000;14.700;1.000;9.5;0.0;0;31;3.000;2.822;12.8;-40;0;0;-8.3;0;0;0;0;0;99;0;0;1868;77.19;0;0;0;0;0;0;0;0;0;0;0;0;0;0;0;0;31;0;42.0;42.0;2;0;0.00;0.00;0.00;0.0;0.0
50.813;121;1446;42;60732;9.0;19.700;1.340;28;63;9;0;100;101;100;112;100;113;100;51;51;0;1.961;1.961;0.000;0.000;14.700;1.000;9.5;0.0;0;31;3.000;2.915;12.8;-20;0;0;-8.3;0;0;0;0;0;99;0;0;1868;77.51;0;0;0;0;0;0;0;0;0;0;0;0;0;0;0;0;31;0;42.0;42.0;2;0;0.00;0.00;0.00;0.0;0.0
50.873;121;1456;42;61152;9.0;19.700;1.340;28;63;9;0;100;101;100;112;100;113;100;51;51;0;1.937;1.937;0.000;0.000;14.700;1.000;9.4;0.0;0;31;3.000;2.999;13.0;-20;0;0;-8.3;0;0;0;0;0;99;0;0;1868;76.98;0;0;0;0;0;0;0;0;0;0;0;0;0;0;0;0;31;0;42.0;42.0;2;0;0.00;0.00;0.00;0.0;0.0
50.941;121;1434;42;60228;9.0;19.700;1.340;28;63;9;0;100;101;100;112;100;113;100;51;51;0;1.937;1.937;0.000;0.000;14.700;1.000;9.3;0.0;0;31;3.000;2.765;13.0;30;0;0;-8.3;0;0;0;0;0;99;0;0;1868;78.16;0;0;0;0;0;0;0;0;0;0;0;0;0;0;0;0;31;0;42.0;42.0;2;0;0.00;0.00;0.00;0.0;0.0
51.006;121;1432;42;60144;9.0;19.700;1.340;28;63;9;0;100;101;100;112;100;113;100;51;51;0;1.937;1.937;0.000;0.000;14.700;1.000;9.2;0.0;0;31;3.000;2.867;13.0;30;0;0;-8.3;0;0;0;0;0;99;0;0;1868;78.27;0;0;0;0;0;0;0;0;0;0;0;0;0;0;0;0;31;0;42.0;42.0;2;0;0.00;0.00;0.00;0.0;0.0
51.006;121;1432;42;60144;9.0;19.700;1.340;28;63;9;0;100;101;100;112;100;113;100;51;51;0;1.937;1.937;0.000;0.000;14.700;1.000;9.2;0.0;0;31;3.000;2.850;13.0;-200;0;0;-8.3;0;0;0;0;0;99;0;0;1868;78.27;0;0;0;0;0;0;0;0;0;0;0;0;0;0;0;0;31;0;42.0;42.0;2;0;0.00;0.00;0.00;0.0;0.0
51.139;121;1414;42;59388;9.0;19.700;1.340;28;63;9;0;100;101;100;112;100;113;100;51;51;0;1.925;1.925;0.000;0.000;14.700;1.000;9.1;0.0;0;31;3.000;2.823;13.1;-230;0;0;-8.3;0;0;0;0;0;99;0;0;1868;79.26;0;0;0;0;0;0;0;0;0;0;0;0;0;0;0;0;31;0;42.0;42.0;2;0;0.00;0.00;0.00;0.0;0.0
51.207;121;1409;43;60587;9.0;19.700;1.340;28;63;9;0;100;101;100;112;100;113;100;52;52;0;1.951;1.951;0.000;0.000;14.700;1.000;9.2;0.0;0;32;3.000;2.790;13.1;-230;0;0;-8.1;0;0;0;0;0;99;0;0;1868;79.55;0;0;0;0;0;0;0;0;0;0;0;0;0;0;0;0;32;0;43.0;43.0;2;0;0.00;0.00;0.00;0.0;0.0
51.272;121;1398;43;60114;9.0;19.700;1.340;28;63;9;0;100;101;100;112;100;113;100;52;52;0;1.951;1.951;0.000;0.000;14.700;1.000;9.1;0.0;0;32;3.000;2.744;13.1;130;0;0;-8.1;0;0;0;0;0;99;0;0;1868;80.17;0;0;0;0;0;0;0;0;0;0;0;0;0;0;0;0;32;0;43.0;43.0;2;0;0.00;0.00;0.00;0.0;0.0
51.335;121;1407;43;60501;9.0;19.700;1.340;28;63;9;0;100;101;100;112;100;113;100;52;52;0;1.951;1.951;0.000;0.000;14.700;1.000;9.2;0.0;0;31;3.000;2.770;13.1;-150;0;0;-8.1;0;0;0;0;0;99;0;0;1868;79.66;0;0;0;0;0;0;0;0;0;0;0;0;0;0;0;0;31;0;43.0;43.0;2;0;0.00;0.00;0.00;0.0;0.0
51.403;121;1389;44;61116;9.0;19.700;1.340;28;63;9;0;100;101;100;112;100;113;100;52;52;0;1.961;1.961;0.000;0.000;14.700;1.000;9.1;0.0;0;31;3.000;2.786;13.1;-150;0;0;-8.0;0;0;0;0;0;99;0;0;1868;80.69;0;0;0;0;0;0;0;0;0;0;0;0;0;0;0;0;31;0;44.0;44.0;2;0;0.00;0.00;0.00;0.0;0.0
51.467;121;1393;43;59899;9.0;19.700;1.340;28;63;9;0;100;101;100;112;100;113;100;52;52;0;1.951;1.951;0.000;0.000;14.700;1.000;9.1;0.0;0;32;3.000;3.028;13.1;-180;0;0;-8.1;0;0;0;0;0;99;0;0;1868;80.46;0;0;0;0;0;0;0;0;0;0;0;0;0;0;0;0;32;0;43.0;43.0;2;0;0.00;0.00;0.00;0.0;0.0
51.540;121;1395;44;61380;10.0;19.700;1.340;28;63;9;0;100;101;100;112;100;113;100;52;52;0;1.961;1.961;0.000;0.000;14.700;1.000;9.1;0.0;0;31;3.000;2.724;13.1;170;0;0;-8.0;0;0;0;0;0;99;0;0;1868;80.34;0;0;0;0;0;0;0;0;0;0;0;0;0;0;0;0;31;0;44.0;44.0;2;0;0.00;0.00;0.00;0.0;0.0
51.607;121;1380;46;63480;11.0;19.700;1.340;28;63;9;0;100;101;100;112;100;113;100;53;53;0;1.999;1.999;0.000;0.000;14.700;1.000;9.2;0.0;0;31;3.000;2.880;13.1;170;0;0;-7.7;0;0;0;0;0;99;0;0;1868;81.22;0;0;0;0;0;0;0;0;0;0;0;0;0;0;0;0;31;0;46.0;46.0;2;0;0.00;0.00;0.00;0.0;0.0
51.671;122;1382;48;66336;11.0;19.700;1.340;28;63;9;0;100;101;100;112;100;113;100;55;55;0;2.037;2.037;0.000;0.000;14.600;0.993;9.4;0.0;0;32;3.000;3.062;13.1;-410;0;0;-7.4;0;0;0;0;0;99;0;0;1854;80.49;0;0;0;0;0;0;0;0;0;0;0;0;0;0;0;0;32;0;48.0;48.0;2;0;0.00;0.00;0.00;0.0;0.0
51.737;122;1346;48;64608;11.0;19.700;1.340;28;63;9;0;100;101;100;112;100;113;100;55;55;0;2.037;2.037;0.000;0.000;14.500;0.986;9.1;0.0;0;31;3.000;2.904;13.1;-230;0;0;-7.4;0;0;0;0;0;99;0;0;1854;82.64;0;0;0;0;0;0;0;0;0;0;0;0;0;0;0;0;31;0;48.0;48.0;2;0;0.00;0.00;0.00;0.0;0.0
51.737;122;1351;48;64848;11.0;19.700;1.340;28;63;9;0;100;101;100;112;100;113;100;55;55;0;2.037;2.037;0.000;0.000;14.500;0.986;9.2;0.0;0;31;3.000;2.713;13.1;-230;0;0;-7.4;0;0;0;0;0;99;0;0;1854;82.34;0;0;0;0;0;0;0;0;0;0;0;0;0;0;0;0;31;0;48.0;48.0;2;0;0.00;0.00;0.00;0.0;0.0
51.803;122;1339;48;64272;11.0;19.700;1.340;28;63;9;0;100;101;100;112;100;113;100;55;55;0;2.037;2.037;0.000;0.000;14.500;0.986;9.1;0.0;0;31;3.000;2.767;13.1;130;0;0;-7.4;0;0;0;0;0;99;0;0;1854;83.08;0;0;0;0;0;0;0;0;0;0;0;0;0;0;0;0;31;0;48.0;48.0;2;0;0.00;0.00;0.00;0.0;0.0
51.934;122;1330;49;65170;11.0;19.700;1.340;28;63;9;0;100;101;100;112;100;113;100;55;55;0;2.058;2.058;0.000;0.000;14.600;0.993;9.1;0.0;0;31;3.000;2.927;13.1;-240;0;0;-7.3;0;0;0;0;0;99;0;0;1854;83.64;0;0;0;0;0;0;0;0;0;0;0;0;0;0;0;0;31;0;49.0;49.0;2;0;0.00;0.00;0.00;0.0;0.0
51.999;122;1337;49;65513;11.0;19.700;1.340;28;63;9;0;100;101;100;112;100;113;100;55;55;0;2.058;2.058;0.000;0.000;14.500;0.986;9.2;0.0;0;31;3.000;3.014;13.1;-240;0;0;-7.3;0;0;0;0;0;99;0;0;1854;83.20;0;0;0;0;0;0;0;0;0;0;0;0;0;0;0;0;31;0;49.0;49.0;2;0;0.00;0.00;0.00;0.0;0.0
52.071;122;1308;49;64092;11.0;19.700;1.340;28;63;9;0;100;101;100;112;100;113;100;55;55;0;2.058;2.058;0.000;0.000;14.500;0.986;9.0;0.0;0;31;3.000;2.788;13.1;-30;0;0;-7.3;0;0;0;0;0;99;0;0;1854;85.05;0;0;0;0;0;0;0;0;0;0;0;0;0;0;0;0;31;0;49.0;49.0;2;0;0.00;0.00;0.00;0.0;0.0
52.136;122;1333;49;65317;11.0;19.700;1.340;28;63;9;0;100;101;100;112;100;113;100;55;55;0;2.094;2.094;0.000;0.000;14.500;0.986;9.3;0.0;0;31;3.000;2.923;12.8;30;0;0;-7.3;0;0;0;0;0;99;0;0;1854;83.45;0;0;0;0;0;0;0;0;0;0;0;0;0;0;0;0;31;0;49.0;49.0;2;0;0.00;0.00;0.00;0.0;0.0
52.204;122;1337;49;65513;11.0;19.700;1.340;28;63;9;0;100;101;100;112;100;113;100;55;55;0;2.094;2.094;0.000;0.000;14.500;0.986;9.3;0.0;0;31;3.000;2.840;12.8;30;0;0;-7.3;0;0;0;0;0;99;0;0;1854;83.20;0;0;0;0;0;0;0;0;0;0;0;0;0;0;0;0;31;0;49.0;49.0;2;0;0.00;0.00;0.00;0.0;0.0
52.270;122;1344;49;65856;11.0;19.700;1.340;28;63;9;0;100;101;100;112;100;113;100;55;55;0;2.094;2.094;0.000;0.000;14.600;0.993;9.4;0.0;0;31;3.000;2.966;12.8;50;0;0;-7.3;0;0;0;0;0;99;0;0;1854;82.77;0;0;0;0;0;0;0;0;0;0;0;0;0;0;0;0;31;0;49.0;49.0;2;0;0.00;0.00;0.00;0.0;0.0
52.339;122;1352;49;66248;11.0;19.700;1.340;28;63;9;0;100;101;100;112;100;113;100;55;55;0;2.094;2.094;0.000;0.000;14.500;0.986;9.4;0.0;0;31;3.000;2.725;12.8;220;0;0;-7.3;0;0;0;0;0;99;0;0;1854;82.28;0;0;0;0;0;0;0;0;0;0;0;0;0;0;0;0;31;0;49.0;49.0;2;0;0.00;0.00;0.00;0.0;0.0
52.409;122;1384;48;66432;11.0;19.700;1.340;28;63;9;0;100;101;100;112;100;113;100;55;55;0;2.061;2.061;0.000;0.000;14.600;0.993;9.5;0.0;0;31;3.000;3.017;12.9;220;0;0;-7.4;0;0;0;0;0;99;0;0;1854;80.38;0;0;0;0;0;0;0;0;0;0;0;0;0;0;0;0;31;0;48.0;48.0;2;0;0.00;0.00;0.00;0.0;0.0
52.477;122;1404;48;67392;11.0;19.700;1.340;28;63;9;0;100;101;100;112;100;113;100;54;54;0;2.052;2.052;0.000;0.000;14.500;0.986;9.6;0.0;0;31;3.000;2.845;12.9;220;0;0;-7.4;0;0;0;0;0;99;0;0;1854;79.23;0;0;0;0;0;0;0;0;0;0;0;0;0;0;0;0;31;0;48.0;48.0;2;0;0.00;0.00;0.00;0.0;0.0
52.544;122;1416;50;70800;13.5;19.700;1.340;28;63;25;0;100;101;100;112;100;113;150;56;56;0;3.187;3.187;0.000;0.000;14.400;0.980;15.0;0.0;60;31;3.000;2.848;12.9;330;0;0;-7.1;0;0;0;0;0;99;0;0;1854;78.56;0;0;0;0;0;0;0;0;0;0;0;0;0;0;0;0;31;0;50.0;50.0;2;0;0.00;0.00;0.00;0.0;0.0
52.618;122;1448;51;73848;13.5;19.700;1.340;28;63;25;0;100;101;100;112;100;113;150;57;57;0;3.207;3.207;0.000;0.000;14.400;0.980;15.5;0.0;0;31;3.000;3.167;12.9;330;0;0;-7.0;0;0;0;0;0;99;0;0;1854;76.82;0;0;0;0;0;0;0;0;0;0;0;0;0;0;0;0;31;0;51.0;51.0;2;0;0.00;0.00;0.00;0.0;0.0
52.618;123;1538;50;76900;13.5;19.700;1.340;28;63;25;0;100;101;100;112;100;113;150;56;56;0;3.187;3.187;0.000;0.000;14.500;0.986;16.3;0.0;0;32;3.000;4.081;12.9;610;0;0;-7.1;0;0;0;0;0;99;0;0;1840;71.78;0;0;0;0;0;0;0;0;0;0;0;0;0;0;0;0;32;0;50.0;50.0;2;0;0.00;0.00;0.00;0.0;0.0
52.745;123;1528;48;73344;13.5;19.700;1.340;28;63;25;0;100;101;100;112;100;113;150;55;55;0;3.136;3.136;0.000;0.000;14.700;1.000;16.0;0.0;0;32;3.000;3.938;12.9;540;0;0;-7.4;0;0;0;0;0;99;0;0;1840;72.25;0;0;0;0;0;0;0;0;0;0;0;0;0;0;0;0;32;0;48.0;48.0;2;0;0.00;0.00;0.00;0.0;0.0
52.815;123;1666;46;76636;13.5;19.700;1.340;28;63;25;0;100;101;100;112;100;113;150;54;54;0;3.106;3.106;0.000;0.000;14.700;1.000;17.2;0.0;0;32;3.000;3.461;12.9;540;0;0;-7.7;0;0;0;0;0;99;0;0;1840;66.27;0;0;0;0;0;0;0;0;0;0;0;0;0;0;0;0;32;0;46.0;46.0;2;0;0.00;0.00;0.00;0.0;0.0
52.876;123;1747;44;76868;13.5;19.700;1.340;28;63;9;0;100;101;100;112;100;113;100;53;53;0;1.993;1.993;0.000;0.000;14.700;1.000;11.6;0.0;0;32;3.000;3.067;12.9;2190;0;0;-8.0;0;0;0;0;0;99;0;0;1840;63.19;0;0;0;0;0;0;0;0;0;0;0;0;0;0;0;0;32;0;44.0;44.0;2;0;0.00;0.00;0.00;0.0;0.0
52.944;123;1789;42;75138;11.0;17.400;1.184;28;63;41;0;100;101;100;112;100;113;100;52;52;0;1.964;1.964;0.000;0.000;14.700;1.000;11.7;0.0;-75;33;3.000;3.162;12.9;420;0;0;-8.3;0;0;0;0;0;99;0;0;1840;61.71;0;0;0;0;0;0;0;0;0;0;0;0;0;0;0;0;33;0;42.0;42.0;2;0;0.00;0.00;0.00;0.0;0.0
53.010;123;1838;34;62492;7.5;12.400;0.844;28;63;41;0;100;101;100;112;100;113;100;48;48;0;1.826;1.826;0.000;0.000;14.700;1.000;11.2;0.0;0;35;3.000;3.025;12.9;420;0;0;-9.4;0;0;0;0;0;99;0;0;1840;60.07;0;0;0;0;0;0;0;0;0;0;0;0;0;0;0;0;35;0;34.0;34.0;2;0;0.00;0.00;0.00;0.0;0.0
53.010;123;1872;32;59904;7.5;11.300;0.769;28;63;41;0;100;101;100;112;100;113;100;47;47;0;1.792;1.792;0.000;0.000;14.700;1.000;11.2;0.0;0;35;3.000;2.883;12.9;830;0;0;-9.7;0;0;0;0;0;99;0;0;1840;58.97;0;0;0;0;0;0;0;0;0;0;0;0;0;0;0;0;35;0;32.0;32.0;2;0;0.00;0.00;0.00;0.0;0.0
53.080;123;1865;32;59680;7.5;10.900;0.741;28;63;41;0;100;101;100;112;100;113;100;47;47;0;1.792;1.792;0.000;0.000;14.700;1.000;11.1;0.0;0;35;3.000;2.769;12.9;-70;0;0;-9.7;0;0;0;0;0;99;0;0;1840;59.20;0;0;0;0;0;0;0;0;0;0;0;0;0;0;0;0;35;0;32.0;32.0;2;0;0.00;0.00;0.00;0.0;0.0
53.215;123;1846;32;59072;7.5;15.100;1.027;28;63;41;0;100;101;100;112;100;113;100;47;47;0;1.792;1.792;0.000;0.000;14.700;1.000;11.0;0.0;0;35;3.000;2.807;12.9;-70;0;0;-9.7;0;0;0;0;0;99;0;0;1840;59.80;0;0;0;0;0;0;0;0;0;0;0;0;0;0;0;0;35;0;32.0;32.0;2;0;0.00;0.00;0.00;0.0;0.0
53.215;123;1831;33;60423;9.0;18.600;1.265;28;63;25;0;100;101;100;112;100;113;150;48;48;0;2.883;2.883;0.000;0.000;14.700;1.000;17.6;0.0;45;35;3.000;2.773;12.9;-340;0;0;-9.6;0;0;0;0;0;99;0;0;1840;60.29;0;0;0;0;0;0;0;0;0;0;0;0;0;0;0;0;35;0;33.0;33.0;2;0;0.00;0.00;0.00;0.0;0.0
53.346;123;1819;36;65484;11.0;19.500;1.327;28;63;25;0;100;101;100;112;100;113;150;49;49;0;2.933;2.933;0.000;0.000;14.700;1.000;17.8;0.0;30;35;3.000;2.845;12.9;-120;0;0;-9.1;0;0;0;0;0;99;0;0;1840;60.69;0;0;0;0;0;0;0;0;0;0;0;0;0;0;0;0;35;0;36.0;36.0;2;0;0.00;0.00;0.00;0.0;0.0
53.412;123;1811;38;68818;11.0;19.700;1.340;28;63;25;0;100;101;100;112;100;113;150;50;50;0;2.980;2.980;0.000;0.000;14.700;1.000;18.0;0.0;0;34;3.000;2.866;12.8;-120;0;0;-8.8;0;0;0;0;0;99;0;0;1840;60.96;0;0;0;0;0;0;0;0;0;0;0;0;0;0;0;0;34;0;38.0;38.0;2;0;0.00;0.00;0.00;0.0;0.0
53.412;123;1808;39;70512;11.0;19.700;1.340;28;63;25;0;100;101;100;112;100;113;150;51;51;0;2.997;2.997;0.000;0.000;14.700;1.000;18.1;0.0;0;33;3.000;2.772;12.8;-110;0;0;-8.7;0;0;0;0;0;99;0;0;1840;61.06;0;0;0;0;0;0;0;0;0;0;0;0;0;0;0;0;33;0;39.0;39.0;2;0;0.00;0.00;0.00;0.0;0.0
53.473;123;1785;40;71400;11.0;19.700;1.340;28;63;25;0;100;101;100;112;100;113;150;51;51;0;3.006;3.006;0.000;0.000;14.700;1.000;17.9;0.0;0;33;3.000;2.524;12.8;-110;0;0;-8.6;0;0;0;0;0;99;0;0;1840;61.85;0;0;0;0;0;0;0;0;0;0;0;0;0;0;0;0;33;0;40.0;40.0;2;0;0.00;0.00;0.00;0.0;0.0
53.604;123;1743;41;71463;11.0;19.700;1.340;28;63;9;0;100;101;100;112;100;113;100;51;51;0;1.941;1.941;0.000;0.000;14.700;1.000;11.3;0.0;0;32;3.000;2.585;12.8;-230;0;0;-8.4;0;0;0;0;0;99;0;0;1840;63.34;0;0;0;0;0;0;0;0;0;0;0;0;0;0;0;0;32;0;41.0;41.0;2;0;0.00;0.00;0.00;0.0;0.0
53.669;124;1710;40;68400;11.0;19.700;1.340;28;63;9;0;100;101;100;112;100;113;100;51;51;0;1.931;1.931;0.000;0.000;14.700;1.000;11.0;0.0;0;32;3.000;2.955;12.8;-750;0;0;-8.6;0;0;0;0;0;99;0;0;1791;62.84;0;0;0;0;0;0;0;0;0;0;0;0;0;0;0;0;32;0;40.0;40.0;2;0;0.00;0.00;0.00;0.0;0.0
53.669;124;1719;40;68760;11.0;19.700;1.340;28;63;9;0;100;101;100;112;100;113;100;51;51;0;1.931;1.931;0.000;0.000;14.700;1.000;11.1;0.0;0;32;3.000;3.128;12.8;-750;0;0;-8.6;0;0;0;0;0;99;0;0;1791;62.51;0;0;0;0;0;0;0;0;0;0;0;0;0;0;0;0;32;0;40.0;40.0;2;0;0.00;0.00;0.00;0.0;0.0
53.801;124;1764;40;70560;11.0;19.700;1.340;28;63;9;0;100;101;100;112;100;113;100;51;51;0;1.931;1.931;0.000;0.000;14.700;1.000;11.4;0.0;0;33;3.000;3.179;12.8;90;0;0;-8.6;0;0;0;0;0;99;0;0;1791;60.92;0;0;0;0;0;0;0;0;0;0;0;0;0;0;0;0;33;0;40.0;40.0;2;0;0.00;0.00;0.00;0.0;0.0
53.867;124;1814;39;70746;11.0;19.700;1.340;28;63;9;0;100;101;100;112;100;113;100;51;51;0;1.922;1.922;0.000;0.000;14.700;1.000;11.6;0.0;0;33;3.000;3.159;12.8;950;0;0;-8.7;0;0;0;0;0;99;0;0;1791;59.24;0;0;0;0;0;0;0;0;0;0;0;0;0;0;0;0;33;0;39.0;39.0;2;0;0.00;0.00;0.00;0.0;0.0
53.932;124;1851;38;70338;11.0;19.700;1.340;28;63;9;0;100;101;100;112;100;113;100;50;50;0;1.917;1.917;0.000;0.000;14.700;1.000;11.8;0.0;0;34;3.000;2.968;12.7;950;0;0;-8.8;0;0;0;0;0;99;0;0;1791;58.06;0;0;0;0;0;0;0;0;0;0;0;0;0;0;0;0;34;0;38.0;38.0;2;0;0.00;0.00;0.00;0.0;0.0
53.997;124;1872;37;69264;11.0;19.700;1.340;28;63;9;0;100;101;100;112;100;113;100;50;50;0;1.898;1.898;0.000;0.000;14.700;1.000;11.8;0.0;0;35;3.000;3.038;12.7;370;0;0;-9.0;0;0;0;0;0;99;0;0;1791;57.40;0;0;0;0;0;0;0;0;0;0;0;0;0;0;0;0;35;0;37.0;37.0;2;0;0.00;0.00;0.00;0.0;0.0
53.997;124;1896;37;70152;11.0;19.700;1.340;28;63;9;0;100;101;100;112;100;113;100;50;50;0;1.898;1.898;0.000;0.000;14.700;1.000;12.0;0.0;0;35;3.000;2.953;12.7;450;0;0;-9.0;0;0;0;0;0;99;0;0;1791;56.68;0;0;0;0;0;0;0;0;0;0;0;0;0;0;0;0;35;0;37.0;37.0;2;0;0.00;0.00;0.00;0.0;0.0
54.133;124;1916;36;68976;11.0;19.700;1.340;28;63;9;0;100;101;100;112;100;113;100;50;50;0;1.889;1.889;0.000;0.000;14.700;1.000;12.1;0.0;0;35;3.000;2.989;12.7;450;0;0;-9.1;0;0;0;0;0;99;0;0;1791;56.09;0;0;0;0;0;0;0;0;0;0;0;0;0;0;0;0;35;0;36.0;36.0;2;0;0.00;0.00;0.00;0.0;0.0
54.198;124;1925;37;71225;11.0;19.700;1.340;28;63;9;0;100;101;100;112;100;113;100;50;50;0;1.934;1.934;0.000;0.000;14.700;1.000;12.4;0.0;0;35;3.000;2.935;12.4;290;0;0;-9.0;0;0;0;0;0;99;0;0;1791;55.82;0;0;0;0;0;0;0;0;0;0;0;0;0;0;0;0;35;0;37.0;37.0;2;0;0.00;0.00;0.00;0.0;0.0
54.198;124;1930;36;69480;11.0;19.700;1.340;28;63;9;0;100;101;100;112;100;113;100;50;50;0;1.925;1.925;0.000;0.000;14.700;1.000;12.4;0.0;0;35;3.000;2.876;12.4;50;0;0;-9.1;0;0;0;0;0;99;0;0;1791;55.68;0;0;0;0;0;0;0;0;0;0;0;0;0;0;0;0;35;0;36.0;36.0;2;0;0.00;0.00;0.00;0.0;0.0
54.263;124;1941;36;69876;11.0;19.700;1.340;28;63;9;0;100;101;100;112;100;113;100;50;50;0;1.925;1.925;0.000;0.000;14.700;1.000;12.5;0.0;0;35;3.000;2.962;12.4;50;0;0;-9.1;0;0;0;0;0;99;0;0;1791;55.36;0;0;0;0;0;0;0;0;0;0;0;0;0;0;0;0;35;0;36.0;36.0;2;0;0.00;0.00;0.00;0.0;0.0
54.398;124;1944;36;69984;11.0;19.700;1.340;28;63;9;0;100;101;100;112;100;113;100;50;50;0;1.925;1.925;0.000;0.000;14.700;1.000;12.5;0.0;0;35;3.000;2.931;12.4;110;0;0;-9.1;0;0;0;0;0;99;0;0;1791;55.28;0;0;0;0;0;0;0;0;0;0;0;0;0;0;0;0;35;0;36.0;36.0;2;0;0.00;0.00;0.00;0.0;0.0
54.398;124;1956;36;70416;11.0;19.700;1.340;28;64;9;0;100;101;100;111;100;112;100;50;50;0;1.895;1.895;0.000;0.000;14.700;1.000;12.4;0.0;0;35;3.000;2.943;12.6;150;0;0;-9.1;0;0;0;0;0;99;0;0;1791;54.94;0;0;0;0;0;0;0;0;0;0;0;0;0;0;0;0;35;0;36.0;36.0;2;0;0.00;0.00;0.00;0.0;0.0
54.464;124;1958;36;70488;11.0;19.700;1.340;28;64;9;0;100;101;100;111;100;112;100;50;50;0;1.895;1.895;0.000;0.000;14.700;1.000;12.4;0.0;0;35;3.000;2.918;12.6;150;0;0;-9.1;0;0;0;0;0;99;0;0;1791;54.88;0;0;0;0;0;0;0;0;0;0;0;0;0;0;0;0;35;0;36.0;36.0;2;0;0.00;0.00;0.00;0.0;0.0
54.599;124;1968;36;70848;11.0;19.700;1.340;28;64;9;0;100;101;100;111;100;112;100;50;50;0;1.895;1.895;0.000;0.000;14.700;1.000;12.4;0.0;0;35;3.000;2.911;12.6;20;0;0;-9.1;0;0;0;0;0;99;0;0;1791;54.60;0;0;0;0;0;0;0;0;0;0;0;0;0;0;0;0;35;0;36.0;36.0;2;0;0.00;0.00;0.00;0.0;0.0
54.599;125;1970;35;68950;11.0;19.700;1.340;29;64;9;0;100;101;100;111;100;112;100;49;49;0;1.902;1.902;0.000;0.000;14.700;1.000;12.5;0.0;0;35;3.000;2.816;12.4;120;0;0;-9.3;0;0;0;0;0;99;0;0;1879;57.23;0;0;0;0;0;0;0;0;0;0;0;0;0;0;0;0;35;0;35.0;35.0;2;0;0.00;0.00;0.00;0.0;0.0
54.735;125;1963;35;68705;11.0;19.700;1.340;29;64;9;0;100;101;100;111;100;112;100;49;49;0;1.902;1.902;0.000;0.000;14.700;1.000;12.4;0.0;0;35;3.000;2.870;12.4;120;0;0;-9.3;0;0;0;0;0;99;0;0;1879;57.43;0;0;0;0;0;0;0;0;0;0;0;0;0;0;0;0;35;0;35.0;35.0;2;0;0.00;0.00;0.00;0.0;0.0
54.800;125;1963;36;70668;11.0;19.700;1.340;29;64;9;0;100;101;100;111;100;112;100;50;50;0;1.919;1.919;0.000;0.000;14.700;1.000;12.6;0.0;0;35;3.000;2.888;12.4;-70;0;0;-9.1;0;0;0;0;0;99;0;0;1879;57.43;0;0;0;0;0;0;0;0;0;0;0;0;0;0;0;0;35;0;36.0;36.0;2;0;0.00;0.00;0.00;0.0;0.0
54.865;125;1961;36;70596;11.0;19.700;1.340;29;64;9;0;100;101;100;111;100;112;100;50;50;0;1.919;1.919;0.000;0.000;14.700;1.000;12.5;0.0;0;35;3.000;2.797;12.4;-70;0;0;-9.1;0;0;0;0;0;99;0;0;1879;57.49;0;0;0;0;0;0;0;0;0;0;0;0;0;0;0;0;35;0;36.0;36.0;2;0;0.00;0.00;0.00;0.0;0.0
54.932;125;1950;36;70200;11.5;19.700;1.340;29;64;9;0;100;101;100;111;100;112;100;50;50;0;1.883;1.883;0.000;0.000;14.700;1.000;12.2;0.0;0;35;3.000;2.785;12.7;-20;0;0;-9.1;0;0;0;0;0;99;0;0;1879;57.82;0;0;0;0;0;0;0;0;0;0;0;0;0;0;0;0;35;0;36.0;36.0;2;0;0.00;0.00;0.00;0.0;0.0
55.004;125;1957;46;90022;17.5;19.700;1.340;29;64;25;0;100;101;100;111;100;112;154;55;55;0;3.217;3.217;0.000;0.000;14.700;1.000;21.0;0.0;90;33;3.000;3.122;12.7;-230;0;0;-7.7;0;0;0;0;0;99;0;0;1879;57.61;0;0;0;0;0;0;0;0;0;0;0;0;0;0;0;0;33;0;46.0;46.0;2;0;0.00;0.00;0.00;0.0;0.0
55.075;125;2024;49;99176;20.5;19.700;1.340;29;64;25;0;100;101;100;111;100;112;154;57;57;0;3.286;3.286;0.000;0.000;14.500;0.986;22.2;0.0;0;34;3.000;3.509;12.7;860;0;0;-7.3;0;0;0;0;0;99;0;0;1879;55.70;0;0;0;0;0;0;0;0;0;0;0;0;0;0;0;0;34;0;49.0;49.0;2;0;0.00;0.00;0.00;0.0;0.0
55.136;125;2113;42;88746;16.0;18.300;1.245;29;64;41;0;100;101;100;111;100;112;100;53;53;0;1.989;1.989;0.000;0.000;14.700;1.000;14.0;0.0;-135;34;3.000;3.149;12.7;860;0;0;-8.3;0;0;0;0;0;99;0;0;1879;53.36;0;0;0;0;0;0;0;0;0;0;0;0;0;0;0;0;34;0;42.0;42.0;2;0;0.00;0.00;0.00;0.0;0.0
55.203;125;2162;33;71346;11.0;19.100;1.299;29;64;41;0;100;101;100;111;100;112;100;49;49;0;1.875;1.875;0.000;0.000;14.700;1.000;13.5;0.0;-45;36;3.000;2.891;12.4;890;0;0;-9.6;0;0;0;0;0;99;0;0;1879;52.15;0;0;0;0;0;0;0;0;0;0;0;0;0;0;0;0;36;0;33.0;33.0;2;0;0.00;0.00;0.00;0.0;0.0
55.267;125;2141;32;68512;10.0;15.500;1.054;29;64;41;0;100;101;100;111;100;112;100;48;48;0;1.854;1.854;0.000;0.000;14.700;1.000;13.2;0.0;-30;36;3.000;2.831;12.4;890;0;0;-9.7;0;0;0;0;0;99;0;0;1879;52.66;0;0;0;0;0;0;0;0;0;0;0;0;0;0;0;0;36;0;32.0;32.0;2;0;0.00;0.00;0.00;0.0;0.0
55.337;125;2113;32;67616;10.0;18.700;1.272;29;64;41;0;100;101;100;111;100;112;100;48;48;0;1.854;1.854;0.000;0.000;14.700;1.000;13.1;0.0;0;36;3.000;2.779;12.4;280;0;0;-9.7;0;0;0;0;0;99;0;0;1879;53.36;0;0;0;0;0;0;0;0;0;0;0;0;0;0;0;0;36;0;32.0;32.0;2;0;0.00;0.00;0.00;0.0;0.0
55.403;125;2088;32;66816;10.0;19.500;1.327;29;64;41;0;100;101;100;111;100;112;100;48;48;0;1.854;1.854;0.000;0.000;14.700;1.000;12.9;0.0;0;36;3.000;2.824;12.4;-530;0;0;-9.7;0;0;0;0;0;99;0;0;1879;53.99;0;0;0;0;0;0;0;0;0;0;0;0;0;0;0;0;36;0;32.0;32.0;2;0;0.00;0.00;0.00;0.0;0.0
55.469;125;2068;32;66176;10.0;19.700;1.340;29;64;9;0;100;101;100;111;100;112;100;48;48;0;1.842;1.842;0.000;0.000;14.700;1.000;12.7;0.0;0;36;3.000;2.798;12.5;-530;0;0;-9.7;0;0;0;0;0;99;0;0;1879;54.52;0;0;0;0;0;0;0;0;0;0;0;0;0;0;0;0;36;0;32.0;32.0;2;0;0.00;0.00;0.00;0.0;0.0
55.534;125;2056;33;67848;10.0;19.700;1.340;29;64;9;0;100;101;100;111;100;112;100;49;49;0;1.863;1.863;0.000;0.000;14.700;1.000;12.8;0.0;0;36;3.000;2.885;12.5;-200;0;0;-9.6;0;0;0;0;0;99;0;0;1879;54.83;0;0;0;0;0;0;0;0;0;0;0;0;0;0;0;0;36;0;33.0;33.0;2;0;0.00;0.00;0.00;0.0;0.0
55.604;125;2050;32;65600;10.0;19.700;1.340;29;64;9;0;100;101;100;111;100;112;100;48;48;0;1.842;1.842;0.000;0.000;14.700;1.000;12.6;0.0;0;36;3.000;2.900;12.5;-180;0;0;-9.7;0;0;0;0;0;99;0;0;1879;55.00;0;0;0;0;0;0;0;0;0;0;0;0;0;0;0;0;36;0;32.0;32.0;2;0;0.00;0.00;0.00;0.0;0.0
55.668;125;2042;32;65344;10.0;19.700;1.340;29;64;9;0;100;101;100;111;100;112;100;48;48;0;1.842;1.842;0.000;0.000;14.700;1.000;12.5;0.0;0;36;3.000;2.973;12.5;-180;0;0;-9.7;0;0;0;0;0;99;0;0;1879;55.21;0;0;0;0;0;0;0;0;0;0;0;0;0;0;0;0;36;0;32.0;32.0;2;0;0.00;0.00;0.00;0.0;0.0
55.739;126;2042;32;65344;10.0;19.700;1.340;29;64;9;0;100;101;100;111;100;112;100;48;48;0;1.818;1.818;0.000;0.000;14.700;1.000;12.4;0.0;0;36;3.000;2.838;12.7;-80;0;0;-9.7;0;0;0;0;0;99;0;0;1839;54.04;0;0;0;0;0;0;0;0;0;0;0;0;0;0;0;0;36;0;32.0;32.0;2;0;0.00;0.00;0.00;0.0;0.0
55.806;126;2036;32;65152;9.0;19.700;1.340;29;64;9;0;100;101;100;111;100;112;100;48;48;0;1.818;1.818;0.000;0.000;14.700;1.000;12.3;0.0;0;36;3.000;2.896;12.7;-60;0;0;-9.7;0;0;0;0;0;99;0;0;1839;54.19;0;0;0;0;0;0;0;0;0;0;0;0;0;0;0;0;36;0;32.0;32.0;2;0;0.00;0.00;0.00;0.0;0.0
55.873;126;2032;31;62992;8.5;19.700;1.340;29;64;9;0;100;101;100;111;100;112;100;47;47;0;1.802;1.802;0.000;0.000;14.700;1.000;12.2;0.0;0;36;3.000;2.742;12.7;-60;0;0;-9.9;0;0;0;0;0;99;0;0;1839;54.30;0;0;0;0;0;0;0;0;0;0;0;0;0;0;0;0;36;0;31.0;31.0;2;0;0.00;0.00;0.00;0.0;0.0
55.938;126;2002;43;86086;18.5;19.700;1.340;29;64;25;0;100;101;100;111;100;112;178;54;54;0;3.672;3.672;0.000;0.000;14.700;1.000;24.5;0.0;210;34;3.000;2.840;12.8;-210;0;0;-8.1;0;0;0;0;0;99;0;0;1839;55.11;0;0;0;0;0;0;0;0;0;0;0;0;0;0;0;0;34;0;43.0;43.0;2;0;0.00;0.00;0.00;0.0;0.0
56.008;126;2048;55;112640;24.5;19.700;1.340;29;64;25;0;100;101;100;111;100;112;178;60;60;0;3.906;3.906;0.000;0.000;14.200;0.966;26.7;0.0;45;33;3.000;3.222;12.8;-130;0;0;-6.4;0;0;0;0;0;99;0;0;1839;53.88;0;0;0;0;0;0;0;0;0;0;0;0;0;0;0;0;33;0;55.0;55.0;2;0;0.00;0.00;0.00;0.0;0.0
56.008;126;2159;50;107950;19.5;19.700;1.340;29;64;25;0;100;101;100;111;100;112;178;58;58;0;3.810;3.810;0.000;0.000;14.500;0.986;27.4;0.0;-150;34;3.000;3.214;12.8;-130;0;0;-7.1;0;0;0;0;0;99;0;0;1839;51.11;0;0;0;0;0;0;0;0;0;0;0;0;0;0;0;0;34;0;50.0;50.0;2;0;0.00;0.00;0.00;0.0;0.0
56.135;126;2254;31;69874;8.5;19.700;1.340;29;64;41;0;100;101;100;111;100;112;100;48;48;0;1.797;1.797;0.000;0.000;14.700;1.000;13.5;0.0;-90;36;3.000;2.747;12.8;1570;0;0;-9.9;0;0;0;0;0;99;0;0;1839;48.95;0;0;0;0;0;0;0;0;0;0;0;0;0;0;0;0;36;0;31.0;31.0;2;0;0.00;0.00;0.00;0.0;0.0
56.205;126;2220;30;66600;6.5;19.700;1.340;29;64;41;0;100;101;100;111;100;112;100;48;48;0;1.779;1.779;0.000;0.000;14.700;1.000;13.2;0.0;0;36;3.000;2.534;12.8;610;0;0;-10.0;0;0;0;0;0;99;0;0;1839;49.70;0;0;0;0;0;0;0;0;0;0;0;0;0;0;0;0;36;0;30.0;30.0;2;0;0.00;0.00;0.00;0.0;0.0
56.205;126;2041;30;61230;6.5;19.700;1.340;29;64;41;0;100;101;100;111;100;112;100;47;47;0;1.772;1.772;0.000;0.000;14.700;1.000;12.1;0.0;0;36;3.000;2.441;12.8;610;0;0;-10.0;0;0;0;0;0;99;0;0;1839;54.06;0;0;0;0;0;0;0;0;0;0;0;0;0;0;0;0;36;0;30.0;30.0;2;0;0.00;0.00;0.00;0.0;0.0
56.336;126;2005;29;58145;6.5;19.700;1.340;29;64;41;0;100;101;100;111;100;112;100;46;46;0;1.759;1.759;0.000;0.000;14.700;1.000;11.8;0.0;0;36;3.000;2.594;12.8;-1790;0;0;-10.2;0;0;0;0;0;99;0;0;1839;55.03;0;0;0;0;0;0;0;0;0;0;0;0;0;0;0;0;36;0;29.0;29.0;2;0;0.00;0.00;0.00;0.0;0.0
56.405;126;1953;29;56637;6.5;19.700;1.340;29;64;9;0;100;101;100;111;100;112;100;46;46;0;1.759;1.759;0.000;0.000;14.700;1.000;11.5;0.0;0;35;3.000;2.778;12.8;-880;0;0;-10.2;0;0;0;0;0;99;0;0;1839;56.50;0;0;0;0;0;0;0;0;0;0;0;0;0;0;0;0;35;0;29.0;29.0;2;0;0.00;0.00;0.00;0.0;0.0
56.475;126;1909;30;57270;6.5;19.700;1.340;29;64;9;0;100;101;100;111;100;112;100;47;47;0;1.772;1.772;0.000;0.000;14.700;1.000;11.3;0.0;0;35;3.000;2.741;12.8;-880;0;0;-10.0;0;0;0;0;0;99;0;0;1839;57.80;0;0;0;0;0;0;0;0;0;0;0;0;0;0;0;0;35;0;30.0;30.0;2;0;0.00;0.00;0.00;0.0;0.0
56.475;126;1867;30;56010;6.5;19.700;1.340;29;64;9;0;100;101;100;111;100;112;100;46;46;0;1.768;1.768;0.000;0.000;14.700;1.000;11.0;0.0;0;35;3.000;2.776;12.8;-440;0;0;-10.0;0;0;0;0;0;99;0;0;1839;59.10;0;0;0;0;0;0;0;0;0;0;0;0;0;0;0;0;35;0;30.0;30.0;2;0;0.00;0.00;0.00;0.0;0.0
56.602;126;1832;31;56792;6.5;19.700;1.340;29;64;9;0;100;101;100;111;100;112;100;47;47;0;1.790;1.790;0.000;0.000;14.700;1.000;10.9;0.0;0;35;3.000;2.813;12.8;-770;0;0;-9.9;0;0;0;0;0;99;0;0;1839;60.23;0;0;0;0;0;0;0;0;0;0;0;0;0;0;0;0;35;0;31.0;31.0;2;0;0.00;0.00;0.00;0.0;0.0
56.668;126;1817;31;56327;6.5;19.700;1.340;29;64;9;0;100;101;100;111;100;112;100;47;47;0;1.790;1.790;0.000;0.000;14.700;1.000;10.8;0.0;0;35;3.000;2.888;12.8;-770;0;0;-9.9;0;0;0;0;0;99;0;0;1839;60.73;0;0;0;0;0;0;0;0;0;0;0;0;0;0;0;0;35;0;31.0;31.0;2;0;0.00;0.00;0.00;0.0;0.0
56.736;127;1791;31;55521;6.5;19.700;1.340;29;64;9;0;100;101;100;111;100;112;100;47;47;0;1.874;1.874;0.000;0.000;14.700;1.000;11.2;0.0;0;35;3.000;2.807;12.1;-150;0;0;-9.9;0;0;0;0;0;99;0;0;1845;61.81;0;0;0;0;0;0;0;0;0;0;0;0;0;0;0;0;35;0;31.0;31.0;2;0;0.00;0.00;0.00;0.0;0.0
56.736;127;1777;32;56864;6.5;19.700;1.340;29;64;9;0;100;101;100;111;100;112;100;47;47;0;1.883;1.883;0.000;0.000;14.700;1.000;11.2;0.0;0;35;3.000;2.862;12.1;-400;0;0;-9.7;0;0;0;0;0;99;0;0;1845;62.30;0;0;0;0;0;0;0;0;0;0;0;0;0;0;0;0;35;0;32.0;32.0;2;0;0.00;0.00;0.00;0.0;0.0
56.869;127;1766;47;83002;18.5;19.700;1.340;29;64;25;0;100;101;100;111;100;112;178;55;55;0;3.815;3.815;0.000;0.000;14.700;1.000;22.5;0.0;210;33;3.000;3.000;12.1;-400;0;0;-7.5;0;0;0;0;0;99;0;0;1845;62.68;0;0;0;0;0;0;0;0;0;0;0;0;0;0;0;0;33;0;47.0;47.0;2;0;0.00;0.00;0.00;0.0;0.0
56.937;127;1814;58;105212;23.5;19.700;1.340;29;64;25;0;100;101;100;111;100;112;178;62;62;0;4.056;4.056;0.000;0.000;14.100;0.959;24.5;0.0;45;32;3.000;3.363;12.1;-110;0;0;-5.9;0;0;0;0;0;99;0;0;1845;61.03;0;0;0;0;0;0;0;0;0;0;0;0;0;0;0;0;32;0;58.0;58.0;2;0;0.00;0.00;0.00;0.0;0.0
57.004;127;1947;57;110979;23.5;19.700;1.340;29;64;25;0;100;101;100;111;100;112;178;62;62;0;4.009;4.009;0.000;0.000;14.200;0.966;26.0;0.0;0;32;3.000;3.441;12.4;1810;0;0;-6.1;0;0;0;0;0;99;0;0;1845;56.86;0;0;0;0;0;0;0;0;0;0;0;0;0;0;0;0;32;0;57.0;57.0;2;0;0.00;0.00;0.00;0.0;0.0
57.071;127;2086;42;87612;13.5;19.700;1.340;29;64;25;0;100;101;100;111;100;112;178;53;53;0;3.702;3.702;0.000;0.000;14.700;1.000;25.7;0.0;-180;34;3.000;3.245;12.4;1810;0;0;-8.3;0;0;0;0;0;99;0;0;1845;53.07;0;0;0;0;0;0;0;0;0;0;0;0;0;0;0;0;34;0;42.0;42.0;2;0;0.00;0.00;0.00;0.0;0.0
57.135;127;2153;33;71049;9.0;19.700;1.340;29;64;25;0;100;101;100;111;100;112;178;49;49;0;3.552;3.552;0.000;0.000;14.700;1.000;25.5;0.0;-30;36;3.000;2.583;12.4;2060;0;0;-9.6;0;0;0;0;0;99;0;0;1845;51.42;0;0;0;0;0;0;0;0;0;0;0;0;0;0;0;0;36;0;33.0;33.0;2;0;0.00;0.00;0.00;0.0;0.0
57.200;127;2083;33;68739;9.0;19.700;1.340;29;64;9;0;100;101;100;111;100;112;100;48;48;0;1.863;1.863;0.000;0.000;14.700;1.000;12.9;0.0;0;36;3.000;2.351;12.4;2060;0;0;-9.6;0;0;0;0;0;99;0;0;1845;53.14;0;0;0;0;0;0;0;0;0;0;0;0;0;0;0;0;36;0;33.0;33.0;2;0;0.00;0.00;0.00;0.0;0.0
57.270;127;1981;34;67354;9.0;19.700;1.340;29;64;9;0;100;101;100;111;100;112;100;49;49;0;1.893;1.893;0.000;0.000;14.700;1.000;12.5;0.0;0;35;3.000;2.339;12.4;-700;0;0;-9.4;0;0;0;0;0;99;0;0;1845;55.88;0;0;0;0;0;0;0;0;0;0;0;0;0;0;0;0;35;0;34.0;34.0;2;0;0.00;0.00;0.00;0.0;0.0
57.270;127;1874;35;65590;9.0;19.700;1.340;29;64;9;0;100;101;100;111;100;112;100;49;49;0;1.902;1.902;0.000;0.000;14.700;1.000;11.9;0.0;0;35;3.000;2.467;12.4;-2090;0;0;-9.3;0;0;0;0;0;99;0;0;1845;59.07;0;0;0;0;0;0;0;0;0;0;0;0;0;0;0;0;35;0;35.0;35.0;2;0;0.00;0.00;0.00;0.0;0.0
57.335;127;1803;35;63105;9.0;19.700;1.340;29;64;9;0;100;101;100;111;100;112;100;49;49;0;1.902;1.902;0.000;0.000;14.700;1.000;11.4;0.0;0;35;3.000;2.726;12.4;-2090;0;0;-9.3;0;0;0;0;0;99;0;0;1845;61.40;0;0;0;0;0;0;0;0;0;0;0;0;0;0;0;0;35;0;35.0;35.0;2;0;0.00;0.00;0.00;0.0;0.0
57.405;127;1767;36;63612;9.0;19.700;1.340;29;64;9;0;100;101;100;111;100;112;100;49;49;0;2.020;2.020;0.000;0.000;14.700;1.000;11.9;0.0;0;35;3.030;2.731;11.8;-710;0;0;-9.1;0;0;0;0;0;99;0;0;1845;62.65;0;0;0;0;0;0;0;0;0;0;0;0;0;0;0;0;35;0;36.0;36.0;2;0;0.00;0.00;0.00;0.0;0.0
57.532;127;1743;36;62748;9.0;19.700;1.340;29;64;9;0;100;101;100;111;100;112;100;49;49;0;2.020;2.020;0.000;0.000;14.700;1.000;11.7;0.0;0;34;3.030;2.892;11.8;-600;0;0;-9.1;0;0;0;0;0;99;0;0;1845;63.51;0;0;0;0;0;0;0;0;0;0;0;0;0;0;0;0;34;0;36.0;36.0;2;0;0.00;0.00;0.00;0.0;0.0
57.597;127;1736;36;62496;9.0;19.700;1.340;29;64;9;0;100;101;100;111;100;112;100;49;49;0;2.020;2.020;0.000;0.000;14.700;1.000;11.7;0.0;0;34;3.030;3.031;11.8;-600;0;0;-9.1;0;0;0;0;0;99;0;0;1845;63.77;0;0;0;0;0;0;0;0;0;0;0;0;0;0;0;0;34;0;36.0;36.0;2;0;0.00;0.00;0.00;0.0;0.0
57.597;127;1734;36;62424;9.0;19.700;1.340;29;64;9;0;100;101;100;111;100;112;100;49;49;0;2.020;2.020;0.000;0.000;14.700;1.000;11.7;0.0;0;34;3.030;2.990;11.8;-70;0;0;-9.1;0;0;0;0;0;99;0;0;1845;63.84;0;0;0;0;0;0;0;0;0;0;0;0;0;0;0;0;34;0;36.0;36.0;2;0;0.00;0.00;0.00;0.0;0.0
57.732;128;1735;36;62460;9.0;19.700;1.340;29;64;9;0;100;101;100;111;100;112;100;49;49;0;1.936;1.936;0.000;0.000;14.700;1.000;11.2;0.0;0;34;3.000;2.944;12.2;-10;0;0;-9.1;0;0;0;0;0;99;0;0;1822;63.01;0;0;0;0;0;0;0;0;0;0;0;0;0;0;0;0;34;0;36.0;36.0;2;0;0.00;0.00;0.00;0.0;0.0
57.732;128;1735;36;62460;9.0;19.700;1.340;29;64;9;0;100;101;100;111;100;112;100;49;49;0;1.936;1.936;0.000;0.000;14.700;1.000;11.2;0.0;0;34;3.000;2.853;12.2;-10;0;0;-9.1;0;0;0;0;0;99;0;0;1822;63.01;0;0;0;0;0;0;0;0;0;0;0;0;0;0;0;0;34;0;36.0;36.0;2;0;0.00;0.00;0.00;0.0;0.0
57.864;128;1732;37;64084;9.0;19.700;1.340;29;64;9;0;100;101;100;111;100;112;100;49;49;0;1.945;1.945;0.000;0.000;14.700;1.000;11.2;0.0;0;35;3.000;2.879;12.2;0;0;0;-9.0;0;0;0;0;0;99;0;0;1822;63.12;0;0;0;0;0;0;0;0;0;0;0;0;0;0;0;0;35;0;37.0;37.0;2;0;0.00;0.00;0.00;0.0;0.0
57.933;128;1737;36;62532;9.0;19.700;1.340;29;64;9;0;100;101;100;111;100;112;100;49;49;0;1.936;1.936;0.000;0.000;14.700;1.000;11.2;0.0;0;34;3.000;2.944;12.2;20;0;0;-9.1;0;0;0;0;0;99;0;0;1822;62.94;0;0;0;0;0;0;0;0;0;0;0;0;0;0;0;0;34;0;36.0;36.0;2;0;0.00;0.00;0.00;0.0;0.0
57.933;128;1750;36;63000;9.0;19.700;1.340;29;64;9;0;100;101;100;111;100;112;100;49;49;0;1.888;1.888;0.000;0.000;14.700;1.000;11.0;0.0;0;35;3.000;2.900;12.6;20;0;0;-9.1;0;0;0;0;0;99;0;0;1822;62.47;0;0;0;0;0;0;0;0;0;0;0;0;0;0;0;0;35;0;36.0;36.0;2;0;0.00;0.00;0.00;0.0;0.0
58.064;128;1760;36;63360;9.0;19.700;1.340;29;64;9;0;100;101;100;111;100;112;100;49;49;0;1.888;1.888;0.000;0.000;14.700;1.000;11.1;0.0;0;35;3.000;2.950;12.6;130;0;0;-9.1;0;0;0;0;0;99;0;0;1822;62.11;0;0;0;0;0;0;0;0;0;0;0;0;0;0;0;0;35;0;36.0;36.0;2;0;0.00;0.00;0.00;0.0;0.0
58.130;128;1769;36;63684;9.0;19.700;1.340;29;64;9;0;100;101;100;111;100;112;100;49;49;0;1.888;1.888;0.000;0.000;14.700;1.000;11.1;0.0;0;35;3.000;3.005;12.6;190;0;0;-9.1;0;0;0;0;0;99;0;0;1822;61.80;0;0;0;0;0;0;0;0;0;0;0;0;0;0;0;0;35;0;36.0;36.0;2;0;0.00;0.00;0.00;0.0;0.0
58.130;128;1784;36;64224;9.0;19.700;1.340;29;64;9;0;100;101;100;111;100;112;100;49;49;0;1.888;1.888;0.000;0.000;14.700;1.000;11.2;0.0;0;35;3.000;2.990;12.6;190;0;0;-9.1;0;0;0;0;0;99;0;0;1822;61.28;0;0;0;0;0;0;0;0;0;0;0;0;0;0;0;0;35;0;36.0;36.0;2;0;0.00;0.00;0.00;0.0;0.0
58.199;128;1797;36;64692;9.0;19.700;1.340;29;64;9;0;100;101;100;111;100;112;100;49;49;0;1.876;1.876;0.000;0.000;14.700;1.000;11.2;0.0;0;35;3.000;2.892;12.7;150;0;0;-9.1;0;0;0;0;0;99;0;0;1822;60.83;0;0;0;0;0;0;0;0;0;0;0;0;0;0;0;0;35;0;36.0;36.0;2;0;0.00;0.00;0.00;0.0;0.0
58.331;128;1807;35;63245;9.0;19.700;1.340;29;64;9;0;100;101;100;111;100;112;100;49;49;0;1.866;1.866;0.000;0.000;14.700;1.000;11.2;0.0;0;35;3.000;2.999;12.7;230;0;0;-9.3;0;0;0;0;0;99;0;0;1822;60.50;0;0;0;0;0;0;0;0;0;0;0;0;0;0;0;0;35;0;35.0;35.0;2;0;0.00;0.00;0.00;0.0;0.0
58.400;128;1820;35;63700;9.0;19.700;1.340;29;64;9;0;100;101;100;111;100;112;100;49;49;0;1.866;1.866;0.000;0.000;14.700;1.000;11.3;0.0;0;35;3.000;3.048;12.7;230;0;0;-9.3;0;0;0;0;0;99;0;0;1822;60.07;0;0;0;0;0;0;0;0;0;0;0;0;0;0;0;0;35;0;35.0;35.0;2;0;0.00;0.00;0.00;0.0;0.0
58.400;128;1836;35;64260;9.0;19.700;1.340;29;64;9;0;100;101;100;111;100;112;100;49;49;0;1.866;1.866;0.000;0.000;14.700;1.000;11.4;0.0;0;35;3.000;3.005;12.7;130;0;0;-9.3;0;0;0;0;0;99;0;0;1822;59.54;0;0;0;0;0;0;0;0;0;0;0;0;0;0;0;0;35;0;35.0;35.0;2;0;0.00;0.00;0.00;0.0;0.0
58.532;128;1850;34;62900;9.0;19.700;1.340;29;64;9;0;100;101;100;111;100;112;100;48;48;0;1.905;1.905;0.000;0.000;14.700;1.000;11.7;0.0;0;35;3.000;2.890;12.2;300;0;0;-9.4;0;0;0;0;0;99;0;0;1822;59.09;0;0;0;0;0;0;0;0;0;0;0;0;0;0;0;0;35;0;34.0;34.0;2;0;0.00;0.00;0.00;0.0;0.0
58.598;128;1850;34;62900;9.0;19.700;1.340;29;64;9;0;100;101;100;111;100;112;100;48;48;0;1.905;1.905;0.000;0.000;14.700;1.000;11.7;0.0;0;35;3.000;2.909;12.2;300;0;0;-9.4;0;0;0;0;0;99;0;0;1822;59.09;0;0;0;0;0;0;0;0;0;0;0;0;0;0;0;0;35;0;34.0;34.0;2;0;0.00;0.00;0.00;0.0;0.0
58.598;128;1857;34;63138;9.0;19.700;1.340;29;64;9;0;100;101;100;111;100;112;100;48;48;0;1.905;1.905;0.000;0.000;14.700;1.000;11.8;0.0;0;35;3.000;2.905;12.2;70;0;0;-9.4;0;0;0;0;0;99;0;0;1822;58.87;0;0;0;0;0;0;0;0;0;0;0;0;0;0;0;0;35;0;34.0;34.0;2;0;0.00;0.00;0.00;0.0;0.0
58.732;129;1860;34;63240;9.0;19.700;1.340;29;64;9;0;100;101;100;111;100;112;100;48;48;0;1.881;1.881;0.000;0.000;14.700;1.000;11.7;0.0;0;35;3.000;2.927;12.4;30;0;0;-9.4;0;0;0;0;0;99;0;0;1880;60.65;0;0;0;0;0;0;0;0;0;0;0;0;0;0;0;0;35;0;34.0;34.0;2;0;0.00;0.00;0.00;0.0;0.0
58.797;129;1859;35;65065;9.0;19.700;1.340;29;64;9;0;100;101;100;111;100;112;100;49;49;0;1.902;1.902;0.000;0.000;14.700;1.000;11.8;0.0;0;35;3.000;2.969;12.4;30;0;0;-9.3;0;0;0;0;0;99;0;0;1880;60.68;0;0;0;0;0;0;0;0;0;0;0;0;0;0;0;0;35;0;35.0;35.0;2;0;0.00;0.00;0.00;0.0;0.0
58.863;129;1851;35;64785;9.0;19.700;1.340;29;64;9;0;100;101;100;111;100;112;100;49;49;0;1.902;1.902;0.000;0.000;14.700;1.000;11.7;0.0;0;35;3.000;2.897;12.4;-90;0;0;-9.3;0;0;0;0;0;99;0;0;1880;60.94;0;0;0;0;0;0;0;0;0;0;0;0;0;0;0;0;35;0;35.0;35.0;2;0;0.00;0.00;0.00;0.0;0.0
58.933;129;1857;34;63138;9.0;19.700;1.340;29;64;9;0;100;101;100;111;100;112;100;48;48;0;1.881;1.881;0.000;0.000;14.700;1.000;11.6;0.0;0;35;3.000;2.876;12.4;60;0;0;-9.4;0;0;0;0;0;99;0;0;1880;60.74;0;0;0;0;0;0;0;0;0;0;0;0;0;0;0;0;35;0;34.0;34.0;2;0;0.00;0.00;0.00;0.0;0.0
58.998;129;1870;34;63580;9.0;19.700;1.340;29;64;9;0;100;101;100;111;100;112;100;48;48;0;1.857;1.857;0.000;0.000;14.700;1.000;11.6;0.0;0;35;3.000;2.948;12.6;60;0;0;-9.4;0;0;0;0;0;99;0;0;1880;60.32;0;0;0;0;0;0;0;0;0;0;0;0;0;0;0;0;35;0;34.0;34.0;2;0;0.00;0.00;0.00;0.0;0.0
58.998;129;1880;34;63920;9.0;19.700;1.340;29;64;9;0;100;101;100;111;100;112;100;48;48;0;1.857;1.857;0.000;0.000;14.700;1.000;11.6;0.0;0;35;3.000;2.827;12.6;230;0;0;-9.4;0;0;0;0;0;99;0;0;1880;60.00;0;0;0;0;0;0;0;0;0;0;0;0;0;0;0;0;35;0;34.0;34.0;2;0;0.00;0.00;0.00;0.0;0.0
59.133;129;1880;34;63920;9.0;19.700;1.340;29;64;9;0;100;101;100;111;100;112;100;48;48;0;1.857;1.857;0.000;0.000;14.700;1.000;11.6;0.0;0;35;3.000;2.886;12.6;230;0;0;-9.4;0;0;0;0;0;99;0;0;1880;60.00;0;0;0;0;0;0;0;0;0;0;0;0;0;0;0;0;35;0;34.0;34.0;2;0;0.00;0.00;0.00;0.0;0.0
59.199;129;1886;34;64124;9.0;19.700;1.340;29;64;9;0;100;101;100;111;100;112;100;48;48;0;1.857;1.857;0.000;0.000;14.700;1.000;11.7;0.0;0;35;3.000;2.899;12.6;0;0;0;-9.4;0;0;0;0;0;99;0;0;1880;59.81;0;0;0;0;0;0;0;0;0;0;0;0;0;0;0;0;35;0;34.0;34.0;2;0;0.00;0.00;0.00;0.0;0.0
59.265;129;1884;34;64056;9.0;19.700;1.340;29;64;9;0;100;101;100;111;100;112;100;48;48;0;1.833;1.833;0.000;0.000;14.700;1.000;11.5;0.0;0;35;3.000;2.912;12.8;70;0;0;-9.4;0;0;0;0;0;99;0;0;1880;59.87;0;0;0;0;0;0;0;0;0;0;0;0;0;0;0;0;35;0;34.0;34.0;2;0;0.00;0.00;0.00;0.0;0.0
59.337;129;1889;34;64226;9.0;19.700;1.340;29;64;9;0;100;101;100;111;100;112;100;48;48;0;1.833;1.833;0.000;0.000;14.700;1.000;11.5;0.0;0;35;3.000;2.942;12.8;70;0;0;-9.4;0;0;0;0;0;99;0;0;1880;59.71;0;0;0;0;0;0;0;0;0;0;0;0;0;0;0;0;35;0;34.0;34.0;2;0;0.00;0.00;0.00;0.0;0.0
59.407;129;1884;34;64056;9.0;19.700;1.340;29;64;9;0;100;101;100;111;100;112;100;48;48;0;1.833;1.833;0.000;0.000;14.700;1.000;11.5;0.0;0;35;3.000;2.867;12.8;20;0;0;-9.4;0;0;0;0;0;99;0;0;1880;59.87;0;0;0;0;0;0;0;0;0;0;0;0;0;0;0;0;35;0;34.0;34.0;2;0;0.00;0.00;0.00;0.0;0.0
59.407;129;1875;34;63750;9.0;19.700;1.340;29;64;9;0;100;101;100;111;100;112;100;48;48;0;1.833;1.833;0.000;0.000;14.700;1.000;11.5;0.0;0;36;3.000;2.895;12.8;-50;0;0;-9.4;0;0;0;0;0;99;0;0;1880;60.16;0;0;0;0;0;0;0;0;0;0;0;0;0;0;0;0;36;0;34.0;34.0;2;0;0.00;0.00;0.00;0.0;0.0
59.537;129;1865;34;63410;9.0;19.700;1.340;29;64;9;0;100;101;100;111;100;112;100;48;48;0;1.821;1.821;0.000;0.000;14.700;1.000;11.3;0.0;0;35;3.000;2.911;12.9;-50;0;0;-9.4;0;0;0;0;0;99;0;0;1880;60.48;0;0;0;0;0;0;0;0;0;0;0;0;0;0;0;0;35;0;34.0;34.0;2;0;0.00;0.00;0.00;0.0;0.0
59.605;129;1854;35;64890;9.0;19.700;1.340;29;64;9;0;100;101;100;111;100;112;100;49;49;0;1.842;1.842;0.000;0.000;14.700;1.000;11.4;0.0;0;35;3.000;2.814;12.9;-190;0;0;-9.3;0;0;0;0;0;99;0;0;1880;60.84;0;0;0;0;0;0;0;0;0;0;0;0;0;0;0;0;35;0;35.0;35.0;2;0;0.00;0.00;0.00;0.0;0.0
59.674;129;1836;35;64260;9.0;19.700;1.340;29;64;9;0;100;101;100;111;100;112;100;49;49;0;1.842;1.842;0.000;0.000;14.700;1.000;11.3;0.0;0;35;3.000;2.813;12.9;-110;0;0;-9.3;0;0;0;0;0;99;0;0;1880;61.44;0;0;0;0;0;0;0;0;0;0;0;0;0;0;0;0;35;0;35.0;35.0;2;0;0.00;0.00;0.00;0.0;0.0
59.736;129;1821;35;63735;9.0;19.700;1.340;29;64;9;0;100;101;100;111;100;112;100;49;49;0;1.842;1.842;0.000;0.000;14.700;1.000;11.2;0.0;0;35;3.000;2.935;12.9;-110;0;0;-9.3;0;0;0;0;0;99;0;0;1880;61.94;0;0;0;0;0;0;0;0;0;0;0;0;0;0;0;0;35;0;35.0;35.0;2;0;0.00;0.00;0.00;0.0;0.0
59.736;130;1811;35;63385;9.0;19.700;1.340;29;64;9;0;100;101;100;111;100;112;100;49;49;0;1.902;1.902;0.000;0.000;14.700;1.000;11.5;0.0;0;35;3.000;2.920;12.4;-330;0;0;-9.3;0;0;0;0;0;99;0;0;1873;62.05;0;0;0;0;0;0;0;0;0;0;0;0;0;0;0;0;35;0;35.0;35.0;2;0;0.00;0.00;0.00;0.0;0.0
59.874;130;1798;35;62930;9.0;19.700;1.340;29;64;9;0;100;101;100;111;100;112;100;49;49;0;1.902;1.902;0.000;0.000;14.700;1.000;11.4;0.0;0;35;3.000;2.856;12.4;-100;0;0;-9.3;0;0;0;0;0;99;0;0;1873;62.50;0;0;0;0;0;0;0;0;0;0;0;0;0;0;0;0;35;0;35.0;35.0;2;0;0.00;0.00;0.00;0.0;0.0
59.936;130;1803;35;63105;9.0;19.700;1.340;29;64;9;0;100;101;100;111;100;112;100;49;49;0;1.902;1.902;0.000;0.000;14.700;1.000;11.4;0.0;0;35;3.000;3.028;12.4;-100;0;0;-9.3;0;0;0;0;0;99;0;0;1873;62.33;0;0;0;0;0;0;0;0;0;0;0;0;0;0;0;0;35;0;35.0;35.0;2;0;0.00;0.00;0.00;0.0;0.0
60.002;130;1817;35;63595;9.0;19.700;1.340;29;64;9;0;100;101;100;111;100;112;100;49;49;0;1.866;1.866;0.000;0.000;14.700;1.000;11.3;0.0;0;35;3.000;2.997;12.7;-80;0;0;-9.3;0;0;0;0;0;99;0;0;1873;61.85;0;0;0;0;0;0;0;0;0;0;0;0;0;0;0;0;35;0;35.0;35.0;2;0;0.00;0.00;0.00;0.0;0.0
60.067;130;1824;35;63840;9.0;19.700;1.340;29;64;9;0;100;101;100;111;100;112;100;49;49;0;1.866;1.866;0.000;0.000;14.700;1.000;11.3;0.0;0;35;3.000;2.954;12.7;210;0;0;-9.3;0;0;0;0;0;99;0;0;1873;61.61;0;0;0;0;0;0;0;0;0;0;0;0;0;0;0;0;35;0;35.0;35.0;2;0;0.00;0.00;0.00;0.0;0.0
60.136;130;1826;35;63910;9.0;19.500;1.327;29;64;9;0;100;101;100;111;100;112;100;49;49;0;1.866;1.866;0.000;0.000;14.700;1.000;11.4;0.0;0;35;3.000;2.955;12.7;210;0;0;-9.3;0;0;0;0;0;99;0;0;1873;61.54;0;0;0;0;0;0;0;0;0;0;0;0;0;0;0;0;35;0;35.0;35.0;2;0;0.00;0.00;0.00;0.0;0.0
60.210;130;1826;35;63910;9.0;17.300;1.177;29;64;9;0;100;101;100;111;100;112;100;49;49;0;1.866;1.866;0.000;0.000;14.700;1.000;11.4;0.0;0;35;3.000;2.951;12.7;20;0;0;-9.3;0;0;0;0;0;99;0;0;1873;61.54;0;0;0;0;0;0;0;0;0;0;0;0;0;0;0;0;35;0;35.0;35.0;2;0;0.00;0.00;0.00;0.0;0.0
60.280;130;1828;35;63980;9.0;15.200;1.034;29;64;9;0;100;101;100;111;100;112;100;49;49;0;1.866;1.866;0.000;0.000;14.700;1.000;11.4;0.0;0;35;3.000;2.918;12.7;20;0;0;-9.3;0;0;0;0;0;99;0;0;1873;61.48;0;0;0;0;0;0;0;0;0;0;0;0;0;0;0;0;35;0;35.0;35.0;2;0;0.00;0.00;0.00;0.0;0.0
60.280;130;1822;35;63770;9.0;14.600;0.993;29;64;9;0;100;101;100;111;100;112;100;49;49;0;1.866;1.866;0.000;0.000;14.700;1.000;11.3;0.0;0;35;3.000;2.826;12.7;20;0;0;-9.3;0;0;0;0;0;99;0;0;1873;61.68;0;0;0;0;0;0;0;0;0;0;0;0;0;0;0;0;35;0;35.0;35.0;2;0;0.00;0.00;0.00;0.0;0.0
60.344;130;1811;35;63385;9.0;14.500;0.986;29;64;9;0;100;101;100;111;100;112;100;49;49;0;1.866;1.866;0.000;0.000;14.700;1.000;11.3;0.0;0;35;3.000;2.897;12.7;-60;0;0;-9.3;0;0;0;0;0;99;0;0;1873;62.05;0;0;0;0;0;0;0;0;0;0;0;0;0;0;0;0;35;0;35.0;35.0;2;0;0.00;0.00;0.00;0.0;0.0
60.413;130;1802;35;63070;9.0;14.600;0.993;29;64;9;0;100;101;100;111;100;112;100;49;49;0;1.866;1.866;0.000;0.000;14.700;1.000;11.2;0.0;0;35;3.000;2.809;12.7;-200;0;0;-9.3;0;0;0;0;0;99;0;0;1873;62.36;0;0;0;0;0;0;0;0;0;0;0;0;0;0;0;0;35;0;35.0;35.0;2;0;0.00;0.00;0.00;0.0;0.0
60.541;130;1793;35;62755;9.0;16.400;1.116;29;64;9;0;100;101;100;111;100;112;100;49;49;0;1.938;1.938;0.000;0.000;14.700;1.000;11.6;0.0;0;35;3.000;2.833;12.1;-200;0;0;-9.3;0;0;0;0;0;99;0;0;1873;62.68;0;0;0;0;0;0;0;0;0;0;0;0;0;0;0;0;35;0;35.0;35.0;2;0;0.00;0.00;0.00;0.0;0.0
60.607;130;1783;36;64188;9.0;14.500;0.986;29;64;9;0;100;101;100;111;100;112;100;49;49;0;1.948;1.948;0.000;0.000;14.700;1.000;11.6;0.0;0;35;3.000;2.891;12.1;-90;0;0;-9.1;0;0;0;0;0;99;0;0;1873;63.03;0;0;0;0;0;0;0;0;0;0;0;0;0;0;0;0;35;0;36.0;36.0;2;0;0.00;0.00;0.00;0.0;0.0
60.673;130;1777;36;63972;9.0;13.300;0.905;29;64;9;0;100;101;100;111;100;112;100;49;49;0;1.948;1.948;0.000;0.000;14.700;1.000;11.5;0.0;0;35;3.000;2.947;12.1;-160;0;0;-9.1;0;0;0;0;0;99;0;0;1873;63.24;0;0;0;0;0;0;0;0;0;0;0;0;0;0;0;0;35;0;36.0;36.0;2;0;0.00;0.00;0.00;0.0;0.0
60.739;130;1776;36;63936;9.0;12.600;0.857;29;64;9;0;100;101;100;111;100;112;100;49;49;0;1.948;1.948;0.000;0.000;14.700;1.000;11.5;0.0;0;35;3.000;2.937;12.1;-160;0;0;-9.1;0;0;0;0;0;99;0;0;1873;63.28;0;0;0;0;0;0;0;0;0;0;0;0;0;0;0;0;35;0;36.0;36.0;2;0;0.00;0.00;0.00;0.0;0.0
60.805;131;1790;36;64440;9.0;11.700;0.796;29;64;9;0;100;101;100;111;100;112;100;49;49;0;1.912;1.912;0.000;0.000;14.700;1.000;11.4;0.0;0;35;3.000;2.897;12.4;-10;0;0;-9.1;0;0;0;0;0;99;0;0;1877;62.92;0;0;0;0;0;0;0;0;0;0;0;0;0;0;0;0;35;0;36.0;36.0;2;0;0.00;0.00;0.00;0.0;0.0
60.874;131;1796;36;64656;9.0;11.100;0.755;29;64;9;0;100;101;100;111;100;112;100;49;49;0;1.912;1.912;0.000;0.000;14.700;1.000;11.4;0.0;0;35;3.000;2.942;12.4;200;0;0;-9.1;0;0;0;0;0;99;0;0;1877;62.71;0;0;0;0;0;0;0;0;0;0;0;0;0;0;0;0;35;0;36.0;36.0;2;0;0.00;0.00;0.00;0.0;0.0
60.940;131;1802;36;64872;9.0;10.800;0.735;29;64;9;0;100;101;100;111;100;112;100;49;49;0;1.912;1.912;0.000;0.000;14.700;1.000;11.5;0.0;0;35;3.000;2.988;12.4;200;0;0;-9.1;0;0;0;0;0;99;0;0;1877;62.50;0;0;0;0;0;0;0;0;0;0;0;0;0;0;0;0;35;0;36.0;36.0;2;0;0.00;0.00;0.00;0.0;0.0
61.008;131;1814;35;63490;9.0;10.700;0.728;29;64;9;0;100;101;100;111;100;112;100;49;49;0;1.902;1.902;0.000;0.000;14.700;1.000;11.5;0.0;0;35;3.000;2.983;12.4;60;0;0;-9.3;0;0;0;0;0;99;0;0;1877;62.08;0;0;0;0;0;0;0;0;0;0;0;0;0;0;0;0;35;0;35.0;35.0;2;0;0.00;0.00;0.00;0.0;0.0
61.071;131;1818;35;63630;9.0;10.700;0.728;29;64;9;0;100;101;100;111;100;112;100;49;49;0;1.866;1.866;0.000;0.000;14.700;1.000;11.3;0.0;0;35;3.000;3.029;12.7;160;0;0;-9.3;0;0;0;0;0;99;0;0;1877;61.95;0;0;0;0;0;0;0;0;0;0;0;0;0;0;0;0;35;0;35.0;35.0;2;0;0.00;0.00;0.00;0.0;0.0
61.136;131;1829;35;64015;9.0;10.700;0.728;29;64;9;0;100;101;100;111;100;112;100;49;49;0;1.866;1.866;0.000;0.000;14.700;1.000;11.4;0.0;0;35;3.000;2.948;12.7;160;0;0;-9.3;0;0;0;0;0;99;0;0;1877;61.57;0;0;0;0;0;0;0;0;0;0;0;0;0;0;0;0;35;0;35.0;35.0;2;0;0.00;0.00;0.00;0.0;0.0
61.202;131;1827;35;63945;9.0;11.000;0.748;29;64;9;0;100;101;100;111;100;112;100;49;49;0;1.866;1.866;0.000;0.000;14.700;1.000;11.4;0.0;0;35;3.000;2.896;12.7;110;0;0;-9.3;0;0;0;0;0;99;0;0;1877;61.64;0;0;0;0;0;0;0;0;0;0;0;0;0;0;0;0;35;0;35.0;35.0;2;0;0.00;0.00;0.00;0.0;0.0
61.271;131;1817;35;63595;9.0;11.300;0.769;29;64;9;0;100;101;100;111;100;112;100;49;49;0;1.866;1.866;0.000;0.000;14.700;1.000;11.3;0.0;0;35;3.000;2.935;12.7;110;0;0;-9.3;0;0;0;0;0;99;0;0;1877;61.98;0;0;0;0;0;0;0;0;0;0;0;0;0;0;0;0;35;0;35.0;35.0;2;0;0.00;0.00;0.00;0.0;0.0
61.337;131;1804;35;63140;9.0;12.300;0.837;29;64;9;0;100;101;100;111;100;112;100;49;49;0;1.866;1.866;0.000;0.000;14.700;1.000;11.2;0.0;0;35;3.000;2.904;12.7;-120;0;0;-9.3;0;0;0;0;0;99;0;0;1877;62.43;0;0;0;0;0;0;0;0;0;0;0;0;0;0;0;0;35;0;35.0;35.0;2;0;0.00;0.00;0.00;0.0;0.0
61.337;131;1794;36;64584;9.0;12.400;0.844;29;64;9;0;100;101;100;111;100;112;100;49;49;0;1.876;1.876;0.000;0.000;14.700;1.000;11.2;0.0;0;35;3.000;2.913;12.7;-130;0;0;-9.1;0;0;0;0;0;99;0;0;1877;62.78;0;0;0;0;0;0;0;0;0;0;0;0;0;0;0;0;35;0;36.0;36.0;2;0;0.00;0.00;0.00;0.0;0.0
61.475;131;1785;36;64260;9.0;12.200;0.830;29;64;9;0;100;101;100;111;100;112;100;49;49;0;1.876;1.876;0.000;0.000;14.700;1.000;11.2;0.0;0;35;3.000;2.862;12.7;-130;0;0;-9.1;0;0;0;0;0;99;0;0;1877;63.09;0;0;0;0;0;0;0;0;0;0;0;0;0;0;0;0;35;0;36.0;36.0;2;0;0.00;0.00;0.00;0.0;0.0
61.538;131;1778;36;64008;9.0;12.100;0.823;29;64;9;0;100;101;100;111;100;112;100;49;49;0;1.912;1.912;0.000;0.000;14.700;1.000;11.3;0.0;0;35;3.000;2.942;12.4;-190;0;0;-9.1;0;0;0;0;0;99;0;0;1877;63.34;0;0;0;0;0;0;0;0;0;0;0;0;0;0;0;0;35;0;36.0;36.0;2;0;0.00;0.00;0.00;0.0;0.0
61.607;131;1769;36;63684;9.0;12.100;0.823;29;64;9;0;100;101;100;111;100;112;100;49;49;0;1.912;1.912;0.000;0.000;14.700;1.000;11.3;0.0;0;35;3.000;2.878;12.4;-70;0;0;-9.1;0;0;0;0;0;99;0;0;1877;63.66;0;0;0;0;0;0;0;0;0;0;0;0;0;0;0;0;35;0;36.0;36.0;2;0;0.00;0.00;0.00;0.0;0.0
61.669;131;1766;36;63576;9.0;12.000;0.816;29;64;9;0;100;101;100;111;100;112;100;49;49;0;1.912;1.912;0.000;0.000;14.700;1.000;11.3;0.0;0;35;3.000;3.015;12.4;-70;0;0;-9.1;0;0;0;0;0;99;0;0;1877;63.77;0;0;0;0;0;0;0;0;0;0;0;0;0;0;0;0;35;0;36.0;36.0;2;0;0.00;0.00;0.00;0.0;0.0
61.669;131;1772;36;63792;9.0;11.500;0.782;29;64;9;0;100;101;100;111;100;112;100;49;49;0;1.912;1.912;0.000;0.000;14.700;1.000;11.3;0.0;0;35;3.000;2.901;12.4;-120;0;0;-9.1;0;0;0;0;0;99;0;0;1877;63.56;0;0;0;0;0;0;0;0;0;0;0;0;0;0;0;0;35;0;36.0;36.0;2;0;0.00;0.00;0.00;0.0;0.0
61.803;132;1771;36;63756;9.0;11.300;0.769;29;64;9;0;100;101;100;111;100;112;100;49;49;0;1.924;1.924;0.000;0.000;14.700;1.000;11.4;0.0;0;35;3.000;2.940;12.3;60;0;0;-9.1;0;0;0;0;0;99;0;0;1875;63.52;0;0;0;0;0;0;0;0;0;0;0;0;0;0;0;0;35;0;36.0;36.0;2;0;0.00;0.00;0.00;0.0;0.0
61.869;132;1778;36;64008;9.0;11.300;0.769;29;64;9;0;100;101;100;111;100;112;100;49;49;0;1.924;1.924;0.000;0.000;14.700;1.000;11.4;0.0;0;35;3.000;2.971;12.3;60;0;0;-9.1;0;0;0;0;0;99;0;0;1875;63.27;0;0;0;0;0;0;0;0;0;0;0;0;0;0;0;0;35;0;36.0;36.0;2;0;0.00;0.00;0.00;0.0;0.0
61.869;132;1780;36;64080;9.0;11.900;0.810;29;64;9;0;100;101;100;111;100;112;100;49;49;0;1.924;1.924;0.000;0.000;14.700;1.000;11.4;0.0;0;35;3.000;2.927;12.3;60;0;0;-9.1;0;0;0;0;0;99;0;0;1875;63.20;0;0;0;0;0;0;0;0;0;0;0;0;0;0;0;0;35;0;36.0;36.0;2;0;0.00;0.00;0.00;0.0;0.0
62.000;132;1782;36;64152;9.0;11.600;0.789;29;64;9;0;100;101;100;111;100;112;100;49;49;0;1.924;1.924;0.000;0.000;14.700;1.000;11.4;0.0;0;35;3.000;2.941;12.3;20;0;0;-9.1;0;0;0;0;0;99;0;0;1875;63.13;0;0;0;0;0;0;0;0;0;0;0;0;0;0;0;0;35;0;36.0;36.0;2;0;0.00;0.00;0.00;0.0;0.0
62.067;132;1781;36;64116;9.0;10.900;0.741;29;64;9;0;100;101;100;111;100;112;100;49;49;0;1.996;1.996;0.000;0.000;14.700;1.000;11.8;0.0;0;35;3.030;2.932;11.9;20;0;0;-9.1;0;0;0;0;0;99;0;0;1875;63.17;0;0;0;0;0;0;0;0;0;0;0;0;0;0;0;0;35;0;36.0;36.0;2;0;0.00;0.00;0.00;0.0;0.0
62.135;132;1780;36;64080;9.0;10.700;0.728;29;64;9;0;100;101;100;111;100;112;100;49;49;0;1.996;1.996;0.000;0.000;14.700;1.000;11.8;0.0;0;35;3.030;2.924;11.9;10;0;0;-9.1;0;0;0;0;0;99;0;0;1875;63.20;0;0;0;0;0;0;0;0;0;0;0;0;0;0;0;0;35;0;36.0;36.0;2;0;0.00;0.00;0.00;0.0;0.0
62.201;132;1786;36;64296;9.0;10.700;0.728;29;64;9;0;100;101;100;111;100;112;100;49;49;0;1.996;1.996;0.000;0.000;14.700;1.000;11.9;0.0;0;35;3.030;2.960;11.9;50;0;0;-9.1;0;0;0;0;0;99;0;0;1875;62.99;0;0;0;0;0;0;0;0;0;0;0;0;0;0;0;0;35;0;36.0;36.0;2;0;0.00;0.00;0.00;0.0;0.0
62.267;132;1792;36;64512;9.0;10.700;0.728;29;64;9;0;100;101;100;111;100;112;100;49;49;0;1.996;1.996;0.000;0.000;14.700;1.000;11.9;0.0;0;35;3.030;3.061;11.9;50;0;0;-9.1;0;0;0;0;0;99;0;0;1875;62.78;0;0;0;0;0;0;0;0;0;0;0;0;0;0;0;0;35;0;36.0;36.0;2;0;0.00;0.00;0.00;0.0;0.0
62.332;132;1807;36;65052;9.0;10.500;0.714;29;65;9;0;100;101;100;110;100;111;100;49;49;0;1.909;1.909;0.000;0.000;14.700;1.000;11.5;0.0;0;35;3.000;3.090;12.4;60;0;0;-9.1;0;0;0;0;0;99;0;0;1875;62.26;0;0;0;0;0;0;0;0;0;0;0;0;0;0;0;0;35;0;36.0;36.0;2;0;0.00;0.00;0.00;0.0;0.0
62.397;132;1819;36;65484;9.0;11.200;0.762;29;65;9;0;100;101;100;110;100;111;100;49;49;0;1.909;1.909;0.000;0.000;14.700;1.000;11.6;0.0;0;35;3.000;3.046;12.4;270;0;0;-9.1;0;0;0;0;0;99;0;0;1875;61.85;0;0;0;0;0;0;0;0;0;0;0;0;0;0;0;0;35;0;36.0;36.0;2;0;0.00;0.00;0.00;0.0;0.0
62.463;132;1832;35;64120;9.0;11.000;0.748;29;65;9;0;100;101;100;110;100;111;100;49;49;0;1.899;1.899;0.000;0.000;14.700;1.000;11.6;0.0;0;35;3.000;2.948;12.4;270;0;0;-9.3;0;0;0;0;0;99;0;0;1875;61.41;0;0;0;0;0;0;0;0;0;0;0;0;0;0;0;0;35;0;35.0;35.0;2;0;0.00;0.00;0.00;0.0;0.0
62.532;132;1839;35;64365;9.0;11.400;0.776;29;65;9;0;100;101;100;110;100;111;100;49;49;0;1.899;1.899;0.000;0.000;14.700;1.000;11.6;0.0;0;35;3.000;2.965;12.4;130;0;0;-9.3;0;0;0;0;0;99;0;0;1875;61.17;0;0;0;0;0;0;0;0;0;0;0;0;0;0;0;0;35;0;35.0;35.0;2;0;0.00;0.00;0.00;0.0;0.0
62.532;132;1842;35;64470;9.0;12.000;0.816;29;65;9;0;100;101;100;110;100;111;100;49;49;0;1.851;1.851;0.000;0.000;14.700;1.000;11.4;0.0;0;35;3.000;2.960;12.8;100;0;0;-9.3;0;0;0;0;0;99;0;0;1875;61.07;0;0;0;0;0;0;0;0;0;0;0;0;0;0;0;0;35;0;35.0;35.0;2;0;0.00;0.00;0.00;0.0;0.0
62.668;132;1846;35;64610;9.0;12.200;0.830;29;65;9;0;100;101;100;110;100;111;100;49;49;0;1.851;1.851;0.000;0.000;14.700;1.000;11.4;0.0;0;35;3.000;2.932;12.8;100;0;0;-9.3;0;0;0;0;0;99;0;0;1875;60.94;0;0;0;0;0;0;0;0;0;0;0;0;0;0;0;0;35;0;35.0;35.0;2;0;0.00;0.00;0.00;0.0;0.0
62.668;132;1842;35;64470;9.0;12.200;0.830;29;65;9;0;100;101;100;110;100;111;100;49;49;0;1.851;1.851;0.000;0.000;14.700;1.000;11.4;0.0;0;35;3.000;2.907;12.8;40;0;0;-9.3;0;0;0;0;0;99;0;0;1875;61.07;0;0;0;0;0;0;0;0;0;0;0;0;0;0;0;0;35;0;35.0;35.0;2;0;0.00;0.00;0.00;0.0;0.0
62.802;133;1836;35;64260;9.0;12.300;0.837;29;65;9;0;100;101;100;110;100;111;100;49;49;0;1.827;1.827;0.000;0.000;14.700;1.000;11.2;0.0;0;35;3.000;2.842;13.0;-100;0;0;-9.3;0;0;0;0;0;99;0;0;1859;60.75;0;0;0;0;0;0;0;0;0;0;0;0;0;0;0;0;35;0;35.0;35.0;2;0;0.00;0.00;0.00;0.0;0.0
62.869;133;1824;35;63840;9.0;13.100;0.891;29;65;9;0;100;101;100;110;100;111;100;49;49;0;1.827;1.827;0.000;0.000;14.700;1.000;11.1;0.0;0;35;3.000;2.917;13.0;-100;0;0;-9.3;0;0;0;0;0;99;0;0;1859;61.15;0;0;0;0;0;0;0;0;0;0;0;0;0;0;0;0;35;0;35.0;35.0;2;0;0.00;0.00;0.00;0.0;0.0
62.934;133;1816;35;63560;9.0;13.200;0.898;29;65;9;0;100;101;100;110;100;111;100;49;49;0;1.827;1.827;0.000;0.000;14.700;1.000;11.1;0.0;0;35;3.000;2.826;13.0;-120;0;0;-9.3;0;0;0;0;0;99;0;0;1859;61.42;0;0;0;0;0;0;0;0;0;0;0;0;0;0;0;0;35;0;35.0;35.0;2;0;0.00;0.00;0.00;0.0;0.0
63.000;133;1778;36;64008;9.0;13.000;0.884;29;65;9;0;100;101;100;110;100;111;100;49;49;0;1.837;1.837;0.000;0.000;14.700;1.000;10.9;0.0;0;35;3.000;2.875;13.0;-460;0;0;-9.1;0;0;0;0;0;99;0;0;1859;62.73;0;0;0;0;0;0;0;0;0;0;0;0;0;0;0;0;35;0;36.0;36.0;2;0;0.00;0.00;0.00;0.0;0.0
63.065;133;1763;36;63468;9.0;13.100;0.891;29;65;9;0;100;101;100;110;100;111;100;49;49;0;1.825;1.825;0.000;0.000;14.700;1.000;10.7;0.0;0;35;3.000;2.912;13.1;-460;0;0;-9.1;0;0;0;0;0;99;0;0;1859;63.27;0;0;0;0;0;0;0;0;0;0;0;0;0;0;0;0;35;0;36.0;36.0;2;0;0.00;0.00;0.00;0.0;0.0
63.135;133;1752;36;63072;9.0;13.000;0.884;29;65;9;0;100;101;100;110;100;111;100;49;49;0;1.825;1.825;0.000;0.000;14.700;1.000;10.7;0.0;0;35;3.000;2.843;13.1;-150;0;0;-9.1;0;0;0;0;0;99;0;0;1859;63.66;0;0;0;0;0;0;0;0;0;0;0;0;0;0;0;0;35;0;36.0;36.0;2;0;0.00;0.00;0.00;0.0;0.0
63.200;133;1735;37;64195;9.0;12.500;0.850;29;65;9;0;100;101;100;110;100;111;100;49;49;0;1.834;1.834;0.000;0.000;14.700;1.000;10.6;0.0;0;34;3.000;2.741;13.1;-150;0;0;-9.0;0;0;0;0;0;99;0;0;1859;64.29;0;0;0;0;0;0;0;0;0;0;0;0;0;0;0;0;34;0;37.0;37.0;2;0;0.00;0.00;0.00;0.0;0.0
63.266;133;1702;37;62974;9.0;12.500;0.850;29;65;9;0;100;101;100;110;100;111;100;49;49;0;1.834;1.834;0.000;0.000;14.700;1.000;10.4;0.0;0;34;3.000;2.645;13.1;-280;0;0;-9.0;0;0;0;0;0;99;0;0;1859;65.53;0;0;0;0;0;0;0;0;0;0;0;0;0;0;0;0;34;0;37.0;37.0;2;0;0.00;0.00;0.00;0.0;0.0
63.266;133;1672;37;61864;9.0;13.700;0.932;29;65;9;0;100;101;100;110;100;111;100;49;49;0;1.894;1.894;0.000;0.000;14.700;1.000;10.6;0.0;0;34;3.000;2.623;12.6;-330;0;0;-9.0;0;0;0;0;0;99;0;0;1859;66.71;0;0;0;0;0;0;0;0;0;0;0;0;0;0;0;0;34;0;37.0;37.0;2;0;0.00;0.00;0.00;0.0;0.0
63.397;133;1656;38;62928;9.0;15.100;1.027;29;65;9;0;100;101;100;110;100;111;100;50;50;0;1.919;1.919;0.000;0.000;14.700;1.000;10.6;0.0;0;34;3.000;2.870;12.6;-330;0;0;-8.8;0;0;0;0;0;99;0;0;1859;67.36;0;0;0;0;0;0;0;0;0;0;0;0;0;0;0;0;34;0;38.0;38.0;2;0;0.00;0.00;0.00;0.0;0.0
63.463;133;1656;38;62928;9.0;18.400;1.252;29;65;9;0;100;101;100;110;100;111;100;50;50;0;1.919;1.919;0.000;0.000;14.700;1.000;10.6;0.0;0;34;3.000;2.764;12.6;-460;0;0;-8.8;0;0;0;0;0;99;0;0;1859;67.36;0;0;0;0;0;0;0;0;0;0;0;0;0;0;0;0;34;0;38.0;38.0;2;0;0.00;0.00;0.00;0.0;0.0
63.532;133;1646;38;62548;9.0;19.400;1.320;29;65;9;0;100;101;100;110;100;111;100;50;50;0;1.919;1.919;0.000;0.000;14.700;1.000;10.5;0.0;0;33;3.000;2.899;12.6;-100;0;0;-8.8;0;0;0;0;0;99;0;0;1859;67.76;0;0;0;0;0;0;0;0;0;0;0;0;0;0;0;0;33;0;38.0;38.0;2;0;0.00;0.00;0.00;0.0;0.0
63.598;133;1650;38;62700;9.0;19.700;1.340;29;65;9;0;100;101;100;110;100;111;100;50;50;0;1.931;1.931;0.000;0.000;14.700;1.000;10.6;0.0;0;33;3.000;2.857;12.5;-100;0;0;-8.8;0;0;0;0;0;99;0;0;1859;67.60;0;0;0;0;0;0;0;0;0;0;0;0;0;0;0;0;33;0;38.0;38.0;2;0;0.00;0.00;0.00;0.0;0.0
63.668;133;1643;38;62434;9.0;19.700;1.340;29;65;9;0;100;101;100;110;100;111;100;50;50;0;1.931;1.931;0.000;0.000;14.700;1.000;10.6;0.0;0;34;3.000;2.881;12.5;40;0;0;-8.8;0;0;0;0;0;99;0;0;1859;67.89;0;0;0;0;0;0;0;0;0;0;0;0;0;0;0;0;34;0;38.0;38.0;2;0;0.00;0.00;0.00;0.0;0.0
63.734;133;1638;38;62244;9.0;19.700;1.340;29;65;9;0;100;101;100;110;100;111;100;50;50;0;1.931;1.931;0.000;0.000;14.700;1.000;10.5;0.0;0;33;3.000;2.949;12.5;-120;0;0;-8.8;0;0;0;0;0;99;0;0;1859;68.10;0;0;0;0;0;0;0;0;0;0;0;0;0;0;0;0;33;0;38.0;38.0;2;0;0.00;0.00;0.00;0.0;0.0
63.803;133;1653;38;62814;9.0;19.700;1.340;29;65;9;0;100;101;100;110;100;111;100;50;50;0;1.931;1.931;0.000;0.000;14.700;1.000;10.6;0.0;0;33;3.000;2.998;12.5;-120;0;0;-8.8;0;0;0;0;0;99;0;0;1859;67.48;0;0;0;0;0;0;0;0;0;0;0;0;0;0;0;0;33;0;38.0;38.0;2;0;0.00;0.00;0.00;0.0;0.0
63.869;134;1660;38;63080;9.0;19.700;1.340;29;65;9;0;100;101;100;110;100;111;100;50;50;0;1.931;1.931;0.000;0.000;14.700;1.000;10.7;0.0;0;34;3.000;2.991;12.5;150;0;0;-8.8;0;0;0;0;0;99;0;0;1872;67.66;0;0;0;0;0;0;0;0;0;0;0;0;0;0;0;0;34;0;38.0;38.0;2;0;0.00;0.00;0.00;0.0;0.0
63.934;134;1669;38;63422;9.0;19.700;1.340;29;65;9;0;100;101;100;110;100;111;100;50;50;0;1.931;1.931;0.000;0.000;14.700;1.000;10.7;0.0;0;33;3.000;2.901;12.5;160;0;0;-8.8;0;0;0;0;0;99;0;0;1872;67.30;0;0;0;0;0;0;0;0;0;0;0;0;0;0;0;0;33;0;38.0;38.0;2;0;0.00;0.00;0.00;0.0;0.0
63.999;134;1661;38;63118;9.0;19.700;1.340;29;65;9;0;100;101;100;110;100;111;100;50;50;0;1.931;1.931;0.000;0.000;14.700;1.000;10.7;0.0;0;33;3.000;2.906;12.5;160;0;0;-8.8;0;0;0;0;0;99;0;0;1872;67.62;0;0;0;0;0;0;0;0;0;0;0;0;0;0;0;0;33;0;38.0;38.0;2;0;0.00;0.00;0.00;0.0;0.0
63.999;134;1667;38;63346;9.0;19.700;1.340;29;65;9;0;100;101;100;110;100;111;100;50;50;0;2.027;2.027;0.000;0.000;14.700;1.000;11.3;0.0;0;34;3.030;2.949;11.9;-80;0;0;-8.8;0;0;0;0;0;99;0;0;1872;67.38;0;0;0;0;0;0;0;0;0;0;0;0;0;0;0;0;34;0;38.0;38.0;2;0;0.00;0.00;0.00;0.0;0.0
64.071;134;1668;38;63384;9.0;18.700;1.272;29;65;9;0;100;101;100;110;100;111;100;50;50;0;2.027;2.027;0.000;0.000;14.700;1.000;11.3;0.0;0;33;3.030;2.839;11.9;60;0;0;-8.8;0;0;0;0;0;99;0;0;1872;67.34;0;0;0;0;0;0;0;0;0;0;0;0;0;0;0;0;33;0;38.0;38.0;2;0;0.00;0.00;0.00;0.0;0.0
64.137;134;1674;38;63612;9.0;17.500;1.190;29;65;9;0;100;101;100;110;100;111;100;50;50;0;2.027;2.027;0.000;0.000;14.700;1.000;11.3;0.0;0;34;3.030;3.053;11.9;60;0;0;-8.8;0;0;0;0;0;99;0;0;1872;67.10;0;0;0;0;0;0;0;0;0;0;0;0;0;0;0;0;34;0;38.0;38.0;2;0;0.00;0.00;0.00;0.0;0.0
64.271;134;1700;37;62900;9.0;17.900;1.218;29;65;9;0;100;101;100;110;100;111;100;49;49;0;2.002;2.002;0.000;0.000;14.700;1.000;11.3;0.0;0;34;3.030;3.194;11.9;70;0;0;-9.0;0;0;0;0;0;99;0;0;1872;66.07;0;0;0;0;0;0;0;0;0;0;0;0;0;0;0;0;34;0;37.0;37.0;2;0;0.00;0.00;0.00;0.0;0.0
64.335;134;1726;37;63862;9.0;17.100;1.163;29;65;9;0;100;101;100;110;100;111;100;49;49;0;1.918;1.918;0.000;0.000;14.700;1.000;11.0;0.0;0;34;3.000;3.182;12.4;260;0;0;-9.0;0;0;0;0;0;99;0;0;1872;65.08;0;0;0;0;0;0;0;0;0;0;0;0;0;0;0;0;34;0;37.0;37.0;2;0;0.00;0.00;0.00;0.0;0.0
64.335;134;1748;37;64676;9.0;16.100;1.095;29;65;9;0;100;101;100;110;100;111;100;50;50;0;1.925;1.925;0.000;0.000;14.700;1.000;11.2;0.0;0;35;3.000;3.171;12.4;260;0;0;-9.0;0;0;0;0;0;99;0;0;1872;64.26;0;0;0;0;0;0;0;0;0;0;0;0;0;0;0;0;35;0;37.0;37.0;2;0;0.00;0.00;0.00;0.0;0.0
64.467;134;1748;36;62928;9.0;17.700;1.204;29;65;9;0;100;101;100;110;100;111;100;49;49;0;1.909;1.909;0.000;0.000;14.700;1.000;11.1;0.0;0;34;3.000;3.130;12.4;480;0;0;-9.1;0;0;0;0;0;99;0;0;1872;64.26;0;0;0;0;0;0;0;0;0;0;0;0;0;0;0;0;34;0;36.0;36.0;2;0;0.00;0.00;0.00;0.0;0.0
64.536;134;1762;36;63432;9.0;17.200;1.170;29;65;9;0;100;101;100;110;100;111;100;49;49;0;1.909;1.909;0.000;0.000;14.700;1.000;11.2;0.0;0;35;3.000;3.045;12.4;140;0;0;-9.1;0;0;0;0;0;99;0;0;1872;63.75;0;0;0;0;0;0;0;0;0;0;0;0;0;0;0;0;35;0;36.0;36.0;2;0;0.00;0.00;0.00;0.0;0.0
64.604;134;1773;36;63828;9.0;15.800;1.075;29;65;9;0;100;101;100;110;100;111;100;49;49;0;1.873;1.873;0.000;0.000;14.700;1.000;11.1;0.0;0;35;3.000;2.907;12.7;140;0;0;-9.1;0;0;0;0;0;99;0;0;1872;63.35;0;0;0;0;0;0;0;0;0;0;0;0;0;0;0;0;35;0;36.0;36.0;2;0;0.00;0.00;0.00;0.0;0.0
64.671;134;1777;36;63972;9.0;13.900;0.946;29;65;9;0;100;101;100;110;100;111;100;49;49;0;1.873;1.873;0.000;0.000;14.700;1.000;11.1;0.0;0;35;3.000;2.942;12.7;150;0;0;-9.1;0;0;0;0;0;99;0;0;1872;63.21;0;0;0;0;0;0;0;0;0;0;0;0;0;0;0;0;35;0;36.0;36.0;2;0;0.00;0.00;0.00;0.0;0.0
64.737;134;1782;36;64152;9.0;14.000;0.952;29;65;9;0;100;101;100;110;100;111;100;49;49;0;1.873;1.873;0.000;0.000;14.700;1.000;11.1;0.0;0;35;3.000;2.893;12.7;50;0;0;-9.1;0;0;0;0;0;99;0;0;1872;63.03;0;0;0;0;0;0;0;0;0;0;0;0;0;0;0;0;35;0;36.0;36.0;2;0;0.00;0.00;0.00;0.0;0.0
64.737;134;1783;36;64188;9.0;13.600;0.925;29;65;9;0;100;101;100;110;100;111;100;49;49;0;1.873;1.873;0.000;0.000;14.700;1.000;11.1;0.0;0;35;3.000;2.867;12.7;50;0;0;-9.1;0;0;0;0;0;99;0;0;1872;62.99;0;0;0;0;0;0;0;0;0;0;0;0;0;0;0;0;35;0;36.0;36.0;2;0;0.00;0.00;0.00;0.0;0.0
64.876;135;1779;36;64044;9.0;13.000;0.884;29;65;9;0;100;101;100;110;100;111;100;49;49;0;1.861;1.861;0.000;0.000;14.700;1.000;11.0;0.0;0;35;3.000;2.926;12.8;10;0;0;-9.1;0;0;0;0;0;99;0;0;1862;62.80;0;0;0;0;0;0;0;0;0;0;0;0;0;0;0;0;35;0;36.0;36.0;2;0;0.00;0.00;0.00;0.0;0.0
64.946;135;1767;36;63612;9.0;13.900;0.946;29;65;9;0;100;101;100;110;100;111;100;49;49;0;1.861;1.861;0.000;0.000;14.700;1.000;11.0;0.0;0;35;3.000;2.789;12.8;-40;0;0;-9.1;0;0;0;0;0;99;0;0;1862;63.23;0;0;0;0;0;0;0;0;0;0;0;0;0;0;0;0;35;0;36.0;36.0;2;0;0.00;0.00;0.00;0.0;0.0
65.008;135;1767;36;63612;9.0;14.100;0.959;29;65;9;0;100;101;100;110;100;111;100;49;49;0;1.861;1.861;0.000;0.000;14.700;1.000;11.0;0.0;0;35;3.000;2.806;12.8;-40;0;0;-9.1;0;0;0;0;0;99;0;0;1862;63.23;0;0;0;0;0;0;0;0;0;0;0;0;0;0;0;0;35;0;36.0;36.0;2;0;0.00;0.00;0.00;0.0;0.0
65.073;135;1757;37;65009;9.0;13.900;0.946;29;65;9;0;100;101;100;110;100;111;100;50;50;0;1.877;1.877;0.000;0.000;14.700;1.000;11.0;0.0;0;34;3.000;2.738;12.8;-220;0;0;-9.0;0;0;0;0;0;99;0;0;1862;63.59;0;0;0;0;0;0;0;0;0;0;0;0;0;0;0;0;34;0;37.0;37.0;2;0;0.00;0.00;0.00;0.0;0.0
65.138;135;1732;37;64084;9.0;13.900;0.946;29;65;9;0;100;101;100;110;100;111;100;49;49;0;1.858;1.858;0.000;0.000;14.700;1.000;10.7;0.0;0;35;3.000;2.693;12.9;-250;0;0;-9.0;0;0;0;0;0;99;0;0;1862;64.50;0;0;0;0;0;0;0;0;0;0;0;0;0;0;0;0;35;0;37.0;37.0;2;0;0.00;0.00;0.00;0.0;0.0
65.207;135;1714;37;63418;9.0;15.700;1.068;29;65;9;0;100;101;100;110;100;111;100;49;49;0;1.858;1.858;0.000;0.000;14.700;1.000;10.6;0.0;0;34;3.000;2.587;12.9;-250;0;0;-9.0;0;0;0;0;0;99;0;0;1862;65.18;0;0;0;0;0;0;0;0;0;0;0;0;0;0;0;0;34;0;37.0;37.0;2;0;0.00;0.00;0.00;0.0;0.0
65.270;135;1682;37;62234;9.0;18.200;1.238;29;65;9;0;100;101;100;110;100;111;100;49;49;0;1.858;1.858;0.000;0.000;14.700;1.000;10.4;0.0;0;34;3.000;2.668;12.9;-500;0;0;-9.0;0;0;0;0;0;99;0;0;1862;66.42;0;0;0;0;0;0;0;0;0;0;0;0;0;0;0;0;34;0;37.0;37.0;2;0;0.00;0.00;0.00;0.0;0.0
65.337;135;1656;37;61272;9.0;19.500;1.327;29;65;9;0;100;101;100;110;100;111;100;49;49;0;1.858;1.858;0.000;0.000;14.700;1.000;10.3;0.0;0;34;3.000;2.937;12.9;-260;0;0;-9.0;0;0;0;0;0;99;0;0;1862;67.46;0;0;0;0;0;0;0;0;0;0;0;0;0;0;0;0;34;0;37.0;37.0;2;0;0.00;0.00;0.00;0.0;0.0
65.404;135;1647;38;62586;9.0;19.700;1.340;29;65;9;0;100;101;100;110;100;111;100;50;50;0;1.883;1.883;0.000;0.000;14.700;1.000;10.3;0.0;0;34;3.000;2.807;12.9;-260;0;0;-8.8;0;0;0;0;0;99;0;0;1862;67.83;0;0;0;0;0;0;0;0;0;0;0;0;0;0;0;0;34;0;38.0;38.0;2;0;0.00;0.00;0.00;0.0;0.0
65.473;135;1628;39;63492;9.0;19.700;1.340;29;65;9;0;100;101;100;110;100;111;100;50;50;0;1.892;1.892;0.000;0.000;14.700;1.000;10.3;0.0;0;33;3.000;2.820;12.9;-90;0;0;-8.7;0;0;0;0;0;99;0;0;1862;68.62;0;0;0;0;0;0;0;0;0;0;0;0;0;0;0;0;33;0;39.0;39.0;2;0;0.00;0.00;0.00;0.0;0.0
65.535;135;1611;39;62829;9.0;19.700;1.340;29;65;9;0;100;101;100;110;100;111;100;50;50;0;1.892;1.892;0.000;0.000;14.700;1.000;10.2;0.0;0;32;3.000;2.822;12.9;-90;0;0;-8.7;0;0;0;0;0;99;0;0;1862;69.35;0;0;0;0;0;0;0;0;0;0;0;0;0;0;0;0;32;0;39.0;39.0;2;0;0.00;0.00;0.00;0.0;0.0
65.603;135;1595;39;62205;9.0;19.700;1.340;29;65;9;0;100;101;100;110;100;111;100;50;50;0;1.892;1.892;0.000;0.000;14.700;1.000;10.1;0.0;0;32;3.000;2.748;12.9;-360;0;0;-8.7;0;0;0;0;0;99;0;0;1862;70.04;0;0;0;0;0;0;0;0;0;0;0;0;0;0;0;0;32;0;39.0;39.0;2;0;0.00;0.00;0.00;0.0;0.0
65.671;135;1592;40;63680;9.0;19.700;1.340;29;65;9;0;100;101;100;110;100;111;100;50;50;0;1.902;1.902;0.000;0.000;14.700;1.000;10.1;0.0;0;32;3.000;2.964;12.9;-160;0;0;-8.6;0;0;0;0;0;99;0;0;1862;70.18;0;0;0;0;0;0;0;0;0;0;0;0;0;0;0;0;32;0;40.0;40.0;2;0;0.00;0.00;0.00;0.0;0.0
65.739;135;1592;39;62088;9.0;19.700;1.340;29;65;9;0;100;101;100;110;100;111;100;50;50;0;1.892;1.892;0.000;0.000;14.700;1.000;10.0;0.0;0;32;3.000;2.929;12.9;-160;0;0;-8.7;0;0;0;0;0;99;0;0;1862;70.18;0;0;0;0;0;0;0;0;0;0;0;0;0;0;0;0;32;0;39.0;39.0;2;0;0.00;0.00;0.00;0.0;0.0
65.802;135;1594;39;62166;9.0;19.700;1.340;29;65;9;0;100;101;100;110;100;111;100;50;50;0;1.892;1.892;0.000;0.000;14.700;1.000;10.1;0.0;0;32;3.000;2.642;12.9;-10;0;0;-8.7;0;0;0;0;0;99;0;0;1862;70.09;0;0;0;0;0;0;0;0;0;0;0;0;0;0;0;0;32;0;39.0;39.0;2;0;0.00;0.00;0.00;0.0;0.0
65.867;136;1568;39;61152;9.0;19.700;1.340;29;65;9;0;100;101;100;110;100;111;100;50;50;0;1.892;1.892;0.000;0.000;14.700;1.000;9.9;0.0;0;33;3.000;2.910;12.9;-260;0;0;-8.7;0;0;0;0;0;99;0;0;1882;72.02;0;0;0;0;0;0;0;0;0;0;0;0;0;0;0;0;33;0;39.0;39.0;2;0;0.00;0.00;0.00;0.0;0.0
65.945;136;1573;39;61347;9.0;19.700;1.340;29;65;9;0;100;101;100;110;100;111;100;50;50;0;1.892;1.892;0.000;0.000;14.700;1.000;9.9;0.0;0;32;3.000;2.720;12.9;-260;0;0;-8.7;0;0;0;0;0;99;0;0;1882;71.79;0;0;0;0;0;0;0;0;0;0;0;0;0;0;0;0;32;0;39.0;39.0;2;0;0.00;0.00;0.00;0.0;0.0
66.006;136;1559;40;62360;9.0;19.700;1.340;29;65;9;0;100;101;100;110;100;111;100;50;50;0;1.902;1.902;0.000;0.000;14.700;1.000;9.9;0.0;0;32;3.000;2.980;12.9;50;0;0;-8.6;0;0;0;0;0;99;0;0;1882;72.43;0;0;0;0;0;0;0;0;0;0;0;0;0;0;0;0;32;0;40.0;40.0;2;0;0.00;0.00;0.00;0.0;0.0
66.072;136;1564;40;62560;9.0;19.700;1.340;29;65;9;0;100;101;100;110;100;111;100;50;50;0;1.902;1.902;0.000;0.000;14.700;1.000;9.9;0.0;0;32;3.000;2.895;12.9;-90;0;0;-8.6;0;0;0;0;0;99;0;0;1882;72.20;0;0;0;0;0;0;0;0;0;0;0;0;0;0;0;0;32;0;40.0;40.0;2;0;0.00;0.00;0.00;0.0;0.0
66.137;136;1562;40;62480;9.0;19.700;1.340;29;65;9;0;100;101;100;110;100;111;100;50;50;0;1.902;1.902;0.000;0.000;14.700;1.000;9.9;0.0;0;32;3.000;2.894;12.9;-90;0;0;-8.6;0;0;0;0;0;99;0;0;1882;72.29;0;0;0;0;0;0;0;0;0;0;0;0;0;0;0;0;32;0;40.0;40.0;2;0;0.00;0.00;0.00;0.0;0.0
66.203;136;1567;40;62680;9.0;19.700;1.340;29;65;9;0;100;101;100;110;100;111;100;50;50;0;1.902;1.902;0.000;0.000;14.700;1.000;9.9;0.0;0;32;3.000;2.923;12.9;-20;0;0;-8.6;0;0;0;0;0;99;0;0;1882;72.06;0;0;0;0;0;0;0;0;0;0;0;0;0;0;0;0;32;0;40.0;40.0;2;0;0.00;0.00;0.00;0.0;0.0
66.268;136;1567;40;62680;9.0;19.700;1.340;29;65;9;0;100;101;100;110;100;111;100;50;50;0;1.902;1.902;0.000;0.000;14.700;1.000;9.9;0.0;0;32;3.000;2.743;12.9;50;0;0;-8.6;0;0;0;0;0;99;0;0;1882;72.06;0;0;0;0;0;0;0;0;0;0;0;0;0;0;0;0;32;0;40.0;40.0;2;0;0.00;0.00;0.00;0.0;0.0
66.333;136;1560;40;62400;9.0;19.700;1.340;29;65;9;0;100;101;100;110;100;111;100;50;50;0;1.902;1.902;0.000;0.000;14.700;1.000;9.9;0.0;0;32;3.000;2.913;12.9;50;0;0;-8.6;0;0;0;0;0;99;0;0;1882;72.38;0;0;0;0;0;0;0;0;0;0;0;0;0;0;0;0;32;0;40.0;40.0;2;0;0.00;0.00;0.00;0.0;0.0
66.399;136;1562;40;62480;9.0;19.700;1.340;29;65;9;0;100;101;100;110;100;111;100;50;50;0;1.986;1.986;0.000;0.000;14.700;1.000;10.3;0.0;0;32;3.000;2.891;12.2;-70;0;0;-8.6;0;0;0;0;0;99;0;0;1882;72.29;0;0;0;0;0;0;0;0;0;0;0;0;0;0;0;0;32;0;40.0;40.0;2;0;0.00;0.00;0.00;0.0;0.0
66.464;136;1560;40;62400;9.0;19.700;1.340;29;65;9;0;100;101;100;110;100;111;100;50;50;0;1.986;1.986;0.000;0.000;14.700;1.000;10.3;0.0;0;32;3.000;2.960;12.2;0;0;0;-8.6;0;0;0;0;0;99;0;0;1882;72.38;0;0;0;0;0;0;0;0;0;0;0;0;0;0;0;0;32;0;40.0;40.0;2;0;0.00;0.00;0.00;0.0;0.0
66.530;136;1578;40;63120;9.0;19.700;1.340;29;65;9;0;100;101;100;110;100;111;100;50;50;0;1.986;1.986;0.000;0.000;14.700;1.000;10.4;0.0;0;32;3.000;2.970;12.2;0;0;0;-8.6;0;0;0;0;0;99;0;0;1882;71.56;0;0;0;0;0;0;0;0;0;0;0;0;0;0;0;0;32;0;40.0;40.0;2;0;0.00;0.00;0.00;0.0;0.0
66.599;136;1590;40;63600;9.0;19.700;1.340;29;65;9;0;100;101;100;110;100;111;100;50;50;0;1.986;1.986;0.000;0.000;14.700;1.000;10.5;0.0;0;32;3.000;3.141;12.2;180;0;0;-8.6;0;0;0;0;0;99;0;0;1882;71.02;0;0;0;0;0;0;0;0;0;0;0;0;0;0;0;0;32;0;40.0;40.0;2;0;0.00;0.00;0.00;0.0;0.0
66.665;136;1603;39;62517;9.0;19.700;1.340;29;65;9;0;100;101;100;110;100;111;100;50;50;0;1.928;1.928;0.000;0.000;14.700;1.000;10.3;0.0;0;32;3.000;2.911;12.6;250;0;0;-8.7;0;0;0;0;0;99;0;0;1882;70.44;0;0;0;0;0;0;0;0;0;0;0;0;0;0;0;0;32;0;39.0;39.0;2;0;0.00;0.00;0.00;0.0;0.0
66.731;136;1619;39;63141;9.0;19.700;1.340;29;65;9;0;100;101;100;110;100;111;100;50;50;0;1.928;1.928;0.000;0.000;14.700;1.000;10.4;0.0;0;32;3.000;3.074;12.6;250;0;0;-8.7;0;0;0;0;0;99;0;0;1882;69.75;0;0;0;0;0;0;0;0;0;0;0;0;0;0;0;0;32;0;39.0;39.0;2;0;0.00;0.00;0.00;0.0;0.0
66.800;136;1619;39;63141;9.0;19.700;1.340;29;65;9;0;100;101;100;110;100;111;100;50;50;0;1.928;1.928;0.000;0.000;14.700;1.000;10.4;0.0;0;32;3.000;2.955;12.6;160;0;0;-8.7;0;0;0;0;0;99;0;0;1882;69.75;0;0;0;0;0;0;0;0;0;0;0;0;0;0;0;0;32;0;39.0;39.0;2;0;0.00;0.00;0.00;0.0;0.0
66.866;137;1634;38;62092;9.0;19.700;1.340;29;65;9;0;100;101;100;110;100;111;100;50;50;0;1.895;1.895;0.000;0.000;14.700;1.000;10.3;0.0;0;33;3.000;2.772;12.8;150;0;0;-8.8;0;0;0;0;0;99;0;0;1885;69.22;0;0;0;0;0;0;0;0;0;0;0;0;0;0;0;0;33;0;38.0;38.0;2;0;0.00;0.00;0.00;0.0;0.0
66.931;137;1636;38;62168;9.0;19.700;1.340;29;65;9;0;100;101;100;110;100;111;100;50;50;0;1.895;1.895;0.000;0.000;14.700;1.000;10.3;0.0;0;34;3.000;2.889;12.8;150;0;0;-8.8;0;0;0;0;0;99;0;0;1885;69.13;0;0;0;0;0;0;0;0;0;0;0;0;0;0;0;0;34;0;38.0;38.0;2;0;0.00;0.00;0.00;0.0;0.0
66.997;137;1653;38;62814;9.0;18.200;1.238;29;65;9;0;100;101;100;110;100;111;100;50;50;0;1.895;1.895;0.000;0.000;14.700;1.000;10.4;0.0;0;33;3.000;3.001;12.8;190;0;0;-8.8;0;0;0;0;0;99;0;0;1885;68.42;0;0;0;0;0;0;0;0;0;0;0;0;0;0;0;0;33;0;38.0;38.0;2;0;0.00;0.00;0.00;0.0;0.0
67.063;137;1670;37;61790;9.0;18.300;1.245;29;65;9;0;100;101;100;110;100;111;100;49;49;0;1.870;1.870;0.000;0.000;14.700;1.000;10.4;0.0;0;34;3.000;2.921;12.8;170;0;0;-9.0;0;0;0;0;0;99;0;0;1885;67.72;0;0;0;0;0;0;0;0;0;0;0;0;0;0;0;0;34;0;37.0;37.0;2;0;0.00;0.00;0.00;0.0;0.0
67.132;137;1675;37;61975;9.0;18.600;1.265;29;65;9;0;100;101;100;110;100;111;100;49;49;0;1.870;1.870;0.000;0.000;14.700;1.000;10.4;0.0;0;34;3.000;2.868;12.8;170;0;0;-9.0;0;0;0;0;0;99;0;0;1885;67.52;0;0;0;0;0;0;0;0;0;0;0;0;0;0;0;0;34;0;37.0;37.0;2;0;0.00;0.00;0.00;0.0;0.0
67.197;137;1674;38;63612;9.0;19.100;1.299;29;65;9;0;100;101;100;110;100;111;100;50;50;0;1.895;1.895;0.000;0.000;14.700;1.000;10.6;0.0;0;34;3.000;2.820;12.8;40;0;0;-8.8;0;0;0;0;0;99;0;0;1885;67.56;0;0;0;0;0;0;0;0;0;0;0;0;0;0;0;0;34;0;38.0;38.0;2;0;0.00;0.00;0.00;0.0;0.0
67.263;137;1660;38;63080;9.0;19.700;1.340;29;65;9;0;100;101;100;110;100;111;100;50;50;0;1.895;1.895;0.000;0.000;14.700;1.000;10.5;0.0;0;34;3.000;2.916;12.8;40;0;0;-8.8;0;0;0;0;0;99;0;0;1885;68.13;0;0;0;0;0;0;0;0;0;0;0;0;0;0;0;0;34;0;38.0;38.0;2;0;0.00;0.00;0.00;0.0;0.0
67.333;137;1658;38;63004;9.0;19.700;1.340;29;65;9;0;100;101;100;110;100;111;100;50;50;0;1.895;1.895;0.000;0.000;14.700;1.000;10.5;0.0;0;33;3.000;2.818;12.8;-140;0;0;-8.8;0;0;0;0;0;99;0;0;1885;68.21;0;0;0;0;0;0;0;0;0;0;0;0;0;0;0;0;33;0;38.0;38.0;2;0;0.00;0.00;0.00;0.0;0.0
67.399;137;1645;38;62510;9.0;19.100;1.299;29;65;9;0;100;101;100;110;100;111;100;50;50;0;1.871;1.871;0.000;0.000;14.700;1.000;10.3;0.0;0;33;3.000;2.918;13.0;-20;0;0;-8.8;0;0;0;0;0;99;0;0;1885;68.75;0;0;0;0;0;0;0;0;0;0;0;0;0;0;0;0;33;0;38.0;38.0;2;0;0.00;0.00;0.00;0.0;0.0
67.468;137;1630;39;63570;9.0;19.600;1.333;29;65;9;0;100;101;100;110;100;111;100;50;50;0;1.880;1.880;0.000;0.000;14.700;1.000;10.2;0.0;0;33;3.000;2.680;13.0;-20;0;0;-8.7;0;0;0;0;0;99;0;0;1885;69.39;0;0;0;0;0;0;0;0;0;0;0;0;0;0;0;0;33;0;39.0;39.0;2;0;0.00;0.00;0.00;0.0;0.0
67.534;137;1615;39;62985;9.0;19.600;1.333;29;65;9;0;100;101;100;110;100;111;100;50;50;0;1.880;1.880;0.000;0.000;14.700;1.000;10.1;0.0;0;33;3.000;2.731;13.0;-280;0;0;-8.7;0;0;0;0;0;99;0;0;1885;70.03;0;0;0;0;0;0;0;0;0;0;0;0;0;0;0;0;33;0;39.0;39.0;2;0;0.00;0.00;0.00;0.0;0.0
67.599;137;1615;39;62985;9.0;19.700;1.340;29;65;9;0;100;101;100;110;100;111;100;50;50;0;1.880;1.880;0.000;0.000;14.700;1.000;10.1;0.0;0;33;3.000;2.756;13.0;-150;0;0;-8.7;0;0;0;0;0;99;0;0;1885;70.03;0;0;0;0;0;0;0;0;0;0;0;0;0;0;0;0;33;0;39.0;39.0;2;0;0.00;0.00;0.00;0.0;0.0
67.665;137;1604;39;62556;9.0;19.700;1.340;29;65;9;0;100;101;100;110;100;111;100;50;50;0;1.964;1.964;0.000;0.000;14.700;1.000;10.5;0.0;0;32;3.000;2.445;12.3;-150;0;0;-8.7;0;0;0;0;0;99;0;0;1885;70.51;0;0;0;0;0;0;0;0;0;0;0;0;0;0;0;0;32;0;39.0;39.0;2;0;0.00;0.00;0.00;0.0;0.0
67.734;137;1555;39;60645;9.0;19.700;1.340;29;65;9;0;100;101;100;110;100;111;100;50;50;0;1.964;1.964;0.000;0.000;14.700;1.000;10.2;0.0;0;32;3.000;2.887;12.3;-110;0;0;-8.7;0;0;0;0;0;99;0;0;1885;72.73;0;0;0;0;0;0;0;0;0;0;0;0;0;0;0;0;32;0;39.0;39.0;2;0;0.00;0.00;0.00;0.0;0.0
67.802;137;1546;40;61840;9.0;19.700;1.340;29;65;9;0;100;101;100;110;100;111;100;50;50;0;1.974;1.974;0.000;0.000;14.700;1.000;10.2;0.0;0;32;3.000;2.745;12.3;-580;0;0;-8.6;0;0;0;0;0;99;0;0;1885;73.16;0;0;0;0;0;0;0;0;0;0;0;0;0;0;0;0;32;0;40.0;40.0;2;0;0.00;0.00;0.00;0.0;0.0
67.869;137;1529;41;62689;9.0;19.700;1.340;29;65;9;0;100;101;100;110;100;111;100;51;51;0;1.991;1.991;0.000;0.000;14.700;1.000;10.1;0.0;0;32;3.000;3.083;12.3;-580;0;0;-8.4;0;0;0;0;0;99;0;0;1885;73.97;0;0;0;0;0;0;0;0;0;0;0;0;0;0;0;0;32;0;41.0;41.0;2;0;0.00;0.00;0.00;0.0;0.0
67.935;138;1552;40;62080;9.0;19.700;1.340;29;65;9;0;100;101;100;110;100;111;100;50;50;0;1.974;1.974;0.000;0.000;14.700;1.000;10.2;0.0;0;32;3.000;3.196;12.3;-170;0;0;-8.6;0;0;0;0;0;99;0;0;1876;72.53;0;0;0;0;0;0;0;0;0;0;0;0;0;0;0;0;32;0;40.0;40.0;2;0;0.00;0.00;0.00;0.0;0.0
68.000;138;1564;36;56304;9.0;19.700;1.340;29;65;9;0;100;101;100;110;100;111;100;48;48;0;1.908;1.908;0.000;0.000;14.700;1.000;9.9;0.0;0;34;3.000;3.065;12.3;230;0;0;-9.1;0;0;0;0;0;99;0;0;1876;71.97;0;0;0;0;0;0;0;0;0;0;0;0;0;0;0;0;34;0;36.0;36.0;2;0;0.00;0.00;0.00;0.0;0.0
68.067;138;1585;40;63400;9.0;19.700;1.340;29;65;9;0;100;101;100;110;100;111;100;50;50;0;1.974;1.974;0.000;0.000;14.700;1.000;10.4;0.0;0;32;3.000;3.244;12.3;230;0;0;-8.6;0;0;0;0;0;99;0;0;1876;71.02;0;0;0;0;0;0;0;0;0;0;0;0;0;0;0;0;32;0;40.0;40.0;2;0;0.00;0.00;0.00;0.0;0.0
68.135;138;1585;39;61815;9.0;19.700;1.340;29;65;9;0;100;101;100;110;100;111;100;50;50;0;1.916;1.916;0.000;0.000;14.700;1.000;10.1;0.0;0;32;3.000;2.952;12.7;330;0;0;-8.7;0;0;0;0;0;99;0;0;1876;71.02;0;0;0;0;0;0;0;0;0;0;0;0;0;0;0;0;32;0;39.0;39.0;2;0;0.00;0.00;0.00;0.0;0.0
68.135;138;1598;39;62322;9.0;19.700;1.340;29;65;9;0;100;101;100;110;100;111;100;50;50;0;1.916;1.916;0.000;0.000;14.700;1.000;10.2;0.0;0;33;3.000;2.910;12.7;130;0;0;-8.7;0;0;0;0;0;99;0;0;1876;70.44;0;0;0;0;0;0;0;0;0;0;0;0;0;0;0;0;33;0;39.0;39.0;2;0;0.00;0.00;0.00;0.0;0.0
68.270;138;1606;39;62634;9.0;19.700;1.340;29;65;9;0;100;101;100;110;100;111;100;50;50;0;1.916;1.916;0.000;0.000;14.700;1.000;10.3;0.0;0;33;3.000;3.031;12.7;130;0;0;-8.7;0;0;0;0;0;99;0;0;1876;70.09;0;0;0;0;0;0;0;0;0;0;0;0;0;0;0;0;33;0;39.0;39.0;2;0;0.00;0.00;0.00;0.0;0.0
68.337;138;1624;38;61712;9.0;19.700;1.340;29;65;9;0;100;101;100;110;100;111;100;50;50;0;1.907;1.907;0.000;0.000;14.700;1.000;10.3;0.0;0;34;3.000;2.863;12.7;80;0;0;-8.8;0;0;0;0;0;99;0;0;1876;69.31;0;0;0;0;0;0;0;0;0;0;0;0;0;0;0;0;34;0;38.0;38.0;2;0;0.00;0.00;0.00;0.0;0.0
68.402;138;1624;38;61712;9.0;19.600;1.333;29;66;9;0;100;101;100;110;100;111;100;50;50;0;1.895;1.895;0.000;0.000;14.700;1.000;10.3;0.0;0;34;3.000;2.910;12.8;180;0;0;-8.8;0;0;0;0;0;99;0;0;1876;69.31;0;0;0;0;0;0;0;0;0;0;0;0;0;0;0;0;34;0;38.0;38.0;2;0;0.00;0.00;0.00;0.0;0.0
68.469;138;1626;39;63414;9.0;19.700;1.340;29;66;9;0;100;101;100;110;100;111;100;50;50;0;1.904;1.904;0.000;0.000;14.700;1.000;10.3;0.0;0;33;3.000;2.845;12.8;180;0;0;-8.7;0;0;0;0;0;99;0;0;1876;69.23;0;0;0;0;0;0;0;0;0;0;0;0;0;0;0;0;33;0;39.0;39.0;2;0;0.00;0.00;0.00;0.0;0.0
68.537;138;1626;39;63414;9.0;19.700;1.340;29;66;9;0;100;101;100;110;100;111;100;50;50;0;1.904;1.904;0.000;0.000;14.700;1.000;10.3;0.0;0;33;3.000;2.882;12.8;20;0;0;-8.7;0;0;0;0;0;99;0;0;1876;69.23;0;0;0;0;0;0;0;0;0;0;0;0;0;0;0;0;33;0;39.0;39.0;2;0;0.00;0.00;0.00;0.0;0.0
68.605;138;1632;39;63648;9.0;19.700;1.340;29;66;9;0;100;101;100;110;100;111;100;50;50;0;1.904;1.904;0.000;0.000;14.700;1.000;10.4;0.0;0;33;3.000;2.970;12.8;60;0;0;-8.7;0;0;0;0;0;99;0;0;1876;68.97;0;0;0;0;0;0;0;0;0;0;0;0;0;0;0;0;33;0;39.0;39.0;2;0;0.00;0.00;0.00;0.0;0.0
68.669;138;1643;38;62434;9.0;19.700;1.340;29;66;9;0;100;101;100;110;100;111;100;50;50;0;1.919;1.919;0.000;0.000;14.700;1.000;10.5;0.0;0;34;3.000;3.065;12.6;60;0;0;-8.8;0;0;0;0;0;99;0;0;1876;68.51;0;0;0;0;0;0;0;0;0;0;0;0;0;0;0;0;34;0;38.0;38.0;2;0;0.00;0.00;0.00;0.0;0.0
68.669;138;1647;38;62586;9.0;19.700;1.340;29;66;9;0;100;101;100;110;100;111;100;50;50;0;1.919;1.919;0.000;0.000;14.700;1.000;10.5;0.0;0;34;3.000;3.081;12.6;110;0;0;-8.8;0;0;0;0;0;99;0;0;1876;68.34;0;0;0;0;0;0;0;0;0;0;0;0;0;0;0;0;34;0;38.0;38.0;2;0;0.00;0.00;0.00;0.0;0.0
68.801;138;1647;38;62586;9.0;19.700;1.340;29;66;9;0;100;101;100;110;100;111;100;50;50;0;1.919;1.919;0.000;0.000;14.700;1.000;10.5;0.0;0;34;3.000;2.976;12.6;40;0;0;-8.8;0;0;0;0;0;99;0;0;1876;68.34;0;0;0;0;0;0;0;0;0;0;0;0;0;0;0;0;34;0;38.0;38.0;2;0;0.00;0.00;0.00;0.0;0.0
68.865;138;1662;38;63156;9.0;19.700;1.340;29;66;9;0;100;101;100;110;100;111;100;50;50;0;1.919;1.919;0.000;0.000;14.700;1.000;10.6;0.0;0;33;3.000;2.824;12.6;40;0;0;-8.8;0;0;0;0;0;99;0;0;1876;67.73;0;0;0;0;0;0;0;0;0;0;0;0;0;0;0;0;33;0;38.0;38.0;2;0;0.00;0.00;0.00;0.0;0.0
68.934;139;1653;38;62814;9.0;19.700;1.340;29;66;9;0;100;101;100;110;100;111;100;50;50;0;1.967;1.967;0.000;0.000;14.700;1.000;10.8;0.0;0;33;3.000;2.949;12.2;60;0;0;-8.8;0;0;0;0;0;99;0;0;1882;68.31;0;0;0;0;0;0;0;0;0;0;0;0;0;0;0;0;33;0;38.0;38.0;2;0;0.00;0.00;0.00;0.0;0.0
69.001;139;1661;38;63118;9.0;19.200;1.306;29;66;9;0;100;101;100;110;100;111;100;50;50;0;1.967;1.967;0.000;0.000;14.700;1.000;10.9;0.0;0;33;3.000;2.984;12.2;80;0;0;-8.8;0;0;0;0;0;99;0;0;1882;67.98;0;0;0;0;0;0;0;0;0;0;0;0;0;0;0;0;33;0;38.0;38.0;2;0;0.00;0.00;0.00;0.0;0.0
69.069;139;1668;38;63384;9.0;19.300;1.313;29;66;9;0;100;101;100;110;100;111;100;50;50;0;1.967;1.967;0.000;0.000;14.700;1.000;10.9;0.0;0;33;3.000;2.950;12.2;80;0;0;-8.8;0;0;0;0;0;99;0;0;1882;67.70;0;0;0;0;0;0;0;0;0;0;0;0;0;0;0;0;33;0;38.0;38.0;2;0;0.00;0.00;0.00;0.0;0.0
69.136;139;1669;38;63422;9.0;19.600;1.333;29;66;9;0;100;101;100;110;100;111;100;50;50;0;1.967;1.967;0.000;0.000;14.700;1.000;10.9;0.0;0;33;3.000;2.993;12.2;80;0;0;-8.8;0;0;0;0;0;99;0;0;1882;67.66;0;0;0;0;0;0;0;0;0;0;0;0;0;0;0;0;33;0;38.0;38.0;2;0;0.00;0.00;0.00;0.0;0.0
69.201;139;1681;37;62197;9.0;19.700;1.340;29;66;9;0;100;101;100;110;100;111;100;49;49;0;1.918;1.918;0.000;0.000;14.700;1.000;10.7;0.0;0;34;3.000;2.920;12.4;120;0;0;-9.0;0;0;0;0;0;99;0;0;1882;67.17;0;0;0;0;0;0;0;0;0;0;0;0;0;0;0;0;34;0;37.0;37.0;2;0;0.00;0.00;0.00;0.0;0.0
69.267;139;1694;37;62678;9.0;19.500;1.327;29;66;9;0;100;101;100;110;100;111;100;49;49;0;1.918;1.918;0.000;0.000;14.700;1.000;10.8;0.0;0;34;3.000;2.954;12.4;120;0;0;-9.0;0;0;0;0;0;99;0;0;1882;66.66;0;0;0;0;0;0;0;0;0;0;0;0;0;0;0;0;34;0;37.0;37.0;2;0;0.00;0.00;0.00;0.0;0.0
69.332;139;1709;38;64942;9.0;19.600;1.333;29;66;9;0;100;101;100;110;100;111;100;50;50;0;1.943;1.943;0.000;0.000;14.700;1.000;11.1;0.0;0;34;3.000;2.987;12.4;130;0;0;-8.8;0;0;0;0;0;99;0;0;1882;66.07;0;0;0;0;0;0;0;0;0;0;0;0;0;0;0;0;34;0;38.0;38.0;2;0;0.00;0.00;0.00;0.0;0.0
69.397;139;1720;37;63640;9.0;19.000;1.293;29;66;9;0;100;101;100;110;100;111;100;50;50;0;1.925;1.925;0.000;0.000;14.700;1.000;11.0;0.0;0;34;3.000;2.959;12.4;130;0;0;-9.0;0;0;0;0;0;99;0;0;1882;65.65;0;0;0;0;0;0;0;0;0;0;0;0;0;0;0;0;34;0;37.0;37.0;2;0;0.00;0.00;0.00;0.0;0.0
69.468;139;1733;37;64121;9.0;17.100;1.163;29;66;9;0;100;101;100;110;100;111;100;49;49;0;1.882;1.882;0.000;0.000;14.700;1.000;10.9;0.0;0;34;3.000;2.985;12.7;260;0;0;-9.0;0;0;0;0;0;99;0;0;1882;65.16;0;0;0;0;0;0;0;0;0;0;0;0;0;0;0;0;34;0;37.0;37.0;2;0;0.00;0.00;0.00;0.0;0.0
69.537;139;1744;37;64528;9.0;16.300;1.109;29;66;9;0;100;101;100;110;100;111;100;50;50;0;1.889;1.889;0.000;0.000;14.700;1.000;11.0;0.0;0;34;3.000;2.910;12.7;130;0;0;-9.0;0;0;0;0;0;99;0;0;1882;64.75;0;0;0;0;0;0;0;0;0;0;0;0;0;0;0;0;34;0;37.0;37.0;2;0;0.00;0.00;0.00;0.0;0.0
69.603;139;1747;37;64639;9.0;18.000;1.224;29;66;9;0;100;101;100;110;100;111;100;49;49;0;1.882;1.882;0.000;0.000;14.700;1.000;11.0;0.0;0;35;3.000;2.914;12.7;140;0;0;-9.0;0;0;0;0;0;99;0;0;1882;64.64;0;0;0;0;0;0;0;0;0;0;0;0;0;0;0;0;35;0;37.0;37.0;2;0;0.00;0.00;0.00;0.0;0.0
69.668;139;1739;37;64343;9.0;18.500;1.259;29;66;9;0;100;101;100;110;100;111;100;50;50;0;1.865;1.865;0.000;0.000;14.700;1.000;10.8;0.0;0;35;3.000;2.715;12.9;140;0;0;-9.0;0;0;0;0;0;99;0;0;1882;64.93;0;0;0;0;0;0;0;0;0;0;0;0;0;0;0;0;35;0;37.0;37.0;2;0;0.00;0.00;0.00;0.0;0.0
69.738;139;1713;37;63381;9.0;18.600;1.265;29;66;9;0;100;101;100;110;100;111;100;49;49;0;1.858;1.858;0.000;0.000;14.700;1.000;10.6;0.0;0;34;3.000;2.616;12.9;-80;0;0;-9.0;0;0;0;0;0;99;0;0;1882;65.92;0;0;0;0;0;0;0;0;0;0;0;0;0;0;0;0;34;0;37.0;37.0;2;0;0.00;0.00;0.00;0.0;0.0
69.803;139;1689;37;62493;9.0;19.200;1.306;29;66;9;0;100;101;100;110;100;111;100;49;49;0;1.858;1.858;0.000;0.000;14.700;1.000;10.5;0.0;0;34;3.000;2.603;12.9;-80;0;0;-9.0;0;0;0;0;0;99;0;0;1882;66.86;0;0;0;0;0;0;0;0;0;0;0;0;0;0;0;0;34;0;37.0;37.0;2;0;0.00;0.00;0.00;0.0;0.0
69.868;139;1666;38;63308;9.0;19.300;1.313;29;66;9;0;100;101;100;110;100;111;100;50;50;0;1.883;1.883;0.000;0.000;14.700;1.000;10.5;0.0;0;33;3.000;2.692;12.9;-500;0;0;-8.8;0;0;0;0;0;99;0;0;1882;67.78;0;0;0;0;0;0;0;0;0;0;0;0;0;0;0;0;33;0;38.0;38.0;2;0;0.00;0.00;0.00;0.0;0.0
69.934;140;1666;38;63308;9.0;19.700;1.340;29;66;9;0;100;101;100;110;100;111;100;50;50;0;1.883;1.883;0.000;0.000;14.700;1.000;10.5;0.0;0;33;3.000;2.757;12.9;-230;0;0;-8.8;0;0;0;0;0;99;0;0;1878;67.64;0;0;0;0;0;0;0;0;0;0;0;0;0;0;0;0;33;0;38.0;38.0;2;0;0.00;0.00;0.00;0.0;0.0
69.999;140;1651;38;62738;9.0;19.700;1.340;29;66;9;0;100;101;100;110;100;111;100;50;50;0;1.883;1.883;0.000;0.000;14.700;1.000;10.4;0.0;0;34;3.000;2.802;12.9;-230;0;0;-8.8;0;0;0;0;0;99;0;0;1878;68.25;0;0;0;0;0;0;0;0;0;0;0;0;0;0;0;0;34;0;38.0;38.0;2;0;0.00;0.00;0.00;0.0;0.0
70.069;140;1647;38;62586;9.0;19.700;1.340;29;66;9;0;100;101;100;110;100;111;100;50;50;0;1.883;1.883;0.000;0.000;14.700;1.000;10.3;0.0;0;34;3.000;2.596;12.9;-190;0;0;-8.8;0;0;0;0;0;99;0;0;1878;68.42;0;0;0;0;0;0;0;0;0;0;0;0;0;0;0;0;34;0;38.0;38.0;2;0;0.00;0.00;0.00;0.0;0.0
70.135;140;1616;38;61408;9.0;19.700;1.340;29;66;9;0;100;101;100;110;100;111;100;50;50;0;1.883;1.883;0.000;0.000;14.700;1.000;10.1;0.0;0;34;3.000;2.827;12.9;-310;0;0;-8.8;0;0;0;0;0;99;0;0;1878;69.73;0;0;0;0;0;0;0;0;0;0;0;0;0;0;0;0;34;0;38.0;38.0;2;0;0.00;0.00;0.00;0.0;0.0
70.135;140;1593;39;62127;9.0;19.700;1.340;29;66;9;0;100;101;100;110;100;111;100;50;50;0;1.880;1.880;0.000;0.000;14.700;1.000;10.0;0.0;0;32;3.000;2.812;13.0;-310;0;0;-8.7;0;0;0;0;0;99;0;0;1878;70.73;0;0;0;0;0;0;0;0;0;0;0;0;0;0;0;0;32;0;39.0;39.0;2;0;0.00;0.00;0.00;0.0;0.0
70.270;140;1580;40;63200;9.0;19.700;1.340;29;66;9;0;100;101;100;110;100;111;100;50;50;0;1.890;1.890;0.000;0.000;14.700;1.000;10.0;0.0;0;32;3.000;2.902;13.0;-230;0;0;-8.6;0;0;0;0;0;99;0;0;1878;71.32;0;0;0;0;0;0;0;0;0;0;0;0;0;0;0;0;32;0;40.0;40.0;2;0;0.00;0.00;0.00;0.0;0.0
70.335;140;1565;40;62600;9.0;19.700;1.340;29;66;9;0;100;101;100;110;100;111;100;50;50;0;1.890;1.890;0.000;0.000;14.700;1.000;9.9;0.0;0;32;3.000;2.738;13.0;-280;0;0;-8.6;0;0;0;0;0;99;0;0;1878;72.00;0;0;0;0;0;0;0;0;0;0;0;0;0;0;0;0;32;0;40.0;40.0;2;0;0.00;0.00;0.00;0.0;0.0
70.401;140;1549;40;61960;9.0;19.700;1.340;29;66;9;0;100;101;100;110;100;111;100;50;50;0;1.890;1.890;0.000;0.000;14.700;1.000;9.8;0.0;0;32;3.000;2.744;13.0;-280;0;0;-8.6;0;0;0;0;0;99;0;0;1878;72.74;0;0;0;0;0;0;0;0;0;0;0;0;0;0;0;0;32;0;40.0;40.0;2;0;0.00;0.00;0.00;0.0;0.0
70.470;140;1544;40;61760;9.0;19.700;1.340;29;66;9;0;100;101;100;110;100;111;100;50;50;0;1.890;1.890;0.000;0.000;14.700;1.000;9.7;0.0;0;32;3.000;2.744;13.0;-160;0;0;-8.6;0;0;0;0;0;99;0;0;1878;72.98;0;0;0;0;0;0;0;0;0;0;0;0;0;0;0;0;32;0;40.0;40.0;2;0;0.00;0.00;0.00;0.0;0.0
70.536;140;1544;40;61760;9.0;19.700;1.340;29;66;9;0;100;101;100;110;100;111;100;50;50;0;1.890;1.890;0.000;0.000;14.700;1.000;9.7;0.0;0;32;3.000;2.618;13.0;-50;0;0;-8.6;0;0;0;0;0;99;0;0;1878;72.98;0;0;0;0;0;0;0;0;0;0;0;0;0;0;0;0;32;0;40.0;40.0;2;0;0.00;0.00;0.00;0.0;0.0
70.602;140;1514;41;62074;9.0;19.700;1.340;29;66;9;0;100;101;100;110;100;111;100;51;51;0;1.907;1.907;0.000;0.000;14.700;1.000;9.6;0.0;0;32;3.000;2.822;13.0;-50;0;0;-8.4;0;0;0;0;0;99;0;0;1878;74.43;0;0;0;0;0;0;0;0;0;0;0;0;0;0;0;0;32;0;41.0;41.0;2;0;0.00;0.00;0.00;0.0;0.0
70.666;140;1466;41;60106;9.0;19.700;1.340;29;66;9;0;100;101;100;110;100;111;100;51;51;0;1.907;1.907;0.000;0.000;14.700;1.000;9.3;0.0;0;31;3.000;2.751;13.0;-300;0;0;-8.4;0;0;0;0;0;99;0;0;1878;76.86;0;0;0;0;0;0;0;0;0;0;0;0;0;0;0;0;31;0;41.0;41.0;2;0;0.00;0.00;0.00;0.0;0.0
70.734;140;1463;42;61446;9.0;19.700;1.340;29;66;9;0;100;101;100;110;100;111;100;51;51;0;1.926;1.926;0.000;0.000;14.700;1.000;9.4;0.0;0;31;3.000;2.873;13.0;-500;0;0;-8.3;0;0;0;0;0;99;0;0;1878;77.02;0;0;0;0;0;0;0;0;0;0;0;0;0;0;0;0;31;0;42.0;42.0;2;0;0.00;0.00;0.00;0.0;0.0
70.802;140;1474;42;61908;9.0;19.700;1.340;29;66;9;0;100;101;100;110;100;111;100;51;51;0;1.926;1.926;0.000;0.000;14.700;1.000;9.5;0.0;0;31;3.000;3.036;13.0;-500;0;0;-8.3;0;0;0;0;0;99;0;0;1878;76.45;0;0;0;0;0;0;0;0;0;0;0;0;0;0;0;0;31;0;42.0;42.0;2;0;0.00;0.00;0.00;0.0;0.0
70.867;140;1446;42;60732;9.0;19.700;1.340;29;66;9;0;100;101;100;110;100;111;100;51;51;0;1.926;1.926;0.000;0.000;14.700;1.000;9.3;0.0;0;31;3.000;2.716;13.0;30;0;0;-8.3;0;0;0;0;0;99;0;0;1878;77.93;0;0;0;0;0;0;0;0;0;0;0;0;0;0;0;0;31;0;42.0;42.0;2;0;0.00;0.00;0.00;0.0;0.0
70.933;141;1465;42;61530;9.0;19.700;1.340;29;66;9;0;100;101;100;110;100;111;100;51;51;0;1.926;1.926;0.000;0.000;14.700;1.000;9.4;0.0;0;31;3.000;2.982;13.0;-20;0;0;-8.3;0;0;0;0;0;99;0;0;1879;76.96;0;0;0;0;0;0;0;0;0;0;0;0;0;0;0;0;31;0;42.0;42.0;2;0;0.00;0.00;0.00;0.0;0.0
70.998;141;1468;42;61656;9.0;19.700;1.340;29;66;9;0;100;101;100;110;100;111;100;51;51;0;1.926;1.926;0.000;0.000;14.700;1.000;9.4;0.0;0;31;3.000;2.831;13.0;-20;0;0;-8.3;0;0;0;0;0;99;0;0;1879;76.80;0;0;0;0;0;0;0;0;0;0;0;0;0;0;0;0;31;0;42.0;42.0;2;0;0.00;0.00;0.00;0.0;0.0
71.068;141;1449;42;60858;9.0;19.700;1.340;29;66;9;0;100;101;100;110;100;111;100;51;51;0;1.926;1.926;0.000;0.000;14.700;1.000;9.3;0.0;0;31;3.000;2.785;13.0;-120;0;0;-8.3;0;0;0;0;0;99;0;0;1879;77.81;0;0;0;0;0;0;0;0;0;0;0;0;0;0;0;0;31;0;42.0;42.0;2;0;0.00;0.00;0.00;0.0;0.0
71.134;141;1456;42;61152;9.0;19.700;1.340;29;66;9;0;100;101;100;110;100;111;100;51;51;0;1.926;1.926;0.000;0.000;14.700;1.000;9.3;0.0;0;31;3.000;2.931;13.0;30;0;0;-8.3;0;0;0;0;0;99;0;0;1879;77.43;0;0;0;0;0;0;0;0;0;0;0;0;0;0;0;0;31;0;42.0;42.0;2;0;0.00;0.00;0.00;0.0;0.0
71.200;141;1438;42;60396;9.0;19.700;1.340;29;66;9;0;100;101;100;110;100;111;100;51;51;0;1.974;1.974;0.000;0.000;14.700;1.000;9.5;0.0;0;31;3.000;2.841;12.6;30;0;0;-8.3;0;0;0;0;0;99;0;0;1879;78.40;0;0;0;0;0;0;0;0;0;0;0;0;0;0;0;0;31;0;42.0;42.0;2;0;0.00;0.00;0.00;0.0;0.0
71.200;141;1436;42;60312;9.0;19.600;1.333;29;66;9;0;100;101;100;110;100;111;100;51;51;0;1.974;1.974;0.000;0.000;14.700;1.000;9.4;0.0;0;31;3.000;2.768;12.6;-10;0;0;-8.3;0;0;0;0;0;99;0;0;1879;78.51;0;0;0;0;0;0;0;0;0;0;0;0;0;0;0;0;31;0;42.0;42.0;2;0;0.00;0.00;0.00;0.0;0.0
71.330;141;1449;42;60858;9.0;19.700;1.340;29;66;9;0;100;101;100;110;100;111;100;51;51;0;1.974;1.974;0.000;0.000;14.700;1.000;9.5;0.0;0;31;3.000;2.938;12.6;-60;0;0;-8.3;0;0;0;0;0;99;0;0;1879;77.81;0;0;0;0;0;0;0;0;0;0;0;0;0;0;0;0;31;0;42.0;42.0;2;0;0.00;0.00;0.00;0.0;0.0
71.400;141;1462;42;61404;9.0;19.700;1.340;29;66;9;0;100;101;100;110;100;111;100;51;51;0;1.974;1.974;0.000;0.000;14.700;1.000;9.6;0.0;0;31;3.000;2.856;12.6;-60;0;0;-8.3;0;0;0;0;0;99;0;0;1879;77.11;0;0;0;0;0;0;0;0;0;0;0;0;0;0;0;0;31;0;42.0;42.0;2;0;0.00;0.00;0.00;0.0;0.0
71.465;141;1453;42;61026;9.0;19.700;1.340;29;66;9;0;100;101;100;110;100;111;100;51;51;0;1.950;1.950;0.000;0.000;14.700;1.000;9.4;0.0;0;31;3.000;2.996;12.8;-60;0;0;-8.3;0;0;0;0;0;99;0;0;1879;77.59;0;0;0;0;0;0;0;0;0;0;0;0;0;0;0;0;31;0;42.0;42.0;2;0;0.00;0.00;0.00;0.0;0.0
71.531;141;1448;42;60816;9.0;19.700;1.340;29;66;9;0;100;101;100;110;100;111;100;51;51;0;1.950;1.950;0.000;0.000;14.700;1.000;9.4;0.0;0;31;3.000;2.989;12.8;-60;0;0;-8.3;0;0;0;0;0;99;0;0;1879;77.86;0;0;0;0;0;0;0;0;0;0;0;0;0;0;0;0;31;0;42.0;42.0;2;0;0.00;0.00;0.00;0.0;0.0
71.531;141;1453;42;61026;9.0;19.700;1.340;29;66;9;0;100;101;100;110;100;111;100;51;51;0;1.950;1.950;0.000;0.000;14.700;1.000;9.4;0.0;0;31;3.000;2.742;12.8;50;0;0;-8.3;0;0;0;0;0;99;0;0;1879;77.59;0;0;0;0;0;0;0;0;0;0;0;0;0;0;0;0;31;0;42.0;42.0;2;0;0.00;0.00;0.00;0.0;0.0
71.667;141;1481;42;62202;9.0;19.700;1.340;29;66;9;0;100;101;100;110;100;111;100;51;51;0;1.950;1.950;0.000;0.000;14.700;1.000;9.6;0.0;0;31;3.000;2.950;12.8;250;0;0;-8.3;0;0;0;0;0;99;0;0;1879;76.12;0;0;0;0;0;0;0;0;0;0;0;0;0;0;0;0;31;0;42.0;42.0;2;0;0.00;0.00;0.00;0.0;0.0
71.731;141;1463;42;61446;9.0;19.700;1.340;29;66;9;0;100;101;100;110;100;111;100;51;51;0;1.938;1.938;0.000;0.000;14.700;1.000;9.5;0.0;0;31;3.000;2.781;12.9;250;0;0;-8.3;0;0;0;0;0;99;0;0;1879;77.06;0;0;0;0;0;0;0;0;0;0;0;0;0;0;0;0;31;0;42.0;42.0;2;0;0.00;0.00;0.00;0.0;0.0
71.797;141;1484;42;62328;9.0;19.700;1.340;29;66;9;0;100;101;100;110;100;111;100;51;51;0;1.938;1.938;0.000;0.000;14.700;1.000;9.6;0.0;0;31;3.000;3.111;12.9;-40;0;0;-8.3;0;0;0;0;0;99;0;0;1879;75.97;0;0;0;0;0;0;0;0;0;0;0;0;0;0;0;0;31;0;42.0;42.0;2;0;0.00;0.00;0.00;0.0;0.0
71.863;141;1489;42;62538;9.0;19.700;1.340;29;66;9;0;100;101;100;110;100;111;100;51;51;0;1.938;1.938;0.000;0.000;14.700;1.000;9.6;0.0;0;31;3.000;3.012;12.9;50;0;0;-8.3;0;0;0;0;0;99;0;0;1879;75.72;0;0;0;0;0;0;0;0;0;0;0;0;0;0;0;0;31;0;42.0;42.0;2;0;0.00;0.00;0.00;0.0;0.0
71.932;141;1482;42;62244;9.0;19.700;1.340;29;66;9;0;100;101;100;110;100;111;100;51;51;0;1.938;1.938;0.000;0.000;14.700;1.000;9.6;0.0;0;31;3.000;2.782;12.9;50;0;0;-8.3;0;0;0;0;0;99;0;0;1879;76.07;0;0;0;0;0;0;0;0;0;0;0;0;0;0;0;0;31;0;42.0;42.0;2;0;0.00;0.00;0.00;0.0;0.0
71.932;142;1488;41;61008;9.0;19.700;1.340;29;66;9;0;100;101;100;110;100;111;100;51;51;0;1.919;1.919;0.000;0.000;14.700;1.000;9.5;0.0;0;31;3.000;2.918;12.9;170;0;0;-8.4;0;0;0;0;0;99;0;0;1852;74.68;0;0;0;0;0;0;0;0;0;0;0;0;0;0;0;0;31;0;41.0;41.0;2;0;0.00;0.00;0.00;0.0;0.0
71.998;142;1493;41;61213;9.0;19.700;1.340;29;66;9;0;100;101;100;110;100;111;100;51;51;0;1.919;1.919;0.000;0.000;14.700;1.000;9.6;0.0;0;31;3.000;2.923;12.9;-40;0;0;-8.4;0;0;0;0;0;99;0;0;1852;74.43;0;0;0;0;0;0;0;0;0;0;0;0;0;0;0;0;31;0;41.0;41.0;2;0;0.00;0.00;0.00;0.0;0.0
72.133;142;1479;42;62118;9.0;19.700;1.340;29;66;9;0;100;101;100;110;100;111;100;51;51;0;1.938;1.938;0.000;0.000;14.700;1.000;9.6;0.0;0;31;3.000;2.911;12.9;-40;0;0;-8.3;0;0;0;0;0;99;0;0;1852;75.13;0;0;0;0;0;0;0;0;0;0;0;0;0;0;0;0;31;0;42.0;42.0;2;0;0.00;0.00;0.00;0.0;0.0
72.198;142;1484;42;62328;9.0;19.700;1.340;29;66;9;0;100;101;100;110;100;111;100;51;51;0;1.938;1.938;0.000;0.000;14.700;1.000;9.6;0.0;0;31;3.000;3.055;12.9;-70;0;0;-8.3;0;0;0;0;0;99;0;0;1852;74.88;0;0;0;0;0;0;0;0;0;0;0;0;0;0;0;0;31;0;42.0;42.0;2;0;0.00;0.00;0.00;0.0;0.0
72.264;142;1484;42;62328;9.0;19.700;1.340;29;66;9;0;100;101;100;110;100;111;100;51;51;0;1.938;1.938;0.000;0.000;14.700;1.000;9.6;0.0;0;31;3.000;2.757;12.9;-130;0;0;-8.3;0;0;0;0;0;99;0;0;1852;74.88;0;0;0;0;0;0;0;0;0;0;0;0;0;0;0;0;31;0;42.0;42.0;2;0;0.00;0.00;0.00;0.0;0.0
72.330;142;1495;42;62790;9.0;19.700;1.340;29;66;9;0;100;101;100;110;100;111;100;51;51;0;1.938;1.938;0.000;0.000;14.700;1.000;9.7;0.0;0;31;3.000;2.894;12.9;-130;0;0;-8.3;0;0;0;0;0;99;0;0;1852;74.33;0;0;0;0;0;0;0;0;0;0;0;0;0;0;0;0;31;0;42.0;42.0;2;0;0.00;0.00;0.00;0.0;0.0
72.399;142;1497;41;61377;9.0;19.700;1.340;29;66;9;0;100;101;100;110;100;111;100;51;51;0;1.919;1.919;0.000;0.000;14.700;1.000;9.6;0.0;0;31;3.000;2.761;12.9;460;0;0;-8.4;0;0;0;0;0;99;0;0;1852;74.23;0;0;0;0;0;0;0;0;0;0;0;0;0;0;0;0;31;0;41.0;41.0;2;0;0.00;0.00;0.00;0.0;0.0
72.465;142;1520;41;62320;9.0;19.700;1.340;29;66;9;0;100;101;100;110;100;111;100;51;51;0;1.907;1.907;0.000;0.000;14.700;1.000;9.7;0.0;0;32;3.000;2.881;13.0;70;0;0;-8.4;0;0;0;0;0;99;0;0;1852;73.11;0;0;0;0;0;0;0;0;0;0;0;0;0;0;0;0;32;0;41.0;41.0;2;0;0.00;0.00;0.00;0.0;0.0
72.535;142;1519;41;62279;9.0;19.700;1.340;29;66;9;0;100;101;100;110;100;111;100;51;51;0;1.907;1.907;0.000;0.000;14.700;1.000;9.7;0.0;0;32;3.000;2.960;13.0;70;0;0;-8.4;0;0;0;0;0;99;0;0;1852;73.15;0;0;0;0;0;0;0;0;0;0;0;0;0;0;0;0;32;0;41.0;41.0;2;0;0.00;0.00;0.00;0.0;0.0
72.601;142;1515;41;62115;9.0;19.700;1.340;29;66;9;0;100;101;100;110;100;111;100;51;51;0;1.907;1.907;0.000;0.000;14.700;1.000;9.6;0.0;0;32;3.000;2.811;13.0;-10;0;0;-8.4;0;0;0;0;0;99;0;0;1852;73.35;0;0;0;0;0;0;0;0;0;0;0;0;0;0;0;0;32;0;41.0;41.0;2;0;0.00;0.00;0.00;0.0;0.0
72.673;142;1505;41;61705;9.0;19.700;1.340;29;66;9;0;100;101;100;110;100;111;100;51;51;0;1.907;1.907;0.000;0.000;14.700;1.000;9.6;0.0;0;32;3.000;2.887;13.0;-40;0;0;-8.4;0;0;0;0;0;99;0;0;1852;73.83;0;0;0;0;0;0;0;0;0;0;0;0;0;0;0;0;32;0;41.0;41.0;2;0;0.00;0.00;0.00;0.0;0.0
72.742;142;1520;41;62320;9.0;19.700;1.340;29;66;9;0;100;101;100;110;100;111;100;51;51;0;1.907;1.907;0.000;0.000;14.700;1.000;9.7;0.0;0;32;3.000;2.971;13.0;-40;0;0;-8.4;0;0;0;0;0;99;0;0;1852;73.11;0;0;0;0;0;0;0;0;0;0;0;0;0;0;0;0;32;0;41.0;41.0;2;0;0.00;0.00;0.00;0.0;0.0
72.742;142;1520;41;62320;9.0;19.700;1.340;29;66;9;0;100;101;100;110;100;111;100;51;51;0;1.907;1.907;0.000;0.000;14.700;1.000;9.7;0.0;0;32;3.000;2.794;13.0;50;0;0;-8.4;0;0;0;0;0;99;0;0;1852;73.11;0;0;0;0;0;0;0;0;0;0;0;0;0;0;0;0;32;0;41.0;41.0;2;0;0.00;0.00;0.00;0.0;0.0
72.872;142;1519;41;62279;9.0;19.700;1.340;29;66;9;0;100;101;100;110;100;111;100;51;51;0;1.907;1.907;0.000;0.000;14.700;1.000;9.7;0.0;0;32;3.000;2.948;13.0;-10;0;0;-8.4;0;0;0;0;0;99;0;0;1852;73.15;0;0;0;0;0;0;0;0;0;0;0;0;0;0;0;0;32;0;41.0;41.0;2;0;0.00;0.00;0.00;0.0;0.0
72.872;142;1526;40;61040;9.0;19.700;1.340;29;66;9;0;100;101;100;110;100;111;100;50;50;0;1.890;1.890;0.000;0.000;14.700;1.000;9.6;0.0;0;32;3.000;2.977;13.0;-10;0;0;-8.6;0;0;0;0;0;99;0;0;1852;72.82;0;0;0;0;0;0;0;0;0;0;0;0;0;0;0;0;32;0;40.0;40.0;2;0;0.00;0.00;0.00;0.0;0.0
73.006;143;1539;41;63099;9.0;19.700;1.340;29;66;9;0;100;101;100;110;100;111;100;51;51;0;1.907;1.907;0.000;0.000;14.700;1.000;9.8;0.0;0;32;3.000;2.900;13.0;70;0;0;-8.4;0;0;0;0;0;99;0;0;1833;71.46;0;0;0;0;0;0;0;0;0;0;0;0;0;0;0;0;32;0;41.0;41.0;2;0;0.00;0.00;0.00;0.0;0.0
73.074;143;1540;41;63140;9.0;19.700;1.340;29;66;9;0;100;101;100;110;100;111;100;51;51;0;1.907;1.907;0.000;0.000;14.700;1.000;9.8;0.0;0;32;3.000;3.028;13.0;140;0;0;-8.4;0;0;0;0;0;99;0;0;1833;71.42;0;0;0;0;0;0;0;0;0;0;0;0;0;0;0;0;32;0;41.0;41.0;2;0;0.00;0.00;0.00;0.0;0.0
73.074;143;1542;40;61680;9.0;19.700;1.340;29;66;9;0;100;101;100;110;100;111;100;50;50;0;1.890;1.890;0.000;0.000;14.700;1.000;9.7;0.0;0;32;3.000;2.971;13.0;140;0;0;-8.6;0;0;0;0;0;99;0;0;1833;71.32;0;0;0;0;0;0;0;0;0;0;0;0;0;0;0;0;32;0;40.0;40.0;2;0;0.00;0.00;0.00;0.0;0.0
73.207;143;1542;40;61680;9.0;19.700;1.340;29;66;9;0;100;101;100;110;100;111;100;50;50;0;1.890;1.890;0.000;0.000;14.700;1.000;9.7;0.0;0;32;3.000;2.926;13.0;20;0;0;-8.6;0;0;0;0;0;99;0;0;1833;71.32;0;0;0;0;0;0;0;0;0;0;0;0;0;0;0;0;32;0;40.0;40.0;2;0;0.00;0.00;0.00;0.0;0.0
73.272;143;1545;40;61800;9.0;19.700;1.340;29;66;9;0;100;101;100;110;100;111;100;50;50;0;1.890;1.890;0.000;0.000;14.700;1.000;9.7;0.0;0;32;3.000;2.845;13.0;30;0;0;-8.6;0;0;0;0;0;99;0;0;1833;71.18;0;0;0;0;0;0;0;0;0;0;0;0;0;0;0;0;32;0;40.0;40.0;2;0;0.00;0.00;0.00;0.0;0.0
73.338;143;1546;40;61840;9.0;19.700;1.340;29;66;9;0;100;101;100;110;100;111;100;50;50;0;1.890;1.890;0.000;0.000;14.700;1.000;9.7;0.0;0;32;3.000;2.879;13.0;30;0;0;-8.6;0;0;0;0;0;99;0;0;1833;71.14;0;0;0;0;0;0;0;0;0;0;0;0;0;0;0;0;32;0;40.0;40.0;2;0;0.00;0.00;0.00;0.0;0.0
73.404;143;1541;40;61640;9.0;19.700;1.340;29;66;9;0;100;101;100;110;100;111;100;50;50;0;1.890;1.890;0.000;0.000;14.700;1.000;9.7;0.0;0;32;3.000;3.056;13.0;-40;0;0;-8.6;0;0;0;0;0;99;0;0;1833;71.37;0;0;0;0;0;0;0;0;0;0;0;0;0;0;0;0;32;0;40.0;40.0;2;0;0.00;0.00;0.00;0.0;0.0
73.469;143;1546;40;61840;9.0;19.700;1.340;29;66;9;0;100;101;100;110;100;111;100;50;50;0;1.890;1.890;0.000;0.000;14.700;1.000;9.7;0.0;0;32;3.000;2.900;13.0;50;0;0;-8.6;0;0;0;0;0;99;0;0;1833;71.14;0;0;0;0;0;0;0;0;0;0;0;0;0;0;0;0;32;0;40.0;40.0;2;0;0.00;0.00;0.00;0.0;0.0
73.534;143;1555;40;62200;9.0;19.700;1.340;29;66;9;0;100;101;100;110;100;111;100;50;50;0;1.890;1.890;0.000;0.000;14.700;1.000;9.8;0.0;0;32;3.000;3.104;13.0;50;0;0;-8.6;0;0;0;0;0;99;0;0;1833;70.73;0;0;0;0;0;0;0;0;0;0;0;0;0;0;0;0;32;0;40.0;40.0;2;0;0.00;0.00;0.00;0.0;0.0
73.599;143;1571;40;62840;9.0;19.700;1.340;29;66;9;0;100;101;100;110;100;111;100;50;50;0;1.890;1.890;0.000;0.000;14.700;1.000;9.9;0.0;0;32;3.000;2.996;13.0;90;0;0;-8.6;0;0;0;0;0;99;0;0;1833;70.01;0;0;0;0;0;0;0;0;0;0;0;0;0;0;0;0;32;0;40.0;40.0;2;0;0.00;0.00;0.00;0.0;0.0
73.665;143;1571;40;62840;9.0;19.700;1.340;29;66;9;0;100;101;100;110;100;111;100;50;50;0;1.890;1.890;0.000;0.000;14.700;1.000;9.9;0.0;0;32;3.000;2.744;13.0;90;0;0;-8.6;0;0;0;0;0;99;0;0;1833;70.01;0;0;0;0;0;0;0;0;0;0;0;0;0;0;0;0;32;0;40.0;40.0;2;0;0.00;0.00;0.00;0.0;0.0
73.735;143;1558;40;62320;9.0;19.700;1.340;29;66;9;0;100;101;100;110;100;111;100;50;50;0;1.890;1.890;0.000;0.000;14.700;1.000;9.8;0.0;0;32;3.000;2.959;13.0;160;0;0;-8.6;0;0;0;0;0;99;0;0;1833;70.59;0;0;0;0;0;0;0;0;0;0;0;0;0;0;0;0;32;0;40.0;40.0;2;0;0.00;0.00;0.00;0.0;0.0
73.800;143;1568;40;62720;9.0;19.700;1.340;29;66;9;0;100;101;100;110;100;111;100;50;50;0;1.890;1.890;0.000;0.000;14.700;1.000;9.9;0.0;0;32;3.000;2.847;13.0;-30;0;0;-8.6;0;0;0;0;0;99;0;0;1833;70.14;0;0;0;0;0;0;0;0;0;0;0;0;0;0;0;0;32;0;40.0;40.0;2;0;0.00;0.00;0.00;0.0;0.0
73.866;143;1556;40;62240;9.0;19.700;1.340;29;66;9;0;100;101;100;110;100;111;100;50;50;0;1.890;1.890;0.000;0.000;14.700;1.000;9.8;0.0;0;32;3.000;2.852;13.0;-30;0;0;-8.6;0;0;0;0;0;99;0;0;1833;70.68;0;0;0;0;0;0;0;0;0;0;0;0;0;0;0;0;32;0;40.0;40.0;2;0;0.00;0.00;0.00;0.0;0.0
73.932;143;1553;40;62120;9.0;19.700;1.340;29;66;9;0;100;101;100;110;100;111;100;50;50;0;1.890;1.890;0.000;0.000;14.700;1.000;9.8;0.0;0;32;3.000;3.008;13.0;-120;0;0;-8.6;0;0;0;0;0;99;0;0;1833;70.82;0;0;0;0;0;0;0;0;0;0;0;0;0;0;0;0;32;0;40.0;40.0;2;0;0.00;0.00;0.00;0.0;0.0
74.000;144;1553;40;62120;9.0;19.600;1.333;29;66;9;0;100;101;100;110;100;111;100;50;50;0;1.902;1.902;0.000;0.000;14.700;1.000;9.8;0.0;0;32;3.000;2.811;12.9;-30;0;0;-8.6;0;0;0;0;0;99;0;0;1887;72.90;0;0;0;0;0;0;0;0;0;0;0;0;0;0;0;0;32;0;40.0;40.0;2;0;0.00;0.00;0.00;0.0;0.0
74.000;144;1533;41;62853;9.0;19.700;1.340;29;66;9;0;100;101;100;110;100;111;100;51;51;0;1.919;1.919;0.000;0.000;14.700;1.000;9.8;0.0;0;32;3.000;2.714;12.9;-30;0;0;-8.4;0;0;0;0;0;99;0;0;1887;73.86;0;0;0;0;0;0;0;0;0;0;0;0;0;0;0;0;32;0;41.0;41.0;2;0;0.00;0.00;0.00;0.0;0.0
74.131;144;1533;41;62853;9.0;19.700;1.340;29;66;9;0;100;101;100;110;100;111;100;51;51;0;1.919;1.919;0.000;0.000;14.700;1.000;9.8;0.0;0;32;3.000;2.802;12.9;-200;0;0;-8.4;0;0;0;0;0;99;0;0;1887;73.86;0;0;0;0;0;0;0;0;0;0;0;0;0;0;0;0;32;0;41.0;41.0;2;0;0.00;0.00;0.00;0.0;0.0
74.201;144;1529;41;62689;9.0;19.700;1.340;29;66;9;0;100;101;100;110;100;111;100;51;51;0;1.919;1.919;0.000;0.000;14.700;1.000;9.8;0.0;0;32;3.000;2.823;12.9;-40;0;0;-8.4;0;0;0;0;0;99;0;0;1887;74.05;0;0;0;0;0;0;0;0;0;0;0;0;0;0;0;0;32;0;41.0;41.0;2;0;0.00;0.00;0.00;0.0;0.0
74.267;144;1517;41;62197;9.0;19.700;1.340;29;66;9;0;100;101;100;110;100;111;100;51;51;0;1.919;1.919;0.000;0.000;14.700;1.000;9.7;0.0;0;32;3.000;2.825;12.9;-40;0;0;-8.4;0;0;0;0;0;99;0;0;1887;74.63;0;0;0;0;0;0;0;0;0;0;0;0;0;0;0;0;32;0;41.0;41.0;2;0;0.00;0.00;0.00;0.0;0.0
74.332;144;1509;41;61869;9.0;19.700;1.340;29;66;9;0;100;101;100;110;100;111;100;51;51;0;1.919;1.919;0.000;0.000;14.700;1.000;9.7;0.0;0;32;3.000;2.878;12.9;-120;0;0;-8.4;0;0;0;0;0;99;0;0;1887;75.03;0;0;0;0;0;0;0;0;0;0;0;0;0;0;0;0;32;0;41.0;41.0;2;0;0.00;0.00;0.00;0.0;0.0
74.399;144;1508;41;61828;9.0;19.700;1.340;29;66;9;0;100;101;100;110;100;111;100;51;51;0;1.919;1.919;0.000;0.000;14.700;1.000;9.6;0.0;0;32;3.000;2.915;12.9;-90;0;0;-8.4;0;0;0;0;0;99;0;0;1887;75.08;0;0;0;0;0;0;0;0;0;0;0;0;0;0;0;0;32;0;41.0;41.0;2;0;0.00;0.00;0.00;0.0;0.0
74.467;144;1501;41;61541;9.0;19.700;1.340;29;66;9;0;100;101;100;110;100;111;100;51;51;0;1.919;1.919;0.000;0.000;14.700;1.000;9.6;0.0;0;32;3.000;2.801;12.9;-90;0;0;-8.4;0;0;0;0;0;99;0;0;1887;75.43;0;0;0;0;0;0;0;0;0;0;0;0;0;0;0;0;32;0;41.0;41.0;2;0;0.00;0.00;0.00;0.0;0.0
74.533;144;1501;41;61541;9.0;19.700;1.340;29;66;9;0;100;101;100;110;100;111;100;51;51;0;1.919;1.919;0.000;0.000;14.700;1.000;9.6;0.0;0;32;3.000;2.828;12.9;-70;0;0;-8.4;0;0;0;0;0;99;0;0;1887;75.43;0;0;0;0;0;0;0;0;0;0;0;0;0;0;0;0;32;0;41.0;41.0;2;0;0.00;0.00;0.00;0.0;0.0
74.598;144;1493;41;61213;9.0;19.700;1.340;29;66;9;0;100;101;100;110;100;111;100;51;51;0;1.919;1.919;0.000;0.000;14.700;1.000;9.6;0.0;0;31;3.000;2.863;12.9;-60;0;0;-8.4;0;0;0;0;0;99;0;0;1887;75.83;0;0;0;0;0;0;0;0;0;0;0;0;0;0;0;0;31;0;41.0;41.0;2;0;0.00;0.00;0.00;0.0;0.0
74.598;144;1498;41;61418;9.0;19.700;1.340;29;66;9;0;100;101;100;110;100;111;100;51;51;0;1.919;1.919;0.000;0.000;14.700;1.000;9.6;0.0;0;31;3.000;2.971;12.9;-60;0;0;-8.4;0;0;0;0;0;99;0;0;1887;75.58;0;0;0;0;0;0;0;0;0;0;0;0;0;0;0;0;31;0;41.0;41.0;2;0;0.00;0.00;0.00;0.0;0.0
74.734;144;1514;41;62074;9.0;19.700;1.340;29;66;9;0;100;101;100;110;100;111;100;51;51;0;1.919;1.919;0.000;0.000;14.700;1.000;9.7;0.0;0;32;3.000;3.022;12.9;30;0;0;-8.4;0;0;0;0;0;99;0;0;1887;74.78;0;0;0;0;0;0;0;0;0;0;0;0;0;0;0;0;32;0;41.0;41.0;2;0;0.00;0.00;0.00;0.0;0.0
74.799;144;1527;41;62607;9.0;19.700;1.340;29;66;9;0;100;101;100;110;100;111;100;51;51;0;1.919;1.919;0.000;0.000;14.700;1.000;9.8;0.0;0;32;3.000;2.945;12.9;290;0;0;-8.4;0;0;0;0;0;99;0;0;1887;74.15;0;0;0;0;0;0;0;0;0;0;0;0;0;0;0;0;32;0;41.0;41.0;2;0;0.00;0.00;0.00;0.0;0.0
74.865;144;1517;41;62197;9.0;19.700;1.340;29;66;9;0;100;101;100;110;100;111;100;51;51;0;1.919;1.919;0.000;0.000;14.700;1.000;9.7;0.0;0;32;3.000;2.727;12.9;290;0;0;-8.4;0;0;0;0;0;99;0;0;1887;74.63;0;0;0;0;0;0;0;0;0;0;0;0;0;0;0;0;32;0;41.0;41.0;2;0;0.00;0.00;0.00;0.0;0.0
74.934;144;1520;41;62320;9.0;19.700;1.340;29;66;9;0;100;101;100;110;100;111;100;51;51;0;1.919;1.919;0.000;0.000;14.700;1.000;9.7;0.0;0;32;3.000;2.974;12.9;-100;0;0;-8.4;0;0;0;0;0;99;0;0;1887;74.49;0;0;0;0;0;0;0;0;0;0;0;0;0;0;0;0;32;0;41.0;41.0;2;0;0.00;0.00;0.00;0.0;0.0
75.000;145;1597;39;62283;9.0;19.700;1.340;29;66;9;0;100;101;100;110;100;111;100;50;50;0;1.988;1.988;0.000;0.000;14.700;1.000;10.6;0.0;0;32;3.000;3.095;12.1;200;0;0;-8.7;0;0;0;0;0;99;0;0;1846;69.36;0;0;0;0;0;0;0;0;0;0;0;0;0;0;0;0;32;0;39.0;39.0;2;0;0.00;0.00;0.00;0.0;0.0
75.966;145;1597;40;63880;9.0;19.700;1.340;29;66;9;0;100;101;100;110;100;111;100;50;50;0;1.998;1.998;0.000;0.000;14.700;1.000;10.6;0.0;0;32;3.000;3.159;12.1;210;0;0;-8.6;0;0;0;0;0;99;0;0;1846;69.36;0;0;0;0;0;0;0;0;0;0;0;0;0;0;0;0;32;0;40.0;40.0;2;0;0.00;0.00;0.00;0.0;0.0
75.966;145;1627;38;61826;9.0;19.700;1.340;29;66;9;0;100;101;100;110;100;111;100;50;50;0;1.979;1.979;0.000;0.000;14.700;1.000;10.7;0.0;0;34;3.000;3.045;12.1;210;0;0;-8.8;0;0;0;0;0;99;0;0;1846;68.08;0;0;0;0;0;0;0;0;0;0;0;0;0;0;0;0;34;0;38.0;38.0;2;0;0.00;0.00;0.00;0.0;0.0
76.052;146;1655;38;62890;9.0;19.700;1.340;29;67;9;0;100;101;100;109;100;110;100;50;50;0;1.928;1.928;0.000;0.000;14.700;1.000;10.6;0.0;0;34;3.000;2.985;12.5;300;0;0;-8.8;0;0;0;0;0;99;0;0;1847;66.96;0;0;0;0;0;0;0;0;0;0;0;0;0;0;0;0;34;0;38.0;38.0;2;0;0.00;0.00;0.00;0.0;0.0
76.052;146;1674;38;63612;9.0;18.400;1.252;29;67;9;0;100;101;100;109;100;110;100;50;50;0;1.928;1.928;0.000;0.000;14.700;1.000;10.8;0.0;0;34;3.000;3.053;12.5;470;0;0;-8.8;0;0;0;0;0;99;0;0;1847;66.20;0;0;0;0;0;0;0;0;0;0;0;0;0;0;0;0;34;0;38.0;38.0;2;0;0.00;0.00;0.00;0.0;0.0
76.119;146;1700;37;62900;9.0;18.800;1.279;29;67;9;0;100;101;100;109;100;110;100;49;49;0;1.903;1.903;0.000;0.000;14.700;1.000;10.8;0.0;0;34;3.000;3.043;12.5;470;0;0;-9.0;0;0;0;0;0;99;0;0;1847;65.19;0;0;0;0;0;0;0;0;0;0;0;0;0;0;0;0;34;0;37.0;37.0;2;0;0.00;0.00;0.00;0.0;0.0
76.253;146;1718;37;63566;9.0;19.000;1.293;29;67;9;0;100;101;100;109;100;110;100;49;49;0;1.903;1.903;0.000;0.000;14.700;1.000;10.9;0.0;0;34;3.000;3.031;12.5;260;0;0;-9.0;0;0;0;0;0;99;0;0;1847;64.51;0;0;0;0;0;0;0;0;0;0;0;0;0;0;0;0;34;0;37.0;37.0;2;0;0.00;0.00;0.00;0.0;0.0
76.320;146;1728;37;63936;9.0;17.300;1.177;29;67;9;0;100;101;100;109;100;110;100;49;49;0;1.879;1.879;0.000;0.000;14.700;1.000;10.8;0.0;0;34;3.000;2.955;12.7;280;0;0;-9.0;0;0;0;0;0;99;0;0;1847;64.13;0;0;0;0;0;0;0;0;0;0;0;0;0;0;0;0;34;0;37.0;37.0;2;0;0.00;0.00;0.00;0.0;0.0
76.385;146;1746;37;64602;9.0;16.400;1.116;29;67;9;0;100;101;100;109;100;110;100;49;49;0;1.879;1.879;0.000;0.000;14.700;1.000;10.9;0.0;0;34;3.000;2.906;12.7;280;0;0;-9.0;0;0;0;0;0;99;0;0;1847;63.47;0;0;0;0;0;0;0;0;0;0;0;0;0;0;0;0;34;0;37.0;37.0;2;0;0.00;0.00;0.00;0.0;0.0
76.454;146;1752;37;64824;9.0;16.500;1.122;29;67;9;0;100;101;100;109;100;110;100;50;50;0;1.886;1.886;0.000;0.000;14.700;1.000;11.0;0.0;0;34;3.000;2.865;12.7;180;0;0;-9.0;0;0;0;0;0;99;0;0;1847;63.25;0;0;0;0;0;0;0;0;0;0;0;0;0;0;0;0;34;0;37.0;37.0;2;0;0.00;0.00;0.00;0.0;0.0
76.519;146;1752;37;64824;9.0;16.500;1.122;29;67;9;0;100;101;100;109;100;110;100;50;50;0;1.922;1.922;0.000;0.000;14.700;1.000;11.2;0.0;0;34;3.000;2.844;12.4;60;0;0;-9.0;0;0;0;0;0;99;0;0;1847;63.25;0;0;0;0;0;0;0;0;0;0;0;0;0;0;0;0;34;0;37.0;37.0;2;0;0.00;0.00;0.00;0.0;0.0
76.585;146;1737;37;64269;9.0;15.600;1.061;29;67;9;0;100;101;100;109;100;110;100;49;49;0;1.915;1.915;0.000;0.000;14.700;1.000;11.1;0.0;0;34;3.000;2.839;12.4;60;0;0;-9.0;0;0;0;0;0;99;0;0;1847;63.80;0;0;0;0;0;0;0;0;0;0;0;0;0;0;0;0;34;0;37.0;37.0;2;0;0.00;0.00;0.00;0.0;0.0
76.651;146;1735;37;64195;9.0;14.200;0.966;29;67;9;0;100;101;100;109;100;110;100;49;49;0;1.915;1.915;0.000;0.000;14.700;1.000;11.1;0.0;0;34;3.000;2.898;12.4;-150;0;0;-9.0;0;0;0;0;0;99;0;0;1847;63.87;0;0;0;0;0;0;0;0;0;0;0;0;0;0;0;0;34;0;37.0;37.0;2;0;0.00;0.00;0.00;0.0;0.0
76.720;146;1725;37;63825;9.0;14.100;0.959;29;67;9;0;100;101;100;109;100;110;100;50;50;0;1.922;1.922;0.000;0.000;14.700;1.000;11.1;0.0;0;34;3.000;2.791;12.4;-120;0;0;-9.0;0;0;0;0;0;99;0;0;1847;64.24;0;0;0;0;0;0;0;0;0;0;0;0;0;0;0;0;34;0;37.0;37.0;2;0;0.00;0.00;0.00;0.0;0.0
76.787;146;1722;37;63714;9.0;15.400;1.048;29;67;9;0;100;101;100;109;100;110;100;49;49;0;1.879;1.879;0.000;0.000;14.700;1.000;10.8;0.0;0;34;3.000;2.937;12.7;-120;0;0;-9.0;0;0;0;0;0;99;0;0;1847;64.36;0;0;0;0;0;0;0;0;0;0;0;0;0;0;0;0;34;0;37.0;37.0;2;0;0.00;0.00;0.00;0.0;0.0
76.858;146;1722;37;63714;9.0;17.900;1.218;29;67;9;0;100;101;100;109;100;110;100;49;49;0;1.879;1.879;0.000;0.000;14.700;1.000;10.8;0.0;0;34;3.000;2.884;12.7;-30;0;0;-9.0;0;0;0;0;0;99;0;0;1847;64.36;0;0;0;0;0;0;0;0;0;0;0;0;0;0;0;0;34;0;37.0;37.0;2;0;0.00;0.00;0.00;0.0;0.0
76.921;146;1715;37;63455;9.0;19.300;1.313;29;67;9;0;100;101;100;109;100;110;100;50;50;0;1.886;1.886;0.000;0.000;14.700;1.000;10.8;0.0;0;34;3.000;2.788;12.7;-70;0;0;-9.0;0;0;0;0;0;99;0;0;1847;64.62;0;0;0;0;0;0;0;0;0;0;0;0;0;0;0;0;34;0;37.0;37.0;2;0;0.00;0.00;0.00;0.0;0.0
76.986;146;1715;37;63455;9.0;19.700;1.340;29;67;9;0;100;101;100;109;100;110;100;50;50;0;1.886;1.886;0.000;0.000;14.700;1.000;10.8;0.0;0;34;3.000;2.621;12.7;-70;0;0;-9.0;0;0;0;0;0;99;0;0;1847;64.62;0;0;0;0;0;0;0;0;0;0;0;0;0;0;0;0;34;0;37.0;37.0;2;0;0.00;0.00;0.00;0.0;0.0
77.052;147;1691;38;64258;9.0;18.800;1.279;29;67;9;0;100;101;100;109;100;110;100;50;50;0;1.928;1.928;0.000;0.000;14.700;1.000;10.9;0.0;0;34;3.000;2.829;12.5;-240;0;0;-8.8;0;0;0;0;0;99;0;0;1877;66.60;0;0;0;0;0;0;0;0;0;0;0;0;0;0;0;0;34;0;38.0;38.0;2;0;0.00;0.00;0.00;0.0;0.0
77.118;147;1687;38;64106;9.0;19.400;1.320;29;67;9;0;100;101;100;109;100;110;100;50;50;0;1.928;1.928;0.000;0.000;14.700;1.000;10.8;0.0;0;34;3.000;2.671;12.5;-240;0;0;-8.8;0;0;0;0;0;99;0;0;1877;66.76;0;0;0;0;0;0;0;0;0;0;0;0;0;0;0;0;34;0;38.0;38.0;2;0;0.00;0.00;0.00;0.0;0.0
77.190;147;1671;38;63498;9.0;18.400;1.252;29;67;9;0;100;101;100;109;100;110;100;50;50;0;1.928;1.928;0.000;0.000;14.700;1.000;10.7;0.0;0;34;3.000;2.876;12.5;-40;0;0;-8.8;0;0;0;0;0;99;0;0;1877;67.40;0;0;0;0;0;0;0;0;0;0;0;0;0;0;0;0;34;0;38.0;38.0;2;0;0.00;0.00;0.00;0.0;0.0
77.258;147;1674;38;63612;9.0;19.500;1.327;29;67;9;0;100;101;100;109;100;110;100;50;50;0;1.928;1.928;0.000;0.000;14.700;1.000;10.8;0.0;0;34;3.000;2.826;12.5;-130;0;0;-8.8;0;0;0;0;0;99;0;0;1877;67.28;0;0;0;0;0;0;0;0;0;0;0;0;0;0;0;0;34;0;38.0;38.0;2;0;0.00;0.00;0.00;0.0;0.0
77.258;147;1671;37;61827;9.0;19.700;1.340;29;67;9;0;100;101;100;109;100;110;100;49;49;0;1.867;1.867;0.000;0.000;14.700;1.000;10.4;0.0;0;34;3.000;2.955;12.8;-130;0;0;-9.0;0;0;0;0;0;99;0;0;1877;67.40;0;0;0;0;0;0;0;0;0;0;0;0;0;0;0;0;34;0;37.0;37.0;2;0;0.00;0.00;0.00;0.0;0.0
77.391;147;1679;38;63802;9.0;19.700;1.340;29;67;9;0;100;101;100;109;100;110;100;50;50;0;1.892;1.892;0.000;0.000;14.700;1.000;10.6;0.0;0;34;3.000;2.870;12.8;-30;0;0;-8.8;0;0;0;0;0;99;0;0;1877;67.08;0;0;0;0;0;0;0;0;0;0;0;0;0;0;0;0;34;0;38.0;38.0;2;0;0.00;0.00;0.00;0.0;0.0
77.458;147;1677;37;62049;9.0;19.700;1.340;29;67;9;0;100;101;100;109;100;110;100;49;49;0;1.867;1.867;0.000;0.000;14.700;1.000;10.4;0.0;0;34;3.000;2.784;12.8;60;0;0;-9.0;0;0;0;0;0;99;0;0;1877;67.16;0;0;0;0;0;0;0;0;0;0;0;0;0;0;0;0;34;0;37.0;37.0;2;0;0.00;0.00;0.00;0.0;0.0
77.524;147;1669;38;63422;9.0;19.700;1.340;29;67;9;0;100;101;100;109;100;110;100;50;50;0;1.892;1.892;0.000;0.000;14.700;1.000;10.5;0.0;0;33;3.000;2.903;12.8;60;0;0;-8.8;0;0;0;0;0;99;0;0;1877;67.48;0;0;0;0;0;0;0;0;0;0;0;0;0;0;0;0;33;0;38.0;38.0;2;0;0.00;0.00;0.00;0.0;0.0
77.593;147;1666;38;63308;9.0;19.700;1.340;29;67;9;0;100;101;100;109;100;110;100;50;50;0;1.868;1.868;0.000;0.000;14.700;1.000;10.4;0.0;0;33;3.000;2.936;13.0;-80;0;0;-8.8;0;0;0;0;0;99;0;0;1877;67.60;0;0;0;0;0;0;0;0;0;0;0;0;0;0;0;0;33;0;38.0;38.0;2;0;0.00;0.00;0.00;0.0;0.0
77.659;147;1656;38;62928;9.0;19.700;1.340;29;67;9;0;100;101;100;109;100;110;100;50;50;0;1.868;1.868;0.000;0.000;14.700;1.000;10.3;0.0;0;34;3.000;2.817;13.0;-30;0;0;-8.8;0;0;0;0;0;99;0;0;1877;68.01;0;0;0;0;0;0;0;0;0;0;0;0;0;0;0;0;34;0;38.0;38.0;2;0;0.00;0.00;0.00;0.0;0.0
77.728;147;1643;39;64077;9.0;18.900;1.286;29;67;9;0;100;101;100;109;100;110;100;50;50;0;1.877;1.877;0.000;0.000;14.700;1.000;10.3;0.0;0;33;3.000;2.865;13.0;-30;0;0;-8.7;0;0;0;0;0;99;0;0;1877;68.55;0;0;0;0;0;0;0;0;0;0;0;0;0;0;0;0;33;0;39.0;39.0;2;0;0.00;0.00;0.00;0.0;0.0
77.728;147;1624;39;63336;9.0;19.200;1.306;29;67;9;0;100;101;100;109;100;110;100;50;50;0;1.865;1.865;0.000;0.000;14.700;1.000;10.1;0.0;0;32;3.000;2.624;13.1;-230;0;0;-8.7;0;0;0;0;0;99;0;0;1877;69.35;0;0;0;0;0;0;0;0;0;0;0;0;0;0;0;0;32;0;39.0;39.0;2;0;0.00;0.00;0.00;0.0;0.0
77.863;147;1597;39;62283;9.0;19.700;1.340;29;67;9;0;100;101;100;109;100;110;100;50;50;0;1.865;1.865;0.000;0.000;14.700;1.000;9.9;0.0;0;32;3.000;2.652;13.1;-190;0;0;-8.7;0;0;0;0;0;99;0;0;1877;70.52;0;0;0;0;0;0;0;0;0;0;0;0;0;0;0;0;32;0;39.0;39.0;2;0;0.00;0.00;0.00;0.0;0.0
77.935;147;1597;40;63880;9.0;19.700;1.340;29;67;9;0;100;101;100;109;100;110;100;50;50;0;1.875;1.875;0.000;0.000;14.700;1.000;10.0;0.0;0;32;3.000;2.684;13.1;-190;0;0;-8.6;0;0;0;0;0;99;0;0;1877;70.52;0;0;0;0;0;0;0;0;0;0;0;0;0;0;0;0;32;0;40.0;40.0;2;0;0.00;0.00;0.00;0.0;0.0
77.995;147;1580;40;63200;9.0;19.700;1.340;29;67;9;0;100;101;100;109;100;110;100;50;50;0;1.875;1.875;0.000;0.000;14.700;1.000;9.9;0.0;0;32;3.000;2.563;13.1;-440;0;0;-8.6;0;0;0;0;0;99;0;0;1877;71.28;0;0;0;0;0;0;0;0;0;0;0;0;0;0;0;0;32;0;40.0;40.0;2;0;0.00;0.00;0.00;0.0;0.0
78.060;148;1554;40;62160;9.0;19.700;1.340;29;67;9;0;100;101;100;109;100;110;100;50;50;0;1.875;1.875;0.000;0.000;14.700;1.000;9.7;0.0;0;32;3.000;2.783;13.1;-260;0;0;-8.6;0;0;0;0;0;99;0;0;1883;72.70;0;0;0;0;0;0;0;0;0;0;0;0;0;0;0;0;32;0;40.0;40.0;2;0;0.00;0.00;0.00;0.0;0.0
78.129;148;1526;41;62566;9.0;19.700;1.340;29;67;9;0;100;101;100;109;100;110;100;51;51;0;1.891;1.891;0.000;0.000;14.700;1.000;9.6;0.0;0;32;3.000;2.592;13.1;-260;0;0;-8.4;0;0;0;0;0;99;0;0;1883;74.04;0;0;0;0;0;0;0;0;0;0;0;0;0;0;0;0;32;0;41.0;41.0;2;0;0.00;0.00;0.00;0.0;0.0
78.191;148;1478;41;60598;9.0;19.700;1.340;29;67;9;0;100;101;100;109;100;110;100;51;51;0;1.891;1.891;0.000;0.000;14.700;1.000;9.3;0.0;0;31;3.000;2.818;13.1;-280;0;0;-8.4;0;0;0;0;0;99;0;0;1883;76.44;0;0;0;0;0;0;0;0;0;0;0;0;0;0;0;0;31;0;41.0;41.0;2;0;0.00;0.00;0.00;0.0;0.0
78.257;148;1457;41;59737;9.0;19.700;1.340;29;67;9;0;100;101;100;109;100;110;100;51;51;0;1.891;1.891;0.000;0.000;14.700;1.000;9.2;0.0;0;31;3.000;2.797;13.1;-660;0;0;-8.4;0;0;0;0;0;99;0;0;1883;77.54;0;0;0;0;0;0;0;0;0;0;0;0;0;0;0;0;31;0;41.0;41.0;2;0;0.00;0.00;0.00;0.0;0.0
78.322;148;1408;42;59136;9.0;19.700;1.340;29;67;9;0;100;101;100;109;100;110;100;51;51;0;1.910;1.910;0.000;0.000;14.700;1.000;9.0;0.0;0;31;3.000;2.632;13.1;-660;0;0;-8.3;0;0;0;0;0;99;0;0;1883;80.24;0;0;0;0;0;0;0;0;0;0;0;0;0;0;0;0;31;0;42.0;42.0;2;0;0.00;0.00;0.00;0.0;0.0
78.387;148;1416;43;60888;9.0;19.700;1.340;29;67;9;0;100;101;100;109;100;110;100;51;51;0;1.919;1.919;0.000;0.000;14.700;1.000;9.1;0.0;0;31;3.000;2.789;13.1;-400;0;0;-8.1;0;0;0;0;0;99;0;0;1883;79.79;0;0;0;0;0;0;0;0;0;0;0;0;0;0;0;0;31;0;43.0;43.0;2;0;0.00;0.00;0.00;0.0;0.0
78.457;148;1380;44;60720;9.0;19.700;1.340;29;67;9;0;100;101;100;109;100;110;100;52;52;0;1.945;1.945;0.000;0.000;14.700;1.000;8.9;0.0;0;31;3.000;2.748;13.1;-400;0;0;-8.0;0;0;0;0;0;99;0;0;1883;81.87;0;0;0;0;0;0;0;0;0;0;0;0;0;0;0;0;31;0;44.0;44.0;2;0;0.00;0.00;0.00;0.0;0.0
78.525;148;1359;44;59796;9.0;19.700;1.340;29;67;9;0;100;101;100;109;100;110;100;52;52;0;1.945;1.945;0.000;0.000;14.700;1.000;8.8;0.0;0;31;3.000;2.903;13.1;-400;0;0;-8.0;0;0;0;0;0;99;0;0;1883;83.13;0;0;0;0;0;0;0;0;0;0;0;0;0;0;0;0;31;0;44.0;44.0;2;0;0.00;0.00;0.00;0.0;0.0
78.595;148;1335;45;60075;9.0;19.700;1.340;29;67;9;0;100;101;100;109;100;110;100;52;52;0;2.000;2.000;0.000;0.000;14.700;1.000;8.9;0.0;0;31;3.000;2.687;12.8;-210;0;0;-7.8;0;0;0;0;0;99;0;0;1883;84.63;0;0;0;0;0;0;0;0;0;0;0;0;0;0;0;0;31;0;45.0;45.0;2;0;0.00;0.00;0.00;0.0;0.0
78.658;148;1337;45;60165;9.0;19.700;1.340;29;67;9;0;100;101;100;109;100;110;100;52;52;0;2.000;2.000;0.000;0.000;14.700;1.000;8.9;0.0;0;31;3.000;2.931;12.8;-220;0;0;-7.8;0;0;0;0;0;99;0;0;1883;84.50;0;0;0;0;0;0;0;0;0;0;0;0;0;0;0;0;31;0;45.0;45.0;2;0;0.00;0.00;0.00;0.0;0.0
78.723;148;1361;45;61245;9.0;19.700;1.340;29;67;9;0;100;101;100;109;100;110;100;52;52;0;2.000;2.000;0.000;0.000;14.700;1.000;9.1;0.0;0;31;3.000;3.050;12.8;-220;0;0;-7.8;0;0;0;0;0;99;0;0;1883;83.01;0;0;0;0;0;0;0;0;0;0;0;0;0;0;0;0;31;0;45.0;45.0;2;0;0.00;0.00;0.00;0.0;0.0
78.789;148;1362;45;61290;9.0;19.700;1.340;29;67;9;0;100;101;100;109;100;110;100;52;52;0;2.000;2.000;0.000;0.000;14.700;1.000;9.1;0.0;0;31;3.000;3.072;12.8;250;0;0;-7.8;0;0;0;0;0;99;0;0;1883;82.95;0;0;0;0;0;0;0;0;0;0;0;0;0;0;0;0;31;0;45.0;45.0;2;0;0.00;0.00;0.00;0.0;0.0
78.854;148;1361;45;61245;9.0;19.700;1.340;29;67;9;0;100;101;100;109;100;110;100;52;52;0;1.988;1.988;0.000;0.000;14.700;1.000;9.0;0.0;0;31;3.000;2.890;12.9;-10;0;0;-7.8;0;0;0;0;0;99;0;0;1883;83.01;0;0;0;0;0;0;0;0;0;0;0;0;0;0;0;0;31;0;45.0;45.0;2;0;0.00;0.00;0.00;0.0;0.0
78.922;148;1373;44;60412;9.0;19.700;1.340;29;67;9;0;100;101;100;109;100;110;100;52;52;0;1.969;1.969;0.000;0.000;14.700;1.000;9.0;0.0;0;31;3.000;2.943;12.9;-10;0;0;-8.0;0;0;0;0;0;99;0;0;1883;82.29;0;0;0;0;0;0;0;0;0;0;0;0;0;0;0;0;31;0;44.0;44.0;2;0;0.00;0.00;0.00;0.0;0.0
78.990;148;1380;45;62100;9.0;19.700;1.340;29;67;9;0;100;101;100;109;100;110;100;52;52;0;1.988;1.988;0.000;0.000;14.700;1.000;9.1;0.0;0;31;3.000;3.061;12.9;120;0;0;-7.8;0;0;0;0;0;99;0;0;1883;81.87;0;0;0;0;0;0;0;0;0;0;0;0;0;0;0;0;31;0;45.0;45.0;2;0;0.00;0.00;0.00;0.0;0.0
79.058;149;1396;44;61424;9.0;19.700;1.340;29;67;9;0;100;101;100;109;100;110;100;52;52;0;2.053;2.053;0.000;0.000;14.700;1.000;9.6;0.0;0;31;3.000;2.945;12.2;230;0;0;-8.0;0;0;0;0;0;99;0;0;1863;80.07;0;0;0;0;0;0;0;0;0;0;0;0;0;0;0;0;31;0;44.0;44.0;2;0;0.00;0.00;0.00;0.0;0.0
79.125;149;1407;44;61908;9.0;19.700;1.340;29;67;9;0;100;101;100;109;100;110;100;52;52;0;2.053;2.053;0.000;0.000;14.700;1.000;9.6;0.0;0;31;3.000;3.050;12.2;230;0;0;-8.0;0;0;0;0;0;99;0;0;1863;79.45;0;0;0;0;0;0;0;0;0;0;0;0;0;0;0;0;31;0;44.0;44.0;2;0;0.00;0.00;0.00;0.0;0.0
79.125;149;1400;44;61600;9.0;19.700;1.340;29;67;9;0;100;101;100;109;100;110;100;52;52;0;2.053;2.053;0.000;0.000;14.700;1.000;9.6;0.0;0;31;3.000;2.841;12.2;120;0;0;-8.0;0;0;0;0;0;99;0;0;1863;79.84;0;0;0;0;0;0;0;0;0;0;0;0;0;0;0;0;31;0;44.0;44.0;2;0;0.00;0.00;0.00;0.0;0.0
79.192;149;1435;43;61705;9.0;19.700;1.340;29;67;9;0;100;101;100;109;100;110;100;52;52;0;2.044;2.044;0.000;0.000;14.700;1.000;9.8;0.0;0;31;3.000;2.877;12.2;120;0;0;-8.1;0;0;0;0;0;99;0;0;1863;77.90;0;0;0;0;0;0;0;0;0;0;0;0;0;0;0;0;31;0;43.0;43.0;2;0;0.00;0.00;0.00;0.0;0.0
79.321;149;1463;43;62909;9.0;19.700;1.340;29;67;9;0;100;101;100;109;100;110;100;52;52;0;2.080;2.080;0.000;0.000;14.700;1.000;10.1;0.0;0;32;3.030;3.138;12.0;270;0;0;-8.1;0;0;0;0;0;99;0;0;1863;76.40;0;0;0;0;0;0;0;0;0;0;0;0;0;0;0;0;32;0;43.0;43.0;2;0;0.00;0.00;0.00;0.0;0.0
79.386;149;1478;42;62076;9.0;19.700;1.340;29;67;9;0;100;101;100;109;100;110;100;51;51;0;2.054;2.054;0.000;0.000;14.700;1.000;10.1;0.0;0;31;3.030;3.164;12.0;400;0;0;-8.3;0;0;0;0;0;99;0;0;1863;75.63;0;0;0;0;0;0;0;0;0;0;0;0;0;0;0;0;31;0;42.0;42.0;2;0;0.00;0.00;0.00;0.0;0.0
79.452;149;1513;41;62033;9.0;19.700;1.340;29;67;9;0;100;101;100;109;100;110;100;51;51;0;2.035;2.035;0.000;0.000;14.700;1.000;10.3;0.0;0;32;3.030;3.360;12.0;400;0;0;-8.4;0;0;0;0;0;99;0;0;1863;73.88;0;0;0;0;0;0;0;0;0;0;0;0;0;0;0;0;32;0;41.0;41.0;2;0;0.00;0.00;0.00;0.0;0.0
79.518;149;1513;41;62033;9.0;19.700;1.340;29;67;9;0;100;101;100;109;100;110;100;51;51;0;2.035;2.035;0.000;0.000;14.700;1.000;10.3;0.0;0;32;3.030;3.214;12.0;380;0;0;-8.4;0;0;0;0;0;99;0;0;1863;73.88;0;0;0;0;0;0;0;0;0;0;0;0;0;0;0;0;32;0;41.0;41.0;2;0;0.00;0.00;0.00;0.0;0.0
79.583;149;1557;40;62280;9.0;19.700;1.340;29;67;9;0;100;101;100;109;100;110;100;50;50;0;2.043;2.043;0.000;0.000;14.700;1.000;10.6;0.0;0;32;3.030;3.188;11.9;440;0;0;-8.6;0;0;0;0;0;99;0;0;1863;71.79;0;0;0;0;0;0;0;0;0;0;0;0;0;0;0;0;32;0;40.0;40.0;2;0;0.00;0.00;0.00;0.0;0.0
79.652;149;1597;39;62283;9.0;19.700;1.340;29;67;9;0;100;101;100;109;100;110;100;50;50;0;2.033;2.033;0.000;0.000;14.700;1.000;10.8;0.0;0;32;3.030;3.244;11.9;440;0;0;-8.7;0;0;0;0;0;99;0;0;1863;69.99;0;0;0;0;0;0;0;0;0;0;0;0;0;0;0;0;32;0;39.0;39.0;2;0;0.00;0.00;0.00;0.0;0.0
79.719;149;1639;38;62282;9.0;18.100;1.231;29;67;9;0;100;101;100;109;100;110;100;50;50;0;2.024;2.024;0.000;0.000;14.700;1.000;11.1;0.0;0;34;3.030;3.180;11.9;400;0;0;-8.8;0;0;0;0;0;99;0;0;1863;68.20;0;0;0;0;0;0;0;0;0;0;0;0;0;0;0;0;34;0;38.0;38.0;2;0;0.00;0.00;0.00;0.0;0.0
79.719;149;1675;38;63650;9.0;18.500;1.259;29;67;9;0;100;101;100;109;100;110;100;50;50;0;2.024;2.024;0.000;0.000;14.700;1.000;11.3;0.0;0;34;3.030;3.079;11.9;780;0;0;-8.8;0;0;0;0;0;99;0;0;1863;66.73;0;0;0;0;0;0;0;0;0;0;0;0;0;0;0;0;34;0;38.0;38.0;2;0;0.00;0.00;0.00;0.0;0.0
79.788;149;1708;37;63196;9.0;18.200;1.238;29;67;9;0;100;101;100;109;100;110;100;49;49;0;1.951;1.951;0.000;0.000;14.700;1.000;11.1;0.0;0;34;3.000;3.122;12.1;780;0;0;-9.0;0;0;0;0;0;99;0;0;1863;65.44;0;0;0;0;0;0;0;0;0;0;0;0;0;0;0;0;34;0;37.0;37.0;2;0;0.00;0.00;0.00;0.0;0.0
79.853;149;1740;37;64380;9.0;16.400;1.116;29;67;9;0;100;101;100;109;100;110;100;49;49;0;1.951;1.951;0.000;0.000;14.700;1.000;11.3;0.0;0;35;3.000;3.031;12.1;330;0;0;-9.0;0;0;0;0;0;99;0;0;1863;64.24;0;0;0;0;0;0;0;0;0;0;0;0;0;0;0;0;35;0;37.0;37.0;2;0;0.00;0.00;0.00;0.0;0.0
79.984;149;1766;36;63576;9.0;16.400;1.116;29;67;9;0;100;101;100;109;100;110;100;49;49;0;1.942;1.942;0.000;0.000;14.700;1.000;11.4;0.0;0;35;3.000;3.022;12.1;580;0;0;-9.1;0;0;0;0;0;99;0;0;1863;63.30;0;0;0;0;0;0;0;0;0;0;0;0;0;0;0;0;35;0;36.0;36.0;2;0;0.00;0.00;0.00;0.0;0.0
80.054;149;1785;36;64260;9.0;16.300;1.109;29;67;9;0;100;101;100;109;100;110;100;49;49;0;1.942;1.942;0.000;0.000;14.700;1.000;11.6;0.0;0;35;3.000;3.027;12.1;580;0;0;-9.1;0;0;0;0;0;99;0;0;1863;62.62;0;0;0;0;0;0;0;0;0;0;0;0;0;0;0;0;35;0;36.0;36.0;2;0;0.00;0.00;0.00;0.0;0.0
80.119;150;1804;35;63140;9.0;14.600;0.993;29;68;9;0;100;101;100;109;100;110;100;49;49;0;1.884;1.884;0.000;0.000;14.700;1.000;11.3;0.0;0;35;3.000;3.083;12.5;190;0;0;-9.3;0;0;0;0;0;99;0;0;1794;59.67;0;0;0;0;0;0;0;0;0;0;0;0;0;0;0;0;35;0;35.0;35.0;2;0;0.00;0.00;0.00;0.0;0.0
80.119;150;1822;35;63770;9.0;12.800;0.871;29;68;9;0;100;101;100;109;100;110;100;49;49;0;1.884;1.884;0.000;0.000;14.700;1.000;11.4;0.0;0;35;3.000;2.993;12.5;370;0;0;-9.3;0;0;0;0;0;99;0;0;1794;59.08;0;0;0;0;0;0;0;0;0;0;0;0;0;0;0;0;35;0;35.0;35.0;2;0;0.00;0.00;0.00;0.0;0.0
80.254;150;1831;35;64085;9.0;12.100;0.823;29;68;9;0;100;101;100;109;100;110;100;49;49;0;1.884;1.884;0.000;0.000;14.700;1.000;11.5;0.0;0;35;3.000;2.982;12.5;370;0;0;-9.3;0;0;0;0;0;99;0;0;1794;58.79;0;0;0;0;0;0;0;0;0;0;0;0;0;0;0;0;35;0;35.0;35.0;2;0;0.00;0.00;0.00;0.0;0.0
80.320;150;1836;35;64260;9.0;11.900;0.810;29;68;9;0;100;101;100;109;100;110;100;49;49;0;1.884;1.884;0.000;0.000;14.700;1.000;11.5;0.0;0;35;3.000;2.896;12.5;90;0;0;-9.3;0;0;0;0;0;99;0;0;1794;58.63;0;0;0;0;0;0;0;0;0;0;0;0;0;0;0;0;35;0;35.0;35.0;2;0;0.00;0.00;0.00;0.0;0.0
80.386;150;1838;35;64330;9.0;11.700;0.796;29;68;9;0;100;101;100;109;100;110;100;49;49;0;1.860;1.860;0.000;0.000;14.700;1.000;11.4;0.0;0;35;3.000;2.862;12.7;70;0;0;-9.3;0;0;0;0;0;99;0;0;1794;58.56;0;0;0;0;0;0;0;0;0;0;0;0;0;0;0;0;35;0;35.0;35.0;2;0;0.00;0.00;0.00;0.0;0.0
80.386;150;1832;35;64120;9.0;11.700;0.796;29;68;9;0;100;101;100;109;100;110;100;49;49;0;1.860;1.860;0.000;0.000;14.700;1.000;11.4;0.0;0;35;3.000;2.916;12.7;70;0;0;-9.3;0;0;0;0;0;99;0;0;1794;58.76;0;0;0;0;0;0;0;0;0;0;0;0;0;0;0;0;35;0;35.0;35.0;2;0;0.00;0.00;0.00;0.0;0.0
80.517;150;1839;35;64365;9.0;11.900;0.810;29;68;9;0;100;101;100;109;100;110;100;49;49;0;1.860;1.860;0.000;0.000;14.700;1.000;11.4;0.0;0;35;3.000;2.893;12.7;-60;0;0;-9.3;0;0;0;0;0;99;0;0;1794;58.53;0;0;0;0;0;0;0;0;0;0;0;0;0;0;0;0;35;0;35.0;35.0;2;0;0.00;0.00;0.00;0.0;0.0
80.517;150;1842;35;64470;9.0;12.100;0.823;29;68;9;0;100;101;100;109;100;110;100;49;49;0;1.848;1.848;0.000;0.000;14.700;1.000;11.3;0.0;0;35;3.000;2.906;12.8;100;0;0;-9.3;0;0;0;0;0;99;0;0;1794;58.44;0;0;0;0;0;0;0;0;0;0;0;0;0;0;0;0;35;0;35.0;35.0;2;0;0.00;0.00;0.00;0.0;0.0
80.652;150;1836;35;64260;9.0;12.600;0.857;29;68;9;0;100;101;100;109;100;110;100;49;49;0;1.848;1.848;0.000;0.000;14.700;1.000;11.3;0.0;0;35;3.000;2.842;12.8;100;0;0;-9.3;0;0;0;0;0;99;0;0;1794;58.63;0;0;0;0;0;0;0;0;0;0;0;0;0;0;0;0;35;0;35.0;35.0;2;0;0.00;0.00;0.00;0.0;0.0
80.718;150;1832;35;64120;9.0;13.200;0.898;29;68;9;0;100;101;100;109;100;110;100;49;49;0;1.848;1.848;0.000;0.000;14.700;1.000;11.3;0.0;0;35;3.000;2.851;12.8;-100;0;0;-9.3;0;0;0;0;0;99;0;0;1794;58.76;0;0;0;0;0;0;0;0;0;0;0;0;0;0;0;0;35;0;35.0;35.0;2;0;0.00;0.00;0.00;0.0;0.0
80.718;150;1822;35;63770;9.0;13.500;0.918;29;68;9;0;100;101;100;109;100;110;100;49;49;0;1.848;1.848;0.000;0.000;14.700;1.000;11.2;0.0;0;35;3.000;2.823;12.8;-100;0;0;-9.3;0;0;0;0;0;99;0;0;1794;59.08;0;0;0;0;0;0;0;0;0;0;0;0;0;0;0;0;35;0;35.0;35.0;2;0;0.00;0.00;0.00;0.0;0.0
80.852;150;1806;35;63210;9.0;14.100;0.959;29;68;9;0;100;101;100;109;100;110;100;49;49;0;1.824;1.824;0.000;0.000;14.700;1.000;11.0;0.0;0;35;3.000;2.936;13.0;-100;0;0;-9.3;0;0;0;0;0;99;0;0;1794;59.60;0;0;0;0;0;0;0;0;0;0;0;0;0;0;0;0;35;0;35.0;35.0;2;0;0.00;0.00;0.00;0.0;0.0
80.918;150;1802;35;63070;9.0;14.100;0.959;29;68;9;0;100;101;100;109;100;110;100;49;49;0;1.824;1.824;0.000;0.000;14.700;1.000;11.0;0.0;0;35;3.000;2.791;13.0;-200;0;0;-9.3;0;0;0;0;0;99;0;0;1794;59.73;0;0;0;0;0;0;0;0;0;0;0;0;0;0;0;0;35;0;35.0;35.0;2;0;0.00;0.00;0.00;0.0;0.0
80.988;150;1791;35;62685;9.0;15.700;1.068;29;68;9;0;100;101;100;109;100;110;100;49;49;0;1.824;1.824;0.000;0.000;14.700;1.000;10.9;0.0;0;35;3.000;2.879;13.0;-110;0;0;-9.3;0;0;0;0;0;99;0;0;1794;60.10;0;0;0;0;0;0;0;0;0;0;0;0;0;0;0;0;35;0;35.0;35.0;2;0;0.00;0.00;0.00;0.0;0.0
81.054;150;1787;35;62545;9.0;16.600;1.129;29;68;9;0;100;101;100;109;100;110;100;49;49;0;1.824;1.824;0.000;0.000;14.700;1.000;10.9;0.0;0;35;3.000;2.930;13.0;-110;0;0;-9.3;0;0;0;0;0;99;0;0;1794;60.24;0;0;0;0;0;0;0;0;0;0;0;0;0;0;0;0;35;0;35.0;35.0;2;0;0.00;0.00;0.00;0.0;0.0
81.054;151;1789;35;62615;9.0;18.000;1.224;29;68;9;0;100;101;100;109;100;110;100;49;49;0;1.836;1.836;0.000;0.000;14.700;1.000;10.9;0.0;0;35;3.000;2.923;12.9;-20;0;0;-9.3;0;0;0;0;0;99;0;0;1875;62.88;0;0;0;0;0;0;0;0;0;0;0;0;0;0;0;0;35;0;35.0;35.0;2;0;0.00;0.00;0.00;0.0;0.0
81.189;151;1786;35;62510;9.0;16.000;1.088;29;68;9;0;100;101;100;109;100;110;100;49;49;0;1.836;1.836;0.000;0.000;14.700;1.000;10.9;0.0;0;35;3.000;2.898;12.9;-30;0;0;-9.3;0;0;0;0;0;99;0;0;1875;62.99;0;0;0;0;0;0;0;0;0;0;0;0;0;0;0;0;35;0;35.0;35.0;2;0;0.00;0.00;0.00;0.0;0.0
81.258;151;1777;35;62195;9.0;18.900;1.286;29;68;9;0;100;101;100;109;100;110;100;49;49;0;1.836;1.836;0.000;0.000;14.700;1.000;10.9;0.0;0;35;3.000;2.837;12.9;-30;0;0;-9.3;0;0;0;0;0;99;0;0;1875;63.31;0;0;0;0;0;0;0;0;0;0;0;0;0;0;0;0;35;0;35.0;35.0;2;0;0.00;0.00;0.00;0.0;0.0
81.327;151;1768;36;63648;9.0;18.300;1.245;29;68;9;0;100;101;100;109;100;110;100;49;49;0;1.846;1.846;0.000;0.000;14.700;1.000;10.9;0.0;0;35;3.000;2.900;12.9;-180;0;0;-9.1;0;0;0;0;0;99;0;0;1875;63.63;0;0;0;0;0;0;0;0;0;0;0;0;0;0;0;0;35;0;36.0;36.0;2;0;0.00;0.00;0.00;0.0;0.0
81.392;151;1763;36;63468;9.0;16.700;1.136;29;68;9;0;100;101;100;109;100;110;100;49;49;0;1.858;1.858;0.000;0.000;14.700;1.000;10.9;0.0;0;35;3.000;2.961;12.8;-180;0;0;-9.1;0;0;0;0;0;99;0;0;1875;63.81;0;0;0;0;0;0;0;0;0;0;0;0;0;0;0;0;35;0;36.0;36.0;2;0;0.00;0.00;0.00;0.0;0.0
81.459;151;1757;36;63252;9.0;15.600;1.061;29;68;9;0;100;101;100;109;100;110;100;49;49;0;1.858;1.858;0.000;0.000;14.700;1.000;10.9;0.0;0;35;3.000;2.854;12.8;-50;0;0;-9.1;0;0;0;0;0;99;0;0;1875;64.03;0;0;0;0;0;0;0;0;0;0;0;0;0;0;0;0;35;0;36.0;36.0;2;0;0.00;0.00;0.00;0.0;0.0
81.527;151;1743;36;62748;9.0;17.600;1.197;29;68;9;0;100;101;100;109;100;110;100;49;49;0;1.858;1.858;0.000;0.000;14.700;1.000;10.8;0.0;0;34;3.000;2.856;12.8;-200;0;0;-9.1;0;0;0;0;0;99;0;0;1875;64.54;0;0;0;0;0;0;0;0;0;0;0;0;0;0;0;0;34;0;36.0;36.0;2;0;0.00;0.00;0.00;0.0;0.0
81.590;151;1733;36;62388;9.0;18.200;1.238;29;68;9;0;100;101;100;109;100;110;100;49;49;0;1.858;1.858;0.000;0.000;14.700;1.000;10.7;0.0;0;34;3.000;2.885;12.8;-200;0;0;-9.1;0;0;0;0;0;99;0;0;1875;64.92;0;0;0;0;0;0;0;0;0;0;0;0;0;0;0;0;34;0;36.0;36.0;2;0;0.00;0.00;0.00;0.0;0.0
81.657;151;1732;36;62352;9.0;17.100;1.163;29;68;9;0;100;101;100;109;100;110;100;49;49;0;1.846;1.846;0.000;0.000;14.700;1.000;10.7;0.0;0;34;3.000;2.907;12.9;-100;0;0;-9.1;0;0;0;0;0;99;0;0;1875;64.95;0;0;0;0;0;0;0;0;0;0;0;0;0;0;0;0;34;0;36.0;36.0;2;0;0.00;0.00;0.00;0.0;0.0
81.721;151;1735;37;64195;9.0;18.100;1.231;29;68;9;0;100;101;100;109;100;110;100;49;49;0;1.855;1.855;0.000;0.000;14.700;1.000;10.7;0.0;0;34;3.000;2.839;12.9;20;0;0;-9.0;0;0;0;0;0;99;0;0;1875;64.84;0;0;0;0;0;0;0;0;0;0;0;0;0;0;0;0;34;0;37.0;37.0;2;0;0.00;0.00;0.00;0.0;0.0
81.788;151;1720;37;63640;9.0;19.500;1.327;29;68;9;0;100;101;100;109;100;110;100;50;50;0;1.862;1.862;0.000;0.000;14.700;1.000;10.7;0.0;0;34;3.000;2.829;12.9;20;0;0;-9.0;0;0;0;0;0;99;0;0;1875;65.41;0;0;0;0;0;0;0;0;0;0;0;0;0;0;0;0;34;0;37.0;37.0;2;0;0.00;0.00;0.00;0.0;0.0
81.857;151;1705;37;63085;9.0;19.600;1.333;29;68;9;0;100;101;100;109;100;110;100;49;49;0;1.879;1.879;0.000;0.000;14.700;1.000;10.7;0.0;0;34;3.000;2.890;12.7;-150;0;0;-9.0;0;0;0;0;0;99;0;0;1875;65.98;0;0;0;0;0;0;0;0;0;0;0;0;0;0;0;0;34;0;37.0;37.0;2;0;0.00;0.00;0.00;0.0;0.0
81.923;151;1691;37;62567;9.0;19.700;1.340;29;68;9;0;100;101;100;109;100;110;100;49;49;0;1.879;1.879;0.000;0.000;14.700;1.000;10.6;0.0;0;34;3.000;2.821;12.7;-150;0;0;-9.0;0;0;0;0;0;99;0;0;1875;66.53;0;0;0;0;0;0;0;0;0;0;0;0;0;0;0;0;34;0;37.0;37.0;2;0;0.00;0.00;0.00;0.0;0.0
81.991;151;1681;38;63878;9.0;19.700;1.340;29;68;9;0;100;101;100;109;100;110;100;50;50;0;1.904;1.904;0.000;0.000;14.700;1.000;10.7;0.0;0;33;3.000;2.854;12.7;-150;0;0;-8.8;0;0;0;0;0;99;0;0;1875;66.92;0;0;0;0;0;0;0;0;0;0;0;0;0;0;0;0;33;0;38.0;38.0;2;0;0.00;0.00;0.00;0.0;0.0
82.061;151;1678;38;63764;9.0;19.600;1.333;29;68;9;0;100;101;100;109;100;110;100;50;50;0;1.904;1.904;0.000;0.000;14.700;1.000;10.6;0.0;0;34;3.000;2.983;12.7;-240;0;0;-8.8;0;0;0;0;0;99;0;0;1875;67.04;0;0;0;0;0;0;0;0;0;0;0;0;0;0;0;0;34;0;38.0;38.0;2;0;0.00;0.00;0.00;0.0;0.0
82.130;152;1690;37;62530;9.0;19.700;1.340;29;68;9;0;100;101;100;109;100;110;100;49;49;0;1.843;1.843;0.000;0.000;14.700;1.000;10.4;0.0;0;34;3.000;2.931;13.0;-30;0;0;-9.0;0;0;0;0;0;99;0;0;1878;66.67;0;0;0;0;0;0;0;0;0;0;0;0;0;0;0;0;34;0;37.0;37.0;2;0;0.00;0.00;0.00;0.0;0.0
82.195;152;1695;37;62715;9.0;19.700;1.340;29;68;9;0;100;101;100;109;100;110;100;49;49;0;1.843;1.843;0.000;0.000;14.700;1.000;10.4;0.0;0;34;3.000;2.897;13.0;-30;0;0;-9.0;0;0;0;0;0;99;0;0;1878;66.48;0;0;0;0;0;0;0;0;0;0;0;0;0;0;0;0;34;0;37.0;37.0;2;0;0.00;0.00;0.00;0.0;0.0
82.259;152;1695;38;64410;9.0;19.700;1.340;29;68;9;0;100;101;100;109;100;110;100;50;50;0;1.868;1.868;0.000;0.000;14.700;1.000;10.6;0.0;0;34;3.000;2.779;13.0;170;0;0;-8.8;0;0;0;0;0;99;0;0;1878;66.48;0;0;0;0;0;0;0;0;0;0;0;0;0;0;0;0;34;0;38.0;38.0;2;0;0.00;0.00;0.00;0.0;0.0
82.326;152;1691;38;64258;9.0;19.700;1.340;29;68;9;0;100;101;100;109;100;110;100;50;50;0;1.868;1.868;0.000;0.000;14.700;1.000;10.5;0.0;0;34;3.000;2.694;13.0;-40;0;0;-8.8;0;0;0;0;0;99;0;0;1878;66.64;0;0;0;0;0;0;0;0;0;0;0;0;0;0;0;0;34;0;38.0;38.0;2;0;0.00;0.00;0.00;0.0;0.0
82.388;152;1685;38;64030;9.0;19.700;1.340;29;68;9;0;100;101;100;109;100;110;100;50;50;0;1.856;1.856;0.000;0.000;14.700;1.000;10.4;0.0;0;33;3.000;2.809;13.1;-40;0;0;-8.8;0;0;0;0;0;99;0;0;1878;66.87;0;0;0;0;0;0;0;0;0;0;0;0;0;0;0;0;33;0;38.0;38.0;2;0;0.00;0.00;0.00;0.0;0.0
82.454;152;1683;38;63954;9.0;19.700;1.340;29;68;9;0;100;101;100;109;100;110;100;50;50;0;1.856;1.856;0.000;0.000;14.700;1.000;10.4;0.0;0;34;3.000;2.898;13.1;-80;0;0;-8.8;0;0;0;0;0;99;0;0;1878;66.95;0;0;0;0;0;0;0;0;0;0;0;0;0;0;0;0;34;0;38.0;38.0;2;0;0.00;0.00;0.00;0.0;0.0
82.520;152;1684;37;62308;9.0;18.700;1.272;29;68;9;0;100;101;100;109;100;110;100;49;49;0;1.831;1.831;0.000;0.000;14.700;1.000;10.3;0.0;0;34;3.000;2.955;13.1;10;0;0;-9.0;0;0;0;0;0;99;0;0;1878;66.91;0;0;0;0;0;0;0;0;0;0;0;0;0;0;0;0;34;0;37.0;37.0;2;0;0.00;0.00;0.00;0.0;0.0
82.590;152;1699;37;62863;9.0;19.600;1.333;29;68;9;0;100;101;100;109;100;110;100;49;49;0;1.831;1.831;0.000;0.000;14.700;1.000;10.4;0.0;0;34;3.000;3.027;13.1;10;0;0;-9.0;0;0;0;0;0;99;0;0;1878;66.32;0;0;0;0;0;0;0;0;0;0;0;0;0;0;0;0;34;0;37.0;37.0;2;0;0.00;0.00;0.00;0.0;0.0
82.655;152;1708;37;63196;9.0;19.000;1.293;29;68;9;0;100;101;100;109;100;110;100;49;49;0;1.915;1.915;0.000;0.000;14.700;1.000;10.9;0.0;0;34;3.000;2.877;12.4;150;0;0;-9.0;0;0;0;0;0;99;0;0;1878;65.97;0;0;0;0;0;0;0;0;0;0;0;0;0;0;0;0;34;0;37.0;37.0;2;0;0.00;0.00;0.00;0.0;0.0
82.720;152;1700;37;62900;9.0;19.000;1.293;29;68;9;0;100;101;100;109;100;110;100;49;49;0;1.915;1.915;0.000;0.000;14.700;1.000;10.9;0.0;0;34;3.000;2.930;12.4;10;0;0;-9.0;0;0;0;0;0;99;0;0;1878;66.28;0;0;0;0;0;0;0;0;0;0;0;0;0;0;0;0;34;0;37.0;37.0;2;0;0.00;0.00;0.00;0.0;0.0
82.789;152;1702;37;62974;9.0;19.500;1.327;29;68;9;0;100;101;100;109;100;110;100;49;49;0;1.915;1.915;0.000;0.000;14.700;1.000;10.9;0.0;0;34;3.000;2.954;12.4;10;0;0;-9.0;0;0;0;0;0;99;0;0;1878;66.20;0;0;0;0;0;0;0;0;0;0;0;0;0;0;0;0;34;0;37.0;37.0;2;0;0.00;0.00;0.00;0.0;0.0
82.856;152;1705;37;63085;9.0;19.700;1.340;29;68;9;0;100;101;100;109;100;110;100;49;49;0;1.915;1.915;0.000;0.000;14.700;1.000;10.9;0.0;0;34;3.000;3.069;12.4;20;0;0;-9.0;0;0;0;0;0;99;0;0;1878;66.09;0;0;0;0;0;0;0;0;0;0;0;0;0;0;0;0;34;0;37.0;37.0;2;0;0.00;0.00;0.00;0.0;0.0
82.856;152;1721;37;63677;9.0;19.700;1.340;29;68;9;0;100;101;100;109;100;110;100;49;49;0;1.867;1.867;0.000;0.000;14.700;1.000;10.7;0.0;0;34;3.000;3.007;12.8;190;0;0;-9.0;0;0;0;0;0;99;0;0;1878;65.47;0;0;0;0;0;0;0;0;0;0;0;0;0;0;0;0;34;0;37.0;37.0;2;0;0.00;0.00;0.00;0.0;0.0
82.996;152;1740;37;64380;9.0;19.000;1.293;29;68;9;0;100;101;100;109;100;110;100;49;49;0;1.867;1.867;0.000;0.000;14.700;1.000;10.8;0.0;0;35;3.000;2.975;12.8;190;0;0;-9.0;0;0;0;0;0;99;0;0;1878;64.76;0;0;0;0;0;0;0;0;0;0;0;0;0;0;0;0;35;0;37.0;37.0;2;0;0.00;0.00;0.00;0.0;0.0
83.064;152;1743;37;64491;9.0;18.100;1.231;29;68;9;0;100;101;100;109;100;110;100;50;50;0;1.874;1.874;0.000;0.000;14.700;1.000;10.9;0.0;0;34;3.000;2.957;12.8;190;0;0;-9.0;0;0;0;0;0;99;0;0;1878;64.65;0;0;0;0;0;0;0;0;0;0;0;0;0;0;0;0;34;0;37.0;37.0;2;0;0.00;0.00;0.00;0.0;0.0
83.127;153;1752;37;64824;9.0;16.800;1.143;29;68;9;0;100;101;100;109;100;110;100;50;50;0;1.862;1.862;0.000;0.000;14.700;1.000;10.9;0.0;0;34;3.000;2.847;12.9;120;0;0;-9.0;0;0;0;0;0;99;0;0;1877;64.28;0;0;0;0;0;0;0;0;0;0;0;0;0;0;0;0;34;0;37.0;37.0;2;0;0.00;0.00;0.00;0.0;0.0
83.192;153;1742;37;64454;9.0;17.500;1.190;29;68;9;0;100;101;100;109;100;110;100;49;49;0;1.855;1.855;0.000;0.000;14.700;1.000;10.8;0.0;0;34;3.000;2.870;12.9;120;0;0;-9.0;0;0;0;0;0;99;0;0;1877;64.65;0;0;0;0;0;0;0;0;0;0;0;0;0;0;0;0;34;0;37.0;37.0;2;0;0.00;0.00;0.00;0.0;0.0
83.258;153;1729;37;63973;9.0;18.200;1.238;29;68;9;0;100;101;100;109;100;110;100;50;50;0;1.862;1.862;0.000;0.000;14.700;1.000;10.7;0.0;0;34;3.000;2.827;12.9;-100;0;0;-9.0;0;0;0;0;0;99;0;0;1877;65.14;0;0;0;0;0;0;0;0;0;0;0;0;0;0;0;0;34;0;37.0;37.0;2;0;0.00;0.00;0.00;0.0;0.0
83.322;153;1717;37;63529;9.0;19.000;1.293;29;68;9;0;100;101;100;109;100;110;100;49;49;0;1.855;1.855;0.000;0.000;14.700;1.000;10.6;0.0;0;34;3.000;2.781;12.9;-100;0;0;-9.0;0;0;0;0;0;99;0;0;1877;65.59;0;0;0;0;0;0;0;0;0;0;0;0;0;0;0;0;34;0;37.0;37.0;2;0;0.00;0.00;0.00;0.0;0.0
83.388;153;1693;37;62641;9.0;19.300;1.313;29;68;9;0;100;101;100;109;100;110;100;49;49;0;1.855;1.855;0.000;0.000;14.700;1.000;10.5;0.0;0;34;3.000;2.649;12.9;-250;0;0;-9.0;0;0;0;0;0;99;0;0;1877;66.52;0;0;0;0;0;0;0;0;0;0;0;0;0;0;0;0;34;0;37.0;37.0;2;0;0.00;0.00;0.00;0.0;0.0
83.454;153;1697;37;62789;9.0;18.900;1.286;29;68;9;0;100;101;100;109;100;110;100;50;50;0;1.862;1.862;0.000;0.000;14.700;1.000;10.5;0.0;0;34;3.000;2.983;12.9;-240;0;0;-9.0;0;0;0;0;0;99;0;0;1877;66.36;0;0;0;0;0;0;0;0;0;0;0;0;0;0;0;0;34;0;37.0;37.0;2;0;0.00;0.00;0.00;0.0;0.0
83.519;153;1697;38;64486;9.0;19.100;1.299;29;68;9;0;100;101;100;109;100;110;100;50;50;0;1.880;1.880;0.000;0.000;14.700;1.000;10.6;0.0;0;33;3.000;2.809;12.9;-240;0;0;-8.8;0;0;0;0;0;99;0;0;1877;66.36;0;0;0;0;0;0;0;0;0;0;0;0;0;0;0;0;33;0;38.0;38.0;2;0;0.00;0.00;0.00;0.0;0.0
83.585;153;1689;37;62493;9.0;19.700;1.340;29;68;9;0;100;101;100;109;100;110;100;49;49;0;1.855;1.855;0.000;0.000;14.700;1.000;10.4;0.0;0;34;3.000;2.830;12.9;-40;0;0;-9.0;0;0;0;0;0;99;0;0;1877;66.68;0;0;0;0;0;0;0;0;0;0;0;0;0;0;0;0;34;0;37.0;37.0;2;0;0.00;0.00;0.00;0.0;0.0
83.654;153;1686;37;62382;9.0;19.600;1.333;29;68;9;0;100;101;100;109;100;110;100;49;49;0;1.855;1.855;0.000;0.000;14.700;1.000;10.4;0.0;0;34;3.000;2.718;12.9;-30;0;0;-9.0;0;0;0;0;0;99;0;0;1877;66.80;0;0;0;0;0;0;0;0;0;0;0;0;0;0;0;0;34;0;37.0;37.0;2;0;0.00;0.00;0.00;0.0;0.0
83.720;153;1674;38;63612;9.0;19.700;1.340;29;68;9;0;100;101;100;109;100;110;100;50;50;0;1.880;1.880;0.000;0.000;14.700;1.000;10.5;0.0;0;34;3.000;2.671;12.9;-30;0;0;-8.8;0;0;0;0;0;99;0;0;1877;67.28;0;0;0;0;0;0;0;0;0;0;0;0;0;0;0;0;34;0;38.0;38.0;2;0;0.00;0.00;0.00;0.0;0.0
83.790;153;1654;38;62852;9.0;19.700;1.340;29;68;9;0;100;101;100;109;100;110;100;50;50;0;1.880;1.880;0.000;0.000;14.700;1.000;10.4;0.0;0;33;3.000;2.807;12.9;-120;0;0;-8.8;0;0;0;0;0;99;0;0;1877;68.09;0;0;0;0;0;0;0;0;0;0;0;0;0;0;0;0;33;0;38.0;38.0;2;0;0.00;0.00;0.00;0.0;0.0
83.855;153;1636;38;62168;9.0;19.700;1.340;29;68;9;0;100;101;100;109;100;110;100;50;50;0;1.880;1.880;0.000;0.000;14.700;1.000;10.3;0.0;0;34;3.000;2.768;12.9;-380;0;0;-8.8;0;0;0;0;0;99;0;0;1877;68.84;0;0;0;0;0;0;0;0;0;0;0;0;0;0;0;0;34;0;38.0;38.0;2;0;0.00;0.00;0.00;0.0;0.0
83.855;153;1621;38;61598;9.0;19.700;1.340;29;68;9;0;100;101;100;109;100;110;100;50;50;0;1.916;1.916;0.000;0.000;14.700;1.000;10.4;0.0;0;34;3.000;2.857;12.6;-380;0;0;-8.8;0;0;0;0;0;99;0;0;1877;69.48;0;0;0;0;0;0;0;0;0;0;0;0;0;0;0;0;34;0;38.0;38.0;2;0;0.00;0.00;0.00;0.0;0.0
83.920;153;1614;39;62946;9.0;19.700;1.340;29;68;9;0;100;101;100;109;100;110;100;50;50;0;1.925;1.925;0.000;0.000;14.700;1.000;10.4;0.0;0;33;3.000;2.728;12.6;-150;0;0;-8.7;0;0;0;0;0;99;0;0;1877;69.78;0;0;0;0;0;0;0;0;0;0;0;0;0;0;0;0;33;0;39.0;39.0;2;0;0.00;0.00;0.00;0.0;0.0
84.051;153;1588;39;61932;9.0;19.700;1.340;29;68;9;0;100;101;100;109;100;110;100;50;50;0;1.925;1.925;0.000;0.000;14.700;1.000;10.2;0.0;0;32;3.000;2.957;12.6;-330;0;0;-8.7;0;0;0;0;0;99;0;0;1877;70.92;0;0;0;0;0;0;0;0;0;0;0;0;0;0;0;0;32;0;39.0;39.0;2;0;0.00;0.00;0.00;0.0;0.0
84.121;153;1598;39;62322;9.0;19.700;1.340;29;68;9;0;100;101;100;109;100;110;100;50;50;0;1.925;1.925;0.000;0.000;14.700;1.000;10.3;0.0;0;33;3.000;3.114;12.6;-330;0;0;-8.7;0;0;0;0;0;99;0;0;1877;70.48;0;0;0;0;0;0;0;0;0;0;0;0;0;0;0;0;33;0;39.0;39.0;2;0;0.00;0.00;0.00;0.0;0.0
84.187;154;1605;39;62595;9.0;19.700;1.340;29;68;9;0;100;101;100;109;100;110;100;50;50;0;1.901;1.901;0.000;0.000;14.700;1.000;10.2;0.0;0;32;3.000;2.939;12.8;100;0;0;-8.7;0;0;0;0;0;99;0;0;1874;70.06;0;0;0;0;0;0;0;0;0;0;0;0;0;0;0;0;32;0;39.0;39.0;2;0;0.00;0.00;0.00;0.0;0.0
84.187;154;1605;39;62595;9.0;19.700;1.340;29;68;9;0;100;101;100;109;100;110;100;50;50;0;1.901;1.901;0.000;0.000;14.700;1.000;10.2;0.0;0;32;3.000;2.920;12.8;70;0;0;-8.7;0;0;0;0;0;99;0;0;1874;70.06;0;0;0;0;0;0;0;0;0;0;0;0;0;0;0;0;32;0;39.0;39.0;2;0;0.00;0.00;0.00;0.0;0.0
84.252;154;1611;39;62829;9.0;19.700;1.340;29;68;9;0;100;101;100;109;100;110;100;50;50;0;1.901;1.901;0.000;0.000;14.700;1.000;10.2;0.0;0;32;3.000;2.778;12.8;70;0;0;-8.7;0;0;0;0;0;99;0;0;1874;69.80;0;0;0;0;0;0;0;0;0;0;0;0;0;0;0;0;32;0;39.0;39.0;2;0;0.00;0.00;0.00;0.0;0.0
84.322;154;1605;39;62595;9.0;19.700;1.340;29;68;9;0;100;101;100;109;100;110;100;50;50;0;1.901;1.901;0.000;0.000;14.700;1.000;10.2;0.0;0;32;3.000;2.882;12.8;0;0;0;-8.7;0;0;0;0;0;99;0;0;1874;70.06;0;0;0;0;0;0;0;0;0;0;0;0;0;0;0;0;32;0;39.0;39.0;2;0;0.00;0.00;0.00;0.0;0.0
84.453;154;1600;39;62400;9.0;19.700;1.340;29;68;9;0;100;101;100;109;100;110;100;50;50;0;1.889;1.889;0.000;0.000;14.700;1.000;10.1;0.0;0;32;3.000;2.987;12.9;-50;0;0;-8.7;0;0;0;0;0;99;0;0;1874;70.28;0;0;0;0;0;0;0;0;0;0;0;0;0;0;0;0;32;0;39.0;39.0;2;0;0.00;0.00;0.00;0.0;0.0
84.519;154;1604;39;62556;9.0;19.700;1.340;29;68;9;0;100;101;100;109;100;110;100;50;50;0;1.889;1.889;0.000;0.000;14.700;1.000;10.1;0.0;0;32;3.000;2.854;12.9;-50;0;0;-8.7;0;0;0;0;0;99;0;0;1874;70.10;0;0;0;0;0;0;0;0;0;0;0;0;0;0;0;0;32;0;39.0;39.0;2;0;0.00;0.00;0.00;0.0;0.0
84.519;154;1595;39;62205;9.0;19.700;1.340;29;68;9;0;100;101;100;109;100;110;100;50;50;0;1.889;1.889;0.000;0.000;14.700;1.000;10.0;0.0;0;32;3.000;2.909;12.9;40;0;0;-8.7;0;0;0;0;0;99;0;0;1874;70.50;0;0;0;0;0;0;0;0;0;0;0;0;0;0;0;0;32;0;39.0;39.0;2;0;0.00;0.00;0.00;0.0;0.0
84.653;154;1593;40;63720;9.0;19.700;1.340;29;68;9;0;100;101;100;109;100;110;100;50;50;0;1.899;1.899;0.000;0.000;14.700;1.000;10.1;0.0;0;32;3.000;2.909;12.9;-110;0;0;-8.6;0;0;0;0;0;99;0;0;1874;70.58;0;0;0;0;0;0;0;0;0;0;0;0;0;0;0;0;32;0;40.0;40.0;2;0;0.00;0.00;0.00;0.0;0.0
84.720;154;1576;40;63040;9.0;19.700;1.340;29;68;9;0;100;101;100;109;100;110;100;50;50;0;1.899;1.899;0.000;0.000;14.700;1.000;10.0;0.0;0;32;3.000;2.602;12.9;-110;0;0;-8.6;0;0;0;0;0;99;0;0;1874;71.35;0;0;0;0;0;0;0;0;0;0;0;0;0;0;0;0;32;0;40.0;40.0;2;0;0.00;0.00;0.00;0.0;0.0
84.788;154;1563;40;62520;9.0;19.700;1.340;29;68;9;0;100;101;100;109;100;110;100;50;50;0;1.899;1.899;0.000;0.000;14.700;1.000;9.9;0.0;0;32;3.000;2.801;12.9;-170;0;0;-8.6;0;0;0;0;0;99;0;0;1874;71.94;0;0;0;0;0;0;0;0;0;0;0;0;0;0;0;0;32;0;40.0;40.0;2;0;0.00;0.00;0.00;0.0;0.0
84.854;154;1563;40;62520;9.0;19.600;1.333;29;68;9;0;100;101;100;109;100;110;100;50;50;0;1.899;1.899;0.000;0.000;14.700;1.000;9.9;0.0;0;32;3.000;2.719;12.9;-130;0;0;-8.6;0;0;0;0;0;99;0;0;1874;71.94;0;0;0;0;0;0;0;0;0;0;0;0;0;0;0;0;32;0;40.0;40.0;2;0;0.00;0.00;0.00;0.0;0.0
84.854;154;1554;40;62160;9.0;19.700;1.340;29;68;9;0;100;101;100;109;100;110;100;50;50;0;1.923;1.923;0.000;0.000;14.700;1.000;10.0;0.0;0;32;3.000;2.816;12.7;-130;0;0;-8.6;0;0;0;0;0;99;0;0;1874;72.36;0;0;0;0;0;0;0;0;0;0;0;0;0;0;0;0;32;0;40.0;40.0;2;0;0.00;0.00;0.00;0.0;0.0
84.985;154;1542;40;61680;9.0;19.700;1.340;29;68;9;0;100;101;100;109;100;110;100;50;50;0;1.923;1.923;0.000;0.000;14.700;1.000;9.9;0.0;0;32;3.000;2.968;12.7;-210;0;0;-8.6;0;0;0;0;0;99;0;0;1874;72.92;0;0;0;0;0;0;0;0;0;0;0;0;0;0;0;0;32;0;40.0;40.0;2;0;0.00;0.00;0.00;0.0;0.0
85.051;154;1540;41;63140;9.0;19.700;1.340;29;68;9;0;100;101;100;109;100;110;100;51;51;0;1.939;1.939;0.000;0.000;14.700;1.000;10.0;0.0;0;32;3.000;2.868;12.7;-20;0;0;-8.4;0;0;0;0;0;99;0;0;1874;73.01;0;0;0;0;0;0;0;0;0;0;0;0;0;0;0;0;32;0;41.0;41.0;2;0;0.00;0.00;0.00;0.0;0.0
85.051;154;1530;41;62730;9.0;19.700;1.340;29;68;9;0;100;101;100;109;100;110;100;51;51;0;1.939;1.939;0.000;0.000;14.700;1.000;9.9;0.0;0;32;3.000;3.059;12.7;-20;0;0;-8.4;0;0;0;0;0;99;0;0;1874;73.49;0;0;0;0;0;0;0;0;0;0;0;0;0;0;0;0;32;0;41.0;41.0;2;0;0.00;0.00;0.00;0.0;0.0
85.186;155;1551;40;62040;9.0;19.700;1.340;29;68;9;0;100;101;100;109;100;110;100;50;50;0;1.923;1.923;0.000;0.000;14.700;1.000;9.9;0.0;0;32;3.000;3.226;12.7;-100;0;0;-8.6;0;0;0;0;0;99;0;0;1885;72.92;0;0;0;0;0;0;0;0;0;0;0;0;0;0;0;0;32;0;40.0;40.0;2;0;0.00;0.00;0.00;0.0;0.0
85.252;155;1564;40;62560;9.0;19.700;1.340;29;68;9;0;100;101;100;109;100;110;100;50;50;0;1.923;1.923;0.000;0.000;14.700;1.000;10.0;0.0;0;32;3.000;3.086;12.7;340;0;0;-8.6;0;0;0;0;0;99;0;0;1885;72.31;0;0;0;0;0;0;0;0;0;0;0;0;0;0;0;0;32;0;40.0;40.0;2;0;0.00;0.00;0.00;0.0;0.0
85.322;155;1564;40;62560;9.0;19.700;1.340;29;68;9;0;100;101;100;109;100;110;100;50;50;0;1.923;1.923;0.000;0.000;14.700;1.000;10.0;0.0;0;32;3.000;2.891;12.7;340;0;0;-8.6;0;0;0;0;0;99;0;0;1885;72.31;0;0;0;0;0;0;0;0;0;0;0;0;0;0;0;0;32;0;40.0;40.0;2;0;0.00;0.00;0.00;0.0;0.0
85.322;155;1573;40;62920;9.0;19.700;1.340;29;68;9;0;100;101;100;109;100;110;100;50;50;0;1.923;1.923;0.000;0.000;14.700;1.000;10.1;0.0;0;32;3.000;2.855;12.7;90;0;0;-8.6;0;0;0;0;0;99;0;0;1885;71.90;0;0;0;0;0;0;0;0;0;0;0;0;0;0;0;0;32;0;40.0;40.0;2;0;0.00;0.00;0.00;0.0;0.0
85.460;155;1581;39;61659;9.0;19.700;1.340;29;68;9;0;100;101;100;109;100;110;100;50;50;0;1.901;1.901;0.000;0.000;14.700;1.000;10.0;0.0;0;32;3.000;2.922;12.8;80;0;0;-8.7;0;0;0;0;0;99;0;0;1885;71.54;0;0;0;0;0;0;0;0;0;0;0;0;0;0;0;0;32;0;39.0;39.0;2;0;0.00;0.00;0.00;0.0;0.0
85.522;155;1587;39;61893;9.0;19.700;1.340;29;68;9;0;100;101;100;109;100;110;100;50;50;0;1.901;1.901;0.000;0.000;14.700;1.000;10.1;0.0;0;32;3.000;3.073;12.8;80;0;0;-8.7;0;0;0;0;0;99;0;0;1885;71.27;0;0;0;0;0;0;0;0;0;0;0;0;0;0;0;0;32;0;39.0;39.0;2;0;0.00;0.00;0.00;0.0;0.0
85.588;155;1605;39;62595;9.0;19.700;1.340;29;68;9;0;100;101;100;109;100;110;100;50;50;0;1.901;1.901;0.000;0.000;14.700;1.000;10.2;0.0;0;32;3.000;2.992;12.8;240;0;0;-8.7;0;0;0;0;0;99;0;0;1885;70.47;0;0;0;0;0;0;0;0;0;0;0;0;0;0;0;0;32;0;39.0;39.0;2;0;0.00;0.00;0.00;0.0;0.0
85.656;155;1614;39;62946;9.0;19.400;1.320;29;68;9;0;100;101;100;109;100;110;100;50;50;0;1.901;1.901;0.000;0.000;14.700;1.000;10.2;0.0;0;33;3.000;2.936;12.8;240;0;0;-8.7;0;0;0;0;0;99;0;0;1885;70.07;0;0;0;0;0;0;0;0;0;0;0;0;0;0;0;0;33;0;39.0;39.0;2;0;0.00;0.00;0.00;0.0;0.0
85.726;155;1627;39;63453;9.0;19.700;1.340;29;68;9;0;100;101;100;109;100;110;100;50;50;0;1.901;1.901;0.000;0.000;14.700;1.000;10.3;0.0;0;33;3.000;3.000;12.8;90;0;0;-8.7;0;0;0;0;0;99;0;0;1885;69.51;0;0;0;0;0;0;0;0;0;0;0;0;0;0;0;0;33;0;39.0;39.0;2;0;0.00;0.00;0.00;0.0;0.0
85.792;155;1640;39;63960;9.0;19.700;1.340;29;68;9;0;100;101;100;109;100;110;100;51;51;0;1.909;1.909;0.000;0.000;14.700;1.000;10.4;0.0;0;33;3.000;2.922;12.8;130;0;0;-8.7;0;0;0;0;0;99;0;0;1885;68.96;0;0;0;0;0;0;0;0;0;0;0;0;0;0;0;0;33;0;39.0;39.0;2;0;0.00;0.00;0.00;0.0;0.0
85.860;155;1628;38;61864;9.0;19.700;1.340;29;68;9;0;100;101;100;109;100;110;100;50;50;0;1.892;1.892;0.000;0.000;14.700;1.000;10.3;0.0;0;34;3.000;2.749;12.8;130;0;0;-8.8;0;0;0;0;0;99;0;0;1885;69.47;0;0;0;0;0;0;0;0;0;0;0;0;0;0;0;0;34;0;38.0;38.0;2;0;0.00;0.00;0.00;0.0;0.0
85.924;155;1628;39;63492;9.0;19.700;1.340;29;68;9;0;100;101;100;109;100;110;100;50;50;0;1.877;1.877;0.000;0.000;14.700;1.000;10.2;0.0;0;33;3.000;2.958;13.0;10;0;0;-8.7;0;0;0;0;0;99;0;0;1885;69.47;0;0;0;0;0;0;0;0;0;0;0;0;0;0;0;0;33;0;39.0;39.0;2;0;0.00;0.00;0.00;0.0;0.0
85.989;155;1628;39;63492;9.0;19.700;1.340;29;68;9;0;100;101;100;109;100;110;100;50;50;0;1.877;1.877;0.000;0.000;14.700;1.000;10.2;0.0;0;33;3.000;2.910;13.0;0;0;0;-8.7;0;0;0;0;0;99;0;0;1885;69.47;0;0;0;0;0;0;0;0;0;0;0;0;0;0;0;0;33;0;39.0;39.0;2;0;0.00;0.00;0.00;0.0;0.0
86.058;155;1638;39;63882;9.0;19.700;1.340;29;68;9;0;100;101;100;109;100;110;100;50;50;0;1.877;1.877;0.000;0.000;14.700;1.000;10.2;0.0;0;33;3.000;2.707;13.0;0;0;0;-8.7;0;0;0;0;0;99;0;0;1885;69.05;0;0;0;0;0;0;0;0;0;0;0;0;0;0;0;0;33;0;39.0;39.0;2;0;0.00;0.00;0.00;0.0;0.0
86.124;155;1632;39;63648;9.0;19.700;1.340;29;68;9;0;100;101;100;109;100;110;100;50;50;0;1.877;1.877;0.000;0.000;14.700;1.000;10.2;0.0;0;33;3.000;2.890;13.0;100;0;0;-8.7;0;0;0;0;0;99;0;0;1885;69.30;0;0;0;0;0;0;0;0;0;0;0;0;0;0;0;0;33;0;39.0;39.0;2;0;0.00;0.00;0.00;0.0;0.0
86.194;156;1636;38;62168;9.0;19.700;1.340;29;69;9;0;100;101;100;108;100;109;100;50;50;0;1.853;1.853;0.000;0.000;14.700;1.000;10.1;0.0;0;34;3.000;2.782;13.1;-20;0;0;-8.8;0;0;0;0;0;99;0;0;1883;69.06;0;0;0;0;0;0;0;0;0;0;0;0;0;0;0;0;34;0;38.0;38.0;2;0;0.00;0.00;0.00;0.0;0.0
86.256;156;1615;38;61370;9.0;19.700;1.340;29;69;9;0;100;101;100;108;100;109;100;50;50;0;1.853;1.853;0.000;0.000;14.700;1.000;10.0;0.0;0;33;3.000;2.740;13.1;-20;0;0;-8.8;0;0;0;0;0;99;0;0;1883;69.96;0;0;0;0;0;0;0;0;0;0;0;0;0;0;0;0;33;0;38.0;38.0;2;0;0.00;0.00;0.00;0.0;0.0
86.329;156;1592;39;62088;9.0;19.700;1.340;29;69;9;0;100;101;100;108;100;109;100;50;50;0;1.862;1.862;0.000;0.000;14.700;1.000;9.9;0.0;0;32;3.000;2.877;13.1;-210;0;0;-8.7;0;0;0;0;0;99;0;0;1883;70.97;0;0;0;0;0;0;0;0;0;0;0;0;0;0;0;0;32;0;39.0;39.0;2;0;0.00;0.00;0.00;0.0;0.0
86.397;156;1576;40;63040;9.0;19.700;1.340;29;69;9;0;100;101;100;108;100;109;100;50;50;0;1.872;1.872;0.000;0.000;14.700;1.000;9.8;0.0;0;32;3.000;2.749;13.1;-390;0;0;-8.6;0;0;0;0;0;99;0;0;1883;71.69;0;0;0;0;0;0;0;0;0;0;0;0;0;0;0;0;32;0;40.0;40.0;2;0;0.00;0.00;0.00;0.0;0.0
86.461;156;1545;40;61800;9.0;19.700;1.340;29;69;9;0;100;101;100;108;100;109;100;50;50;0;1.908;1.908;0.000;0.000;14.700;1.000;9.8;0.0;0;32;3.000;2.506;12.8;-390;0;0;-8.6;0;0;0;0;0;99;0;0;1883;73.13;0;0;0;0;0;0;0;0;0;0;0;0;0;0;0;0;32;0;40.0;40.0;2;0;0.00;0.00;0.00;0.0;0.0
86.526;156;1533;40;61320;9.0;19.700;1.340;29;69;9;0;100;101;100;108;100;109;100;50;50;0;1.908;1.908;0.000;0.000;14.700;1.000;9.7;0.0;0;32;3.000;2.832;12.8;-310;0;0;-8.6;0;0;0;0;0;99;0;0;1883;73.70;0;0;0;0;0;0;0;0;0;0;0;0;0;0;0;0;32;0;40.0;40.0;2;0;0.00;0.00;0.00;0.0;0.0
86.592;156;1533;40;61320;9.0;19.700;1.340;29;69;9;0;100;101;100;108;100;109;100;50;50;0;1.908;1.908;0.000;0.000;14.700;1.000;9.7;0.0;0;32;3.000;2.754;12.8;-120;0;0;-8.6;0;0;0;0;0;99;0;0;1883;73.70;0;0;0;0;0;0;0;0;0;0;0;0;0;0;0;0;32;0;40.0;40.0;2;0;0.00;0.00;0.00;0.0;0.0
86.660;156;1516;41;62156;9.0;19.700;1.340;29;69;9;0;100;101;100;108;100;109;100;51;51;0;1.924;1.924;0.000;0.000;14.700;1.000;9.7;0.0;0;32;3.000;2.872;12.8;-120;0;0;-8.4;0;0;0;0;0;99;0;0;1883;74.53;0;0;0;0;0;0;0;0;0;0;0;0;0;0;0;0;32;0;41.0;41.0;2;0;0.00;0.00;0.00;0.0;0.0
86.726;156;1515;41;62115;9.0;19.700;1.340;29;69;9;0;100;101;100;108;100;109;100;51;51;0;1.912;1.912;0.000;0.000;14.700;1.000;9.7;0.0;0;32;3.000;2.898;12.9;-170;0;0;-8.4;0;0;0;0;0;99;0;0;1883;74.57;0;0;0;0;0;0;0;0;0;0;0;0;0;0;0;0;32;0;41.0;41.0;2;0;0.00;0.00;0.00;0.0;0.0
86.792;156;1514;41;62074;9.0;19.700;1.340;29;69;9;0;100;101;100;108;100;109;100;51;51;0;1.912;1.912;0.000;0.000;14.700;1.000;9.6;0.0;0;32;3.000;2.927;12.9;-20;0;0;-8.4;0;0;0;0;0;99;0;0;1883;74.62;0;0;0;0;0;0;0;0;0;0;0;0;0;0;0;0;32;0;41.0;41.0;2;0;0.00;0.00;0.00;0.0;0.0
86.858;156;1517;41;62197;9.0;19.700;1.340;29;69;9;0;100;101;100;108;100;109;100;51;51;0;1.912;1.912;0.000;0.000;14.700;1.000;9.7;0.0;0;32;3.000;2.878;12.9;-20;0;0;-8.4;0;0;0;0;0;99;0;0;1883;74.48;0;0;0;0;0;0;0;0;0;0;0;0;0;0;0;0;32;0;41.0;41.0;2;0;0.00;0.00;0.00;0.0;0.0
86.924;156;1527;41;62607;9.0;19.600;1.333;29;69;9;0;100;101;100;108;100;109;100;51;51;0;1.912;1.912;0.000;0.000;14.700;1.000;9.7;0.0;0;32;3.000;2.970;12.9;30;0;0;-8.4;0;0;0;0;0;99;0;0;1883;73.99;0;0;0;0;0;0;0;0;0;0;0;0;0;0;0;0;32;0;41.0;41.0;2;0;0.00;0.00;0.00;0.0;0.0
86.992;156;1527;41;62607;9.0;19.700;1.340;29;69;9;0;100;101;100;108;100;109;100;51;51;0;1.900;1.900;0.000;0.000;14.700;1.000;9.7;0.0;0;32;3.000;2.782;13.0;100;0;0;-8.4;0;0;0;0;0;99;0;0;1883;73.99;0;0;0;0;0;0;0;0;0;0;0;0;0;0;0;0;32;0;41.0;41.0;2;0;0.00;0.00;0.00;0.0;0.0
87.058;156;1526;41;62566;9.0;19.700;1.340;29;69;9;0;100;101;100;108;100;109;100;51;51;0;1.900;1.900;0.000;0.000;14.700;1.000;9.7;0.0;0;32;3.000;2.811;13.0;100;0;0;-8.4;0;0;0;0;0;99;0;0;1883;74.04;0;0;0;0;0;0;0;0;0;0;0;0;0;0;0;0;32;0;41.0;41.0;2;0;0.00;0.00;0.00;0.0;0.0
87.124;156;1521;41;62361;9.0;19.700;1.340;29;69;9;0;100;101;100;108;100;109;100;51;51;0;1.900;1.900;0.000;0.000;14.700;1.000;9.6;0.0;0;32;3.000;2.947;13.0;-60;0;0;-8.4;0;0;0;0;0;99;0;0;1883;74.28;0;0;0;0;0;0;0;0;0;0;0;0;0;0;0;0;32;0;41.0;41.0;2;0;0.00;0.00;0.00;0.0;0.0
87.190;157;1523;41;62443;9.0;19.700;1.340;29;69;9;0;100;101;100;108;100;109;100;51;51;0;1.900;1.900;0.000;0.000;14.700;1.000;9.6;0.0;0;32;3.000;2.756;13.0;20;0;0;-8.4;0;0;0;0;0;99;0;0;1888;74.38;0;0;0;0;0;0;0;0;0;0;0;0;0;0;0;0;32;0;41.0;41.0;2;0;0.00;0.00;0.00;0.0;0.0
87.262;157;1511;41;61951;9.0;19.700;1.340;29;69;9;0;100;101;100;108;100;109;100;51;51;0;1.900;1.900;0.000;0.000;14.700;1.000;9.6;0.0;0;32;3.000;2.831;13.0;20;0;0;-8.4;0;0;0;0;0;99;0;0;1888;74.97;0;0;0;0;0;0;0;0;0;0;0;0;0;0;0;0;32;0;41.0;41.0;2;0;0.00;0.00;0.00;0.0;0.0
87.327;157;1503;41;61623;9.0;19.700;1.340;29;69;9;0;100;101;100;108;100;109;100;51;51;0;1.900;1.900;0.000;0.000;14.700;1.000;9.5;0.0;0;32;3.000;2.691;13.0;-120;0;0;-8.4;0;0;0;0;0;99;0;0;1888;75.37;0;0;0;0;0;0;0;0;0;0;0;0;0;0;0;0;32;0;41.0;41.0;2;0;0.00;0.00;0.00;0.0;0.0
87.390;157;1503;41;61623;9.0;19.700;1.340;29;69;9;0;100;101;100;108;100;109;100;51;51;0;1.900;1.900;0.000;0.000;14.700;1.000;9.5;0.0;0;32;3.000;2.897;13.0;-80;0;0;-8.4;0;0;0;0;0;99;0;0;1888;75.37;0;0;0;0;0;0;0;0;0;0;0;0;0;0;0;0;32;0;41.0;41.0;2;0;0.00;0.00;0.00;0.0;0.0
87.458;157;1501;41;61541;9.0;19.700;1.340;29;69;9;0;100;101;100;108;100;109;100;51;51;0;1.900;1.900;0.000;0.000;14.700;1.000;9.5;0.0;0;32;3.000;2.770;13.0;-80;0;0;-8.4;0;0;0;0;0;99;0;0;1888;75.47;0;0;0;0;0;0;0;0;0;0;0;0;0;0;0;0;32;0;41.0;41.0;2;0;0.00;0.00;0.00;0.0;0.0
87.527;157;1484;41;60844;9.0;19.600;1.333;29;69;9;0;100;101;100;108;100;109;100;51;51;0;1.900;1.900;0.000;0.000;14.700;1.000;9.4;0.0;0;31;3.000;2.944;13.0;-200;0;0;-8.4;0;0;0;0;0;99;0;0;1888;76.33;0;0;0;0;0;0;0;0;0;0;0;0;0;0;0;0;31;0;41.0;41.0;2;0;0.00;0.00;0.00;0.0;0.0
87.591;157;1492;41;61172;9.0;19.700;1.340;29;69;9;0;100;101;100;108;100;109;100;51;51;0;1.900;1.900;0.000;0.000;14.700;1.000;9.4;0.0;0;31;3.000;2.933;13.0;-200;0;0;-8.4;0;0;0;0;0;99;0;0;1888;75.92;0;0;0;0;0;0;0;0;0;0;0;0;0;0;0;0;31;0;41.0;41.0;2;0;0.00;0.00;0.00;0.0;0.0
87.658;157;1499;41;61459;9.0;19.700;1.340;29;69;9;0;100;101;100;108;100;109;100;51;51;0;1.900;1.900;0.000;0.000;14.700;1.000;9.5;0.0;0;31;3.000;2.897;13.0;90;0;0;-8.4;0;0;0;0;0;99;0;0;1888;75.57;0;0;0;0;0;0;0;0;0;0;0;0;0;0;0;0;31;0;41.0;41.0;2;0;0.00;0.00;0.00;0.0;0.0
87.726;157;1482;41;60762;9.0;19.700;1.340;29;69;9;0;100;101;100;108;100;109;100;51;51;0;1.936;1.936;0.000;0.000;14.700;1.000;9.6;0.0;0;31;3.000;2.920;12.7;0;0;0;-8.4;0;0;0;0;0;99;0;0;1888;76.44;0;0;0;0;0;0;0;0;0;0;0;0;0;0;0;0;31;0;41.0;41.0;2;0;0.00;0.00;0.00;0.0;0.0
87.726;157;1472;41;60352;9.0;19.700;1.340;29;69;9;0;100;101;100;108;100;109;100;51;51;0;1.936;1.936;0.000;0.000;14.700;1.000;9.5;0.0;0;31;3.000;2.754;12.7;0;0;0;-8.4;0;0;0;0;0;99;0;0;1888;76.96;0;0;0;0;0;0;0;0;0;0;0;0;0;0;0;0;31;0;41.0;41.0;2;0;0.00;0.00;0.00;0.0;0.0
87.794;157;1490;41;61090;9.0;19.700;1.340;29;69;9;0;100;101;100;108;100;109;100;51;51;0;1.936;1.936;0.000;0.000;14.700;1.000;9.6;0.0;0;31;3.000;2.926;12.7;-200;0;0;-8.4;0;0;0;0;0;99;0;0;1888;76.03;0;0;0;0;0;0;0;0;0;0;0;0;0;0;0;0;31;0;41.0;41.0;2;0;0.00;0.00;0.00;0.0;0.0
87.922;157;1494;41;61254;9.0;19.700;1.340;29;69;9;0;100;101;100;108;100;109;100;51;51;0;1.936;1.936;0.000;0.000;14.700;1.000;9.6;0.0;0;31;3.000;2.937;12.7;170;0;0;-8.4;0;0;0;0;0;99;0;0;1888;75.82;0;0;0;0;0;0;0;0;0;0;0;0;0;0;0;0;31;0;41.0;41.0;2;0;0.00;0.00;0.00;0.0;0.0
87.922;157;1498;42;62916;9.0;19.700;1.340;29;69;9;0;100;101;100;108;100;109;100;51;51;0;1.931;1.931;0.000;0.000;14.700;1.000;9.6;0.0;0;31;3.000;2.971;12.9;170;0;0;-8.3;0;0;0;0;0;99;0;0;1888;75.62;0;0;0;0;0;0;0;0;0;0;0;0;0;0;0;0;31;0;42.0;42.0;2;0;0.00;0.00;0.00;0.0;0.0
87.988;157;1504;41;61664;9.0;19.700;1.340;29;69;9;0;100;101;100;108;100;109;100;51;51;0;1.912;1.912;0.000;0.000;14.700;1.000;9.6;0.0;0;32;3.000;3.111;12.9;90;0;0;-8.4;0;0;0;0;0;99;0;0;1888;75.32;0;0;0;0;0;0;0;0;0;0;0;0;0;0;0;0;32;0;41.0;41.0;2;0;0.00;0.00;0.00;0.0;0.0
88.118;157;1528;41;62648;9.0;19.700;1.340;29;69;9;0;100;101;100;108;100;109;100;51;51;0;1.912;1.912;0.000;0.000;14.700;1.000;9.7;0.0;0;32;3.000;3.090;12.9;60;0;0;-8.4;0;0;0;0;0;99;0;0;1888;74.14;0;0;0;0;0;0;0;0;0;0;0;0;0;0;0;0;32;0;41.0;41.0;2;0;0.00;0.00;0.00;0.0;0.0
88.184;157;1528;41;62648;9.0;19.700;1.340;29;69;9;0;100;101;100;108;100;109;100;51;51;0;1.912;1.912;0.000;0.000;14.700;1.000;9.7;0.0;0;32;3.000;2.772;12.9;60;0;0;-8.4;0;0;0;0;0;99;0;0;1888;74.14;0;0;0;0;0;0;0;0;0;0;0;0;0;0;0;0;32;0;41.0;41.0;2;0;0.00;0.00;0.00;0.0;0.0
88.184;158;1529;41;62689;9.0;19.700;1.340;29;69;9;0;100;101;100;108;100;109;100;51;51;0;1.900;1.900;0.000;0.000;14.700;1.000;9.7;0.0;0;32;3.000;3.107;13.0;250;0;0;-8.4;0;0;0;0;0;99;0;0;1865;73.19;0;0;0;0;0;0;0;0;0;0;0;0;0;0;0;0;32;0;41.0;41.0;2;0;0.00;0.00;0.00;0.0;0.0
88.253;158;1539;40;61560;9.0;19.700;1.340;29;69;9;0;100;101;100;108;100;109;100;50;50;0;1.884;1.884;0.000;0.000;14.700;1.000;9.7;0.0;0;32;3.000;2.862;13.0;100;0;0;-8.6;0;0;0;0;0;99;0;0;1865;72.71;0;0;0;0;0;0;0;0;0;0;0;0;0;0;0;0;32;0;40.0;40.0;2;0;0.00;0.00;0.00;0.0;0.0
88.389;158;1537;41;63017;9.0;19.700;1.340;29;69;9;0;100;101;100;108;100;109;100;51;51;0;1.900;1.900;0.000;0.000;14.700;1.000;9.7;0.0;0;32;3.000;3.008;13.0;100;0;0;-8.4;0;0;0;0;0;99;0;0;1865;72.80;0;0;0;0;0;0;0;0;0;0;0;0;0;0;0;0;32;0;41.0;41.0;2;0;0.00;0.00;0.00;0.0;0.0
88.454;158;1540;40;61600;9.0;19.600;1.333;29;69;9;0;100;101;100;108;100;109;100;50;50;0;1.884;1.884;0.000;0.000;14.700;1.000;9.7;0.0;0;32;3.000;2.905;13.0;-20;0;0;-8.6;0;0;0;0;0;99;0;0;1865;72.66;0;0;0;0;0;0;0;0;0;0;0;0;0;0;0;0;32;0;40.0;40.0;2;0;0.00;0.00;0.00;0.0;0.0
88.520;158;1537;40;61480;9.0;19.700;1.340;29;69;9;0;100;101;100;108;100;109;100;50;50;0;1.872;1.872;0.000;0.000;14.700;1.000;9.6;0.0;0;32;3.000;2.932;13.1;30;0;0;-8.6;0;0;0;0;0;99;0;0;1865;72.80;0;0;0;0;0;0;0;0;0;0;0;0;0;0;0;0;32;0;40.0;40.0;2;0;0.00;0.00;0.00;0.0;0.0
88.586;158;1544;40;61760;9.0;19.700;1.340;29;69;9;0;100;101;100;108;100;109;100;50;50;0;1.872;1.872;0.000;0.000;14.700;1.000;9.6;0.0;0;32;3.000;3.019;13.1;30;0;0;-8.6;0;0;0;0;0;99;0;0;1865;72.47;0;0;0;0;0;0;0;0;0;0;0;0;0;0;0;0;32;0;40.0;40.0;2;0;0.00;0.00;0.00;0.0;0.0
88.655;158;1544;41;63304;9.0;19.700;1.340;29;69;9;0;100;101;100;108;100;109;100;51;51;0;1.888;1.888;0.000;0.000;14.700;1.000;9.7;0.0;0;32;3.000;2.709;13.1;40;0;0;-8.4;0;0;0;0;0;99;0;0;1865;72.47;0;0;0;0;0;0;0;0;0;0;0;0;0;0;0;0;32;0;41.0;41.0;2;0;0.00;0.00;0.00;0.0;0.0
88.720;158;1531;41;62771;9.0;19.700;1.340;29;69;9;0;100;101;100;108;100;109;100;51;51;0;1.888;1.888;0.000;0.000;14.700;1.000;9.6;0.0;0;32;3.000;2.774;13.1;-130;0;0;-8.4;0;0;0;0;0;99;0;0;1865;73.09;0;0;0;0;0;0;0;0;0;0;0;0;0;0;0;0;32;0;41.0;41.0;2;0;0.00;0.00;0.00;0.0;0.0
88.787;158;1511;41;61951;9.0;19.700;1.340;29;69;9;0;100;101;100;108;100;109;100;51;51;0;1.888;1.888;0.000;0.000;14.700;1.000;9.5;0.0;0;32;3.000;2.731;13.1;-130;0;0;-8.4;0;0;0;0;0;99;0;0;1865;74.06;0;0;0;0;0;0;0;0;0;0;0;0;0;0;0;0;32;0;41.0;41.0;2;0;0.00;0.00;0.00;0.0;0.0
88.855;158;1468;41;60188;9.0;19.700;1.340;29;69;9;0;100;101;100;108;100;109;100;51;51;0;1.888;1.888;0.000;0.000;14.700;1.000;9.2;0.0;0;31;3.000;2.664;13.1;-200;0;0;-8.4;0;0;0;0;0;99;0;0;1865;76.23;0;0;0;0;0;0;0;0;0;0;0;0;0;0;0;0;31;0;41.0;41.0;2;0;0.00;0.00;0.00;0.0;0.0
88.855;158;1448;42;60816;9.0;19.700;1.340;29;69;9;0;100;101;100;108;100;109;100;51;51;0;1.907;1.907;0.000;0.000;14.700;1.000;9.2;0.0;0;31;3.000;2.967;13.1;-630;0;0;-8.3;0;0;0;0;0;99;0;0;1865;77.28;0;0;0;0;0;0;0;0;0;0;0;0;0;0;0;0;31;0;42.0;42.0;2;0;0.00;0.00;0.00;0.0;0.0
88.921;158;1431;42;60102;9.0;19.700;1.340;29;69;9;0;100;101;100;108;100;109;100;51;51;0;1.919;1.919;0.000;0.000;14.700;1.000;9.2;0.0;0;31;3.000;2.779;13.0;-630;0;0;-8.3;0;0;0;0;0;99;0;0;1865;78.20;0;0;0;0;0;0;0;0;0;0;0;0;0;0;0;0;31;0;42.0;42.0;2;0;0.00;0.00;0.00;0.0;0.0
89.052;158;1427;43;61361;9.0;19.700;1.340;29;69;9;0;100;101;100;108;100;109;100;51;51;0;1.927;1.927;0.000;0.000;14.700;1.000;9.2;0.0;0;31;3.000;2.959;13.0;-230;0;0;-8.1;0;0;0;0;0;99;0;0;1865;78.42;0;0;0;0;0;0;0;0;0;0;0;0;0;0;0;0;31;0;43.0;43.0;2;0;0.00;0.00;0.00;0.0;0.0
89.118;158;1426;43;61318;9.0;19.700;1.340;29;69;9;0;100;101;100;108;100;109;100;52;52;0;1.944;1.944;0.000;0.000;14.700;1.000;9.2;0.0;0;31;3.000;2.797;13.0;70;0;0;-8.1;0;0;0;0;0;99;0;0;1865;78.47;0;0;0;0;0;0;0;0;0;0;0;0;0;0;0;0;31;0;43.0;43.0;2;0;0.00;0.00;0.00;0.0;0.0
89.187;158;1422;43;61146;9.0;19.600;1.333;29;69;9;0;100;101;100;108;100;109;100;51;51;0;1.927;1.927;0.000;0.000;14.700;1.000;9.1;0.0;0;31;3.000;2.977;13.0;70;0;0;-8.1;0;0;0;0;0;99;0;0;1865;78.69;0;0;0;0;0;0;0;0;0;0;0;0;0;0;0;0;31;0;43.0;43.0;2;0;0.00;0.00;0.00;0.0;0.0
89.253;159;1437;43;61791;9.0;19.700;1.340;29;69;9;0;100;101;100;108;100;109;100;51;51;0;1.951;1.951;0.000;0.000;14.700;1.000;9.3;0.0;0;32;3.000;3.047;12.8;-10;0;0;-8.1;0;0;0;0;0;99;0;0;1874;78.25;0;0;0;0;0;0;0;0;0;0;0;0;0;0;0;0;32;0;43.0;43.0;2;0;0.00;0.00;0.00;0.0;0.0
89.319;159;1418;43;60974;9.0;19.700;1.340;29;69;9;0;100;101;100;108;100;109;100;51;51;0;1.951;1.951;0.000;0.000;14.700;1.000;9.2;0.0;0;31;3.000;2.759;12.8;-130;0;0;-8.1;0;0;0;0;0;99;0;0;1874;79.29;0;0;0;0;0;0;0;0;0;0;0;0;0;0;0;0;31;0;43.0;43.0;2;0;0.00;0.00;0.00;0.0;0.0
89.384;159;1433;42;60186;9.0;19.700;1.340;29;69;9;0;100;101;100;108;100;109;100;51;51;0;1.943;1.943;0.000;0.000;14.700;1.000;9.3;0.0;0;31;3.000;3.011;12.8;-130;0;0;-8.3;0;0;0;0;0;99;0;0;1874;78.46;0;0;0;0;0;0;0;0;0;0;0;0;0;0;0;0;31;0;42.0;42.0;2;0;0.00;0.00;0.00;0.0;0.0
89.453;159;1450;43;62350;9.0;19.700;1.340;29;69;9;0;100;101;100;108;100;109;100;52;52;0;1.968;1.968;0.000;0.000;14.700;1.000;9.5;0.0;0;31;3.000;2.863;12.8;300;0;0;-8.1;0;0;0;0;0;99;0;0;1874;77.54;0;0;0;0;0;0;0;0;0;0;0;0;0;0;0;0;31;0;43.0;43.0;2;0;0.00;0.00;0.00;0.0;0.0
89.519;159;1454;43;62522;9.0;19.700;1.340;29;69;9;0;100;101;100;108;100;109;100;52;52;0;2.052;2.052;0.000;0.000;14.700;1.000;9.9;0.0;0;31;3.000;2.915;12.1;300;0;0;-8.1;0;0;0;0;0;99;0;0;1874;77.33;0;0;0;0;0;0;0;0;0;0;0;0;0;0;0;0;31;0;43.0;43.0;2;0;0.00;0.00;0.00;0.0;0.0
89.589;159;1476;42;61992;9.0;19.700;1.340;29;69;9;0;100;101;100;108;100;109;100;51;51;0;2.027;2.027;0.000;0.000;14.700;1.000;10.0;0.0;0;31;3.000;3.120;12.1;60;0;0;-8.3;0;0;0;0;0;99;0;0;1874;76.18;0;0;0;0;0;0;0;0;0;0;0;0;0;0;0;0;31;0;42.0;42.0;2;0;0.00;0.00;0.00;0.0;0.0
89.654;159;1486;42;62412;9.0;19.700;1.340;29;69;9;0;100;101;100;108;100;109;100;51;51;0;2.027;2.027;0.000;0.000;14.700;1.000;10.0;0.0;0;31;3.000;2.850;12.1;410;0;0;-8.3;0;0;0;0;0;99;0;0;1874;75.67;0;0;0;0;0;0;0;0;0;0;0;0;0;0;0;0;31;0;42.0;42.0;2;0;0.00;0.00;0.00;0.0;0.0
89.721;159;1514;41;62074;9.0;19.700;1.340;29;69;9;0;100;101;100;108;100;109;100;51;51;0;2.008;2.008;0.000;0.000;14.700;1.000;10.1;0.0;0;32;3.000;2.968;12.1;410;0;0;-8.4;0;0;0;0;0;99;0;0;1874;74.27;0;0;0;0;0;0;0;0;0;0;0;0;0;0;0;0;32;0;41.0;41.0;2;0;0.00;0.00;0.00;0.0;0.0
89.790;159;1521;41;62361;9.0;19.700;1.340;29;69;9;0;100;101;100;108;100;109;100;51;51;0;1.948;1.948;0.000;0.000;14.700;1.000;9.9;0.0;0;32;3.000;3.140;12.6;-20;0;0;-8.4;0;0;0;0;0;99;0;0;1874;73.93;0;0;0;0;0;0;0;0;0;0;0;0;0;0;0;0;32;0;41.0;41.0;2;0;0.00;0.00;0.00;0.0;0.0
89.859;159;1554;40;62160;9.0;19.700;1.340;29;69;9;0;100;101;100;108;100;109;100;50;50;0;1.932;1.932;0.000;0.000;14.700;1.000;10.0;0.0;0;32;3.000;3.042;12.6;610;0;0;-8.6;0;0;0;0;0;99;0;0;1874;72.36;0;0;0;0;0;0;0;0;0;0;0;0;0;0;0;0;32;0;40.0;40.0;2;0;0.00;0.00;0.00;0.0;0.0
89.928;159;1580;39;61620;9.0;19.700;1.340;29;69;9;0;100;101;100;108;100;109;100;50;50;0;1.922;1.922;0.000;0.000;14.700;1.000;10.1;0.0;0;32;3.000;3.070;12.6;610;0;0;-8.7;0;0;0;0;0;99;0;0;1874;71.16;0;0;0;0;0;0;0;0;0;0;0;0;0;0;0;0;32;0;39.0;39.0;2;0;0.00;0.00;0.00;0.0;0.0
89.995;159;1600;40;64000;9.0;19.700;1.340;29;69;9;0;100;101;100;108;100;109;100;51;51;0;1.998;1.998;0.000;0.000;14.700;1.000;10.7;0.0;0;32;3.000;3.012;12.1;260;0;0;-8.6;0;0;0;0;0;99;0;0;1874;70.28;0;0;0;0;0;0;0;0;0;0;0;0;0;0;0;0;32;0;40.0;40.0;2;0;0.00;0.00;0.00;0.0;0.0
90.061;159;1610;39;62790;9.0;19.700;1.340;29;69;9;0;100;101;100;108;100;109;100;50;50;0;1.982;1.982;0.000;0.000;14.700;1.000;10.6;0.0;0;32;3.000;3.015;12.1;200;0;0;-8.7;0;0;0;0;0;99;0;0;1874;69.84;0;0;0;0;0;0;0;0;0;0;0;0;0;0;0;0;32;0;39.0;39.0;2;0;0.00;0.00;0.00;0.0;0.0
90.125;159;1629;39;63531;9.0;19.700;1.340;29;69;9;0;100;101;100;108;100;109;100;50;50;0;1.982;1.982;0.000;0.000;14.700;1.000;10.8;0.0;0;33;3.000;3.254;12.1;200;0;0;-8.7;0;0;0;0;0;99;0;0;1874;69.02;0;0;0;0;0;0;0;0;0;0;0;0;0;0;0;0;33;0;39.0;39.0;2;0;0.00;0.00;0.00;0.0;0.0
90.194;159;1649;38;62662;9.0;19.700;1.340;29;69;9;0;100;101;100;108;100;109;100;50;50;0;1.973;1.973;0.000;0.000;14.700;1.000;10.8;0.0;0;33;3.000;3.191;12.1;290;0;0;-8.8;0;0;0;0;0;99;0;0;1874;68.19;0;0;0;0;0;0;0;0;0;0;0;0;0;0;0;0;33;0;38.0;38.0;2;0;0.00;0.00;0.00;0.0;0.0
90.262;160;1661;37;61457;8.5;19.700;1.340;29;69;9;0;100;101;100;108;100;109;100;49;49;0;1.936;1.936;0.000;0.000;14.700;1.000;10.7;0.0;0;34;3.000;2.971;12.2;200;0;0;-9.0;0;0;0;0;0;99;0;0;1834;66.25;0;0;0;0;0;0;0;0;0;0;0;0;0;0;0;0;34;0;37.0;37.0;2;0;0.00;0.00;0.00;0.0;0.0
90.327;160;1661;36;59796;8.5;19.600;1.333;29;69;9;0;100;101;100;108;100;109;100;49;49;0;1.927;1.927;0.000;0.000;14.700;1.000;10.7;0.0;0;34;3.000;2.910;12.2;200;0;0;-9.1;0;0;0;0;0;99;0;0;1834;66.25;0;0;0;0;0;0;0;0;0;0;0;0;0;0;0;0;34;0;36.0;36.0;2;0;0.00;0.00;0.00;0.0;0.0
90.395;160;1663;36;59868;8.5;19.100;1.299;29;69;9;0;100;101;100;108;100;109;100;49;49;0;1.927;1.927;0.000;0.000;14.700;1.000;10.7;0.0;0;34;3.000;2.895;12.2;140;0;0;-9.1;0;0;0;0;0;99;0;0;1834;66.17;0;0;0;0;0;0;0;0;0;0;0;0;0;0;0;0;34;0;36.0;36.0;2;0;0.00;0.00;0.00;0.0;0.0
90.462;160;1671;36;60156;8.5;19.400;1.320;29;69;9;0;100;101;100;108;100;109;100;49;49;0;1.927;1.927;0.000;0.000;14.700;1.000;10.7;0.0;0;34;3.000;2.958;12.2;80;0;0;-9.1;0;0;0;0;0;99;0;0;1834;65.85;0;0;0;0;0;0;0;0;0;0;0;0;0;0;0;0;34;0;36.0;36.0;2;0;0.00;0.00;0.00;0.0;0.0
90.528;160;1683;36;60588;8.5;18.800;1.279;29;69;9;0;100;101;100;108;100;109;100;49;49;0;2.011;2.011;0.000;0.000;14.700;1.000;11.3;0.0;0;34;3.030;2.981;11.8;80;0;0;-9.1;0;0;0;0;0;99;0;0;1834;65.38;0;0;0;0;0;0;0;0;0;0;0;0;0;0;0;0;34;0;36.0;36.0;2;0;0.00;0.00;0.00;0.0;0.0
90.592;160;1689;35;59115;8.5;16.900;1.150;29;69;9;0;100;101;100;108;100;109;100;48;48;0;1.989;1.989;0.000;0.000;14.700;1.000;11.2;0.0;0;34;3.030;3.033;11.8;120;0;0;-9.3;0;0;0;0;0;99;0;0;1834;65.15;0;0;0;0;0;0;0;0;0;0;0;0;0;0;0;0;34;0;35.0;35.0;2;0;0.00;0.00;0.00;0.0;0.0
90.660;160;1699;34;57766;8.5;16.900;1.150;29;69;9;0;100;101;100;108;100;109;100;48;48;0;1.981;1.981;0.000;0.000;14.700;1.000;11.2;0.0;0;34;3.030;3.066;11.8;160;0;0;-9.4;0;0;0;0;0;99;0;0;1834;64.77;0;0;0;0;0;0;0;0;0;0;0;0;0;0;0;0;34;0;34.0;34.0;2;0;0.00;0.00;0.00;0.0;0.0
90.724;160;1714;34;58276;8.5;15.600;1.061;29;69;9;0;100;101;100;108;100;109;100;48;48;0;1.981;1.981;0.000;0.000;14.700;1.000;11.3;0.0;0;34;3.030;3.015;11.8;160;0;0;-9.4;0;0;0;0;0;99;0;0;1834;64.20;0;0;0;0;0;0;0;0;0;0;0;0;0;0;0;0;34;0;34.0;34.0;2;0;0.00;0.00;0.00;0.0;0.0
90.789;160;1726;34;58684;8.5;14.300;0.973;29;69;9;0;100;101;100;108;100;109;100;48;48;0;1.873;1.873;0.000;0.000;14.700;1.000;10.8;0.0;0;34;3.000;2.946;12.4;150;0;0;-9.4;0;0;0;0;0;99;0;0;1834;63.75;0;0;0;0;0;0;0;0;0;0;0;0;0;0;0;0;34;0;34.0;34.0;2;0;0.00;0.00;0.00;0.0;0.0
90.855;160;1730;34;58820;8.5;13.800;0.939;29;69;9;0;100;101;100;108;100;109;100;48;48;0;1.873;1.873;0.000;0.000;14.700;1.000;10.8;0.0;0;34;3.000;2.943;12.4;160;0;0;-9.4;0;0;0;0;0;99;0;0;1834;63.61;0;0;0;0;0;0;0;0;0;0;0;0;0;0;0;0;34;0;34.0;34.0;2;0;0.00;0.00;0.00;0.0;0.0
90.924;160;1733;34;58922;8.5;12.600;0.857;29;69;9;0;100;101;100;108;100;109;100;48;48;0;1.873;1.873;0.000;0.000;14.700;1.000;10.8;0.0;0;34;3.000;2.926;12.4;160;0;0;-9.4;0;0;0;0;0;99;0;0;1834;63.50;0;0;0;0;0;0;0;0;0;0;0;0;0;0;0;0;34;0;34.0;34.0;2;0;0.00;0.00;0.00;0.0;0.0
90.992;160;1733;34;58922;8.5;12.500;0.850;29;69;9;0;100;101;100;108;100;109;100;48;48;0;1.873;1.873;0.000;0.000;14.700;1.000;10.8;0.0;0;34;3.000;2.880;12.4;30;0;0;-9.4;0;0;0;0;0;99;0;0;1834;63.50;0;0;0;0;0;0;0;0;0;0;0;0;0;0;0;0;34;0;34.0;34.0;2;0;0.00;0.00;0.00;0.0;0.0
91.056;160;1728;32;55296;4.0;11.700;0.796;29;69;41;0;100;101;100;108;100;109;100;47;47;0;1.804;1.804;0.000;0.000;14.700;1.000;10.4;0.0;-45;34;3.000;2.813;12.7;-50;0;0;-9.7;0;0;0;0;0;99;0;0;1834;63.68;0;0;0;0;0;0;0;0;0;0;0;0;0;0;0;0;34;0;32.0;32.0;2;0;0.00;0.00;0.00;0.0;0.0
91.121;160;1700;31;52700;4.0;11.700;0.796;29;69;41;0;100;101;100;108;100;109;100;46;46;0;1.789;1.789;0.000;0.000;14.700;1.000;10.1;0.0;0;34;3.000;2.818;12.7;-50;0;0;-9.9;0;0;0;0;0;99;0;0;1834;64.73;0;0;0;0;0;0;0;0;0;0;0;0;0;0;0;0;34;0;31.0;31.0;2;0;0.00;0.00;0.00;0.0;0.0
91.190;160;1682;30;50460;4.0;12.000;0.816;29;69;41;0;100;101;100;108;100;109;100;46;46;0;1.773;1.773;0.000;0.000;14.700;1.000;9.9;0.0;0;34;3.000;2.788;12.7;-280;0;0;-10.0;0;0;0;0;0;99;0;0;1834;65.42;0;0;0;0;0;0;0;0;0;0;0;0;0;0;0;0;34;0;30.0;30.0;2;0;0.00;0.00;0.00;0.0;0.0
91.256;161;1660;30;49800;4.0;11.700;0.796;29;70;41;0;100;101;100;108;100;109;100;46;46;0;1.749;1.749;0.000;0.000;14.700;1.000;9.7;0.0;0;34;3.000;2.661;12.9;-400;0;0;-10.0;0;0;0;0;0;99;0;0;1855;67.05;0;0;0;0;0;0;0;0;0;0;0;0;0;0;0;0;34;0;30.0;30.0;2;0;0.00;0.00;0.00;0.0;0.0
91.321;161;1633;30;48990;4.0;12.300;0.837;29;70;9;0;100;101;100;108;100;109;100;46;46;0;1.749;1.749;0.000;0.000;14.700;1.000;9.5;0.0;0;34;3.000;2.610;12.9;-400;0;0;-10.0;0;0;0;0;0;99;0;0;1855;68.16;0;0;0;0;0;0;0;0;0;0;0;0;0;0;0;0;34;0;30.0;30.0;2;0;0.00;0.00;0.00;0.0;0.0
91.387;161;1633;31;50623;4.0;12.800;0.871;29;70;9;0;100;101;100;108;100;109;100;46;46;0;1.765;1.765;0.000;0.000;14.700;1.000;9.6;0.0;0;34;3.000;2.579;12.9;-270;0;0;-9.9;0;0;0;0;0;99;0;0;1855;68.16;0;0;0;0;0;0;0;0;0;0;0;0;0;0;0;0;34;0;31.0;31.0;2;0;0.00;0.00;0.00;0.0;0.0
91.453;161;1604;33;52932;5.5;12.700;0.864;29;70;25;0;100;101;100;108;100;109;150;47;47;0;2.863;2.863;0.000;0.000;14.700;1.000;15.3;0.0;0;35;3.000;2.755;12.9;-290;0;0;-9.6;0;0;0;0;0;99;0;0;1855;69.39;0;0;0;0;0;0;0;0;0;0;0;0;0;0;0;0;35;0;33.0;33.0;2;0;0.00;0.00;0.00;0.0;0.0
91.523;161;1594;33;52602;5.5;13.200;0.898;29;70;25;0;100;101;100;108;100;109;150;47;47;0;2.947;2.947;0.000;0.000;14.700;1.000;15.7;0.0;0;34;3.000;2.908;12.2;-290;0;0;-9.6;0;0;0;0;0;99;0;0;1855;69.82;0;0;0;0;0;0;0;0;0;0;0;0;0;0;0;0;34;0;33.0;33.0;2;0;0.00;0.00;0.00;0.0;0.0
91.588;161;1583;33;52239;5.5;12.800;0.871;29;70;25;0;100;101;100;108;100;109;150;47;47;0;2.947;2.947;0.000;0.000;14.700;1.000;15.6;0.0;0;34;3.000;2.539;12.2;-210;0;0;-9.6;0;0;0;0;0;99;0;0;1855;70.31;0;0;0;0;0;0;0;0;0;0;0;0;0;0;0;0;34;0;33.0;33.0;2;0;0.00;0.00;0.00;0.0;0.0
91.657;161;1529;35;53515;5.5;11.700;0.796;29;70;25;0;100;101;100;108;100;109;150;48;48;0;2.980;2.980;0.000;0.000;14.700;1.000;15.2;0.0;0;34;3.000;2.492;12.2;-540;0;0;-9.3;0;0;0;0;0;99;0;0;1855;72.79;0;0;0;0;0;0;0;0;0;0;0;0;0;0;0;0;34;0;35.0;35.0;2;0;0.00;0.00;0.00;0.0;0.0
91.723;161;1427;37;52799;5.5;11.200;0.762;29;70;9;0;100;101;100;108;100;109;100;48;48;0;1.923;1.923;0.000;0.000;14.700;1.000;9.1;0.0;0;33;3.000;1.685;12.2;-540;0;0;-9.0;0;0;0;0;0;99;0;0;1855;78.00;0;0;0;0;0;0;0;0;0;0;0;0;0;0;0;0;33;0;37.0;37.0;2;0;0.00;0.00;0.00;0.0;0.0
91.792;161;1375;38;52250;5.5;11.100;0.755;29;70;9;0;100;101;100;108;100;109;100;48;48;0;1.892;1.892;0.000;0.000;14.700;1.000;8.7;0.0;0;32;3.000;2.664;12.6;-1460;0;0;-8.8;0;0;0;0;0;99;0;0;1855;80.95;0;0;0;0;0;0;0;0;0;0;0;0;0;0;0;0;32;0;38.0;38.0;2;0;0.00;0.00;0.00;0.0;0.0
91.792;161;1397;38;53086;5.5;11.200;0.762;29;70;9;0;100;101;100;108;100;109;100;48;48;0;1.892;1.892;0.000;0.000;14.700;1.000;8.8;0.0;0;32;3.000;3.051;12.6;-1460;0;0;-8.8;0;0;0;0;0;99;0;0;1855;79.67;0;0;0;0;0;0;0;0;0;0;0;0;0;0;0;0;32;0;38.0;38.0;2;0;0.00;0.00;0.00;0.0;0.0
91.923;161;1437;38;54606;5.5;11.700;0.796;29;70;9;0;100;101;100;108;100;109;100;49;49;0;1.906;1.906;0.000;0.000;14.700;1.000;9.1;0.0;0;33;3.000;3.049;12.6;140;0;0;-8.8;0;0;0;0;0;99;0;0;1855;77.45;0;0;0;0;0;0;0;0;0;0;0;0;0;0;0;0;33;0;38.0;38.0;2;0;0.00;0.00;0.00;0.0;0.0
91.990;161;1478;37;54686;5.5;13.300;0.905;29;70;9;0;100;101;100;108;100;109;100;48;48;0;1.875;1.875;0.000;0.000;14.700;1.000;9.2;0.0;0;33;3.000;3.111;12.6;680;0;0;-9.0;0;0;0;0;0;99;0;0;1855;75.30;0;0;0;0;0;0;0;0;0;0;0;0;0;0;0;0;33;0;37.0;37.0;2;0;0.00;0.00;0.00;0.0;0.0
92.061;161;1501;37;55537;7.5;18.000;1.224;29;70;25;0;100;101;100;108;100;109;150;48;48;0;2.926;2.926;0.000;0.000;14.700;1.000;14.6;0.0;60;33;3.000;3.148;12.8;680;0;0;-9.0;0;0;0;0;0;99;0;0;1855;74.15;0;0;0;0;0;0;0;0;0;0;0;0;0;0;0;0;33;0;37.0;37.0;2;0;0.00;0.00;0.00;0.0;0.0
92.124;161;1520;37;56240;9.0;19.300;1.313;29;70;25;0;100;101;100;108;100;109;150;49;49;0;2.939;2.939;0.000;0.000;14.700;1.000;14.9;0.0;0;34;3.000;3.240;12.8;210;0;0;-9.0;0;0;0;0;0;99;0;0;1855;73.22;0;0;0;0;0;0;0;0;0;0;0;0;0;0;0;0;34;0;37.0;37.0;2;0;0.00;0.00;0.00;0.0;0.0
92.190;161;1520;41;62320;9.0;19.700;1.340;29;70;25;0;100;101;100;108;100;109;150;51;51;0;2.999;2.999;0.000;0.000;14.700;1.000;15.2;0.0;0;32;3.000;3.139;12.8;340;0;0;-8.4;0;0;0;0;0;99;0;0;1855;73.22;0;0;0;0;0;0;0;0;0;0;0;0;0;0;0;0;32;0;41.0;41.0;2;0;0.00;0.00;0.00;0.0;0.0
92.255;161;1560;41;63960;9.0;19.700;1.340;29;70;25;0;100;101;100;108;100;109;150;51;51;0;2.999;2.999;0.000;0.000;14.700;1.000;15.6;0.0;0;32;3.000;2.988;12.8;340;0;0;-8.4;0;0;0;0;0;99;0;0;1855;71.35;0;0;0;0;0;0;0;0;0;0;0;0;0;0;0;0;32;0;41.0;41.0;2;0;0.00;0.00;0.00;0.0;0.0
92.322;162;1580;40;63200;8.5;19.700;1.340;29;70;25;0;100;101;100;108;100;109;150;50;50;0;2.983;2.983;0.000;0.000;14.700;1.000;15.7;0.0;-15;32;3.000;2.890;12.8;400;0;0;-8.6;0;0;0;0;0;99;0;0;1769;67.18;0;0;0;0;0;0;0;0;0;0;0;0;0;0;0;0;32;0;40.0;40.0;2;0;0.00;0.00;0.00;0.0;0.0
92.390;162;1582;31;49042;0.5;19.700;1.340;29;70;41;0;100;101;100;108;100;109;100;46;46;0;1.777;1.777;0.000;0.000;14.700;1.000;9.4;0.0;-105;34;3.000;2.524;12.8;220;0;0;-9.9;0;0;0;0;0;99;0;0;1769;67.09;0;0;0;0;0;0;0;0;0;0;0;0;0;0;0;0;34;0;31.0;31.0;2;0;0.00;0.00;0.00;0.0;0.0
92.456;162;1519;30;45570;0.5;19.700;1.340;29;70;41;0;100;101;100;108;100;109;100;45;45;0;1.756;1.756;0.000;0.000;14.700;1.000;8.9;0.0;0;34;3.000;2.331;12.8;220;0;0;-10.0;0;0;0;0;0;99;0;0;1769;69.87;0;0;0;0;0;0;0;0;0;0;0;0;0;0;0;0;34;0;30.0;30.0;2;0;0.00;0.00;0.00;0.0;0.0
92.521;162;1392;30;41760;0.5;19.700;1.340;29;70;41;0;100;101;100;108;100;109;100;45;45;0;1.756;1.756;0.000;0.000;14.700;1.000;8.1;0.0;0;33;3.000;1.313;12.8;-630;0;0;-10.0;0;0;0;0;0;99;0;0;1769;76.25;0;0;0;0;0;0;0;0;0;0;0;0;0;0;0;0;33;0;30.0;30.0;2;0;0.00;0.00;0.00;0.0;0.0
92.521;162;1353;30;40590;0.5;19.700;1.340;29;70;41;0;100;101;100;108;100;109;100;45;45;0;1.744;1.744;0.000;0.000;14.700;1.000;7.9;0.0;0;33;3.000;2.654;12.9;-1510;0;0;-10.0;0;0;0;0;0;99;0;0;1769;78.45;0;0;0;0;0;0;0;0;0;0;0;0;0;0;0;0;33;0;30.0;30.0;2;0;0.00;0.00;0.00;0.0;0.0
92.587;162;1328;31;41168;3.0;19.700;1.340;29;70;25;0;100;101;100;108;100;109;150;45;45;0;2.835;2.835;0.000;0.000;14.700;1.000;12.5;0.0;75;33;3.000;2.765;12.9;-1510;0;0;-9.9;0;0;0;0;0;99;0;0;1769;79.92;0;0;0;0;0;0;0;0;0;0;0;0;0;0;0;0;33;0;31.0;31.0;2;0;0.00;0.00;0.00;0.0;0.0
92.722;162;1313;36;47268;6.5;19.700;1.340;29;70;25;0;100;101;100;108;100;109;150;47;47;0;2.897;2.897;0.000;0.000;14.700;1.000;12.7;0.0;45;32;3.000;2.978;12.9;-640;0;0;-9.1;0;0;0;0;0;99;0;0;1769;80.84;0;0;0;0;0;0;0;0;0;0;0;0;0;0;0;0;32;0;36.0;36.0;2;0;0.00;0.00;0.00;0.0;0.0
92.787;162;1315;41;53915;6.5;19.700;1.340;29;70;25;0;100;101;100;108;100;109;150;50;50;0;2.979;2.979;0.000;0.000;14.700;1.000;13.1;0.0;0;31;3.000;3.097;12.9;-30;0;0;-8.4;0;0;0;0;0;99;0;0;1769;80.71;0;0;0;0;0;0;0;0;0;0;0;0;0;0;0;0;31;0;41.0;41.0;2;0;0.00;0.00;0.00;0.0;0.0
92.853;162;1325;42;55650;6.5;19.700;1.340;29;70;25;0;100;101;100;108;100;109;150;51;51;0;3.006;3.006;0.000;0.000;14.700;1.000;13.3;0.0;0;31;3.000;3.022;12.9;-30;0;0;-8.3;0;0;0;0;0;99;0;0;1769;80.11;0;0;0;0;0;0;0;0;0;0;0;0;0;0;0;0;31;0;42.0;42.0;2;0;0.00;0.00;0.00;0.0;0.0
92.853;162;1349;42;56658;6.5;19.700;1.340;29;70;25;0;100;101;100;108;100;109;150;51;51;0;3.006;3.006;0.000;0.000;14.700;1.000;13.5;0.0;0;31;3.000;2.990;12.9;390;0;0;-8.3;0;0;0;0;0;99;0;0;1769;78.68;0;0;0;0;0;0;0;0;0;0;0;0;0;0;0;0;31;0;42.0;42.0;2;0;0.00;0.00;0.00;0.0;0.0
92.918;162;1340;42;56280;6.5;19.700;1.340;29;70;9;0;100;101;100;108;100;109;100;51;51;0;1.931;1.931;0.000;0.000;14.700;1.000;8.6;0.0;0;31;3.000;2.905;12.9;10;0;0;-8.3;0;0;0;0;0;99;0;0;1769;79.21;0;0;0;0;0;0;0;0;0;0;0;0;0;0;0;0;31;0;42.0;42.0;2;0;0.00;0.00;0.00;0.0;0.0
93.053;162;1368;42;57456;6.5;19.700;1.340;29;70;9;0;100;101;100;108;100;109;100;51;51;0;1.931;1.931;0.000;0.000;14.700;1.000;8.8;0.0;0;31;3.000;2.895;12.9;10;0;0;-8.3;0;0;0;0;0;99;0;0;1769;77.59;0;0;0;0;0;0;0;0;0;0;0;0;0;0;0;0;31;0;42.0;42.0;2;0;0.00;0.00;0.00;0.0;0.0
93.053;162;1403;41;57523;6.5;19.700;1.340;29;70;9;0;100;101;100;108;100;109;100;50;50;0;1.904;1.904;0.000;0.000;14.700;1.000;8.9;0.0;0;31;3.000;2.970;12.9;400;0;0;-8.4;0;0;0;0;0;99;0;0;1769;75.65;0;0;0;0;0;0;0;0;0;0;0;0;0;0;0;0;31;0;41.0;41.0;2;0;0.00;0.00;0.00;0.0;0.0
93.119;162;1472;38;55936;5.5;19.700;1.340;29;70;9;0;100;101;100;108;100;109;100;49;49;0;1.870;1.870;0.000;0.000;14.700;1.000;9.2;0.0;0;33;3.000;3.014;12.9;910;0;0;-8.8;0;0;0;0;0;99;0;0;1769;72.11;0;0;0;0;0;0;0;0;0;0;0;0;0;0;0;0;33;0;38.0;38.0;2;0;0.00;0.00;0.00;0.0;0.0
93.254;162;1507;36;54252;5.5;19.700;1.340;29;70;9;0;100;101;100;108;100;109;100;48;48;0;1.830;1.830;0.000;0.000;14.700;1.000;9.2;0.0;0;34;3.000;3.141;12.9;910;0;0;-9.1;0;0;0;0;0;99;0;0;1769;70.43;0;0;0;0;0;0;0;0;0;0;0;0;0;0;0;0;34;0;36.0;36.0;2;0;0.00;0.00;0.00;0.0;0.0
93.320;163;1517;35;53095;5.5;19.700;1.340;29;70;9;0;100;101;100;108;100;109;100;47;47;0;1.815;1.815;0.000;0.000;14.700;1.000;9.2;0.0;0;34;3.000;3.077;12.9;30;0;0;-9.3;0;0;0;0;0;99;0;0;1801;71.23;0;0;0;0;0;0;0;0;0;0;0;0;0;0;0;0;34;0;35.0;35.0;2;0;0.00;0.00;0.00;0.0;0.0
93.320;163;1536;35;53760;5.5;19.700;1.340;29;70;9;0;100;101;100;108;100;109;100;48;48;0;1.821;1.821;0.000;0.000;14.700;1.000;9.3;0.0;0;34;3.000;3.125;12.9;610;0;0;-9.3;0;0;0;0;0;99;0;0;1801;70.35;0;0;0;0;0;0;0;0;0;0;0;0;0;0;0;0;34;0;35.0;35.0;2;0;0.00;0.00;0.00;0.0;0.0
93.455;163;1555;34;52870;5.5;19.700;1.340;29;70;9;0;100;101;100;108;100;109;100;47;47;0;1.806;1.806;0.000;0.000;14.700;1.000;9.4;0.0;0;34;3.000;3.159;12.9;610;0;0;-9.4;0;0;0;0;0;99;0;0;1801;69.49;0;0;0;0;0;0;0;0;0;0;0;0;0;0;0;0;34;0;34.0;34.0;2;0;0.00;0.00;0.00;0.0;0.0
93.521;163;1555;34;52870;5.5;19.700;1.340;29;70;9;0;100;101;100;108;100;109;100;47;47;0;1.806;1.806;0.000;0.000;14.700;1.000;9.4;0.0;0;34;3.000;2.912;12.9;190;0;0;-9.4;0;0;0;0;0;99;0;0;1801;69.49;0;0;0;0;0;0;0;0;0;0;0;0;0;0;0;0;34;0;34.0;34.0;2;0;0.00;0.00;0.00;0.0;0.0
93.587;163;1568;34;53312;5.5;19.700;1.340;29;70;9;0;100;101;100;108;100;109;100;47;47;0;1.806;1.806;0.000;0.000;14.700;1.000;9.4;0.0;0;34;3.000;2.853;12.9;190;0;0;-9.4;0;0;0;0;0;99;0;0;1801;68.92;0;0;0;0;0;0;0;0;0;0;0;0;0;0;0;0;34;0;34.0;34.0;2;0;0.00;0.00;0.00;0.0;0.0
93.655;163;1571;33;51843;5.5;19.700;1.340;29;70;9;0;100;101;100;108;100;109;100;47;47;0;1.788;1.788;0.000;0.000;14.700;1.000;9.4;0.0;0;34;3.000;2.945;12.9;130;0;0;-9.6;0;0;0;0;0;99;0;0;1801;68.78;0;0;0;0;0;0;0;0;0;0;0;0;0;0;0;0;34;0;33.0;33.0;2;0;0.00;0.00;0.00;0.0;0.0
93.721;163;1574;33;51942;5.5;19.700;1.340;29;70;9;0;100;101;100;108;100;109;100;47;47;0;1.788;1.788;0.000;0.000;14.700;1.000;9.4;0.0;0;34;3.000;2.894;12.9;60;0;0;-9.6;0;0;0;0;0;99;0;0;1801;68.65;0;0;0;0;0;0;0;0;0;0;0;0;0;0;0;0;34;0;33.0;33.0;2;0;0.00;0.00;0.00;0.0;0.0
93.787;163;1577;34;53618;5.5;19.700;1.340;29;70;9;0;100;101;100;108;100;109;100;47;47;0;1.806;1.806;0.000;0.000;14.700;1.000;9.5;0.0;0;34;3.000;2.912;12.9;60;0;0;-9.4;0;0;0;0;0;99;0;0;1801;68.52;0;0;0;0;0;0;0;0;0;0;0;0;0;0;0;0;34;0;34.0;34.0;2;0;0.00;0.00;0.00;0.0;0.0
93.852;163;1577;34;53618;5.5;19.700;1.340;29;70;9;0;100;101;100;108;100;109;100;47;47;0;1.842;1.842;0.000;0.000;14.700;1.000;9.7;0.0;0;34;3.000;2.837;12.6;30;0;0;-9.4;0;0;0;0;0;99;0;0;1801;68.52;0;0;0;0;0;0;0;0;0;0;0;0;0;0;0;0;34;0;34.0;34.0;2;0;0.00;0.00;0.00;0.0;0.0
93.918;163;1572;34;53448;5.5;19.700;1.340;29;70;9;0;100;101;100;108;100;109;100;47;47;0;1.842;1.842;0.000;0.000;14.700;1.000;9.7;0.0;0;34;3.000;2.824;12.6;0;0;0;-9.4;0;0;0;0;0;99;0;0;1801;68.74;0;0;0;0;0;0;0;0;0;0;0;0;0;0;0;0;34;0;34.0;34.0;2;0;0.00;0.00;0.00;0.0;0.0
93.988;163;1564;33;51612;5.5;19.700;1.340;29;70;9;0;100;101;100;108;100;109;100;47;47;0;1.824;1.824;0.000;0.000;14.700;1.000;9.5;0.0;0;34;3.000;2.827;12.6;0;0;0;-9.6;0;0;0;0;0;99;0;0;1801;69.09;0;0;0;0;0;0;0;0;0;0;0;0;0;0;0;0;34;0;33.0;33.0;2;0;0.00;0.00;0.00;0.0;0.0
94.061;163;1564;34;53176;5.5;19.700;1.340;29;70;9;0;100;101;100;108;100;109;100;47;47;0;1.818;1.818;0.000;0.000;14.700;1.000;9.5;0.0;0;34;3.000;2.823;12.8;-130;0;0;-9.4;0;0;0;0;0;99;0;0;1801;69.09;0;0;0;0;0;0;0;0;0;0;0;0;0;0;0;0;34;0;34.0;34.0;2;0;0.00;0.00;0.00;0.0;0.0
94.127;163;1558;33;51414;5.5;19.700;1.340;29;70;9;0;100;101;100;108;100;109;100;47;47;0;1.800;1.800;0.000;0.000;14.700;1.000;9.3;0.0;0;34;3.000;2.850;12.8;-60;0;0;-9.6;0;0;0;0;0;99;0;0;1801;69.36;0;0;0;0;0;0;0;0;0;0;0;0;0;0;0;0;34;0;33.0;33.0;2;0;0.00;0.00;0.00;0.0;0.0
94.197;163;1561;33;51513;5.5;19.700;1.340;29;70;9;0;100;101;100;108;100;109;100;47;47;0;1.800;1.800;0.000;0.000;14.700;1.000;9.4;0.0;0;34;3.000;2.928;12.8;-60;0;0;-9.6;0;0;0;0;0;99;0;0;1801;69.22;0;0;0;0;0;0;0;0;0;0;0;0;0;0;0;0;34;0;33.0;33.0;2;0;0.00;0.00;0.00;0.0;0.0
94.263;163;1556;33;51348;5.5;19.700;1.340;29;70;9;0;100;101;100;108;100;109;100;47;47;0;1.800;1.800;0.000;0.000;14.700;1.000;9.3;0.0;0;34;3.000;2.879;12.8;30;0;0;-9.6;0;0;0;0;0;99;0;0;1801;69.45;0;0;0;0;0;0;0;0;0;0;0;0;0;0;0;0;34;0;33.0;33.0;2;0;0.00;0.00;0.00;0.0;0.0
94.329;164;1552;34;52768;5.5;19.700;1.340;29;70;9;0;100;101;100;108;100;109;100;47;47;0;1.806;1.806;0.000;0.000;14.700;1.000;9.3;0.0;0;34;3.000;2.848;12.9;-90;0;0;-9.4;0;0;0;0;0;99;0;0;1877;72.56;0;0;0;0;0;0;0;0;0;0;0;0;0;0;0;0;34;0;34.0;34.0;2;0;0.00;0.00;0.00;0.0;0.0
94.396;164;1540;34;52360;5.5;19.700;1.340;29;70;9;0;100;101;100;108;100;109;100;47;47;0;1.806;1.806;0.000;0.000;14.700;1.000;9.3;0.0;0;34;3.000;2.826;12.9;-90;0;0;-9.4;0;0;0;0;0;99;0;0;1877;73.13;0;0;0;0;0;0;0;0;0;0;0;0;0;0;0;0;34;0;34.0;34.0;2;0;0.00;0.00;0.00;0.0;0.0
94.460;164;1527;34;51918;5.5;19.700;1.340;29;70;9;0;100;101;100;108;100;109;100;47;47;0;1.806;1.806;0.000;0.000;14.700;1.000;9.2;0.0;0;34;3.000;2.781;12.9;-120;0;0;-9.4;0;0;0;0;0;99;0;0;1877;73.75;0;0;0;0;0;0;0;0;0;0;0;0;0;0;0;0;34;0;34.0;34.0;2;0;0.00;0.00;0.00;0.0;0.0
94.530;164;1527;34;51918;5.5;19.700;1.340;29;70;9;0;100;101;100;108;100;109;100;47;47;0;1.806;1.806;0.000;0.000;14.700;1.000;9.2;0.0;0;34;3.000;2.793;12.9;-130;0;0;-9.4;0;0;0;0;0;99;0;0;1877;73.75;0;0;0;0;0;0;0;0;0;0;0;0;0;0;0;0;34;0;34.0;34.0;2;0;0.00;0.00;0.00;0.0;0.0
94.597;164;1522;34;51748;5.5;19.600;1.333;29;70;9;0;100;101;100;108;100;109;100;47;47;0;1.782;1.782;0.000;0.000;14.700;1.000;9.0;0.0;0;34;3.000;2.672;13.1;-130;0;0;-9.4;0;0;0;0;0;99;0;0;1877;73.99;0;0;0;0;0;0;0;0;0;0;0;0;0;0;0;0;34;0;34.0;34.0;2;0;0.00;0.00;0.00;0.0;0.0
94.663;164;1510;34;51340;5.5;19.700;1.340;29;70;9;0;100;101;100;108;100;109;100;47;47;0;1.782;1.782;0.000;0.000;14.700;1.000;9.0;0.0;0;34;3.000;2.852;13.1;-50;0;0;-9.4;0;0;0;0;0;99;0;0;1877;74.58;0;0;0;0;0;0;0;0;0;0;0;0;0;0;0;0;34;0;34.0;34.0;2;0;0.00;0.00;0.00;0.0;0.0
94.728;164;1508;35;52780;5.5;19.600;1.333;29;70;9;0;100;101;100;108;100;109;100;47;47;0;1.791;1.791;0.000;0.000;14.700;1.000;9.0;0.0;0;34;3.000;2.829;13.1;-140;0;0;-9.3;0;0;0;0;0;99;0;0;1877;74.68;0;0;0;0;0;0;0;0;0;0;0;0;0;0;0;0;34;0;35.0;35.0;2;0;0.00;0.00;0.00;0.0;0.0
94.791;164;1496;35;52360;5.5;19.700;1.340;29;70;9;0;100;101;100;108;100;109;100;47;47;0;1.791;1.791;0.000;0.000;14.700;1.000;8.9;0.0;0;33;3.000;2.904;13.1;-140;0;0;-9.3;0;0;0;0;0;99;0;0;1877;75.28;0;0;0;0;0;0;0;0;0;0;0;0;0;0;0;0;33;0;35.0;35.0;2;0;0.00;0.00;0.00;0.0;0.0
94.859;164;1489;35;52115;5.5;19.700;1.340;29;70;9;0;100;101;100;108;100;109;100;47;47;0;1.887;1.887;0.000;0.000;14.700;1.000;9.4;0.0;0;33;3.000;3.027;12.3;-120;0;0;-9.3;0;0;0;0;0;99;0;0;1877;75.63;0;0;0;0;0;0;0;0;0;0;0;0;0;0;0;0;33;0;35.0;35.0;2;0;0.00;0.00;0.00;0.0;0.0
94.923;164;1473;35;51555;5.5;19.700;1.340;29;70;9;0;100;101;100;108;100;109;100;47;47;0;1.887;1.887;0.000;0.000;14.700;1.000;9.3;0.0;0;33;3.000;2.772;12.3;-100;0;0;-9.3;0;0;0;0;0;99;0;0;1877;76.46;0;0;0;0;0;0;0;0;0;0;0;0;0;0;0;0;33;0;35.0;35.0;2;0;0.00;0.00;0.00;0.0;0.0
94.994;164;1487;35;52045;5.5;19.700;1.340;29;70;9;0;100;101;100;108;100;109;100;47;47;0;1.887;1.887;0.000;0.000;14.700;1.000;9.4;0.0;0;33;3.000;2.917;12.3;-100;0;0;-9.3;0;0;0;0;0;99;0;0;1877;75.74;0;0;0;0;0;0;0;0;0;0;0;0;0;0;0;0;33;0;35.0;35.0;2;0;0.00;0.00;0.00;0.0;0.0
95.060;164;1488;35;52080;5.5;18.800;1.279;29;70;9;0;100;101;100;108;100;109;100;47;47;0;1.887;1.887;0.000;0.000;14.700;1.000;9.4;0.0;0;33;3.000;2.965;12.3;10;0;0;-9.3;0;0;0;0;0;99;0;0;1877;75.69;0;0;0;0;0;0;0;0;0;0;0;0;0;0;0;0;33;0;35.0;35.0;2;0;0.00;0.00;0.00;0.0;0.0
95.125;164;1489;35;52115;5.5;16.800;1.143;29;70;9;0;100;101;100;108;100;109;100;47;47;0;1.839;1.839;0.000;0.000;14.700;1.000;9.1;0.0;0;33;3.000;2.850;12.7;20;0;0;-9.3;0;0;0;0;0;99;0;0;1877;75.63;0;0;0;0;0;0;0;0;0;0;0;0;0;0;0;0;33;0;35.0;35.0;2;0;0.00;0.00;0.00;0.0;0.0
95.192;164;1485;35;51975;5.5;15.400;1.048;29;70;9;0;100;101;100;108;100;109;100;47;47;0;1.839;1.839;0.000;0.000;14.700;1.000;9.1;0.0;0;33;3.000;2.979;12.7;20;0;0;-9.3;0;0;0;0;0;99;0;0;1877;75.84;0;0;0;0;0;0;0;0;0;0;0;0;0;0;0;0;33;0;35.0;35.0;2;0;0.00;0.00;0.00;0.0;0.0
95.261;164;1449;35;50715;5.5;13.500;0.918;29;70;9;0;100;101;100;108;100;109;100;47;47;0;1.839;1.839;0.000;0.000;14.700;1.000;8.9;0.0;0;33;3.000;2.874;12.7;-200;0;0;-9.3;0;0;0;0;0;99;0;0;1877;77.72;0;0;0;0;0;0;0;0;0;0;0;0;0;0;0;0;33;0;35.0;35.0;2;0;0.00;0.00;0.00;0.0;0.0
95.329;165;1441;36;51876;5.5;12.800;0.871;29;70;9;0;100;101;100;108;100;109;100;47;47;0;1.834;1.834;0.000;0.000;14.700;1.000;8.8;0.0;0;33;3.000;2.837;12.8;-190;0;0;-9.1;0;0;0;0;0;99;0;0;1861;77.49;0;0;0;0;0;0;0;0;0;0;0;0;0;0;0;0;33;0;36.0;36.0;2;0;0.00;0.00;0.00;0.0;0.0
95.393;165;1439;36;51804;5.5;11.600;0.789;29;70;9;0;100;101;100;108;100;109;100;47;47;0;1.834;1.834;0.000;0.000;14.700;1.000;8.8;0.0;0;33;3.000;2.830;12.8;-190;0;0;-9.1;0;0;0;0;0;99;0;0;1861;77.60;0;0;0;0;0;0;0;0;0;0;0;0;0;0;0;0;33;0;36.0;36.0;2;0;0.00;0.00;0.00;0.0;0.0
95.458;165;1427;36;51372;5.5;10.800;0.735;29;70;9;0;100;101;100;108;100;109;100;47;47;0;1.834;1.834;0.000;0.000;14.700;1.000;8.7;0.0;0;33;3.000;2.924;12.8;-310;0;0;-9.1;0;0;0;0;0;99;0;0;1861;78.25;0;0;0;0;0;0;0;0;0;0;0;0;0;0;0;0;33;0;36.0;36.0;2;0;0.00;0.00;0.00;0.0;0.0
95.523;165;1427;36;51372;5.5;10.600;0.721;29;70;9;0;100;101;100;108;100;109;100;47;47;0;1.834;1.834;0.000;0.000;14.700;1.000;8.7;0.0;0;33;3.000;3.052;12.8;80;0;0;-9.1;0;0;0;0;0;99;0;0;1861;78.25;0;0;0;0;0;0;0;0;0;0;0;0;0;0;0;0;33;0;36.0;36.0;2;0;0.00;0.00;0.00;0.0;0.0
95.589;165;1398;37;51726;5.5;10.700;0.728;29;70;9;0;100;101;100;108;100;109;100;48;48;0;1.839;1.839;0.000;0.000;14.700;1.000;8.6;0.0;0;32;3.000;2.645;12.9;80;0;0;-9.0;0;0;0;0;0;99;0;0;1861;79.87;0;0;0;0;0;0;0;0;0;0;0;0;0;0;0;0;32;0;37.0;37.0;2;0;0.00;0.00;0.00;0.0;0.0
95.655;165;1390;37;51430;5.5;10.700;0.728;29;70;9;0;100;101;100;108;100;109;100;48;48;0;1.839;1.839;0.000;0.000;14.700;1.000;8.5;0.0;0;32;3.000;2.746;12.9;-300;0;0;-9.0;0;0;0;0;0;99;0;0;1861;80.33;0;0;0;0;0;0;0;0;0;0;0;0;0;0;0;0;32;0;37.0;37.0;2;0;0.00;0.00;0.00;0.0;0.0
95.720;165;1378;37;50986;5.5;10.700;0.728;29;70;9;0;100;101;100;108;100;109;100;48;48;0;1.839;1.839;0.000;0.000;14.700;1.000;8.4;0.0;0;32;3.000;2.827;12.9;-300;0;0;-9.0;0;0;0;0;0;99;0;0;1861;81.03;0;0;0;0;0;0;0;0;0;0;0;0;0;0;0;0;32;0;37.0;37.0;2;0;0.00;0.00;0.00;0.0;0.0
95.720;165;1336;38;50768;5.5;10.700;0.728;29;70;9;0;100;101;100;108;100;109;100;48;48;0;1.856;1.856;0.000;0.000;14.700;1.000;8.3;0.0;0;32;3.000;2.758;12.9;-350;0;0;-8.8;0;0;0;0;0;99;0;0;1861;83.58;0;0;0;0;0;0;0;0;0;0;0;0;0;0;0;0;32;0;38.0;38.0;2;0;0.00;0.00;0.00;0.0;0.0
95.857;165;1308;39;51012;5.5;10.900;0.741;29;70;9;0;100;101;100;108;100;109;100;49;49;0;1.867;1.867;0.000;0.000;14.700;1.000;8.1;0.0;0;31;3.000;2.847;13.0;-430;0;0;-8.7;0;0;0;0;0;99;0;0;1861;85.37;0;0;0;0;0;0;0;0;0;0;0;0;0;0;0;0;31;0;39.0;39.0;2;0;0.00;0.00;0.00;0.0;0.0
95.921;165;1282;39;49998;5.5;11.600;0.789;29;70;9;0;100;101;100;108;100;109;100;49;49;0;1.867;1.867;0.000;0.000;14.700;1.000;8.0;0.0;0;31;3.000;2.679;13.0;-430;0;0;-8.7;0;0;0;0;0;99;0;0;1861;87.10;0;0;0;0;0;0;0;0;0;0;0;0;0;0;0;0;31;0;39.0;39.0;2;0;0.00;0.00;0.00;0.0;0.0
95.991;165;1240;41;50840;5.5;11.900;0.810;29;70;9;0;100;101;100;108;100;109;100;50;50;0;1.892;1.892;0.000;0.000;14.700;1.000;7.8;0.0;0;30;3.000;2.678;13.0;-370;0;0;-8.4;0;0;0;0;0;99;0;0;1861;90.05;0;0;0;0;0;0;0;0;0;0;0;0;0;0;0;0;30;0;41.0;41.0;2;0;0.00;0.00;0.00;0.0;0.0
96.060;165;1233;41;50553;5.5;11.200;0.762;29;70;9;0;100;101;100;108;100;109;100;50;50;0;1.892;1.892;0.000;0.000;14.700;1.000;7.8;0.0;0;30;3.000;2.862;13.0;-520;0;0;-8.4;0;0;0;0;0;99;0;0;1861;90.56;0;0;0;0;0;0;0;0;0;0;0;0;0;0;0;0;30;0;41.0;41.0;2;0;0.00;0.00;0.00;0.0;0.0
96.060;165;1209;42;50778;5.5;11.000;0.748;29;70;9;0;100;101;100;108;100;109;100;50;50;0;1.911;1.911;0.000;0.000;14.700;1.000;7.7;0.0;0;30;3.000;2.773;13.0;-520;0;0;-8.3;0;0;0;0;0;99;0;0;1861;92.36;0;0;0;0;0;0;0;0;0;0;0;0;0;0;0;0;30;0;42.0;42.0;2;0;0.00;0.00;0.00;0.0;0.0
96.191;165;1206;43;51858;5.5;11.300;0.769;29;70;9;0;100;101;100;108;100;109;100;51;51;0;1.927;1.927;0.000;0.000;14.700;1.000;7.7;0.0;0;31;3.000;2.970;13.0;-210;0;0;-8.1;0;0;0;0;0;99;0;0;1861;92.59;0;0;0;0;0;0;0;0;0;0;0;0;0;0;0;0;31;0;43.0;43.0;2;0;0.00;0.00;0.00;0.0;0.0
96.257;165;1188;43;51084;5.5;12.500;0.850;29;70;9;0;100;101;100;108;100;109;100;50;50;0;1.920;1.920;0.000;0.000;14.700;1.000;7.6;0.0;0;30;3.000;2.645;13.0;-190;0;0;-8.1;0;0;0;0;0;99;0;0;1861;93.99;0;0;0;0;0;0;0;0;0;0;0;0;0;0;0;0;30;0;43.0;43.0;2;0;0.00;0.00;0.00;0.0;0.0
96.325;165;1166;43;50138;5.5;15.100;1.027;29;70;9;0;100;101;100;108;100;109;100;50;50;0;1.920;1.920;0.000;0.000;14.700;1.000;7.5;0.0;0;30;3.000;2.902;13.0;-190;0;0;-8.1;0;0;0;0;0;99;0;0;1861;95.76;0;0;0;0;0;0;0;0;0;0;0;0;0;0;0;0;30;0;43.0;43.0;2;0;0.00;0.00;0.00;0.0;0.0
96.396;166;1174;44;51656;5.5;17.100;1.163;29;70;9;0;100;101;100;108;100;109;100;51;51;0;1.925;1.925;0.000;0.000;14.700;1.000;7.5;0.0;0;30;3.000;2.828;13.1;-240;0;0;-8.0;0;0;0;0;0;99;0;0;1848;94.45;0;0;0;0;0;0;0;0;0;0;0;0;0;0;0;0;30;0;44.0;44.0;2;0;0.00;0.00;0.00;0.0;0.0
96.396;166;1180;44;51920;5.5;18.700;1.272;29;70;9;0;100;101;100;108;100;109;100;51;51;0;1.925;1.925;0.000;0.000;14.700;1.000;7.6;0.0;0;30;3.000;2.829;13.1;110;0;0;-8.0;0;0;0;0;0;99;0;0;1848;93.97;0;0;0;0;0;0;0;0;0;0;0;0;0;0;0;0;30;0;44.0;44.0;2;0;0.00;0.00;0.00;0.0;0.0
96.531;166;1152;44;50688;5.5;19.600;1.333;29;70;9;0;100;101;100;108;100;109;100;51;51;0;1.925;1.925;0.000;0.000;14.700;1.000;7.4;0.0;0;30;3.000;2.663;13.1;110;0;0;-8.0;0;0;0;0;0;99;0;0;1848;96.25;0;0;0;0;0;0;0;0;0;0;0;0;0;0;0;0;30;0;44.0;44.0;2;0;0.00;0.00;0.00;0.0;0.0
96.596;166;1175;44;51700;5.5;19.700;1.340;29;70;9;0;100;101;100;108;100;109;100;51;51;0;1.925;1.925;0.000;0.000;14.700;1.000;7.5;0.0;0;30;3.000;3.105;13.1;-250;0;0;-8.0;0;0;0;0;0;99;0;0;1848;94.37;0;0;0;0;0;0;0;0;0;0;0;0;0;0;0;0;30;0;44.0;44.0;2;0;0.00;0.00;0.00;0.0;0.0
96.596;166;1162;44;51128;5.5;19.700;1.340;29;70;9;0;100;101;100;108;100;109;100;51;51;0;1.925;1.925;0.000;0.000;14.700;1.000;7.5;0.0;0;30;3.000;2.644;13.1;140;0;0;-8.0;0;0;0;0;0;99;0;0;1848;95.42;0;0;0;0;0;0;0;0;0;0;0;0;0;0;0;0;30;0;44.0;44.0;2;0;0.00;0.00;0.00;0.0;0.0
96.724;166;1150;44;50600;5.5;19.700;1.340;29;70;9;0;100;101;100;108;100;109;100;51;51;0;1.925;1.925;0.000;0.000;14.700;1.000;7.4;0.0;0;30;3.000;2.828;13.1;140;0;0;-8.0;0;0;0;0;0;99;0;0;1848;96.42;0;0;0;0;0;0;0;0;0;0;0;0;0;0;0;0;30;0;44.0;44.0;2;0;0.00;0.00;0.00;0.0;0.0
96.724;166;1157;45;52065;5.5;19.700;1.340;29;70;9;0;100;101;100;108;100;109;100;51;51;0;1.944;1.944;0.000;0.000;14.700;1.000;7.5;0.0;0;30;3.000;3.117;13.1;-240;0;0;-7.8;0;0;0;0;0;99;0;0;1848;95.83;0;0;0;0;0;0;0;0;0;0;0;0;0;0;0;0;30;0;45.0;45.0;2;0;0.00;0.00;0.00;0.0;0.0
96.854;166;1134;45;51030;5.5;19.700;1.340;29;70;9;0;100;101;100;108;100;109;100;51;51;0;1.944;1.944;0.000;0.000;14.700;1.000;7.3;0.0;0;30;3.000;2.476;13.1;-80;0;0;-7.8;0;0;0;0;0;99;0;0;1848;97.78;0;0;0;0;0;0;0;0;0;0;0;0;0;0;0;0;30;0;45.0;45.0;2;0;0.00;0.00;0.00;0.0;0.0
96.920;166;1134;45;51030;5.5;19.700;1.340;29;70;9;0;100;101;100;108;100;109;100;51;51;0;1.944;1.944;0.000;0.000;14.700;1.000;7.3;0.0;0;30;3.000;2.746;13.1;-80;0;0;-7.8;0;0;0;0;0;99;0;0;1848;97.78;0;0;0;0;0;0;0;0;0;0;0;0;0;0;0;0;30;0;45.0;45.0;2;0;0.00;0.00;0.00;0.0;0.0
96.989;166;1135;45;51075;5.5;19.700;1.340;29;70;9;0;100;101;100;108;100;109;100;51;51;0;1.944;1.944;0.000;0.000;14.700;1.000;7.4;0.0;0;30;3.000;2.945;13.1;0;0;0;-7.8;0;0;0;0;0;99;0;0;1848;97.69;0;0;0;0;0;0;0;0;0;0;0;0;0;0;0;0;30;0;45.0;45.0;2;0;0.00;0.00;0.00;0.0;0.0
97.056;166;1107;46;50922;5.5;19.700;1.340;29;70;9;0;100;101;100;108;100;109;100;52;52;0;1.970;1.970;0.000;0.000;14.700;1.000;7.3;0.0;0;30;3.000;2.747;13.1;-120;0;0;-7.7;0;0;0;0;0;99;0;0;1848;100.16;0;0;0;0;0;0;0;0;0;0;0;0;0;0;0;0;30;0;46.0;46.0;2;0;0.00;0.00;0.00;0.0;0.0
97.121;166;1117;46;51382;5.5;19.700;1.340;29;70;9;0;100;101;100;108;100;109;100;52;52;0;1.970;1.970;0.000;0.000;14.700;1.000;7.3;0.0;0;30;3.000;2.957;13.1;-120;0;0;-7.7;0;0;0;0;0;99;0;0;1848;99.27;0;0;0;0;0;0;0;0;0;0;0;0;0;0;0;0;30;0;46.0;46.0;2;0;0.00;0.00;0.00;0.0;0.0
97.121;166;1143;46;52578;5.5;19.700;1.340;29;70;9;0;100;101;100;108;100;109;100;52;52;0;1.970;1.970;0.000;0.000;14.700;1.000;7.5;0.0;0;30;3.000;2.814;13.1;80;0;0;-7.7;0;0;0;0;0;99;0;0;1848;97.01;0;0;0;0;0;0;0;0;0;0;0;0;0;0;0;0;30;0;46.0;46.0;2;0;0.00;0.00;0.00;0.0;0.0
97.256;166;1120;46;51520;5.5;19.700;1.340;29;70;9;0;100;101;100;108;100;109;100;52;52;0;1.970;1.970;0.000;0.000;14.700;1.000;7.4;0.0;0;30;3.000;2.598;13.1;-100;0;0;-7.7;0;0;0;0;0;99;0;0;1848;99.00;0;0;0;0;0;0;0;0;0;0;0;0;0;0;0;0;30;0;46.0;46.0;2;0;0.00;0.00;0.00;0.0;0.0
97.321;166;1114;46;51244;5.5;19.600;1.333;29;70;9;0;100;101;100;108;100;109;100;52;52;0;1.970;1.970;0.000;0.000;14.700;1.000;7.3;0.0;0;30;3.000;2.940;13.1;-100;0;0;-7.7;0;0;0;0;0;99;0;0;1848;99.53;0;0;0;0;0;0;0;0;0;0;0;0;0;0;0;0;30;0;46.0;46.0;2;0;0.00;0.00;0.00;0.0;0.0
97.387;167;1125;46;51750;5.5;19.700;1.340;29;70;9;0;100;101;100;108;100;109;100;52;52;0;1.970;1.970;0.000;0.000;14.700;1.000;7.4;0.0;0;30;3.000;2.979;13.1;20;0;0;-7.7;0;0;0;0;0;99;0;0;1867;99.57;0;0;0;0;0;0;0;0;0;0;0;0;0;0;0;0;30;0;46.0;46.0;2;0;0.00;0.00;0.00;0.0;0.0
97.452;167;1115;46;51290;5.5;19.700;1.340;29;70;9;0;100;101;100;108;100;109;100;52;52;0;1.970;1.970;0.000;0.000;14.700;1.000;7.3;0.0;0;30;3.000;2.581;13.1;-20;0;0;-7.7;0;0;0;0;0;99;0;0;1867;100.47;0;0;0;0;0;0;0;0;0;0;0;0;0;0;0;0;30;0;46.0;46.0;2;0;0.00;0.00;0.00;0.0;0.0
97.522;167;1109;46;51014;5.5;19.700;1.340;29;70;9;0;100;101;100;108;100;109;100;52;52;0;1.970;1.970;0.000;0.000;14.700;1.000;7.3;0.0;0;30;3.000;2.964;13.1;-20;0;0;-7.7;0;0;0;0;0;99;0;0;1867;101.01;0;0;0;0;0;0;0;0;0;0;0;0;0;0;0;0;30;0;46.0;46.0;2;0;0.00;0.00;0.00;0.0;0.0
97.588;167;1126;46;51796;5.5;19.700;1.340;29;70;9;0;100;101;100;108;100;109;100;52;52;0;1.970;1.970;0.000;0.000;14.700;1.000;7.4;0.0;0;30;3.000;2.960;13.1;20;0;0;-7.7;0;0;0;0;0;99;0;0;1867;99.48;0;0;0;0;0;0;0;0;0;0;0;0;0;0;0;0;30;0;46.0;46.0;2;0;0.00;0.00;0.00;0.0;0.0
97.588;167;1118;46;51428;5.5;19.700;1.340;29;71;9;0;100;101;100;107;100;108;100;52;52;0;1.962;1.962;0.000;0.000;14.700;1.000;7.3;0.0;0;30;3.000;2.658;13.1;-40;0;0;-7.7;0;0;0;0;0;99;0;0;1867;100.20;0;0;0;0;0;0;0;0;0;0;0;0;0;0;0;0;30;0;46.0;46.0;2;0;0.00;0.00;0.00;0.0;0.0
97.722;167;1131;41;46371;5.5;19.700;1.340;29;71;9;0;100;101;100;107;100;108;100;49;49;0;1.866;1.866;0.000;0.000;14.700;1.000;7.0;0.0;0;30;3.000;2.743;13.1;-40;0;0;-8.4;0;0;0;0;0;99;0;0;1867;99.05;0;0;0;0;0;0;0;0;0;0;0;0;0;0;0;0;30;0;41.0;41.0;2;0;0.00;0.00;0.00;0.0;0.0
97.788;167;1150;46;52900;5.5;19.700;1.340;29;71;9;0;100;101;100;107;100;108;100;52;52;0;1.962;1.962;0.000;0.000;14.700;1.000;7.5;0.0;0;30;3.000;3.168;13.1;210;0;0;-7.7;0;0;0;0;0;99;0;0;1867;97.41;0;0;0;0;0;0;0;0;0;0;0;0;0;0;0;0;30;0;46.0;46.0;2;0;0.00;0.00;0.00;0.0;0.0
97.854;167;1132;46;52072;5.5;19.700;1.340;29;71;9;0;100;101;100;107;100;108;100;52;52;0;1.962;1.962;0.000;0.000;14.700;1.000;7.4;0.0;0;30;3.000;2.715;13.1;210;0;0;-7.7;0;0;0;0;0;99;0;0;1867;98.96;0;0;0;0;0;0;0;0;0;0;0;0;0;0;0;0;30;0;46.0;46.0;2;0;0.00;0.00;0.00;0.0;0.0
97.920;167;1138;46;52348;5.5;19.700;1.340;29;71;9;0;100;101;100;107;100;108;100;52;52;0;1.974;1.974;0.000;0.000;14.700;1.000;7.5;0.0;0;30;3.000;3.071;13.0;-70;0;0;-7.7;0;0;0;0;0;99;0;0;1867;98.44;0;0;0;0;0;0;0;0;0;0;0;0;0;0;0;0;30;0;46.0;46.0;2;0;0.00;0.00;0.00;0.0;0.0
97.985;167;1145;45;51525;5.5;19.700;1.340;29;71;9;0;100;101;100;107;100;108;100;51;51;0;1.948;1.948;0.000;0.000;14.700;1.000;7.4;0.0;0;30;3.000;2.855;13.0;180;0;0;-7.8;0;0;0;0;0;99;0;0;1867;97.83;0;0;0;0;0;0;0;0;0;0;0;0;0;0;0;0;30;0;45.0;45.0;2;0;0.00;0.00;0.00;0.0;0.0
97.985;167;1131;45;50895;5.5;19.700;1.340;29;71;9;0;100;101;100;107;100;108;100;51;51;0;1.948;1.948;0.000;0.000;14.700;1.000;7.3;0.0;0;30;3.000;2.888;13.0;180;0;0;-7.8;0;0;0;0;0;99;0;0;1867;99.05;0;0;0;0;0;0;0;0;0;0;0;0;0;0;0;0;30;0;45.0;45.0;2;0;0.00;0.00;0.00;0.0;0.0
98.055;167;1126;45;50670;5.5;19.700;1.340;29;71;9;0;100;101;100;107;100;108;100;51;51;0;1.960;1.960;0.000;0.000;14.700;1.000;7.4;0.0;0;30;3.000;2.792;12.9;-190;0;0;-7.8;0;0;0;0;0;99;0;0;1867;99.48;0;0;0;0;0;0;0;0;0;0;0;0;0;0;0;0;30;0;45.0;45.0;2;0;0.00;0.00;0.00;0.0;0.0
98.186;167;1113;46;51198;5.5;19.700;1.340;29;71;9;0;100;101;100;107;100;108;100;52;52;0;1.986;1.986;0.000;0.000;14.700;1.000;7.4;0.0;0;30;3.000;2.607;12.9;-30;0;0;-7.7;0;0;0;0;0;99;0;0;1867;100.65;0;0;0;0;0;0;0;0;0;0;0;0;0;0;0;0;30;0;46.0;46.0;2;0;0.00;0.00;0.00;0.0;0.0
98.256;167;1084;46;49864;5.5;19.700;1.340;29;71;9;0;100;101;100;107;100;108;100;51;51;0;1.969;1.969;0.000;0.000;14.700;1.000;7.1;0.0;0;30;3.000;2.429;12.9;-30;0;0;-7.7;0;0;0;0;0;99;0;0;1867;103.34;0;0;0;0;0;0;0;0;0;0;0;0;0;0;0;0;30;0;46.0;46.0;2;0;0.00;0.00;0.00;0.0;0.0
98.322;167;1123;46;51658;5.5;19.700;1.340;29;71;9;0;100;101;100;107;100;108;100;52;52;0;1.986;1.986;0.000;0.000;14.700;1.000;7.4;0.0;0;30;3.000;3.273;12.9;-440;0;0;-7.7;0;0;0;0;0;99;0;0;1867;99.75;0;0;0;0;0;0;0;0;0;0;0;0;0;0;0;0;30;0;46.0;46.0;2;0;0.00;0.00;0.00;0.0;0.0
98.391;168;1118;47;52546;5.5;19.700;1.340;29;71;9;0;100;101;100;107;100;108;100;52;52;0;1.984;1.984;0.000;0.000;14.700;1.000;7.4;0.0;0;30;3.000;2.926;13.0;430;0;0;-7.5;0;0;0;0;0;99;0;0;1869;100.30;0;0;0;0;0;0;0;0;0;0;0;0;0;0;0;0;30;0;47.0;47.0;2;0;0.00;0.00;0.00;0.0;0.0
98.456;168;1084;46;49864;5.5;19.700;1.340;29;71;9;0;100;101;100;107;100;108;100;51;51;0;1.957;1.957;0.000;0.000;14.700;1.000;7.1;0.0;0;30;3.000;2.568;13.0;430;0;0;-7.7;0;0;0;0;0;99;0;0;1869;103.45;0;0;0;0;0;0;0;0;0;0;0;0;0;0;0;0;30;0;46.0;46.0;2;0;0.00;0.00;0.00;0.0;0.0
98.527;168;1104;47;51888;5.5;19.600;1.333;29;71;9;0;100;101;100;107;100;108;100;52;52;0;1.984;1.984;0.000;0.000;14.700;1.000;7.3;0.0;0;30;3.000;3.136;13.0;-430;0;0;-7.5;0;0;0;0;0;99;0;0;1869;101.58;0;0;0;0;0;0;0;0;0;0;0;0;0;0;0;0;30;0;47.0;47.0;2;0;0.00;0.00;0.00;0.0;0.0
98.592;168;1107;47;52029;5.5;19.700;1.340;29;71;9;0;100;101;100;107;100;108;100;52;52;0;1.984;1.984;0.000;0.000;14.600;0.993;7.3;0.0;0;30;3.000;3.034;13.0;170;0;0;-7.5;0;0;0;0;0;99;0;0;1869;101.30;0;0;0;0;0;0;0;0;0;0;0;0;0;0;0;0;30;0;47.0;47.0;2;0;0.00;0.00;0.00;0.0;0.0
98.657;168;1100;47;51700;5.5;19.700;1.340;29;71;9;0;100;101;100;107;100;108;100;52;52;0;1.984;1.984;0.000;0.000;14.700;1.000;7.3;0.0;0;30;3.000;2.997;13.0;170;0;0;-7.5;0;0;0;0;0;99;0;0;1869;101.95;0;0;0;0;0;0;0;0;0;0;0;0;0;0;0;0;30;0;47.0;47.0;2;0;0.00;0.00;0.00;0.0;0.0
98.723;168;1108;47;52076;5.5;19.700;1.340;29;71;9;0;100;101;100;107;100;108;100;53;53;0;1.992;1.992;0.000;0.000;14.600;0.993;7.4;0.0;0;30;3.000;3.010;13.0;-110;0;0;-7.5;0;0;0;0;0;99;0;0;1869;101.21;0;0;0;0;0;0;0;0;0;0;0;0;0;0;0;0;30;0;47.0;47.0;2;0;0.00;0.00;0.00;0.0;0.0
98.723;168;1103;47;51841;5.5;19.700;1.340;29;71;9;0;100;101;100;107;100;108;100;52;52;0;1.984;1.984;0.000;0.000;14.600;0.993;7.3;0.0;0;30;3.000;2.794;13.0;130;0;0;-7.5;0;0;0;0;0;99;0;0;1869;101.67;0;0;0;0;0;0;0;0;0;0;0;0;0;0;0;0;30;0;47.0;47.0;2;0;0.00;0.00;0.00;0.0;0.0
98.859;168;1094;47;51418;5.5;19.700;1.340;29;71;9;0;100;101;100;107;100;108;100;52;52;0;1.984;1.984;0.000;0.000;14.600;0.993;7.2;0.0;0;30;3.000;2.706;13.0;130;0;0;-7.5;0;0;0;0;0;99;0;0;1869;102.50;0;0;0;0;0;0;0;0;0;0;0;0;0;0;0;0;30;0;47.0;47.0;2;0;0.00;0.00;0.00;0.0;0.0
98.926;168;1097;47;51559;5.5;19.700;1.340;29;71;9;0;100;101;100;107;100;108;100;52;52;0;2.020;2.020;0.000;0.000;14.600;0.993;7.4;0.0;0;30;3.000;3.230;12.7;-90;0;0;-7.5;0;0;0;0;0;99;0;0;1869;102.22;0;0;0;0;0;0;0;0;0;0;0;0;0;0;0;0;30;0;47.0;47.0;2;0;0.00;0.00;0.00;0.0;0.0
98.991;168;1106;47;51982;5.5;19.700;1.340;29;71;9;0;100;101;100;107;100;108;100;52;52;0;2.020;2.020;0.000;0.000;14.600;0.993;7.4;0.0;0;30;3.000;3.153;12.7;200;0;0;-7.5;0;0;0;0;0;99;0;0;1869;101.39;0;0;0;0;0;0;0;0;0;0;0;0;0;0;0;0;30;0;47.0;47.0;2;0;0.00;0.00;0.00;0.0;0.0
99.061;168;1129;47;53063;5.5;19.700;1.340;29;71;9;0;100;101;100;107;100;108;100;52;52;0;2.020;2.020;0.000;0.000;14.600;0.993;7.6;0.0;0;31;3.000;3.104;12.7;200;0;0;-7.5;0;0;0;0;0;99;0;0;1869;99.33;0;0;0;0;0;0;0;0;0;0;0;0;0;0;0;0;31;0;47.0;47.0;2;0;0.00;0.00;0.00;0.0;0.0
99.127;168;1175;45;52875;5.5;19.700;1.340;29;71;9;0;100;101;100;107;100;108;100;51;51;0;1.984;1.984;0.000;0.000;14.700;1.000;7.8;0.0;0;30;3.000;3.242;12.7;350;0;0;-7.8;0;0;0;0;0;99;0;0;1869;95.44;0;0;0;0;0;0;0;0;0;0;0;0;0;0;0;0;30;0;45.0;45.0;2;0;0.00;0.00;0.00;0.0;0.0
99.193;168;1205;44;53020;5.5;19.700;1.340;29;71;9;0;100;101;100;107;100;108;100;51;51;0;1.954;1.954;0.000;0.000;14.700;1.000;7.8;0.0;0;30;3.000;3.228;12.8;560;0;0;-8.0;0;0;0;0;0;99;0;0;1869;93.06;0;0;0;0;0;0;0;0;0;0;0;0;0;0;0;0;30;0;44.0;44.0;2;0;0.00;0.00;0.00;0.0;0.0
99.259;168;1229;44;54076;5.5;19.700;1.340;29;71;9;0;100;101;100;107;100;108;100;51;51;0;1.954;1.954;0.000;0.000;14.700;1.000;8.0;0.0;0;30;3.000;3.022;12.8;560;0;0;-8.0;0;0;0;0;0;99;0;0;1869;91.24;0;0;0;0;0;0;0;0;0;0;0;0;0;0;0;0;30;0;44.0;44.0;2;0;0.00;0.00;0.00;0.0;0.0
99.259;168;1243;43;53449;5.5;19.700;1.340;29;71;9;0;100;101;100;107;100;108;100;51;51;0;1.944;1.944;0.000;0.000;14.700;1.000;8.1;0.0;0;30;3.000;2.883;12.8;270;0;0;-8.1;0;0;0;0;0;99;0;0;1869;90.22;0;0;0;0;0;0;0;0;0;0;0;0;0;0;0;0;30;0;43.0;43.0;2;0;0.00;0.00;0.00;0.0;0.0
99.396;169;1240;42;52080;5.5;19.700;1.340;29;71;9;0;100;101;100;107;100;108;100;50;50;0;1.928;1.928;0.000;0.000;14.700;1.000;8.0;0.0;0;30;3.000;2.748;12.8;160;0;0;-8.3;0;0;0;0;0;99;0;0;1865;90.24;0;0;0;0;0;0;0;0;0;0;0;0;0;0;0;0;30;0;42.0;42.0;2;0;0.00;0.00;0.00;0.0;0.0
99.396;169;1264;42;53088;5.5;19.700;1.340;29;71;9;0;100;101;100;107;100;108;100;50;50;0;1.928;1.928;0.000;0.000;14.700;1.000;8.1;0.0;0;31;3.000;3.156;12.8;160;0;0;-8.3;0;0;0;0;0;99;0;0;1865;88.53;0;0;0;0;0;0;0;0;0;0;0;0;0;0;0;0;31;0;42.0;42.0;2;0;0.00;0.00;0.00;0.0;0.0
99.526;169;1278;42;53676;5.5;19.700;1.340;29;71;9;0;100;101;100;107;100;108;100;50;50;0;1.928;1.928;0.000;0.000;14.700;1.000;8.2;0.0;0;31;3.000;3.098;12.8;160;0;0;-8.3;0;0;0;0;0;99;0;0;1865;87.56;0;0;0;0;0;0;0;0;0;0;0;0;0;0;0;0;31;0;42.0;42.0;2;0;0.00;0.00;0.00;0.0;0.0
99.591;169;1269;41;52029;5.5;19.700;1.340;29;71;9;0;100;101;100;107;100;108;100;50;50;0;1.910;1.910;0.000;0.000;14.700;1.000;8.1;0.0;0;31;3.000;2.815;12.8;50;0;0;-8.4;0;0;0;0;0;99;0;0;1865;88.18;0;0;0;0;0;0;0;0;0;0;0;0;0;0;0;0;31;0;41.0;41.0;2;0;0.00;0.00;0.00;0.0;0.0
99.659;169;1303;41;53423;5.5;19.700;1.340;29;71;9;0;100;101;100;107;100;108;100;50;50;0;1.898;1.898;0.000;0.000;14.700;1.000;8.2;0.0;0;31;3.000;2.955;12.9;50;0;0;-8.4;0;0;0;0;0;99;0;0;1865;85.88;0;0;0;0;0;0;0;0;0;0;0;0;0;0;0;0;31;0;41.0;41.0;2;0;0.00;0.00;0.00;0.0;0.0
99.723;169;1309;40;52360;5.5;19.700;1.340;29;71;9;0;100;101;100;107;100;108;100;50;50;0;1.889;1.889;0.000;0.000;14.700;1.000;8.2;0.0;0;31;3.000;2.945;12.9;280;0;0;-8.6;0;0;0;0;0;99;0;0;1865;85.49;0;0;0;0;0;0;0;0;0;0;0;0;0;0;0;0;31;0;40.0;40.0;2;0;0.00;0.00;0.00;0.0;0.0
99.792;169;1309;40;52360;5.5;19.700;1.340;29;71;9;0;100;101;100;107;100;108;100;50;50;0;1.889;1.889;0.000;0.000;14.700;1.000;8.2;0.0;0;31;3.000;3.002;12.9;120;0;0;-8.6;0;0;0;0;0;99;0;0;1865;85.49;0;0;0;0;0;0;0;0;0;0;0;0;0;0;0;0;31;0;40.0;40.0;2;0;0.00;0.00;0.00;0.0;0.0
99.857;169;1306;40;52240;5.5;19.700;1.340;29;71;9;0;100;101;100;107;100;108;100;50;50;0;1.889;1.889;0.000;0.000;14.700;1.000;8.2;0.0;0;31;3.000;2.883;12.9;120;0;0;-8.6;0;0;0;0;0;99;0;0;1865;85.68;0;0;0;0;0;0;0;0;0;0;0;0;0;0;0;0;31;0;40.0;40.0;2;0;0.00;0.00;0.00;0.0;0.0
99.926;169;1318;40;52720;5.5;19.700;1.340;29;71;9;0;100;101;100;107;100;108;100;50;50;0;1.889;1.889;0.000;0.000;14.700;1.000;8.3;0.0;0;31;3.000;2.899;12.9;90;0;0;-8.6;0;0;0;0;0;99;0;0;1865;84.90;0;0;0;0;0;0;0;0;0;0;0;0;0;0;0;0;31;0;40.0;40.0;2;0;0.00;0.00;0.00;0.0;0.0
99.995;169;1304;40;52160;5.5;19.700;1.340;29;71;9;0;100;101;100;107;100;108;100;50;50;0;1.889;1.889;0.000;0.000;14.700;1.000;8.2;0.0;0;31;3.000;2.956;12.9;-140;0;0;-8.6;0;0;0;0;0;99;0;0;1865;85.81;0;0;0;0;0;0;0;0;0;0;0;0;0;0;0;0;31;0;40.0;40.0;2;0;0.00;0.00;0.00;0.0;0.0
100.057;169;1278;40;51120;5.5;19.700;1.340;29;71;9;0;100;101;100;107;100;108;100;49;49;0;1.881;1.881;0.000;0.000;14.700;1.000;8.0;0.0;0;31;3.000;2.566;12.9;-140;0;0;-8.6;0;0;0;0;0;99;0;0;1865;87.56;0;0;0;0;0;0;0;0;0;0;0;0;0;0;0;0;31;0;40.0;40.0;2;0;0.00;0.00;0.00;0.0;0.0
100.124;169;1273;40;50920;5.5;19.700;1.340;29;71;9;0;100;101;100;107;100;108;100;49;49;0;1.881;1.881;0.000;0.000;14.700;1.000;8.0;0.0;0;31;3.000;2.803;12.9;-300;0;0;-8.6;0;0;0;0;0;99;0;0;1865;87.90;0;0;0;0;0;0;0;0;0;0;0;0;0;0;0;0;31;0;40.0;40.0;2;0;0.00;0.00;0.00;0.0;0.0
100.189;169;1250;41;51250;5.5;19.700;1.340;29;71;9;0;100;101;100;107;100;108;100;50;50;0;1.886;1.886;0.000;0.000;14.700;1.000;7.9;0.0;0;31;3.000;2.898;13.0;-300;0;0;-8.4;0;0;0;0;0;99;0;0;1865;89.52;0;0;0;0;0;0;0;0;0;0;0;0;0;0;0;0;31;0;41.0;41.0;2;0;0.00;0.00;0.00;0.0;0.0
100.254;169;1234;41;50594;5.5;19.700;1.340;29;71;9;0;100;101;100;107;100;108;100;50;50;0;1.886;1.886;0.000;0.000;14.700;1.000;7.8;0.0;0;30;3.000;2.948;13.0;-240;0;0;-8.4;0;0;0;0;0;99;0;0;1865;90.68;0;0;0;0;0;0;0;0;0;0;0;0;0;0;0;0;30;0;41.0;41.0;2;0;0.00;0.00;0.00;0.0;0.0
100.328;169;1235;42;51870;5.5;19.700;1.340;29;71;9;0;100;101;100;107;100;108;100;50;50;0;1.904;1.904;0.000;0.000;14.700;1.000;7.8;0.0;0;30;3.000;2.846;13.0;-180;0;0;-8.3;0;0;0;0;0;99;0;0;1865;90.61;0;0;0;0;0;0;0;0;0;0;0;0;0;0;0;0;30;0;42.0;42.0;2;0;0.00;0.00;0.00;0.0;0.0
100.390;169;1217;42;51114;5.5;19.700;1.340;29;71;9;0;100;101;100;107;100;108;100;50;50;0;1.904;1.904;0.000;0.000;14.700;1.000;7.7;0.0;0;30;3.000;2.879;13.0;-180;0;0;-8.3;0;0;0;0;0;99;0;0;1865;91.95;0;0;0;0;0;0;0;0;0;0;0;0;0;0;0;0;30;0;42.0;42.0;2;0;0.00;0.00;0.00;0.0;0.0
100.459;170;1196;43;51428;5.5;19.700;1.340;29;71;9;0;100;101;100;107;100;108;100;50;50;0;1.985;1.985;0.000;0.000;14.700;1.000;7.9;0.0;0;30;3.000;2.988;12.4;-150;0;0;-8.1;0;0;0;0;0;99;0;0;1860;93.31;0;0;0;0;0;0;0;0;0;0;0;0;0;0;0;0;30;0;43.0;43.0;2;0;0.00;0.00;0.00;0.0;0.0
100.527;170;1204;43;51772;5.5;19.700;1.340;29;71;9;0;100;101;100;107;100;108;100;51;51;0;1.992;1.992;0.000;0.000;14.700;1.000;8.0;0.0;0;30;3.000;2.949;12.4;-220;0;0;-8.1;0;0;0;0;0;99;0;0;1860;92.69;0;0;0;0;0;0;0;0;0;0;0;0;0;0;0;0;30;0;43.0;43.0;2;0;0.00;0.00;0.00;0.0;0.0
100.591;170;1182;43;50826;5.5;19.700;1.340;29;71;9;0;100;101;100;107;100;108;100;50;50;0;1.985;1.985;0.000;0.000;14.700;1.000;7.8;0.0;0;31;3.000;2.810;12.4;-220;0;0;-8.1;0;0;0;0;0;99;0;0;1860;94.42;0;0;0;0;0;0;0;0;0;0;0;0;0;0;0;0;31;0;43.0;43.0;2;0;0.00;0.00;0.00;0.0;0.0
100.661;170;1190;44;52360;5.5;19.700;1.340;29;71;9;0;100;101;100;107;100;108;100;51;51;0;2.014;2.014;0.000;0.000;14.700;1.000;8.0;0.0;0;30;3.000;3.040;12.3;-130;0;0;-8.0;0;0;0;0;0;99;0;0;1860;93.78;0;0;0;0;0;0;0;0;0;0;0;0;0;0;0;0;30;0;44.0;44.0;2;0;0.00;0.00;0.00;0.0;0.0
100.661;170;1207;43;51901;5.5;19.700;1.340;29;71;9;0;100;101;100;107;100;108;100;51;51;0;2.004;2.004;0.000;0.000;14.700;1.000;8.1;0.0;0;31;3.000;3.082;12.3;250;0;0;-8.1;0;0;0;0;0;99;0;0;1860;92.46;0;0;0;0;0;0;0;0;0;0;0;0;0;0;0;0;31;0;43.0;43.0;2;0;0.00;0.00;0.00;0.0;0.0
100.795;170;1202;44;52888;5.5;19.700;1.340;29;71;9;0;100;101;100;107;100;108;100;51;51;0;2.014;2.014;0.000;0.000;14.700;1.000;8.1;0.0;0;30;3.000;3.102;12.3;250;0;0;-8.0;0;0;0;0;0;99;0;0;1860;92.85;0;0;0;0;0;0;0;0;0;0;0;0;0;0;0;0;30;0;44.0;44.0;2;0;0.00;0.00;0.00;0.0;0.0
100.861;170;1238;43;53234;5.5;19.700;1.340;29;71;9;0;100;101;100;107;100;108;100;51;51;0;2.004;2.004;0.000;0.000;14.700;1.000;8.3;0.0;0;31;3.000;3.139;12.3;60;0;0;-8.1;0;0;0;0;0;99;0;0;1860;90.15;0;0;0;0;0;0;0;0;0;0;0;0;0;0;0;0;31;0;43.0;43.0;2;0;0.00;0.00;0.00;0.0;0.0
100.925;170;1249;42;52458;5.5;19.700;1.340;29;71;9;0;100;101;100;107;100;108;100;50;50;0;1.928;1.928;0.000;0.000;14.700;1.000;8.0;0.0;0;30;3.000;3.222;12.8;410;0;0;-8.3;0;0;0;0;0;99;0;0;1860;89.35;0;0;0;0;0;0;0;0;0;0;0;0;0;0;0;0;30;0;42.0;42.0;2;0;0.00;0.00;0.00;0.0;0.0
100.991;170;1275;42;53550;5.5;19.700;1.340;29;71;9;0;100;101;100;107;100;108;100;50;50;0;1.928;1.928;0.000;0.000;14.700;1.000;8.2;0.0;0;31;3.000;3.024;12.8;410;0;0;-8.3;0;0;0;0;0;99;0;0;1860;87.53;0;0;0;0;0;0;0;0;0;0;0;0;0;0;0;0;31;0;42.0;42.0;2;0;0.00;0.00;0.00;0.0;0.0
101.057;170;1292;41;52972;5.5;19.700;1.340;29;71;9;0;100;101;100;107;100;108;100;50;50;0;1.910;1.910;0.000;0.000;14.700;1.000;8.2;0.0;0;31;3.000;3.067;12.8;310;0;0;-8.4;0;0;0;0;0;99;0;0;1860;86.38;0;0;0;0;0;0;0;0;0;0;0;0;0;0;0;0;31;0;41.0;41.0;2;0;0.00;0.00;0.00;0.0;0.0
101.122;170;1311;40;52440;5.5;19.700;1.340;29;71;9;0;100;101;100;107;100;108;100;50;50;0;1.901;1.901;0.000;0.000;14.700;1.000;8.3;0.0;0;31;3.000;2.912;12.8;260;0;0;-8.6;0;0;0;0;0;99;0;0;1860;85.13;0;0;0;0;0;0;0;0;0;0;0;0;0;0;0;0;31;0;40.0;40.0;2;0;0.00;0.00;0.00;0.0;0.0
101.189;170;1330;40;53200;5.5;19.700;1.340;29;71;9;0;100;101;100;107;100;108;100;50;50;0;1.889;1.889;0.000;0.000;14.700;1.000;8.4;0.0;0;31;3.000;2.961;12.9;260;0;0;-8.6;0;0;0;0;0;99;0;0;1860;83.91;0;0;0;0;0;0;0;0;0;0;0;0;0;0;0;0;31;0;40.0;40.0;2;0;0.00;0.00;0.00;0.0;0.0
101.189;170;1348;39;52572;5.5;19.700;1.340;29;71;9;0;100;101;100;107;100;108;100;49;49;0;1.873;1.873;0.000;0.000;14.700;1.000;8.4;0.0;0;32;3.000;3.058;12.9;130;0;0;-8.7;0;0;0;0;0;99;0;0;1860;82.79;0;0;0;0;0;0;0;0;0;0;0;0;0;0;0;0;32;0;39.0;39.0;2;0;0.00;0.00;0.00;0.0;0.0
101.253;170;1350;39;52650;5.5;19.700;1.340;29;71;9;0;100;101;100;107;100;108;100;49;49;0;1.873;1.873;0.000;0.000;14.700;1.000;8.4;0.0;0;31;3.000;2.953;12.9;260;0;0;-8.7;0;0;0;0;0;99;0;0;1860;82.67;0;0;0;0;0;0;0;0;0;0;0;0;0;0;0;0;31;0;39.0;39.0;2;0;0.00;0.00;0.00;0.0;0.0
101.319;170;1339;38;50882;5.5;19.400;1.320;29;71;9;0;100;101;100;107;100;108;100;49;49;0;1.864;1.864;0.000;0.000;14.700;1.000;8.3;0.0;0;32;3.000;2.831;12.9;260;0;0;-8.8;0;0;0;0;0;99;0;0;1860;83.35;0;0;0;0;0;0;0;0;0;0;0;0;0;0;0;0;32;0;38.0;38.0;2;0;0.00;0.00;0.00;0.0;0.0
101.386;171;1342;38;50996;5.5;18.900;1.286;29;71;9;0;100;101;100;107;100;108;100;49;49;0;1.852;1.852;0.000;0.000;14.700;1.000;8.3;0.0;0;32;3.000;2.760;13.0;-10;0;0;-8.8;0;0;0;0;0;99;0;0;1859;83.11;0;0;0;0;0;0;0;0;0;0;0;0;0;0;0;0;32;0;38.0;38.0;2;0;0.00;0.00;0.00;0.0;0.0
101.454;171;1318;39;51402;5.5;19.400;1.320;29;71;9;0;100;101;100;107;100;108;100;49;49;0;1.861;1.861;0.000;0.000;14.700;1.000;8.2;0.0;0;32;3.000;2.906;13.0;-310;0;0;-8.7;0;0;0;0;0;99;0;0;1859;84.63;0;0;0;0;0;0;0;0;0;0;0;0;0;0;0;0;32;0;39.0;39.0;2;0;0.00;0.00;0.00;0.0;0.0
101.589;171;1298;39;50622;5.5;19.500;1.327;29;71;9;0;100;101;100;107;100;108;100;49;49;0;1.861;1.861;0.000;0.000;14.700;1.000;8.1;0.0;0;31;3.000;2.795;13.0;-310;0;0;-8.7;0;0;0;0;0;99;0;0;1859;85.93;0;0;0;0;0;0;0;0;0;0;0;0;0;0;0;0;31;0;39.0;39.0;2;0;0.00;0.00;0.00;0.0;0.0
101.589;171;1281;40;51240;5.5;19.500;1.327;29;71;9;0;100;101;100;107;100;108;100;49;49;0;1.869;1.869;0.000;0.000;14.700;1.000;8.0;0.0;0;31;3.000;2.786;13.0;-220;0;0;-8.6;0;0;0;0;0;99;0;0;1859;87.07;0;0;0;0;0;0;0;0;0;0;0;0;0;0;0;0;31;0;40.0;40.0;2;0;0.00;0.00;0.00;0.0;0.0
101.720;171;1259;41;51619;5.5;19.700;1.340;29;71;9;0;100;101;100;107;100;108;100;50;50;0;1.898;1.898;0.000;0.000;14.700;1.000;8.0;0.0;0;31;3.000;2.690;12.9;-370;0;0;-8.4;0;0;0;0;0;99;0;0;1859;88.59;0;0;0;0;0;0;0;0;0;0;0;0;0;0;0;0;31;0;41.0;41.0;2;0;0.00;0.00;0.00;0.0;0.0
101.720;171;1226;41;50266;5.5;19.700;1.340;29;71;9;0;100;101;100;107;100;108;100;50;50;0;1.898;1.898;0.000;0.000;14.700;1.000;7.8;0.0;0;30;3.000;2.782;12.9;-370;0;0;-8.4;0;0;0;0;0;99;0;0;1859;90.98;0;0;0;0;0;0;0;0;0;0;0;0;0;0;0;0;30;0;41.0;41.0;2;0;0.00;0.00;0.00;0.0;0.0
101.855;171;1215;42;51030;5.5;19.700;1.340;29;71;9;0;100;101;100;107;100;108;100;50;50;0;1.916;1.916;0.000;0.000;14.700;1.000;7.8;0.0;0;30;3.000;2.749;12.9;-310;0;0;-8.3;0;0;0;0;0;99;0;0;1859;91.80;0;0;0;0;0;0;0;0;0;0;0;0;0;0;0;0;30;0;42.0;42.0;2;0;0.00;0.00;0.00;0.0;0.0
101.922;171;1191;43;51213;5.5;19.700;1.340;29;71;9;0;100;101;100;107;100;108;100;50;50;0;1.925;1.925;0.000;0.000;14.700;1.000;7.6;0.0;0;31;3.000;2.661;12.9;-370;0;0;-8.1;0;0;0;0;0;99;0;0;1859;93.65;0;0;0;0;0;0;0;0;0;0;0;0;0;0;0;0;31;0;43.0;43.0;2;0;0.00;0.00;0.00;0.0;0.0
101.922;171;1183;43;50869;5.5;19.600;1.333;29;71;9;0;100;101;100;107;100;108;100;50;50;0;1.913;1.913;0.000;0.000;14.700;1.000;7.5;0.0;0;31;3.000;2.902;13.0;-370;0;0;-8.1;0;0;0;0;0;99;0;0;1859;94.29;0;0;0;0;0;0;0;0;0;0;0;0;0;0;0;0;31;0;43.0;43.0;2;0;0.00;0.00;0.00;0.0;0.0
101.990;171;1178;44;51832;5.5;19.700;1.340;29;71;9;0;100;101;100;107;100;108;100;51;51;0;1.930;1.930;0.000;0.000;14.700;1.000;7.6;0.0;0;30;3.000;2.680;13.0;10;0;0;-8.0;0;0;0;0;0;99;0;0;1859;94.69;0;0;0;0;0;0;0;0;0;0;0;0;0;0;0;0;30;0;44.0;44.0;2;0;0.00;0.00;0.00;0.0;0.0
102.122;171;1168;44;51392;5.5;19.700;1.340;29;71;9;0;100;101;100;107;100;108;100;51;51;0;1.930;1.930;0.000;0.000;14.700;1.000;7.5;0.0;0;30;3.000;2.744;13.0;10;0;0;-8.0;0;0;0;0;0;99;0;0;1859;95.50;0;0;0;0;0;0;0;0;0;0;0;0;0;0;0;0;30;0;44.0;44.0;2;0;0.00;0.00;0.00;0.0;0.0
102.188;171;1149;45;51705;5.5;19.700;1.340;29;71;9;0;100;101;100;107;100;108;100;51;51;0;1.960;1.960;0.000;0.000;14.700;1.000;7.5;0.0;0;30;3.000;3.015;12.9;-360;0;0;-7.8;0;0;0;0;0;99;0;0;1859;97.08;0;0;0;0;0;0;0;0;0;0;0;0;0;0;0;0;30;0;45.0;45.0;2;0;0.00;0.00;0.00;0.0;0.0
102.188;171;1156;45;52020;5.5;19.700;1.340;29;71;9;0;100;101;100;107;100;108;100;51;51;0;1.960;1.960;0.000;0.000;14.700;1.000;7.6;0.0;0;30;3.000;2.932;12.9;-60;0;0;-7.8;0;0;0;0;0;99;0;0;1859;96.49;0;0;0;0;0;0;0;0;0;0;0;0;0;0;0;0;30;0;45.0;45.0;2;0;0.00;0.00;0.00;0.0;0.0
102.253;171;1118;45;50310;5.5;19.700;1.340;29;71;9;0;100;101;100;107;100;108;100;51;51;0;1.960;1.960;0.000;0.000;14.700;1.000;7.3;0.0;0;30;3.000;2.515;12.9;-60;0;0;-7.8;0;0;0;0;0;99;0;0;1859;99.77;0;0;0;0;0;0;0;0;0;0;0;0;0;0;0;0;30;0;45.0;45.0;2;0;0.00;0.00;0.00;0.0;0.0
102.389;171;1144;45;51480;5.5;19.700;1.340;29;71;9;0;100;101;100;107;100;108;100;51;51;0;1.960;1.960;0.000;0.000;14.700;1.000;7.5;0.0;0;30;3.000;2.919;12.9;-320;0;0;-7.8;0;0;0;0;0;99;0;0;1859;97.50;0;0;0;0;0;0;0;0;0;0;0;0;0;0;0;0;30;0;45.0;45.0;2;0;0.00;0.00;0.00;0.0;0.0
102.457;172;1146;45;51570;5.5;19.700;1.340;29;71;9;0;100;101;100;107;100;108;100;51;51;0;1.948;1.948;0.000;0.000;14.700;1.000;7.4;0.0;0;30;3.000;2.819;13.0;350;0;0;-7.8;0;0;0;0;0;99;0;0;1865;97.64;0;0;0;0;0;0;0;0;0;0;0;0;0;0;0;0;30;0;45.0;45.0;2;0;0.00;0.00;0.00;0.0;0.0
102.523;172;1112;46;51152;5.5;19.700;1.340;29;71;9;0;100;101;100;107;100;108;100;52;52;0;1.974;1.974;0.000;0.000;14.700;1.000;7.3;0.0;0;30;3.000;2.725;13.0;350;0;0;-7.7;0;0;0;0;0;99;0;0;1865;100.63;0;0;0;0;0;0;0;0;0;0;0;0;0;0;0;0;30;0;46.0;46.0;2;0;0.00;0.00;0.00;0.0;0.0
102.589;172;1113;46;51198;5.5;19.700;1.340;29;71;9;0;100;101;100;107;100;108;100;52;52;0;1.974;1.974;0.000;0.000;14.700;1.000;7.3;0.0;0;30;3.000;2.888;13.0;-410;0;0;-7.7;0;0;0;0;0;99;0;0;1865;100.54;0;0;0;0;0;0;0;0;0;0;0;0;0;0;0;0;30;0;46.0;46.0;2;0;0.00;0.00;0.00;0.0;0.0
102.657;172;1143;46;52578;5.5;19.700;1.340;29;71;9;0;100;101;100;107;100;108;100;52;52;0;1.974;1.974;0.000;0.000;14.700;1.000;7.5;0.0;0;30;3.000;3.173;13.0;320;0;0;-7.7;0;0;0;0;0;99;0;0;1865;97.90;0;0;0;0;0;0;0;0;0;0;0;0;0;0;0;0;30;0;46.0;46.0;2;0;0.00;0.00;0.00;0.0;0.0
102.720;172;1125;46;51750;5.5;19.700;1.340;29;71;9;0;100;101;100;107;100;108;100;52;52;0;1.974;1.974;0.000;0.000;14.700;1.000;7.4;0.0;0;30;3.000;2.858;13.0;320;0;0;-7.7;0;0;0;0;0;99;0;0;1865;99.47;0;0;0;0;0;0;0;0;0;0;0;0;0;0;0;0;30;0;46.0;46.0;2;0;0.00;0.00;0.00;0.0;0.0
102.792;172;1138;46;52348;5.5;19.700;1.340;29;71;9;0;100;101;100;107;100;108;100;52;52;0;1.974;1.974;0.000;0.000;14.700;1.000;7.5;0.0;0;30;3.000;3.092;13.0;-270;0;0;-7.7;0;0;0;0;0;99;0;0;1865;98.33;0;0;0;0;0;0;0;0;0;0;0;0;0;0;0;0;30;0;46.0;46.0;2;0;0.00;0.00;0.00;0.0;0.0
102.862;172;1155;46;53130;5.5;19.700;1.340;29;71;9;0;100;101;100;107;100;108;100;52;52;0;1.974;1.974;0.000;0.000;14.700;1.000;7.6;0.0;0;30;3.000;3.050;13.0;360;0;0;-7.7;0;0;0;0;0;99;0;0;1865;96.88;0;0;0;0;0;0;0;0;0;0;0;0;0;0;0;0;30;0;46.0;46.0;2;0;0.00;0.00;0.00;0.0;0.0
102.925;172;1141;45;51345;5.5;19.600;1.333;29;71;9;0;100;101;100;107;100;108;100;51;51;0;1.948;1.948;0.000;0.000;14.700;1.000;7.4;0.0;0;30;3.000;3.097;13.0;360;0;0;-7.8;0;0;0;0;0;99;0;0;1865;98.07;0;0;0;0;0;0;0;0;0;0;0;0;0;0;0;0;30;0;45.0;45.0;2;0;0.00;0.00;0.00;0.0;0.0
102.991;172;1142;45;51390;5.5;19.700;1.340;29;71;9;0;100;101;100;107;100;108;100;51;51;0;1.984;1.984;0.000;0.000;14.700;1.000;7.6;0.0;0;30;3.000;3.001;12.7;-120;0;0;-7.8;0;0;0;0;0;99;0;0;1865;97.99;0;0;0;0;0;0;0;0;0;0;0;0;0;0;0;0;30;0;45.0;45.0;2;0;0.00;0.00;0.00;0.0;0.0
103.063;172;1159;45;52155;5.5;19.700;1.340;29;71;9;0;100;101;100;107;100;108;100;51;51;0;1.984;1.984;0.000;0.000;14.700;1.000;7.7;0.0;0;30;3.000;2.996;12.7;130;0;0;-7.8;0;0;0;0;0;99;0;0;1865;96.55;0;0;0;0;0;0;0;0;0;0;0;0;0;0;0;0;30;0;45.0;45.0;2;0;0.00;0.00;0.00;0.0;0.0
103.063;172;1142;45;51390;5.5;19.700;1.340;29;71;9;0;100;101;100;107;100;108;100;51;51;0;1.984;1.984;0.000;0.000;14.700;1.000;7.6;0.0;0;30;3.000;2.475;12.7;130;0;0;-7.8;0;0;0;0;0;99;0;0;1865;97.99;0;0;0;0;0;0;0;0;0;0;0;0;0;0;0;0;30;0;45.0;45.0;2;0;0.00;0.00;0.00;0.0;0.0
103.127;172;1151;45;51795;5.5;19.700;1.340;29;71;9;0;100;101;100;107;100;108;100;51;51;0;1.960;1.960;0.000;0.000;14.700;1.000;7.5;0.0;0;30;3.000;3.072;12.9;-120;0;0;-7.8;0;0;0;0;0;99;0;0;1865;97.22;0;0;0;0;0;0;0;0;0;0;0;0;0;0;0;0;30;0;45.0;45.0;2;0;0.00;0.00;0.00;0.0;0.0
103.266;172;1172;45;52740;5.5;19.700;1.340;29;71;9;0;100;101;100;107;100;108;100;51;51;0;1.960;1.960;0.000;0.000;14.700;1.000;7.7;0.0;0;30;3.000;2.927;12.9;290;0;0;-7.8;0;0;0;0;0;99;0;0;1865;95.48;0;0;0;0;0;0;0;0;0;0;0;0;0;0;0;0;30;0;45.0;45.0;2;0;0.00;0.00;0.00;0.0;0.0
103.335;172;1155;45;51975;5.5;19.700;1.340;29;71;9;0;100;101;100;107;100;108;100;51;51;0;1.960;1.960;0.000;0.000;14.700;1.000;7.5;0.0;0;30;3.000;2.692;12.9;290;0;0;-7.8;0;0;0;0;0;99;0;0;1865;96.88;0;0;0;0;0;0;0;0;0;0;0;0;0;0;0;0;30;0;45.0;45.0;2;0;0.00;0.00;0.00;0.0;0.0
103.402;172;1176;44;51744;5.5;19.700;1.340;29;71;9;0;100;101;100;107;100;108;100;51;51;0;1.942;1.942;0.000;0.000;14.700;1.000;7.6;0.0;0;30;3.000;3.060;12.9;-70;0;0;-8.0;0;0;0;0;0;99;0;0;1865;95.15;0;0;0;0;0;0;0;0;0;0;0;0;0;0;0;0;30;0;44.0;44.0;2;0;0.00;0.00;0.00;0.0;0.0
103.462;173;1179;45;53055;5.5;19.700;1.340;29;71;9;0;100;101;100;107;100;108;100;51;51;0;1.948;1.948;0.000;0.000;14.700;1.000;7.7;0.0;0;30;3.000;3.067;13.0;150;0;0;-7.8;0;0;0;0;0;99;0;0;1868;95.06;0;0;0;0;0;0;0;0;0;0;0;0;0;0;0;0;30;0;45.0;45.0;2;0;0.00;0.00;0.00;0.0;0.0
103.527;173;1146;45;51570;5.5;19.700;1.340;29;71;9;0;100;101;100;107;100;108;100;51;51;0;1.948;1.948;0.000;0.000;14.700;1.000;7.4;0.0;0;30;3.000;2.632;13.0;150;0;0;-7.8;0;0;0;0;0;99;0;0;1868;97.80;0;0;0;0;0;0;0;0;0;0;0;0;0;0;0;0;30;0;45.0;45.0;2;0;0.00;0.00;0.00;0.0;0.0
103.593;173;1168;45;52560;5.5;19.700;1.340;29;71;9;0;100;101;100;107;100;108;100;51;51;0;1.948;1.948;0.000;0.000;14.700;1.000;7.6;0.0;0;30;3.000;3.085;13.0;-320;0;0;-7.8;0;0;0;0;0;99;0;0;1868;95.96;0;0;0;0;0;0;0;0;0;0;0;0;0;0;0;0;30;0;45.0;45.0;2;0;0.00;0.00;0.00;0.0;0.0
103.658;173;1176;45;52920;5.5;19.700;1.340;29;71;9;0;100;101;100;107;100;108;100;51;51;0;1.948;1.948;0.000;0.000;14.700;1.000;7.6;0.0;0;30;3.000;3.097;13.0;290;0;0;-7.8;0;0;0;0;0;99;0;0;1868;95.31;0;0;0;0;0;0;0;0;0;0;0;0;0;0;0;0;30;0;45.0;45.0;2;0;0.00;0.00;0.00;0.0;0.0
103.723;173;1145;45;51525;5.5;19.700;1.340;29;71;9;0;100;101;100;107;100;108;100;51;51;0;1.936;1.936;0.000;0.000;14.700;1.000;7.4;0.0;0;30;3.000;2.731;13.1;290;0;0;-7.8;0;0;0;0;0;99;0;0;1868;97.89;0;0;0;0;0;0;0;0;0;0;0;0;0;0;0;0;30;0;45.0;45.0;2;0;0.00;0.00;0.00;0.0;0.0
103.793;173;1149;45;51705;5.5;19.700;1.340;29;71;9;0;100;101;100;107;100;108;100;51;51;0;1.936;1.936;0.000;0.000;14.700;1.000;7.4;0.0;0;30;3.000;2.865;13.1;-260;0;0;-7.8;0;0;0;0;0;99;0;0;1868;97.55;0;0;0;0;0;0;0;0;0;0;0;0;0;0;0;0;30;0;45.0;45.0;2;0;0.00;0.00;0.00;0.0;0.0
103.862;173;1172;45;52740;5.5;19.700;1.340;29;71;9;0;100;101;100;107;100;108;100;51;51;0;1.936;1.936;0.000;0.000;14.700;1.000;7.6;0.0;0;30;3.000;3.112;13.1;220;0;0;-7.8;0;0;0;0;0;99;0;0;1868;95.63;0;0;0;0;0;0;0;0;0;0;0;0;0;0;0;0;30;0;45.0;45.0;2;0;0.00;0.00;0.00;0.0;0.0
103.924;173;1158;45;52110;5.5;19.700;1.340;29;71;9;0;100;101;100;107;100;108;100;51;51;0;1.936;1.936;0.000;0.000;14.700;1.000;7.5;0.0;0;30;3.000;2.766;13.1;220;0;0;-7.8;0;0;0;0;0;99;0;0;1868;96.79;0;0;0;0;0;0;0;0;0;0;0;0;0;0;0;0;30;0;45.0;45.0;2;0;0.00;0.00;0.00;0.0;0.0
103.990;173;1148;45;51660;5.5;19.700;1.340;29;72;9;0;100;101;100;107;100;108;100;51;51;0;1.948;1.948;0.000;0.000;14.700;1.000;7.5;0.0;0;30;3.000;2.964;13.0;-260;0;0;-7.8;0;0;0;0;0;99;0;0;1868;97.63;0;0;0;0;0;0;0;0;0;0;0;0;0;0;0;0;30;0;45.0;45.0;2;0;0.00;0.00;0.00;0.0;0.0
104.059;173;1167;45;52515;5.5;19.700;1.340;29;72;9;0;100;101;100;107;100;108;100;51;51;0;1.948;1.948;0.000;0.000;14.700;1.000;7.6;0.0;0;30;3.000;2.889;13.0;120;0;0;-7.8;0;0;0;0;0;99;0;0;1868;96.04;0;0;0;0;0;0;0;0;0;0;0;0;0;0;0;0;30;0;45.0;45.0;2;0;0.00;0.00;0.00;0.0;0.0
104.129;173;1150;45;51750;5.5;19.700;1.340;29;72;9;0;100;101;100;107;100;108;100;51;51;0;1.948;1.948;0.000;0.000;14.700;1.000;7.5;0.0;0;30;3.000;2.794;13.0;120;0;0;-7.8;0;0;0;0;0;99;0;0;1868;97.46;0;0;0;0;0;0;0;0;0;0;0;0;0;0;0;0;30;0;45.0;45.0;2;0;0.00;0.00;0.00;0.0;0.0
104.191;173;1161;45;52245;5.5;19.700;1.340;29;72;9;0;100;101;100;107;100;108;100;51;51;0;1.948;1.948;0.000;0.000;14.700;1.000;7.5;0.0;0;30;3.000;3.114;13.0;-170;0;0;-7.8;0;0;0;0;0;99;0;0;1868;96.54;0;0;0;0;0;0;0;0;0;0;0;0;0;0;0;0;30;0;45.0;45.0;2;0;0.00;0.00;0.00;0.0;0.0
104.257;173;1162;45;52290;5.5;19.700;1.340;29;72;9;0;100;101;100;107;100;108;100;51;51;0;1.972;1.972;0.000;0.000;14.700;1.000;7.6;0.0;0;30;3.000;2.748;12.8;-170;0;0;-7.8;0;0;0;0;0;99;0;0;1868;96.45;0;0;0;0;0;0;0;0;0;0;0;0;0;0;0;0;30;0;45.0;45.0;2;0;0.00;0.00;0.00;0.0;0.0
104.324;173;1158;45;52110;5.5;19.600;1.333;29;72;9;0;100;101;100;107;100;108;100;51;51;0;1.972;1.972;0.000;0.000;14.700;1.000;7.6;0.0;0;30;3.000;2.870;12.8;210;0;0;-7.8;0;0;0;0;0;99;0;0;1868;96.79;0;0;0;0;0;0;0;0;0;0;0;0;0;0;0;0;30;0;45.0;45.0;2;0;0.00;0.00;0.00;0.0;0.0
104.324;173;1174;45;52830;5.5;19.700;1.340;29;72;9;0;100;101;100;107;100;108;100;51;51;0;1.972;1.972;0.000;0.000;14.700;1.000;7.7;0.0;0;30;3.000;3.146;12.8;-70;0;0;-7.8;0;0;0;0;0;99;0;0;1868;95.47;0;0;0;0;0;0;0;0;0;0;0;0;0;0;0;0;30;0;45.0;45.0;2;0;0.00;0.00;0.00;0.0;0.0
104.461;173;1184;44;52096;5.5;19.700;1.340;29;72;9;0;100;101;100;107;100;108;100;51;51;0;1.954;1.954;0.000;0.000;14.700;1.000;7.7;0.0;0;30;3.000;2.757;12.8;-70;0;0;-8.0;0;0;0;0;0;99;0;0;1868;94.66;0;0;0;0;0;0;0;0;0;0;0;0;0;0;0;0;30;0;44.0;44.0;2;0;0.00;0.00;0.00;0.0;0.0
104.527;174;1202;44;52888;5.5;19.700;1.340;29;72;9;0;100;101;100;107;100;108;100;51;51;0;1.954;1.954;0.000;0.000;14.700;1.000;7.8;0.0;0;30;3.000;2.988;12.8;290;0;0;-8.0;0;0;0;0;0;99;0;0;1861;92.90;0;0;0;0;0;0;0;0;0;0;0;0;0;0;0;0;30;0;44.0;44.0;2;0;0.00;0.00;0.00;0.0;0.0
104.595;174;1203;44;52932;5.5;19.700;1.340;29;72;9;0;100;101;100;107;100;108;100;51;51;0;1.954;1.954;0.000;0.000;14.700;1.000;7.8;0.0;0;30;3.000;3.019;12.8;80;0;0;-8.0;0;0;0;0;0;99;0;0;1861;92.82;0;0;0;0;0;0;0;0;0;0;0;0;0;0;0;0;30;0;44.0;44.0;2;0;0.00;0.00;0.00;0.0;0.0
104.660;174;1214;43;52202;5.5;19.700;1.340;29;72;9;0;100;101;100;107;100;108;100;51;51;0;1.944;1.944;0.000;0.000;14.700;1.000;7.9;0.0;0;31;3.000;2.871;12.8;80;0;0;-8.1;0;0;0;0;0;99;0;0;1861;91.98;0;0;0;0;0;0;0;0;0;0;0;0;0;0;0;0;31;0;43.0;43.0;2;0;0.00;0.00;0.00;0.0;0.0
104.723;174;1229;43;52847;5.5;19.700;1.340;29;72;9;0;100;101;100;107;100;108;100;51;51;0;1.944;1.944;0.000;0.000;14.700;1.000;8.0;0.0;0;31;3.000;3.034;12.8;220;0;0;-8.1;0;0;0;0;0;99;0;0;1861;90.85;0;0;0;0;0;0;0;0;0;0;0;0;0;0;0;0;31;0;43.0;43.0;2;0;0.00;0.00;0.00;0.0;0.0
104.789;174;1244;43;53492;5.5;19.700;1.340;29;72;9;0;100;101;100;107;100;108;100;51;51;0;1.944;1.944;0.000;0.000;14.700;1.000;8.1;0.0;0;30;3.000;2.969;12.8;260;0;0;-8.1;0;0;0;0;0;99;0;0;1861;89.76;0;0;0;0;0;0;0;0;0;0;0;0;0;0;0;0;30;0;43.0;43.0;2;0;0.00;0.00;0.00;0.0;0.0
104.858;174;1234;42;51828;5.5;19.700;1.340;29;72;9;0;100;101;100;107;100;108;100;50;50;0;1.928;1.928;0.000;0.000;14.700;1.000;7.9;0.0;0;30;3.000;2.761;12.8;260;0;0;-8.3;0;0;0;0;0;99;0;0;1861;90.49;0;0;0;0;0;0;0;0;0;0;0;0;0;0;0;0;30;0;42.0;42.0;2;0;0.00;0.00;0.00;0.0;0.0
104.923;174;1256;42;52752;5.5;19.700;1.340;29;72;9;0;100;101;100;107;100;108;100;50;50;0;1.928;1.928;0.000;0.000;14.700;1.000;8.1;0.0;0;31;3.000;2.986;12.8;40;0;0;-8.3;0;0;0;0;0;99;0;0;1861;88.90;0;0;0;0;0;0;0;0;0;0;0;0;0;0;0;0;31;0;42.0;42.0;2;0;0.00;0.00;0.00;0.0;0.0
104.992;174;1263;42;53046;5.5;19.700;1.340;29;72;9;0;100;101;100;107;100;108;100;50;50;0;1.904;1.904;0.000;0.000;14.700;1.000;8.0;0.0;0;31;3.000;3.006;13.0;190;0;0;-8.3;0;0;0;0;0;99;0;0;1861;88.41;0;0;0;0;0;0;0;0;0;0;0;0;0;0;0;0;31;0;42.0;42.0;2;0;0.00;0.00;0.00;0.0;0.0
105.061;174;1265;41;51865;5.5;19.700;1.340;29;72;9;0;100;101;100;107;100;108;100;50;50;0;1.886;1.886;0.000;0.000;14.700;1.000;8.0;0.0;0;31;3.000;3.166;13.0;190;0;0;-8.4;0;0;0;0;0;99;0;0;1861;88.27;0;0;0;0;0;0;0;0;0;0;0;0;0;0;0;0;31;0;41.0;41.0;2;0;0.00;0.00;0.00;0.0;0.0
105.061;174;1268;41;51988;5.5;19.700;1.340;29;72;9;0;100;101;100;107;100;108;100;50;50;0;1.886;1.886;0.000;0.000;14.700;1.000;8.0;0.0;0;31;3.000;2.985;13.0;20;0;0;-8.4;0;0;0;0;0;99;0;0;1861;88.06;0;0;0;0;0;0;0;0;0;0;0;0;0;0;0;0;31;0;41.0;41.0;2;0;0.00;0.00;0.00;0.0;0.0
105.189;174;1275;41;52275;5.5;19.700;1.340;29;72;9;0;100;101;100;107;100;108;100;50;50;0;1.886;1.886;0.000;0.000;14.700;1.000;8.0;0.0;0;31;3.000;2.946;13.0;100;0;0;-8.4;0;0;0;0;0;99;0;0;1861;87.58;0;0;0;0;0;0;0;0;0;0;0;0;0;0;0;0;31;0;41.0;41.0;2;0;0.00;0.00;0.00;0.0;0.0
105.255;174;1271;41;52111;5.5;19.700;1.340;29;72;9;0;100;101;100;107;100;108;100;50;50;0;1.886;1.886;0.000;0.000;14.700;1.000;8.0;0.0;0;31;3.000;2.967;13.0;100;0;0;-8.4;0;0;0;0;0;99;0;0;1861;87.85;0;0;0;0;0;0;0;0;0;0;0;0;0;0;0;0;31;0;41.0;41.0;2;0;0.00;0.00;0.00;0.0;0.0
105.321;174;1249;41;51209;5.5;19.700;1.340;29;72;9;0;100;101;100;107;100;108;100;50;50;0;1.886;1.886;0.000;0.000;14.700;1.000;7.9;0.0;0;30;3.000;2.677;13.0;-110;0;0;-8.4;0;0;0;0;0;99;0;0;1861;89.40;0;0;0;0;0;0;0;0;0;0;0;0;0;0;0;0;30;0;41.0;41.0;2;0;0.00;0.00;0.00;0.0;0.0
105.321;174;1238;41;50758;5.5;19.700;1.340;29;72;9;0;100;101;100;107;100;108;100;50;50;0;1.886;1.886;0.000;0.000;14.700;1.000;7.8;0.0;0;30;3.000;2.690;13.0;-170;0;0;-8.4;0;0;0;0;0;99;0;0;1861;90.19;0;0;0;0;0;0;0;0;0;0;0;0;0;0;0;0;30;0;41.0;41.0;2;0;0.00;0.00;0.00;0.0;0.0
105.451;174;1226;42;51492;5.5;19.700;1.340;29;72;9;0;100;101;100;107;100;108;100;50;50;0;1.904;1.904;0.000;0.000;14.700;1.000;7.8;0.0;0;30;3.000;2.885;13.0;-170;0;0;-8.3;0;0;0;0;0;99;0;0;1861;91.08;0;0;0;0;0;0;0;0;0;0;0;0;0;0;0;0;30;0;42.0;42.0;2;0;0.00;0.00;0.00;0.0;0.0
105.451;175;1220;42;51240;5.5;19.700;1.340;29;72;9;0;100;101;100;107;100;108;100;50;50;0;1.940;1.940;0.000;0.000;14.700;1.000;7.9;0.0;0;30;3.000;2.732;12.7;-210;0;0;-8.3;0;0;0;0;0;99;0;0;1861;91.52;0;0;0;0;0;0;0;0;0;0;0;0;0;0;0;0;30;0;42.0;42.0;2;0;0.00;0.00;0.00;0.0;0.0
105.587;175;1225;43;52675;5.5;19.700;1.340;29;72;9;0;100;101;100;107;100;108;100;51;51;0;1.956;1.956;0.000;0.000;14.700;1.000;8.0;0.0;0;31;3.000;2.868;12.7;-10;0;0;-8.1;0;0;0;0;0;99;0;0;1861;91.15;0;0;0;0;0;0;0;0;0;0;0;0;0;0;0;0;31;0;43.0;43.0;2;0;0.00;0.00;0.00;0.0;0.0
105.652;175;1248;42;52416;5.5;19.700;1.340;29;72;9;0;100;101;100;107;100;108;100;50;50;0;1.940;1.940;0.000;0.000;14.700;1.000;8.1;0.0;0;30;3.000;3.099;12.7;-10;0;0;-8.3;0;0;0;0;0;99;0;0;1861;89.47;0;0;0;0;0;0;0;0;0;0;0;0;0;0;0;0;30;0;42.0;42.0;2;0;0.00;0.00;0.00;0.0;0.0
105.721;175;1233;42;51786;5.5;19.700;1.340;29;72;9;0;100;101;100;107;100;108;100;50;50;0;1.940;1.940;0.000;0.000;14.700;1.000;8.0;0.0;0;30;3.000;2.660;12.7;210;0;0;-8.3;0;0;0;0;0;99;0;0;1861;90.56;0;0;0;0;0;0;0;0;0;0;0;0;0;0;0;0;30;0;42.0;42.0;2;0;0.00;0.00;0.00;0.0;0.0
105.787;175;1245;42;52290;5.5;19.700;1.340;29;72;9;0;100;101;100;107;100;108;100;50;50;0;1.916;1.916;0.000;0.000;14.700;1.000;8.0;0.0;0;30;3.000;2.767;12.9;-10;0;0;-8.3;0;0;0;0;0;99;0;0;1861;89.69;0;0;0;0;0;0;0;0;0;0;0;0;0;0;0;0;30;0;42.0;42.0;2;0;0.00;0.00;0.00;0.0;0.0
105.853;175;1241;43;53363;5.5;19.700;1.340;29;72;9;0;100;101;100;107;100;108;100;51;51;0;1.932;1.932;0.000;0.000;14.700;1.000;8.0;0.0;0;31;3.000;2.736;12.9;-10;0;0;-8.1;0;0;0;0;0;99;0;0;1861;89.98;0;0;0;0;0;0;0;0;0;0;0;0;0;0;0;0;31;0;43.0;43.0;2;0;0.00;0.00;0.00;0.0;0.0
105.918;175;1247;42;52374;5.5;19.700;1.340;29;72;9;0;100;101;100;107;100;108;100;50;50;0;1.916;1.916;0.000;0.000;14.700;1.000;8.0;0.0;0;30;3.000;2.724;12.9;-30;0;0;-8.3;0;0;0;0;0;99;0;0;1861;89.54;0;0;0;0;0;0;0;0;0;0;0;0;0;0;0;0;30;0;42.0;42.0;2;0;0.00;0.00;0.00;0.0;0.0
105.988;175;1254;42;52668;5.5;19.700;1.340;29;72;9;0;100;101;100;107;100;108;100;50;50;0;1.928;1.928;0.000;0.000;14.700;1.000;8.1;0.0;0;31;3.000;2.924;12.8;120;0;0;-8.3;0;0;0;0;0;99;0;0;1861;89.04;0;0;0;0;0;0;0;0;0;0;0;0;0;0;0;0;31;0;42.0;42.0;2;0;0.00;0.00;0.00;0.0;0.0
106.053;175;1263;43;54309;5.5;19.700;1.340;29;72;9;0;100;101;100;107;100;108;100;51;51;0;1.944;1.944;0.000;0.000;14.700;1.000;8.2;0.0;0;31;3.000;2.971;12.8;120;0;0;-8.1;0;0;0;0;0;99;0;0;1861;88.41;0;0;0;0;0;0;0;0;0;0;0;0;0;0;0;0;31;0;43.0;43.0;2;0;0.00;0.00;0.00;0.0;0.0
106.119;175;1280;42;53760;5.5;19.700;1.340;29;72;9;0;100;101;100;107;100;108;100;50;50;0;1.928;1.928;0.000;0.000;14.700;1.000;8.2;0.0;0;31;3.000;3.070;12.8;100;0;0;-8.3;0;0;0;0;0;99;0;0;1861;87.23;0;0;0;0;0;0;0;0;0;0;0;0;0;0;0;0;31;0;42.0;42.0;2;0;0.00;0.00;0.00;0.0;0.0
106.184;175;1288;42;54096;5.5;19.700;1.340;29;72;9;0;100;101;100;107;100;108;100;50;50;0;1.928;1.928;0.000;0.000;14.700;1.000;8.3;0.0;0;31;3.000;2.879;12.8;100;0;0;-8.3;0;0;0;0;0;99;0;0;1861;86.69;0;0;0;0;0;0;0;0;0;0;0;0;0;0;0;0;31;0;42.0;42.0;2;0;0.00;0.00;0.00;0.0;0.0
106.254;175;1291;41;52931;5.5;19.700;1.340;29;72;9;0;100;101;100;107;100;108;100;50;50;0;1.898;1.898;0.000;0.000;14.700;1.000;8.2;0.0;0;31;3.000;2.796;12.9;240;0;0;-8.4;0;0;0;0;0;99;0;0;1861;86.49;0;0;0;0;0;0;0;0;0;0;0;0;0;0;0;0;31;0;41.0;41.0;2;0;0.00;0.00;0.00;0.0;0.0
106.320;175;1301;44;57244;11.0;19.700;1.340;29;72;25;0;100;101;100;107;100;108;154;51;51;0;3.103;3.103;0.000;0.000;14.700;1.000;13.5;0.0;75;31;3.000;3.062;12.9;-110;0;0;-8.0;0;0;0;0;0;99;0;0;1861;85.83;0;0;0;0;0;0;0;0;0;0;0;0;0;0;0;0;31;0;44.0;44.0;2;0;0.00;0.00;0.00;0.0;0.0
106.385;175;1360;51;69360;13.5;19.700;1.340;29;72;25;0;100;101;100;107;100;108;154;56;56;0;3.249;3.249;0.000;0.000;14.400;0.980;14.7;0.0;30;31;3.000;3.332;12.9;-110;0;0;-7.0;0;0;0;0;0;99;0;0;1861;82.10;0;0;0;0;0;0;0;0;0;0;0;0;0;0;0;0;31;0;51.0;51.0;2;0;0.00;0.00;0.00;0.0;0.0
106.455;175;1466;52;76232;13.5;19.600;1.333;29;72;25;0;100;101;100;107;100;108;154;57;57;0;3.280;3.280;0.000;0.000;14.300;0.973;16.0;0.0;0;31;3.000;3.167;12.9;830;0;0;-6.8;0;0;0;0;0;99;0;0;1861;76.17;0;0;0;0;0;0;0;0;0;0;0;0;0;0;0;0;31;0;52.0;52.0;2;0;0.00;0.00;0.00;0.0;0.0
106.520;176;1454;50;72700;13.5;19.600;1.333;29;72;25;0;100;101;100;107;100;108;154;56;56;0;3.228;3.228;0.000;0.000;14.400;0.980;15.6;0.0;0;31;3.000;4.305;13.0;940;0;0;-7.1;0;0;0;0;0;99;0;0;1821;75.14;0;0;0;0;0;0;0;0;0;0;0;0;0;0;0;0;31;0;50.0;50.0;2;0;0.00;0.00;0.00;0.0;0.0
106.586;176;1596;47;75012;11.5;19.700;1.340;29;72;41;0;100;101;100;107;100;108;100;54;54;0;2.000;2.000;0.000;0.000;14.600;0.993;10.6;0.0;-60;32;3.000;3.565;13.0;940;0;0;-7.5;0;0;0;0;0;99;0;0;1821;68.46;0;0;0;0;0;0;0;0;0;0;0;0;0;0;0;0;32;0;47.0;47.0;2;0;0.00;0.00;0.00;0.0;0.0
106.586;176;1685;41;69085;10.0;16.600;1.129;29;72;41;0;100;101;100;107;100;108;100;51;51;0;1.893;1.893;0.000;0.000;14.700;1.000;10.6;0.0;0;32;3.000;3.167;13.0;1420;0;0;-8.4;0;0;0;0;0;99;0;0;1821;64.84;0;0;0;0;0;0;0;0;0;0;0;0;0;0;0;0;32;0;41.0;41.0;2;0;0.00;0.00;0.00;0.0;0.0
106.721;176;1731;38;65778;10.0;12.300;0.837;29;72;41;0;100;101;100;107;100;108;100;50;50;0;1.859;1.859;0.000;0.000;14.700;1.000;10.7;0.0;0;33;3.000;3.042;13.0;1350;0;0;-8.8;0;0;0;0;0;99;0;0;1821;63.12;0;0;0;0;0;0;0;0;0;0;0;0;0;0;0;0;33;0;38.0;38.0;2;0;0.00;0.00;0.00;0.0;0.0
106.787;176;1756;33;57948;2.5;11.100;0.755;29;72;41;0;100;101;100;107;100;108;100;48;48;0;1.814;1.814;0.000;0.000;14.700;1.000;10.6;0.0;-120;35;3.000;3.061;12.7;1350;0;0;-9.6;0;0;0;0;0;99;0;0;1821;62.22;0;0;0;0;0;0;0;0;0;0;0;0;0;0;0;0;35;0;33.0;33.0;2;0;0.00;0.00;0.00;0.0;0.0
106.856;176;1773;29;51417;0.5;10.800;0.735;29;72;41;0;100;101;100;107;100;108;100;46;46;0;1.760;1.760;0.000;0.000;14.700;1.000;10.4;0.0;0;35;3.000;2.821;12.7;250;0;0;-10.2;0;0;0;0;0;99;0;0;1821;61.62;0;0;0;0;0;0;0;0;0;0;0;0;0;0;0;0;35;0;29.0;29.0;2;0;0.00;0.00;0.00;0.0;0.0
106.923;176;1740;28;48720;0.5;12.200;0.830;29;72;41;0;100;101;100;107;100;108;100;45;45;0;1.746;1.746;0.000;0.000;14.700;1.000;10.1;0.0;0;34;3.000;2.554;12.7;-160;0;0;-10.3;0;0;0;0;0;99;0;0;1821;62.79;0;0;0;0;0;0;0;0;0;0;0;0;0;0;0;0;34;0;28.0;28.0;2;0;0.00;0.00;0.00;0.0;0.0
106.988;176;1662;28;46536;0.5;17.800;1.211;29;72;41;0;100;101;100;107;100;108;100;45;45;0;1.746;1.746;0.000;0.000;14.700;1.000;9.7;0.0;0;34;3.000;2.655;12.7;-160;0;0;-10.3;0;0;0;0;0;99;0;0;1821;65.74;0;0;0;0;0;0;0;0;0;0;0;0;0;0;0;0;34;0;28.0;28.0;2;0;0.00;0.00;0.00;0.0;0.0
107.058;176;1599;28;44772;2.5;19.300;1.313;29;72;41;0;100;101;100;107;100;108;100;45;45;0;1.734;1.734;0.000;0.000;14.700;1.000;9.2;0.0;60;34;3.000;2.515;12.8;-780;0;0;-10.3;0;0;0;0;0;99;0;0;1821;68.33;0;0;0;0;0;0;0;0;0;0;0;0;0;0;0;0;34;0;28.0;28.0;2;0;0.00;0.00;0.00;0.0;0.0
107.123;176;1531;30;45930;5.0;19.700;1.340;29;72;25;0;100;101;100;107;100;108;150;45;45;0;2.826;2.826;0.000;0.000;14.700;1.000;14.4;0.0;30;34;3.000;2.155;12.8;-630;0;0;-10.0;0;0;0;0;0;99;0;0;1821;71.37;0;0;0;0;0;0;0;0;0;0;0;0;0;0;0;0;34;0;30.0;30.0;2;0;0.00;0.00;0.00;0.0;0.0
107.189;176;1531;32;48992;5.0;19.700;1.340;29;72;25;0;100;101;100;107;100;108;150;46;46;0;2.856;2.856;0.000;0.000;14.700;1.000;14.6;0.0;0;34;3.000;2.637;12.8;-630;0;0;-9.7;0;0;0;0;0;99;0;0;1821;71.37;0;0;0;0;0;0;0;0;0;0;0;0;0;0;0;0;34;0;32.0;32.0;2;0;0.00;0.00;0.00;0.0;0.0
107.254;176;1505;35;52675;7.5;19.700;1.340;29;72;25;0;100;101;100;107;100;108;150;47;47;0;2.896;2.896;0.000;0.000;14.700;1.000;14.5;0.0;60;34;3.000;2.340;12.8;-940;0;0;-9.3;0;0;0;0;0;99;0;0;1821;72.60;0;0;0;0;0;0;0;0;0;0;0;0;0;0;0;0;34;0;35.0;35.0;2;0;0.00;0.00;0.00;0.0;0.0
107.326;176;1408;38;53504;7.5;19.700;1.340;29;72;25;0;100;101;100;107;100;108;150;49;49;0;2.939;2.939;0.000;0.000;14.700;1.000;13.8;0.0;0;32;3.000;2.551;12.9;-800;0;0;-8.8;0;0;0;0;0;99;0;0;1821;77.60;0;0;0;0;0;0;0;0;0;0;0;0;0;0;0;0;32;0;38.0;38.0;2;0;0.00;0.00;0.00;0.0;0.0
107.393;176;1372;41;56252;8.5;19.700;1.340;29;72;9;0;100;101;100;107;100;108;100;50;50;0;1.898;1.898;0.000;0.000;14.700;1.000;8.7;0.0;0;31;3.000;2.901;12.9;-800;0;0;-8.4;0;0;0;0;0;99;0;0;1821;79.64;0;0;0;0;0;0;0;0;0;0;0;0;0;0;0;0;31;0;41.0;41.0;2;0;0.00;0.00;0.00;0.0;0.0
107.460;176;1389;43;59727;8.5;19.700;1.340;29;72;9;0;100;101;100;107;100;108;100;52;52;0;1.948;1.948;0.000;0.000;14.700;1.000;9.0;0.0;0;32;3.000;3.160;12.9;-490;0;0;-8.1;0;0;0;0;0;99;0;0;1821;78.66;0;0;0;0;0;0;0;0;0;0;0;0;0;0;0;0;32;0;43.0;43.0;2;0;0.00;0.00;0.00;0.0;0.0
107.524;177;1395;43;59985;8.5;19.700;1.340;29;72;9;0;100;101;100;107;100;108;100;52;52;0;2.020;2.020;0.000;0.000;14.700;1.000;9.4;0.0;0;31;3.000;2.902;12.3;190;0;0;-8.1;0;0;0;0;0;99;0;0;1792;77.08;0;0;0;0;0;0;0;0;0;0;0;0;0;0;0;0;31;0;43.0;43.0;2;0;0.00;0.00;0.00;0.0;0.0
107.591;177;1466;42;61572;8.5;19.700;1.340;29;72;9;0;100;101;100;107;100;108;100;51;51;0;1.995;1.995;0.000;0.000;14.700;1.000;9.7;0.0;0;31;3.000;3.078;12.3;190;0;0;-8.3;0;0;0;0;0;99;0;0;1792;73.34;0;0;0;0;0;0;0;0;0;0;0;0;0;0;0;0;31;0;42.0;42.0;2;0;0.00;0.00;0.00;0.0;0.0
107.660;177;1475;41;60475;8.5;19.700;1.340;29;72;9;0;100;101;100;107;100;108;100;51;51;0;1.977;1.977;0.000;0.000;14.700;1.000;9.7;0.0;0;31;3.000;3.468;12.3;830;0;0;-8.4;0;0;0;0;0;99;0;0;1792;72.89;0;0;0;0;0;0;0;0;0;0;0;0;0;0;0;0;31;0;41.0;41.0;2;0;0.00;0.00;0.00;0.0;0.0
107.725;177;1545;40;61800;8.5;19.700;1.340;29;72;9;0;100;101;100;107;100;108;100;50;50;0;1.961;1.961;0.000;0.000;14.700;1.000;10.1;0.0;0;32;3.000;3.192;12.3;670;0;0;-8.6;0;0;0;0;0;99;0;0;1792;69.59;0;0;0;0;0;0;0;0;0;0;0;0;0;0;0;0;32;0;40.0;40.0;2;0;0.00;0.00;0.00;0.0;0.0
107.791;177;1589;39;61971;8.5;19.700;1.340;29;72;9;0;100;101;100;107;100;108;100;50;50;0;1.951;1.951;0.000;0.000;14.700;1.000;10.3;0.0;0;32;3.000;3.161;12.3;670;0;0;-8.7;0;0;0;0;0;99;0;0;1792;67.67;0;0;0;0;0;0;0;0;0;0;0;0;0;0;0;0;32;0;39.0;39.0;2;0;0.00;0.00;0.00;0.0;0.0
107.856;177;1626;38;61788;8.5;19.700;1.340;29;72;9;0;100;101;100;107;100;108;100;50;50;0;1.943;1.943;0.000;0.000;14.700;1.000;10.5;0.0;0;33;3.000;3.300;12.3;440;0;0;-8.8;0;0;0;0;0;99;0;0;1792;66.13;0;0;0;0;0;0;0;0;0;0;0;0;0;0;0;0;33;0;38.0;38.0;2;0;0.00;0.00;0.00;0.0;0.0
107.929;177;1654;38;62852;8.5;19.700;1.340;29;72;9;0;100;101;100;107;100;108;100;50;50;0;1.943;1.943;0.000;0.000;14.700;1.000;10.7;0.0;0;33;3.000;3.270;12.3;650;0;0;-8.8;0;0;0;0;0;99;0;0;1792;65.01;0;0;0;0;0;0;0;0;0;0;0;0;0;0;0;0;33;0;38.0;38.0;2;0;0.00;0.00;0.00;0.0;0.0
107.992;177;1674;37;61938;8.5;19.700;1.340;29;72;9;0;100;101;100;107;100;108;100;49;49;0;1.918;1.918;0.000;0.000;14.700;1.000;10.7;0.0;0;34;3.000;3.079;12.3;650;0;0;-9.0;0;0;0;0;0;99;0;0;1792;64.23;0;0;0;0;0;0;0;0;0;0;0;0;0;0;0;0;34;0;37.0;37.0;2;0;0.00;0.00;0.00;0.0;0.0
108.057;177;1674;41;68634;11.5;19.700;1.340;29;72;25;0;100;101;100;107;100;108;150;51;51;0;3.100;3.100;0.000;0.000;14.700;1.000;17.3;0.0;45;32;3.030;3.143;12.0;200;0;0;-8.4;0;0;0;0;0;99;0;0;1792;64.23;0;0;0;0;0;0;0;0;0;0;0;0;0;0;0;0;32;0;41.0;41.0;2;0;0.00;0.00;0.00;0.0;0.0
108.123;177;1694;49;83006;17.0;19.700;1.340;29;72;25;0;100;101;100;107;100;108;154;56;56;0;3.350;3.350;0.000;0.000;14.500;0.986;18.9;0.0;75;32;3.030;3.138;12.0;200;0;0;-7.3;0;0;0;0;0;99;0;0;1792;63.47;0;0;0;0;0;0;0;0;0;0;0;0;0;0;0;0;32;0;49.0;49.0;2;0;0.00;0.00;0.00;0.0;0.0
108.190;177;1730;55;95150;19.5;19.700;1.340;29;72;25;0;100;101;100;107;100;108;154;60;60;0;3.471;3.471;0.000;0.000;14.200;0.966;20.0;0.0;0;32;3.030;3.346;12.0;200;0;0;-6.4;0;0;0;0;0;99;0;0;1792;62.15;0;0;0;0;0;0;0;0;0;0;0;0;0;0;0;0;32;0;55.0;55.0;2;0;0.00;0.00;0.00;0.0;0.0
108.257;177;1913;53;101389;19.5;19.700;1.340;29;72;25;0;100;101;100;107;100;108;154;59;59;0;3.438;3.438;0.000;0.000;14.300;0.973;21.9;0.0;0;33;3.030;4.002;12.0;1080;0;0;-6.7;0;0;0;0;0;99;0;0;1792;56.20;0;0;0;0;0;0;0;0;0;0;0;0;0;0;0;0;33;0;53.0;53.0;2;0;0.00;0.00;0.00;0.0;0.0
108.327;177;2011;50;100550;19.5;19.700;1.340;29;72;25;0;100;101;100;107;100;108;154;58;58;0;3.306;3.306;0.000;0.000;14.500;0.986;22.2;0.0;0;34;3.000;3.671;12.5;2090;0;0;-7.1;0;0;0;0;0;99;0;0;1792;53.47;0;0;0;0;0;0;0;0;0;0;0;0;0;0;0;0;34;0;50.0;50.0;2;0;0.00;0.00;0.00;0.0;0.0
108.395;177;2080;45;93600;17.5;19.700;1.340;29;72;41;0;100;101;100;107;100;108;100;54;54;0;2.040;2.040;0.000;0.000;14.700;1.000;14.1;0.0;0;34;3.000;2.992;12.5;2090;0;0;-7.8;0;0;0;0;0;99;0;0;1792;51.69;0;0;0;0;0;0;0;0;0;0;0;0;0;0;0;0;34;0;45.0;45.0;2;0;0.00;0.00;0.00;0.0;0.0
108.458;177;2101;42;88242;16.0;19.600;1.333;29;72;41;0;100;101;100;107;100;108;100;53;53;0;1.994;1.994;0.000;0.000;14.700;1.000;14.0;0.0;-30;34;3.000;3.005;12.5;690;0;0;-8.3;0;0;0;0;0;99;0;0;1792;51.18;0;0;0;0;0;0;0;0;0;0;0;0;0;0;0;0;34;0;42.0;42.0;2;0;0.00;0.00;0.00;0.0;0.0
108.524;178;2121;40;84840;15.0;19.700;1.340;29;72;41;0;100;101;100;107;100;108;100;52;52;0;1.959;1.959;0.000;0.000;14.700;1.000;13.9;0.0;0;34;3.000;3.027;12.5;410;0;0;-8.6;0;0;0;0;0;99;0;0;1776;50.24;0;0;0;0;0;0;0;0;0;0;0;0;0;0;0;0;34;0;40.0;40.0;2;0;0.00;0.00;0.00;0.0;0.0
108.593;178;2155;34;73270;10.0;19.700;1.340;29;72;41;0;100;101;100;107;100;108;100;49;49;0;1.843;1.843;0.000;0.000;14.700;1.000;13.2;0.0;-105;36;3.000;3.026;12.7;410;0;0;-9.4;0;0;0;0;0;99;0;0;1776;49.45;0;0;0;0;0;0;0;0;0;0;0;0;0;0;0;0;36;0;34.0;34.0;2;0;0.00;0.00;0.00;0.0;0.0
108.662;178;2166;30;64980;9.0;19.700;1.340;29;72;41;0;100;101;100;107;100;108;100;47;47;0;1.773;1.773;0.000;0.000;14.700;1.000;12.8;0.0;0;36;3.000;2.775;12.7;610;0;0;-10.0;0;0;0;0;0;99;0;0;1776;49.20;0;0;0;0;0;0;0;0;0;0;0;0;0;0;0;0;36;0;30.0;30.0;2;0;0.00;0.00;0.00;0.0;0.0
108.724;178;2125;30;63750;9.0;19.700;1.340;29;72;41;0;100;101;100;107;100;108;100;47;47;0;1.773;1.773;0.000;0.000;14.700;1.000;12.6;0.0;0;36;3.000;2.841;12.7;610;0;0;-10.0;0;0;0;0;0;99;0;0;1776;50.15;0;0;0;0;0;0;0;0;0;0;0;0;0;0;0;0;36;0;30.0;30.0;2;0;0.00;0.00;0.00;0.0;0.0
108.790;178;2095;30;62850;9.0;19.700;1.340;29;72;41;0;100;101;100;107;100;108;100;47;47;0;1.773;1.773;0.000;0.000;14.700;1.000;12.4;0.0;0;36;3.000;2.821;12.7;-570;0;0;-10.0;0;0;0;0;0;99;0;0;1776;50.86;0;0;0;0;0;0;0;0;0;0;0;0;0;0;0;0;36;0;30.0;30.0;2;0;0.00;0.00;0.00;0.0;0.0
108.860;178;2069;30;62070;9.0;19.700;1.340;29;72;41;0;100;101;100;107;100;108;100;47;47;0;1.773;1.773;0.000;0.000;14.700;1.000;12.2;0.0;0;36;3.000;2.755;12.7;-560;0;0;-10.0;0;0;0;0;0;99;0;0;1776;51.50;0;0;0;0;0;0;0;0;0;0;0;0;0;0;0;0;36;0;30.0;30.0;2;0;0.00;0.00;0.00;0.0;0.0
108.927;178;2042;30;61260;9.0;19.700;1.340;29;72;9;0;100;101;100;107;100;108;100;47;47;0;1.773;1.773;0.000;0.000;14.700;1.000;12.1;0.0;0;36;3.000;2.851;12.7;-560;0;0;-10.0;0;0;0;0;0;99;0;0;1776;52.18;0;0;0;0;0;0;0;0;0;0;0;0;0;0;0;0;36;0;30.0;30.0;2;0;0.00;0.00;0.00;0.0;0.0
108.991;178;2028;31;62868;9.0;19.700;1.340;29;72;9;0;100;101;100;107;100;108;100;47;47;0;1.790;1.790;0.000;0.000;14.700;1.000;12.1;0.0;0;36;3.000;2.840;12.7;-270;0;0;-9.9;0;0;0;0;0;99;0;0;1776;52.54;0;0;0;0;0;0;0;0;0;0;0;0;0;0;0;0;36;0;31.0;31.0;2;0;0.00;0.00;0.00;0.0;0.0
109.056;178;2018;31;62558;9.0;19.700;1.340;29;72;9;0;100;101;100;107;100;108;100;47;47;0;1.790;1.790;0.000;0.000;14.700;1.000;12.0;0.0;0;36;3.000;2.790;12.7;-240;0;0;-9.9;0;0;0;0;0;99;0;0;1776;52.80;0;0;0;0;0;0;0;0;0;0;0;0;0;0;0;0;36;0;31.0;31.0;2;0;0.00;0.00;0.00;0.0;0.0
109.122;178;1999;31;61969;9.0;19.700;1.340;29;72;9;0;100;101;100;107;100;108;100;47;47;0;1.790;1.790;0.000;0.000;14.700;1.000;11.9;0.0;0;35;3.000;2.748;12.7;-240;0;0;-9.9;0;0;0;0;0;99;0;0;1776;53.31;0;0;0;0;0;0;0;0;0;0;0;0;0;0;0;0;35;0;31.0;31.0;2;0;0.00;0.00;0.00;0.0;0.0
109.192;178;1984;32;63488;9.0;19.700;1.340;29;72;9;0;100;101;100;107;100;108;100;48;48;0;1.805;1.805;0.000;0.000;14.700;1.000;11.9;0.0;0;35;3.000;2.808;12.7;-190;0;0;-9.7;0;0;0;0;0;99;0;0;1776;53.71;0;0;0;0;0;0;0;0;0;0;0;0;0;0;0;0;35;0;32.0;32.0;2;0;0.00;0.00;0.00;0.0;0.0
109.256;178;1971;32;63072;10.0;19.700;1.340;29;72;9;0;100;101;100;107;100;108;100;48;48;0;1.805;1.805;0.000;0.000;14.700;1.000;11.9;0.0;0;35;3.000;2.819;12.7;-150;0;0;-9.7;0;0;0;0;0;99;0;0;1776;54.06;0;0;0;0;0;0;0;0;0;0;0;0;0;0;0;0;35;0;32.0;32.0;2;0;0.00;0.00;0.00;0.0;0.0
109.322;178;1968;39;76752;14.5;19.700;1.340;29;72;25;0;100;101;100;107;100;108;150;52;52;0;2.988;2.988;0.000;0.000;14.700;1.000;19.6;0.0;60;34;3.000;2.924;12.8;-150;0;0;-8.7;0;0;0;0;0;99;0;0;1776;54.15;0;0;0;0;0;0;0;0;0;0;0;0;0;0;0;0;34;0;39.0;39.0;2;0;0.00;0.00;0.00;0.0;0.0
109.387;178;1994;42;83748;15.0;19.700;1.340;29;72;25;0;100;101;100;107;100;108;150;53;53;0;3.033;3.033;0.000;0.000;14.700;1.000;20.2;0.0;0;33;3.000;3.016;12.8;-160;0;0;-8.3;0;0;0;0;0;99;0;0;1776;53.44;0;0;0;0;0;0;0;0;0;0;0;0;0;0;0;0;33;0;42.0;42.0;2;0;0.00;0.00;0.00;0.0;0.0
109.453;178;2024;42;85008;15.0;19.700;1.340;29;72;25;0;100;101;100;107;100;108;150;53;53;0;3.033;3.033;0.000;0.000;14.700;1.000;20.5;0.0;0;34;3.000;2.906;12.8;560;0;0;-8.3;0;0;0;0;0;99;0;0;1776;52.65;0;0;0;0;0;0;0;0;0;0;0;0;0;0;0;0;34;0;42.0;42.0;2;0;0.00;0.00;0.00;0.0;0.0
109.523;178;2036;41;83476;15.0;19.700;1.340;29;72;25;0;100;101;100;107;100;108;150;52;52;0;3.007;3.007;0.000;0.000;14.700;1.000;20.4;0.0;0;34;3.000;2.994;12.8;560;0;0;-8.4;0;0;0;0;0;99;0;0;1776;52.34;0;0;0;0;0;0;0;0;0;0;0;0;0;0;0;0;34;0;41.0;41.0;2;0;0.00;0.00;0.00;0.0;0.0
109.588;179;2047;38;77786;12.5;19.700;1.340;29;72;41;0;100;101;100;107;100;108;100;51;51;0;1.889;1.889;0.000;0.000;14.700;1.000;12.9;0.0;-30;35;3.000;2.748;12.8;230;0;0;-8.8;0;0;0;0;0;99;0;0;1829;53.61;0;0;0;0;0;0;0;0;0;0;0;0;0;0;0;0;35;0;38.0;38.0;2;0;0.00;0.00;0.00;0.0;0.0
109.588;179;2023;38;76874;12.5;19.700;1.340;29;72;41;0;100;101;100;107;100;108;100;51;51;0;1.889;1.889;0.000;0.000;14.700;1.000;12.7;0.0;0;35;3.000;2.561;12.8;-240;0;0;-8.8;0;0;0;0;0;99;0;0;1829;54.25;0;0;0;0;0;0;0;0;0;0;0;0;0;0;0;0;35;0;38.0;38.0;2;0;0.00;0.00;0.00;0.0;0.0
109.719;179;1959;37;72483;11.5;19.700;1.340;29;72;41;0;100;101;100;107;100;108;100;50;50;0;1.864;1.864;0.000;0.000;14.700;1.000;12.2;0.0;0;35;3.000;2.934;12.8;-240;0;0;-9.0;0;0;0;0;0;99;0;0;1829;56.02;0;0;0;0;0;0;0;0;0;0;0;0;0;0;0;0;35;0;37.0;37.0;2;0;0.00;0.00;0.00;0.0;0.0
109.789;179;1985;36;71460;11.5;19.700;1.340;29;72;41;0;100;101;100;107;100;108;100;50;50;0;1.856;1.856;0.000;0.000;14.700;1.000;12.3;0.0;0;35;3.000;3.075;12.8;-560;0;0;-9.1;0;0;0;0;0;99;0;0;1829;55.28;0;0;0;0;0;0;0;0;0;0;0;0;0;0;0;0;35;0;36.0;36.0;2;0;0.00;0.00;0.00;0.0;0.0
109.789;179;2006;36;72216;11.5;19.700;1.340;29;72;41;0;100;101;100;107;100;108;100;50;50;0;1.880;1.880;0.000;0.000;14.700;1.000;12.6;0.0;0;36;3.000;2.977;12.6;390;0;0;-9.1;0;0;0;0;0;99;0;0;1829;54.71;0;0;0;0;0;0;0;0;0;0;0;0;0;0;0;0;36;0;36.0;36.0;2;0;0.00;0.00;0.00;0.0;0.0
109.924;179;2027;36;72972;11.5;19.700;1.340;29;72;9;0;100;101;100;107;100;108;100;50;50;0;1.880;1.880;0.000;0.000;14.700;1.000;12.7;0.0;0;36;3.000;2.980;12.6;390;0;0;-9.1;0;0;0;0;0;99;0;0;1829;54.14;0;0;0;0;0;0;0;0;0;0;0;0;0;0;0;0;36;0;36.0;36.0;2;0;0.00;0.00;0.00;0.0;0.0
109.989;179;2040;34;69360;11.5;19.700;1.340;29;72;9;0;100;101;100;107;100;108;100;49;49;0;1.855;1.855;0.000;0.000;14.700;1.000;12.6;0.0;0;36;3.000;2.991;12.6;210;0;0;-9.4;0;0;0;0;0;99;0;0;1829;53.79;0;0;0;0;0;0;0;0;0;0;0;0;0;0;0;0;36;0;34.0;34.0;2;0;0.00;0.00;0.00;0.0;0.0
110.055;179;2048;34;69632;11.5;19.700;1.340;29;72;9;0;100;101;100;107;100;108;100;49;49;0;1.831;1.831;0.000;0.000;14.700;1.000;12.5;0.0;0;36;3.000;2.944;12.8;210;0;0;-9.4;0;0;0;0;0;99;0;0;1829;53.58;0;0;0;0;0;0;0;0;0;0;0;0;0;0;0;0;36;0;34.0;34.0;2;0;0.00;0.00;0.00;0.0;0.0
110.121;179;2057;34;69938;11.5;19.700;1.340;29;72;9;0;100;101;100;107;100;108;100;49;49;0;1.831;1.831;0.000;0.000;14.700;1.000;12.6;0.0;0;36;3.000;2.931;12.8;210;0;0;-9.4;0;0;0;0;0;99;0;0;1829;53.35;0;0;0;0;0;0;0;0;0;0;0;0;0;0;0;0;36;0;34.0;34.0;2;0;0.00;0.00;0.00;0.0;0.0
110.190;179;2076;34;70584;11.5;19.700;1.340;29;72;9;0;100;101;100;107;100;108;100;49;49;0;1.831;1.831;0.000;0.000;14.700;1.000;12.7;0.0;0;36;3.000;3.008;12.8;280;0;0;-9.4;0;0;0;0;0;99;0;0;1829;52.86;0;0;0;0;0;0;0;0;0;0;0;0;0;0;0;0;36;0;34.0;34.0;2;0;0.00;0.00;0.00;0.0;0.0
110.190;179;2089;33;68937;10.0;19.700;1.340;29;72;41;0;100;101;100;107;100;108;100;49;49;0;1.814;1.814;0.000;0.000;14.700;1.000;12.6;0.0;-45;36;3.000;2.950;12.8;130;0;0;-9.6;0;0;0;0;0;99;0;0;1829;52.53;0;0;0;0;0;0;0;0;0;0;0;0;0;0;0;0;36;0;33.0;33.0;2;0;0.00;0.00;0.00;0.0;0.0
110.322;179;2083;32;66656;10.0;19.700;1.340;29;72;41;0;100;101;100;107;100;108;100;48;48;0;1.841;1.841;0.000;0.000;14.700;1.000;12.8;0.0;0;36;3.000;2.946;12.4;130;0;0;-9.7;0;0;0;0;0;99;0;0;1829;52.68;0;0;0;0;0;0;0;0;0;0;0;0;0;0;0;0;36;0;32.0;32.0;2;0;0.00;0.00;0.00;0.0;0.0
110.387;179;2071;31;64201;10.0;19.700;1.340;29;72;41;0;100;101;100;107;100;108;100;47;47;0;1.826;1.826;0.000;0.000;14.700;1.000;12.6;0.0;0;36;3.000;2.861;12.4;-60;0;0;-9.9;0;0;0;0;0;99;0;0;1829;52.99;0;0;0;0;0;0;0;0;0;0;0;0;0;0;0;0;36;0;31.0;31.0;2;0;0.00;0.00;0.00;0.0;0.0
110.452;179;2065;30;61950;9.0;19.700;1.340;29;72;41;0;100;101;100;107;100;108;100;47;47;0;1.809;1.809;0.000;0.000;14.700;1.000;12.5;0.0;0;36;3.000;2.864;12.4;-60;0;0;-10.0;0;0;0;0;0;99;0;0;1829;53.14;0;0;0;0;0;0;0;0;0;0;0;0;0;0;0;0;36;0;30.0;30.0;2;0;0.00;0.00;0.00;0.0;0.0
110.452;179;2062;31;63922;9.0;19.700;1.340;29;72;41;0;100;101;100;107;100;108;100;47;47;0;1.826;1.826;0.000;0.000;14.700;1.000;12.6;0.0;0;36;3.000;2.882;12.4;-180;0;0;-9.9;0;0;0;0;0;99;0;0;1829;53.22;0;0;0;0;0;0;0;0;0;0;0;0;0;0;0;0;36;0;31.0;31.0;2;0;0.00;0.00;0.00;0.0;0.0
110.522;180;2059;31;63829;9.0;19.700;1.340;29;72;9;0;100;101;100;107;100;108;100;47;47;0;1.790;1.790;0.000;0.000;14.700;1.000;12.3;0.0;0;36;3.000;2.856;12.7;-60;0;0;-9.9;0;0;0;0;0;99;0;0;1862;54.26;0;0;0;0;0;0;0;0;0;0;0;0;0;0;0;0;36;0;31.0;31.0;2;0;0.00;0.00;0.00;0.0;0.0
110.587;180;2052;30;61560;6.5;19.700;1.340;29;72;41;0;100;101;100;107;100;108;100;47;47;0;1.773;1.773;0.000;0.000;14.700;1.000;12.1;0.0;-60;36;3.000;2.867;12.7;-60;0;0;-10.0;0;0;0;0;0;99;0;0;1862;54.44;0;0;0;0;0;0;0;0;0;0;0;0;0;0;0;0;36;0;30.0;30.0;2;0;0.00;0.00;0.00;0.0;0.0
110.657;180;2023;28;56644;6.5;19.700;1.340;29;72;41;0;100;101;100;107;100;108;100;46;46;0;1.751;1.751;0.000;0.000;14.700;1.000;11.8;0.0;0;36;3.000;2.737;12.7;-140;0;0;-10.3;0;0;0;0;0;99;0;0;1862;55.22;0;0;0;0;0;0;0;0;0;0;0;0;0;0;0;0;36;0;28.0;28.0;2;0;0.00;0.00;0.00;0.0;0.0
110.722;180;1987;28;55636;6.5;19.700;1.340;29;72;41;0;100;101;100;107;100;108;100;46;46;0;1.751;1.751;0.000;0.000;14.700;1.000;11.6;0.0;0;36;3.000;2.653;12.7;-220;0;0;-10.3;0;0;0;0;0;99;0;0;1862;56.23;0;0;0;0;0;0;0;0;0;0;0;0;0;0;0;0;36;0;28.0;28.0;2;0;0.00;0.00;0.00;0.0;0.0
110.788;180;1954;29;56666;5.5;19.700;1.340;29;72;41;0;100;101;100;107;100;108;100;46;46;0;1.748;1.748;0.000;0.000;14.700;1.000;11.4;0.0;0;35;3.000;2.782;12.8;-220;0;0;-10.2;0;0;0;0;0;99;0;0;1862;57.18;0;0;0;0;0;0;0;0;0;0;0;0;0;0;0;0;35;0;29.0;29.0;2;0;0.00;0.00;0.00;0.0;0.0
110.923;180;1918;29;55622;5.5;19.700;1.340;29;72;41;0;100;101;100;107;100;108;100;46;46;0;1.748;1.748;0.000;0.000;14.700;1.000;11.2;0.0;0;36;3.000;2.785;12.8;-690;0;0;-10.2;0;0;0;0;0;99;0;0;1862;58.25;0;0;0;0;0;0;0;0;0;0;0;0;0;0;0;0;36;0;29.0;29.0;2;0;0.00;0.00;0.00;0.0;0.0
110.989;180;1878;30;56340;5.5;19.700;1.340;29;72;9;0;100;101;100;107;100;108;100;46;46;0;1.756;1.756;0.000;0.000;14.700;1.000;11.0;0.0;0;35;3.000;2.823;12.8;-760;0;0;-10.0;0;0;0;0;0;99;0;0;1862;59.49;0;0;0;0;0;0;0;0;0;0;0;0;0;0;0;0;35;0;30.0;30.0;2;0;0.00;0.00;0.00;0.0;0.0
111.054;180;1851;30;55530;5.5;19.700;1.340;29;72;9;0;100;101;100;107;100;108;100;46;46;0;1.756;1.756;0.000;0.000;14.700;1.000;10.8;0.0;0;35;3.000;2.782;12.8;-760;0;0;-10.0;0;0;0;0;0;99;0;0;1862;60.36;0;0;0;0;0;0;0;0;0;0;0;0;0;0;0;0;35;0;30.0;30.0;2;0;0.00;0.00;0.00;0.0;0.0
111.120;180;1829;30;54870;5.5;19.700;1.340;29;72;9;0;100;101;100;107;100;108;100;46;46;0;1.744;1.744;0.000;0.000;14.700;1.000;10.6;0.0;0;35;3.000;2.842;12.9;-270;0;0;-10.0;0;0;0;0;0;99;0;0;1862;61.08;0;0;0;0;0;0;0;0;0;0;0;0;0;0;0;0;35;0;30.0;30.0;2;0;0.00;0.00;0.00;0.0;0.0
111.189;180;1798;30;53940;5.5;19.700;1.340;29;72;9;0;100;101;100;107;100;108;100;46;46;0;1.744;1.744;0.000;0.000;14.700;1.000;10.5;0.0;0;35;3.000;2.794;12.9;-530;0;0;-10.0;0;0;0;0;0;99;0;0;1862;62.14;0;0;0;0;0;0;0;0;0;0;0;0;0;0;0;0;35;0;30.0;30.0;2;0;0.00;0.00;0.00;0.0;0.0
111.262;180;1775;31;55025;5.5;19.700;1.340;29;72;9;0;100;101;100;107;100;108;100;47;47;0;1.766;1.766;0.000;0.000;14.700;1.000;10.4;0.0;0;35;3.000;2.818;12.9;-530;0;0;-9.9;0;0;0;0;0;99;0;0;1862;62.94;0;0;0;0;0;0;0;0;0;0;0;0;0;0;0;0;35;0;31.0;31.0;2;0;0.00;0.00;0.00;0.0;0.0
111.326;180;1751;31;54281;5.5;19.700;1.340;29;72;9;0;100;101;100;107;100;108;100;46;46;0;1.749;1.749;0.000;0.000;14.700;1.000;10.2;0.0;0;35;3.000;2.815;13.0;-230;0;0;-9.9;0;0;0;0;0;99;0;0;1862;63.80;0;0;0;0;0;0;0;0;0;0;0;0;0;0;0;0;35;0;31.0;31.0;2;0;0.00;0.00;0.00;0.0;0.0
111.391;180;1733;32;55456;5.5;19.700;1.340;29;72;9;0;100;101;100;107;100;108;100;47;47;0;1.763;1.763;0.000;0.000;14.700;1.000;10.2;0.0;0;34;3.000;2.821;13.0;-420;0;0;-9.7;0;0;0;0;0;99;0;0;1862;64.47;0;0;0;0;0;0;0;0;0;0;0;0;0;0;0;0;34;0;32.0;32.0;2;0;0.00;0.00;0.00;0.0;0.0
111.458;180;1718;32;54976;5.5;19.700;1.340;29;72;9;0;100;101;100;107;100;108;100;47;47;0;1.763;1.763;0.000;0.000;14.700;1.000;10.1;0.0;0;34;3.000;2.825;13.0;-420;0;0;-9.7;0;0;0;0;0;99;0;0;1862;65.03;0;0;0;0;0;0;0;0;0;0;0;0;0;0;0;0;34;0;32.0;32.0;2;0;0.00;0.00;0.00;0.0;0.0
111.458;180;1703;32;54496;5.5;19.700;1.340;29;72;9;0;100;101;100;107;100;108;100;47;47;0;1.763;1.763;0.000;0.000;14.700;1.000;10.0;0.0;0;34;3.000;2.917;13.0;-150;0;0;-9.7;0;0;0;0;0;99;0;0;1862;65.60;0;0;0;0;0;0;0;0;0;0;0;0;0;0;0;0;34;0;32.0;32.0;2;0;0.00;0.00;0.00;0.0;0.0
111.595;181;1698;32;54336;5.5;19.700;1.340;29;73;9;0;100;101;100;106;100;107;100;47;47;0;1.808;1.808;0.000;0.000;14.700;1.000;10.2;0.0;0;34;3.000;2.914;12.6;-150;0;0;-9.7;0;0;0;0;0;99;0;0;1876;66.29;0;0;0;0;0;0;0;0;0;0;0;0;0;0;0;0;34;0;32.0;32.0;2;0;0.00;0.00;0.00;0.0;0.0
111.665;181;1697;32;54304;5.5;19.700;1.340;29;73;9;0;100;101;100;106;100;107;100;47;47;0;1.808;1.808;0.000;0.000;14.700;1.000;10.2;0.0;0;34;3.000;2.977;12.6;-150;0;0;-9.7;0;0;0;0;0;99;0;0;1876;66.33;0;0;0;0;0;0;0;0;0;0;0;0;0;0;0;0;34;0;32.0;32.0;2;0;0.00;0.00;0.00;0.0;0.0
111.727;181;1694;32;54208;5.5;19.700;1.340;29;73;9;0;100;101;100;106;100;107;100;47;47;0;1.808;1.808;0.000;0.000;14.700;1.000;10.2;0.0;0;34;3.000;2.873;12.6;-60;0;0;-9.7;0;0;0;0;0;99;0;0;1876;66.45;0;0;0;0;0;0;0;0;0;0;0;0;0;0;0;0;34;0;32.0;32.0;2;0;0.00;0.00;0.00;0.0;0.0
111.792;181;1696;32;54272;5.5;19.700;1.340;29;73;9;0;100;101;100;106;100;107;100;47;47;0;1.808;1.808;0.000;0.000;14.700;1.000;10.2;0.0;0;34;3.000;2.877;12.6;-30;0;0;-9.7;0;0;0;0;0;99;0;0;1876;66.37;0;0;0;0;0;0;0;0;0;0;0;0;0;0;0;0;34;0;32.0;32.0;2;0;0.00;0.00;0.00;0.0;0.0
111.857;181;1696;32;54272;5.5;19.700;1.340;29;73;9;0;100;101;100;106;100;107;100;47;47;0;1.772;1.772;0.000;0.000;14.700;1.000;10.0;0.0;0;34;3.000;2.799;12.9;-30;0;0;-9.7;0;0;0;0;0;99;0;0;1876;66.37;0;0;0;0;0;0;0;0;0;0;0;0;0;0;0;0;34;0;32.0;32.0;2;0;0.00;0.00;0.00;0.0;0.0
111.929;181;1691;32;54112;5.5;19.700;1.340;29;73;9;0;100;101;100;106;100;107;100;47;47;0;1.772;1.772;0.000;0.000;14.700;1.000;10.0;0.0;0;34;3.000;2.748;12.9;-30;0;0;-9.7;0;0;0;0;0;99;0;0;1876;66.56;0;0;0;0;0;0;0;0;0;0;0;0;0;0;0;0;34;0;32.0;32.0;2;0;0.00;0.00;0.00;0.0;0.0
111.993;181;1683;32;53856;5.5;19.700;1.340;29;73;9;0;100;101;100;106;100;107;100;47;47;0;1.772;1.772;0.000;0.000;14.700;1.000;9.9;0.0;0;34;3.000;2.814;12.9;-80;0;0;-9.7;0;0;0;0;0;99;0;0;1876;66.88;0;0;0;0;0;0;0;0;0;0;0;0;0;0;0;0;34;0;32.0;32.0;2;0;0.00;0.00;0.00;0.0;0.0
112.059;181;1677;32;53664;5.5;19.700;1.340;29;73;9;0;100;101;100;106;100;107;100;47;47;0;1.772;1.772;0.000;0.000;14.700;1.000;9.9;0.0;0;34;3.000;2.810;12.9;-80;0;0;-9.7;0;0;0;0;0;99;0;0;1876;67.12;0;0;0;0;0;0;0;0;0;0;0;0;0;0;0;0;34;0;32.0;32.0;2;0;0.00;0.00;0.00;0.0;0.0
112.123;181;1673;32;53536;5.5;19.700;1.340;29;73;9;0;100;101;100;106;100;107;100;47;47;0;1.760;1.760;0.000;0.000;14.700;1.000;9.8;0.0;0;34;3.000;2.845;13.0;-100;0;0;-9.7;0;0;0;0;0;99;0;0;1876;67.28;0;0;0;0;0;0;0;0;0;0;0;0;0;0;0;0;34;0;32.0;32.0;2;0;0.00;0.00;0.00;0.0;0.0
112.189;181;1667;32;53344;5.5;19.700;1.340;29;73;9;0;100;101;100;106;100;107;100;47;47;0;1.760;1.760;0.000;0.000;14.700;1.000;9.8;0.0;0;34;3.000;2.887;13.0;-60;0;0;-9.7;0;0;0;0;0;99;0;0;1876;67.52;0;0;0;0;0;0;0;0;0;0;0;0;0;0;0;0;34;0;32.0;32.0;2;0;0.00;0.00;0.00;0.0;0.0
112.262;181;1661;32;53152;5.5;19.700;1.340;29;73;9;0;100;101;100;106;100;107;100;47;47;0;1.760;1.760;0.000;0.000;14.700;1.000;9.7;0.0;0;34;3.000;2.895;13.0;-60;0;0;-9.7;0;0;0;0;0;99;0;0;1876;67.77;0;0;0;0;0;0;0;0;0;0;0;0;0;0;0;0;34;0;32.0;32.0;2;0;0.00;0.00;0.00;0.0;0.0
112.329;181;1655;32;52960;5.5;19.700;1.340;29;73;9;0;100;101;100;106;100;107;100;47;47;0;1.760;1.760;0.000;0.000;14.700;1.000;9.7;0.0;0;34;3.000;2.973;13.0;-60;0;0;-9.7;0;0;0;0;0;99;0;0;1876;68.01;0;0;0;0;0;0;0;0;0;0;0;0;0;0;0;0;34;0;32.0;32.0;2;0;0.00;0.00;0.00;0.0;0.0
112.398;181;1657;33;54681;5.5;19.700;1.340;29;73;9;0;100;101;100;106;100;107;100;47;47;0;1.757;1.757;0.000;0.000;14.700;1.000;9.7;0.0;0;34;3.000;2.903;13.1;-40;0;0;-9.6;0;0;0;0;0;99;0;0;1876;67.93;0;0;0;0;0;0;0;0;0;0;0;0;0;0;0;0;34;0;33.0;33.0;2;0;0.00;0.00;0.00;0.0;0.0
112.398;181;1646;33;54318;5.5;19.700;1.340;29;73;9;0;100;101;100;106;100;107;100;48;48;0;1.763;1.763;0.000;0.000;14.700;1.000;9.7;0.0;0;34;3.000;2.868;13.1;-40;0;0;-9.6;0;0;0;0;0;99;0;0;1876;68.38;0;0;0;0;0;0;0;0;0;0;0;0;0;0;0;0;34;0;33.0;33.0;2;0;0.00;0.00;0.00;0.0;0.0
112.537;181;1638;33;54054;5.5;19.600;1.333;29;73;9;0;100;101;100;106;100;107;100;47;47;0;1.757;1.757;0.000;0.000;14.700;1.000;9.6;0.0;0;34;3.000;2.817;13.1;-110;0;0;-9.6;0;0;0;0;0;99;0;0;1876;68.72;0;0;0;0;0;0;0;0;0;0;0;0;0;0;0;0;34;0;33.0;33.0;2;0;0.00;0.00;0.00;0.0;0.0
112.537;182;1628;33;53724;5.5;19.700;1.340;29;73;9;0;100;101;100;106;100;107;100;47;47;0;1.757;1.757;0.000;0.000;14.700;1.000;9.5;0.0;0;35;3.000;2.891;13.1;-180;0;0;-9.6;0;0;0;0;0;99;0;0;1884;69.43;0;0;0;0;0;0;0;0;0;0;0;0;0;0;0;0;35;0;33.0;33.0;2;0;0.00;0.00;0.00;0.0;0.0
112.665;182;1631;33;53823;5.5;19.700;1.340;29;73;9;0;100;101;100;106;100;107;100;47;47;0;1.757;1.757;0.000;0.000;14.700;1.000;9.6;0.0;0;35;3.000;2.946;13.1;-180;0;0;-9.6;0;0;0;0;0;99;0;0;1884;69.31;0;0;0;0;0;0;0;0;0;0;0;0;0;0;0;0;35;0;33.0;33.0;2;0;0.00;0.00;0.00;0.0;0.0
112.733;182;1631;33;53823;5.5;19.700;1.340;29;73;9;0;100;101;100;106;100;107;100;47;47;0;1.757;1.757;0.000;0.000;14.700;1.000;9.6;0.0;0;35;3.000;2.805;13.1;30;0;0;-9.6;0;0;0;0;0;99;0;0;1884;69.31;0;0;0;0;0;0;0;0;0;0;0;0;0;0;0;0;35;0;33.0;33.0;2;0;0.00;0.00;0.00;0.0;0.0
112.798;182;1627;33;53691;5.5;19.700;1.340;29;73;9;0;100;101;100;106;100;107;100;47;47;0;1.757;1.757;0.000;0.000;14.700;1.000;9.5;0.0;0;35;3.000;2.757;13.1;30;0;0;-9.6;0;0;0;0;0;99;0;0;1884;69.48;0;0;0;0;0;0;0;0;0;0;0;0;0;0;0;0;35;0;33.0;33.0;2;0;0.00;0.00;0.00;0.0;0.0
112.861;182;1623;33;53559;5.5;19.700;1.340;30;73;9;0;100;101;100;106;100;107;100;47;47;0;1.757;1.757;0.000;0.000;14.700;1.000;9.5;0.0;0;34;3.000;2.876;13.1;-40;0;0;-9.6;0;0;0;0;0;99;0;0;1884;69.65;0;0;0;0;0;0;0;0;0;0;0;0;0;0;0;0;34;0;33.0;33.0;2;0;0.00;0.00;0.00;0.0;0.0
112.927;182;1624;33;53592;5.5;19.700;1.340;30;73;9;0;100;101;100;106;100;107;100;47;47;0;1.757;1.757;0.000;0.000;14.700;1.000;9.5;0.0;0;35;3.000;2.892;13.1;-30;0;0;-9.6;0;0;0;0;0;99;0;0;1884;69.61;0;0;0;0;0;0;0;0;0;0;0;0;0;0;0;0;35;0;33.0;33.0;2;0;0.00;0.00;0.00;0.0;0.0
112.993;182;1624;33;53592;5.5;19.700;1.340;30;73;9;0;100;101;100;106;100;107;100;47;47;0;1.757;1.757;0.000;0.000;14.700;1.000;9.5;0.0;0;35;3.000;2.962;13.1;-30;0;0;-9.6;0;0;0;0;0;99;0;0;1884;69.61;0;0;0;0;0;0;0;0;0;0;0;0;0;0;0;0;35;0;33.0;33.0;2;0;0.00;0.00;0.00;0.0;0.0
113.062;182;1629;33;53757;5.5;19.700;1.340;30;73;9;0;100;101;100;106;100;107;100;47;47;0;1.757;1.757;0.000;0.000;14.700;1.000;9.5;0.0;0;34;3.000;2.926;13.1;0;0;0;-9.6;0;0;0;0;0;99;0;0;1884;69.39;0;0;0;0;0;0;0;0;0;0;0;0;0;0;0;0;34;0;33.0;33.0;2;0;0.00;0.00;0.00;0.0;0.0
113.130;182;1632;33;53856;5.5;19.700;1.340;30;73;9;0;100;101;100;106;100;107;100;47;47;0;1.793;1.793;0.000;0.000;14.700;1.000;9.8;0.0;0;35;3.000;2.791;12.8;50;0;0;-9.6;0;0;0;0;0;99;0;0;1884;69.26;0;0;0;0;0;0;0;0;0;0;0;0;0;0;0;0;35;0;33.0;33.0;2;0;0.00;0.00;0.00;0.0;0.0
113.196;182;1619;33;53427;5.5;19.700;1.340;30;73;9;0;100;101;100;106;100;107;100;47;47;0;1.793;1.793;0.000;0.000;14.700;1.000;9.7;0.0;0;34;3.000;2.668;12.8;50;0;0;-9.6;0;0;0;0;0;99;0;0;1884;69.82;0;0;0;0;0;0;0;0;0;0;0;0;0;0;0;0;34;0;33.0;33.0;2;0;0.00;0.00;0.00;0.0;0.0
113.258;182;1614;33;53262;5.5;19.700;1.340;30;73;9;0;100;101;100;106;100;107;100;47;47;0;1.793;1.793;0.000;0.000;14.700;1.000;9.6;0.0;0;34;3.000;2.836;12.8;-100;0;0;-9.6;0;0;0;0;0;99;0;0;1884;70.04;0;0;0;0;0;0;0;0;0;0;0;0;0;0;0;0;34;0;33.0;33.0;2;0;0.00;0.00;0.00;0.0;0.0
113.323;182;1614;33;53262;5.5;19.700;1.340;30;73;9;0;100;101;100;106;100;107;100;47;47;0;1.793;1.793;0.000;0.000;14.700;1.000;9.6;0.0;0;34;3.000;2.753;12.8;-50;0;0;-9.6;0;0;0;0;0;99;0;0;1884;70.04;0;0;0;0;0;0;0;0;0;0;0;0;0;0;0;0;34;0;33.0;33.0;2;0;0.00;0.00;0.00;0.0;0.0
113.389;182;1608;34;54672;5.5;19.700;1.340;30;73;9;0;100;101;100;106;100;107;100;48;48;0;1.816;1.816;0.000;0.000;14.700;1.000;9.7;0.0;0;34;3.000;2.795;12.8;-50;0;0;-9.4;0;0;0;0;0;99;0;0;1884;70.30;0;0;0;0;0;0;0;0;0;0;0;0;0;0;0;0;34;0;34.0;34.0;2;0;0.00;0.00;0.00;0.0;0.0
113.459;182;1606;34;54604;5.5;19.700;1.340;30;73;9;0;100;101;100;106;100;107;100;48;48;0;1.816;1.816;0.000;0.000;14.700;1.000;9.7;0.0;0;34;3.000;2.770;12.8;-80;0;0;-9.4;0;0;0;0;0;99;0;0;1884;70.39;0;0;0;0;0;0;0;0;0;0;0;0;0;0;0;0;34;0;34.0;34.0;2;0;0.00;0.00;0.00;0.0;0.0
113.527;182;1598;33;52734;5.5;19.700;1.340;30;73;9;0;100;101;100;106;100;107;100;47;47;0;1.793;1.793;0.000;0.000;14.700;1.000;9.6;0.0;0;34;3.000;2.851;12.8;-80;0;0;-9.6;0;0;0;0;0;99;0;0;1884;70.74;0;0;0;0;0;0;0;0;0;0;0;0;0;0;0;0;34;0;33.0;33.0;2;0;0.00;0.00;0.00;0.0;0.0
113.593;182;1583;33;52239;5.5;19.700;1.340;30;73;9;0;100;101;100;106;100;107;100;47;47;0;1.793;1.793;0.000;0.000;14.700;1.000;9.5;0.0;0;34;3.000;2.874;12.8;-80;0;0;-9.6;0;0;0;0;0;99;0;0;1884;71.41;0;0;0;0;0;0;0;0;0;0;0;0;0;0;0;0;34;0;33.0;33.0;2;0;0.00;0.00;0.00;0.0;0.0
113.660;183;1577;34;53618;5.5;19.700;1.340;30;73;9;0;100;101;100;106;100;107;100;47;47;0;1.798;1.798;0.000;0.000;14.700;1.000;9.5;0.0;0;34;3.000;2.794;12.9;-150;0;0;-9.4;0;0;0;0;0;99;0;0;1881;71.57;0;0;0;0;0;0;0;0;0;0;0;0;0;0;0;0;34;0;34.0;34.0;2;0;0.00;0.00;0.00;0.0;0.0
113.724;183;1564;34;53176;5.5;19.700;1.340;30;73;9;0;100;101;100;106;100;107;100;47;47;0;1.798;1.798;0.000;0.000;14.700;1.000;9.4;0.0;0;34;3.000;2.834;12.9;-190;0;0;-9.4;0;0;0;0;0;99;0;0;1881;72.16;0;0;0;0;0;0;0;0;0;0;0;0;0;0;0;0;34;0;34.0;34.0;2;0;0.00;0.00;0.00;0.0;0.0
113.790;183;1548;34;52632;5.5;19.700;1.340;30;73;9;0;100;101;100;106;100;107;100;47;47;0;1.798;1.798;0.000;0.000;14.700;1.000;9.3;0.0;0;34;3.000;2.751;12.9;-190;0;0;-9.4;0;0;0;0;0;99;0;0;1881;72.91;0;0;0;0;0;0;0;0;0;0;0;0;0;0;0;0;34;0;34.0;34.0;2;0;0.00;0.00;0.00;0.0;0.0
113.856;183;1548;35;54180;5.5;19.700;1.340;30;73;9;0;100;101;100;106;100;107;100;48;48;0;1.813;1.813;0.000;0.000;14.700;1.000;9.4;0.0;0;34;3.000;2.789;12.9;-160;0;0;-9.3;0;0;0;0;0;99;0;0;1881;72.91;0;0;0;0;0;0;0;0;0;0;0;0;0;0;0;0;34;0;35.0;35.0;2;0;0.00;0.00;0.00;0.0;0.0
113.856;183;1537;35;53795;5.5;19.700;1.340;30;73;9;0;100;101;100;106;100;107;100;48;48;0;1.801;1.801;0.000;0.000;14.700;1.000;9.2;0.0;0;34;3.000;2.781;13.0;-110;0;0;-9.3;0;0;0;0;0;99;0;0;1881;73.43;0;0;0;0;0;0;0;0;0;0;0;0;0;0;0;0;34;0;35.0;35.0;2;0;0.00;0.00;0.00;0.0;0.0
113.921;183;1525;35;53375;5.5;18.000;1.224;30;73;9;0;100;101;100;106;100;107;100;48;48;0;1.801;1.801;0.000;0.000;14.700;1.000;9.2;0.0;0;34;3.000;2.727;13.0;-110;0;0;-9.3;0;0;0;0;0;99;0;0;1881;74.01;0;0;0;0;0;0;0;0;0;0;0;0;0;0;0;0;34;0;35.0;35.0;2;0;0.00;0.00;0.00;0.0;0.0
113.987;183;1511;35;52885;5.5;15.800;1.075;30;73;9;0;100;101;100;106;100;107;100;47;47;0;1.794;1.794;0.000;0.000;14.700;1.000;9.0;0.0;0;34;3.000;2.785;13.0;-120;0;0;-9.3;0;0;0;0;0;99;0;0;1881;74.69;0;0;0;0;0;0;0;0;0;0;0;0;0;0;0;0;34;0;35.0;35.0;2;0;0.00;0.00;0.00;0.0;0.0
114.122;183;1490;36;53640;5.5;14.400;0.980;30;73;9;0;100;101;100;106;100;107;100;48;48;0;1.809;1.809;0.000;0.000;14.700;1.000;9.0;0.0;0;33;3.000;2.843;13.0;-350;0;0;-9.1;0;0;0;0;0;99;0;0;1881;75.74;0;0;0;0;0;0;0;0;0;0;0;0;0;0;0;0;33;0;36.0;36.0;2;0;0.00;0.00;0.00;0.0;0.0
114.187;183;1476;36;53136;5.5;13.400;0.912;30;73;9;0;100;101;100;106;100;107;100;48;48;0;1.809;1.809;0.000;0.000;14.700;1.000;8.9;0.0;0;33;3.000;2.953;13.0;-350;0;0;-9.1;0;0;0;0;0;99;0;0;1881;76.46;0;0;0;0;0;0;0;0;0;0;0;0;0;0;0;0;33;0;36.0;36.0;2;0;0.00;0.00;0.00;0.0;0.0
114.253;183;1457;36;52452;5.5;12.600;0.857;30;73;9;0;100;101;100;106;100;107;100;48;48;0;1.809;1.809;0.000;0.000;14.700;1.000;8.8;0.0;0;33;3.000;2.763;13.0;-250;0;0;-9.1;0;0;0;0;0;99;0;0;1881;77.46;0;0;0;0;0;0;0;0;0;0;0;0;0;0;0;0;33;0;36.0;36.0;2;0;0.00;0.00;0.00;0.0;0.0
114.323;183;1446;36;52056;5.5;11.200;0.762;30;73;9;0;100;101;100;106;100;107;100;47;47;0;1.802;1.802;0.000;0.000;14.700;1.000;8.7;0.0;0;33;3.000;2.781;13.0;-30;0;0;-9.1;0;0;0;0;0;99;0;0;1881;78.05;0;0;0;0;0;0;0;0;0;0;0;0;0;0;0;0;33;0;36.0;36.0;2;0;0.00;0.00;0.00;0.0;0.0
114.388;183;1449;36;52164;5.5;10.800;0.735;30;73;9;0;100;101;100;106;100;107;100;47;47;0;1.802;1.802;0.000;0.000;14.700;1.000;8.7;0.0;0;33;3.000;2.865;13.0;-30;0;0;-9.1;0;0;0;0;0;99;0;0;1881;77.89;0;0;0;0;0;0;0;0;0;0;0;0;0;0;0;0;33;0;36.0;36.0;2;0;0.00;0.00;0.00;0.0;0.0
114.454;183;1425;37;52725;5.5;10.700;0.728;30;73;9;0;100;101;100;106;100;107;100;48;48;0;1.818;1.818;0.000;0.000;14.700;1.000;8.6;0.0;0;32;3.000;2.766;13.0;-300;0;0;-9.0;0;0;0;0;0;99;0;0;1881;79.20;0;0;0;0;0;0;0;0;0;0;0;0;0;0;0;0;32;0;37.0;37.0;2;0;0.00;0.00;0.00;0.0;0.0
114.519;183;1428;37;52836;5.5;10.400;0.707;30;73;9;0;100;101;100;106;100;107;100;48;48;0;1.818;1.818;0.000;0.000;14.700;1.000;8.7;0.0;0;32;3.000;3.091;13.0;-300;0;0;-9.0;0;0;0;0;0;99;0;0;1881;79.03;0;0;0;0;0;0;0;0;0;0;0;0;0;0;0;0;32;0;37.0;37.0;2;0;0.00;0.00;0.00;0.0;0.0
114.519;183;1398;37;51726;5.5;10.700;0.728;30;73;9;0;100;101;100;106;100;107;100;48;48;0;1.818;1.818;0.000;0.000;14.700;1.000;8.5;0.0;0;32;3.000;2.666;13.0;-40;0;0;-9.0;0;0;0;0;0;99;0;0;1881;80.73;0;0;0;0;0;0;0;0;0;0;0;0;0;0;0;0;32;0;37.0;37.0;2;0;0.00;0.00;0.00;0.0;0.0
114.654;184;1409;37;52133;5.5;10.500;0.714;30;73;9;0;100;101;100;106;100;107;100;48;48;0;1.806;1.806;0.000;0.000;14.700;1.000;8.5;0.0;0;32;3.000;2.862;13.1;-190;0;0;-9.0;0;0;0;0;0;99;0;0;1869;79.59;0;0;0;0;0;0;0;0;0;0;0;0;0;0;0;0;32;0;37.0;37.0;2;0;0.00;0.00;0.00;0.0;0.0
114.654;184;1387;38;52706;5.5;10.600;0.721;30;73;9;0;100;101;100;106;100;107;100;48;48;0;1.823;1.823;0.000;0.000;14.700;1.000;8.4;0.0;0;32;3.000;2.738;13.1;-190;0;0;-8.8;0;0;0;0;0;99;0;0;1869;80.85;0;0;0;0;0;0;0;0;0;0;0;0;0;0;0;0;32;0;38.0;38.0;2;0;0.00;0.00;0.00;0.0;0.0
114.786;184;1375;38;52250;5.5;10.500;0.714;30;73;9;0;100;101;100;106;100;107;100;48;48;0;1.823;1.823;0.000;0.000;14.700;1.000;8.4;0.0;0;32;3.000;2.973;13.1;-310;0;0;-8.8;0;0;0;0;0;99;0;0;1869;81.56;0;0;0;0;0;0;0;0;0;0;0;0;0;0;0;0;32;0;38.0;38.0;2;0;0.00;0.00;0.00;0.0;0.0
114.855;184;1340;38;50920;5.5;10.900;0.741;30;73;9;0;100;101;100;106;100;107;100;48;48;0;1.823;1.823;0.000;0.000;14.700;1.000;8.1;0.0;0;32;3.000;2.636;13.1;-200;0;0;-8.8;0;0;0;0;0;99;0;0;1869;83.69;0;0;0;0;0;0;0;0;0;0;0;0;0;0;0;0;32;0;38.0;38.0;2;0;0.00;0.00;0.00;0.0;0.0
114.920;184;1325;39;51675;5.5;10.800;0.735;30;73;9;0;100;101;100;106;100;107;100;49;49;0;1.846;1.846;0.000;0.000;14.700;1.000;8.2;0.0;0;32;3.000;2.874;13.1;-200;0;0;-8.7;0;0;0;0;0;99;0;0;1869;84.63;0;0;0;0;0;0;0;0;0;0;0;0;0;0;0;0;32;0;39.0;39.0;2;0;0.00;0.00;0.00;0.0;0.0
114.986;184;1287;40;51480;5.5;10.700;0.728;30;73;9;0;100;101;100;106;100;107;100;49;49;0;1.854;1.854;0.000;0.000;14.700;1.000;8.0;0.0;0;31;3.000;2.719;13.1;-560;0;0;-8.6;0;0;0;0;0;99;0;0;1869;87.13;0;0;0;0;0;0;0;0;0;0;0;0;0;0;0;0;31;0;40.0;40.0;2;0;0.00;0.00;0.00;0.0;0.0
115.056;184;1283;41;52603;5.5;11.300;0.769;30;73;9;0;100;101;100;106;100;107;100;50;50;0;1.870;1.870;0.000;0.000;14.700;1.000;8.0;0.0;0;31;3.000;2.959;13.1;-280;0;0;-8.4;0;0;0;0;0;99;0;0;1869;87.40;0;0;0;0;0;0;0;0;0;0;0;0;0;0;0;0;31;0;41.0;41.0;2;0;0.00;0.00;0.00;0.0;0.0
115.121;184;1230;41;50430;5.5;12.000;0.816;30;73;9;0;100;101;100;106;100;107;100;50;50;0;1.870;1.870;0.000;0.000;14.700;1.000;7.7;0.0;0;30;3.000;2.332;13.1;-280;0;0;-8.4;0;0;0;0;0;99;0;0;1869;91.17;0;0;0;0;0;0;0;0;0;0;0;0;0;0;0;0;30;0;41.0;41.0;2;0;0.00;0.00;0.00;0.0;0.0
115.191;184;1207;42;50694;5.5;12.800;0.871;30;73;9;0;100;101;100;106;100;107;100;50;50;0;1.924;1.924;0.000;0.000;14.700;1.000;7.7;0.0;0;30;3.000;2.718;12.8;-440;0;0;-8.3;0;0;0;0;0;99;0;0;1869;92.91;0;0;0;0;0;0;0;0;0;0;0;0;0;0;0;0;30;0;42.0;42.0;2;0;0.00;0.00;0.00;0.0;0.0
115.256;184;1223;43;52589;5.5;13.700;0.932;30;73;9;0;100;101;100;106;100;107;100;51;51;0;1.940;1.940;0.000;0.000;14.700;1.000;7.9;0.0;0;30;3.000;3.044;12.8;-230;0;0;-8.1;0;0;0;0;0;99;0;0;1869;91.69;0;0;0;0;0;0;0;0;0;0;0;0;0;0;0;0;30;0;43.0;43.0;2;0;0.00;0.00;0.00;0.0;0.0
115.256;184;1201;43;51643;5.5;15.700;1.068;30;73;9;0;100;101;100;106;100;107;100;51;51;0;1.940;1.940;0.000;0.000;14.700;1.000;7.8;0.0;0;30;3.000;2.609;12.8;-230;0;0;-8.1;0;0;0;0;0;99;0;0;1869;93.37;0;0;0;0;0;0;0;0;0;0;0;0;0;0;0;0;30;0;43.0;43.0;2;0;0.00;0.00;0.00;0.0;0.0
115.387;184;1203;44;52932;5.5;18.700;1.272;30;73;9;0;100;101;100;106;100;107;100;51;51;0;1.950;1.950;0.000;0.000;14.700;1.000;7.8;0.0;0;30;3.000;2.894;12.8;-70;0;0;-8.0;0;0;0;0;0;99;0;0;1869;93.22;0;0;0;0;0;0;0;0;0;0;0;0;0;0;0;0;30;0;44.0;44.0;2;0;0.00;0.00;0.00;0.0;0.0
115.454;184;1233;44;54252;5.5;19.500;1.327;30;73;9;0;100;101;100;106;100;107;100;51;51;0;1.938;1.938;0.000;0.000;14.700;1.000;8.0;0.0;0;30;3.000;3.171;12.9;330;0;0;-8.0;0;0;0;0;0;99;0;0;1869;90.95;0;0;0;0;0;0;0;0;0;0;0;0;0;0;0;0;30;0;44.0;44.0;2;0;0.00;0.00;0.00;0.0;0.0
115.524;184;1203;44;52932;5.5;19.600;1.333;30;73;9;0;100;101;100;106;100;107;100;51;51;0;1.938;1.938;0.000;0.000;14.700;1.000;7.8;0.0;0;30;3.000;2.558;12.9;330;0;0;-8.0;0;0;0;0;0;99;0;0;1869;93.22;0;0;0;0;0;0;0;0;0;0;0;0;0;0;0;0;30;0;44.0;44.0;2;0;0.00;0.00;0.00;0.0;0.0
115.589;184;1223;43;52589;5.5;19.700;1.340;30;73;9;0;100;101;100;106;100;107;100;51;51;0;1.928;1.928;0.000;0.000;14.700;1.000;7.9;0.0;0;30;3.000;2.983;12.9;-210;0;0;-8.1;0;0;0;0;0;99;0;0;1869;91.69;0;0;0;0;0;0;0;0;0;0;0;0;0;0;0;0;30;0;43.0;43.0;2;0;0.00;0.00;0.00;0.0;0.0
115.655;185;1220;44;53680;5.5;19.700;1.340;30;73;9;0;100;101;100;106;100;107;100;51;51;0;1.902;1.902;0.000;0.000;14.700;1.000;7.7;0.0;0;30;3.000;2.947;13.2;150;0;0;-8.0;0;0;0;0;0;99;0;0;1856;91.28;0;0;0;0;0;0;0;0;0;0;0;0;0;0;0;0;30;0;44.0;44.0;2;0;0.00;0.00;0.00;0.0;0.0
115.727;185;1195;44;52580;5.5;19.700;1.340;30;73;9;0;100;101;100;106;100;107;100;51;51;0;1.902;1.902;0.000;0.000;14.700;1.000;7.6;0.0;0;30;3.000;2.662;13.2;150;0;0;-8.0;0;0;0;0;0;99;0;0;1856;93.19;0;0;0;0;0;0;0;0;0;0;0;0;0;0;0;0;30;0;44.0;44.0;2;0;0.00;0.00;0.00;0.0;0.0
115.796;185;1215;43;52245;5.5;19.700;1.340;30;73;9;0;100;101;100;106;100;107;100;51;51;0;1.892;1.892;0.000;0.000;14.700;1.000;7.7;0.0;0;30;3.000;2.903;13.2;-200;0;0;-8.1;0;0;0;0;0;99;0;0;1856;91.65;0;0;0;0;0;0;0;0;0;0;0;0;0;0;0;0;30;0;43.0;43.0;2;0;0.00;0.00;0.00;0.0;0.0
115.796;185;1222;44;53768;5.5;19.700;1.340;30;73;9;0;100;101;100;106;100;107;100;51;51;0;1.902;1.902;0.000;0.000;14.700;1.000;7.7;0.0;0;30;3.000;2.967;13.2;130;0;0;-8.0;0;0;0;0;0;99;0;0;1856;91.13;0;0;0;0;0;0;0;0;0;0;0;0;0;0;0;0;30;0;44.0;44.0;2;0;0.00;0.00;0.00;0.0;0.0
115.927;185;1225;43;52675;5.5;19.700;1.340;30;73;9;0;100;101;100;106;100;107;100;51;51;0;1.904;1.904;0.000;0.000;14.700;1.000;7.8;0.0;0;31;3.000;2.979;13.1;130;0;0;-8.1;0;0;0;0;0;99;0;0;1856;90.91;0;0;0;0;0;0;0;0;0;0;0;0;0;0;0;0;31;0;43.0;43.0;2;0;0.00;0.00;0.00;0.0;0.0
115.993;185;1223;43;52589;5.5;19.700;1.340;30;73;9;0;100;101;100;106;100;107;100;51;51;0;1.904;1.904;0.000;0.000;14.700;1.000;7.8;0.0;0;30;3.000;2.604;13.1;130;0;0;-8.1;0;0;0;0;0;99;0;0;1856;91.05;0;0;0;0;0;0;0;0;0;0;0;0;0;0;0;0;30;0;43.0;43.0;2;0;0.00;0.00;0.00;0.0;0.0
116.059;185;1229;43;52847;5.5;19.700;1.340;30;73;9;0;100;101;100;106;100;107;100;51;51;0;1.904;1.904;0.000;0.000;14.700;1.000;7.8;0.0;0;31;3.000;2.915;13.1;-80;0;0;-8.1;0;0;0;0;0;99;0;0;1856;90.61;0;0;0;0;0;0;0;0;0;0;0;0;0;0;0;0;31;0;43.0;43.0;2;0;0.00;0.00;0.00;0.0;0.0
116.125;185;1230;44;54120;5.5;19.600;1.333;30;73;9;0;100;101;100;106;100;107;100;51;51;0;1.914;1.914;0.000;0.000;14.700;1.000;7.8;0.0;0;30;3.000;2.603;13.1;-80;0;0;-8.0;0;0;0;0;0;99;0;0;1856;90.54;0;0;0;0;0;0;0;0;0;0;0;0;0;0;0;0;30;0;44.0;44.0;2;0;0.00;0.00;0.00;0.0;0.0
116.193;185;1247;43;53621;5.5;19.700;1.340;30;73;9;0;100;101;100;106;100;107;100;51;51;0;1.892;1.892;0.000;0.000;14.700;1.000;7.9;0.0;0;30;3.000;2.842;13.2;130;0;0;-8.1;0;0;0;0;0;99;0;0;1856;89.30;0;0;0;0;0;0;0;0;0;0;0;0;0;0;0;0;30;0;43.0;43.0;2;0;0.00;0.00;0.00;0.0;0.0
116.256;185;1255;43;53965;5.5;19.700;1.340;30;73;9;0;100;101;100;106;100;107;100;51;51;0;1.892;1.892;0.000;0.000;14.700;1.000;7.9;0.0;0;31;3.000;2.939;13.2;170;0;0;-8.1;0;0;0;0;0;99;0;0;1856;88.73;0;0;0;0;0;0;0;0;0;0;0;0;0;0;0;0;31;0;43.0;43.0;2;0;0.00;0.00;0.00;0.0;0.0
116.322;185;1254;42;52668;5.5;19.700;1.340;30;73;9;0;100;101;100;106;100;107;100;50;50;0;1.876;1.876;0.000;0.000;14.700;1.000;7.8;0.0;0;31;3.000;3.150;13.2;170;0;0;-8.3;0;0;0;0;0;99;0;0;1856;88.80;0;0;0;0;0;0;0;0;0;0;0;0;0;0;0;0;31;0;42.0;42.0;2;0;0.00;0.00;0.00;0.0;0.0
116.322;185;1234;42;51828;5.5;19.600;1.333;30;73;9;0;100;101;100;106;100;107;100;50;50;0;1.876;1.876;0.000;0.000;14.700;1.000;7.7;0.0;0;30;3.000;2.623;13.2;-50;0;0;-8.3;0;0;0;0;0;99;0;0;1856;90.24;0;0;0;0;0;0;0;0;0;0;0;0;0;0;0;0;30;0;42.0;42.0;2;0;0.00;0.00;0.00;0.0;0.0
116.461;185;1239;43;53277;5.5;19.700;1.340;30;73;9;0;100;101;100;106;100;107;100;51;51;0;1.904;1.904;0.000;0.000;14.700;1.000;7.9;0.0;0;30;3.000;2.799;13.1;-90;0;0;-8.1;0;0;0;0;0;99;0;0;1856;89.88;0;0;0;0;0;0;0;0;0;0;0;0;0;0;0;0;30;0;43.0;43.0;2;0;0.00;0.00;0.00;0.0;0.0
116.529;185;1234;43;53062;5.5;19.700;1.340;30;73;9;0;100;101;100;106;100;107;100;51;51;0;1.904;1.904;0.000;0.000;14.700;1.000;7.8;0.0;0;31;3.000;2.909;13.1;-90;0;0;-8.1;0;0;0;0;0;99;0;0;1856;90.24;0;0;0;0;0;0;0;0;0;0;0;0;0;0;0;0;31;0;43.0;43.0;2;0;0.00;0.00;0.00;0.0;0.0
116.591;185;1224;43;52632;5.5;19.700;1.340;30;73;9;0;100;101;100;106;100;107;100;51;51;0;1.904;1.904;0.000;0.000;14.700;1.000;7.8;0.0;0;30;3.000;2.805;13.1;-80;0;0;-8.1;0;0;0;0;0;99;0;0;1856;90.98;0;0;0;0;0;0;0;0;0;0;0;0;0;0;0;0;30;0;43.0;43.0;2;0;0.00;0.00;0.00;0.0;0.0
116.657;185;1245;43;53535;5.5;19.700;1.340;30;73;9;0;100;101;100;106;100;107;100;51;51;0;1.904;1.904;0.000;0.000;14.700;1.000;7.9;0.0;0;31;3.000;2.750;13.1;-80;0;0;-8.1;0;0;0;0;0;99;0;0;1856;89.45;0;0;0;0;0;0;0;0;0;0;0;0;0;0;0;0;31;0;43.0;43.0;2;0;0.00;0.00;0.00;0.0;0.0
116.726;186;1243;43;53449;5.5;19.700;1.340;30;73;9;0;100;101;100;106;100;107;100;51;51;0;1.904;1.904;0.000;0.000;14.700;1.000;7.9;0.0;0;30;3.000;2.759;13.1;120;0;0;-8.1;0;0;0;0;0;99;0;0;1861;89.83;0;0;0;0;0;0;0;0;0;0;0;0;0;0;0;0;30;0;43.0;43.0;2;0;0.00;0.00;0.00;0.0;0.0
116.792;186;1245;43;53535;5.5;19.700;1.340;30;73;9;0;100;101;100;106;100;107;100;51;51;0;1.904;1.904;0.000;0.000;14.700;1.000;7.9;0.0;0;31;3.000;2.813;13.1;50;0;0;-8.1;0;0;0;0;0;99;0;0;1861;89.69;0;0;0;0;0;0;0;0;0;0;0;0;0;0;0;0;31;0;43.0;43.0;2;0;0.00;0.00;0.00;0.0;0.0
116.859;186;1267;42;53214;5.5;19.700;1.340;30;73;9;0;100;101;100;106;100;107;100;50;50;0;1.888;1.888;0.000;0.000;14.700;1.000;8.0;0.0;0;31;3.000;2.825;13.1;50;0;0;-8.3;0;0;0;0;0;99;0;0;1861;88.13;0;0;0;0;0;0;0;0;0;0;0;0;0;0;0;0;31;0;42.0;42.0;2;0;0.00;0.00;0.00;0.0;0.0
116.924;186;1282;42;53844;5.5;19.700;1.340;30;73;9;0;100;101;100;106;100;107;100;50;50;0;1.912;1.912;0.000;0.000;14.700;1.000;8.2;0.0;0;31;3.000;2.934;12.9;170;0;0;-8.3;0;0;0;0;0;99;0;0;1861;87.10;0;0;0;0;0;0;0;0;0;0;0;0;0;0;0;0;31;0;42.0;42.0;2;0;0.00;0.00;0.00;0.0;0.0
116.993;186;1287;41;52767;5.5;19.700;1.340;30;73;9;0;100;101;100;106;100;107;100;50;50;0;1.894;1.894;0.000;0.000;14.700;1.000;8.1;0.0;0;31;3.000;2.843;12.9;150;0;0;-8.4;0;0;0;0;0;99;0;0;1861;86.76;0;0;0;0;0;0;0;0;0;0;0;0;0;0;0;0;31;0;41.0;41.0;2;0;0.00;0.00;0.00;0.0;0.0
116.993;186;1271;41;52111;5.5;19.600;1.333;30;73;9;0;100;101;100;106;100;107;100;50;50;0;1.894;1.894;0.000;0.000;14.700;1.000;8.0;0.0;0;31;3.000;2.755;12.9;150;0;0;-8.4;0;0;0;0;0;99;0;0;1861;87.85;0;0;0;0;0;0;0;0;0;0;0;0;0;0;0;0;31;0;41.0;41.0;2;0;0.00;0.00;0.00;0.0;0.0
117.128;186;1296;41;53136;5.5;19.700;1.340;30;73;9;0;100;101;100;106;100;107;100;50;50;0;1.894;1.894;0.000;0.000;14.700;1.000;8.2;0.0;0;31;3.000;2.955;12.9;-110;0;0;-8.4;0;0;0;0;0;99;0;0;1861;86.16;0;0;0;0;0;0;0;0;0;0;0;0;0;0;0;0;31;0;41.0;41.0;2;0;0.00;0.00;0.00;0.0;0.0
117.194;186;1292;41;52972;5.5;19.700;1.340;30;73;9;0;100;101;100;106;100;107;100;50;50;0;1.894;1.894;0.000;0.000;14.700;1.000;8.2;0.0;0;31;3.000;2.962;12.9;120;0;0;-8.4;0;0;0;0;0;99;0;0;1861;86.42;0;0;0;0;0;0;0;0;0;0;0;0;0;0;0;0;31;0;41.0;41.0;2;0;0.00;0.00;0.00;0.0;0.0
117.263;186;1282;41;52562;5.5;19.700;1.340;30;73;9;0;100;101;100;106;100;107;100;50;50;0;1.894;1.894;0.000;0.000;14.700;1.000;8.1;0.0;0;31;3.000;2.820;12.9;120;0;0;-8.4;0;0;0;0;0;99;0;0;1861;87.10;0;0;0;0;0;0;0;0;0;0;0;0;0;0;0;0;31;0;41.0;41.0;2;0;0.00;0.00;0.00;0.0;0.0
117.328;186;1288;41;52808;5.5;19.700;1.340;30;73;9;0;100;101;100;106;100;107;100;50;50;0;1.894;1.894;0.000;0.000;14.700;1.000;8.1;0.0;0;31;3.000;2.818;12.9;110;0;0;-8.4;0;0;0;0;0;99;0;0;1861;86.69;0;0;0;0;0;0;0;0;0;0;0;0;0;0;0;0;31;0;41.0;41.0;2;0;0.00;0.00;0.00;0.0;0.0
117.394;186;1273;41;52193;5.5;19.700;1.340;30;73;9;0;100;101;100;106;100;107;100;50;50;0;1.894;1.894;0.000;0.000;14.700;1.000;8.0;0.0;0;31;3.000;2.823;12.9;-130;0;0;-8.4;0;0;0;0;0;99;0;0;1861;87.71;0;0;0;0;0;0;0;0;0;0;0;0;0;0;0;0;31;0;41.0;41.0;2;0;0.00;0.00;0.00;0.0;0.0
117.461;186;1272;41;52152;5.5;19.700;1.340;30;73;9;0;100;101;100;106;100;107;100;50;50;0;1.870;1.870;0.000;0.000;14.700;1.000;7.9;0.0;0;31;3.000;3.006;13.1;-130;0;0;-8.4;0;0;0;0;0;99;0;0;1861;87.78;0;0;0;0;0;0;0;0;0;0;0;0;0;0;0;0;31;0;41.0;41.0;2;0;0.00;0.00;0.00;0.0;0.0
117.526;186;1253;42;52626;5.5;19.700;1.340;30;73;9;0;100;101;100;106;100;107;100;50;50;0;1.888;1.888;0.000;0.000;14.700;1.000;7.9;0.0;0;31;3.000;2.841;13.1;-90;0;0;-8.3;0;0;0;0;0;99;0;0;1861;89.11;0;0;0;0;0;0;0;0;0;0;0;0;0;0;0;0;31;0;42.0;42.0;2;0;0.00;0.00;0.00;0.0;0.0
117.592;186;1244;42;52248;5.5;19.700;1.340;30;73;9;0;100;101;100;106;100;107;100;50;50;0;1.888;1.888;0.000;0.000;14.700;1.000;7.8;0.0;0;30;3.000;2.577;13.1;-150;0;0;-8.3;0;0;0;0;0;99;0;0;1861;89.76;0;0;0;0;0;0;0;0;0;0;0;0;0;0;0;0;30;0;42.0;42.0;2;0;0.00;0.00;0.00;0.0;0.0
117.659;186;1225;42;51450;5.5;19.700;1.340;30;73;9;0;100;101;100;106;100;107;100;50;50;0;1.888;1.888;0.000;0.000;14.700;1.000;7.7;0.0;0;30;3.000;2.742;13.1;-150;0;0;-8.3;0;0;0;0;0;99;0;0;1861;91.15;0;0;0;0;0;0;0;0;0;0;0;0;0;0;0;0;30;0;42.0;42.0;2;0;0.00;0.00;0.00;0.0;0.0
117.726;187;1207;43;51901;5.5;19.700;1.340;30;73;9;0;100;101;100;106;100;107;100;51;51;0;1.904;1.904;0.000;0.000;14.700;1.000;7.7;0.0;0;31;3.000;2.767;13.1;-380;0;0;-8.1;0;0;0;0;0;99;0;0;1861;92.51;0;0;0;0;0;0;0;0;0;0;0;0;0;0;0;0;31;0;43.0;43.0;2;0;0.00;0.00;0.00;0.0;0.0
117.793;187;1219;43;52417;5.5;19.700;1.340;30;73;9;0;100;101;100;106;100;107;100;51;51;0;1.904;1.904;0.000;0.000;14.700;1.000;7.7;0.0;0;30;3.000;2.809;13.1;0;0;0;-8.1;0;0;0;0;0;99;0;0;1861;91.60;0;0;0;0;0;0;0;0;0;0;0;0;0;0;0;0;30;0;43.0;43.0;2;0;0.00;0.00;0.00;0.0;0.0
117.858;187;1200;43;51600;5.5;19.600;1.333;30;73;9;0;100;101;100;106;100;107;100;51;51;0;1.904;1.904;0.000;0.000;14.700;1.000;7.6;0.0;0;30;3.000;2.767;13.1;0;0;0;-8.1;0;0;0;0;0;99;0;0;1861;93.05;0;0;0;0;0;0;0;0;0;0;0;0;0;0;0;0;30;0;43.0;43.0;2;0;0.00;0.00;0.00;0.0;0.0
117.924;187;1189;44;52316;5.5;19.700;1.340;30;73;9;0;100;101;100;106;100;107;100;51;51;0;1.914;1.914;0.000;0.000;14.700;1.000;7.6;0.0;0;30;3.000;2.962;13.1;-220;0;0;-8.0;0;0;0;0;0;99;0;0;1861;93.91;0;0;0;0;0;0;0;0;0;0;0;0;0;0;0;0;30;0;44.0;44.0;2;0;0.00;0.00;0.00;0.0;0.0
117.924;187;1200;44;52800;5.5;19.700;1.340;30;74;9;0;100;101;100;106;100;107;100;51;51;0;1.914;1.914;0.000;0.000;14.700;1.000;7.7;0.0;0;30;3.000;2.921;13.1;30;0;0;-8.0;0;0;0;0;0;99;0;0;1861;93.05;0;0;0;0;0;0;0;0;0;0;0;0;0;0;0;0;30;0;44.0;44.0;2;0;0.00;0.00;0.00;0.0;0.0
118.058;187;1181;44;51964;5.5;19.700;1.340;30;74;9;0;100;101;100;106;100;107;100;51;51;0;1.914;1.914;0.000;0.000;14.700;1.000;7.5;0.0;0;30;3.000;2.793;13.1;30;0;0;-8.0;0;0;0;0;0;99;0;0;1861;94.55;0;0;0;0;0;0;0;0;0;0;0;0;0;0;0;0;30;0;44.0;44.0;2;0;0.00;0.00;0.00;0.0;0.0
118.123;187;1147;45;51615;5.5;19.700;1.340;30;74;9;0;100;101;100;106;100;107;100;51;51;0;1.932;1.932;0.000;0.000;14.700;1.000;7.4;0.0;0;30;3.000;2.625;13.1;-290;0;0;-7.8;0;0;0;0;0;99;0;0;1861;97.35;0;0;0;0;0;0;0;0;0;0;0;0;0;0;0;0;30;0;45.0;45.0;2;0;0.00;0.00;0.00;0.0;0.0
118.189;187;1172;45;52740;5.5;19.700;1.340;30;74;9;0;100;101;100;106;100;107;100;51;51;0;1.932;1.932;0.000;0.000;14.700;1.000;7.5;0.0;0;30;3.000;3.036;13.1;10;0;0;-7.8;0;0;0;0;0;99;0;0;1861;95.27;0;0;0;0;0;0;0;0;0;0;0;0;0;0;0;0;30;0;45.0;45.0;2;0;0.00;0.00;0.00;0.0;0.0
118.254;187;1174;45;52830;5.5;19.700;1.340;30;74;9;0;100;101;100;106;100;107;100;51;51;0;1.932;1.932;0.000;0.000;14.700;1.000;7.6;0.0;0;30;3.000;2.778;13.1;10;0;0;-7.8;0;0;0;0;0;99;0;0;1861;95.11;0;0;0;0;0;0;0;0;0;0;0;0;0;0;0;0;30;0;45.0;45.0;2;0;0.00;0.00;0.00;0.0;0.0
118.320;187;1159;45;52155;5.5;19.700;1.340;30;74;9;0;100;101;100;106;100;107;100;51;51;0;1.932;1.932;0.000;0.000;14.700;1.000;7.5;0.0;0;30;3.000;2.778;13.1;-80;0;0;-7.8;0;0;0;0;0;99;0;0;1861;96.34;0;0;0;0;0;0;0;0;0;0;0;0;0;0;0;0;30;0;45.0;45.0;2;0;0.00;0.00;0.00;0.0;0.0
118.386;187;1155;46;53130;5.5;19.700;1.340;30;74;9;0;100;101;100;106;100;107;100;52;52;0;1.958;1.958;0.000;0.000;14.700;1.000;7.5;0.0;0;30;3.000;2.947;13.1;-90;0;0;-7.7;0;0;0;0;0;99;0;0;1861;96.68;0;0;0;0;0;0;0;0;0;0;0;0;0;0;0;0;30;0;46.0;46.0;2;0;0.00;0.00;0.00;0.0;0.0
118.455;187;1162;45;52290;5.5;19.700;1.340;30;74;9;0;100;101;100;106;100;107;100;51;51;0;1.944;1.944;0.000;0.000;14.700;1.000;7.5;0.0;0;30;3.000;2.855;13.0;-90;0;0;-7.8;0;0;0;0;0;99;0;0;1861;96.09;0;0;0;0;0;0;0;0;0;0;0;0;0;0;0;0;30;0;45.0;45.0;2;0;0.00;0.00;0.00;0.0;0.0
118.455;187;1157;46;53222;5.5;19.700;1.340;30;74;9;0;100;101;100;106;100;107;100;52;52;0;1.970;1.970;0.000;0.000;14.700;1.000;7.6;0.0;0;30;3.000;2.810;13.0;60;0;0;-7.7;0;0;0;0;0;99;0;0;1861;96.51;0;0;0;0;0;0;0;0;0;0;0;0;0;0;0;0;30;0;46.0;46.0;2;0;0.00;0.00;0.00;0.0;0.0
118.520;187;1156;46;53176;5.5;19.700;1.340;30;74;9;0;100;101;100;106;100;107;100;52;52;0;1.970;1.970;0.000;0.000;14.700;1.000;7.6;0.0;0;30;3.000;3.048;13.0;60;0;0;-7.7;0;0;0;0;0;99;0;0;1861;96.59;0;0;0;0;0;0;0;0;0;0;0;0;0;0;0;0;30;0;46.0;46.0;2;0;0.00;0.00;0.00;0.0;0.0
118.586;187;1148;46;52808;5.5;19.700;1.340;30;74;9;0;100;101;100;106;100;107;100;52;52;0;1.970;1.970;0.000;0.000;14.700;1.000;7.5;0.0;0;30;3.000;2.811;13.0;-40;0;0;-7.7;0;0;0;0;0;99;0;0;1861;97.26;0;0;0;0;0;0;0;0;0;0;0;0;0;0;0;0;30;0;46.0;46.0;2;0;0.00;0.00;0.00;0.0;0.0
118.721;188;1172;45;52740;5.5;19.700;1.340;30;74;9;0;100;101;100;106;100;107;100;51;51;0;1.956;1.956;0.000;0.000;14.700;1.000;7.6;0.0;0;30;3.000;2.911;12.9;120;0;0;-7.8;0;0;0;0;0;99;0;0;1865;95.48;0;0;0;0;0;0;0;0;0;0;0;0;0;0;0;0;30;0;45.0;45.0;2;0;0.00;0.00;0.00;0.0;0.0
118.787;188;1163;45;52335;5.5;19.700;1.340;30;74;9;0;100;101;100;106;100;107;100;51;51;0;1.956;1.956;0.000;0.000;14.700;1.000;7.6;0.0;0;30;3.000;2.867;12.9;120;0;0;-7.8;0;0;0;0;0;99;0;0;1865;96.22;0;0;0;0;0;0;0;0;0;0;0;0;0;0;0;0;30;0;45.0;45.0;2;0;0.00;0.00;0.00;0.0;0.0
118.852;188;1147;45;51615;5.5;19.700;1.340;30;74;9;0;100;101;100;106;100;107;100;51;51;0;1.956;1.956;0.000;0.000;14.700;1.000;7.5;0.0;0;30;3.000;2.821;12.9;-60;0;0;-7.8;0;0;0;0;0;99;0;0;1865;97.56;0;0;0;0;0;0;0;0;0;0;0;0;0;0;0;0;30;0;45.0;45.0;2;0;0.00;0.00;0.00;0.0;0.0
118.922;188;1175;45;52875;5.5;19.700;1.340;30;74;9;0;100;101;100;106;100;107;100;51;51;0;1.956;1.956;0.000;0.000;14.700;1.000;7.7;0.0;0;30;3.000;3.059;12.9;50;0;0;-7.8;0;0;0;0;0;99;0;0;1865;95.23;0;0;0;0;0;0;0;0;0;0;0;0;0;0;0;0;30;0;45.0;45.0;2;0;0.00;0.00;0.00;0.0;0.0
118.987;188;1179;45;53055;5.5;19.700;1.340;30;74;9;0;100;101;100;106;100;107;100;51;51;0;1.980;1.980;0.000;0.000;14.700;1.000;7.8;0.0;0;30;3.000;2.849;12.7;50;0;0;-7.8;0;0;0;0;0;99;0;0;1865;94.91;0;0;0;0;0;0;0;0;0;0;0;0;0;0;0;0;30;0;45.0;45.0;2;0;0.00;0.00;0.00;0.0;0.0
118.987;188;1179;45;53055;5.5;19.700;1.340;30;74;9;0;100;101;100;106;100;107;100;51;51;0;1.980;1.980;0.000;0.000;14.700;1.000;7.8;0.0;0;30;3.000;2.881;12.7;110;0;0;-7.8;0;0;0;0;0;99;0;0;1865;94.91;0;0;0;0;0;0;0;0;0;0;0;0;0;0;0;0;30;0;45.0;45.0;2;0;0.00;0.00;0.00;0.0;0.0
119.119;188;1203;44;52932;5.5;19.700;1.340;30;74;9;0;100;101;100;106;100;107;100;51;51;0;1.962;1.962;0.000;0.000;14.700;1.000;7.9;0.0;0;30;3.000;3.040;12.7;190;0;0;-8.0;0;0;0;0;0;99;0;0;1865;93.02;0;0;0;0;0;0;0;0;0;0;0;0;0;0;0;0;30;0;44.0;44.0;2;0;0.00;0.00;0.00;0.0;0.0
119.188;188;1206;44;53064;5.5;19.700;1.340;30;74;9;0;100;101;100;106;100;107;100;51;51;0;1.962;1.962;0.000;0.000;14.700;1.000;7.9;0.0;0;30;3.000;2.991;12.7;190;0;0;-8.0;0;0;0;0;0;99;0;0;1865;92.79;0;0;0;0;0;0;0;0;0;0;0;0;0;0;0;0;30;0;44.0;44.0;2;0;0.00;0.00;0.00;0.0;0.0
119.254;188;1220;44;53680;5.5;19.700;1.340;30;74;9;0;100;101;100;106;100;107;100;51;51;0;2.034;2.034;0.000;0.000;14.700;1.000;8.3;0.0;0;30;3.000;2.973;12.1;80;0;0;-8.0;0;0;0;0;0;99;0;0;1865;91.72;0;0;0;0;0;0;0;0;0;0;0;0;0;0;0;0;30;0;44.0;44.0;2;0;0.00;0.00;0.00;0.0;0.0
119.319;188;1247;43;53621;5.5;19.700;1.340;30;74;9;0;100;101;100;106;100;107;100;51;51;0;2.024;2.024;0.000;0.000;14.700;1.000;8.4;0.0;0;30;3.000;2.984;12.1;400;0;0;-8.1;0;0;0;0;0;99;0;0;1865;89.74;0;0;0;0;0;0;0;0;0;0;0;0;0;0;0;0;30;0;43.0;43.0;2;0;0.00;0.00;0.00;0.0;0.0
119.389;188;1262;39;49218;5.5;19.700;1.340;30;74;9;0;100;101;100;106;100;107;100;49;49;0;1.966;1.966;0.000;0.000;14.700;1.000;8.3;0.0;0;31;3.000;3.200;12.1;400;0;0;-8.7;0;0;0;0;0;99;0;0;1865;88.67;0;0;0;0;0;0;0;0;0;0;0;0;0;0;0;0;31;0;39.0;39.0;2;0;0.00;0.00;0.00;0.0;0.0
119.454;188;1291;42;54222;5.5;19.700;1.340;30;74;9;0;100;101;100;106;100;107;100;50;50;0;1.936;1.936;0.000;0.000;14.700;1.000;8.3;0.0;0;31;3.000;2.914;12.7;250;0;0;-8.3;0;0;0;0;0;99;0;0;1865;86.68;0;0;0;0;0;0;0;0;0;0;0;0;0;0;0;0;31;0;42.0;42.0;2;0;0.00;0.00;0.00;0.0;0.0
119.454;188;1318;41;54038;5.5;19.700;1.340;30;74;9;0;100;101;100;106;100;107;100;50;50;0;1.918;1.918;0.000;0.000;14.700;1.000;8.4;0.0;0;31;3.000;3.060;12.7;410;0;0;-8.4;0;0;0;0;0;99;0;0;1865;84.90;0;0;0;0;0;0;0;0;0;0;0;0;0;0;0;0;31;0;41.0;41.0;2;0;0.00;0.00;0.00;0.0;0.0
119.589;188;1334;41;54694;5.5;19.700;1.340;30;74;9;0;100;101;100;106;100;107;100;50;50;0;1.918;1.918;0.000;0.000;14.700;1.000;8.5;0.0;0;31;3.000;2.957;12.7;410;0;0;-8.4;0;0;0;0;0;99;0;0;1865;83.88;0;0;0;0;0;0;0;0;0;0;0;0;0;0;0;0;31;0;41.0;41.0;2;0;0.00;0.00;0.00;0.0;0.0
119.655;188;1355;40;54200;5.5;19.700;1.340;30;74;9;0;100;101;100;106;100;107;100;50;50;0;1.910;1.910;0.000;0.000;14.700;1.000;8.6;0.0;0;31;3.000;3.029;12.7;270;0;0;-8.6;0;0;0;0;0;99;0;0;1865;82.58;0;0;0;0;0;0;0;0;0;0;0;0;0;0;0;0;31;0;40.0;40.0;2;0;0.00;0.00;0.00;0.0;0.0
119.721;189;1377;39;53703;5.5;19.700;1.340;30;74;9;0;100;101;100;106;100;107;100;49;49;0;1.966;1.966;0.000;0.000;14.700;1.000;9.0;0.0;0;31;3.000;2.957;12.1;380;0;0;-8.7;0;0;0;0;0;99;0;0;1864;81.22;0;0;0;0;0;0;0;0;0;0;0;0;0;0;0;0;31;0;39.0;39.0;2;0;0.00;0.00;0.00;0.0;0.0
119.787;189;1408;38;53504;5.5;19.700;1.340;30;74;9;0;100;101;100;106;100;107;100;49;49;0;1.957;1.957;0.000;0.000;14.700;1.000;9.2;0.0;0;32;3.000;2.877;12.1;380;0;0;-8.8;0;0;0;0;0;99;0;0;1864;79.43;0;0;0;0;0;0;0;0;0;0;0;0;0;0;0;0;32;0;38.0;38.0;2;0;0.00;0.00;0.00;0.0;0.0
119.857;189;1432;37;52984;5.5;18.600;1.265;30;74;9;0;100;101;100;106;100;107;100;48;48;0;1.926;1.926;0.000;0.000;14.700;1.000;9.2;0.0;0;33;3.000;3.109;12.1;270;0;0;-9.0;0;0;0;0;0;99;0;0;1864;78.10;0;0;0;0;0;0;0;0;0;0;0;0;0;0;0;0;33;0;37.0;37.0;2;0;0.00;0.00;0.00;0.0;0.0
119.923;189;1455;37;53835;5.5;19.600;1.333;30;74;9;0;100;101;100;106;100;107;100;48;48;0;1.926;1.926;0.000;0.000;14.700;1.000;9.3;0.0;0;33;3.000;2.992;12.1;430;0;0;-9.0;0;0;0;0;0;99;0;0;1864;76.87;0;0;0;0;0;0;0;0;0;0;0;0;0;0;0;0;33;0;37.0;37.0;2;0;0.00;0.00;0.00;0.0;0.0
119.994;189;1483;36;53388;5.5;15.900;1.082;30;74;9;0;100;101;100;106;100;107;100;48;48;0;1.869;1.869;0.000;0.000;14.700;1.000;9.2;0.0;0;33;3.000;3.137;12.5;430;0;0;-9.1;0;0;0;0;0;99;0;0;1864;75.41;0;0;0;0;0;0;0;0;0;0;0;0;0;0;0;0;33;0;36.0;36.0;2;0;0.00;0.00;0.00;0.0;0.0
120.061;189;1479;36;53244;5.5;16.200;1.102;30;74;9;0;100;101;100;106;100;107;100;48;48;0;1.869;1.869;0.000;0.000;14.700;1.000;9.2;0.0;0;33;3.000;2.778;12.5;440;0;0;-9.1;0;0;0;0;0;99;0;0;1864;75.62;0;0;0;0;0;0;0;0;0;0;0;0;0;0;0;0;33;0;36.0;36.0;2;0;0.00;0.00;0.00;0.0;0.0
120.127;189;1494;36;53784;5.5;17.900;1.218;30;74;9;0;100;101;100;106;100;107;100;48;48;0;1.869;1.869;0.000;0.000;14.700;1.000;9.3;0.0;0;33;3.000;2.853;12.5;70;0;0;-9.1;0;0;0;0;0;99;0;0;1864;74.86;0;0;0;0;0;0;0;0;0;0;0;0;0;0;0;0;33;0;36.0;36.0;2;0;0.00;0.00;0.00;0.0;0.0
120.193;189;1511;35;52885;5.5;17.000;1.156;30;74;9;0;100;101;100;106;100;107;100;47;47;0;1.854;1.854;0.000;0.000;14.700;1.000;9.3;0.0;0;34;3.000;2.970;12.5;70;0;0;-9.3;0;0;0;0;0;99;0;0;1864;74.02;0;0;0;0;0;0;0;0;0;0;0;0;0;0;0;0;34;0;35.0;35.0;2;0;0.00;0.00;0.00;0.0;0.0
120.259;189;1513;35;52955;5.5;15.900;1.082;30;74;9;0;100;101;100;106;100;107;100;47;47;0;1.854;1.854;0.000;0.000;14.700;1.000;9.4;0.0;0;34;3.000;2.935;12.5;110;0;0;-9.3;0;0;0;0;0;99;0;0;1864;73.92;0;0;0;0;0;0;0;0;0;0;0;0;0;0;0;0;34;0;35.0;35.0;2;0;0.00;0.00;0.00;0.0;0.0
120.330;189;1517;35;53095;5.5;16.100;1.095;30;74;9;0;100;101;100;106;100;107;100;47;47;0;1.854;1.854;0.000;0.000;14.700;1.000;9.4;0.0;0;34;3.000;2.864;12.5;80;0;0;-9.3;0;0;0;0;0;99;0;0;1864;73.72;0;0;0;0;0;0;0;0;0;0;0;0;0;0;0;0;34;0;35.0;35.0;2;0;0.00;0.00;0.00;0.0;0.0
120.330;189;1517;35;53095;5.5;15.200;1.034;30;74;9;0;100;101;100;106;100;107;100;47;47;0;1.854;1.854;0.000;0.000;14.700;1.000;9.4;0.0;0;34;3.000;2.819;12.5;80;0;0;-9.3;0;0;0;0;0;99;0;0;1864;73.72;0;0;0;0;0;0;0;0;0;0;0;0;0;0;0;0;34;0;35.0;35.0;2;0;0.00;0.00;0.00;0.0;0.0
120.396;189;1517;35;53095;5.5;14.100;0.959;30;74;9;0;100;101;100;106;100;107;100;47;47;0;1.854;1.854;0.000;0.000;14.700;1.000;9.4;0.0;0;34;3.000;2.798;12.5;0;0;0;-9.3;0;0;0;0;0;99;0;0;1864;73.72;0;0;0;0;0;0;0;0;0;0;0;0;0;0;0;0;34;0;35.0;35.0;2;0;0.00;0.00;0.00;0.0;0.0
120.526;189;1507;35;52745;5.5;13.700;0.932;30;74;9;0;100;101;100;106;100;107;100;47;47;0;1.830;1.830;0.000;0.000;14.700;1.000;9.2;0.0;0;34;3.000;2.648;12.7;-100;0;0;-9.3;0;0;0;0;0;99;0;0;1864;74.21;0;0;0;0;0;0;0;0;0;0;0;0;0;0;0;0;34;0;35.0;35.0;2;0;0.00;0.00;0.00;0.0;0.0
120.596;189;1492;35;52220;5.5;13.900;0.946;30;74;9;0;100;101;100;106;100;107;100;47;47;0;1.830;1.830;0.000;0.000;14.700;1.000;9.1;0.0;0;33;3.000;2.920;12.7;-100;0;0;-9.3;0;0;0;0;0;99;0;0;1864;74.96;0;0;0;0;0;0;0;0;0;0;0;0;0;0;0;0;33;0;35.0;35.0;2;0;0.00;0.00;0.00;0.0;0.0
120.660;189;1471;36;52956;5.5;14.100;0.959;30;74;9;0;100;101;100;106;100;107;100;48;48;0;1.845;1.845;0.000;0.000;14.700;1.000;9.0;0.0;0;33;3.000;2.833;12.7;-210;0;0;-9.1;0;0;0;0;0;99;0;0;1864;76.03;0;0;0;0;0;0;0;0;0;0;0;0;0;0;0;0;33;0;36.0;36.0;2;0;0.00;0.00;0.00;0.0;0.0
120.728;190;1457;36;52452;5.5;15.700;1.068;30;74;9;0;100;101;100;106;100;107;100;48;48;0;1.821;1.821;0.000;0.000;14.700;1.000;8.8;0.0;0;33;3.000;2.824;12.9;-290;0;0;-9.1;0;0;0;0;0;99;0;0;1830;75.36;0;0;0;0;0;0;0;0;0;0;0;0;0;0;0;0;33;0;36.0;36.0;2;0;0.00;0.00;0.00;0.0;0.0
120.790;190;1450;36;52200;5.5;17.500;1.190;30;74;9;0;100;101;100;106;100;107;100;48;48;0;1.821;1.821;0.000;0.000;14.700;1.000;8.8;0.0;0;33;3.000;2.918;12.9;-290;0;0;-9.1;0;0;0;0;0;99;0;0;1830;75.72;0;0;0;0;0;0;0;0;0;0;0;0;0;0;0;0;33;0;36.0;36.0;2;0;0.00;0.00;0.00;0.0;0.0
120.858;190;1423;36;51228;5.5;17.600;1.197;30;74;9;0;100;101;100;106;100;107;100;47;47;0;1.814;1.814;0.000;0.000;14.700;1.000;8.6;0.0;0;33;3.000;2.765;12.9;-120;0;0;-9.1;0;0;0;0;0;99;0;0;1830;77.16;0;0;0;0;0;0;0;0;0;0;0;0;0;0;0;0;33;0;36.0;36.0;2;0;0.00;0.00;0.00;0.0;0.0
120.925;190;1400;37;51800;5.5;17.500;1.190;30;74;9;0;100;101;100;106;100;107;100;48;48;0;1.830;1.830;0.000;0.000;14.700;1.000;8.5;0.0;0;32;3.000;2.772;12.9;-120;0;0;-9.0;0;0;0;0;0;99;0;0;1830;78.43;0;0;0;0;0;0;0;0;0;0;0;0;0;0;0;0;32;0;37.0;37.0;2;0;0.00;0.00;0.00;0.0;0.0
120.990;190;1407;37;52059;5.5;19.300;1.313;30;74;9;0;100;101;100;106;100;107;100;48;48;0;1.818;1.818;0.000;0.000;14.700;1.000;8.5;0.0;0;32;3.000;2.880;13.0;-450;0;0;-9.0;0;0;0;0;0;99;0;0;1830;78.04;0;0;0;0;0;0;0;0;0;0;0;0;0;0;0;0;32;0;37.0;37.0;2;0;0.00;0.00;0.00;0.0;0.0
121.056;190;1384;37;51208;5.5;19.600;1.333;30;74;9;0;100;101;100;106;100;107;100;48;48;0;1.818;1.818;0.000;0.000;14.700;1.000;8.4;0.0;0;32;3.000;2.895;13.0;-220;0;0;-9.0;0;0;0;0;0;99;0;0;1830;79.34;0;0;0;0;0;0;0;0;0;0;0;0;0;0;0;0;32;0;37.0;37.0;2;0;0.00;0.00;0.00;0.0;0.0
121.125;190;1350;38;51300;5.5;19.700;1.340;30;74;9;0;100;101;100;106;100;107;100;48;48;0;1.835;1.835;0.000;0.000;14.700;1.000;8.3;0.0;0;32;3.000;2.661;13.0;-220;0;0;-8.8;0;0;0;0;0;99;0;0;1830;81.33;0;0;0;0;0;0;0;0;0;0;0;0;0;0;0;0;32;0;38.0;38.0;2;0;0.00;0.00;0.00;0.0;0.0
121.192;190;1333;39;51987;5.5;19.700;1.340;30;74;9;0;100;101;100;106;100;107;100;49;49;0;1.858;1.858;0.000;0.000;14.700;1.000;8.3;0.0;0;32;3.000;2.605;13.0;-260;0;0;-8.7;0;0;0;0;0;99;0;0;1830;82.37;0;0;0;0;0;0;0;0;0;0;0;0;0;0;0;0;32;0;39.0;39.0;2;0;0.00;0.00;0.00;0.0;0.0
121.260;190;1308;40;52320;5.5;19.600;1.333;30;74;9;0;100;101;100;106;100;107;100;50;50;0;1.874;1.874;0.000;0.000;14.700;1.000;8.2;0.0;0;31;3.000;2.903;13.0;-370;0;0;-8.6;0;0;0;0;0;99;0;0;1830;83.94;0;0;0;0;0;0;0;0;0;0;0;0;0;0;0;0;31;0;40.0;40.0;2;0;0.00;0.00;0.00;0.0;0.0
121.323;190;1269;40;50760;5.5;19.700;1.340;30;74;9;0;100;101;100;106;100;107;100;49;49;0;1.866;1.866;0.000;0.000;14.700;1.000;7.9;0.0;0;31;3.000;2.821;13.0;-370;0;0;-8.6;0;0;0;0;0;99;0;0;1830;86.52;0;0;0;0;0;0;0;0;0;0;0;0;0;0;0;0;31;0;40.0;40.0;2;0;0.00;0.00;0.00;0.0;0.0
121.402;190;1218;41;49938;5.5;19.700;1.340;30;74;9;0;100;101;100;106;100;107;100;50;50;0;1.882;1.882;0.000;0.000;14.700;1.000;7.6;0.0;0;30;3.000;2.684;13.0;-460;0;0;-8.4;0;0;0;0;0;99;0;0;1830;90.15;0;0;0;0;0;0;0;0;0;0;0;0;0;0;0;0;30;0;41.0;41.0;2;0;0.00;0.00;0.00;0.0;0.0
121.469;190;1207;42;50694;5.5;19.700;1.340;30;74;9;0;100;101;100;106;100;107;100;50;50;0;1.900;1.900;0.000;0.000;14.700;1.000;7.6;0.0;0;30;3.000;2.788;13.0;-540;0;0;-8.3;0;0;0;0;0;99;0;0;1830;90.97;0;0;0;0;0;0;0;0;0;0;0;0;0;0;0;0;30;0;42.0;42.0;2;0;0.00;0.00;0.00;0.0;0.0
121.534;190;1189;43;51127;5.5;19.700;1.340;30;74;9;0;100;101;100;106;100;107;100;51;51;0;1.916;1.916;0.000;0.000;14.700;1.000;7.6;0.0;0;30;3.000;3.003;13.0;-540;0;0;-8.1;0;0;0;0;0;99;0;0;1830;92.35;0;0;0;0;0;0;0;0;0;0;0;0;0;0;0;0;30;0;43.0;43.0;2;0;0.00;0.00;0.00;0.0;0.0
121.602;190;1179;44;51876;5.5;19.700;1.340;30;74;9;0;100;101;100;106;100;107;100;51;51;0;1.926;1.926;0.000;0.000;14.700;1.000;7.6;0.0;0;30;3.000;2.779;13.0;-260;0;0;-8.0;0;0;0;0;0;99;0;0;1830;93.13;0;0;0;0;0;0;0;0;0;0;0;0;0;0;0;0;30;0;44.0;44.0;2;0;0.00;0.00;0.00;0.0;0.0
121.667;190;1189;44;52316;5.5;19.700;1.340;30;74;9;0;100;101;100;106;100;107;100;51;51;0;1.926;1.926;0.000;0.000;14.700;1.000;7.6;0.0;0;30;3.000;2.840;13.0;-10;0;0;-8.0;0;0;0;0;0;99;0;0;1830;92.35;0;0;0;0;0;0;0;0;0;0;0;0;0;0;0;0;30;0;44.0;44.0;2;0;0.00;0.00;0.00;0.0;0.0
121.737;190;1174;45;52830;5.5;19.700;1.340;30;74;9;0;100;101;100;106;100;107;100;51;51;0;1.944;1.944;0.000;0.000;14.700;1.000;7.6;0.0;0;30;3.000;2.857;13.0;-10;0;0;-7.8;0;0;0;0;0;99;0;0;1830;93.53;0;0;0;0;0;0;0;0;0;0;0;0;0;0;0;0;30;0;45.0;45.0;2;0;0.00;0.00;0.00;0.0;0.0
121.798;191;1146;45;51570;5.5;19.700;1.340;30;74;9;0;100;101;100;106;100;107;100;51;51;0;1.944;1.944;0.000;0.000;14.700;1.000;7.4;0.0;0;30;3.000;2.865;13.0;-280;0;0;-7.8;0;0;0;0;0;99;0;0;1855;97.12;0;0;0;0;0;0;0;0;0;0;0;0;0;0;0;0;30;0;45.0;45.0;2;0;0.00;0.00;0.00;0.0;0.0
121.866;191;1160;45;52200;5.5;19.700;1.340;30;74;9;0;100;101;100;106;100;107;100;51;51;0;1.944;1.944;0.000;0.000;14.700;1.000;7.5;0.0;0;30;3.000;3.021;13.0;0;0;0;-7.8;0;0;0;0;0;99;0;0;1855;95.95;0;0;0;0;0;0;0;0;0;0;0;0;0;0;0;0;30;0;45.0;45.0;2;0;0.00;0.00;0.00;0.0;0.0
121.929;191;1157;45;52065;5.5;19.700;1.340;30;74;9;0;100;101;100;106;100;107;100;51;51;0;1.944;1.944;0.000;0.000;14.700;1.000;7.5;0.0;0;30;3.000;2.951;13.0;0;0;0;-7.8;0;0;0;0;0;99;0;0;1855;96.20;0;0;0;0;0;0;0;0;0;0;0;0;0;0;0;0;30;0;45.0;45.0;2;0;0.00;0.00;0.00;0.0;0.0
121.997;191;1148;45;51660;5.5;19.700;1.340;30;74;9;0;100;101;100;106;100;107;100;51;51;0;1.944;1.944;0.000;0.000;14.700;1.000;7.4;0.0;0;30;3.000;2.844;13.0;-30;0;0;-7.8;0;0;0;0;0;99;0;0;1855;96.95;0;0;0;0;0;0;0;0;0;0;0;0;0;0;0;0;30;0;45.0;45.0;2;0;0.00;0.00;0.00;0.0;0.0
121.997;191;1137;46;52302;5.5;19.700;1.340;30;74;9;0;100;101;100;106;100;107;100;52;52;0;2.042;2.042;0.000;0.000;14.700;1.000;7.7;0.0;0;30;3.000;2.621;12.4;-40;0;0;-7.7;0;0;0;0;0;99;0;0;1855;97.89;0;0;0;0;0;0;0;0;0;0;0;0;0;0;0;0;30;0;46.0;46.0;2;0;0.00;0.00;0.00;0.0;0.0
122.128;191;1129;46;51934;5.5;19.700;1.340;30;74;9;0;100;101;100;106;100;107;100;52;52;0;2.042;2.042;0.000;0.000;14.700;1.000;7.7;0.0;0;30;3.000;2.684;12.4;-40;0;0;-7.7;0;0;0;0;0;99;0;0;1855;98.58;0;0;0;0;0;0;0;0;0;0;0;0;0;0;0;0;30;0;46.0;46.0;2;0;0.00;0.00;0.00;0.0;0.0
122.195;191;1169;46;53774;5.5;19.700;1.340;30;74;9;0;100;101;100;106;100;107;100;52;52;0;2.042;2.042;0.000;0.000;14.700;1.000;8.0;0.0;0;30;3.000;3.046;12.4;0;0;0;-7.7;0;0;0;0;0;99;0;0;1855;95.21;0;0;0;0;0;0;0;0;0;0;0;0;0;0;0;0;30;0;46.0;46.0;2;0;0.00;0.00;0.00;0.0;0.0
122.266;191;1185;45;53325;5.5;19.700;1.340;30;74;9;0;100;101;100;106;100;107;100;51;51;0;1.980;1.980;0.000;0.000;14.700;1.000;7.8;0.0;0;30;3.000;3.110;12.7;240;0;0;-7.8;0;0;0;0;0;99;0;0;1855;93.92;0;0;0;0;0;0;0;0;0;0;0;0;0;0;0;0;30;0;45.0;45.0;2;0;0.00;0.00;0.00;0.0;0.0
122.326;191;1196;45;53820;5.5;19.700;1.340;30;74;9;0;100;101;100;106;100;107;100;51;51;0;1.980;1.980;0.000;0.000;14.700;1.000;7.9;0.0;0;30;3.000;3.019;12.7;240;0;0;-7.8;0;0;0;0;0;99;0;0;1855;93.06;0;0;0;0;0;0;0;0;0;0;0;0;0;0;0;0;30;0;45.0;45.0;2;0;0.00;0.00;0.00;0.0;0.0
122.391;191;1237;44;54428;5.5;19.700;1.340;30;74;9;0;100;101;100;106;100;107;100;51;51;0;1.962;1.962;0.000;0.000;14.700;1.000;8.1;0.0;0;30;3.000;2.994;12.7;400;0;0;-8.0;0;0;0;0;0;99;0;0;1855;89.98;0;0;0;0;0;0;0;0;0;0;0;0;0;0;0;0;30;0;44.0;44.0;2;0;0.00;0.00;0.00;0.0;0.0
122.391;191;1241;44;54604;5.5;19.700;1.340;30;74;9;0;100;101;100;106;100;107;100;51;51;0;1.962;1.962;0.000;0.000;14.700;1.000;8.1;0.0;0;30;3.000;3.044;12.7;270;0;0;-8.0;0;0;0;0;0;99;0;0;1855;89.69;0;0;0;0;0;0;0;0;0;0;0;0;0;0;0;0;30;0;44.0;44.0;2;0;0.00;0.00;0.00;0.0;0.0
122.457;191;1237;42;51954;5.5;19.700;1.340;30;74;9;0;100;101;100;106;100;107;100;50;50;0;1.912;1.912;0.000;0.000;14.700;1.000;7.9;0.0;0;30;3.000;2.832;12.9;270;0;0;-8.3;0;0;0;0;0;99;0;0;1855;89.98;0;0;0;0;0;0;0;0;0;0;0;0;0;0;0;0;30;0;42.0;42.0;2;0;0.00;0.00;0.00;0.0;0.0
122.522;191;1276;42;53592;5.5;19.700;1.340;30;74;9;0;100;101;100;106;100;107;100;50;50;0;1.912;1.912;0.000;0.000;14.700;1.000;8.1;0.0;0;31;3.000;2.959;12.9;260;0;0;-8.3;0;0;0;0;0;99;0;0;1855;87.23;0;0;0;0;0;0;0;0;0;0;0;0;0;0;0;0;31;0;42.0;42.0;2;0;0.00;0.00;0.00;0.0;0.0
122.657;191;1276;42;53592;5.5;19.700;1.340;30;74;9;0;100;101;100;106;100;107;100;50;50;0;1.912;1.912;0.000;0.000;14.700;1.000;8.1;0.0;0;31;3.000;2.932;12.9;60;0;0;-8.3;0;0;0;0;0;99;0;0;1855;87.23;0;0;0;0;0;0;0;0;0;0;0;0;0;0;0;0;31;0;42.0;42.0;2;0;0.00;0.00;0.00;0.0;0.0
122.723;191;1287;41;52767;5.5;19.700;1.340;30;74;9;0;100;101;100;106;100;107;100;50;50;0;1.894;1.894;0.000;0.000;14.700;1.000;8.1;0.0;0;31;3.000;3.054;12.9;60;0;0;-8.4;0;0;0;0;0;99;0;0;1855;86.48;0;0;0;0;0;0;0;0;0;0;0;0;0;0;0;0;31;0;41.0;41.0;2;0;0.00;0.00;0.00;0.0;0.0
122.789;192;1279;41;52439;5.5;19.700;1.340;30;74;9;0;100;101;100;106;100;107;100;50;50;0;1.930;1.930;0.000;0.000;14.700;1.000;8.2;0.0;0;31;3.000;2.813;12.6;100;0;0;-8.4;0;0;0;0;0;99;0;0;1863;87.40;0;0;0;0;0;0;0;0;0;0;0;0;0;0;0;0;31;0;41.0;41.0;2;0;0.00;0.00;0.00;0.0;0.0
122.854;192;1301;41;53341;5.5;19.700;1.340;30;74;9;0;100;101;100;106;100;107;100;50;50;0;1.930;1.930;0.000;0.000;14.700;1.000;8.4;0.0;0;31;3.000;2.883;12.6;100;0;0;-8.4;0;0;0;0;0;99;0;0;1863;85.92;0;0;0;0;0;0;0;0;0;0;0;0;0;0;0;0;31;0;41.0;41.0;2;0;0.00;0.00;0.00;0.0;0.0
122.919;192;1320;41;54120;5.5;19.700;1.340;30;74;9;0;100;101;100;106;100;107;100;50;50;0;1.930;1.930;0.000;0.000;14.700;1.000;8.5;0.0;0;31;3.000;3.134;12.6;150;0;0;-8.4;0;0;0;0;0;99;0;0;1863;84.68;0;0;0;0;0;0;0;0;0;0;0;0;0;0;0;0;31;0;41.0;41.0;2;0;0.00;0.00;0.00;0.0;0.0
122.919;192;1335;40;53400;5.5;19.700;1.340;30;74;9;0;100;101;100;106;100;107;100;50;50;0;1.922;1.922;0.000;0.000;14.700;1.000;8.6;0.0;0;31;3.000;2.780;12.6;200;0;0;-8.6;0;0;0;0;0;99;0;0;1863;83.73;0;0;0;0;0;0;0;0;0;0;0;0;0;0;0;0;31;0;40.0;40.0;2;0;0.00;0.00;0.00;0.0;0.0
123.054;192;1348;39;52572;5.5;19.700;1.340;30;74;9;0;100;101;100;106;100;107;100;49;49;0;1.966;1.966;0.000;0.000;14.700;1.000;8.8;0.0;0;32;3.000;2.976;12.1;200;0;0;-8.7;0;0;0;0;0;99;0;0;1863;82.92;0;0;0;0;0;0;0;0;0;0;0;0;0;0;0;0;32;0;39.0;39.0;2;0;0.00;0.00;0.00;0.0;0.0
123.054;192;1361;39;53079;5.5;19.700;1.340;30;74;9;0;100;101;100;106;100;107;100;49;49;0;1.966;1.966;0.000;0.000;14.700;1.000;8.9;0.0;0;31;3.000;3.008;12.1;180;0;0;-8.7;0;0;0;0;0;99;0;0;1863;82.13;0;0;0;0;0;0;0;0;0;0;0;0;0;0;0;0;31;0;39.0;39.0;2;0;0.00;0.00;0.00;0.0;0.0
123.187;192;1400;38;53200;5.5;19.700;1.340;30;74;9;0;100;101;100;106;100;107;100;49;49;0;1.957;1.957;0.000;0.000;14.700;1.000;9.1;0.0;0;32;3.000;2.978;12.1;340;0;0;-8.8;0;0;0;0;0;99;0;0;1863;79.84;0;0;0;0;0;0;0;0;0;0;0;0;0;0;0;0;32;0;38.0;38.0;2;0;0.00;0.00;0.00;0.0;0.0
123.255;192;1428;37;52836;5.5;19.700;1.340;30;74;9;0;100;101;100;106;100;107;100;48;48;0;1.926;1.926;0.000;0.000;14.700;1.000;9.2;0.0;0;32;3.000;3.116;12.1;340;0;0;-9.0;0;0;0;0;0;99;0;0;1863;78.28;0;0;0;0;0;0;0;0;0;0;0;0;0;0;0;0;32;0;37.0;37.0;2;0;0.00;0.00;0.00;0.0;0.0
123.322;192;1434;37;53058;5.5;19.700;1.340;30;75;9;0;100;101;100;105;100;106;100;48;48;0;1.875;1.875;0.000;0.000;14.700;1.000;9.0;0.0;0;33;3.000;2.851;12.5;550;0;0;-9.0;0;0;0;0;0;99;0;0;1863;77.95;0;0;0;0;0;0;0;0;0;0;0;0;0;0;0;0;33;0;37.0;37.0;2;0;0.00;0.00;0.00;0.0;0.0
123.390;192;1455;37;53835;5.5;19.700;1.340;30;75;9;0;100;101;100;105;100;106;100;48;48;0;1.875;1.875;0.000;0.000;14.700;1.000;9.1;0.0;0;33;3.000;2.906;12.5;230;0;0;-9.0;0;0;0;0;0;99;0;0;1863;76.82;0;0;0;0;0;0;0;0;0;0;0;0;0;0;0;0;33;0;37.0;37.0;2;0;0.00;0.00;0.00;0.0;0.0
123.456;192;1463;36;52668;5.5;19.700;1.340;30;75;9;0;100;101;100;105;100;106;100;48;48;0;1.867;1.867;0.000;0.000;14.700;1.000;9.1;0.0;0;33;3.000;2.908;12.5;230;0;0;-9.1;0;0;0;0;0;99;0;0;1863;76.40;0;0;0;0;0;0;0;0;0;0;0;0;0;0;0;0;33;0;36.0;36.0;2;0;0.00;0.00;0.00;0.0;0.0
123.523;192;1466;36;52776;5.5;19.000;1.293;30;75;9;0;100;101;100;105;100;106;100;48;48;0;1.939;1.939;0.000;0.000;14.700;1.000;9.5;0.0;0;33;3.030;3.063;12.0;130;0;0;-9.1;0;0;0;0;0;99;0;0;1863;76.25;0;0;0;0;0;0;0;0;0;0;0;0;0;0;0;0;33;0;36.0;36.0;2;0;0.00;0.00;0.00;0.0;0.0
123.588;192;1476;36;53136;5.5;17.500;1.190;30;75;9;0;100;101;100;105;100;106;100;48;48;0;1.939;1.939;0.000;0.000;14.700;1.000;9.5;0.0;0;33;3.030;3.070;12.0;-10;0;0;-9.1;0;0;0;0;0;99;0;0;1863;75.73;0;0;0;0;0;0;0;0;0;0;0;0;0;0;0;0;33;0;36.0;36.0;2;0;0.00;0.00;0.00;0.0;0.0
123.588;192;1469;36;52884;5.5;16.500;1.122;30;75;9;0;100;101;100;105;100;106;100;48;48;0;1.939;1.939;0.000;0.000;14.700;1.000;9.5;0.0;0;33;3.030;2.876;12.0;-10;0;0;-9.1;0;0;0;0;0;99;0;0;1863;76.09;0;0;0;0;0;0;0;0;0;0;0;0;0;0;0;0;33;0;36.0;36.0;2;0;0.00;0.00;0.00;0.0;0.0
123.722;192;1480;36;53280;5.5;16.100;1.095;30;75;9;0;100;101;100;105;100;106;100;48;48;0;1.939;1.939;0.000;0.000;14.700;1.000;9.6;0.0;0;33;3.030;2.972;12.0;160;0;0;-9.1;0;0;0;0;0;99;0;0;1863;75.53;0;0;0;0;0;0;0;0;0;0;0;0;0;0;0;0;33;0;36.0;36.0;2;0;0.00;0.00;0.00;0.0;0.0
123.788;193;1500;35;52500;5.5;15.500;1.054;30;75;9;0;100;101;100;105;100;106;100;47;47;0;1.852;1.852;0.000;0.000;14.700;1.000;9.3;0.0;0;34;3.000;2.930;12.5;160;0;0;-9.3;0;0;0;0;0;99;0;0;1844;73.76;0;0;0;0;0;0;0;0;0;0;0;0;0;0;0;0;34;0;35.0;35.0;2;0;0.00;0.00;0.00;0.0;0.0
123.854;193;1502;35;52570;5.5;15.500;1.054;30;75;9;0;100;101;100;105;100;106;100;47;47;0;1.852;1.852;0.000;0.000;14.700;1.000;9.3;0.0;0;34;3.000;3.023;12.5;160;0;0;-9.3;0;0;0;0;0;99;0;0;1844;73.66;0;0;0;0;0;0;0;0;0;0;0;0;0;0;0;0;34;0;35.0;35.0;2;0;0.00;0.00;0.00;0.0;0.0
123.854;193;1520;35;53200;5.5;16.300;1.109;30;75;9;0;100;101;100;105;100;106;100;48;48;0;1.858;1.858;0.000;0.000;14.700;1.000;9.4;0.0;0;34;3.000;2.930;12.5;70;0;0;-9.3;0;0;0;0;0;99;0;0;1844;72.79;0;0;0;0;0;0;0;0;0;0;0;0;0;0;0;0;34;0;35.0;35.0;2;0;0.00;0.00;0.00;0.0;0.0
123.989;193;1527;35;53445;5.5;17.000;1.156;30;75;9;0;100;101;100;105;100;106;100;48;48;0;1.858;1.858;0.000;0.000;14.700;1.000;9.5;0.0;0;34;3.000;2.903;12.5;180;0;0;-9.3;0;0;0;0;0;99;0;0;1844;72.46;0;0;0;0;0;0;0;0;0;0;0;0;0;0;0;0;34;0;35.0;35.0;2;0;0.00;0.00;0.00;0.0;0.0
124.055;193;1527;35;53445;5.5;18.300;1.245;30;75;9;0;100;101;100;105;100;106;100;48;48;0;1.822;1.822;0.000;0.000;14.700;1.000;9.3;0.0;0;34;3.000;2.773;12.8;180;0;0;-9.3;0;0;0;0;0;99;0;0;1844;72.46;0;0;0;0;0;0;0;0;0;0;0;0;0;0;0;0;34;0;35.0;35.0;2;0;0.00;0.00;0.00;0.0;0.0
124.125;193;1523;35;53305;5.5;17.100;1.163;30;75;9;0;100;101;100;105;100;106;100;48;48;0;1.822;1.822;0.000;0.000;14.700;1.000;9.2;0.0;0;34;3.000;2.697;12.8;30;0;0;-9.3;0;0;0;0;0;99;0;0;1844;72.65;0;0;0;0;0;0;0;0;0;0;0;0;0;0;0;0;34;0;35.0;35.0;2;0;0.00;0.00;0.00;0.0;0.0
124.194;193;1514;35;52990;5.5;14.000;0.952;30;75;9;0;100;101;100;105;100;106;100;47;47;0;1.816;1.816;0.000;0.000;14.700;1.000;9.2;0.0;0;34;3.000;2.888;12.8;-90;0;0;-9.3;0;0;0;0;0;99;0;0;1844;73.08;0;0;0;0;0;0;0;0;0;0;0;0;0;0;0;0;34;0;35.0;35.0;2;0;0.00;0.00;0.00;0.0;0.0
124.260;193;1508;35;52780;5.5;13.800;0.939;30;75;9;0;100;101;100;105;100;106;100;47;47;0;1.816;1.816;0.000;0.000;14.700;1.000;9.1;0.0;0;34;3.000;2.808;12.8;-90;0;0;-9.3;0;0;0;0;0;99;0;0;1844;73.37;0;0;0;0;0;0;0;0;0;0;0;0;0;0;0;0;34;0;35.0;35.0;2;0;0.00;0.00;0.00;0.0;0.0
124.325;193;1501;35;52535;5.5;13.100;0.891;30;75;9;0;100;101;100;105;100;106;100;47;47;0;1.804;1.804;0.000;0.000;14.700;1.000;9.0;0.0;0;34;3.000;2.883;12.9;-60;0;0;-9.3;0;0;0;0;0;99;0;0;1844;73.71;0;0;0;0;0;0;0;0;0;0;0;0;0;0;0;0;34;0;35.0;35.0;2;0;0.00;0.00;0.00;0.0;0.0
124.393;193;1477;35;51695;5.5;14.300;0.973;30;75;9;0;100;101;100;105;100;106;100;47;47;0;1.804;1.804;0.000;0.000;14.700;1.000;8.9;0.0;0;33;3.000;2.541;12.9;-310;0;0;-9.3;0;0;0;0;0;99;0;0;1844;74.91;0;0;0;0;0;0;0;0;0;0;0;0;0;0;0;0;33;0;35.0;35.0;2;0;0.00;0.00;0.00;0.0;0.0
124.462;193;1469;35;51415;5.5;13.900;0.946;30;75;9;0;100;101;100;105;100;106;100;47;47;0;1.804;1.804;0.000;0.000;14.700;1.000;8.8;0.0;0;33;3.000;2.781;12.9;-310;0;0;-9.3;0;0;0;0;0;99;0;0;1844;75.32;0;0;0;0;0;0;0;0;0;0;0;0;0;0;0;0;33;0;35.0;35.0;2;0;0.00;0.00;0.00;0.0;0.0
124.525;193;1457;36;52452;5.5;14.300;0.973;30;75;9;0;100;101;100;105;100;106;100;48;48;0;1.819;1.819;0.000;0.000;14.700;1.000;8.8;0.0;0;33;3.000;2.745;12.9;-60;0;0;-9.1;0;0;0;0;0;99;0;0;1844;75.94;0;0;0;0;0;0;0;0;0;0;0;0;0;0;0;0;33;0;36.0;36.0;2;0;0.00;0.00;0.00;0.0;0.0
124.591;193;1446;36;52056;5.5;14.600;0.993;30;75;9;0;100;101;100;105;100;106;100;47;47;0;1.799;1.799;0.000;0.000;14.700;1.000;8.7;0.0;0;33;3.000;2.856;13.0;-250;0;0;-9.1;0;0;0;0;0;99;0;0;1844;76.51;0;0;0;0;0;0;0;0;0;0;0;0;0;0;0;0;33;0;36.0;36.0;2;0;0.00;0.00;0.00;0.0;0.0
124.656;193;1447;36;52092;5.5;18.300;1.245;30;75;9;0;100;101;100;105;100;106;100;47;47;0;1.799;1.799;0.000;0.000;14.700;1.000;8.7;0.0;0;33;3.000;2.813;13.0;-250;0;0;-9.1;0;0;0;0;0;99;0;0;1844;76.46;0;0;0;0;0;0;0;0;0;0;0;0;0;0;0;0;33;0;36.0;36.0;2;0;0.00;0.00;0.00;0.0;0.0
124.722;193;1425;36;51300;5.5;19.500;1.327;30;75;9;0;100;101;100;105;100;106;100;47;47;0;1.799;1.799;0.000;0.000;14.700;1.000;8.5;0.0;0;33;3.000;2.917;13.0;-90;0;0;-9.1;0;0;0;0;0;99;0;0;1844;77.64;0;0;0;0;0;0;0;0;0;0;0;0;0;0;0;0;33;0;36.0;36.0;2;0;0.00;0.00;0.00;0.0;0.0
124.788;194;1408;37;52096;5.5;19.700;1.340;30;75;9;0;100;101;100;105;100;106;100;48;48;0;1.827;1.827;0.000;0.000;14.700;1.000;8.6;0.0;0;32;3.000;2.724;12.9;-290;0;0;-9.0;0;0;0;0;0;99;0;0;1862;79.35;0;0;0;0;0;0;0;0;0;0;0;0;0;0;0;0;32;0;37.0;37.0;2;0;0.00;0.00;0.00;0.0;0.0
124.857;194;1385;37;51245;5.5;19.100;1.299;30;75;9;0;100;101;100;105;100;106;100;48;48;0;1.827;1.827;0.000;0.000;14.700;1.000;8.4;0.0;0;32;3.000;2.620;12.9;-290;0;0;-9.0;0;0;0;0;0;99;0;0;1862;80.66;0;0;0;0;0;0;0;0;0;0;0;0;0;0;0;0;32;0;37.0;37.0;2;0;0.00;0.00;0.00;0.0;0.0
124.923;194;1362;38;51756;5.5;19.600;1.333;30;75;9;0;100;101;100;105;100;106;100;48;48;0;1.844;1.844;0.000;0.000;14.700;1.000;8.4;0.0;0;32;3.000;2.910;12.9;-330;0;0;-8.8;0;0;0;0;0;99;0;0;1862;82.03;0;0;0;0;0;0;0;0;0;0;0;0;0;0;0;0;32;0;38.0;38.0;2;0;0.00;0.00;0.00;0.0;0.0
124.992;194;1338;38;50844;5.5;19.400;1.320;30;75;9;0;100;101;100;105;100;106;100;48;48;0;1.844;1.844;0.000;0.000;14.700;1.000;8.2;0.0;0;32;3.000;2.930;12.9;-370;0;0;-8.8;0;0;0;0;0;99;0;0;1862;83.50;0;0;0;0;0;0;0;0;0;0;0;0;0;0;0;0;32;0;38.0;38.0;2;0;0.00;0.00;0.00;0.0;0.0
125.058;194;1314;39;51246;5.5;19.700;1.340;30;75;9;0;100;101;100;105;100;106;100;49;49;0;1.854;1.854;0.000;0.000;14.700;1.000;8.1;0.0;0;31;3.000;2.698;13.0;-370;0;0;-8.7;0;0;0;0;0;99;0;0;1862;85.02;0;0;0;0;0;0;0;0;0;0;0;0;0;0;0;0;31;0;39.0;39.0;2;0;0.00;0.00;0.00;0.0;0.0
125.126;194;1292;39;50388;5.5;19.700;1.340;30;75;9;0;100;101;100;105;100;106;100;49;49;0;1.854;1.854;0.000;0.000;14.700;1.000;8.0;0.0;0;31;3.000;2.755;13.0;-380;0;0;-8.7;0;0;0;0;0;99;0;0;1862;86.47;0;0;0;0;0;0;0;0;0;0;0;0;0;0;0;0;31;0;39.0;39.0;2;0;0.00;0.00;0.00;0.0;0.0
125.193;194;1263;41;51783;5.5;19.700;1.340;30;75;9;0;100;101;100;105;100;106;100;50;50;0;1.879;1.879;0.000;0.000;14.700;1.000;7.9;0.0;0;31;3.000;2.775;13.0;-380;0;0;-8.4;0;0;0;0;0;99;0;0;1862;88.46;0;0;0;0;0;0;0;0;0;0;0;0;0;0;0;0;31;0;41.0;41.0;2;0;0.00;0.00;0.00;0.0;0.0
125.193;194;1239;42;52038;5.5;19.700;1.340;30;75;9;0;100;101;100;105;100;106;100;50;50;0;1.897;1.897;0.000;0.000;14.700;1.000;7.8;0.0;0;30;3.000;2.775;13.0;-370;0;0;-8.3;0;0;0;0;0;99;0;0;1862;90.17;0;0;0;0;0;0;0;0;0;0;0;0;0;0;0;0;30;0;42.0;42.0;2;0;0.00;0.00;0.00;0.0;0.0
125.328;194;1190;43;51170;5.5;19.700;1.340;30;75;9;0;100;101;100;105;100;106;100;51;51;0;2.009;2.009;0.000;0.000;14.700;1.000;8.0;0.0;0;31;3.000;2.437;12.2;-300;0;0;-8.1;0;0;0;0;0;99;0;0;1862;93.88;0;0;0;0;0;0;0;0;0;0;0;0;0;0;0;0;31;0;43.0;43.0;2;0;0.00;0.00;0.00;0.0;0.0
125.397;194;1179;43;50697;5.5;19.700;1.340;30;75;9;0;100;101;100;105;100;106;100;51;51;0;2.009;2.009;0.000;0.000;14.700;1.000;7.9;0.0;0;31;3.000;2.745;12.2;-300;0;0;-8.1;0;0;0;0;0;99;0;0;1862;94.76;0;0;0;0;0;0;0;0;0;0;0;0;0;0;0;0;31;0;43.0;43.0;2;0;0.00;0.00;0.00;0.0;0.0
125.397;194;1182;44;52008;5.5;19.700;1.340;30;75;9;0;100;101;100;105;100;106;100;51;51;0;2.018;2.018;0.000;0.000;14.700;1.000;8.0;0.0;0;30;3.000;2.983;12.2;-540;0;0;-8.0;0;0;0;0;0;99;0;0;1862;94.52;0;0;0;0;0;0;0;0;0;0;0;0;0;0;0;0;30;0;44.0;44.0;2;0;0.00;0.00;0.00;0.0;0.0
125.525;194;1181;44;51964;5.5;19.700;1.340;30;75;9;0;100;101;100;105;100;106;100;51;51;0;2.018;2.018;0.000;0.000;14.700;1.000;7.9;0.0;0;30;3.000;2.827;12.2;10;0;0;-8.0;0;0;0;0;0;99;0;0;1862;94.60;0;0;0;0;0;0;0;0;0;0;0;0;0;0;0;0;30;0;44.0;44.0;2;0;0.00;0.00;0.00;0.0;0.0
125.525;194;1179;45;53055;5.5;19.700;1.340;30;75;9;0;100;101;100;105;100;106;100;51;51;0;2.072;2.072;0.000;0.000;14.700;1.000;8.1;0.0;0;30;3.030;2.879;12.0;10;0;0;-7.8;0;0;0;0;0;99;0;0;1862;94.76;0;0;0;0;0;0;0;0;0;0;0;0;0;0;0;0;30;0;45.0;45.0;2;0;0.00;0.00;0.00;0.0;0.0
125.659;194;1207;44;53108;5.5;19.700;1.340;30;75;9;0;100;101;100;105;100;106;100;51;51;0;2.054;2.054;0.000;0.000;14.700;1.000;8.3;0.0;0;30;3.030;3.151;12.0;-10;0;0;-8.0;0;0;0;0;0;99;0;0;1862;92.56;0;0;0;0;0;0;0;0;0;0;0;0;0;0;0;0;30;0;44.0;44.0;2;0;0.00;0.00;0.00;0.0;0.0
125.726;194;1230;44;54120;5.5;19.700;1.340;30;75;9;0;100;101;100;105;100;106;100;51;51;0;2.054;2.054;0.000;0.000;14.700;1.000;8.4;0.0;0;30;3.030;3.137;12.0;510;0;0;-8.0;0;0;0;0;0;99;0;0;1862;90.83;0;0;0;0;0;0;0;0;0;0;0;0;0;0;0;0;30;0;44.0;44.0;2;0;0.00;0.00;0.00;0.0;0.0
125.791;194;1258;43;54094;5.5;19.700;1.340;30;75;9;0;100;101;100;105;100;106;100;51;51;0;2.045;2.045;0.000;0.000;14.700;1.000;8.6;0.0;0;31;3.030;3.167;12.0;510;0;0;-8.1;0;0;0;0;0;99;0;0;1862;88.81;0;0;0;0;0;0;0;0;0;0;0;0;0;0;0;0;31;0;43.0;43.0;2;0;0.00;0.00;0.00;0.0;0.0
125.857;195;1277;42;53634;5.5;19.700;1.340;30;75;9;0;100;101;100;105;100;106;100;50;50;0;1.945;1.945;0.000;0.000;14.700;1.000;8.3;0.0;0;31;3.000;3.086;12.6;390;0;0;-8.3;0;0;0;0;0;99;0;0;1841;86.50;0;0;0;0;0;0;0;0;0;0;0;0;0;0;0;0;31;0;42.0;42.0;2;0;0.00;0.00;0.00;0.0;0.0
125.927;195;1301;41;53341;5.5;19.700;1.340;30;75;9;0;100;101;100;105;100;106;100;50;50;0;1.927;1.927;0.000;0.000;14.700;1.000;8.4;0.0;0;31;3.000;2.928;12.6;300;0;0;-8.4;0;0;0;0;0;99;0;0;1841;84.90;0;0;0;0;0;0;0;0;0;0;0;0;0;0;0;0;31;0;41.0;41.0;2;0;0.00;0.00;0.00;0.0;0.0
125.992;195;1327;40;53080;5.5;19.700;1.340;30;75;9;0;100;101;100;105;100;106;100;50;50;0;1.918;1.918;0.000;0.000;14.700;1.000;8.5;0.0;0;31;3.000;2.870;12.6;300;0;0;-8.6;0;0;0;0;0;99;0;0;1841;83.24;0;0;0;0;0;0;0;0;0;0;0;0;0;0;0;0;31;0;40.0;40.0;2;0;0.00;0.00;0.00;0.0;0.0
126.061;195;1351;40;54040;5.5;19.700;1.340;30;75;9;0;100;101;100;105;100;106;100;50;50;0;1.882;1.882;0.000;0.000;14.700;1.000;8.5;0.0;0;31;3.000;2.925;12.9;230;0;0;-8.6;0;0;0;0;0;99;0;0;1841;81.76;0;0;0;0;0;0;0;0;0;0;0;0;0;0;0;0;31;0;40.0;40.0;2;0;0.00;0.00;0.00;0.0;0.0
126.130;195;1372;39;53508;5.5;19.700;1.340;30;75;9;0;100;101;100;105;100;106;100;49;49;0;1.866;1.866;0.000;0.000;14.700;1.000;8.5;0.0;0;32;3.000;3.203;12.9;310;0;0;-8.7;0;0;0;0;0;99;0;0;1841;80.51;0;0;0;0;0;0;0;0;0;0;0;0;0;0;0;0;32;0;39.0;39.0;2;0;0.00;0.00;0.00;0.0;0.0
126.195;195;1369;38;52022;5.5;16.600;1.129;30;75;9;0;100;101;100;105;100;106;100;48;48;0;1.844;1.844;0.000;0.000;14.700;1.000;8.4;0.0;0;32;3.000;2.819;12.9;310;0;0;-8.8;0;0;0;0;0;99;0;0;1841;80.69;0;0;0;0;0;0;0;0;0;0;0;0;0;0;0;0;32;0;38.0;38.0;2;0;0.00;0.00;0.00;0.0;0.0
126.259;195;1388;38;52744;5.5;17.300;1.177;30;75;9;0;100;101;100;105;100;106;100;49;49;0;1.858;1.858;0.000;0.000;14.700;1.000;8.6;0.0;0;32;3.000;2.909;12.9;330;0;0;-8.8;0;0;0;0;0;99;0;0;1841;79.58;0;0;0;0;0;0;0;0;0;0;0;0;0;0;0;0;32;0;38.0;38.0;2;0;0.00;0.00;0.00;0.0;0.0
126.328;195;1377;38;52326;5.5;18.200;1.238;30;75;9;0;100;101;100;105;100;106;100;49;49;0;1.858;1.858;0.000;0.000;14.700;1.000;8.5;0.0;0;32;3.000;2.869;12.9;-90;0;0;-8.8;0;0;0;0;0;99;0;0;1841;80.22;0;0;0;0;0;0;0;0;0;0;0;0;0;0;0;0;32;0;38.0;38.0;2;0;0.00;0.00;0.00;0.0;0.0
126.395;195;1372;38;52136;5.5;18.100;1.231;30;75;9;0;100;101;100;105;100;106;100;49;49;0;1.858;1.858;0.000;0.000;14.700;1.000;8.5;0.0;0;32;3.000;3.081;12.9;-90;0;0;-8.8;0;0;0;0;0;99;0;0;1841;80.51;0;0;0;0;0;0;0;0;0;0;0;0;0;0;0;0;32;0;38.0;38.0;2;0;0.00;0.00;0.00;0.0;0.0
126.462;195;1365;38;51870;5.5;18.900;1.286;30;75;9;0;100;101;100;105;100;106;100;49;49;0;1.858;1.858;0.000;0.000;14.700;1.000;8.5;0.0;0;32;3.000;2.807;12.9;-30;0;0;-8.8;0;0;0;0;0;99;0;0;1841;80.92;0;0;0;0;0;0;0;0;0;0;0;0;0;0;0;0;32;0;38.0;38.0;2;0;0.00;0.00;0.00;0.0;0.0
126.531;195;1344;38;51072;5.5;18.900;1.286;30;75;9;0;100;101;100;105;100;106;100;49;49;0;1.858;1.858;0.000;0.000;14.700;1.000;8.3;0.0;0;32;3.000;2.780;12.9;-300;0;0;-8.8;0;0;0;0;0;99;0;0;1841;82.19;0;0;0;0;0;0;0;0;0;0;0;0;0;0;0;0;32;0;38.0;38.0;2;0;0.00;0.00;0.00;0.0;0.0
126.593;195;1330;39;51870;5.5;18.900;1.286;30;75;9;0;100;101;100;105;100;106;100;49;49;0;1.854;1.854;0.000;0.000;14.700;1.000;8.2;0.0;0;31;3.000;2.842;13.0;-300;0;0;-8.7;0;0;0;0;0;99;0;0;1841;83.05;0;0;0;0;0;0;0;0;0;0;0;0;0;0;0;0;31;0;39.0;39.0;2;0;0.00;0.00;0.00;0.0;0.0
126.659;195;1324;39;51636;5.5;19.400;1.320;30;75;9;0;100;101;100;105;100;106;100;49;49;0;1.854;1.854;0.000;0.000;14.700;1.000;8.2;0.0;0;31;3.000;2.897;13.0;-160;0;0;-8.7;0;0;0;0;0;99;0;0;1841;83.43;0;0;0;0;0;0;0;0;0;0;0;0;0;0;0;0;31;0;39.0;39.0;2;0;0.00;0.00;0.00;0.0;0.0
126.725;195;1266;40;50640;5.5;19.700;1.340;30;75;9;0;100;101;100;105;100;106;100;49;49;0;1.863;1.863;0.000;0.000;14.700;1.000;7.9;0.0;0;31;3.000;2.537;13.0;-620;0;0;-8.6;0;0;0;0;0;99;0;0;1841;87.25;0;0;0;0;0;0;0;0;0;0;0;0;0;0;0;0;31;0;40.0;40.0;2;0;0.00;0.00;0.00;0.0;0.0
126.790;195;1250;41;51250;5.5;19.700;1.340;30;75;9;0;100;101;100;105;100;106;100;50;50;0;1.879;1.879;0.000;0.000;14.700;1.000;7.8;0.0;0;31;3.000;2.842;13.0;-620;0;0;-8.4;0;0;0;0;0;99;0;0;1841;88.37;0;0;0;0;0;0;0;0;0;0;0;0;0;0;0;0;31;0;41.0;41.0;2;0;0.00;0.00;0.00;0.0;0.0
126.855;196;1221;42;51282;5.5;19.700;1.340;30;75;9;0;100;101;100;105;100;106;100;50;50;0;1.885;1.885;0.000;0.000;14.700;1.000;7.7;0.0;0;30;3.000;2.622;13.1;-330;0;0;-8.3;0;0;0;0;0;99;0;0;1859;91.35;0;0;0;0;0;0;0;0;0;0;0;0;0;0;0;0;30;0;42.0;42.0;2;0;0.00;0.00;0.00;0.0;0.0
126.855;196;1187;43;51041;5.5;19.700;1.340;30;75;9;0;100;101;100;105;100;106;100;51;51;0;1.901;1.901;0.000;0.000;14.700;1.000;7.5;0.0;0;31;3.000;2.763;13.1;-460;0;0;-8.1;0;0;0;0;0;99;0;0;1859;93.97;0;0;0;0;0;0;0;0;0;0;0;0;0;0;0;0;31;0;43.0;43.0;2;0;0.00;0.00;0.00;0.0;0.0
126.991;196;1186;44;52184;5.5;19.700;1.340;30;75;9;0;100;101;100;105;100;106;100;51;51;0;1.910;1.910;0.000;0.000;14.700;1.000;7.6;0.0;0;30;3.000;2.871;13.1;-460;0;0;-8.0;0;0;0;0;0;99;0;0;1859;94.05;0;0;0;0;0;0;0;0;0;0;0;0;0;0;0;0;30;0;44.0;44.0;2;0;0.00;0.00;0.00;0.0;0.0
127.056;196;1144;44;50336;5.5;19.700;1.340;30;75;9;0;100;101;100;105;100;106;100;51;51;0;1.910;1.910;0.000;0.000;14.700;1.000;7.3;0.0;0;30;3.000;2.571;13.1;-270;0;0;-8.0;0;0;0;0;0;99;0;0;1859;97.50;0;0;0;0;0;0;0;0;0;0;0;0;0;0;0;0;30;0;44.0;44.0;2;0;0.00;0.00;0.00;0.0;0.0
127.056;196;1135;45;51075;5.5;19.700;1.340;30;75;9;0;100;101;100;105;100;106;100;51;51;0;1.928;1.928;0.000;0.000;14.700;1.000;7.3;0.0;0;30;3.000;2.854;13.1;-270;0;0;-7.8;0;0;0;0;0;99;0;0;1859;98.27;0;0;0;0;0;0;0;0;0;0;0;0;0;0;0;0;30;0;45.0;45.0;2;0;0.00;0.00;0.00;0.0;0.0
127.191;196;1151;46;52946;5.5;19.700;1.340;30;75;9;0;100;101;100;105;100;106;100;52;52;0;1.954;1.954;0.000;0.000;14.700;1.000;7.5;0.0;0;30;3.000;2.878;13.1;-250;0;0;-7.7;0;0;0;0;0;99;0;0;1859;96.91;0;0;0;0;0;0;0;0;0;0;0;0;0;0;0;0;30;0;46.0;46.0;2;0;0.00;0.00;0.00;0.0;0.0
127.257;196;1075;46;49450;5.5;19.600;1.333;30;75;9;0;100;101;100;105;100;106;100;51;51;0;1.937;1.937;0.000;0.000;14.700;1.000;6.9;0.0;0;30;3.000;2.203;13.1;-450;0;0;-7.7;0;0;0;0;0;99;0;0;1859;103.76;0;0;0;0;0;0;0;0;0;0;0;0;0;0;0;0;30;0;46.0;46.0;2;0;0.00;0.00;0.00;0.0;0.0
127.323;196;1102;48;52896;5.5;19.700;1.340;30;75;9;0;100;101;100;105;100;106;100;53;53;0;1.982;1.982;0.000;0.000;14.500;0.986;7.3;0.0;0;30;3.000;3.287;13.1;-450;0;0;-7.4;0;0;0;0;0;99;0;0;1859;101.22;0;0;0;0;0;0;0;0;0;0;0;0;0;0;0;0;30;0;48.0;48.0;2;0;0.00;0.00;0.00;0.0;0.0
127.388;196;1124;47;52828;5.5;19.700;1.340;30;75;9;0;100;101;100;105;100;106;100;53;53;0;2.008;2.008;0.000;0.000;14.600;0.993;7.5;0.0;0;30;3.000;3.149;12.8;120;0;0;-7.5;0;0;0;0;0;99;0;0;1859;99.23;0;0;0;0;0;0;0;0;0;0;0;0;0;0;0;0;30;0;47.0;47.0;2;0;0.00;0.00;0.00;0.0;0.0
127.454;196;1089;47;51183;5.5;19.700;1.340;30;75;9;0;100;101;100;105;100;106;100;52;52;0;1.999;1.999;0.000;0.000;14.600;0.993;7.3;0.0;0;30;3.000;2.415;12.8;100;0;0;-7.5;0;0;0;0;0;99;0;0;1859;102.42;0;0;0;0;0;0;0;0;0;0;0;0;0;0;0;0;30;0;47.0;47.0;2;0;0.00;0.00;0.00;0.0;0.0
127.454;196;1124;47;52828;5.5;19.700;1.340;30;75;9;0;100;101;100;105;100;106;100;53;53;0;2.008;2.008;0.000;0.000;14.600;0.993;7.5;0.0;0;30;3.000;3.179;12.8;100;0;0;-7.5;0;0;0;0;0;99;0;0;1859;99.23;0;0;0;0;0;0;0;0;0;0;0;0;0;0;0;0;30;0;47.0;47.0;2;0;0.00;0.00;0.00;0.0;0.0
127.589;196;1158;47;54426;5.5;19.700;1.340;30;75;9;0;100;101;100;105;100;106;100;53;53;0;1.984;1.984;0.000;0.000;14.600;0.993;7.7;0.0;0;30;3.000;3.172;13.0;120;0;0;-7.5;0;0;0;0;0;99;0;0;1859;96.32;0;0;0;0;0;0;0;0;0;0;0;0;0;0;0;0;30;0;47.0;47.0;2;0;0.00;0.00;0.00;0.0;0.0
127.658;196;1152;46;52992;5.5;19.700;1.340;30;75;9;0;100;101;100;105;100;106;100;52;52;0;1.966;1.966;0.000;0.000;14.700;1.000;7.5;0.0;0;30;3.000;3.005;13.0;340;0;0;-7.7;0;0;0;0;0;99;0;0;1859;96.82;0;0;0;0;0;0;0;0;0;0;0;0;0;0;0;0;30;0;46.0;46.0;2;0;0.00;0.00;0.00;0.0;0.0
127.724;196;1180;46;54280;5.5;19.700;1.340;30;75;9;0;100;101;100;105;100;106;100;52;52;0;1.966;1.966;0.000;0.000;14.700;1.000;7.7;0.0;0;30;3.000;3.075;13.0;340;0;0;-7.7;0;0;0;0;0;99;0;0;1859;94.53;0;0;0;0;0;0;0;0;0;0;0;0;0;0;0;0;30;0;46.0;46.0;2;0;0.00;0.00;0.00;0.0;0.0
127.789;196;1209;45;54405;5.5;19.700;1.340;30;75;9;0;100;101;100;105;100;106;100;52;52;0;1.956;1.956;0.000;0.000;14.700;1.000;7.9;0.0;0;30;3.000;3.102;13.0;360;0;0;-7.8;0;0;0;0;0;99;0;0;1859;92.26;0;0;0;0;0;0;0;0;0;0;0;0;0;0;0;0;30;0;45.0;45.0;2;0;0.00;0.00;0.00;0.0;0.0
127.855;197;1195;44;52580;5.5;19.700;1.340;30;75;9;0;100;101;100;105;100;106;100;51;51;0;1.910;1.910;0.000;0.000;14.700;1.000;7.6;0.0;0;30;3.000;2.694;13.1;140;0;0;-8.0;0;0;0;0;0;99;0;0;1866;93.69;0;0;0;0;0;0;0;0;0;0;0;0;0;0;0;0;30;0;44.0;44.0;2;0;0.00;0.00;0.00;0.0;0.0
127.924;197;1217;44;53548;5.5;19.700;1.340;30;75;9;0;100;101;100;105;100;106;100;51;51;0;1.910;1.910;0.000;0.000;14.700;1.000;7.7;0.0;0;30;3.000;3.085;13.1;140;0;0;-8.0;0;0;0;0;0;99;0;0;1866;92.00;0;0;0;0;0;0;0;0;0;0;0;0;0;0;0;0;30;0;44.0;44.0;2;0;0.00;0.00;0.00;0.0;0.0
127.924;197;1240;43;53320;5.5;19.700;1.340;30;75;9;0;100;101;100;105;100;106;100;51;51;0;1.901;1.901;0.000;0.000;14.700;1.000;7.9;0.0;0;30;3.000;3.120;13.1;140;0;0;-8.1;0;0;0;0;0;99;0;0;1866;90.29;0;0;0;0;0;0;0;0;0;0;0;0;0;0;0;0;30;0;43.0;43.0;2;0;0.00;0.00;0.00;0.0;0.0
127.990;197;1234;43;53062;5.5;19.700;1.340;30;75;9;0;100;101;100;105;100;106;100;51;51;0;1.901;1.901;0.000;0.000;14.700;1.000;7.8;0.0;0;31;3.000;2.803;13.1;220;0;0;-8.1;0;0;0;0;0;99;0;0;1866;90.73;0;0;0;0;0;0;0;0;0;0;0;0;0;0;0;0;31;0;43.0;43.0;2;0;0.00;0.00;0.00;0.0;0.0
128.121;197;1243;43;53449;5.5;19.700;1.340;30;75;9;0;100;101;100;105;100;106;100;51;51;0;1.913;1.913;0.000;0.000;14.700;1.000;7.9;0.0;0;30;3.000;2.755;13.0;220;0;0;-8.1;0;0;0;0;0;99;0;0;1866;90.07;0;0;0;0;0;0;0;0;0;0;0;0;0;0;0;0;30;0;43.0;43.0;2;0;0.00;0.00;0.00;0.0;0.0
128.186;197;1248;42;52416;5.5;19.700;1.340;30;75;9;0;100;101;100;105;100;106;100;50;50;0;1.897;1.897;0.000;0.000;14.700;1.000;7.9;0.0;0;30;3.000;2.982;13.0;30;0;0;-8.3;0;0;0;0;0;99;0;0;1866;89.71;0;0;0;0;0;0;0;0;0;0;0;0;0;0;0;0;30;0;42.0;42.0;2;0;0.00;0.00;0.00;0.0;0.0
128.256;197;1244;42;52248;5.5;19.700;1.340;30;75;9;0;100;101;100;105;100;106;100;50;50;0;1.897;1.897;0.000;0.000;14.700;1.000;7.9;0.0;0;30;3.000;2.600;13.0;-30;0;0;-8.3;0;0;0;0;0;99;0;0;1866;90.00;0;0;0;0;0;0;0;0;0;0;0;0;0;0;0;0;30;0;42.0;42.0;2;0;0.00;0.00;0.00;0.0;0.0
128.256;197;1236;42;51912;5.5;19.700;1.340;30;75;9;0;100;101;100;105;100;106;100;50;50;0;1.897;1.897;0.000;0.000;14.700;1.000;7.8;0.0;0;30;3.000;2.769;13.0;-30;0;0;-8.3;0;0;0;0;0;99;0;0;1866;90.58;0;0;0;0;0;0;0;0;0;0;0;0;0;0;0;0;30;0;42.0;42.0;2;0;0.00;0.00;0.00;0.0;0.0
128.391;197;1244;42;52248;5.5;19.700;1.340;30;75;9;0;100;101;100;105;100;106;100;50;50;0;1.897;1.897;0.000;0.000;14.700;1.000;7.9;0.0;0;30;3.000;2.854;13.0;-200;0;0;-8.3;0;0;0;0;0;99;0;0;1866;90.00;0;0;0;0;0;0;0;0;0;0;0;0;0;0;0;0;30;0;42.0;42.0;2;0;0.00;0.00;0.00;0.0;0.0
128.458;197;1223;43;52589;5.5;19.700;1.340;30;75;9;0;100;101;100;105;100;106;100;51;51;0;1.913;1.913;0.000;0.000;14.700;1.000;7.8;0.0;0;30;3.000;2.530;13.0;-10;0;0;-8.1;0;0;0;0;0;99;0;0;1866;91.55;0;0;0;0;0;0;0;0;0;0;0;0;0;0;0;0;30;0;43.0;43.0;2;0;0.00;0.00;0.00;0.0;0.0
128.529;197;1232;43;52976;5.5;19.600;1.333;30;75;9;0;100;101;100;105;100;106;100;51;51;0;1.913;1.913;0.000;0.000;14.700;1.000;7.9;0.0;0;30;3.000;2.822;13.0;-10;0;0;-8.1;0;0;0;0;0;99;0;0;1866;90.88;0;0;0;0;0;0;0;0;0;0;0;0;0;0;0;0;30;0;43.0;43.0;2;0;0.00;0.00;0.00;0.0;0.0
128.596;197;1241;43;53363;5.5;19.700;1.340;30;75;9;0;100;101;100;105;100;106;100;51;51;0;1.913;1.913;0.000;0.000;14.700;1.000;7.9;0.0;0;31;3.000;2.843;13.0;70;0;0;-8.1;0;0;0;0;0;99;0;0;1866;90.22;0;0;0;0;0;0;0;0;0;0;0;0;0;0;0;0;31;0;43.0;43.0;2;0;0.00;0.00;0.00;0.0;0.0
128.665;197;1244;43;53492;5.5;19.700;1.340;30;75;9;0;100;101;100;105;100;106;100;51;51;0;1.925;1.925;0.000;0.000;14.700;1.000;8.0;0.0;0;30;3.000;3.092;12.9;-30;0;0;-8.1;0;0;0;0;0;99;0;0;1866;90.00;0;0;0;0;0;0;0;0;0;0;0;0;0;0;0;0;30;0;43.0;43.0;2;0;0.00;0.00;0.00;0.0;0.0
128.665;197;1255;42;52710;5.5;19.700;1.340;30;75;9;0;100;101;100;105;100;106;100;50;50;0;1.909;1.909;0.000;0.000;14.700;1.000;8.0;0.0;0;31;3.000;3.093;12.9;-30;0;0;-8.3;0;0;0;0;0;99;0;0;1866;89.21;0;0;0;0;0;0;0;0;0;0;0;0;0;0;0;0;31;0;42.0;42.0;2;0;0.00;0.00;0.00;0.0;0.0
128.793;197;1262;42;53004;5.5;19.700;1.340;30;75;9;0;100;101;100;105;100;106;100;50;50;0;1.909;1.909;0.000;0.000;14.700;1.000;8.0;0.0;0;31;3.000;2.934;12.9;390;0;0;-8.3;0;0;0;0;0;99;0;0;1866;88.72;0;0;0;0;0;0;0;0;0;0;0;0;0;0;0;0;31;0;42.0;42.0;2;0;0.00;0.00;0.00;0.0;0.0
128.859;198;1280;42;53760;5.5;19.700;1.340;30;75;9;0;100;101;100;105;100;106;100;50;50;0;1.897;1.897;0.000;0.000;14.700;1.000;8.1;0.0;0;31;3.000;3.106;13.0;140;0;0;-8.3;0;0;0;0;0;99;0;0;1862;87.28;0;0;0;0;0;0;0;0;0;0;0;0;0;0;0;0;31;0;42.0;42.0;2;0;0.00;0.00;0.00;0.0;0.0
128.927;198;1284;41;52644;5.5;19.700;1.340;30;75;9;0;100;101;100;105;100;106;100;50;50;0;1.879;1.879;0.000;0.000;14.700;1.000;8.0;0.0;0;31;3.000;2.799;13.0;140;0;0;-8.4;0;0;0;0;0;99;0;0;1862;87.01;0;0;0;0;0;0;0;0;0;0;0;0;0;0;0;0;31;0;41.0;41.0;2;0;0.00;0.00;0.00;0.0;0.0
128.997;198;1295;41;53095;5.5;19.700;1.340;30;75;9;0;100;101;100;105;100;106;100;50;50;0;1.879;1.879;0.000;0.000;14.700;1.000;8.1;0.0;0;31;3.000;2.835;13.0;140;0;0;-8.4;0;0;0;0;0;99;0;0;1862;86.27;0;0;0;0;0;0;0;0;0;0;0;0;0;0;0;0;31;0;41.0;41.0;2;0;0.00;0.00;0.00;0.0;0.0
129.060;198;1290;41;52890;5.5;19.700;1.340;30;75;9;0;100;101;100;105;100;106;100;50;50;0;1.879;1.879;0.000;0.000;14.700;1.000;8.1;0.0;0;31;3.000;2.825;13.0;-40;0;0;-8.4;0;0;0;0;0;99;0;0;1862;86.60;0;0;0;0;0;0;0;0;0;0;0;0;0;0;0;0;31;0;41.0;41.0;2;0;0.00;0.00;0.00;0.0;0.0
129.125;198;1289;41;52849;5.5;19.700;1.340;30;75;9;0;100;101;100;105;100;106;100;50;50;0;1.867;1.867;0.000;0.000;14.700;1.000;8.0;0.0;0;31;3.000;2.748;13.1;-40;0;0;-8.4;0;0;0;0;0;99;0;0;1862;86.67;0;0;0;0;0;0;0;0;0;0;0;0;0;0;0;0;31;0;41.0;41.0;2;0;0.00;0.00;0.00;0.0;0.0
129.193;198;1281;41;52521;5.5;19.700;1.340;30;75;9;0;100;101;100;105;100;106;100;50;50;0;1.867;1.867;0.000;0.000;14.700;1.000;8.0;0.0;0;31;3.000;2.892;13.1;-70;0;0;-8.4;0;0;0;0;0;99;0;0;1862;87.21;0;0;0;0;0;0;0;0;0;0;0;0;0;0;0;0;31;0;41.0;41.0;2;0;0.00;0.00;0.00;0.0;0.0
129.264;198;1243;42;52206;5.5;19.600;1.333;30;75;9;0;100;101;100;105;100;106;100;50;50;0;1.885;1.885;0.000;0.000;14.700;1.000;7.8;0.0;0;30;3.000;2.487;13.1;-400;0;0;-8.3;0;0;0;0;0;99;0;0;1862;89.88;0;0;0;0;0;0;0;0;0;0;0;0;0;0;0;0;30;0;42.0;42.0;2;0;0.00;0.00;0.00;0.0;0.0
129.264;198;1221;42;51282;5.5;19.700;1.340;30;75;9;0;100;101;100;105;100;106;100;50;50;0;1.885;1.885;0.000;0.000;14.700;1.000;7.7;0.0;0;30;3.000;2.856;13.1;-400;0;0;-8.3;0;0;0;0;0;99;0;0;1862;91.50;0;0;0;0;0;0;0;0;0;0;0;0;0;0;0;0;30;0;42.0;42.0;2;0;0.00;0.00;0.00;0.0;0.0
129.328;198;1176;43;50568;5.5;19.700;1.340;30;75;9;0;100;101;100;105;100;106;100;51;51;0;1.937;1.937;0.000;0.000;14.700;1.000;7.6;0.0;0;30;3.000;2.689;12.8;-320;0;0;-8.1;0;0;0;0;0;99;0;0;1862;95.00;0;0;0;0;0;0;0;0;0;0;0;0;0;0;0;0;30;0;43.0;43.0;2;0;0.00;0.00;0.00;0.0;0.0
129.464;198;1168;44;51392;5.5;19.700;1.340;30;75;9;0;100;101;100;105;100;106;100;51;51;0;1.946;1.946;0.000;0.000;14.700;1.000;7.6;0.0;0;30;3.000;2.843;12.8;-320;0;0;-8.0;0;0;0;0;0;99;0;0;1862;95.65;0;0;0;0;0;0;0;0;0;0;0;0;0;0;0;0;30;0;44.0;44.0;2;0;0.00;0.00;0.00;0.0;0.0
129.532;198;1177;45;52965;5.5;19.700;1.340;30;75;9;0;100;101;100;105;100;106;100;51;51;0;1.964;1.964;0.000;0.000;14.700;1.000;7.7;0.0;0;30;3.000;3.042;12.8;-430;0;0;-7.8;0;0;0;0;0;99;0;0;1862;94.92;0;0;0;0;0;0;0;0;0;0;0;0;0;0;0;0;30;0;45.0;45.0;2;0;0.00;0.00;0.00;0.0;0.0
129.602;198;1146;45;51570;5.5;19.700;1.340;30;75;9;0;100;101;100;105;100;106;100;51;51;0;1.964;1.964;0.000;0.000;14.700;1.000;7.5;0.0;0;30;3.000;2.672;12.8;40;0;0;-7.8;0;0;0;0;0;99;0;0;1862;97.49;0;0;0;0;0;0;0;0;0;0;0;0;0;0;0;0;30;0;45.0;45.0;2;0;0.00;0.00;0.00;0.0;0.0
129.666;198;1137;46;52302;5.5;19.700;1.340;30;75;9;0;100;101;100;105;100;106;100;52;52;0;1.978;1.978;0.000;0.000;14.700;1.000;7.5;0.0;0;30;3.000;2.762;12.9;-350;0;0;-7.7;0;0;0;0;0;99;0;0;1862;98.26;0;0;0;0;0;0;0;0;0;0;0;0;0;0;0;0;30;0;46.0;46.0;2;0;0.00;0.00;0.00;0.0;0.0
129.666;198;1152;46;52992;5.5;19.700;1.340;30;75;9;0;100;101;100;105;100;106;100;52;52;0;1.978;1.978;0.000;0.000;14.700;1.000;7.6;0.0;0;30;3.000;3.204;12.9;-350;0;0;-7.7;0;0;0;0;0;99;0;0;1862;96.98;0;0;0;0;0;0;0;0;0;0;0;0;0;0;0;0;30;0;46.0;46.0;2;0;0.00;0.00;0.00;0.0;0.0
129.811;198;1142;46;52532;5.5;19.700;1.340;30;75;9;0;100;101;100;105;100;106;100;52;52;0;1.978;1.978;0.000;0.000;14.700;1.000;7.5;0.0;0;30;3.000;2.837;12.9;90;0;0;-7.7;0;0;0;0;0;99;0;0;1862;97.83;0;0;0;0;0;0;0;0;0;0;0;0;0;0;0;0;30;0;46.0;46.0;2;0;0.00;0.00;0.00;0.0;0.0
129.870;198;1138;46;52348;5.5;19.700;1.340;30;75;9;0;100;101;100;105;100;106;100;52;52;0;1.978;1.978;0.000;0.000;14.700;1.000;7.5;0.0;0;30;3.000;2.839;12.9;90;0;0;-7.7;0;0;0;0;0;99;0;0;1862;98.17;0;0;0;0;0;0;0;0;0;0;0;0;0;0;0;0;30;0;46.0;46.0;2;0;0.00;0.00;0.00;0.0;0.0
129.870;199;1155;46;53130;5.5;19.700;1.340;30;75;9;0;100;101;100;105;100;106;100;52;52;0;1.966;1.966;0.000;0.000;14.700;1.000;7.6;0.0;0;30;3.000;3.029;13.0;-80;0;0;-7.7;0;0;0;0;0;99;0;0;1863;96.78;0;0;0;0;0;0;0;0;0;0;0;0;0;0;0;0;30;0;46.0;46.0;2;0;0.00;0.00;0.00;0.0;0.0
130.005;199;1165;45;52425;5.5;19.700;1.340;30;75;9;0;100;101;100;105;100;106;100;51;51;0;1.940;1.940;0.000;0.000;14.700;1.000;7.5;0.0;0;30;3.000;2.739;13.0;310;0;0;-7.8;0;0;0;0;0;99;0;0;1863;95.95;0;0;0;0;0;0;0;0;0;0;0;0;0;0;0;0;30;0;45.0;45.0;2;0;0.00;0.00;0.00;0.0;0.0
130.071;199;1154;46;53084;5.5;19.700;1.340;30;75;9;0;100;101;100;105;100;106;100;52;52;0;1.966;1.966;0.000;0.000;14.700;1.000;7.6;0.0;0;30;3.000;2.893;13.0;310;0;0;-7.7;0;0;0;0;0;99;0;0;1863;96.86;0;0;0;0;0;0;0;0;0;0;0;0;0;0;0;0;30;0;46.0;46.0;2;0;0.00;0.00;0.00;0.0;0.0
130.133;199;1167;45;52515;5.5;19.700;1.340;30;75;9;0;100;101;100;105;100;106;100;51;51;0;1.940;1.940;0.000;0.000;14.700;1.000;7.5;0.0;0;30;3.000;2.852;13.0;-70;0;0;-7.8;0;0;0;0;0;99;0;0;1863;95.78;0;0;0;0;0;0;0;0;0;0;0;0;0;0;0;0;30;0;45.0;45.0;2;0;0.00;0.00;0.00;0.0;0.0
130.202;199;1188;45;53460;5.5;19.700;1.340;30;75;9;0;100;101;100;105;100;106;100;51;51;0;1.940;1.940;0.000;0.000;14.700;1.000;7.7;0.0;0;30;3.000;2.863;13.0;240;0;0;-7.8;0;0;0;0;0;99;0;0;1863;94.09;0;0;0;0;0;0;0;0;0;0;0;0;0;0;0;0;30;0;45.0;45.0;2;0;0.00;0.00;0.00;0.0;0.0
130.272;199;1184;45;53280;5.5;19.700;1.340;30;75;9;0;100;101;100;105;100;106;100;51;51;0;1.940;1.940;0.000;0.000;14.700;1.000;7.7;0.0;0;30;3.000;2.967;13.0;240;0;0;-7.8;0;0;0;0;0;99;0;0;1863;94.41;0;0;0;0;0;0;0;0;0;0;0;0;0;0;0;0;30;0;45.0;45.0;2;0;0.00;0.00;0.00;0.0;0.0
130.333;199;1200;44;52800;5.5;19.700;1.340;30;75;9;0;100;101;100;105;100;106;100;51;51;0;1.922;1.922;0.000;0.000;14.700;1.000;7.7;0.0;0;30;3.000;2.893;13.0;80;0;0;-8.0;0;0;0;0;0;99;0;0;1863;93.15;0;0;0;0;0;0;0;0;0;0;0;0;0;0;0;0;30;0;44.0;44.0;2;0;0.00;0.00;0.00;0.0;0.0
130.402;199;1213;44;53372;5.5;19.700;1.340;30;75;9;0;100;101;100;105;100;106;100;51;51;0;1.922;1.922;0.000;0.000;14.700;1.000;7.8;0.0;0;30;3.000;2.927;13.0;170;0;0;-8.0;0;0;0;0;0;99;0;0;1863;92.15;0;0;0;0;0;0;0;0;0;0;0;0;0;0;0;0;30;0;44.0;44.0;2;0;0.00;0.00;0.00;0.0;0.0
130.469;199;1203;44;52932;5.5;19.700;1.340;30;75;9;0;100;101;100;105;100;106;100;51;51;0;1.922;1.922;0.000;0.000;14.700;1.000;7.7;0.0;0;30;3.000;2.969;13.0;170;0;0;-8.0;0;0;0;0;0;99;0;0;1863;92.92;0;0;0;0;0;0;0;0;0;0;0;0;0;0;0;0;30;0;44.0;44.0;2;0;0.00;0.00;0.00;0.0;0.0
130.539;199;1196;44;52624;5.5;19.700;1.340;30;75;9;0;100;101;100;105;100;106;100;51;51;0;1.922;1.922;0.000;0.000;14.700;1.000;7.7;0.0;0;30;3.000;2.830;13.0;-80;0;0;-8.0;0;0;0;0;0;99;0;0;1863;93.46;0;0;0;0;0;0;0;0;0;0;0;0;0;0;0;0;30;0;44.0;44.0;2;0;0.00;0.00;0.00;0.0;0.0
130.602;199;1197;44;52668;5.5;19.700;1.340;30;75;9;0;100;101;100;105;100;106;100;51;51;0;1.922;1.922;0.000;0.000;14.700;1.000;7.7;0.0;0;30;3.000;2.752;13.0;10;0;0;-8.0;0;0;0;0;0;99;0;0;1863;93.38;0;0;0;0;0;0;0;0;0;0;0;0;0;0;0;0;30;0;44.0;44.0;2;0;0.00;0.00;0.00;0.0;0.0
130.670;199;1209;44;53196;5.5;19.700;1.340;30;75;9;0;100;101;100;105;100;106;100;51;51;0;1.922;1.922;0.000;0.000;14.700;1.000;7.7;0.0;0;30;3.000;3.037;13.0;10;0;0;-8.0;0;0;0;0;0;99;0;0;1863;92.46;0;0;0;0;0;0;0;0;0;0;0;0;0;0;0;0;30;0;44.0;44.0;2;0;0.00;0.00;0.00;0.0;0.0
130.738;199;1215;44;53460;5.5;19.700;1.340;30;75;9;0;100;101;100;105;100;106;100;51;51;0;1.922;1.922;0.000;0.000;14.700;1.000;7.8;0.0;0;30;3.000;2.878;13.0;50;0;0;-8.0;0;0;0;0;0;99;0;0;1863;92.00;0;0;0;0;0;0;0;0;0;0;0;0;0;0;0;0;30;0;44.0;44.0;2;0;0.00;0.00;0.00;0.0;0.0
130.803;199;1215;44;53460;5.5;19.700;1.340;30;75;9;0;100;101;100;105;100;106;100;51;51;0;1.922;1.922;0.000;0.000;14.700;1.000;7.8;0.0;0;30;3.000;2.782;13.0;160;0;0;-8.0;0;0;0;0;0;99;0;0;1863;92.00;0;0;0;0;0;0;0;0;0;0;0;0;0;0;0;0;30;0;44.0;44.0;2;0;0.00;0.00;0.00;0.0;0.0
130.873;199;1222;43;52546;5.5;19.700;1.340;30;75;9;0;100;101;100;105;100;106;100;51;51;0;1.913;1.913;0.000;0.000;14.700;1.000;7.8;0.0;0;31;3.000;3.005;13.0;160;0;0;-8.1;0;0;0;0;0;99;0;0;1863;91.47;0;0;0;0;0;0;0;0;0;0;0;0;0;0;0;0;31;0;43.0;43.0;2;0;0.00;0.00;0.00;0.0;0.0
130.873;200;1221;43;52503;5.5;19.700;1.340;30;75;9;0;100;101;100;105;100;106;100;51;51;0;1.937;1.937;0.000;0.000;14.700;1.000;7.9;0.0;0;31;3.000;2.948;12.8;-30;0;0;-8.1;0;0;0;0;0;99;0;0;1862;91.50;0;0;0;0;0;0;0;0;0;0;0;0;0;0;0;0;31;0;43.0;43.0;2;0;0.00;0.00;0.00;0.0;0.0
130.996;200;1219;43;52417;5.5;19.700;1.340;30;75;9;0;100;101;100;105;100;106;100;51;51;0;1.937;1.937;0.000;0.000;14.700;1.000;7.9;0.0;0;30;3.000;2.801;12.8;-50;0;0;-8.1;0;0;0;0;0;99;0;0;1862;91.65;0;0;0;0;0;0;0;0;0;0;0;0;0;0;0;0;30;0;43.0;43.0;2;0;0.00;0.00;0.00;0.0;0.0
131.061;200;1225;43;52675;5.5;19.700;1.340;30;75;9;0;100;101;100;105;100;106;100;51;51;0;1.937;1.937;0.000;0.000;14.700;1.000;7.9;0.0;0;31;3.000;3.168;12.8;-50;0;0;-8.1;0;0;0;0;0;99;0;0;1862;91.20;0;0;0;0;0;0;0;0;0;0;0;0;0;0;0;0;31;0;43.0;43.0;2;0;0.00;0.00;0.00;0.0;0.0
131.127;200;1235;43;53105;5.5;19.700;1.340;30;75;9;0;100;101;100;105;100;106;100;51;51;0;1.937;1.937;0.000;0.000;14.700;1.000;8.0;0.0;0;30;3.000;2.648;12.8;250;0;0;-8.1;0;0;0;0;0;99;0;0;1862;90.46;0;0;0;0;0;0;0;0;0;0;0;0;0;0;0;0;30;0;43.0;43.0;2;0;0.00;0.00;0.00;0.0;0.0
131.192;200;1249;42;52458;5.5;19.700;1.340;30;75;9;0;100;101;100;105;100;106;100;50;50;0;1.909;1.909;0.000;0.000;14.700;1.000;7.9;0.0;0;30;3.000;3.079;12.9;70;0;0;-8.3;0;0;0;0;0;99;0;0;1862;89.45;0;0;0;0;0;0;0;0;0;0;0;0;0;0;0;0;30;0;42.0;42.0;2;0;0.00;0.00;0.00;0.0;0.0
131.258;200;1269;43;54567;5.5;19.700;1.340;30;75;9;0;100;101;100;105;100;106;100;51;51;0;1.925;1.925;0.000;0.000;14.700;1.000;8.1;0.0;0;31;3.000;3.186;12.9;70;0;0;-8.1;0;0;0;0;0;99;0;0;1862;88.04;0;0;0;0;0;0;0;0;0;0;0;0;0;0;0;0;31;0;43.0;43.0;2;0;0.00;0.00;0.00;0.0;0.0
131.324;200;1265;42;53130;5.5;19.700;1.340;30;75;9;0;100;101;100;105;100;106;100;50;50;0;1.909;1.909;0.000;0.000;14.700;1.000;8.0;0.0;0;31;3.000;2.730;12.9;280;0;0;-8.3;0;0;0;0;0;99;0;0;1862;88.32;0;0;0;0;0;0;0;0;0;0;0;0;0;0;0;0;31;0;42.0;42.0;2;0;0.00;0.00;0.00;0.0;0.0
131.389;200;1272;41;52152;5.5;19.700;1.340;30;75;9;0;100;101;100;105;100;106;100;50;50;0;1.891;1.891;0.000;0.000;14.700;1.000;8.0;0.0;0;31;3.000;2.961;12.9;280;0;0;-8.4;0;0;0;0;0;99;0;0;1862;87.83;0;0;0;0;0;0;0;0;0;0;0;0;0;0;0;0;31;0;41.0;41.0;2;0;0.00;0.00;0.00;0.0;0.0
131.455;200;1278;42;53676;5.5;19.700;1.340;30;75;9;0;100;101;100;105;100;106;100;50;50;0;1.957;1.957;0.000;0.000;14.700;1.000;8.3;0.0;0;31;3.000;2.839;12.5;-50;0;0;-8.3;0;0;0;0;0;99;0;0;1862;87.42;0;0;0;0;0;0;0;0;0;0;0;0;0;0;0;0;31;0;42.0;42.0;2;0;0.00;0.00;0.00;0.0;0.0
131.524;200;1281;41;52521;5.5;19.700;1.340;30;75;9;0;100;101;100;105;100;106;100;50;50;0;1.939;1.939;0.000;0.000;14.700;1.000;8.3;0.0;0;31;3.000;2.950;12.5;20;0;0;-8.4;0;0;0;0;0;99;0;0;1862;87.21;0;0;0;0;0;0;0;0;0;0;0;0;0;0;0;0;31;0;41.0;41.0;2;0;0.00;0.00;0.00;0.0;0.0
131.590;200;1282;41;52562;5.5;19.700;1.340;30;75;9;0;100;101;100;105;100;106;100;50;50;0;1.939;1.939;0.000;0.000;14.700;1.000;8.3;0.0;0;31;3.000;2.804;12.5;20;0;0;-8.4;0;0;0;0;0;99;0;0;1862;87.15;0;0;0;0;0;0;0;0;0;0;0;0;0;0;0;0;31;0;41.0;41.0;2;0;0.00;0.00;0.00;0.0;0.0
131.590;200;1301;41;53341;5.5;19.700;1.340;30;75;9;0;100;101;100;105;100;106;100;50;50;0;1.927;1.927;0.000;0.000;14.700;1.000;8.4;0.0;0;31;3.000;2.838;12.6;80;0;0;-8.4;0;0;0;0;0;99;0;0;1862;85.87;0;0;0;0;0;0;0;0;0;0;0;0;0;0;0;0;31;0;41.0;41.0;2;0;0.00;0.00;0.00;0.0;0.0
131.656;200;1321;41;54161;5.5;19.700;1.340;30;75;9;0;100;101;100;105;100;106;100;50;50;0;1.927;1.927;0.000;0.000;14.700;1.000;8.5;0.0;0;31;3.000;3.149;12.6;170;0;0;-8.4;0;0;0;0;0;99;0;0;1862;84.57;0;0;0;0;0;0;0;0;0;0;0;0;0;0;0;0;31;0;41.0;41.0;2;0;0.00;0.00;0.00;0.0;0.0
131.787;200;1311;40;52440;5.5;19.700;1.340;30;75;9;0;100;101;100;105;100;106;100;50;50;0;1.918;1.918;0.000;0.000;14.700;1.000;8.4;0.0;0;31;3.000;2.874;12.6;170;0;0;-8.6;0;0;0;0;0;99;0;0;1862;85.22;0;0;0;0;0;0;0;0;0;0;0;0;0;0;0;0;31;0;40.0;40.0;2;0;0.00;0.00;0.00;0.0;0.0
131.787;200;1345;40;53800;5.5;19.700;1.340;30;75;9;0;100;101;100;105;100;106;100;50;50;0;1.918;1.918;0.000;0.000;14.700;1.000;8.6;0.0;0;31;3.000;2.978;12.6;280;0;0;-8.6;0;0;0;0;0;99;0;0;1862;83.06;0;0;0;0;0;0;0;0;0;0;0;0;0;0;0;0;31;0;40.0;40.0;2;0;0.00;0.00;0.00;0.0;0.0
131.922;201;1354;39;52806;5.5;19.700;1.340;30;75;9;0;100;101;100;105;100;106;100;49;49;0;1.890;1.890;0.000;0.000;14.700;1.000;8.5;0.0;0;31;3.000;2.886;12.7;270;0;0;-8.7;0;0;0;0;0;99;0;0;1863;82.56;0;0;0;0;0;0;0;0;0;0;0;0;0;0;0;0;31;0;39.0;39.0;2;0;0.00;0.00;0.00;0.0;0.0
131.987;201;1359;39;53001;5.5;19.700;1.340;30;75;9;0;100;101;100;105;100;106;100;49;49;0;1.890;1.890;0.000;0.000;14.700;1.000;8.6;0.0;0;31;3.000;2.800;12.7;270;0;0;-8.7;0;0;0;0;0;99;0;0;1863;82.25;0;0;0;0;0;0;0;0;0;0;0;0;0;0;0;0;31;0;39.0;39.0;2;0;0.00;0.00;0.00;0.0;0.0
132.053;201;1350;39;52650;5.5;19.700;1.340;30;75;9;0;100;101;100;105;100;106;100;49;49;0;1.890;1.890;0.000;0.000;14.700;1.000;8.5;0.0;0;31;3.000;2.837;12.7;30;0;0;-8.7;0;0;0;0;0;99;0;0;1863;82.80;0;0;0;0;0;0;0;0;0;0;0;0;0;0;0;0;31;0;39.0;39.0;2;0;0.00;0.00;0.00;0.0;0.0
132.053;201;1367;39;53313;5.5;19.700;1.340;30;75;9;0;100;101;100;105;100;106;100;49;49;0;1.890;1.890;0.000;0.000;14.700;1.000;8.6;0.0;0;31;3.000;3.019;12.7;130;0;0;-8.7;0;0;0;0;0;99;0;0;1863;81.77;0;0;0;0;0;0;0;0;0;0;0;0;0;0;0;0;31;0;39.0;39.0;2;0;0.00;0.00;0.00;0.0;0.0
132.188;201;1396;38;53048;5.5;19.700;1.340;30;75;9;0;100;101;100;105;100;106;100;49;49;0;1.870;1.870;0.000;0.000;14.700;1.000;8.7;0.0;0;32;3.000;2.946;12.8;130;0;0;-8.8;0;0;0;0;0;99;0;0;1863;80.07;0;0;0;0;0;0;0;0;0;0;0;0;0;0;0;0;32;0;38.0;38.0;2;0;0.00;0.00;0.00;0.0;0.0
132.188;201;1408;38;53504;5.5;19.700;1.340;30;75;9;0;100;101;100;105;100;106;100;49;49;0;1.870;1.870;0.000;0.000;14.700;1.000;8.8;0.0;0;32;3.000;2.854;12.8;260;0;0;-8.8;0;0;0;0;0;99;0;0;1863;79.39;0;0;0;0;0;0;0;0;0;0;0;0;0;0;0;0;32;0;38.0;38.0;2;0;0.00;0.00;0.00;0.0;0.0
132.323;201;1416;38;53808;5.5;19.700;1.340;30;75;9;0;100;101;100;105;100;106;100;49;49;0;1.870;1.870;0.000;0.000;14.700;1.000;8.8;0.0;0;32;3.000;2.930;12.8;50;0;0;-8.8;0;0;0;0;0;99;0;0;1863;78.94;0;0;0;0;0;0;0;0;0;0;0;0;0;0;0;0;32;0;38.0;38.0;2;0;0.00;0.00;0.00;0.0;0.0
132.388;201;1403;37;51911;5.5;18.600;1.265;30;75;9;0;100;101;100;105;100;106;100;48;48;0;1.839;1.839;0.000;0.000;14.700;1.000;8.6;0.0;0;33;3.000;2.757;12.8;50;0;0;-9.0;0;0;0;0;0;99;0;0;1863;79.67;0;0;0;0;0;0;0;0;0;0;0;0;0;0;0;0;33;0;37.0;37.0;2;0;0.00;0.00;0.00;0.0;0.0
132.454;201;1406;37;52022;5.5;17.700;1.204;30;75;9;0;100;101;100;105;100;106;100;48;48;0;1.815;1.815;0.000;0.000;14.700;1.000;8.5;0.0;0;32;3.000;2.709;13.0;100;0;0;-9.0;0;0;0;0;0;99;0;0;1863;79.50;0;0;0;0;0;0;0;0;0;0;0;0;0;0;0;0;32;0;37.0;37.0;2;0;0.00;0.00;0.00;0.0;0.0
132.520;201;1410;37;52170;5.5;19.300;1.313;30;75;9;0;100;101;100;105;100;106;100;48;48;0;1.815;1.815;0.000;0.000;14.700;1.000;8.5;0.0;0;32;3.000;2.904;13.0;-10;0;0;-9.0;0;0;0;0;0;99;0;0;1863;79.28;0;0;0;0;0;0;0;0;0;0;0;0;0;0;0;0;32;0;37.0;37.0;2;0;0.00;0.00;0.00;0.0;0.0
132.585;201;1385;37;51245;5.5;19.500;1.327;30;75;9;0;100;101;100;105;100;106;100;48;48;0;1.815;1.815;0.000;0.000;14.700;1.000;8.4;0.0;0;32;3.000;2.903;13.0;-10;0;0;-9.0;0;0;0;0;0;99;0;0;1863;80.71;0;0;0;0;0;0;0;0;0;0;0;0;0;0;0;0;32;0;37.0;37.0;2;0;0.00;0.00;0.00;0.0;0.0
132.655;201;1363;38;51794;5.5;19.700;1.340;30;75;9;0;100;101;100;105;100;106;100;49;49;0;1.846;1.846;0.000;0.000;14.700;1.000;8.4;0.0;0;32;3.000;2.835;13.0;-310;0;0;-8.8;0;0;0;0;0;99;0;0;1863;82.01;0;0;0;0;0;0;0;0;0;0;0;0;0;0;0;0;32;0;38.0;38.0;2;0;0.00;0.00;0.00;0.0;0.0
132.724;201;1366;38;51908;5.5;19.400;1.320;30;76;9;0;100;101;100;105;100;106;100;48;48;0;1.820;1.820;0.000;0.000;14.700;1.000;8.3;0.0;0;32;3.000;2.856;13.1;-130;0;0;-8.8;0;0;0;0;0;99;0;0;1863;81.83;0;0;0;0;0;0;0;0;0;0;0;0;0;0;0;0;32;0;38.0;38.0;2;0;0.00;0.00;0.00;0.0;0.0
132.791;201;1344;39;52416;5.5;19.600;1.333;30;76;9;0;100;101;100;105;100;106;100;49;49;0;1.842;1.842;0.000;0.000;14.700;1.000;8.3;0.0;0;31;3.000;2.849;13.1;-130;0;0;-8.7;0;0;0;0;0;99;0;0;1863;83.17;0;0;0;0;0;0;0;0;0;0;0;0;0;0;0;0;31;0;39.0;39.0;2;0;0.00;0.00;0.00;0.0;0.0
132.791;201;1324;39;51636;5.5;19.400;1.320;30;76;9;0;100;101;100;105;100;106;100;49;49;0;1.842;1.842;0.000;0.000;14.700;1.000;8.1;0.0;0;31;3.000;2.919;13.1;-350;0;0;-8.7;0;0;0;0;0;99;0;0;1863;84.43;0;0;0;0;0;0;0;0;0;0;0;0;0;0;0;0;31;0;39.0;39.0;2;0;0.00;0.00;0.00;0.0;0.0
132.861;202;1297;40;51880;5.5;19.700;1.340;30;76;9;0;100;101;100;105;100;106;100;49;49;0;1.851;1.851;0.000;0.000;14.700;1.000;8.0;0.0;0;31;3.000;2.639;13.1;-340;0;0;-8.6;0;0;0;0;0;99;0;0;1857;85.91;0;0;0;0;0;0;0;0;0;0;0;0;0;0;0;0;31;0;40.0;40.0;2;0;0.00;0.00;0.00;0.0;0.0
132.998;202;1289;40;51560;5.5;19.700;1.340;30;76;9;0;100;101;100;105;100;106;100;49;49;0;1.851;1.851;0.000;0.000;14.700;1.000;8.0;0.0;0;31;3.000;2.737;13.1;-340;0;0;-8.6;0;0;0;0;0;99;0;0;1857;86.44;0;0;0;0;0;0;0;0;0;0;0;0;0;0;0;0;31;0;40.0;40.0;2;0;0.00;0.00;0.00;0.0;0.0
133.062;202;1263;41;51783;5.5;19.700;1.340;30;76;9;0;100;101;100;105;100;106;100;50;50;0;1.867;1.867;0.000;0.000;14.700;1.000;7.9;0.0;0;31;3.000;2.750;13.1;-240;0;0;-8.4;0;0;0;0;0;99;0;0;1857;88.22;0;0;0;0;0;0;0;0;0;0;0;0;0;0;0;0;31;0;41.0;41.0;2;0;0.00;0.00;0.00;0.0;0.0
133.127;202;1231;42;51702;5.5;19.700;1.340;30;76;9;0;100;101;100;105;100;106;100;50;50;0;1.885;1.885;0.000;0.000;14.700;1.000;7.7;0.0;0;30;3.000;2.730;13.1;-420;0;0;-8.3;0;0;0;0;0;99;0;0;1857;90.51;0;0;0;0;0;0;0;0;0;0;0;0;0;0;0;0;30;0;42.0;42.0;2;0;0.00;0.00;0.00;0.0;0.0
133.196;202;1204;43;51772;5.5;19.700;1.340;30;76;9;0;100;101;100;105;100;106;100;51;51;0;1.901;1.901;0.000;0.000;14.700;1.000;7.6;0.0;0;30;3.000;2.697;13.1;-420;0;0;-8.1;0;0;0;0;0;99;0;0;1857;92.54;0;0;0;0;0;0;0;0;0;0;0;0;0;0;0;0;30;0;43.0;43.0;2;0;0.00;0.00;0.00;0.0;0.0
133.264;202;1208;43;51944;5.5;19.700;1.340;30;76;9;0;100;101;100;105;100;106;100;51;51;0;1.901;1.901;0.000;0.000;14.700;1.000;7.7;0.0;0;30;3.000;2.773;13.1;-170;0;0;-8.1;0;0;0;0;0;99;0;0;1857;92.24;0;0;0;0;0;0;0;0;0;0;0;0;0;0;0;0;30;0;43.0;43.0;2;0;0.00;0.00;0.00;0.0;0.0
133.330;202;1184;44;52096;5.5;19.700;1.340;30;76;9;0;100;101;100;105;100;106;100;51;51;0;1.910;1.910;0.000;0.000;14.700;1.000;7.5;0.0;0;30;3.000;2.869;13.1;-300;0;0;-8.0;0;0;0;0;0;99;0;0;1857;94.10;0;0;0;0;0;0;0;0;0;0;0;0;0;0;0;0;30;0;44.0;44.0;2;0;0.00;0.00;0.00;0.0;0.0
133.393;202;1184;44;52096;5.5;19.700;1.340;30;76;9;0;100;101;100;105;100;106;100;51;51;0;1.910;1.910;0.000;0.000;14.700;1.000;7.5;0.0;0;30;3.000;2.868;13.1;-300;0;0;-8.0;0;0;0;0;0;99;0;0;1857;94.10;0;0;0;0;0;0;0;0;0;0;0;0;0;0;0;0;30;0;44.0;44.0;2;0;0.00;0.00;0.00;0.0;0.0
133.462;202;1165;45;52425;5.5;19.700;1.340;30;76;9;0;100;101;100;105;100;106;100;51;51;0;1.928;1.928;0.000;0.000;14.700;1.000;7.5;0.0;0;30;3.000;2.836;13.1;-130;0;0;-7.8;0;0;0;0;0;99;0;0;1857;95.64;0;0;0;0;0;0;0;0;0;0;0;0;0;0;0;0;30;0;45.0;45.0;2;0;0.00;0.00;0.00;0.0;0.0
133.527;202;1153;45;51885;5.5;19.700;1.340;30;76;9;0;100;101;100;105;100;106;100;51;51;0;1.928;1.928;0.000;0.000;14.700;1.000;7.4;0.0;0;30;3.000;2.689;13.1;-130;0;0;-7.8;0;0;0;0;0;99;0;0;1857;96.63;0;0;0;0;0;0;0;0;0;0;0;0;0;0;0;0;30;0;45.0;45.0;2;0;0.00;0.00;0.00;0.0;0.0
133.527;202;1142;46;52532;5.5;19.700;1.340;30;76;9;0;100;101;100;105;100;106;100;52;52;0;1.954;1.954;0.000;0.000;14.700;1.000;7.4;0.0;0;30;3.000;2.894;13.1;-180;0;0;-7.7;0;0;0;0;0;99;0;0;1857;97.57;0;0;0;0;0;0;0;0;0;0;0;0;0;0;0;0;30;0;46.0;46.0;2;0;0.00;0.00;0.00;0.0;0.0
133.594;202;1135;46;52210;5.5;19.600;1.333;30;76;9;0;100;101;100;105;100;106;100;52;52;0;1.954;1.954;0.000;0.000;14.700;1.000;7.4;0.0;0;30;3.000;2.795;13.1;-210;0;0;-7.7;0;0;0;0;0;99;0;0;1857;98.17;0;0;0;0;0;0;0;0;0;0;0;0;0;0;0;0;30;0;46.0;46.0;2;0;0.00;0.00;0.00;0.0;0.0
133.724;202;1134;46;52164;5.5;19.600;1.333;30;76;9;0;100;101;100;105;100;106;100;52;52;0;2.038;2.038;0.000;0.000;14.700;1.000;7.7;0.0;0;30;3.000;2.774;12.4;-210;0;0;-7.7;0;0;0;0;0;99;0;0;1857;98.25;0;0;0;0;0;0;0;0;0;0;0;0;0;0;0;0;30;0;46.0;46.0;2;0;0.00;0.00;0.00;0.0;0.0
133.789;202;1110;47;52170;5.5;19.600;1.333;30;76;9;0;100;101;100;105;100;106;100;52;52;0;2.047;2.047;0.000;0.000;14.600;0.993;7.6;0.0;0;30;3.000;2.598;12.4;20;0;0;-7.5;0;0;0;0;0;99;0;0;1857;100.38;0;0;0;0;0;0;0;0;0;0;0;0;0;0;0;0;30;0;47.0;47.0;2;0;0.00;0.00;0.00;0.0;0.0
133.855;202;1128;47;53016;5.5;19.700;1.340;30;76;9;0;100;101;100;105;100;106;100;52;52;0;2.047;2.047;0.000;0.000;14.700;1.000;7.7;0.0;0;30;3.000;3.268;12.4;-290;0;0;-7.5;0;0;0;0;0;99;0;0;1857;98.78;0;0;0;0;0;0;0;0;0;0;0;0;0;0;0;0;30;0;47.0;47.0;2;0;0.00;0.00;0.00;0.0;0.0
133.925;202;1161;47;54567;5.5;19.700;1.340;30;76;9;0;100;101;100;105;100;106;100;53;53;0;2.056;2.056;0.000;0.000;14.700;1.000;8.0;0.0;0;31;3.000;3.172;12.4;-290;0;0;-7.5;0;0;0;0;0;99;0;0;1857;95.97;0;0;0;0;0;0;0;0;0;0;0;0;0;0;0;0;31;0;47.0;47.0;2;0;0.00;0.00;0.00;0.0;0.0
133.990;203;1187;46;54602;5.5;19.700;1.340;30;76;9;0;100;101;100;105;100;106;100;52;52;0;1.990;1.990;0.000;0.000;14.700;1.000;7.9;0.0;0;30;3.000;2.972;12.8;560;0;0;-7.7;0;0;0;0;0;99;0;0;1861;94.07;0;0;0;0;0;0;0;0;0;0;0;0;0;0;0;0;30;0;46.0;46.0;2;0;0.00;0.00;0.00;0.0;0.0
134.056;203;1224;45;55080;5.5;19.700;1.340;30;76;9;0;100;101;100;105;100;106;100;52;52;0;1.980;1.980;0.000;0.000;14.700;1.000;8.1;0.0;0;30;3.000;3.262;12.8;420;0;0;-7.8;0;0;0;0;0;99;0;0;1861;91.23;0;0;0;0;0;0;0;0;0;0;0;0;0;0;0;0;30;0;45.0;45.0;2;0;0.00;0.00;0.00;0.0;0.0
134.121;203;1238;44;54472;5.5;19.700;1.340;30;76;9;0;100;101;100;105;100;106;100;51;51;0;1.946;1.946;0.000;0.000;14.700;1.000;8.0;0.0;0;30;3.000;3.030;12.8;420;0;0;-8.0;0;0;0;0;0;99;0;0;1861;90.19;0;0;0;0;0;0;0;0;0;0;0;0;0;0;0;0;30;0;44.0;44.0;2;0;0.00;0.00;0.00;0.0;0.0
134.187;203;1267;43;54481;6.5;19.700;1.340;30;76;9;0;100;101;100;105;100;106;100;51;51;0;2.009;2.009;0.000;0.000;14.700;1.000;8.5;0.0;0;31;3.000;3.020;12.2;350;0;0;-8.1;0;0;0;0;0;99;0;0;1861;88.13;0;0;0;0;0;0;0;0;0;0;0;0;0;0;0;0;31;0;43.0;43.0;2;0;0.00;0.00;0.00;0.0;0.0
134.256;203;1275;44;56100;6.5;19.700;1.340;30;76;9;0;100;101;100;105;100;106;100;51;51;0;2.018;2.018;0.000;0.000;14.700;1.000;8.6;0.0;0;31;3.000;3.108;12.2;370;0;0;-8.0;0;0;0;0;0;99;0;0;1861;87.58;0;0;0;0;0;0;0;0;0;0;0;0;0;0;0;0;31;0;44.0;44.0;2;0;0.00;0.00;0.00;0.0;0.0
134.322;203;1272;44;55968;6.5;19.700;1.340;30;76;9;0;100;101;100;105;100;106;100;51;51;0;2.018;2.018;0.000;0.000;14.700;1.000;8.6;0.0;0;31;3.000;2.862;12.2;370;0;0;-8.0;0;0;0;0;0;99;0;0;1861;87.78;0;0;0;0;0;0;0;0;0;0;0;0;0;0;0;0;31;0;44.0;44.0;2;0;0.00;0.00;0.00;0.0;0.0
134.391;203;1323;43;56889;6.5;19.700;1.340;30;76;9;0;100;101;100;105;100;106;100;51;51;0;2.009;2.009;0.000;0.000;14.700;1.000;8.9;0.0;0;31;3.000;3.129;12.2;190;0;0;-8.1;0;0;0;0;0;99;0;0;1861;84.40;0;0;0;0;0;0;0;0;0;0;0;0;0;0;0;0;31;0;43.0;43.0;2;0;0.00;0.00;0.00;0.0;0.0
134.457;203;1343;43;57749;6.5;19.700;1.340;30;76;9;0;100;101;100;105;100;106;100;51;51;0;1.985;1.985;0.000;0.000;14.700;1.000;8.9;0.0;0;31;3.000;2.930;12.4;430;0;0;-8.1;0;0;0;0;0;99;0;0;1861;83.14;0;0;0;0;0;0;0;0;0;0;0;0;0;0;0;0;31;0;43.0;43.0;2;0;0.00;0.00;0.00;0.0;0.0
134.522;203;1378;42;57876;6.5;19.700;1.340;30;76;9;0;100;101;100;105;100;106;100;51;51;0;1.976;1.976;0.000;0.000;14.700;1.000;9.1;0.0;0;31;3.000;3.162;12.4;430;0;0;-8.3;0;0;0;0;0;99;0;0;1861;81.03;0;0;0;0;0;0;0;0;0;0;0;0;0;0;0;0;31;0;42.0;42.0;2;0;0.00;0.00;0.00;0.0;0.0
134.588;203;1400;41;57400;6.5;19.700;1.340;30;76;9;0;100;101;100;105;100;106;100;50;50;0;1.951;1.951;0.000;0.000;14.700;1.000;9.1;0.0;0;31;3.000;2.884;12.4;500;0;0;-8.4;0;0;0;0;0;99;0;0;1861;79.76;0;0;0;0;0;0;0;0;0;0;0;0;0;0;0;0;31;0;41.0;41.0;2;0;0.00;0.00;0.00;0.0;0.0
134.658;203;1434;40;57360;6.5;19.700;1.340;30;76;9;0;100;101;100;105;100;106;100;50;50;0;1.942;1.942;0.000;0.000;14.700;1.000;9.3;0.0;0;31;3.000;3.041;12.4;500;0;0;-8.6;0;0;0;0;0;99;0;0;1861;77.87;0;0;0;0;0;0;0;0;0;0;0;0;0;0;0;0;31;0;40.0;40.0;2;0;0.00;0.00;0.00;0.0;0.0
134.724;203;1462;39;57018;6.5;19.400;1.320;30;76;9;0;100;101;100;105;100;106;100;50;50;0;1.945;1.945;0.000;0.000;14.700;1.000;9.5;0.0;0;32;3.000;2.891;12.3;500;0;0;-8.7;0;0;0;0;0;99;0;0;1861;76.37;0;0;0;0;0;0;0;0;0;0;0;0;0;0;0;0;32;0;39.0;39.0;2;0;0.00;0.00;0.00;0.0;0.0
134.724;203;1474;39;57486;6.5;19.400;1.320;30;76;9;0;100;101;100;105;100;106;100;49;49;0;1.938;1.938;0.000;0.000;14.700;1.000;9.5;0.0;0;32;3.000;3.051;12.3;180;0;0;-8.7;0;0;0;0;0;99;0;0;1861;75.75;0;0;0;0;0;0;0;0;0;0;0;0;0;0;0;0;32;0;39.0;39.0;2;0;0.00;0.00;0.00;0.0;0.0
134.858;203;1485;38;56430;6.5;19.700;1.340;30;76;9;0;100;101;100;105;100;106;100;49;49;0;1.930;1.930;0.000;0.000;14.700;1.000;9.6;0.0;0;32;3.000;3.010;12.3;300;0;0;-8.8;0;0;0;0;0;99;0;0;1861;75.19;0;0;0;0;0;0;0;0;0;0;0;0;0;0;0;0;32;0;38.0;38.0;2;0;0.00;0.00;0.00;0.0;0.0
134.924;203;1502;38;57076;6.5;19.200;1.306;30;76;9;0;100;101;100;105;100;106;100;49;49;0;1.930;1.930;0.000;0.000;14.700;1.000;9.7;0.0;0;33;3.000;3.002;12.3;300;0;0;-8.8;0;0;0;0;0;99;0;0;1861;74.34;0;0;0;0;0;0;0;0;0;0;0;0;0;0;0;0;33;0;38.0;38.0;2;0;0.00;0.00;0.00;0.0;0.0
134.990;204;1502;38;57076;6.5;19.300;1.313;30;76;9;0;100;101;100;105;100;106;100;49;49;0;1.870;1.870;0.000;0.000;14.700;1.000;9.4;0.0;0;33;3.000;3.058;12.8;170;0;0;-8.8;0;0;0;0;0;99;0;0;1849;73.86;0;0;0;0;0;0;0;0;0;0;0;0;0;0;0;0;33;0;38.0;38.0;2;0;0.00;0.00;0.00;0.0;0.0
135.056;204;1527;37;56499;6.5;17.400;1.184;30;76;9;0;100;101;100;105;100;106;100;49;49;0;1.852;1.852;0.000;0.000;14.700;1.000;9.4;0.0;0;33;3.000;2.936;12.8;250;0;0;-9.0;0;0;0;0;0;99;0;0;1849;72.65;0;0;0;0;0;0;0;0;0;0;0;0;0;0;0;0;33;0;37.0;37.0;2;0;0.00;0.00;0.00;0.0;0.0
135.056;204;1539;37;56943;6.5;16.400;1.116;30;76;9;0;100;101;100;105;100;106;100;49;49;0;1.852;1.852;0.000;0.000;14.700;1.000;9.5;0.0;0;33;3.000;2.969;12.8;250;0;0;-9.0;0;0;0;0;0;99;0;0;1849;72.09;0;0;0;0;0;0;0;0;0;0;0;0;0;0;0;0;33;0;37.0;37.0;2;0;0.00;0.00;0.00;0.0;0.0
135.190;204;1534;37;56758;6.5;15.700;1.068;30;76;9;0;100;101;100;105;100;106;100;49;49;0;1.852;1.852;0.000;0.000;14.700;1.000;9.5;0.0;0;33;3.000;2.806;12.8;120;0;0;-9.0;0;0;0;0;0;99;0;0;1849;72.32;0;0;0;0;0;0;0;0;0;0;0;0;0;0;0;0;33;0;37.0;37.0;2;0;0.00;0.00;0.00;0.0;0.0
135.190;204;1515;37;56055;6.5;15.100;1.027;30;76;9;0;100;101;100;105;100;106;100;49;49;0;1.840;1.840;0.000;0.000;14.700;1.000;9.3;0.0;0;33;3.000;2.828;12.9;-240;0;0;-9.0;0;0;0;0;0;99;0;0;1849;73.23;0;0;0;0;0;0;0;0;0;0;0;0;0;0;0;0;33;0;37.0;37.0;2;0;0.00;0.00;0.00;0.0;0.0
135.256;204;1510;37;55870;6.5;14.500;0.986;30;76;9;0;100;101;100;105;100;106;100;48;48;0;1.827;1.827;0.000;0.000;14.700;1.000;9.2;0.0;0;33;3.000;2.826;12.9;-240;0;0;-9.0;0;0;0;0;0;99;0;0;1849;73.47;0;0;0;0;0;0;0;0;0;0;0;0;0;0;0;0;33;0;37.0;37.0;2;0;0.00;0.00;0.00;0.0;0.0
135.387;204;1510;37;55870;6.5;16.900;1.150;30;76;9;0;100;101;100;105;100;106;100;48;48;0;1.827;1.827;0.000;0.000;14.700;1.000;9.2;0.0;0;33;3.000;2.872;12.9;-50;0;0;-9.0;0;0;0;0;0;99;0;0;1849;73.47;0;0;0;0;0;0;0;0;0;0;0;0;0;0;0;0;33;0;37.0;37.0;2;0;0.00;0.00;0.00;0.0;0.0
135.456;204;1515;37;56055;6.5;17.300;1.177;30;76;9;0;100;101;100;105;100;106;100;49;49;0;1.840;1.840;0.000;0.000;14.700;1.000;9.3;0.0;0;33;3.000;2.678;12.9;-50;0;0;-9.0;0;0;0;0;0;99;0;0;1849;73.23;0;0;0;0;0;0;0;0;0;0;0;0;0;0;0;0;33;0;37.0;37.0;2;0;0.00;0.00;0.00;0.0;0.0
135.522;204;1486;37;54982;6.5;19.000;1.293;30;76;9;0;100;101;100;105;100;106;100;49;49;0;1.816;1.816;0.000;0.000;14.700;1.000;9.0;0.0;0;33;3.000;2.851;13.1;50;0;0;-9.0;0;0;0;0;0;99;0;0;1849;74.66;0;0;0;0;0;0;0;0;0;0;0;0;0;0;0;0;33;0;37.0;37.0;2;0;0.00;0.00;0.00;0.0;0.0
135.522;204;1469;38;55822;6.5;19.700;1.340;30;76;9;0;100;101;100;105;100;106;100;49;49;0;1.834;1.834;0.000;0.000;14.700;1.000;9.0;0.0;0;32;3.000;2.668;13.1;-400;0;0;-8.8;0;0;0;0;0;99;0;0;1849;75.52;0;0;0;0;0;0;0;0;0;0;0;0;0;0;0;0;32;0;38.0;38.0;2;0;0.00;0.00;0.00;0.0;0.0
135.657;204;1448;38;55024;6.5;19.700;1.340;30;76;9;0;100;101;100;105;100;106;100;49;49;0;1.834;1.834;0.000;0.000;14.700;1.000;8.9;0.0;0;33;3.000;2.897;13.1;-400;0;0;-8.8;0;0;0;0;0;99;0;0;1849;76.62;0;0;0;0;0;0;0;0;0;0;0;0;0;0;0;0;33;0;38.0;38.0;2;0;0.00;0.00;0.00;0.0;0.0
135.722;204;1431;39;55809;6.5;19.700;1.340;30;76;9;0;100;101;100;105;100;106;100;49;49;0;1.842;1.842;0.000;0.000;14.700;1.000;8.8;0.0;0;32;3.000;2.911;13.1;-350;0;0;-8.7;0;0;0;0;0;99;0;0;1849;77.53;0;0;0;0;0;0;0;0;0;0;0;0;0;0;0;0;32;0;39.0;39.0;2;0;0.00;0.00;0.00;0.0;0.0
135.788;204;1386;39;54054;6.5;19.600;1.333;30;76;9;0;100;101;100;105;100;106;100;49;49;0;1.842;1.842;0.000;0.000;14.700;1.000;8.5;0.0;0;31;3.000;2.533;13.1;-290;0;0;-8.7;0;0;0;0;0;99;0;0;1849;80.04;0;0;0;0;0;0;0;0;0;0;0;0;0;0;0;0;31;0;39.0;39.0;2;0;0.00;0.00;0.00;0.0;0.0
135.854;204;1384;40;55360;6.5;19.700;1.340;30;76;9;0;100;101;100;105;100;106;100;50;50;0;1.858;1.858;0.000;0.000;14.700;1.000;8.6;0.0;0;31;3.000;2.778;13.1;-290;0;0;-8.6;0;0;0;0;0;99;0;0;1849;80.16;0;0;0;0;0;0;0;0;0;0;0;0;0;0;0;0;31;0;40.0;40.0;2;0;0.00;0.00;0.00;0.0;0.0
135.854;204;1355;41;55555;6.5;19.700;1.340;30;76;9;0;100;101;100;105;100;106;100;50;50;0;1.867;1.867;0.000;0.000;14.700;1.000;8.4;0.0;0;31;3.000;2.669;13.1;-270;0;0;-8.4;0;0;0;0;0;99;0;0;1849;81.87;0;0;0;0;0;0;0;0;0;0;0;0;0;0;0;0;31;0;41.0;41.0;2;0;0.00;0.00;0.00;0.0;0.0
135.989;205;1316;41;53956;6.5;19.700;1.340;30;76;9;0;100;101;100;105;100;106;100;50;50;0;1.867;1.867;0.000;0.000;14.700;1.000;8.2;0.0;0;31;3.000;2.950;13.1;-700;0;0;-8.4;0;0;0;0;0;99;0;0;1870;85.26;0;0;0;0;0;0;0;0;0;0;0;0;0;0;0;0;31;0;41.0;41.0;2;0;0.00;0.00;0.00;0.0;0.0
136.054;205;1288;42;54096;6.5;19.700;1.340;30;76;9;0;100;101;100;105;100;106;100;50;50;0;1.885;1.885;0.000;0.000;14.700;1.000;8.1;0.0;0;31;3.000;2.752;13.1;-700;0;0;-8.3;0;0;0;0;0;99;0;0;1870;87.11;0;0;0;0;0;0;0;0;0;0;0;0;0;0;0;0;31;0;42.0;42.0;2;0;0.00;0.00;0.00;0.0;0.0
136.120;205;1268;43;54524;6.5;19.700;1.340;30;76;9;0;100;101;100;105;100;106;100;51;51;0;1.901;1.901;0.000;0.000;14.700;1.000;8.0;0.0;0;31;3.000;2.669;13.1;-260;0;0;-8.1;0;0;0;0;0;99;0;0;1870;88.49;0;0;0;0;0;0;0;0;0;0;0;0;0;0;0;0;31;0;43.0;43.0;2;0;0.00;0.00;0.00;0.0;0.0
136.189;205;1224;44;53856;6.5;19.700;1.340;30;76;9;0;100;101;100;105;100;106;100;51;51;0;1.910;1.910;0.000;0.000;14.700;1.000;7.8;0.0;0;30;3.000;2.889;13.1;-670;0;0;-8.0;0;0;0;0;0;99;0;0;1870;91.67;0;0;0;0;0;0;0;0;0;0;0;0;0;0;0;0;30;0;44.0;44.0;2;0;0.00;0.00;0.00;0.0;0.0
136.255;205;1242;45;55890;6.5;19.700;1.340;30;76;9;0;100;101;100;105;100;106;100;52;52;0;1.980;1.980;0.000;0.000;14.700;1.000;8.2;0.0;0;30;3.000;2.883;12.8;-670;0;0;-7.8;0;0;0;0;0;99;0;0;1870;90.34;0;0;0;0;0;0;0;0;0;0;0;0;0;0;0;0;30;0;45.0;45.0;2;0;0.00;0.00;0.00;0.0;0.0
136.321;205;1221;45;54945;6.5;19.700;1.340;30;76;9;0;100;101;100;105;100;106;100;52;52;0;1.980;1.980;0.000;0.000;14.700;1.000;8.1;0.0;0;30;3.000;2.717;12.8;270;0;0;-7.8;0;0;0;0;0;99;0;0;1870;91.89;0;0;0;0;0;0;0;0;0;0;0;0;0;0;0;0;30;0;45.0;45.0;2;0;0.00;0.00;0.00;0.0;0.0
136.390;205;1215;46;55890;6.5;19.600;1.333;30;76;9;0;100;101;100;105;100;106;100;52;52;0;1.990;1.990;0.000;0.000;14.700;1.000;8.1;0.0;0;30;3.000;2.976;12.8;-330;0;0;-7.7;0;0;0;0;0;99;0;0;1870;92.35;0;0;0;0;0;0;0;0;0;0;0;0;0;0;0;0;30;0;46.0;46.0;2;0;0.00;0.00;0.00;0.0;0.0
136.456;205;1222;46;56212;6.5;19.700;1.340;30;76;9;0;100;101;100;105;100;106;100;52;52;0;1.990;1.990;0.000;0.000;14.700;1.000;8.1;0.0;0;30;3.000;2.807;12.8;-330;0;0;-7.7;0;0;0;0;0;99;0;0;1870;91.82;0;0;0;0;0;0;0;0;0;0;0;0;0;0;0;0;30;0;46.0;46.0;2;0;0.00;0.00;0.00;0.0;0.0
136.522;205;1215;46;55890;6.5;19.700;1.340;30;76;9;0;100;101;100;105;100;106;100;52;52;0;1.978;1.978;0.000;0.000;14.700;1.000;8.0;0.0;0;30;3.000;2.842;12.9;110;0;0;-7.7;0;0;0;0;0;99;0;0;1870;92.35;0;0;0;0;0;0;0;0;0;0;0;0;0;0;0;0;30;0;46.0;46.0;2;0;0.00;0.00;0.00;0.0;0.0
136.587;205;1208;46;55568;6.5;19.700;1.340;30;76;9;0;100;101;100;105;100;106;100;52;52;0;1.978;1.978;0.000;0.000;14.700;1.000;8.0;0.0;0;30;3.000;3.005;12.9;-180;0;0;-7.7;0;0;0;0;0;99;0;0;1870;92.88;0;0;0;0;0;0;0;0;0;0;0;0;0;0;0;0;30;0;46.0;46.0;2;0;0.00;0.00;0.00;0.0;0.0
136.587;205;1215;46;55890;6.5;19.600;1.333;30;76;9;0;100;101;100;105;100;106;100;52;52;0;1.978;1.978;0.000;0.000;14.700;1.000;8.0;0.0;0;30;3.000;2.998;12.9;-180;0;0;-7.7;0;0;0;0;0;99;0;0;1870;92.35;0;0;0;0;0;0;0;0;0;0;0;0;0;0;0;0;30;0;46.0;46.0;2;0;0.00;0.00;0.00;0.0;0.0
136.723;205;1224;46;56304;6.5;19.700;1.340;30;76;9;0;100;101;100;105;100;106;100;52;52;0;1.978;1.978;0.000;0.000;14.700;1.000;8.1;0.0;0;30;3.000;2.730;12.9;240;0;0;-7.7;0;0;0;0;0;99;0;0;1870;91.67;0;0;0;0;0;0;0;0;0;0;0;0;0;0;0;0;30;0;46.0;46.0;2;0;0.00;0.00;0.00;0.0;0.0
136.788;205;1200;46;55200;6.5;19.700;1.340;30;76;9;0;100;101;100;105;100;106;100;52;52;0;1.966;1.966;0.000;0.000;14.700;1.000;7.9;0.0;0;30;3.000;2.892;13.0;-300;0;0;-7.7;0;0;0;0;0;99;0;0;1870;93.50;0;0;0;0;0;0;0;0;0;0;0;0;0;0;0;0;30;0;46.0;46.0;2;0;0.00;0.00;0.00;0.0;0.0
136.854;205;1208;46;55568;6.5;19.700;1.340;30;76;9;0;100;101;100;105;100;106;100;52;52;0;1.966;1.966;0.000;0.000;14.700;1.000;7.9;0.0;0;30;3.000;3.068;13.0;-300;0;0;-7.7;0;0;0;0;0;99;0;0;1870;92.88;0;0;0;0;0;0;0;0;0;0;0;0;0;0;0;0;30;0;46.0;46.0;2;0;0.00;0.00;0.00;0.0;0.0
136.919;205;1199;46;55154;6.5;19.600;1.333;30;76;9;0;100;101;100;105;100;106;100;52;52;0;1.966;1.966;0.000;0.000;14.700;1.000;7.9;0.0;0;30;3.000;2.813;13.0;190;0;0;-7.7;0;0;0;0;0;99;0;0;1870;93.58;0;0;0;0;0;0;0;0;0;0;0;0;0;0;0;0;30;0;46.0;46.0;2;0;0.00;0.00;0.00;0.0;0.0
136.989;206;1211;47;56917;6.5;19.700;1.340;30;76;9;0;100;101;100;105;100;106;100;53;53;0;2.020;2.020;0.000;0.000;14.600;0.993;8.2;0.0;0;30;3.000;3.186;12.7;-230;0;0;-7.5;0;0;0;0;0;99;0;0;1867;92.50;0;0;0;0;0;0;0;0;0;0;0;0;0;0;0;0;30;0;47.0;47.0;2;0;0.00;0.00;0.00;0.0;0.0
137.058;206;1219;42;51198;6.5;19.700;1.340;30;76;9;0;100;101;100;105;100;106;100;50;50;0;1.933;1.933;0.000;0.000;14.700;1.000;7.9;0.0;0;30;3.000;2.934;12.7;-230;0;0;-8.3;0;0;0;0;0;99;0;0;1867;91.89;0;0;0;0;0;0;0;0;0;0;0;0;0;0;0;0;30;0;42.0;42.0;2;0;0.00;0.00;0.00;0.0;0.0
137.123;206;1226;46;56396;6.5;19.700;1.340;30;76;9;0;100;101;100;105;100;106;100;52;52;0;2.002;2.002;0.000;0.000;14.700;1.000;8.2;0.0;0;30;3.000;2.752;12.7;350;0;0;-7.7;0;0;0;0;0;99;0;0;1867;91.37;0;0;0;0;0;0;0;0;0;0;0;0;0;0;0;0;30;0;46.0;46.0;2;0;0.00;0.00;0.00;0.0;0.0
137.191;206;1225;46;56350;6.5;19.700;1.340;30;76;9;0;100;101;100;105;100;106;100;52;52;0;2.002;2.002;0.000;0.000;14.700;1.000;8.2;0.0;0;30;3.000;3.010;12.7;-80;0;0;-7.7;0;0;0;0;0;99;0;0;1867;91.44;0;0;0;0;0;0;0;0;0;0;0;0;0;0;0;0;30;0;46.0;46.0;2;0;0.00;0.00;0.00;0.0;0.0
137.261;206;1258;45;56610;6.5;19.700;1.340;30;76;9;0;100;101;100;105;100;106;100;52;52;0;1.968;1.968;0.000;0.000;14.700;1.000;8.3;0.0;0;31;3.000;3.207;12.9;-80;0;0;-7.8;0;0;0;0;0;99;0;0;1867;89.05;0;0;0;0;0;0;0;0;0;0;0;0;0;0;0;0;31;0;45.0;45.0;2;0;0.00;0.00;0.00;0.0;0.0
137.333;206;1250;45;56250;6.5;19.700;1.340;30;76;9;0;100;101;100;105;100;106;100;52;52;0;1.968;1.968;0.000;0.000;14.700;1.000;8.2;0.0;0;31;3.000;2.773;12.9;330;0;0;-7.8;0;0;0;0;0;99;0;0;1867;89.62;0;0;0;0;0;0;0;0;0;0;0;0;0;0;0;0;31;0;45.0;45.0;2;0;0.00;0.00;0.00;0.0;0.0
137.333;206;1284;44;56496;6.5;19.700;1.340;30;76;9;0;100;101;100;105;100;106;100;51;51;0;1.934;1.934;0.000;0.000;14.700;1.000;8.3;0.0;0;31;3.000;2.986;12.9;180;0;0;-8.0;0;0;0;0;0;99;0;0;1867;87.24;0;0;0;0;0;0;0;0;0;0;0;0;0;0;0;0;31;0;44.0;44.0;2;0;0.00;0.00;0.00;0.0;0.0
137.405;206;1293;44;56892;6.5;19.700;1.340;30;76;9;0;100;101;100;105;100;106;100;51;51;0;1.934;1.934;0.000;0.000;14.700;1.000;8.3;0.0;0;31;3.000;3.016;12.9;180;0;0;-8.0;0;0;0;0;0;99;0;0;1867;86.64;0;0;0;0;0;0;0;0;0;0;0;0;0;0;0;0;31;0;44.0;44.0;2;0;0.00;0.00;0.00;0.0;0.0
137.533;206;1287;44;56628;6.5;19.700;1.340;30;76;9;0;100;101;100;105;100;106;100;51;51;0;1.934;1.934;0.000;0.000;14.700;1.000;8.3;0.0;0;31;3.000;2.809;12.9;130;0;0;-8.0;0;0;0;0;0;99;0;0;1867;87.04;0;0;0;0;0;0;0;0;0;0;0;0;0;0;0;0;31;0;44.0;44.0;2;0;0.00;0.00;0.00;0.0;0.0
137.533;206;1312;43;56416;6.5;19.700;1.340;30;76;9;0;100;101;100;105;100;106;100;51;51;0;1.925;1.925;0.000;0.000;14.700;1.000;8.4;0.0;0;31;3.000;2.955;12.9;230;0;0;-8.1;0;0;0;0;0;99;0;0;1867;85.38;0;0;0;0;0;0;0;0;0;0;0;0;0;0;0;0;31;0;43.0;43.0;2;0;0.00;0.00;0.00;0.0;0.0
137.663;206;1330;43;57190;6.5;19.700;1.340;30;76;9;0;100;101;100;105;100;106;100;52;52;0;1.941;1.941;0.000;0.000;14.700;1.000;8.6;0.0;0;31;3.000;2.974;12.9;230;0;0;-8.1;0;0;0;0;0;99;0;0;1867;84.23;0;0;0;0;0;0;0;0;0;0;0;0;0;0;0;0;31;0;43.0;43.0;2;0;0.00;0.00;0.00;0.0;0.0
137.728;206;1339;42;56238;6.5;19.700;1.340;30;76;9;0;100;101;100;105;100;106;100;51;51;0;1.916;1.916;0.000;0.000;14.700;1.000;8.6;0.0;0;31;3.000;3.016;12.9;230;0;0;-8.3;0;0;0;0;0;99;0;0;1867;83.66;0;0;0;0;0;0;0;0;0;0;0;0;0;0;0;0;31;0;42.0;42.0;2;0;0.00;0.00;0.00;0.0;0.0
137.792;206;1333;42;55986;6.5;19.700;1.340;30;76;9;0;100;101;100;105;100;106;100;51;51;0;1.916;1.916;0.000;0.000;14.700;1.000;8.5;0.0;0;31;3.000;2.737;12.9;230;0;0;-8.3;0;0;0;0;0;99;0;0;1867;84.04;0;0;0;0;0;0;0;0;0;0;0;0;0;0;0;0;31;0;42.0;42.0;2;0;0.00;0.00;0.00;0.0;0.0
137.861;206;1357;41;55637;6.5;19.700;1.340;30;76;9;0;100;101;100;105;100;106;100;50;50;0;1.891;1.891;0.000;0.000;14.700;1.000;8.6;0.0;0;31;3.000;2.987;12.9;-20;0;0;-8.4;0;0;0;0;0;99;0;0;1867;82.55;0;0;0;0;0;0;0;0;0;0;0;0;0;0;0;0;31;0;41.0;41.0;2;0;0.00;0.00;0.00;0.0;0.0
137.861;206;1366;42;57372;6.5;19.700;1.340;30;76;9;0;100;101;100;105;100;106;100;51;51;0;1.916;1.916;0.000;0.000;14.700;1.000;8.7;0.0;0;31;3.000;2.874;12.9;370;0;0;-8.3;0;0;0;0;0;99;0;0;1867;82.01;0;0;0;0;0;0;0;0;0;0;0;0;0;0;0;0;31;0;42.0;42.0;2;0;0.00;0.00;0.00;0.0;0.0
137.996;206;1382;41;56662;6.5;19.700;1.340;30;76;9;0;100;101;100;105;100;106;100;50;50;0;1.891;1.891;0.000;0.000;14.700;1.000;8.7;0.0;0;31;3.000;3.163;12.9;370;0;0;-8.4;0;0;0;0;0;99;0;0;1867;81.06;0;0;0;0;0;0;0;0;0;0;0;0;0;0;0;0;31;0;41.0;41.0;2;0;0.00;0.00;0.00;0.0;0.0
138.062;207;1382;41;56662;6.5;19.700;1.340;30;76;9;0;100;101;100;105;100;106;100;50;50;0;1.903;1.903;0.000;0.000;14.700;1.000;8.8;0.0;0;31;3.000;2.920;12.8;120;0;0;-8.4;0;0;0;0;0;99;0;0;1858;80.67;0;0;0;0;0;0;0;0;0;0;0;0;0;0;0;0;31;0;41.0;41.0;2;0;0.00;0.00;0.00;0.0;0.0
138.128;207;1389;40;55560;6.5;19.700;1.340;30;76;9;0;100;101;100;105;100;106;100;50;50;0;1.894;1.894;0.000;0.000;14.700;1.000;8.8;0.0;0;31;3.000;2.849;12.8;100;0;0;-8.6;0;0;0;0;0;99;0;0;1858;80.26;0;0;0;0;0;0;0;0;0;0;0;0;0;0;0;0;31;0;40.0;40.0;2;0;0.00;0.00;0.00;0.0;0.0
138.193;207;1391;41;57031;6.5;19.700;1.340;30;76;9;0;100;101;100;105;100;106;100;50;50;0;1.903;1.903;0.000;0.000;14.700;1.000;8.8;0.0;0;31;3.000;2.893;12.8;100;0;0;-8.4;0;0;0;0;0;99;0;0;1858;80.14;0;0;0;0;0;0;0;0;0;0;0;0;0;0;0;0;31;0;41.0;41.0;2;0;0.00;0.00;0.00;0.0;0.0
138.193;207;1393;40;55720;6.5;19.700;1.340;30;76;9;0;100;101;100;105;100;106;100;50;50;0;1.870;1.870;0.000;0.000;14.700;1.000;8.7;0.0;0;31;3.000;2.917;13.0;10;0;0;-8.6;0;0;0;0;0;99;0;0;1858;80.03;0;0;0;0;0;0;0;0;0;0;0;0;0;0;0;0;31;0;40.0;40.0;2;0;0.00;0.00;0.00;0.0;0.0
138.328;207;1392;40;55680;6.5;19.700;1.340;30;76;9;0;100;101;100;105;100;106;100;50;50;0;1.870;1.870;0.000;0.000;14.700;1.000;8.7;0.0;0;31;3.000;2.785;13.0;80;0;0;-8.6;0;0;0;0;0;99;0;0;1858;80.09;0;0;0;0;0;0;0;0;0;0;0;0;0;0;0;0;31;0;40.0;40.0;2;0;0.00;0.00;0.00;0.0;0.0
138.395;207;1378;40;55120;6.5;19.700;1.340;30;76;9;0;100;101;100;105;100;106;100;50;50;0;1.870;1.870;0.000;0.000;14.700;1.000;8.6;0.0;0;31;3.000;2.818;13.0;80;0;0;-8.6;0;0;0;0;0;99;0;0;1858;80.90;0;0;0;0;0;0;0;0;0;0;0;0;0;0;0;0;31;0;40.0;40.0;2;0;0.00;0.00;0.00;0.0;0.0
138.459;207;1368;40;54720;6.5;19.700;1.340;30;76;9;0;100;101;100;105;100;106;100;50;50;0;1.870;1.870;0.000;0.000;14.700;1.000;8.5;0.0;0;31;3.000;2.804;13.0;-230;0;0;-8.6;0;0;0;0;0;99;0;0;1858;81.49;0;0;0;0;0;0;0;0;0;0;0;0;0;0;0;0;31;0;40.0;40.0;2;0;0.00;0.00;0.00;0.0;0.0
138.525;207;1352;41;55432;6.5;19.700;1.340;30;76;9;0;100;101;100;105;100;106;100;50;50;0;1.867;1.867;0.000;0.000;14.700;1.000;8.4;0.0;0;31;3.000;2.930;13.1;-260;0;0;-8.4;0;0;0;0;0;99;0;0;1858;82.46;0;0;0;0;0;0;0;0;0;0;0;0;0;0;0;0;31;0;41.0;41.0;2;0;0.00;0.00;0.00;0.0;0.0
138.596;207;1322;41;54202;6.5;19.700;1.340;30;76;9;0;100;101;100;105;100;106;100;50;50;0;1.867;1.867;0.000;0.000;14.700;1.000;8.2;0.0;0;31;3.000;2.685;13.1;-260;0;0;-8.4;0;0;0;0;0;99;0;0;1858;84.33;0;0;0;0;0;0;0;0;0;0;0;0;0;0;0;0;31;0;41.0;41.0;2;0;0.00;0.00;0.00;0.0;0.0
138.596;207;1318;42;55356;6.5;19.700;1.340;30;76;9;0;100;101;100;105;100;106;100;51;51;0;1.892;1.892;0.000;0.000;14.700;1.000;8.3;0.0;0;31;3.000;2.886;13.1;-300;0;0;-8.3;0;0;0;0;0;99;0;0;1858;84.58;0;0;0;0;0;0;0;0;0;0;0;0;0;0;0;0;31;0;42.0;42.0;2;0;0.00;0.00;0.00;0.0;0.0
138.725;207;1278;43;54954;6.5;19.700;1.340;30;76;9;0;100;101;100;105;100;106;100;51;51;0;1.901;1.901;0.000;0.000;14.700;1.000;8.1;0.0;0;31;3.000;2.648;13.1;-440;0;0;-8.1;0;0;0;0;0;99;0;0;1858;87.23;0;0;0;0;0;0;0;0;0;0;0;0;0;0;0;0;31;0;43.0;43.0;2;0;0.00;0.00;0.00;0.0;0.0
138.791;207;1261;44;55484;6.5;19.700;1.340;30;76;9;0;100;101;100;105;100;106;100;51;51;0;1.910;1.910;0.000;0.000;14.700;1.000;8.0;0.0;0;31;3.000;2.929;13.1;-440;0;0;-8.0;0;0;0;0;0;99;0;0;1858;88.41;0;0;0;0;0;0;0;0;0;0;0;0;0;0;0;0;31;0;44.0;44.0;2;0;0.00;0.00;0.00;0.0;0.0
138.856;207;1228;45;55260;6.5;19.700;1.340;30;76;9;0;100;101;100;105;100;106;100;52;52;0;1.944;1.944;0.000;0.000;14.700;1.000;8.0;0.0;0;30;3.000;2.563;13.1;-260;0;0;-7.8;0;0;0;0;0;99;0;0;1858;90.78;0;0;0;0;0;0;0;0;0;0;0;0;0;0;0;0;30;0;45.0;45.0;2;0;0.00;0.00;0.00;0.0;0.0
138.929;207;1206;45;54270;6.5;19.700;1.340;30;76;9;0;100;101;100;105;100;106;100;52;52;0;1.944;1.944;0.000;0.000;14.700;1.000;7.8;0.0;0;30;3.000;2.731;13.1;-360;0;0;-7.8;0;0;0;0;0;99;0;0;1858;92.44;0;0;0;0;0;0;0;0;0;0;0;0;0;0;0;0;30;0;45.0;45.0;2;0;0.00;0.00;0.00;0.0;0.0
138.998;207;1211;46;55706;6.5;19.700;1.340;30;76;9;0;100;101;100;105;100;106;100;52;52;0;1.954;1.954;0.000;0.000;14.700;1.000;7.9;0.0;0;30;3.000;3.102;13.1;-360;0;0;-7.7;0;0;0;0;0;99;0;0;1858;92.06;0;0;0;0;0;0;0;0;0;0;0;0;0;0;0;0;30;0;46.0;46.0;2;0;0.00;0.00;0.00;0.0;0.0
139.064;208;1181;46;54326;6.5;19.700;1.340;30;76;9;0;100;101;100;105;100;106;100;52;52;0;1.954;1.954;0.000;0.000;14.700;1.000;7.7;0.0;0;30;3.000;2.480;13.1;-80;0;0;-7.7;0;0;0;0;0;99;0;0;1859;94.45;0;0;0;0;0;0;0;0;0;0;0;0;0;0;0;0;30;0;46.0;46.0;2;0;0.00;0.00;0.00;0.0;0.0
139.130;208;1186;47;55742;6.5;19.700;1.340;30;76;9;0;100;101;100;105;100;106;100;53;53;0;1.972;1.972;0.000;0.000;14.600;0.993;7.8;0.0;0;30;3.000;2.767;13.1;-250;0;0;-7.5;0;0;0;0;0;99;0;0;1859;94.05;0;0;0;0;0;0;0;0;0;0;0;0;0;0;0;0;30;0;47.0;47.0;2;0;0.00;0.00;0.00;0.0;0.0
139.199;208;1181;48;56688;6.5;19.700;1.340;30;76;9;0;100;101;100;105;100;106;100;54;54;0;1.989;1.989;0.000;0.000;14.600;0.993;7.8;0.0;0;30;3.000;2.871;13.1;-250;0;0;-7.4;0;0;0;0;0;99;0;0;1859;94.45;0;0;0;0;0;0;0;0;0;0;0;0;0;0;0;0;30;0;48.0;48.0;2;0;0.00;0.00;0.00;0.0;0.0
139.267;208;1150;47;54050;6.5;19.700;1.340;30;76;9;0;100;101;100;105;100;106;100;53;53;0;1.972;1.972;0.000;0.000;14.600;0.993;7.6;0.0;0;30;3.000;2.705;13.1;-160;0;0;-7.5;0;0;0;0;0;99;0;0;1859;96.99;0;0;0;0;0;0;0;0;0;0;0;0;0;0;0;0;30;0;47.0;47.0;2;0;0.00;0.00;0.00;0.0;0.0
139.335;208;1166;48;55968;6.5;19.700;1.340;30;76;9;0;100;101;100;105;100;106;100;53;53;0;1.982;1.982;0.000;0.000;14.500;0.986;7.7;0.0;0;30;3.000;2.653;13.1;40;0;0;-7.4;0;0;0;0;0;99;0;0;1859;95.66;0;0;0;0;0;0;0;0;0;0;0;0;0;0;0;0;30;0;48.0;48.0;2;0;0.00;0.00;0.00;0.0;0.0
139.405;208;1150;48;55200;6.5;19.700;1.340;30;76;9;0;100;101;100;105;100;106;100;53;53;0;1.982;1.982;0.000;0.000;14.600;0.993;7.6;0.0;0;30;3.000;2.656;13.1;40;0;0;-7.4;0;0;0;0;0;99;0;0;1859;96.99;0;0;0;0;0;0;0;0;0;0;0;0;0;0;0;0;30;0;48.0;48.0;2;0;0.00;0.00;0.00;0.0;0.0
139.405;208;1127;49;55223;6.5;19.700;1.340;30;76;9;0;100;101;100;105;100;106;100;54;54;0;2.008;2.008;0.000;0.000;14.400;0.980;7.5;0.0;0;30;3.000;2.730;13.1;-330;0;0;-7.3;0;0;0;0;0;99;0;0;1859;98.97;0;0;0;0;0;0;0;0;0;0;0;0;0;0;0;0;30;0;49.0;49.0;2;0;0.00;0.00;0.00;0.0;0.0
139.531;208;1130;49;55370;6.5;19.700;1.340;30;77;9;0;100;101;100;104;100;105;100;54;54;0;1.999;1.999;0.000;0.000;14.400;0.980;7.5;0.0;0;31;3.000;2.839;13.1;-80;0;0;-7.3;0;0;0;0;0;99;0;0;1859;98.71;0;0;0;0;0;0;0;0;0;0;0;0;0;0;0;0;31;0;49.0;49.0;2;0;0.00;0.00;0.00;0.0;0.0
139.593;208;1113;49;54537;6.5;19.700;1.340;30;77;9;0;100;101;100;104;100;105;100;54;54;0;1.999;1.999;0.000;0.000;14.400;0.980;7.4;0.0;0;30;3.000;2.679;13.1;-80;0;0;-7.3;0;0;0;0;0;99;0;0;1859;100.22;0;0;0;0;0;0;0;0;0;0;0;0;0;0;0;0;30;0;49.0;49.0;2;0;0.00;0.00;0.00;0.0;0.0
139.658;208;1108;50;55400;6.5;19.700;1.340;30;77;9;0;100;101;100;104;100;105;100;55;55;0;2.018;2.018;0.000;0.000;14.400;0.980;7.5;0.0;0;30;3.000;2.777;13.1;-230;0;0;-7.1;0;0;0;0;0;99;0;0;1859;100.67;0;0;0;0;0;0;0;0;0;0;0;0;0;0;0;0;30;0;50.0;50.0;2;0;0.00;0.00;0.00;0.0;0.0
139.724;208;1139;50;56950;6.5;19.700;1.340;30;77;9;0;100;101;100;104;100;105;100;55;55;0;2.018;2.018;0.000;0.000;14.400;0.980;7.7;0.0;0;30;3.000;3.327;13.1;-230;0;0;-7.1;0;0;0;0;0;99;0;0;1859;97.93;0;0;0;0;0;0;0;0;0;0;0;0;0;0;0;0;30;0;50.0;50.0;2;0;0.00;0.00;0.00;0.0;0.0
139.789;208;1133;50;56650;6.5;19.700;1.340;30;77;9;0;100;101;100;104;100;105;100;55;55;0;2.030;2.030;0.000;0.000;14.400;0.980;7.7;0.0;0;30;3.000;2.623;13.0;320;0;0;-7.1;0;0;0;0;0;99;0;0;1859;98.45;0;0;0;0;0;0;0;0;0;0;0;0;0;0;0;0;30;0;50.0;50.0;2;0;0.00;0.00;0.00;0.0;0.0
139.789;208;1132;49;55468;6.5;19.700;1.340;30;77;9;0;100;101;100;104;100;105;100;54;54;0;2.011;2.011;0.000;0.000;14.400;0.980;7.6;0.0;0;30;3.000;2.813;13.0;-60;0;0;-7.3;0;0;0;0;0;99;0;0;1859;98.53;0;0;0;0;0;0;0;0;0;0;0;0;0;0;0;0;30;0;49.0;49.0;2;0;0.00;0.00;0.00;0.0;0.0
139.925;208;1169;49;57281;6.5;19.700;1.340;30;77;9;0;100;101;100;104;100;105;100;54;54;0;2.011;2.011;0.000;0.000;14.400;0.980;7.8;0.0;0;31;3.000;3.197;13.0;-60;0;0;-7.3;0;0;0;0;0;99;0;0;1859;95.41;0;0;0;0;0;0;0;0;0;0;0;0;0;0;0;0;31;0;49.0;49.0;2;0;0.00;0.00;0.00;0.0;0.0
139.925;208;1181;48;56688;6.5;19.700;1.340;30;77;9;0;100;101;100;104;100;105;100;54;54;0;1.992;1.992;0.000;0.000;14.600;0.993;7.8;0.0;0;30;3.000;2.936;13.0;360;0;0;-7.4;0;0;0;0;0;99;0;0;1859;94.45;0;0;0;0;0;0;0;0;0;0;0;0;0;0;0;0;30;0;48.0;48.0;2;0;0.00;0.00;0.00;0.0;0.0
139.990;209;1187;48;56976;6.5;19.700;1.340;30;77;9;0;100;101;100;104;100;105;100;54;54;0;1.992;1.992;0.000;0.000;14.500;0.986;7.9;0.0;0;31;3.000;3.071;13.0;120;0;0;-7.4;0;0;0;0;0;99;0;0;1864;94.22;0;0;0;0;0;0;0;0;0;0;0;0;0;0;0;0;31;0;48.0;48.0;2;0;0.00;0.00;0.00;0.0;0.0
140.125;209;1237;47;58139;6.5;19.700;1.340;30;77;9;0;100;101;100;104;100;105;100;53;53;0;1.976;1.976;0.000;0.000;14.600;0.993;8.1;0.0;0;30;3.000;3.300;13.0;120;0;0;-7.5;0;0;0;0;0;99;0;0;1864;90.41;0;0;0;0;0;0;0;0;0;0;0;0;0;0;0;0;30;0;47.0;47.0;2;0;0.00;0.00;0.00;0.0;0.0
140.125;209;1258;46;57868;6.5;19.700;1.340;30;77;9;0;100;101;100;104;100;105;100;52;52;0;1.958;1.958;0.000;0.000;14.700;1.000;8.2;0.0;0;31;3.000;3.214;13.0;560;0;0;-7.7;0;0;0;0;0;99;0;0;1864;88.90;0;0;0;0;0;0;0;0;0;0;0;0;0;0;0;0;31;0;46.0;46.0;2;0;0.00;0.00;0.00;0.0;0.0
140.256;209;1277;45;57465;6.5;19.700;1.340;30;77;9;0;100;101;100;104;100;105;100;52;52;0;1.948;1.948;0.000;0.000;14.700;1.000;8.3;0.0;0;31;3.000;2.885;13.0;370;0;0;-7.8;0;0;0;0;0;99;0;0;1864;87.58;0;0;0;0;0;0;0;0;0;0;0;0;0;0;0;0;31;0;45.0;45.0;2;0;0.00;0.00;0.00;0.0;0.0
140.322;209;1286;44;56584;6.5;19.700;1.340;30;77;9;0;100;101;100;104;100;105;100;51;51;0;1.903;1.903;0.000;0.000;14.700;1.000;8.2;0.0;0;31;3.000;2.906;13.1;370;0;0;-8.0;0;0;0;0;0;99;0;0;1864;86.97;0;0;0;0;0;0;0;0;0;0;0;0;0;0;0;0;31;0;44.0;44.0;2;0;0.00;0.00;0.00;0.0;0.0
140.322;209;1291;44;56804;6.5;19.700;1.340;30;77;9;0;100;101;100;104;100;105;100;51;51;0;1.903;1.903;0.000;0.000;14.700;1.000;8.2;0.0;0;31;3.000;2.808;13.1;140;0;0;-8.0;0;0;0;0;0;99;0;0;1864;86.63;0;0;0;0;0;0;0;0;0;0;0;0;0;0;0;0;31;0;44.0;44.0;2;0;0.00;0.00;0.00;0.0;0.0
140.457;209;1310;43;56330;6.5;19.700;1.340;30;77;9;0;100;101;100;104;100;105;100;51;51;0;1.893;1.893;0.000;0.000;14.700;1.000;8.3;0.0;0;31;3.000;2.921;13.1;250;0;0;-8.1;0;0;0;0;0;99;0;0;1864;85.37;0;0;0;0;0;0;0;0;0;0;0;0;0;0;0;0;31;0;43.0;43.0;2;0;0.00;0.00;0.00;0.0;0.0
140.457;209;1319;43;56717;6.5;19.700;1.340;30;77;9;0;100;101;100;104;100;105;100;51;51;0;1.893;1.893;0.000;0.000;14.700;1.000;8.3;0.0;0;31;3.000;3.067;13.1;250;0;0;-8.1;0;0;0;0;0;99;0;0;1864;84.79;0;0;0;0;0;0;0;0;0;0;0;0;0;0;0;0;31;0;43.0;43.0;2;0;0.00;0.00;0.00;0.0;0.0
140.523;209;1341;43;57663;6.5;19.700;1.340;30;77;9;0;100;101;100;104;100;105;100;51;51;0;1.881;1.881;0.000;0.000;14.700;1.000;8.4;0.0;0;31;3.000;3.106;13.2;120;0;0;-8.1;0;0;0;0;0;99;0;0;1864;83.40;0;0;0;0;0;0;0;0;0;0;0;0;0;0;0;0;31;0;43.0;43.0;2;0;0.00;0.00;0.00;0.0;0.0
140.654;209;1330;42;55860;6.5;19.700;1.340;30;77;9;0;100;101;100;104;100;105;100;51;51;0;1.873;1.873;0.000;0.000;14.700;1.000;8.3;0.0;0;31;3.000;2.676;13.2;210;0;0;-8.3;0;0;0;0;0;99;0;0;1864;84.09;0;0;0;0;0;0;0;0;0;0;0;0;0;0;0;0;31;0;42.0;42.0;2;0;0.00;0.00;0.00;0.0;0.0
140.724;209;1332;42;55944;6.5;19.700;1.340;30;77;9;0;100;101;100;104;100;105;100;51;51;0;1.873;1.873;0.000;0.000;14.700;1.000;8.3;0.0;0;31;3.000;2.809;13.2;210;0;0;-8.3;0;0;0;0;0;99;0;0;1864;83.96;0;0;0;0;0;0;0;0;0;0;0;0;0;0;0;0;31;0;42.0;42.0;2;0;0.00;0.00;0.00;0.0;0.0
140.789;209;1327;42;55734;6.5;19.700;1.340;30;77;9;0;100;101;100;104;100;105;100;51;51;0;1.873;1.873;0.000;0.000;14.700;1.000;8.3;0.0;0;31;3.000;2.838;13.2;-240;0;0;-8.3;0;0;0;0;0;99;0;0;1864;84.28;0;0;0;0;0;0;0;0;0;0;0;0;0;0;0;0;31;0;42.0;42.0;2;0;0.00;0.00;0.00;0.0;0.0
140.854;209;1300;43;55900;6.5;19.700;1.340;30;77;9;0;100;101;100;104;100;105;100;51;51;0;1.881;1.881;0.000;0.000;14.700;1.000;8.2;0.0;0;31;3.000;2.635;13.2;-230;0;0;-8.1;0;0;0;0;0;99;0;0;1864;86.03;0;0;0;0;0;0;0;0;0;0;0;0;0;0;0;0;31;0;43.0;43.0;2;0;0.00;0.00;0.00;0.0;0.0
140.920;209;1260;43;54180;6.5;19.700;1.340;30;77;9;0;100;101;100;104;100;105;100;51;51;0;1.881;1.881;0.000;0.000;14.700;1.000;7.9;0.0;0;31;3.000;2.679;13.2;-230;0;0;-8.1;0;0;0;0;0;99;0;0;1864;88.76;0;0;0;0;0;0;0;0;0;0;0;0;0;0;0;0;31;0;43.0;43.0;2;0;0.00;0.00;0.00;0.0;0.0
140.920;209;1255;44;55220;6.5;19.700;1.340;30;77;9;0;100;101;100;104;100;105;100;51;51;0;1.891;1.891;0.000;0.000;14.700;1.000;7.9;0.0;0;31;3.000;2.876;13.2;-360;0;0;-8.0;0;0;0;0;0;99;0;0;1864;89.12;0;0;0;0;0;0;0;0;0;0;0;0;0;0;0;0;31;0;44.0;44.0;2;0;0.00;0.00;0.00;0.0;0.0
141.055;210;1206;45;54270;6.5;19.700;1.340;30;77;9;0;100;101;100;104;100;105;100;52;52;0;1.924;1.924;0.000;0.000;14.700;1.000;7.7;0.0;0;30;3.000;2.730;13.2;-570;0;0;-7.8;0;0;0;0;0;99;0;0;1864;92.74;0;0;0;0;0;0;0;0;0;0;0;0;0;0;0;0;30;0;45.0;45.0;2;0;0.00;0.00;0.00;0.0;0.0
141.121;210;1180;46;54280;6.5;19.700;1.340;30;77;9;0;100;101;100;104;100;105;100;52;52;0;1.934;1.934;0.000;0.000;14.700;1.000;7.6;0.0;0;30;3.000;2.862;13.2;-570;0;0;-7.7;0;0;0;0;0;99;0;0;1864;94.78;0;0;0;0;0;0;0;0;0;0;0;0;0;0;0;0;30;0;46.0;46.0;2;0;0.00;0.00;0.00;0.0;0.0
141.193;210;1203;47;56541;6.5;19.700;1.340;30;77;9;0;100;101;100;104;100;105;100;53;53;0;1.952;1.952;0.000;0.000;14.700;1.000;7.8;0.0;0;30;3.000;3.038;13.2;-70;0;0;-7.5;0;0;0;0;0;99;0;0;1864;92.97;0;0;0;0;0;0;0;0;0;0;0;0;0;0;0;0;30;0;47.0;47.0;2;0;0.00;0.00;0.00;0.0;0.0
141.260;210;1166;47;54802;6.5;19.700;1.340;30;77;9;0;100;101;100;104;100;105;100;53;53;0;1.952;1.952;0.000;0.000;14.700;1.000;7.6;0.0;0;30;3.000;2.718;13.2;-330;0;0;-7.5;0;0;0;0;0;99;0;0;1864;95.92;0;0;0;0;0;0;0;0;0;0;0;0;0;0;0;0;30;0;47.0;47.0;2;0;0.00;0.00;0.00;0.0;0.0
141.330;210;1161;48;55728;6.5;19.700;1.340;30;77;9;0;100;101;100;104;100;105;100;53;53;0;1.961;1.961;0.000;0.000;14.500;0.986;7.6;0.0;0;30;3.000;2.764;13.2;-330;0;0;-7.4;0;0;0;0;0;99;0;0;1864;96.33;0;0;0;0;0;0;0;0;0;0;0;0;0;0;0;0;30;0;48.0;48.0;2;0;0.00;0.00;0.00;0.0;0.0
141.399;210;1190;48;57120;6.5;19.700;1.340;30;77;9;0;100;101;100;104;100;105;100;54;54;0;1.968;1.968;0.000;0.000;14.600;0.993;7.8;0.0;0;31;3.000;2.989;13.2;210;0;0;-7.4;0;0;0;0;0;99;0;0;1864;93.98;0;0;0;0;0;0;0;0;0;0;0;0;0;0;0;0;31;0;48.0;48.0;2;0;0.00;0.00;0.00;0.0;0.0
141.462;210;1148;48;55104;6.5;19.700;1.340;30;77;9;0;100;101;100;104;100;105;100;54;54;0;1.968;1.968;0.000;0.000;14.600;0.993;7.5;0.0;0;31;3.000;2.796;13.2;-390;0;0;-7.4;0;0;0;0;0;99;0;0;1864;97.42;0;0;0;0;0;0;0;0;0;0;0;0;0;0;0;0;31;0;48.0;48.0;2;0;0.00;0.00;0.00;0.0;0.0
141.527;210;1149;48;55152;6.5;19.700;1.340;30;77;9;0;100;101;100;104;100;105;100;53;53;0;1.961;1.961;0.000;0.000;14.500;0.986;7.5;0.0;0;30;3.000;2.942;13.2;-390;0;0;-7.4;0;0;0;0;0;99;0;0;1864;97.34;0;0;0;0;0;0;0;0;0;0;0;0;0;0;0;0;30;0;48.0;48.0;2;0;0.00;0.00;0.00;0.0;0.0
141.593;210;1186;48;56928;6.5;19.700;1.340;30;77;9;0;100;101;100;104;100;105;100;53;53;0;1.973;1.973;0.000;0.000;14.500;0.986;7.8;0.0;0;31;3.000;3.082;13.1;370;0;0;-7.4;0;0;0;0;0;99;0;0;1864;94.30;0;0;0;0;0;0;0;0;0;0;0;0;0;0;0;0;31;0;48.0;48.0;2;0;0.00;0.00;0.00;0.0;0.0
141.660;210;1157;48;55536;6.5;19.700;1.340;30;77;9;0;100;101;100;104;100;105;100;53;53;0;1.973;1.973;0.000;0.000;14.600;0.993;7.6;0.0;0;30;3.000;2.580;13.1;-280;0;0;-7.4;0;0;0;0;0;99;0;0;1864;96.66;0;0;0;0;0;0;0;0;0;0;0;0;0;0;0;0;30;0;48.0;48.0;2;0;0.00;0.00;0.00;0.0;0.0
141.728;210;1165;48;55920;6.5;19.700;1.340;30;77;9;0;100;101;100;104;100;105;100;54;54;0;1.980;1.980;0.000;0.000;14.500;0.986;7.7;0.0;0;30;3.000;2.933;13.1;-280;0;0;-7.4;0;0;0;0;0;99;0;0;1864;96.00;0;0;0;0;0;0;0;0;0;0;0;0;0;0;0;0;30;0;48.0;48.0;2;0;0.00;0.00;0.00;0.0;0.0
141.793;210;1195;48;57360;6.5;19.700;1.340;30;77;9;0;100;101;100;104;100;105;100;54;54;0;1.980;1.980;0.000;0.000;14.600;0.993;7.9;0.0;0;31;3.000;3.104;13.1;160;0;0;-7.4;0;0;0;0;0;99;0;0;1864;93.59;0;0;0;0;0;0;0;0;0;0;0;0;0;0;0;0;31;0;48.0;48.0;2;0;0.00;0.00;0.00;0.0;0.0
141.859;210;1177;47;55319;6.5;19.700;1.340;30;77;9;0;100;101;100;104;100;105;100;53;53;0;1.964;1.964;0.000;0.000;14.600;0.993;7.7;0.0;0;31;3.000;2.666;13.1;40;0;0;-7.5;0;0;0;0;0;99;0;0;1864;95.02;0;0;0;0;0;0;0;0;0;0;0;0;0;0;0;0;31;0;47.0;47.0;2;0;0.00;0.00;0.00;0.0;0.0
141.859;210;1169;48;56112;6.5;19.700;1.340;30;77;9;0;100;101;100;104;100;105;100;53;53;0;1.973;1.973;0.000;0.000;14.600;0.993;7.7;0.0;0;30;3.000;2.728;13.1;40;0;0;-7.4;0;0;0;0;0;99;0;0;1864;95.67;0;0;0;0;0;0;0;0;0;0;0;0;0;0;0;0;30;0;48.0;48.0;2;0;0.00;0.00;0.00;0.0;0.0
141.998;210;1190;48;57120;6.5;19.700;1.340;30;77;9;0;100;101;100;104;100;105;100;54;54;0;1.980;1.980;0.000;0.000;14.600;0.993;7.9;0.0;0;31;3.000;2.941;13.1;-90;0;0;-7.4;0;0;0;0;0;99;0;0;1864;93.98;0;0;0;0;0;0;0;0;0;0;0;0;0;0;0;0;31;0;48.0;48.0;2;0;0.00;0.00;0.00;0.0;0.0
142.066;210;1168;48;56064;6.5;19.700;1.340;30;77;9;0;100;101;100;104;100;105;100;54;54;0;1.980;1.980;0.000;0.000;14.500;0.986;7.7;0.0;0;30;3.000;2.757;13.1;-90;0;0;-7.4;0;0;0;0;0;99;0;0;1864;95.75;0;0;0;0;0;0;0;0;0;0;0;0;0;0;0;0;30;0;48.0;48.0;2;0;0.00;0.00;0.00;0.0;0.0
142.132;211;1172;48;56256;6.5;19.700;1.340;30;77;9;0;100;101;100;104;100;105;100;53;53;0;1.985;1.985;0.000;0.000;14.500;0.986;7.8;0.0;0;30;3.000;2.968;13.0;0;0;0;-7.4;0;0;0;0;0;99;0;0;1863;95.38;0;0;0;0;0;0;0;0;0;0;0;0;0;0;0;0;30;0;48.0;48.0;2;0;0.00;0.00;0.00;0.0;0.0
142.132;211;1215;48;58320;6.5;19.700;1.340;30;77;9;0;100;101;100;104;100;105;100;54;54;0;1.992;1.992;0.000;0.000;14.500;0.986;8.1;0.0;0;30;3.000;3.535;13.0;110;0;0;-7.4;0;0;0;0;0;99;0;0;1863;92.00;0;0;0;0;0;0;0;0;0;0;0;0;0;0;0;0;30;0;48.0;48.0;2;0;0.00;0.00;0.00;0.0;0.0
142.262;211;1196;47;56212;6.5;19.700;1.340;30;77;9;0;100;101;100;104;100;105;100;53;53;0;1.976;1.976;0.000;0.000;14.600;0.993;7.9;0.0;0;30;3.000;2.680;13.0;110;0;0;-7.5;0;0;0;0;0;99;0;0;1863;93.46;0;0;0;0;0;0;0;0;0;0;0;0;0;0;0;0;30;0;47.0;47.0;2;0;0.00;0.00;0.00;0.0;0.0
142.262;211;1212;46;55752;6.5;19.700;1.340;30;77;9;0;100;101;100;104;100;105;100;52;52;0;1.958;1.958;0.000;0.000;14.700;1.000;7.9;0.0;0;30;3.000;3.131;13.0;180;0;0;-7.7;0;0;0;0;0;99;0;0;1863;92.23;0;0;0;0;0;0;0;0;0;0;0;0;0;0;0;0;30;0;46.0;46.0;2;0;0.00;0.00;0.00;0.0;0.0
142.402;211;1228;46;56488;6.5;19.700;1.340;30;77;9;0;100;101;100;104;100;105;100;52;52;0;1.958;1.958;0.000;0.000;14.700;1.000;8.0;0.0;0;30;3.000;2.910;13.0;340;0;0;-7.7;0;0;0;0;0;99;0;0;1863;91.03;0;0;0;0;0;0;0;0;0;0;0;0;0;0;0;0;30;0;46.0;46.0;2;0;0.00;0.00;0.00;0.0;0.0
142.468;211;1227;46;56442;6.5;19.700;1.340;30;77;9;0;100;101;100;104;100;105;100;52;52;0;1.958;1.958;0.000;0.000;14.700;1.000;8.0;0.0;0;30;3.000;2.892;13.0;340;0;0;-7.7;0;0;0;0;0;99;0;0;1863;91.10;0;0;0;0;0;0;0;0;0;0;0;0;0;0;0;0;30;0;46.0;46.0;2;0;0.00;0.00;0.00;0.0;0.0
142.534;211;1222;46;56212;6.5;19.700;1.340;30;77;9;0;100;101;100;104;100;105;100;52;52;0;1.958;1.958;0.000;0.000;14.700;1.000;8.0;0.0;0;30;3.000;2.814;13.0;-40;0;0;-7.7;0;0;0;0;0;99;0;0;1863;91.47;0;0;0;0;0;0;0;0;0;0;0;0;0;0;0;0;30;0;46.0;46.0;2;0;0.00;0.00;0.00;0.0;0.0
142.595;211;1241;46;57086;6.5;19.700;1.340;30;77;9;0;100;101;100;104;100;105;100;52;52;0;1.958;1.958;0.000;0.000;14.700;1.000;8.1;0.0;0;30;3.000;3.111;13.0;0;0;0;-7.7;0;0;0;0;0;99;0;0;1863;90.07;0;0;0;0;0;0;0;0;0;0;0;0;0;0;0;0;30;0;46.0;46.0;2;0;0.00;0.00;0.00;0.0;0.0
142.661;211;1261;45;56745;6.5;19.700;1.340;30;77;9;0;100;101;100;104;100;105;100;52;52;0;1.948;1.948;0.000;0.000;14.700;1.000;8.2;0.0;0;31;3.000;2.689;13.0;0;0;0;-7.8;0;0;0;0;0;99;0;0;1863;88.64;0;0;0;0;0;0;0;0;0;0;0;0;0;0;0;0;31;0;45.0;45.0;2;0;0.00;0.00;0.00;0.0;0.0
142.727;211;1257;45;56565;6.5;19.700;1.340;30;77;9;0;100;101;100;104;100;105;100;52;52;0;1.948;1.948;0.000;0.000;14.700;1.000;8.2;0.0;0;31;3.000;2.935;13.0;340;0;0;-7.8;0;0;0;0;0;99;0;0;1863;88.93;0;0;0;0;0;0;0;0;0;0;0;0;0;0;0;0;31;0;45.0;45.0;2;0;0.00;0.00;0.00;0.0;0.0
142.792;211;1233;45;55485;6.5;19.700;1.340;30;77;9;0;100;101;100;104;100;105;100;52;52;0;1.948;1.948;0.000;0.000;14.700;1.000;8.0;0.0;0;30;3.000;2.759;13.0;-200;0;0;-7.8;0;0;0;0;0;99;0;0;1863;90.66;0;0;0;0;0;0;0;0;0;0;0;0;0;0;0;0;30;0;45.0;45.0;2;0;0.00;0.00;0.00;0.0;0.0
142.858;211;1263;45;56835;6.5;19.700;1.340;30;77;9;0;100;101;100;104;100;105;100;52;52;0;1.948;1.948;0.000;0.000;14.700;1.000;8.2;0.0;0;31;3.000;3.386;13.0;-200;0;0;-7.8;0;0;0;0;0;99;0;0;1863;88.50;0;0;0;0;0;0;0;0;0;0;0;0;0;0;0;0;31;0;45.0;45.0;2;0;0.00;0.00;0.00;0.0;0.0
142.923;211;1269;44;55836;6.5;19.700;1.340;30;77;9;0;100;101;100;104;100;105;100;51;51;0;1.915;1.915;0.000;0.000;14.700;1.000;8.1;0.0;0;31;3.000;3.008;13.0;320;0;0;-8.0;0;0;0;0;0;99;0;0;1863;88.09;0;0;0;0;0;0;0;0;0;0;0;0;0;0;0;0;31;0;44.0;44.0;2;0;0.00;0.00;0.00;0.0;0.0
142.988;211;1264;44;55616;6.5;19.700;1.340;30;77;9;0;100;101;100;104;100;105;100;51;51;0;1.915;1.915;0.000;0.000;14.700;1.000;8.1;0.0;0;31;3.000;2.841;13.0;-90;0;0;-8.0;0;0;0;0;0;99;0;0;1863;88.43;0;0;0;0;0;0;0;0;0;0;0;0;0;0;0;0;31;0;44.0;44.0;2;0;0.00;0.00;0.00;0.0;0.0
143.055;211;1290;44;56760;6.5;19.700;1.340;30;77;9;0;100;101;100;104;100;105;100;51;51;0;1.915;1.915;0.000;0.000;14.700;1.000;8.2;0.0;0;31;3.000;3.168;13.0;-90;0;0;-8.0;0;0;0;0;0;99;0;0;1863;86.65;0;0;0;0;0;0;0;0;0;0;0;0;0;0;0;0;31;0;44.0;44.0;2;0;0.00;0.00;0.00;0.0;0.0
143.128;212;1287;44;56628;6.5;19.700;1.340;30;77;9;0;100;101;100;104;100;105;100;51;51;0;1.939;1.939;0.000;0.000;14.700;1.000;8.3;0.0;0;31;3.000;2.723;12.8;310;0;0;-8.0;0;0;0;0;0;99;0;0;1859;86.67;0;0;0;0;0;0;0;0;0;0;0;0;0;0;0;0;31;0;44.0;44.0;2;0;0.00;0.00;0.00;0.0;0.0
143.194;212;1302;43;55986;6.5;19.700;1.340;30;77;9;0;100;101;100;104;100;105;100;51;51;0;1.929;1.929;0.000;0.000;14.700;1.000;8.4;0.0;0;31;3.000;2.850;12.8;70;0;0;-8.1;0;0;0;0;0;99;0;0;1859;85.67;0;0;0;0;0;0;0;0;0;0;0;0;0;0;0;0;31;0;43.0;43.0;2;0;0.00;0.00;0.00;0.0;0.0
143.263;212;1317;43;56631;6.5;19.700;1.340;30;77;9;0;100;101;100;104;100;105;100;51;51;0;1.929;1.929;0.000;0.000;14.700;1.000;8.5;0.0;0;31;3.000;2.915;12.8;70;0;0;-8.1;0;0;0;0;0;99;0;0;1859;84.69;0;0;0;0;0;0;0;0;0;0;0;0;0;0;0;0;31;0;43.0;43.0;2;0;0.00;0.00;0.00;0.0;0.0
143.329;212;1340;43;57620;6.5;19.700;1.340;30;77;9;0;100;101;100;104;100;105;100;51;51;0;1.929;1.929;0.000;0.000;14.700;1.000;8.6;0.0;0;31;3.000;3.143;12.8;230;0;0;-8.1;0;0;0;0;0;99;0;0;1859;83.24;0;0;0;0;0;0;0;0;0;0;0;0;0;0;0;0;31;0;43.0;43.0;2;0;0.00;0.00;0.00;0.0;0.0
143.394;212;1348;42;56616;6.5;19.700;1.340;30;77;9;0;100;101;100;104;100;105;100;51;51;0;1.981;1.981;0.000;0.000;14.700;1.000;8.9;0.0;0;31;3.000;2.864;12.3;230;0;0;-8.3;0;0;0;0;0;99;0;0;1859;82.74;0;0;0;0;0;0;0;0;0;0;0;0;0;0;0;0;31;0;42.0;42.0;2;0;0.00;0.00;0.00;0.0;0.0
143.394;212;1382;41;56662;6.5;19.700;1.340;30;77;9;0;100;101;100;104;100;105;100;50;50;0;1.956;1.956;0.000;0.000;14.700;1.000;9.0;0.0;0;31;3.000;3.079;12.3;230;0;0;-8.4;0;0;0;0;0;99;0;0;1859;80.71;0;0;0;0;0;0;0;0;0;0;0;0;0;0;0;0;31;0;41.0;41.0;2;0;0.00;0.00;0.00;0.0;0.0
143.525;212;1394;41;57154;6.5;19.700;1.340;30;77;9;0;100;101;100;104;100;105;100;50;50;0;1.956;1.956;0.000;0.000;14.700;1.000;9.1;0.0;0;31;3.000;2.893;12.3;350;0;0;-8.4;0;0;0;0;0;99;0;0;1859;80.01;0;0;0;0;0;0;0;0;0;0;0;0;0;0;0;0;31;0;41.0;41.0;2;0;0.00;0.00;0.00;0.0;0.0
143.591;212;1400;41;57400;6.5;19.700;1.340;30;77;9;0;100;101;100;104;100;105;100;50;50;0;1.920;1.920;0.000;0.000;14.700;1.000;9.0;0.0;0;31;3.000;3.017;12.6;170;0;0;-8.4;0;0;0;0;0;99;0;0;1859;79.67;0;0;0;0;0;0;0;0;0;0;0;0;0;0;0;0;31;0;41.0;41.0;2;0;0.00;0.00;0.00;0.0;0.0
143.660;212;1409;40;56360;6.5;19.700;1.340;30;77;9;0;100;101;100;104;100;105;100;50;50;0;1.912;1.912;0.000;0.000;14.700;1.000;9.0;0.0;0;31;3.000;2.844;12.6;170;0;0;-8.6;0;0;0;0;0;99;0;0;1859;79.16;0;0;0;0;0;0;0;0;0;0;0;0;0;0;0;0;31;0;40.0;40.0;2;0;0.00;0.00;0.00;0.0;0.0
143.726;212;1442;39;56238;6.5;19.700;1.340;30;77;9;0;100;101;100;104;100;105;100;49;49;0;1.896;1.896;0.000;0.000;14.700;1.000;9.1;0.0;0;32;3.000;2.867;12.6;400;0;0;-8.7;0;0;0;0;0;99;0;0;1859;77.35;0;0;0;0;0;0;0;0;0;0;0;0;0;0;0;0;32;0;39.0;39.0;2;0;0.00;0.00;0.00;0.0;0.0
143.726;212;1459;39;56901;6.5;19.700;1.340;30;77;9;0;100;101;100;104;100;105;100;49;49;0;1.896;1.896;0.000;0.000;14.700;1.000;9.2;0.0;0;32;3.000;2.953;12.6;190;0;0;-8.7;0;0;0;0;0;99;0;0;1859;76.45;0;0;0;0;0;0;0;0;0;0;0;0;0;0;0;0;32;0;39.0;39.0;2;0;0.00;0.00;0.00;0.0;0.0
143.791;212;1483;39;57837;6.5;19.700;1.340;30;77;9;0;100;101;100;104;100;105;100;50;50;0;1.902;1.902;0.000;0.000;14.700;1.000;9.4;0.0;0;32;3.000;3.063;12.6;190;0;0;-8.7;0;0;0;0;0;99;0;0;1859;75.21;0;0;0;0;0;0;0;0;0;0;0;0;0;0;0;0;32;0;39.0;39.0;2;0;0.00;0.00;0.00;0.0;0.0
143.922;212;1490;38;56620;6.5;19.700;1.340;30;77;9;0;100;101;100;104;100;105;100;49;49;0;1.887;1.887;0.000;0.000;14.700;1.000;9.4;0.0;0;32;3.000;3.072;12.6;150;0;0;-8.8;0;0;0;0;0;99;0;0;1859;74.86;0;0;0;0;0;0;0;0;0;0;0;0;0;0;0;0;32;0;38.0;38.0;2;0;0.00;0.00;0.00;0.0;0.0
143.988;212;1508;38;57304;6.5;18.800;1.279;30;77;9;0;100;101;100;104;100;105;100;49;49;0;1.887;1.887;0.000;0.000;14.700;1.000;9.5;0.0;0;33;3.000;3.138;12.6;150;0;0;-8.8;0;0;0;0;0;99;0;0;1859;73.97;0;0;0;0;0;0;0;0;0;0;0;0;0;0;0;0;33;0;38.0;38.0;2;0;0.00;0.00;0.00;0.0;0.0
144.053;212;1508;38;57304;6.5;17.500;1.190;30;77;9;0;100;101;100;104;100;105;100;49;49;0;1.887;1.887;0.000;0.000;14.700;1.000;9.5;0.0;0;33;3.000;2.968;12.6;340;0;0;-8.8;0;0;0;0;0;99;0;0;1859;73.97;0;0;0;0;0;0;0;0;0;0;0;0;0;0;0;0;33;0;38.0;38.0;2;0;0.00;0.00;0.00;0.0;0.0
144.123;213;1520;37;56240;6.5;18.400;1.252;30;77;9;0;100;101;100;104;100;105;100;49;49;0;1.846;1.846;0.000;0.000;14.700;1.000;9.4;0.0;0;34;3.000;2.943;12.8;120;0;0;-9.0;0;0;0;0;0;99;0;0;1842;72.71;0;0;0;0;0;0;0;0;0;0;0;0;0;0;0;0;34;0;37.0;37.0;2;0;0.00;0.00;0.00;0.0;0.0
144.189;213;1522;37;56314;6.5;19.400;1.320;30;77;9;0;100;101;100;104;100;105;100;49;49;0;1.846;1.846;0.000;0.000;14.700;1.000;9.4;0.0;0;33;3.000;2.780;12.8;120;0;0;-9.0;0;0;0;0;0;99;0;0;1842;72.61;0;0;0;0;0;0;0;0;0;0;0;0;0;0;0;0;33;0;37.0;37.0;2;0;0.00;0.00;0.00;0.0;0.0
144.258;213;1514;38;57532;6.5;17.700;1.204;30;77;9;0;100;101;100;104;100;105;100;49;49;0;1.863;1.863;0.000;0.000;14.700;1.000;9.4;0.0;0;33;3.000;2.757;12.8;20;0;0;-8.8;0;0;0;0;0;99;0;0;1842;73.00;0;0;0;0;0;0;0;0;0;0;0;0;0;0;0;0;33;0;38.0;38.0;2;0;0.00;0.00;0.00;0.0;0.0
144.323;213;1501;38;57038;6.5;16.800;1.143;30;77;9;0;100;101;100;104;100;105;100;49;49;0;1.863;1.863;0.000;0.000;14.700;1.000;9.3;0.0;0;33;3.000;2.790;12.8;-80;0;0;-8.8;0;0;0;0;0;99;0;0;1842;73.63;0;0;0;0;0;0;0;0;0;0;0;0;0;0;0;0;33;0;38.0;38.0;2;0;0.00;0.00;0.00;0.0;0.0
144.389;213;1499;38;56962;6.5;19.000;1.293;30;77;9;0;100;101;100;104;100;105;100;49;49;0;1.839;1.839;0.000;0.000;14.700;1.000;9.2;0.0;0;33;3.000;2.814;13.0;-80;0;0;-8.8;0;0;0;0;0;99;0;0;1842;73.73;0;0;0;0;0;0;0;0;0;0;0;0;0;0;0;0;33;0;38.0;38.0;2;0;0.00;0.00;0.00;0.0;0.0
144.389;213;1483;38;56354;6.5;19.700;1.340;30;77;9;0;100;101;100;104;100;105;100;49;49;0;1.839;1.839;0.000;0.000;14.700;1.000;9.1;0.0;0;33;3.000;2.794;13.0;-150;0;0;-8.8;0;0;0;0;0;99;0;0;1842;74.52;0;0;0;0;0;0;0;0;0;0;0;0;0;0;0;0;33;0;38.0;38.0;2;0;0.00;0.00;0.00;0.0;0.0
144.520;213;1485;38;56430;6.5;19.700;1.340;30;77;9;0;100;101;100;104;100;105;100;49;49;0;1.839;1.839;0.000;0.000;14.700;1.000;9.1;0.0;0;32;3.000;2.888;13.0;-130;0;0;-8.8;0;0;0;0;0;99;0;0;1842;74.42;0;0;0;0;0;0;0;0;0;0;0;0;0;0;0;0;32;0;38.0;38.0;2;0;0.00;0.00;0.00;0.0;0.0
144.590;213;1458;38;55404;6.5;19.700;1.340;30;77;9;0;100;101;100;104;100;105;100;49;49;0;1.839;1.839;0.000;0.000;14.700;1.000;8.9;0.0;0;32;3.000;2.706;13.0;-130;0;0;-8.8;0;0;0;0;0;99;0;0;1842;75.80;0;0;0;0;0;0;0;0;0;0;0;0;0;0;0;0;32;0;38.0;38.0;2;0;0.00;0.00;0.00;0.0;0.0
144.590;213;1444;39;56316;6.5;19.700;1.340;30;77;9;0;100;101;100;104;100;105;100;50;50;0;1.938;1.938;0.000;0.000;14.700;1.000;9.3;0.0;0;32;3.000;2.869;12.3;-280;0;0;-8.7;0;0;0;0;0;99;0;0;1842;76.54;0;0;0;0;0;0;0;0;0;0;0;0;0;0;0;0;32;0;39.0;39.0;2;0;0.00;0.00;0.00;0.0;0.0
144.721;213;1425;39;55575;6.5;19.700;1.340;30;77;9;0;100;101;100;104;100;105;100;50;50;0;1.938;1.938;0.000;0.000;14.700;1.000;9.2;0.0;0;32;3.000;2.996;12.3;-430;0;0;-8.7;0;0;0;0;0;99;0;0;1842;77.56;0;0;0;0;0;0;0;0;0;0;0;0;0;0;0;0;32;0;39.0;39.0;2;0;0.00;0.00;0.00;0.0;0.0
144.721;213;1418;39;55302;6.5;19.700;1.340;30;77;9;0;100;101;100;104;100;105;100;49;49;0;1.932;1.932;0.000;0.000;14.700;1.000;9.1;0.0;0;32;3.000;2.938;12.3;-430;0;0;-8.7;0;0;0;0;0;99;0;0;1842;77.94;0;0;0;0;0;0;0;0;0;0;0;0;0;0;0;0;32;0;39.0;39.0;2;0;0.00;0.00;0.00;0.0;0.0
144.856;213;1437;39;56043;6.5;19.700;1.340;30;77;9;0;100;101;100;104;100;105;100;49;49;0;1.932;1.932;0.000;0.000;14.700;1.000;9.3;0.0;0;32;3.000;2.855;12.3;200;0;0;-8.7;0;0;0;0;0;99;0;0;1842;76.91;0;0;0;0;0;0;0;0;0;0;0;0;0;0;0;0;32;0;39.0;39.0;2;0;0.00;0.00;0.00;0.0;0.0
144.922;213;1446;39;56394;6.5;19.600;1.333;30;77;9;0;100;101;100;104;100;105;100;49;49;0;1.896;1.896;0.000;0.000;14.700;1.000;9.1;0.0;0;32;3.000;2.894;12.6;30;0;0;-8.7;0;0;0;0;0;99;0;0;1842;76.43;0;0;0;0;0;0;0;0;0;0;0;0;0;0;0;0;32;0;39.0;39.0;2;0;0.00;0.00;0.00;0.0;0.0
144.987;213;1464;39;57096;6.5;19.700;1.340;30;77;9;0;100;101;100;104;100;105;100;49;49;0;1.896;1.896;0.000;0.000;14.700;1.000;9.3;0.0;0;32;3.000;2.920;12.6;30;0;0;-8.7;0;0;0;0;0;99;0;0;1842;75.49;0;0;0;0;0;0;0;0;0;0;0;0;0;0;0;0;32;0;39.0;39.0;2;0;0.00;0.00;0.00;0.0;0.0
145.056;213;1481;39;57759;6.5;19.700;1.340;30;77;9;0;100;101;100;104;100;105;100;50;50;0;1.902;1.902;0.000;0.000;14.700;1.000;9.4;0.0;0;32;3.000;3.060;12.6;340;0;0;-8.7;0;0;0;0;0;99;0;0;1842;74.63;0;0;0;0;0;0;0;0;0;0;0;0;0;0;0;0;32;0;39.0;39.0;2;0;0.00;0.00;0.00;0.0;0.0
145.122;214;1493;38;56734;6.5;19.700;1.340;30;77;9;0;100;101;100;104;100;105;100;49;49;0;1.851;1.851;0.000;0.000;14.700;1.000;9.2;0.0;0;32;3.000;2.777;12.9;210;0;0;-8.8;0;0;0;0;0;99;0;0;1864;74.91;0;0;0;0;0;0;0;0;0;0;0;0;0;0;0;0;32;0;38.0;38.0;2;0;0.00;0.00;0.00;0.0;0.0
145.188;214;1497;38;56886;6.5;19.700;1.340;30;77;9;0;100;101;100;104;100;105;100;49;49;0;1.851;1.851;0.000;0.000;14.700;1.000;9.2;0.0;0;32;3.000;2.917;12.9;210;0;0;-8.8;0;0;0;0;0;99;0;0;1864;74.71;0;0;0;0;0;0;0;0;0;0;0;0;0;0;0;0;32;0;38.0;38.0;2;0;0.00;0.00;0.00;0.0;0.0
145.253;214;1511;37;55907;6.5;19.700;1.340;30;77;9;0;100;101;100;104;100;105;100;48;48;0;1.821;1.821;0.000;0.000;14.700;1.000;9.2;0.0;0;33;3.000;2.761;12.9;180;0;0;-9.0;0;0;0;0;0;99;0;0;1864;74.02;0;0;0;0;0;0;0;0;0;0;0;0;0;0;0;0;33;0;37.0;37.0;2;0;0.00;0.00;0.00;0.0;0.0
145.323;214;1494;38;56772;6.5;19.700;1.340;30;77;9;0;100;101;100;104;100;105;100;49;49;0;1.851;1.851;0.000;0.000;14.700;1.000;9.2;0.0;0;32;3.000;2.768;12.9;-170;0;0;-8.8;0;0;0;0;0;99;0;0;1864;74.86;0;0;0;0;0;0;0;0;0;0;0;0;0;0;0;0;32;0;38.0;38.0;2;0;0.00;0.00;0.00;0.0;0.0
145.323;214;1469;38;55822;6.5;19.700;1.340;30;77;9;0;100;101;100;104;100;105;100;49;49;0;1.839;1.839;0.000;0.000;14.700;1.000;9.0;0.0;0;32;3.000;2.724;13.0;-170;0;0;-8.8;0;0;0;0;0;99;0;0;1864;76.13;0;0;0;0;0;0;0;0;0;0;0;0;0;0;0;0;32;0;38.0;38.0;2;0;0.00;0.00;0.00;0.0;0.0
145.455;214;1454;38;55252;6.5;19.700;1.340;30;77;9;0;100;101;100;104;100;105;100;49;49;0;1.839;1.839;0.000;0.000;14.700;1.000;8.9;0.0;0;32;3.000;2.819;13.0;-320;0;0;-8.8;0;0;0;0;0;99;0;0;1864;76.92;0;0;0;0;0;0;0;0;0;0;0;0;0;0;0;0;32;0;38.0;38.0;2;0;0.00;0.00;0.00;0.0;0.0
145.526;214;1430;39;55770;6.5;19.200;1.306;30;77;9;0;100;101;100;104;100;105;100;50;50;0;1.854;1.854;0.000;0.000;14.700;1.000;8.8;0.0;0;32;3.000;2.723;13.0;-320;0;0;-8.7;0;0;0;0;0;99;0;0;1864;78.21;0;0;0;0;0;0;0;0;0;0;0;0;0;0;0;0;32;0;39.0;39.0;2;0;0.00;0.00;0.00;0.0;0.0
145.596;214;1412;39;55068;6.5;19.700;1.340;30;77;9;0;100;101;100;104;100;105;100;49;49;0;1.848;1.848;0.000;0.000;14.700;1.000;8.7;0.0;0;32;3.000;2.582;13.0;-320;0;0;-8.7;0;0;0;0;0;99;0;0;1864;79.21;0;0;0;0;0;0;0;0;0;0;0;0;0;0;0;0;32;0;39.0;39.0;2;0;0.00;0.00;0.00;0.0;0.0
145.662;214;1390;40;55600;6.5;19.700;1.340;30;77;9;0;100;101;100;104;100;105;100;50;50;0;1.852;1.852;0.000;0.000;14.700;1.000;8.6;0.0;0;31;3.000;2.883;13.1;-380;0;0;-8.6;0;0;0;0;0;99;0;0;1864;80.46;0;0;0;0;0;0;0;0;0;0;0;0;0;0;0;0;31;0;40.0;40.0;2;0;0.00;0.00;0.00;0.0;0.0
145.728;214;1362;41;55842;6.5;19.700;1.340;30;77;9;0;100;101;100;104;100;105;100;50;50;0;1.860;1.860;0.000;0.000;14.700;1.000;8.4;0.0;0;31;3.000;2.714;13.1;-160;0;0;-8.4;0;0;0;0;0;99;0;0;1864;82.11;0;0;0;0;0;0;0;0;0;0;0;0;0;0;0;0;31;0;41.0;41.0;2;0;0.00;0.00;0.00;0.0;0.0
145.795;214;1338;41;54858;6.5;19.700;1.340;30;77;9;0;100;101;100;104;100;105;100;50;50;0;1.860;1.860;0.000;0.000;14.700;1.000;8.3;0.0;0;31;3.000;2.916;13.1;-160;0;0;-8.4;0;0;0;0;0;99;0;0;1864;83.59;0;0;0;0;0;0;0;0;0;0;0;0;0;0;0;0;31;0;41.0;41.0;2;0;0.00;0.00;0.00;0.0;0.0
145.861;214;1301;42;54642;6.5;19.700;1.340;30;77;9;0;100;101;100;104;100;105;100;50;50;0;1.878;1.878;0.000;0.000;14.700;1.000;8.1;0.0;0;31;3.000;2.745;13.1;-440;0;0;-8.3;0;0;0;0;0;99;0;0;1864;85.96;0;0;0;0;0;0;0;0;0;0;0;0;0;0;0;0;31;0;42.0;42.0;2;0;0.00;0.00;0.00;0.0;0.0
145.926;214;1282;43;55126;6.5;19.700;1.340;30;77;9;0;100;101;100;104;100;105;100;51;51;0;1.905;1.905;0.000;0.000;14.700;1.000;8.1;0.0;0;31;3.000;2.676;13.0;-500;0;0;-8.1;0;0;0;0;0;99;0;0;1864;87.24;0;0;0;0;0;0;0;0;0;0;0;0;0;0;0;0;31;0;43.0;43.0;2;0;0.00;0.00;0.00;0.0;0.0
145.995;214;1281;43;55083;6.5;19.700;1.340;30;77;9;0;100;101;100;104;100;105;100;51;51;0;1.905;1.905;0.000;0.000;14.700;1.000;8.1;0.0;0;31;3.000;3.056;13.0;-500;0;0;-8.1;0;0;0;0;0;99;0;0;1864;87.31;0;0;0;0;0;0;0;0;0;0;0;0;0;0;0;0;31;0;43.0;43.0;2;0;0.00;0.00;0.00;0.0;0.0
146.061;214;1260;44;55440;6.5;19.700;1.340;30;77;9;0;100;101;100;104;100;105;100;51;51;0;1.915;1.915;0.000;0.000;14.700;1.000;8.0;0.0;0;31;3.000;2.619;13.0;40;0;0;-8.0;0;0;0;0;0;99;0;0;1864;88.76;0;0;0;0;0;0;0;0;0;0;0;0;0;0;0;0;31;0;44.0;44.0;2;0;0.00;0.00;0.00;0.0;0.0
146.061;214;1237;45;55665;6.5;19.700;1.340;30;77;9;0;100;101;100;104;100;105;100;52;52;0;1.948;1.948;0.000;0.000;14.700;1.000;8.0;0.0;0;30;3.000;2.838;13.0;40;0;0;-7.8;0;0;0;0;0;99;0;0;1864;90.41;0;0;0;0;0;0;0;0;0;0;0;0;0;0;0;0;30;0;45.0;45.0;2;0;0.00;0.00;0.00;0.0;0.0
146.131;215;1256;45;56520;6.5;19.700;1.340;30;77;9;0;100;101;100;104;100;105;100;52;52;0;1.936;1.936;0.000;0.000;14.700;1.000;8.1;0.0;0;31;3.000;3.040;13.1;-490;0;0;-7.8;0;0;0;0;0;99;0;0;1815;86.70;0;0;0;0;0;0;0;0;0;0;0;0;0;0;0;0;31;0;45.0;45.0;2;0;0.00;0.00;0.00;0.0;0.0
146.264;215;1230;45;55350;6.5;19.700;1.340;30;77;9;0;100;101;100;104;100;105;100;52;52;0;1.936;1.936;0.000;0.000;14.700;1.000;7.9;0.0;0;30;3.000;2.454;13.1;160;0;0;-7.8;0;0;0;0;0;99;0;0;1815;88.54;0;0;0;0;0;0;0;0;0;0;0;0;0;0;0;0;30;0;45.0;45.0;2;0;0.00;0.00;0.00;0.0;0.0
146.327;215;1219;45;54855;6.5;19.700;1.340;30;77;9;0;100;101;100;104;100;105;100;52;52;0;1.936;1.936;0.000;0.000;14.700;1.000;7.9;0.0;0;30;3.000;2.896;13.1;160;0;0;-7.8;0;0;0;0;0;99;0;0;1815;89.34;0;0;0;0;0;0;0;0;0;0;0;0;0;0;0;0;30;0;45.0;45.0;2;0;0.00;0.00;0.00;0.0;0.0
146.395;215;1260;46;57960;6.5;19.700;1.340;30;77;9;0;100;101;100;104;100;105;100;52;52;0;2.042;2.042;0.000;0.000;14.700;1.000;8.6;0.0;0;31;3.000;3.042;12.3;-340;0;0;-7.7;0;0;0;0;0;99;0;0;1815;86.43;0;0;0;0;0;0;0;0;0;0;0;0;0;0;0;0;31;0;46.0;46.0;2;0;0.00;0.00;0.00;0.0;0.0
146.458;215;1251;45;56295;6.5;19.700;1.340;30;77;9;0;100;101;100;104;100;105;100;52;52;0;2.032;2.032;0.000;0.000;14.700;1.000;8.5;0.0;0;31;3.000;2.537;12.3;290;0;0;-7.8;0;0;0;0;0;99;0;0;1815;87.05;0;0;0;0;0;0;0;0;0;0;0;0;0;0;0;0;31;0;45.0;45.0;2;0;0.00;0.00;0.00;0.0;0.0
146.540;215;1238;45;55710;6.5;19.700;1.340;30;77;9;0;100;101;100;104;100;105;100;52;52;0;2.032;2.032;0.000;0.000;14.700;1.000;8.4;0.0;0;30;3.000;2.778;12.3;290;0;0;-7.8;0;0;0;0;0;99;0;0;1815;87.96;0;0;0;0;0;0;0;0;0;0;0;0;0;0;0;0;30;0;45.0;45.0;2;0;0.00;0.00;0.00;0.0;0.0
146.597;215;1265;45;56925;6.5;19.700;1.340;30;77;9;0;100;101;100;104;100;105;100;52;52;0;2.032;2.032;0.000;0.000;14.700;1.000;8.6;0.0;0;31;3.000;3.076;12.3;-100;0;0;-7.8;0;0;0;0;0;99;0;0;1815;86.09;0;0;0;0;0;0;0;0;0;0;0;0;0;0;0;0;31;0;45.0;45.0;2;0;0.00;0.00;0.00;0.0;0.0
146.662;215;1292;44;56848;6.5;19.700;1.340;30;77;9;0;100;101;100;104;100;105;100;51;51;0;1.951;1.951;0.000;0.000;14.700;1.000;8.4;0.0;0;31;3.000;3.030;12.7;400;0;0;-8.0;0;0;0;0;0;99;0;0;1815;84.29;0;0;0;0;0;0;0;0;0;0;0;0;0;0;0;0;31;0;44.0;44.0;2;0;0.00;0.00;0.00;0.0;0.0
146.731;215;1306;44;57464;6.5;19.700;1.340;30;77;9;0;100;101;100;104;100;105;100;52;52;0;1.967;1.967;0.000;0.000;14.700;1.000;8.6;0.0;0;31;3.000;2.982;12.7;400;0;0;-8.0;0;0;0;0;0;99;0;0;1815;83.38;0;0;0;0;0;0;0;0;0;0;0;0;0;0;0;0;31;0;44.0;44.0;2;0;0.00;0.00;0.00;0.0;0.0
146.797;215;1339;43;57577;6.5;19.700;1.340;30;77;9;0;100;101;100;104;100;105;100;52;52;0;1.957;1.957;0.000;0.000;14.700;1.000;8.7;0.0;0;31;3.000;2.926;12.7;510;0;0;-8.1;0;0;0;0;0;99;0;0;1815;81.33;0;0;0;0;0;0;0;0;0;0;0;0;0;0;0;0;31;0;43.0;43.0;2;0;0.00;0.00;0.00;0.0;0.0
146.862;215;1369;42;57498;6.5;19.700;1.340;30;77;9;0;100;101;100;104;100;105;100;51;51;0;1.933;1.933;0.000;0.000;14.700;1.000;8.8;0.0;0;31;3.000;3.120;12.7;280;0;0;-8.3;0;0;0;0;0;99;0;0;1815;79.55;0;0;0;0;0;0;0;0;0;0;0;0;0;0;0;0;31;0;42.0;42.0;2;0;0.00;0.00;0.00;0.0;0.0
146.933;215;1402;41;57482;6.5;19.700;1.340;30;77;9;0;100;101;100;104;100;105;100;50;50;0;1.956;1.956;0.000;0.000;14.700;1.000;9.1;0.0;0;31;3.000;3.054;12.3;280;0;0;-8.4;0;0;0;0;0;99;0;0;1815;77.67;0;0;0;0;0;0;0;0;0;0;0;0;0;0;0;0;31;0;41.0;41.0;2;0;0.00;0.00;0.00;0.0;0.0
146.997;215;1415;40;56600;6.5;19.700;1.340;30;77;9;0;100;101;100;104;100;105;100;50;50;0;1.948;1.948;0.000;0.000;14.700;1.000;9.2;0.0;0;31;3.000;2.837;12.3;490;0;0;-8.6;0;0;0;0;0;99;0;0;1815;76.96;0;0;0;0;0;0;0;0;0;0;0;0;0;0;0;0;31;0;40.0;40.0;2;0;0.00;0.00;0.00;0.0;0.0
146.997;215;1451;40;58040;6.5;19.700;1.340;30;77;9;0;100;101;100;104;100;105;100;50;50;0;1.948;1.948;0.000;0.000;14.700;1.000;9.4;0.0;0;31;3.000;3.023;12.3;450;0;0;-8.6;0;0;0;0;0;99;0;0;1815;75.05;0;0;0;0;0;0;0;0;0;0;0;0;0;0;0;0;31;0;40.0;40.0;2;0;0.00;0.00;0.00;0.0;0.0
147.061;215;1491;39;58149;6.5;19.700;1.340;30;77;9;0;100;101;100;104;100;105;100;50;50;0;1.938;1.938;0.000;0.000;14.700;1.000;9.6;0.0;0;32;3.000;3.050;12.3;450;0;0;-8.7;0;0;0;0;0;99;0;0;1815;73.04;0;0;0;0;0;0;0;0;0;0;0;0;0;0;0;0;32;0;39.0;39.0;2;0;0.00;0.00;0.00;0.0;0.0
147.192;216;1490;39;58110;6.5;19.700;1.340;30;78;9;0;100;101;100;104;100;105;100;50;50;0;1.890;1.890;0.000;0.000;14.700;1.000;9.4;0.0;0;33;3.000;3.043;12.7;350;0;0;-8.7;0;0;0;0;0;99;0;0;1857;74.78;0;0;0;0;0;0;0;0;0;0;0;0;0;0;0;0;33;0;39.0;39.0;2;0;0.00;0.00;0.00;0.0;0.0
147.260;216;1511;38;57418;6.5;19.700;1.340;30;78;9;0;100;101;100;104;100;105;100;49;49;0;1.875;1.875;0.000;0.000;14.700;1.000;9.4;0.0;0;33;3.000;3.124;12.7;250;0;0;-8.8;0;0;0;0;0;99;0;0;1857;73.74;0;0;0;0;0;0;0;0;0;0;0;0;0;0;0;0;33;0;38.0;38.0;2;0;0.00;0.00;0.00;0.0;0.0
147.326;216;1529;37;56573;6.5;18.000;1.224;30;78;9;0;100;101;100;104;100;105;100;49;49;0;1.858;1.858;0.000;0.000;14.700;1.000;9.5;0.0;0;34;3.000;3.228;12.7;250;0;0;-9.0;0;0;0;0;0;99;0;0;1857;72.87;0;0;0;0;0;0;0;0;0;0;0;0;0;0;0;0;34;0;37.0;37.0;2;0;0.00;0.00;0.00;0.0;0.0
147.394;216;1529;37;56573;6.5;18.500;1.259;30;78;9;0;100;101;100;104;100;105;100;49;49;0;1.858;1.858;0.000;0.000;14.700;1.000;9.5;0.0;0;34;3.000;2.929;12.7;180;0;0;-9.0;0;0;0;0;0;99;0;0;1857;72.87;0;0;0;0;0;0;0;0;0;0;0;0;0;0;0;0;34;0;37.0;37.0;2;0;0.00;0.00;0.00;0.0;0.0
147.462;216;1530;37;56610;6.5;17.900;1.218;30;78;9;0;100;101;100;104;100;105;100;49;49;0;1.846;1.846;0.000;0.000;14.700;1.000;9.4;0.0;0;33;3.000;2.851;12.8;10;0;0;-9.0;0;0;0;0;0;99;0;0;1857;72.82;0;0;0;0;0;0;0;0;0;0;0;0;0;0;0;0;33;0;37.0;37.0;2;0;0.00;0.00;0.00;0.0;0.0
147.462;216;1524;37;56388;6.5;18.400;1.252;30;78;9;0;100;101;100;104;100;105;100;49;49;0;1.846;1.846;0.000;0.000;14.700;1.000;9.4;0.0;0;33;3.000;2.747;12.8;10;0;0;-9.0;0;0;0;0;0;99;0;0;1857;73.11;0;0;0;0;0;0;0;0;0;0;0;0;0;0;0;0;33;0;37.0;37.0;2;0;0.00;0.00;0.00;0.0;0.0
147.596;216;1515;37;56055;6.5;16.900;1.150;30;78;9;0;100;101;100;104;100;105;100;49;49;0;1.846;1.846;0.000;0.000;14.700;1.000;9.3;0.0;0;33;3.000;2.836;12.8;-60;0;0;-9.0;0;0;0;0;0;99;0;0;1857;73.54;0;0;0;0;0;0;0;0;0;0;0;0;0;0;0;0;33;0;37.0;37.0;2;0;0.00;0.00;0.00;0.0;0.0
147.659;216;1503;38;57114;6.5;15.300;1.041;30;78;9;0;100;101;100;104;100;105;100;49;49;0;1.899;1.899;0.000;0.000;14.700;1.000;9.5;0.0;0;33;3.000;2.802;12.5;-210;0;0;-8.8;0;0;0;0;0;99;0;0;1857;74.13;0;0;0;0;0;0;0;0;0;0;0;0;0;0;0;0;33;0;38.0;38.0;2;0;0.00;0.00;0.00;0.0;0.0
147.728;216;1475;38;56050;6.5;15.800;1.075;30;78;9;0;100;101;100;104;100;105;100;49;49;0;1.899;1.899;0.000;0.000;14.700;1.000;9.3;0.0;0;33;3.000;2.671;12.5;-210;0;0;-8.8;0;0;0;0;0;99;0;0;1857;75.54;0;0;0;0;0;0;0;0;0;0;0;0;0;0;0;0;33;0;38.0;38.0;2;0;0.00;0.00;0.00;0.0;0.0
147.728;216;1461;38;55518;6.5;18.700;1.272;30;78;9;0;100;101;100;104;100;105;100;49;49;0;1.899;1.899;0.000;0.000;14.700;1.000;9.2;0.0;0;32;3.000;2.772;12.5;-380;0;0;-8.8;0;0;0;0;0;99;0;0;1857;76.26;0;0;0;0;0;0;0;0;0;0;0;0;0;0;0;0;32;0;38.0;38.0;2;0;0.00;0.00;0.00;0.0;0.0
147.861;216;1481;38;56278;6.5;19.400;1.320;30;78;9;0;100;101;100;104;100;105;100;49;49;0;1.899;1.899;0.000;0.000;14.700;1.000;9.4;0.0;0;32;3.000;2.850;12.5;160;0;0;-8.8;0;0;0;0;0;99;0;0;1857;75.23;0;0;0;0;0;0;0;0;0;0;0;0;0;0;0;0;32;0;38.0;38.0;2;0;0.00;0.00;0.00;0.0;0.0
147.861;216;1469;38;55822;6.5;19.700;1.340;30;78;9;0;100;101;100;104;100;105;100;49;49;0;1.875;1.875;0.000;0.000;14.700;1.000;9.2;0.0;0;32;3.000;2.685;12.7;160;0;0;-8.8;0;0;0;0;0;99;0;0;1857;75.85;0;0;0;0;0;0;0;0;0;0;0;0;0;0;0;0;32;0;38.0;38.0;2;0;0.00;0.00;0.00;0.0;0.0
147.993;216;1468;38;55784;6.5;19.700;1.340;30;78;9;0;100;101;100;104;100;105;100;49;49;0;1.875;1.875;0.000;0.000;14.700;1.000;9.2;0.0;0;33;3.000;2.920;12.7;-230;0;0;-8.8;0;0;0;0;0;99;0;0;1857;75.90;0;0;0;0;0;0;0;0;0;0;0;0;0;0;0;0;33;0;38.0;38.0;2;0;0.00;0.00;0.00;0.0;0.0
147.993;216;1478;38;56164;6.5;19.700;1.340;30;78;9;0;100;101;100;104;100;105;100;49;49;0;1.875;1.875;0.000;0.000;14.700;1.000;9.2;0.0;0;32;3.000;2.893;12.7;-230;0;0;-8.8;0;0;0;0;0;99;0;0;1857;75.39;0;0;0;0;0;0;0;0;0;0;0;0;0;0;0;0;32;0;38.0;38.0;2;0;0.00;0.00;0.00;0.0;0.0
148.125;216;1477;38;56126;6.5;19.700;1.340;30;78;9;0;100;101;100;104;100;105;100;49;49;0;1.875;1.875;0.000;0.000;14.700;1.000;9.2;0.0;0;32;3.000;2.846;12.7;200;0;0;-8.8;0;0;0;0;0;99;0;0;1857;75.44;0;0;0;0;0;0;0;0;0;0;0;0;0;0;0;0;32;0;38.0;38.0;2;0;0.00;0.00;0.00;0.0;0.0
148.190;217;1474;38;56012;6.5;19.700;1.340;30;78;9;0;100;101;100;104;100;105;100;49;49;0;1.887;1.887;0.000;0.000;14.700;1.000;9.3;0.0;0;32;3.000;2.848;12.6;70;0;0;-8.8;0;0;0;0;0;99;0;0;1839;74.86;0;0;0;0;0;0;0;0;0;0;0;0;0;0;0;0;32;0;38.0;38.0;2;0;0.00;0.00;0.00;0.0;0.0
148.256;217;1491;38;56658;6.5;19.700;1.340;30;78;9;0;100;101;100;104;100;105;100;49;49;0;1.887;1.887;0.000;0.000;14.700;1.000;9.4;0.0;0;33;3.000;2.911;12.6;70;0;0;-8.8;0;0;0;0;0;99;0;0;1839;74.00;0;0;0;0;0;0;0;0;0;0;0;0;0;0;0;0;33;0;38.0;38.0;2;0;0.00;0.00;0.00;0.0;0.0
148.321;217;1495;38;56810;6.5;19.700;1.340;30;78;9;0;100;101;100;104;100;105;100;49;49;0;1.887;1.887;0.000;0.000;14.700;1.000;9.4;0.0;0;33;3.000;3.030;12.6;60;0;0;-8.8;0;0;0;0;0;99;0;0;1839;73.81;0;0;0;0;0;0;0;0;0;0;0;0;0;0;0;0;33;0;38.0;38.0;2;0;0.00;0.00;0.00;0.0;0.0
148.391;217;1501;38;57038;6.5;19.700;1.340;30;78;9;0;100;101;100;104;100;105;100;49;49;0;1.887;1.887;0.000;0.000;14.700;1.000;9.4;0.0;0;33;3.000;2.977;12.6;30;0;0;-8.8;0;0;0;0;0;99;0;0;1839;73.51;0;0;0;0;0;0;0;0;0;0;0;0;0;0;0;0;33;0;38.0;38.0;2;0;0.00;0.00;0.00;0.0;0.0
148.457;217;1504;38;57152;6.5;19.700;1.340;30;78;9;0;100;101;100;104;100;105;100;49;49;0;1.863;1.863;0.000;0.000;14.700;1.000;9.3;0.0;0;33;3.000;2.880;12.8;30;0;0;-8.8;0;0;0;0;0;99;0;0;1839;73.36;0;0;0;0;0;0;0;0;0;0;0;0;0;0;0;0;33;0;38.0;38.0;2;0;0.00;0.00;0.00;0.0;0.0
148.522;217;1504;38;57152;6.5;19.700;1.340;30;78;9;0;100;101;100;104;100;105;100;49;49;0;1.863;1.863;0.000;0.000;14.700;1.000;9.3;0.0;0;33;3.000;2.695;12.8;100;0;0;-8.8;0;0;0;0;0;99;0;0;1839;73.36;0;0;0;0;0;0;0;0;0;0;0;0;0;0;0;0;33;0;38.0;38.0;2;0;0.00;0.00;0.00;0.0;0.0
148.591;217;1471;38;55898;6.5;19.700;1.340;30;78;9;0;100;101;100;104;100;105;100;49;49;0;1.863;1.863;0.000;0.000;14.700;1.000;9.1;0.0;0;33;3.000;2.741;12.8;-170;0;0;-8.8;0;0;0;0;0;99;0;0;1839;75.01;0;0;0;0;0;0;0;0;0;0;0;0;0;0;0;0;33;0;38.0;38.0;2;0;0.00;0.00;0.00;0.0;0.0
148.657;217;1466;38;55708;6.5;19.700;1.340;30;78;9;0;100;101;100;104;100;105;100;49;49;0;1.863;1.863;0.000;0.000;14.700;1.000;9.1;0.0;0;32;3.000;2.695;12.8;-170;0;0;-8.8;0;0;0;0;0;99;0;0;1839;75.27;0;0;0;0;0;0;0;0;0;0;0;0;0;0;0;0;32;0;38.0;38.0;2;0;0.00;0.00;0.00;0.0;0.0
148.722;217;1437;39;56043;6.5;19.700;1.340;30;78;9;0;100;101;100;104;100;105;100;49;49;0;1.860;1.860;0.000;0.000;14.700;1.000;8.9;0.0;0;32;3.000;2.780;12.9;-370;0;0;-8.7;0;0;0;0;0;99;0;0;1839;76.78;0;0;0;0;0;0;0;0;0;0;0;0;0;0;0;0;32;0;39.0;39.0;2;0;0.00;0.00;0.00;0.0;0.0
148.722;217;1418;39;55302;6.5;19.700;1.340;30;78;9;0;100;101;100;104;100;105;100;49;49;0;1.860;1.860;0.000;0.000;14.700;1.000;8.8;0.0;0;32;3.000;2.891;12.9;-350;0;0;-8.7;0;0;0;0;0;99;0;0;1839;77.81;0;0;0;0;0;0;0;0;0;0;0;0;0;0;0;0;32;0;39.0;39.0;2;0;0.00;0.00;0.00;0.0;0.0
148.788;217;1399;39;54561;6.5;19.700;1.340;30;78;9;0;100;101;100;104;100;105;100;49;49;0;1.860;1.860;0.000;0.000;14.700;1.000;8.7;0.0;0;31;3.000;2.647;12.9;-350;0;0;-8.7;0;0;0;0;0;99;0;0;1839;78.87;0;0;0;0;0;0;0;0;0;0;0;0;0;0;0;0;31;0;39.0;39.0;2;0;0.00;0.00;0.00;0.0;0.0
148.924;217;1374;40;54960;6.5;19.700;1.340;30;78;9;0;100;101;100;104;100;105;100;50;50;0;1.876;1.876;0.000;0.000;14.700;1.000;8.6;0.0;0;31;3.000;2.804;12.9;-200;0;0;-8.6;0;0;0;0;0;99;0;0;1839;80.31;0;0;0;0;0;0;0;0;0;0;0;0;0;0;0;0;31;0;40.0;40.0;2;0;0.00;0.00;0.00;0.0;0.0
148.989;217;1360;41;55760;6.5;19.700;1.340;30;78;9;0;100;101;100;104;100;105;100;50;50;0;1.884;1.884;0.000;0.000;14.700;1.000;8.5;0.0;0;31;3.000;2.745;12.9;-350;0;0;-8.4;0;0;0;0;0;99;0;0;1839;81.13;0;0;0;0;0;0;0;0;0;0;0;0;0;0;0;0;31;0;41.0;41.0;2;0;0.00;0.00;0.00;0.0;0.0
149.058;217;1348;41;55268;6.5;19.700;1.340;30;78;9;0;100;101;100;104;100;105;100;50;50;0;1.884;1.884;0.000;0.000;14.700;1.000;8.5;0.0;0;31;3.000;2.907;12.9;-350;0;0;-8.4;0;0;0;0;0;99;0;0;1839;81.85;0;0;0;0;0;0;0;0;0;0;0;0;0;0;0;0;31;0;41.0;41.0;2;0;0.00;0.00;0.00;0.0;0.0
149.124;217;1303;42;54726;6.5;19.700;1.340;30;78;9;0;100;101;100;104;100;105;100;51;51;0;1.909;1.909;0.000;0.000;14.700;1.000;8.3;0.0;0;31;3.000;2.631;12.9;-250;0;0;-8.3;0;0;0;0;0;99;0;0;1839;84.68;0;0;0;0;0;0;0;0;0;0;0;0;0;0;0;0;31;0;42.0;42.0;2;0;0.00;0.00;0.00;0.0;0.0
149.190;218;1288;42;54096;6.5;19.700;1.340;30;78;9;0;100;101;100;104;100;105;100;50;50;0;1.902;1.902;0.000;0.000;14.700;1.000;8.2;0.0;0;31;3.000;2.675;12.9;-470;0;0;-8.3;0;0;0;0;0;99;0;0;1854;86.37;0;0;0;0;0;0;0;0;0;0;0;0;0;0;0;0;31;0;42.0;42.0;2;0;0.00;0.00;0.00;0.0;0.0
149.255;218;1262;44;55528;6.5;19.700;1.340;30;78;9;0;100;101;100;104;100;105;100;51;51;0;1.927;1.927;0.000;0.000;14.700;1.000;8.1;0.0;0;31;3.000;2.843;12.9;-470;0;0;-8.0;0;0;0;0;0;99;0;0;1854;88.15;0;0;0;0;0;0;0;0;0;0;0;0;0;0;0;0;31;0;44.0;44.0;2;0;0.00;0.00;0.00;0.0;0.0
149.324;218;1260;44;55440;6.5;19.700;1.340;30;78;9;0;100;101;100;104;100;105;100;51;51;0;1.927;1.927;0.000;0.000;14.700;1.000;8.1;0.0;0;31;3.000;3.017;12.9;-290;0;0;-8.0;0;0;0;0;0;99;0;0;1854;88.29;0;0;0;0;0;0;0;0;0;0;0;0;0;0;0;0;31;0;44.0;44.0;2;0;0.00;0.00;0.00;0.0;0.0
149.390;218;1238;45;55710;6.5;19.700;1.340;30;78;9;0;100;101;100;104;100;105;100;52;52;0;1.960;1.960;0.000;0.000;14.700;1.000;8.1;0.0;0;30;3.000;2.870;12.9;-70;0;0;-7.8;0;0;0;0;0;99;0;0;1854;89.85;0;0;0;0;0;0;0;0;0;0;0;0;0;0;0;0;30;0;45.0;45.0;2;0;0.00;0.00;0.00;0.0;0.0
149.455;218;1224;46;56304;6.5;19.700;1.340;30;78;9;0;100;101;100;104;100;105;100;52;52;0;1.982;1.982;0.000;0.000;14.700;1.000;8.1;0.0;0;30;3.000;2.703;12.8;-70;0;0;-7.7;0;0;0;0;0;99;0;0;1854;90.88;0;0;0;0;0;0;0;0;0;0;0;0;0;0;0;0;30;0;46.0;46.0;2;0;0.00;0.00;0.00;0.0;0.0
149.521;218;1247;45;56115;6.5;19.700;1.340;30;78;9;0;100;101;100;104;100;105;100;52;52;0;1.972;1.972;0.000;0.000;14.700;1.000;8.2;0.0;0;30;3.000;3.043;12.8;-270;0;0;-7.8;0;0;0;0;0;99;0;0;1854;89.21;0;0;0;0;0;0;0;0;0;0;0;0;0;0;0;0;30;0;45.0;45.0;2;0;0.00;0.00;0.00;0.0;0.0
149.586;218;1240;45;55800;6.5;19.700;1.340;30;78;9;0;100;101;100;104;100;105;100;52;52;0;1.972;1.972;0.000;0.000;14.700;1.000;8.2;0.0;0;30;3.000;2.538;12.8;150;0;0;-7.8;0;0;0;0;0;99;0;0;1854;89.71;0;0;0;0;0;0;0;0;0;0;0;0;0;0;0;0;30;0;45.0;45.0;2;0;0.00;0.00;0.00;0.0;0.0
149.656;218;1235;45;55575;6.5;19.700;1.340;30;78;9;0;100;101;100;104;100;105;100;52;52;0;1.972;1.972;0.000;0.000;14.700;1.000;8.1;0.0;0;30;3.000;2.706;12.8;150;0;0;-7.8;0;0;0;0;0;99;0;0;1854;90.07;0;0;0;0;0;0;0;0;0;0;0;0;0;0;0;0;30;0;45.0;45.0;2;0;0.00;0.00;0.00;0.0;0.0
149.723;218;1253;46;57638;6.5;19.700;1.340;30;78;9;0;100;101;100;104;100;105;100;52;52;0;1.958;1.958;0.000;0.000;14.700;1.000;8.2;0.0;0;31;3.000;3.246;13.0;-40;0;0;-7.7;0;0;0;0;0;99;0;0;1854;88.78;0;0;0;0;0;0;0;0;0;0;0;0;0;0;0;0;31;0;46.0;46.0;2;0;0.00;0.00;0.00;0.0;0.0
149.795;218;1264;45;56880;6.5;19.700;1.340;30;78;9;0;100;101;100;104;100;105;100;52;52;0;1.948;1.948;0.000;0.000;14.700;1.000;8.2;0.0;0;31;3.000;2.794;13.0;280;0;0;-7.8;0;0;0;0;0;99;0;0;1854;88.01;0;0;0;0;0;0;0;0;0;0;0;0;0;0;0;0;31;0;45.0;45.0;2;0;0.00;0.00;0.00;0.0;0.0
149.862;218;1261;44;55484;6.5;19.700;1.340;30;78;9;0;100;101;100;104;100;105;100;51;51;0;1.915;1.915;0.000;0.000;14.700;1.000;8.0;0.0;0;31;3.000;2.849;13.0;280;0;0;-8.0;0;0;0;0;0;99;0;0;1854;88.22;0;0;0;0;0;0;0;0;0;0;0;0;0;0;0;0;31;0;44.0;44.0;2;0;0.00;0.00;0.00;0.0;0.0
149.928;218;1279;45;57555;6.5;19.700;1.340;30;78;9;0;100;101;100;104;100;105;100;52;52;0;1.948;1.948;0.000;0.000;14.700;1.000;8.3;0.0;0;31;3.000;2.871;13.0;-50;0;0;-7.8;0;0;0;0;0;99;0;0;1854;86.97;0;0;0;0;0;0;0;0;0;0;0;0;0;0;0;0;31;0;45.0;45.0;2;0;0.00;0.00;0.00;0.0;0.0
149.993;218;1277;44;56188;6.5;19.700;1.340;30;78;9;0;100;101;100;104;100;105;100;51;51;0;1.903;1.903;0.000;0.000;14.700;1.000;8.1;0.0;0;31;3.000;2.956;13.1;180;0;0;-8.0;0;0;0;0;0;99;0;0;1854;87.11;0;0;0;0;0;0;0;0;0;0;0;0;0;0;0;0;31;0;44.0;44.0;2;0;0.00;0.00;0.00;0.0;0.0
150.061;218;1282;44;56408;6.5;19.700;1.340;30;78;9;0;100;101;100;104;100;105;100;51;51;0;1.903;1.903;0.000;0.000;14.700;1.000;8.1;0.0;0;31;3.000;2.827;13.1;180;0;0;-8.0;0;0;0;0;0;99;0;0;1854;86.77;0;0;0;0;0;0;0;0;0;0;0;0;0;0;0;0;31;0;44.0;44.0;2;0;0.00;0.00;0.00;0.0;0.0
150.128;218;1292;43;55556;6.5;19.700;1.340;30;78;9;0;100;101;100;104;100;105;100;51;51;0;1.893;1.893;0.000;0.000;14.700;1.000;8.2;0.0;0;31;3.000;2.888;13.1;180;0;0;-8.1;0;0;0;0;0;99;0;0;1854;86.10;0;0;0;0;0;0;0;0;0;0;0;0;0;0;0;0;31;0;43.0;43.0;2;0;0.00;0.00;0.00;0.0;0.0
150.193;218;1294;44;56936;6.5;19.700;1.340;30;78;9;0;100;101;100;104;100;105;100;51;51;0;1.903;1.903;0.000;0.000;14.700;1.000;8.2;0.0;0;31;3.000;2.961;13.1;180;0;0;-8.0;0;0;0;0;0;99;0;0;1854;85.97;0;0;0;0;0;0;0;0;0;0;0;0;0;0;0;0;31;0;44.0;44.0;2;0;0.00;0.00;0.00;0.0;0.0
150.258;219;1296;43;55728;6.5;19.700;1.340;30;78;9;0;100;101;100;104;100;105;100;51;51;0;1.917;1.917;0.000;0.000;14.700;1.000;8.3;0.0;0;31;3.000;2.734;12.9;-10;0;0;-8.1;0;0;0;0;0;99;0;0;1859;86.06;0;0;0;0;0;0;0;0;0;0;0;0;0;0;0;0;31;0;43.0;43.0;2;0;0.00;0.00;0.00;0.0;0.0
150.326;219;1292;43;55556;6.5;19.700;1.340;30;78;9;0;100;101;100;104;100;105;100;51;51;0;1.917;1.917;0.000;0.000;14.700;1.000;8.3;0.0;0;31;3.000;2.871;12.9;-10;0;0;-8.1;0;0;0;0;0;99;0;0;1859;86.33;0;0;0;0;0;0;0;0;0;0;0;0;0;0;0;0;31;0;43.0;43.0;2;0;0.00;0.00;0.00;0.0;0.0
150.326;219;1307;44;57508;6.5;19.700;1.340;30;78;9;0;100;101;100;104;100;105;100;52;52;0;1.943;1.943;0.000;0.000;14.700;1.000;8.5;0.0;0;31;3.000;3.113;12.9;-10;0;0;-8.0;0;0;0;0;0;99;0;0;1859;85.34;0;0;0;0;0;0;0;0;0;0;0;0;0;0;0;0;31;0;44.0;44.0;2;0;0.00;0.00;0.00;0.0;0.0
150.462;219;1306;43;56158;6.5;19.700;1.340;30;78;9;0;100;101;100;104;100;105;100;51;51;0;1.953;1.953;0.000;0.000;14.700;1.000;8.5;0.0;0;31;3.000;2.947;12.6;140;0;0;-8.1;0;0;0;0;0;99;0;0;1859;85.41;0;0;0;0;0;0;0;0;0;0;0;0;0;0;0;0;31;0;43.0;43.0;2;0;0.00;0.00;0.00;0.0;0.0
150.462;219;1290;43;55470;6.5;19.700;1.340;30;78;9;0;100;101;100;104;100;105;100;51;51;0;1.953;1.953;0.000;0.000;14.700;1.000;8.4;0.0;0;31;3.000;2.742;12.6;-90;0;0;-8.1;0;0;0;0;0;99;0;0;1859;86.47;0;0;0;0;0;0;0;0;0;0;0;0;0;0;0;0;31;0;43.0;43.0;2;0;0.00;0.00;0.00;0.0;0.0
150.602;219;1313;43;56459;6.5;19.700;1.340;30;78;9;0;100;101;100;104;100;105;100;51;51;0;1.953;1.953;0.000;0.000;14.700;1.000;8.5;0.0;0;31;3.000;2.933;12.6;150;0;0;-8.1;0;0;0;0;0;99;0;0;1859;84.95;0;0;0;0;0;0;0;0;0;0;0;0;0;0;0;0;31;0;43.0;43.0;2;0;0.00;0.00;0.00;0.0;0.0
150.671;219;1317;43;56631;6.5;19.700;1.340;30;78;9;0;100;101;100;104;100;105;100;51;51;0;1.953;1.953;0.000;0.000;14.700;1.000;8.6;0.0;0;31;3.000;2.946;12.6;150;0;0;-8.1;0;0;0;0;0;99;0;0;1859;84.69;0;0;0;0;0;0;0;0;0;0;0;0;0;0;0;0;31;0;43.0;43.0;2;0;0.00;0.00;0.00;0.0;0.0
150.738;219;1350;42;56700;6.5;19.700;1.340;30;78;9;0;100;101;100;104;100;105;100;51;51;0;1.909;1.909;0.000;0.000;14.700;1.000;8.6;0.0;0;31;3.000;3.177;12.9;90;0;0;-8.3;0;0;0;0;0;99;0;0;1859;82.62;0;0;0;0;0;0;0;0;0;0;0;0;0;0;0;0;31;0;42.0;42.0;2;0;0.00;0.00;0.00;0.0;0.0
150.808;219;1355;42;56910;6.5;19.700;1.340;30;78;9;0;100;101;100;104;100;105;100;51;51;0;1.909;1.909;0.000;0.000;14.700;1.000;8.6;0.0;0;31;3.000;2.805;12.9;90;0;0;-8.3;0;0;0;0;0;99;0;0;1859;82.32;0;0;0;0;0;0;0;0;0;0;0;0;0;0;0;0;31;0;42.0;42.0;2;0;0.00;0.00;0.00;0.0;0.0
150.869;219;1380;41;56580;6.5;19.700;1.340;30;78;9;0;100;101;100;104;100;105;100;50;50;0;1.884;1.884;0.000;0.000;14.700;1.000;8.7;0.0;0;31;3.000;3.069;12.9;330;0;0;-8.4;0;0;0;0;0;99;0;0;1859;80.83;0;0;0;0;0;0;0;0;0;0;0;0;0;0;0;0;31;0;41.0;41.0;2;0;0.00;0.00;0.00;0.0;0.0
150.931;219;1391;41;57031;6.5;19.700;1.340;30;78;9;0;100;101;100;104;100;105;100;50;50;0;1.884;1.884;0.000;0.000;14.700;1.000;8.7;0.0;0;31;3.000;2.886;12.9;360;0;0;-8.4;0;0;0;0;0;99;0;0;1859;80.19;0;0;0;0;0;0;0;0;0;0;0;0;0;0;0;0;31;0;41.0;41.0;2;0;0.00;0.00;0.00;0.0;0.0
150.996;219;1407;40;56280;6.5;19.700;1.340;30;78;9;0;100;101;100;104;100;105;100;50;50;0;1.876;1.876;0.000;0.000;14.700;1.000;8.8;0.0;0;31;3.000;3.012;12.9;360;0;0;-8.6;0;0;0;0;0;99;0;0;1859;79.28;0;0;0;0;0;0;0;0;0;0;0;0;0;0;0;0;31;0;40.0;40.0;2;0;0.00;0.00;0.00;0.0;0.0
151.061;219;1398;40;55920;6.5;19.700;1.340;30;78;9;0;100;101;100;104;100;105;100;50;50;0;1.876;1.876;0.000;0.000;14.700;1.000;8.7;0.0;0;31;3.000;2.724;12.9;170;0;0;-8.6;0;0;0;0;0;99;0;0;1859;79.79;0;0;0;0;0;0;0;0;0;0;0;0;0;0;0;0;31;0;40.0;40.0;2;0;0.00;0.00;0.00;0.0;0.0
151.128;219;1400;40;56000;6.5;19.700;1.340;30;78;9;0;100;101;100;104;100;105;100;50;50;0;1.876;1.876;0.000;0.000;14.700;1.000;8.8;0.0;0;31;3.000;2.814;12.9;-80;0;0;-8.6;0;0;0;0;0;99;0;0;1859;79.67;0;0;0;0;0;0;0;0;0;0;0;0;0;0;0;0;31;0;40.0;40.0;2;0;0.00;0.00;0.00;0.0;0.0
151.128;219;1377;40;55080;6.5;19.700;1.340;30;78;9;0;100;101;100;104;100;105;100;50;50;0;1.876;1.876;0.000;0.000;14.700;1.000;8.6;0.0;0;31;3.000;2.804;12.9;-80;0;0;-8.6;0;0;0;0;0;99;0;0;1859;81.00;0;0;0;0;0;0;0;0;0;0;0;0;0;0;0;0;31;0;40.0;40.0;2;0;0.00;0.00;0.00;0.0;0.0
151.193;220;1370;40;54800;6.5;19.700;1.340;30;78;9;0;100;101;100;104;100;105;100;50;50;0;1.864;1.864;0.000;0.000;14.700;1.000;8.5;0.0;0;31;3.000;3.097;13.0;-350;0;0;-8.6;0;0;0;0;0;99;0;0;1859;81.42;0;0;0;0;0;0;0;0;0;0;0;0;0;0;0;0;31;0;40.0;40.0;2;0;0.00;0.00;0.00;0.0;0.0
151.261;220;1339;41;54899;6.5;19.700;1.340;30;78;9;0;100;101;100;104;100;105;100;50;50;0;1.872;1.872;0.000;0.000;14.700;1.000;8.4;0.0;0;31;3.000;2.637;13.0;-260;0;0;-8.4;0;0;0;0;0;99;0;0;1859;83.30;0;0;0;0;0;0;0;0;0;0;0;0;0;0;0;0;31;0;41.0;41.0;2;0;0.00;0.00;0.00;0.0;0.0
151.397;220;1298;42;54516;6.5;19.700;1.340;30;78;9;0;100;101;100;104;100;105;100;50;50;0;1.890;1.890;0.000;0.000;14.700;1.000;8.2;0.0;0;31;3.000;2.692;13.0;-260;0;0;-8.3;0;0;0;0;0;99;0;0;1859;85.93;0;0;0;0;0;0;0;0;0;0;0;0;0;0;0;0;31;0;42.0;42.0;2;0;0.00;0.00;0.00;0.0;0.0
151.463;220;1304;43;56072;6.5;19.700;1.340;30;78;9;0;100;101;100;104;100;105;100;51;51;0;1.905;1.905;0.000;0.000;14.700;1.000;8.3;0.0;0;31;3.000;2.759;13.0;-490;0;0;-8.1;0;0;0;0;0;99;0;0;1859;85.54;0;0;0;0;0;0;0;0;0;0;0;0;0;0;0;0;31;0;43.0;43.0;2;0;0.00;0.00;0.00;0.0;0.0
151.529;220;1283;43;55169;6.5;19.700;1.340;30;78;9;0;100;101;100;104;100;105;100;51;51;0;1.917;1.917;0.000;0.000;14.700;1.000;8.2;0.0;0;31;3.000;2.788;12.9;-50;0;0;-8.1;0;0;0;0;0;99;0;0;1859;86.94;0;0;0;0;0;0;0;0;0;0;0;0;0;0;0;0;31;0;43.0;43.0;2;0;0.00;0.00;0.00;0.0;0.0
151.596;220;1268;43;54524;6.5;19.700;1.340;30;78;9;0;100;101;100;104;100;105;100;51;51;0;1.917;1.917;0.000;0.000;14.700;1.000;8.1;0.0;0;31;3.000;2.886;12.9;-50;0;0;-8.1;0;0;0;0;0;99;0;0;1859;87.97;0;0;0;0;0;0;0;0;0;0;0;0;0;0;0;0;31;0;43.0;43.0;2;0;0.00;0.00;0.00;0.0;0.0
151.659;220;1278;44;56232;6.5;19.700;1.340;30;78;9;0;100;101;100;104;100;105;100;51;51;0;1.927;1.927;0.000;0.000;14.700;1.000;8.2;0.0;0;31;3.000;2.900;12.9;-40;0;0;-8.0;0;0;0;0;0;99;0;0;1859;87.28;0;0;0;0;0;0;0;0;0;0;0;0;0;0;0;0;31;0;44.0;44.0;2;0;0.00;0.00;0.00;0.0;0.0
151.726;220;1277;44;56188;6.5;19.700;1.340;30;78;9;0;100;101;100;104;100;105;100;51;51;0;1.927;1.927;0.000;0.000;14.700;1.000;8.2;0.0;0;31;3.000;3.009;12.9;-40;0;0;-8.0;0;0;0;0;0;99;0;0;1859;87.35;0;0;0;0;0;0;0;0;0;0;0;0;0;0;0;0;31;0;44.0;44.0;2;0;0.00;0.00;0.00;0.0;0.0
151.790;220;1278;44;56232;6.5;19.700;1.340;30;78;9;0;100;101;100;104;100;105;100;51;51;0;1.927;1.927;0.000;0.000;14.700;1.000;8.2;0.0;0;31;3.000;2.805;12.9;-40;0;0;-8.0;0;0;0;0;0;99;0;0;1859;87.28;0;0;0;0;0;0;0;0;0;0;0;0;0;0;0;0;31;0;44.0;44.0;2;0;0.00;0.00;0.00;0.0;0.0
151.858;220;1281;43;55083;6.5;19.700;1.340;30;78;9;0;100;101;100;104;100;105;100;51;51;0;1.917;1.917;0.000;0.000;14.700;1.000;8.2;0.0;0;31;3.000;2.842;12.9;140;0;0;-8.1;0;0;0;0;0;99;0;0;1859;87.07;0;0;0;0;0;0;0;0;0;0;0;0;0;0;0;0;31;0;43.0;43.0;2;0;0.00;0.00;0.00;0.0;0.0
151.929;220;1292;44;56848;6.5;19.700;1.340;30;78;9;0;100;101;100;104;100;105;100;51;51;0;1.927;1.927;0.000;0.000;14.700;1.000;8.3;0.0;0;31;3.000;3.041;12.9;10;0;0;-8.0;0;0;0;0;0;99;0;0;1859;86.33;0;0;0;0;0;0;0;0;0;0;0;0;0;0;0;0;31;0;44.0;44.0;2;0;0.00;0.00;0.00;0.0;0.0
151.998;220;1290;44;56760;6.5;19.700;1.340;30;78;9;0;100;101;100;104;100;105;100;51;51;0;1.915;1.915;0.000;0.000;14.700;1.000;8.2;0.0;0;31;3.000;2.828;13.0;10;0;0;-8.0;0;0;0;0;0;99;0;0;1859;86.47;0;0;0;0;0;0;0;0;0;0;0;0;0;0;0;0;31;0;44.0;44.0;2;0;0.00;0.00;0.00;0.0;0.0
152.061;220;1309;43;56287;6.5;19.700;1.340;30;78;9;0;100;101;100;104;100;105;100;51;51;0;1.905;1.905;0.000;0.000;14.700;1.000;8.3;0.0;0;31;3.000;2.944;13.0;30;0;0;-8.1;0;0;0;0;0;99;0;0;1859;85.21;0;0;0;0;0;0;0;0;0;0;0;0;0;0;0;0;31;0;43.0;43.0;2;0;0.00;0.00;0.00;0.0;0.0
152.128;220;1326;42;55692;6.5;19.700;1.340;30;78;9;0;100;101;100;104;100;105;100;51;51;0;1.897;1.897;0.000;0.000;14.700;1.000;8.4;0.0;0;31;3.000;2.962;13.0;310;0;0;-8.3;0;0;0;0;0;99;0;0;1859;84.12;0;0;0;0;0;0;0;0;0;0;0;0;0;0;0;0;31;0;42.0;42.0;2;0;0.00;0.00;0.00;0.0;0.0
152.192;220;1319;43;56717;6.5;19.700;1.340;30;78;9;0;100;101;100;104;100;105;100;51;51;0;1.905;1.905;0.000;0.000;14.700;1.000;8.4;0.0;0;31;3.000;2.943;13.0;310;0;0;-8.1;0;0;0;0;0;99;0;0;1859;84.56;0;0;0;0;0;0;0;0;0;0;0;0;0;0;0;0;31;0;43.0;43.0;2;0;0.00;0.00;0.00;0.0;0.0
152.261;221;1323;42;55566;6.5;19.700;1.340;30;78;9;0;100;101;100;104;100;105;100;51;51;0;1.885;1.885;0.000;0.000;14.700;1.000;8.3;0.0;0;31;3.000;2.832;13.1;-60;0;0;-8.3;0;0;0;0;0;99;0;0;1863;84.49;0;0;0;0;0;0;0;0;0;0;0;0;0;0;0;0;31;0;42.0;42.0;2;0;0.00;0.00;0.00;0.0;0.0
152.327;221;1316;42;55272;6.5;19.700;1.340;30;78;9;0;100;101;100;104;100;105;100;51;51;0;1.885;1.885;0.000;0.000;14.700;1.000;8.3;0.0;0;31;3.000;2.886;13.1;-60;0;0;-8.3;0;0;0;0;0;99;0;0;1863;84.94;0;0;0;0;0;0;0;0;0;0;0;0;0;0;0;0;31;0;42.0;42.0;2;0;0.00;0.00;0.00;0.0;0.0
152.393;221;1307;42;54894;6.5;19.700;1.340;30;78;9;0;100;101;100;104;100;105;100;51;51;0;1.885;1.885;0.000;0.000;14.700;1.000;8.2;0.0;0;31;3.000;2.915;13.1;-200;0;0;-8.3;0;0;0;0;0;99;0;0;1863;85.52;0;0;0;0;0;0;0;0;0;0;0;0;0;0;0;0;31;0;42.0;42.0;2;0;0.00;0.00;0.00;0.0;0.0
152.458;221;1294;42;54348;6.5;19.700;1.340;30;78;9;0;100;101;100;104;100;105;100;50;50;0;1.878;1.878;0.000;0.000;14.700;1.000;8.1;0.0;0;31;3.000;2.828;13.1;-80;0;0;-8.3;0;0;0;0;0;99;0;0;1863;86.38;0;0;0;0;0;0;0;0;0;0;0;0;0;0;0;0;31;0;42.0;42.0;2;0;0.00;0.00;0.00;0.0;0.0
152.458;221;1286;43;55298;6.5;19.700;1.340;30;78;9;0;100;101;100;104;100;105;100;51;51;0;1.893;1.893;0.000;0.000;14.700;1.000;8.1;0.0;0;31;3.000;2.685;13.1;-80;0;0;-8.1;0;0;0;0;0;99;0;0;1863;86.92;0;0;0;0;0;0;0;0;0;0;0;0;0;0;0;0;31;0;43.0;43.0;2;0;0.00;0.00;0.00;0.0;0.0
152.588;221;1268;43;54524;6.5;19.700;1.340;30;78;9;0;100;101;100;104;100;105;100;51;51;0;1.893;1.893;0.000;0.000;14.700;1.000;8.0;0.0;0;31;3.000;2.763;13.1;-60;0;0;-8.1;0;0;0;0;0;99;0;0;1863;88.15;0;0;0;0;0;0;0;0;0;0;0;0;0;0;0;0;31;0;43.0;43.0;2;0;0.00;0.00;0.00;0.0;0.0
152.588;221;1248;44;54912;6.5;19.700;1.340;30;78;9;0;100;101;100;104;100;105;100;51;51;0;1.903;1.903;0.000;0.000;14.700;1.000;7.9;0.0;0;30;3.000;2.633;13.1;-380;0;0;-8.0;0;0;0;0;0;99;0;0;1863;89.57;0;0;0;0;0;0;0;0;0;0;0;0;0;0;0;0;30;0;44.0;44.0;2;0;0.00;0.00;0.00;0.0;0.0
152.655;221;1246;44;54824;6.5;19.700;1.340;30;78;9;0;100;101;100;104;100;105;100;51;51;0;1.903;1.903;0.000;0.000;14.700;1.000;7.9;0.0;0;30;3.000;2.666;13.1;-380;0;0;-8.0;0;0;0;0;0;99;0;0;1863;89.71;0;0;0;0;0;0;0;0;0;0;0;0;0;0;0;0;30;0;44.0;44.0;2;0;0.00;0.00;0.00;0.0;0.0
152.723;221;1216;44;53504;6.5;19.700;1.340;31;78;9;0;100;101;100;104;100;105;100;51;51;0;1.903;1.903;0.000;0.000;14.700;1.000;7.7;0.0;0;30;3.000;2.723;13.1;10;0;0;-8.0;0;0;0;0;0;99;0;0;1863;91.92;0;0;0;0;0;0;0;0;0;0;0;0;0;0;0;0;30;0;44.0;44.0;2;0;0.00;0.00;0.00;0.0;0.0
152.855;221;1219;45;54855;6.5;19.700;1.340;31;78;9;0;100;101;100;104;100;105;100;52;52;0;1.936;1.936;0.000;0.000;14.700;1.000;7.9;0.0;0;30;3.000;3.048;13.1;-400;0;0;-7.8;0;0;0;0;0;99;0;0;1863;91.70;0;0;0;0;0;0;0;0;0;0;0;0;0;0;0;0;30;0;45.0;45.0;2;0;0.00;0.00;0.00;0.0;0.0
152.855;221;1205;45;54225;6.5;19.700;1.340;31;78;9;0;100;101;100;104;100;105;100;52;52;0;1.936;1.936;0.000;0.000;14.700;1.000;7.8;0.0;0;30;3.000;2.658;13.1;-400;0;0;-7.8;0;0;0;0;0;99;0;0;1863;92.76;0;0;0;0;0;0;0;0;0;0;0;0;0;0;0;0;30;0;45.0;45.0;2;0;0.00;0.00;0.00;0.0;0.0
152.921;221;1208;45;54360;6.5;19.700;1.340;31;78;9;0;100;101;100;104;100;105;100;52;52;0;1.936;1.936;0.000;0.000;14.700;1.000;7.8;0.0;0;30;3.000;2.839;13.1;100;0;0;-7.8;0;0;0;0;0;99;0;0;1863;92.53;0;0;0;0;0;0;0;0;0;0;0;0;0;0;0;0;30;0;45.0;45.0;2;0;0.00;0.00;0.00;0.0;0.0
153.055;221;1204;45;54180;6.5;19.700;1.340;31;78;9;0;100;101;100;104;100;105;100;52;52;0;1.936;1.936;0.000;0.000;14.700;1.000;7.8;0.0;0;30;3.000;3.019;13.1;-200;0;0;-7.8;0;0;0;0;0;99;0;0;1863;92.84;0;0;0;0;0;0;0;0;0;0;0;0;0;0;0;0;30;0;45.0;45.0;2;0;0.00;0.00;0.00;0.0;0.0
153.121;221;1210;45;54450;6.5;19.700;1.340;31;78;9;0;100;101;100;104;100;105;100;52;52;0;1.936;1.936;0.000;0.000;14.700;1.000;7.8;0.0;0;30;3.000;2.913;13.1;-200;0;0;-7.8;0;0;0;0;0;99;0;0;1863;92.38;0;0;0;0;0;0;0;0;0;0;0;0;0;0;0;0;30;0;45.0;45.0;2;0;0.00;0.00;0.00;0.0;0.0
153.190;221;1210;45;54450;6.5;19.700;1.340;31;78;9;0;100;101;100;104;100;105;100;52;52;0;1.936;1.936;0.000;0.000;14.700;1.000;7.8;0.0;0;30;3.000;2.875;13.1;240;0;0;-7.8;0;0;0;0;0;99;0;0;1863;92.38;0;0;0;0;0;0;0;0;0;0;0;0;0;0;0;0;30;0;45.0;45.0;2;0;0.00;0.00;0.00;0.0;0.0
153.256;222;1179;46;54234;6.5;19.600;1.333;31;78;9;0;100;101;100;104;100;105;100;52;52;0;1.970;1.970;0.000;0.000;14.700;1.000;7.7;0.0;0;30;3.000;2.707;12.9;-340;0;0;-7.7;0;0;0;0;0;99;0;0;1865;94.91;0;0;0;0;0;0;0;0;0;0;0;0;0;0;0;0;30;0;46.0;46.0;2;0;0.00;0.00;0.00;0.0;0.0
153.256;222;1184;45;53280;6.5;19.600;1.333;31;78;9;0;100;101;100;104;100;105;100;51;51;0;1.945;1.945;0.000;0.000;14.700;1.000;7.7;0.0;0;30;3.000;2.821;12.9;-340;0;0;-7.8;0;0;0;0;0;99;0;0;1865;94.51;0;0;0;0;0;0;0;0;0;0;0;0;0;0;0;0;30;0;45.0;45.0;2;0;0.00;0.00;0.00;0.0;0.0
153.322;222;1196;45;53820;6.5;19.700;1.340;31;78;9;0;100;101;100;104;100;105;100;51;51;0;1.945;1.945;0.000;0.000;14.700;1.000;7.8;0.0;0;30;3.000;2.758;12.9;190;0;0;-7.8;0;0;0;0;0;99;0;0;1865;93.56;0;0;0;0;0;0;0;0;0;0;0;0;0;0;0;0;30;0;45.0;45.0;2;0;0.00;0.00;0.00;0.0;0.0
153.387;222;1172;46;53912;6.5;19.700;1.340;31;78;9;0;100;101;100;104;100;105;100;52;52;0;1.970;1.970;0.000;0.000;14.700;1.000;7.7;0.0;0;30;3.000;2.686;12.9;-400;0;0;-7.7;0;0;0;0;0;99;0;0;1865;95.48;0;0;0;0;0;0;0;0;0;0;0;0;0;0;0;0;30;0;46.0;46.0;2;0;0.00;0.00;0.00;0.0;0.0
153.522;222;1187;45;53415;6.5;19.700;1.340;31;78;9;0;100;101;100;104;100;105;100;51;51;0;1.969;1.969;0.000;0.000;14.700;1.000;7.8;0.0;0;30;3.000;2.851;12.7;-400;0;0;-7.8;0;0;0;0;0;99;0;0;1865;94.27;0;0;0;0;0;0;0;0;0;0;0;0;0;0;0;0;30;0;45.0;45.0;2;0;0.00;0.00;0.00;0.0;0.0
153.522;222;1199;45;53955;6.5;19.700;1.340;31;78;9;0;100;101;100;104;100;105;100;51;51;0;1.969;1.969;0.000;0.000;14.700;1.000;7.9;0.0;0;30;3.000;2.780;12.7;380;0;0;-7.8;0;0;0;0;0;99;0;0;1865;93.33;0;0;0;0;0;0;0;0;0;0;0;0;0;0;0;0;30;0;45.0;45.0;2;0;0.00;0.00;0.00;0.0;0.0
153.658;222;1200;45;54000;6.5;19.700;1.340;31;78;9;0;100;101;100;104;100;105;100;52;52;0;1.984;1.984;0.000;0.000;14.700;1.000;7.9;0.0;0;30;3.000;3.018;12.7;-160;0;0;-7.8;0;0;0;0;0;99;0;0;1865;93.25;0;0;0;0;0;0;0;0;0;0;0;0;0;0;0;0;30;0;45.0;45.0;2;0;0.00;0.00;0.00;0.0;0.0
153.658;222;1211;45;54495;6.5;19.700;1.340;31;78;9;0;100;101;100;104;100;105;100;52;52;0;1.984;1.984;0.000;0.000;14.700;1.000;8.0;0.0;0;30;3.000;2.989;12.7;-160;0;0;-7.8;0;0;0;0;0;99;0;0;1865;92.40;0;0;0;0;0;0;0;0;0;0;0;0;0;0;0;0;30;0;45.0;45.0;2;0;0.00;0.00;0.00;0.0;0.0
153.724;222;1226;44;53944;6.5;19.700;1.340;31;78;9;0;100;101;100;104;100;105;100;51;51;0;1.927;1.927;0.000;0.000;14.700;1.000;7.9;0.0;0;30;3.000;2.869;12.9;410;0;0;-8.0;0;0;0;0;0;99;0;0;1865;91.27;0;0;0;0;0;0;0;0;0;0;0;0;0;0;0;0;30;0;44.0;44.0;2;0;0.00;0.00;0.00;0.0;0.0
153.858;222;1229;44;54076;6.5;19.700;1.340;31;78;9;0;100;101;100;104;100;105;100;51;51;0;1.927;1.927;0.000;0.000;14.700;1.000;7.9;0.0;0;30;3.000;2.935;12.9;-20;0;0;-8.0;0;0;0;0;0;99;0;0;1865;91.05;0;0;0;0;0;0;0;0;0;0;0;0;0;0;0;0;30;0;44.0;44.0;2;0;0.00;0.00;0.00;0.0;0.0
153.858;222;1254;43;53922;6.5;19.700;1.340;31;78;9;0;100;101;100;104;100;105;100;51;51;0;1.917;1.917;0.000;0.000;14.700;1.000;8.0;0.0;0;31;3.000;2.804;12.9;-20;0;0;-8.1;0;0;0;0;0;99;0;0;1865;89.23;0;0;0;0;0;0;0;0;0;0;0;0;0;0;0;0;31;0;43.0;43.0;2;0;0.00;0.00;0.00;0.0;0.0
153.989;222;1240;43;53320;6.5;19.700;1.340;31;78;9;0;100;101;100;104;100;105;100;51;51;0;1.917;1.917;0.000;0.000;14.700;1.000;7.9;0.0;0;30;3.000;2.600;12.9;170;0;0;-8.1;0;0;0;0;0;99;0;0;1865;90.24;0;0;0;0;0;0;0;0;0;0;0;0;0;0;0;0;30;0;43.0;43.0;2;0;0.00;0.00;0.00;0.0;0.0
154.056;222;1235;44;54340;6.5;19.700;1.340;31;78;9;0;100;101;100;104;100;105;100;51;51;0;1.903;1.903;0.000;0.000;14.700;1.000;7.8;0.0;0;30;3.000;2.921;13.1;-110;0;0;-8.0;0;0;0;0;0;99;0;0;1865;90.61;0;0;0;0;0;0;0;0;0;0;0;0;0;0;0;0;30;0;44.0;44.0;2;0;0.00;0.00;0.00;0.0;0.0
154.125;222;1258;43;54094;6.5;19.700;1.340;31;78;9;0;100;101;100;104;100;105;100;51;51;0;1.893;1.893;0.000;0.000;14.700;1.000;7.9;0.0;0;31;3.000;3.143;13.1;-110;0;0;-8.1;0;0;0;0;0;99;0;0;1865;88.95;0;0;0;0;0;0;0;0;0;0;0;0;0;0;0;0;31;0;43.0;43.0;2;0;0.00;0.00;0.00;0.0;0.0
154.190;222;1242;43;53406;6.5;19.700;1.340;31;78;9;0;100;101;100;104;100;105;100;51;51;0;1.893;1.893;0.000;0.000;14.700;1.000;7.8;0.0;0;31;3.000;2.863;13.1;210;0;0;-8.1;0;0;0;0;0;99;0;0;1865;90.10;0;0;0;0;0;0;0;0;0;0;0;0;0;0;0;0;31;0;43.0;43.0;2;0;0.00;0.00;0.00;0.0;0.0
154.259;223;1264;42;53088;6.5;19.700;1.340;31;78;9;0;100;101;100;104;100;105;100;50;50;0;1.878;1.878;0.000;0.000;14.700;1.000;7.9;0.0;0;31;3.000;3.007;13.1;80;0;0;-8.3;0;0;0;0;0;99;0;0;1862;88.39;0;0;0;0;0;0;0;0;0;0;0;0;0;0;0;0;31;0;42.0;42.0;2;0;0.00;0.00;0.00;0.0;0.0
154.329;223;1272;42;53424;6.5;19.700;1.340;31;79;9;0;100;101;100;103;100;104;100;50;50;0;1.874;1.874;0.000;0.000;14.700;1.000;7.9;0.0;0;31;3.000;2.959;13.1;80;0;0;-8.3;0;0;0;0;0;99;0;0;1862;87.83;0;0;0;0;0;0;0;0;0;0;0;0;0;0;0;0;31;0;42.0;42.0;2;0;0.00;0.00;0.00;0.0;0.0
154.396;223;1261;42;52962;6.5;19.700;1.340;31;79;9;0;100;101;100;103;100;104;100;50;50;0;1.874;1.874;0.000;0.000;14.700;1.000;7.9;0.0;0;31;3.000;2.852;13.1;60;0;0;-8.3;0;0;0;0;0;99;0;0;1862;88.60;0;0;0;0;0;0;0;0;0;0;0;0;0;0;0;0;31;0;42.0;42.0;2;0;0.00;0.00;0.00;0.0;0.0
154.463;223;1258;42;52836;5.5;19.700;1.340;31;79;9;0;100;101;100;103;100;104;100;50;50;0;1.874;1.874;0.000;0.000;14.700;1.000;7.9;0.0;0;31;3.000;2.837;13.1;60;0;0;-8.3;0;0;0;0;0;99;0;0;1862;88.81;0;0;0;0;0;0;0;0;0;0;0;0;0;0;0;0;31;0;42.0;42.0;2;0;0.00;0.00;0.00;0.0;0.0
154.528;223;1248;42;52416;5.5;19.700;1.340;31;79;9;0;100;101;100;103;100;104;100;50;50;0;1.898;1.898;0.000;0.000;14.700;1.000;7.9;0.0;0;30;3.000;2.586;12.9;-120;0;0;-8.3;0;0;0;0;0;99;0;0;1862;89.52;0;0;0;0;0;0;0;0;0;0;0;0;0;0;0;0;30;0;42.0;42.0;2;0;0.00;0.00;0.00;0.0;0.0
154.592;223;1242;39;48438;5.5;19.700;1.340;31;79;9;0;100;101;100;103;100;104;100;48;48;0;1.843;1.843;0.000;0.000;14.700;1.000;7.6;0.0;0;31;3.000;2.626;12.9;-60;0;0;-8.7;0;0;0;0;0;99;0;0;1862;89.95;0;0;0;0;0;0;0;0;0;0;0;0;0;0;0;0;31;0;39.0;39.0;2;0;0.00;0.00;0.00;0.0;0.0
154.592;223;1232;42;51744;5.5;19.700;1.340;31;79;9;0;100;101;100;103;100;104;100;50;50;0;1.898;1.898;0.000;0.000;14.700;1.000;7.8;0.0;0;30;3.000;2.796;12.9;-60;0;0;-8.3;0;0;0;0;0;99;0;0;1862;90.68;0;0;0;0;0;0;0;0;0;0;0;0;0;0;0;0;30;0;42.0;42.0;2;0;0.00;0.00;0.00;0.0;0.0
154.727;223;1239;42;52038;5.5;19.700;1.340;31;79;9;0;100;101;100;103;100;104;100;50;50;0;1.898;1.898;0.000;0.000;14.700;1.000;7.8;0.0;0;30;3.000;2.792;12.9;-230;0;0;-8.3;0;0;0;0;0;99;0;0;1862;90.17;0;0;0;0;0;0;0;0;0;0;0;0;0;0;0;0;30;0;42.0;42.0;2;0;0.00;0.00;0.00;0.0;0.0
154.793;223;1226;42;51492;5.0;19.700;1.340;31;79;9;0;100;101;100;103;100;104;100;50;50;0;1.886;1.886;0.000;0.000;14.700;1.000;7.7;0.0;0;30;3.000;2.797;13.0;-20;0;0;-8.3;0;0;0;0;0;99;0;0;1862;91.13;0;0;0;0;0;0;0;0;0;0;0;0;0;0;0;0;30;0;42.0;42.0;2;0;0.00;0.00;0.00;0.0;0.0
154.859;223;1221;42;51282;5.0;19.700;1.340;31;79;9;0;100;101;100;103;100;104;100;50;50;0;1.886;1.886;0.000;0.000;14.700;1.000;7.7;0.0;0;30;3.000;2.787;13.0;-20;0;0;-8.3;0;0;0;0;0;99;0;0;1862;91.50;0;0;0;0;0;0;0;0;0;0;0;0;0;0;0;0;30;0;42.0;42.0;2;0;0.00;0.00;0.00;0.0;0.0
154.924;223;1222;42;51324;5.0;19.700;1.340;31;79;9;0;100;101;100;103;100;104;100;50;50;0;1.886;1.886;0.000;0.000;14.700;1.000;7.7;0.0;0;30;3.000;2.845;13.0;-90;0;0;-8.3;0;0;0;0;0;99;0;0;1862;91.42;0;0;0;0;0;0;0;0;0;0;0;0;0;0;0;0;30;0;42.0;42.0;2;0;0.00;0.00;0.00;0.0;0.0
154.993;223;1211;42;50862;5.0;19.700;1.340;31;79;9;0;100;101;100;103;100;104;100;50;50;0;1.886;1.886;0.000;0.000;14.700;1.000;7.6;0.0;0;30;3.000;2.915;13.0;-90;0;0;-8.3;0;0;0;0;0;99;0;0;1862;92.25;0;0;0;0;0;0;0;0;0;0;0;0;0;0;0;0;30;0;42.0;42.0;2;0;0.00;0.00;0.00;0.0;0.0
155.059;223;1204;42;50568;5.0;19.700;1.340;31;79;9;0;100;101;100;103;100;104;100;50;50;0;1.874;1.874;0.000;0.000;14.700;1.000;7.5;0.0;0;30;3.000;2.842;13.1;-90;0;0;-8.3;0;0;0;0;0;99;0;0;1862;92.79;0;0;0;0;0;0;0;0;0;0;0;0;0;0;0;0;30;0;42.0;42.0;2;0;0.00;0.00;0.00;0.0;0.0
155.059;223;1210;42;50820;5.0;19.700;1.340;31;79;9;0;100;101;100;103;100;104;100;50;50;0;1.874;1.874;0.000;0.000;14.700;1.000;7.6;0.0;0;30;3.000;2.898;13.1;-50;0;0;-8.3;0;0;0;0;0;99;0;0;1862;92.33;0;0;0;0;0;0;0;0;0;0;0;0;0;0;0;0;30;0;42.0;42.0;2;0;0.00;0.00;0.00;0.0;0.0
155.194;223;1186;42;49812;5.0;19.700;1.340;31;79;9;0;100;101;100;103;100;104;100;50;50;0;1.874;1.874;0.000;0.000;14.700;1.000;7.4;0.0;0;30;3.000;2.884;13.1;-220;0;0;-8.3;0;0;0;0;0;99;0;0;1862;94.20;0;0;0;0;0;0;0;0;0;0;0;0;0;0;0;0;30;0;42.0;42.0;2;0;0.00;0.00;0.00;0.0;0.0
155.262;223;1182;43;50826;5.0;19.700;1.340;31;79;9;0;100;101;100;103;100;104;100;50;50;0;1.883;1.883;0.000;0.000;14.700;1.000;7.4;0.0;0;31;3.000;2.987;13.1;-220;0;0;-8.1;0;0;0;0;0;99;0;0;1862;94.52;0;0;0;0;0;0;0;0;0;0;0;0;0;0;0;0;31;0;43.0;43.0;2;0;0.00;0.00;0.00;0.0;0.0
155.326;224;1162;43;49966;5.0;19.700;1.340;31;79;9;0;100;101;100;103;100;104;100;51;51;0;1.902;1.902;0.000;0.000;14.700;1.000;7.4;0.0;0;30;3.000;2.578;13.0;0;0;0;-8.1;0;0;0;0;0;99;0;0;1859;95.99;0;0;0;0;0;0;0;0;0;0;0;0;0;0;0;0;30;0;43.0;43.0;2;0;0.00;0.00;0.00;0.0;0.0
155.395;224;1163;44;51172;5.0;19.700;1.340;31;79;9;0;100;101;100;103;100;104;100;51;51;0;1.911;1.911;0.000;0.000;14.700;1.000;7.4;0.0;0;30;3.000;3.185;13.0;-350;0;0;-8.0;0;0;0;0;0;99;0;0;1859;95.91;0;0;0;0;0;0;0;0;0;0;0;0;0;0;0;0;30;0;44.0;44.0;2;0;0.00;0.00;0.00;0.0;0.0
155.461;224;1168;43;50224;5.0;19.700;1.340;31;79;9;0;100;101;100;103;100;104;100;51;51;0;1.902;1.902;0.000;0.000;14.700;1.000;7.4;0.0;0;30;3.000;2.804;13.0;-350;0;0;-8.1;0;0;0;0;0;99;0;0;1859;95.50;0;0;0;0;0;0;0;0;0;0;0;0;0;0;0;0;30;0;43.0;43.0;2;0;0.00;0.00;0.00;0.0;0.0
155.526;224;1170;43;50310;5.0;19.700;1.340;31;79;9;0;100;101;100;103;100;104;100;51;51;0;1.902;1.902;0.000;0.000;14.700;1.000;7.4;0.0;0;31;3.000;2.821;13.0;190;0;0;-8.1;0;0;0;0;0;99;0;0;1859;95.33;0;0;0;0;0;0;0;0;0;0;0;0;0;0;0;0;31;0;43.0;43.0;2;0;0.00;0.00;0.00;0.0;0.0
155.595;224;1154;43;49622;5.0;19.700;1.340;31;79;9;0;100;101;100;103;100;104;100;51;51;0;1.902;1.902;0.000;0.000;14.700;1.000;7.3;0.0;0;30;3.000;2.621;13.0;-120;0;0;-8.1;0;0;0;0;0;99;0;0;1859;96.66;0;0;0;0;0;0;0;0;0;0;0;0;0;0;0;0;30;0;43.0;43.0;2;0;0.00;0.00;0.00;0.0;0.0
155.595;224;1161;42;48762;4.0;19.700;1.340;31;79;9;0;100;101;100;103;100;104;100;50;50;0;1.886;1.886;0.000;0.000;14.700;1.000;7.3;0.0;0;30;3.000;3.000;13.0;-120;0;0;-8.3;0;0;0;0;0;99;0;0;1859;96.07;0;0;0;0;0;0;0;0;0;0;0;0;0;0;0;0;30;0;42.0;42.0;2;0;0.00;0.00;0.00;0.0;0.0
155.726;224;1175;42;49350;4.0;19.700;1.340;31;79;9;0;100;101;100;103;100;104;100;50;50;0;1.886;1.886;0.000;0.000;14.700;1.000;7.4;0.0;0;30;3.000;3.113;13.0;60;0;0;-8.3;0;0;0;0;0;99;0;0;1859;94.93;0;0;0;0;0;0;0;0;0;0;0;0;0;0;0;0;30;0;42.0;42.0;2;0;0.00;0.00;0.00;0.0;0.0
155.797;224;1154;42;48468;4.0;19.600;1.333;31;79;9;0;100;101;100;103;100;104;100;50;50;0;1.886;1.886;0.000;0.000;14.700;1.000;7.3;0.0;0;30;3.000;2.668;13.0;-60;0;0;-8.3;0;0;0;0;0;99;0;0;1859;96.66;0;0;0;0;0;0;0;0;0;0;0;0;0;0;0;0;30;0;42.0;42.0;2;0;0.00;0.00;0.00;0.0;0.0
155.861;224;1167;42;49014;4.0;19.700;1.340;31;79;9;0;100;101;100;103;100;104;100;50;50;0;1.886;1.886;0.000;0.000;14.700;1.000;7.3;0.0;0;30;3.000;2.883;13.0;-60;0;0;-8.3;0;0;0;0;0;99;0;0;1859;95.58;0;0;0;0;0;0;0;0;0;0;0;0;0;0;0;0;30;0;42.0;42.0;2;0;0.00;0.00;0.00;0.0;0.0
155.928;224;1165;42;48930;4.0;19.700;1.340;31;79;9;0;100;101;100;103;100;104;100;50;50;0;1.886;1.886;0.000;0.000;14.700;1.000;7.3;0.0;0;30;3.000;2.980;13.0;70;0;0;-8.3;0;0;0;0;0;99;0;0;1859;95.74;0;0;0;0;0;0;0;0;0;0;0;0;0;0;0;0;30;0;42.0;42.0;2;0;0.00;0.00;0.00;0.0;0.0
155.992;224;1144;42;48048;4.0;19.700;1.340;31;79;9;0;100;101;100;103;100;104;100;50;50;0;1.886;1.886;0.000;0.000;14.700;1.000;7.2;0.0;0;30;3.000;2.721;13.0;-170;0;0;-8.3;0;0;0;0;0;99;0;0;1859;97.50;0;0;0;0;0;0;0;0;0;0;0;0;0;0;0;0;30;0;42.0;42.0;2;0;0.00;0.00;0.00;0.0;0.0
156.061;224;1130;42;47460;4.0;19.700;1.340;31;79;9;0;100;101;100;103;100;104;100;50;50;0;1.886;1.886;0.000;0.000;14.700;1.000;7.1;0.0;0;30;3.000;2.820;13.0;-170;0;0;-8.3;0;0;0;0;0;99;0;0;1859;98.71;0;0;0;0;0;0;0;0;0;0;0;0;0;0;0;0;30;0;42.0;42.0;2;0;0.00;0.00;0.00;0.0;0.0
156.127;224;1136;43;48848;4.0;19.700;1.340;31;79;9;0;100;101;100;103;100;104;100;50;50;0;1.895;1.895;0.000;0.000;14.700;1.000;7.2;0.0;0;31;3.000;3.184;13.0;-260;0;0;-8.1;0;0;0;0;0;99;0;0;1859;98.19;0;0;0;0;0;0;0;0;0;0;0;0;0;0;0;0;31;0;43.0;43.0;2;0;0.00;0.00;0.00;0.0;0.0
156.193;224;1121;43;48203;4.0;19.700;1.340;31;79;9;0;100;101;100;103;100;104;100;50;50;0;1.895;1.895;0.000;0.000;14.700;1.000;7.1;0.0;0;31;3.000;2.943;13.0;210;0;0;-8.1;0;0;0;0;0;99;0;0;1859;99.50;0;0;0;0;0;0;0;0;0;0;0;0;0;0;0;0;31;0;43.0;43.0;2;0;0.00;0.00;0.00;0.0;0.0
156.259;224;1105;43;47515;4.0;19.700;1.340;31;79;9;0;100;101;100;103;100;104;100;50;50;0;1.895;1.895;0.000;0.000;14.700;1.000;7.0;0.0;0;30;3.000;2.568;13.0;210;0;0;-8.1;0;0;0;0;0;99;0;0;1859;100.94;0;0;0;0;0;0;0;0;0;0;0;0;0;0;0;0;30;0;43.0;43.0;2;0;0.00;0.00;0.00;0.0;0.0
156.325;225;1095;43;47085;4.0;19.700;1.340;31;79;9;0;100;101;100;103;100;104;100;50;50;0;1.895;1.895;0.000;0.000;14.700;1.000;6.9;0.0;0;30;3.000;2.856;13.0;-380;0;0;-8.1;0;0;0;0;0;99;0;0;1867;102.30;0;0;0;0;0;0;0;0;0;0;0;0;0;0;0;0;30;0;43.0;43.0;2;0;0.00;0.00;0.00;0.0;0.0
156.392;225;1087;43;46741;4.0;19.700;1.340;31;79;9;0;100;101;100;103;100;104;100;50;50;0;1.895;1.895;0.000;0.000;14.700;1.000;6.9;0.0;0;30;3.000;2.870;13.0;-380;0;0;-8.1;0;0;0;0;0;99;0;0;1867;103.05;0;0;0;0;0;0;0;0;0;0;0;0;0;0;0;0;30;0;43.0;43.0;2;0;0.00;0.00;0.00;0.0;0.0
156.462;225;1093;43;46999;3.0;19.700;1.340;31;79;9;0;100;101;100;103;100;104;100;50;50;0;1.895;1.895;0.000;0.000;14.700;1.000;6.9;0.0;0;30;3.000;3.096;13.0;-140;0;0;-8.1;0;0;0;0;0;99;0;0;1867;102.49;0;0;0;0;0;0;0;0;0;0;0;0;0;0;0;0;30;0;43.0;43.0;2;0;0.00;0.00;0.00;0.0;0.0
156.462;225;1074;43;46182;3.0;19.700;1.340;31;79;9;0;100;101;100;103;100;104;100;50;50;0;1.895;1.895;0.000;0.000;14.700;1.000;6.8;0.0;0;30;3.000;2.684;13.0;-90;0;0;-8.1;0;0;0;0;0;99;0;0;1867;104.30;0;0;0;0;0;0;0;0;0;0;0;0;0;0;0;0;30;0;43.0;43.0;2;0;0.00;0.00;0.00;0.0;0.0
156.590;225;1066;43;45838;3.0;19.700;1.340;31;79;9;0;100;101;100;103;100;104;100;50;50;0;1.955;1.955;0.000;0.000;14.700;1.000;6.9;0.0;0;30;3.000;2.626;12.5;-90;0;0;-8.1;0;0;0;0;0;99;0;0;1867;105.08;0;0;0;0;0;0;0;0;0;0;0;0;0;0;0;0;30;0;43.0;43.0;2;0;0.00;0.00;0.00;0.0;0.0
156.590;225;1049;43;45107;3.0;19.700;1.340;31;79;9;0;100;101;100;103;100;104;100;49;49;0;1.947;1.947;0.000;0.000;14.700;1.000;6.8;0.0;0;30;3.000;2.544;12.5;-120;0;0;-8.1;0;0;0;0;0;99;0;0;1867;106.79;0;0;0;0;0;0;0;0;0;0;0;0;0;0;0;0;30;0;43.0;43.0;2;0;0.00;0.00;0.00;0.0;0.0
156.721;225;1072;43;46096;3.0;19.700;1.340;31;79;9;0;100;101;100;103;100;104;100;50;50;0;1.955;1.955;0.000;0.000;14.700;1.000;7.0;0.0;0;30;3.000;3.067;12.5;-40;0;0;-8.1;0;0;0;0;0;99;0;0;1867;104.50;0;0;0;0;0;0;0;0;0;0;0;0;0;0;0;0;30;0;43.0;43.0;2;0;0.00;0.00;0.00;0.0;0.0
156.786;225;1091;43;46913;3.0;19.700;1.340;31;79;9;0;100;101;100;103;100;104;100;50;50;0;1.955;1.955;0.000;0.000;14.700;1.000;7.1;0.0;0;30;3.000;3.118;12.5;-40;0;0;-8.1;0;0;0;0;0;99;0;0;1867;102.68;0;0;0;0;0;0;0;0;0;0;0;0;0;0;0;0;30;0;43.0;43.0;2;0;0.00;0.00;0.00;0.0;0.0
156.853;225;1093;42;45906;3.0;19.700;1.340;31;79;9;0;100;101;100;103;100;104;100;49;49;0;1.927;1.927;0.000;0.000;14.700;1.000;7.0;0.0;0;30;3.000;3.004;12.6;290;0;0;-8.3;0;0;0;0;0;99;0;0;1867;102.49;0;0;0;0;0;0;0;0;0;0;0;0;0;0;0;0;30;0;42.0;42.0;2;0;0.00;0.00;0.00;0.0;0.0
156.918;225;1086;43;46698;3.0;19.700;1.340;31;79;9;0;100;101;100;103;100;104;100;50;50;0;1.943;1.943;0.000;0.000;14.700;1.000;7.0;0.0;0;30;3.000;2.849;12.6;-20;0;0;-8.1;0;0;0;0;0;99;0;0;1867;103.15;0;0;0;0;0;0;0;0;0;0;0;0;0;0;0;0;30;0;43.0;43.0;2;0;0.00;0.00;0.00;0.0;0.0
156.988;225;1093;42;45906;3.0;19.700;1.340;31;79;9;0;100;101;100;103;100;104;100;49;49;0;1.927;1.927;0.000;0.000;14.700;1.000;7.0;0.0;0;30;3.000;2.985;12.6;-20;0;0;-8.3;0;0;0;0;0;99;0;0;1867;102.49;0;0;0;0;0;0;0;0;0;0;0;0;0;0;0;0;30;0;42.0;42.0;2;0;0.00;0.00;0.00;0.0;0.0
157.053;225;1119;42;46998;3.0;19.700;1.340;31;79;9;0;100;101;100;103;100;104;100;50;50;0;1.934;1.934;0.000;0.000;14.700;1.000;7.2;0.0;0;30;3.000;2.986;12.6;210;0;0;-8.3;0;0;0;0;0;99;0;0;1867;100.11;0;0;0;0;0;0;0;0;0;0;0;0;0;0;0;0;30;0;42.0;42.0;2;0;0.00;0.00;0.00;0.0;0.0
157.118;225;1105;41;45305;3.0;19.700;1.340;31;79;9;0;100;101;100;103;100;104;100;49;49;0;1.885;1.885;0.000;0.000;14.700;1.000;6.9;0.0;0;30;3.000;2.818;12.8;-50;0;0;-8.4;0;0;0;0;0;99;0;0;1867;101.38;0;0;0;0;0;0;0;0;0;0;0;0;0;0;0;0;30;0;41.0;41.0;2;0;0.00;0.00;0.00;0.0;0.0
157.118;225;1109;41;45469;2.5;19.700;1.340;31;79;9;0;100;101;100;103;100;104;100;49;49;0;1.885;1.885;0.000;0.000;14.700;1.000;7.0;0.0;0;30;3.000;2.919;12.8;-50;0;0;-8.4;0;0;0;0;0;99;0;0;1867;101.01;0;0;0;0;0;0;0;0;0;0;0;0;0;0;0;0;30;0;41.0;41.0;2;0;0.00;0.00;0.00;0.0;0.0
157.253;225;1129;41;46289;2.5;19.700;1.340;31;79;9;0;100;101;100;103;100;104;100;49;49;0;1.885;1.885;0.000;0.000;14.700;1.000;7.1;0.0;0;30;3.000;2.926;12.8;40;0;0;-8.4;0;0;0;0;0;99;0;0;1867;99.22;0;0;0;0;0;0;0;0;0;0;0;0;0;0;0;0;30;0;41.0;41.0;2;0;0.00;0.00;0.00;0.0;0.0
157.319;226;1123;39;43797;2.5;19.700;1.340;31;79;9;0;100;101;100;103;100;104;100;48;48;0;1.843;1.843;0.000;0.000;14.700;1.000;6.9;0.0;0;31;3.000;2.690;12.9;120;0;0;-8.7;0;0;0;0;0;99;0;0;1869;99.86;0;0;0;0;0;0;0;0;0;0;0;0;0;0;0;0;31;0;39.0;39.0;2;0;0.00;0.00;0.00;0.0;0.0
157.388;226;1113;39;43407;2.5;19.200;1.306;31;79;9;0;100;101;100;103;100;104;100;48;48;0;1.843;1.843;0.000;0.000;14.700;1.000;6.8;0.0;0;30;3.000;2.782;12.9;120;0;0;-8.7;0;0;0;0;0;99;0;0;1869;100.75;0;0;0;0;0;0;0;0;0;0;0;0;0;0;0;0;30;0;39.0;39.0;2;0;0.00;0.00;0.00;0.0;0.0
157.454;226;1107;39;43173;2.5;19.400;1.320;31;79;9;0;100;101;100;103;100;104;100;48;48;0;1.843;1.843;0.000;0.000;14.700;1.000;6.8;0.0;0;31;3.000;2.768;12.9;-150;0;0;-8.7;0;0;0;0;0;99;0;0;1869;101.30;0;0;0;0;0;0;0;0;0;0;0;0;0;0;0;0;31;0;39.0;39.0;2;0;0.00;0.00;0.00;0.0;0.0
157.454;226;1106;39;43134;1.5;19.700;1.340;31;79;9;0;100;101;100;103;100;104;100;48;48;0;1.843;1.843;0.000;0.000;14.700;1.000;6.8;0.0;0;31;3.000;2.900;12.9;0;0;0;-8.7;0;0;0;0;0;99;0;0;1869;101.39;0;0;0;0;0;0;0;0;0;0;0;0;0;0;0;0;31;0;39.0;39.0;2;0;0.00;0.00;0.00;0.0;0.0
157.589;226;1072;39;41808;1.5;19.700;1.340;31;79;9;0;100;101;100;103;100;104;100;47;47;0;1.824;1.824;0.000;0.000;14.700;1.000;6.5;0.0;0;30;3.000;2.492;13.0;0;0;0;-8.7;0;0;0;0;0;99;0;0;1869;104.61;0;0;0;0;0;0;0;0;0;0;0;0;0;0;0;0;30;0;39.0;39.0;2;0;0.00;0.00;0.00;0.0;0.0
157.655;226;1059;39;41301;1.5;19.300;1.313;31;79;9;0;100;101;100;103;100;104;100;47;47;0;1.824;1.824;0.000;0.000;14.700;1.000;6.4;0.0;0;30;3.000;2.785;13.0;-340;0;0;-8.7;0;0;0;0;0;99;0;0;1869;105.89;0;0;0;0;0;0;0;0;0;0;0;0;0;0;0;0;30;0;39.0;39.0;2;0;0.00;0.00;0.00;0.0;0.0
157.655;226;1068;40;42720;1.5;19.400;1.320;31;79;9;0;100;101;100;103;100;104;100;48;48;0;1.839;1.839;0.000;0.000;14.700;1.000;6.5;0.0;0;30;3.000;3.013;13.0;-40;0;0;-8.6;0;0;0;0;0;99;0;0;1869;105.00;0;0;0;0;0;0;0;0;0;0;0;0;0;0;0;0;30;0;40.0;40.0;2;0;0.00;0.00;0.00;0.0;0.0
157.790;226;1062;39;41418;1.5;19.600;1.333;31;79;9;0;100;101;100;103;100;104;100;47;47;0;1.824;1.824;0.000;0.000;14.700;1.000;6.5;0.0;0;30;3.000;2.910;13.0;-40;0;0;-8.7;0;0;0;0;0;99;0;0;1869;105.59;0;0;0;0;0;0;0;0;0;0;0;0;0;0;0;0;30;0;39.0;39.0;2;0;0.00;0.00;0.00;0.0;0.0
157.790;226;1024;39;39936;0.5;19.700;1.340;31;79;9;0;100;101;100;103;100;104;100;47;47;0;1.824;1.824;0.000;0.000;14.700;1.000;6.2;0.0;0;30;3.000;2.386;13.0;-230;0;0;-8.7;0;0;0;0;0;99;0;0;1869;109.51;0;0;0;0;0;0;0;0;0;0;0;0;0;0;0;0;30;0;39.0;39.0;2;0;0.00;0.00;0.00;0.0;0.0
157.925;226;1021;39;39819;0.5;18.600;1.265;31;79;9;0;100;101;100;103;100;104;100;47;47;0;1.824;1.824;0.000;0.000;14.700;1.000;6.2;0.0;0;30;3.000;2.848;13.0;-240;0;0;-8.7;0;0;0;0;0;99;0;0;1869;109.83;0;0;0;0;0;0;0;0;0;0;0;0;0;0;0;0;30;0;39.0;39.0;2;0;0.00;0.00;0.00;0.0;0.0
157.991;226;1020;39;39780;0.5;19.600;1.333;31;79;9;0;100;101;100;103;100;104;100;47;47;0;1.824;1.824;0.000;0.000;14.700;1.000;6.2;0.0;0;30;3.000;2.737;13.0;-240;0;0;-8.7;0;0;0;0;0;99;0;0;1869;109.94;0;0;0;0;0;0;0;0;0;0;0;0;0;0;0;0;30;0;39.0;39.0;2;0;0.00;0.00;0.00;0.0;0.0
157.991;226;991;39;38649;0.5;19.700;1.340;31;79;9;0;100;101;100;103;100;104;100;47;47;0;1.824;1.824;0.000;0.000;14.700;1.000;6.0;0.0;0;29;3.000;2.652;13.0;-140;0;0;-8.7;0;0;0;0;0;99;0;0;1869;113.16;0;0;0;0;0;0;0;0;0;0;0;0;0;0;0;0;29;0;39.0;39.0;2;0;0.00;0.00;0.00;0.0;0.0
158.122;226;969;39;37791;0.5;19.700;1.340;31;79;9;0;100;101;100;103;100;104;100;46;46;0;1.806;1.806;0.000;0.000;14.700;1.000;5.8;0.0;0;29;3.000;2.202;13.1;-380;0;0;-8.7;0;0;0;0;0;99;0;0;1869;115.73;0;0;0;0;0;0;0;0;0;0;0;0;0;0;0;0;29;0;39.0;39.0;2;0;0.00;0.00;0.00;0.0;0.0
158.188;226;983;40;39320;0.5;19.700;1.340;31;79;9;0;100;101;100;103;100;104;100;47;47;0;1.820;1.820;0.000;0.000;14.700;1.000;6.0;0.0;0;29;3.000;3.131;13.1;-380;0;0;-8.6;0;0;0;0;0;99;0;0;1869;114.08;0;0;0;0;0;0;0;0;0;0;0;0;0;0;0;0;29;0;40.0;40.0;2;0;0.00;0.00;0.00;0.0;0.0
158.257;226;969;40;38760;0.5;19.700;1.340;31;79;9;0;100;101;100;103;100;104;100;47;47;0;1.820;1.820;0.000;0.000;14.700;1.000;5.9;0.0;0;29;3.000;2.726;13.1;30;0;0;-8.6;0;0;0;0;0;99;0;0;1869;115.73;0;0;0;0;0;0;0;0;0;0;0;0;0;0;0;0;29;0;40.0;40.0;2;0;0.00;0.00;0.00;0.0;0.0
158.323;226;938;41;38458;0.5;19.700;1.340;31;79;9;0;100;101;100;103;100;104;100;47;47;0;1.828;1.828;0.000;0.000;14.700;1.000;5.7;0.0;0;28;3.000;2.409;13.1;30;0;0;-8.4;0;0;0;0;0;99;0;0;1869;119.55;0;0;0;0;0;0;0;0;0;0;0;0;0;0;0;0;28;0;41.0;41.0;2;0;0.00;0.00;0.00;0.0;0.0
158.393;227;920;42;38640;0.5;19.700;1.340;31;79;9;0;100;101;100;103;100;104;100;48;48;0;1.888;1.888;0.000;0.000;14.700;1.000;5.8;0.0;0;28;3.000;2.793;12.8;-340;0;0;-8.3;0;0;0;0;0;99;0;0;1866;121.70;0;0;0;0;0;0;0;0;0;0;0;0;0;0;0;0;28;0;42.0;42.0;2;0;0.00;0.00;0.00;0.0;0.0
158.458;227;914;42;38388;0.5;19.700;1.340;31;79;9;0;100;101;100;103;100;104;100;48;48;0;1.888;1.888;0.000;0.000;14.700;1.000;5.8;0.0;0;27;3.000;2.725;12.8;-210;0;0;-8.3;0;0;0;0;0;99;0;0;1866;122.49;0;0;0;0;0;0;0;0;0;0;0;0;0;0;0;0;27;0;42.0;42.0;2;0;0.00;0.00;0.00;0.0;0.0
158.528;227;890;43;38270;0.5;19.700;1.340;31;79;9;0;100;101;100;103;100;104;100;48;48;0;1.897;1.897;0.000;0.000;14.700;1.000;5.6;0.0;0;27;3.000;2.711;12.8;-210;0;0;-8.1;0;0;0;0;0;99;0;0;1866;125.80;0;0;0;0;0;0;0;0;0;0;0;0;0;0;0;0;27;0;43.0;43.0;2;0;0.00;0.00;0.00;0.0;0.0
158.528;227;867;44;38148;0.5;19.700;1.340;31;79;9;0;100;101;100;103;100;104;100;48;48;0;1.893;1.893;0.000;0.000;14.700;1.000;5.5;0.0;0;26;3.000;2.282;12.9;-270;0;0;-8.0;0;0;0;0;0;99;0;0;1866;129.13;0;0;0;0;0;0;0;0;0;0;0;0;0;0;0;0;26;0;44.0;44.0;2;0;0.00;0.00;0.00;0.0;0.0
158.667;227;847;45;38115;0.5;19.700;1.340;31;79;9;0;100;101;100;103;100;104;100;48;48;0;1.910;1.910;0.000;0.000;14.700;1.000;5.4;0.0;0;26;3.000;2.555;12.9;-390;0;0;-7.8;0;0;0;0;0;99;0;0;1866;132.18;0;0;0;0;0;0;0;0;0;0;0;0;0;0;0;0;26;0;45.0;45.0;2;0;0.00;0.00;0.00;0.0;0.0
158.729;227;833;46;38318;0.5;19.700;1.340;31;79;9;0;100;101;100;103;100;104;100;48;48;0;1.918;1.918;0.000;0.000;14.700;1.000;5.3;0.0;0;25;3.000;2.555;12.9;-390;0;0;-7.7;0;0;0;0;0;99;0;0;1866;134.41;0;0;0;0;0;0;0;0;0;0;0;0;0;0;0;0;25;0;46.0;46.0;2;0;0.00;0.00;0.00;0.0;0.0
158.795;227;798;47;37506;0.5;19.700;1.340;31;79;9;0;100;101;100;103;100;104;100;49;49;0;1.942;1.942;0.000;0.000;14.600;0.993;5.2;0.0;0;25;3.000;2.163;12.9;-180;0;0;-7.5;0;0;0;0;0;99;0;0;1866;140.30;0;0;0;0;0;0;0;0;0;0;0;0;0;0;0;0;25;0;47.0;47.0;2;0;0.00;0.00;0.00;0.0;0.0
158.860;227;772;49;37828;0.5;19.700;1.340;31;79;9;0;100;101;100;103;100;104;100;51;51;0;1.972;1.972;0.000;0.000;14.400;0.980;5.1;0.0;0;24;3.000;2.018;13.0;-500;0;0;-7.3;0;0;0;0;0;99;0;0;1866;145.03;0;0;0;0;0;0;0;0;0;0;0;0;0;0;0;0;24;0;49.0;49.0;2;0;0.00;0.00;0.00;0.0;0.0
158.926;227;769;49;37681;0.5;19.700;1.340;31;79;9;0;100;101;100;103;100;104;100;51;51;0;1.972;1.972;0.000;0.000;14.400;0.980;5.1;0.0;0;24;3.000;2.701;13.0;-500;0;0;-7.3;0;0;0;0;0;99;0;0;1866;145.59;0;0;0;0;0;0;0;0;0;0;0;0;0;0;0;0;24;0;49.0;49.0;2;0;0.00;0.00;0.00;0.0;0.0
158.994;227;769;50;38450;0.5;19.700;1.340;31;79;9;0;100;101;100;103;100;104;100;52;52;0;1.999;1.999;0.000;0.000;14.300;0.973;5.1;0.0;0;24;3.000;2.894;13.0;-140;0;0;-7.1;0;0;0;0;0;99;0;0;1866;145.59;0;0;0;0;0;0;0;0;0;0;0;0;0;0;0;0;24;0;50.0;50.0;2;0;0.00;0.00;0.00;0.0;0.0
159.061;227;744;50;37200;0.5;19.600;1.333;31;79;9;0;100;101;100;103;100;104;100;51;51;0;1.982;1.982;0.000;0.000;14.300;0.973;4.9;0.0;0;23;3.000;2.876;13.0;0;0;0;-7.1;0;0;0;0;0;99;0;0;1866;150.48;0;0;0;0;0;0;0;0;0;0;0;0;0;0;0;0;23;0;50.0;50.0;2;0;0.00;0.00;0.00;0.0;0.0
159.126;227;724;51;36924;0.5;19.700;1.340;31;79;9;0;100;101;100;103;100;104;100;52;52;0;1.997;1.997;0.000;0.000;14.200;0.966;4.8;0.0;0;23;3.000;1.809;13.1;0;0;0;-7.0;0;0;0;0;0;99;0;0;1866;154.64;0;0;0;0;0;0;0;0;0;0;0;0;0;0;0;0;23;0;51.0;51.0;2;0;0.00;0.00;0.00;0.0;0.0
159.192;227;702;53;37206;0.5;19.700;1.340;31;79;9;0;100;101;100;103;100;104;100;53;53;0;2.033;2.033;0.000;0.000;14.100;0.959;4.8;0.0;0;23;3.000;1.649;13.1;-450;0;0;-6.7;0;0;0;0;0;99;0;0;1866;159.49;0;0;0;0;0;0;0;0;0;0;0;0;0;0;0;0;23;0;53.0;53.0;2;0;0.00;0.00;0.00;0.0;0.0
159.264;227;721;52;37492;0.5;19.700;1.340;31;79;9;0;100;101;100;103;100;104;100;52;52;0;2.014;2.014;0.000;0.000;14.200;0.966;4.8;0.0;0;23;3.000;3.996;13.1;-30;0;0;-6.8;0;0;0;0;0;99;0;0;1866;155.28;0;0;0;0;0;0;0;0;0;0;0;0;0;0;0;0;23;0;52.0;52.0;2;0;0.00;0.00;0.00;0.0;0.0
159.327;227;743;53;39379;0.5;19.700;1.340;31;79;9;0;100;101;100;103;100;104;100;54;54;0;2.043;2.043;0.000;0.000;14.200;0.966;5.1;0.0;0;23;3.000;3.449;13.1;-30;0;0;-6.7;0;0;0;0;0;99;0;0;1866;150.69;0;0;0;0;0;0;0;0;0;0;0;0;0;0;0;0;23;0;53.0;53.0;2;0;0.00;0.00;0.00;0.0;0.0
159.392;228;703;52;36556;0.5;19.700;1.340;31;79;9;0;100;101;100;103;100;104;100;52;52;0;2.074;2.074;0.000;0.000;14.200;0.966;4.9;0.0;0;22;3.000;2.621;12.6;220;0;0;-6.8;0;0;0;0;0;99;0;0;1866;159.26;0;0;0;0;0;0;0;0;0;0;0;0;0;0;0;0;22;0;52.0;52.0;2;0;0.00;0.00;0.00;0.0;0.0
159.460;228;707;53;37471;0.5;19.700;1.340;31;79;9;0;100;101;100;103;100;104;100;53;53;0;2.093;2.093;0.000;0.000;14.100;0.959;4.9;0.0;0;23;3.000;2.839;12.6;-360;0;0;-6.7;0;0;0;0;0;99;0;0;1866;158.36;0;0;0;0;0;0;0;0;0;0;0;0;0;0;0;0;23;0;53.0;53.0;2;0;0.00;0.00;0.00;0.0;0.0
159.528;228;754;53;39962;0.5;19.700;1.340;31;79;9;0;100;101;100;103;100;104;100;54;54;0;2.103;2.103;0.000;0.000;14.200;0.966;5.3;0.0;0;24;3.000;3.242;12.6;-360;0;0;-6.7;0;0;0;0;0;99;0;0;1866;148.49;0;0;0;0;0;0;0;0;0;0;0;0;0;0;0;0;24;0;53.0;53.0;2;0;0.00;0.00;0.00;0.0;0.0
159.593;228;795;51;40545;0.5;19.700;1.340;31;79;9;0;100;101;100;103;100;104;100;53;53;0;2.065;2.065;0.000;0.000;14.200;0.966;5.5;0.0;0;25;3.000;3.987;12.6;470;0;0;-7.0;0;0;0;0;0;99;0;0;1866;140.83;0;0;0;0;0;0;0;0;0;0;0;0;0;0;0;0;25;0;51.0;51.0;2;0;0.00;0.00;0.00;0.0;0.0
159.660;228;813;50;40650;0.5;19.700;1.340;31;79;9;0;100;101;100;103;100;104;100;52;52;0;2.023;2.023;0.000;0.000;14.300;0.973;5.5;0.0;0;25;3.000;3.675;12.8;590;0;0;-7.1;0;0;0;0;0;99;0;0;1866;137.71;0;0;0;0;0;0;0;0;0;0;0;0;0;0;0;0;25;0;50.0;50.0;2;0;0.00;0.00;0.00;0.0;0.0
159.730;228;841;49;41209;0.5;19.700;1.340;31;79;9;0;100;101;100;103;100;104;100;52;52;0;2.014;2.014;0.000;0.000;14.400;0.980;5.6;0.0;0;26;3.000;3.154;12.8;590;0;0;-7.3;0;0;0;0;0;99;0;0;1866;133.13;0;0;0;0;0;0;0;0;0;0;0;0;0;0;0;0;26;0;49.0;49.0;2;0;0.00;0.00;0.00;0.0;0.0
159.796;228;892;47;41924;0.5;19.700;1.340;31;79;9;0;100;101;100;103;100;104;100;50;50;0;1.962;1.962;0.000;0.000;14.600;0.993;5.8;0.0;0;27;3.000;3.818;12.8;580;0;0;-7.5;0;0;0;0;0;99;0;0;1866;125.52;0;0;0;0;0;0;0;0;0;0;0;0;0;0;0;0;27;0;47.0;47.0;2;0;0.00;0.00;0.00;0.0;0.0
159.862;228;918;44;40392;0.5;19.700;1.340;31;79;9;0;100;101;100;103;100;104;100;49;49;0;1.896;1.896;0.000;0.000;14.700;1.000;5.8;0.0;0;28;3.000;3.228;13.0;470;0;0;-8.0;0;0;0;0;0;99;0;0;1866;121.96;0;0;0;0;0;0;0;0;0;0;0;0;0;0;0;0;28;0;44.0;44.0;2;0;0.00;0.00;0.00;0.0;0.0
159.932;228;947;43;40721;0.5;19.700;1.340;31;79;9;0;100;101;100;103;100;104;100;48;48;0;1.873;1.873;0.000;0.000;14.700;1.000;5.9;0.0;0;28;3.000;3.109;13.0;470;0;0;-8.1;0;0;0;0;0;99;0;0;1866;118.23;0;0;0;0;0;0;0;0;0;0;0;0;0;0;0;0;28;0;43.0;43.0;2;0;0.00;0.00;0.00;0.0;0.0
159.998;228;959;42;40278;0.5;19.700;1.340;31;79;9;0;100;101;100;103;100;104;100;48;48;0;1.864;1.864;0.000;0.000;14.700;1.000;6.0;0.0;0;29;3.000;2.740;13.0;290;0;0;-8.3;0;0;0;0;0;99;0;0;1866;116.75;0;0;0;0;0;0;0;0;0;0;0;0;0;0;0;0;29;0;42.0;42.0;2;0;0.00;0.00;0.00;0.0;0.0
159.998;228;978;41;40098;0.5;19.700;1.340;31;79;9;0;100;101;100;103;100;104;100;48;48;0;1.848;1.848;0.000;0.000;14.700;1.000;6.0;0.0;0;29;3.000;3.120;13.0;310;0;0;-8.4;0;0;0;0;0;99;0;0;1866;114.48;0;0;0;0;0;0;0;0;0;0;0;0;0;0;0;0;29;0;41.0;41.0;2;0;0.00;0.00;0.00;0.0;0.0
160.129;228;997;41;40877;0.5;19.700;1.340;31;79;9;0;100;101;100;103;100;104;100;48;48;0;1.848;1.848;0.000;0.000;14.700;1.000;6.1;0.0;0;29;3.000;3.154;13.0;310;0;0;-8.4;0;0;0;0;0;99;0;0;1866;112.30;0;0;0;0;0;0;0;0;0;0;0;0;0;0;0;0;29;0;41.0;41.0;2;0;0.00;0.00;0.00;0.0;0.0
160.198;228;1001;40;40040;0.5;19.700;1.340;31;79;9;0;100;101;100;103;100;104;100;48;48;0;1.839;1.839;0.000;0.000;14.700;1.000;6.1;0.0;0;30;3.000;2.840;13.0;220;0;0;-8.6;0;0;0;0;0;99;0;0;1866;111.85;0;0;0;0;0;0;0;0;0;0;0;0;0;0;0;0;30;0;40.0;40.0;2;0;0.00;0.00;0.00;0.0;0.0
160.264;228;973;40;38920;0.5;19.500;1.327;31;79;9;0;100;101;100;103;100;104;100;47;47;0;1.832;1.832;0.000;0.000;14.700;1.000;5.9;0.0;0;29;3.000;2.494;13.0;-270;0;0;-8.6;0;0;0;0;0;99;0;0;1866;115.07;0;0;0;0;0;0;0;0;0;0;0;0;0;0;0;0;29;0;40.0;40.0;2;0;0.00;0.00;0.00;0.0;0.0
160.329;228;982;40;39280;0.5;18.300;1.245;31;79;9;0;100;101;100;103;100;104;100;47;47;0;1.832;1.832;0.000;0.000;14.700;1.000;6.0;0.0;0;29;3.000;3.110;13.0;-270;0;0;-8.6;0;0;0;0;0;99;0;0;1866;114.01;0;0;0;0;0;0;0;0;0;0;0;0;0;0;0;0;29;0;40.0;40.0;2;0;0.00;0.00;0.00;0.0;0.0
160.395;229;996;40;39840;0.5;16.100;1.095;31;79;9;0;100;101;100;103;100;104;100;47;47;0;1.832;1.832;0.000;0.000;14.700;1.000;6.1;0.0;0;29;3.000;2.998;13.0;230;0;0;-8.6;0;0;0;0;0;99;0;0;1867;112.47;0;0;0;0;0;0;0;0;0;0;0;0;0;0;0;0;29;0;40.0;40.0;2;0;0.00;0.00;0.00;0.0;0.0
160.464;229;962;40;38480;0.5;16.200;1.102;31;79;9;0;100;101;100;103;100;104;100;47;47;0;1.832;1.832;0.000;0.000;14.700;1.000;5.9;0.0;0;29;3.000;2.170;13.0;-340;0;0;-8.6;0;0;0;0;0;99;0;0;1867;116.44;0;0;0;0;0;0;0;0;0;0;0;0;0;0;0;0;29;0;40.0;40.0;2;0;0.00;0.00;0.00;0.0;0.0
160.464;229;965;40;38600;0.5;15.900;1.082;31;79;9;0;100;101;100;103;100;104;100;47;47;0;1.832;1.832;0.000;0.000;14.700;1.000;5.9;0.0;0;29;3.000;2.956;13.0;-340;0;0;-8.6;0;0;0;0;0;99;0;0;1867;116.08;0;0;0;0;0;0;0;0;0;0;0;0;0;0;0;0;29;0;40.0;40.0;2;0;0.00;0.00;0.00;0.0;0.0
160.599;229;975;40;39000;0.5;17.200;1.170;31;79;9;0;100;101;100;103;100;104;100;47;47;0;1.832;1.832;0.000;0.000;14.700;1.000;6.0;0.0;0;29;3.000;2.950;13.0;110;0;0;-8.6;0;0;0;0;0;99;0;0;1867;114.89;0;0;0;0;0;0;0;0;0;0;0;0;0;0;0;0;29;0;40.0;40.0;2;0;0.00;0.00;0.00;0.0;0.0
160.599;229;972;40;38880;0.5;17.300;1.177;31;79;9;0;100;101;100;103;100;104;100;47;47;0;1.832;1.832;0.000;0.000;14.700;1.000;5.9;0.0;0;29;3.000;2.621;13.0;-10;0;0;-8.6;0;0;0;0;0;99;0;0;1867;115.25;0;0;0;0;0;0;0;0;0;0;0;0;0;0;0;0;29;0;40.0;40.0;2;0;0.00;0.00;0.00;0.0;0.0
160.730;229;969;41;39729;0.5;16.600;1.129;31;79;9;0;100;101;100;103;100;104;100;48;48;0;1.848;1.848;0.000;0.000;14.700;1.000;6.0;0.0;0;29;3.000;2.548;13.0;-10;0;0;-8.4;0;0;0;0;0;99;0;0;1867;115.60;0;0;0;0;0;0;0;0;0;0;0;0;0;0;0;0;29;0;41.0;41.0;2;0;0.00;0.00;0.00;0.0;0.0
160.793;229;964;41;39524;0.5;18.300;1.245;31;79;9;0;100;101;100;103;100;104;100;48;48;0;1.848;1.848;0.000;0.000;14.700;1.000;5.9;0.0;0;29;3.000;2.759;13.0;-40;0;0;-8.4;0;0;0;0;0;99;0;0;1867;116.20;0;0;0;0;0;0;0;0;0;0;0;0;0;0;0;0;29;0;41.0;41.0;2;0;0.00;0.00;0.00;0.0;0.0
160.859;229;936;41;38376;0.5;19.400;1.320;31;79;9;0;100;101;100;103;100;104;100;47;47;0;1.840;1.840;0.000;0.000;14.700;1.000;5.7;0.0;0;28;3.000;2.238;13.0;-40;0;0;-8.4;0;0;0;0;0;99;0;0;1867;119.68;0;0;0;0;0;0;0;0;0;0;0;0;0;0;0;0;28;0;41.0;41.0;2;0;0.00;0.00;0.00;0.0;0.0
160.928;229;911;41;37351;0.5;19.700;1.340;31;79;9;0;100;101;100;103;100;104;100;47;47;0;1.840;1.840;0.000;0.000;14.700;1.000;5.6;0.0;0;27;3.000;2.566;13.0;-320;0;0;-8.4;0;0;0;0;0;99;0;0;1867;122.96;0;0;0;0;0;0;0;0;0;0;0;0;0;0;0;0;27;0;41.0;41.0;2;0;0.00;0.00;0.00;0.0;0.0
160.993;229;904;42;37968;0.5;19.700;1.340;31;79;9;0;100;101;100;103;100;104;100;48;48;0;1.864;1.864;0.000;0.000;14.700;1.000;5.6;0.0;0;27;3.000;2.533;13.0;-360;0;0;-8.3;0;0;0;0;0;99;0;0;1867;123.92;0;0;0;0;0;0;0;0;0;0;0;0;0;0;0;0;27;0;42.0;42.0;2;0;0.00;0.00;0.00;0.0;0.0
161.058;229;891;43;38313;0.5;19.700;1.340;31;79;9;0;100;101;100;103;100;104;100;48;48;0;1.873;1.873;0.000;0.000;14.700;1.000;5.6;0.0;0;27;3.000;2.805;13.0;-360;0;0;-8.1;0;0;0;0;0;99;0;0;1867;125.72;0;0;0;0;0;0;0;0;0;0;0;0;0;0;0;0;27;0;43.0;43.0;2;0;0.00;0.00;0.00;0.0;0.0
161.124;229;854;44;37576;0.5;19.700;1.340;31;79;9;0;100;101;100;103;100;104;100;48;48;0;1.893;1.893;0.000;0.000;14.700;1.000;5.4;0.0;0;26;3.000;2.288;12.9;-90;0;0;-8.0;0;0;0;0;0;99;0;0;1867;131.17;0;0;0;0;0;0;0;0;0;0;0;0;0;0;0;0;26;0;44.0;44.0;2;0;0.00;0.00;0.00;0.0;0.0
161.189;229;823;46;37858;0.5;19.700;1.340;31;79;9;0;100;101;100;103;100;104;100;48;48;0;1.918;1.918;0.000;0.000;14.700;1.000;5.3;0.0;0;25;3.000;1.613;12.9;-680;0;0;-7.7;0;0;0;0;0;99;0;0;1867;136.11;0;0;0;0;0;0;0;0;0;0;0;0;0;0;0;0;25;0;46.0;46.0;2;0;0.00;0.00;0.00;0.0;0.0
161.255;229;792;46;36432;0.5;19.700;1.340;31;79;9;0;100;101;100;103;100;104;100;48;48;0;1.918;1.918;0.000;0.000;14.700;1.000;5.1;0.0;0;24;3.000;2.344;12.9;-680;0;0;-7.7;0;0;0;0;0;99;0;0;1867;141.44;0;0;0;0;0;0;0;0;0;0;0;0;0;0;0;0;24;0;46.0;46.0;2;0;0.00;0.00;0.00;0.0;0.0
161.255;229;818;48;39264;0.5;19.600;1.333;31;79;9;0;100;101;100;103;100;104;100;51;51;0;1.967;1.967;0.000;0.000;14.600;0.993;5.4;0.0;0;25;3.000;3.296;12.9;-130;0;0;-7.4;0;0;0;0;0;99;0;0;1867;136.94;0;0;0;0;0;0;0;0;0;0;0;0;0;0;0;0;25;0;48.0;48.0;2;0;0.00;0.00;0.00;0.0;0.0
161.390;230;776;48;37248;0.5;19.700;1.340;31;79;9;0;100;101;100;103;100;104;100;50;50;0;1.960;1.960;0.000;0.000;14.600;0.993;5.1;0.0;0;25;3.000;2.649;12.9;0;0;0;-7.4;0;0;0;0;0;99;0;0;1870;144.59;0;0;0;0;0;0;0;0;0;0;0;0;0;0;0;0;25;0;48.0;48.0;2;0;0.00;0.00;0.00;0.0;0.0
161.456;230;748;50;37400;0.5;19.700;1.340;31;79;9;0;100;101;100;103;100;104;100;51;51;0;1.994;1.994;0.000;0.000;14.300;0.973;5.0;0.0;0;23;3.000;1.136;12.9;0;0;0;-7.1;0;0;0;0;0;99;0;0;1870;150.00;0;0;0;0;0;0;0;0;0;0;0;0;0;0;0;0;23;0;50.0;50.0;2;0;0.00;0.00;0.00;0.0;0.0
161.521;230;735;51;37485;0.5;19.700;1.340;31;79;9;0;100;101;100;103;100;104;100;52;52;0;2.021;2.021;0.000;0.000;14.200;0.966;5.0;0.0;0;23;3.000;3.209;12.9;-860;0;0;-7.0;0;0;0;0;0;99;0;0;1870;152.65;0;0;0;0;0;0;0;0;0;0;0;0;0;0;0;0;23;0;51.0;51.0;2;0;0.00;0.00;0.00;0.0;0.0
161.591;230;765;51;39015;0.5;19.700;1.340;31;79;9;0;100;101;100;103;100;104;100;52;52;0;2.021;2.021;0.000;0.000;14.200;0.966;5.2;0.0;0;24;3.000;3.250;12.9;220;0;0;-7.0;0;0;0;0;0;99;0;0;1870;146.67;0;0;0;0;0;0;0;0;0;0;0;0;0;0;0;0;24;0;51.0;51.0;2;0;0.00;0.00;0.00;0.0;0.0
161.656;230;764;51;38964;0.5;19.700;1.340;31;79;9;0;100;101;100;103;100;104;100;52;52;0;2.021;2.021;0.000;0.000;14.200;0.966;5.1;0.0;0;24;3.000;3.087;12.9;220;0;0;-7.0;0;0;0;0;0;99;0;0;1870;146.86;0;0;0;0;0;0;0;0;0;0;0;0;0;0;0;0;24;0;51.0;51.0;2;0;0.00;0.00;0.00;0.0;0.0
161.656;230;722;51;36822;0.5;19.700;1.340;31;79;9;0;100;101;100;103;100;104;100;52;52;0;2.021;2.021;0.000;0.000;14.200;0.966;4.9;0.0;0;23;3.000;1.618;12.9;-50;0;0;-7.0;0;0;0;0;0;99;0;0;1870;155.40;0;0;0;0;0;0;0;0;0;0;0;0;0;0;0;0;23;0;51.0;51.0;2;0;0.00;0.00;0.00;0.0;0.0
161.788;230;730;53;38690;0.5;19.700;1.340;31;79;9;0;100;101;100;103;100;104;100;53;53;0;2.057;2.057;0.000;0.000;14.100;0.959;5.0;0.0;0;23;3.000;2.641;12.9;-210;0;0;-6.7;0;0;0;0;0;99;0;0;1870;153.70;0;0;0;0;0;0;0;0;0;0;0;0;0;0;0;0;23;0;53.0;53.0;2;0;0.00;0.00;0.00;0.0;0.0
161.857;230;773;52;40196;0.5;19.700;1.340;31;79;9;0;100;101;100;103;100;104;100;53;53;0;2.048;2.048;0.000;0.000;14.200;0.966;5.3;0.0;0;24;3.000;4.888;12.9;-210;0;0;-6.8;0;0;0;0;0;99;0;0;1870;145.15;0;0;0;0;0;0;0;0;0;0;0;0;0;0;0;0;24;0;52.0;52.0;2;0;0.00;0.00;0.00;0.0;0.0
161.923;230;788;51;40188;0.5;19.700;1.340;31;79;9;0;100;101;100;103;100;104;100;53;53;0;2.029;2.029;0.000;0.000;14.200;0.966;5.3;0.0;0;24;3.000;3.122;12.9;610;0;0;-7.0;0;0;0;0;0;99;0;0;1870;142.39;0;0;0;0;0;0;0;0;0;0;0;0;0;0;0;0;24;0;51.0;51.0;2;0;0.00;0.00;0.00;0.0;0.0
161.988;230;800;50;40000;0.5;19.700;1.340;31;79;9;0;100;101;100;103;100;104;100;52;52;0;2.011;2.011;0.000;0.000;14.300;0.973;5.4;0.0;0;25;3.000;2.908;12.9;190;0;0;-7.1;0;0;0;0;0;99;0;0;1870;140.25;0;0;0;0;0;0;0;0;0;0;0;0;0;0;0;0;25;0;50.0;50.0;2;0;0.00;0.00;0.00;0.0;0.0
161.988;230;848;48;40704;0.5;19.700;1.340;31;79;9;0;100;101;100;103;100;104;100;51;51;0;1.967;1.967;0.000;0.000;14.600;0.993;5.6;0.0;0;26;3.000;3.719;12.9;190;0;0;-7.4;0;0;0;0;0;99;0;0;1870;132.31;0;0;0;0;0;0;0;0;0;0;0;0;0;0;0;0;26;0;48.0;48.0;2;0;0.00;0.00;0.00;0.0;0.0
162.123;230;856;47;40232;0.5;19.700;1.340;31;79;9;0;100;101;100;103;100;104;100;50;50;0;1.950;1.950;0.000;0.000;14.600;0.993;5.6;0.0;0;27;3.000;3.120;12.9;530;0;0;-7.5;0;0;0;0;0;99;0;0;1870;131.07;0;0;0;0;0;0;0;0;0;0;0;0;0;0;0;0;27;0;47.0;47.0;2;0;0.00;0.00;0.00;0.0;0.0
162.189;230;851;47;39997;0.5;19.700;1.340;31;79;9;0;100;101;100;103;100;104;100;50;50;0;1.938;1.938;0.000;0.000;14.600;0.993;5.5;0.0;0;26;3.000;2.514;13.0;-20;0;0;-7.5;0;0;0;0;0;99;0;0;1870;131.84;0;0;0;0;0;0;0;0;0;0;0;0;0;0;0;0;26;0;47.0;47.0;2;0;0.00;0.00;0.00;0.0;0.0
162.254;230;888;45;39960;0.5;19.700;1.340;31;79;9;0;100;101;100;103;100;104;100;49;49;0;1.913;1.913;0.000;0.000;14.700;1.000;5.7;0.0;0;27;3.000;3.737;13.0;-20;0;0;-7.8;0;0;0;0;0;99;0;0;1870;126.35;0;0;0;0;0;0;0;0;0;0;0;0;0;0;0;0;27;0;45.0;45.0;2;0;0.00;0.00;0.00;0.0;0.0
162.254;230;928;44;40832;0.5;19.700;1.340;31;79;9;0;100;101;100;103;100;104;100;49;49;0;1.896;1.896;0.000;0.000;14.700;1.000;5.9;0.0;0;28;3.000;2.963;13.0;560;0;0;-8.0;0;0;0;0;0;99;0;0;1870;120.91;0;0;0;0;0;0;0;0;0;0;0;0;0;0;0;0;28;0;44.0;44.0;2;0;0.00;0.00;0.00;0.0;0.0
162.390;231;942;43;40506;0.5;19.700;1.340;31;79;9;0;100;101;100;103;100;104;100;49;49;0;1.887;1.887;0.000;0.000;14.700;1.000;5.9;0.0;0;28;3.000;3.173;13.0;350;0;0;-8.1;0;0;0;0;0;99;0;0;1869;119.04;0;0;0;0;0;0;0;0;0;0;0;0;0;0;0;0;28;0;43.0;43.0;2;0;0.00;0.00;0.00;0.0;0.0
162.455;231;937;39;36543;0.5;19.700;1.340;31;79;9;0;100;101;100;103;100;104;100;46;46;0;1.818;1.818;0.000;0.000;14.700;1.000;5.7;0.0;0;28;3.000;2.693;13.0;350;0;0;-8.7;0;0;0;0;0;99;0;0;1869;119.68;0;0;0;0;0;0;0;0;0;0;0;0;0;0;0;0;28;0;39.0;39.0;2;0;0.00;0.00;0.00;0.0;0.0
162.455;231;945;42;39690;0.5;19.700;1.340;31;79;9;0;100;101;100;103;100;104;100;48;48;0;1.864;1.864;0.000;0.000;14.700;1.000;5.9;0.0;0;28;3.000;2.999;13.0;0;0;0;-8.3;0;0;0;0;0;99;0;0;1869;118.67;0;0;0;0;0;0;0;0;0;0;0;0;0;0;0;0;28;0;42.0;42.0;2;0;0.00;0.00;0.00;0.0;0.0
162.591;231;938;42;39396;0.5;19.700;1.340;31;79;9;0;100;101;100;103;100;104;100;48;48;0;1.864;1.864;0.000;0.000;14.700;1.000;5.8;0.0;0;28;3.000;2.886;13.0;0;0;0;-8.3;0;0;0;0;0;99;0;0;1869;119.55;0;0;0;0;0;0;0;0;0;0;0;0;0;0;0;0;28;0;42.0;42.0;2;0;0.00;0.00;0.00;0.0;0.0
162.661;231;939;42;39438;0.5;19.700;1.340;31;79;9;0;100;101;100;103;100;104;100;48;48;0;1.864;1.864;0.000;0.000;14.700;1.000;5.8;0.0;0;28;3.000;2.847;13.0;-40;0;0;-8.3;0;0;0;0;0;99;0;0;1869;119.42;0;0;0;0;0;0;0;0;0;0;0;0;0;0;0;0;28;0;42.0;42.0;2;0;0.00;0.00;0.00;0.0;0.0
162.728;231;919;42;38598;0.5;19.500;1.327;31;79;9;0;100;101;100;103;100;104;100;48;48;0;1.864;1.864;0.000;0.000;14.700;1.000;5.7;0.0;0;28;3.000;2.808;13.0;-180;0;0;-8.3;0;0;0;0;0;99;0;0;1869;122.02;0;0;0;0;0;0;0;0;0;0;0;0;0;0;0;0;28;0;42.0;42.0;2;0;0.00;0.00;0.00;0.0;0.0
162.796;231;924;42;38808;0.5;19.400;1.320;31;79;9;0;100;101;100;103;100;104;100;48;48;0;1.864;1.864;0.000;0.000;14.700;1.000;5.7;0.0;0;28;3.000;2.971;13.0;-180;0;0;-8.3;0;0;0;0;0;99;0;0;1869;121.36;0;0;0;0;0;0;0;0;0;0;0;0;0;0;0;0;28;0;42.0;42.0;2;0;0.00;0.00;0.00;0.0;0.0
162.862;231;925;42;38850;0.5;19.700;1.340;31;79;9;0;100;101;100;103;100;104;100;48;48;0;1.864;1.864;0.000;0.000;14.700;1.000;5.7;0.0;0;28;3.000;3.194;13.0;40;0;0;-8.3;0;0;0;0;0;99;0;0;1869;121.23;0;0;0;0;0;0;0;0;0;0;0;0;0;0;0;0;28;0;42.0;42.0;2;0;0.00;0.00;0.00;0.0;0.0
162.927;231;905;43;38915;0.5;19.700;1.340;31;80;9;0;100;101;100;102;100;103;100;48;48;0;1.893;1.893;0.000;0.000;14.700;1.000;5.7;0.0;0;28;3.000;2.445;12.8;-50;0;0;-8.1;0;0;0;0;0;99;0;0;1869;123.91;0;0;0;0;0;0;0;0;0;0;0;0;0;0;0;0;28;0;43.0;43.0;2;0;0.00;0.00;0.00;0.0;0.0
162.995;231;889;43;38227;0.5;19.000;1.293;31;80;9;0;100;101;100;102;100;103;100;48;48;0;1.893;1.893;0.000;0.000;14.700;1.000;5.6;0.0;0;27;3.000;2.824;12.8;-50;0;0;-8.1;0;0;0;0;0;99;0;0;1869;126.14;0;0;0;0;0;0;0;0;0;0;0;0;0;0;0;0;27;0;43.0;43.0;2;0;0.00;0.00;0.00;0.0;0.0
163.063;231;890;44;39160;0.5;19.400;1.320;31;80;9;0;100;101;100;102;100;103;100;48;48;0;1.902;1.902;0.000;0.000;14.700;1.000;5.6;0.0;0;27;3.000;2.861;12.8;-300;0;0;-8.0;0;0;0;0;0;99;0;0;1869;126.00;0;0;0;0;0;0;0;0;0;0;0;0;0;0;0;0;27;0;44.0;44.0;2;0;0.00;0.00;0.00;0.0;0.0
163.127;231;891;44;39204;0.5;19.600;1.333;31;80;9;0;100;101;100;102;100;103;100;48;48;0;1.902;1.902;0.000;0.000;14.700;1.000;5.6;0.0;0;27;3.000;3.044;12.8;-50;0;0;-8.0;0;0;0;0;0;99;0;0;1869;125.86;0;0;0;0;0;0;0;0;0;0;0;0;0;0;0;0;27;0;44.0;44.0;2;0;0.00;0.00;0.00;0.0;0.0
163.194;231;888;44;39072;0.5;19.700;1.340;31;80;9;0;100;101;100;102;100;103;100;48;48;0;1.890;1.890;0.000;0.000;14.700;1.000;5.6;0.0;0;27;3.000;2.617;12.9;-50;0;0;-8.0;0;0;0;0;0;99;0;0;1869;126.28;0;0;0;0;0;0;0;0;0;0;0;0;0;0;0;0;27;0;44.0;44.0;2;0;0.00;0.00;0.00;0.0;0.0
163.259;231;872;44;38368;0.5;19.700;1.340;31;80;9;0;100;101;100;102;100;103;100;48;48;0;1.890;1.890;0.000;0.000;14.700;1.000;5.5;0.0;0;26;3.000;2.917;12.9;40;0;0;-8.0;0;0;0;0;0;99;0;0;1869;128.60;0;0;0;0;0;0;0;0;0;0;0;0;0;0;0;0;26;0;44.0;44.0;2;0;0.00;0.00;0.00;0.0;0.0
163.324;231;854;45;38430;0.5;19.700;1.340;31;80;9;0;100;101;100;102;100;103;100;48;48;0;1.906;1.906;0.000;0.000;14.700;1.000;5.4;0.0;0;26;3.000;2.486;12.9;-250;0;0;-7.8;0;0;0;0;0;99;0;0;1869;131.31;0;0;0;0;0;0;0;0;0;0;0;0;0;0;0;0;26;0;45.0;45.0;2;0;0.00;0.00;0.00;0.0;0.0
163.324;231;870;45;39150;0.5;19.700;1.340;31;80;9;0;100;101;100;102;100;103;100;49;49;0;1.921;1.921;0.000;0.000;14.700;1.000;5.6;0.0;0;26;3.000;3.261;12.9;-250;0;0;-7.8;0;0;0;0;0;99;0;0;1869;128.90;0;0;0;0;0;0;0;0;0;0;0;0;0;0;0;0;26;0;45.0;45.0;2;0;0.00;0.00;0.00;0.0;0.0
163.464;232;869;45;39105;0.5;19.700;1.340;31;80;9;0;100;101;100;102;100;103;100;49;49;0;1.909;1.909;0.000;0.000;14.700;1.000;5.5;0.0;0;26;3.000;3.224;13.0;70;0;0;-7.8;0;0;0;0;0;99;0;0;1865;128.77;0;0;0;0;0;0;0;0;0;0;0;0;0;0;0;0;26;0;45.0;45.0;2;0;0.00;0.00;0.00;0.0;0.0
163.529;232;833;46;38318;0.5;19.700;1.340;31;80;9;0;100;101;100;102;100;103;100;48;48;0;1.902;1.902;0.000;0.000;14.700;1.000;5.3;0.0;0;25;3.000;2.058;13.0;-240;0;0;-7.7;0;0;0;0;0;99;0;0;1865;134.33;0;0;0;0;0;0;0;0;0;0;0;0;0;0;0;0;25;0;46.0;46.0;2;0;0.00;0.00;0.00;0.0;0.0
163.597;232;836;46;38456;0.5;19.700;1.340;31;80;9;0;100;101;100;102;100;103;100;49;49;0;1.918;1.918;0.000;0.000;14.700;1.000;5.3;0.0;0;26;3.000;2.446;13.0;-240;0;0;-7.7;0;0;0;0;0;99;0;0;1865;133.85;0;0;0;0;0;0;0;0;0;0;0;0;0;0;0;0;26;0;46.0;46.0;2;0;0.00;0.00;0.00;0.0;0.0
163.662;232;836;47;39292;0.5;19.700;1.340;31;80;9;0;100;101;100;102;100;103;100;50;50;0;1.958;1.958;0.000;0.000;14.700;1.000;5.5;0.0;0;26;3.000;2.883;12.8;-100;0;0;-7.5;0;0;0;0;0;99;0;0;1865;133.85;0;0;0;0;0;0;0;0;0;0;0;0;0;0;0;0;26;0;47.0;47.0;2;0;0.00;0.00;0.00;0.0;0.0
163.728;232;849;47;39903;0.5;19.700;1.340;31;80;9;0;100;101;100;102;100;103;100;50;50;0;1.958;1.958;0.000;0.000;14.700;1.000;5.5;0.0;0;26;3.000;2.898;12.8;130;0;0;-7.5;0;0;0;0;0;99;0;0;1865;131.80;0;0;0;0;0;0;0;0;0;0;0;0;0;0;0;0;26;0;47.0;47.0;2;0;0.00;0.00;0.00;0.0;0.0
163.796;232;816;47;38352;0.5;19.700;1.340;31;80;9;0;100;101;100;102;100;103;100;49;49;0;1.950;1.950;0.000;0.000;14.600;0.993;5.3;0.0;0;25;3.000;1.892;12.8;130;0;0;-7.5;0;0;0;0;0;99;0;0;1865;137.13;0;0;0;0;0;0;0;0;0;0;0;0;0;0;0;0;25;0;47.0;47.0;2;0;0.00;0.00;0.00;0.0;0.0
163.861;232;816;47;38352;0.5;19.700;1.340;31;80;9;0;100;101;100;102;100;103;100;49;49;0;1.950;1.950;0.000;0.000;14.600;0.993;5.3;0.0;0;25;3.000;2.976;12.8;-320;0;0;-7.5;0;0;0;0;0;99;0;0;1865;137.13;0;0;0;0;0;0;0;0;0;0;0;0;0;0;0;0;25;0;47.0;47.0;2;0;0.00;0.00;0.00;0.0;0.0
163.929;232;844;47;39668;0.5;19.700;1.340;31;80;9;0;100;101;100;102;100;103;100;50;50;0;1.970;1.970;0.000;0.000;14.600;0.993;5.5;0.0;0;26;3.000;3.546;12.7;170;0;0;-7.5;0;0;0;0;0;99;0;0;1865;132.58;0;0;0;0;0;0;0;0;0;0;0;0;0;0;0;0;26;0;47.0;47.0;2;0;0.00;0.00;0.00;0.0;0.0
163.998;232;842;47;39574;0.5;19.700;1.340;31;80;9;0;100;101;100;102;100;103;100;50;50;0;1.970;1.970;0.000;0.000;14.600;0.993;5.5;0.0;0;26;3.000;2.894;12.7;170;0;0;-7.5;0;0;0;0;0;99;0;0;1865;132.90;0;0;0;0;0;0;0;0;0;0;0;0;0;0;0;0;26;0;47.0;47.0;2;0;0.00;0.00;0.00;0.0;0.0
164.063;232;831;47;39057;0.5;19.700;1.340;31;80;9;0;100;101;100;102;100;103;100;49;49;0;1.962;1.962;0.000;0.000;14.600;0.993;5.4;0.0;0;25;3.000;2.809;12.7;80;0;0;-7.5;0;0;0;0;0;99;0;0;1865;134.66;0;0;0;0;0;0;0;0;0;0;0;0;0;0;0;0;25;0;47.0;47.0;2;0;0.00;0.00;0.00;0.0;0.0
164.127;232;844;47;39668;0.5;19.700;1.340;31;80;9;0;100;101;100;102;100;103;100;50;50;0;1.970;1.970;0.000;0.000;14.600;0.993;5.5;0.0;0;26;3.000;3.420;12.7;20;0;0;-7.5;0;0;0;0;0;99;0;0;1865;132.58;0;0;0;0;0;0;0;0;0;0;0;0;0;0;0;0;26;0;47.0;47.0;2;0;0.00;0.00;0.00;0.0;0.0
164.192;232;857;47;40279;0.5;19.700;1.340;31;80;9;0;100;101;100;102;100;103;100;50;50;0;1.958;1.958;0.000;0.000;14.600;0.993;5.6;0.0;0;27;3.000;3.148;12.8;20;0;0;-7.5;0;0;0;0;0;99;0;0;1865;130.57;0;0;0;0;0;0;0;0;0;0;0;0;0;0;0;0;27;0;47.0;47.0;2;0;0.00;0.00;0.00;0.0;0.0
164.192;232;866;46;39836;0.5;19.700;1.340;31;80;9;0;100;101;100;102;100;103;100;49;49;0;1.942;1.942;0.000;0.000;14.700;1.000;5.6;0.0;0;26;3.000;3.237;12.8;90;0;0;-7.7;0;0;0;0;0;99;0;0;1865;129.21;0;0;0;0;0;0;0;0;0;0;0;0;0;0;0;0;26;0;46.0;46.0;2;0;0.00;0.00;0.00;0.0;0.0
164.331;232;882;46;40572;0.5;19.700;1.340;31;80;9;0;100;101;100;102;100;103;100;49;49;0;1.942;1.942;0.000;0.000;14.700;1.000;5.7;0.0;0;27;3.000;3.271;12.8;290;0;0;-7.7;0;0;0;0;0;99;0;0;1865;126.87;0;0;0;0;0;0;0;0;0;0;0;0;0;0;0;0;27;0;46.0;46.0;2;0;0.00;0.00;0.00;0.0;0.0
164.393;232;890;45;40050;0.5;19.700;1.340;31;80;9;0;100;101;100;102;100;103;100;49;49;0;1.933;1.933;0.000;0.000;14.700;1.000;5.7;0.0;0;27;3.000;3.056;12.8;290;0;0;-7.8;0;0;0;0;0;99;0;0;1865;125.73;0;0;0;0;0;0;0;0;0;0;0;0;0;0;0;0;27;0;45.0;45.0;2;0;0.00;0.00;0.00;0.0;0.0
164.461;233;901;45;40545;0.5;19.700;1.340;31;80;9;0;100;101;100;102;100;103;100;49;49;0;1.909;1.909;0.000;0.000;14.700;1.000;5.7;0.0;0;27;3.000;3.048;13.0;70;0;0;-7.8;0;0;0;0;0;99;0;0;1859;123.80;0;0;0;0;0;0;0;0;0;0;0;0;0;0;0;0;27;0;45.0;45.0;2;0;0.00;0.00;0.00;0.0;0.0
164.529;233;908;44;39952;0.5;19.700;1.340;31;80;9;0;100;101;100;102;100;103;100;49;49;0;1.892;1.892;0.000;0.000;14.700;1.000;5.7;0.0;0;27;3.000;3.084;13.0;190;0;0;-8.0;0;0;0;0;0;99;0;0;1859;122.84;0;0;0;0;0;0;0;0;0;0;0;0;0;0;0;0;27;0;44.0;44.0;2;0;0.00;0.00;0.00;0.0;0.0
164.594;233;928;43;39904;0.5;19.700;1.340;31;80;9;0;100;101;100;102;100;103;100;49;49;0;1.884;1.884;0.000;0.000;14.700;1.000;5.8;0.0;0;28;3.000;3.099;13.0;190;0;0;-8.1;0;0;0;0;0;99;0;0;1859;120.19;0;0;0;0;0;0;0;0;0;0;0;0;0;0;0;0;28;0;43.0;43.0;2;0;0.00;0.00;0.00;0.0;0.0
164.660;233;943;43;40549;0.5;19.700;1.340;31;80;9;0;100;101;100;102;100;103;100;49;49;0;1.884;1.884;0.000;0.000;14.700;1.000;5.9;0.0;0;28;3.000;3.265;13.0;190;0;0;-8.1;0;0;0;0;0;99;0;0;1859;118.28;0;0;0;0;0;0;0;0;0;0;0;0;0;0;0;0;28;0;43.0;43.0;2;0;0.00;0.00;0.00;0.0;0.0
164.731;233;957;42;40194;0.5;19.700;1.340;31;80;9;0;100;101;100;102;100;103;100;48;48;0;1.861;1.861;0.000;0.000;14.700;1.000;5.9;0.0;0;28;3.000;2.989;13.0;300;0;0;-8.3;0;0;0;0;0;99;0;0;1859;116.55;0;0;0;0;0;0;0;0;0;0;0;0;0;0;0;0;28;0;42.0;42.0;2;0;0.00;0.00;0.00;0.0;0.0
164.731;233;945;42;39690;0.5;19.700;1.340;31;80;9;0;100;101;100;102;100;103;100;48;48;0;1.861;1.861;0.000;0.000;14.700;1.000;5.9;0.0;0;28;3.000;2.738;13.0;300;0;0;-8.3;0;0;0;0;0;99;0;0;1859;118.03;0;0;0;0;0;0;0;0;0;0;0;0;0;0;0;0;28;0;42.0;42.0;2;0;0.00;0.00;0.00;0.0;0.0
164.860;233;937;41;38417;0.5;19.700;1.340;31;80;9;0;100;101;100;102;100;103;100;47;47;0;1.837;1.837;0.000;0.000;14.700;1.000;5.7;0.0;0;28;3.000;2.837;13.0;-100;0;0;-8.4;0;0;0;0;0;99;0;0;1859;119.04;0;0;0;0;0;0;0;0;0;0;0;0;0;0;0;0;28;0;41.0;41.0;2;0;0.00;0.00;0.00;0.0;0.0
164.925;233;953;41;39073;0.5;19.700;1.340;31;80;9;0;100;101;100;102;100;103;100;48;48;0;1.845;1.845;0.000;0.000;14.700;1.000;5.9;0.0;0;28;3.000;3.091;13.0;-100;0;0;-8.4;0;0;0;0;0;99;0;0;1859;117.04;0;0;0;0;0;0;0;0;0;0;0;0;0;0;0;0;28;0;41.0;41.0;2;0;0.00;0.00;0.00;0.0;0.0
164.925;233;947;41;38827;0.5;19.000;1.293;31;80;9;0;100;101;100;102;100;103;100;47;47;0;1.837;1.837;0.000;0.000;14.700;1.000;5.8;0.0;0;28;3.000;2.686;13.0;60;0;0;-8.4;0;0;0;0;0;99;0;0;1859;117.78;0;0;0;0;0;0;0;0;0;0;0;0;0;0;0;0;28;0;41.0;41.0;2;0;0.00;0.00;0.00;0.0;0.0
165.063;233;938;42;39396;0.5;19.200;1.306;31;80;9;0;100;101;100;102;100;103;100;48;48;0;1.861;1.861;0.000;0.000;14.700;1.000;5.8;0.0;0;28;3.000;2.634;13.0;-60;0;0;-8.3;0;0;0;0;0;99;0;0;1859;118.91;0;0;0;0;0;0;0;0;0;0;0;0;0;0;0;0;28;0;42.0;42.0;2;0;0.00;0.00;0.00;0.0;0.0
165.129;233;912;42;38304;0.5;19.700;1.340;31;80;9;0;100;101;100;102;100;103;100;48;48;0;1.861;1.861;0.000;0.000;14.700;1.000;5.7;0.0;0;27;3.000;2.162;13.0;-60;0;0;-8.3;0;0;0;0;0;99;0;0;1859;122.30;0;0;0;0;0;0;0;0;0;0;0;0;0;0;0;0;27;0;42.0;42.0;2;0;0.00;0.00;0.00;0.0;0.0
165.192;233;906;43;38958;0.5;19.700;1.340;31;80;9;0;100;101;100;102;100;103;100;48;48;0;1.869;1.869;0.000;0.000;14.700;1.000;5.6;0.0;0;28;3.000;2.620;13.0;-350;0;0;-8.1;0;0;0;0;0;99;0;0;1859;123.11;0;0;0;0;0;0;0;0;0;0;0;0;0;0;0;0;28;0;43.0;43.0;2;0;0.00;0.00;0.00;0.0;0.0
165.192;233;882;43;37926;0.5;19.500;1.327;31;80;9;0;100;101;100;102;100;103;100;48;48;0;1.869;1.869;0.000;0.000;14.700;1.000;5.5;0.0;0;27;3.000;2.588;13.0;-140;0;0;-8.1;0;0;0;0;0;99;0;0;1859;126.46;0;0;0;0;0;0;0;0;0;0;0;0;0;0;0;0;27;0;43.0;43.0;2;0;0.00;0.00;0.00;0.0;0.0
165.257;233;868;44;38192;0.5;19.700;1.340;31;80;9;0;100;101;100;102;100;103;100;48;48;0;1.878;1.878;0.000;0.000;14.700;1.000;5.4;0.0;0;26;3.000;2.691;13.0;-140;0;0;-8.0;0;0;0;0;0;99;0;0;1859;128.50;0;0;0;0;0;0;0;0;0;0;0;0;0;0;0;0;26;0;44.0;44.0;2;0;0.00;0.00;0.00;0.0;0.0
165.388;233;833;45;37485;0.5;19.700;1.340;31;80;9;0;100;101;100;102;100;103;100;48;48;0;1.894;1.894;0.000;0.000;14.700;1.000;5.3;0.0;0;25;3.000;2.191;13.0;-300;0;0;-7.8;0;0;0;0;0;99;0;0;1859;133.90;0;0;0;0;0;0;0;0;0;0;0;0;0;0;0;0;25;0;45.0;45.0;2;0;0.00;0.00;0.00;0.0;0.0
165.457;234;828;46;38088;0.5;19.700;1.340;31;80;9;0;100;101;100;102;100;103;100;48;48;0;1.890;1.890;0.000;0.000;14.700;1.000;5.2;0.0;0;25;3.000;2.745;13.1;-360;0;0;-7.7;0;0;0;0;0;99;0;0;1860;134.78;0;0;0;0;0;0;0;0;0;0;0;0;0;0;0;0;25;0;46.0;46.0;2;0;0.00;0.00;0.00;0.0;0.0
165.523;234;832;47;39104;0.5;19.700;1.340;31;80;9;0;100;101;100;102;100;103;100;49;49;0;1.914;1.914;0.000;0.000;14.600;0.993;5.3;0.0;0;25;3.000;2.877;13.1;-360;0;0;-7.5;0;0;0;0;0;99;0;0;1860;134.13;0;0;0;0;0;0;0;0;0;0;0;0;0;0;0;0;25;0;47.0;47.0;2;0;0.00;0.00;0.00;0.0;0.0
165.523;234;788;47;37036;0.5;19.700;1.340;31;80;9;0;100;101;100;102;100;103;100;49;49;0;1.914;1.914;0.000;0.000;14.600;0.993;5.0;0.0;0;24;3.000;1.828;13.1;-230;0;0;-7.5;0;0;0;0;0;99;0;0;1860;141.62;0;0;0;0;0;0;0;0;0;0;0;0;0;0;0;0;24;0;47.0;47.0;2;0;0.00;0.00;0.00;0.0;0.0
165.654;234;754;50;37700;0.5;19.700;1.340;31;80;9;0;100;101;100;102;100;103;100;51;51;0;1.966;1.966;0.000;0.000;14.300;0.973;4.9;0.0;0;24;3.000;1.983;13.1;-440;0;0;-7.1;0;0;0;0;0;99;0;0;1860;148.01;0;0;0;0;0;0;0;0;0;0;0;0;0;0;0;0;24;0;50.0;50.0;2;0;0.00;0.00;0.00;0.0;0.0
165.654;234;751;50;37550;0.5;19.700;1.340;31;80;9;0;100;101;100;102;100;103;100;51;51;0;1.966;1.966;0.000;0.000;14.300;0.973;4.9;0.0;0;24;3.000;2.845;13.1;-440;0;0;-7.1;0;0;0;0;0;99;0;0;1860;148.60;0;0;0;0;0;0;0;0;0;0;0;0;0;0;0;0;24;0;50.0;50.0;2;0;0.00;0.00;0.00;0.0;0.0
165.789;234;772;51;39372;0.5;19.700;1.340;31;80;9;0;100;101;100;102;100;103;100;52;52;0;1.992;1.992;0.000;0.000;14.200;0.966;5.1;0.0;0;24;3.000;3.355;13.1;-40;0;0;-7.0;0;0;0;0;0;99;0;0;1860;144.56;0;0;0;0;0;0;0;0;0;0;0;0;0;0;0;0;24;0;51.0;51.0;2;0;0.00;0.00;0.00;0.0;0.0
165.855;234;757;50;37850;0.5;19.700;1.340;31;80;9;0;100;101;100;102;100;103;100;51;51;0;1.966;1.966;0.000;0.000;14.300;0.973;5.0;0.0;0;24;3.000;2.900;13.1;-40;0;0;-7.1;0;0;0;0;0;99;0;0;1860;147.42;0;0;0;0;0;0;0;0;0;0;0;0;0;0;0;0;24;0;50.0;50.0;2;0;0.00;0.00;0.00;0.0;0.0
165.925;234;733;51;37383;0.5;19.700;1.340;31;80;9;0;100;101;100;102;100;103;100;52;52;0;1.992;1.992;0.000;0.000;14.200;0.966;4.9;0.0;0;23;3.000;2.023;13.1;-40;0;0;-7.0;0;0;0;0;0;99;0;0;1860;152.25;0;0;0;0;0;0;0;0;0;0;0;0;0;0;0;0;23;0;51.0;51.0;2;0;0.00;0.00;0.00;0.0;0.0
165.990;234;725;51;36975;0.5;19.700;1.340;31;80;9;0;100;101;100;102;100;103;100;52;52;0;1.992;1.992;0.000;0.000;14.200;0.966;4.8;0.0;0;23;3.000;2.302;13.1;-240;0;0;-7.0;0;0;0;0;0;99;0;0;1860;153.93;0;0;0;0;0;0;0;0;0;0;0;0;0;0;0;0;23;0;51.0;51.0;2;0;0.00;0.00;0.00;0.0;0.0
166.056;234;741;52;38532;0.5;19.700;1.340;31;80;9;0;100;101;100;102;100;103;100;53;53;0;2.019;2.019;0.000;0.000;14.200;0.966;5.0;0.0;0;23;3.000;3.010;13.1;80;0;0;-6.8;0;0;0;0;0;99;0;0;1860;150.61;0;0;0;0;0;0;0;0;0;0;0;0;0;0;0;0;23;0;52.0;52.0;2;0;0.00;0.00;0.00;0.0;0.0
166.121;234;741;52;38532;0.5;19.700;1.340;31;80;9;0;100;101;100;102;100;103;100;53;53;0;2.019;2.019;0.000;0.000;14.200;0.966;5.0;0.0;0;23;3.000;2.897;13.1;80;0;0;-6.8;0;0;0;0;0;99;0;0;1860;150.61;0;0;0;0;0;0;0;0;0;0;0;0;0;0;0;0;23;0;52.0;52.0;2;0;0.00;0.00;0.00;0.0;0.0
166.190;234;709;52;36868;0.5;19.700;1.340;31;80;9;0;100;101;100;102;100;103;100;52;52;0;2.010;2.010;0.000;0.000;14.200;0.966;4.8;0.0;0;23;3.000;2.387;13.1;-80;0;0;-6.8;0;0;0;0;0;99;0;0;1860;157.40;0;0;0;0;0;0;0;0;0;0;0;0;0;0;0;0;23;0;52.0;52.0;2;0;0.00;0.00;0.00;0.0;0.0
166.256;234;715;53;37895;0.5;19.700;1.340;31;80;9;0;100;101;100;102;100;103;100;54;54;0;2.026;2.026;0.000;0.000;14.200;0.966;4.8;0.0;0;23;3.000;2.788;13.2;-240;0;0;-6.7;0;0;0;0;0;99;0;0;1860;156.08;0;0;0;0;0;0;0;0;0;0;0;0;0;0;0;0;23;0;53.0;53.0;2;0;0.00;0.00;0.00;0.0;0.0
166.256;234;737;53;39061;0.5;19.700;1.340;31;80;9;0;100;101;100;102;100;103;100;54;54;0;2.026;2.026;0.000;0.000;14.200;0.966;5.0;0.0;0;24;3.000;4.071;13.2;-240;0;0;-6.7;0;0;0;0;0;99;0;0;1860;151.42;0;0;0;0;0;0;0;0;0;0;0;0;0;0;0;0;24;0;53.0;53.0;2;0;0.00;0.00;0.00;0.0;0.0
166.321;234;778;52;40456;0.5;19.700;1.340;31;80;9;0;100;101;100;102;100;103;100;53;53;0;2.007;2.007;0.000;0.000;14.200;0.966;5.2;0.0;0;24;3.000;4.276;13.2;540;0;0;-6.8;0;0;0;0;0;99;0;0;1860;143.44;0;0;0;0;0;0;0;0;0;0;0;0;0;0;0;0;24;0;52.0;52.0;2;0;0.00;0.00;0.00;0.0;0.0
166.456;235;785;51;40035;0.5;19.700;1.340;31;80;9;0;100;101;100;102;100;103;100;53;53;0;1.989;1.989;0.000;0.000;14.200;0.966;5.2;0.0;0;24;3.000;2.970;13.2;220;0;0;-7.0;0;0;0;0;0;99;0;0;1861;142.24;0;0;0;0;0;0;0;0;0;0;0;0;0;0;0;0;24;0;51.0;51.0;2;0;0.00;0.00;0.00;0.0;0.0
166.522;235;788;50;39400;0.5;19.700;1.340;31;80;9;0;100;101;100;102;100;103;100;52;52;0;1.971;1.971;0.000;0.000;14.300;0.973;5.2;0.0;0;24;3.000;3.057;13.2;220;0;0;-7.1;0;0;0;0;0;99;0;0;1861;141.70;0;0;0;0;0;0;0;0;0;0;0;0;0;0;0;0;24;0;50.0;50.0;2;0;0.00;0.00;0.00;0.0;0.0
166.522;235;850;49;41650;0.5;19.700;1.340;31;80;9;0;100;101;100;102;100;103;100;52;52;0;1.962;1.962;0.000;0.000;14.400;0.980;5.6;0.0;0;26;3.000;4.120;13.2;340;0;0;-7.3;0;0;0;0;0;99;0;0;1861;131.36;0;0;0;0;0;0;0;0;0;0;0;0;0;0;0;0;26;0;49.0;49.0;2;0;0.00;0.00;0.00;0.0;0.0
166.657;235;995;47;46765;0.5;19.700;1.340;31;80;9;0;100;101;100;102;100;103;100;51;51;0;1.918;1.918;0.000;0.000;14.600;0.993;6.4;0.0;0;29;3.000;3.484;13.2;1760;0;0;-7.5;0;0;0;0;0;99;0;0;1861;112.22;0;0;0;0;0;0;0;0;0;0;0;0;0;0;0;0;29;0;47.0;47.0;2;0;0.00;0.00;0.00;0.0;0.0
166.657;235;1903;47;89441;0.5;19.700;1.340;31;80;9;0;100;101;100;102;100;103;100;56;56;0;3.511;3.511;0.000;0.000;14.600;0.993;22.3;0.0;0;34;3.180;3.484;7.0;1760;0;0;-7.5;0;0;0;0;0;99;0;0;1861;58.68;0;0;0;0;0;0;0;0;0;0;0;0;0;0;0;0;34;0;47.0;47.0;2;0;0.00;0.00;0.00;0.0;0.0
166.792;235;995;47;46765;0.5;19.700;1.340;31;80;9;0;100;101;100;102;100;103;100;51;51;0;3.454;3.454;0.000;0.000;14.600;0.993;11.5;0.0;0;29;3.180;3.484;7.0;0;0;0;-7.5;0;0;0;0;0;99;0;0;1861;112.22;0;0;0;0;0;0;0;0;0;0;0;0;0;0;0;0;29;0;47.0;47.0;2;0;0.00;0.00;0.00;0.0;0.0
166.858;235;1903;47;89441;0.5;19.700;1.340;31;80;9;0;100;101;100;102;100;103;100;56;56;0;3.511;3.511;0.000;0.000;14.600;0.993;22.3;0.0;0;34;3.180;3.484;7.0;0;0;0;-7.5;0;0;0;0;0;99;0;0;1861;58.68;0;0;0;0;0;0;0;0;0;0;0;0;0;0;0;0;34;0;47.0;47.0;2;0;0.00;0.00;0.00;0.0;0.0
166.924;235;1903;47;89441;0.5;19.700;1.340;31;80;9;0;100;101;100;102;100;103;100;56;56;0;3.511;3.511;0.000;0.000;14.600;0.993;22.3;0.0;0;34;3.180;3.484;7.0;9080;0;0;-7.5;0;0;0;0;0;99;0;0;1861;58.68;0;0;0;0;0;0;0;0;0;0;0;0;0;0;0;0;34;0;47.0;47.0;2;0;0.00;0.00;0.00;0.0;0.0
166.992;235;995;47;46765;0.5;19.700;1.340;31;80;9;0;100;101;100;102;100;103;100;51;51;0;3.586;3.586;0.000;0.000;14.600;0.993;11.9;0.0;0;29;3.180;3.484;3.7;0;0;0;-7.5;0;0;0;0;0;99;0;0;1861;112.22;0;0;0;0;0;0;0;0;0;0;0;0;0;0;0;0;29;0;47.0;47.0;2;0;0.00;0.00;0.00;0.0;0.0
167.062;235;0;67;0;0.5;19.700;1.340;31;80;0;0;100;101;100;102;100;103;100;61;61;0;0.000;3.586;0.000;0.000;14.600;0.993;0.0;0.0;0;18;3.180;3.484;3.7;0;0;0;-4.6;0;0;0;0;0;99;0;0;1861;0.00;0;0;0;0;0;0;0;0;0;0;0;0;0;0;0;0;18;0;67.0;67.0;0;0;0.00;0.00;0.00;0.0;0.0
167.129;235;0;79;0;0.0;19.700;1.340;31;80;0;0;100;101;100;102;100;103;100;71;71;0;0.000;3.586;0.000;0.000;14.600;0.993;0.0;0.0;0;18;3.180;3.484;3.7;0;0;0;-2.9;0;0;0;0;0;99;0;0;1861;0.00;0;0;0;0;0;0;0;0;0;0;0;0;0;0;0;0;18;0;79.0;79.0;0;0;0.00;0.00;0.00;0.0;0.0
167.129;235;0;77;0;0.0;19.700;1.340;31;80;0;0;100;101;100;102;100;103;100;69;69;0;0.000;3.586;0.000;0.000;14.600;0.993;0.0;0.0;0;18;3.180;3.484;3.7;0;0;0;-3.2;0;0;0;0;0;99;0;0;1861;0.00;0;0;0;0;0;0;0;0;0;0;0;0;0;0;0;0;18;0;77.0;77.0;0;0;0.00;0.00;0.00;0.0;0.0
167.259;235;0;83;0;0.0;19.700;1.340;31;80;0;0;100;101;100;102;100;103;100;74;74;0;0.000;3.586;0.000;0.000;14.600;0.993;0.0;0.0;0;18;3.180;3.484;1.9;0;0;0;-2.3;0;0;0;0;0;99;0;0;1861;0.00;0;0;0;0;0;0;0;0;0;0;0;0;0;0;0;0;18;0;83.0;83.0;0;0;0.00;0.00;0.00;0.0;0.0
167.326;235;0;88;0;0.0;19.700;1.340;31;80;0;0;100;101;100;102;100;103;100;79;79;0;0.000;3.586;0.000;0.000;14.600;0.993;0.0;0.0;0;18;3.180;3.484;1.9;0;0;0;-1.6;0;0;0;0;0;99;0;0;1861;0.00;0;0;0;0;0;0;0;0;0;0;0;0;0;0;0;0;18;0;88.0;88.0;0;0;0.00;0.00;0.00;0.0;0.0
167.391;235;0;102;0;0.0;19.700;1.340;31;80;0;0;100;101;100;102;100;103;100;89;89;0;0.000;3.586;0.000;0.000;14.600;0.993;0.0;0.0;0;14;3.180;3.484;1.9;0;0;0;0.4;0;0;0;0;0;99;0;0;1861;0.00;0;0;0;0;0;0;0;0;0;0;0;0;0;0;0;0;14;0;102.0;102.0;0;0;0.00;0.00;0.00;0.0;0.0
167.463;235;0;106;0;0.0;19.700;1.340;31;80;0;0;100;101;100;102;100;103;100;89;89;0;0.000;3.586;0.000;0.000;14.600;0.993;0.0;0.0;0;14;3.180;3.484;1.9;0;0;0;1.0;0;0;0;0;0;99;0;0;1861;0.00;0;0;0;0;0;0;0;0;0;0;0;0;0;0;0;0;14;0;106.0;106.0;0;0;0.00;0.00;0.00;0.0;0.0
167.528;236;0;97;0;0.0;19.700;1.340;31;80;0;0;100;101;100;102;100;103;100;87;87;0;0.000;3.586;0.000;0.000;14.600;0.993;0.0;0.0;0;15;3.180;3.484;1.0;0;0;0;-0.9;0;0;0;0;0;103;0;0;2947;0.00;0;0;0;0;0;0;0;0;0;0;0;0;0;0;0;0;15;0;97.0;97.0;0;0;0.00;0.00;0.00;0.0;0.0
167.595;236;0;95;0;0.0;19.700;1.340;31;80;0;0;100;101;100;102;100;103;100;85;85;0;0.000;3.586;0.000;0.000;14.600;0.993;0.0;0.0;0;16;3.180;3.484;1.0;0;0;0;-1.2;0;0;0;0;0;103;0;0;2947;0.00;0;0;0;0;0;0;0;0;0;0;0;0;0;0;0;0;16;0;95.0;95.0;0;0;0.00;0.00;0.00;0.0;0.0
167.663;236;0;99;0;0.0;19.700;1.340;31;80;0;0;100;101;100;102;100;103;100;88;88;0;0.000;3.586;0.000;0.000;14.600;0.993;0.0;0.0;0;14;3.180;3.484;1.0;0;0;0;-0.6;0;0;0;0;0;103;0;0;2947;0.00;0;0;0;0;0;0;0;0;0;0;0;0;0;0;0;0;14;0;99.0;99.0;0;0;0.00;0.00;0.00;0.0;0.0
167.729;236;0;99;0;0.0;19.700;1.340;31;80;0;0;100;101;100;102;100;103;100;88;88;0;0.000;3.586;0.000;0.000;14.600;0.993;0.0;0.0;0;14;3.180;3.484;0.5;0;0;0;-0.6;0;0;0;0;0;103;0;0;2947;0.00;0;0;0;0;0;0;0;0;0;0;0;0;0;0;0;0;14;0;99.0;99.0;0;0;0.00;0.00;0.00;0.0;0.0
167.793;236;0;99;0;0.0;19.700;1.340;31;80;0;0;100;101;100;102;100;103;100;88;88;0;0.000;3.586;0.000;0.000;14.600;0.993;0.0;0.0;0;14;3.180;3.484;0.5;0;0;0;-0.6;0;0;0;0;0;103;0;0;2947;0.00;0;0;0;0;0;0;0;0;0;0;0;0;0;0;0;0;14;0;99.0;99.0;0;0;0.00;0.00;0.00;0.0;0.0
167.860;236;0;99;0;0.0;19.700;1.340;31;80;0;0;100;101;100;102;100;103;100;88;88;0;0.000;3.586;0.000;0.000;14.600;0.993;0.0;0.0;0;14;3.180;3.484;0.5;0;0;0;-0.6;0;0;0;0;0;103;0;0;2947;0.00;0;0;0;0;0;0;0;0;0;0;0;0;0;0;0;0;14;0;99.0;99.0;0;0;0.00;0.00;0.00;0.0;0.0
167.928;236;0;99;0;0.0;19.700;1.340;31;80;0;0;100;101;100;102;100;103;100;88;88;0;0.000;3.586;0.000;0.000;14.600;0.993;0.0;0.0;0;14;3.180;3.484;0.5;0;0;0;-0.6;0;0;0;0;0;103;0;0;2947;0.00;0;0;0;0;0;0;0;0;0;0;0;0;0;0;0;0;14;0;99.0;99.0;0;0;0.00;0.00;0.00;0.0;0.0
167.996;236;0;99;0;0.0;19.700;1.340;31;80;0;0;100;101;100;102;100;103;100;88;88;0;0.000;3.586;0.000;0.000;14.600;0.993;0.0;0.0;0;14;3.180;3.484;0.2;0;0;0;-0.6;0;0;0;0;0;103;0;0;2947;0.00;0;0;0;0;0;0;0;0;0;0;0;0;0;0;0;0;14;0;99.0;99.0;0;0;0.00;0.00;0.00;0.0;0.0
168.064;236;0;99;0;0.0;19.700;1.340;31;80;0;0;100;101;100;102;100;103;100;88;88;0;0.000;3.586;0.000;0.000;14.600;0.993;0.0;0.0;0;14;3.180;3.484;0.2;0;0;0;-0.6;0;0;0;0;0;103;0;0;2947;0.00;0;0;0;0;0;0;0;0;0;0;0;0;0;0;0;0;14;0;99.0;99.0;0;0;0.00;0.00;0.00;0.0;0.0
168.064;236;0;99;0;0.0;19.700;1.340;31;80;0;0;100;101;100;102;100;103;100;88;88;0;0.000;3.586;0.000;0.000;14.600;0.993;0.0;0.0;0;14;3.180;3.484;0.2;0;0;0;-0.6;0;0;0;0;0;103;0;0;2947;0.00;0;0;0;0;0;0;0;0;0;0;0;0;0;0;0;0;14;0;99.0;99.0;0;0;0.00;0.00;0.00;0.0;0.0
168.197;236;0;99;0;0.0;19.700;1.340;31;80;0;0;100;101;100;102;100;103;100;88;88;0;0.000;3.586;0.000;0.000;14.600;0.993;0.0;0.0;0;14;3.180;3.484;0.2;0;0;0;-0.6;0;0;0;0;0;103;0;0;2947;0.00;0;0;0;0;0;0;0;0;0;0;0;0;0;0;0;0;14;0;99.0;99.0;0;0;0.00;0.00;0.00;0.0;0.0
168.267;236;0;99;0;0.0;19.700;1.340;31;80;0;0;100;101;100;102;100;103;100;88;88;0;0.000;3.586;0.000;0.000;14.600;0.993;0.0;0.0;0;14;3.180;3.484;0.1;0;0;0;-0.6;0;0;0;0;0;103;0;0;2947;0.00;0;0;0;0;0;0;0;0;0;0;0;0;0;0;0;0;14;0;99.0;99.0;0;0;0.00;0.00;0.00;0.0;0.0
168.267;236;0;99;0;0.0;19.700;1.340;31;80;0;0;100;101;100;102;100;103;100;88;88;0;0.000;3.586;0.000;0.000;14.600;0.993;0.0;0.0;0;14;3.180;3.484;0.1;0;0;0;-0.6;0;0;0;0;0;103;0;0;2947;0.00;0;0;0;0;0;0;0;0;0;0;0;0;0;0;0;0;14;0;99.0;99.0;0;0;0.00;0.00;0.00;0.0;0.0
168.332;236;0;99;0;0.0;19.700;1.340;31;80;0;0;100;101;100;102;100;103;100;88;88;0;0.000;3.586;0.000;0.000;14.600;0.993;0.0;0.0;0;14;3.180;3.484;0.1;0;0;0;-0.6;0;0;0;0;0;103;0;0;2947;0.00;0;0;0;0;0;0;0;0;0;0;0;0;0;0;0;0;14;0;99.0;99.0;0;0;0.00;0.00;0.00;0.0;0.0
168.460;236;0;99;0;0.0;19.700;1.340;31;80;0;0;100;101;100;102;100;103;100;88;88;0;0.000;3.586;0.000;0.000;14.600;0.993;0.0;0.0;0;14;3.180;3.484;0.1;0;0;0;-0.6;0;0;0;0;0;103;0;0;2947;0.00;0;0;0;0;0;0;0;0;0;0;0;0;0;0;0;0;14;0;99.0;99.0;0;0;0.00;0.00;0.00;0.0;0.0
168.526;237;0;99;0;0.0;19.700;1.340;31;80;0;0;100;101;100;102;100;103;100;88;88;0;0.000;3.586;0.000;0.000;14.600;0.993;0.0;0.0;0;14;3.180;3.484;0.0;0;0;0;0.0;0;0;0;0;0;99;0;0;4913;0.00;0;0;0;0;0;0;0;0;0;0;0;0;0;0;0;0;14;0;99.0;99.0;0;0;0.00;0.00;0.00;0.0;0.0
168.593;237;0;99;0;0.0;19.700;1.340;31;80;0;0;100;101;100;102;100;103;100;88;88;0;0.000;3.586;0.000;0.000;14.600;0.993;0.0;0.0;0;14;3.180;3.484;0.0;0;0;0;0.0;0;0;0;0;0;99;0;0;4913;0.00;0;0;0;0;0;0;0;0;0;0;0;0;0;0;0;0;14;0;99.0;99.0;0;0;0.00;0.00;0.00;0.0;0.0
168.664;237;0;99;0;0.0;19.700;1.340;31;80;0;0;100;101;100;102;100;103;100;88;88;0;0.000;3.586;0.000;0.000;14.600;0.993;0.0;0.0;0;14;3.180;3.484;0.0;0;0;0;0.0;0;0;0;0;0;99;0;0;4913;0.00;0;0;0;0;0;0;0;0;0;0;0;0;0;0;0;0;14;0;99.0;99.0;0;0;0.00;0.00;0.00;0.0;0.0
168.731;237;0;99;0;0.0;19.700;1.340;31;80;0;0;100;101;100;102;100;103;100;88;88;0;0.000;3.586;0.000;0.000;14.600;0.993;0.0;0.0;0;14;3.180;3.484;0.0;0;0;0;0.0;0;0;0;0;0;99;0;0;4913;0.00;0;0;0;0;0;0;0;0;0;0;0;0;0;0;0;0;14;0;99.0;99.0;0;0;0.00;0.00;0.00;0.0;0.0
168.796;237;0;99;0;0.0;19.700;1.340;31;80;0;0;100;101;100;102;100;103;100;88;88;0;0.000;3.586;0.000;0.000;14.600;0.993;0.0;0.0;0;14;3.180;3.484;0.0;0;0;0;0.0;0;0;0;0;0;99;0;0;4913;0.00;0;0;0;0;0;0;0;0;0;0;0;0;0;0;0;0;14;0;99.0;99.0;0;0;0.00;0.00;0.00;0.0;0.0
168.865;237;0;99;0;0.0;19.700;1.340;31;80;0;0;100;101;100;102;100;103;100;88;88;0;0.000;3.586;0.000;0.000;14.600;0.993;0.0;0.0;0;14;3.180;3.484;0.0;0;0;0;0.0;0;0;0;0;0;99;0;0;4913;0.00;0;0;0;0;0;0;0;0;0;0;0;0;0;0;0;0;14;0;99.0;99.0;0;0;0.00;0.00;0.00;0.0;0.0
168.865;237;0;99;0;0.0;19.700;1.340;31;80;0;0;100;101;100;102;100;103;100;88;88;0;0.000;3.586;0.000;0.000;14.600;0.993;0.0;0.0;0;14;3.180;3.484;0.0;0;0;0;0.0;0;0;0;0;0;99;0;0;4913;0.00;0;0;0;0;0;0;0;0;0;0;0;0;0;0;0;0;14;0;99.0;99.0;0;0;0.00;0.00;0.00;0.0;0.0
168.997;237;0;99;0;0.0;19.700;1.340;31;80;0;0;100;101;100;102;100;103;100;88;88;0;0.000;3.586;0.000;0.000;14.600;0.993;0.0;0.0;0;14;3.180;3.484;0.0;0;0;0;0.0;0;0;0;0;0;99;0;0;4913;0.00;0;0;0;0;0;0;0;0;0;0;0;0;0;0;0;0;14;0;99.0;99.0;0;0;0.00;0.00;0.00;0.0;0.0
168.997;237;0;99;0;0.0;19.700;1.340;31;80;0;0;100;101;100;102;100;103;100;88;88;0;0.000;3.586;0.000;0.000;14.600;0.993;0.0;0.0;0;14;3.180;3.484;0.0;0;0;0;0.0;0;0;0;0;0;99;0;0;4913;0.00;0;0;0;0;0;0;0;0;0;0;0;0;0;0;0;0;14;0;99.0;99.0;0;0;0.00;0.00;0.00;0.0;0.0
169.130;237;0;99;0;0.0;19.700;1.340;31;80;0;0;100;101;100;102;100;103;100;88;88;0;0.000;3.586;0.000;0.000;14.600;0.993;0.0;0.0;0;14;3.180;3.484;0.0;0;0;0;0.0;0;0;0;0;0;99;0;0;4913;0.00;0;0;0;0;0;0;0;0;0;0;0;0;0;0;0;0;14;0;99.0;99.0;0;0;0.00;0.00;0.00;0.0;0.0
169.192;237;0;99;0;0.0;19.700;1.340;31;80;0;0;100;101;100;102;100;103;100;88;88;0;0.000;3.586;0.000;0.000;14.600;0.993;0.0;0.0;0;14;3.180;3.484;0.0;0;0;0;0.0;0;0;0;0;0;99;0;0;4913;0.00;0;0;0;0;0;0;0;0;0;0;0;0;0;0;0;0;14;0;99.0;99.0;0;0;0.00;0.00;0.00;0.0;0.0
169.262;237;0;99;0;0.0;19.700;1.340;31;80;0;0;100;101;100;102;100;103;100;88;88;0;0.000;3.586;0.000;0.000;14.600;0.993;0.0;0.0;0;14;3.180;3.484;0.0;0;0;0;0.0;0;0;0;0;0;99;0;0;4913;0.00;0;0;0;0;0;0;0;0;0;0;0;0;0;0;0;0;14;0;99.0;99.0;0;0;0.00;0.00;0.00;0.0;0.0
169.328;237;0;99;0;0.0;19.700;1.340;31;80;0;0;100;101;100;102;100;103;100;88;88;0;0.000;3.586;0.000;0.000;14.600;0.993;0.0;0.0;0;14;3.180;3.484;0.0;0;0;0;0.0;0;0;0;0;0;99;0;0;4913;0.00;0;0;0;0;0;0;0;0;0;0;0;0;0;0;0;0;14;0;99.0;99.0;0;0;0.00;0.00;0.00;0.0;0.0
169.394;237;0;99;0;0.0;19.700;1.340;31;80;0;0;100;101;100;102;100;103;100;88;88;0;0.000;3.586;0.000;0.000;14.600;0.993;0.0;0.0;0;14;3.180;3.484;0.0;0;0;0;0.0;0;0;0;0;0;99;0;0;4913;0.00;0;0;0;0;0;0;0;0;0;0;0;0;0;0;0;0;14;0;99.0;99.0;0;0;0.00;0.00;0.00;0.0;0.0
169.459;237;0;99;0;0.0;19.700;1.340;31;80;0;0;100;101;100;102;100;103;100;88;88;0;0.000;3.586;0.000;0.000;14.600;0.993;0.0;0.0;0;14;3.180;3.484;0.0;0;0;0;0.0;0;0;0;0;0;99;0;0;4913;0.00;0;0;0;0;0;0;0;0;0;0;0;0;0;0;0;0;14;0;99.0;99.0;0;0;0.00;0.00;0.00;0.0;0.0
169.524;238;0;99;0;0.0;19.700;1.340;31;80;0;0;100;101;100;102;100;103;100;88;88;0;0.000;3.586;0.000;0.000;14.600;0.993;0.0;0.0;0;14;3.180;3.484;0.0;0;0;0;0.0;0;0;0;0;0;99;0;0;4918;0.00;0;0;0;0;0;0;0;0;0;0;0;0;0;0;0;0;14;0;99.0;99.0;0;0;0.00;0.00;0.00;0.0;0.0
169.590;238;0;99;0;0.0;19.700;1.340;31;80;0;0;100;101;100;102;100;103;100;88;88;0;0.000;3.586;0.000;0.000;14.600;0.993;0.0;0.0;0;14;3.180;3.484;0.0;0;0;0;0.0;0;0;0;0;0;99;0;0;4918;0.00;0;0;0;0;0;0;0;0;0;0;0;0;0;0;0;0;14;0;99.0;99.0;0;0;0.00;0.00;0.00;0.0;0.0
169.655;238;0;99;0;0.0;19.700;1.340;31;80;0;0;100;101;100;102;100;103;100;88;88;0;0.000;3.586;0.000;0.000;14.600;0.993;0.0;0.0;0;14;3.180;3.484;0.0;0;0;0;0.0;0;0;0;0;0;99;0;0;4918;0.00;0;0;0;0;0;0;0;0;0;0;0;0;0;0;0;0;14;0;99.0;99.0;0;0;0.00;0.00;0.00;0.0;0.0
169.725;238;0;99;0;0.0;19.700;1.340;31;80;0;0;100;101;100;102;100;103;100;88;88;0;0.000;3.586;0.000;0.000;14.600;0.993;0.0;0.0;0;14;3.180;3.484;0.0;0;0;0;0.0;0;0;0;0;0;99;0;0;4918;0.00;0;0;0;0;0;0;0;0;0;0;0;0;0;0;0;0;14;0;99.0;99.0;0;0;0.00;0.00;0.00;0.0;0.0
169.791;238;0;99;0;0.0;19.700;1.340;31;80;0;0;100;101;100;102;100;103;100;88;88;0;0.000;3.586;0.000;0.000;14.600;0.993;0.0;0.0;0;14;3.180;3.484;0.0;0;0;0;0.0;0;0;0;0;0;99;0;0;4918;0.00;0;0;0;0;0;0;0;0;0;0;0;0;0;0;0;0;14;0;99.0;99.0;0;0;0.00;0.00;0.00;0.0;0.0
169.861;238;0;99;0;0.0;19.700;1.340;31;80;0;0;100;101;100;102;100;103;100;88;88;0;0.000;3.586;0.000;0.000;14.600;0.993;0.0;0.0;0;14;3.180;3.484;0.0;0;0;0;0.0;0;0;0;0;0;99;0;0;4918;0.00;0;0;0;0;0;0;0;0;0;0;0;0;0;0;0;0;14;0;99.0;99.0;0;0;0.00;0.00;0.00;0.0;0.0
169.926;238;0;99;0;0.0;19.700;1.340;31;80;0;0;100;101;100;102;100;103;100;88;88;0;0.000;3.586;0.000;0.000;14.600;0.993;0.0;0.0;0;14;3.180;3.484;0.0;0;0;0;0.0;0;0;0;0;0;99;0;0;4918;0.00;0;0;0;0;0;0;0;0;0;0;0;0;0;0;0;0;14;0;99.0;99.0;0;0;0.00;0.00;0.00;0.0;0.0
169.991;238;0;99;0;0.0;19.700;1.340;31;80;0;0;100;101;100;102;100;103;100;88;88;0;0.000;3.586;0.000;0.000;14.600;0.993;0.0;0.0;0;14;3.180;3.484;0.0;0;0;0;0.0;0;0;0;0;0;99;0;0;4918;0.00;0;0;0;0;0;0;0;0;0;0;0;0;0;0;0;0;14;0;99.0;99.0;0;0;0.00;0.00;0.00;0.0;0.0
170.057;238;0;99;0;0.0;19.700;1.340;31;80;0;0;100;101;100;102;100;103;100;88;88;0;0.000;3.586;0.000;0.000;14.600;0.993;0.0;0.0;0;14;3.180;3.484;0.0;0;0;0;0.0;0;0;0;0;0;99;0;0;4918;0.00;0;0;0;0;0;0;0;0;0;0;0;0;0;0;0;0;14;0;99.0;99.0;0;0;0.00;0.00;0.00;0.0;0.0
170.123;238;0;99;0;0.0;19.700;1.340;31;80;0;0;100;101;100;102;100;103;100;88;88;0;0.000;3.586;0.000;0.000;14.600;0.993;0.0;0.0;0;14;3.180;3.484;0.0;0;0;0;0.0;0;0;0;0;0;99;0;0;4918;0.00;0;0;0;0;0;0;0;0;0;0;0;0;0;0;0;0;14;0;99.0;99.0;0;0;0.00;0.00;0.00;0.0;0.0
170.192;238;0;99;0;0.0;19.700;1.340;31;80;0;0;100;101;100;102;100;103;100;88;88;0;0.000;3.586;0.000;0.000;14.600;0.993;0.0;0.0;0;14;3.180;3.484;0.0;0;0;0;0.0;0;0;0;0;0;99;0;0;4918;0.00;0;0;0;0;0;0;0;0;0;0;0;0;0;0;0;0;14;0;99.0;99.0;0;0;0.00;0.00;0.00;0.0;0.0
170.257;238;0;99;0;0.0;19.700;1.340;31;80;0;0;100;101;100;102;100;103;100;88;88;0;0.000;3.586;0.000;0.000;14.600;0.993;0.0;0.0;0;14;3.180;3.484;0.0;0;0;0;0.0;0;0;0;0;0;99;0;0;4918;0.00;0;0;0;0;0;0;0;0;0;0;0;0;0;0;0;0;14;0;99.0;99.0;0;0;0.00;0.00;0.00;0.0;0.0
170.323;238;0;99;0;0.0;19.700;1.340;31;80;0;0;100;101;100;102;100;103;100;88;88;0;0.000;3.586;0.000;0.000;14.600;0.993;0.0;0.0;0;14;3.180;3.484;0.0;0;0;0;0.0;0;0;0;0;0;99;0;0;4918;0.00;0;0;0;0;0;0;0;0;0;0;0;0;0;0;0;0;14;0;99.0;99.0;0;0;0.00;0.00;0.00;0.0;0.0
170.389;238;0;99;0;0.0;19.700;1.340;31;80;0;0;100;101;100;102;100;103;100;88;88;0;0.000;3.586;0.000;0.000;14.600;0.993;0.0;0.0;0;14;3.180;3.484;0.0;0;0;0;0.0;0;0;0;0;0;99;0;0;4918;0.00;0;0;0;0;0;0;0;0;0;0;0;0;0;0;0;0;14;0;99.0;99.0;0;0;0.00;0.00;0.00;0.0;0.0
170.455;238;0;99;0;0.0;19.700;1.340;31;80;0;0;100;101;100;102;100;103;100;88;88;0;0.000;3.586;0.000;0.000;14.600;0.993;0.0;0.0;0;14;3.180;3.484;0.0;0;0;0;0.0;0;0;0;0;0;99;0;0;4918;0.00;0;0;0;0;0;0;0;0;0;0;0;0;0;0;0;0;14;0;99.0;99.0;0;0;0.00;0.00;0.00;0.0;0.0
170.524;239;0;99;0;0.0;19.700;1.340;31;80;0;0;100;101;100;102;100;103;100;88;88;0;0.000;3.586;0.000;0.000;14.600;0.993;0.0;0.0;0;14;3.180;3.484;0.0;0;0;0;0.0;0;0;0;0;0;99;0;0;4921;0.00;0;0;0;0;0;0;0;0;0;0;0;0;0;0;0;0;14;0;99.0;99.0;0;0;0.00;0.00;0.00;0.0;0.0
170.589;239;0;99;0;0.0;19.700;1.340;31;80;0;0;100;101;100;102;100;103;100;88;88;0;0.000;3.586;0.000;0.000;14.600;0.993;0.0;0.0;0;14;3.180;3.484;0.0;0;0;0;0.0;0;0;0;0;0;99;0;0;4921;0.00;0;0;0;0;0;0;0;0;0;0;0;0;0;0;0;0;14;0;99.0;99.0;0;0;0.00;0.00;0.00;0.0;0.0
170.655;239;0;99;0;0.0;19.700;1.340;31;80;0;0;100;101;100;102;100;103;100;88;88;0;0.000;3.586;0.000;0.000;14.600;0.993;0.0;0.0;0;14;3.180;3.484;0.0;0;0;0;0.0;0;0;0;0;0;99;0;0;4921;0.00;0;0;0;0;0;0;0;0;0;0;0;0;0;0;0;0;14;0;99.0;99.0;0;0;0.00;0.00;0.00;0.0;0.0
170.725;239;0;99;0;0.0;19.700;1.340;31;80;0;0;100;101;100;102;100;103;100;88;88;0;0.000;3.586;0.000;0.000;14.600;0.993;0.0;0.0;0;14;3.180;3.484;0.0;0;0;0;0.0;0;0;0;0;0;99;0;0;4921;0.00;0;0;0;0;0;0;0;0;0;0;0;0;0;0;0;0;14;0;99.0;99.0;0;0;0.00;0.00;0.00;0.0;0.0
170.790;239;0;99;0;0.0;19.700;1.340;31;80;0;0;100;101;100;102;100;103;100;88;88;0;0.000;3.586;0.000;0.000;14.600;0.993;0.0;0.0;0;14;3.180;3.484;0.0;0;0;0;0.0;0;0;0;0;0;99;0;0;4921;0.00;0;0;0;0;0;0;0;0;0;0;0;0;0;0;0;0;14;0;99.0;99.0;0;0;0.00;0.00;0.00;0.0;0.0
170.790;239;0;99;0;0.0;19.700;1.340;31;80;0;0;100;101;100;102;100;103;100;88;88;0;0.000;3.586;0.000;0.000;14.600;0.993;0.0;0.0;0;14;3.180;3.484;0.0;0;0;0;0.0;0;0;0;0;0;99;0;0;4921;0.00;0;0;0;0;0;0;0;0;0;0;0;0;0;0;0;0;14;0;99.0;99.0;0;0;0.00;0.00;0.00;0.0;0.0
170.921;239;0;99;0;0.0;19.700;1.340;31;80;0;0;100;101;100;102;100;103;100;88;88;0;0.000;3.586;0.000;0.000;14.600;0.993;0.0;0.0;0;14;3.180;3.484;0.0;0;0;0;0.0;0;0;0;0;0;99;0;0;4921;0.00;0;0;0;0;0;0;0;0;0;0;0;0;0;0;0;0;14;0;99.0;99.0;0;0;0.00;0.00;0.00;0.0;0.0
170.991;239;0;99;0;0.0;19.700;1.340;31;80;0;0;100;101;100;102;100;103;100;88;88;0;0.000;3.586;0.000;0.000;14.600;0.993;0.0;0.0;0;14;3.180;3.484;0.0;0;0;0;0.0;0;0;0;0;0;99;0;0;4921;0.00;0;0;0;0;0;0;0;0;0;0;0;0;0;0;0;0;14;0;99.0;99.0;0;0;0.00;0.00;0.00;0.0;0.0
171.056;239;0;99;0;0.0;19.700;1.340;31;80;0;0;100;101;100;102;100;103;100;88;88;0;0.000;3.586;0.000;0.000;14.600;0.993;0.0;0.0;0;14;3.180;3.484;0.0;0;0;0;0.0;0;0;0;0;0;99;0;0;4921;0.00;0;0;0;0;0;0;0;0;0;0;0;0;0;0;0;0;14;0;99.0;99.0;0;0;0.00;0.00;0.00;0.0;0.0
171.121;239;0;99;0;0.0;19.700;1.340;31;80;0;0;100;101;100;102;100;103;100;88;88;0;0.000;3.586;0.000;0.000;14.600;0.993;0.0;0.0;0;14;3.180;3.484;0.0;0;0;0;0.0;0;0;0;0;0;99;0;0;4921;0.00;0;0;0;0;0;0;0;0;0;0;0;0;0;0;0;0;14;0;99.0;99.0;0;0;0.00;0.00;0.00;0.0;0.0
171.187;239;0;99;0;0.0;19.700;1.340;31;80;0;0;100;101;100;102;100;103;100;88;88;0;0.000;3.586;0.000;0.000;14.600;0.993;0.0;0.0;0;14;3.180;3.484;0.0;0;0;0;0.0;0;0;0;0;0;99;0;0;4921;0.00;0;0;0;0;0;0;0;0;0;0;0;0;0;0;0;0;14;0;99.0;99.0;0;0;0.00;0.00;0.00;0.0;0.0
171.257;239;0;99;0;0.0;19.700;1.340;31;80;0;0;100;101;100;102;100;103;100;88;88;0;0.000;3.586;0.000;0.000;14.600;0.993;0.0;0.0;0;14;3.180;3.484;0.0;0;0;0;0.0;0;0;0;0;0;99;0;0;4921;0.00;0;0;0;0;0;0;0;0;0;0;0;0;0;0;0;0;14;0;99.0;99.0;0;0;0.00;0.00;0.00;0.0;0.0
171.323;239;0;99;0;0.0;19.700;1.340;31;80;0;0;100;101;100;102;100;103;100;88;88;0;0.000;3.586;0.000;0.000;14.600;0.993;0.0;0.0;0;14;3.180;3.484;0.0;0;0;0;0.0;0;0;0;0;0;99;0;0;4921;0.00;0;0;0;0;0;0;0;0;0;0;0;0;0;0;0;0;14;0;99.0;99.0;0;0;0.00;0.00;0.00;0.0;0.0
171.388;239;0;99;0;0.0;19.700;1.340;31;80;0;0;100;101;100;102;100;103;100;88;88;0;0.000;3.586;0.000;0.000;14.600;0.993;0.0;0.0;0;14;3.180;3.484;0.0;0;0;0;0.0;0;0;0;0;0;99;0;0;4921;0.00;0;0;0;0;0;0;0;0;0;0;0;0;0;0;0;0;14;0;99.0;99.0;0;0;0.00;0.00;0.00;0.0;0.0
171.457;239;0;99;0;0.0;19.700;1.340;31;80;0;0;100;101;100;102;100;103;100;88;88;0;0.000;3.586;0.000;0.000;14.600;0.993;0.0;0.0;0;14;3.180;3.484;0.0;0;0;0;0.0;0;0;0;0;0;99;0;0;4921;0.00;0;0;0;0;0;0;0;0;0;0;0;0;0;0;0;0;14;0;99.0;99.0;0;0;0.00;0.00;0.00;0.0;0.0
171.457;239;0;99;0;0.0;19.700;1.340;31;80;0;0;100;101;100;102;100;103;100;88;88;0;0.000;3.586;0.000;0.000;14.600;0.993;0.0;0.0;0;14;3.180;3.484;0.0;0;0;0;0.0;0;0;0;0;0;99;0;0;4921;0.00;0;0;0;0;0;0;0;0;0;0;0;0;0;0;0;0;14;0;99.0;99.0;0;0;0.00;0.00;0.00;0.0;0.0
171.589;240;0;99;0;0.0;19.700;1.340;31;80;0;0;100;101;100;102;100;103;100;88;88;0;0.000;3.586;0.000;0.000;14.600;0.993;0.0;0.0;0;14;3.180;3.484;0.0;0;0;0;0.0;0;0;0;0;0;99;0;0;4903;0.00;0;0;0;0;0;0;0;0;0;0;0;0;0;0;0;0;14;0;99.0;99.0;0;0;0.00;0.00;0.00;0.0;0.0
171.659;240;0;99;0;0.0;19.700;1.340;31;80;0;0;100;101;100;102;100;103;100;88;88;0;0.000;3.586;0.000;0.000;14.600;0.993;0.0;0.0;0;14;3.180;3.484;0.0;0;0;0;0.0;0;0;0;0;0;99;0;0;4903;0.00;0;0;0;0;0;0;0;0;0;0;0;0;0;0;0;0;14;0;99.0;99.0;0;0;0.00;0.00;0.00;0.0;0.0
171.724;240;0;99;0;0.0;19.700;1.340;31;80;0;0;100;101;100;102;100;103;100;88;88;0;0.000;3.586;0.000;0.000;14.600;0.993;0.0;0.0;0;14;3.180;3.484;0.0;0;0;0;0.0;0;0;0;0;0;99;0;0;4903;0.00;0;0;0;0;0;0;0;0;0;0;0;0;0;0;0;0;14;0;99.0;99.0;0;0;0.00;0.00;0.00;0.0;0.0
171.790;240;0;99;0;0.0;19.700;1.340;31;80;0;0;100;101;100;102;100;103;100;88;88;0;0.000;3.586;0.000;0.000;14.600;0.993;0.0;0.0;0;14;3.180;3.484;0.0;0;0;0;0.0;0;0;0;0;0;99;0;0;4903;0.00;0;0;0;0;0;0;0;0;0;0;0;0;0;0;0;0;14;0;99.0;99.0;0;0;0.00;0.00;0.00;0.0;0.0
171.859;240;0;99;0;0.0;19.700;1.340;31;80;0;0;100;101;100;102;100;103;100;88;88;0;0.000;3.586;0.000;0.000;14.600;0.993;0.0;0.0;0;14;3.180;3.484;0.0;0;0;0;0.0;0;0;0;0;0;99;0;0;4903;0.00;0;0;0;0;0;0;0;0;0;0;0;0;0;0;0;0;14;0;99.0;99.0;0;0;0.00;0.00;0.00;0.0;0.0
171.925;240;0;99;0;0.0;19.700;1.340;31;80;0;0;100;101;100;102;100;103;100;88;88;0;0.000;3.586;0.000;0.000;14.600;0.993;0.0;0.0;0;14;3.180;3.484;0.0;0;0;0;0.0;0;0;0;0;0;99;0;0;4903;0.00;0;0;0;0;0;0;0;0;0;0;0;0;0;0;0;0;14;0;99.0;99.0;0;0;0.00;0.00;0.00;0.0;0.0
171.991;240;0;99;0;0.0;19.700;1.340;31;80;0;0;100;101;100;102;100;103;100;88;88;0;0.000;3.586;0.000;0.000;14.600;0.993;0.0;0.0;0;14;3.180;3.484;0.0;0;0;0;0.0;0;0;0;0;0;99;0;0;4903;0.00;0;0;0;0;0;0;0;0;0;0;0;0;0;0;0;0;14;0;99.0;99.0;0;0;0.00;0.00;0.00;0.0;0.0
172.056;240;0;99;0;0.0;19.700;1.340;31;80;0;0;100;101;100;102;100;103;100;88;88;0;0.000;3.586;0.000;0.000;14.600;0.993;0.0;0.0;0;14;3.180;3.484;0.0;0;0;0;0.0;0;0;0;0;0;99;0;0;4903;0.00;0;0;0;0;0;0;0;0;0;0;0;0;0;0;0;0;14;0;99.0;99.0;0;0;0.00;0.00;0.00;0.0;0.0
172.125;240;0;99;0;0.0;19.700;1.340;31;80;0;0;100;101;100;102;100;103;100;88;88;0;0.000;3.586;0.000;0.000;14.600;0.993;0.0;0.0;0;14;3.180;3.484;0.0;0;0;0;0.0;0;0;0;0;0;99;0;0;4903;0.00;0;0;0;0;0;0;0;0;0;0;0;0;0;0;0;0;14;0;99.0;99.0;0;0;0.00;0.00;0.00;0.0;0.0
172.191;240;0;99;0;0.0;19.700;1.340;31;80;0;0;100;101;100;102;100;103;100;88;88;0;0.000;3.586;0.000;0.000;14.600;0.993;0.0;0.0;0;14;3.180;3.484;0.0;0;0;0;0.0;0;0;0;0;0;99;0;0;4903;0.00;0;0;0;0;0;0;0;0;0;0;0;0;0;0;0;0;14;0;99.0;99.0;0;0;0.00;0.00;0.00;0.0;0.0
172.261;240;0;99;0;0.0;19.700;1.340;31;80;0;0;100;101;100;102;100;103;100;88;88;0;0.000;3.586;0.000;0.000;14.600;0.993;0.0;0.0;0;14;3.180;3.484;0.0;0;0;0;0.0;0;0;0;0;0;99;0;0;4903;0.00;0;0;0;0;0;0;0;0;0;0;0;0;0;0;0;0;14;0;99.0;99.0;0;0;0.00;0.00;0.00;0.0;0.0
172.261;240;0;99;0;0.0;19.700;1.340;31;80;0;0;100;101;100;102;100;103;100;88;88;0;0.000;3.586;0.000;0.000;14.600;0.993;0.0;0.0;0;14;3.180;3.484;0.0;0;0;0;0.0;0;0;0;0;0;99;0;0;4903;0.00;0;0;0;0;0;0;0;0;0;0;0;0;0;0;0;0;14;0;99.0;99.0;0;0;0.00;0.00;0.00;0.0;0.0
172.327;240;0;99;0;0.0;19.700;1.340;31;80;0;0;100;101;100;102;100;103;100;88;88;0;0.000;3.586;0.000;0.000;14.600;0.993;0.0;0.0;0;14;3.180;3.484;0.0;0;0;0;0.0;0;0;0;0;0;99;0;0;4903;0.00;0;0;0;0;0;0;0;0;0;0;0;0;0;0;0;0;14;0;99.0;99.0;0;0;0.00;0.00;0.00;0.0;0.0
172.461;240;0;99;0;0.0;19.700;1.340;31;80;0;0;100;101;100;102;100;103;100;88;88;0;0.000;3.586;0.000;0.000;14.600;0.993;0.0;0.0;0;14;3.180;3.484;0.0;0;0;0;0.0;0;0;0;0;0;99;0;0;4903;0.00;0;0;0;0;0;0;0;0;0;0;0;0;0;0;0;0;14;0;99.0;99.0;0;0;0.00;0.00;0.00;0.0;0.0
172.529;240;0;99;0;0.0;19.700;1.340;31;80;0;0;100;101;100;102;100;103;100;88;88;0;0.000;3.586;0.000;0.000;14.600;0.993;0.0;0.0;0;14;3.180;3.484;0.0;0;0;0;0.0;0;0;0;0;0;99;0;0;4903;0.00;0;0;0;0;0;0;0;0;0;0;0;0;0;0;0;0;14;0;99.0;99.0;0;0;0.00;0.00;0.00;0.0;0.0
172.596;241;0;99;0;0.0;19.700;1.340;31;80;0;0;100;101;100;102;100;103;100;88;88;0;0.000;3.586;0.000;0.000;14.600;0.993;0.0;0.0;0;14;3.180;3.484;0.0;0;0;0;0.0;0;0;0;0;0;99;0;0;4913;0.00;0;0;0;0;0;0;0;0;0;0;0;0;0;0;0;0;14;0;99.0;99.0;0;0;0.00;0.00;0.00;0.0;0.0
172.596;241;0;99;0;0.0;19.700;1.340;31;80;0;0;100;101;100;102;100;103;100;88;88;0;0.000;3.586;0.000;0.000;14.600;0.993;0.0;0.0;0;14;3.180;3.484;0.0;0;0;0;0.0;0;0;0;0;0;99;0;0;4913;0.00;0;0;0;0;0;0;0;0;0;0;0;0;0;0;0;0;14;0;99.0;99.0;0;0;0.00;0.00;0.00;0.0;0.0
172.728;241;0;99;0;0.0;19.700;1.340;31;80;0;0;100;101;100;102;100;103;100;88;88;0;0.000;3.586;0.000;0.000;14.600;0.993;0.0;0.0;0;14;3.180;3.484;0.0;0;0;0;0.0;0;0;0;0;0;99;0;0;4913;0.00;0;0;0;0;0;0;0;0;0;0;0;0;0;0;0;0;14;0;99.0;99.0;0;0;0.00;0.00;0.00;0.0;0.0
172.793;241;0;99;0;0.0;19.700;1.340;31;80;0;0;100;101;100;102;100;103;100;88;88;0;0.000;3.586;0.000;0.000;14.600;0.993;0.0;0.0;0;14;3.180;3.484;0.0;0;0;0;0.0;0;0;0;0;0;99;0;0;4913;0.00;0;0;0;0;0;0;0;0;0;0;0;0;0;0;0;0;14;0;99.0;99.0;0;0;0.00;0.00;0.00;0.0;0.0
172.858;241;0;99;0;0.0;19.700;1.340;31;80;0;0;100;101;100;102;100;103;100;88;88;0;0.000;3.586;0.000;0.000;14.600;0.993;0.0;0.0;0;14;3.180;3.484;0.0;0;0;0;0.0;0;0;0;0;0;99;0;0;4913;0.00;0;0;0;0;0;0;0;0;0;0;0;0;0;0;0;0;14;0;99.0;99.0;0;0;0.00;0.00;0.00;0.0;0.0
172.924;241;0;99;0;0.0;19.700;1.340;31;80;0;0;100;101;100;102;100;103;100;88;88;0;0.000;3.586;0.000;0.000;14.600;0.993;0.0;0.0;0;14;3.180;3.484;0.0;0;0;0;0.0;0;0;0;0;0;99;0;0;4913;0.00;0;0;0;0;0;0;0;0;0;0;0;0;0;0;0;0;14;0;99.0;99.0;0;0;0.00;0.00;0.00;0.0;0.0
172.990;241;0;99;0;0.0;19.700;1.340;31;80;0;0;100;101;100;102;100;103;100;88;88;0;0.000;3.586;0.000;0.000;14.600;0.993;0.0;0.0;0;14;3.180;3.484;0.0;0;0;0;0.0;0;0;0;0;0;99;0;0;4913;0.00;0;0;0;0;0;0;0;0;0;0;0;0;0;0;0;0;14;0;99.0;99.0;0;0;0.00;0.00;0.00;0.0;0.0
173.062;241;0;99;0;0.0;19.700;1.340;31;80;0;0;100;101;100;102;100;103;100;88;88;0;0.000;3.586;0.000;0.000;14.600;0.993;0.0;0.0;0;14;3.180;3.484;0.0;0;0;0;0.0;0;0;0;0;0;99;0;0;4913;0.00;0;0;0;0;0;0;0;0;0;0;0;0;0;0;0;0;14;0;99.0;99.0;0;0;0.00;0.00;0.00;0.0;0.0