"Time";"SecL";"RPM";"MAP";"MAPxRPM";"TPS";"AFR";"Lambda";"IAT";"CLT";"Engine";"DFCO";"Gego";"Gair";"Gbattery";"Gwarm";"Gbaro";"Gammae";"Accel Enrich";"VE _Current";"VE1";"VE2";"PW";"PW2";"PW3";"PW4";"AFR Target";"Lambda Target";"Duty Cycle";"Duty Cycle _Staging";"TPS DOT";"Advance _Current";"Dwell";"Dwell _Measured";"Battery V";"rpm/s";"Boost PSI";"Boost cut";"Hard Launch";"Hard Limiter";"Idle Control";"IAC value";"Baro Pressure";"Fan";"Sync Loss #";"Loops/s";"Loops/rev";"Aux0";"Aux1";"Aux2";"Aux3";"Aux4";"Aux5";"Aux6";"Aux7";"Aux8";"Aux9";"Aux10";"Aux11";"Aux12";"Aux13";"Aux14";"Aux15";"Advance 1";"Advance 2";"FuelLoad";"IgnitionLoad";"Sync status";"";"Trip Meter Miles";"Odometer Miles";"Vehicle Speed";"Power";"Torque"
"s";"sec";"rpm";"kpa";"";"%";"O2";"";"";"";"bits";"";"%";"%";"";"%";"%";"%";"%";"%";"%";"%";"ms";"ms";"ms";"ms";"O2";"";"";"";"%/s";"deg";"ms";"ms";"V";"rpm/s";"";"";"";"";"";"Steps";"kpa";"";"";"loops";"";"";"";"";"";"";"";"";"";"";"";"";"";"";"";"";"";"deg";"deg";"kPa";"kPa";"";"bits";"Miles";"Miles";"MPH";"HP";"lbft"
0.000;11;0;98;0;0.0;15.000;1.020;43;41;0;0;100;0;100;0;0;0;0;88;88;0;0.000;0.000;0.000;0.000;0.000;0.000;0.0;0.0;0;15;0.000;0.000;0.0;0;0.0;0;0;0;0;63;98;0;0;4111;0.00;0;0;0;0;0;0;0;0;0;0;0;0;0;0;0;0;15;0;98.0;98.0;0;0;0.00;0.00;0.00;0.0;0.0
0.002;11;0;98;0;0.0;15.000;1.020;43;41;0;0;100;0;100;0;0;0;0;88;88;0;0.000;0.000;0.000;0.000;0.000;0.000;0.0;0.0;0;15;0.000;0.000;0.0;0;0.0;0;0;0;0;63;98;0;0;4111;0.00;0;0;0;0;0;0;0;0;0;0;0;0;0;0;0;0;15;0;98.0;98.0;0;0;0.00;0.00;0.00;0.0;0.0
0.002;11;0;98;0;0.0;15.000;1.020;43;41;0;0;100;0;100;0;0;0;0;88;88;0;0.000;0.000;0.000;0.000;0.000;0.000;0.0;0.0;0;15;0.000;0.000;0.0;0;0.0;0;0;0;0;63;98;0;0;4111;0.00;0;0;0;0;0;0;0;0;0;0;0;0;0;0;0;0;15;0;98.0;98.0;0;0;0.00;0.00;0.00;0.0;0.0
0.073;11;0;98;0;0.0;15.100;1.027;43;41;0;0;100;0;100;0;0;0;0;88;88;0;0.000;0.000;0.000;0.000;0.000;0.000;0.0;0.0;0;15;0.000;0.000;0.0;0;0.0;0;0;0;0;63;98;0;0;4111;0.00;0;0;0;0;0;0;0;0;0;0;0;0;0;0;0;0;15;0;98.0;98.0;0;0;0.00;0.00;0.00;0.0;0.0
0.138;11;0;98;0;0.0;15.100;1.027;43;41;0;0;100;0;100;0;0;0;0;88;88;0;0.000;0.000;0.000;0.000;0.000;0.000;0.0;0.0;0;15;0.000;0.000;0.0;0;0.0;0;0;0;0;63;98;0;0;4111;0.00;0;0;0;0;0;0;0;0;0;0;0;0;0;0;0;0;15;0;98.0;98.0;0;0;0.00;0.00;0.00;0.0;0.0
0.206;11;0;98;0;0.0;15.100;1.027;43;41;0;0;100;0;100;0;0;0;0;88;88;0;0.000;0.000;0.000;0.000;0.000;0.000;0.0;0.0;0;15;0.000;0.000;0.0;0;0.0;0;0;0;0;63;98;0;0;4111;0.00;0;0;0;0;0;0;0;0;0;0;0;0;0;0;0;0;15;0;98.0;98.0;0;0;0.00;0.00;0.00;0.0;0.0
0.271;11;0;98;0;0.0;15.000;1.020;43;41;0;0;100;0;100;0;0;0;0;88;88;0;0.000;0.000;0.000;0.000;0.000;0.000;0.0;0.0;0;15;0.000;0.000;0.0;0;0.0;0;0;0;0;63;98;0;0;4111;0.00;0;0;0;0;0;0;0;0;0;0;0;0;0;0;0;0;15;0;98.0;98.0;0;0;0.00;0.00;0.00;0.0;0.0
0.338;11;0;98;0;0.0;14.900;1.014;43;41;0;0;100;0;100;0;0;0;0;88;88;0;0.000;0.000;0.000;0.000;0.000;0.000;0.0;0.0;0;15;0.000;0.000;0.0;0;0.0;0;0;0;0;63;98;0;0;4111;0.00;0;0;0;0;0;0;0;0;0;0;0;0;0;0;0;0;15;0;98.0;98.0;0;0;0.00;0.00;0.00;0.0;0.0
0.468;11;0;98;0;0.0;15.000;1.020;43;41;0;0;100;0;100;0;0;0;0;88;88;0;0.000;0.000;0.000;0.000;0.000;0.000;0.0;0.0;0;15;0.000;0.000;0.0;0;0.0;0;0;0;0;63;98;0;0;4111;0.00;0;0;0;0;0;0;0;0;0;0;0;0;0;0;0;0;15;0;98.0;98.0;0;0;0.00;0.00;0.00;0.0;0.0
0.468;11;0;98;0;0.0;15.100;1.027;43;41;0;0;100;0;100;0;0;0;0;88;88;0;0.000;0.000;0.000;0.000;0.000;0.000;0.0;0.0;0;15;0.000;0.000;0.0;0;0.0;0;0;0;0;63;98;0;0;4111;0.00;0;0;0;0;0;0;0;0;0;0;0;0;0;0;0;0;15;0;98.0;98.0;0;0;0.00;0.00;0.00;0.0;0.0
0.603;11;0;98;0;0.0;15.100;1.027;43;41;0;0;100;0;100;0;0;0;0;88;88;0;0.000;0.000;0.000;0.000;0.000;0.000;0.0;0.0;0;15;0.000;0.000;0.0;0;0.0;0;0;0;0;63;98;0;0;4111;0.00;0;0;0;0;0;0;0;0;0;0;0;0;0;0;0;0;15;0;98.0;98.0;0;0;0.00;0.00;0.00;0.0;0.0
0.670;11;0;98;0;0.0;15.000;1.020;43;41;0;0;100;0;100;0;0;0;0;88;88;0;0.000;0.000;0.000;0.000;0.000;0.000;0.0;0.0;0;15;0.000;0.000;0.0;0;0.0;0;0;0;0;63;98;0;0;4111;0.00;0;0;0;0;0;0;0;0;0;0;0;0;0;0;0;0;15;0;98.0;98.0;0;0;0.00;0.00;0.00;0.0;0.0
0.735;11;0;98;0;0.0;14.900;1.014;43;41;0;0;100;0;100;0;0;0;0;88;88;0;0.000;0.000;0.000;0.000;0.000;0.000;0.0;0.0;0;15;0.000;0.000;0.0;0;0.0;0;0;0;0;63;98;0;0;4111;0.00;0;0;0;0;0;0;0;0;0;0;0;0;0;0;0;0;15;0;98.0;98.0;0;0;0.00;0.00;0.00;0.0;0.0
0.804;11;0;98;0;0.0;15.000;1.020;43;41;0;0;100;0;100;0;0;0;0;88;88;0;0.000;0.000;0.000;0.000;0.000;0.000;0.0;0.0;0;15;0.000;0.000;0.0;0;0.0;0;0;0;0;63;98;0;0;4111;0.00;0;0;0;0;0;0;0;0;0;0;0;0;0;0;0;0;15;0;98.0;98.0;0;0;0.00;0.00;0.00;0.0;0.0
0.873;11;0;98;0;0.0;15.000;1.020;43;41;0;0;100;0;100;0;0;0;0;88;88;0;0.000;0.000;0.000;0.000;0.000;0.000;0.0;0.0;0;15;0.000;0.000;0.0;0;0.0;0;0;0;0;63;98;0;0;4111;0.00;0;0;0;0;0;0;0;0;0;0;0;0;0;0;0;0;15;0;98.0;98.0;0;0;0.00;0.00;0.00;0.0;0.0
0.873;12;0;98;0;0.0;15.100;1.027;43;41;0;0;100;0;100;0;0;0;0;88;88;0;0.000;0.000;0.000;0.000;0.000;0.000;0.0;0.0;0;15;0.000;0.000;0.0;0;0.0;0;0;0;0;63;98;0;0;4108;0.00;0;0;0;0;0;0;0;0;0;0;0;0;0;0;0;0;15;0;98.0;98.0;0;0;0.00;0.00;0.00;0.0;0.0
0.939;12;0;98;0;0.0;15.100;1.027;43;41;0;0;100;0;100;0;0;0;0;88;88;0;0.000;0.000;0.000;0.000;0.000;0.000;0.0;0.0;0;15;0.000;0.000;0.0;0;0.0;0;0;0;0;63;98;0;0;4108;0.00;0;0;0;0;0;0;0;0;0;0;0;0;0;0;0;0;15;0;98.0;98.0;0;0;0.00;0.00;0.00;0.0;0.0
1.070;12;0;98;0;0.0;15.000;1.020;43;41;0;0;100;0;100;0;0;0;0;88;88;0;0.000;0.000;0.000;0.000;0.000;0.000;0.0;0.0;0;15;0.000;0.000;0.0;0;0.0;0;0;0;0;63;98;0;0;4108;0.00;0;0;0;0;0;0;0;0;0;0;0;0;0;0;0;0;15;0;98.0;98.0;0;0;0.00;0.00;0.00;0.0;0.0
1.136;12;0;98;0;0.0;15.000;1.020;43;41;0;0;100;0;100;0;0;0;0;88;88;0;0.000;0.000;0.000;0.000;0.000;0.000;0.0;0.0;0;15;0.000;0.000;0.0;0;0.0;0;0;0;0;63;98;0;0;4108;0.00;0;0;0;0;0;0;0;0;0;0;0;0;0;0;0;0;15;0;98.0;98.0;0;0;0.00;0.00;0.00;0.0;0.0
1.205;12;0;98;0;0.0;15.000;1.020;43;41;0;0;100;0;100;0;0;0;0;88;88;0;0.000;0.000;0.000;0.000;0.000;0.000;0.0;0.0;0;15;0.000;0.000;0.0;0;0.0;0;0;0;0;63;98;0;0;4108;0.00;0;0;0;0;0;0;0;0;0;0;0;0;0;0;0;0;15;0;98.0;98.0;0;0;0.00;0.00;0.00;0.0;0.0
1.272;12;0;98;0;0.0;15.000;1.020;43;41;0;0;100;0;100;0;0;0;0;88;88;0;0.000;0.000;0.000;0.000;0.000;0.000;0.0;0.0;0;15;0.000;0.000;0.0;0;0.0;0;0;0;0;63;98;0;0;4108;0.00;0;0;0;0;0;0;0;0;0;0;0;0;0;0;0;0;15;0;98.0;98.0;0;0;0.00;0.00;0.00;0.0;0.0
1.272;12;0;98;0;0.0;15.100;1.027;43;41;0;0;100;0;100;0;0;0;0;88;88;0;0.000;0.000;0.000;0.000;0.000;0.000;0.0;0.0;0;15;0.000;0.000;0.0;0;0.0;0;0;0;0;63;98;0;0;4108;0.00;0;0;0;0;0;0;0;0;0;0;0;0;0;0;0;0;15;0;98.0;98.0;0;0;0.00;0.00;0.00;0.0;0.0
1.402;12;0;98;0;0.0;15.100;1.027;43;41;0;0;100;0;100;0;0;0;0;88;88;0;0.000;0.000;0.000;0.000;0.000;0.000;0.0;0.0;0;15;0.000;0.000;0.0;0;0.0;0;0;0;0;63;98;0;0;4108;0.00;0;0;0;0;0;0;0;0;0;0;0;0;0;0;0;0;15;0;98.0;98.0;0;0;0.00;0.00;0.00;0.0;0.0
1.472;12;0;98;0;0.0;15.000;1.020;43;41;0;0;100;0;100;0;0;0;0;88;88;0;0.000;0.000;0.000;0.000;0.000;0.000;0.0;0.0;0;15;0.000;0.000;0.0;0;0.0;0;0;0;0;63;98;0;0;4108;0.00;0;0;0;0;0;0;0;0;0;0;0;0;0;0;0;0;15;0;98.0;98.0;0;0;0.00;0.00;0.00;0.0;0.0
1.538;12;0;98;0;0.0;15.000;1.020;43;41;0;0;100;0;100;0;0;0;0;88;88;0;0.000;0.000;0.000;0.000;0.000;0.000;0.0;0.0;0;15;0.000;0.000;0.0;0;0.0;0;0;0;0;63;98;0;0;4108;0.00;0;0;0;0;0;0;0;0;0;0;0;0;0;0;0;0;15;0;98.0;98.0;0;0;0.00;0.00;0.00;0.0;0.0
1.607;12;0;98;0;0.0;14.900;1.014;43;41;0;0;100;0;100;0;0;0;0;88;88;0;0.000;0.000;0.000;0.000;0.000;0.000;0.0;0.0;0;15;0.000;0.000;0.0;0;0.0;0;0;0;0;63;98;0;0;4108;0.00;0;0;0;0;0;0;0;0;0;0;0;0;0;0;0;0;15;0;98.0;98.0;0;0;0.00;0.00;0.00;0.0;0.0
1.672;12;0;98;0;0.0;15.000;1.020;43;41;0;0;100;0;100;0;0;0;0;88;88;0;0.000;0.000;0.000;0.000;0.000;0.000;0.0;0.0;0;15;0.000;0.000;0.0;0;0.0;0;0;0;0;63;98;0;0;4108;0.00;0;0;0;0;0;0;0;0;0;0;0;0;0;0;0;0;15;0;98.0;98.0;0;0;0.00;0.00;0.00;0.0;0.0
1.738;12;0;98;0;0.0;15.000;1.020;43;41;0;0;100;0;100;0;0;0;0;88;88;0;0.000;0.000;0.000;0.000;0.000;0.000;0.0;0.0;0;15;0.000;0.000;0.0;0;0.0;0;0;0;0;63;98;0;0;4108;0.00;0;0;0;0;0;0;0;0;0;0;0;0;0;0;0;0;15;0;98.0;98.0;0;0;0.00;0.00;0.00;0.0;0.0
1.807;12;0;98;0;0.0;15.000;1.020;43;41;0;0;100;0;100;0;0;0;0;88;88;0;0.000;0.000;0.000;0.000;0.000;0.000;0.0;0.0;0;15;0.000;0.000;0.0;0;0.0;0;0;0;0;63;98;0;0;4108;0.00;0;0;0;0;0;0;0;0;0;0;0;0;0;0;0;0;15;0;98.0;98.0;0;0;0.00;0.00;0.00;0.0;0.0
1.874;12;0;98;0;0.0;15.100;1.027;43;41;0;0;100;0;100;0;0;0;0;88;88;0;0.000;0.000;0.000;0.000;0.000;0.000;0.0;0.0;0;15;0.000;0.000;0.0;0;0.0;0;0;0;0;63;98;0;0;4108;0.00;0;0;0;0;0;0;0;0;0;0;0;0;0;0;0;0;15;0;98.0;98.0;0;0;0.00;0.00;0.00;0.0;0.0
1.938;12;0;98;0;0.0;15.000;1.020;43;41;0;0;100;0;100;0;0;0;0;88;88;0;0.000;0.000;0.000;0.000;0.000;0.000;0.0;0.0;0;15;0.000;0.000;0.0;0;0.0;0;0;0;0;63;98;0;0;4108;0.00;0;0;0;0;0;0;0;0;0;0;0;0;0;0;0;0;15;0;98.0;98.0;0;0;0.00;0.00;0.00;0.0;0.0
2.005;13;0;98;0;0.0;15.000;1.020;43;41;0;0;100;0;100;0;0;0;0;88;88;0;0.000;0.000;0.000;0.000;0.000;0.000;0.0;0.0;0;15;0.000;0.000;0.0;0;0.0;0;0;0;0;63;98;0;0;4089;0.00;0;0;0;0;0;0;0;0;0;0;0;0;0;0;0;0;15;0;98.0;98.0;0;0;0.00;0.00;0.00;0.0;0.0
2.069;13;0;98;0;0.0;14.900;1.014;43;41;0;0;100;0;100;0;0;0;0;88;88;0;0.000;0.000;0.000;0.000;0.000;0.000;0.0;0.0;0;15;0.000;0.000;0.0;0;0.0;0;0;0;0;63;98;0;0;4089;0.00;0;0;0;0;0;0;0;0;0;0;0;0;0;0;0;0;15;0;98.0;98.0;0;0;0.00;0.00;0.00;0.0;0.0
2.135;13;0;98;0;0.0;15.000;1.020;43;41;0;0;100;0;100;0;0;0;0;88;88;0;0.000;0.000;0.000;0.000;0.000;0.000;0.0;0.0;0;15;0.000;0.000;0.0;0;0.0;0;0;0;0;63;98;0;0;4089;0.00;0;0;0;0;0;0;0;0;0;0;0;0;0;0;0;0;15;0;98.0;98.0;0;0;0.00;0.00;0.00;0.0;0.0
2.204;13;0;98;0;0.0;15.000;1.020;43;41;0;0;100;0;100;0;0;0;0;88;88;0;0.000;0.000;0.000;0.000;0.000;0.000;0.0;0.0;0;15;0.000;0.000;0.0;0;0.0;0;0;0;0;63;98;0;0;4089;0.00;0;0;0;0;0;0;0;0;0;0;0;0;0;0;0;0;15;0;98.0;98.0;0;0;0.00;0.00;0.00;0.0;0.0
2.270;13;0;98;0;0.0;15.100;1.027;43;41;0;0;100;0;100;0;0;0;0;88;88;0;0.000;0.000;0.000;0.000;0.000;0.000;0.0;0.0;0;15;0.000;0.000;0.0;0;0.0;0;0;0;0;63;98;0;0;4089;0.00;0;0;0;0;0;0;0;0;0;0;0;0;0;0;0;0;15;0;98.0;98.0;0;0;0.00;0.00;0.00;0.0;0.0
2.336;13;0;98;0;0.0;15.000;1.020;43;41;0;0;100;0;100;0;0;0;0;88;88;0;0.000;0.000;0.000;0.000;0.000;0.000;0.0;0.0;0;15;0.000;0.000;0.0;0;0.0;0;0;0;0;63;98;0;0;4089;0.00;0;0;0;0;0;0;0;0;0;0;0;0;0;0;0;0;15;0;98.0;98.0;0;0;0.00;0.00;0.00;0.0;0.0
2.405;13;0;98;0;0.0;15.000;1.020;43;41;0;0;100;0;100;0;0;0;0;88;88;0;0.000;0.000;0.000;0.000;0.000;0.000;0.0;0.0;0;15;0.000;0.000;0.0;0;0.0;0;0;0;0;63;98;0;0;4089;0.00;0;0;0;0;0;0;0;0;0;0;0;0;0;0;0;0;15;0;98.0;98.0;0;0;0.00;0.00;0.00;0.0;0.0
2.471;13;0;98;0;0.0;15.000;1.020;43;41;0;0;100;0;100;0;0;0;0;88;88;0;0.000;0.000;0.000;0.000;0.000;0.000;0.0;0.0;0;15;0.000;0.000;0.0;0;0.0;0;0;0;0;63;98;0;0;4089;0.00;0;0;0;0;0;0;0;0;0;0;0;0;0;0;0;0;15;0;98.0;98.0;0;0;0.00;0.00;0.00;0.0;0.0
2.536;13;0;98;0;0.0;15.000;1.020;43;41;0;0;100;0;100;0;0;0;0;88;88;0;0.000;0.000;0.000;0.000;0.000;0.000;0.0;0.0;0;15;0.000;0.000;0.0;0;0.0;0;0;0;0;63;98;0;0;4089;0.00;0;0;0;0;0;0;0;0;0;0;0;0;0;0;0;0;15;0;98.0;98.0;0;0;0.00;0.00;0.00;0.0;0.0
2.602;13;0;98;0;0.0;15.000;1.020;43;41;0;0;100;0;100;0;0;0;0;88;88;0;0.000;0.000;0.000;0.000;0.000;0.000;0.0;0.0;0;15;0.000;0.000;0.0;0;0.0;0;0;0;0;63;98;0;0;4089;0.00;0;0;0;0;0;0;0;0;0;0;0;0;0;0;0;0;15;0;98.0;98.0;0;0;0.00;0.00;0.00;0.0;0.0
2.602;13;0;98;0;0.0;15.000;1.020;43;41;0;0;100;0;100;0;0;0;0;88;88;0;0.000;0.000;0.000;0.000;0.000;0.000;0.0;0.0;0;15;0.000;0.000;0.0;0;0.0;0;0;0;0;63;98;0;0;4089;0.00;0;0;0;0;0;0;0;0;0;0;0;0;0;0;0;0;15;0;98.0;98.0;0;0;0.00;0.00;0.00;0.0;0.0
2.737;13;0;98;0;0.0;15.000;1.020;43;41;0;0;100;0;100;0;0;0;0;88;88;0;0.000;0.000;0.000;0.000;0.000;0.000;0.0;0.0;0;15;0.000;0.000;0.0;0;0.0;0;0;0;0;63;98;0;0;4089;0.00;0;0;0;0;0;0;0;0;0;0;0;0;0;0;0;0;15;0;98.0;98.0;0;0;0.00;0.00;0.00;0.0;0.0
2.802;13;0;98;0;0.0;15.000;1.020;43;41;0;0;100;0;100;0;0;0;0;88;88;0;0.000;0.000;0.000;0.000;0.000;0.000;0.0;0.0;0;15;0.000;0.000;0.0;0;0.0;0;0;0;0;63;98;0;0;4089;0.00;0;0;0;0;0;0;0;0;0;0;0;0;0;0;0;0;15;0;98.0;98.0;0;0;0.00;0.00;0.00;0.0;0.0
2.868;13;0;98;0;0.0;15.100;1.027;43;41;0;0;100;0;100;0;0;0;0;88;88;0;0.000;0.000;0.000;0.000;0.000;0.000;0.0;0.0;0;15;0.000;0.000;0.0;0;0.0;0;0;0;0;63;98;0;0;4089;0.00;0;0;0;0;0;0;0;0;0;0;0;0;0;0;0;0;15;0;98.0;98.0;0;0;0.00;0.00;0.00;0.0;0.0
2.934;13;0;98;0;0.0;15.100;1.027;43;41;0;0;100;0;100;0;0;0;0;88;88;0;0.000;0.000;0.000;0.000;0.000;0.000;0.0;0.0;0;15;0.000;0.000;0.0;0;0.0;0;0;0;0;63;98;0;0;4089;0.00;0;0;0;0;0;0;0;0;0;0;0;0;0;0;0;0;15;0;98.0;98.0;0;0;0.00;0.00;0.00;0.0;0.0
3.003;14;0;98;0;0.0;15.000;1.020;43;41;0;0;100;0;100;0;0;0;0;88;88;0;0.000;0.000;0.000;0.000;0.000;0.000;0.0;0.0;0;15;0.000;0.000;0.0;0;0.0;0;0;0;0;63;98;0;0;4107;0.00;0;0;0;0;0;0;0;0;0;0;0;0;0;0;0;0;15;0;98.0;98.0;0;0;0.00;0.00;0.00;0.0;0.0
3.069;14;0;98;0;0.0;15.000;1.020;43;41;0;0;100;0;100;0;0;0;0;88;88;0;0.000;0.000;0.000;0.000;0.000;0.000;0.0;0.0;0;15;0.000;0.000;0.0;0;0.0;0;0;0;0;63;98;0;0;4107;0.00;0;0;0;0;0;0;0;0;0;0;0;0;0;0;0;0;15;0;98.0;98.0;0;0;0.00;0.00;0.00;0.0;0.0
3.134;14;0;98;0;0.0;15.000;1.020;43;41;0;0;100;0;100;0;0;0;0;88;88;0;0.000;0.000;0.000;0.000;0.000;0.000;0.0;0.0;0;15;0.000;0.000;0.0;0;0.0;0;0;0;0;63;98;0;0;4107;0.00;0;0;0;0;0;0;0;0;0;0;0;0;0;0;0;0;15;0;98.0;98.0;0;0;0.00;0.00;0.00;0.0;0.0
3.200;14;0;98;0;0.0;15.000;1.020;43;41;0;0;100;0;100;0;0;0;0;88;88;0;0.000;0.000;0.000;0.000;0.000;0.000;0.0;0.0;0;15;0.000;0.000;0.0;0;0.0;0;0;0;0;63;98;0;0;4107;0.00;0;0;0;0;0;0;0;0;0;0;0;0;0;0;0;0;15;0;98.0;98.0;0;0;0.00;0.00;0.00;0.0;0.0
3.269;14;0;98;0;0.0;15.100;1.027;43;41;0;0;100;0;100;0;0;0;0;88;88;0;0.000;0.000;0.000;0.000;0.000;0.000;0.0;0.0;0;15;0.000;0.000;0.0;0;0.0;0;0;0;0;63;98;0;0;4107;0.00;0;0;0;0;0;0;0;0;0;0;0;0;0;0;0;0;15;0;98.0;98.0;0;0;0.00;0.00;0.00;0.0;0.0
3.335;14;0;98;0;0.0;15.100;1.027;43;41;0;0;100;0;100;0;0;0;0;88;88;0;0.000;0.000;0.000;0.000;0.000;0.000;0.0;0.0;0;15;0.000;0.000;0.0;0;0.0;0;0;0;0;63;98;0;0;4107;0.00;0;0;0;0;0;0;0;0;0;0;0;0;0;0;0;0;15;0;98.0;98.0;0;0;0.00;0.00;0.00;0.0;0.0
3.400;14;0;98;0;0.0;15.700;1.068;43;41;0;0;100;0;100;0;0;0;0;88;88;0;0.000;0.000;0.000;0.000;0.000;0.000;0.0;0.0;0;15;0.000;0.000;0.0;0;0.0;0;0;0;0;63;98;0;0;4107;0.00;0;0;0;0;0;0;0;0;0;0;0;0;0;0;0;0;15;0;98.0;98.0;0;0;0.00;0.00;0.00;0.0;0.0
3.470;14;0;98;0;0.0;17.900;1.218;43;41;0;0;100;0;100;0;0;0;0;88;88;0;0.000;0.000;0.000;0.000;0.000;0.000;0.0;0.0;0;15;0.000;0.000;0.0;0;0.0;0;0;0;0;63;98;0;0;4107;0.00;0;0;0;0;0;0;0;0;0;0;0;0;0;0;0;0;15;0;98.0;98.0;0;0;0.00;0.00;0.00;0.0;0.0
3.470;14;0;98;0;0.0;19.300;1.313;43;41;0;0;100;0;100;0;0;0;0;88;88;0;0.000;0.000;0.000;0.000;0.000;0.000;0.0;0.0;0;15;0.000;0.000;4.6;0;0.0;0;0;0;0;0;98;0;0;4107;0.00;0;0;0;0;0;0;0;0;0;0;0;0;0;0;0;0;15;0;98.0;98.0;0;0;0.00;0.00;0.00;0.0;0.0
3.605;14;0;98;0;0.0;19.700;1.340;43;41;0;0;100;0;100;0;0;0;0;88;88;0;0.000;0.000;0.000;0.000;0.000;0.000;0.0;0.0;0;15;0.000;0.000;4.6;0;0.0;0;0;0;0;0;98;0;0;4107;0.00;0;0;0;0;0;0;0;0;0;0;0;0;0;0;0;0;15;0;98.0;98.0;0;0;0.00;0.00;0.00;0.0;0.0
3.671;14;0;98;0;0.0;19.700;1.340;43;41;0;0;100;0;100;0;0;0;0;88;88;0;0.000;0.000;0.000;0.000;0.000;0.000;0.0;0.0;0;15;0.000;0.000;4.6;0;0.0;0;0;0;0;0;98;0;0;4107;0.00;0;0;0;0;0;0;0;0;0;0;0;0;0;0;0;0;15;0;98.0;98.0;0;0;0.00;0.00;0.00;0.0;0.0
3.736;14;0;98;0;0.0;19.700;1.340;43;41;0;0;100;0;100;0;0;0;0;88;88;0;0.000;0.000;0.000;0.000;0.000;0.000;0.0;0.0;0;15;0.000;0.000;7.0;0;0.0;0;0;0;0;0;98;0;0;4107;0.00;0;0;0;0;0;0;0;0;0;0;0;0;0;0;0;0;15;0;98.0;98.0;0;0;0.00;0.00;0.00;0.0;0.0
3.802;14;0;98;0;0.0;19.700;1.340;43;41;0;0;100;0;100;0;0;0;0;88;88;0;0.000;0.000;0.000;0.000;0.000;0.000;0.0;0.0;0;15;0.000;0.000;7.0;0;0.0;0;0;0;0;0;98;0;0;4107;0.00;0;0;0;0;0;0;0;0;0;0;0;0;0;0;0;0;15;0;98.0;98.0;0;0;0.00;0.00;0.00;0.0;0.0
3.867;14;0;98;0;0.0;19.700;1.340;43;41;0;0;100;0;100;0;0;0;0;88;88;0;0.000;0.000;0.000;0.000;0.000;0.000;0.0;0.0;0;15;0.000;0.000;7.0;0;0.0;0;0;0;0;0;98;0;0;4107;0.00;0;0;0;0;0;0;0;0;0;0;0;0;0;0;0;0;15;0;98.0;98.0;0;0;0.00;0.00;0.00;0.0;0.0
3.937;14;0;98;0;0.0;19.700;1.340;43;41;0;0;100;0;100;0;0;0;0;88;88;0;0.000;0.000;0.000;0.000;0.000;0.000;0.0;0.0;0;15;0.000;0.000;7.0;0;0.0;0;0;0;0;0;98;0;0;4107;0.00;0;0;0;0;0;0;0;0;0;0;0;0;0;0;0;0;15;0;98.0;98.0;0;0;0.00;0.00;0.00;0.0;0.0
3.937;15;0;98;0;0.0;19.700;1.340;43;41;0;0;100;0;100;0;0;0;0;88;88;0;0.000;0.000;0.000;0.000;0.000;0.000;0.0;0.0;0;15;0.000;0.000;8.3;0;0.0;0;0;0;0;0;98;0;0;4263;0.00;0;0;0;0;0;0;0;0;0;0;0;0;0;0;0;0;15;0;98.0;98.0;0;0;0.00;0.00;0.00;0.0;0.0
4.068;15;0;98;0;0.0;19.700;1.340;43;41;0;0;100;0;100;0;0;0;0;88;88;0;0.000;0.000;0.000;0.000;0.000;0.000;0.0;0.0;0;15;0.000;0.000;8.3;0;0.0;0;0;0;0;0;98;0;0;4263;0.00;0;0;0;0;0;0;0;0;0;0;0;0;0;0;0;0;15;0;98.0;98.0;0;0;0.00;0.00;0.00;0.0;0.0
4.134;15;0;98;0;0.0;19.700;1.340;43;41;0;0;100;0;100;0;0;0;0;88;88;0;0.000;0.000;0.000;0.000;0.000;0.000;0.0;0.0;0;15;0.000;0.000;8.3;0;0.0;0;0;0;0;0;98;0;0;4263;0.00;0;0;0;0;0;0;0;0;0;0;0;0;0;0;0;0;15;0;98.0;98.0;0;0;0.00;0.00;0.00;0.0;0.0
4.203;15;0;98;0;0.0;19.700;1.340;43;41;0;0;100;0;100;0;0;0;0;88;88;0;0.000;0.000;0.000;0.000;0.000;0.000;0.0;0.0;0;15;0.000;0.000;8.3;0;0.0;0;0;0;0;0;98;0;0;4263;0.00;0;0;0;0;0;0;0;0;0;0;0;0;0;0;0;0;15;0;98.0;98.0;0;0;0.00;0.00;0.00;0.0;0.0
4.269;15;0;98;0;0.0;19.700;1.340;43;41;0;0;100;0;100;0;0;0;0;88;88;0;0.000;0.000;0.000;0.000;0.000;0.000;0.0;0.0;0;15;0.000;0.000;9.0;0;0.0;0;0;0;0;0;98;0;0;4263;0.00;0;0;0;0;0;0;0;0;0;0;0;0;0;0;0;0;15;0;98.0;98.0;0;0;0.00;0.00;0.00;0.0;0.0
4.334;15;0;98;0;0.0;19.700;1.340;43;41;0;0;100;0;100;0;0;0;0;88;88;0;0.000;0.000;0.000;0.000;0.000;0.000;0.0;0.0;0;15;0.000;0.000;9.0;0;0.0;0;0;0;0;0;98;0;0;4263;0.00;0;0;0;0;0;0;0;0;0;0;0;0;0;0;0;0;15;0;98.0;98.0;0;0;0.00;0.00;0.00;0.0;0.0
4.400;15;0;98;0;0.0;19.700;1.340;43;41;0;0;100;0;100;0;0;0;0;88;88;0;0.000;0.000;0.000;0.000;0.000;0.000;0.0;0.0;0;15;0.000;0.000;9.0;0;0.0;0;0;0;0;0;98;0;0;4263;0.00;0;0;0;0;0;0;0;0;0;0;0;0;0;0;0;0;15;0;98.0;98.0;0;0;0.00;0.00;0.00;0.0;0.0
4.469;15;0;98;0;0.0;19.700;1.340;43;41;0;0;100;0;100;0;0;0;0;88;88;0;0.000;0.000;0.000;0.000;0.000;0.000;0.0;0.0;0;15;0.000;0.000;9.0;0;0.0;0;0;0;0;0;98;0;0;4263;0.00;0;0;0;0;0;0;0;0;0;0;0;0;0;0;0;0;15;0;98.0;98.0;0;0;0.00;0.00;0.00;0.0;0.0
4.535;15;0;98;0;0.0;19.700;1.340;43;41;0;0;100;0;100;0;0;0;0;88;88;0;0.000;0.000;0.000;0.000;0.000;0.000;0.0;0.0;0;15;0.000;0.000;9.6;0;0.0;0;0;0;0;0;98;0;0;4263;0.00;0;0;0;0;0;0;0;0;0;0;0;0;0;0;0;0;15;0;98.0;98.0;0;0;0.00;0.00;0.00;0.0;0.0
4.606;15;0;98;0;0.0;19.700;1.340;43;41;0;0;100;0;100;0;0;0;0;88;88;0;0.000;0.000;0.000;0.000;0.000;0.000;0.0;0.0;0;15;0.000;0.000;9.6;0;0.0;0;0;0;0;0;98;0;0;4263;0.00;0;0;0;0;0;0;0;0;0;0;0;0;0;0;0;0;15;0;98.0;98.0;0;0;0.00;0.00;0.00;0.0;0.0
4.670;15;0;98;0;0.0;19.700;1.340;43;41;0;0;100;0;100;0;0;0;0;88;88;0;0.000;0.000;0.000;0.000;0.000;0.000;0.0;0.0;0;15;0.000;0.000;9.6;0;0.0;0;0;0;0;0;98;0;0;4263;0.00;0;0;0;0;0;0;0;0;0;0;0;0;0;0;0;0;15;0;98.0;98.0;0;0;0.00;0.00;0.00;0.0;0.0
4.736;15;0;98;0;0.0;19.700;1.340;43;41;0;0;100;0;100;0;0;0;0;88;88;0;0.000;0.000;0.000;0.000;0.000;0.000;0.0;0.0;0;15;0.000;0.000;9.6;0;0.0;0;0;0;0;63;98;0;0;4263;0.00;0;0;0;0;0;0;0;0;0;0;0;0;0;0;0;0;15;0;98.0;98.0;0;0;0.00;0.00;0.00;0.0;0.0
4.805;15;0;98;0;0.0;19.700;1.340;43;41;0;0;100;0;100;0;0;0;0;88;88;0;0.000;0.000;0.000;0.000;0.000;0.000;0.0;0.0;0;15;0.000;0.000;10.1;0;0.0;0;0;0;0;63;98;0;0;4263;0.00;0;0;0;0;0;0;0;0;0;0;0;0;0;0;0;0;15;0;98.0;98.0;0;0;0.00;0.00;0.00;0.0;0.0
4.805;15;0;98;0;0.0;19.700;1.340;43;41;0;0;100;0;100;0;0;0;0;88;88;0;0.000;0.000;0.000;0.000;0.000;0.000;0.0;0.0;0;15;0.000;0.000;10.1;0;0.0;0;0;0;0;63;98;0;0;4263;0.00;0;0;0;0;0;0;0;0;0;0;0;0;0;0;0;0;15;0;98.0;98.0;0;0;0.00;0.00;0.00;0.0;0.0
4.936;15;0;98;0;0.0;19.700;1.340;43;41;0;0;100;0;100;0;0;0;0;88;88;0;0.000;0.000;0.000;0.000;0.000;0.000;0.0;0.0;0;15;0.000;0.000;10.1;0;0.0;0;0;0;0;63;98;0;0;4263;0.00;0;0;0;0;0;0;0;0;0;0;0;0;0;0;0;0;15;0;98.0;98.0;0;0;0.00;0.00;0.00;0.0;0.0
5.002;16;0;98;0;0.0;19.700;1.340;43;41;0;0;100;0;100;0;0;0;0;88;88;0;0.000;0.000;0.000;0.000;0.000;0.000;0.0;0.0;0;15;0.000;0.000;10.4;0;0.0;0;0;0;0;63;98;0;0;4336;0.00;0;0;0;0;0;0;0;0;0;0;0;0;0;0;0;0;15;0;98.0;98.0;0;0;0.00;0.00;0.00;0.0;0.0
5.073;16;0;98;0;0.0;19.700;1.340;43;41;0;0;100;0;100;0;0;0;0;88;88;0;0.000;0.000;0.000;0.000;0.000;0.000;0.0;0.0;0;15;0.000;0.000;10.4;0;0.0;0;0;0;0;63;98;0;0;4336;0.00;0;0;0;0;0;0;0;0;0;0;0;0;0;0;0;0;15;0;98.0;98.0;0;0;0.00;0.00;0.00;0.0;0.0
5.137;16;0;98;0;0.0;19.700;1.340;43;41;0;0;100;0;100;0;0;0;0;88;88;0;0.000;0.000;0.000;0.000;0.000;0.000;0.0;0.0;0;15;0.000;0.000;10.4;0;0.0;0;0;0;0;63;98;0;0;4336;0.00;0;0;0;0;0;0;0;0;0;0;0;0;0;0;0;0;15;0;98.0;98.0;0;0;0.00;0.00;0.00;0.0;0.0
5.203;16;0;98;0;0.0;19.700;1.340;43;41;0;0;100;0;100;0;0;0;0;88;88;0;0.000;0.000;0.000;0.000;0.000;0.000;0.0;0.0;0;15;0.000;0.000;10.4;0;0.0;0;0;0;0;63;98;0;0;4336;0.00;0;0;0;0;0;0;0;0;0;0;0;0;0;0;0;0;15;0;98.0;98.0;0;0;0.00;0.00;0.00;0.0;0.0
5.273;16;0;98;0;0.0;19.700;1.340;43;41;0;0;100;0;100;0;0;0;0;88;88;0;0.000;0.000;0.000;0.000;0.000;0.000;0.0;0.0;0;15;0.000;0.000;10.5;0;0.0;0;0;0;0;63;98;0;0;4336;0.00;0;0;0;0;0;0;0;0;0;0;0;0;0;0;0;0;15;0;98.0;98.0;0;0;0.00;0.00;0.00;0.0;0.0
5.339;16;0;98;0;0.0;19.700;1.340;43;41;0;0;100;0;100;0;0;0;0;88;88;0;0.000;0.000;0.000;0.000;0.000;0.000;0.0;0.0;0;15;0.000;0.000;10.5;0;0.0;0;0;0;0;63;98;0;0;4336;0.00;0;0;0;0;0;0;0;0;0;0;0;0;0;0;0;0;15;0;98.0;98.0;0;0;0.00;0.00;0.00;0.0;0.0
5.404;16;0;98;0;0.0;19.700;1.340;43;41;0;0;100;0;100;0;0;0;0;88;88;0;0.000;0.000;0.000;0.000;0.000;0.000;0.0;0.0;0;15;0.000;0.000;10.5;0;0.0;0;0;0;0;63;98;0;0;4336;0.00;0;0;0;0;0;0;0;0;0;0;0;0;0;0;0;0;15;0;98.0;98.0;0;0;0.00;0.00;0.00;0.0;0.0
5.469;16;0;98;0;0.0;19.700;1.340;43;41;0;0;100;0;100;0;0;0;0;88;88;0;0.000;0.000;0.000;0.000;0.000;0.000;0.0;0.0;0;15;0.000;0.000;10.5;0;0.0;0;0;0;0;63;98;0;0;4336;0.00;0;0;0;0;0;0;0;0;0;0;0;0;0;0;0;0;15;0;98.0;98.0;0;0;0.00;0.00;0.00;0.0;0.0
5.534;16;0;98;0;0.0;19.700;1.340;43;41;0;0;100;0;100;0;0;0;0;88;88;0;0.000;0.000;0.000;0.000;0.000;0.000;0.0;0.0;0;15;0.000;0.000;10.6;0;0.0;0;0;0;0;63;98;0;0;4336;0.00;0;0;0;0;0;0;0;0;0;0;0;0;0;0;0;0;15;0;98.0;98.0;0;0;0.00;0.00;0.00;0.0;0.0
5.600;16;0;98;0;0.0;19.700;1.340;43;41;0;0;100;0;100;0;0;0;0;88;88;0;0.000;0.000;0.000;0.000;0.000;0.000;0.0;0.0;0;15;0.000;0.000;10.6;0;0.0;0;0;0;0;63;98;0;0;4336;0.00;0;0;0;0;0;0;0;0;0;0;0;0;0;0;0;0;15;0;98.0;98.0;0;0;0.00;0.00;0.00;0.0;0.0
5.671;16;0;98;0;0.0;19.700;1.340;43;41;0;0;100;0;100;0;0;0;0;88;88;0;0.000;0.000;0.000;0.000;0.000;0.000;0.0;0.0;0;15;0.000;0.000;10.6;0;0.0;0;0;0;0;63;98;0;0;4336;0.00;0;0;0;0;0;0;0;0;0;0;0;0;0;0;0;0;15;0;98.0;98.0;0;0;0.00;0.00;0.00;0.0;0.0
5.740;16;0;98;0;0.0;19.700;1.340;43;41;0;0;100;0;100;0;0;0;0;88;88;0;0.000;0.000;0.000;0.000;0.000;0.000;0.0;0.0;0;15;0.000;0.000;10.6;0;0.0;0;0;0;0;63;98;0;0;4336;0.00;0;0;0;0;0;0;0;0;0;0;0;0;0;0;0;0;15;0;98.0;98.0;0;0;0.00;0.00;0.00;0.0;0.0
5.805;16;0;98;0;0.0;19.700;1.340;43;41;0;0;100;0;100;0;0;0;0;88;88;0;0.000;0.000;0.000;0.000;0.000;0.000;0.0;0.0;0;15;0.000;0.000;10.6;0;0.0;0;0;0;0;63;98;0;0;4336;0.00;0;0;0;0;0;0;0;0;0;0;0;0;0;0;0;0;15;0;98.0;98.0;0;0;0.00;0.00;0.00;0.0;0.0
5.870;16;0;98;0;0.0;19.700;1.340;43;41;0;0;100;0;100;0;0;0;0;88;88;0;0.000;0.000;0.000;0.000;0.000;0.000;0.0;0.0;0;15;0.000;0.000;10.6;0;0.0;0;0;0;0;63;98;0;0;4336;0.00;0;0;0;0;0;0;0;0;0;0;0;0;0;0;0;0;15;0;98.0;98.0;0;0;0.00;0.00;0.00;0.0;0.0
5.937;16;0;98;0;0.0;19.700;1.340;43;41;0;0;100;0;100;0;0;0;0;88;88;0;0.000;0.000;0.000;0.000;0.000;0.000;0.0;0.0;0;15;0.000;0.000;10.6;0;0.0;0;0;0;0;63;98;0;0;4336;0.00;0;0;0;0;0;0;0;0;0;0;0;0;0;0;0;0;15;0;98.0;98.0;0;0;0.00;0.00;0.00;0.0;0.0
6.001;16;0;98;0;0.0;19.700;1.340;43;41;0;0;100;0;100;0;0;0;0;88;88;0;0.000;0.000;0.000;0.000;0.000;0.000;0.0;0.0;0;15;0.000;0.000;10.6;0;0.0;0;0;0;0;63;98;0;0;4336;0.00;0;0;0;0;0;0;0;0;0;0;0;0;0;0;0;0;15;0;98.0;98.0;0;0;0.00;0.00;0.00;0.0;0.0
6.067;17;0;98;0;0.0;19.700;1.340;43;41;0;0;100;0;100;0;0;0;0;88;88;0;0.000;0.000;0.000;0.000;0.000;0.000;0.0;0.0;0;15;0.000;0.000;10.7;0;0.0;0;0;0;0;63;98;0;0;4127;0.00;0;0;0;0;0;0;0;0;0;0;0;0;0;0;0;0;15;0;98.0;98.0;0;0;0.00;0.00;0.00;0.0;0.0
6.137;17;0;98;0;0.0;19.700;1.340;43;41;0;0;100;0;100;0;0;0;0;88;88;0;0.000;0.000;0.000;0.000;0.000;0.000;0.0;0.0;0;15;0.000;0.000;10.7;0;0.0;0;0;0;0;63;98;0;0;4127;0.00;0;0;0;0;0;0;0;0;0;0;0;0;0;0;0;0;15;0;98.0;98.0;0;0;0.00;0.00;0.00;0.0;0.0
6.207;17;0;98;0;0.0;19.700;1.340;43;41;0;0;100;0;100;0;0;0;0;88;88;0;0.000;0.000;0.000;0.000;0.000;0.000;0.0;0.0;0;15;0.000;0.000;10.7;0;0.0;0;0;0;0;63;98;0;0;4127;0.00;0;0;0;0;0;0;0;0;0;0;0;0;0;0;0;0;15;0;98.0;98.0;0;0;0.00;0.00;0.00;0.0;0.0
6.272;17;0;98;0;0.0;19.700;1.340;43;41;0;0;100;0;100;0;0;0;0;88;88;0;0.000;0.000;0.000;0.000;0.000;0.000;0.0;0.0;0;15;0.000;0.000;10.8;0;0.0;0;0;0;0;63;98;0;0;4127;0.00;0;0;0;0;0;0;0;0;0;0;0;0;0;0;0;0;15;0;98.0;98.0;0;0;0.00;0.00;0.00;0.0;0.0
6.337;17;0;98;0;0.0;19.700;1.340;43;41;0;0;100;0;100;0;0;0;0;88;88;0;0.000;0.000;0.000;0.000;0.000;0.000;0.0;0.0;0;15;0.000;0.000;10.8;0;0.0;0;0;0;0;63;98;0;0;4127;0.00;0;0;0;0;0;0;0;0;0;0;0;0;0;0;0;0;15;0;98.0;98.0;0;0;0.00;0.00;0.00;0.0;0.0
6.403;17;0;98;0;0.0;19.700;1.340;43;41;0;0;100;0;100;0;0;0;0;88;88;0;0.000;0.000;0.000;0.000;0.000;0.000;0.0;0.0;0;15;0.000;0.000;10.8;0;0.0;0;0;0;0;63;98;0;0;4127;0.00;0;0;0;0;0;0;0;0;0;0;0;0;0;0;0;0;15;0;98.0;98.0;0;0;0.00;0.00;0.00;0.0;0.0
6.469;17;0;98;0;0.0;19.700;1.340;43;41;0;0;100;0;100;0;0;0;0;88;88;0;0.000;0.000;0.000;0.000;0.000;0.000;0.0;0.0;0;15;0.000;0.000;10.8;0;0.0;0;0;0;0;63;98;0;0;4127;0.00;0;0;0;0;0;0;0;0;0;0;0;0;0;0;0;0;15;0;98.0;98.0;0;0;0.00;0.00;0.00;0.0;0.0
6.539;17;0;98;0;0.0;19.700;1.340;43;41;0;0;100;0;100;0;0;0;0;88;88;0;0.000;0.000;0.000;0.000;0.000;0.000;0.0;0.0;0;15;0.000;0.000;10.9;0;0.0;0;0;0;0;63;98;0;0;4127;0.00;0;0;0;0;0;0;0;0;0;0;0;0;0;0;0;0;15;0;98.0;98.0;0;0;0.00;0.00;0.00;0.0;0.0
6.603;17;0;98;0;0.0;19.700;1.340;43;41;0;0;100;0;100;0;0;0;0;88;88;0;0.000;0.000;0.000;0.000;0.000;0.000;0.0;0.0;0;15;0.000;0.000;10.9;0;0.0;0;0;0;0;63;98;0;0;4127;0.00;0;0;0;0;0;0;0;0;0;0;0;0;0;0;0;0;15;0;98.0;98.0;0;0;0.00;0.00;0.00;0.0;0.0
6.669;17;0;98;0;0.0;19.700;1.340;43;41;0;0;100;0;100;0;0;0;0;88;88;0;0.000;0.000;0.000;0.000;0.000;0.000;0.0;0.0;0;15;0.000;0.000;10.9;0;0.0;0;0;0;0;63;98;0;0;4127;0.00;0;0;0;0;0;0;0;0;0;0;0;0;0;0;0;0;15;0;98.0;98.0;0;0;0.00;0.00;0.00;0.0;0.0
6.740;17;0;98;0;0.0;19.700;1.340;43;41;0;0;100;0;100;0;0;0;0;88;88;0;0.000;0.000;0.000;0.000;0.000;0.000;0.0;0.0;0;15;0.000;0.000;10.9;0;0.0;0;0;0;0;63;98;0;0;4127;0.00;0;0;0;0;0;0;0;0;0;0;0;0;0;0;0;0;15;0;98.0;98.0;0;0;0.00;0.00;0.00;0.0;0.0
6.740;17;0;98;0;0.0;19.700;1.340;43;41;0;0;100;0;100;0;0;0;0;88;88;0;0.000;0.000;0.000;0.000;0.000;0.000;0.0;0.0;0;15;0.000;0.000;10.3;0;0.0;0;0;0;0;63;98;0;0;4127;0.00;0;0;0;0;0;0;0;0;0;0;0;0;0;0;0;0;15;0;98.0;98.0;0;0;0.00;0.00;0.00;0.0;0.0
6.870;17;0;95;0;0.0;17.000;1.156;43;41;0;0;100;0;100;0;0;0;0;85;85;0;0.000;0.000;0.000;0.000;0.000;0.000;0.0;0.0;0;16;0.000;0.000;10.3;0;-0.4;0;0;0;0;63;98;0;0;4127;0.00;0;0;0;0;0;0;0;0;0;0;0;0;0;0;0;0;16;0;95.0;95.0;0;0;0.00;0.00;0.00;0.0;0.0
6.935;17;0;96;0;0.0;17.200;1.170;43;41;0;0;100;0;100;0;0;0;0;87;87;0;0.000;0.000;0.000;0.000;0.000;0.000;0.0;0.0;0;16;0.000;0.000;10.3;0;-0.3;0;0;0;0;63;98;0;0;4127;0.00;0;0;0;0;0;0;0;0;0;0;0;0;0;0;0;0;16;0;96.0;96.0;0;0;0.00;0.00;0.00;0.0;0.0
6.935;17;0;92;0;0.0;16.800;1.143;43;41;0;0;100;0;100;0;0;0;0;82;82;0;0.000;0.000;0.000;0.000;0.000;0.000;0.0;0.0;0;17;0.000;0.000;10.3;0;-0.9;0;0;0;0;63;98;0;0;4127;0.00;0;0;0;0;0;0;0;0;0;0;0;0;0;0;0;0;17;0;92.0;92.0;2;0;0.00;0.00;0.00;0.0;0.0
7.070;18;0;90;0;0.0;19.000;1.293;43;41;0;0;100;0;100;0;0;0;0;81;81;0;0.000;0.000;0.000;0.000;0.000;0.000;0.0;0.0;0;17;0.000;0.000;9.9;0;-1.2;0;0;0;0;63;98;0;0;4465;0.00;0;0;0;0;0;0;0;0;0;0;0;0;0;0;0;0;17;0;90.0;90.0;2;0;0.00;0.00;0.00;0.0;0.0
7.136;18;0;97;0;0.0;16.700;1.136;43;41;0;0;100;0;100;0;0;0;0;87;87;0;0.000;0.000;0.000;0.000;0.000;0.000;0.0;0.0;0;15;0.000;0.000;9.9;0;-0.1;0;0;0;0;63;98;0;0;4465;0.00;0;0;0;0;0;0;0;0;0;0;0;0;0;0;0;0;15;0;97.0;97.0;2;0;0.00;0.00;0.00;0.0;0.0
7.136;18;0;86;0;0.0;18.200;1.238;43;41;0;0;100;0;100;0;0;0;0;77;77;0;0.000;0.000;0.000;0.000;0.000;0.000;0.0;0.0;0;18;0.000;0.000;9.9;0;-1.7;0;0;0;0;63;98;0;0;4465;0.00;0;0;0;0;0;0;0;0;0;0;0;0;0;0;0;0;18;0;86.0;86.0;2;0;0.00;0.00;0.00;0.0;0.0
7.205;18;0;94;0;0.0;19.000;1.293;43;41;0;0;100;0;100;0;0;0;0;84;84;0;0.000;0.000;0.000;0.000;0.000;0.000;0.0;0.0;0;16;0.000;0.000;9.9;0;-0.6;0;0;0;0;63;98;0;0;4465;0.00;0;0;0;0;0;0;0;0;0;0;0;0;0;0;0;0;16;0;94.0;94.0;2;0;0.00;0.00;0.00;0.0;0.0
7.336;18;0;85;0;0.0;18.300;1.245;43;41;0;0;100;0;100;0;0;0;0;76;76;0;0.000;0.000;0.000;0.000;0.000;0.000;0.0;0.0;0;18;0.000;0.000;9.7;0;-1.9;0;0;0;0;63;98;0;0;4465;0.00;0;0;0;0;0;0;0;0;0;0;0;0;0;0;0;0;18;0;85.0;85.0;2;0;0.00;0.00;0.00;0.0;0.0
7.402;18;0;91;0;0.0;19.400;1.320;43;41;0;0;100;0;100;0;0;0;0;81;81;0;0.000;0.000;0.000;0.000;0.000;0.000;0.0;0.0;0;17;0.000;0.000;9.7;0;-1.0;0;0;0;0;63;98;0;0;4465;0.00;0;0;0;0;0;0;0;0;0;0;0;0;0;0;0;0;17;0;91.0;91.0;2;0;0.00;0.00;0.00;0.0;0.0
7.467;18;0;85;0;0.0;19.200;1.306;43;41;0;0;100;0;100;0;0;0;0;76;76;0;0.000;0.000;0.000;0.000;0.000;0.000;0.0;0.0;0;18;0.000;0.000;9.7;0;-1.9;0;0;0;0;63;98;0;0;4465;0.00;0;0;0;0;0;0;0;0;0;0;0;0;0;0;0;0;18;0;85.0;85.0;2;0;0.00;0.00;0.00;0.0;0.0
7.537;18;248;90;22320;0.0;18.100;1.231;43;41;10;0;100;99;100;134;100;418;100;81;81;0;8.605;8.605;0.000;0.000;18.100;1.231;7.1;0.0;0;12;4.725;4.500;9.7;0;-1.2;0;0;0;0;63;98;0;0;4465;1080.24;0;0;0;0;0;0;0;0;0;0;0;0;0;0;0;0;12;0;90.0;90.0;2;0;0.00;0.00;0.00;0.0;0.0
7.537;18;248;90;22320;0.0;17.100;1.163;43;41;10;0;100;99;100;134;100;418;100;81;81;0;8.629;8.629;0.000;0.000;17.100;1.163;7.1;0.0;0;12;4.725;4.711;9.6;2480;-1.2;0;0;0;0;63;98;0;0;4465;1080.24;0;0;0;0;0;0;0;0;0;0;0;0;0;0;0;0;12;0;90.0;90.0;2;0;0.00;0.00;0.00;0.0;0.0
7.603;18;257;86;22102;0.0;17.700;1.204;43;41;10;0;100;99;100;134;100;418;100;77;77;0;8.044;8.044;0.000;0.000;17.700;1.204;6.9;0.0;0;12;4.725;4.711;9.6;90;-1.7;0;0;0;0;63;98;0;0;4465;1042.41;0;0;0;0;0;0;0;0;0;0;0;0;0;0;0;0;12;0;86.0;86.0;2;0;0.00;0.00;0.00;0.0;0.0
7.734;18;252;85;21420;0.0;17.000;1.156;43;41;10;0;100;99;100;134;100;418;100;76;76;0;7.873;7.873;0.000;0.000;17.000;1.156;6.6;0.0;0;12;4.725;4.736;9.6;90;-1.9;0;0;0;0;63;98;0;0;4465;1063.10;0;0;0;0;0;0;0;0;0;0;0;0;0;0;0;0;12;0;85.0;85.0;2;0;0.00;0.00;0.00;0.0;0.0
7.803;18;252;85;21420;0.0;17.600;1.197;43;41;10;0;100;99;100;134;100;418;100;76;76;0;7.897;7.897;0.000;0.000;17.600;1.197;6.6;0.0;0;12;4.725;4.736;9.5;-50;-1.9;0;0;0;0;63;98;0;0;4465;1063.10;0;0;0;0;0;0;0;0;0;0;0;0;0;0;0;0;12;0;85.0;85.0;2;0;0.00;0.00;0.00;0.0;0.0
7.803;18;255;85;21675;0.0;17.000;1.156;43;41;10;0;100;99;100;134;100;418;100;76;76;0;7.897;7.897;0.000;0.000;17.000;1.156;6.7;0.0;0;12;4.725;4.739;9.5;0;-1.9;0;0;0;0;63;98;0;0;4465;1050.59;0;0;0;0;0;0;0;0;0;0;0;0;0;0;0;0;12;0;85.0;85.0;2;0;0.00;0.00;0.00;0.0;0.0
7.869;18;255;85;21675;0.0;17.700;1.204;43;41;10;0;100;99;100;134;100;418;100;76;76;0;7.897;7.897;0.000;0.000;17.700;1.204;6.7;0.0;0;12;4.725;4.739;9.5;0;-1.9;0;0;0;0;63;98;0;0;4465;1050.59;0;0;0;0;0;0;0;0;0;0;0;0;0;0;0;0;12;0;85.0;85.0;2;0;0.00;0.00;0.00;0.0;0.0
8.000;18;253;85;21505;0.0;16.300;1.109;43;41;10;0;100;99;100;134;100;418;100;76;76;0;7.897;7.897;0.000;0.000;16.300;1.109;6.7;0.0;0;12;4.725;4.739;9.5;30;-1.9;0;0;0;0;63;98;0;0;4465;1058.89;0;0;0;0;0;0;0;0;0;0;0;0;0;0;0;0;12;0;85.0;85.0;2;0;0.00;0.00;0.00;0.0;0.0
8.000;19;253;85;21505;0.0;17.800;1.211;43;41;10;0;100;99;100;134;100;418;100;76;76;0;8.017;8.017;0.000;0.000;17.800;1.211;6.8;0.0;0;12;4.770;4.782;9.1;-20;-1.9;0;0;0;0;63;98;0;0;4904;1163.00;0;0;0;0;0;0;0;0;0;0;0;0;0;0;0;0;12;0;85.0;85.0;2;0;0.00;0.00;0.00;0.0;0.0
8.069;19;260;84;21840;0.0;16.200;1.102;43;41;10;0;100;99;100;134;100;418;100;75;75;0;7.904;7.904;0.000;0.000;16.200;1.102;6.9;0.0;0;12;4.770;4.782;9.1;-20;-2.0;0;0;0;0;63;98;0;0;4904;1131.69;0;0;0;0;0;0;0;0;0;0;0;0;0;0;0;0;12;0;84.0;84.0;2;0;0.00;0.00;0.00;0.0;0.0
8.200;19;260;83;21580;0.0;17.800;1.211;43;41;10;0;100;99;100;134;100;418;100;74;74;0;7.737;7.737;0.000;0.000;17.800;1.211;6.7;0.0;0;12;4.770;4.780;9.1;70;-2.2;0;0;0;0;63;98;0;0;4904;1131.69;0;0;0;0;0;0;0;0;0;0;0;0;0;0;0;0;12;0;83.0;83.0;2;0;0.00;0.00;0.00;0.0;0.0
8.200;19;254;83;21082;0.0;16.700;1.136;43;41;10;0;100;99;100;134;100;418;100;74;74;0;7.737;7.737;0.000;0.000;16.700;1.136;6.6;0.0;0;12;4.770;4.780;9.1;-60;-2.2;0;0;0;0;63;98;0;0;4904;1158.43;0;0;0;0;0;0;0;0;0;0;0;0;0;0;0;0;12;0;83.0;83.0;2;0;0.00;0.00;0.00;0.0;0.0
8.335;19;256;84;21504;0.0;17.700;1.204;43;41;10;0;100;99;100;134;100;418;100;75;75;0;8.000;8.000;0.000;0.000;17.700;1.204;6.8;0.0;0;12;4.770;4.783;8.8;-60;-2.0;0;0;0;0;63;98;0;0;4904;1149.38;0;0;0;0;0;0;0;0;0;0;0;0;0;0;0;0;12;0;84.0;84.0;2;0;0.00;0.00;0.00;0.0;0.0
8.401;19;256;84;21504;0.0;17.400;1.184;43;41;10;0;100;99;100;134;100;418;100;75;75;0;8.000;8.000;0.000;0.000;17.400;1.184;6.8;0.0;0;12;4.770;4.783;8.8;20;-2.0;0;0;0;0;63;98;0;0;4904;1149.38;0;0;0;0;0;0;0;0;0;0;0;0;0;0;0;0;12;0;84.0;84.0;2;0;0.00;0.00;0.00;0.0;0.0
8.467;19;254;84;21336;0.0;16.400;1.116;43;41;10;0;100;99;100;134;100;418;100;75;75;0;8.000;8.000;0.000;0.000;16.400;1.116;6.8;0.0;0;12;4.770;4.783;8.8;-20;-2.0;0;0;0;0;63;98;0;0;4904;1158.43;0;0;0;0;0;0;0;0;0;0;0;0;0;0;0;0;12;0;84.0;84.0;2;0;0.00;0.00;0.00;0.0;0.0
8.536;19;254;84;21336;0.0;16.900;1.150;43;41;10;0;100;99;100;134;100;418;100;75;75;0;8.000;8.000;0.000;0.000;16.900;1.150;6.8;0.0;0;12;4.770;4.783;8.8;-20;-2.0;0;0;0;0;63;98;0;0;4904;1158.43;0;0;0;0;0;0;0;0;0;0;0;0;0;0;0;0;12;0;84.0;84.0;2;0;0.00;0.00;0.00;0.0;0.0
8.602;19;260;83;21580;0.0;17.100;1.163;43;41;10;0;100;99;100;134;100;418;100;74;74;0;7.773;7.773;0.000;0.000;17.100;1.163;6.7;0.0;0;12;4.770;4.783;9.0;60;-2.2;0;0;0;0;63;98;0;0;4904;1131.69;0;0;0;0;0;0;0;0;0;0;0;0;0;0;0;0;12;0;83.0;83.0;2;0;0.00;0.00;0.00;0.0;0.0
8.667;19;260;82;21320;0.0;16.600;1.129;43;41;10;0;100;99;100;134;100;418;100;73;73;0;7.610;7.610;0.000;0.000;16.600;1.129;6.6;0.0;0;12;4.770;4.783;9.0;0;-2.3;0;0;0;0;63;98;0;0;4904;1131.69;0;0;0;0;0;0;0;0;0;0;0;0;0;0;0;0;12;0;82.0;82.0;2;0;0.00;0.00;0.00;0.0;0.0
8.667;19;255;82;20910;0.0;16.900;1.150;43;41;10;0;100;99;100;134;100;418;100;73;73;0;7.610;7.610;0.000;0.000;16.900;1.150;6.5;0.0;0;12;4.770;4.783;9.0;0;-2.3;0;0;0;0;63;98;0;0;4904;1153.88;0;0;0;0;0;0;0;0;0;0;0;0;0;0;0;0;12;0;82.0;82.0;2;0;0.00;0.00;0.00;0.0;0.0
8.802;19;256;83;21248;0.0;16.500;1.122;43;41;10;0;100;99;100;134;100;418;100;74;74;0;7.773;7.773;0.000;0.000;16.500;1.122;6.6;0.0;0;12;4.770;4.783;9.0;-50;-2.2;0;0;0;0;63;98;0;0;4904;1149.38;0;0;0;0;0;0;0;0;0;0;0;0;0;0;0;0;12;0;83.0;83.0;2;0;0.00;0.00;0.00;0.0;0.0
8.873;19;256;83;21248;0.0;16.800;1.143;43;41;10;0;100;99;100;134;100;418;100;74;74;0;7.701;7.701;0.000;0.000;16.800;1.143;6.6;0.0;0;12;4.770;4.783;9.2;10;-2.2;0;0;0;0;63;98;0;0;4904;1149.38;0;0;0;0;0;0;0;0;0;0;0;0;0;0;0;0;12;0;83.0;83.0;2;0;0.00;0.00;0.00;0.0;0.0
8.939;19;253;84;21252;0.0;16.900;1.150;43;41;10;0;100;99;100;134;100;418;100;75;75;0;7.868;7.868;0.000;0.000;16.900;1.150;6.6;0.0;0;12;4.770;4.783;9.2;10;-2.0;0;0;0;0;63;98;0;0;4904;1163.00;0;0;0;0;0;0;0;0;0;0;0;0;0;0;0;0;12;0;84.0;84.0;2;0;0.00;0.00;0.00;0.0;0.0
9.004;19;253;84;21252;0.0;16.400;1.116;43;41;10;0;100;99;100;134;100;418;100;75;75;0;7.868;7.868;0.000;0.000;16.400;1.116;6.6;0.0;0;12;4.770;4.787;9.2;-30;-2.0;0;0;0;0;63;98;0;0;4904;1163.00;0;0;0;0;0;0;0;0;0;0;0;0;0;0;0;0;12;0;84.0;84.0;2;0;0.00;0.00;0.00;0.0;0.0
9.074;20;260;83;21580;0.0;16.800;1.143;43;41;10;0;100;99;100;134;100;418;100;74;74;0;7.665;7.665;0.000;0.000;16.800;1.143;6.6;0.0;0;12;4.770;4.787;9.3;70;-2.2;0;0;0;0;63;98;0;0;1685;388.85;0;0;0;0;0;0;0;0;0;0;0;0;0;0;0;0;12;0;83.0;83.0;2;0;0.00;0.00;0.00;0.0;0.0
9.139;20;260;82;21320;0.0;16.400;1.116;43;41;10;0;100;99;100;134;100;418;100;73;73;0;7.502;7.502;0.000;0.000;16.400;1.116;6.5;0.0;0;12;4.770;4.780;9.3;70;-2.3;0;0;0;0;63;98;0;0;1685;388.85;0;0;0;0;0;0;0;0;0;0;0;0;0;0;0;0;12;0;82.0;82.0;2;0;0.00;0.00;0.00;0.0;0.0
9.204;20;254;82;20828;0.0;16.600;1.129;43;41;10;0;100;99;100;134;100;418;100;73;73;0;7.502;7.502;0.000;0.000;16.600;1.129;6.4;0.0;0;12;4.770;4.780;9.3;-60;-2.3;0;0;0;0;63;98;0;0;1685;398.03;0;0;0;0;0;0;0;0;0;0;0;0;0;0;0;0;12;0;82.0;82.0;2;0;0.00;0.00;0.00;0.0;0.0
9.270;20;256;83;21248;0.0;16.300;1.109;43;41;10;0;100;99;100;134;100;418;100;74;74;0;7.665;7.665;0.000;0.000;16.300;1.109;6.5;0.0;0;12;4.770;4.783;9.3;20;-2.2;0;0;0;0;63;98;0;0;1685;394.92;0;0;0;0;0;0;0;0;0;0;0;0;0;0;0;0;12;0;83.0;83.0;2;0;0.00;0.00;0.00;0.0;0.0
9.340;20;256;83;21248;0.0;16.600;1.129;43;41;10;0;100;99;100;134;100;418;100;74;74;0;7.665;7.665;0.000;0.000;16.600;1.129;6.5;0.0;0;12;4.770;4.783;9.3;20;-2.2;0;0;0;0;63;98;0;0;1685;394.92;0;0;0;0;0;0;0;0;0;0;0;0;0;0;0;0;12;0;83.0;83.0;2;0;0.00;0.00;0.00;0.0;0.0
9.405;20;252;84;21168;0.0;15.800;1.075;43;41;10;0;100;99;100;134;100;418;100;75;75;0;7.832;7.832;0.000;0.000;15.800;1.075;6.6;0.0;0;12;4.770;4.783;9.3;0;-2.0;0;0;0;0;63;98;0;0;1685;401.19;0;0;0;0;0;0;0;0;0;0;0;0;0;0;0;0;12;0;84.0;84.0;2;0;0.00;0.00;0.00;0.0;0.0
9.471;20;252;84;21168;0.0;16.800;1.143;43;41;10;0;100;99;100;134;100;418;100;75;75;0;7.832;7.832;0.000;0.000;16.800;1.143;6.6;0.0;0;12;4.770;4.783;9.3;0;-2.0;0;0;0;0;63;98;0;0;1685;401.19;0;0;0;0;0;0;0;0;0;0;0;0;0;0;0;0;12;0;84.0;84.0;2;0;0.00;0.00;0.00;0.0;0.0
9.536;20;259;83;21497;0.0;15.800;1.075;43;41;10;0;100;99;100;134;100;418;100;74;74;0;7.665;7.665;0.000;0.000;15.800;1.075;6.6;0.0;0;12;4.770;4.783;9.3;-40;-2.2;0;0;0;0;63;98;0;0;1685;390.35;0;0;0;0;0;0;0;0;0;0;0;0;0;0;0;0;12;0;83.0;83.0;2;0;0.00;0.00;0.00;0.0;0.0
9.605;20;259;82;21238;0.0;16.300;1.109;43;41;10;0;100;99;100;134;100;418;100;73;73;0;7.646;7.646;0.000;0.000;16.300;1.109;6.6;0.0;0;12;4.770;4.783;8.9;70;-2.3;0;0;0;0;63;98;0;0;1685;390.35;0;0;0;0;0;0;0;0;0;0;0;0;0;0;0;0;12;0;82.0;82.0;2;0;0.00;0.00;0.00;0.0;0.0
9.671;20;253;82;20746;0.0;16.200;1.102;43;41;10;0;100;99;100;134;100;418;100;73;73;0;7.646;7.646;0.000;0.000;16.200;1.102;6.4;0.0;0;12;4.770;4.783;8.9;70;-2.3;0;0;0;0;63;98;0;0;1685;399.60;0;0;0;0;0;0;0;0;0;0;0;0;0;0;0;0;12;0;82.0;82.0;2;0;0.00;0.00;0.00;0.0;0.0
9.737;20;254;83;21082;0.0;15.700;1.068;43;41;10;0;100;99;100;134;100;418;100;74;74;0;7.809;7.809;0.000;0.000;15.700;1.068;6.6;0.0;0;12;4.770;4.783;8.9;-60;-2.2;0;0;0;0;63;98;0;0;1685;398.03;0;0;0;0;0;0;0;0;0;0;0;0;0;0;0;0;12;0;83.0;83.0;2;0;0.00;0.00;0.00;0.0;0.0
9.802;20;254;83;21082;0.0;16.300;1.109;43;41;10;0;100;99;100;134;100;418;100;74;74;0;7.809;7.809;0.000;0.000;16.300;1.109;6.6;0.0;0;12;4.770;4.783;8.9;10;-2.2;0;0;0;0;63;98;0;0;1685;398.03;0;0;0;0;0;0;0;0;0;0;0;0;0;0;0;0;12;0;83.0;83.0;2;0;0.00;0.00;0.00;0.0;0.0
9.873;20;251;84;21084;0.0;15.600;1.061;43;41;10;0;100;99;100;134;100;418;100;75;75;0;8.036;8.036;0.000;0.000;15.600;1.061;6.7;0.0;0;12;4.770;4.783;8.7;10;-2.0;0;0;0;0;63;98;0;0;1685;402.79;0;0;0;0;0;0;0;0;0;0;0;0;0;0;0;0;12;0;84.0;84.0;2;0;0.00;0.00;0.00;0.0;0.0
9.938;20;251;84;21084;0.0;16.300;1.109;43;41;10;0;100;99;100;134;100;418;100;75;75;0;8.036;8.036;0.000;0.000;16.300;1.109;6.7;0.0;0;12;4.770;4.783;8.7;-30;-2.0;0;0;0;0;63;98;0;0;1685;402.79;0;0;0;0;0;0;0;0;0;0;0;0;0;0;0;0;12;0;84.0;84.0;2;0;0.00;0.00;0.00;0.0;0.0
10.003;20;258;83;21414;0.0;15.700;1.068;43;41;10;0;100;99;100;134;100;418;100;74;74;0;7.869;7.869;0.000;0.000;15.700;1.068;6.8;0.0;0;12;4.770;3.300;8.7;70;-2.2;0;0;0;0;63;98;0;0;1685;391.86;0;0;0;0;0;0;0;0;0;0;0;0;0;0;0;0;12;0;83.0;83.0;2;0;0.00;0.00;0.00;0.0;0.0
10.072;20;258;83;21414;0.0;16.300;1.109;43;41;10;0;100;99;100;134;100;418;100;74;74;0;7.869;7.869;0.000;0.000;16.300;1.109;6.8;0.0;0;12;4.770;6.654;8.7;70;-2.2;0;0;0;0;63;98;0;0;1685;391.86;0;0;0;0;0;0;0;0;0;0;0;0;0;0;0;0;12;0;83.0;83.0;2;0;0.00;0.00;0.00;0.0;0.0
10.138;21;252;82;20664;0.0;15.600;1.061;43;41;10;0;100;99;100;134;100;418;100;73;73;0;7.706;7.706;0.000;0.000;15.600;1.061;6.5;0.0;0;12;4.770;6.654;8.7;0;-2.3;0;0;0;0;63;98;0;0;1681;400.24;0;0;0;0;0;0;0;0;0;0;0;0;0;0;0;0;12;0;82.0;82.0;2;0;0.00;0.00;0.00;0.0;0.0
10.203;21;253;83;20999;0.0;16.100;1.095;43;41;10;0;100;99;100;134;100;418;100;74;74;0;7.869;7.869;0.000;0.000;16.100;1.095;6.6;0.0;0;12;4.770;2.224;8.7;-60;-2.2;0;0;0;0;63;98;0;0;1681;398.66;0;0;0;0;0;0;0;0;0;0;0;0;0;0;0;0;12;0;83.0;83.0;2;0;0.00;0.00;0.00;0.0;0.0
10.269;21;253;83;20999;0.0;16.000;1.088;43;41;10;0;100;99;100;134;100;418;100;74;74;0;7.869;7.869;0.000;0.000;16.000;1.088;6.6;0.0;0;12;4.770;2.224;8.7;-60;-2.2;0;0;0;0;63;98;0;0;1681;398.66;0;0;0;0;0;0;0;0;0;0;0;0;0;0;0;0;12;0;83.0;83.0;2;0;0.00;0.00;0.00;0.0;0.0
10.339;21;249;84;20916;0.0;15.800;1.075;43;41;10;0;100;99;100;134;100;418;100;75;75;0;7.940;7.940;0.000;0.000;15.800;1.075;6.6;0.0;0;12;4.770;4.406;9.0;10;-2.0;0;0;0;0;63;98;0;0;1681;405.06;0;0;0;0;0;0;0;0;0;0;0;0;0;0;0;0;12;0;84.0;84.0;2;0;0.00;0.00;0.00;0.0;0.0
10.405;21;249;84;20916;0.0;15.700;1.068;43;41;10;0;100;99;100;134;100;418;100;75;75;0;7.940;7.940;0.000;0.000;15.700;1.068;6.6;0.0;0;12;4.770;4.406;9.0;-40;-2.0;0;0;0;0;63;98;0;0;1681;405.06;0;0;0;0;0;0;0;0;0;0;0;0;0;0;0;0;12;0;84.0;84.0;2;0;0.00;0.00;0.00;0.0;0.0
10.470;21;256;83;21248;0.0;15.700;1.068;43;41;10;0;100;99;100;134;100;418;100;74;74;0;7.773;7.773;0.000;0.000;15.700;1.068;6.6;0.0;0;12;4.770;2.949;9.0;-40;-2.2;0;0;0;0;63;98;0;0;1681;393.98;0;0;0;0;0;0;0;0;0;0;0;0;0;0;0;0;12;0;83.0;83.0;2;0;0.00;0.00;0.00;0.0;0.0
10.536;21;256;83;21248;0.0;15.700;1.068;43;41;10;0;100;99;100;134;100;418;100;74;74;0;7.773;7.773;0.000;0.000;15.700;1.068;6.6;0.0;0;12;4.770;6.783;9.0;70;-2.2;0;0;0;0;63;98;0;0;1681;393.98;0;0;0;0;0;0;0;0;0;0;0;0;0;0;0;0;12;0;83.0;83.0;2;0;0.00;0.00;0.00;0.0;0.0
10.606;21;250;82;20500;0.0;15.500;1.054;43;41;10;0;100;99;100;134;100;418;100;73;73;0;7.538;7.538;0.000;0.000;15.500;1.054;6.3;0.0;0;12;4.770;6.783;9.2;-60;-2.3;0;0;0;0;63;98;0;0;1681;403.44;0;0;0;0;0;0;0;0;0;0;0;0;0;0;0;0;12;0;82.0;82.0;2;0;0.00;0.00;0.00;0.0;0.0
10.671;21;250;83;20750;0.0;15.700;1.068;43;41;10;0;100;99;100;134;100;418;100;74;74;0;7.701;7.701;0.000;0.000;15.700;1.068;6.4;0.0;0;12;4.770;2.493;9.2;-60;-2.2;0;0;0;0;63;98;0;0;1681;403.44;0;0;0;0;0;0;0;0;0;0;0;0;0;0;0;0;12;0;83.0;83.0;2;0;0.00;0.00;0.00;0.0;0.0
10.737;21;251;83;20833;0.0;15.600;1.061;43;41;10;0;100;99;100;134;100;418;100;74;74;0;7.701;7.701;0.000;0.000;15.600;1.061;6.4;0.0;0;12;4.770;2.493;9.2;10;-2.2;0;0;0;0;63;98;0;0;1681;401.83;0;0;0;0;0;0;0;0;0;0;0;0;0;0;0;0;12;0;83.0;83.0;2;0;0.00;0.00;0.00;0.0;0.0
10.805;21;248;84;20832;0.0;15.600;1.061;43;41;10;0;100;99;100;134;100;418;100;75;75;0;7.868;7.868;0.000;0.000;15.600;1.061;6.5;0.0;0;12;4.770;4.307;9.2;0;-2.0;0;0;0;0;63;98;0;0;1681;406.69;0;0;0;0;0;0;0;0;0;0;0;0;0;0;0;0;12;0;84.0;84.0;2;0;0.00;0.00;0.00;0.0;0.0
10.872;21;248;84;20832;0.0;15.600;1.061;43;41;10;0;100;99;100;134;100;418;100;75;75;0;7.832;7.832;0.000;0.000;15.600;1.061;6.5;0.0;0;12;4.770;4.307;9.3;0;-2.0;0;0;0;0;63;98;0;0;1681;406.69;0;0;0;0;0;0;0;0;0;0;0;0;0;0;0;0;12;0;84.0;84.0;2;0;0.00;0.00;0.00;0.0;0.0
10.937;21;255;83;21165;0.0;15.600;1.061;43;41;10;0;100;99;100;134;100;418;100;74;74;0;7.665;7.665;0.000;0.000;15.600;1.061;6.5;0.0;0;12;4.770;3.040;9.3;-30;-2.2;0;0;0;0;63;98;0;0;1681;395.53;0;0;0;0;0;0;0;0;0;0;0;0;0;0;0;0;12;0;83.0;83.0;2;0;0.00;0.00;0.00;0.0;0.0
11.006;21;255;83;21165;0.0;15.700;1.068;43;41;10;0;100;99;100;134;100;418;100;74;74;0;7.665;7.665;0.000;0.000;15.700;1.068;6.5;0.0;0;12;4.770;3.040;9.3;70;-2.2;0;0;0;0;63;98;0;0;1681;395.53;0;0;0;0;0;0;0;0;0;0;0;0;0;0;0;0;12;0;83.0;83.0;2;0;0.00;0.00;0.00;0.0;0.0
11.073;21;250;82;20500;0.0;15.500;1.054;43;41;10;0;100;99;100;134;100;418;100;73;73;0;7.502;7.502;0.000;0.000;15.500;1.054;6.3;0.0;0;12;4.770;7.065;9.3;70;-2.3;0;0;0;0;63;98;0;0;1681;403.44;0;0;0;0;0;0;0;0;0;0;0;0;0;0;0;0;12;0;82.0;82.0;2;0;0.00;0.00;0.00;0.0;0.0
11.138;22;250;82;20500;0.0;15.600;1.061;43;41;10;0;100;99;100;134;100;418;100;73;73;0;7.466;7.466;0.000;0.000;15.600;1.061;6.2;0.0;0;12;4.725;2.801;9.4;-50;-2.3;0;0;0;0;63;98;0;0;1684;404.16;0;0;0;0;0;0;0;0;0;0;0;0;0;0;0;0;12;0;82.0;82.0;2;0;0.00;0.00;0.00;0.0;0.0
11.204;22;251;83;20833;0.0;15.600;1.061;43;41;10;0;100;99;100;134;100;418;100;74;74;0;7.629;7.629;0.000;0.000;15.600;1.061;6.4;0.0;0;12;4.725;2.801;9.4;10;-2.2;0;0;0;0;63;98;0;0;1684;402.55;0;0;0;0;0;0;0;0;0;0;0;0;0;0;0;0;12;0;83.0;83.0;2;0;0.00;0.00;0.00;0.0;0.0
11.273;22;251;84;21084;0.0;17.700;1.204;43;41;10;0;100;99;100;134;100;418;100;75;75;0;7.796;7.796;0.000;0.000;17.700;1.204;6.5;0.0;0;12;4.725;4.795;9.4;10;-2.0;0;0;0;0;63;98;0;0;1684;402.55;0;0;0;0;0;0;0;0;0;0;0;0;0;0;0;0;12;0;84.0;84.0;2;0;0.00;0.00;0.00;0.0;0.0
11.338;22;251;84;21084;0.0;17.500;1.190;43;41;10;0;100;99;100;134;100;418;100;75;75;0;7.796;7.796;0.000;0.000;17.500;1.190;6.5;0.0;0;12;4.725;4.795;9.4;0;-2.0;0;0;0;0;63;98;0;0;1684;402.55;0;0;0;0;0;0;0;0;0;0;0;0;0;0;0;0;12;0;84.0;84.0;2;0;0.00;0.00;0.00;0.0;0.0
11.403;22;143;84;12012;0.0;16.900;1.150;43;41;10;0;100;99;100;134;100;418;100;75;75;0;7.784;7.784;0.000;0.000;16.900;1.150;3.7;0.0;0;12;4.725;4.795;9.5;-1080;-2.0;0;0;0;0;63;98;0;0;1684;706.57;0;0;0;0;0;0;0;0;0;0;0;0;0;0;0;0;12;0;84.0;84.0;2;0;0.00;0.00;0.00;0.0;0.0
11.469;22;143;84;12012;0.0;19.100;1.299;43;41;10;0;100;99;100;134;100;418;100;75;75;0;7.784;7.784;0.000;0.000;19.100;1.299;3.7;0.0;0;12;4.725;4.795;9.5;-1080;-2.0;0;0;0;0;63;98;0;0;1684;706.57;0;0;0;0;0;0;0;0;0;0;0;0;0;0;0;0;12;0;84.0;84.0;2;0;0.00;0.00;0.00;0.0;0.0
11.534;22;143;99;14157;0.0;19.600;1.333;43;41;10;0;100;99;100;134;100;418;100;88;88;0;9.970;9.970;0.000;0.000;19.600;1.333;4.8;0.0;0;12;4.725;4.746;9.5;0;0.1;0;0;0;0;63;98;0;0;1684;706.57;0;0;0;0;0;0;0;0;0;0;0;0;0;0;0;0;12;0;99.0;99.0;2;0;0.00;0.00;0.00;0.0;0.0
11.604;22;143;99;14157;0.0;19.700;1.340;43;41;10;0;100;99;100;134;100;418;100;88;88;0;9.970;9.970;0.000;0.000;19.700;1.340;4.8;0.0;0;12;4.725;4.746;9.5;0;0.1;0;0;0;0;63;98;0;0;1684;706.57;0;0;0;0;0;0;0;0;0;0;0;0;0;0;0;0;12;0;99.0;99.0;2;0;0.00;0.00;0.00;0.0;0.0
11.670;22;445;99;44055;0.0;17.000;1.156;43;41;9;0;100;99;100;134;100;418;100;88;88;0;9.946;9.946;0.000;0.000;17.000;1.156;14.8;0.0;0;14;3.150;4.746;9.6;0;0.1;0;0;0;0;63;98;0;0;1684;227.06;0;0;0;0;0;0;0;0;0;0;0;0;0;0;0;0;14;0;99.0;99.0;2;0;0.00;0.00;0.00;0.0;0.0
11.735;22;4729;99;468171;0.0;15.400;1.048;43;41;13;0;100;99;100;134;100;396;100;84;84;0;5.709;5.709;0.000;0.000;15.400;1.048;90.0;0.0;0;32;3.150;4.746;9.6;3020;0.1;0;0;0;0;63;98;0;0;1684;21.37;0;0;0;0;0;0;0;0;0;0;0;0;0;0;0;0;32;0;99.0;99.0;2;0;0.00;0.00;0.00;0.0;0.0
11.801;22;445;99;44055;0.0;15.000;1.020;43;41;13;0;100;99;100;134;100;396;100;88;88;0;9.534;9.534;0.000;0.000;15.000;1.020;14.1;0.0;0;14;3.150;4.746;9.6;3020;0.1;0;0;0;0;63;98;0;0;1684;227.06;0;0;0;0;0;0;0;0;0;0;0;0;0;0;0;0;14;0;99.0;99.0;2;0;0.00;0.00;0.00;0.0;0.0
11.870;22;4729;99;468171;0.0;14.900;1.014;43;41;13;0;100;99;100;134;100;375;100;84;84;0;5.709;5.709;0.000;0.000;14.900;1.014;90.0;0.0;0;32;3.180;4.746;5.1;-22696;0.1;0;0;0;0;64;98;0;0;1684;21.37;0;0;0;0;0;0;0;0;0;0;0;0;0;0;0;0;32;0;99.0;99.0;2;0;0.00;0.00;0.00;0.0;0.0
11.870;22;4729;99;468171;0.0;14.900;1.014;43;41;13;0;100;99;100;134;100;356;100;84;84;0;5.709;5.709;0.000;0.000;14.900;1.014;90.0;0.0;0;32;3.180;4.746;5.1;22696;0.1;0;0;0;0;65;98;0;0;1684;21.37;0;0;0;0;0;0;0;0;0;0;0;0;0;0;0;0;32;0;99.0;99.0;2;0;0.00;0.00;0.00;0.0;0.0
12.001;22;0;98;0;0.0;14.900;1.014;43;41;0;0;100;99;100;134;100;356;100;88;88;0;0.000;5.709;0.000;0.000;14.900;1.014;0.0;0.0;0;15;3.180;4.746;5.1;0;0.0;0;0;0;0;65;98;0;0;1684;0.00;0;0;0;0;0;0;0;0;0;0;0;0;0;0;0;0;15;0;98.0;98.0;0;0;0.00;0.00;0.00;0.0;0.0
12.071;22;0;98;0;0.0;14.900;1.014;43;41;0;0;100;99;100;134;100;356;100;88;88;0;0.000;5.709;0.000;0.000;14.900;1.014;0.0;0.0;0;15;3.180;4.746;5.1;0;0.0;0;0;0;0;65;98;0;0;1684;0.00;0;0;0;0;0;0;0;0;0;0;0;0;0;0;0;0;15;0;98.0;98.0;0;0;0.00;0.00;0.00;0.0;0.0
12.136;23;0;98;0;0.0;14.900;1.014;43;41;0;0;100;99;100;134;100;356;100;88;88;0;0.000;5.709;0.000;0.000;14.900;1.014;0.0;0.0;0;15;3.180;4.746;2.7;0;0.0;0;0;0;0;65;98;0;0;1750;0.00;0;0;0;0;0;0;0;0;0;0;0;0;0;0;0;0;15;0;98.0;98.0;0;0;0.00;0.00;0.00;0.0;0.0
12.202;23;0;98;0;0.0;14.900;1.014;43;41;0;0;100;99;100;134;100;356;100;88;88;0;0.000;5.709;0.000;0.000;14.900;1.014;0.0;0.0;0;15;3.180;4.746;2.7;0;0.0;0;0;0;0;65;98;0;0;1750;0.00;0;0;0;0;0;0;0;0;0;0;0;0;0;0;0;0;15;0;98.0;98.0;0;0;0.00;0.00;0.00;0.0;0.0
12.268;23;0;98;0;0.0;14.900;1.014;43;41;0;0;100;99;100;134;100;356;100;88;88;0;0.000;5.709;0.000;0.000;14.900;1.014;0.0;0.0;0;15;3.180;4.746;2.7;0;0.0;0;0;0;0;65;98;0;0;1750;0.00;0;0;0;0;0;0;0;0;0;0;0;0;0;0;0;0;15;0;98.0;98.0;0;0;0.00;0.00;0.00;0.0;0.0
12.333;23;0;98;0;0.0;14.900;1.014;43;41;0;0;100;99;100;134;100;356;100;88;88;0;0.000;5.709;0.000;0.000;14.900;1.014;0.0;0.0;0;15;3.180;4.746;2.7;0;0.0;0;0;0;0;65;98;0;0;1750;0.00;0;0;0;0;0;0;0;0;0;0;0;0;0;0;0;0;15;0;98.0;98.0;0;0;0.00;0.00;0.00;0.0;0.0
12.403;23;0;98;0;0.0;14.900;1.014;43;41;0;0;100;99;100;134;100;356;100;88;88;0;0.000;5.709;0.000;0.000;14.900;1.014;0.0;0.0;0;15;3.180;4.746;1.4;0;0.0;0;0;0;0;65;98;0;0;1750;0.00;0;0;0;0;0;0;0;0;0;0;0;0;0;0;0;0;15;0;98.0;98.0;0;0;0.00;0.00;0.00;0.0;0.0
12.468;23;0;98;0;0.0;14.900;1.014;43;41;0;0;100;99;100;134;100;356;100;88;88;0;0.000;5.709;0.000;0.000;14.900;1.014;0.0;0.0;0;15;3.180;4.746;1.4;0;0.0;0;0;0;0;65;98;0;0;1750;0.00;0;0;0;0;0;0;0;0;0;0;0;0;0;0;0;0;15;0;98.0;98.0;0;0;0.00;0.00;0.00;0.0;0.0
12.534;23;0;98;0;0.0;14.900;1.014;43;41;0;0;100;99;100;134;100;356;100;88;88;0;0.000;5.709;0.000;0.000;14.900;1.014;0.0;0.0;0;15;3.180;4.746;1.4;0;0.0;0;0;0;0;65;98;0;0;1750;0.00;0;0;0;0;0;0;0;0;0;0;0;0;0;0;0;0;15;0;98.0;98.0;0;0;0.00;0.00;0.00;0.0;0.0
12.603;23;0;98;0;0.0;14.900;1.014;43;41;0;0;100;99;100;134;100;356;100;88;88;0;0.000;5.709;0.000;0.000;14.900;1.014;0.0;0.0;0;15;3.180;4.746;1.4;0;0.0;0;0;0;0;65;98;0;0;1750;0.00;0;0;0;0;0;0;0;0;0;0;0;0;0;0;0;0;15;0;98.0;98.0;0;0;0.00;0.00;0.00;0.0;0.0
12.669;23;0;98;0;0.0;14.900;1.014;43;41;0;0;100;99;100;134;100;356;100;88;88;0;0.000;5.709;0.000;0.000;14.900;1.014;0.0;0.0;0;15;3.180;4.746;0.7;0;0.0;0;0;0;0;65;98;0;0;1750;0.00;0;0;0;0;0;0;0;0;0;0;0;0;0;0;0;0;15;0;98.0;98.0;0;0;0.00;0.00;0.00;0.0;0.0
12.735;23;0;98;0;0.0;14.900;1.014;43;41;0;0;100;99;100;134;100;356;100;88;88;0;0.000;5.709;0.000;0.000;14.900;1.014;0.0;0.0;0;15;3.180;4.746;0.7;0;0.0;0;0;0;0;65;98;0;0;1750;0.00;0;0;0;0;0;0;0;0;0;0;0;0;0;0;0;0;15;0;98.0;98.0;0;0;0.00;0.00;0.00;0.0;0.0
12.800;23;0;98;0;0.0;14.900;1.014;43;41;0;0;100;99;100;134;100;356;100;88;88;0;0.000;5.709;0.000;0.000;14.900;1.014;0.0;0.0;0;15;3.180;4.746;0.7;0;0.0;0;0;0;0;65;98;0;0;1750;0.00;0;0;0;0;0;0;0;0;0;0;0;0;0;0;0;0;15;0;98.0;98.0;0;0;0.00;0.00;0.00;0.0;0.0
12.869;23;0;98;0;0.0;14.900;1.014;43;41;0;0;100;99;100;134;100;356;100;88;88;0;0.000;5.709;0.000;0.000;14.900;1.014;0.0;0.0;0;15;3.180;4.746;0.7;0;0.0;0;0;0;0;65;98;0;0;1750;0.00;0;0;0;0;0;0;0;0;0;0;0;0;0;0;0;0;15;0;98.0;98.0;0;0;0.00;0.00;0.00;0.0;0.0
12.935;23;0;98;0;0.0;14.900;1.014;43;41;0;0;100;99;100;134;100;356;100;88;88;0;0.000;5.709;0.000;0.000;14.900;1.014;0.0;0.0;0;15;3.180;4.746;0.3;0;0.0;0;0;0;0;65;98;0;0;1750;0.00;0;0;0;0;0;0;0;0;0;0;0;0;0;0;0;0;15;0;98.0;98.0;0;0;0.00;0.00;0.00;0.0;0.0
13.001;23;0;98;0;0.0;14.900;1.014;43;41;0;0;100;99;100;134;100;356;100;88;88;0;0.000;5.709;0.000;0.000;14.900;1.014;0.0;0.0;0;15;3.180;4.746;0.3;0;0.0;0;0;0;0;65;98;0;0;1750;0.00;0;0;0;0;0;0;0;0;0;0;0;0;0;0;0;0;15;0;98.0;98.0;0;0;0.00;0.00;0.00;0.0;0.0
13.070;23;0;98;0;0.0;14.900;1.014;43;41;0;0;100;99;100;134;100;356;100;88;88;0;0.000;5.709;0.000;0.000;14.900;1.014;0.0;0.0;0;15;3.180;4.746;0.3;0;0.0;0;0;0;0;65;98;0;0;1750;0.00;0;0;0;0;0;0;0;0;0;0;0;0;0;0;0;0;15;0;98.0;98.0;0;0;0.00;0.00;0.00;0.0;0.0
13.137;24;0;98;0;0.0;14.900;1.014;43;41;0;0;100;99;100;134;100;356;100;88;88;0;0.000;5.709;0.000;0.000;14.900;1.014;0.0;0.0;0;15;3.180;4.746;0.1;0;0.0;0;0;0;0;65;98;0;0;4112;0.00;0;0;0;0;0;0;0;0;0;0;0;0;0;0;0;0;15;0;98.0;98.0;0;0;0.00;0.00;0.00;0.0;0.0
13.201;24;0;98;0;0.0;14.900;1.014;43;41;0;0;100;99;100;134;100;356;100;88;88;0;0.000;5.709;0.000;0.000;14.900;1.014;0.0;0.0;0;15;3.180;4.746;0.1;0;0.0;0;0;0;0;65;98;0;0;4112;0.00;0;0;0;0;0;0;0;0;0;0;0;0;0;0;0;0;15;0;98.0;98.0;0;0;0.00;0.00;0.00;0.0;0.0
13.268;24;0;98;0;0.0;14.900;1.014;43;41;0;0;100;99;100;134;100;356;100;88;88;0;0.000;5.709;0.000;0.000;14.900;1.014;0.0;0.0;0;15;3.180;4.746;0.1;0;0.0;0;0;0;0;65;98;0;0;4112;0.00;0;0;0;0;0;0;0;0;0;0;0;0;0;0;0;0;15;0;98.0;98.0;0;0;0.00;0.00;0.00;0.0;0.0
13.337;24;0;98;0;0.0;14.900;1.014;43;41;0;0;100;99;100;134;100;356;100;88;88;0;0.000;5.709;0.000;0.000;14.900;1.014;0.0;0.0;0;15;3.180;4.746;0.1;0;0.0;0;0;0;0;65;98;0;0;4112;0.00;0;0;0;0;0;0;0;0;0;0;0;0;0;0;0;0;15;0;98.0;98.0;0;0;0.00;0.00;0.00;0.0;0.0
13.403;24;0;98;0;0.0;14.900;1.014;43;41;0;0;100;99;100;134;100;356;100;88;88;0;0.000;5.709;0.000;0.000;14.900;1.014;0.0;0.0;0;15;3.180;4.746;0.0;0;0.0;0;0;0;0;65;98;0;0;4112;0.00;0;0;0;0;0;0;0;0;0;0;0;0;0;0;0;0;15;0;98.0;98.0;0;0;0.00;0.00;0.00;0.0;0.0
13.473;24;0;98;0;0.0;14.900;1.014;43;41;0;0;100;99;100;134;100;356;100;88;88;0;0.000;5.709;0.000;0.000;14.900;1.014;0.0;0.0;0;15;3.180;4.746;0.0;0;0.0;0;0;0;0;65;98;0;0;4112;0.00;0;0;0;0;0;0;0;0;0;0;0;0;0;0;0;0;15;0;98.0;98.0;0;0;0.00;0.00;0.00;0.0;0.0
13.538;24;0;98;0;0.0;14.900;1.014;43;41;0;0;100;99;100;134;100;356;100;88;88;0;0.000;5.709;0.000;0.000;14.900;1.014;0.0;0.0;0;15;3.180;4.746;0.0;0;0.0;0;0;0;0;65;98;0;0;4112;0.00;0;0;0;0;0;0;0;0;0;0;0;0;0;0;0;0;15;0;98.0;98.0;0;0;0.00;0.00;0.00;0.0;0.0
13.603;24;0;98;0;0.0;14.900;1.014;43;41;0;0;100;99;100;134;100;356;100;88;88;0;0.000;5.709;0.000;0.000;14.900;1.014;0.0;0.0;0;15;3.180;4.746;0.0;0;0.0;0;0;0;0;65;98;0;0;4112;0.00;0;0;0;0;0;0;0;0;0;0;0;0;0;0;0;0;15;0;98.0;98.0;0;0;0.00;0.00;0.00;0.0;0.0
13.669;24;0;98;0;0.0;14.900;1.014;43;41;0;0;100;99;100;134;100;356;100;88;88;0;0.000;5.709;0.000;0.000;14.900;1.014;0.0;0.0;0;15;3.180;4.746;0.0;0;0.0;0;0;0;0;65;98;0;0;4112;0.00;0;0;0;0;0;0;0;0;0;0;0;0;0;0;0;0;15;0;98.0;98.0;0;0;0.00;0.00;0.00;0.0;0.0
13.739;24;0;98;0;0.0;15.000;1.020;43;41;0;0;100;99;100;134;100;356;100;88;88;0;0.000;5.709;0.000;0.000;14.900;1.014;0.0;0.0;0;15;3.180;4.746;0.0;0;0.0;0;0;0;0;65;98;0;0;4112;0.00;0;0;0;0;0;0;0;0;0;0;0;0;0;0;0;0;15;0;98.0;98.0;0;0;0.00;0.00;0.00;0.0;0.0
13.804;24;0;98;0;0.0;14.900;1.014;43;41;0;0;100;99;100;134;100;356;100;88;88;0;0.000;5.709;0.000;0.000;14.900;1.014;0.0;0.0;0;15;3.180;4.746;0.0;0;0.0;0;0;0;0;65;98;0;0;4112;0.00;0;0;0;0;0;0;0;0;0;0;0;0;0;0;0;0;15;0;98.0;98.0;0;0;0.00;0.00;0.00;0.0;0.0
13.869;24;0;98;0;0.0;14.900;1.014;43;41;0;0;100;99;100;134;100;356;100;88;88;0;0.000;5.709;0.000;0.000;14.900;1.014;0.0;0.0;0;15;3.180;4.746;0.0;0;0.0;0;0;0;0;65;98;0;0;4112;0.00;0;0;0;0;0;0;0;0;0;0;0;0;0;0;0;0;15;0;98.0;98.0;0;0;0.00;0.00;0.00;0.0;0.0
13.938;24;0;98;0;0.0;14.900;1.014;43;41;0;0;100;99;100;134;100;356;100;88;88;0;0.000;5.709;0.000;0.000;14.900;1.014;0.0;0.0;0;15;3.180;4.746;0.0;0;0.0;0;0;0;0;65;98;0;0;4112;0.00;0;0;0;0;0;0;0;0;0;0;0;0;0;0;0;0;15;0;98.0;98.0;0;0;0.00;0.00;0.00;0.0;0.0
14.004;24;0;98;0;0.0;14.900;1.014;43;41;0;0;100;99;100;134;100;356;100;88;88;0;0.000;5.709;0.000;0.000;14.900;1.014;0.0;0.0;0;15;3.180;4.746;0.0;0;0.0;0;0;0;0;65;98;0;0;4112;0.00;0;0;0;0;0;0;0;0;0;0;0;0;0;0;0;0;15;0;98.0;98.0;0;0;0.00;0.00;0.00;0.0;0.0
14.070;24;0;98;0;0.0;14.900;1.014;43;41;0;0;100;99;100;134;100;356;100;88;88;0;0.000;5.709;0.000;0.000;14.900;1.014;0.0;0.0;0;15;3.180;4.746;0.0;0;0.0;0;0;0;0;65;98;0;0;4112;0.00;0;0;0;0;0;0;0;0;0;0;0;0;0;0;0;0;15;0;98.0;98.0;0;0;0.00;0.00;0.00;0.0;0.0
14.135;24;0;98;0;0.0;14.900;1.014;43;41;0;0;100;99;100;134;100;356;100;88;88;0;0.000;5.709;0.000;0.000;14.900;1.014;0.0;0.0;0;15;3.180;4.746;0.0;0;0.0;0;0;0;0;65;98;0;0;4112;0.00;0;0;0;0;0;0;0;0;0;0;0;0;0;0;0;0;15;0;98.0;98.0;0;0;0.00;0.00;0.00;0.0;0.0
14.201;25;0;98;0;0.0;14.900;1.014;43;41;0;0;100;99;100;134;100;356;100;88;88;0;0.000;5.709;0.000;0.000;14.900;1.014;0.0;0.0;0;15;3.180;4.746;0.0;0;0.0;0;0;0;0;65;98;0;0;4093;0.00;0;0;0;0;0;0;0;0;0;0;0;0;0;0;0;0;15;0;98.0;98.0;0;0;0.00;0.00;0.00;0.0;0.0
14.201;25;0;98;0;0.0;14.900;1.014;43;41;0;0;100;99;100;134;100;356;100;88;88;0;0.000;5.709;0.000;0.000;14.900;1.014;0.0;0.0;0;15;3.180;4.746;0.0;0;0.0;0;0;0;0;65;98;0;0;4093;0.00;0;0;0;0;0;0;0;0;0;0;0;0;0;0;0;0;15;0;98.0;98.0;0;0;0.00;0.00;0.00;0.0;0.0
14.336;25;0;98;0;0.0;14.900;1.014;43;41;0;0;100;99;100;134;100;356;100;88;88;0;0.000;5.709;0.000;0.000;14.900;1.014;0.0;0.0;0;15;3.180;4.746;0.0;0;0.0;0;0;0;0;65;98;0;0;4093;0.00;0;0;0;0;0;0;0;0;0;0;0;0;0;0;0;0;15;0;98.0;98.0;0;0;0.00;0.00;0.00;0.0;0.0
14.407;25;0;98;0;0.0;14.900;1.014;43;41;0;0;100;99;100;134;100;356;100;88;88;0;0.000;5.709;0.000;0.000;14.900;1.014;0.0;0.0;0;15;3.180;4.746;0.0;0;0.0;0;0;0;0;65;98;0;0;4093;0.00;0;0;0;0;0;0;0;0;0;0;0;0;0;0;0;0;15;0;98.0;98.0;0;0;0.00;0.00;0.00;0.0;0.0
14.472;25;0;98;0;0.0;14.900;1.014;43;41;0;0;100;99;100;134;100;356;100;88;88;0;0.000;5.709;0.000;0.000;14.900;1.014;0.0;0.0;0;15;3.180;4.746;0.0;0;0.0;0;0;0;0;65;98;0;0;4093;0.00;0;0;0;0;0;0;0;0;0;0;0;0;0;0;0;0;15;0;98.0;98.0;0;0;0.00;0.00;0.00;0.0;0.0
14.537;25;0;98;0;0.0;14.900;1.014;43;41;0;0;100;99;100;134;100;356;100;88;88;0;0.000;5.709;0.000;0.000;14.900;1.014;0.0;0.0;0;15;3.180;4.746;0.0;0;0.0;0;0;0;0;65;98;0;0;4093;0.00;0;0;0;0;0;0;0;0;0;0;0;0;0;0;0;0;15;0;98.0;98.0;0;0;0.00;0.00;0.00;0.0;0.0
14.602;25;0;98;0;0.0;14.900;1.014;43;41;0;0;100;99;100;134;100;356;100;88;88;0;0.000;5.709;0.000;0.000;14.900;1.014;0.0;0.0;0;15;3.180;4.746;0.0;0;0.0;0;0;0;0;65;98;0;0;4093;0.00;0;0;0;0;0;0;0;0;0;0;0;0;0;0;0;0;15;0;98.0;98.0;0;0;0.00;0.00;0.00;0.0;0.0
14.668;25;0;98;0;0.0;14.900;1.014;43;41;0;0;100;99;100;134;100;356;100;88;88;0;0.000;5.709;0.000;0.000;14.900;1.014;0.0;0.0;0;15;3.180;4.746;0.0;0;0.0;0;0;0;0;65;98;0;0;4093;0.00;0;0;0;0;0;0;0;0;0;0;0;0;0;0;0;0;15;0;98.0;98.0;0;0;0.00;0.00;0.00;0.0;0.0
14.738;25;0;98;0;0.0;14.900;1.014;43;41;0;0;100;99;100;134;100;356;100;88;88;0;0.000;5.709;0.000;0.000;14.900;1.014;0.0;0.0;0;15;3.180;4.746;0.0;0;0.0;0;0;0;0;65;98;0;0;4093;0.00;0;0;0;0;0;0;0;0;0;0;0;0;0;0;0;0;15;0;98.0;98.0;0;0;0.00;0.00;0.00;0.0;0.0
14.803;25;0;98;0;0.0;14.900;1.014;43;41;0;0;100;99;100;134;100;356;100;88;88;0;0.000;5.709;0.000;0.000;14.900;1.014;0.0;0.0;0;15;3.180;4.746;0.0;0;0.0;0;0;0;0;65;98;0;0;4093;0.00;0;0;0;0;0;0;0;0;0;0;0;0;0;0;0;0;15;0;98.0;98.0;0;0;0.00;0.00;0.00;0.0;0.0
14.874;25;0;98;0;0.0;14.900;1.014;43;41;0;0;100;99;100;134;100;356;100;88;88;0;0.000;5.709;0.000;0.000;14.900;1.014;0.0;0.0;0;15;3.180;4.746;0.0;0;0.0;0;0;0;0;65;98;0;0;4093;0.00;0;0;0;0;0;0;0;0;0;0;0;0;0;0;0;0;15;0;98.0;98.0;0;0;0.00;0.00;0.00;0.0;0.0
14.938;25;0;98;0;0.0;15.000;1.020;43;41;0;0;100;99;100;134;100;356;100;88;88;0;0.000;5.709;0.000;0.000;14.900;1.014;0.0;0.0;0;15;3.180;4.746;0.0;0;0.0;0;0;0;0;65;98;0;0;4093;0.00;0;0;0;0;0;0;0;0;0;0;0;0;0;0;0;0;15;0;98.0;98.0;0;0;0.00;0.00;0.00;0.0;0.0
15.004;25;0;98;0;0.0;14.900;1.014;43;41;0;0;100;99;100;134;100;356;100;88;88;0;0.000;5.709;0.000;0.000;14.900;1.014;0.0;0.0;0;15;3.180;4.746;0.0;0;0.0;0;0;0;0;65;98;0;0;4093;0.00;0;0;0;0;0;0;0;0;0;0;0;0;0;0;0;0;15;0;98.0;98.0;0;0;0.00;0.00;0.00;0.0;0.0
15.070;25;0;98;0;0.0;14.900;1.014;43;41;0;0;100;99;100;134;100;356;100;88;88;0;0.000;5.709;0.000;0.000;14.900;1.014;0.0;0.0;0;15;3.180;4.746;0.0;0;0.0;0;0;0;0;65;98;0;0;4093;0.00;0;0;0;0;0;0;0;0;0;0;0;0;0;0;0;0;15;0;98.0;98.0;0;0;0.00;0.00;0.00;0.0;0.0
15.138;25;0;98;0;0.0;15.000;1.020;43;41;0;0;100;99;100;134;100;356;100;88;88;0;0.000;5.709;0.000;0.000;14.900;1.014;0.0;0.0;0;15;3.180;4.746;0.0;0;0.0;0;0;0;0;65;98;0;0;4093;0.00;0;0;0;0;0;0;0;0;0;0;0;0;0;0;0;0;15;0;98.0;98.0;0;0;0.00;0.00;0.00;0.0;0.0
15.205;26;0;98;0;0.0;15.000;1.020;43;41;0;0;100;99;100;134;100;356;100;88;88;0;0.000;5.709;0.000;0.000;14.900;1.014;0.0;0.0;0;15;3.180;4.746;0.0;0;0.0;0;0;0;0;65;98;0;0;4104;0.00;0;0;0;0;0;0;0;0;0;0;0;0;0;0;0;0;15;0;98.0;98.0;0;0;0.00;0.00;0.00;0.0;0.0
15.274;26;0;98;0;0.0;15.000;1.020;43;41;0;0;100;99;100;134;100;356;100;88;88;0;0.000;5.709;0.000;0.000;14.900;1.014;0.0;0.0;0;15;3.180;4.746;0.0;0;0.0;0;0;0;0;65;98;0;0;4104;0.00;0;0;0;0;0;0;0;0;0;0;0;0;0;0;0;0;15;0;98.0;98.0;0;0;0.00;0.00;0.00;0.0;0.0
15.341;26;0;98;0;0.0;14.900;1.014;43;41;0;0;100;99;100;134;100;356;100;88;88;0;0.000;5.709;0.000;0.000;14.900;1.014;0.0;0.0;0;15;3.180;4.746;0.0;0;0.0;0;0;0;0;65;98;0;0;4104;0.00;0;0;0;0;0;0;0;0;0;0;0;0;0;0;0;0;15;0;98.0;98.0;0;0;0.00;0.00;0.00;0.0;0.0
15.406;26;0;98;0;0.0;14.900;1.014;43;41;0;0;100;99;100;134;100;356;100;88;88;0;0.000;5.709;0.000;0.000;14.900;1.014;0.0;0.0;0;15;3.180;4.746;0.0;0;0.0;0;0;0;0;65;98;0;0;4104;0.00;0;0;0;0;0;0;0;0;0;0;0;0;0;0;0;0;15;0;98.0;98.0;0;0;0.00;0.00;0.00;0.0;0.0
15.406;26;0;98;0;0.0;14.900;1.014;43;41;0;0;100;99;100;134;100;356;100;88;88;0;0.000;5.709;0.000;0.000;14.900;1.014;0.0;0.0;0;15;3.180;4.746;0.0;0;0.0;0;0;0;0;65;98;0;0;4104;0.00;0;0;0;0;0;0;0;0;0;0;0;0;0;0;0;0;15;0;98.0;98.0;0;0;0.00;0.00;0.00;0.0;0.0
15.540;26;0;98;0;0.0;14.900;1.014;43;41;0;0;100;99;100;134;100;356;100;88;88;0;0.000;5.709;0.000;0.000;14.900;1.014;0.0;0.0;0;15;3.180;4.746;0.0;0;0.0;0;0;0;0;65;98;0;0;4104;0.00;0;0;0;0;0;0;0;0;0;0;0;0;0;0;0;0;15;0;98.0;98.0;0;0;0.00;0.00;0.00;0.0;0.0
15.606;26;0;98;0;0.0;14.900;1.014;43;41;0;0;100;99;100;134;100;356;100;88;88;0;0.000;5.709;0.000;0.000;14.900;1.014;0.0;0.0;0;15;3.180;4.746;0.0;0;0.0;0;0;0;0;65;98;0;0;4104;0.00;0;0;0;0;0;0;0;0;0;0;0;0;0;0;0;0;15;0;98.0;98.0;0;0;0.00;0.00;0.00;0.0;0.0
15.671;26;0;98;0;0.0;14.900;1.014;43;41;0;0;100;99;100;134;100;356;100;88;88;0;0.000;5.709;0.000;0.000;14.900;1.014;0.0;0.0;0;15;3.180;4.746;0.0;0;0.0;0;0;0;0;65;98;0;0;4104;0.00;0;0;0;0;0;0;0;0;0;0;0;0;0;0;0;0;15;0;98.0;98.0;0;0;0.00;0.00;0.00;0.0;0.0
15.737;26;0;98;0;0.0;15.000;1.020;43;41;0;0;100;99;100;134;100;356;100;88;88;0;0.000;5.709;0.000;0.000;14.900;1.014;0.0;0.0;0;15;3.180;4.746;0.0;0;0.0;0;0;0;0;65;98;0;0;4104;0.00;0;0;0;0;0;0;0;0;0;0;0;0;0;0;0;0;15;0;98.0;98.0;0;0;0.00;0.00;0.00;0.0;0.0
15.803;26;0;98;0;0.0;15.000;1.020;43;41;0;0;100;99;100;134;100;356;100;88;88;0;0.000;5.709;0.000;0.000;14.900;1.014;0.0;0.0;0;15;3.180;4.746;0.0;0;0.0;0;0;0;0;65;98;0;0;4104;0.00;0;0;0;0;0;0;0;0;0;0;0;0;0;0;0;0;15;0;98.0;98.0;0;0;0.00;0.00;0.00;0.0;0.0
15.872;26;0;98;0;0.0;15.000;1.020;43;41;0;0;100;99;100;134;100;356;100;88;88;0;0.000;5.709;0.000;0.000;14.900;1.014;0.0;0.0;0;15;3.180;4.746;0.0;0;0.0;0;0;0;0;65;98;0;0;4104;0.00;0;0;0;0;0;0;0;0;0;0;0;0;0;0;0;0;15;0;98.0;98.0;0;0;0.00;0.00;0.00;0.0;0.0
15.937;26;0;98;0;0.0;15.000;1.020;43;41;0;0;100;99;100;134;100;356;100;88;88;0;0.000;5.709;0.000;0.000;14.900;1.014;0.0;0.0;0;15;3.180;4.746;0.0;0;0.0;0;0;0;0;65;98;0;0;4104;0.00;0;0;0;0;0;0;0;0;0;0;0;0;0;0;0;0;15;0;98.0;98.0;0;0;0.00;0.00;0.00;0.0;0.0
16.003;26;0;98;0;0.0;15.000;1.020;43;41;0;0;100;99;100;134;100;356;100;88;88;0;0.000;5.709;0.000;0.000;14.900;1.014;0.0;0.0;0;15;3.180;4.746;0.0;0;0.0;0;0;0;0;65;98;0;0;4104;0.00;0;0;0;0;0;0;0;0;0;0;0;0;0;0;0;0;15;0;98.0;98.0;0;0;0.00;0.00;0.00;0.0;0.0
16.072;26;0;98;0;0.0;15.000;1.020;43;41;0;0;100;99;100;134;100;356;100;88;88;0;0.000;5.709;0.000;0.000;14.900;1.014;0.0;0.0;0;15;3.180;4.746;0.0;0;0.0;0;0;0;0;65;98;0;0;4104;0.00;0;0;0;0;0;0;0;0;0;0;0;0;0;0;0;0;15;0;98.0;98.0;0;0;0.00;0.00;0.00;0.0;0.0
16.138;26;0;98;0;0.0;15.000;1.020;43;41;0;0;100;99;100;134;100;356;100;88;88;0;0.000;5.709;0.000;0.000;14.900;1.014;0.0;0.0;0;15;3.180;4.746;0.0;0;0.0;0;0;0;0;65;98;0;0;4104;0.00;0;0;0;0;0;0;0;0;0;0;0;0;0;0;0;0;15;0;98.0;98.0;0;0;0.00;0.00;0.00;0.0;0.0
16.203;27;0;98;0;0.0;15.000;1.020;43;41;0;0;100;99;100;134;100;356;100;88;88;0;0.000;5.709;0.000;0.000;14.900;1.014;0.0;0.0;0;15;3.180;4.746;0.0;0;0.0;0;0;0;0;65;98;0;0;4109;0.00;0;0;0;0;0;0;0;0;0;0;0;0;0;0;0;0;15;0;98.0;98.0;0;0;0.00;0.00;0.00;0.0;0.0
16.269;27;0;98;0;0.0;14.900;1.014;43;41;0;0;100;99;100;134;100;356;100;88;88;0;0.000;5.709;0.000;0.000;14.900;1.014;0.0;0.0;0;15;3.180;4.746;0.0;0;0.0;0;0;0;0;65;98;0;0;4109;0.00;0;0;0;0;0;0;0;0;0;0;0;0;0;0;0;0;15;0;98.0;98.0;0;0;0.00;0.00;0.00;0.0;0.0
16.269;27;0;98;0;0.0;14.900;1.014;43;41;0;0;100;99;100;134;100;356;100;88;88;0;0.000;5.709;0.000;0.000;14.900;1.014;0.0;0.0;0;15;3.180;4.746;0.0;0;0.0;0;0;0;0;65;98;0;0;4109;0.00;0;0;0;0;0;0;0;0;0;0;0;0;0;0;0;0;15;0;98.0;98.0;0;0;0.00;0.00;0.00;0.0;0.0
16.335;27;0;98;0;0.0;15.000;1.020;43;41;0;0;100;99;100;134;100;356;100;88;88;0;0.000;5.709;0.000;0.000;14.900;1.014;0.0;0.0;0;15;3.180;4.746;0.0;0;0.0;0;0;0;0;65;98;0;0;4109;0.00;0;0;0;0;0;0;0;0;0;0;0;0;0;0;0;0;15;0;98.0;98.0;0;0;0.00;0.00;0.00;0.0;0.0
16.470;27;0;98;0;0.0;15.000;1.020;43;41;0;0;100;99;100;134;100;356;100;88;88;0;0.000;5.709;0.000;0.000;14.900;1.014;0.0;0.0;0;15;3.180;4.746;0.0;0;0.0;0;0;0;0;65;98;0;0;4109;0.00;0;0;0;0;0;0;0;0;0;0;0;0;0;0;0;0;15;0;98.0;98.0;0;0;0.00;0.00;0.00;0.0;0.0
16.535;27;0;98;0;0.0;15.000;1.020;43;41;0;0;100;99;100;134;100;356;100;88;88;0;0.000;5.709;0.000;0.000;14.900;1.014;0.0;0.0;0;15;3.180;4.746;0.0;0;0.0;0;0;0;0;65;98;0;0;4109;0.00;0;0;0;0;0;0;0;0;0;0;0;0;0;0;0;0;15;0;98.0;98.0;0;0;0.00;0.00;0.00;0.0;0.0
16.535;27;0;98;0;0.0;15.000;1.020;43;41;0;0;100;99;100;134;100;356;100;88;88;0;0.000;5.709;0.000;0.000;14.900;1.014;0.0;0.0;0;15;3.180;4.746;0.0;0;0.0;0;0;0;0;65;98;0;0;4109;0.00;0;0;0;0;0;0;0;0;0;0;0;0;0;0;0;0;15;0;98.0;98.0;0;0;0.00;0.00;0.00;0.0;0.0
16.670;27;0;98;0;0.0;15.000;1.020;43;41;0;0;100;99;100;134;100;356;100;88;88;0;0.000;5.709;0.000;0.000;14.900;1.014;0.0;0.0;0;15;3.180;4.746;0.0;0;0.0;0;0;0;0;65;98;0;0;4109;0.00;0;0;0;0;0;0;0;0;0;0;0;0;0;0;0;0;15;0;98.0;98.0;0;0;0.00;0.00;0.00;0.0;0.0
16.670;27;0;98;0;0.0;15.000;1.020;43;41;0;0;100;99;100;134;100;356;100;88;88;0;0.000;5.709;0.000;0.000;14.900;1.014;0.0;0.0;0;15;3.180;4.746;0.0;0;0.0;0;0;0;0;65;98;0;0;4109;0.00;0;0;0;0;0;0;0;0;0;0;0;0;0;0;0;0;15;0;98.0;98.0;0;0;0.00;0.00;0.00;0.0;0.0
16.802;27;0;98;0;0.0;15.000;1.020;43;41;0;0;100;99;100;134;100;356;100;88;88;0;0.000;5.709;0.000;0.000;14.900;1.014;0.0;0.0;0;15;3.180;4.746;0.0;0;0.0;0;0;0;0;65;98;0;0;4109;0.00;0;0;0;0;0;0;0;0;0;0;0;0;0;0;0;0;15;0;98.0;98.0;0;0;0.00;0.00;0.00;0.0;0.0
16.867;27;0;98;0;0.0;15.000;1.020;43;41;0;0;100;99;100;134;100;356;100;88;88;0;0.000;5.709;0.000;0.000;14.900;1.014;0.0;0.0;0;15;3.180;4.746;0.0;0;0.0;0;0;0;0;65;98;0;0;4109;0.00;0;0;0;0;0;0;0;0;0;0;0;0;0;0;0;0;15;0;98.0;98.0;0;0;0.00;0.00;0.00;0.0;0.0
16.937;27;0;98;0;0.0;15.000;1.020;43;41;0;0;100;99;100;134;100;356;100;88;88;0;0.000;5.709;0.000;0.000;14.900;1.014;0.0;0.0;0;15;3.180;4.746;0.0;0;0.0;0;0;0;0;65;98;0;0;4109;0.00;0;0;0;0;0;0;0;0;0;0;0;0;0;0;0;0;15;0;98.0;98.0;0;0;0.00;0.00;0.00;0.0;0.0
17.003;27;0;98;0;0.0;15.000;1.020;43;41;0;0;100;99;100;134;100;356;100;88;88;0;0.000;5.709;0.000;0.000;14.900;1.014;0.0;0.0;0;15;3.180;4.746;0.0;0;0.0;0;0;0;0;65;98;0;0;4109;0.00;0;0;0;0;0;0;0;0;0;0;0;0;0;0;0;0;15;0;98.0;98.0;0;0;0.00;0.00;0.00;0.0;0.0
17.068;27;0;98;0;0.0;14.900;1.014;43;41;0;0;100;99;100;134;100;356;100;88;88;0;0.000;5.709;0.000;0.000;14.900;1.014;0.0;0.0;0;15;3.180;4.746;0.0;0;0.0;0;0;0;0;65;98;0;0;4109;0.00;0;0;0;0;0;0;0;0;0;0;0;0;0;0;0;0;15;0;98.0;98.0;0;0;0.00;0.00;0.00;0.0;0.0
17.137;27;0;98;0;0.0;14.900;1.014;43;41;0;0;100;99;100;134;100;356;100;88;88;0;0.000;5.709;0.000;0.000;14.900;1.014;0.0;0.0;0;15;3.180;4.746;0.0;0;0.0;0;0;0;0;65;98;0;0;4109;0.00;0;0;0;0;0;0;0;0;0;0;0;0;0;0;0;0;15;0;98.0;98.0;0;0;0.00;0.00;0.00;0.0;0.0
17.203;28;0;98;0;0.0;14.900;1.014;43;41;0;0;100;99;100;134;100;356;100;88;88;0;0.000;5.709;0.000;0.000;14.900;1.014;0.0;0.0;0;15;3.180;4.746;0.0;0;0.0;0;0;0;0;65;98;0;0;4111;0.00;0;0;0;0;0;0;0;0;0;0;0;0;0;0;0;0;15;0;98.0;98.0;0;0;0.00;0.00;0.00;0.0;0.0
17.203;28;0;98;0;0.0;14.900;1.014;43;41;0;0;100;99;100;134;100;356;100;88;88;0;0.000;5.709;0.000;0.000;14.900;1.014;0.0;0.0;0;15;3.180;4.746;0.0;0;0.0;0;0;0;0;65;98;0;0;4111;0.00;0;0;0;0;0;0;0;0;0;0;0;0;0;0;0;0;15;0;98.0;98.0;0;0;0.00;0.00;0.00;0.0;0.0
17.334;28;0;98;0;0.0;15.000;1.020;43;41;0;0;100;99;100;134;100;356;100;88;88;0;0.000;5.709;0.000;0.000;14.900;1.014;0.0;0.0;0;15;3.180;4.746;0.0;0;0.0;0;0;0;0;65;98;0;0;4111;0.00;0;0;0;0;0;0;0;0;0;0;0;0;0;0;0;0;15;0;98.0;98.0;0;0;0.00;0.00;0.00;0.0;0.0
17.403;28;0;98;0;0.0;15.000;1.020;43;41;0;0;100;99;100;134;100;356;100;88;88;0;0.000;5.709;0.000;0.000;14.900;1.014;0.0;0.0;0;15;3.180;4.746;0.0;0;0.0;0;0;0;0;65;98;0;0;4111;0.00;0;0;0;0;0;0;0;0;0;0;0;0;0;0;0;0;15;0;98.0;98.0;0;0;0.00;0.00;0.00;0.0;0.0
17.469;28;0;98;0;0.0;15.000;1.020;43;41;0;0;100;99;100;134;100;356;100;88;88;0;0.000;5.709;0.000;0.000;14.900;1.014;0.0;0.0;0;15;3.180;4.746;0.0;0;0.0;0;0;0;0;65;98;0;0;4111;0.00;0;0;0;0;0;0;0;0;0;0;0;0;0;0;0;0;15;0;98.0;98.0;0;0;0.00;0.00;0.00;0.0;0.0
17.535;28;0;98;0;0.0;15.000;1.020;43;41;0;0;100;99;100;134;100;356;100;88;88;0;0.000;5.709;0.000;0.000;14.900;1.014;0.0;0.0;0;15;3.180;4.746;0.0;0;0.0;0;0;0;0;65;98;0;0;4111;0.00;0;0;0;0;0;0;0;0;0;0;0;0;0;0;0;0;15;0;98.0;98.0;0;0;0.00;0.00;0.00;0.0;0.0
17.604;28;0;98;0;0.0;15.000;1.020;43;41;0;0;100;99;100;134;100;356;100;88;88;0;0.000;5.709;0.000;0.000;14.900;1.014;0.0;0.0;0;15;3.180;4.746;0.0;0;0.0;0;0;0;0;65;98;0;0;4111;0.00;0;0;0;0;0;0;0;0;0;0;0;0;0;0;0;0;15;0;98.0;98.0;0;0;0.00;0.00;0.00;0.0;0.0
17.670;28;0;98;0;0.0;15.100;1.027;43;41;0;0;100;99;100;134;100;356;100;88;88;0;0.000;5.709;0.000;0.000;14.900;1.014;0.0;0.0;0;15;3.180;4.746;0.0;0;0.0;0;0;0;0;65;98;0;0;4111;0.00;0;0;0;0;0;0;0;0;0;0;0;0;0;0;0;0;15;0;98.0;98.0;0;0;0.00;0.00;0.00;0.0;0.0
17.670;28;0;98;0;0.0;15.100;1.027;43;41;0;0;100;99;100;134;100;356;100;88;88;0;0.000;5.709;0.000;0.000;14.900;1.014;0.0;0.0;0;15;3.180;4.746;0.0;0;0.0;0;0;0;0;65;98;0;0;4111;0.00;0;0;0;0;0;0;0;0;0;0;0;0;0;0;0;0;15;0;98.0;98.0;0;0;0.00;0.00;0.00;0.0;0.0
17.801;28;0;98;0;0.0;15.000;1.020;43;41;0;0;100;99;100;134;100;356;100;88;88;0;0.000;5.709;0.000;0.000;14.900;1.014;0.0;0.0;0;15;3.180;4.746;0.0;0;0.0;0;0;0;0;65;98;0;0;4111;0.00;0;0;0;0;0;0;0;0;0;0;0;0;0;0;0;0;15;0;98.0;98.0;0;0;0.00;0.00;0.00;0.0;0.0
17.871;28;0;98;0;0.0;14.900;1.014;43;41;0;0;100;99;100;134;100;356;100;88;88;0;0.000;5.709;0.000;0.000;14.900;1.014;0.0;0.0;0;15;3.180;4.746;0.0;0;0.0;0;0;0;0;65;98;0;0;4111;0.00;0;0;0;0;0;0;0;0;0;0;0;0;0;0;0;0;15;0;98.0;98.0;0;0;0.00;0.00;0.00;0.0;0.0
17.937;28;0;98;0;0.0;14.900;1.014;43;41;0;0;100;99;100;134;100;356;100;88;88;0;0.000;5.709;0.000;0.000;14.900;1.014;0.0;0.0;0;15;3.180;4.746;0.0;0;0.0;0;0;0;0;65;98;0;0;4111;0.00;0;0;0;0;0;0;0;0;0;0;0;0;0;0;0;0;15;0;98.0;98.0;0;0;0.00;0.00;0.00;0.0;0.0
18.007;28;0;98;0;0.0;15.000;1.020;43;41;0;0;100;99;100;134;100;356;100;88;88;0;0.000;5.709;0.000;0.000;14.900;1.014;0.0;0.0;0;15;3.180;4.746;0.0;0;0.0;0;0;0;0;65;98;0;0;4111;0.00;0;0;0;0;0;0;0;0;0;0;0;0;0;0;0;0;15;0;98.0;98.0;0;0;0.00;0.00;0.00;0.0;0.0
18.137;28;0;98;0;0.0;15.000;1.020;43;41;0;0;100;99;100;134;100;356;100;88;88;0;0.000;5.709;0.000;0.000;14.900;1.014;0.0;0.0;0;15;3.180;4.746;0.0;0;0.0;0;0;0;0;65;98;0;0;4111;0.00;0;0;0;0;0;0;0;0;0;0;0;0;0;0;0;0;15;0;98.0;98.0;0;0;0.00;0.00;0.00;0.0;0.0
18.137;28;0;98;0;0.0;15.100;1.027;43;41;0;0;100;99;100;134;100;356;100;88;88;0;0.000;5.709;0.000;0.000;14.900;1.014;0.0;0.0;0;15;3.180;4.746;0.0;0;0.0;0;0;0;0;65;98;0;0;4111;0.00;0;0;0;0;0;0;0;0;0;0;0;0;0;0;0;0;15;0;98.0;98.0;0;0;0.00;0.00;0.00;0.0;0.0
18.225;29;0;98;0;0.0;15.100;1.027;43;41;0;0;100;99;100;134;100;356;100;88;88;0;0.000;5.709;0.000;0.000;14.900;1.014;0.0;0.0;0;15;3.180;4.746;0.0;0;0.0;0;0;0;0;65;98;0;0;4096;0.00;0;0;0;0;0;0;0;0;0;0;0;0;0;0;0;0;15;0;98.0;98.0;0;0;0.00;0.00;0.00;0.0;0.0
18.294;29;0;98;0;0.0;15.000;1.020;43;41;0;0;100;99;100;134;100;356;100;88;88;0;0.000;5.709;0.000;0.000;14.900;1.014;0.0;0.0;0;15;3.180;4.746;0.0;0;0.0;0;0;0;0;65;98;0;0;4096;0.00;0;0;0;0;0;0;0;0;0;0;0;0;0;0;0;0;15;0;98.0;98.0;0;0;0.00;0.00;0.00;0.0;0.0
18.360;29;0;98;0;0.0;15.000;1.020;43;41;0;0;100;99;100;134;100;356;100;88;88;0;0.000;5.709;0.000;0.000;14.900;1.014;0.0;0.0;0;15;3.180;4.746;0.0;0;0.0;0;0;0;0;65;98;0;0;4096;0.00;0;0;0;0;0;0;0;0;0;0;0;0;0;0;0;0;15;0;98.0;98.0;0;0;0.00;0.00;0.00;0.0;0.0
18.423;29;0;98;0;0.0;15.000;1.020;43;41;0;0;100;99;100;134;100;356;100;88;88;0;0.000;5.709;0.000;0.000;14.900;1.014;0.0;0.0;0;15;3.180;4.746;0.0;0;0.0;0;0;0;0;65;98;0;0;4096;0.00;0;0;0;0;0;0;0;0;0;0;0;0;0;0;0;0;15;0;98.0;98.0;0;0;0.00;0.00;0.00;0.0;0.0
18.491;29;0;98;0;0.0;14.900;1.014;43;41;0;0;100;99;100;134;100;356;100;88;88;0;0.000;5.709;0.000;0.000;14.900;1.014;0.0;0.0;0;15;3.180;4.746;0.0;0;0.0;0;0;0;0;65;98;0;0;4096;0.00;0;0;0;0;0;0;0;0;0;0;0;0;0;0;0;0;15;0;98.0;98.0;0;0;0.00;0.00;0.00;0.0;0.0
18.560;29;0;98;0;0.0;14.900;1.014;43;41;0;0;100;99;100;134;100;356;100;88;88;0;0.000;5.709;0.000;0.000;14.900;1.014;0.0;0.0;0;15;3.180;4.746;0.0;0;0.0;0;0;0;0;65;98;0;0;4096;0.00;0;0;0;0;0;0;0;0;0;0;0;0;0;0;0;0;15;0;98.0;98.0;0;0;0.00;0.00;0.00;0.0;0.0
18.625;29;0;98;0;0.0;15.000;1.020;43;41;0;0;100;99;100;134;100;356;100;88;88;0;0.000;5.709;0.000;0.000;14.900;1.014;0.0;0.0;0;15;3.180;4.746;0.0;0;0.0;0;0;0;0;65;98;0;0;4096;0.00;0;0;0;0;0;0;0;0;0;0;0;0;0;0;0;0;15;0;98.0;98.0;0;0;0.00;0.00;0.00;0.0;0.0
18.691;29;0;98;0;0.0;15.000;1.020;43;41;0;0;100;99;100;134;100;356;100;88;88;0;0.000;5.709;0.000;0.000;14.900;1.014;0.0;0.0;0;15;3.180;4.746;0.0;0;0.0;0;0;0;0;65;98;0;0;4096;0.00;0;0;0;0;0;0;0;0;0;0;0;0;0;0;0;0;15;0;98.0;98.0;0;0;0.00;0.00;0.00;0.0;0.0
18.755;29;0;98;0;0.0;15.000;1.020;43;41;0;0;100;99;100;134;100;356;100;88;88;0;0.000;5.709;0.000;0.000;14.900;1.014;0.0;0.0;0;15;3.180;4.746;0.0;0;0.0;0;0;0;0;65;98;0;0;4096;0.00;0;0;0;0;0;0;0;0;0;0;0;0;0;0;0;0;15;0;98.0;98.0;0;0;0.00;0.00;0.00;0.0;0.0
18.824;29;0;98;0;0.0;15.000;1.020;43;41;0;0;100;99;100;134;100;356;100;88;88;0;0.000;5.709;0.000;0.000;14.900;1.014;0.0;0.0;0;15;3.180;4.746;0.0;0;0.0;0;0;0;0;65;98;0;0;4096;0.00;0;0;0;0;0;0;0;0;0;0;0;0;0;0;0;0;15;0;98.0;98.0;0;0;0.00;0.00;0.00;0.0;0.0
18.892;29;0;98;0;0.0;14.900;1.014;43;41;0;0;100;99;100;134;100;356;100;88;88;0;0.000;5.709;0.000;0.000;14.900;1.014;0.0;0.0;0;15;3.180;4.746;0.0;0;0.0;0;0;0;0;65;98;0;0;4096;0.00;0;0;0;0;0;0;0;0;0;0;0;0;0;0;0;0;15;0;98.0;98.0;0;0;0.00;0.00;0.00;0.0;0.0
18.957;29;0;98;0;0.0;15.000;1.020;43;41;0;0;100;99;100;134;100;356;100;88;88;0;0.000;5.709;0.000;0.000;14.900;1.014;0.0;0.0;0;15;3.180;4.746;0.0;0;0.0;0;0;0;0;65;98;0;0;4096;0.00;0;0;0;0;0;0;0;0;0;0;0;0;0;0;0;0;15;0;98.0;98.0;0;0;0.00;0.00;0.00;0.0;0.0
19.022;29;0;98;0;0.0;15.000;1.020;43;41;0;0;100;99;100;134;100;356;100;88;88;0;0.000;5.709;0.000;0.000;14.900;1.014;0.0;0.0;0;15;3.180;4.746;0.0;0;0.0;0;0;0;0;65;98;0;0;4096;0.00;0;0;0;0;0;0;0;0;0;0;0;0;0;0;0;0;15;0;98.0;98.0;0;0;0.00;0.00;0.00;0.0;0.0
19.087;29;0;98;0;0.0;15.000;1.020;43;41;0;0;100;99;100;134;100;356;100;88;88;0;0.000;5.709;0.000;0.000;14.900;1.014;0.0;0.0;0;15;3.180;4.746;0.0;0;0.0;0;0;0;0;65;98;0;0;4096;0.00;0;0;0;0;0;0;0;0;0;0;0;0;0;0;0;0;15;0;98.0;98.0;0;0;0.00;0.00;0.00;0.0;0.0
19.152;29;0;98;0;0.0;15.000;1.020;43;41;0;0;100;99;100;134;100;356;100;88;88;0;0.000;5.709;0.000;0.000;14.900;1.014;0.0;0.0;0;15;3.180;4.746;0.0;0;0.0;0;0;0;0;65;98;0;0;4096;0.00;0;0;0;0;0;0;0;0;0;0;0;0;0;0;0;0;15;0;98.0;98.0;0;0;0.00;0.00;0.00;0.0;0.0
19.222;29;0;98;0;0.0;14.900;1.014;43;41;0;0;100;99;100;134;100;356;100;88;88;0;0.000;5.709;0.000;0.000;14.900;1.014;0.0;0.0;0;15;3.180;4.746;0.0;0;0.0;0;0;0;0;65;98;0;0;4096;0.00;0;0;0;0;0;0;0;0;0;0;0;0;0;0;0;0;15;0;98.0;98.0;0;0;0.00;0.00;0.00;0.0;0.0
19.288;30;0;98;0;0.0;14.900;1.014;43;41;0;0;100;99;100;134;100;356;100;88;88;0;0.000;5.709;0.000;0.000;14.900;1.014;0.0;0.0;0;15;3.180;4.746;0.0;0;0.0;0;0;0;0;65;98;0;0;4098;0.00;0;0;0;0;0;0;0;0;0;0;0;0;0;0;0;0;15;0;98.0;98.0;0;0;0.00;0.00;0.00;0.0;0.0
19.358;30;0;98;0;0.0;15.000;1.020;43;41;0;0;100;99;100;134;100;356;100;88;88;0;0.000;5.709;0.000;0.000;14.900;1.014;0.0;0.0;0;15;3.180;4.746;0.0;0;0.0;0;0;0;0;65;98;0;0;4098;0.00;0;0;0;0;0;0;0;0;0;0;0;0;0;0;0;0;15;0;98.0;98.0;0;0;0.00;0.00;0.00;0.0;0.0
19.424;30;0;98;0;0.0;15.000;1.020;43;41;0;0;100;99;100;134;100;356;100;88;88;0;0.000;5.709;0.000;0.000;14.900;1.014;0.0;0.0;0;15;3.180;4.746;0.0;0;0.0;0;0;0;0;65;98;0;0;4098;0.00;0;0;0;0;0;0;0;0;0;0;0;0;0;0;0;0;15;0;98.0;98.0;0;0;0.00;0.00;0.00;0.0;0.0
19.488;30;0;98;0;0.0;14.900;1.014;43;41;0;0;100;99;100;134;100;356;100;88;88;0;0.000;5.709;0.000;0.000;14.900;1.014;0.0;0.0;0;15;3.180;4.746;0.0;0;0.0;0;0;0;0;65;98;0;0;4098;0.00;0;0;0;0;0;0;0;0;0;0;0;0;0;0;0;0;15;0;98.0;98.0;0;0;0.00;0.00;0.00;0.0;0.0
19.554;30;0;98;0;0.0;15.100;1.027;43;41;0;0;100;99;100;134;100;356;100;88;88;0;0.000;5.709;0.000;0.000;14.900;1.014;0.0;0.0;0;15;3.180;4.746;0.0;0;0.0;0;0;0;0;65;98;0;0;4098;0.00;0;0;0;0;0;0;0;0;0;0;0;0;0;0;0;0;15;0;98.0;98.0;0;0;0.00;0.00;0.00;0.0;0.0
19.619;30;0;98;0;0.0;15.000;1.020;43;41;0;0;100;99;100;134;100;356;100;88;88;0;0.000;5.709;0.000;0.000;14.900;1.014;0.0;0.0;0;15;3.180;4.746;0.0;0;0.0;0;0;0;0;65;98;0;0;4098;0.00;0;0;0;0;0;0;0;0;0;0;0;0;0;0;0;0;15;0;98.0;98.0;0;0;0.00;0.00;0.00;0.0;0.0
19.689;30;0;98;0;0.0;15.000;1.020;43;41;0;0;100;99;100;134;100;356;100;88;88;0;0.000;5.709;0.000;0.000;14.900;1.014;0.0;0.0;0;15;3.180;4.746;0.0;0;0.0;0;0;0;0;65;98;0;0;4098;0.00;0;0;0;0;0;0;0;0;0;0;0;0;0;0;0;0;15;0;98.0;98.0;0;0;0.00;0.00;0.00;0.0;0.0
19.756;30;0;98;0;0.0;15.100;1.027;43;41;0;0;100;99;100;134;100;356;100;88;88;0;0.000;5.709;0.000;0.000;14.900;1.014;0.0;0.0;0;15;3.180;4.746;0.0;0;0.0;0;0;0;0;65;98;0;0;4098;0.00;0;0;0;0;0;0;0;0;0;0;0;0;0;0;0;0;15;0;98.0;98.0;0;0;0.00;0.00;0.00;0.0;0.0
19.822;30;0;98;0;0.0;15.000;1.020;43;41;0;0;100;99;100;134;100;356;100;88;88;0;0.000;5.709;0.000;0.000;14.900;1.014;0.0;0.0;0;15;3.180;4.746;0.0;0;0.0;0;0;0;0;65;98;0;0;4098;0.00;0;0;0;0;0;0;0;0;0;0;0;0;0;0;0;0;15;0;98.0;98.0;0;0;0.00;0.00;0.00;0.0;0.0
19.890;30;0;98;0;0.0;15.000;1.020;43;41;0;0;100;99;100;134;100;356;100;88;88;0;0.000;5.709;0.000;0.000;14.900;1.014;0.0;0.0;0;15;3.180;4.746;0.0;0;0.0;0;0;0;0;65;98;0;0;4098;0.00;0;0;0;0;0;0;0;0;0;0;0;0;0;0;0;0;15;0;98.0;98.0;0;0;0.00;0.00;0.00;0.0;0.0
19.955;30;0;98;0;0.0;15.000;1.020;43;41;0;0;100;99;100;134;100;356;100;88;88;0;0.000;5.709;0.000;0.000;14.900;1.014;0.0;0.0;0;15;3.180;4.746;0.0;0;0.0;0;0;0;0;65;98;0;0;4098;0.00;0;0;0;0;0;0;0;0;0;0;0;0;0;0;0;0;15;0;98.0;98.0;0;0;0.00;0.00;0.00;0.0;0.0
20.021;30;0;98;0;0.0;15.000;1.020;43;41;0;0;100;99;100;134;100;356;100;88;88;0;0.000;5.709;0.000;0.000;14.900;1.014;0.0;0.0;0;15;3.180;4.746;0.0;0;0.0;0;0;0;0;65;98;0;0;4098;0.00;0;0;0;0;0;0;0;0;0;0;0;0;0;0;0;0;15;0;98.0;98.0;0;0;0.00;0.00;0.00;0.0;0.0
20.087;30;0;98;0;0.0;15.000;1.020;43;41;0;0;100;99;100;134;100;356;100;88;88;0;0.000;5.709;0.000;0.000;14.900;1.014;0.0;0.0;0;15;3.180;4.746;0.0;0;0.0;0;0;0;0;65;98;0;0;4098;0.00;0;0;0;0;0;0;0;0;0;0;0;0;0;0;0;0;15;0;98.0;98.0;0;0;0.00;0.00;0.00;0.0;0.0
20.156;30;0;98;0;0.0;15.000;1.020;43;41;0;0;100;99;100;134;100;356;100;88;88;0;0.000;5.709;0.000;0.000;14.900;1.014;0.0;0.0;0;15;3.180;4.746;0.0;0;0.0;0;0;0;0;65;98;0;0;4098;0.00;0;0;0;0;0;0;0;0;0;0;0;0;0;0;0;0;15;0;98.0;98.0;0;0;0.00;0.00;0.00;0.0;0.0
20.223;30;0;98;0;0.0;15.100;1.027;43;41;0;0;100;99;100;134;100;356;100;88;88;0;0.000;5.709;0.000;0.000;14.900;1.014;0.0;0.0;0;15;3.180;4.746;0.0;0;0.0;0;0;0;0;65;98;0;0;4098;0.00;0;0;0;0;0;0;0;0;0;0;0;0;0;0;0;0;15;0;98.0;98.0;0;0;0.00;0.00;0.00;0.0;0.0
20.292;31;0;98;0;0.0;15.100;1.027;43;41;0;0;100;99;100;134;100;356;100;88;88;0;0.000;5.709;0.000;0.000;14.900;1.014;0.0;0.0;0;15;3.180;4.746;0.0;0;0.0;0;0;0;0;65;98;0;0;4100;0.00;0;0;0;0;0;0;0;0;0;0;0;0;0;0;0;0;15;0;98.0;98.0;0;0;0.00;0.00;0.00;0.0;0.0
20.356;31;0;98;0;0.0;15.100;1.027;43;41;0;0;100;99;100;134;100;356;100;88;88;0;0.000;5.709;0.000;0.000;14.900;1.014;0.0;0.0;0;15;3.180;4.746;0.0;0;0.0;0;0;0;0;65;98;0;0;4100;0.00;0;0;0;0;0;0;0;0;0;0;0;0;0;0;0;0;15;0;98.0;98.0;0;0;0.00;0.00;0.00;0.0;0.0
20.422;31;0;98;0;0.0;15.000;1.020;43;41;0;0;100;99;100;134;100;356;100;88;88;0;0.000;5.709;0.000;0.000;14.900;1.014;0.0;0.0;0;15;3.180;4.746;0.0;0;0.0;0;0;0;0;65;98;0;0;4100;0.00;0;0;0;0;0;0;0;0;0;0;0;0;0;0;0;0;15;0;98.0;98.0;0;0;0.00;0.00;0.00;0.0;0.0
20.488;31;0;98;0;0.0;15.000;1.020;43;41;0;0;100;99;100;134;100;356;100;88;88;0;0.000;5.709;0.000;0.000;14.900;1.014;0.0;0.0;0;15;3.180;4.746;0.0;0;0.0;0;0;0;0;65;98;0;0;4100;0.00;0;0;0;0;0;0;0;0;0;0;0;0;0;0;0;0;15;0;98.0;98.0;0;0;0.00;0.00;0.00;0.0;0.0
20.552;31;0;98;0;0.0;15.000;1.020;43;41;0;0;100;99;100;134;100;356;100;88;88;0;0.000;5.709;0.000;0.000;14.900;1.014;0.0;0.0;0;15;3.180;4.746;0.0;0;0.0;0;0;0;0;65;98;0;0;4100;0.00;0;0;0;0;0;0;0;0;0;0;0;0;0;0;0;0;15;0;98.0;98.0;0;0;0.00;0.00;0.00;0.0;0.0
20.619;31;0;98;0;0.0;15.000;1.020;43;41;0;0;100;99;100;134;100;356;100;88;88;0;0.000;5.709;0.000;0.000;14.900;1.014;0.0;0.0;0;15;3.180;4.746;0.0;0;0.0;0;0;0;0;65;98;0;0;4100;0.00;0;0;0;0;0;0;0;0;0;0;0;0;0;0;0;0;15;0;98.0;98.0;0;0;0.00;0.00;0.00;0.0;0.0
20.619;31;0;98;0;0.0;15.000;1.020;43;41;0;0;100;99;100;134;100;356;100;88;88;0;0.000;5.709;0.000;0.000;14.900;1.014;0.0;0.0;0;15;3.180;4.746;0.0;0;0.0;0;0;0;0;65;98;0;0;4100;0.00;0;0;0;0;0;0;0;0;0;0;0;0;0;0;0;0;15;0;98.0;98.0;0;0;0.00;0.00;0.00;0.0;0.0
20.689;31;0;98;0;0.0;15.000;1.020;43;41;0;0;100;99;100;134;100;356;100;88;88;0;0.000;5.709;0.000;0.000;14.900;1.014;0.0;0.0;0;15;3.180;4.746;0.0;0;0.0;0;0;0;0;65;98;0;0;4100;0.00;0;0;0;0;0;0;0;0;0;0;0;0;0;0;0;0;15;0;98.0;98.0;0;0;0.00;0.00;0.00;0.0;0.0
20.824;31;0;98;0;0.0;15.100;1.027;43;41;0;0;100;99;100;134;100;356;100;88;88;0;0.000;5.709;0.000;0.000;14.900;1.014;0.0;0.0;0;15;3.180;4.746;0.0;0;0.0;0;0;0;0;65;98;0;0;4100;0.00;0;0;0;0;0;0;0;0;0;0;0;0;0;0;0;0;15;0;98.0;98.0;0;0;0.00;0.00;0.00;0.0;0.0
20.889;31;0;98;0;0.0;15.100;1.027;43;41;0;0;100;99;100;134;100;356;100;88;88;0;0.000;5.709;0.000;0.000;14.900;1.014;0.0;0.0;0;15;3.180;4.746;0.0;0;0.0;0;0;0;0;65;98;0;0;4100;0.00;0;0;0;0;0;0;0;0;0;0;0;0;0;0;0;0;15;0;98.0;98.0;0;0;0.00;0.00;0.00;0.0;0.0
20.956;31;0;98;0;0.0;15.100;1.027;43;41;0;0;100;99;100;134;100;356;100;88;88;0;0.000;5.709;0.000;0.000;14.900;1.014;0.0;0.0;0;15;3.180;4.746;0.0;0;0.0;0;0;0;0;65;98;0;0;4100;0.00;0;0;0;0;0;0;0;0;0;0;0;0;0;0;0;0;15;0;98.0;98.0;0;0;0.00;0.00;0.00;0.0;0.0
21.025;31;0;98;0;0.0;15.000;1.020;43;41;0;0;100;99;100;134;100;356;100;88;88;0;0.000;5.709;0.000;0.000;14.900;1.014;0.0;0.0;0;15;3.180;4.746;0.0;0;0.0;0;0;0;0;65;98;0;0;4100;0.00;0;0;0;0;0;0;0;0;0;0;0;0;0;0;0;0;15;0;98.0;98.0;0;0;0.00;0.00;0.00;0.0;0.0
21.089;31;0;98;0;0.0;15.000;1.020;43;41;0;0;100;99;100;134;100;356;100;88;88;0;0.000;5.709;0.000;0.000;14.900;1.014;0.0;0.0;0;15;3.180;4.746;0.0;0;0.0;0;0;0;0;65;98;0;0;4100;0.00;0;0;0;0;0;0;0;0;0;0;0;0;0;0;0;0;15;0;98.0;98.0;0;0;0.00;0.00;0.00;0.0;0.0
21.157;31;0;98;0;0.0;15.100;1.027;43;41;0;0;100;99;100;134;100;356;100;88;88;0;0.000;5.709;0.000;0.000;14.900;1.014;0.0;0.0;0;15;3.180;4.746;0.0;0;0.0;0;0;0;0;65;98;0;0;4100;0.00;0;0;0;0;0;0;0;0;0;0;0;0;0;0;0;0;15;0;98.0;98.0;0;0;0.00;0.00;0.00;0.0;0.0
21.224;31;0;98;0;0.0;15.100;1.027;43;41;0;0;100;99;100;134;100;356;100;88;88;0;0.000;5.709;0.000;0.000;14.900;1.014;0.0;0.0;0;15;3.180;4.746;0.0;0;0.0;0;0;0;0;65;98;0;0;4100;0.00;0;0;0;0;0;0;0;0;0;0;0;0;0;0;0;0;15;0;98.0;98.0;0;0;0.00;0.00;0.00;0.0;0.0
21.290;32;0;98;0;0.0;15.000;1.020;43;41;0;0;100;99;100;134;100;356;100;88;88;0;0.000;5.709;0.000;0.000;14.900;1.014;0.0;0.0;0;15;3.180;4.746;0.0;0;0.0;0;0;0;0;65;98;0;0;4111;0.00;0;0;0;0;0;0;0;0;0;0;0;0;0;0;0;0;15;0;98.0;98.0;0;0;0.00;0.00;0.00;0.0;0.0
21.356;32;0;98;0;0.0;15.100;1.027;43;41;0;0;100;99;100;134;100;356;100;88;88;0;0.000;5.709;0.000;0.000;14.900;1.014;0.0;0.0;0;15;3.180;4.746;0.0;0;0.0;0;0;0;0;65;98;0;0;4111;0.00;0;0;0;0;0;0;0;0;0;0;0;0;0;0;0;0;15;0;98.0;98.0;0;0;0.00;0.00;0.00;0.0;0.0
21.422;32;0;98;0;0.0;15.100;1.027;43;41;0;0;100;99;100;134;100;356;100;88;88;0;0.000;5.709;0.000;0.000;14.900;1.014;0.0;0.0;0;15;3.180;4.746;0.0;0;0.0;0;0;0;0;65;98;0;0;4111;0.00;0;0;0;0;0;0;0;0;0;0;0;0;0;0;0;0;15;0;98.0;98.0;0;0;0.00;0.00;0.00;0.0;0.0
21.488;32;0;98;0;0.0;15.100;1.027;43;41;0;0;100;99;100;134;100;356;100;88;88;0;0.000;5.709;0.000;0.000;14.900;1.014;0.0;0.0;0;15;3.180;4.746;0.0;0;0.0;0;0;0;0;65;98;0;0;4111;0.00;0;0;0;0;0;0;0;0;0;0;0;0;0;0;0;0;15;0;98.0;98.0;0;0;0.00;0.00;0.00;0.0;0.0
21.557;32;0;98;0;0.0;15.100;1.027;43;41;0;0;100;99;100;134;100;356;100;88;88;0;0.000;5.709;0.000;0.000;14.900;1.014;0.0;0.0;0;15;3.180;4.746;0.0;0;0.0;0;0;0;0;65;98;0;0;4111;0.00;0;0;0;0;0;0;0;0;0;0;0;0;0;0;0;0;15;0;98.0;98.0;0;0;0.00;0.00;0.00;0.0;0.0
21.622;32;0;98;0;0.0;15.100;1.027;43;41;0;0;100;99;100;134;100;356;100;88;88;0;0.000;5.709;0.000;0.000;14.900;1.014;0.0;0.0;0;15;3.180;4.746;0.0;0;0.0;0;0;0;0;65;98;0;0;4111;0.00;0;0;0;0;0;0;0;0;0;0;0;0;0;0;0;0;15;0;98.0;98.0;0;0;0.00;0.00;0.00;0.0;0.0
21.688;32;0;98;0;0.0;15.100;1.027;43;41;0;0;100;99;100;134;100;356;100;88;88;0;0.000;5.709;0.000;0.000;14.900;1.014;0.0;0.0;0;15;3.180;4.746;0.0;0;0.0;0;0;0;0;65;98;0;0;4111;0.00;0;0;0;0;0;0;0;0;0;0;0;0;0;0;0;0;15;0;98.0;98.0;0;0;0.00;0.00;0.00;0.0;0.0
21.754;32;0;98;0;0.0;15.000;1.020;43;41;0;0;100;99;100;134;100;356;100;88;88;0;0.000;5.709;0.000;0.000;14.900;1.014;0.0;0.0;0;15;3.180;4.746;0.0;0;0.0;0;0;0;0;65;98;0;0;4111;0.00;0;0;0;0;0;0;0;0;0;0;0;0;0;0;0;0;15;0;98.0;98.0;0;0;0.00;0.00;0.00;0.0;0.0
21.824;32;0;98;0;0.0;14.900;1.014;43;41;0;0;100;99;100;134;100;356;100;88;88;0;0.000;5.709;0.000;0.000;14.900;1.014;0.0;0.0;0;15;3.180;4.746;0.0;0;0.0;0;0;0;0;65;98;0;0;4111;0.00;0;0;0;0;0;0;0;0;0;0;0;0;0;0;0;0;15;0;98.0;98.0;0;0;0.00;0.00;0.00;0.0;0.0
21.888;32;0;98;0;0.0;15.000;1.020;43;41;0;0;100;99;100;134;100;356;100;88;88;0;0.000;5.709;0.000;0.000;14.900;1.014;0.0;0.0;0;15;3.180;4.746;0.0;0;0.0;0;0;0;0;65;98;0;0;4111;0.00;0;0;0;0;0;0;0;0;0;0;0;0;0;0;0;0;15;0;98.0;98.0;0;0;0.00;0.00;0.00;0.0;0.0
21.955;32;0;98;0;0.0;15.000;1.020;43;41;0;0;100;99;100;134;100;356;100;88;88;0;0.000;5.709;0.000;0.000;14.900;1.014;0.0;0.0;0;15;3.180;4.746;0.0;0;0.0;0;0;0;0;65;98;0;0;4111;0.00;0;0;0;0;0;0;0;0;0;0;0;0;0;0;0;0;15;0;98.0;98.0;0;0;0.00;0.00;0.00;0.0;0.0
22.024;32;0;98;0;0.0;15.100;1.027;43;41;0;0;100;99;100;134;100;356;100;88;88;0;0.000;5.709;0.000;0.000;14.900;1.014;0.0;0.0;0;15;3.180;4.746;0.0;0;0.0;0;0;0;0;65;98;0;0;4111;0.00;0;0;0;0;0;0;0;0;0;0;0;0;0;0;0;0;15;0;98.0;98.0;0;0;0.00;0.00;0.00;0.0;0.0
22.090;32;0;98;0;0.0;15.000;1.020;43;41;0;0;100;99;100;134;100;356;100;88;88;0;0.000;5.709;0.000;0.000;14.900;1.014;0.0;0.0;0;15;3.180;4.746;0.0;0;0.0;0;0;0;0;65;98;0;0;4111;0.00;0;0;0;0;0;0;0;0;0;0;0;0;0;0;0;0;15;0;98.0;98.0;0;0;0.00;0.00;0.00;0.0;0.0
22.155;32;0;98;0;0.0;15.000;1.020;43;41;0;0;100;99;100;134;100;356;100;88;88;0;0.000;5.709;0.000;0.000;14.900;1.014;0.0;0.0;0;15;3.180;4.746;0.0;0;0.0;0;0;0;0;65;98;0;0;4111;0.00;0;0;0;0;0;0;0;0;0;0;0;0;0;0;0;0;15;0;98.0;98.0;0;0;0.00;0.00;0.00;0.0;0.0
22.221;32;0;98;0;0.0;15.000;1.020;43;41;0;0;100;99;100;134;100;356;100;88;88;0;0.000;5.709;0.000;0.000;14.900;1.014;0.0;0.0;0;15;3.180;4.746;0.0;0;0.0;0;0;0;0;65;98;0;0;4111;0.00;0;0;0;0;0;0;0;0;0;0;0;0;0;0;0;0;15;0;98.0;98.0;0;0;0.00;0.00;0.00;0.0;0.0
22.286;33;0;98;0;0.0;15.000;1.020;43;41;0;0;100;99;100;134;100;356;100;88;88;0;0.000;5.709;0.000;0.000;14.900;1.014;0.0;0.0;0;15;3.180;4.746;0.0;0;0.0;0;0;0;0;65;98;0;0;4110;0.00;0;0;0;0;0;0;0;0;0;0;0;0;0;0;0;0;15;0;98.0;98.0;0;0;0.00;0.00;0.00;0.0;0.0
22.356;33;0;98;0;0.0;15.000;1.020;43;41;0;0;100;99;100;134;100;356;100;88;88;0;0.000;5.709;0.000;0.000;14.900;1.014;0.0;0.0;0;15;3.180;4.746;0.0;0;0.0;0;0;0;0;65;98;0;0;4110;0.00;0;0;0;0;0;0;0;0;0;0;0;0;0;0;0;0;15;0;98.0;98.0;0;0;0.00;0.00;0.00;0.0;0.0
22.421;33;0;98;0;0.0;15.100;1.027;43;41;0;0;100;99;100;134;100;356;100;88;88;0;0.000;5.709;0.000;0.000;14.900;1.014;0.0;0.0;0;15;3.180;4.746;0.0;0;0.0;0;0;0;0;65;98;0;0;4110;0.00;0;0;0;0;0;0;0;0;0;0;0;0;0;0;0;0;15;0;98.0;98.0;0;0;0.00;0.00;0.00;0.0;0.0
22.490;33;0;98;0;0.0;15.100;1.027;43;41;0;0;100;99;100;134;100;356;100;88;88;0;0.000;5.709;0.000;0.000;14.900;1.014;0.0;0.0;0;15;3.180;4.746;0.0;0;0.0;0;0;0;0;65;98;0;0;4110;0.00;0;0;0;0;0;0;0;0;0;0;0;0;0;0;0;0;15;0;98.0;98.0;0;0;0.00;0.00;0.00;0.0;0.0
22.556;33;0;98;0;0.0;15.000;1.020;43;41;0;0;100;99;100;134;100;356;100;88;88;0;0.000;5.709;0.000;0.000;14.900;1.014;0.0;0.0;0;15;3.180;4.746;0.0;0;0.0;0;0;0;0;65;98;0;0;4110;0.00;0;0;0;0;0;0;0;0;0;0;0;0;0;0;0;0;15;0;98.0;98.0;0;0;0.00;0.00;0.00;0.0;0.0
22.622;33;0;98;0;0.0;15.000;1.020;43;41;0;0;100;99;100;134;100;356;100;88;88;0;0.000;5.709;0.000;0.000;14.900;1.014;0.0;0.0;0;15;3.180;4.746;0.0;0;0.0;0;0;0;0;65;98;0;0;4110;0.00;0;0;0;0;0;0;0;0;0;0;0;0;0;0;0;0;15;0;98.0;98.0;0;0;0.00;0.00;0.00;0.0;0.0
22.692;33;0;98;0;0.0;15.000;1.020;43;41;0;0;100;99;100;134;100;356;100;88;88;0;0.000;5.709;0.000;0.000;14.900;1.014;0.0;0.0;0;15;3.180;4.746;0.0;0;0.0;0;0;0;0;65;98;0;0;4110;0.00;0;0;0;0;0;0;0;0;0;0;0;0;0;0;0;0;15;0;98.0;98.0;0;0;0.00;0.00;0.00;0.0;0.0
22.761;33;0;98;0;0.0;15.000;1.020;43;41;0;0;100;99;100;134;100;356;100;88;88;0;0.000;5.709;0.000;0.000;14.900;1.014;0.0;0.0;0;15;3.180;4.746;0.0;0;0.0;0;0;0;0;65;98;0;0;4110;0.00;0;0;0;0;0;0;0;0;0;0;0;0;0;0;0;0;15;0;98.0;98.0;0;0;0.00;0.00;0.00;0.0;0.0
22.827;33;0;98;0;0.0;15.000;1.020;43;41;0;0;100;99;100;134;100;356;100;88;88;0;0.000;5.709;0.000;0.000;14.900;1.014;0.0;0.0;0;15;3.180;4.746;0.0;0;0.0;0;0;0;0;65;98;0;0;4110;0.00;0;0;0;0;0;0;0;0;0;0;0;0;0;0;0;0;15;0;98.0;98.0;0;0;0.00;0.00;0.00;0.0;0.0
22.892;33;0;98;0;0.0;15.100;1.027;43;41;0;0;100;99;100;134;100;356;100;88;88;0;0.000;5.709;0.000;0.000;14.900;1.014;0.0;0.0;0;15;3.180;4.746;0.0;0;0.0;0;0;0;0;65;98;0;0;4110;0.00;0;0;0;0;0;0;0;0;0;0;0;0;0;0;0;0;15;0;98.0;98.0;0;0;0.00;0.00;0.00;0.0;0.0
22.962;33;0;98;0;0.0;15.000;1.020;43;41;0;0;100;99;100;134;100;356;100;88;88;0;0.000;5.709;0.000;0.000;14.900;1.014;0.0;0.0;0;15;3.180;4.746;0.0;0;0.0;0;0;0;0;65;98;0;0;4110;0.00;0;0;0;0;0;0;0;0;0;0;0;0;0;0;0;0;15;0;98.0;98.0;0;0;0.00;0.00;0.00;0.0;0.0
23.027;33;0;98;0;0.0;15.000;1.020;43;41;0;0;100;99;100;134;100;356;100;88;88;0;0.000;5.709;0.000;0.000;14.900;1.014;0.0;0.0;0;15;3.180;4.746;0.0;0;0.0;0;0;0;0;65;98;0;0;4110;0.00;0;0;0;0;0;0;0;0;0;0;0;0;0;0;0;0;15;0;98.0;98.0;0;0;0.00;0.00;0.00;0.0;0.0
23.093;33;0;98;0;0.0;15.000;1.020;43;41;0;0;100;99;100;134;100;356;100;88;88;0;0.000;5.709;0.000;0.000;14.900;1.014;0.0;0.0;0;15;3.180;4.746;0.0;0;0.0;0;0;0;0;65;98;0;0;4110;0.00;0;0;0;0;0;0;0;0;0;0;0;0;0;0;0;0;15;0;98.0;98.0;0;0;0.00;0.00;0.00;0.0;0.0
23.159;33;0;98;0;0.0;15.000;1.020;43;41;0;0;100;99;100;134;100;356;100;88;88;0;0.000;5.709;0.000;0.000;14.900;1.014;0.0;0.0;0;15;3.180;4.746;0.0;0;0.0;0;0;0;0;65;98;0;0;4110;0.00;0;0;0;0;0;0;0;0;0;0;0;0;0;0;0;0;15;0;98.0;98.0;0;0;0.00;0.00;0.00;0.0;0.0
23.227;33;0;98;0;0.0;15.000;1.020;43;41;0;0;100;99;100;134;100;356;100;88;88;0;0.000;5.709;0.000;0.000;14.900;1.014;0.0;0.0;0;15;3.180;4.746;0.0;0;0.0;0;0;0;0;65;98;0;0;4110;0.00;0;0;0;0;0;0;0;0;0;0;0;0;0;0;0;0;15;0;98.0;98.0;0;0;0.00;0.00;0.00;0.0;0.0
23.293;34;0;98;0;0.0;15.000;1.020;43;41;0;0;100;99;100;134;100;356;100;88;88;0;0.000;5.709;0.000;0.000;14.900;1.014;0.0;0.0;0;15;3.180;4.746;0.0;0;0.0;0;0;0;0;65;98;0;0;4106;0.00;0;0;0;0;0;0;0;0;0;0;0;0;0;0;0;0;15;0;98.0;98.0;0;0;0.00;0.00;0.00;0.0;0.0
23.359;34;0;98;0;0.0;15.100;1.027;43;41;0;0;100;99;100;134;100;356;100;88;88;0;0.000;5.709;0.000;0.000;14.900;1.014;0.0;0.0;0;15;3.180;4.746;0.0;0;0.0;0;0;0;0;65;98;0;0;4106;0.00;0;0;0;0;0;0;0;0;0;0;0;0;0;0;0;0;15;0;98.0;98.0;0;0;0.00;0.00;0.00;0.0;0.0
23.425;34;0;98;0;0.0;15.100;1.027;43;41;0;0;100;99;100;134;100;356;100;88;88;0;0.000;5.709;0.000;0.000;14.900;1.014;0.0;0.0;0;15;3.180;4.746;0.0;0;0.0;0;0;0;0;65;98;0;0;4106;0.00;0;0;0;0;0;0;0;0;0;0;0;0;0;0;0;0;15;0;98.0;98.0;0;0;0.00;0.00;0.00;0.0;0.0
23.490;34;0;98;0;0.0;15.000;1.020;43;41;0;0;100;99;100;134;100;356;100;88;88;0;0.000;5.709;0.000;0.000;14.900;1.014;0.0;0.0;0;15;3.180;4.746;0.0;0;0.0;0;0;0;0;65;98;0;0;4106;0.00;0;0;0;0;0;0;0;0;0;0;0;0;0;0;0;0;15;0;98.0;98.0;0;0;0.00;0.00;0.00;0.0;0.0
23.556;34;0;98;0;0.0;15.000;1.020;43;41;0;0;100;99;100;134;100;356;100;88;88;0;0.000;5.709;0.000;0.000;14.900;1.014;0.0;0.0;0;15;3.180;4.746;0.0;0;0.0;0;0;0;0;65;98;0;0;4106;0.00;0;0;0;0;0;0;0;0;0;0;0;0;0;0;0;0;15;0;98.0;98.0;0;0;0.00;0.00;0.00;0.0;0.0
23.625;34;0;98;0;0.0;15.000;1.020;43;41;0;0;100;99;100;134;100;356;100;88;88;0;0.000;5.709;0.000;0.000;14.900;1.014;0.0;0.0;0;15;3.180;4.746;0.0;0;0.0;0;0;0;0;65;98;0;0;4106;0.00;0;0;0;0;0;0;0;0;0;0;0;0;0;0;0;0;15;0;98.0;98.0;0;0;0.00;0.00;0.00;0.0;0.0
23.691;34;0;98;0;0.0;15.100;1.027;43;41;0;0;100;99;100;134;100;356;100;88;88;0;0.000;5.709;0.000;0.000;14.900;1.014;0.0;0.0;0;15;3.180;4.746;0.0;0;0.0;0;0;0;0;65;98;0;0;4106;0.00;0;0;0;0;0;0;0;0;0;0;0;0;0;0;0;0;15;0;98.0;98.0;0;0;0.00;0.00;0.00;0.0;0.0
23.760;34;0;98;0;0.0;15.100;1.027;43;41;0;0;100;99;100;134;100;356;100;88;88;0;0.000;5.709;0.000;0.000;14.900;1.014;0.0;0.0;0;15;3.180;4.746;0.0;0;0.0;0;0;0;0;65;98;0;0;4106;0.00;0;0;0;0;0;0;0;0;0;0;0;0;0;0;0;0;15;0;98.0;98.0;0;0;0.00;0.00;0.00;0.0;0.0
23.826;34;0;98;0;0.0;15.000;1.020;43;41;0;0;100;99;100;134;100;356;100;88;88;0;0.000;5.709;0.000;0.000;14.900;1.014;0.0;0.0;0;15;3.180;4.746;0.0;0;0.0;0;0;0;0;65;98;0;0;4106;0.00;0;0;0;0;0;0;0;0;0;0;0;0;0;0;0;0;15;0;98.0;98.0;0;0;0.00;0.00;0.00;0.0;0.0
23.892;34;0;98;0;0.0;15.000;1.020;43;41;0;0;100;99;100;134;100;356;100;88;88;0;0.000;5.709;0.000;0.000;14.900;1.014;0.0;0.0;0;15;3.180;4.746;0.0;0;0.0;0;0;0;0;65;98;0;0;4106;0.00;0;0;0;0;0;0;0;0;0;0;0;0;0;0;0;0;15;0;98.0;98.0;0;0;0.00;0.00;0.00;0.0;0.0
23.961;34;0;98;0;0.0;15.000;1.020;43;41;0;0;100;99;100;134;100;356;100;88;88;0;0.000;5.709;0.000;0.000;14.900;1.014;0.0;0.0;0;15;3.180;4.746;0.0;0;0.0;0;0;0;0;65;98;0;0;4106;0.00;0;0;0;0;0;0;0;0;0;0;0;0;0;0;0;0;15;0;98.0;98.0;0;0;0.00;0.00;0.00;0.0;0.0
24.027;34;0;98;0;0.0;15.100;1.027;43;41;0;0;100;99;100;134;100;356;100;88;88;0;0.000;5.709;0.000;0.000;14.900;1.014;0.0;0.0;0;15;3.180;4.746;0.0;0;0.0;0;0;0;0;65;98;0;0;4106;0.00;0;0;0;0;0;0;0;0;0;0;0;0;0;0;0;0;15;0;98.0;98.0;0;0;0.00;0.00;0.00;0.0;0.0
24.092;34;0;98;0;0.0;15.100;1.027;43;41;0;0;100;99;100;134;100;356;100;88;88;0;0.000;5.709;0.000;0.000;14.900;1.014;0.0;0.0;0;15;3.180;4.746;0.0;0;0.0;0;0;0;0;65;98;0;0;4106;0.00;0;0;0;0;0;0;0;0;0;0;0;0;0;0;0;0;15;0;98.0;98.0;0;0;0.00;0.00;0.00;0.0;0.0
24.157;34;0;98;0;0.0;15.100;1.027;43;41;0;0;100;99;100;134;100;356;100;88;88;0;0.000;5.709;0.000;0.000;14.900;1.014;0.0;0.0;0;15;3.180;4.746;0.0;0;0.0;0;0;0;0;65;98;0;0;4106;0.00;0;0;0;0;0;0;0;0;0;0;0;0;0;0;0;0;15;0;98.0;98.0;0;0;0.00;0.00;0.00;0.0;0.0
24.223;34;0;98;0;0.0;15.100;1.027;43;41;0;0;100;99;100;134;100;356;100;88;88;0;0.000;5.709;0.000;0.000;14.900;1.014;0.0;0.0;0;15;3.180;4.746;0.0;0;0.0;0;0;0;0;65;98;0;0;4106;0.00;0;0;0;0;0;0;0;0;0;0;0;0;0;0;0;0;15;0;98.0;98.0;0;0;0.00;0.00;0.00;0.0;0.0
24.292;34;0;98;0;0.0;15.000;1.020;43;41;0;0;100;99;100;134;100;356;100;88;88;0;0.000;5.709;0.000;0.000;14.900;1.014;0.0;0.0;0;15;3.180;4.746;0.0;0;0.0;0;0;0;0;65;98;0;0;4106;0.00;0;0;0;0;0;0;0;0;0;0;0;0;0;0;0;0;15;0;98.0;98.0;0;0;0.00;0.00;0.00;0.0;0.0
24.358;35;0;98;0;0.0;15.000;1.020;43;41;0;0;100;99;100;134;100;356;100;88;88;0;0.000;5.709;0.000;0.000;14.900;1.014;0.0;0.0;0;15;3.180;4.746;0.0;0;0.0;0;0;0;0;65;98;0;0;4092;0.00;0;0;0;0;0;0;0;0;0;0;0;0;0;0;0;0;15;0;98.0;98.0;0;0;0.00;0.00;0.00;0.0;0.0
24.424;35;0;98;0;0.0;15.000;1.020;43;41;0;0;100;99;100;134;100;356;100;88;88;0;0.000;5.709;0.000;0.000;14.900;1.014;0.0;0.0;0;15;3.180;4.746;0.0;0;0.0;0;0;0;0;65;98;0;0;4092;0.00;0;0;0;0;0;0;0;0;0;0;0;0;0;0;0;0;15;0;98.0;98.0;0;0;0.00;0.00;0.00;0.0;0.0
24.494;35;0;98;0;0.0;15.000;1.020;43;41;0;0;100;99;100;134;100;356;100;88;88;0;0.000;5.709;0.000;0.000;14.900;1.014;0.0;0.0;0;15;3.180;4.746;0.0;0;0.0;0;0;0;0;65;98;0;0;4092;0.00;0;0;0;0;0;0;0;0;0;0;0;0;0;0;0;0;15;0;98.0;98.0;0;0;0.00;0.00;0.00;0.0;0.0
24.559;35;0;98;0;0.0;15.000;1.020;43;41;0;0;100;99;100;134;100;356;100;88;88;0;0.000;5.709;0.000;0.000;14.900;1.014;0.0;0.0;0;15;3.180;4.746;0.0;0;0.0;0;0;0;0;65;98;0;0;4092;0.00;0;0;0;0;0;0;0;0;0;0;0;0;0;0;0;0;15;0;98.0;98.0;0;0;0.00;0.00;0.00;0.0;0.0
24.624;35;0;98;0;0.0;15.000;1.020;43;41;0;0;100;99;100;134;100;356;100;88;88;0;0.000;5.709;0.000;0.000;14.900;1.014;0.0;0.0;0;15;3.180;4.746;0.0;0;0.0;0;0;0;0;65;98;0;0;4092;0.00;0;0;0;0;0;0;0;0;0;0;0;0;0;0;0;0;15;0;98.0;98.0;0;0;0.00;0.00;0.00;0.0;0.0
24.694;35;0;98;0;0.0;15.100;1.027;43;41;0;0;100;99;100;134;100;356;100;88;88;0;0.000;5.709;0.000;0.000;14.900;1.014;0.0;0.0;0;15;3.180;4.746;0.0;0;0.0;0;0;0;0;65;98;0;0;4092;0.00;0;0;0;0;0;0;0;0;0;0;0;0;0;0;0;0;15;0;98.0;98.0;0;0;0.00;0.00;0.00;0.0;0.0
24.760;35;0;98;0;0.0;15.100;1.027;43;41;0;0;100;99;100;134;100;356;100;88;88;0;0.000;5.709;0.000;0.000;14.900;1.014;0.0;0.0;0;15;3.180;4.746;0.0;0;0.0;0;0;0;0;65;98;0;0;4092;0.00;0;0;0;0;0;0;0;0;0;0;0;0;0;0;0;0;15;0;98.0;98.0;0;0;0.00;0.00;0.00;0.0;0.0
24.826;35;0;98;0;0.0;15.000;1.020;43;41;0;0;100;99;100;134;100;356;100;88;88;0;0.000;5.709;0.000;0.000;14.900;1.014;0.0;0.0;0;15;3.180;4.746;0.0;0;0.0;0;0;0;0;65;98;0;0;4092;0.00;0;0;0;0;0;0;0;0;0;0;0;0;0;0;0;0;15;0;98.0;98.0;0;0;0.00;0.00;0.00;0.0;0.0
24.911;35;0;98;0;0.0;15.000;1.020;43;41;0;0;100;99;100;134;100;356;100;88;88;0;0.000;5.709;0.000;0.000;14.900;1.014;0.0;0.0;0;15;3.180;4.746;0.0;0;0.0;0;0;0;0;65;98;0;0;4092;0.00;0;0;0;0;0;0;0;0;0;0;0;0;0;0;0;0;15;0;98.0;98.0;0;0;0.00;0.00;0.00;0.0;0.0
24.970;35;0;98;0;0.0;15.000;1.020;43;41;0;0;100;99;100;134;100;356;100;88;88;0;0.000;5.709;0.000;0.000;14.900;1.014;0.0;0.0;0;15;3.180;4.746;0.0;0;0.0;0;0;0;0;65;98;0;0;4092;0.00;0;0;0;0;0;0;0;0;0;0;0;0;0;0;0;0;15;0;98.0;98.0;0;0;0.00;0.00;0.00;0.0;0.0
25.030;35;0;98;0;0.0;15.100;1.027;43;41;0;0;100;99;100;134;100;356;100;88;88;0;0.000;5.709;0.000;0.000;14.900;1.014;0.0;0.0;0;15;3.180;4.746;0.0;0;0.0;0;0;0;0;65;98;0;0;4092;0.00;0;0;0;0;0;0;0;0;0;0;0;0;0;0;0;0;15;0;98.0;98.0;0;0;0.00;0.00;0.00;0.0;0.0
25.030;35;0;98;0;0.0;15.100;1.027;43;41;0;0;100;99;100;134;100;356;100;88;88;0;0.000;5.709;0.000;0.000;14.900;1.014;0.0;0.0;0;15;3.180;4.746;0.0;0;0.0;0;0;0;0;65;98;0;0;4092;0.00;0;0;0;0;0;0;0;0;0;0;0;0;0;0;0;0;15;0;98.0;98.0;0;0;0.00;0.00;0.00;0.0;0.0
25.158;35;0;98;0;0.0;15.100;1.027;43;41;0;0;100;99;100;134;100;356;100;88;88;0;0.000;5.709;0.000;0.000;14.900;1.014;0.0;0.0;0;15;3.180;4.746;0.0;0;0.0;0;0;0;0;65;98;0;0;4092;0.00;0;0;0;0;0;0;0;0;0;0;0;0;0;0;0;0;15;0;98.0;98.0;0;0;0.00;0.00;0.00;0.0;0.0
25.222;35;0;98;0;0.0;15.000;1.020;43;41;0;0;100;99;100;134;100;356;100;88;88;0;0.000;5.709;0.000;0.000;14.900;1.014;0.0;0.0;0;15;3.180;4.746;0.0;0;0.0;0;0;0;0;65;98;0;0;4092;0.00;0;0;0;0;0;0;0;0;0;0;0;0;0;0;0;0;15;0;98.0;98.0;0;0;0.00;0.00;0.00;0.0;0.0
25.288;35;0;98;0;0.0;15.000;1.020;43;41;0;0;100;99;100;134;100;356;100;88;88;0;0.000;5.709;0.000;0.000;14.900;1.014;0.0;0.0;0;15;3.180;4.746;0.0;0;0.0;0;0;0;0;65;98;0;0;4092;0.00;0;0;0;0;0;0;0;0;0;0;0;0;0;0;0;0;15;0;98.0;98.0;0;0;0.00;0.00;0.00;0.0;0.0
25.353;36;0;98;0;0.0;15.000;1.020;43;41;0;0;100;99;100;134;100;356;100;88;88;0;0.000;5.709;0.000;0.000;14.900;1.014;0.0;0.0;0;15;3.180;4.746;0.0;0;0.0;0;0;0;0;65;98;0;0;4101;0.00;0;0;0;0;0;0;0;0;0;0;0;0;0;0;0;0;15;0;98.0;98.0;0;0;0.00;0.00;0.00;0.0;0.0
25.422;36;0;98;0;0.0;15.000;1.020;43;41;0;0;100;99;100;134;100;356;100;88;88;0;0.000;5.709;0.000;0.000;14.900;1.014;0.0;0.0;0;15;3.180;4.746;0.0;0;0.0;0;0;0;0;65;98;0;0;4101;0.00;0;0;0;0;0;0;0;0;0;0;0;0;0;0;0;0;15;0;98.0;98.0;0;0;0.00;0.00;0.00;0.0;0.0
25.489;36;0;98;0;0.0;14.900;1.014;43;41;0;0;100;99;100;134;100;356;100;88;88;0;0.000;5.709;0.000;0.000;14.900;1.014;0.0;0.0;0;15;3.180;4.746;0.0;0;0.0;0;0;0;0;65;98;0;0;4101;0.00;0;0;0;0;0;0;0;0;0;0;0;0;0;0;0;0;15;0;98.0;98.0;0;0;0.00;0.00;0.00;0.0;0.0
25.554;36;0;98;0;0.0;15.000;1.020;43;41;0;0;100;99;100;134;100;356;100;88;88;0;0.000;5.709;0.000;0.000;14.900;1.014;0.0;0.0;0;15;3.180;4.746;0.0;0;0.0;0;0;0;0;65;98;0;0;4101;0.00;0;0;0;0;0;0;0;0;0;0;0;0;0;0;0;0;15;0;98.0;98.0;0;0;0.00;0.00;0.00;0.0;0.0
25.619;36;0;98;0;0.0;15.000;1.020;43;41;0;0;100;99;100;134;100;356;100;88;88;0;0.000;5.709;0.000;0.000;14.900;1.014;0.0;0.0;0;15;3.180;4.746;0.0;0;0.0;0;0;0;0;65;98;0;0;4101;0.00;0;0;0;0;0;0;0;0;0;0;0;0;0;0;0;0;15;0;98.0;98.0;0;0;0.00;0.00;0.00;0.0;0.0
25.686;36;0;98;0;0.0;15.000;1.020;43;41;0;0;100;99;100;134;100;356;100;88;88;0;0.000;5.709;0.000;0.000;14.900;1.014;0.0;0.0;0;15;3.180;4.746;0.0;0;0.0;0;0;0;0;65;98;0;0;4101;0.00;0;0;0;0;0;0;0;0;0;0;0;0;0;0;0;0;15;0;98.0;98.0;0;0;0.00;0.00;0.00;0.0;0.0
25.754;36;0;98;0;0.0;15.100;1.027;43;41;0;0;100;99;100;134;100;356;100;88;88;0;0.000;5.709;0.000;0.000;14.900;1.014;0.0;0.0;0;15;3.180;4.746;0.0;0;0.0;0;0;0;0;65;98;0;0;4101;0.00;0;0;0;0;0;0;0;0;0;0;0;0;0;0;0;0;15;0;98.0;98.0;0;0;0.00;0.00;0.00;0.0;0.0
25.820;36;0;98;0;0.0;15.100;1.027;43;41;0;0;100;99;100;134;100;356;100;88;88;0;0.000;5.709;0.000;0.000;14.900;1.014;0.0;0.0;0;15;3.180;4.746;0.0;0;0.0;0;0;0;0;65;98;0;0;4101;0.00;0;0;0;0;0;0;0;0;0;0;0;0;0;0;0;0;15;0;98.0;98.0;0;0;0.00;0.00;0.00;0.0;0.0
25.890;36;0;98;0;0.0;15.100;1.027;43;41;0;0;100;99;100;134;100;356;100;88;88;0;0.000;5.709;0.000;0.000;14.900;1.014;0.0;0.0;0;15;3.180;4.746;0.0;0;0.0;0;0;0;0;65;98;0;0;4101;0.00;0;0;0;0;0;0;0;0;0;0;0;0;0;0;0;0;15;0;98.0;98.0;0;0;0.00;0.00;0.00;0.0;0.0
25.955;36;0;98;0;0.0;15.000;1.020;43;41;0;0;100;99;100;134;100;356;100;88;88;0;0.000;5.709;0.000;0.000;14.900;1.014;0.0;0.0;0;15;3.180;4.746;0.0;0;0.0;0;0;0;0;65;98;0;0;4101;0.00;0;0;0;0;0;0;0;0;0;0;0;0;0;0;0;0;15;0;98.0;98.0;0;0;0.00;0.00;0.00;0.0;0.0
26.020;36;0;98;0;0.0;15.000;1.020;43;41;0;0;100;99;100;134;100;356;100;88;88;0;0.000;5.709;0.000;0.000;14.900;1.014;0.0;0.0;0;15;3.180;4.746;0.0;0;0.0;0;0;0;0;65;98;0;0;4101;0.00;0;0;0;0;0;0;0;0;0;0;0;0;0;0;0;0;15;0;98.0;98.0;0;0;0.00;0.00;0.00;0.0;0.0
26.088;36;0;98;0;0.0;15.000;1.020;43;41;0;0;100;99;100;134;100;356;100;88;88;0;0.000;5.709;0.000;0.000;14.900;1.014;0.0;0.0;0;15;3.180;4.746;0.0;0;0.0;0;0;0;0;65;98;0;0;4101;0.00;0;0;0;0;0;0;0;0;0;0;0;0;0;0;0;0;15;0;98.0;98.0;0;0;0.00;0.00;0.00;0.0;0.0
26.155;36;0;98;0;0.0;15.000;1.020;43;41;0;0;100;99;100;134;100;356;100;88;88;0;0.000;5.709;0.000;0.000;14.900;1.014;0.0;0.0;0;15;3.180;4.746;0.0;0;0.0;0;0;0;0;65;98;0;0;4101;0.00;0;0;0;0;0;0;0;0;0;0;0;0;0;0;0;0;15;0;98.0;98.0;0;0;0.00;0.00;0.00;0.0;0.0
26.222;36;0;98;0;0.0;15.100;1.027;43;41;0;0;100;99;100;134;100;356;100;88;88;0;0.000;5.709;0.000;0.000;14.900;1.014;0.0;0.0;0;15;3.180;4.746;0.0;0;0.0;0;0;0;0;65;98;0;0;4101;0.00;0;0;0;0;0;0;0;0;0;0;0;0;0;0;0;0;15;0;98.0;98.0;0;0;0.00;0.00;0.00;0.0;0.0
26.286;36;0;98;0;0.0;15.100;1.027;43;41;0;0;100;99;100;134;100;356;100;88;88;0;0.000;5.709;0.000;0.000;14.900;1.014;0.0;0.0;0;15;3.180;4.746;0.0;0;0.0;0;0;0;0;65;98;0;0;4101;0.00;0;0;0;0;0;0;0;0;0;0;0;0;0;0;0;0;15;0;98.0;98.0;0;0;0.00;0.00;0.00;0.0;0.0
26.352;37;0;98;0;0.0;15.000;1.020;43;41;0;0;100;99;100;134;100;356;100;88;88;0;0.000;5.709;0.000;0.000;14.900;1.014;0.0;0.0;0;15;3.180;4.746;0.0;0;0.0;0;0;0;0;65;98;0;0;4109;0.00;0;0;0;0;0;0;0;0;0;0;0;0;0;0;0;0;15;0;98.0;98.0;0;0;0.00;0.00;0.00;0.0;0.0
26.418;37;0;98;0;0.0;15.000;1.020;43;41;0;0;100;99;100;134;100;356;100;88;88;0;0.000;5.709;0.000;0.000;14.900;1.014;0.0;0.0;0;15;3.180;4.746;0.0;0;0.0;0;0;0;0;65;98;0;0;4109;0.00;0;0;0;0;0;0;0;0;0;0;0;0;0;0;0;0;15;0;98.0;98.0;0;0;0.00;0.00;0.00;0.0;0.0
26.489;37;0;98;0;0.0;15.000;1.020;43;41;0;0;100;99;100;134;100;356;100;88;88;0;0.000;5.709;0.000;0.000;14.900;1.014;0.0;0.0;0;15;3.180;4.746;0.0;0;0.0;0;0;0;0;65;98;0;0;4109;0.00;0;0;0;0;0;0;0;0;0;0;0;0;0;0;0;0;15;0;98.0;98.0;0;0;0.00;0.00;0.00;0.0;0.0
26.557;37;0;98;0;0.0;15.000;1.020;43;41;0;0;100;99;100;134;100;356;100;88;88;0;0.000;5.709;0.000;0.000;14.900;1.014;0.0;0.0;0;15;3.180;4.746;0.0;0;0.0;0;0;0;0;65;98;0;0;4109;0.00;0;0;0;0;0;0;0;0;0;0;0;0;0;0;0;0;15;0;98.0;98.0;0;0;0.00;0.00;0.00;0.0;0.0
26.624;37;0;98;0;0.0;15.000;1.020;43;41;0;0;100;99;100;134;100;356;100;88;88;0;0.000;5.709;0.000;0.000;14.900;1.014;0.0;0.0;0;15;3.180;4.746;0.0;0;0.0;0;0;0;0;65;98;0;0;4109;0.00;0;0;0;0;0;0;0;0;0;0;0;0;0;0;0;0;15;0;98.0;98.0;0;0;0.00;0.00;0.00;0.0;0.0
26.694;37;0;98;0;0.0;15.100;1.027;43;41;0;0;100;99;100;134;100;356;100;88;88;0;0.000;5.709;0.000;0.000;14.900;1.014;0.0;0.0;0;15;3.180;4.746;0.0;0;0.0;0;0;0;0;65;98;0;0;4109;0.00;0;0;0;0;0;0;0;0;0;0;0;0;0;0;0;0;15;0;98.0;98.0;0;0;0.00;0.00;0.00;0.0;0.0
26.694;37;0;98;0;0.0;15.000;1.020;43;41;0;0;100;99;100;134;100;356;100;88;88;0;0.000;5.709;0.000;0.000;14.900;1.014;0.0;0.0;0;15;3.180;4.746;0.0;0;0.0;0;0;0;0;65;98;0;0;4109;0.00;0;0;0;0;0;0;0;0;0;0;0;0;0;0;0;0;15;0;98.0;98.0;0;0;0.00;0.00;0.00;0.0;0.0
26.760;37;0;98;0;0.0;15.000;1.020;43;41;0;0;100;99;100;134;100;356;100;88;88;0;0.000;5.709;0.000;0.000;14.900;1.014;0.0;0.0;0;15;3.180;4.746;0.0;0;0.0;0;0;0;0;65;98;0;0;4109;0.00;0;0;0;0;0;0;0;0;0;0;0;0;0;0;0;0;15;0;98.0;98.0;0;0;0.00;0.00;0.00;0.0;0.0
26.889;37;0;98;0;0.0;15.000;1.020;43;41;0;0;100;99;100;134;100;356;100;88;88;0;0.000;5.709;0.000;0.000;14.900;1.014;0.0;0.0;0;15;3.180;4.746;0.0;0;0.0;0;0;0;0;65;98;0;0;4109;0.00;0;0;0;0;0;0;0;0;0;0;0;0;0;0;0;0;15;0;98.0;98.0;0;0;0.00;0.00;0.00;0.0;0.0
26.955;37;0;98;0;0.0;15.100;1.027;43;41;0;0;100;99;100;134;100;356;100;88;88;0;0.000;5.709;0.000;0.000;14.900;1.014;0.0;0.0;0;15;3.180;4.746;0.0;0;0.0;0;0;0;0;65;98;0;0;4109;0.00;0;0;0;0;0;0;0;0;0;0;0;0;0;0;0;0;15;0;98.0;98.0;0;0;0.00;0.00;0.00;0.0;0.0
27.021;37;0;98;0;0.0;15.100;1.027;43;41;0;0;100;99;100;134;100;356;100;88;88;0;0.000;5.709;0.000;0.000;14.900;1.014;0.0;0.0;0;15;3.180;4.746;0.0;0;0.0;0;0;0;0;65;98;0;0;4109;0.00;0;0;0;0;0;0;0;0;0;0;0;0;0;0;0;0;15;0;98.0;98.0;0;0;0.00;0.00;0.00;0.0;0.0
27.085;37;0;98;0;0.0;15.000;1.020;43;41;0;0;100;99;100;134;100;356;100;88;88;0;0.000;5.709;0.000;0.000;14.900;1.014;0.0;0.0;0;15;3.180;4.746;0.0;0;0.0;0;0;0;0;65;98;0;0;4109;0.00;0;0;0;0;0;0;0;0;0;0;0;0;0;0;0;0;15;0;98.0;98.0;0;0;0.00;0.00;0.00;0.0;0.0
27.153;37;0;98;0;0.0;15.000;1.020;43;41;0;0;100;99;100;134;100;356;100;88;88;0;0.000;5.709;0.000;0.000;14.900;1.014;0.0;0.0;0;15;3.180;4.746;0.0;0;0.0;0;0;0;0;65;98;0;0;4109;0.00;0;0;0;0;0;0;0;0;0;0;0;0;0;0;0;0;15;0;98.0;98.0;0;0;0.00;0.00;0.00;0.0;0.0
27.222;37;0;98;0;0.0;15.000;1.020;43;41;0;0;100;99;100;134;100;356;100;88;88;0;0.000;5.709;0.000;0.000;14.900;1.014;0.0;0.0;0;15;3.180;4.746;0.0;0;0.0;0;0;0;0;65;98;0;0;4109;0.00;0;0;0;0;0;0;0;0;0;0;0;0;0;0;0;0;15;0;98.0;98.0;0;0;0.00;0.00;0.00;0.0;0.0
27.287;37;0;98;0;0.0;15.100;1.027;43;41;0;0;100;99;100;134;100;356;100;88;88;0;0.000;5.709;0.000;0.000;14.900;1.014;0.0;0.0;0;15;3.180;4.746;0.0;0;0.0;0;0;0;0;65;98;0;0;4109;0.00;0;0;0;0;0;0;0;0;0;0;0;0;0;0;0;0;15;0;98.0;98.0;0;0;0.00;0.00;0.00;0.0;0.0
27.357;38;0;98;0;0.0;15.000;1.020;43;41;0;0;100;99;100;134;100;356;100;88;88;0;0.000;5.709;0.000;0.000;14.900;1.014;0.0;0.0;0;15;3.180;4.746;0.0;0;0.0;0;0;0;0;65;98;0;0;4110;0.00;0;0;0;0;0;0;0;0;0;0;0;0;0;0;0;0;15;0;98.0;98.0;0;0;0.00;0.00;0.00;0.0;0.0
27.423;38;0;98;0;0.0;15.000;1.020;43;41;0;0;100;99;100;134;100;356;100;88;88;0;0.000;5.709;0.000;0.000;14.900;1.014;0.0;0.0;0;15;3.180;4.746;0.0;0;0.0;0;0;0;0;65;98;0;0;4110;0.00;0;0;0;0;0;0;0;0;0;0;0;0;0;0;0;0;15;0;98.0;98.0;0;0;0.00;0.00;0.00;0.0;0.0
27.492;38;0;98;0;0.0;15.400;1.048;43;41;0;0;100;99;100;134;100;356;100;88;88;0;0.000;5.709;0.000;0.000;14.900;1.014;0.0;0.0;0;15;3.180;4.746;0.0;0;0.0;0;0;0;0;65;98;0;0;4110;0.00;0;0;0;0;0;0;0;0;0;0;0;0;0;0;0;0;15;0;98.0;98.0;0;0;0.00;0.00;0.00;0.0;0.0
27.557;38;0;98;0;0.0;18.700;1.272;43;41;0;0;100;99;100;134;100;356;100;88;88;0;0.000;5.709;0.000;0.000;14.900;1.014;0.0;0.0;0;15;3.180;4.746;0.0;0;0.0;0;0;0;0;65;98;0;0;4110;0.00;0;0;0;0;0;0;0;0;0;0;0;0;0;0;0;0;15;0;98.0;98.0;0;0;0.00;0.00;0.00;0.0;0.0
27.622;38;0;98;0;0.0;19.500;1.327;43;41;0;0;100;99;100;134;100;356;100;88;88;0;0.000;5.709;0.000;0.000;14.900;1.014;0.0;0.0;0;15;3.180;4.746;4.8;0;0.0;0;0;0;0;0;98;0;0;4110;0.00;0;0;0;0;0;0;0;0;0;0;0;0;0;0;0;0;15;0;98.0;98.0;0;0;0.00;0.00;0.00;0.0;0.0
27.689;38;0;98;0;0.0;19.700;1.340;43;41;0;0;100;99;100;134;100;356;100;88;88;0;0.000;5.709;0.000;0.000;14.900;1.014;0.0;0.0;0;15;3.180;4.746;4.8;0;0.0;0;0;0;0;0;98;0;0;4110;0.00;0;0;0;0;0;0;0;0;0;0;0;0;0;0;0;0;15;0;98.0;98.0;0;0;0.00;0.00;0.00;0.0;0.0
27.760;38;0;98;0;0.0;19.700;1.340;43;41;0;0;100;99;100;134;100;356;100;88;88;0;0.000;5.709;0.000;0.000;14.900;1.014;0.0;0.0;0;15;3.180;4.746;4.8;0;0.0;0;0;0;0;0;98;0;0;4110;0.00;0;0;0;0;0;0;0;0;0;0;0;0;0;0;0;0;15;0;98.0;98.0;0;0;0.00;0.00;0.00;0.0;0.0
27.828;38;0;98;0;0.0;19.700;1.340;43;41;0;0;100;99;100;134;100;356;100;88;88;0;0.000;5.709;0.000;0.000;14.900;1.014;0.0;0.0;0;15;3.180;4.746;4.8;0;0.0;0;0;0;0;0;98;0;0;4110;0.00;0;0;0;0;0;0;0;0;0;0;0;0;0;0;0;0;15;0;98.0;98.0;0;0;0.00;0.00;0.00;0.0;0.0
27.893;38;0;98;0;0.0;19.700;1.340;43;41;0;0;100;99;100;134;100;356;100;88;88;0;0.000;5.709;0.000;0.000;14.900;1.014;0.0;0.0;0;15;3.180;4.746;7.3;0;0.0;0;0;0;0;0;98;0;0;4110;0.00;0;0;0;0;0;0;0;0;0;0;0;0;0;0;0;0;15;0;98.0;98.0;0;0;0.00;0.00;0.00;0.0;0.0
27.959;38;0;98;0;0.0;19.700;1.340;43;41;0;0;100;99;100;134;100;356;100;88;88;0;0.000;5.709;0.000;0.000;14.900;1.014;0.0;0.0;0;15;3.180;4.746;7.3;0;0.0;0;0;0;0;0;98;0;0;4110;0.00;0;0;0;0;0;0;0;0;0;0;0;0;0;0;0;0;15;0;98.0;98.0;0;0;0.00;0.00;0.00;0.0;0.0
28.025;38;0;98;0;0.0;19.700;1.340;43;41;0;0;100;99;100;134;100;356;100;88;88;0;0.000;5.709;0.000;0.000;14.900;1.014;0.0;0.0;0;15;3.180;4.746;7.3;0;0.0;0;0;0;0;0;98;0;0;4110;0.00;0;0;0;0;0;0;0;0;0;0;0;0;0;0;0;0;15;0;98.0;98.0;0;0;0.00;0.00;0.00;0.0;0.0
28.089;38;0;98;0;0.0;19.700;1.340;43;41;0;0;100;99;100;134;100;356;100;88;88;0;0.000;5.709;0.000;0.000;14.900;1.014;0.0;0.0;0;15;3.180;4.746;7.3;0;0.0;0;0;0;0;0;98;0;0;4110;0.00;0;0;0;0;0;0;0;0;0;0;0;0;0;0;0;0;15;0;98.0;98.0;0;0;0.00;0.00;0.00;0.0;0.0
28.158;38;0;98;0;0.0;19.700;1.340;43;41;0;0;100;99;100;134;100;356;100;88;88;0;0.000;5.709;0.000;0.000;14.900;1.014;0.0;0.0;0;15;3.180;4.746;8.6;0;0.0;0;0;0;0;0;98;0;0;4110;0.00;0;0;0;0;0;0;0;0;0;0;0;0;0;0;0;0;15;0;98.0;98.0;0;0;0.00;0.00;0.00;0.0;0.0
28.225;38;0;98;0;0.0;19.700;1.340;43;41;0;0;100;99;100;134;100;356;100;88;88;0;0.000;5.709;0.000;0.000;14.900;1.014;0.0;0.0;0;15;3.180;4.746;8.6;0;0.0;0;0;0;0;0;98;0;0;4110;0.00;0;0;0;0;0;0;0;0;0;0;0;0;0;0;0;0;15;0;98.0;98.0;0;0;0.00;0.00;0.00;0.0;0.0
28.290;38;0;98;0;0.0;19.700;1.340;43;41;0;0;100;99;100;134;100;356;100;88;88;0;0.000;5.709;0.000;0.000;14.900;1.014;0.0;0.0;0;15;3.180;4.746;8.6;0;0.0;0;0;0;0;0;98;0;0;4110;0.00;0;0;0;0;0;0;0;0;0;0;0;0;0;0;0;0;15;0;98.0;98.0;0;0;0.00;0.00;0.00;0.0;0.0
28.357;38;0;98;0;0.0;19.700;1.340;43;41;0;0;100;99;100;134;100;356;100;88;88;0;0.000;5.709;0.000;0.000;14.900;1.014;0.0;0.0;0;15;3.180;4.746;8.6;0;0.0;0;0;0;0;0;98;0;0;4110;0.00;0;0;0;0;0;0;0;0;0;0;0;0;0;0;0;0;15;0;98.0;98.0;0;0;0.00;0.00;0.00;0.0;0.0
28.425;39;0;98;0;0.0;19.700;1.340;43;41;0;0;100;99;100;134;100;356;100;88;88;0;0.000;5.709;0.000;0.000;14.900;1.014;0.0;0.0;0;15;3.180;4.746;9.3;0;0.0;0;0;0;0;0;98;0;0;4329;0.00;0;0;0;0;0;0;0;0;0;0;0;0;0;0;0;0;15;0;98.0;98.0;0;0;0.00;0.00;0.00;0.0;0.0
28.493;39;0;98;0;0.0;19.700;1.340;43;41;0;0;100;99;100;134;100;356;100;88;88;0;0.000;5.709;0.000;0.000;14.900;1.014;0.0;0.0;0;15;3.180;4.746;9.3;0;0.0;0;0;0;0;0;98;0;0;4329;0.00;0;0;0;0;0;0;0;0;0;0;0;0;0;0;0;0;15;0;98.0;98.0;0;0;0.00;0.00;0.00;0.0;0.0
28.560;39;0;98;0;0.0;19.700;1.340;43;41;0;0;100;99;100;134;100;356;100;88;88;0;0.000;5.709;0.000;0.000;14.900;1.014;0.0;0.0;0;15;3.180;4.746;9.3;0;0.0;0;0;0;0;0;98;0;0;4329;0.00;0;0;0;0;0;0;0;0;0;0;0;0;0;0;0;0;15;0;98.0;98.0;0;0;0.00;0.00;0.00;0.0;0.0
28.627;39;0;98;0;0.0;19.700;1.340;43;41;0;0;100;99;100;134;100;356;100;88;88;0;0.000;5.709;0.000;0.000;14.900;1.014;0.0;0.0;0;15;3.180;4.746;10.0;0;0.0;0;0;0;1;17;98;0;0;4329;0.00;0;0;0;0;0;0;0;0;0;0;0;0;0;0;0;0;15;0;98.0;98.0;0;0;0.00;0.00;0.00;0.0;0.0
28.693;39;0;98;0;0.0;19.700;1.340;43;41;0;0;100;99;100;134;100;356;100;88;88;0;0.000;5.709;0.000;0.000;14.900;1.014;0.0;0.0;0;15;3.180;4.746;10.0;0;0.0;0;0;0;0;0;98;0;0;4329;0.00;0;0;0;0;0;0;0;0;0;0;0;0;0;0;0;0;15;0;98.0;98.0;0;0;0.00;0.00;0.00;0.0;0.0
28.757;39;0;98;0;0.0;19.700;1.340;43;41;0;0;100;99;100;134;100;356;100;88;88;0;0.000;5.709;0.000;0.000;14.900;1.014;0.0;0.0;0;15;3.180;4.746;10.0;0;0.0;0;0;0;0;0;98;0;0;4329;0.00;0;0;0;0;0;0;0;0;0;0;0;0;0;0;0;0;15;0;98.0;98.0;0;0;0.00;0.00;0.00;0.0;0.0
28.823;39;0;98;0;0.0;19.700;1.340;43;41;0;0;100;99;100;134;100;356;100;88;88;0;0.000;5.709;0.000;0.000;14.900;1.014;0.0;0.0;0;15;3.180;4.746;10.0;0;0.0;0;0;0;0;63;98;0;0;4329;0.00;0;0;0;0;0;0;0;0;0;0;0;0;0;0;0;0;15;0;98.0;98.0;0;0;0.00;0.00;0.00;0.0;0.0
28.893;39;0;98;0;0.0;19.700;1.340;43;41;0;0;100;99;100;134;100;356;100;88;88;0;0.000;5.709;0.000;0.000;14.900;1.014;0.0;0.0;0;15;3.180;4.746;10.5;0;0.0;0;0;0;0;63;98;0;0;4329;0.00;0;0;0;0;0;0;0;0;0;0;0;0;0;0;0;0;15;0;98.0;98.0;0;0;0.00;0.00;0.00;0.0;0.0
28.958;39;0;98;0;0.0;19.700;1.340;43;41;0;0;100;99;100;134;100;356;100;88;88;0;0.000;5.709;0.000;0.000;14.900;1.014;0.0;0.0;0;15;3.180;4.746;10.5;0;0.0;0;0;0;0;63;98;0;0;4329;0.00;0;0;0;0;0;0;0;0;0;0;0;0;0;0;0;0;15;0;98.0;98.0;0;0;0.00;0.00;0.00;0.0;0.0
29.023;39;0;98;0;0.0;19.700;1.340;43;41;0;0;100;99;100;134;100;356;100;88;88;0;0.000;5.709;0.000;0.000;14.900;1.014;0.0;0.0;0;15;3.180;4.746;10.5;0;0.0;0;0;0;0;63;98;0;0;4329;0.00;0;0;0;0;0;0;0;0;0;0;0;0;0;0;0;0;15;0;98.0;98.0;0;0;0.00;0.00;0.00;0.0;0.0
29.089;39;0;98;0;0.0;19.700;1.340;43;41;0;0;100;99;100;134;100;356;100;88;88;0;0.000;5.709;0.000;0.000;14.900;1.014;0.0;0.0;0;15;3.180;4.746;10.5;0;0.0;0;0;0;0;63;98;0;0;4329;0.00;0;0;0;0;0;0;0;0;0;0;0;0;0;0;0;0;15;0;98.0;98.0;0;0;0.00;0.00;0.00;0.0;0.0
29.159;39;0;98;0;0.0;19.700;1.340;43;41;0;0;100;99;100;134;100;356;100;88;88;0;0.000;5.709;0.000;0.000;14.900;1.014;0.0;0.0;0;15;3.180;4.746;10.7;0;0.0;0;0;0;0;63;98;0;0;4329;0.00;0;0;0;0;0;0;0;0;0;0;0;0;0;0;0;0;15;0;98.0;98.0;0;0;0.00;0.00;0.00;0.0;0.0
29.224;39;0;98;0;0.0;19.700;1.340;43;41;0;0;100;99;100;134;100;356;100;88;88;0;0.000;5.709;0.000;0.000;14.900;1.014;0.0;0.0;0;15;3.180;4.746;10.7;0;0.0;0;0;0;0;63;98;0;0;4329;0.00;0;0;0;0;0;0;0;0;0;0;0;0;0;0;0;0;15;0;98.0;98.0;0;0;0.00;0.00;0.00;0.0;0.0
29.290;39;0;98;0;0.0;19.700;1.340;43;41;0;0;100;99;100;134;100;356;100;88;88;0;0.000;5.709;0.000;0.000;14.900;1.014;0.0;0.0;0;15;3.180;4.746;10.7;0;0.0;0;0;0;0;63;98;0;0;4329;0.00;0;0;0;0;0;0;0;0;0;0;0;0;0;0;0;0;15;0;98.0;98.0;0;0;0.00;0.00;0.00;0.0;0.0
29.356;39;0;98;0;0.0;19.700;1.340;43;41;0;0;100;99;100;134;100;356;100;88;88;0;0.000;5.709;0.000;0.000;14.900;1.014;0.0;0.0;0;15;3.180;4.746;10.7;0;0.0;0;0;0;0;63;98;0;0;4329;0.00;0;0;0;0;0;0;0;0;0;0;0;0;0;0;0;0;15;0;98.0;98.0;0;0;0.00;0.00;0.00;0.0;0.0
29.426;40;0;98;0;0.0;19.700;1.340;43;41;0;0;100;99;100;134;100;356;100;88;88;0;0.000;5.709;0.000;0.000;14.900;1.014;0.0;0.0;0;15;3.180;4.746;10.8;0;0.0;0;0;0;0;63;98;0;0;4262;0.00;0;0;0;0;0;0;0;0;0;0;0;0;0;0;0;0;15;0;98.0;98.0;0;0;0.00;0.00;0.00;0.0;0.0
29.495;40;0;98;0;0.0;19.700;1.340;43;41;0;0;100;99;100;134;100;356;100;88;88;0;0.000;5.709;0.000;0.000;14.900;1.014;0.0;0.0;0;15;3.180;4.746;10.8;0;0.0;0;0;0;0;63;98;0;0;4262;0.00;0;0;0;0;0;0;0;0;0;0;0;0;0;0;0;0;15;0;98.0;98.0;0;0;0.00;0.00;0.00;0.0;0.0
29.559;40;0;98;0;0.0;19.700;1.340;43;41;0;0;100;99;100;134;100;356;100;88;88;0;0.000;5.709;0.000;0.000;14.900;1.014;0.0;0.0;0;15;3.180;4.746;10.8;0;0.0;0;0;0;0;63;98;0;0;4262;0.00;0;0;0;0;0;0;0;0;0;0;0;0;0;0;0;0;15;0;98.0;98.0;0;0;0.00;0.00;0.00;0.0;0.0
29.559;40;0;98;0;0.0;19.700;1.340;43;41;0;0;100;99;100;134;100;356;100;88;88;0;0.000;5.709;0.000;0.000;14.900;1.014;0.0;0.0;0;15;3.180;4.746;10.8;0;0.0;0;0;0;0;63;98;0;0;4262;0.00;0;0;0;0;0;0;0;0;0;0;0;0;0;0;0;0;15;0;98.0;98.0;0;0;0.00;0.00;0.00;0.0;0.0
29.691;40;0;98;0;0.0;19.700;1.340;43;41;0;0;100;99;100;134;100;356;100;88;88;0;0.000;5.709;0.000;0.000;14.900;1.014;0.0;0.0;0;15;3.180;4.746;10.9;0;0.0;0;0;0;0;63;98;0;0;4262;0.00;0;0;0;0;0;0;0;0;0;0;0;0;0;0;0;0;15;0;98.0;98.0;0;0;0.00;0.00;0.00;0.0;0.0
29.757;40;0;98;0;0.0;19.700;1.340;43;41;0;0;100;99;100;134;100;356;100;88;88;0;0.000;5.709;0.000;0.000;14.900;1.014;0.0;0.0;0;15;3.180;4.746;10.9;0;0.0;0;0;0;0;63;98;0;0;4262;0.00;0;0;0;0;0;0;0;0;0;0;0;0;0;0;0;0;15;0;98.0;98.0;0;0;0.00;0.00;0.00;0.0;0.0
29.822;40;0;98;0;0.0;19.700;1.340;43;41;0;0;100;99;100;134;100;356;100;88;88;0;0.000;5.709;0.000;0.000;14.900;1.014;0.0;0.0;0;15;3.180;4.746;10.9;0;0.0;0;0;0;0;63;98;0;0;4262;0.00;0;0;0;0;0;0;0;0;0;0;0;0;0;0;0;0;15;0;98.0;98.0;0;0;0.00;0.00;0.00;0.0;0.0
29.892;40;0;98;0;0.0;19.700;1.340;43;41;0;0;100;99;100;134;100;356;100;88;88;0;0.000;5.709;0.000;0.000;14.900;1.014;0.0;0.0;0;15;3.180;4.746;10.9;0;0.0;0;0;0;0;63;98;0;0;4262;0.00;0;0;0;0;0;0;0;0;0;0;0;0;0;0;0;0;15;0;98.0;98.0;0;0;0.00;0.00;0.00;0.0;0.0
29.957;40;0;98;0;0.0;19.700;1.340;43;41;0;0;100;99;100;134;100;356;100;88;88;0;0.000;5.709;0.000;0.000;14.900;1.014;0.0;0.0;0;15;3.180;4.746;10.9;0;0.0;0;0;0;0;63;98;0;0;4262;0.00;0;0;0;0;0;0;0;0;0;0;0;0;0;0;0;0;15;0;98.0;98.0;0;0;0.00;0.00;0.00;0.0;0.0
30.022;40;0;98;0;0.0;19.700;1.340;43;41;0;0;100;99;100;134;100;356;100;88;88;0;0.000;5.709;0.000;0.000;14.900;1.014;0.0;0.0;0;15;3.180;4.746;10.9;0;0.0;0;0;0;0;63;98;0;0;4262;0.00;0;0;0;0;0;0;0;0;0;0;0;0;0;0;0;0;15;0;98.0;98.0;0;0;0.00;0.00;0.00;0.0;0.0
30.088;40;0;98;0;0.0;19.700;1.340;43;41;0;0;100;99;100;134;100;356;100;88;88;0;0.000;5.709;0.000;0.000;14.900;1.014;0.0;0.0;0;15;3.180;4.746;10.9;0;0.0;0;0;0;0;63;98;0;0;4262;0.00;0;0;0;0;0;0;0;0;0;0;0;0;0;0;0;0;15;0;98.0;98.0;0;0;0.00;0.00;0.00;0.0;0.0
30.157;40;0;98;0;0.0;19.700;1.340;43;41;0;0;100;99;100;134;100;356;100;88;88;0;0.000;5.709;0.000;0.000;14.900;1.014;0.0;0.0;0;15;3.180;4.746;10.9;0;0.0;0;0;0;0;63;98;0;0;4262;0.00;0;0;0;0;0;0;0;0;0;0;0;0;0;0;0;0;15;0;98.0;98.0;0;0;0.00;0.00;0.00;0.0;0.0
30.223;40;0;98;0;0.0;19.700;1.340;43;41;0;0;100;99;100;134;100;356;100;88;88;0;0.000;5.709;0.000;0.000;14.900;1.014;0.0;0.0;0;15;3.180;4.746;10.9;0;0.0;0;0;0;0;63;98;0;0;4262;0.00;0;0;0;0;0;0;0;0;0;0;0;0;0;0;0;0;15;0;98.0;98.0;0;0;0.00;0.00;0.00;0.0;0.0
30.288;40;0;98;0;0.0;19.700;1.340;43;41;0;0;100;99;100;134;100;356;100;88;88;0;0.000;5.709;0.000;0.000;14.900;1.014;0.0;0.0;0;15;3.180;4.746;10.9;0;0.0;0;0;0;0;63;98;0;0;4262;0.00;0;0;0;0;0;0;0;0;0;0;0;0;0;0;0;0;15;0;98.0;98.0;0;0;0.00;0.00;0.00;0.0;0.0
30.288;40;0;98;0;0.0;19.700;1.340;43;41;0;0;100;99;100;134;100;356;100;88;88;0;0.000;5.709;0.000;0.000;14.900;1.014;0.0;0.0;0;15;3.180;4.746;10.9;0;0.0;0;0;0;0;63;98;0;0;4262;0.00;0;0;0;0;0;0;0;0;0;0;0;0;0;0;0;0;15;0;98.0;98.0;0;0;0.00;0.00;0.00;0.0;0.0
30.424;41;0;98;0;0.0;19.700;1.340;43;41;0;0;100;99;100;134;100;356;100;88;88;0;0.000;5.709;0.000;0.000;14.900;1.014;0.0;0.0;0;15;3.180;4.746;11.0;0;0.0;0;0;0;0;63;98;0;0;4145;0.00;0;0;0;0;0;0;0;0;0;0;0;0;0;0;0;0;15;0;98.0;98.0;0;0;0.00;0.00;0.00;0.0;0.0
30.490;41;0;98;0;0.0;19.700;1.340;43;41;0;0;100;99;100;134;100;356;100;88;88;0;0.000;5.709;0.000;0.000;14.900;1.014;0.0;0.0;0;15;3.180;4.746;11.0;0;0.0;0;0;0;0;63;98;0;0;4145;0.00;0;0;0;0;0;0;0;0;0;0;0;0;0;0;0;0;15;0;98.0;98.0;0;0;0.00;0.00;0.00;0.0;0.0
30.557;41;0;98;0;0.0;19.700;1.340;43;41;0;0;100;99;100;134;100;356;100;88;88;0;0.000;5.709;0.000;0.000;14.900;1.014;0.0;0.0;0;15;3.180;4.746;11.0;0;0.0;0;0;0;0;63;98;0;0;4145;0.00;0;0;0;0;0;0;0;0;0;0;0;0;0;0;0;0;15;0;98.0;98.0;0;0;0.00;0.00;0.00;0.0;0.0
30.624;41;0;98;0;0.0;19.700;1.340;43;41;0;0;100;99;100;134;100;356;100;88;88;0;0.000;5.709;0.000;0.000;14.900;1.014;0.0;0.0;0;15;3.180;4.746;11.0;0;0.0;0;0;0;0;63;98;0;0;4145;0.00;0;0;0;0;0;0;0;0;0;0;0;0;0;0;0;0;15;0;98.0;98.0;0;0;0.00;0.00;0.00;0.0;0.0
30.690;41;0;98;0;0.0;19.700;1.340;43;41;0;0;100;99;100;134;100;356;100;88;88;0;0.000;5.709;0.000;0.000;14.900;1.014;0.0;0.0;0;15;3.180;4.746;11.1;0;0.0;0;0;0;0;63;98;0;0;4145;0.00;0;0;0;0;0;0;0;0;0;0;0;0;0;0;0;0;15;0;98.0;98.0;0;0;0.00;0.00;0.00;0.0;0.0
30.755;41;0;98;0;0.0;19.700;1.340;43;41;0;0;100;99;100;134;100;356;100;88;88;0;0.000;5.709;0.000;0.000;14.900;1.014;0.0;0.0;0;15;3.180;4.746;11.1;0;0.0;0;0;0;0;63;98;0;0;4145;0.00;0;0;0;0;0;0;0;0;0;0;0;0;0;0;0;0;15;0;98.0;98.0;0;0;0.00;0.00;0.00;0.0;0.0
30.821;41;0;98;0;0.0;19.700;1.340;43;41;0;0;100;99;100;134;100;356;100;88;88;0;0.000;5.709;0.000;0.000;14.900;1.014;0.0;0.0;0;15;3.180;4.746;11.1;0;0.0;0;0;0;0;63;98;0;0;4145;0.00;0;0;0;0;0;0;0;0;0;0;0;0;0;0;0;0;15;0;98.0;98.0;0;0;0.00;0.00;0.00;0.0;0.0
30.886;41;0;98;0;0.0;19.700;1.340;43;41;0;0;100;99;100;134;100;356;100;88;88;0;0.000;5.709;0.000;0.000;14.900;1.014;0.0;0.0;0;15;3.180;4.746;11.1;0;0.0;0;0;0;0;63;98;0;0;4145;0.00;0;0;0;0;0;0;0;0;0;0;0;0;0;0;0;0;15;0;98.0;98.0;0;0;0.00;0.00;0.00;0.0;0.0
30.956;41;0;93;0;0.0;17.900;1.218;43;41;0;0;100;99;100;134;100;356;100;84;84;0;0.000;5.709;0.000;0.000;14.900;1.014;0.0;0.0;0;16;3.180;4.746;9.9;0;-0.7;0;0;0;0;63;98;0;0;4145;0.00;0;0;0;0;0;0;0;0;0;0;0;0;0;0;0;0;16;0;93.0;93.0;0;0;0.00;0.00;0.00;0.0;0.0
31.023;41;0;93;0;0.0;16.300;1.109;43;41;0;0;100;99;100;134;100;356;100;84;84;0;0.000;5.709;0.000;0.000;14.900;1.014;0.0;0.0;0;16;3.180;4.746;9.9;0;-0.7;0;0;0;0;63;98;0;0;4145;0.00;0;0;0;0;0;0;0;0;0;0;0;0;0;0;0;0;16;0;93.0;93.0;0;0;0.00;0.00;0.00;0.0;0.0
31.087;41;0;97;0;0.0;15.700;1.068;43;41;0;0;100;99;100;134;100;356;100;87;87;0;0.000;5.709;0.000;0.000;14.900;1.014;0.0;0.0;0;15;3.180;4.746;9.9;0;-0.1;0;0;0;0;63;98;0;0;4145;0.00;0;0;0;0;0;0;0;0;0;0;0;0;0;0;0;0;15;0;97.0;97.0;2;0;0.00;0.00;0.00;0.0;0.0
31.152;41;0;83;0;0.0;15.600;1.061;43;41;0;0;100;99;100;134;100;356;100;74;74;0;0.000;5.709;0.000;0.000;14.900;1.014;0.0;0.0;0;18;3.180;4.746;9.9;0;-2.2;0;0;0;0;63;98;0;0;4145;0.00;0;0;0;0;0;0;0;0;0;0;0;0;0;0;0;0;18;0;83.0;83.0;2;0;0.00;0.00;0.00;0.0;0.0
31.223;41;0;93;0;0.0;15.700;1.068;43;41;0;0;100;99;100;134;100;356;100;84;84;0;0.000;5.709;0.000;0.000;14.900;1.014;0.0;0.0;0;16;3.180;4.746;9.8;0;-0.7;0;0;0;0;63;98;0;0;4145;0.00;0;0;0;0;0;0;0;0;0;0;0;0;0;0;0;0;16;0;93.0;93.0;2;0;0.00;0.00;0.00;0.0;0.0
31.288;41;0;81;0;0.0;15.600;1.061;43;41;0;0;100;99;100;134;100;356;100;73;73;0;0.000;5.709;0.000;0.000;14.900;1.014;0.0;0.0;0;18;3.180;4.746;9.8;0;-2.5;0;0;0;0;63;98;0;0;4145;0.00;0;0;0;0;0;0;0;0;0;0;0;0;0;0;0;0;18;0;81.0;81.0;2;0;0.00;0.00;0.00;0.0;0.0
31.353;41;0;89;0;0.0;15.700;1.068;43;41;0;0;100;99;100;134;100;356;100;80;80;0;0.000;5.709;0.000;0.000;14.900;1.014;0.0;0.0;0;17;3.180;4.746;9.8;0;-1.3;0;0;0;0;63;98;0;0;4145;0.00;0;0;0;0;0;0;0;0;0;0;0;0;0;0;0;0;17;0;89.0;89.0;2;0;0.00;0.00;0.00;0.0;0.0
31.423;42;0;78;0;0.0;15.600;1.061;43;41;0;0;100;99;100;134;100;356;100;70;70;0;0.000;5.709;0.000;0.000;14.900;1.014;0.0;0.0;0;18;3.180;4.746;9.9;0;-2.9;0;0;0;0;63;98;0;0;5679;0.00;0;0;0;0;0;0;0;0;0;0;0;0;0;0;0;0;18;0;78.0;78.0;2;0;0.00;0.00;0.00;0.0;0.0
31.490;42;0;76;0;0.0;15.700;1.068;43;41;0;0;100;99;100;134;100;356;100;69;69;0;0.000;5.709;0.000;0.000;14.900;1.014;0.0;0.0;0;18;3.180;4.746;9.9;0;-3.2;0;0;0;0;63;98;0;0;5679;0.00;0;0;0;0;0;0;0;0;0;0;0;0;0;0;0;0;18;0;76.0;76.0;2;0;0.00;0.00;0.00;0.0;0.0
31.555;42;454;77;34958;0.0;15.700;1.068;43;41;13;0;100;99;100;134;100;335;100;69;69;0;5.834;5.834;0.000;0.000;15.700;1.068;8.8;0.0;0;18;3.150;1.495;9.9;4540;-3.0;0;0;0;0;63;98;0;0;5679;750.53;0;0;0;0;0;0;0;0;0;0;0;0;0;0;0;0;18;0;77.0;77.0;2;0;0.00;0.00;0.00;0.0;0.0
31.624;42;391;76;29716;0.0;15.700;1.068;43;41;13;0;100;99;100;134;100;314;100;69;69;0;5.521;5.521;0.000;0.000;15.700;1.068;7.2;0.0;0;18;3.150;1.495;9.9;-630;-3.2;0;0;0;1;63;98;0;0;5679;871.46;0;0;0;0;0;0;0;0;0;0;0;0;0;0;0;0;18;0;76.0;76.0;2;0;0.00;0.00;0.00;0.0;0.0
31.690;42;440;76;33440;0.0;15.700;1.068;43;41;13;0;100;99;100;134;100;314;100;69;69;0;5.521;5.521;0.000;0.000;15.700;1.068;8.1;0.0;0;18;3.150;1.495;9.9;-630;-3.2;0;0;0;0;64;98;0;0;5679;774.41;0;0;0;0;0;0;0;0;0;0;0;0;0;0;0;0;18;0;76.0;76.0;2;0;0.00;0.00;0.00;0.0;0.0
31.755;42;434;75;32550;0.0;16.200;1.102;43;41;13;0;100;99;100;134;100;294;100;68;68;0;5.220;5.220;0.000;0.000;16.200;1.102;7.6;0.0;0;18;3.150;2.968;9.9;430;-3.3;0;0;0;0;65;98;0;0;5679;785.12;0;0;0;0;0;0;0;0;0;0;0;0;0;0;0;0;18;0;75.0;75.0;2;0;0.00;0.00;0.00;0.0;0.0
31.826;42;403;75;30225;0.0;15.900;1.082;43;41;13;0;100;99;100;134;100;273;100;68;68;0;4.989;4.989;0.000;0.000;15.900;1.082;6.7;0.0;0;18;3.150;2.968;9.9;-310;-3.3;0;0;0;1;65;98;0;0;5679;845.51;0;0;0;0;0;0;0;0;0;0;0;0;0;0;0;0;18;0;75.0;75.0;2;0;0.00;0.00;0.00;0.0;0.0
31.891;42;449;73;32777;0.0;15.800;1.075;43;41;13;0;100;99;100;134;100;273;100;67;67;0;4.864;4.864;0.000;0.000;15.800;1.075;7.3;0.0;0;18;3.150;3.141;9.9;-310;-3.6;0;0;0;0;66;98;0;0;5679;758.89;0;0;0;0;0;0;0;0;0;0;0;0;0;0;0;0;18;0;73.0;73.0;2;0;0.00;0.00;0.00;0.0;0.0
31.960;42;452;73;32996;0.0;15.700;1.068;43;41;13;0;100;99;100;134;100;254;100;67;67;0;4.667;4.667;0.000;0.000;15.700;1.068;7.0;0.0;0;18;3.150;3.141;9.9;490;-3.6;0;0;0;0;67;98;0;0;5679;753.85;0;0;0;0;0;0;0;0;0;0;0;0;0;0;0;0;18;0;73.0;73.0;2;0;0.00;0.00;0.00;0.0;0.0
32.025;42;549;73;40077;0.0;15.800;1.075;43;41;13;0;100;99;100;134;100;254;100;67;67;0;4.667;4.667;0.000;0.000;15.800;1.075;8.5;0.0;0;18;3.150;3.141;9.9;490;-3.6;0;0;0;0;67;98;0;0;5679;620.66;0;0;0;0;0;0;0;0;0;0;0;0;0;0;0;0;18;0;73.0;73.0;2;0;0.00;0.00;0.00;0.0;0.0
32.091;42;600;68;40800;0.0;15.900;1.082;43;41;13;0;100;99;100;134;100;233;100;64;64;0;4.180;4.180;0.000;0.000;15.900;1.082;8.4;0.0;0;19;3.150;3.161;9.9;1500;-4.4;0;0;0;0;68;98;0;0;5679;567.90;0;0;0;0;0;0;0;0;0;0;0;0;0;0;0;0;19;0;68.0;68.0;2;0;0.00;0.00;0.00;0.0;0.0
32.160;42;623;68;42364;0.0;15.800;1.075;43;41;13;0;100;99;100;134;100;212;100;65;65;0;4.008;4.008;0.000;0.000;15.800;1.075;8.3;0.0;0;20;3.150;3.163;9.9;210;-4.4;0;0;0;0;69;98;0;0;5679;546.93;0;0;0;0;0;0;0;0;0;0;0;0;0;0;0;0;20;0;68.0;68.0;2;0;0.00;0.00;0.00;0.0;0.0
32.227;42;691;62;42842;0.0;15.800;1.075;43;41;13;0;100;99;100;134;100;212;100;61;61;0;3.702;3.702;0.000;0.000;15.800;1.075;8.5;0.0;0;22;3.120;3.163;10.0;210;-5.2;0;0;0;0;69;98;0;0;5679;493.11;0;0;0;0;0;0;0;0;0;0;0;0;0;0;0;0;22;0;62.0;62.0;2;0;0.00;0.00;0.00;0.0;0.0
32.292;42;716;59;42244;0.0;16.000;1.088;43;41;13;0;100;99;100;134;100;212;100;59;59;0;3.594;3.594;0.000;0.000;16.000;1.088;8.6;0.0;0;22;3.120;3.139;10.0;680;-5.7;0;0;0;0;70;98;0;0;5679;475.89;0;0;0;0;0;0;0;0;0;0;0;0;0;0;0;0;22;0;59.0;59.0;2;0;0.00;0.00;0.00;0.0;0.0
32.357;42;842;56;47152;0.0;15.800;1.075;43;41;13;0;100;99;100;134;100;212;100;57;57;0;3.450;3.450;0.000;0.000;15.800;1.075;9.7;0.0;0;26;3.120;3.136;10.0;1510;-6.1;0;0;0;0;71;98;0;0;5679;404.68;0;0;0;0;0;0;0;0;0;0;0;0;0;0;0;0;26;0;56.0;56.0;2;0;0.00;0.00;0.00;0.0;0.0
32.425;42;920;53;48760;0.0;15.900;1.082;43;41;13;0;100;99;100;134;100;212;100;56;56;0;3.351;3.351;0.000;0.000;15.900;1.082;10.3;0.0;0;28;3.120;3.136;10.0;1510;-6.5;0;0;0;0;71;98;0;0;5679;370.37;0;0;0;0;0;0;0;0;0;0;0;0;0;0;0;0;28;0;53.0;53.0;2;0;0.00;0.00;0.00;0.0;0.0
32.493;43;977;50;48850;0.0;16.300;1.109;43;41;13;0;100;99;100;134;100;212;100;54;54;0;3.145;3.145;0.000;0.000;16.300;1.109;10.2;0.0;0;29;3.120;3.136;10.3;1040;-7.0;0;0;0;0;72;98;0;0;2080;127.74;0;0;0;0;0;0;0;0;0;0;0;0;0;0;0;0;29;0;50.0;50.0;2;0;0.00;0.00;0.00;0.0;0.0
32.558;43;990;47;46530;0.0;17.700;1.204;43;41;13;0;100;99;100;134;100;212;100;51;51;0;3.001;3.001;0.000;0.000;17.700;1.204;9.9;0.0;0;30;3.120;3.380;10.3;440;-7.4;0;0;0;0;73;98;0;0;2080;126.06;0;0;0;0;0;0;0;0;0;0;0;0;0;0;0;0;30;0;47.0;47.0;2;0;0.00;0.00;0.00;0.0;0.0
32.623;43;993;46;45678;0.0;17.700;1.204;43;41;13;0;100;99;100;134;100;212;100;50;50;0;2.968;2.968;0.000;0.000;17.700;1.204;9.8;0.0;0;29;3.120;3.384;10.3;440;-7.5;0;0;0;0;73;98;0;0;2080;125.68;0;0;0;0;0;0;0;0;0;0;0;0;0;0;0;0;29;0;46.0;46.0;2;0;0.00;0.00;0.00;0.0;0.0
32.691;43;1014;44;44616;0.0;17.600;1.197;43;41;13;0;100;99;100;134;100;212;100;50;50;0;2.855;2.855;0.000;0.000;17.600;1.197;9.6;0.0;0;30;3.090;3.218;10.6;30;-7.8;0;0;0;0;74;98;0;0;2080;123.08;0;0;0;0;0;0;0;0;0;0;0;0;0;0;0;0;30;0;44.0;44.0;2;0;0.00;0.00;0.00;0.0;0.0
32.758;43;1018;42;42756;0.0;18.000;1.224;43;41;13;0;100;99;100;134;100;212;100;49;49;0;2.804;2.804;0.000;0.000;18.000;1.224;9.5;0.0;0;30;3.090;3.170;10.6;290;-8.1;0;0;0;0;75;98;0;0;2080;122.59;0;0;0;0;0;0;0;0;0;0;0;0;0;0;0;0;30;0;42.0;42.0;2;0;0.00;0.00;0.00;0.0;0.0
32.825;43;994;42;41748;0.0;18.200;1.238;43;41;13;0;100;99;100;134;100;212;100;48;48;0;2.774;2.774;0.000;0.000;18.200;1.238;9.2;0.0;0;29;3.090;2.699;10.6;290;-8.1;0;0;0;0;75;98;0;0;2080;125.55;0;0;0;0;0;0;0;0;0;0;0;0;0;0;0;0;29;0;42.0;42.0;2;0;0.00;0.00;0.00;0.0;0.0
32.890;43;1003;41;41123;0.0;18.300;1.245;43;41;13;0;100;99;100;134;100;212;100;48;48;0;2.740;2.740;0.000;0.000;18.300;1.245;9.2;0.0;0;30;3.090;2.946;10.6;-280;-8.3;0;0;0;0;76;98;0;0;2080;124.43;0;0;0;0;0;0;0;0;0;0;0;0;0;0;0;0;30;0;41.0;41.0;2;0;0.00;0.00;0.00;0.0;0.0
32.959;43;1004;41;41164;0.0;18.400;1.252;43;41;13;0;100;99;100;134;100;212;100;48;48;0;2.716;2.716;0.000;0.000;18.400;1.252;9.1;0.0;0;30;3.090;2.948;10.7;100;-8.3;0;0;0;0;77;98;0;0;2080;124.30;0;0;0;0;0;0;0;0;0;0;0;0;0;0;0;0;30;0;41.0;41.0;2;0;0.00;0.00;0.00;0.0;0.0
33.025;43;1012;40;40480;0.0;18.700;1.272;43;41;13;0;100;99;100;134;100;212;100;48;48;0;2.699;2.699;0.000;0.000;18.700;1.272;9.1;0.0;0;30;3.090;3.065;10.7;100;-8.4;0;0;0;0;77;98;0;0;2080;123.32;0;0;0;0;0;0;0;0;0;0;0;0;0;0;0;0;30;0;40.0;40.0;2;0;0.00;0.00;0.00;0.0;0.0
33.092;43;998;39;38922;0.0;18.900;1.286;43;41;13;0;100;99;100;134;100;212;100;47;47;0;2.668;2.668;0.000;0.000;18.900;1.286;8.9;0.0;0;30;3.090;2.408;10.7;0;-8.6;0;0;0;0;78;98;0;0;2080;125.05;0;0;0;0;0;0;0;0;0;0;0;0;0;0;0;0;30;0;39.0;39.0;2;0;0.00;0.00;0.00;0.0;0.0
33.160;43;1004;39;39156;0.0;18.800;1.279;43;41;13;0;100;99;100;134;100;212;100;47;47;0;2.668;2.668;0.000;0.000;18.800;1.279;8.9;0.0;0;30;3.090;3.080;10.7;-10;-8.6;0;0;0;0;79;98;0;0;2080;124.30;0;0;0;0;0;0;0;0;0;0;0;0;0;0;0;0;30;0;39.0;39.0;2;0;0.00;0.00;0.00;0.0;0.0
33.226;43;1005;39;39195;0.0;18.600;1.265;43;41;13;0;100;99;100;134;100;212;100;47;47;0;2.644;2.644;0.000;0.000;18.600;1.265;8.9;0.0;0;30;3.090;3.293;10.8;-10;-8.6;0;0;0;0;79;98;0;0;2080;124.18;0;0;0;0;0;0;0;0;0;0;0;0;0;0;0;0;30;0;39.0;39.0;2;0;0.00;0.00;0.00;0.0;0.0
33.291;43;1002;38;38076;0.0;18.000;1.224;43;41;13;0;100;99;100;134;100;212;100;46;46;0;2.614;2.614;0.000;0.000;18.000;1.224;8.7;0.0;0;30;3.090;2.930;10.8;0;-8.7;0;0;0;0;80;98;0;0;2080;124.55;0;0;0;0;0;0;0;0;0;0;0;0;0;0;0;0;30;0;38.0;38.0;2;0;0.00;0.00;0.00;0.0;0.0
33.360;43;981;38;37278;0.0;18.200;1.238;43;41;13;0;100;99;100;134;100;212;100;46;46;0;2.614;2.614;0.000;0.000;18.200;1.238;8.5;0.0;0;29;3.090;2.729;10.8;-180;-8.7;0;0;0;0;81;98;0;0;2080;127.22;0;0;0;0;0;0;0;0;0;0;0;0;0;0;0;0;29;0;38.0;38.0;2;0;0.00;0.00;0.00;0.0;0.0
33.426;43;962;38;36556;0.0;18.500;1.259;43;41;13;0;100;99;100;134;100;212;100;46;46;0;2.614;2.614;0.000;0.000;18.500;1.259;8.4;0.0;0;29;3.090;2.930;10.8;-180;-8.7;0;0;0;0;81;98;0;0;2080;129.73;0;0;0;0;0;0;0;0;0;0;0;0;0;0;0;0;29;0;38.0;38.0;2;0;0.00;0.00;0.00;0.0;0.0
33.492;44;925;38;35150;0.0;18.300;1.245;43;41;13;0;100;99;100;134;100;212;100;45;45;0;2.599;2.599;0.000;0.000;18.300;1.245;8.0;0.0;0;28;3.090;2.716;10.8;-230;-8.7;0;0;0;0;82;98;0;0;1733;112.41;0;0;0;0;0;0;0;0;0;0;0;0;0;0;0;0;28;0;38.0;38.0;2;0;0.00;0.00;0.00;0.0;0.0
33.557;44;914;39;35646;0.0;17.800;1.211;43;41;13;0;100;99;100;134;100;212;100;46;46;0;2.631;2.631;0.000;0.000;17.800;1.211;8.0;0.0;0;27;3.090;2.818;10.8;-480;-8.6;0;0;0;0;83;98;0;0;1733;113.76;0;0;0;0;0;0;0;0;0;0;0;0;0;0;0;0;27;0;39.0;39.0;2;0;0.00;0.00;0.00;0.0;0.0
33.624;44;923;39;35997;0.0;17.100;1.163;43;41;13;0;100;99;100;134;100;212;100;46;46;0;2.631;2.631;0.000;0.000;17.100;1.163;8.1;0.0;0;28;3.090;3.104;10.8;-480;-8.6;0;0;0;0;83;98;0;0;1733;112.65;0;0;0;0;0;0;0;0;0;0;0;0;0;0;0;0;28;0;39.0;39.0;2;0;0.00;0.00;0.00;0.0;0.0
33.693;44;897;39;34983;0.0;18.100;1.231;43;41;13;0;100;99;100;134;100;212;100;46;46;0;2.631;2.631;0.000;0.000;18.100;1.231;7.9;0.0;0;27;3.090;2.588;10.8;10;-8.6;0;0;0;0;84;98;0;0;1733;115.92;0;0;0;0;0;0;0;0;0;0;0;0;0;0;0;0;27;0;39.0;39.0;2;0;0.00;0.00;0.00;0.0;0.0
33.758;44;883;39;34437;0.0;18.300;1.245;43;41;13;0;100;99;100;134;100;212;100;46;46;0;2.631;2.631;0.000;0.000;18.300;1.245;7.7;0.0;0;27;3.090;2.873;10.8;-320;-8.6;0;0;0;1;84;98;0;0;1733;117.76;0;0;0;0;0;0;0;0;0;0;0;0;0;0;0;0;27;0;39.0;39.0;2;0;0.00;0.00;0.00;0.0;0.0
33.823;44;857;40;34280;0.0;18.500;1.259;43;41;13;0;100;99;100;134;100;212;100;46;46;0;2.646;2.646;0.000;0.000;18.500;1.259;7.6;0.0;0;26;3.090;2.569;10.8;-320;-8.4;0;0;0;0;85;98;0;0;1733;121.33;0;0;0;0;0;0;0;0;0;0;0;0;0;0;0;0;26;0;40.0;40.0;2;0;0.00;0.00;0.00;0.0;0.0
33.891;44;852;40;34080;0.0;18.400;1.252;43;41;13;0;100;99;100;134;100;212;100;46;46;0;2.646;2.646;0.000;0.000;18.400;1.252;7.5;0.0;0;26;3.090;2.954;10.8;-260;-8.4;0;0;0;0;86;98;0;0;1733;122.04;0;0;0;0;0;0;0;0;0;0;0;0;0;0;0;0;26;0;40.0;40.0;2;0;0.00;0.00;0.00;0.0;0.0
33.960;44;834;40;33360;0.0;17.600;1.197;43;41;13;0;100;99;100;134;100;212;100;46;46;0;2.646;2.646;0.000;0.000;17.600;1.197;7.4;0.0;0;26;3.090;2.806;10.8;-100;-8.4;0;0;0;1;86;98;0;0;1733;124.68;0;0;0;0;0;0;0;0;0;0;0;0;0;0;0;0;26;0;40.0;40.0;2;0;0.00;0.00;0.00;0.0;0.0
33.960;44;823;41;33743;0.0;17.700;1.204;43;41;13;0;100;99;100;134;100;212;100;46;46;0;2.663;2.663;0.000;0.000;17.700;1.204;7.3;0.0;0;25;3.090;2.289;10.8;-100;-8.3;0;0;0;0;87;98;0;0;1733;126.34;0;0;0;0;0;0;0;0;0;0;0;0;0;0;0;0;25;0;41.0;41.0;2;0;0.00;0.00;0.00;0.0;0.0
34.093;44;796;41;32636;0.0;18.200;1.238;43;41;13;0;100;99;100;134;100;212;100;46;46;0;2.663;2.663;0.000;0.000;18.200;1.238;7.1;0.0;0;25;3.090;2.818;10.8;-520;-8.3;0;0;0;0;88;98;0;0;1733;130.63;0;0;0;0;0;0;0;0;0;0;0;0;0;0;0;0;25;0;41.0;41.0;2;0;0.00;0.00;0.00;0.0;0.0
34.159;44;815;42;34230;0.0;17.400;1.184;43;41;13;0;100;99;100;134;100;212;100;47;47;0;2.709;2.709;0.000;0.000;17.400;1.184;7.4;0.0;0;25;3.090;2.883;10.8;-520;-8.1;0;0;0;0;88;98;0;0;1733;127.58;0;0;0;0;0;0;0;0;0;0;0;0;0;0;0;0;25;0;42.0;42.0;2;0;0.00;0.00;0.00;0.0;0.0
34.225;44;821;42;34482;0.0;17.900;1.218;43;41;13;0;100;99;100;134;100;212;100;47;47;0;2.757;2.757;0.000;0.000;17.900;1.218;7.5;0.0;0;25;3.090;3.430;10.6;200;-8.1;0;0;0;0;89;98;0;0;1733;126.65;0;0;0;0;0;0;0;0;0;0;0;0;0;0;0;0;25;0;42.0;42.0;2;0;0.00;0.00;0.00;0.0;0.0
34.290;44;800;42;33600;0.0;18.000;1.224;43;41;13;0;100;99;100;134;100;212;100;47;47;0;2.757;2.757;0.000;0.000;18.000;1.224;7.4;0.0;0;25;3.090;2.314;10.6;-150;-8.1;0;0;0;0;90;98;0;0;1733;129.98;0;0;0;0;0;0;0;0;0;0;0;0;0;0;0;0;25;0;42.0;42.0;2;0;0.00;0.00;0.00;0.0;0.0
34.356;44;816;42;34272;0.0;17.000;1.156;43;41;13;0;100;99;100;134;100;212;100;47;47;0;2.757;2.757;0.000;0.000;17.000;1.156;7.5;0.0;0;25;3.090;3.283;10.6;-150;-8.1;0;0;0;0;90;98;0;0;1733;127.43;0;0;0;0;0;0;0;0;0;0;0;0;0;0;0;0;25;0;42.0;42.0;2;0;0.00;0.00;0.00;0.0;0.0
34.421;44;831;42;34902;0.0;17.800;1.211;43;41;13;0;100;99;100;134;100;212;100;47;47;0;2.757;2.757;0.000;0.000;17.800;1.211;7.6;0.0;0;25;3.090;2.956;10.6;160;-8.1;0;0;0;0;90;98;0;0;1733;125.13;0;0;0;0;0;0;0;0;0;0;0;0;0;0;0;0;25;0;42.0;42.0;2;0;0.00;0.00;0.00;0.0;0.0
34.490;45;853;41;34973;0.0;17.400;1.184;43;41;13;0;100;99;100;134;100;212;100;46;46;0;2.711;2.711;0.000;0.000;17.400;1.184;7.7;0.0;0;26;3.090;3.227;10.6;310;-8.3;0;0;0;0;90;98;0;0;1737;122.18;0;0;0;0;0;0;0;0;0;0;0;0;0;0;0;0;26;0;41.0;41.0;2;0;0.00;0.00;0.00;0.0;0.0
34.556;45;827;41;33907;0.0;17.000;1.156;43;41;13;0;100;99;100;134;100;212;100;46;46;0;2.711;2.711;0.000;0.000;17.000;1.156;7.5;0.0;0;25;3.090;2.648;10.6;310;-8.3;0;0;0;0;90;98;0;0;1737;126.02;0;0;0;0;0;0;0;0;0;0;0;0;0;0;0;0;25;0;41.0;41.0;2;0;0.00;0.00;0.00;0.0;0.0
34.622;45;845;41;34645;0.0;17.300;1.177;43;41;13;0;100;99;100;134;100;212;100;46;46;0;2.711;2.711;0.000;0.000;17.300;1.177;7.6;0.0;0;26;3.090;3.647;10.6;-200;-8.3;0;0;0;0;90;98;0;0;1737;123.34;0;0;0;0;0;0;0;0;0;0;0;0;0;0;0;0;26;0;41.0;41.0;2;0;0.00;0.00;0.00;0.0;0.0
34.688;45;868;41;35588;0.0;17.500;1.190;43;41;13;0;100;99;100;134;100;212;100;47;47;0;2.725;2.725;0.000;0.000;17.500;1.190;7.9;0.0;0;26;3.090;3.415;10.6;330;-8.3;0;0;0;0;90;98;0;0;1737;120.07;0;0;0;0;0;0;0;0;0;0;0;0;0;0;0;0;26;0;41.0;41.0;2;0;0.00;0.00;0.00;0.0;0.0
34.688;45;863;41;35383;0.0;17.500;1.190;43;41;13;0;100;99;100;134;100;212;100;47;47;0;2.677;2.677;0.000;0.000;17.500;1.190;7.7;0.0;0;26;3.090;2.988;10.8;330;-8.3;0;0;0;0;90;98;0;0;1737;120.76;0;0;0;0;0;0;0;0;0;0;0;0;0;0;0;0;26;0;41.0;41.0;2;0;0.00;0.00;0.00;0.0;0.0
34.822;45;857;41;35137;0.0;17.500;1.190;43;41;13;0;100;99;100;134;100;212;100;47;47;0;2.677;2.677;0.000;0.000;17.500;1.190;7.6;0.0;0;26;3.090;2.667;10.8;30;-8.3;0;0;0;0;90;98;0;0;1737;121.61;0;0;0;0;0;0;0;0;0;0;0;0;0;0;0;0;26;0;41.0;41.0;2;0;0.00;0.00;0.00;0.0;0.0
34.888;45;850;41;34850;0.0;17.200;1.170;43;41;13;0;100;99;100;134;100;212;100;47;47;0;2.677;2.677;0.000;0.000;17.200;1.170;7.6;0.0;0;26;3.090;3.252;10.8;-130;-8.3;0;0;0;0;90;98;0;0;1737;122.61;0;0;0;0;0;0;0;0;0;0;0;0;0;0;0;0;26;0;41.0;41.0;2;0;0.00;0.00;0.00;0.0;0.0
34.953;45;868;41;35588;0.0;17.300;1.177;43;41;13;0;100;99;100;134;100;212;100;47;47;0;2.677;2.677;0.000;0.000;17.300;1.177;7.7;0.0;0;26;3.090;3.371;10.8;-130;-8.3;0;0;0;0;90;98;0;0;1737;120.07;0;0;0;0;0;0;0;0;0;0;0;0;0;0;0;0;26;0;41.0;41.0;2;0;0.00;0.00;0.00;0.0;0.0
35.020;45;880;41;36080;0.0;17.500;1.190;43;41;13;0;100;99;100;134;100;212;100;47;47;0;2.653;2.653;0.000;0.000;17.500;1.190;7.8;0.0;0;27;3.090;3.087;10.9;260;-8.3;0;0;0;0;90;98;0;0;1737;118.43;0;0;0;0;0;0;0;0;0;0;0;0;0;0;0;0;27;0;41.0;41.0;2;0;0.00;0.00;0.00;0.0;0.0
35.088;45;868;40;34720;0.0;17.500;1.190;43;41;13;0;100;99;100;134;100;212;100;46;46;0;2.622;2.622;0.000;0.000;17.500;1.190;7.6;0.0;0;26;3.090;2.681;10.9;-80;-8.4;0;0;0;0;90;98;0;0;1737;120.07;0;0;0;0;0;0;0;0;0;0;0;0;0;0;0;0;26;0;40.0;40.0;2;0;0.00;0.00;0.00;0.0;0.0
35.154;45;877;41;35957;0.0;17.500;1.190;43;41;13;0;100;99;100;134;100;212;100;47;47;0;2.653;2.653;0.000;0.000;17.500;1.190;7.8;0.0;0;27;3.090;3.603;10.9;-80;-8.3;0;0;0;0;90;98;0;0;1737;118.84;0;0;0;0;0;0;0;0;0;0;0;0;0;0;0;0;27;0;41.0;41.0;2;0;0.00;0.00;0.00;0.0;0.0
35.224;45;898;40;35920;0.0;17.300;1.177;43;41;13;0;100;99;100;134;100;212;100;46;46;0;2.622;2.622;0.000;0.000;17.300;1.177;7.8;0.0;0;27;3.090;3.399;10.9;160;-8.4;0;0;0;0;90;98;0;0;1737;116.06;0;0;0;0;0;0;0;0;0;0;0;0;0;0;0;0;27;0;40.0;40.0;2;0;0.00;0.00;0.00;0.0;0.0
35.289;45;875;40;35000;0.0;16.900;1.150;43;41;13;0;100;99;100;134;100;212;100;46;46;0;2.646;2.646;0.000;0.000;16.900;1.150;7.7;0.0;0;27;3.090;2.499;10.8;-90;-8.4;0;0;0;0;90;98;0;0;1737;119.11;0;0;0;0;0;0;0;0;0;0;0;0;0;0;0;0;27;0;40.0;40.0;2;0;0.00;0.00;0.00;0.0;0.0
35.354;45;843;40;33720;0.0;17.100;1.163;43;41;13;0;100;99;100;134;100;212;100;46;46;0;2.646;2.646;0.000;0.000;17.100;1.163;7.4;0.0;0;26;3.090;2.337;10.8;-90;-8.4;0;0;0;0;90;98;0;0;1737;123.63;0;0;0;0;0;0;0;0;0;0;0;0;0;0;0;0;26;0;40.0;40.0;2;0;0.00;0.00;0.00;0.0;0.0
35.421;45;833;41;34153;0.0;17.200;1.170;43;41;13;0;100;99;100;134;100;212;100;46;46;0;2.663;2.663;0.000;0.000;17.200;1.170;7.4;0.0;0;25;3.090;2.080;10.8;-500;-8.3;0;0;0;0;90;98;0;0;1737;125.11;0;0;0;0;0;0;0;0;0;0;0;0;0;0;0;0;25;0;41.0;41.0;2;0;0.00;0.00;0.00;0.0;0.0
35.490;46;865;41;35465;0.0;17.000;1.156;43;41;13;0;100;99;100;134;100;212;100;47;47;0;2.761;2.761;0.000;0.000;17.000;1.156;8.0;0.0;0;26;3.120;3.340;10.4;130;-8.3;0;0;0;0;90;98;0;0;1738;120.55;0;0;0;0;0;0;0;0;0;0;0;0;0;0;0;0;26;0;41.0;41.0;2;0;0.00;0.00;0.00;0.0;0.0
35.555;46;884;41;36244;0.0;17.000;1.156;43;41;13;0;100;99;100;134;100;212;100;47;47;0;2.761;2.761;0.000;0.000;17.000;1.156;8.1;0.0;0;27;3.120;3.187;10.4;130;-8.3;0;0;0;0;90;98;0;0;1738;117.96;0;0;0;0;0;0;0;0;0;0;0;0;0;0;0;0;27;0;41.0;41.0;2;0;0.00;0.00;0.00;0.0;0.0
35.621;46;865;40;34600;0.0;17.000;1.156;43;41;13;0;100;99;100;134;100;212;100;46;46;0;2.730;2.730;0.000;0.000;17.000;1.156;7.9;0.0;0;26;3.120;2.873;10.4;460;-8.4;0;0;0;0;90;98;0;0;1738;120.55;0;0;0;0;0;0;0;0;0;0;0;0;0;0;0;0;26;0;40.0;40.0;2;0;0.00;0.00;0.00;0.0;0.0
35.691;46;850;41;34850;0.0;17.000;1.156;43;41;13;0;100;99;100;134;100;212;100;47;47;0;2.761;2.761;0.000;0.000;17.000;1.156;7.8;0.0;0;26;3.120;2.481;10.4;-340;-8.3;0;0;0;0;90;98;0;0;1738;122.68;0;0;0;0;0;0;0;0;0;0;0;0;0;0;0;0;26;0;41.0;41.0;2;0;0.00;0.00;0.00;0.0;0.0
35.758;46;865;40;34600;0.0;17.000;1.156;43;41;13;0;100;99;100;134;100;212;100;46;46;0;2.670;2.670;0.000;0.000;17.000;1.156;7.7;0.0;0;26;3.090;3.156;10.7;-340;-8.4;0;0;0;0;90;98;0;0;1738;120.55;0;0;0;0;0;0;0;0;0;0;0;0;0;0;0;0;26;0;40.0;40.0;2;0;0.00;0.00;0.00;0.0;0.0
35.825;46;890;40;35600;0.0;16.900;1.150;43;41;13;0;100;99;100;134;100;212;100;46;46;0;2.670;2.670;0.000;0.000;16.900;1.150;7.9;0.0;0;27;3.090;3.255;10.7;380;-8.4;0;0;0;0;90;98;0;0;1738;117.17;0;0;0;0;0;0;0;0;0;0;0;0;0;0;0;0;27;0;40.0;40.0;2;0;0.00;0.00;0.00;0.0;0.0
35.891;46;912;39;35568;0.0;16.900;1.150;43;41;13;0;100;99;100;134;100;212;100;46;46;0;2.655;2.655;0.000;0.000;16.900;1.150;8.1;0.0;0;28;3.090;3.304;10.7;240;-8.6;0;0;0;0;90;98;0;0;1738;114.34;0;0;0;0;0;0;0;0;0;0;0;0;0;0;0;0;28;0;39.0;39.0;2;0;0.00;0.00;0.00;0.0;0.0
35.958;46;880;40;35200;0.0;16.800;1.143;43;41;13;0;100;99;100;134;100;212;100;46;46;0;2.670;2.670;0.000;0.000;16.800;1.143;7.8;0.0;0;27;3.090;2.276;10.7;240;-8.4;0;0;0;0;90;98;0;0;1738;118.50;0;0;0;0;0;0;0;0;0;0;0;0;0;0;0;0;27;0;40.0;40.0;2;0;0.00;0.00;0.00;0.0;0.0
36.024;46;884;40;35360;0.0;16.800;1.143;43;41;13;0;100;99;100;134;100;212;100;46;46;0;2.694;2.694;0.000;0.000;16.800;1.143;7.9;0.0;0;27;3.090;2.870;10.6;-300;-8.4;0;0;0;0;90;98;0;0;1738;117.96;0;0;0;0;0;0;0;0;0;0;0;0;0;0;0;0;27;0;40.0;40.0;2;0;0.00;0.00;0.00;0.0;0.0
36.088;46;902;40;36080;0.0;16.800;1.143;43;41;13;0;100;99;100;134;100;212;100;47;47;0;2.708;2.708;0.000;0.000;16.800;1.143;8.1;0.0;0;27;3.090;3.136;10.6;-300;-8.4;0;0;0;0;90;98;0;0;1738;115.61;0;0;0;0;0;0;0;0;0;0;0;0;0;0;0;0;27;0;40.0;40.0;2;0;0.00;0.00;0.00;0.0;0.0
36.154;46;895;40;35800;0.5;16.800;1.143;43;41;13;0;100;99;100;134;100;212;100;46;46;0;2.694;2.694;0.000;0.000;16.800;1.143;8.0;0.0;0;27;3.090;2.822;10.6;200;-8.4;0;0;0;0;90;98;0;0;1738;116.51;0;0;0;0;0;0;0;0;0;0;0;0;0;0;0;0;27;0;40.0;40.0;2;0;0.00;0.00;0.00;0.0;0.0
36.224;46;877;41;35957;0.5;16.800;1.143;43;41;13;0;100;99;100;134;100;212;100;47;47;0;2.725;2.725;0.000;0.000;16.800;1.143;8.0;0.0;0;27;3.090;2.427;10.6;-100;-8.3;0;0;0;0;90;98;0;0;1738;118.91;0;0;0;0;0;0;0;0;0;0;0;0;0;0;0;0;27;0;41.0;41.0;2;0;0.00;0.00;0.00;0.0;0.0
36.293;46;906;41;37146;1.0;16.800;1.143;43;41;13;0;100;99;100;134;100;212;100;47;47;0;2.677;2.677;0.000;0.000;16.800;1.143;8.1;0.0;0;27;3.090;3.354;10.8;-100;-8.3;0;0;0;0;90;98;0;0;1738;115.10;0;0;0;0;0;0;0;0;0;0;0;0;0;0;0;0;27;0;41.0;41.0;2;0;0.00;0.00;0.00;0.0;0.0
36.360;46;906;42;38052;1.0;16.800;1.143;43;41;13;0;100;99;100;134;100;212;100;48;48;0;2.726;2.726;0.000;0.000;16.800;1.143;8.2;0.0;0;27;3.090;2.971;10.8;140;-8.1;0;0;0;0;90;98;0;0;1738;115.10;0;0;0;0;0;0;0;0;0;0;0;0;0;0;0;0;27;0;42.0;42.0;2;0;0.00;0.00;0.00;0.0;0.0
36.427;46;926;41;37966;1.0;16.700;1.136;43;41;13;0;100;99;100;134;100;212;100;47;47;0;2.677;2.677;0.000;0.000;16.700;1.136;8.3;0.0;0;28;3.090;3.189;10.8;250;-8.3;0;0;0;0;90;98;0;0;1738;112.61;0;0;0;0;0;0;0;0;0;0;0;0;0;0;0;0;28;0;41.0;41.0;2;0;0.00;0.00;0.00;0.0;0.0
36.493;46;920;42;38640;1.5;16.700;1.136;43;41;13;0;100;99;100;134;100;212;100;48;48;0;2.726;2.726;0.000;0.000;16.700;1.136;8.4;0.0;0;28;3.090;2.586;10.8;250;-8.1;0;0;0;0;90;98;0;0;1738;113.35;0;0;0;0;0;0;0;0;0;0;0;0;0;0;0;0;28;0;42.0;42.0;2;0;0.00;0.00;0.00;0.0;0.0
36.493;47;933;42;39186;1.5;16.900;1.150;43;41;13;0;100;99;100;134;100;212;100;48;48;0;2.702;2.702;0.000;0.000;16.900;1.150;8.4;0.0;0;28;3.090;2.737;10.9;-110;-8.1;0;0;0;0;90;98;0;0;1730;111.25;0;0;0;0;0;0;0;0;0;0;0;0;0;0;0;0;28;0;42.0;42.0;2;0;0.00;0.00;0.00;0.0;0.0
36.625;47;947;43;40721;1.5;17.100;1.163;43;41;13;0;100;99;100;134;100;212;100;48;48;0;2.719;2.719;0.000;0.000;17.100;1.163;8.6;0.0;0;28;3.090;2.993;10.9;120;-8.0;0;0;0;0;90;98;0;0;1730;109.61;0;0;0;0;0;0;0;0;0;0;0;0;0;0;0;0;28;0;43.0;43.0;2;0;0.00;0.00;0.00;0.0;0.0
36.692;47;948;43;40764;1.5;17.200;1.170;43;41;13;0;100;99;100;134;100;212;100;49;49;0;2.749;2.749;0.000;0.000;17.200;1.170;8.7;0.0;0;29;3.090;3.258;10.9;120;-8.0;0;0;0;0;90;98;0;0;1730;109.49;0;0;0;0;0;0;0;0;0;0;0;0;0;0;0;0;29;0;43.0;43.0;2;0;0.00;0.00;0.00;0.0;0.0
36.762;47;947;43;40721;1.5;17.200;1.170;43;41;13;0;100;99;100;134;100;212;100;48;48;0;2.719;2.719;0.000;0.000;17.200;1.170;8.6;0.0;0;28;3.090;2.933;10.9;160;-8.0;0;0;0;0;90;98;0;0;1730;109.61;0;0;0;0;0;0;0;0;0;0;0;0;0;0;0;0;28;0;43.0;43.0;2;0;0.00;0.00;0.00;0.0;0.0
36.827;47;956;42;40152;1.5;17.200;1.170;43;41;13;0;100;99;100;134;100;212;100;48;48;0;2.702;2.702;0.000;0.000;17.200;1.170;8.6;0.0;0;28;3.090;3.019;10.9;60;-8.1;0;0;0;0;90;98;0;0;1730;108.58;0;0;0;0;0;0;0;0;0;0;0;0;0;0;0;0;28;0;42.0;42.0;2;0;0.00;0.00;0.00;0.0;0.0
36.891;47;964;43;41452;1.5;17.200;1.170;43;41;13;0;100;99;100;134;100;212;100;49;49;0;2.749;2.749;0.000;0.000;17.200;1.170;8.8;0.0;0;29;3.090;3.465;10.9;60;-8.0;0;0;0;0;90;98;0;0;1730;107.68;0;0;0;0;0;0;0;0;0;0;0;0;0;0;0;0;29;0;43.0;43.0;2;0;0.00;0.00;0.00;0.0;0.0
36.957;47;965;42;40530;2.0;17.200;1.170;43;41;13;0;100;99;100;134;100;212;100;48;48;0;2.702;2.702;0.000;0.000;17.200;1.170;8.7;0.0;0;29;3.090;3.041;10.9;100;-8.1;0;0;0;0;90;98;0;0;1730;107.56;0;0;0;0;0;0;0;0;0;0;0;0;0;0;0;0;29;0;42.0;42.0;2;0;0.00;0.00;0.00;0.0;0.0
37.026;47;981;45;44145;3.5;17.200;1.170;43;41;13;0;100;99;100;134;100;212;100;50;50;0;2.819;2.819;0.000;0.000;17.200;1.170;9.2;0.0;0;29;3.090;3.298;10.9;170;-7.7;0;0;0;0;90;98;0;0;1730;105.81;0;0;0;0;0;0;0;0;0;0;0;0;0;0;0;0;29;0;45.0;45.0;2;0;0.00;0.00;0.00;0.0;0.0
37.094;47;993;47;46671;3.5;17.200;1.170;43;41;13;0;100;99;100;134;100;212;100;51;51;0;2.869;2.869;0.000;0.000;17.200;1.170;9.5;0.0;0;29;3.090;3.088;10.9;170;-7.4;0;0;0;0;90;98;0;0;1730;104.53;0;0;0;0;0;0;0;0;0;0;0;0;0;0;0;0;29;0;47.0;47.0;2;0;0.00;0.00;0.00;0.0;0.0
37.157;47;978;47;45966;3.5;17.200;1.170;43;41;13;0;100;99;100;134;100;212;100;51;51;0;2.869;2.869;0.000;0.000;17.200;1.170;9.4;0.0;0;29;3.090;2.430;10.9;120;-7.4;0;0;0;0;90;98;0;0;1730;106.13;0;0;0;0;0;0;0;0;0;0;0;0;0;0;0;0;29;0;47.0;47.0;2;0;0.00;0.00;0.00;0.0;0.0
37.223;47;994;47;46718;3.5;17.200;1.170;43;41;13;0;100;99;100;134;100;212;100;51;51;0;2.869;2.869;0.000;0.000;17.200;1.170;9.5;0.0;0;29;3.090;3.050;10.9;10;-7.4;0;0;0;0;90;98;0;0;1730;104.43;0;0;0;0;0;0;0;0;0;0;0;0;0;0;0;0;29;0;47.0;47.0;2;0;0.00;0.00;0.00;0.0;0.0
37.289;47;1045;47;49115;3.5;17.200;1.170;43;41;13;0;100;99;100;134;100;212;100;52;52;0;2.927;2.927;0.000;0.000;17.200;1.170;10.2;0.0;0;30;3.090;3.469;10.8;10;-7.4;0;0;0;0;90;98;0;0;1730;99.33;0;0;0;0;0;0;0;0;0;0;0;0;0;0;0;0;30;0;47.0;47.0;2;0;0.00;0.00;0.00;0.0;0.0
37.358;47;1067;46;49082;3.5;17.200;1.170;43;41;13;0;100;99;100;134;100;212;100;51;51;0;2.874;2.874;0.000;0.000;17.200;1.170;10.2;0.0;0;30;3.090;2.776;10.8;570;-7.5;0;0;0;0;90;98;0;0;1730;97.28;0;0;0;0;0;0;0;0;0;0;0;0;0;0;0;0;30;0;46.0;46.0;2;0;0.00;0.00;0.00;0.0;0.0
37.358;47;1107;44;48708;3.5;17.200;1.170;43;41;13;0;100;99;100;134;100;212;100;51;51;0;2.821;2.821;0.000;0.000;17.200;1.170;10.4;0.0;0;30;3.090;3.462;10.8;560;-7.8;0;0;0;0;90;98;0;0;1730;93.77;0;0;0;0;0;0;0;0;0;0;0;0;0;0;0;0;30;0;44.0;44.0;2;0;0.00;0.00;0.00;0.0;0.0
37.494;47;1158;43;49794;3.5;17.200;1.170;43;41;13;0;100;99;100;134;100;212;100;50;50;0;2.788;2.788;0.000;0.000;17.200;1.170;10.8;0.0;0;30;3.090;3.267;10.8;560;-8.0;0;0;0;0;90;98;0;0;1730;89.64;0;0;0;0;0;0;0;0;0;0;0;0;0;0;0;0;30;0;43.0;43.0;2;0;0.00;0.00;0.00;0.0;0.0
37.558;48;1173;41;48093;3.5;17.200;1.170;43;41;13;0;100;99;100;134;100;212;100;49;49;0;2.696;2.696;0.000;0.000;17.200;1.170;10.5;0.0;0;30;3.090;3.112;10.9;610;-8.3;0;0;0;0;90;98;0;0;1732;88.59;0;0;0;0;0;0;0;0;0;0;0;0;0;0;0;0;30;0;41.0;41.0;2;0;0.00;0.00;0.00;0.0;0.0
37.625;48;1206;40;48240;3.5;17.500;1.190;43;41;13;0;100;99;100;134;100;212;100;49;49;0;2.679;2.679;0.000;0.000;17.500;1.190;10.8;0.0;0;30;3.090;2.982;10.9;380;-8.4;0;0;0;0;90;98;0;0;1732;86.17;0;0;0;0;0;0;0;0;0;0;0;0;0;0;0;0;30;0;40.0;40.0;2;0;0.00;0.00;0.00;0.0;0.0
37.691;48;1228;40;49120;3.5;17.600;1.197;43;41;13;0;100;99;100;134;100;212;100;49;49;0;2.679;2.679;0.000;0.000;17.600;1.197;11.0;0.0;0;30;3.090;3.036;10.9;380;-8.4;0;0;0;0;90;98;0;0;1732;84.63;0;0;0;0;0;0;0;0;0;0;0;0;0;0;0;0;30;0;40.0;40.0;2;0;0.00;0.00;0.00;0.0;0.0
37.760;48;1253;37;46361;2.0;17.700;1.204;43;41;13;0;100;99;100;134;100;212;100;47;47;0;2.569;2.569;0.000;0.000;17.700;1.204;10.7;0.0;0;31;3.090;3.018;10.9;300;-8.8;0;0;0;0;90;98;0;0;1732;82.94;0;0;0;0;0;0;0;0;0;0;0;0;0;0;0;0;31;0;37.0;37.0;2;0;0.00;0.00;0.00;0.0;0.0
37.827;48;1252;35;43820;1.5;17.700;1.204;43;41;13;0;100;99;100;134;100;212;100;46;46;0;2.500;2.500;0.000;0.000;17.700;1.204;10.4;0.0;0;32;3.090;2.916;11.0;160;-9.1;0;0;0;0;90;98;0;0;1732;83.00;0;0;0;0;0;0;0;0;0;0;0;0;0;0;0;0;32;0;35.0;35.0;2;0;0.00;0.00;0.00;0.0;0.0
37.890;48;1220;34;41480;1.5;18.000;1.224;43;41;13;0;100;99;100;134;100;212;100;45;45;0;2.471;2.471;0.000;0.000;18.000;1.224;10.0;0.0;0;32;3.090;2.794;11.0;160;-9.3;0;0;0;0;90;98;0;0;1732;85.18;0;0;0;0;0;0;0;0;0;0;0;0;0;0;0;0;32;0;34.0;34.0;2;0;0.00;0.00;0.00;0.0;0.0
37.958;48;1168;34;39712;1.5;19.000;1.293;43;41;13;0;100;99;100;134;100;212;100;45;45;0;2.471;2.471;0.000;0.000;19.000;1.293;9.6;0.0;0;31;3.090;2.442;11.0;-430;-9.3;0;0;0;0;90;98;0;0;1732;88.97;0;0;0;0;0;0;0;0;0;0;0;0;0;0;0;0;31;0;34.0;34.0;2;0;0.00;0.00;0.00;0.0;0.0
38.025;48;1132;34;38488;2.0;19.600;1.333;43;41;13;0;100;99;100;134;100;212;100;45;45;0;2.363;2.363;0.000;0.000;19.600;1.333;8.9;0.0;0;31;3.060;2.634;11.5;-770;-9.3;0;0;0;0;90;98;0;0;1732;91.80;0;0;0;0;0;0;0;0;0;0;0;0;0;0;0;0;31;0;34.0;34.0;2;0;0.00;0.00;0.00;0.0;0.0
38.091;48;1060;39;41340;3.0;19.600;1.333;43;41;13;0;100;99;100;134;100;212;100;47;47;0;2.488;2.488;0.000;0.000;19.600;1.333;8.8;0.0;0;30;3.060;2.346;11.5;-770;-8.6;0;0;0;0;90;98;0;0;1732;98.04;0;0;0;0;0;0;0;0;0;0;0;0;0;0;0;0;30;0;39.0;39.0;2;0;0.00;0.00;0.00;0.0;0.0
38.157;48;1032;42;43344;3.5;19.700;1.340;43;41;13;0;100;99;100;134;100;212;100;49;49;0;2.600;2.600;0.000;0.000;19.700;1.340;8.9;0.0;0;30;3.060;2.581;11.5;-830;-8.1;0;0;0;0;90;98;0;0;1732;100.70;0;0;0;0;0;0;0;0;0;0;0;0;0;0;0;0;30;0;42.0;42.0;2;0;0.00;0.00;0.00;0.0;0.0
38.222;48;1045;44;45980;3.5;19.700;1.340;43;41;13;0;100;99;100;134;100;212;100;50;50;0;2.651;2.651;0.000;0.000;19.700;1.340;9.2;0.0;0;30;3.060;3.063;11.5;-830;-7.8;0;0;0;0;90;98;0;0;1732;99.44;0;0;0;0;0;0;0;0;0;0;0;0;0;0;0;0;30;0;44.0;44.0;2;0;0.00;0.00;0.00;0.0;0.0
38.289;48;1059;45;47655;3.5;19.700;1.340;43;41;13;0;100;99;100;134;100;212;100;51;51;0;2.641;2.641;0.000;0.000;19.700;1.340;9.3;0.0;0;30;3.030;2.817;11.8;-40;-7.7;0;0;0;0;90;98;0;0;1732;98.13;0;0;0;0;0;0;0;0;0;0;0;0;0;0;0;0;30;0;45.0;45.0;2;0;0.00;0.00;0.00;0.0;0.0
38.359;48;1085;44;47740;3.5;19.700;1.340;43;41;13;0;100;99;100;134;100;212;100;50;50;0;2.591;2.591;0.000;0.000;19.700;1.340;9.4;0.0;0;30;3.030;3.071;11.8;360;-7.8;0;0;0;0;90;98;0;0;1732;95.78;0;0;0;0;0;0;0;0;0;0;0;0;0;0;0;0;30;0;44.0;44.0;2;0;0.00;0.00;0.00;0.0;0.0
38.423;48;1100;44;48400;3.5;19.700;1.340;43;41;13;0;100;99;100;134;100;212;100;50;50;0;2.591;2.591;0.000;0.000;19.700;1.340;9.5;0.0;0;30;3.030;3.265;11.8;360;-7.8;0;0;0;0;90;98;0;0;1732;94.47;0;0;0;0;0;0;0;0;0;0;0;0;0;0;0;0;30;0;44.0;44.0;2;0;0.00;0.00;0.00;0.0;0.0
38.493;48;1111;43;47773;3.5;19.700;1.340;43;41;13;0;100;99;100;134;100;212;100;50;50;0;2.572;2.572;0.000;0.000;19.700;1.340;9.5;0.0;0;30;3.030;2.755;11.8;300;-8.0;0;0;0;0;90;98;0;0;1732;93.54;0;0;0;0;0;0;0;0;0;0;0;0;0;0;0;0;30;0;43.0;43.0;2;0;0.00;0.00;0.00;0.0;0.0
38.558;49;1142;42;47964;3.5;19.700;1.340;43;41;13;0;100;99;100;134;100;212;100;50;50;0;2.579;2.579;0.000;0.000;19.700;1.340;9.8;0.0;0;30;3.030;2.992;11.7;240;-8.1;0;0;0;0;90;98;0;0;1733;91.05;0;0;0;0;0;0;0;0;0;0;0;0;0;0;0;0;30;0;42.0;42.0;2;0;0.00;0.00;0.00;0.0;0.0
38.624;49;1162;42;48804;3.5;19.700;1.340;43;41;13;0;100;99;100;134;100;212;100;50;50;0;2.579;2.579;0.000;0.000;19.700;1.340;10.0;0.0;0;30;3.030;3.126;11.7;240;-8.1;0;0;0;0;90;98;0;0;1733;89.48;0;0;0;0;0;0;0;0;0;0;0;0;0;0;0;0;30;0;42.0;42.0;2;0;0.00;0.00;0.00;0.0;0.0
38.624;49;1163;41;47683;3.5;19.700;1.340;43;41;13;0;100;99;100;134;100;212;100;49;49;0;2.528;2.528;0.000;0.000;19.700;1.340;9.8;0.0;0;30;3.030;3.006;11.7;270;-8.3;0;0;0;0;90;98;0;0;1733;89.41;0;0;0;0;0;0;0;0;0;0;0;0;0;0;0;0;30;0;41.0;41.0;2;0;0.00;0.00;0.00;0.0;0.0
38.758;49;1181;41;48421;4.5;19.700;1.340;43;41;13;0;100;99;100;134;100;212;100;49;49;0;2.528;2.528;0.000;0.000;19.700;1.340;10.0;0.0;0;30;3.030;2.865;11.7;160;-8.3;0;0;0;0;90;98;0;0;1733;88.04;0;0;0;0;0;0;0;0;0;0;0;0;0;0;0;0;30;0;41.0;41.0;2;0;0.00;0.00;0.00;0.0;0.0
38.825;49;1209;46;55614;7.0;19.700;1.340;43;41;29;0;100;99;100;134;100;212;150;52;52;0;3.767;3.767;0.000;0.000;19.700;1.340;15.2;0.0;30;30;3.030;3.231;11.8;160;-7.5;0;0;0;0;90;98;0;0;1733;86.00;0;0;0;0;0;0;0;0;0;0;0;0;0;0;0;0;30;0;46.0;46.0;2;0;0.00;0.00;0.00;0.0;0.0
38.891;49;1258;51;64158;8.0;19.700;1.340;43;41;29;0;100;99;100;134;100;212;150;56;56;0;3.968;3.968;0.000;0.000;19.700;1.340;16.6;0.0;0;31;3.030;3.291;11.8;310;-6.8;0;0;0;0;90;98;0;0;1733;82.66;0;0;0;0;0;0;0;0;0;0;0;0;0;0;0;0;31;0;51.0;51.0;2;0;0.00;0.00;0.00;0.0;0.0
38.959;49;1339;51;68289;8.0;19.700;1.340;43;41;29;0;100;99;100;134;100;212;150;56;56;0;3.968;3.968;0.000;0.000;19.700;1.340;17.7;0.0;0;31;3.030;3.235;11.8;1060;-6.8;0;0;0;0;90;98;0;0;1733;77.65;0;0;0;0;0;0;0;0;0;0;0;0;0;0;0;0;31;0;51.0;51.0;2;0;0.00;0.00;0.00;0.0;0.0
39.025;49;1417;49;69433;6.5;19.700;1.340;43;41;29;0;100;99;100;134;100;212;150;55;55;0;3.894;3.894;0.000;0.000;19.700;1.340;18.4;0.0;-45;31;3.030;3.171;11.8;1060;-7.1;0;0;0;0;90;98;0;0;1733;73.38;0;0;0;0;0;0;0;0;0;0;0;0;0;0;0;0;31;0;49.0;49.0;2;0;0.00;0.00;0.00;0.0;0.0
39.090;49;1431;40;57240;3.5;19.700;1.340;43;41;45;0;100;99;100;134;100;212;100;50;50;0;2.586;2.586;0.000;0.000;19.700;1.340;12.3;0.0;-30;31;3.060;2.917;11.4;1020;-8.4;0;0;0;0;90;98;0;0;1733;72.66;0;0;0;0;0;0;0;0;0;0;0;0;0;0;0;0;31;0;40.0;40.0;2;0;0.00;0.00;0.00;0.0;0.0
39.156;49;1314;35;45990;2.5;19.700;1.340;43;41;45;0;100;99;100;134;100;212;100;46;46;0;2.416;2.416;0.000;0.000;19.700;1.340;10.6;0.0;0;32;3.060;2.096;11.4;-520;-9.1;0;0;0;0;90;98;0;0;1733;79.13;0;0;0;0;0;0;0;0;0;0;0;0;0;0;0;0;32;0;35.0;35.0;2;0;0.00;0.00;0.00;0.0;0.0
39.222;49;1245;35;43575;2.5;19.700;1.340;43;41;45;0;100;99;100;134;100;212;100;46;46;0;2.416;2.416;0.000;0.000;19.700;1.340;10.0;0.0;0;32;3.060;2.403;11.4;-520;-9.1;0;0;0;0;90;98;0;0;1733;83.52;0;0;0;0;0;0;0;0;0;0;0;0;0;0;0;0;32;0;35.0;35.0;2;0;0.00;0.00;0.00;0.0;0.0
39.287;49;1178;36;42408;2.5;19.700;1.340;43;41;45;0;100;99;100;134;100;212;100;46;46;0;2.433;2.433;0.000;0.000;19.700;1.340;9.6;0.0;0;31;3.060;2.874;11.4;-1470;-9.0;0;0;0;0;90;98;0;0;1733;88.27;0;0;0;0;0;0;0;0;0;0;0;0;0;0;0;0;31;0;36.0;36.0;2;0;0.00;0.00;0.00;0.0;0.0
39.357;49;1095;36;39420;2.5;19.700;1.340;43;41;13;0;100;99;100;134;100;212;100;45;45;0;2.385;2.385;0.000;0.000;19.700;1.340;8.7;0.0;0;30;3.030;2.507;11.6;-880;-9.0;0;0;0;0;90;98;0;0;1733;94.96;0;0;0;0;0;0;0;0;0;0;0;0;0;0;0;0;30;0;36.0;36.0;2;0;0.00;0.00;0.00;0.0;0.0
39.422;49;1073;40;42920;4.5;19.700;1.340;43;41;29;0;100;99;100;134;100;212;150;48;48;0;3.582;3.582;0.000;0.000;19.700;1.340;12.8;0.0;45;30;3.030;2.612;11.6;-880;-8.4;0;0;0;0;90;98;0;0;1733;96.91;0;0;0;0;0;0;0;0;0;0;0;0;0;0;0;0;30;0;40.0;40.0;2;0;0.00;0.00;0.00;0.0;0.0
39.488;49;1050;51;53550;7.0;19.700;1.340;43;41;29;0;100;99;100;134;100;212;150;55;55;0;3.980;3.980;0.000;0.000;19.700;1.340;13.9;0.0;30;30;3.030;2.705;11.6;-700;-6.8;0;0;0;0;90;98;0;0;1733;99.03;0;0;0;0;0;0;0;0;0;0;0;0;0;0;0;0;30;0;51.0;51.0;2;0;0.00;0.00;0.00;0.0;0.0
39.557;50;1126;54;60804;7.0;19.700;1.340;43;41;29;0;100;99;100;134;100;212;150;57;57;0;4.128;4.128;0.000;0.000;19.700;1.340;15.5;0.0;0;31;3.060;3.653;11.5;380;-6.4;0;0;0;0;90;98;0;0;1688;89.95;0;0;0;0;0;0;0;0;0;0;0;0;0;0;0;0;31;0;54.0;54.0;2;0;0.00;0.00;0.00;0.0;0.0
39.623;50;1240;53;65720;7.0;19.700;1.340;43;41;29;0;100;99;100;134;100;212;150;58;58;0;4.126;4.126;0.000;0.000;19.700;1.340;17.1;0.0;0;30;3.060;3.844;11.5;380;-6.5;0;0;0;0;90;98;0;0;1688;81.68;0;0;0;0;0;0;0;0;0;0;0;0;0;0;0;0;30;0;53.0;53.0;2;0;0.00;0.00;0.00;0.0;0.0
39.689;50;1287;51;65637;7.0;19.700;1.340;43;41;29;0;100;99;100;134;100;212;150;56;56;0;4.028;4.028;0.000;0.000;19.700;1.340;17.3;0.0;0;31;3.060;3.294;11.5;1730;-6.8;0;0;0;0;90;98;0;0;1688;78.69;0;0;0;0;0;0;0;0;0;0;0;0;0;0;0;0;31;0;51.0;51.0;2;0;0.00;0.00;0.00;0.0;0.0
39.758;50;1340;48;64320;7.0;19.700;1.340;43;41;13;0;100;99;100;134;100;212;100;54;54;0;2.822;2.822;0.000;0.000;19.700;1.340;12.6;0.0;0;31;3.060;3.082;11.5;690;-7.3;0;0;0;0;90;98;0;0;1688;75.58;0;0;0;0;0;0;0;0;0;0;0;0;0;0;0;0;31;0;48.0;48.0;2;0;0.00;0.00;0.00;0.0;0.0
39.824;50;1363;46;62698;6.5;19.700;1.340;43;41;13;0;100;99;100;134;100;212;100;53;53;0;2.841;2.841;0.000;0.000;19.700;1.340;12.9;0.0;0;31;3.060;2.970;11.2;690;-7.5;0;0;0;0;90;98;0;0;1688;74.31;0;0;0;0;0;0;0;0;0;0;0;0;0;0;0;0;31;0;46.0;46.0;2;0;0.00;0.00;0.00;0.0;0.0
39.889;50;1386;43;59598;5.0;19.700;1.340;43;41;13;0;100;99;100;134;100;212;100;52;52;0;2.750;2.750;0.000;0.000;19.700;1.340;12.7;0.0;0;32;3.060;3.128;11.2;250;-8.0;0;0;0;0;90;98;0;0;1688;73.07;0;0;0;0;0;0;0;0;0;0;0;0;0;0;0;0;32;0;43.0;43.0;2;0;0.00;0.00;0.00;0.0;0.0
39.955;50;1417;37;52429;2.5;19.700;1.340;43;41;45;0;100;99;100;134;100;212;100;48;48;0;2.524;2.524;0.000;0.000;19.700;1.340;11.9;0.0;-45;32;3.060;3.037;11.2;430;-8.8;0;0;0;0;90;98;0;0;1688;71.47;0;0;0;0;0;0;0;0;0;0;0;0;0;0;0;0;32;0;37.0;37.0;2;0;0.00;0.00;0.00;0.0;0.0
40.025;50;1343;34;45662;2.5;19.700;1.340;43;41;45;0;100;99;100;134;100;212;100;46;46;0;2.447;2.447;0.000;0.000;19.700;1.340;11.0;0.0;0;32;3.060;2.488;11.2;430;-9.3;0;0;0;0;90;98;0;0;1688;75.41;0;0;0;0;0;0;0;0;0;0;0;0;0;0;0;0;32;0;34.0;34.0;2;0;0.00;0.00;0.00;0.0;0.0
40.090;50;1268;33;41844;2.5;19.700;1.340;43;41;45;0;100;99;100;134;100;212;100;46;46;0;2.284;2.284;0.000;0.000;19.700;1.340;9.7;0.0;0;33;3.030;2.569;11.8;-850;-9.4;0;0;0;0;90;98;0;0;1688;79.87;0;0;0;0;0;0;0;0;0;0;0;0;0;0;0;0;33;0;33.0;33.0;2;0;0.00;0.00;0.00;0.0;0.0
40.159;50;1211;35;42385;2.5;19.700;1.340;43;41;45;0;100;99;100;134;100;212;100;46;46;0;2.332;2.332;0.000;0.000;19.700;1.340;9.4;0.0;0;31;3.030;2.609;11.8;-1120;-9.1;0;0;0;0;90;98;0;0;1688;83.63;0;0;0;0;0;0;0;0;0;0;0;0;0;0;0;0;31;0;35.0;35.0;2;0;0.00;0.00;0.00;0.0;0.0
40.225;50;1142;36;41112;2.5;19.700;1.340;43;41;45;0;100;99;100;134;100;212;100;46;46;0;2.349;2.349;0.000;0.000;19.700;1.340;8.9;0.0;0;31;3.030;2.380;11.8;-1120;-9.0;0;0;0;0;90;98;0;0;1688;88.69;0;0;0;0;0;0;0;0;0;0;0;0;0;0;0;0;31;0;36.0;36.0;2;0;0.00;0.00;0.00;0.0;0.0
40.290;50;1116;37;41292;3.0;19.700;1.340;43;41;13;0;100;99;100;134;100;212;100;46;46;0;2.364;2.364;0.000;0.000;19.700;1.340;8.8;0.0;0;30;3.030;2.551;11.8;-800;-8.8;0;0;0;0;90;98;0;0;1688;90.75;0;0;0;0;0;0;0;0;0;0;0;0;0;0;0;0;30;0;37.0;37.0;2;0;0.00;0.00;0.00;0.0;0.0
40.356;50;1096;41;44936;3.0;19.700;1.340;43;41;13;0;100;99;100;134;100;212;100;49;49;0;2.432;2.432;0.000;0.000;19.700;1.340;8.9;0.0;0;30;3.000;2.967;12.1;-800;-8.3;0;0;0;0;90;98;0;0;1688;92.41;0;0;0;0;0;0;0;0;0;0;0;0;0;0;0;0;30;0;41.0;41.0;2;0;0.00;0.00;0.00;0.0;0.0
40.425;50;1104;41;45264;3.0;19.700;1.340;43;41;13;0;100;99;100;134;100;212;100;49;49;0;2.432;2.432;0.000;0.000;19.700;1.340;8.9;0.0;0;30;3.000;2.950;12.1;-350;-8.3;0;0;0;0;90;98;0;0;1688;91.74;0;0;0;0;0;0;0;0;0;0;0;0;0;0;0;0;30;0;41.0;41.0;2;0;0.00;0.00;0.00;0.0;0.0
40.492;50;1117;42;46914;3.0;19.700;1.340;43;41;13;0;100;99;100;134;100;212;100;50;50;0;2.483;2.483;0.000;0.000;19.700;1.340;9.2;0.0;0;30;3.000;3.108;12.1;160;-8.1;0;0;0;0;90;98;0;0;1688;90.67;0;0;0;0;0;0;0;0;0;0;0;0;0;0;0;0;30;0;42.0;42.0;2;0;0.00;0.00;0.00;0.0;0.0
40.557;50;1115;42;46830;3.0;19.700;1.340;43;41;13;0;100;99;100;134;100;212;100;50;50;0;2.483;2.483;0.000;0.000;19.700;1.340;9.2;0.0;0;30;3.000;2.747;12.1;160;-8.1;0;0;0;0;90;98;0;0;1688;90.83;0;0;0;0;0;0;0;0;0;0;0;0;0;0;0;0;30;0;42.0;42.0;2;0;0.00;0.00;0.00;0.0;0.0
40.627;51;1147;41;47027;3.0;19.700;1.340;43;41;13;0;100;99;100;134;100;212;100;49;49;0;2.480;2.480;0.000;0.000;19.700;1.340;9.5;0.0;0;30;3.030;3.072;11.9;30;-8.3;0;0;0;0;90;98;0;0;1721;90.03;0;0;0;0;0;0;0;0;0;0;0;0;0;0;0;0;30;0;41.0;41.0;2;0;0.00;0.00;0.00;0.0;0.0
40.694;51;1167;41;47847;3.0;19.700;1.340;43;41;13;0;100;99;100;134;100;212;100;49;49;0;2.480;2.480;0.000;0.000;19.700;1.340;9.6;0.0;0;30;3.030;3.253;11.9;310;-8.3;0;0;0;0;90;98;0;0;1721;88.48;0;0;0;0;0;0;0;0;0;0;0;0;0;0;0;0;30;0;41.0;41.0;2;0;0.00;0.00;0.00;0.0;0.0
40.758;51;1160;40;46400;3.5;19.700;1.340;43;41;13;0;100;99;100;134;100;212;100;49;49;0;2.463;2.463;0.000;0.000;19.700;1.340;9.5;0.0;0;30;3.030;2.705;11.9;310;-8.4;0;0;0;0;90;98;0;0;1721;89.02;0;0;0;0;0;0;0;0;0;0;0;0;0;0;0;0;30;0;40.0;40.0;2;0;0.00;0.00;0.00;0.0;0.0
40.823;51;1175;40;47000;3.5;19.700;1.340;43;41;13;0;100;99;100;134;100;212;100;49;49;0;2.415;2.415;0.000;0.000;19.700;1.340;9.5;0.0;0;30;3.000;2.965;12.1;140;-8.4;0;0;0;0;90;98;0;0;1721;87.88;0;0;0;0;0;0;0;0;0;0;0;0;0;0;0;0;30;0;40.0;40.0;2;0;0.00;0.00;0.00;0.0;0.0
40.892;51;1191;40;47640;3.5;19.700;1.340;43;41;13;0;100;99;100;134;100;212;100;49;49;0;2.415;2.415;0.000;0.000;19.700;1.340;9.6;0.0;0;30;3.000;3.107;12.1;140;-8.4;0;0;0;0;90;98;0;0;1721;86.70;0;0;0;0;0;0;0;0;0;0;0;0;0;0;0;0;30;0;40.0;40.0;2;0;0.00;0.00;0.00;0.0;0.0
40.958;51;1196;40;47840;3.5;19.700;1.340;43;41;13;0;100;99;100;134;100;212;100;49;49;0;2.415;2.415;0.000;0.000;19.700;1.340;9.6;0.0;0;30;3.000;2.828;12.1;140;-8.4;0;0;0;0;90;98;0;0;1721;86.34;0;0;0;0;0;0;0;0;0;0;0;0;0;0;0;0;30;0;40.0;40.0;2;0;0.00;0.00;0.00;0.0;0.0
41.025;51;1209;39;47151;3.5;19.700;1.340;43;41;13;0;100;99;100;134;100;212;100;48;48;0;2.370;2.370;0.000;0.000;19.700;1.340;9.6;0.0;0;31;3.000;2.946;12.1;220;-8.6;0;0;0;0;90;98;0;0;1721;85.41;0;0;0;0;0;0;0;0;0;0;0;0;0;0;0;0;31;0;39.0;39.0;2;0;0.00;0.00;0.00;0.0;0.0
41.090;51;1221;39;47619;3.5;19.700;1.340;43;41;13;0;100;99;100;134;100;212;100;49;49;0;2.446;2.446;0.000;0.000;19.700;1.340;10.0;0.0;0;31;3.030;3.147;11.9;60;-8.6;0;0;0;0;90;98;0;0;1721;84.57;0;0;0;0;0;0;0;0;0;0;0;0;0;0;0;0;31;0;39.0;39.0;2;0;0.00;0.00;0.00;0.0;0.0
41.158;51;1221;39;47619;3.5;19.700;1.340;43;41;13;0;100;99;100;134;100;212;100;49;49;0;2.446;2.446;0.000;0.000;19.700;1.340;10.0;0.0;0;31;3.030;2.717;11.9;60;-8.6;0;0;0;0;90;98;0;0;1721;84.57;0;0;0;0;0;0;0;0;0;0;0;0;0;0;0;0;31;0;39.0;39.0;2;0;0.00;0.00;0.00;0.0;0.0
41.225;51;1235;38;46930;3.5;19.700;1.340;43;41;13;0;100;99;100;134;100;212;100;48;48;0;2.401;2.401;0.000;0.000;19.700;1.340;9.9;0.0;0;31;3.030;2.927;11.9;330;-8.7;0;0;0;0;90;98;0;0;1721;83.61;0;0;0;0;0;0;0;0;0;0;0;0;0;0;0;0;31;0;38.0;38.0;2;0;0.00;0.00;0.00;0.0;0.0
41.292;51;1233;39;48087;3.5;19.700;1.340;43;41;13;0;100;99;100;134;100;212;100;49;49;0;2.446;2.446;0.000;0.000;19.700;1.340;10.1;0.0;0;31;3.030;3.002;11.9;-20;-8.6;0;0;0;0;90;98;0;0;1721;83.75;0;0;0;0;0;0;0;0;0;0;0;0;0;0;0;0;31;0;39.0;39.0;2;0;0.00;0.00;0.00;0.0;0.0
41.360;51;1210;38;45980;3.5;19.700;1.340;43;41;13;0;100;99;100;134;100;212;100;48;48;0;2.353;2.353;0.000;0.000;19.700;1.340;9.5;0.0;0;31;3.000;2.765;12.1;-20;-8.7;0;0;0;0;90;98;0;0;1721;85.34;0;0;0;0;0;0;0;0;0;0;0;0;0;0;0;0;31;0;38.0;38.0;2;0;0.00;0.00;0.00;0.0;0.0
41.426;51;1236;38;46968;3.5;19.700;1.340;43;41;13;0;100;99;100;134;100;212;100;48;48;0;2.353;2.353;0.000;0.000;19.700;1.340;9.7;0.0;0;31;3.000;3.012;12.1;-130;-8.7;0;0;0;0;90;98;0;0;1721;83.54;0;0;0;0;0;0;0;0;0;0;0;0;0;0;0;0;31;0;38.0;38.0;2;0;0.00;0.00;0.00;0.0;0.0
41.491;51;1246;38;47348;3.5;19.700;1.340;43;41;13;0;100;99;100;134;100;212;100;48;48;0;2.353;2.353;0.000;0.000;19.700;1.340;9.8;0.0;0;32;3.000;2.842;12.1;250;-8.7;0;0;0;0;90;98;0;0;1721;82.87;0;0;0;0;0;0;0;0;0;0;0;0;0;0;0;0;32;0;38.0;38.0;2;0;0.00;0.00;0.00;0.0;0.0
41.561;51;1243;38;47234;3.5;19.700;1.340;43;41;13;0;100;99;100;134;100;212;100;48;48;0;2.353;2.353;0.000;0.000;19.700;1.340;9.7;0.0;0;31;3.000;2.544;12.1;250;-8.7;0;0;0;0;90;98;0;0;1721;83.07;0;0;0;0;0;0;0;0;0;0;0;0;0;0;0;0;31;0;38.0;38.0;2;0;0.00;0.00;0.00;0.0;0.0
41.627;52;1252;38;47576;3.5;19.700;1.340;43;41;13;0;100;99;100;134;100;212;100;48;48;0;2.377;2.377;0.000;0.000;19.700;1.340;9.9;0.0;0;32;3.030;3.033;12.0;140;-8.7;0;0;0;0;90;98;0;0;1761;84.39;0;0;0;0;0;0;0;0;0;0;0;0;0;0;0;0;32;0;38.0;38.0;2;0;0.00;0.00;0.00;0.0;0.0
41.691;52;1256;38;47728;3.5;19.700;1.340;43;41;13;0;100;99;100;134;100;212;100;48;48;0;2.377;2.377;0.000;0.000;19.700;1.340;10.0;0.0;0;32;3.030;2.976;12.0;-30;-8.7;0;0;0;0;90;98;0;0;1761;84.12;0;0;0;0;0;0;0;0;0;0;0;0;0;0;0;0;32;0;38.0;38.0;2;0;0.00;0.00;0.00;0.0;0.0
41.757;52;1261;38;47918;3.5;19.700;1.340;43;41;13;0;100;99;100;134;100;212;100;48;48;0;2.377;2.377;0.000;0.000;19.700;1.340;10.0;0.0;0;32;3.030;3.141;12.0;-30;-8.7;0;0;0;0;90;98;0;0;1761;83.79;0;0;0;0;0;0;0;0;0;0;0;0;0;0;0;0;32;0;38.0;38.0;2;0;0.00;0.00;0.00;0.0;0.0
41.822;52;1259;38;47842;3.5;19.700;1.340;43;41;13;0;100;99;100;134;100;212;100;48;48;0;2.377;2.377;0.000;0.000;19.700;1.340;10.0;0.0;0;31;3.030;2.770;12.0;70;-8.7;0;0;0;0;90;98;0;0;1761;83.92;0;0;0;0;0;0;0;0;0;0;0;0;0;0;0;0;31;0;38.0;38.0;2;0;0.00;0.00;0.00;0.0;0.0
41.892;52;1257;38;47766;3.5;19.700;1.340;43;41;13;0;100;99;100;134;100;212;100;48;48;0;2.341;2.341;0.000;0.000;19.700;1.340;9.8;0.0;0;32;3.000;3.007;12.2;-60;-8.7;0;0;0;0;90;98;0;0;1761;84.06;0;0;0;0;0;0;0;0;0;0;0;0;0;0;0;0;32;0;38.0;38.0;2;0;0.00;0.00;0.00;0.0;0.0
41.958;52;1266;38;48108;3.5;19.700;1.340;43;41;13;0;100;99;100;134;100;212;100;48;48;0;2.341;2.341;0.000;0.000;19.700;1.340;9.9;0.0;0;31;3.000;3.085;12.2;-60;-8.7;0;0;0;0;90;98;0;0;1761;83.46;0;0;0;0;0;0;0;0;0;0;0;0;0;0;0;0;31;0;38.0;38.0;2;0;0.00;0.00;0.00;0.0;0.0
42.023;52;1263;38;47994;3.5;19.700;1.340;43;41;13;0;100;99;100;134;100;212;100;48;48;0;2.341;2.341;0.000;0.000;19.700;1.340;9.9;0.0;0;31;3.000;2.600;12.2;110;-8.7;0;0;0;0;90;98;0;0;1761;83.66;0;0;0;0;0;0;0;0;0;0;0;0;0;0;0;0;31;0;38.0;38.0;2;0;0.00;0.00;0.00;0.0;0.0
42.089;52;1270;37;46990;3.5;19.700;1.340;43;41;13;0;100;99;100;134;100;212;100;47;47;0;2.293;2.293;0.000;0.000;19.700;1.340;9.7;0.0;0;32;3.000;2.848;12.2;20;-8.8;0;0;0;0;90;98;0;0;1761;83.20;0;0;0;0;0;0;0;0;0;0;0;0;0;0;0;0;32;0;37.0;37.0;2;0;0.00;0.00;0.00;0.0;0.0
42.159;52;1287;37;47619;3.5;19.700;1.340;43;41;13;0;100;99;100;134;100;212;100;47;47;0;2.293;2.293;0.000;0.000;19.700;1.340;9.8;0.0;0;32;3.000;3.084;12.2;20;-8.8;0;0;0;0;90;98;0;0;1761;82.10;0;0;0;0;0;0;0;0;0;0;0;0;0;0;0;0;32;0;37.0;37.0;2;0;0.00;0.00;0.00;0.0;0.0
42.223;52;1275;37;47175;3.5;19.700;1.340;43;41;13;0;100;99;100;134;100;212;100;47;47;0;2.293;2.293;0.000;0.000;19.700;1.340;9.7;0.0;0;31;3.000;2.610;12.2;180;-8.8;0;0;0;0;90;98;0;0;1761;82.87;0;0;0;0;0;0;0;0;0;0;0;0;0;0;0;0;31;0;37.0;37.0;2;0;0.00;0.00;0.00;0.0;0.0
42.290;52;1276;37;47212;3.5;19.700;1.340;43;41;13;0;100;99;100;134;100;212;100;47;47;0;2.293;2.293;0.000;0.000;19.700;1.340;9.8;0.0;0;31;3.000;2.861;12.2;-120;-8.8;0;0;0;0;90;98;0;0;1761;82.81;0;0;0;0;0;0;0;0;0;0;0;0;0;0;0;0;31;0;37.0;37.0;2;0;0.00;0.00;0.00;0.0;0.0
42.360;52;1279;37;47323;3.5;19.700;1.340;43;41;13;0;100;99;100;134;100;212;100;47;47;0;2.437;2.437;0.000;0.000;19.700;1.340;10.4;0.0;0;32;3.060;3.020;11.5;-120;-8.8;0;0;0;0;90;98;0;0;1761;82.61;0;0;0;0;0;0;0;0;0;0;0;0;0;0;0;0;32;0;37.0;37.0;2;0;0.00;0.00;0.00;0.0;0.0
42.426;52;1283;37;47471;3.5;19.700;1.340;43;41;13;0;100;99;100;134;100;212;100;48;48;0;2.452;2.452;0.000;0.000;19.700;1.340;10.5;0.0;0;31;3.060;3.127;11.5;-40;-8.8;0;0;0;0;90;98;0;0;1761;82.35;0;0;0;0;0;0;0;0;0;0;0;0;0;0;0;0;31;0;37.0;37.0;2;0;0.00;0.00;0.00;0.0;0.0
42.495;52;1276;37;47212;3.5;19.700;1.340;43;41;13;0;100;99;100;134;100;212;100;47;47;0;2.437;2.437;0.000;0.000;19.700;1.340;10.4;0.0;0;31;3.060;2.812;11.5;40;-8.8;0;0;0;0;90;98;0;0;1761;82.81;0;0;0;0;0;0;0;0;0;0;0;0;0;0;0;0;31;0;37.0;37.0;2;0;0.00;0.00;0.00;0.0;0.0
42.559;52;1293;37;47841;3.5;19.700;1.340;43;41;13;0;100;99;100;134;100;212;100;47;47;0;2.437;2.437;0.000;0.000;19.700;1.340;10.5;0.0;0;32;3.060;3.054;11.5;40;-8.8;0;0;0;0;90;98;0;0;1761;81.72;0;0;0;0;0;0;0;0;0;0;0;0;0;0;0;0;32;0;37.0;37.0;2;0;0.00;0.00;0.00;0.0;0.0
42.626;53;1296;37;47952;3.5;19.700;1.340;43;41;13;0;100;99;100;134;100;212;100;48;48;0;2.440;2.440;0.000;0.000;19.700;1.340;10.5;0.0;0;32;3.030;3.063;11.6;80;-8.8;0;0;0;0;90;98;0;0;1761;81.53;0;0;0;0;0;0;0;0;0;0;0;0;0;0;0;0;32;0;37.0;37.0;2;0;0.00;0.00;0.00;0.0;0.0
42.691;53;1282;37;47434;3.5;19.700;1.340;43;41;13;0;100;99;100;134;100;212;100;47;47;0;2.425;2.425;0.000;0.000;19.700;1.340;10.4;0.0;0;31;3.030;2.672;11.6;80;-8.8;0;0;0;0;90;98;0;0;1761;82.42;0;0;0;0;0;0;0;0;0;0;0;0;0;0;0;0;31;0;37.0;37.0;2;0;0.00;0.00;0.00;0.0;0.0
42.761;53;1276;37;47212;3.5;19.700;1.340;43;41;13;0;100;99;100;134;100;212;100;47;47;0;2.425;2.425;0.000;0.000;19.700;1.340;10.3;0.0;0;31;3.030;2.832;11.6;30;-8.8;0;0;0;0;90;98;0;0;1761;82.81;0;0;0;0;0;0;0;0;0;0;0;0;0;0;0;0;31;0;37.0;37.0;2;0;0.00;0.00;0.00;0.0;0.0
42.826;53;1265;37;46805;3.5;19.700;1.340;43;41;13;0;100;99;100;134;100;212;100;47;47;0;2.425;2.425;0.000;0.000;19.700;1.340;10.2;0.0;0;31;3.030;2.865;11.6;-200;-8.8;0;0;0;0;90;98;0;0;1761;83.53;0;0;0;0;0;0;0;0;0;0;0;0;0;0;0;0;31;0;37.0;37.0;2;0;0.00;0.00;0.00;0.0;0.0
42.892;53;1276;37;47212;3.5;19.700;1.340;43;41;13;0;100;99;100;134;100;212;100;47;47;0;2.329;2.329;0.000;0.000;19.700;1.340;9.9;0.0;0;31;3.030;3.043;12.0;-200;-8.8;0;0;0;0;90;98;0;0;1761;82.81;0;0;0;0;0;0;0;0;0;0;0;0;0;0;0;0;31;0;37.0;37.0;2;0;0.00;0.00;0.00;0.0;0.0
42.956;53;1263;37;46731;3.5;19.700;1.340;43;41;13;0;100;99;100;134;100;212;100;47;47;0;2.329;2.329;0.000;0.000;19.700;1.340;9.8;0.0;0;32;3.030;2.957;12.0;90;-8.8;0;0;0;0;90;98;0;0;1761;83.66;0;0;0;0;0;0;0;0;0;0;0;0;0;0;0;0;32;0;37.0;37.0;2;0;0.00;0.00;0.00;0.0;0.0
43.023;53;1268;37;46916;3.5;19.700;1.340;43;41;13;0;100;99;100;134;100;212;100;47;47;0;2.329;2.329;0.000;0.000;19.700;1.340;9.8;0.0;0;31;3.030;2.980;12.0;-60;-8.8;0;0;0;0;90;98;0;0;1761;83.33;0;0;0;0;0;0;0;0;0;0;0;0;0;0;0;0;31;0;37.0;37.0;2;0;0.00;0.00;0.00;0.0;0.0
43.023;53;1277;38;48526;3.5;19.700;1.340;43;41;13;0;100;99;100;134;100;212;100;48;48;0;2.377;2.377;0.000;0.000;19.700;1.340;10.1;0.0;0;32;3.030;3.036;12.0;-60;-8.7;0;0;0;0;90;98;0;0;1761;82.74;0;0;0;0;0;0;0;0;0;0;0;0;0;0;0;0;32;0;38.0;38.0;2;0;0.00;0.00;0.00;0.0;0.0
43.158;53;1285;37;47545;3.5;19.700;1.340;43;41;13;0;100;99;100;134;100;212;100;47;47;0;2.293;2.293;0.000;0.000;19.700;1.340;9.8;0.0;0;31;3.000;2.750;12.2;60;-8.8;0;0;0;0;90;98;0;0;1761;82.23;0;0;0;0;0;0;0;0;0;0;0;0;0;0;0;0;31;0;37.0;37.0;2;0;0.00;0.00;0.00;0.0;0.0
43.223;53;1299;37;48063;3.5;19.700;1.340;43;41;13;0;100;99;100;134;100;212;100;48;48;0;2.308;2.308;0.000;0.000;19.700;1.340;10.0;0.0;0;32;3.000;2.800;12.2;220;-8.8;0;0;0;0;90;98;0;0;1761;81.34;0;0;0;0;0;0;0;0;0;0;0;0;0;0;0;0;32;0;37.0;37.0;2;0;0.00;0.00;0.00;0.0;0.0
43.288;53;1305;37;48285;3.5;19.700;1.340;43;41;13;0;100;99;100;134;100;212;100;47;47;0;2.293;2.293;0.000;0.000;19.700;1.340;10.0;0.0;0;32;3.000;2.909;12.2;220;-8.8;0;0;0;0;90;98;0;0;1761;80.97;0;0;0;0;0;0;0;0;0;0;0;0;0;0;0;0;32;0;37.0;37.0;2;0;0.00;0.00;0.00;0.0;0.0
43.359;53;1308;37;48396;3.5;19.700;1.340;43;41;13;0;100;99;100;134;100;212;100;48;48;0;2.296;2.296;0.000;0.000;19.700;1.340;10.0;0.0;0;32;3.000;3.031;12.3;120;-8.8;0;0;0;0;90;98;0;0;1761;80.78;0;0;0;0;0;0;0;0;0;0;0;0;0;0;0;0;32;0;37.0;37.0;2;0;0.00;0.00;0.00;0.0;0.0
43.424;53;1308;37;48396;3.5;19.700;1.340;43;41;13;0;100;99;100;134;100;212;100;48;48;0;2.296;2.296;0.000;0.000;19.700;1.340;10.0;0.0;0;32;3.000;2.838;12.3;40;-8.8;0;0;0;0;90;98;0;0;1761;80.78;0;0;0;0;0;0;0;0;0;0;0;0;0;0;0;0;32;0;37.0;37.0;2;0;0.00;0.00;0.00;0.0;0.0
43.490;53;1313;36;47268;3.5;19.700;1.340;43;41;13;0;100;99;100;134;100;212;100;47;47;0;2.264;2.264;0.000;0.000;19.700;1.340;9.9;0.0;0;32;3.000;2.935;12.3;40;-9.0;0;0;0;0;90;98;0;0;1761;80.47;0;0;0;0;0;0;0;0;0;0;0;0;0;0;0;0;32;0;36.0;36.0;2;0;0.00;0.00;0.00;0.0;0.0
43.554;53;1316;37;48692;3.5;19.700;1.340;43;41;13;0;100;99;100;134;100;212;100;47;47;0;2.281;2.281;0.000;0.000;19.700;1.340;10.0;0.0;0;32;3.000;3.126;12.3;-90;-8.8;0;0;0;0;90;98;0;0;1761;80.29;0;0;0;0;0;0;0;0;0;0;0;0;0;0;0;0;32;0;37.0;37.0;2;0;0.00;0.00;0.00;0.0;0.0
43.620;54;1303;36;46908;3.5;19.700;1.340;43;41;13;0;100;99;100;134;100;212;100;47;47;0;2.252;2.252;0.000;0.000;19.700;1.340;9.8;0.0;0;32;3.000;2.732;12.4;-20;-9.0;0;0;0;0;90;98;0;0;1761;81.09;0;0;0;0;0;0;0;0;0;0;0;0;0;0;0;0;32;0;36.0;36.0;2;0;0.00;0.00;0.00;0.0;0.0
43.690;54;1319;37;48803;3.5;19.700;1.340;43;41;13;0;100;99;100;134;100;212;100;47;47;0;2.269;2.269;0.000;0.000;19.700;1.340;10.0;0.0;0;32;3.000;2.861;12.4;-20;-8.8;0;0;0;0;90;98;0;0;1761;80.11;0;0;0;0;0;0;0;0;0;0;0;0;0;0;0;0;32;0;37.0;37.0;2;0;0.00;0.00;0.00;0.0;0.0
43.755;54;1330;36;47880;3.5;19.700;1.340;43;41;13;0;100;99;100;134;100;212;100;47;47;0;2.252;2.252;0.000;0.000;19.700;1.340;10.0;0.0;0;32;3.000;2.975;12.4;270;-9.0;0;0;0;0;90;98;0;0;1761;79.44;0;0;0;0;0;0;0;0;0;0;0;0;0;0;0;0;32;0;36.0;36.0;2;0;0.00;0.00;0.00;0.0;0.0
43.825;54;1345;36;48420;3.5;19.700;1.340;43;41;13;0;100;99;100;134;100;212;100;47;47;0;2.252;2.252;0.000;0.000;19.700;1.340;10.1;0.0;0;32;3.000;3.049;12.4;150;-9.0;0;0;0;0;90;98;0;0;1761;78.56;0;0;0;0;0;0;0;0;0;0;0;0;0;0;0;0;32;0;36.0;36.0;2;0;0.00;0.00;0.00;0.0;0.0
43.890;54;1340;36;48240;3.5;19.700;1.340;43;41;13;0;100;99;100;134;100;212;100;47;47;0;2.276;2.276;0.000;0.000;19.700;1.340;10.2;0.0;0;32;3.000;2.834;12.2;150;-9.0;0;0;0;0;90;98;0;0;1761;78.85;0;0;0;0;0;0;0;0;0;0;0;0;0;0;0;0;32;0;36.0;36.0;2;0;0.00;0.00;0.00;0.0;0.0
43.957;54;1348;36;48528;3.5;19.700;1.340;43;41;13;0;100;99;100;134;100;212;100;47;47;0;2.276;2.276;0.000;0.000;19.700;1.340;10.2;0.0;0;32;3.000;2.842;12.2;40;-9.0;0;0;0;0;90;98;0;0;1761;78.38;0;0;0;0;0;0;0;0;0;0;0;0;0;0;0;0;32;0;36.0;36.0;2;0;0.00;0.00;0.00;0.0;0.0
44.026;54;1341;35;46935;3.5;19.700;1.340;43;41;13;0;100;99;100;134;100;212;100;46;46;0;2.248;2.248;0.000;0.000;19.700;1.340;10.0;0.0;0;32;3.000;2.855;12.2;-80;-9.1;0;0;0;0;90;98;0;0;1761;78.79;0;0;0;0;0;0;0;0;0;0;0;0;0;0;0;0;32;0;35.0;35.0;2;0;0.00;0.00;0.00;0.0;0.0
44.092;54;1345;36;48420;3.5;19.700;1.340;43;41;13;0;100;99;100;134;100;212;100;47;47;0;2.276;2.276;0.000;0.000;19.700;1.340;10.2;0.0;0;32;3.000;2.938;12.2;-80;-9.0;0;0;0;0;90;98;0;0;1761;78.56;0;0;0;0;0;0;0;0;0;0;0;0;0;0;0;0;32;0;36.0;36.0;2;0;0.00;0.00;0.00;0.0;0.0
44.157;54;1337;36;48132;3.5;19.700;1.340;43;41;13;0;100;99;100;134;100;212;100;47;47;0;2.264;2.264;0.000;0.000;19.700;1.340;10.1;0.0;0;32;3.000;2.796;12.3;20;-9.0;0;0;0;0;90;98;0;0;1761;79.03;0;0;0;0;0;0;0;0;0;0;0;0;0;0;0;0;32;0;36.0;36.0;2;0;0.00;0.00;0.00;0.0;0.0
44.223;54;1342;35;46970;3.5;19.700;1.340;43;41;13;0;100;99;100;134;100;212;100;46;46;0;2.236;2.236;0.000;0.000;19.700;1.340;10.0;0.0;0;32;3.000;2.845;12.3;-10;-9.1;0;0;0;0;90;98;0;0;1761;78.73;0;0;0;0;0;0;0;0;0;0;0;0;0;0;0;0;32;0;35.0;35.0;2;0;0.00;0.00;0.00;0.0;0.0
44.293;54;1338;35;46830;3.5;19.700;1.340;43;41;13;0;100;99;100;134;100;212;100;46;46;0;2.236;2.236;0.000;0.000;19.700;1.340;10.0;0.0;0;32;3.000;2.835;12.3;-10;-9.1;0;0;0;0;90;98;0;0;1761;78.97;0;0;0;0;0;0;0;0;0;0;0;0;0;0;0;0;32;0;35.0;35.0;2;0;0.00;0.00;0.00;0.0;0.0
44.358;54;1353;36;48708;3.5;19.700;1.340;43;41;13;0;100;99;100;134;100;212;100;47;47;0;2.264;2.264;0.000;0.000;19.700;1.340;10.2;0.0;0;32;3.000;3.085;12.3;-50;-9.0;0;0;0;0;90;98;0;0;1761;78.09;0;0;0;0;0;0;0;0;0;0;0;0;0;0;0;0;32;0;36.0;36.0;2;0;0.00;0.00;0.00;0.0;0.0
44.422;54;1337;36;48132;3.5;19.700;1.340;43;41;13;0;100;99;100;134;100;212;100;47;47;0;2.264;2.264;0.000;0.000;19.700;1.340;10.1;0.0;0;32;3.000;2.715;12.3;-50;-9.0;0;0;0;0;90;98;0;0;1761;79.03;0;0;0;0;0;0;0;0;0;0;0;0;0;0;0;0;32;0;36.0;36.0;2;0;0.00;0.00;0.00;0.0;0.0
44.422;54;1342;36;48312;3.5;19.700;1.340;43;41;13;0;100;99;100;134;100;212;100;47;47;0;2.264;2.264;0.000;0.000;19.700;1.340;10.1;0.0;0;32;3.000;2.914;12.3;0;-9.0;0;0;0;0;90;98;0;0;1761;78.73;0;0;0;0;0;0;0;0;0;0;0;0;0;0;0;0;32;0;36.0;36.0;2;0;0.00;0.00;0.00;0.0;0.0
44.558;54;1336;36;48096;3.5;19.700;1.340;43;41;13;0;100;99;100;134;100;212;100;47;47;0;2.264;2.264;0.000;0.000;19.700;1.340;10.1;0.0;0;32;3.000;2.885;12.3;20;-9.0;0;0;0;0;90;98;0;0;1761;79.09;0;0;0;0;0;0;0;0;0;0;0;0;0;0;0;0;32;0;36.0;36.0;2;0;0.00;0.00;0.00;0.0;0.0
44.625;54;1350;36;48600;3.5;19.700;1.340;43;41;13;0;100;99;100;134;100;212;100;47;47;0;2.264;2.264;0.000;0.000;19.700;1.340;10.2;0.0;0;32;3.000;2.977;12.3;20;-9.0;0;0;0;0;90;98;0;0;1761;78.27;0;0;0;0;0;0;0;0;0;0;0;0;0;0;0;0;32;0;36.0;36.0;2;0;0.00;0.00;0.00;0.0;0.0
44.625;55;1338;36;48168;3.5;19.700;1.340;43;41;13;0;100;99;100;134;100;212;100;47;47;0;2.408;2.408;0.000;0.000;19.700;1.340;10.7;0.0;0;32;3.030;2.847;11.6;110;-9.0;0;0;0;0;90;98;0;0;1785;80.04;0;0;0;0;0;0;0;0;0;0;0;0;0;0;0;0;32;0;36.0;36.0;2;0;0.00;0.00;0.00;0.0;0.0
44.762;55;1342;36;48312;3.5;19.700;1.340;43;41;13;0;100;99;100;134;100;212;100;47;47;0;2.408;2.408;0.000;0.000;19.700;1.340;10.8;0.0;0;32;3.030;2.771;11.6;-50;-9.0;0;0;0;0;90;98;0;0;1785;79.81;0;0;0;0;0;0;0;0;0;0;0;0;0;0;0;0;32;0;36.0;36.0;2;0;0.00;0.00;0.00;0.0;0.0
44.829;55;1352;35;47320;3.5;19.700;1.340;43;41;13;0;100;99;100;134;100;212;100;46;46;0;2.380;2.380;0.000;0.000;19.700;1.340;10.7;0.0;0;32;3.030;2.968;11.6;-50;-9.1;0;0;0;0;90;98;0;0;1785;79.22;0;0;0;0;0;0;0;0;0;0;0;0;0;0;0;0;32;0;35.0;35.0;2;0;0.00;0.00;0.00;0.0;0.0
44.898;55;1356;36;48816;3.5;19.700;1.340;43;41;13;0;100;99;100;134;100;212;100;47;47;0;2.312;2.312;0.000;0.000;19.700;1.340;10.5;0.0;0;32;3.030;3.109;12.0;70;-9.0;0;0;0;0;90;98;0;0;1785;78.98;0;0;0;0;0;0;0;0;0;0;0;0;0;0;0;0;32;0;36.0;36.0;2;0;0.00;0.00;0.00;0.0;0.0
44.965;55;1334;36;48024;3.5;19.700;1.340;43;41;13;0;100;99;100;134;100;212;100;47;47;0;2.312;2.312;0.000;0.000;19.700;1.340;10.3;0.0;0;32;3.030;2.690;12.0;-50;-9.0;0;0;0;0;90;98;0;0;1785;80.28;0;0;0;0;0;0;0;0;0;0;0;0;0;0;0;0;32;0;36.0;36.0;2;0;0.00;0.00;0.00;0.0;0.0
45.030;55;1335;36;48060;3.5;19.700;1.340;43;41;13;0;100;99;100;134;100;212;100;47;47;0;2.312;2.312;0.000;0.000;19.700;1.340;10.3;0.0;0;32;3.030;2.875;12.0;-50;-9.0;0;0;0;0;90;98;0;0;1785;80.22;0;0;0;0;0;0;0;0;0;0;0;0;0;0;0;0;32;0;36.0;36.0;2;0;0.00;0.00;0.00;0.0;0.0
45.098;55;1330;36;47880;3.5;19.700;1.340;43;41;13;0;100;99;100;134;100;212;100;47;47;0;2.312;2.312;0.000;0.000;19.700;1.340;10.2;0.0;0;32;3.030;2.778;12.0;-210;-9.0;0;0;0;0;90;98;0;0;1785;80.53;0;0;0;0;0;0;0;0;0;0;0;0;0;0;0;0;32;0;36.0;36.0;2;0;0.00;0.00;0.00;0.0;0.0
45.165;55;1333;36;47988;3.5;19.700;1.340;43;41;13;0;100;99;100;134;100;212;100;47;47;0;2.276;2.276;0.000;0.000;19.700;1.340;10.1;0.0;0;32;3.000;3.030;12.2;-40;-9.0;0;0;0;0;90;98;0;0;1785;80.35;0;0;0;0;0;0;0;0;0;0;0;0;0;0;0;0;32;0;36.0;36.0;2;0;0.00;0.00;0.00;0.0;0.0
45.232;55;1319;36;47484;3.5;19.700;1.340;43;41;13;0;100;99;100;134;100;212;100;47;47;0;2.276;2.276;0.000;0.000;19.700;1.340;10.0;0.0;0;32;3.000;2.784;12.2;-40;-9.0;0;0;0;0;90;98;0;0;1785;81.20;0;0;0;0;0;0;0;0;0;0;0;0;0;0;0;0;32;0;36.0;36.0;2;0;0.00;0.00;0.00;0.0;0.0
45.300;55;1316;36;47376;3.5;19.700;1.340;43;41;13;0;100;99;100;134;100;212;100;47;47;0;2.276;2.276;0.000;0.000;19.700;1.340;10.0;0.0;0;32;3.000;2.845;12.2;70;-9.0;0;0;0;0;90;98;0;0;1785;81.38;0;0;0;0;0;0;0;0;0;0;0;0;0;0;0;0;32;0;36.0;36.0;2;0;0.00;0.00;0.00;0.0;0.0
45.366;55;1318;36;47448;3.5;19.700;1.340;43;41;13;0;100;99;100;134;100;212;100;47;47;0;2.276;2.276;0.000;0.000;19.700;1.340;10.0;0.0;0;32;3.000;2.925;12.2;-70;-9.0;0;0;0;0;90;98;0;0;1785;81.26;0;0;0;0;0;0;0;0;0;0;0;0;0;0;0;0;32;0;36.0;36.0;2;0;0.00;0.00;0.00;0.0;0.0
45.432;55;1334;36;48024;3.5;19.700;1.340;43;42;13;0;100;99;100;132;100;209;100;47;47;0;2.279;2.279;0.000;0.000;19.700;1.340;10.1;0.0;0;32;3.000;3.023;12.1;-70;-9.0;0;0;0;0;90;98;0;0;1785;80.28;0;0;0;0;0;0;0;0;0;0;0;0;0;0;0;0;32;0;36.0;36.0;2;0;0.00;0.00;0.00;0.0;0.0
45.498;55;1332;36;47952;3.5;19.700;1.340;43;42;13;0;100;99;100;132;100;208;100;47;47;0;2.274;2.274;0.000;0.000;19.700;1.340;10.1;0.0;0;32;3.000;2.817;12.1;160;-9.0;0;0;0;0;93;98;0;0;1785;80.41;0;0;0;0;0;0;0;0;0;0;0;0;0;0;0;0;32;0;36.0;36.0;2;0;0.00;0.00;0.00;0.0;0.0
45.563;55;1346;36;48456;3.5;19.700;1.340;43;42;13;0;100;99;100;132;100;208;100;47;47;0;2.274;2.274;0.000;0.000;19.700;1.340;10.2;0.0;0;32;3.000;2.871;12.1;50;-9.0;0;0;0;0;93;98;0;0;1785;79.57;0;0;0;0;0;0;0;0;0;0;0;0;0;0;0;0;32;0;36.0;36.0;2;0;0.00;0.00;0.00;0.0;0.0
45.629;55;1347;36;48492;3.5;19.700;1.340;43;42;13;0;100;99;100;132;100;208;100;47;47;0;2.274;2.274;0.000;0.000;19.700;1.340;10.2;0.0;0;32;3.000;2.854;12.1;50;-9.0;0;0;0;0;93;98;0;0;1785;79.51;0;0;0;0;0;0;0;0;0;0;0;0;0;0;0;0;32;0;36.0;36.0;2;0;0.00;0.00;0.00;0.0;0.0
45.696;56;1345;36;48420;3.5;19.700;1.340;43;42;13;0;100;99;100;132;100;208;100;47;47;0;2.262;2.262;0.000;0.000;19.700;1.340;10.1;0.0;0;32;3.000;2.961;12.2;10;-9.0;0;0;0;0;93;98;0;0;1758;78.42;0;0;0;0;0;0;0;0;0;0;0;0;0;0;0;0;32;0;36.0;36.0;2;0;0.00;0.00;0.00;0.0;0.0
45.696;56;1338;36;48168;3.5;19.700;1.340;43;42;13;0;100;99;100;132;100;208;100;47;47;0;2.262;2.262;0.000;0.000;19.700;1.340;10.1;0.0;0;32;3.000;2.840;12.2;10;-9.0;0;0;0;0;93;98;0;0;1758;78.83;0;0;0;0;0;0;0;0;0;0;0;0;0;0;0;0;32;0;36.0;36.0;2;0;0.00;0.00;0.00;0.0;0.0
45.830;56;1349;35;47215;3.5;19.700;1.340;43;42;13;0;100;99;100;132;100;208;100;46;46;0;2.235;2.235;0.000;0.000;19.700;1.340;10.1;0.0;0;32;3.000;2.799;12.2;10;-9.1;0;0;0;0;93;98;0;0;1758;78.19;0;0;0;0;0;0;0;0;0;0;0;0;0;0;0;0;32;0;35.0;35.0;2;0;0.00;0.00;0.00;0.0;0.0
45.894;56;1360;36;48960;3.5;19.700;1.340;43;42;13;0;100;99;100;132;100;208;100;47;47;0;2.262;2.262;0.000;0.000;19.700;1.340;10.3;0.0;0;32;3.000;2.836;12.2;-10;-9.0;0;0;0;0;93;98;0;0;1758;77.56;0;0;0;0;0;0;0;0;0;0;0;0;0;0;0;0;32;0;36.0;36.0;2;0;0.00;0.00;0.00;0.0;0.0
45.964;56;1381;36;49716;3.5;19.700;1.340;43;42;13;0;100;99;100;132;100;208;100;47;47;0;2.250;2.250;0.000;0.000;19.700;1.340;10.4;0.0;0;33;3.000;3.296;12.3;160;-9.0;0;0;0;0;93;98;0;0;1758;76.38;0;0;0;0;0;0;0;0;0;0;0;0;0;0;0;0;33;0;36.0;36.0;2;0;0.00;0.00;0.00;0.0;0.0
46.031;56;1370;35;47950;3.5;19.700;1.340;43;42;13;0;100;99;100;132;100;208;100;47;47;0;2.235;2.235;0.000;0.000;19.700;1.340;10.2;0.0;0;33;3.000;2.766;12.3;160;-9.1;0;0;0;0;93;98;0;0;1758;76.99;0;0;0;0;0;0;0;0;0;0;0;0;0;0;0;0;33;0;35.0;35.0;2;0;0.00;0.00;0.00;0.0;0.0
46.096;56;1379;35;48265;3.5;19.700;1.340;43;42;13;0;100;99;100;132;100;208;100;47;47;0;2.235;2.235;0.000;0.000;19.700;1.340;10.3;0.0;0;33;3.000;2.862;12.3;240;-9.1;0;0;0;0;93;98;0;0;1758;76.49;0;0;0;0;0;0;0;0;0;0;0;0;0;0;0;0;33;0;35.0;35.0;2;0;0.00;0.00;0.00;0.0;0.0
46.160;56;1378;35;48230;3.5;19.700;1.340;43;42;13;0;100;99;100;132;100;208;100;47;47;0;2.235;2.235;0.000;0.000;19.700;1.340;10.3;0.0;0;33;3.000;2.897;12.3;-60;-9.1;0;0;0;0;93;98;0;0;1758;76.55;0;0;0;0;0;0;0;0;0;0;0;0;0;0;0;0;33;0;35.0;35.0;2;0;0.00;0.00;0.00;0.0;0.0
46.228;56;1385;35;48475;3.5;19.700;1.340;43;42;13;0;100;99;100;132;100;208;100;47;47;0;2.235;2.235;0.000;0.000;19.700;1.340;10.3;0.0;0;33;3.000;2.992;12.3;-60;-9.1;0;0;0;0;93;98;0;0;1758;76.16;0;0;0;0;0;0;0;0;0;0;0;0;0;0;0;0;33;0;35.0;35.0;2;0;0.00;0.00;0.00;0.0;0.0
46.297;56;1374;35;48090;3.5;19.700;1.340;43;42;13;0;100;99;100;132;100;208;100;47;47;0;2.235;2.235;0.000;0.000;19.700;1.340;10.2;0.0;0;33;3.000;2.786;12.3;20;-9.1;0;0;0;0;93;98;0;0;1758;76.77;0;0;0;0;0;0;0;0;0;0;0;0;0;0;0;0;33;0;35.0;35.0;2;0;0.00;0.00;0.00;0.0;0.0
46.362;56;1380;35;48300;3.5;19.700;1.340;43;42;13;0;100;99;100;132;100;208;100;47;47;0;2.235;2.235;0.000;0.000;19.700;1.340;10.3;0.0;0;33;3.000;2.901;12.3;0;-9.1;0;0;0;0;93;98;0;0;1758;76.43;0;0;0;0;0;0;0;0;0;0;0;0;0;0;0;0;33;0;35.0;35.0;2;0;0.00;0.00;0.00;0.0;0.0
46.428;56;1377;35;48195;3.5;19.700;1.340;43;42;13;0;100;99;100;132;100;208;100;47;47;0;2.379;2.379;0.000;0.000;19.700;1.340;10.9;0.0;0;33;3.030;2.828;11.6;0;-9.1;0;0;0;0;93;98;0;0;1758;76.60;0;0;0;0;0;0;0;0;0;0;0;0;0;0;0;0;33;0;35.0;35.0;2;0;0.00;0.00;0.00;0.0;0.0
46.492;56;1374;35;48090;3.5;19.700;1.340;43;42;13;0;100;99;100;132;100;208;100;47;47;0;2.379;2.379;0.000;0.000;19.700;1.340;10.9;0.0;0;33;3.030;3.194;11.6;-210;-9.1;0;0;0;0;93;98;0;0;1758;76.77;0;0;0;0;0;0;0;0;0;0;0;0;0;0;0;0;33;0;35.0;35.0;2;0;0.00;0.00;0.00;0.0;0.0
46.558;56;1360;35;47600;3.5;19.700;1.340;43;42;13;0;100;99;100;132;100;208;100;47;47;0;2.379;2.379;0.000;0.000;19.700;1.340;10.8;0.0;0;32;3.030;2.688;11.6;-210;-9.1;0;0;0;0;93;98;0;0;1758;77.56;0;0;0;0;0;0;0;0;0;0;0;0;0;0;0;0;32;0;35.0;35.0;2;0;0.00;0.00;0.00;0.0;0.0
46.624;56;1357;35;47495;3.5;19.700;1.340;43;42;13;0;100;99;100;132;100;208;100;47;47;0;2.379;2.379;0.000;0.000;19.700;1.340;10.8;0.0;0;32;3.030;2.902;11.6;10;-9.1;0;0;0;0;93;98;0;0;1758;77.73;0;0;0;0;0;0;0;0;0;0;0;0;0;0;0;0;32;0;35.0;35.0;2;0;0.00;0.00;0.00;0.0;0.0
46.694;57;1345;35;47075;3.5;19.700;1.340;43;42;13;0;100;99;100;132;100;208;100;46;46;0;2.271;2.271;0.000;0.000;19.700;1.340;10.2;0.0;0;32;3.030;2.793;12.0;-60;-9.1;0;0;0;0;93;98;0;0;1775;79.18;0;0;0;0;0;0;0;0;0;0;0;0;0;0;0;0;32;0;35.0;35.0;2;0;0.00;0.00;0.00;0.0;0.0
46.760;57;1341;36;48276;3.5;19.700;1.340;43;42;13;0;100;99;100;132;100;208;100;47;47;0;2.298;2.298;0.000;0.000;19.700;1.340;10.3;0.0;0;32;3.030;2.949;12.0;-60;-9.0;0;0;0;0;93;98;0;0;1775;79.42;0;0;0;0;0;0;0;0;0;0;0;0;0;0;0;0;32;0;36.0;36.0;2;0;0.00;0.00;0.00;0.0;0.0
46.828;57;1316;36;47376;3.5;19.700;1.340;43;42;13;0;100;99;100;132;100;201;100;47;47;0;2.272;2.272;0.000;0.000;19.700;1.340;10.0;0.0;0;32;3.030;2.761;12.0;-230;-9.0;0;0;0;0;93;98;0;0;1775;80.93;0;0;0;0;0;0;0;0;0;0;0;0;0;0;0;0;32;0;36.0;36.0;2;0;0.00;0.00;0.00;0.0;0.0
46.894;57;1328;36;47808;3.5;19.700;1.340;43;42;13;0;100;99;100;132;100;193;100;47;47;0;2.244;2.244;0.000;0.000;19.700;1.340;9.9;0.0;0;32;3.030;2.934;12.0;-30;-9.0;0;0;0;0;93;98;0;0;1775;80.20;0;0;0;0;0;0;0;0;0;0;0;0;0;0;0;0;32;0;36.0;36.0;2;0;0.00;0.00;0.00;0.0;0.0
46.960;57;1334;36;48024;3.5;19.700;1.340;43;42;13;0;100;99;100;132;100;193;100;47;47;0;2.244;2.244;0.000;0.000;19.700;1.340;10.0;0.0;0;32;3.030;2.806;12.0;-30;-9.0;0;0;0;0;93;98;0;0;1775;79.84;0;0;0;0;0;0;0;0;0;0;0;0;0;0;0;0;32;0;36.0;36.0;2;0;0.00;0.00;0.00;0.0;0.0
47.025;57;1346;36;48456;3.5;19.700;1.340;43;42;13;0;100;99;100;132;100;185;100;47;47;0;2.216;2.216;0.000;0.000;19.700;1.340;9.9;0.0;0;32;3.030;3.131;12.0;110;-9.0;0;0;0;0;93;98;0;0;1775;79.12;0;0;0;0;0;0;0;0;0;0;0;0;0;0;0;0;32;0;36.0;36.0;2;0;0.00;0.00;0.00;0.0;0.0
47.089;57;1339;36;48204;3.5;19.700;1.340;43;42;13;0;100;99;100;132;100;178;100;47;47;0;2.191;2.191;0.000;0.000;19.700;1.340;9.8;0.0;0;32;3.030;2.795;12.0;70;-9.0;0;0;0;0;93;98;0;0;1775;79.54;0;0;0;0;0;0;0;0;0;0;0;0;0;0;0;0;32;0;36.0;36.0;2;0;0.00;0.00;0.00;0.0;0.0
47.159;57;1343;35;47005;3.5;19.700;1.340;43;42;13;0;100;99;100;132;100;178;100;46;46;0;2.167;2.167;0.000;0.000;19.700;1.340;9.7;0.0;0;32;3.030;2.886;12.0;70;-9.1;0;0;0;0;93;98;0;0;1775;79.30;0;0;0;0;0;0;0;0;0;0;0;0;0;0;0;0;32;0;35.0;35.0;2;0;0.00;0.00;0.00;0.0;0.0
47.228;57;1343;36;48348;3.5;19.700;1.340;43;42;13;0;100;99;100;132;100;170;100;47;47;0;2.126;2.126;0.000;0.000;19.700;1.340;9.5;0.0;0;32;3.000;2.837;12.2;-90;-9.0;0;0;0;0;93;98;0;0;1775;79.30;0;0;0;0;0;0;0;0;0;0;0;0;0;0;0;0;32;0;36.0;36.0;2;0;0.00;0.00;0.00;0.0;0.0
47.294;57;1359;36;48924;3.5;19.700;1.340;43;42;13;0;100;99;100;132;100;162;100;47;47;0;2.095;2.095;0.000;0.000;19.700;1.340;9.5;0.0;0;32;3.000;3.029;12.2;30;-9.0;0;0;0;0;93;98;0;0;1775;78.37;0;0;0;0;0;0;0;0;0;0;0;0;0;0;0;0;32;0;36.0;36.0;2;0;0.00;0.00;0.00;0.0;0.0
47.360;57;1347;36;48492;3.5;19.700;1.340;43;42;13;0;100;99;100;132;100;162;100;47;47;0;2.095;2.095;0.000;0.000;19.700;1.340;9.4;0.0;0;32;3.000;2.764;12.2;30;-9.0;0;0;0;0;93;98;0;0;1775;79.06;0;0;0;0;0;0;0;0;0;0;0;0;0;0;0;0;32;0;36.0;36.0;2;0;0.00;0.00;0.00;0.0;0.0
47.424;57;1363;35;47705;3.5;19.700;1.340;43;42;13;0;100;99;100;132;100;154;100;47;47;0;2.044;2.044;0.000;0.000;19.700;1.340;9.3;0.0;0;32;3.000;2.953;12.3;270;-9.1;0;0;0;0;93;98;0;0;1775;78.14;0;0;0;0;0;0;0;0;0;0;0;0;0;0;0;0;32;0;35.0;35.0;2;0;0.00;0.00;0.00;0.0;0.0
47.492;57;1360;35;47600;3.5;19.700;1.340;43;42;13;0;100;99;100;132;100;147;100;47;47;0;2.019;2.019;0.000;0.000;19.700;1.340;9.2;0.0;0;32;3.000;2.743;12.3;0;-9.1;0;0;0;0;93;98;0;0;1775;78.31;0;0;0;0;0;0;0;0;0;0;0;0;0;0;0;0;32;0;35.0;35.0;2;0;0.00;0.00;0.00;0.0;0.0
47.562;57;1363;35;47705;3.5;19.700;1.340;43;42;13;0;100;99;100;132;100;147;100;47;47;0;2.019;2.019;0.000;0.000;19.700;1.340;9.2;0.0;0;32;3.000;3.092;12.3;0;-9.1;0;0;0;0;93;98;0;0;1775;78.14;0;0;0;0;0;0;0;0;0;0;0;0;0;0;0;0;32;0;35.0;35.0;2;0;0.00;0.00;0.00;0.0;0.0
47.626;57;1348;35;47180;3.5;19.700;1.340;43;42;13;0;100;99;100;132;100;139;100;46;46;0;1.983;1.983;0.000;0.000;19.700;1.340;8.9;0.0;0;32;3.000;2.711;12.3;-40;-9.1;0;0;0;0;93;98;0;0;1775;79.01;0;0;0;0;0;0;0;0;0;0;0;0;0;0;0;0;32;0;35.0;35.0;2;0;0.00;0.00;0.00;0.0;0.0
47.690;58;1350;35;47250;3.5;19.700;1.340;43;42;9;0;100;99;100;132;100;131;100;46;46;0;1.956;1.956;0.000;0.000;14.700;1.000;8.8;0.0;0;32;3.000;2.825;12.3;-130;-9.1;0;0;0;0;93;98;0;0;1761;78.27;0;0;0;0;0;0;0;0;0;0;0;0;0;0;0;0;32;0;35.0;35.0;2;0;0.00;0.00;0.00;0.0;0.0
47.757;58;1354;36;48744;3.5;19.700;1.340;43;42;9;0;100;99;100;132;100;131;100;47;47;0;1.973;1.973;0.000;0.000;14.700;1.000;8.9;0.0;0;32;3.000;2.820;12.3;-130;-9.0;0;0;0;0;93;98;0;0;1761;78.04;0;0;0;0;0;0;0;0;0;0;0;0;0;0;0;0;32;0;36.0;36.0;2;0;0.00;0.00;0.00;0.0;0.0
47.757;58;1357;36;48852;3.5;19.700;1.340;43;42;9;0;100;99;100;132;100;131;100;47;47;0;1.973;1.973;0.000;0.000;14.700;1.000;8.9;0.0;0;32;3.000;3.000;12.3;40;-9.0;0;0;0;0;93;98;0;0;1761;77.86;0;0;0;0;0;0;0;0;0;0;0;0;0;0;0;0;32;0;36.0;36.0;2;0;0.00;0.00;0.00;0.0;0.0
47.892;58;1340;35;46900;3.5;19.700;1.340;43;42;9;0;100;99;100;132;100;131;100;46;46;0;1.956;1.956;0.000;0.000;14.700;1.000;8.7;0.0;0;32;3.000;2.853;12.3;-140;-9.1;0;0;0;0;93;98;0;0;1761;78.85;0;0;0;0;0;0;0;0;0;0;0;0;0;0;0;0;32;0;35.0;35.0;2;0;0.00;0.00;0.00;0.0;0.0
47.957;58;1357;35;47495;3.5;19.700;1.340;43;42;9;0;100;99;100;132;100;131;100;47;47;0;1.952;1.952;0.000;0.000;14.700;1.000;8.8;0.0;0;32;3.000;2.818;12.4;-140;-9.1;0;0;0;0;93;98;0;0;1761;77.86;0;0;0;0;0;0;0;0;0;0;0;0;0;0;0;0;32;0;35.0;35.0;2;0;0.00;0.00;0.00;0.0;0.0
48.022;58;1356;36;48816;3.5;19.700;1.340;43;42;9;0;100;99;100;132;100;131;100;47;47;0;1.961;1.961;0.000;0.000;14.700;1.000;8.9;0.0;0;32;3.000;2.863;12.4;80;-9.0;0;0;0;0;93;98;0;0;1761;77.92;0;0;0;0;0;0;0;0;0;0;0;0;0;0;0;0;32;0;36.0;36.0;2;0;0.00;0.00;0.00;0.0;0.0
48.089;58;1350;35;47250;3.5;19.700;1.340;43;42;9;0;100;99;100;132;100;131;100;46;46;0;1.944;1.944;0.000;0.000;14.700;1.000;8.7;0.0;0;32;3.000;3.000;12.4;20;-9.1;0;0;0;0;93;98;0;0;1761;78.27;0;0;0;0;0;0;0;0;0;0;0;0;0;0;0;0;32;0;35.0;35.0;2;0;0.00;0.00;0.00;0.0;0.0
48.158;58;1325;36;47700;3.5;19.700;1.340;43;42;9;0;100;99;100;132;100;131;100;47;47;0;1.961;1.961;0.000;0.000;14.700;1.000;8.7;0.0;0;32;3.000;2.676;12.4;20;-9.0;0;0;0;0;93;98;0;0;1761;79.74;0;0;0;0;0;0;0;0;0;0;0;0;0;0;0;0;32;0;36.0;36.0;2;0;0.00;0.00;0.00;0.0;0.0
48.224;58;1326;35;46410;3.5;19.700;1.340;43;42;9;0;100;99;100;132;100;131;100;46;46;0;2.052;2.052;0.000;0.000;14.700;1.000;9.1;0.0;0;32;3.030;2.824;11.8;-170;-9.1;0;0;0;0;93;98;0;0;1761;79.68;0;0;0;0;0;0;0;0;0;0;0;0;0;0;0;0;32;0;35.0;35.0;2;0;0.00;0.00;0.00;0.0;0.0
48.290;58;1317;36;47412;3.5;19.700;1.340;43;42;9;0;100;99;100;132;100;131;100;47;47;0;2.069;2.069;0.000;0.000;14.700;1.000;9.1;0.0;0;32;3.030;2.815;11.8;-160;-9.0;0;0;0;0;93;98;0;0;1761;80.23;0;0;0;0;0;0;0;0;0;0;0;0;0;0;0;0;32;0;36.0;36.0;2;0;0.00;0.00;0.00;0.0;0.0
48.359;58;1308;36;47088;3.5;19.700;1.340;43;42;9;0;100;99;100;132;100;131;100;47;47;0;2.069;2.069;0.000;0.000;14.700;1.000;9.0;0.0;0;32;3.030;2.973;11.8;-160;-9.0;0;0;0;0;93;98;0;0;1761;80.78;0;0;0;0;0;0;0;0;0;0;0;0;0;0;0;0;32;0;36.0;36.0;2;0;0.00;0.00;0.00;0.0;0.0
48.424;58;1305;36;46980;3.5;19.700;1.340;43;42;9;0;100;99;100;132;100;131;100;47;47;0;2.069;2.069;0.000;0.000;14.700;1.000;9.0;0.0;0;32;3.030;2.883;11.8;-90;-9.0;0;0;0;0;93;98;0;0;1761;80.97;0;0;0;0;0;0;0;0;0;0;0;0;0;0;0;0;32;0;36.0;36.0;2;0;0.00;0.00;0.00;0.0;0.0
48.490;58;1302;36;46872;3.5;19.700;1.340;43;42;9;0;100;99;100;132;100;131;100;47;47;0;1.997;1.997;0.000;0.000;14.700;1.000;8.7;0.0;0;32;3.000;2.720;12.1;-60;-9.0;0;0;0;0;93;98;0;0;1761;81.15;0;0;0;0;0;0;0;0;0;0;0;0;0;0;0;0;32;0;36.0;36.0;2;0;0.00;0.00;0.00;0.0;0.0
48.490;58;1299;37;48063;3.5;19.700;1.340;43;42;9;0;100;99;100;132;100;131;100;48;48;0;2.017;2.017;0.000;0.000;14.700;1.000;8.7;0.0;0;32;3.000;2.841;12.1;-60;-8.8;0;0;0;0;93;98;0;0;1761;81.34;0;0;0;0;0;0;0;0;0;0;0;0;0;0;0;0;32;0;37.0;37.0;2;0;0.00;0.00;0.00;0.0;0.0
48.624;58;1305;37;48285;3.5;19.700;1.340;43;42;9;0;100;99;100;132;100;131;100;47;47;0;2.008;2.008;0.000;0.000;14.700;1.000;8.7;0.0;0;32;3.000;2.755;12.1;-40;-8.8;0;0;0;0;93;98;0;0;1761;80.97;0;0;0;0;0;0;0;0;0;0;0;0;0;0;0;0;32;0;37.0;37.0;2;0;0.00;0.00;0.00;0.0;0.0
48.690;58;1304;36;46944;3.5;19.000;1.293;43;42;9;0;100;99;100;132;100;131;100;47;47;0;1.997;1.997;0.000;0.000;14.700;1.000;8.7;0.0;0;32;3.000;2.874;12.1;-40;-9.0;0;0;0;0;93;98;0;0;1761;81.03;0;0;0;0;0;0;0;0;0;0;0;0;0;0;0;0;32;0;36.0;36.0;2;0;0.00;0.00;0.00;0.0;0.0
48.756;59;1310;37;48470;3.5;17.700;1.204;43;42;9;0;100;99;100;132;100;131;100;47;47;0;1.996;1.996;0.000;0.000;14.700;1.000;8.7;0.0;0;32;3.000;2.898;12.2;10;-8.8;0;0;0;0;93;98;0;0;1768;80.98;0;0;0;0;0;0;0;0;0;0;0;0;0;0;0;0;32;0;37.0;37.0;2;0;0.00;0.00;0.00;0.0;0.0
48.825;59;1307;37;48359;3.5;16.500;1.122;43;42;9;0;100;99;100;132;100;131;100;47;47;0;1.996;1.996;0.000;0.000;14.700;1.000;8.7;0.0;0;32;3.000;3.078;12.2;-80;-8.8;0;0;0;0;93;98;0;0;1768;81.16;0;0;0;0;0;0;0;0;0;0;0;0;0;0;0;0;32;0;37.0;37.0;2;0;0.00;0.00;0.00;0.0;0.0
48.891;59;1291;36;46476;3.5;15.100;1.027;43;42;9;0;100;99;100;132;100;131;100;46;46;0;1.979;1.979;0.000;0.000;14.700;1.000;8.5;0.0;0;32;3.000;2.768;12.2;-80;-9.0;0;0;0;0;93;98;0;0;1768;82.17;0;0;0;0;0;0;0;0;0;0;0;0;0;0;0;0;32;0;36.0;36.0;2;0;0.00;0.00;0.00;0.0;0.0
48.957;59;1283;36;46188;3.5;13.900;0.946;43;42;9;0;100;99;100;132;100;131;100;46;46;0;1.967;1.967;0.000;0.000;14.700;1.000;8.4;0.0;0;32;3.000;2.680;12.3;0;-9.0;0;0;0;0;93;98;0;0;1768;82.68;0;0;0;0;0;0;0;0;0;0;0;0;0;0;0;0;32;0;36.0;36.0;2;0;0.00;0.00;0.00;0.0;0.0
49.023;59;1272;37;47064;3.5;13.000;0.884;43;42;9;0;100;99;100;132;100;131;100;47;47;0;1.984;1.984;0.000;0.000;14.700;1.000;8.4;0.0;0;31;3.000;2.728;12.3;-120;-8.8;0;0;0;0;93;98;0;0;1768;83.40;0;0;0;0;0;0;0;0;0;0;0;0;0;0;0;0;31;0;37.0;37.0;2;0;0.00;0.00;0.00;0.0;0.0
49.093;59;1267;37;46879;3.5;12.400;0.844;43;42;9;0;100;99;100;132;100;131;100;47;47;0;1.984;1.984;0.000;0.000;14.700;1.000;8.4;0.0;0;31;3.000;2.816;12.3;-120;-8.8;0;0;0;0;93;98;0;0;1768;83.73;0;0;0;0;0;0;0;0;0;0;0;0;0;0;0;0;31;0;37.0;37.0;2;0;0.00;0.00;0.00;0.0;0.0
49.157;59;1262;38;47956;3.5;11.900;0.810;43;42;9;0;100;99;100;132;100;131;100;48;48;0;2.014;2.014;0.000;0.000;14.700;1.000;8.5;0.0;0;31;3.000;3.054;12.3;-120;-8.7;0;0;0;0;93;98;0;0;1768;84.06;0;0;0;0;0;0;0;0;0;0;0;0;0;0;0;0;31;0;38.0;38.0;2;0;0.00;0.00;0.00;0.0;0.0
49.224;59;1270;38;48260;3.5;11.700;0.796;43;42;9;0;100;99;100;132;100;131;100;48;48;0;2.026;2.026;0.000;0.000;14.700;1.000;8.6;0.0;0;31;3.000;2.950;12.2;30;-8.7;0;0;0;0;93;98;0;0;1768;83.53;0;0;0;0;0;0;0;0;0;0;0;0;0;0;0;0;31;0;38.0;38.0;2;0;0.00;0.00;0.00;0.0;0.0
49.296;59;1261;38;47918;3.5;11.500;0.782;43;42;9;0;100;99;100;132;100;131;100;48;48;0;2.026;2.026;0.000;0.000;14.700;1.000;8.5;0.0;0;32;3.000;3.172;12.2;30;-8.7;0;0;0;0;93;98;0;0;1768;84.12;0;0;0;0;0;0;0;0;0;0;0;0;0;0;0;0;32;0;38.0;38.0;2;0;0.00;0.00;0.00;0.0;0.0
49.366;59;1247;38;47386;3.5;11.300;0.769;43;42;9;0;100;99;100;132;100;131;100;48;48;0;2.026;2.026;0.000;0.000;14.700;1.000;8.4;0.0;0;31;3.000;2.586;12.2;-130;-8.7;0;0;0;0;93;98;0;0;1768;85.07;0;0;0;0;0;0;0;0;0;0;0;0;0;0;0;0;31;0;38.0;38.0;2;0;0.00;0.00;0.00;0.0;0.0
49.435;59;1248;38;47424;3.5;11.300;0.769;43;42;9;0;100;99;100;132;100;131;100;48;48;0;2.026;2.026;0.000;0.000;14.700;1.000;8.4;0.0;0;31;3.000;2.764;12.2;-90;-8.7;0;0;0;0;93;98;0;0;1768;85.00;0;0;0;0;0;0;0;0;0;0;0;0;0;0;0;0;31;0;38.0;38.0;2;0;0.00;0.00;0.00;0.0;0.0
49.499;59;1245;38;47310;3.5;11.200;0.762;43;42;9;0;100;99;100;132;100;131;100;48;48;0;2.014;2.014;0.000;0.000;14.700;1.000;8.4;0.0;0;32;3.000;3.195;12.3;-90;-8.7;0;0;0;0;93;98;0;0;1768;85.20;0;0;0;0;0;0;0;0;0;0;0;0;0;0;0;0;32;0;38.0;38.0;2;0;0.00;0.00;0.00;0.0;0.0
49.565;59;1228;38;46664;3.5;11.400;0.776;43;42;9;0;100;99;100;132;100;131;100;48;48;0;2.014;2.014;0.000;0.000;14.700;1.000;8.2;0.0;0;31;3.000;2.532;12.3;-30;-8.7;0;0;0;0;93;98;0;0;1768;86.38;0;0;0;0;0;0;0;0;0;0;0;0;0;0;0;0;31;0;38.0;38.0;2;0;0.00;0.00;0.00;0.0;0.0
49.630;59;1218;38;46284;3.5;11.700;0.796;43;42;9;0;100;99;100;132;100;131;100;48;48;0;2.014;2.014;0.000;0.000;14.700;1.000;8.2;0.0;0;31;3.000;2.712;12.3;-170;-8.7;0;0;0;0;93;98;0;0;1768;87.09;0;0;0;0;0;0;0;0;0;0;0;0;0;0;0;0;31;0;38.0;38.0;2;0;0.00;0.00;0.00;0.0;0.0
49.695;59;1221;39;47619;3.5;11.900;0.810;43;42;9;0;100;99;100;132;100;131;100;49;49;0;2.042;2.042;0.000;0.000;14.700;1.000;8.3;0.0;0;31;3.000;3.041;12.3;-170;-8.6;0;0;0;0;93;98;0;0;1768;86.88;0;0;0;0;0;0;0;0;0;0;0;0;0;0;0;0;31;0;39.0;39.0;2;0;0.00;0.00;0.00;0.0;0.0
49.762;60;1218;39;47502;3.5;12.100;0.823;43;42;9;0;100;99;100;132;100;131;100;48;48;0;2.037;2.037;0.000;0.000;14.700;1.000;8.3;0.0;0;31;3.000;2.815;12.2;-70;-8.6;0;0;0;0;93;98;0;0;1773;87.34;0;0;0;0;0;0;0;0;0;0;0;0;0;0;0;0;31;0;39.0;39.0;2;0;0.00;0.00;0.00;0.0;0.0
49.830;60;1209;39;47151;3.5;12.300;0.837;43;42;9;0;100;99;100;132;100;131;100;48;48;0;2.037;2.037;0.000;0.000;14.700;1.000;8.2;0.0;0;31;3.000;2.619;12.2;20;-8.6;0;0;0;0;93;98;0;0;1773;87.99;0;0;0;0;0;0;0;0;0;0;0;0;0;0;0;0;31;0;39.0;39.0;2;0;0.00;0.00;0.00;0.0;0.0
49.896;60;1218;39;47502;3.5;12.300;0.837;43;42;9;0;100;99;100;132;100;131;100;48;48;0;2.037;2.037;0.000;0.000;14.700;1.000;8.3;0.0;0;31;3.000;3.011;12.2;20;-8.6;0;0;0;0;93;98;0;0;1773;87.34;0;0;0;0;0;0;0;0;0;0;0;0;0;0;0;0;31;0;39.0;39.0;2;0;0.00;0.00;0.00;0.0;0.0
49.964;60;1204;39;46956;3.5;12.500;0.850;43;42;9;0;100;99;100;132;100;131;100;48;48;0;2.037;2.037;0.000;0.000;14.700;1.000;8.2;0.0;0;31;3.000;2.733;12.2;-80;-8.6;0;0;0;0;93;98;0;0;1773;88.36;0;0;0;0;0;0;0;0;0;0;0;0;0;0;0;0;31;0;39.0;39.0;2;0;0.00;0.00;0.00;0.0;0.0
50.030;60;1194;39;46566;3.5;12.700;0.864;43;42;9;0;100;99;100;132;100;131;100;48;48;0;2.025;2.025;0.000;0.000;14.700;1.000;8.1;0.0;0;30;3.000;2.711;12.3;-210;-8.6;0;0;0;0;93;98;0;0;1773;89.10;0;0;0;0;0;0;0;0;0;0;0;0;0;0;0;0;30;0;39.0;39.0;2;0;0.00;0.00;0.00;0.0;0.0
50.096;60;1199;39;46761;3.5;12.800;0.871;43;42;9;0;100;99;100;132;100;131;100;49;49;0;2.042;2.042;0.000;0.000;14.700;1.000;8.2;0.0;0;30;3.000;2.854;12.3;-210;-8.6;0;0;0;0;93;98;0;0;1773;88.72;0;0;0;0;0;0;0;0;0;0;0;0;0;0;0;0;30;0;39.0;39.0;2;0;0.00;0.00;0.00;0.0;0.0
50.160;60;1174;39;45786;3.5;13.100;0.891;43;42;9;0;100;99;100;132;100;131;100;48;48;0;2.025;2.025;0.000;0.000;14.700;1.000;7.9;0.0;0;30;3.000;2.613;12.3;-30;-8.6;0;0;0;0;93;98;0;0;1773;90.61;0;0;0;0;0;0;0;0;0;0;0;0;0;0;0;0;30;0;39.0;39.0;2;0;0.00;0.00;0.00;0.0;0.0
50.227;60;1179;39;45981;3.5;13.400;0.912;43;42;9;0;100;99;100;132;100;131;100;48;48;0;2.025;2.025;0.000;0.000;14.700;1.000;8.0;0.0;0;30;3.000;2.829;12.3;-120;-8.6;0;0;0;0;93;98;0;0;1773;90.23;0;0;0;0;0;0;0;0;0;0;0;0;0;0;0;0;30;0;39.0;39.0;2;0;0.00;0.00;0.00;0.0;0.0
50.292;60;1176;40;47040;3.5;14.200;0.966;43;42;9;0;100;99;100;132;100;131;100;49;49;0;2.052;2.052;0.000;0.000;14.700;1.000;8.0;0.0;0;30;3.000;2.980;12.3;-120;-8.4;0;0;0;0;93;98;0;0;1773;90.46;0;0;0;0;0;0;0;0;0;0;0;0;0;0;0;0;30;0;40.0;40.0;2;0;0.00;0.00;0.00;0.0;0.0
50.361;60;1168;40;46720;3.5;14.800;1.007;43;42;9;0;100;99;100;132;100;131;100;49;49;0;2.052;2.052;0.000;0.000;14.700;1.000;8.0;0.0;0;30;3.000;2.661;12.3;-10;-8.4;0;0;0;0;93;98;0;0;1773;91.08;0;0;0;0;0;0;0;0;0;0;0;0;0;0;0;0;30;0;40.0;40.0;2;0;0.00;0.00;0.00;0.0;0.0
50.430;60;1167;40;46680;3.5;16.400;1.116;43;42;9;0;100;99;100;132;100;131;100;49;49;0;2.052;2.052;0.000;0.000;14.700;1.000;8.0;0.0;0;30;3.000;2.810;12.3;-110;-8.4;0;0;0;0;93;98;0;0;1773;91.16;0;0;0;0;0;0;0;0;0;0;0;0;0;0;0;0;30;0;40.0;40.0;2;0;0.00;0.00;0.00;0.0;0.0
50.497;60;1164;41;47724;3.5;17.900;1.218;43;42;9;0;100;99;100;132;100;131;100;49;49;0;2.063;2.063;0.000;0.000;14.700;1.000;8.0;0.0;0;30;3.000;3.046;12.3;-110;-8.3;0;0;0;0;93;98;0;0;1773;91.39;0;0;0;0;0;0;0;0;0;0;0;0;0;0;0;0;30;0;41.0;41.0;2;0;0.00;0.00;0.00;0.0;0.0
50.563;60;1141;40;45640;3.5;19.100;1.299;43;42;9;0;100;99;100;132;100;131;100;49;49;0;2.052;2.052;0.000;0.000;14.700;1.000;7.8;0.0;0;30;3.000;2.628;12.3;-40;-8.4;0;0;0;0;93;98;0;0;1773;93.23;0;0;0;0;0;0;0;0;0;0;0;0;0;0;0;0;30;0;40.0;40.0;2;0;0.00;0.00;0.00;0.0;0.0
50.629;60;1148;41;47068;3.5;19.600;1.333;43;42;9;0;100;99;100;132;100;131;100;49;49;0;2.063;2.063;0.000;0.000;14.700;1.000;7.9;0.0;0;30;3.000;2.941;12.3;-150;-8.3;0;0;0;0;93;98;0;0;1773;92.67;0;0;0;0;0;0;0;0;0;0;0;0;0;0;0;0;30;0;41.0;41.0;2;0;0.00;0.00;0.00;0.0;0.0
50.695;60;1140;41;46740;3.5;19.700;1.340;43;42;9;0;100;99;100;132;100;131;100;49;49;0;2.063;2.063;0.000;0.000;14.700;1.000;7.8;0.0;0;30;3.000;2.950;12.3;-150;-8.3;0;0;0;0;93;98;0;0;1773;93.32;0;0;0;0;0;0;0;0;0;0;0;0;0;0;0;0;30;0;41.0;41.0;2;0;0.00;0.00;0.00;0.0;0.0
50.765;61;1103;41;45223;3.5;19.700;1.340;43;42;9;0;100;99;100;132;100;131;100;49;49;0;2.063;2.063;0.000;0.000;14.700;1.000;7.6;0.0;0;30;3.000;2.631;12.3;-170;-8.3;0;0;0;0;93;98;0;0;1783;96.99;0;0;0;0;0;0;0;0;0;0;0;0;0;0;0;0;30;0;41.0;41.0;2;0;0.00;0.00;0.00;0.0;0.0
50.831;61;1112;42;46704;3.5;19.700;1.340;43;42;9;0;100;99;100;132;100;131;100;50;50;0;2.094;2.094;0.000;0.000;14.700;1.000;7.8;0.0;0;30;3.000;2.797;12.3;-190;-8.1;0;0;0;0;93;98;0;0;1783;96.21;0;0;0;0;0;0;0;0;0;0;0;0;0;0;0;0;30;0;42.0;42.0;2;0;0.00;0.00;0.00;0.0;0.0
50.896;61;1107;42;46494;3.5;19.700;1.340;43;42;9;0;100;99;100;132;100;131;100;50;50;0;2.094;2.094;0.000;0.000;14.700;1.000;7.7;0.0;0;30;3.000;2.880;12.3;-190;-8.1;0;0;0;0;93;98;0;0;1783;96.64;0;0;0;0;0;0;0;0;0;0;0;0;0;0;0;0;30;0;42.0;42.0;2;0;0.00;0.00;0.00;0.0;0.0
50.966;61;1122;42;47124;3.5;19.700;1.340;43;42;9;0;100;99;100;132;100;131;100;50;50;0;2.094;2.094;0.000;0.000;14.700;1.000;7.8;0.0;0;30;3.000;2.816;12.3;110;-8.1;0;0;0;0;93;98;0;0;1783;95.35;0;0;0;0;0;0;0;0;0;0;0;0;0;0;0;0;30;0;42.0;42.0;2;0;0.00;0.00;0.00;0.0;0.0
51.031;61;1129;42;47418;3.5;19.700;1.340;43;43;9;0;100;99;100;131;100;130;100;50;50;0;2.087;2.087;0.000;0.000;14.700;1.000;7.9;0.0;0;30;3.000;3.076;12.3;110;-8.1;0;0;0;0;93;98;0;0;1783;94.76;0;0;0;0;0;0;0;0;0;0;0;0;0;0;0;0;30;0;42.0;42.0;2;0;0.00;0.00;0.00;0.0;0.0
51.096;61;1127;42;47334;3.5;19.700;1.340;43;43;9;0;100;99;100;131;100;130;100;50;50;0;2.087;2.087;0.000;0.000;14.700;1.000;7.8;0.0;0;30;3.000;2.789;12.3;40;-8.1;0;0;0;0;96;98;0;0;1783;94.92;0;0;0;0;0;0;0;0;0;0;0;0;0;0;0;0;30;0;42.0;42.0;2;0;0.00;0.00;0.00;0.0;0.0
51.162;61;1141;41;46781;3.5;19.700;1.340;43;43;9;0;100;99;100;131;100;130;100;49;49;0;2.056;2.056;0.000;0.000;14.700;1.000;7.8;0.0;0;30;3.000;2.970;12.3;130;-8.3;0;0;0;0;96;98;0;0;1783;93.76;0;0;0;0;0;0;0;0;0;0;0;0;0;0;0;0;30;0;41.0;41.0;2;0;0.00;0.00;0.00;0.0;0.0
51.229;61;1145;42;48090;3.5;19.700;1.340;43;43;9;0;100;99;100;131;100;130;100;50;50;0;2.087;2.087;0.000;0.000;14.700;1.000;8.0;0.0;0;30;3.000;3.232;12.3;130;-8.1;0;0;0;0;96;98;0;0;1783;93.43;0;0;0;0;0;0;0;0;0;0;0;0;0;0;0;0;30;0;42.0;42.0;2;0;0.00;0.00;0.00;0.0;0.0
51.293;61;1140;41;46740;3.5;19.700;1.340;43;43;9;0;100;99;100;131;100;130;100;49;49;0;2.068;2.068;0.000;0.000;14.700;1.000;7.9;0.0;0;30;3.000;2.939;12.2;50;-8.3;0;0;0;0;96;98;0;0;1783;93.84;0;0;0;0;0;0;0;0;0;0;0;0;0;0;0;0;30;0;41.0;41.0;2;0;0.00;0.00;0.00;0.0;0.0
51.358;61;1152;41;47232;3.5;19.700;1.340;43;43;9;0;100;99;100;131;100;130;100;49;49;0;2.068;2.068;0.000;0.000;14.700;1.000;7.9;0.0;0;30;3.000;2.955;12.2;50;-8.3;0;0;0;0;96;98;0;0;1783;92.86;0;0;0;0;0;0;0;0;0;0;0;0;0;0;0;0;30;0;41.0;41.0;2;0;0.00;0.00;0.00;0.0;0.0
51.425;61;1163;41;47683;3.5;19.700;1.340;43;43;9;0;100;99;100;131;100;130;100;49;49;0;2.068;2.068;0.000;0.000;14.700;1.000;8.0;0.0;0;30;3.000;2.800;12.2;50;-8.3;0;0;0;0;96;98;0;0;1783;91.99;0;0;0;0;0;0;0;0;0;0;0;0;0;0;0;0;30;0;41.0;41.0;2;0;0.00;0.00;0.00;0.0;0.0
51.493;61;1158;41;47478;3.5;19.700;1.340;43;43;9;0;100;99;100;131;100;130;100;49;49;0;2.056;2.056;0.000;0.000;14.700;1.000;7.9;0.0;0;30;3.000;2.871;12.3;130;-8.3;0;0;0;0;96;98;0;0;1783;92.38;0;0;0;0;0;0;0;0;0;0;0;0;0;0;0;0;30;0;41.0;41.0;2;0;0.00;0.00;0.00;0.0;0.0
51.562;61;1176;41;48216;3.5;19.700;1.340;43;43;9;0;100;99;100;131;100;130;100;49;49;0;2.056;2.056;0.000;0.000;14.700;1.000;8.1;0.0;0;30;3.000;2.879;12.3;110;-8.3;0;0;0;0;96;98;0;0;1783;90.97;0;0;0;0;0;0;0;0;0;0;0;0;0;0;0;0;30;0;41.0;41.0;2;0;0.00;0.00;0.00;0.0;0.0
51.626;61;1156;40;46240;3.5;19.700;1.340;43;43;9;0;100;99;100;131;100;130;100;49;49;0;2.045;2.045;0.000;0.000;14.700;1.000;7.9;0.0;0;30;3.000;2.746;12.3;110;-8.4;0;0;0;0;96;98;0;0;1783;92.54;0;0;0;0;0;0;0;0;0;0;0;0;0;0;0;0;30;0;40.0;40.0;2;0;0.00;0.00;0.00;0.0;0.0
51.693;61;1175;40;47000;3.5;19.700;1.340;43;43;9;0;100;99;100;131;100;130;100;49;49;0;2.045;2.045;0.000;0.000;14.700;1.000;8.0;0.0;0;30;3.000;2.909;12.3;-40;-8.4;0;0;0;0;96;98;0;0;1783;91.05;0;0;0;0;0;0;0;0;0;0;0;0;0;0;0;0;30;0;40.0;40.0;2;0;0.00;0.00;0.00;0.0;0.0
51.757;62;1179;40;47160;3.5;19.700;1.340;43;43;9;0;100;99;100;131;100;130;100;49;49;0;2.033;2.033;0.000;0.000;14.700;1.000;8.0;0.0;0;30;3.000;3.020;12.4;90;-8.4;0;0;0;0;96;98;0;0;1788;90.99;0;0;0;0;0;0;0;0;0;0;0;0;0;0;0;0;30;0;40.0;40.0;2;0;0.00;0.00;0.00;0.0;0.0
51.823;62;1151;40;46040;3.5;19.700;1.340;43;43;9;0;100;99;100;131;100;130;100;49;49;0;2.033;2.033;0.000;0.000;14.700;1.000;7.8;0.0;0;30;3.000;2.624;12.4;90;-8.4;0;0;0;0;96;98;0;0;1788;93.21;0;0;0;0;0;0;0;0;0;0;0;0;0;0;0;0;30;0;40.0;40.0;2;0;0.00;0.00;0.00;0.0;0.0
51.889;62;1173;40;46920;3.5;19.700;1.340;43;43;9;0;100;99;100;131;100;130;100;49;49;0;2.033;2.033;0.000;0.000;14.700;1.000;7.9;0.0;0;30;3.000;2.920;12.4;-120;-8.4;0;0;0;0;96;98;0;0;1788;91.46;0;0;0;0;0;0;0;0;0;0;0;0;0;0;0;0;30;0;40.0;40.0;2;0;0.00;0.00;0.00;0.0;0.0
51.958;62;1179;40;47160;3.5;19.700;1.340;43;43;9;0;100;99;100;131;100;130;100;49;49;0;2.033;2.033;0.000;0.000;14.700;1.000;8.0;0.0;0;30;3.000;3.010;12.4;120;-8.4;0;0;0;0;96;98;0;0;1788;90.99;0;0;0;0;0;0;0;0;0;0;0;0;0;0;0;0;30;0;40.0;40.0;2;0;0.00;0.00;0.00;0.0;0.0
52.024;62;1181;40;47240;3.5;19.700;1.340;43;43;9;0;100;99;100;131;100;130;100;49;49;0;2.033;2.033;0.000;0.000;14.700;1.000;8.0;0.0;0;30;3.000;2.807;12.4;120;-8.4;0;0;0;0;96;98;0;0;1788;90.84;0;0;0;0;0;0;0;0;0;0;0;0;0;0;0;0;30;0;40.0;40.0;2;0;0.00;0.00;0.00;0.0;0.0
52.090;62;1186;39;46254;3.5;19.700;1.340;43;43;9;0;100;99;100;131;100;130;100;49;49;0;2.023;2.023;0.000;0.000;14.700;1.000;8.0;0.0;0;30;3.000;2.796;12.4;180;-8.6;0;0;0;0;96;98;0;0;1788;90.46;0;0;0;0;0;0;0;0;0;0;0;0;0;0;0;0;30;0;39.0;39.0;2;0;0.00;0.00;0.00;0.0;0.0
52.155;62;1180;40;47200;3.5;19.700;1.340;43;43;9;0;100;99;100;131;100;130;100;49;49;0;2.033;2.033;0.000;0.000;14.700;1.000;8.0;0.0;0;30;3.000;2.931;12.4;-170;-8.4;0;0;0;0;96;98;0;0;1788;90.92;0;0;0;0;0;0;0;0;0;0;0;0;0;0;0;0;30;0;40.0;40.0;2;0;0.00;0.00;0.00;0.0;0.0
52.155;62;1158;40;46320;3.5;19.700;1.340;43;43;9;0;100;99;100;131;100;130;100;49;49;0;2.033;2.033;0.000;0.000;14.700;1.000;7.8;0.0;0;30;3.000;2.668;12.4;-170;-8.4;0;0;0;0;96;98;0;0;1788;92.64;0;0;0;0;0;0;0;0;0;0;0;0;0;0;0;0;30;0;40.0;40.0;2;0;0.00;0.00;0.00;0.0;0.0
52.225;62;1172;40;46880;3.5;19.700;1.340;43;43;9;0;100;99;100;131;100;130;100;49;49;0;2.033;2.033;0.000;0.000;14.700;1.000;7.9;0.0;0;30;3.000;2.788;12.4;0;-8.4;0;0;0;0;96;98;0;0;1788;91.54;0;0;0;0;0;0;0;0;0;0;0;0;0;0;0;0;30;0;40.0;40.0;2;0;0.00;0.00;0.00;0.0;0.0
52.356;62;1168;40;46720;3.5;19.700;1.340;43;43;9;0;100;99;100;131;100;130;100;49;49;0;2.033;2.033;0.000;0.000;14.700;1.000;7.9;0.0;0;30;3.000;3.024;12.4;-120;-8.4;0;0;0;0;96;98;0;0;1788;91.85;0;0;0;0;0;0;0;0;0;0;0;0;0;0;0;0;30;0;40.0;40.0;2;0;0.00;0.00;0.00;0.0;0.0
52.421;62;1139;41;46699;3.5;19.700;1.340;43;43;9;0;100;99;100;131;100;130;100;49;49;0;2.044;2.044;0.000;0.000;14.700;1.000;7.8;0.0;0;30;3.000;2.802;12.4;-120;-8.3;0;0;0;0;96;98;0;0;1788;94.19;0;0;0;0;0;0;0;0;0;0;0;0;0;0;0;0;30;0;41.0;41.0;2;0;0.00;0.00;0.00;0.0;0.0
52.492;62;1148;41;47068;3.5;19.700;1.340;43;43;9;0;100;99;100;131;100;130;100;49;49;0;2.044;2.044;0.000;0.000;14.700;1.000;7.8;0.0;0;30;3.000;2.970;12.4;-180;-8.3;0;0;0;0;96;98;0;0;1788;93.45;0;0;0;0;0;0;0;0;0;0;0;0;0;0;0;0;30;0;41.0;41.0;2;0;0.00;0.00;0.00;0.0;0.0
52.556;62;1150;41;47150;3.5;19.700;1.340;43;43;9;0;100;99;100;131;100;130;100;50;50;0;2.053;2.053;0.000;0.000;14.700;1.000;7.9;0.0;0;30;3.000;2.874;12.4;0;-8.3;0;0;0;0;96;98;0;0;1788;93.29;0;0;0;0;0;0;0;0;0;0;0;0;0;0;0;0;30;0;41.0;41.0;2;0;0.00;0.00;0.00;0.0;0.0
52.622;62;1128;41;46248;3.5;19.700;1.340;43;43;9;0;100;99;100;131;100;130;100;49;49;0;2.044;2.044;0.000;0.000;14.700;1.000;7.7;0.0;0;30;3.000;2.647;12.4;0;-8.3;0;0;0;0;96;98;0;0;1788;95.11;0;0;0;0;0;0;0;0;0;0;0;0;0;0;0;0;30;0;41.0;41.0;2;0;0.00;0.00;0.00;0.0;0.0
52.692;62;1138;41;46658;3.5;19.700;1.340;43;43;9;0;100;99;100;131;100;130;100;49;49;0;2.044;2.044;0.000;0.000;14.700;1.000;7.8;0.0;0;30;3.000;3.202;12.4;-360;-8.3;0;0;0;0;96;98;0;0;1788;94.27;0;0;0;0;0;0;0;0;0;0;0;0;0;0;0;0;30;0;41.0;41.0;2;0;0.00;0.00;0.00;0.0;0.0
52.757;62;1121;41;45961;3.5;19.700;1.340;43;43;9;0;100;99;100;131;100;130;100;49;49;0;2.044;2.044;0.000;0.000;14.700;1.000;7.6;0.0;0;30;3.000;2.655;12.4;70;-8.3;0;0;0;0;96;98;0;0;1789;95.75;0;0;0;0;0;0;0;0;0;0;0;0;0;0;0;0;30;0;41.0;41.0;2;0;0.00;0.00;0.00;0.0;0.0
52.822;63;1104;41;45264;3.5;19.700;1.340;43;43;9;0;100;99;100;131;100;130;100;49;49;0;2.056;2.056;0.000;0.000;14.700;1.000;7.6;0.0;0;30;3.000;2.641;12.3;70;-8.3;0;0;0;0;96;98;0;0;1789;97.23;0;0;0;0;0;0;0;0;0;0;0;0;0;0;0;0;30;0;41.0;41.0;2;0;0.00;0.00;0.00;0.0;0.0
52.822;63;1113;42;46746;3.5;19.700;1.340;43;43;9;0;100;99;100;131;100;130;100;50;50;0;2.087;2.087;0.000;0.000;14.700;1.000;7.7;0.0;0;30;3.000;3.108;12.3;-220;-8.1;0;0;0;0;96;98;0;0;1789;96.44;0;0;0;0;0;0;0;0;0;0;0;0;0;0;0;0;30;0;42.0;42.0;2;0;0.00;0.00;0.00;0.0;0.0
52.954;63;1103;43;47429;3.5;19.700;1.340;43;43;9;0;100;99;100;131;100;130;100;50;50;0;2.097;2.097;0.000;0.000;14.700;1.000;7.7;0.0;0;30;3.000;2.683;12.3;-220;-8.0;0;0;0;0;96;98;0;0;1789;97.32;0;0;0;0;0;0;0;0;0;0;0;0;0;0;0;0;30;0;43.0;43.0;2;0;0.00;0.00;0.00;0.0;0.0
53.024;63;1112;43;47816;3.5;19.700;1.340;43;43;9;0;100;99;100;131;100;130;100;50;50;0;2.097;2.097;0.000;0.000;14.700;1.000;7.8;0.0;0;31;3.000;3.162;12.3;-130;-8.0;0;0;0;0;96;98;0;0;1789;96.53;0;0;0;0;0;0;0;0;0;0;0;0;0;0;0;0;31;0;43.0;43.0;2;0;0.00;0.00;0.00;0.0;0.0
53.093;63;1128;43;48504;3.5;19.700;1.340;43;43;9;0;100;99;100;131;100;130;100;51;51;0;2.106;2.106;0.000;0.000;14.700;1.000;7.9;0.0;0;31;3.000;2.844;12.3;300;-8.0;0;0;0;0;96;98;0;0;1789;95.16;0;0;0;0;0;0;0;0;0;0;0;0;0;0;0;0;31;0;43.0;43.0;2;0;0.00;0.00;0.00;0.0;0.0
53.160;63;1115;42;46830;3.5;19.700;1.340;43;43;9;0;100;99;100;131;100;130;100;50;50;0;2.087;2.087;0.000;0.000;14.700;1.000;7.8;0.0;0;30;3.000;2.741;12.3;300;-8.1;0;0;0;0;96;98;0;0;1789;96.27;0;0;0;0;0;0;0;0;0;0;0;0;0;0;0;0;30;0;42.0;42.0;2;0;0.00;0.00;0.00;0.0;0.0
53.229;63;1135;42;47670;3.5;19.700;1.340;43;43;9;0;100;99;100;131;100;130;100;50;50;0;2.087;2.087;0.000;0.000;14.700;1.000;7.9;0.0;0;30;3.000;3.208;12.3;-10;-8.1;0;0;0;0;96;98;0;0;1789;94.57;0;0;0;0;0;0;0;0;0;0;0;0;0;0;0;0;30;0;42.0;42.0;2;0;0.00;0.00;0.00;0.0;0.0
53.295;63;1116;42;46872;3.5;19.700;1.340;43;43;9;0;100;99;100;131;100;130;100;50;50;0;2.075;2.075;0.000;0.000;14.700;1.000;7.7;0.0;0;30;3.000;2.647;12.4;100;-8.1;0;0;0;0;96;98;0;0;1789;96.18;0;0;0;0;0;0;0;0;0;0;0;0;0;0;0;0;30;0;42.0;42.0;2;0;0.00;0.00;0.00;0.0;0.0
53.361;63;1136;41;46576;3.5;19.700;1.340;43;43;9;0;100;99;100;131;100;130;100;49;49;0;2.044;2.044;0.000;0.000;14.700;1.000;7.7;0.0;0;30;3.000;2.810;12.4;100;-8.3;0;0;0;0;96;98;0;0;1789;94.49;0;0;0;0;0;0;0;0;0;0;0;0;0;0;0;0;30;0;41.0;41.0;2;0;0.00;0.00;0.00;0.0;0.0
53.425;63;1141;41;46781;3.5;19.700;1.340;43;43;9;0;100;99;100;131;100;130;100;49;49;0;2.044;2.044;0.000;0.000;14.700;1.000;7.8;0.0;0;30;3.000;3.091;12.4;110;-8.3;0;0;0;0;96;98;0;0;1789;94.08;0;0;0;0;0;0;0;0;0;0;0;0;0;0;0;0;30;0;41.0;41.0;2;0;0.00;0.00;0.00;0.0;0.0
53.494;63;1109;42;46578;3.5;19.700;1.340;43;43;9;0;100;99;100;131;100;130;100;50;50;0;2.075;2.075;0.000;0.000;14.700;1.000;7.7;0.0;0;30;3.000;2.568;12.4;-170;-8.1;0;0;0;0;96;98;0;0;1789;96.79;0;0;0;0;0;0;0;0;0;0;0;0;0;0;0;0;30;0;42.0;42.0;2;0;0.00;0.00;0.00;0.0;0.0
53.564;63;1119;42;46998;3.5;19.700;1.340;43;43;9;0;100;99;100;131;100;130;100;50;50;0;2.075;2.075;0.000;0.000;14.700;1.000;7.7;0.0;0;30;3.000;2.721;12.4;-170;-8.1;0;0;0;0;96;98;0;0;1789;95.92;0;0;0;0;0;0;0;0;0;0;0;0;0;0;0;0;30;0;42.0;42.0;2;0;0.00;0.00;0.00;0.0;0.0
53.632;63;1121;42;47082;3.5;19.700;1.340;43;43;9;0;100;99;100;131;100;130;100;50;50;0;2.075;2.075;0.000;0.000;14.700;1.000;7.8;0.0;0;30;3.000;2.726;12.4;60;-8.1;0;0;0;0;96;98;0;0;1789;95.75;0;0;0;0;0;0;0;0;0;0;0;0;0;0;0;0;30;0;42.0;42.0;2;0;0.00;0.00;0.00;0.0;0.0
53.697;63;1118;42;46956;3.5;19.700;1.340;43;43;9;0;100;99;100;131;100;130;100;50;50;0;2.075;2.075;0.000;0.000;14.700;1.000;7.7;0.0;0;30;3.000;2.709;12.4;-10;-8.1;0;0;0;0;96;98;0;0;1789;96.01;0;0;0;0;0;0;0;0;0;0;0;0;0;0;0;0;30;0;42.0;42.0;2;0;0.00;0.00;0.00;0.0;0.0
53.762;63;1137;42;47754;3.5;19.700;1.340;43;43;9;0;100;99;100;131;100;130;100;50;50;0;2.075;2.075;0.000;0.000;14.700;1.000;7.9;0.0;0;30;3.000;3.250;12.4;-10;-8.1;0;0;0;0;96;98;0;0;1789;94.41;0;0;0;0;0;0;0;0;0;0;0;0;0;0;0;0;30;0;42.0;42.0;2;0;0.00;0.00;0.00;0.0;0.0
53.827;64;1121;42;47082;3.5;19.700;1.340;43;43;9;0;100;99;100;131;100;130;100;50;50;0;2.063;2.063;0.000;0.000;14.700;1.000;7.7;0.0;0;30;3.000;2.666;12.5;130;-8.1;0;0;0;0;96;98;0;0;1785;95.54;0;0;0;0;0;0;0;0;0;0;0;0;0;0;0;0;30;0;42.0;42.0;2;0;0.00;0.00;0.00;0.0;0.0
53.897;64;1128;41;46248;3.5;19.700;1.340;43;43;9;0;100;99;100;131;100;130;100;49;49;0;2.032;2.032;0.000;0.000;14.700;1.000;7.6;0.0;0;30;3.000;2.731;12.5;-80;-8.3;0;0;0;0;96;98;0;0;1785;94.95;0;0;0;0;0;0;0;0;0;0;0;0;0;0;0;0;30;0;41.0;41.0;2;0;0.00;0.00;0.00;0.0;0.0
53.962;64;1138;42;47796;3.5;19.700;1.340;43;43;9;0;100;99;100;131;100;130;100;50;50;0;2.063;2.063;0.000;0.000;14.700;1.000;7.8;0.0;0;30;3.000;3.199;12.5;-80;-8.1;0;0;0;0;96;98;0;0;1785;94.11;0;0;0;0;0;0;0;0;0;0;0;0;0;0;0;0;30;0;42.0;42.0;2;0;0.00;0.00;0.00;0.0;0.0
54.028;64;1122;41;46002;3.5;19.700;1.340;43;43;9;0;100;99;100;131;100;130;100;49;49;0;2.032;2.032;0.000;0.000;14.700;1.000;7.6;0.0;0;30;3.000;2.758;12.5;100;-8.3;0;0;0;0;96;98;0;0;1785;95.45;0;0;0;0;0;0;0;0;0;0;0;0;0;0;0;0;30;0;41.0;41.0;2;0;0.00;0.00;0.00;0.0;0.0
54.095;64;1131;42;47502;3.5;19.700;1.340;43;43;9;0;100;99;100;131;100;130;100;50;50;0;2.063;2.063;0.000;0.000;14.700;1.000;7.8;0.0;0;30;3.000;2.837;12.5;-80;-8.1;0;0;0;0;96;98;0;0;1785;94.69;0;0;0;0;0;0;0;0;0;0;0;0;0;0;0;0;30;0;42.0;42.0;2;0;0.00;0.00;0.00;0.0;0.0
54.161;64;1128;42;47376;3.5;19.700;1.340;43;43;9;0;100;99;100;131;100;130;100;50;50;0;2.063;2.063;0.000;0.000;14.700;1.000;7.8;0.0;0;30;3.000;2.672;12.5;-80;-8.1;0;0;0;0;96;98;0;0;1785;94.95;0;0;0;0;0;0;0;0;0;0;0;0;0;0;0;0;30;0;42.0;42.0;2;0;0.00;0.00;0.00;0.0;0.0
54.228;64;1102;42;46284;3.5;19.700;1.340;43;43;9;0;100;99;100;131;100;130;100;50;50;0;2.063;2.063;0.000;0.000;14.700;1.000;7.6;0.0;0;30;3.000;2.537;12.5;-30;-8.1;0;0;0;0;96;98;0;0;1785;97.19;0;0;0;0;0;0;0;0;0;0;0;0;0;0;0;0;30;0;42.0;42.0;2;0;0.00;0.00;0.00;0.0;0.0
54.297;64;1096;43;47128;3.5;19.700;1.340;43;43;9;0;100;99;100;131;100;130;100;50;50;0;2.073;2.073;0.000;0.000;14.700;1.000;7.6;0.0;0;30;3.000;3.116;12.5;-320;-8.0;0;0;0;0;96;98;0;0;1785;97.72;0;0;0;0;0;0;0;0;0;0;0;0;0;0;0;0;30;0;43.0;43.0;2;0;0.00;0.00;0.00;0.0;0.0
54.365;64;1087;43;46741;3.5;19.700;1.340;43;43;9;0;100;99;100;131;100;130;100;50;50;0;2.073;2.073;0.000;0.000;14.700;1.000;7.5;0.0;0;30;3.000;2.751;12.5;-320;-8.0;0;0;0;0;96;98;0;0;1785;98.53;0;0;0;0;0;0;0;0;0;0;0;0;0;0;0;0;30;0;43.0;43.0;2;0;0.00;0.00;0.00;0.0;0.0
54.431;64;1083;43;46569;3.5;19.700;1.340;43;43;9;0;100;99;100;131;100;130;100;50;50;0;2.073;2.073;0.000;0.000;14.700;1.000;7.5;0.0;0;30;3.000;2.817;12.5;-70;-8.0;0;0;0;0;96;98;0;0;1785;98.89;0;0;0;0;0;0;0;0;0;0;0;0;0;0;0;0;30;0;43.0;43.0;2;0;0.00;0.00;0.00;0.0;0.0
54.495;64;1072;44;47168;3.5;19.700;1.340;43;43;9;0;100;99;100;131;100;130;100;50;50;0;2.085;2.085;0.000;0.000;14.700;1.000;7.5;0.0;0;30;3.000;2.632;12.5;-250;-7.8;0;0;0;0;96;98;0;0;1785;99.91;0;0;0;0;0;0;0;0;0;0;0;0;0;0;0;0;30;0;44.0;44.0;2;0;0.00;0.00;0.00;0.0;0.0
54.560;64;1065;44;46860;3.5;19.700;1.340;43;43;9;0;100;99;100;131;100;130;100;50;50;0;2.097;2.097;0.000;0.000;14.700;1.000;7.4;0.0;0;30;3.000;2.823;12.4;-250;-7.8;0;0;0;0;96;98;0;0;1785;100.56;0;0;0;0;0;0;0;0;0;0;0;0;0;0;0;0;30;0;44.0;44.0;2;0;0.00;0.00;0.00;0.0;0.0
54.629;64;1072;44;47168;3.5;19.700;1.340;43;43;9;0;100;99;100;131;100;130;100;50;50;0;2.097;2.097;0.000;0.000;14.700;1.000;7.5;0.0;0;30;3.000;3.107;12.4;-60;-7.8;0;0;0;0;96;98;0;0;1785;99.91;0;0;0;0;0;0;0;0;0;0;0;0;0;0;0;0;30;0;44.0;44.0;2;0;0.00;0.00;0.00;0.0;0.0
54.696;64;1043;45;46935;3.5;19.700;1.340;43;43;9;0;100;99;100;131;100;130;100;50;50;0;2.119;2.119;0.000;0.000;14.700;1.000;7.4;0.0;0;30;3.000;2.542;12.4;-150;-7.7;0;0;0;0;96;98;0;0;1785;102.68;0;0;0;0;0;0;0;0;0;0;0;0;0;0;0;0;30;0;45.0;45.0;2;0;0.00;0.00;0.00;0.0;0.0
54.761;64;1066;45;47970;3.5;19.700;1.340;43;43;9;0;100;99;100;131;100;130;100;51;51;0;2.128;2.128;0.000;0.000;14.700;1.000;7.6;0.0;0;30;3.000;2.926;12.4;-150;-7.7;0;0;0;0;96;98;0;0;1785;100.47;0;0;0;0;0;0;0;0;0;0;0;0;0;0;0;0;30;0;45.0;45.0;2;0;0.00;0.00;0.00;0.0;0.0
54.828;65;1080;45;48600;3.5;19.700;1.340;43;43;9;0;100;99;100;131;100;130;100;51;51;0;2.140;2.140;0.000;0.000;14.700;1.000;7.7;0.0;0;30;3.000;2.717;12.3;350;-7.7;0;0;0;0;96;98;0;0;1789;99.39;0;0;0;0;0;0;0;0;0;0;0;0;0;0;0;0;30;0;45.0;45.0;2;0;0.00;0.00;0.00;0.0;0.0
54.892;65;1065;44;46860;3.5;19.700;1.340;43;43;9;0;100;99;100;131;100;130;100;50;50;0;2.109;2.109;0.000;0.000;14.700;1.000;7.5;0.0;0;30;3.000;2.594;12.3;350;-7.8;0;0;0;0;96;98;0;0;1789;100.79;0;0;0;0;0;0;0;0;0;0;0;0;0;0;0;0;30;0;44.0;44.0;2;0;0.00;0.00;0.00;0.0;0.0
54.958;65;1087;44;47828;3.5;19.700;1.340;43;43;9;0;100;99;100;131;100;130;100;50;50;0;2.109;2.109;0.000;0.000;14.700;1.000;7.6;0.0;0;30;3.000;3.415;12.3;-130;-7.8;0;0;0;0;96;98;0;0;1789;98.75;0;0;0;0;0;0;0;0;0;0;0;0;0;0;0;0;30;0;44.0;44.0;2;0;0.00;0.00;0.00;0.0;0.0
55.028;65;1086;44;47784;3.5;19.700;1.340;43;43;9;0;100;99;100;131;100;130;100;50;50;0;2.109;2.109;0.000;0.000;14.700;1.000;7.6;0.0;0;30;3.000;2.909;12.3;300;-7.8;0;0;0;0;96;98;0;0;1789;98.84;0;0;0;0;0;0;0;0;0;0;0;0;0;0;0;0;30;0;44.0;44.0;2;0;0.00;0.00;0.00;0.0;0.0
55.094;65;1110;43;47730;3.5;19.700;1.340;43;43;9;0;100;99;100;131;100;130;100;50;50;0;2.217;2.217;0.000;0.000;14.700;1.000;8.2;0.0;0;30;3.030;2.948;11.7;300;-8.0;0;0;0;0;96;98;0;0;1789;96.70;0;0;0;0;0;0;0;0;0;0;0;0;0;0;0;0;30;0;43.0;43.0;2;0;0.00;0.00;0.00;0.0;0.0
55.158;65;1125;47;52875;6.0;19.700;1.340;43;43;25;0;100;99;100;131;100;130;150;52;52;0;3.378;3.378;0.000;0.000;14.600;0.993;12.7;0.0;45;30;3.030;2.844;11.7;150;-7.4;0;0;0;0;96;98;0;0;1789;95.41;0;0;0;0;0;0;0;0;0;0;0;0;0;0;0;0;30;0;47.0;47.0;2;0;0.00;0.00;0.00;0.0;0.0
55.224;65;1138;50;56900;6.5;19.700;1.340;43;43;25;0;100;99;100;131;100;130;150;55;55;0;3.456;3.456;0.000;0.000;14.400;0.980;13.1;0.0;0;30;3.030;2.980;11.7;270;-7.0;0;0;0;0;96;98;0;0;1789;94.32;0;0;0;0;0;0;0;0;0;0;0;0;0;0;0;0;30;0;50.0;50.0;2;0;0.00;0.00;0.00;0.0;0.0
55.295;65;1244;51;63444;6.5;19.700;1.340;43;43;25;0;100;99;100;131;100;130;150;56;56;0;3.489;3.489;0.000;0.000;14.300;0.973;14.5;0.0;0;30;3.030;3.677;11.7;270;-6.8;0;0;0;0;96;98;0;0;1789;86.29;0;0;0;0;0;0;0;0;0;0;0;0;0;0;0;0;30;0;51.0;51.0;2;0;0.00;0.00;0.00;0.0;0.0
55.361;65;1373;49;67277;6.5;19.700;1.340;43;43;25;0;100;99;100;131;100;130;150;55;55;0;3.372;3.372;0.000;0.000;14.500;0.986;15.4;0.0;0;32;3.030;3.730;12.0;1070;-7.1;0;0;0;0;96;98;0;0;1789;78.18;0;0;0;0;0;0;0;0;0;0;0;0;0;0;0;0;32;0;49.0;49.0;2;0;0.00;0.00;0.00;0.0;0.0
55.429;65;1440;41;59040;4.0;19.700;1.340;43;43;25;0;100;99;100;131;100;130;150;50;50;0;3.188;3.188;0.000;0.000;14.700;1.000;15.3;0.0;-30;31;3.030;3.096;12.0;1850;-8.3;0;0;0;0;96;98;0;0;1789;74.54;0;0;0;0;0;0;0;0;0;0;0;0;0;0;0;0;31;0;41.0;41.0;2;0;0.00;0.00;0.00;0.0;0.0
55.496;65;1460;36;52560;4.0;19.700;1.340;43;43;9;0;100;99;100;131;100;130;100;48;48;0;2.025;2.025;0.000;0.000;14.700;1.000;9.9;0.0;0;33;3.030;2.970;12.0;1850;-9.0;0;0;0;0;96;98;0;0;1789;73.52;0;0;0;0;0;0;0;0;0;0;0;0;0;0;0;0;33;0;36.0;36.0;2;0;0.00;0.00;0.00;0.0;0.0
55.560;65;1390;35;48650;4.0;19.700;1.340;43;43;9;0;100;99;100;131;100;130;100;47;47;0;1.971;1.971;0.000;0.000;14.700;1.000;9.1;0.0;0;33;3.000;2.695;12.2;30;-9.1;0;0;0;0;96;98;0;0;1789;77.22;0;0;0;0;0;0;0;0;0;0;0;0;0;0;0;0;33;0;35.0;35.0;2;0;0.00;0.00;0.00;0.0;0.0
55.629;65;1398;35;48930;4.0;19.700;1.340;43;43;9;0;100;99;100;131;100;130;100;47;47;0;1.971;1.971;0.000;0.000;14.700;1.000;9.2;0.0;0;33;3.000;2.912;12.2;-350;-9.1;0;0;0;0;96;98;0;0;1789;76.78;0;0;0;0;0;0;0;0;0;0;0;0;0;0;0;0;33;0;35.0;35.0;2;0;0.00;0.00;0.00;0.0;0.0
55.697;65;1402;35;49070;4.0;14.200;0.966;43;43;9;0;100;99;100;131;100;130;100;47;47;0;1.971;1.971;0.000;0.000;14.700;1.000;9.2;0.0;0;33;3.000;3.031;12.2;-350;-9.1;0;0;0;0;96;98;0;0;1789;76.56;0;0;0;0;0;0;0;0;0;0;0;0;0;0;0;0;33;0;35.0;35.0;2;0;0.00;0.00;0.00;0.0;0.0
55.762;65;1393;35;48755;4.0;11.800;0.803;43;43;9;0;100;99;100;131;100;130;100;47;47;0;1.971;1.971;0.000;0.000;14.700;1.000;9.2;0.0;0;33;3.000;2.864;12.2;50;-9.1;0;0;0;0;96;98;0;0;1789;77.06;0;0;0;0;0;0;0;0;0;0;0;0;0;0;0;0;33;0;35.0;35.0;2;0;0.00;0.00;0.00;0.0;0.0
55.828;66;1407;35;49245;4.0;11.200;0.762;43;43;9;0;100;99;100;131;100;130;100;47;47;0;1.947;1.947;0.000;0.000;14.700;1.000;9.1;0.0;0;33;3.000;2.791;12.4;50;-9.1;0;0;0;0;96;98;0;0;1726;73.60;0;0;0;0;0;0;0;0;0;0;0;0;0;0;0;0;33;0;35.0;35.0;2;0;0.00;0.00;0.00;0.0;0.0
55.895;66;1400;35;49000;4.0;10.900;0.741;43;43;9;0;100;99;100;131;100;130;100;47;47;0;1.947;1.947;0.000;0.000;14.700;1.000;9.1;0.0;0;33;3.000;2.780;12.4;50;-9.1;0;0;0;0;96;98;0;0;1726;73.97;0;0;0;0;0;0;0;0;0;0;0;0;0;0;0;0;33;0;35.0;35.0;2;0;0.00;0.00;0.00;0.0;0.0
55.962;66;1414;35;49490;4.0;15.900;1.082;43;43;9;0;100;99;100;131;100;130;100;47;47;0;1.947;1.947;0.000;0.000;14.700;1.000;9.2;0.0;0;33;3.000;2.969;12.4;-20;-9.1;0;0;0;0;96;98;0;0;1726;73.24;0;0;0;0;0;0;0;0;0;0;0;0;0;0;0;0;33;0;35.0;35.0;2;0;0.00;0.00;0.00;0.0;0.0
56.026;66;1403;35;49105;4.0;18.800;1.279;43;43;9;0;100;99;100;131;100;130;100;47;47;0;1.947;1.947;0.000;0.000;14.700;1.000;9.1;0.0;0;33;3.000;2.775;12.4;-20;-9.1;0;0;0;0;96;98;0;0;1726;73.81;0;0;0;0;0;0;0;0;0;0;0;0;0;0;0;0;33;0;35.0;35.0;2;0;0.00;0.00;0.00;0.0;0.0
56.093;66;1414;35;49490;4.0;19.500;1.327;43;43;9;0;100;99;100;131;100;130;100;47;47;0;1.935;1.935;0.000;0.000;14.700;1.000;9.1;0.0;0;33;3.000;2.778;12.5;-20;-9.1;0;0;0;0;96;98;0;0;1726;73.24;0;0;0;0;0;0;0;0;0;0;0;0;0;0;0;0;33;0;35.0;35.0;2;0;0.00;0.00;0.00;0.0;0.0
56.157;66;1419;34;48246;4.0;19.700;1.340;43;43;9;0;100;99;100;131;100;130;100;46;46;0;1.916;1.916;0.000;0.000;14.700;1.000;9.1;0.0;0;33;3.000;2.934;12.5;-10;-9.3;0;0;0;0;96;98;0;0;1726;72.98;0;0;0;0;0;0;0;0;0;0;0;0;0;0;0;0;33;0;34.0;34.0;2;0;0.00;0.00;0.00;0.0;0.0
56.157;66;1418;35;49630;4.0;19.700;1.340;43;43;9;0;100;99;100;131;100;130;100;47;47;0;1.935;1.935;0.000;0.000;14.700;1.000;9.1;0.0;0;33;3.000;2.926;12.5;170;-9.1;0;0;0;0;96;98;0;0;1726;73.03;0;0;0;0;0;0;0;0;0;0;0;0;0;0;0;0;33;0;35.0;35.0;2;0;0.00;0.00;0.00;0.0;0.0
56.292;66;1423;35;49805;4.0;19.700;1.340;43;43;9;0;100;99;100;131;100;130;100;47;47;0;1.935;1.935;0.000;0.000;14.700;1.000;9.2;0.0;0;33;3.000;3.026;12.5;170;-9.1;0;0;0;0;96;98;0;0;1726;72.78;0;0;0;0;0;0;0;0;0;0;0;0;0;0;0;0;33;0;35.0;35.0;2;0;0.00;0.00;0.00;0.0;0.0
56.357;66;1405;35;49175;4.0;19.700;1.340;43;44;9;0;100;99;100;130;100;129;100;47;47;0;1.932;1.932;0.000;0.000;14.700;1.000;9.0;0.0;0;33;3.000;2.772;12.5;0;-9.1;0;0;0;0;99;98;0;0;1726;73.71;0;0;0;0;0;0;0;0;0;0;0;0;0;0;0;0;33;0;35.0;35.0;2;0;0.00;0.00;0.00;0.0;0.0
56.423;66;1394;34;47396;4.0;19.700;1.340;43;44;9;0;100;99;100;130;100;129;100;46;46;0;1.914;1.914;0.000;0.000;14.700;1.000;8.9;0.0;0;33;3.000;2.776;12.5;-250;-9.3;0;0;0;0;99;98;0;0;1726;74.29;0;0;0;0;0;0;0;0;0;0;0;0;0;0;0;0;33;0;34.0;34.0;2;0;0.00;0.00;0.00;0.0;0.0
56.493;66;1371;35;47985;4.0;19.700;1.340;43;44;9;0;100;99;100;130;100;129;100;47;47;0;1.932;1.932;0.000;0.000;14.700;1.000;8.8;0.0;0;33;3.000;2.833;12.5;-250;-9.1;0;0;0;0;99;98;0;0;1726;75.54;0;0;0;0;0;0;0;0;0;0;0;0;0;0;0;0;33;0;35.0;35.0;2;0;0.00;0.00;0.00;0.0;0.0
56.559;66;1352;35;47320;4.0;19.700;1.340;43;44;9;0;100;99;100;130;100;129;100;46;46;0;1.924;1.924;0.000;0.000;14.700;1.000;8.7;0.0;0;32;3.000;2.864;12.5;-340;-9.1;0;0;0;0;99;98;0;0;1726;76.60;0;0;0;0;0;0;0;0;0;0;0;0;0;0;0;0;32;0;35.0;35.0;2;0;0.00;0.00;0.00;0.0;0.0
56.625;66;1305;36;46980;4.0;19.700;1.340;43;44;9;0;100;99;100;130;100;129;100;47;47;0;1.941;1.941;0.000;0.000;14.700;1.000;8.4;0.0;0;32;3.000;2.627;12.5;-550;-9.0;0;0;0;0;99;98;0;0;1726;79.36;0;0;0;0;0;0;0;0;0;0;0;0;0;0;0;0;32;0;36.0;36.0;2;0;0.00;0.00;0.00;0.0;0.0
56.694;66;1302;36;46872;4.0;19.700;1.340;43;44;9;0;100;99;100;130;100;129;100;47;47;0;1.941;1.941;0.000;0.000;14.700;1.000;8.4;0.0;0;32;3.000;2.811;12.5;-550;-9.0;0;0;0;0;99;98;0;0;1726;79.54;0;0;0;0;0;0;0;0;0;0;0;0;0;0;0;0;32;0;36.0;36.0;2;0;0.00;0.00;0.00;0.0;0.0
56.764;66;1274;37;47138;4.0;19.700;1.340;43;44;9;0;100;99;100;130;100;129;100;47;47;0;1.951;1.951;0.000;0.000;14.700;1.000;8.3;0.0;0;31;3.000;2.500;12.5;-120;-8.8;0;0;0;0;99;98;0;0;1726;81.29;0;0;0;0;0;0;0;0;0;0;0;0;0;0;0;0;31;0;37.0;37.0;2;0;0.00;0.00;0.00;0.0;0.0
56.829;67;1243;38;47234;4.0;19.700;1.340;43;44;9;0;100;99;100;130;100;129;100;48;48;0;1.981;1.981;0.000;0.000;14.700;1.000;8.2;0.0;0;31;3.000;2.524;12.5;-570;-8.7;0;0;0;0;99;98;0;0;1780;85.92;0;0;0;0;0;0;0;0;0;0;0;0;0;0;0;0;31;0;38.0;38.0;2;0;0.00;0.00;0.00;0.0;0.0
56.895;67;1242;38;47196;4.0;19.400;1.320;43;44;9;0;100;99;100;130;100;129;100;48;48;0;1.981;1.981;0.000;0.000;14.700;1.000;8.2;0.0;0;32;3.000;2.894;12.5;-570;-8.7;0;0;0;0;99;98;0;0;1780;85.99;0;0;0;0;0;0;0;0;0;0;0;0;0;0;0;0;32;0;38.0;38.0;2;0;0.00;0.00;0.00;0.0;0.0
56.962;67;1228;38;46664;4.0;16.700;1.136;43;44;9;0;100;99;100;130;100;129;100;48;48;0;1.981;1.981;0.000;0.000;14.700;1.000;8.1;0.0;0;31;3.000;2.696;12.5;30;-8.7;0;0;0;0;99;98;0;0;1780;86.97;0;0;0;0;0;0;0;0;0;0;0;0;0;0;0;0;31;0;38.0;38.0;2;0;0.00;0.00;0.00;0.0;0.0
57.027;67;1222;39;47658;4.0;14.200;0.966;43;44;9;0;100;99;100;130;100;129;100;48;48;0;1.991;1.991;0.000;0.000;14.700;1.000;8.1;0.0;0;31;3.000;3.097;12.5;30;-8.6;0;0;0;0;99;98;0;0;1780;87.40;0;0;0;0;0;0;0;0;0;0;0;0;0;0;0;0;31;0;39.0;39.0;2;0;0.00;0.00;0.00;0.0;0.0
57.096;67;1211;39;47229;4.0;12.700;0.864;43;44;9;0;100;99;100;130;100;129;100;49;49;0;2.008;2.008;0.000;0.000;14.700;1.000;8.1;0.0;0;31;3.000;2.873;12.5;-170;-8.6;0;0;0;0;99;98;0;0;1780;88.19;0;0;0;0;0;0;0;0;0;0;0;0;0;0;0;0;31;0;39.0;39.0;2;0;0.00;0.00;0.00;0.0;0.0
57.161;67;1220;39;47580;4.0;11.700;0.796;43;44;9;0;100;99;100;130;100;129;100;48;48;0;1.991;1.991;0.000;0.000;14.700;1.000;8.1;0.0;0;31;3.000;2.855;12.5;10;-8.6;0;0;0;0;99;98;0;0;1780;87.54;0;0;0;0;0;0;0;0;0;0;0;0;0;0;0;0;31;0;39.0;39.0;2;0;0.00;0.00;0.00;0.0;0.0
57.226;67;1204;39;46956;4.0;11.100;0.755;43;44;9;0;100;99;100;130;100;129;100;48;48;0;1.991;1.991;0.000;0.000;14.700;1.000;8.0;0.0;0;31;3.000;3.062;12.5;10;-8.6;0;0;0;0;99;98;0;0;1780;88.70;0;0;0;0;0;0;0;0;0;0;0;0;0;0;0;0;31;0;39.0;39.0;2;0;0.00;0.00;0.00;0.0;0.0
57.292;67;1195;39;46605;4.0;10.900;0.741;43;44;9;0;100;99;100;130;100;129;100;48;48;0;1.991;1.991;0.000;0.000;14.700;1.000;7.9;0.0;0;30;3.000;3.001;12.5;-190;-8.6;0;0;0;0;99;98;0;0;1780;89.37;0;0;0;0;0;0;0;0;0;0;0;0;0;0;0;0;30;0;39.0;39.0;2;0;0.00;0.00;0.00;0.0;0.0
57.292;67;1202;40;48080;3.5;10.900;0.741;43;44;9;0;100;99;100;130;100;129;100;49;49;0;2.018;2.018;0.000;0.000;14.700;1.000;8.1;0.0;0;30;3.000;2.887;12.5;10;-8.4;0;0;0;0;99;98;0;0;1780;88.85;0;0;0;0;0;0;0;0;0;0;0;0;0;0;0;0;30;0;40.0;40.0;2;0;0.00;0.00;0.00;0.0;0.0
57.428;67;1196;40;47840;3.5;11.000;0.748;43;44;9;0;100;99;100;130;100;129;100;49;49;0;2.018;2.018;0.000;0.000;14.700;1.000;8.0;0.0;0;30;3.000;2.961;12.5;10;-8.4;0;0;0;0;99;98;0;0;1780;89.30;0;0;0;0;0;0;0;0;0;0;0;0;0;0;0;0;30;0;40.0;40.0;2;0;0.00;0.00;0.00;0.0;0.0
57.492;67;1184;40;47360;3.5;11.500;0.782;43;44;9;0;100;99;100;130;100;129;100;49;49;0;2.018;2.018;0.000;0.000;14.700;1.000;8.0;0.0;0;30;3.000;2.854;12.5;-90;-8.4;0;0;0;0;99;98;0;0;1780;90.20;0;0;0;0;0;0;0;0;0;0;0;0;0;0;0;0;30;0;40.0;40.0;2;0;0.00;0.00;0.00;0.0;0.0
57.563;67;1187;40;47480;3.5;12.100;0.823;43;44;9;0;100;99;100;130;100;129;100;49;49;0;2.018;2.018;0.000;0.000;14.700;1.000;8.0;0.0;0;30;3.000;2.913;12.5;-150;-8.4;0;0;0;0;99;98;0;0;1780;89.97;0;0;0;0;0;0;0;0;0;0;0;0;0;0;0;0;30;0;40.0;40.0;2;0;0.00;0.00;0.00;0.0;0.0
57.628;67;1178;40;47120;3.5;13.300;0.905;43;44;9;0;100;99;100;130;100;129;100;49;49;0;2.006;2.006;0.000;0.000;14.700;1.000;7.9;0.0;0;30;3.000;2.908;12.6;-150;-8.4;0;0;0;0;99;98;0;0;1780;90.66;0;0;0;0;0;0;0;0;0;0;0;0;0;0;0;0;30;0;40.0;40.0;2;0;0.00;0.00;0.00;0.0;0.0
57.692;67;1162;40;46480;3.5;13.800;0.939;43;44;9;0;100;99;100;130;100;129;100;49;49;0;2.006;2.006;0.000;0.000;14.700;1.000;7.8;0.0;0;30;3.000;2.722;12.6;-30;-8.4;0;0;0;0;99;98;0;0;1780;91.91;0;0;0;0;0;0;0;0;0;0;0;0;0;0;0;0;30;0;40.0;40.0;2;0;0.00;0.00;0.00;0.0;0.0
57.758;67;1161;41;47601;3.5;16.800;1.143;43;44;9;0;100;99;100;130;100;129;100;49;49;0;2.017;2.017;0.000;0.000;14.700;1.000;7.8;0.0;0;30;3.000;2.918;12.6;-140;-8.3;0;0;0;0;99;98;0;0;1780;91.99;0;0;0;0;0;0;0;0;0;0;0;0;0;0;0;0;30;0;41.0;41.0;2;0;0.00;0.00;0.00;0.0;0.0
57.824;67;1135;41;46535;3.5;18.600;1.265;43;44;9;0;100;99;100;130;100;129;100;49;49;0;2.017;2.017;0.000;0.000;14.700;1.000;7.6;0.0;0;30;3.000;2.545;12.6;-140;-8.3;0;0;0;0;99;98;0;0;1780;94.10;0;0;0;0;0;0;0;0;0;0;0;0;0;0;0;0;30;0;41.0;41.0;2;0;0.00;0.00;0.00;0.0;0.0
57.890;68;1141;41;46781;3.5;19.500;1.327;43;44;9;0;100;99;100;130;100;129;100;49;49;0;2.017;2.017;0.000;0.000;14.700;1.000;7.7;0.0;0;30;3.000;3.062;12.6;-260;-8.3;0;0;0;0;99;98;0;0;1775;93.34;0;0;0;0;0;0;0;0;0;0;0;0;0;0;0;0;30;0;41.0;41.0;2;0;0.00;0.00;0.00;0.0;0.0
57.959;68;1150;41;47150;3.5;19.700;1.340;43;44;9;0;100;99;100;130;100;129;100;50;50;0;2.026;2.026;0.000;0.000;14.700;1.000;7.8;0.0;0;30;3.000;3.045;12.6;120;-8.3;0;0;0;0;99;98;0;0;1775;92.61;0;0;0;0;0;0;0;0;0;0;0;0;0;0;0;0;30;0;41.0;41.0;2;0;0.00;0.00;0.00;0.0;0.0
58.025;68;1120;41;45920;3.5;19.700;1.340;43;44;9;0;100;99;100;130;100;129;100;49;49;0;2.017;2.017;0.000;0.000;14.700;1.000;7.5;0.0;0;30;3.000;2.546;12.6;120;-8.3;0;0;0;0;99;98;0;0;1775;95.09;0;0;0;0;0;0;0;0;0;0;0;0;0;0;0;0;30;0;41.0;41.0;2;0;0.00;0.00;0.00;0.0;0.0
58.025;68;1134;41;46494;3.5;19.700;1.340;43;44;9;0;100;99;100;130;100;129;100;49;49;0;2.017;2.017;0.000;0.000;14.700;1.000;7.6;0.0;0;30;3.000;2.827;12.6;-170;-8.3;0;0;0;0;99;98;0;0;1775;93.92;0;0;0;0;0;0;0;0;0;0;0;0;0;0;0;0;30;0;41.0;41.0;2;0;0.00;0.00;0.00;0.0;0.0
58.162;68;1140;42;47880;3.5;19.700;1.340;43;44;9;0;100;99;100;130;100;129;100;50;50;0;2.047;2.047;0.000;0.000;14.700;1.000;7.8;0.0;0;30;3.000;3.138;12.6;70;-8.1;0;0;0;0;99;98;0;0;1775;93.42;0;0;0;0;0;0;0;0;0;0;0;0;0;0;0;0;30;0;42.0;42.0;2;0;0.00;0.00;0.00;0.0;0.0
58.227;68;1106;41;45346;3.5;19.700;1.340;43;44;9;0;100;99;100;130;100;129;100;49;49;0;2.017;2.017;0.000;0.000;14.700;1.000;7.4;0.0;0;30;3.000;2.750;12.6;70;-8.3;0;0;0;0;99;98;0;0;1775;96.29;0;0;0;0;0;0;0;0;0;0;0;0;0;0;0;0;30;0;41.0;41.0;2;0;0.00;0.00;0.00;0.0;0.0
58.293;68;1116;41;45756;1.0;19.700;1.340;43;44;41;0;100;99;100;130;100;129;100;49;49;0;2.017;2.017;0.000;0.000;14.700;1.000;7.5;0.0;-45;30;3.000;2.802;12.6;-340;-8.3;0;0;0;0;99;98;0;0;1775;95.43;0;0;0;0;0;0;0;0;0;0;0;0;0;0;0;0;30;0;41.0;41.0;2;0;0.00;0.00;0.00;0.0;0.0
58.361;68;1102;36;39672;0.5;19.700;1.340;43;44;41;0;100;99;100;130;100;129;100;46;46;0;1.922;1.922;0.000;0.000;14.700;1.000;7.1;0.0;0;30;3.000;2.765;12.6;-20;-9.0;0;0;0;0;99;98;0;0;1775;96.64;0;0;0;0;0;0;0;0;0;0;0;0;0;0;0;0;30;0;36.0;36.0;2;0;0.00;0.00;0.00;0.0;0.0
58.426;68;1081;34;36754;0.5;19.700;1.340;43;44;41;0;100;99;100;130;100;129;100;45;45;0;1.894;1.894;0.000;0.000;14.700;1.000;6.8;0.0;0;31;3.000;2.769;12.6;-20;-9.3;0;0;0;0;99;98;0;0;1775;98.52;0;0;0;0;0;0;0;0;0;0;0;0;0;0;0;0;31;0;34.0;34.0;2;0;0.00;0.00;0.00;0.0;0.0
58.492;68;1078;34;36652;0.5;19.700;1.340;43;44;41;0;100;99;100;130;100;129;100;45;45;0;1.894;1.894;0.000;0.000;14.700;1.000;6.8;0.0;0;31;3.000;2.973;12.6;-340;-9.3;0;0;0;0;99;98;0;0;1775;98.79;0;0;0;0;0;0;0;0;0;0;0;0;0;0;0;0;31;0;34.0;34.0;2;0;0.00;0.00;0.00;0.0;0.0
58.559;68;1037;34;35258;0.5;19.700;1.340;43;44;41;0;100;99;100;130;100;129;100;44;44;0;1.880;1.880;0.000;0.000;14.700;1.000;6.5;0.0;0;30;3.000;2.479;12.6;-140;-9.3;0;0;0;0;99;98;0;0;1775;102.70;0;0;0;0;0;0;0;0;0;0;0;0;0;0;0;0;30;0;34.0;34.0;2;0;0.00;0.00;0.00;0.0;0.0
58.630;68;1026;35;35910;0.5;19.700;1.340;43;44;9;0;100;99;100;130;100;129;100;44;44;0;1.889;1.889;0.000;0.000;14.700;1.000;6.5;0.0;0;30;3.000;2.535;12.6;-140;-9.1;0;0;0;0;99;98;0;0;1775;103.80;0;0;0;0;0;0;0;0;0;0;0;0;0;0;0;0;30;0;35.0;35.0;2;0;0.00;0.00;0.00;0.0;0.0
58.698;68;986;35;34510;0.5;19.700;1.340;43;44;9;0;100;99;100;130;100;129;100;44;44;0;1.889;1.889;0.000;0.000;14.700;1.000;6.2;0.0;0;29;3.000;2.107;12.6;-440;-9.1;0;0;0;0;99;98;0;0;1775;108.01;0;0;0;0;0;0;0;0;0;0;0;0;0;0;0;0;29;0;35.0;35.0;2;0;0.00;0.00;0.00;0.0;0.0
58.761;68;981;36;35316;0.5;19.700;1.340;43;44;9;0;100;99;100;130;100;129;100;44;44;0;1.898;1.898;0.000;0.000;14.700;1.000;6.2;0.0;0;29;3.000;2.800;12.6;-310;-9.0;0;0;0;0;99;98;0;0;1775;108.56;0;0;0;0;0;0;0;0;0;0;0;0;0;0;0;0;29;0;36.0;36.0;2;0;0.00;0.00;0.00;0.0;0.0
58.829;68;934;37;34558;0.5;19.700;1.340;43;44;9;0;100;99;100;130;100;129;100;45;45;0;1.924;1.924;0.000;0.000;14.700;1.000;6.0;0.0;0;28;3.000;1.869;12.6;-310;-8.8;0;0;0;0;99;98;0;0;1775;114.03;0;0;0;0;0;0;0;0;0;0;0;0;0;0;0;0;28;0;37.0;37.0;2;0;0.00;0.00;0.00;0.0;0.0
58.900;69;905;38;34390;0.5;19.700;1.340;43;44;9;0;100;99;100;130;100;129;100;45;45;0;1.955;1.955;0.000;0.000;14.700;1.000;5.9;0.0;0;28;3.000;2.331;12.5;-590;-8.7;0;0;0;0;99;98;0;0;1785;118.34;0;0;0;0;0;0;0;0;0;0;0;0;0;0;0;0;28;0;38.0;38.0;2;0;0.00;0.00;0.00;0.0;0.0
58.963;69;875;39;34125;0.5;19.700;1.340;43;44;9;0;100;99;100;130;100;129;100;46;46;0;1.974;1.974;0.000;0.000;14.700;1.000;5.8;0.0;0;27;3.000;2.335;12.5;-470;-8.6;0;0;0;0;99;98;0;0;1785;122.40;0;0;0;0;0;0;0;0;0;0;0;0;0;0;0;0;27;0;39.0;39.0;2;0;0.00;0.00;0.00;0.0;0.0
59.029;69;862;40;34480;0.5;19.700;1.340;43;44;9;0;100;99;100;130;100;129;100;46;46;0;1.983;1.983;0.000;0.000;14.700;1.000;5.7;0.0;0;26;3.000;2.222;12.5;-470;-8.4;0;0;0;0;99;98;0;0;1785;124.25;0;0;0;0;0;0;0;0;0;0;0;0;0;0;0;0;26;0;40.0;40.0;2;0;0.00;0.00;0.00;0.0;0.0
59.096;69;824;41;33784;0.5;19.700;1.340;43;44;9;0;100;99;100;130;100;129;100;46;46;0;1.994;1.994;0.000;0.000;14.700;1.000;5.5;0.0;0;25;3.000;2.118;12.5;-350;-8.3;0;0;0;0;99;98;0;0;1785;129.98;0;0;0;0;0;0;0;0;0;0;0;0;0;0;0;0;25;0;41.0;41.0;2;0;0.00;0.00;0.00;0.0;0.0
59.164;69;817;42;34314;0.5;19.100;1.299;43;44;9;0;100;99;100;130;100;129;100;47;47;0;2.022;2.022;0.000;0.000;14.700;1.000;5.5;0.0;0;25;3.000;2.479;12.5;-230;-8.1;0;0;0;0;99;98;0;0;1785;131.09;0;0;0;0;0;0;0;0;0;0;0;0;0;0;0;0;25;0;42.0;42.0;2;0;0.00;0.00;0.00;0.0;0.0
59.230;69;771;43;33153;0.5;18.800;1.279;43;44;9;0;100;99;100;130;100;129;100;46;46;0;2.023;2.023;0.000;0.000;14.700;1.000;5.2;0.0;0;24;3.000;1.978;12.5;-230;-8.0;0;0;0;0;99;98;0;0;1785;138.91;0;0;0;0;0;0;0;0;0;0;0;0;0;0;0;0;24;0;43.0;43.0;2;0;0.00;0.00;0.00;0.0;0.0
59.300;69;780;44;34320;0.5;19.600;1.333;43;44;9;0;100;99;100;130;100;129;100;47;47;0;2.043;2.043;0.000;0.000;14.700;1.000;5.3;0.0;0;24;3.000;2.994;12.5;-370;-7.8;0;0;0;0;99;98;0;0;1785;137.31;0;0;0;0;0;0;0;0;0;0;0;0;0;0;0;0;24;0;44.0;44.0;2;0;0.00;0.00;0.00;0.0;0.0
59.367;69;767;45;34515;0.5;18.300;1.245;43;44;9;0;100;99;100;130;100;129;100;47;47;0;2.063;2.063;0.000;0.000;14.700;1.000;5.3;0.0;0;24;3.000;2.335;12.5;-370;-7.7;0;0;0;0;99;98;0;0;1785;139.63;0;0;0;0;0;0;0;0;0;0;0;0;0;0;0;0;24;0;45.0;45.0;2;0;0.00;0.00;0.00;0.0;0.0
59.431;69;718;47;33746;0.5;19.100;1.299;43;44;9;0;100;99;100;130;100;129;100;48;48;0;2.082;2.082;0.000;0.000;14.600;0.993;5.0;0.0;0;23;3.000;1.283;12.6;-130;-7.4;0;0;0;0;99;98;0;0;1785;149.16;0;0;0;0;0;0;0;0;0;0;0;0;0;0;0;0;23;0;47.0;47.0;2;0;0.00;0.00;0.00;0.0;0.0
59.431;69;2315;47;108805;0.5;19.600;1.333;43;44;9;0;100;99;100;130;100;129;100;56;56;0;2.193;2.193;0.000;0.000;14.700;1.000;16.9;0.0;0;35;3.000;3.005;12.6;-570;-7.4;0;0;0;0;99;98;0;0;1785;46.26;0;0;0;0;0;0;0;0;0;0;0;0;0;0;0;0;35;0;47.0;47.0;2;0;0.00;0.00;0.00;0.0;0.0
59.566;69;750;47;35250;0.5;19.700;1.340;43;44;9;0;100;99;100;130;100;129;100;48;48;0;2.082;2.082;0.000;0.000;14.600;0.993;5.2;0.0;0;24;3.000;3.015;12.6;-570;-7.4;0;0;0;0;99;98;0;0;1785;142.80;0;0;0;0;0;0;0;0;0;0;0;0;0;0;0;0;24;0;47.0;47.0;2;0;0.00;0.00;0.00;0.0;0.0
59.631;69;750;51;38250;0.5;19.700;1.340;43;44;9;0;100;99;100;130;100;129;100;52;52;0;3.772;3.772;0.000;0.000;14.300;0.973;9.4;0.0;0;24;3.180;3.015;6.7;400;-6.8;0;0;0;0;99;98;0;0;1785;142.80;0;0;0;0;0;0;0;0;0;0;0;0;0;0;0;0;24;0;51.0;51.0;2;0;0.00;0.00;0.00;0.0;0.0
59.697;69;750;51;38250;0.5;19.700;1.340;43;44;9;0;100;99;100;130;100;129;100;52;52;0;3.772;3.772;0.000;0.000;14.300;0.973;9.4;0.0;0;24;3.180;3.015;6.7;15650;-6.8;0;0;0;0;99;98;0;0;1785;142.80;0;0;0;0;0;0;0;0;0;0;0;0;0;0;0;0;24;0;51.0;51.0;2;0;0.00;0.00;0.00;0.0;0.0
59.762;69;750;51;38250;0.5;19.700;1.340;43;44;9;0;100;99;100;130;100;129;100;52;52;0;3.772;3.772;0.000;0.000;14.300;0.973;9.4;0.0;0;24;3.180;3.015;6.7;15650;-6.8;0;0;0;0;99;98;0;0;1785;142.80;0;0;0;0;0;0;0;0;0;0;0;0;0;0;0;0;24;0;51.0;51.0;2;0;0.00;0.00;0.00;0.0;0.0
59.828;69;750;51;38250;0.5;19.700;1.340;43;44;9;0;100;99;100;130;100;129;100;52;52;0;3.772;3.772;0.000;0.000;14.300;0.973;9.4;0.0;0;24;3.180;3.015;6.7;-15650;-6.8;0;0;0;0;99;98;0;0;1785;142.80;0;0;0;0;0;0;0;0;0;0;0;0;0;0;0;0;24;0;51.0;51.0;2;0;0.00;0.00;0.00;0.0;0.0
59.898;70;0;79;0;0.5;19.500;1.327;43;44;0;0;100;99;100;130;100;129;100;71;71;0;0.000;3.772;0.000;0.000;14.300;0.973;0.0;0.0;0;18;3.180;3.015;3.5;0;-0.7;0;0;0;0;0;84;0;0;1624;0.00;0;0;0;0;0;0;0;0;0;0;0;0;0;0;0;0;18;0;79.0;79.0;0;0;0.00;0.00;0.00;0.0;0.0
59.963;70;0;84;0;0.5;19.600;1.333;43;44;0;0;100;99;100;130;100;129;100;75;75;0;0.000;3.772;0.000;0.000;14.300;0.973;0.0;0.0;0;18;3.180;3.015;3.5;0;0.0;0;0;0;0;78;84;0;0;1624;0.00;0;0;0;0;0;0;0;0;0;0;0;0;0;0;0;0;18;0;84.0;84.0;0;0;0.00;0.00;0.00;0.0;0.0
60.029;70;0;100;0;0.0;19.700;1.340;43;44;0;0;100;99;100;130;100;129;100;89;89;0;0.000;3.772;0.000;0.000;14.300;0.973;0.0;0.0;0;14;3.180;3.015;3.5;0;2.3;0;0;0;0;78;84;0;0;1624;0.00;0;0;0;0;0;0;0;0;0;0;0;0;0;0;0;0;14;0;100.0;100.0;0;0;0.00;0.00;0.00;0.0;0.0
60.094;70;0;107;0;0.0;19.700;1.340;43;44;0;0;100;99;100;130;100;129;100;89;89;0;0.000;3.772;0.000;0.000;14.300;0.973;0.0;0.0;0;14;3.180;3.015;3.5;0;3.3;0;0;0;0;78;84;0;0;1624;0.00;0;0;0;0;0;0;0;0;0;0;0;0;0;0;0;0;14;0;107.0;107.0;0;0;0.00;0.00;0.00;0.0;0.0
60.161;70;0;98;0;0.0;19.700;1.340;43;44;0;0;100;99;100;130;100;129;100;88;88;0;0.000;3.772;0.000;0.000;14.300;0.973;0.0;0.0;0;15;3.180;3.015;1.8;0;2.0;0;0;0;0;78;84;0;0;1624;0.00;0;0;0;0;0;0;0;0;0;0;0;0;0;0;0;0;15;0;98.0;98.0;0;0;0.00;0.00;0.00;0.0;0.0
60.229;70;0;93;0;0.0;19.700;1.340;43;44;0;0;100;99;100;130;100;129;100;84;84;0;0.000;3.772;0.000;0.000;14.300;0.973;0.0;0.0;0;16;3.180;3.015;1.8;0;1.3;0;0;0;0;78;84;0;0;1624;0.00;0;0;0;0;0;0;0;0;0;0;0;0;0;0;0;0;16;0;93.0;93.0;0;0;0.00;0.00;0.00;0.0;0.0
60.295;70;0;95;0;0.0;19.700;1.340;43;44;0;0;100;99;100;130;100;129;100;85;85;0;0.000;3.772;0.000;0.000;14.300;0.973;0.0;0.0;0;16;3.180;3.015;1.8;0;1.6;0;0;0;0;78;84;0;0;1624;0.00;0;0;0;0;0;0;0;0;0;0;0;0;0;0;0;0;16;0;95.0;95.0;0;0;0.00;0.00;0.00;0.0;0.0
60.362;70;0;99;0;0.0;19.700;1.340;43;44;0;0;100;99;100;130;100;129;100;88;88;0;0.000;3.772;0.000;0.000;14.300;0.973;0.0;0.0;0;14;3.180;3.015;1.8;0;2.2;0;0;0;0;78;84;0;0;1624;0.00;0;0;0;0;0;0;0;0;0;0;0;0;0;0;0;0;14;0;99.0;99.0;0;0;0.00;0.00;0.00;0.0;0.0
60.427;70;0;100;0;0.0;19.700;1.340;43;44;0;0;100;99;100;130;100;129;100;89;89;0;0.000;3.772;0.000;0.000;14.300;0.973;0.0;0.0;0;14;3.180;3.015;0.9;0;2.3;0;0;0;0;78;84;0;0;1624;0.00;0;0;0;0;0;0;0;0;0;0;0;0;0;0;0;0;14;0;100.0;100.0;0;0;0.00;0.00;0.00;0.0;0.0
60.499;70;0;98;0;0.0;19.700;1.340;43;44;0;0;100;99;100;130;100;129;100;88;88;0;0.000;3.772;0.000;0.000;14.300;0.973;0.0;0.0;0;15;3.180;3.015;0.9;0;2.0;0;0;0;0;78;84;0;0;1624;0.00;0;0;0;0;0;0;0;0;0;0;0;0;0;0;0;0;15;0;98.0;98.0;0;0;0.00;0.00;0.00;0.0;0.0
60.560;70;0;98;0;0.0;19.700;1.340;43;44;0;0;100;99;100;130;100;129;100;88;88;0;0.000;3.772;0.000;0.000;14.300;0.973;0.0;0.0;0;15;3.180;3.015;0.9;0;2.0;0;0;0;0;78;84;0;0;1624;0.00;0;0;0;0;0;0;0;0;0;0;0;0;0;0;0;0;15;0;98.0;98.0;0;0;0.00;0.00;0.00;0.0;0.0
60.626;70;0;98;0;0.0;19.700;1.340;43;44;0;0;100;99;100;130;100;129;100;88;88;0;0.000;3.772;0.000;0.000;14.300;0.973;0.0;0.0;0;15;3.180;3.015;0.9;0;2.0;0;0;0;0;78;84;0;0;1624;0.00;0;0;0;0;0;0;0;0;0;0;0;0;0;0;0;0;15;0;98.0;98.0;0;0;0.00;0.00;0.00;0.0;0.0
60.695;70;0;98;0;0.0;19.700;1.340;43;44;0;0;100;99;100;130;100;129;100;88;88;0;0.000;3.772;0.000;0.000;14.300;0.973;0.0;0.0;0;15;3.180;3.015;0.4;0;2.0;0;0;0;0;78;84;0;0;1624;0.00;0;0;0;0;0;0;0;0;0;0;0;0;0;0;0;0;15;0;98.0;98.0;0;0;0.00;0.00;0.00;0.0;0.0
60.762;70;0;98;0;0.0;19.700;1.340;43;44;0;0;100;99;100;130;100;129;100;88;88;0;0.000;3.772;0.000;0.000;14.300;0.973;0.0;0.0;0;15;3.180;3.015;0.4;0;2.0;0;0;0;0;78;84;0;0;1624;0.00;0;0;0;0;0;0;0;0;0;0;0;0;0;0;0;0;15;0;98.0;98.0;0;0;0.00;0.00;0.00;0.0;0.0
60.826;70;0;98;0;0.0;19.700;1.340;43;44;0;0;100;99;100;130;100;129;100;88;88;0;0.000;3.772;0.000;0.000;14.300;0.973;0.0;0.0;0;15;3.180;3.015;0.4;0;2.0;0;0;0;0;78;84;0;0;1624;0.00;0;0;0;0;0;0;0;0;0;0;0;0;0;0;0;0;15;0;98.0;98.0;0;0;0.00;0.00;0.00;0.0;0.0
60.892;71;0;98;0;0.0;19.700;1.340;43;44;0;0;100;99;100;130;100;129;100;88;88;0;0.000;3.772;0.000;0.000;14.300;0.973;0.0;0.0;0;15;3.180;3.015;0.2;0;0.0;0;0;0;0;78;98;0;0;4120;0.00;0;0;0;0;0;0;0;0;0;0;0;0;0;0;0;0;15;0;98.0;98.0;0;0;0.00;0.00;0.00;0.0;0.0
60.958;71;0;98;0;0.0;19.700;1.340;43;44;0;0;100;99;100;130;100;129;100;88;88;0;0.000;3.772;0.000;0.000;14.300;0.973;0.0;0.0;0;15;3.180;3.015;0.2;0;0.0;0;0;0;0;78;98;0;0;4120;0.00;0;0;0;0;0;0;0;0;0;0;0;0;0;0;0;0;15;0;98.0;98.0;0;0;0.00;0.00;0.00;0.0;0.0
61.028;71;0;98;0;0.0;19.700;1.340;43;44;0;0;100;99;100;130;100;129;100;88;88;0;0.000;3.772;0.000;0.000;14.300;0.973;0.0;0.0;0;15;3.180;3.015;0.2;0;0.0;0;0;0;0;78;98;0;0;4120;0.00;0;0;0;0;0;0;0;0;0;0;0;0;0;0;0;0;15;0;98.0;98.0;0;0;0.00;0.00;0.00;0.0;0.0
61.093;71;0;98;0;0.0;19.700;1.340;43;44;0;0;100;99;100;130;100;129;100;88;88;0;0.000;3.772;0.000;0.000;14.300;0.973;0.0;0.0;0;15;3.180;3.015;0.2;0;0.0;0;0;0;0;78;98;0;0;4120;0.00;0;0;0;0;0;0;0;0;0;0;0;0;0;0;0;0;15;0;98.0;98.0;0;0;0.00;0.00;0.00;0.0;0.0
61.158;71;0;98;0;0.0;19.700;1.340;43;44;0;0;100;99;100;130;100;129;100;88;88;0;0.000;3.772;0.000;0.000;14.300;0.973;0.0;0.0;0;15;3.180;3.015;0.1;0;0.0;0;0;0;0;78;98;0;0;4120;0.00;0;0;0;0;0;0;0;0;0;0;0;0;0;0;0;0;15;0;98.0;98.0;0;0;0.00;0.00;0.00;0.0;0.0
61.224;71;0;98;0;0.0;19.700;1.340;43;44;0;0;100;99;100;130;100;129;100;88;88;0;0.000;3.772;0.000;0.000;14.300;0.973;0.0;0.0;0;15;3.180;3.015;0.1;0;0.0;0;0;0;0;78;98;0;0;4120;0.00;0;0;0;0;0;0;0;0;0;0;0;0;0;0;0;0;15;0;98.0;98.0;0;0;0.00;0.00;0.00;0.0;0.0
61.293;71;0;98;0;0.0;19.700;1.340;43;44;0;0;100;99;100;130;100;129;100;88;88;0;0.000;3.772;0.000;0.000;14.300;0.973;0.0;0.0;0;15;3.180;3.015;0.1;0;0.0;0;0;0;0;78;98;0;0;4120;0.00;0;0;0;0;0;0;0;0;0;0;0;0;0;0;0;0;15;0;98.0;98.0;0;0;0.00;0.00;0.00;0.0;0.0
61.358;71;0;98;0;0.0;19.700;1.340;43;44;0;0;100;99;100;130;100;129;100;88;88;0;0.000;3.772;0.000;0.000;14.300;0.973;0.0;0.0;0;15;3.180;3.015;0.1;0;0.0;0;0;0;0;78;98;0;0;4120;0.00;0;0;0;0;0;0;0;0;0;0;0;0;0;0;0;0;15;0;98.0;98.0;0;0;0.00;0.00;0.00;0.0;0.0
61.424;71;0;98;0;0.0;19.700;1.340;43;44;0;0;100;99;100;130;100;129;100;88;88;0;0.000;3.772;0.000;0.000;14.300;0.973;0.0;0.0;0;15;3.180;3.015;0.0;0;0.0;0;0;0;0;78;98;0;0;4120;0.00;0;0;0;0;0;0;0;0;0;0;0;0;0;0;0;0;15;0;98.0;98.0;0;0;0.00;0.00;0.00;0.0;0.0
61.493;71;0;98;0;0.0;19.700;1.340;43;44;0;0;100;99;100;130;100;129;100;88;88;0;0.000;3.772;0.000;0.000;14.300;0.973;0.0;0.0;0;15;3.180;3.015;0.0;0;0.0;0;0;0;0;78;98;0;0;4120;0.00;0;0;0;0;0;0;0;0;0;0;0;0;0;0;0;0;15;0;98.0;98.0;0;0;0.00;0.00;0.00;0.0;0.0
61.560;71;0;98;0;0.0;19.700;1.340;43;44;0;0;100;99;100;130;100;129;100;88;88;0;0.000;3.772;0.000;0.000;14.300;0.973;0.0;0.0;0;15;3.180;3.015;0.0;0;0.0;0;0;0;0;78;98;0;0;4120;0.00;0;0;0;0;0;0;0;0;0;0;0;0;0;0;0;0;15;0;98.0;98.0;0;0;0.00;0.00;0.00;0.0;0.0
61.626;71;0;98;0;0.0;19.700;1.340;43;44;0;0;100;99;100;130;100;129;100;88;88;0;0.000;3.772;0.000;0.000;14.300;0.973;0.0;0.0;0;15;3.180;3.015;0.0;0;0.0;0;0;0;0;78;98;0;0;4120;0.00;0;0;0;0;0;0;0;0;0;0;0;0;0;0;0;0;15;0;98.0;98.0;0;0;0.00;0.00;0.00;0.0;0.0
61.695;71;0;98;0;0.0;19.700;1.340;43;44;0;0;100;99;100;130;100;129;100;88;88;0;0.000;3.772;0.000;0.000;14.300;0.973;0.0;0.0;0;15;3.180;3.015;0.0;0;0.0;0;0;0;0;78;98;0;0;4120;0.00;0;0;0;0;0;0;0;0;0;0;0;0;0;0;0;0;15;0;98.0;98.0;0;0;0.00;0.00;0.00;0.0;0.0
61.760;71;0;98;0;0.0;19.700;1.340;43;44;0;0;100;99;100;130;100;129;100;88;88;0;0.000;3.772;0.000;0.000;14.300;0.973;0.0;0.0;0;15;3.180;3.015;0.0;0;0.0;0;0;0;0;78;98;0;0;4120;0.00;0;0;0;0;0;0;0;0;0;0;0;0;0;0;0;0;15;0;98.0;98.0;0;0;0.00;0.00;0.00;0.0;0.0
61.825;71;0;98;0;0.0;19.700;1.340;43;44;0;0;100;99;100;130;100;129;100;88;88;0;0.000;3.772;0.000;0.000;14.300;0.973;0.0;0.0;0;15;3.180;3.015;0.0;0;0.0;0;0;0;0;78;98;0;0;4120;0.00;0;0;0;0;0;0;0;0;0;0;0;0;0;0;0;0;15;0;98.0;98.0;0;0;0.00;0.00;0.00;0.0;0.0
61.891;71;0;98;0;0.0;19.700;1.340;43;44;0;0;100;99;100;130;100;129;100;88;88;0;0.000;3.772;0.000;0.000;14.300;0.973;0.0;0.0;0;15;3.180;3.015;0.0;0;0.0;0;0;0;0;78;98;0;0;4120;0.00;0;0;0;0;0;0;0;0;0;0;0;0;0;0;0;0;15;0;98.0;98.0;0;0;0.00;0.00;0.00;0.0;0.0
61.957;72;0;98;0;0.0;19.700;1.340;43;44;0;0;100;99;100;130;100;129;100;88;88;0;0.000;3.772;0.000;0.000;14.300;0.973;0.0;0.0;0;15;3.180;3.015;0.0;0;0.0;0;0;0;0;78;98;0;0;4106;0.00;0;0;0;0;0;0;0;0;0;0;0;0;0;0;0;0;15;0;98.0;98.0;0;0;0.00;0.00;0.00;0.0;0.0
62.026;72;0;98;0;0.0;19.700;1.340;43;44;0;0;100;99;100;130;100;129;100;88;88;0;0.000;3.772;0.000;0.000;14.300;0.973;0.0;0.0;0;15;3.180;3.015;0.0;0;0.0;0;0;0;0;78;98;0;0;4106;0.00;0;0;0;0;0;0;0;0;0;0;0;0;0;0;0;0;15;0;98.0;98.0;0;0;0.00;0.00;0.00;0.0;0.0
62.093;72;0;98;0;0.0;19.700;1.340;43;44;0;0;100;99;100;130;100;129;100;88;88;0;0.000;3.772;0.000;0.000;14.300;0.973;0.0;0.0;0;15;3.180;3.015;0.0;0;0.0;0;0;0;0;78;98;0;0;4106;0.00;0;0;0;0;0;0;0;0;0;0;0;0;0;0;0;0;15;0;98.0;98.0;0;0;0.00;0.00;0.00;0.0;0.0
62.157;72;0;98;0;0.0;19.700;1.340;43;44;0;0;100;99;100;130;100;129;100;88;88;0;0.000;3.772;0.000;0.000;14.300;0.973;0.0;0.0;0;15;3.180;3.015;0.0;0;0.0;0;0;0;0;78;98;0;0;4106;0.00;0;0;0;0;0;0;0;0;0;0;0;0;0;0;0;0;15;0;98.0;98.0;0;0;0.00;0.00;0.00;0.0;0.0
62.227;72;0;98;0;0.0;19.700;1.340;43;44;0;0;100;99;100;130;100;129;100;88;88;0;0.000;3.772;0.000;0.000;14.300;0.973;0.0;0.0;0;15;3.180;3.015;0.0;0;0.0;0;0;0;0;78;98;0;0;4106;0.00;0;0;0;0;0;0;0;0;0;0;0;0;0;0;0;0;15;0;98.0;98.0;0;0;0.00;0.00;0.00;0.0;0.0
62.293;72;0;98;0;0.0;19.700;1.340;43;44;0;0;100;99;100;130;100;129;100;88;88;0;0.000;3.772;0.000;0.000;14.300;0.973;0.0;0.0;0;15;3.180;3.015;0.0;0;0.0;0;0;0;0;78;98;0;0;4106;0.00;0;0;0;0;0;0;0;0;0;0;0;0;0;0;0;0;15;0;98.0;98.0;0;0;0.00;0.00;0.00;0.0;0.0
62.358;72;0;98;0;0.0;19.700;1.340;43;44;0;0;100;99;100;130;100;129;100;88;88;0;0.000;3.772;0.000;0.000;14.300;0.973;0.0;0.0;0;15;3.180;3.015;0.0;0;0.0;0;0;0;0;78;98;0;0;4106;0.00;0;0;0;0;0;0;0;0;0;0;0;0;0;0;0;0;15;0;98.0;98.0;0;0;0.00;0.00;0.00;0.0;0.0
62.429;72;0;98;0;0.0;19.700;1.340;43;44;0;0;100;99;100;130;100;129;100;88;88;0;0.000;3.772;0.000;0.000;14.300;0.973;0.0;0.0;0;15;3.180;3.015;0.0;0;0.0;0;0;0;0;78;98;0;0;4106;0.00;0;0;0;0;0;0;0;0;0;0;0;0;0;0;0;0;15;0;98.0;98.0;0;0;0.00;0.00;0.00;0.0;0.0
62.494;72;0;98;0;0.0;19.700;1.340;43;44;0;0;100;99;100;130;100;129;100;88;88;0;0.000;3.772;0.000;0.000;14.300;0.973;0.0;0.0;0;15;3.180;3.015;0.0;0;0.0;0;0;0;0;78;98;0;0;4106;0.00;0;0;0;0;0;0;0;0;0;0;0;0;0;0;0;0;15;0;98.0;98.0;0;0;0.00;0.00;0.00;0.0;0.0
62.560;72;0;98;0;0.0;19.700;1.340;43;44;0;0;100;99;100;130;100;129;100;88;88;0;0.000;3.772;0.000;0.000;14.300;0.973;0.0;0.0;0;15;3.180;3.015;0.0;0;0.0;0;0;0;0;78;98;0;0;4106;0.00;0;0;0;0;0;0;0;0;0;0;0;0;0;0;0;0;15;0;98.0;98.0;0;0;0.00;0.00;0.00;0.0;0.0
62.626;72;0;98;0;0.0;19.700;1.340;43;44;0;0;100;99;100;130;100;129;100;88;88;0;0.000;3.772;0.000;0.000;14.300;0.973;0.0;0.0;0;15;3.180;3.015;0.0;0;0.0;0;0;0;0;78;98;0;0;4106;0.00;0;0;0;0;0;0;0;0;0;0;0;0;0;0;0;0;15;0;98.0;98.0;0;0;0.00;0.00;0.00;0.0;0.0
62.693;72;0;98;0;0.0;19.700;1.340;43;44;0;0;100;99;100;130;100;129;100;88;88;0;0.000;3.772;0.000;0.000;14.300;0.973;0.0;0.0;0;15;3.180;3.015;0.0;0;0.0;0;0;0;0;78;98;0;0;4106;0.00;0;0;0;0;0;0;0;0;0;0;0;0;0;0;0;0;15;0;98.0;98.0;0;0;0.00;0.00;0.00;0.0;0.0
62.693;72;0;98;0;0.0;19.700;1.340;43;44;0;0;100;99;100;130;100;129;100;88;88;0;0.000;3.772;0.000;0.000;14.300;0.973;0.0;0.0;0;15;3.180;3.015;0.0;0;0.0;0;0;0;0;78;98;0;0;4106;0.00;0;0;0;0;0;0;0;0;0;0;0;0;0;0;0;0;15;0;98.0;98.0;0;0;0.00;0.00;0.00;0.0;0.0
62.830;72;0;98;0;0.0;19.700;1.340;43;44;0;0;100;99;100;130;100;129;100;88;88;0;0.000;3.772;0.000;0.000;14.300;0.973;0.0;0.0;0;15;3.180;3.015;0.0;0;0.0;0;0;0;0;78;98;0;0;4106;0.00;0;0;0;0;0;0;0;0;0;0;0;0;0;0;0;0;15;0;98.0;98.0;0;0;0.00;0.00;0.00;0.0;0.0
62.896;72;0;98;0;0.0;19.700;1.340;43;44;0;0;100;99;100;130;100;129;100;88;88;0;0.000;3.772;0.000;0.000;14.300;0.973;0.0;0.0;0;15;3.180;3.015;0.0;0;0.0;0;0;0;0;78;98;0;0;4106;0.00;0;0;0;0;0;0;0;0;0;0;0;0;0;0;0;0;15;0;98.0;98.0;0;0;0.00;0.00;0.00;0.0;0.0
62.962;73;0;98;0;0.0;19.700;1.340;43;44;0;0;100;99;100;130;100;129;100;88;88;0;0.000;3.772;0.000;0.000;14.300;0.973;0.0;0.0;0;15;3.180;3.015;0.0;0;0.0;0;0;0;0;78;98;0;0;4121;0.00;0;0;0;0;0;0;0;0;0;0;0;0;0;0;0;0;15;0;98.0;98.0;0;0;0.00;0.00;0.00;0.0;0.0
63.030;73;0;98;0;0.0;19.700;1.340;43;44;0;0;100;99;100;130;100;129;100;88;88;0;0.000;3.772;0.000;0.000;14.300;0.973;0.0;0.0;0;15;3.180;3.015;0.0;0;0.0;0;0;0;0;78;98;0;0;4121;0.00;0;0;0;0;0;0;0;0;0;0;0;0;0;0;0;0;15;0;98.0;98.0;0;0;0.00;0.00;0.00;0.0;0.0
63.097;73;0;98;0;0.0;19.700;1.340;43;44;0;0;100;99;100;130;100;129;100;88;88;0;0.000;3.772;0.000;0.000;14.300;0.973;0.0;0.0;0;15;3.180;3.015;0.0;0;0.0;0;0;0;0;78;98;0;0;4121;0.00;0;0;0;0;0;0;0;0;0;0;0;0;0;0;0;0;15;0;98.0;98.0;0;0;0.00;0.00;0.00;0.0;0.0
63.163;73;0;98;0;0.0;19.700;1.340;43;44;0;0;100;99;100;130;100;129;100;88;88;0;0.000;3.772;0.000;0.000;14.300;0.973;0.0;0.0;0;15;3.180;3.015;0.0;0;0.0;0;0;0;0;78;98;0;0;4121;0.00;0;0;0;0;0;0;0;0;0;0;0;0;0;0;0;0;15;0;98.0;98.0;0;0;0.00;0.00;0.00;0.0;0.0
63.229;73;0;98;0;0.0;19.700;1.340;43;45;0;0;100;99;100;130;100;129;100;88;88;0;0.000;3.772;0.000;0.000;14.300;0.973;0.0;0.0;0;15;3.180;3.015;0.0;0;0.0;0;0;0;0;78;98;0;0;4121;0.00;0;0;0;0;0;0;0;0;0;0;0;0;0;0;0;0;15;0;98.0;98.0;0;0;0.00;0.00;0.00;0.0;0.0
63.296;73;0;98;0;0.0;19.700;1.340;43;45;0;0;100;99;100;130;100;129;100;88;88;0;0.000;3.772;0.000;0.000;14.300;0.973;0.0;0.0;0;15;3.180;3.015;0.0;0;0.0;0;0;0;0;78;98;0;0;4121;0.00;0;0;0;0;0;0;0;0;0;0;0;0;0;0;0;0;15;0;98.0;98.0;0;0;0.00;0.00;0.00;0.0;0.0
63.364;73;0;98;0;0.0;16.700;1.136;43;45;0;0;100;99;100;130;100;129;100;88;88;0;0.000;3.772;0.000;0.000;14.300;0.973;0.0;0.0;0;15;3.180;3.015;0.0;0;0.0;0;0;0;0;78;98;0;0;4121;0.00;0;0;0;0;0;0;0;0;0;0;0;0;0;0;0;0;15;0;98.0;98.0;0;0;0.00;0.00;0.00;0.0;0.0
63.430;73;0;98;0;0.0;13.500;0.918;43;45;0;0;100;99;100;130;100;129;100;88;88;0;0.000;3.772;0.000;0.000;14.300;0.973;0.0;0.0;0;15;3.180;3.015;0.0;0;0.0;0;0;0;0;78;98;0;0;4121;0.00;0;0;0;0;0;0;0;0;0;0;0;0;0;0;0;0;15;0;98.0;98.0;0;0;0.00;0.00;0.00;0.0;0.0
63.493;73;0;98;0;0.0;12.100;0.823;43;45;0;0;100;99;100;130;100;129;100;88;88;0;0.000;3.772;0.000;0.000;14.300;0.973;0.0;0.0;0;15;3.180;3.015;5.3;0;0.0;0;0;0;0;0;98;0;0;4121;0.00;0;0;0;0;0;0;0;0;0;0;0;0;0;0;0;0;15;0;98.0;98.0;0;0;0.00;0.00;0.00;0.0;0.0
63.560;73;0;98;0;0.0;11.700;0.796;43;45;0;0;100;99;100;130;100;129;100;88;88;0;0.000;3.772;0.000;0.000;14.300;0.973;0.0;0.0;0;15;3.180;3.015;5.3;0;0.0;0;0;0;0;0;98;0;0;4121;0.00;0;0;0;0;0;0;0;0;0;0;0;0;0;0;0;0;15;0;98.0;98.0;0;0;0.00;0.00;0.00;0.0;0.0
63.629;73;0;98;0;0.0;11.700;0.796;43;45;0;0;100;99;100;130;100;129;100;88;88;0;0.000;3.772;0.000;0.000;14.300;0.973;0.0;0.0;0;15;3.180;3.015;5.3;0;0.0;0;0;0;0;0;98;0;0;4121;0.00;0;0;0;0;0;0;0;0;0;0;0;0;0;0;0;0;15;0;98.0;98.0;0;0;0.00;0.00;0.00;0.0;0.0
63.694;73;0;98;0;0.0;12.000;0.816;43;45;0;0;100;99;100;130;100;129;100;88;88;0;0.000;3.772;0.000;0.000;14.300;0.973;0.0;0.0;0;15;3.180;3.015;8.0;0;0.0;0;0;0;0;0;98;0;0;4121;0.00;0;0;0;0;0;0;0;0;0;0;0;0;0;0;0;0;15;0;98.0;98.0;0;0;0.00;0.00;0.00;0.0;0.0
63.761;73;0;98;0;0.0;12.500;0.850;43;45;0;0;100;99;100;130;100;129;100;88;88;0;0.000;3.772;0.000;0.000;14.300;0.973;0.0;0.0;0;15;3.180;3.015;8.0;0;0.0;0;0;0;0;0;98;0;0;4121;0.00;0;0;0;0;0;0;0;0;0;0;0;0;0;0;0;0;15;0;98.0;98.0;0;0;0.00;0.00;0.00;0.0;0.0
63.830;73;0;98;0;0.0;13.400;0.912;43;45;0;0;100;99;100;130;100;129;100;88;88;0;0.000;3.772;0.000;0.000;14.300;0.973;0.0;0.0;0;15;3.180;3.015;8.0;0;0.0;0;0;0;0;0;98;0;0;4121;0.00;0;0;0;0;0;0;0;0;0;0;0;0;0;0;0;0;15;0;98.0;98.0;0;0;0.00;0.00;0.00;0.0;0.0
63.895;73;0;98;0;0.0;15.300;1.041;43;45;0;0;100;99;100;130;100;129;100;88;88;0;0.000;3.772;0.000;0.000;14.300;0.973;0.0;0.0;0;15;3.180;3.015;8.0;0;0.0;0;0;0;0;0;98;0;0;4121;0.00;0;0;0;0;0;0;0;0;0;0;0;0;0;0;0;0;15;0;98.0;98.0;0;0;0.00;0.00;0.00;0.0;0.0
63.960;74;0;98;0;0.0;18.600;1.265;43;45;0;0;100;99;100;130;100;129;100;88;88;0;0.000;3.772;0.000;0.000;14.300;0.973;0.0;0.0;0;15;3.180;3.015;9.5;0;0.0;0;0;0;0;0;98;0;0;4259;0.00;0;0;0;0;0;0;0;0;0;0;0;0;0;0;0;0;15;0;98.0;98.0;0;0;0.00;0.00;0.00;0.0;0.0
64.026;74;0;98;0;0.0;19.500;1.327;43;45;0;0;100;99;100;130;100;129;100;88;88;0;0.000;3.772;0.000;0.000;14.300;0.973;0.0;0.0;0;15;3.180;3.015;9.5;0;0.0;0;0;0;0;0;98;0;0;4259;0.00;0;0;0;0;0;0;0;0;0;0;0;0;0;0;0;0;15;0;98.0;98.0;0;0;0.00;0.00;0.00;0.0;0.0
64.091;74;0;98;0;0.0;19.700;1.340;43;45;0;0;100;99;100;130;100;129;100;88;88;0;0.000;3.772;0.000;0.000;14.300;0.973;0.0;0.0;0;15;3.180;3.015;9.5;0;0.0;0;0;0;0;0;98;0;0;4259;0.00;0;0;0;0;0;0;0;0;0;0;0;0;0;0;0;0;15;0;98.0;98.0;0;0;0.00;0.00;0.00;0.0;0.0
64.162;74;0;98;0;0.0;19.700;1.340;43;45;0;0;100;99;100;130;100;129;100;88;88;0;0.000;3.772;0.000;0.000;14.300;0.973;0.0;0.0;0;15;3.180;3.015;9.5;0;0.0;0;0;0;0;0;98;0;0;4259;0.00;0;0;0;0;0;0;0;0;0;0;0;0;0;0;0;0;15;0;98.0;98.0;0;0;0.00;0.00;0.00;0.0;0.0
64.226;74;0;98;0;0.0;19.700;1.340;43;45;0;0;100;99;100;130;100;129;100;88;88;0;0.000;3.772;0.000;0.000;14.300;0.973;0.0;0.0;0;15;3.180;3.015;10.2;0;0.0;0;0;0;0;0;98;0;0;4259;0.00;0;0;0;0;0;0;0;0;0;0;0;0;0;0;0;0;15;0;98.0;98.0;0;0;0.00;0.00;0.00;0.0;0.0
64.292;74;0;98;0;0.0;19.700;1.340;43;45;0;0;100;99;100;130;100;129;100;88;88;0;0.000;3.772;0.000;0.000;14.300;0.973;0.0;0.0;0;15;3.180;3.015;10.2;0;0.0;0;0;0;0;0;98;0;0;4259;0.00;0;0;0;0;0;0;0;0;0;0;0;0;0;0;0;0;15;0;98.0;98.0;0;0;0.00;0.00;0.00;0.0;0.0
64.360;74;0;98;0;0.0;19.700;1.340;43;45;0;0;100;99;100;130;100;129;100;88;88;0;0.000;3.772;0.000;0.000;14.300;0.973;0.0;0.0;0;15;3.180;3.015;10.2;0;0.0;0;0;0;0;0;98;0;0;4259;0.00;0;0;0;0;0;0;0;0;0;0;0;0;0;0;0;0;15;0;98.0;98.0;0;0;0.00;0.00;0.00;0.0;0.0
64.429;74;0;98;0;0.0;19.700;1.340;43;45;0;0;100;99;100;130;100;129;100;88;88;0;0.000;3.772;0.000;0.000;14.300;0.973;0.0;0.0;0;15;3.180;3.015;10.2;0;0.0;0;0;0;0;0;98;0;0;4259;0.00;0;0;0;0;0;0;0;0;0;0;0;0;0;0;0;0;15;0;98.0;98.0;0;0;0.00;0.00;0.00;0.0;0.0
64.499;74;0;98;0;0.0;19.700;1.340;43;45;0;0;100;99;100;130;100;129;100;88;88;0;0.000;3.772;0.000;0.000;14.300;0.973;0.0;0.0;0;15;3.180;3.015;11.0;0;0.0;0;0;0;0;0;98;0;0;4259;0.00;0;0;0;0;0;0;0;0;0;0;0;0;0;0;0;0;15;0;98.0;98.0;0;0;0.00;0.00;0.00;0.0;0.0
64.562;74;0;98;0;0.0;19.700;1.340;43;45;0;0;100;99;100;130;100;129;100;88;88;0;0.000;3.772;0.000;0.000;14.300;0.973;0.0;0.0;0;15;3.180;3.015;11.0;0;0.0;0;0;0;0;0;98;0;0;4259;0.00;0;0;0;0;0;0;0;0;0;0;0;0;0;0;0;0;15;0;98.0;98.0;0;0;0.00;0.00;0.00;0.0;0.0
64.628;74;0;98;0;0.0;19.700;1.340;43;45;0;0;100;99;100;130;100;129;100;88;88;0;0.000;3.772;0.000;0.000;14.300;0.973;0.0;0.0;0;15;3.180;3.015;11.0;0;0.0;0;0;0;0;0;98;0;0;4259;0.00;0;0;0;0;0;0;0;0;0;0;0;0;0;0;0;0;15;0;98.0;98.0;0;0;0.00;0.00;0.00;0.0;0.0
64.693;74;0;98;0;0.0;19.700;1.340;43;45;0;0;100;99;100;130;100;129;100;88;88;0;0.000;3.772;0.000;0.000;14.300;0.973;0.0;0.0;0;15;3.180;3.015;11.0;0;0.0;0;0;0;0;0;98;0;0;4259;0.00;0;0;0;0;0;0;0;0;0;0;0;0;0;0;0;0;15;0;98.0;98.0;0;0;0.00;0.00;0.00;0.0;0.0
64.760;74;0;98;0;0.0;19.700;1.340;43;45;0;0;100;99;100;130;100;129;100;88;88;0;0.000;3.772;0.000;0.000;14.300;0.973;0.0;0.0;0;15;3.180;3.015;11.4;0;0.0;0;0;0;0;75;98;0;0;4259;0.00;0;0;0;0;0;0;0;0;0;0;0;0;0;0;0;0;15;0;98.0;98.0;0;0;0.00;0.00;0.00;0.0;0.0
64.827;74;0;98;0;0.0;19.700;1.340;43;45;0;0;100;99;100;130;100;129;100;88;88;0;0.000;3.772;0.000;0.000;14.300;0.973;0.0;0.0;0;15;3.180;3.015;11.4;0;0.0;0;0;0;0;75;98;0;0;4259;0.00;0;0;0;0;0;0;0;0;0;0;0;0;0;0;0;0;15;0;98.0;98.0;0;0;0.00;0.00;0.00;0.0;0.0
64.893;74;0;98;0;0.0;19.700;1.340;43;45;0;0;100;99;100;130;100;129;100;88;88;0;0.000;3.772;0.000;0.000;14.300;0.973;0.0;0.0;0;15;3.180;3.015;11.4;0;0.0;0;0;0;0;75;98;0;0;4259;0.00;0;0;0;0;0;0;0;0;0;0;0;0;0;0;0;0;15;0;98.0;98.0;0;0;0.00;0.00;0.00;0.0;0.0
64.963;75;0;98;0;0.0;19.700;1.340;43;45;0;0;100;99;100;130;100;129;100;88;88;0;0.000;3.772;0.000;0.000;14.300;0.973;0.0;0.0;0;15;3.180;3.015;11.6;0;0.0;0;0;0;0;75;98;0;0;4347;0.00;0;0;0;0;0;0;0;0;0;0;0;0;0;0;0;0;15;0;98.0;98.0;0;0;0.00;0.00;0.00;0.0;0.0
65.029;75;0;98;0;0.0;19.700;1.340;43;45;0;0;100;99;100;130;100;129;100;88;88;0;0.000;3.772;0.000;0.000;14.300;0.973;0.0;0.0;0;15;3.180;3.015;11.6;0;0.0;0;0;0;0;75;98;0;0;4347;0.00;0;0;0;0;0;0;0;0;0;0;0;0;0;0;0;0;15;0;98.0;98.0;0;0;0.00;0.00;0.00;0.0;0.0
65.095;75;0;98;0;0.0;19.700;1.340;43;45;0;0;100;99;100;130;100;129;100;88;88;0;0.000;3.772;0.000;0.000;14.300;0.973;0.0;0.0;0;15;3.180;3.015;11.6;0;0.0;0;0;0;0;75;98;0;0;4347;0.00;0;0;0;0;0;0;0;0;0;0;0;0;0;0;0;0;15;0;98.0;98.0;0;0;0.00;0.00;0.00;0.0;0.0
65.159;75;0;98;0;0.0;19.700;1.340;43;45;0;0;100;99;100;130;100;129;100;88;88;0;0.000;3.772;0.000;0.000;14.300;0.973;0.0;0.0;0;15;3.180;3.015;11.6;0;0.0;0;0;0;0;75;98;0;0;4347;0.00;0;0;0;0;0;0;0;0;0;0;0;0;0;0;0;0;15;0;98.0;98.0;0;0;0.00;0.00;0.00;0.0;0.0
65.225;75;0;98;0;0.0;19.700;1.340;43;45;0;0;100;99;100;130;100;129;100;88;88;0;0.000;3.772;0.000;0.000;14.300;0.973;0.0;0.0;0;15;3.180;3.015;11.7;0;0.0;0;0;0;0;75;98;0;0;4347;0.00;0;0;0;0;0;0;0;0;0;0;0;0;0;0;0;0;15;0;98.0;98.0;0;0;0.00;0.00;0.00;0.0;0.0
65.291;75;0;98;0;0.0;19.700;1.340;43;45;0;0;100;99;100;130;100;129;100;88;88;0;0.000;3.772;0.000;0.000;14.300;0.973;0.0;0.0;0;15;3.180;3.015;11.7;0;0.0;0;0;0;0;75;98;0;0;4347;0.00;0;0;0;0;0;0;0;0;0;0;0;0;0;0;0;0;15;0;98.0;98.0;0;0;0.00;0.00;0.00;0.0;0.0
65.361;75;0;98;0;0.0;19.700;1.340;43;45;0;0;100;99;100;130;100;129;100;88;88;0;0.000;3.772;0.000;0.000;14.300;0.973;0.0;0.0;0;15;3.180;3.015;11.7;0;0.0;0;0;0;0;75;98;0;0;4347;0.00;0;0;0;0;0;0;0;0;0;0;0;0;0;0;0;0;15;0;98.0;98.0;0;0;0.00;0.00;0.00;0.0;0.0
65.426;75;0;98;0;0.0;19.700;1.340;43;45;0;0;100;99;100;130;100;129;100;88;88;0;0.000;3.772;0.000;0.000;14.300;0.973;0.0;0.0;0;15;3.180;3.015;11.7;0;0.0;0;0;0;0;75;98;0;0;4347;0.00;0;0;0;0;0;0;0;0;0;0;0;0;0;0;0;0;15;0;98.0;98.0;0;0;0.00;0.00;0.00;0.0;0.0
65.491;75;0;98;0;0.0;19.700;1.340;43;45;0;0;100;99;100;130;100;129;100;88;88;0;0.000;3.772;0.000;0.000;14.300;0.973;0.0;0.0;0;15;3.180;3.015;11.8;0;0.0;0;0;0;0;75;98;0;0;4347;0.00;0;0;0;0;0;0;0;0;0;0;0;0;0;0;0;0;15;0;98.0;98.0;0;0;0.00;0.00;0.00;0.0;0.0
65.556;75;0;98;0;0.0;19.700;1.340;43;45;0;0;100;99;100;130;100;129;100;88;88;0;0.000;3.772;0.000;0.000;14.300;0.973;0.0;0.0;0;15;3.180;3.015;11.8;0;0.0;0;0;0;0;75;98;0;0;4347;0.00;0;0;0;0;0;0;0;0;0;0;0;0;0;0;0;0;15;0;98.0;98.0;0;0;0.00;0.00;0.00;0.0;0.0
65.626;75;0;98;0;0.0;19.700;1.340;43;45;0;0;100;99;100;130;100;129;100;88;88;0;0.000;3.772;0.000;0.000;14.300;0.973;0.0;0.0;0;15;3.180;3.015;11.8;0;0.0;0;0;0;0;75;98;0;0;4347;0.00;0;0;0;0;0;0;0;0;0;0;0;0;0;0;0;0;15;0;98.0;98.0;0;0;0.00;0.00;0.00;0.0;0.0
65.692;75;0;98;0;0.0;19.700;1.340;43;45;0;0;100;99;100;130;100;129;100;88;88;0;0.000;3.772;0.000;0.000;14.300;0.973;0.0;0.0;0;15;3.180;3.015;11.8;0;0.0;0;0;0;0;75;98;0;0;4347;0.00;0;0;0;0;0;0;0;0;0;0;0;0;0;0;0;0;15;0;98.0;98.0;0;0;0.00;0.00;0.00;0.0;0.0
65.757;75;0;98;0;0.0;19.700;1.340;43;45;0;0;100;99;100;130;100;129;100;88;88;0;0.000;3.772;0.000;0.000;14.300;0.973;0.0;0.0;0;15;3.180;3.015;11.8;0;0.0;0;0;0;0;75;98;0;0;4347;0.00;0;0;0;0;0;0;0;0;0;0;0;0;0;0;0;0;15;0;98.0;98.0;0;0;0.00;0.00;0.00;0.0;0.0
65.823;75;0;98;0;0.0;19.700;1.340;43;45;0;0;100;99;100;130;100;129;100;88;88;0;0.000;3.772;0.000;0.000;14.300;0.973;0.0;0.0;0;15;3.180;3.015;11.8;0;0.0;0;0;0;0;75;98;0;0;4347;0.00;0;0;0;0;0;0;0;0;0;0;0;0;0;0;0;0;15;0;98.0;98.0;0;0;0.00;0.00;0.00;0.0;0.0
65.893;75;0;98;0;0.0;19.700;1.340;43;45;0;0;100;99;100;130;100;129;100;88;88;0;0.000;3.772;0.000;0.000;14.300;0.973;0.0;0.0;0;15;3.180;3.015;11.8;0;0.0;0;0;0;0;75;98;0;0;4347;0.00;0;0;0;0;0;0;0;0;0;0;0;0;0;0;0;0;15;0;98.0;98.0;0;0;0.00;0.00;0.00;0.0;0.0
65.959;75;0;98;0;0.0;19.700;1.340;43;45;0;0;100;99;100;130;100;129;100;88;88;0;0.000;3.772;0.000;0.000;14.300;0.973;0.0;0.0;0;15;3.180;3.015;11.8;0;0.0;0;0;0;0;75;98;0;0;4347;0.00;0;0;0;0;0;0;0;0;0;0;0;0;0;0;0;0;15;0;98.0;98.0;0;0;0.00;0.00;0.00;0.0;0.0
66.027;76;0;98;0;0.0;19.700;1.340;43;45;0;0;100;99;100;130;100;129;100;88;88;0;0.000;3.772;0.000;0.000;14.300;0.973;0.0;0.0;0;15;3.180;3.015;11.8;0;0.0;0;0;0;0;75;98;0;0;4129;0.00;0;0;0;0;0;0;0;0;0;0;0;0;0;0;0;0;15;0;98.0;98.0;0;0;0.00;0.00;0.00;0.0;0.0
66.093;76;0;98;0;0.0;19.700;1.340;43;45;0;0;100;99;100;130;100;129;100;88;88;0;0.000;3.772;0.000;0.000;14.300;0.973;0.0;0.0;0;15;3.180;3.015;11.8;0;0.0;0;0;0;0;75;98;0;0;4129;0.00;0;0;0;0;0;0;0;0;0;0;0;0;0;0;0;0;15;0;98.0;98.0;0;0;0.00;0.00;0.00;0.0;0.0
66.159;76;0;98;0;0.0;19.700;1.340;43;45;0;0;100;99;100;130;100;129;100;88;88;0;0.000;3.772;0.000;0.000;14.300;0.973;0.0;0.0;0;15;3.180;3.015;11.8;0;0.0;0;0;0;0;75;98;0;0;4129;0.00;0;0;0;0;0;0;0;0;0;0;0;0;0;0;0;0;15;0;98.0;98.0;0;0;0.00;0.00;0.00;0.0;0.0
66.225;76;0;98;0;0.0;19.700;1.340;43;45;0;0;100;99;100;130;100;129;100;88;88;0;0.000;3.772;0.000;0.000;14.300;0.973;0.0;0.0;0;15;3.180;3.015;11.9;0;0.0;0;0;0;0;75;98;0;0;4129;0.00;0;0;0;0;0;0;0;0;0;0;0;0;0;0;0;0;15;0;98.0;98.0;0;0;0.00;0.00;0.00;0.0;0.0
66.294;76;0;98;0;0.0;19.700;1.340;43;45;0;0;100;99;100;130;100;129;100;88;88;0;0.000;3.772;0.000;0.000;14.300;0.973;0.0;0.0;0;15;3.180;3.015;11.9;0;0.0;0;0;0;0;75;98;0;0;4129;0.00;0;0;0;0;0;0;0;0;0;0;0;0;0;0;0;0;15;0;98.0;98.0;0;0;0.00;0.00;0.00;0.0;0.0
66.359;76;0;93;0;0.0;19.700;1.340;43;45;0;0;100;99;100;130;100;129;100;84;84;0;0.000;3.772;0.000;0.000;14.300;0.973;0.0;0.0;0;16;3.180;3.015;11.9;0;-0.7;0;0;0;0;75;98;0;0;4129;0.00;0;0;0;0;0;0;0;0;0;0;0;0;0;0;0;0;16;0;93.0;93.0;0;0;0.00;0.00;0.00;0.0;0.0
66.425;76;0;92;0;0.0;19.700;1.340;43;45;0;0;100;99;100;130;100;129;100;82;82;0;0.000;3.772;0.000;0.000;14.300;0.973;0.0;0.0;0;17;3.180;3.015;11.9;0;-0.9;0;0;0;0;75;98;0;0;4129;0.00;0;0;0;0;0;0;0;0;0;0;0;0;0;0;0;0;17;0;92.0;92.0;0;0;0.00;0.00;0.00;0.0;0.0
66.494;76;0;98;0;0.0;19.700;1.340;43;45;0;0;100;99;100;130;100;129;100;88;88;0;0.000;3.772;0.000;0.000;14.300;0.973;0.0;0.0;0;15;3.180;3.015;11.1;0;0.0;0;0;0;0;75;98;0;0;4129;0.00;0;0;0;0;0;0;0;0;0;0;0;0;0;0;0;0;15;0;98.0;98.0;2;0;0.00;0.00;0.00;0.0;0.0
66.560;76;0;84;0;0.0;19.700;1.340;43;45;0;0;100;99;100;130;100;129;100;75;75;0;0.000;3.772;0.000;0.000;14.300;0.973;0.0;0.0;0;18;3.180;3.015;11.1;0;-2.0;0;0;0;0;75;98;0;0;4129;0.00;0;0;0;0;0;0;0;0;0;0;0;0;0;0;0;0;18;0;84.0;84.0;2;0;0.00;0.00;0.00;0.0;0.0
66.625;76;0;95;0;0.0;19.700;1.340;43;45;0;0;100;99;100;130;100;129;100;85;85;0;0.000;3.772;0.000;0.000;14.300;0.973;0.0;0.0;0;16;3.180;3.015;11.1;0;-0.4;0;0;0;0;75;98;0;0;4129;0.00;0;0;0;0;0;0;0;0;0;0;0;0;0;0;0;0;16;0;95.0;95.0;2;0;0.00;0.00;0.00;0.0;0.0
66.691;76;0;81;0;0.0;19.700;1.340;43;45;0;0;100;99;100;130;100;129;100;73;73;0;0.000;3.772;0.000;0.000;14.300;0.973;0.0;0.0;0;18;3.180;3.015;11.1;0;-2.5;0;0;0;0;75;98;0;0;4129;0.00;0;0;0;0;0;0;0;0;0;0;0;0;0;0;0;0;18;0;81.0;81.0;2;0;0.00;0.00;0.00;0.0;0.0
66.757;76;0;94;0;0.0;19.700;1.340;43;45;0;0;100;99;100;130;100;129;100;84;84;0;0.000;3.772;0.000;0.000;14.300;0.973;0.0;0.0;0;16;3.180;3.015;10.3;0;-0.6;0;0;0;0;75;98;0;0;4129;0.00;0;0;0;0;0;0;0;0;0;0;0;0;0;0;0;0;16;0;94.0;94.0;2;0;0.00;0.00;0.00;0.0;0.0
66.828;76;0;81;0;0.0;19.700;1.340;43;45;0;0;100;99;100;130;100;129;100;73;73;0;0.000;3.772;0.000;0.000;14.300;0.973;0.0;0.0;0;18;3.180;3.015;10.3;0;-2.5;0;0;0;0;75;98;0;0;4129;0.00;0;0;0;0;0;0;0;0;0;0;0;0;0;0;0;0;18;0;81.0;81.0;2;0;0.00;0.00;0.00;0.0;0.0
66.897;76;0;88;0;0.0;19.700;1.340;43;45;0;0;100;99;100;130;100;129;100;79;79;0;0.000;3.772;0.000;0.000;14.300;0.973;0.0;0.0;0;18;3.180;3.015;10.3;0;-1.5;0;0;0;0;75;98;0;0;4129;0.00;0;0;0;0;0;0;0;0;0;0;0;0;0;0;0;0;18;0;88.0;88.0;2;0;0.00;0.00;0.00;0.0;0.0
66.962;76;0;83;0;0.0;19.700;1.340;43;45;0;0;100;99;100;130;100;129;100;74;74;0;0.000;3.772;0.000;0.000;14.300;0.973;0.0;0.0;0;18;3.180;3.015;10.3;0;-2.2;0;0;0;0;75;98;0;0;4129;0.00;0;0;0;0;0;0;0;0;0;0;0;0;0;0;0;0;18;0;83.0;83.0;2;0;0.00;0.00;0.00;0.0;0.0
67.030;77;264;88;23232;0.0;19.700;1.340;43;45;10;0;100;99;100;129;100;402;100;79;79;0;7.967;7.967;0.000;0.000;19.700;1.340;7.0;0.0;0;12;4.680;3.015;10.2;2640;-1.5;0;0;0;0;75;98;0;0;6320;1436.36;0;0;0;0;0;0;0;0;0;0;0;0;0;0;0;0;12;0;88.0;88.0;2;0;0.00;0.00;0.00;0.0;0.0
67.098;77;272;88;23936;0.0;19.700;1.340;43;45;10;0;100;99;100;129;100;402;100;79;79;0;7.967;7.967;0.000;0.000;19.700;1.340;7.2;0.0;0;12;4.680;3.015;10.2;80;-1.5;0;0;0;0;75;98;0;0;6320;1394.12;0;0;0;0;0;0;0;0;0;0;0;0;0;0;0;0;12;0;88.0;88.0;2;0;0.00;0.00;0.00;0.0;0.0
67.164;77;272;88;23936;0.0;19.700;1.340;43;45;10;0;100;99;100;129;100;402;100;79;79;0;7.967;7.967;0.000;0.000;19.700;1.340;7.2;0.0;0;12;4.680;3.015;10.2;80;-1.5;0;0;0;0;75;98;0;0;6320;1394.12;0;0;0;0;0;0;0;0;0;0;0;0;0;0;0;0;12;0;88.0;88.0;2;0;0.00;0.00;0.00;0.0;0.0
67.229;77;268;84;22512;0.0;19.700;1.340;43;45;10;0;100;99;100;129;100;402;100;75;75;0;7.415;7.415;0.000;0.000;19.700;1.340;6.6;0.0;0;12;4.680;4.499;10.2;0;-2.0;0;0;0;0;75;98;0;0;6320;1414.93;0;0;0;0;0;0;0;0;0;0;0;0;0;0;0;0;12;0;84.0;84.0;2;0;0.00;0.00;0.00;0.0;0.0
67.294;77;268;84;22512;0.0;19.700;1.340;43;45;10;0;100;99;100;129;100;402;100;75;75;0;7.415;7.415;0.000;0.000;19.700;1.340;6.6;0.0;0;12;4.680;4.499;10.2;-40;-2.0;0;0;0;0;75;98;0;0;6320;1414.93;0;0;0;0;0;0;0;0;0;0;0;0;0;0;0;0;12;0;84.0;84.0;2;0;0.00;0.00;0.00;0.0;0.0
67.364;77;268;84;22512;0.0;19.700;1.340;43;45;10;0;100;99;100;129;100;402;100;75;75;0;7.415;7.415;0.000;0.000;19.700;1.340;6.6;0.0;0;12;4.680;4.499;10.2;-40;-2.0;0;0;0;0;75;98;0;0;6320;1414.93;0;0;0;0;0;0;0;0;0;0;0;0;0;0;0;0;12;0;84.0;84.0;2;0;0.00;0.00;0.00;0.0;0.0
67.429;77;268;84;22512;0.0;19.700;1.340;43;45;10;0;100;99;100;129;100;402;100;75;75;0;7.415;7.415;0.000;0.000;19.700;1.340;6.6;0.0;0;12;4.680;4.672;10.2;0;-2.0;0;0;0;0;75;98;0;0;6320;1414.93;0;0;0;0;0;0;0;0;0;0;0;0;0;0;0;0;12;0;84.0;84.0;2;0;0.00;0.00;0.00;0.0;0.0
67.494;77;268;84;22512;0.0;19.700;1.340;43;45;10;0;100;99;100;129;100;402;100;75;75;0;7.415;7.415;0.000;0.000;19.700;1.340;6.6;0.0;0;12;4.680;4.672;10.2;0;-2.0;0;0;0;0;75;98;0;0;6320;1414.93;0;0;0;0;0;0;0;0;0;0;0;0;0;0;0;0;12;0;84.0;84.0;2;0;0.00;0.00;0.00;0.0;0.0
67.494;77;273;84;22932;0.0;19.700;1.340;43;45;10;0;100;99;100;129;100;402;100;75;75;0;7.415;7.415;0.000;0.000;19.700;1.340;6.7;0.0;0;12;4.680;4.672;10.2;0;-2.0;0;0;0;0;75;98;0;0;6320;1389.01;0;0;0;0;0;0;0;0;0;0;0;0;0;0;0;0;12;0;84.0;84.0;2;0;0.00;0.00;0.00;0.0;0.0
67.632;77;273;84;22932;0.0;19.700;1.340;43;45;10;0;100;99;100;129;100;402;100;75;75;0;7.415;7.415;0.000;0.000;19.700;1.340;6.7;0.0;0;12;4.680;4.693;10.2;50;-2.0;0;0;0;0;75;98;0;0;6320;1389.01;0;0;0;0;0;0;0;0;0;0;0;0;0;0;0;0;12;0;84.0;84.0;2;0;0.00;0.00;0.00;0.0;0.0
67.700;77;268;83;22244;0.0;19.700;1.340;43;45;10;0;100;99;100;129;100;402;100;74;74;0;7.254;7.254;0.000;0.000;19.700;1.340;6.5;0.0;0;12;4.680;4.693;10.2;-50;-2.2;0;0;0;0;75;98;0;0;6320;1414.93;0;0;0;0;0;0;0;0;0;0;0;0;0;0;0;0;12;0;83.0;83.0;2;0;0.00;0.00;0.00;0.0;0.0
67.765;77;324;83;26892;0.0;19.700;1.340;43;45;9;0;100;99;100;129;100;402;100;74;74;0;7.254;7.254;0.000;0.000;19.700;1.340;7.8;0.0;0;18;3.120;4.693;10.2;-50;-2.2;0;0;0;0;75;98;0;0;6320;1170.37;0;0;0;0;0;0;0;0;0;0;0;0;0;0;0;0;18;0;83.0;83.0;2;0;0.00;0.00;0.00;0.0;0.0
67.831;77;485;83;40255;0.0;19.700;1.340;43;45;13;0;100;99;100;129;100;382;100;74;74;0;6.986;6.986;0.000;0.000;19.700;1.340;11.3;0.0;0;18;3.120;4.693;10.2;2170;-2.2;0;0;0;0;75;98;0;0;6320;781.86;0;0;0;0;0;0;0;0;0;0;0;0;0;0;0;0;18;0;83.0;83.0;2;0;0.00;0.00;0.00;0.0;0.0
67.895;77;517;83;42911;0.0;19.700;1.340;43;45;13;0;100;99;100;129;100;382;100;74;74;0;6.986;6.986;0.000;0.000;19.700;1.340;12.0;0.0;0;18;3.120;3.318;10.2;2170;-2.2;0;0;0;0;75;98;0;0;6320;733.46;0;0;0;0;0;0;0;0;0;0;0;0;0;0;0;0;18;0;83.0;83.0;2;0;0.00;0.00;0.00;0.0;0.0
67.962;77;736;77;56672;0.0;19.700;1.340;43;45;13;0;100;99;100;129;100;361;100;73;73;0;6.304;6.304;0.000;0.000;19.700;1.340;15.5;0.0;0;21;3.120;3.318;10.2;320;-3.0;0;0;0;0;76;98;0;0;6320;515.22;0;0;0;0;0;0;0;0;0;0;0;0;0;0;0;0;21;0;77.0;77.0;2;0;0.00;0.00;0.00;0.0;0.0
68.028;78;961;60;57660;0.0;19.700;1.340;42;45;13;0;100;99;100;129;100;342;100;61;61;0;4.664;4.664;0.000;0.000;19.700;1.340;14.9;0.0;0;28;3.120;3.138;10.1;3300;-5.5;0;0;0;0;77;98;0;0;1632;101.89;0;0;0;0;0;0;0;0;0;0;0;0;0;0;0;0;28;0;60.0;60.0;2;0;0.00;0.00;0.00;0.0;0.0
68.098;78;1020;49;49980;0.0;19.700;1.340;42;45;13;0;100;99;100;129;100;342;100;53;53;0;3.891;3.891;0.000;0.000;19.700;1.340;13.2;0.0;0;30;3.120;3.136;10.1;3300;-7.1;0;0;0;0;77;98;0;0;1632;96.00;0;0;0;0;0;0;0;0;0;0;0;0;0;0;0;0;30;0;49.0;49.0;2;0;0.00;0.00;0.00;0.0;0.0
68.164;78;1049;38;39862;0.0;19.700;1.340;42;45;13;0;100;99;100;129;100;322;100;46;46;0;3.187;3.187;0.000;0.000;19.700;1.340;11.1;0.0;0;30;3.120;3.143;10.1;2170;-8.7;0;0;0;0;78;98;0;0;1632;93.35;0;0;0;0;0;0;0;0;0;0;0;0;0;0;0;0;30;0;38.0;38.0;2;0;0.00;0.00;0.00;0.0;0.0
68.230;78;996;36;35856;0.0;19.700;1.340;42;45;13;0;100;99;100;129;100;302;100;44;44;0;2.986;2.986;0.000;0.000;19.700;1.340;9.9;0.0;0;29;3.120;2.292;10.1;-430;-9.0;0;0;0;0;79;98;0;0;1632;98.31;0;0;0;0;0;0;0;0;0;0;0;0;0;0;0;0;29;0;36.0;36.0;2;0;0.00;0.00;0.00;0.0;0.0
68.303;78;929;36;33444;0.0;19.700;1.340;42;45;13;0;100;99;100;129;100;302;100;44;44;0;2.854;2.854;0.000;0.000;19.700;1.340;8.8;0.0;0;28;3.090;1.801;10.7;-430;-9.0;0;0;0;0;79;98;0;0;1632;105.40;0;0;0;0;0;0;0;0;0;0;0;0;0;0;0;0;28;0;36.0;36.0;2;0;0.00;0.00;0.00;0.0;0.0
68.368;78;926;38;35188;0.0;19.700;1.340;42;45;13;0;100;99;100;129;100;281;100;46;46;0;2.901;2.901;0.000;0.000;19.700;1.340;9.0;0.0;0;28;3.090;3.607;10.7;-920;-8.7;0;0;0;0;80;98;0;0;1632;105.75;0;0;0;0;0;0;0;0;0;0;0;0;0;0;0;0;28;0;38.0;38.0;2;0;0.00;0.00;0.00;0.0;0.0
68.433;78;944;38;35872;0.0;19.700;1.340;42;45;13;0;100;99;100;129;100;261;100;45;45;0;2.806;2.806;0.000;0.000;19.700;1.340;8.8;0.0;0;29;3.090;3.238;10.7;130;-8.7;0;0;0;0;81;98;0;0;1632;103.73;0;0;0;0;0;0;0;0;0;0;0;0;0;0;0;0;29;0;38.0;38.0;2;0;0.00;0.00;0.00;0.0;0.0
68.500;78;910;39;35490;0.0;19.700;1.340;42;45;13;0;100;99;100;129;100;261;100;46;46;0;2.845;2.845;0.000;0.000;19.700;1.340;8.6;0.0;0;27;3.090;2.342;10.7;130;-8.6;0;0;0;0;81;98;0;0;1632;107.60;0;0;0;0;0;0;0;0;0;0;0;0;0;0;0;0;27;0;39.0;39.0;2;0;0.00;0.00;0.00;0.0;0.0
68.565;78;860;39;33540;0.0;19.700;1.340;42;45;13;0;100;99;100;129;100;242;100;45;45;0;2.708;2.708;0.000;0.000;19.700;1.340;7.8;0.0;0;26;3.090;1.833;10.9;-320;-8.6;0;0;0;0;82;98;0;0;1632;113.86;0;0;0;0;0;0;0;0;0;0;0;0;0;0;0;0;26;0;39.0;39.0;2;0;0.00;0.00;0.00;0.0;0.0
68.630;78;810;41;33210;0.0;17.000;1.156;42;45;13;0;100;99;100;129;100;221;100;46;46;0;2.676;2.676;0.000;0.000;17.000;1.156;7.2;0.0;0;25;3.090;1.471;10.9;-860;-8.3;0;0;0;0;83;98;0;0;1632;120.89;0;0;0;0;0;0;0;0;0;0;0;0;0;0;0;0;25;0;41.0;41.0;2;0;0.00;0.00;0.00;0.0;0.0
68.697;78;769;43;33067;0.0;12.800;0.871;42;45;13;0;100;99;100;129;100;221;100;46;46;0;2.727;2.727;0.000;0.000;12.800;0.871;7.0;0.0;0;24;3.090;1.955;10.9;-860;-8.0;0;0;0;0;83;98;0;0;1632;127.33;0;0;0;0;0;0;0;0;0;0;0;0;0;0;0;0;24;0;43.0;43.0;2;0;0.00;0.00;0.00;0.0;0.0
68.697;78;766;44;33704;0.0;11.400;0.776;42;45;13;0;100;99;100;129;100;201;100;47;47;0;2.671;2.671;0.000;0.000;11.400;0.776;6.8;0.0;0;24;3.090;2.776;10.9;-550;-7.8;0;0;0;0;84;98;0;0;1632;127.83;0;0;0;0;0;0;0;0;0;0;0;0;0;0;0;0;24;0;44.0;44.0;2;0;0.00;0.00;0.00;0.0;0.0
68.831;78;788;45;35460;0.0;11.000;0.748;42;45;13;0;100;99;100;129;100;201;100;47;47;0;2.619;2.619;0.000;0.000;11.000;0.748;6.9;0.0;0;24;3.060;2.836;11.3;190;-7.7;0;0;0;0;85;98;0;0;1632;124.26;0;0;0;0;0;0;0;0;0;0;0;0;0;0;0;0;24;0;45.0;45.0;2;0;0.00;0.00;0.00;0.0;0.0
68.898;78;791;45;35595;0.0;10.800;0.735;42;45;13;0;100;99;100;129;100;201;100;47;47;0;2.619;2.619;0.000;0.000;10.800;0.735;6.9;0.0;0;24;3.060;2.740;11.3;190;-7.7;0;0;0;0;85;98;0;0;1632;123.79;0;0;0;0;0;0;0;0;0;0;0;0;0;0;0;0;24;0;45.0;45.0;2;0;0.00;0.00;0.00;0.0;0.0
68.967;78;828;44;36432;0.0;10.800;0.735;42;45;13;0;100;99;100;129;100;201;100;48;48;0;2.603;2.603;0.000;0.000;10.800;0.735;7.2;0.0;0;25;3.060;4.140;11.3;30;-7.8;0;0;0;0;86;98;0;0;1632;118.26;0;0;0;0;0;0;0;0;0;0;0;0;0;0;0;0;25;0;44.0;44.0;2;0;0.00;0.00;0.00;0.0;0.0
69.031;79;827;43;35561;0.0;10.900;0.741;42;45;13;0;100;99;100;129;100;201;100;47;47;0;2.487;2.487;0.000;0.000;10.900;0.741;6.9;0.0;0;26;3.030;2.880;11.7;360;-8.0;0;0;0;0;87;98;0;0;1537;111.51;0;0;0;0;0;0;0;0;0;0;0;0;0;0;0;0;26;0;43.0;43.0;2;0;0.00;0.00;0.00;0.0;0.0
69.098;79;852;43;36636;0.0;11.800;0.803;42;45;13;0;100;99;100;129;100;201;100;47;47;0;2.487;2.487;0.000;0.000;11.800;0.803;7.1;0.0;0;26;3.030;3.898;11.7;360;-8.0;0;0;0;0;87;98;0;0;1537;108.24;0;0;0;0;0;0;0;0;0;0;0;0;0;0;0;0;26;0;43.0;43.0;2;0;0.00;0.00;0.00;0.0;0.0
69.162;79;847;42;35574;0.0;15.900;1.082;42;45;13;0;100;99;100;129;100;201;100;47;47;0;2.471;2.471;0.000;0.000;15.900;1.082;7.0;0.0;0;26;3.030;2.618;11.7;240;-8.1;0;0;0;0;88;98;0;0;1537;108.88;0;0;0;0;0;0;0;0;0;0;0;0;0;0;0;0;26;0;42.0;42.0;2;0;0.00;0.00;0.00;0.0;0.0
69.162;79;854;42;35868;0.0;18.800;1.279;42;45;13;0;100;99;100;129;100;201;100;47;47;0;2.471;2.471;0.000;0.000;18.800;1.279;7.0;0.0;0;26;3.030;3.349;11.7;30;-8.1;0;0;0;0;89;98;0;0;1537;107.99;0;0;0;0;0;0;0;0;0;0;0;0;0;0;0;0;26;0;42.0;42.0;2;0;0.00;0.00;0.00;0.0;0.0
69.229;79;848;42;35616;0.0;19.500;1.327;42;45;13;0;100;99;100;129;100;201;100;47;47;0;2.423;2.423;0.000;0.000;19.500;1.327;6.8;0.0;0;26;3.030;2.658;11.9;30;-8.1;0;0;0;0;89;98;0;0;1537;108.75;0;0;0;0;0;0;0;0;0;0;0;0;0;0;0;0;26;0;42.0;42.0;2;0;0.00;0.00;0.00;0.0;0.0
69.364;79;858;42;36036;0.0;19.700;1.340;42;45;13;0;100;99;100;129;100;201;100;47;47;0;2.423;2.423;0.000;0.000;19.700;1.340;6.9;0.0;0;26;3.030;2.638;11.9;-110;-8.1;0;0;0;0;90;98;0;0;1537;107.48;0;0;0;0;0;0;0;0;0;0;0;0;0;0;0;0;26;0;42.0;42.0;2;0;0.00;0.00;0.00;0.0;0.0
69.430;79;859;41;35219;0.0;19.700;1.340;42;45;13;0;100;99;100;129;100;201;100;47;47;0;2.393;2.393;0.000;0.000;19.700;1.340;6.9;0.0;0;26;3.030;3.038;11.9;160;-8.3;0;0;0;1;90;98;0;0;1537;107.36;0;0;0;0;0;0;0;0;0;0;0;0;0;0;0;0;26;0;41.0;41.0;2;0;0.00;0.00;0.00;0.0;0.0
69.497;79;863;42;36246;0.0;19.700;1.340;42;45;13;0;100;99;100;129;100;201;100;47;47;0;2.423;2.423;0.000;0.000;19.700;1.340;7.0;0.0;0;26;3.030;2.445;11.9;160;-8.1;0;0;0;0;91;98;0;0;1537;106.86;0;0;0;0;0;0;0;0;0;0;0;0;0;0;0;0;26;0;42.0;42.0;2;0;0.00;0.00;0.00;0.0;0.0
69.563;79;856;41;35096;0.0;19.700;1.340;42;45;13;0;100;99;100;129;100;201;100;47;47;0;2.345;2.345;0.000;0.000;19.700;1.340;6.7;0.0;0;26;3.000;2.745;12.1;20;-8.3;0;0;0;0;92;98;0;0;1537;107.73;0;0;0;0;0;0;0;0;0;0;0;0;0;0;0;0;26;0;41.0;41.0;2;0;0.00;0.00;0.00;0.0;0.0
69.628;79;849;41;34809;0.0;19.700;1.340;42;45;13;0;100;99;100;129;100;201;100;46;46;0;2.331;2.331;0.000;0.000;19.700;1.340;6.6;0.0;0;26;3.000;2.651;12.1;-120;-8.3;0;0;0;0;92;98;0;0;1537;108.62;0;0;0;0;0;0;0;0;0;0;0;0;0;0;0;0;26;0;41.0;41.0;2;0;0.00;0.00;0.00;0.0;0.0
69.694;79;859;41;35219;0.0;19.700;1.340;42;45;13;0;100;99;100;129;100;201;100;47;47;0;2.345;2.345;0.000;0.000;19.700;1.340;6.7;0.0;0;26;3.000;2.526;12.1;-120;-8.3;0;0;0;0;93;98;0;0;1537;107.36;0;0;0;0;0;0;0;0;0;0;0;0;0;0;0;0;26;0;41.0;41.0;2;0;0.00;0.00;0.00;0.0;0.0
69.758;79;848;41;34768;0.0;19.700;1.340;42;45;13;0;100;99;100;129;100;201;100;46;46;0;2.331;2.331;0.000;0.000;19.700;1.340;6.6;0.0;0;26;3.000;2.620;12.1;10;-8.3;0;0;0;0;94;98;0;0;1537;108.75;0;0;0;0;0;0;0;0;0;0;0;0;0;0;0;0;26;0;41.0;41.0;2;0;0.00;0.00;0.00;0.0;0.0
69.825;79;859;41;35219;0.0;19.700;1.340;42;45;13;0;100;99;100;129;100;201;100;47;47;0;2.321;2.321;0.000;0.000;19.700;1.340;6.6;0.0;0;26;3.000;2.914;12.3;10;-8.3;0;0;0;0;94;98;0;0;1537;107.36;0;0;0;0;0;0;0;0;0;0;0;0;0;0;0;0;26;0;41.0;41.0;2;0;0.00;0.00;0.00;0.0;0.0
69.893;79;848;41;34768;0.0;19.700;1.340;42;45;13;0;100;99;100;129;100;201;100;46;46;0;2.307;2.307;0.000;0.000;19.700;1.340;6.5;0.0;0;26;3.000;2.669;12.3;90;-8.3;0;0;0;0;95;98;0;0;1537;108.75;0;0;0;0;0;0;0;0;0;0;0;0;0;0;0;0;26;0;41.0;41.0;2;0;0.00;0.00;0.00;0.0;0.0
69.960;79;871;41;35711;0.0;19.700;1.340;42;45;13;0;100;99;100;129;100;201;100;47;47;0;2.321;2.321;0.000;0.000;19.700;1.340;6.7;0.0;0;26;3.000;3.483;12.3;100;-8.3;0;0;0;0;96;98;0;0;1537;105.88;0;0;0;0;0;0;0;0;0;0;0;0;0;0;0;0;26;0;41.0;41.0;2;0;0.00;0.00;0.00;0.0;0.0
70.025;79;872;41;35752;0.0;19.700;1.340;42;45;13;0;100;99;100;129;100;201;100;47;47;0;2.321;2.321;0.000;0.000;19.700;1.340;6.7;0.0;0;26;3.000;3.107;12.3;100;-8.3;0;0;0;0;96;98;0;0;1537;105.76;0;0;0;0;0;0;0;0;0;0;0;0;0;0;0;0;26;0;41.0;41.0;2;0;0.00;0.00;0.00;0.0;0.0
70.091;80;886;41;36326;0.0;19.700;1.340;42;45;13;0;100;99;100;129;100;201;100;47;47;0;2.309;2.309;0.000;0.000;19.700;1.340;6.8;0.0;0;27;3.000;3.271;12.4;30;-8.3;0;0;0;0;97;98;0;0;1758;119.05;0;0;0;0;0;0;0;0;0;0;0;0;0;0;0;0;27;0;41.0;41.0;2;0;0.00;0.00;0.00;0.0;0.0
70.162;80;881;41;36121;0.0;19.700;1.340;42;45;13;0;100;99;100;129;100;201;100;47;47;0;2.309;2.309;0.000;0.000;19.700;1.340;6.8;0.0;0;27;3.000;2.878;12.4;130;-8.3;0;0;0;0;98;98;0;0;1758;119.73;0;0;0;0;0;0;0;0;0;0;0;0;0;0;0;0;27;0;41.0;41.0;2;0;0.00;0.00;0.00;0.0;0.0
70.226;80;892;41;36572;0.0;19.700;1.340;42;45;13;0;100;99;100;129;100;201;100;47;47;0;2.309;2.309;0.000;0.000;19.700;1.340;6.9;0.0;0;27;3.000;3.126;12.4;130;-8.3;0;0;0;0;98;98;0;0;1758;118.25;0;0;0;0;0;0;0;0;0;0;0;0;0;0;0;0;27;0;41.0;41.0;2;0;0.00;0.00;0.00;0.0;0.0
70.291;80;882;40;35280;0.0;19.700;1.340;42;45;13;0;100;99;100;129;100;201;100;46;46;0;2.267;2.267;0.000;0.000;19.700;1.340;6.7;0.0;0;27;3.000;2.672;12.5;70;-8.4;0;0;0;0;99;98;0;0;1758;119.59;0;0;0;0;0;0;0;0;0;0;0;0;0;0;0;0;27;0;40.0;40.0;2;0;0.00;0.00;0.00;0.0;0.0
70.357;80;886;40;35440;0.0;19.700;1.340;42;45;13;0;100;99;100;129;100;201;100;46;46;0;2.267;2.267;0.000;0.000;19.700;1.340;6.7;0.0;0;27;3.000;3.081;12.5;10;-8.4;0;0;0;0;100;98;0;0;1758;119.05;0;0;0;0;0;0;0;0;0;0;0;0;0;0;0;0;27;0;40.0;40.0;2;0;0.00;0.00;0.00;0.0;0.0
70.427;80;867;40;34680;0.0;19.700;1.340;42;45;13;0;100;99;100;129;100;201;100;46;46;0;2.267;2.267;0.000;0.000;19.700;1.340;6.6;0.0;0;26;3.000;2.299;12.5;10;-8.4;0;0;0;0;100;98;0;0;1758;121.66;0;0;0;0;0;0;0;0;0;0;0;0;0;0;0;0;26;0;40.0;40.0;2;0;0.00;0.00;0.00;0.0;0.0
70.492;80;870;41;35670;0.0;19.700;1.340;42;45;13;0;100;99;100;129;100;201;100;47;47;0;2.297;2.297;0.000;0.000;19.700;1.340;6.7;0.0;0;26;3.000;3.327;12.5;-260;-8.3;0;0;0;0;101;98;0;0;1758;121.24;0;0;0;0;0;0;0;0;0;0;0;0;0;0;0;0;26;0;41.0;41.0;2;0;0.00;0.00;0.00;0.0;0.0
70.557;80;865;41;35465;0.0;19.700;1.340;42;45;13;0;100;99;100;129;100;201;100;47;47;0;2.297;2.297;0.000;0.000;19.700;1.340;6.6;0.0;0;26;3.000;2.815;12.5;-20;-8.3;0;0;0;0;102;98;0;0;1758;121.94;0;0;0;0;0;0;0;0;0;0;0;0;0;0;0;0;26;0;41.0;41.0;2;0;0.00;0.00;0.00;0.0;0.0
70.557;80;889;41;36449;0.0;19.700;1.340;42;45;13;0;100;99;100;129;100;201;100;47;47;0;2.297;2.297;0.000;0.000;19.700;1.340;6.8;0.0;0;27;3.000;3.632;12.5;-20;-8.3;0;0;0;0;102;98;0;0;1758;118.65;0;0;0;0;0;0;0;0;0;0;0;0;0;0;0;0;27;0;41.0;41.0;2;0;0.00;0.00;0.00;0.0;0.0
70.693;80;882;41;36162;0.0;19.700;1.340;42;45;13;0;100;99;100;129;100;201;100;47;47;0;2.297;2.297;0.000;0.000;19.700;1.340;6.8;0.0;0;27;3.000;2.686;12.5;240;-8.3;0;0;0;0;102;98;0;0;1758;119.59;0;0;0;0;0;0;0;0;0;0;0;0;0;0;0;0;27;0;41.0;41.0;2;0;0.00;0.00;0.00;0.0;0.0
70.759;80;892;41;36572;0.0;19.700;1.340;42;45;13;0;100;99;100;129;100;201;100;47;47;0;2.297;2.297;0.000;0.000;19.700;1.340;6.8;0.0;0;27;3.000;3.271;12.5;30;-8.3;0;0;0;0;102;98;0;0;1758;118.25;0;0;0;0;0;0;0;0;0;0;0;0;0;0;0;0;27;0;41.0;41.0;2;0;0.00;0.00;0.00;0.0;0.0
70.759;80;889;40;35560;0.0;19.700;1.340;42;45;13;0;100;99;100;129;100;201;100;46;46;0;2.267;2.267;0.000;0.000;19.700;1.340;6.7;0.0;0;27;3.000;2.785;12.5;30;-8.4;0;0;0;0;102;98;0;0;1758;118.65;0;0;0;0;0;0;0;0;0;0;0;0;0;0;0;0;27;0;40.0;40.0;2;0;0.00;0.00;0.00;0.0;0.0
70.828;80;899;40;35960;0.0;19.700;1.340;42;45;13;0;100;99;100;129;100;201;100;46;46;0;2.267;2.267;0.000;0.000;19.700;1.340;6.8;0.0;0;27;3.000;3.243;12.5;-100;-8.4;0;0;0;0;102;98;0;0;1758;117.33;0;0;0;0;0;0;0;0;0;0;0;0;0;0;0;0;27;0;40.0;40.0;2;0;0.00;0.00;0.00;0.0;0.0
70.959;80;894;40;35760;0.0;19.700;1.340;42;45;13;0;100;99;100;129;100;201;100;46;46;0;2.267;2.267;0.000;0.000;19.700;1.340;6.8;0.0;0;27;3.000;2.644;12.5;120;-8.4;0;0;0;0;102;98;0;0;1758;117.99;0;0;0;0;0;0;0;0;0;0;0;0;0;0;0;0;27;0;40.0;40.0;2;0;0.00;0.00;0.00;0.0;0.0
71.025;80;898;41;36818;0.0;19.700;1.340;42;45;13;0;100;99;100;129;100;201;100;47;47;0;2.297;2.297;0.000;0.000;19.700;1.340;6.9;0.0;0;27;3.000;3.051;12.5;120;-8.3;0;0;0;0;102;98;0;0;1758;117.46;0;0;0;0;0;0;0;0;0;0;0;0;0;0;0;0;27;0;41.0;41.0;2;0;0.00;0.00;0.00;0.0;0.0
71.094;81;897;40;35880;0.0;19.700;1.340;42;45;13;0;100;99;100;129;100;201;100;46;46;0;2.255;2.255;0.000;0.000;19.700;1.340;6.7;0.0;0;27;3.000;2.778;12.6;40;-8.4;0;0;0;0;102;98;0;0;1795;120.07;0;0;0;0;0;0;0;0;0;0;0;0;0;0;0;0;27;0;40.0;40.0;2;0;0.00;0.00;0.00;0.0;0.0
71.160;81;903;41;37023;0.0;19.700;1.340;42;45;13;0;100;99;100;129;100;201;100;47;47;0;2.285;2.285;0.000;0.000;19.700;1.340;6.9;0.0;0;27;3.000;3.116;12.6;50;-8.3;0;0;0;0;102;98;0;0;1795;119.27;0;0;0;0;0;0;0;0;0;0;0;0;0;0;0;0;27;0;41.0;41.0;2;0;0.00;0.00;0.00;0.0;0.0
71.225;81;895;40;35800;0.0;19.700;1.340;42;45;13;0;100;99;100;129;100;201;100;46;46;0;2.255;2.255;0.000;0.000;19.700;1.340;6.7;0.0;0;27;3.000;2.778;12.6;50;-8.4;0;0;0;0;102;98;0;0;1795;120.34;0;0;0;0;0;0;0;0;0;0;0;0;0;0;0;0;27;0;40.0;40.0;2;0;0.00;0.00;0.00;0.0;0.0
71.291;81;906;40;36240;0.0;19.700;1.340;42;45;13;0;100;99;100;129;100;201;100;47;47;0;2.269;2.269;0.000;0.000;19.700;1.340;6.9;0.0;0;27;3.000;3.067;12.6;-80;-8.4;0;0;0;0;102;98;0;0;1795;118.87;0;0;0;0;0;0;0;0;0;0;0;0;0;0;0;0;27;0;40.0;40.0;2;0;0.00;0.00;0.00;0.0;0.0
71.361;81;903;39;35217;0.0;19.700;1.340;42;45;13;0;100;99;100;129;100;201;100;46;46;0;2.241;2.241;0.000;0.000;19.700;1.340;6.7;0.0;0;28;3.000;3.013;12.6;80;-8.6;0;0;0;0;102;98;0;0;1795;119.27;0;0;0;0;0;0;0;0;0;0;0;0;0;0;0;0;28;0;39.0;39.0;2;0;0.00;0.00;0.00;0.0;0.0
71.426;81;908;40;36320;0.0;19.700;1.340;42;45;13;0;100;99;100;129;100;201;100;47;47;0;2.269;2.269;0.000;0.000;19.700;1.340;6.9;0.0;0;27;3.000;2.968;12.6;80;-8.4;0;0;0;0;102;98;0;0;1795;118.61;0;0;0;0;0;0;0;0;0;0;0;0;0;0;0;0;27;0;40.0;40.0;2;0;0.00;0.00;0.00;0.0;0.0
71.500;81;896;40;35840;0.0;19.700;1.340;42;45;13;0;100;99;100;129;100;201;100;46;46;0;2.255;2.255;0.000;0.000;19.700;1.340;6.7;0.0;0;27;3.000;2.642;12.6;10;-8.4;0;0;0;0;102;98;0;0;1795;120.20;0;0;0;0;0;0;0;0;0;0;0;0;0;0;0;0;27;0;40.0;40.0;2;0;0.00;0.00;0.00;0.0;0.0
71.566;81;911;40;36440;0.0;19.700;1.340;42;45;13;0;100;99;100;129;100;201;100;47;47;0;2.293;2.293;0.000;0.000;19.700;1.340;7.0;0.0;0;27;3.000;3.239;12.4;70;-8.4;0;0;0;0;102;98;0;0;1795;118.22;0;0;0;0;0;0;0;0;0;0;0;0;0;0;0;0;27;0;40.0;40.0;2;0;0.00;0.00;0.00;0.0;0.0
71.632;81;911;39;35529;0.0;19.700;1.340;42;45;13;0;100;99;100;129;100;201;100;46;46;0;2.265;2.265;0.000;0.000;19.700;1.340;6.9;0.0;0;28;3.000;2.725;12.4;70;-8.6;0;0;0;0;102;98;0;0;1795;118.22;0;0;0;0;0;0;0;0;0;0;0;0;0;0;0;0;28;0;39.0;39.0;2;0;0.00;0.00;0.00;0.0;0.0
71.698;81;922;39;35958;0.0;19.700;1.340;42;45;13;0;100;99;100;129;100;201;100;46;46;0;2.265;2.265;0.000;0.000;19.700;1.340;7.0;0.0;0;28;3.000;3.444;12.4;0;-8.6;0;0;0;0;102;98;0;0;1795;116.81;0;0;0;0;0;0;0;0;0;0;0;0;0;0;0;0;28;0;39.0;39.0;2;0;0.00;0.00;0.00;0.0;0.0
71.764;81;901;39;35139;0.0;19.700;1.340;42;45;13;0;100;99;100;129;100;201;100;46;46;0;2.265;2.265;0.000;0.000;19.700;1.340;6.8;0.0;0;27;3.000;2.430;12.4;-100;-8.6;0;0;0;0;102;98;0;0;1795;119.53;0;0;0;0;0;0;0;0;0;0;0;0;0;0;0;0;27;0;39.0;39.0;2;0;0.00;0.00;0.00;0.0;0.0
71.833;81;903;39;35217;0.0;19.700;1.340;42;45;13;0;100;99;100;129;100;201;100;46;46;0;2.253;2.253;0.000;0.000;19.700;1.340;6.8;0.0;0;28;3.000;2.892;12.5;-100;-8.6;0;0;0;0;102;98;0;0;1795;119.27;0;0;0;0;0;0;0;0;0;0;0;0;0;0;0;0;28;0;39.0;39.0;2;0;0.00;0.00;0.00;0.0;0.0
71.898;81;885;40;35400;0.0;19.700;1.340;42;45;13;0;100;99;100;129;100;201;100;46;46;0;2.267;2.267;0.000;0.000;19.700;1.340;6.7;0.0;0;27;3.000;2.466;12.5;-60;-8.4;0;0;0;0;102;98;0;0;1795;121.69;0;0;0;0;0;0;0;0;0;0;0;0;0;0;0;0;27;0;40.0;40.0;2;0;0.00;0.00;0.00;0.0;0.0
71.965;81;888;40;35520;0.0;19.700;1.340;42;45;13;0;100;99;100;129;100;201;100;46;46;0;2.267;2.267;0.000;0.000;19.700;1.340;6.7;0.0;0;27;3.000;3.096;12.5;-60;-8.4;0;0;0;0;102;98;0;0;1795;121.28;0;0;0;0;0;0;0;0;0;0;0;0;0;0;0;0;27;0;40.0;40.0;2;0;0.00;0.00;0.00;0.0;0.0
72.034;81;867;40;34680;0.0;19.700;1.340;42;45;13;0;100;99;100;129;100;201;100;46;46;0;2.267;2.267;0.000;0.000;19.700;1.340;6.6;0.0;0;26;3.000;2.520;12.5;-70;-8.4;0;0;0;0;102;98;0;0;1795;124.22;0;0;0;0;0;0;0;0;0;0;0;0;0;0;0;0;26;0;40.0;40.0;2;0;0.00;0.00;0.00;0.0;0.0
72.099;82;885;41;36285;0.0;19.700;1.340;42;45;13;0;100;99;100;129;100;201;100;47;47;0;2.297;2.297;0.000;0.000;19.700;1.340;6.8;0.0;0;27;3.000;3.479;12.5;-30;-8.3;0;0;0;0;102;98;0;0;1797;121.83;0;0;0;0;0;0;0;0;0;0;0;0;0;0;0;0;27;0;41.0;41.0;2;0;0.00;0.00;0.00;0.0;0.0
72.165;82;893;40;35720;0.0;19.700;1.340;42;45;13;0;100;99;100;129;100;201;100;46;46;0;2.267;2.267;0.000;0.000;19.700;1.340;6.7;0.0;0;27;3.000;2.894;12.5;-30;-8.4;0;0;0;0;102;98;0;0;1797;120.74;0;0;0;0;0;0;0;0;0;0;0;0;0;0;0;0;27;0;40.0;40.0;2;0;0.00;0.00;0.00;0.0;0.0
72.231;82;907;40;36280;0.0;19.700;1.340;42;45;13;0;100;99;100;129;100;201;100;47;47;0;2.281;2.281;0.000;0.000;19.700;1.340;6.9;0.0;0;27;3.000;3.182;12.5;90;-8.4;0;0;0;0;102;98;0;0;1797;118.88;0;0;0;0;0;0;0;0;0;0;0;0;0;0;0;0;27;0;40.0;40.0;2;0;0.00;0.00;0.00;0.0;0.0
72.298;82;905;40;36200;0.0;19.700;1.340;42;45;13;0;100;99;100;129;100;201;100;47;47;0;2.281;2.281;0.000;0.000;19.700;1.340;6.9;0.0;0;27;3.000;2.783;12.5;110;-8.4;0;0;0;0;102;98;0;0;1797;119.14;0;0;0;0;0;0;0;0;0;0;0;0;0;0;0;0;27;0;40.0;40.0;2;0;0.00;0.00;0.00;0.0;0.0
72.364;82;916;40;36640;0.0;19.700;1.340;42;45;13;0;100;99;100;129;100;201;100;47;47;0;2.269;2.269;0.000;0.000;19.700;1.340;6.9;0.0;0;27;3.000;3.177;12.6;110;-8.4;0;0;0;0;102;98;0;0;1797;117.71;0;0;0;0;0;0;0;0;0;0;0;0;0;0;0;0;27;0;40.0;40.0;2;0;0.00;0.00;0.00;0.0;0.0
72.431;82;908;40;36320;0.0;19.700;1.340;42;45;13;0;100;99;100;129;100;201;100;47;47;0;2.269;2.269;0.000;0.000;19.700;1.340;6.9;0.0;0;27;3.000;2.612;12.6;90;-8.4;0;0;0;0;102;98;0;0;1797;118.74;0;0;0;0;0;0;0;0;0;0;0;0;0;0;0;0;27;0;40.0;40.0;2;0;0.00;0.00;0.00;0.0;0.0
72.496;82;920;40;36800;0.0;19.700;1.340;42;45;13;0;100;99;100;129;100;201;100;47;47;0;2.269;2.269;0.000;0.000;19.700;1.340;7.0;0.0;0;28;3.000;3.127;12.6;30;-8.4;0;0;0;0;102;98;0;0;1797;117.20;0;0;0;0;0;0;0;0;0;0;0;0;0;0;0;0;28;0;40.0;40.0;2;0;0.00;0.00;0.00;0.0;0.0
72.563;82;917;39;35763;0.0;19.700;1.340;42;45;13;0;100;99;100;129;100;201;100;46;46;0;2.241;2.241;0.000;0.000;19.700;1.340;6.8;0.0;0;27;3.000;2.915;12.6;30;-8.6;0;0;0;0;102;98;0;0;1797;117.58;0;0;0;0;0;0;0;0;0;0;0;0;0;0;0;0;27;0;39.0;39.0;2;0;0.00;0.00;0.00;0.0;0.0
72.631;82;933;39;36387;0.0;19.700;1.340;42;45;13;0;100;99;100;129;100;201;100;46;46;0;2.241;2.241;0.000;0.000;19.700;1.340;7.0;0.0;0;28;3.000;3.547;12.6;0;-8.6;0;0;0;0;102;98;0;0;1797;115.56;0;0;0;0;0;0;0;0;0;0;0;0;0;0;0;0;28;0;39.0;39.0;2;0;0.00;0.00;0.00;0.0;0.0
72.698;82;927;39;36153;0.0;19.700;1.340;42;45;13;0;100;99;100;129;100;201;100;46;46;0;2.241;2.241;0.000;0.000;19.700;1.340;6.9;0.0;0;28;3.000;2.921;12.6;150;-8.6;0;0;0;0;102;98;0;0;1797;116.31;0;0;0;0;0;0;0;0;0;0;0;0;0;0;0;0;28;0;39.0;39.0;2;0;0.00;0.00;0.00;0.0;0.0
72.764;82;924;39;36036;0.0;19.700;1.340;42;45;13;0;100;99;100;129;100;201;100;46;46;0;2.241;2.241;0.000;0.000;19.700;1.340;6.9;0.0;0;28;3.000;2.861;12.6;150;-8.6;0;0;0;0;102;98;0;0;1797;116.69;0;0;0;0;0;0;0;0;0;0;0;0;0;0;0;0;28;0;39.0;39.0;2;0;0.00;0.00;0.00;0.0;0.0
72.833;82;912;39;35568;0.0;19.700;1.340;42;45;13;0;100;99;100;129;100;201;100;46;46;0;2.241;2.241;0.000;0.000;19.700;1.340;6.8;0.0;0;28;3.000;2.802;12.6;-80;-8.6;0;0;0;0;102;98;0;0;1797;118.22;0;0;0;0;0;0;0;0;0;0;0;0;0;0;0;0;28;0;39.0;39.0;2;0;0.00;0.00;0.00;0.0;0.0
72.899;82;925;39;36075;0.0;19.700;1.340;42;45;13;0;100;99;100;129;100;201;100;46;46;0;2.241;2.241;0.000;0.000;19.700;1.340;6.9;0.0;0;28;3.000;2.813;12.6;50;-8.6;0;0;0;0;102;98;0;0;1797;116.56;0;0;0;0;0;0;0;0;0;0;0;0;0;0;0;0;28;0;39.0;39.0;2;0;0.00;0.00;0.00;0.0;0.0
72.970;82;897;39;34983;0.0;19.700;1.340;42;45;13;0;100;99;100;129;100;201;100;46;46;0;2.241;2.241;0.000;0.000;19.700;1.340;6.7;0.0;0;27;3.000;2.274;12.6;50;-8.6;0;0;0;0;102;98;0;0;1797;120.20;0;0;0;0;0;0;0;0;0;0;0;0;0;0;0;0;27;0;39.0;39.0;2;0;0.00;0.00;0.00;0.0;0.0
73.032;82;914;39;35646;0.0;19.700;1.340;42;45;13;0;100;99;100;129;100;201;100;46;46;0;2.241;2.241;0.000;0.000;19.700;1.340;6.8;0.0;0;27;3.000;2.884;12.6;-320;-8.6;0;0;0;0;102;98;0;0;1797;117.96;0;0;0;0;0;0;0;0;0;0;0;0;0;0;0;0;27;0;39.0;39.0;2;0;0.00;0.00;0.00;0.0;0.0
73.101;83;917;39;35763;0.0;19.700;1.340;42;45;13;0;100;99;100;129;100;201;100;46;46;0;2.241;2.241;0.000;0.000;19.700;1.340;6.8;0.0;0;27;3.000;2.863;12.6;200;-8.6;0;0;0;0;102;98;0;0;1797;117.58;0;0;0;0;0;0;0;0;0;0;0;0;0;0;0;0;27;0;39.0;39.0;2;0;0.00;0.00;0.00;0.0;0.0
73.167;83;923;39;35997;0.0;19.700;1.340;42;45;13;0;100;99;100;129;100;201;100;46;46;0;2.241;2.241;0.000;0.000;19.700;1.340;6.9;0.0;0;28;3.000;2.866;12.6;200;-8.6;0;0;0;0;102;98;0;0;1797;116.81;0;0;0;0;0;0;0;0;0;0;0;0;0;0;0;0;28;0;39.0;39.0;2;0;0.00;0.00;0.00;0.0;0.0
73.233;83;904;39;35256;0.0;19.700;1.340;42;45;13;0;100;99;100;129;100;201;100;46;46;0;2.241;2.241;0.000;0.000;19.700;1.340;6.8;0.0;0;28;3.000;2.727;12.6;-40;-8.6;0;0;0;0;102;98;0;0;1797;119.27;0;0;0;0;0;0;0;0;0;0;0;0;0;0;0;0;28;0;39.0;39.0;2;0;0.00;0.00;0.00;0.0;0.0
73.298;83;914;39;35646;0.0;19.700;1.340;42;45;13;0;100;99;100;129;100;201;100;46;46;0;2.241;2.241;0.000;0.000;19.700;1.340;6.8;0.0;0;27;3.000;2.619;12.6;10;-8.6;0;0;0;0;102;98;0;0;1797;117.96;0;0;0;0;0;0;0;0;0;0;0;0;0;0;0;0;27;0;39.0;39.0;2;0;0.00;0.00;0.00;0.0;0.0
73.364;83;913;39;35607;0.0;19.700;1.340;42;45;13;0;100;99;100;129;100;201;100;46;46;0;2.241;2.241;0.000;0.000;19.700;1.340;6.8;0.0;0;27;3.000;2.847;12.6;10;-8.6;0;0;0;0;102;98;0;0;1797;118.09;0;0;0;0;0;0;0;0;0;0;0;0;0;0;0;0;27;0;39.0;39.0;2;0;0.00;0.00;0.00;0.0;0.0
73.430;83;938;39;36582;0.0;19.700;1.340;42;45;13;0;100;99;100;129;100;201;100;46;46;0;2.241;2.241;0.000;0.000;19.700;1.340;7.0;0.0;0;28;3.000;3.216;12.6;170;-8.6;0;0;0;0;102;98;0;0;1797;114.95;0;0;0;0;0;0;0;0;0;0;0;0;0;0;0;0;28;0;39.0;39.0;2;0;0.00;0.00;0.00;0.0;0.0
73.499;83;934;39;36426;0.0;19.700;1.340;42;45;13;0;100;99;100;129;100;201;100;46;46;0;2.241;2.241;0.000;0.000;19.700;1.340;7.0;0.0;0;28;3.000;2.819;12.6;30;-8.6;0;0;0;0;102;98;0;0;1797;115.44;0;0;0;0;0;0;0;0;0;0;0;0;0;0;0;0;28;0;39.0;39.0;2;0;0.00;0.00;0.00;0.0;0.0
73.565;83;958;38;36404;0.0;19.700;1.340;42;45;13;0;100;99;100;129;100;201;100;46;46;0;2.224;2.224;0.000;0.000;19.700;1.340;7.1;0.0;0;28;3.000;3.016;12.6;30;-8.7;0;0;0;0;102;98;0;0;1797;112.55;0;0;0;0;0;0;0;0;0;0;0;0;0;0;0;0;28;0;38.0;38.0;2;0;0.00;0.00;0.00;0.0;0.0
73.631;83;941;38;35758;0.0;19.700;1.340;42;45;13;0;100;99;100;129;100;201;100;45;45;0;2.210;2.210;0.000;0.000;19.700;1.340;6.9;0.0;0;29;3.000;2.673;12.6;180;-8.7;0;0;0;0;102;98;0;0;1797;114.58;0;0;0;0;0;0;0;0;0;0;0;0;0;0;0;0;29;0;38.0;38.0;2;0;0.00;0.00;0.00;0.0;0.0
73.696;83;948;38;36024;0.0;19.700;1.340;42;45;13;0;100;99;100;129;100;201;100;46;46;0;2.224;2.224;0.000;0.000;19.700;1.340;7.0;0.0;0;29;3.000;3.012;12.6;0;-8.7;0;0;0;0;102;98;0;0;1797;113.73;0;0;0;0;0;0;0;0;0;0;0;0;0;0;0;0;29;0;38.0;38.0;2;0;0.00;0.00;0.00;0.0;0.0
73.696;83;951;38;36138;0.0;19.700;1.340;42;45;13;0;100;99;100;129;100;201;100;46;46;0;2.224;2.224;0.000;0.000;19.700;1.340;7.1;0.0;0;28;3.000;2.481;12.6;0;-8.7;0;0;0;0;102;98;0;0;1797;113.38;0;0;0;0;0;0;0;0;0;0;0;0;0;0;0;0;28;0;38.0;38.0;2;0;0.00;0.00;0.00;0.0;0.0
73.831;83;941;38;35758;0.0;19.700;1.340;42;45;13;0;100;99;100;129;100;201;100;45;45;0;2.210;2.210;0.000;0.000;19.700;1.340;6.9;0.0;0;29;3.000;2.765;12.6;-60;-8.7;0;0;0;0;102;98;0;0;1797;114.58;0;0;0;0;0;0;0;0;0;0;0;0;0;0;0;0;29;0;38.0;38.0;2;0;0.00;0.00;0.00;0.0;0.0
73.897;83;940;39;36660;0.0;19.700;1.340;42;45;13;0;100;99;100;129;100;201;100;46;46;0;2.241;2.241;0.000;0.000;19.700;1.340;7.0;0.0;0;28;3.000;2.588;12.6;-60;-8.6;0;0;0;0;102;98;0;0;1797;114.70;0;0;0;0;0;0;0;0;0;0;0;0;0;0;0;0;28;0;39.0;39.0;2;0;0.00;0.00;0.00;0.0;0.0
73.964;83;921;38;34998;0.0;19.700;1.340;42;45;13;0;100;99;100;129;100;201;100;45;45;0;2.210;2.210;0.000;0.000;19.700;1.340;6.8;0.0;0;28;3.000;2.626;12.6;-60;-8.7;0;0;0;0;102;98;0;0;1797;117.07;0;0;0;0;0;0;0;0;0;0;0;0;0;0;0;0;28;0;38.0;38.0;2;0;0.00;0.00;0.00;0.0;0.0
74.027;83;927;39;36153;0.0;19.700;1.340;42;45;13;0;100;99;100;129;100;201;100;46;46;0;2.241;2.241;0.000;0.000;19.700;1.340;6.9;0.0;0;28;3.000;2.496;12.6;-250;-8.6;0;0;0;0;102;98;0;0;1797;116.31;0;0;0;0;0;0;0;0;0;0;0;0;0;0;0;0;28;0;39.0;39.0;2;0;0.00;0.00;0.00;0.0;0.0
74.092;83;929;39;36231;0.0;19.700;1.340;42;45;13;0;100;99;100;129;100;201;100;46;46;0;2.241;2.241;0.000;0.000;19.700;1.340;6.9;0.0;0;28;3.000;2.909;12.6;-250;-8.6;0;0;0;0;102;98;0;0;1797;116.06;0;0;0;0;0;0;0;0;0;0;0;0;0;0;0;0;28;0;39.0;39.0;2;0;0.00;0.00;0.00;0.0;0.0
74.158;84;933;39;36387;0.0;19.700;1.340;42;45;13;0;100;99;100;129;100;201;100;46;46;0;2.241;2.241;0.000;0.000;19.700;1.340;7.0;0.0;0;28;3.000;3.078;12.6;140;-8.6;0;0;0;0;102;98;0;0;1794;115.37;0;0;0;0;0;0;0;0;0;0;0;0;0;0;0;0;28;0;39.0;39.0;2;0;0.00;0.00;0.00;0.0;0.0
74.228;84;928;39;36192;0.0;19.700;1.340;42;45;13;0;100;99;100;129;100;201;100;46;46;0;2.241;2.241;0.000;0.000;19.700;1.340;6.9;0.0;0;28;3.000;2.809;12.6;0;-8.6;0;0;0;0;102;98;0;0;1794;115.99;0;0;0;0;0;0;0;0;0;0;0;0;0;0;0;0;28;0;39.0;39.0;2;0;0.00;0.00;0.00;0.0;0.0
74.298;84;929;39;36231;0.0;19.700;1.340;42;45;13;0;100;99;100;129;100;201;100;46;46;0;2.241;2.241;0.000;0.000;19.700;1.340;6.9;0.0;0;28;3.000;3.013;12.6;0;-8.6;0;0;0;0;102;98;0;0;1794;115.87;0;0;0;0;0;0;0;0;0;0;0;0;0;0;0;0;28;0;39.0;39.0;2;0;0.00;0.00;0.00;0.0;0.0
74.363;84;923;39;35997;0.0;19.700;1.340;42;45;13;0;100;99;100;129;100;201;100;46;46;0;2.241;2.241;0.000;0.000;19.700;1.340;6.9;0.0;0;28;3.000;2.836;12.6;0;-8.6;0;0;0;0;102;98;0;0;1794;116.62;0;0;0;0;0;0;0;0;0;0;0;0;0;0;0;0;28;0;39.0;39.0;2;0;0.00;0.00;0.00;0.0;0.0
74.429;84;939;39;36621;0.0;19.700;1.340;42;45;13;0;100;99;100;129;100;201;100;46;46;0;2.241;2.241;0.000;0.000;19.700;1.340;7.0;0.0;0;28;3.000;3.430;12.6;100;-8.6;0;0;0;0;102;98;0;0;1794;114.63;0;0;0;0;0;0;0;0;0;0;0;0;0;0;0;0;28;0;39.0;39.0;2;0;0.00;0.00;0.00;0.0;0.0
74.494;84;936;39;36504;0.0;19.700;1.340;42;45;13;0;100;99;100;129;100;201;100;46;46;0;2.241;2.241;0.000;0.000;19.700;1.340;7.0;0.0;0;28;3.000;2.589;12.6;100;-8.6;0;0;0;0;102;98;0;0;1794;115.00;0;0;0;0;0;0;0;0;0;0;0;0;0;0;0;0;28;0;39.0;39.0;2;0;0.00;0.00;0.00;0.0;0.0
74.560;84;930;39;36270;0.0;19.700;1.340;42;45;13;0;100;99;100;129;100;201;100;46;46;0;2.241;2.241;0.000;0.000;19.700;1.340;6.9;0.0;0;28;3.000;3.072;12.6;-190;-8.6;0;0;0;0;102;98;0;0;1794;115.74;0;0;0;0;0;0;0;0;0;0;0;0;0;0;0;0;28;0;39.0;39.0;2;0;0.00;0.00;0.00;0.0;0.0
74.624;84;931;39;36309;0.0;19.700;1.340;42;46;13;0;100;99;100;127;100;196;100;46;46;0;2.222;2.222;0.000;0.000;19.700;1.340;6.9;0.0;0;28;3.000;2.969;12.6;110;-8.6;0;0;0;0;105;98;0;0;1794;115.62;0;0;0;0;0;0;0;0;0;0;0;0;0;0;0;0;28;0;39.0;39.0;2;0;0.00;0.00;0.00;0.0;0.0
74.694;84;957;38;36366;0.0;19.700;1.340;42;46;13;0;100;99;100;127;100;196;100;46;46;0;2.207;2.207;0.000;0.000;19.700;1.340;7.0;0.0;0;29;3.000;3.499;12.6;110;-8.7;0;0;0;0;105;98;0;0;1794;112.48;0;0;0;0;0;0;0;0;0;0;0;0;0;0;0;0;29;0;38.0;38.0;2;0;0.00;0.00;0.00;0.0;0.0
74.760;84;956;38;36328;0.0;19.700;1.340;42;46;13;0;100;99;100;127;100;196;100;46;46;0;2.207;2.207;0.000;0.000;19.700;1.340;7.0;0.0;0;29;3.000;2.786;12.6;260;-8.7;0;0;0;0;105;98;0;0;1794;112.59;0;0;0;0;0;0;0;0;0;0;0;0;0;0;0;0;29;0;38.0;38.0;2;0;0.00;0.00;0.00;0.0;0.0
74.827;84;958;38;36404;0.0;19.700;1.340;42;46;13;0;100;99;100;127;100;196;100;46;46;0;2.207;2.207;0.000;0.000;19.700;1.340;7.0;0.0;0;28;3.000;2.506;12.6;110;-8.7;0;0;0;0;105;98;0;0;1794;112.36;0;0;0;0;0;0;0;0;0;0;0;0;0;0;0;0;28;0;38.0;38.0;2;0;0.00;0.00;0.00;0.0;0.0
74.895;84;942;38;35796;0.0;19.700;1.340;42;46;13;0;100;99;100;127;100;196;100;46;46;0;2.207;2.207;0.000;0.000;19.700;1.340;6.9;0.0;0;28;3.000;2.724;12.6;110;-8.7;0;0;0;0;105;98;0;0;1794;114.27;0;0;0;0;0;0;0;0;0;0;0;0;0;0;0;0;28;0;38.0;38.0;2;0;0.00;0.00;0.00;0.0;0.0
74.964;84;956;38;36328;0.0;19.700;1.340;42;46;13;0;100;99;100;127;100;196;100;46;46;0;2.207;2.207;0.000;0.000;19.700;1.340;7.0;0.0;0;29;3.000;2.903;12.6;-160;-8.7;0;0;0;0;105;98;0;0;1794;112.59;0;0;0;0;0;0;0;0;0;0;0;0;0;0;0;0;29;0;38.0;38.0;2;0;0.00;0.00;0.00;0.0;0.0
75.030;84;936;38;35568;0.0;19.700;1.340;42;46;13;0;100;99;100;127;100;196;100;45;45;0;2.193;2.193;0.000;0.000;19.700;1.340;6.8;0.0;0;28;3.000;2.459;12.6;-160;-8.7;0;0;0;0;105;98;0;0;1794;115.00;0;0;0;0;0;0;0;0;0;0;0;0;0;0;0;0;28;0;38.0;38.0;2;0;0.00;0.00;0.00;0.0;0.0
75.096;84;944;38;35872;0.0;19.700;1.340;42;46;13;0;100;99;100;127;100;196;100;45;45;0;2.193;2.193;0.000;0.000;19.700;1.340;6.9;0.0;0;29;3.000;2.905;12.6;-160;-8.7;0;0;0;0;105;98;0;0;1794;114.03;0;0;0;0;0;0;0;0;0;0;0;0;0;0;0;0;29;0;38.0;38.0;2;0;0.00;0.00;0.00;0.0;0.0
75.161;85;927;39;36153;0.0;19.700;1.340;42;46;13;0;100;99;100;127;100;196;100;46;46;0;2.222;2.222;0.000;0.000;19.700;1.340;6.9;0.0;0;28;3.000;2.529;12.6;20;-8.6;0;0;0;0;105;98;0;0;1794;116.12;0;0;0;0;0;0;0;0;0;0;0;0;0;0;0;0;28;0;39.0;39.0;2;0;0.00;0.00;0.00;0.0;0.0
75.227;85;938;38;35644;0.0;19.700;1.340;42;46;13;0;100;99;100;127;100;196;100;45;45;0;2.193;2.193;0.000;0.000;19.700;1.340;6.9;0.0;0;28;3.000;2.971;12.6;0;-8.7;0;0;0;0;105;98;0;0;1794;114.75;0;0;0;0;0;0;0;0;0;0;0;0;0;0;0;0;28;0;38.0;38.0;2;0;0.00;0.00;0.00;0.0;0.0
75.293;85;962;38;36556;0.0;19.700;1.340;42;46;13;0;100;99;100;127;100;196;100;46;46;0;2.207;2.207;0.000;0.000;19.700;1.340;7.1;0.0;0;29;3.000;2.976;12.6;0;-8.7;0;0;0;0;105;98;0;0;1794;111.89;0;0;0;0;0;0;0;0;0;0;0;0;0;0;0;0;29;0;38.0;38.0;2;0;0.00;0.00;0.00;0.0;0.0
75.363;85;955;38;36290;0.0;19.700;1.340;42;46;13;0;100;99;100;127;100;196;100;46;46;0;2.207;2.207;0.000;0.000;19.700;1.340;7.0;0.0;0;28;3.000;2.846;12.6;240;-8.7;0;0;0;0;105;98;0;0;1794;112.71;0;0;0;0;0;0;0;0;0;0;0;0;0;0;0;0;28;0;38.0;38.0;2;0;0.00;0.00;0.00;0.0;0.0
75.363;85;951;38;36138;0.0;19.700;1.340;42;46;13;0;100;99;100;127;100;196;100;46;46;0;2.195;2.195;0.000;0.000;19.700;1.340;7.0;0.0;0;28;3.000;2.630;12.7;-110;-8.7;0;0;0;0;105;98;0;0;1794;113.19;0;0;0;0;0;0;0;0;0;0;0;0;0;0;0;0;28;0;38.0;38.0;2;0;0.00;0.00;0.00;0.0;0.0
75.494;85;953;38;36214;0.0;19.700;1.340;42;46;13;0;100;99;100;127;100;196;100;46;46;0;2.195;2.195;0.000;0.000;19.700;1.340;7.0;0.0;0;29;3.000;2.878;12.7;-110;-8.7;0;0;0;0;105;98;0;0;1794;112.95;0;0;0;0;0;0;0;0;0;0;0;0;0;0;0;0;29;0;38.0;38.0;2;0;0.00;0.00;0.00;0.0;0.0
75.494;85;964;38;36632;0.0;19.700;1.340;42;46;13;0;100;99;100;127;100;196;100;46;46;0;2.195;2.195;0.000;0.000;19.700;1.340;7.1;0.0;0;29;3.000;3.222;12.7;0;-8.7;0;0;0;0;105;98;0;0;1794;111.66;0;0;0;0;0;0;0;0;0;0;0;0;0;0;0;0;29;0;38.0;38.0;2;0;0.00;0.00;0.00;0.0;0.0
75.629;85;959;38;36442;0.0;19.700;1.340;42;46;13;0;100;99;100;127;100;196;100;46;46;0;2.195;2.195;0.000;0.000;19.700;1.340;7.0;0.0;0;29;3.000;2.675;12.7;80;-8.7;0;0;0;0;105;98;0;0;1794;112.24;0;0;0;0;0;0;0;0;0;0;0;0;0;0;0;0;29;0;38.0;38.0;2;0;0.00;0.00;0.00;0.0;0.0
75.694;85;956;38;36328;0.0;19.700;1.340;42;46;13;0;100;99;100;127;100;196;100;46;46;0;2.195;2.195;0.000;0.000;19.700;1.340;7.0;0.0;0;29;3.000;2.958;12.7;80;-8.7;0;0;0;0;105;98;0;0;1794;112.59;0;0;0;0;0;0;0;0;0;0;0;0;0;0;0;0;29;0;38.0;38.0;2;0;0.00;0.00;0.00;0.0;0.0
75.762;85;943;38;35834;0.0;19.700;1.340;42;46;13;0;100;99;100;127;100;196;100;46;46;0;2.195;2.195;0.000;0.000;19.700;1.340;6.9;0.0;0;28;3.000;2.574;12.7;-110;-8.7;0;0;0;0;105;98;0;0;1794;114.15;0;0;0;0;0;0;0;0;0;0;0;0;0;0;0;0;28;0;38.0;38.0;2;0;0.00;0.00;0.00;0.0;0.0
75.829;85;960;38;36480;0.0;19.700;1.340;42;46;13;0;100;99;100;127;100;196;100;46;46;0;2.195;2.195;0.000;0.000;19.700;1.340;7.0;0.0;0;29;3.000;3.419;12.7;70;-8.7;0;0;0;0;105;98;0;0;1794;112.13;0;0;0;0;0;0;0;0;0;0;0;0;0;0;0;0;29;0;38.0;38.0;2;0;0.00;0.00;0.00;0.0;0.0
75.896;85;951;38;36138;0.0;19.700;1.340;42;46;13;0;100;99;100;127;100;196;100;46;46;0;2.195;2.195;0.000;0.000;19.700;1.340;7.0;0.0;0;28;3.000;2.925;12.7;70;-8.7;0;0;0;0;105;98;0;0;1794;113.19;0;0;0;0;0;0;0;0;0;0;0;0;0;0;0;0;28;0;38.0;38.0;2;0;0.00;0.00;0.00;0.0;0.0
75.963;85;965;38;36670;0.0;19.700;1.340;42;46;13;0;100;99;100;127;100;196;100;46;46;0;2.195;2.195;0.000;0.000;19.700;1.340;7.1;0.0;0;29;3.000;3.071;12.7;50;-8.7;0;0;0;0;105;98;0;0;1794;111.54;0;0;0;0;0;0;0;0;0;0;0;0;0;0;0;0;29;0;38.0;38.0;2;0;0.00;0.00;0.00;0.0;0.0
76.030;85;951;38;36138;0.0;19.700;1.340;42;46;13;0;100;99;100;127;100;196;100;46;46;0;2.195;2.195;0.000;0.000;19.700;1.340;7.0;0.0;0;28;3.000;2.367;12.7;50;-8.7;0;0;0;0;105;98;0;0;1794;113.19;0;0;0;0;0;0;0;0;0;0;0;0;0;0;0;0;28;0;38.0;38.0;2;0;0.00;0.00;0.00;0.0;0.0
76.095;85;955;38;36290;0.0;19.700;1.340;42;46;13;0;100;99;100;127;100;196;100;46;46;0;2.195;2.195;0.000;0.000;19.700;1.340;7.0;0.0;0;28;3.000;2.567;12.7;-90;-8.7;0;0;0;0;105;98;0;0;1794;112.71;0;0;0;0;0;0;0;0;0;0;0;0;0;0;0;0;28;0;38.0;38.0;2;0;0.00;0.00;0.00;0.0;0.0
76.160;86;945;38;35910;0.0;19.700;1.340;42;46;13;0;100;99;100;127;100;196;100;46;46;0;2.195;2.195;0.000;0.000;19.700;1.340;6.9;0.0;0;29;3.000;2.798;12.7;0;-8.7;0;0;0;0;105;98;0;0;1796;114.03;0;0;0;0;0;0;0;0;0;0;0;0;0;0;0;0;29;0;38.0;38.0;2;0;0.00;0.00;0.00;0.0;0.0
76.228;86;952;38;36176;0.0;19.700;1.340;42;46;13;0;100;99;100;127;100;196;100;46;46;0;2.195;2.195;0.000;0.000;19.700;1.340;7.0;0.0;0;29;3.000;2.781;12.7;0;-8.7;0;0;0;0;105;98;0;0;1796;113.19;0;0;0;0;0;0;0;0;0;0;0;0;0;0;0;0;29;0;38.0;38.0;2;0;0.00;0.00;0.00;0.0;0.0
76.298;86;940;38;35720;0.0;19.700;1.340;42;46;13;0;100;99;100;127;100;196;100;46;46;0;2.195;2.195;0.000;0.000;19.700;1.340;6.9;0.0;0;29;3.000;2.803;12.7;10;-8.7;0;0;0;0;105;98;0;0;1796;114.64;0;0;0;0;0;0;0;0;0;0;0;0;0;0;0;0;29;0;38.0;38.0;2;0;0.00;0.00;0.00;0.0;0.0
76.363;86;954;38;36252;0.0;19.700;1.340;42;46;13;0;100;99;100;127;100;196;100;46;46;0;2.195;2.195;0.000;0.000;19.700;1.340;7.0;0.0;0;28;3.000;2.874;12.7;20;-8.7;0;0;0;0;105;98;0;0;1796;112.96;0;0;0;0;0;0;0;0;0;0;0;0;0;0;0;0;28;0;38.0;38.0;2;0;0.00;0.00;0.00;0.0;0.0
76.429;86;957;38;36366;0.0;19.700;1.340;42;46;13;0;100;99;100;127;100;196;100;46;46;0;2.195;2.195;0.000;0.000;19.700;1.340;7.0;0.0;0;29;3.000;2.581;12.7;20;-8.7;0;0;0;0;105;98;0;0;1796;112.60;0;0;0;0;0;0;0;0;0;0;0;0;0;0;0;0;29;0;38.0;38.0;2;0;0.00;0.00;0.00;0.0;0.0
76.498;86;961;38;36518;0.0;19.700;1.340;42;46;13;0;100;99;100;127;100;196;100;46;46;0;2.195;2.195;0.000;0.000;19.700;1.340;7.0;0.0;0;29;3.000;2.927;12.7;30;-8.7;0;0;0;0;105;98;0;0;1796;112.13;0;0;0;0;0;0;0;0;0;0;0;0;0;0;0;0;29;0;38.0;38.0;2;0;0.00;0.00;0.00;0.0;0.0
76.563;86;967;38;36746;0.0;19.700;1.340;42;46;13;0;100;99;100;127;100;196;100;46;46;0;2.195;2.195;0.000;0.000;19.700;1.340;7.1;0.0;0;29;3.000;2.951;12.7;0;-8.7;0;0;0;0;105;98;0;0;1796;111.44;0;0;0;0;0;0;0;0;0;0;0;0;0;0;0;0;29;0;38.0;38.0;2;0;0.00;0.00;0.00;0.0;0.0
76.629;86;961;38;36518;0.0;19.700;1.340;42;46;13;0;100;99;100;127;100;196;100;46;46;0;2.195;2.195;0.000;0.000;19.700;1.340;7.0;0.0;0;29;3.000;2.742;12.7;0;-8.7;0;0;0;0;105;98;0;0;1796;112.13;0;0;0;0;0;0;0;0;0;0;0;0;0;0;0;0;29;0;38.0;38.0;2;0;0.00;0.00;0.00;0.0;0.0
76.698;86;964;38;36632;0.0;19.700;1.340;42;46;13;0;100;99;100;127;100;196;100;46;46;0;2.231;2.231;0.000;0.000;19.700;1.340;7.2;0.0;0;29;3.000;2.987;12.4;40;-8.7;0;0;0;0;105;98;0;0;1796;111.78;0;0;0;0;0;0;0;0;0;0;0;0;0;0;0;0;29;0;38.0;38.0;2;0;0.00;0.00;0.00;0.0;0.0
76.763;86;957;37;35409;0.0;19.700;1.340;42;46;13;0;100;99;100;127;100;196;100;45;45;0;2.188;2.188;0.000;0.000;19.700;1.340;7.0;0.0;0;28;3.000;2.473;12.4;-40;-8.8;0;0;0;0;105;98;0;0;1796;112.60;0;0;0;0;0;0;0;0;0;0;0;0;0;0;0;0;28;0;37.0;37.0;2;0;0.00;0.00;0.00;0.0;0.0
76.831;86;955;38;36290;0.0;19.700;1.340;42;46;13;0;100;99;100;127;100;196;100;46;46;0;2.231;2.231;0.000;0.000;19.700;1.340;7.1;0.0;0;28;3.000;2.851;12.4;-40;-8.7;0;0;0;0;105;98;0;0;1796;112.84;0;0;0;0;0;0;0;0;0;0;0;0;0;0;0;0;28;0;38.0;38.0;2;0;0.00;0.00;0.00;0.0;0.0
76.899;86;945;38;35910;0.0;19.700;1.340;42;46;13;0;100;99;100;127;100;196;100;46;46;0;2.339;2.339;0.000;0.000;19.700;1.340;7.4;0.0;0;29;3.030;2.938;11.8;-90;-8.7;0;0;0;0;105;98;0;0;1796;114.03;0;0;0;0;0;0;0;0;0;0;0;0;0;0;0;0;29;0;38.0;38.0;2;0;0.00;0.00;0.00;0.0;0.0
76.966;86;950;38;36100;0.0;19.700;1.340;42;46;13;0;100;99;100;127;100;196;100;46;46;0;2.339;2.339;0.000;0.000;19.700;1.340;7.4;0.0;0;28;3.030;2.883;11.8;60;-8.7;0;0;0;0;105;98;0;0;1796;113.43;0;0;0;0;0;0;0;0;0;0;0;0;0;0;0;0;28;0;38.0;38.0;2;0;0.00;0.00;0.00;0.0;0.0
77.030;86;937;38;35606;0.0;19.700;1.340;42;46;13;0;100;99;100;127;100;196;100;46;46;0;2.339;2.339;0.000;0.000;19.700;1.340;7.3;0.0;0;28;3.030;2.700;11.8;60;-8.7;0;0;0;0;105;98;0;0;1796;115.01;0;0;0;0;0;0;0;0;0;0;0;0;0;0;0;0;28;0;38.0;38.0;2;0;0.00;0.00;0.00;0.0;0.0
77.097;86;948;38;36024;0.0;19.700;1.340;42;46;13;0;100;99;100;127;100;196;100;46;46;0;2.339;2.339;0.000;0.000;19.700;1.340;7.4;0.0;0;29;3.030;3.100;11.8;-170;-8.7;0;0;0;0;105;98;0;0;1796;113.67;0;0;0;0;0;0;0;0;0;0;0;0;0;0;0;0;29;0;38.0;38.0;2;0;0.00;0.00;0.00;0.0;0.0
77.162;87;935;38;35530;0.0;19.700;1.340;42;46;13;0;100;99;100;127;100;196;100;45;45;0;2.385;2.385;0.000;0.000;19.700;1.340;7.4;0.0;0;28;3.060;2.469;11.5;120;-8.7;0;0;0;0;105;98;0;0;1782;114.35;0;0;0;0;0;0;0;0;0;0;0;0;0;0;0;0;28;0;38.0;38.0;2;0;0.00;0.00;0.00;0.0;0.0
77.231;87;930;38;35340;0.0;19.700;1.340;42;46;13;0;100;99;100;127;100;196;100;45;45;0;2.385;2.385;0.000;0.000;19.700;1.340;7.4;0.0;0;28;3.060;2.761;11.5;120;-8.7;0;0;0;0;105;98;0;0;1782;114.97;0;0;0;0;0;0;0;0;0;0;0;0;0;0;0;0;28;0;38.0;38.0;2;0;0.00;0.00;0.00;0.0;0.0
77.295;87;918;39;35802;0.0;19.700;1.340;42;46;13;0;100;99;100;127;100;196;100;46;46;0;2.414;2.414;0.000;0.000;19.700;1.340;7.4;0.0;0;28;3.060;2.734;11.5;-260;-8.6;0;0;0;0;105;98;0;0;1782;116.47;0;0;0;0;0;0;0;0;0;0;0;0;0;0;0;0;28;0;39.0;39.0;2;0;0.00;0.00;0.00;0.0;0.0
77.295;87;932;39;36348;0.0;19.700;1.340;42;46;13;0;100;99;100;127;100;196;100;46;46;0;2.414;2.414;0.000;0.000;19.700;1.340;7.5;0.0;0;28;3.060;2.878;11.5;90;-8.6;0;0;0;0;105;98;0;0;1782;114.72;0;0;0;0;0;0;0;0;0;0;0;0;0;0;0;0;28;0;39.0;39.0;2;0;0.00;0.00;0.00;0.0;0.0
77.362;87;920;39;35880;0.0;19.700;1.340;42;46;13;0;100;99;100;127;100;196;100;46;46;0;2.306;2.306;0.000;0.000;19.700;1.340;7.1;0.0;0;28;3.030;2.828;12.0;90;-8.6;0;0;0;0;105;98;0;0;1782;116.22;0;0;0;0;0;0;0;0;0;0;0;0;0;0;0;0;28;0;39.0;39.0;2;0;0.00;0.00;0.00;0.0;0.0
77.497;87;933;39;36387;0.0;19.700;1.340;42;46;13;0;100;99;100;127;100;196;100;46;46;0;2.306;2.306;0.000;0.000;19.700;1.340;7.2;0.0;0;28;3.030;2.879;12.0;40;-8.6;0;0;0;0;105;98;0;0;1782;114.60;0;0;0;0;0;0;0;0;0;0;0;0;0;0;0;0;28;0;39.0;39.0;2;0;0.00;0.00;0.00;0.0;0.0
77.564;87;898;39;35022;0.0;19.700;1.340;42;46;13;0;100;99;100;127;100;196;100;46;46;0;2.306;2.306;0.000;0.000;19.700;1.340;6.9;0.0;0;27;3.030;2.086;12.0;-380;-8.6;0;0;0;0;105;98;0;0;1782;119.06;0;0;0;0;0;0;0;0;0;0;0;0;0;0;0;0;27;0;39.0;39.0;2;0;0.00;0.00;0.00;0.0;0.0
77.632;87;901;39;35139;0.0;19.700;1.340;42;46;13;0;100;99;100;127;100;196;100;46;46;0;2.306;2.306;0.000;0.000;19.700;1.340;6.9;0.0;0;27;3.030;2.545;12.0;-380;-8.6;0;0;0;0;105;98;0;0;1782;118.67;0;0;0;0;0;0;0;0;0;0;0;0;0;0;0;0;27;0;39.0;39.0;2;0;0.00;0.00;0.00;0.0;0.0
77.697;87;898;40;35920;0.0;19.700;1.340;42;46;13;0;100;99;100;127;100;196;100;46;46;0;2.260;2.260;0.000;0.000;19.700;1.340;6.8;0.0;0;27;3.000;2.846;12.4;20;-8.4;0;0;0;0;105;98;0;0;1782;119.06;0;0;0;0;0;0;0;0;0;0;0;0;0;0;0;0;27;0;40.0;40.0;2;0;0.00;0.00;0.00;0.0;0.0
77.765;87;912;40;36480;0.0;19.700;1.340;42;46;13;0;100;99;100;127;100;196;100;47;47;0;2.274;2.274;0.000;0.000;19.700;1.340;6.9;0.0;0;27;3.000;2.808;12.4;120;-8.4;0;0;0;0;105;98;0;0;1782;117.24;0;0;0;0;0;0;0;0;0;0;0;0;0;0;0;0;27;0;40.0;40.0;2;0;0.00;0.00;0.00;0.0;0.0
77.836;87;908;40;36320;0.0;19.700;1.340;42;46;13;0;100;99;100;127;100;196;100;47;47;0;2.274;2.274;0.000;0.000;19.700;1.340;6.9;0.0;0;27;3.000;2.787;12.4;120;-8.4;0;0;0;0;105;98;0;0;1782;117.75;0;0;0;0;0;0;0;0;0;0;0;0;0;0;0;0;27;0;40.0;40.0;2;0;0.00;0.00;0.00;0.0;0.0
77.899;87;930;39;36270;0.0;19.700;1.340;42;46;13;0;100;99;100;127;100;196;100;46;46;0;2.246;2.246;0.000;0.000;19.700;1.340;7.0;0.0;0;28;3.000;3.088;12.4;120;-8.6;0;0;0;0;105;98;0;0;1782;114.97;0;0;0;0;0;0;0;0;0;0;0;0;0;0;0;0;28;0;39.0;39.0;2;0;0.00;0.00;0.00;0.0;0.0
77.965;87;930;39;36270;0.0;19.700;1.340;42;46;13;0;100;99;100;127;100;196;100;46;46;0;2.234;2.234;0.000;0.000;19.700;1.340;6.9;0.0;0;28;3.000;2.781;12.5;60;-8.6;0;0;0;0;105;98;0;0;1782;114.97;0;0;0;0;0;0;0;0;0;0;0;0;0;0;0;0;28;0;39.0;39.0;2;0;0.00;0.00;0.00;0.0;0.0
78.035;87;941;39;36699;0.0;19.700;1.340;42;46;13;0;100;99;100;127;100;196;100;46;46;0;2.234;2.234;0.000;0.000;19.700;1.340;7.0;0.0;0;28;3.000;2.961;12.5;60;-8.6;0;0;0;0;105;98;0;0;1782;113.62;0;0;0;0;0;0;0;0;0;0;0;0;0;0;0;0;28;0;39.0;39.0;2;0;0.00;0.00;0.00;0.0;0.0
78.100;87;934;39;36426;0.0;19.700;1.340;42;46;13;0;100;99;100;127;100;196;100;46;46;0;2.234;2.234;0.000;0.000;19.700;1.340;7.0;0.0;0;28;3.000;2.695;12.5;10;-8.6;0;0;0;0;105;98;0;0;1782;114.48;0;0;0;0;0;0;0;0;0;0;0;0;0;0;0;0;28;0;39.0;39.0;2;0;0.00;0.00;0.00;0.0;0.0
78.165;87;933;39;36387;0.0;19.700;1.340;42;46;13;0;100;99;100;127;100;196;100;46;46;0;2.234;2.234;0.000;0.000;19.700;1.340;6.9;0.0;0;28;3.000;2.927;12.5;10;-8.6;0;0;0;0;105;98;0;0;1782;114.60;0;0;0;0;0;0;0;0;0;0;0;0;0;0;0;0;28;0;39.0;39.0;2;0;0.00;0.00;0.00;0.0;0.0
78.232;88;945;39;36855;0.0;19.700;1.340;42;46;13;0;100;99;100;127;100;196;100;46;46;0;2.222;2.222;0.000;0.000;19.700;1.340;7.0;0.0;0;28;3.000;3.236;12.6;20;-8.6;0;0;0;0;105;98;0;0;1768;112.25;0;0;0;0;0;0;0;0;0;0;0;0;0;0;0;0;28;0;39.0;39.0;2;0;0.00;0.00;0.00;0.0;0.0
78.301;88;934;38;35492;0.0;19.700;1.340;42;46;13;0;100;99;100;127;100;196;100;46;46;0;2.207;2.207;0.000;0.000;19.700;1.340;6.9;0.0;0;28;3.000;2.494;12.6;110;-8.7;0;0;0;0;105;98;0;0;1768;113.58;0;0;0;0;0;0;0;0;0;0;0;0;0;0;0;0;28;0;38.0;38.0;2;0;0.00;0.00;0.00;0.0;0.0
78.366;88;944;39;36816;0.0;19.700;1.340;42;46;13;0;100;99;100;127;100;196;100;46;46;0;2.222;2.222;0.000;0.000;19.700;1.340;7.0;0.0;0;28;3.000;3.323;12.6;110;-8.6;0;0;0;0;105;98;0;0;1768;112.37;0;0;0;0;0;0;0;0;0;0;0;0;0;0;0;0;28;0;39.0;39.0;2;0;0.00;0.00;0.00;0.0;0.0
78.432;88;952;38;36176;0.0;19.700;1.340;42;46;13;0;100;99;100;127;100;196;100;46;46;0;2.207;2.207;0.000;0.000;19.700;1.340;7.0;0.0;0;29;3.000;2.891;12.6;0;-8.7;0;0;0;0;105;98;0;0;1768;111.43;0;0;0;0;0;0;0;0;0;0;0;0;0;0;0;0;29;0;38.0;38.0;2;0;0.00;0.00;0.00;0.0;0.0
78.503;88;966;38;36708;0.0;19.700;1.340;42;46;13;0;100;99;100;127;100;196;100;46;46;0;2.207;2.207;0.000;0.000;19.700;1.340;7.1;0.0;0;29;3.000;3.313;12.6;60;-8.7;0;0;0;0;105;98;0;0;1768;109.81;0;0;0;0;0;0;0;0;0;0;0;0;0;0;0;0;29;0;38.0;38.0;2;0;0.00;0.00;0.00;0.0;0.0
78.566;88;962;38;36556;0.0;19.700;1.340;42;46;13;0;100;99;100;127;100;196;100;46;46;0;2.207;2.207;0.000;0.000;19.700;1.340;7.1;0.0;0;29;3.000;2.624;12.6;60;-8.7;0;0;0;0;105;98;0;0;1768;110.27;0;0;0;0;0;0;0;0;0;0;0;0;0;0;0;0;29;0;38.0;38.0;2;0;0.00;0.00;0.00;0.0;0.0
78.632;88;969;38;36822;0.0;19.700;1.340;42;46;13;0;100;99;100;127;100;196;100;46;46;0;2.207;2.207;0.000;0.000;19.700;1.340;7.1;0.0;0;29;3.000;2.953;12.6;60;-8.7;0;0;0;0;105;98;0;0;1768;109.47;0;0;0;0;0;0;0;0;0;0;0;0;0;0;0;0;29;0;38.0;38.0;2;0;0.00;0.00;0.00;0.0;0.0
78.696;88;953;38;36214;0.0;19.700;1.340;42;46;13;0;100;99;100;127;100;196;100;46;46;0;2.195;2.195;0.000;0.000;19.700;1.340;7.0;0.0;0;29;3.000;2.676;12.7;80;-8.7;0;0;0;0;105;98;0;0;1768;111.31;0;0;0;0;0;0;0;0;0;0;0;0;0;0;0;0;29;0;38.0;38.0;2;0;0.00;0.00;0.00;0.0;0.0
78.761;88;962;38;36556;0.0;19.700;1.340;42;46;13;0;100;99;100;127;100;196;100;46;46;0;2.195;2.195;0.000;0.000;19.700;1.340;7.0;0.0;0;29;3.000;3.204;12.7;80;-8.7;0;0;0;0;105;98;0;0;1768;110.27;0;0;0;0;0;0;0;0;0;0;0;0;0;0;0;0;29;0;38.0;38.0;2;0;0.00;0.00;0.00;0.0;0.0
78.826;88;945;38;35910;0.0;19.700;1.340;42;46;13;0;100;99;100;127;100;196;100;46;46;0;2.195;2.195;0.000;0.000;19.700;1.340;6.9;0.0;0;29;3.000;2.477;12.7;-20;-8.7;0;0;0;0;105;98;0;0;1768;112.25;0;0;0;0;0;0;0;0;0;0;0;0;0;0;0;0;29;0;38.0;38.0;2;0;0.00;0.00;0.00;0.0;0.0
78.892;88;946;38;35948;0.0;19.700;1.340;42;46;13;0;100;99;100;127;100;196;100;45;45;0;2.181;2.181;0.000;0.000;19.700;1.340;6.9;0.0;0;28;3.000;2.744;12.7;-110;-8.7;0;0;0;0;105;98;0;0;1768;112.14;0;0;0;0;0;0;0;0;0;0;0;0;0;0;0;0;28;0;38.0;38.0;2;0;0.00;0.00;0.00;0.0;0.0
78.963;88;934;38;35492;0.0;19.700;1.340;42;46;13;0;100;99;100;127;100;196;100;46;46;0;2.195;2.195;0.000;0.000;19.700;1.340;6.8;0.0;0;28;3.000;2.622;12.7;-110;-8.7;0;0;0;0;105;98;0;0;1768;113.58;0;0;0;0;0;0;0;0;0;0;0;0;0;0;0;0;28;0;38.0;38.0;2;0;0.00;0.00;0.00;0.0;0.0
79.028;88;956;39;37284;0.0;19.700;1.340;42;46;13;0;100;99;100;127;100;196;100;46;46;0;2.210;2.210;0.000;0.000;19.700;1.340;7.0;0.0;0;28;3.000;3.022;12.7;-30;-8.6;0;0;0;0;105;98;0;0;1768;110.96;0;0;0;0;0;0;0;0;0;0;0;0;0;0;0;0;28;0;39.0;39.0;2;0;0.00;0.00;0.00;0.0;0.0
79.093;88;954;38;36252;0.0;19.700;1.340;42;46;13;0;100;99;100;127;100;196;100;46;46;0;2.195;2.195;0.000;0.000;19.700;1.340;7.0;0.0;0;28;3.000;2.599;12.7;60;-8.7;0;0;0;0;105;98;0;0;1768;111.19;0;0;0;0;0;0;0;0;0;0;0;0;0;0;0;0;28;0;38.0;38.0;2;0;0.00;0.00;0.00;0.0;0.0
79.093;88;965;38;36670;0.0;19.700;1.340;42;46;13;0;100;99;100;127;100;196;100;46;46;0;2.195;2.195;0.000;0.000;19.700;1.340;7.1;0.0;0;29;3.000;2.768;12.7;60;-8.7;0;0;0;0;105;98;0;0;1768;109.93;0;0;0;0;0;0;0;0;0;0;0;0;0;0;0;0;29;0;38.0;38.0;2;0;0.00;0.00;0.00;0.0;0.0
79.228;89;956;38;36328;0.0;19.700;1.340;42;46;13;0;100;99;100;127;100;196;100;46;46;0;2.195;2.195;0.000;0.000;19.700;1.340;7.0;0.0;0;29;3.000;2.378;12.7;70;-8.7;0;0;0;0;105;98;0;0;1790;112.34;0;0;0;0;0;0;0;0;0;0;0;0;0;0;0;0;29;0;38.0;38.0;2;0;0.00;0.00;0.00;0.0;0.0
79.294;89;953;38;36214;0.0;19.700;1.340;42;46;13;0;100;99;100;127;100;196;100;46;46;0;2.195;2.195;0.000;0.000;19.700;1.340;7.0;0.0;0;29;3.000;2.930;12.7;-40;-8.7;0;0;0;0;105;98;0;0;1790;112.70;0;0;0;0;0;0;0;0;0;0;0;0;0;0;0;0;29;0;38.0;38.0;2;0;0.00;0.00;0.00;0.0;0.0
79.364;89;967;38;36746;0.0;19.700;1.340;42;46;13;0;100;99;100;127;100;196;100;46;46;0;2.195;2.195;0.000;0.000;19.700;1.340;7.1;0.0;0;29;3.000;2.828;12.7;-40;-8.7;0;0;0;0;105;98;0;0;1790;111.07;0;0;0;0;0;0;0;0;0;0;0;0;0;0;0;0;29;0;38.0;38.0;2;0;0.00;0.00;0.00;0.0;0.0
79.428;89;951;38;36138;0.0;19.700;1.340;42;46;13;0;100;99;100;127;100;196;100;46;46;0;2.195;2.195;0.000;0.000;19.700;1.340;7.0;0.0;0;28;3.000;2.534;12.7;100;-8.7;0;0;0;0;105;98;0;0;1790;112.93;0;0;0;0;0;0;0;0;0;0;0;0;0;0;0;0;28;0;38.0;38.0;2;0;0.00;0.00;0.00;0.0;0.0
79.496;89;961;38;36518;0.0;19.700;1.340;42;46;13;0;100;99;100;127;100;196;100;46;46;0;2.195;2.195;0.000;0.000;19.700;1.340;7.0;0.0;0;29;3.000;3.114;12.7;-60;-8.7;0;0;0;0;105;98;0;0;1790;111.76;0;0;0;0;0;0;0;0;0;0;0;0;0;0;0;0;29;0;38.0;38.0;2;0;0.00;0.00;0.00;0.0;0.0
79.565;89;951;38;36138;0.0;19.700;1.340;42;46;13;0;100;99;100;127;100;196;100;46;46;0;2.195;2.195;0.000;0.000;19.700;1.340;7.0;0.0;0;28;3.000;2.478;12.7;-60;-8.7;0;0;0;0;105;98;0;0;1790;112.93;0;0;0;0;0;0;0;0;0;0;0;0;0;0;0;0;28;0;38.0;38.0;2;0;0.00;0.00;0.00;0.0;0.0
79.565;89;954;38;36252;0.0;19.700;1.340;42;46;13;0;100;99;100;127;100;196;100;46;46;0;2.195;2.195;0.000;0.000;19.700;1.340;7.0;0.0;0;28;3.000;3.053;12.7;-210;-8.7;0;0;0;0;105;98;0;0;1790;112.58;0;0;0;0;0;0;0;0;0;0;0;0;0;0;0;0;28;0;38.0;38.0;2;0;0.00;0.00;0.00;0.0;0.0
79.695;89;957;38;36366;0.0;19.700;1.340;42;46;13;0;100;99;100;127;100;196;100;46;46;0;2.195;2.195;0.000;0.000;19.700;1.340;7.0;0.0;0;29;3.000;2.833;12.7;170;-8.7;0;0;0;0;105;98;0;0;1790;112.23;0;0;0;0;0;0;0;0;0;0;0;0;0;0;0;0;29;0;38.0;38.0;2;0;0.00;0.00;0.00;0.0;0.0
79.761;89;965;38;36670;0.0;19.700;1.340;42;46;13;0;100;99;100;127;100;196;100;46;46;0;2.195;2.195;0.000;0.000;19.700;1.340;7.1;0.0;0;29;3.000;3.126;12.7;170;-8.7;0;0;0;0;105;98;0;0;1790;111.30;0;0;0;0;0;0;0;0;0;0;0;0;0;0;0;0;29;0;38.0;38.0;2;0;0.00;0.00;0.00;0.0;0.0
79.828;89;949;38;36062;0.0;19.700;1.340;42;46;13;0;100;99;100;127;100;196;100;45;45;0;2.181;2.181;0.000;0.000;19.700;1.340;6.9;0.0;0;29;3.000;2.633;12.7;20;-8.7;0;0;0;0;105;98;0;0;1790;113.17;0;0;0;0;0;0;0;0;0;0;0;0;0;0;0;0;29;0;38.0;38.0;2;0;0.00;0.00;0.00;0.0;0.0
79.896;89;961;38;36518;0.0;19.700;1.340;42;46;13;0;100;99;100;127;100;196;100;46;46;0;2.195;2.195;0.000;0.000;19.700;1.340;7.0;0.0;0;29;3.000;3.126;12.7;20;-8.7;0;0;0;0;105;98;0;0;1790;111.76;0;0;0;0;0;0;0;0;0;0;0;0;0;0;0;0;29;0;38.0;38.0;2;0;0.00;0.00;0.00;0.0;0.0
79.962;89;953;38;36214;0.0;19.700;1.340;42;46;13;0;100;99;100;127;100;196;100;46;46;0;2.207;2.207;0.000;0.000;19.700;1.340;7.0;0.0;0;29;3.000;2.727;12.6;20;-8.7;0;0;0;0;105;98;0;0;1790;112.70;0;0;0;0;0;0;0;0;0;0;0;0;0;0;0;0;29;0;38.0;38.0;2;0;0.00;0.00;0.00;0.0;0.0
80.027;89;971;38;36898;0.0;19.700;1.340;42;46;13;0;100;99;100;127;100;196;100;46;46;0;2.207;2.207;0.000;0.000;19.700;1.340;7.1;0.0;0;29;3.000;2.818;12.6;100;-8.7;0;0;0;0;105;98;0;0;1790;110.61;0;0;0;0;0;0;0;0;0;0;0;0;0;0;0;0;29;0;38.0;38.0;2;0;0.00;0.00;0.00;0.0;0.0
80.097;89;965;37;35705;0.0;19.700;1.340;42;46;13;0;100;99;100;127;100;196;100;45;45;0;2.164;2.164;0.000;0.000;19.700;1.340;7.0;0.0;0;29;3.000;2.771;12.6;-60;-8.8;0;0;0;0;105;98;0;0;1790;111.30;0;0;0;0;0;0;0;0;0;0;0;0;0;0;0;0;29;0;37.0;37.0;2;0;0.00;0.00;0.00;0.0;0.0
80.162;89;978;37;36186;0.0;19.700;1.340;42;46;13;0;100;99;100;127;100;196;100;45;45;0;2.164;2.164;0.000;0.000;19.700;1.340;7.1;0.0;0;29;3.000;2.972;12.6;-60;-8.8;0;0;0;0;105;98;0;0;1790;109.82;0;0;0;0;0;0;0;0;0;0;0;0;0;0;0;0;29;0;37.0;37.0;2;0;0.00;0.00;0.00;0.0;0.0
80.228;90;971;38;36898;0.0;19.700;1.340;42;46;13;0;100;99;100;127;100;196;100;46;46;0;2.207;2.207;0.000;0.000;19.700;1.340;7.1;0.0;0;29;3.000;2.511;12.6;40;-8.7;0;0;0;0;105;98;0;0;1795;110.92;0;0;0;0;0;0;0;0;0;0;0;0;0;0;0;0;29;0;38.0;38.0;2;0;0.00;0.00;0.00;0.0;0.0
80.293;90;955;37;35335;0.0;19.700;1.340;42;46;13;0;100;99;100;127;100;196;100;45;45;0;2.164;2.164;0.000;0.000;19.700;1.340;6.9;0.0;0;28;3.000;2.508;12.6;40;-8.8;0;0;0;0;105;98;0;0;1795;112.77;0;0;0;0;0;0;0;0;0;0;0;0;0;0;0;0;28;0;37.0;37.0;2;0;0.00;0.00;0.00;0.0;0.0
80.360;90;969;38;36822;0.0;19.700;1.340;42;46;13;0;100;99;100;127;100;196;100;46;46;0;2.207;2.207;0.000;0.000;19.700;1.340;7.1;0.0;0;29;3.000;2.951;12.6;-140;-8.7;0;0;0;0;105;98;0;0;1795;111.15;0;0;0;0;0;0;0;0;0;0;0;0;0;0;0;0;29;0;38.0;38.0;2;0;0.00;0.00;0.00;0.0;0.0
80.360;90;960;37;35520;0.0;19.700;1.340;42;46;13;0;100;99;100;127;100;196;100;45;45;0;2.164;2.164;0.000;0.000;19.700;1.340;6.9;0.0;0;29;3.000;2.498;12.6;160;-8.8;0;0;0;0;105;98;0;0;1795;112.19;0;0;0;0;0;0;0;0;0;0;0;0;0;0;0;0;29;0;37.0;37.0;2;0;0.00;0.00;0.00;0.0;0.0
80.494;90;961;38;36518;0.0;19.700;1.340;42;46;13;0;100;99;100;127;100;196;100;46;46;0;2.207;2.207;0.000;0.000;19.700;1.340;7.1;0.0;0;29;3.000;3.121;12.6;160;-8.7;0;0;0;0;105;98;0;0;1795;112.07;0;0;0;0;0;0;0;0;0;0;0;0;0;0;0;0;29;0;38.0;38.0;2;0;0.00;0.00;0.00;0.0;0.0
80.563;90;960;38;36480;0.0;19.700;1.340;42;46;13;0;100;99;100;127;100;196;100;46;46;0;2.207;2.207;0.000;0.000;19.700;1.340;7.1;0.0;0;29;3.000;2.717;12.6;-100;-8.7;0;0;0;0;105;98;0;0;1795;112.19;0;0;0;0;0;0;0;0;0;0;0;0;0;0;0;0;29;0;38.0;38.0;2;0;0.00;0.00;0.00;0.0;0.0
80.630;90;964;38;36632;0.0;19.700;1.340;42;46;13;0;100;99;100;127;100;196;100;46;46;0;2.207;2.207;0.000;0.000;19.700;1.340;7.1;0.0;0;29;3.000;3.081;12.6;30;-8.7;0;0;0;0;105;98;0;0;1795;111.72;0;0;0;0;0;0;0;0;0;0;0;0;0;0;0;0;29;0;38.0;38.0;2;0;0.00;0.00;0.00;0.0;0.0
80.699;90;965;37;35705;0.0;19.700;1.340;42;46;13;0;100;99;100;127;100;196;100;45;45;0;2.164;2.164;0.000;0.000;19.700;1.340;7.0;0.0;0;29;3.000;2.850;12.6;30;-8.8;0;0;0;0;105;98;0;0;1795;111.61;0;0;0;0;0;0;0;0;0;0;0;0;0;0;0;0;29;0;37.0;37.0;2;0;0.00;0.00;0.00;0.0;0.0
80.764;90;964;38;36632;0.0;19.700;1.340;42;46;13;0;100;99;100;127;100;196;100;46;46;0;2.195;2.195;0.000;0.000;19.700;1.340;7.1;0.0;0;29;3.000;3.114;12.7;10;-8.7;0;0;0;0;105;98;0;0;1795;111.72;0;0;0;0;0;0;0;0;0;0;0;0;0;0;0;0;29;0;38.0;38.0;2;0;0.00;0.00;0.00;0.0;0.0
80.829;90;935;38;35530;0.0;19.700;1.340;42;46;13;0;100;99;100;127;100;196;100;45;45;0;2.181;2.181;0.000;0.000;19.700;1.340;6.8;0.0;0;28;3.000;2.154;12.7;-190;-8.7;0;0;0;0;105;98;0;0;1795;115.19;0;0;0;0;0;0;0;0;0;0;0;0;0;0;0;0;28;0;38.0;38.0;2;0;0.00;0.00;0.00;0.0;0.0
80.896;90;946;38;35948;0.0;19.700;1.340;42;46;13;0;100;99;100;127;100;196;100;45;45;0;2.181;2.181;0.000;0.000;19.700;1.340;6.9;0.0;0;28;3.000;3.071;12.7;-190;-8.7;0;0;0;0;105;98;0;0;1795;113.85;0;0;0;0;0;0;0;0;0;0;0;0;0;0;0;0;28;0;38.0;38.0;2;0;0.00;0.00;0.00;0.0;0.0
80.961;90;950;38;36100;0.0;19.700;1.340;42;46;13;0;100;99;100;127;100;196;100;46;46;0;2.195;2.195;0.000;0.000;19.700;1.340;7.0;0.0;0;28;3.000;2.871;12.7;0;-8.7;0;0;0;0;105;98;0;0;1795;113.37;0;0;0;0;0;0;0;0;0;0;0;0;0;0;0;0;28;0;38.0;38.0;2;0;0.00;0.00;0.00;0.0;0.0
81.025;90;4845;38;184110;0.0;19.700;1.340;42;46;13;0;100;99;100;127;100;196;100;48;48;0;2.220;2.220;0.000;0.000;19.700;1.340;35.9;0.0;0;40;3.000;3.320;12.7;170;-8.7;0;0;0;0;105;98;0;0;1795;22.23;0;0;0;0;0;0;0;0;0;0;0;0;0;0;0;0;40;0;38.0;38.0;2;0;0.00;0.00;0.00;0.0;0.0
81.091;90;4845;38;184110;0.0;19.700;1.340;42;46;13;0;100;99;100;127;100;196;100;48;48;0;2.220;2.220;0.000;0.000;19.700;1.340;35.9;0.0;0;40;3.000;3.320;12.7;170;-8.7;0;0;0;0;105;98;0;0;1795;22.23;0;0;0;0;0;0;0;0;0;0;0;0;0;0;0;0;40;0;38.0;38.0;2;0;0.00;0.00;0.00;0.0;0.0
81.161;90;953;38;36214;0.0;19.700;1.340;42;46;13;0;100;99;100;127;100;196;100;46;46;0;2.195;2.195;0.000;0.000;19.700;1.340;7.0;0.0;0;29;3.000;3.320;12.7;-26716;-8.7;0;0;0;0;105;98;0;0;1795;113.01;0;0;0;0;0;0;0;0;0;0;0;0;0;0;0;0;29;0;38.0;38.0;2;0;0.00;0.00;0.00;0.0;0.0
81.227;91;953;38;36214;0.0;19.700;1.340;42;46;13;0;100;99;100;127;100;196;100;46;46;0;3.779;3.779;0.000;0.000;19.700;1.340;12.0;0.0;0;29;3.180;3.320;6.7;26616;-8.7;0;0;0;0;105;98;0;0;1693;106.59;0;0;0;0;0;0;0;0;0;0;0;0;0;0;0;0;29;0;38.0;38.0;2;0;0.00;0.00;0.00;0.0;0.0
81.294;91;953;38;36214;0.0;19.700;1.340;42;46;13;0;100;99;100;127;100;196;100;46;46;0;3.779;3.779;0.000;0.000;19.700;1.340;12.0;0.0;0;29;3.180;3.320;6.7;26616;-8.7;0;0;0;0;105;98;0;0;1693;106.59;0;0;0;0;0;0;0;0;0;0;0;0;0;0;0;0;29;0;38.0;38.0;2;0;0.00;0.00;0.00;0.0;0.0
81.362;91;4845;38;184110;0.0;19.700;1.340;42;46;13;0;100;99;100;127;100;190;100;48;48;0;3.780;3.780;0.000;0.000;19.700;1.340;61.0;0.0;0;40;3.180;3.320;6.7;0;-8.7;0;0;0;0;105;98;0;0;1693;20.97;0;0;0;0;0;0;0;0;0;0;0;0;0;0;0;0;40;0;38.0;38.0;2;0;0.00;0.00;0.00;0.0;0.0
81.428;91;0;59;0;0.0;19.700;1.340;42;46;0;0;100;99;100;127;100;190;100;54;54;0;0.000;3.755;0.000;0.000;19.700;1.340;0.0;0.0;0;18;3.180;3.320;6.7;0;-5.7;0;0;0;0;0;98;0;0;1693;0.00;0;0;0;0;0;0;0;0;0;0;0;0;0;0;0;0;18;0;59.0;59.0;0;0;0.00;0.00;0.00;0.0;0.0
81.494;91;0;71;0;0.0;19.700;1.340;42;47;0;0;100;99;100;127;100;190;100;65;65;0;0.000;3.755;0.000;0.000;19.700;1.340;0.0;0.0;0;18;3.180;3.320;3.5;0;-3.9;0;0;0;0;85;98;0;0;1693;0.00;0;0;0;0;0;0;0;0;0;0;0;0;0;0;0;0;18;0;71.0;71.0;0;0;0.00;0.00;0.00;0.0;0.0
81.563;91;0;75;0;0.0;19.700;1.340;42;47;0;0;100;99;100;127;100;190;100;68;68;0;0.000;3.755;0.000;0.000;19.700;1.340;0.0;0.0;0;18;3.180;3.320;3.5;0;-3.3;0;0;0;0;85;98;0;0;1693;0.00;0;0;0;0;0;0;0;0;0;0;0;0;0;0;0;0;18;0;75.0;75.0;0;0;0.00;0.00;0.00;0.0;0.0
81.629;91;0;79;0;0.0;19.700;1.340;42;47;0;0;100;99;100;127;100;190;100;71;71;0;0.000;3.755;0.000;0.000;19.700;1.340;0.0;0.0;0;18;3.180;3.320;3.5;0;-2.8;0;0;0;0;85;98;0;0;1693;0.00;0;0;0;0;0;0;0;0;0;0;0;0;0;0;0;0;18;0;79.0;79.0;0;0;0.00;0.00;0.00;0.0;0.0
81.695;91;0;86;0;0.0;19.700;1.340;42;47;0;0;100;99;100;127;100;190;100;77;77;0;0.000;3.755;0.000;0.000;19.700;1.340;0.0;0.0;0;18;3.180;3.320;3.5;0;-1.7;0;0;0;0;85;98;0;0;1693;0.00;0;0;0;0;0;0;0;0;0;0;0;0;0;0;0;0;18;0;86.0;86.0;0;0;0.00;0.00;0.00;0.0;0.0
81.761;91;0;101;0;0.0;19.700;1.340;42;47;0;0;100;99;100;127;100;190;100;89;89;0;0.000;3.755;0.000;0.000;19.700;1.340;0.0;0.0;0;14;3.180;3.320;1.8;0;0.4;0;0;0;0;85;98;0;0;1693;0.00;0;0;0;0;0;0;0;0;0;0;0;0;0;0;0;0;14;0;101.0;101.0;0;0;0.00;0.00;0.00;0.0;0.0
81.829;91;0;106;0;0.0;19.700;1.340;42;47;0;0;100;99;100;127;100;190;100;89;89;0;0.000;3.755;0.000;0.000;19.700;1.340;0.0;0.0;0;14;3.180;3.320;1.8;0;1.2;0;0;0;0;85;98;0;0;1693;0.00;0;0;0;0;0;0;0;0;0;0;0;0;0;0;0;0;14;0;106.0;106.0;0;0;0.00;0.00;0.00;0.0;0.0
81.899;91;0;97;0;0.0;19.700;1.340;42;47;0;0;100;99;100;127;100;190;100;87;87;0;0.000;3.755;0.000;0.000;19.700;1.340;0.0;0.0;0;15;3.180;3.320;1.8;0;-0.1;0;0;0;0;85;98;0;0;1693;0.00;0;0;0;0;0;0;0;0;0;0;0;0;0;0;0;0;15;0;97.0;97.0;0;0;0.00;0.00;0.00;0.0;0.0
81.965;91;0;94;0;0.0;19.700;1.340;42;47;0;0;100;99;100;127;100;190;100;84;84;0;0.000;3.755;0.000;0.000;19.700;1.340;0.0;0.0;0;16;3.180;3.320;1.8;0;-0.6;0;0;0;0;85;98;0;0;1693;0.00;0;0;0;0;0;0;0;0;0;0;0;0;0;0;0;0;16;0;94.0;94.0;0;0;0.00;0.00;0.00;0.0;0.0
82.032;91;0;97;0;0.0;19.700;1.340;42;47;0;0;100;99;100;127;100;190;100;87;87;0;0.000;3.755;0.000;0.000;19.700;1.340;0.0;0.0;0;15;3.180;3.320;0.9;0;-0.1;0;0;0;0;85;98;0;0;1693;0.00;0;0;0;0;0;0;0;0;0;0;0;0;0;0;0;0;15;0;97.0;97.0;0;0;0.00;0.00;0.00;0.0;0.0
82.098;91;0;99;0;0.0;19.700;1.340;42;47;0;0;100;99;100;127;100;190;100;88;88;0;0.000;3.755;0.000;0.000;19.700;1.340;0.0;0.0;0;14;3.180;3.320;0.9;0;0.1;0;0;0;0;85;98;0;0;1693;0.00;0;0;0;0;0;0;0;0;0;0;0;0;0;0;0;0;14;0;99.0;99.0;0;0;0.00;0.00;0.00;0.0;0.0
82.166;91;0;98;0;0.0;19.700;1.340;42;47;0;0;100;99;100;127;100;190;100;88;88;0;0.000;3.755;0.000;0.000;19.700;1.340;0.0;0.0;0;15;3.180;3.320;0.9;0;0.0;0;0;0;0;85;98;0;0;1693;0.00;0;0;0;0;0;0;0;0;0;0;0;0;0;0;0;0;15;0;98.0;98.0;0;0;0.00;0.00;0.00;0.0;0.0
82.231;91;0;98;0;0.0;19.700;1.340;42;47;0;0;100;99;100;127;100;190;100;88;88;0;0.000;3.755;0.000;0.000;19.700;1.340;0.0;0.0;0;15;3.180;3.320;0.9;0;0.0;0;0;0;0;85;98;0;0;1693;0.00;0;0;0;0;0;0;0;0;0;0;0;0;0;0;0;0;15;0;98.0;98.0;0;0;0.00;0.00;0.00;0.0;0.0
82.299;92;0;98;0;0.0;19.700;1.340;42;47;0;0;100;99;100;127;100;190;100;88;88;0;0.000;3.755;0.000;0.000;19.700;1.340;0.0;0.0;0;15;3.180;3.320;0.4;0;0.0;0;0;0;0;85;98;0;0;3631;0.00;0;0;0;0;0;0;0;0;0;0;0;0;0;0;0;0;15;0;98.0;98.0;0;0;0.00;0.00;0.00;0.0;0.0
82.364;92;0;98;0;0.0;19.700;1.340;42;47;0;0;100;99;100;127;100;190;100;88;88;0;0.000;3.755;0.000;0.000;19.700;1.340;0.0;0.0;0;15;3.180;3.320;0.4;0;0.0;0;0;0;0;85;98;0;0;3631;0.00;0;0;0;0;0;0;0;0;0;0;0;0;0;0;0;0;15;0;98.0;98.0;0;0;0.00;0.00;0.00;0.0;0.0
82.432;92;0;98;0;0.0;19.700;1.340;42;47;0;0;100;99;100;127;100;190;100;88;88;0;0.000;3.755;0.000;0.000;19.700;1.340;0.0;0.0;0;15;3.180;3.320;0.4;0;0.0;0;0;0;0;85;98;0;0;3631;0.00;0;0;0;0;0;0;0;0;0;0;0;0;0;0;0;0;15;0;98.0;98.0;0;0;0.00;0.00;0.00;0.0;0.0
82.498;92;0;98;0;0.0;19.700;1.340;42;47;0;0;100;99;100;127;100;190;100;88;88;0;0.000;3.755;0.000;0.000;19.700;1.340;0.0;0.0;0;15;3.180;3.320;0.2;0;0.0;0;0;0;0;85;98;0;0;3631;0.00;0;0;0;0;0;0;0;0;0;0;0;0;0;0;0;0;15;0;98.0;98.0;0;0;0.00;0.00;0.00;0.0;0.0
82.569;92;0;98;0;0.0;19.700;1.340;42;47;0;0;100;99;100;127;100;190;100;88;88;0;0.000;3.755;0.000;0.000;19.700;1.340;0.0;0.0;0;15;3.180;3.320;0.2;0;0.0;0;0;0;0;85;98;0;0;3631;0.00;0;0;0;0;0;0;0;0;0;0;0;0;0;0;0;0;15;0;98.0;98.0;0;0;0.00;0.00;0.00;0.0;0.0
82.569;92;0;98;0;0.0;19.700;1.340;42;47;0;0;100;99;100;127;100;190;100;88;88;0;0.000;3.755;0.000;0.000;19.700;1.340;0.0;0.0;0;15;3.180;3.320;0.2;0;0.0;0;0;0;0;85;98;0;0;3631;0.00;0;0;0;0;0;0;0;0;0;0;0;0;0;0;0;0;15;0;98.0;98.0;0;0;0.00;0.00;0.00;0.0;0.0
82.699;92;0;98;0;0.0;19.700;1.340;42;47;0;0;100;99;100;127;100;190;100;88;88;0;0.000;3.755;0.000;0.000;19.700;1.340;0.0;0.0;0;15;3.180;3.320;0.2;0;0.0;0;0;0;0;85;98;0;0;3631;0.00;0;0;0;0;0;0;0;0;0;0;0;0;0;0;0;0;15;0;98.0;98.0;0;0;0.00;0.00;0.00;0.0;0.0
82.765;92;0;98;0;0.0;19.700;1.340;42;47;0;0;100;99;100;127;100;190;100;88;88;0;0.000;3.755;0.000;0.000;19.700;1.340;0.0;0.0;0;15;3.180;3.320;0.1;0;0.0;0;0;0;0;85;98;0;0;3631;0.00;0;0;0;0;0;0;0;0;0;0;0;0;0;0;0;0;15;0;98.0;98.0;0;0;0.00;0.00;0.00;0.0;0.0
82.833;92;0;98;0;0.0;19.700;1.340;42;47;0;0;100;99;100;127;100;190;100;88;88;0;0.000;3.755;0.000;0.000;19.700;1.340;0.0;0.0;0;15;3.180;3.320;0.1;0;0.0;0;0;0;0;85;98;0;0;3631;0.00;0;0;0;0;0;0;0;0;0;0;0;0;0;0;0;0;15;0;98.0;98.0;0;0;0.00;0.00;0.00;0.0;0.0
82.899;92;0;98;0;0.0;19.700;1.340;42;47;0;0;100;99;100;127;100;190;100;88;88;0;0.000;3.755;0.000;0.000;19.700;1.340;0.0;0.0;0;15;3.180;3.320;0.1;0;0.0;0;0;0;0;85;98;0;0;3631;0.00;0;0;0;0;0;0;0;0;0;0;0;0;0;0;0;0;15;0;98.0;98.0;0;0;0.00;0.00;0.00;0.0;0.0
82.964;92;0;98;0;0.0;19.700;1.340;42;47;0;0;100;99;100;127;100;190;100;88;88;0;0.000;3.755;0.000;0.000;19.700;1.340;0.0;0.0;0;15;3.180;3.320;0.1;0;0.0;0;0;0;0;85;98;0;0;3631;0.00;0;0;0;0;0;0;0;0;0;0;0;0;0;0;0;0;15;0;98.0;98.0;0;0;0.00;0.00;0.00;0.0;0.0
83.029;92;0;98;0;0.0;19.700;1.340;42;47;0;0;100;99;100;127;100;190;100;88;88;0;0.000;3.755;0.000;0.000;19.700;1.340;0.0;0.0;0;15;3.180;3.320;0.0;0;0.0;0;0;0;0;85;98;0;0;3631;0.00;0;0;0;0;0;0;0;0;0;0;0;0;0;0;0;0;15;0;98.0;98.0;0;0;0.00;0.00;0.00;0.0;0.0
83.094;92;0;98;0;0.0;19.700;1.340;42;47;0;0;100;99;100;127;100;190;100;88;88;0;0.000;3.755;0.000;0.000;19.700;1.340;0.0;0.0;0;15;3.180;3.320;0.0;0;0.0;0;0;0;0;85;98;0;0;3631;0.00;0;0;0;0;0;0;0;0;0;0;0;0;0;0;0;0;15;0;98.0;98.0;0;0;0.00;0.00;0.00;0.0;0.0
83.164;92;0;98;0;0.0;19.700;1.340;42;47;0;0;100;99;100;127;100;190;100;88;88;0;0.000;3.755;0.000;0.000;19.700;1.340;0.0;0.0;0;15;3.180;3.320;0.0;0;0.0;0;0;0;0;85;98;0;0;3631;0.00;0;0;0;0;0;0;0;0;0;0;0;0;0;0;0;0;15;0;98.0;98.0;0;0;0.00;0.00;0.00;0.0;0.0
83.229;92;0;98;0;0.0;19.700;1.340;42;47;0;0;100;99;100;127;100;190;100;88;88;0;0.000;3.755;0.000;0.000;19.700;1.340;0.0;0.0;0;15;3.180;3.320;0.0;0;0.0;0;0;0;0;85;98;0;0;3631;0.00;0;0;0;0;0;0;0;0;0;0;0;0;0;0;0;0;15;0;98.0;98.0;0;0;0.00;0.00;0.00;0.0;0.0
83.296;93;0;98;0;0.0;19.700;1.340;42;47;0;0;100;99;100;127;100;190;100;88;88;0;0.000;3.755;0.000;0.000;19.700;1.340;0.0;0.0;0;15;3.180;3.320;0.0;0;0.0;0;0;0;0;85;98;0;0;4109;0.00;0;0;0;0;0;0;0;0;0;0;0;0;0;0;0;0;15;0;98.0;98.0;0;0;0.00;0.00;0.00;0.0;0.0
83.361;93;0;98;0;0.0;19.700;1.340;42;47;0;0;100;99;100;127;100;190;100;88;88;0;0.000;3.755;0.000;0.000;19.700;1.340;0.0;0.0;0;15;3.180;3.320;0.0;0;0.0;0;0;0;0;85;98;0;0;4109;0.00;0;0;0;0;0;0;0;0;0;0;0;0;0;0;0;0;15;0;98.0;98.0;0;0;0.00;0.00;0.00;0.0;0.0
83.361;93;0;98;0;0.0;19.700;1.340;42;47;0;0;100;99;100;127;100;190;100;88;88;0;0.000;3.755;0.000;0.000;19.700;1.340;0.0;0.0;0;15;3.180;3.320;0.0;0;0.0;0;0;0;0;85;98;0;0;4109;0.00;0;0;0;0;0;0;0;0;0;0;0;0;0;0;0;0;15;0;98.0;98.0;0;0;0.00;0.00;0.00;0.0;0.0
83.497;93;0;98;0;0.0;19.700;1.340;42;47;0;0;100;99;100;127;100;190;100;88;88;0;0.000;3.755;0.000;0.000;19.700;1.340;0.0;0.0;0;15;3.180;3.320;0.0;0;0.0;0;0;0;0;85;98;0;0;4109;0.00;0;0;0;0;0;0;0;0;0;0;0;0;0;0;0;0;15;0;98.0;98.0;0;0;0.00;0.00;0.00;0.0;0.0
83.561;93;0;98;0;0.0;19.700;1.340;42;47;0;0;100;99;100;127;100;190;100;88;88;0;0.000;3.755;0.000;0.000;19.700;1.340;0.0;0.0;0;15;3.180;3.320;0.0;0;0.0;0;0;0;0;85;98;0;0;4109;0.00;0;0;0;0;0;0;0;0;0;0;0;0;0;0;0;0;15;0;98.0;98.0;0;0;0.00;0.00;0.00;0.0;0.0
83.629;93;0;98;0;0.0;19.700;1.340;42;47;0;0;100;99;100;127;100;190;100;88;88;0;0.000;3.755;0.000;0.000;19.700;1.340;0.0;0.0;0;15;3.180;3.320;0.0;0;0.0;0;0;0;0;85;98;0;0;4109;0.00;0;0;0;0;0;0;0;0;0;0;0;0;0;0;0;0;15;0;98.0;98.0;0;0;0.00;0.00;0.00;0.0;0.0
83.696;93;0;98;0;0.0;19.700;1.340;42;47;0;0;100;99;100;127;100;190;100;88;88;0;0.000;3.755;0.000;0.000;19.700;1.340;0.0;0.0;0;15;3.180;3.320;0.0;0;0.0;0;0;0;0;85;98;0;0;4109;0.00;0;0;0;0;0;0;0;0;0;0;0;0;0;0;0;0;15;0;98.0;98.0;0;0;0.00;0.00;0.00;0.0;0.0
83.762;93;0;98;0;0.0;19.700;1.340;42;47;0;0;100;99;100;127;100;190;100;88;88;0;0.000;3.755;0.000;0.000;19.700;1.340;0.0;0.0;0;15;3.180;3.320;0.0;0;0.0;0;0;0;0;85;98;0;0;4109;0.00;0;0;0;0;0;0;0;0;0;0;0;0;0;0;0;0;15;0;98.0;98.0;0;0;0.00;0.00;0.00;0.0;0.0
83.828;93;0;98;0;0.0;19.700;1.340;42;47;0;0;100;99;100;127;100;190;100;88;88;0;0.000;3.755;0.000;0.000;19.700;1.340;0.0;0.0;0;15;3.180;3.320;0.0;0;0.0;0;0;0;0;85;98;0;0;4109;0.00;0;0;0;0;0;0;0;0;0;0;0;0;0;0;0;0;15;0;98.0;98.0;0;0;0.00;0.00;0.00;0.0;0.0
83.897;93;0;98;0;0.0;19.700;1.340;42;47;0;0;100;99;100;127;100;190;100;88;88;0;0.000;3.755;0.000;0.000;19.700;1.340;0.0;0.0;0;15;3.180;3.320;0.0;0;0.0;0;0;0;0;85;98;0;0;4109;0.00;0;0;0;0;0;0;0;0;0;0;0;0;0;0;0;0;15;0;98.0;98.0;0;0;0.00;0.00;0.00;0.0;0.0
83.963;93;0;98;0;0.0;19.700;1.340;42;47;0;0;100;99;100;127;100;190;100;88;88;0;0.000;3.755;0.000;0.000;19.700;1.340;0.0;0.0;0;15;3.180;3.320;0.0;0;0.0;0;0;0;0;85;98;0;0;4109;0.00;0;0;0;0;0;0;0;0;0;0;0;0;0;0;0;0;15;0;98.0;98.0;0;0;0.00;0.00;0.00;0.0;0.0
84.029;93;0;98;0;0.0;19.700;1.340;42;47;0;0;100;99;100;127;100;190;100;88;88;0;0.000;3.755;0.000;0.000;19.700;1.340;0.0;0.0;0;15;3.180;3.320;0.0;0;0.0;0;0;0;0;85;98;0;0;4109;0.00;0;0;0;0;0;0;0;0;0;0;0;0;0;0;0;0;15;0;98.0;98.0;0;0;0.00;0.00;0.00;0.0;0.0
84.095;93;0;98;0;0.0;19.700;1.340;42;47;0;0;100;99;100;127;100;190;100;88;88;0;0.000;3.755;0.000;0.000;19.700;1.340;0.0;0.0;0;15;3.180;3.320;0.0;0;0.0;0;0;0;0;85;98;0;0;4109;0.00;0;0;0;0;0;0;0;0;0;0;0;0;0;0;0;0;15;0;98.0;98.0;0;0;0.00;0.00;0.00;0.0;0.0
84.095;93;0;98;0;0.0;19.700;1.340;42;47;0;0;100;99;100;127;100;190;100;88;88;0;0.000;3.755;0.000;0.000;19.700;1.340;0.0;0.0;0;15;3.180;3.320;0.0;0;0.0;0;0;0;0;85;98;0;0;4109;0.00;0;0;0;0;0;0;0;0;0;0;0;0;0;0;0;0;15;0;98.0;98.0;0;0;0.00;0.00;0.00;0.0;0.0
84.229;93;0;98;0;0.0;19.700;1.340;42;47;0;0;100;99;100;127;100;190;100;88;88;0;0.000;3.755;0.000;0.000;19.700;1.340;0.0;0.0;0;15;3.180;3.320;0.0;0;0.0;0;0;0;0;85;98;0;0;4109;0.00;0;0;0;0;0;0;0;0;0;0;0;0;0;0;0;0;15;0;98.0;98.0;0;0;0.00;0.00;0.00;0.0;0.0
84.295;94;0;98;0;0.0;19.700;1.340;42;47;0;0;100;99;100;127;100;190;100;88;88;0;0.000;3.755;0.000;0.000;19.700;1.340;0.0;0.0;0;15;3.180;3.320;0.0;0;0.0;0;0;0;0;85;98;0;0;4124;0.00;0;0;0;0;0;0;0;0;0;0;0;0;0;0;0;0;15;0;98.0;98.0;0;0;0.00;0.00;0.00;0.0;0.0
84.362;94;0;98;0;0.0;19.700;1.340;42;47;0;0;100;99;100;127;100;190;100;88;88;0;0.000;3.755;0.000;0.000;19.700;1.340;0.0;0.0;0;15;3.180;3.320;0.0;0;0.0;0;0;0;0;85;98;0;0;4124;0.00;0;0;0;0;0;0;0;0;0;0;0;0;0;0;0;0;15;0;98.0;98.0;0;0;0.00;0.00;0.00;0.0;0.0
84.430;94;0;98;0;0.0;19.700;1.340;42;47;0;0;100;99;100;127;100;190;100;88;88;0;0.000;3.755;0.000;0.000;19.700;1.340;0.0;0.0;0;15;3.180;3.320;0.0;0;0.0;0;0;0;0;85;98;0;0;4124;0.00;0;0;0;0;0;0;0;0;0;0;0;0;0;0;0;0;15;0;98.0;98.0;0;0;0.00;0.00;0.00;0.0;0.0
84.496;94;0;98;0;0.0;19.700;1.340;42;47;0;0;100;99;100;127;100;190;100;88;88;0;0.000;3.755;0.000;0.000;19.700;1.340;0.0;0.0;0;15;3.180;3.320;0.0;0;0.0;0;0;0;0;85;98;0;0;4124;0.00;0;0;0;0;0;0;0;0;0;0;0;0;0;0;0;0;15;0;98.0;98.0;0;0;0.00;0.00;0.00;0.0;0.0
84.561;94;0;98;0;0.0;19.700;1.340;42;47;0;0;100;99;100;127;100;190;100;88;88;0;0.000;3.755;0.000;0.000;19.700;1.340;0.0;0.0;0;15;3.180;3.320;0.0;0;0.0;0;0;0;0;85;98;0;0;4124;0.00;0;0;0;0;0;0;0;0;0;0;0;0;0;0;0;0;15;0;98.0;98.0;0;0;0.00;0.00;0.00;0.0;0.0
84.630;94;0;98;0;0.0;19.700;1.340;42;47;0;0;100;99;100;127;100;190;100;88;88;0;0.000;3.755;0.000;0.000;19.700;1.340;0.0;0.0;0;15;3.180;3.320;0.0;0;0.0;0;0;0;0;85;98;0;0;4124;0.00;0;0;0;0;0;0;0;0;0;0;0;0;0;0;0;0;15;0;98.0;98.0;0;0;0.00;0.00;0.00;0.0;0.0
84.696;94;0;98;0;0.0;19.700;1.340;42;47;0;0;100;99;100;127;100;190;100;88;88;0;0.000;3.755;0.000;0.000;19.700;1.340;0.0;0.0;0;15;3.180;3.320;0.0;0;0.0;0;0;0;0;85;98;0;0;4124;0.00;0;0;0;0;0;0;0;0;0;0;0;0;0;0;0;0;15;0;98.0;98.0;0;0;0.00;0.00;0.00;0.0;0.0
84.762;94;0;98;0;0.0;19.700;1.340;42;47;0;0;100;99;100;127;100;190;100;88;88;0;0.000;3.755;0.000;0.000;19.700;1.340;0.0;0.0;0;15;3.180;3.320;0.0;0;0.0;0;0;0;0;85;98;0;0;4124;0.00;0;0;0;0;0;0;0;0;0;0;0;0;0;0;0;0;15;0;98.0;98.0;0;0;0.00;0.00;0.00;0.0;0.0
84.827;94;0;98;0;0.0;19.700;1.340;42;47;0;0;100;99;100;127;100;190;100;88;88;0;0.000;3.755;0.000;0.000;19.700;1.340;0.0;0.0;0;15;3.180;3.320;0.0;0;0.0;0;0;0;0;85;98;0;0;4124;0.00;0;0;0;0;0;0;0;0;0;0;0;0;0;0;0;0;15;0;98.0;98.0;0;0;0.00;0.00;0.00;0.0;0.0
84.893;94;0;98;0;0.0;19.700;1.340;42;47;0;0;100;99;100;127;100;190;100;88;88;0;0.000;3.755;0.000;0.000;19.700;1.340;0.0;0.0;0;15;3.180;3.320;0.0;0;0.0;0;0;0;0;85;98;0;0;4124;0.00;0;0;0;0;0;0;0;0;0;0;0;0;0;0;0;0;15;0;98.0;98.0;0;0;0.00;0.00;0.00;0.0;0.0
84.962;94;0;98;0;0.0;19.700;1.340;42;47;0;0;100;99;100;127;100;190;100;88;88;0;0.000;3.755;0.000;0.000;19.700;1.340;0.0;0.0;0;15;3.180;3.320;0.0;0;0.0;0;0;0;0;85;98;0;0;4124;0.00;0;0;0;0;0;0;0;0;0;0;0;0;0;0;0;0;15;0;98.0;98.0;0;0;0.00;0.00;0.00;0.0;0.0
84.962;94;0;98;0;0.0;19.700;1.340;42;47;0;0;100;99;100;127;100;190;100;88;88;0;0.000;3.755;0.000;0.000;19.700;1.340;0.0;0.0;0;15;3.180;3.320;0.0;0;0.0;0;0;0;0;85;98;0;0;4124;0.00;0;0;0;0;0;0;0;0;0;0;0;0;0;0;0;0;15;0;98.0;98.0;0;0;0.00;0.00;0.00;0.0;0.0
85.093;94;0;98;0;0.0;19.700;1.340;42;47;0;0;100;99;100;127;100;190;100;88;88;0;0.000;3.755;0.000;0.000;19.700;1.340;0.0;0.0;0;15;3.180;3.320;0.0;0;0.0;0;0;0;0;85;98;0;0;4124;0.00;0;0;0;0;0;0;0;0;0;0;0;0;0;0;0;0;15;0;98.0;98.0;0;0;0.00;0.00;0.00;0.0;0.0
85.093;94;0;98;0;0.0;19.700;1.340;42;47;0;0;100;99;100;127;100;190;100;88;88;0;0.000;3.755;0.000;0.000;19.700;1.340;0.0;0.0;0;15;3.180;3.320;0.0;0;0.0;0;0;0;0;85;98;0;0;4124;0.00;0;0;0;0;0;0;0;0;0;0;0;0;0;0;0;0;15;0;98.0;98.0;0;0;0.00;0.00;0.00;0.0;0.0
85.228;94;0;98;0;0.0;19.700;1.340;42;47;0;0;100;99;100;127;100;190;100;88;88;0;0.000;3.755;0.000;0.000;19.700;1.340;0.0;0.0;0;15;3.180;3.320;0.0;0;0.0;0;0;0;0;85;98;0;0;4124;0.00;0;0;0;0;0;0;0;0;0;0;0;0;0;0;0;0;15;0;98.0;98.0;0;0;0.00;0.00;0.00;0.0;0.0
85.293;95;0;98;0;0.0;19.700;1.340;42;47;0;0;100;99;100;127;100;190;100;88;88;0;0.000;3.755;0.000;0.000;19.700;1.340;0.0;0.0;0;15;3.180;3.320;0.0;0;0.0;0;0;0;0;85;98;0;0;4123;0.00;0;0;0;0;0;0;0;0;0;0;0;0;0;0;0;0;15;0;98.0;98.0;0;0;0.00;0.00;0.00;0.0;0.0
85.293;95;0;98;0;0.0;19.700;1.340;42;47;0;0;100;99;100;127;100;190;100;88;88;0;0.000;3.755;0.000;0.000;19.700;1.340;0.0;0.0;0;15;3.180;3.320;0.0;0;0.0;0;0;0;0;85;98;0;0;4123;0.00;0;0;0;0;0;0;0;0;0;0;0;0;0;0;0;0;15;0;98.0;98.0;0;0;0.00;0.00;0.00;0.0;0.0
85.432;95;0;98;0;0.0;19.700;1.340;42;47;0;0;100;99;100;127;100;190;100;88;88;0;0.000;3.755;0.000;0.000;19.700;1.340;0.0;0.0;0;15;3.180;3.320;0.0;0;0.0;0;0;0;0;85;98;0;0;4123;0.00;0;0;0;0;0;0;0;0;0;0;0;0;0;0;0;0;15;0;98.0;98.0;0;0;0.00;0.00;0.00;0.0;0.0
85.501;95;0;98;0;0.0;19.700;1.340;42;47;0;0;100;99;100;127;100;190;100;88;88;0;0.000;3.755;0.000;0.000;19.700;1.340;0.0;0.0;0;15;3.180;3.320;0.0;0;0.0;0;0;0;0;85;98;0;0;4123;0.00;0;0;0;0;0;0;0;0;0;0;0;0;0;0;0;0;15;0;98.0;98.0;0;0;0.00;0.00;0.00;0.0;0.0
85.566;95;0;98;0;0.0;19.700;1.340;42;47;0;0;100;99;100;127;100;190;100;88;88;0;0.000;3.755;0.000;0.000;19.700;1.340;0.0;0.0;0;15;3.180;3.320;0.0;0;0.0;0;0;0;0;85;98;0;0;4123;0.00;0;0;0;0;0;0;0;0;0;0;0;0;0;0;0;0;15;0;98.0;98.0;0;0;0.00;0.00;0.00;0.0;0.0
85.630;95;0;98;0;0.0;19.700;1.340;42;47;0;0;100;99;100;127;100;190;100;88;88;0;0.000;3.755;0.000;0.000;19.700;1.340;0.0;0.0;0;15;3.180;3.320;0.0;0;0.0;0;0;0;0;85;98;0;0;4123;0.00;0;0;0;0;0;0;0;0;0;0;0;0;0;0;0;0;15;0;98.0;98.0;0;0;0.00;0.00;0.00;0.0;0.0
85.696;95;0;98;0;0.0;19.700;1.340;42;47;0;0;100;99;100;127;100;190;100;88;88;0;0.000;3.755;0.000;0.000;19.700;1.340;0.0;0.0;0;15;3.180;3.320;0.0;0;0.0;0;0;0;0;85;98;0;0;4123;0.00;0;0;0;0;0;0;0;0;0;0;0;0;0;0;0;0;15;0;98.0;98.0;0;0;0.00;0.00;0.00;0.0;0.0
85.765;95;0;98;0;0.0;19.700;1.340;42;47;0;0;100;99;100;127;100;190;100;88;88;0;0.000;3.755;0.000;0.000;19.700;1.340;0.0;0.0;0;15;3.180;3.320;0.0;0;0.0;0;0;0;0;85;98;0;0;4123;0.00;0;0;0;0;0;0;0;0;0;0;0;0;0;0;0;0;15;0;98.0;98.0;0;0;0.00;0.00;0.00;0.0;0.0
85.831;95;0;98;0;0.0;19.700;1.340;42;47;0;0;100;99;100;127;100;190;100;88;88;0;0.000;3.755;0.000;0.000;19.700;1.340;0.0;0.0;0;15;3.180;3.320;0.0;0;0.0;0;0;0;0;85;98;0;0;4123;0.00;0;0;0;0;0;0;0;0;0;0;0;0;0;0;0;0;15;0;98.0;98.0;0;0;0.00;0.00;0.00;0.0;0.0
85.896;95;0;98;0;0.0;19.700;1.340;42;47;0;0;100;99;100;127;100;190;100;88;88;0;0.000;3.755;0.000;0.000;19.700;1.340;0.0;0.0;0;15;3.180;3.320;0.0;0;0.0;0;0;0;0;85;98;0;0;4123;0.00;0;0;0;0;0;0;0;0;0;0;0;0;0;0;0;0;15;0;98.0;98.0;0;0;0.00;0.00;0.00;0.0;0.0
85.962;95;0;98;0;0.0;19.700;1.340;42;47;0;0;100;99;100;127;100;190;100;88;88;0;0.000;3.755;0.000;0.000;19.700;1.340;0.0;0.0;0;15;3.180;3.320;0.0;0;0.0;0;0;0;0;85;98;0;0;4123;0.00;0;0;0;0;0;0;0;0;0;0;0;0;0;0;0;0;15;0;98.0;98.0;0;0;0.00;0.00;0.00;0.0;0.0
86.028;95;0;98;0;0.0;19.700;1.340;42;47;0;0;100;99;100;127;100;190;100;88;88;0;0.000;3.755;0.000;0.000;19.700;1.340;0.0;0.0;0;15;3.180;3.320;0.0;0;0.0;0;0;0;0;85;98;0;0;4123;0.00;0;0;0;0;0;0;0;0;0;0;0;0;0;0;0;0;15;0;98.0;98.0;0;0;0.00;0.00;0.00;0.0;0.0
86.094;95;0;98;0;0.0;19.700;1.340;42;47;0;0;100;99;100;127;100;190;100;88;88;0;0.000;3.755;0.000;0.000;19.700;1.340;0.0;0.0;0;15;3.180;3.320;0.0;0;0.0;0;0;0;0;85;98;0;0;4123;0.00;0;0;0;0;0;0;0;0;0;0;0;0;0;0;0;0;15;0;98.0;98.0;0;0;0.00;0.00;0.00;0.0;0.0
86.163;95;0;98;0;0.0;19.700;1.340;42;47;0;0;100;99;100;127;100;190;100;88;88;0;0.000;3.755;0.000;0.000;19.700;1.340;0.0;0.0;0;15;3.180;3.320;0.0;0;0.0;0;0;0;0;85;98;0;0;4123;0.00;0;0;0;0;0;0;0;0;0;0;0;0;0;0;0;0;15;0;98.0;98.0;0;0;0.00;0.00;0.00;0.0;0.0
86.229;95;0;98;0;0.0;19.700;1.340;42;47;0;0;100;99;100;127;100;190;100;88;88;0;0.000;3.755;0.000;0.000;19.700;1.340;0.0;0.0;0;15;3.180;3.320;0.0;0;0.0;0;0;0;0;85;98;0;0;4123;0.00;0;0;0;0;0;0;0;0;0;0;0;0;0;0;0;0;15;0;98.0;98.0;0;0;0.00;0.00;0.00;0.0;0.0
86.298;96;0;98;0;0.0;19.700;1.340;42;47;0;0;100;99;100;127;100;190;100;88;88;0;0.000;3.755;0.000;0.000;19.700;1.340;0.0;0.0;0;15;3.180;3.320;0.0;0;0.0;0;0;0;0;85;98;0;0;4123;0.00;0;0;0;0;0;0;0;0;0;0;0;0;0;0;0;0;15;0;98.0;98.0;0;0;0.00;0.00;0.00;0.0;0.0
86.365;96;0;98;0;0.0;19.700;1.340;42;47;0;0;100;99;100;127;100;190;100;88;88;0;0.000;3.755;0.000;0.000;19.700;1.340;0.0;0.0;0;15;3.180;3.320;0.0;0;0.0;0;0;0;0;85;98;0;0;4123;0.00;0;0;0;0;0;0;0;0;0;0;0;0;0;0;0;0;15;0;98.0;98.0;0;0;0.00;0.00;0.00;0.0;0.0
86.430;96;0;98;0;0.0;19.700;1.340;42;47;0;0;100;99;100;127;100;190;100;88;88;0;0.000;3.755;0.000;0.000;19.700;1.340;0.0;0.0;0;15;3.180;3.320;0.0;0;0.0;0;0;0;0;85;98;0;0;4123;0.00;0;0;0;0;0;0;0;0;0;0;0;0;0;0;0;0;15;0;98.0;98.0;0;0;0.00;0.00;0.00;0.0;0.0
86.500;96;0;98;0;0.0;19.700;1.340;42;47;0;0;100;99;100;127;100;190;100;88;88;0;0.000;3.755;0.000;0.000;19.700;1.340;0.0;0.0;0;15;3.180;3.320;0.0;0;0.0;0;0;0;0;85;98;0;0;4123;0.00;0;0;0;0;0;0;0;0;0;0;0;0;0;0;0;0;15;0;98.0;98.0;0;0;0.00;0.00;0.00;0.0;0.0
86.564;96;0;98;0;0.0;19.700;1.340;42;47;0;0;100;99;100;127;100;190;100;88;88;0;0.000;3.755;0.000;0.000;19.700;1.340;0.0;0.0;0;15;3.180;3.320;0.0;0;0.0;0;0;0;0;85;98;0;0;4123;0.00;0;0;0;0;0;0;0;0;0;0;0;0;0;0;0;0;15;0;98.0;98.0;0;0;0.00;0.00;0.00;0.0;0.0
86.630;96;0;98;0;0.0;19.700;1.340;42;47;0;0;100;99;100;127;100;190;100;88;88;0;0.000;3.755;0.000;0.000;19.700;1.340;0.0;0.0;0;15;3.180;3.320;0.0;0;0.0;0;0;0;0;85;98;0;0;4123;0.00;0;0;0;0;0;0;0;0;0;0;0;0;0;0;0;0;15;0;98.0;98.0;0;0;0.00;0.00;0.00;0.0;0.0
86.695;96;0;98;0;0.0;19.700;1.340;42;47;0;0;100;99;100;127;100;190;100;88;88;0;0.000;3.755;0.000;0.000;19.700;1.340;0.0;0.0;0;15;3.180;3.320;0.0;0;0.0;0;0;0;0;85;98;0;0;4123;0.00;0;0;0;0;0;0;0;0;0;0;0;0;0;0;0;0;15;0;98.0;98.0;0;0;0.00;0.00;0.00;0.0;0.0
86.763;96;0;98;0;0.0;19.700;1.340;42;47;0;0;100;99;100;127;100;190;100;88;88;0;0.000;3.755;0.000;0.000;19.700;1.340;0.0;0.0;0;15;3.180;3.320;0.0;0;0.0;0;0;0;0;85;98;0;0;4123;0.00;0;0;0;0;0;0;0;0;0;0;0;0;0;0;0;0;15;0;98.0;98.0;0;0;0.00;0.00;0.00;0.0;0.0
86.833;96;0;98;0;0.0;19.700;1.340;42;47;0;0;100;99;100;127;100;190;100;88;88;0;0.000;3.755;0.000;0.000;19.700;1.340;0.0;0.0;0;15;3.180;3.320;0.0;0;0.0;0;0;0;0;85;98;0;0;4123;0.00;0;0;0;0;0;0;0;0;0;0;0;0;0;0;0;0;15;0;98.0;98.0;0;0;0.00;0.00;0.00;0.0;0.0
86.897;96;0;98;0;0.0;19.700;1.340;42;47;0;0;100;99;100;127;100;190;100;88;88;0;0.000;3.755;0.000;0.000;19.700;1.340;0.0;0.0;0;15;3.180;3.320;0.0;0;0.0;0;0;0;0;85;98;0;0;4123;0.00;0;0;0;0;0;0;0;0;0;0;0;0;0;0;0;0;15;0;98.0;98.0;0;0;0.00;0.00;0.00;0.0;0.0
86.964;96;0;98;0;0.0;19.700;1.340;42;47;0;0;100;99;100;127;100;190;100;88;88;0;0.000;3.755;0.000;0.000;19.700;1.340;0.0;0.0;0;15;3.180;3.320;0.0;0;0.0;0;0;0;0;85;98;0;0;4123;0.00;0;0;0;0;0;0;0;0;0;0;0;0;0;0;0;0;15;0;98.0;98.0;0;0;0.00;0.00;0.00;0.0;0.0
87.031;96;0;98;0;0.0;19.700;1.340;42;47;0;0;100;99;100;127;100;190;100;88;88;0;0.000;3.755;0.000;0.000;19.700;1.340;0.0;0.0;0;15;3.180;3.320;0.0;0;0.0;0;0;0;0;85;98;0;0;4123;0.00;0;0;0;0;0;0;0;0;0;0;0;0;0;0;0;0;15;0;98.0;98.0;0;0;0.00;0.00;0.00;0.0;0.0
87.095;96;0;98;0;0.0;19.700;1.340;42;47;0;0;100;99;100;127;100;190;100;88;88;0;0.000;3.755;0.000;0.000;19.700;1.340;0.0;0.0;0;15;3.180;3.320;0.0;0;0.0;0;0;0;0;85;98;0;0;4123;0.00;0;0;0;0;0;0;0;0;0;0;0;0;0;0;0;0;15;0;98.0;98.0;0;0;0.00;0.00;0.00;0.0;0.0
87.162;96;0;98;0;0.0;19.700;1.340;42;47;0;0;100;99;100;127;100;190;100;88;88;0;0.000;3.755;0.000;0.000;19.700;1.340;0.0;0.0;0;15;3.180;3.320;0.0;0;0.0;0;0;0;0;85;98;0;0;4123;0.00;0;0;0;0;0;0;0;0;0;0;0;0;0;0;0;0;15;0;98.0;98.0;0;0;0.00;0.00;0.00;0.0;0.0
87.228;96;0;98;0;0.0;19.700;1.340;42;47;0;0;100;99;100;127;100;190;100;88;88;0;0.000;3.755;0.000;0.000;19.700;1.340;0.0;0.0;0;15;3.180;3.320;0.0;0;0.0;0;0;0;0;85;98;0;0;4123;0.00;0;0;0;0;0;0;0;0;0;0;0;0;0;0;0;0;15;0;98.0;98.0;0;0;0.00;0.00;0.00;0.0;0.0
87.297;96;0;98;0;0.0;19.700;1.340;42;47;0;0;100;99;100;127;100;190;100;88;88;0;0.000;3.755;0.000;0.000;19.700;1.340;0.0;0.0;0;15;3.180;3.320;0.0;0;0.0;0;0;0;0;85;98;0;0;4123;0.00;0;0;0;0;0;0;0;0;0;0;0;0;0;0;0;0;15;0;98.0;98.0;0;0;0.00;0.00;0.00;0.0;0.0
87.363;97;0;98;0;0.0;19.700;1.340;42;47;0;0;100;99;100;127;100;190;100;88;88;0;0.000;3.755;0.000;0.000;19.700;1.340;0.0;0.0;0;15;3.180;3.320;0.0;0;0.0;0;0;0;0;85;98;0;0;4110;0.00;0;0;0;0;0;0;0;0;0;0;0;0;0;0;0;0;15;0;98.0;98.0;0;0;0.00;0.00;0.00;0.0;0.0
87.430;97;0;98;0;0.0;19.700;1.340;42;47;0;0;100;99;100;127;100;190;100;88;88;0;0.000;3.755;0.000;0.000;19.700;1.340;0.0;0.0;0;15;3.180;3.320;0.0;0;0.0;0;0;0;0;85;98;0;0;4110;0.00;0;0;0;0;0;0;0;0;0;0;0;0;0;0;0;0;15;0;98.0;98.0;0;0;0.00;0.00;0.00;0.0;0.0
87.499;97;0;98;0;0.0;19.700;1.340;42;47;0;0;100;99;100;127;100;190;100;88;88;0;0.000;3.755;0.000;0.000;19.700;1.340;0.0;0.0;0;15;3.180;3.320;0.0;0;0.0;0;0;0;0;85;98;0;0;4110;0.00;0;0;0;0;0;0;0;0;0;0;0;0;0;0;0;0;15;0;98.0;98.0;0;0;0.00;0.00;0.00;0.0;0.0
87.568;97;0;98;0;0.0;19.700;1.340;42;47;0;0;100;99;100;127;100;190;100;88;88;0;0.000;3.755;0.000;0.000;19.700;1.340;0.0;0.0;0;15;3.180;3.320;0.0;0;0.0;0;0;0;0;85;98;0;0;4110;0.00;0;0;0;0;0;0;0;0;0;0;0;0;0;0;0;0;15;0;98.0;98.0;0;0;0.00;0.00;0.00;0.0;0.0
87.633;97;0;98;0;0.0;19.700;1.340;42;47;0;0;100;99;100;127;100;190;100;88;88;0;0.000;3.755;0.000;0.000;19.700;1.340;0.0;0.0;0;15;3.180;3.320;0.0;0;0.0;0;0;0;0;85;98;0;0;4110;0.00;0;0;0;0;0;0;0;0;0;0;0;0;0;0;0;0;15;0;98.0;98.0;0;0;0.00;0.00;0.00;0.0;0.0
87.698;97;0;98;0;0.0;19.700;1.340;42;47;0;0;100;99;100;127;100;190;100;88;88;0;0.000;3.755;0.000;0.000;19.700;1.340;0.0;0.0;0;15;3.180;3.320;0.0;0;0.0;0;0;0;0;85;98;0;0;4110;0.00;0;0;0;0;0;0;0;0;0;0;0;0;0;0;0;0;15;0;98.0;98.0;0;0;0.00;0.00;0.00;0.0;0.0
87.766;97;0;98;0;0.0;19.700;1.340;42;47;0;0;100;99;100;127;100;190;100;88;88;0;0.000;3.755;0.000;0.000;19.700;1.340;0.0;0.0;0;15;3.180;3.320;0.0;0;0.0;0;0;0;0;85;98;0;0;4110;0.00;0;0;0;0;0;0;0;0;0;0;0;0;0;0;0;0;15;0;98.0;98.0;0;0;0.00;0.00;0.00;0.0;0.0
87.834;97;0;98;0;0.0;19.700;1.340;42;47;0;0;100;99;100;127;100;190;100;88;88;0;0.000;3.755;0.000;0.000;19.700;1.340;0.0;0.0;0;15;3.180;3.320;0.0;0;0.0;0;0;0;0;85;98;0;0;4110;0.00;0;0;0;0;0;0;0;0;0;0;0;0;0;0;0;0;15;0;98.0;98.0;0;0;0.00;0.00;0.00;0.0;0.0
87.898;97;0;98;0;0.0;19.700;1.340;42;47;0;0;100;99;100;127;100;190;100;88;88;0;0.000;3.755;0.000;0.000;19.700;1.340;0.0;0.0;0;15;3.180;3.320;0.0;0;0.0;0;0;0;0;85;98;0;0;4110;0.00;0;0;0;0;0;0;0;0;0;0;0;0;0;0;0;0;15;0;98.0;98.0;0;0;0.00;0.00;0.00;0.0;0.0
87.964;97;0;98;0;0.0;19.700;1.340;42;47;0;0;100;99;100;127;100;190;100;88;88;0;0.000;3.755;0.000;0.000;19.700;1.340;0.0;0.0;0;15;3.180;3.320;0.0;0;0.0;0;0;0;0;85;98;0;0;4110;0.00;0;0;0;0;0;0;0;0;0;0;0;0;0;0;0;0;15;0;98.0;98.0;0;0;0.00;0.00;0.00;0.0;0.0
88.030;97;0;98;0;0.0;19.700;1.340;42;47;0;0;100;99;100;127;100;190;100;88;88;0;0.000;3.755;0.000;0.000;19.700;1.340;0.0;0.0;0;15;3.180;3.320;0.0;0;0.0;0;0;0;0;85;98;0;0;4110;0.00;0;0;0;0;0;0;0;0;0;0;0;0;0;0;0;0;15;0;98.0;98.0;0;0;0.00;0.00;0.00;0.0;0.0
88.096;97;0;98;0;0.0;19.700;1.340;42;47;0;0;100;99;100;127;100;190;100;88;88;0;0.000;3.755;0.000;0.000;19.700;1.340;0.0;0.0;0;15;3.180;3.320;0.0;0;0.0;0;0;0;0;85;98;0;0;4110;0.00;0;0;0;0;0;0;0;0;0;0;0;0;0;0;0;0;15;0;98.0;98.0;0;0;0.00;0.00;0.00;0.0;0.0
88.161;97;0;98;0;0.0;19.700;1.340;42;47;0;0;100;99;100;127;100;190;100;88;88;0;0.000;3.755;0.000;0.000;19.700;1.340;0.0;0.0;0;15;3.180;3.320;0.0;0;0.0;0;0;0;0;85;98;0;0;4110;0.00;0;0;0;0;0;0;0;0;0;0;0;0;0;0;0;0;15;0;98.0;98.0;0;0;0.00;0.00;0.00;0.0;0.0
88.231;97;0;98;0;0.0;19.700;1.340;42;47;0;0;100;99;100;127;100;190;100;88;88;0;0.000;3.755;0.000;0.000;19.700;1.340;0.0;0.0;0;15;3.180;3.320;0.0;0;0.0;0;0;0;0;85;98;0;0;4110;0.00;0;0;0;0;0;0;0;0;0;0;0;0;0;0;0;0;15;0;98.0;98.0;0;0;0.00;0.00;0.00;0.0;0.0
88.297;97;0;98;0;0.0;19.700;1.340;42;47;0;0;100;99;100;127;100;190;100;88;88;0;0.000;3.755;0.000;0.000;19.700;1.340;0.0;0.0;0;15;3.180;3.320;0.0;0;0.0;0;0;0;0;85;98;0;0;4110;0.00;0;0;0;0;0;0;0;0;0;0;0;0;0;0;0;0;15;0;98.0;98.0;0;0;0.00;0.00;0.00;0.0;0.0
88.297;98;0;98;0;0.0;19.700;1.340;42;47;0;0;100;99;100;127;100;190;100;88;88;0;0.000;3.755;0.000;0.000;19.700;1.340;0.0;0.0;0;15;3.180;3.320;0.0;0;0.0;0;0;0;0;85;98;0;0;4122;0.00;0;0;0;0;0;0;0;0;0;0;0;0;0;0;0;0;15;0;98.0;98.0;0;0;0.00;0.00;0.00;0.0;0.0
88.432;98;0;98;0;0.0;19.700;1.340;42;47;0;0;100;99;100;127;100;190;100;88;88;0;0.000;3.755;0.000;0.000;19.700;1.340;0.0;0.0;0;15;3.180;3.320;0.0;0;0.0;0;0;0;0;85;98;0;0;4122;0.00;0;0;0;0;0;0;0;0;0;0;0;0;0;0;0;0;15;0;98.0;98.0;0;0;0.00;0.00;0.00;0.0;0.0
88.496;98;0;98;0;0.0;19.700;1.340;42;47;0;0;100;99;100;127;100;190;100;88;88;0;0.000;3.755;0.000;0.000;19.700;1.340;0.0;0.0;0;15;3.180;3.320;0.0;0;0.0;0;0;0;0;85;98;0;0;4122;0.00;0;0;0;0;0;0;0;0;0;0;0;0;0;0;0;0;15;0;98.0;98.0;0;0;0.00;0.00;0.00;0.0;0.0
88.563;98;0;98;0;0.0;19.700;1.340;42;47;0;0;100;99;100;127;100;190;100;88;88;0;0.000;3.755;0.000;0.000;19.700;1.340;0.0;0.0;0;15;3.180;3.320;0.0;0;0.0;0;0;0;0;85;98;0;0;4122;0.00;0;0;0;0;0;0;0;0;0;0;0;0;0;0;0;0;15;0;98.0;98.0;0;0;0.00;0.00;0.00;0.0;0.0
88.563;98;0;98;0;0.0;19.700;1.340;42;47;0;0;100;99;100;127;100;190;100;88;88;0;0.000;3.755;0.000;0.000;19.700;1.340;0.0;0.0;0;15;3.180;3.320;0.0;0;0.0;0;0;0;0;85;98;0;0;4122;0.00;0;0;0;0;0;0;0;0;0;0;0;0;0;0;0;0;15;0;98.0;98.0;0;0;0.00;0.00;0.00;0.0;0.0
88.698;98;0;98;0;0.0;19.700;1.340;42;47;0;0;100;99;100;127;100;190;100;88;88;0;0.000;3.755;0.000;0.000;19.700;1.340;0.0;0.0;0;15;3.180;3.320;0.0;0;0.0;0;0;0;0;85;98;0;0;4122;0.00;0;0;0;0;0;0;0;0;0;0;0;0;0;0;0;0;15;0;98.0;98.0;0;0;0.00;0.00;0.00;0.0;0.0
88.764;98;0;98;0;0.0;19.700;1.340;42;47;0;0;100;99;100;127;100;190;100;88;88;0;0.000;3.755;0.000;0.000;19.700;1.340;0.0;0.0;0;15;3.180;3.320;0.0;0;0.0;0;0;0;0;85;98;0;0;4122;0.00;0;0;0;0;0;0;0;0;0;0;0;0;0;0;0;0;15;0;98.0;98.0;0;0;0.00;0.00;0.00;0.0;0.0
88.830;98;0;98;0;0.0;19.700;1.340;42;47;0;0;100;99;100;127;100;190;100;88;88;0;0.000;3.755;0.000;0.000;19.700;1.340;0.0;0.0;0;15;3.180;3.320;0.0;0;0.0;0;0;0;0;85;98;0;0;4122;0.00;0;0;0;0;0;0;0;0;0;0;0;0;0;0;0;0;15;0;98.0;98.0;0;0;0.00;0.00;0.00;0.0;0.0
88.894;98;0;98;0;0.0;19.700;1.340;42;47;0;0;100;99;100;127;100;190;100;88;88;0;0.000;3.755;0.000;0.000;19.700;1.340;0.0;0.0;0;15;3.180;3.320;0.0;0;0.0;0;0;0;0;85;98;0;0;4122;0.00;0;0;0;0;0;0;0;0;0;0;0;0;0;0;0;0;15;0;98.0;98.0;0;0;0.00;0.00;0.00;0.0;0.0
88.894;98;0;98;0;0.0;19.700;1.340;42;47;0;0;100;99;100;127;100;190;100;88;88;0;0.000;3.755;0.000;0.000;19.700;1.340;0.0;0.0;0;15;3.180;3.320;0.0;0;0.0;0;0;0;0;85;98;0;0;4122;0.00;0;0;0;0;0;0;0;0;0;0;0;0;0;0;0;0;15;0;98.0;98.0;0;0;0.00;0.00;0.00;0.0;0.0
89.029;98;0;98;0;0.0;19.700;1.340;42;47;0;0;100;99;100;127;100;190;100;88;88;0;0.000;3.755;0.000;0.000;19.700;1.340;0.0;0.0;0;15;3.180;3.320;0.0;0;0.0;0;0;0;0;85;98;0;0;4122;0.00;0;0;0;0;0;0;0;0;0;0;0;0;0;0;0;0;15;0;98.0;98.0;0;0;0.00;0.00;0.00;0.0;0.0
89.095;98;0;98;0;0.0;19.600;1.333;42;47;0;0;100;99;100;127;100;190;100;88;88;0;0.000;3.755;0.000;0.000;19.700;1.340;0.0;0.0;0;15;3.180;3.320;0.0;0;0.0;0;0;0;0;85;98;0;0;4122;0.00;0;0;0;0;0;0;0;0;0;0;0;0;0;0;0;0;15;0;98.0;98.0;0;0;0.00;0.00;0.00;0.0;0.0
89.160;98;0;98;0;0.0;19.600;1.333;42;47;0;0;100;99;100;127;100;190;100;88;88;0;0.000;3.755;0.000;0.000;19.700;1.340;0.0;0.0;0;15;3.180;3.320;0.0;0;0.0;0;0;0;0;85;98;0;0;4122;0.00;0;0;0;0;0;0;0;0;0;0;0;0;0;0;0;0;15;0;98.0;98.0;0;0;0.00;0.00;0.00;0.0;0.0
89.230;98;0;98;0;0.0;19.300;1.313;42;47;0;0;100;99;100;127;100;190;100;88;88;0;0.000;3.755;0.000;0.000;19.700;1.340;0.0;0.0;0;15;3.180;3.320;0.0;0;0.0;0;0;0;0;85;98;0;0;4122;0.00;0;0;0;0;0;0;0;0;0;0;0;0;0;0;0;0;15;0;98.0;98.0;0;0;0.00;0.00;0.00;0.0;0.0
89.295;98;0;98;0;0.0;19.300;1.313;42;47;0;0;100;99;100;127;100;190;100;88;88;0;0.000;3.755;0.000;0.000;19.700;1.340;0.0;0.0;0;15;3.180;3.320;0.0;0;0.0;0;0;0;0;85;98;0;0;4122;0.00;0;0;0;0;0;0;0;0;0;0;0;0;0;0;0;0;15;0;98.0;98.0;0;0;0.00;0.00;0.00;0.0;0.0
89.361;99;0;98;0;0.0;19.100;1.299;42;47;0;0;100;99;100;127;100;190;100;88;88;0;0.000;3.755;0.000;0.000;19.700;1.340;0.0;0.0;0;15;3.180;3.320;0.0;0;0.0;0;0;0;0;85;98;0;0;4122;0.00;0;0;0;0;0;0;0;0;0;0;0;0;0;0;0;0;15;0;98.0;98.0;0;0;0.00;0.00;0.00;0.0;0.0
89.427;99;0;98;0;0.0;18.900;1.286;42;47;0;0;100;99;100;127;100;190;100;88;88;0;0.000;3.755;0.000;0.000;19.700;1.340;0.0;0.0;0;15;3.180;3.320;0.0;0;0.0;0;0;0;0;85;98;0;0;4122;0.00;0;0;0;0;0;0;0;0;0;0;0;0;0;0;0;0;15;0;98.0;98.0;0;0;0.00;0.00;0.00;0.0;0.0
89.491;99;0;98;0;0.0;18.900;1.286;42;47;0;0;100;99;100;127;100;190;100;88;88;0;0.000;3.755;0.000;0.000;19.700;1.340;0.0;0.0;0;15;3.180;3.320;0.0;0;0.0;0;0;0;0;85;98;0;0;4122;0.00;0;0;0;0;0;0;0;0;0;0;0;0;0;0;0;0;15;0;98.0;98.0;0;0;0.00;0.00;0.00;0.0;0.0
89.557;99;0;98;0;0.0;18.800;1.279;42;47;0;0;100;99;100;127;100;190;100;88;88;0;0.000;3.755;0.000;0.000;19.700;1.340;0.0;0.0;0;15;3.180;3.320;0.0;0;0.0;0;0;0;0;85;98;0;0;4122;0.00;0;0;0;0;0;0;0;0;0;0;0;0;0;0;0;0;15;0;98.0;98.0;0;0;0.00;0.00;0.00;0.0;0.0
89.627;99;0;98;0;0.0;18.600;1.265;42;47;0;0;100;99;100;127;100;190;100;88;88;0;0.000;3.755;0.000;0.000;19.700;1.340;0.0;0.0;0;15;3.180;3.320;0.0;0;0.0;0;0;0;0;85;98;0;0;4122;0.00;0;0;0;0;0;0;0;0;0;0;0;0;0;0;0;0;15;0;98.0;98.0;0;0;0.00;0.00;0.00;0.0;0.0
89.693;99;0;98;0;0.0;18.500;1.259;42;47;0;0;100;99;100;127;100;190;100;88;88;0;0.000;3.755;0.000;0.000;19.700;1.340;0.0;0.0;0;15;3.180;3.320;0.0;0;0.0;0;0;0;0;85;98;0;0;4122;0.00;0;0;0;0;0;0;0;0;0;0;0;0;0;0;0;0;15;0;98.0;98.0;0;0;0.00;0.00;0.00;0.0;0.0
89.757;99;0;98;0;0.0;18.300;1.245;42;47;0;0;100;99;100;127;100;190;100;88;88;0;0.000;3.755;0.000;0.000;19.700;1.340;0.0;0.0;0;15;3.180;3.320;0.0;0;0.0;0;0;0;0;85;98;0;0;4122;0.00;0;0;0;0;0;0;0;0;0;0;0;0;0;0;0;0;15;0;98.0;98.0;0;0;0.00;0.00;0.00;0.0;0.0
89.828;99;0;98;0;0.0;18.200;1.238;42;47;0;0;100;99;100;127;100;190;100;88;88;0;0.000;3.755;0.000;0.000;19.700;1.340;0.0;0.0;0;15;3.180;3.320;0.0;0;0.0;0;0;0;0;85;98;0;0;4122;0.00;0;0;0;0;0;0;0;0;0;0;0;0;0;0;0;0;15;0;98.0;98.0;0;0;0.00;0.00;0.00;0.0;0.0
89.894;99;0;98;0;0.0;18.200;1.238;42;47;0;0;100;99;100;127;100;190;100;88;88;0;0.000;3.755;0.000;0.000;19.700;1.340;0.0;0.0;0;15;3.180;3.320;0.0;0;0.0;0;0;0;0;85;98;0;0;4122;0.00;0;0;0;0;0;0;0;0;0;0;0;0;0;0;0;0;15;0;98.0;98.0;0;0;0.00;0.00;0.00;0.0;0.0
89.963;99;0;98;0;0.0;18.200;1.238;42;47;0;0;100;99;100;127;100;190;100;88;88;0;0.000;3.755;0.000;0.000;19.700;1.340;0.0;0.0;0;15;3.180;3.320;0.0;0;0.0;0;0;0;0;85;98;0;0;4122;0.00;0;0;0;0;0;0;0;0;0;0;0;0;0;0;0;0;15;0;98.0;98.0;0;0;0.00;0.00;0.00;0.0;0.0
90.028;99;0;98;0;0.0;18.200;1.238;42;47;0;0;100;99;100;127;100;190;100;88;88;0;0.000;3.755;0.000;0.000;19.700;1.340;0.0;0.0;0;15;3.180;3.320;0.0;0;0.0;0;0;0;0;85;98;0;0;4122;0.00;0;0;0;0;0;0;0;0;0;0;0;0;0;0;0;0;15;0;98.0;98.0;0;0;0.00;0.00;0.00;0.0;0.0
90.102;99;0;98;0;0.0;18.200;1.238;42;47;0;0;100;99;100;127;100;190;100;88;88;0;0.000;3.755;0.000;0.000;19.700;1.340;0.0;0.0;0;15;3.180;3.320;0.0;0;0.0;0;0;0;0;85;98;0;0;4122;0.00;0;0;0;0;0;0;0;0;0;0;0;0;0;0;0;0;15;0;98.0;98.0;0;0;0.00;0.00;0.00;0.0;0.0
90.168;99;0;98;0;0.0;17.900;1.218;42;47;0;0;100;99;100;127;100;190;100;88;88;0;0.000;3.755;0.000;0.000;19.700;1.340;0.0;0.0;0;15;3.180;3.320;0.0;0;0.0;0;0;0;0;85;98;0;0;4122;0.00;0;0;0;0;0;0;0;0;0;0;0;0;0;0;0;0;15;0;98.0;98.0;0;0;0.00;0.00;0.00;0.0;0.0
90.234;99;0;98;0;0.0;17.900;1.218;42;47;0;0;100;99;100;127;100;190;100;88;88;0;0.000;3.755;0.000;0.000;19.700;1.340;0.0;0.0;0;15;3.180;3.320;0.0;0;0.0;0;0;0;0;85;98;0;0;4122;0.00;0;0;0;0;0;0;0;0;0;0;0;0;0;0;0;0;15;0;98.0;98.0;0;0;0.00;0.00;0.00;0.0;0.0
90.300;99;0;98;0;0.0;17.900;1.218;42;47;0;0;100;99;100;127;100;190;100;88;88;0;0.000;3.755;0.000;0.000;19.700;1.340;0.0;0.0;0;15;3.180;3.320;0.0;0;0.0;0;0;0;0;85;98;0;0;4122;0.00;0;0;0;0;0;0;0;0;0;0;0;0;0;0;0;0;15;0;98.0;98.0;0;0;0.00;0.00;0.00;0.0;0.0
90.366;100;0;98;0;0.0;17.600;1.197;42;47;0;0;100;99;100;127;100;190;100;88;88;0;0.000;3.755;0.000;0.000;19.700;1.340;0.0;0.0;0;15;3.180;3.320;0.0;0;0.0;0;0;0;0;85;98;0;0;4110;0.00;0;0;0;0;0;0;0;0;0;0;0;0;0;0;0;0;15;0;98.0;98.0;0;0;0.00;0.00;0.00;0.0;0.0
90.430;100;0;98;0;0.0;17.600;1.197;42;47;0;0;100;99;100;127;100;190;100;88;88;0;0.000;3.755;0.000;0.000;19.700;1.340;0.0;0.0;0;15;3.180;3.320;0.0;0;0.0;0;0;0;0;85;98;0;0;4110;0.00;0;0;0;0;0;0;0;0;0;0;0;0;0;0;0;0;15;0;98.0;98.0;0;0;0.00;0.00;0.00;0.0;0.0
90.495;100;0;98;0;0.0;17.500;1.190;42;47;0;0;100;99;100;127;100;190;100;88;88;0;0.000;3.755;0.000;0.000;19.700;1.340;0.0;0.0;0;15;3.180;3.320;0.0;0;0.0;0;0;0;0;85;98;0;0;4110;0.00;0;0;0;0;0;0;0;0;0;0;0;0;0;0;0;0;15;0;98.0;98.0;0;0;0.00;0.00;0.00;0.0;0.0
90.562;100;0;98;0;0.0;17.500;1.190;42;47;0;0;100;99;100;127;100;190;100;88;88;0;0.000;3.755;0.000;0.000;19.700;1.340;0.0;0.0;0;15;3.180;3.320;0.0;0;0.0;0;0;0;0;85;98;0;0;4110;0.00;0;0;0;0;0;0;0;0;0;0;0;0;0;0;0;0;15;0;98.0;98.0;0;0;0.00;0.00;0.00;0.0;0.0
90.562;100;0;98;0;0.0;17.300;1.177;42;47;0;0;100;99;100;127;100;190;100;88;88;0;0.000;3.755;0.000;0.000;19.700;1.340;0.0;0.0;0;15;3.180;3.320;0.0;0;0.0;0;0;0;0;85;98;0;0;4110;0.00;0;0;0;0;0;0;0;0;0;0;0;0;0;0;0;0;15;0;98.0;98.0;0;0;0.00;0.00;0.00;0.0;0.0
90.698;100;0;98;0;0.0;17.300;1.177;42;47;0;0;100;99;100;127;100;190;100;88;88;0;0.000;3.755;0.000;0.000;19.700;1.340;0.0;0.0;0;15;3.180;3.320;0.0;0;0.0;0;0;0;0;85;98;0;0;4110;0.00;0;0;0;0;0;0;0;0;0;0;0;0;0;0;0;0;15;0;98.0;98.0;0;0;0.00;0.00;0.00;0.0;0.0
90.766;100;0;98;0;0.0;17.300;1.177;42;47;0;0;100;99;100;127;100;190;100;88;88;0;0.000;3.755;0.000;0.000;19.700;1.340;0.0;0.0;0;15;3.180;3.320;0.0;0;0.0;0;0;0;0;85;98;0;0;4110;0.00;0;0;0;0;0;0;0;0;0;0;0;0;0;0;0;0;15;0;98.0;98.0;0;0;0.00;0.00;0.00;0.0;0.0
90.836;100;0;98;0;0.0;17.300;1.177;42;47;0;0;100;99;100;127;100;190;100;88;88;0;0.000;3.755;0.000;0.000;19.700;1.340;0.0;0.0;0;15;3.180;3.320;0.0;0;0.0;0;0;0;0;85;98;0;0;4110;0.00;0;0;0;0;0;0;0;0;0;0;0;0;0;0;0;0;15;0;98.0;98.0;0;0;0.00;0.00;0.00;0.0;0.0
90.904;100;0;98;0;0.0;17.300;1.177;42;47;0;0;100;99;100;127;100;190;100;88;88;0;0.000;3.755;0.000;0.000;19.700;1.340;0.0;0.0;0;15;3.180;3.320;0.0;0;0.0;0;0;0;0;85;98;0;0;4110;0.00;0;0;0;0;0;0;0;0;0;0;0;0;0;0;0;0;15;0;98.0;98.0;0;0;0.00;0.00;0.00;0.0;0.0
90.968;100;0;98;0;0.0;17.000;1.156;42;47;0;0;100;99;100;127;100;190;100;88;88;0;0.000;3.755;0.000;0.000;19.700;1.340;0.0;0.0;0;15;3.180;3.320;0.0;0;0.0;0;0;0;0;85;98;0;0;4110;0.00;0;0;0;0;0;0;0;0;0;0;0;0;0;0;0;0;15;0;98.0;98.0;0;0;0.00;0.00;0.00;0.0;0.0
91.036;100;0;98;0;0.0;17.000;1.156;42;47;0;0;100;99;100;127;100;190;100;88;88;0;0.000;3.755;0.000;0.000;19.700;1.340;0.0;0.0;0;15;3.180;3.320;0.0;0;0.0;0;0;0;0;85;98;0;0;4110;0.00;0;0;0;0;0;0;0;0;0;0;0;0;0;0;0;0;15;0;98.0;98.0;0;0;0.00;0.00;0.00;0.0;0.0
91.100;100;0;98;0;0.0;17.000;1.156;42;47;0;0;100;99;100;127;100;190;100;88;88;0;0.000;3.755;0.000;0.000;19.700;1.340;0.0;0.0;0;15;3.180;3.320;0.0;0;0.0;0;0;0;0;85;98;0;0;4110;0.00;0;0;0;0;0;0;0;0;0;0;0;0;0;0;0;0;15;0;98.0;98.0;0;0;0.00;0.00;0.00;0.0;0.0
91.164;100;0;98;0;0.0;17.000;1.156;42;47;0;0;100;99;100;127;100;190;100;88;88;0;0.000;3.755;0.000;0.000;19.700;1.340;0.0;0.0;0;15;3.180;3.320;0.0;0;0.0;0;0;0;0;85;98;0;0;4110;0.00;0;0;0;0;0;0;0;0;0;0;0;0;0;0;0;0;15;0;98.0;98.0;0;0;0.00;0.00;0.00;0.0;0.0
91.229;100;0;98;0;0.0;17.000;1.156;42;47;0;0;100;99;100;127;100;190;100;88;88;0;0.000;3.755;0.000;0.000;19.700;1.340;0.0;0.0;0;15;3.180;3.320;0.0;0;0.0;0;0;0;0;85;98;0;0;4110;0.00;0;0;0;0;0;0;0;0;0;0;0;0;0;0;0;0;15;0;98.0;98.0;0;0;0.00;0.00;0.00;0.0;0.0
91.300;100;0;98;0;0.0;16.800;1.143;42;47;0;0;100;99;100;127;100;190;100;88;88;0;0.000;3.755;0.000;0.000;19.700;1.340;0.0;0.0;0;15;3.180;3.320;0.0;0;0.0;0;0;0;0;85;98;0;0;4110;0.00;0;0;0;0;0;0;0;0;0;0;0;0;0;0;0;0;15;0;98.0;98.0;0;0;0.00;0.00;0.00;0.0;0.0
91.365;100;0;98;0;0.0;16.700;1.136;42;47;0;0;100;99;100;127;100;190;100;88;88;0;0.000;3.755;0.000;0.000;19.700;1.340;0.0;0.0;0;15;3.180;3.320;0.0;0;0.0;0;0;0;0;85;98;0;0;4110;0.00;0;0;0;0;0;0;0;0;0;0;0;0;0;0;0;0;15;0;98.0;98.0;0;0;0.00;0.00;0.00;0.0;0.0
91.432;101;0;98;0;0.0;16.700;1.136;42;47;0;0;100;99;100;127;100;190;100;88;88;0;0.000;3.755;0.000;0.000;19.700;1.340;0.0;0.0;0;15;3.180;3.320;0.0;0;0.0;0;0;0;0;85;98;0;0;4095;0.00;0;0;0;0;0;0;0;0;0;0;0;0;0;0;0;0;15;0;98.0;98.0;0;0;0.00;0.00;0.00;0.0;0.0
91.503;101;0;98;0;0.0;16.700;1.136;42;47;0;0;100;99;100;127;100;190;100;88;88;0;0.000;3.755;0.000;0.000;19.700;1.340;0.0;0.0;0;15;3.180;3.320;0.0;0;0.0;0;0;0;0;85;98;0;0;4095;0.00;0;0;0;0;0;0;0;0;0;0;0;0;0;0;0;0;15;0;98.0;98.0;0;0;0.00;0.00;0.00;0.0;0.0
91.570;101;0;98;0;0.0;16.700;1.136;42;47;0;0;100;99;100;127;100;190;100;88;88;0;0.000;3.755;0.000;0.000;19.700;1.340;0.0;0.0;0;15;3.180;3.320;0.0;0;0.0;0;0;0;0;85;98;0;0;4095;0.00;0;0;0;0;0;0;0;0;0;0;0;0;0;0;0;0;15;0;98.0;98.0;0;0;0.00;0.00;0.00;0.0;0.0
91.634;101;0;98;0;0.0;16.700;1.136;42;47;0;0;100;99;100;127;100;190;100;88;88;0;0.000;3.755;0.000;0.000;19.700;1.340;0.0;0.0;0;15;3.180;3.320;0.0;0;0.0;0;0;0;0;85;98;0;0;4095;0.00;0;0;0;0;0;0;0;0;0;0;0;0;0;0;0;0;15;0;98.0;98.0;0;0;0.00;0.00;0.00;0.0;0.0
91.700;101;0;98;0;0.0;16.700;1.136;42;47;0;0;100;99;100;127;100;190;100;88;88;0;0.000;3.755;0.000;0.000;19.700;1.340;0.0;0.0;0;15;3.180;3.320;0.0;0;0.0;0;0;0;0;85;98;0;0;4095;0.00;0;0;0;0;0;0;0;0;0;0;0;0;0;0;0;0;15;0;98.0;98.0;0;0;0.00;0.00;0.00;0.0;0.0
91.766;101;0;98;0;0.0;16.700;1.136;42;47;0;0;100;99;100;127;100;190;100;88;88;0;0.000;3.755;0.000;0.000;19.700;1.340;0.0;0.0;0;15;3.180;3.320;0.0;0;0.0;0;0;0;0;85;98;0;0;4095;0.00;0;0;0;0;0;0;0;0;0;0;0;0;0;0;0;0;15;0;98.0;98.0;0;0;0.00;0.00;0.00;0.0;0.0
91.833;101;0;98;0;0.0;16.500;1.122;42;47;0;0;100;99;100;127;100;190;100;88;88;0;0.000;3.755;0.000;0.000;19.700;1.340;0.0;0.0;0;15;3.180;3.320;0.0;0;0.0;0;0;0;0;85;98;0;0;4095;0.00;0;0;0;0;0;0;0;0;0;0;0;0;0;0;0;0;15;0;98.0;98.0;0;0;0.00;0.00;0.00;0.0;0.0
91.902;101;0;98;0;0.0;16.500;1.122;42;47;0;0;100;99;100;127;100;190;100;88;88;0;0.000;3.755;0.000;0.000;19.700;1.340;0.0;0.0;0;15;3.180;3.320;0.0;0;0.0;0;0;0;0;85;98;0;0;4095;0.00;0;0;0;0;0;0;0;0;0;0;0;0;0;0;0;0;15;0;98.0;98.0;0;0;0.00;0.00;0.00;0.0;0.0
91.968;101;0;98;0;0.0;16.500;1.122;42;47;0;0;100;99;100;127;100;190;100;88;88;0;0.000;3.755;0.000;0.000;19.700;1.340;0.0;0.0;0;15;3.180;3.320;0.0;0;0.0;0;0;0;0;85;98;0;0;4095;0.00;0;0;0;0;0;0;0;0;0;0;0;0;0;0;0;0;15;0;98.0;98.0;0;0;0.00;0.00;0.00;0.0;0.0
92.033;101;0;98;0;0.0;16.500;1.122;42;47;0;0;100;99;100;127;100;190;100;88;88;0;0.000;3.755;0.000;0.000;19.700;1.340;0.0;0.0;0;15;3.180;3.320;0.0;0;0.0;0;0;0;0;85;98;0;0;4095;0.00;0;0;0;0;0;0;0;0;0;0;0;0;0;0;0;0;15;0;98.0;98.0;0;0;0.00;0.00;0.00;0.0;0.0
92.100;101;0;98;0;0.0;16.500;1.122;42;47;0;0;100;99;100;127;100;190;100;88;88;0;0.000;3.755;0.000;0.000;19.700;1.340;0.0;0.0;0;15;3.180;3.320;0.0;0;0.0;0;0;0;0;85;98;0;0;4095;0.00;0;0;0;0;0;0;0;0;0;0;0;0;0;0;0;0;15;0;98.0;98.0;0;0;0.00;0.00;0.00;0.0;0.0
92.171;101;0;98;0;0.0;16.500;1.122;42;47;0;0;100;99;100;127;100;190;100;88;88;0;0.000;3.755;0.000;0.000;19.700;1.340;0.0;0.0;0;15;3.180;3.320;0.0;0;0.0;0;0;0;0;85;98;0;0;4095;0.00;0;0;0;0;0;0;0;0;0;0;0;0;0;0;0;0;15;0;98.0;98.0;0;0;0.00;0.00;0.00;0.0;0.0
92.234;101;0;98;0;0.0;16.300;1.109;42;47;0;0;100;99;100;127;100;190;100;88;88;0;0.000;3.755;0.000;0.000;19.700;1.340;0.0;0.0;0;15;3.180;3.320;0.0;0;0.0;0;0;0;0;85;98;0;0;4095;0.00;0;0;0;0;0;0;0;0;0;0;0;0;0;0;0;0;15;0;98.0;98.0;0;0;0.00;0.00;0.00;0.0;0.0
92.299;101;0;98;0;0.0;16.200;1.102;42;47;0;0;100;99;100;127;100;190;100;88;88;0;0.000;3.755;0.000;0.000;19.700;1.340;0.0;0.0;0;15;3.180;3.320;0.0;0;0.0;0;0;0;0;85;98;0;0;4095;0.00;0;0;0;0;0;0;0;0;0;0;0;0;0;0;0;0;15;0;98.0;98.0;0;0;0.00;0.00;0.00;0.0;0.0
92.364;101;0;98;0;0.0;16.200;1.102;42;47;0;0;100;99;100;127;100;190;100;88;88;0;0.000;3.755;0.000;0.000;19.700;1.340;0.0;0.0;0;15;3.180;3.320;0.0;0;0.0;0;0;0;0;85;98;0;0;4095;0.00;0;0;0;0;0;0;0;0;0;0;0;0;0;0;0;0;15;0;98.0;98.0;0;0;0.00;0.00;0.00;0.0;0.0
92.436;102;0;98;0;0.0;16.200;1.102;42;47;0;0;100;99;100;127;100;190;100;88;88;0;0.000;3.755;0.000;0.000;19.700;1.340;0.0;0.0;0;15;3.180;3.320;0.0;0;0.0;0;0;0;0;85;98;0;0;4108;0.00;0;0;0;0;0;0;0;0;0;0;0;0;0;0;0;0;15;0;98.0;98.0;0;0;0.00;0.00;0.00;0.0;0.0
92.436;102;0;98;0;0.0;16.200;1.102;42;47;0;0;100;99;100;127;100;190;100;88;88;0;0.000;3.755;0.000;0.000;19.700;1.340;0.0;0.0;0;15;3.180;3.320;0.0;0;0.0;0;0;0;0;85;98;0;0;4108;0.00;0;0;0;0;0;0;0;0;0;0;0;0;0;0;0;0;15;0;98.0;98.0;0;0;0.00;0.00;0.00;0.0;0.0
92.503;102;0;98;0;0.0;16.200;1.102;42;47;0;0;100;99;100;127;100;190;100;88;88;0;0.000;3.755;0.000;0.000;19.700;1.340;0.0;0.0;0;15;3.180;3.320;0.0;0;0.0;0;0;0;0;85;98;0;0;4108;0.00;0;0;0;0;0;0;0;0;0;0;0;0;0;0;0;0;15;0;98.0;98.0;0;0;0.00;0.00;0.00;0.0;0.0
92.567;102;0;98;0;0.0;16.200;1.102;42;47;0;0;100;99;100;127;100;190;100;88;88;0;0.000;3.755;0.000;0.000;19.700;1.340;0.0;0.0;0;15;3.180;3.320;0.0;0;0.0;0;0;0;0;85;98;0;0;4108;0.00;0;0;0;0;0;0;0;0;0;0;0;0;0;0;0;0;15;0;98.0;98.0;0;0;0.00;0.00;0.00;0.0;0.0
92.633;102;0;98;0;0.0;16.200;1.102;42;47;0;0;100;99;100;127;100;190;100;88;88;0;0.000;3.755;0.000;0.000;19.700;1.340;0.0;0.0;0;15;3.180;3.320;0.0;0;0.0;0;0;0;0;85;98;0;0;4108;0.00;0;0;0;0;0;0;0;0;0;0;0;0;0;0;0;0;15;0;98.0;98.0;0;0;0.00;0.00;0.00;0.0;0.0
92.761;102;0;98;0;0.0;16.000;1.088;42;47;0;0;100;99;100;127;100;190;100;88;88;0;0.000;3.755;0.000;0.000;19.700;1.340;0.0;0.0;0;15;3.180;3.320;0.0;0;0.0;0;0;0;0;85;98;0;0;4108;0.00;0;0;0;0;0;0;0;0;0;0;0;0;0;0;0;0;15;0;98.0;98.0;0;0;0.00;0.00;0.00;0.0;0.0
92.826;102;0;98;0;0.0;15.900;1.082;42;47;0;0;100;99;100;127;100;190;100;88;88;0;0.000;3.755;0.000;0.000;19.700;1.340;0.0;0.0;0;15;3.180;3.320;0.0;0;0.0;0;0;0;0;85;98;0;0;4108;0.00;0;0;0;0;0;0;0;0;0;0;0;0;0;0;0;0;15;0;98.0;98.0;0;0;0.00;0.00;0.00;0.0;0.0
92.896;102;0;98;0;0.0;15.800;1.075;42;47;0;0;100;99;100;127;100;190;100;88;88;0;0.000;3.755;0.000;0.000;19.700;1.340;0.0;0.0;0;15;3.180;3.320;0.0;0;0.0;0;0;0;0;85;98;0;0;4108;0.00;0;0;0;0;0;0;0;0;0;0;0;0;0;0;0;0;15;0;98.0;98.0;0;0;0.00;0.00;0.00;0.0;0.0
92.961;102;0;98;0;0.0;15.800;1.075;42;47;0;0;100;99;100;127;100;190;100;88;88;0;0.000;3.755;0.000;0.000;19.700;1.340;0.0;0.0;0;15;3.180;3.320;0.0;0;0.0;0;0;0;0;85;98;0;0;4108;0.00;0;0;0;0;0;0;0;0;0;0;0;0;0;0;0;0;15;0;98.0;98.0;0;0;0.00;0.00;0.00;0.0;0.0
93.027;102;0;98;0;0.0;15.800;1.075;42;47;0;0;100;99;100;127;100;190;100;88;88;0;0.000;3.755;0.000;0.000;19.700;1.340;0.0;0.0;0;15;3.180;3.320;0.0;0;0.0;0;0;0;0;85;98;0;0;4108;0.00;0;0;0;0;0;0;0;0;0;0;0;0;0;0;0;0;15;0;98.0;98.0;0;0;0.00;0.00;0.00;0.0;0.0
93.096;102;0;98;0;0.0;15.800;1.075;42;47;0;0;100;99;100;127;100;190;100;88;88;0;0.000;3.755;0.000;0.000;19.700;1.340;0.0;0.0;0;15;3.180;3.320;0.0;0;0.0;0;0;0;0;85;98;0;0;4108;0.00;0;0;0;0;0;0;0;0;0;0;0;0;0;0;0;0;15;0;98.0;98.0;0;0;0.00;0.00;0.00;0.0;0.0
93.096;102;0;98;0;0.0;15.800;1.075;42;47;0;0;100;99;100;127;100;190;100;88;88;0;0.000;3.755;0.000;0.000;19.700;1.340;0.0;0.0;0;15;3.180;3.320;0.0;0;0.0;0;0;0;0;85;98;0;0;4108;0.00;0;0;0;0;0;0;0;0;0;0;0;0;0;0;0;0;15;0;98.0;98.0;0;0;0.00;0.00;0.00;0.0;0.0
93.231;102;0;98;0;0.0;15.800;1.075;42;47;0;0;100;99;100;127;100;190;100;88;88;0;0.000;3.755;0.000;0.000;19.700;1.340;0.0;0.0;0;15;3.180;3.320;0.0;0;0.0;0;0;0;0;85;98;0;0;4108;0.00;0;0;0;0;0;0;0;0;0;0;0;0;0;0;0;0;15;0;98.0;98.0;0;0;0.00;0.00;0.00;0.0;0.0
93.297;102;0;98;0;0.0;15.800;1.075;42;47;0;0;100;99;100;127;100;190;100;88;88;0;0.000;3.755;0.000;0.000;19.700;1.340;0.0;0.0;0;15;3.180;3.320;0.0;0;0.0;0;0;0;0;85;98;0;0;4108;0.00;0;0;0;0;0;0;0;0;0;0;0;0;0;0;0;0;15;0;98.0;98.0;0;0;0.00;0.00;0.00;0.0;0.0
93.297;102;0;98;0;0.0;15.800;1.075;42;47;0;0;100;99;100;127;100;190;100;88;88;0;0.000;3.755;0.000;0.000;19.700;1.340;0.0;0.0;0;15;3.180;3.320;0.0;0;0.0;0;0;0;0;85;98;0;0;4108;0.00;0;0;0;0;0;0;0;0;0;0;0;0;0;0;0;0;15;0;98.0;98.0;0;0;0.00;0.00;0.00;0.0;0.0
93.428;103;0;98;0;0.0;15.800;1.075;42;47;0;0;100;99;100;127;100;190;100;88;88;0;0.000;3.755;0.000;0.000;19.700;1.340;0.0;0.0;0;15;3.180;3.320;0.0;0;0.0;0;0;0;0;85;98;0;0;4110;0.00;0;0;0;0;0;0;0;0;0;0;0;0;0;0;0;0;15;0;98.0;98.0;0;0;0.00;0.00;0.00;0.0;0.0
93.494;103;0;98;0;0.0;15.700;1.068;42;47;0;0;100;99;100;127;100;190;100;88;88;0;0.000;3.755;0.000;0.000;19.700;1.340;0.0;0.0;0;15;3.180;3.320;0.0;0;0.0;0;0;0;0;85;98;0;0;4110;0.00;0;0;0;0;0;0;0;0;0;0;0;0;0;0;0;0;15;0;98.0;98.0;0;0;0.00;0.00;0.00;0.0;0.0
93.567;103;0;98;0;0.0;15.700;1.068;42;47;0;0;100;99;100;127;100;190;100;88;88;0;0.000;3.755;0.000;0.000;19.700;1.340;0.0;0.0;0;15;3.180;3.320;0.0;0;0.0;0;0;0;0;85;98;0;0;4110;0.00;0;0;0;0;0;0;0;0;0;0;0;0;0;0;0;0;15;0;98.0;98.0;0;0;0.00;0.00;0.00;0.0;0.0
93.632;103;0;98;0;0.0;15.600;1.061;42;47;0;0;100;99;100;127;100;190;100;88;88;0;0.000;3.755;0.000;0.000;19.700;1.340;0.0;0.0;0;15;3.180;3.320;0.0;0;0.0;0;0;0;0;85;98;0;0;4110;0.00;0;0;0;0;0;0;0;0;0;0;0;0;0;0;0;0;15;0;98.0;98.0;0;0;0.00;0.00;0.00;0.0;0.0
93.699;103;0;98;0;0.0;15.600;1.061;42;47;0;0;100;99;100;127;100;190;100;88;88;0;0.000;3.755;0.000;0.000;19.700;1.340;0.0;0.0;0;15;3.180;3.320;0.0;0;0.0;0;0;0;0;85;98;0;0;4110;0.00;0;0;0;0;0;0;0;0;0;0;0;0;0;0;0;0;15;0;98.0;98.0;0;0;0.00;0.00;0.00;0.0;0.0
93.764;103;0;98;0;0.0;15.600;1.061;42;47;0;0;100;99;100;127;100;190;100;88;88;0;0.000;3.755;0.000;0.000;19.700;1.340;0.0;0.0;0;15;3.180;3.320;0.0;0;0.0;0;0;0;0;85;98;0;0;4110;0.00;0;0;0;0;0;0;0;0;0;0;0;0;0;0;0;0;15;0;98.0;98.0;0;0;0.00;0.00;0.00;0.0;0.0
93.829;103;0;98;0;0.0;15.600;1.061;42;47;0;0;100;99;100;127;100;190;100;88;88;0;0.000;3.755;0.000;0.000;19.700;1.340;0.0;0.0;0;15;3.180;3.320;0.0;0;0.0;0;0;0;0;85;98;0;0;4110;0.00;0;0;0;0;0;0;0;0;0;0;0;0;0;0;0;0;15;0;98.0;98.0;0;0;0.00;0.00;0.00;0.0;0.0
93.895;103;0;98;0;0.0;15.600;1.061;42;47;0;0;100;99;100;127;100;190;100;88;88;0;0.000;3.755;0.000;0.000;19.700;1.340;0.0;0.0;0;15;3.180;3.320;0.0;0;0.0;0;0;0;0;85;98;0;0;4110;0.00;0;0;0;0;0;0;0;0;0;0;0;0;0;0;0;0;15;0;98.0;98.0;0;0;0.00;0.00;0.00;0.0;0.0
93.960;103;0;98;0;0.0;15.600;1.061;42;47;0;0;100;99;100;127;100;190;100;88;88;0;0.000;3.755;0.000;0.000;19.700;1.340;0.0;0.0;0;15;3.180;3.320;0.0;0;0.0;0;0;0;0;85;98;0;0;4110;0.00;0;0;0;0;0;0;0;0;0;0;0;0;0;0;0;0;15;0;98.0;98.0;0;0;0.00;0.00;0.00;0.0;0.0
94.027;103;0;98;0;0.0;15.600;1.061;42;47;0;0;100;99;100;127;100;190;100;88;88;0;0.000;3.755;0.000;0.000;19.700;1.340;0.0;0.0;0;15;3.180;3.320;0.0;0;0.0;0;0;0;0;85;98;0;0;4110;0.00;0;0;0;0;0;0;0;0;0;0;0;0;0;0;0;0;15;0;98.0;98.0;0;0;0.00;0.00;0.00;0.0;0.0
94.027;103;0;98;0;0.0;15.600;1.061;42;47;0;0;100;99;100;127;100;190;100;88;88;0;0.000;3.755;0.000;0.000;19.700;1.340;0.0;0.0;0;15;3.180;3.320;0.0;0;0.0;0;0;0;0;85;98;0;0;4110;0.00;0;0;0;0;0;0;0;0;0;0;0;0;0;0;0;0;15;0;98.0;98.0;0;0;0.00;0.00;0.00;0.0;0.0
94.161;103;0;98;0;0.0;15.600;1.061;42;47;0;0;100;99;100;127;100;190;100;88;88;0;0.000;3.755;0.000;0.000;19.700;1.340;0.0;0.0;0;15;3.180;3.320;0.0;0;0.0;0;0;0;0;85;98;0;0;4110;0.00;0;0;0;0;0;0;0;0;0;0;0;0;0;0;0;0;15;0;98.0;98.0;0;0;0.00;0.00;0.00;0.0;0.0
94.226;103;0;98;0;0.0;15.600;1.061;42;47;0;0;100;99;100;127;100;190;100;88;88;0;0.000;3.755;0.000;0.000;19.700;1.340;0.0;0.0;0;15;3.180;3.320;0.0;0;0.0;0;0;0;0;85;98;0;0;4110;0.00;0;0;0;0;0;0;0;0;0;0;0;0;0;0;0;0;15;0;98.0;98.0;0;0;0.00;0.00;0.00;0.0;0.0
94.226;103;0;98;0;0.0;15.600;1.061;42;47;0;0;100;99;100;127;100;190;100;88;88;0;0.000;3.755;0.000;0.000;19.700;1.340;0.0;0.0;0;15;3.180;3.320;0.0;0;0.0;0;0;0;0;85;98;0;0;4110;0.00;0;0;0;0;0;0;0;0;0;0;0;0;0;0;0;0;15;0;98.0;98.0;0;0;0.00;0.00;0.00;0.0;0.0
94.297;103;0;98;0;0.0;15.600;1.061;42;47;0;0;100;99;100;127;100;190;100;88;88;0;0.000;3.755;0.000;0.000;19.700;1.340;0.0;0.0;0;15;3.180;3.320;0.0;0;0.0;0;0;0;0;85;98;0;0;4110;0.00;0;0;0;0;0;0;0;0;0;0;0;0;0;0;0;0;15;0;98.0;98.0;0;0;0.00;0.00;0.00;0.0;0.0
94.432;104;0;98;0;0.0;15.600;1.061;42;47;0;0;100;99;100;127;100;190;100;88;88;0;0.000;3.755;0.000;0.000;19.700;1.340;0.0;0.0;0;15;3.180;3.320;0.0;0;0.0;0;0;0;0;85;98;0;0;4106;0.00;0;0;0;0;0;0;0;0;0;0;0;0;0;0;0;0;15;0;98.0;98.0;0;0;0.00;0.00;0.00;0.0;0.0
94.500;104;0;98;0;0.0;15.600;1.061;42;47;0;0;100;99;100;127;100;190;100;88;88;0;0.000;3.755;0.000;0.000;19.700;1.340;0.0;0.0;0;15;3.180;3.320;0.0;0;0.0;0;0;0;0;85;98;0;0;4106;0.00;0;0;0;0;0;0;0;0;0;0;0;0;0;0;0;0;15;0;98.0;98.0;0;0;0.00;0.00;0.00;0.0;0.0
94.500;104;0;98;0;0.0;15.500;1.054;42;47;0;0;100;99;100;127;100;190;100;88;88;0;0.000;3.755;0.000;0.000;19.700;1.340;0.0;0.0;0;15;3.180;3.320;0.0;0;0.0;0;0;0;0;85;98;0;0;4106;0.00;0;0;0;0;0;0;0;0;0;0;0;0;0;0;0;0;15;0;98.0;98.0;0;0;0.00;0.00;0.00;0.0;0.0
94.633;104;0;98;0;0.0;15.400;1.048;42;47;0;0;100;99;100;127;100;190;100;88;88;0;0.000;3.755;0.000;0.000;19.700;1.340;0.0;0.0;0;15;3.180;3.320;0.0;0;0.0;0;0;0;0;85;98;0;0;4106;0.00;0;0;0;0;0;0;0;0;0;0;0;0;0;0;0;0;15;0;98.0;98.0;0;0;0.00;0.00;0.00;0.0;0.0
94.699;104;0;98;0;0.0;15.400;1.048;42;47;0;0;100;99;100;127;100;190;100;88;88;0;0.000;3.755;0.000;0.000;19.700;1.340;0.0;0.0;0;15;3.180;3.320;0.0;0;0.0;0;0;0;0;85;98;0;0;4106;0.00;0;0;0;0;0;0;0;0;0;0;0;0;0;0;0;0;15;0;98.0;98.0;0;0;0.00;0.00;0.00;0.0;0.0
94.768;104;0;98;0;0.0;15.400;1.048;42;47;0;0;100;99;100;127;100;190;100;88;88;0;0.000;3.755;0.000;0.000;19.700;1.340;0.0;0.0;0;15;3.180;3.320;0.0;0;0.0;0;0;0;0;85;98;0;0;4106;0.00;0;0;0;0;0;0;0;0;0;0;0;0;0;0;0;0;15;0;98.0;98.0;0;0;0.00;0.00;0.00;0.0;0.0
94.835;104;0;98;0;0.0;15.400;1.048;42;47;0;0;100;99;100;127;100;190;100;88;88;0;0.000;3.755;0.000;0.000;19.700;1.340;0.0;0.0;0;15;3.180;3.320;0.0;0;0.0;0;0;0;0;85;98;0;0;4106;0.00;0;0;0;0;0;0;0;0;0;0;0;0;0;0;0;0;15;0;98.0;98.0;0;0;0.00;0.00;0.00;0.0;0.0
94.900;104;0;98;0;0.0;15.400;1.048;42;47;0;0;100;99;100;127;100;190;100;88;88;0;0.000;3.755;0.000;0.000;19.700;1.340;0.0;0.0;0;15;3.180;3.320;0.0;0;0.0;0;0;0;0;85;98;0;0;4106;0.00;0;0;0;0;0;0;0;0;0;0;0;0;0;0;0;0;15;0;98.0;98.0;0;0;0.00;0.00;0.00;0.0;0.0
94.967;104;0;98;0;0.0;15.400;1.048;42;47;0;0;100;99;100;127;100;190;100;88;88;0;0.000;3.755;0.000;0.000;19.700;1.340;0.0;0.0;0;15;3.180;3.320;0.0;0;0.0;0;0;0;0;85;98;0;0;4106;0.00;0;0;0;0;0;0;0;0;0;0;0;0;0;0;0;0;15;0;98.0;98.0;0;0;0.00;0.00;0.00;0.0;0.0
95.033;104;0;98;0;0.0;15.400;1.048;42;47;0;0;100;99;100;127;100;190;100;88;88;0;0.000;3.755;0.000;0.000;19.700;1.340;0.0;0.0;0;15;3.180;3.320;0.0;0;0.0;0;0;0;0;85;98;0;0;4106;0.00;0;0;0;0;0;0;0;0;0;0;0;0;0;0;0;0;15;0;98.0;98.0;0;0;0.00;0.00;0.00;0.0;0.0
95.099;104;0;98;0;0.0;15.400;1.048;42;47;0;0;100;99;100;127;100;190;100;88;88;0;0.000;3.755;0.000;0.000;19.700;1.340;0.0;0.0;0;15;3.180;3.320;0.0;0;0.0;0;0;0;0;85;98;0;0;4106;0.00;0;0;0;0;0;0;0;0;0;0;0;0;0;0;0;0;15;0;98.0;98.0;0;0;0.00;0.00;0.00;0.0;0.0
95.166;104;0;98;0;0.0;15.400;1.048;42;47;0;0;100;99;100;127;100;190;100;88;88;0;0.000;3.755;0.000;0.000;19.700;1.340;0.0;0.0;0;15;3.180;3.320;0.0;0;0.0;0;0;0;0;85;98;0;0;4106;0.00;0;0;0;0;0;0;0;0;0;0;0;0;0;0;0;0;15;0;98.0;98.0;0;0;0.00;0.00;0.00;0.0;0.0
95.232;104;0;98;0;0.0;15.400;1.048;42;47;0;0;100;99;100;127;100;190;100;88;88;0;0.000;3.755;0.000;0.000;19.700;1.340;0.0;0.0;0;15;3.180;3.320;0.0;0;0.0;0;0;0;0;85;98;0;0;4106;0.00;0;0;0;0;0;0;0;0;0;0;0;0;0;0;0;0;15;0;98.0;98.0;0;0;0.00;0.00;0.00;0.0;0.0
95.232;104;0;98;0;0.0;15.400;1.048;42;47;0;0;100;99;100;127;100;190;100;88;88;0;0.000;3.755;0.000;0.000;19.700;1.340;0.0;0.0;0;15;3.180;3.320;0.0;0;0.0;0;0;0;0;85;98;0;0;4106;0.00;0;0;0;0;0;0;0;0;0;0;0;0;0;0;0;0;15;0;98.0;98.0;0;0;0.00;0.00;0.00;0.0;0.0
95.297;104;0;98;0;0.0;15.400;1.048;42;47;0;0;100;99;100;127;100;190;100;88;88;0;0.000;3.755;0.000;0.000;19.700;1.340;0.0;0.0;0;15;3.180;3.320;0.0;0;0.0;0;0;0;0;85;98;0;0;4106;0.00;0;0;0;0;0;0;0;0;0;0;0;0;0;0;0;0;15;0;98.0;98.0;0;0;0.00;0.00;0.00;0.0;0.0
95.432;104;0;98;0;0.0;15.400;1.048;42;47;0;0;100;99;100;127;100;190;100;88;88;0;0.000;3.755;0.000;0.000;19.700;1.340;0.0;0.0;0;15;3.180;3.320;0.0;0;0.0;0;0;0;0;85;98;0;0;4106;0.00;0;0;0;0;0;0;0;0;0;0;0;0;0;0;0;0;15;0;98.0;98.0;0;0;0.00;0.00;0.00;0.0;0.0
95.502;105;0;98;0;0.0;15.400;1.048;42;47;0;0;100;99;100;127;100;190;100;88;88;0;0.000;3.755;0.000;0.000;19.700;1.340;0.0;0.0;0;15;3.180;3.320;0.0;0;0.0;0;0;0;0;85;98;0;0;4099;0.00;0;0;0;0;0;0;0;0;0;0;0;0;0;0;0;0;15;0;98.0;98.0;0;0;0.00;0.00;0.00;0.0;0.0
95.567;105;0;98;0;0.0;15.400;1.048;42;47;0;0;100;99;100;127;100;190;100;88;88;0;0.000;3.755;0.000;0.000;19.700;1.340;0.0;0.0;0;15;3.180;3.320;0.0;0;0.0;0;0;0;0;85;98;0;0;4099;0.00;0;0;0;0;0;0;0;0;0;0;0;0;0;0;0;0;15;0;98.0;98.0;0;0;0.00;0.00;0.00;0.0;0.0
95.634;105;0;98;0;0.0;15.400;1.048;42;47;0;0;100;99;100;127;100;190;100;88;88;0;0.000;3.755;0.000;0.000;19.700;1.340;0.0;0.0;0;15;3.180;3.320;0.0;0;0.0;0;0;0;0;85;98;0;0;4099;0.00;0;0;0;0;0;0;0;0;0;0;0;0;0;0;0;0;15;0;98.0;98.0;0;0;0.00;0.00;0.00;0.0;0.0
95.698;105;0;98;0;0.0;15.400;1.048;42;47;0;0;100;99;100;127;100;190;100;88;88;0;0.000;3.755;0.000;0.000;19.700;1.340;0.0;0.0;0;15;3.180;3.320;0.0;0;0.0;0;0;0;0;85;98;0;0;4099;0.00;0;0;0;0;0;0;0;0;0;0;0;0;0;0;0;0;15;0;98.0;98.0;0;0;0.00;0.00;0.00;0.0;0.0
95.764;105;0;98;0;0.0;15.400;1.048;42;47;0;0;100;99;100;127;100;190;100;88;88;0;0.000;3.755;0.000;0.000;19.700;1.340;0.0;0.0;0;15;3.180;3.320;0.0;0;0.0;0;0;0;0;85;98;0;0;4099;0.00;0;0;0;0;0;0;0;0;0;0;0;0;0;0;0;0;15;0;98.0;98.0;0;0;0.00;0.00;0.00;0.0;0.0
95.829;105;0;98;0;0.0;15.400;1.048;42;47;0;0;100;99;100;127;100;190;100;88;88;0;0.000;3.755;0.000;0.000;19.700;1.340;0.0;0.0;0;15;3.180;3.320;0.0;0;0.0;0;0;0;0;85;98;0;0;4099;0.00;0;0;0;0;0;0;0;0;0;0;0;0;0;0;0;0;15;0;98.0;98.0;0;0;0.00;0.00;0.00;0.0;0.0
95.899;105;0;98;0;0.0;15.400;1.048;42;47;0;0;100;99;100;127;100;190;100;88;88;0;0.000;3.755;0.000;0.000;19.700;1.340;0.0;0.0;0;15;3.180;3.320;0.0;0;0.0;0;0;0;0;85;98;0;0;4099;0.00;0;0;0;0;0;0;0;0;0;0;0;0;0;0;0;0;15;0;98.0;98.0;0;0;0.00;0.00;0.00;0.0;0.0
95.965;105;0;98;0;0.0;15.400;1.048;42;47;0;0;100;99;100;127;100;190;100;88;88;0;0.000;3.755;0.000;0.000;19.700;1.340;0.0;0.0;0;15;3.180;3.320;0.0;0;0.0;0;0;0;0;85;98;0;0;4099;0.00;0;0;0;0;0;0;0;0;0;0;0;0;0;0;0;0;15;0;98.0;98.0;0;0;0.00;0.00;0.00;0.0;0.0
96.034;105;0;98;0;0.0;15.400;1.048;42;47;0;0;100;99;100;127;100;190;100;88;88;0;0.000;3.755;0.000;0.000;19.700;1.340;0.0;0.0;0;15;3.180;3.320;0.0;0;0.0;0;0;0;0;85;98;0;0;4099;0.00;0;0;0;0;0;0;0;0;0;0;0;0;0;0;0;0;15;0;98.0;98.0;0;0;0.00;0.00;0.00;0.0;0.0
96.099;105;0;98;0;0.0;15.400;1.048;42;47;0;0;100;99;100;127;100;190;100;88;88;0;0.000;3.755;0.000;0.000;19.700;1.340;0.0;0.0;0;15;3.180;3.320;0.0;0;0.0;0;0;0;0;85;98;0;0;4099;0.00;0;0;0;0;0;0;0;0;0;0;0;0;0;0;0;0;15;0;98.0;98.0;0;0;0.00;0.00;0.00;0.0;0.0
96.164;105;0;98;0;0.0;15.400;1.048;42;47;0;0;100;99;100;127;100;190;100;88;88;0;0.000;3.755;0.000;0.000;19.700;1.340;0.0;0.0;0;15;3.180;3.320;0.0;0;0.0;0;0;0;0;85;98;0;0;4099;0.00;0;0;0;0;0;0;0;0;0;0;0;0;0;0;0;0;15;0;98.0;98.0;0;0;0.00;0.00;0.00;0.0;0.0
96.231;105;0;98;0;0.0;15.300;1.041;42;47;0;0;100;99;100;127;100;190;100;88;88;0;0.000;3.755;0.000;0.000;19.700;1.340;0.0;0.0;0;15;3.180;3.320;0.0;0;0.0;0;0;0;0;85;98;0;0;4099;0.00;0;0;0;0;0;0;0;0;0;0;0;0;0;0;0;0;15;0;98.0;98.0;0;0;0.00;0.00;0.00;0.0;0.0
96.301;105;0;98;0;0.0;15.200;1.034;42;47;0;0;100;99;100;127;100;190;100;88;88;0;0.000;3.755;0.000;0.000;19.700;1.340;0.0;0.0;0;15;3.180;3.320;0.0;0;0.0;0;0;0;0;85;98;0;0;4099;0.00;0;0;0;0;0;0;0;0;0;0;0;0;0;0;0;0;15;0;98.0;98.0;0;0;0.00;0.00;0.00;0.0;0.0
96.367;105;0;98;0;0.0;15.100;1.027;42;47;0;0;100;99;100;127;100;190;100;88;88;0;0.000;3.755;0.000;0.000;19.700;1.340;0.0;0.0;0;15;3.180;3.320;0.0;0;0.0;0;0;0;0;85;98;0;0;4099;0.00;0;0;0;0;0;0;0;0;0;0;0;0;0;0;0;0;15;0;98.0;98.0;0;0;0.00;0.00;0.00;0.0;0.0
96.436;105;0;98;0;0.0;15.100;1.027;42;47;0;0;100;99;100;127;100;190;100;88;88;0;0.000;3.755;0.000;0.000;19.700;1.340;0.0;0.0;0;15;3.180;3.320;0.0;0;0.0;0;0;0;0;85;98;0;0;4099;0.00;0;0;0;0;0;0;0;0;0;0;0;0;0;0;0;0;15;0;98.0;98.0;0;0;0.00;0.00;0.00;0.0;0.0
96.504;106;0;98;0;0.0;15.100;1.027;42;47;0;0;100;99;100;127;100;190;100;88;88;0;0.000;3.755;0.000;0.000;19.700;1.340;0.0;0.0;0;15;3.180;3.320;0.0;0;0.0;0;0;0;0;85;98;0;0;4101;0.00;0;0;0;0;0;0;0;0;0;0;0;0;0;0;0;0;15;0;98.0;98.0;0;0;0.00;0.00;0.00;0.0;0.0
96.569;106;0;98;0;0.0;15.100;1.027;42;47;0;0;100;99;100;127;100;190;100;88;88;0;0.000;3.755;0.000;0.000;19.700;1.340;0.0;0.0;0;15;3.180;3.320;0.0;0;0.0;0;0;0;0;85;98;0;0;4101;0.00;0;0;0;0;0;0;0;0;0;0;0;0;0;0;0;0;15;0;98.0;98.0;0;0;0.00;0.00;0.00;0.0;0.0
96.636;106;0;98;0;0.0;15.100;1.027;42;47;0;0;100;99;100;127;100;190;100;88;88;0;0.000;3.755;0.000;0.000;19.700;1.340;0.0;0.0;0;15;3.180;3.320;0.0;0;0.0;0;0;0;0;85;98;0;0;4101;0.00;0;0;0;0;0;0;0;0;0;0;0;0;0;0;0;0;15;0;98.0;98.0;0;0;0.00;0.00;0.00;0.0;0.0
96.700;106;0;98;0;0.0;15.100;1.027;42;47;0;0;100;99;100;127;100;190;100;88;88;0;0.000;3.755;0.000;0.000;19.700;1.340;0.0;0.0;0;15;3.180;3.320;0.0;0;0.0;0;0;0;0;85;98;0;0;4101;0.00;0;0;0;0;0;0;0;0;0;0;0;0;0;0;0;0;15;0;98.0;98.0;0;0;0.00;0.00;0.00;0.0;0.0
96.767;106;0;98;0;0.0;15.100;1.027;42;47;0;0;100;99;100;127;100;190;100;88;88;0;0.000;3.755;0.000;0.000;19.700;1.340;0.0;0.0;0;15;3.180;3.320;0.0;0;0.0;0;0;0;0;85;98;0;0;4101;0.00;0;0;0;0;0;0;0;0;0;0;0;0;0;0;0;0;15;0;98.0;98.0;0;0;0.00;0.00;0.00;0.0;0.0
96.831;106;0;98;0;0.0;15.100;1.027;42;47;0;0;100;99;100;127;100;190;100;88;88;0;0.000;3.755;0.000;0.000;19.700;1.340;0.0;0.0;0;15;3.180;3.320;0.0;0;0.0;0;0;0;0;85;98;0;0;4101;0.00;0;0;0;0;0;0;0;0;0;0;0;0;0;0;0;0;15;0;98.0;98.0;0;0;0.00;0.00;0.00;0.0;0.0
96.897;106;0;98;0;0.0;15.100;1.027;42;47;0;0;100;99;100;127;100;190;100;88;88;0;0.000;3.755;0.000;0.000;19.700;1.340;0.0;0.0;0;15;3.180;3.320;0.0;0;0.0;0;0;0;0;85;98;0;0;4101;0.00;0;0;0;0;0;0;0;0;0;0;0;0;0;0;0;0;15;0;98.0;98.0;0;0;0.00;0.00;0.00;0.0;0.0
96.962;106;0;98;0;0.0;15.100;1.027;42;47;0;0;100;99;100;127;100;190;100;88;88;0;0.000;3.755;0.000;0.000;19.700;1.340;0.0;0.0;0;15;3.180;3.320;0.0;0;0.0;0;0;0;0;85;98;0;0;4101;0.00;0;0;0;0;0;0;0;0;0;0;0;0;0;0;0;0;15;0;98.0;98.0;0;0;0.00;0.00;0.00;0.0;0.0
96.962;106;0;98;0;0.0;15.100;1.027;42;47;0;0;100;99;100;127;100;190;100;88;88;0;0.000;3.755;0.000;0.000;19.700;1.340;0.0;0.0;0;15;3.180;3.320;0.0;0;0.0;0;0;0;0;85;98;0;0;4101;0.00;0;0;0;0;0;0;0;0;0;0;0;0;0;0;0;0;15;0;98.0;98.0;0;0;0.00;0.00;0.00;0.0;0.0
97.032;106;0;98;0;0.0;15.100;1.027;42;47;0;0;100;99;100;127;100;190;100;88;88;0;0.000;3.755;0.000;0.000;19.700;1.340;0.0;0.0;0;15;3.180;3.320;0.0;0;0.0;0;0;0;0;85;98;0;0;4101;0.00;0;0;0;0;0;0;0;0;0;0;0;0;0;0;0;0;15;0;98.0;98.0;0;0;0.00;0.00;0.00;0.0;0.0
97.164;106;0;98;0;0.0;15.100;1.027;42;47;0;0;100;99;100;127;100;190;100;88;88;0;0.000;3.755;0.000;0.000;19.700;1.340;0.0;0.0;0;15;3.180;3.320;0.0;0;0.0;0;0;0;0;85;98;0;0;4101;0.00;0;0;0;0;0;0;0;0;0;0;0;0;0;0;0;0;15;0;98.0;98.0;0;0;0.00;0.00;0.00;0.0;0.0
97.230;106;0;98;0;0.0;15.100;1.027;42;47;0;0;100;99;100;127;100;190;100;88;88;0;0.000;3.755;0.000;0.000;19.700;1.340;0.0;0.0;0;15;3.180;3.320;0.0;0;0.0;0;0;0;0;85;98;0;0;4101;0.00;0;0;0;0;0;0;0;0;0;0;0;0;0;0;0;0;15;0;98.0;98.0;0;0;0.00;0.00;0.00;0.0;0.0
97.298;106;0;98;0;0.0;15.100;1.027;42;47;0;0;100;99;100;127;100;190;100;88;88;0;0.000;3.755;0.000;0.000;19.700;1.340;0.0;0.0;0;15;3.180;3.320;0.0;0;0.0;0;0;0;0;85;98;0;0;4101;0.00;0;0;0;0;0;0;0;0;0;0;0;0;0;0;0;0;15;0;98.0;98.0;0;0;0.00;0.00;0.00;0.0;0.0
97.364;106;0;98;0;0.0;15.100;1.027;42;47;0;0;100;99;100;127;100;190;100;88;88;0;0.000;3.755;0.000;0.000;19.700;1.340;0.0;0.0;0;15;3.180;3.320;0.0;0;0.0;0;0;0;0;85;98;0;0;4101;0.00;0;0;0;0;0;0;0;0;0;0;0;0;0;0;0;0;15;0;98.0;98.0;0;0;0.00;0.00;0.00;0.0;0.0
97.429;106;0;98;0;0.0;15.100;1.027;42;47;0;0;100;99;100;127;100;190;100;88;88;0;0.000;3.755;0.000;0.000;19.700;1.340;0.0;0.0;0;15;3.180;3.320;0.0;0;0.0;0;0;0;0;85;98;0;0;4101;0.00;0;0;0;0;0;0;0;0;0;0;0;0;0;0;0;0;15;0;98.0;98.0;0;0;0.00;0.00;0.00;0.0;0.0
97.496;107;0;98;0;0.0;15.100;1.027;42;47;0;0;100;99;100;127;100;190;100;88;88;0;0.000;3.755;0.000;0.000;19.700;1.340;0.0;0.0;0;15;3.180;3.320;0.0;0;0.0;0;0;0;0;85;98;0;0;4110;0.00;0;0;0;0;0;0;0;0;0;0;0;0;0;0;0;0;15;0;98.0;98.0;0;0;0.00;0.00;0.00;0.0;0.0
97.566;107;0;98;0;0.0;15.100;1.027;42;47;0;0;100;99;100;127;100;190;100;88;88;0;0.000;3.755;0.000;0.000;19.700;1.340;0.0;0.0;0;15;3.180;3.320;0.0;0;0.0;0;0;0;0;85;98;0;0;4110;0.00;0;0;0;0;0;0;0;0;0;0;0;0;0;0;0;0;15;0;98.0;98.0;0;0;0.00;0.00;0.00;0.0;0.0
97.630;107;0;98;0;0.0;15.100;1.027;42;47;0;0;100;99;100;127;100;190;100;88;88;0;0.000;3.755;0.000;0.000;19.700;1.340;0.0;0.0;0;15;3.180;3.320;0.0;0;0.0;0;0;0;0;85;98;0;0;4110;0.00;0;0;0;0;0;0;0;0;0;0;0;0;0;0;0;0;15;0;98.0;98.0;0;0;0.00;0.00;0.00;0.0;0.0
97.695;107;0;98;0;0.0;15.100;1.027;42;47;0;0;100;99;100;127;100;190;100;88;88;0;0.000;3.755;0.000;0.000;19.700;1.340;0.0;0.0;0;15;3.180;3.320;0.0;0;0.0;0;0;0;0;85;98;0;0;4110;0.00;0;0;0;0;0;0;0;0;0;0;0;0;0;0;0;0;15;0;98.0;98.0;0;0;0.00;0.00;0.00;0.0;0.0
97.761;107;0;98;0;0.0;15.100;1.027;42;47;0;0;100;99;100;127;100;190;100;88;88;0;0.000;3.755;0.000;0.000;19.700;1.340;0.0;0.0;0;15;3.180;3.320;0.0;0;0.0;0;0;0;0;85;98;0;0;4110;0.00;0;0;0;0;0;0;0;0;0;0;0;0;0;0;0;0;15;0;98.0;98.0;0;0;0.00;0.00;0.00;0.0;0.0
97.831;107;0;98;0;0.0;15.100;1.027;42;47;0;0;100;99;100;127;100;190;100;88;88;0;0.000;3.755;0.000;0.000;19.700;1.340;0.0;0.0;0;15;3.180;3.320;0.0;0;0.0;0;0;0;0;85;98;0;0;4110;0.00;0;0;0;0;0;0;0;0;0;0;0;0;0;0;0;0;15;0;98.0;98.0;0;0;0.00;0.00;0.00;0.0;0.0
97.896;107;0;98;0;0.0;15.100;1.027;42;47;0;0;100;99;100;127;100;190;100;88;88;0;0.000;3.755;0.000;0.000;19.700;1.340;0.0;0.0;0;15;3.180;3.320;0.0;0;0.0;0;0;0;0;85;98;0;0;4110;0.00;0;0;0;0;0;0;0;0;0;0;0;0;0;0;0;0;15;0;98.0;98.0;0;0;0.00;0.00;0.00;0.0;0.0
97.962;107;0;98;0;0.0;15.100;1.027;42;47;0;0;100;99;100;127;100;190;100;88;88;0;0.000;3.755;0.000;0.000;19.700;1.340;0.0;0.0;0;15;3.180;3.320;0.0;0;0.0;0;0;0;0;85;98;0;0;4110;0.00;0;0;0;0;0;0;0;0;0;0;0;0;0;0;0;0;15;0;98.0;98.0;0;0;0.00;0.00;0.00;0.0;0.0
98.028;107;0;98;0;0.0;15.100;1.027;42;47;0;0;100;99;100;127;100;190;100;88;88;0;0.000;3.755;0.000;0.000;19.700;1.340;0.0;0.0;0;15;3.180;3.320;0.0;0;0.0;0;0;0;0;85;98;0;0;4110;0.00;0;0;0;0;0;0;0;0;0;0;0;0;0;0;0;0;15;0;98.0;98.0;0;0;0.00;0.00;0.00;0.0;0.0
98.097;107;0;98;0;0.0;15.100;1.027;42;47;0;0;100;99;100;127;100;190;100;88;88;0;0.000;3.755;0.000;0.000;19.700;1.340;0.0;0.0;0;15;3.180;3.320;0.0;0;0.0;0;0;0;0;85;98;0;0;4110;0.00;0;0;0;0;0;0;0;0;0;0;0;0;0;0;0;0;15;0;98.0;98.0;0;0;0.00;0.00;0.00;0.0;0.0
98.162;107;0;98;0;0.0;15.100;1.027;42;47;0;0;100;99;100;127;100;190;100;88;88;0;0.000;3.755;0.000;0.000;19.700;1.340;0.0;0.0;0;15;3.180;3.320;0.0;0;0.0;0;0;0;0;85;98;0;0;4110;0.00;0;0;0;0;0;0;0;0;0;0;0;0;0;0;0;0;15;0;98.0;98.0;0;0;0.00;0.00;0.00;0.0;0.0
98.230;107;0;98;0;0.0;15.100;1.027;42;47;0;0;100;99;100;127;100;190;100;88;88;0;0.000;3.755;0.000;0.000;19.700;1.340;0.0;0.0;0;15;3.180;3.320;0.0;0;0.0;0;0;0;0;85;98;0;0;4110;0.00;0;0;0;0;0;0;0;0;0;0;0;0;0;0;0;0;15;0;98.0;98.0;0;0;0.00;0.00;0.00;0.0;0.0
98.298;107;0;98;0;0.0;15.100;1.027;42;47;0;0;100;99;100;127;100;190;100;88;88;0;0.000;3.755;0.000;0.000;19.700;1.340;0.0;0.0;0;15;3.180;3.320;0.0;0;0.0;0;0;0;0;85;98;0;0;4110;0.00;0;0;0;0;0;0;0;0;0;0;0;0;0;0;0;0;15;0;98.0;98.0;0;0;0.00;0.00;0.00;0.0;0.0
98.298;107;0;98;0;0.0;15.100;1.027;42;47;0;0;100;99;100;127;100;190;100;88;88;0;0.000;3.755;0.000;0.000;19.700;1.340;0.0;0.0;0;15;3.180;3.320;0.0;0;0.0;0;0;0;0;85;98;0;0;4110;0.00;0;0;0;0;0;0;0;0;0;0;0;0;0;0;0;0;15;0;98.0;98.0;0;0;0.00;0.00;0.00;0.0;0.0
98.429;107;0;98;0;0.0;15.100;1.027;42;47;0;0;100;99;100;127;100;190;100;88;88;0;0.000;3.755;0.000;0.000;19.700;1.340;0.0;0.0;0;15;3.180;3.320;0.0;0;0.0;0;0;0;0;85;98;0;0;4110;0.00;0;0;0;0;0;0;0;0;0;0;0;0;0;0;0;0;15;0;98.0;98.0;0;0;0.00;0.00;0.00;0.0;0.0
98.494;108;0;98;0;0.0;15.100;1.027;42;47;0;0;100;99;100;127;100;190;100;88;88;0;0.000;3.755;0.000;0.000;19.700;1.340;0.0;0.0;0;15;3.180;3.320;0.0;0;0.0;0;0;0;0;85;98;0;0;4111;0.00;0;0;0;0;0;0;0;0;0;0;0;0;0;0;0;0;15;0;98.0;98.0;0;0;0.00;0.00;0.00;0.0;0.0
98.564;108;0;98;0;0.0;15.100;1.027;42;47;0;0;100;99;100;127;100;190;100;88;88;0;0.000;3.755;0.000;0.000;19.700;1.340;0.0;0.0;0;15;3.180;3.320;0.0;0;0.0;0;0;0;0;85;98;0;0;4111;0.00;0;0;0;0;0;0;0;0;0;0;0;0;0;0;0;0;15;0;98.0;98.0;0;0;0.00;0.00;0.00;0.0;0.0
98.741;108;0;98;0;0.0;15.100;1.027;42;47;0;0;100;99;100;127;100;190;100;88;88;0;0.000;3.755;0.000;0.000;19.700;1.340;0.0;0.0;0;15;3.180;3.320;0.0;0;0.0;0;0;0;0;85;98;0;0;4111;0.00;0;0;0;0;0;0;0;0;0;0;0;0;0;0;0;0;15;0;98.0;98.0;0;0;0.00;0.00;0.00;0.0;0.0
98.764;108;0;98;0;0.0;15.100;1.027;42;47;0;0;100;99;100;127;100;190;100;88;88;0;0.000;3.755;0.000;0.000;19.700;1.340;0.0;0.0;0;15;3.180;3.320;0.0;0;0.0;0;0;0;0;85;98;0;0;4111;0.00;0;0;0;0;0;0;0;0;0;0;0;0;0;0;0;0;15;0;98.0;98.0;0;0;0.00;0.00;0.00;0.0;0.0
98.827;108;0;98;0;0.0;15.100;1.027;42;47;0;0;100;99;100;127;100;190;100;88;88;0;0.000;3.755;0.000;0.000;19.700;1.340;0.0;0.0;0;15;3.180;3.320;0.0;0;0.0;0;0;0;0;85;98;0;0;4111;0.00;0;0;0;0;0;0;0;0;0;0;0;0;0;0;0;0;15;0;98.0;98.0;0;0;0.00;0.00;0.00;0.0;0.0
98.893;108;0;98;0;0.0;15.100;1.027;42;47;0;0;100;99;100;127;100;190;100;88;88;0;0.000;3.755;0.000;0.000;19.700;1.340;0.0;0.0;0;15;3.180;3.320;0.0;0;0.0;0;0;0;0;85;98;0;0;4111;0.00;0;0;0;0;0;0;0;0;0;0;0;0;0;0;0;0;15;0;98.0;98.0;0;0;0.00;0.00;0.00;0.0;0.0
98.961;108;0;98;0;0.0;15.100;1.027;42;47;0;0;100;99;100;127;100;190;100;88;88;0;0.000;3.755;0.000;0.000;19.700;1.340;0.0;0.0;0;15;3.180;3.320;0.0;0;0.0;0;0;0;0;85;98;0;0;4111;0.00;0;0;0;0;0;0;0;0;0;0;0;0;0;0;0;0;15;0;98.0;98.0;0;0;0.00;0.00;0.00;0.0;0.0
99.027;108;0;98;0;0.0;15.100;1.027;42;47;0;0;100;99;100;127;100;190;100;88;88;0;0.000;3.755;0.000;0.000;19.700;1.340;0.0;0.0;0;15;3.180;3.320;0.0;0;0.0;0;0;0;0;85;98;0;0;4111;0.00;0;0;0;0;0;0;0;0;0;0;0;0;0;0;0;0;15;0;98.0;98.0;0;0;0.00;0.00;0.00;0.0;0.0
99.093;108;0;98;0;0.0;15.100;1.027;42;47;0;0;100;99;100;127;100;190;100;88;88;0;0.000;3.755;0.000;0.000;19.700;1.340;0.0;0.0;0;15;3.180;3.320;0.0;0;0.0;0;0;0;0;85;98;0;0;4111;0.00;0;0;0;0;0;0;0;0;0;0;0;0;0;0;0;0;15;0;98.0;98.0;0;0;0.00;0.00;0.00;0.0;0.0
99.158;108;0;98;0;0.0;15.100;1.027;42;47;0;0;100;99;100;127;100;190;100;88;88;0;0.000;3.755;0.000;0.000;19.700;1.340;0.0;0.0;0;15;3.180;3.320;0.0;0;0.0;0;0;0;0;85;98;0;0;4111;0.00;0;0;0;0;0;0;0;0;0;0;0;0;0;0;0;0;15;0;98.0;98.0;0;0;0.00;0.00;0.00;0.0;0.0
99.224;108;0;98;0;0.0;15.100;1.027;42;47;0;0;100;99;100;127;100;190;100;88;88;0;0.000;3.755;0.000;0.000;19.700;1.340;0.0;0.0;0;15;3.180;3.320;0.0;0;0.0;0;0;0;0;85;98;0;0;4111;0.00;0;0;0;0;0;0;0;0;0;0;0;0;0;0;0;0;15;0;98.0;98.0;0;0;0.00;0.00;0.00;0.0;0.0
99.290;108;0;98;0;0.0;15.100;1.027;42;47;0;0;100;99;100;127;100;190;100;88;88;0;0.000;3.755;0.000;0.000;19.700;1.340;0.0;0.0;0;15;3.180;3.320;0.0;0;0.0;0;0;0;0;85;98;0;0;4111;0.00;0;0;0;0;0;0;0;0;0;0;0;0;0;0;0;0;15;0;98.0;98.0;0;0;0.00;0.00;0.00;0.0;0.0
99.359;108;0;98;0;0.0;15.100;1.027;42;47;0;0;100;99;100;127;100;190;100;88;88;0;0.000;3.755;0.000;0.000;19.700;1.340;0.0;0.0;0;15;3.180;3.320;0.0;0;0.0;0;0;0;0;85;98;0;0;4111;0.00;0;0;0;0;0;0;0;0;0;0;0;0;0;0;0;0;15;0;98.0;98.0;0;0;0.00;0.00;0.00;0.0;0.0
99.424;108;0;98;0;0.0;15.100;1.027;42;47;0;0;100;99;100;127;100;190;100;88;88;0;0.000;3.755;0.000;0.000;19.700;1.340;0.0;0.0;0;15;3.180;3.320;0.0;0;0.0;0;0;0;0;85;98;0;0;4111;0.00;0;0;0;0;0;0;0;0;0;0;0;0;0;0;0;0;15;0;98.0;98.0;0;0;0.00;0.00;0.00;0.0;0.0
99.493;108;0;98;0;0.0;15.100;1.027;42;47;0;0;100;99;100;127;100;190;100;88;88;0;0.000;3.755;0.000;0.000;19.700;1.340;0.0;0.0;0;15;3.180;3.320;0.0;0;0.0;0;0;0;0;85;98;0;0;4111;0.00;0;0;0;0;0;0;0;0;0;0;0;0;0;0;0;0;15;0;98.0;98.0;0;0;0.00;0.00;0.00;0.0;0.0
99.493;109;0;98;0;0.0;15.100;1.027;42;47;0;0;100;99;100;127;100;190;100;88;88;0;0.000;3.755;0.000;0.000;19.700;1.340;0.0;0.0;0;15;3.180;3.320;0.0;0;0.0;0;0;0;0;85;98;0;0;4028;0.00;0;0;0;0;0;0;0;0;0;0;0;0;0;0;0;0;15;0;98.0;98.0;0;0;0.00;0.00;0.00;0.0;0.0
99.631;109;0;98;0;0.0;15.100;1.027;42;47;0;0;100;99;100;127;100;190;100;88;88;0;0.000;3.755;0.000;0.000;19.700;1.340;0.0;0.0;0;15;3.180;3.320;0.0;0;0.0;0;0;0;0;85;98;0;0;4028;0.00;0;0;0;0;0;0;0;0;0;0;0;0;0;0;0;0;15;0;98.0;98.0;0;0;0.00;0.00;0.00;0.0;0.0
99.695;109;0;98;0;0.0;15.100;1.027;42;47;0;0;100;99;100;127;100;190;100;88;88;0;0.000;3.755;0.000;0.000;19.700;1.340;0.0;0.0;0;15;3.180;3.320;0.0;0;0.0;0;0;0;0;85;98;0;0;4028;0.00;0;0;0;0;0;0;0;0;0;0;0;0;0;0;0;0;15;0;98.0;98.0;0;0;0.00;0.00;0.00;0.0;0.0
99.760;109;0;98;0;0.0;15.100;1.027;42;47;0;0;100;99;100;127;100;190;100;88;88;0;0.000;3.755;0.000;0.000;19.700;1.340;0.0;0.0;0;15;3.180;3.320;0.0;0;0.0;0;0;0;0;85;98;0;0;4028;0.00;0;0;0;0;0;0;0;0;0;0;0;0;0;0;0;0;15;0;98.0;98.0;0;0;0.00;0.00;0.00;0.0;0.0
99.826;109;0;98;0;0.0;15.100;1.027;42;47;0;0;100;99;100;127;100;190;100;88;88;0;0.000;3.755;0.000;0.000;19.700;1.340;0.0;0.0;0;15;3.180;3.320;0.0;0;0.0;0;0;0;0;85;98;0;0;4028;0.00;0;0;0;0;0;0;0;0;0;0;0;0;0;0;0;0;15;0;98.0;98.0;0;0;0.00;0.00;0.00;0.0;0.0
99.892;109;0;98;0;0.0;15.100;1.027;42;47;0;0;100;99;100;127;100;190;100;88;88;0;0.000;3.755;0.000;0.000;19.700;1.340;0.0;0.0;0;15;3.180;3.320;0.0;0;0.0;0;0;0;0;85;98;0;0;4028;0.00;0;0;0;0;0;0;0;0;0;0;0;0;0;0;0;0;15;0;98.0;98.0;0;0;0.00;0.00;0.00;0.0;0.0
99.957;109;0;98;0;0.0;15.100;1.027;42;47;0;0;100;99;100;127;100;190;100;88;88;0;0.000;3.755;0.000;0.000;19.700;1.340;0.0;0.0;0;15;3.180;3.320;0.0;0;0.0;0;0;0;0;85;98;0;0;4028;0.00;0;0;0;0;0;0;0;0;0;0;0;0;0;0;0;0;15;0;98.0;98.0;0;0;0.00;0.00;0.00;0.0;0.0
100.024;109;0;98;0;0.0;15.000;1.020;42;47;0;0;100;99;100;127;100;190;100;88;88;0;0.000;3.755;0.000;0.000;19.700;1.340;0.0;0.0;0;15;3.180;3.320;0.0;0;0.0;0;0;0;0;85;98;0;0;4028;0.00;0;0;0;0;0;0;0;0;0;0;0;0;0;0;0;0;15;0;98.0;98.0;0;0;0.00;0.00;0.00;0.0;0.0
100.091;109;0;98;0;0.0;15.000;1.020;42;47;0;0;100;99;100;127;100;190;100;88;88;0;0.000;3.755;0.000;0.000;19.700;1.340;0.0;0.0;0;15;3.180;3.320;0.0;0;0.0;0;0;0;0;85;98;0;0;4028;0.00;0;0;0;0;0;0;0;0;0;0;0;0;0;0;0;0;15;0;98.0;98.0;0;0;0.00;0.00;0.00;0.0;0.0
100.157;109;0;98;0;0.0;15.100;1.027;42;47;0;0;100;99;100;127;100;190;100;88;88;0;0.000;3.755;0.000;0.000;19.700;1.340;0.0;0.0;0;15;3.180;3.320;0.0;0;0.0;0;0;0;0;85;98;0;0;4028;0.00;0;0;0;0;0;0;0;0;0;0;0;0;0;0;0;0;15;0;98.0;98.0;0;0;0.00;0.00;0.00;0.0;0.0
100.225;109;0;98;0;0.0;15.000;1.020;42;47;0;0;100;99;100;127;100;190;100;88;88;0;0.000;3.755;0.000;0.000;19.700;1.340;0.0;0.0;0;15;3.180;3.320;0.0;0;0.0;0;0;0;0;85;98;0;0;4028;0.00;0;0;0;0;0;0;0;0;0;0;0;0;0;0;0;0;15;0;98.0;98.0;0;0;0.00;0.00;0.00;0.0;0.0
100.292;109;0;98;0;0.0;15.000;1.020;42;47;0;0;100;99;100;127;100;190;100;88;88;0;0.000;3.755;0.000;0.000;19.700;1.340;0.0;0.0;0;15;3.180;3.320;0.0;0;0.0;0;0;0;0;85;98;0;0;4028;0.00;0;0;0;0;0;0;0;0;0;0;0;0;0;0;0;0;15;0;98.0;98.0;0;0;0.00;0.00;0.00;0.0;0.0
100.359;109;0;98;0;0.0;15.000;1.020;42;47;0;0;100;99;100;127;100;190;100;88;88;0;0.000;3.755;0.000;0.000;19.700;1.340;0.0;0.0;0;15;3.180;3.320;0.0;0;0.0;0;0;0;0;85;98;0;0;4028;0.00;0;0;0;0;0;0;0;0;0;0;0;0;0;0;0;0;15;0;98.0;98.0;0;0;0.00;0.00;0.00;0.0;0.0
100.425;109;0;98;0;0.0;15.100;1.027;42;47;0;0;100;99;100;127;100;190;100;88;88;0;0.000;3.755;0.000;0.000;19.700;1.340;0.0;0.0;0;15;3.180;3.320;0.0;0;0.0;0;0;0;0;85;98;0;0;4028;0.00;0;0;0;0;0;0;0;0;0;0;0;0;0;0;0;0;15;0;98.0;98.0;0;0;0.00;0.00;0.00;0.0;0.0
100.494;109;0;98;0;0.0;15.100;1.027;42;47;0;0;100;99;100;127;100;190;100;88;88;0;0.000;3.755;0.000;0.000;19.700;1.340;0.0;0.0;0;15;3.180;3.320;0.0;0;0.0;0;0;0;0;85;98;0;0;4028;0.00;0;0;0;0;0;0;0;0;0;0;0;0;0;0;0;0;15;0;98.0;98.0;0;0;0.00;0.00;0.00;0.0;0.0
100.559;110;0;98;0;0.0;15.000;1.020;42;47;0;0;100;99;100;127;100;190;100;88;88;0;0.000;3.755;0.000;0.000;19.700;1.340;0.0;0.0;0;15;3.180;3.320;0.0;0;0.0;0;0;0;0;85;98;0;0;4104;0.00;0;0;0;0;0;0;0;0;0;0;0;0;0;0;0;0;15;0;98.0;98.0;0;0;0.00;0.00;0.00;0.0;0.0
100.626;110;0;98;0;0.0;15.000;1.020;42;47;0;0;100;99;100;127;100;190;100;88;88;0;0.000;3.755;0.000;0.000;19.700;1.340;0.0;0.0;0;15;3.180;3.320;0.0;0;0.0;0;0;0;0;85;98;0;0;4104;0.00;0;0;0;0;0;0;0;0;0;0;0;0;0;0;0;0;15;0;98.0;98.0;0;0;0.00;0.00;0.00;0.0;0.0
100.695;110;0;98;0;0.0;15.000;1.020;42;47;0;0;100;99;100;127;100;190;100;88;88;0;0.000;3.755;0.000;0.000;19.700;1.340;0.0;0.0;0;15;3.180;3.320;0.0;0;0.0;0;0;0;0;85;98;0;0;4104;0.00;0;0;0;0;0;0;0;0;0;0;0;0;0;0;0;0;15;0;98.0;98.0;0;0;0.00;0.00;0.00;0.0;0.0
100.760;110;0;98;0;0.0;15.000;1.020;42;47;0;0;100;99;100;127;100;190;100;88;88;0;0.000;3.755;0.000;0.000;19.700;1.340;0.0;0.0;0;15;3.180;3.320;0.0;0;0.0;0;0;0;0;85;98;0;0;4104;0.00;0;0;0;0;0;0;0;0;0;0;0;0;0;0;0;0;15;0;98.0;98.0;0;0;0.00;0.00;0.00;0.0;0.0
100.826;110;0;98;0;0.0;15.000;1.020;42;47;0;0;100;99;100;127;100;190;100;88;88;0;0.000;3.755;0.000;0.000;19.700;1.340;0.0;0.0;0;15;3.180;3.320;0.0;0;0.0;0;0;0;0;85;98;0;0;4104;0.00;0;0;0;0;0;0;0;0;0;0;0;0;0;0;0;0;15;0;98.0;98.0;0;0;0.00;0.00;0.00;0.0;0.0
100.891;110;0;98;0;0.0;15.100;1.027;42;47;0;0;100;99;100;127;100;190;100;88;88;0;0.000;3.755;0.000;0.000;19.700;1.340;0.0;0.0;0;15;3.180;3.320;0.0;0;0.0;0;0;0;0;85;98;0;0;4104;0.00;0;0;0;0;0;0;0;0;0;0;0;0;0;0;0;0;15;0;98.0;98.0;0;0;0.00;0.00;0.00;0.0;0.0
100.958;110;0;98;0;0.0;15.000;1.020;42;47;0;0;100;99;100;127;100;190;100;88;88;0;0.000;3.755;0.000;0.000;19.700;1.340;0.0;0.0;0;15;3.180;3.320;0.0;0;0.0;0;0;0;0;85;98;0;0;4104;0.00;0;0;0;0;0;0;0;0;0;0;0;0;0;0;0;0;15;0;98.0;98.0;0;0;0.00;0.00;0.00;0.0;0.0
101.028;110;0;98;0;0.0;14.900;1.014;42;47;0;0;100;99;100;127;100;190;100;88;88;0;0.000;3.755;0.000;0.000;19.700;1.340;0.0;0.0;0;15;3.180;3.320;0.0;0;0.0;0;0;0;0;85;98;0;0;4104;0.00;0;0;0;0;0;0;0;0;0;0;0;0;0;0;0;0;15;0;98.0;98.0;0;0;0.00;0.00;0.00;0.0;0.0
101.095;110;0;98;0;0.0;15.000;1.020;42;47;0;0;100;99;100;127;100;190;100;88;88;0;0.000;3.755;0.000;0.000;19.700;1.340;0.0;0.0;0;15;3.180;3.320;0.0;0;0.0;0;0;0;0;85;98;0;0;4104;0.00;0;0;0;0;0;0;0;0;0;0;0;0;0;0;0;0;15;0;98.0;98.0;0;0;0.00;0.00;0.00;0.0;0.0
101.162;110;0;98;0;0.0;14.900;1.014;42;47;0;0;100;99;100;127;100;190;100;88;88;0;0.000;3.755;0.000;0.000;19.700;1.340;0.0;0.0;0;15;3.180;3.320;0.0;0;0.0;0;0;0;0;85;98;0;0;4104;0.00;0;0;0;0;0;0;0;0;0;0;0;0;0;0;0;0;15;0;98.0;98.0;0;0;0.00;0.00;0.00;0.0;0.0
101.228;110;0;98;0;0.0;14.900;1.014;42;47;0;0;100;99;100;127;100;190;100;88;88;0;0.000;3.755;0.000;0.000;19.700;1.340;0.0;0.0;0;15;3.180;3.320;0.0;0;0.0;0;0;0;0;85;98;0;0;4104;0.00;0;0;0;0;0;0;0;0;0;0;0;0;0;0;0;0;15;0;98.0;98.0;0;0;0.00;0.00;0.00;0.0;0.0
101.293;110;0;98;0;0.0;15.000;1.020;42;47;0;0;100;99;100;127;100;190;100;88;88;0;0.000;3.755;0.000;0.000;19.700;1.340;0.0;0.0;0;15;3.180;3.320;0.0;0;0.0;0;0;0;0;85;98;0;0;4104;0.00;0;0;0;0;0;0;0;0;0;0;0;0;0;0;0;0;15;0;98.0;98.0;0;0;0.00;0.00;0.00;0.0;0.0
101.293;110;0;98;0;0.0;15.000;1.020;42;47;0;0;100;99;100;127;100;190;100;88;88;0;0.000;3.755;0.000;0.000;19.700;1.340;0.0;0.0;0;15;3.180;3.320;0.0;0;0.0;0;0;0;0;85;98;0;0;4104;0.00;0;0;0;0;0;0;0;0;0;0;0;0;0;0;0;0;15;0;98.0;98.0;0;0;0.00;0.00;0.00;0.0;0.0
101.428;110;0;98;0;0.0;14.900;1.014;42;47;0;0;100;99;100;127;100;190;100;88;88;0;0.000;3.755;0.000;0.000;19.700;1.340;0.0;0.0;0;15;3.180;3.320;0.0;0;0.0;0;0;0;0;85;98;0;0;4104;0.00;0;0;0;0;0;0;0;0;0;0;0;0;0;0;0;0;15;0;98.0;98.0;0;0;0.00;0.00;0.00;0.0;0.0
101.493;110;0;98;0;0.0;14.900;1.014;42;47;0;0;100;99;100;127;100;190;100;88;88;0;0.000;3.755;0.000;0.000;19.700;1.340;0.0;0.0;0;15;3.180;3.320;0.0;0;0.0;0;0;0;0;85;98;0;0;4104;0.00;0;0;0;0;0;0;0;0;0;0;0;0;0;0;0;0;15;0;98.0;98.0;0;0;0.00;0.00;0.00;0.0;0.0
101.561;111;0;98;0;0.0;14.900;1.014;42;47;0;0;100;99;100;127;100;190;100;88;88;0;0.000;3.755;0.000;0.000;19.700;1.340;0.0;0.0;0;15;3.180;3.320;0.0;0;0.0;0;0;0;0;85;98;0;0;4111;0.00;0;0;0;0;0;0;0;0;0;0;0;0;0;0;0;0;15;0;98.0;98.0;0;0;0.00;0.00;0.00;0.0;0.0
101.629;111;0;98;0;0.0;14.900;1.014;42;47;0;0;100;99;100;127;100;190;100;88;88;0;0.000;3.755;0.000;0.000;19.700;1.340;0.0;0.0;0;15;3.180;3.320;0.0;0;0.0;0;0;0;0;85;98;0;0;4111;0.00;0;0;0;0;0;0;0;0;0;0;0;0;0;0;0;0;15;0;98.0;98.0;0;0;0.00;0.00;0.00;0.0;0.0
101.693;111;0;98;0;0.0;14.900;1.014;42;47;0;0;100;99;100;127;100;190;100;88;88;0;0.000;3.755;0.000;0.000;19.700;1.340;0.0;0.0;0;15;3.180;3.320;0.0;0;0.0;0;0;0;0;85;98;0;0;4111;0.00;0;0;0;0;0;0;0;0;0;0;0;0;0;0;0;0;15;0;98.0;98.0;0;0;0.00;0.00;0.00;0.0;0.0
101.759;111;0;98;0;0.0;15.000;1.020;42;47;0;0;100;99;100;127;100;190;100;88;88;0;0.000;3.755;0.000;0.000;19.700;1.340;0.0;0.0;0;15;3.180;3.320;0.0;0;0.0;0;0;0;0;85;98;0;0;4111;0.00;0;0;0;0;0;0;0;0;0;0;0;0;0;0;0;0;15;0;98.0;98.0;0;0;0.00;0.00;0.00;0.0;0.0
101.824;111;0;98;0;0.0;15.000;1.020;42;47;0;0;100;99;100;127;100;190;100;88;88;0;0.000;3.755;0.000;0.000;19.700;1.340;0.0;0.0;0;15;3.180;3.320;0.0;0;0.0;0;0;0;0;85;98;0;0;4111;0.00;0;0;0;0;0;0;0;0;0;0;0;0;0;0;0;0;15;0;98.0;98.0;0;0;0.00;0.00;0.00;0.0;0.0
101.891;111;0;98;0;0.0;15.000;1.020;42;47;0;0;100;99;100;127;100;190;100;88;88;0;0.000;3.755;0.000;0.000;19.700;1.340;0.0;0.0;0;15;3.180;3.320;0.0;0;0.0;0;0;0;0;85;98;0;0;4111;0.00;0;0;0;0;0;0;0;0;0;0;0;0;0;0;0;0;15;0;98.0;98.0;0;0;0.00;0.00;0.00;0.0;0.0
101.959;111;0;98;0;0.0;14.900;1.014;42;47;0;0;100;99;100;127;100;190;100;88;88;0;0.000;3.755;0.000;0.000;19.700;1.340;0.0;0.0;0;15;3.180;3.320;0.0;0;0.0;0;0;0;0;85;98;0;0;4111;0.00;0;0;0;0;0;0;0;0;0;0;0;0;0;0;0;0;15;0;98.0;98.0;0;0;0.00;0.00;0.00;0.0;0.0
102.026;111;0;98;0;0.0;15.000;1.020;42;47;0;0;100;99;100;127;100;190;100;88;88;0;0.000;3.755;0.000;0.000;19.700;1.340;0.0;0.0;0;15;3.180;3.320;0.0;0;0.0;0;0;0;0;85;98;0;0;4111;0.00;0;0;0;0;0;0;0;0;0;0;0;0;0;0;0;0;15;0;98.0;98.0;0;0;0.00;0.00;0.00;0.0;0.0
102.090;111;0;98;0;0.0;15.000;1.020;42;47;0;0;100;99;100;127;100;190;100;88;88;0;0.000;3.755;0.000;0.000;19.700;1.340;0.0;0.0;0;15;3.180;3.320;0.0;0;0.0;0;0;0;0;85;98;0;0;4111;0.00;0;0;0;0;0;0;0;0;0;0;0;0;0;0;0;0;15;0;98.0;98.0;0;0;0.00;0.00;0.00;0.0;0.0
102.160;111;0;98;0;0.0;15.000;1.020;42;47;0;0;100;99;100;127;100;190;100;88;88;0;0.000;3.755;0.000;0.000;19.700;1.340;0.0;0.0;0;15;3.180;3.320;0.0;0;0.0;0;0;0;0;85;98;0;0;4111;0.00;0;0;0;0;0;0;0;0;0;0;0;0;0;0;0;0;15;0;98.0;98.0;0;0;0.00;0.00;0.00;0.0;0.0
102.227;111;0;98;0;0.0;15.000;1.020;42;47;0;0;100;99;100;127;100;190;100;88;88;0;0.000;3.755;0.000;0.000;19.700;1.340;0.0;0.0;0;15;3.180;3.320;0.0;0;0.0;0;0;0;0;85;98;0;0;4111;0.00;0;0;0;0;0;0;0;0;0;0;0;0;0;0;0;0;15;0;98.0;98.0;0;0;0.00;0.00;0.00;0.0;0.0
102.291;111;0;98;0;0.0;15.100;1.027;42;47;0;0;100;99;100;127;100;190;100;88;88;0;0.000;3.755;0.000;0.000;19.700;1.340;0.0;0.0;0;15;3.180;3.320;0.0;0;0.0;0;0;0;0;85;98;0;0;4111;0.00;0;0;0;0;0;0;0;0;0;0;0;0;0;0;0;0;15;0;98.0;98.0;0;0;0.00;0.00;0.00;0.0;0.0
102.357;111;0;98;0;0.0;15.000;1.020;42;47;0;0;100;99;100;127;100;190;100;88;88;0;0.000;3.755;0.000;0.000;19.700;1.340;0.0;0.0;0;15;3.180;3.320;0.0;0;0.0;0;0;0;0;85;98;0;0;4111;0.00;0;0;0;0;0;0;0;0;0;0;0;0;0;0;0;0;15;0;98.0;98.0;0;0;0.00;0.00;0.00;0.0;0.0
102.427;111;0;98;0;0.0;15.000;1.020;42;47;0;0;100;99;100;127;100;190;100;88;88;0;0.000;3.755;0.000;0.000;19.700;1.340;0.0;0.0;0;15;3.180;3.320;0.0;0;0.0;0;0;0;0;85;98;0;0;4111;0.00;0;0;0;0;0;0;0;0;0;0;0;0;0;0;0;0;15;0;98.0;98.0;0;0;0.00;0.00;0.00;0.0;0.0
102.495;111;0;98;0;0.0;15.100;1.027;42;47;0;0;100;99;100;127;100;190;100;88;88;0;0.000;3.755;0.000;0.000;19.700;1.340;0.0;0.0;0;15;3.180;3.320;0.0;0;0.0;0;0;0;0;85;98;0;0;4111;0.00;0;0;0;0;0;0;0;0;0;0;0;0;0;0;0;0;15;0;98.0;98.0;0;0;0.00;0.00;0.00;0.0;0.0
102.563;112;0;98;0;0.0;15.000;1.020;42;47;0;0;100;99;100;127;100;190;100;88;88;0;0.000;3.755;0.000;0.000;19.700;1.340;0.0;0.0;0;15;3.180;3.320;0.0;0;0.0;0;0;0;0;85;98;0;0;4110;0.00;0;0;0;0;0;0;0;0;0;0;0;0;0;0;0;0;15;0;98.0;98.0;0;0;0.00;0.00;0.00;0.0;0.0
102.627;112;0;98;0;0.0;15.000;1.020;42;47;0;0;100;99;100;127;100;190;100;88;88;0;0.000;3.755;0.000;0.000;19.700;1.340;0.0;0.0;0;15;3.180;3.320;0.0;0;0.0;0;0;0;0;85;98;0;0;4110;0.00;0;0;0;0;0;0;0;0;0;0;0;0;0;0;0;0;15;0;98.0;98.0;0;0;0.00;0.00;0.00;0.0;0.0
102.693;112;0;98;0;0.0;15.100;1.027;42;47;0;0;100;99;100;127;100;190;100;88;88;0;0.000;3.755;0.000;0.000;19.700;1.340;0.0;0.0;0;15;3.180;3.320;0.0;0;0.0;0;0;0;0;85;98;0;0;4110;0.00;0;0;0;0;0;0;0;0;0;0;0;0;0;0;0;0;15;0;98.0;98.0;0;0;0.00;0.00;0.00;0.0;0.0
102.759;112;0;98;0;0.0;15.100;1.027;42;47;0;0;100;99;100;127;100;190;100;88;88;0;0.000;3.755;0.000;0.000;19.700;1.340;0.0;0.0;0;15;3.180;3.320;0.0;0;0.0;0;0;0;0;85;98;0;0;4110;0.00;0;0;0;0;0;0;0;0;0;0;0;0;0;0;0;0;15;0;98.0;98.0;0;0;0.00;0.00;0.00;0.0;0.0
102.824;112;0;98;0;0.0;15.000;1.020;42;47;0;0;100;99;100;127;100;190;100;88;88;0;0.000;3.755;0.000;0.000;19.700;1.340;0.0;0.0;0;15;3.180;3.320;0.0;0;0.0;0;0;0;0;85;98;0;0;4110;0.00;0;0;0;0;0;0;0;0;0;0;0;0;0;0;0;0;15;0;98.0;98.0;0;0;0.00;0.00;0.00;0.0;0.0
102.894;112;0;98;0;0.0;15.000;1.020;42;47;0;0;100;99;100;127;100;190;100;88;88;0;0.000;3.755;0.000;0.000;19.700;1.340;0.0;0.0;0;15;3.180;3.320;0.0;0;0.0;0;0;0;0;85;98;0;0;4110;0.00;0;0;0;0;0;0;0;0;0;0;0;0;0;0;0;0;15;0;98.0;98.0;0;0;0.00;0.00;0.00;0.0;0.0
102.959;112;0;98;0;0.0;15.000;1.020;42;47;0;0;100;99;100;127;100;190;100;88;88;0;0.000;3.755;0.000;0.000;19.700;1.340;0.0;0.0;0;15;3.180;3.320;0.0;0;0.0;0;0;0;0;85;98;0;0;4110;0.00;0;0;0;0;0;0;0;0;0;0;0;0;0;0;0;0;15;0;98.0;98.0;0;0;0.00;0.00;0.00;0.0;0.0
103.024;112;0;98;0;0.0;15.000;1.020;42;47;0;0;100;99;100;127;100;190;100;88;88;0;0.000;3.755;0.000;0.000;19.700;1.340;0.0;0.0;0;15;3.180;3.320;0.0;0;0.0;0;0;0;0;85;98;0;0;4110;0.00;0;0;0;0;0;0;0;0;0;0;0;0;0;0;0;0;15;0;98.0;98.0;0;0;0.00;0.00;0.00;0.0;0.0
103.090;112;0;98;0;0.0;15.100;1.027;42;47;0;0;100;99;100;127;100;190;100;88;88;0;0.000;3.755;0.000;0.000;19.700;1.340;0.0;0.0;0;15;3.180;3.320;0.0;0;0.0;0;0;0;0;85;98;0;0;4110;0.00;0;0;0;0;0;0;0;0;0;0;0;0;0;0;0;0;15;0;98.0;98.0;0;0;0.00;0.00;0.00;0.0;0.0
103.159;112;0;98;0;0.0;15.000;1.020;42;47;0;0;100;99;100;127;100;190;100;88;88;0;0.000;3.755;0.000;0.000;19.700;1.340;0.0;0.0;0;15;3.180;3.320;0.0;0;0.0;0;0;0;0;85;98;0;0;4110;0.00;0;0;0;0;0;0;0;0;0;0;0;0;0;0;0;0;15;0;98.0;98.0;0;0;0.00;0.00;0.00;0.0;0.0
103.159;112;0;98;0;0.0;15.000;1.020;42;47;0;0;100;99;100;127;100;190;100;88;88;0;0.000;3.755;0.000;0.000;19.700;1.340;0.0;0.0;0;15;3.180;3.320;0.0;0;0.0;0;0;0;0;85;98;0;0;4110;0.00;0;0;0;0;0;0;0;0;0;0;0;0;0;0;0;0;15;0;98.0;98.0;0;0;0.00;0.00;0.00;0.0;0.0
103.290;112;0;98;0;0.0;15.000;1.020;42;47;0;0;100;99;100;127;100;190;100;88;88;0;0.000;3.755;0.000;0.000;19.700;1.340;0.0;0.0;0;15;3.180;3.320;0.0;0;0.0;0;0;0;0;85;98;0;0;4110;0.00;0;0;0;0;0;0;0;0;0;0;0;0;0;0;0;0;15;0;98.0;98.0;0;0;0.00;0.00;0.00;0.0;0.0
103.355;112;0;98;0;0.0;15.100;1.027;42;47;0;0;100;99;100;127;100;190;100;88;88;0;0.000;3.755;0.000;0.000;19.700;1.340;0.0;0.0;0;15;3.180;3.320;0.0;0;0.0;0;0;0;0;85;98;0;0;4110;0.00;0;0;0;0;0;0;0;0;0;0;0;0;0;0;0;0;15;0;98.0;98.0;0;0;0.00;0.00;0.00;0.0;0.0
103.426;112;0;98;0;0.0;15.000;1.020;42;47;0;0;100;99;100;127;100;190;100;88;88;0;0.000;3.755;0.000;0.000;19.700;1.340;0.0;0.0;0;15;3.180;3.320;0.0;0;0.0;0;0;0;0;85;98;0;0;4110;0.00;0;0;0;0;0;0;0;0;0;0;0;0;0;0;0;0;15;0;98.0;98.0;0;0;0.00;0.00;0.00;0.0;0.0
103.493;112;0;98;0;0.0;14.900;1.014;42;47;0;0;100;99;100;127;100;190;100;88;88;0;0.000;3.755;0.000;0.000;19.700;1.340;0.0;0.0;0;15;3.180;3.320;0.0;0;0.0;0;0;0;0;85;98;0;0;4110;0.00;0;0;0;0;0;0;0;0;0;0;0;0;0;0;0;0;15;0;98.0;98.0;0;0;0.00;0.00;0.00;0.0;0.0
103.563;112;0;98;0;0.0;15.000;1.020;42;47;0;0;100;99;100;127;100;190;100;88;88;0;0.000;3.755;0.000;0.000;19.700;1.340;0.0;0.0;0;15;3.180;3.320;0.0;0;0.0;0;0;0;0;85;98;0;0;4110;0.00;0;0;0;0;0;0;0;0;0;0;0;0;0;0;0;0;15;0;98.0;98.0;0;0;0.00;0.00;0.00;0.0;0.0
103.627;113;0;98;0;0.0;15.000;1.020;42;47;0;0;100;99;100;127;100;190;100;88;88;0;0.000;3.755;0.000;0.000;19.700;1.340;0.0;0.0;0;15;3.180;3.320;0.0;0;0.0;0;0;0;0;85;98;0;0;4097;0.00;0;0;0;0;0;0;0;0;0;0;0;0;0;0;0;0;15;0;98.0;98.0;0;0;0.00;0.00;0.00;0.0;0.0
103.693;113;0;98;0;0.0;15.100;1.027;42;47;0;0;100;99;100;127;100;190;100;88;88;0;0.000;3.755;0.000;0.000;19.700;1.340;0.0;0.0;0;15;3.180;3.320;0.0;0;0.0;0;0;0;0;85;98;0;0;4097;0.00;0;0;0;0;0;0;0;0;0;0;0;0;0;0;0;0;15;0;98.0;98.0;0;0;0.00;0.00;0.00;0.0;0.0
103.758;113;0;98;0;0.0;15.100;1.027;42;47;0;0;100;99;100;127;100;190;100;88;88;0;0.000;3.755;0.000;0.000;19.700;1.340;0.0;0.0;0;15;3.180;3.320;0.0;0;0.0;0;0;0;0;85;98;0;0;4097;0.00;0;0;0;0;0;0;0;0;0;0;0;0;0;0;0;0;15;0;98.0;98.0;0;0;0.00;0.00;0.00;0.0;0.0
103.825;113;0;98;0;0.0;15.100;1.027;42;48;0;0;100;99;100;127;100;190;100;88;88;0;0.000;3.755;0.000;0.000;19.700;1.340;0.0;0.0;0;15;3.180;3.320;0.0;0;0.0;0;0;0;0;85;98;0;0;4097;0.00;0;0;0;0;0;0;0;0;0;0;0;0;0;0;0;0;15;0;98.0;98.0;0;0;0.00;0.00;0.00;0.0;0.0
103.892;113;0;98;0;0.0;15.000;1.020;42;48;0;0;100;99;100;127;100;190;100;88;88;0;0.000;3.755;0.000;0.000;19.700;1.340;0.0;0.0;0;15;3.180;3.320;0.0;0;0.0;0;0;0;0;85;98;0;0;4097;0.00;0;0;0;0;0;0;0;0;0;0;0;0;0;0;0;0;15;0;98.0;98.0;0;0;0.00;0.00;0.00;0.0;0.0
103.959;113;0;98;0;0.0;15.000;1.020;42;48;0;0;100;99;100;127;100;190;100;88;88;0;0.000;3.755;0.000;0.000;19.700;1.340;0.0;0.0;0;15;3.180;3.320;0.0;0;0.0;0;0;0;0;85;98;0;0;4097;0.00;0;0;0;0;0;0;0;0;0;0;0;0;0;0;0;0;15;0;98.0;98.0;0;0;0.00;0.00;0.00;0.0;0.0
104.025;113;0;98;0;0.0;15.100;1.027;42;48;0;0;100;99;100;127;100;190;100;88;88;0;0.000;3.755;0.000;0.000;19.700;1.340;0.0;0.0;0;15;3.180;3.320;0.0;0;0.0;0;0;0;0;85;98;0;0;4097;0.00;0;0;0;0;0;0;0;0;0;0;0;0;0;0;0;0;15;0;98.0;98.0;0;0;0.00;0.00;0.00;0.0;0.0
104.093;113;0;98;0;0.0;15.100;1.027;42;48;0;0;100;99;100;127;100;190;100;88;88;0;0.000;3.755;0.000;0.000;19.700;1.340;0.0;0.0;0;15;3.180;3.320;0.0;0;0.0;0;0;0;0;85;98;0;0;4097;0.00;0;0;0;0;0;0;0;0;0;0;0;0;0;0;0;0;15;0;98.0;98.0;0;0;0.00;0.00;0.00;0.0;0.0
104.159;113;0;98;0;0.0;15.000;1.020;42;48;0;0;100;99;100;127;100;190;100;88;88;0;0.000;3.755;0.000;0.000;19.700;1.340;0.0;0.0;0;15;3.180;3.320;0.0;0;0.0;0;0;0;0;85;98;0;0;4097;0.00;0;0;0;0;0;0;0;0;0;0;0;0;0;0;0;0;15;0;98.0;98.0;0;0;0.00;0.00;0.00;0.0;0.0
104.225;113;0;98;0;0.0;15.100;1.027;42;48;0;0;100;99;100;127;100;190;100;88;88;0;0.000;3.755;0.000;0.000;19.700;1.340;0.0;0.0;0;15;3.180;3.320;0.0;0;0.0;0;0;0;0;85;98;0;0;4097;0.00;0;0;0;0;0;0;0;0;0;0;0;0;0;0;0;0;15;0;98.0;98.0;0;0;0.00;0.00;0.00;0.0;0.0
104.295;113;0;98;0;0.0;15.100;1.027;42;48;0;0;100;99;100;127;100;190;100;88;88;0;0.000;3.755;0.000;0.000;19.700;1.340;0.0;0.0;0;15;3.180;3.320;0.0;0;0.0;0;0;0;0;85;98;0;0;4097;0.00;0;0;0;0;0;0;0;0;0;0;0;0;0;0;0;0;15;0;98.0;98.0;0;0;0.00;0.00;0.00;0.0;0.0
104.360;113;0;98;0;0.0;15.000;1.020;42;48;0;0;100;99;100;127;100;190;100;88;88;0;0.000;3.755;0.000;0.000;19.700;1.340;0.0;0.0;0;15;3.180;3.320;0.0;0;0.0;0;0;0;0;85;98;0;0;4097;0.00;0;0;0;0;0;0;0;0;0;0;0;0;0;0;0;0;15;0;98.0;98.0;0;0;0.00;0.00;0.00;0.0;0.0
104.427;113;0;98;0;0.0;15.000;1.020;42;48;0;0;100;99;100;127;100;190;100;88;88;0;0.000;3.755;0.000;0.000;19.700;1.340;0.0;0.0;0;15;3.180;3.320;0.0;0;0.0;0;0;0;0;85;98;0;0;4097;0.00;0;0;0;0;0;0;0;0;0;0;0;0;0;0;0;0;15;0;98.0;98.0;0;0;0.00;0.00;0.00;0.0;0.0
104.495;113;0;98;0;0.0;15.000;1.020;42;48;0;0;100;99;100;127;100;190;100;88;88;0;0.000;3.755;0.000;0.000;19.700;1.340;0.0;0.0;0;15;3.180;3.320;0.0;0;0.0;0;0;0;0;85;98;0;0;4097;0.00;0;0;0;0;0;0;0;0;0;0;0;0;0;0;0;0;15;0;98.0;98.0;0;0;0.00;0.00;0.00;0.0;0.0
104.561;113;0;98;0;0.0;15.000;1.020;42;48;0;0;100;99;100;127;100;190;100;88;88;0;0.000;3.755;0.000;0.000;19.700;1.340;0.0;0.0;0;15;3.180;3.320;0.0;0;0.0;0;0;0;0;85;98;0;0;4097;0.00;0;0;0;0;0;0;0;0;0;0;0;0;0;0;0;0;15;0;98.0;98.0;0;0;0.00;0.00;0.00;0.0;0.0
104.626;114;0;98;0;0.0;15.000;1.020;42;48;0;0;100;99;100;127;100;190;100;88;88;0;0.000;3.755;0.000;0.000;19.700;1.340;0.0;0.0;0;15;3.180;3.320;0.0;0;0.0;0;0;0;0;85;98;0;0;4100;0.00;0;0;0;0;0;0;0;0;0;0;0;0;0;0;0;0;15;0;98.0;98.0;0;0;0.00;0.00;0.00;0.0;0.0
104.693;114;0;98;0;0.0;15.100;1.027;42;48;0;0;100;99;100;127;100;190;100;88;88;0;0.000;3.755;0.000;0.000;19.700;1.340;0.0;0.0;0;15;3.180;3.320;0.0;0;0.0;0;0;0;0;85;98;0;0;4100;0.00;0;0;0;0;0;0;0;0;0;0;0;0;0;0;0;0;15;0;98.0;98.0;0;0;0.00;0.00;0.00;0.0;0.0
104.763;114;0;98;0;0.0;15.100;1.027;42;48;0;0;100;99;100;127;100;190;100;88;88;0;0.000;3.755;0.000;0.000;19.700;1.340;0.0;0.0;0;15;3.180;3.320;0.0;0;0.0;0;0;0;0;85;98;0;0;4100;0.00;0;0;0;0;0;0;0;0;0;0;0;0;0;0;0;0;15;0;98.0;98.0;0;0;0.00;0.00;0.00;0.0;0.0
104.829;114;0;98;0;0.0;15.000;1.020;42;48;0;0;100;99;100;127;100;190;100;88;88;0;0.000;3.755;0.000;0.000;19.700;1.340;0.0;0.0;0;15;3.180;3.320;0.0;0;0.0;0;0;0;0;85;98;0;0;4100;0.00;0;0;0;0;0;0;0;0;0;0;0;0;0;0;0;0;15;0;98.0;98.0;0;0;0.00;0.00;0.00;0.0;0.0
104.898;114;0;98;0;0.0;15.100;1.027;42;48;0;0;100;99;100;127;100;190;100;88;88;0;0.000;3.755;0.000;0.000;19.700;1.340;0.0;0.0;0;15;3.180;3.320;0.0;0;0.0;0;0;0;0;85;98;0;0;4100;0.00;0;0;0;0;0;0;0;0;0;0;0;0;0;0;0;0;15;0;98.0;98.0;0;0;0.00;0.00;0.00;0.0;0.0
104.964;114;0;98;0;0.0;15.100;1.027;42;48;0;0;100;99;100;127;100;190;100;88;88;0;0.000;3.755;0.000;0.000;19.700;1.340;0.0;0.0;0;15;3.180;3.320;0.0;0;0.0;0;0;0;0;85;98;0;0;4100;0.00;0;0;0;0;0;0;0;0;0;0;0;0;0;0;0;0;15;0;98.0;98.0;0;0;0.00;0.00;0.00;0.0;0.0
105.028;114;0;98;0;0.0;15.000;1.020;42;48;0;0;100;99;100;127;100;190;100;88;88;0;0.000;3.755;0.000;0.000;19.700;1.340;0.0;0.0;0;15;3.180;3.320;0.0;0;0.0;0;0;0;0;85;98;0;0;4100;0.00;0;0;0;0;0;0;0;0;0;0;0;0;0;0;0;0;15;0;98.0;98.0;0;0;0.00;0.00;0.00;0.0;0.0
105.093;114;0;98;0;0.0;15.100;1.027;42;48;0;0;100;99;100;127;100;190;100;88;88;0;0.000;3.755;0.000;0.000;19.700;1.340;0.0;0.0;0;15;3.180;3.320;0.0;0;0.0;0;0;0;0;85;98;0;0;4100;0.00;0;0;0;0;0;0;0;0;0;0;0;0;0;0;0;0;15;0;98.0;98.0;0;0;0.00;0.00;0.00;0.0;0.0
105.158;114;0;98;0;0.0;15.100;1.027;42;48;0;0;100;99;100;127;100;190;100;88;88;0;0.000;3.755;0.000;0.000;19.700;1.340;0.0;0.0;0;15;3.180;3.320;0.0;0;0.0;0;0;0;0;85;98;0;0;4100;0.00;0;0;0;0;0;0;0;0;0;0;0;0;0;0;0;0;15;0;98.0;98.0;0;0;0.00;0.00;0.00;0.0;0.0
105.230;114;0;98;0;0.0;15.000;1.020;42;48;0;0;100;99;100;127;100;190;100;88;88;0;0.000;3.755;0.000;0.000;19.700;1.340;0.0;0.0;0;15;3.180;3.320;0.0;0;0.0;0;0;0;0;85;98;0;0;4100;0.00;0;0;0;0;0;0;0;0;0;0;0;0;0;0;0;0;15;0;98.0;98.0;0;0;0.00;0.00;0.00;0.0;0.0
105.296;114;0;98;0;0.0;15.000;1.020;42;48;0;0;100;99;100;127;100;190;100;88;88;0;0.000;3.755;0.000;0.000;19.700;1.340;0.0;0.0;0;15;3.180;3.320;0.0;0;0.0;0;0;0;0;85;98;0;0;4100;0.00;0;0;0;0;0;0;0;0;0;0;0;0;0;0;0;0;15;0;98.0;98.0;0;0;0.00;0.00;0.00;0.0;0.0
105.360;114;0;98;0;0.0;15.000;1.020;42;48;0;0;100;99;100;127;100;190;100;88;88;0;0.000;3.755;0.000;0.000;19.700;1.340;0.0;0.0;0;15;3.180;3.320;0.0;0;0.0;0;0;0;0;85;98;0;0;4100;0.00;0;0;0;0;0;0;0;0;0;0;0;0;0;0;0;0;15;0;98.0;98.0;0;0;0.00;0.00;0.00;0.0;0.0
105.426;114;0;98;0;0.0;15.100;1.027;42;48;0;0;100;99;100;127;100;190;100;88;88;0;0.000;3.755;0.000;0.000;19.700;1.340;0.0;0.0;0;15;3.180;3.320;0.0;0;0.0;0;0;0;0;85;98;0;0;4100;0.00;0;0;0;0;0;0;0;0;0;0;0;0;0;0;0;0;15;0;98.0;98.0;0;0;0.00;0.00;0.00;0.0;0.0
105.497;114;0;98;0;0.0;15.100;1.027;42;48;0;0;100;99;100;127;100;190;100;88;88;0;0.000;3.755;0.000;0.000;19.700;1.340;0.0;0.0;0;15;3.180;3.320;0.0;0;0.0;0;0;0;0;85;98;0;0;4100;0.00;0;0;0;0;0;0;0;0;0;0;0;0;0;0;0;0;15;0;98.0;98.0;0;0;0.00;0.00;0.00;0.0;0.0
105.565;114;0;98;0;0.0;15.100;1.027;42;48;0;0;100;99;100;127;100;190;100;88;88;0;0.000;3.755;0.000;0.000;19.700;1.340;0.0;0.0;0;15;3.180;3.320;0.0;0;0.0;0;0;0;0;85;98;0;0;4100;0.00;0;0;0;0;0;0;0;0;0;0;0;0;0;0;0;0;15;0;98.0;98.0;0;0;0.00;0.00;0.00;0.0;0.0
105.630;115;0;98;0;0.0;15.000;1.020;42;48;0;0;100;99;100;127;100;190;100;88;88;0;0.000;3.755;0.000;0.000;19.700;1.340;0.0;0.0;0;15;3.180;3.320;0.0;0;0.0;0;0;0;0;85;98;0;0;4110;0.00;0;0;0;0;0;0;0;0;0;0;0;0;0;0;0;0;15;0;98.0;98.0;0;0;0.00;0.00;0.00;0.0;0.0
105.695;115;0;98;0;0.0;15.000;1.020;42;48;0;0;100;99;100;127;100;190;100;88;88;0;0.000;3.755;0.000;0.000;19.700;1.340;0.0;0.0;0;15;3.180;3.320;0.0;0;0.0;0;0;0;0;85;98;0;0;4110;0.00;0;0;0;0;0;0;0;0;0;0;0;0;0;0;0;0;15;0;98.0;98.0;0;0;0.00;0.00;0.00;0.0;0.0
105.763;115;0;98;0;0.0;15.000;1.020;42;48;0;0;100;99;100;127;100;190;100;88;88;0;0.000;3.755;0.000;0.000;19.700;1.340;0.0;0.0;0;15;3.180;3.320;0.0;0;0.0;0;0;0;0;85;98;0;0;4110;0.00;0;0;0;0;0;0;0;0;0;0;0;0;0;0;0;0;15;0;98.0;98.0;0;0;0.00;0.00;0.00;0.0;0.0
105.832;115;0;98;0;0.0;15.000;1.020;42;48;0;0;100;99;100;127;100;190;100;88;88;0;0.000;3.755;0.000;0.000;19.700;1.340;0.0;0.0;0;15;3.180;3.320;0.0;0;0.0;0;0;0;0;85;98;0;0;4110;0.00;0;0;0;0;0;0;0;0;0;0;0;0;0;0;0;0;15;0;98.0;98.0;0;0;0.00;0.00;0.00;0.0;0.0
105.896;115;0;98;0;0.0;15.000;1.020;42;48;0;0;100;99;100;127;100;190;100;88;88;0;0.000;3.755;0.000;0.000;19.700;1.340;0.0;0.0;0;15;3.180;3.320;0.0;0;0.0;0;0;0;0;85;98;0;0;4110;0.00;0;0;0;0;0;0;0;0;0;0;0;0;0;0;0;0;15;0;98.0;98.0;0;0;0.00;0.00;0.00;0.0;0.0
105.963;115;0;98;0;0.0;15.100;1.027;42;48;0;0;100;99;100;127;100;190;100;88;88;0;0.000;3.755;0.000;0.000;19.700;1.340;0.0;0.0;0;15;3.180;3.320;0.0;0;0.0;0;0;0;0;85;98;0;0;4110;0.00;0;0;0;0;0;0;0;0;0;0;0;0;0;0;0;0;15;0;98.0;98.0;0;0;0.00;0.00;0.00;0.0;0.0
106.034;115;0;98;0;0.0;15.000;1.020;42;48;0;0;100;99;100;127;100;190;100;88;88;0;0.000;3.755;0.000;0.000;19.700;1.340;0.0;0.0;0;15;3.180;3.320;0.0;0;0.0;0;0;0;0;85;98;0;0;4110;0.00;0;0;0;0;0;0;0;0;0;0;0;0;0;0;0;0;15;0;98.0;98.0;0;0;0.00;0.00;0.00;0.0;0.0
106.097;115;0;98;0;0.0;15.000;1.020;42;48;0;0;100;99;100;127;100;190;100;88;88;0;0.000;3.755;0.000;0.000;19.700;1.340;0.0;0.0;0;15;3.180;3.320;0.0;0;0.0;0;0;0;0;85;98;0;0;4110;0.00;0;0;0;0;0;0;0;0;0;0;0;0;0;0;0;0;15;0;98.0;98.0;0;0;0.00;0.00;0.00;0.0;0.0
106.164;115;0;98;0;0.0;15.000;1.020;42;48;0;0;100;99;100;127;100;190;100;88;88;0;0.000;3.755;0.000;0.000;19.700;1.340;0.0;0.0;0;15;3.180;3.320;0.0;0;0.0;0;0;0;0;85;98;0;0;4110;0.00;0;0;0;0;0;0;0;0;0;0;0;0;0;0;0;0;15;0;98.0;98.0;0;0;0.00;0.00;0.00;0.0;0.0
106.164;115;0;98;0;0.0;15.000;1.020;42;48;0;0;100;99;100;127;100;190;100;88;88;0;0.000;3.755;0.000;0.000;19.700;1.340;0.0;0.0;0;15;3.180;3.320;0.0;0;0.0;0;0;0;0;85;98;0;0;4110;0.00;0;0;0;0;0;0;0;0;0;0;0;0;0;0;0;0;15;0;98.0;98.0;0;0;0.00;0.00;0.00;0.0;0.0
106.294;115;0;98;0;0.0;15.000;1.020;42;48;0;0;100;99;100;127;100;190;100;88;88;0;0.000;3.755;0.000;0.000;19.700;1.340;0.0;0.0;0;15;3.180;3.320;0.0;0;0.0;0;0;0;0;85;98;0;0;4110;0.00;0;0;0;0;0;0;0;0;0;0;0;0;0;0;0;0;15;0;98.0;98.0;0;0;0.00;0.00;0.00;0.0;0.0
106.363;115;0;98;0;0.0;15.000;1.020;42;48;0;0;100;99;100;127;100;190;100;88;88;0;0.000;3.755;0.000;0.000;19.700;1.340;0.0;0.0;0;15;3.180;3.320;0.0;0;0.0;0;0;0;0;85;98;0;0;4110;0.00;0;0;0;0;0;0;0;0;0;0;0;0;0;0;0;0;15;0;98.0;98.0;0;0;0.00;0.00;0.00;0.0;0.0
106.363;115;0;98;0;0.0;15.100;1.027;42;48;0;0;100;99;100;127;100;190;100;88;88;0;0.000;3.755;0.000;0.000;19.700;1.340;0.0;0.0;0;15;3.180;3.320;0.0;0;0.0;0;0;0;0;85;98;0;0;4110;0.00;0;0;0;0;0;0;0;0;0;0;0;0;0;0;0;0;15;0;98.0;98.0;0;0;0.00;0.00;0.00;0.0;0.0
106.493;115;0;98;0;0.0;15.000;1.020;42;48;0;0;100;99;100;127;100;190;100;88;88;0;0.000;3.755;0.000;0.000;19.700;1.340;0.0;0.0;0;15;3.180;3.320;0.0;0;0.0;0;0;0;0;85;98;0;0;4110;0.00;0;0;0;0;0;0;0;0;0;0;0;0;0;0;0;0;15;0;98.0;98.0;0;0;0.00;0.00;0.00;0.0;0.0
106.559;115;0;98;0;0.0;15.000;1.020;42;48;0;0;100;99;100;127;100;190;100;88;88;0;0.000;3.755;0.000;0.000;19.700;1.340;0.0;0.0;0;15;3.180;3.320;0.0;0;0.0;0;0;0;0;85;98;0;0;4110;0.00;0;0;0;0;0;0;0;0;0;0;0;0;0;0;0;0;15;0;98.0;98.0;0;0;0.00;0.00;0.00;0.0;0.0
106.628;116;0;98;0;0.0;15.000;1.020;42;48;0;0;100;99;100;127;100;190;100;88;88;0;0.000;3.755;0.000;0.000;19.700;1.340;0.0;0.0;0;15;3.180;3.320;0.0;0;0.0;0;0;0;0;85;98;0;0;4111;0.00;0;0;0;0;0;0;0;0;0;0;0;0;0;0;0;0;15;0;98.0;98.0;0;0;0.00;0.00;0.00;0.0;0.0
106.628;116;0;98;0;0.0;15.100;1.027;42;48;0;0;100;99;100;127;100;190;100;88;88;0;0.000;3.755;0.000;0.000;19.700;1.340;0.0;0.0;0;15;3.180;3.320;0.0;0;0.0;0;0;0;0;85;98;0;0;4111;0.00;0;0;0;0;0;0;0;0;0;0;0;0;0;0;0;0;15;0;98.0;98.0;0;0;0.00;0.00;0.00;0.0;0.0
106.759;116;0;98;0;0.0;15.000;1.020;42;48;0;0;100;99;100;127;100;190;100;88;88;0;0.000;3.755;0.000;0.000;19.700;1.340;0.0;0.0;0;15;3.180;3.320;0.0;0;0.0;0;0;0;0;85;98;0;0;4111;0.00;0;0;0;0;0;0;0;0;0;0;0;0;0;0;0;0;15;0;98.0;98.0;0;0;0.00;0.00;0.00;0.0;0.0
106.824;116;0;98;0;0.0;14.900;1.014;42;48;0;0;100;99;100;127;100;190;100;88;88;0;0.000;3.755;0.000;0.000;19.700;1.340;0.0;0.0;0;15;3.180;3.320;0.0;0;0.0;0;0;0;0;85;98;0;0;4111;0.00;0;0;0;0;0;0;0;0;0;0;0;0;0;0;0;0;15;0;98.0;98.0;0;0;0.00;0.00;0.00;0.0;0.0
106.890;116;0;98;0;0.0;15.000;1.020;42;48;0;0;100;99;100;127;100;190;100;88;88;0;0.000;3.755;0.000;0.000;19.700;1.340;0.0;0.0;0;15;3.180;3.320;0.0;0;0.0;0;0;0;0;85;98;0;0;4111;0.00;0;0;0;0;0;0;0;0;0;0;0;0;0;0;0;0;15;0;98.0;98.0;0;0;0.00;0.00;0.00;0.0;0.0
106.960;116;0;98;0;0.0;14.900;1.014;42;48;0;0;100;99;100;127;100;190;100;88;88;0;0.000;3.755;0.000;0.000;19.700;1.340;0.0;0.0;0;15;3.180;3.320;0.0;0;0.0;0;0;0;0;85;98;0;0;4111;0.00;0;0;0;0;0;0;0;0;0;0;0;0;0;0;0;0;15;0;98.0;98.0;0;0;0.00;0.00;0.00;0.0;0.0
107.027;116;0;98;0;0.0;15.000;1.020;42;48;0;0;100;99;100;127;100;190;100;88;88;0;0.000;3.755;0.000;0.000;19.700;1.340;0.0;0.0;0;15;3.180;3.320;0.0;0;0.0;0;0;0;0;85;98;0;0;4111;0.00;0;0;0;0;0;0;0;0;0;0;0;0;0;0;0;0;15;0;98.0;98.0;0;0;0.00;0.00;0.00;0.0;0.0
107.095;116;0;98;0;0.0;15.000;1.020;42;48;0;0;100;99;100;127;100;190;100;88;88;0;0.000;3.755;0.000;0.000;19.700;1.340;0.0;0.0;0;15;3.180;3.320;0.0;0;0.0;0;0;0;0;85;98;0;0;4111;0.00;0;0;0;0;0;0;0;0;0;0;0;0;0;0;0;0;15;0;98.0;98.0;0;0;0.00;0.00;0.00;0.0;0.0
107.160;116;0;98;0;0.0;15.000;1.020;42;48;0;0;100;99;100;127;100;190;100;88;88;0;0.000;3.755;0.000;0.000;19.700;1.340;0.0;0.0;0;15;3.180;3.320;0.0;0;0.0;0;0;0;0;85;98;0;0;4111;0.00;0;0;0;0;0;0;0;0;0;0;0;0;0;0;0;0;15;0;98.0;98.0;0;0;0.00;0.00;0.00;0.0;0.0
107.160;116;0;98;0;0.0;15.000;1.020;42;48;0;0;100;99;100;127;100;190;100;88;88;0;0.000;3.755;0.000;0.000;19.700;1.340;0.0;0.0;0;15;3.180;3.320;0.0;0;0.0;0;0;0;0;85;98;0;0;4111;0.00;0;0;0;0;0;0;0;0;0;0;0;0;0;0;0;0;15;0;98.0;98.0;0;0;0.00;0.00;0.00;0.0;0.0
107.293;116;0;98;0;0.0;15.000;1.020;42;48;0;0;100;99;100;127;100;190;100;88;88;0;0.000;3.755;0.000;0.000;19.700;1.340;0.0;0.0;0;15;3.180;3.320;0.0;0;0.0;0;0;0;0;85;98;0;0;4111;0.00;0;0;0;0;0;0;0;0;0;0;0;0;0;0;0;0;15;0;98.0;98.0;0;0;0.00;0.00;0.00;0.0;0.0
107.361;116;0;98;0;0.0;15.000;1.020;42;48;0;0;100;99;100;127;100;190;100;88;88;0;0.000;3.755;0.000;0.000;19.700;1.340;0.0;0.0;0;15;3.180;3.320;0.0;0;0.0;0;0;0;0;85;98;0;0;4111;0.00;0;0;0;0;0;0;0;0;0;0;0;0;0;0;0;0;15;0;98.0;98.0;0;0;0.00;0.00;0.00;0.0;0.0
107.361;116;0;98;0;0.0;15.100;1.027;42;48;0;0;100;99;100;127;100;190;100;88;88;0;0.000;3.755;0.000;0.000;19.700;1.340;0.0;0.0;0;15;3.180;3.320;0.0;0;0.0;0;0;0;0;85;98;0;0;4111;0.00;0;0;0;0;0;0;0;0;0;0;0;0;0;0;0;0;15;0;98.0;98.0;0;0;0.00;0.00;0.00;0.0;0.0
107.494;116;0;98;0;0.0;15.000;1.020;42;48;0;0;100;99;100;127;100;190;100;88;88;0;0.000;3.755;0.000;0.000;19.700;1.340;0.0;0.0;0;15;3.180;3.320;0.0;0;0.0;0;0;0;0;85;98;0;0;4111;0.00;0;0;0;0;0;0;0;0;0;0;0;0;0;0;0;0;15;0;98.0;98.0;0;0;0.00;0.00;0.00;0.0;0.0
107.494;116;0;98;0;0.0;15.000;1.020;42;48;0;0;100;99;100;127;100;190;100;88;88;0;0.000;3.755;0.000;0.000;19.700;1.340;0.0;0.0;0;15;3.180;3.320;0.0;0;0.0;0;0;0;0;85;98;0;0;4111;0.00;0;0;0;0;0;0;0;0;0;0;0;0;0;0;0;0;15;0;98.0;98.0;0;0;0.00;0.00;0.00;0.0;0.0
107.559;116;0;98;0;0.0;15.100;1.027;42;48;0;0;100;99;100;127;100;190;100;88;88;0;0.000;3.755;0.000;0.000;19.700;1.340;0.0;0.0;0;15;3.180;3.320;0.0;0;0.0;0;0;0;0;85;98;0;0;4111;0.00;0;0;0;0;0;0;0;0;0;0;0;0;0;0;0;0;15;0;98.0;98.0;0;0;0.00;0.00;0.00;0.0;0.0
107.693;117;0;98;0;0.0;15.100;1.027;41;48;0;0;100;99;100;127;100;190;100;88;88;0;0.000;3.755;0.000;0.000;19.700;1.340;0.0;0.0;0;15;3.180;3.320;0.0;0;0.0;0;0;0;0;85;98;0;0;4102;0.00;0;0;0;0;0;0;0;0;0;0;0;0;0;0;0;0;15;0;98.0;98.0;0;0;0.00;0.00;0.00;0.0;0.0
107.758;117;0;98;0;0.0;15.100;1.027;41;48;0;0;100;99;100;127;100;190;100;88;88;0;0.000;3.755;0.000;0.000;19.700;1.340;0.0;0.0;0;15;3.180;3.320;0.0;0;0.0;0;0;0;0;85;98;0;0;4102;0.00;0;0;0;0;0;0;0;0;0;0;0;0;0;0;0;0;15;0;98.0;98.0;0;0;0.00;0.00;0.00;0.0;0.0
107.824;117;0;98;0;0.0;15.000;1.020;41;48;0;0;100;99;100;127;100;190;100;88;88;0;0.000;3.755;0.000;0.000;19.700;1.340;0.0;0.0;0;15;3.180;3.320;0.0;0;0.0;0;0;0;0;85;98;0;0;4102;0.00;0;0;0;0;0;0;0;0;0;0;0;0;0;0;0;0;15;0;98.0;98.0;0;0;0.00;0.00;0.00;0.0;0.0
107.890;117;0;98;0;0.0;15.100;1.027;41;48;0;0;100;99;100;127;100;190;100;88;88;0;0.000;3.755;0.000;0.000;19.700;1.340;0.0;0.0;0;15;3.180;3.320;0.0;0;0.0;0;0;0;0;85;98;0;0;4102;0.00;0;0;0;0;0;0;0;0;0;0;0;0;0;0;0;0;15;0;98.0;98.0;0;0;0.00;0.00;0.00;0.0;0.0
107.959;117;0;98;0;0.0;15.000;1.020;41;48;0;0;100;99;100;127;100;190;100;88;88;0;0.000;3.755;0.000;0.000;19.700;1.340;0.0;0.0;0;15;3.180;3.320;0.0;0;0.0;0;0;0;0;85;98;0;0;4102;0.00;0;0;0;0;0;0;0;0;0;0;0;0;0;0;0;0;15;0;98.0;98.0;0;0;0.00;0.00;0.00;0.0;0.0
107.959;117;0;98;0;0.0;15.000;1.020;41;48;0;0;100;99;100;127;100;190;100;88;88;0;0.000;3.755;0.000;0.000;19.700;1.340;0.0;0.0;0;15;3.180;3.320;0.0;0;0.0;0;0;0;0;85;98;0;0;4102;0.00;0;0;0;0;0;0;0;0;0;0;0;0;0;0;0;0;15;0;98.0;98.0;0;0;0.00;0.00;0.00;0.0;0.0
108.091;117;0;98;0;0.0;15.100;1.027;41;48;0;0;100;99;100;127;100;190;100;88;88;0;0.000;3.755;0.000;0.000;19.700;1.340;0.0;0.0;0;15;3.180;3.320;0.0;0;0.0;0;0;0;0;85;98;0;0;4102;0.00;0;0;0;0;0;0;0;0;0;0;0;0;0;0;0;0;15;0;98.0;98.0;0;0;0.00;0.00;0.00;0.0;0.0
108.156;117;0;98;0;0.0;15.100;1.027;41;48;0;0;100;99;100;127;100;190;100;88;88;0;0.000;3.755;0.000;0.000;19.700;1.340;0.0;0.0;0;15;3.180;3.320;0.0;0;0.0;0;0;0;0;85;98;0;0;4102;0.00;0;0;0;0;0;0;0;0;0;0;0;0;0;0;0;0;15;0;98.0;98.0;0;0;0.00;0.00;0.00;0.0;0.0
108.227;117;0;98;0;0.0;15.000;1.020;41;48;0;0;100;99;100;127;100;190;100;88;88;0;0.000;3.755;0.000;0.000;19.700;1.340;0.0;0.0;0;15;3.180;3.320;0.0;0;0.0;0;0;0;0;85;98;0;0;4102;0.00;0;0;0;0;0;0;0;0;0;0;0;0;0;0;0;0;15;0;98.0;98.0;0;0;0.00;0.00;0.00;0.0;0.0
108.227;117;0;98;0;0.0;15.000;1.020;41;48;0;0;100;99;100;127;100;190;100;88;88;0;0.000;3.755;0.000;0.000;19.700;1.340;0.0;0.0;0;15;3.180;3.320;0.0;0;0.0;0;0;0;0;85;98;0;0;4102;0.00;0;0;0;0;0;0;0;0;0;0;0;0;0;0;0;0;15;0;98.0;98.0;0;0;0.00;0.00;0.00;0.0;0.0
108.361;117;0;98;0;0.0;15.100;1.027;41;48;0;0;100;99;100;127;100;190;100;88;88;0;0.000;3.755;0.000;0.000;19.700;1.340;0.0;0.0;0;15;3.180;3.320;0.0;0;0.0;0;0;0;0;85;98;0;0;4102;0.00;0;0;0;0;0;0;0;0;0;0;0;0;0;0;0;0;15;0;98.0;98.0;0;0;0.00;0.00;0.00;0.0;0.0
108.427;117;0;98;0;0.0;15.100;1.027;41;48;0;0;100;99;100;127;100;190;100;88;88;0;0.000;3.755;0.000;0.000;19.700;1.340;0.0;0.0;0;15;3.180;3.320;0.0;0;0.0;0;0;0;0;85;98;0;0;4102;0.00;0;0;0;0;0;0;0;0;0;0;0;0;0;0;0;0;15;0;98.0;98.0;0;0;0.00;0.00;0.00;0.0;0.0
108.492;117;0;98;0;0.0;15.000;1.020;41;48;0;0;100;99;100;127;100;190;100;88;88;0;0.000;3.755;0.000;0.000;19.700;1.340;0.0;0.0;0;15;3.180;3.320;0.0;0;0.0;0;0;0;0;85;98;0;0;4102;0.00;0;0;0;0;0;0;0;0;0;0;0;0;0;0;0;0;15;0;98.0;98.0;0;0;0.00;0.00;0.00;0.0;0.0
108.562;117;0;98;0;0.0;15.100;1.027;41;48;0;0;100;99;100;127;100;190;100;88;88;0;0.000;3.755;0.000;0.000;19.700;1.340;0.0;0.0;0;15;3.180;3.320;0.0;0;0.0;0;0;0;0;85;98;0;0;4102;0.00;0;0;0;0;0;0;0;0;0;0;0;0;0;0;0;0;15;0;98.0;98.0;0;0;0.00;0.00;0.00;0.0;0.0
108.628;117;0;98;0;0.0;15.100;1.027;41;48;0;0;100;99;100;127;100;190;100;88;88;0;0.000;3.755;0.000;0.000;19.700;1.340;0.0;0.0;0;15;3.180;3.320;0.0;0;0.0;0;0;0;0;85;98;0;0;4102;0.00;0;0;0;0;0;0;0;0;0;0;0;0;0;0;0;0;15;0;98.0;98.0;0;0;0.00;0.00;0.00;0.0;0.0
108.694;118;0;98;0;0.0;15.000;1.020;41;48;0;0;100;99;100;127;100;190;100;88;88;0;0.000;3.755;0.000;0.000;19.700;1.340;0.0;0.0;0;15;3.180;3.320;0.0;0;0.0;0;0;0;0;85;98;0;0;4101;0.00;0;0;0;0;0;0;0;0;0;0;0;0;0;0;0;0;15;0;98.0;98.0;0;0;0.00;0.00;0.00;0.0;0.0
108.763;118;0;98;0;0.0;15.000;1.020;41;48;0;0;100;99;100;127;100;190;100;88;88;0;0.000;3.755;0.000;0.000;19.700;1.340;0.0;0.0;0;15;3.180;3.320;0.0;0;0.0;0;0;0;0;85;98;0;0;4101;0.00;0;0;0;0;0;0;0;0;0;0;0;0;0;0;0;0;15;0;98.0;98.0;0;0;0.00;0.00;0.00;0.0;0.0
108.830;118;0;98;0;0.0;15.000;1.020;41;48;0;0;100;99;100;127;100;190;100;88;88;0;0.000;3.755;0.000;0.000;19.700;1.340;0.0;0.0;0;15;3.180;3.320;0.0;0;0.0;0;0;0;0;85;98;0;0;4101;0.00;0;0;0;0;0;0;0;0;0;0;0;0;0;0;0;0;15;0;98.0;98.0;0;0;0.00;0.00;0.00;0.0;0.0
108.900;118;0;98;0;0.0;15.000;1.020;41;48;0;0;100;99;100;127;100;190;100;88;88;0;0.000;3.755;0.000;0.000;19.700;1.340;0.0;0.0;0;15;3.180;3.320;0.0;0;0.0;0;0;0;0;85;98;0;0;4101;0.00;0;0;0;0;0;0;0;0;0;0;0;0;0;0;0;0;15;0;98.0;98.0;0;0;0.00;0.00;0.00;0.0;0.0
108.965;118;0;98;0;0.0;15.000;1.020;41;48;0;0;100;99;100;127;100;190;100;88;88;0;0.000;3.755;0.000;0.000;19.700;1.340;0.0;0.0;0;15;3.180;3.320;0.0;0;0.0;0;0;0;0;85;98;0;0;4101;0.00;0;0;0;0;0;0;0;0;0;0;0;0;0;0;0;0;15;0;98.0;98.0;0;0;0.00;0.00;0.00;0.0;0.0
109.029;118;0;98;0;0.0;15.100;1.027;41;48;0;0;100;99;100;127;100;190;100;88;88;0;0.000;3.755;0.000;0.000;19.700;1.340;0.0;0.0;0;15;3.180;3.320;0.0;0;0.0;0;0;0;0;85;98;0;0;4101;0.00;0;0;0;0;0;0;0;0;0;0;0;0;0;0;0;0;15;0;98.0;98.0;0;0;0.00;0.00;0.00;0.0;0.0
109.097;118;0;98;0;0.0;15.000;1.020;41;48;0;0;100;99;100;127;100;190;100;88;88;0;0.000;3.755;0.000;0.000;19.700;1.340;0.0;0.0;0;15;3.180;3.320;0.0;0;0.0;0;0;0;0;85;98;0;0;4101;0.00;0;0;0;0;0;0;0;0;0;0;0;0;0;0;0;0;15;0;98.0;98.0;0;0;0.00;0.00;0.00;0.0;0.0
109.164;118;0;98;0;0.0;15.000;1.020;41;48;0;0;100;99;100;127;100;190;100;88;88;0;0.000;3.755;0.000;0.000;19.700;1.340;0.0;0.0;0;15;3.180;3.320;0.0;0;0.0;0;0;0;0;85;98;0;0;4101;0.00;0;0;0;0;0;0;0;0;0;0;0;0;0;0;0;0;15;0;98.0;98.0;0;0;0.00;0.00;0.00;0.0;0.0
109.230;118;0;98;0;0.0;15.000;1.020;41;48;0;0;100;99;100;127;100;190;100;88;88;0;0.000;3.755;0.000;0.000;19.700;1.340;0.0;0.0;0;15;3.180;3.320;0.0;0;0.0;0;0;0;0;85;98;0;0;4101;0.00;0;0;0;0;0;0;0;0;0;0;0;0;0;0;0;0;15;0;98.0;98.0;0;0;0.00;0.00;0.00;0.0;0.0
109.297;118;0;98;0;0.0;15.100;1.027;41;48;0;0;100;99;100;127;100;190;100;88;88;0;0.000;3.755;0.000;0.000;19.700;1.340;0.0;0.0;0;15;3.180;3.320;0.0;0;0.0;0;0;0;0;85;98;0;0;4101;0.00;0;0;0;0;0;0;0;0;0;0;0;0;0;0;0;0;15;0;98.0;98.0;0;0;0.00;0.00;0.00;0.0;0.0
109.362;118;0;98;0;0.0;15.000;1.020;41;48;0;0;100;99;100;127;100;190;100;88;88;0;0.000;3.755;0.000;0.000;19.700;1.340;0.0;0.0;0;15;3.180;3.320;0.0;0;0.0;0;0;0;0;85;98;0;0;4101;0.00;0;0;0;0;0;0;0;0;0;0;0;0;0;0;0;0;15;0;98.0;98.0;0;0;0.00;0.00;0.00;0.0;0.0
109.430;118;0;98;0;0.0;15.000;1.020;41;48;0;0;100;99;100;127;100;190;100;88;88;0;0.000;3.755;0.000;0.000;19.700;1.340;0.0;0.0;0;15;3.180;3.320;0.0;0;0.0;0;0;0;0;85;98;0;0;4101;0.00;0;0;0;0;0;0;0;0;0;0;0;0;0;0;0;0;15;0;98.0;98.0;0;0;0.00;0.00;0.00;0.0;0.0
109.496;118;0;98;0;0.0;15.000;1.020;41;48;0;0;100;99;100;127;100;190;100;88;88;0;0.000;3.755;0.000;0.000;19.700;1.340;0.0;0.0;0;15;3.180;3.320;0.0;0;0.0;0;0;0;0;85;98;0;0;4101;0.00;0;0;0;0;0;0;0;0;0;0;0;0;0;0;0;0;15;0;98.0;98.0;0;0;0.00;0.00;0.00;0.0;0.0
109.562;118;0;98;0;0.0;15.000;1.020;41;48;0;0;100;99;100;127;100;190;100;88;88;0;0.000;3.755;0.000;0.000;19.700;1.340;0.0;0.0;0;15;3.180;3.320;0.0;0;0.0;0;0;0;0;85;98;0;0;4101;0.00;0;0;0;0;0;0;0;0;0;0;0;0;0;0;0;0;15;0;98.0;98.0;0;0;0.00;0.00;0.00;0.0;0.0
109.629;118;0;98;0;0.0;15.000;1.020;41;48;0;0;100;99;100;127;100;190;100;88;88;0;0.000;3.755;0.000;0.000;19.700;1.340;0.0;0.0;0;15;3.180;3.320;0.0;0;0.0;0;0;0;0;85;98;0;0;4101;0.00;0;0;0;0;0;0;0;0;0;0;0;0;0;0;0;0;15;0;98.0;98.0;0;0;0.00;0.00;0.00;0.0;0.0
109.696;119;0;98;0;0.0;15.100;1.027;41;48;0;0;100;99;100;127;100;190;100;88;88;0;0.000;3.755;0.000;0.000;19.700;1.340;0.0;0.0;0;15;3.180;3.320;0.0;0;0.0;0;0;0;0;85;98;0;0;4104;0.00;0;0;0;0;0;0;0;0;0;0;0;0;0;0;0;0;15;0;98.0;98.0;0;0;0.00;0.00;0.00;0.0;0.0
109.764;119;0;98;0;0.0;15.100;1.027;41;48;0;0;100;99;100;127;100;190;100;88;88;0;0.000;3.755;0.000;0.000;19.700;1.340;0.0;0.0;0;15;3.180;3.320;0.0;0;0.0;0;0;0;0;85;98;0;0;4104;0.00;0;0;0;0;0;0;0;0;0;0;0;0;0;0;0;0;15;0;98.0;98.0;0;0;0.00;0.00;0.00;0.0;0.0
109.829;119;0;98;0;0.0;15.000;1.020;41;48;0;0;100;99;100;127;100;190;100;88;88;0;0.000;3.755;0.000;0.000;19.700;1.340;0.0;0.0;0;15;3.180;3.320;0.0;0;0.0;0;0;0;0;85;98;0;0;4104;0.00;0;0;0;0;0;0;0;0;0;0;0;0;0;0;0;0;15;0;98.0;98.0;0;0;0.00;0.00;0.00;0.0;0.0
109.893;119;0;98;0;0.0;15.100;1.027;41;48;0;0;100;99;100;127;100;190;100;88;88;0;0.000;3.755;0.000;0.000;19.700;1.340;0.0;0.0;0;15;3.180;3.320;0.0;0;0.0;0;0;0;0;85;98;0;0;4104;0.00;0;0;0;0;0;0;0;0;0;0;0;0;0;0;0;0;15;0;98.0;98.0;0;0;0.00;0.00;0.00;0.0;0.0
109.960;119;0;98;0;0.0;15.000;1.020;41;48;0;0;100;99;100;127;100;190;100;88;88;0;0.000;3.755;0.000;0.000;19.700;1.340;0.0;0.0;0;15;3.180;3.320;0.0;0;0.0;0;0;0;0;85;98;0;0;4104;0.00;0;0;0;0;0;0;0;0;0;0;0;0;0;0;0;0;15;0;98.0;98.0;0;0;0.00;0.00;0.00;0.0;0.0
110.028;119;0;98;0;0.0;15.000;1.020;41;48;0;0;100;99;100;127;100;190;100;88;88;0;0.000;3.755;0.000;0.000;19.700;1.340;0.0;0.0;0;15;3.180;3.320;0.0;0;0.0;0;0;0;0;85;98;0;0;4104;0.00;0;0;0;0;0;0;0;0;0;0;0;0;0;0;0;0;15;0;98.0;98.0;0;0;0.00;0.00;0.00;0.0;0.0
110.096;119;0;98;0;0.0;14.900;1.014;41;48;0;0;100;99;100;127;100;190;100;88;88;0;0.000;3.755;0.000;0.000;19.700;1.340;0.0;0.0;0;15;3.180;3.320;0.0;0;0.0;0;0;0;0;85;98;0;0;4104;0.00;0;0;0;0;0;0;0;0;0;0;0;0;0;0;0;0;15;0;98.0;98.0;0;0;0.00;0.00;0.00;0.0;0.0
110.172;119;0;98;0;0.0;14.900;1.014;41;48;0;0;100;99;100;127;100;190;100;88;88;0;0.000;3.755;0.000;0.000;19.700;1.340;0.0;0.0;0;15;3.180;3.320;0.0;0;0.0;0;0;0;0;85;98;0;0;4104;0.00;0;0;0;0;0;0;0;0;0;0;0;0;0;0;0;0;15;0;98.0;98.0;0;0;0.00;0.00;0.00;0.0;0.0
110.233;119;0;98;0;0.0;14.900;1.014;41;48;0;0;100;99;100;127;100;190;100;88;88;0;0.000;3.755;0.000;0.000;19.700;1.340;0.0;0.0;0;15;3.180;3.320;0.0;0;0.0;0;0;0;0;85;98;0;0;4104;0.00;0;0;0;0;0;0;0;0;0;0;0;0;0;0;0;0;15;0;98.0;98.0;0;0;0.00;0.00;0.00;0.0;0.0
110.300;119;0;98;0;0.0;15.000;1.020;41;48;0;0;100;99;100;127;100;190;100;88;88;0;0.000;3.755;0.000;0.000;19.700;1.340;0.0;0.0;0;15;3.180;3.320;0.0;0;0.0;0;0;0;0;85;98;0;0;4104;0.00;0;0;0;0;0;0;0;0;0;0;0;0;0;0;0;0;15;0;98.0;98.0;0;0;0.00;0.00;0.00;0.0;0.0
110.364;119;0;98;0;0.0;15.100;1.027;41;48;0;0;100;99;100;127;100;190;100;88;88;0;0.000;3.755;0.000;0.000;19.700;1.340;0.0;0.0;0;15;3.180;3.320;0.0;0;0.0;0;0;0;0;85;98;0;0;4104;0.00;0;0;0;0;0;0;0;0;0;0;0;0;0;0;0;0;15;0;98.0;98.0;0;0;0.00;0.00;0.00;0.0;0.0
110.433;119;0;98;0;0.0;15.000;1.020;41;48;0;0;100;99;100;127;100;190;100;88;88;0;0.000;3.755;0.000;0.000;19.700;1.340;0.0;0.0;0;15;3.180;3.320;0.0;0;0.0;0;0;0;0;85;98;0;0;4104;0.00;0;0;0;0;0;0;0;0;0;0;0;0;0;0;0;0;15;0;98.0;98.0;0;0;0.00;0.00;0.00;0.0;0.0
110.497;119;0;98;0;0.0;14.900;1.014;41;48;0;0;100;99;100;127;100;190;100;88;88;0;0.000;3.755;0.000;0.000;19.700;1.340;0.0;0.0;0;15;3.180;3.320;0.0;0;0.0;0;0;0;0;85;98;0;0;4104;0.00;0;0;0;0;0;0;0;0;0;0;0;0;0;0;0;0;15;0;98.0;98.0;0;0;0.00;0.00;0.00;0.0;0.0
110.561;119;0;98;0;0.0;15.100;1.027;41;48;0;0;100;99;100;127;100;190;100;88;88;0;0.000;3.755;0.000;0.000;19.700;1.340;0.0;0.0;0;15;3.180;3.320;0.0;0;0.0;0;0;0;0;85;98;0;0;4104;0.00;0;0;0;0;0;0;0;0;0;0;0;0;0;0;0;0;15;0;98.0;98.0;0;0;0.00;0.00;0.00;0.0;0.0
110.626;119;0;98;0;0.0;15.000;1.020;41;48;0;0;100;99;100;127;100;190;100;88;88;0;0.000;3.755;0.000;0.000;19.700;1.340;0.0;0.0;0;15;3.180;3.320;0.0;0;0.0;0;0;0;0;85;98;0;0;4104;0.00;0;0;0;0;0;0;0;0;0;0;0;0;0;0;0;0;15;0;98.0;98.0;0;0;0.00;0.00;0.00;0.0;0.0
110.692;120;0;98;0;0.0;15.000;1.020;41;48;0;0;100;99;100;127;100;190;100;88;88;0;0.000;3.755;0.000;0.000;19.700;1.340;0.0;0.0;0;15;3.180;3.320;0.0;0;0.0;0;0;0;0;85;98;0;0;4108;0.00;0;0;0;0;0;0;0;0;0;0;0;0;0;0;0;0;15;0;98.0;98.0;0;0;0.00;0.00;0.00;0.0;0.0
110.763;120;0;98;0;0.0;15.000;1.020;41;48;0;0;100;99;100;127;100;190;100;88;88;0;0.000;3.755;0.000;0.000;19.700;1.340;0.0;0.0;0;15;3.180;3.320;0.0;0;0.0;0;0;0;0;85;98;0;0;4108;0.00;0;0;0;0;0;0;0;0;0;0;0;0;0;0;0;0;15;0;98.0;98.0;0;0;0.00;0.00;0.00;0.0;0.0
110.828;120;0;98;0;0.0;15.100;1.027;41;48;0;0;100;99;100;127;100;190;100;88;88;0;0.000;3.755;0.000;0.000;19.700;1.340;0.0;0.0;0;15;3.180;3.320;0.0;0;0.0;0;0;0;0;85;98;0;0;4108;0.00;0;0;0;0;0;0;0;0;0;0;0;0;0;0;0;0;15;0;98.0;98.0;0;0;0.00;0.00;0.00;0.0;0.0
110.896;120;0;98;0;0.0;15.000;1.020;41;48;0;0;100;99;100;127;100;190;100;88;88;0;0.000;3.755;0.000;0.000;19.700;1.340;0.0;0.0;0;15;3.180;3.320;0.0;0;0.0;0;0;0;0;85;98;0;0;4108;0.00;0;0;0;0;0;0;0;0;0;0;0;0;0;0;0;0;15;0;98.0;98.0;0;0;0.00;0.00;0.00;0.0;0.0
110.961;120;0;98;0;0.0;15.000;1.020;41;48;0;0;100;99;100;127;100;190;100;88;88;0;0.000;3.755;0.000;0.000;19.700;1.340;0.0;0.0;0;15;3.180;3.320;0.0;0;0.0;0;0;0;0;85;98;0;0;4108;0.00;0;0;0;0;0;0;0;0;0;0;0;0;0;0;0;0;15;0;98.0;98.0;0;0;0.00;0.00;0.00;0.0;0.0
111.027;120;0;98;0;0.0;15.100;1.027;41;48;0;0;100;99;100;127;100;190;100;88;88;0;0.000;3.755;0.000;0.000;19.700;1.340;0.0;0.0;0;15;3.180;3.320;0.0;0;0.0;0;0;0;0;85;98;0;0;4108;0.00;0;0;0;0;0;0;0;0;0;0;0;0;0;0;0;0;15;0;98.0;98.0;0;0;0.00;0.00;0.00;0.0;0.0
111.092;120;0;98;0;0.0;15.000;1.020;41;48;0;0;100;99;100;127;100;190;100;88;88;0;0.000;3.755;0.000;0.000;19.700;1.340;0.0;0.0;0;15;3.180;3.320;0.0;0;0.0;0;0;0;0;85;98;0;0;4108;0.00;0;0;0;0;0;0;0;0;0;0;0;0;0;0;0;0;15;0;98.0;98.0;0;0;0.00;0.00;0.00;0.0;0.0
111.158;120;0;98;0;0.0;14.900;1.014;41;48;0;0;100;99;100;127;100;190;100;88;88;0;0.000;3.755;0.000;0.000;19.700;1.340;0.0;0.0;0;15;3.180;3.320;0.0;0;0.0;0;0;0;0;85;98;0;0;4108;0.00;0;0;0;0;0;0;0;0;0;0;0;0;0;0;0;0;15;0;98.0;98.0;0;0;0.00;0.00;0.00;0.0;0.0
111.228;120;0;98;0;0.0;15.100;1.027;41;48;0;0;100;99;100;127;100;190;100;88;88;0;0.000;3.755;0.000;0.000;19.700;1.340;0.0;0.0;0;15;3.180;3.320;0.0;0;0.0;0;0;0;0;85;98;0;0;4108;0.00;0;0;0;0;0;0;0;0;0;0;0;0;0;0;0;0;15;0;98.0;98.0;0;0;0.00;0.00;0.00;0.0;0.0
111.293;120;0;98;0;0.0;15.000;1.020;41;48;0;0;100;99;100;127;100;190;100;88;88;0;0.000;3.755;0.000;0.000;19.700;1.340;0.0;0.0;0;15;3.180;3.320;0.0;0;0.0;0;0;0;0;85;98;0;0;4108;0.00;0;0;0;0;0;0;0;0;0;0;0;0;0;0;0;0;15;0;98.0;98.0;0;0;0.00;0.00;0.00;0.0;0.0
111.360;120;0;98;0;0.0;15.000;1.020;41;48;0;0;100;99;100;127;100;190;100;88;88;0;0.000;3.755;0.000;0.000;19.700;1.340;0.0;0.0;0;15;3.180;3.320;0.0;0;0.0;0;0;0;0;85;98;0;0;4108;0.00;0;0;0;0;0;0;0;0;0;0;0;0;0;0;0;0;15;0;98.0;98.0;0;0;0.00;0.00;0.00;0.0;0.0
111.429;120;0;98;0;0.0;15.100;1.027;41;48;0;0;100;99;100;127;100;190;100;88;88;0;0.000;3.755;0.000;0.000;19.700;1.340;0.0;0.0;0;15;3.180;3.320;0.0;0;0.0;0;0;0;0;85;98;0;0;4108;0.00;0;0;0;0;0;0;0;0;0;0;0;0;0;0;0;0;15;0;98.0;98.0;0;0;0.00;0.00;0.00;0.0;0.0
111.429;120;0;98;0;0.0;15.000;1.020;41;48;0;0;100;99;100;127;100;190;100;88;88;0;0.000;3.755;0.000;0.000;19.700;1.340;0.0;0.0;0;15;3.180;3.320;0.0;0;0.0;0;0;0;0;85;98;0;0;4108;0.00;0;0;0;0;0;0;0;0;0;0;0;0;0;0;0;0;15;0;98.0;98.0;0;0;0.00;0.00;0.00;0.0;0.0
111.560;120;0;98;0;0.0;15.000;1.020;41;48;0;0;100;99;100;127;100;190;100;88;88;0;0.000;3.755;0.000;0.000;19.700;1.340;0.0;0.0;0;15;3.180;3.320;0.0;0;0.0;0;0;0;0;85;98;0;0;4108;0.00;0;0;0;0;0;0;0;0;0;0;0;0;0;0;0;0;15;0;98.0;98.0;0;0;0.00;0.00;0.00;0.0;0.0
111.560;120;0;98;0;0.0;15.000;1.020;41;48;0;0;100;99;100;127;100;190;100;88;88;0;0.000;3.755;0.000;0.000;19.700;1.340;0.0;0.0;0;15;3.180;3.320;0.0;0;0.0;0;0;0;0;85;98;0;0;4108;0.00;0;0;0;0;0;0;0;0;0;0;0;0;0;0;0;0;15;0;98.0;98.0;0;0;0.00;0.00;0.00;0.0;0.0
111.695;121;0;98;0;0.0;15.100;1.027;41;48;0;0;100;99;100;127;100;190;100;88;88;0;0.000;3.755;0.000;0.000;19.700;1.340;0.0;0.0;0;15;3.180;3.320;0.0;0;0.0;0;0;0;0;85;98;0;0;4108;0.00;0;0;0;0;0;0;0;0;0;0;0;0;0;0;0;0;15;0;98.0;98.0;0;0;0.00;0.00;0.00;0.0;0.0
111.760;121;0;98;0;0.0;15.000;1.020;41;48;0;0;100;99;100;127;100;190;100;88;88;0;0.000;3.755;0.000;0.000;19.700;1.340;0.0;0.0;0;15;3.180;3.320;0.0;0;0.0;0;0;0;0;85;98;0;0;4108;0.00;0;0;0;0;0;0;0;0;0;0;0;0;0;0;0;0;15;0;98.0;98.0;0;0;0.00;0.00;0.00;0.0;0.0
111.827;121;0;98;0;0.0;15.000;1.020;41;48;0;0;100;99;100;127;100;190;100;88;88;0;0.000;3.755;0.000;0.000;19.700;1.340;0.0;0.0;0;15;3.180;3.320;0.0;0;0.0;0;0;0;0;85;98;0;0;4108;0.00;0;0;0;0;0;0;0;0;0;0;0;0;0;0;0;0;15;0;98.0;98.0;0;0;0.00;0.00;0.00;0.0;0.0
111.892;121;0;98;0;0.0;15.000;1.020;41;48;0;0;100;99;100;127;100;190;100;88;88;0;0.000;3.755;0.000;0.000;19.700;1.340;0.0;0.0;0;15;3.180;3.320;0.0;0;0.0;0;0;0;0;85;98;0;0;4108;0.00;0;0;0;0;0;0;0;0;0;0;0;0;0;0;0;0;15;0;98.0;98.0;0;0;0.00;0.00;0.00;0.0;0.0
111.961;121;0;98;0;0.0;15.100;1.027;41;48;0;0;100;99;100;127;100;190;100;88;88;0;0.000;3.755;0.000;0.000;19.700;1.340;0.0;0.0;0;15;3.180;3.320;0.0;0;0.0;0;0;0;0;85;98;0;0;4108;0.00;0;0;0;0;0;0;0;0;0;0;0;0;0;0;0;0;15;0;98.0;98.0;0;0;0.00;0.00;0.00;0.0;0.0
112.026;121;0;98;0;0.0;15.000;1.020;41;48;0;0;100;99;100;127;100;190;100;88;88;0;0.000;3.755;0.000;0.000;19.700;1.340;0.0;0.0;0;15;3.180;3.320;0.0;0;0.0;0;0;0;0;85;98;0;0;4108;0.00;0;0;0;0;0;0;0;0;0;0;0;0;0;0;0;0;15;0;98.0;98.0;0;0;0.00;0.00;0.00;0.0;0.0
112.092;121;0;98;0;0.0;15.000;1.020;41;48;0;0;100;99;100;127;100;190;100;88;88;0;0.000;3.755;0.000;0.000;19.700;1.340;0.0;0.0;0;15;3.180;3.320;0.0;0;0.0;0;0;0;0;85;98;0;0;4108;0.00;0;0;0;0;0;0;0;0;0;0;0;0;0;0;0;0;15;0;98.0;98.0;0;0;0.00;0.00;0.00;0.0;0.0
112.157;121;0;98;0;0.0;15.100;1.027;41;48;0;0;100;99;100;127;100;190;100;88;88;0;0.000;3.755;0.000;0.000;19.700;1.340;0.0;0.0;0;15;3.180;3.320;0.0;0;0.0;0;0;0;0;85;98;0;0;4108;0.00;0;0;0;0;0;0;0;0;0;0;0;0;0;0;0;0;15;0;98.0;98.0;0;0;0.00;0.00;0.00;0.0;0.0
112.224;121;0;98;0;0.0;15.000;1.020;41;48;0;0;100;99;100;127;100;190;100;88;88;0;0.000;3.755;0.000;0.000;19.700;1.340;0.0;0.0;0;15;3.180;3.320;0.0;0;0.0;0;0;0;0;85;98;0;0;4108;0.00;0;0;0;0;0;0;0;0;0;0;0;0;0;0;0;0;15;0;98.0;98.0;0;0;0.00;0.00;0.00;0.0;0.0
112.224;121;0;98;0;0.0;15.000;1.020;41;48;0;0;100;99;100;127;100;190;100;88;88;0;0.000;3.755;0.000;0.000;19.700;1.340;0.0;0.0;0;15;3.180;3.320;0.0;0;0.0;0;0;0;0;85;98;0;0;4108;0.00;0;0;0;0;0;0;0;0;0;0;0;0;0;0;0;0;15;0;98.0;98.0;0;0;0.00;0.00;0.00;0.0;0.0
112.359;121;0;98;0;0.0;15.100;1.027;41;48;0;0;100;99;100;127;100;190;100;88;88;0;0.000;3.755;0.000;0.000;19.700;1.340;0.0;0.0;0;15;3.180;3.320;0.0;0;0.0;0;0;0;0;85;98;0;0;4108;0.00;0;0;0;0;0;0;0;0;0;0;0;0;0;0;0;0;15;0;98.0;98.0;0;0;0.00;0.00;0.00;0.0;0.0
112.427;121;0;98;0;0.0;15.000;1.020;41;48;0;0;100;99;100;127;100;190;100;88;88;0;0.000;3.755;0.000;0.000;19.700;1.340;0.0;0.0;0;15;3.180;3.320;0.0;0;0.0;0;0;0;0;85;98;0;0;4108;0.00;0;0;0;0;0;0;0;0;0;0;0;0;0;0;0;0;15;0;98.0;98.0;0;0;0.00;0.00;0.00;0.0;0.0
112.493;121;0;98;0;0.0;15.000;1.020;41;48;0;0;100;99;100;127;100;190;100;88;88;0;0.000;3.755;0.000;0.000;19.700;1.340;0.0;0.0;0;15;3.180;3.320;0.0;0;0.0;0;0;0;0;85;98;0;0;4108;0.00;0;0;0;0;0;0;0;0;0;0;0;0;0;0;0;0;15;0;98.0;98.0;0;0;0.00;0.00;0.00;0.0;0.0
112.560;121;0;98;0;0.0;15.000;1.020;41;48;0;0;100;99;100;127;100;190;100;88;88;0;0.000;3.755;0.000;0.000;19.700;1.340;0.0;0.0;0;15;3.180;3.320;0.0;0;0.0;0;0;0;0;85;98;0;0;4108;0.00;0;0;0;0;0;0;0;0;0;0;0;0;0;0;0;0;15;0;98.0;98.0;0;0;0.00;0.00;0.00;0.0;0.0
112.628;121;0;98;0;0.0;15.000;1.020;41;48;0;0;100;99;100;127;100;190;100;88;88;0;0.000;3.755;0.000;0.000;19.700;1.340;0.0;0.0;0;15;3.180;3.320;0.0;0;0.0;0;0;0;0;85;98;0;0;4108;0.00;0;0;0;0;0;0;0;0;0;0;0;0;0;0;0;0;15;0;98.0;98.0;0;0;0.00;0.00;0.00;0.0;0.0
112.695;121;0;98;0;0.0;15.000;1.020;41;48;0;0;100;99;100;127;100;190;100;88;88;0;0.000;3.755;0.000;0.000;19.700;1.340;0.0;0.0;0;15;3.180;3.320;0.0;0;0.0;0;0;0;0;85;98;0;0;4108;0.00;0;0;0;0;0;0;0;0;0;0;0;0;0;0;0;0;15;0;98.0;98.0;0;0;0.00;0.00;0.00;0.0;0.0
112.760;122;0;98;0;0.0;15.000;1.020;41;48;0;0;100;99;100;127;100;190;100;88;88;0;0.000;3.755;0.000;0.000;19.700;1.340;0.0;0.0;0;15;3.180;3.320;0.0;0;0.0;0;0;0;0;85;98;0;0;4092;0.00;0;0;0;0;0;0;0;0;0;0;0;0;0;0;0;0;15;0;98.0;98.0;0;0;0.00;0.00;0.00;0.0;0.0
112.825;122;0;98;0;0.0;15.000;1.020;41;48;0;0;100;99;100;127;100;190;100;88;88;0;0.000;3.755;0.000;0.000;19.700;1.340;0.0;0.0;0;15;3.180;3.320;0.0;0;0.0;0;0;0;0;85;98;0;0;4092;0.00;0;0;0;0;0;0;0;0;0;0;0;0;0;0;0;0;15;0;98.0;98.0;0;0;0.00;0.00;0.00;0.0;0.0
112.891;122;0;98;0;0.0;15.000;1.020;41;48;0;0;100;99;100;127;100;190;100;88;88;0;0.000;3.755;0.000;0.000;19.700;1.340;0.0;0.0;0;15;3.180;3.320;0.0;0;0.0;0;0;0;0;85;98;0;0;4092;0.00;0;0;0;0;0;0;0;0;0;0;0;0;0;0;0;0;15;0;98.0;98.0;0;0;0.00;0.00;0.00;0.0;0.0
112.955;122;0;98;0;0.0;15.000;1.020;41;48;0;0;100;99;100;127;100;190;100;88;88;0;0.000;3.755;0.000;0.000;19.700;1.340;0.0;0.0;0;15;3.180;3.320;0.0;0;0.0;0;0;0;0;85;98;0;0;4092;0.00;0;0;0;0;0;0;0;0;0;0;0;0;0;0;0;0;15;0;98.0;98.0;0;0;0.00;0.00;0.00;0.0;0.0
113.022;122;0;98;0;0.0;15.100;1.027;41;48;0;0;100;99;100;127;100;190;100;88;88;0;0.000;3.755;0.000;0.000;19.700;1.340;0.0;0.0;0;15;3.180;3.320;0.0;0;0.0;0;0;0;0;85;98;0;0;4092;0.00;0;0;0;0;0;0;0;0;0;0;0;0;0;0;0;0;15;0;98.0;98.0;0;0;0.00;0.00;0.00;0.0;0.0
113.091;122;0;98;0;0.0;15.000;1.020;41;48;0;0;100;99;100;127;100;190;100;88;88;0;0.000;3.755;0.000;0.000;19.700;1.340;0.0;0.0;0;15;3.180;3.320;0.0;0;0.0;0;0;0;0;85;98;0;0;4092;0.00;0;0;0;0;0;0;0;0;0;0;0;0;0;0;0;0;15;0;98.0;98.0;0;0;0.00;0.00;0.00;0.0;0.0
113.156;122;0;98;0;0.0;15.000;1.020;41;48;0;0;100;99;100;127;100;190;100;88;88;0;0.000;3.755;0.000;0.000;19.700;1.340;0.0;0.0;0;15;3.180;3.320;0.0;0;0.0;0;0;0;0;85;98;0;0;4092;0.00;0;0;0;0;0;0;0;0;0;0;0;0;0;0;0;0;15;0;98.0;98.0;0;0;0.00;0.00;0.00;0.0;0.0
113.226;122;0;98;0;0.0;15.100;1.027;41;48;0;0;100;99;100;127;100;190;100;88;88;0;0.000;3.755;0.000;0.000;19.700;1.340;0.0;0.0;0;15;3.180;3.320;0.0;0;0.0;0;0;0;0;85;98;0;0;4092;0.00;0;0;0;0;0;0;0;0;0;0;0;0;0;0;0;0;15;0;98.0;98.0;0;0;0.00;0.00;0.00;0.0;0.0
113.293;122;0;98;0;0.0;15.100;1.027;41;48;0;0;100;99;100;127;100;190;100;88;88;0;0.000;3.755;0.000;0.000;19.700;1.340;0.0;0.0;0;15;3.180;3.320;0.0;0;0.0;0;0;0;0;85;98;0;0;4092;0.00;0;0;0;0;0;0;0;0;0;0;0;0;0;0;0;0;15;0;98.0;98.0;0;0;0.00;0.00;0.00;0.0;0.0
113.362;122;0;98;0;0.0;15.000;1.020;41;48;0;0;100;99;100;127;100;190;100;88;88;0;0.000;3.755;0.000;0.000;19.700;1.340;0.0;0.0;0;15;3.180;3.320;0.0;0;0.0;0;0;0;0;85;98;0;0;4092;0.00;0;0;0;0;0;0;0;0;0;0;0;0;0;0;0;0;15;0;98.0;98.0;0;0;0.00;0.00;0.00;0.0;0.0
113.428;122;0;98;0;0.0;15.000;1.020;41;48;0;0;100;99;100;127;100;190;100;88;88;0;0.000;3.755;0.000;0.000;19.700;1.340;0.0;0.0;0;15;3.180;3.320;0.0;0;0.0;0;0;0;0;85;98;0;0;4092;0.00;0;0;0;0;0;0;0;0;0;0;0;0;0;0;0;0;15;0;98.0;98.0;0;0;0.00;0.00;0.00;0.0;0.0
113.493;122;0;98;0;0.0;15.000;1.020;41;48;0;0;100;99;100;127;100;190;100;88;88;0;0.000;3.755;0.000;0.000;19.700;1.340;0.0;0.0;0;15;3.180;3.320;0.0;0;0.0;0;0;0;0;85;98;0;0;4092;0.00;0;0;0;0;0;0;0;0;0;0;0;0;0;0;0;0;15;0;98.0;98.0;0;0;0.00;0.00;0.00;0.0;0.0
113.558;122;0;98;0;0.0;15.000;1.020;41;48;0;0;100;99;100;127;100;190;100;88;88;0;0.000;3.755;0.000;0.000;19.700;1.340;0.0;0.0;0;15;3.180;3.320;0.0;0;0.0;0;0;0;0;85;98;0;0;4092;0.00;0;0;0;0;0;0;0;0;0;0;0;0;0;0;0;0;15;0;98.0;98.0;0;0;0.00;0.00;0.00;0.0;0.0
113.628;122;0;98;0;0.0;15.100;1.027;41;48;0;0;100;99;100;127;100;190;100;88;88;0;0.000;3.755;0.000;0.000;19.700;1.340;0.0;0.0;0;15;3.180;3.320;0.0;0;0.0;0;0;0;0;85;98;0;0;4092;0.00;0;0;0;0;0;0;0;0;0;0;0;0;0;0;0;0;15;0;98.0;98.0;0;0;0.00;0.00;0.00;0.0;0.0
113.693;122;0;98;0;0.0;15.000;1.020;41;48;0;0;100;99;100;127;100;190;100;88;88;0;0.000;3.755;0.000;0.000;19.700;1.340;0.0;0.0;0;15;3.180;3.320;0.0;0;0.0;0;0;0;0;85;98;0;0;4092;0.00;0;0;0;0;0;0;0;0;0;0;0;0;0;0;0;0;15;0;98.0;98.0;0;0;0.00;0.00;0.00;0.0;0.0
113.761;123;0;98;0;0.0;15.000;1.020;41;48;0;0;100;99;100;127;100;190;100;88;88;0;0.000;3.755;0.000;0.000;19.700;1.340;0.0;0.0;0;15;3.180;3.320;0.0;0;0.0;0;0;0;0;85;98;0;0;4103;0.00;0;0;0;0;0;0;0;0;0;0;0;0;0;0;0;0;15;0;98.0;98.0;0;0;0.00;0.00;0.00;0.0;0.0
113.829;123;0;98;0;0.0;15.000;1.020;41;48;0;0;100;99;100;127;100;190;100;88;88;0;0.000;3.755;0.000;0.000;19.700;1.340;0.0;0.0;0;15;3.180;3.320;0.0;0;0.0;0;0;0;0;85;98;0;0;4103;0.00;0;0;0;0;0;0;0;0;0;0;0;0;0;0;0;0;15;0;98.0;98.0;0;0;0.00;0.00;0.00;0.0;0.0
113.895;123;0;98;0;0.0;15.100;1.027;41;48;0;0;100;99;100;127;100;190;100;88;88;0;0.000;3.755;0.000;0.000;19.700;1.340;0.0;0.0;0;15;3.180;3.320;0.0;0;0.0;0;0;0;0;85;98;0;0;4103;0.00;0;0;0;0;0;0;0;0;0;0;0;0;0;0;0;0;15;0;98.0;98.0;0;0;0.00;0.00;0.00;0.0;0.0
113.959;123;0;98;0;0.0;15.100;1.027;41;48;0;0;100;99;100;127;100;190;100;88;88;0;0.000;3.755;0.000;0.000;19.700;1.340;0.0;0.0;0;15;3.180;3.320;0.0;0;0.0;0;0;0;0;85;98;0;0;4103;0.00;0;0;0;0;0;0;0;0;0;0;0;0;0;0;0;0;15;0;98.0;98.0;0;0;0.00;0.00;0.00;0.0;0.0
114.028;123;0;98;0;0.0;15.000;1.020;41;48;0;0;100;99;100;127;100;190;100;88;88;0;0.000;3.755;0.000;0.000;19.700;1.340;0.0;0.0;0;15;3.180;3.320;0.0;0;0.0;0;0;0;0;85;98;0;0;4103;0.00;0;0;0;0;0;0;0;0;0;0;0;0;0;0;0;0;15;0;98.0;98.0;0;0;0.00;0.00;0.00;0.0;0.0
114.096;123;0;98;0;0.0;15.100;1.027;41;48;0;0;100;99;100;127;100;190;100;88;88;0;0.000;3.755;0.000;0.000;19.700;1.340;0.0;0.0;0;15;3.180;3.320;0.0;0;0.0;0;0;0;0;85;98;0;0;4103;0.00;0;0;0;0;0;0;0;0;0;0;0;0;0;0;0;0;15;0;98.0;98.0;0;0;0.00;0.00;0.00;0.0;0.0
114.160;123;0;98;0;0.0;15.100;1.027;41;48;0;0;100;99;100;127;100;190;100;88;88;0;0.000;3.755;0.000;0.000;19.700;1.340;0.0;0.0;0;15;3.180;3.320;0.0;0;0.0;0;0;0;0;85;98;0;0;4103;0.00;0;0;0;0;0;0;0;0;0;0;0;0;0;0;0;0;15;0;98.0;98.0;0;0;0.00;0.00;0.00;0.0;0.0
114.225;123;0;98;0;0.0;15.000;1.020;41;48;0;0;100;99;100;127;100;190;100;88;88;0;0.000;3.755;0.000;0.000;19.700;1.340;0.0;0.0;0;15;3.180;3.320;0.0;0;0.0;0;0;0;0;85;98;0;0;4103;0.00;0;0;0;0;0;0;0;0;0;0;0;0;0;0;0;0;15;0;98.0;98.0;0;0;0.00;0.00;0.00;0.0;0.0
114.293;123;0;98;0;0.0;15.000;1.020;41;48;0;0;100;99;100;127;100;190;100;88;88;0;0.000;3.755;0.000;0.000;19.700;1.340;0.0;0.0;0;15;3.180;3.320;0.0;0;0.0;0;0;0;0;85;98;0;0;4103;0.00;0;0;0;0;0;0;0;0;0;0;0;0;0;0;0;0;15;0;98.0;98.0;0;0;0.00;0.00;0.00;0.0;0.0
114.361;123;0;98;0;0.0;15.100;1.027;41;48;0;0;100;99;100;127;100;190;100;88;88;0;0.000;3.755;0.000;0.000;19.700;1.340;0.0;0.0;0;15;3.180;3.320;0.0;0;0.0;0;0;0;0;85;98;0;0;4103;0.00;0;0;0;0;0;0;0;0;0;0;0;0;0;0;0;0;15;0;98.0;98.0;0;0;0.00;0.00;0.00;0.0;0.0
114.429;123;0;98;0;0.0;15.100;1.027;41;48;0;0;100;99;100;127;100;190;100;88;88;0;0.000;3.755;0.000;0.000;19.700;1.340;0.0;0.0;0;15;3.180;3.320;0.0;0;0.0;0;0;0;0;85;98;0;0;4103;0.00;0;0;0;0;0;0;0;0;0;0;0;0;0;0;0;0;15;0;98.0;98.0;0;0;0.00;0.00;0.00;0.0;0.0
114.497;123;0;98;0;0.0;15.000;1.020;41;48;0;0;100;99;100;127;100;190;100;88;88;0;0.000;3.755;0.000;0.000;19.700;1.340;0.0;0.0;0;15;3.180;3.320;0.0;0;0.0;0;0;0;0;85;98;0;0;4103;0.00;0;0;0;0;0;0;0;0;0;0;0;0;0;0;0;0;15;0;98.0;98.0;0;0;0.00;0.00;0.00;0.0;0.0
114.562;123;0;98;0;0.0;15.000;1.020;41;48;0;0;100;99;100;127;100;190;100;88;88;0;0.000;3.755;0.000;0.000;19.700;1.340;0.0;0.0;0;15;3.180;3.320;0.0;0;0.0;0;0;0;0;85;98;0;0;4103;0.00;0;0;0;0;0;0;0;0;0;0;0;0;0;0;0;0;15;0;98.0;98.0;0;0;0.00;0.00;0.00;0.0;0.0
114.627;123;0;98;0;0.0;15.000;1.020;41;48;0;0;100;99;100;127;100;190;100;88;88;0;0.000;3.755;0.000;0.000;19.700;1.340;0.0;0.0;0;15;3.180;3.320;0.0;0;0.0;0;0;0;0;85;98;0;0;4103;0.00;0;0;0;0;0;0;0;0;0;0;0;0;0;0;0;0;15;0;98.0;98.0;0;0;0.00;0.00;0.00;0.0;0.0
114.693;123;0;98;0;0.0;15.000;1.020;41;48;0;0;100;99;100;127;100;190;100;88;88;0;0.000;3.755;0.000;0.000;19.700;1.340;0.0;0.0;0;15;3.180;3.320;0.0;0;0.0;0;0;0;0;85;98;0;0;4103;0.00;0;0;0;0;0;0;0;0;0;0;0;0;0;0;0;0;15;0;98.0;98.0;0;0;0.00;0.00;0.00;0.0;0.0
114.760;124;0;98;0;0.0;15.000;1.020;41;48;0;0;100;99;100;127;100;190;100;88;88;0;0.000;3.755;0.000;0.000;19.700;1.340;0.0;0.0;0;15;3.180;3.320;0.0;0;0.0;0;0;0;0;85;98;0;0;4108;0.00;0;0;0;0;0;0;0;0;0;0;0;0;0;0;0;0;15;0;98.0;98.0;0;0;0.00;0.00;0.00;0.0;0.0
114.830;124;0;98;0;0.0;15.100;1.027;41;48;0;0;100;99;100;127;100;190;100;88;88;0;0.000;3.755;0.000;0.000;19.700;1.340;0.0;0.0;0;15;3.180;3.320;0.0;0;0.0;0;0;0;0;85;98;0;0;4108;0.00;0;0;0;0;0;0;0;0;0;0;0;0;0;0;0;0;15;0;98.0;98.0;0;0;0.00;0.00;0.00;0.0;0.0
114.895;124;0;98;0;0.0;15.100;1.027;41;48;0;0;100;99;100;127;100;190;100;88;88;0;0.000;3.755;0.000;0.000;19.700;1.340;0.0;0.0;0;15;3.180;3.320;0.0;0;0.0;0;0;0;0;85;98;0;0;4108;0.00;0;0;0;0;0;0;0;0;0;0;0;0;0;0;0;0;15;0;98.0;98.0;0;0;0.00;0.00;0.00;0.0;0.0
114.964;124;0;98;0;0.0;15.000;1.020;41;48;0;0;100;99;100;127;100;190;100;88;88;0;0.000;3.755;0.000;0.000;19.700;1.340;0.0;0.0;0;15;3.180;3.320;0.0;0;0.0;0;0;0;0;85;98;0;0;4108;0.00;0;0;0;0;0;0;0;0;0;0;0;0;0;0;0;0;15;0;98.0;98.0;0;0;0.00;0.00;0.00;0.0;0.0
115.029;124;0;98;0;0.0;15.100;1.027;41;48;0;0;100;99;100;127;100;190;100;88;88;0;0.000;3.755;0.000;0.000;19.700;1.340;0.0;0.0;0;15;3.180;3.320;0.0;0;0.0;0;0;0;0;85;98;0;0;4108;0.00;0;0;0;0;0;0;0;0;0;0;0;0;0;0;0;0;15;0;98.0;98.0;0;0;0.00;0.00;0.00;0.0;0.0
115.095;124;0;98;0;0.0;15.000;1.020;41;48;0;0;100;99;100;127;100;190;100;88;88;0;0.000;3.755;0.000;0.000;19.700;1.340;0.0;0.0;0;15;3.180;3.320;0.0;0;0.0;0;0;0;0;85;98;0;0;4108;0.00;0;0;0;0;0;0;0;0;0;0;0;0;0;0;0;0;15;0;98.0;98.0;0;0;0.00;0.00;0.00;0.0;0.0
115.160;124;0;98;0;0.0;15.000;1.020;41;48;0;0;100;99;100;127;100;190;100;88;88;0;0.000;3.755;0.000;0.000;19.700;1.340;0.0;0.0;0;15;3.180;3.320;0.0;0;0.0;0;0;0;0;85;98;0;0;4108;0.00;0;0;0;0;0;0;0;0;0;0;0;0;0;0;0;0;15;0;98.0;98.0;0;0;0.00;0.00;0.00;0.0;0.0
115.227;124;0;98;0;0.0;15.100;1.027;41;48;0;0;100;99;100;127;100;190;100;88;88;0;0.000;3.755;0.000;0.000;19.700;1.340;0.0;0.0;0;15;3.180;3.320;0.0;0;0.0;0;0;0;0;85;98;0;0;4108;0.00;0;0;0;0;0;0;0;0;0;0;0;0;0;0;0;0;15;0;98.0;98.0;0;0;0.00;0.00;0.00;0.0;0.0
115.297;124;0;98;0;0.0;15.100;1.027;41;48;0;0;100;99;100;127;100;190;100;88;88;0;0.000;3.755;0.000;0.000;19.700;1.340;0.0;0.0;0;15;3.180;3.320;0.0;0;0.0;0;0;0;0;85;98;0;0;4108;0.00;0;0;0;0;0;0;0;0;0;0;0;0;0;0;0;0;15;0;98.0;98.0;0;0;0.00;0.00;0.00;0.0;0.0
115.362;124;0;98;0;0.0;15.000;1.020;41;48;0;0;100;99;100;127;100;190;100;88;88;0;0.000;3.755;0.000;0.000;19.700;1.340;0.0;0.0;0;15;3.180;3.320;0.0;0;0.0;0;0;0;0;85;98;0;0;4108;0.00;0;0;0;0;0;0;0;0;0;0;0;0;0;0;0;0;15;0;98.0;98.0;0;0;0.00;0.00;0.00;0.0;0.0
115.427;124;0;98;0;0.0;15.000;1.020;41;48;0;0;100;99;100;127;100;190;100;88;88;0;0.000;3.755;0.000;0.000;19.700;1.340;0.0;0.0;0;15;3.180;3.320;0.0;0;0.0;0;0;0;0;85;98;0;0;4108;0.00;0;0;0;0;0;0;0;0;0;0;0;0;0;0;0;0;15;0;98.0;98.0;0;0;0.00;0.00;0.00;0.0;0.0
115.493;124;0;98;0;0.0;15.000;1.020;41;48;0;0;100;99;100;127;100;190;100;88;88;0;0.000;3.755;0.000;0.000;19.700;1.340;0.0;0.0;0;15;3.180;3.320;0.0;0;0.0;0;0;0;0;85;98;0;0;4108;0.00;0;0;0;0;0;0;0;0;0;0;0;0;0;0;0;0;15;0;98.0;98.0;0;0;0.00;0.00;0.00;0.0;0.0
115.561;124;0;98;0;0.0;15.000;1.020;41;48;0;0;100;99;100;127;100;190;100;88;88;0;0.000;3.755;0.000;0.000;19.700;1.340;0.0;0.0;0;15;3.180;3.320;0.0;0;0.0;0;0;0;0;85;98;0;0;4108;0.00;0;0;0;0;0;0;0;0;0;0;0;0;0;0;0;0;15;0;98.0;98.0;0;0;0.00;0.00;0.00;0.0;0.0
115.627;124;0;98;0;0.0;15.000;1.020;41;48;0;0;100;99;100;127;100;190;100;88;88;0;0.000;3.755;0.000;0.000;19.700;1.340;0.0;0.0;0;15;3.180;3.320;0.0;0;0.0;0;0;0;0;85;98;0;0;4108;0.00;0;0;0;0;0;0;0;0;0;0;0;0;0;0;0;0;15;0;98.0;98.0;0;0;0.00;0.00;0.00;0.0;0.0
115.693;124;0;98;0;0.0;15.000;1.020;41;48;0;0;100;99;100;127;100;190;100;88;88;0;0.000;3.755;0.000;0.000;19.700;1.340;0.0;0.0;0;15;3.180;3.320;0.0;0;0.0;0;0;0;0;85;98;0;0;4108;0.00;0;0;0;0;0;0;0;0;0;0;0;0;0;0;0;0;15;0;98.0;98.0;0;0;0.00;0.00;0.00;0.0;0.0
115.761;125;0;98;0;0.0;15.000;1.020;41;48;0;0;100;99;100;127;100;190;100;88;88;0;0.000;3.755;0.000;0.000;19.700;1.340;0.0;0.0;0;15;3.180;3.320;0.0;0;0.0;0;0;0;0;85;98;0;0;4108;0.00;0;0;0;0;0;0;0;0;0;0;0;0;0;0;0;0;15;0;98.0;98.0;0;0;0.00;0.00;0.00;0.0;0.0
115.828;125;0;98;0;0.0;15.100;1.027;41;48;0;0;100;99;100;127;100;190;100;88;88;0;0.000;3.755;0.000;0.000;19.700;1.340;0.0;0.0;0;15;3.180;3.320;0.0;0;0.0;0;0;0;0;85;98;0;0;4108;0.00;0;0;0;0;0;0;0;0;0;0;0;0;0;0;0;0;15;0;98.0;98.0;0;0;0.00;0.00;0.00;0.0;0.0
115.894;125;0;98;0;0.0;15.100;1.027;41;48;0;0;100;99;100;127;100;190;100;88;88;0;0.000;3.755;0.000;0.000;19.700;1.340;0.0;0.0;0;15;3.180;3.320;0.0;0;0.0;0;0;0;0;85;98;0;0;4108;0.00;0;0;0;0;0;0;0;0;0;0;0;0;0;0;0;0;15;0;98.0;98.0;0;0;0.00;0.00;0.00;0.0;0.0
115.966;125;0;98;0;0.0;15.100;1.027;41;48;0;0;100;99;100;127;100;190;100;88;88;0;0.000;3.755;0.000;0.000;19.700;1.340;0.0;0.0;0;15;3.180;3.320;0.0;0;0.0;0;0;0;0;85;98;0;0;4108;0.00;0;0;0;0;0;0;0;0;0;0;0;0;0;0;0;0;15;0;98.0;98.0;0;0;0.00;0.00;0.00;0.0;0.0
116.028;125;0;98;0;0.0;15.100;1.027;41;48;0;0;100;99;100;127;100;190;100;88;88;0;0.000;3.755;0.000;0.000;19.700;1.340;0.0;0.0;0;15;3.180;3.320;0.0;0;0.0;0;0;0;0;85;98;0;0;4108;0.00;0;0;0;0;0;0;0;0;0;0;0;0;0;0;0;0;15;0;98.0;98.0;0;0;0.00;0.00;0.00;0.0;0.0
116.094;125;0;98;0;0.0;15.100;1.027;41;48;0;0;100;99;100;127;100;190;100;88;88;0;0.000;3.755;0.000;0.000;19.700;1.340;0.0;0.0;0;15;3.180;3.320;0.0;0;0.0;0;0;0;0;85;98;0;0;4108;0.00;0;0;0;0;0;0;0;0;0;0;0;0;0;0;0;0;15;0;98.0;98.0;0;0;0.00;0.00;0.00;0.0;0.0
116.161;125;0;98;0;0.0;15.000;1.020;41;48;0;0;100;99;100;127;100;190;100;88;88;0;0.000;3.755;0.000;0.000;19.700;1.340;0.0;0.0;0;15;3.180;3.320;0.0;0;0.0;0;0;0;0;85;98;0;0;4108;0.00;0;0;0;0;0;0;0;0;0;0;0;0;0;0;0;0;15;0;98.0;98.0;0;0;0.00;0.00;0.00;0.0;0.0
116.229;125;0;98;0;0.0;15.000;1.020;41;48;0;0;100;99;100;127;100;190;100;88;88;0;0.000;3.755;0.000;0.000;19.700;1.340;0.0;0.0;0;15;3.180;3.320;0.0;0;0.0;0;0;0;0;85;98;0;0;4108;0.00;0;0;0;0;0;0;0;0;0;0;0;0;0;0;0;0;15;0;98.0;98.0;0;0;0.00;0.00;0.00;0.0;0.0
116.295;125;0;98;0;0.0;15.100;1.027;41;48;0;0;100;99;100;127;100;190;100;88;88;0;0.000;3.755;0.000;0.000;19.700;1.340;0.0;0.0;0;15;3.180;3.320;0.0;0;0.0;0;0;0;0;85;98;0;0;4108;0.00;0;0;0;0;0;0;0;0;0;0;0;0;0;0;0;0;15;0;98.0;98.0;0;0;0.00;0.00;0.00;0.0;0.0
116.364;125;0;98;0;0.0;15.100;1.027;41;48;0;0;100;99;100;127;100;190;100;88;88;0;0.000;3.755;0.000;0.000;19.700;1.340;0.0;0.0;0;15;3.180;3.320;0.0;0;0.0;0;0;0;0;85;98;0;0;4108;0.00;0;0;0;0;0;0;0;0;0;0;0;0;0;0;0;0;15;0;98.0;98.0;0;0;0.00;0.00;0.00;0.0;0.0
116.430;125;0;98;0;0.0;15.000;1.020;41;48;0;0;100;99;100;127;100;190;100;88;88;0;0.000;3.755;0.000;0.000;19.700;1.340;0.0;0.0;0;15;3.180;3.320;0.0;0;0.0;0;0;0;0;85;98;0;0;4108;0.00;0;0;0;0;0;0;0;0;0;0;0;0;0;0;0;0;15;0;98.0;98.0;0;0;0.00;0.00;0.00;0.0;0.0
116.495;125;0;98;0;0.0;15.000;1.020;41;48;0;0;100;99;100;127;100;190;100;88;88;0;0.000;3.755;0.000;0.000;19.700;1.340;0.0;0.0;0;15;3.180;3.320;0.0;0;0.0;0;0;0;0;85;98;0;0;4108;0.00;0;0;0;0;0;0;0;0;0;0;0;0;0;0;0;0;15;0;98.0;98.0;0;0;0.00;0.00;0.00;0.0;0.0
116.560;125;0;98;0;0.0;15.000;1.020;41;48;0;0;100;99;100;127;100;190;100;88;88;0;0.000;3.755;0.000;0.000;19.700;1.340;0.0;0.0;0;15;3.180;3.320;0.0;0;0.0;0;0;0;0;85;98;0;0;4108;0.00;0;0;0;0;0;0;0;0;0;0;0;0;0;0;0;0;15;0;98.0;98.0;0;0;0.00;0.00;0.00;0.0;0.0
116.627;125;0;98;0;0.0;15.000;1.020;41;48;0;0;100;99;100;127;100;190;100;88;88;0;0.000;3.755;0.000;0.000;19.700;1.340;0.0;0.0;0;15;3.180;3.320;0.0;0;0.0;0;0;0;0;85;98;0;0;4108;0.00;0;0;0;0;0;0;0;0;0;0;0;0;0;0;0;0;15;0;98.0;98.0;0;0;0.00;0.00;0.00;0.0;0.0
116.695;125;0;98;0;0.0;15.000;1.020;41;48;0;0;100;99;100;127;100;190;100;88;88;0;0.000;3.755;0.000;0.000;19.700;1.340;0.0;0.0;0;15;3.180;3.320;0.0;0;0.0;0;0;0;0;85;98;0;0;4108;0.00;0;0;0;0;0;0;0;0;0;0;0;0;0;0;0;0;15;0;98.0;98.0;0;0;0.00;0.00;0.00;0.0;0.0
116.762;125;0;98;0;0.0;15.000;1.020;41;48;0;0;100;99;100;127;100;190;100;88;88;0;0.000;3.755;0.000;0.000;19.700;1.340;0.0;0.0;0;15;3.180;3.320;0.0;0;0.0;0;0;0;0;85;98;0;0;4108;0.00;0;0;0;0;0;0;0;0;0;0;0;0;0;0;0;0;15;0;98.0;98.0;0;0;0.00;0.00;0.00;0.0;0.0
116.826;126;0;98;0;0.0;15.100;1.027;41;48;0;0;100;99;100;127;100;190;100;88;88;0;0.000;3.755;0.000;0.000;19.700;1.340;0.0;0.0;0;15;3.180;3.320;0.0;0;0.0;0;0;0;0;85;98;0;0;4088;0.00;0;0;0;0;0;0;0;0;0;0;0;0;0;0;0;0;15;0;98.0;98.0;0;0;0.00;0.00;0.00;0.0;0.0
116.900;126;0;98;0;0.0;15.100;1.027;41;48;0;0;100;99;100;127;100;190;100;88;88;0;0.000;3.755;0.000;0.000;19.700;1.340;0.0;0.0;0;15;3.180;3.320;0.0;0;0.0;0;0;0;0;85;98;0;0;4088;0.00;0;0;0;0;0;0;0;0;0;0;0;0;0;0;0;0;15;0;98.0;98.0;0;0;0.00;0.00;0.00;0.0;0.0
116.963;126;0;98;0;0.0;15.100;1.027;41;48;0;0;100;99;100;127;100;190;100;88;88;0;0.000;3.755;0.000;0.000;19.700;1.340;0.0;0.0;0;15;3.180;3.320;0.0;0;0.0;0;0;0;0;85;98;0;0;4088;0.00;0;0;0;0;0;0;0;0;0;0;0;0;0;0;0;0;15;0;98.0;98.0;0;0;0.00;0.00;0.00;0.0;0.0
117.027;126;0;98;0;0.0;15.000;1.020;41;49;0;0;100;99;100;127;100;190;100;88;88;0;0.000;3.755;0.000;0.000;19.700;1.340;0.0;0.0;0;15;3.180;3.320;0.0;0;0.0;0;0;0;1;85;98;0;0;4088;0.00;0;0;0;0;0;0;0;0;0;0;0;0;0;0;0;0;15;0;98.0;98.0;0;0;0.00;0.00;0.00;0.0;0.0
117.093;126;0;98;0;0.0;15.000;1.020;41;49;0;0;100;99;100;127;100;190;100;88;88;0;0.000;3.755;0.000;0.000;19.700;1.340;0.0;0.0;0;15;3.180;3.320;0.0;0;0.0;0;0;0;0;87;98;0;0;4088;0.00;0;0;0;0;0;0;0;0;0;0;0;0;0;0;0;0;15;0;98.0;98.0;0;0;0.00;0.00;0.00;0.0;0.0
117.160;126;0;98;0;0.0;15.000;1.020;41;49;0;0;100;99;100;127;100;190;100;88;88;0;0.000;3.755;0.000;0.000;19.700;1.340;0.0;0.0;0;15;3.180;3.320;0.0;0;0.0;0;0;0;0;87;98;0;0;4088;0.00;0;0;0;0;0;0;0;0;0;0;0;0;0;0;0;0;15;0;98.0;98.0;0;0;0.00;0.00;0.00;0.0;0.0
117.228;126;0;98;0;0.0;15.000;1.020;41;49;0;0;100;99;100;127;100;190;100;88;88;0;0.000;3.755;0.000;0.000;19.700;1.340;0.0;0.0;0;15;3.180;3.320;0.0;0;0.0;0;0;0;0;87;98;0;0;4088;0.00;0;0;0;0;0;0;0;0;0;0;0;0;0;0;0;0;15;0;98.0;98.0;0;0;0.00;0.00;0.00;0.0;0.0
117.293;126;0;98;0;0.0;15.100;1.027;41;49;0;0;100;99;100;127;100;190;100;88;88;0;0.000;3.755;0.000;0.000;19.700;1.340;0.0;0.0;0;15;3.180;3.320;0.0;0;0.0;0;0;0;0;87;98;0;0;4088;0.00;0;0;0;0;0;0;0;0;0;0;0;0;0;0;0;0;15;0;98.0;98.0;0;0;0.00;0.00;0.00;0.0;0.0
117.360;126;0;98;0;0.0;15.000;1.020;41;49;0;0;100;99;100;127;100;190;100;88;88;0;0.000;3.755;0.000;0.000;19.700;1.340;0.0;0.0;0;15;3.180;3.320;0.0;0;0.0;0;0;0;0;87;98;0;0;4088;0.00;0;0;0;0;0;0;0;0;0;0;0;0;0;0;0;0;15;0;98.0;98.0;0;0;0.00;0.00;0.00;0.0;0.0
117.430;126;0;98;0;0.0;15.000;1.020;41;49;0;0;100;99;100;127;100;190;100;88;88;0;0.000;3.755;0.000;0.000;19.700;1.340;0.0;0.0;0;15;3.180;3.320;0.0;0;0.0;0;0;0;0;87;98;0;0;4088;0.00;0;0;0;0;0;0;0;0;0;0;0;0;0;0;0;0;15;0;98.0;98.0;0;0;0.00;0.00;0.00;0.0;0.0
117.494;126;0;98;0;0.0;15.000;1.020;41;49;0;0;100;99;100;127;100;190;100;88;88;0;0.000;3.755;0.000;0.000;19.700;1.340;0.0;0.0;0;15;3.180;3.320;0.0;0;0.0;0;0;0;0;87;98;0;0;4088;0.00;0;0;0;0;0;0;0;0;0;0;0;0;0;0;0;0;15;0;98.0;98.0;0;0;0.00;0.00;0.00;0.0;0.0
117.560;126;0;98;0;0.0;15.100;1.027;41;49;0;0;100;99;100;127;100;190;100;88;88;0;0.000;3.755;0.000;0.000;19.700;1.340;0.0;0.0;0;15;3.180;3.320;0.0;0;0.0;0;0;0;0;87;98;0;0;4088;0.00;0;0;0;0;0;0;0;0;0;0;0;0;0;0;0;0;15;0;98.0;98.0;0;0;0.00;0.00;0.00;0.0;0.0
117.629;126;0;98;0;0.0;15.000;1.020;41;49;0;0;100;99;100;127;100;190;100;88;88;0;0.000;3.755;0.000;0.000;19.700;1.340;0.0;0.0;0;15;3.180;3.320;0.0;0;0.0;0;0;0;0;87;98;0;0;4088;0.00;0;0;0;0;0;0;0;0;0;0;0;0;0;0;0;0;15;0;98.0;98.0;0;0;0.00;0.00;0.00;0.0;0.0
117.696;126;0;98;0;0.0;15.100;1.027;41;49;0;0;100;99;100;127;100;190;100;88;88;0;0.000;3.755;0.000;0.000;19.700;1.340;0.0;0.0;0;15;3.180;3.320;0.0;0;0.0;0;0;0;0;87;98;0;0;4088;0.00;0;0;0;0;0;0;0;0;0;0;0;0;0;0;0;0;15;0;98.0;98.0;0;0;0.00;0.00;0.00;0.0;0.0
117.760;126;0;98;0;0.0;15.100;1.027;41;49;0;0;100;99;100;127;100;190;100;88;88;0;0.000;3.755;0.000;0.000;19.700;1.340;0.0;0.0;0;15;3.180;3.320;0.0;0;0.0;0;0;0;0;87;98;0;0;4088;0.00;0;0;0;0;0;0;0;0;0;0;0;0;0;0;0;0;15;0;98.0;98.0;0;0;0.00;0.00;0.00;0.0;0.0
117.826;127;0;98;0;0.0;15.000;1.020;41;49;0;0;100;99;100;127;100;190;100;88;88;0;0.000;3.755;0.000;0.000;19.700;1.340;0.0;0.0;0;15;3.180;3.320;0.0;0;0.0;0;0;0;0;87;98;0;0;4105;0.00;0;0;0;0;0;0;0;0;0;0;0;0;0;0;0;0;15;0;98.0;98.0;0;0;0.00;0.00;0.00;0.0;0.0
117.897;127;0;98;0;0.0;15.000;1.020;41;49;0;0;100;99;100;127;100;190;100;88;88;0;0.000;3.755;0.000;0.000;19.700;1.340;0.0;0.0;0;15;3.180;3.320;0.0;0;0.0;0;0;0;0;87;98;0;0;4105;0.00;0;0;0;0;0;0;0;0;0;0;0;0;0;0;0;0;15;0;98.0;98.0;0;0;0.00;0.00;0.00;0.0;0.0
117.963;127;0;98;0;0.0;15.100;1.027;41;49;0;0;100;99;100;127;100;190;100;88;88;0;0.000;3.755;0.000;0.000;19.700;1.340;0.0;0.0;0;15;3.180;3.320;0.0;0;0.0;0;0;0;0;87;98;0;0;4105;0.00;0;0;0;0;0;0;0;0;0;0;0;0;0;0;0;0;15;0;98.0;98.0;0;0;0.00;0.00;0.00;0.0;0.0
118.037;127;0;98;0;0.0;15.000;1.020;41;49;0;0;100;99;100;127;100;190;100;88;88;0;0.000;3.755;0.000;0.000;19.700;1.340;0.0;0.0;0;15;3.180;3.320;0.0;0;0.0;0;0;0;0;87;98;0;0;4105;0.00;0;0;0;0;0;0;0;0;0;0;0;0;0;0;0;0;15;0;98.0;98.0;0;0;0.00;0.00;0.00;0.0;0.0
118.101;127;0;98;0;0.0;15.000;1.020;41;49;0;0;100;99;100;127;100;190;100;88;88;0;0.000;3.755;0.000;0.000;19.700;1.340;0.0;0.0;0;15;3.180;3.320;0.0;0;0.0;0;0;0;0;87;98;0;0;4105;0.00;0;0;0;0;0;0;0;0;0;0;0;0;0;0;0;0;15;0;98.0;98.0;0;0;0.00;0.00;0.00;0.0;0.0
118.168;127;0;98;0;0.0;15.000;1.020;41;49;0;0;100;99;100;127;100;190;100;88;88;0;0.000;3.755;0.000;0.000;19.700;1.340;0.0;0.0;0;15;3.180;3.320;0.0;0;0.0;0;0;0;0;87;98;0;0;4105;0.00;0;0;0;0;0;0;0;0;0;0;0;0;0;0;0;0;15;0;98.0;98.0;0;0;0.00;0.00;0.00;0.0;0.0
118.234;127;0;98;0;0.0;15.000;1.020;41;49;0;0;100;99;100;127;100;190;100;88;88;0;0.000;3.755;0.000;0.000;19.700;1.340;0.0;0.0;0;15;3.180;3.320;0.0;0;0.0;0;0;0;0;87;98;0;0;4105;0.00;0;0;0;0;0;0;0;0;0;0;0;0;0;0;0;0;15;0;98.0;98.0;0;0;0.00;0.00;0.00;0.0;0.0
118.298;127;0;98;0;0.0;15.000;1.020;41;49;0;0;100;99;100;127;100;190;100;88;88;0;0.000;3.755;0.000;0.000;19.700;1.340;0.0;0.0;0;15;3.180;3.320;0.0;0;0.0;0;0;0;0;87;98;0;0;4105;0.00;0;0;0;0;0;0;0;0;0;0;0;0;0;0;0;0;15;0;98.0;98.0;0;0;0.00;0.00;0.00;0.0;0.0
118.365;127;0;98;0;0.0;15.000;1.020;41;49;0;0;100;99;100;127;100;190;100;88;88;0;0.000;3.755;0.000;0.000;19.700;1.340;0.0;0.0;0;15;3.180;3.320;0.0;0;0.0;0;0;0;0;87;98;0;0;4105;0.00;0;0;0;0;0;0;0;0;0;0;0;0;0;0;0;0;15;0;98.0;98.0;0;0;0.00;0.00;0.00;0.0;0.0
118.429;127;0;98;0;0.0;15.100;1.027;41;49;0;0;100;99;100;127;100;190;100;88;88;0;0.000;3.755;0.000;0.000;19.700;1.340;0.0;0.0;0;15;3.180;3.320;0.0;0;0.0;0;0;0;0;87;98;0;0;4105;0.00;0;0;0;0;0;0;0;0;0;0;0;0;0;0;0;0;15;0;98.0;98.0;0;0;0.00;0.00;0.00;0.0;0.0
118.499;127;0;98;0;0.0;15.000;1.020;41;49;0;0;100;99;100;127;100;190;100;88;88;0;0.000;3.755;0.000;0.000;19.700;1.340;0.0;0.0;0;15;3.180;3.320;0.0;0;0.0;0;0;0;0;87;98;0;0;4105;0.00;0;0;0;0;0;0;0;0;0;0;0;0;0;0;0;0;15;0;98.0;98.0;0;0;0.00;0.00;0.00;0.0;0.0
118.565;127;0;98;0;0.0;15.000;1.020;41;49;0;0;100;99;100;127;100;190;100;88;88;0;0.000;3.755;0.000;0.000;19.700;1.340;0.0;0.0;0;15;3.180;3.320;0.0;0;0.0;0;0;0;0;87;98;0;0;4105;0.00;0;0;0;0;0;0;0;0;0;0;0;0;0;0;0;0;15;0;98.0;98.0;0;0;0.00;0.00;0.00;0.0;0.0
118.628;127;0;98;0;0.0;15.100;1.027;41;49;0;0;100;99;100;127;100;190;100;88;88;0;0.000;3.755;0.000;0.000;19.700;1.340;0.0;0.0;0;15;3.180;3.320;0.0;0;0.0;0;0;0;0;87;98;0;0;4105;0.00;0;0;0;0;0;0;0;0;0;0;0;0;0;0;0;0;15;0;98.0;98.0;0;0;0.00;0.00;0.00;0.0;0.0
118.698;127;0;98;0;0.0;15.000;1.020;41;49;0;0;100;99;100;127;100;190;100;88;88;0;0.000;3.755;0.000;0.000;19.700;1.340;0.0;0.0;0;15;3.180;3.320;0.0;0;0.0;0;0;0;0;87;98;0;0;4105;0.00;0;0;0;0;0;0;0;0;0;0;0;0;0;0;0;0;15;0;98.0;98.0;0;0;0.00;0.00;0.00;0.0;0.0
118.766;127;0;98;0;0.0;15.100;1.027;41;49;0;0;100;99;100;127;100;190;100;88;88;0;0.000;3.755;0.000;0.000;19.700;1.340;0.0;0.0;0;15;3.180;3.320;0.0;0;0.0;0;0;0;0;87;98;0;0;4105;0.00;0;0;0;0;0;0;0;0;0;0;0;0;0;0;0;0;15;0;98.0;98.0;0;0;0.00;0.00;0.00;0.0;0.0
118.830;128;0;98;0;0.0;15.000;1.020;41;49;0;0;100;99;100;127;100;190;100;88;88;0;0.000;3.755;0.000;0.000;19.700;1.340;0.0;0.0;0;15;3.180;3.320;0.0;0;0.0;0;0;0;0;87;98;0;0;4102;0.00;0;0;0;0;0;0;0;0;0;0;0;0;0;0;0;0;15;0;98.0;98.0;0;0;0.00;0.00;0.00;0.0;0.0
118.897;128;0;98;0;0.0;15.000;1.020;41;49;0;0;100;99;100;127;100;190;100;88;88;0;0.000;3.755;0.000;0.000;19.700;1.340;0.0;0.0;0;15;3.180;3.320;0.0;0;0.0;0;0;0;0;87;98;0;0;4102;0.00;0;0;0;0;0;0;0;0;0;0;0;0;0;0;0;0;15;0;98.0;98.0;0;0;0.00;0.00;0.00;0.0;0.0
118.962;128;0;98;0;0.0;15.000;1.020;41;49;0;0;100;99;100;127;100;190;100;88;88;0;0.000;3.755;0.000;0.000;19.700;1.340;0.0;0.0;0;15;3.180;3.320;0.0;0;0.0;0;0;0;0;87;98;0;0;4102;0.00;0;0;0;0;0;0;0;0;0;0;0;0;0;0;0;0;15;0;98.0;98.0;0;0;0.00;0.00;0.00;0.0;0.0
119.028;128;0;98;0;0.0;15.000;1.020;41;49;0;0;100;99;100;127;100;190;100;88;88;0;0.000;3.755;0.000;0.000;19.700;1.340;0.0;0.0;0;15;3.180;3.320;0.0;0;0.0;0;0;0;0;87;98;0;0;4102;0.00;0;0;0;0;0;0;0;0;0;0;0;0;0;0;0;0;15;0;98.0;98.0;0;0;0.00;0.00;0.00;0.0;0.0
119.098;128;0;98;0;0.0;15.100;1.027;41;49;0;0;100;99;100;127;100;190;100;88;88;0;0.000;3.755;0.000;0.000;19.700;1.340;0.0;0.0;0;15;3.180;3.320;0.0;0;0.0;0;0;0;0;87;98;0;0;4102;0.00;0;0;0;0;0;0;0;0;0;0;0;0;0;0;0;0;15;0;98.0;98.0;0;0;0.00;0.00;0.00;0.0;0.0
119.163;128;0;98;0;0.0;15.000;1.020;41;49;0;0;100;99;100;127;100;190;100;88;88;0;0.000;3.755;0.000;0.000;19.700;1.340;0.0;0.0;0;15;3.180;3.320;0.0;0;0.0;0;0;0;0;87;98;0;0;4102;0.00;0;0;0;0;0;0;0;0;0;0;0;0;0;0;0;0;15;0;98.0;98.0;0;0;0.00;0.00;0.00;0.0;0.0
119.233;128;0;98;0;0.0;15.000;1.020;41;49;0;0;100;99;100;127;100;190;100;88;88;0;0.000;3.755;0.000;0.000;19.700;1.340;0.0;0.0;0;15;3.180;3.320;0.0;0;0.0;0;0;0;0;87;98;0;0;4102;0.00;0;0;0;0;0;0;0;0;0;0;0;0;0;0;0;0;15;0;98.0;98.0;0;0;0.00;0.00;0.00;0.0;0.0
119.298;128;0;98;0;0.0;15.100;1.027;41;49;0;0;100;99;100;127;100;190;100;88;88;0;0.000;3.755;0.000;0.000;19.700;1.340;0.0;0.0;0;15;3.180;3.320;0.0;0;0.0;0;0;0;0;87;98;0;0;4102;0.00;0;0;0;0;0;0;0;0;0;0;0;0;0;0;0;0;15;0;98.0;98.0;0;0;0.00;0.00;0.00;0.0;0.0
119.363;128;0;98;0;0.0;15.100;1.027;41;49;0;0;100;99;100;127;100;190;100;88;88;0;0.000;3.755;0.000;0.000;19.700;1.340;0.0;0.0;0;15;3.180;3.320;0.0;0;0.0;0;0;0;0;87;98;0;0;4102;0.00;0;0;0;0;0;0;0;0;0;0;0;0;0;0;0;0;15;0;98.0;98.0;0;0;0.00;0.00;0.00;0.0;0.0
119.427;128;0;98;0;0.0;15.000;1.020;41;49;0;0;100;99;100;127;100;190;100;88;88;0;0.000;3.755;0.000;0.000;19.700;1.340;0.0;0.0;0;15;3.180;3.320;0.0;0;0.0;0;0;0;0;87;98;0;0;4102;0.00;0;0;0;0;0;0;0;0;0;0;0;0;0;0;0;0;15;0;98.0;98.0;0;0;0.00;0.00;0.00;0.0;0.0
119.494;128;0;98;0;0.0;15.100;1.027;41;49;0;0;100;99;100;127;100;190;100;88;88;0;0.000;3.755;0.000;0.000;19.700;1.340;0.0;0.0;0;15;3.180;3.320;0.0;0;0.0;0;0;0;0;87;98;0;0;4102;0.00;0;0;0;0;0;0;0;0;0;0;0;0;0;0;0;0;15;0;98.0;98.0;0;0;0.00;0.00;0.00;0.0;0.0
119.559;128;0;98;0;0.0;15.000;1.020;41;49;0;0;100;99;100;127;100;190;100;88;88;0;0.000;3.755;0.000;0.000;19.700;1.340;0.0;0.0;0;15;3.180;3.320;0.0;0;0.0;0;0;0;0;87;98;0;0;4102;0.00;0;0;0;0;0;0;0;0;0;0;0;0;0;0;0;0;15;0;98.0;98.0;0;0;0.00;0.00;0.00;0.0;0.0
119.628;128;0;98;0;0.0;15.000;1.020;41;49;0;0;100;99;100;127;100;190;100;88;88;0;0.000;3.755;0.000;0.000;19.700;1.340;0.0;0.0;0;15;3.180;3.320;0.0;0;0.0;0;0;0;0;87;98;0;0;4102;0.00;0;0;0;0;0;0;0;0;0;0;0;0;0;0;0;0;15;0;98.0;98.0;0;0;0.00;0.00;0.00;0.0;0.0
119.693;128;0;98;0;0.0;15.100;1.027;41;49;0;0;100;99;100;127;100;190;100;88;88;0;0.000;3.755;0.000;0.000;19.700;1.340;0.0;0.0;0;15;3.180;3.320;0.0;0;0.0;0;0;0;0;87;98;0;0;4102;0.00;0;0;0;0;0;0;0;0;0;0;0;0;0;0;0;0;15;0;98.0;98.0;0;0;0.00;0.00;0.00;0.0;0.0
119.760;128;0;98;0;0.0;15.000;1.020;41;49;0;0;100;99;100;127;100;190;100;88;88;0;0.000;3.755;0.000;0.000;19.700;1.340;0.0;0.0;0;15;3.180;3.320;0.0;0;0.0;0;0;0;0;87;98;0;0;4102;0.00;0;0;0;0;0;0;0;0;0;0;0;0;0;0;0;0;15;0;98.0;98.0;0;0;0.00;0.00;0.00;0.0;0.0
119.828;129;0;98;0;0.0;15.000;1.020;41;49;0;0;100;99;100;127;100;190;100;88;88;0;0.000;3.755;0.000;0.000;19.700;1.340;0.0;0.0;0;15;3.180;3.320;0.0;0;0.0;0;0;0;0;87;98;0;0;4107;0.00;0;0;0;0;0;0;0;0;0;0;0;0;0;0;0;0;15;0;98.0;98.0;0;0;0.00;0.00;0.00;0.0;0.0
119.894;129;0;98;0;0.0;15.000;1.020;41;49;0;0;100;99;100;127;100;190;100;88;88;0;0.000;3.755;0.000;0.000;19.700;1.340;0.0;0.0;0;15;3.180;3.320;0.0;0;0.0;0;0;0;0;87;98;0;0;4107;0.00;0;0;0;0;0;0;0;0;0;0;0;0;0;0;0;0;15;0;98.0;98.0;0;0;0.00;0.00;0.00;0.0;0.0
119.962;129;0;98;0;0.0;15.100;1.027;41;49;0;0;100;99;100;127;100;190;100;88;88;0;0.000;3.755;0.000;0.000;19.700;1.340;0.0;0.0;0;15;3.180;3.320;0.0;0;0.0;0;0;0;0;87;98;0;0;4107;0.00;0;0;0;0;0;0;0;0;0;0;0;0;0;0;0;0;15;0;98.0;98.0;0;0;0.00;0.00;0.00;0.0;0.0
120.031;129;0;98;0;0.0;15.000;1.020;41;49;0;0;100;99;100;127;100;190;100;88;88;0;0.000;3.755;0.000;0.000;19.700;1.340;0.0;0.0;0;15;3.180;3.320;0.0;0;0.0;0;0;0;0;87;98;0;0;4107;0.00;0;0;0;0;0;0;0;0;0;0;0;0;0;0;0;0;15;0;98.0;98.0;0;0;0.00;0.00;0.00;0.0;0.0
120.096;129;0;98;0;0.0;15.000;1.020;41;49;0;0;100;99;100;127;100;190;100;88;88;0;0.000;3.755;0.000;0.000;19.700;1.340;0.0;0.0;0;15;3.180;3.320;0.0;0;0.0;0;0;0;0;87;98;0;0;4107;0.00;0;0;0;0;0;0;0;0;0;0;0;0;0;0;0;0;15;0;98.0;98.0;0;0;0.00;0.00;0.00;0.0;0.0
120.161;129;0;98;0;0.0;15.000;1.020;41;49;0;0;100;99;100;127;100;190;100;88;88;0;0.000;3.755;0.000;0.000;19.700;1.340;0.0;0.0;0;15;3.180;3.320;0.0;0;0.0;0;0;0;0;87;98;0;0;4107;0.00;0;0;0;0;0;0;0;0;0;0;0;0;0;0;0;0;15;0;98.0;98.0;0;0;0.00;0.00;0.00;0.0;0.0
120.230;129;0;98;0;0.0;15.000;1.020;41;49;0;0;100;99;100;127;100;190;100;88;88;0;0.000;3.755;0.000;0.000;19.700;1.340;0.0;0.0;0;15;3.180;3.320;0.0;0;0.0;0;0;0;0;87;98;0;0;4107;0.00;0;0;0;0;0;0;0;0;0;0;0;0;0;0;0;0;15;0;98.0;98.0;0;0;0.00;0.00;0.00;0.0;0.0
120.296;129;0;98;0;0.0;15.000;1.020;41;49;0;0;100;99;100;127;100;190;100;88;88;0;0.000;3.755;0.000;0.000;19.700;1.340;0.0;0.0;0;15;3.180;3.320;0.0;0;0.0;0;0;0;0;87;98;0;0;4107;0.00;0;0;0;0;0;0;0;0;0;0;0;0;0;0;0;0;15;0;98.0;98.0;0;0;0.00;0.00;0.00;0.0;0.0
120.362;129;0;98;0;0.0;15.000;1.020;41;49;0;0;100;99;100;127;100;190;100;88;88;0;0.000;3.755;0.000;0.000;19.700;1.340;0.0;0.0;0;15;3.180;3.320;0.0;0;0.0;0;0;0;0;87;98;0;0;4107;0.00;0;0;0;0;0;0;0;0;0;0;0;0;0;0;0;0;15;0;98.0;98.0;0;0;0.00;0.00;0.00;0.0;0.0
120.426;129;0;98;0;0.0;15.100;1.027;41;49;0;0;100;99;100;127;100;190;100;88;88;0;0.000;3.755;0.000;0.000;19.700;1.340;0.0;0.0;0;15;3.180;3.320;0.0;0;0.0;0;0;0;0;87;98;0;0;4107;0.00;0;0;0;0;0;0;0;0;0;0;0;0;0;0;0;0;15;0;98.0;98.0;0;0;0.00;0.00;0.00;0.0;0.0
120.493;129;0;98;0;0.0;15.000;1.020;41;49;0;0;100;99;100;127;100;190;100;88;88;0;0.000;3.755;0.000;0.000;19.700;1.340;0.0;0.0;0;15;3.180;3.320;0.0;0;0.0;0;0;0;0;87;98;0;0;4107;0.00;0;0;0;0;0;0;0;0;0;0;0;0;0;0;0;0;15;0;98.0;98.0;0;0;0.00;0.00;0.00;0.0;0.0
120.559;129;0;98;0;0.0;15.000;1.020;41;49;0;0;100;99;100;127;100;190;100;88;88;0;0.000;3.755;0.000;0.000;19.700;1.340;0.0;0.0;0;15;3.180;3.320;0.0;0;0.0;0;0;0;0;87;98;0;0;4107;0.00;0;0;0;0;0;0;0;0;0;0;0;0;0;0;0;0;15;0;98.0;98.0;0;0;0.00;0.00;0.00;0.0;0.0
120.629;129;0;98;0;0.0;15.000;1.020;41;49;0;0;100;99;100;127;100;190;100;88;88;0;0.000;3.755;0.000;0.000;19.700;1.340;0.0;0.0;0;15;3.180;3.320;0.0;0;0.0;0;0;0;0;87;98;0;0;4107;0.00;0;0;0;0;0;0;0;0;0;0;0;0;0;0;0;0;15;0;98.0;98.0;0;0;0.00;0.00;0.00;0.0;0.0
120.693;129;0;98;0;0.0;15.000;1.020;41;49;0;0;100;99;100;127;100;190;100;88;88;0;0.000;3.755;0.000;0.000;19.700;1.340;0.0;0.0;0;15;3.180;3.320;0.0;0;0.0;0;0;0;0;87;98;0;0;4107;0.00;0;0;0;0;0;0;0;0;0;0;0;0;0;0;0;0;15;0;98.0;98.0;0;0;0.00;0.00;0.00;0.0;0.0
120.763;129;0;98;0;0.0;15.000;1.020;41;49;0;0;100;99;100;127;100;190;100;88;88;0;0.000;3.755;0.000;0.000;19.700;1.340;0.0;0.0;0;15;3.180;3.320;0.0;0;0.0;0;0;0;0;87;98;0;0;4107;0.00;0;0;0;0;0;0;0;0;0;0;0;0;0;0;0;0;15;0;98.0;98.0;0;0;0.00;0.00;0.00;0.0;0.0
120.828;129;0;98;0;0.0;14.900;1.014;41;49;0;0;100;99;100;127;100;190;100;88;88;0;0.000;3.755;0.000;0.000;19.700;1.340;0.0;0.0;0;15;3.180;3.320;0.0;0;0.0;0;0;0;0;87;98;0;0;4107;0.00;0;0;0;0;0;0;0;0;0;0;0;0;0;0;0;0;15;0;98.0;98.0;0;0;0.00;0.00;0.00;0.0;0.0
120.894;130;0;98;0;0.0;15.100;1.027;41;49;0;0;100;99;100;127;100;190;100;88;88;0;0.000;3.755;0.000;0.000;19.700;1.340;0.0;0.0;0;15;3.180;3.320;0.0;0;0.0;0;0;0;0;87;98;0;0;4093;0.00;0;0;0;0;0;0;0;0;0;0;0;0;0;0;0;0;15;0;98.0;98.0;0;0;0.00;0.00;0.00;0.0;0.0
120.960;130;0;98;0;0.0;15.000;1.020;41;49;0;0;100;99;100;127;100;190;100;88;88;0;0.000;3.755;0.000;0.000;19.700;1.340;0.0;0.0;0;15;3.180;3.320;0.0;0;0.0;0;0;0;0;87;98;0;0;4093;0.00;0;0;0;0;0;0;0;0;0;0;0;0;0;0;0;0;15;0;98.0;98.0;0;0;0.00;0.00;0.00;0.0;0.0
121.028;130;0;98;0;0.0;15.000;1.020;41;49;0;0;100;99;100;127;100;190;100;88;88;0;0.000;3.755;0.000;0.000;19.700;1.340;0.0;0.0;0;15;3.180;3.320;0.0;0;0.0;0;0;0;0;87;98;0;0;4093;0.00;0;0;0;0;0;0;0;0;0;0;0;0;0;0;0;0;15;0;98.0;98.0;0;0;0.00;0.00;0.00;0.0;0.0
121.098;130;0;98;0;0.0;15.100;1.027;41;49;0;0;100;99;100;127;100;190;100;88;88;0;0.000;3.755;0.000;0.000;19.700;1.340;0.0;0.0;0;15;3.180;3.320;0.0;0;0.0;0;0;0;0;87;98;0;0;4093;0.00;0;0;0;0;0;0;0;0;0;0;0;0;0;0;0;0;15;0;98.0;98.0;0;0;0.00;0.00;0.00;0.0;0.0
121.160;130;0;98;0;0.0;15.100;1.027;41;49;0;0;100;99;100;127;100;190;100;88;88;0;0.000;3.755;0.000;0.000;19.700;1.340;0.0;0.0;0;15;3.180;3.320;0.0;0;0.0;0;0;0;0;87;98;0;0;4093;0.00;0;0;0;0;0;0;0;0;0;0;0;0;0;0;0;0;15;0;98.0;98.0;0;0;0.00;0.00;0.00;0.0;0.0
121.225;130;0;98;0;0.0;15.000;1.020;41;49;0;0;100;99;100;127;100;190;100;88;88;0;0.000;3.755;0.000;0.000;19.700;1.340;0.0;0.0;0;15;3.180;3.320;0.0;0;0.0;0;0;0;0;87;98;0;0;4093;0.00;0;0;0;0;0;0;0;0;0;0;0;0;0;0;0;0;15;0;98.0;98.0;0;0;0.00;0.00;0.00;0.0;0.0
121.291;130;0;98;0;0.0;15.000;1.020;41;49;0;0;100;99;100;127;100;190;100;88;88;0;0.000;3.755;0.000;0.000;19.700;1.340;0.0;0.0;0;15;3.180;3.320;0.0;0;0.0;0;0;0;0;87;98;0;0;4093;0.00;0;0;0;0;0;0;0;0;0;0;0;0;0;0;0;0;15;0;98.0;98.0;0;0;0.00;0.00;0.00;0.0;0.0
121.363;130;0;98;0;0.0;15.100;1.027;41;49;0;0;100;99;100;127;100;190;100;88;88;0;0.000;3.755;0.000;0.000;19.700;1.340;0.0;0.0;0;15;3.180;3.320;0.0;0;0.0;0;0;0;0;87;98;0;0;4093;0.00;0;0;0;0;0;0;0;0;0;0;0;0;0;0;0;0;15;0;98.0;98.0;0;0;0.00;0.00;0.00;0.0;0.0
121.430;130;0;98;0;0.0;15.000;1.020;41;49;0;0;100;99;100;127;100;190;100;88;88;0;0.000;3.755;0.000;0.000;19.700;1.340;0.0;0.0;0;15;3.180;3.320;0.0;0;0.0;0;0;0;0;87;98;0;0;4093;0.00;0;0;0;0;0;0;0;0;0;0;0;0;0;0;0;0;15;0;98.0;98.0;0;0;0.00;0.00;0.00;0.0;0.0
121.496;130;0;98;0;0.0;15.000;1.020;41;49;0;0;100;99;100;127;100;190;100;88;88;0;0.000;3.755;0.000;0.000;19.700;1.340;0.0;0.0;0;15;3.180;3.320;0.0;0;0.0;0;0;0;0;87;98;0;0;4093;0.00;0;0;0;0;0;0;0;0;0;0;0;0;0;0;0;0;15;0;98.0;98.0;0;0;0.00;0.00;0.00;0.0;0.0
121.561;130;0;98;0;0.0;15.100;1.027;41;49;0;0;100;99;100;127;100;190;100;88;88;0;0.000;3.755;0.000;0.000;19.700;1.340;0.0;0.0;0;15;3.180;3.320;0.0;0;0.0;0;0;0;0;87;98;0;0;4093;0.00;0;0;0;0;0;0;0;0;0;0;0;0;0;0;0;0;15;0;98.0;98.0;0;0;0.00;0.00;0.00;0.0;0.0
121.627;130;0;98;0;0.0;15.100;1.027;41;49;0;0;100;99;100;127;100;190;100;88;88;0;0.000;3.755;0.000;0.000;19.700;1.340;0.0;0.0;0;15;3.180;3.320;0.0;0;0.0;0;0;0;0;87;98;0;0;4093;0.00;0;0;0;0;0;0;0;0;0;0;0;0;0;0;0;0;15;0;98.0;98.0;0;0;0.00;0.00;0.00;0.0;0.0
121.697;130;0;98;0;0.0;15.000;1.020;41;49;0;0;100;99;100;127;100;190;100;88;88;0;0.000;3.755;0.000;0.000;19.700;1.340;0.0;0.0;0;15;3.180;3.320;0.0;0;0.0;0;0;0;0;87;98;0;0;4093;0.00;0;0;0;0;0;0;0;0;0;0;0;0;0;0;0;0;15;0;98.0;98.0;0;0;0.00;0.00;0.00;0.0;0.0
121.762;130;0;98;0;0.0;15.100;1.027;41;49;0;0;100;99;100;127;100;190;100;88;88;0;0.000;3.755;0.000;0.000;19.700;1.340;0.0;0.0;0;15;3.180;3.320;0.0;0;0.0;0;0;0;0;87;98;0;0;4093;0.00;0;0;0;0;0;0;0;0;0;0;0;0;0;0;0;0;15;0;98.0;98.0;0;0;0.00;0.00;0.00;0.0;0.0
121.828;130;0;98;0;0.0;15.100;1.027;41;49;0;0;100;99;100;127;100;190;100;88;88;0;0.000;3.755;0.000;0.000;19.700;1.340;0.0;0.0;0;15;3.180;3.320;0.0;0;0.0;0;0;0;0;87;98;0;0;4093;0.00;0;0;0;0;0;0;0;0;0;0;0;0;0;0;0;0;15;0;98.0;98.0;0;0;0.00;0.00;0.00;0.0;0.0
121.894;131;0;98;0;0.0;15.000;1.020;41;49;0;0;100;99;100;127;100;190;100;88;88;0;0.000;3.755;0.000;0.000;19.700;1.340;0.0;0.0;0;15;3.180;3.320;0.0;0;0.0;0;0;0;0;87;98;0;0;4107;0.00;0;0;0;0;0;0;0;0;0;0;0;0;0;0;0;0;15;0;98.0;98.0;0;0;0.00;0.00;0.00;0.0;0.0
121.963;131;0;98;0;0.0;15.000;1.020;41;49;0;0;100;99;100;127;100;190;100;88;88;0;0.000;3.755;0.000;0.000;19.700;1.340;0.0;0.0;0;15;3.180;3.320;0.0;0;0.0;0;0;0;0;87;98;0;0;4107;0.00;0;0;0;0;0;0;0;0;0;0;0;0;0;0;0;0;15;0;98.0;98.0;0;0;0.00;0.00;0.00;0.0;0.0
122.028;131;0;98;0;0.0;15.000;1.020;41;49;0;0;100;99;100;127;100;190;100;88;88;0;0.000;3.755;0.000;0.000;19.700;1.340;0.0;0.0;0;15;3.180;3.320;0.0;0;0.0;0;0;0;0;87;98;0;0;4107;0.00;0;0;0;0;0;0;0;0;0;0;0;0;0;0;0;0;15;0;98.0;98.0;0;0;0.00;0.00;0.00;0.0;0.0
122.094;131;0;98;0;0.0;15.000;1.020;41;49;0;0;100;99;100;127;100;190;100;88;88;0;0.000;3.755;0.000;0.000;19.700;1.340;0.0;0.0;0;15;3.180;3.320;0.0;0;0.0;0;0;0;0;87;98;0;0;4107;0.00;0;0;0;0;0;0;0;0;0;0;0;0;0;0;0;0;15;0;98.0;98.0;0;0;0.00;0.00;0.00;0.0;0.0
122.159;131;0;98;0;0.0;15.000;1.020;41;49;0;0;100;99;100;127;100;190;100;88;88;0;0.000;3.755;0.000;0.000;19.700;1.340;0.0;0.0;0;15;3.180;3.320;0.0;0;0.0;0;0;0;0;87;98;0;0;4107;0.00;0;0;0;0;0;0;0;0;0;0;0;0;0;0;0;0;15;0;98.0;98.0;0;0;0.00;0.00;0.00;0.0;0.0
122.225;131;0;98;0;0.0;15.100;1.027;41;49;0;0;100;99;100;127;100;190;100;88;88;0;0.000;3.755;0.000;0.000;19.700;1.340;0.0;0.0;0;15;3.180;3.320;0.0;0;0.0;0;0;0;0;87;98;0;0;4107;0.00;0;0;0;0;0;0;0;0;0;0;0;0;0;0;0;0;15;0;98.0;98.0;0;0;0.00;0.00;0.00;0.0;0.0
122.294;131;0;98;0;0.0;15.100;1.027;41;49;0;0;100;99;100;127;100;190;100;88;88;0;0.000;3.755;0.000;0.000;19.700;1.340;0.0;0.0;0;15;3.180;3.320;0.0;0;0.0;0;0;0;0;87;98;0;0;4107;0.00;0;0;0;0;0;0;0;0;0;0;0;0;0;0;0;0;15;0;98.0;98.0;0;0;0.00;0.00;0.00;0.0;0.0
122.360;131;0;98;0;0.0;15.000;1.020;41;49;0;0;100;99;100;127;100;190;100;88;88;0;0.000;3.755;0.000;0.000;19.700;1.340;0.0;0.0;0;15;3.180;3.320;0.0;0;0.0;0;0;0;0;87;98;0;0;4107;0.00;0;0;0;0;0;0;0;0;0;0;0;0;0;0;0;0;15;0;98.0;98.0;0;0;0.00;0.00;0.00;0.0;0.0
122.426;131;0;98;0;0.0;15.100;1.027;41;49;0;0;100;99;100;127;100;190;100;88;88;0;0.000;3.755;0.000;0.000;19.700;1.340;0.0;0.0;0;15;3.180;3.320;0.0;0;0.0;0;0;0;0;87;98;0;0;4107;0.00;0;0;0;0;0;0;0;0;0;0;0;0;0;0;0;0;15;0;98.0;98.0;0;0;0.00;0.00;0.00;0.0;0.0
122.497;131;0;98;0;0.0;15.100;1.027;41;49;0;0;100;99;100;127;100;190;100;88;88;0;0.000;3.755;0.000;0.000;19.700;1.340;0.0;0.0;0;15;3.180;3.320;0.0;0;0.0;0;0;0;0;87;98;0;0;4107;0.00;0;0;0;0;0;0;0;0;0;0;0;0;0;0;0;0;15;0;98.0;98.0;0;0;0.00;0.00;0.00;0.0;0.0
122.566;131;0;98;0;0.0;15.000;1.020;41;49;0;0;100;99;100;127;100;190;100;88;88;0;0.000;3.755;0.000;0.000;19.700;1.340;0.0;0.0;0;15;3.180;3.320;0.0;0;0.0;0;0;0;0;87;98;0;0;4107;0.00;0;0;0;0;0;0;0;0;0;0;0;0;0;0;0;0;15;0;98.0;98.0;0;0;0.00;0.00;0.00;0.0;0.0
122.631;131;0;98;0;0.0;15.000;1.020;41;49;0;0;100;99;100;127;100;190;100;88;88;0;0.000;3.755;0.000;0.000;19.700;1.340;0.0;0.0;0;15;3.180;3.320;0.0;0;0.0;0;0;0;0;87;98;0;0;4107;0.00;0;0;0;0;0;0;0;0;0;0;0;0;0;0;0;0;15;0;98.0;98.0;0;0;0.00;0.00;0.00;0.0;0.0
122.699;131;0;98;0;0.0;15.100;1.027;41;49;0;0;100;99;100;127;100;190;100;88;88;0;0.000;3.755;0.000;0.000;19.700;1.340;0.0;0.0;0;15;3.180;3.320;0.0;0;0.0;0;0;0;0;87;98;0;0;4107;0.00;0;0;0;0;0;0;0;0;0;0;0;0;0;0;0;0;15;0;98.0;98.0;0;0;0.00;0.00;0.00;0.0;0.0
122.766;131;0;98;0;0.0;15.100;1.027;41;49;0;0;100;99;100;127;100;190;100;88;88;0;0.000;3.755;0.000;0.000;19.700;1.340;0.0;0.0;0;15;3.180;3.320;0.0;0;0.0;0;0;0;0;87;98;0;0;4107;0.00;0;0;0;0;0;0;0;0;0;0;0;0;0;0;0;0;15;0;98.0;98.0;0;0;0.00;0.00;0.00;0.0;0.0
122.831;131;0;98;0;0.0;15.100;1.027;41;49;0;0;100;99;100;127;100;190;100;88;88;0;0.000;3.755;0.000;0.000;19.700;1.340;0.0;0.0;0;15;3.180;3.320;0.0;0;0.0;0;0;0;0;87;98;0;0;4107;0.00;0;0;0;0;0;0;0;0;0;0;0;0;0;0;0;0;15;0;98.0;98.0;0;0;0.00;0.00;0.00;0.0;0.0
122.897;132;0;98;0;0.0;15.100;1.027;41;49;0;0;100;99;100;127;100;190;100;88;88;0;0.000;3.755;0.000;0.000;19.700;1.340;0.0;0.0;0;15;3.180;3.320;0.0;0;0.0;0;0;0;0;87;98;0;0;4112;0.00;0;0;0;0;0;0;0;0;0;0;0;0;0;0;0;0;15;0;98.0;98.0;0;0;0.00;0.00;0.00;0.0;0.0
122.963;132;0;98;0;0.0;15.000;1.020;41;49;0;0;100;99;100;127;100;190;100;88;88;0;0.000;3.755;0.000;0.000;19.700;1.340;0.0;0.0;0;15;3.180;3.320;0.0;0;0.0;0;0;0;0;87;98;0;0;4112;0.00;0;0;0;0;0;0;0;0;0;0;0;0;0;0;0;0;15;0;98.0;98.0;0;0;0.00;0.00;0.00;0.0;0.0
123.030;132;0;98;0;0.0;15.000;1.020;41;49;0;0;100;99;100;127;100;190;100;88;88;0;0.000;3.755;0.000;0.000;19.700;1.340;0.0;0.0;0;15;3.180;3.320;0.0;0;0.0;0;0;0;0;87;98;0;0;4112;0.00;0;0;0;0;0;0;0;0;0;0;0;0;0;0;0;0;15;0;98.0;98.0;0;0;0.00;0.00;0.00;0.0;0.0
123.097;132;0;98;0;0.0;15.100;1.027;41;49;0;0;100;99;100;127;100;190;100;88;88;0;0.000;3.755;0.000;0.000;19.700;1.340;0.0;0.0;0;15;3.180;3.320;0.0;0;0.0;0;0;0;0;87;98;0;0;4112;0.00;0;0;0;0;0;0;0;0;0;0;0;0;0;0;0;0;15;0;98.0;98.0;0;0;0.00;0.00;0.00;0.0;0.0
123.165;132;0;98;0;0.0;15.100;1.027;41;49;0;0;100;99;100;127;100;190;100;88;88;0;0.000;3.755;0.000;0.000;19.700;1.340;0.0;0.0;0;15;3.180;3.320;0.0;0;0.0;0;0;0;0;87;98;0;0;4112;0.00;0;0;0;0;0;0;0;0;0;0;0;0;0;0;0;0;15;0;98.0;98.0;0;0;0.00;0.00;0.00;0.0;0.0
123.230;132;0;98;0;0.0;15.000;1.020;41;49;0;0;100;99;100;127;100;190;100;88;88;0;0.000;3.755;0.000;0.000;19.700;1.340;0.0;0.0;0;15;3.180;3.320;0.0;0;0.0;0;0;0;0;87;98;0;0;4112;0.00;0;0;0;0;0;0;0;0;0;0;0;0;0;0;0;0;15;0;98.0;98.0;0;0;0.00;0.00;0.00;0.0;0.0
123.294;132;0;98;0;0.0;15.000;1.020;41;49;0;0;100;99;100;127;100;190;100;88;88;0;0.000;3.755;0.000;0.000;19.700;1.340;0.0;0.0;0;15;3.180;3.320;0.0;0;0.0;0;0;0;0;87;98;0;0;4112;0.00;0;0;0;0;0;0;0;0;0;0;0;0;0;0;0;0;15;0;98.0;98.0;0;0;0.00;0.00;0.00;0.0;0.0
123.360;132;0;98;0;0.0;15.100;1.027;41;49;0;0;100;99;100;127;100;190;100;88;88;0;0.000;3.755;0.000;0.000;19.700;1.340;0.0;0.0;0;15;3.180;3.320;0.0;0;0.0;0;0;0;0;87;98;0;0;4112;0.00;0;0;0;0;0;0;0;0;0;0;0;0;0;0;0;0;15;0;98.0;98.0;0;0;0.00;0.00;0.00;0.0;0.0
123.430;132;0;98;0;0.0;15.100;1.027;41;49;0;0;100;99;100;127;100;190;100;88;88;0;0.000;3.755;0.000;0.000;19.700;1.340;0.0;0.0;0;15;3.180;3.320;0.0;0;0.0;0;0;0;0;87;98;0;0;4112;0.00;0;0;0;0;0;0;0;0;0;0;0;0;0;0;0;0;15;0;98.0;98.0;0;0;0.00;0.00;0.00;0.0;0.0
123.497;132;0;98;0;0.0;15.000;1.020;41;49;0;0;100;99;100;127;100;190;100;88;88;0;0.000;3.755;0.000;0.000;19.700;1.340;0.0;0.0;0;15;3.180;3.320;0.0;0;0.0;0;0;0;0;87;98;0;0;4112;0.00;0;0;0;0;0;0;0;0;0;0;0;0;0;0;0;0;15;0;98.0;98.0;0;0;0.00;0.00;0.00;0.0;0.0
123.565;132;0;98;0;0.0;15.400;1.048;41;49;0;0;100;99;100;127;100;190;100;88;88;0;0.000;3.755;0.000;0.000;19.700;1.340;0.0;0.0;0;15;3.180;3.320;0.0;0;0.0;0;0;0;0;87;98;0;0;4112;0.00;0;0;0;0;0;0;0;0;0;0;0;0;0;0;0;0;15;0;98.0;98.0;0;0;0.00;0.00;0.00;0.0;0.0
123.630;132;0;98;0;0.0;17.600;1.197;41;49;0;0;100;99;100;127;100;190;100;88;88;0;0.000;3.755;0.000;0.000;19.700;1.340;0.0;0.0;0;15;3.180;3.320;0.0;0;0.0;0;0;0;0;87;98;0;0;4112;0.00;0;0;0;0;0;0;0;0;0;0;0;0;0;0;0;0;15;0;98.0;98.0;0;0;0.00;0.00;0.00;0.0;0.0
123.697;132;0;98;0;0.0;19.300;1.313;41;49;0;0;100;99;100;127;100;190;100;88;88;0;0.000;3.755;0.000;0.000;19.700;1.340;0.0;0.0;0;15;3.180;3.320;4.9;0;0.0;0;0;0;0;0;98;0;0;4112;0.00;0;0;0;0;0;0;0;0;0;0;0;0;0;0;0;0;15;0;98.0;98.0;0;0;0.00;0.00;0.00;0.0;0.0
123.767;132;0;98;0;0.0;19.700;1.340;41;49;0;0;100;99;100;127;100;190;100;88;88;0;0.000;3.755;0.000;0.000;19.700;1.340;0.0;0.0;0;15;3.180;3.320;4.9;0;0.0;0;0;0;0;0;98;0;0;4112;0.00;0;0;0;0;0;0;0;0;0;0;0;0;0;0;0;0;15;0;98.0;98.0;0;0;0.00;0.00;0.00;0.0;0.0
123.767;132;0;98;0;0.0;19.700;1.340;41;49;0;0;100;99;100;127;100;190;100;88;88;0;0.000;3.755;0.000;0.000;19.700;1.340;0.0;0.0;0;15;3.180;3.320;4.9;0;0.0;0;0;0;0;0;98;0;0;4112;0.00;0;0;0;0;0;0;0;0;0;0;0;0;0;0;0;0;15;0;98.0;98.0;0;0;0.00;0.00;0.00;0.0;0.0
123.897;133;0;98;0;0.0;19.700;1.340;41;49;0;0;100;99;100;127;100;190;100;88;88;0;0.000;3.755;0.000;0.000;19.700;1.340;0.0;0.0;0;15;3.180;3.320;7.5;0;0.0;0;0;0;0;0;98;0;0;4189;0.00;0;0;0;0;0;0;0;0;0;0;0;0;0;0;0;0;15;0;98.0;98.0;0;0;0.00;0.00;0.00;0.0;0.0
123.964;133;0;98;0;0.0;19.700;1.340;41;49;0;0;100;99;100;127;100;190;100;88;88;0;0.000;3.755;0.000;0.000;19.700;1.340;0.0;0.0;0;15;3.180;3.320;7.5;0;0.0;0;0;0;0;0;98;0;0;4189;0.00;0;0;0;0;0;0;0;0;0;0;0;0;0;0;0;0;15;0;98.0;98.0;0;0;0.00;0.00;0.00;0.0;0.0
124.033;133;0;98;0;0.0;19.700;1.340;41;49;0;0;100;99;100;127;100;190;100;88;88;0;0.000;3.755;0.000;0.000;19.700;1.340;0.0;0.0;0;15;3.180;3.320;7.5;0;0.0;0;0;0;0;0;98;0;0;4189;0.00;0;0;0;0;0;0;0;0;0;0;0;0;0;0;0;0;15;0;98.0;98.0;0;0;0.00;0.00;0.00;0.0;0.0
124.100;133;0;98;0;0.0;19.700;1.340;41;49;0;0;100;99;100;127;100;190;100;88;88;0;0.000;3.755;0.000;0.000;19.700;1.340;0.0;0.0;0;15;3.180;3.320;7.5;0;0.0;0;0;0;0;0;98;0;0;4189;0.00;0;0;0;0;0;0;0;0;0;0;0;0;0;0;0;0;15;0;98.0;98.0;0;0;0.00;0.00;0.00;0.0;0.0
124.167;133;0;98;0;0.0;19.700;1.340;41;49;0;0;100;99;100;127;100;190;100;88;88;0;0.000;3.755;0.000;0.000;19.700;1.340;0.0;0.0;0;15;3.180;3.320;8.9;0;0.0;0;0;0;0;0;98;0;0;4189;0.00;0;0;0;0;0;0;0;0;0;0;0;0;0;0;0;0;15;0;98.0;98.0;0;0;0.00;0.00;0.00;0.0;0.0
124.232;133;0;98;0;0.0;19.700;1.340;41;49;0;0;100;99;100;127;100;190;100;88;88;0;0.000;3.755;0.000;0.000;19.700;1.340;0.0;0.0;0;15;3.180;3.320;8.9;0;0.0;0;0;0;0;0;98;0;0;4189;0.00;0;0;0;0;0;0;0;0;0;0;0;0;0;0;0;0;15;0;98.0;98.0;0;0;0.00;0.00;0.00;0.0;0.0
124.298;133;0;98;0;0.0;19.700;1.340;41;49;0;0;100;99;100;127;100;190;100;88;88;0;0.000;3.755;0.000;0.000;19.700;1.340;0.0;0.0;0;15;3.180;3.320;8.9;0;0.0;0;0;0;0;0;98;0;0;4189;0.00;0;0;0;0;0;0;0;0;0;0;0;0;0;0;0;0;15;0;98.0;98.0;0;0;0.00;0.00;0.00;0.0;0.0
124.364;133;0;98;0;0.0;19.700;1.340;41;49;0;0;100;99;100;127;100;190;100;88;88;0;0.000;3.755;0.000;0.000;19.700;1.340;0.0;0.0;0;15;3.180;3.320;8.9;0;0.0;0;0;0;0;0;98;0;0;4189;0.00;0;0;0;0;0;0;0;0;0;0;0;0;0;0;0;0;15;0;98.0;98.0;0;0;0.00;0.00;0.00;0.0;0.0
124.429;133;0;98;0;0.0;19.700;1.340;41;49;0;0;100;99;100;127;100;190;100;88;88;0;0.000;3.755;0.000;0.000;19.700;1.340;0.0;0.0;0;15;3.180;3.320;9.6;0;0.0;0;0;0;0;0;98;0;0;4189;0.00;0;0;0;0;0;0;0;0;0;0;0;0;0;0;0;0;15;0;98.0;98.0;0;0;0.00;0.00;0.00;0.0;0.0
124.495;133;0;98;0;0.0;19.700;1.340;41;49;0;0;100;99;100;127;100;190;100;88;88;0;0.000;3.755;0.000;0.000;19.700;1.340;0.0;0.0;0;15;3.180;3.320;9.6;0;0.0;0;0;0;0;0;98;0;0;4189;0.00;0;0;0;0;0;0;0;0;0;0;0;0;0;0;0;0;15;0;98.0;98.0;0;0;0.00;0.00;0.00;0.0;0.0
124.561;133;0;98;0;0.0;19.700;1.340;41;49;0;0;100;99;100;127;100;190;100;88;88;0;0.000;3.755;0.000;0.000;19.700;1.340;0.0;0.0;0;15;3.180;3.320;9.6;0;0.0;0;0;0;0;0;98;0;0;4189;0.00;0;0;0;0;0;0;0;0;0;0;0;0;0;0;0;0;15;0;98.0;98.0;0;0;0.00;0.00;0.00;0.0;0.0
124.630;133;0;98;0;0.0;19.700;1.340;41;49;0;0;100;99;100;127;100;190;100;88;88;0;0.000;3.755;0.000;0.000;19.700;1.340;0.0;0.0;0;15;3.180;3.320;9.6;0;0.0;0;0;0;0;0;98;0;0;4189;0.00;0;0;0;0;0;0;0;0;0;0;0;0;0;0;0;0;15;0;98.0;98.0;0;0;0.00;0.00;0.00;0.0;0.0
124.697;133;0;98;0;0.0;19.700;1.340;41;49;0;0;100;99;100;127;100;190;100;88;88;0;0.000;3.755;0.000;0.000;19.700;1.340;0.0;0.0;0;15;3.180;3.320;10.2;0;0.0;0;0;0;1;28;98;0;0;4189;0.00;0;0;0;0;0;0;0;0;0;0;0;0;0;0;0;0;15;0;98.0;98.0;0;0;0.00;0.00;0.00;0.0;0.0
124.766;133;0;98;0;0.0;19.700;1.340;41;49;0;0;100;99;100;127;100;190;100;88;88;0;0.000;3.755;0.000;0.000;19.700;1.340;0.0;0.0;0;15;3.180;3.320;10.2;0;0.0;0;0;0;0;0;98;0;0;4189;0.00;0;0;0;0;0;0;0;0;0;0;0;0;0;0;0;0;15;0;98.0;98.0;0;0;0.00;0.00;0.00;0.0;0.0
124.829;133;0;98;0;0.0;19.700;1.340;41;49;0;0;100;99;100;127;100;190;100;88;88;0;0.000;3.755;0.000;0.000;19.700;1.340;0.0;0.0;0;15;3.180;3.320;10.2;0;0.0;0;0;0;0;0;98;0;0;4189;0.00;0;0;0;0;0;0;0;0;0;0;0;0;0;0;0;0;15;0;98.0;98.0;0;0;0.00;0.00;0.00;0.0;0.0
124.896;133;0;98;0;0.0;19.700;1.340;41;49;0;0;100;99;100;127;100;190;100;88;88;0;0.000;3.755;0.000;0.000;19.700;1.340;0.0;0.0;0;15;3.180;3.320;10.2;0;0.0;0;0;0;0;0;98;0;0;4189;0.00;0;0;0;0;0;0;0;0;0;0;0;0;0;0;0;0;15;0;98.0;98.0;0;0;0.00;0.00;0.00;0.0;0.0
124.964;134;0;98;0;0.0;19.700;1.340;41;49;0;0;100;99;100;127;100;190;100;88;88;0;0.000;3.755;0.000;0.000;19.700;1.340;0.0;0.0;0;15;3.180;3.320;10.7;0;0.0;0;0;0;0;87;98;0;0;4408;0.00;0;0;0;0;0;0;0;0;0;0;0;0;0;0;0;0;15;0;98.0;98.0;0;0;0.00;0.00;0.00;0.0;0.0
125.031;134;0;98;0;0.0;19.700;1.340;41;49;0;0;100;99;100;127;100;190;100;88;88;0;0.000;3.755;0.000;0.000;19.700;1.340;0.0;0.0;0;15;3.180;3.320;10.7;0;0.0;0;0;0;0;87;98;0;0;4408;0.00;0;0;0;0;0;0;0;0;0;0;0;0;0;0;0;0;15;0;98.0;98.0;0;0;0.00;0.00;0.00;0.0;0.0
125.096;134;0;98;0;0.0;19.700;1.340;41;49;0;0;100;99;100;127;100;190;100;88;88;0;0.000;3.755;0.000;0.000;19.700;1.340;0.0;0.0;0;15;3.180;3.320;10.7;0;0.0;0;0;0;0;87;98;0;0;4408;0.00;0;0;0;0;0;0;0;0;0;0;0;0;0;0;0;0;15;0;98.0;98.0;0;0;0.00;0.00;0.00;0.0;0.0
125.162;134;0;98;0;0.0;19.700;1.340;41;49;0;0;100;99;100;127;100;190;100;88;88;0;0.000;3.755;0.000;0.000;19.700;1.340;0.0;0.0;0;15;3.180;3.320;11.0;0;0.0;0;0;0;0;87;98;0;0;4408;0.00;0;0;0;0;0;0;0;0;0;0;0;0;0;0;0;0;15;0;98.0;98.0;0;0;0.00;0.00;0.00;0.0;0.0
125.226;134;0;98;0;0.0;19.700;1.340;41;49;0;0;100;99;100;127;100;190;100;88;88;0;0.000;3.755;0.000;0.000;19.700;1.340;0.0;0.0;0;15;3.180;3.320;11.0;0;0.0;0;0;0;0;87;98;0;0;4408;0.00;0;0;0;0;0;0;0;0;0;0;0;0;0;0;0;0;15;0;98.0;98.0;0;0;0.00;0.00;0.00;0.0;0.0
125.293;134;0;98;0;0.0;19.700;1.340;41;49;0;0;100;99;100;127;100;190;100;88;88;0;0.000;3.755;0.000;0.000;19.700;1.340;0.0;0.0;0;15;3.180;3.320;11.0;0;0.0;0;0;0;0;87;98;0;0;4408;0.00;0;0;0;0;0;0;0;0;0;0;0;0;0;0;0;0;15;0;98.0;98.0;0;0;0.00;0.00;0.00;0.0;0.0
125.362;134;0;98;0;0.0;19.700;1.340;41;49;0;0;100;99;100;127;100;190;100;88;88;0;0.000;3.755;0.000;0.000;19.700;1.340;0.0;0.0;0;15;3.180;3.320;11.0;0;0.0;0;0;0;0;87;98;0;0;4408;0.00;0;0;0;0;0;0;0;0;0;0;0;0;0;0;0;0;15;0;98.0;98.0;0;0;0.00;0.00;0.00;0.0;0.0
125.362;134;0;98;0;0.0;19.700;1.340;41;49;0;0;100;99;100;127;100;190;100;88;88;0;0.000;3.755;0.000;0.000;19.700;1.340;0.0;0.0;0;15;3.180;3.320;11.1;0;0.0;0;0;0;0;87;98;0;0;4408;0.00;0;0;0;0;0;0;0;0;0;0;0;0;0;0;0;0;15;0;98.0;98.0;0;0;0.00;0.00;0.00;0.0;0.0
125.494;134;0;98;0;0.0;19.700;1.340;41;49;0;0;100;99;100;127;100;190;100;88;88;0;0.000;3.755;0.000;0.000;19.700;1.340;0.0;0.0;0;15;3.180;3.320;11.1;0;0.0;0;0;0;0;87;98;0;0;4408;0.00;0;0;0;0;0;0;0;0;0;0;0;0;0;0;0;0;15;0;98.0;98.0;0;0;0.00;0.00;0.00;0.0;0.0
125.562;134;0;98;0;0.0;19.700;1.340;41;49;0;0;100;99;100;127;100;190;100;88;88;0;0.000;3.755;0.000;0.000;19.700;1.340;0.0;0.0;0;15;3.180;3.320;11.1;0;0.0;0;0;0;0;87;98;0;0;4408;0.00;0;0;0;0;0;0;0;0;0;0;0;0;0;0;0;0;15;0;98.0;98.0;0;0;0.00;0.00;0.00;0.0;0.0
125.629;134;0;98;0;0.0;19.700;1.340;41;49;0;0;100;99;100;127;100;190;100;88;88;0;0.000;3.755;0.000;0.000;19.700;1.340;0.0;0.0;0;15;3.180;3.320;11.1;0;0.0;0;0;0;0;87;98;0;0;4408;0.00;0;0;0;0;0;0;0;0;0;0;0;0;0;0;0;0;15;0;98.0;98.0;0;0;0.00;0.00;0.00;0.0;0.0
125.695;134;0;98;0;0.0;19.700;1.340;41;49;0;0;100;99;100;127;100;190;100;88;88;0;0.000;3.755;0.000;0.000;19.700;1.340;0.0;0.0;0;15;3.180;3.320;11.2;0;0.0;0;0;0;0;87;98;0;0;4408;0.00;0;0;0;0;0;0;0;0;0;0;0;0;0;0;0;0;15;0;98.0;98.0;0;0;0.00;0.00;0.00;0.0;0.0
125.763;134;0;98;0;0.0;19.700;1.340;41;49;0;0;100;99;100;127;100;190;100;88;88;0;0.000;3.755;0.000;0.000;19.700;1.340;0.0;0.0;0;15;3.180;3.320;11.2;0;0.0;0;0;0;0;87;98;0;0;4408;0.00;0;0;0;0;0;0;0;0;0;0;0;0;0;0;0;0;15;0;98.0;98.0;0;0;0.00;0.00;0.00;0.0;0.0
125.829;134;0;98;0;0.0;19.700;1.340;41;49;0;0;100;99;100;127;100;190;100;88;88;0;0.000;3.755;0.000;0.000;19.700;1.340;0.0;0.0;0;15;3.180;3.320;11.2;0;0.0;0;0;0;0;87;98;0;0;4408;0.00;0;0;0;0;0;0;0;0;0;0;0;0;0;0;0;0;15;0;98.0;98.0;0;0;0.00;0.00;0.00;0.0;0.0
125.829;134;0;98;0;0.0;19.700;1.340;41;49;0;0;100;99;100;127;100;190;100;88;88;0;0.000;3.755;0.000;0.000;19.700;1.340;0.0;0.0;0;15;3.180;3.320;11.2;0;0.0;0;0;0;0;87;98;0;0;4408;0.00;0;0;0;0;0;0;0;0;0;0;0;0;0;0;0;0;15;0;98.0;98.0;0;0;0.00;0.00;0.00;0.0;0.0
125.960;135;0;98;0;0.0;19.700;1.340;41;49;0;0;100;99;100;127;100;190;100;88;88;0;0.000;3.755;0.000;0.000;19.700;1.340;0.0;0.0;0;15;3.180;3.320;11.2;0;0.0;0;0;0;0;87;98;0;0;4149;0.00;0;0;0;0;0;0;0;0;0;0;0;0;0;0;0;0;15;0;98.0;98.0;0;0;0.00;0.00;0.00;0.0;0.0
126.030;135;0;98;0;0.0;19.700;1.340;41;49;0;0;100;99;100;127;100;190;100;88;88;0;0.000;3.755;0.000;0.000;19.700;1.340;0.0;0.0;0;15;3.180;3.320;11.2;0;0.0;0;0;0;0;87;98;0;0;4149;0.00;0;0;0;0;0;0;0;0;0;0;0;0;0;0;0;0;15;0;98.0;98.0;0;0;0.00;0.00;0.00;0.0;0.0
126.095;135;0;98;0;0.0;19.700;1.340;41;49;0;0;100;99;100;127;100;190;100;88;88;0;0.000;3.755;0.000;0.000;19.700;1.340;0.0;0.0;0;15;3.180;3.320;11.2;0;0.0;0;0;0;0;87;98;0;0;4149;0.00;0;0;0;0;0;0;0;0;0;0;0;0;0;0;0;0;15;0;98.0;98.0;0;0;0.00;0.00;0.00;0.0;0.0
126.095;135;0;98;0;0.0;19.700;1.340;41;49;0;0;100;99;100;127;100;190;100;88;88;0;0.000;3.755;0.000;0.000;19.700;1.340;0.0;0.0;0;15;3.180;3.320;11.2;0;0.0;0;0;0;0;87;98;0;0;4149;0.00;0;0;0;0;0;0;0;0;0;0;0;0;0;0;0;0;15;0;98.0;98.0;0;0;0.00;0.00;0.00;0.0;0.0
126.226;135;0;98;0;0.0;19.700;1.340;41;49;0;0;100;99;100;127;100;190;100;88;88;0;0.000;3.755;0.000;0.000;19.700;1.340;0.0;0.0;0;15;3.180;3.320;11.2;0;0.0;0;0;0;0;87;98;0;0;4149;0.00;0;0;0;0;0;0;0;0;0;0;0;0;0;0;0;0;15;0;98.0;98.0;0;0;0.00;0.00;0.00;0.0;0.0
126.292;135;0;98;0;0.0;19.700;1.340;41;49;0;0;100;99;100;127;100;190;100;88;88;0;0.000;3.755;0.000;0.000;19.700;1.340;0.0;0.0;0;15;3.180;3.320;11.2;0;0.0;0;0;0;0;87;98;0;0;4149;0.00;0;0;0;0;0;0;0;0;0;0;0;0;0;0;0;0;15;0;98.0;98.0;0;0;0.00;0.00;0.00;0.0;0.0
126.292;135;0;98;0;0.0;19.700;1.340;41;49;0;0;100;99;100;127;100;190;100;88;88;0;0.000;3.755;0.000;0.000;19.700;1.340;0.0;0.0;0;15;3.180;3.320;11.2;0;0.0;0;0;0;0;87;98;0;0;4149;0.00;0;0;0;0;0;0;0;0;0;0;0;0;0;0;0;0;15;0;98.0;98.0;0;0;0.00;0.00;0.00;0.0;0.0
126.428;135;0;98;0;0.0;19.700;1.340;41;49;0;0;100;99;100;127;100;190;100;88;88;0;0.000;3.755;0.000;0.000;19.700;1.340;0.0;0.0;0;15;3.180;3.320;11.2;0;0.0;0;0;0;0;87;98;0;0;4149;0.00;0;0;0;0;0;0;0;0;0;0;0;0;0;0;0;0;15;0;98.0;98.0;0;0;0.00;0.00;0.00;0.0;0.0
126.496;135;0;98;0;0.0;19.700;1.340;41;49;0;0;100;99;100;127;100;190;100;88;88;0;0.000;3.755;0.000;0.000;19.700;1.340;0.0;0.0;0;15;3.180;3.320;11.2;0;0.0;0;0;0;0;87;98;0;0;4149;0.00;0;0;0;0;0;0;0;0;0;0;0;0;0;0;0;0;15;0;98.0;98.0;0;0;0.00;0.00;0.00;0.0;0.0
126.562;135;0;98;0;0.0;19.700;1.340;41;49;0;0;100;99;100;127;100;190;100;88;88;0;0.000;3.755;0.000;0.000;19.700;1.340;0.0;0.0;0;15;3.180;3.320;11.2;0;0.0;0;0;0;0;87;98;0;0;4149;0.00;0;0;0;0;0;0;0;0;0;0;0;0;0;0;0;0;15;0;98.0;98.0;0;0;0.00;0.00;0.00;0.0;0.0
126.629;135;0;98;0;0.0;19.700;1.340;41;49;0;0;100;99;100;127;100;190;100;88;88;0;0.000;3.755;0.000;0.000;19.700;1.340;0.0;0.0;0;15;3.180;3.320;11.2;0;0.0;0;0;0;0;87;98;0;0;4149;0.00;0;0;0;0;0;0;0;0;0;0;0;0;0;0;0;0;15;0;98.0;98.0;0;0;0.00;0.00;0.00;0.0;0.0
126.697;135;0;98;0;0.0;19.700;1.340;41;49;0;0;100;99;100;127;100;190;100;88;88;0;0.000;3.755;0.000;0.000;19.700;1.340;0.0;0.0;0;15;3.180;3.320;11.3;0;0.0;0;0;0;0;87;98;0;0;4149;0.00;0;0;0;0;0;0;0;0;0;0;0;0;0;0;0;0;15;0;98.0;98.0;0;0;0.00;0.00;0.00;0.0;0.0
126.763;135;0;98;0;0.0;19.700;1.340;41;49;0;0;100;99;100;127;100;190;100;88;88;0;0.000;3.755;0.000;0.000;19.700;1.340;0.0;0.0;0;15;3.180;3.320;11.3;0;0.0;0;0;0;0;87;98;0;0;4149;0.00;0;0;0;0;0;0;0;0;0;0;0;0;0;0;0;0;15;0;98.0;98.0;0;0;0.00;0.00;0.00;0.0;0.0
126.829;135;0;98;0;0.0;19.700;1.340;41;49;0;0;100;99;100;127;100;190;100;88;88;0;0.000;3.755;0.000;0.000;19.700;1.340;0.0;0.0;0;15;3.180;3.320;11.3;0;0.0;0;0;0;0;87;98;0;0;4149;0.00;0;0;0;0;0;0;0;0;0;0;0;0;0;0;0;0;15;0;98.0;98.0;0;0;0.00;0.00;0.00;0.0;0.0
126.894;135;0;98;0;0.0;19.700;1.340;41;49;0;0;100;99;100;127;100;190;100;88;88;0;0.000;3.755;0.000;0.000;19.700;1.340;0.0;0.0;0;15;3.180;3.320;11.3;0;0.0;0;0;0;0;87;98;0;0;4149;0.00;0;0;0;0;0;0;0;0;0;0;0;0;0;0;0;0;15;0;98.0;98.0;0;0;0.00;0.00;0.00;0.0;0.0
126.965;136;0;98;0;0.0;19.700;1.340;41;49;0;0;100;99;100;127;100;190;100;88;88;0;0.000;3.755;0.000;0.000;19.700;1.340;0.0;0.0;0;15;3.180;3.320;11.3;0;0.0;0;0;0;0;87;98;0;0;4141;0.00;0;0;0;0;0;0;0;0;0;0;0;0;0;0;0;0;15;0;98.0;98.0;0;0;0.00;0.00;0.00;0.0;0.0
127.034;136;0;98;0;0.0;19.700;1.340;41;49;0;0;100;99;100;127;100;190;100;88;88;0;0.000;3.755;0.000;0.000;19.700;1.340;0.0;0.0;0;15;3.180;3.320;11.3;0;0.0;0;0;0;0;87;98;0;0;4141;0.00;0;0;0;0;0;0;0;0;0;0;0;0;0;0;0;0;15;0;98.0;98.0;0;0;0.00;0.00;0.00;0.0;0.0
127.101;136;0;98;0;0.0;19.700;1.340;41;49;0;0;100;99;100;127;100;190;100;88;88;0;0.000;3.755;0.000;0.000;19.700;1.340;0.0;0.0;0;15;3.180;3.320;11.3;0;0.0;0;0;0;0;87;98;0;0;4141;0.00;0;0;0;0;0;0;0;0;0;0;0;0;0;0;0;0;15;0;98.0;98.0;0;0;0.00;0.00;0.00;0.0;0.0
127.165;136;0;98;0;0.0;19.700;1.340;41;49;0;0;100;99;100;127;100;190;100;88;88;0;0.000;3.755;0.000;0.000;19.700;1.340;0.0;0.0;0;15;3.180;3.320;11.3;0;0.0;0;0;0;0;87;98;0;0;4141;0.00;0;0;0;0;0;0;0;0;0;0;0;0;0;0;0;0;15;0;98.0;98.0;0;0;0.00;0.00;0.00;0.0;0.0
127.230;136;0;98;0;0.0;19.700;1.340;41;49;0;0;100;99;100;127;100;190;100;88;88;0;0.000;3.755;0.000;0.000;19.700;1.340;0.0;0.0;0;15;3.180;3.320;11.4;0;0.0;0;0;0;0;87;98;0;0;4141;0.00;0;0;0;0;0;0;0;0;0;0;0;0;0;0;0;0;15;0;98.0;98.0;0;0;0.00;0.00;0.00;0.0;0.0
127.297;136;0;98;0;0.0;19.700;1.340;41;49;0;0;100;99;100;127;100;190;100;88;88;0;0.000;3.755;0.000;0.000;19.700;1.340;0.0;0.0;0;15;3.180;3.320;11.4;0;0.0;0;0;0;0;87;98;0;0;4141;0.00;0;0;0;0;0;0;0;0;0;0;0;0;0;0;0;0;15;0;98.0;98.0;0;0;0.00;0.00;0.00;0.0;0.0
127.369;136;0;98;0;0.0;19.700;1.340;41;49;0;0;100;99;100;127;100;190;100;88;88;0;0.000;3.755;0.000;0.000;19.700;1.340;0.0;0.0;0;15;3.180;3.320;11.4;0;0.0;0;0;0;0;87;98;0;0;4141;0.00;0;0;0;0;0;0;0;0;0;0;0;0;0;0;0;0;15;0;98.0;98.0;0;0;0.00;0.00;0.00;0.0;0.0
127.438;136;0;98;0;0.0;19.700;1.340;41;49;0;0;100;99;100;127;100;190;100;88;88;0;0.000;3.755;0.000;0.000;19.700;1.340;0.0;0.0;0;15;3.180;3.320;11.4;0;0.0;0;0;0;0;87;98;0;0;4141;0.00;0;0;0;0;0;0;0;0;0;0;0;0;0;0;0;0;15;0;98.0;98.0;0;0;0.00;0.00;0.00;0.0;0.0
127.503;136;0;98;0;0.0;18.900;1.286;41;49;0;0;100;99;100;127;100;190;100;88;88;0;0.000;3.755;0.000;0.000;19.700;1.340;0.0;0.0;0;15;3.180;3.320;11.4;0;0.0;0;0;0;0;87;98;0;0;4141;0.00;0;0;0;0;0;0;0;0;0;0;0;0;0;0;0;0;15;0;98.0;98.0;0;0;0.00;0.00;0.00;0.0;0.0
127.567;136;0;93;0;0.0;17.000;1.156;41;49;0;0;100;99;100;127;100;190;100;84;84;0;0.000;3.755;0.000;0.000;19.700;1.340;0.0;0.0;0;16;3.180;3.320;11.4;0;-0.7;0;0;0;0;87;98;0;0;4141;0.00;0;0;0;0;0;0;0;0;0;0;0;0;0;0;0;0;16;0;93.0;93.0;0;0;0.00;0.00;0.00;0.0;0.0
127.633;136;0;94;0;0.0;16.300;1.109;41;49;0;0;100;99;100;127;100;190;100;84;84;0;0.000;3.755;0.000;0.000;19.700;1.340;0.0;0.0;0;16;3.180;3.320;11.4;0;-0.6;0;0;0;0;87;98;0;0;4141;0.00;0;0;0;0;0;0;0;0;0;0;0;0;0;0;0;0;16;0;94.0;94.0;0;0;0.00;0.00;0.00;0.0;0.0
127.699;136;0;90;0;0.0;16.000;1.088;41;49;0;0;100;99;100;127;100;190;100;81;81;0;0.000;3.755;0.000;0.000;19.700;1.340;0.0;0.0;0;17;3.180;3.320;10.8;0;-1.2;0;0;0;0;87;98;0;0;4141;0.00;0;0;0;0;0;0;0;0;0;0;0;0;0;0;0;0;17;0;90.0;90.0;0;0;0.00;0.00;0.00;0.0;0.0
127.767;136;0;84;0;0.0;16.300;1.109;41;49;0;0;100;99;100;127;100;190;100;75;75;0;0.000;3.755;0.000;0.000;19.700;1.340;0.0;0.0;0;18;3.180;3.320;10.8;0;-2.0;0;0;0;0;87;98;0;0;4141;0.00;0;0;0;0;0;0;0;0;0;0;0;0;0;0;0;0;18;0;84.0;84.0;0;0;0.00;0.00;0.00;0.0;0.0
127.834;136;0;97;0;0.0;16.000;1.088;41;49;0;0;100;99;100;127;100;190;100;87;87;0;0.000;3.755;0.000;0.000;19.700;1.340;0.0;0.0;0;15;3.180;3.320;10.8;0;-0.1;0;0;0;0;87;98;0;0;4141;0.00;0;0;0;0;0;0;0;0;0;0;0;0;0;0;0;0;15;0;97.0;97.0;2;0;0.00;0.00;0.00;0.0;0.0
127.899;136;0;82;0;0.0;15.800;1.075;41;49;0;0;100;99;100;127;100;190;100;73;73;0;0.000;3.755;0.000;0.000;19.700;1.340;0.0;0.0;0;18;3.180;3.320;10.8;0;-2.3;0;0;0;0;87;98;0;0;4141;0.00;0;0;0;0;0;0;0;0;0;0;0;0;0;0;0;0;18;0;82.0;82.0;2;0;0.00;0.00;0.00;0.0;0.0
127.964;137;0;95;0;0.0;16.600;1.129;41;49;0;0;100;99;100;127;100;190;100;85;85;0;0.000;3.755;0.000;0.000;19.700;1.340;0.0;0.0;0;16;3.180;3.320;10.4;0;-0.4;0;0;0;0;87;98;0;0;4702;0.00;0;0;0;0;0;0;0;0;0;0;0;0;0;0;0;0;16;0;95.0;95.0;2;0;0.00;0.00;0.00;0.0;0.0
128.035;137;0;82;0;0.0;16.400;1.116;41;49;0;0;100;99;100;127;100;190;100;73;73;0;0.000;3.755;0.000;0.000;19.700;1.340;0.0;0.0;0;18;3.180;3.320;10.4;0;-2.3;0;0;0;0;87;98;0;0;4702;0.00;0;0;0;0;0;0;0;0;0;0;0;0;0;0;0;0;18;0;82.0;82.0;2;0;0.00;0.00;0.00;0.0;0.0
128.099;137;0;88;0;0.0;16.300;1.109;41;49;0;0;100;99;100;127;100;190;100;79;79;0;0.000;3.755;0.000;0.000;19.700;1.340;0.0;0.0;0;18;3.180;3.320;10.4;0;-1.5;0;0;0;0;87;98;0;0;4702;0.00;0;0;0;0;0;0;0;0;0;0;0;0;0;0;0;0;18;0;88.0;88.0;2;0;0.00;0.00;0.00;0.0;0.0
128.166;137;0;83;0;0.0;16.300;1.109;41;49;0;0;100;99;100;127;100;190;100;74;74;0;0.000;3.755;0.000;0.000;19.700;1.340;0.0;0.0;0;18;3.180;3.320;10.4;0;-2.2;0;0;0;0;87;98;0;0;4702;0.00;0;0;0;0;0;0;0;0;0;0;0;0;0;0;0;0;18;0;83.0;83.0;2;0;0.00;0.00;0.00;0.0;0.0
128.230;137;0;79;0;0.0;16.100;1.095;41;49;0;0;100;99;100;127;100;190;100;71;71;0;0.000;3.755;0.000;0.000;19.700;1.340;0.0;0.0;0;18;3.180;3.320;10.3;0;-2.8;0;0;0;0;87;98;0;0;4702;0.00;0;0;0;0;0;0;0;0;0;0;0;0;0;0;0;0;18;0;79.0;79.0;2;0;0.00;0.00;0.00;0.0;0.0
128.296;137;0;87;0;0.0;15.800;1.075;41;49;0;0;100;99;100;127;100;190;100;78;78;0;0.000;3.755;0.000;0.000;19.700;1.340;0.0;0.0;0;18;3.180;3.320;10.3;0;-1.6;0;0;0;0;87;98;0;0;4702;0.00;0;0;0;0;0;0;0;0;0;0;0;0;0;0;0;0;18;0;87.0;87.0;2;0;0.00;0.00;0.00;0.0;0.0
128.361;137;257;87;22359;0.0;15.800;1.075;41;49;10;0;100;99;100;124;100;399;100;78;78;0;7.732;7.732;0.000;0.000;15.800;1.075;6.6;0.0;0;12;4.680;3.320;10.3;2570;-1.6;0;0;0;0;87;98;0;0;4702;1097.74;0;0;0;0;0;0;0;0;0;0;0;0;0;0;0;0;12;0;87.0;87.0;2;0;0.00;0.00;0.00;0.0;0.0
128.431;137;261;87;22707;0.0;15.700;1.068;41;49;10;0;100;99;100;124;100;399;100;78;78;0;7.732;7.732;0.000;0.000;15.700;1.068;6.7;0.0;0;12;4.680;3.320;10.3;2570;-1.6;0;0;0;0;87;98;0;0;4702;1080.92;0;0;0;0;0;0;0;0;0;0;0;0;0;0;0;0;12;0;87.0;87.0;2;0;0.00;0.00;0.00;0.0;0.0
128.497;137;261;87;22707;0.0;15.700;1.068;41;49;10;0;100;99;100;124;100;399;100;78;78;0;7.756;7.756;0.000;0.000;15.700;1.068;6.7;0.0;0;12;4.680;3.320;10.2;40;-1.6;0;0;0;0;87;98;0;0;4702;1080.92;0;0;0;0;0;0;0;0;0;0;0;0;0;0;0;0;12;0;87.0;87.0;2;0;0.00;0.00;0.00;0.0;0.0
128.568;137;262;87;22794;0.0;15.600;1.061;41;49;10;0;100;99;100;124;100;399;100;78;78;0;7.756;7.756;0.000;0.000;15.600;1.061;6.8;0.0;0;12;4.680;3.320;10.2;10;-1.6;0;0;0;0;87;98;0;0;4702;1076.79;0;0;0;0;0;0;0;0;0;0;0;0;0;0;0;0;12;0;87.0;87.0;2;0;0.00;0.00;0.00;0.0;0.0
128.632;137;262;87;22794;0.0;15.600;1.061;41;49;10;0;100;99;100;124;100;399;100;78;78;0;7.756;7.756;0.000;0.000;15.600;1.061;6.8;0.0;0;12;4.680;3.320;10.2;10;-1.6;0;0;0;0;87;98;0;0;4702;1076.79;0;0;0;0;0;0;0;0;0;0;0;0;0;0;0;0;12;0;87.0;87.0;2;0;0.00;0.00;0.00;0.0;0.0
128.698;137;268;87;23316;0.0;15.500;1.054;41;49;10;0;100;99;100;124;100;399;100;78;78;0;7.756;7.756;0.000;0.000;15.500;1.054;6.9;0.0;0;12;4.680;3.320;10.2;60;-1.6;0;0;0;0;87;98;0;0;4702;1052.69;0;0;0;0;0;0;0;0;0;0;0;0;0;0;0;0;12;0;87.0;87.0;2;0;0.00;0.00;0.00;0.0;0.0
128.765;137;259;84;21756;0.0;15.500;1.054;41;49;10;0;100;99;100;124;100;399;100;75;75;0;7.433;7.433;0.000;0.000;15.500;1.054;6.4;0.0;0;12;4.725;5.085;9.9;-90;-2.0;0;0;0;0;87;98;0;0;4702;1089.27;0;0;0;0;0;0;0;0;0;0;0;0;0;0;0;0;12;0;84.0;84.0;2;0;0.00;0.00;0.00;0.0;0.0
128.833;137;259;84;21756;0.0;15.500;1.054;41;49;10;0;100;99;100;124;100;399;100;75;75;0;7.433;7.433;0.000;0.000;15.500;1.054;6.4;0.0;0;12;4.725;5.085;9.9;-90;-2.0;0;0;0;0;87;98;0;0;4702;1089.27;0;0;0;0;0;0;0;0;0;0;0;0;0;0;0;0;12;0;84.0;84.0;2;0;0.00;0.00;0.00;0.0;0.0
128.899;137;262;84;22008;0.0;15.500;1.054;41;49;10;0;100;99;100;124;100;399;100;75;75;0;7.433;7.433;0.000;0.000;15.500;1.054;6.5;0.0;0;12;4.725;5.085;9.9;0;-2.0;0;0;0;0;87;98;0;0;4702;1076.79;0;0;0;0;0;0;0;0;0;0;0;0;0;0;0;0;12;0;84.0;84.0;2;0;0.00;0.00;0.00;0.0;0.0
128.969;138;262;84;22008;0.0;15.500;1.054;41;49;10;0;100;99;100;124;100;399;100;75;75;0;7.541;7.541;0.000;0.000;15.500;1.054;6.6;0.0;0;12;4.725;4.776;9.4;30;-2.0;0;0;0;0;87;98;0;0;4081;934.58;0;0;0;0;0;0;0;0;0;0;0;0;0;0;0;0;12;0;84.0;84.0;2;0;0.00;0.00;0.00;0.0;0.0
129.034;138;262;84;22008;0.0;15.500;1.054;41;49;10;0;100;99;100;124;100;399;100;75;75;0;7.541;7.541;0.000;0.000;15.500;1.054;6.6;0.0;0;12;4.725;4.776;9.4;30;-2.0;0;0;0;0;87;98;0;0;4081;934.58;0;0;0;0;0;0;0;0;0;0;0;0;0;0;0;0;12;0;84.0;84.0;2;0;0.00;0.00;0.00;0.0;0.0
129.098;138;302;84;25368;0.0;15.500;1.054;41;49;9;0;100;99;100;124;100;399;100;75;75;0;7.541;7.541;0.000;0.000;15.500;1.054;7.6;0.0;0;18;3.150;4.776;9.4;0;-2.0;0;0;0;0;87;98;0;0;4081;810.79;0;0;0;0;0;0;0;0;0;0;0;0;0;0;0;0;18;0;84.0;84.0;2;0;0.00;0.00;0.00;0.0;0.0
129.165;138;302;84;25368;0.0;15.600;1.061;41;49;9;0;100;99;100;124;100;399;100;75;75;0;7.541;7.541;0.000;0.000;15.600;1.061;7.6;0.0;0;18;3.150;4.776;9.4;0;-2.0;0;0;0;0;87;98;0;0;4081;810.79;0;0;0;0;0;0;0;0;0;0;0;0;0;0;0;0;18;0;84.0;84.0;2;0;0.00;0.00;0.00;0.0;0.0
129.165;138;550;84;46200;0.0;15.600;1.061;41;49;13;0;100;99;100;124;100;378;100;75;75;0;7.194;7.194;0.000;0.000;15.600;1.061;13.2;0.0;0;18;3.150;4.776;9.7;900;-2.0;0;0;0;0;87;98;0;0;4081;445.20;0;0;0;0;0;0;0;0;0;0;0;0;0;0;0;0;18;0;84.0;84.0;2;0;0.00;0.00;0.00;0.0;0.0
129.299;138;618;78;48204;0.0;15.500;1.054;41;49;13;0;100;99;100;124;100;357;100;72;72;0;6.361;6.361;0.000;0.000;15.500;1.054;13.1;0.0;0;19;3.150;3.352;9.7;1980;-2.9;0;0;0;0;88;98;0;0;4081;396.21;0;0;0;0;0;0;0;0;0;0;0;0;0;0;0;0;19;0;78.0;78.0;2;0;0.00;0.00;0.00;0.0;0.0
129.364;138;629;61;38369;0.0;15.500;1.054;41;49;13;0;100;99;100;124;100;357;100;58;58;0;4.751;4.751;0.000;0.000;15.500;1.054;10.0;0.0;0;20;3.150;3.186;9.7;1980;-5.4;0;0;0;0;88;98;0;0;4081;389.28;0;0;0;0;0;0;0;0;0;0;0;0;0;0;0;0;20;0;61.0;61.0;2;0;0.00;0.00;0.00;0.0;0.0
129.430;138;698;61;42578;0.0;15.700;1.068;41;49;13;0;100;99;100;124;100;337;100;60;60;0;4.701;4.701;0.000;0.000;15.700;1.068;10.9;0.0;0;22;3.150;3.166;9.7;1080;-5.4;0;0;0;0;89;98;0;0;4081;350.80;0;0;0;0;0;0;0;0;0;0;0;0;0;0;0;0;22;0;61.0;61.0;2;0;0.00;0.00;0.00;0.0;0.0
129.498;138;915;55;50325;0.0;15.800;1.075;41;49;13;0;100;99;100;124;100;316;100;57;57;0;4.214;4.214;0.000;0.000;15.800;1.075;12.9;0.0;0;27;3.150;3.164;9.5;1870;-6.2;0;0;0;0;90;98;0;0;4081;267.61;0;0;0;0;0;0;0;0;0;0;0;0;0;0;0;0;27;0;55.0;55.0;2;0;0.00;0.00;0.00;0.0;0.0
129.564;138;1056;41;43296;0.0;16.300;1.109;41;49;13;0;100;99;100;124;100;316;100;49;49;0;3.454;3.454;0.000;0.000;16.300;1.109;12.2;0.0;0;30;3.150;3.610;9.5;1870;-8.3;0;0;0;0;90;98;0;0;4081;231.88;0;0;0;0;0;0;0;0;0;0;0;0;0;0;0;0;30;0;41.0;41.0;2;0;0.00;0.00;0.00;0.0;0.0
129.564;138;1016;39;39624;0.0;18.000;1.224;41;49;13;0;100;99;100;124;100;295;100;47;47;0;3.260;3.260;0.000;0.000;18.000;1.224;11.0;0.0;0;30;3.150;2.306;9.5;2110;-8.6;0;0;0;0;91;98;0;0;4081;241.00;0;0;0;0;0;0;0;0;0;0;0;0;0;0;0;0;30;0;39.0;39.0;2;0;0.00;0.00;0.00;0.0;0.0
129.695;138;967;39;37713;0.0;18.800;1.279;41;49;13;0;100;99;100;124;100;274;100;46;46;0;3.161;3.161;0.000;0.000;18.800;1.279;10.2;0.0;0;29;3.150;2.577;9.5;-810;-8.6;0;0;0;0;92;98;0;0;4081;253.22;0;0;0;0;0;0;0;0;0;0;0;0;0;0;0;0;29;0;39.0;39.0;2;0;0.00;0.00;0.00;0.0;0.0
129.762;138;955;39;37245;0.0;19.100;1.299;41;49;13;0;100;99;100;124;100;274;100;47;47;0;3.021;3.021;0.000;0.000;19.100;1.299;9.6;0.0;0;28;3.120;2.673;10.2;-810;-8.6;0;0;0;0;92;98;0;0;4081;256.40;0;0;0;0;0;0;0;0;0;0;0;0;0;0;0;0;28;0;39.0;39.0;2;0;0.00;0.00;0.00;0.0;0.0
129.827;138;973;39;37947;0.0;19.200;1.306;41;49;13;0;100;99;100;124;100;253;100;46;46;0;2.923;2.923;0.000;0.000;19.200;1.306;9.5;0.0;0;29;3.120;3.297;10.2;-160;-8.6;0;0;0;0;93;98;0;0;4081;251.65;0;0;0;0;0;0;0;0;0;0;0;0;0;0;0;0;29;0;39.0;39.0;2;0;0.00;0.00;0.00;0.0;0.0
129.827;138;926;39;36114;0.0;18.800;1.279;41;49;13;0;100;99;100;124;100;233;100;46;46;0;2.844;2.844;0.000;0.000;18.800;1.279;8.8;0.0;0;28;3.120;2.038;10.2;-330;-8.6;0;0;0;0;94;98;0;0;4081;264.43;0;0;0;0;0;0;0;0;0;0;0;0;0;0;0;0;28;0;39.0;39.0;2;0;0.00;0.00;0.00;0.0;0.0
129.964;138;882;40;35280;0.0;19.200;1.306;41;49;13;0;100;99;100;124;100;233;100;46;46;0;2.861;2.861;0.000;0.000;19.200;1.306;8.4;0.0;0;27;3.120;2.636;10.2;-330;-8.4;0;0;0;0;94;98;0;0;4081;277.62;0;0;0;0;0;0;0;0;0;0;0;0;0;0;0;0;27;0;40.0;40.0;2;0;0.00;0.00;0.00;0.0;0.0
130.031;139;862;40;34480;0.0;19.600;1.333;41;49;13;0;100;99;100;124;100;212;100;46;46;0;2.646;2.646;0.000;0.000;19.600;1.333;7.6;0.0;0;26;3.090;2.344;10.8;-500;-8.4;0;0;0;0;95;98;0;0;1472;102.46;0;0;0;0;0;0;0;0;0;0;0;0;0;0;0;0;26;0;40.0;40.0;2;0;0.00;0.00;0.00;0.0;0.0
130.098;139;868;41;35588;0.0;19.700;1.340;41;49;13;0;100;99;100;124;100;189;100;47;47;0;2.585;2.585;0.000;0.000;19.700;1.340;7.5;0.0;0;26;3.090;3.269;10.8;-80;-8.3;0;0;0;0;96;98;0;0;1472;101.75;0;0;0;0;0;0;0;0;0;0;0;0;0;0;0;0;26;0;41.0;41.0;2;0;0.00;0.00;0.00;0.0;0.0
130.161;139;841;41;34481;0.0;19.700;1.340;41;49;13;0;100;99;100;124;100;189;100;46;46;0;2.572;2.572;0.000;0.000;19.700;1.340;7.2;0.0;0;26;3.090;2.494;10.8;-80;-8.3;0;0;0;0;96;98;0;0;1472;105.02;0;0;0;0;0;0;0;0;0;0;0;0;0;0;0;0;26;0;41.0;41.0;2;0;0.00;0.00;0.00;0.0;0.0
130.228;139;811;42;34062;0.0;19.700;1.340;41;49;13;0;100;99;100;124;100;189;100;46;46;0;2.602;2.602;0.000;0.000;19.700;1.340;7.0;0.0;0;25;3.090;1.752;10.8;-270;-8.1;0;0;0;0;97;98;0;0;1472;108.90;0;0;0;0;0;0;0;0;0;0;0;0;0;0;0;0;25;0;42.0;42.0;2;0;0.00;0.00;0.00;0.0;0.0
130.294;139;810;43;34830;0.0;19.700;1.340;41;49;13;0;100;99;100;124;100;189;100;47;47;0;2.544;2.544;0.000;0.000;19.700;1.340;6.9;0.0;0;25;3.060;2.856;11.2;-310;-8.0;0;0;0;0;98;98;0;0;1472;109.04;0;0;0;0;0;0;0;0;0;0;0;0;0;0;0;0;25;0;43.0;43.0;2;0;0.00;0.00;0.00;0.0;0.0
130.359;139;790;43;33970;0.0;19.700;1.340;41;49;13;0;100;99;100;124;100;189;100;47;47;0;2.544;2.544;0.000;0.000;19.700;1.340;6.7;0.0;0;24;3.060;2.258;11.2;-310;-8.0;0;0;0;0;98;98;0;0;1472;111.80;0;0;0;0;0;0;0;0;0;0;0;0;0;0;0;0;24;0;43.0;43.0;2;0;0.00;0.00;0.00;0.0;0.0
130.425;139;809;43;34787;0.0;19.400;1.320;41;49;13;0;100;99;100;124;100;189;100;47;47;0;2.544;2.544;0.000;0.000;19.400;1.320;6.9;0.0;0;25;3.060;2.935;11.2;30;-8.0;0;0;0;0;99;98;0;0;1472;109.17;0;0;0;0;0;0;0;0;0;0;0;0;0;0;0;0;25;0;43.0;43.0;2;0;0.00;0.00;0.00;0.0;0.0
130.494;139;790;43;33970;0.0;19.700;1.340;41;49;13;0;100;99;100;124;100;189;100;47;47;0;2.496;2.496;0.000;0.000;19.700;1.340;6.6;0.0;0;24;3.060;2.639;11.4;-230;-8.0;0;0;0;0;99;98;0;0;1472;111.80;0;0;0;0;0;0;0;0;0;0;0;0;0;0;0;0;24;0;43.0;43.0;2;0;0.00;0.00;0.00;0.0;0.0
130.559;139;807;44;35508;0.0;19.700;1.340;41;49;13;0;100;99;100;124;100;189;100;47;47;0;2.511;2.511;0.000;0.000;19.700;1.340;6.8;0.0;0;25;3.060;3.500;11.4;-230;-7.8;0;0;0;0;99;98;0;0;1472;109.44;0;0;0;0;0;0;0;0;0;0;0;0;0;0;0;0;25;0;44.0;44.0;2;0;0.00;0.00;0.00;0.0;0.0
130.625;139;806;44;35464;0.0;19.700;1.340;41;49;13;0;100;99;100;124;100;189;100;47;47;0;2.511;2.511;0.000;0.000;19.700;1.340;6.7;0.0;0;25;3.060;2.909;11.4;170;-7.8;0;0;0;0;100;98;0;0;1472;109.58;0;0;0;0;0;0;0;0;0;0;0;0;0;0;0;0;25;0;44.0;44.0;2;0;0.00;0.00;0.00;0.0;0.0
130.694;139;832;44;36608;0.0;19.200;1.306;41;49;13;0;100;99;100;124;100;189;100;48;48;0;2.527;2.527;0.000;0.000;19.200;1.306;7.0;0.0;0;25;3.060;3.752;11.4;250;-7.8;0;0;0;1;100;98;0;0;1472;106.15;0;0;0;0;0;0;0;0;0;0;0;0;0;0;0;0;25;0;44.0;44.0;2;0;0.00;0.00;0.00;0.0;0.0
130.760;139;840;43;36120;0.0;19.700;1.340;41;49;13;0;100;99;100;124;100;189;100;48;48;0;2.451;2.451;0.000;0.000;19.700;1.340;6.9;0.0;0;26;3.030;2.978;11.7;250;-8.0;0;0;0;0;101;98;0;0;1472;105.14;0;0;0;0;0;0;0;0;0;0;0;0;0;0;0;0;26;0;43.0;43.0;2;0;0.00;0.00;0.00;0.0;0.0
130.826;139;857;42;35994;0.0;19.700;1.340;41;49;13;0;100;99;100;124;100;189;100;47;47;0;2.421;2.421;0.000;0.000;19.700;1.340;6.9;0.0;0;26;3.030;2.990;11.7;120;-8.1;0;0;0;0;102;98;0;0;1472;103.06;0;0;0;0;0;0;0;0;0;0;0;0;0;0;0;0;26;0;42.0;42.0;2;0;0.00;0.00;0.00;0.0;0.0
130.891;139;851;41;34891;0.0;19.700;1.340;41;49;13;0;100;99;100;124;100;189;100;46;46;0;2.380;2.380;0.000;0.000;19.700;1.340;6.8;0.0;0;26;3.030;2.951;11.7;120;-8.3;0;0;0;0;102;98;0;0;1472;103.78;0;0;0;0;0;0;0;0;0;0;0;0;0;0;0;0;26;0;41.0;41.0;2;0;0.00;0.00;0.00;0.0;0.0
130.960;139;860;42;36120;0.0;19.700;1.340;41;49;13;0;100;99;100;124;100;189;100;47;47;0;2.421;2.421;0.000;0.000;19.700;1.340;6.9;0.0;0;26;3.030;2.488;11.7;70;-8.1;0;0;0;0;103;98;0;0;1472;102.70;0;0;0;0;0;0;0;0;0;0;0;0;0;0;0;0;26;0;42.0;42.0;2;0;0.00;0.00;0.00;0.0;0.0
131.027;140;852;41;34932;0.0;19.700;1.340;41;49;13;0;100;99;100;124;100;189;100;46;46;0;2.332;2.332;0.000;0.000;19.700;1.340;6.6;0.0;0;26;3.030;3.109;11.9;120;-8.3;0;0;0;0;104;98;0;0;1709;120.35;0;0;0;0;0;0;0;0;0;0;0;0;0;0;0;0;26;0;41.0;41.0;2;0;0.00;0.00;0.00;0.0;0.0
131.093;140;859;42;36078;0.0;19.700;1.340;41;49;13;0;100;99;100;124;100;189;100;47;47;0;2.373;2.373;0.000;0.000;19.700;1.340;6.8;0.0;0;26;3.030;2.612;11.9;120;-8.1;0;0;0;0;104;98;0;0;1709;119.37;0;0;0;0;0;0;0;0;0;0;0;0;0;0;0;0;26;0;42.0;42.0;2;0;0.00;0.00;0.00;0.0;0.0
131.162;140;847;41;34727;0.0;19.700;1.340;41;49;13;0;100;99;100;124;100;189;100;46;46;0;2.332;2.332;0.000;0.000;19.700;1.340;6.6;0.0;0;26;3.030;2.496;11.9;-40;-8.3;0;0;0;0;105;98;0;0;1709;121.06;0;0;0;0;0;0;0;0;0;0;0;0;0;0;0;0;26;0;41.0;41.0;2;0;0.00;0.00;0.00;0.0;0.0
131.229;140;826;42;34692;0.0;19.700;1.340;41;49;13;0;100;99;100;124;100;189;100;47;47;0;2.373;2.373;0.000;0.000;19.700;1.340;6.5;0.0;0;25;3.030;2.183;11.9;-330;-8.1;0;0;0;0;106;98;0;0;1709;124.14;0;0;0;0;0;0;0;0;0;0;0;0;0;0;0;0;25;0;42.0;42.0;2;0;0.00;0.00;0.00;0.0;0.0
131.298;140;820;42;34440;0.0;19.700;1.340;41;49;13;0;100;99;100;124;100;189;100;47;47;0;2.349;2.349;0.000;0.000;19.700;1.340;6.4;0.0;0;25;3.030;2.633;12.0;-330;-8.1;0;0;0;0;106;98;0;0;1709;125.05;0;0;0;0;0;0;0;0;0;0;0;0;0;0;0;0;25;0;42.0;42.0;2;0;0.00;0.00;0.00;0.0;0.0
131.365;140;811;42;34062;0.0;19.700;1.340;41;49;13;0;100;99;100;124;100;189;100;46;46;0;2.338;2.338;0.000;0.000;19.700;1.340;6.3;0.0;0;25;3.030;2.821;12.0;-60;-8.1;0;0;0;0;107;98;0;0;1709;126.44;0;0;0;0;0;0;0;0;0;0;0;0;0;0;0;0;25;0;42.0;42.0;2;0;0.00;0.00;0.00;0.0;0.0
131.434;140;841;43;36163;0.0;19.700;1.340;41;49;13;0;100;99;100;124;100;189;100;47;47;0;2.364;2.364;0.000;0.000;19.700;1.340;6.6;0.0;0;26;3.030;3.664;12.0;120;-8.0;0;0;0;0;108;98;0;0;1709;121.93;0;0;0;0;0;0;0;0;0;0;0;0;0;0;0;0;26;0;43.0;43.0;2;0;0.00;0.00;0.00;0.0;0.0
131.497;140;829;42;34818;0.0;19.700;1.340;41;49;13;0;100;99;100;124;100;189;100;47;47;0;2.349;2.349;0.000;0.000;19.700;1.340;6.5;0.0;0;25;3.030;2.717;12.0;120;-8.1;0;0;0;0;108;98;0;0;1709;123.69;0;0;0;0;0;0;0;0;0;0;0;0;0;0;0;0;25;0;42.0;42.0;2;0;0.00;0.00;0.00;0.0;0.0
131.563;140;842;42;35364;0.0;19.700;1.340;41;49;13;0;100;99;100;124;100;189;100;47;47;0;2.325;2.325;0.000;0.000;19.700;1.340;6.5;0.0;0;26;3.000;3.411;12.1;-30;-8.1;0;0;0;0;109;98;0;0;1709;121.78;0;0;0;0;0;0;0;0;0;0;0;0;0;0;0;0;26;0;42.0;42.0;2;0;0.00;0.00;0.00;0.0;0.0
131.628;140;834;42;35028;0.0;19.700;1.340;41;49;13;0;100;99;100;124;100;189;100;47;47;0;2.325;2.325;0.000;0.000;19.700;1.340;6.5;0.0;0;26;3.000;2.487;12.1;50;-8.1;0;0;0;0;110;98;0;0;1709;122.95;0;0;0;0;0;0;0;0;0;0;0;0;0;0;0;0;26;0;42.0;42.0;2;0;0.00;0.00;0.00;0.0;0.0
131.694;140;848;42;35616;0.0;19.700;1.340;41;49;13;0;100;99;100;124;100;189;100;47;47;0;2.325;2.325;0.000;0.000;19.700;1.340;6.6;0.0;0;26;3.000;3.672;12.1;50;-8.1;0;0;0;0;110;98;0;0;1709;120.92;0;0;0;0;0;0;0;0;0;0;0;0;0;0;0;0;26;0;42.0;42.0;2;0;0.00;0.00;0.00;0.0;0.0
131.764;140;831;42;34902;0.0;19.700;1.340;41;49;13;0;100;99;100;124;100;189;100;47;47;0;2.313;2.313;0.000;0.000;19.700;1.340;6.4;0.0;0;25;3.000;2.320;12.2;80;-8.1;0;0;0;0;111;98;0;0;1709;123.39;0;0;0;0;0;0;0;0;0;0;0;0;0;0;0;0;25;0;42.0;42.0;2;0;0.00;0.00;0.00;0.0;0.0
131.829;140;846;42;35532;0.0;19.700;1.340;41;49;13;0;100;99;100;124;100;189;100;47;47;0;2.313;2.313;0.000;0.000;19.700;1.340;6.5;0.0;0;26;3.000;3.465;12.2;-110;-8.1;0;0;0;0;111;98;0;0;1709;121.21;0;0;0;0;0;0;0;0;0;0;0;0;0;0;0;0;26;0;42.0;42.0;2;0;0.00;0.00;0.00;0.0;0.0
131.897;140;842;42;35364;0.0;19.700;1.340;41;49;13;0;100;99;100;124;100;189;100;47;47;0;2.313;2.313;0.000;0.000;19.700;1.340;6.5;0.0;0;26;3.000;2.698;12.2;-110;-8.1;0;0;0;0;111;98;0;0;1709;121.78;0;0;0;0;0;0;0;0;0;0;0;0;0;0;0;0;26;0;42.0;42.0;2;0;0.00;0.00;0.00;0.0;0.0
131.965;140;847;42;35574;0.0;19.700;1.340;41;49;13;0;100;99;100;124;100;189;100;47;47;0;2.313;2.313;0.000;0.000;19.700;1.340;6.5;0.0;0;26;3.000;2.441;12.2;110;-8.1;0;0;0;0;111;98;0;0;1709;121.06;0;0;0;0;0;0;0;0;0;0;0;0;0;0;0;0;26;0;42.0;42.0;2;0;0.00;0.00;0.00;0.0;0.0
132.031;141;847;42;35574;0.0;19.700;1.340;41;49;13;0;100;99;100;124;100;189;100;47;47;0;2.301;2.301;0.000;0.000;19.700;1.340;6.5;0.0;0;26;3.000;3.030;12.3;100;-8.1;0;0;0;0;111;98;0;0;1767;125.17;0;0;0;0;0;0;0;0;0;0;0;0;0;0;0;0;26;0;42.0;42.0;2;0;0.00;0.00;0.00;0.0;0.0
132.097;141;856;42;35952;0.0;19.700;1.340;41;49;13;0;100;99;100;124;100;189;100;47;47;0;2.301;2.301;0.000;0.000;19.700;1.340;6.6;0.0;0;26;3.000;2.609;12.3;100;-8.1;0;0;0;0;111;98;0;0;1767;123.86;0;0;0;0;0;0;0;0;0;0;0;0;0;0;0;0;26;0;42.0;42.0;2;0;0.00;0.00;0.00;0.0;0.0
132.169;141;854;41;35014;0.0;19.700;1.340;41;49;13;0;100;99;100;124;100;189;100;46;46;0;2.260;2.260;0.000;0.000;19.700;1.340;6.4;0.0;0;26;3.000;2.733;12.3;40;-8.3;0;0;0;0;111;98;0;0;1767;124.15;0;0;0;0;0;0;0;0;0;0;0;0;0;0;0;0;26;0;41.0;41.0;2;0;0.00;0.00;0.00;0.0;0.0
132.236;141;832;41;34112;0.0;19.700;1.340;41;49;13;0;100;99;100;124;100;189;100;46;46;0;2.260;2.260;0.000;0.000;19.700;1.340;6.3;0.0;0;25;3.000;2.154;12.3;-240;-8.3;0;0;0;0;111;98;0;0;1767;127.43;0;0;0;0;0;0;0;0;0;0;0;0;0;0;0;0;25;0;41.0;41.0;2;0;0.00;0.00;0.00;0.0;0.0
132.302;141;850;42;35700;0.0;19.700;1.340;41;49;13;0;100;99;100;124;100;189;100;47;47;0;2.325;2.325;0.000;0.000;19.700;1.340;6.6;0.0;0;26;3.000;2.940;12.1;-240;-8.1;0;0;0;0;111;98;0;0;1767;124.73;0;0;0;0;0;0;0;0;0;0;0;0;0;0;0;0;26;0;42.0;42.0;2;0;0.00;0.00;0.00;0.0;0.0
132.370;141;852;41;34932;0.0;19.700;1.340;41;49;13;0;100;99;100;124;100;189;100;46;46;0;2.284;2.284;0.000;0.000;19.700;1.340;6.5;0.0;0;26;3.000;2.897;12.1;200;-8.3;0;0;0;0;111;98;0;0;1767;124.44;0;0;0;0;0;0;0;0;0;0;0;0;0;0;0;0;26;0;41.0;41.0;2;0;0.00;0.00;0.00;0.0;0.0
132.435;141;867;41;35547;0.0;19.700;1.340;41;49;13;0;100;99;100;124;100;189;100;47;47;0;2.297;2.297;0.000;0.000;19.700;1.340;6.6;0.0;0;26;3.000;3.000;12.1;150;-8.3;0;0;0;0;111;98;0;0;1767;122.28;0;0;0;0;0;0;0;0;0;0;0;0;0;0;0;0;26;0;41.0;41.0;2;0;0.00;0.00;0.00;0.0;0.0
132.503;141;859;41;35219;0.0;19.700;1.340;41;49;13;0;100;99;100;124;100;189;100;47;47;0;2.297;2.297;0.000;0.000;19.700;1.340;6.6;0.0;0;26;3.000;2.570;12.1;150;-8.3;0;0;0;0;111;98;0;0;1767;123.42;0;0;0;0;0;0;0;0;0;0;0;0;0;0;0;0;26;0;41.0;41.0;2;0;0.00;0.00;0.00;0.0;0.0
132.568;141;880;41;36080;0.0;19.700;1.340;41;49;13;0;100;99;100;124;100;189;100;47;47;0;2.285;2.285;0.000;0.000;19.700;1.340;6.7;0.0;0;27;3.000;3.050;12.2;130;-8.3;0;0;0;0;111;98;0;0;1767;120.48;0;0;0;0;0;0;0;0;0;0;0;0;0;0;0;0;27;0;41.0;41.0;2;0;0.00;0.00;0.00;0.0;0.0
132.634;141;871;41;35711;0.0;19.700;1.340;41;49;13;0;100;99;100;124;100;189;100;47;47;0;2.285;2.285;0.000;0.000;19.700;1.340;6.6;0.0;0;26;3.000;2.520;12.2;-90;-8.3;0;0;0;0;111;98;0;0;1767;121.72;0;0;0;0;0;0;0;0;0;0;0;0;0;0;0;0;26;0;41.0;41.0;2;0;0.00;0.00;0.00;0.0;0.0
132.703;141;874;39;34086;0.0;19.400;1.320;41;49;13;0;100;99;100;124;100;189;100;46;46;0;2.243;2.243;0.000;0.000;19.400;1.320;6.5;0.0;0;26;3.000;3.016;12.2;-90;-8.6;0;0;0;0;111;98;0;0;1767;121.30;0;0;0;0;0;0;0;0;0;0;0;0;0;0;0;0;26;0;39.0;39.0;2;0;0.00;0.00;0.00;0.0;0.0
132.769;141;874;41;35834;0.0;19.000;1.293;41;49;13;0;100;99;100;124;100;189;100;47;47;0;2.285;2.285;0.000;0.000;19.000;1.293;6.7;0.0;0;26;3.000;3.019;12.2;21340;-8.3;0;0;0;0;111;98;0;0;1767;121.30;0;0;0;0;0;0;0;0;0;0;0;0;0;0;0;0;26;0;41.0;41.0;2;0;0.00;0.00;0.00;0.0;0.0
132.835;141;874;41;35834;0.0;18.900;1.286;41;49;13;0;100;99;100;124;100;189;100;47;47;0;3.833;3.833;0.000;0.000;18.900;1.286;11.2;0.0;0;26;3.180;3.019;6.5;0;-8.3;0;0;0;0;111;98;0;0;1767;121.30;0;0;0;0;0;0;0;0;0;0;0;0;0;0;0;0;26;0;41.0;41.0;2;0;0.00;0.00;0.00;0.0;0.0
132.902;141;3005;41;123205;0.0;18.900;1.286;41;49;13;0;100;99;100;124;100;189;100;53;53;0;3.935;3.935;0.000;0.000;18.900;1.286;39.4;0.0;0;37;3.180;3.019;6.5;0;-8.3;0;0;0;0;111;98;0;0;1767;35.28;0;0;0;0;0;0;0;0;0;0;0;0;0;0;0;0;37;0;41.0;41.0;2;0;0.00;0.00;0.00;0.0;0.0
132.969;141;3005;41;123205;0.0;18.700;1.272;41;49;13;0;100;99;100;124;100;189;100;53;53;0;3.935;3.935;0.000;0.000;18.700;1.272;39.4;0.0;0;37;3.180;3.019;6.5;-21310;-8.3;0;0;0;0;111;98;0;0;1767;35.28;0;0;0;0;0;0;0;0;0;0;0;0;0;0;0;0;37;0;41.0;41.0;2;0;0.00;0.00;0.00;0.0;0.0
133.035;142;0;61;0;0.0;18.600;1.265;41;49;0;0;100;99;100;124;100;189;100;55;55;0;0.000;3.935;0.000;0.000;18.600;1.265;0.0;0.0;0;18;3.180;3.019;3.4;0;-5.4;0;0;0;0;0;98;0;0;1576;0.00;0;0;0;0;0;0;0;0;0;0;0;0;0;0;0;0;18;0;61.0;61.0;0;0;0.00;0.00;0.00;0.0;0.0
133.100;142;0;67;0;0.0;18.500;1.259;41;49;0;0;100;99;100;124;100;189;100;61;61;0;0.000;3.935;0.000;0.000;18.600;1.265;0.0;0.0;0;18;3.180;3.019;3.4;0;-4.5;0;0;0;0;0;98;0;0;1576;0.00;0;0;0;0;0;0;0;0;0;0;0;0;0;0;0;0;18;0;67.0;67.0;0;0;0.00;0.00;0.00;0.0;0.0
133.167;142;0;87;0;0.0;18.300;1.245;41;49;0;0;100;99;100;124;100;189;100;78;78;0;0.000;3.935;0.000;0.000;18.600;1.265;0.0;0.0;0;18;3.180;3.019;3.4;0;-1.6;0;0;0;0;93;98;0;0;1576;0.00;0;0;0;0;0;0;0;0;0;0;0;0;0;0;0;0;18;0;87.0;87.0;0;0;0.00;0.00;0.00;0.0;0.0
133.232;142;0;79;0;0.0;18.200;1.238;41;49;0;0;100;99;100;124;100;189;100;71;71;0;0.000;3.935;0.000;0.000;18.600;1.265;0.0;0.0;0;18;3.180;3.019;3.4;0;-2.8;0;0;0;0;93;98;0;0;1576;0.00;0;0;0;0;0;0;0;0;0;0;0;0;0;0;0;0;18;0;79.0;79.0;0;0;0.00;0.00;0.00;0.0;0.0
133.297;142;0;91;0;0.0;18.200;1.238;41;49;0;0;100;99;100;124;100;189;100;81;81;0;0.000;3.935;0.000;0.000;18.600;1.265;0.0;0.0;0;17;3.180;3.019;1.8;0;-1.0;0;0;0;0;93;98;0;0;1576;0.00;0;0;0;0;0;0;0;0;0;0;0;0;0;0;0;0;17;0;91.0;91.0;0;0;0.00;0.00;0.00;0.0;0.0
133.367;142;0;105;0;0.0;18.200;1.238;41;49;0;0;100;99;100;124;100;189;100;89;89;0;0.000;3.935;0.000;0.000;18.600;1.265;0.0;0.0;0;14;3.180;3.019;1.8;0;1.0;0;0;0;0;93;98;0;0;1576;0.00;0;0;0;0;0;0;0;0;0;0;0;0;0;0;0;0;14;0;105.0;105.0;0;0;0.00;0.00;0.00;0.0;0.0
133.432;142;0;97;0;0.0;18.200;1.238;41;49;0;0;100;99;100;124;100;189;100;87;87;0;0.000;3.935;0.000;0.000;18.600;1.265;0.0;0.0;0;15;3.180;3.019;1.8;0;-0.1;0;0;0;0;93;98;0;0;1576;0.00;0;0;0;0;0;0;0;0;0;0;0;0;0;0;0;0;15;0;97.0;97.0;0;0;0.00;0.00;0.00;0.0;0.0
133.497;142;0;97;0;0.0;18.100;1.231;41;49;0;0;100;99;100;124;100;189;100;87;87;0;0.000;3.935;0.000;0.000;18.600;1.265;0.0;0.0;0;15;3.180;3.019;1.8;0;-0.1;0;0;0;0;93;98;0;0;1576;0.00;0;0;0;0;0;0;0;0;0;0;0;0;0;0;0;0;15;0;97.0;97.0;0;0;0.00;0.00;0.00;0.0;0.0
133.568;142;0;93;0;0.0;17.900;1.218;41;49;0;0;100;99;100;124;100;189;100;84;84;0;0.000;3.935;0.000;0.000;18.600;1.265;0.0;0.0;0;16;3.180;3.019;0.9;0;-0.7;0;0;0;0;93;98;0;0;1576;0.00;0;0;0;0;0;0;0;0;0;0;0;0;0;0;0;0;16;0;93.0;93.0;0;0;0.00;0.00;0.00;0.0;0.0
133.637;142;0;98;0;0.0;17.900;1.218;41;49;0;0;100;99;100;124;100;189;100;88;88;0;0.000;3.935;0.000;0.000;18.600;1.265;0.0;0.0;0;15;3.180;3.019;0.9;0;0.0;0;0;0;0;93;98;0;0;1576;0.00;0;0;0;0;0;0;0;0;0;0;0;0;0;0;0;0;15;0;98.0;98.0;0;0;0.00;0.00;0.00;0.0;0.0
133.703;142;0;99;0;0.0;17.600;1.197;41;49;0;0;100;99;100;124;100;189;100;88;88;0;0.000;3.935;0.000;0.000;18.600;1.265;0.0;0.0;0;14;3.180;3.019;0.9;0;0.1;0;0;0;0;93;98;0;0;1576;0.00;0;0;0;0;0;0;0;0;0;0;0;0;0;0;0;0;14;0;99.0;99.0;0;0;0.00;0.00;0.00;0.0;0.0
133.767;142;0;99;0;0.0;17.600;1.197;41;49;0;0;100;99;100;124;100;189;100;88;88;0;0.000;3.935;0.000;0.000;18.600;1.265;0.0;0.0;0;14;3.180;3.019;0.9;0;0.1;0;0;0;0;93;98;0;0;1576;0.00;0;0;0;0;0;0;0;0;0;0;0;0;0;0;0;0;14;0;99.0;99.0;0;0;0.00;0.00;0.00;0.0;0.0
133.833;142;0;98;0;0.0;17.500;1.190;41;49;0;0;100;99;100;124;100;189;100;88;88;0;0.000;3.935;0.000;0.000;18.600;1.265;0.0;0.0;0;15;3.180;3.019;0.4;0;0.0;0;0;0;0;93;98;0;0;1576;0.00;0;0;0;0;0;0;0;0;0;0;0;0;0;0;0;0;15;0;98.0;98.0;0;0;0.00;0.00;0.00;0.0;0.0
133.897;142;0;98;0;0.0;17.300;1.177;41;49;0;0;100;99;100;124;100;189;100;88;88;0;0.000;3.935;0.000;0.000;18.600;1.265;0.0;0.0;0;15;3.180;3.019;0.4;0;0.0;0;0;0;0;93;98;0;0;1576;0.00;0;0;0;0;0;0;0;0;0;0;0;0;0;0;0;0;15;0;98.0;98.0;0;0;0.00;0.00;0.00;0.0;0.0
133.897;142;0;98;0;0.0;17.300;1.177;41;49;0;0;100;99;100;124;100;189;100;88;88;0;0.000;3.935;0.000;0.000;18.600;1.265;0.0;0.0;0;15;3.180;3.019;0.4;0;0.0;0;0;0;0;93;98;0;0;1576;0.00;0;0;0;0;0;0;0;0;0;0;0;0;0;0;0;0;15;0;98.0;98.0;0;0;0.00;0.00;0.00;0.0;0.0
134.029;142;0;98;0;0.0;17.300;1.177;41;49;0;0;100;99;100;124;100;189;100;88;88;0;0.000;3.935;0.000;0.000;18.600;1.265;0.0;0.0;0;15;3.180;3.019;0.4;0;0.0;0;0;0;0;93;98;0;0;1576;0.00;0;0;0;0;0;0;0;0;0;0;0;0;0;0;0;0;15;0;98.0;98.0;0;0;0.00;0.00;0.00;0.0;0.0
134.095;143;0;98;0;0.0;17.300;1.177;41;49;0;0;100;99;100;124;100;189;100;88;88;0;0.000;3.935;0.000;0.000;18.600;1.265;0.0;0.0;0;15;3.180;3.019;0.2;0;0.0;0;0;0;0;93;98;0;0;4085;0.00;0;0;0;0;0;0;0;0;0;0;0;0;0;0;0;0;15;0;98.0;98.0;0;0;0.00;0.00;0.00;0.0;0.0
134.164;143;0;98;0;0.0;17.300;1.177;41;49;0;0;100;99;100;124;100;189;100;88;88;0;0.000;3.935;0.000;0.000;18.600;1.265;0.0;0.0;0;15;3.180;3.019;0.2;0;0.0;0;0;0;0;93;98;0;0;4085;0.00;0;0;0;0;0;0;0;0;0;0;0;0;0;0;0;0;15;0;98.0;98.0;0;0;0.00;0.00;0.00;0.0;0.0
134.229;143;0;98;0;0.0;17.100;1.163;41;49;0;0;100;99;100;124;100;189;100;88;88;0;0.000;3.935;0.000;0.000;18.600;1.265;0.0;0.0;0;15;3.180;3.019;0.2;0;0.0;0;0;0;0;93;98;0;0;4085;0.00;0;0;0;0;0;0;0;0;0;0;0;0;0;0;0;0;15;0;98.0;98.0;0;0;0.00;0.00;0.00;0.0;0.0
134.294;143;0;98;0;0.0;17.000;1.156;41;49;0;0;100;99;100;124;100;189;100;88;88;0;0.000;3.935;0.000;0.000;18.600;1.265;0.0;0.0;0;15;3.180;3.019;0.2;0;0.0;0;0;0;0;93;98;0;0;4085;0.00;0;0;0;0;0;0;0;0;0;0;0;0;0;0;0;0;15;0;98.0;98.0;0;0;0.00;0.00;0.00;0.0;0.0
134.360;143;0;98;0;0.0;17.000;1.156;41;49;0;0;100;99;100;124;100;189;100;88;88;0;0.000;3.935;0.000;0.000;18.600;1.265;0.0;0.0;0;15;3.180;3.019;0.1;0;0.0;0;0;0;0;93;98;0;0;4085;0.00;0;0;0;0;0;0;0;0;0;0;0;0;0;0;0;0;15;0;98.0;98.0;0;0;0.00;0.00;0.00;0.0;0.0
134.427;143;0;98;0;0.0;17.000;1.156;41;49;0;0;100;99;100;124;100;189;100;88;88;0;0.000;3.935;0.000;0.000;18.600;1.265;0.0;0.0;0;15;3.180;3.019;0.1;0;0.0;0;0;0;0;93;98;0;0;4085;0.00;0;0;0;0;0;0;0;0;0;0;0;0;0;0;0;0;15;0;98.0;98.0;0;0;0.00;0.00;0.00;0.0;0.0
134.495;143;0;98;0;0.0;16.800;1.143;41;49;0;0;100;99;100;124;100;189;100;88;88;0;0.000;3.935;0.000;0.000;18.600;1.265;0.0;0.0;0;15;3.180;3.019;0.1;0;0.0;0;0;0;0;93;98;0;0;4085;0.00;0;0;0;0;0;0;0;0;0;0;0;0;0;0;0;0;15;0;98.0;98.0;0;0;0.00;0.00;0.00;0.0;0.0
134.561;143;0;98;0;0.0;16.700;1.136;41;49;0;0;100;99;100;124;100;189;100;88;88;0;0.000;3.935;0.000;0.000;18.600;1.265;0.0;0.0;0;15;3.180;3.019;0.0;0;0.0;0;0;0;0;93;98;0;0;4085;0.00;0;0;0;0;0;0;0;0;0;0;0;0;0;0;0;0;15;0;98.0;98.0;0;0;0.00;0.00;0.00;0.0;0.0
134.632;143;0;98;0;0.0;16.700;1.136;41;49;0;0;100;99;100;124;100;189;100;88;88;0;0.000;3.935;0.000;0.000;18.600;1.265;0.0;0.0;0;15;3.180;3.019;0.0;0;0.0;0;0;0;0;93;98;0;0;4085;0.00;0;0;0;0;0;0;0;0;0;0;0;0;0;0;0;0;15;0;98.0;98.0;0;0;0.00;0.00;0.00;0.0;0.0
134.632;143;0;98;0;0.0;16.700;1.136;41;49;0;0;100;99;100;124;100;189;100;88;88;0;0.000;3.935;0.000;0.000;18.600;1.265;0.0;0.0;0;15;3.180;3.019;0.0;0;0.0;0;0;0;0;93;98;0;0;4085;0.00;0;0;0;0;0;0;0;0;0;0;0;0;0;0;0;0;15;0;98.0;98.0;0;0;0.00;0.00;0.00;0.0;0.0
134.761;143;0;98;0;0.0;16.700;1.136;41;49;0;0;100;99;100;124;100;189;100;88;88;0;0.000;3.935;0.000;0.000;18.600;1.265;0.0;0.0;0;15;3.180;3.019;0.0;0;0.0;0;0;0;0;93;98;0;0;4085;0.00;0;0;0;0;0;0;0;0;0;0;0;0;0;0;0;0;15;0;98.0;98.0;0;0;0.00;0.00;0.00;0.0;0.0
134.828;143;0;98;0;0.0;16.600;1.129;41;49;0;0;100;99;100;124;100;189;100;88;88;0;0.000;3.935;0.000;0.000;18.600;1.265;0.0;0.0;0;15;3.180;3.019;0.0;0;0.0;0;0;0;0;93;98;0;0;4085;0.00;0;0;0;0;0;0;0;0;0;0;0;0;0;0;0;0;15;0;98.0;98.0;0;0;0.00;0.00;0.00;0.0;0.0
134.893;143;0;98;0;0.0;16.500;1.122;41;49;0;0;100;99;100;124;100;189;100;88;88;0;0.000;3.935;0.000;0.000;18.600;1.265;0.0;0.0;0;15;3.180;3.019;0.0;0;0.0;0;0;0;0;93;98;0;0;4085;0.00;0;0;0;0;0;0;0;0;0;0;0;0;0;0;0;0;15;0;98.0;98.0;0;0;0.00;0.00;0.00;0.0;0.0
134.962;143;0;98;0;0.0;16.500;1.122;41;49;0;0;100;99;100;124;100;189;100;88;88;0;0.000;3.935;0.000;0.000;18.600;1.265;0.0;0.0;0;15;3.180;3.019;0.0;0;0.0;0;0;0;0;93;98;0;0;4085;0.00;0;0;0;0;0;0;0;0;0;0;0;0;0;0;0;0;15;0;98.0;98.0;0;0;0.00;0.00;0.00;0.0;0.0
135.030;143;0;98;0;0.0;16.500;1.122;41;49;0;0;100;99;100;124;100;189;100;88;88;0;0.000;3.935;0.000;0.000;18.600;1.265;0.0;0.0;0;15;3.180;3.019;0.0;0;0.0;0;0;0;0;93;98;0;0;4085;0.00;0;0;0;0;0;0;0;0;0;0;0;0;0;0;0;0;15;0;98.0;98.0;0;0;0.00;0.00;0.00;0.0;0.0
135.097;144;0;98;0;0.0;16.500;1.122;41;49;0;0;100;99;100;124;100;189;100;88;88;0;0.000;3.935;0.000;0.000;18.600;1.265;0.0;0.0;0;15;3.180;3.019;0.0;0;0.0;0;0;0;0;93;98;0;0;4111;0.00;0;0;0;0;0;0;0;0;0;0;0;0;0;0;0;0;15;0;98.0;98.0;0;0;0.00;0.00;0.00;0.0;0.0
135.163;144;0;98;0;0.0;16.500;1.122;41;49;0;0;100;99;100;124;100;189;100;88;88;0;0.000;3.935;0.000;0.000;18.600;1.265;0.0;0.0;0;15;3.180;3.019;0.0;0;0.0;0;0;0;0;93;98;0;0;4111;0.00;0;0;0;0;0;0;0;0;0;0;0;0;0;0;0;0;15;0;98.0;98.0;0;0;0.00;0.00;0.00;0.0;0.0
135.228;144;0;98;0;0.0;16.500;1.122;41;49;0;0;100;99;100;124;100;189;100;88;88;0;0.000;3.935;0.000;0.000;18.600;1.265;0.0;0.0;0;15;3.180;3.019;0.0;0;0.0;0;0;0;0;93;98;0;0;4111;0.00;0;0;0;0;0;0;0;0;0;0;0;0;0;0;0;0;15;0;98.0;98.0;0;0;0.00;0.00;0.00;0.0;0.0
135.294;144;0;98;0;0.0;16.300;1.109;41;49;0;0;100;99;100;124;100;189;100;88;88;0;0.000;3.935;0.000;0.000;18.600;1.265;0.0;0.0;0;15;3.180;3.019;0.0;0;0.0;0;0;0;0;93;98;0;0;4111;0.00;0;0;0;0;0;0;0;0;0;0;0;0;0;0;0;0;15;0;98.0;98.0;0;0;0.00;0.00;0.00;0.0;0.0
135.363;144;0;98;0;0.0;16.200;1.102;41;49;0;0;100;99;100;124;100;189;100;88;88;0;0.000;3.935;0.000;0.000;18.600;1.265;0.0;0.0;0;15;3.180;3.019;0.0;0;0.0;0;0;0;0;93;98;0;0;4111;0.00;0;0;0;0;0;0;0;0;0;0;0;0;0;0;0;0;15;0;98.0;98.0;0;0;0.00;0.00;0.00;0.0;0.0
135.429;144;0;98;0;0.0;16.200;1.102;41;49;0;0;100;99;100;124;100;189;100;88;88;0;0.000;3.935;0.000;0.000;18.600;1.265;0.0;0.0;0;15;3.180;3.019;0.0;0;0.0;0;0;0;0;93;98;0;0;4111;0.00;0;0;0;0;0;0;0;0;0;0;0;0;0;0;0;0;15;0;98.0;98.0;0;0;0.00;0.00;0.00;0.0;0.0
135.495;144;0;98;0;0.0;16.200;1.102;41;49;0;0;100;99;100;124;100;189;100;88;88;0;0.000;3.935;0.000;0.000;18.600;1.265;0.0;0.0;0;15;3.180;3.019;0.0;0;0.0;0;0;0;0;93;98;0;0;4111;0.00;0;0;0;0;0;0;0;0;0;0;0;0;0;0;0;0;15;0;98.0;98.0;0;0;0.00;0.00;0.00;0.0;0.0
135.560;144;0;98;0;0.0;16.200;1.102;41;49;0;0;100;99;100;124;100;189;100;88;88;0;0.000;3.935;0.000;0.000;18.600;1.265;0.0;0.0;0;15;3.180;3.019;0.0;0;0.0;0;0;0;0;93;98;0;0;4111;0.00;0;0;0;0;0;0;0;0;0;0;0;0;0;0;0;0;15;0;98.0;98.0;0;0;0.00;0.00;0.00;0.0;0.0
135.626;144;0;98;0;0.0;16.200;1.102;41;48;0;0;100;99;100;124;100;189;100;88;88;0;0.000;3.935;0.000;0.000;18.600;1.265;0.0;0.0;0;15;3.180;3.019;0.0;0;0.0;0;0;0;0;90;98;0;0;4111;0.00;0;0;0;0;0;0;0;0;0;0;0;0;0;0;0;0;15;0;98.0;98.0;0;0;0.00;0.00;0.00;0.0;0.0
135.695;144;0;98;0;0.0;16.200;1.102;41;48;0;0;100;99;100;124;100;189;100;88;88;0;0.000;3.935;0.000;0.000;18.600;1.265;0.0;0.0;0;15;3.180;3.019;0.0;0;0.0;0;0;0;0;90;98;0;0;4111;0.00;0;0;0;0;0;0;0;0;0;0;0;0;0;0;0;0;15;0;98.0;98.0;0;0;0.00;0.00;0.00;0.0;0.0
135.762;144;0;98;0;0.0;15.900;1.082;41;48;0;0;100;99;100;124;100;189;100;88;88;0;0.000;3.935;0.000;0.000;18.600;1.265;0.0;0.0;0;15;3.180;3.019;0.0;0;0.0;0;0;0;0;90;98;0;0;4111;0.00;0;0;0;0;0;0;0;0;0;0;0;0;0;0;0;0;15;0;98.0;98.0;0;0;0.00;0.00;0.00;0.0;0.0
135.827;144;0;98;0;0.0;15.900;1.082;41;48;0;0;100;99;100;124;100;189;100;88;88;0;0.000;3.935;0.000;0.000;18.600;1.265;0.0;0.0;0;15;3.180;3.019;0.0;0;0.0;0;0;0;0;90;98;0;0;4111;0.00;0;0;0;0;0;0;0;0;0;0;0;0;0;0;0;0;15;0;98.0;98.0;0;0;0.00;0.00;0.00;0.0;0.0
135.892;144;0;98;0;0.0;15.800;1.075;41;48;0;0;100;99;100;124;100;189;100;88;88;0;0.000;3.935;0.000;0.000;18.600;1.265;0.0;0.0;0;15;3.180;3.019;0.0;0;0.0;0;0;0;0;90;98;0;0;4111;0.00;0;0;0;0;0;0;0;0;0;0;0;0;0;0;0;0;15;0;98.0;98.0;0;0;0.00;0.00;0.00;0.0;0.0
135.957;144;0;98;0;0.0;15.800;1.075;41;48;0;0;100;99;100;124;100;189;100;88;88;0;0.000;3.935;0.000;0.000;18.600;1.265;0.0;0.0;0;15;3.180;3.019;0.0;0;0.0;0;0;0;0;90;98;0;0;4111;0.00;0;0;0;0;0;0;0;0;0;0;0;0;0;0;0;0;15;0;98.0;98.0;0;0;0.00;0.00;0.00;0.0;0.0
136.027;144;0;98;0;0.0;15.800;1.075;41;48;0;0;100;99;100;124;100;189;100;88;88;0;0.000;3.935;0.000;0.000;18.600;1.265;0.0;0.0;0;15;3.180;3.019;0.0;0;0.0;0;0;0;0;90;98;0;0;4111;0.00;0;0;0;0;0;0;0;0;0;0;0;0;0;0;0;0;15;0;98.0;98.0;0;0;0.00;0.00;0.00;0.0;0.0
136.094;145;0;98;0;0.0;15.800;1.075;41;48;0;0;100;99;100;124;100;189;100;88;88;0;0.000;3.935;0.000;0.000;18.600;1.265;0.0;0.0;0;15;3.180;3.019;0.0;0;0.0;0;0;0;0;90;98;0;0;4111;0.00;0;0;0;0;0;0;0;0;0;0;0;0;0;0;0;0;15;0;98.0;98.0;0;0;0.00;0.00;0.00;0.0;0.0
136.163;145;0;98;0;0.0;15.800;1.075;41;48;0;0;100;99;100;124;100;189;100;88;88;0;0.000;3.935;0.000;0.000;18.600;1.265;0.0;0.0;0;15;3.180;3.019;0.0;0;0.0;0;0;0;0;90;98;0;0;4111;0.00;0;0;0;0;0;0;0;0;0;0;0;0;0;0;0;0;15;0;98.0;98.0;0;0;0.00;0.00;0.00;0.0;0.0
136.228;145;0;98;0;0.0;15.800;1.075;41;48;0;0;100;99;100;124;100;189;100;88;88;0;0.000;3.935;0.000;0.000;18.600;1.265;0.0;0.0;0;15;3.180;3.019;0.0;0;0.0;0;0;0;0;90;98;0;0;4111;0.00;0;0;0;0;0;0;0;0;0;0;0;0;0;0;0;0;15;0;98.0;98.0;0;0;0.00;0.00;0.00;0.0;0.0
136.294;145;0;98;0;0.0;15.800;1.075;41;48;0;0;100;99;100;124;100;189;100;88;88;0;0.000;3.935;0.000;0.000;18.600;1.265;0.0;0.0;0;15;3.180;3.019;0.0;0;0.0;0;0;0;0;90;98;0;0;4111;0.00;0;0;0;0;0;0;0;0;0;0;0;0;0;0;0;0;15;0;98.0;98.0;0;0;0.00;0.00;0.00;0.0;0.0
136.366;145;0;98;0;0.0;15.800;1.075;41;48;0;0;100;99;100;124;100;189;100;88;88;0;0.000;3.935;0.000;0.000;18.600;1.265;0.0;0.0;0;15;3.180;3.019;0.0;0;0.0;0;0;0;0;90;98;0;0;4111;0.00;0;0;0;0;0;0;0;0;0;0;0;0;0;0;0;0;15;0;98.0;98.0;0;0;0.00;0.00;0.00;0.0;0.0
136.436;145;0;98;0;0.0;15.800;1.075;41;48;0;0;100;99;100;124;100;189;100;88;88;0;0.000;3.935;0.000;0.000;18.600;1.265;0.0;0.0;0;15;3.180;3.019;0.0;0;0.0;0;0;0;0;90;98;0;0;4111;0.00;0;0;0;0;0;0;0;0;0;0;0;0;0;0;0;0;15;0;98.0;98.0;0;0;0.00;0.00;0.00;0.0;0.0
136.498;145;0;98;0;0.0;15.700;1.068;41;48;0;0;100;99;100;124;100;189;100;88;88;0;0.000;3.935;0.000;0.000;18.600;1.265;0.0;0.0;0;15;3.180;3.019;0.0;0;0.0;0;0;0;0;90;98;0;0;4111;0.00;0;0;0;0;0;0;0;0;0;0;0;0;0;0;0;0;15;0;98.0;98.0;0;0;0.00;0.00;0.00;0.0;0.0
136.565;145;0;98;0;0.0;15.600;1.061;41;48;0;0;100;99;100;124;100;189;100;88;88;0;0.000;3.935;0.000;0.000;18.600;1.265;0.0;0.0;0;15;3.180;3.019;0.0;0;0.0;0;0;0;0;90;98;0;0;4111;0.00;0;0;0;0;0;0;0;0;0;0;0;0;0;0;0;0;15;0;98.0;98.0;0;0;0.00;0.00;0.00;0.0;0.0
136.629;145;0;98;0;0.0;15.600;1.061;41;48;0;0;100;99;100;124;100;189;100;88;88;0;0.000;3.935;0.000;0.000;18.600;1.265;0.0;0.0;0;15;3.180;3.019;0.0;0;0.0;0;0;0;0;90;98;0;0;4111;0.00;0;0;0;0;0;0;0;0;0;0;0;0;0;0;0;0;15;0;98.0;98.0;0;0;0.00;0.00;0.00;0.0;0.0
136.695;145;0;98;0;0.0;15.600;1.061;41;48;0;0;100;99;100;124;100;189;100;88;88;0;0.000;3.935;0.000;0.000;18.600;1.265;0.0;0.0;0;15;3.180;3.019;0.0;0;0.0;0;0;0;0;90;98;0;0;4111;0.00;0;0;0;0;0;0;0;0;0;0;0;0;0;0;0;0;15;0;98.0;98.0;0;0;0.00;0.00;0.00;0.0;0.0
136.761;145;0;98;0;0.0;15.600;1.061;41;48;0;0;100;99;100;124;100;189;100;88;88;0;0.000;3.935;0.000;0.000;18.600;1.265;0.0;0.0;0;15;3.180;3.019;0.0;0;0.0;0;0;0;0;90;98;0;0;4111;0.00;0;0;0;0;0;0;0;0;0;0;0;0;0;0;0;0;15;0;98.0;98.0;0;0;0.00;0.00;0.00;0.0;0.0
136.837;145;0;98;0;0.0;15.600;1.061;41;48;0;0;100;99;100;124;100;189;100;88;88;0;0.000;3.935;0.000;0.000;18.600;1.265;0.0;0.0;0;15;3.180;3.019;0.0;0;0.0;0;0;0;0;90;98;0;0;4111;0.00;0;0;0;0;0;0;0;0;0;0;0;0;0;0;0;0;15;0;98.0;98.0;0;0;0.00;0.00;0.00;0.0;0.0
136.901;145;0;98;0;0.0;15.600;1.061;41;48;0;0;100;99;100;124;100;189;100;88;88;0;0.000;3.935;0.000;0.000;18.600;1.265;0.0;0.0;0;15;3.180;3.019;0.0;0;0.0;0;0;0;0;90;98;0;0;4111;0.00;0;0;0;0;0;0;0;0;0;0;0;0;0;0;0;0;15;0;98.0;98.0;0;0;0.00;0.00;0.00;0.0;0.0
136.967;145;0;98;0;0.0;15.600;1.061;41;48;0;0;100;99;100;124;100;189;100;88;88;0;0.000;3.935;0.000;0.000;18.600;1.265;0.0;0.0;0;15;3.180;3.019;0.0;0;0.0;0;0;0;0;90;98;0;0;4111;0.00;0;0;0;0;0;0;0;0;0;0;0;0;0;0;0;0;15;0;98.0;98.0;0;0;0.00;0.00;0.00;0.0;0.0
137.032;145;0;98;0;0.0;15.600;1.061;41;48;0;0;100;99;100;124;100;189;100;88;88;0;0.000;3.935;0.000;0.000;18.600;1.265;0.0;0.0;0;15;3.180;3.019;0.0;0;0.0;0;0;0;0;90;98;0;0;4111;0.00;0;0;0;0;0;0;0;0;0;0;0;0;0;0;0;0;15;0;98.0;98.0;0;0;0.00;0.00;0.00;0.0;0.0
137.098;146;0;98;0;0.0;15.600;1.061;41;48;0;0;100;99;100;124;100;189;100;88;88;0;0.000;3.935;0.000;0.000;18.600;1.265;0.0;0.0;0;15;3.180;3.019;0.0;0;0.0;0;0;0;0;90;98;0;0;4103;0.00;0;0;0;0;0;0;0;0;0;0;0;0;0;0;0;0;15;0;98.0;98.0;0;0;0.00;0.00;0.00;0.0;0.0
137.163;146;0;98;0;0.0;15.600;1.061;41;48;0;0;100;99;100;124;100;189;100;88;88;0;0.000;3.935;0.000;0.000;18.600;1.265;0.0;0.0;0;15;3.180;3.019;0.0;0;0.0;0;0;0;0;90;98;0;0;4103;0.00;0;0;0;0;0;0;0;0;0;0;0;0;0;0;0;0;15;0;98.0;98.0;0;0;0.00;0.00;0.00;0.0;0.0
137.230;146;0;98;0;0.0;15.500;1.054;41;48;0;0;100;99;100;124;100;189;100;88;88;0;0.000;3.935;0.000;0.000;18.600;1.265;0.0;0.0;0;15;3.180;3.019;0.0;0;0.0;0;0;0;0;90;98;0;0;4103;0.00;0;0;0;0;0;0;0;0;0;0;0;0;0;0;0;0;15;0;98.0;98.0;0;0;0.00;0.00;0.00;0.0;0.0
137.298;146;0;98;0;0.0;15.400;1.048;41;48;0;0;100;99;100;124;100;189;100;88;88;0;0.000;3.935;0.000;0.000;18.600;1.265;0.0;0.0;0;15;3.180;3.019;0.0;0;0.0;0;0;0;0;90;98;0;0;4103;0.00;0;0;0;0;0;0;0;0;0;0;0;0;0;0;0;0;15;0;98.0;98.0;0;0;0.00;0.00;0.00;0.0;0.0
137.364;146;0;98;0;0.0;15.400;1.048;41;48;0;0;100;99;100;124;100;189;100;88;88;0;0.000;3.935;0.000;0.000;18.600;1.265;0.0;0.0;0;15;3.180;3.019;0.0;0;0.0;0;0;0;0;90;98;0;0;4103;0.00;0;0;0;0;0;0;0;0;0;0;0;0;0;0;0;0;15;0;98.0;98.0;0;0;0.00;0.00;0.00;0.0;0.0
137.429;146;0;98;0;0.0;15.400;1.048;41;48;0;0;100;99;100;124;100;189;100;88;88;0;0.000;3.935;0.000;0.000;18.600;1.265;0.0;0.0;0;15;3.180;3.019;0.0;0;0.0;0;0;0;0;90;98;0;0;4103;0.00;0;0;0;0;0;0;0;0;0;0;0;0;0;0;0;0;15;0;98.0;98.0;0;0;0.00;0.00;0.00;0.0;0.0
137.496;146;0;98;0;0.0;15.400;1.048;41;48;0;0;100;99;100;124;100;189;100;88;88;0;0.000;3.935;0.000;0.000;18.600;1.265;0.0;0.0;0;15;3.180;3.019;0.0;0;0.0;0;0;0;0;90;98;0;0;4103;0.00;0;0;0;0;0;0;0;0;0;0;0;0;0;0;0;0;15;0;98.0;98.0;0;0;0.00;0.00;0.00;0.0;0.0
137.566;146;0;98;0;0.0;15.400;1.048;41;48;0;0;100;99;100;124;100;189;100;88;88;0;0.000;3.935;0.000;0.000;18.600;1.265;0.0;0.0;0;15;3.180;3.019;0.0;0;0.0;0;0;0;0;90;98;0;0;4103;0.00;0;0;0;0;0;0;0;0;0;0;0;0;0;0;0;0;15;0;98.0;98.0;0;0;0.00;0.00;0.00;0.0;0.0
137.637;146;0;98;0;0.0;15.400;1.048;41;48;0;0;100;99;100;124;100;189;100;88;88;0;0.000;3.935;0.000;0.000;18.600;1.265;0.0;0.0;0;15;3.180;3.019;0.0;0;0.0;0;0;0;0;90;98;0;0;4103;0.00;0;0;0;0;0;0;0;0;0;0;0;0;0;0;0;0;15;0;98.0;98.0;0;0;0.00;0.00;0.00;0.0;0.0
137.700;146;0;98;0;0.0;15.300;1.041;41;48;0;0;100;99;100;124;100;189;100;88;88;0;0.000;3.935;0.000;0.000;18.600;1.265;0.0;0.0;0;15;3.180;3.019;0.0;0;0.0;0;0;0;0;90;98;0;0;4103;0.00;0;0;0;0;0;0;0;0;0;0;0;0;0;0;0;0;15;0;98.0;98.0;0;0;0.00;0.00;0.00;0.0;0.0
137.764;146;0;98;0;0.0;15.300;1.041;41;48;0;0;100;99;100;124;100;189;100;88;88;0;0.000;3.935;0.000;0.000;18.600;1.265;0.0;0.0;0;15;3.180;3.019;0.0;0;0.0;0;0;0;0;90;98;0;0;4103;0.00;0;0;0;0;0;0;0;0;0;0;0;0;0;0;0;0;15;0;98.0;98.0;0;0;0.00;0.00;0.00;0.0;0.0
137.831;146;0;98;0;0.0;15.300;1.041;41;48;0;0;100;99;100;124;100;189;100;88;88;0;0.000;3.935;0.000;0.000;18.600;1.265;0.0;0.0;0;15;3.180;3.019;0.0;0;0.0;0;0;0;0;90;98;0;0;4103;0.00;0;0;0;0;0;0;0;0;0;0;0;0;0;0;0;0;15;0;98.0;98.0;0;0;0.00;0.00;0.00;0.0;0.0
137.900;146;0;98;0;0.0;15.300;1.041;41;48;0;0;100;99;100;124;100;189;100;88;88;0;0.000;3.935;0.000;0.000;18.600;1.265;0.0;0.0;0;15;3.180;3.019;0.0;0;0.0;0;0;0;0;90;98;0;0;4103;0.00;0;0;0;0;0;0;0;0;0;0;0;0;0;0;0;0;15;0;98.0;98.0;0;0;0.00;0.00;0.00;0.0;0.0
137.965;146;0;98;0;0.0;15.300;1.041;41;48;0;0;100;99;100;124;100;189;100;88;88;0;0.000;3.935;0.000;0.000;18.600;1.265;0.0;0.0;0;15;3.180;3.019;0.0;0;0.0;0;0;0;0;90;98;0;0;4103;0.00;0;0;0;0;0;0;0;0;0;0;0;0;0;0;0;0;15;0;98.0;98.0;0;0;0.00;0.00;0.00;0.0;0.0
138.031;146;0;98;0;0.0;15.300;1.041;41;48;0;0;100;99;100;124;100;189;100;88;88;0;0.000;3.935;0.000;0.000;18.600;1.265;0.0;0.0;0;15;3.180;3.019;0.0;0;0.0;0;0;0;0;90;98;0;0;4103;0.00;0;0;0;0;0;0;0;0;0;0;0;0;0;0;0;0;15;0;98.0;98.0;0;0;0.00;0.00;0.00;0.0;0.0
138.097;146;0;98;0;0.0;15.300;1.041;41;48;0;0;100;99;100;124;100;189;100;88;88;0;0.000;3.935;0.000;0.000;18.600;1.265;0.0;0.0;0;15;3.180;3.019;0.0;0;0.0;0;0;0;0;90;98;0;0;4103;0.00;0;0;0;0;0;0;0;0;0;0;0;0;0;0;0;0;15;0;98.0;98.0;0;0;0.00;0.00;0.00;0.0;0.0
138.165;147;0;98;0;0.0;15.300;1.041;41;48;0;0;100;99;100;124;100;189;100;88;88;0;0.000;3.935;0.000;0.000;18.600;1.265;0.0;0.0;0;15;3.180;3.019;0.0;0;0.0;0;0;0;0;90;98;0;0;4091;0.00;0;0;0;0;0;0;0;0;0;0;0;0;0;0;0;0;15;0;98.0;98.0;0;0;0.00;0.00;0.00;0.0;0.0
138.231;147;0;98;0;0.0;15.300;1.041;41;48;0;0;100;99;100;124;100;189;100;88;88;0;0.000;3.935;0.000;0.000;18.600;1.265;0.0;0.0;0;15;3.180;3.019;0.0;0;0.0;0;0;0;0;90;98;0;0;4091;0.00;0;0;0;0;0;0;0;0;0;0;0;0;0;0;0;0;15;0;98.0;98.0;0;0;0.00;0.00;0.00;0.0;0.0
138.298;147;0;98;0;0.0;15.300;1.041;41;48;0;0;100;99;100;124;100;189;100;88;88;0;0.000;3.935;0.000;0.000;18.600;1.265;0.0;0.0;0;15;3.180;3.019;0.0;0;0.0;0;0;0;0;90;98;0;0;4091;0.00;0;0;0;0;0;0;0;0;0;0;0;0;0;0;0;0;15;0;98.0;98.0;0;0;0.00;0.00;0.00;0.0;0.0
138.365;147;0;98;0;0.0;15.300;1.041;41;48;0;0;100;99;100;124;100;189;100;88;88;0;0.000;3.935;0.000;0.000;18.600;1.265;0.0;0.0;0;15;3.180;3.019;0.0;0;0.0;0;0;0;0;90;98;0;0;4091;0.00;0;0;0;0;0;0;0;0;0;0;0;0;0;0;0;0;15;0;98.0;98.0;0;0;0.00;0.00;0.00;0.0;0.0
138.436;147;0;98;0;0.0;15.300;1.041;41;48;0;0;100;99;100;124;100;189;100;88;88;0;0.000;3.935;0.000;0.000;18.600;1.265;0.0;0.0;0;15;3.180;3.019;0.0;0;0.0;0;0;0;0;90;98;0;0;4091;0.00;0;0;0;0;0;0;0;0;0;0;0;0;0;0;0;0;15;0;98.0;98.0;0;0;0.00;0.00;0.00;0.0;0.0
138.497;147;0;98;0;0.0;15.300;1.041;41;48;0;0;100;99;100;124;100;189;100;88;88;0;0.000;3.935;0.000;0.000;18.600;1.265;0.0;0.0;0;15;3.180;3.019;0.0;0;0.0;0;0;0;0;90;98;0;0;4091;0.00;0;0;0;0;0;0;0;0;0;0;0;0;0;0;0;0;15;0;98.0;98.0;0;0;0.00;0.00;0.00;0.0;0.0
138.563;147;0;98;0;0.0;15.300;1.041;41;48;0;0;100;99;100;124;100;189;100;88;88;0;0.000;3.935;0.000;0.000;18.600;1.265;0.0;0.0;0;15;3.180;3.019;0.0;0;0.0;0;0;0;0;90;98;0;0;4091;0.00;0;0;0;0;0;0;0;0;0;0;0;0;0;0;0;0;15;0;98.0;98.0;0;0;0.00;0.00;0.00;0.0;0.0
138.628;147;0;98;0;0.0;15.300;1.041;41;48;0;0;100;99;100;124;100;189;100;88;88;0;0.000;3.935;0.000;0.000;18.600;1.265;0.0;0.0;0;15;3.180;3.019;0.0;0;0.0;0;0;0;0;90;98;0;0;4091;0.00;0;0;0;0;0;0;0;0;0;0;0;0;0;0;0;0;15;0;98.0;98.0;0;0;0.00;0.00;0.00;0.0;0.0
138.694;147;0;98;0;0.0;15.300;1.041;41;48;0;0;100;99;100;124;100;189;100;88;88;0;0.000;3.935;0.000;0.000;18.600;1.265;0.0;0.0;0;15;3.180;3.019;0.0;0;0.0;0;0;0;0;90;98;0;0;4091;0.00;0;0;0;0;0;0;0;0;0;0;0;0;0;0;0;0;15;0;98.0;98.0;0;0;0.00;0.00;0.00;0.0;0.0
138.759;147;0;98;0;0.0;15.300;1.041;41;48;0;0;100;99;100;124;100;189;100;88;88;0;0.000;3.935;0.000;0.000;18.600;1.265;0.0;0.0;0;15;3.180;3.019;0.0;0;0.0;0;0;0;0;90;98;0;0;4091;0.00;0;0;0;0;0;0;0;0;0;0;0;0;0;0;0;0;15;0;98.0;98.0;0;0;0.00;0.00;0.00;0.0;0.0
138.759;147;0;98;0;0.0;15.300;1.041;41;48;0;0;100;99;100;124;100;189;100;88;88;0;0.000;3.935;0.000;0.000;18.600;1.265;0.0;0.0;0;15;3.180;3.019;0.0;0;0.0;0;0;0;0;90;98;0;0;4091;0.00;0;0;0;0;0;0;0;0;0;0;0;0;0;0;0;0;15;0;98.0;98.0;0;0;0.00;0.00;0.00;0.0;0.0
138.894;147;0;98;0;0.0;15.300;1.041;41;48;0;0;100;99;100;124;100;189;100;88;88;0;0.000;3.935;0.000;0.000;18.600;1.265;0.0;0.0;0;15;3.180;3.019;0.0;0;0.0;0;0;0;0;90;98;0;0;4091;0.00;0;0;0;0;0;0;0;0;0;0;0;0;0;0;0;0;15;0;98.0;98.0;0;0;0.00;0.00;0.00;0.0;0.0
138.960;147;0;98;0;0.0;15.300;1.041;41;48;0;0;100;99;100;124;100;189;100;88;88;0;0.000;3.935;0.000;0.000;18.600;1.265;0.0;0.0;0;15;3.180;3.019;0.0;0;0.0;0;0;0;0;90;98;0;0;4091;0.00;0;0;0;0;0;0;0;0;0;0;0;0;0;0;0;0;15;0;98.0;98.0;0;0;0.00;0.00;0.00;0.0;0.0
139.025;147;0;98;0;0.0;15.300;1.041;41;48;0;0;100;99;100;124;100;189;100;88;88;0;0.000;3.935;0.000;0.000;18.600;1.265;0.0;0.0;0;15;3.180;3.019;0.0;0;0.0;0;0;0;0;90;98;0;0;4091;0.00;0;0;0;0;0;0;0;0;0;0;0;0;0;0;0;0;15;0;98.0;98.0;0;0;0.00;0.00;0.00;0.0;0.0
139.095;147;0;98;0;0.0;15.300;1.041;41;48;0;0;100;99;100;124;100;189;100;88;88;0;0.000;3.935;0.000;0.000;18.600;1.265;0.0;0.0;0;15;3.180;3.019;0.0;0;0.0;0;0;0;0;90;98;0;0;4091;0.00;0;0;0;0;0;0;0;0;0;0;0;0;0;0;0;0;15;0;98.0;98.0;0;0;0.00;0.00;0.00;0.0;0.0
139.160;148;0;98;0;0.0;15.200;1.034;41;48;0;0;100;99;100;124;100;189;100;88;88;0;0.000;3.935;0.000;0.000;18.600;1.265;0.0;0.0;0;15;3.180;3.019;0.0;0;0.0;0;0;0;0;90;98;0;0;4102;0.00;0;0;0;0;0;0;0;0;0;0;0;0;0;0;0;0;15;0;98.0;98.0;0;0;0.00;0.00;0.00;0.0;0.0
139.227;148;0;98;0;0.0;15.100;1.027;41;48;0;0;100;99;100;124;100;189;100;88;88;0;0.000;3.935;0.000;0.000;18.600;1.265;0.0;0.0;0;15;3.180;3.019;0.0;0;0.0;0;0;0;0;90;98;0;0;4102;0.00;0;0;0;0;0;0;0;0;0;0;0;0;0;0;0;0;15;0;98.0;98.0;0;0;0.00;0.00;0.00;0.0;0.0
139.296;148;0;98;0;0.0;15.100;1.027;41;48;0;0;100;99;100;124;100;189;100;88;88;0;0.000;3.935;0.000;0.000;18.600;1.265;0.0;0.0;0;15;3.180;3.019;0.0;0;0.0;0;0;0;0;90;98;0;0;4102;0.00;0;0;0;0;0;0;0;0;0;0;0;0;0;0;0;0;15;0;98.0;98.0;0;0;0.00;0.00;0.00;0.0;0.0
139.362;148;0;98;0;0.0;15.100;1.027;41;48;0;0;100;99;100;124;100;189;100;88;88;0;0.000;3.935;0.000;0.000;18.600;1.265;0.0;0.0;0;15;3.180;3.019;0.0;0;0.0;0;0;0;0;90;98;0;0;4102;0.00;0;0;0;0;0;0;0;0;0;0;0;0;0;0;0;0;15;0;98.0;98.0;0;0;0.00;0.00;0.00;0.0;0.0
139.428;148;0;98;0;0.0;15.100;1.027;41;48;0;0;100;99;100;124;100;189;100;88;88;0;0.000;3.935;0.000;0.000;18.600;1.265;0.0;0.0;0;15;3.180;3.019;0.0;0;0.0;0;0;0;0;90;98;0;0;4102;0.00;0;0;0;0;0;0;0;0;0;0;0;0;0;0;0;0;15;0;98.0;98.0;0;0;0.00;0.00;0.00;0.0;0.0
139.496;148;0;98;0;0.0;15.100;1.027;41;48;0;0;100;99;100;124;100;189;100;88;88;0;0.000;3.935;0.000;0.000;18.600;1.265;0.0;0.0;0;15;3.180;3.019;0.0;0;0.0;0;0;0;0;90;98;0;0;4102;0.00;0;0;0;0;0;0;0;0;0;0;0;0;0;0;0;0;15;0;98.0;98.0;0;0;0.00;0.00;0.00;0.0;0.0
139.562;148;0;98;0;0.0;15.100;1.027;41;48;0;0;100;99;100;124;100;189;100;88;88;0;0.000;3.935;0.000;0.000;18.600;1.265;0.0;0.0;0;15;3.180;3.019;0.0;0;0.0;0;0;0;0;90;98;0;0;4102;0.00;0;0;0;0;0;0;0;0;0;0;0;0;0;0;0;0;15;0;98.0;98.0;0;0;0.00;0.00;0.00;0.0;0.0
139.628;148;0;98;0;0.0;15.100;1.027;41;48;0;0;100;99;100;124;100;189;100;88;88;0;0.000;3.935;0.000;0.000;18.600;1.265;0.0;0.0;0;15;3.180;3.019;0.0;0;0.0;0;0;0;0;90;98;0;0;4102;0.00;0;0;0;0;0;0;0;0;0;0;0;0;0;0;0;0;15;0;98.0;98.0;0;0;0.00;0.00;0.00;0.0;0.0
139.697;148;0;98;0;0.0;15.100;1.027;41;48;0;0;100;99;100;124;100;189;100;88;88;0;0.000;3.935;0.000;0.000;18.600;1.265;0.0;0.0;0;15;3.180;3.019;0.0;0;0.0;0;0;0;0;90;98;0;0;4102;0.00;0;0;0;0;0;0;0;0;0;0;0;0;0;0;0;0;15;0;98.0;98.0;0;0;0.00;0.00;0.00;0.0;0.0
139.697;148;0;98;0;0.0;15.100;1.027;41;48;0;0;100;99;100;124;100;189;100;88;88;0;0.000;3.935;0.000;0.000;18.600;1.265;0.0;0.0;0;15;3.180;3.019;0.0;0;0.0;0;0;0;0;90;98;0;0;4102;0.00;0;0;0;0;0;0;0;0;0;0;0;0;0;0;0;0;15;0;98.0;98.0;0;0;0.00;0.00;0.00;0.0;0.0
139.763;148;0;98;0;0.0;15.100;1.027;41;48;0;0;100;99;100;124;100;189;100;88;88;0;0.000;3.935;0.000;0.000;18.600;1.265;0.0;0.0;0;15;3.180;3.019;0.0;0;0.0;0;0;0;0;90;98;0;0;4102;0.00;0;0;0;0;0;0;0;0;0;0;0;0;0;0;0;0;15;0;98.0;98.0;0;0;0.00;0.00;0.00;0.0;0.0
139.897;148;0;98;0;0.0;15.100;1.027;41;48;0;0;100;99;100;124;100;189;100;88;88;0;0.000;3.935;0.000;0.000;18.600;1.265;0.0;0.0;0;15;3.180;3.019;0.0;0;0.0;0;0;0;0;90;98;0;0;4102;0.00;0;0;0;0;0;0;0;0;0;0;0;0;0;0;0;0;15;0;98.0;98.0;0;0;0.00;0.00;0.00;0.0;0.0
139.964;148;0;98;0;0.0;15.100;1.027;41;48;0;0;100;99;100;124;100;189;100;88;88;0;0.000;3.935;0.000;0.000;18.600;1.265;0.0;0.0;0;15;3.180;3.019;0.0;0;0.0;0;0;0;0;90;98;0;0;4102;0.00;0;0;0;0;0;0;0;0;0;0;0;0;0;0;0;0;15;0;98.0;98.0;0;0;0.00;0.00;0.00;0.0;0.0
140.029;148;0;98;0;0.0;15.100;1.027;41;48;0;0;100;99;100;124;100;189;100;88;88;0;0.000;3.935;0.000;0.000;18.600;1.265;0.0;0.0;0;15;3.180;3.019;0.0;0;0.0;0;0;0;0;90;98;0;0;4102;0.00;0;0;0;0;0;0;0;0;0;0;0;0;0;0;0;0;15;0;98.0;98.0;0;0;0.00;0.00;0.00;0.0;0.0
140.100;148;0;98;0;0.0;15.100;1.027;41;48;0;0;100;99;100;124;100;189;100;88;88;0;0.000;3.935;0.000;0.000;18.600;1.265;0.0;0.0;0;15;3.180;3.019;0.0;0;0.0;0;0;0;0;90;98;0;0;4102;0.00;0;0;0;0;0;0;0;0;0;0;0;0;0;0;0;0;15;0;98.0;98.0;0;0;0.00;0.00;0.00;0.0;0.0
140.165;149;0;98;0;0.0;15.100;1.027;41;48;0;0;100;99;100;124;100;189;100;88;88;0;0.000;3.935;0.000;0.000;18.600;1.265;0.0;0.0;0;15;3.180;3.019;0.0;0;0.0;0;0;0;0;90;98;0;0;4109;0.00;0;0;0;0;0;0;0;0;0;0;0;0;0;0;0;0;15;0;98.0;98.0;0;0;0.00;0.00;0.00;0.0;0.0
140.230;149;0;98;0;0.0;15.100;1.027;41;48;0;0;100;99;100;124;100;189;100;88;88;0;0.000;3.935;0.000;0.000;18.600;1.265;0.0;0.0;0;15;3.180;3.019;0.0;0;0.0;0;0;0;0;90;98;0;0;4109;0.00;0;0;0;0;0;0;0;0;0;0;0;0;0;0;0;0;15;0;98.0;98.0;0;0;0.00;0.00;0.00;0.0;0.0
140.294;149;0;98;0;0.0;15.100;1.027;41;48;0;0;100;99;100;124;100;189;100;88;88;0;0.000;3.935;0.000;0.000;18.600;1.265;0.0;0.0;0;15;3.180;3.019;0.0;0;0.0;0;0;0;0;90;98;0;0;4109;0.00;0;0;0;0;0;0;0;0;0;0;0;0;0;0;0;0;15;0;98.0;98.0;0;0;0.00;0.00;0.00;0.0;0.0
140.366;149;0;98;0;0.0;15.100;1.027;41;48;0;0;100;99;100;124;100;189;100;88;88;0;0.000;3.935;0.000;0.000;18.600;1.265;0.0;0.0;0;15;3.180;3.019;0.0;0;0.0;0;0;0;0;90;98;0;0;4109;0.00;0;0;0;0;0;0;0;0;0;0;0;0;0;0;0;0;15;0;98.0;98.0;0;0;0.00;0.00;0.00;0.0;0.0
140.430;149;0;98;0;0.0;15.100;1.027;41;48;0;0;100;99;100;124;100;189;100;88;88;0;0.000;3.935;0.000;0.000;18.600;1.265;0.0;0.0;0;15;3.180;3.019;0.0;0;0.0;0;0;0;0;90;98;0;0;4109;0.00;0;0;0;0;0;0;0;0;0;0;0;0;0;0;0;0;15;0;98.0;98.0;0;0;0.00;0.00;0.00;0.0;0.0
140.430;149;0;98;0;0.0;15.100;1.027;41;48;0;0;100;99;100;124;100;189;100;88;88;0;0.000;3.935;0.000;0.000;18.600;1.265;0.0;0.0;0;15;3.180;3.019;0.0;0;0.0;0;0;0;0;90;98;0;0;4109;0.00;0;0;0;0;0;0;0;0;0;0;0;0;0;0;0;0;15;0;98.0;98.0;0;0;0.00;0.00;0.00;0.0;0.0
140.565;149;0;98;0;0.0;15.100;1.027;41;48;0;0;100;99;100;124;100;189;100;88;88;0;0.000;3.935;0.000;0.000;18.600;1.265;0.0;0.0;0;15;3.180;3.019;0.0;0;0.0;0;0;0;0;90;98;0;0;4109;0.00;0;0;0;0;0;0;0;0;0;0;0;0;0;0;0;0;15;0;98.0;98.0;0;0;0.00;0.00;0.00;0.0;0.0
140.631;149;0;98;0;0.0;15.100;1.027;41;48;0;0;100;99;100;124;100;189;100;88;88;0;0.000;3.935;0.000;0.000;18.600;1.265;0.0;0.0;0;15;3.180;3.019;0.0;0;0.0;0;0;0;0;90;98;0;0;4109;0.00;0;0;0;0;0;0;0;0;0;0;0;0;0;0;0;0;15;0;98.0;98.0;0;0;0.00;0.00;0.00;0.0;0.0
140.698;149;0;98;0;0.0;15.100;1.027;41;48;0;0;100;99;100;124;100;189;100;88;88;0;0.000;3.935;0.000;0.000;18.600;1.265;0.0;0.0;0;15;3.180;3.019;0.0;0;0.0;0;0;0;0;90;98;0;0;4109;0.00;0;0;0;0;0;0;0;0;0;0;0;0;0;0;0;0;15;0;98.0;98.0;0;0;0.00;0.00;0.00;0.0;0.0
140.762;149;0;98;0;0.0;15.100;1.027;41;48;0;0;100;99;100;124;100;189;100;88;88;0;0.000;3.935;0.000;0.000;18.600;1.265;0.0;0.0;0;15;3.180;3.019;0.0;0;0.0;0;0;0;0;90;98;0;0;4109;0.00;0;0;0;0;0;0;0;0;0;0;0;0;0;0;0;0;15;0;98.0;98.0;0;0;0.00;0.00;0.00;0.0;0.0
140.827;149;0;98;0;0.0;15.100;1.027;41;48;0;0;100;99;100;124;100;189;100;88;88;0;0.000;3.935;0.000;0.000;18.600;1.265;0.0;0.0;0;15;3.180;3.019;0.0;0;0.0;0;0;0;0;90;98;0;0;4109;0.00;0;0;0;0;0;0;0;0;0;0;0;0;0;0;0;0;15;0;98.0;98.0;0;0;0.00;0.00;0.00;0.0;0.0
140.895;149;0;98;0;0.0;15.100;1.027;41;48;0;0;100;99;100;124;100;189;100;88;88;0;0.000;3.935;0.000;0.000;18.600;1.265;0.0;0.0;0;15;3.180;3.019;0.0;0;0.0;0;0;0;0;90;98;0;0;4109;0.00;0;0;0;0;0;0;0;0;0;0;0;0;0;0;0;0;15;0;98.0;98.0;0;0;0.00;0.00;0.00;0.0;0.0
140.962;149;0;98;0;0.0;15.100;1.027;41;48;0;0;100;99;100;124;100;189;100;88;88;0;0.000;3.935;0.000;0.000;18.600;1.265;0.0;0.0;0;15;3.180;3.019;0.0;0;0.0;0;0;0;0;90;98;0;0;4109;0.00;0;0;0;0;0;0;0;0;0;0;0;0;0;0;0;0;15;0;98.0;98.0;0;0;0.00;0.00;0.00;0.0;0.0
141.028;149;0;98;0;0.0;15.100;1.027;41;48;0;0;100;99;100;124;100;189;100;88;88;0;0.000;3.935;0.000;0.000;18.600;1.265;0.0;0.0;0;15;3.180;3.019;0.0;0;0.0;0;0;0;0;90;98;0;0;4109;0.00;0;0;0;0;0;0;0;0;0;0;0;0;0;0;0;0;15;0;98.0;98.0;0;0;0.00;0.00;0.00;0.0;0.0
141.095;149;0;98;0;0.0;15.100;1.027;41;48;0;0;100;99;100;124;100;189;100;88;88;0;0.000;3.935;0.000;0.000;18.600;1.265;0.0;0.0;0;15;3.180;3.019;0.0;0;0.0;0;0;0;0;90;98;0;0;4109;0.00;0;0;0;0;0;0;0;0;0;0;0;0;0;0;0;0;15;0;98.0;98.0;0;0;0.00;0.00;0.00;0.0;0.0
141.164;150;0;98;0;0.0;15.100;1.027;41;48;0;0;100;99;100;124;100;189;100;88;88;0;0.000;3.935;0.000;0.000;18.600;1.265;0.0;0.0;0;15;3.180;3.019;0.0;0;0.0;0;0;0;0;90;98;0;0;4110;0.00;0;0;0;0;0;0;0;0;0;0;0;0;0;0;0;0;15;0;98.0;98.0;0;0;0.00;0.00;0.00;0.0;0.0
141.230;150;0;98;0;0.0;15.100;1.027;41;48;0;0;100;99;100;124;100;189;100;88;88;0;0.000;3.935;0.000;0.000;18.600;1.265;0.0;0.0;0;15;3.180;3.019;0.0;0;0.0;0;0;0;0;90;98;0;0;4110;0.00;0;0;0;0;0;0;0;0;0;0;0;0;0;0;0;0;15;0;98.0;98.0;0;0;0.00;0.00;0.00;0.0;0.0
141.295;150;0;98;0;0.0;15.100;1.027;41;48;0;0;100;99;100;124;100;189;100;88;88;0;0.000;3.935;0.000;0.000;18.600;1.265;0.0;0.0;0;15;3.180;3.019;0.0;0;0.0;0;0;0;0;90;98;0;0;4110;0.00;0;0;0;0;0;0;0;0;0;0;0;0;0;0;0;0;15;0;98.0;98.0;0;0;0.00;0.00;0.00;0.0;0.0
141.361;150;0;98;0;0.0;15.100;1.027;41;48;0;0;100;99;100;124;100;189;100;88;88;0;0.000;3.935;0.000;0.000;18.600;1.265;0.0;0.0;0;15;3.180;3.019;0.0;0;0.0;0;0;0;0;90;98;0;0;4110;0.00;0;0;0;0;0;0;0;0;0;0;0;0;0;0;0;0;15;0;98.0;98.0;0;0;0.00;0.00;0.00;0.0;0.0
141.429;150;0;98;0;0.0;15.100;1.027;41;48;0;0;100;99;100;124;100;189;100;88;88;0;0.000;3.935;0.000;0.000;18.600;1.265;0.0;0.0;0;15;3.180;3.019;0.0;0;0.0;0;0;0;0;90;98;0;0;4110;0.00;0;0;0;0;0;0;0;0;0;0;0;0;0;0;0;0;15;0;98.0;98.0;0;0;0.00;0.00;0.00;0.0;0.0
141.429;150;0;98;0;0.0;15.100;1.027;41;48;0;0;100;99;100;124;100;189;100;88;88;0;0.000;3.935;0.000;0.000;18.600;1.265;0.0;0.0;0;15;3.180;3.019;0.0;0;0.0;0;0;0;0;90;98;0;0;4110;0.00;0;0;0;0;0;0;0;0;0;0;0;0;0;0;0;0;15;0;98.0;98.0;0;0;0.00;0.00;0.00;0.0;0.0
141.562;150;0;98;0;0.0;15.100;1.027;41;48;0;0;100;99;100;124;100;189;100;88;88;0;0.000;3.935;0.000;0.000;18.600;1.265;0.0;0.0;0;15;3.180;3.019;0.0;0;0.0;0;0;0;0;90;98;0;0;4110;0.00;0;0;0;0;0;0;0;0;0;0;0;0;0;0;0;0;15;0;98.0;98.0;0;0;0.00;0.00;0.00;0.0;0.0
141.630;150;0;98;0;0.0;15.100;1.027;41;48;0;0;100;99;100;124;100;189;100;88;88;0;0.000;3.935;0.000;0.000;18.600;1.265;0.0;0.0;0;15;3.180;3.019;0.0;0;0.0;0;0;0;0;90;98;0;0;4110;0.00;0;0;0;0;0;0;0;0;0;0;0;0;0;0;0;0;15;0;98.0;98.0;0;0;0.00;0.00;0.00;0.0;0.0
141.699;150;0;98;0;0.0;15.100;1.027;41;48;0;0;100;99;100;124;100;189;100;88;88;0;0.000;3.935;0.000;0.000;18.600;1.265;0.0;0.0;0;15;3.180;3.019;0.0;0;0.0;0;0;0;0;90;98;0;0;4110;0.00;0;0;0;0;0;0;0;0;0;0;0;0;0;0;0;0;15;0;98.0;98.0;0;0;0.00;0.00;0.00;0.0;0.0
141.766;150;0;98;0;0.0;15.100;1.027;41;48;0;0;100;99;100;124;100;189;100;88;88;0;0.000;3.935;0.000;0.000;18.600;1.265;0.0;0.0;0;15;3.180;3.019;0.0;0;0.0;0;0;0;0;90;98;0;0;4110;0.00;0;0;0;0;0;0;0;0;0;0;0;0;0;0;0;0;15;0;98.0;98.0;0;0;0.00;0.00;0.00;0.0;0.0
141.831;150;0;98;0;0.0;15.100;1.027;41;48;0;0;100;99;100;124;100;189;100;88;88;0;0.000;3.935;0.000;0.000;18.600;1.265;0.0;0.0;0;15;3.180;3.019;0.0;0;0.0;0;0;0;0;90;98;0;0;4110;0.00;0;0;0;0;0;0;0;0;0;0;0;0;0;0;0;0;15;0;98.0;98.0;0;0;0.00;0.00;0.00;0.0;0.0
141.896;150;0;98;0;0.0;15.100;1.027;41;48;0;0;100;99;100;124;100;189;100;88;88;0;0.000;3.935;0.000;0.000;18.600;1.265;0.0;0.0;0;15;3.180;3.019;0.0;0;0.0;0;0;0;0;90;98;0;0;4110;0.00;0;0;0;0;0;0;0;0;0;0;0;0;0;0;0;0;15;0;98.0;98.0;0;0;0.00;0.00;0.00;0.0;0.0
141.964;150;0;98;0;0.0;15.100;1.027;41;48;0;0;100;99;100;124;100;189;100;88;88;0;0.000;3.935;0.000;0.000;18.600;1.265;0.0;0.0;0;15;3.180;3.019;0.0;0;0.0;0;0;0;0;90;98;0;0;4110;0.00;0;0;0;0;0;0;0;0;0;0;0;0;0;0;0;0;15;0;98.0;98.0;0;0;0.00;0.00;0.00;0.0;0.0
142.033;150;0;98;0;0.0;15.100;1.027;41;48;0;0;100;99;100;124;100;189;100;88;88;0;0.000;3.935;0.000;0.000;18.600;1.265;0.0;0.0;0;15;3.180;3.019;0.0;0;0.0;0;0;0;0;90;98;0;0;4110;0.00;0;0;0;0;0;0;0;0;0;0;0;0;0;0;0;0;15;0;98.0;98.0;0;0;0.00;0.00;0.00;0.0;0.0
142.098;150;0;98;0;0.0;15.100;1.027;41;48;0;0;100;99;100;124;100;189;100;88;88;0;0.000;3.935;0.000;0.000;18.600;1.265;0.0;0.0;0;15;3.180;3.019;0.0;0;0.0;0;0;0;0;90;98;0;0;4110;0.00;0;0;0;0;0;0;0;0;0;0;0;0;0;0;0;0;15;0;98.0;98.0;0;0;0.00;0.00;0.00;0.0;0.0
142.166;150;0;98;0;0.0;15.100;1.027;41;48;0;0;100;99;100;124;100;189;100;88;88;0;0.000;3.935;0.000;0.000;18.600;1.265;0.0;0.0;0;15;3.180;3.019;0.0;0;0.0;0;0;0;0;90;98;0;0;4110;0.00;0;0;0;0;0;0;0;0;0;0;0;0;0;0;0;0;15;0;98.0;98.0;0;0;0.00;0.00;0.00;0.0;0.0
142.233;151;0;98;0;0.0;15.100;1.027;41;48;0;0;100;99;100;124;100;189;100;88;88;0;0.000;3.935;0.000;0.000;18.600;1.265;0.0;0.0;0;15;3.180;3.019;0.0;0;0.0;0;0;0;0;90;98;0;0;4096;0.00;0;0;0;0;0;0;0;0;0;0;0;0;0;0;0;0;15;0;98.0;98.0;0;0;0.00;0.00;0.00;0.0;0.0
142.300;151;0;98;0;0.0;15.100;1.027;41;48;0;0;100;99;100;124;100;189;100;88;88;0;0.000;3.935;0.000;0.000;18.600;1.265;0.0;0.0;0;15;3.180;3.019;0.0;0;0.0;0;0;0;0;90;98;0;0;4096;0.00;0;0;0;0;0;0;0;0;0;0;0;0;0;0;0;0;15;0;98.0;98.0;0;0;0.00;0.00;0.00;0.0;0.0
142.369;151;0;98;0;0.0;15.100;1.027;41;48;0;0;100;99;100;124;100;189;100;88;88;0;0.000;3.935;0.000;0.000;18.600;1.265;0.0;0.0;0;15;3.180;3.019;0.0;0;0.0;0;0;0;0;90;98;0;0;4096;0.00;0;0;0;0;0;0;0;0;0;0;0;0;0;0;0;0;15;0;98.0;98.0;0;0;0.00;0.00;0.00;0.0;0.0
142.435;151;0;98;0;0.0;15.000;1.020;41;48;0;0;100;99;100;124;100;189;100;88;88;0;0.000;3.935;0.000;0.000;18.600;1.265;0.0;0.0;0;15;3.180;3.019;0.0;0;0.0;0;0;0;0;90;98;0;0;4096;0.00;0;0;0;0;0;0;0;0;0;0;0;0;0;0;0;0;15;0;98.0;98.0;0;0;0.00;0.00;0.00;0.0;0.0
142.500;151;0;98;0;0.0;15.100;1.027;41;48;0;0;100;99;100;124;100;189;100;88;88;0;0.000;3.935;0.000;0.000;18.600;1.265;0.0;0.0;0;15;3.180;3.019;0.0;0;0.0;0;0;0;0;90;98;0;0;4096;0.00;0;0;0;0;0;0;0;0;0;0;0;0;0;0;0;0;15;0;98.0;98.0;0;0;0.00;0.00;0.00;0.0;0.0
142.565;151;0;98;0;0.0;15.100;1.027;41;48;0;0;100;99;100;124;100;189;100;88;88;0;0.000;3.935;0.000;0.000;18.600;1.265;0.0;0.0;0;15;3.180;3.019;0.0;0;0.0;0;0;0;0;90;98;0;0;4096;0.00;0;0;0;0;0;0;0;0;0;0;0;0;0;0;0;0;15;0;98.0;98.0;0;0;0.00;0.00;0.00;0.0;0.0
142.630;151;0;98;0;0.0;15.100;1.027;41;48;0;0;100;99;100;124;100;189;100;88;88;0;0.000;3.935;0.000;0.000;18.600;1.265;0.0;0.0;0;15;3.180;3.019;0.0;0;0.0;0;0;0;0;90;98;0;0;4096;0.00;0;0;0;0;0;0;0;0;0;0;0;0;0;0;0;0;15;0;98.0;98.0;0;0;0.00;0.00;0.00;0.0;0.0
142.700;151;0;98;0;0.0;15.100;1.027;41;48;0;0;100;99;100;124;100;189;100;88;88;0;0.000;3.935;0.000;0.000;18.600;1.265;0.0;0.0;0;15;3.180;3.019;0.0;0;0.0;0;0;0;0;90;98;0;0;4096;0.00;0;0;0;0;0;0;0;0;0;0;0;0;0;0;0;0;15;0;98.0;98.0;0;0;0.00;0.00;0.00;0.0;0.0
142.765;151;0;98;0;0.0;15.000;1.020;41;48;0;0;100;99;100;124;100;189;100;88;88;0;0.000;3.935;0.000;0.000;18.600;1.265;0.0;0.0;0;15;3.180;3.019;0.0;0;0.0;0;0;0;0;90;98;0;0;4096;0.00;0;0;0;0;0;0;0;0;0;0;0;0;0;0;0;0;15;0;98.0;98.0;0;0;0.00;0.00;0.00;0.0;0.0
142.834;151;0;98;0;0.0;15.000;1.020;41;48;0;0;100;99;100;124;100;189;100;88;88;0;0.000;3.935;0.000;0.000;18.600;1.265;0.0;0.0;0;15;3.180;3.019;0.0;0;0.0;0;0;0;0;90;98;0;0;4096;0.00;0;0;0;0;0;0;0;0;0;0;0;0;0;0;0;0;15;0;98.0;98.0;0;0;0.00;0.00;0.00;0.0;0.0
142.949;151;0;98;0;0.0;15.100;1.027;41;48;0;0;100;99;100;124;100;189;100;88;88;0;0.000;3.935;0.000;0.000;18.600;1.265;0.0;0.0;0;15;3.180;3.019;0.0;0;0.0;0;0;0;0;90;98;0;0;4096;0.00;0;0;0;0;0;0;0;0;0;0;0;0;0;0;0;0;15;0;98.0;98.0;0;0;0.00;0.00;0.00;0.0;0.0
142.971;151;0;98;0;0.0;15.000;1.020;41;48;0;0;100;99;100;124;100;189;100;88;88;0;0.000;3.935;0.000;0.000;18.600;1.265;0.0;0.0;0;15;3.180;3.019;0.0;0;0.0;0;0;0;0;90;98;0;0;4096;0.00;0;0;0;0;0;0;0;0;0;0;0;0;0;0;0;0;15;0;98.0;98.0;0;0;0.00;0.00;0.00;0.0;0.0
143.036;151;0;98;0;0.0;15.000;1.020;41;48;0;0;100;99;100;124;100;189;100;88;88;0;0.000;3.935;0.000;0.000;18.600;1.265;0.0;0.0;0;15;3.180;3.019;0.0;0;0.0;0;0;0;0;90;98;0;0;4096;0.00;0;0;0;0;0;0;0;0;0;0;0;0;0;0;0;0;15;0;98.0;98.0;0;0;0.00;0.00;0.00;0.0;0.0
143.036;151;0;98;0;0.0;15.000;1.020;41;48;0;0;100;99;100;124;100;189;100;88;88;0;0.000;3.935;0.000;0.000;18.600;1.265;0.0;0.0;0;15;3.180;3.019;0.0;0;0.0;0;0;0;0;90;98;0;0;4096;0.00;0;0;0;0;0;0;0;0;0;0;0;0;0;0;0;0;15;0;98.0;98.0;0;0;0.00;0.00;0.00;0.0;0.0
143.170;151;0;98;0;0.0;15.100;1.027;41;48;0;0;100;99;100;124;100;189;100;88;88;0;0.000;3.935;0.000;0.000;18.600;1.265;0.0;0.0;0;15;3.180;3.019;0.0;0;0.0;0;0;0;0;90;98;0;0;4096;0.00;0;0;0;0;0;0;0;0;0;0;0;0;0;0;0;0;15;0;98.0;98.0;0;0;0.00;0.00;0.00;0.0;0.0
143.237;152;0;98;0;0.0;15.000;1.020;41;48;0;0;100;99;100;124;100;189;100;88;88;0;0.000;3.935;0.000;0.000;18.600;1.265;0.0;0.0;0;15;3.180;3.019;0.0;0;0.0;0;0;0;0;90;98;0;0;4030;0.00;0;0;0;0;0;0;0;0;0;0;0;0;0;0;0;0;15;0;98.0;98.0;0;0;0.00;0.00;0.00;0.0;0.0
143.302;152;0;98;0;0.0;14.900;1.014;41;48;0;0;100;99;100;124;100;189;100;88;88;0;0.000;3.935;0.000;0.000;18.600;1.265;0.0;0.0;0;15;3.180;3.019;0.0;0;0.0;0;0;0;0;90;98;0;0;4030;0.00;0;0;0;0;0;0;0;0;0;0;0;0;0;0;0;0;15;0;98.0;98.0;0;0;0.00;0.00;0.00;0.0;0.0
143.368;152;0;98;0;0.0;14.900;1.014;41;48;0;0;100;99;100;124;100;189;100;88;88;0;0.000;3.935;0.000;0.000;18.600;1.265;0.0;0.0;0;15;3.180;3.019;0.0;0;0.0;0;0;0;0;90;98;0;0;4030;0.00;0;0;0;0;0;0;0;0;0;0;0;0;0;0;0;0;15;0;98.0;98.0;0;0;0.00;0.00;0.00;0.0;0.0
143.436;152;0;98;0;0.0;15.000;1.020;41;48;0;0;100;99;100;124;100;189;100;88;88;0;0.000;3.935;0.000;0.000;18.600;1.265;0.0;0.0;0;15;3.180;3.019;0.0;0;0.0;0;0;0;0;90;98;0;0;4030;0.00;0;0;0;0;0;0;0;0;0;0;0;0;0;0;0;0;15;0;98.0;98.0;0;0;0.00;0.00;0.00;0.0;0.0
143.501;152;0;98;0;0.0;15.000;1.020;41;48;0;0;100;99;100;124;100;189;100;88;88;0;0.000;3.935;0.000;0.000;18.600;1.265;0.0;0.0;0;15;3.180;3.019;0.0;0;0.0;0;0;0;0;90;98;0;0;4030;0.00;0;0;0;0;0;0;0;0;0;0;0;0;0;0;0;0;15;0;98.0;98.0;0;0;0.00;0.00;0.00;0.0;0.0
143.577;152;0;98;0;0.0;14.900;1.014;41;48;0;0;100;99;100;124;100;189;100;88;88;0;0.000;3.935;0.000;0.000;18.600;1.265;0.0;0.0;0;15;3.180;3.019;0.0;0;0.0;0;0;0;0;90;98;0;0;4030;0.00;0;0;0;0;0;0;0;0;0;0;0;0;0;0;0;0;15;0;98.0;98.0;0;0;0.00;0.00;0.00;0.0;0.0
143.643;152;0;98;0;0.0;14.900;1.014;41;48;0;0;100;99;100;124;100;189;100;88;88;0;0.000;3.935;0.000;0.000;18.600;1.265;0.0;0.0;0;15;3.180;3.019;0.0;0;0.0;0;0;0;0;90;98;0;0;4030;0.00;0;0;0;0;0;0;0;0;0;0;0;0;0;0;0;0;15;0;98.0;98.0;0;0;0.00;0.00;0.00;0.0;0.0
143.712;152;0;98;0;0.0;15.000;1.020;41;48;0;0;100;99;100;124;100;189;100;88;88;0;0.000;3.935;0.000;0.000;18.600;1.265;0.0;0.0;0;15;3.180;3.019;0.0;0;0.0;0;0;0;0;90;98;0;0;4030;0.00;0;0;0;0;0;0;0;0;0;0;0;0;0;0;0;0;15;0;98.0;98.0;0;0;0.00;0.00;0.00;0.0;0.0
143.776;152;0;98;0;0.0;15.000;1.020;41;48;0;0;100;99;100;124;100;189;100;88;88;0;0.000;3.935;0.000;0.000;18.600;1.265;0.0;0.0;0;15;3.180;3.019;0.0;0;0.0;0;0;0;0;90;98;0;0;4030;0.00;0;0;0;0;0;0;0;0;0;0;0;0;0;0;0;0;15;0;98.0;98.0;0;0;0.00;0.00;0.00;0.0;0.0
143.842;152;0;98;0;0.0;14.900;1.014;41;48;0;0;100;99;100;124;100;189;100;88;88;0;0.000;3.935;0.000;0.000;18.600;1.265;0.0;0.0;0;15;3.180;3.019;0.0;0;0.0;0;0;0;0;90;98;0;0;4030;0.00;0;0;0;0;0;0;0;0;0;0;0;0;0;0;0;0;15;0;98.0;98.0;0;0;0.00;0.00;0.00;0.0;0.0
143.904;152;0;98;0;0.0;14.900;1.014;41;48;0;0;100;99;100;124;100;189;100;88;88;0;0.000;3.935;0.000;0.000;18.600;1.265;0.0;0.0;0;15;3.180;3.019;0.0;0;0.0;0;0;0;0;90;98;0;0;4030;0.00;0;0;0;0;0;0;0;0;0;0;0;0;0;0;0;0;15;0;98.0;98.0;0;0;0.00;0.00;0.00;0.0;0.0
143.970;152;0;98;0;0.0;15.000;1.020;41;48;0;0;100;99;100;124;100;189;100;88;88;0;0.000;3.935;0.000;0.000;18.600;1.265;0.0;0.0;0;15;3.180;3.019;0.0;0;0.0;0;0;0;0;90;98;0;0;4030;0.00;0;0;0;0;0;0;0;0;0;0;0;0;0;0;0;0;15;0;98.0;98.0;0;0;0.00;0.00;0.00;0.0;0.0
144.034;152;0;98;0;0.0;15.100;1.027;41;48;0;0;100;99;100;124;100;189;100;88;88;0;0.000;3.935;0.000;0.000;18.600;1.265;0.0;0.0;0;15;3.180;3.019;0.0;0;0.0;0;0;0;0;90;98;0;0;4030;0.00;0;0;0;0;0;0;0;0;0;0;0;0;0;0;0;0;15;0;98.0;98.0;0;0;0.00;0.00;0.00;0.0;0.0
144.099;152;0;98;0;0.0;15.000;1.020;41;48;0;0;100;99;100;124;100;189;100;88;88;0;0.000;3.935;0.000;0.000;18.600;1.265;0.0;0.0;0;15;3.180;3.019;0.0;0;0.0;0;0;0;0;90;98;0;0;4030;0.00;0;0;0;0;0;0;0;0;0;0;0;0;0;0;0;0;15;0;98.0;98.0;0;0;0.00;0.00;0.00;0.0;0.0
144.170;152;0;98;0;0.0;14.900;1.014;41;48;0;0;100;99;100;124;100;189;100;88;88;0;0.000;3.935;0.000;0.000;18.600;1.265;0.0;0.0;0;15;3.180;3.019;0.0;0;0.0;0;0;0;0;90;98;0;0;4030;0.00;0;0;0;0;0;0;0;0;0;0;0;0;0;0;0;0;15;0;98.0;98.0;0;0;0.00;0.00;0.00;0.0;0.0
144.236;153;0;98;0;0.0;14.900;1.014;41;48;0;0;100;99;100;124;100;189;100;88;88;0;0.000;3.935;0.000;0.000;18.600;1.265;0.0;0.0;0;15;3.180;3.019;0.0;0;0.0;0;0;0;0;90;98;0;0;4107;0.00;0;0;0;0;0;0;0;0;0;0;0;0;0;0;0;0;15;0;98.0;98.0;0;0;0.00;0.00;0.00;0.0;0.0
144.302;153;0;98;0;0.0;15.000;1.020;41;48;0;0;100;99;100;124;100;189;100;88;88;0;0.000;3.935;0.000;0.000;18.600;1.265;0.0;0.0;0;15;3.180;3.019;0.0;0;0.0;0;0;0;0;90;98;0;0;4107;0.00;0;0;0;0;0;0;0;0;0;0;0;0;0;0;0;0;15;0;98.0;98.0;0;0;0.00;0.00;0.00;0.0;0.0
144.370;153;0;98;0;0.0;15.000;1.020;41;48;0;0;100;99;100;124;100;189;100;88;88;0;0.000;3.935;0.000;0.000;18.600;1.265;0.0;0.0;0;15;3.180;3.019;0.0;0;0.0;0;0;0;0;90;98;0;0;4107;0.00;0;0;0;0;0;0;0;0;0;0;0;0;0;0;0;0;15;0;98.0;98.0;0;0;0.00;0.00;0.00;0.0;0.0
144.440;153;0;98;0;0.0;15.000;1.020;41;48;0;0;100;99;100;124;100;189;100;88;88;0;0.000;3.935;0.000;0.000;18.600;1.265;0.0;0.0;0;15;3.180;3.019;0.0;0;0.0;0;0;0;0;90;98;0;0;4107;0.00;0;0;0;0;0;0;0;0;0;0;0;0;0;0;0;0;15;0;98.0;98.0;0;0;0.00;0.00;0.00;0.0;0.0
144.505;153;0;98;0;0.0;15.000;1.020;41;48;0;0;100;99;100;124;100;189;100;88;88;0;0.000;3.935;0.000;0.000;18.600;1.265;0.0;0.0;0;15;3.180;3.019;0.0;0;0.0;0;0;0;0;90;98;0;0;4107;0.00;0;0;0;0;0;0;0;0;0;0;0;0;0;0;0;0;15;0;98.0;98.0;0;0;0.00;0.00;0.00;0.0;0.0
144.571;153;0;98;0;0.0;15.000;1.020;41;48;0;0;100;99;100;124;100;189;100;88;88;0;0.000;3.935;0.000;0.000;18.600;1.265;0.0;0.0;0;15;3.180;3.019;0.0;0;0.0;0;0;0;0;90;98;0;0;4107;0.00;0;0;0;0;0;0;0;0;0;0;0;0;0;0;0;0;15;0;98.0;98.0;0;0;0.00;0.00;0.00;0.0;0.0
144.637;153;0;98;0;0.0;15.000;1.020;41;48;0;0;100;99;100;124;100;189;100;88;88;0;0.000;3.935;0.000;0.000;18.600;1.265;0.0;0.0;0;15;3.180;3.019;0.0;0;0.0;0;0;0;0;90;98;0;0;4107;0.00;0;0;0;0;0;0;0;0;0;0;0;0;0;0;0;0;15;0;98.0;98.0;0;0;0.00;0.00;0.00;0.0;0.0
144.702;153;0;98;0;0.0;15.000;1.020;41;48;0;0;100;99;100;124;100;189;100;88;88;0;0.000;3.935;0.000;0.000;18.600;1.265;0.0;0.0;0;15;3.180;3.019;0.0;0;0.0;0;0;0;0;90;98;0;0;4107;0.00;0;0;0;0;0;0;0;0;0;0;0;0;0;0;0;0;15;0;98.0;98.0;0;0;0.00;0.00;0.00;0.0;0.0
144.767;153;0;98;0;0.0;15.000;1.020;41;48;0;0;100;99;100;124;100;189;100;88;88;0;0.000;3.935;0.000;0.000;18.600;1.265;0.0;0.0;0;15;3.180;3.019;0.0;0;0.0;0;0;0;0;90;98;0;0;4107;0.00;0;0;0;0;0;0;0;0;0;0;0;0;0;0;0;0;15;0;98.0;98.0;0;0;0.00;0.00;0.00;0.0;0.0
144.834;153;0;98;0;0.0;15.100;1.027;41;48;0;0;100;99;100;124;100;189;100;88;88;0;0.000;3.935;0.000;0.000;18.600;1.265;0.0;0.0;0;15;3.180;3.019;0.0;0;0.0;0;0;0;0;90;98;0;0;4107;0.00;0;0;0;0;0;0;0;0;0;0;0;0;0;0;0;0;15;0;98.0;98.0;0;0;0.00;0.00;0.00;0.0;0.0
144.902;153;0;98;0;0.0;15.100;1.027;41;48;0;0;100;99;100;124;100;189;100;88;88;0;0.000;3.935;0.000;0.000;18.600;1.265;0.0;0.0;0;15;3.180;3.019;0.0;0;0.0;0;0;0;0;90;98;0;0;4107;0.00;0;0;0;0;0;0;0;0;0;0;0;0;0;0;0;0;15;0;98.0;98.0;0;0;0.00;0.00;0.00;0.0;0.0
144.969;153;0;98;0;0.0;15.000;1.020;41;48;0;0;100;99;100;124;100;189;100;88;88;0;0.000;3.935;0.000;0.000;18.600;1.265;0.0;0.0;0;15;3.180;3.019;0.0;0;0.0;0;0;0;0;90;98;0;0;4107;0.00;0;0;0;0;0;0;0;0;0;0;0;0;0;0;0;0;15;0;98.0;98.0;0;0;0.00;0.00;0.00;0.0;0.0
145.034;153;0;98;0;0.0;15.000;1.020;41;48;0;0;100;99;100;124;100;189;100;88;88;0;0.000;3.935;0.000;0.000;18.600;1.265;0.0;0.0;0;15;3.180;3.019;0.0;0;0.0;0;0;0;0;90;98;0;0;4107;0.00;0;0;0;0;0;0;0;0;0;0;0;0;0;0;0;0;15;0;98.0;98.0;0;0;0.00;0.00;0.00;0.0;0.0
145.104;153;0;98;0;0.0;15.100;1.027;41;48;0;0;100;99;100;124;100;189;100;88;88;0;0.000;3.935;0.000;0.000;18.600;1.265;0.0;0.0;0;15;3.180;3.019;0.0;0;0.0;0;0;0;0;90;98;0;0;4107;0.00;0;0;0;0;0;0;0;0;0;0;0;0;0;0;0;0;15;0;98.0;98.0;0;0;0.00;0.00;0.00;0.0;0.0
145.170;153;0;98;0;0.0;15.100;1.027;41;48;0;0;100;99;100;124;100;189;100;88;88;0;0.000;3.935;0.000;0.000;18.600;1.265;0.0;0.0;0;15;3.180;3.019;0.0;0;0.0;0;0;0;0;90;98;0;0;4107;0.00;0;0;0;0;0;0;0;0;0;0;0;0;0;0;0;0;15;0;98.0;98.0;0;0;0.00;0.00;0.00;0.0;0.0
145.239;154;0;98;0;0.0;15.000;1.020;41;48;0;0;100;99;100;124;100;189;100;88;88;0;0.000;3.935;0.000;0.000;18.600;1.265;0.0;0.0;0;15;3.180;3.019;0.0;0;0.0;0;0;0;0;90;98;0;0;4105;0.00;0;0;0;0;0;0;0;0;0;0;0;0;0;0;0;0;15;0;98.0;98.0;0;0;0.00;0.00;0.00;0.0;0.0
145.305;154;0;98;0;0.0;15.000;1.020;41;48;0;0;100;99;100;124;100;189;100;88;88;0;0.000;3.935;0.000;0.000;18.600;1.265;0.0;0.0;0;15;3.180;3.019;0.0;0;0.0;0;0;0;0;90;98;0;0;4105;0.00;0;0;0;0;0;0;0;0;0;0;0;0;0;0;0;0;15;0;98.0;98.0;0;0;0.00;0.00;0.00;0.0;0.0
145.370;154;0;98;0;0.0;15.000;1.020;41;48;0;0;100;99;100;124;100;189;100;88;88;0;0.000;3.935;0.000;0.000;18.600;1.265;0.0;0.0;0;15;3.180;3.019;0.0;0;0.0;0;0;0;0;90;98;0;0;4105;0.00;0;0;0;0;0;0;0;0;0;0;0;0;0;0;0;0;15;0;98.0;98.0;0;0;0.00;0.00;0.00;0.0;0.0
145.434;154;0;98;0;0.0;15.100;1.027;41;48;0;0;100;99;100;124;100;189;100;88;88;0;0.000;3.935;0.000;0.000;18.600;1.265;0.0;0.0;0;15;3.180;3.019;0.0;0;0.0;0;0;0;0;90;98;0;0;4105;0.00;0;0;0;0;0;0;0;0;0;0;0;0;0;0;0;0;15;0;98.0;98.0;0;0;0.00;0.00;0.00;0.0;0.0
145.502;154;0;98;0;0.0;15.100;1.027;41;48;0;0;100;99;100;124;100;189;100;88;88;0;0.000;3.935;0.000;0.000;18.600;1.265;0.0;0.0;0;15;3.180;3.019;0.0;0;0.0;0;0;0;0;90;98;0;0;4105;0.00;0;0;0;0;0;0;0;0;0;0;0;0;0;0;0;0;15;0;98.0;98.0;0;0;0.00;0.00;0.00;0.0;0.0
145.567;154;0;98;0;0.0;15.000;1.020;41;48;0;0;100;99;100;124;100;189;100;88;88;0;0.000;3.935;0.000;0.000;18.600;1.265;0.0;0.0;0;15;3.180;3.019;0.0;0;0.0;0;0;0;0;90;98;0;0;4105;0.00;0;0;0;0;0;0;0;0;0;0;0;0;0;0;0;0;15;0;98.0;98.0;0;0;0.00;0.00;0.00;0.0;0.0
145.636;154;0;98;0;0.0;15.000;1.020;41;48;0;0;100;99;100;124;100;189;100;88;88;0;0.000;3.935;0.000;0.000;18.600;1.265;0.0;0.0;0;15;3.180;3.019;0.0;0;0.0;0;0;0;0;90;98;0;0;4105;0.00;0;0;0;0;0;0;0;0;0;0;0;0;0;0;0;0;15;0;98.0;98.0;0;0;0.00;0.00;0.00;0.0;0.0
145.701;154;0;98;0;0.0;15.100;1.027;41;48;0;0;100;99;100;124;100;189;100;88;88;0;0.000;3.935;0.000;0.000;18.600;1.265;0.0;0.0;0;15;3.180;3.019;0.0;0;0.0;0;0;0;0;90;98;0;0;4105;0.00;0;0;0;0;0;0;0;0;0;0;0;0;0;0;0;0;15;0;98.0;98.0;0;0;0.00;0.00;0.00;0.0;0.0
145.767;154;0;98;0;0.0;15.100;1.027;41;48;0;0;100;99;100;124;100;189;100;88;88;0;0.000;3.935;0.000;0.000;18.600;1.265;0.0;0.0;0;15;3.180;3.019;0.0;0;0.0;0;0;0;0;90;98;0;0;4105;0.00;0;0;0;0;0;0;0;0;0;0;0;0;0;0;0;0;15;0;98.0;98.0;0;0;0.00;0.00;0.00;0.0;0.0
145.833;154;0;98;0;0.0;15.000;1.020;41;48;0;0;100;99;100;124;100;189;100;88;88;0;0.000;3.935;0.000;0.000;18.600;1.265;0.0;0.0;0;15;3.180;3.019;0.0;0;0.0;0;0;0;0;90;98;0;0;4105;0.00;0;0;0;0;0;0;0;0;0;0;0;0;0;0;0;0;15;0;98.0;98.0;0;0;0.00;0.00;0.00;0.0;0.0
145.903;154;0;98;0;0.0;15.000;1.020;41;48;0;0;100;99;100;124;100;189;100;88;88;0;0.000;3.935;0.000;0.000;18.600;1.265;0.0;0.0;0;15;3.180;3.019;0.0;0;0.0;0;0;0;0;90;98;0;0;4105;0.00;0;0;0;0;0;0;0;0;0;0;0;0;0;0;0;0;15;0;98.0;98.0;0;0;0.00;0.00;0.00;0.0;0.0
145.967;154;0;98;0;0.0;15.000;1.020;41;48;0;0;100;99;100;124;100;189;100;88;88;0;0.000;3.935;0.000;0.000;18.600;1.265;0.0;0.0;0;15;3.180;3.019;0.0;0;0.0;0;0;0;0;90;98;0;0;4105;0.00;0;0;0;0;0;0;0;0;0;0;0;0;0;0;0;0;15;0;98.0;98.0;0;0;0.00;0.00;0.00;0.0;0.0
146.034;154;0;98;0;0.0;15.100;1.027;41;48;0;0;100;99;100;124;100;189;100;88;88;0;0.000;3.935;0.000;0.000;18.600;1.265;0.0;0.0;0;15;3.180;3.019;0.0;0;0.0;0;0;0;0;90;98;0;0;4105;0.00;0;0;0;0;0;0;0;0;0;0;0;0;0;0;0;0;15;0;98.0;98.0;0;0;0.00;0.00;0.00;0.0;0.0
146.105;154;0;98;0;0.0;15.000;1.020;41;48;0;0;100;99;100;124;100;189;100;88;88;0;0.000;3.935;0.000;0.000;18.600;1.265;0.0;0.0;0;15;3.180;3.019;0.0;0;0.0;0;0;0;0;90;98;0;0;4105;0.00;0;0;0;0;0;0;0;0;0;0;0;0;0;0;0;0;15;0;98.0;98.0;0;0;0.00;0.00;0.00;0.0;0.0
146.168;154;0;98;0;0.0;15.000;1.020;41;48;0;0;100;99;100;124;100;189;100;88;88;0;0.000;3.935;0.000;0.000;18.600;1.265;0.0;0.0;0;15;3.180;3.019;0.0;0;0.0;0;0;0;0;90;98;0;0;4105;0.00;0;0;0;0;0;0;0;0;0;0;0;0;0;0;0;0;15;0;98.0;98.0;0;0;0.00;0.00;0.00;0.0;0.0
146.234;154;0;98;0;0.0;15.000;1.020;41;48;0;0;100;99;100;124;100;189;100;88;88;0;0.000;3.935;0.000;0.000;18.600;1.265;0.0;0.0;0;15;3.180;3.019;0.0;0;0.0;0;0;0;0;90;98;0;0;4105;0.00;0;0;0;0;0;0;0;0;0;0;0;0;0;0;0;0;15;0;98.0;98.0;0;0;0.00;0.00;0.00;0.0;0.0
146.304;155;0;98;0;0.0;15.100;1.027;41;48;0;0;100;99;100;124;100;189;100;88;88;0;0.000;3.935;0.000;0.000;18.600;1.265;0.0;0.0;0;15;3.180;3.019;0.0;0;0.0;0;0;0;0;90;98;0;0;4100;0.00;0;0;0;0;0;0;0;0;0;0;0;0;0;0;0;0;15;0;98.0;98.0;0;0;0.00;0.00;0.00;0.0;0.0
146.369;155;0;98;0;0.0;15.000;1.020;41;48;0;0;100;99;100;124;100;189;100;88;88;0;0.000;3.935;0.000;0.000;18.600;1.265;0.0;0.0;0;15;3.180;3.019;0.0;0;0.0;0;0;0;0;90;98;0;0;4100;0.00;0;0;0;0;0;0;0;0;0;0;0;0;0;0;0;0;15;0;98.0;98.0;0;0;0.00;0.00;0.00;0.0;0.0
146.435;155;0;98;0;0.0;14.900;1.014;41;48;0;0;100;99;100;124;100;189;100;88;88;0;0.000;3.935;0.000;0.000;18.600;1.265;0.0;0.0;0;15;3.180;3.019;0.0;0;0.0;0;0;0;0;90;98;0;0;4100;0.00;0;0;0;0;0;0;0;0;0;0;0;0;0;0;0;0;15;0;98.0;98.0;0;0;0.00;0.00;0.00;0.0;0.0
146.500;155;0;98;0;0.0;14.900;1.014;41;48;0;0;100;99;100;124;100;189;100;88;88;0;0.000;3.935;0.000;0.000;18.600;1.265;0.0;0.0;0;15;3.180;3.019;0.0;0;0.0;0;0;0;0;90;98;0;0;4100;0.00;0;0;0;0;0;0;0;0;0;0;0;0;0;0;0;0;15;0;98.0;98.0;0;0;0.00;0.00;0.00;0.0;0.0
146.566;155;0;98;0;0.0;15.000;1.020;41;48;0;0;100;99;100;124;100;189;100;88;88;0;0.000;3.935;0.000;0.000;18.600;1.265;0.0;0.0;0;15;3.180;3.019;0.0;0;0.0;0;0;0;0;90;98;0;0;4100;0.00;0;0;0;0;0;0;0;0;0;0;0;0;0;0;0;0;15;0;98.0;98.0;0;0;0.00;0.00;0.00;0.0;0.0
146.636;155;0;98;0;0.0;15.000;1.020;41;48;0;0;100;99;100;124;100;189;100;88;88;0;0.000;3.935;0.000;0.000;18.600;1.265;0.0;0.0;0;15;3.180;3.019;0.0;0;0.0;0;0;0;0;90;98;0;0;4100;0.00;0;0;0;0;0;0;0;0;0;0;0;0;0;0;0;0;15;0;98.0;98.0;0;0;0.00;0.00;0.00;0.0;0.0
146.706;155;0;98;0;0.0;15.000;1.020;41;48;0;0;100;99;100;124;100;189;100;88;88;0;0.000;3.935;0.000;0.000;18.600;1.265;0.0;0.0;0;15;3.180;3.019;0.0;0;0.0;0;0;0;0;90;98;0;0;4100;0.00;0;0;0;0;0;0;0;0;0;0;0;0;0;0;0;0;15;0;98.0;98.0;0;0;0.00;0.00;0.00;0.0;0.0
146.771;155;0;98;0;0.0;15.000;1.020;41;48;0;0;100;99;100;124;100;189;100;88;88;0;0.000;3.935;0.000;0.000;18.600;1.265;0.0;0.0;0;15;3.180;3.019;0.0;0;0.0;0;0;0;0;90;98;0;0;4100;0.00;0;0;0;0;0;0;0;0;0;0;0;0;0;0;0;0;15;0;98.0;98.0;0;0;0.00;0.00;0.00;0.0;0.0
146.836;155;0;98;0;0.0;15.000;1.020;41;48;0;0;100;99;100;124;100;189;100;88;88;0;0.000;3.935;0.000;0.000;18.600;1.265;0.0;0.0;0;15;3.180;3.019;0.0;0;0.0;0;0;0;0;90;98;0;0;4100;0.00;0;0;0;0;0;0;0;0;0;0;0;0;0;0;0;0;15;0;98.0;98.0;0;0;0.00;0.00;0.00;0.0;0.0
146.902;155;0;98;0;0.0;15.100;1.027;41;48;0;0;100;99;100;124;100;189;100;88;88;0;0.000;3.935;0.000;0.000;18.600;1.265;0.0;0.0;0;15;3.180;3.019;0.0;0;0.0;0;0;0;0;90;98;0;0;4100;0.00;0;0;0;0;0;0;0;0;0;0;0;0;0;0;0;0;15;0;98.0;98.0;0;0;0.00;0.00;0.00;0.0;0.0
146.967;155;0;98;0;0.0;15.000;1.020;41;48;0;0;100;99;100;124;100;189;100;88;88;0;0.000;3.935;0.000;0.000;18.600;1.265;0.0;0.0;0;15;3.180;3.019;0.0;0;0.0;0;0;0;0;90;98;0;0;4100;0.00;0;0;0;0;0;0;0;0;0;0;0;0;0;0;0;0;15;0;98.0;98.0;0;0;0.00;0.00;0.00;0.0;0.0
147.033;155;0;98;0;0.0;15.000;1.020;41;48;0;0;100;99;100;124;100;189;100;88;88;0;0.000;3.935;0.000;0.000;18.600;1.265;0.0;0.0;0;15;3.180;3.019;0.0;0;0.0;0;0;0;0;90;98;0;0;4100;0.00;0;0;0;0;0;0;0;0;0;0;0;0;0;0;0;0;15;0;98.0;98.0;0;0;0.00;0.00;0.00;0.0;0.0
147.103;155;0;98;0;0.0;15.000;1.020;41;48;0;0;100;99;100;124;100;189;100;88;88;0;0.000;3.935;0.000;0.000;18.600;1.265;0.0;0.0;0;15;3.180;3.019;0.0;0;0.0;0;0;0;0;90;98;0;0;4100;0.00;0;0;0;0;0;0;0;0;0;0;0;0;0;0;0;0;15;0;98.0;98.0;0;0;0.00;0.00;0.00;0.0;0.0
147.169;155;0;98;0;0.0;15.100;1.027;41;48;0;0;100;99;100;124;100;189;100;88;88;0;0.000;3.935;0.000;0.000;18.600;1.265;0.0;0.0;0;15;3.180;3.019;0.0;0;0.0;0;0;0;0;90;98;0;0;4100;0.00;0;0;0;0;0;0;0;0;0;0;0;0;0;0;0;0;15;0;98.0;98.0;0;0;0.00;0.00;0.00;0.0;0.0
147.237;155;0;98;0;0.0;15.000;1.020;41;48;0;0;100;99;100;124;100;189;100;88;88;0;0.000;3.935;0.000;0.000;18.600;1.265;0.0;0.0;0;15;3.180;3.019;0.0;0;0.0;0;0;0;0;90;98;0;0;4100;0.00;0;0;0;0;0;0;0;0;0;0;0;0;0;0;0;0;15;0;98.0;98.0;0;0;0.00;0.00;0.00;0.0;0.0
147.303;156;0;98;0;0.0;15.000;1.020;41;48;0;0;100;99;100;124;100;189;100;88;88;0;0.000;3.935;0.000;0.000;18.600;1.265;0.0;0.0;0;15;3.180;3.019;0.0;0;0.0;0;0;0;0;90;98;0;0;4098;0.00;0;0;0;0;0;0;0;0;0;0;0;0;0;0;0;0;15;0;98.0;98.0;0;0;0.00;0.00;0.00;0.0;0.0
147.369;156;0;98;0;0.0;15.000;1.020;41;48;0;0;100;99;100;124;100;189;100;88;88;0;0.000;3.935;0.000;0.000;18.600;1.265;0.0;0.0;0;15;3.180;3.019;0.0;0;0.0;0;0;0;0;90;98;0;0;4098;0.00;0;0;0;0;0;0;0;0;0;0;0;0;0;0;0;0;15;0;98.0;98.0;0;0;0.00;0.00;0.00;0.0;0.0
147.434;156;0;98;0;0.0;15.100;1.027;41;48;0;0;100;99;100;124;100;189;100;88;88;0;0.000;3.935;0.000;0.000;18.600;1.265;0.0;0.0;0;15;3.180;3.019;0.0;0;0.0;0;0;0;0;90;98;0;0;4098;0.00;0;0;0;0;0;0;0;0;0;0;0;0;0;0;0;0;15;0;98.0;98.0;0;0;0.00;0.00;0.00;0.0;0.0
147.499;156;0;98;0;0.0;15.100;1.027;41;48;0;0;100;99;100;124;100;189;100;88;88;0;0.000;3.935;0.000;0.000;18.600;1.265;0.0;0.0;0;15;3.180;3.019;0.0;0;0.0;0;0;0;0;90;98;0;0;4098;0.00;0;0;0;0;0;0;0;0;0;0;0;0;0;0;0;0;15;0;98.0;98.0;0;0;0.00;0.00;0.00;0.0;0.0
147.568;156;0;98;0;0.0;15.000;1.020;41;48;0;0;100;99;100;124;100;189;100;88;88;0;0.000;3.935;0.000;0.000;18.600;1.265;0.0;0.0;0;15;3.180;3.019;0.0;0;0.0;0;0;0;0;90;98;0;0;4098;0.00;0;0;0;0;0;0;0;0;0;0;0;0;0;0;0;0;15;0;98.0;98.0;0;0;0.00;0.00;0.00;0.0;0.0
147.634;156;0;98;0;0.0;15.000;1.020;41;48;0;0;100;99;100;124;100;189;100;88;88;0;0.000;3.935;0.000;0.000;18.600;1.265;0.0;0.0;0;15;3.180;3.019;0.0;0;0.0;0;0;0;0;90;98;0;0;4098;0.00;0;0;0;0;0;0;0;0;0;0;0;0;0;0;0;0;15;0;98.0;98.0;0;0;0.00;0.00;0.00;0.0;0.0
147.700;156;0;98;0;0.0;15.000;1.020;41;48;0;0;100;99;100;124;100;189;100;88;88;0;0.000;3.935;0.000;0.000;18.600;1.265;0.0;0.0;0;15;3.180;3.019;0.0;0;0.0;0;0;0;0;90;98;0;0;4098;0.00;0;0;0;0;0;0;0;0;0;0;0;0;0;0;0;0;15;0;98.0;98.0;0;0;0.00;0.00;0.00;0.0;0.0
147.765;156;0;98;0;0.0;15.100;1.027;41;48;0;0;100;99;100;124;100;189;100;88;88;0;0.000;3.935;0.000;0.000;18.600;1.265;0.0;0.0;0;15;3.180;3.019;0.0;0;0.0;0;0;0;0;90;98;0;0;4098;0.00;0;0;0;0;0;0;0;0;0;0;0;0;0;0;0;0;15;0;98.0;98.0;0;0;0.00;0.00;0.00;0.0;0.0
147.835;156;0;98;0;0.0;15.100;1.027;41;48;0;0;100;99;100;124;100;189;100;88;88;0;0.000;3.935;0.000;0.000;18.600;1.265;0.0;0.0;0;15;3.180;3.019;0.0;0;0.0;0;0;0;0;90;98;0;0;4098;0.00;0;0;0;0;0;0;0;0;0;0;0;0;0;0;0;0;15;0;98.0;98.0;0;0;0.00;0.00;0.00;0.0;0.0
147.902;156;0;98;0;0.0;15.000;1.020;41;48;0;0;100;99;100;124;100;189;100;88;88;0;0.000;3.935;0.000;0.000;18.600;1.265;0.0;0.0;0;15;3.180;3.019;0.0;0;0.0;0;0;0;0;90;98;0;0;4098;0.00;0;0;0;0;0;0;0;0;0;0;0;0;0;0;0;0;15;0;98.0;98.0;0;0;0.00;0.00;0.00;0.0;0.0
147.970;156;0;98;0;0.0;15.000;1.020;41;48;0;0;100;99;100;124;100;189;100;88;88;0;0.000;3.935;0.000;0.000;18.600;1.265;0.0;0.0;0;15;3.180;3.019;0.0;0;0.0;0;0;0;0;90;98;0;0;4098;0.00;0;0;0;0;0;0;0;0;0;0;0;0;0;0;0;0;15;0;98.0;98.0;0;0;0.00;0.00;0.00;0.0;0.0
147.970;156;0;98;0;0.0;15.300;1.041;41;48;0;0;100;99;100;124;100;189;100;88;88;0;0.000;3.935;0.000;0.000;18.600;1.265;0.0;0.0;0;15;3.180;3.019;4.9;0;0.0;0;0;0;0;0;98;0;0;4098;0.00;0;0;0;0;0;0;0;0;0;0;0;0;0;0;0;0;15;0;98.0;98.0;0;0;0.00;0.00;0.00;0.0;0.0
148.101;156;0;98;0;0.0;18.600;1.265;41;48;0;0;100;99;100;124;100;189;100;88;88;0;0.000;3.935;0.000;0.000;18.600;1.265;0.0;0.0;0;15;3.180;3.019;4.9;0;0.0;0;0;0;0;0;98;0;0;4098;0.00;0;0;0;0;0;0;0;0;0;0;0;0;0;0;0;0;15;0;98.0;98.0;0;0;0.00;0.00;0.00;0.0;0.0
148.167;156;0;98;0;0.0;19.500;1.327;41;48;0;0;100;99;100;124;100;189;100;88;88;0;0.000;3.935;0.000;0.000;18.600;1.265;0.0;0.0;0;15;3.180;3.019;4.9;0;0.0;0;0;0;0;0;98;0;0;4098;0.00;0;0;0;0;0;0;0;0;0;0;0;0;0;0;0;0;15;0;98.0;98.0;0;0;0.00;0.00;0.00;0.0;0.0
148.237;156;0;98;0;0.0;19.700;1.340;41;48;0;0;100;99;100;124;100;189;100;88;88;0;0.000;3.935;0.000;0.000;18.600;1.265;0.0;0.0;0;15;3.180;3.019;4.9;0;0.0;0;0;0;0;0;98;0;0;4098;0.00;0;0;0;0;0;0;0;0;0;0;0;0;0;0;0;0;15;0;98.0;98.0;0;0;0.00;0.00;0.00;0.0;0.0
148.303;157;0;98;0;0.0;19.700;1.340;41;48;0;0;100;99;100;124;100;189;100;88;88;0;0.000;3.935;0.000;0.000;18.600;1.265;0.0;0.0;0;15;3.180;3.019;7.5;0;0.0;0;0;0;0;0;98;0;0;4186;0.00;0;0;0;0;0;0;0;0;0;0;0;0;0;0;0;0;15;0;98.0;98.0;0;0;0.00;0.00;0.00;0.0;0.0
148.368;157;0;98;0;0.0;19.700;1.340;41;48;0;0;100;99;100;124;100;189;100;88;88;0;0.000;3.935;0.000;0.000;18.600;1.265;0.0;0.0;0;15;3.180;3.019;7.5;0;0.0;0;0;0;0;0;98;0;0;4186;0.00;0;0;0;0;0;0;0;0;0;0;0;0;0;0;0;0;15;0;98.0;98.0;0;0;0.00;0.00;0.00;0.0;0.0
148.442;157;0;98;0;0.0;19.700;1.340;41;48;0;0;100;99;100;124;100;189;100;88;88;0;0.000;3.935;0.000;0.000;18.600;1.265;0.0;0.0;0;15;3.180;3.019;7.5;0;0.0;0;0;0;0;0;98;0;0;4186;0.00;0;0;0;0;0;0;0;0;0;0;0;0;0;0;0;0;15;0;98.0;98.0;0;0;0.00;0.00;0.00;0.0;0.0
148.503;157;0;98;0;0.0;19.700;1.340;41;48;0;0;100;99;100;124;100;189;100;88;88;0;0.000;3.935;0.000;0.000;18.600;1.265;0.0;0.0;0;15;3.180;3.019;7.5;0;0.0;0;0;0;0;0;98;0;0;4186;0.00;0;0;0;0;0;0;0;0;0;0;0;0;0;0;0;0;15;0;98.0;98.0;0;0;0.00;0.00;0.00;0.0;0.0
148.568;157;0;98;0;0.0;19.700;1.340;41;48;0;0;100;99;100;124;100;189;100;88;88;0;0.000;3.935;0.000;0.000;18.600;1.265;0.0;0.0;0;15;3.180;3.019;8.9;0;0.0;0;0;0;0;0;98;0;0;4186;0.00;0;0;0;0;0;0;0;0;0;0;0;0;0;0;0;0;15;0;98.0;98.0;0;0;0.00;0.00;0.00;0.0;0.0
148.634;157;0;98;0;0.0;19.700;1.340;41;48;0;0;100;99;100;124;100;189;100;88;88;0;0.000;3.935;0.000;0.000;18.600;1.265;0.0;0.0;0;15;3.180;3.019;8.9;0;0.0;0;0;0;0;0;98;0;0;4186;0.00;0;0;0;0;0;0;0;0;0;0;0;0;0;0;0;0;15;0;98.0;98.0;0;0;0.00;0.00;0.00;0.0;0.0
148.699;157;0;98;0;0.0;19.700;1.340;41;48;0;0;100;99;100;124;100;189;100;88;88;0;0.000;3.935;0.000;0.000;18.600;1.265;0.0;0.0;0;15;3.180;3.019;8.9;0;0.0;0;0;0;0;0;98;0;0;4186;0.00;0;0;0;0;0;0;0;0;0;0;0;0;0;0;0;0;15;0;98.0;98.0;0;0;0.00;0.00;0.00;0.0;0.0
148.766;157;0;98;0;0.0;19.700;1.340;41;48;0;0;100;99;100;124;100;189;100;88;88;0;0.000;3.935;0.000;0.000;18.600;1.265;0.0;0.0;0;15;3.180;3.019;8.9;0;0.0;0;0;0;0;0;98;0;0;4186;0.00;0;0;0;0;0;0;0;0;0;0;0;0;0;0;0;0;15;0;98.0;98.0;0;0;0.00;0.00;0.00;0.0;0.0
148.835;157;0;98;0;0.0;19.700;1.340;41;48;0;0;100;99;100;124;100;189;100;88;88;0;0.000;3.935;0.000;0.000;18.600;1.265;0.0;0.0;0;15;3.180;3.019;9.6;0;0.0;0;0;0;0;0;98;0;0;4186;0.00;0;0;0;0;0;0;0;0;0;0;0;0;0;0;0;0;15;0;98.0;98.0;0;0;0.00;0.00;0.00;0.0;0.0
148.900;157;0;98;0;0.0;19.700;1.340;41;48;0;0;100;99;100;124;100;189;100;88;88;0;0.000;3.935;0.000;0.000;18.600;1.265;0.0;0.0;0;15;3.180;3.019;9.6;0;0.0;0;0;0;0;0;98;0;0;4186;0.00;0;0;0;0;0;0;0;0;0;0;0;0;0;0;0;0;15;0;98.0;98.0;0;0;0.00;0.00;0.00;0.0;0.0
148.966;157;0;98;0;0.0;19.700;1.340;41;48;0;0;100;99;100;124;100;189;100;88;88;0;0.000;3.935;0.000;0.000;18.600;1.265;0.0;0.0;0;15;3.180;3.019;9.6;0;0.0;0;0;0;1;1;98;0;0;4186;0.00;0;0;0;0;0;0;0;0;0;0;0;0;0;0;0;0;15;0;98.0;98.0;0;0;0.00;0.00;0.00;0.0;0.0
149.035;157;0;98;0;0.0;19.700;1.340;41;48;0;0;100;99;100;124;100;189;100;88;88;0;0.000;3.935;0.000;0.000;18.600;1.265;0.0;0.0;0;15;3.180;3.019;10.1;0;0.0;0;0;0;0;0;98;0;0;4186;0.00;0;0;0;0;0;0;0;0;0;0;0;0;0;0;0;0;15;0;98.0;98.0;0;0;0.00;0.00;0.00;0.0;0.0
149.100;157;0;98;0;0.0;19.700;1.340;41;48;0;0;100;99;100;124;100;189;100;88;88;0;0.000;3.935;0.000;0.000;18.600;1.265;0.0;0.0;0;15;3.180;3.019;10.1;0;0.0;0;0;0;0;0;98;0;0;4186;0.00;0;0;0;0;0;0;0;0;0;0;0;0;0;0;0;0;15;0;98.0;98.0;0;0;0.00;0.00;0.00;0.0;0.0
149.166;157;0;98;0;0.0;19.700;1.340;41;48;0;0;100;99;100;124;100;189;100;88;88;0;0.000;3.935;0.000;0.000;18.600;1.265;0.0;0.0;0;15;3.180;3.019;10.1;0;0.0;0;0;0;0;0;98;0;0;4186;0.00;0;0;0;0;0;0;0;0;0;0;0;0;0;0;0;0;15;0;98.0;98.0;0;0;0.00;0.00;0.00;0.0;0.0
149.236;157;0;98;0;0.0;19.700;1.340;41;48;0;0;100;99;100;124;100;189;100;88;88;0;0.000;3.935;0.000;0.000;18.600;1.265;0.0;0.0;0;15;3.180;3.019;10.1;0;0.0;0;0;0;0;0;98;0;0;4186;0.00;0;0;0;0;0;0;0;0;0;0;0;0;0;0;0;0;15;0;98.0;98.0;0;0;0.00;0.00;0.00;0.0;0.0
149.301;158;0;98;0;0.0;19.700;1.340;41;48;0;0;100;99;100;124;100;189;100;88;88;0;0.000;3.935;0.000;0.000;18.600;1.265;0.0;0.0;0;15;3.180;3.019;10.6;0;0.0;0;0;0;0;0;98;0;0;4417;0.00;0;0;0;0;0;0;0;0;0;0;0;0;0;0;0;0;15;0;98.0;98.0;0;0;0.00;0.00;0.00;0.0;0.0
149.367;158;0;98;0;0.0;19.700;1.340;41;48;0;0;100;99;100;124;100;189;100;88;88;0;0.000;3.935;0.000;0.000;18.600;1.265;0.0;0.0;0;15;3.180;3.019;10.6;0;0.0;0;0;0;0;84;98;0;0;4417;0.00;0;0;0;0;0;0;0;0;0;0;0;0;0;0;0;0;15;0;98.0;98.0;0;0;0.00;0.00;0.00;0.0;0.0
149.367;158;0;98;0;0.0;19.700;1.340;41;48;0;0;100;99;100;124;100;189;100;88;88;0;0.000;3.935;0.000;0.000;18.600;1.265;0.0;0.0;0;15;3.180;3.019;10.6;0;0.0;0;0;0;0;84;98;0;0;4417;0.00;0;0;0;0;0;0;0;0;0;0;0;0;0;0;0;0;15;0;98.0;98.0;0;0;0.00;0.00;0.00;0.0;0.0
149.503;158;0;98;0;0.0;19.700;1.340;41;48;0;0;100;99;100;124;100;189;100;88;88;0;0.000;3.935;0.000;0.000;18.600;1.265;0.0;0.0;0;15;3.180;3.019;10.6;0;0.0;0;0;0;0;84;98;0;0;4417;0.00;0;0;0;0;0;0;0;0;0;0;0;0;0;0;0;0;15;0;98.0;98.0;0;0;0.00;0.00;0.00;0.0;0.0
149.568;158;0;98;0;0.0;19.700;1.340;41;48;0;0;100;99;100;124;100;189;100;88;88;0;0.000;3.935;0.000;0.000;18.600;1.265;0.0;0.0;0;15;3.180;3.019;10.9;0;0.0;0;0;0;0;84;98;0;0;4417;0.00;0;0;0;0;0;0;0;0;0;0;0;0;0;0;0;0;15;0;98.0;98.0;0;0;0.00;0.00;0.00;0.0;0.0
149.633;158;0;98;0;0.0;19.700;1.340;41;48;0;0;100;99;100;124;100;189;100;88;88;0;0.000;3.935;0.000;0.000;18.600;1.265;0.0;0.0;0;15;3.180;3.019;10.9;0;0.0;0;0;0;0;84;98;0;0;4417;0.00;0;0;0;0;0;0;0;0;0;0;0;0;0;0;0;0;15;0;98.0;98.0;0;0;0.00;0.00;0.00;0.0;0.0
149.703;158;0;98;0;0.0;19.700;1.340;41;48;0;0;100;99;100;124;100;189;100;88;88;0;0.000;3.935;0.000;0.000;18.600;1.265;0.0;0.0;0;15;3.180;3.019;10.9;0;0.0;0;0;0;0;84;98;0;0;4417;0.00;0;0;0;0;0;0;0;0;0;0;0;0;0;0;0;0;15;0;98.0;98.0;0;0;0.00;0.00;0.00;0.0;0.0
149.769;158;0;98;0;0.0;19.700;1.340;41;48;0;0;100;99;100;124;100;189;100;88;88;0;0.000;3.935;0.000;0.000;18.600;1.265;0.0;0.0;0;15;3.180;3.019;10.9;0;0.0;0;0;0;0;84;98;0;0;4417;0.00;0;0;0;0;0;0;0;0;0;0;0;0;0;0;0;0;15;0;98.0;98.0;0;0;0.00;0.00;0.00;0.0;0.0
149.833;158;0;98;0;0.0;19.700;1.340;41;48;0;0;100;99;100;124;100;189;100;88;88;0;0.000;3.935;0.000;0.000;18.600;1.265;0.0;0.0;0;15;3.180;3.019;11.1;0;0.0;0;0;0;0;84;98;0;0;4417;0.00;0;0;0;0;0;0;0;0;0;0;0;0;0;0;0;0;15;0;98.0;98.0;0;0;0.00;0.00;0.00;0.0;0.0
149.905;158;0;98;0;0.0;19.700;1.340;41;48;0;0;100;99;100;124;100;189;100;88;88;0;0.000;3.935;0.000;0.000;18.600;1.265;0.0;0.0;0;15;3.180;3.019;11.1;0;0.0;0;0;0;0;84;98;0;0;4417;0.00;0;0;0;0;0;0;0;0;0;0;0;0;0;0;0;0;15;0;98.0;98.0;0;0;0.00;0.00;0.00;0.0;0.0
149.971;158;0;98;0;0.0;19.700;1.340;41;48;0;0;100;99;100;124;100;189;100;88;88;0;0.000;3.935;0.000;0.000;18.600;1.265;0.0;0.0;0;15;3.180;3.019;11.1;0;0.0;0;0;0;0;84;98;0;0;4417;0.00;0;0;0;0;0;0;0;0;0;0;0;0;0;0;0;0;15;0;98.0;98.0;0;0;0.00;0.00;0.00;0.0;0.0
150.035;158;0;98;0;0.0;19.700;1.340;41;48;0;0;100;99;100;124;100;189;100;88;88;0;0.000;3.935;0.000;0.000;18.600;1.265;0.0;0.0;0;15;3.180;3.019;11.1;0;0.0;0;0;0;0;84;98;0;0;4417;0.00;0;0;0;0;0;0;0;0;0;0;0;0;0;0;0;0;15;0;98.0;98.0;0;0;0.00;0.00;0.00;0.0;0.0
150.104;158;0;98;0;0.0;19.700;1.340;41;48;0;0;100;99;100;124;100;189;100;88;88;0;0.000;3.935;0.000;0.000;18.600;1.265;0.0;0.0;0;15;3.180;3.019;11.2;0;0.0;0;0;0;0;84;98;0;0;4417;0.00;0;0;0;0;0;0;0;0;0;0;0;0;0;0;0;0;15;0;98.0;98.0;0;0;0.00;0.00;0.00;0.0;0.0
150.170;158;0;98;0;0.0;19.700;1.340;41;48;0;0;100;99;100;124;100;189;100;88;88;0;0.000;3.935;0.000;0.000;18.600;1.265;0.0;0.0;0;15;3.180;3.019;11.2;0;0.0;0;0;0;0;84;98;0;0;4417;0.00;0;0;0;0;0;0;0;0;0;0;0;0;0;0;0;0;15;0;98.0;98.0;0;0;0.00;0.00;0.00;0.0;0.0
150.236;158;0;98;0;0.0;19.700;1.340;41;48;0;0;100;99;100;124;100;189;100;88;88;0;0.000;3.935;0.000;0.000;18.600;1.265;0.0;0.0;0;15;3.180;3.019;11.2;0;0.0;0;0;0;0;84;98;0;0;4417;0.00;0;0;0;0;0;0;0;0;0;0;0;0;0;0;0;0;15;0;98.0;98.0;0;0;0.00;0.00;0.00;0.0;0.0
150.301;158;0;98;0;0.0;19.700;1.340;41;48;0;0;100;99;100;124;100;189;100;88;88;0;0.000;3.935;0.000;0.000;18.600;1.265;0.0;0.0;0;15;3.180;3.019;11.2;0;0.0;0;0;0;0;84;98;0;0;4417;0.00;0;0;0;0;0;0;0;0;0;0;0;0;0;0;0;0;15;0;98.0;98.0;0;0;0.00;0.00;0.00;0.0;0.0
150.367;159;0;98;0;0.0;19.700;1.340;41;48;0;0;100;99;100;124;100;189;100;88;88;0;0.000;3.935;0.000;0.000;18.600;1.265;0.0;0.0;0;15;3.180;3.019;11.2;0;0.0;0;0;0;0;84;98;0;0;4147;0.00;0;0;0;0;0;0;0;0;0;0;0;0;0;0;0;0;15;0;98.0;98.0;0;0;0.00;0.00;0.00;0.0;0.0
150.436;159;0;98;0;0.0;19.700;1.340;41;48;0;0;100;99;100;124;100;189;100;88;88;0;0.000;3.935;0.000;0.000;18.600;1.265;0.0;0.0;0;15;3.180;3.019;11.2;0;0.0;0;0;0;0;84;98;0;0;4147;0.00;0;0;0;0;0;0;0;0;0;0;0;0;0;0;0;0;15;0;98.0;98.0;0;0;0.00;0.00;0.00;0.0;0.0
150.502;159;0;98;0;0.0;19.700;1.340;41;48;0;0;100;99;100;124;100;189;100;88;88;0;0.000;3.935;0.000;0.000;18.600;1.265;0.0;0.0;0;15;3.180;3.019;11.2;0;0.0;0;0;0;0;84;98;0;0;4147;0.00;0;0;0;0;0;0;0;0;0;0;0;0;0;0;0;0;15;0;98.0;98.0;0;0;0.00;0.00;0.00;0.0;0.0
150.567;159;0;98;0;0.0;19.700;1.340;41;48;0;0;100;99;100;124;100;189;100;88;88;0;0.000;3.935;0.000;0.000;18.600;1.265;0.0;0.0;0;15;3.180;3.019;11.2;0;0.0;0;0;0;0;84;98;0;0;4147;0.00;0;0;0;0;0;0;0;0;0;0;0;0;0;0;0;0;15;0;98.0;98.0;0;0;0.00;0.00;0.00;0.0;0.0
150.632;159;0;98;0;0.0;19.700;1.340;41;48;0;0;100;99;100;124;100;189;100;88;88;0;0.000;3.935;0.000;0.000;18.600;1.265;0.0;0.0;0;15;3.180;3.019;11.2;0;0.0;0;0;0;0;84;98;0;0;4147;0.00;0;0;0;0;0;0;0;0;0;0;0;0;0;0;0;0;15;0;98.0;98.0;0;0;0.00;0.00;0.00;0.0;0.0
150.702;159;0;98;0;0.0;19.700;1.340;41;48;0;0;100;99;100;124;100;189;100;88;88;0;0.000;3.935;0.000;0.000;18.600;1.265;0.0;0.0;0;15;3.180;3.019;11.2;0;0.0;0;0;0;0;84;98;0;0;4147;0.00;0;0;0;0;0;0;0;0;0;0;0;0;0;0;0;0;15;0;98.0;98.0;0;0;0.00;0.00;0.00;0.0;0.0
150.769;159;0;98;0;0.0;19.700;1.340;41;48;0;0;100;99;100;124;100;189;100;88;88;0;0.000;3.935;0.000;0.000;18.600;1.265;0.0;0.0;0;15;3.180;3.019;11.2;0;0.0;0;0;0;0;84;98;0;0;4147;0.00;0;0;0;0;0;0;0;0;0;0;0;0;0;0;0;0;15;0;98.0;98.0;0;0;0.00;0.00;0.00;0.0;0.0
150.833;159;0;98;0;0.0;19.700;1.340;41;48;0;0;100;99;100;124;100;189;100;88;88;0;0.000;3.935;0.000;0.000;18.600;1.265;0.0;0.0;0;15;3.180;3.019;11.2;0;0.0;0;0;0;0;84;98;0;0;4147;0.00;0;0;0;0;0;0;0;0;0;0;0;0;0;0;0;0;15;0;98.0;98.0;0;0;0.00;0.00;0.00;0.0;0.0
150.899;159;0;98;0;0.0;19.700;1.340;41;48;0;0;100;99;100;124;100;189;100;88;88;0;0.000;3.935;0.000;0.000;18.600;1.265;0.0;0.0;0;15;3.180;3.019;11.2;0;0.0;0;0;0;0;84;98;0;0;4147;0.00;0;0;0;0;0;0;0;0;0;0;0;0;0;0;0;0;15;0;98.0;98.0;0;0;0.00;0.00;0.00;0.0;0.0
150.965;159;0;98;0;0.0;19.700;1.340;41;48;0;0;100;99;100;124;100;189;100;88;88;0;0.000;3.935;0.000;0.000;18.600;1.265;0.0;0.0;0;15;3.180;3.019;11.2;0;0.0;0;0;0;0;84;98;0;0;4147;0.00;0;0;0;0;0;0;0;0;0;0;0;0;0;0;0;0;15;0;98.0;98.0;0;0;0.00;0.00;0.00;0.0;0.0
151.036;159;0;98;0;0.0;19.700;1.340;41;48;0;0;100;99;100;124;100;189;100;88;88;0;0.000;3.935;0.000;0.000;18.600;1.265;0.0;0.0;0;15;3.180;3.019;11.2;0;0.0;0;0;0;0;84;98;0;0;4147;0.00;0;0;0;0;0;0;0;0;0;0;0;0;0;0;0;0;15;0;98.0;98.0;0;0;0.00;0.00;0.00;0.0;0.0
151.105;159;0;98;0;0.0;19.700;1.340;41;48;0;0;100;99;100;124;100;189;100;88;88;0;0.000;3.935;0.000;0.000;18.600;1.265;0.0;0.0;0;15;3.180;3.019;11.2;0;0.0;0;0;0;0;84;98;0;0;4147;0.00;0;0;0;0;0;0;0;0;0;0;0;0;0;0;0;0;15;0;98.0;98.0;0;0;0.00;0.00;0.00;0.0;0.0
151.169;159;0;98;0;0.0;19.700;1.340;41;48;0;0;100;99;100;124;100;189;100;88;88;0;0.000;3.935;0.000;0.000;18.600;1.265;0.0;0.0;0;15;3.180;3.019;11.2;0;0.0;0;0;0;0;84;98;0;0;4147;0.00;0;0;0;0;0;0;0;0;0;0;0;0;0;0;0;0;15;0;98.0;98.0;0;0;0.00;0.00;0.00;0.0;0.0
151.236;159;0;98;0;0.0;19.700;1.340;41;48;0;0;100;99;100;124;100;189;100;88;88;0;0.000;3.935;0.000;0.000;18.600;1.265;0.0;0.0;0;15;3.180;3.019;11.2;0;0.0;0;0;0;0;84;98;0;0;4147;0.00;0;0;0;0;0;0;0;0;0;0;0;0;0;0;0;0;15;0;98.0;98.0;0;0;0.00;0.00;0.00;0.0;0.0
151.306;159;0;98;0;0.0;19.700;1.340;41;48;0;0;100;99;100;124;100;189;100;88;88;0;0.000;3.935;0.000;0.000;18.600;1.265;0.0;0.0;0;15;3.180;3.019;11.2;0;0.0;0;0;0;0;84;98;0;0;4147;0.00;0;0;0;0;0;0;0;0;0;0;0;0;0;0;0;0;15;0;98.0;98.0;0;0;0.00;0.00;0.00;0.0;0.0
151.374;160;0;98;0;0.0;19.700;1.340;41;48;0;0;100;99;100;124;100;189;100;88;88;0;0.000;3.935;0.000;0.000;18.600;1.265;0.0;0.0;0;15;3.180;3.019;11.2;0;0.0;0;0;0;0;84;98;0;0;4138;0.00;0;0;0;0;0;0;0;0;0;0;0;0;0;0;0;0;15;0;98.0;98.0;0;0;0.00;0.00;0.00;0.0;0.0
151.441;160;0;98;0;0.0;19.700;1.340;41;48;0;0;100;99;100;124;100;189;100;88;88;0;0.000;3.935;0.000;0.000;18.600;1.265;0.0;0.0;0;15;3.180;3.019;11.2;0;0.0;0;0;0;0;84;98;0;0;4138;0.00;0;0;0;0;0;0;0;0;0;0;0;0;0;0;0;0;15;0;98.0;98.0;0;0;0.00;0.00;0.00;0.0;0.0
151.441;160;0;98;0;0.0;19.700;1.340;41;48;0;0;100;99;100;124;100;189;100;88;88;0;0.000;3.935;0.000;0.000;18.600;1.265;0.0;0.0;0;15;3.180;3.019;11.2;0;0.0;0;0;0;0;84;98;0;0;4138;0.00;0;0;0;0;0;0;0;0;0;0;0;0;0;0;0;0;15;0;98.0;98.0;0;0;0.00;0.00;0.00;0.0;0.0
151.573;160;0;98;0;0.0;19.700;1.340;41;48;0;0;100;99;100;124;100;189;100;88;88;0;0.000;3.935;0.000;0.000;18.600;1.265;0.0;0.0;0;15;3.180;3.019;11.2;0;0.0;0;0;0;0;84;98;0;0;4138;0.00;0;0;0;0;0;0;0;0;0;0;0;0;0;0;0;0;15;0;98.0;98.0;0;0;0.00;0.00;0.00;0.0;0.0
151.638;160;0;98;0;0.0;19.700;1.340;41;48;0;0;100;99;100;124;100;189;100;88;88;0;0.000;3.935;0.000;0.000;18.600;1.265;0.0;0.0;0;15;3.180;3.019;11.3;0;0.0;0;0;0;0;84;98;0;0;4138;0.00;0;0;0;0;0;0;0;0;0;0;0;0;0;0;0;0;15;0;98.0;98.0;0;0;0.00;0.00;0.00;0.0;0.0
151.704;160;0;98;0;0.0;19.700;1.340;41;48;0;0;100;99;100;124;100;189;100;88;88;0;0.000;3.935;0.000;0.000;18.600;1.265;0.0;0.0;0;15;3.180;3.019;11.3;0;0.0;0;0;0;0;84;98;0;0;4138;0.00;0;0;0;0;0;0;0;0;0;0;0;0;0;0;0;0;15;0;98.0;98.0;0;0;0.00;0.00;0.00;0.0;0.0
151.774;160;0;98;0;0.0;19.700;1.340;41;48;0;0;100;99;100;124;100;189;100;88;88;0;0.000;3.935;0.000;0.000;18.600;1.265;0.0;0.0;0;15;3.180;3.019;11.3;0;0.0;0;0;0;0;84;98;0;0;4138;0.00;0;0;0;0;0;0;0;0;0;0;0;0;0;0;0;0;15;0;98.0;98.0;0;0;0.00;0.00;0.00;0.0;0.0
151.774;160;0;98;0;0.0;19.700;1.340;41;48;0;0;100;99;100;124;100;189;100;88;88;0;0.000;3.935;0.000;0.000;18.600;1.265;0.0;0.0;0;15;3.180;3.019;11.3;0;0.0;0;0;0;0;84;98;0;0;4138;0.00;0;0;0;0;0;0;0;0;0;0;0;0;0;0;0;0;15;0;98.0;98.0;0;0;0.00;0.00;0.00;0.0;0.0
151.908;160;0;98;0;0.0;19.700;1.340;41;48;0;0;100;99;100;124;100;189;100;88;88;0;0.000;3.935;0.000;0.000;18.600;1.265;0.0;0.0;0;15;3.180;3.019;11.3;0;0.0;0;0;0;0;84;98;0;0;4138;0.00;0;0;0;0;0;0;0;0;0;0;0;0;0;0;0;0;15;0;98.0;98.0;0;0;0.00;0.00;0.00;0.0;0.0
151.974;160;0;96;0;0.0;18.200;1.238;41;48;0;0;100;99;100;124;100;189;100;87;87;0;0.000;3.935;0.000;0.000;18.600;1.265;0.0;0.0;0;16;3.180;3.019;11.3;0;-0.3;0;0;0;0;84;98;0;0;4138;0.00;0;0;0;0;0;0;0;0;0;0;0;0;0;0;0;0;16;0;96.0;96.0;0;0;0.00;0.00;0.00;0.0;0.0
152.038;160;0;91;0;0.0;16.900;1.150;41;48;0;0;100;99;100;124;100;189;100;81;81;0;0.000;3.935;0.000;0.000;18.600;1.265;0.0;0.0;0;17;3.180;3.019;11.3;0;-1.0;0;0;0;0;84;98;0;0;4138;0.00;0;0;0;0;0;0;0;0;0;0;0;0;0;0;0;0;17;0;91.0;91.0;0;0;0.00;0.00;0.00;0.0;0.0
152.104;160;0;95;0;0.0;16.500;1.122;41;48;0;0;100;99;100;124;100;189;100;85;85;0;0.000;3.935;0.000;0.000;18.600;1.265;0.0;0.0;0;16;3.180;3.019;10.4;0;-0.4;0;0;0;0;84;98;0;0;4138;0.00;0;0;0;0;0;0;0;0;0;0;0;0;0;0;0;0;16;0;95.0;95.0;0;0;0.00;0.00;0.00;0.0;0.0
152.169;160;0;89;0;0.0;16.400;1.116;41;48;0;0;100;99;100;124;100;189;100;80;80;0;0.000;3.935;0.000;0.000;18.600;1.265;0.0;0.0;0;17;3.180;3.019;10.4;0;-1.3;0;0;0;0;84;98;0;0;4138;0.00;0;0;0;0;0;0;0;0;0;0;0;0;0;0;0;0;17;0;89.0;89.0;2;0;0.00;0.00;0.00;0.0;0.0
152.234;160;0;85;0;0.0;16.400;1.116;41;48;0;0;100;99;100;124;100;189;100;76;76;0;0.000;3.935;0.000;0.000;18.600;1.265;0.0;0.0;0;18;3.180;3.019;10.4;0;-1.9;0;0;0;0;84;98;0;0;4138;0.00;0;0;0;0;0;0;0;0;0;0;0;0;0;0;0;0;18;0;85.0;85.0;2;0;0.00;0.00;0.00;0.0;0.0
152.306;160;0;93;0;0.0;16.400;1.116;41;48;0;0;100;99;100;124;100;189;100;84;84;0;0.000;3.935;0.000;0.000;18.600;1.265;0.0;0.0;0;16;3.180;3.019;10.4;0;-0.7;0;0;0;0;84;98;0;0;4138;0.00;0;0;0;0;0;0;0;0;0;0;0;0;0;0;0;0;16;0;93.0;93.0;2;0;0.00;0.00;0.00;0.0;0.0
152.371;161;0;84;0;0.0;16.400;1.116;41;48;0;0;100;99;100;124;100;189;100;75;75;0;0.000;3.935;0.000;0.000;18.600;1.265;0.0;0.0;0;18;3.180;3.019;10.3;0;-2.0;0;0;0;0;84;98;0;0;5083;0.00;0;0;0;0;0;0;0;0;0;0;0;0;0;0;0;0;18;0;84.0;84.0;2;0;0.00;0.00;0.00;0.0;0.0
152.437;161;0;89;0;0.0;16.400;1.116;41;48;0;0;100;99;100;124;100;189;100;80;80;0;0.000;3.935;0.000;0.000;18.600;1.265;0.0;0.0;0;17;3.180;3.019;10.3;0;-1.3;0;0;0;0;84;98;0;0;5083;0.00;0;0;0;0;0;0;0;0;0;0;0;0;0;0;0;0;17;0;89.0;89.0;2;0;0.00;0.00;0.00;0.0;0.0
152.507;161;0;85;0;0.0;16.400;1.116;41;48;0;0;100;99;100;124;100;189;100;76;76;0;0.000;3.935;0.000;0.000;18.600;1.265;0.0;0.0;0;18;3.180;3.019;10.3;0;-1.9;0;0;0;0;84;98;0;0;5083;0.00;0;0;0;0;0;0;0;0;0;0;0;0;0;0;0;0;18;0;85.0;85.0;2;0;0.00;0.00;0.00;0.0;0.0
152.571;161;0;82;0;0.0;16.400;1.116;41;48;0;0;100;99;100;124;100;189;100;73;73;0;0.000;3.935;0.000;0.000;18.600;1.265;0.0;0.0;0;18;3.180;3.019;10.3;0;-2.3;0;0;0;0;84;98;0;0;5083;0.00;0;0;0;0;0;0;0;0;0;0;0;0;0;0;0;0;18;0;82.0;82.0;2;0;0.00;0.00;0.00;0.0;0.0
152.636;161;0;89;0;0.0;16.400;1.116;41;48;0;0;100;99;100;124;100;189;100;80;80;0;0.000;3.935;0.000;0.000;18.600;1.265;0.0;0.0;0;17;3.180;3.019;10.2;0;-1.3;0;0;0;0;84;98;0;0;5083;0.00;0;0;0;0;0;0;0;0;0;0;0;0;0;0;0;0;17;0;89.0;89.0;2;0;0.00;0.00;0.00;0.0;0.0
152.703;161;253;89;22517;0.0;16.400;1.116;41;48;10;0;100;99;100;125;100;421;100;80;80;0;8.365;8.365;0.000;0.000;16.400;1.116;7.1;0.0;0;12;4.680;3.019;10.2;2530;-1.3;0;0;0;0;84;98;0;0;5083;1205.45;0;0;0;0;0;0;0;0;0;0;0;0;0;0;0;0;12;0;89.0;89.0;2;0;0.00;0.00;0.00;0.0;0.0
152.772;161;257;85;21845;0.0;16.400;1.116;41;48;10;0;100;99;100;125;100;421;100;76;76;0;7.784;7.784;0.000;0.000;16.400;1.116;6.7;0.0;0;12;4.680;4.499;10.2;0;-1.9;0;0;0;0;84;98;0;0;5083;1186.69;0;0;0;0;0;0;0;0;0;0;0;0;0;0;0;0;12;0;85.0;85.0;2;0;0.00;0.00;0.00;0.0;0.0
152.841;161;257;85;21845;0.0;16.400;1.116;41;48;10;0;100;99;100;125;100;421;100;76;76;0;7.784;7.784;0.000;0.000;16.400;1.116;6.7;0.0;0;12;4.680;4.499;10.2;0;-1.9;0;0;0;0;84;98;0;0;5083;1186.69;0;0;0;0;0;0;0;0;0;0;0;0;0;0;0;0;12;0;85.0;85.0;2;0;0.00;0.00;0.00;0.0;0.0
152.906;161;258;85;21930;0.0;16.400;1.116;41;48;10;0;100;99;100;125;100;421;100;76;76;0;7.916;7.916;0.000;0.000;16.400;1.116;6.8;0.0;0;12;4.725;4.711;9.6;40;-1.9;0;0;0;0;84;98;0;0;5083;1182.09;0;0;0;0;0;0;0;0;0;0;0;0;0;0;0;0;12;0;85.0;85.0;2;0;0.00;0.00;0.00;0.0;0.0
152.973;161;258;85;21930;0.0;16.400;1.116;41;48;10;0;100;99;100;125;100;421;100;76;76;0;7.916;7.916;0.000;0.000;16.400;1.116;6.8;0.0;0;12;4.725;4.736;9.6;10;-1.9;0;0;0;0;84;98;0;0;5083;1182.09;0;0;0;0;0;0;0;0;0;0;0;0;0;0;0;0;12;0;85.0;85.0;2;0;0.00;0.00;0.00;0.0;0.0
153.040;161;264;85;22440;0.0;16.300;1.109;41;48;10;0;100;99;100;125;100;421;100;76;76;0;7.916;7.916;0.000;0.000;16.300;1.109;7.0;0.0;0;12;4.725;4.736;9.6;10;-1.9;0;0;0;0;84;98;0;0;5083;1155.23;0;0;0;0;0;0;0;0;0;0;0;0;0;0;0;0;12;0;85.0;85.0;2;0;0.00;0.00;0.00;0.0;0.0
153.105;161;258;84;21672;0.0;16.300;1.109;41;48;10;0;100;99;100;125;100;421;100;75;75;0;7.874;7.874;0.000;0.000;16.300;1.109;6.8;0.0;0;12;4.770;4.739;9.3;60;-2.0;0;0;0;0;84;98;0;0;5083;1182.09;0;0;0;0;0;0;0;0;0;0;0;0;0;0;0;0;12;0;84.0;84.0;2;0;0.00;0.00;0.00;0.0;0.0
153.173;161;258;84;21672;0.0;16.300;1.109;41;48;10;0;100;99;100;125;100;421;100;75;75;0;7.874;7.874;0.000;0.000;16.300;1.109;6.8;0.0;0;12;4.770;4.739;9.3;-60;-2.0;0;0;0;0;84;98;0;0;5083;1182.09;0;0;0;0;0;0;0;0;0;0;0;0;0;0;0;0;12;0;84.0;84.0;2;0;0.00;0.00;0.00;0.0;0.0
153.173;161;260;84;21840;0.0;16.300;1.109;41;48;10;0;100;99;100;125;100;421;100;75;75;0;7.874;7.874;0.000;0.000;16.300;1.109;6.8;0.0;0;12;4.770;4.778;9.3;-60;-2.0;0;0;0;0;84;98;0;0;5083;1173.00;0;0;0;0;0;0;0;0;0;0;0;0;0;0;0;0;12;0;84.0;84.0;2;0;0.00;0.00;0.00;0.0;0.0
153.303;161;260;84;21840;0.0;16.300;1.109;41;48;10;0;100;99;100;125;100;421;100;75;75;0;7.874;7.874;0.000;0.000;16.300;1.109;6.8;0.0;0;12;4.770;4.778;9.3;20;-2.0;0;0;0;0;84;98;0;0;5083;1173.00;0;0;0;0;0;0;0;0;0;0;0;0;0;0;0;0;12;0;84.0;84.0;2;0;0.00;0.00;0.00;0.0;0.0
153.368;162;261;85;22185;0.0;16.300;1.109;41;48;10;0;100;99;100;125;100;421;100;76;76;0;7.916;7.916;0.000;0.000;16.300;1.109;6.9;0.0;0;12;4.725;4.779;9.6;10;-1.9;0;0;0;0;84;98;0;0;3781;869.20;0;0;0;0;0;0;0;0;0;0;0;0;0;0;0;0;12;0;85.0;85.0;2;0;0.00;0.00;0.00;0.0;0.0
153.434;162;322;85;27370;0.0;16.300;1.109;41;48;9;0;100;99;100;125;100;421;100;76;76;0;7.916;7.916;0.000;0.000;16.300;1.109;8.5;0.0;0;18;3.150;4.779;9.6;10;-1.9;0;0;0;0;84;98;0;0;3781;704.53;0;0;0;0;0;0;0;0;0;0;0;0;0;0;0;0;18;0;85.0;85.0;2;0;0.00;0.00;0.00;0.0;0.0
153.501;162;428;85;36380;0.0;16.300;1.109;41;48;13;0;100;99;100;125;100;397;100;76;76;0;7.580;7.580;0.000;0.000;16.300;1.109;10.8;0.0;0;18;3.150;4.779;9.6;610;-1.9;0;0;0;0;84;98;0;0;3781;530.05;0;0;0;0;0;0;0;0;0;0;0;0;0;0;0;0;18;0;85.0;85.0;2;0;0.00;0.00;0.00;0.0;0.0
153.569;162;599;85;50915;0.0;16.300;1.109;41;48;13;0;100;99;100;125;100;374;100;77;77;0;7.371;7.371;0.000;0.000;16.300;1.109;14.7;0.0;0;18;3.150;4.779;9.6;2770;-1.9;0;0;0;0;85;98;0;0;3781;378.73;0;0;0;0;0;0;0;0;0;0;0;0;0;0;0;0;18;0;85.0;85.0;2;0;0.00;0.00;0.00;0.0;0.0
153.634;162;852;75;63900;0.0;16.300;1.109;41;48;13;0;100;99;100;125;100;374;100;73;73;0;6.458;6.458;0.000;0.000;16.300;1.109;18.3;0.0;0;23;3.150;3.186;9.6;2770;-3.3;0;0;0;0;85;98;0;0;3781;266.27;0;0;0;0;0;0;0;0;0;0;0;0;0;0;0;0;23;0;75.0;75.0;2;0;0.00;0.00;0.00;0.0;0.0
153.700;162;861;48;41328;0.0;16.300;1.109;41;48;13;0;100;99;100;125;100;351;100;51;51;0;3.896;3.896;0.000;0.000;16.300;1.109;11.2;0.0;0;26;3.150;3.164;9.6;2670;-7.3;0;0;0;0;86;98;0;0;3781;263.48;0;0;0;0;0;0;0;0;0;0;0;0;0;0;0;0;26;0;48.0;48.0;2;0;0.00;0.00;0.00;0.0;0.0
153.770;162;954;43;41022;0.0;16.300;1.109;41;48;13;0;100;99;100;125;100;329;100;49;49;0;3.569;3.569;0.000;0.000;16.300;1.109;11.3;0.0;0;28;3.150;3.164;9.6;880;-8.0;0;0;0;0;87;98;0;0;3781;237.80;0;0;0;0;0;0;0;0;0;0;0;0;0;0;0;0;28;0;43.0;43.0;2;0;0.00;0.00;0.00;0.0;0.0
153.835;162;1005;41;41205;0.0;16.300;1.109;41;48;13;0;100;99;100;125;100;329;100;48;48;0;3.444;3.444;0.000;0.000;16.300;1.109;11.5;0.0;0;30;3.150;3.164;9.6;880;-8.3;0;0;0;0;87;98;0;0;3781;225.73;0;0;0;0;0;0;0;0;0;0;0;0;0;0;0;0;30;0;41.0;41.0;2;0;0.00;0.00;0.00;0.0;0.0
153.902;162;967;39;37713;0.0;16.500;1.122;41;48;13;0;100;99;100;125;100;306;100;46;46;0;3.177;3.177;0.000;0.000;16.500;1.122;10.2;0.0;0;29;3.120;3.136;10.0;570;-8.6;0;0;0;0;88;98;0;0;3781;234.60;0;0;0;0;0;0;0;0;0;0;0;0;0;0;0;0;29;0;39.0;39.0;2;0;0.00;0.00;0.00;0.0;0.0
153.972;162;936;40;37440;0.0;16.700;1.136;41;48;13;0;100;99;100;125;100;283;100;47;47;0;3.126;3.126;0.000;0.000;16.700;1.136;9.8;0.0;0;28;3.120;1.954;10.0;-770;-8.4;0;0;0;0;89;98;0;0;3781;242.37;0;0;0;0;0;0;0;0;0;0;0;0;0;0;0;0;28;0;40.0;40.0;2;0;0.00;0.00;0.00;0.0;0.0
154.037;162;934;39;36426;0.0;16.900;1.150;41;48;13;0;100;99;100;125;100;283;100;46;46;0;3.086;3.086;0.000;0.000;16.900;1.150;9.6;0.0;0;28;3.120;3.058;10.0;-770;-8.6;0;0;0;0;89;98;0;0;3781;242.89;0;0;0;0;0;0;0;0;0;0;0;0;0;0;0;0;28;0;39.0;39.0;2;0;0.00;0.00;0.00;0.0;0.0
154.102;162;957;39;37323;0.0;17.000;1.156;41;48;13;0;100;99;100;125;100;259;100;46;46;0;2.995;2.995;0.000;0.000;17.000;1.156;9.6;0.0;0;28;3.120;3.059;10.0;10;-8.6;0;0;0;0;90;98;0;0;3781;237.05;0;0;0;0;0;0;0;0;0;0;0;0;0;0;0;0;28;0;39.0;39.0;2;0;0.00;0.00;0.00;0.0;0.0
154.102;162;927;39;36153;0.0;17.000;1.156;41;48;13;0;100;99;100;125;100;237;100;46;46;0;2.800;2.800;0.000;0.000;17.000;1.156;8.7;0.0;0;28;3.090;2.377;10.5;-80;-8.6;0;0;0;1;90;98;0;0;3781;244.72;0;0;0;0;0;0;0;0;0;0;0;0;0;0;0;0;28;0;39.0;39.0;2;0;0.00;0.00;0.00;0.0;0.0
154.236;162;910;40;36400;0.0;17.300;1.177;41;48;13;0;100;99;100;125;100;237;100;47;47;0;2.833;2.833;0.000;0.000;17.300;1.177;8.6;0.0;0;27;3.090;2.914;10.5;-80;-8.4;0;0;0;0;91;98;0;0;3781;249.30;0;0;0;0;0;0;0;0;0;0;0;0;0;0;0;0;27;0;40.0;40.0;2;0;0.00;0.00;0.00;0.0;0.0
154.302;162;884;40;35360;0.0;18.800;1.279;41;48;13;0;100;99;100;125;100;214;100;46;46;0;2.727;2.727;0.000;0.000;18.800;1.279;8.0;0.0;0;27;3.090;3.025;10.5;-230;-8.4;0;0;0;0;92;98;0;0;3781;256.63;0;0;0;0;0;0;0;0;0;0;0;0;0;0;0;0;27;0;40.0;40.0;2;0;0.00;0.00;0.00;0.0;0.0
154.368;163;856;41;35096;0.0;19.400;1.320;41;48;13;0;100;99;100;125;100;214;100;47;47;0;2.627;2.627;0.000;0.000;19.400;1.320;7.5;0.0;0;26;3.060;2.070;11.1;-480;-8.3;0;0;0;1;92;98;0;0;1466;102.76;0;0;0;0;0;0;0;0;0;0;0;0;0;0;0;0;26;0;41.0;41.0;2;0;0.00;0.00;0.00;0.0;0.0
154.437;163;817;41;33497;0.0;19.700;1.340;41;48;13;0;100;99;100;125;100;191;100;46;46;0;2.518;2.518;0.000;0.000;19.700;1.340;6.9;0.0;0;25;3.060;2.125;11.1;-480;-8.3;0;0;0;0;93;98;0;0;1466;107.66;0;0;0;0;0;0;0;0;0;0;0;0;0;0;0;0;25;0;41.0;41.0;2;0;0.00;0.00;0.00;0.0;0.0
154.503;163;797;43;34271;0.0;19.300;1.313;41;48;13;0;100;99;100;125;100;191;100;47;47;0;2.575;2.575;0.000;0.000;19.300;1.313;6.8;0.0;0;25;3.060;2.060;11.1;-390;-8.0;0;0;0;0;94;98;0;0;1466;110.36;0;0;0;0;0;0;0;0;0;0;0;0;0;0;0;0;25;0;43.0;43.0;2;0;0.00;0.00;0.00;0.0;0.0
154.570;163;796;43;34228;0.0;19.400;1.320;41;48;13;0;100;99;100;125;100;191;100;47;47;0;2.575;2.575;0.000;0.000;19.400;1.320;6.8;0.0;0;25;3.060;3.135;11.1;-390;-8.0;0;0;0;0;94;98;0;0;1466;110.50;0;0;0;0;0;0;0;0;0;0;0;0;0;0;0;0;25;0;43.0;43.0;2;0;0.00;0.00;0.00;0.0;0.0
154.634;163;788;44;34672;0.0;19.600;1.333;41;48;13;0;100;99;100;125;100;191;100;47;47;0;2.674;2.674;0.000;0.000;19.600;1.333;7.0;0.0;0;24;3.090;2.592;10.7;-210;-7.8;0;0;0;0;95;98;0;0;1466;111.62;0;0;0;0;0;0;0;0;0;0;0;0;0;0;0;0;24;0;44.0;44.0;2;0;0.00;0.00;0.00;0.0;0.0
154.634;163;811;44;35684;0.0;19.300;1.313;41;48;13;0;100;99;100;125;100;191;100;47;47;0;2.674;2.674;0.000;0.000;19.300;1.313;7.2;0.0;0;25;3.090;3.709;10.7;110;-7.8;0;0;0;0;96;98;0;0;1466;108.46;0;0;0;0;0;0;0;0;0;0;0;0;0;0;0;0;25;0;44.0;44.0;2;0;0.00;0.00;0.00;0.0;0.0
154.769;163;815;43;35045;0.0;19.600;1.333;41;48;13;0;100;99;100;125;100;191;100;47;47;0;2.659;2.659;0.000;0.000;19.600;1.333;7.2;0.0;0;26;3.090;3.028;10.7;110;-8.0;0;0;0;0;96;98;0;0;1466;107.93;0;0;0;0;0;0;0;0;0;0;0;0;0;0;0;0;26;0;43.0;43.0;2;0;0.00;0.00;0.00;0.0;0.0
154.834;163;826;44;36344;0.0;19.700;1.340;41;48;13;0;100;99;100;125;100;191;100;48;48;0;2.690;2.690;0.000;0.000;19.700;1.340;7.4;0.0;0;25;3.090;3.231;10.7;60;-7.8;0;0;0;0;96;98;0;0;1466;106.49;0;0;0;0;0;0;0;0;0;0;0;0;0;0;0;0;25;0;44.0;44.0;2;0;0.00;0.00;0.00;0.0;0.0
154.901;163;811;43;34873;0.0;19.600;1.333;41;48;13;0;100;99;100;125;100;191;100;47;47;0;2.611;2.611;0.000;0.000;19.600;1.333;7.1;0.0;0;25;3.090;2.695;10.9;40;-8.0;0;0;0;0;97;98;0;0;1466;108.46;0;0;0;0;0;0;0;0;0;0;0;0;0;0;0;0;25;0;43.0;43.0;2;0;0.00;0.00;0.00;0.0;0.0
154.970;163;820;43;35260;0.0;19.600;1.333;41;48;13;0;100;99;100;125;100;191;100;47;47;0;2.611;2.611;0.000;0.000;19.600;1.333;7.1;0.0;0;26;3.090;2.752;10.9;40;-8.0;0;0;0;0;97;98;0;0;1466;107.27;0;0;0;0;0;0;0;0;0;0;0;0;0;0;0;0;26;0;43.0;43.0;2;0;0.00;0.00;0.00;0.0;0.0
155.036;163;807;43;34701;0.0;19.700;1.340;41;48;13;0;100;99;100;125;100;191;100;47;47;0;2.611;2.611;0.000;0.000;19.700;1.340;7.0;0.0;0;25;3.090;2.974;10.9;30;-8.0;0;0;0;0;98;98;0;0;1466;109.00;0;0;0;0;0;0;0;0;0;0;0;0;0;0;0;0;25;0;43.0;43.0;2;0;0.00;0.00;0.00;0.0;0.0
155.101;163;801;44;35244;0.0;19.700;1.340;41;48;13;0;100;99;100;125;100;191;100;47;47;0;2.626;2.626;0.000;0.000;19.700;1.340;7.0;0.0;0;25;3.090;2.694;10.9;-190;-7.8;0;0;0;0;99;98;0;0;1466;109.81;0;0;0;0;0;0;0;0;0;0;0;0;0;0;0;0;25;0;44.0;44.0;2;0;0.00;0.00;0.00;0.0;0.0
155.172;163;809;44;35596;0.0;19.500;1.327;41;48;13;0;100;99;100;125;100;191;100;47;47;0;2.518;2.518;0.000;0.000;19.500;1.327;6.8;0.0;0;25;3.060;2.962;11.4;-190;-7.8;0;0;0;0;99;98;0;0;1466;108.73;0;0;0;0;0;0;0;0;0;0;0;0;0;0;0;0;25;0;44.0;44.0;2;0;0.00;0.00;0.00;0.0;0.0
155.238;163;799;44;35156;0.0;19.600;1.333;41;48;13;0;100;99;100;125;100;191;100;47;47;0;2.518;2.518;0.000;0.000;19.600;1.333;6.7;0.0;0;25;3.060;2.625;11.4;60;-7.8;0;0;0;0;100;98;0;0;1466;110.09;0;0;0;0;0;0;0;0;0;0;0;0;0;0;0;0;25;0;44.0;44.0;2;0;0.00;0.00;0.00;0.0;0.0
155.304;163;829;43;35647;0.0;19.700;1.340;41;48;13;0;100;99;100;125;100;191;100;47;47;0;2.503;2.503;0.000;0.000;19.700;1.340;6.9;0.0;0;25;3.060;2.922;11.4;160;-8.0;0;0;0;0;101;98;0;0;1466;106.10;0;0;0;0;0;0;0;0;0;0;0;0;0;0;0;0;25;0;43.0;43.0;2;0;0.00;0.00;0.00;0.0;0.0
155.375;163;817;43;35131;0.0;19.700;1.340;41;48;13;0;100;99;100;125;100;191;100;47;47;0;2.503;2.503;0.000;0.000;19.700;1.340;6.8;0.0;0;25;3.060;2.641;11.4;160;-8.0;0;0;0;0;101;98;0;0;1466;107.66;0;0;0;0;0;0;0;0;0;0;0;0;0;0;0;0;25;0;43.0;43.0;2;0;0.00;0.00;0.00;0.0;0.0
155.443;164;833;43;35819;0.0;19.700;1.340;41;48;13;0;100;99;100;125;100;191;100;47;47;0;2.443;2.443;0.000;0.000;19.700;1.340;6.8;0.0;0;25;3.030;3.311;11.7;-60;-8.0;0;0;0;0;102;98;0;0;1732;124.75;0;0;0;0;0;0;0;0;0;0;0;0;0;0;0;0;25;0;43.0;43.0;2;0;0.00;0.00;0.00;0.0;0.0
155.507;164;824;43;35432;0.0;19.700;1.340;41;48;13;0;100;99;100;125;100;191;100;47;47;0;2.443;2.443;0.000;0.000;19.700;1.340;6.7;0.0;0;26;3.030;2.576;11.7;70;-8.0;0;0;0;0;103;98;0;0;1732;126.12;0;0;0;0;0;0;0;0;0;0;0;0;0;0;0;0;26;0;43.0;43.0;2;0;0.00;0.00;0.00;0.0;0.0
155.576;164;823;43;35389;0.0;19.700;1.340;41;48;13;0;100;99;100;125;100;191;100;47;47;0;2.443;2.443;0.000;0.000;19.700;1.340;6.7;0.0;0;26;3.030;3.461;11.7;70;-8.0;0;0;0;0;103;98;0;0;1732;126.27;0;0;0;0;0;0;0;0;0;0;0;0;0;0;0;0;26;0;43.0;43.0;2;0;0.00;0.00;0.00;0.0;0.0
155.643;164;809;43;34787;0.0;19.700;1.340;41;48;13;0;100;99;100;125;100;191;100;47;47;0;2.419;2.419;0.000;0.000;19.700;1.340;6.5;0.0;0;25;3.030;2.498;11.8;-60;-8.0;0;0;0;0;104;98;0;0;1732;128.45;0;0;0;0;0;0;0;0;0;0;0;0;0;0;0;0;25;0;43.0;43.0;2;0;0.00;0.00;0.00;0.0;0.0
155.709;164;817;44;35948;0.0;19.700;1.340;41;48;13;0;100;99;100;125;100;191;100;47;47;0;2.434;2.434;0.000;0.000;19.700;1.340;6.6;0.0;0;25;3.030;3.504;11.8;-190;-7.8;0;0;0;0;105;98;0;0;1732;127.20;0;0;0;0;0;0;0;0;0;0;0;0;0;0;0;0;25;0;44.0;44.0;2;0;0.00;0.00;0.00;0.0;0.0
155.774;164;819;43;35217;0.0;19.700;1.340;41;48;13;0;100;99;100;125;100;191;100;47;47;0;2.419;2.419;0.000;0.000;19.700;1.340;6.6;0.0;0;26;3.030;3.239;11.8;-190;-8.0;0;0;0;0;105;98;0;0;1732;126.89;0;0;0;0;0;0;0;0;0;0;0;0;0;0;0;0;26;0;43.0;43.0;2;0;0.00;0.00;0.00;0.0;0.0
155.839;164;823;43;35389;0.0;19.700;1.340;41;48;13;0;100;99;100;125;100;191;100;47;47;0;2.419;2.419;0.000;0.000;19.700;1.340;6.6;0.0;0;26;3.030;2.438;11.8;200;-8.0;0;0;0;0;106;98;0;0;1732;126.27;0;0;0;0;0;0;0;0;0;0;0;0;0;0;0;0;26;0;43.0;43.0;2;0;0.00;0.00;0.00;0.0;0.0
155.906;164;829;43;35647;0.0;19.700;1.340;41;48;13;0;100;99;100;125;100;191;100;47;47;0;2.395;2.395;0.000;0.000;19.700;1.340;6.6;0.0;0;25;3.030;2.994;11.9;100;-8.0;0;0;0;0;107;98;0;0;1732;125.36;0;0;0;0;0;0;0;0;0;0;0;0;0;0;0;0;25;0;43.0;43.0;2;0;0.00;0.00;0.00;0.0;0.0
155.971;164;828;42;34776;0.0;19.700;1.340;41;48;13;0;100;99;100;125;100;191;100;47;47;0;2.380;2.380;0.000;0.000;19.700;1.340;6.6;0.0;0;25;3.030;2.821;11.9;100;-8.1;0;0;0;0;107;98;0;0;1732;125.51;0;0;0;0;0;0;0;0;0;0;0;0;0;0;0;0;25;0;42.0;42.0;2;0;0.00;0.00;0.00;0.0;0.0
156.043;164;848;42;35616;0.0;19.700;1.340;41;48;13;0;100;99;100;125;100;191;100;47;47;0;2.380;2.380;0.000;0.000;19.700;1.340;6.7;0.0;0;26;3.030;2.934;11.9;150;-8.1;0;0;0;0;108;98;0;0;1732;122.55;0;0;0;0;0;0;0;0;0;0;0;0;0;0;0;0;26;0;42.0;42.0;2;0;0.00;0.00;0.00;0.0;0.0
156.107;164;834;42;35028;0.0;19.700;1.340;41;48;13;0;100;99;100;125;100;191;100;47;47;0;2.380;2.380;0.000;0.000;19.700;1.340;6.6;0.0;0;26;3.030;2.604;11.9;-100;-8.1;0;0;0;0;108;98;0;0;1732;124.60;0;0;0;0;0;0;0;0;0;0;0;0;0;0;0;0;26;0;42.0;42.0;2;0;0.00;0.00;0.00;0.0;0.0
156.175;164;842;42;35364;0.0;19.700;1.340;41;48;13;0;100;99;100;125;100;191;100;47;47;0;2.332;2.332;0.000;0.000;19.700;1.340;6.5;0.0;0;26;3.000;2.881;12.1;-100;-8.1;0;0;0;0;108;98;0;0;1732;123.42;0;0;0;0;0;0;0;0;0;0;0;0;0;0;0;0;26;0;42.0;42.0;2;0;0.00;0.00;0.00;0.0;0.0
156.241;164;823;42;34566;0.0;19.700;1.340;41;48;13;0;100;99;100;125;100;191;100;47;47;0;2.332;2.332;0.000;0.000;19.700;1.340;6.4;0.0;0;25;3.000;2.622;12.1;20;-8.1;0;0;0;0;108;98;0;0;1732;126.27;0;0;0;0;0;0;0;0;0;0;0;0;0;0;0;0;25;0;42.0;42.0;2;0;0.00;0.00;0.00;0.0;0.0
156.306;164;835;42;35070;0.0;19.700;1.340;41;48;13;0;100;99;100;125;100;191;100;47;47;0;2.332;2.332;0.000;0.000;19.700;1.340;6.5;0.0;0;26;3.000;3.401;12.1;-10;-8.1;0;0;0;0;108;98;0;0;1732;124.46;0;0;0;0;0;0;0;0;0;0;0;0;0;0;0;0;26;0;42.0;42.0;2;0;0.00;0.00;0.00;0.0;0.0
156.371;164;831;42;34902;0.0;19.700;1.340;41;48;13;0;100;99;100;125;100;191;100;47;47;0;2.332;2.332;0.000;0.000;19.700;1.340;6.5;0.0;0;25;3.000;2.539;12.1;-10;-8.1;0;0;0;0;108;98;0;0;1732;125.05;0;0;0;0;0;0;0;0;0;0;0;0;0;0;0;0;25;0;42.0;42.0;2;0;0.00;0.00;0.00;0.0;0.0
156.371;165;837;43;35991;0.0;19.700;1.340;41;48;13;0;100;99;100;125;100;191;100;48;48;0;2.350;2.350;0.000;0.000;19.700;1.340;6.6;0.0;0;26;3.000;3.237;12.2;-60;-8.0;0;0;0;0;108;98;0;0;1754;125.73;0;0;0;0;0;0;0;0;0;0;0;0;0;0;0;0;26;0;43.0;43.0;2;0;0.00;0.00;0.00;0.0;0.0
156.504;165;834;42;35028;0.0;19.700;1.340;41;48;13;0;100;99;100;125;100;191;100;47;47;0;2.320;2.320;0.000;0.000;19.700;1.340;6.4;0.0;0;26;3.000;3.029;12.2;50;-8.1;0;0;0;0;108;98;0;0;1754;126.19;0;0;0;0;0;0;0;0;0;0;0;0;0;0;0;0;26;0;42.0;42.0;2;0;0.00;0.00;0.00;0.0;0.0
156.569;165;844;43;36292;0.0;19.700;1.340;41;48;13;0;100;99;100;125;100;191;100;47;47;0;2.335;2.335;0.000;0.000;19.700;1.340;6.6;0.0;0;26;3.000;3.294;12.2;50;-8.0;0;0;0;0;108;98;0;0;1754;124.69;0;0;0;0;0;0;0;0;0;0;0;0;0;0;0;0;26;0;43.0;43.0;2;0;0.00;0.00;0.00;0.0;0.0
156.639;165;835;42;35070;0.0;19.700;1.340;41;48;13;0;100;99;100;125;100;191;100;47;47;0;2.320;2.320;0.000;0.000;19.700;1.340;6.5;0.0;0;26;3.000;2.769;12.2;70;-8.1;0;0;0;0;108;98;0;0;1754;126.04;0;0;0;0;0;0;0;0;0;0;0;0;0;0;0;0;26;0;42.0;42.0;2;0;0.00;0.00;0.00;0.0;0.0
156.705;165;834;42;35028;0.0;19.700;1.340;41;49;13;0;100;99;100;124;100;189;100;47;47;0;2.313;2.313;0.000;0.000;19.700;1.340;6.4;0.0;0;26;3.000;2.380;12.2;70;-8.1;0;0;0;0;108;98;0;0;1754;126.19;0;0;0;0;0;0;0;0;0;0;0;0;0;0;0;0;26;0;42.0;42.0;2;0;0.00;0.00;0.00;0.0;0.0
156.773;165;833;42;34986;0.0;19.700;1.340;41;49;13;0;100;99;100;124;100;189;100;47;47;0;2.313;2.313;0.000;0.000;19.700;1.340;6.4;0.0;0;25;3.000;3.102;12.2;-70;-8.1;0;0;0;0;111;98;0;0;1754;126.34;0;0;0;0;0;0;0;0;0;0;0;0;0;0;0;0;25;0;42.0;42.0;2;0;0.00;0.00;0.00;0.0;0.0
156.840;165;825;43;35475;0.0;19.700;1.340;41;49;13;0;100;99;100;124;100;189;100;47;47;0;2.328;2.328;0.000;0.000;19.700;1.340;6.4;0.0;0;25;3.000;2.528;12.2;-10;-8.0;0;0;0;0;111;98;0;0;1754;127.56;0;0;0;0;0;0;0;0;0;0;0;0;0;0;0;0;25;0;43.0;43.0;2;0;0.00;0.00;0.00;0.0;0.0
156.905;165;840;42;35280;0.0;19.700;1.340;41;49;13;0;100;99;100;124;100;189;100;47;47;0;2.313;2.313;0.000;0.000;19.700;1.340;6.5;0.0;0;26;3.000;2.925;12.2;-10;-8.1;0;0;0;0;111;98;0;0;1754;125.29;0;0;0;0;0;0;0;0;0;0;0;0;0;0;0;0;26;0;42.0;42.0;2;0;0.00;0.00;0.00;0.0;0.0
156.971;165;839;42;35238;0.0;19.700;1.340;41;49;13;0;100;99;100;124;100;189;100;47;47;0;2.325;2.325;0.000;0.000;19.700;1.340;6.5;0.0;0;26;3.000;2.653;12.1;70;-8.1;0;0;0;0;111;98;0;0;1754;125.44;0;0;0;0;0;0;0;0;0;0;0;0;0;0;0;0;26;0;42.0;42.0;2;0;0.00;0.00;0.00;0.0;0.0
156.971;165;851;42;35742;0.0;19.700;1.340;41;49;13;0;100;99;100;124;100;189;100;47;47;0;2.325;2.325;0.000;0.000;19.700;1.340;6.6;0.0;0;26;3.000;2.891;12.1;110;-8.1;0;0;0;0;111;98;0;0;1754;123.67;0;0;0;0;0;0;0;0;0;0;0;0;0;0;0;0;26;0;42.0;42.0;2;0;0.00;0.00;0.00;0.0;0.0
157.106;165;828;42;34776;0.0;19.700;1.340;41;49;13;0;100;99;100;124;100;189;100;47;47;0;2.325;2.325;0.000;0.000;19.700;1.340;6.4;0.0;0;25;3.000;2.369;12.1;110;-8.1;0;0;0;0;111;98;0;0;1754;127.10;0;0;0;0;0;0;0;0;0;0;0;0;0;0;0;0;25;0;42.0;42.0;2;0;0.00;0.00;0.00;0.0;0.0
157.171;165;844;42;35448;0.0;19.700;1.340;41;49;13;0;100;99;100;124;100;189;100;47;47;0;2.397;2.397;0.000;0.000;19.700;1.340;6.7;0.0;0;26;3.030;3.566;11.8;-230;-8.1;0;0;0;0;111;98;0;0;1754;124.69;0;0;0;0;0;0;0;0;0;0;0;0;0;0;0;0;26;0;42.0;42.0;2;0;0.00;0.00;0.00;0.0;0.0
157.237;165;839;42;35238;0.0;19.700;1.340;41;49;13;0;100;99;100;124;100;189;100;47;47;0;2.397;2.397;0.000;0.000;19.700;1.340;6.7;0.0;0;26;3.030;2.724;11.8;140;-8.1;0;0;0;0;111;98;0;0;1754;125.44;0;0;0;0;0;0;0;0;0;0;0;0;0;0;0;0;26;0;42.0;42.0;2;0;0.00;0.00;0.00;0.0;0.0
157.306;165;855;42;35910;0.0;19.700;1.340;41;49;13;0;100;99;100;124;100;189;100;47;47;0;2.397;2.397;0.000;0.000;19.700;1.340;6.8;0.0;0;26;3.030;3.450;11.8;140;-8.1;0;0;0;0;111;98;0;0;1754;123.09;0;0;0;0;0;0;0;0;0;0;0;0;0;0;0;0;26;0;42.0;42.0;2;0;0.00;0.00;0.00;0.0;0.0
157.371;165;852;41;34932;0.0;19.700;1.340;41;49;13;0;100;99;100;124;100;189;100;46;46;0;2.356;2.356;0.000;0.000;19.700;1.340;6.7;0.0;0;26;3.030;2.943;11.8;130;-8.3;0;0;0;0;111;98;0;0;1754;123.52;0;0;0;0;0;0;0;0;0;0;0;0;0;0;0;0;26;0;41.0;41.0;2;0;0.00;0.00;0.00;0.0;0.0
157.438;166;854;42;35868;0.0;19.700;1.340;41;49;13;0;100;99;100;124;100;189;100;47;47;0;2.325;2.325;0.000;0.000;19.700;1.340;6.6;0.0;0;26;3.000;3.019;12.1;-10;-8.1;0;0;0;0;111;98;0;0;1780;125.06;0;0;0;0;0;0;0;0;0;0;0;0;0;0;0;0;26;0;42.0;42.0;2;0;0.00;0.00;0.00;0.0;0.0
157.507;166;859;41;35219;0.0;19.700;1.340;41;49;13;0;100;99;100;124;100;189;100;47;47;0;2.297;2.297;0.000;0.000;19.700;1.340;6.6;0.0;0;26;3.000;2.813;12.1;-10;-8.3;0;0;0;0;111;98;0;0;1780;124.33;0;0;0;0;0;0;0;0;0;0;0;0;0;0;0;0;26;0;41.0;41.0;2;0;0.00;0.00;0.00;0.0;0.0
157.573;166;861;42;36162;0.0;19.700;1.340;41;49;13;0;100;99;100;124;100;189;100;47;47;0;2.325;2.325;0.000;0.000;19.700;1.340;6.7;0.0;0;26;3.000;3.047;12.1;-10;-8.1;0;0;0;0;111;98;0;0;1780;124.04;0;0;0;0;0;0;0;0;0;0;0;0;0;0;0;0;26;0;42.0;42.0;2;0;0.00;0.00;0.00;0.0;0.0
157.645;166;850;41;34850;0.0;19.700;1.340;41;49;13;0;100;99;100;124;100;189;100;47;47;0;2.297;2.297;0.000;0.000;19.700;1.340;6.5;0.0;0;26;3.000;2.629;12.1;20;-8.3;0;0;0;0;111;98;0;0;1780;125.65;0;0;0;0;0;0;0;0;0;0;0;0;0;0;0;0;26;0;41.0;41.0;2;0;0.00;0.00;0.00;0.0;0.0
157.709;166;866;42;36372;0.0;19.700;1.340;41;49;13;0;100;99;100;124;100;189;100;47;47;0;2.301;2.301;0.000;0.000;19.700;1.340;6.6;0.0;0;26;3.000;3.595;12.3;20;-8.1;0;0;0;0;111;98;0;0;1780;123.33;0;0;0;0;0;0;0;0;0;0;0;0;0;0;0;0;26;0;42.0;42.0;2;0;0.00;0.00;0.00;0.0;0.0
157.776;166;863;41;35383;0.0;19.700;1.340;41;49;13;0;100;99;100;124;100;189;100;47;47;0;2.273;2.273;0.000;0.000;19.700;1.340;6.5;0.0;0;26;3.000;2.715;12.3;110;-8.3;0;0;0;0;111;98;0;0;1780;123.75;0;0;0;0;0;0;0;0;0;0;0;0;0;0;0;0;26;0;41.0;41.0;2;0;0.00;0.00;0.00;0.0;0.0
157.841;166;868;41;35588;0.0;19.700;1.340;41;49;13;0;100;99;100;124;100;189;100;47;47;0;2.273;2.273;0.000;0.000;19.700;1.340;6.6;0.0;0;26;3.000;2.606;12.3;-110;-8.3;0;0;0;0;111;98;0;0;1780;123.04;0;0;0;0;0;0;0;0;0;0;0;0;0;0;0;0;26;0;41.0;41.0;2;0;0.00;0.00;0.00;0.0;0.0
157.907;166;861;41;35301;0.0;19.700;1.340;41;49;13;0;100;99;100;124;100;189;100;47;47;0;2.273;2.273;0.000;0.000;19.700;1.340;6.5;0.0;0;26;3.000;2.697;12.3;-110;-8.3;0;0;0;0;111;98;0;0;1780;124.04;0;0;0;0;0;0;0;0;0;0;0;0;0;0;0;0;26;0;41.0;41.0;2;0;0.00;0.00;0.00;0.0;0.0
157.972;166;860;41;35260;0.0;19.700;1.340;41;49;13;0;100;99;100;124;100;189;100;47;47;0;2.261;2.261;0.000;0.000;19.700;1.340;6.5;0.0;0;26;3.000;2.456;12.4;60;-8.3;0;0;0;0;111;98;0;0;1780;124.19;0;0;0;0;0;0;0;0;0;0;0;0;0;0;0;0;26;0;41.0;41.0;2;0;0.00;0.00;0.00;0.0;0.0
158.038;166;866;41;35506;0.0;19.700;1.340;41;49;13;0;100;99;100;124;100;189;100;47;47;0;2.261;2.261;0.000;0.000;19.700;1.340;6.5;0.0;0;26;3.000;3.056;12.4;50;-8.3;0;0;0;0;111;98;0;0;1780;123.33;0;0;0;0;0;0;0;0;0;0;0;0;0;0;0;0;26;0;41.0;41.0;2;0;0.00;0.00;0.00;0.0;0.0
158.103;166;853;41;34973;0.0;19.700;1.340;41;49;13;0;100;99;100;124;100;189;100;46;46;0;2.248;2.248;0.000;0.000;19.700;1.340;6.4;0.0;0;26;3.000;2.415;12.4;50;-8.3;0;0;0;0;111;98;0;0;1780;125.21;0;0;0;0;0;0;0;0;0;0;0;0;0;0;0;0;26;0;41.0;41.0;2;0;0.00;0.00;0.00;0.0;0.0
158.169;166;875;41;35875;0.0;19.700;1.340;41;49;13;0;100;99;100;124;100;189;100;47;47;0;2.261;2.261;0.000;0.000;19.700;1.340;6.6;0.0;0;27;3.000;3.169;12.4;50;-8.3;0;0;0;0;111;98;0;0;1780;122.06;0;0;0;0;0;0;0;0;0;0;0;0;0;0;0;0;27;0;41.0;41.0;2;0;0.00;0.00;0.00;0.0;0.0
158.234;166;869;41;35629;0.0;19.700;1.340;41;49;13;0;100;99;100;124;100;189;100;47;47;0;2.261;2.261;0.000;0.000;19.700;1.340;6.5;0.0;0;26;3.000;2.717;12.4;-20;-8.3;0;0;0;0;111;98;0;0;1780;122.90;0;0;0;0;0;0;0;0;0;0;0;0;0;0;0;0;26;0;41.0;41.0;2;0;0.00;0.00;0.00;0.0;0.0
158.234;166;876;41;35916;0.0;19.700;1.340;41;49;13;0;100;99;100;124;100;189;100;47;47;0;2.261;2.261;0.000;0.000;19.700;1.340;6.6;0.0;0;27;3.000;2.925;12.4;-20;-8.3;0;0;0;0;111;98;0;0;1780;121.92;0;0;0;0;0;0;0;0;0;0;0;0;0;0;0;0;27;0;41.0;41.0;2;0;0.00;0.00;0.00;0.0;0.0
158.369;166;868;41;35588;0.0;19.700;1.340;41;49;13;0;100;99;100;124;100;189;100;47;47;0;2.261;2.261;0.000;0.000;19.700;1.340;6.5;0.0;0;26;3.000;2.751;12.4;10;-8.3;0;0;0;0;111;98;0;0;1780;123.04;0;0;0;0;0;0;0;0;0;0;0;0;0;0;0;0;26;0;41.0;41.0;2;0;0.00;0.00;0.00;0.0;0.0
158.369;167;878;41;35998;0.0;19.700;1.340;41;49;13;0;100;99;100;124;100;189;100;47;47;0;2.249;2.249;0.000;0.000;19.700;1.340;6.6;0.0;0;27;3.000;2.785;12.5;80;-8.3;0;0;0;0;111;98;0;0;1796;122.73;0;0;0;0;0;0;0;0;0;0;0;0;0;0;0;0;27;0;41.0;41.0;2;0;0.00;0.00;0.00;0.0;0.0
158.500;167;859;41;35219;0.0;19.700;1.340;41;49;13;0;100;99;100;124;100;189;100;47;47;0;2.249;2.249;0.000;0.000;19.700;1.340;6.4;0.0;0;26;3.000;2.402;12.5;80;-8.3;0;0;0;0;111;98;0;0;1796;125.45;0;0;0;0;0;0;0;0;0;0;0;0;0;0;0;0;26;0;41.0;41.0;2;0;0.00;0.00;0.00;0.0;0.0
158.566;167;876;41;35916;0.0;19.700;1.340;41;49;13;0;100;99;100;124;100;189;100;47;47;0;2.249;2.249;0.000;0.000;19.700;1.340;6.6;0.0;0;27;3.000;3.286;12.5;-60;-8.3;0;0;0;0;111;98;0;0;1796;123.01;0;0;0;0;0;0;0;0;0;0;0;0;0;0;0;0;27;0;41.0;41.0;2;0;0.00;0.00;0.00;0.0;0.0
158.635;167;865;41;35465;0.0;19.700;1.340;41;49;13;0;100;99;100;124;100;189;100;47;47;0;2.249;2.249;0.000;0.000;19.700;1.340;6.5;0.0;0;26;3.000;2.634;12.5;-70;-8.3;0;0;0;0;111;98;0;0;1796;124.58;0;0;0;0;0;0;0;0;0;0;0;0;0;0;0;0;26;0;41.0;41.0;2;0;0.00;0.00;0.00;0.0;0.0
158.701;167;892;41;36572;0.0;19.700;1.340;41;49;13;0;100;99;100;124;100;189;100;47;47;0;2.273;2.273;0.000;0.000;19.700;1.340;6.8;0.0;0;27;3.000;3.472;12.3;-70;-8.3;0;0;0;0;111;98;0;0;1796;120.81;0;0;0;0;0;0;0;0;0;0;0;0;0;0;0;0;27;0;41.0;41.0;2;0;0.00;0.00;0.00;0.0;0.0
158.767;167;871;41;35711;0.0;19.700;1.340;41;49;13;0;100;99;100;124;100;189;100;47;47;0;2.273;2.273;0.000;0.000;19.700;1.340;6.6;0.0;0;26;3.000;2.609;12.3;200;-8.3;0;0;0;0;111;98;0;0;1796;123.72;0;0;0;0;0;0;0;0;0;0;0;0;0;0;0;0;26;0;41.0;41.0;2;0;0.00;0.00;0.00;0.0;0.0
158.837;167;882;41;36162;0.0;19.700;1.340;41;49;13;0;100;99;100;124;100;189;100;47;47;0;2.273;2.273;0.000;0.000;19.700;1.340;6.7;0.0;0;27;3.000;3.347;12.3;200;-8.3;0;0;0;0;111;98;0;0;1796;122.18;0;0;0;0;0;0;0;0;0;0;0;0;0;0;0;0;27;0;41.0;41.0;2;0;0.00;0.00;0.00;0.0;0.0
158.902;167;879;41;36039;0.0;19.700;1.340;41;49;13;0;100;99;100;124;100;189;100;47;47;0;2.273;2.273;0.000;0.000;19.700;1.340;6.7;0.0;0;27;3.000;2.714;12.3;-30;-8.3;0;0;0;0;111;98;0;0;1796;122.59;0;0;0;0;0;0;0;0;0;0;0;0;0;0;0;0;27;0;41.0;41.0;2;0;0.00;0.00;0.00;0.0;0.0
158.968;167;906;40;36240;0.0;19.700;1.340;41;49;13;0;100;99;100;124;100;189;100;47;47;0;2.246;2.246;0.000;0.000;19.700;1.340;6.8;0.0;0;27;3.000;3.598;12.4;220;-8.4;0;0;0;0;111;98;0;0;1796;118.94;0;0;0;0;0;0;0;0;0;0;0;0;0;0;0;0;27;0;40.0;40.0;2;0;0.00;0.00;0.00;0.0;0.0
159.033;167;904;40;36160;0.0;19.700;1.340;41;49;13;0;100;99;100;124;100;189;100;47;47;0;2.246;2.246;0.000;0.000;19.700;1.340;6.8;0.0;0;27;3.000;2.744;12.4;220;-8.4;0;0;0;0;111;98;0;0;1796;119.20;0;0;0;0;0;0;0;0;0;0;0;0;0;0;0;0;27;0;40.0;40.0;2;0;0.00;0.00;0.00;0.0;0.0
159.098;167;914;40;36560;0.0;19.700;1.340;41;49;13;0;100;99;100;124;100;189;100;47;47;0;2.246;2.246;0.000;0.000;19.700;1.340;6.8;0.0;0;27;3.000;3.572;12.4;0;-8.4;0;0;0;0;111;98;0;0;1796;117.90;0;0;0;0;0;0;0;0;0;0;0;0;0;0;0;0;27;0;40.0;40.0;2;0;0.00;0.00;0.00;0.0;0.0
159.168;167;886;40;35440;0.0;19.700;1.340;41;49;13;0;100;99;100;124;100;189;100;46;46;0;2.232;2.232;0.000;0.000;19.700;1.340;6.6;0.0;0;27;3.000;2.477;12.4;-30;-8.4;0;0;0;0;111;98;0;0;1796;121.63;0;0;0;0;0;0;0;0;0;0;0;0;0;0;0;0;27;0;40.0;40.0;2;0;0.00;0.00;0.00;0.0;0.0
159.233;167;892;40;35680;0.0;19.700;1.340;41;49;13;0;100;99;100;124;100;189;100;46;46;0;2.292;2.292;0.000;0.000;19.700;1.340;6.8;0.0;0;27;3.030;2.942;12.0;-30;-8.4;0;0;0;0;111;98;0;0;1796;120.81;0;0;0;0;0;0;0;0;0;0;0;0;0;0;0;0;27;0;40.0;40.0;2;0;0.00;0.00;0.00;0.0;0.0
159.299;167;884;40;35360;0.0;19.700;1.340;41;49;13;0;100;99;100;124;100;189;100;46;46;0;2.292;2.292;0.000;0.000;19.700;1.340;6.8;0.0;0;27;3.030;2.862;12.0;-90;-8.4;0;0;0;0;111;98;0;0;1796;121.90;0;0;0;0;0;0;0;0;0;0;0;0;0;0;0;0;27;0;40.0;40.0;2;0;0.00;0.00;0.00;0.0;0.0
159.368;167;889;41;36449;0.0;19.700;1.340;41;49;13;0;100;99;100;124;100;189;100;47;47;0;2.321;2.321;0.000;0.000;19.700;1.340;6.9;0.0;0;27;3.030;3.016;12.0;-30;-8.3;0;0;0;0;111;98;0;0;1796;121.21;0;0;0;0;0;0;0;0;0;0;0;0;0;0;0;0;27;0;41.0;41.0;2;0;0.00;0.00;0.00;0.0;0.0
159.434;167;885;40;35400;0.0;19.700;1.340;41;49;13;0;100;99;100;124;100;189;100;46;46;0;2.292;2.292;0.000;0.000;19.700;1.340;6.8;0.0;0;27;3.030;2.753;12.0;-30;-8.4;0;0;0;0;111;98;0;0;1796;121.76;0;0;0;0;0;0;0;0;0;0;0;0;0;0;0;0;27;0;40.0;40.0;2;0;0.00;0.00;0.00;0.0;0.0
159.499;168;888;41;36408;0.0;19.700;1.340;41;49;13;0;100;99;100;124;100;189;100;47;47;0;2.273;2.273;0.000;0.000;19.700;1.340;6.7;0.0;0;27;3.000;2.985;12.3;-40;-8.3;0;0;0;0;111;98;0;0;1778;120.14;0;0;0;0;0;0;0;0;0;0;0;0;0;0;0;0;27;0;41.0;41.0;2;0;0.00;0.00;0.00;0.0;0.0
159.565;168;875;40;35000;0.0;19.700;1.340;41;49;13;0;100;99;100;124;100;189;100;46;46;0;2.244;2.244;0.000;0.000;19.700;1.340;6.5;0.0;0;27;3.000;2.818;12.3;-10;-8.4;0;0;0;0;111;98;0;0;1778;121.92;0;0;0;0;0;0;0;0;0;0;0;0;0;0;0;0;27;0;40.0;40.0;2;0;0.00;0.00;0.00;0.0;0.0
159.565;168;871;41;35711;0.0;19.700;1.340;41;49;13;0;100;99;100;124;100;189;100;47;47;0;2.273;2.273;0.000;0.000;19.700;1.340;6.6;0.0;0;26;3.000;2.872;12.3;-10;-8.3;0;0;0;0;111;98;0;0;1778;122.48;0;0;0;0;0;0;0;0;0;0;0;0;0;0;0;0;26;0;41.0;41.0;2;0;0.00;0.00;0.00;0.0;0.0
159.705;168;870;41;35670;0.0;19.700;1.340;41;49;13;0;100;99;100;124;100;189;100;47;47;0;2.393;2.393;0.000;0.000;19.700;1.340;6.9;0.0;0;26;3.030;2.900;11.7;-130;-8.3;0;0;0;0;111;98;0;0;1778;122.62;0;0;0;0;0;0;0;0;0;0;0;0;0;0;0;0;26;0;41.0;41.0;2;0;0.00;0.00;0.00;0.0;0.0
159.772;168;883;41;36203;0.0;19.700;1.340;41;49;13;0;100;99;100;124;100;189;100;47;47;0;2.393;2.393;0.000;0.000;19.700;1.340;7.0;0.0;0;27;3.030;3.618;11.7;120;-8.3;0;0;0;0;111;98;0;0;1778;120.82;0;0;0;0;0;0;0;0;0;0;0;0;0;0;0;0;27;0;41.0;41.0;2;0;0.00;0.00;0.00;0.0;0.0
159.841;168;882;41;36162;0.0;19.700;1.340;41;49;13;0;100;99;100;124;100;189;100;47;47;0;2.393;2.393;0.000;0.000;19.700;1.340;7.0;0.0;0;27;3.030;2.693;11.7;120;-8.3;0;0;0;0;111;98;0;0;1778;120.95;0;0;0;0;0;0;0;0;0;0;0;0;0;0;0;0;27;0;41.0;41.0;2;0;0.00;0.00;0.00;0.0;0.0
159.907;168;891;41;36531;0.0;19.700;1.340;41;49;13;0;100;99;100;124;100;189;100;47;47;0;2.393;2.393;0.000;0.000;19.700;1.340;7.1;0.0;0;27;3.030;3.504;11.7;-100;-8.3;0;0;0;0;111;98;0;0;1778;119.73;0;0;0;0;0;0;0;0;0;0;0;0;0;0;0;0;27;0;41.0;41.0;2;0;0.00;0.00;0.00;0.0;0.0
159.973;168;879;40;35160;0.0;19.700;1.340;41;49;13;0;100;99;100;124;100;189;100;46;46;0;2.268;2.268;0.000;0.000;19.700;1.340;6.6;0.0;0;27;3.000;2.742;12.1;60;-8.4;0;0;0;0;111;98;0;0;1778;121.37;0;0;0;0;0;0;0;0;0;0;0;0;0;0;0;0;27;0;40.0;40.0;2;0;0.00;0.00;0.00;0.0;0.0
160.038;168;890;41;36490;0.0;19.700;1.340;41;49;13;0;100;99;100;124;100;189;100;47;47;0;2.297;2.297;0.000;0.000;19.700;1.340;6.8;0.0;0;27;3.000;3.280;12.1;60;-8.3;0;0;0;0;111;98;0;0;1778;119.87;0;0;0;0;0;0;0;0;0;0;0;0;0;0;0;0;27;0;41.0;41.0;2;0;0.00;0.00;0.00;0.0;0.0
160.103;168;876;40;35040;0.0;19.700;1.340;41;49;13;0;100;99;100;124;100;189;100;46;46;0;2.268;2.268;0.000;0.000;19.700;1.340;6.6;0.0;0;27;3.000;2.557;12.1;90;-8.4;0;0;0;0;111;98;0;0;1778;121.78;0;0;0;0;0;0;0;0;0;0;0;0;0;0;0;0;27;0;40.0;40.0;2;0;0.00;0.00;0.00;0.0;0.0
160.103;168;869;41;35629;0.0;19.700;1.340;41;49;13;0;100;99;100;124;100;189;100;47;47;0;2.297;2.297;0.000;0.000;19.700;1.340;6.7;0.0;0;26;3.000;3.138;12.1;-190;-8.3;0;0;0;0;111;98;0;0;1778;122.76;0;0;0;0;0;0;0;0;0;0;0;0;0;0;0;0;26;0;41.0;41.0;2;0;0.00;0.00;0.00;0.0;0.0
160.242;168;868;41;35588;0.0;19.700;1.340;41;49;13;0;100;99;100;124;100;189;100;47;47;0;2.297;2.297;0.000;0.000;19.700;1.340;6.6;0.0;0;26;3.000;2.863;12.1;-190;-8.3;0;0;0;0;111;98;0;0;1778;122.90;0;0;0;0;0;0;0;0;0;0;0;0;0;0;0;0;26;0;41.0;41.0;2;0;0.00;0.00;0.00;0.0;0.0
160.307;168;871;41;35711;0.0;19.700;1.340;41;49;13;0;100;99;100;124;100;189;100;47;47;0;2.297;2.297;0.000;0.000;19.700;1.340;6.7;0.0;0;26;3.000;3.177;12.1;-80;-8.3;0;0;0;0;111;98;0;0;1778;122.48;0;0;0;0;0;0;0;0;0;0;0;0;0;0;0;0;26;0;41.0;41.0;2;0;0.00;0.00;0.00;0.0;0.0
160.373;168;873;41;35793;0.0;19.700;1.340;41;49;13;0;100;99;100;124;100;189;100;47;47;0;2.297;2.297;0.000;0.000;19.700;1.340;6.7;0.0;0;26;3.000;2.901;12.1;120;-8.3;0;0;0;0;111;98;0;0;1778;122.20;0;0;0;0;0;0;0;0;0;0;0;0;0;0;0;0;26;0;41.0;41.0;2;0;0.00;0.00;0.00;0.0;0.0
160.438;168;885;41;36285;0.0;19.700;1.340;41;49;13;0;100;99;100;124;100;189;100;47;47;0;2.297;2.297;0.000;0.000;19.700;1.340;6.8;0.0;0;27;3.000;3.445;12.1;120;-8.3;0;0;0;0;111;98;0;0;1778;120.54;0;0;0;0;0;0;0;0;0;0;0;0;0;0;0;0;27;0;41.0;41.0;2;0;0.00;0.00;0.00;0.0;0.0
160.510;169;879;41;36039;0.0;19.700;1.340;41;49;13;0;100;99;100;124;100;189;100;47;47;0;2.273;2.273;0.000;0.000;19.700;1.340;6.7;0.0;0;27;3.000;2.683;12.3;120;-8.3;0;0;0;0;111;98;0;0;1780;121.50;0;0;0;0;0;0;0;0;0;0;0;0;0;0;0;0;27;0;41.0;41.0;2;0;0.00;0.00;0.00;0.0;0.0
160.575;169;892;41;36572;0.0;19.700;1.340;41;49;13;0;100;99;100;124;100;189;100;47;47;0;2.273;2.273;0.000;0.000;19.700;1.340;6.8;0.0;0;27;3.000;2.450;12.3;70;-8.3;0;0;0;0;111;98;0;0;1780;119.73;0;0;0;0;0;0;0;0;0;0;0;0;0;0;0;0;27;0;41.0;41.0;2;0;0.00;0.00;0.00;0.0;0.0
160.641;169;893;40;35720;0.0;19.700;1.340;41;49;13;0;100;99;100;124;100;189;100;46;46;0;2.244;2.244;0.000;0.000;19.700;1.340;6.7;0.0;0;27;3.000;3.052;12.3;70;-8.4;0;0;0;0;111;98;0;0;1780;119.60;0;0;0;0;0;0;0;0;0;0;0;0;0;0;0;0;27;0;40.0;40.0;2;0;0.00;0.00;0.00;0.0;0.0
160.706;169;898;41;36818;0.0;19.700;1.340;41;49;13;0;100;99;100;124;100;189;100;47;47;0;2.273;2.273;0.000;0.000;19.700;1.340;6.8;0.0;0;27;3.000;3.115;12.3;-70;-8.3;0;0;0;0;111;98;0;0;1780;118.93;0;0;0;0;0;0;0;0;0;0;0;0;0;0;0;0;27;0;41.0;41.0;2;0;0.00;0.00;0.00;0.0;0.0
160.775;169;897;40;35880;0.0;19.700;1.340;41;49;13;0;100;99;100;124;100;189;100;46;46;0;2.232;2.232;0.000;0.000;19.700;1.340;6.7;0.0;0;27;3.000;2.705;12.4;120;-8.4;0;0;0;0;111;98;0;0;1780;119.06;0;0;0;0;0;0;0;0;0;0;0;0;0;0;0;0;27;0;40.0;40.0;2;0;0.00;0.00;0.00;0.0;0.0
160.840;169;910;40;36400;0.0;19.700;1.340;41;49;13;0;100;99;100;124;100;189;100;47;47;0;2.246;2.246;0.000;0.000;19.700;1.340;6.8;0.0;0;27;3.000;2.711;12.4;120;-8.4;0;0;0;0;111;98;0;0;1780;117.36;0;0;0;0;0;0;0;0;0;0;0;0;0;0;0;0;27;0;40.0;40.0;2;0;0.00;0.00;0.00;0.0;0.0
160.905;169;906;40;36240;0.0;19.700;1.340;41;49;13;0;100;99;100;124;100;189;100;47;47;0;2.246;2.246;0.000;0.000;19.700;1.340;6.8;0.0;0;27;3.000;2.869;12.4;130;-8.4;0;0;0;0;111;98;0;0;1780;117.88;0;0;0;0;0;0;0;0;0;0;0;0;0;0;0;0;27;0;40.0;40.0;2;0;0.00;0.00;0.00;0.0;0.0
160.972;169;920;40;36800;0.0;19.700;1.340;41;49;13;0;100;99;100;124;100;189;100;47;47;0;2.246;2.246;0.000;0.000;19.700;1.340;6.9;0.0;0;28;3.000;2.736;12.4;130;-8.4;0;0;0;0;111;98;0;0;1780;116.09;0;0;0;0;0;0;0;0;0;0;0;0;0;0;0;0;28;0;40.0;40.0;2;0;0.00;0.00;0.00;0.0;0.0
161.037;169;922;40;36880;0.0;19.700;1.340;41;49;13;0;100;99;100;124;100;189;100;47;47;0;2.234;2.234;0.000;0.000;19.700;1.340;6.9;0.0;0;28;3.000;2.914;12.5;100;-8.4;0;0;0;0;111;98;0;0;1780;115.84;0;0;0;0;0;0;0;0;0;0;0;0;0;0;0;0;28;0;40.0;40.0;2;0;0.00;0.00;0.00;0.0;0.0
161.104;169;918;40;36720;0.0;19.700;1.340;41;49;13;0;100;99;100;124;100;189;100;47;47;0;2.234;2.234;0.000;0.000;19.700;1.340;6.8;0.0;0;28;3.000;3.172;12.5;-90;-8.4;0;0;0;0;111;98;0;0;1780;116.34;0;0;0;0;0;0;0;0;0;0;0;0;0;0;0;0;28;0;40.0;40.0;2;0;0.00;0.00;0.00;0.0;0.0
161.173;169;911;39;35529;0.0;19.700;1.340;41;49;13;0;100;99;100;124;100;189;100;46;46;0;2.207;2.207;0.000;0.000;19.700;1.340;6.7;0.0;0;28;3.000;2.579;12.5;-90;-8.6;0;0;0;0;111;98;0;0;1780;117.23;0;0;0;0;0;0;0;0;0;0;0;0;0;0;0;0;28;0;39.0;39.0;2;0;0.00;0.00;0.00;0.0;0.0
161.242;169;914;40;36560;0.0;19.700;1.340;41;49;13;0;100;99;100;124;100;189;100;47;47;0;2.234;2.234;0.000;0.000;19.700;1.340;6.8;0.0;0;27;3.000;2.989;12.5;0;-8.4;0;0;0;0;111;98;0;0;1780;116.85;0;0;0;0;0;0;0;0;0;0;0;0;0;0;0;0;27;0;40.0;40.0;2;0;0.00;0.00;0.00;0.0;0.0
161.309;169;926;39;36114;0.0;19.700;1.340;41;49;13;0;100;99;100;124;100;189;100;46;46;0;2.207;2.207;0.000;0.000;19.700;1.340;6.8;0.0;0;28;3.000;3.154;12.5;70;-8.6;0;0;0;0;111;98;0;0;1780;115.33;0;0;0;0;0;0;0;0;0;0;0;0;0;0;0;0;28;0;39.0;39.0;2;0;0.00;0.00;0.00;0.0;0.0
161.373;169;936;40;37440;0.0;19.700;1.340;41;49;13;0;100;99;100;124;100;189;100;47;47;0;2.234;2.234;0.000;0.000;19.700;1.340;7.0;0.0;0;28;3.000;3.279;12.5;70;-8.4;0;0;0;0;111;98;0;0;1780;114.10;0;0;0;0;0;0;0;0;0;0;0;0;0;0;0;0;28;0;40.0;40.0;2;0;0.00;0.00;0.00;0.0;0.0
161.439;169;934;39;36426;0.0;19.700;1.340;41;49;13;0;100;99;100;124;100;189;100;46;46;0;2.207;2.207;0.000;0.000;19.700;1.340;6.9;0.0;0;28;3.000;2.975;12.5;180;-8.6;0;0;0;0;111;98;0;0;1780;114.35;0;0;0;0;0;0;0;0;0;0;0;0;0;0;0;0;28;0;39.0;39.0;2;0;0.00;0.00;0.00;0.0;0.0
161.504;170;938;39;36582;0.0;19.700;1.340;41;49;13;0;100;99;100;124;100;189;100;46;46;0;2.207;2.207;0.000;0.000;19.700;1.340;6.9;0.0;0;28;3.000;3.072;12.5;20;-8.6;0;0;0;0;111;98;0;0;1798;115.01;0;0;0;0;0;0;0;0;0;0;0;0;0;0;0;0;28;0;39.0;39.0;2;0;0.00;0.00;0.00;0.0;0.0
161.573;170;931;39;36309;0.0;19.700;1.340;41;49;13;0;100;99;100;124;100;189;100;46;46;0;2.207;2.207;0.000;0.000;19.700;1.340;6.8;0.0;0;28;3.000;2.811;12.5;20;-8.6;0;0;0;0;111;98;0;0;1798;115.88;0;0;0;0;0;0;0;0;0;0;0;0;0;0;0;0;28;0;39.0;39.0;2;0;0.00;0.00;0.00;0.0;0.0
161.639;170;928;39;36192;0.0;19.700;1.340;41;49;13;0;100;99;100;124;100;189;100;46;46;0;2.207;2.207;0.000;0.000;19.700;1.340;6.8;0.0;0;28;3.000;3.036;12.5;-190;-8.6;0;0;0;0;111;98;0;0;1798;116.25;0;0;0;0;0;0;0;0;0;0;0;0;0;0;0;0;28;0;39.0;39.0;2;0;0.00;0.00;0.00;0.0;0.0
161.707;170;926;39;36114;0.0;19.700;1.340;41;49;13;0;100;99;100;124;100;189;100;46;46;0;2.207;2.207;0.000;0.000;19.700;1.340;6.8;0.0;0;28;3.000;2.836;12.5;70;-8.6;0;0;0;0;111;98;0;0;1798;116.50;0;0;0;0;0;0;0;0;0;0;0;0;0;0;0;0;28;0;39.0;39.0;2;0;0.00;0.00;0.00;0.0;0.0
161.775;170;931;39;36309;0.0;19.700;1.340;41;49;13;0;100;99;100;124;100;189;100;46;46;0;2.243;2.243;0.000;0.000;19.700;1.340;7.0;0.0;0;28;3.000;3.390;12.2;70;-8.6;0;0;0;0;111;98;0;0;1798;115.88;0;0;0;0;0;0;0;0;0;0;0;0;0;0;0;0;28;0;39.0;39.0;2;0;0.00;0.00;0.00;0.0;0.0
161.839;170;908;39;35412;0.0;19.700;1.340;41;49;13;0;100;99;100;124;100;189;100;46;46;0;2.243;2.243;0.000;0.000;19.700;1.340;6.8;0.0;0;27;3.000;2.739;12.2;50;-8.6;0;0;0;0;111;98;0;0;1798;118.81;0;0;0;0;0;0;0;0;0;0;0;0;0;0;0;0;27;0;39.0;39.0;2;0;0.00;0.00;0.00;0.0;0.0
161.905;170;911;39;35529;0.0;19.700;1.340;41;49;13;0;100;99;100;124;100;189;100;46;46;0;2.243;2.243;0.000;0.000;19.700;1.340;6.8;0.0;0;28;3.000;2.881;12.2;-160;-8.6;0;0;0;0;111;98;0;0;1798;118.42;0;0;0;0;0;0;0;0;0;0;0;0;0;0;0;0;28;0;39.0;39.0;2;0;0.00;0.00;0.00;0.0;0.0
161.972;170;909;39;35451;0.0;19.700;1.340;41;49;13;0;100;99;100;124;100;189;100;46;46;0;2.243;2.243;0.000;0.000;19.700;1.340;6.8;0.0;0;27;3.000;2.661;12.2;-160;-8.6;0;0;0;0;111;98;0;0;1798;118.68;0;0;0;0;0;0;0;0;0;0;0;0;0;0;0;0;27;0;39.0;39.0;2;0;0.00;0.00;0.00;0.0;0.0
162.040;170;919;39;35841;0.0;19.700;1.340;41;49;13;0;100;99;100;124;100;189;100;46;46;0;2.219;2.219;0.000;0.000;19.700;1.340;6.8;0.0;0;28;3.000;3.348;12.4;-60;-8.6;0;0;0;0;111;98;0;0;1798;117.39;0;0;0;0;0;0;0;0;0;0;0;0;0;0;0;0;28;0;39.0;39.0;2;0;0.00;0.00;0.00;0.0;0.0
162.107;170;900;39;35100;0.0;19.700;1.340;41;49;13;0;100;99;100;124;100;189;100;46;46;0;2.219;2.219;0.000;0.000;19.700;1.340;6.7;0.0;0;27;3.000;2.309;12.4;0;-8.6;0;0;0;0;111;98;0;0;1798;119.87;0;0;0;0;0;0;0;0;0;0;0;0;0;0;0;0;27;0;39.0;39.0;2;0;0.00;0.00;0.00;0.0;0.0
162.171;170;906;40;36240;0.0;19.700;1.340;41;49;13;0;100;99;100;124;100;189;100;47;47;0;2.246;2.246;0.000;0.000;19.700;1.340;6.8;0.0;0;27;3.000;2.939;12.4;0;-8.4;0;0;0;0;111;98;0;0;1798;119.07;0;0;0;0;0;0;0;0;0;0;0;0;0;0;0;0;27;0;40.0;40.0;2;0;0.00;0.00;0.00;0.0;0.0
162.240;170;906;40;36240;0.0;19.700;1.340;41;49;13;0;100;99;100;124;100;189;100;47;47;0;2.246;2.246;0.000;0.000;19.700;1.340;6.8;0.0;0;27;3.000;2.903;12.4;-30;-8.4;0;0;0;0;111;98;0;0;1798;119.07;0;0;0;0;0;0;0;0;0;0;0;0;0;0;0;0;27;0;40.0;40.0;2;0;0.00;0.00;0.00;0.0;0.0
162.240;170;924;40;36960;0.0;19.700;1.340;41;49;13;0;100;99;100;124;100;189;100;47;47;0;2.234;2.234;0.000;0.000;19.700;1.340;6.9;0.0;0;28;3.000;3.413;12.5;130;-8.4;0;0;0;0;111;98;0;0;1798;116.75;0;0;0;0;0;0;0;0;0;0;0;0;0;0;0;0;28;0;40.0;40.0;2;0;0.00;0.00;0.00;0.0;0.0
162.371;170;910;39;35490;0.0;19.700;1.340;41;49;13;0;100;99;100;124;100;189;100;46;46;0;2.207;2.207;0.000;0.000;19.700;1.340;6.7;0.0;0;27;3.000;2.770;12.5;130;-8.6;0;0;0;0;111;98;0;0;1798;118.55;0;0;0;0;0;0;0;0;0;0;0;0;0;0;0;0;27;0;39.0;39.0;2;0;0.00;0.00;0.00;0.0;0.0
162.436;170;922;39;35958;0.0;19.700;1.340;41;49;13;0;100;99;100;124;100;189;100;46;46;0;2.207;2.207;0.000;0.000;19.700;1.340;6.8;0.0;0;28;3.000;3.192;12.5;10;-8.6;0;0;0;0;111;98;0;0;1798;117.01;0;0;0;0;0;0;0;0;0;0;0;0;0;0;0;0;28;0;39.0;39.0;2;0;0.00;0.00;0.00;0.0;0.0
162.503;171;912;39;35568;0.0;19.700;1.340;41;49;13;0;100;99;100;124;100;189;100;46;46;0;2.207;2.207;0.000;0.000;19.700;1.340;6.7;0.0;0;28;3.000;2.631;12.5;-80;-8.6;0;0;0;0;111;98;0;0;1796;118.16;0;0;0;0;0;0;0;0;0;0;0;0;0;0;0;0;28;0;39.0;39.0;2;0;0.00;0.00;0.00;0.0;0.0
162.567;171;907;40;36280;0.0;19.700;1.340;41;49;13;0;100;99;100;124;100;189;100;47;47;0;2.234;2.234;0.000;0.000;19.700;1.340;6.8;0.0;0;27;3.000;2.760;12.5;-80;-8.4;0;0;0;0;111;98;0;0;1796;118.81;0;0;0;0;0;0;0;0;0;0;0;0;0;0;0;0;27;0;40.0;40.0;2;0;0.00;0.00;0.00;0.0;0.0
162.633;171;899;39;35061;0.0;19.700;1.340;41;49;13;0;100;99;100;124;100;189;100;46;46;0;2.207;2.207;0.000;0.000;19.700;1.340;6.6;0.0;0;27;3.000;2.684;12.5;-70;-8.6;0;0;0;0;111;98;0;0;1796;119.87;0;0;0;0;0;0;0;0;0;0;0;0;0;0;0;0;27;0;39.0;39.0;2;0;0.00;0.00;0.00;0.0;0.0
162.703;171;917;40;36680;0.0;19.700;1.340;41;49;13;0;100;99;100;124;100;189;100;47;47;0;2.234;2.234;0.000;0.000;19.700;1.340;6.8;0.0;0;27;3.000;3.216;12.5;120;-8.4;0;0;0;0;111;98;0;0;1796;117.51;0;0;0;0;0;0;0;0;0;0;0;0;0;0;0;0;27;0;40.0;40.0;2;0;0.00;0.00;0.00;0.0;0.0
162.767;171;911;39;35529;0.0;19.700;1.340;41;49;13;0;100;99;100;124;100;189;100;46;46;0;2.231;2.231;0.000;0.000;19.700;1.340;6.8;0.0;0;28;3.000;2.715;12.3;120;-8.6;0;0;0;0;111;98;0;0;1796;118.29;0;0;0;0;0;0;0;0;0;0;0;0;0;0;0;0;28;0;39.0;39.0;2;0;0.00;0.00;0.00;0.0;0.0
162.833;171;925;39;36075;0.0;19.700;1.340;41;49;13;0;100;99;100;124;100;189;100;46;46;0;2.231;2.231;0.000;0.000;19.700;1.340;6.9;0.0;0;28;3.000;2.966;12.3;90;-8.6;0;0;0;0;111;98;0;0;1796;116.50;0;0;0;0;0;0;0;0;0;0;0;0;0;0;0;0;28;0;39.0;39.0;2;0;0.00;0.00;0.00;0.0;0.0
162.899;171;906;39;35334;0.0;19.700;1.340;41;49;13;0;100;99;100;124;100;189;100;46;46;0;2.231;2.231;0.000;0.000;19.700;1.340;6.7;0.0;0;27;3.000;2.624;12.3;90;-8.6;0;0;0;0;111;98;0;0;1796;118.94;0;0;0;0;0;0;0;0;0;0;0;0;0;0;0;0;27;0;39.0;39.0;2;0;0.00;0.00;0.00;0.0;0.0
162.969;171;924;39;36036;0.0;19.700;1.340;41;49;13;0;100;99;100;124;100;189;100;46;46;0;2.231;2.231;0.000;0.000;19.700;1.340;6.9;0.0;0;28;3.000;3.067;12.3;-200;-8.6;0;0;0;0;111;98;0;0;1796;116.62;0;0;0;0;0;0;0;0;0;0;0;0;0;0;0;0;28;0;39.0;39.0;2;0;0.00;0.00;0.00;0.0;0.0
163.035;171;909;39;35451;0.0;19.700;1.340;40;49;13;0;100;99;100;124;100;189;100;46;46;0;2.207;2.207;0.000;0.000;19.700;1.340;6.7;0.0;0;27;3.000;2.319;12.5;140;-8.6;0;0;0;0;111;98;0;0;1796;118.55;0;0;0;0;0;0;0;0;0;0;0;0;0;0;0;0;27;0;39.0;39.0;2;0;0.00;0.00;0.00;0.0;0.0
163.099;171;910;39;35490;0.0;19.700;1.340;40;49;13;0;100;99;100;124;100;189;100;46;46;0;2.207;2.207;0.000;0.000;19.700;1.340;6.7;0.0;0;27;3.000;2.597;12.5;140;-8.6;0;0;0;0;111;98;0;0;1796;118.42;0;0;0;0;0;0;0;0;0;0;0;0;0;0;0;0;27;0;39.0;39.0;2;0;0.00;0.00;0.00;0.0;0.0
163.169;171;890;40;35600;0.0;19.700;1.340;40;49;13;0;100;99;100;124;100;189;100;46;46;0;2.220;2.220;0.000;0.000;19.700;1.340;6.6;0.0;0;27;3.000;2.585;12.5;-100;-8.4;0;0;0;0;111;98;0;0;1796;121.08;0;0;0;0;0;0;0;0;0;0;0;0;0;0;0;0;27;0;40.0;40.0;2;0;0.00;0.00;0.00;0.0;0.0
163.236;171;904;40;36160;0.0;19.700;1.340;40;49;13;0;100;99;100;124;100;189;100;47;47;0;2.234;2.234;0.000;0.000;19.700;1.340;6.7;0.0;0;27;3.000;2.642;12.5;0;-8.4;0;0;0;0;111;98;0;0;1796;119.20;0;0;0;0;0;0;0;0;0;0;0;0;0;0;0;0;27;0;40.0;40.0;2;0;0.00;0.00;0.00;0.0;0.0
163.305;171;917;39;35763;0.0;19.700;1.340;40;49;13;0;100;99;100;124;100;189;100;46;46;0;2.195;2.195;0.000;0.000;19.700;1.340;6.7;0.0;0;27;3.000;2.919;12.6;0;-8.6;0;0;0;0;111;98;0;0;1796;117.51;0;0;0;0;0;0;0;0;0;0;0;0;0;0;0;0;27;0;39.0;39.0;2;0;0.00;0.00;0.00;0.0;0.0
163.371;171;929;39;36231;0.0;19.700;1.340;40;49;13;0;100;99;100;124;100;189;100;46;46;0;2.195;2.195;0.000;0.000;19.700;1.340;6.8;0.0;0;28;3.000;2.918;12.6;70;-8.6;0;0;0;0;111;98;0;0;1796;116.00;0;0;0;0;0;0;0;0;0;0;0;0;0;0;0;0;28;0;39.0;39.0;2;0;0.00;0.00;0.00;0.0;0.0
163.437;171;916;39;35724;0.0;19.700;1.340;40;49;13;0;100;99;100;124;100;189;100;46;46;0;2.195;2.195;0.000;0.000;19.700;1.340;6.7;0.0;0;27;3.000;2.347;12.6;-10;-8.6;0;0;0;0;111;98;0;0;1796;117.64;0;0;0;0;0;0;0;0;0;0;0;0;0;0;0;0;27;0;39.0;39.0;2;0;0.00;0.00;0.00;0.0;0.0
163.502;171;925;39;36075;0.0;19.700;1.340;40;49;13;0;100;99;100;124;100;189;100;46;46;0;2.195;2.195;0.000;0.000;19.700;1.340;6.8;0.0;0;28;3.000;2.926;12.6;-10;-8.6;0;0;0;0;111;98;0;0;1796;116.50;0;0;0;0;0;0;0;0;0;0;0;0;0;0;0;0;28;0;39.0;39.0;2;0;0.00;0.00;0.00;0.0;0.0
163.567;172;924;39;36036;0.0;19.700;1.340;40;49;13;0;100;99;100;124;100;189;100;46;46;0;2.195;2.195;0.000;0.000;19.700;1.340;6.8;0.0;0;28;3.000;2.986;12.6;80;-8.6;0;0;0;0;111;98;0;0;1790;116.23;0;0;0;0;0;0;0;0;0;0;0;0;0;0;0;0;28;0;39.0;39.0;2;0;0.00;0.00;0.00;0.0;0.0
163.636;172;920;39;35880;0.0;19.700;1.340;40;49;13;0;100;99;100;124;100;189;100;46;46;0;2.195;2.195;0.000;0.000;19.700;1.340;6.7;0.0;0;28;3.000;2.702;12.6;-40;-8.6;0;0;0;0;111;98;0;0;1790;116.74;0;0;0;0;0;0;0;0;0;0;0;0;0;0;0;0;28;0;39.0;39.0;2;0;0.00;0.00;0.00;0.0;0.0
163.701;172;908;40;36320;0.0;19.700;1.340;40;49;13;0;100;99;100;124;100;189;100;47;47;0;2.222;2.222;0.000;0.000;19.700;1.340;6.7;0.0;0;27;3.000;2.627;12.6;-40;-8.4;0;0;0;0;111;98;0;0;1790;118.28;0;0;0;0;0;0;0;0;0;0;0;0;0;0;0;0;27;0;40.0;40.0;2;0;0.00;0.00;0.00;0.0;0.0
163.768;172;910;39;35490;0.0;19.700;1.340;40;49;13;0;100;99;100;124;100;189;100;46;46;0;2.231;2.231;0.000;0.000;19.700;1.340;6.8;0.0;0;27;3.000;2.667;12.3;-30;-8.6;0;0;0;0;111;98;0;0;1790;118.02;0;0;0;0;0;0;0;0;0;0;0;0;0;0;0;0;27;0;39.0;39.0;2;0;0.00;0.00;0.00;0.0;0.0
163.838;172;897;40;35880;0.0;19.700;1.340;40;49;13;0;100;99;100;124;100;189;100;46;46;0;2.244;2.244;0.000;0.000;19.700;1.340;6.7;0.0;0;27;3.000;2.732;12.3;-200;-8.4;0;0;0;0;111;98;0;0;1790;119.73;0;0;0;0;0;0;0;0;0;0;0;0;0;0;0;0;27;0;40.0;40.0;2;0;0.00;0.00;0.00;0.0;0.0
163.902;172;922;39;35958;0.0;19.700;1.340;40;49;13;0;100;99;100;124;100;189;100;46;46;0;2.231;2.231;0.000;0.000;19.700;1.340;6.9;0.0;0;28;3.000;3.195;12.3;-200;-8.6;0;0;0;0;111;98;0;0;1790;116.49;0;0;0;0;0;0;0;0;0;0;0;0;0;0;0;0;28;0;39.0;39.0;2;0;0.00;0.00;0.00;0.0;0.0
163.970;172;931;40;37240;0.0;19.700;1.340;40;49;13;0;100;99;100;124;100;189;100;47;47;0;2.258;2.258;0.000;0.000;19.700;1.340;7.0;0.0;0;28;3.000;2.946;12.3;260;-8.4;0;0;0;0;111;98;0;0;1790;115.36;0;0;0;0;0;0;0;0;0;0;0;0;0;0;0;0;28;0;40.0;40.0;2;0;0.00;0.00;0.00;0.0;0.0
164.038;172;920;39;35880;0.0;19.700;1.340;40;49;13;0;100;99;100;124;100;189;100;46;46;0;2.207;2.207;0.000;0.000;19.700;1.340;6.8;0.0;0;28;3.000;2.793;12.5;20;-8.6;0;0;0;0;111;98;0;0;1790;116.74;0;0;0;0;0;0;0;0;0;0;0;0;0;0;0;0;28;0;39.0;39.0;2;0;0.00;0.00;0.00;0.0;0.0
164.104;172;917;40;36680;0.0;19.700;1.340;40;49;13;0;100;99;100;124;100;189;100;47;47;0;2.234;2.234;0.000;0.000;19.700;1.340;6.8;0.0;0;27;3.000;2.552;12.5;20;-8.4;0;0;0;0;111;98;0;0;1790;117.12;0;0;0;0;0;0;0;0;0;0;0;0;0;0;0;0;27;0;40.0;40.0;2;0;0.00;0.00;0.00;0.0;0.0
164.171;172;901;39;35139;0.0;19.700;1.340;40;49;13;0;100;99;100;124;100;189;100;46;46;0;2.207;2.207;0.000;0.000;19.700;1.340;6.6;0.0;0;27;3.000;2.589;12.5;-80;-8.6;0;0;0;0;111;98;0;0;1790;119.20;0;0;0;0;0;0;0;0;0;0;0;0;0;0;0;0;27;0;39.0;39.0;2;0;0.00;0.00;0.00;0.0;0.0
164.171;172;914;40;36560;0.0;19.700;1.340;40;49;13;0;100;99;100;124;100;189;100;47;47;0;2.234;2.234;0.000;0.000;19.700;1.340;6.8;0.0;0;27;3.000;2.822;12.5;-180;-8.4;0;0;0;0;111;98;0;0;1790;117.51;0;0;0;0;0;0;0;0;0;0;0;0;0;0;0;0;27;0;40.0;40.0;2;0;0.00;0.00;0.00;0.0;0.0
164.305;172;917;39;35763;0.0;19.700;1.340;40;49;13;0;100;99;100;124;100;189;100;46;46;0;2.195;2.195;0.000;0.000;19.700;1.340;6.7;0.0;0;27;3.000;2.877;12.6;-180;-8.6;0;0;0;0;111;98;0;0;1790;117.12;0;0;0;0;0;0;0;0;0;0;0;0;0;0;0;0;27;0;39.0;39.0;2;0;0.00;0.00;0.00;0.0;0.0
164.372;172;930;40;37200;0.0;19.700;1.340;40;49;13;0;100;99;100;124;100;189;100;47;47;0;2.222;2.222;0.000;0.000;19.700;1.340;6.9;0.0;0;28;3.000;3.378;12.6;180;-8.4;0;0;0;0;111;98;0;0;1790;115.48;0;0;0;0;0;0;0;0;0;0;0;0;0;0;0;0;28;0;40.0;40.0;2;0;0.00;0.00;0.00;0.0;0.0
164.440;172;939;39;36621;0.0;19.700;1.340;40;49;13;0;100;99;100;124;100;189;100;46;46;0;2.195;2.195;0.000;0.000;19.700;1.340;6.9;0.0;0;28;3.000;2.823;12.6;220;-8.6;0;0;0;0;111;98;0;0;1790;114.38;0;0;0;0;0;0;0;0;0;0;0;0;0;0;0;0;28;0;39.0;39.0;2;0;0.00;0.00;0.00;0.0;0.0
164.507;172;941;39;36699;0.0;19.700;1.340;40;49;13;0;100;99;100;124;100;189;100;46;46;0;2.195;2.195;0.000;0.000;19.700;1.340;6.9;0.0;0;28;3.000;3.061;12.6;220;-8.6;0;0;0;0;111;98;0;0;1790;114.13;0;0;0;0;0;0;0;0;0;0;0;0;0;0;0;0;28;0;39.0;39.0;2;0;0.00;0.00;0.00;0.0;0.0
164.572;173;950;39;37050;0.0;19.700;1.340;40;49;13;0;100;99;100;124;100;189;100;46;46;0;2.195;2.195;0.000;0.000;19.700;1.340;7.0;0.0;0;29;3.000;3.101;12.6;60;-8.6;0;0;0;0;111;98;0;0;1796;113.43;0;0;0;0;0;0;0;0;0;0;0;0;0;0;0;0;29;0;39.0;39.0;2;0;0.00;0.00;0.00;0.0;0.0
164.638;173;953;39;37167;0.0;19.700;1.340;40;49;13;0;100;99;100;124;100;189;100;46;46;0;2.195;2.195;0.000;0.000;19.700;1.340;7.0;0.0;0;28;3.000;2.994;12.6;80;-8.6;0;0;0;0;111;98;0;0;1796;113.07;0;0;0;0;0;0;0;0;0;0;0;0;0;0;0;0;28;0;39.0;39.0;2;0;0.00;0.00;0.00;0.0;0.0
164.707;173;941;39;36699;0.0;19.700;1.340;40;49;13;0;100;99;100;124;100;189;100;46;46;0;2.195;2.195;0.000;0.000;19.700;1.340;6.9;0.0;0;28;3.000;2.809;12.6;80;-8.6;0;0;0;0;111;98;0;0;1796;114.52;0;0;0;0;0;0;0;0;0;0;0;0;0;0;0;0;28;0;39.0;39.0;2;0;0.00;0.00;0.00;0.0;0.0
164.772;173;926;39;36114;0.0;19.700;1.340;40;49;13;0;100;99;100;124;100;189;100;46;46;0;2.195;2.195;0.000;0.000;19.700;1.340;6.8;0.0;0;28;3.000;2.816;12.6;-260;-8.6;0;0;0;0;111;98;0;0;1796;116.37;0;0;0;0;0;0;0;0;0;0;0;0;0;0;0;0;28;0;39.0;39.0;2;0;0.00;0.00;0.00;0.0;0.0
164.772;173;917;39;35763;0.0;19.700;1.340;40;49;13;0;100;99;100;124;100;189;100;46;46;0;2.195;2.195;0.000;0.000;19.700;1.340;6.7;0.0;0;27;3.000;2.417;12.6;-100;-8.6;0;0;0;0;111;98;0;0;1796;117.51;0;0;0;0;0;0;0;0;0;0;0;0;0;0;0;0;27;0;39.0;39.0;2;0;0.00;0.00;0.00;0.0;0.0
164.904;173;941;39;36699;0.0;19.700;1.340;40;49;13;0;100;99;100;124;100;189;100;46;46;0;2.195;2.195;0.000;0.000;19.700;1.340;6.9;0.0;0;28;3.000;3.632;12.6;-100;-8.6;0;0;0;0;111;98;0;0;1796;114.52;0;0;0;0;0;0;0;0;0;0;0;0;0;0;0;0;28;0;39.0;39.0;2;0;0.00;0.00;0.00;0.0;0.0
164.969;173;940;39;36660;0.0;19.700;1.340;40;49;13;0;100;99;100;124;100;189;100;46;46;0;2.195;2.195;0.000;0.000;19.700;1.340;6.9;0.0;0;28;3.000;2.780;12.6;240;-8.6;0;0;0;0;111;98;0;0;1796;114.64;0;0;0;0;0;0;0;0;0;0;0;0;0;0;0;0;28;0;39.0;39.0;2;0;0.00;0.00;0.00;0.0;0.0
165.041;173;924;39;36036;0.0;19.700;1.340;40;49;13;0;100;99;100;124;100;189;100;46;46;0;2.195;2.195;0.000;0.000;19.700;1.340;6.8;0.0;0;28;3.000;2.934;12.6;-170;-8.6;0;0;0;0;111;98;0;0;1796;116.62;0;0;0;0;0;0;0;0;0;0;0;0;0;0;0;0;28;0;39.0;39.0;2;0;0.00;0.00;0.00;0.0;0.0
165.109;173;907;39;35373;0.0;19.700;1.340;40;49;13;0;100;99;100;124;100;189;100;46;46;0;2.195;2.195;0.000;0.000;19.700;1.340;6.6;0.0;0;27;3.000;2.322;12.6;-170;-8.6;0;0;0;0;111;98;0;0;1796;118.81;0;0;0;0;0;0;0;0;0;0;0;0;0;0;0;0;27;0;39.0;39.0;2;0;0.00;0.00;0.00;0.0;0.0
165.109;173;919;39;35841;0.0;19.700;1.340;40;49;13;0;100;99;100;124;100;189;100;46;46;0;2.195;2.195;0.000;0.000;19.700;1.340;6.7;0.0;0;28;3.000;3.431;12.6;-30;-8.6;0;0;0;0;111;98;0;0;1796;117.26;0;0;0;0;0;0;0;0;0;0;0;0;0;0;0;0;28;0;39.0;39.0;2;0;0.00;0.00;0.00;0.0;0.0
165.244;173;918;39;35802;0.0;19.700;1.340;40;49;13;0;100;99;100;124;100;189;100;46;46;0;2.195;2.195;0.000;0.000;19.700;1.340;6.7;0.0;0;28;3.000;2.863;12.6;-30;-8.6;0;0;0;0;111;98;0;0;1796;117.39;0;0;0;0;0;0;0;0;0;0;0;0;0;0;0;0;28;0;39.0;39.0;2;0;0.00;0.00;0.00;0.0;0.0
165.309;173;932;39;36348;0.0;19.700;1.340;40;49;13;0;100;99;100;124;100;189;100;46;46;0;2.231;2.231;0.000;0.000;19.700;1.340;6.9;0.0;0;28;3.000;2.989;12.3;-30;-8.6;0;0;0;0;111;98;0;0;1796;115.62;0;0;0;0;0;0;0;0;0;0;0;0;0;0;0;0;28;0;39.0;39.0;2;0;0.00;0.00;0.00;0.0;0.0
165.375;173;914;39;35646;0.0;19.700;1.340;40;49;13;0;100;99;100;124;100;189;100;46;46;0;2.231;2.231;0.000;0.000;19.700;1.340;6.8;0.0;0;27;3.000;2.415;12.3;50;-8.6;0;0;0;0;111;98;0;0;1796;117.90;0;0;0;0;0;0;0;0;0;0;0;0;0;0;0;0;27;0;39.0;39.0;2;0;0.00;0.00;0.00;0.0;0.0
165.375;173;931;39;36309;0.0;19.700;1.340;40;49;13;0;100;99;100;124;100;189;100;46;46;0;2.231;2.231;0.000;0.000;19.700;1.340;6.9;0.0;0;28;3.000;3.092;12.3;50;-8.6;0;0;0;0;111;98;0;0;1796;115.75;0;0;0;0;0;0;0;0;0;0;0;0;0;0;0;0;28;0;39.0;39.0;2;0;0.00;0.00;0.00;0.0;0.0
165.507;173;925;39;36075;0.0;19.700;1.340;40;49;13;0;100;99;100;124;100;189;100;46;46;0;2.231;2.231;0.000;0.000;19.700;1.340;6.9;0.0;0;28;3.000;2.770;12.3;80;-8.6;0;0;0;0;111;98;0;0;1796;116.50;0;0;0;0;0;0;0;0;0;0;0;0;0;0;0;0;28;0;39.0;39.0;2;0;0.00;0.00;0.00;0.0;0.0
165.571;174;945;39;36855;0.0;19.700;1.340;40;49;13;0;100;99;100;124;100;189;100;46;46;0;2.231;2.231;0.000;0.000;19.700;1.340;7.0;0.0;0;28;3.000;2.784;12.3;120;-8.6;0;0;0;0;111;98;0;0;1799;114.22;0;0;0;0;0;0;0;0;0;0;0;0;0;0;0;0;28;0;39.0;39.0;2;0;0.00;0.00;0.00;0.0;0.0
165.640;174;937;38;35606;0.0;19.700;1.340;40;49;13;0;100;99;100;124;100;189;100;46;46;0;2.216;2.216;0.000;0.000;19.700;1.340;6.9;0.0;0;28;3.000;2.805;12.3;120;-8.7;0;0;0;0;111;98;0;0;1799;115.20;0;0;0;0;0;0;0;0;0;0;0;0;0;0;0;0;28;0;38.0;38.0;2;0;0.00;0.00;0.00;0.0;0.0
165.707;174;938;39;36582;0.0;19.700;1.340;40;49;13;0;100;99;100;124;100;189;100;46;46;0;2.231;2.231;0.000;0.000;19.700;1.340;7.0;0.0;0;28;3.000;2.752;12.3;-60;-8.6;0;0;0;0;111;98;0;0;1799;115.07;0;0;0;0;0;0;0;0;0;0;0;0;0;0;0;0;28;0;39.0;39.0;2;0;0.00;0.00;0.00;0.0;0.0
165.772;174;931;38;35378;0.0;19.700;1.340;40;49;13;0;100;99;100;124;100;189;100;46;46;0;2.216;2.216;0.000;0.000;19.700;1.340;6.9;0.0;0;28;3.000;2.865;12.3;-60;-8.7;0;0;0;0;111;98;0;0;1799;115.94;0;0;0;0;0;0;0;0;0;0;0;0;0;0;0;0;28;0;38.0;38.0;2;0;0.00;0.00;0.00;0.0;0.0
165.839;174;933;39;36387;0.0;19.700;1.340;40;49;13;0;100;99;100;124;100;189;100;46;46;0;2.207;2.207;0.000;0.000;19.700;1.340;6.9;0.0;0;28;3.000;2.766;12.5;-60;-8.6;0;0;0;0;111;98;0;0;1799;115.69;0;0;0;0;0;0;0;0;0;0;0;0;0;0;0;0;28;0;39.0;39.0;2;0;0.00;0.00;0.00;0.0;0.0
165.907;174;916;39;35724;0.0;19.700;1.340;40;49;13;0;100;99;100;124;100;189;100;46;46;0;2.207;2.207;0.000;0.000;19.700;1.340;6.7;0.0;0;27;3.000;2.274;12.5;-40;-8.6;0;0;0;0;111;98;0;0;1799;117.84;0;0;0;0;0;0;0;0;0;0;0;0;0;0;0;0;27;0;39.0;39.0;2;0;0.00;0.00;0.00;0.0;0.0
165.972;174;926;39;36114;0.0;19.700;1.340;40;49;13;0;100;99;100;124;100;189;100;46;46;0;2.207;2.207;0.000;0.000;19.700;1.340;6.8;0.0;0;28;3.000;3.063;12.5;-10;-8.6;0;0;0;0;111;98;0;0;1799;116.57;0;0;0;0;0;0;0;0;0;0;0;0;0;0;0;0;28;0;39.0;39.0;2;0;0.00;0.00;0.00;0.0;0.0
166.039;174;944;39;36816;0.0;19.700;1.340;40;49;13;0;100;99;100;124;100;189;100;46;46;0;2.207;2.207;0.000;0.000;19.700;1.340;6.9;0.0;0;28;3.000;2.859;12.5;-10;-8.6;0;0;0;0;111;98;0;0;1799;114.34;0;0;0;0;0;0;0;0;0;0;0;0;0;0;0;0;28;0;39.0;39.0;2;0;0.00;0.00;0.00;0.0;0.0
166.108;174;946;39;36894;0.0;19.700;1.340;40;49;13;0;100;99;100;124;100;189;100;47;47;0;2.207;2.207;0.000;0.000;19.700;1.340;7.0;0.0;0;28;3.000;3.070;12.6;180;-8.6;0;0;0;0;111;98;0;0;1799;114.10;0;0;0;0;0;0;0;0;0;0;0;0;0;0;0;0;28;0;39.0;39.0;2;0;0.00;0.00;0.00;0.0;0.0
166.174;174;951;39;37089;0.0;19.700;1.340;40;49;13;0;100;99;100;124;100;189;100;46;46;0;2.195;2.195;0.000;0.000;19.700;1.340;7.0;0.0;0;29;3.000;2.579;12.6;-70;-8.6;0;0;0;0;111;98;0;0;1799;113.50;0;0;0;0;0;0;0;0;0;0;0;0;0;0;0;0;29;0;39.0;39.0;2;0;0.00;0.00;0.00;0.0;0.0
166.239;174;944;38;35872;0.0;19.700;1.340;40;49;13;0;100;99;100;124;100;189;100;45;45;0;2.167;2.167;0.000;0.000;19.700;1.340;6.8;0.0;0;29;3.000;2.950;12.6;-70;-8.7;0;0;0;0;111;98;0;0;1799;114.34;0;0;0;0;0;0;0;0;0;0;0;0;0;0;0;0;29;0;38.0;38.0;2;0;0.00;0.00;0.00;0.0;0.0
166.308;174;955;38;36290;0.0;19.700;1.340;40;49;13;0;100;99;100;124;100;189;100;46;46;0;2.180;2.180;0.000;0.000;19.700;1.340;6.9;0.0;0;28;3.000;3.031;12.6;70;-8.7;0;0;0;0;111;98;0;0;1799;113.03;0;0;0;0;0;0;0;0;0;0;0;0;0;0;0;0;28;0;38.0;38.0;2;0;0.00;0.00;0.00;0.0;0.0
166.379;174;951;38;36138;0.0;19.700;1.340;40;49;13;0;100;99;100;124;100;189;100;46;46;0;2.168;2.168;0.000;0.000;19.700;1.340;6.9;0.0;0;28;3.000;2.473;12.7;70;-8.7;0;0;0;0;111;98;0;0;1799;113.50;0;0;0;0;0;0;0;0;0;0;0;0;0;0;0;0;28;0;38.0;38.0;2;0;0.00;0.00;0.00;0.0;0.0
166.443;174;952;39;37128;0.0;19.700;1.340;40;49;13;0;100;99;100;124;100;189;100;47;47;0;2.195;2.195;0.000;0.000;19.700;1.340;7.0;0.0;0;28;3.000;3.058;12.7;70;-8.6;0;0;0;0;111;98;0;0;1799;113.38;0;0;0;0;0;0;0;0;0;0;0;0;0;0;0;0;28;0;39.0;39.0;2;0;0.00;0.00;0.00;0.0;0.0
166.508;174;949;38;36062;0.0;19.700;1.340;40;49;13;0;100;99;100;124;100;189;100;45;45;0;2.155;2.155;0.000;0.000;19.700;1.340;6.8;0.0;0;29;3.000;2.716;12.7;10;-8.7;0;0;0;0;111;98;0;0;1799;113.74;0;0;0;0;0;0;0;0;0;0;0;0;0;0;0;0;29;0;38.0;38.0;2;0;0.00;0.00;0.00;0.0;0.0
166.576;175;954;39;37206;0.0;19.700;1.340;40;49;13;0;100;99;100;124;100;189;100;46;46;0;2.183;2.183;0.000;0.000;19.700;1.340;6.9;0.0;0;28;3.000;3.165;12.7;-10;-8.6;0;0;0;0;111;98;0;0;1795;112.89;0;0;0;0;0;0;0;0;0;0;0;0;0;0;0;0;28;0;39.0;39.0;2;0;0.00;0.00;0.00;0.0;0.0
166.644;175;948;38;36024;0.0;19.700;1.340;40;49;13;0;100;99;100;124;100;189;100;46;46;0;2.168;2.168;0.000;0.000;19.700;1.340;6.9;0.0;0;29;3.000;2.826;12.7;-10;-8.7;0;0;0;0;111;98;0;0;1795;113.61;0;0;0;0;0;0;0;0;0;0;0;0;0;0;0;0;29;0;38.0;38.0;2;0;0.00;0.00;0.00;0.0;0.0
166.708;175;957;38;36366;0.0;19.700;1.340;40;49;13;0;100;99;100;124;100;183;100;46;46;0;2.144;2.144;0.000;0.000;19.700;1.340;6.8;0.0;0;29;3.000;3.085;12.7;-30;-8.7;0;0;0;0;111;98;0;0;1795;112.54;0;0;0;0;0;0;0;0;0;0;0;0;0;0;0;0;29;0;38.0;38.0;2;0;0.00;0.00;0.00;0.0;0.0
166.774;175;946;38;35948;0.0;19.700;1.340;40;49;13;0;100;99;100;124;100;177;100;45;45;0;2.111;2.111;0.000;0.000;19.700;1.340;6.7;0.0;0;28;3.000;2.607;12.7;-20;-8.7;0;0;0;0;111;98;0;0;1795;113.85;0;0;0;0;0;0;0;0;0;0;0;0;0;0;0;0;28;0;38.0;38.0;2;0;0.00;0.00;0.00;0.0;0.0
166.840;175;958;38;36404;0.0;19.700;1.340;40;49;13;0;100;99;100;124;100;177;100;46;46;0;2.124;2.124;0.000;0.000;19.700;1.340;6.8;0.0;0;28;3.000;2.742;12.7;-20;-8.7;0;0;0;0;111;98;0;0;1795;112.42;0;0;0;0;0;0;0;0;0;0;0;0;0;0;0;0;28;0;38.0;38.0;2;0;0.00;0.00;0.00;0.0;0.0
166.906;175;946;38;35948;0.0;19.700;1.340;40;49;13;0;100;99;100;124;100;169;100;45;45;0;2.079;2.079;0.000;0.000;19.700;1.340;6.6;0.0;0;28;3.000;2.569;12.7;30;-8.7;0;0;0;0;111;98;0;0;1795;113.85;0;0;0;0;0;0;0;0;0;0;0;0;0;0;0;0;28;0;38.0;38.0;2;0;0.00;0.00;0.00;0.0;0.0
166.971;175;957;38;36366;0.0;19.700;1.340;40;49;13;0;100;99;100;124;100;163;100;46;46;0;2.070;2.070;0.000;0.000;19.700;1.340;6.6;0.0;0;29;3.000;3.030;12.7;80;-8.7;0;0;0;0;111;98;0;0;1795;112.54;0;0;0;0;0;0;0;0;0;0;0;0;0;0;0;0;29;0;38.0;38.0;2;0;0.00;0.00;0.00;0.0;0.0
167.036;175;954;38;36252;0.0;19.700;1.340;40;49;13;0;100;99;100;124;100;163;100;46;46;0;2.070;2.070;0.000;0.000;19.700;1.340;6.6;0.0;0;28;3.000;2.574;12.7;80;-8.7;0;0;0;0;111;98;0;0;1795;112.89;0;0;0;0;0;0;0;0;0;0;0;0;0;0;0;0;28;0;38.0;38.0;2;0;0.00;0.00;0.00;0.0;0.0
167.036;175;970;38;36860;0.0;19.700;1.340;40;49;13;0;100;99;100;124;100;155;100;46;46;0;2.062;2.062;0.000;0.000;19.700;1.340;6.7;0.0;0;29;3.000;2.963;12.5;60;-8.7;0;0;0;0;111;98;0;0;1795;111.03;0;0;0;0;0;0;0;0;0;0;0;0;0;0;0;0;29;0;38.0;38.0;2;0;0.00;0.00;0.00;0.0;0.0
167.169;175;982;38;37316;0.0;19.700;1.340;40;49;13;0;100;99;100;124;100;155;100;46;46;0;2.062;2.062;0.000;0.000;19.700;1.340;6.7;0.0;0;29;3.000;2.655;12.5;60;-8.7;0;0;0;0;111;98;0;0;1795;109.67;0;0;0;0;0;0;0;0;0;0;0;0;0;0;0;0;29;0;38.0;38.0;2;0;0.00;0.00;0.00;0.0;0.0
167.169;175;985;37;36445;0.0;19.700;1.340;40;49;13;0;100;99;100;124;100;149;100;45;45;0;2.008;2.008;0.000;0.000;19.700;1.340;6.6;0.0;0;29;3.000;3.147;12.5;190;-8.8;0;0;0;0;111;98;0;0;1795;109.34;0;0;0;0;0;0;0;0;0;0;0;0;0;0;0;0;29;0;37.0;37.0;2;0;0.00;0.00;0.00;0.0;0.0
167.302;175;983;37;36371;0.0;19.700;1.340;40;49;13;0;100;99;100;124;100;144;100;45;45;0;1.989;1.989;0.000;0.000;19.700;1.340;6.5;0.0;0;29;3.000;3.029;12.5;-90;-8.8;0;0;0;0;111;98;0;0;1795;109.56;0;0;0;0;0;0;0;0;0;0;0;0;0;0;0;0;29;0;37.0;37.0;2;0;0.00;0.00;0.00;0.0;0.0
167.367;175;984;37;36408;0.0;19.700;1.340;40;49;13;0;100;99;100;124;100;144;100;45;45;0;1.977;1.977;0.000;0.000;19.700;1.340;6.5;0.0;0;29;3.000;2.870;12.6;-90;-8.8;0;0;0;0;111;98;0;0;1795;109.45;0;0;0;0;0;0;0;0;0;0;0;0;0;0;0;0;29;0;37.0;37.0;2;0;0.00;0.00;0.00;0.0;0.0
167.433;175;984;38;37392;0.0;19.700;1.340;40;49;13;0;100;99;100;124;100;137;100;46;46;0;1.982;1.982;0.000;0.000;19.700;1.340;6.5;0.0;0;30;3.000;3.167;12.6;110;-8.7;0;0;0;0;111;98;0;0;1795;109.45;0;0;0;0;0;0;0;0;0;0;0;0;0;0;0;0;30;0;38.0;38.0;2;0;0.00;0.00;0.00;0.0;0.0
167.503;175;972;37;35964;0.0;19.700;1.340;40;49;13;0;100;99;100;124;100;130;100;45;45;0;1.926;1.926;0.000;0.000;19.700;1.340;6.2;0.0;0;29;3.000;2.610;12.6;-120;-8.8;0;0;0;0;111;98;0;0;1795;110.80;0;0;0;0;0;0;0;0;0;0;0;0;0;0;0;0;29;0;37.0;37.0;2;0;0.00;0.00;0.00;0.0;0.0
167.573;175;969;38;36822;0.0;19.700;1.340;40;49;13;0;100;99;100;124;100;130;100;46;46;0;1.955;1.955;0.000;0.000;19.700;1.340;6.3;0.0;0;29;3.000;2.845;12.6;-120;-8.7;0;0;0;0;111;98;0;0;1795;111.15;0;0;0;0;0;0;0;0;0;0;0;0;0;0;0;0;29;0;38.0;38.0;2;0;0.00;0.00;0.00;0.0;0.0
167.639;176;972;37;35964;0.0;19.700;1.340;40;49;9;0;100;99;100;124;100;123;100;45;45;0;1.889;1.889;0.000;0.000;19.700;1.340;6.1;0.0;0;29;3.000;2.978;12.7;-30;-8.8;0;0;0;0;111;98;0;0;1790;110.49;0;0;0;0;0;0;0;0;0;0;0;0;0;0;0;0;29;0;37.0;37.0;2;0;0.00;0.00;0.00;0.0;0.0
167.639;176;985;37;36445;0.0;19.700;1.340;40;49;9;0;100;99;100;124;100;123;100;45;45;0;1.889;1.889;0.000;0.000;19.700;1.340;6.2;0.0;0;29;3.000;2.908;12.7;160;-8.8;0;0;0;0;111;98;0;0;1790;109.04;0;0;0;0;0;0;0;0;0;0;0;0;0;0;0;0;29;0;37.0;37.0;2;0;0.00;0.00;0.00;0.0;0.0
167.769;176;966;37;35742;0.0;19.700;1.340;40;49;9;0;100;99;100;124;100;123;100;45;45;0;1.889;1.889;0.000;0.000;19.700;1.340;6.1;0.0;0;29;3.000;2.613;12.7;160;-8.8;0;0;0;0;111;98;0;0;1790;111.18;0;0;0;0;0;0;0;0;0;0;0;0;0;0;0;0;29;0;37.0;37.0;2;0;0.00;0.00;0.00;0.0;0.0
167.836;176;957;37;35409;0.0;19.700;1.340;40;49;9;0;100;99;100;124;100;123;100;45;45;0;1.889;1.889;0.000;0.000;19.700;1.340;6.0;0.0;0;28;3.000;2.383;12.7;-190;-8.8;0;0;0;0;111;98;0;0;1790;112.23;0;0;0;0;0;0;0;0;0;0;0;0;0;0;0;0;28;0;37.0;37.0;2;0;0.00;0.00;0.00;0.0;0.0
167.905;176;928;37;34336;0.0;19.700;1.340;40;49;9;0;100;99;100;124;100;123;100;45;45;0;1.889;1.889;0.000;0.000;19.700;1.340;5.8;0.0;0;28;3.000;2.077;12.7;-380;-8.8;0;0;0;0;111;98;0;0;1790;115.73;0;0;0;0;0;0;0;0;0;0;0;0;0;0;0;0;28;0;37.0;37.0;2;0;0.00;0.00;0.00;0.0;0.0
167.969;176;905;38;34390;0.0;19.700;1.340;40;49;9;0;100;99;100;124;100;123;100;45;45;0;1.908;1.908;0.000;0.000;19.700;1.340;5.8;0.0;0;28;3.000;2.537;12.7;-380;-8.7;0;0;0;0;111;98;0;0;1790;118.67;0;0;0;0;0;0;0;0;0;0;0;0;0;0;0;0;28;0;38.0;38.0;2;0;0.00;0.00;0.00;0.0;0.0
168.036;176;885;39;34515;0.0;19.700;1.340;40;49;9;0;100;99;100;124;100;123;100;46;46;0;1.926;1.926;0.000;0.000;19.700;1.340;5.7;0.0;0;27;3.000;2.491;12.7;-310;-8.6;0;0;0;0;111;98;0;0;1790;121.36;0;0;0;0;0;0;0;0;0;0;0;0;0;0;0;0;27;0;39.0;39.0;2;0;0.00;0.00;0.00;0.0;0.0
168.100;176;859;40;34360;0.0;19.700;1.340;40;49;9;0;100;99;100;124;100;123;100;46;46;0;1.935;1.935;0.000;0.000;19.700;1.340;5.5;0.0;0;26;3.000;2.030;12.7;-380;-8.4;0;0;0;0;111;98;0;0;1790;125.03;0;0;0;0;0;0;0;0;0;0;0;0;0;0;0;0;26;0;40.0;40.0;2;0;0.00;0.00;0.00;0.0;0.0
168.166;176;812;41;33292;0.0;19.700;1.340;40;49;9;0;100;99;100;124;100;123;100;46;46;0;1.945;1.945;0.000;0.000;19.700;1.340;5.3;0.0;0;25;3.000;1.736;12.7;-380;-8.3;0;0;0;0;111;98;0;0;1790;132.27;0;0;0;0;0;0;0;0;0;0;0;0;0;0;0;0;25;0;41.0;41.0;2;0;0.00;0.00;0.00;0.0;0.0
168.236;176;806;43;34658;0.0;19.700;1.340;40;49;9;0;100;99;100;124;100;123;100;47;47;0;1.981;1.981;0.000;0.000;19.700;1.340;5.3;0.0;0;25;3.000;2.608;12.7;-470;-8.0;0;0;0;0;111;98;0;0;1790;133.25;0;0;0;0;0;0;0;0;0;0;0;0;0;0;0;0;25;0;43.0;43.0;2;0;0.00;0.00;0.00;0.0;0.0
168.302;176;798;44;35112;0.0;19.700;1.340;40;49;9;0;100;99;100;124;100;123;100;47;47;0;1.991;1.991;0.000;0.000;19.700;1.340;5.3;0.0;0;25;3.000;2.390;12.7;-140;-7.8;0;0;0;0;111;98;0;0;1790;134.59;0;0;0;0;0;0;0;0;0;0;0;0;0;0;0;0;25;0;44.0;44.0;2;0;0.00;0.00;0.00;0.0;0.0
168.367;176;773;45;34785;0.0;19.700;1.340;40;49;9;0;100;99;100;124;100;123;100;47;47;0;2.071;2.071;0.000;0.000;19.700;1.340;5.3;0.0;0;24;3.000;2.574;12.2;-140;-7.7;0;0;0;0;111;98;0;0;1790;138.94;0;0;0;0;0;0;0;0;0;0;0;0;0;0;0;0;24;0;45.0;45.0;2;0;0.00;0.00;0.00;0.0;0.0
168.438;176;727;46;33442;0.0;19.700;1.340;40;49;9;0;100;99;100;124;100;123;100;47;47;0;2.081;2.081;0.000;0.000;19.700;1.340;5.0;0.0;0;23;3.000;2.219;12.2;-400;-7.5;0;0;0;0;111;98;0;0;1790;147.73;0;0;0;0;0;0;0;0;0;0;0;0;0;0;0;0;23;0;46.0;46.0;2;0;0.00;0.00;0.00;0.0;0.0
168.507;176;695;48;33360;0.0;19.700;1.340;40;49;9;0;100;99;100;124;100;123;100;49;49;0;2.130;2.130;0.000;0.000;19.700;1.340;4.9;0.0;0;23;3.000;1.082;12.2;-630;-7.3;0;0;0;0;111;98;0;0;1790;154.53;0;0;0;0;0;0;0;0;0;0;0;0;0;0;0;0;23;0;48.0;48.0;2;0;0.00;0.00;0.00;0.0;0.0
168.572;176;702;49;34398;0.0;19.700;1.340;40;49;9;0;100;99;100;124;100;123;100;50;50;0;2.160;2.160;0.000;0.000;19.700;1.340;5.1;0.0;0;22;3.000;2.980;12.2;-630;-7.1;0;0;0;0;111;98;0;0;1790;152.99;0;0;0;0;0;0;0;0;0;0;0;0;0;0;0;0;22;0;49.0;49.0;2;0;0.00;0.00;0.00;0.0;0.0
168.638;177;701;50;35050;0.0;18.400;1.252;40;49;9;0;100;99;100;124;100;123;100;51;51;0;2.156;2.156;0.000;0.000;18.400;1.252;5.0;0.0;0;22;3.000;2.982;12.4;60;-7.0;0;0;0;0;111;98;0;0;1818;155.61;0;0;0;0;0;0;0;0;0;0;0;0;0;0;0;0;22;0;50.0;50.0;2;0;0.00;0.00;0.00;0.0;0.0
168.703;177;686;51;34986;0.0;16.300;1.109;40;49;9;0;100;99;100;124;100;123;100;51;51;0;2.167;2.167;0.000;0.000;16.300;1.109;5.0;0.0;0;22;3.000;2.009;12.4;-150;-6.8;0;0;0;0;111;98;0;0;1818;159.01;0;0;0;0;0;0;0;0;0;0;0;0;0;0;0;0;22;0;51.0;51.0;2;0;0.00;0.00;0.00;0.0;0.0
168.770;177;676;51;34476;0.0;14.300;0.973;40;49;9;0;100;99;100;124;100;123;100;51;51;0;2.167;2.167;0.000;0.000;14.300;0.973;4.9;0.0;0;22;3.000;2.814;12.4;-150;-6.8;0;0;0;0;111;98;0;0;1818;161.36;0;0;0;0;0;0;0;0;0;0;0;0;0;0;0;0;22;0;51.0;51.0;2;0;0.00;0.00;0.00;0.0;0.0
168.838;177;677;51;34527;0.0;13.000;0.884;40;49;9;0;100;99;100;124;100;123;100;51;51;0;2.167;2.167;0.000;0.000;13.000;0.884;4.9;0.0;0;22;3.000;2.807;12.4;-100;-6.8;0;0;0;0;111;98;0;0;1818;161.12;0;0;0;0;0;0;0;0;0;0;0;0;0;0;0;0;22;0;51.0;51.0;2;0;0.00;0.00;0.00;0.0;0.0
168.905;177;704;51;35904;0.0;12.000;0.816;40;49;9;0;100;99;100;124;100;123;100;51;51;0;2.167;2.167;0.000;0.000;12.000;0.816;5.1;0.0;0;22;3.000;3.997;12.4;280;-6.8;0;0;0;0;111;98;0;0;1818;154.94;0;0;0;0;0;0;0;0;0;0;0;0;0;0;0;0;22;0;51.0;51.0;2;0;0.00;0.00;0.00;0.0;0.0
168.970;177;708;50;35400;0.0;11.500;0.782;40;49;9;0;100;99;100;124;100;123;100;51;51;0;2.156;2.156;0.000;0.000;11.500;0.782;5.1;0.0;0;22;3.000;3.140;12.4;280;-7.0;0;0;0;0;111;98;0;0;1818;154.07;0;0;0;0;0;0;0;0;0;0;0;0;0;0;0;0;22;0;50.0;50.0;2;0;0.00;0.00;0.00;0.0;0.0
169.034;177;721;50;36050;0.0;11.100;0.755;40;49;9;0;100;99;100;124;100;123;100;51;51;0;2.156;2.156;0.000;0.000;11.100;0.755;5.2;0.0;0;23;3.000;3.496;12.4;110;-7.0;0;0;0;0;111;98;0;0;1818;151.29;0;0;0;0;0;0;0;0;0;0;0;0;0;0;0;0;23;0;50.0;50.0;2;0;0.00;0.00;0.00;0.0;0.0
169.100;177;727;50;36350;0.0;10.900;0.741;40;49;9;0;100;99;100;124;100;123;100;51;51;0;2.156;2.156;0.000;0.000;10.900;0.741;5.2;0.0;0;23;3.000;3.158;12.4;110;-7.0;0;0;0;0;111;98;0;0;1818;150.04;0;0;0;0;0;0;0;0;0;0;0;0;0;0;0;0;23;0;50.0;50.0;2;0;0.00;0.00;0.00;0.0;0.0
169.166;177;723;49;35427;0.0;11.200;0.762;40;49;9;0;100;99;100;124;100;123;100;50;50;0;2.148;2.148;0.000;0.000;11.200;0.762;5.2;0.0;0;23;3.000;2.856;12.3;120;-7.1;0;0;0;0;111;98;0;0;1818;150.87;0;0;0;0;0;0;0;0;0;0;0;0;0;0;0;0;23;0;49.0;49.0;2;0;0.00;0.00;0.00;0.0;0.0
169.237;177;747;48;35856;0.0;12.100;0.823;40;49;9;0;100;99;100;124;100;123;100;49;49;0;2.118;2.118;0.000;0.000;12.100;0.823;5.3;0.0;0;23;3.000;3.637;12.3;190;-7.3;0;0;0;0;111;98;0;0;1818;146.02;0;0;0;0;0;0;0;0;0;0;0;0;0;0;0;0;23;0;48.0;48.0;2;0;0.00;0.00;0.00;0.0;0.0
169.305;177;747;48;35856;0.0;12.400;0.844;40;49;9;0;100;99;100;124;100;123;100;49;49;0;2.118;2.118;0.000;0.000;12.400;0.844;5.3;0.0;0;23;3.000;2.649;12.3;190;-7.3;0;0;0;0;111;98;0;0;1818;146.02;0;0;0;0;0;0;0;0;0;0;0;0;0;0;0;0;23;0;48.0;48.0;2;0;0.00;0.00;0.00;0.0;0.0
169.370;177;778;48;37344;0.0;12.300;0.837;40;49;9;0;100;99;100;124;100;123;100;50;50;0;2.104;2.104;0.000;0.000;12.300;0.837;5.5;0.0;0;24;3.000;3.726;12.5;10;-7.3;0;0;0;0;111;98;0;0;1818;140.21;0;0;0;0;0;0;0;0;0;0;0;0;0;0;0;0;24;0;48.0;48.0;2;0;0.00;0.00;0.00;0.0;0.0
169.436;177;775;46;35650;0.0;11.800;0.803;40;49;9;0;100;99;100;124;100;123;100;48;48;0;2.054;2.054;0.000;0.000;11.800;0.803;5.3;0.0;0;24;3.000;3.194;12.5;410;-7.5;0;0;0;0;111;98;0;0;1818;140.75;0;0;0;0;0;0;0;0;0;0;0;0;0;0;0;0;24;0;46.0;46.0;2;0;0.00;0.00;0.00;0.0;0.0
169.504;177;787;46;36202;0.0;11.300;0.769;40;49;9;0;100;99;100;124;100;123;100;48;48;0;2.054;2.054;0.000;0.000;11.300;0.769;5.4;0.0;0;24;3.000;2.337;12.5;410;-7.5;0;0;0;0;111;98;0;0;1818;138.60;0;0;0;0;0;0;0;0;0;0;0;0;0;0;0;0;24;0;46.0;46.0;2;0;0.00;0.00;0.00;0.0;0.0
169.575;177;796;46;36616;0.0;11.200;0.762;40;49;9;0;100;99;100;124;100;123;100;48;48;0;2.054;2.054;0.000;0.000;11.200;0.762;5.4;0.0;0;25;3.000;3.333;12.5;-10;-7.5;0;0;0;0;111;98;0;0;1818;137.04;0;0;0;0;0;0;0;0;0;0;0;0;0;0;0;0;25;0;46.0;46.0;2;0;0.00;0.00;0.00;0.0;0.0
169.639;178;807;45;36315;0.0;11.500;0.782;40;49;9;0;100;99;100;124;100;123;100;48;48;0;2.081;2.081;0.000;0.000;14.700;1.000;5.6;0.0;0;25;3.000;3.130;12.2;170;-7.7;0;0;0;0;111;98;0;0;1816;135.02;0;0;0;0;0;0;0;0;0;0;0;0;0;0;0;0;25;0;45.0;45.0;2;0;0.00;0.00;0.00;0.0;0.0
169.709;178;821;44;36124;0.0;12.900;0.878;40;49;9;0;100;99;100;124;100;123;100;47;47;0;2.051;2.051;0.000;0.000;14.700;1.000;5.6;0.0;0;25;3.000;2.997;12.2;170;-7.8;0;0;0;0;111;98;0;0;1816;132.72;0;0;0;0;0;0;0;0;0;0;0;0;0;0;0;0;25;0;44.0;44.0;2;0;0.00;0.00;0.00;0.0;0.0
169.777;178;825;43;35475;0.0;14.700;1.000;40;49;9;0;100;99;100;124;100;123;100;47;47;0;2.041;2.041;0.000;0.000;14.700;1.000;5.6;0.0;0;25;3.000;2.883;12.2;170;-8.0;0;0;0;0;111;98;0;0;1816;132.07;0;0;0;0;0;0;0;0;0;0;0;0;0;0;0;0;25;0;43.0;43.0;2;0;0.00;0.00;0.00;0.0;0.0
169.843;178;856;43;36808;0.0;17.000;1.156;40;49;9;0;100;99;100;124;100;123;100;48;48;0;2.051;2.051;0.000;0.000;14.700;1.000;5.9;0.0;0;26;3.000;3.632;12.2;240;-8.0;0;0;0;0;111;98;0;0;1816;127.29;0;0;0;0;0;0;0;0;0;0;0;0;0;0;0;0;26;0;43.0;43.0;2;0;0.00;0.00;0.00;0.0;0.0
169.908;178;858;42;36036;0.0;19.100;1.299;40;49;9;0;100;99;100;124;100;123;100;47;47;0;2.140;2.140;0.000;0.000;14.700;1.000;6.1;0.0;0;26;3.030;3.085;11.7;240;-8.1;0;0;0;0;111;98;0;0;1816;126.99;0;0;0;0;0;0;0;0;0;0;0;0;0;0;0;0;26;0;42.0;42.0;2;0;0.00;0.00;0.00;0.0;0.0
169.973;178;882;41;36162;0.0;19.600;1.333;40;49;9;0;100;99;100;124;100;123;100;47;47;0;2.121;2.121;0.000;0.000;14.700;1.000;6.2;0.0;0;27;3.030;3.701;11.7;130;-8.3;0;0;0;0;111;98;0;0;1816;123.54;0;0;0;0;0;0;0;0;0;0;0;0;0;0;0;0;27;0;41.0;41.0;2;0;0.00;0.00;0.00;0.0;0.0
170.037;178;885;41;36285;0.0;19.700;1.340;40;49;9;0;100;99;100;124;100;123;100;47;47;0;2.121;2.121;0.000;0.000;14.700;1.000;6.3;0.0;0;27;3.030;2.982;11.7;270;-8.3;0;0;0;0;111;98;0;0;1816;123.12;0;0;0;0;0;0;0;0;0;0;0;0;0;0;0;0;27;0;41.0;41.0;2;0;0.00;0.00;0.00;0.0;0.0
170.104;178;926;40;37040;0.0;19.700;1.340;40;49;9;0;100;99;100;124;100;123;100;47;47;0;2.111;2.111;0.000;0.000;14.700;1.000;6.5;0.0;0;28;3.030;3.509;11.7;270;-8.4;0;0;0;0;111;98;0;0;1816;117.67;0;0;0;0;0;0;0;0;0;0;0;0;0;0;0;0;28;0;40.0;40.0;2;0;0.00;0.00;0.00;0.0;0.0
170.170;178;928;40;37120;0.0;19.700;1.340;40;49;9;0;100;99;100;124;100;123;100;47;47;0;2.003;2.003;0.000;0.000;14.700;1.000;6.2;0.0;0;28;3.000;3.019;12.2;410;-8.4;0;0;0;0;111;98;0;0;1816;117.41;0;0;0;0;0;0;0;0;0;0;0;0;0;0;0;0;28;0;40.0;40.0;2;0;0.00;0.00;0.00;0.0;0.0
170.240;178;938;39;36582;0.0;19.400;1.320;40;49;9;0;100;99;100;124;100;123;100;46;46;0;1.986;1.986;0.000;0.000;14.700;1.000;6.2;0.0;0;28;3.000;3.222;12.2;130;-8.6;0;0;0;0;111;98;0;0;1816;116.16;0;0;0;0;0;0;0;0;0;0;0;0;0;0;0;0;28;0;39.0;39.0;2;0;0.00;0.00;0.00;0.0;0.0
170.307;178;927;39;36153;0.0;18.800;1.279;40;49;9;0;100;99;100;124;100;123;100;46;46;0;1.986;1.986;0.000;0.000;14.700;1.000;6.1;0.0;0;28;3.000;2.708;12.2;130;-8.6;0;0;0;0;111;98;0;0;1816;117.54;0;0;0;0;0;0;0;0;0;0;0;0;0;0;0;0;28;0;39.0;39.0;2;0;0.00;0.00;0.00;0.0;0.0
170.371;178;938;39;36582;0.0;18.500;1.259;40;49;9;0;100;99;100;124;100;123;100;46;46;0;1.986;1.986;0.000;0.000;14.700;1.000;6.2;0.0;0;28;3.000;3.335;12.2;-120;-8.6;0;0;0;0;111;98;0;0;1816;116.16;0;0;0;0;0;0;0;0;0;0;0;0;0;0;0;0;28;0;39.0;39.0;2;0;0.00;0.00;0.00;0.0;0.0
170.436;178;921;38;34998;0.0;17.800;1.211;40;49;9;0;100;99;100;124;100;123;100;45;45;0;1.932;1.932;0.000;0.000;14.700;1.000;5.9;0.0;0;28;3.000;2.663;12.5;-60;-8.7;0;0;0;0;111;98;0;0;1816;118.31;0;0;0;0;0;0;0;0;0;0;0;0;0;0;0;0;28;0;38.0;38.0;2;0;0.00;0.00;0.00;0.0;0.0
170.503;178;915;39;35685;0.0;16.700;1.136;40;49;9;0;100;99;100;124;100;123;100;46;46;0;1.950;1.950;0.000;0.000;14.700;1.000;5.9;0.0;0;27;3.000;2.642;12.5;-60;-8.6;0;0;0;0;111;98;0;0;1816;119.08;0;0;0;0;0;0;0;0;0;0;0;0;0;0;0;0;27;0;39.0;39.0;2;0;0.00;0.00;0.00;0.0;0.0
170.570;178;898;39;35022;0.0;16.400;1.116;40;49;9;0;100;99;100;124;100;123;100;46;46;0;1.950;1.950;0.000;0.000;14.700;1.000;5.8;0.0;0;27;3.000;2.554;12.5;-120;-8.6;0;0;0;0;111;98;0;0;1816;121.34;0;0;0;0;0;0;0;0;0;0;0;0;0;0;0;0;27;0;39.0;39.0;2;0;0.00;0.00;0.00;0.0;0.0
170.637;179;904;40;36160;0.0;15.900;1.082;40;49;9;0;100;99;100;124;100;123;100;47;47;0;1.955;1.955;0.000;0.000;14.700;1.000;5.9;0.0;0;27;3.000;2.732;12.6;-50;-8.4;0;0;0;0;111;98;0;0;1773;117.68;0;0;0;0;0;0;0;0;0;0;0;0;0;0;0;0;27;0;40.0;40.0;2;0;0.00;0.00;0.00;0.0;0.0
170.711;179;882;40;35280;0.0;14.500;0.986;40;49;9;0;100;99;100;124;100;123;100;46;46;0;1.947;1.947;0.000;0.000;14.700;1.000;5.7;0.0;0;27;3.000;2.571;12.6;-50;-8.4;0;0;0;0;111;98;0;0;1773;120.61;0;0;0;0;0;0;0;0;0;0;0;0;0;0;0;0;27;0;40.0;40.0;2;0;0.00;0.00;0.00;0.0;0.0
170.773;179;884;41;36244;0.0;12.800;0.871;40;49;9;0;100;99;100;124;100;123;100;47;47;0;1.965;1.965;0.000;0.000;14.700;1.000;5.8;0.0;0;27;3.000;2.847;12.6;-180;-8.3;0;0;0;0;111;98;0;0;1773;120.34;0;0;0;0;0;0;0;0;0;0;0;0;0;0;0;0;27;0;41.0;41.0;2;0;0.00;0.00;0.00;0.0;0.0
170.838;179;850;41;34850;0.0;12.200;0.830;40;49;9;0;100;99;100;124;100;123;100;47;47;0;1.965;1.965;0.000;0.000;14.700;1.000;5.6;0.0;0;26;3.000;2.547;12.6;-360;-8.3;0;0;0;0;111;98;0;0;1773;125.15;0;0;0;0;0;0;0;0;0;0;0;0;0;0;0;0;26;0;41.0;41.0;2;0;0.00;0.00;0.00;0.0;0.0
170.902;179;836;41;34276;0.0;12.300;0.837;40;49;9;0;100;99;100;124;100;123;100;46;46;0;1.945;1.945;0.000;0.000;14.700;1.000;5.4;0.0;0;26;3.000;2.659;12.7;-360;-8.3;0;0;0;0;111;98;0;0;1773;127.25;0;0;0;0;0;0;0;0;0;0;0;0;0;0;0;0;26;0;41.0;41.0;2;0;0.00;0.00;0.00;0.0;0.0
170.973;179;816;42;34272;0.0;12.700;0.864;40;49;9;0;100;99;100;124;100;123;100;47;47;0;1.972;1.972;0.000;0.000;14.700;1.000;5.4;0.0;0;25;3.000;2.298;12.7;-140;-8.1;0;0;0;0;111;98;0;0;1773;130.37;0;0;0;0;0;0;0;0;0;0;0;0;0;0;0;0;25;0;42.0;42.0;2;0;0.00;0.00;0.00;0.0;0.0
171.037;179;822;43;35346;0.0;13.500;0.918;40;49;9;0;100;99;100;124;100;123;100;47;47;0;1.981;1.981;0.000;0.000;14.700;1.000;5.4;0.0;0;25;3.000;2.919;12.7;-140;-8.0;0;0;0;0;111;98;0;0;1773;129.42;0;0;0;0;0;0;0;0;0;0;0;0;0;0;0;0;25;0;43.0;43.0;2;0;0.00;0.00;0.00;0.0;0.0
171.104;179;807;43;34701;0.0;14.100;0.959;40;49;9;0;100;99;100;124;100;123;100;47;47;0;1.981;1.981;0.000;0.000;14.700;1.000;5.3;0.0;0;25;3.000;2.297;12.7;-140;-8.0;0;0;0;0;111;98;0;0;1773;131.82;0;0;0;0;0;0;0;0;0;0;0;0;0;0;0;0;25;0;43.0;43.0;2;0;0.00;0.00;0.00;0.0;0.0
171.174;179;783;44;34452;0.0;14.600;0.993;40;49;9;0;100;99;100;124;100;123;100;47;47;0;1.991;1.991;0.000;0.000;14.700;1.000;5.2;0.0;0;24;3.000;1.837;12.7;-360;-7.8;0;0;0;0;111;98;0;0;1773;135.86;0;0;0;0;0;0;0;0;0;0;0;0;0;0;0;0;24;0;44.0;44.0;2;0;0.00;0.00;0.00;0.0;0.0
171.239;179;770;45;34650;0.0;14.800;1.007;40;49;9;0;100;99;100;124;100;123;100;47;47;0;2.011;2.011;0.000;0.000;14.700;1.000;5.2;0.0;0;24;3.000;2.430;12.7;-160;-7.7;0;0;0;0;111;98;0;0;1773;138.16;0;0;0;0;0;0;0;0;0;0;0;0;0;0;0;0;24;0;45.0;45.0;2;0;0.00;0.00;0.00;0.0;0.0
171.308;179;763;45;34335;0.0;14.200;0.966;40;49;9;0;100;99;100;124;100;123;100;47;47;0;2.011;2.011;0.000;0.000;14.700;1.000;5.1;0.0;0;24;3.000;2.676;12.7;-160;-7.7;0;0;0;0;111;98;0;0;1773;139.42;0;0;0;0;0;0;0;0;0;0;0;0;0;0;0;0;24;0;45.0;45.0;2;0;0.00;0.00;0.00;0.0;0.0
171.374;179;770;46;35420;0.0;16.300;1.109;40;49;9;0;100;99;100;124;100;123;100;48;48;0;2.030;2.030;0.000;0.000;14.700;1.000;5.2;0.0;0;24;3.000;2.826;12.7;10;-7.5;0;0;0;0;111;98;0;0;1773;138.16;0;0;0;0;0;0;0;0;0;0;0;0;0;0;0;0;24;0;46.0;46.0;2;0;0.00;0.00;0.00;0.0;0.0
171.440;179;720;47;33840;0.0;18.900;1.286;40;49;9;0;100;99;100;124;100;123;100;48;48;0;2.112;2.112;0.000;0.000;14.600;0.993;5.1;0.0;0;23;3.000;1.651;12.1;10;-7.4;0;0;0;0;111;98;0;0;1773;147.75;0;0;0;0;0;0;0;0;0;0;0;0;0;0;0;0;23;0;47.0;47.0;2;0;0.00;0.00;0.00;0.0;0.0
171.505;179;715;48;34320;0.0;19.600;1.333;40;49;9;0;100;99;100;124;100;123;100;49;49;0;2.142;2.142;0.000;0.000;14.600;0.993;5.1;0.0;0;23;3.000;2.507;12.1;-510;-7.3;0;0;0;0;111;98;0;0;1773;148.78;0;0;0;0;0;0;0;0;0;0;0;0;0;0;0;0;23;0;48.0;48.0;2;0;0.00;0.00;0.00;0.0;0.0
171.571;179;696;49;34104;0.0;19.700;1.340;40;49;9;0;100;99;100;124;100;123;100;50;50;0;2.172;2.172;0.000;0.000;14.500;0.986;5.0;0.0;0;22;3.000;2.197;12.1;-180;-7.1;0;0;0;0;111;98;0;0;1773;152.84;0;0;0;0;0;0;0;0;0;0;0;0;0;0;0;0;22;0;49.0;49.0;2;0;0.00;0.00;0.00;0.0;0.0
171.635;179;688;49;33712;0.0;19.700;1.340;40;49;9;0;100;99;100;124;100;123;100;49;49;0;2.161;2.161;0.000;0.000;14.400;0.980;5.0;0.0;0;22;3.000;2.381;12.1;-180;-7.1;0;0;0;0;111;98;0;0;1773;154.62;0;0;0;0;0;0;0;0;0;0;0;0;0;0;0;0;22;0;49.0;49.0;2;0;0.00;0.00;0.00;0.0;0.0
171.701;180;696;50;34800;0.0;19.700;1.340;40;50;9;0;100;99;100;122;100;121;100;50;50;0;2.174;2.174;0.000;0.000;14.300;0.973;5.0;0.0;0;22;3.000;3.538;12.1;-140;-7.0;0;0;0;0;114;98;0;0;1785;153.88;0;0;0;0;0;0;0;0;0;0;0;0;0;0;0;0;22;0;50.0;50.0;2;0;0.00;0.00;0.00;0.0;0.0
171.771;180;682;50;34100;0.0;19.700;1.340;40;50;9;0;100;99;100;122;100;121;100;50;50;0;2.174;2.174;0.000;0.000;14.300;0.973;4.9;0.0;0;22;3.000;2.087;12.1;-60;-7.0;0;0;0;0;114;98;0;0;1785;157.04;0;0;0;0;0;0;0;0;0;0;0;0;0;0;0;0;22;0;50.0;50.0;2;0;0.00;0.00;0.00;0.0;0.0
171.838;180;713;51;36363;0.0;19.700;1.340;40;50;9;0;100;99;100;122;100;121;100;51;51;0;2.194;2.194;0.000;0.000;14.200;0.966;5.2;0.0;0;23;3.000;2.960;12.1;-60;-6.8;0;0;0;0;114;98;0;0;1785;150.21;0;0;0;0;0;0;0;0;0;0;0;0;0;0;0;0;23;0;51.0;51.0;2;0;0.00;0.00;0.00;0.0;0.0
171.901;180;720;50;36000;0.0;19.700;1.340;40;50;9;0;100;99;100;122;100;121;100;51;51;0;2.171;2.171;0.000;0.000;14.300;0.973;5.2;0.0;0;23;3.000;3.392;12.2;310;-7.0;0;0;0;0;114;98;0;0;1785;148.75;0;0;0;0;0;0;0;0;0;0;0;0;0;0;0;0;23;0;50.0;50.0;2;0;0.00;0.00;0.00;0.0;0.0
171.967;180;707;50;35350;0.0;19.700;1.340;40;50;9;0;100;99;100;122;100;121;100;51;51;0;2.171;2.171;0.000;0.000;14.300;0.973;5.1;0.0;0;22;3.000;2.410;12.2;-60;-7.0;0;0;0;0;114;98;0;0;1785;151.49;0;0;0;0;0;0;0;0;0;0;0;0;0;0;0;0;22;0;50.0;50.0;2;0;0.00;0.00;0.00;0.0;0.0
172.033;180;735;49;36015;0.0;19.700;1.340;40;50;9;0;100;99;100;122;100;121;100;50;50;0;2.152;2.152;0.000;0.000;14.400;0.980;5.3;0.0;0;23;3.000;4.090;12.2;-60;-7.1;0;0;0;0;114;98;0;0;1785;145.71;0;0;0;0;0;0;0;0;0;0;0;0;0;0;0;0;23;0;49.0;49.0;2;0;0.00;0.00;0.00;0.0;0.0
172.104;180;720;49;35280;0.0;19.700;1.340;40;50;9;0;100;99;100;122;100;121;100;50;50;0;2.152;2.152;0.000;0.000;14.400;0.980;5.2;0.0;0;23;3.000;2.111;12.2;280;-7.1;0;0;0;0;114;98;0;0;1785;148.75;0;0;0;0;0;0;0;0;0;0;0;0;0;0;0;0;23;0;49.0;49.0;2;0;0.00;0.00;0.00;0.0;0.0
172.172;180;744;49;36456;0.0;19.700;1.340;40;50;9;0;100;99;100;122;100;121;100;50;50;0;2.164;2.164;0.000;0.000;14.400;0.980;5.4;0.0;0;23;3.000;2.560;12.1;-200;-7.1;0;0;0;0;114;98;0;0;1785;143.95;0;0;0;0;0;0;0;0;0;0;0;0;0;0;0;0;23;0;49.0;49.0;2;0;0.00;0.00;0.00;0.0;0.0
172.238;180;777;47;36519;0.0;19.700;1.340;40;50;9;0;100;99;100;122;100;121;100;49;49;0;2.123;2.123;0.000;0.000;14.700;1.000;5.5;0.0;0;24;3.000;4.022;12.1;-200;-7.4;0;0;0;0;114;98;0;0;1785;137.84;0;0;0;0;0;0;0;0;0;0;0;0;0;0;0;0;24;0;47.0;47.0;2;0;0.00;0.00;0.00;0.0;0.0
172.303;180;792;47;37224;0.0;19.700;1.340;40;50;9;0;100;99;100;122;100;121;100;49;49;0;2.123;2.123;0.000;0.000;14.600;0.993;5.6;0.0;0;24;3.000;3.485;12.1;620;-7.4;0;0;0;0;114;98;0;0;1785;135.23;0;0;0;0;0;0;0;0;0;0;0;0;0;0;0;0;24;0;47.0;47.0;2;0;0.00;0.00;0.00;0.0;0.0
172.369;180;827;46;38042;0.0;19.700;1.340;40;50;9;0;100;99;100;122;100;121;100;48;48;0;2.095;2.095;0.000;0.000;14.700;1.000;5.8;0.0;0;25;3.000;3.553;12.1;500;-7.5;0;0;0;0;114;98;0;0;1785;129.50;0;0;0;0;0;0;0;0;0;0;0;0;0;0;0;0;25;0;46.0;46.0;2;0;0.00;0.00;0.00;0.0;0.0
172.435;180;831;44;36564;0.0;19.700;1.340;40;50;9;0;100;99;100;122;100;121;100;48;48;0;2.030;2.030;0.000;0.000;14.700;1.000;5.6;0.0;0;25;3.000;2.886;12.4;500;-7.8;0;0;0;0;114;98;0;0;1785;128.88;0;0;0;0;0;0;0;0;0;0;0;0;0;0;0;0;25;0;44.0;44.0;2;0;0.00;0.00;0.00;0.0;0.0
172.504;180;858;43;36894;0.0;19.700;1.340;40;50;9;0;100;99;100;122;100;121;100;47;47;0;2.011;2.011;0.000;0.000;14.700;1.000;5.8;0.0;0;27;3.000;3.391;12.4;220;-8.0;0;0;0;0;114;98;0;0;1785;124.83;0;0;0;0;0;0;0;0;0;0;0;0;0;0;0;0;27;0;43.0;43.0;2;0;0.00;0.00;0.00;0.0;0.0
172.569;180;871;42;36582;0.0;19.700;1.340;40;50;9;0;100;99;100;122;100;121;100;47;47;0;2.001;2.001;0.000;0.000;14.700;1.000;5.8;0.0;0;26;3.000;2.933;12.4;220;-8.1;0;0;0;0;114;98;0;0;1785;122.96;0;0;0;0;0;0;0;0;0;0;0;0;0;0;0;0;26;0;42.0;42.0;2;0;0.00;0.00;0.00;0.0;0.0
172.569;180;894;41;36654;0.0;19.700;1.340;40;50;9;0;100;99;100;122;100;121;100;47;47;0;1.983;1.983;0.000;0.000;14.700;1.000;5.9;0.0;0;27;3.000;3.149;12.4;220;-8.3;0;0;0;0;114;98;0;0;1785;119.80;0;0;0;0;0;0;0;0;0;0;0;0;0;0;0;0;27;0;41.0;41.0;2;0;0.00;0.00;0.00;0.0;0.0
172.706;181;884;41;36244;0.0;19.700;1.340;40;50;9;0;100;99;100;122;100;121;100;47;47;0;1.959;1.959;0.000;0.000;14.700;1.000;5.8;0.0;0;27;3.000;2.617;12.6;210;-8.3;0;0;0;0;114;98;0;0;1789;121.43;0;0;0;0;0;0;0;0;0;0;0;0;0;0;0;0;27;0;41.0;41.0;2;0;0.00;0.00;0.00;0.0;0.0
172.771;181;894;41;36654;0.0;19.700;1.340;40;50;9;0;100;99;100;122;100;121;100;47;47;0;1.959;1.959;0.000;0.000;14.700;1.000;5.8;0.0;0;27;3.000;2.606;12.6;20;-8.3;0;0;0;0;114;98;0;0;1789;120.07;0;0;0;0;0;0;0;0;0;0;0;0;0;0;0;0;27;0;41.0;41.0;2;0;0.00;0.00;0.00;0.0;0.0
172.837;181;880;40;35200;0.0;19.700;1.340;40;50;9;0;100;99;100;122;100;121;100;46;46;0;1.941;1.941;0.000;0.000;14.700;1.000;5.7;0.0;0;27;3.000;2.639;12.6;20;-8.4;0;0;0;0;114;98;0;0;1789;121.98;0;0;0;0;0;0;0;0;0;0;0;0;0;0;0;0;27;0;40.0;40.0;2;0;0.00;0.00;0.00;0.0;0.0
172.901;181;893;41;36613;0.0;19.700;1.340;40;50;9;0;100;99;100;122;100;121;100;47;47;0;1.959;1.959;0.000;0.000;14.700;1.000;5.8;0.0;0;27;3.000;3.131;12.6;-20;-8.3;0;0;0;0;114;98;0;0;1789;120.20;0;0;0;0;0;0;0;0;0;0;0;0;0;0;0;0;27;0;41.0;41.0;2;0;0.00;0.00;0.00;0.0;0.0
172.966;181;885;40;35400;0.0;19.700;1.340;40;50;9;0;100;99;100;122;100;121;100;46;46;0;1.929;1.929;0.000;0.000;14.700;1.000;5.7;0.0;0;27;3.000;2.928;12.7;-70;-8.4;0;0;0;0;114;98;0;0;1789;121.29;0;0;0;0;0;0;0;0;0;0;0;0;0;0;0;0;27;0;40.0;40.0;2;0;0.00;0.00;0.00;0.0;0.0
173.036;181;883;41;36203;0.0;19.200;1.306;40;50;9;0;100;99;100;122;100;121;100;47;47;0;1.947;1.947;0.000;0.000;14.700;1.000;5.7;0.0;0;27;3.000;2.822;12.7;-70;-8.3;0;0;0;0;114;98;0;0;1789;121.56;0;0;0;0;0;0;0;0;0;0;0;0;0;0;0;0;27;0;41.0;41.0;2;0;0.00;0.00;0.00;0.0;0.0
173.102;181;867;41;35547;0.0;18.300;1.245;40;50;9;0;100;99;100;122;100;121;100;47;47;0;1.947;1.947;0.000;0.000;14.700;1.000;5.6;0.0;0;26;3.000;2.704;12.7;-60;-8.3;0;0;0;0;114;98;0;0;1789;123.81;0;0;0;0;0;0;0;0;0;0;0;0;0;0;0;0;26;0;41.0;41.0;2;0;0.00;0.00;0.00;0.0;0.0
173.166;181;864;41;35424;0.0;17.600;1.197;40;50;9;0;100;99;100;122;100;121;100;47;47;0;1.947;1.947;0.000;0.000;14.700;1.000;5.6;0.0;0;26;3.000;2.941;12.7;-150;-8.3;0;0;0;0;114;98;0;0;1789;124.24;0;0;0;0;0;0;0;0;0;0;0;0;0;0;0;0;26;0;41.0;41.0;2;0;0.00;0.00;0.00;0.0;0.0
173.232;181;870;39;33930;0.0;17.600;1.197;40;50;9;0;100;99;100;122;100;121;100;45;45;0;1.912;1.912;0.000;0.000;14.700;1.000;5.5;0.0;0;26;3.000;2.699;12.7;60;-8.6;0;0;0;0;114;98;0;0;1789;123.38;0;0;0;0;0;0;0;0;0;0;0;0;0;0;0;0;26;0;39.0;39.0;2;0;0.00;0.00;0.00;0.0;0.0
173.348;181;870;41;35670;0.0;17.600;1.197;40;50;9;0;100;99;100;122;100;121;100;47;47;0;1.947;1.947;0.000;0.000;14.700;1.000;5.6;0.0;0;26;3.000;3.077;12.7;60;-8.3;0;0;0;0;114;98;0;0;1789;123.38;0;0;0;0;0;0;0;0;0;0;0;0;0;0;0;0;26;0;41.0;41.0;2;0;0.00;0.00;0.00;0.0;0.0
173.369;181;857;41;35137;0.0;17.500;1.190;40;50;9;0;100;99;100;122;100;121;100;47;47;0;1.947;1.947;0.000;0.000;14.700;1.000;5.6;0.0;0;26;3.000;2.553;12.7;60;-8.3;0;0;0;0;114;98;0;0;1789;125.25;0;0;0;0;0;0;0;0;0;0;0;0;0;0;0;0;26;0;41.0;41.0;2;0;0.00;0.00;0.00;0.0;0.0
173.434;181;855;42;35910;0.0;18.600;1.265;40;50;9;0;100;99;100;122;100;121;100;47;47;0;1.953;1.953;0.000;0.000;14.700;1.000;5.6;0.0;0;26;3.000;3.152;12.8;-130;-8.1;0;0;0;0;114;98;0;0;1789;125.54;0;0;0;0;0;0;0;0;0;0;0;0;0;0;0;0;26;0;42.0;42.0;2;0;0.00;0.00;0.00;0.0;0.0
173.499;181;840;42;35280;0.0;19.400;1.320;40;50;9;0;100;99;100;122;100;121;100;47;47;0;1.953;1.953;0.000;0.000;14.700;1.000;5.5;0.0;0;26;3.000;2.461;12.8;-90;-8.1;0;0;0;0;114;98;0;0;1789;127.79;0;0;0;0;0;0;0;0;0;0;0;0;0;0;0;0;26;0;42.0;42.0;2;0;0.00;0.00;0.00;0.0;0.0
173.566;181;815;43;35045;0.0;19.700;1.340;40;50;9;0;100;99;100;122;100;121;100;47;47;0;1.963;1.963;0.000;0.000;14.700;1.000;5.3;0.0;0;26;3.000;2.106;12.8;-90;-8.0;0;0;0;0;114;98;0;0;1789;131.71;0;0;0;0;0;0;0;0;0;0;0;0;0;0;0;0;26;0;43.0;43.0;2;0;0.00;0.00;0.00;0.0;0.0
173.634;181;800;43;34400;0.0;19.700;1.340;40;50;9;0;100;99;100;122;100;121;100;47;47;0;1.963;1.963;0.000;0.000;14.700;1.000;5.2;0.0;0;25;3.000;2.584;12.8;-330;-8.0;0;0;0;0;114;98;0;0;1789;134.18;0;0;0;0;0;0;0;0;0;0;0;0;0;0;0;0;25;0;43.0;43.0;2;0;0.00;0.00;0.00;0.0;0.0
173.700;182;785;44;34540;0.0;19.700;1.340;40;50;9;0;100;99;100;122;100;121;100;47;47;0;1.972;1.972;0.000;0.000;14.700;1.000;5.2;0.0;0;24;3.000;2.064;12.8;-300;-7.8;0;0;0;0;114;98;0;0;1759;134.45;0;0;0;0;0;0;0;0;0;0;0;0;0;0;0;0;24;0;44.0;44.0;2;0;0.00;0.00;0.00;0.0;0.0
173.767;182;798;44;35112;0.0;19.700;1.340;40;50;9;0;100;99;100;122;100;121;100;47;47;0;1.972;1.972;0.000;0.000;14.700;1.000;5.2;0.0;0;25;3.000;2.783;12.8;-300;-7.8;0;0;0;0;114;98;0;0;1759;132.26;0;0;0;0;0;0;0;0;0;0;0;0;0;0;0;0;25;0;44.0;44.0;2;0;0.00;0.00;0.00;0.0;0.0
173.838;182;780;44;34320;0.0;19.700;1.340;40;50;9;0;100;99;100;122;100;121;100;47;47;0;1.972;1.972;0.000;0.000;14.700;1.000;5.1;0.0;0;24;3.000;2.038;12.8;130;-7.8;0;0;0;0;114;98;0;0;1759;135.31;0;0;0;0;0;0;0;0;0;0;0;0;0;0;0;0;24;0;44.0;44.0;2;0;0.00;0.00;0.00;0.0;0.0
173.903;182;763;46;35098;0.0;19.700;1.340;40;50;9;0;100;99;100;122;100;121;100;47;47;0;2.001;2.001;0.000;0.000;14.700;1.000;5.1;0.0;0;24;3.000;2.262;12.8;-310;-7.5;0;0;0;0;114;98;0;0;1759;138.32;0;0;0;0;0;0;0;0;0;0;0;0;0;0;0;0;24;0;46.0;46.0;2;0;0.00;0.00;0.00;0.0;0.0
173.973;182;754;46;34684;0.0;19.700;1.340;40;50;9;0;100;99;100;122;100;121;100;47;47;0;2.037;2.037;0.000;0.000;14.700;1.000;5.1;0.0;0;24;3.000;2.466;12.5;-310;-7.5;0;0;0;0;114;98;0;0;1759;139.97;0;0;0;0;0;0;0;0;0;0;0;0;0;0;0;0;24;0;46.0;46.0;2;0;0.00;0.00;0.00;0.0;0.0
174.036;182;754;47;35438;0.0;19.700;1.340;40;50;9;0;100;99;100;122;100;121;100;48;48;0;2.057;2.057;0.000;0.000;14.600;0.993;5.2;0.0;0;24;3.000;1.796;12.5;-310;-7.4;0;0;0;0;114;98;0;0;1759;139.97;0;0;0;0;0;0;0;0;0;0;0;0;0;0;0;0;24;0;47.0;47.0;2;0;0.00;0.00;0.00;0.0;0.0
174.102;182;746;47;35062;0.0;19.700;1.340;40;50;9;0;100;99;100;122;100;121;100;49;49;0;2.075;2.075;0.000;0.000;14.700;1.000;5.2;0.0;0;23;3.000;2.620;12.5;110;-7.4;0;0;0;0;114;98;0;0;1759;141.47;0;0;0;0;0;0;0;0;0;0;0;0;0;0;0;0;23;0;47.0;47.0;2;0;0.00;0.00;0.00;0.0;0.0
174.168;182;745;47;35015;0.0;19.700;1.340;40;50;9;0;100;99;100;122;100;121;100;48;48;0;2.057;2.057;0.000;0.000;14.600;0.993;5.1;0.0;0;23;3.000;2.636;12.5;110;-7.4;0;0;0;0;114;98;0;0;1759;141.66;0;0;0;0;0;0;0;0;0;0;0;0;0;0;0;0;23;0;47.0;47.0;2;0;0.00;0.00;0.00;0.0;0.0
174.237;182;744;48;35712;0.0;19.700;1.340;40;50;9;0;100;99;100;122;100;121;100;49;49;0;2.074;2.074;0.000;0.000;14.500;0.986;5.1;0.0;0;23;3.000;2.528;12.6;-10;-7.3;0;0;0;0;114;98;0;0;1759;141.85;0;0;0;0;0;0;0;0;0;0;0;0;0;0;0;0;23;0;48.0;48.0;2;0;0.00;0.00;0.00;0.0;0.0
174.307;182;704;48;33792;0.0;19.700;1.340;40;50;9;0;100;99;100;122;100;121;100;49;49;0;2.074;2.074;0.000;0.000;14.600;0.993;4.9;0.0;0;22;3.000;1.811;12.6;-240;-7.3;0;0;0;0;114;98;0;0;1759;149.91;0;0;0;0;0;0;0;0;0;0;0;0;0;0;0;0;22;0;48.0;48.0;2;0;0.00;0.00;0.00;0.0;0.0
174.373;182;722;49;35378;0.0;19.700;1.340;40;50;9;0;100;99;100;122;100;121;100;50;50;0;2.104;2.104;0.000;0.000;14.400;0.980;5.1;0.0;0;23;3.000;3.645;12.6;-240;-7.1;0;0;0;0;114;98;0;0;1759;146.18;0;0;0;0;0;0;0;0;0;0;0;0;0;0;0;0;23;0;49.0;49.0;2;0;0.00;0.00;0.00;0.0;0.0
174.439;182;744;48;35712;0.0;19.700;1.340;40;50;9;0;100;99;100;122;100;121;100;49;49;0;2.074;2.074;0.000;0.000;14.500;0.986;5.1;0.0;0;23;3.000;3.057;12.6;20;-7.3;0;0;0;0;114;98;0;0;1759;141.85;0;0;0;0;0;0;0;0;0;0;0;0;0;0;0;0;23;0;48.0;48.0;2;0;0.00;0.00;0.00;0.0;0.0
174.504;182;755;48;36240;0.0;19.700;1.340;40;50;9;0;100;99;100;122;100;121;100;49;49;0;2.062;2.062;0.000;0.000;14.500;0.986;5.2;0.0;0;24;3.000;3.601;12.7;310;-7.3;0;0;0;0;114;98;0;0;1759;139.79;0;0;0;0;0;0;0;0;0;0;0;0;0;0;0;0;24;0;48.0;48.0;2;0;0.00;0.00;0.00;0.0;0.0
174.574;182;750;48;36000;0.0;19.700;1.340;40;50;9;0;100;99;100;122;100;121;100;49;49;0;2.062;2.062;0.000;0.000;14.500;0.986;5.2;0.0;0;24;3.000;2.443;12.7;310;-7.3;0;0;0;0;114;98;0;0;1759;140.72;0;0;0;0;0;0;0;0;0;0;0;0;0;0;0;0;24;0;48.0;48.0;2;0;0.00;0.00;0.00;0.0;0.0
174.639;182;741;48;35568;0.0;19.700;1.340;40;50;9;0;100;99;100;122;100;121;100;49;49;0;2.062;2.062;0.000;0.000;14.500;0.986;5.1;0.0;0;24;3.000;2.256;12.7;-130;-7.3;0;0;0;0;114;98;0;0;1759;142.43;0;0;0;0;0;0;0;0;0;0;0;0;0;0;0;0;24;0;48.0;48.0;2;0;0.00;0.00;0.00;0.0;0.0
174.705;183;756;47;35532;0.0;19.700;1.340;40;50;9;0;100;99;100;122;100;121;100;48;48;0;2.021;2.021;0.000;0.000;14.600;0.993;5.1;0.0;0;24;3.000;3.663;12.8;140;-7.4;0;0;0;0;114;98;0;0;1793;142.30;0;0;0;0;0;0;0;0;0;0;0;0;0;0;0;0;24;0;47.0;47.0;2;0;0.00;0.00;0.00;0.0;0.0
174.768;183;771;47;36237;0.0;19.700;1.340;40;50;9;0;100;99;100;122;100;121;100;49;49;0;2.039;2.039;0.000;0.000;14.700;1.000;5.2;0.0;0;24;3.000;3.526;12.8;140;-7.4;0;0;0;0;114;98;0;0;1793;139.53;0;0;0;0;0;0;0;0;0;0;0;0;0;0;0;0;24;0;47.0;47.0;2;0;0.00;0.00;0.00;0.0;0.0
174.834;183;760;47;35720;0.0;19.700;1.340;40;50;9;0;100;99;100;122;100;121;100;48;48;0;2.021;2.021;0.000;0.000;14.600;0.993;5.1;0.0;0;24;3.000;2.849;12.8;140;-7.4;0;0;0;0;114;98;0;0;1793;141.55;0;0;0;0;0;0;0;0;0;0;0;0;0;0;0;0;24;0;47.0;47.0;2;0;0.00;0.00;0.00;0.0;0.0
174.901;183;738;47;34686;0.0;19.700;1.340;40;50;9;0;100;99;100;122;100;121;100;48;48;0;2.021;2.021;0.000;0.000;14.600;0.993;5.0;0.0;0;23;3.000;1.590;12.8;-320;-7.4;0;0;0;0;114;98;0;0;1793;145.77;0;0;0;0;0;0;0;0;0;0;0;0;0;0;0;0;23;0;47.0;47.0;2;0;0.00;0.00;0.00;0.0;0.0
174.971;183;724;48;34752;0.0;19.700;1.340;40;50;9;0;100;99;100;122;100;121;100;49;49;0;2.050;2.050;0.000;0.000;14.500;0.986;4.9;0.0;0;23;3.000;2.635;12.8;-320;-7.3;0;0;0;0;114;98;0;0;1793;148.59;0;0;0;0;0;0;0;0;0;0;0;0;0;0;0;0;23;0;48.0;48.0;2;0;0.00;0.00;0.00;0.0;0.0
175.036;183;762;47;35814;0.0;19.700;1.340;40;50;9;0;100;99;100;122;100;121;100;48;48;0;2.021;2.021;0.000;0.000;14.600;0.993;5.1;0.0;0;24;3.000;4.253;12.8;150;-7.4;0;0;0;0;114;98;0;0;1793;141.18;0;0;0;0;0;0;0;0;0;0;0;0;0;0;0;0;24;0;47.0;47.0;2;0;0.00;0.00;0.00;0.0;0.0
175.105;183;742;47;34874;0.0;19.700;1.340;40;50;9;0;100;99;100;122;100;121;100;48;48;0;2.021;2.021;0.000;0.000;14.600;0.993;5.0;0.0;0;23;3.000;2.551;12.8;-10;-7.4;0;0;0;0;114;98;0;0;1793;144.99;0;0;0;0;0;0;0;0;0;0;0;0;0;0;0;0;23;0;47.0;47.0;2;0;0.00;0.00;0.00;0.0;0.0
175.171;183;750;48;36000;0.0;19.700;1.340;40;50;9;0;100;99;100;122;100;121;100;49;49;0;2.050;2.050;0.000;0.000;14.500;0.986;5.1;0.0;0;24;3.000;3.210;12.8;-10;-7.3;0;0;0;0;114;98;0;0;1793;143.44;0;0;0;0;0;0;0;0;0;0;0;0;0;0;0;0;24;0;48.0;48.0;2;0;0.00;0.00;0.00;0.0;0.0
175.236;183;747;47;35109;0.0;19.700;1.340;40;50;9;0;100;99;100;122;100;121;100;48;48;0;2.021;2.021;0.000;0.000;14.600;0.993;5.0;0.0;0;24;3.000;2.618;12.8;-60;-7.4;0;0;0;0;114;98;0;0;1793;144.02;0;0;0;0;0;0;0;0;0;0;0;0;0;0;0;0;24;0;47.0;47.0;2;0;0.00;0.00;0.00;0.0;0.0
175.301;183;753;47;35391;0.0;19.700;1.340;40;50;9;0;100;99;100;122;100;121;100;48;48;0;2.021;2.021;0.000;0.000;14.600;0.993;5.1;0.0;0;24;3.000;3.172;12.8;-60;-7.4;0;0;0;0;114;98;0;0;1793;142.87;0;0;0;0;0;0;0;0;0;0;0;0;0;0;0;0;24;0;47.0;47.0;2;0;0.00;0.00;0.00;0.0;0.0
175.367;183;773;47;36331;0.0;19.700;1.340;40;50;9;0;100;99;100;122;100;121;100;49;49;0;2.039;2.039;0.000;0.000;14.600;0.993;5.3;0.0;0;24;3.000;2.878;12.8;70;-7.4;0;0;0;0;114;98;0;0;1793;139.17;0;0;0;0;0;0;0;0;0;0;0;0;0;0;0;0;24;0;47.0;47.0;2;0;0.00;0.00;0.00;0.0;0.0
175.437;183;757;47;35579;0.0;19.700;1.340;40;50;9;0;100;99;100;122;100;121;100;48;48;0;2.021;2.021;0.000;0.000;14.600;0.993;5.1;0.0;0;24;3.000;2.406;12.8;100;-7.4;0;0;0;0;114;98;0;0;1793;142.11;0;0;0;0;0;0;0;0;0;0;0;0;0;0;0;0;24;0;47.0;47.0;2;0;0.00;0.00;0.00;0.0;0.0
175.501;183;766;46;35236;0.0;19.700;1.340;40;50;9;0;100;99;100;122;100;121;100;47;47;0;2.025;2.025;0.000;0.000;14.700;1.000;5.2;0.0;0;24;3.000;3.293;12.6;100;-7.5;0;0;0;0;114;98;0;0;1793;140.44;0;0;0;0;0;0;0;0;0;0;0;0;0;0;0;0;24;0;46.0;46.0;2;0;0.00;0.00;0.00;0.0;0.0
175.567;183;760;46;34960;0.0;19.700;1.340;40;50;9;0;100;99;100;122;100;121;100;47;47;0;2.025;2.025;0.000;0.000;14.700;1.000;5.1;0.0;0;24;3.000;2.713;12.6;30;-7.5;0;0;0;0;114;98;0;0;1793;141.55;0;0;0;0;0;0;0;0;0;0;0;0;0;0;0;0;24;0;46.0;46.0;2;0;0.00;0.00;0.00;0.0;0.0
175.634;183;761;47;35767;0.0;19.700;1.340;40;50;9;0;100;99;100;122;100;121;100;49;49;0;2.063;2.063;0.000;0.000;14.700;1.000;5.2;0.0;0;24;3.000;2.736;12.6;-80;-7.4;0;0;0;0;114;98;0;0;1793;141.37;0;0;0;0;0;0;0;0;0;0;0;0;0;0;0;0;24;0;47.0;47.0;2;0;0.00;0.00;0.00;0.0;0.0
175.698;183;765;46;35190;0.0;19.700;1.340;40;50;9;0;100;99;100;122;100;121;100;47;47;0;2.025;2.025;0.000;0.000;14.700;1.000;5.2;0.0;0;24;3.000;2.843;12.6;-80;-7.5;0;0;0;0;114;98;0;0;1793;140.63;0;0;0;0;0;0;0;0;0;0;0;0;0;0;0;0;24;0;46.0;46.0;2;0;0.00;0.00;0.00;0.0;0.0
175.764;184;751;47;35297;0.0;19.700;1.340;40;50;9;0;100;99;100;122;100;121;100;48;48;0;2.033;2.033;0.000;0.000;14.600;0.993;5.1;0.0;0;24;3.000;2.496;12.7;70;-7.4;0;0;0;0;114;98;0;0;1787;142.77;0;0;0;0;0;0;0;0;0;0;0;0;0;0;0;0;24;0;47.0;47.0;2;0;0.00;0.00;0.00;0.0;0.0
175.834;184;759;47;35673;0.0;19.700;1.340;40;50;9;0;100;99;100;122;100;121;100;48;48;0;2.033;2.033;0.000;0.000;14.600;0.993;5.1;0.0;0;24;3.000;2.886;12.7;-50;-7.4;0;0;0;0;114;98;0;0;1787;141.26;0;0;0;0;0;0;0;0;0;0;0;0;0;0;0;0;24;0;47.0;47.0;2;0;0.00;0.00;0.00;0.0;0.0
175.905;184;737;47;34639;0.0;19.700;1.340;40;50;9;0;100;99;100;122;100;121;100;48;48;0;2.033;2.033;0.000;0.000;14.600;0.993;5.0;0.0;0;23;3.000;2.001;12.7;-50;-7.4;0;0;0;0;114;98;0;0;1787;145.48;0;0;0;0;0;0;0;0;0;0;0;0;0;0;0;0;23;0;47.0;47.0;2;0;0.00;0.00;0.00;0.0;0.0
175.970;184;741;47;34827;0.0;19.700;1.340;40;50;9;0;100;99;100;122;100;121;100;48;48;0;2.021;2.021;0.000;0.000;14.600;0.993;5.0;0.0;0;23;3.000;2.808;12.8;-230;-7.4;0;0;0;0;114;98;0;0;1787;144.70;0;0;0;0;0;0;0;0;0;0;0;0;0;0;0;0;23;0;47.0;47.0;2;0;0.00;0.00;0.00;0.0;0.0
176.035;184;751;47;35297;0.0;19.700;1.340;40;50;9;0;100;99;100;122;100;121;100;48;48;0;2.021;2.021;0.000;0.000;14.600;0.993;5.1;0.0;0;24;3.000;2.935;12.8;130;-7.4;0;0;0;0;114;98;0;0;1787;142.77;0;0;0;0;0;0;0;0;0;0;0;0;0;0;0;0;24;0;47.0;47.0;2;0;0.00;0.00;0.00;0.0;0.0
176.105;184;762;48;36576;0.0;19.700;1.340;40;50;9;0;100;99;100;122;100;121;100;50;50;0;2.060;2.060;0.000;0.000;14.600;0.993;5.2;0.0;0;24;3.000;2.356;12.8;130;-7.3;0;0;0;0;114;98;0;0;1787;140.71;0;0;0;0;0;0;0;0;0;0;0;0;0;0;0;0;24;0;48.0;48.0;2;0;0.00;0.00;0.00;0.0;0.0
176.170;184;764;47;35908;0.0;19.700;1.340;40;50;9;0;100;99;100;122;100;121;100;48;48;0;2.021;2.021;0.000;0.000;14.600;0.993;5.1;0.0;0;24;3.000;3.112;12.8;120;-7.4;0;0;0;0;114;98;0;0;1787;140.34;0;0;0;0;0;0;0;0;0;0;0;0;0;0;0;0;24;0;47.0;47.0;2;0;0.00;0.00;0.00;0.0;0.0
176.235;184;759;47;35673;0.0;19.700;1.340;40;50;9;0;100;99;100;122;100;121;100;48;48;0;2.021;2.021;0.000;0.000;14.600;0.993;5.1;0.0;0;24;3.000;2.762;12.8;-30;-7.4;0;0;0;0;114;98;0;0;1787;141.26;0;0;0;0;0;0;0;0;0;0;0;0;0;0;0;0;24;0;47.0;47.0;2;0;0.00;0.00;0.00;0.0;0.0
176.300;184;768;47;36096;0.0;19.700;1.340;40;50;9;0;100;99;100;122;100;121;100;49;49;0;2.039;2.039;0.000;0.000;14.600;0.993;5.2;0.0;0;24;3.000;3.378;12.8;-30;-7.4;0;0;0;0;114;98;0;0;1787;139.61;0;0;0;0;0;0;0;0;0;0;0;0;0;0;0;0;24;0;47.0;47.0;2;0;0.00;0.00;0.00;0.0;0.0
176.365;184;759;47;35673;0.0;19.700;1.340;40;50;9;0;100;99;100;122;100;121;100;48;48;0;2.021;2.021;0.000;0.000;14.600;0.993;5.1;0.0;0;24;3.000;2.426;12.8;90;-7.4;0;0;0;0;114;98;0;0;1787;141.26;0;0;0;0;0;0;0;0;0;0;0;0;0;0;0;0;24;0;47.0;47.0;2;0;0.00;0.00;0.00;0.0;0.0
176.432;184;771;47;36237;0.0;19.700;1.340;40;50;9;0;100;99;100;122;100;121;100;49;49;0;2.039;2.039;0.000;0.000;14.700;1.000;5.2;0.0;0;24;3.000;3.142;12.8;30;-7.4;0;0;0;0;114;98;0;0;1787;139.07;0;0;0;0;0;0;0;0;0;0;0;0;0;0;0;0;24;0;47.0;47.0;2;0;0.00;0.00;0.00;0.0;0.0
176.501;184;760;46;34960;0.0;19.700;1.340;40;50;9;0;100;99;100;122;100;121;100;47;47;0;2.001;2.001;0.000;0.000;14.700;1.000;5.1;0.0;0;24;3.000;2.903;12.8;30;-7.5;0;0;0;0;114;98;0;0;1787;141.08;0;0;0;0;0;0;0;0;0;0;0;0;0;0;0;0;24;0;46.0;46.0;2;0;0.00;0.00;0.00;0.0;0.0
176.567;184;761;47;35767;0.0;19.700;1.340;40;50;9;0;100;99;100;122;100;121;100;49;49;0;2.039;2.039;0.000;0.000;14.700;1.000;5.2;0.0;0;24;3.000;1.834;12.8;-110;-7.4;0;0;0;0;114;98;0;0;1787;140.89;0;0;0;0;0;0;0;0;0;0;0;0;0;0;0;0;24;0;47.0;47.0;2;0;0.00;0.00;0.00;0.0;0.0
176.637;184;775;47;36425;0.0;19.700;1.340;40;50;9;0;100;99;100;122;100;121;100;49;49;0;2.039;2.039;0.000;0.000;14.600;0.993;5.3;0.0;0;24;3.000;3.582;12.8;150;-7.4;0;0;0;0;114;98;0;0;1787;138.35;0;0;0;0;0;0;0;0;0;0;0;0;0;0;0;0;24;0;47.0;47.0;2;0;0.00;0.00;0.00;0.0;0.0
176.702;184;768;46;35328;0.0;19.700;1.340;40;50;9;0;100;99;100;122;100;121;100;48;48;0;2.011;2.011;0.000;0.000;14.700;1.000;5.1;0.0;0;24;3.000;3.085;12.8;150;-7.5;0;0;0;0;114;98;0;0;1787;139.61;0;0;0;0;0;0;0;0;0;0;0;0;0;0;0;0;24;0;46.0;46.0;2;0;0.00;0.00;0.00;0.0;0.0
176.768;185;784;46;36064;0.0;19.700;1.340;40;50;9;0;100;99;100;122;100;121;100;48;48;0;2.011;2.011;0.000;0.000;14.700;1.000;5.3;0.0;0;24;3.000;3.280;12.8;40;-7.5;0;0;0;0;114;98;0;0;1789;136.91;0;0;0;0;0;0;0;0;0;0;0;0;0;0;0;0;24;0;46.0;46.0;2;0;0.00;0.00;0.00;0.0;0.0
176.838;185;778;46;35788;0.0;19.700;1.340;40;50;9;0;100;99;100;122;100;121;100;48;48;0;2.011;2.011;0.000;0.000;14.700;1.000;5.2;0.0;0;24;3.000;2.718;12.8;-10;-7.5;0;0;0;0;114;98;0;0;1789;137.97;0;0;0;0;0;0;0;0;0;0;0;0;0;0;0;0;24;0;46.0;46.0;2;0;0.00;0.00;0.00;0.0;0.0
176.903;185;771;46;35466;0.0;19.700;1.340;40;50;9;0;100;99;100;122;100;121;100;48;48;0;2.011;2.011;0.000;0.000;14.700;1.000;5.2;0.0;0;24;3.000;3.092;12.8;-10;-7.5;0;0;0;0;114;98;0;0;1789;139.22;0;0;0;0;0;0;0;0;0;0;0;0;0;0;0;0;24;0;46.0;46.0;2;0;0.00;0.00;0.00;0.0;0.0
176.968;185;776;46;35696;0.0;19.700;1.340;40;50;9;0;100;99;100;122;100;121;100;48;48;0;2.011;2.011;0.000;0.000;14.700;1.000;5.2;0.0;0;24;3.000;3.084;12.8;0;-7.5;0;0;0;0;114;98;0;0;1789;138.32;0;0;0;0;0;0;0;0;0;0;0;0;0;0;0;0;24;0;46.0;46.0;2;0;0.00;0.00;0.00;0.0;0.0
177.035;185;773;46;35558;0.0;19.700;1.340;40;50;9;0;100;99;100;122;100;121;100;48;48;0;2.011;2.011;0.000;0.000;14.700;1.000;5.2;0.0;0;24;3.000;2.290;12.8;-190;-7.5;0;0;0;0;114;98;0;0;1789;138.86;0;0;0;0;0;0;0;0;0;0;0;0;0;0;0;0;24;0;46.0;46.0;2;0;0.00;0.00;0.00;0.0;0.0
177.104;185;782;46;35972;0.0;19.700;1.340;40;50;9;0;100;99;100;122;100;121;100;48;48;0;2.011;2.011;0.000;0.000;14.700;1.000;5.2;0.0;0;24;3.000;3.255;12.8;-190;-7.5;0;0;0;0;114;98;0;0;1789;137.26;0;0;0;0;0;0;0;0;0;0;0;0;0;0;0;0;24;0;46.0;46.0;2;0;0.00;0.00;0.00;0.0;0.0
177.169;185;783;45;35235;0.0;19.700;1.340;40;50;9;0;100;99;100;122;100;121;100;47;47;0;1.992;1.992;0.000;0.000;14.700;1.000;5.2;0.0;0;24;3.000;2.574;12.8;320;-7.7;0;0;0;0;114;98;0;0;1789;137.09;0;0;0;0;0;0;0;0;0;0;0;0;0;0;0;0;24;0;45.0;45.0;2;0;0.00;0.00;0.00;0.0;0.0
177.236;185;773;46;35558;0.0;19.700;1.340;40;50;9;0;100;99;100;122;100;121;100;48;48;0;2.011;2.011;0.000;0.000;14.700;1.000;5.2;0.0;0;24;3.000;2.593;12.8;-180;-7.5;0;0;0;0;114;98;0;0;1789;138.86;0;0;0;0;0;0;0;0;0;0;0;0;0;0;0;0;24;0;46.0;46.0;2;0;0.00;0.00;0.00;0.0;0.0
177.304;185;770;46;35420;0.0;19.700;1.340;40;50;9;0;100;99;100;122;100;121;100;48;48;0;2.011;2.011;0.000;0.000;14.700;1.000;5.2;0.0;0;24;3.000;2.790;12.8;-180;-7.5;0;0;0;0;114;98;0;0;1789;139.40;0;0;0;0;0;0;0;0;0;0;0;0;0;0;0;0;24;0;46.0;46.0;2;0;0.00;0.00;0.00;0.0;0.0
177.370;185;776;46;35696;0.0;19.700;1.340;40;50;9;0;100;99;100;122;100;121;100;48;48;0;2.011;2.011;0.000;0.000;14.700;1.000;5.2;0.0;0;24;3.000;3.379;12.8;-140;-7.5;0;0;0;0;114;98;0;0;1789;138.32;0;0;0;0;0;0;0;0;0;0;0;0;0;0;0;0;24;0;46.0;46.0;2;0;0.00;0.00;0.00;0.0;0.0
177.435;185;756;46;34776;0.0;19.700;1.340;40;50;9;0;100;99;100;122;100;121;100;47;47;0;2.001;2.001;0.000;0.000;14.700;1.000;5.0;0.0;0;24;3.000;2.821;12.8;-140;-7.5;0;0;0;0;114;98;0;0;1789;141.98;0;0;0;0;0;0;0;0;0;0;0;0;0;0;0;0;24;0;46.0;46.0;2;0;0.00;0.00;0.00;0.0;0.0
177.502;185;741;47;34827;0.0;19.700;1.340;40;50;9;0;100;99;100;122;100;121;100;48;48;0;2.009;2.009;0.000;0.000;14.600;0.993;5.0;0.0;0;23;3.000;1.950;12.9;-30;-7.4;0;0;0;0;114;98;0;0;1789;144.86;0;0;0;0;0;0;0;0;0;0;0;0;0;0;0;0;23;0;47.0;47.0;2;0;0.00;0.00;0.00;0.0;0.0
177.565;185;743;47;34921;0.0;19.700;1.340;40;50;9;0;100;99;100;122;100;121;100;48;48;0;2.009;2.009;0.000;0.000;14.600;0.993;5.0;0.0;0;23;3.000;2.670;12.9;-110;-7.4;0;0;0;0;114;98;0;0;1789;144.47;0;0;0;0;0;0;0;0;0;0;0;0;0;0;0;0;23;0;47.0;47.0;2;0;0.00;0.00;0.00;0.0;0.0
177.631;185;766;47;36002;0.0;19.700;1.340;40;50;9;0;100;99;100;122;100;121;100;48;48;0;2.009;2.009;0.000;0.000;14.600;0.993;5.1;0.0;0;24;3.000;3.593;12.9;-110;-7.4;0;0;0;0;114;98;0;0;1789;140.13;0;0;0;0;0;0;0;0;0;0;0;0;0;0;0;0;24;0;47.0;47.0;2;0;0.00;0.00;0.00;0.0;0.0
177.703;185;742;47;34874;0.0;19.700;1.340;40;50;9;0;100;99;100;122;100;121;100;48;48;0;2.009;2.009;0.000;0.000;14.600;0.993;5.0;0.0;0;23;3.000;2.717;12.9;210;-7.4;0;0;0;0;114;98;0;0;1789;144.66;0;0;0;0;0;0;0;0;0;0;0;0;0;0;0;0;23;0;47.0;47.0;2;0;0.00;0.00;0.00;0.0;0.0
177.772;186;728;47;34216;0.0;19.700;1.340;40;50;9;0;100;99;100;122;100;121;100;48;48;0;2.021;2.021;0.000;0.000;14.600;0.993;4.9;0.0;0;23;3.000;2.055;12.8;-240;-7.4;0;0;0;0;114;98;0;0;1795;147.94;0;0;0;0;0;0;0;0;0;0;0;0;0;0;0;0;23;0;47.0;47.0;2;0;0.00;0.00;0.00;0.0;0.0
177.837;186;743;48;35664;0.0;19.700;1.340;40;50;9;0;100;99;100;122;100;121;100;50;50;0;2.060;2.060;0.000;0.000;14.600;0.993;5.1;0.0;0;23;3.000;2.465;12.8;-240;-7.3;0;0;0;0;114;98;0;0;1795;144.95;0;0;0;0;0;0;0;0;0;0;0;0;0;0;0;0;23;0;48.0;48.0;2;0;0.00;0.00;0.00;0.0;0.0
177.902;186;736;48;35328;0.0;19.700;1.340;40;50;9;0;100;99;100;122;100;121;100;49;49;0;2.050;2.050;0.000;0.000;14.500;0.986;5.0;0.0;0;23;3.000;2.680;12.8;10;-7.3;0;0;0;0;114;98;0;0;1795;146.33;0;0;0;0;0;0;0;0;0;0;0;0;0;0;0;0;23;0;48.0;48.0;2;0;0.00;0.00;0.00;0.0;0.0
177.969;186;728;48;34944;0.0;19.700;1.340;40;50;9;0;100;99;100;122;100;121;100;49;49;0;2.050;2.050;0.000;0.000;14.600;0.993;5.0;0.0;0;23;3.000;2.446;12.8;-90;-7.3;0;0;0;0;114;98;0;0;1795;147.94;0;0;0;0;0;0;0;0;0;0;0;0;0;0;0;0;23;0;48.0;48.0;2;0;0.00;0.00;0.00;0.0;0.0
178.038;186;744;48;35712;0.0;19.700;1.340;40;50;9;0;100;99;100;122;100;121;100;49;49;0;2.050;2.050;0.000;0.000;14.500;0.986;5.1;0.0;0;23;3.000;3.005;12.8;-90;-7.3;0;0;0;0;114;98;0;0;1795;144.76;0;0;0;0;0;0;0;0;0;0;0;0;0;0;0;0;23;0;48.0;48.0;2;0;0.00;0.00;0.00;0.0;0.0
178.103;186;729;48;34992;0.0;19.700;1.340;40;50;9;0;100;99;100;122;100;121;100;49;49;0;2.050;2.050;0.000;0.000;14.600;0.993;5.0;0.0;0;23;3.000;2.225;12.8;100;-7.3;0;0;0;0;114;98;0;0;1795;147.74;0;0;0;0;0;0;0;0;0;0;0;0;0;0;0;0;23;0;48.0;48.0;2;0;0.00;0.00;0.00;0.0;0.0
178.169;186;730;49;35770;0.0;19.700;1.340;40;50;9;0;100;99;100;122;100;121;100;50;50;0;2.080;2.080;0.000;0.000;14.500;0.986;5.1;0.0;0;23;3.000;2.192;12.8;-300;-7.1;0;0;0;0;114;98;0;0;1795;147.53;0;0;0;0;0;0;0;0;0;0;0;0;0;0;0;0;23;0;49.0;49.0;2;0;0.00;0.00;0.00;0.0;0.0
178.235;186;744;48;35712;0.0;19.700;1.340;40;50;9;0;100;99;100;122;100;121;100;49;49;0;2.050;2.050;0.000;0.000;14.500;0.986;5.1;0.0;0;23;3.000;3.211;12.8;-300;-7.3;0;0;0;0;114;98;0;0;1795;144.76;0;0;0;0;0;0;0;0;0;0;0;0;0;0;0;0;23;0;48.0;48.0;2;0;0.00;0.00;0.00;0.0;0.0
178.303;186;751;48;36048;0.0;19.700;1.340;40;50;9;0;100;99;100;122;100;121;100;50;50;0;2.060;2.060;0.000;0.000;14.600;0.993;5.2;0.0;0;24;3.000;3.526;12.8;300;-7.3;0;0;0;0;114;98;0;0;1795;143.41;0;0;0;0;0;0;0;0;0;0;0;0;0;0;0;0;24;0;48.0;48.0;2;0;0.00;0.00;0.00;0.0;0.0
178.369;186;753;48;36144;0.0;19.700;1.340;40;50;9;0;100;99;100;122;100;121;100;50;50;0;2.060;2.060;0.000;0.000;14.600;0.993;5.2;0.0;0;24;3.000;3.025;12.8;90;-7.3;0;0;0;0;114;98;0;0;1795;143.03;0;0;0;0;0;0;0;0;0;0;0;0;0;0;0;0;24;0;48.0;48.0;2;0;0.00;0.00;0.00;0.0;0.0
178.438;186;768;47;36096;0.0;19.700;1.340;40;50;9;0;100;99;100;122;100;121;100;49;49;0;2.039;2.039;0.000;0.000;14.600;0.993;5.2;0.0;0;24;3.000;3.331;12.8;90;-7.4;0;0;0;0;114;98;0;0;1795;140.23;0;0;0;0;0;0;0;0;0;0;0;0;0;0;0;0;24;0;47.0;47.0;2;0;0.00;0.00;0.00;0.0;0.0
178.504;186;791;46;36386;0.0;19.700;1.340;40;50;9;0;100;99;100;122;100;121;100;48;48;0;2.035;2.035;0.000;0.000;14.700;1.000;5.4;0.0;0;24;3.000;3.784;12.6;150;-7.5;0;0;0;0;114;98;0;0;1795;136.16;0;0;0;0;0;0;0;0;0;0;0;0;0;0;0;0;24;0;46.0;46.0;2;0;0.00;0.00;0.00;0.0;0.0
178.574;186;803;46;36938;0.0;19.700;1.340;40;50;9;0;100;99;100;122;100;121;100;48;48;0;2.035;2.035;0.000;0.000;14.700;1.000;5.4;0.0;0;25;3.000;2.969;12.6;350;-7.5;0;0;0;0;114;98;0;0;1795;134.12;0;0;0;0;0;0;0;0;0;0;0;0;0;0;0;0;25;0;46.0;46.0;2;0;0.00;0.00;0.00;0.0;0.0
178.640;186;802;45;36090;0.0;19.700;1.340;40;50;9;0;100;99;100;122;100;121;100;48;48;0;2.025;2.025;0.000;0.000;14.700;1.000;5.4;0.0;0;25;3.000;2.835;12.6;350;-7.7;0;0;0;0;114;98;0;0;1795;134.29;0;0;0;0;0;0;0;0;0;0;0;0;0;0;0;0;25;0;45.0;45.0;2;0;0.00;0.00;0.00;0.0;0.0
178.705;186;818;44;35992;0.0;19.700;1.340;40;50;9;0;100;99;100;122;100;121;100;47;47;0;1.996;1.996;0.000;0.000;14.700;1.000;5.4;0.0;0;25;3.000;3.333;12.6;-10;-7.8;0;0;0;0;114;98;0;0;1795;131.66;0;0;0;0;0;0;0;0;0;0;0;0;0;0;0;0;25;0;44.0;44.0;2;0;0.00;0.00;0.00;0.0;0.0
178.771;187;837;44;36828;0.0;19.700;1.340;40;50;9;0;100;99;100;122;100;121;100;48;48;0;1.994;1.994;0.000;0.000;14.700;1.000;5.6;0.0;0;26;3.000;2.935;12.7;140;-7.8;0;0;0;0;114;98;0;0;1793;128.53;0;0;0;0;0;0;0;0;0;0;0;0;0;0;0;0;26;0;44.0;44.0;2;0;0.00;0.00;0.00;0.0;0.0
178.837;187;844;43;36292;0.0;19.700;1.340;40;50;9;0;100;99;100;122;100;121;100;47;47;0;1.975;1.975;0.000;0.000;14.700;1.000;5.6;0.0;0;26;3.000;3.102;12.7;140;-8.0;0;0;0;0;114;98;0;0;1793;127.46;0;0;0;0;0;0;0;0;0;0;0;0;0;0;0;0;26;0;43.0;43.0;2;0;0.00;0.00;0.00;0.0;0.0
178.905;187;836;43;35948;0.0;19.700;1.340;40;50;9;0;100;99;100;122;100;121;100;47;47;0;1.975;1.975;0.000;0.000;14.700;1.000;5.5;0.0;0;26;3.000;2.569;12.7;250;-8.0;0;0;0;0;114;98;0;0;1793;128.68;0;0;0;0;0;0;0;0;0;0;0;0;0;0;0;0;26;0;43.0;43.0;2;0;0.00;0.00;0.00;0.0;0.0
178.971;187;840;43;36120;0.0;19.700;1.340;40;50;9;0;100;99;100;122;100;121;100;48;48;0;1.984;1.984;0.000;0.000;14.700;1.000;5.6;0.0;0;26;3.000;2.822;12.7;-10;-8.0;0;0;0;0;114;98;0;0;1793;128.07;0;0;0;0;0;0;0;0;0;0;0;0;0;0;0;0;26;0;43.0;43.0;2;0;0.00;0.00;0.00;0.0;0.0
179.036;187;839;42;35238;0.0;19.700;1.340;40;50;9;0;100;99;100;122;100;121;100;47;47;0;1.989;1.989;0.000;0.000;14.700;1.000;5.6;0.0;0;26;3.000;2.719;12.5;-10;-8.1;0;0;0;0;114;98;0;0;1793;128.22;0;0;0;0;0;0;0;0;0;0;0;0;0;0;0;0;26;0;42.0;42.0;2;0;0.00;0.00;0.00;0.0;0.0
179.102;187;854;42;35868;0.0;19.700;1.340;40;50;9;0;100;99;100;122;100;121;100;47;47;0;1.989;1.989;0.000;0.000;14.700;1.000;5.7;0.0;0;26;3.000;2.714;12.5;170;-8.1;0;0;0;0;114;98;0;0;1793;125.97;0;0;0;0;0;0;0;0;0;0;0;0;0;0;0;0;26;0;42.0;42.0;2;0;0.00;0.00;0.00;0.0;0.0
179.172;187;847;42;35574;0.0;19.700;1.340;40;50;9;0;100;99;100;122;100;121;100;47;47;0;1.989;1.989;0.000;0.000;14.700;1.000;5.6;0.0;0;26;3.000;2.676;12.5;-100;-8.1;0;0;0;0;114;98;0;0;1793;127.01;0;0;0;0;0;0;0;0;0;0;0;0;0;0;0;0;26;0;42.0;42.0;2;0;0.00;0.00;0.00;0.0;0.0
179.237;187;857;42;35994;0.0;19.700;1.340;40;50;9;0;100;99;100;122;100;121;100;47;47;0;1.989;1.989;0.000;0.000;14.700;1.000;5.7;0.0;0;26;3.000;3.120;12.5;-100;-8.1;0;0;0;0;114;98;0;0;1793;125.53;0;0;0;0;0;0;0;0;0;0;0;0;0;0;0;0;26;0;42.0;42.0;2;0;0.00;0.00;0.00;0.0;0.0
179.303;187;848;42;35616;0.0;19.700;1.340;40;50;9;0;100;99;100;122;100;121;100;47;47;0;1.977;1.977;0.000;0.000;14.700;1.000;5.6;0.0;0;26;3.000;2.632;12.6;80;-8.1;0;0;0;0;114;98;0;0;1793;126.86;0;0;0;0;0;0;0;0;0;0;0;0;0;0;0;0;26;0;42.0;42.0;2;0;0.00;0.00;0.00;0.0;0.0
179.373;187;867;42;36414;0.0;19.700;1.340;40;50;9;0;100;99;100;122;100;121;100;47;47;0;1.977;1.977;0.000;0.000;14.700;1.000;5.7;0.0;0;26;3.000;3.155;12.6;120;-8.1;0;0;0;0;114;98;0;0;1793;124.08;0;0;0;0;0;0;0;0;0;0;0;0;0;0;0;0;26;0;42.0;42.0;2;0;0.00;0.00;0.00;0.0;0.0
179.373;187;847;42;35574;0.0;19.700;1.340;40;50;9;0;100;99;100;122;100;121;100;47;47;0;1.977;1.977;0.000;0.000;14.700;1.000;5.6;0.0;0;26;3.000;2.505;12.6;120;-8.1;0;0;0;0;114;98;0;0;1793;127.01;0;0;0;0;0;0;0;0;0;0;0;0;0;0;0;0;26;0;42.0;42.0;2;0;0.00;0.00;0.00;0.0;0.0
179.504;187;868;42;36456;0.0;18.100;1.231;40;50;9;0;100;99;100;122;100;121;100;47;47;0;1.977;1.977;0.000;0.000;14.700;1.000;5.7;0.0;0;26;3.000;3.520;12.6;-200;-8.1;0;0;0;0;114;98;0;0;1793;123.94;0;0;0;0;0;0;0;0;0;0;0;0;0;0;0;0;26;0;42.0;42.0;2;0;0.00;0.00;0.00;0.0;0.0
179.569;187;872;41;35752;0.0;19.100;1.299;40;50;9;0;100;99;100;122;100;121;100;47;47;0;1.947;1.947;0.000;0.000;14.700;1.000;5.7;0.0;0;26;3.000;2.861;12.7;250;-8.3;0;0;0;0;114;98;0;0;1793;123.37;0;0;0;0;0;0;0;0;0;0;0;0;0;0;0;0;26;0;41.0;41.0;2;0;0.00;0.00;0.00;0.0;0.0
179.639;187;879;42;36918;0.0;19.700;1.340;40;50;9;0;100;99;100;122;100;121;100;47;47;0;1.965;1.965;0.000;0.000;14.700;1.000;5.8;0.0;0;27;3.000;3.454;12.7;250;-8.1;0;0;0;0;114;98;0;0;1793;122.39;0;0;0;0;0;0;0;0;0;0;0;0;0;0;0;0;27;0;42.0;42.0;2;0;0.00;0.00;0.00;0.0;0.0
179.705;187;878;41;35998;0.0;19.100;1.299;40;50;9;0;100;99;100;122;100;121;100;47;47;0;1.947;1.947;0.000;0.000;14.700;1.000;5.7;0.0;0;27;3.000;2.668;12.7;130;-8.3;0;0;0;0;114;98;0;0;1793;122.53;0;0;0;0;0;0;0;0;0;0;0;0;0;0;0;0;27;0;41.0;41.0;2;0;0.00;0.00;0.00;0.0;0.0
179.770;187;873;41;35793;0.0;18.900;1.286;40;50;9;0;100;99;100;122;100;121;100;47;47;0;1.947;1.947;0.000;0.000;14.700;1.000;5.7;0.0;0;26;3.000;3.015;12.7;130;-8.3;0;0;0;0;114;98;0;0;1793;123.23;0;0;0;0;0;0;0;0;0;0;0;0;0;0;0;0;26;0;41.0;41.0;2;0;0.00;0.00;0.00;0.0;0.0
179.770;188;858;41;35178;0.0;19.600;1.333;40;50;9;0;100;99;100;122;100;121;100;47;47;0;1.959;1.959;0.000;0.000;14.700;1.000;5.6;0.0;0;26;3.000;2.585;12.6;-120;-8.3;0;0;0;0;114;98;0;0;1787;124.97;0;0;0;0;0;0;0;0;0;0;0;0;0;0;0;0;26;0;41.0;41.0;2;0;0.00;0.00;0.00;0.0;0.0
179.905;188;862;42;36204;0.0;19.700;1.340;40;50;9;0;100;99;100;122;100;121;100;47;47;0;1.977;1.977;0.000;0.000;14.700;1.000;5.7;0.0;0;26;3.000;3.075;12.6;-240;-8.1;0;0;0;0;114;98;0;0;1787;124.39;0;0;0;0;0;0;0;0;0;0;0;0;0;0;0;0;26;0;42.0;42.0;2;0;0.00;0.00;0.00;0.0;0.0
179.971;188;847;42;35574;0.0;19.700;1.340;40;50;9;0;100;99;100;122;100;121;100;47;47;0;1.977;1.977;0.000;0.000;14.700;1.000;5.6;0.0;0;26;3.000;2.388;12.6;-240;-8.1;0;0;0;0;114;98;0;0;1787;126.59;0;0;0;0;0;0;0;0;0;0;0;0;0;0;0;0;26;0;42.0;42.0;2;0;0.00;0.00;0.00;0.0;0.0
180.040;188;849;42;35658;0.0;19.700;1.340;40;50;9;0;100;99;100;122;100;121;100;47;47;0;1.977;1.977;0.000;0.000;14.700;1.000;5.6;0.0;0;26;3.000;2.483;12.6;-20;-8.1;0;0;0;0;114;98;0;0;1787;126.29;0;0;0;0;0;0;0;0;0;0;0;0;0;0;0;0;26;0;42.0;42.0;2;0;0.00;0.00;0.00;0.0;0.0
180.105;188;851;42;35742;0.0;19.700;1.340;40;50;9;0;100;99;100;122;100;121;100;47;47;0;1.977;1.977;0.000;0.000;14.700;1.000;5.6;0.0;0;26;3.000;2.840;12.6;10;-8.1;0;0;0;0;114;98;0;0;1787;125.99;0;0;0;0;0;0;0;0;0;0;0;0;0;0;0;0;26;0;42.0;42.0;2;0;0.00;0.00;0.00;0.0;0.0
180.175;188;832;42;34944;0.0;19.700;1.340;40;50;9;0;100;99;100;122;100;121;100;47;47;0;1.977;1.977;0.000;0.000;14.700;1.000;5.5;0.0;0;25;3.000;2.496;12.6;10;-8.1;0;0;0;0;114;98;0;0;1787;128.87;0;0;0;0;0;0;0;0;0;0;0;0;0;0;0;0;25;0;42.0;42.0;2;0;0.00;0.00;0.00;0.0;0.0
180.241;188;821;43;35303;0.0;19.700;1.340;40;50;9;0;100;99;100;122;100;121;100;47;47;0;1.987;1.987;0.000;0.000;14.700;1.000;5.4;0.0;0;25;3.000;2.410;12.6;-160;-8.0;0;0;0;0;114;98;0;0;1787;130.60;0;0;0;0;0;0;0;0;0;0;0;0;0;0;0;0;25;0;43.0;43.0;2;0;0.00;0.00;0.00;0.0;0.0
180.307;188;799;43;34357;0.0;19.700;1.340;40;50;9;0;100;99;100;122;100;121;100;47;47;0;1.975;1.975;0.000;0.000;14.700;1.000;5.3;0.0;0;25;3.000;2.388;12.7;-330;-8.0;0;0;0;0;114;98;0;0;1787;134.19;0;0;0;0;0;0;0;0;0;0;0;0;0;0;0;0;25;0;43.0;43.0;2;0;0.00;0.00;0.00;0.0;0.0
180.372;188;781;44;34364;0.0;19.700;1.340;40;50;9;0;100;99;100;122;100;121;100;47;47;0;1.984;1.984;0.000;0.000;14.700;1.000;5.2;0.0;0;24;3.000;2.603;12.7;-330;-7.8;0;0;0;0;114;98;0;0;1787;137.29;0;0;0;0;0;0;0;0;0;0;0;0;0;0;0;0;24;0;44.0;44.0;2;0;0.00;0.00;0.00;0.0;0.0
180.438;188;778;45;35010;0.0;19.700;1.340;40;50;9;0;100;99;100;122;100;121;100;47;47;0;2.004;2.004;0.000;0.000;14.700;1.000;5.2;0.0;0;24;3.000;2.885;12.7;-180;-7.7;0;0;0;0;114;98;0;0;1787;137.81;0;0;0;0;0;0;0;0;0;0;0;0;0;0;0;0;24;0;45.0;45.0;2;0;0.00;0.00;0.00;0.0;0.0
180.507;188;769;46;35374;0.0;19.700;1.340;40;50;9;0;100;99;100;122;100;121;100;48;48;0;2.023;2.023;0.000;0.000;14.700;1.000;5.2;0.0;0;24;3.000;2.560;12.7;-120;-7.5;0;0;0;0;114;98;0;0;1787;139.43;0;0;0;0;0;0;0;0;0;0;0;0;0;0;0;0;24;0;46.0;46.0;2;0;0.00;0.00;0.00;0.0;0.0
180.573;188;746;43;32078;0.0;19.700;1.340;40;51;9;0;100;99;100;122;100;121;100;46;46;0;1.954;1.954;0.000;0.000;14.700;1.000;4.9;0.0;0;24;3.000;2.213;12.8;-120;-8.0;0;0;0;0;114;98;0;0;1787;143.73;0;0;0;0;0;0;0;0;0;0;0;0;0;0;0;0;24;0;43.0;43.0;2;0;0.00;0.00;0.00;0.0;0.0
180.638;188;732;48;35136;0.0;19.700;1.340;40;51;9;0;100;99;100;122;100;121;100;49;49;0;2.050;2.050;0.000;0.000;14.500;0.986;5.0;0.0;0;23;3.000;1.728;12.8;-230;-7.3;0;0;0;0;117;98;0;0;1787;146.48;0;0;0;0;0;0;0;0;0;0;0;0;0;0;0;0;23;0;48.0;48.0;2;0;0.00;0.00;0.00;0.0;0.0
180.704;188;722;48;34656;0.0;19.700;1.340;40;51;9;0;100;99;100;122;100;121;100;49;49;0;2.050;2.050;0.000;0.000;14.500;0.986;4.9;0.0;0;23;3.000;2.430;12.8;-240;-7.3;0;0;0;0;117;98;0;0;1787;148.50;0;0;0;0;0;0;0;0;0;0;0;0;0;0;0;0;23;0;48.0;48.0;2;0;0.00;0.00;0.00;0.0;0.0
180.769;188;686;49;33614;0.0;19.700;1.340;40;51;9;0;100;99;100;122;100;121;100;50;50;0;2.080;2.080;0.000;0.000;14.500;0.986;4.8;0.0;0;22;3.000;1.764;12.8;-240;-7.1;0;0;0;0;117;98;0;0;1787;156.30;0;0;0;0;0;0;0;0;0;0;0;0;0;0;0;0;22;0;49.0;49.0;2;0;0.00;0.00;0.00;0.0;0.0
180.839;189;670;50;33500;0.0;19.700;1.340;40;51;9;0;100;99;100;122;100;121;100;50;50;0;2.090;2.090;0.000;0.000;14.300;0.973;4.7;0.0;0;22;3.000;1.794;12.8;-360;-7.0;0;0;0;0;117;98;0;0;1787;160.03;0;0;0;0;0;0;0;0;0;0;0;0;0;0;0;0;22;0;50.0;50.0;2;0;0.00;0.00;0.00;0.0;0.0
180.905;189;656;51;33456;0.0;19.700;1.340;40;51;9;0;100;99;100;122;100;121;100;50;50;0;2.099;2.099;0.000;0.000;14.200;0.966;4.6;0.0;0;21;3.000;2.738;12.8;-170;-6.8;0;0;0;0;117;98;0;0;1787;163.45;0;0;0;0;0;0;0;0;0;0;0;0;0;0;0;0;21;0;51.0;51.0;2;0;0.00;0.00;0.00;0.0;0.0
180.970;189;635;52;33020;0.0;19.700;1.340;40;51;9;0;100;99;100;122;100;121;100;51;51;0;2.131;2.131;0.000;0.000;14.200;0.966;4.5;0.0;0;21;3.000;1.533;12.8;-170;-6.7;0;0;0;0;117;98;0;0;1787;168.85;0;0;0;0;0;0;0;0;0;0;0;0;0;0;0;0;21;0;52.0;52.0;2;0;0.00;0.00;0.00;0.0;0.0
180.970;189;658;52;34216;0.0;19.700;1.340;40;51;9;0;100;99;100;122;100;121;100;51;51;0;2.131;2.131;0.000;0.000;14.200;0.966;4.7;0.0;0;21;3.000;3.898;12.8;-130;-6.7;0;0;0;0;117;98;0;0;1787;162.95;0;0;0;0;0;0;0;0;0;0;0;0;0;0;0;0;21;0;52.0;52.0;2;0;0.00;0.00;0.00;0.0;0.0
181.105;189;659;53;34927;0.0;19.700;1.340;40;51;9;0;100;99;100;122;100;121;100;52;52;0;2.174;2.174;0.000;0.000;14.200;0.966;4.8;0.0;0;22;3.000;2.999;12.7;30;-6.5;0;0;0;0;117;98;0;0;1787;162.70;0;0;0;0;0;0;0;0;0;0;0;0;0;0;0;0;22;0;53.0;53.0;2;0;0.00;0.00;0.00;0.0;0.0
181.173;189;656;53;34768;0.0;19.700;1.340;40;51;9;0;100;99;100;122;100;121;100;52;52;0;2.174;2.174;0.000;0.000;14.200;0.966;4.8;0.0;0;22;3.000;2.794;12.7;30;-6.5;0;0;0;0;117;98;0;0;1787;163.45;0;0;0;0;0;0;0;0;0;0;0;0;0;0;0;0;22;0;53.0;53.0;2;0;0.00;0.00;0.00;0.0;0.0
181.243;189;645;53;34185;0.0;19.700;1.340;40;51;9;0;100;99;100;122;100;121;100;52;52;0;2.174;2.174;0.000;0.000;14.200;0.966;4.7;0.0;0;21;3.000;2.636;12.7;-20;-6.5;0;0;0;0;117;98;0;0;1787;166.23;0;0;0;0;0;0;0;0;0;0;0;0;0;0;0;0;21;0;53.0;53.0;2;0;0.00;0.00;0.00;0.0;0.0
181.308;189;622;53;32966;0.0;19.700;1.340;40;51;9;0;100;99;100;122;100;121;100;51;51;0;2.153;2.153;0.000;0.000;14.100;0.959;4.5;0.0;0;20;3.000;1.068;12.7;-350;-6.5;0;0;0;0;117;98;0;0;1787;172.38;0;0;0;0;0;0;0;0;0;0;0;0;0;0;0;0;20;0;53.0;53.0;2;0;0.00;0.00;0.00;0.0;0.0
181.371;189;655;54;35370;0.0;19.700;1.340;40;51;9;0;100;99;100;122;100;121;100;53;53;0;2.196;2.196;0.000;0.000;14.100;0.959;4.8;0.0;0;21;3.000;2.134;12.7;-350;-6.4;0;0;0;0;117;98;0;0;1787;163.69;0;0;0;0;0;0;0;0;0;0;0;0;0;0;0;0;21;0;54.0;54.0;2;0;0.00;0.00;0.00;0.0;0.0
181.437;189;672;53;35616;0.0;19.700;1.340;40;51;9;0;100;99;100;122;100;121;100;52;52;0;2.174;2.174;0.000;0.000;14.100;0.959;4.9;0.0;0;22;3.000;4.070;12.7;330;-6.5;0;0;0;0;117;98;0;0;1787;159.55;0;0;0;0;0;0;0;0;0;0;0;0;0;0;0;0;22;0;53.0;53.0;2;0;0.00;0.00;0.00;0.0;0.0
181.502;189;663;52;34476;0.0;19.700;1.340;40;51;9;0;100;99;100;122;100;121;100;51;51;0;2.143;2.143;0.000;0.000;14.200;0.966;4.7;0.0;0;21;3.000;3.676;12.7;80;-6.7;0;0;0;0;117;98;0;0;1787;161.72;0;0;0;0;0;0;0;0;0;0;0;0;0;0;0;0;21;0;52.0;52.0;2;0;0.00;0.00;0.00;0.0;0.0
181.572;189;621;53;32913;0.0;19.700;1.340;40;51;9;0;100;99;100;122;100;121;100;51;51;0;2.165;2.165;0.000;0.000;14.100;0.959;4.5;0.0;0;21;3.000;1.366;12.6;80;-6.5;0;0;0;0;117;98;0;0;1787;172.66;0;0;0;0;0;0;0;0;0;0;0;0;0;0;0;0;21;0;53.0;53.0;2;0;0.00;0.00;0.00;0.0;0.0
181.572;189;582;53;30846;0.0;19.700;1.340;40;51;9;0;100;99;100;122;100;121;100;50;50;0;2.155;2.155;0.000;0.000;14.100;0.959;4.2;0.0;0;20;3.000;1.366;12.6;-810;-6.5;0;0;0;0;117;98;0;0;1787;184.23;0;0;0;0;0;0;0;0;0;0;0;0;0;0;0;0;20;0;53.0;53.0;2;0;0.00;0.00;0.00;0.0;0.0
181.704;189;602;55;33110;0.0;19.700;1.340;40;51;9;0;100;99;100;122;100;121;100;52;52;0;2.208;2.208;0.000;0.000;14.000;0.952;4.4;0.0;0;20;3.000;1.943;12.6;-810;-6.2;0;0;0;0;117;98;0;0;1787;178.11;0;0;0;0;0;0;0;0;0;0;0;0;0;0;0;0;20;0;55.0;55.0;2;0;0.00;0.00;0.00;0.0;0.0
181.773;189;653;56;36568;0.0;19.700;1.340;40;51;9;0;100;99;100;122;100;121;100;54;54;0;2.252;2.252;0.000;0.000;14.000;0.952;4.9;0.0;0;21;3.000;4.733;12.6;200;-6.1;0;0;0;0;117;98;0;0;1787;164.20;0;0;0;0;0;0;0;0;0;0;0;0;0;0;0;0;21;0;56.0;56.0;2;0;0.00;0.00;0.00;0.0;0.0
181.773;190;633;54;34182;0.0;19.700;1.340;40;51;9;0;100;99;100;122;100;121;100;52;52;0;2.197;2.197;0.000;0.000;14.100;0.959;4.6;0.0;0;21;3.000;3.854;12.6;620;-6.4;0;0;0;0;117;98;0;0;1793;169.95;0;0;0;0;0;0;0;0;0;0;0;0;0;0;0;0;21;0;54.0;54.0;2;0;0.00;0.00;0.00;0.0;0.0
181.903;190;586;54;31644;0.0;19.700;1.340;40;51;9;0;100;99;100;122;100;121;100;51;51;0;2.176;2.176;0.000;0.000;14.100;0.959;4.3;0.0;0;20;3.000;1.087;12.6;620;-6.4;0;0;0;0;117;98;0;0;1793;183.58;0;0;0;0;0;0;0;0;0;0;0;0;0;0;0;0;20;0;54.0;54.0;2;0;0.00;0.00;0.00;0.0;0.0
181.969;190;548;54;29592;0.0;19.700;1.340;40;51;9;0;100;99;100;122;100;121;100;50;50;0;2.165;2.165;0.000;0.000;14.100;0.959;4.0;0.0;0;19;3.000;1.087;12.6;-780;-6.4;0;0;0;0;117;98;0;0;1793;196.31;0;0;0;0;0;0;0;0;0;0;0;0;0;0;0;0;19;0;54.0;54.0;2;0;0.00;0.00;0.00;0.0;0.0
182.035;190;535;54;28890;0.0;19.700;1.340;40;51;9;0;100;99;100;122;100;121;100;50;50;0;2.165;2.165;0.000;0.000;14.100;0.959;3.9;0.0;0;18;3.000;1.493;12.6;-510;-6.4;0;0;0;0;117;98;0;0;1793;201.08;0;0;0;0;0;0;0;0;0;0;0;0;0;0;0;0;18;0;54.0;54.0;2;0;0.00;0.00;0.00;0.0;0.0
182.105;190;549;60;32940;0.0;19.700;1.340;40;51;9;0;100;99;100;122;100;121;100;56;56;0;2.356;2.356;0.000;0.000;13.800;0.939;4.3;0.0;0;19;3.000;4.122;12.5;-510;-5.5;0;0;0;0;117;98;0;0;1793;195.96;0;0;0;0;0;0;0;0;0;0;0;0;0;0;0;0;19;0;60.0;60.0;2;0;0.00;0.00;0.00;0.0;0.0
182.170;190;584;59;34456;0.0;19.700;1.340;40;51;9;0;100;99;100;122;100;121;100;56;56;0;2.344;2.344;0.000;0.000;13.800;0.939;4.6;0.0;0;19;3.000;4.911;12.5;420;-5.7;0;0;0;0;117;98;0;0;1793;184.21;0;0;0;0;0;0;0;0;0;0;0;0;0;0;0;0;19;0;59.0;59.0;2;0;0.00;0.00;0.00;0.0;0.0
182.170;190;536;59;31624;0.0;19.700;1.340;40;51;9;0;100;99;100;122;100;121;100;55;55;0;2.320;2.320;0.000;0.000;13.900;0.946;4.1;0.0;0;18;3.000;3.757;12.5;-410;-5.7;0;0;0;0;117;98;0;0;1793;200.71;0;0;0;0;0;0;0;0;0;0;0;0;0;0;0;0;18;0;59.0;59.0;2;0;0.00;0.00;0.00;0.0;0.0
182.305;190;507;59;29913;0.0;19.700;1.340;40;51;9;0;100;99;100;122;100;121;100;54;54;0;2.307;2.307;0.000;0.000;13.800;0.939;3.9;0.0;0;18;3.000;3.757;12.5;-410;-5.7;0;0;0;0;117;98;0;0;1793;212.19;0;0;0;0;0;0;0;0;0;0;0;0;0;0;0;0;18;0;59.0;59.0;2;0;0.00;0.00;0.00;0.0;0.0
182.371;190;531;59;31329;0.0;19.700;1.340;40;51;9;0;100;99;100;122;100;121;100;54;54;0;2.307;2.307;0.000;0.000;13.800;0.939;4.1;0.0;0;18;3.000;5.172;12.5;-290;-5.7;0;0;0;0;117;98;0;0;1793;202.60;0;0;0;0;0;0;0;0;0;0;0;0;0;0;0;0;18;0;59.0;59.0;2;0;0.00;0.00;0.00;0.0;0.0
182.371;190;639;61;38979;0.0;19.700;1.340;40;51;9;0;100;99;100;122;100;121;100;59;59;0;2.416;2.416;0.000;0.000;13.700;0.932;5.1;0.0;0;21;3.000;5.172;12.5;1050;-5.4;0;0;0;0;117;98;0;0;1793;168.36;0;0;0;0;0;0;0;0;0;0;0;0;0;0;0;0;21;0;61.0;61.0;2;0;0.00;0.00;0.00;0.0;0.0
182.502;190;610;58;35380;0.0;19.700;1.340;40;51;9;0;100;99;100;122;100;121;100;55;55;0;2.298;2.298;0.000;0.000;13.900;0.946;4.7;0.0;0;20;3.000;1.197;12.5;1050;-5.8;0;0;0;0;117;98;0;0;1793;176.36;0;0;0;0;0;0;0;0;0;0;0;0;0;0;0;0;20;0;58.0;58.0;2;0;0.00;0.00;0.00;0.0;0.0
182.571;190;564;57;32148;0.0;19.700;1.340;40;51;9;0;100;99;100;122;100;121;100;53;53;0;2.336;2.336;0.000;0.000;13.900;0.946;4.4;0.0;0;19;3.030;1.197;12.0;-20;-5.9;0;0;0;0;117;98;0;0;1793;190.74;0;0;0;0;0;0;0;0;0;0;0;0;0;0;0;0;19;0;57.0;57.0;2;0;0.00;0.00;0.00;0.0;0.0
182.637;190;531;57;30267;0.0;19.700;1.340;40;51;9;0;100;99;100;122;100;121;100;52;52;0;2.324;2.324;0.000;0.000;13.900;0.946;4.1;0.0;0;18;3.030;1.197;12.0;-790;-5.9;0;0;0;0;117;98;0;0;1793;202.60;0;0;0;0;0;0;0;0;0;0;0;0;0;0;0;0;18;0;57.0;57.0;2;0;0.00;0.00;0.00;0.0;0.0
182.702;190;597;59;35223;0.0;19.700;1.340;40;51;9;0;100;99;100;122;100;121;100;56;56;0;2.416;2.416;0.000;0.000;13.800;0.939;4.8;0.0;0;20;3.030;4.088;12.0;-790;-5.7;0;0;0;0;117;98;0;0;1793;180.20;0;0;0;0;0;0;0;0;0;0;0;0;0;0;0;0;20;0;59.0;59.0;2;0;0.00;0.00;0.00;0.0;0.0
182.772;190;646;58;37468;0.0;19.700;1.340;40;51;9;0;100;99;100;122;100;121;100;56;56;0;2.393;2.393;0.000;0.000;13.900;0.946;5.2;0.0;0;21;3.030;6.677;12.0;660;-5.8;0;0;0;0;117;98;0;0;1793;166.53;0;0;0;0;0;0;0;0;0;0;0;0;0;0;0;0;21;0;58.0;58.0;2;0;0.00;0.00;0.00;0.0;0.0
182.837;191;654;55;35970;0.0;19.700;1.340;40;51;9;0;100;99;100;122;100;121;100;54;54;0;2.362;2.362;0.000;0.000;14.000;0.952;5.1;0.0;0;21;3.030;5.305;11.8;840;-6.2;0;0;0;0;117;98;0;0;1780;163.30;0;0;0;0;0;0;0;0;0;0;0;0;0;0;0;0;21;0;55.0;55.0;2;0;0.00;0.00;0.00;0.0;0.0
182.903;191;591;54;31914;0.0;19.700;1.340;40;51;9;0;100;99;100;122;100;121;100;51;51;0;2.308;2.308;0.000;0.000;14.100;0.959;4.5;0.0;0;20;3.030;1.557;11.8;840;-6.4;0;0;0;0;117;98;0;0;1780;180.71;0;0;0;0;0;0;0;0;0;0;0;0;0;0;0;0;20;0;54.0;54.0;2;0;0.00;0.00;0.00;0.0;0.0
182.972;191;525;54;28350;0.0;19.700;1.340;40;51;9;0;100;99;100;122;100;121;100;50;50;0;2.297;2.297;0.000;0.000;14.100;0.959;4.0;0.0;0;18;3.030;1.557;11.8;-900;-6.4;0;0;0;0;117;98;0;0;1780;203.43;0;0;0;0;0;0;0;0;0;0;0;0;0;0;0;0;18;0;54.0;54.0;2;0;0.00;0.00;0.00;0.0;0.0
183.038;191;536;54;28944;0.0;19.700;1.340;40;51;9;0;100;99;100;122;100;121;100;50;50;0;2.297;2.297;0.000;0.000;14.100;0.959;4.1;0.0;0;18;3.030;3.653;11.8;-550;-6.4;0;0;0;0;117;98;0;0;1780;199.25;0;0;0;0;0;0;0;0;0;0;0;0;0;0;0;0;18;0;54.0;54.0;2;0;0.00;0.00;0.00;0.0;0.0
183.104;191;573;59;33807;0.0;19.700;1.340;40;51;9;0;100;99;100;122;100;121;100;55;55;0;2.368;2.368;0.000;0.000;13.800;0.939;4.5;0.0;0;19;3.000;6.611;12.1;-550;-5.7;0;0;0;0;117;98;0;0;1780;186.39;0;0;0;0;0;0;0;0;0;0;0;0;0;0;0;0;19;0;59.0;59.0;2;0;0.00;0.00;0.00;0.0;0.0
183.170;191;545;59;32155;0.0;19.700;1.340;40;51;9;0;100;99;100;122;100;121;100;55;55;0;2.368;2.368;0.000;0.000;13.800;0.939;4.3;0.0;0;19;3.000;2.674;12.1;370;-5.7;0;0;0;0;117;98;0;0;1780;195.96;0;0;0;0;0;0;0;0;0;0;0;0;0;0;0;0;19;0;59.0;59.0;2;0;0.00;0.00;0.00;0.0;0.0
183.239;191;523;60;31380;0.0;19.700;1.340;40;51;9;0;100;99;100;122;100;121;100;55;55;0;2.378;2.378;0.000;0.000;13.800;0.939;4.1;0.0;0;18;3.000;0.687;12.1;-500;-5.5;0;0;0;0;117;98;0;0;1780;204.21;0;0;0;0;0;0;0;0;0;0;0;0;0;0;0;0;18;0;60.0;60.0;2;0;0.00;0.00;0.00;0.0;0.0
183.304;191;478;62;29636;0.0;19.700;1.340;40;51;9;0;100;99;100;122;100;121;100;56;56;0;2.427;2.427;0.000;0.000;13.700;0.932;3.9;0.0;0;18;3.000;0.370;12.1;-500;-5.2;0;0;0;0;117;98;0;0;1780;223.43;0;0;0;0;0;0;0;0;0;0;0;0;0;0;0;0;18;0;62.0;62.0;2;0;0.00;0.00;0.00;0.0;0.0
183.304;191;507;62;31434;0.0;19.700;1.340;40;51;9;0;100;99;100;122;100;121;100;56;56;0;2.427;2.427;0.000;0.000;13.700;0.932;4.1;0.0;0;18;3.000;5.206;12.1;-160;-5.2;0;0;0;0;117;98;0;0;1780;210.65;0;0;0;0;0;0;0;0;0;0;0;0;0;0;0;0;18;0;62.0;62.0;2;0;0.00;0.00;0.00;0.0;0.0
183.440;191;554;62;34348;0.0;19.700;1.340;40;51;9;0;100;99;100;122;100;121;100;57;57;0;2.439;2.439;0.000;0.000;13.700;0.932;4.5;0.0;0;19;3.000;7.308;12.1;470;-5.2;0;0;0;0;117;98;0;0;1780;192.78;0;0;0;0;0;0;0;0;0;0;0;0;0;0;0;0;19;0;62.0;62.0;2;0;0.00;0.00;0.00;0.0;0.0
183.506;191;514;62;31868;0.0;19.700;1.340;40;51;9;0;100;99;100;122;100;121;100;56;56;0;2.427;2.427;0.000;0.000;13.700;0.932;4.2;0.0;0;18;3.000;3.229;12.1;470;-5.2;0;0;0;0;117;98;0;0;1780;207.78;0;0;0;0;0;0;0;0;0;0;0;0;0;0;0;0;18;0;62.0;62.0;2;0;0.00;0.00;0.00;0.0;0.0
183.571;191;460;62;28520;0.0;19.700;1.340;40;51;9;0;100;99;100;122;100;121;100;56;56;0;2.427;2.427;0.000;0.000;13.700;0.932;3.7;0.0;0;18;3.000;3.229;12.1;-400;-5.2;0;0;0;0;117;98;0;0;1780;232.17;0;0;0;0;0;0;0;0;0;0;0;0;0;0;0;0;18;0;62.0;62.0;2;0;0.00;0.00;0.00;0.0;0.0
183.641;191;380;62;23560;0.0;19.700;1.340;40;51;9;0;100;99;100;122;100;121;100;56;56;0;2.427;2.427;0.000;0.000;13.700;0.932;3.1;0.0;0;18;3.000;3.229;12.1;-540;-5.2;0;0;0;0;117;98;0;0;1780;281.05;0;0;0;0;0;0;0;0;0;0;0;0;0;0;0;0;18;0;62.0;62.0;2;0;0.00;0.00;0.00;0.0;0.0
183.707;191;380;62;23560;0.0;19.700;1.340;40;51;9;0;100;99;100;122;100;121;100;56;56;0;2.427;2.427;0.000;0.000;13.700;0.932;3.1;0.0;0;18;3.000;3.229;12.1;-540;-5.2;0;0;0;0;117;98;0;0;1780;281.05;0;0;0;0;0;0;0;0;0;0;0;0;0;0;0;0;18;0;62.0;62.0;2;0;0.00;0.00;0.00;0.0;0.0
183.771;191;398;62;24676;0.0;19.700;1.340;40;51;9;0;100;99;100;122;100;121;100;56;56;0;2.427;2.427;0.000;0.000;13.700;0.932;3.2;0.0;0;18;3.000;5.625;12.1;-620;-5.2;0;0;0;0;117;98;0;0;1780;268.34;0;0;0;0;0;0;0;0;0;0;0;0;0;0;0;0;18;0;62.0;62.0;2;0;0.00;0.00;0.00;0.0;0.0
183.837;191;402;68;27336;0.0;19.700;1.340;40;51;9;0;100;99;100;122;100;121;100;62;62;0;2.615;2.615;0.000;0.000;13.300;0.905;3.5;0.0;0;18;3.000;3.441;12.1;-620;-4.4;0;0;0;0;117;98;0;0;1780;265.67;0;0;0;0;0;0;0;0;0;0;0;0;0;0;0;0;18;0;68.0;68.0;2;0;0.00;0.00;0.00;0.0;0.0
183.909;192;290;74;21460;0.0;19.700;1.340;40;51;9;0;100;99;100;122;100;121;100;67;67;0;2.916;2.916;0.000;0.000;13.000;0.884;2.8;0.0;0;18;3.030;3.441;11.7;40;-3.5;0;0;0;0;117;98;0;0;1780;368.28;0;0;0;0;0;0;0;0;0;0;0;0;0;0;0;0;18;0;74.0;74.0;2;0;0.00;0.00;0.00;0.0;0.0
183.973;192;290;74;21460;0.0;19.700;1.340;40;51;9;0;100;99;100;122;100;121;100;67;67;0;2.916;2.916;0.000;0.000;13.000;0.884;2.8;0.0;0;18;3.030;3.441;11.7;-1120;-3.5;0;0;0;0;117;98;0;0;1780;368.28;0;0;0;0;0;0;0;0;0;0;0;0;0;0;0;0;18;0;74.0;74.0;2;0;0.00;0.00;0.00;0.0;0.0
184.038;192;290;74;21460;0.0;19.700;1.340;40;51;9;0;100;99;100;122;100;121;100;67;67;0;2.916;2.916;0.000;0.000;13.000;0.884;2.8;0.0;0;18;3.030;3.441;11.7;-1120;-3.5;0;0;0;0;117;98;0;0;1780;368.28;0;0;0;0;0;0;0;0;0;0;0;0;0;0;0;0;18;0;74.0;74.0;2;0;0.00;0.00;0.00;0.0;0.0
184.108;192;290;84;24360;0.0;19.700;1.340;40;51;9;0;100;99;100;122;100;121;100;75;75;0;3.302;3.302;0.000;0.000;12.800;0.871;3.2;0.0;0;18;3.060;3.086;11.5;0;-2.0;0;0;0;0;117;98;0;0;1780;368.28;0;0;0;0;0;0;0;0;0;0;0;0;0;0;0;0;18;0;84.0;84.0;2;0;0.00;0.00;0.00;0.0;0.0
184.173;192;121;84;10164;0.0;19.700;1.340;40;51;10;0;100;99;100;122;100;411;100;75;75;0;7.244;7.244;0.000;0.000;19.700;1.340;2.9;0.0;0;12;4.590;3.086;11.5;-1690;-2.0;0;0;0;1;110;98;0;0;1780;882.64;0;0;0;0;0;0;0;0;0;0;0;0;0;0;0;0;12;0;84.0;84.0;2;0;0.00;0.00;0.00;0.0;0.0
184.239;192;121;84;10164;0.0;19.700;1.340;40;51;10;0;100;99;100;122;100;411;100;75;75;0;7.244;7.244;0.000;0.000;19.700;1.340;2.9;0.0;0;12;4.590;3.086;11.5;-1690;-2.0;0;0;0;0;99;98;0;0;1780;882.64;0;0;0;0;0;0;0;0;0;0;0;0;0;0;0;0;12;0;84.0;84.0;2;0;0.00;0.00;0.00;0.0;0.0
184.304;192;121;84;10164;0.0;19.700;1.340;40;51;10;0;100;99;100;122;100;411;100;75;75;0;7.244;7.244;0.000;0.000;19.700;1.340;2.9;0.0;0;12;4.590;3.086;11.5;0;-2.0;0;0;0;0;99;98;0;0;1780;882.64;0;0;0;0;0;0;0;0;0;0;0;0;0;0;0;0;12;0;84.0;84.0;2;0;0.00;0.00;0.00;0.0;0.0
184.369;192;121;84;10164;0.0;19.700;1.340;40;51;10;0;100;99;100;122;100;411;100;75;75;0;7.268;7.268;0.000;0.000;19.700;1.340;2.9;0.0;0;12;4.590;3.086;11.4;0;-2.0;0;0;0;0;99;98;0;0;1780;882.64;0;0;0;0;0;0;0;0;0;0;0;0;0;0;0;0;12;0;84.0;84.0;2;0;0.00;0.00;0.00;0.0;0.0
184.440;192;121;84;10164;0.0;19.700;1.340;40;51;10;0;100;99;100;122;100;411;100;75;75;0;7.268;7.268;0.000;0.000;19.700;1.340;2.9;0.0;0;12;4.590;3.086;11.4;0;-2.0;0;0;0;0;99;98;0;0;1780;882.64;0;0;0;0;0;0;0;0;0;0;0;0;0;0;0;0;12;0;84.0;84.0;2;0;0.00;0.00;0.00;0.0;0.0
184.505;192;121;84;10164;0.0;19.700;1.340;40;51;10;0;100;99;100;122;100;411;100;75;75;0;7.268;7.268;0.000;0.000;19.700;1.340;2.9;0.0;0;12;4.590;3.086;11.4;0;-2.0;0;0;0;0;99;98;0;0;1780;882.64;0;0;0;0;0;0;0;0;0;0;0;0;0;0;0;0;12;0;84.0;84.0;2;0;0.00;0.00;0.00;0.0;0.0
184.577;192;121;84;10164;0.0;19.700;1.340;40;51;10;0;100;99;100;122;100;411;100;75;75;0;7.268;7.268;0.000;0.000;19.700;1.340;2.9;0.0;0;12;4.590;3.086;11.4;0;-2.0;0;0;0;0;99;98;0;0;1780;882.64;0;0;0;0;0;0;0;0;0;0;0;0;0;0;0;0;12;0;84.0;84.0;2;0;0.00;0.00;0.00;0.0;0.0
184.641;192;121;84;10164;0.0;19.700;1.340;40;51;10;0;100;99;100;122;100;411;100;75;75;0;7.292;7.292;0.000;0.000;19.700;1.340;2.9;0.0;0;12;4.590;3.086;11.3;0;-2.0;0;0;0;0;99;98;0;0;1780;882.64;0;0;0;0;0;0;0;0;0;0;0;0;0;0;0;0;12;0;84.0;84.0;2;0;0.00;0.00;0.00;0.0;0.0
184.709;192;121;84;10164;0.0;19.700;1.340;40;51;10;0;100;99;100;122;100;411;100;75;75;0;7.292;7.292;0.000;0.000;19.700;1.340;2.9;0.0;0;12;4.590;3.086;11.3;0;-2.0;0;0;0;0;99;98;0;0;1780;882.64;0;0;0;0;0;0;0;0;0;0;0;0;0;0;0;0;12;0;84.0;84.0;2;0;0.00;0.00;0.00;0.0;0.0
184.776;192;121;84;10164;0.0;19.700;1.340;40;51;10;0;100;99;100;122;100;411;100;75;75;0;7.292;7.292;0.000;0.000;19.700;1.340;2.9;0.0;0;12;4.590;3.086;11.3;0;-2.0;0;0;0;0;99;98;0;0;1780;882.64;0;0;0;0;0;0;0;0;0;0;0;0;0;0;0;0;12;0;84.0;84.0;2;0;0.00;0.00;0.00;0.0;0.0
184.844;192;121;84;10164;0.0;19.700;1.340;40;51;10;0;100;99;100;122;100;411;100;75;75;0;7.292;7.292;0.000;0.000;19.700;1.340;2.9;0.0;0;12;4.590;3.086;11.3;0;-2.0;0;0;0;0;99;98;0;0;1780;882.64;0;0;0;0;0;0;0;0;0;0;0;0;0;0;0;0;12;0;84.0;84.0;2;0;0.00;0.00;0.00;0.0;0.0