"Time";"SecL";"RPM";"MAP";"MAPxRPM";"TPS";"AFR";"Lambda";"IAT";"CLT";"Engine";"DFCO";"Gego";"Gair";"Gbattery";"Gwarm";"Gbaro";"Gammae";"Accel Enrich";"VE _Current";"VE1";"VE2";"PW";"PW2";"PW3";"PW4";"AFR Target";"Lambda Target";"Duty Cycle";"Duty Cycle _Staging";"TPS DOT";"Advance _Current";"Dwell";"Dwell _Measured";"Battery V";"rpm/s";"Boost PSI";"Boost cut";"Hard Launch";"Hard Limiter";"Idle Control";"IAC value";"Baro Pressure";"Fan";"Sync Loss #";"Loops/s";"Loops/rev";"Aux0";"Aux1";"Aux2";"Aux3";"Aux4";"Aux5";"Aux6";"Aux7";"Aux8";"Aux9";"Aux10";"Aux11";"Aux12";"Aux13";"Aux14";"Aux15";"Advance 1";"Advance 2";"FuelLoad";"IgnitionLoad";"Sync status";"";"Trip Meter Miles";"Odometer Miles";"Vehicle Speed";"Power";"Torque"
"s";"sec";"rpm";"kpa";"";"%";"O2";"";"";"";"bits";"";"%";"%";"";"%";"%";"%";"%";"%";"%";"%";"ms";"ms";"ms";"ms";"O2";"";"";"";"%/s";"deg";"ms";"ms";"V";"rpm/s";"";"";"";"";"";"Steps";"kpa";"";"";"loops";"";"";"";"";"";"";"";"";"";"";"";"";"";"";"";"";"";"deg";"deg";"kPa";"kPa";"";"bits";"Miles";"Miles";"MPH";"HP";"lbft"
32.731;24;0;98;0;0.0;15.000;1.020;33;34;0;0;100;0;100;0;0;0;0;88;88;0;0.000;0.000;0.000;0.000;0.000;0.000;0.0;0.0;0;15;0.000;0.000;0.0;0;0.0;0;0;0;0;45;98;0;0;4100;0.00;0;0;0;0;0;0;0;0;0;0;0;0;0;0;0;0;15;0;98.0;98.0;0;0;0.00;0.00;0.00;0.0;0.0
0.004;24;0;98;0;0.0;15.000;1.020;33;34;0;0;100;0;100;0;0;0;0;88;88;0;0.000;0.000;0.000;0.000;0.000;0.000;0.0;0.0;0;15;0.000;0.000;0.0;0;0.0;0;0;0;0;45;98;0;0;4100;0.00;0;0;0;0;0;0;0;0;0;0;0;0;0;0;0;0;15;0;98.0;98.0;0;0;0.00;0.00;0.00;0.0;0.0
0.004;24;0;98;0;0.0;15.000;1.020;33;34;0;0;100;0;100;0;0;0;0;88;88;0;0.000;0.000;0.000;0.000;0.000;0.000;0.0;0.0;0;15;0.000;0.000;0.0;0;0.0;0;0;0;0;45;98;0;0;4100;0.00;0;0;0;0;0;0;0;0;0;0;0;0;0;0;0;0;15;0;98.0;98.0;0;0;0.00;0.00;0.00;0.0;0.0
0.068;24;0;98;0;0.0;15.000;1.020;33;34;0;0;100;0;100;0;0;0;0;88;88;0;0.000;0.000;0.000;0.000;0.000;0.000;0.0;0.0;0;15;0.000;0.000;0.0;0;0.0;0;0;0;0;45;98;0;0;4100;0.00;0;0;0;0;0;0;0;0;0;0;0;0;0;0;0;0;15;0;98.0;98.0;0;0;0.00;0.00;0.00;0.0;0.0
0.136;24;0;98;0;0.0;15.000;1.020;33;34;0;0;100;0;100;0;0;0;0;88;88;0;0.000;0.000;0.000;0.000;0.000;0.000;0.0;0.0;0;15;0.000;0.000;0.0;0;0.0;0;0;0;0;45;98;0;0;4100;0.00;0;0;0;0;0;0;0;0;0;0;0;0;0;0;0;0;15;0;98.0;98.0;0;0;0.00;0.00;0.00;0.0;0.0
0.199;24;0;98;0;0.0;15.100;1.027;33;34;0;0;100;0;100;0;0;0;0;88;88;0;0.000;0.000;0.000;0.000;0.000;0.000;0.0;0.0;0;15;0.000;0.000;0.0;0;0.0;0;0;0;0;45;98;0;0;4100;0.00;0;0;0;0;0;0;0;0;0;0;0;0;0;0;0;0;15;0;98.0;98.0;0;0;0.00;0.00;0.00;0.0;0.0
0.267;24;0;98;0;0.0;15.000;1.020;33;34;0;0;100;0;100;0;0;0;0;88;88;0;0.000;0.000;0.000;0.000;0.000;0.000;0.0;0.0;0;15;0.000;0.000;0.0;0;0.0;0;0;0;0;45;98;0;0;4100;0.00;0;0;0;0;0;0;0;0;0;0;0;0;0;0;0;0;15;0;98.0;98.0;0;0;0.00;0.00;0.00;0.0;0.0
0.396;24;0;98;0;0.0;15.000;1.020;33;34;0;0;100;0;100;0;0;0;0;88;88;0;0.000;0.000;0.000;0.000;0.000;0.000;0.0;0.0;0;15;0.000;0.000;0.0;0;0.0;0;0;0;0;45;98;0;0;4100;0.00;0;0;0;0;0;0;0;0;0;0;0;0;0;0;0;0;15;0;98.0;98.0;0;0;0.00;0.00;0.00;0.0;0.0
0.396;24;0;98;0;0.0;15.000;1.020;33;34;0;0;100;0;100;0;0;0;0;88;88;0;0.000;0.000;0.000;0.000;0.000;0.000;0.0;0.0;0;15;0.000;0.000;0.0;0;0.0;0;0;0;0;45;98;0;0;4100;0.00;0;0;0;0;0;0;0;0;0;0;0;0;0;0;0;0;15;0;98.0;98.0;0;0;0.00;0.00;0.00;0.0;0.0
0.461;24;0;98;0;0.0;15.000;1.020;33;34;0;0;100;0;100;0;0;0;0;88;88;0;0.000;0.000;0.000;0.000;0.000;0.000;0.0;0.0;0;15;0.000;0.000;0.0;0;0.0;0;0;0;0;45;98;0;0;4100;0.00;0;0;0;0;0;0;0;0;0;0;0;0;0;0;0;0;15;0;98.0;98.0;0;0;0.00;0.00;0.00;0.0;0.0
0.596;24;0;98;0;0.0;15.100;1.027;33;34;0;0;100;0;100;0;0;0;0;88;88;0;0.000;0.000;0.000;0.000;0.000;0.000;0.0;0.0;0;15;0.000;0.000;0.0;0;0.0;0;0;0;0;45;98;0;0;4100;0.00;0;0;0;0;0;0;0;0;0;0;0;0;0;0;0;0;15;0;98.0;98.0;0;0;0.00;0.00;0.00;0.0;0.0
0.661;25;0;98;0;0.0;15.000;1.020;33;34;0;0;100;0;100;0;0;0;0;88;88;0;0.000;0.000;0.000;0.000;0.000;0.000;0.0;0.0;0;15;0.000;0.000;0.0;0;0.0;0;0;0;0;45;98;0;0;4106;0.00;0;0;0;0;0;0;0;0;0;0;0;0;0;0;0;0;15;0;98.0;98.0;0;0;0.00;0.00;0.00;0.0;0.0
0.731;25;0;98;0;0.0;14.900;1.014;33;34;0;0;100;0;100;0;0;0;0;88;88;0;0.000;0.000;0.000;0.000;0.000;0.000;0.0;0.0;0;15;0.000;0.000;0.0;0;0.0;0;0;0;0;45;98;0;0;4106;0.00;0;0;0;0;0;0;0;0;0;0;0;0;0;0;0;0;15;0;98.0;98.0;0;0;0.00;0.00;0.00;0.0;0.0
0.796;25;0;98;0;0.0;15.000;1.020;33;34;0;0;100;0;100;0;0;0;0;88;88;0;0.000;0.000;0.000;0.000;0.000;0.000;0.0;0.0;0;15;0.000;0.000;0.0;0;0.0;0;0;0;0;45;98;0;0;4106;0.00;0;0;0;0;0;0;0;0;0;0;0;0;0;0;0;0;15;0;98.0;98.0;0;0;0.00;0.00;0.00;0.0;0.0
0.796;25;0;98;0;0.0;15.000;1.020;33;34;0;0;100;0;100;0;0;0;0;88;88;0;0.000;0.000;0.000;0.000;0.000;0.000;0.0;0.0;0;15;0.000;0.000;0.0;0;0.0;0;0;0;0;45;98;0;0;4106;0.00;0;0;0;0;0;0;0;0;0;0;0;0;0;0;0;0;15;0;98.0;98.0;0;0;0.00;0.00;0.00;0.0;0.0
0.928;25;0;98;0;0.0;15.000;1.020;33;34;0;0;100;0;100;0;0;0;0;88;88;0;0.000;0.000;0.000;0.000;0.000;0.000;0.0;0.0;0;15;0.000;0.000;0.0;0;0.0;0;0;0;0;45;98;0;0;4106;0.00;0;0;0;0;0;0;0;0;0;0;0;0;0;0;0;0;15;0;98.0;98.0;0;0;0.00;0.00;0.00;0.0;0.0
0.993;25;0;98;0;0.0;15.000;1.020;33;34;0;0;100;0;100;0;0;0;0;88;88;0;0.000;0.000;0.000;0.000;0.000;0.000;0.0;0.0;0;15;0.000;0.000;0.0;0;0.0;0;0;0;0;45;98;0;0;4106;0.00;0;0;0;0;0;0;0;0;0;0;0;0;0;0;0;0;15;0;98.0;98.0;0;0;0.00;0.00;0.00;0.0;0.0
0.993;25;0;98;0;0.0;15.000;1.020;33;34;0;0;100;0;100;0;0;0;0;88;88;0;0.000;0.000;0.000;0.000;0.000;0.000;0.0;0.0;0;15;0.000;0.000;0.0;0;0.0;0;0;0;0;45;98;0;0;4106;0.00;0;0;0;0;0;0;0;0;0;0;0;0;0;0;0;0;15;0;98.0;98.0;0;0;0.00;0.00;0.00;0.0;0.0
1.059;25;0;98;0;0.0;14.900;1.014;33;34;0;0;100;0;100;0;0;0;0;88;88;0;0.000;0.000;0.000;0.000;0.000;0.000;0.0;0.0;0;15;0.000;0.000;0.0;0;0.0;0;0;0;0;45;98;0;0;4106;0.00;0;0;0;0;0;0;0;0;0;0;0;0;0;0;0;0;15;0;98.0;98.0;0;0;0.00;0.00;0.00;0.0;0.0
1.128;25;0;98;0;0.0;14.900;1.014;33;34;0;0;100;0;100;0;0;0;0;88;88;0;0.000;0.000;0.000;0.000;0.000;0.000;0.0;0.0;0;15;0.000;0.000;0.0;0;0.0;0;0;0;0;45;98;0;0;4106;0.00;0;0;0;0;0;0;0;0;0;0;0;0;0;0;0;0;15;0;98.0;98.0;0;0;0.00;0.00;0.00;0.0;0.0
1.195;25;0;98;0;0.0;14.900;1.014;33;34;0;0;100;0;100;0;0;0;0;88;88;0;0.000;0.000;0.000;0.000;0.000;0.000;0.0;0.0;0;15;0.000;0.000;0.0;0;0.0;0;0;0;0;45;98;0;0;4106;0.00;0;0;0;0;0;0;0;0;0;0;0;0;0;0;0;0;15;0;98.0;98.0;0;0;0.00;0.00;0.00;0.0;0.0
1.330;25;0;98;0;0.0;15.000;1.020;33;34;0;0;100;0;100;0;0;0;0;88;88;0;0.000;0.000;0.000;0.000;0.000;0.000;0.0;0.0;0;15;0.000;0.000;0.0;0;0.0;0;0;0;0;45;98;0;0;4106;0.00;0;0;0;0;0;0;0;0;0;0;0;0;0;0;0;0;15;0;98.0;98.0;0;0;0.00;0.00;0.00;0.0;0.0
1.395;25;0;98;0;0.0;15.000;1.020;33;34;0;0;100;0;100;0;0;0;0;88;88;0;0.000;0.000;0.000;0.000;0.000;0.000;0.0;0.0;0;15;0.000;0.000;0.0;0;0.0;0;0;0;0;45;98;0;0;4106;0.00;0;0;0;0;0;0;0;0;0;0;0;0;0;0;0;0;15;0;98.0;98.0;0;0;0.00;0.00;0.00;0.0;0.0
1.465;25;0;98;0;0.0;15.000;1.020;33;34;0;0;100;0;100;0;0;0;0;88;88;0;0.000;0.000;0.000;0.000;0.000;0.000;0.0;0.0;0;15;0.000;0.000;0.0;0;0.0;0;0;0;0;45;98;0;0;4106;0.00;0;0;0;0;0;0;0;0;0;0;0;0;0;0;0;0;15;0;98.0;98.0;0;0;0.00;0.00;0.00;0.0;0.0
1.530;25;0;98;0;0.0;15.000;1.020;33;34;0;0;100;0;100;0;0;0;0;88;88;0;0.000;0.000;0.000;0.000;0.000;0.000;0.0;0.0;0;15;0.000;0.000;0.0;0;0.0;0;0;0;0;45;98;0;0;4106;0.00;0;0;0;0;0;0;0;0;0;0;0;0;0;0;0;0;15;0;98.0;98.0;0;0;0.00;0.00;0.00;0.0;0.0
1.595;25;0;98;0;0.0;15.000;1.020;33;34;0;0;100;0;100;0;0;0;0;88;88;0;0.000;0.000;0.000;0.000;0.000;0.000;0.0;0.0;0;15;0.000;0.000;0.0;0;0.0;0;0;0;0;45;98;0;0;4106;0.00;0;0;0;0;0;0;0;0;0;0;0;0;0;0;0;0;15;0;98.0;98.0;0;0;0.00;0.00;0.00;0.0;0.0
1.666;26;0;98;0;0.0;15.100;1.027;33;34;0;0;100;0;100;0;0;0;0;88;88;0;0.000;0.000;0.000;0.000;0.000;0.000;0.0;0.0;0;15;0.000;0.000;0.0;0;0.0;0;0;0;0;45;98;0;0;4114;0.00;0;0;0;0;0;0;0;0;0;0;0;0;0;0;0;0;15;0;98.0;98.0;0;0;0.00;0.00;0.00;0.0;0.0
1.730;26;0;98;0;0.0;15.000;1.020;33;34;0;0;100;0;100;0;0;0;0;88;88;0;0.000;0.000;0.000;0.000;0.000;0.000;0.0;0.0;0;15;0.000;0.000;0.0;0;0.0;0;0;0;0;45;98;0;0;4114;0.00;0;0;0;0;0;0;0;0;0;0;0;0;0;0;0;0;15;0;98.0;98.0;0;0;0.00;0.00;0.00;0.0;0.0
1.796;26;0;98;0;0.0;15.000;1.020;33;34;0;0;100;0;100;0;0;0;0;88;88;0;0.000;0.000;0.000;0.000;0.000;0.000;0.0;0.0;0;15;0.000;0.000;0.0;0;0.0;0;0;0;0;45;98;0;0;4114;0.00;0;0;0;0;0;0;0;0;0;0;0;0;0;0;0;0;15;0;98.0;98.0;0;0;0.00;0.00;0.00;0.0;0.0
1.863;26;0;98;0;0.0;15.100;1.027;33;34;0;0;100;0;100;0;0;0;0;88;88;0;0.000;0.000;0.000;0.000;0.000;0.000;0.0;0.0;0;15;0.000;0.000;0.0;0;0.0;0;0;0;0;45;98;0;0;4114;0.00;0;0;0;0;0;0;0;0;0;0;0;0;0;0;0;0;15;0;98.0;98.0;0;0;0.00;0.00;0.00;0.0;0.0
1.931;26;0;98;0;0.0;15.000;1.020;33;34;0;0;100;0;100;0;0;0;0;88;88;0;0.000;0.000;0.000;0.000;0.000;0.000;0.0;0.0;0;15;0.000;0.000;0.0;0;0.0;0;0;0;0;45;98;0;0;4114;0.00;0;0;0;0;0;0;0;0;0;0;0;0;0;0;0;0;15;0;98.0;98.0;0;0;0.00;0.00;0.00;0.0;0.0
1.996;26;0;98;0;0.0;15.000;1.020;33;34;0;0;100;0;100;0;0;0;0;88;88;0;0.000;0.000;0.000;0.000;0.000;0.000;0.0;0.0;0;15;0.000;0.000;0.0;0;0.0;0;0;0;0;45;98;0;0;4114;0.00;0;0;0;0;0;0;0;0;0;0;0;0;0;0;0;0;15;0;98.0;98.0;0;0;0.00;0.00;0.00;0.0;0.0
2.063;26;0;98;0;0.0;15.100;1.027;33;34;0;0;100;0;100;0;0;0;0;88;88;0;0.000;0.000;0.000;0.000;0.000;0.000;0.0;0.0;0;15;0.000;0.000;0.0;0;0.0;0;0;0;0;45;98;0;0;4114;0.00;0;0;0;0;0;0;0;0;0;0;0;0;0;0;0;0;15;0;98.0;98.0;0;0;0.00;0.00;0.00;0.0;0.0
2.129;26;0;98;0;0.0;15.100;1.027;33;34;0;0;100;0;100;0;0;0;0;88;88;0;0.000;0.000;0.000;0.000;0.000;0.000;0.0;0.0;0;15;0.000;0.000;0.0;0;0.0;0;0;0;0;45;98;0;0;4114;0.00;0;0;0;0;0;0;0;0;0;0;0;0;0;0;0;0;15;0;98.0;98.0;0;0;0.00;0.00;0.00;0.0;0.0
2.199;26;0;98;0;0.0;15.100;1.027;33;34;0;0;100;0;100;0;0;0;0;88;88;0;0.000;0.000;0.000;0.000;0.000;0.000;0.0;0.0;0;15;0.000;0.000;0.0;0;0.0;0;0;0;0;45;98;0;0;4114;0.00;0;0;0;0;0;0;0;0;0;0;0;0;0;0;0;0;15;0;98.0;98.0;0;0;0.00;0.00;0.00;0.0;0.0
2.263;26;0;98;0;0.0;15.000;1.020;33;34;0;0;100;0;100;0;0;0;0;88;88;0;0.000;0.000;0.000;0.000;0.000;0.000;0.0;0.0;0;15;0.000;0.000;0.0;0;0.0;0;0;0;0;45;98;0;0;4114;0.00;0;0;0;0;0;0;0;0;0;0;0;0;0;0;0;0;15;0;98.0;98.0;0;0;0.00;0.00;0.00;0.0;0.0
2.330;26;0;98;0;0.0;15.100;1.027;33;34;0;0;100;0;100;0;0;0;0;88;88;0;0.000;0.000;0.000;0.000;0.000;0.000;0.0;0.0;0;15;0.000;0.000;0.0;0;0.0;0;0;0;0;45;98;0;0;4114;0.00;0;0;0;0;0;0;0;0;0;0;0;0;0;0;0;0;15;0;98.0;98.0;0;0;0.00;0.00;0.00;0.0;0.0
2.330;26;0;98;0;0.0;15.000;1.020;33;34;0;0;100;0;100;0;0;0;0;88;88;0;0.000;0.000;0.000;0.000;0.000;0.000;0.0;0.0;0;15;0.000;0.000;0.0;0;0.0;0;0;0;0;45;98;0;0;4114;0.00;0;0;0;0;0;0;0;0;0;0;0;0;0;0;0;0;15;0;98.0;98.0;0;0;0.00;0.00;0.00;0.0;0.0
2.464;26;0;98;0;0.0;15.000;1.020;33;34;0;0;100;0;100;0;0;0;0;88;88;0;0.000;0.000;0.000;0.000;0.000;0.000;0.0;0.0;0;15;0.000;0.000;0.0;0;0.0;0;0;0;0;45;98;0;0;4114;0.00;0;0;0;0;0;0;0;0;0;0;0;0;0;0;0;0;15;0;98.0;98.0;0;0;0.00;0.00;0.00;0.0;0.0
2.530;26;0;98;0;0.0;15.000;1.020;33;34;0;0;100;0;100;0;0;0;0;88;88;0;0.000;0.000;0.000;0.000;0.000;0.000;0.0;0.0;0;15;0.000;0.000;0.0;0;0.0;0;0;0;0;45;98;0;0;4114;0.00;0;0;0;0;0;0;0;0;0;0;0;0;0;0;0;0;15;0;98.0;98.0;0;0;0.00;0.00;0.00;0.0;0.0
2.595;26;0;98;0;0.0;14.900;1.014;33;34;0;0;100;0;100;0;0;0;0;88;88;0;0.000;0.000;0.000;0.000;0.000;0.000;0.0;0.0;0;15;0.000;0.000;0.0;0;0.0;0;0;0;0;45;98;0;0;4114;0.00;0;0;0;0;0;0;0;0;0;0;0;0;0;0;0;0;15;0;98.0;98.0;0;0;0.00;0.00;0.00;0.0;0.0
2.664;27;0;98;0;0.0;15.100;1.027;33;34;0;0;100;0;100;0;0;0;0;88;88;0;0.000;0.000;0.000;0.000;0.000;0.000;0.0;0.0;0;15;0.000;0.000;0.0;0;0.0;0;0;0;0;45;98;0;0;4110;0.00;0;0;0;0;0;0;0;0;0;0;0;0;0;0;0;0;15;0;98.0;98.0;0;0;0.00;0.00;0.00;0.0;0.0
2.730;27;0;98;0;0.0;15.000;1.020;33;34;0;0;100;0;100;0;0;0;0;88;88;0;0.000;0.000;0.000;0.000;0.000;0.000;0.0;0.0;0;15;0.000;0.000;0.0;0;0.0;0;0;0;0;45;98;0;0;4110;0.00;0;0;0;0;0;0;0;0;0;0;0;0;0;0;0;0;15;0;98.0;98.0;0;0;0.00;0.00;0.00;0.0;0.0
2.795;27;0;98;0;0.0;15.000;1.020;33;34;0;0;100;0;100;0;0;0;0;88;88;0;0.000;0.000;0.000;0.000;0.000;0.000;0.0;0.0;0;15;0.000;0.000;0.0;0;0.0;0;0;0;0;45;98;0;0;4110;0.00;0;0;0;0;0;0;0;0;0;0;0;0;0;0;0;0;15;0;98.0;98.0;0;0;0.00;0.00;0.00;0.0;0.0
2.861;27;0;98;0;0.0;15.000;1.020;33;34;0;0;100;0;100;0;0;0;0;88;88;0;0.000;0.000;0.000;0.000;0.000;0.000;0.0;0.0;0;15;0.000;0.000;0.0;0;0.0;0;0;0;0;45;98;0;0;4110;0.00;0;0;0;0;0;0;0;0;0;0;0;0;0;0;0;0;15;0;98.0;98.0;0;0;0.00;0.00;0.00;0.0;0.0
2.930;27;0;98;0;0.0;15.100;1.027;33;34;0;0;100;0;100;0;0;0;0;88;88;0;0.000;0.000;0.000;0.000;0.000;0.000;0.0;0.0;0;15;0.000;0.000;0.0;0;0.0;0;0;0;0;45;98;0;0;4110;0.00;0;0;0;0;0;0;0;0;0;0;0;0;0;0;0;0;15;0;98.0;98.0;0;0;0.00;0.00;0.00;0.0;0.0
2.996;27;0;98;0;0.0;15.000;1.020;33;34;0;0;100;0;100;0;0;0;0;88;88;0;0.000;0.000;0.000;0.000;0.000;0.000;0.0;0.0;0;15;0.000;0.000;0.0;0;0.0;0;0;0;0;45;98;0;0;4110;0.00;0;0;0;0;0;0;0;0;0;0;0;0;0;0;0;0;15;0;98.0;98.0;0;0;0.00;0.00;0.00;0.0;0.0
3.062;27;0;98;0;0.0;15.000;1.020;33;34;0;0;100;0;100;0;0;0;0;88;88;0;0.000;0.000;0.000;0.000;0.000;0.000;0.0;0.0;0;15;0.000;0.000;0.0;0;0.0;0;0;0;0;45;98;0;0;4110;0.00;0;0;0;0;0;0;0;0;0;0;0;0;0;0;0;0;15;0;98.0;98.0;0;0;0.00;0.00;0.00;0.0;0.0
3.131;27;0;98;0;0.0;15.000;1.020;33;34;0;0;100;0;100;0;0;0;0;88;88;0;0.000;0.000;0.000;0.000;0.000;0.000;0.0;0.0;0;15;0.000;0.000;0.0;0;0.0;0;0;0;0;45;98;0;0;4110;0.00;0;0;0;0;0;0;0;0;0;0;0;0;0;0;0;0;15;0;98.0;98.0;0;0;0.00;0.00;0.00;0.0;0.0
3.198;27;0;98;0;0.0;15.000;1.020;33;34;0;0;100;0;100;0;0;0;0;88;88;0;0.000;0.000;0.000;0.000;0.000;0.000;0.0;0.0;0;15;0.000;0.000;0.0;0;0.0;0;0;0;0;45;98;0;0;4110;0.00;0;0;0;0;0;0;0;0;0;0;0;0;0;0;0;0;15;0;98.0;98.0;0;0;0.00;0.00;0.00;0.0;0.0
3.263;27;0;98;0;0.0;15.100;1.027;33;34;0;0;100;0;100;0;0;0;0;88;88;0;0.000;0.000;0.000;0.000;0.000;0.000;0.0;0.0;0;15;0.000;0.000;0.0;0;0.0;0;0;0;0;45;98;0;0;4110;0.00;0;0;0;0;0;0;0;0;0;0;0;0;0;0;0;0;15;0;98.0;98.0;0;0;0.00;0.00;0.00;0.0;0.0
3.328;27;0;98;0;0.0;17.400;1.184;33;34;0;0;100;0;100;0;0;0;0;88;88;0;0.000;0.000;0.000;0.000;0.000;0.000;0.0;0.0;0;15;0.000;0.000;0.0;0;0.0;0;0;0;0;45;98;0;0;4110;0.00;0;0;0;0;0;0;0;0;0;0;0;0;0;0;0;0;15;0;98.0;98.0;0;0;0.00;0.00;0.00;0.0;0.0
3.394;27;0;98;0;0.0;19.200;1.306;33;34;0;0;100;0;100;0;0;0;0;88;88;0;0.000;0.000;0.000;0.000;0.000;0.000;0.0;0.0;0;15;0.000;0.000;0.0;0;0.0;0;0;0;0;45;98;0;0;4110;0.00;0;0;0;0;0;0;0;0;0;0;0;0;0;0;0;0;15;0;98.0;98.0;0;0;0.00;0.00;0.00;0.0;0.0
3.463;27;0;98;0;0.0;19.700;1.340;33;34;0;0;100;0;100;0;0;0;0;88;88;0;0.000;0.000;0.000;0.000;0.000;0.000;0.0;0.0;0;15;0.000;0.000;4.6;0;0.0;0;0;0;0;0;98;0;0;4110;0.00;0;0;0;0;0;0;0;0;0;0;0;0;0;0;0;0;15;0;98.0;98.0;0;0;0.00;0.00;0.00;0.0;0.0
3.528;27;0;98;0;0.0;19.700;1.340;33;34;0;0;100;0;100;0;0;0;0;88;88;0;0.000;0.000;0.000;0.000;0.000;0.000;0.0;0.0;0;15;0.000;0.000;4.6;0;0.0;0;0;0;0;0;98;0;0;4110;0.00;0;0;0;0;0;0;0;0;0;0;0;0;0;0;0;0;15;0;98.0;98.0;0;0;0.00;0.00;0.00;0.0;0.0
3.599;27;0;98;0;0.0;19.700;1.340;33;34;0;0;100;0;100;0;0;0;0;88;88;0;0.000;0.000;0.000;0.000;0.000;0.000;0.0;0.0;0;15;0.000;0.000;4.6;0;0.0;0;0;0;0;0;98;0;0;4110;0.00;0;0;0;0;0;0;0;0;0;0;0;0;0;0;0;0;15;0;98.0;98.0;0;0;0.00;0.00;0.00;0.0;0.0
3.664;27;0;98;0;0.0;19.700;1.340;33;34;0;0;100;0;100;0;0;0;0;88;88;0;0.000;0.000;0.000;0.000;0.000;0.000;0.0;0.0;0;15;0.000;0.000;4.6;0;0.0;0;0;0;0;0;98;0;0;4110;0.00;0;0;0;0;0;0;0;0;0;0;0;0;0;0;0;0;15;0;98.0;98.0;0;0;0.00;0.00;0.00;0.0;0.0
3.729;28;0;98;0;0.0;19.700;1.340;33;34;0;0;100;0;100;0;0;0;0;88;88;0;0.000;0.000;0.000;0.000;0.000;0.000;0.0;0.0;0;15;0.000;0.000;7.0;0;0.0;0;0;0;0;0;98;0;0;4171;0.00;0;0;0;0;0;0;0;0;0;0;0;0;0;0;0;0;15;0;98.0;98.0;0;0;0.00;0.00;0.00;0.0;0.0
3.796;28;0;98;0;0.0;19.700;1.340;33;34;0;0;100;0;100;0;0;0;0;88;88;0;0.000;0.000;0.000;0.000;0.000;0.000;0.0;0.0;0;15;0.000;0.000;7.0;0;0.0;0;0;0;0;0;98;0;0;4171;0.00;0;0;0;0;0;0;0;0;0;0;0;0;0;0;0;0;15;0;98.0;98.0;0;0;0.00;0.00;0.00;0.0;0.0
3.865;28;0;98;0;0.0;19.700;1.340;33;34;0;0;100;0;100;0;0;0;0;88;88;0;0.000;0.000;0.000;0.000;0.000;0.000;0.0;0.0;0;15;0.000;0.000;7.0;0;0.0;0;0;0;0;0;98;0;0;4171;0.00;0;0;0;0;0;0;0;0;0;0;0;0;0;0;0;0;15;0;98.0;98.0;0;0;0.00;0.00;0.00;0.0;0.0
3.930;28;0;98;0;0.0;19.700;1.340;33;34;0;0;100;0;100;0;0;0;0;88;88;0;0.000;0.000;0.000;0.000;0.000;0.000;0.0;0.0;0;15;0.000;0.000;8.3;0;0.0;0;0;0;0;0;98;0;0;4171;0.00;0;0;0;0;0;0;0;0;0;0;0;0;0;0;0;0;15;0;98.0;98.0;0;0;0.00;0.00;0.00;0.0;0.0
3.996;28;0;98;0;0.0;19.700;1.340;33;34;0;0;100;0;100;0;0;0;0;88;88;0;0.000;0.000;0.000;0.000;0.000;0.000;0.0;0.0;0;15;0.000;0.000;8.3;0;0.0;0;0;0;0;0;98;0;0;4171;0.00;0;0;0;0;0;0;0;0;0;0;0;0;0;0;0;0;15;0;98.0;98.0;0;0;0.00;0.00;0.00;0.0;0.0
4.061;28;0;98;0;0.0;19.700;1.340;33;34;0;0;100;0;100;0;0;0;0;88;88;0;0.000;0.000;0.000;0.000;0.000;0.000;0.0;0.0;0;15;0.000;0.000;8.3;0;0.0;0;0;0;0;0;98;0;0;4171;0.00;0;0;0;0;0;0;0;0;0;0;0;0;0;0;0;0;15;0;98.0;98.0;0;0;0.00;0.00;0.00;0.0;0.0
4.061;28;0;98;0;0.0;19.700;1.340;33;34;0;0;100;0;100;0;0;0;0;88;88;0;0.000;0.000;0.000;0.000;0.000;0.000;0.0;0.0;0;15;0.000;0.000;8.3;0;0.0;0;0;0;0;0;98;0;0;4171;0.00;0;0;0;0;0;0;0;0;0;0;0;0;0;0;0;0;15;0;98.0;98.0;0;0;0.00;0.00;0.00;0.0;0.0
4.196;28;0;98;0;0.0;19.700;1.340;33;34;0;0;100;0;100;0;0;0;0;88;88;0;0.000;0.000;0.000;0.000;0.000;0.000;0.0;0.0;0;15;0.000;0.000;9.0;0;0.0;0;0;0;0;0;98;0;0;4171;0.00;0;0;0;0;0;0;0;0;0;0;0;0;0;0;0;0;15;0;98.0;98.0;0;0;0.00;0.00;0.00;0.0;0.0
4.196;28;0;98;0;0.0;19.700;1.340;33;34;0;0;100;0;100;0;0;0;0;88;88;0;0.000;0.000;0.000;0.000;0.000;0.000;0.0;0.0;0;15;0.000;0.000;9.0;0;0.0;0;0;0;0;0;98;0;0;4171;0.00;0;0;0;0;0;0;0;0;0;0;0;0;0;0;0;0;15;0;98.0;98.0;0;0;0.00;0.00;0.00;0.0;0.0
4.332;28;0;98;0;0.0;19.700;1.340;33;34;0;0;100;0;100;0;0;0;0;88;88;0;0.000;0.000;0.000;0.000;0.000;0.000;0.0;0.0;0;15;0.000;0.000;9.0;0;0.0;0;0;0;0;0;98;0;0;4171;0.00;0;0;0;0;0;0;0;0;0;0;0;0;0;0;0;0;15;0;98.0;98.0;0;0;0.00;0.00;0.00;0.0;0.0
4.396;28;0;98;0;0.0;19.700;1.340;33;34;0;0;100;0;100;0;0;0;0;88;88;0;0.000;0.000;0.000;0.000;0.000;0.000;0.0;0.0;0;15;0.000;0.000;9.0;0;0.0;0;0;0;0;0;98;0;0;4171;0.00;0;0;0;0;0;0;0;0;0;0;0;0;0;0;0;0;15;0;98.0;98.0;0;0;0.00;0.00;0.00;0.0;0.0
4.463;28;0;98;0;0.0;19.700;1.340;33;34;0;0;100;0;100;0;0;0;0;88;88;0;0.000;0.000;0.000;0.000;0.000;0.000;0.0;0.0;0;15;0.000;0.000;9.7;0;0.0;0;0;0;0;0;98;0;0;4171;0.00;0;0;0;0;0;0;0;0;0;0;0;0;0;0;0;0;15;0;98.0;98.0;0;0;0.00;0.00;0.00;0.0;0.0
4.529;28;0;98;0;0.0;19.700;1.340;33;34;0;0;100;0;100;0;0;0;0;88;88;0;0.000;0.000;0.000;0.000;0.000;0.000;0.0;0.0;0;15;0.000;0.000;9.7;0;0.0;0;0;0;0;0;98;0;0;4171;0.00;0;0;0;0;0;0;0;0;0;0;0;0;0;0;0;0;15;0;98.0;98.0;0;0;0.00;0.00;0.00;0.0;0.0
4.597;28;0;98;0;0.0;19.700;1.340;33;34;0;0;100;0;100;0;0;0;0;88;88;0;0.000;0.000;0.000;0.000;0.000;0.000;0.0;0.0;0;15;0.000;0.000;9.7;0;0.0;0;0;0;0;45;98;0;0;4171;0.00;0;0;0;0;0;0;0;0;0;0;0;0;0;0;0;0;15;0;98.0;98.0;0;0;0.00;0.00;0.00;0.0;0.0
4.663;28;0;98;0;0.0;19.700;1.340;33;34;0;0;100;0;100;0;0;0;0;88;88;0;0.000;0.000;0.000;0.000;0.000;0.000;0.0;0.0;0;15;0.000;0.000;9.7;0;0.0;0;0;0;0;45;98;0;0;4171;0.00;0;0;0;0;0;0;0;0;0;0;0;0;0;0;0;0;15;0;98.0;98.0;0;0;0.00;0.00;0.00;0.0;0.0
4.728;29;0;98;0;0.0;19.700;1.340;33;34;0;0;100;0;100;0;0;0;0;88;88;0;0.000;0.000;0.000;0.000;0.000;0.000;0.0;0.0;0;15;0.000;0.000;10.1;0;0.0;0;0;0;0;45;98;0;0;4380;0.00;0;0;0;0;0;0;0;0;0;0;0;0;0;0;0;0;15;0;98.0;98.0;0;0;0.00;0.00;0.00;0.0;0.0
4.794;29;0;98;0;0.0;19.700;1.340;33;34;0;0;100;0;100;0;0;0;0;88;88;0;0.000;0.000;0.000;0.000;0.000;0.000;0.0;0.0;0;15;0.000;0.000;10.1;0;0.0;0;0;0;0;45;98;0;0;4380;0.00;0;0;0;0;0;0;0;0;0;0;0;0;0;0;0;0;15;0;98.0;98.0;0;0;0.00;0.00;0.00;0.0;0.0
4.860;29;0;98;0;0.0;19.700;1.340;33;34;0;0;100;0;100;0;0;0;0;88;88;0;0.000;0.000;0.000;0.000;0.000;0.000;0.0;0.0;0;15;0.000;0.000;10.1;0;0.0;0;0;0;0;45;98;0;0;4380;0.00;0;0;0;0;0;0;0;0;0;0;0;0;0;0;0;0;15;0;98.0;98.0;0;0;0.00;0.00;0.00;0.0;0.0
4.929;29;0;98;0;0.0;19.700;1.340;33;34;0;0;100;0;100;0;0;0;0;88;88;0;0.000;0.000;0.000;0.000;0.000;0.000;0.0;0.0;0;15;0.000;0.000;10.1;0;0.0;0;0;0;0;45;98;0;0;4380;0.00;0;0;0;0;0;0;0;0;0;0;0;0;0;0;0;0;15;0;98.0;98.0;0;0;0.00;0.00;0.00;0.0;0.0
4.929;29;0;98;0;0.0;19.700;1.340;33;34;0;0;100;0;100;0;0;0;0;88;88;0;0.000;0.000;0.000;0.000;0.000;0.000;0.0;0.0;0;15;0.000;0.000;10.3;0;0.0;0;0;0;0;45;98;0;0;4380;0.00;0;0;0;0;0;0;0;0;0;0;0;0;0;0;0;0;15;0;98.0;98.0;0;0;0.00;0.00;0.00;0.0;0.0
5.064;29;0;98;0;0.0;19.700;1.340;33;34;0;0;100;0;100;0;0;0;0;88;88;0;0.000;0.000;0.000;0.000;0.000;0.000;0.0;0.0;0;15;0.000;0.000;10.3;0;0.0;0;0;0;0;45;98;0;0;4380;0.00;0;0;0;0;0;0;0;0;0;0;0;0;0;0;0;0;15;0;98.0;98.0;0;0;0.00;0.00;0.00;0.0;0.0
5.064;29;0;98;0;0.0;19.700;1.340;33;34;0;0;100;0;100;0;0;0;0;88;88;0;0.000;0.000;0.000;0.000;0.000;0.000;0.0;0.0;0;15;0.000;0.000;10.3;0;0.0;0;0;0;0;45;98;0;0;4380;0.00;0;0;0;0;0;0;0;0;0;0;0;0;0;0;0;0;15;0;98.0;98.0;0;0;0.00;0.00;0.00;0.0;0.0
5.196;29;0;98;0;0.0;19.700;1.340;33;34;0;0;100;0;100;0;0;0;0;88;88;0;0.000;0.000;0.000;0.000;0.000;0.000;0.0;0.0;0;15;0.000;0.000;10.3;0;0.0;0;0;0;0;45;98;0;0;4380;0.00;0;0;0;0;0;0;0;0;0;0;0;0;0;0;0;0;15;0;98.0;98.0;0;0;0.00;0.00;0.00;0.0;0.0
5.261;29;0;98;0;0.0;19.700;1.340;33;34;0;0;100;0;100;0;0;0;0;88;88;0;0.000;0.000;0.000;0.000;0.000;0.000;0.0;0.0;0;15;0.000;0.000;10.4;0;0.0;0;0;0;0;45;98;0;0;4380;0.00;0;0;0;0;0;0;0;0;0;0;0;0;0;0;0;0;15;0;98.0;98.0;0;0;0.00;0.00;0.00;0.0;0.0
5.261;29;0;98;0;0.0;19.700;1.340;33;34;0;0;100;0;100;0;0;0;0;88;88;0;0.000;0.000;0.000;0.000;0.000;0.000;0.0;0.0;0;15;0.000;0.000;10.4;0;0.0;0;0;0;0;45;98;0;0;4380;0.00;0;0;0;0;0;0;0;0;0;0;0;0;0;0;0;0;15;0;98.0;98.0;0;0;0.00;0.00;0.00;0.0;0.0
5.396;29;0;98;0;0.0;19.700;1.340;33;34;0;0;100;0;100;0;0;0;0;88;88;0;0.000;0.000;0.000;0.000;0.000;0.000;0.0;0.0;0;15;0.000;0.000;10.4;0;0.0;0;0;0;0;45;98;0;0;4380;0.00;0;0;0;0;0;0;0;0;0;0;0;0;0;0;0;0;15;0;98.0;98.0;0;0;0.00;0.00;0.00;0.0;0.0
5.462;29;0;98;0;0.0;19.700;1.340;33;34;0;0;100;0;100;0;0;0;0;88;88;0;0.000;0.000;0.000;0.000;0.000;0.000;0.0;0.0;0;15;0.000;0.000;10.5;0;0.0;0;0;0;0;45;98;0;0;4380;0.00;0;0;0;0;0;0;0;0;0;0;0;0;0;0;0;0;15;0;98.0;98.0;0;0;0.00;0.00;0.00;0.0;0.0
5.528;29;0;98;0;0.0;19.700;1.340;33;34;0;0;100;0;100;0;0;0;0;88;88;0;0.000;0.000;0.000;0.000;0.000;0.000;0.0;0.0;0;15;0.000;0.000;10.5;0;0.0;0;0;0;0;45;98;0;0;4380;0.00;0;0;0;0;0;0;0;0;0;0;0;0;0;0;0;0;15;0;98.0;98.0;0;0;0.00;0.00;0.00;0.0;0.0
5.597;29;0;98;0;0.0;19.700;1.340;33;34;0;0;100;0;100;0;0;0;0;88;88;0;0.000;0.000;0.000;0.000;0.000;0.000;0.0;0.0;0;15;0.000;0.000;10.5;0;0.0;0;0;0;0;45;98;0;0;4380;0.00;0;0;0;0;0;0;0;0;0;0;0;0;0;0;0;0;15;0;98.0;98.0;0;0;0.00;0.00;0.00;0.0;0.0
5.662;29;0;98;0;0.0;19.700;1.340;33;34;0;0;100;0;100;0;0;0;0;88;88;0;0.000;0.000;0.000;0.000;0.000;0.000;0.0;0.0;0;15;0.000;0.000;10.5;0;0.0;0;0;0;0;45;98;0;0;4380;0.00;0;0;0;0;0;0;0;0;0;0;0;0;0;0;0;0;15;0;98.0;98.0;0;0;0.00;0.00;0.00;0.0;0.0
5.728;30;0;98;0;0.0;19.700;1.340;33;34;0;0;100;0;100;0;0;0;0;88;88;0;0.000;0.000;0.000;0.000;0.000;0.000;0.0;0.0;0;15;0.000;0.000;10.5;0;0.0;0;0;0;0;45;98;0;0;4146;0.00;0;0;0;0;0;0;0;0;0;0;0;0;0;0;0;0;15;0;98.0;98.0;0;0;0.00;0.00;0.00;0.0;0.0
5.793;30;0;98;0;0.0;19.700;1.340;33;34;0;0;100;0;100;0;0;0;0;88;88;0;0.000;0.000;0.000;0.000;0.000;0.000;0.0;0.0;0;15;0.000;0.000;10.5;0;0.0;0;0;0;0;45;98;0;0;4146;0.00;0;0;0;0;0;0;0;0;0;0;0;0;0;0;0;0;15;0;98.0;98.0;0;0;0.00;0.00;0.00;0.0;0.0
5.863;30;0;98;0;0.0;19.700;1.340;33;34;0;0;100;0;100;0;0;0;0;88;88;0;0.000;0.000;0.000;0.000;0.000;0.000;0.0;0.0;0;15;0.000;0.000;10.5;0;0.0;0;0;0;0;45;98;0;0;4146;0.00;0;0;0;0;0;0;0;0;0;0;0;0;0;0;0;0;15;0;98.0;98.0;0;0;0.00;0.00;0.00;0.0;0.0
5.929;30;0;98;0;0.0;19.700;1.340;33;34;0;0;100;0;100;0;0;0;0;88;88;0;0.000;0.000;0.000;0.000;0.000;0.000;0.0;0.0;0;15;0.000;0.000;10.5;0;0.0;0;0;0;0;45;98;0;0;4146;0.00;0;0;0;0;0;0;0;0;0;0;0;0;0;0;0;0;15;0;98.0;98.0;0;0;0.00;0.00;0.00;0.0;0.0
5.994;30;0;98;0;0.0;19.700;1.340;33;34;0;0;100;0;100;0;0;0;0;88;88;0;0.000;0.000;0.000;0.000;0.000;0.000;0.0;0.0;0;15;0.000;0.000;10.6;0;0.0;0;0;0;0;45;98;0;0;4146;0.00;0;0;0;0;0;0;0;0;0;0;0;0;0;0;0;0;15;0;98.0;98.0;0;0;0.00;0.00;0.00;0.0;0.0
6.060;30;0;98;0;0.0;19.700;1.340;33;34;0;0;100;0;100;0;0;0;0;88;88;0;0.000;0.000;0.000;0.000;0.000;0.000;0.0;0.0;0;15;0.000;0.000;10.6;0;0.0;0;0;0;0;45;98;0;0;4146;0.00;0;0;0;0;0;0;0;0;0;0;0;0;0;0;0;0;15;0;98.0;98.0;0;0;0.00;0.00;0.00;0.0;0.0
6.129;30;0;98;0;0.0;19.700;1.340;33;34;0;0;100;0;100;0;0;0;0;88;88;0;0.000;0.000;0.000;0.000;0.000;0.000;0.0;0.0;0;15;0.000;0.000;10.6;0;0.0;0;0;0;0;45;98;0;0;4146;0.00;0;0;0;0;0;0;0;0;0;0;0;0;0;0;0;0;15;0;98.0;98.0;0;0;0.00;0.00;0.00;0.0;0.0
6.195;30;0;98;0;0.0;19.700;1.340;33;34;0;0;100;0;100;0;0;0;0;88;88;0;0.000;0.000;0.000;0.000;0.000;0.000;0.0;0.0;0;15;0.000;0.000;10.6;0;0.0;0;0;0;0;45;98;0;0;4146;0.00;0;0;0;0;0;0;0;0;0;0;0;0;0;0;0;0;15;0;98.0;98.0;0;0;0.00;0.00;0.00;0.0;0.0
6.195;30;0;98;0;0.0;19.700;1.340;33;34;0;0;100;0;100;0;0;0;0;88;88;0;0.000;0.000;0.000;0.000;0.000;0.000;0.0;0.0;0;15;0.000;0.000;10.6;0;0.0;0;0;0;0;45;98;0;0;4146;0.00;0;0;0;0;0;0;0;0;0;0;0;0;0;0;0;0;15;0;98.0;98.0;0;0;0.00;0.00;0.00;0.0;0.0
6.330;30;0;98;0;0.0;19.700;1.340;33;34;0;0;100;0;100;0;0;0;0;88;88;0;0.000;0.000;0.000;0.000;0.000;0.000;0.0;0.0;0;15;0.000;0.000;10.6;0;0.0;0;0;0;0;45;98;0;0;4146;0.00;0;0;0;0;0;0;0;0;0;0;0;0;0;0;0;0;15;0;98.0;98.0;0;0;0.00;0.00;0.00;0.0;0.0
6.396;30;0;98;0;0.0;19.700;1.340;33;34;0;0;100;0;100;0;0;0;0;88;88;0;0.000;0.000;0.000;0.000;0.000;0.000;0.0;0.0;0;15;0.000;0.000;10.6;0;0.0;0;0;0;0;45;98;0;0;4146;0.00;0;0;0;0;0;0;0;0;0;0;0;0;0;0;0;0;15;0;98.0;98.0;0;0;0.00;0.00;0.00;0.0;0.0
6.461;30;0;98;0;0.0;19.700;1.340;33;34;0;0;100;0;100;0;0;0;0;88;88;0;0.000;0.000;0.000;0.000;0.000;0.000;0.0;0.0;0;15;0.000;0.000;10.6;0;0.0;0;0;0;0;45;98;0;0;4146;0.00;0;0;0;0;0;0;0;0;0;0;0;0;0;0;0;0;15;0;98.0;98.0;0;0;0.00;0.00;0.00;0.0;0.0
6.527;30;0;98;0;0.0;19.700;1.340;33;34;0;0;100;0;100;0;0;0;0;88;88;0;0.000;0.000;0.000;0.000;0.000;0.000;0.0;0.0;0;15;0.000;0.000;10.6;0;0.0;0;0;0;0;45;98;0;0;4146;0.00;0;0;0;0;0;0;0;0;0;0;0;0;0;0;0;0;15;0;98.0;98.0;0;0;0.00;0.00;0.00;0.0;0.0
6.596;30;0;98;0;0.0;19.700;1.340;33;34;0;0;100;0;100;0;0;0;0;88;88;0;0.000;0.000;0.000;0.000;0.000;0.000;0.0;0.0;0;15;0.000;0.000;10.6;0;0.0;0;0;0;0;45;98;0;0;4146;0.00;0;0;0;0;0;0;0;0;0;0;0;0;0;0;0;0;15;0;98.0;98.0;0;0;0.00;0.00;0.00;0.0;0.0
6.662;30;0;98;0;0.0;19.700;1.340;33;34;0;0;100;0;100;0;0;0;0;88;88;0;0.000;0.000;0.000;0.000;0.000;0.000;0.0;0.0;0;15;0.000;0.000;10.6;0;0.0;0;0;0;0;45;98;0;0;4146;0.00;0;0;0;0;0;0;0;0;0;0;0;0;0;0;0;0;15;0;98.0;98.0;0;0;0.00;0.00;0.00;0.0;0.0
6.728;31;0;98;0;0.0;19.700;1.340;33;34;0;0;100;0;100;0;0;0;0;88;88;0;0.000;0.000;0.000;0.000;0.000;0.000;0.0;0.0;0;15;0.000;0.000;10.6;0;0.0;0;0;0;0;45;98;0;0;4146;0.00;0;0;0;0;0;0;0;0;0;0;0;0;0;0;0;0;15;0;98.0;98.0;0;0;0.00;0.00;0.00;0.0;0.0
6.793;31;0;98;0;0.0;19.700;1.340;33;34;0;0;100;0;100;0;0;0;0;88;88;0;0.000;0.000;0.000;0.000;0.000;0.000;0.0;0.0;0;15;0.000;0.000;10.6;0;0.0;0;0;0;0;45;98;0;0;4146;0.00;0;0;0;0;0;0;0;0;0;0;0;0;0;0;0;0;15;0;98.0;98.0;0;0;0.00;0.00;0.00;0.0;0.0
6.793;31;0;98;0;0.0;19.700;1.340;33;34;0;0;100;0;100;0;0;0;0;88;88;0;0.000;0.000;0.000;0.000;0.000;0.000;0.0;0.0;0;15;0.000;0.000;10.6;0;0.0;0;0;0;0;45;98;0;0;4146;0.00;0;0;0;0;0;0;0;0;0;0;0;0;0;0;0;0;15;0;98.0;98.0;0;0;0.00;0.00;0.00;0.0;0.0
6.928;31;0;98;0;0.0;19.700;1.340;33;34;0;0;100;0;100;0;0;0;0;88;88;0;0.000;0.000;0.000;0.000;0.000;0.000;0.0;0.0;0;15;0.000;0.000;10.6;0;0.0;0;0;0;0;45;98;0;0;4146;0.00;0;0;0;0;0;0;0;0;0;0;0;0;0;0;0;0;15;0;98.0;98.0;0;0;0.00;0.00;0.00;0.0;0.0
6.993;31;0;98;0;0.0;19.700;1.340;33;34;0;0;100;0;100;0;0;0;0;88;88;0;0.000;0.000;0.000;0.000;0.000;0.000;0.0;0.0;0;15;0.000;0.000;10.7;0;0.0;0;0;0;0;45;98;0;0;4146;0.00;0;0;0;0;0;0;0;0;0;0;0;0;0;0;0;0;15;0;98.0;98.0;0;0;0.00;0.00;0.00;0.0;0.0
7.063;31;0;98;0;0.0;19.700;1.340;33;34;0;0;100;0;100;0;0;0;0;88;88;0;0.000;0.000;0.000;0.000;0.000;0.000;0.0;0.0;0;15;0.000;0.000;10.7;0;0.0;0;0;0;0;45;98;0;0;4146;0.00;0;0;0;0;0;0;0;0;0;0;0;0;0;0;0;0;15;0;98.0;98.0;0;0;0.00;0.00;0.00;0.0;0.0
7.129;31;0;98;0;0.0;19.700;1.340;33;34;0;0;100;0;100;0;0;0;0;88;88;0;0.000;0.000;0.000;0.000;0.000;0.000;0.0;0.0;0;15;0.000;0.000;10.7;0;0.0;0;0;0;0;45;98;0;0;4146;0.00;0;0;0;0;0;0;0;0;0;0;0;0;0;0;0;0;15;0;98.0;98.0;0;0;0.00;0.00;0.00;0.0;0.0
7.195;31;0;98;0;0.0;19.700;1.340;33;34;0;0;100;0;100;0;0;0;0;88;88;0;0.000;0.000;0.000;0.000;0.000;0.000;0.0;0.0;0;15;0.000;0.000;10.7;0;0.0;0;0;0;0;45;98;0;0;4146;0.00;0;0;0;0;0;0;0;0;0;0;0;0;0;0;0;0;15;0;98.0;98.0;0;0;0.00;0.00;0.00;0.0;0.0
7.260;31;0;98;0;0.0;19.700;1.340;33;34;0;0;100;0;100;0;0;0;0;88;88;0;0.000;0.000;0.000;0.000;0.000;0.000;0.0;0.0;0;15;0.000;0.000;10.8;0;0.0;0;0;0;0;45;98;0;0;4146;0.00;0;0;0;0;0;0;0;0;0;0;0;0;0;0;0;0;15;0;98.0;98.0;0;0;0.00;0.00;0.00;0.0;0.0
7.329;31;0;98;0;0.0;19.700;1.340;33;34;0;0;100;0;100;0;0;0;0;88;88;0;0.000;0.000;0.000;0.000;0.000;0.000;0.0;0.0;0;15;0.000;0.000;10.8;0;0.0;0;0;0;0;45;98;0;0;4146;0.00;0;0;0;0;0;0;0;0;0;0;0;0;0;0;0;0;15;0;98.0;98.0;0;0;0.00;0.00;0.00;0.0;0.0
7.329;31;0;98;0;0.0;19.700;1.340;33;34;0;0;100;0;100;0;0;0;0;88;88;0;0.000;0.000;0.000;0.000;0.000;0.000;0.0;0.0;0;15;0.000;0.000;10.8;0;0.0;0;0;0;0;45;98;0;0;4146;0.00;0;0;0;0;0;0;0;0;0;0;0;0;0;0;0;0;15;0;98.0;98.0;0;0;0.00;0.00;0.00;0.0;0.0
7.460;31;0;98;0;0.0;19.700;1.340;33;34;0;0;100;0;100;0;0;0;0;88;88;0;0.000;0.000;0.000;0.000;0.000;0.000;0.0;0.0;0;15;0.000;0.000;10.8;0;0.0;0;0;0;0;45;98;0;0;4146;0.00;0;0;0;0;0;0;0;0;0;0;0;0;0;0;0;0;15;0;98.0;98.0;0;0;0.00;0.00;0.00;0.0;0.0
7.460;31;0;98;0;0.0;19.600;1.333;33;34;0;0;100;0;100;0;0;0;0;88;88;0;0.000;0.000;0.000;0.000;0.000;0.000;0.0;0.0;0;15;0.000;0.000;10.3;0;0.0;0;0;0;0;45;98;0;0;4146;0.00;0;0;0;0;0;0;0;0;0;0;0;0;0;0;0;0;15;0;98.0;98.0;0;0;0.00;0.00;0.00;0.0;0.0
7.595;31;0;95;0;0.0;17.600;1.197;33;34;0;0;100;0;100;0;0;0;0;85;85;0;0.000;0.000;0.000;0.000;0.000;0.000;0.0;0.0;0;16;0.000;0.000;10.3;0;-0.4;0;0;0;0;45;98;0;0;4146;0.00;0;0;0;0;0;0;0;0;0;0;0;0;0;0;0;0;16;0;95.0;95.0;0;0;0.00;0.00;0.00;0.0;0.0
7.661;31;0;95;0;0.0;16.400;1.116;33;34;0;0;100;0;100;0;0;0;0;85;85;0;0.000;0.000;0.000;0.000;0.000;0.000;0.0;0.0;0;16;0.000;0.000;10.3;0;-0.4;0;0;0;0;45;98;0;0;4146;0.00;0;0;0;0;0;0;0;0;0;0;0;0;0;0;0;0;16;0;95.0;95.0;0;0;0.00;0.00;0.00;0.0;0.0
7.730;31;0;97;0;0.0;15.900;1.082;33;34;0;0;100;0;100;0;0;0;0;87;87;0;0.000;0.000;0.000;0.000;0.000;0.000;0.0;0.0;0;15;0.000;0.000;10.3;0;-0.1;0;0;0;0;45;98;0;0;4146;0.00;0;0;0;0;0;0;0;0;0;0;0;0;0;0;0;0;15;0;97.0;97.0;2;0;0.00;0.00;0.00;0.0;0.0
7.730;32;0;88;0;0.0;16.900;1.150;33;34;0;0;100;0;100;0;0;0;0;79;79;0;0.000;0.000;0.000;0.000;0.000;0.000;0.0;0.0;0;18;0.000;0.000;9.9;0;-1.5;0;0;0;0;45;98;0;0;4192;0.00;0;0;0;0;0;0;0;0;0;0;0;0;0;0;0;0;18;0;88.0;88.0;2;0;0.00;0.00;0.00;0.0;0.0
7.862;32;0;94;0;0.0;16.600;1.129;33;34;0;0;100;0;100;0;0;0;0;84;84;0;0.000;0.000;0.000;0.000;0.000;0.000;0.0;0.0;0;16;0.000;0.000;9.9;0;-0.6;0;0;0;0;45;98;0;0;4192;0.00;0;0;0;0;0;0;0;0;0;0;0;0;0;0;0;0;16;0;94.0;94.0;2;0;0.00;0.00;0.00;0.0;0.0
7.927;32;0;88;0;0.0;16.200;1.102;33;34;0;0;100;0;100;0;0;0;0;79;79;0;0.000;0.000;0.000;0.000;0.000;0.000;0.0;0.0;0;18;0.000;0.000;9.9;0;-1.5;0;0;0;0;45;98;0;0;4192;0.00;0;0;0;0;0;0;0;0;0;0;0;0;0;0;0;0;18;0;88.0;88.0;2;0;0.00;0.00;0.00;0.0;0.0
7.993;32;0;90;0;0.0;17.600;1.197;33;34;0;0;100;0;100;0;0;0;0;81;81;0;0.000;0.000;0.000;0.000;0.000;0.000;0.0;0.0;0;17;0.000;0.000;9.3;0;-1.2;0;0;0;0;45;98;0;0;4192;0.00;0;0;0;0;0;0;0;0;0;0;0;0;0;0;0;0;17;0;90.0;90.0;2;0;0.00;0.00;0.00;0.0;0.0
8.062;32;0;86;0;0.0;16.100;1.095;33;34;0;0;100;0;100;0;0;0;0;77;77;0;0.000;0.000;0.000;0.000;0.000;0.000;0.0;0.0;0;18;0.000;0.000;9.3;0;-1.7;0;0;0;0;45;98;0;0;4192;0.00;0;0;0;0;0;0;0;0;0;0;0;0;0;0;0;0;18;0;86.0;86.0;2;0;0.00;0.00;0.00;0.0;0.0
8.128;32;0;91;0;0.0;17.500;1.190;33;34;0;0;100;0;100;0;0;0;0;81;81;0;0.000;0.000;0.000;0.000;0.000;0.000;0.0;0.0;0;17;0.000;0.000;9.3;0;-1.0;0;0;0;0;45;98;0;0;4192;0.00;0;0;0;0;0;0;0;0;0;0;0;0;0;0;0;0;17;0;91.0;91.0;2;0;0.00;0.00;0.00;0.0;0.0
8.193;32;0;84;0;0.0;17.300;1.177;33;34;0;0;100;0;100;0;0;0;0;75;75;0;0.000;0.000;0.000;0.000;0.000;0.000;0.0;0.0;0;18;0.000;0.000;9.3;0;-2.0;0;0;0;0;45;98;0;0;4192;0.00;0;0;0;0;0;0;0;0;0;0;0;0;0;0;0;0;18;0;84.0;84.0;2;0;0.00;0.00;0.00;0.0;0.0
8.263;32;250;91;22750;0.0;16.800;1.143;33;34;10;0;100;101;100;142;100;344;100;81;81;0;7.694;7.694;0.000;0.000;16.800;1.143;6.4;0.0;0;12;4.770;4.500;9.0;0;-1.0;0;0;0;0;45;98;0;0;4192;1006.08;0;0;0;0;0;0;0;0;0;0;0;0;0;0;0;0;12;0;91.0;91.0;2;0;0.00;0.00;0.00;0.0;0.0
8.329;32;250;91;22750;0.0;16.700;1.136;33;34;10;0;100;101;100;142;100;344;100;81;81;0;7.694;7.694;0.000;0.000;16.700;1.136;6.4;0.0;0;12;4.770;4.500;9.0;0;-1.0;0;0;0;0;45;98;0;0;4192;1006.08;0;0;0;0;0;0;0;0;0;0;0;0;0;0;0;0;12;0;91.0;91.0;2;0;0.00;0.00;0.00;0.0;0.0
8.394;32;247;86;21242;0.0;16.200;1.102;33;34;10;0;100;101;100;142;100;344;100;77;77;0;7.164;7.164;0.000;0.000;16.200;1.102;5.9;0.0;0;12;4.770;4.750;9.0;2500;-1.7;0;0;0;0;45;98;0;0;4192;1018.30;0;0;0;0;0;0;0;0;0;0;0;0;0;0;0;0;12;0;86.0;86.0;2;0;0.00;0.00;0.00;0.0;0.0
8.464;32;247;86;21242;0.0;16.400;1.116;33;34;10;0;100;101;100;142;100;344;100;77;77;0;7.164;7.164;0.000;0.000;16.400;1.116;5.9;0.0;0;12;4.770;4.750;9.0;-30;-1.7;0;0;0;0;45;98;0;0;4192;1018.30;0;0;0;0;0;0;0;0;0;0;0;0;0;0;0;0;12;0;86.0;86.0;2;0;0.00;0.00;0.00;0.0;0.0
8.530;32;252;86;21672;0.0;16.100;1.095;33;34;10;0;100;101;100;142;100;344;100;77;77;0;7.092;7.092;0.000;0.000;16.100;1.095;6.0;0.0;0;12;4.770;4.780;9.2;-30;-1.7;0;0;0;0;45;98;0;0;4192;998.10;0;0;0;0;0;0;0;0;0;0;0;0;0;0;0;0;12;0;86.0;86.0;2;0;0.00;0.00;0.00;0.0;0.0
8.595;32;252;86;21672;0.0;16.400;1.116;33;34;10;0;100;101;100;142;100;344;100;77;77;0;7.092;7.092;0.000;0.000;16.400;1.116;6.0;0.0;0;12;4.770;4.783;9.2;50;-1.7;0;0;0;0;45;98;0;0;4192;998.10;0;0;0;0;0;0;0;0;0;0;0;0;0;0;0;0;12;0;86.0;86.0;2;0;0.00;0.00;0.00;0.0;0.0
8.664;32;250;86;21500;0.0;15.700;1.068;33;34;10;0;100;101;100;142;100;344;100;77;77;0;7.092;7.092;0.000;0.000;15.700;1.068;5.9;0.0;0;12;4.770;4.783;9.2;-20;-1.7;0;0;0;0;45;98;0;0;4192;1006.08;0;0;0;0;0;0;0;0;0;0;0;0;0;0;0;0;12;0;86.0;86.0;2;0;0.00;0.00;0.00;0.0;0.0
8.730;32;253;85;21505;0.0;16.100;1.095;33;34;10;0;100;101;100;142;100;344;100;76;76;0;6.951;6.951;0.000;0.000;16.100;1.095;5.9;0.0;0;12;4.770;4.783;9.2;-20;-1.9;0;0;0;0;45;98;0;0;4192;994.15;0;0;0;0;0;0;0;0;0;0;0;0;0;0;0;0;12;0;85.0;85.0;2;0;0.00;0.00;0.00;0.0;0.0
8.795;33;253;85;21505;0.0;16.200;1.102;33;34;10;0;100;101;100;142;100;344;100;76;76;0;6.915;6.915;0.000;0.000;16.200;1.102;5.8;0.0;0;12;4.770;4.783;9.3;30;-1.9;0;0;0;0;45;98;0;0;5267;1249.09;0;0;0;0;0;0;0;0;0;0;0;0;0;0;0;0;12;0;85.0;85.0;2;0;0.00;0.00;0.00;0.0;0.0
8.861;33;248;84;20832;0.0;15.800;1.075;33;34;10;0;100;101;100;142;100;344;100;75;75;0;6.823;6.823;0.000;0.000;15.800;1.075;5.6;0.0;0;12;4.770;4.783;9.3;-50;-2.0;0;0;0;0;45;98;0;0;5267;1274.27;0;0;0;0;0;0;0;0;0;0;0;0;0;0;0;0;12;0;84.0;84.0;2;0;0.00;0.00;0.00;0.0;0.0
8.927;33;248;84;20832;0.0;15.800;1.075;33;34;10;0;100;101;100;142;100;344;100;75;75;0;6.823;6.823;0.000;0.000;15.800;1.075;5.6;0.0;0;12;4.770;4.783;9.3;-50;-2.0;0;0;0;0;45;98;0;0;5267;1274.27;0;0;0;0;0;0;0;0;0;0;0;0;0;0;0;0;12;0;84.0;84.0;2;0;0.00;0.00;0.00;0.0;0.0
8.997;33;251;84;21084;0.0;15.800;1.075;33;34;10;0;100;101;100;142;100;344;100;75;75;0;6.823;6.823;0.000;0.000;15.800;1.075;5.7;0.0;0;12;4.770;4.783;9.3;0;-2.0;0;0;0;0;45;98;0;0;5267;1259.04;0;0;0;0;0;0;0;0;0;0;0;0;0;0;0;0;12;0;84.0;84.0;2;0;0.00;0.00;0.00;0.0;0.0
9.062;33;251;84;21084;0.0;15.700;1.068;33;34;10;0;100;101;100;142;100;344;100;75;75;0;6.787;6.787;0.000;0.000;15.700;1.068;5.7;0.0;0;12;4.725;4.745;9.4;30;-2.0;0;0;0;0;45;98;0;0;5267;1259.04;0;0;0;0;0;0;0;0;0;0;0;0;0;0;0;0;12;0;84.0;84.0;2;0;0.00;0.00;0.00;0.0;0.0
9.132;33;249;85;21165;0.0;15.700;1.068;33;34;10;0;100;101;100;142;100;344;100;76;76;0;6.879;6.879;0.000;0.000;15.700;1.068;5.7;0.0;0;12;4.725;4.745;9.4;30;-1.9;0;0;0;0;45;98;0;0;5267;1269.16;0;0;0;0;0;0;0;0;0;0;0;0;0;0;0;0;12;0;85.0;85.0;2;0;0.00;0.00;0.00;0.0;0.0
9.197;33;249;85;21165;0.0;15.600;1.061;33;34;10;0;100;101;100;142;100;344;100;76;76;0;6.879;6.879;0.000;0.000;15.600;1.061;5.7;0.0;0;12;4.725;4.740;9.4;-20;-1.9;0;0;0;0;45;98;0;0;5267;1269.16;0;0;0;0;0;0;0;0;0;0;0;0;0;0;0;0;12;0;85.0;85.0;2;0;0.00;0.00;0.00;0.0;0.0
9.262;33;253;84;21252;0.0;15.700;1.068;33;34;10;0;100;101;100;142;100;344;100;75;75;0;6.787;6.787;0.000;0.000;15.700;1.068;5.7;0.0;0;12;4.725;4.740;9.4;40;-2.0;0;0;0;0;45;98;0;0;5267;1249.09;0;0;0;0;0;0;0;0;0;0;0;0;0;0;0;0;12;0;84.0;84.0;2;0;0.00;0.00;0.00;0.0;0.0
9.328;33;253;84;21252;0.0;15.500;1.054;33;34;10;0;100;101;100;142;100;344;100;75;75;0;6.787;6.787;0.000;0.000;15.500;1.054;5.7;0.0;0;12;4.725;4.740;9.4;40;-2.0;0;0;0;0;45;98;0;0;5267;1249.09;0;0;0;0;0;0;0;0;0;0;0;0;0;0;0;0;12;0;84.0;84.0;2;0;0.00;0.00;0.00;0.0;0.0
9.394;33;247;84;20748;0.0;15.600;1.061;33;34;10;0;100;101;100;142;100;344;100;75;75;0;6.787;6.787;0.000;0.000;15.600;1.061;5.6;0.0;0;12;4.725;4.740;9.4;-60;-2.0;0;0;0;0;45;98;0;0;5267;1279.43;0;0;0;0;0;0;0;0;0;0;0;0;0;0;0;0;12;0;84.0;84.0;2;0;0.00;0.00;0.00;0.0;0.0
9.463;33;251;84;21084;0.0;15.500;1.054;33;34;10;0;100;101;100;142;100;344;100;75;75;0;6.787;6.787;0.000;0.000;15.500;1.054;5.7;0.0;0;12;4.725;4.740;9.4;40;-2.0;0;0;0;0;45;98;0;0;5267;1259.04;0;0;0;0;0;0;0;0;0;0;0;0;0;0;0;0;12;0;84.0;84.0;2;0;0.00;0.00;0.00;0.0;0.0
9.529;33;251;84;21084;0.0;15.700;1.068;33;34;10;0;100;101;100;142;100;344;100;75;75;0;6.787;6.787;0.000;0.000;15.700;1.068;5.7;0.0;0;12;4.725;4.740;9.4;40;-2.0;0;0;0;0;45;98;0;0;5267;1259.04;0;0;0;0;0;0;0;0;0;0;0;0;0;0;0;0;12;0;84.0;84.0;2;0;0.00;0.00;0.00;0.0;0.0
9.598;33;248;84;20832;0.0;15.400;1.048;33;34;10;0;100;101;100;142;100;344;100;75;75;0;6.787;6.787;0.000;0.000;15.400;1.048;5.6;0.0;0;12;4.725;4.740;9.4;0;-2.0;0;0;0;0;45;98;0;0;5267;1274.27;0;0;0;0;0;0;0;0;0;0;0;0;0;0;0;0;12;0;84.0;84.0;2;0;0.00;0.00;0.00;0.0;0.0
9.664;33;248;84;20832;0.0;15.600;1.061;33;34;10;0;100;101;100;142;100;344;100;75;75;0;6.787;6.787;0.000;0.000;15.600;1.061;5.6;0.0;0;12;4.725;4.740;9.4;0;-2.0;0;0;0;0;45;98;0;0;5267;1274.27;0;0;0;0;0;0;0;0;0;0;0;0;0;0;0;0;12;0;84.0;84.0;2;0;0.00;0.00;0.00;0.0;0.0
9.730;33;252;83;20916;0.0;15.400;1.048;33;34;10;0;100;101;100;142;100;344;100;74;74;0;6.649;6.649;0.000;0.000;15.400;1.048;5.6;0.0;0;12;4.725;4.740;9.4;-30;-2.2;0;0;0;0;45;98;0;0;5267;1254.05;0;0;0;0;0;0;0;0;0;0;0;0;0;0;0;0;12;0;83.0;83.0;2;0;0.00;0.00;0.00;0.0;0.0
9.730;34;252;83;20916;0.0;15.400;1.048;33;34;10;0;100;101;100;142;100;344;100;74;74;0;6.757;6.757;0.000;0.000;15.400;1.048;5.7;0.0;0;12;4.770;4.778;9.1;40;-2.2;0;0;0;0;45;98;0;0;1687;401.67;0;0;0;0;0;0;0;0;0;0;0;0;0;0;0;0;12;0;83.0;83.0;2;0;0.00;0.00;0.00;0.0;0.0
9.861;34;247;83;20501;0.0;15.500;1.054;33;34;10;0;100;101;100;142;100;344;100;74;74;0;6.757;6.757;0.000;0.000;15.500;1.054;5.6;0.0;0;12;4.770;4.778;9.1;40;-2.2;0;0;0;0;45;98;0;0;1687;409.80;0;0;0;0;0;0;0;0;0;0;0;0;0;0;0;0;12;0;83.0;83.0;2;0;0.00;0.00;0.00;0.0;0.0
9.930;34;251;84;21084;0.0;15.400;1.048;33;34;10;0;100;101;100;142;100;344;100;75;75;0;6.895;6.895;0.000;0.000;15.400;1.048;5.8;0.0;0;12;4.770;4.783;9.1;-50;-2.0;0;0;0;0;45;98;0;0;1687;403.27;0;0;0;0;0;0;0;0;0;0;0;0;0;0;0;0;12;0;84.0;84.0;2;0;0.00;0.00;0.00;0.0;0.0
9.996;34;251;84;21084;0.0;15.500;1.054;33;34;10;0;100;101;100;142;100;344;100;75;75;0;6.895;6.895;0.000;0.000;15.500;1.054;5.8;0.0;0;12;4.770;4.783;9.1;40;-2.0;0;0;0;0;45;98;0;0;1687;403.27;0;0;0;0;0;0;0;0;0;0;0;0;0;0;0;0;12;0;84.0;84.0;2;0;0.00;0.00;0.00;0.0;0.0
10.065;34;248;84;20832;0.0;15.400;1.048;33;34;10;0;100;101;100;142;100;344;100;75;75;0;6.991;6.991;0.000;0.000;15.400;1.048;5.8;0.0;0;12;4.770;4.783;8.8;40;-2.0;0;0;0;0;45;98;0;0;1687;408.15;0;0;0;0;0;0;0;0;0;0;0;0;0;0;0;0;12;0;84.0;84.0;2;0;0.00;0.00;0.00;0.0;0.0
10.131;34;248;84;20832;0.0;15.500;1.054;33;34;10;0;100;101;100;142;100;344;100;75;75;0;6.991;6.991;0.000;0.000;15.500;1.054;5.8;0.0;0;12;4.770;4.783;8.8;-30;-2.0;0;0;0;0;45;98;0;0;1687;408.15;0;0;0;0;0;0;0;0;0;0;0;0;0;0;0;0;12;0;84.0;84.0;2;0;0.00;0.00;0.00;0.0;0.0
10.196;34;252;83;20916;0.0;15.500;1.054;33;34;10;0;100;101;100;142;100;344;100;74;74;0;6.853;6.853;0.000;0.000;15.500;1.054;5.8;0.0;0;12;4.770;4.783;8.8;40;-2.2;0;0;0;0;45;98;0;0;1687;401.67;0;0;0;0;0;0;0;0;0;0;0;0;0;0;0;0;12;0;83.0;83.0;2;0;0.00;0.00;0.00;0.0;0.0
10.262;34;252;83;20916;0.0;15.600;1.061;33;34;10;0;100;101;100;142;100;344;100;74;74;0;6.853;6.853;0.000;0.000;15.600;1.061;5.8;0.0;0;12;4.770;4.783;8.8;40;-2.2;0;0;0;0;45;98;0;0;1687;401.67;0;0;0;0;0;0;0;0;0;0;0;0;0;0;0;0;12;0;83.0;83.0;2;0;0.00;0.00;0.00;0.0;0.0
10.328;34;247;83;20501;0.0;15.400;1.048;33;34;10;0;100;101;100;142;100;344;100;74;74;0;6.925;6.925;0.000;0.000;15.400;1.048;5.7;0.0;0;12;4.770;4.783;8.6;0;-2.2;0;0;0;0;45;98;0;0;1687;409.80;0;0;0;0;0;0;0;0;0;0;0;0;0;0;0;0;12;0;83.0;83.0;2;0;0.00;0.00;0.00;0.0;0.0
10.397;34;247;83;20501;0.0;15.500;1.054;33;34;10;0;100;101;100;142;100;344;100;74;74;0;6.925;6.925;0.000;0.000;15.500;1.054;5.7;0.0;0;12;4.770;4.783;8.6;-50;-2.2;0;0;0;0;45;98;0;0;1687;409.80;0;0;0;0;0;0;0;0;0;0;0;0;0;0;0;0;12;0;83.0;83.0;2;0;0.00;0.00;0.00;0.0;0.0
10.462;34;250;83;20750;0.0;15.400;1.048;33;34;10;0;100;101;100;142;100;344;100;74;74;0;6.925;6.925;0.000;0.000;15.400;1.048;5.8;0.0;0;12;4.770;4.783;8.6;-50;-2.2;0;0;0;0;45;98;0;0;1687;404.88;0;0;0;0;0;0;0;0;0;0;0;0;0;0;0;0;12;0;83.0;83.0;2;0;0.00;0.00;0.00;0.0;0.0
10.528;34;250;84;21000;0.0;15.400;1.048;33;34;10;0;100;101;100;142;100;344;100;75;75;0;7.063;7.063;0.000;0.000;15.400;1.048;5.9;0.0;0;12;4.770;4.783;8.6;30;-2.0;0;0;0;0;45;98;0;0;1687;404.88;0;0;0;0;0;0;0;0;0;0;0;0;0;0;0;0;12;0;84.0;84.0;2;0;0.00;0.00;0.00;0.0;0.0
10.528;34;248;84;20832;0.0;15.400;1.048;33;34;10;0;100;101;100;142;100;344;100;75;75;0;6.991;6.991;0.000;0.000;15.400;1.048;5.8;0.0;0;12;4.770;4.783;8.8;-20;-2.0;0;0;0;0;45;98;0;0;1687;408.15;0;0;0;0;0;0;0;0;0;0;0;0;0;0;0;0;12;0;84.0;84.0;2;0;0.00;0.00;0.00;0.0;0.0
10.663;34;252;83;20916;0.0;15.400;1.048;33;34;10;0;100;101;100;142;100;344;100;74;74;0;6.853;6.853;0.000;0.000;15.400;1.048;5.8;0.0;0;12;4.770;4.783;8.8;-20;-2.2;0;0;0;0;45;98;0;0;1687;401.67;0;0;0;0;0;0;0;0;0;0;0;0;0;0;0;0;12;0;83.0;83.0;2;0;0.00;0.00;0.00;0.0;0.0
10.729;34;252;83;20916;0.0;15.400;1.048;33;34;10;0;100;101;100;142;100;344;100;74;74;0;6.853;6.853;0.000;0.000;15.400;1.048;5.8;0.0;0;12;4.770;4.783;8.8;40;-2.2;0;0;0;0;45;98;0;0;1687;401.67;0;0;0;0;0;0;0;0;0;0;0;0;0;0;0;0;12;0;83.0;83.0;2;0;0.00;0.00;0.00;0.0;0.0
10.794;35;247;83;20501;0.0;15.300;1.041;33;34;10;0;100;101;100;142;100;344;100;74;74;0;6.793;6.793;0.000;0.000;15.300;1.041;5.6;0.0;0;12;4.770;5.857;9.0;-50;-2.2;0;0;0;0;45;98;0;0;1687;409.80;0;0;0;0;0;0;0;0;0;0;0;0;0;0;0;0;12;0;83.0;83.0;2;0;0.00;0.00;0.00;0.0;0.0
10.860;35;247;83;20501;0.0;15.300;1.041;33;34;10;0;100;101;100;142;100;344;100;74;74;0;6.793;6.793;0.000;0.000;15.300;1.041;5.6;0.0;0;12;4.770;5.857;9.0;-50;-2.2;0;0;0;0;45;98;0;0;1687;409.80;0;0;0;0;0;0;0;0;0;0;0;0;0;0;0;0;12;0;83.0;83.0;2;0;0.00;0.00;0.00;0.0;0.0
10.860;35;250;83;20750;0.0;15.300;1.041;33;34;10;0;100;101;100;142;100;344;100;74;74;0;6.793;6.793;0.000;0.000;15.300;1.041;5.7;0.0;0;12;4.770;2.699;9.0;0;-2.2;0;0;0;0;45;98;0;0;1687;404.88;0;0;0;0;0;0;0;0;0;0;0;0;0;0;0;0;12;0;83.0;83.0;2;0;0.00;0.00;0.00;0.0;0.0
10.995;35;250;83;20750;0.0;15.300;1.041;33;34;10;0;100;101;100;142;100;344;100;74;74;0;6.793;6.793;0.000;0.000;15.300;1.041;5.7;0.0;0;12;4.770;5.168;9.0;30;-2.2;0;0;0;0;45;98;0;0;1687;404.88;0;0;0;0;0;0;0;0;0;0;0;0;0;0;0;0;12;0;83.0;83.0;2;0;0.00;0.00;0.00;0.0;0.0
11.064;35;248;84;20832;0.0;15.400;1.048;33;34;10;0;100;101;100;142;100;344;100;75;75;0;6.751;6.751;0.000;0.000;15.400;1.048;5.6;0.0;0;12;4.725;5.168;9.6;30;-2.0;0;0;0;0;45;98;0;0;1687;408.15;0;0;0;0;0;0;0;0;0;0;0;0;0;0;0;0;12;0;84.0;84.0;2;0;0.00;0.00;0.00;0.0;0.0
11.130;35;248;83;20584;0.0;17.200;1.170;33;34;10;0;100;101;100;142;100;344;100;74;74;0;6.613;6.613;0.000;0.000;17.200;1.170;5.5;0.0;0;12;4.725;3.543;9.6;-20;-2.2;0;0;0;0;45;98;0;0;1687;408.15;0;0;0;0;0;0;0;0;0;0;0;0;0;0;0;0;12;0;83.0;83.0;2;0;0.00;0.00;0.00;0.0;0.0
11.196;35;248;83;20584;0.0;16.000;1.088;33;34;10;0;100;101;100;142;100;344;100;74;74;0;6.613;6.613;0.000;0.000;16.000;1.088;5.5;0.0;0;12;4.725;3.543;9.6;0;-2.2;0;0;0;0;45;98;0;0;1687;408.15;0;0;0;0;0;0;0;0;0;0;0;0;0;0;0;0;12;0;83.0;83.0;2;0;0.00;0.00;0.00;0.0;0.0
11.196;35;129;83;10707;0.0;15.700;1.068;33;34;10;0;100;101;100;142;100;344;100;74;74;0;6.613;6.613;0.000;0.000;15.700;1.068;2.8;0.0;0;12;4.725;3.543;9.6;0;-2.2;0;0;0;0;45;98;0;0;1687;784.65;0;0;0;0;0;0;0;0;0;0;0;0;0;0;0;0;12;0;83.0;83.0;2;0;0.00;0.00;0.00;0.0;0.0
11.327;35;129;83;10707;0.0;17.400;1.184;33;34;10;0;100;101;100;142;100;344;100;74;74;0;6.529;6.529;0.000;0.000;17.400;1.184;2.8;0.0;0;12;4.680;3.543;10.0;-1190;-2.2;0;0;0;0;45;98;0;0;1687;784.65;0;0;0;0;0;0;0;0;0;0;0;0;0;0;0;0;12;0;83.0;83.0;2;0;0.00;0.00;0.00;0.0;0.0
11.396;35;129;83;10707;0.0;18.700;1.272;33;34;10;0;100;101;100;142;100;344;100;74;74;0;6.529;6.529;0.000;0.000;18.700;1.272;2.8;0.0;0;12;4.680;3.543;10.0;0;-2.2;0;0;0;0;45;98;0;0;1687;784.65;0;0;0;0;0;0;0;0;0;0;0;0;0;0;0;0;12;0;83.0;83.0;2;0;0.00;0.00;0.00;0.0;0.0
11.462;35;129;83;10707;0.0;17.200;1.170;33;34;10;0;100;101;100;142;100;344;100;74;74;0;6.529;6.529;0.000;0.000;17.200;1.170;2.8;0.0;0;12;4.680;4.560;10.0;0;-2.2;0;0;0;0;45;98;0;0;1687;784.65;0;0;0;0;0;0;0;0;0;0;0;0;0;0;0;0;12;0;83.0;83.0;2;0;0.00;0.00;0.00;0.0;0.0
11.462;35;129;97;12513;0.0;16.000;1.088;33;34;10;0;100;101;100;142;100;344;100;87;87;0;8.196;8.196;0.000;0.000;16.000;1.088;3.5;0.0;0;12;4.680;4.560;10.0;0;-0.1;0;0;0;0;45;98;0;0;1687;784.65;0;0;0;0;0;0;0;0;0;0;0;0;0;0;0;0;12;0;97.0;97.0;2;0;0.00;0.00;0.00;0.0;0.0
11.597;35;129;97;12513;0.0;15.700;1.068;33;34;10;0;100;101;100;142;100;344;100;87;87;0;8.208;8.208;0.000;0.000;15.700;1.068;3.5;0.0;0;12;4.725;4.560;9.9;0;-0.1;0;0;0;0;45;98;0;0;1687;784.65;0;0;0;0;0;0;0;0;0;0;0;0;0;0;0;0;12;0;97.0;97.0;2;0;0.00;0.00;0.00;0.0;0.0
11.666;35;129;100;12900;0.0;15.600;1.061;33;34;10;0;100;101;100;142;100;344;100;89;89;0;8.583;8.583;0.000;0.000;15.600;1.061;3.7;0.0;0;12;4.725;4.680;9.9;0;0.3;0;0;0;0;45;98;0;0;1687;784.65;0;0;0;0;0;0;0;0;0;0;0;0;0;0;0;0;12;0;100.0;100.0;2;0;0.00;0.00;0.00;0.0;0.0
11.736;35;129;98;12642;0.0;15.600;1.061;33;34;10;0;100;101;100;142;100;344;100;88;88;0;8.373;8.373;0.000;0.000;15.600;1.061;3.6;0.0;0;12;4.725;4.732;9.9;0;0.0;0;0;0;0;45;98;0;0;1687;784.65;0;0;0;0;0;0;0;0;0;0;0;0;0;0;0;0;12;0;98.0;98.0;2;0;0.00;0.00;0.00;0.0;0.0
11.802;35;129;98;12642;0.0;15.600;1.061;33;34;10;0;100;101;100;142;100;344;100;88;88;0;8.373;8.373;0.000;0.000;15.600;1.061;3.6;0.0;0;12;4.725;4.732;9.9;0;0.0;0;0;0;0;45;98;0;0;1687;784.65;0;0;0;0;0;0;0;0;0;0;0;0;0;0;0;0;12;0;98.0;98.0;2;0;0.00;0.00;0.00;0.0;0.0
11.867;36;129;98;12642;0.0;15.600;1.061;33;34;10;0;100;101;100;142;100;344;100;88;88;0;8.373;8.373;0.000;0.000;15.600;1.061;3.6;0.0;0;12;4.725;4.732;9.9;0;0.0;0;0;0;0;45;98;0;0;1700;790.70;0;0;0;0;0;0;0;0;0;0;0;0;0;0;0;0;12;0;98.0;98.0;2;0;0.00;0.00;0.00;0.0;0.0
11.867;36;129;98;12642;0.0;15.600;1.061;33;34;10;0;100;101;100;142;100;344;100;88;88;0;8.373;8.373;0.000;0.000;15.600;1.061;3.6;0.0;0;12;4.725;4.739;9.9;0;0.0;0;0;0;0;45;98;0;0;1700;790.70;0;0;0;0;0;0;0;0;0;0;0;0;0;0;0;0;12;0;98.0;98.0;2;0;0.00;0.00;0.00;0.0;0.0
11.998;36;129;98;12642;0.0;15.600;1.061;33;34;10;0;100;101;100;142;100;344;100;88;88;0;8.373;8.373;0.000;0.000;15.600;1.061;3.6;0.0;0;12;4.725;4.739;9.9;0;0.0;0;0;0;0;45;98;0;0;1700;790.70;0;0;0;0;0;0;0;0;0;0;0;0;0;0;0;0;12;0;98.0;98.0;2;0;0.00;0.00;0.00;0.0;0.0
12.064;36;40;98;3920;0.0;15.200;1.034;33;34;10;0;100;101;100;142;100;344;100;88;88;0;9.429;9.429;0.000;0.000;15.200;1.034;1.3;0.0;0;12;0.172;4.739;5.2;-890;0.0;0;0;0;0;45;98;0;0;1700;2550.00;0;0;0;0;0;0;0;0;0;0;0;0;0;0;0;0;12;0;98.0;98.0;2;0;0.00;0.00;0.00;0.0;0.0
12.129;36;40;98;3920;0.0;15.100;1.027;33;34;10;0;100;101;100;142;100;344;100;88;88;0;9.429;9.429;0.000;0.000;15.100;1.027;1.3;0.0;0;12;0.172;4.739;5.2;0;0.0;0;0;0;0;45;98;0;0;1700;2550.00;0;0;0;0;0;0;0;0;0;0;0;0;0;0;0;0;12;0;98.0;98.0;2;0;0.00;0.00;0.00;0.0;0.0
12.195;36;40;98;3920;0.0;15.100;1.027;33;34;10;0;100;101;100;142;100;344;100;88;88;0;9.429;9.429;0.000;0.000;15.100;1.027;1.3;0.0;0;12;0.172;4.739;5.2;0;0.0;0;0;0;0;45;98;0;0;1700;2550.00;0;0;0;0;0;0;0;0;0;0;0;0;0;0;0;0;12;0;98.0;98.0;2;0;0.00;0.00;0.00;0.0;0.0
12.261;36;40;98;3920;0.0;15.100;1.027;33;34;10;0;100;101;100;142;100;344;100;88;88;0;9.429;9.429;0.000;0.000;15.100;1.027;1.3;0.0;0;12;0.172;4.739;5.2;0;0.0;0;0;0;0;45;98;0;0;1700;2550.00;0;0;0;0;0;0;0;0;0;0;0;0;0;0;0;0;12;0;98.0;98.0;2;0;0.00;0.00;0.00;0.0;0.0
12.330;36;40;98;3920;0.0;15.100;1.027;33;34;10;0;100;101;100;142;100;344;100;88;88;0;9.429;9.429;0.000;0.000;15.100;1.027;1.3;0.0;0;12;0.172;4.739;2.7;0;0.0;0;0;0;0;45;98;0;0;1700;2550.00;0;0;0;0;0;0;0;0;0;0;0;0;0;0;0;0;12;0;98.0;98.0;2;0;0.00;0.00;0.00;0.0;0.0
12.395;36;0;98;0;0.0;15.100;1.027;33;34;0;0;100;101;100;142;100;344;100;88;88;0;0.000;9.429;0.000;0.000;15.100;1.027;0.0;0.0;0;15;0.172;4.739;2.7;0;0.0;0;0;0;0;45;98;0;0;1700;0.00;0;0;0;0;0;0;0;0;0;0;0;0;0;0;0;0;15;0;98.0;98.0;0;0;0.00;0.00;0.00;0.0;0.0
12.461;36;0;98;0;0.0;15.100;1.027;33;34;0;0;100;101;100;142;100;344;100;88;88;0;0.000;9.429;0.000;0.000;15.100;1.027;0.0;0.0;0;15;0.172;4.739;2.7;0;0.0;0;0;0;0;45;98;0;0;1700;0.00;0;0;0;0;0;0;0;0;0;0;0;0;0;0;0;0;15;0;98.0;98.0;0;0;0.00;0.00;0.00;0.0;0.0
12.461;36;0;98;0;0.0;15.000;1.020;33;34;0;0;100;101;100;142;100;344;100;88;88;0;0.000;9.429;0.000;0.000;15.100;1.027;0.0;0.0;0;15;0.172;4.739;2.7;0;0.0;0;0;0;0;45;98;0;0;1700;0.00;0;0;0;0;0;0;0;0;0;0;0;0;0;0;0;0;15;0;98.0;98.0;0;0;0.00;0.00;0.00;0.0;0.0
12.527;36;0;98;0;0.0;14.900;1.014;33;34;0;0;100;101;100;142;100;344;100;88;88;0;0.000;9.429;0.000;0.000;15.100;1.027;0.0;0.0;0;15;0.172;4.739;1.4;0;0.0;0;0;0;0;45;98;0;0;1700;0.00;0;0;0;0;0;0;0;0;0;0;0;0;0;0;0;0;15;0;98.0;98.0;0;0;0.00;0.00;0.00;0.0;0.0
12.662;36;0;98;0;0.0;14.900;1.014;33;34;0;0;100;101;100;142;100;344;100;88;88;0;0.000;9.429;0.000;0.000;15.100;1.027;0.0;0.0;0;15;0.172;4.739;1.4;0;0.0;0;0;0;0;45;98;0;0;1700;0.00;0;0;0;0;0;0;0;0;0;0;0;0;0;0;0;0;15;0;98.0;98.0;0;0;0.00;0.00;0.00;0.0;0.0
12.662;36;0;98;0;0.0;14.900;1.014;33;34;0;0;100;101;100;142;100;344;100;88;88;0;0.000;9.429;0.000;0.000;15.100;1.027;0.0;0.0;0;15;0.172;4.739;1.4;0;0.0;0;0;0;0;45;98;0;0;1700;0.00;0;0;0;0;0;0;0;0;0;0;0;0;0;0;0;0;15;0;98.0;98.0;0;0;0.00;0.00;0.00;0.0;0.0
12.797;36;0;98;0;0.0;14.900;1.014;33;34;0;0;100;101;100;142;100;344;100;88;88;0;0.000;9.429;0.000;0.000;15.100;1.027;0.0;0.0;0;15;0.172;4.739;1.4;0;0.0;0;0;0;0;45;98;0;0;1700;0.00;0;0;0;0;0;0;0;0;0;0;0;0;0;0;0;0;15;0;98.0;98.0;0;0;0.00;0.00;0.00;0.0;0.0
12.863;37;0;98;0;0.0;14.900;1.014;33;34;0;0;100;101;100;142;100;344;100;88;88;0;0.000;9.429;0.000;0.000;15.100;1.027;0.0;0.0;0;15;0.172;4.739;0.7;0;0.0;0;0;0;0;45;98;0;0;2677;0.00;0;0;0;0;0;0;0;0;0;0;0;0;0;0;0;0;15;0;98.0;98.0;0;0;0.00;0.00;0.00;0.0;0.0
12.928;37;0;98;0;0.0;14.900;1.014;33;34;0;0;100;101;100;142;100;344;100;88;88;0;0.000;9.429;0.000;0.000;15.100;1.027;0.0;0.0;0;15;0.172;4.739;0.7;0;0.0;0;0;0;0;45;98;0;0;2677;0.00;0;0;0;0;0;0;0;0;0;0;0;0;0;0;0;0;15;0;98.0;98.0;0;0;0.00;0.00;0.00;0.0;0.0
12.998;37;0;98;0;0.0;14.900;1.014;33;34;0;0;100;101;100;142;100;344;100;88;88;0;0.000;9.429;0.000;0.000;15.100;1.027;0.0;0.0;0;15;0.172;4.739;0.7;0;0.0;0;0;0;0;45;98;0;0;2677;0.00;0;0;0;0;0;0;0;0;0;0;0;0;0;0;0;0;15;0;98.0;98.0;0;0;0.00;0.00;0.00;0.0;0.0
13.063;37;0;98;0;0.0;14.900;1.014;33;34;0;0;100;101;100;142;100;344;100;88;88;0;0.000;9.429;0.000;0.000;15.100;1.027;0.0;0.0;0;15;0.172;4.739;0.7;0;0.0;0;0;0;0;45;98;0;0;2677;0.00;0;0;0;0;0;0;0;0;0;0;0;0;0;0;0;0;15;0;98.0;98.0;0;0;0.00;0.00;0.00;0.0;0.0
13.129;37;0;98;0;0.0;15.000;1.020;33;34;0;0;100;101;100;142;100;344;100;88;88;0;0.000;9.429;0.000;0.000;15.100;1.027;0.0;0.0;0;15;0.172;4.739;0.3;0;0.0;0;0;0;0;45;98;0;0;2677;0.00;0;0;0;0;0;0;0;0;0;0;0;0;0;0;0;0;15;0;98.0;98.0;0;0;0.00;0.00;0.00;0.0;0.0
13.195;37;0;98;0;0.0;14.900;1.014;33;34;0;0;100;101;100;142;100;344;100;88;88;0;0.000;9.429;0.000;0.000;15.100;1.027;0.0;0.0;0;15;0.172;4.739;0.3;0;0.0;0;0;0;0;45;98;0;0;2677;0.00;0;0;0;0;0;0;0;0;0;0;0;0;0;0;0;0;15;0;98.0;98.0;0;0;0.00;0.00;0.00;0.0;0.0
13.264;37;0;98;0;0.0;14.900;1.014;33;34;0;0;100;101;100;142;100;344;100;88;88;0;0.000;9.429;0.000;0.000;15.100;1.027;0.0;0.0;0;15;0.172;4.739;0.3;0;0.0;0;0;0;0;45;98;0;0;2677;0.00;0;0;0;0;0;0;0;0;0;0;0;0;0;0;0;0;15;0;98.0;98.0;0;0;0.00;0.00;0.00;0.0;0.0
13.330;37;0;98;0;0.0;14.900;1.014;33;34;0;0;100;101;100;142;100;344;100;88;88;0;0.000;9.429;0.000;0.000;15.100;1.027;0.0;0.0;0;15;0.172;4.739;0.1;0;0.0;0;0;0;0;45;98;0;0;2677;0.00;0;0;0;0;0;0;0;0;0;0;0;0;0;0;0;0;15;0;98.0;98.0;0;0;0.00;0.00;0.00;0.0;0.0
13.396;37;0;98;0;0.0;15.000;1.020;33;34;0;0;100;101;100;142;100;344;100;88;88;0;0.000;9.429;0.000;0.000;15.100;1.027;0.0;0.0;0;15;0.172;4.739;0.1;0;0.0;0;0;0;0;45;98;0;0;2677;0.00;0;0;0;0;0;0;0;0;0;0;0;0;0;0;0;0;15;0;98.0;98.0;0;0;0.00;0.00;0.00;0.0;0.0
13.464;37;0;98;0;0.0;14.900;1.014;33;34;0;0;100;101;100;142;100;344;100;88;88;0;0.000;9.429;0.000;0.000;15.100;1.027;0.0;0.0;0;15;0.172;4.739;0.1;0;0.0;0;0;0;0;45;98;0;0;2677;0.00;0;0;0;0;0;0;0;0;0;0;0;0;0;0;0;0;15;0;98.0;98.0;0;0;0.00;0.00;0.00;0.0;0.0
13.530;37;0;98;0;0.0;14.900;1.014;33;34;0;0;100;101;100;142;100;344;100;88;88;0;0.000;9.429;0.000;0.000;15.100;1.027;0.0;0.0;0;15;0.172;4.739;0.1;0;0.0;0;0;0;0;45;98;0;0;2677;0.00;0;0;0;0;0;0;0;0;0;0;0;0;0;0;0;0;15;0;98.0;98.0;0;0;0.00;0.00;0.00;0.0;0.0
13.596;37;0;98;0;0.0;14.900;1.014;33;34;0;0;100;101;100;142;100;344;100;88;88;0;0.000;9.429;0.000;0.000;15.100;1.027;0.0;0.0;0;15;0.172;4.739;0.0;0;0.0;0;0;0;0;45;98;0;0;2677;0.00;0;0;0;0;0;0;0;0;0;0;0;0;0;0;0;0;15;0;98.0;98.0;0;0;0.00;0.00;0.00;0.0;0.0
13.662;37;0;98;0;0.0;14.900;1.014;33;34;0;0;100;101;100;142;100;344;100;88;88;0;0.000;9.429;0.000;0.000;15.100;1.027;0.0;0.0;0;15;0.172;4.739;0.0;0;0.0;0;0;0;0;45;98;0;0;2677;0.00;0;0;0;0;0;0;0;0;0;0;0;0;0;0;0;0;15;0;98.0;98.0;0;0;0.00;0.00;0.00;0.0;0.0
13.731;37;0;98;0;0.0;14.900;1.014;33;34;0;0;100;101;100;142;100;344;100;88;88;0;0.000;9.429;0.000;0.000;15.100;1.027;0.0;0.0;0;15;0.172;4.739;0.0;0;0.0;0;0;0;0;45;98;0;0;2677;0.00;0;0;0;0;0;0;0;0;0;0;0;0;0;0;0;0;15;0;98.0;98.0;0;0;0.00;0.00;0.00;0.0;0.0
13.797;37;0;98;0;0.0;17.400;1.184;33;34;0;0;100;101;100;142;100;344;100;88;88;0;0.000;9.429;0.000;0.000;15.100;1.027;0.0;0.0;0;15;0.172;4.739;0.0;0;0.0;0;0;0;0;45;98;0;0;2677;0.00;0;0;0;0;0;0;0;0;0;0;0;0;0;0;0;0;15;0;98.0;98.0;2;0;0.00;0.00;0.00;0.0;0.0
13.862;38;0;98;0;0.0;17.900;1.218;33;34;0;0;100;101;100;142;100;344;100;88;88;0;0.000;9.429;0.000;0.000;15.100;1.027;0.0;0.0;0;15;0.172;4.739;4.7;0;0.0;0;0;0;0;0;98;0;0;4516;0.00;0;0;0;0;0;0;0;0;0;0;0;0;0;0;0;0;15;0;98.0;98.0;2;0;0.00;0.00;0.00;0.0;0.0
13.862;38;0;98;0;0.0;17.000;1.156;33;34;0;0;100;101;100;142;100;344;100;88;88;0;0.000;9.429;0.000;0.000;15.100;1.027;0.0;0.0;0;15;0.172;4.739;4.7;0;0.0;0;0;0;0;0;98;0;0;4516;0.00;0;0;0;0;0;0;0;0;0;0;0;0;0;0;0;0;15;0;98.0;98.0;2;0;0.00;0.00;0.00;0.0;0.0
13.993;38;0;98;0;0.0;16.600;1.129;33;34;0;0;100;101;100;142;100;344;100;88;88;0;0.000;9.429;0.000;0.000;15.100;1.027;0.0;0.0;0;15;0.172;4.739;4.7;0;0.0;0;0;0;0;0;98;0;0;4516;0.00;0;0;0;0;0;0;0;0;0;0;0;0;0;0;0;0;15;0;98.0;98.0;2;0;0.00;0.00;0.00;0.0;0.0
13.993;38;0;98;0;0.0;16.600;1.129;33;34;0;0;100;101;100;142;100;344;100;88;88;0;0.000;9.429;0.000;0.000;15.100;1.027;0.0;0.0;0;15;0.172;4.739;4.7;0;0.0;0;0;0;0;0;98;0;0;4516;0.00;0;0;0;0;0;0;0;0;0;0;0;0;0;0;0;0;15;0;98.0;98.0;2;0;0.00;0.00;0.00;0.0;0.0
14.129;38;0;98;0;0.0;16.500;1.122;33;34;0;0;100;101;100;142;100;344;100;88;88;0;0.000;9.429;0.000;0.000;15.100;1.027;0.0;0.0;0;15;0.172;4.739;7.2;0;0.0;0;0;0;0;0;98;0;0;4516;0.00;0;0;0;0;0;0;0;0;0;0;0;0;0;0;0;0;15;0;98.0;98.0;0;0;0.00;0.00;0.00;0.0;0.0
14.198;38;0;98;0;0.0;16.500;1.122;33;34;0;0;100;101;100;142;100;344;100;88;88;0;0.000;9.429;0.000;0.000;15.100;1.027;0.0;0.0;0;15;0.172;4.739;7.2;0;0.0;0;0;0;0;0;98;0;0;4516;0.00;0;0;0;0;0;0;0;0;0;0;0;0;0;0;0;0;15;0;98.0;98.0;0;0;0.00;0.00;0.00;0.0;0.0
14.263;38;0;98;0;0.0;16.400;1.116;33;34;0;0;100;101;100;142;100;344;100;88;88;0;0.000;9.429;0.000;0.000;15.100;1.027;0.0;0.0;0;15;0.172;4.739;7.2;0;0.0;0;0;0;0;0;98;0;0;4516;0.00;0;0;0;0;0;0;0;0;0;0;0;0;0;0;0;0;15;0;98.0;98.0;0;0;0.00;0.00;0.00;0.0;0.0
14.329;38;0;98;0;0.0;16.300;1.109;33;34;0;0;100;101;100;142;100;344;100;88;88;0;0.000;9.429;0.000;0.000;15.100;1.027;0.0;0.0;0;15;0.172;4.739;7.2;0;0.0;0;0;0;0;0;98;0;0;4516;0.00;0;0;0;0;0;0;0;0;0;0;0;0;0;0;0;0;15;0;98.0;98.0;0;0;0.00;0.00;0.00;0.0;0.0
14.398;38;0;98;0;0.0;16.300;1.109;33;34;0;0;100;101;100;142;100;344;100;88;88;0;0.000;9.429;0.000;0.000;15.100;1.027;0.0;0.0;0;15;0.172;4.739;8.5;0;0.0;0;0;0;0;0;98;0;0;4516;0.00;0;0;0;0;0;0;0;0;0;0;0;0;0;0;0;0;15;0;98.0;98.0;0;0;0.00;0.00;0.00;0.0;0.0
14.398;38;0;98;0;0.0;16.300;1.109;33;34;0;0;100;101;100;142;100;344;100;88;88;0;0.000;9.429;0.000;0.000;15.100;1.027;0.0;0.0;0;15;0.172;4.739;8.5;0;0.0;0;0;0;0;0;98;0;0;4516;0.00;0;0;0;0;0;0;0;0;0;0;0;0;0;0;0;0;15;0;98.0;98.0;0;0;0.00;0.00;0.00;0.0;0.0
14.464;38;0;98;0;0.0;16.300;1.109;33;34;0;0;100;101;100;142;100;344;100;88;88;0;0.000;9.429;0.000;0.000;15.100;1.027;0.0;0.0;0;15;0.172;4.739;8.5;0;0.0;0;0;0;0;0;98;0;0;4516;0.00;0;0;0;0;0;0;0;0;0;0;0;0;0;0;0;0;15;0;98.0;98.0;0;0;0.00;0.00;0.00;0.0;0.0
14.596;38;0;98;0;0.0;16.100;1.095;33;34;0;0;100;101;100;142;100;344;100;88;88;0;0.000;9.429;0.000;0.000;15.100;1.027;0.0;0.0;0;15;0.172;4.739;9.2;0;0.0;0;0;0;0;0;98;0;0;4516;0.00;0;0;0;0;0;0;0;0;0;0;0;0;0;0;0;0;15;0;98.0;98.0;0;0;0.00;0.00;0.00;0.0;0.0
14.664;38;0;98;0;0.0;16.000;1.088;33;34;0;0;100;101;100;142;100;344;100;88;88;0;0.000;9.429;0.000;0.000;15.100;1.027;0.0;0.0;0;15;0.172;4.739;9.2;0;0.0;0;0;0;0;0;98;0;0;4516;0.00;0;0;0;0;0;0;0;0;0;0;0;0;0;0;0;0;15;0;98.0;98.0;0;0;0.00;0.00;0.00;0.0;0.0
14.730;38;0;98;0;0.0;16.000;1.088;33;34;0;0;100;101;100;142;100;344;100;88;88;0;0.000;9.429;0.000;0.000;15.100;1.027;0.0;0.0;0;15;0.172;4.739;9.2;0;0.0;0;0;0;0;0;98;0;0;4516;0.00;0;0;0;0;0;0;0;0;0;0;0;0;0;0;0;0;15;0;98.0;98.0;0;0;0.00;0.00;0.00;0.0;0.0
14.796;38;0;98;0;0.0;16.000;1.088;33;34;0;0;100;101;100;142;100;344;100;88;88;0;0.000;9.429;0.000;0.000;15.100;1.027;0.0;0.0;0;15;0.172;4.739;9.2;0;0.0;0;0;0;0;0;98;0;0;4516;0.00;0;0;0;0;0;0;0;0;0;0;0;0;0;0;0;0;15;0;98.0;98.0;0;0;0.00;0.00;0.00;0.0;0.0
14.865;39;0;98;0;0.0;16.200;1.102;33;34;0;0;100;101;100;142;100;344;100;88;88;0;0.000;9.429;0.000;0.000;15.100;1.027;0.0;0.0;0;15;0.172;4.739;9.8;0;0.0;0;0;0;0;0;98;0;0;5889;0.00;0;0;0;0;0;0;0;0;0;0;0;0;0;0;0;0;15;0;98.0;98.0;0;0;0.00;0.00;0.00;0.0;0.0
14.931;39;0;98;0;0.0;17.600;1.197;33;34;0;0;100;101;100;142;100;344;100;88;88;0;0.000;9.429;0.000;0.000;15.100;1.027;0.0;0.0;0;15;0.172;4.739;9.8;0;0.0;0;0;0;0;0;98;0;0;5889;0.00;0;0;0;0;0;0;0;0;0;0;0;0;0;0;0;0;15;0;98.0;98.0;0;0;0.00;0.00;0.00;0.0;0.0
14.996;39;0;98;0;0.0;18.600;1.265;33;34;0;0;100;101;100;142;100;344;100;88;88;0;0.000;9.429;0.000;0.000;15.100;1.027;0.0;0.0;0;15;0.172;4.739;9.8;0;0.0;0;0;0;0;45;98;0;0;5889;0.00;0;0;0;0;0;0;0;0;0;0;0;0;0;0;0;0;15;0;98.0;98.0;0;0;0.00;0.00;0.00;0.0;0.0
15.062;39;0;98;0;0.0;18.900;1.286;33;34;0;0;100;101;100;142;100;344;100;88;88;0;0.000;9.429;0.000;0.000;15.100;1.027;0.0;0.0;0;15;0.172;4.739;9.8;0;0.0;0;0;0;0;45;98;0;0;5889;0.00;0;0;0;0;0;0;0;0;0;0;0;0;0;0;0;0;15;0;98.0;98.0;0;0;0.00;0.00;0.00;0.0;0.0
15.128;39;0;98;0;0.0;19.000;1.293;33;34;0;0;100;101;100;142;100;344;100;88;88;0;0.000;9.429;0.000;0.000;15.100;1.027;0.0;0.0;0;15;0.172;4.739;10.3;0;0.0;0;0;0;0;45;98;0;0;5889;0.00;0;0;0;0;0;0;0;0;0;0;0;0;0;0;0;0;15;0;98.0;98.0;0;0;0.00;0.00;0.00;0.0;0.0
15.197;39;0;98;0;0.0;19.000;1.293;33;34;0;0;100;101;100;142;100;344;100;88;88;0;0.000;9.429;0.000;0.000;15.100;1.027;0.0;0.0;0;15;0.172;4.739;10.3;0;0.0;0;0;0;0;45;98;0;0;5889;0.00;0;0;0;0;0;0;0;0;0;0;0;0;0;0;0;0;15;0;98.0;98.0;0;0;0.00;0.00;0.00;0.0;0.0
15.262;39;0;98;0;0.0;19.000;1.293;33;34;0;0;100;101;100;142;100;344;100;88;88;0;0.000;9.429;0.000;0.000;15.100;1.027;0.0;0.0;0;15;0.172;4.739;10.3;0;0.0;0;0;0;0;45;98;0;0;5889;0.00;0;0;0;0;0;0;0;0;0;0;0;0;0;0;0;0;15;0;98.0;98.0;0;0;0.00;0.00;0.00;0.0;0.0
15.262;39;0;98;0;0.0;19.000;1.293;33;34;0;0;100;101;100;142;100;344;100;88;88;0;0.000;9.429;0.000;0.000;15.100;1.027;0.0;0.0;0;15;0.172;4.739;10.3;0;0.0;0;0;0;0;45;98;0;0;5889;0.00;0;0;0;0;0;0;0;0;0;0;0;0;0;0;0;0;15;0;98.0;98.0;0;0;0.00;0.00;0.00;0.0;0.0
15.328;39;0;98;0;0.0;19.000;1.293;33;34;0;0;100;101;100;142;100;344;100;88;88;0;0.000;9.429;0.000;0.000;15.100;1.027;0.0;0.0;0;15;0.172;4.739;10.6;0;0.0;0;0;0;0;45;98;0;0;5889;0.00;0;0;0;0;0;0;0;0;0;0;0;0;0;0;0;0;15;0;98.0;98.0;0;0;0.00;0.00;0.00;0.0;0.0
15.463;39;0;98;0;0.0;19.000;1.293;33;34;0;0;100;101;100;142;100;344;100;88;88;0;0.000;9.429;0.000;0.000;15.100;1.027;0.0;0.0;0;15;0.172;4.739;10.6;0;0.0;0;0;0;0;45;98;0;0;5889;0.00;0;0;0;0;0;0;0;0;0;0;0;0;0;0;0;0;15;0;98.0;98.0;0;0;0.00;0.00;0.00;0.0;0.0
15.529;39;0;98;0;0.0;19.000;1.293;33;34;0;0;100;101;100;142;100;344;100;88;88;0;0.000;9.429;0.000;0.000;15.100;1.027;0.0;0.0;0;15;0.172;4.739;10.6;0;0.0;0;0;0;0;45;98;0;0;5889;0.00;0;0;0;0;0;0;0;0;0;0;0;0;0;0;0;0;15;0;98.0;98.0;0;0;0.00;0.00;0.00;0.0;0.0
15.529;39;0;98;0;0.0;18.900;1.286;33;34;0;0;100;101;100;142;100;344;100;88;88;0;0.000;9.429;0.000;0.000;15.100;1.027;0.0;0.0;0;15;0.172;4.739;10.6;0;0.0;0;0;0;0;45;98;0;0;5889;0.00;0;0;0;0;0;0;0;0;0;0;0;0;0;0;0;0;15;0;98.0;98.0;0;0;0.00;0.00;0.00;0.0;0.0
15.595;39;0;98;0;0.0;18.700;1.272;33;34;0;0;100;101;100;142;100;344;100;88;88;0;0.000;9.429;0.000;0.000;15.100;1.027;0.0;0.0;0;15;0.172;4.739;10.7;0;0.0;0;0;0;0;45;98;0;0;5889;0.00;0;0;0;0;0;0;0;0;0;0;0;0;0;0;0;0;15;0;98.0;98.0;0;0;0.00;0.00;0.00;0.0;0.0
15.729;39;0;98;0;0.0;18.400;1.252;33;34;0;0;100;101;100;142;100;344;100;88;88;0;0.000;9.429;0.000;0.000;15.100;1.027;0.0;0.0;0;15;0.172;4.739;10.7;0;0.0;0;0;0;0;45;98;0;0;5889;0.00;0;0;0;0;0;0;0;0;0;0;0;0;0;0;0;0;15;0;98.0;98.0;0;0;0.00;0.00;0.00;0.0;0.0
15.796;39;0;98;0;0.0;18.400;1.252;33;34;0;0;100;101;100;142;100;344;100;88;88;0;0.000;9.429;0.000;0.000;15.100;1.027;0.0;0.0;0;15;0.172;4.739;10.7;0;0.0;0;0;0;0;45;98;0;0;5889;0.00;0;0;0;0;0;0;0;0;0;0;0;0;0;0;0;0;15;0;98.0;98.0;0;0;0.00;0.00;0.00;0.0;0.0
15.796;40;0;98;0;0.0;18.400;1.252;33;34;0;0;100;101;100;142;100;344;100;88;88;0;0.000;9.429;0.000;0.000;15.100;1.027;0.0;0.0;0;15;0.172;4.739;10.7;0;0.0;0;0;0;0;45;98;0;0;4159;0.00;0;0;0;0;0;0;0;0;0;0;0;0;0;0;0;0;15;0;98.0;98.0;0;0;0.00;0.00;0.00;0.0;0.0
15.930;40;0;98;0;0.0;18.400;1.252;33;34;0;0;100;101;100;142;100;344;100;88;88;0;0.000;9.429;0.000;0.000;15.100;1.027;0.0;0.0;0;15;0.172;4.739;10.8;0;0.0;0;0;0;0;45;98;0;0;4159;0.00;0;0;0;0;0;0;0;0;0;0;0;0;0;0;0;0;15;0;98.0;98.0;0;0;0.00;0.00;0.00;0.0;0.0
15.996;40;0;98;0;0.0;18.400;1.252;33;34;0;0;100;101;100;142;100;344;100;88;88;0;0.000;9.429;0.000;0.000;15.100;1.027;0.0;0.0;0;15;0.172;4.739;10.8;0;0.0;0;0;0;0;45;98;0;0;4159;0.00;0;0;0;0;0;0;0;0;0;0;0;0;0;0;0;0;15;0;98.0;98.0;0;0;0.00;0.00;0.00;0.0;0.0
16.061;40;0;98;0;0.0;18.100;1.231;33;34;0;0;100;101;100;142;100;344;100;88;88;0;0.000;9.429;0.000;0.000;15.100;1.027;0.0;0.0;0;15;0.172;4.739;10.8;0;0.0;0;0;0;0;45;98;0;0;4159;0.00;0;0;0;0;0;0;0;0;0;0;0;0;0;0;0;0;15;0;98.0;98.0;0;0;0.00;0.00;0.00;0.0;0.0
16.127;40;0;98;0;0.0;18.100;1.231;33;34;0;0;100;101;100;142;100;344;100;88;88;0;0.000;9.429;0.000;0.000;15.100;1.027;0.0;0.0;0;15;0.172;4.739;10.8;0;0.0;0;0;0;0;45;98;0;0;4159;0.00;0;0;0;0;0;0;0;0;0;0;0;0;0;0;0;0;15;0;98.0;98.0;0;0;0.00;0.00;0.00;0.0;0.0
16.127;40;0;98;0;0.0;18.100;1.231;33;34;0;0;100;101;100;142;100;344;100;88;88;0;0.000;9.429;0.000;0.000;15.100;1.027;0.0;0.0;0;15;0.172;4.739;10.8;0;0.0;0;0;0;0;45;98;0;0;4159;0.00;0;0;0;0;0;0;0;0;0;0;0;0;0;0;0;0;15;0;98.0;98.0;0;0;0.00;0.00;0.00;0.0;0.0
16.262;40;0;98;0;0.0;18.100;1.231;33;34;0;0;100;101;100;142;100;344;100;88;88;0;0.000;9.429;0.000;0.000;15.100;1.027;0.0;0.0;0;15;0.172;4.739;10.8;0;0.0;0;0;0;0;45;98;0;0;4159;0.00;0;0;0;0;0;0;0;0;0;0;0;0;0;0;0;0;15;0;98.0;98.0;0;0;0.00;0.00;0.00;0.0;0.0
16.327;40;0;98;0;0.0;18.100;1.231;33;34;0;0;100;101;100;142;100;344;100;88;88;0;0.000;9.429;0.000;0.000;15.100;1.027;0.0;0.0;0;15;0.172;4.739;10.8;0;0.0;0;0;0;0;45;98;0;0;4159;0.00;0;0;0;0;0;0;0;0;0;0;0;0;0;0;0;0;15;0;98.0;98.0;0;0;0.00;0.00;0.00;0.0;0.0
16.327;40;0;98;0;0.0;17.900;1.218;33;34;0;0;100;101;100;142;100;344;100;88;88;0;0.000;9.429;0.000;0.000;15.100;1.027;0.0;0.0;0;15;0.172;4.739;10.8;0;0.0;0;0;0;0;45;98;0;0;4159;0.00;0;0;0;0;0;0;0;0;0;0;0;0;0;0;0;0;15;0;98.0;98.0;0;0;0.00;0.00;0.00;0.0;0.0
16.397;40;0;98;0;0.0;17.800;1.211;33;34;0;0;100;101;100;142;100;344;100;88;88;0;0.000;9.429;0.000;0.000;15.100;1.027;0.0;0.0;0;15;0.172;4.739;10.8;0;0.0;0;0;0;0;45;98;0;0;4159;0.00;0;0;0;0;0;0;0;0;0;0;0;0;0;0;0;0;15;0;98.0;98.0;0;0;0.00;0.00;0.00;0.0;0.0
16.529;40;0;98;0;0.0;17.800;1.211;33;34;0;0;100;101;100;142;100;344;100;88;88;0;0.000;9.429;0.000;0.000;15.100;1.027;0.0;0.0;0;15;0.172;4.739;10.8;0;0.0;0;0;0;0;45;98;0;0;4159;0.00;0;0;0;0;0;0;0;0;0;0;0;0;0;0;0;0;15;0;98.0;98.0;0;0;0.00;0.00;0.00;0.0;0.0
16.594;40;0;98;0;0.0;17.800;1.211;33;34;0;0;100;101;100;142;100;344;100;88;88;0;0.000;9.429;0.000;0.000;15.100;1.027;0.0;0.0;0;15;0.172;4.739;10.8;0;0.0;0;0;0;0;45;98;0;0;4159;0.00;0;0;0;0;0;0;0;0;0;0;0;0;0;0;0;0;15;0;98.0;98.0;0;0;0.00;0.00;0.00;0.0;0.0
16.663;40;0;98;0;0.0;17.800;1.211;33;34;0;0;100;101;100;142;100;344;100;88;88;0;0.000;9.429;0.000;0.000;15.100;1.027;0.0;0.0;0;15;0.172;4.739;10.8;0;0.0;0;0;0;0;45;98;0;0;4159;0.00;0;0;0;0;0;0;0;0;0;0;0;0;0;0;0;0;15;0;98.0;98.0;0;0;0.00;0.00;0.00;0.0;0.0
16.729;40;0;98;0;0.0;17.600;1.197;33;34;0;0;100;101;100;142;100;344;100;88;88;0;0.000;9.429;0.000;0.000;15.100;1.027;0.0;0.0;0;15;0.172;4.739;10.8;0;0.0;0;0;0;0;45;98;0;0;4159;0.00;0;0;0;0;0;0;0;0;0;0;0;0;0;0;0;0;15;0;98.0;98.0;0;0;0.00;0.00;0.00;0.0;0.0
16.795;40;0;98;0;0.0;17.500;1.190;33;34;0;0;100;101;100;142;100;344;100;88;88;0;0.000;9.429;0.000;0.000;15.100;1.027;0.0;0.0;0;15;0.172;4.739;10.8;0;0.0;0;0;0;0;45;98;0;0;4159;0.00;0;0;0;0;0;0;0;0;0;0;0;0;0;0;0;0;15;0;98.0;98.0;0;0;0.00;0.00;0.00;0.0;0.0
16.860;40;0;98;0;0.0;17.500;1.190;33;34;0;0;100;101;100;142;100;344;100;88;88;0;0.000;9.429;0.000;0.000;15.100;1.027;0.0;0.0;0;15;0.172;4.739;10.8;0;0.0;0;0;0;0;45;98;0;0;4159;0.00;0;0;0;0;0;0;0;0;0;0;0;0;0;0;0;0;15;0;98.0;98.0;0;0;0.00;0.00;0.00;0.0;0.0
16.929;41;0;98;0;0.0;17.500;1.190;33;34;0;0;100;101;100;142;100;344;100;88;88;0;0.000;9.429;0.000;0.000;15.100;1.027;0.0;0.0;0;15;0.172;4.739;10.9;0;0.0;0;0;0;0;45;98;0;0;4117;0.00;0;0;0;0;0;0;0;0;0;0;0;0;0;0;0;0;15;0;98.0;98.0;0;0;0.00;0.00;0.00;0.0;0.0
16.929;41;0;98;0;0.0;17.500;1.190;33;34;0;0;100;101;100;142;100;344;100;88;88;0;0.000;9.429;0.000;0.000;15.100;1.027;0.0;0.0;0;15;0.172;4.739;10.9;0;0.0;0;0;0;0;45;98;0;0;4117;0.00;0;0;0;0;0;0;0;0;0;0;0;0;0;0;0;0;15;0;98.0;98.0;0;0;0.00;0.00;0.00;0.0;0.0
17.061;41;0;98;0;0.0;17.500;1.190;33;34;0;0;100;101;100;142;100;344;100;88;88;0;0.000;9.429;0.000;0.000;15.100;1.027;0.0;0.0;0;15;0.172;4.739;10.9;0;0.0;0;0;0;0;45;98;0;0;4117;0.00;0;0;0;0;0;0;0;0;0;0;0;0;0;0;0;0;15;0;98.0;98.0;0;0;0.00;0.00;0.00;0.0;0.0
17.130;41;0;98;0;0.0;17.500;1.190;33;34;0;0;100;101;100;142;100;344;100;88;88;0;0.000;9.429;0.000;0.000;15.100;1.027;0.0;0.0;0;15;0.172;4.739;10.9;0;0.0;0;0;0;0;45;98;0;0;4117;0.00;0;0;0;0;0;0;0;0;0;0;0;0;0;0;0;0;15;0;98.0;98.0;0;0;0.00;0.00;0.00;0.0;0.0
17.196;41;0;98;0;0.0;17.500;1.190;33;34;0;0;100;101;100;142;100;344;100;88;88;0;0.000;9.429;0.000;0.000;15.100;1.027;0.0;0.0;0;15;0.172;4.739;11.0;0;0.0;0;0;0;0;45;98;0;0;4117;0.00;0;0;0;0;0;0;0;0;0;0;0;0;0;0;0;0;15;0;98.0;98.0;0;0;0.00;0.00;0.00;0.0;0.0
17.261;41;0;98;0;0.0;17.500;1.190;33;34;0;0;100;101;100;142;100;344;100;88;88;0;0.000;9.429;0.000;0.000;15.100;1.027;0.0;0.0;0;15;0.172;4.739;11.0;0;0.0;0;0;0;0;45;98;0;0;4117;0.00;0;0;0;0;0;0;0;0;0;0;0;0;0;0;0;0;15;0;98.0;98.0;0;0;0.00;0.00;0.00;0.0;0.0
17.327;41;0;98;0;0.0;17.500;1.190;33;34;0;0;100;101;100;142;100;344;100;88;88;0;0.000;9.429;0.000;0.000;15.100;1.027;0.0;0.0;0;15;0.172;4.739;11.0;0;0.0;0;0;0;0;45;98;0;0;4117;0.00;0;0;0;0;0;0;0;0;0;0;0;0;0;0;0;0;15;0;98.0;98.0;0;0;0.00;0.00;0.00;0.0;0.0
17.396;41;0;98;0;0.0;17.500;1.190;33;34;0;0;100;101;100;142;100;344;100;88;88;0;0.000;9.429;0.000;0.000;15.100;1.027;0.0;0.0;0;15;0.172;4.739;11.0;0;0.0;0;0;0;0;45;98;0;0;4117;0.00;0;0;0;0;0;0;0;0;0;0;0;0;0;0;0;0;15;0;98.0;98.0;0;0;0.00;0.00;0.00;0.0;0.0
17.462;41;0;98;0;0.0;17.500;1.190;33;34;0;0;100;101;100;142;100;344;100;88;88;0;0.000;9.429;0.000;0.000;15.100;1.027;0.0;0.0;0;15;0.172;4.739;11.0;0;0.0;0;0;0;0;45;98;0;0;4117;0.00;0;0;0;0;0;0;0;0;0;0;0;0;0;0;0;0;15;0;98.0;98.0;0;0;0.00;0.00;0.00;0.0;0.0
17.532;41;0;98;0;0.0;17.500;1.190;33;34;0;0;100;101;100;142;100;344;100;88;88;0;0.000;9.429;0.000;0.000;15.100;1.027;0.0;0.0;0;15;0.172;4.739;11.0;0;0.0;0;0;0;0;45;98;0;0;4117;0.00;0;0;0;0;0;0;0;0;0;0;0;0;0;0;0;0;15;0;98.0;98.0;0;0;0.00;0.00;0.00;0.0;0.0
17.597;41;0;98;0;0.0;17.500;1.190;33;34;0;0;100;101;100;142;100;344;100;88;88;0;0.000;9.429;0.000;0.000;15.100;1.027;0.0;0.0;0;15;0.172;4.739;11.0;0;0.0;0;0;0;0;45;98;0;0;4117;0.00;0;0;0;0;0;0;0;0;0;0;0;0;0;0;0;0;15;0;98.0;98.0;0;0;0.00;0.00;0.00;0.0;0.0
17.597;41;0;98;0;0.0;17.200;1.170;33;34;0;0;100;101;100;142;100;344;100;88;88;0;0.000;9.429;0.000;0.000;15.100;1.027;0.0;0.0;0;15;0.172;4.739;11.0;0;0.0;0;0;0;0;45;98;0;0;4117;0.00;0;0;0;0;0;0;0;0;0;0;0;0;0;0;0;0;15;0;98.0;98.0;0;0;0.00;0.00;0.00;0.0;0.0
17.728;41;0;97;0;0.0;16.800;1.143;33;34;0;0;100;101;100;142;100;344;100;87;87;0;0.000;9.429;0.000;0.000;15.100;1.027;0.0;0.0;0;15;0.172;4.739;11.0;0;-0.1;0;0;0;0;45;98;0;0;4117;0.00;0;0;0;0;0;0;0;0;0;0;0;0;0;0;0;0;15;0;97.0;97.0;0;0;0.00;0.00;0.00;0.0;0.0
17.794;41;0;92;0;0.0;16.800;1.143;33;34;0;0;100;101;100;142;100;344;100;82;82;0;0.000;9.429;0.000;0.000;15.100;1.027;0.0;0.0;0;17;0.172;4.739;11.0;0;-0.9;0;0;0;0;45;98;0;0;4117;0.00;0;0;0;0;0;0;0;0;0;0;0;0;0;0;0;0;17;0;92.0;92.0;0;0;0.00;0.00;0.00;0.0;0.0
17.863;41;0;97;0;0.0;16.700;1.136;33;34;0;0;100;101;100;142;100;344;100;87;87;0;0.000;9.429;0.000;0.000;15.100;1.027;0.0;0.0;0;15;0.172;4.739;11.0;0;-0.1;0;0;0;0;45;98;0;0;4117;0.00;0;0;0;0;0;0;0;0;0;0;0;0;0;0;0;0;15;0;97.0;97.0;0;0;0.00;0.00;0.00;0.0;0.0
17.929;42;0;84;0;0.0;16.700;1.136;33;34;0;0;100;101;100;142;100;344;100;75;75;0;0.000;9.429;0.000;0.000;15.100;1.027;0.0;0.0;0;18;0.172;4.739;10.4;0;-2.0;0;0;0;0;45;98;0;0;4238;0.00;0;0;0;0;0;0;0;0;0;0;0;0;0;0;0;0;18;0;84.0;84.0;2;0;0.00;0.00;0.00;0.0;0.0
17.995;42;0;87;0;0.0;16.700;1.136;33;34;0;0;100;101;100;142;100;344;100;78;78;0;0.000;9.429;0.000;0.000;15.100;1.027;0.0;0.0;0;18;0.172;4.739;10.4;0;-1.6;0;0;0;0;45;98;0;0;4238;0.00;0;0;0;0;0;0;0;0;0;0;0;0;0;0;0;0;18;0;87.0;87.0;2;0;0.00;0.00;0.00;0.0;0.0
18.064;42;0;91;0;0.0;16.700;1.136;33;34;0;0;100;101;100;142;100;344;100;81;81;0;0.000;9.429;0.000;0.000;15.100;1.027;0.0;0.0;0;17;0.172;4.739;10.4;0;-1.0;0;0;0;0;45;98;0;0;4238;0.00;0;0;0;0;0;0;0;0;0;0;0;0;0;0;0;0;17;0;91.0;91.0;2;0;0.00;0.00;0.00;0.0;0.0
18.130;42;0;83;0;0.0;16.700;1.136;33;34;0;0;100;101;100;142;100;344;100;74;74;0;0.000;9.429;0.000;0.000;15.100;1.027;0.0;0.0;0;18;0.172;4.739;10.4;0;-2.2;0;0;0;0;45;98;0;0;4238;0.00;0;0;0;0;0;0;0;0;0;0;0;0;0;0;0;0;18;0;83.0;83.0;2;0;0.00;0.00;0.00;0.0;0.0
18.195;42;0;86;0;0.0;16.700;1.136;33;34;0;0;100;101;100;142;100;344;100;77;77;0;0.000;9.429;0.000;0.000;15.100;1.027;0.0;0.0;0;18;0.172;4.739;9.7;0;-1.7;0;0;0;0;45;98;0;0;4238;0.00;0;0;0;0;0;0;0;0;0;0;0;0;0;0;0;0;18;0;86.0;86.0;2;0;0.00;0.00;0.00;0.0;0.0
18.261;42;0;85;0;0.0;16.700;1.136;33;34;0;0;100;101;100;142;100;344;100;76;76;0;0.000;9.429;0.000;0.000;15.100;1.027;0.0;0.0;0;18;0.172;4.739;9.7;0;-1.9;0;0;0;0;45;98;0;0;4238;0.00;0;0;0;0;0;0;0;0;0;0;0;0;0;0;0;0;18;0;85.0;85.0;2;0;0.00;0.00;0.00;0.0;0.0
18.330;42;0;78;0;0.0;16.700;1.136;33;34;0;0;100;101;100;142;100;344;100;70;70;0;0.000;9.429;0.000;0.000;15.100;1.027;0.0;0.0;0;18;0.172;4.739;9.7;0;-2.9;0;0;0;0;45;98;0;0;4238;0.00;0;0;0;0;0;0;0;0;0;0;0;0;0;0;0;0;18;0;78.0;78.0;2;0;0.00;0.00;0.00;0.0;0.0
18.396;42;317;84;26628;0.0;16.700;1.136;33;34;9;0;100;101;100;142;100;344;100;75;75;0;6.727;6.727;0.000;0.000;16.700;1.136;7.1;0.0;0;18;3.150;4.739;9.7;0;-2.0;0;0;0;0;45;98;0;0;4238;802.15;0;0;0;0;0;0;0;0;0;0;0;0;0;0;0;0;18;0;84.0;84.0;2;0;0.00;0.00;0.00;0.0;0.0
18.461;42;294;84;24696;0.0;16.700;1.136;33;34;13;0;100;101;100;142;100;333;100;75;75;0;6.554;6.554;0.000;0.000;16.700;1.136;6.4;0.0;0;18;3.150;4.739;9.8;3170;-2.0;0;0;0;0;45;98;0;0;4238;864.90;0;0;0;0;0;0;0;0;0;0;0;0;0;0;0;0;18;0;84.0;84.0;2;0;0.00;0.00;0.00;0.0;0.0
18.531;42;294;84;24696;0.0;16.700;1.136;33;34;13;0;100;101;100;142;100;321;100;75;75;0;6.394;6.394;0.000;0.000;16.700;1.136;6.3;0.0;0;18;3.150;4.739;9.8;-230;-2.0;0;0;0;0;46;98;0;0;4238;864.90;0;0;0;0;0;0;0;0;0;0;0;0;0;0;0;0;18;0;84.0;84.0;2;0;0.00;0.00;0.00;0.0;0.0
18.597;42;282;84;23688;0.0;16.700;1.136;33;34;10;0;100;101;100;142;100;344;100;75;75;0;6.703;6.703;0.000;0.000;16.700;1.136;6.3;0.0;0;12;4.725;4.739;9.8;-230;-2.0;0;0;0;0;46;98;0;0;4238;901.70;0;0;0;0;0;0;0;0;0;0;0;0;0;0;0;0;12;0;84.0;84.0;2;0;0.00;0.00;0.00;0.0;0.0
18.662;42;282;84;23688;0.0;16.800;1.143;33;34;10;0;100;101;100;142;100;344;100;75;75;0;6.823;6.823;0.000;0.000;16.800;1.143;6.4;0.0;0;12;4.770;4.739;9.3;-120;-2.0;0;0;0;0;46;98;0;0;4238;901.70;0;0;0;0;0;0;0;0;0;0;0;0;0;0;0;0;12;0;84.0;84.0;2;0;0.00;0.00;0.00;0.0;0.0
18.732;42;267;84;22428;0.0;16.900;1.150;33;34;10;0;100;101;100;142;100;344;100;75;75;0;6.823;6.823;0.000;0.000;16.900;1.150;6.1;0.0;0;12;4.770;4.739;9.3;-150;-2.0;0;0;0;0;46;98;0;0;4238;952.36;0;0;0;0;0;0;0;0;0;0;0;0;0;0;0;0;12;0;84.0;84.0;2;0;0.00;0.00;0.00;0.0;0.0
18.797;42;269;84;22596;0.0;17.000;1.156;33;34;10;0;100;101;100;142;100;344;100;75;75;0;6.823;6.823;0.000;0.000;17.000;1.156;6.1;0.0;0;12;4.770;4.739;9.3;-150;-2.0;0;0;0;0;46;98;0;0;4238;945.28;0;0;0;0;0;0;0;0;0;0;0;0;0;0;0;0;12;0;84.0;84.0;2;0;0.00;0.00;0.00;0.0;0.0
18.863;42;269;84;22596;0.0;17.000;1.156;33;34;10;0;100;101;100;142;100;344;100;75;75;0;6.823;6.823;0.000;0.000;17.000;1.156;6.1;0.0;0;12;4.770;4.739;9.3;20;-2.0;0;0;0;0;46;98;0;0;4238;945.28;0;0;0;0;0;0;0;0;0;0;0;0;0;0;0;0;12;0;84.0;84.0;2;0;0.00;0.00;0.00;0.0;0.0
18.929;43;261;84;21924;0.0;17.100;1.163;33;34;10;0;100;101;100;142;100;344;100;75;75;0;6.787;6.787;0.000;0.000;17.100;1.163;5.9;0.0;0;12;4.725;4.739;9.4;-80;-2.0;0;0;0;0;46;98;0;0;4813;1106.44;0;0;0;0;0;0;0;0;0;0;0;0;0;0;0;0;12;0;84.0;84.0;2;0;0.00;0.00;0.00;0.0;0.0
18.997;43;261;84;21924;0.0;17.200;1.170;33;34;10;0;100;101;100;142;100;344;100;75;75;0;6.787;6.787;0.000;0.000;17.200;1.170;5.9;0.0;0;12;4.725;4.739;9.4;-80;-2.0;0;0;0;0;46;98;0;0;4813;1106.44;0;0;0;0;0;0;0;0;0;0;0;0;0;0;0;0;12;0;84.0;84.0;2;0;0.00;0.00;0.00;0.0;0.0
19.064;43;259;84;21756;0.0;17.200;1.170;33;34;10;0;100;101;100;142;100;344;100;75;75;0;6.787;6.787;0.000;0.000;17.200;1.170;5.9;0.0;0;12;4.725;4.739;9.4;0;-2.0;0;0;0;0;46;98;0;0;4813;1114.98;0;0;0;0;0;0;0;0;0;0;0;0;0;0;0;0;12;0;84.0;84.0;2;0;0.00;0.00;0.00;0.0;0.0
19.129;43;259;84;21756;0.0;17.200;1.170;33;34;10;0;100;101;100;142;100;344;100;75;75;0;6.787;6.787;0.000;0.000;17.200;1.170;5.9;0.0;0;12;4.725;4.739;9.4;-20;-2.0;0;0;0;0;46;98;0;0;4813;1114.98;0;0;0;0;0;0;0;0;0;0;0;0;0;0;0;0;12;0;84.0;84.0;2;0;0.00;0.00;0.00;0.0;0.0
19.198;43;251;84;21084;0.0;17.200;1.170;33;34;10;0;100;101;100;142;100;344;100;75;75;0;6.775;6.775;0.000;0.000;17.200;1.170;5.7;0.0;0;12;4.725;4.739;9.5;-20;-2.0;0;0;0;0;46;98;0;0;4813;1150.52;0;0;0;0;0;0;0;0;0;0;0;0;0;0;0;0;12;0;84.0;84.0;2;0;0.00;0.00;0.00;0.0;0.0
19.264;43;252;84;21168;0.0;17.200;1.170;33;34;10;0;100;101;100;142;100;344;100;75;75;0;6.775;6.775;0.000;0.000;17.200;1.170;5.7;0.0;0;12;4.725;4.739;9.5;-80;-2.0;0;0;0;0;46;98;0;0;4813;1145.95;0;0;0;0;0;0;0;0;0;0;0;0;0;0;0;0;12;0;84.0;84.0;2;0;0.00;0.00;0.00;0.0;0.0
19.330;43;252;84;21168;0.0;17.200;1.170;33;34;10;0;100;101;100;142;100;344;100;75;75;0;6.775;6.775;0.000;0.000;17.200;1.170;5.7;0.0;0;12;4.725;4.739;9.5;10;-2.0;0;0;0;0;46;98;0;0;4813;1145.95;0;0;0;0;0;0;0;0;0;0;0;0;0;0;0;0;12;0;84.0;84.0;2;0;0.00;0.00;0.00;0.0;0.0
19.395;43;246;84;20664;0.0;17.200;1.170;33;34;10;0;100;101;100;142;100;344;100;75;75;0;6.775;6.775;0.000;0.000;17.200;1.170;5.6;0.0;0;12;4.725;4.739;9.5;10;-2.0;0;0;0;0;46;98;0;0;4813;1173.90;0;0;0;0;0;0;0;0;0;0;0;0;0;0;0;0;12;0;84.0;84.0;2;0;0.00;0.00;0.00;0.0;0.0
19.460;43;246;84;20664;0.0;17.200;1.170;33;34;10;0;100;101;100;142;100;344;100;75;75;0;6.751;6.751;0.000;0.000;17.200;1.170;5.5;0.0;0;12;4.725;4.739;9.6;-60;-2.0;0;0;0;0;46;98;0;0;4813;1173.90;0;0;0;0;0;0;0;0;0;0;0;0;0;0;0;0;12;0;84.0;84.0;2;0;0.00;0.00;0.00;0.0;0.0
19.460;43;250;84;21000;0.0;17.400;1.184;33;34;10;0;100;101;100;142;100;344;100;75;75;0;6.751;6.751;0.000;0.000;17.400;1.184;5.6;0.0;0;12;4.725;4.739;9.6;40;-2.0;0;0;0;0;46;98;0;0;4813;1155.12;0;0;0;0;0;0;0;0;0;0;0;0;0;0;0;0;12;0;84.0;84.0;2;0;0.00;0.00;0.00;0.0;0.0
19.596;43;250;84;21000;0.0;17.500;1.190;33;34;10;0;100;101;100;142;100;344;100;75;75;0;6.751;6.751;0.000;0.000;17.500;1.190;5.6;0.0;0;12;4.725;4.739;9.6;40;-2.0;0;0;0;0;46;98;0;0;4813;1155.12;0;0;0;0;0;0;0;0;0;0;0;0;0;0;0;0;12;0;84.0;84.0;2;0;0.00;0.00;0.00;0.0;0.0
19.661;43;246;84;20664;0.0;17.500;1.190;33;34;10;0;100;101;100;142;100;344;100;75;75;0;6.751;6.751;0.000;0.000;17.500;1.190;5.5;0.0;0;12;4.725;4.739;9.6;-40;-2.0;0;0;0;0;46;98;0;0;4813;1173.90;0;0;0;0;0;0;0;0;0;0;0;0;0;0;0;0;12;0;84.0;84.0;2;0;0.00;0.00;0.00;0.0;0.0
19.731;43;246;84;20664;0.0;17.500;1.190;33;34;10;0;100;101;100;142;100;344;100;75;75;0;6.727;6.727;0.000;0.000;17.500;1.190;5.5;0.0;0;12;4.725;4.739;9.7;0;-2.0;0;0;0;0;46;98;0;0;4813;1173.90;0;0;0;0;0;0;0;0;0;0;0;0;0;0;0;0;12;0;84.0;84.0;2;0;0.00;0.00;0.00;0.0;0.0
19.796;43;250;84;21000;0.0;17.700;1.204;33;34;10;0;100;101;100;142;100;344;100;75;75;0;6.727;6.727;0.000;0.000;17.700;1.204;5.6;0.0;0;12;4.725;4.739;9.7;0;-2.0;0;0;0;0;46;98;0;0;4813;1155.12;0;0;0;0;0;0;0;0;0;0;0;0;0;0;0;0;12;0;84.0;84.0;2;0;0.00;0.00;0.00;0.0;0.0
19.862;43;250;84;21000;0.0;17.700;1.204;33;34;10;0;100;101;100;142;100;344;100;75;75;0;6.727;6.727;0.000;0.000;17.700;1.204;5.6;0.0;0;12;4.725;4.739;9.7;40;-2.0;0;0;0;0;46;98;0;0;4813;1155.12;0;0;0;0;0;0;0;0;0;0;0;0;0;0;0;0;12;0;84.0;84.0;2;0;0.00;0.00;0.00;0.0;0.0
19.932;44;244;84;20496;0.0;17.700;1.204;33;34;10;0;100;101;100;142;100;344;100;75;75;0;6.727;6.727;0.000;0.000;17.700;1.204;5.5;0.0;0;12;4.725;4.739;9.7;-60;-2.0;0;0;0;0;46;98;0;0;1687;414.84;0;0;0;0;0;0;0;0;0;0;0;0;0;0;0;0;12;0;84.0;84.0;2;0;0.00;0.00;0.00;0.0;0.0
19.997;44;232;84;19488;0.0;17.700;1.204;33;34;10;0;100;101;100;142;100;344;100;75;75;0;6.727;6.727;0.000;0.000;17.700;1.204;5.2;0.0;0;12;4.725;4.739;9.7;-60;-2.0;0;0;0;0;46;98;0;0;1687;436.29;0;0;0;0;0;0;0;0;0;0;0;0;0;0;0;0;12;0;84.0;84.0;2;0;0.00;0.00;0.00;0.0;0.0
20.063;44;232;84;19488;0.0;17.800;1.211;33;34;10;0;100;101;100;142;100;344;100;75;75;0;6.727;6.727;0.000;0.000;17.800;1.211;5.2;0.0;0;12;4.725;4.739;9.7;-120;-2.0;0;0;0;0;46;98;0;0;1687;436.29;0;0;0;0;0;0;0;0;0;0;0;0;0;0;0;0;12;0;84.0;84.0;2;0;0.00;0.00;0.00;0.0;0.0
20.063;44;232;84;19488;0.0;17.900;1.218;33;34;10;0;100;101;100;142;100;344;100;75;75;0;6.727;6.727;0.000;0.000;17.900;1.218;5.2;0.0;0;12;4.725;4.739;9.7;-120;-2.0;0;0;0;0;46;98;0;0;1687;436.29;0;0;0;0;0;0;0;0;0;0;0;0;0;0;0;0;12;0;84.0;84.0;2;0;0.00;0.00;0.00;0.0;0.0
20.198;44;232;84;19488;0.0;18.000;1.224;33;34;10;0;100;101;100;142;100;344;100;75;75;0;6.679;6.679;0.000;0.000;18.000;1.224;5.2;0.0;0;12;4.725;4.739;9.9;0;-2.0;0;0;0;0;46;98;0;0;1687;436.29;0;0;0;0;0;0;0;0;0;0;0;0;0;0;0;0;12;0;84.0;84.0;2;0;0.00;0.00;0.00;0.0;0.0
20.264;44;139;84;11676;0.0;18.000;1.224;33;34;10;0;100;101;100;142;100;344;100;75;75;0;6.679;6.679;0.000;0.000;18.000;1.224;3.1;0.0;0;12;4.725;4.739;9.9;-930;-2.0;0;0;0;0;46;98;0;0;1687;728.20;0;0;0;0;0;0;0;0;0;0;0;0;0;0;0;0;12;0;84.0;84.0;2;0;0.00;0.00;0.00;0.0;0.0
20.264;44;139;84;11676;0.0;18.200;1.238;33;34;10;0;100;101;100;142;100;344;100;75;75;0;6.679;6.679;0.000;0.000;18.200;1.238;3.1;0.0;0;12;4.725;4.739;9.9;-930;-2.0;0;0;0;0;46;98;0;0;1687;728.20;0;0;0;0;0;0;0;0;0;0;0;0;0;0;0;0;12;0;84.0;84.0;2;0;0.00;0.00;0.00;0.0;0.0
20.399;44;139;84;11676;0.0;18.200;1.238;33;34;10;0;100;101;100;142;100;344;100;75;75;0;6.679;6.679;0.000;0.000;18.200;1.238;3.1;0.0;0;12;4.725;4.739;9.9;0;-2.0;0;0;0;0;46;98;0;0;1687;728.20;0;0;0;0;0;0;0;0;0;0;0;0;0;0;0;0;12;0;84.0;84.0;2;0;0.00;0.00;0.00;0.0;0.0
20.464;44;139;84;11676;0.0;18.200;1.238;33;34;10;0;100;101;100;142;100;344;100;75;75;0;7.735;7.735;0.000;0.000;18.200;1.238;3.6;0.0;0;12;4.770;4.739;5.2;0;-2.0;0;0;0;0;46;98;0;0;1687;728.20;0;0;0;0;0;0;0;0;0;0;0;0;0;0;0;0;12;0;84.0;84.0;2;0;0.00;0.00;0.00;0.0;0.0
20.530;44;139;84;11676;0.0;18.200;1.238;33;34;10;0;100;101;100;142;100;344;100;75;75;0;7.735;7.735;0.000;0.000;18.200;1.238;3.6;0.0;0;12;4.770;4.739;5.2;0;-2.0;0;0;0;0;46;98;0;0;1687;728.20;0;0;0;0;0;0;0;0;0;0;0;0;0;0;0;0;12;0;84.0;84.0;2;0;0.00;0.00;0.00;0.0;0.0
20.595;44;139;84;11676;0.0;18.200;1.238;33;34;10;0;100;101;100;142;100;344;100;75;75;0;7.735;7.735;0.000;0.000;18.200;1.238;3.6;0.0;0;12;4.770;4.739;5.2;0;-2.0;0;0;0;0;46;98;0;0;1687;728.20;0;0;0;0;0;0;0;0;0;0;0;0;0;0;0;0;12;0;84.0;84.0;2;0;0.00;0.00;0.00;0.0;0.0
20.661;44;139;84;11676;0.0;18.200;1.238;33;34;10;0;100;101;100;142;100;344;100;75;75;0;7.735;7.735;0.000;0.000;18.200;1.238;3.6;0.0;0;12;4.770;4.739;5.2;0;-2.0;0;0;0;0;46;98;0;0;1687;728.20;0;0;0;0;0;0;0;0;0;0;0;0;0;0;0;0;12;0;84.0;84.0;2;0;0.00;0.00;0.00;0.0;0.0
20.730;44;139;84;11676;0.0;18.200;1.238;33;34;10;0;100;101;100;142;100;344;100;75;75;0;7.735;7.735;0.000;0.000;18.200;1.238;3.6;0.0;0;12;4.770;4.739;2.7;0;-2.0;0;0;0;0;46;98;0;0;1687;728.20;0;0;0;0;0;0;0;0;0;0;0;0;0;0;0;0;12;0;84.0;84.0;2;0;0.00;0.00;0.00;0.0;0.0
20.796;44;139;84;11676;0.0;18.200;1.238;33;34;10;0;100;101;100;142;100;344;100;75;75;0;7.735;7.735;0.000;0.000;18.200;1.238;3.6;0.0;0;12;4.770;4.739;2.7;0;-2.0;0;0;0;0;46;98;0;0;1687;728.20;0;0;0;0;0;0;0;0;0;0;0;0;0;0;0;0;12;0;84.0;84.0;2;0;0.00;0.00;0.00;0.0;0.0
20.861;44;139;84;11676;0.0;18.200;1.238;33;34;10;0;100;101;100;142;100;344;100;75;75;0;7.735;7.735;0.000;0.000;18.200;1.238;3.6;0.0;0;12;4.770;4.739;2.7;0;-2.0;0;0;0;0;46;98;0;0;1687;728.20;0;0;0;0;0;0;0;0;0;0;0;0;0;0;0;0;12;0;84.0;84.0;2;0;0.00;0.00;0.00;0.0;0.0
20.931;44;139;84;11676;0.0;18.200;1.238;33;34;10;0;100;101;100;142;100;344;100;75;75;0;7.735;7.735;0.000;0.000;18.200;1.238;3.6;0.0;0;12;4.770;4.739;2.7;0;-2.0;0;0;0;0;46;98;0;0;1687;728.20;0;0;0;0;0;0;0;0;0;0;0;0;0;0;0;0;12;0;84.0;84.0;2;0;0.00;0.00;0.00;0.0;0.0
20.996;45;139;84;11676;0.0;18.200;1.238;33;34;10;0;100;101;100;142;100;344;100;75;75;0;7.735;7.735;0.000;0.000;18.200;1.238;3.6;0.0;0;12;4.770;4.739;1.4;0;-2.0;0;0;0;0;46;98;0;0;1698;732.95;0;0;0;0;0;0;0;0;0;0;0;0;0;0;0;0;12;0;84.0;84.0;2;0;0.00;0.00;0.00;0.0;0.0
20.996;45;139;84;11676;0.0;18.200;1.238;33;34;10;0;100;101;100;142;100;344;100;75;75;0;7.735;7.735;0.000;0.000;18.200;1.238;3.6;0.0;0;12;4.770;4.739;1.4;0;-2.0;0;0;0;0;46;98;0;0;1698;732.95;0;0;0;0;0;0;0;0;0;0;0;0;0;0;0;0;12;0;84.0;84.0;2;0;0.00;0.00;0.00;0.0;0.0
21.131;45;0;98;0;0.0;18.200;1.238;33;34;0;0;100;101;100;142;100;344;100;88;88;0;0.000;7.735;0.000;0.000;18.200;1.238;0.0;0.0;0;15;4.770;4.739;1.4;0;0.0;0;0;0;0;46;98;0;0;1698;0.00;0;0;0;0;0;0;0;0;0;0;0;0;0;0;0;0;15;0;98.0;98.0;0;0;0.00;0.00;0.00;0.0;0.0
21.197;45;0;98;0;0.0;17.900;1.218;33;34;0;0;100;101;100;142;100;344;100;88;88;0;0.000;7.735;0.000;0.000;18.200;1.238;0.0;0.0;0;15;4.770;4.739;1.4;0;0.0;0;0;0;0;46;98;0;0;1698;0.00;0;0;0;0;0;0;0;0;0;0;0;0;0;0;0;0;15;0;98.0;98.0;0;0;0.00;0.00;0.00;0.0;0.0
21.263;45;0;98;0;0.0;17.900;1.218;33;34;0;0;100;101;100;142;100;344;100;88;88;0;0.000;7.735;0.000;0.000;18.200;1.238;0.0;0.0;0;15;4.770;4.739;0.7;0;0.0;0;0;0;0;46;98;0;0;1698;0.00;0;0;0;0;0;0;0;0;0;0;0;0;0;0;0;0;15;0;98.0;98.0;0;0;0.00;0.00;0.00;0.0;0.0
21.328;45;0;98;0;0.0;17.700;1.204;33;34;0;0;100;101;100;142;100;344;100;88;88;0;0.000;7.735;0.000;0.000;18.200;1.238;0.0;0.0;0;15;4.770;4.739;0.7;0;0.0;0;0;0;0;46;98;0;0;1698;0.00;0;0;0;0;0;0;0;0;0;0;0;0;0;0;0;0;15;0;98.0;98.0;0;0;0.00;0.00;0.00;0.0;0.0
21.328;45;0;98;0;0.0;17.600;1.197;33;34;0;0;100;101;100;142;100;344;100;88;88;0;0.000;7.735;0.000;0.000;18.200;1.238;0.0;0.0;0;15;4.770;4.739;0.7;0;0.0;0;0;0;0;46;98;0;0;1698;0.00;0;0;0;0;0;0;0;0;0;0;0;0;0;0;0;0;15;0;98.0;98.0;0;0;0.00;0.00;0.00;0.0;0.0
21.463;45;0;98;0;0.0;17.500;1.190;33;34;0;0;100;101;100;142;100;344;100;88;88;0;0.000;7.735;0.000;0.000;18.200;1.238;0.0;0.0;0;15;4.770;4.739;0.3;0;0.0;0;0;0;0;46;98;0;0;1698;0.00;0;0;0;0;0;0;0;0;0;0;0;0;0;0;0;0;15;0;98.0;98.0;0;0;0.00;0.00;0.00;0.0;0.0
21.529;45;0;98;0;0.0;17.600;1.197;33;34;0;0;100;101;100;142;100;344;100;88;88;0;0.000;7.735;0.000;0.000;18.200;1.238;0.0;0.0;0;15;4.770;4.739;0.3;0;0.0;0;0;0;0;46;98;0;0;1698;0.00;0;0;0;0;0;0;0;0;0;0;0;0;0;0;0;0;15;0;98.0;98.0;2;0;0.00;0.00;0.00;0.0;0.0
21.529;45;0;98;0;0.0;17.700;1.204;33;34;0;0;100;101;100;142;100;344;100;88;88;0;0.000;7.735;0.000;0.000;18.200;1.238;0.0;0.0;0;15;4.770;4.739;0.3;0;0.0;0;0;0;0;46;98;0;0;1698;0.00;0;0;0;0;0;0;0;0;0;0;0;0;0;0;0;0;15;0;98.0;98.0;2;0;0.00;0.00;0.00;0.0;0.0
21.665;45;0;98;0;0.0;17.700;1.204;33;34;0;0;100;101;100;142;100;344;100;88;88;0;0.000;7.735;0.000;0.000;18.200;1.238;0.0;0.0;0;15;4.770;4.739;0.3;0;0.0;0;0;0;0;46;98;0;0;1698;0.00;0;0;0;0;0;0;0;0;0;0;0;0;0;0;0;0;15;0;98.0;98.0;2;0;0.00;0.00;0.00;0.0;0.0
21.730;45;0;98;0;0.0;17.700;1.204;33;34;0;0;100;101;100;142;100;344;100;88;88;0;0.000;7.735;0.000;0.000;18.200;1.238;0.0;0.0;0;15;4.770;4.739;5.3;0;0.0;0;0;0;0;0;98;0;0;1698;0.00;0;0;0;0;0;0;0;0;0;0;0;0;0;0;0;0;15;0;98.0;98.0;2;0;0.00;0.00;0.00;0.0;0.0
21.795;45;0;98;0;0.0;17.700;1.204;33;34;0;0;100;101;100;142;100;344;100;88;88;0;0.000;7.735;0.000;0.000;18.200;1.238;0.0;0.0;0;15;4.770;4.739;5.3;0;0.0;0;0;0;0;0;98;0;0;1698;0.00;0;0;0;0;0;0;0;0;0;0;0;0;0;0;0;0;15;0;98.0;98.0;2;0;0.00;0.00;0.00;0.0;0.0
21.864;45;0;98;0;0.0;17.700;1.204;33;34;0;0;100;101;100;142;100;344;100;88;88;0;0.000;7.735;0.000;0.000;18.200;1.238;0.0;0.0;0;15;4.770;4.739;5.3;0;0.0;0;0;0;0;0;98;0;0;1698;0.00;0;0;0;0;0;0;0;0;0;0;0;0;0;0;0;0;15;0;98.0;98.0;2;0;0.00;0.00;0.00;0.0;0.0
21.931;45;0;98;0;0.0;17.700;1.204;33;34;0;0;100;101;100;142;100;344;100;88;88;0;0.000;7.735;0.000;0.000;18.200;1.238;0.0;0.0;0;15;4.770;4.739;5.3;0;0.0;0;0;0;0;0;98;0;0;1698;0.00;0;0;0;0;0;0;0;0;0;0;0;0;0;0;0;0;15;0;98.0;98.0;2;0;0.00;0.00;0.00;0.0;0.0
21.996;46;0;98;0;0.0;17.700;1.204;33;34;0;0;100;101;100;142;100;344;100;88;88;0;0.000;7.735;0.000;0.000;18.200;1.238;0.0;0.0;0;15;4.770;4.739;7.9;0;0.0;0;0;0;0;0;98;0;0;6119;0.00;0;0;0;0;0;0;0;0;0;0;0;0;0;0;0;0;15;0;98.0;98.0;2;0;0.00;0.00;0.00;0.0;0.0
22.065;46;0;98;0;0.0;17.700;1.204;33;34;0;0;100;101;100;142;100;344;100;88;88;0;0.000;7.735;0.000;0.000;18.200;1.238;0.0;0.0;0;15;4.770;4.739;7.9;0;0.0;0;0;0;0;0;98;0;0;6119;0.00;0;0;0;0;0;0;0;0;0;0;0;0;0;0;0;0;15;0;98.0;98.0;2;0;0.00;0.00;0.00;0.0;0.0
22.065;46;0;98;0;0.0;17.700;1.204;33;34;0;0;100;101;100;142;100;344;100;88;88;0;0.000;7.735;0.000;0.000;18.200;1.238;0.0;0.0;0;15;4.770;4.739;7.9;0;0.0;0;0;0;0;0;98;0;0;6119;0.00;0;0;0;0;0;0;0;0;0;0;0;0;0;0;0;0;15;0;98.0;98.0;2;0;0.00;0.00;0.00;0.0;0.0
22.197;46;0;98;0;0.0;17.700;1.204;33;34;0;0;100;101;100;142;100;344;100;88;88;0;0.000;7.735;0.000;0.000;18.200;1.238;0.0;0.0;0;15;4.770;4.739;7.9;0;0.0;0;0;0;0;0;98;0;0;6119;0.00;0;0;0;0;0;0;0;0;0;0;0;0;0;0;0;0;15;0;98.0;98.0;2;0;0.00;0.00;0.00;0.0;0.0
22.263;46;0;98;0;0.0;17.700;1.204;33;34;0;0;100;101;100;142;100;344;100;88;88;0;0.000;7.735;0.000;0.000;18.200;1.238;0.0;0.0;0;15;4.770;4.739;9.3;0;0.0;0;0;0;0;0;98;0;0;6119;0.00;0;0;0;0;0;0;0;0;0;0;0;0;0;0;0;0;15;0;98.0;98.0;2;0;0.00;0.00;0.00;0.0;0.0
22.263;46;0;98;0;0.0;17.800;1.211;33;34;0;0;100;101;100;142;100;344;100;88;88;0;0.000;7.735;0.000;0.000;18.200;1.238;0.0;0.0;0;15;4.770;4.739;9.3;0;0.0;0;0;0;0;0;98;0;0;6119;0.00;0;0;0;0;0;0;0;0;0;0;0;0;0;0;0;0;15;0;98.0;98.0;2;0;0.00;0.00;0.00;0.0;0.0
22.398;46;0;98;0;0.0;17.900;1.218;33;34;0;0;100;101;100;142;100;344;100;88;88;0;0.000;7.735;0.000;0.000;18.200;1.238;0.0;0.0;0;15;4.770;4.739;9.3;0;0.0;0;0;0;0;0;98;0;0;6119;0.00;0;0;0;0;0;0;0;0;0;0;0;0;0;0;0;0;15;0;98.0;98.0;0;0;0.00;0.00;0.00;0.0;0.0
22.463;46;0;98;0;0.0;18.200;1.238;33;34;0;0;100;101;100;142;100;344;100;88;88;0;0.000;7.735;0.000;0.000;18.200;1.238;0.0;0.0;0;15;4.770;4.739;9.3;0;0.0;0;0;0;0;0;98;0;0;6119;0.00;0;0;0;0;0;0;0;0;0;0;0;0;0;0;0;0;15;0;98.0;98.0;0;0;0.00;0.00;0.00;0.0;0.0
22.528;46;0;98;0;0.0;18.300;1.245;33;34;0;0;100;101;100;142;100;344;100;88;88;0;0.000;7.735;0.000;0.000;18.200;1.238;0.0;0.0;0;15;4.770;4.739;10.1;0;0.0;0;0;0;0;0;98;0;0;6119;0.00;0;0;0;0;0;0;0;0;0;0;0;0;0;0;0;0;15;0;98.0;98.0;0;0;0.00;0.00;0.00;0.0;0.0
22.594;46;0;98;0;0.0;18.500;1.259;33;34;0;0;100;101;100;142;100;344;100;88;88;0;0.000;7.735;0.000;0.000;18.200;1.238;0.0;0.0;0;15;4.770;4.739;10.1;0;0.0;0;0;0;0;0;98;0;0;6119;0.00;0;0;0;0;0;0;0;0;0;0;0;0;0;0;0;0;15;0;98.0;98.0;0;0;0.00;0.00;0.00;0.0;0.0
22.663;46;0;98;0;0.0;18.600;1.265;33;34;0;0;100;101;100;142;100;344;100;88;88;0;0.000;7.735;0.000;0.000;18.200;1.238;0.0;0.0;0;15;4.770;4.739;10.1;0;0.0;0;0;0;0;0;98;0;0;6119;0.00;0;0;0;0;0;0;0;0;0;0;0;0;0;0;0;0;15;0;98.0;98.0;0;0;0.00;0.00;0.00;0.0;0.0
22.729;46;0;98;0;0.0;18.700;1.272;33;34;0;0;100;101;100;142;100;344;100;88;88;0;0.000;7.735;0.000;0.000;18.200;1.238;0.0;0.0;0;15;4.770;4.739;10.5;0;0.0;0;0;0;0;0;98;0;0;6119;0.00;0;0;0;0;0;0;0;0;0;0;0;0;0;0;0;0;15;0;98.0;98.0;0;0;0.00;0.00;0.00;0.0;0.0
22.799;46;0;98;0;0.0;18.800;1.279;33;34;0;0;100;101;100;142;100;344;100;88;88;0;0.000;7.735;0.000;0.000;18.200;1.238;0.0;0.0;0;15;4.770;4.739;10.5;0;0.0;0;0;0;0;0;98;0;0;6119;0.00;0;0;0;0;0;0;0;0;0;0;0;0;0;0;0;0;15;0;98.0;98.0;0;0;0.00;0.00;0.00;0.0;0.0
22.864;46;0;98;0;0.0;19.000;1.293;33;34;0;0;100;101;100;142;100;344;100;88;88;0;0.000;7.735;0.000;0.000;18.200;1.238;0.0;0.0;0;15;4.770;4.739;10.5;0;0.0;0;0;0;0;45;98;0;0;6119;0.00;0;0;0;0;0;0;0;0;0;0;0;0;0;0;0;0;15;0;98.0;98.0;0;0;0.00;0.00;0.00;0.0;0.0
22.930;46;0;98;0;0.0;19.100;1.299;33;34;0;0;100;101;100;142;100;344;100;88;88;0;0.000;7.735;0.000;0.000;18.200;1.238;0.0;0.0;0;15;4.770;4.739;10.5;0;0.0;0;0;0;0;45;98;0;0;6119;0.00;0;0;0;0;0;0;0;0;0;0;0;0;0;0;0;0;15;0;98.0;98.0;0;0;0.00;0.00;0.00;0.0;0.0
22.999;47;0;98;0;0.0;19.300;1.313;33;34;0;0;100;101;100;142;100;344;100;88;88;0;0.000;7.735;0.000;0.000;18.200;1.238;0.0;0.0;0;15;4.770;4.739;10.7;0;0.0;0;0;0;0;45;98;0;0;6546;0.00;0;0;0;0;0;0;0;0;0;0;0;0;0;0;0;0;15;0;98.0;98.0;0;0;0.00;0.00;0.00;0.0;0.0
23.065;47;0;98;0;0.0;19.500;1.327;33;34;0;0;100;101;100;142;100;344;100;88;88;0;0.000;7.735;0.000;0.000;18.200;1.238;0.0;0.0;0;15;4.770;4.739;10.7;0;0.0;0;0;0;0;45;98;0;0;6546;0.00;0;0;0;0;0;0;0;0;0;0;0;0;0;0;0;0;15;0;98.0;98.0;0;0;0.00;0.00;0.00;0.0;0.0
23.130;47;0;98;0;0.0;19.600;1.333;33;34;0;0;100;101;100;142;100;344;100;88;88;0;0.000;7.735;0.000;0.000;18.200;1.238;0.0;0.0;0;15;4.770;4.739;10.7;0;0.0;0;0;0;0;45;98;0;0;6546;0.00;0;0;0;0;0;0;0;0;0;0;0;0;0;0;0;0;15;0;98.0;98.0;0;0;0.00;0.00;0.00;0.0;0.0
23.196;47;0;98;0;0.0;19.700;1.340;33;34;0;0;100;101;100;142;100;344;100;88;88;0;0.000;7.735;0.000;0.000;18.200;1.238;0.0;0.0;0;15;4.770;4.739;10.7;0;0.0;0;0;0;0;45;98;0;0;6546;0.00;0;0;0;0;0;0;0;0;0;0;0;0;0;0;0;0;15;0;98.0;98.0;0;0;0.00;0.00;0.00;0.0;0.0
23.262;47;0;98;0;0.0;19.700;1.340;33;34;0;0;100;101;100;142;100;344;100;88;88;0;0.000;7.735;0.000;0.000;18.200;1.238;0.0;0.0;0;15;4.770;4.739;10.8;0;0.0;0;0;0;0;45;98;0;0;6546;0.00;0;0;0;0;0;0;0;0;0;0;0;0;0;0;0;0;15;0;98.0;98.0;0;0;0.00;0.00;0.00;0.0;0.0
23.327;47;0;98;0;0.0;19.700;1.340;33;34;0;0;100;101;100;142;100;344;100;88;88;0;0.000;7.735;0.000;0.000;18.200;1.238;0.0;0.0;0;15;4.770;4.739;10.8;0;0.0;0;0;0;0;45;98;0;0;6546;0.00;0;0;0;0;0;0;0;0;0;0;0;0;0;0;0;0;15;0;98.0;98.0;0;0;0.00;0.00;0.00;0.0;0.0
23.327;47;0;98;0;0.0;19.700;1.340;33;34;0;0;100;101;100;142;100;344;100;88;88;0;0.000;7.735;0.000;0.000;18.200;1.238;0.0;0.0;0;15;4.770;4.739;10.8;0;0.0;0;0;0;0;45;98;0;0;6546;0.00;0;0;0;0;0;0;0;0;0;0;0;0;0;0;0;0;15;0;98.0;98.0;0;0;0.00;0.00;0.00;0.0;0.0
23.462;47;0;98;0;0.0;19.700;1.340;33;34;0;0;100;101;100;142;100;344;100;88;88;0;0.000;7.735;0.000;0.000;18.200;1.238;0.0;0.0;0;15;4.770;4.739;10.8;0;0.0;0;0;0;0;45;98;0;0;6546;0.00;0;0;0;0;0;0;0;0;0;0;0;0;0;0;0;0;15;0;98.0;98.0;0;0;0.00;0.00;0.00;0.0;0.0
23.528;47;0;98;0;0.0;19.700;1.340;33;34;0;0;100;101;100;142;100;344;100;88;88;0;0.000;7.735;0.000;0.000;18.200;1.238;0.0;0.0;0;15;4.770;4.739;10.9;0;0.0;0;0;0;0;45;98;0;0;6546;0.00;0;0;0;0;0;0;0;0;0;0;0;0;0;0;0;0;15;0;98.0;98.0;0;0;0.00;0.00;0.00;0.0;0.0
23.528;47;0;98;0;0.0;19.700;1.340;33;34;0;0;100;101;100;142;100;344;100;88;88;0;0.000;7.735;0.000;0.000;18.200;1.238;0.0;0.0;0;15;4.770;4.739;10.9;0;0.0;0;0;0;0;45;98;0;0;6546;0.00;0;0;0;0;0;0;0;0;0;0;0;0;0;0;0;0;15;0;98.0;98.0;0;0;0.00;0.00;0.00;0.0;0.0
23.597;47;0;98;0;0.0;19.700;1.340;33;34;0;0;100;101;100;142;100;344;100;88;88;0;0.000;7.735;0.000;0.000;18.200;1.238;0.0;0.0;0;15;4.770;4.739;10.9;0;0.0;0;0;0;0;45;98;0;0;6546;0.00;0;0;0;0;0;0;0;0;0;0;0;0;0;0;0;0;15;0;98.0;98.0;0;0;0.00;0.00;0.00;0.0;0.0
23.728;47;0;98;0;0.0;19.700;1.340;33;34;0;0;100;101;100;142;100;344;100;88;88;0;0.000;7.735;0.000;0.000;18.200;1.238;0.0;0.0;0;15;4.770;4.739;10.9;0;0.0;0;0;0;0;45;98;0;0;6546;0.00;0;0;0;0;0;0;0;0;0;0;0;0;0;0;0;0;15;0;98.0;98.0;0;0;0.00;0.00;0.00;0.0;0.0
23.794;47;0;98;0;0.0;19.700;1.340;33;34;0;0;100;101;100;142;100;344;100;88;88;0;0.000;7.735;0.000;0.000;18.200;1.238;0.0;0.0;0;15;4.770;4.739;10.9;0;0.0;0;0;0;0;45;98;0;0;6546;0.00;0;0;0;0;0;0;0;0;0;0;0;0;0;0;0;0;15;0;98.0;98.0;0;0;0.00;0.00;0.00;0.0;0.0
23.864;47;0;98;0;0.0;19.700;1.340;33;34;0;0;100;101;100;142;100;344;100;88;88;0;0.000;7.735;0.000;0.000;18.200;1.238;0.0;0.0;0;15;4.770;4.739;10.9;0;0.0;0;0;0;0;45;98;0;0;6546;0.00;0;0;0;0;0;0;0;0;0;0;0;0;0;0;0;0;15;0;98.0;98.0;0;0;0.00;0.00;0.00;0.0;0.0
23.929;47;0;98;0;0.0;19.700;1.340;33;34;0;0;100;101;100;142;100;344;100;88;88;0;0.000;7.735;0.000;0.000;18.200;1.238;0.0;0.0;0;15;4.770;4.739;10.9;0;0.0;0;0;0;0;45;98;0;0;6546;0.00;0;0;0;0;0;0;0;0;0;0;0;0;0;0;0;0;15;0;98.0;98.0;0;0;0.00;0.00;0.00;0.0;0.0
23.995;48;0;98;0;0.0;19.700;1.340;33;34;0;0;100;101;100;142;100;344;100;88;88;0;0.000;7.735;0.000;0.000;18.200;1.238;0.0;0.0;0;15;4.770;4.739;10.9;0;0.0;0;0;0;0;45;98;0;0;4144;0.00;0;0;0;0;0;0;0;0;0;0;0;0;0;0;0;0;15;0;98.0;98.0;0;0;0.00;0.00;0.00;0.0;0.0
24.064;48;0;98;0;0.0;19.700;1.340;33;34;0;0;100;101;100;142;100;344;100;88;88;0;0.000;7.735;0.000;0.000;18.200;1.238;0.0;0.0;0;15;4.770;4.739;10.9;0;0.0;0;0;0;0;45;98;0;0;4144;0.00;0;0;0;0;0;0;0;0;0;0;0;0;0;0;0;0;15;0;98.0;98.0;0;0;0.00;0.00;0.00;0.0;0.0
24.130;48;0;98;0;0.0;19.700;1.340;33;34;0;0;100;101;100;142;100;344;100;88;88;0;0.000;7.735;0.000;0.000;18.200;1.238;0.0;0.0;0;15;4.770;4.739;10.9;0;0.0;0;0;0;0;45;98;0;0;4144;0.00;0;0;0;0;0;0;0;0;0;0;0;0;0;0;0;0;15;0;98.0;98.0;0;0;0.00;0.00;0.00;0.0;0.0
24.130;48;0;98;0;0.0;19.700;1.340;33;34;0;0;100;101;100;142;100;344;100;88;88;0;0.000;7.735;0.000;0.000;18.200;1.238;0.0;0.0;0;15;4.770;4.739;10.9;0;0.0;0;0;0;0;45;98;0;0;4144;0.00;0;0;0;0;0;0;0;0;0;0;0;0;0;0;0;0;15;0;98.0;98.0;0;0;0.00;0.00;0.00;0.0;0.0
24.261;48;0;98;0;0.0;19.700;1.340;33;34;0;0;100;101;100;142;100;344;100;88;88;0;0.000;7.735;0.000;0.000;18.200;1.238;0.0;0.0;0;15;4.770;4.739;10.9;0;0.0;0;0;0;0;45;98;0;0;4144;0.00;0;0;0;0;0;0;0;0;0;0;0;0;0;0;0;0;15;0;98.0;98.0;0;0;0.00;0.00;0.00;0.0;0.0
24.331;48;0;98;0;0.0;19.700;1.340;33;34;0;0;100;101;100;142;100;344;100;88;88;0;0.000;7.735;0.000;0.000;18.200;1.238;0.0;0.0;0;15;4.770;4.739;10.9;0;0.0;0;0;0;0;45;98;0;0;4144;0.00;0;0;0;0;0;0;0;0;0;0;0;0;0;0;0;0;15;0;98.0;98.0;0;0;0.00;0.00;0.00;0.0;0.0
24.331;48;0;98;0;0.0;19.700;1.340;33;34;0;0;100;101;100;142;100;344;100;88;88;0;0.000;7.735;0.000;0.000;18.200;1.238;0.0;0.0;0;15;4.770;4.739;10.9;0;0.0;0;0;0;0;45;98;0;0;4144;0.00;0;0;0;0;0;0;0;0;0;0;0;0;0;0;0;0;15;0;98.0;98.0;0;0;0.00;0.00;0.00;0.0;0.0
24.462;48;0;98;0;0.0;19.700;1.340;33;34;0;0;100;101;100;142;100;344;100;88;88;0;0.000;7.735;0.000;0.000;18.200;1.238;0.0;0.0;0;15;4.770;4.739;10.9;0;0.0;0;0;0;0;45;98;0;0;4144;0.00;0;0;0;0;0;0;0;0;0;0;0;0;0;0;0;0;15;0;98.0;98.0;0;0;0.00;0.00;0.00;0.0;0.0
24.462;48;0;98;0;0.0;19.700;1.340;33;34;0;0;100;101;100;142;100;344;100;88;88;0;0.000;7.735;0.000;0.000;18.200;1.238;0.0;0.0;0;15;4.770;4.739;10.9;0;0.0;0;0;0;0;45;98;0;0;4144;0.00;0;0;0;0;0;0;0;0;0;0;0;0;0;0;0;0;15;0;98.0;98.0;0;0;0.00;0.00;0.00;0.0;0.0
24.596;48;0;98;0;0.0;19.700;1.340;33;34;0;0;100;101;100;142;100;344;100;88;88;0;0.000;7.735;0.000;0.000;18.200;1.238;0.0;0.0;0;15;4.770;4.739;10.9;0;0.0;0;0;0;0;45;98;0;0;4144;0.00;0;0;0;0;0;0;0;0;0;0;0;0;0;0;0;0;15;0;98.0;98.0;0;0;0.00;0.00;0.00;0.0;0.0
24.662;48;0;98;0;0.0;19.700;1.340;33;34;0;0;100;101;100;142;100;344;100;88;88;0;0.000;7.735;0.000;0.000;18.200;1.238;0.0;0.0;0;15;4.770;4.739;10.9;0;0.0;0;0;0;0;45;98;0;0;4144;0.00;0;0;0;0;0;0;0;0;0;0;0;0;0;0;0;0;15;0;98.0;98.0;0;0;0.00;0.00;0.00;0.0;0.0
24.728;48;0;98;0;0.0;19.700;1.340;33;34;0;0;100;101;100;142;100;344;100;88;88;0;0.000;7.735;0.000;0.000;18.200;1.238;0.0;0.0;0;15;4.770;4.739;10.9;0;0.0;0;0;0;0;45;98;0;0;4144;0.00;0;0;0;0;0;0;0;0;0;0;0;0;0;0;0;0;15;0;98.0;98.0;0;0;0.00;0.00;0.00;0.0;0.0
24.728;48;0;98;0;0.0;19.700;1.340;33;34;0;0;100;101;100;142;100;344;100;88;88;0;0.000;7.735;0.000;0.000;18.200;1.238;0.0;0.0;0;15;4.770;4.739;10.9;0;0.0;0;0;0;0;45;98;0;0;4144;0.00;0;0;0;0;0;0;0;0;0;0;0;0;0;0;0;0;15;0;98.0;98.0;0;0;0.00;0.00;0.00;0.0;0.0
24.863;48;0;98;0;0.0;19.700;1.340;33;34;0;0;100;101;100;142;100;344;100;88;88;0;0.000;7.735;0.000;0.000;18.200;1.238;0.0;0.0;0;15;4.770;4.739;10.9;0;0.0;0;0;0;0;45;98;0;0;4144;0.00;0;0;0;0;0;0;0;0;0;0;0;0;0;0;0;0;15;0;98.0;98.0;0;0;0.00;0.00;0.00;0.0;0.0
24.863;48;0;98;0;0.0;19.700;1.340;33;34;0;0;100;101;100;142;100;344;100;88;88;0;0.000;7.735;0.000;0.000;18.200;1.238;0.0;0.0;0;15;4.770;4.739;10.9;0;0.0;0;0;0;0;45;98;0;0;4144;0.00;0;0;0;0;0;0;0;0;0;0;0;0;0;0;0;0;15;0;98.0;98.0;0;0;0.00;0.00;0.00;0.0;0.0
24.998;48;0;98;0;0.0;19.700;1.340;33;34;0;0;100;101;100;142;100;344;100;88;88;0;0.000;7.735;0.000;0.000;18.200;1.238;0.0;0.0;0;15;4.770;4.739;10.9;0;0.0;0;0;0;0;45;98;0;0;4144;0.00;0;0;0;0;0;0;0;0;0;0;0;0;0;0;0;0;15;0;98.0;98.0;0;0;0.00;0.00;0.00;0.0;0.0
25.063;49;0;98;0;0.0;19.700;1.340;33;34;0;0;100;101;100;142;100;344;100;88;88;0;0.000;7.735;0.000;0.000;18.200;1.238;0.0;0.0;0;15;4.770;4.739;11.0;0;0.0;0;0;0;0;45;98;0;0;4131;0.00;0;0;0;0;0;0;0;0;0;0;0;0;0;0;0;0;15;0;98.0;98.0;0;0;0.00;0.00;0.00;0.0;0.0
25.129;49;0;98;0;0.0;19.700;1.340;33;34;0;0;100;101;100;142;100;344;100;88;88;0;0.000;7.735;0.000;0.000;18.200;1.238;0.0;0.0;0;15;4.770;4.739;11.0;0;0.0;0;0;0;0;45;98;0;0;4131;0.00;0;0;0;0;0;0;0;0;0;0;0;0;0;0;0;0;15;0;98.0;98.0;0;0;0.00;0.00;0.00;0.0;0.0
25.129;49;0;98;0;0.0;19.700;1.340;33;34;0;0;100;101;100;142;100;344;100;88;88;0;0.000;7.735;0.000;0.000;18.200;1.238;0.0;0.0;0;15;4.770;4.739;11.0;0;0.0;0;0;0;0;45;98;0;0;4131;0.00;0;0;0;0;0;0;0;0;0;0;0;0;0;0;0;0;15;0;98.0;98.0;0;0;0.00;0.00;0.00;0.0;0.0
25.194;49;0;98;0;0.0;19.700;1.340;33;34;0;0;100;101;100;142;100;344;100;88;88;0;0.000;7.735;0.000;0.000;18.200;1.238;0.0;0.0;0;15;4.770;4.739;11.1;0;0.0;0;0;0;0;45;98;0;0;4131;0.00;0;0;0;0;0;0;0;0;0;0;0;0;0;0;0;0;15;0;98.0;98.0;0;0;0.00;0.00;0.00;0.0;0.0
25.330;49;0;98;0;0.0;19.700;1.340;33;34;0;0;100;101;100;142;100;344;100;88;88;0;0.000;7.735;0.000;0.000;18.200;1.238;0.0;0.0;0;15;4.770;4.739;11.1;0;0.0;0;0;0;0;45;98;0;0;4131;0.00;0;0;0;0;0;0;0;0;0;0;0;0;0;0;0;0;15;0;98.0;98.0;0;0;0.00;0.00;0.00;0.0;0.0
25.330;49;0;98;0;0.0;19.700;1.340;33;34;0;0;100;101;100;142;100;344;100;88;88;0;0.000;7.735;0.000;0.000;18.200;1.238;0.0;0.0;0;15;4.770;4.739;11.1;0;0.0;0;0;0;0;45;98;0;0;4131;0.00;0;0;0;0;0;0;0;0;0;0;0;0;0;0;0;0;15;0;98.0;98.0;0;0;0.00;0.00;0.00;0.0;0.0
25.465;49;0;98;0;0.0;19.700;1.340;33;34;0;0;100;101;100;142;100;344;100;88;88;0;0.000;7.735;0.000;0.000;18.200;1.238;0.0;0.0;0;15;4.770;4.739;11.1;0;0.0;0;0;0;0;45;98;0;0;4131;0.00;0;0;0;0;0;0;0;0;0;0;0;0;0;0;0;0;15;0;98.0;98.0;0;0;0.00;0.00;0.00;0.0;0.0
25.530;49;0;98;0;0.0;19.700;1.340;33;34;0;0;100;101;100;142;100;344;100;88;88;0;0.000;7.735;0.000;0.000;18.200;1.238;0.0;0.0;0;15;4.770;4.739;11.1;0;0.0;0;0;0;0;45;98;0;0;4131;0.00;0;0;0;0;0;0;0;0;0;0;0;0;0;0;0;0;15;0;98.0;98.0;0;0;0.00;0.00;0.00;0.0;0.0
25.596;49;0;98;0;0.0;19.700;1.340;33;34;0;0;100;101;100;142;100;344;100;88;88;0;0.000;7.735;0.000;0.000;18.200;1.238;0.0;0.0;0;15;4.770;4.739;11.1;0;0.0;0;0;0;0;45;98;0;0;4131;0.00;0;0;0;0;0;0;0;0;0;0;0;0;0;0;0;0;15;0;98.0;98.0;0;0;0.00;0.00;0.00;0.0;0.0
25.662;49;0;98;0;0.0;19.700;1.340;33;34;0;0;100;101;100;142;100;344;100;88;88;0;0.000;7.735;0.000;0.000;18.200;1.238;0.0;0.0;0;15;4.770;4.739;11.1;0;0.0;0;0;0;0;45;98;0;0;4131;0.00;0;0;0;0;0;0;0;0;0;0;0;0;0;0;0;0;15;0;98.0;98.0;0;0;0.00;0.00;0.00;0.0;0.0
25.728;49;0;98;0;0.0;19.700;1.340;33;34;0;0;100;101;100;142;100;344;100;88;88;0;0.000;7.735;0.000;0.000;18.200;1.238;0.0;0.0;0;15;4.770;4.739;11.1;0;0.0;0;0;0;0;45;98;0;0;4131;0.00;0;0;0;0;0;0;0;0;0;0;0;0;0;0;0;0;15;0;98.0;98.0;0;0;0.00;0.00;0.00;0.0;0.0
25.728;49;0;98;0;0.0;19.700;1.340;33;34;0;0;100;101;100;142;100;344;100;88;88;0;0.000;7.735;0.000;0.000;18.200;1.238;0.0;0.0;0;15;4.770;4.739;11.1;0;0.0;0;0;0;0;45;98;0;0;4131;0.00;0;0;0;0;0;0;0;0;0;0;0;0;0;0;0;0;15;0;98.0;98.0;0;0;0.00;0.00;0.00;0.0;0.0
25.862;49;0;98;0;0.0;19.700;1.340;33;34;0;0;100;101;100;142;100;344;100;88;88;0;0.000;7.735;0.000;0.000;18.200;1.238;0.0;0.0;0;15;4.770;4.739;11.1;0;0.0;0;0;0;0;45;98;0;0;4131;0.00;0;0;0;0;0;0;0;0;0;0;0;0;0;0;0;0;15;0;98.0;98.0;0;0;0.00;0.00;0.00;0.0;0.0
25.929;49;0;98;0;0.0;19.700;1.340;33;34;0;0;100;101;100;142;100;344;100;88;88;0;0.000;7.735;0.000;0.000;18.200;1.238;0.0;0.0;0;15;4.770;4.739;11.1;0;0.0;0;0;0;0;45;98;0;0;4131;0.00;0;0;0;0;0;0;0;0;0;0;0;0;0;0;0;0;15;0;98.0;98.0;0;0;0.00;0.00;0.00;0.0;0.0
25.997;49;0;98;0;0.0;19.700;1.340;33;34;0;0;100;101;100;142;100;344;100;88;88;0;0.000;7.735;0.000;0.000;18.200;1.238;0.0;0.0;0;15;4.770;4.739;11.1;0;0.0;0;0;0;0;45;98;0;0;4131;0.00;0;0;0;0;0;0;0;0;0;0;0;0;0;0;0;0;15;0;98.0;98.0;0;0;0.00;0.00;0.00;0.0;0.0
26.063;50;0;98;0;0.0;19.700;1.340;33;34;0;0;100;101;100;142;100;344;100;88;88;0;0.000;7.735;0.000;0.000;18.200;1.238;0.0;0.0;0;15;4.770;4.739;11.1;0;0.0;0;0;0;0;45;98;0;0;4120;0.00;0;0;0;0;0;0;0;0;0;0;0;0;0;0;0;0;15;0;98.0;98.0;0;0;0.00;0.00;0.00;0.0;0.0
26.129;50;0;98;0;0.0;19.700;1.340;33;34;0;0;100;101;100;142;100;344;100;88;88;0;0.000;7.735;0.000;0.000;18.200;1.238;0.0;0.0;0;15;4.770;4.739;11.1;0;0.0;0;0;0;0;45;98;0;0;4120;0.00;0;0;0;0;0;0;0;0;0;0;0;0;0;0;0;0;15;0;98.0;98.0;0;0;0.00;0.00;0.00;0.0;0.0
26.198;50;0;96;0;0.0;19.700;1.340;33;34;0;0;100;101;100;142;100;344;100;87;87;0;0.000;7.735;0.000;0.000;18.200;1.238;0.0;0.0;0;16;4.770;4.739;11.1;0;-0.3;0;0;0;0;45;98;0;0;4120;0.00;0;0;0;0;0;0;0;0;0;0;0;0;0;0;0;0;16;0;96.0;96.0;0;0;0.00;0.00;0.00;0.0;0.0
26.264;50;0;91;0;0.0;19.700;1.340;33;34;0;0;100;101;100;142;100;344;100;81;81;0;0.000;7.735;0.000;0.000;18.200;1.238;0.0;0.0;0;17;4.770;4.739;11.1;0;-1.0;0;0;0;0;45;98;0;0;4120;0.00;0;0;0;0;0;0;0;0;0;0;0;0;0;0;0;0;17;0;91.0;91.0;0;0;0.00;0.00;0.00;0.0;0.0
26.330;50;0;95;0;0.0;19.700;1.340;33;34;0;0;100;101;100;142;100;344;100;85;85;0;0.000;7.735;0.000;0.000;18.200;1.238;0.0;0.0;0;16;4.770;4.739;9.9;0;-0.4;0;0;0;0;45;98;0;0;4120;0.00;0;0;0;0;0;0;0;0;0;0;0;0;0;0;0;0;16;0;95.0;95.0;0;0;0.00;0.00;0.00;0.0;0.0
26.399;50;0;91;0;0.0;19.700;1.340;33;34;0;0;100;101;100;142;100;344;100;81;81;0;0.000;7.735;0.000;0.000;18.200;1.238;0.0;0.0;0;17;4.770;4.739;9.9;0;-1.0;0;0;0;0;45;98;0;0;4120;0.00;0;0;0;0;0;0;0;0;0;0;0;0;0;0;0;0;17;0;91.0;91.0;2;0;0.00;0.00;0.00;0.0;0.0
26.465;50;0;84;0;0.0;19.700;1.340;33;34;0;0;100;101;100;142;100;344;100;75;75;0;0.000;7.735;0.000;0.000;18.200;1.238;0.0;0.0;0;18;4.770;4.739;9.9;0;-2.0;0;0;0;0;45;98;0;0;4120;0.00;0;0;0;0;0;0;0;0;0;0;0;0;0;0;0;0;18;0;84.0;84.0;2;0;0.00;0.00;0.00;0.0;0.0
26.530;50;0;93;0;0.0;19.700;1.340;33;34;0;0;100;101;100;142;100;344;100;84;84;0;0.000;7.735;0.000;0.000;18.200;1.238;0.0;0.0;0;16;4.770;4.739;9.9;0;-0.7;0;0;0;0;45;98;0;0;4120;0.00;0;0;0;0;0;0;0;0;0;0;0;0;0;0;0;0;16;0;93.0;93.0;2;0;0.00;0.00;0.00;0.0;0.0
26.595;50;0;81;0;0.0;19.700;1.340;33;34;0;0;100;101;100;142;100;344;100;73;73;0;0.000;7.735;0.000;0.000;18.200;1.238;0.0;0.0;0;18;4.770;4.739;9.9;0;-2.5;0;0;0;0;45;98;0;0;4120;0.00;0;0;0;0;0;0;0;0;0;0;0;0;0;0;0;0;18;0;81.0;81.0;2;0;0.00;0.00;0.00;0.0;0.0
26.661;50;0;92;0;0.0;19.700;1.340;33;34;0;0;100;101;100;142;100;344;100;82;82;0;0.000;7.735;0.000;0.000;18.200;1.238;0.0;0.0;0;17;4.770;4.739;9.9;0;-0.9;0;0;0;0;45;98;0;0;4120;0.00;0;0;0;0;0;0;0;0;0;0;0;0;0;0;0;0;17;0;92.0;92.0;2;0;0.00;0.00;0.00;0.0;0.0
26.730;50;0;81;0;0.0;19.700;1.340;33;34;0;0;100;101;100;142;100;344;100;73;73;0;0.000;7.735;0.000;0.000;18.200;1.238;0.0;0.0;0;18;4.770;4.739;9.9;0;-2.5;0;0;0;0;45;98;0;0;4120;0.00;0;0;0;0;0;0;0;0;0;0;0;0;0;0;0;0;18;0;81.0;81.0;2;0;0.00;0.00;0.00;0.0;0.0
26.796;50;0;87;0;0.0;19.700;1.340;33;34;0;0;100;101;100;142;100;344;100;78;78;0;0.000;7.735;0.000;0.000;18.200;1.238;0.0;0.0;0;18;4.770;4.739;9.9;0;-1.6;0;0;0;0;45;98;0;0;4120;0.00;0;0;0;0;0;0;0;0;0;0;0;0;0;0;0;0;18;0;87.0;87.0;2;0;0.00;0.00;0.00;0.0;0.0
26.862;50;0;82;0;0.0;19.700;1.340;33;34;0;0;100;101;100;142;100;344;100;73;73;0;0.000;7.735;0.000;0.000;18.200;1.238;0.0;0.0;0;18;4.770;4.739;9.9;0;-2.3;0;0;0;0;45;98;0;0;4120;0.00;0;0;0;0;0;0;0;0;0;0;0;0;0;0;0;0;18;0;82.0;82.0;2;0;0.00;0.00;0.00;0.0;0.0
26.927;50;240;87;20880;0.0;19.700;1.340;33;34;10;0;100;101;100;142;100;344;100;78;78;0;7.009;7.009;0.000;0.000;19.700;1.340;5.6;0.0;0;12;4.725;4.739;9.9;0;-1.6;0;0;0;0;45;98;0;0;4120;1030.00;0;0;0;0;0;0;0;0;0;0;0;0;0;0;0;0;12;0;87.0;87.0;2;0;0.00;0.00;0.00;0.0;0.0
26.997;50;240;87;20880;0.0;19.700;1.340;33;34;10;0;100;101;100;142;100;344;100;78;78;0;7.009;7.009;0.000;0.000;19.700;1.340;5.6;0.0;0;12;4.725;4.739;9.9;2400;-1.6;0;0;0;0;45;98;0;0;4120;1030.00;0;0;0;0;0;0;0;0;0;0;0;0;0;0;0;0;12;0;87.0;87.0;2;0;0.00;0.00;0.00;0.0;0.0
27.063;51;248;87;21576;0.0;19.700;1.340;33;34;10;0;100;101;100;142;100;344;100;78;78;0;7.009;7.009;0.000;0.000;19.700;1.340;5.8;0.0;0;12;4.725;4.739;9.9;80;-1.6;0;0;0;0;45;98;0;0;6160;1490.32;0;0;0;0;0;0;0;0;0;0;0;0;0;0;0;0;12;0;87.0;87.0;2;0;0.00;0.00;0.00;0.0;0.0
27.132;51;244;87;21228;0.0;19.700;1.340;33;34;10;0;100;101;100;142;100;344;100;78;78;0;7.009;7.009;0.000;0.000;19.700;1.340;5.7;0.0;0;12;4.725;4.739;9.9;80;-1.6;0;0;0;0;45;98;0;0;6160;1514.75;0;0;0;0;0;0;0;0;0;0;0;0;0;0;0;0;12;0;87.0;87.0;2;0;0.00;0.00;0.00;0.0;0.0
27.197;51;244;87;21228;0.0;19.700;1.340;33;34;10;0;100;101;100;142;100;344;100;78;78;0;7.009;7.009;0.000;0.000;19.700;1.340;5.7;0.0;0;12;4.725;4.739;9.9;-40;-1.6;0;0;0;0;45;98;0;0;6160;1514.75;0;0;0;0;0;0;0;0;0;0;0;0;0;0;0;0;12;0;87.0;87.0;2;0;0.00;0.00;0.00;0.0;0.0
27.263;51;248;87;21576;0.0;19.700;1.340;33;34;10;0;100;101;100;142;100;344;100;78;78;0;7.009;7.009;0.000;0.000;19.700;1.340;5.8;0.0;0;12;4.725;4.739;9.9;0;-1.6;0;0;0;0;45;98;0;0;6160;1490.32;0;0;0;0;0;0;0;0;0;0;0;0;0;0;0;0;12;0;87.0;87.0;2;0;0.00;0.00;0.00;0.0;0.0
27.328;51;248;87;21576;0.0;19.700;1.340;33;34;10;0;100;101;100;142;100;344;100;78;78;0;7.009;7.009;0.000;0.000;19.700;1.340;5.8;0.0;0;12;4.725;4.739;9.9;0;-1.6;0;0;0;0;45;98;0;0;6160;1490.32;0;0;0;0;0;0;0;0;0;0;0;0;0;0;0;0;12;0;87.0;87.0;2;0;0.00;0.00;0.00;0.0;0.0
27.394;51;242;87;21054;0.0;19.700;1.340;33;34;10;0;100;101;100;142;100;344;100;78;78;0;7.009;7.009;0.000;0.000;19.700;1.340;5.7;0.0;0;12;4.725;4.739;9.9;40;-1.6;0;0;0;0;45;98;0;0;6160;1527.27;0;0;0;0;0;0;0;0;0;0;0;0;0;0;0;0;12;0;87.0;87.0;2;0;0.00;0.00;0.00;0.0;0.0
27.464;51;242;87;21054;0.0;19.700;1.340;33;34;10;0;100;101;100;142;100;344;100;78;78;0;7.009;7.009;0.000;0.000;19.700;1.340;5.7;0.0;0;12;4.725;4.739;9.9;-60;-1.6;0;0;0;0;45;98;0;0;6160;1527.27;0;0;0;0;0;0;0;0;0;0;0;0;0;0;0;0;12;0;87.0;87.0;2;0;0.00;0.00;0.00;0.0;0.0
27.530;51;248;87;21576;0.0;19.700;1.340;33;34;10;0;100;101;100;142;100;344;100;78;78;0;7.009;7.009;0.000;0.000;19.700;1.340;5.8;0.0;0;12;4.725;4.739;9.9;-60;-1.6;0;0;0;0;45;98;0;0;6160;1490.32;0;0;0;0;0;0;0;0;0;0;0;0;0;0;0;0;12;0;87.0;87.0;2;0;0.00;0.00;0.00;0.0;0.0
27.599;51;248;87;21576;0.0;19.700;1.340;33;34;10;0;100;101;100;142;100;344;100;78;78;0;7.009;7.009;0.000;0.000;19.700;1.340;5.8;0.0;0;12;4.725;4.739;9.9;60;-1.6;0;0;0;0;45;98;0;0;6160;1490.32;0;0;0;0;0;0;0;0;0;0;0;0;0;0;0;0;12;0;87.0;87.0;2;0;0.00;0.00;0.00;0.0;0.0
27.664;51;243;87;21141;0.0;19.700;1.340;33;34;10;0;100;101;100;142;100;344;100;78;78;0;7.009;7.009;0.000;0.000;19.700;1.340;5.7;0.0;0;12;4.725;4.739;9.9;-50;-1.6;0;0;0;0;45;98;0;0;6160;1520.99;0;0;0;0;0;0;0;0;0;0;0;0;0;0;0;0;12;0;87.0;87.0;2;0;0.00;0.00;0.00;0.0;0.0
27.730;51;243;87;21141;0.0;19.700;1.340;33;34;10;0;100;101;100;142;100;344;100;78;78;0;7.009;7.009;0.000;0.000;19.700;1.340;5.7;0.0;0;12;4.725;4.739;9.9;-50;-1.6;0;0;0;0;45;98;0;0;6160;1520.99;0;0;0;0;0;0;0;0;0;0;0;0;0;0;0;0;12;0;87.0;87.0;2;0;0.00;0.00;0.00;0.0;0.0
27.795;51;247;87;21489;0.0;19.700;1.340;33;34;10;0;100;101;100;142;100;344;100;78;78;0;7.009;7.009;0.000;0.000;19.700;1.340;5.8;0.0;0;12;4.725;4.739;9.9;40;-1.6;0;0;0;0;45;98;0;0;6160;1496.36;0;0;0;0;0;0;0;0;0;0;0;0;0;0;0;0;12;0;87.0;87.0;2;0;0.00;0.00;0.00;0.0;0.0
27.861;51;247;87;21489;0.0;19.700;1.340;33;34;10;0;100;101;100;142;100;344;100;78;78;0;7.009;7.009;0.000;0.000;19.700;1.340;5.8;0.0;0;12;4.725;4.739;9.9;0;-1.6;0;0;0;0;45;98;0;0;6160;1496.36;0;0;0;0;0;0;0;0;0;0;0;0;0;0;0;0;12;0;87.0;87.0;2;0;0.00;0.00;0.00;0.0;0.0
27.930;51;245;87;21315;0.0;19.700;1.340;33;34;10;0;100;101;100;142;100;344;100;78;78;0;7.009;7.009;0.000;0.000;19.700;1.340;5.7;0.0;0;12;4.725;4.739;9.9;0;-1.6;0;0;0;0;45;98;0;0;6160;1508.57;0;0;0;0;0;0;0;0;0;0;0;0;0;0;0;0;12;0;87.0;87.0;2;0;0.00;0.00;0.00;0.0;0.0
27.997;51;249;87;21663;0.0;19.700;1.340;33;34;10;0;100;101;100;142;100;344;100;78;78;0;7.009;7.009;0.000;0.000;19.700;1.340;5.8;0.0;0;12;4.725;4.739;9.9;-20;-1.6;0;0;0;0;45;98;0;0;6160;1484.34;0;0;0;0;0;0;0;0;0;0;0;0;0;0;0;0;12;0;87.0;87.0;2;0;0.00;0.00;0.00;0.0;0.0
28.065;52;249;87;21663;0.0;19.700;1.340;32;34;10;0;100;101;100;142;100;344;100;78;78;0;7.009;7.009;0.000;0.000;19.700;1.340;5.8;0.0;0;12;4.725;4.739;9.9;40;-1.6;0;0;0;0;45;98;0;0;1694;408.19;0;0;0;0;0;0;0;0;0;0;0;0;0;0;0;0;12;0;87.0;87.0;2;0;0.00;0.00;0.00;0.0;0.0
28.065;52;243;87;21141;0.0;19.700;1.340;32;34;10;0;100;101;100;142;100;344;100;78;78;0;7.009;7.009;0.000;0.000;19.700;1.340;5.7;0.0;0;12;4.725;4.739;9.9;40;-1.6;0;0;0;0;45;98;0;0;1694;418.27;0;0;0;0;0;0;0;0;0;0;0;0;0;0;0;0;12;0;87.0;87.0;2;0;0.00;0.00;0.00;0.0;0.0
28.131;52;243;87;21141;0.0;19.700;1.340;32;34;10;0;100;101;100;142;100;344;100;78;78;0;7.009;7.009;0.000;0.000;19.700;1.340;5.7;0.0;0;12;4.725;4.739;9.9;-60;-1.6;0;0;0;0;45;98;0;0;1694;418.27;0;0;0;0;0;0;0;0;0;0;0;0;0;0;0;0;12;0;87.0;87.0;2;0;0.00;0.00;0.00;0.0;0.0
28.197;52;247;87;21489;0.0;19.700;1.340;32;34;10;0;100;101;100;142;100;344;100;78;78;0;7.009;7.009;0.000;0.000;19.700;1.340;5.8;0.0;0;12;4.725;4.739;9.9;40;-1.6;0;0;0;0;45;98;0;0;1694;411.50;0;0;0;0;0;0;0;0;0;0;0;0;0;0;0;0;12;0;87.0;87.0;2;0;0.00;0.00;0.00;0.0;0.0
28.262;52;247;87;21489;0.0;19.700;1.340;32;34;10;0;100;101;100;142;100;344;100;78;78;0;7.105;7.105;0.000;0.000;19.700;1.340;5.8;0.0;0;12;4.725;4.739;9.5;40;-1.6;0;0;0;0;45;98;0;0;1694;411.50;0;0;0;0;0;0;0;0;0;0;0;0;0;0;0;0;12;0;87.0;87.0;2;0;0.00;0.00;0.00;0.0;0.0
28.397;52;243;87;21141;0.0;19.700;1.340;32;34;10;0;100;101;100;142;100;344;100;78;78;0;7.105;7.105;0.000;0.000;19.700;1.340;5.8;0.0;0;12;4.725;4.739;9.5;-40;-1.6;0;0;0;0;45;98;0;0;1694;418.27;0;0;0;0;0;0;0;0;0;0;0;0;0;0;0;0;12;0;87.0;87.0;2;0;0.00;0.00;0.00;0.0;0.0
28.463;52;243;87;21141;0.0;19.700;1.340;32;34;10;0;100;101;100;142;100;344;100;78;78;0;7.105;7.105;0.000;0.000;19.700;1.340;5.8;0.0;0;12;4.725;4.739;9.5;0;-1.6;0;0;0;0;45;98;0;0;1694;418.27;0;0;0;0;0;0;0;0;0;0;0;0;0;0;0;0;12;0;87.0;87.0;2;0;0.00;0.00;0.00;0.0;0.0
28.463;52;248;87;21576;0.0;19.700;1.340;32;34;10;0;100;101;100;142;100;344;100;78;78;0;7.105;7.105;0.000;0.000;19.700;1.340;5.9;0.0;0;12;4.725;4.739;9.5;0;-1.6;0;0;0;0;45;98;0;0;1694;409.84;0;0;0;0;0;0;0;0;0;0;0;0;0;0;0;0;12;0;87.0;87.0;2;0;0.00;0.00;0.00;0.0;0.0
28.598;52;243;87;21141;0.0;19.700;1.340;32;34;10;0;100;101;100;142;100;344;100;78;78;0;7.189;7.189;0.000;0.000;19.700;1.340;5.8;0.0;0;12;4.770;4.739;9.2;50;-1.6;0;0;0;0;45;98;0;0;1694;418.27;0;0;0;0;0;0;0;0;0;0;0;0;0;0;0;0;12;0;87.0;87.0;2;0;0.00;0.00;0.00;0.0;0.0
28.664;52;243;87;21141;0.0;19.700;1.340;32;34;10;0;100;101;100;142;100;344;100;78;78;0;7.189;7.189;0.000;0.000;19.700;1.340;5.8;0.0;0;12;4.770;4.739;9.2;50;-1.6;0;0;0;0;45;98;0;0;1694;418.27;0;0;0;0;0;0;0;0;0;0;0;0;0;0;0;0;12;0;87.0;87.0;2;0;0.00;0.00;0.00;0.0;0.0
28.730;52;246;87;21402;0.0;19.700;1.340;32;34;10;0;100;101;100;142;100;344;100;78;78;0;7.189;7.189;0.000;0.000;19.700;1.340;5.9;0.0;0;12;4.770;4.739;9.2;-50;-1.6;0;0;0;0;45;98;0;0;1694;413.17;0;0;0;0;0;0;0;0;0;0;0;0;0;0;0;0;12;0;87.0;87.0;2;0;0.00;0.00;0.00;0.0;0.0
28.798;52;246;87;21402;0.0;19.700;1.340;32;34;10;0;100;101;100;142;100;344;100;78;78;0;7.189;7.189;0.000;0.000;19.700;1.340;5.9;0.0;0;12;4.770;4.739;9.2;30;-1.6;0;0;0;0;45;98;0;0;1694;413.17;0;0;0;0;0;0;0;0;0;0;0;0;0;0;0;0;12;0;87.0;87.0;2;0;0.00;0.00;0.00;0.0;0.0
28.864;52;243;87;21141;0.0;19.700;1.340;32;34;10;0;100;101;100;142;100;344;100;78;78;0;7.261;7.261;0.000;0.000;19.700;1.340;5.9;0.0;0;12;4.770;4.739;9.0;30;-1.6;0;0;0;0;45;98;0;0;1694;418.27;0;0;0;0;0;0;0;0;0;0;0;0;0;0;0;0;12;0;87.0;87.0;2;0;0.00;0.00;0.00;0.0;0.0
28.930;52;243;87;21141;0.0;19.700;1.340;32;34;10;0;100;101;100;142;100;344;100;78;78;0;7.261;7.261;0.000;0.000;19.700;1.340;5.9;0.0;0;12;4.770;4.739;9.0;-30;-1.6;0;0;0;0;45;98;0;0;1694;418.27;0;0;0;0;0;0;0;0;0;0;0;0;0;0;0;0;12;0;87.0;87.0;2;0;0.00;0.00;0.00;0.0;0.0
28.995;52;248;87;21576;0.0;19.700;1.340;32;34;10;0;100;101;100;142;100;344;100;78;78;0;7.261;7.261;0.000;0.000;19.700;1.340;6.0;0.0;0;12;4.770;4.739;9.0;50;-1.6;0;0;0;0;45;98;0;0;1694;409.84;0;0;0;0;0;0;0;0;0;0;0;0;0;0;0;0;12;0;87.0;87.0;2;0;0.00;0.00;0.00;0.0;0.0
29.065;52;248;87;21576;0.0;19.700;1.340;32;34;10;0;100;101;100;142;100;344;100;78;78;0;7.261;7.261;0.000;0.000;19.700;1.340;6.0;0.0;0;12;4.770;4.739;9.0;50;-1.6;0;0;0;0;45;98;0;0;1694;409.84;0;0;0;0;0;0;0;0;0;0;0;0;0;0;0;0;12;0;87.0;87.0;2;0;0.00;0.00;0.00;0.0;0.0
29.130;53;243;87;21141;0.0;19.700;1.340;32;34;10;0;100;101;100;142;100;344;100;78;78;0;7.297;7.297;0.000;0.000;19.700;1.340;5.9;0.0;0;12;4.770;4.739;8.9;0;-1.6;0;0;0;0;45;98;0;0;1686;416.30;0;0;0;0;0;0;0;0;0;0;0;0;0;0;0;0;12;0;87.0;87.0;2;0;0.00;0.00;0.00;0.0;0.0
29.196;53;243;87;21141;0.0;19.700;1.340;32;34;10;0;100;101;100;142;100;344;100;78;78;0;7.297;7.297;0.000;0.000;19.700;1.340;5.9;0.0;0;12;4.770;4.739;8.9;-50;-1.6;0;0;0;0;45;98;0;0;1686;416.30;0;0;0;0;0;0;0;0;0;0;0;0;0;0;0;0;12;0;87.0;87.0;2;0;0.00;0.00;0.00;0.0;0.0
29.265;53;246;87;21402;0.0;19.700;1.340;32;34;10;0;100;101;100;142;100;344;100;78;78;0;7.297;7.297;0.000;0.000;19.700;1.340;6.0;0.0;0;12;4.770;4.739;8.9;-50;-1.6;0;0;0;0;45;98;0;0;1686;411.22;0;0;0;0;0;0;0;0;0;0;0;0;0;0;0;0;12;0;87.0;87.0;2;0;0.00;0.00;0.00;0.0;0.0
29.331;53;246;87;21402;0.0;19.700;1.340;32;34;10;0;100;101;100;142;100;344;100;78;78;0;7.393;7.393;0.000;0.000;19.700;1.340;6.1;0.0;0;12;4.770;4.739;8.6;30;-1.6;0;0;0;0;45;98;0;0;1686;411.22;0;0;0;0;0;0;0;0;0;0;0;0;0;0;0;0;12;0;87.0;87.0;2;0;0.00;0.00;0.00;0.0;0.0
29.331;53;242;87;21054;0.0;19.700;1.340;32;34;10;0;100;101;100;142;100;344;100;78;78;0;7.393;7.393;0.000;0.000;19.700;1.340;6.0;0.0;0;12;4.770;4.739;8.6;-40;-1.6;0;0;0;0;45;98;0;0;1686;418.02;0;0;0;0;0;0;0;0;0;0;0;0;0;0;0;0;12;0;87.0;87.0;2;0;0.00;0.00;0.00;0.0;0.0
29.463;53;248;84;20832;0.0;19.700;1.340;32;34;10;0;100;101;100;142;100;344;100;75;75;0;7.063;7.063;0.000;0.000;19.700;1.340;5.8;0.0;0;12;4.770;2.539;8.6;-40;-2.0;0;0;0;0;45;98;0;0;1686;407.90;0;0;0;0;0;0;0;0;0;0;0;0;0;0;0;0;12;0;84.0;84.0;2;0;0.00;0.00;0.00;0.0;0.0
29.463;53;248;84;20832;0.0;19.700;1.340;32;34;10;0;100;101;100;142;100;344;100;75;75;0;7.063;7.063;0.000;0.000;19.700;1.340;5.8;0.0;0;12;4.770;2.539;8.6;60;-2.0;0;0;0;0;45;98;0;0;1686;407.90;0;0;0;0;0;0;0;0;0;0;0;0;0;0;0;0;12;0;84.0;84.0;2;0;0.00;0.00;0.00;0.0;0.0
29.597;53;242;84;20328;0.0;19.700;1.340;32;34;10;0;100;101;100;142;100;344;100;75;75;0;6.895;6.895;0.000;0.000;19.700;1.340;5.6;0.0;0;12;4.770;6.438;9.1;-60;-2.0;0;0;0;0;45;98;0;0;1686;418.02;0;0;0;0;0;0;0;0;0;0;0;0;0;0;0;0;12;0;84.0;84.0;2;0;0.00;0.00;0.00;0.0;0.0
29.663;53;242;84;20328;0.0;19.700;1.340;32;34;10;0;100;101;100;142;100;344;100;75;75;0;6.895;6.895;0.000;0.000;19.700;1.340;5.6;0.0;0;12;4.770;6.438;9.1;-60;-2.0;0;0;0;0;45;98;0;0;1686;418.02;0;0;0;0;0;0;0;0;0;0;0;0;0;0;0;0;12;0;84.0;84.0;2;0;0.00;0.00;0.00;0.0;0.0
29.732;53;246;84;20664;0.0;19.700;1.340;32;34;10;0;100;101;100;142;100;344;100;75;75;0;6.895;6.895;0.000;0.000;19.700;1.340;5.7;0.0;0;12;4.770;2.329;9.1;0;-2.0;0;0;0;0;45;98;0;0;1686;411.22;0;0;0;0;0;0;0;0;0;0;0;0;0;0;0;0;12;0;84.0;84.0;2;0;0.00;0.00;0.00;0.0;0.0
29.798;53;246;84;20664;0.0;19.700;1.340;32;34;10;0;100;101;100;142;100;344;100;75;75;0;6.895;6.895;0.000;0.000;19.700;1.340;5.7;0.0;0;12;4.770;2.329;9.1;40;-2.0;0;0;0;0;45;98;0;0;1686;411.22;0;0;0;0;0;0;0;0;0;0;0;0;0;0;0;0;12;0;84.0;84.0;2;0;0.00;0.00;0.00;0.0;0.0
29.864;53;241;85;20485;0.0;19.700;1.340;32;34;10;0;100;101;100;142;100;344;100;76;76;0;6.771;6.771;0.000;0.000;19.700;1.340;5.4;0.0;0;12;4.725;5.407;9.9;40;-1.9;0;0;0;0;45;98;0;0;1686;419.75;0;0;0;0;0;0;0;0;0;0;0;0;0;0;0;0;12;0;85.0;85.0;2;0;0.00;0.00;0.00;0.0;0.0
29.864;53;241;85;20485;0.0;19.700;1.340;32;34;10;0;100;101;100;142;100;344;100;76;76;0;6.771;6.771;0.000;0.000;19.700;1.340;5.4;0.0;0;12;4.725;2.996;9.9;-50;-1.9;0;0;0;0;45;98;0;0;1686;419.75;0;0;0;0;0;0;0;0;0;0;0;0;0;0;0;0;12;0;85.0;85.0;2;0;0.00;0.00;0.00;0.0;0.0
29.995;53;241;84;20244;0.0;19.700;1.340;32;34;10;0;100;101;100;142;100;344;100;75;75;0;6.679;6.679;0.000;0.000;19.700;1.340;5.4;0.0;0;12;4.725;2.996;9.9;0;-2.0;0;0;0;0;45;98;0;0;1686;419.75;0;0;0;0;0;0;0;0;0;0;0;0;0;0;0;0;12;0;84.0;84.0;2;0;0.00;0.00;0.00;0.0;0.0
30.065;53;130;84;10920;0.0;19.700;1.340;32;34;10;0;100;101;100;142;100;344;100;75;75;0;6.679;6.679;0.000;0.000;19.700;1.340;2.9;0.0;0;12;4.725;2.996;9.9;0;-2.0;0;0;0;0;45;98;0;0;1686;778.15;0;0;0;0;0;0;0;0;0;0;0;0;0;0;0;0;12;0;84.0;84.0;2;0;0.00;0.00;0.00;0.0;0.0
30.131;54;130;84;10920;0.0;19.700;1.340;32;34;10;0;100;101;100;142;100;344;100;75;75;0;6.571;6.571;0.000;0.000;19.700;1.340;2.8;0.0;0;12;4.680;2.996;10.4;-1110;-2.0;0;0;0;0;45;98;0;0;1691;780.46;0;0;0;0;0;0;0;0;0;0;0;0;0;0;0;0;12;0;84.0;84.0;2;0;0.00;0.00;0.00;0.0;0.0
30.200;54;130;84;10920;0.0;19.700;1.340;32;34;10;0;100;101;100;142;100;344;100;75;75;0;6.571;6.571;0.000;0.000;19.700;1.340;2.8;0.0;0;12;4.680;2.996;10.4;0;-2.0;0;0;0;0;45;98;0;0;1691;780.46;0;0;0;0;0;0;0;0;0;0;0;0;0;0;0;0;12;0;84.0;84.0;2;0;0.00;0.00;0.00;0.0;0.0
30.266;54;130;84;10920;0.0;19.700;1.340;32;34;10;0;100;101;100;142;100;344;100;75;75;0;6.571;6.571;0.000;0.000;19.700;1.340;2.8;0.0;0;12;4.680;2.996;10.4;0;-2.0;0;0;0;0;45;98;0;0;1691;780.46;0;0;0;0;0;0;0;0;0;0;0;0;0;0;0;0;12;0;84.0;84.0;2;0;0.00;0.00;0.00;0.0;0.0
30.331;54;130;84;10920;0.0;19.700;1.340;32;34;10;0;100;101;100;142;100;344;100;75;75;0;6.571;6.571;0.000;0.000;19.700;1.340;2.8;0.0;0;12;4.680;2.996;10.4;0;-2.0;0;0;0;0;45;98;0;0;1691;780.46;0;0;0;0;0;0;0;0;0;0;0;0;0;0;0;0;12;0;84.0;84.0;2;0;0.00;0.00;0.00;0.0;0.0
30.397;54;130;84;10920;0.0;19.700;1.340;32;34;10;0;100;101;100;142;100;344;100;75;75;0;6.595;6.595;0.000;0.000;19.700;1.340;2.9;0.0;0;12;4.680;2.996;10.3;0;-2.0;0;0;0;0;45;98;0;0;1691;780.46;0;0;0;0;0;0;0;0;0;0;0;0;0;0;0;0;12;0;84.0;84.0;2;0;0.00;0.00;0.00;0.0;0.0
30.462;54;87;84;7308;0.0;19.700;1.340;32;34;10;0;100;101;100;142;100;344;100;75;75;0;6.595;6.595;0.000;0.000;19.700;1.340;1.9;0.0;0;12;4.680;2.996;10.3;0;-2.0;0;0;0;0;45;98;0;0;1691;1166.21;0;0;0;0;0;0;0;0;0;0;0;0;0;0;0;0;12;0;84.0;84.0;2;0;0.00;0.00;0.00;0.0;0.0
30.531;54;87;84;7308;0.0;19.700;1.340;32;34;10;0;100;101;100;142;100;344;100;75;75;0;6.595;6.595;0.000;0.000;19.700;1.340;1.9;0.0;0;12;4.680;2.996;10.3;-430;-2.0;0;0;0;0;45;98;0;0;1691;1166.21;0;0;0;0;0;0;0;0;0;0;0;0;0;0;0;0;12;0;84.0;84.0;2;0;0.00;0.00;0.00;0.0;0.0
30.597;54;87;84;7308;0.0;19.700;1.340;32;34;10;0;100;101;100;142;100;344;100;75;75;0;7.735;7.735;0.000;0.000;19.700;1.340;2.2;0.0;0;12;4.770;2.996;5.5;0;-2.0;0;0;0;0;45;98;0;0;1691;1166.21;0;0;0;0;0;0;0;0;0;0;0;0;0;0;0;0;12;0;84.0;84.0;2;0;0.00;0.00;0.00;0.0;0.0
30.662;54;87;84;7308;0.0;19.700;1.340;32;34;10;0;100;101;100;142;100;344;100;75;75;0;7.735;7.735;0.000;0.000;19.700;1.340;2.2;0.0;0;12;4.770;2.996;5.5;0;-2.0;0;0;0;0;45;98;0;0;1691;1166.21;0;0;0;0;0;0;0;0;0;0;0;0;0;0;0;0;12;0;84.0;84.0;2;0;0.00;0.00;0.00;0.0;0.0
30.728;54;87;84;7308;0.0;19.700;1.340;32;34;10;0;100;101;100;142;100;344;100;75;75;0;7.735;7.735;0.000;0.000;19.700;1.340;2.2;0.0;0;12;4.770;2.996;5.5;0;-2.0;0;0;0;0;45;98;0;0;1691;1166.21;0;0;0;0;0;0;0;0;0;0;0;0;0;0;0;0;12;0;84.0;84.0;2;0;0.00;0.00;0.00;0.0;0.0
30.798;54;87;84;7308;0.0;19.700;1.340;32;34;10;0;100;101;100;142;100;344;100;75;75;0;7.735;7.735;0.000;0.000;19.700;1.340;2.2;0.0;0;12;4.770;2.996;5.5;0;-2.0;0;0;0;0;45;98;0;0;1691;1166.21;0;0;0;0;0;0;0;0;0;0;0;0;0;0;0;0;12;0;84.0;84.0;2;0;0.00;0.00;0.00;0.0;0.0
30.863;54;87;84;7308;0.0;19.700;1.340;32;34;10;0;100;101;100;142;100;344;100;75;75;0;7.735;7.735;0.000;0.000;19.700;1.340;2.2;0.0;0;12;4.770;2.996;2.9;0;-2.0;0;0;0;0;45;98;0;0;1691;1166.21;0;0;0;0;0;0;0;0;0;0;0;0;0;0;0;0;12;0;84.0;84.0;2;0;0.00;0.00;0.00;0.0;0.0
30.933;54;87;84;7308;0.0;19.700;1.340;32;34;10;0;100;101;100;142;100;344;100;75;75;0;7.735;7.735;0.000;0.000;19.700;1.340;2.2;0.0;0;12;4.770;2.996;2.9;0;-2.0;0;0;0;0;45;98;0;0;1691;1166.21;0;0;0;0;0;0;0;0;0;0;0;0;0;0;0;0;12;0;84.0;84.0;2;0;0.00;0.00;0.00;0.0;0.0
30.999;54;87;84;7308;0.0;19.700;1.340;32;34;10;0;100;101;100;142;100;344;100;75;75;0;7.735;7.735;0.000;0.000;19.700;1.340;2.2;0.0;0;12;4.770;2.996;2.9;0;-2.0;0;0;0;0;45;98;0;0;1691;1166.21;0;0;0;0;0;0;0;0;0;0;0;0;0;0;0;0;12;0;84.0;84.0;2;0;0.00;0.00;0.00;0.0;0.0
31.064;54;87;84;7308;0.0;19.700;1.340;32;34;10;0;100;101;100;142;100;344;100;75;75;0;7.735;7.735;0.000;0.000;19.700;1.340;2.2;0.0;0;12;4.770;2.996;2.9;0;-2.0;0;0;0;0;45;98;0;0;1691;1166.21;0;0;0;0;0;0;0;0;0;0;0;0;0;0;0;0;12;0;84.0;84.0;2;0;0.00;0.00;0.00;0.0;0.0
31.134;55;87;84;7308;0.0;19.700;1.340;32;34;10;0;100;101;100;142;100;344;100;75;75;0;7.735;7.735;0.000;0.000;19.700;1.340;2.2;0.0;0;12;4.770;2.996;1.5;0;-2.0;0;0;0;0;45;98;0;0;1731;1193.79;0;0;0;0;0;0;0;0;0;0;0;0;0;0;0;0;12;0;84.0;84.0;2;0;0.00;0.00;0.00;0.0;0.0
31.199;55;87;84;7308;0.0;19.700;1.340;32;34;10;0;100;101;100;142;100;344;100;75;75;0;7.735;7.735;0.000;0.000;19.700;1.340;2.2;0.0;0;12;4.770;2.996;1.5;0;-2.0;0;0;0;0;45;98;0;0;1731;1193.79;0;0;0;0;0;0;0;0;0;0;0;0;0;0;0;0;12;0;84.0;84.0;2;0;0.00;0.00;0.00;0.0;0.0
31.265;55;87;84;7308;0.0;19.700;1.340;32;34;10;0;100;101;100;142;100;344;100;75;75;0;7.735;7.735;0.000;0.000;19.700;1.340;2.2;0.0;0;12;4.770;2.996;1.5;0;-2.0;0;0;0;0;45;98;0;0;1731;1193.79;0;0;0;0;0;0;0;0;0;0;0;0;0;0;0;0;12;0;84.0;84.0;2;0;0.00;0.00;0.00;0.0;0.0
31.330;55;87;84;7308;0.0;19.700;1.340;32;34;10;0;100;101;100;142;100;344;100;75;75;0;7.735;7.735;0.000;0.000;19.700;1.340;2.2;0.0;0;12;4.770;2.996;1.5;0;-2.0;0;0;0;0;45;98;0;0;1731;1193.79;0;0;0;0;0;0;0;0;0;0;0;0;0;0;0;0;12;0;84.0;84.0;2;0;0.00;0.00;0.00;0.0;0.0
31.396;55;87;84;7308;0.0;19.700;1.340;32;34;10;0;100;101;100;142;100;344;100;75;75;0;7.735;7.735;0.000;0.000;19.700;1.340;2.2;0.0;0;12;4.770;2.996;0.8;0;-2.0;0;0;0;0;45;98;0;0;1731;1193.79;0;0;0;0;0;0;0;0;0;0;0;0;0;0;0;0;12;0;84.0;84.0;2;0;0.00;0.00;0.00;0.0;0.0
31.465;55;87;84;7308;0.0;19.700;1.340;32;34;10;0;100;101;100;142;100;344;100;75;75;0;7.735;7.735;0.000;0.000;19.700;1.340;2.2;0.0;0;12;4.770;2.996;0.8;0;-2.0;0;0;0;0;45;98;0;0;1731;1193.79;0;0;0;0;0;0;0;0;0;0;0;0;0;0;0;0;12;0;84.0;84.0;2;0;0.00;0.00;0.00;0.0;0.0
31.531;55;87;84;7308;0.0;19.700;1.340;32;34;10;0;100;101;100;142;100;344;100;75;75;0;7.735;7.735;0.000;0.000;19.700;1.340;2.2;0.0;0;12;4.770;2.996;0.8;0;-2.0;0;0;0;0;45;98;0;0;1731;1193.79;0;0;0;0;0;0;0;0;0;0;0;0;0;0;0;0;12;0;84.0;84.0;2;0;0.00;0.00;0.00;0.0;0.0
31.597;55;87;84;7308;0.0;19.700;1.340;32;34;10;0;100;101;100;142;100;344;100;75;75;0;7.735;7.735;0.000;0.000;19.700;1.340;2.2;0.0;0;12;4.770;2.996;0.8;0;-2.0;0;0;0;0;45;98;0;0;1731;1193.79;0;0;0;0;0;0;0;0;0;0;0;0;0;0;0;0;12;0;84.0;84.0;2;0;0.00;0.00;0.00;0.0;0.0
31.597;55;87;84;7308;0.0;19.700;1.340;32;34;10;0;100;101;100;142;100;344;100;75;75;0;7.735;7.735;0.000;0.000;19.700;1.340;2.2;0.0;0;12;4.770;2.996;0.4;0;-2.0;0;0;0;0;45;98;0;0;1731;1193.79;0;0;0;0;0;0;0;0;0;0;0;0;0;0;0;0;12;0;84.0;84.0;2;0;0.00;0.00;0.00;0.0;0.0
31.732;55;87;84;7308;0.0;19.700;1.340;32;34;10;0;100;101;100;142;100;344;100;75;75;0;7.735;7.735;0.000;0.000;19.700;1.340;2.2;0.0;0;12;4.770;2.996;0.4;0;-2.0;0;0;0;0;45;98;0;0;1731;1193.79;0;0;0;0;0;0;0;0;0;0;0;0;0;0;0;0;12;0;84.0;84.0;2;0;0.00;0.00;0.00;0.0;0.0
31.797;55;0;98;0;0.0;19.700;1.340;32;34;0;0;100;101;100;142;100;344;100;88;88;0;0.000;7.735;0.000;0.000;19.700;1.340;0.0;0.0;0;15;4.770;2.996;0.4;0;0.0;0;0;0;0;45;98;0;0;1731;0.00;0;0;0;0;0;0;0;0;0;0;0;0;0;0;0;0;15;0;98.0;98.0;0;0;0.00;0.00;0.00;0.0;0.0
31.866;55;0;98;0;0.0;19.700;1.340;32;34;0;0;100;101;100;142;100;344;100;88;88;0;0.000;7.735;0.000;0.000;19.700;1.340;0.0;0.0;0;15;4.770;2.996;0.4;0;0.0;0;0;0;0;45;98;0;0;1731;0.00;0;0;0;0;0;0;0;0;0;0;0;0;0;0;0;0;15;0;98.0;98.0;0;0;0.00;0.00;0.00;0.0;0.0
31.933;55;0;98;0;0.0;19.700;1.340;32;34;0;0;100;101;100;142;100;344;100;88;88;0;0.000;7.735;0.000;0.000;19.700;1.340;0.0;0.0;0;15;4.770;2.996;0.2;0;0.0;0;0;0;0;45;98;0;0;1731;0.00;0;0;0;0;0;0;0;0;0;0;0;0;0;0;0;0;15;0;98.0;98.0;0;0;0.00;0.00;0.00;0.0;0.0
31.933;55;0;98;0;0.0;19.700;1.340;32;34;0;0;100;101;100;142;100;344;100;88;88;0;0.000;7.735;0.000;0.000;19.700;1.340;0.0;0.0;0;15;4.770;2.996;0.2;0;0.0;0;0;0;0;45;98;0;0;1731;0.00;0;0;0;0;0;0;0;0;0;0;0;0;0;0;0;0;15;0;98.0;98.0;0;0;0.00;0.00;0.00;0.0;0.0
31.998;55;0;98;0;0.0;19.700;1.340;32;34;0;0;100;101;100;142;100;344;100;88;88;0;0.000;7.735;0.000;0.000;19.700;1.340;0.0;0.0;0;15;4.770;2.996;0.2;0;0.0;0;0;0;0;45;98;0;0;1731;0.00;0;0;0;0;0;0;0;0;0;0;0;0;0;0;0;0;15;0;98.0;98.0;0;0;0.00;0.00;0.00;0.0;0.0
32.133;56;0;98;0;0.0;19.700;1.340;32;34;0;0;100;101;100;142;100;344;100;88;88;0;0.000;7.735;0.000;0.000;19.700;1.340;0.0;0.0;0;15;4.770;2.996;0.1;0;0.0;0;0;0;0;45;98;0;0;2508;0.00;0;0;0;0;0;0;0;0;0;0;0;0;0;0;0;0;15;0;98.0;98.0;0;0;0.00;0.00;0.00;0.0;0.0
32.199;56;0;98;0;0.0;19.700;1.340;32;34;0;0;100;101;100;142;100;344;100;88;88;0;0.000;7.735;0.000;0.000;19.700;1.340;0.0;0.0;0;15;4.770;2.996;0.1;0;0.0;0;0;0;0;45;98;0;0;2508;0.00;0;0;0;0;0;0;0;0;0;0;0;0;0;0;0;0;15;0;98.0;98.0;0;0;0.00;0.00;0.00;0.0;0.0
32.264;56;0;98;0;0.0;19.700;1.340;32;34;0;0;100;101;100;142;100;344;100;88;88;0;0.000;7.735;0.000;0.000;19.700;1.340;0.0;0.0;0;15;4.770;2.996;0.1;0;0.0;0;0;0;0;45;98;0;0;2508;0.00;0;0;0;0;0;0;0;0;0;0;0;0;0;0;0;0;15;0;98.0;98.0;2;0;0.00;0.00;0.00;0.0;0.0
32.330;56;0;98;0;0.0;19.700;1.340;32;34;0;0;100;101;100;142;100;344;100;88;88;0;0.000;7.735;0.000;0.000;19.700;1.340;0.0;0.0;0;15;4.770;2.996;0.1;0;0.0;0;0;0;0;45;98;0;0;2508;0.00;0;0;0;0;0;0;0;0;0;0;0;0;0;0;0;0;15;0;98.0;98.0;2;0;0.00;0.00;0.00;0.0;0.0
32.399;56;0;98;0;0.0;19.700;1.340;32;34;0;0;100;101;100;142;100;344;100;88;88;0;0.000;7.735;0.000;0.000;19.700;1.340;0.0;0.0;0;15;4.770;2.996;4.9;0;0.0;0;0;0;0;0;98;0;0;2508;0.00;0;0;0;0;0;0;0;0;0;0;0;0;0;0;0;0;15;0;98.0;98.0;2;0;0.00;0.00;0.00;0.0;0.0
32.399;56;0;98;0;0.0;19.700;1.340;32;34;0;0;100;101;100;142;100;344;100;88;88;0;0.000;7.735;0.000;0.000;19.700;1.340;0.0;0.0;0;15;4.770;2.996;4.9;0;0.0;0;0;0;0;0;98;0;0;2508;0.00;0;0;0;0;0;0;0;0;0;0;0;0;0;0;0;0;15;0;98.0;98.0;2;0;0.00;0.00;0.00;0.0;0.0
32.530;56;0;98;0;0.0;19.700;1.340;32;34;0;0;100;101;100;142;100;344;100;88;88;0;0.000;7.735;0.000;0.000;19.700;1.340;0.0;0.0;0;15;4.770;2.996;4.9;0;0.0;0;0;0;0;0;98;0;0;2508;0.00;0;0;0;0;0;0;0;0;0;0;0;0;0;0;0;0;15;0;98.0;98.0;2;0;0.00;0.00;0.00;0.0;0.0
32.600;56;0;98;0;0.0;19.700;1.340;32;34;0;0;100;101;100;142;100;344;100;88;88;0;0.000;7.735;0.000;0.000;19.700;1.340;0.0;0.0;0;15;4.770;2.996;4.9;0;0.0;0;0;0;0;0;98;0;0;2508;0.00;0;0;0;0;0;0;0;0;0;0;0;0;0;0;0;0;15;0;98.0;98.0;2;0;0.00;0.00;0.00;0.0;0.0
32.666;56;0;98;0;0.0;19.700;1.340;32;34;0;0;100;101;100;142;100;344;100;88;88;0;0.000;7.735;0.000;0.000;19.700;1.340;0.0;0.0;0;15;4.770;2.996;7.4;0;0.0;0;0;0;0;0;98;0;0;2508;0.00;0;0;0;0;0;0;0;0;0;0;0;0;0;0;0;0;15;0;98.0;98.0;2;0;0.00;0.00;0.00;0.0;0.0
32.731;56;0;98;0;0.0;19.700;1.340;32;34;0;0;100;101;100;142;100;344;100;88;88;0;0.000;7.735;0.000;0.000;19.700;1.340;0.0;0.0;0;15;4.770;2.996;7.4;0;0.0;0;0;0;0;0;98;0;0;2508;0.00;0;0;0;0;0;0;0;0;0;0;0;0;0;0;0;0;15;0;98.0;98.0;2;0;0.00;0.00;0.00;0.0;0.0
32.796;56;0;98;0;0.0;19.700;1.340;32;34;0;0;100;101;100;142;100;344;100;88;88;0;0.000;7.735;0.000;0.000;19.700;1.340;0.0;0.0;0;15;4.770;2.996;7.4;0;0.0;0;0;0;0;0;98;0;0;2508;0.00;0;0;0;0;0;0;0;0;0;0;0;0;0;0;0;0;15;0;98.0;98.0;2;0;0.00;0.00;0.00;0.0;0.0
32.796;56;0;98;0;0.0;19.700;1.340;32;34;0;0;100;101;100;142;100;344;100;88;88;0;0.000;7.735;0.000;0.000;19.700;1.340;0.0;0.0;0;15;4.770;2.996;7.4;0;0.0;0;0;0;0;0;98;0;0;2508;0.00;0;0;0;0;0;0;0;0;0;0;0;0;0;0;0;0;15;0;98.0;98.0;2;0;0.00;0.00;0.00;0.0;0.0
32.932;56;0;98;0;0.0;19.700;1.340;32;34;0;0;100;101;100;142;100;344;100;88;88;0;0.000;7.735;0.000;0.000;19.700;1.340;0.0;0.0;0;15;4.770;2.996;8.7;0;0.0;0;0;0;0;0;98;0;0;2508;0.00;0;0;0;0;0;0;0;0;0;0;0;0;0;0;0;0;15;0;98.0;98.0;2;0;0.00;0.00;0.00;0.0;0.0
32.998;56;0;98;0;0.0;19.700;1.340;32;34;0;0;100;101;100;142;100;344;100;88;88;0;0.000;7.735;0.000;0.000;19.700;1.340;0.0;0.0;0;15;4.770;2.996;8.7;0;0.0;0;0;0;0;0;98;0;0;2508;0.00;0;0;0;0;0;0;0;0;0;0;0;0;0;0;0;0;15;0;98.0;98.0;2;0;0.00;0.00;0.00;0.0;0.0
33.062;56;0;98;0;0.0;19.700;1.340;32;34;0;0;100;101;100;142;100;344;100;88;88;0;0.000;7.735;0.000;0.000;19.700;1.340;0.0;0.0;0;15;4.770;2.996;8.7;0;0.0;0;0;0;0;0;98;0;0;2508;0.00;0;0;0;0;0;0;0;0;0;0;0;0;0;0;0;0;15;0;98.0;98.0;2;0;0.00;0.00;0.00;0.0;0.0
33.128;56;0;98;0;0.0;19.700;1.340;32;34;0;0;100;101;100;142;100;344;100;88;88;0;0.000;7.735;0.000;0.000;19.700;1.340;0.0;0.0;0;15;4.770;2.996;8.7;0;0.0;0;0;0;0;0;98;0;0;2508;0.00;0;0;0;0;0;0;0;0;0;0;0;0;0;0;0;0;15;0;98.0;98.0;2;0;0.00;0.00;0.00;0.0;0.0
33.198;57;0;98;0;0.0;19.700;1.340;32;34;0;0;100;101;100;142;100;344;100;88;88;0;0.000;7.735;0.000;0.000;19.700;1.340;0.0;0.0;0;15;4.770;2.996;9.4;0;0.0;0;0;0;0;0;98;0;0;9025;0.00;0;0;0;0;0;0;0;0;0;0;0;0;0;0;0;0;15;0;98.0;98.0;2;0;0.00;0.00;0.00;0.0;0.0
33.198;57;0;98;0;0.0;19.700;1.340;32;34;0;0;100;101;100;142;100;344;100;88;88;0;0.000;7.735;0.000;0.000;19.700;1.340;0.0;0.0;0;15;4.770;2.996;9.4;0;0.0;0;0;0;0;0;98;0;0;9025;0.00;0;0;0;0;0;0;0;0;0;0;0;0;0;0;0;0;15;0;98.0;98.0;2;0;0.00;0.00;0.00;0.0;0.0
33.329;57;0;98;0;0.0;19.700;1.340;32;34;0;0;100;101;100;142;100;344;100;88;88;0;0.000;7.735;0.000;0.000;19.700;1.340;0.0;0.0;0;15;4.770;2.996;9.4;0;0.0;0;0;0;1;3;98;0;0;9025;0.00;0;0;0;0;0;0;0;0;0;0;0;0;0;0;0;0;15;0;98.0;98.0;2;0;0.00;0.00;0.00;0.0;0.0
33.398;57;0;98;0;0.0;19.700;1.340;32;34;0;0;100;101;100;142;100;344;100;88;88;0;0.000;7.735;0.000;0.000;19.700;1.340;0.0;0.0;0;15;4.770;2.996;10.1;0;0.0;0;0;0;1;19;98;0;0;9025;0.00;0;0;0;0;0;0;0;0;0;0;0;0;0;0;0;0;15;0;98.0;98.0;2;0;0.00;0.00;0.00;0.0;0.0
33.464;57;0;98;0;0.0;19.700;1.340;32;34;0;0;100;101;100;142;100;344;100;88;88;0;0.000;7.735;0.000;0.000;19.700;1.340;0.0;0.0;0;15;4.770;2.996;10.1;0;0.0;0;0;0;1;35;98;0;0;9025;0.00;0;0;0;0;0;0;0;0;0;0;0;0;0;0;0;0;15;0;98.0;98.0;2;0;0.00;0.00;0.00;0.0;0.0
33.530;57;0;98;0;0.0;19.700;1.340;32;34;0;0;100;101;100;142;100;344;100;88;88;0;0.000;7.735;0.000;0.000;19.700;1.340;0.0;0.0;0;15;4.770;2.996;10.1;0;0.0;0;0;0;0;45;98;0;0;9025;0.00;0;0;0;0;0;0;0;0;0;0;0;0;0;0;0;0;15;0;98.0;98.0;2;0;0.00;0.00;0.00;0.0;0.0
33.596;57;0;98;0;0.0;19.700;1.340;32;34;0;0;100;101;100;142;100;344;100;88;88;0;0.000;7.735;0.000;0.000;19.700;1.340;0.0;0.0;0;15;4.770;2.996;10.1;0;0.0;0;0;0;0;45;98;0;0;9025;0.00;0;0;0;0;0;0;0;0;0;0;0;0;0;0;0;0;15;0;98.0;98.0;2;0;0.00;0.00;0.00;0.0;0.0
33.596;57;0;98;0;0.0;19.700;1.340;32;34;0;0;100;101;100;142;100;344;100;88;88;0;0.000;7.735;0.000;0.000;19.700;1.340;0.0;0.0;0;15;4.770;2.996;10.5;0;0.0;0;0;0;0;45;98;0;0;9025;0.00;0;0;0;0;0;0;0;0;0;0;0;0;0;0;0;0;15;0;98.0;98.0;0;0;0.00;0.00;0.00;0.0;0.0
33.730;57;0;98;0;0.0;19.700;1.340;32;34;0;0;100;101;100;142;100;344;100;88;88;0;0.000;7.735;0.000;0.000;19.700;1.340;0.0;0.0;0;15;4.770;2.996;10.5;0;0.0;0;0;0;0;45;98;0;0;9025;0.00;0;0;0;0;0;0;0;0;0;0;0;0;0;0;0;0;15;0;98.0;98.0;0;0;0.00;0.00;0.00;0.0;0.0
33.800;57;0;98;0;0.0;19.700;1.340;32;34;0;0;100;101;100;142;100;344;100;88;88;0;0.000;7.735;0.000;0.000;19.700;1.340;0.0;0.0;0;15;4.770;2.996;10.5;0;0.0;0;0;0;0;45;98;0;0;9025;0.00;0;0;0;0;0;0;0;0;0;0;0;0;0;0;0;0;15;0;98.0;98.0;0;0;0.00;0.00;0.00;0.0;0.0
33.866;57;0;98;0;0.0;19.700;1.340;32;34;0;0;100;101;100;142;100;344;100;88;88;0;0.000;7.735;0.000;0.000;19.700;1.340;0.0;0.0;0;15;4.770;2.996;10.5;0;0.0;0;0;0;0;45;98;0;0;9025;0.00;0;0;0;0;0;0;0;0;0;0;0;0;0;0;0;0;15;0;98.0;98.0;0;0;0.00;0.00;0.00;0.0;0.0
33.931;57;0;98;0;0.0;19.700;1.340;32;34;0;0;100;101;100;142;100;344;100;88;88;0;0.000;7.735;0.000;0.000;19.700;1.340;0.0;0.0;0;15;4.770;2.996;10.7;0;0.0;0;0;0;0;45;98;0;0;9025;0.00;0;0;0;0;0;0;0;0;0;0;0;0;0;0;0;0;15;0;98.0;98.0;0;0;0.00;0.00;0.00;0.0;0.0
33.996;57;0;98;0;0.0;19.700;1.340;32;34;0;0;100;101;100;142;100;344;100;88;88;0;0.000;7.735;0.000;0.000;19.700;1.340;0.0;0.0;0;15;4.770;2.996;10.7;0;0.0;0;0;0;0;45;98;0;0;9025;0.00;0;0;0;0;0;0;0;0;0;0;0;0;0;0;0;0;15;0;98.0;98.0;0;0;0.00;0.00;0.00;0.0;0.0
34.066;57;0;98;0;0.0;19.700;1.340;32;34;0;0;100;101;100;142;100;344;100;88;88;0;0.000;7.735;0.000;0.000;19.700;1.340;0.0;0.0;0;15;4.770;2.996;10.7;0;0.0;0;0;0;0;45;98;0;0;9025;0.00;0;0;0;0;0;0;0;0;0;0;0;0;0;0;0;0;15;0;98.0;98.0;0;0;0.00;0.00;0.00;0.0;0.0
34.132;57;0;98;0;0.0;19.700;1.340;32;34;0;0;100;101;100;142;100;344;100;88;88;0;0.000;7.735;0.000;0.000;19.700;1.340;0.0;0.0;0;15;4.770;2.996;10.7;0;0.0;0;0;0;0;45;98;0;0;9025;0.00;0;0;0;0;0;0;0;0;0;0;0;0;0;0;0;0;15;0;98.0;98.0;0;0;0.00;0.00;0.00;0.0;0.0
34.198;58;0;98;0;0.0;19.700;1.340;32;34;0;0;100;101;100;142;100;344;100;88;88;0;0.000;7.735;0.000;0.000;19.700;1.340;0.0;0.0;0;15;4.770;2.996;10.9;0;0.0;0;0;0;0;45;98;0;0;6684;0.00;0;0;0;0;0;0;0;0;0;0;0;0;0;0;0;0;15;0;98.0;98.0;0;0;0.00;0.00;0.00;0.0;0.0
34.266;58;0;98;0;0.0;19.700;1.340;32;34;0;0;100;101;100;142;100;344;100;88;88;0;0.000;7.735;0.000;0.000;19.700;1.340;0.0;0.0;0;15;4.770;2.996;10.9;0;0.0;0;0;0;0;45;98;0;0;6684;0.00;0;0;0;0;0;0;0;0;0;0;0;0;0;0;0;0;15;0;98.0;98.0;0;0;0.00;0.00;0.00;0.0;0.0
34.333;58;0;98;0;0.0;19.700;1.340;32;34;0;0;100;101;100;142;100;344;100;88;88;0;0.000;7.735;0.000;0.000;19.700;1.340;0.0;0.0;0;15;4.770;2.996;10.9;0;0.0;0;0;0;0;45;98;0;0;6684;0.00;0;0;0;0;0;0;0;0;0;0;0;0;0;0;0;0;15;0;98.0;98.0;0;0;0.00;0.00;0.00;0.0;0.0
34.398;58;0;98;0;0.0;19.700;1.340;32;34;0;0;100;101;100;142;100;344;100;88;88;0;0.000;7.735;0.000;0.000;19.700;1.340;0.0;0.0;0;15;4.770;2.996;10.9;0;0.0;0;0;0;0;45;98;0;0;6684;0.00;0;0;0;0;0;0;0;0;0;0;0;0;0;0;0;0;15;0;98.0;98.0;0;0;0.00;0.00;0.00;0.0;0.0
34.464;58;0;98;0;0.0;19.700;1.340;32;34;0;0;100;101;100;142;100;344;100;88;88;0;0.000;7.735;0.000;0.000;19.700;1.340;0.0;0.0;0;15;4.770;2.996;11.0;0;0.0;0;0;0;0;45;98;0;0;6684;0.00;0;0;0;0;0;0;0;0;0;0;0;0;0;0;0;0;15;0;98.0;98.0;0;0;0.00;0.00;0.00;0.0;0.0
34.533;58;0;98;0;0.0;19.700;1.340;32;34;0;0;100;101;100;142;100;344;100;88;88;0;0.000;7.735;0.000;0.000;19.700;1.340;0.0;0.0;0;15;4.770;2.996;11.0;0;0.0;0;0;0;0;45;98;0;0;6684;0.00;0;0;0;0;0;0;0;0;0;0;0;0;0;0;0;0;15;0;98.0;98.0;0;0;0.00;0.00;0.00;0.0;0.0
34.533;58;0;98;0;0.0;19.700;1.340;32;34;0;0;100;101;100;142;100;344;100;88;88;0;0.000;7.735;0.000;0.000;19.700;1.340;0.0;0.0;0;15;4.770;2.996;11.0;0;0.0;0;0;0;0;45;98;0;0;6684;0.00;0;0;0;0;0;0;0;0;0;0;0;0;0;0;0;0;15;0;98.0;98.0;0;0;0.00;0.00;0.00;0.0;0.0
34.664;58;0;98;0;0.0;19.700;1.340;32;34;0;0;100;101;100;142;100;344;100;88;88;0;0.000;7.735;0.000;0.000;19.700;1.340;0.0;0.0;0;15;4.770;2.996;11.0;0;0.0;0;0;0;0;45;98;0;0;6684;0.00;0;0;0;0;0;0;0;0;0;0;0;0;0;0;0;0;15;0;98.0;98.0;0;0;0.00;0.00;0.00;0.0;0.0
34.730;58;0;98;0;0.0;19.700;1.340;32;34;0;0;100;101;100;142;100;344;100;88;88;0;0.000;7.735;0.000;0.000;19.700;1.340;0.0;0.0;0;15;4.770;2.996;11.0;0;0.0;0;0;0;0;45;98;0;0;6684;0.00;0;0;0;0;0;0;0;0;0;0;0;0;0;0;0;0;15;0;98.0;98.0;0;0;0.00;0.00;0.00;0.0;0.0
34.799;58;0;98;0;0.0;19.700;1.340;32;34;0;0;100;101;100;142;100;344;100;88;88;0;0.000;7.735;0.000;0.000;19.700;1.340;0.0;0.0;0;15;4.770;2.996;11.0;0;0.0;0;0;0;0;45;98;0;0;6684;0.00;0;0;0;0;0;0;0;0;0;0;0;0;0;0;0;0;15;0;98.0;98.0;0;0;0.00;0.00;0.00;0.0;0.0
34.865;58;0;98;0;0.0;19.700;1.340;32;34;0;0;100;101;100;142;100;344;100;88;88;0;0.000;7.735;0.000;0.000;19.700;1.340;0.0;0.0;0;15;4.770;2.996;11.0;0;0.0;0;0;0;0;45;98;0;0;6684;0.00;0;0;0;0;0;0;0;0;0;0;0;0;0;0;0;0;15;0;98.0;98.0;0;0;0.00;0.00;0.00;0.0;0.0
34.930;58;0;98;0;0.0;19.700;1.340;32;34;0;0;100;101;100;142;100;344;100;88;88;0;0.000;7.735;0.000;0.000;19.700;1.340;0.0;0.0;0;15;4.770;2.996;11.0;0;0.0;0;0;0;0;45;98;0;0;6684;0.00;0;0;0;0;0;0;0;0;0;0;0;0;0;0;0;0;15;0;98.0;98.0;0;0;0.00;0.00;0.00;0.0;0.0
34.996;58;0;98;0;0.0;19.700;1.340;32;34;0;0;100;101;100;142;100;344;100;88;88;0;0.000;7.735;0.000;0.000;19.700;1.340;0.0;0.0;0;15;4.770;2.996;11.0;0;0.0;0;0;0;0;45;98;0;0;6684;0.00;0;0;0;0;0;0;0;0;0;0;0;0;0;0;0;0;15;0;98.0;98.0;0;0;0.00;0.00;0.00;0.0;0.0
35.061;58;0;98;0;0.0;19.700;1.340;32;34;0;0;100;101;100;142;100;344;100;88;88;0;0.000;7.735;0.000;0.000;19.700;1.340;0.0;0.0;0;15;4.770;2.996;11.0;0;0.0;0;0;0;0;45;98;0;0;6684;0.00;0;0;0;0;0;0;0;0;0;0;0;0;0;0;0;0;15;0;98.0;98.0;0;0;0.00;0.00;0.00;0.0;0.0
35.131;58;0;98;0;0.0;19.700;1.340;32;34;0;0;100;101;100;142;100;344;100;88;88;0;0.000;7.735;0.000;0.000;19.700;1.340;0.0;0.0;0;15;4.770;2.996;11.0;0;0.0;0;0;0;0;45;98;0;0;6684;0.00;0;0;0;0;0;0;0;0;0;0;0;0;0;0;0;0;15;0;98.0;98.0;0;0;0.00;0.00;0.00;0.0;0.0
35.196;59;0;98;0;0.0;19.700;1.340;32;34;0;0;100;101;100;142;100;344;100;88;88;0;0.000;7.735;0.000;0.000;19.700;1.340;0.0;0.0;0;15;4.770;2.996;11.0;0;0.0;0;0;0;0;45;98;0;0;4145;0.00;0;0;0;0;0;0;0;0;0;0;0;0;0;0;0;0;15;0;98.0;98.0;0;0;0.00;0.00;0.00;0.0;0.0
35.262;59;0;98;0;0.0;19.700;1.340;32;34;0;0;100;101;100;142;100;344;100;88;88;0;0.000;7.735;0.000;0.000;19.700;1.340;0.0;0.0;0;15;4.770;2.996;11.0;0;0.0;0;0;0;0;45;98;0;0;4145;0.00;0;0;0;0;0;0;0;0;0;0;0;0;0;0;0;0;15;0;98.0;98.0;0;0;0.00;0.00;0.00;0.0;0.0
35.332;59;0;98;0;0.0;19.700;1.340;32;34;0;0;100;101;100;142;100;344;100;88;88;0;0.000;7.735;0.000;0.000;19.700;1.340;0.0;0.0;0;15;4.770;2.996;11.0;0;0.0;0;0;0;0;45;98;0;0;4145;0.00;0;0;0;0;0;0;0;0;0;0;0;0;0;0;0;0;15;0;98.0;98.0;0;0;0.00;0.00;0.00;0.0;0.0
35.397;59;0;98;0;0.0;19.700;1.340;32;34;0;0;100;101;100;142;100;344;100;88;88;0;0.000;7.735;0.000;0.000;19.700;1.340;0.0;0.0;0;15;4.770;2.996;11.0;0;0.0;0;0;0;0;45;98;0;0;4145;0.00;0;0;0;0;0;0;0;0;0;0;0;0;0;0;0;0;15;0;98.0;98.0;0;0;0.00;0.00;0.00;0.0;0.0
35.463;59;0;98;0;0.0;19.700;1.340;32;34;0;0;100;101;100;142;100;344;100;88;88;0;0.000;7.735;0.000;0.000;19.700;1.340;0.0;0.0;0;15;4.770;2.996;11.1;0;0.0;0;0;0;0;45;98;0;0;4145;0.00;0;0;0;0;0;0;0;0;0;0;0;0;0;0;0;0;15;0;98.0;98.0;0;0;0.00;0.00;0.00;0.0;0.0
35.532;59;0;98;0;0.0;19.700;1.340;32;34;0;0;100;101;100;142;100;344;100;88;88;0;0.000;7.735;0.000;0.000;19.700;1.340;0.0;0.0;0;15;4.770;2.996;11.1;0;0.0;0;0;0;0;45;98;0;0;4145;0.00;0;0;0;0;0;0;0;0;0;0;0;0;0;0;0;0;15;0;98.0;98.0;0;0;0.00;0.00;0.00;0.0;0.0
35.598;59;0;98;0;0.0;19.700;1.340;32;34;0;0;100;101;100;142;100;344;100;88;88;0;0.000;7.735;0.000;0.000;19.700;1.340;0.0;0.0;0;15;4.770;2.996;11.1;0;0.0;0;0;0;0;45;98;0;0;4145;0.00;0;0;0;0;0;0;0;0;0;0;0;0;0;0;0;0;15;0;98.0;98.0;0;0;0.00;0.00;0.00;0.0;0.0
35.663;59;0;98;0;0.0;19.700;1.340;32;34;0;0;100;101;100;142;100;344;100;88;88;0;0.000;7.735;0.000;0.000;19.700;1.340;0.0;0.0;0;15;4.770;2.996;11.1;0;0.0;0;0;0;0;45;98;0;0;4145;0.00;0;0;0;0;0;0;0;0;0;0;0;0;0;0;0;0;15;0;98.0;98.0;0;0;0.00;0.00;0.00;0.0;0.0
35.730;59;0;98;0;0.0;19.700;1.340;32;34;0;0;100;101;100;142;100;344;100;88;88;0;0.000;7.735;0.000;0.000;19.700;1.340;0.0;0.0;0;15;4.770;2.996;11.1;0;0.0;0;0;0;0;45;98;0;0;4145;0.00;0;0;0;0;0;0;0;0;0;0;0;0;0;0;0;0;15;0;98.0;98.0;0;0;0.00;0.00;0.00;0.0;0.0
35.799;59;0;98;0;0.0;19.700;1.340;32;34;0;0;100;101;100;142;100;344;100;88;88;0;0.000;7.735;0.000;0.000;19.700;1.340;0.0;0.0;0;15;4.770;2.996;11.1;0;0.0;0;0;0;0;45;98;0;0;4145;0.00;0;0;0;0;0;0;0;0;0;0;0;0;0;0;0;0;15;0;98.0;98.0;0;0;0.00;0.00;0.00;0.0;0.0
35.864;59;0;98;0;0.0;19.700;1.340;32;34;0;0;100;101;100;142;100;344;100;88;88;0;0.000;7.735;0.000;0.000;19.700;1.340;0.0;0.0;0;15;4.770;2.996;11.1;0;0.0;0;0;0;0;45;98;0;0;4145;0.00;0;0;0;0;0;0;0;0;0;0;0;0;0;0;0;0;15;0;98.0;98.0;0;0;0.00;0.00;0.00;0.0;0.0
35.930;59;0;98;0;0.0;19.700;1.340;32;34;0;0;100;101;100;142;100;344;100;88;88;0;0.000;7.735;0.000;0.000;19.700;1.340;0.0;0.0;0;15;4.770;2.996;11.2;0;0.0;0;0;0;0;45;98;0;0;4145;0.00;0;0;0;0;0;0;0;0;0;0;0;0;0;0;0;0;15;0;98.0;98.0;0;0;0.00;0.00;0.00;0.0;0.0
36.000;59;0;98;0;0.0;19.700;1.340;32;34;0;0;100;101;100;142;100;344;100;88;88;0;0.000;7.735;0.000;0.000;19.700;1.340;0.0;0.0;0;15;4.770;2.996;11.2;0;0.0;0;0;0;0;45;98;0;0;4145;0.00;0;0;0;0;0;0;0;0;0;0;0;0;0;0;0;0;15;0;98.0;98.0;0;0;0.00;0.00;0.00;0.0;0.0
36.065;59;0;98;0;0.0;19.700;1.340;32;34;0;0;100;101;100;142;100;344;100;88;88;0;0.000;7.735;0.000;0.000;19.700;1.340;0.0;0.0;0;15;4.770;2.996;11.2;0;0.0;0;0;0;0;45;98;0;0;4145;0.00;0;0;0;0;0;0;0;0;0;0;0;0;0;0;0;0;15;0;98.0;98.0;0;0;0.00;0.00;0.00;0.0;0.0
36.130;59;0;98;0;0.0;19.700;1.340;32;34;0;0;100;101;100;142;100;344;100;88;88;0;0.000;7.735;0.000;0.000;19.700;1.340;0.0;0.0;0;15;4.770;2.996;11.2;0;0.0;0;0;0;0;45;98;0;0;4145;0.00;0;0;0;0;0;0;0;0;0;0;0;0;0;0;0;0;15;0;98.0;98.0;0;0;0.00;0.00;0.00;0.0;0.0
36.200;60;0;98;0;0.0;19.700;1.340;32;34;0;0;100;101;100;142;100;344;100;88;88;0;0.000;7.735;0.000;0.000;19.700;1.340;0.0;0.0;0;15;4.770;2.996;5.9;0;0.0;0;0;0;0;45;98;0;0;4124;0.00;0;0;0;0;0;0;0;0;0;0;0;0;0;0;0;0;15;0;98.0;98.0;0;0;0.00;0.00;0.00;0.0;0.0
36.266;60;0;98;0;0.0;19.700;1.340;32;34;0;0;100;101;100;142;100;344;100;88;88;0;0.000;7.735;0.000;0.000;19.700;1.340;0.0;0.0;0;15;4.770;2.996;5.9;0;0.0;0;0;0;0;45;98;0;0;4124;0.00;0;0;0;0;0;0;0;0;0;0;0;0;0;0;0;0;15;0;98.0;98.0;0;0;0.00;0.00;0.00;0.0;0.0
36.331;60;0;98;0;0.0;19.700;1.340;32;34;0;0;100;101;100;142;100;344;100;88;88;0;0.000;7.735;0.000;0.000;19.700;1.340;0.0;0.0;0;15;4.770;2.996;5.9;0;0.0;0;0;0;0;45;98;0;0;4124;0.00;0;0;0;0;0;0;0;0;0;0;0;0;0;0;0;0;15;0;98.0;98.0;0;0;0.00;0.00;0.00;0.0;0.0
36.397;60;0;98;0;0.0;19.700;1.340;32;34;0;0;100;101;100;142;100;344;100;88;88;0;0.000;7.735;0.000;0.000;19.700;1.340;0.0;0.0;0;15;4.770;2.996;5.9;0;0.0;0;0;0;0;45;98;0;0;4124;0.00;0;0;0;0;0;0;0;0;0;0;0;0;0;0;0;0;15;0;98.0;98.0;0;0;0.00;0.00;0.00;0.0;0.0
36.466;60;0;98;0;0.0;19.700;1.340;32;34;0;0;100;101;100;142;100;344;100;88;88;0;0.000;7.735;0.000;0.000;19.700;1.340;0.0;0.0;0;15;4.770;2.996;3.1;0;0.0;0;0;0;0;45;98;0;0;4124;0.00;0;0;0;0;0;0;0;0;0;0;0;0;0;0;0;0;15;0;98.0;98.0;0;0;0.00;0.00;0.00;0.0;0.0
36.532;60;0;98;0;0.0;19.700;1.340;32;34;0;0;100;101;100;142;100;344;100;88;88;0;0.000;7.735;0.000;0.000;19.700;1.340;0.0;0.0;0;15;4.770;2.996;3.1;0;0.0;0;0;0;0;45;98;0;0;4124;0.00;0;0;0;0;0;0;0;0;0;0;0;0;0;0;0;0;15;0;98.0;98.0;0;0;0.00;0.00;0.00;0.0;0.0
36.598;60;0;98;0;0.0;19.700;1.340;32;34;0;0;100;101;100;142;100;344;100;88;88;0;0.000;7.735;0.000;0.000;19.700;1.340;0.0;0.0;0;15;4.770;2.996;3.1;0;0.0;0;0;0;0;45;98;0;0;4124;0.00;0;0;0;0;0;0;0;0;0;0;0;0;0;0;0;0;15;0;98.0;98.0;0;0;0.00;0.00;0.00;0.0;0.0
36.663;60;0;98;0;0.0;19.700;1.340;32;34;0;0;100;101;100;142;100;344;100;88;88;0;0.000;7.735;0.000;0.000;19.700;1.340;0.0;0.0;0;15;4.770;2.996;3.1;0;0.0;0;0;0;0;45;98;0;0;4124;0.00;0;0;0;0;0;0;0;0;0;0;0;0;0;0;0;0;15;0;98.0;98.0;0;0;0.00;0.00;0.00;0.0;0.0
36.732;60;0;98;0;0.0;19.700;1.340;32;34;0;0;100;101;100;142;100;344;100;88;88;0;0.000;7.735;0.000;0.000;19.700;1.340;0.0;0.0;0;15;4.770;2.996;1.6;0;0.0;0;0;0;0;45;98;0;0;4124;0.00;0;0;0;0;0;0;0;0;0;0;0;0;0;0;0;0;15;0;98.0;98.0;0;0;0.00;0.00;0.00;0.0;0.0
36.798;60;0;98;0;0.0;19.700;1.340;32;34;0;0;100;101;100;142;100;344;100;88;88;0;0.000;7.735;0.000;0.000;19.700;1.340;0.0;0.0;0;15;4.770;2.996;1.6;0;0.0;0;0;0;0;45;98;0;0;4124;0.00;0;0;0;0;0;0;0;0;0;0;0;0;0;0;0;0;15;0;98.0;98.0;0;0;0.00;0.00;0.00;0.0;0.0
36.864;60;0;98;0;0.0;19.700;1.340;32;34;0;0;100;101;100;142;100;344;100;88;88;0;0.000;7.735;0.000;0.000;19.700;1.340;0.0;0.0;0;15;4.770;2.996;1.6;0;0.0;0;0;0;0;45;98;0;0;4124;0.00;0;0;0;0;0;0;0;0;0;0;0;0;0;0;0;0;15;0;98.0;98.0;0;0;0.00;0.00;0.00;0.0;0.0
36.933;60;0;98;0;0.0;19.700;1.340;32;34;0;0;100;101;100;142;100;344;100;88;88;0;0.000;7.735;0.000;0.000;19.700;1.340;0.0;0.0;0;15;4.770;2.996;1.6;0;0.0;0;0;0;0;45;98;0;0;4124;0.00;0;0;0;0;0;0;0;0;0;0;0;0;0;0;0;0;15;0;98.0;98.0;0;0;0.00;0.00;0.00;0.0;0.0
36.999;60;0;98;0;0.0;19.700;1.340;32;34;0;0;100;101;100;142;100;344;100;88;88;0;0.000;7.735;0.000;0.000;19.700;1.340;0.0;0.0;0;15;4.770;2.996;0.8;0;0.0;0;0;0;0;45;98;0;0;4124;0.00;0;0;0;0;0;0;0;0;0;0;0;0;0;0;0;0;15;0;98.0;98.0;0;0;0.00;0.00;0.00;0.0;0.0
37.064;60;0;98;0;0.0;19.700;1.340;32;34;0;0;100;101;100;142;100;344;100;88;88;0;0.000;7.735;0.000;0.000;19.700;1.340;0.0;0.0;0;15;4.770;2.996;0.8;0;0.0;0;0;0;0;45;98;0;0;4124;0.00;0;0;0;0;0;0;0;0;0;0;0;0;0;0;0;0;15;0;98.0;98.0;0;0;0.00;0.00;0.00;0.0;0.0
37.130;60;0;98;0;0.0;19.700;1.340;32;34;0;0;100;101;100;142;100;344;100;88;88;0;0.000;7.735;0.000;0.000;19.700;1.340;0.0;0.0;0;15;4.770;2.996;0.8;0;0.0;0;0;0;0;45;98;0;0;4124;0.00;0;0;0;0;0;0;0;0;0;0;0;0;0;0;0;0;15;0;98.0;98.0;0;0;0.00;0.00;0.00;0.0;0.0
37.199;61;0;98;0;0.0;19.700;1.340;32;34;0;0;100;101;100;142;100;344;100;88;88;0;0.000;7.735;0.000;0.000;19.700;1.340;0.0;0.0;0;15;4.770;2.996;0.8;0;0.0;0;0;0;0;45;98;0;0;4125;0.00;0;0;0;0;0;0;0;0;0;0;0;0;0;0;0;0;15;0;98.0;98.0;0;0;0.00;0.00;0.00;0.0;0.0
37.264;61;0;98;0;0.0;19.700;1.340;32;34;0;0;100;101;100;142;100;344;100;88;88;0;0.000;7.735;0.000;0.000;19.700;1.340;0.0;0.0;0;15;4.770;2.996;0.4;0;0.0;0;0;0;0;45;98;0;0;4125;0.00;0;0;0;0;0;0;0;0;0;0;0;0;0;0;0;0;15;0;98.0;98.0;0;0;0.00;0.00;0.00;0.0;0.0
37.331;61;0;98;0;0.0;19.700;1.340;32;34;0;0;100;101;100;142;100;344;100;88;88;0;0.000;7.735;0.000;0.000;19.700;1.340;0.0;0.0;0;15;4.770;2.996;0.4;0;0.0;0;0;0;0;45;98;0;0;4125;0.00;0;0;0;0;0;0;0;0;0;0;0;0;0;0;0;0;15;0;98.0;98.0;0;0;0.00;0.00;0.00;0.0;0.0
37.396;61;0;98;0;0.0;19.700;1.340;32;34;0;0;100;101;100;142;100;344;100;88;88;0;0.000;7.735;0.000;0.000;19.700;1.340;0.0;0.0;0;15;4.770;2.996;0.4;0;0.0;0;0;0;0;45;98;0;0;4125;0.00;0;0;0;0;0;0;0;0;0;0;0;0;0;0;0;0;15;0;98.0;98.0;0;0;0.00;0.00;0.00;0.0;0.0
37.465;61;0;98;0;0.0;19.700;1.340;32;34;0;0;100;101;100;142;100;344;100;88;88;0;0.000;7.735;0.000;0.000;19.700;1.340;0.0;0.0;0;15;4.770;2.996;0.2;0;0.0;0;0;0;0;45;98;0;0;4125;0.00;0;0;0;0;0;0;0;0;0;0;0;0;0;0;0;0;15;0;98.0;98.0;0;0;0.00;0.00;0.00;0.0;0.0
37.531;61;0;98;0;0.0;19.700;1.340;32;34;0;0;100;101;100;142;100;344;100;88;88;0;0.000;7.735;0.000;0.000;19.700;1.340;0.0;0.0;0;15;4.770;2.996;0.2;0;0.0;0;0;0;0;45;98;0;0;4125;0.00;0;0;0;0;0;0;0;0;0;0;0;0;0;0;0;0;15;0;98.0;98.0;0;0;0.00;0.00;0.00;0.0;0.0
37.597;61;0;98;0;0.0;19.700;1.340;32;34;0;0;100;101;100;142;100;344;100;88;88;0;0.000;7.735;0.000;0.000;19.700;1.340;0.0;0.0;0;15;4.770;2.996;0.2;0;0.0;0;0;0;0;45;98;0;0;4125;0.00;0;0;0;0;0;0;0;0;0;0;0;0;0;0;0;0;15;0;98.0;98.0;0;0;0.00;0.00;0.00;0.0;0.0
37.663;61;0;98;0;0.0;19.700;1.340;32;34;0;0;100;101;100;142;100;344;100;88;88;0;0.000;7.735;0.000;0.000;19.700;1.340;0.0;0.0;0;15;4.770;2.996;0.2;0;0.0;0;0;0;0;45;98;0;0;4125;0.00;0;0;0;0;0;0;0;0;0;0;0;0;0;0;0;0;15;0;98.0;98.0;0;0;0.00;0.00;0.00;0.0;0.0
37.731;61;0;98;0;0.0;19.700;1.340;32;34;0;0;100;101;100;142;100;344;100;88;88;0;0.000;7.735;0.000;0.000;19.700;1.340;0.0;0.0;0;15;4.770;2.996;0.1;0;0.0;0;0;0;0;45;98;0;0;4125;0.00;0;0;0;0;0;0;0;0;0;0;0;0;0;0;0;0;15;0;98.0;98.0;0;0;0.00;0.00;0.00;0.0;0.0
37.797;61;0;98;0;0.0;19.700;1.340;32;34;0;0;100;101;100;142;100;344;100;88;88;0;0.000;7.735;0.000;0.000;19.700;1.340;0.0;0.0;0;15;4.770;2.996;0.1;0;0.0;0;0;0;0;45;98;0;0;4125;0.00;0;0;0;0;0;0;0;0;0;0;0;0;0;0;0;0;15;0;98.0;98.0;0;0;0.00;0.00;0.00;0.0;0.0
37.797;61;0;98;0;0.0;19.700;1.340;32;34;0;0;100;101;100;142;100;344;100;88;88;0;0.000;7.735;0.000;0.000;19.700;1.340;0.0;0.0;0;15;4.770;2.996;0.1;0;0.0;0;0;0;0;45;98;0;0;4125;0.00;0;0;0;0;0;0;0;0;0;0;0;0;0;0;0;0;15;0;98.0;98.0;0;0;0.00;0.00;0.00;0.0;0.0
37.932;61;0;98;0;0.0;19.700;1.340;32;34;0;0;100;101;100;142;100;344;100;88;88;0;0.000;7.735;0.000;0.000;19.700;1.340;0.0;0.0;0;15;4.770;2.996;0.1;0;0.0;0;0;0;0;45;98;0;0;4125;0.00;0;0;0;0;0;0;0;0;0;0;0;0;0;0;0;0;15;0;98.0;98.0;0;0;0.00;0.00;0.00;0.0;0.0
37.998;61;0;98;0;0.0;19.700;1.340;32;34;0;0;100;101;100;142;100;344;100;88;88;0;0.000;7.735;0.000;0.000;19.700;1.340;0.0;0.0;0;15;4.770;2.996;0.0;0;0.0;0;0;0;0;45;98;0;0;4125;0.00;0;0;0;0;0;0;0;0;0;0;0;0;0;0;0;0;15;0;98.0;98.0;0;0;0.00;0.00;0.00;0.0;0.0
38.067;61;0;98;0;0.0;19.700;1.340;32;34;0;0;100;101;100;142;100;344;100;88;88;0;0.000;7.735;0.000;0.000;19.700;1.340;0.0;0.0;0;15;4.770;2.996;0.0;0;0.0;0;0;0;0;45;98;0;0;4125;0.00;0;0;0;0;0;0;0;0;0;0;0;0;0;0;0;0;15;0;98.0;98.0;0;0;0.00;0.00;0.00;0.0;0.0
38.134;61;0;98;0;0.0;19.700;1.340;32;34;0;0;100;101;100;142;100;344;100;88;88;0;0.000;7.735;0.000;0.000;19.700;1.340;0.0;0.0;0;15;4.770;2.996;0.0;0;0.0;0;0;0;0;45;98;0;0;4125;0.00;0;0;0;0;0;0;0;0;0;0;0;0;0;0;0;0;15;0;98.0;98.0;0;0;0.00;0.00;0.00;0.0;0.0
38.199;61;0;98;0;0.0;19.700;1.340;32;34;0;0;100;101;100;142;100;344;100;88;88;0;0.000;7.735;0.000;0.000;19.700;1.340;0.0;0.0;0;15;4.770;2.996;0.0;0;0.0;0;0;0;0;45;98;0;0;4125;0.00;0;0;0;0;0;0;0;0;0;0;0;0;0;0;0;0;15;0;98.0;98.0;0;0;0.00;0.00;0.00;0.0;0.0
38.265;62;0;98;0;0.0;19.700;1.340;32;34;0;0;100;101;100;142;100;344;100;88;88;0;0.000;7.735;0.000;0.000;19.700;1.340;0.0;0.0;0;15;4.770;2.996;0.0;0;0.0;0;0;0;0;45;98;0;0;4107;0.00;0;0;0;0;0;0;0;0;0;0;0;0;0;0;0;0;15;0;98.0;98.0;0;0;0.00;0.00;0.00;0.0;0.0
38.334;62;0;98;0;0.0;19.700;1.340;32;34;0;0;100;101;100;142;100;344;100;88;88;0;0.000;7.735;0.000;0.000;19.700;1.340;0.0;0.0;0;15;4.770;2.996;0.0;0;0.0;0;0;0;0;45;98;0;0;4107;0.00;0;0;0;0;0;0;0;0;0;0;0;0;0;0;0;0;15;0;98.0;98.0;0;0;0.00;0.00;0.00;0.0;0.0
38.399;62;0;98;0;0.0;19.700;1.340;32;34;0;0;100;101;100;142;100;344;100;88;88;0;0.000;7.735;0.000;0.000;19.700;1.340;0.0;0.0;0;15;4.770;2.996;0.0;0;0.0;0;0;0;0;45;98;0;0;4107;0.00;0;0;0;0;0;0;0;0;0;0;0;0;0;0;0;0;15;0;98.0;98.0;0;0;0.00;0.00;0.00;0.0;0.0
38.465;62;0;98;0;0.0;19.700;1.340;32;34;0;0;100;101;100;142;100;344;100;88;88;0;0.000;7.735;0.000;0.000;19.700;1.340;0.0;0.0;0;15;4.770;2.996;0.0;0;0.0;0;0;0;0;45;98;0;0;4107;0.00;0;0;0;0;0;0;0;0;0;0;0;0;0;0;0;0;15;0;98.0;98.0;0;0;0.00;0.00;0.00;0.0;0.0
38.465;62;0;98;0;0.0;19.700;1.340;32;34;0;0;100;101;100;142;100;344;100;88;88;0;0.000;7.735;0.000;0.000;19.700;1.340;0.0;0.0;0;15;4.770;2.996;0.0;0;0.0;0;0;0;0;45;98;0;0;4107;0.00;0;0;0;0;0;0;0;0;0;0;0;0;0;0;0;0;15;0;98.0;98.0;0;0;0.00;0.00;0.00;0.0;0.0
38.596;62;0;98;0;0.0;19.700;1.340;32;34;0;0;100;101;100;142;100;344;100;88;88;0;0.000;7.735;0.000;0.000;19.700;1.340;0.0;0.0;0;15;4.770;2.996;0.0;0;0.0;0;0;0;0;45;98;0;0;4107;0.00;0;0;0;0;0;0;0;0;0;0;0;0;0;0;0;0;15;0;98.0;98.0;0;0;0.00;0.00;0.00;0.0;0.0
38.665;62;0;98;0;0.0;19.700;1.340;32;34;0;0;100;101;100;142;100;344;100;88;88;0;0.000;7.735;0.000;0.000;19.700;1.340;0.0;0.0;0;15;4.770;2.996;0.0;0;0.0;0;0;0;0;45;98;0;0;4107;0.00;0;0;0;0;0;0;0;0;0;0;0;0;0;0;0;0;15;0;98.0;98.0;0;0;0.00;0.00;0.00;0.0;0.0
38.731;62;0;98;0;0.0;19.700;1.340;32;34;0;0;100;101;100;142;100;344;100;88;88;0;0.000;7.735;0.000;0.000;19.700;1.340;0.0;0.0;0;15;4.770;2.996;0.0;0;0.0;0;0;0;0;45;98;0;0;4107;0.00;0;0;0;0;0;0;0;0;0;0;0;0;0;0;0;0;15;0;98.0;98.0;0;0;0.00;0.00;0.00;0.0;0.0
38.798;62;0;98;0;0.0;19.700;1.340;32;34;0;0;100;101;100;142;100;344;100;88;88;0;0.000;7.735;0.000;0.000;19.700;1.340;0.0;0.0;0;15;4.770;2.996;0.0;0;0.0;0;0;0;0;45;98;0;0;4107;0.00;0;0;0;0;0;0;0;0;0;0;0;0;0;0;0;0;15;0;98.0;98.0;0;0;0.00;0.00;0.00;0.0;0.0
38.866;62;0;98;0;0.0;19.700;1.340;32;34;0;0;100;101;100;142;100;344;100;88;88;0;0.000;7.735;0.000;0.000;19.700;1.340;0.0;0.0;0;15;4.770;2.996;0.0;0;0.0;0;0;0;0;45;98;0;0;4107;0.00;0;0;0;0;0;0;0;0;0;0;0;0;0;0;0;0;15;0;98.0;98.0;0;0;0.00;0.00;0.00;0.0;0.0
38.932;62;0;98;0;0.0;19.700;1.340;32;34;0;0;100;101;100;142;100;344;100;88;88;0;0.000;7.735;0.000;0.000;19.700;1.340;0.0;0.0;0;15;4.770;2.996;0.0;0;0.0;0;0;0;0;45;98;0;0;4107;0.00;0;0;0;0;0;0;0;0;0;0;0;0;0;0;0;0;15;0;98.0;98.0;0;0;0.00;0.00;0.00;0.0;0.0
38.998;62;0;98;0;0.0;19.700;1.340;32;34;0;0;100;101;100;142;100;344;100;88;88;0;0.000;7.735;0.000;0.000;19.700;1.340;0.0;0.0;0;15;4.770;2.996;0.0;0;0.0;0;0;0;0;45;98;0;0;4107;0.00;0;0;0;0;0;0;0;0;0;0;0;0;0;0;0;0;15;0;98.0;98.0;0;0;0.00;0.00;0.00;0.0;0.0
39.066;62;0;98;0;0.0;19.700;1.340;32;34;0;0;100;101;100;142;100;344;100;88;88;0;0.000;7.735;0.000;0.000;19.700;1.340;0.0;0.0;0;15;4.770;2.996;0.0;0;0.0;0;0;0;0;45;98;0;0;4107;0.00;0;0;0;0;0;0;0;0;0;0;0;0;0;0;0;0;15;0;98.0;98.0;0;0;0.00;0.00;0.00;0.0;0.0
39.132;62;0;98;0;0.0;19.700;1.340;32;34;0;0;100;101;100;142;100;344;100;88;88;0;0.000;7.735;0.000;0.000;19.700;1.340;0.0;0.0;0;15;4.770;2.996;0.0;0;0.0;0;0;0;0;45;98;0;0;4107;0.00;0;0;0;0;0;0;0;0;0;0;0;0;0;0;0;0;15;0;98.0;98.0;0;0;0.00;0.00;0.00;0.0;0.0
39.198;62;0;98;0;0.0;19.700;1.340;32;34;0;0;100;101;100;142;100;344;100;88;88;0;0.000;7.735;0.000;0.000;19.700;1.340;0.0;0.0;0;15;4.770;2.996;0.0;0;0.0;0;0;0;0;45;98;0;0;4107;0.00;0;0;0;0;0;0;0;0;0;0;0;0;0;0;0;0;15;0;98.0;98.0;0;0;0.00;0.00;0.00;0.0;0.0
39.264;63;0;98;0;0.0;19.700;1.340;32;34;0;0;100;101;100;142;100;344;100;88;88;0;0.000;7.735;0.000;0.000;19.700;1.340;0.0;0.0;0;15;4.770;2.996;0.0;0;0.0;0;0;0;0;45;98;0;0;4119;0.00;0;0;0;0;0;0;0;0;0;0;0;0;0;0;0;0;15;0;98.0;98.0;0;0;0.00;0.00;0.00;0.0;0.0
39.329;63;0;98;0;0.0;19.700;1.340;32;34;0;0;100;101;100;142;100;344;100;88;88;0;0.000;7.735;0.000;0.000;19.700;1.340;0.0;0.0;0;15;4.770;2.996;0.0;0;0.0;0;0;0;0;45;98;0;0;4119;0.00;0;0;0;0;0;0;0;0;0;0;0;0;0;0;0;0;15;0;98.0;98.0;0;0;0.00;0.00;0.00;0.0;0.0
39.395;63;0;98;0;0.0;19.700;1.340;32;34;0;0;100;101;100;142;100;344;100;88;88;0;0.000;7.735;0.000;0.000;19.700;1.340;0.0;0.0;0;15;4.770;2.996;0.0;0;0.0;0;0;0;0;45;98;0;0;4119;0.00;0;0;0;0;0;0;0;0;0;0;0;0;0;0;0;0;15;0;98.0;98.0;0;0;0.00;0.00;0.00;0.0;0.0
39.465;63;0;98;0;0.0;19.700;1.340;32;34;0;0;100;101;100;142;100;344;100;88;88;0;0.000;7.735;0.000;0.000;19.700;1.340;0.0;0.0;0;15;4.770;2.996;0.0;0;0.0;0;0;0;0;45;98;0;0;4119;0.00;0;0;0;0;0;0;0;0;0;0;0;0;0;0;0;0;15;0;98.0;98.0;0;0;0.00;0.00;0.00;0.0;0.0
39.530;63;0;98;0;0.0;19.700;1.340;32;34;0;0;100;101;100;142;100;344;100;88;88;0;0.000;7.735;0.000;0.000;19.700;1.340;0.0;0.0;0;15;4.770;2.996;0.0;0;0.0;0;0;0;0;45;98;0;0;4119;0.00;0;0;0;0;0;0;0;0;0;0;0;0;0;0;0;0;15;0;98.0;98.0;0;0;0.00;0.00;0.00;0.0;0.0
39.596;63;0;98;0;0.0;19.700;1.340;32;34;0;0;100;101;100;142;100;344;100;88;88;0;0.000;7.735;0.000;0.000;19.700;1.340;0.0;0.0;0;15;4.770;2.996;0.0;0;0.0;0;0;0;0;45;98;0;0;4119;0.00;0;0;0;0;0;0;0;0;0;0;0;0;0;0;0;0;15;0;98.0;98.0;0;0;0.00;0.00;0.00;0.0;0.0
39.596;63;0;98;0;0.0;19.700;1.340;32;34;0;0;100;101;100;142;100;344;100;88;88;0;0.000;7.735;0.000;0.000;19.700;1.340;0.0;0.0;0;15;4.770;2.996;0.0;0;0.0;0;0;0;0;45;98;0;0;4119;0.00;0;0;0;0;0;0;0;0;0;0;0;0;0;0;0;0;15;0;98.0;98.0;0;0;0.00;0.00;0.00;0.0;0.0
39.730;63;0;98;0;0.0;19.700;1.340;32;34;0;0;100;101;100;142;100;344;100;88;88;0;0.000;7.735;0.000;0.000;19.700;1.340;0.0;0.0;0;15;4.770;2.996;0.0;0;0.0;0;0;0;0;45;98;0;0;4119;0.00;0;0;0;0;0;0;0;0;0;0;0;0;0;0;0;0;15;0;98.0;98.0;0;0;0.00;0.00;0.00;0.0;0.0
39.796;63;0;98;0;0.0;19.700;1.340;32;34;0;0;100;101;100;142;100;344;100;88;88;0;0.000;7.735;0.000;0.000;19.700;1.340;0.0;0.0;0;15;4.770;2.996;0.0;0;0.0;0;0;0;0;45;98;0;0;4119;0.00;0;0;0;0;0;0;0;0;0;0;0;0;0;0;0;0;15;0;98.0;98.0;0;0;0.00;0.00;0.00;0.0;0.0
39.865;63;0;98;0;0.0;19.700;1.340;32;34;0;0;100;101;100;142;100;344;100;88;88;0;0.000;7.735;0.000;0.000;19.700;1.340;0.0;0.0;0;15;4.770;2.996;0.0;0;0.0;0;0;0;0;45;98;0;0;4119;0.00;0;0;0;0;0;0;0;0;0;0;0;0;0;0;0;0;15;0;98.0;98.0;0;0;0.00;0.00;0.00;0.0;0.0
39.931;63;0;98;0;0.0;19.700;1.340;32;34;0;0;100;101;100;142;100;344;100;88;88;0;0.000;7.735;0.000;0.000;19.700;1.340;0.0;0.0;0;15;4.770;2.996;0.0;0;0.0;0;0;0;0;45;98;0;0;4119;0.00;0;0;0;0;0;0;0;0;0;0;0;0;0;0;0;0;15;0;98.0;98.0;0;0;0.00;0.00;0.00;0.0;0.0
39.931;63;0;98;0;0.0;19.700;1.340;32;34;0;0;100;101;100;142;100;344;100;88;88;0;0.000;7.735;0.000;0.000;19.700;1.340;0.0;0.0;0;15;4.770;2.996;0.0;0;0.0;0;0;0;0;45;98;0;0;4119;0.00;0;0;0;0;0;0;0;0;0;0;0;0;0;0;0;0;15;0;98.0;98.0;0;0;0.00;0.00;0.00;0.0;0.0
40.066;63;0;98;0;0.0;19.700;1.340;32;34;0;0;100;101;100;142;100;344;100;88;88;0;0.000;7.735;0.000;0.000;19.700;1.340;0.0;0.0;0;15;4.770;2.996;0.0;0;0.0;0;0;0;0;45;98;0;0;4119;0.00;0;0;0;0;0;0;0;0;0;0;0;0;0;0;0;0;15;0;98.0;98.0;0;0;0.00;0.00;0.00;0.0;0.0
40.132;63;0;98;0;0.0;19.700;1.340;32;34;0;0;100;101;100;142;100;344;100;88;88;0;0.000;7.735;0.000;0.000;19.700;1.340;0.0;0.0;0;15;4.770;2.996;0.0;0;0.0;0;0;0;0;45;98;0;0;4119;0.00;0;0;0;0;0;0;0;0;0;0;0;0;0;0;0;0;15;0;98.0;98.0;0;0;0.00;0.00;0.00;0.0;0.0
40.198;63;0;98;0;0.0;19.700;1.340;32;34;0;0;100;101;100;142;100;344;100;88;88;0;0.000;7.735;0.000;0.000;19.700;1.340;0.0;0.0;0;15;4.770;2.996;0.0;0;0.0;0;0;0;0;45;98;0;0;4119;0.00;0;0;0;0;0;0;0;0;0;0;0;0;0;0;0;0;15;0;98.0;98.0;0;0;0.00;0.00;0.00;0.0;0.0
40.263;64;0;98;0;0.0;19.700;1.340;32;34;0;0;100;101;100;142;100;344;100;88;88;0;0.000;7.735;0.000;0.000;19.700;1.340;0.0;0.0;0;15;4.770;2.996;0.0;0;0.0;0;0;0;0;45;98;0;0;4124;0.00;0;0;0;0;0;0;0;0;0;0;0;0;0;0;0;0;15;0;98.0;98.0;0;0;0.00;0.00;0.00;0.0;0.0
40.328;64;0;98;0;0.0;19.700;1.340;32;34;0;0;100;101;100;142;100;344;100;88;88;0;0.000;7.735;0.000;0.000;19.700;1.340;0.0;0.0;0;15;4.770;2.996;0.0;0;0.0;0;0;0;0;45;98;0;0;4124;0.00;0;0;0;0;0;0;0;0;0;0;0;0;0;0;0;0;15;0;98.0;98.0;0;0;0.00;0.00;0.00;0.0;0.0
40.398;64;0;98;0;0.0;19.700;1.340;32;34;0;0;100;101;100;142;100;344;100;88;88;0;0.000;7.735;0.000;0.000;19.700;1.340;0.0;0.0;0;15;4.770;2.996;0.0;0;0.0;0;0;0;0;45;98;0;0;4124;0.00;0;0;0;0;0;0;0;0;0;0;0;0;0;0;0;0;15;0;98.0;98.0;0;0;0.00;0.00;0.00;0.0;0.0
40.463;64;0;98;0;0.0;19.700;1.340;32;34;0;0;100;101;100;142;100;344;100;88;88;0;0.000;7.735;0.000;0.000;19.700;1.340;0.0;0.0;0;15;4.770;2.996;0.0;0;0.0;0;0;0;0;45;98;0;0;4124;0.00;0;0;0;0;0;0;0;0;0;0;0;0;0;0;0;0;15;0;98.0;98.0;0;0;0.00;0.00;0.00;0.0;0.0
40.533;64;0;98;0;0.0;19.700;1.340;32;34;0;0;100;101;100;142;100;344;100;88;88;0;0.000;7.735;0.000;0.000;19.700;1.340;0.0;0.0;0;15;4.770;2.996;0.0;0;0.0;0;0;0;0;45;98;0;0;4124;0.00;0;0;0;0;0;0;0;0;0;0;0;0;0;0;0;0;15;0;98.0;98.0;0;0;0.00;0.00;0.00;0.0;0.0
40.599;64;0;98;0;0.0;19.700;1.340;32;34;0;0;100;101;100;142;100;344;100;88;88;0;0.000;7.735;0.000;0.000;19.700;1.340;0.0;0.0;0;15;4.770;2.996;0.0;0;0.0;0;0;0;0;45;98;0;0;4124;0.00;0;0;0;0;0;0;0;0;0;0;0;0;0;0;0;0;15;0;98.0;98.0;0;0;0.00;0.00;0.00;0.0;0.0