"Time";"SecL";"RPM";"MAP";"MAPxRPM";"TPS";"AFR";"Lambda";"IAT";"CLT";"Engine";"DFCO";"Gego";"Gair";"Gbattery";"Gwarm";"Gbaro";"Gammae";"Accel Enrich";"VE _Current";"VE1";"VE2";"PW";"PW2";"PW3";"PW4";"AFR Target";"Lambda Target";"Duty Cycle";"Duty Cycle _Staging";"TPS DOT";"Advance _Current";"Dwell";"Dwell _Measured";"Battery V";"rpm/s";"Error #";"Error ID";"Boost PSI";"Boost cut";"Hard Launch";"Hard Limiter";"Idle Control";"IAC value";"Baro Pressure";"Fan";"Sync Loss #";"Loops/s";"Loops/rev";"Aux0";"Aux1";"Aux2";"Aux3";"Aux4";"Aux5";"Aux6";"Aux7";"Aux8";"Aux9";"Aux10";"Aux11";"Aux12";"Aux13";"Aux14";"Aux15";"Advance 1";"Advance 2";"FuelLoad";"IgnitionLoad";"Sync status";"";"Trip Meter Miles";"Odometer Miles";"Vehicle Speed";"Power";"Torque"
"s";"sec";"rpm";"kpa";"";"%";"O2";"";"";"";"bits";"";"%";"%";"";"%";"%";"%";"%";"%";"%";"%";"ms";"ms";"ms";"ms";"O2";"";"";"";"%/s";"deg";"ms";"ms";"V";"rpm/s";"";"";"";"";"";"";"";"Steps";"kpa";"";"";"loops";"";"";"";"";"";"";"";"";"";"";"";"";"";"";"";"";"";"deg";"deg";"kPa";"kPa";"";"bits";"Miles";"Miles";"MPH";"HP";"lbft"
0.000;170;0;99;0;0.0;15.600;1.061;39;38;0;0;100;100;100;137;100;288;100;88;88;0;0.000;3.334;0.000;0.000;19.700;1.340;0.0;0.0;0;14;4.635;4.837;0.0;0;0;0;0.0;0;0;0;0;60;99;0;0;4066;0.00;0;0;0;0;0;0;0;0;0;0;0;0;0;0;0;0;14;0;99.0;99.0;0;0;0.00;0.00;0.00;0.0;0.0
0.000;170;0;99;0;0.0;15.600;1.061;39;38;0;0;100;100;100;137;100;288;100;88;88;0;0.000;3.334;0.000;0.000;19.700;1.340;0.0;0.0;0;14;4.635;4.837;0.0;0;0;0;0.0;0;0;0;0;60;99;0;0;4066;0.00;0;0;0;0;0;0;0;0;0;0;0;0;0;0;0;0;14;0;99.0;99.0;0;0;0.00;0.00;0.00;0.0;0.0
0.075;170;0;99;0;0.0;15.600;1.061;39;38;0;0;100;100;100;137;100;288;100;88;88;0;0.000;3.334;0.000;0.000;19.700;1.340;0.0;0.0;0;14;4.635;4.837;0.0;0;0;0;0.0;0;0;0;0;60;99;0;0;4066;0.00;0;0;0;0;0;0;0;0;0;0;0;0;0;0;0;0;14;0;99.0;99.0;0;0;0.00;0.00;0.00;0.0;0.0
0.075;170;0;98;0;0.0;15.600;1.061;39;38;0;0;100;100;100;137;100;288;100;88;88;0;0.000;3.334;0.000;0.000;19.700;1.340;0.0;0.0;0;15;4.635;4.837;0.0;0;0;0;-0.1;0;0;0;0;60;99;0;0;4066;0.00;0;0;0;0;0;0;0;0;0;0;0;0;0;0;0;0;15;0;98.0;98.0;0;0;0.00;0.00;0.00;0.0;0.0
0.140;170;0;98;0;0.0;15.600;1.061;39;38;0;0;100;100;100;137;100;288;100;88;88;0;0.000;3.334;0.000;0.000;19.700;1.340;0.0;0.0;0;15;4.635;4.837;0.0;0;0;0;-0.1;0;0;0;0;60;99;0;0;4066;0.00;0;0;0;0;0;0;0;0;0;0;0;0;0;0;0;0;15;0;98.0;98.0;0;0;0.00;0.00;0.00;0.0;0.0
0.203;171;0;99;0;0.0;15.600;1.061;39;38;0;0;100;100;100;137;100;288;100;88;88;0;0.000;3.334;0.000;0.000;19.700;1.340;0.0;0.0;0;14;4.635;4.837;0.0;0;0;0;0.0;0;0;0;0;60;99;0;0;4062;0.00;0;0;0;0;0;0;0;0;0;0;0;0;0;0;0;0;14;0;99.0;99.0;0;0;0.00;0.00;0.00;0.0;0.0
0.265;171;0;98;0;0.0;15.600;1.061;39;38;0;0;100;100;100;137;100;288;100;88;88;0;0.000;3.334;0.000;0.000;19.700;1.340;0.0;0.0;0;15;4.635;4.837;0.0;0;0;0;-0.1;0;0;0;0;60;99;0;0;4062;0.00;0;0;0;0;0;0;0;0;0;0;0;0;0;0;0;0;15;0;98.0;98.0;0;0;0.00;0.00;0.00;0.0;0.0
0.330;171;0;99;0;0.0;15.600;1.061;39;38;0;0;100;100;100;137;100;288;100;88;88;0;0.000;3.334;0.000;0.000;19.700;1.340;0.0;0.0;0;14;4.635;4.837;0.0;0;0;0;0.0;0;0;0;0;60;99;0;0;4062;0.00;0;0;0;0;0;0;0;0;0;0;0;0;0;0;0;0;14;0;99.0;99.0;0;0;0.00;0.00;0.00;0.0;0.0
0.396;171;0;98;0;0.0;15.600;1.061;39;38;0;0;100;100;100;137;100;288;100;88;88;0;0.000;3.334;0.000;0.000;19.700;1.340;0.0;0.0;0;15;4.635;4.837;0.0;0;0;0;-0.1;0;0;0;0;60;99;0;0;4062;0.00;0;0;0;0;0;0;0;0;0;0;0;0;0;0;0;0;15;0;98.0;98.0;0;0;0.00;0.00;0.00;0.0;0.0
0.465;171;0;98;0;0.0;15.600;1.061;39;38;0;0;100;100;100;137;100;288;100;88;88;0;0.000;3.334;0.000;0.000;19.700;1.340;0.0;0.0;0;15;4.635;4.837;0.0;0;0;0;-0.1;0;0;0;0;60;99;0;0;4062;0.00;0;0;0;0;0;0;0;0;0;0;0;0;0;0;0;0;15;0;98.0;98.0;0;0;0.00;0.00;0.00;0.0;0.0
0.532;171;0;99;0;0.0;15.400;1.048;39;38;0;0;100;100;100;137;100;288;100;88;88;0;0.000;3.334;0.000;0.000;19.700;1.340;0.0;0.0;0;14;4.635;4.837;0.0;0;0;0;0.0;0;0;0;0;60;99;0;0;4062;0.00;0;0;0;0;0;0;0;0;0;0;0;0;0;0;0;0;14;0;99.0;99.0;0;0;0.00;0.00;0.00;0.0;0.0
0.662;171;0;98;0;0.0;15.400;1.048;39;38;0;0;100;100;100;137;100;288;100;88;88;0;0.000;3.334;0.000;0.000;19.700;1.340;0.0;0.0;0;15;4.635;4.837;0.0;0;0;0;-0.1;0;0;0;0;60;99;0;0;4062;0.00;0;0;0;0;0;0;0;0;0;0;0;0;0;0;0;0;15;0;98.0;98.0;0;0;0.00;0.00;0.00;0.0;0.0
0.731;171;0;99;0;0.0;15.400;1.048;39;38;0;0;100;100;100;137;100;288;100;88;88;0;0.000;3.334;0.000;0.000;19.700;1.340;0.0;0.0;0;14;4.635;4.837;0.0;0;0;0;0.0;0;0;0;0;60;99;0;0;4062;0.00;0;0;0;0;0;0;0;0;0;0;0;0;0;0;0;0;14;0;99.0;99.0;0;0;0.00;0.00;0.00;0.0;0.0
0.797;171;0;98;0;0.0;15.400;1.048;39;38;0;0;100;100;100;137;100;288;100;88;88;0;0.000;3.334;0.000;0.000;19.700;1.340;0.0;0.0;0;15;4.635;4.837;0.0;0;0;0;-0.1;0;0;0;0;60;99;0;0;4062;0.00;0;0;0;0;0;0;0;0;0;0;0;0;0;0;0;0;15;0;98.0;98.0;0;0;0.00;0.00;0.00;0.0;0.0
0.863;171;0;99;0;0.0;15.400;1.048;39;38;0;0;100;100;100;137;100;288;100;88;88;0;0.000;3.334;0.000;0.000;19.700;1.340;0.0;0.0;0;14;4.635;4.837;0.0;0;0;0;0.0;0;0;0;0;60;99;0;0;4062;0.00;0;0;0;0;0;0;0;0;0;0;0;0;0;0;0;0;14;0;99.0;99.0;0;0;0.00;0.00;0.00;0.0;0.0
0.932;171;0;98;0;0.0;15.400;1.048;39;38;0;0;100;100;100;137;100;288;100;88;88;0;0.000;3.334;0.000;0.000;19.700;1.340;0.0;0.0;0;15;4.635;4.837;0.0;0;0;0;-0.1;0;0;0;0;60;99;0;0;4062;0.00;0;0;0;0;0;0;0;0;0;0;0;0;0;0;0;0;15;0;98.0;98.0;0;0;0.00;0.00;0.00;0.0;0.0
1.002;171;0;98;0;0.0;15.400;1.048;39;38;0;0;100;100;100;137;100;288;100;88;88;0;0.000;3.334;0.000;0.000;19.700;1.340;0.0;0.0;0;15;4.635;4.837;0.0;0;0;0;-0.1;0;0;0;0;60;99;0;0;4062;0.00;0;0;0;0;0;0;0;0;0;0;0;0;0;0;0;0;15;0;98.0;98.0;0;0;0.00;0.00;0.00;0.0;0.0
1.067;171;0;98;0;0.0;15.400;1.048;39;38;0;0;100;100;100;137;100;288;100;88;88;0;0.000;3.334;0.000;0.000;19.700;1.340;0.0;0.0;0;15;4.635;4.837;0.0;0;0;0;-0.1;0;0;0;0;60;99;0;0;4062;0.00;0;0;0;0;0;0;0;0;0;0;0;0;0;0;0;0;15;0;98.0;98.0;0;0;0.00;0.00;0.00;0.0;0.0
1.133;171;0;98;0;0.0;15.400;1.048;39;38;0;0;100;100;100;137;100;288;100;88;88;0;0.000;3.334;0.000;0.000;19.700;1.340;0.0;0.0;0;15;4.635;4.837;0.0;0;0;0;-0.1;0;0;0;0;60;99;0;0;4062;0.00;0;0;0;0;0;0;0;0;0;0;0;0;0;0;0;0;15;0;98.0;98.0;0;0;0.00;0.00;0.00;0.0;0.0
1.133;171;0;99;0;0.0;15.400;1.048;39;38;0;0;100;100;100;137;100;288;100;88;88;0;0.000;3.334;0.000;0.000;19.700;1.340;0.0;0.0;0;14;4.635;4.837;0.0;0;0;0;0.0;0;0;0;0;60;99;0;0;4062;0.00;0;0;0;0;0;0;0;0;0;0;0;0;0;0;0;0;14;0;99.0;99.0;0;0;0.00;0.00;0.00;0.0;0.0
1.264;172;0;99;0;0.0;15.400;1.048;39;38;0;0;100;100;100;137;100;288;100;88;88;0;0.000;3.334;0.000;0.000;19.700;1.340;0.0;0.0;0;14;4.635;4.837;0.0;0;0;0;0.1;0;0;0;0;60;98;0;0;4062;0.00;0;0;0;0;0;0;0;0;0;0;0;0;0;0;0;0;14;0;99.0;99.0;0;0;0.00;0.00;0.00;0.0;0.0
1.264;172;0;99;0;0.0;15.400;1.048;39;38;0;0;100;100;100;137;100;288;100;88;88;0;0.000;3.334;0.000;0.000;19.700;1.340;0.0;0.0;0;14;4.635;4.837;0.0;0;0;0;0.1;0;0;0;0;60;98;0;0;4062;0.00;0;0;0;0;0;0;0;0;0;0;0;0;0;0;0;0;14;0;99.0;99.0;0;0;0.00;0.00;0.00;0.0;0.0
1.399;172;0;99;0;0.0;15.400;1.048;39;38;0;0;100;100;100;137;100;288;100;88;88;0;0.000;3.334;0.000;0.000;19.700;1.340;0.0;0.0;0;14;4.635;4.837;0.0;0;0;0;0.1;0;0;0;0;60;98;0;0;4062;0.00;0;0;0;0;0;0;0;0;0;0;0;0;0;0;0;0;14;0;99.0;99.0;0;0;0.00;0.00;0.00;0.0;0.0
1.399;172;0;99;0;0.0;15.400;1.048;39;38;0;0;100;100;100;137;100;288;100;88;88;0;0.000;3.334;0.000;0.000;19.700;1.340;0.0;0.0;0;14;4.635;4.837;0.0;0;0;0;0.1;0;0;0;0;60;98;0;0;4062;0.00;0;0;0;0;0;0;0;0;0;0;0;0;0;0;0;0;14;0;99.0;99.0;0;0;0.00;0.00;0.00;0.0;0.0
1.530;172;0;98;0;0.0;15.400;1.048;39;38;0;0;100;100;100;137;100;288;100;88;88;0;0.000;3.334;0.000;0.000;19.700;1.340;0.0;0.0;0;15;4.635;4.837;0.0;0;0;0;0.0;0;0;0;0;60;98;0;0;4062;0.00;0;0;0;0;0;0;0;0;0;0;0;0;0;0;0;0;15;0;98.0;98.0;0;0;0.00;0.00;0.00;0.0;0.0
1.596;172;0;98;0;0.0;15.400;1.048;39;38;0;0;100;100;100;137;100;288;100;88;88;0;0.000;3.334;0.000;0.000;19.700;1.340;0.0;0.0;0;15;4.635;4.837;0.0;0;0;0;0.0;0;0;0;0;60;98;0;0;4062;0.00;0;0;0;0;0;0;0;0;0;0;0;0;0;0;0;0;15;0;98.0;98.0;0;0;0.00;0.00;0.00;0.0;0.0
1.665;172;0;98;0;0.0;15.400;1.048;39;38;0;0;100;100;100;137;100;288;100;88;88;0;0.000;3.334;0.000;0.000;19.700;1.340;0.0;0.0;0;15;4.635;4.837;0.0;0;0;0;0.0;0;0;0;0;60;98;0;0;4062;0.00;0;0;0;0;0;0;0;0;0;0;0;0;0;0;0;0;15;0;98.0;98.0;0;0;0.00;0.00;0.00;0.0;0.0
1.731;172;0;98;0;0.0;15.400;1.048;39;38;0;0;100;100;100;137;100;288;100;88;88;0;0.000;3.334;0.000;0.000;19.700;1.340;0.0;0.0;0;15;4.635;4.837;0.0;0;0;0;0.0;0;0;0;0;60;98;0;0;4062;0.00;0;0;0;0;0;0;0;0;0;0;0;0;0;0;0;0;15;0;98.0;98.0;0;0;0.00;0.00;0.00;0.0;0.0
1.731;172;0;99;0;0.0;15.400;1.048;39;38;0;0;100;100;100;137;100;288;100;88;88;0;0.000;3.334;0.000;0.000;19.700;1.340;0.0;0.0;0;14;4.635;4.837;0.0;0;0;0;0.1;0;0;0;0;60;98;0;0;4062;0.00;0;0;0;0;0;0;0;0;0;0;0;0;0;0;0;0;14;0;99.0;99.0;0;0;0.00;0.00;0.00;0.0;0.0
1.866;172;0;99;0;0.0;15.400;1.048;39;38;0;0;100;100;100;137;100;288;100;88;88;0;0.000;3.334;0.000;0.000;19.700;1.340;0.0;0.0;0;14;4.635;4.837;0.0;0;0;0;0.1;0;0;0;0;60;98;0;0;4062;0.00;0;0;0;0;0;0;0;0;0;0;0;0;0;0;0;0;14;0;99.0;99.0;0;0;0.00;0.00;0.00;0.0;0.0
1.932;172;0;99;0;0.0;15.400;1.048;39;38;0;0;100;100;100;137;100;288;100;88;88;0;0.000;3.334;0.000;0.000;19.700;1.340;0.0;0.0;0;14;4.635;4.837;0.0;0;0;0;0.1;0;0;0;0;60;98;0;0;4062;0.00;0;0;0;0;0;0;0;0;0;0;0;0;0;0;0;0;14;0;99.0;99.0;0;0;0.00;0.00;0.00;0.0;0.0
1.997;172;0;98;0;0.0;15.400;1.048;39;38;0;0;100;100;100;137;100;288;100;88;88;0;0.000;3.334;0.000;0.000;19.700;1.340;0.0;0.0;0;15;4.635;4.837;0.0;0;0;0;0.0;0;0;0;0;60;98;0;0;4062;0.00;0;0;0;0;0;0;0;0;0;0;0;0;0;0;0;0;15;0;98.0;98.0;0;0;0.00;0.00;0.00;0.0;0.0
2.063;172;0;98;0;0.0;15.400;1.048;39;38;0;0;100;100;100;137;100;288;100;88;88;0;0.000;3.334;0.000;0.000;19.700;1.340;0.0;0.0;0;15;4.635;4.837;0.0;0;0;0;0.0;0;0;0;0;60;98;0;0;4062;0.00;0;0;0;0;0;0;0;0;0;0;0;0;0;0;0;0;15;0;98.0;98.0;0;0;0.00;0.00;0.00;0.0;0.0
2.132;172;0;98;0;0.0;15.400;1.048;39;38;0;0;100;100;100;137;100;288;100;88;88;0;0.000;3.334;0.000;0.000;19.700;1.340;0.0;0.0;0;15;4.635;4.837;0.0;0;0;0;0.0;0;0;0;0;60;98;0;0;4062;0.00;0;0;0;0;0;0;0;0;0;0;0;0;0;0;0;0;15;0;98.0;98.0;0;0;0.00;0.00;0.00;0.0;0.0
2.198;172;0;99;0;0.0;15.400;1.048;39;38;0;0;100;100;100;137;100;288;100;88;88;0;0.000;3.334;0.000;0.000;19.700;1.340;0.0;0.0;0;14;4.635;4.837;0.0;0;0;0;0.1;0;0;0;0;60;98;0;0;4062;0.00;0;0;0;0;0;0;0;0;0;0;0;0;0;0;0;0;14;0;99.0;99.0;0;0;0.00;0.00;0.00;0.0;0.0
2.264;172;0;99;0;0.0;15.400;1.048;39;38;0;0;100;100;100;137;100;288;100;88;88;0;0.000;3.334;0.000;0.000;19.700;1.340;0.0;0.0;0;14;4.635;4.837;0.0;0;0;0;0.1;0;0;0;0;60;98;0;0;4062;0.00;0;0;0;0;0;0;0;0;0;0;0;0;0;0;0;0;14;0;99.0;99.0;0;0;0.00;0.00;0.00;0.0;0.0
2.264;173;0;98;0;0.0;15.400;1.048;39;38;0;0;100;100;100;137;100;288;100;88;88;0;0.000;3.334;0.000;0.000;19.700;1.340;0.0;0.0;0;15;4.635;4.837;0.0;0;0;0;-0.1;0;0;0;0;60;99;0;0;4051;0.00;0;0;0;0;0;0;0;0;0;0;0;0;0;0;0;0;15;0;98.0;98.0;0;0;0.00;0.00;0.00;0.0;0.0
2.400;173;0;98;0;0.0;15.400;1.048;39;38;0;0;100;100;100;137;100;288;100;88;88;0;0.000;3.334;0.000;0.000;19.700;1.340;0.0;0.0;0;15;4.635;4.837;0.0;0;0;0;-0.1;0;0;0;0;60;99;0;0;4051;0.00;0;0;0;0;0;0;0;0;0;0;0;0;0;0;0;0;15;0;98.0;98.0;0;0;0.00;0.00;0.00;0.0;0.0
2.464;173;0;98;0;0.0;15.400;1.048;39;38;0;0;100;100;100;137;100;288;100;88;88;0;0.000;3.334;0.000;0.000;19.700;1.340;0.0;0.0;0;15;4.635;4.837;0.0;0;0;0;-0.1;0;0;0;0;60;99;0;0;4051;0.00;0;0;0;0;0;0;0;0;0;0;0;0;0;0;0;0;15;0;98.0;98.0;0;0;0.00;0.00;0.00;0.0;0.0
2.530;173;0;98;0;0.0;15.300;1.041;39;38;0;0;100;100;100;137;100;288;100;88;88;0;0.000;3.334;0.000;0.000;19.700;1.340;0.0;0.0;0;15;4.635;4.837;0.0;0;0;0;-0.1;0;0;0;0;60;99;0;0;4051;0.00;0;0;0;0;0;0;0;0;0;0;0;0;0;0;0;0;15;0;98.0;98.0;0;0;0.00;0.00;0.00;0.0;0.0
2.599;173;0;99;0;0.0;15.200;1.034;39;38;0;0;100;100;100;137;100;288;100;88;88;0;0.000;3.334;0.000;0.000;19.700;1.340;0.0;0.0;0;14;4.635;4.837;0.0;0;0;0;0.0;0;0;0;0;60;99;0;0;4051;0.00;0;0;0;0;0;0;0;0;0;0;0;0;0;0;0;0;14;0;99.0;99.0;0;0;0.00;0.00;0.00;0.0;0.0
2.665;173;0;99;0;0.0;15.100;1.027;39;38;0;0;100;100;100;137;100;288;100;88;88;0;0.000;3.334;0.000;0.000;19.700;1.340;0.0;0.0;0;14;4.635;4.837;0.0;0;0;0;0.0;0;0;0;0;60;99;0;0;4051;0.00;0;0;0;0;0;0;0;0;0;0;0;0;0;0;0;0;14;0;99.0;99.0;0;0;0.00;0.00;0.00;0.0;0.0
2.731;173;0;99;0;0.0;15.100;1.027;39;38;0;0;100;100;100;137;100;288;100;88;88;0;0.000;3.334;0.000;0.000;19.700;1.340;0.0;0.0;0;14;4.635;4.837;0.0;0;0;0;0.0;0;0;0;0;60;99;0;0;4051;0.00;0;0;0;0;0;0;0;0;0;0;0;0;0;0;0;0;14;0;99.0;99.0;0;0;0.00;0.00;0.00;0.0;0.0
2.796;173;0;98;0;0.0;15.100;1.027;39;38;0;0;100;100;100;137;100;288;100;88;88;0;0.000;3.334;0.000;0.000;19.700;1.340;0.0;0.0;0;15;4.635;4.837;0.0;0;0;0;-0.1;0;0;0;0;60;99;0;0;4051;0.00;0;0;0;0;0;0;0;0;0;0;0;0;0;0;0;0;15;0;98.0;98.0;0;0;0.00;0.00;0.00;0.0;0.0
2.865;173;0;99;0;0.0;15.100;1.027;39;38;0;0;100;100;100;137;100;288;100;88;88;0;0.000;3.334;0.000;0.000;19.700;1.340;0.0;0.0;0;14;4.635;4.837;0.0;0;0;0;0.0;0;0;0;0;60;99;0;0;4051;0.00;0;0;0;0;0;0;0;0;0;0;0;0;0;0;0;0;14;0;99.0;99.0;0;0;0.00;0.00;0.00;0.0;0.0
2.931;173;0;99;0;0.0;15.100;1.027;39;38;0;0;100;100;100;137;100;288;100;88;88;0;0.000;3.334;0.000;0.000;19.700;1.340;0.0;0.0;0;14;4.635;4.837;0.0;0;0;0;0.0;0;0;0;0;60;99;0;0;4051;0.00;0;0;0;0;0;0;0;0;0;0;0;0;0;0;0;0;14;0;99.0;99.0;0;0;0.00;0.00;0.00;0.0;0.0
2.997;173;0;99;0;0.0;15.100;1.027;39;38;0;0;100;100;100;137;100;288;100;88;88;0;0.000;3.334;0.000;0.000;19.700;1.340;0.0;0.0;0;14;4.635;4.837;0.0;0;0;0;0.0;0;0;0;0;60;99;0;0;4051;0.00;0;0;0;0;0;0;0;0;0;0;0;0;0;0;0;0;14;0;99.0;99.0;0;0;0.00;0.00;0.00;0.0;0.0
3.062;173;0;98;0;0.0;15.100;1.027;39;38;0;0;100;100;100;137;100;288;100;88;88;0;0.000;3.334;0.000;0.000;19.700;1.340;0.0;0.0;0;15;4.635;4.837;0.0;0;0;0;-0.1;0;0;0;0;60;99;0;0;4051;0.00;0;0;0;0;0;0;0;0;0;0;0;0;0;0;0;0;15;0;98.0;98.0;0;0;0.00;0.00;0.00;0.0;0.0
3.128;173;0;99;0;0.0;15.100;1.027;39;38;0;0;100;100;100;137;100;288;100;88;88;0;0.000;3.334;0.000;0.000;19.700;1.340;0.0;0.0;0;14;4.635;4.837;0.0;0;0;0;0.0;0;0;0;0;60;99;0;0;4051;0.00;0;0;0;0;0;0;0;0;0;0;0;0;0;0;0;0;14;0;99.0;99.0;0;0;0.00;0.00;0.00;0.0;0.0
3.197;173;0;98;0;0.0;15.100;1.027;39;38;0;0;100;100;100;137;100;288;100;88;88;0;0.000;3.334;0.000;0.000;19.700;1.340;0.0;0.0;0;15;4.635;4.837;0.0;0;0;0;-0.1;0;0;0;0;60;99;0;0;4051;0.00;0;0;0;0;0;0;0;0;0;0;0;0;0;0;0;0;15;0;98.0;98.0;0;0;0.00;0.00;0.00;0.0;0.0
3.267;173;0;98;0;0.0;15.100;1.027;39;38;0;0;100;100;100;137;100;288;100;88;88;0;0.000;3.334;0.000;0.000;19.700;1.340;0.0;0.0;0;15;4.635;4.837;0.0;0;0;0;-0.1;0;0;0;0;60;99;0;0;4051;0.00;0;0;0;0;0;0;0;0;0;0;0;0;0;0;0;0;15;0;98.0;98.0;0;0;0.00;0.00;0.00;0.0;0.0
3.332;174;0;99;0;0.0;15.100;1.027;39;38;0;0;100;100;100;137;100;288;100;88;88;0;0.000;3.334;0.000;0.000;19.700;1.340;0.0;0.0;0;14;4.635;4.837;0.0;0;0;0;0.1;0;0;0;0;60;98;0;0;4060;0.00;0;0;0;0;0;0;0;0;0;0;0;0;0;0;0;0;14;0;99.0;99.0;0;0;0.00;0.00;0.00;0.0;0.0
3.398;174;0;98;0;0.0;15.100;1.027;39;38;0;0;100;100;100;137;100;288;100;88;88;0;0.000;3.334;0.000;0.000;19.700;1.340;0.0;0.0;0;15;4.635;4.837;0.0;0;0;0;0.0;0;0;0;0;60;98;0;0;4060;0.00;0;0;0;0;0;0;0;0;0;0;0;0;0;0;0;0;15;0;98.0;98.0;0;0;0.00;0.00;0.00;0.0;0.0
3.464;174;0;98;0;0.0;15.100;1.027;39;38;0;0;100;100;100;137;100;288;100;88;88;0;0.000;3.334;0.000;0.000;19.700;1.340;0.0;0.0;0;15;4.635;4.837;0.0;0;0;0;0.0;0;0;0;0;60;98;0;0;4060;0.00;0;0;0;0;0;0;0;0;0;0;0;0;0;0;0;0;15;0;98.0;98.0;0;0;0.00;0.00;0.00;0.0;0.0
3.529;174;0;98;0;0.0;15.100;1.027;39;38;0;0;100;100;100;137;100;288;100;88;88;0;0.000;3.334;0.000;0.000;19.700;1.340;0.0;0.0;0;15;4.635;4.837;0.0;0;0;0;0.0;0;0;0;0;60;98;0;0;4060;0.00;0;0;0;0;0;0;0;0;0;0;0;0;0;0;0;0;15;0;98.0;98.0;0;0;0.00;0.00;0.00;0.0;0.0
3.598;174;0;98;0;0.0;15.100;1.027;39;38;0;0;100;100;100;137;100;288;100;88;88;0;0.000;3.334;0.000;0.000;19.700;1.340;0.0;0.0;0;15;4.635;4.837;0.0;0;0;0;0.0;0;0;0;0;60;98;0;0;4060;0.00;0;0;0;0;0;0;0;0;0;0;0;0;0;0;0;0;15;0;98.0;98.0;0;0;0.00;0.00;0.00;0.0;0.0
3.665;174;0;98;0;0.0;15.100;1.027;39;38;0;0;100;100;100;137;100;288;100;88;88;0;0.000;3.334;0.000;0.000;19.700;1.340;0.0;0.0;0;15;4.635;4.837;0.0;0;0;0;0.0;0;0;0;0;60;98;0;0;4060;0.00;0;0;0;0;0;0;0;0;0;0;0;0;0;0;0;0;15;0;98.0;98.0;0;0;0.00;0.00;0.00;0.0;0.0
3.730;174;0;98;0;0.0;15.100;1.027;39;38;0;0;100;100;100;137;100;288;100;88;88;0;0.000;3.334;0.000;0.000;19.700;1.340;0.0;0.0;0;15;4.635;4.837;0.0;0;0;0;0.0;0;0;0;0;60;98;0;0;4060;0.00;0;0;0;0;0;0;0;0;0;0;0;0;0;0;0;0;15;0;98.0;98.0;0;0;0.00;0.00;0.00;0.0;0.0
3.799;174;0;99;0;0.0;15.100;1.027;39;38;0;0;100;100;100;137;100;288;100;88;88;0;0.000;3.334;0.000;0.000;19.700;1.340;0.0;0.0;0;14;4.635;4.837;0.0;0;0;0;0.1;0;0;0;0;60;98;0;0;4060;0.00;0;0;0;0;0;0;0;0;0;0;0;0;0;0;0;0;14;0;99.0;99.0;0;0;0.00;0.00;0.00;0.0;0.0
3.865;174;0;98;0;0.0;15.100;1.027;39;38;0;0;100;100;100;137;100;288;100;88;88;0;0.000;3.334;0.000;0.000;19.700;1.340;0.0;0.0;0;15;4.635;4.837;0.0;0;0;0;0.0;0;0;0;0;60;98;0;0;4060;0.00;0;0;0;0;0;0;0;0;0;0;0;0;0;0;0;0;15;0;98.0;98.0;0;0;0.00;0.00;0.00;0.0;0.0
3.931;174;0;98;0;0.0;15.100;1.027;39;38;0;0;100;100;100;137;100;288;100;88;88;0;0.000;3.334;0.000;0.000;19.700;1.340;0.0;0.0;0;15;4.635;4.837;0.0;0;0;0;0.0;0;0;0;0;60;98;0;0;4060;0.00;0;0;0;0;0;0;0;0;0;0;0;0;0;0;0;0;15;0;98.0;98.0;0;0;0.00;0.00;0.00;0.0;0.0
3.996;174;0;99;0;0.0;15.100;1.027;39;38;0;0;100;100;100;137;100;288;100;88;88;0;0.000;3.334;0.000;0.000;19.700;1.340;0.0;0.0;0;14;4.635;4.837;0.0;0;0;0;0.1;0;0;0;0;60;98;0;0;4060;0.00;0;0;0;0;0;0;0;0;0;0;0;0;0;0;0;0;14;0;99.0;99.0;0;0;0.00;0.00;0.00;0.0;0.0
4.062;174;0;98;0;0.0;15.100;1.027;39;38;0;0;100;100;100;137;100;288;100;88;88;0;0.000;3.334;0.000;0.000;19.700;1.340;0.0;0.0;0;15;4.635;4.837;0.0;0;0;0;0.0;0;0;0;0;60;98;0;0;4060;0.00;0;0;0;0;0;0;0;0;0;0;0;0;0;0;0;0;15;0;98.0;98.0;0;0;0.00;0.00;0.00;0.0;0.0
4.131;174;0;99;0;0.0;15.100;1.027;39;38;0;0;100;100;100;137;100;288;100;88;88;0;0.000;3.334;0.000;0.000;19.700;1.340;0.0;0.0;0;14;4.635;4.837;0.0;0;0;0;0.1;0;0;0;0;60;98;0;0;4060;0.00;0;0;0;0;0;0;0;0;0;0;0;0;0;0;0;0;14;0;99.0;99.0;0;0;0.00;0.00;0.00;0.0;0.0
4.197;174;0;98;0;0.0;15.100;1.027;39;38;0;0;100;100;100;137;100;288;100;88;88;0;0.000;3.334;0.000;0.000;19.700;1.340;0.0;0.0;0;15;4.635;4.837;0.0;0;0;0;0.0;0;0;0;0;60;98;0;0;4060;0.00;0;0;0;0;0;0;0;0;0;0;0;0;0;0;0;0;15;0;98.0;98.0;0;0;0.00;0.00;0.00;0.0;0.0
4.262;174;0;98;0;0.0;15.100;1.027;39;38;0;0;100;100;100;137;100;288;100;88;88;0;0.000;3.334;0.000;0.000;19.700;1.340;0.0;0.0;0;15;4.635;4.837;0.0;0;0;0;0.0;0;0;0;0;60;98;0;0;4060;0.00;0;0;0;0;0;0;0;0;0;0;0;0;0;0;0;0;15;0;98.0;98.0;0;0;0.00;0.00;0.00;0.0;0.0
4.328;175;0;98;0;0.0;15.100;1.027;39;38;0;0;100;100;100;137;100;288;100;88;88;0;0.000;3.334;0.000;0.000;19.700;1.340;0.0;0.0;0;15;4.635;4.837;0.0;0;0;0;-0.1;0;0;0;0;60;99;0;0;4056;0.00;0;0;0;0;0;0;0;0;0;0;0;0;0;0;0;0;15;0;98.0;98.0;0;0;0.00;0.00;0.00;0.0;0.0
4.397;175;0;99;0;0.0;15.100;1.027;39;38;0;0;100;100;100;137;100;288;100;88;88;0;0.000;3.334;0.000;0.000;19.700;1.340;0.0;0.0;0;14;4.635;4.837;0.0;0;0;0;0.0;0;0;0;0;60;99;0;0;4056;0.00;0;0;0;0;0;0;0;0;0;0;0;0;0;0;0;0;14;0;99.0;99.0;0;0;0.00;0.00;0.00;0.0;0.0
4.463;175;0;98;0;0.0;15.900;1.082;39;38;0;0;100;100;100;137;100;288;100;88;88;0;0.000;3.334;0.000;0.000;19.700;1.340;0.0;0.0;0;15;4.635;4.837;0.0;0;0;0;-0.1;0;0;0;0;60;99;0;0;4056;0.00;0;0;0;0;0;0;0;0;0;0;0;0;0;0;0;0;15;0;98.0;98.0;2;0;0.00;0.00;0.00;0.0;0.0
4.463;175;0;98;0;0.0;17.200;1.170;39;38;0;0;100;100;100;137;100;288;100;88;88;0;0.000;3.334;0.000;0.000;19.700;1.340;0.0;0.0;0;15;4.635;4.837;0.0;0;0;0;-0.1;0;0;0;0;60;99;0;0;4056;0.00;0;0;0;0;0;0;0;0;0;0;0;0;0;0;0;0;15;0;98.0;98.0;2;0;0.00;0.00;0.00;0.0;0.0
4.598;175;0;98;0;0.0;17.800;1.211;39;38;0;0;100;100;100;137;100;288;100;88;88;0;0.000;3.334;0.000;0.000;19.700;1.340;0.0;0.0;0;15;4.635;4.837;4.9;0;0;0;-0.1;0;0;0;0;0;99;0;0;4056;0.00;0;0;0;0;0;0;0;0;0;0;0;0;0;0;0;0;15;0;98.0;98.0;2;0;0.00;0.00;0.00;0.0;0.0
4.663;175;0;98;0;0.0;17.400;1.184;39;38;0;0;100;100;100;137;100;288;100;88;88;0;0.000;3.334;0.000;0.000;19.700;1.340;0.0;0.0;0;15;4.635;4.837;4.9;0;0;0;-0.1;0;0;0;0;0;99;0;0;4056;0.00;0;0;0;0;0;0;0;0;0;0;0;0;0;0;0;0;15;0;98.0;98.0;2;0;0.00;0.00;0.00;0.0;0.0
4.731;175;0;98;0;0.0;17.100;1.163;39;38;0;0;100;100;100;137;100;288;100;88;88;0;0.000;3.334;0.000;0.000;19.700;1.340;0.0;0.0;0;15;4.635;4.837;4.9;0;0;0;-0.1;0;0;0;0;0;99;0;0;4056;0.00;0;0;0;0;0;0;0;0;0;0;0;0;0;0;0;0;15;0;98.0;98.0;2;0;0.00;0.00;0.00;0.0;0.0
4.798;175;0;99;0;0.0;17.000;1.156;39;38;0;0;100;100;100;137;100;288;100;88;88;0;0.000;3.334;0.000;0.000;19.700;1.340;0.0;0.0;0;14;4.635;4.837;4.9;0;0;0;0.0;0;0;0;0;0;99;0;0;4056;0.00;0;0;0;0;0;0;0;0;0;0;0;0;0;0;0;0;14;0;99.0;99.0;2;0;0.00;0.00;0.00;0.0;0.0
4.864;175;0;98;0;0.0;17.000;1.156;39;38;0;0;100;100;100;137;100;288;100;88;88;0;0.000;3.334;0.000;0.000;19.700;1.340;0.0;0.0;0;15;4.635;4.837;7.5;0;0;0;-0.1;0;0;0;0;0;99;0;0;4056;0.00;0;0;0;0;0;0;0;0;0;0;0;0;0;0;0;0;15;0;98.0;98.0;2;0;0.00;0.00;0.00;0.0;0.0
4.864;175;0;99;0;0.0;16.900;1.150;39;38;0;0;100;100;100;137;100;288;100;88;88;0;0.000;3.334;0.000;0.000;19.700;1.340;0.0;0.0;0;14;4.635;4.837;7.5;0;0;0;0.0;0;0;0;0;0;99;0;0;4056;0.00;0;0;0;0;0;0;0;0;0;0;0;0;0;0;0;0;14;0;99.0;99.0;2;0;0.00;0.00;0.00;0.0;0.0
5.000;175;0;98;0;0.0;16.800;1.143;39;38;0;0;100;100;100;137;100;288;100;88;88;0;0.000;3.334;0.000;0.000;19.700;1.340;0.0;0.0;0;15;4.635;4.837;7.5;0;0;0;-0.1;0;0;0;0;0;99;0;0;4056;0.00;0;0;0;0;0;0;0;0;0;0;0;0;0;0;0;0;15;0;98.0;98.0;2;0;0.00;0.00;0.00;0.0;0.0
5.065;175;0;98;0;0.0;16.700;1.136;39;38;0;0;100;100;100;137;100;288;100;88;88;0;0.000;3.334;0.000;0.000;19.700;1.340;0.0;0.0;0;15;4.635;4.837;7.5;0;0;0;-0.1;0;0;0;0;0;99;0;0;4056;0.00;0;0;0;0;0;0;0;0;0;0;0;0;0;0;0;0;15;0;98.0;98.0;2;0;0.00;0.00;0.00;0.0;0.0
5.130;175;0;98;0;0.0;16.600;1.129;39;38;0;0;100;100;100;137;100;288;100;88;88;0;0.000;3.334;0.000;0.000;19.700;1.340;0.0;0.0;0;15;4.635;4.837;8.8;0;0;0;-0.1;0;0;0;0;0;99;0;0;4056;0.00;0;0;0;0;0;0;0;0;0;0;0;0;0;0;0;0;15;0;98.0;98.0;2;0;0.00;0.00;0.00;0.0;0.0
5.196;175;0;98;0;0.0;16.500;1.122;39;38;0;0;100;100;100;137;100;288;100;88;88;0;0.000;3.334;0.000;0.000;19.700;1.340;0.0;0.0;0;15;4.635;4.837;8.8;0;0;0;-0.1;0;0;0;0;0;99;0;0;4056;0.00;0;0;0;0;0;0;0;0;0;0;0;0;0;0;0;0;15;0;98.0;98.0;2;0;0.00;0.00;0.00;0.0;0.0
5.262;175;0;98;0;0.0;16.400;1.116;39;38;0;0;100;100;100;137;100;288;100;88;88;0;0.000;3.334;0.000;0.000;19.700;1.340;0.0;0.0;0;15;4.635;4.837;8.8;0;0;0;-0.1;0;0;0;0;0;99;0;0;4056;0.00;0;0;0;0;0;0;0;0;0;0;0;0;0;0;0;0;15;0;98.0;98.0;2;0;0.00;0.00;0.00;0.0;0.0
5.331;176;0;98;0;0.0;16.300;1.109;39;38;0;0;100;100;100;137;100;288;100;88;88;0;0.000;3.334;0.000;0.000;19.700;1.340;0.0;0.0;0;15;4.635;4.837;9.5;0;0;0;-0.1;0;0;0;0;0;99;0;0;8968;0.00;0;0;0;0;0;0;0;0;0;0;0;0;0;0;0;0;15;0;98.0;98.0;2;0;0.00;0.00;0.00;0.0;0.0
5.397;176;0;98;0;0.0;16.300;1.109;39;38;0;0;100;100;100;137;100;288;100;88;88;0;0.000;3.334;0.000;0.000;19.700;1.340;0.0;0.0;0;15;4.635;4.837;9.5;0;0;0;-0.1;0;0;0;0;0;99;0;0;8968;0.00;0;0;0;0;0;0;0;0;0;0;0;0;0;0;0;0;15;0;98.0;98.0;0;0;0.00;0.00;0.00;0.0;0.0
5.462;176;0;98;0;0.0;16.300;1.109;39;38;0;0;100;100;100;137;100;288;100;88;88;0;0.000;3.334;0.000;0.000;19.700;1.340;0.0;0.0;0;15;4.635;4.837;9.5;0;0;0;-0.1;0;0;0;0;0;99;0;0;8968;0.00;0;0;0;0;0;0;0;0;0;0;0;0;0;0;0;0;15;0;98.0;98.0;0;0;0.00;0.00;0.00;0.0;0.0
5.532;176;0;99;0;0.0;16.700;1.136;39;38;0;0;100;100;100;137;100;288;100;88;88;0;0.000;3.334;0.000;0.000;19.700;1.340;0.0;0.0;0;14;4.635;4.837;9.5;0;0;0;0.0;0;0;0;0;0;99;0;0;8968;0.00;0;0;0;0;0;0;0;0;0;0;0;0;0;0;0;0;14;0;99.0;99.0;0;0;0.00;0.00;0.00;0.0;0.0
5.532;176;0;98;0;0.0;18.000;1.224;39;38;0;0;100;100;100;137;100;288;100;88;88;0;0.000;3.334;0.000;0.000;19.700;1.340;0.0;0.0;0;15;4.635;4.837;10.2;0;0;0;-0.1;0;0;0;0;0;99;0;0;8968;0.00;0;0;0;0;0;0;0;0;0;0;0;0;0;0;0;0;15;0;98.0;98.0;0;0;0.00;0.00;0.00;0.0;0.0
5.663;176;0;98;0;0.0;19.000;1.293;39;38;0;0;100;100;100;137;100;288;100;88;88;0;0.000;3.334;0.000;0.000;19.700;1.340;0.0;0.0;0;15;4.635;4.837;10.2;0;0;0;-0.1;0;0;0;0;0;99;0;0;8968;0.00;0;0;0;0;0;0;0;0;0;0;0;0;0;0;0;0;15;0;98.0;98.0;0;0;0.00;0.00;0.00;0.0;0.0
5.728;176;0;98;0;0.0;19.200;1.306;39;38;0;0;100;100;100;137;100;288;100;88;88;0;0.000;3.334;0.000;0.000;19.700;1.340;0.0;0.0;0;15;4.635;4.837;10.2;0;0;0;-0.1;0;0;0;0;0;99;0;0;8968;0.00;0;0;0;0;0;0;0;0;0;0;0;0;0;0;0;0;15;0;98.0;98.0;0;0;0.00;0.00;0.00;0.0;0.0
5.728;176;0;98;0;0.0;19.300;1.313;39;38;0;0;100;100;100;137;100;288;100;88;88;0;0.000;3.334;0.000;0.000;19.700;1.340;0.0;0.0;0;15;4.635;4.837;10.2;0;0;0;-0.1;0;0;0;0;54;99;0;0;8968;0.00;0;0;0;0;0;0;0;0;0;0;0;0;0;0;0;0;15;0;98.0;98.0;0;0;0.00;0.00;0.00;0.0;0.0
5.864;176;0;98;0;0.0;19.300;1.313;39;38;0;0;100;100;100;137;100;288;100;88;88;0;0.000;3.334;0.000;0.000;19.700;1.340;0.0;0.0;0;15;4.635;4.837;10.6;0;0;0;-0.1;0;0;0;0;54;99;0;0;8968;0.00;0;0;0;0;0;0;0;0;0;0;0;0;0;0;0;0;15;0;98.0;98.0;0;0;0.00;0.00;0.00;0.0;0.0
5.929;176;0;98;0;0.0;19.300;1.313;39;38;0;0;100;100;100;137;100;288;100;88;88;0;0.000;3.334;0.000;0.000;19.700;1.340;0.0;0.0;0;15;4.635;4.837;10.6;0;0;0;-0.1;0;0;0;0;54;99;0;0;8968;0.00;0;0;0;0;0;0;0;0;0;0;0;0;0;0;0;0;15;0;98.0;98.0;0;0;0.00;0.00;0.00;0.0;0.0
5.999;176;0;98;0;0.0;19.300;1.313;39;38;0;0;100;100;100;137;100;288;100;88;88;0;0.000;3.334;0.000;0.000;19.700;1.340;0.0;0.0;0;15;4.635;4.837;10.6;0;0;0;-0.1;0;0;0;0;54;99;0;0;8968;0.00;0;0;0;0;0;0;0;0;0;0;0;0;0;0;0;0;15;0;98.0;98.0;0;0;0.00;0.00;0.00;0.0;0.0
6.064;176;0;98;0;0.0;19.100;1.299;39;38;0;0;100;100;100;137;100;288;100;88;88;0;0.000;3.334;0.000;0.000;19.700;1.340;0.0;0.0;0;15;4.635;4.837;10.6;0;0;0;-0.1;0;0;0;0;54;99;0;0;8968;0.00;0;0;0;0;0;0;0;0;0;0;0;0;0;0;0;0;15;0;98.0;98.0;0;0;0.00;0.00;0.00;0.0;0.0
6.130;176;0;99;0;0.0;19.000;1.293;39;39;0;0;100;100;100;137;100;288;100;88;88;0;0.000;3.334;0.000;0.000;19.700;1.340;0.0;0.0;0;14;4.635;4.837;10.8;0;0;0;0.0;0;0;0;0;57;99;0;0;8968;0.00;0;0;0;0;0;0;0;0;0;0;0;0;0;0;0;0;14;0;99.0;99.0;0;0;0.00;0.00;0.00;0.0;0.0
6.196;176;0;98;0;0.0;19.000;1.293;39;39;0;0;100;100;100;137;100;288;100;88;88;0;0.000;3.334;0.000;0.000;19.700;1.340;0.0;0.0;0;15;4.635;4.837;10.8;0;0;0;-0.1;0;0;0;0;57;99;0;0;8968;0.00;0;0;0;0;0;0;0;0;0;0;0;0;0;0;0;0;15;0;98.0;98.0;0;0;0.00;0.00;0.00;0.0;0.0
6.265;176;0;98;0;0.0;19.000;1.293;39;39;0;0;100;100;100;137;100;288;100;88;88;0;0.000;3.334;0.000;0.000;19.700;1.340;0.0;0.0;0;15;4.635;4.837;10.8;0;0;0;-0.1;0;0;0;0;57;99;0;0;8968;0.00;0;0;0;0;0;0;0;0;0;0;0;0;0;0;0;0;15;0;98.0;98.0;0;0;0.00;0.00;0.00;0.0;0.0
6.265;176;0;98;0;0.0;19.000;1.293;39;39;0;0;100;100;100;137;100;288;100;88;88;0;0.000;3.334;0.000;0.000;19.700;1.340;0.0;0.0;0;15;4.635;4.837;10.8;0;0;0;-0.1;0;0;0;0;57;99;0;0;8968;0.00;0;0;0;0;0;0;0;0;0;0;0;0;0;0;0;0;15;0;98.0;98.0;0;0;0.00;0.00;0.00;0.0;0.0
6.397;177;0;98;0;0.0;18.800;1.279;39;39;0;0;100;100;100;137;100;288;100;88;88;0;0.000;3.334;0.000;0.000;19.700;1.340;0.0;0.0;0;15;4.635;4.837;11.0;0;0;0;0.0;0;0;0;0;57;98;0;0;4489;0.00;0;0;0;0;0;0;0;0;0;0;0;0;0;0;0;0;15;0;98.0;98.0;0;0;0.00;0.00;0.00;0.0;0.0
6.465;177;0;98;0;0.0;18.800;1.279;39;39;0;0;100;100;100;137;100;288;100;88;88;0;0.000;3.334;0.000;0.000;19.700;1.340;0.0;0.0;0;15;4.635;4.837;11.0;0;0;0;0.0;0;0;0;0;57;98;0;0;4489;0.00;0;0;0;0;0;0;0;0;0;0;0;0;0;0;0;0;15;0;98.0;98.0;0;0;0.00;0.00;0.00;0.0;0.0
6.532;177;0;98;0;0.0;18.600;1.265;39;39;0;0;100;100;100;137;100;288;100;88;88;0;0.000;3.334;0.000;0.000;19.700;1.340;0.0;0.0;0;15;4.635;4.837;11.0;0;0;0;0.0;0;0;0;0;57;98;0;0;4489;0.00;0;0;0;0;0;0;0;0;0;0;0;0;0;0;0;0;15;0;98.0;98.0;0;0;0.00;0.00;0.00;0.0;0.0
6.597;177;0;98;0;0.0;18.400;1.252;39;39;0;0;100;100;100;137;100;288;100;88;88;0;0.000;3.334;0.000;0.000;19.700;1.340;0.0;0.0;0;15;4.635;4.837;11.1;0;0;0;0.0;0;0;0;0;57;98;0;0;4489;0.00;0;0;0;0;0;0;0;0;0;0;0;0;0;0;0;0;15;0;98.0;98.0;0;0;0.00;0.00;0.00;0.0;0.0
6.662;177;0;98;0;0.0;18.400;1.252;39;39;0;0;100;100;100;137;100;288;100;88;88;0;0.000;3.334;0.000;0.000;19.700;1.340;0.0;0.0;0;15;4.635;4.837;11.1;0;0;0;0.0;0;0;0;0;57;98;0;0;4489;0.00;0;0;0;0;0;0;0;0;0;0;0;0;0;0;0;0;15;0;98.0;98.0;0;0;0.00;0.00;0.00;0.0;0.0
6.728;177;0;98;0;0.0;18.400;1.252;39;39;0;0;100;100;100;137;100;288;100;88;88;0;0.000;3.334;0.000;0.000;19.700;1.340;0.0;0.0;0;15;4.635;4.837;11.1;0;0;0;0.0;0;0;0;0;57;98;0;0;4489;0.00;0;0;0;0;0;0;0;0;0;0;0;0;0;0;0;0;15;0;98.0;98.0;0;0;0.00;0.00;0.00;0.0;0.0
6.797;177;0;98;0;0.0;18.200;1.238;39;39;0;0;100;100;100;137;100;288;100;88;88;0;0.000;3.334;0.000;0.000;19.700;1.340;0.0;0.0;0;15;4.635;4.837;11.1;0;0;0;0.0;0;0;0;0;57;98;0;0;4489;0.00;0;0;0;0;0;0;0;0;0;0;0;0;0;0;0;0;15;0;98.0;98.0;0;0;0.00;0.00;0.00;0.0;0.0
6.863;177;0;98;0;0.0;18.100;1.231;39;39;0;0;100;100;100;137;100;288;100;88;88;0;0.000;3.334;0.000;0.000;19.700;1.340;0.0;0.0;0;15;4.635;4.837;11.1;0;0;0;0.0;0;0;0;0;57;98;0;0;4489;0.00;0;0;0;0;0;0;0;0;0;0;0;0;0;0;0;0;15;0;98.0;98.0;0;0;0.00;0.00;0.00;0.0;0.0
6.929;177;0;98;0;0.0;18.100;1.231;39;39;0;0;100;100;100;137;100;288;100;88;88;0;0.000;3.334;0.000;0.000;19.700;1.340;0.0;0.0;0;15;4.635;4.837;11.1;0;0;0;0.0;0;0;0;0;57;98;0;0;4489;0.00;0;0;0;0;0;0;0;0;0;0;0;0;0;0;0;0;15;0;98.0;98.0;0;0;0.00;0.00;0.00;0.0;0.0
6.998;177;0;98;0;0.0;18.000;1.224;39;39;0;0;100;100;100;137;100;288;100;88;88;0;0.000;3.334;0.000;0.000;19.700;1.340;0.0;0.0;0;15;4.635;4.837;11.1;0;0;0;0.0;0;0;0;0;57;98;0;0;4489;0.00;0;0;0;0;0;0;0;0;0;0;0;0;0;0;0;0;15;0;98.0;98.0;0;0;0.00;0.00;0.00;0.0;0.0
7.064;177;0;98;0;0.0;17.900;1.218;39;39;0;0;100;100;100;137;100;288;100;88;88;0;0.000;3.334;0.000;0.000;19.700;1.340;0.0;0.0;0;15;4.635;4.837;11.1;0;0;0;0.0;0;0;0;0;57;98;0;0;4489;0.00;0;0;0;0;0;0;0;0;0;0;0;0;0;0;0;0;15;0;98.0;98.0;0;0;0.00;0.00;0.00;0.0;0.0
7.133;177;0;98;0;0.0;17.600;1.197;39;39;0;0;100;100;100;137;100;288;100;88;88;0;0.000;3.334;0.000;0.000;19.700;1.340;0.0;0.0;0;15;4.635;4.837;11.1;0;0;0;0.0;0;0;0;0;57;98;0;0;4489;0.00;0;0;0;0;0;0;0;0;0;0;0;0;0;0;0;0;15;0;98.0;98.0;0;0;0.00;0.00;0.00;0.0;0.0
7.133;177;0;98;0;0.0;17.200;1.170;39;39;0;0;100;100;100;137;100;288;100;88;88;0;0.000;3.334;0.000;0.000;19.700;1.340;0.0;0.0;0;15;4.635;4.837;11.1;0;0;0;0.0;0;0;0;0;57;98;0;0;4489;0.00;0;0;0;0;0;0;0;0;0;0;0;0;0;0;0;0;15;0;98.0;98.0;0;0;0.00;0.00;0.00;0.0;0.0
7.265;177;0;95;0;0.0;16.900;1.150;39;39;0;0;100;100;100;137;100;288;100;85;85;0;0.000;3.334;0.000;0.000;19.700;1.340;0.0;0.0;0;16;4.635;4.837;11.1;0;0;0;-0.4;0;0;0;0;57;98;0;0;4489;0.00;0;0;0;0;0;0;0;0;0;0;0;0;0;0;0;0;16;0;95.0;95.0;0;0;0.00;0.00;0.00;0.0;0.0
7.330;177;0;93;0;0.0;16.800;1.143;39;39;0;0;100;100;100;137;100;288;100;84;84;0;0.000;3.334;0.000;0.000;19.700;1.340;0.0;0.0;0;16;4.635;4.837;11.1;0;0;0;-0.7;0;0;0;0;57;98;0;0;4489;0.00;0;0;0;0;0;0;0;0;0;0;0;0;0;0;0;0;16;0;93.0;93.0;0;0;0.00;0.00;0.00;0.0;0.0
7.399;178;0;98;0;0.0;16.800;1.143;39;39;0;0;100;100;100;137;100;288;100;88;88;0;0.000;3.334;0.000;0.000;19.700;1.340;0.0;0.0;0;15;4.635;4.837;10.3;0;0;0;0.3;0;0;0;0;57;96;0;0;4103;0.00;0;0;0;0;0;0;0;0;0;0;0;0;0;0;0;0;15;0;98.0;98.0;2;0;0.00;0.00;0.00;0.0;0.0
7.465;178;0;83;0;0.0;16.800;1.143;39;39;0;0;100;100;100;137;100;288;100;74;74;0;0.000;3.334;0.000;0.000;19.700;1.340;0.0;0.0;0;18;4.635;4.837;10.3;0;0;0;-1.9;0;0;0;0;57;96;0;0;4103;0.00;0;0;0;0;0;0;0;0;0;0;0;0;0;0;0;0;18;0;83.0;83.0;2;0;0.00;0.00;0.00;0.0;0.0
7.531;178;0;96;0;0.0;16.800;1.143;39;39;0;0;100;100;100;137;100;288;100;87;87;0;0.000;3.334;0.000;0.000;19.700;1.340;0.0;0.0;0;16;4.635;4.837;10.3;0;0;0;0.0;0;0;0;0;57;96;0;0;4103;0.00;0;0;0;0;0;0;0;0;0;0;0;0;0;0;0;0;16;0;96.0;96.0;2;0;0.00;0.00;0.00;0.0;0.0
7.596;178;0;82;0;0.0;16.800;1.143;39;39;0;0;100;100;100;137;100;288;100;73;73;0;0.000;3.334;0.000;0.000;19.700;1.340;0.0;0.0;0;18;4.635;4.837;10.3;0;0;0;-2.0;0;0;0;0;57;96;0;0;4103;0.00;0;0;0;0;0;0;0;0;0;0;0;0;0;0;0;0;18;0;82.0;82.0;2;0;0.00;0.00;0.00;0.0;0.0
7.596;178;0;95;0;0.0;16.800;1.143;39;39;0;0;100;100;100;137;100;288;100;85;85;0;0.000;3.334;0.000;0.000;19.700;1.340;0.0;0.0;0;16;4.635;4.837;9.8;0;0;0;-0.1;0;0;0;0;57;96;0;0;4103;0.00;0;0;0;0;0;0;0;0;0;0;0;0;0;0;0;0;16;0;95.0;95.0;2;0;0.00;0.00;0.00;0.0;0.0
7.731;178;0;80;0;0.0;16.800;1.143;39;39;0;0;100;100;100;137;100;288;100;72;72;0;0.000;3.334;0.000;0.000;19.700;1.340;0.0;0.0;0;18;4.635;4.837;9.8;0;0;0;-2.3;0;0;0;0;57;96;0;0;4103;0.00;0;0;0;0;0;0;0;0;0;0;0;0;0;0;0;0;18;0;80.0;80.0;2;0;0.00;0.00;0.00;0.0;0.0
7.797;178;0;83;0;0.0;16.800;1.143;39;39;0;0;100;100;100;137;100;288;100;74;74;0;0.000;3.334;0.000;0.000;19.700;1.340;0.0;0.0;0;18;4.635;4.837;9.8;0;0;0;-1.9;0;0;0;0;57;96;0;0;4103;0.00;0;0;0;0;0;0;0;0;0;0;0;0;0;0;0;0;18;0;83.0;83.0;2;0;0.00;0.00;0.00;0.0;0.0
7.862;178;300;87;26100;0.0;16.800;1.143;39;39;10;0;100;100;100;136;100;286;100;78;78;0;6.191;6.191;0.000;0.000;16.800;1.143;6.2;0.0;0;12;4.725;4.837;9.8;0;0;0;-1.3;0;0;0;0;57;96;0;0;4103;820.60;0;0;0;0;0;0;0;0;0;0;0;0;0;0;0;0;12;0;87.0;87.0;2;0;0.00;0.00;0.00;0.0;0.0
7.932;178;300;87;26100;0.0;16.800;1.143;39;39;10;0;100;100;100;136;100;286;100;78;78;0;6.191;6.191;0.000;0.000;16.800;1.143;6.2;0.0;0;12;4.725;4.837;9.8;3000;0;0;-1.3;0;0;0;0;57;96;0;0;4103;820.60;0;0;0;0;0;0;0;0;0;0;0;0;0;0;0;0;12;0;87.0;87.0;2;0;0.00;0.00;0.00;0.0;0.0
7.997;178;290;87;25230;0.0;16.800;1.143;39;39;10;0;100;100;100;136;100;286;100;78;78;0;6.191;6.191;0.000;0.000;16.800;1.143;6.0;0.0;0;12;4.725;4.837;9.8;-100;0;0;-1.3;0;0;0;0;57;96;0;0;4103;848.90;0;0;0;0;0;0;0;0;0;0;0;0;0;0;0;0;12;0;87.0;87.0;2;0;0.00;0.00;0.00;0.0;0.0
8.063;178;290;82;23780;0.0;16.900;1.150;39;39;10;0;100;100;100;136;100;286;100;73;73;0;5.690;5.690;0.000;0.000;16.900;1.150;5.5;0.0;0;12;4.725;4.751;9.8;-100;0;0;-2.0;0;0;0;0;57;96;0;0;4103;848.90;0;0;0;0;0;0;0;0;0;0;0;0;0;0;0;0;12;0;82.0;82.0;2;0;0.00;0.00;0.00;0.0;0.0
8.063;178;282;82;23124;0.0;17.000;1.156;39;39;10;0;100;100;100;136;100;286;100;73;73;0;5.666;5.666;0.000;0.000;17.000;1.156;5.3;0.0;0;12;4.725;4.751;9.9;0;0;0;-2.0;0;0;0;0;57;96;0;0;4103;872.98;0;0;0;0;0;0;0;0;0;0;0;0;0;0;0;0;12;0;82.0;82.0;2;0;0.00;0.00;0.00;0.0;0.0
8.198;178;272;82;22304;0.0;17.000;1.156;39;39;10;0;100;100;100;136;100;286;100;73;73;0;5.666;5.666;0.000;0.000;17.000;1.156;5.1;0.0;0;12;4.725;4.751;9.9;-80;0;0;-2.0;0;0;0;0;57;96;0;0;4103;905.07;0;0;0;0;0;0;0;0;0;0;0;0;0;0;0;0;12;0;82.0;82.0;2;0;0.00;0.00;0.00;0.0;0.0
8.264;178;272;82;22304;0.0;17.100;1.163;39;39;10;0;100;100;100;136;100;286;100;73;73;0;5.666;5.666;0.000;0.000;17.100;1.163;5.1;0.0;0;12;4.725;4.751;9.9;-80;0;0;-2.0;0;0;0;0;57;96;0;0;4103;905.07;0;0;0;0;0;0;0;0;0;0;0;0;0;0;0;0;12;0;82.0;82.0;2;0;0.00;0.00;0.00;0.0;0.0
8.333;178;267;83;22161;0.0;17.200;1.170;39;39;10;0;100;100;100;136;100;286;100;74;74;0;5.778;5.778;0.000;0.000;17.200;1.170;5.1;0.0;0;12;4.725;4.741;9.9;-100;0;0;-1.9;0;0;0;0;57;96;0;0;4103;922.02;0;0;0;0;0;0;0;0;0;0;0;0;0;0;0;0;12;0;83.0;83.0;2;0;0.00;0.00;0.00;0.0;0.0
8.399;179;267;83;22161;0.0;17.200;1.170;39;39;10;0;100;100;100;136;100;286;100;74;74;0;5.874;5.874;0.000;0.000;17.200;1.170;5.2;0.0;0;12;4.725;4.741;9.5;-50;0;0;-1.9;0;0;0;0;57;96;0;0;5103;1146.74;0;0;0;0;0;0;0;0;0;0;0;0;0;0;0;0;12;0;83.0;83.0;2;0;0.00;0.00;0.00;0.0;0.0
8.465;179;268;83;22244;0.0;17.200;1.170;39;39;10;0;100;100;100;136;100;286;100;74;74;0;5.874;5.874;0.000;0.000;17.200;1.170;5.2;0.0;0;12;4.725;4.741;9.5;-50;0;0;-1.9;0;0;0;0;57;96;0;0;5103;1142.46;0;0;0;0;0;0;0;0;0;0;0;0;0;0;0;0;12;0;83.0;83.0;2;0;0.00;0.00;0.00;0.0;0.0
8.465;179;265;84;22260;0.0;17.200;1.170;39;39;10;0;100;100;100;136;100;286;100;75;75;0;5.988;5.988;0.000;0.000;17.200;1.170;5.3;0.0;0;12;4.725;4.740;9.5;10;0;0;-1.7;0;0;0;0;57;96;0;0;5103;1155.40;0;0;0;0;0;0;0;0;0;0;0;0;0;0;0;0;12;0;84.0;84.0;2;0;0.00;0.00;0.00;0.0;0.0
8.599;179;265;84;22260;0.0;17.200;1.170;39;39;10;0;100;100;100;136;100;286;100;75;75;0;5.988;5.988;0.000;0.000;17.200;1.170;5.3;0.0;0;12;4.725;4.740;9.5;-30;0;0;-1.7;0;0;0;0;57;96;0;0;5103;1155.40;0;0;0;0;0;0;0;0;0;0;0;0;0;0;0;0;12;0;84.0;84.0;2;0;0.00;0.00;0.00;0.0;0.0
8.665;179;266;84;22344;0.0;17.200;1.170;39;39;10;0;100;100;100;136;100;286;100;75;75;0;6.144;6.144;0.000;0.000;17.200;1.170;5.4;0.0;0;12;4.770;4.740;9.0;-30;0;0;-1.7;0;0;0;0;57;96;0;0;5103;1151.05;0;0;0;0;0;0;0;0;0;0;0;0;0;0;0;0;12;0;84.0;84.0;2;0;0.00;0.00;0.00;0.0;0.0
8.731;179;307;84;25788;0.0;17.200;1.170;39;39;9;0;100;100;100;136;100;286;100;75;75;0;6.144;6.144;0.000;0.000;17.200;1.170;6.3;0.0;0;18;3.180;4.740;9.0;10;0;0;-1.7;0;0;0;0;57;96;0;0;5103;997.33;0;0;0;0;0;0;0;0;0;0;0;0;0;0;0;0;18;0;84.0;84.0;2;0;0.00;0.00;0.00;0.0;0.0
8.801;179;307;84;25788;0.0;17.300;1.177;39;39;13;0;100;100;100;136;100;278;100;75;75;0;6.038;6.038;0.000;0.000;17.300;1.177;6.2;0.0;0;18;3.180;4.740;9.0;410;0;0;-1.7;0;0;0;0;57;96;0;0;5103;997.33;0;0;0;0;0;0;0;0;0;0;0;0;0;0;0;0;18;0;84.0;84.0;2;0;0.00;0.00;0.00;0.0;0.0
8.866;179;504;84;42336;0.0;17.500;1.190;39;39;13;0;100;100;100;136;100;278;100;75;75;0;6.038;6.038;0.000;0.000;17.500;1.190;10.1;0.0;0;18;3.180;4.740;9.0;410;0;0;-1.7;0;0;0;0;57;96;0;0;5103;607.50;0;0;0;0;0;0;0;0;0;0;0;0;0;0;0;0;18;0;84.0;84.0;2;0;0.00;0.00;0.00;0.0;0.0
8.931;179;585;84;49140;0.0;17.500;1.190;39;39;13;0;100;100;100;136;100;272;100;76;76;0;5.811;5.811;0.000;0.000;17.500;1.190;11.3;0.0;0;19;3.150;4.740;9.6;1970;0;0;-1.7;0;0;0;0;58;96;0;0;5103;523.38;0;0;0;0;0;0;0;0;0;0;0;0;0;0;0;0;19;0;84.0;84.0;2;0;0.00;0.00;0.00;0.0;0.0
8.997;179;598;79;47242;0.0;17.600;1.197;39;39;13;0;100;100;100;136;100;265;100;72;72;0;5.304;5.304;0.000;0.000;17.600;1.197;10.6;0.0;0;19;3.150;3.348;9.6;940;0;0;-2.5;0;0;0;0;59;96;0;0;5103;512.01;0;0;0;0;0;0;0;0;0;0;0;0;0;0;0;0;19;0;79.0;79.0;2;0;0.00;0.00;0.00;0.0;0.0
9.067;179;539;79;42581;0.0;17.700;1.204;39;39;13;0;100;100;100;136;100;265;100;71;71;0;5.267;5.267;0.000;0.000;17.700;1.204;9.5;0.0;0;18;3.150;3.185;9.6;940;0;0;-2.5;0;0;0;0;59;96;0;0;5103;568.05;0;0;0;0;0;0;0;0;0;0;0;0;0;0;0;0;18;0;79.0;79.0;2;0;0.00;0.00;0.00;0.0;0.0
9.132;179;483;63;30429;0.0;17.700;1.204;39;39;13;0;100;100;100;136;100;258;100;57;57;0;4.074;4.074;0.000;0.000;17.700;1.204;6.6;0.0;0;18;3.150;3.185;9.6;-1150;0;0;-4.8;0;0;0;0;60;96;0;0;5103;633.91;0;0;0;0;0;0;0;0;0;0;0;0;0;0;0;0;18;0;63.0;63.0;2;0;0.00;0.00;0.00;0.0;0.0
9.197;179;598;63;37674;0.0;17.700;1.204;39;39;13;0;100;100;100;136;100;252;100;60;60;0;4.164;4.164;0.000;0.000;17.700;1.204;8.3;0.0;0;20;3.150;3.185;9.5;60;0;0;-4.8;0;0;0;0;61;96;0;0;5103;512.01;0;0;0;0;0;0;0;0;0;0;0;0;0;0;0;0;20;0;63.0;63.0;2;0;0.00;0.00;0.00;0.0;0.0
9.264;179;708;63;44604;0.0;17.800;1.211;39;39;13;0;100;100;100;136;100;252;100;62;62;0;4.217;4.217;0.000;0.000;17.800;1.211;10.0;0.0;0;22;3.150;3.166;9.5;60;0;0;-4.8;0;0;0;0;61;96;0;0;5103;432.46;0;0;0;0;0;0;0;0;0;0;0;0;0;0;0;0;22;0;63.0;63.0;2;0;0.00;0.00;0.00;0.0;0.0
9.333;179;786;62;48732;0.0;17.700;1.204;39;39;13;0;100;100;100;136;100;245;100;61;61;0;4.082;4.082;0.000;0.000;17.700;1.204;10.7;0.0;0;24;3.150;3.166;9.5;2730;0;0;-4.9;0;0;0;0;62;96;0;0;5103;389.54;0;0;0;0;0;0;0;0;0;0;0;0;0;0;0;0;24;0;62.0;62.0;2;0;0.00;0.00;0.00;0.0;0.0
9.398;180;789;48;37872;0.0;17.800;1.211;39;39;13;0;100;100;100;136;100;239;100;50;50;0;3.252;3.252;0.000;0.000;17.800;1.211;8.6;0.0;0;25;3.150;3.517;9.8;330;0;0;-7.0;0;0;0;0;63;96;0;0;1552;118.02;0;0;0;0;0;0;0;0;0;0;0;0;0;0;0;0;25;0;48.0;48.0;2;0;0.00;0.00;0.00;0.0;0.0
9.464;180;867;44;38148;0.0;18.000;1.224;39;39;13;0;100;100;100;136;100;239;100;48;48;0;3.099;3.099;0.000;0.000;18.000;1.224;9.0;0.0;0;26;3.150;4.754;9.8;330;0;0;-7.5;0;0;0;0;63;96;0;0;1552;107.40;0;0;0;0;0;0;0;0;0;0;0;0;0;0;0;0;26;0;44.0;44.0;2;0;0.00;0.00;0.00;0.0;0.0
9.529;180;945;42;39690;0.0;18.000;1.224;39;39;13;0;100;100;100;136;100;232;100;48;48;0;3.030;3.030;0.000;0.000;18.000;1.224;9.5;0.0;0;28;3.150;4.851;9.8;720;0;0;-7.8;0;0;0;0;64;96;0;0;1552;98.54;0;0;0;0;0;0;0;0;0;0;0;0;0;0;0;0;28;0;42.0;42.0;2;0;0.00;0.00;0.00;0.0;0.0
9.599;180;953;40;38120;0.0;18.000;1.224;39;39;13;0;100;100;100;136;100;226;100;47;47;0;2.933;2.933;0.000;0.000;18.000;1.224;9.3;0.0;0;28;3.150;3.396;9.8;860;0;0;-8.1;0;0;0;1;64;96;0;0;1552;97.71;0;0;0;0;0;0;0;0;0;0;0;0;0;0;0;0;28;0;40.0;40.0;2;0;0.00;0.00;0.00;0.0;0.0
9.664;180;960;39;37440;0.0;18.000;1.224;39;39;13;0;100;100;100;136;100;226;100;46;46;0;2.901;2.901;0.000;0.000;18.000;1.224;9.3;0.0;0;29;3.150;2.958;9.8;860;0;0;-8.3;0;0;0;0;65;96;0;0;1552;97.00;0;0;0;0;0;0;0;0;0;0;0;0;0;0;0;0;29;0;39.0;39.0;2;0;0.00;0.00;0.00;0.0;0.0
9.730;180;928;39;36192;0.0;18.000;1.224;39;39;13;0;100;100;100;136;100;219;100;46;46;0;2.874;2.874;0.000;0.000;18.000;1.224;8.9;0.0;0;28;3.150;2.344;9.8;-60;0;0;-8.3;0;0;0;0;66;96;0;0;1552;100.34;0;0;0;0;0;0;0;0;0;0;0;0;0;0;0;0;28;0;39.0;39.0;2;0;0.00;0.00;0.00;0.0;0.0
9.800;180;954;39;37206;0.0;18.200;1.238;39;39;13;0;100;100;100;136;100;219;100;46;46;0;2.874;2.874;0.000;0.000;18.200;1.238;9.1;0.0;0;28;3.150;3.383;9.8;70;0;0;-8.3;0;0;0;1;66;96;0;0;1552;97.61;0;0;0;0;0;0;0;0;0;0;0;0;0;0;0;0;28;0;39.0;39.0;2;0;0.00;0.00;0.00;0.0;0.0
9.865;180;959;39;37401;0.0;18.300;1.245;39;39;13;0;100;100;100;136;100;219;100;46;46;0;2.874;2.874;0.000;0.000;18.300;1.245;9.2;0.0;0;29;3.150;2.996;9.8;70;0;0;-8.3;0;0;0;0;67;96;0;0;1552;97.10;0;0;0;0;0;0;0;0;0;0;0;0;0;0;0;0;29;0;39.0;39.0;2;0;0.00;0.00;0.00;0.0;0.0
9.932;180;959;38;36442;0.0;18.300;1.245;39;39;13;0;100;100;100;136;100;219;100;46;46;0;2.797;2.797;0.000;0.000;18.300;1.245;8.9;0.0;0;29;3.120;2.996;10.1;80;0;0;-8.4;0;0;0;0;68;96;0;0;1552;97.10;0;0;0;0;0;0;0;0;0;0;0;0;0;0;0;0;29;0;38.0;38.0;2;0;0.00;0.00;0.00;0.0;0.0
10.000;180;966;38;36708;0.0;18.500;1.259;39;39;13;0;100;100;100;136;100;219;100;46;46;0;2.797;2.797;0.000;0.000;18.500;1.259;9.0;0.0;0;29;3.120;2.845;10.1;80;0;0;-8.4;0;0;0;0;68;96;0;0;1552;96.40;0;0;0;0;0;0;0;0;0;0;0;0;0;0;0;0;29;0;38.0;38.0;2;0;0.00;0.00;0.00;0.0;0.0
10.066;180;978;38;37164;0.0;18.700;1.272;39;39;13;0;100;100;100;136;100;219;100;46;46;0;2.797;2.797;0.000;0.000;18.700;1.272;9.1;0.0;0;29;3.120;3.174;10.1;40;0;0;-8.4;0;0;0;0;69;96;0;0;1552;95.21;0;0;0;0;0;0;0;0;0;0;0;0;0;0;0;0;29;0;38.0;38.0;2;0;0.00;0.00;0.00;0.0;0.0
10.131;180;983;38;37354;0.0;19.100;1.299;39;39;13;0;100;100;100;136;100;219;100;46;46;0;2.797;2.797;0.000;0.000;19.100;1.299;9.2;0.0;0;30;3.120;3.341;10.1;50;0;0;-8.4;0;0;0;0;70;96;0;0;1552;94.73;0;0;0;0;0;0;0;0;0;0;0;0;0;0;0;0;30;0;38.0;38.0;2;0;0.00;0.00;0.00;0.0;0.0
10.197;180;970;38;36860;0.0;19.600;1.333;39;39;13;0;100;100;100;136;100;219;100;46;46;0;2.713;2.713;0.000;0.000;19.600;1.333;8.8;0.0;0;29;3.090;2.721;10.5;50;0;0;-8.4;0;0;0;0;70;96;0;0;1552;96.00;0;0;0;0;0;0;0;0;0;0;0;0;0;0;0;0;29;0;38.0;38.0;2;0;0.00;0.00;0.00;0.0;0.0
10.262;180;976;38;37088;0.0;19.700;1.340;39;39;13;0;100;100;100;136;100;219;100;46;46;0;2.713;2.713;0.000;0.000;19.700;1.340;8.8;0.0;0;29;3.090;3.066;10.5;-10;0;0;-8.4;0;0;0;0;71;96;0;0;1552;95.41;0;0;0;0;0;0;0;0;0;0;0;0;0;0;0;0;29;0;38.0;38.0;2;0;0.00;0.00;0.00;0.0;0.0
10.329;180;984;38;37392;0.0;19.700;1.340;39;39;13;0;100;100;100;136;100;219;100;46;46;0;2.713;2.713;0.000;0.000;19.700;1.340;8.9;0.0;0;30;3.090;3.138;10.5;140;0;0;-8.4;0;0;0;0;72;96;0;0;1552;94.63;0;0;0;0;0;0;0;0;0;0;0;0;0;0;0;0;30;0;38.0;38.0;2;0;0.00;0.00;0.00;0.0;0.0
10.397;180;974;38;37012;0.0;19.700;1.340;39;39;13;0;100;100;100;136;100;219;100;46;46;0;2.713;2.713;0.000;0.000;19.700;1.340;8.8;0.0;0;29;3.090;3.034;10.5;140;0;0;-8.4;0;0;0;0;72;96;0;0;1552;95.61;0;0;0;0;0;0;0;0;0;0;0;0;0;0;0;0;29;0;38.0;38.0;2;0;0.00;0.00;0.00;0.0;0.0
10.464;181;974;38;37012;0.0;19.700;1.340;39;39;13;0;100;100;100;136;100;219;100;46;46;0;2.665;2.665;0.000;0.000;19.700;1.340;8.7;0.0;0;29;3.090;2.993;10.7;-100;0;0;-8.4;0;0;0;0;73;96;0;0;1665;102.57;0;0;0;0;0;0;0;0;0;0;0;0;0;0;0;0;29;0;38.0;38.0;2;0;0.00;0.00;0.00;0.0;0.0
10.529;181;976;38;37088;0.0;19.700;1.340;39;39;13;0;100;100;100;136;100;219;100;46;46;0;2.665;2.665;0.000;0.000;19.700;1.340;8.7;0.0;0;29;3.090;3.048;10.7;40;0;0;-8.4;0;0;0;0;74;96;0;0;1665;102.36;0;0;0;0;0;0;0;0;0;0;0;0;0;0;0;0;29;0;38.0;38.0;2;0;0.00;0.00;0.00;0.0;0.0
10.594;181;967;38;36746;0.0;19.700;1.340;39;39;13;0;100;100;100;136;100;219;100;46;46;0;2.665;2.665;0.000;0.000;19.700;1.340;8.6;0.0;0;29;3.090;2.647;10.7;40;0;0;-8.4;0;0;0;0;74;96;0;0;1665;103.31;0;0;0;0;0;0;0;0;0;0;0;0;0;0;0;0;29;0;38.0;38.0;2;0;0.00;0.00;0.00;0.0;0.0
10.664;181;968;38;36784;0.0;19.700;1.340;39;39;13;0;100;100;100;136;100;219;100;46;46;0;2.641;2.641;0.000;0.000;19.700;1.340;8.5;0.0;0;29;3.090;2.832;10.8;-110;0;0;-8.4;0;0;0;0;75;96;0;0;1665;103.20;0;0;0;0;0;0;0;0;0;0;0;0;0;0;0;0;29;0;38.0;38.0;2;0;0.00;0.00;0.00;0.0;0.0
10.729;181;956;38;36328;0.0;19.700;1.340;39;39;13;0;100;100;100;136;100;219;100;46;46;0;2.641;2.641;0.000;0.000;19.700;1.340;8.4;0.0;0;29;3.090;2.723;10.8;-110;0;0;-8.4;0;0;0;0;76;96;0;0;1665;104.50;0;0;0;0;0;0;0;0;0;0;0;0;0;0;0;0;29;0;38.0;38.0;2;0;0.00;0.00;0.00;0.0;0.0
10.729;181;958;38;36404;0.0;19.700;1.340;39;39;13;0;100;100;100;136;100;219;100;46;46;0;2.641;2.641;0.000;0.000;19.700;1.340;8.4;0.0;0;28;3.090;2.789;10.8;-110;0;0;-8.4;0;0;0;0;76;96;0;0;1665;104.28;0;0;0;0;0;0;0;0;0;0;0;0;0;0;0;0;28;0;38.0;38.0;2;0;0.00;0.00;0.00;0.0;0.0
10.865;181;959;38;36442;0.0;19.700;1.340;39;39;13;0;100;100;100;136;100;219;100;46;46;0;2.641;2.641;0.000;0.000;19.700;1.340;8.4;0.0;0;29;3.090;2.865;10.8;20;0;0;-8.4;0;0;0;0;77;96;0;0;1665;104.17;0;0;0;0;0;0;0;0;0;0;0;0;0;0;0;0;29;0;38.0;38.0;2;0;0.00;0.00;0.00;0.0;0.0
10.930;181;954;38;36252;0.0;19.700;1.340;39;39;13;0;100;100;100;136;100;219;100;46;46;0;2.641;2.641;0.000;0.000;19.700;1.340;8.4;0.0;0;28;3.090;3.034;10.8;10;0;0;-8.4;0;0;0;0;78;96;0;0;1665;104.72;0;0;0;0;0;0;0;0;0;0;0;0;0;0;0;0;28;0;38.0;38.0;2;0;0.00;0.00;0.00;0.0;0.0
10.930;181;952;38;36176;0.0;19.700;1.340;39;39;13;0;100;100;100;136;100;219;100;46;46;0;2.641;2.641;0.000;0.000;19.700;1.340;8.4;0.0;0;29;3.090;2.470;10.8;10;0;0;-8.4;0;0;0;0;78;96;0;0;1665;104.94;0;0;0;0;0;0;0;0;0;0;0;0;0;0;0;0;29;0;38.0;38.0;2;0;0.00;0.00;0.00;0.0;0.0
11.000;181;960;38;36480;0.0;19.700;1.340;39;39;13;0;100;100;100;136;100;219;100;46;46;0;2.641;2.641;0.000;0.000;19.700;1.340;8.5;0.0;0;29;3.090;3.116;10.8;-70;0;0;-8.4;0;0;0;0;79;96;0;0;1665;104.06;0;0;0;0;0;0;0;0;0;0;0;0;0;0;0;0;29;0;38.0;38.0;2;0;0.00;0.00;0.00;0.0;0.0
11.131;181;940;38;35720;0.0;19.700;1.340;39;39;13;0;100;100;100;136;100;219;100;46;46;0;2.641;2.641;0.000;0.000;19.700;1.340;8.3;0.0;0;29;3.090;2.920;10.8;-120;0;0;-8.4;0;0;0;0;80;96;0;0;1665;106.28;0;0;0;0;0;0;0;0;0;0;0;0;0;0;0;0;29;0;38.0;38.0;2;0;0.00;0.00;0.00;0.0;0.0
11.131;181;937;38;35606;0.0;19.700;1.340;39;39;13;0;100;100;100;136;100;219;100;46;46;0;2.617;2.617;0.000;0.000;19.700;1.340;8.2;0.0;0;28;3.090;2.656;10.9;-120;0;0;-8.4;0;0;0;0;80;96;0;0;1665;106.62;0;0;0;0;0;0;0;0;0;0;0;0;0;0;0;0;28;0;38.0;38.0;2;0;0.00;0.00;0.00;0.0;0.0
11.262;181;933;39;36387;0.0;19.700;1.340;39;39;13;0;100;100;100;136;100;219;100;46;46;0;2.634;2.634;0.000;0.000;19.700;1.340;8.2;0.0;0;28;3.090;3.002;10.9;-110;0;0;-8.3;0;0;0;0;81;96;0;0;1665;107.07;0;0;0;0;0;0;0;0;0;0;0;0;0;0;0;0;28;0;39.0;39.0;2;0;0.00;0.00;0.00;0.0;0.0
11.262;181;939;39;36621;0.0;19.700;1.340;39;39;13;0;100;100;100;136;100;219;100;46;46;0;2.634;2.634;0.000;0.000;19.700;1.340;8.2;0.0;0;28;3.090;3.045;10.9;100;0;0;-8.3;0;0;0;0;82;96;0;0;1665;106.39;0;0;0;0;0;0;0;0;0;0;0;0;0;0;0;0;28;0;39.0;39.0;2;0;0.00;0.00;0.00;0.0;0.0
11.397;181;941;39;36699;0.0;18.000;1.224;39;39;13;0;100;100;100;136;100;219;100;46;46;0;2.634;2.634;0.000;0.000;18.000;1.224;8.3;0.0;0;28;3.090;3.103;10.9;100;0;0;-8.3;0;0;0;0;82;96;0;0;1665;106.16;0;0;0;0;0;0;0;0;0;0;0;0;0;0;0;0;28;0;39.0;39.0;2;0;0.00;0.00;0.00;0.0;0.0
11.463;182;940;38;35720;0.0;16.400;1.116;39;39;13;0;100;100;100;136;100;219;100;46;46;0;2.593;2.593;0.000;0.000;16.400;1.116;8.1;0.0;0;29;3.090;2.841;11.0;0;0;0;-8.4;0;0;0;0;83;96;0;0;1762;112.47;0;0;0;0;0;0;0;0;0;0;0;0;0;0;0;0;29;0;38.0;38.0;2;0;0.00;0.00;0.00;0.0;0.0
11.532;182;948;39;36972;0.0;15.100;1.027;39;39;13;0;100;100;100;136;100;219;100;46;46;0;2.610;2.610;0.000;0.000;15.100;1.027;8.2;0.0;0;28;3.090;3.116;11.0;80;0;0;-8.3;0;0;0;0;84;96;0;0;1762;111.52;0;0;0;0;0;0;0;0;0;0;0;0;0;0;0;0;28;0;39.0;39.0;2;0;0.00;0.00;0.00;0.0;0.0
11.598;182;933;38;35454;0.0;14.200;0.966;39;39;13;0;100;100;100;136;100;219;100;45;45;0;2.577;2.577;0.000;0.000;14.200;0.966;8.0;0.0;0;28;3.090;3.048;11.0;80;0;0;-8.4;0;0;0;0;84;96;0;0;1762;113.31;0;0;0;0;0;0;0;0;0;0;0;0;0;0;0;0;28;0;38.0;38.0;2;0;0.00;0.00;0.00;0.0;0.0
11.663;182;941;39;36699;0.0;12.400;0.844;39;39;13;0;100;100;100;136;100;219;100;46;46;0;2.610;2.610;0.000;0.000;12.400;0.844;8.2;0.0;0;28;3.090;2.976;11.0;-90;0;0;-8.3;0;0;0;0;85;96;0;0;1762;112.35;0;0;0;0;0;0;0;0;0;0;0;0;0;0;0;0;28;0;39.0;39.0;2;0;0.00;0.00;0.00;0.0;0.0
11.733;182;939;38;35682;0.0;11.300;0.769;39;39;13;0;100;100;100;136;100;219;100;46;46;0;2.593;2.593;0.000;0.000;11.300;0.769;8.1;0.0;0;28;3.090;3.125;11.0;10;0;0;-8.4;0;0;0;1;85;96;0;0;1762;112.59;0;0;0;0;0;0;0;0;0;0;0;0;0;0;0;0;28;0;38.0;38.0;2;0;0.00;0.00;0.00;0.0;0.0
11.799;182;938;39;36582;0.0;11.000;0.748;39;39;13;0;100;100;100;136;100;219;100;46;46;0;2.610;2.610;0.000;0.000;11.000;0.748;8.2;0.0;0;28;3.090;2.698;11.0;10;0;0;-8.3;0;0;0;0;86;96;0;0;1762;112.71;0;0;0;0;0;0;0;0;0;0;0;0;0;0;0;0;28;0;39.0;39.0;2;0;0.00;0.00;0.00;0.0;0.0
11.864;182;919;39;35841;0.0;10.900;0.741;39;39;13;0;100;100;100;136;100;219;100;46;46;0;2.610;2.610;0.000;0.000;10.900;0.741;8.0;0.0;0;28;3.090;2.643;11.0;-90;0;0;-8.3;0;0;0;0;87;96;0;0;1762;115.04;0;0;0;0;0;0;0;0;0;0;0;0;0;0;0;0;28;0;39.0;39.0;2;0;0.00;0.00;0.00;0.0;0.0
11.935;182;917;39;35763;0.0;10.900;0.741;39;39;13;0;100;100;100;136;100;219;100;46;46;0;2.610;2.610;0.000;0.000;10.900;0.741;8.0;0.0;0;27;3.090;2.730;11.0;-130;0;0;-8.3;0;0;0;0;87;96;0;0;1762;115.29;0;0;0;0;0;0;0;0;0;0;0;0;0;0;0;0;27;0;39.0;39.0;2;0;0.00;0.00;0.00;0.0;0.0
11.999;182;903;39;35217;0.0;10.900;0.741;39;39;13;0;100;100;100;136;100;219;100;46;46;0;2.610;2.610;0.000;0.000;10.900;0.741;7.9;0.0;0;28;3.090;2.818;11.0;-130;0;0;-8.3;0;0;0;0;87;96;0;0;1762;117.08;0;0;0;0;0;0;0;0;0;0;0;0;0;0;0;0;28;0;39.0;39.0;2;0;0.00;0.00;0.00;0.0;0.0
12.065;182;918;40;36720;0.0;10.900;0.741;39;39;13;0;100;100;100;136;100;219;100;47;47;0;2.641;2.641;0.000;0.000;10.900;0.741;8.1;0.0;0;28;3.090;3.262;11.0;-40;0;0;-8.1;0;0;0;0;87;96;0;0;1762;115.16;0;0;0;0;0;0;0;0;0;0;0;0;0;0;0;0;28;0;40.0;40.0;2;0;0.00;0.00;0.00;0.0;0.0
12.134;182;899;40;35960;0.0;10.900;0.741;39;39;13;0;100;100;100;136;100;219;100;46;46;0;2.625;2.625;0.000;0.000;10.900;0.741;7.9;0.0;0;27;3.090;2.526;11.0;-40;0;0;-8.1;0;0;0;0;87;96;0;0;1762;117.60;0;0;0;0;0;0;0;0;0;0;0;0;0;0;0;0;27;0;40.0;40.0;2;0;0.00;0.00;0.00;0.0;0.0
12.200;182;906;40;36240;0.0;10.900;0.741;39;39;13;0;100;100;100;136;100;219;100;47;47;0;2.641;2.641;0.000;0.000;10.900;0.741;8.0;0.0;0;27;3.090;3.142;11.0;-140;0;0;-8.1;0;0;0;0;87;96;0;0;1762;116.69;0;0;0;0;0;0;0;0;0;0;0;0;0;0;0;0;27;0;40.0;40.0;2;0;0.00;0.00;0.00;0.0;0.0
12.265;182;901;40;36040;0.0;10.900;0.741;39;39;13;0;100;100;100;136;100;219;100;47;47;0;2.641;2.641;0.000;0.000;10.900;0.741;7.9;0.0;0;27;3.090;2.731;11.0;140;0;0;-8.1;0;0;0;0;87;96;0;0;1762;117.34;0;0;0;0;0;0;0;0;0;0;0;0;0;0;0;0;27;0;40.0;40.0;2;0;0.00;0.00;0.00;0.0;0.0
12.331;182;921;40;36840;0.0;10.900;0.741;39;39;13;0;100;100;100;136;100;219;100;47;47;0;2.641;2.641;0.000;0.000;10.900;0.741;8.1;0.0;0;28;3.090;3.448;11.0;140;0;0;-8.1;0;0;0;0;87;96;0;0;1762;114.79;0;0;0;0;0;0;0;0;0;0;0;0;0;0;0;0;28;0;40.0;40.0;2;0;0.00;0.00;0.00;0.0;0.0
12.397;182;929;39;36231;0.0;10.900;0.741;39;39;13;0;100;100;100;136;100;219;100;46;46;0;2.610;2.610;0.000;0.000;10.900;0.741;8.1;0.0;0;28;3.090;3.013;11.0;80;0;0;-8.3;0;0;0;0;87;96;0;0;1762;113.80;0;0;0;0;0;0;0;0;0;0;0;0;0;0;0;0;28;0;39.0;39.0;2;0;0.00;0.00;0.00;0.0;0.0
12.466;183;943;39;36777;0.0;10.900;0.741;39;39;13;0;100;100;100;136;100;219;100;46;46;0;2.610;2.610;0.000;0.000;10.900;0.741;8.2;0.0;0;29;3.090;3.133;11.0;170;0;0;-8.3;0;0;0;0;87;96;0;0;1761;112.05;0;0;0;0;0;0;0;0;0;0;0;0;0;0;0;0;29;0;39.0;39.0;2;0;0.00;0.00;0.00;0.0;0.0
12.532;183;938;39;36582;0.0;10.900;0.741;39;39;13;0;100;100;100;136;100;219;100;46;46;0;2.610;2.610;0.000;0.000;10.900;0.741;8.2;0.0;0;28;3.090;2.687;11.0;170;0;0;-8.3;0;0;0;0;87;96;0;0;1761;112.64;0;0;0;0;0;0;0;0;0;0;0;0;0;0;0;0;28;0;39.0;39.0;2;0;0.00;0.00;0.00;0.0;0.0
12.601;183;934;39;36426;0.0;10.800;0.735;39;39;13;0;100;100;100;136;100;219;100;46;46;0;2.610;2.610;0.000;0.000;10.800;0.735;8.1;0.0;0;28;3.090;2.821;11.0;10;0;0;-8.3;0;0;0;0;87;96;0;0;1761;113.13;0;0;0;0;0;0;0;0;0;0;0;0;0;0;0;0;28;0;39.0;39.0;2;0;0.00;0.00;0.00;0.0;0.0
12.667;183;915;39;35685;0.0;10.800;0.735;39;39;13;0;100;100;100;136;100;219;100;46;46;0;2.610;2.610;0.000;0.000;10.800;0.735;8.0;0.0;0;27;3.090;2.619;11.0;-170;0;0;-8.3;0;0;0;0;87;96;0;0;1761;115.48;0;0;0;0;0;0;0;0;0;0;0;0;0;0;0;0;27;0;39.0;39.0;2;0;0.00;0.00;0.00;0.0;0.0
12.732;183;905;39;35295;0.0;10.800;0.735;39;39;13;0;100;100;100;136;100;219;100;46;46;0;2.658;2.658;0.000;0.000;10.800;0.735;8.0;0.0;0;27;3.090;2.711;10.8;-170;0;0;-8.3;0;0;0;0;87;96;0;0;1761;116.75;0;0;0;0;0;0;0;0;0;0;0;0;0;0;0;0;27;0;39.0;39.0;2;0;0.00;0.00;0.00;0.0;0.0
12.798;183;902;40;36080;0.0;10.800;0.735;39;39;13;0;100;100;100;136;100;219;100;47;47;0;2.689;2.689;0.000;0.000;10.800;0.735;8.1;0.0;0;27;3.090;2.721;10.8;-170;0;0;-8.1;0;0;0;0;87;96;0;0;1761;117.14;0;0;0;0;0;0;0;0;0;0;0;0;0;0;0;0;27;0;40.0;40.0;2;0;0.00;0.00;0.00;0.0;0.0
12.868;183;900;40;36000;0.0;10.800;0.735;39;39;13;0;100;100;100;136;100;219;100;47;47;0;2.689;2.689;0.000;0.000;10.800;0.735;8.1;0.0;0;27;3.090;2.978;10.8;-20;0;0;-8.1;0;0;0;0;87;96;0;0;1761;117.40;0;0;0;0;0;0;0;0;0;0;0;0;0;0;0;0;27;0;40.0;40.0;2;0;0.00;0.00;0.00;0.0;0.0
12.933;183;908;40;36320;0.0;10.800;0.735;39;39;13;0;100;100;100;136;100;219;100;47;47;0;2.689;2.689;0.000;0.000;10.800;0.735;8.1;0.0;0;27;3.090;2.696;10.8;-20;0;0;-8.1;0;0;0;0;87;96;0;0;1761;116.37;0;0;0;0;0;0;0;0;0;0;0;0;0;0;0;0;27;0;40.0;40.0;2;0;0.00;0.00;0.00;0.0;0.0
12.999;183;927;40;37080;0.0;10.700;0.728;39;39;13;0;100;100;100;136;100;219;100;47;47;0;2.665;2.665;0.000;0.000;10.700;0.728;8.2;0.0;0;28;3.090;3.435;10.9;50;0;0;-8.1;0;0;0;0;87;96;0;0;1761;113.98;0;0;0;0;0;0;0;0;0;0;0;0;0;0;0;0;28;0;40.0;40.0;2;0;0.00;0.00;0.00;0.0;0.0
13.064;183;930;39;36270;0.0;10.800;0.735;39;39;13;0;100;100;100;136;100;219;100;46;46;0;2.634;2.634;0.000;0.000;10.800;0.735;8.2;0.0;0;28;3.090;2.924;10.9;180;0;0;-8.3;0;0;0;0;87;96;0;0;1761;113.61;0;0;0;0;0;0;0;0;0;0;0;0;0;0;0;0;28;0;39.0;39.0;2;0;0.00;0.00;0.00;0.0;0.0
13.130;183;923;39;35997;0.0;10.800;0.735;39;39;13;0;100;100;100;136;100;219;100;46;46;0;2.634;2.634;0.000;0.000;10.800;0.735;8.1;0.0;0;28;3.090;2.649;10.9;180;0;0;-8.3;0;0;0;0;87;96;0;0;1761;114.47;0;0;0;0;0;0;0;0;0;0;0;0;0;0;0;0;28;0;39.0;39.0;2;0;0.00;0.00;0.00;0.0;0.0
13.199;183;922;39;35958;0.0;10.800;0.735;39;39;13;0;100;100;100;136;100;219;100;46;46;0;2.634;2.634;0.000;0.000;10.800;0.735;8.1;0.0;0;28;3.090;2.785;10.9;-30;0;0;-8.3;0;0;0;0;87;96;0;0;1761;114.60;0;0;0;0;0;0;0;0;0;0;0;0;0;0;0;0;28;0;39.0;39.0;2;0;0.00;0.00;0.00;0.0;0.0
13.264;183;918;40;36720;0.0;10.800;0.735;39;39;13;0;100;100;100;136;100;219;100;47;47;0;2.641;2.641;0.000;0.000;10.800;0.735;8.1;0.0;0;28;3.090;2.878;11.0;-50;0;0;-8.1;0;0;0;0;87;96;0;0;1761;115.10;0;0;0;0;0;0;0;0;0;0;0;0;0;0;0;0;28;0;40.0;40.0;2;0;0.00;0.00;0.00;0.0;0.0
13.264;183;917;40;36680;0.0;10.800;0.735;39;39;13;0;100;100;100;136;100;219;100;47;47;0;2.641;2.641;0.000;0.000;10.800;0.735;8.1;0.0;0;27;3.090;2.716;11.0;-50;0;0;-8.1;0;0;0;0;87;96;0;0;1761;115.22;0;0;0;0;0;0;0;0;0;0;0;0;0;0;0;0;27;0;40.0;40.0;2;0;0.00;0.00;0.00;0.0;0.0
13.399;183;914;40;36560;0.0;10.800;0.735;39;39;13;0;100;100;100;136;100;219;100;47;47;0;2.641;2.641;0.000;0.000;10.800;0.735;8.0;0.0;0;27;3.090;2.808;11.0;-10;0;0;-8.1;0;0;0;0;87;96;0;0;1761;115.60;0;0;0;0;0;0;0;0;0;0;0;0;0;0;0;0;27;0;40.0;40.0;2;0;0.00;0.00;0.00;0.0;0.0
13.465;184;921;40;36840;0.0;10.800;0.735;39;39;13;0;100;100;100;136;100;219;100;47;47;0;2.641;2.641;0.000;0.000;10.800;0.735;8.1;0.0;0;28;3.090;3.141;11.0;40;0;0;-8.1;0;0;0;0;87;96;0;0;1758;114.53;0;0;0;0;0;0;0;0;0;0;0;0;0;0;0;0;28;0;40.0;40.0;2;0;0.00;0.00;0.00;0.0;0.0
13.531;184;925;40;37000;0.0;10.800;0.735;39;39;13;0;100;100;100;136;100;219;100;47;47;0;2.641;2.641;0.000;0.000;10.800;0.735;8.1;0.0;0;28;3.090;2.926;11.0;40;0;0;-8.1;0;0;0;0;87;96;0;0;1758;114.03;0;0;0;0;0;0;0;0;0;0;0;0;0;0;0;0;28;0;40.0;40.0;2;0;0.00;0.00;0.00;0.0;0.0
13.531;184;925;39;36075;0.0;10.800;0.735;39;39;13;0;100;100;100;136;100;219;100;46;46;0;2.610;2.610;0.000;0.000;10.800;0.735;8.0;0.0;0;28;3.090;3.232;11.0;-40;0;0;-8.3;0;0;0;0;87;96;0;0;1758;114.03;0;0;0;0;0;0;0;0;0;0;0;0;0;0;0;0;28;0;39.0;39.0;2;0;0.00;0.00;0.00;0.0;0.0
13.597;184;931;39;36309;0.0;10.800;0.735;39;39;13;0;100;100;100;136;100;219;100;46;46;0;2.610;2.610;0.000;0.000;10.800;0.735;8.1;0.0;0;28;3.090;2.924;11.0;140;0;0;-8.3;0;0;0;0;87;96;0;0;1758;113.30;0;0;0;0;0;0;0;0;0;0;0;0;0;0;0;0;28;0;39.0;39.0;2;0;0.00;0.00;0.00;0.0;0.0
13.731;184;944;39;36816;0.0;10.800;0.735;38;39;13;0;100;100;100;136;100;219;100;46;46;0;2.730;2.730;0.000;0.000;10.800;0.735;8.6;0.0;0;28;3.090;3.395;10.5;140;0;0;-8.3;0;0;0;0;87;96;0;0;1758;111.74;0;0;0;0;0;0;0;0;0;0;0;0;0;0;0;0;28;0;39.0;39.0;2;0;0.00;0.00;0.00;0.0;0.0
13.797;184;940;39;36660;0.0;10.800;0.735;38;39;13;0;100;100;100;136;100;219;100;46;46;0;2.730;2.730;0.000;0.000;10.800;0.735;8.6;0.0;0;28;3.090;2.783;10.5;130;0;0;-8.3;0;0;0;0;87;96;0;0;1758;112.21;0;0;0;0;0;0;0;0;0;0;0;0;0;0;0;0;28;0;39.0;39.0;2;0;0.00;0.00;0.00;0.0;0.0
13.863;184;936;39;36504;0.0;10.800;0.735;38;39;13;0;100;100;100;136;100;219;100;46;46;0;2.730;2.730;0.000;0.000;10.800;0.735;8.5;0.0;0;28;3.090;3.025;10.5;-80;0;0;-8.3;0;0;0;0;87;96;0;0;1758;112.69;0;0;0;0;0;0;0;0;0;0;0;0;0;0;0;0;28;0;39.0;39.0;2;0;0.00;0.00;0.00;0.0;0.0
13.932;184;949;39;37011;0.0;10.800;0.735;38;39;13;0;100;100;100;136;100;219;100;47;47;0;2.743;2.743;0.000;0.000;10.800;0.735;8.7;0.0;0;28;3.090;2.991;10.5;-80;0;0;-8.3;0;0;0;0;87;96;0;0;1758;111.15;0;0;0;0;0;0;0;0;0;0;0;0;0;0;0;0;28;0;39.0;39.0;2;0;0.00;0.00;0.00;0.0;0.0
13.998;184;948;39;36972;0.0;10.800;0.735;38;39;13;0;100;100;100;136;100;219;100;46;46;0;2.790;2.790;0.000;0.000;10.800;0.735;8.8;0.0;0;28;3.120;3.139;10.2;80;0;0;-8.3;0;0;0;0;87;96;0;0;1758;111.27;0;0;0;0;0;0;0;0;0;0;0;0;0;0;0;0;28;0;39.0;39.0;2;0;0.00;0.00;0.00;0.0;0.0
14.067;184;920;39;35880;0.0;10.800;0.735;38;39;13;0;100;100;100;136;100;219;100;46;46;0;2.790;2.790;0.000;0.000;10.800;0.735;8.6;0.0;0;28;3.120;2.763;10.2;-240;0;0;-8.3;0;0;0;0;87;96;0;0;1758;114.65;0;0;0;0;0;0;0;0;0;0;0;0;0;0;0;0;28;0;39.0;39.0;2;0;0.00;0.00;0.00;0.0;0.0
14.133;184;916;40;36640;0.0;10.800;0.735;38;39;13;0;100;100;100;136;100;219;100;47;47;0;2.821;2.821;0.000;0.000;10.800;0.735;8.6;0.0;0;27;3.120;2.685;10.2;-240;0;0;-8.1;0;0;0;0;87;96;0;0;1758;115.15;0;0;0;0;0;0;0;0;0;0;0;0;0;0;0;0;27;0;40.0;40.0;2;0;0.00;0.00;0.00;0.0;0.0
14.198;184;914;39;35646;0.0;10.800;0.735;38;39;13;0;100;100;100;136;100;219;100;46;46;0;2.790;2.790;0.000;0.000;10.800;0.735;8.5;0.0;0;27;3.120;3.030;10.2;-30;0;0;-8.3;0;0;0;0;87;96;0;0;1758;115.40;0;0;0;0;0;0;0;0;0;0;0;0;0;0;0;0;27;0;39.0;39.0;2;0;0.00;0.00;0.00;0.0;0.0
14.264;184;935;40;37400;0.0;10.800;0.735;38;39;13;0;100;100;100;136;100;219;100;47;47;0;2.737;2.737;0.000;0.000;10.800;0.735;8.5;0.0;0;28;3.090;3.500;10.6;-30;0;0;-8.1;0;0;0;0;87;96;0;0;1758;112.81;0;0;0;0;0;0;0;0;0;0;0;0;0;0;0;0;28;0;40.0;40.0;2;0;0.00;0.00;0.00;0.0;0.0
14.329;184;931;39;36309;0.0;10.800;0.735;38;39;13;0;100;100;100;136;100;219;100;46;46;0;2.706;2.706;0.000;0.000;10.800;0.735;8.4;0.0;0;28;3.090;3.082;10.6;180;0;0;-8.3;0;0;0;0;87;96;0;0;1758;113.30;0;0;0;0;0;0;0;0;0;0;0;0;0;0;0;0;28;0;39.0;39.0;2;0;0.00;0.00;0.00;0.0;0.0
14.399;184;945;39;36855;0.0;10.800;0.735;38;39;13;0;100;100;100;136;100;219;100;46;46;0;2.706;2.706;0.000;0.000;10.800;0.735;8.5;0.0;0;28;3.090;3.246;10.6;50;0;0;-8.3;0;0;0;0;87;96;0;0;1758;111.62;0;0;0;0;0;0;0;0;0;0;0;0;0;0;0;0;28;0;39.0;39.0;2;0;0.00;0.00;0.00;0.0;0.0
14.465;184;939;39;36621;0.0;10.800;0.735;38;39;13;0;100;100;100;136;100;219;100;46;46;0;2.706;2.706;0.000;0.000;10.800;0.735;8.5;0.0;0;28;3.090;2.744;10.6;50;0;0;-8.3;0;0;0;0;87;96;0;0;1758;112.33;0;0;0;0;0;0;0;0;0;0;0;0;0;0;0;0;28;0;39.0;39.0;2;0;0.00;0.00;0.00;0.0;0.0
14.530;185;947;39;36933;0.0;10.800;0.735;38;39;13;0;100;100;100;136;100;219;100;46;46;0;2.658;2.658;0.000;0.000;10.800;0.735;8.4;0.0;0;28;3.090;3.059;10.8;-10;0;0;-8.3;0;0;0;0;87;96;0;0;1753;111.07;0;0;0;0;0;0;0;0;0;0;0;0;0;0;0;0;28;0;39.0;39.0;2;0;0.00;0.00;0.00;0.0;0.0
14.600;185;933;39;36387;0.0;10.800;0.735;38;39;13;0;100;100;100;136;100;219;100;46;46;0;2.658;2.658;0.000;0.000;10.800;0.735;8.3;0.0;0;28;3.090;2.616;10.8;80;0;0;-8.3;0;0;0;0;87;96;0;0;1753;112.73;0;0;0;0;0;0;0;0;0;0;0;0;0;0;0;0;28;0;39.0;39.0;2;0;0.00;0.00;0.00;0.0;0.0
14.665;185;947;39;36933;0.0;10.800;0.735;38;39;13;0;100;100;100;136;100;219;100;46;46;0;2.658;2.658;0.000;0.000;10.800;0.735;8.4;0.0;0;28;3.090;3.015;10.8;80;0;0;-8.3;0;0;0;0;87;96;0;0;1753;111.07;0;0;0;0;0;0;0;0;0;0;0;0;0;0;0;0;28;0;39.0;39.0;2;0;0.00;0.00;0.00;0.0;0.0
14.731;185;953;39;37167;0.0;10.800;0.735;38;39;13;0;100;100;100;136;100;219;100;46;46;0;2.634;2.634;0.000;0.000;10.800;0.735;8.4;0.0;0;28;3.090;3.037;10.9;50;0;0;-8.3;0;0;0;0;87;96;0;0;1753;110.37;0;0;0;0;0;0;0;0;0;0;0;0;0;0;0;0;28;0;39.0;39.0;2;0;0.00;0.00;0.00;0.0;0.0
14.796;185;970;38;36860;0.0;10.800;0.735;38;39;13;0;100;100;100;136;100;219;100;46;46;0;2.617;2.617;0.000;0.000;10.800;0.735;8.5;0.0;0;29;3.090;3.074;10.9;150;0;0;-8.4;0;0;0;0;87;96;0;0;1753;108.43;0;0;0;0;0;0;0;0;0;0;0;0;0;0;0;0;29;0;38.0;38.0;2;0;0.00;0.00;0.00;0.0;0.0
14.866;185;964;38;36632;0.0;10.800;0.735;38;39;13;0;100;100;100;136;100;219;100;46;46;0;2.617;2.617;0.000;0.000;10.800;0.735;8.4;0.0;0;29;3.090;2.786;10.9;150;0;0;-8.4;0;0;0;0;87;96;0;0;1753;109.11;0;0;0;0;0;0;0;0;0;0;0;0;0;0;0;0;29;0;38.0;38.0;2;0;0.00;0.00;0.00;0.0;0.0
14.931;185;964;38;36632;0.0;10.800;0.735;38;39;13;0;100;100;100;136;100;219;100;46;46;0;2.617;2.617;0.000;0.000;10.800;0.735;8.4;0.0;0;29;3.090;2.995;10.9;-30;0;0;-8.4;0;0;0;0;87;96;0;0;1753;109.11;0;0;0;0;0;0;0;0;0;0;0;0;0;0;0;0;29;0;38.0;38.0;2;0;0.00;0.00;0.00;0.0;0.0
14.997;185;966;38;36708;0.0;10.800;0.735;38;39;13;0;100;100;100;136;100;219;100;46;46;0;2.665;2.665;0.000;0.000;10.800;0.735;8.6;0.0;0;29;3.090;3.361;10.7;-90;0;0;-8.4;0;0;0;0;87;96;0;0;1753;108.88;0;0;0;0;0;0;0;0;0;0;0;0;0;0;0;0;29;0;38.0;38.0;2;0;0.00;0.00;0.00;0.0;0.0
14.997;185;967;38;36746;0.0;10.800;0.735;38;39;13;0;100;100;100;136;100;219;100;46;46;0;2.665;2.665;0.000;0.000;10.800;0.735;8.6;0.0;0;29;3.090;2.915;10.7;-90;0;0;-8.4;0;0;0;0;87;96;0;0;1753;108.77;0;0;0;0;0;0;0;0;0;0;0;0;0;0;0;0;29;0;38.0;38.0;2;0;0.00;0.00;0.00;0.0;0.0
15.132;185;962;38;36556;0.0;10.700;0.728;38;39;13;0;100;100;100;136;100;219;100;46;46;0;2.665;2.665;0.000;0.000;10.700;0.728;8.5;0.0;0;29;3.090;3.179;10.7;30;0;0;-8.4;0;0;0;0;87;96;0;0;1753;109.33;0;0;0;0;0;0;0;0;0;0;0;0;0;0;0;0;29;0;38.0;38.0;2;0;0.00;0.00;0.00;0.0;0.0
15.198;185;972;38;36936;0.0;11.300;0.769;38;39;13;0;100;100;100;136;100;219;100;46;46;0;2.665;2.665;0.000;0.000;11.300;0.769;8.6;0.0;0;29;3.090;3.114;10.7;140;0;0;-8.4;0;0;0;0;87;96;0;0;1753;108.21;0;0;0;0;0;0;0;0;0;0;0;0;0;0;0;0;29;0;38.0;38.0;2;0;0.00;0.00;0.00;0.0;0.0
15.198;185;979;38;37202;0.0;12.500;0.850;38;39;13;0;100;100;100;136;100;219;100;46;46;0;2.617;2.617;0.000;0.000;12.500;0.850;8.5;0.0;0;29;3.090;3.106;10.9;140;0;0;-8.4;0;0;0;0;87;96;0;0;1753;107.44;0;0;0;0;0;0;0;0;0;0;0;0;0;0;0;0;29;0;38.0;38.0;2;0;0.00;0.00;0.00;0.0;0.0
15.333;185;983;38;37354;0.0;13.400;0.912;38;39;13;0;100;100;100;136;100;219;100;46;46;0;2.617;2.617;0.000;0.000;13.400;0.912;8.6;0.0;0;30;3.090;3.050;10.9;70;0;0;-8.4;0;0;0;0;87;96;0;0;1753;107.00;0;0;0;0;0;0;0;0;0;0;0;0;0;0;0;0;30;0;38.0;38.0;2;0;0.00;0.00;0.00;0.0;0.0
15.399;185;995;38;37810;0.0;14.300;0.973;38;39;13;0;100;100;100;136;100;219;100;46;46;0;2.617;2.617;0.000;0.000;14.300;0.973;8.7;0.0;0;30;3.090;2.862;10.9;160;0;0;-8.4;0;0;0;0;87;96;0;0;1753;105.71;0;0;0;0;0;0;0;0;0;0;0;0;0;0;0;0;30;0;38.0;38.0;2;0;0.00;0.00;0.00;0.0;0.0
15.465;185;990;37;36630;0.0;16.400;1.116;38;39;13;0;100;100;100;136;100;219;100;45;45;0;2.568;2.568;0.000;0.000;16.400;1.116;8.5;0.0;0;30;3.090;2.960;10.9;160;0;0;-8.6;0;0;0;0;87;96;0;0;1753;106.24;0;0;0;0;0;0;0;0;0;0;0;0;0;0;0;0;30;0;37.0;37.0;2;0;0.00;0.00;0.00;0.0;0.0
15.465;186;992;37;36704;0.0;18.500;1.259;38;40;13;0;100;100;100;135;100;216;100;45;45;0;2.533;2.533;0.000;0.000;18.500;1.259;8.4;0.0;0;29;3.090;2.824;11.0;-10;0;0;-8.6;0;0;0;0;87;96;0;0;1756;106.21;0;0;0;0;0;0;0;0;0;0;0;0;0;0;0;0;29;0;37.0;37.0;2;0;0.00;0.00;0.00;0.0;0.0
15.599;186;994;37;36778;0.0;19.500;1.327;38;40;13;0;100;100;100;135;100;216;100;45;45;0;2.533;2.533;0.000;0.000;19.500;1.327;8.4;0.0;0;29;3.090;2.761;11.0;-70;0;0;-8.6;0;0;0;0;87;96;0;0;1756;106.00;0;0;0;0;0;0;0;0;0;0;0;0;0;0;0;0;29;0;37.0;37.0;2;0;0.00;0.00;0.00;0.0;0.0
15.665;186;984;37;36408;0.0;19.700;1.340;38;40;13;0;100;100;100;135;100;216;100;45;45;0;2.533;2.533;0.000;0.000;19.700;1.340;8.3;0.0;0;29;3.090;2.766;11.0;-70;0;0;-8.6;0;0;0;0;87;96;0;0;1756;107.07;0;0;0;0;0;0;0;0;0;0;0;0;0;0;0;0;29;0;37.0;37.0;2;0;0.00;0.00;0.00;0.0;0.0
15.731;186;974;37;36038;0.0;19.700;1.340;38;40;13;0;100;100;100;135;100;216;100;45;45;0;2.533;2.533;0.000;0.000;19.700;1.340;8.2;0.0;0;29;3.090;2.987;11.0;-180;0;0;-8.6;0;0;0;0;87;96;0;0;1756;108.17;0;0;0;0;0;0;0;0;0;0;0;0;0;0;0;0;29;0;37.0;37.0;2;0;0.00;0.00;0.00;0.0;0.0
15.731;186;980;37;36260;0.0;19.700;1.340;38;40;13;0;100;100;100;135;100;216;100;45;45;0;2.557;2.557;0.000;0.000;19.700;1.340;8.4;0.0;0;29;3.090;3.046;10.9;110;0;0;-8.6;0;0;0;0;87;96;0;0;1756;107.51;0;0;0;0;0;0;0;0;0;0;0;0;0;0;0;0;29;0;37.0;37.0;2;0;0.00;0.00;0.00;0.0;0.0
15.865;186;984;37;36408;0.0;19.700;1.340;38;40;13;0;100;100;100;135;100;216;100;45;45;0;2.557;2.557;0.000;0.000;19.700;1.340;8.4;0.0;0;29;3.090;3.124;10.9;110;0;0;-8.6;0;0;0;0;87;96;0;0;1756;107.07;0;0;0;0;0;0;0;0;0;0;0;0;0;0;0;0;29;0;37.0;37.0;2;0;0.00;0.00;0.00;0.0;0.0
15.865;186;989;37;36593;0.0;19.700;1.340;38;40;13;0;100;100;100;135;100;216;100;45;45;0;2.557;2.557;0.000;0.000;19.700;1.340;8.4;0.0;0;30;3.090;2.893;10.9;90;0;0;-8.6;0;0;0;0;87;96;0;0;1756;106.53;0;0;0;0;0;0;0;0;0;0;0;0;0;0;0;0;30;0;37.0;37.0;2;0;0.00;0.00;0.00;0.0;0.0
16.000;186;981;37;36297;0.0;19.700;1.340;38;40;13;0;100;100;100;135;100;216;100;45;45;0;2.533;2.533;0.000;0.000;19.700;1.340;8.3;0.0;0;30;3.090;2.990;11.0;-80;0;0;-8.6;0;0;0;0;87;96;0;0;1756;107.40;0;0;0;0;0;0;0;0;0;0;0;0;0;0;0;0;30;0;37.0;37.0;2;0;0.00;0.00;0.00;0.0;0.0
16.067;186;980;37;36260;0.0;19.700;1.340;38;40;13;0;100;100;100;135;100;216;100;45;45;0;2.533;2.533;0.000;0.000;19.700;1.340;8.3;0.0;0;29;3.090;2.836;11.0;-80;0;0;-8.6;0;0;0;0;87;96;0;0;1756;107.51;0;0;0;0;0;0;0;0;0;0;0;0;0;0;0;0;29;0;37.0;37.0;2;0;0.00;0.00;0.00;0.0;0.0
16.132;186;980;37;36260;0.0;19.700;1.340;38;40;13;0;100;100;100;135;100;216;100;45;45;0;2.533;2.533;0.000;0.000;19.700;1.340;8.3;0.0;0;29;3.090;2.812;11.0;50;0;0;-8.6;0;0;0;0;87;96;0;0;1756;107.51;0;0;0;0;0;0;0;0;0;0;0;0;0;0;0;0;29;0;37.0;37.0;2;0;0.00;0.00;0.00;0.0;0.0
16.197;186;978;37;36186;0.0;19.700;1.340;38;40;13;0;100;100;100;135;100;216;100;45;45;0;2.533;2.533;0.000;0.000;19.700;1.340;8.3;0.0;0;29;3.090;2.810;11.0;50;0;0;-8.6;0;0;0;0;87;96;0;0;1756;107.73;0;0;0;0;0;0;0;0;0;0;0;0;0;0;0;0;29;0;37.0;37.0;2;0;0.00;0.00;0.00;0.0;0.0
16.263;186;967;38;36746;0.0;19.700;1.340;38;40;13;0;100;100;100;135;100;216;100;46;46;0;2.569;2.569;0.000;0.000;19.700;1.340;8.3;0.0;0;29;3.060;2.616;11.1;-80;0;0;-8.4;0;0;0;0;87;96;0;0;1756;108.96;0;0;0;0;0;0;0;0;0;0;0;0;0;0;0;0;29;0;38.0;38.0;2;0;0.00;0.00;0.00;0.0;0.0
16.263;186;939;38;35682;0.0;19.700;1.340;38;40;13;0;100;100;100;135;100;216;100;46;46;0;2.569;2.569;0.000;0.000;19.700;1.340;8.0;0.0;0;28;3.060;2.564;11.1;-270;0;0;-8.4;0;0;0;0;87;96;0;0;1756;112.20;0;0;0;0;0;0;0;0;0;0;0;0;0;0;0;0;28;0;38.0;38.0;2;0;0.00;0.00;0.00;0.0;0.0
16.332;186;953;38;36214;0.0;19.700;1.340;38;40;13;0;100;100;100;135;100;216;100;46;46;0;2.569;2.569;0.000;0.000;19.700;1.340;8.2;0.0;0;29;3.060;3.064;11.1;-270;0;0;-8.4;0;0;0;0;87;96;0;0;1756;110.56;0;0;0;0;0;0;0;0;0;0;0;0;0;0;0;0;29;0;38.0;38.0;2;0;0.00;0.00;0.00;0.0;0.0
16.463;186;956;38;36328;0.0;19.700;1.340;38;40;13;0;100;100;100;135;100;216;100;46;46;0;2.569;2.569;0.000;0.000;19.700;1.340;8.2;0.0;0;29;3.060;2.685;11.1;20;0;0;-8.4;0;0;0;0;87;96;0;0;1756;110.21;0;0;0;0;0;0;0;0;0;0;0;0;0;0;0;0;29;0;38.0;38.0;2;0;0.00;0.00;0.00;0.0;0.0
16.533;187;965;38;36670;0.0;19.700;1.340;38;40;13;0;100;100;100;135;100;216;100;46;46;0;2.569;2.569;0.000;0.000;19.700;1.340;8.3;0.0;0;29;3.060;3.114;11.1;90;0;0;-8.4;0;0;0;0;87;96;0;0;1765;109.74;0;0;0;0;0;0;0;0;0;0;0;0;0;0;0;0;29;0;38.0;38.0;2;0;0.00;0.00;0.00;0.0;0.0
16.598;187;956;38;36328;0.0;19.700;1.340;38;40;13;0;100;100;100;135;100;216;100;46;46;0;2.569;2.569;0.000;0.000;19.700;1.340;8.2;0.0;0;29;3.060;3.035;11.1;90;0;0;-8.4;0;0;0;0;87;96;0;0;1765;110.77;0;0;0;0;0;0;0;0;0;0;0;0;0;0;0;0;29;0;38.0;38.0;2;0;0.00;0.00;0.00;0.0;0.0
16.664;187;941;38;35758;0.0;19.700;1.340;38;40;13;0;100;100;100;135;100;216;100;45;45;0;2.554;2.554;0.000;0.000;19.700;1.340;8.0;0.0;0;29;3.060;2.888;11.1;-60;0;0;-8.4;0;0;0;0;87;96;0;0;1765;112.54;0;0;0;0;0;0;0;0;0;0;0;0;0;0;0;0;29;0;38.0;38.0;2;0;0.00;0.00;0.00;0.0;0.0
16.664;187;938;39;36582;0.0;19.700;1.340;38;40;13;0;100;100;100;135;100;216;100;46;46;0;2.586;2.586;0.000;0.000;19.700;1.340;8.1;0.0;0;28;3.060;2.977;11.1;-220;0;0;-8.3;0;0;0;0;87;96;0;0;1765;112.90;0;0;0;0;0;0;0;0;0;0;0;0;0;0;0;0;28;0;39.0;39.0;2;0;0.00;0.00;0.00;0.0;0.0
16.799;187;938;39;36582;0.0;19.700;1.340;38;40;13;0;100;100;100;135;100;216;100;46;46;0;2.586;2.586;0.000;0.000;19.700;1.340;8.1;0.0;0;28;3.060;2.899;11.1;-220;0;0;-8.3;0;0;0;0;87;96;0;0;1765;112.90;0;0;0;0;0;0;0;0;0;0;0;0;0;0;0;0;28;0;39.0;39.0;2;0;0.00;0.00;0.00;0.0;0.0
16.865;187;944;39;36816;0.0;19.700;1.340;38;40;13;0;100;100;100;135;100;216;100;46;46;0;2.586;2.586;0.000;0.000;19.700;1.340;8.1;0.0;0;28;3.060;3.118;11.1;0;0;0;-8.3;0;0;0;0;87;96;0;0;1765;112.18;0;0;0;0;0;0;0;0;0;0;0;0;0;0;0;0;28;0;39.0;39.0;2;0;0.00;0.00;0.00;0.0;0.0
16.930;187;940;39;36660;0.0;19.700;1.340;38;40;13;0;100;100;100;135;100;216;100;46;46;0;2.586;2.586;0.000;0.000;19.700;1.340;8.1;0.0;0;28;3.060;2.808;11.1;60;0;0;-8.3;0;0;0;0;87;96;0;0;1765;112.66;0;0;0;0;0;0;0;0;0;0;0;0;0;0;0;0;28;0;39.0;39.0;2;0;0.00;0.00;0.00;0.0;0.0
16.996;187;952;39;37128;0.0;19.700;1.340;38;40;13;0;100;100;100;135;100;216;100;47;47;0;2.599;2.599;0.000;0.000;19.700;1.340;8.2;0.0;0;28;3.060;3.157;11.1;60;0;0;-8.3;0;0;0;0;87;96;0;0;1765;111.24;0;0;0;0;0;0;0;0;0;0;0;0;0;0;0;0;28;0;39.0;39.0;2;0;0.00;0.00;0.00;0.0;0.0
17.061;187;946;39;36894;0.0;19.700;1.340;38;40;13;0;100;100;100;135;100;216;100;47;47;0;2.599;2.599;0.000;0.000;19.700;1.340;8.2;0.0;0;28;3.060;2.775;11.1;180;0;0;-8.3;0;0;0;0;87;96;0;0;1765;111.95;0;0;0;0;0;0;0;0;0;0;0;0;0;0;0;0;28;0;39.0;39.0;2;0;0.00;0.00;0.00;0.0;0.0
17.131;187;965;38;36670;0.0;19.700;1.340;38;40;13;0;100;100;100;135;100;216;100;46;46;0;2.569;2.569;0.000;0.000;19.700;1.340;8.3;0.0;0;29;3.060;3.618;11.1;70;0;0;-8.4;0;0;0;0;87;96;0;0;1765;109.74;0;0;0;0;0;0;0;0;0;0;0;0;0;0;0;0;29;0;38.0;38.0;2;0;0.00;0.00;0.00;0.0;0.0
17.196;187;954;38;36252;0.0;19.700;1.340;38;40;13;0;100;100;100;135;100;216;100;46;46;0;2.569;2.569;0.000;0.000;19.700;1.340;8.2;0.0;0;28;3.060;2.574;11.1;70;0;0;-8.4;0;0;0;0;87;96;0;0;1765;111.01;0;0;0;0;0;0;0;0;0;0;0;0;0;0;0;0;28;0;38.0;38.0;2;0;0.00;0.00;0.00;0.0;0.0
17.266;187;972;35;34020;0.0;19.700;1.340;38;40;13;0;100;100;100;135;100;216;100;44;44;0;2.463;2.463;0.000;0.000;19.700;1.340;8.0;0.0;0;29;3.060;3.179;11.1;-110;0;0;-8.8;0;0;0;0;87;96;0;0;1765;108.95;0;0;0;0;0;0;0;0;0;0;0;0;0;0;0;0;29;0;35.0;35.0;2;0;0.00;0.00;0.00;0.0;0.0
17.332;187;976;38;37088;0.0;19.700;1.340;38;40;13;0;100;100;100;135;100;216;100;46;46;0;2.569;2.569;0.000;0.000;19.700;1.340;8.4;0.0;0;29;3.060;2.824;11.1;220;0;0;-8.4;0;0;0;0;87;96;0;0;1765;108.50;0;0;0;0;0;0;0;0;0;0;0;0;0;0;0;0;29;0;38.0;38.0;2;0;0.00;0.00;0.00;0.0;0.0
17.397;187;977;38;37126;0.0;19.700;1.340;38;40;13;0;100;100;100;135;100;216;100;46;46;0;2.569;2.569;0.000;0.000;19.700;1.340;8.4;0.0;0;29;3.060;2.632;11.1;220;0;0;-8.4;0;0;0;0;87;96;0;0;1765;108.39;0;0;0;0;0;0;0;0;0;0;0;0;0;0;0;0;29;0;38.0;38.0;2;0;0.00;0.00;0.00;0.0;0.0
17.463;187;976;38;37088;0.0;19.700;1.340;38;40;13;0;100;100;100;135;100;216;100;46;46;0;2.569;2.569;0.000;0.000;19.700;1.340;8.4;0.0;0;29;3.060;2.825;11.1;-20;0;0;-8.4;0;0;0;0;87;96;0;0;1765;108.50;0;0;0;0;0;0;0;0;0;0;0;0;0;0;0;0;29;0;38.0;38.0;2;0;0.00;0.00;0.00;0.0;0.0
17.532;188;982;37;36334;0.0;19.700;1.340;38;40;13;0;100;100;100;135;100;216;100;45;45;0;2.557;2.557;0.000;0.000;19.700;1.340;8.4;0.0;0;30;3.090;3.107;10.9;60;0;0;-8.6;0;0;0;0;87;96;0;0;1764;107.78;0;0;0;0;0;0;0;0;0;0;0;0;0;0;0;0;30;0;37.0;37.0;2;0;0.00;0.00;0.00;0.0;0.0
17.598;188;980;37;36260;0.0;19.700;1.340;38;40;13;0;100;100;100;135;100;216;100;45;45;0;2.557;2.557;0.000;0.000;19.700;1.340;8.4;0.0;0;29;3.090;3.017;10.9;60;0;0;-8.6;0;0;0;0;87;96;0;0;1764;108.00;0;0;0;0;0;0;0;0;0;0;0;0;0;0;0;0;29;0;37.0;37.0;2;0;0.00;0.00;0.00;0.0;0.0
17.664;188;972;38;36936;0.0;19.700;1.340;38;40;13;0;100;100;100;135;100;216;100;46;46;0;2.605;2.605;0.000;0.000;19.700;1.340;8.4;0.0;0;29;3.090;2.897;10.9;-90;0;0;-8.4;0;0;0;0;87;96;0;0;1764;108.89;0;0;0;0;0;0;0;0;0;0;0;0;0;0;0;0;29;0;38.0;38.0;2;0;0.00;0.00;0.00;0.0;0.0
17.733;188;977;38;37126;0.0;19.700;1.340;38;40;13;0;100;100;100;135;100;216;100;46;46;0;2.605;2.605;0.000;0.000;19.700;1.340;8.5;0.0;0;29;3.090;3.134;10.9;60;0;0;-8.4;0;0;0;0;87;96;0;0;1764;108.33;0;0;0;0;0;0;0;0;0;0;0;0;0;0;0;0;29;0;38.0;38.0;2;0;0.00;0.00;0.00;0.0;0.0
17.799;188;991;37;36667;0.0;19.700;1.340;38;40;13;0;100;100;100;135;100;216;100;45;45;0;2.533;2.533;0.000;0.000;19.700;1.340;8.4;0.0;0;29;3.090;3.278;11.0;60;0;0;-8.6;0;0;0;0;87;96;0;0;1764;106.80;0;0;0;0;0;0;0;0;0;0;0;0;0;0;0;0;29;0;37.0;37.0;2;0;0.00;0.00;0.00;0.0;0.0
17.864;188;983;37;36371;0.0;19.700;1.340;38;40;13;0;100;100;100;135;100;216;100;45;45;0;2.533;2.533;0.000;0.000;19.700;1.340;8.3;0.0;0;29;3.090;3.048;11.0;50;0;0;-8.6;0;0;0;0;87;96;0;0;1764;107.67;0;0;0;0;0;0;0;0;0;0;0;0;0;0;0;0;29;0;37.0;37.0;2;0;0.00;0.00;0.00;0.0;0.0
17.934;188;973;37;36001;0.0;19.700;1.340;38;40;13;0;100;100;100;135;100;216;100;45;45;0;2.533;2.533;0.000;0.000;19.700;1.340;8.2;0.0;0;29;3.090;2.954;11.0;-90;0;0;-8.6;0;0;0;0;87;96;0;0;1764;108.78;0;0;0;0;0;0;0;0;0;0;0;0;0;0;0;0;29;0;37.0;37.0;2;0;0.00;0.00;0.00;0.0;0.0
17.999;188;962;38;36556;0.0;19.700;1.340;38;40;13;0;100;100;100;135;100;216;100;46;46;0;2.581;2.581;0.000;0.000;19.700;1.340;8.3;0.0;0;29;3.090;2.701;11.0;-90;0;0;-8.4;0;0;0;0;87;96;0;0;1764;110.02;0;0;0;0;0;0;0;0;0;0;0;0;0;0;0;0;29;0;38.0;38.0;2;0;0.00;0.00;0.00;0.0;0.0
18.065;188;960;37;35520;0.0;19.700;1.340;38;40;13;0;100;100;100;135;100;216;100;45;45;0;2.521;2.521;0.000;0.000;19.700;1.340;8.1;0.0;0;29;3.060;2.926;11.1;-90;0;0;-8.6;0;0;0;0;87;96;0;0;1764;110.25;0;0;0;0;0;0;0;0;0;0;0;0;0;0;0;0;29;0;37.0;37.0;2;0;0.00;0.00;0.00;0.0;0.0
18.130;188;977;38;37126;0.0;19.700;1.340;38;40;13;0;100;100;100;135;100;216;100;46;46;0;2.569;2.569;0.000;0.000;19.700;1.340;8.4;0.0;0;29;3.060;2.972;11.1;130;0;0;-8.4;0;0;0;0;87;96;0;0;1764;108.33;0;0;0;0;0;0;0;0;0;0;0;0;0;0;0;0;29;0;38.0;38.0;2;0;0.00;0.00;0.00;0.0;0.0
18.200;188;971;38;36898;0.0;19.700;1.340;38;40;13;0;100;100;100;135;100;216;100;46;46;0;2.569;2.569;0.000;0.000;19.700;1.340;8.3;0.0;0;29;3.060;2.754;11.1;130;0;0;-8.4;0;0;0;0;87;96;0;0;1764;109.00;0;0;0;0;0;0;0;0;0;0;0;0;0;0;0;0;29;0;38.0;38.0;2;0;0.00;0.00;0.00;0.0;0.0
18.266;188;966;38;36708;0.0;19.700;1.340;38;40;13;0;100;100;100;135;100;216;100;46;46;0;2.569;2.569;0.000;0.000;19.700;1.340;8.3;0.0;0;29;3.060;2.860;11.1;-20;0;0;-8.4;0;0;0;0;87;96;0;0;1764;109.57;0;0;0;0;0;0;0;0;0;0;0;0;0;0;0;0;29;0;38.0;38.0;2;0;0.00;0.00;0.00;0.0;0.0
18.331;188;960;38;36480;0.0;19.700;1.340;38;40;13;0;100;100;100;135;100;216;100;46;46;0;2.569;2.569;0.000;0.000;19.700;1.340;8.2;0.0;0;29;3.060;2.532;11.1;-20;0;0;-8.4;0;0;0;0;87;96;0;0;1764;110.25;0;0;0;0;0;0;0;0;0;0;0;0;0;0;0;0;29;0;38.0;38.0;2;0;0.00;0.00;0.00;0.0;0.0
18.401;188;952;38;36176;0.0;19.700;1.340;38;40;13;0;100;100;100;135;100;216;100;46;46;0;2.569;2.569;0.000;0.000;19.700;1.340;8.2;0.0;0;29;3.060;2.804;11.1;-150;0;0;-8.4;0;0;0;0;87;96;0;0;1764;111.18;0;0;0;0;0;0;0;0;0;0;0;0;0;0;0;0;29;0;38.0;38.0;2;0;0.00;0.00;0.00;0.0;0.0
18.467;188;962;38;36556;0.0;19.700;1.340;38;40;13;0;100;100;100;135;100;216;100;46;46;0;2.569;2.569;0.000;0.000;19.700;1.340;8.2;0.0;0;29;3.060;3.461;11.1;-130;0;0;-8.4;0;0;0;0;87;96;0;0;1764;110.02;0;0;0;0;0;0;0;0;0;0;0;0;0;0;0;0;29;0;38.0;38.0;2;0;0.00;0.00;0.00;0.0;0.0
18.532;188;964;38;36632;0.0;19.700;1.340;38;40;13;0;100;100;100;135;100;216;100;46;46;0;2.569;2.569;0.000;0.000;19.700;1.340;8.3;0.0;0;29;3.060;2.993;11.1;-130;0;0;-8.4;0;0;0;0;87;96;0;0;1764;109.79;0;0;0;0;0;0;0;0;0;0;0;0;0;0;0;0;29;0;38.0;38.0;2;0;0.00;0.00;0.00;0.0;0.0
18.601;189;965;38;36670;0.0;19.700;1.340;38;40;13;0;100;100;100;135;100;216;100;46;46;0;2.581;2.581;0.000;0.000;19.700;1.340;8.3;0.0;0;29;3.090;3.238;11.0;170;0;0;-8.4;0;0;0;0;87;96;0;0;1760;109.43;0;0;0;0;0;0;0;0;0;0;0;0;0;0;0;0;29;0;38.0;38.0;2;0;0.00;0.00;0.00;0.0;0.0
18.667;189;963;38;36594;0.0;19.700;1.340;38;40;13;0;100;100;100;135;100;216;100;46;46;0;2.581;2.581;0.000;0.000;19.700;1.340;8.3;0.0;0;29;3.090;2.894;11.0;-10;0;0;-8.4;0;0;0;0;87;96;0;0;1760;109.66;0;0;0;0;0;0;0;0;0;0;0;0;0;0;0;0;29;0;38.0;38.0;2;0;0.00;0.00;0.00;0.0;0.0
18.733;189;964;38;36632;0.0;19.700;1.340;38;40;13;0;100;100;100;135;100;216;100;46;46;0;2.581;2.581;0.000;0.000;19.700;1.340;8.3;0.0;0;29;3.090;3.167;11.0;-10;0;0;-8.4;0;0;0;0;87;96;0;0;1760;109.54;0;0;0;0;0;0;0;0;0;0;0;0;0;0;0;0;29;0;38.0;38.0;2;0;0.00;0.00;0.00;0.0;0.0
18.799;189;952;38;36176;0.0;19.700;1.340;38;40;13;0;100;100;100;135;100;216;100;46;46;0;2.629;2.629;0.000;0.000;19.700;1.340;8.3;0.0;0;29;3.090;2.993;10.8;10;0;0;-8.4;0;0;0;0;87;96;0;0;1760;110.92;0;0;0;0;0;0;0;0;0;0;0;0;0;0;0;0;29;0;38.0;38.0;2;0;0.00;0.00;0.00;0.0;0.0
18.864;189;947;38;35986;0.0;19.700;1.340;38;40;13;0;100;100;100;135;100;216;100;45;45;0;2.614;2.614;0.000;0.000;19.700;1.340;8.3;0.0;0;28;3.090;2.735;10.8;-140;0;0;-8.4;0;0;0;0;87;96;0;0;1760;111.51;0;0;0;0;0;0;0;0;0;0;0;0;0;0;0;0;28;0;38.0;38.0;2;0;0.00;0.00;0.00;0.0;0.0
18.935;189;950;38;36100;0.0;19.700;1.340;38;40;13;0;100;100;100;135;100;216;100;46;46;0;2.629;2.629;0.000;0.000;19.700;1.340;8.3;0.0;0;28;3.090;2.772;10.8;-140;0;0;-8.4;0;0;0;0;87;96;0;0;1760;111.16;0;0;0;0;0;0;0;0;0;0;0;0;0;0;0;0;28;0;38.0;38.0;2;0;0.00;0.00;0.00;0.0;0.0
18.999;189;943;38;35834;0.0;19.700;1.340;38;40;13;0;100;100;100;135;100;216;100;46;46;0;2.629;2.629;0.000;0.000;19.700;1.340;8.3;0.0;0;28;3.090;2.707;10.8;0;0;0;-8.4;0;0;0;0;87;96;0;0;1760;111.98;0;0;0;0;0;0;0;0;0;0;0;0;0;0;0;0;28;0;38.0;38.0;2;0;0.00;0.00;0.00;0.0;0.0
19.064;189;948;38;36024;0.0;19.700;1.340;38;40;13;0;100;100;100;135;100;216;100;46;46;0;2.713;2.713;0.000;0.000;19.700;1.340;8.6;0.0;0;29;3.120;3.065;10.4;-60;0;0;-8.4;0;0;0;0;87;96;0;0;1760;111.39;0;0;0;0;0;0;0;0;0;0;0;0;0;0;0;0;29;0;38.0;38.0;2;0;0.00;0.00;0.00;0.0;0.0
19.134;189;951;39;37089;0.0;19.700;1.340;38;40;13;0;100;100;100;135;100;216;100;46;46;0;2.730;2.730;0.000;0.000;19.700;1.340;8.7;0.0;0;29;3.120;2.975;10.4;-60;0;0;-8.3;0;0;0;0;87;96;0;0;1760;111.04;0;0;0;0;0;0;0;0;0;0;0;0;0;0;0;0;29;0;39.0;39.0;2;0;0.00;0.00;0.00;0.0;0.0
19.199;189;942;39;36738;0.0;19.700;1.340;38;40;13;0;100;100;100;135;100;216;100;46;46;0;2.730;2.730;0.000;0.000;19.700;1.340;8.6;0.0;0;29;3.120;2.983;10.4;40;0;0;-8.3;0;0;0;0;87;96;0;0;1760;112.10;0;0;0;0;0;0;0;0;0;0;0;0;0;0;0;0;29;0;39.0;39.0;2;0;0.00;0.00;0.00;0.0;0.0
19.265;189;957;39;37323;0.0;19.700;1.340;38;40;13;0;100;100;100;135;100;216;100;46;46;0;2.730;2.730;0.000;0.000;19.700;1.340;8.7;0.0;0;28;3.120;3.058;10.4;90;0;0;-8.3;0;0;0;0;87;96;0;0;1760;110.34;0;0;0;0;0;0;0;0;0;0;0;0;0;0;0;0;28;0;39.0;39.0;2;0;0.00;0.00;0.00;0.0;0.0
19.331;189;965;38;36670;0.0;19.700;1.340;38;40;13;0;100;100;100;135;100;216;100;46;46;0;2.677;2.677;0.000;0.000;19.700;1.340;8.6;0.0;0;29;3.090;2.698;10.6;90;0;0;-8.4;0;0;0;0;87;96;0;0;1760;109.43;0;0;0;0;0;0;0;0;0;0;0;0;0;0;0;0;29;0;38.0;38.0;2;0;0.00;0.00;0.00;0.0;0.0
19.400;189;981;38;37278;0.0;19.700;1.340;38;40;13;0;100;100;100;135;100;216;100;46;46;0;2.677;2.677;0.000;0.000;19.700;1.340;8.8;0.0;0;29;3.090;3.260;10.6;80;0;0;-8.4;0;0;0;0;87;96;0;0;1760;107.65;0;0;0;0;0;0;0;0;0;0;0;0;0;0;0;0;29;0;38.0;38.0;2;0;0.00;0.00;0.00;0.0;0.0
19.465;189;978;38;37164;0.0;19.700;1.340;38;40;13;0;100;100;100;135;100;216;100;46;46;0;2.677;2.677;0.000;0.000;19.700;1.340;8.7;0.0;0;29;3.090;3.076;10.6;80;0;0;-8.4;0;0;0;0;87;96;0;0;1760;107.98;0;0;0;0;0;0;0;0;0;0;0;0;0;0;0;0;29;0;38.0;38.0;2;0;0.00;0.00;0.00;0.0;0.0
19.531;189;990;38;37620;0.0;19.700;1.340;38;40;13;0;100;100;100;135;100;216;100;46;46;0;2.677;2.677;0.000;0.000;19.700;1.340;8.8;0.0;0;29;3.090;3.149;10.6;80;0;0;-8.4;0;0;0;0;87;96;0;0;1760;106.67;0;0;0;0;0;0;0;0;0;0;0;0;0;0;0;0;29;0;38.0;38.0;2;0;0.00;0.00;0.00;0.0;0.0
19.531;190;994;37;36778;0.0;19.700;1.340;38;40;13;0;100;100;100;135;100;216;100;45;45;0;2.557;2.557;0.000;0.000;19.700;1.340;8.5;0.0;0;29;3.090;3.049;10.9;140;0;0;-8.6;0;0;0;0;87;96;0;0;1762;106.36;0;0;0;0;0;0;0;0;0;0;0;0;0;0;0;0;29;0;37.0;37.0;2;0;0.00;0.00;0.00;0.0;0.0
19.666;190;990;37;36630;0.0;19.700;1.340;38;40;13;0;100;100;100;135;100;216;100;45;45;0;2.557;2.557;0.000;0.000;19.700;1.340;8.4;0.0;0;30;3.090;2.999;10.9;30;0;0;-8.6;0;0;0;0;87;96;0;0;1762;106.79;0;0;0;0;0;0;0;0;0;0;0;0;0;0;0;0;30;0;37.0;37.0;2;0;0.00;0.00;0.00;0.0;0.0
19.732;190;988;38;37544;0.0;19.700;1.340;38;40;13;0;100;100;100;135;100;216;100;46;46;0;2.605;2.605;0.000;0.000;19.700;1.340;8.6;0.0;0;30;3.090;3.022;10.9;30;0;0;-8.4;0;0;0;0;87;96;0;0;1762;107.00;0;0;0;0;0;0;0;0;0;0;0;0;0;0;0;0;30;0;38.0;38.0;2;0;0.00;0.00;0.00;0.0;0.0
19.797;190;981;37;36297;0.0;19.700;1.340;38;40;13;0;100;100;100;135;100;216;100;45;45;0;2.557;2.557;0.000;0.000;19.700;1.340;8.4;0.0;0;30;3.090;2.926;10.9;-20;0;0;-8.6;0;0;0;0;87;96;0;0;1762;107.77;0;0;0;0;0;0;0;0;0;0;0;0;0;0;0;0;30;0;37.0;37.0;2;0;0.00;0.00;0.00;0.0;0.0
19.863;190;986;37;36482;0.0;19.700;1.340;38;40;13;0;100;100;100;135;100;216;100;45;45;0;2.533;2.533;0.000;0.000;19.700;1.340;8.3;0.0;0;29;3.090;2.783;11.0;-20;0;0;-8.6;0;0;0;0;87;96;0;0;1762;107.22;0;0;0;0;0;0;0;0;0;0;0;0;0;0;0;0;29;0;37.0;37.0;2;0;0.00;0.00;0.00;0.0;0.0
19.932;190;980;37;36260;0.0;19.700;1.340;38;40;13;0;100;100;100;135;100;216;100;45;45;0;2.533;2.533;0.000;0.000;19.700;1.340;8.3;0.0;0;29;3.090;2.776;11.0;-20;0;0;-8.6;0;0;0;0;87;96;0;0;1762;107.88;0;0;0;0;0;0;0;0;0;0;0;0;0;0;0;0;29;0;37.0;37.0;2;0;0.00;0.00;0.00;0.0;0.0
19.998;190;993;37;36741;0.0;19.700;1.340;38;40;13;0;100;100;100;135;100;216;100;45;45;0;2.533;2.533;0.000;0.000;19.700;1.340;8.4;0.0;0;29;3.090;2.846;11.0;20;0;0;-8.6;0;0;0;0;87;96;0;0;1762;106.47;0;0;0;0;0;0;0;0;0;0;0;0;0;0;0;0;29;0;37.0;37.0;2;0;0.00;0.00;0.00;0.0;0.0
20.067;190;1004;37;37148;0.0;19.700;1.340;38;40;13;0;100;100;100;135;100;216;100;45;45;0;2.521;2.521;0.000;0.000;19.700;1.340;8.4;0.0;0;30;3.060;2.885;11.1;160;0;0;-8.6;0;0;0;0;87;96;0;0;1762;105.30;0;0;0;0;0;0;0;0;0;0;0;0;0;0;0;0;30;0;37.0;37.0;2;0;0.00;0.00;0.00;0.0;0.0
20.067;190;1002;37;37074;0.0;19.700;1.340;38;40;13;0;100;100;100;135;100;216;100;46;46;0;2.534;2.534;0.000;0.000;19.700;1.340;8.5;0.0;0;30;3.060;2.776;11.1;160;0;0;-8.6;0;0;0;0;87;96;0;0;1762;105.51;0;0;0;0;0;0;0;0;0;0;0;0;0;0;0;0;30;0;37.0;37.0;2;0;0.00;0.00;0.00;0.0;0.0
20.199;190;997;37;36889;0.0;19.700;1.340;38;40;13;0;100;100;100;135;100;216;100;45;45;0;2.521;2.521;0.000;0.000;19.700;1.340;8.4;0.0;0;30;3.060;3.004;11.1;-100;0;0;-8.6;0;0;0;0;87;96;0;0;1762;106.04;0;0;0;0;0;0;0;0;0;0;0;0;0;0;0;0;30;0;37.0;37.0;2;0;0.00;0.00;0.00;0.0;0.0
20.264;190;987;37;36519;0.0;19.700;1.340;38;40;13;0;100;100;100;135;100;216;100;45;45;0;2.521;2.521;0.000;0.000;19.700;1.340;8.3;0.0;0;29;3.060;2.643;11.1;-100;0;0;-8.6;0;0;0;0;87;96;0;0;1762;107.11;0;0;0;0;0;0;0;0;0;0;0;0;0;0;0;0;29;0;37.0;37.0;2;0;0.00;0.00;0.00;0.0;0.0
20.330;190;972;38;36936;0.0;19.700;1.340;38;40;13;0;100;100;100;135;100;216;100;46;46;0;2.569;2.569;0.000;0.000;19.700;1.340;8.3;0.0;0;29;3.060;2.988;11.1;-70;0;0;-8.4;0;0;0;0;87;96;0;0;1762;108.77;0;0;0;0;0;0;0;0;0;0;0;0;0;0;0;0;29;0;38.0;38.0;2;0;0.00;0.00;0.00;0.0;0.0
20.399;190;953;38;36214;0.0;19.700;1.340;38;40;13;0;100;100;100;135;100;216;100;46;46;0;2.569;2.569;0.000;0.000;19.700;1.340;8.2;0.0;0;29;3.060;2.849;11.1;-260;0;0;-8.4;0;0;0;0;87;96;0;0;1762;110.93;0;0;0;0;0;0;0;0;0;0;0;0;0;0;0;0;29;0;38.0;38.0;2;0;0.00;0.00;0.00;0.0;0.0
20.466;190;951;38;36138;0.0;19.700;1.340;38;40;13;0;100;100;100;135;100;216;100;46;46;0;2.569;2.569;0.000;0.000;19.700;1.340;8.1;0.0;0;28;3.060;3.193;11.1;-260;0;0;-8.4;0;0;0;0;87;96;0;0;1762;111.17;0;0;0;0;0;0;0;0;0;0;0;0;0;0;0;0;28;0;38.0;38.0;2;0;0.00;0.00;0.00;0.0;0.0
20.531;190;935;38;35530;0.0;19.700;1.340;38;40;13;0;100;100;100;135;100;216;100;45;45;0;2.554;2.554;0.000;0.000;19.700;1.340;8.0;0.0;0;28;3.060;2.602;11.1;-100;0;0;-8.4;0;0;0;0;87;96;0;0;1762;113.07;0;0;0;0;0;0;0;0;0;0;0;0;0;0;0;0;28;0;38.0;38.0;2;0;0.00;0.00;0.00;0.0;0.0
20.531;191;947;39;36933;0.0;19.700;1.340;38;40;13;0;100;100;100;135;100;216;100;46;46;0;2.586;2.586;0.000;0.000;19.700;1.340;8.2;0.0;0;28;3.060;3.019;11.1;-120;0;0;-8.3;0;0;0;0;87;96;0;0;1764;111.76;0;0;0;0;0;0;0;0;0;0;0;0;0;0;0;0;28;0;39.0;39.0;2;0;0.00;0.00;0.00;0.0;0.0
20.666;191;947;38;35986;0.0;19.700;1.340;38;40;13;0;100;100;100;135;100;216;100;45;45;0;2.554;2.554;0.000;0.000;19.700;1.340;8.1;0.0;0;28;3.060;2.691;11.1;-120;0;0;-8.4;0;0;0;0;87;96;0;0;1764;111.76;0;0;0;0;0;0;0;0;0;0;0;0;0;0;0;0;28;0;38.0;38.0;2;0;0.00;0.00;0.00;0.0;0.0
20.731;191;964;39;37596;0.0;19.700;1.340;38;40;13;0;100;100;100;135;100;216;100;46;46;0;2.586;2.586;0.000;0.000;19.700;1.340;8.3;0.0;0;29;3.060;3.079;11.1;80;0;0;-8.3;0;0;0;0;87;96;0;0;1764;109.79;0;0;0;0;0;0;0;0;0;0;0;0;0;0;0;0;29;0;39.0;39.0;2;0;0.00;0.00;0.00;0.0;0.0
20.800;191;946;38;35948;0.0;19.700;1.340;38;40;13;0;100;100;100;135;100;216;100;45;45;0;2.554;2.554;0.000;0.000;19.700;1.340;8.1;0.0;0;28;3.060;2.313;11.1;140;0;0;-8.4;0;0;0;0;87;96;0;0;1764;111.88;0;0;0;0;0;0;0;0;0;0;0;0;0;0;0;0;28;0;38.0;38.0;2;0;0.00;0.00;0.00;0.0;0.0
20.866;191;952;38;36176;0.0;19.700;1.340;38;40;13;0;100;100;100;135;100;216;100;46;46;0;2.569;2.569;0.000;0.000;19.700;1.340;8.2;0.0;0;29;3.060;2.906;11.1;140;0;0;-8.4;0;0;0;0;87;96;0;0;1764;111.18;0;0;0;0;0;0;0;0;0;0;0;0;0;0;0;0;29;0;38.0;38.0;2;0;0.00;0.00;0.00;0.0;0.0
20.866;191;959;38;36442;0.0;19.700;1.340;38;40;13;0;100;100;100;135;100;216;100;46;46;0;2.569;2.569;0.000;0.000;19.700;1.340;8.2;0.0;0;29;3.060;2.954;11.1;-20;0;0;-8.4;0;0;0;0;87;96;0;0;1764;110.36;0;0;0;0;0;0;0;0;0;0;0;0;0;0;0;0;29;0;38.0;38.0;2;0;0.00;0.00;0.00;0.0;0.0
20.997;191;983;38;37354;0.0;19.700;1.340;38;40;13;0;100;100;100;135;100;216;100;46;46;0;2.569;2.569;0.000;0.000;19.700;1.340;8.4;0.0;0;30;3.060;3.142;11.1;210;0;0;-8.4;0;0;0;0;87;96;0;0;1764;107.67;0;0;0;0;0;0;0;0;0;0;0;0;0;0;0;0;30;0;38.0;38.0;2;0;0.00;0.00;0.00;0.0;0.0
21.063;191;975;38;37050;0.0;19.700;1.340;38;40;13;0;100;100;100;135;100;216;100;46;46;0;2.569;2.569;0.000;0.000;19.700;1.340;8.3;0.0;0;29;3.060;2.981;11.1;210;0;0;-8.4;0;0;0;0;87;96;0;0;1764;108.55;0;0;0;0;0;0;0;0;0;0;0;0;0;0;0;0;29;0;38.0;38.0;2;0;0.00;0.00;0.00;0.0;0.0
21.132;191;969;38;36822;0.0;19.700;1.340;38;40;13;0;100;100;100;135;100;216;100;46;46;0;2.569;2.569;0.000;0.000;19.700;1.340;8.3;0.0;0;29;3.060;2.824;11.1;-50;0;0;-8.4;0;0;0;0;87;96;0;0;1764;109.23;0;0;0;0;0;0;0;0;0;0;0;0;0;0;0;0;29;0;38.0;38.0;2;0;0.00;0.00;0.00;0.0;0.0
21.132;191;958;38;36404;0.0;19.700;1.340;38;40;13;0;100;100;100;135;100;216;100;46;46;0;2.569;2.569;0.000;0.000;19.700;1.340;8.2;0.0;0;28;3.060;2.821;11.1;-170;0;0;-8.4;0;0;0;0;87;96;0;0;1764;110.48;0;0;0;0;0;0;0;0;0;0;0;0;0;0;0;0;28;0;38.0;38.0;2;0;0.00;0.00;0.00;0.0;0.0
21.264;191;965;38;36670;0.0;19.700;1.340;38;40;13;0;100;100;100;135;100;216;100;46;46;0;2.569;2.569;0.000;0.000;19.700;1.340;8.3;0.0;0;29;3.060;3.214;11.1;-170;0;0;-8.4;0;0;0;0;87;96;0;0;1764;109.68;0;0;0;0;0;0;0;0;0;0;0;0;0;0;0;0;29;0;38.0;38.0;2;0;0.00;0.00;0.00;0.0;0.0
21.333;191;966;38;36708;0.0;19.700;1.340;38;40;13;0;100;100;100;135;100;216;100;46;46;0;2.569;2.569;0.000;0.000;19.700;1.340;8.3;0.0;0;29;3.060;3.103;11.1;-20;0;0;-8.4;0;0;0;0;87;96;0;0;1764;109.57;0;0;0;0;0;0;0;0;0;0;0;0;0;0;0;0;29;0;38.0;38.0;2;0;0.00;0.00;0.00;0.0;0.0
21.333;191;948;38;36024;0.0;19.700;1.340;38;40;13;0;100;100;100;135;100;216;100;46;46;0;2.701;2.701;0.000;0.000;19.700;1.340;8.5;0.0;0;29;3.090;2.911;10.5;90;0;0;-8.4;0;0;0;0;87;96;0;0;1764;111.65;0;0;0;0;0;0;0;0;0;0;0;0;0;0;0;0;29;0;38.0;38.0;2;0;0.00;0.00;0.00;0.0;0.0
21.468;191;957;38;36366;0.0;19.700;1.340;38;40;13;0;100;100;100;135;100;216;100;46;46;0;2.701;2.701;0.000;0.000;19.700;1.340;8.6;0.0;0;29;3.090;3.240;10.5;90;0;0;-8.4;0;0;0;0;87;96;0;0;1764;110.60;0;0;0;0;0;0;0;0;0;0;0;0;0;0;0;0;29;0;38.0;38.0;2;0;0.00;0.00;0.00;0.0;0.0
21.534;191;956;38;36328;0.0;19.700;1.340;38;40;13;0;100;100;100;135;100;216;100;46;46;0;2.701;2.701;0.000;0.000;19.700;1.340;8.6;0.0;0;29;3.090;2.985;10.5;-80;0;0;-8.4;0;0;0;0;87;96;0;0;1764;110.71;0;0;0;0;0;0;0;0;0;0;0;0;0;0;0;0;29;0;38.0;38.0;2;0;0.00;0.00;0.00;0.0;0.0
21.599;192;953;38;36214;0.0;19.700;1.340;38;40;13;0;100;100;100;135;100;216;100;46;46;0;2.629;2.629;0.000;0.000;19.700;1.340;8.4;0.0;0;29;3.090;3.002;10.8;-40;0;0;-8.4;0;0;0;0;87;96;0;0;1765;111.12;0;0;0;0;0;0;0;0;0;0;0;0;0;0;0;0;29;0;38.0;38.0;2;0;0.00;0.00;0.00;0.0;0.0
21.666;192;952;38;36176;0.0;19.700;1.340;38;40;13;0;100;100;100;135;100;216;100;46;46;0;2.629;2.629;0.000;0.000;19.700;1.340;8.3;0.0;0;29;3.090;3.148;10.8;-40;0;0;-8.4;0;0;0;0;87;96;0;0;1765;111.24;0;0;0;0;0;0;0;0;0;0;0;0;0;0;0;0;29;0;38.0;38.0;2;0;0.00;0.00;0.00;0.0;0.0
21.731;192;963;39;37557;0.0;19.700;1.340;38;40;13;0;100;100;100;135;100;216;100;46;46;0;2.646;2.646;0.000;0.000;19.700;1.340;8.5;0.0;0;29;3.090;3.142;10.8;70;0;0;-8.3;0;0;0;0;87;96;0;0;1765;109.97;0;0;0;0;0;0;0;0;0;0;0;0;0;0;0;0;29;0;39.0;39.0;2;0;0.00;0.00;0.00;0.0;0.0
21.800;192;966;38;36708;0.0;19.700;1.340;38;40;13;0;100;100;100;135;100;216;100;46;46;0;2.629;2.629;0.000;0.000;19.700;1.340;8.5;0.0;0;29;3.090;2.853;10.8;60;0;0;-8.4;0;0;0;0;87;96;0;0;1765;109.63;0;0;0;0;0;0;0;0;0;0;0;0;0;0;0;0;29;0;38.0;38.0;2;0;0.00;0.00;0.00;0.0;0.0
21.866;192;988;38;37544;0.0;19.700;1.340;38;40;13;0;100;100;100;135;100;216;100;46;46;0;2.581;2.581;0.000;0.000;19.700;1.340;8.5;0.0;0;30;3.090;3.197;11.0;60;0;0;-8.4;0;0;0;0;87;96;0;0;1765;107.19;0;0;0;0;0;0;0;0;0;0;0;0;0;0;0;0;30;0;38.0;38.0;2;0;0.00;0.00;0.00;0.0;0.0
21.931;192;997;37;36889;0.0;19.700;1.340;38;40;13;0;100;100;100;135;100;216;100;45;45;0;2.533;2.533;0.000;0.000;19.700;1.340;8.4;0.0;0;30;3.090;2.832;11.0;220;0;0;-8.6;0;0;0;0;87;96;0;0;1765;106.22;0;0;0;0;0;0;0;0;0;0;0;0;0;0;0;0;30;0;37.0;37.0;2;0;0.00;0.00;0.00;0.0;0.0
21.997;192;999;37;36963;0.0;19.700;1.340;38;40;13;0;100;100;100;135;100;216;100;46;46;0;2.546;2.546;0.000;0.000;19.700;1.340;8.5;0.0;0;29;3.090;2.776;11.0;110;0;0;-8.6;0;0;0;0;87;96;0;0;1765;106.01;0;0;0;0;0;0;0;0;0;0;0;0;0;0;0;0;29;0;37.0;37.0;2;0;0.00;0.00;0.00;0.0;0.0
22.063;192;993;37;36741;0.0;19.700;1.340;38;40;13;0;100;100;100;135;100;216;100;45;45;0;2.533;2.533;0.000;0.000;19.700;1.340;8.4;0.0;0;29;3.090;3.028;11.0;110;0;0;-8.6;0;0;0;0;87;96;0;0;1765;106.65;0;0;0;0;0;0;0;0;0;0;0;0;0;0;0;0;29;0;37.0;37.0;2;0;0.00;0.00;0.00;0.0;0.0
22.132;192;996;37;36852;0.0;19.700;1.340;38;40;13;0;100;100;100;135;100;216;100;46;46;0;2.534;2.534;0.000;0.000;19.700;1.340;8.4;0.0;0;29;3.060;2.956;11.1;-40;0;0;-8.6;0;0;0;0;87;96;0;0;1765;106.33;0;0;0;0;0;0;0;0;0;0;0;0;0;0;0;0;29;0;37.0;37.0;2;0;0.00;0.00;0.00;0.0;0.0
22.198;192;986;38;37468;0.0;19.700;1.340;38;40;13;0;100;100;100;135;100;216;100;46;46;0;2.569;2.569;0.000;0.000;19.700;1.340;8.4;0.0;0;29;3.060;2.878;11.1;-90;0;0;-8.4;0;0;0;0;87;96;0;0;1765;107.40;0;0;0;0;0;0;0;0;0;0;0;0;0;0;0;0;29;0;38.0;38.0;2;0;0.00;0.00;0.00;0.0;0.0
22.263;192;992;37;36704;0.0;19.700;1.340;38;40;13;0;100;100;100;135;100;216;100;45;45;0;2.521;2.521;0.000;0.000;19.700;1.340;8.3;0.0;0;29;3.060;3.111;11.1;-90;0;0;-8.6;0;0;0;0;87;96;0;0;1765;106.75;0;0;0;0;0;0;0;0;0;0;0;0;0;0;0;0;29;0;37.0;37.0;2;0;0.00;0.00;0.00;0.0;0.0
22.263;192;997;37;36889;0.0;19.700;1.340;38;40;13;0;100;100;100;135;100;216;100;45;45;0;2.521;2.521;0.000;0.000;19.700;1.340;8.4;0.0;0;30;3.060;2.876;11.1;120;0;0;-8.6;0;0;0;0;87;96;0;0;1765;106.22;0;0;0;0;0;0;0;0;0;0;0;0;0;0;0;0;30;0;37.0;37.0;2;0;0.00;0.00;0.00;0.0;0.0
22.398;192;979;37;36223;0.0;19.700;1.340;38;40;13;0;100;100;100;135;100;216;100;45;45;0;2.521;2.521;0.000;0.000;19.700;1.340;8.2;0.0;0;29;3.060;2.448;11.1;120;0;0;-8.6;0;0;0;0;87;96;0;0;1765;108.17;0;0;0;0;0;0;0;0;0;0;0;0;0;0;0;0;29;0;37.0;37.0;2;0;0.00;0.00;0.00;0.0;0.0
22.464;192;981;38;37278;0.0;19.700;1.340;38;40;13;0;100;100;100;135;100;216;100;46;46;0;2.569;2.569;0.000;0.000;19.700;1.340;8.4;0.0;0;29;3.060;3.044;11.1;-190;0;0;-8.4;0;0;0;0;87;96;0;0;1765;107.95;0;0;0;0;0;0;0;0;0;0;0;0;0;0;0;0;29;0;38.0;38.0;2;0;0.00;0.00;0.00;0.0;0.0
22.533;192;985;37;36445;0.0;19.700;1.340;38;40;13;0;100;100;100;135;100;216;100;45;45;0;2.521;2.521;0.000;0.000;19.700;1.340;8.3;0.0;0;29;3.060;2.700;11.1;70;0;0;-8.6;0;0;0;0;87;96;0;0;1765;107.51;0;0;0;0;0;0;0;0;0;0;0;0;0;0;0;0;29;0;37.0;37.0;2;0;0.00;0.00;0.00;0.0;0.0
22.599;192;976;38;37088;0.0;19.700;1.340;38;40;13;0;100;100;100;135;100;216;100;46;46;0;2.569;2.569;0.000;0.000;19.700;1.340;8.4;0.0;0;29;3.060;2.896;11.1;70;0;0;-8.4;0;0;0;0;87;96;0;0;1765;108.50;0;0;0;0;0;0;0;0;0;0;0;0;0;0;0;0;29;0;38.0;38.0;2;0;0.00;0.00;0.00;0.0;0.0
22.664;193;973;38;36974;0.0;19.700;1.340;38;40;13;0;100;100;100;135;100;216;100;46;46;0;2.569;2.569;0.000;0.000;19.700;1.340;8.3;0.0;0;29;3.060;3.099;11.1;-100;0;0;-8.4;0;0;0;0;87;96;0;0;1759;108.47;0;0;0;0;0;0;0;0;0;0;0;0;0;0;0;0;29;0;38.0;38.0;2;0;0.00;0.00;0.00;0.0;0.0
22.733;193;974;38;37012;0.0;19.700;1.340;38;40;13;0;100;100;100;135;100;216;100;46;46;0;2.569;2.569;0.000;0.000;19.700;1.340;8.3;0.0;0;29;3.060;2.854;11.1;-10;0;0;-8.4;0;0;0;0;87;96;0;0;1759;108.36;0;0;0;0;0;0;0;0;0;0;0;0;0;0;0;0;29;0;38.0;38.0;2;0;0.00;0.00;0.00;0.0;0.0
22.799;193;971;38;36898;0.0;19.700;1.340;38;40;13;0;100;100;100;135;100;216;100;46;46;0;2.569;2.569;0.000;0.000;19.700;1.340;8.3;0.0;0;29;3.060;3.128;11.1;-10;0;0;-8.4;0;0;0;0;87;96;0;0;1759;108.69;0;0;0;0;0;0;0;0;0;0;0;0;0;0;0;0;29;0;38.0;38.0;2;0;0.00;0.00;0.00;0.0;0.0
22.865;193;975;38;37050;0.0;19.700;1.340;38;40;13;0;100;100;100;135;100;216;100;46;46;0;2.569;2.569;0.000;0.000;19.700;1.340;8.3;0.0;0;29;3.060;3.036;11.1;-40;0;0;-8.4;0;0;0;0;87;96;0;0;1759;108.25;0;0;0;0;0;0;0;0;0;0;0;0;0;0;0;0;29;0;38.0;38.0;2;0;0.00;0.00;0.00;0.0;0.0
22.930;193;975;38;37050;0.0;19.700;1.340;38;40;13;0;100;100;100;135;100;216;100;46;46;0;2.569;2.569;0.000;0.000;19.700;1.340;8.3;0.0;0;29;3.060;3.156;11.1;40;0;0;-8.4;0;0;0;0;87;96;0;0;1759;108.25;0;0;0;0;0;0;0;0;0;0;0;0;0;0;0;0;29;0;38.0;38.0;2;0;0.00;0.00;0.00;0.0;0.0
23.000;193;984;37;36408;0.0;19.700;1.340;38;40;13;0;100;100;100;135;100;216;100;45;45;0;2.521;2.521;0.000;0.000;19.700;1.340;8.3;0.0;0;29;3.060;3.215;11.1;40;0;0;-8.6;0;0;0;0;87;96;0;0;1759;107.26;0;0;0;0;0;0;0;0;0;0;0;0;0;0;0;0;29;0;37.0;37.0;2;0;0.00;0.00;0.00;0.0;0.0
23.066;193;979;38;37202;0.0;19.700;1.340;38;40;13;0;100;100;100;135;100;216;100;46;46;0;2.569;2.569;0.000;0.000;19.700;1.340;8.4;0.0;0;29;3.060;2.599;11.1;90;0;0;-8.4;0;0;0;0;87;96;0;0;1759;107.80;0;0;0;0;0;0;0;0;0;0;0;0;0;0;0;0;29;0;38.0;38.0;2;0;0.00;0.00;0.00;0.0;0.0
23.132;193;971;37;35927;0.0;19.700;1.340;38;40;13;0;100;100;100;135;100;216;100;45;45;0;2.557;2.557;0.000;0.000;19.700;1.340;8.3;0.0;0;29;3.090;2.605;10.9;-10;0;0;-8.6;0;0;0;0;87;96;0;0;1759;108.69;0;0;0;0;0;0;0;0;0;0;0;0;0;0;0;0;29;0;37.0;37.0;2;0;0.00;0.00;0.00;0.0;0.0
23.197;193;972;38;36936;0.0;19.700;1.340;38;40;13;0;100;100;100;135;100;216;100;46;46;0;2.605;2.605;0.000;0.000;19.700;1.340;8.4;0.0;0;29;3.090;2.885;10.9;-10;0;0;-8.4;0;0;0;0;87;96;0;0;1759;108.58;0;0;0;0;0;0;0;0;0;0;0;0;0;0;0;0;29;0;38.0;38.0;2;0;0.00;0.00;0.00;0.0;0.0
23.263;193;957;38;36366;0.0;19.700;1.340;38;40;13;0;100;100;100;135;100;216;100;46;46;0;2.605;2.605;0.000;0.000;19.700;1.340;8.3;0.0;0;29;3.090;2.725;10.9;-160;0;0;-8.4;0;0;0;0;87;96;0;0;1759;110.28;0;0;0;0;0;0;0;0;0;0;0;0;0;0;0;0;29;0;38.0;38.0;2;0;0.00;0.00;0.00;0.0;0.0
23.332;193;974;38;37012;0.0;19.700;1.340;38;40;13;0;100;100;100;135;100;216;100;46;46;0;2.605;2.605;0.000;0.000;19.700;1.340;8.5;0.0;0;29;3.090;3.192;10.9;70;0;0;-8.4;0;0;0;0;87;96;0;0;1759;108.36;0;0;0;0;0;0;0;0;0;0;0;0;0;0;0;0;29;0;38.0;38.0;2;0;0.00;0.00;0.00;0.0;0.0
23.397;193;985;38;37430;0.0;19.700;1.340;38;41;13;0;100;100;100;134;100;214;100;46;46;0;2.575;2.575;0.000;0.000;19.700;1.340;8.5;0.0;0;29;3.090;2.897;11.0;70;0;0;-8.4;0;0;0;0;87;96;0;0;1759;107.15;0;0;0;0;0;0;0;0;0;0;0;0;0;0;0;0;29;0;38.0;38.0;2;0;0.00;0.00;0.00;0.0;0.0
23.467;193;993;37;36741;0.0;19.700;1.340;38;41;13;0;100;100;100;134;100;214;100;45;45;0;2.528;2.528;0.000;0.000;19.700;1.340;8.4;0.0;0;29;3.090;2.849;11.0;110;0;0;-8.6;0;0;0;0;90;96;0;0;1759;106.28;0;0;0;0;0;0;0;0;0;0;0;0;0;0;0;0;29;0;37.0;37.0;2;0;0.00;0.00;0.00;0.0;0.0
23.467;193;994;37;36778;0.0;19.700;1.340;38;41;13;0;100;100;100;134;100;214;100;45;45;0;2.528;2.528;0.000;0.000;19.700;1.340;8.4;0.0;0;29;3.090;3.087;11.0;90;0;0;-8.6;0;0;0;0;90;96;0;0;1759;106.18;0;0;0;0;0;0;0;0;0;0;0;0;0;0;0;0;29;0;37.0;37.0;2;0;0.00;0.00;0.00;0.0;0.0
23.599;193;995;37;36815;0.0;19.700;1.340;38;41;13;0;100;100;100;134;100;214;100;45;45;0;2.528;2.528;0.000;0.000;19.700;1.340;8.4;0.0;0;29;3.090;2.636;11.0;90;0;0;-8.6;0;0;0;0;90;96;0;0;1759;106.07;0;0;0;0;0;0;0;0;0;0;0;0;0;0;0;0;29;0;37.0;37.0;2;0;0.00;0.00;0.00;0.0;0.0
23.664;194;985;38;37430;0.0;19.700;1.340;38;41;13;0;100;100;100;134;100;214;100;46;46;0;2.563;2.563;0.000;0.000;19.700;1.340;8.4;0.0;0;29;3.060;2.810;11.1;-130;0;0;-8.4;0;0;0;0;90;96;0;0;1760;107.21;0;0;0;0;0;0;0;0;0;0;0;0;0;0;0;0;29;0;38.0;38.0;2;0;0.00;0.00;0.00;0.0;0.0
23.733;194;987;37;36519;0.0;19.700;1.340;38;41;13;0;100;100;100;134;100;206;100;45;45;0;2.488;2.488;0.000;0.000;19.700;1.340;8.2;0.0;0;29;3.060;3.183;11.1;90;0;0;-8.6;0;0;0;0;90;96;0;0;1760;106.99;0;0;0;0;0;0;0;0;0;0;0;0;0;0;0;0;29;0;37.0;37.0;2;0;0.00;0.00;0.00;0.0;0.0
23.799;194;984;38;37392;0.0;19.700;1.340;38;41;13;0;100;100;100;134;100;206;100;46;46;0;2.533;2.533;0.000;0.000;19.700;1.340;8.3;0.0;0;30;3.060;3.132;11.1;90;0;0;-8.4;0;0;0;0;90;96;0;0;1760;107.32;0;0;0;0;0;0;0;0;0;0;0;0;0;0;0;0;30;0;38.0;38.0;2;0;0.00;0.00;0.00;0.0;0.0
23.864;194;979;37;36223;0.0;19.700;1.340;38;41;13;0;100;100;100;134;100;198;100;45;45;0;2.457;2.457;0.000;0.000;19.700;1.340;8.0;0.0;0;29;3.060;2.674;11.1;-20;0;0;-8.6;0;0;0;0;90;96;0;0;1760;107.87;0;0;0;0;0;0;0;0;0;0;0;0;0;0;0;0;29;0;37.0;37.0;2;0;0.00;0.00;0.00;0.0;0.0
23.930;194;996;38;37848;0.0;19.700;1.340;38;41;13;0;100;100;100;134;100;190;100;46;46;0;2.483;2.483;0.000;0.000;19.700;1.340;8.2;0.0;0;30;3.090;3.207;11.0;80;0;0;-8.4;0;0;0;0;90;96;0;0;1760;106.02;0;0;0;0;0;0;0;0;0;0;0;0;0;0;0;0;30;0;38.0;38.0;2;0;0.00;0.00;0.00;0.0;0.0
23.930;194;969;37;35853;0.0;19.700;1.340;38;41;13;0;100;100;100;134;100;190;100;45;45;0;2.441;2.441;0.000;0.000;19.700;1.340;7.9;0.0;0;29;3.090;2.512;11.0;80;0;0;-8.6;0;0;0;0;90;96;0;0;1760;108.98;0;0;0;0;0;0;0;0;0;0;0;0;0;0;0;0;29;0;37.0;37.0;2;0;0.00;0.00;0.00;0.0;0.0
24.065;194;979;37;36223;0.0;19.700;1.340;38;41;13;0;100;100;100;134;100;182;100;45;45;0;2.413;2.413;0.000;0.000;19.700;1.340;7.9;0.0;0;29;3.090;3.018;11.0;-230;0;0;-8.6;0;0;0;0;90;96;0;0;1760;107.87;0;0;0;0;0;0;0;0;0;0;0;0;0;0;0;0;29;0;37.0;37.0;2;0;0.00;0.00;0.00;0.0;0.0
24.131;194;971;38;36898;0.0;19.700;1.340;38;41;13;0;100;100;100;134;100;174;100;46;46;0;2.412;2.412;0.000;0.000;19.700;1.340;7.8;0.0;0;29;3.060;2.763;11.1;-20;0;0;-8.4;0;0;0;0;90;96;0;0;1760;108.75;0;0;0;0;0;0;0;0;0;0;0;0;0;0;0;0;29;0;38.0;38.0;2;0;0.00;0.00;0.00;0.0;0.0
24.196;194;952;38;36176;0.0;19.700;1.340;38;41;13;0;100;100;100;134;100;174;100;46;46;0;2.412;2.412;0.000;0.000;19.700;1.340;7.7;0.0;0;29;3.060;2.523;11.1;-20;0;0;-8.4;0;0;0;0;90;96;0;0;1760;110.92;0;0;0;0;0;0;0;0;0;0;0;0;0;0;0;0;29;0;38.0;38.0;2;0;0.00;0.00;0.00;0.0;0.0
24.266;194;929;38;35302;0.0;19.700;1.340;38;41;13;0;100;100;100;134;100;166;100;46;46;0;2.379;2.379;0.000;0.000;19.700;1.340;7.4;0.0;0;28;3.060;2.846;11.1;-400;0;0;-8.4;0;0;0;0;90;96;0;0;1760;113.67;0;0;0;0;0;0;0;0;0;0;0;0;0;0;0;0;28;0;38.0;38.0;2;0;0.00;0.00;0.00;0.0;0.0
24.266;194;920;39;35880;0.0;19.700;1.340;38;41;13;0;100;100;100;134;100;158;100;46;46;0;2.362;2.362;0.000;0.000;19.700;1.340;7.2;0.0;0;28;3.060;2.815;11.1;-110;0;0;-8.3;0;0;0;0;90;96;0;0;1760;114.78;0;0;0;0;0;0;0;0;0;0;0;0;0;0;0;0;28;0;39.0;39.0;2;0;0.00;0.00;0.00;0.0;0.0
24.397;194;898;40;35920;0.0;19.700;1.340;38;41;13;0;100;100;100;134;100;158;100;46;46;0;2.433;2.433;0.000;0.000;19.700;1.340;7.3;0.0;0;27;3.090;2.293;10.8;-110;0;0;-8.1;0;0;0;0;90;96;0;0;1760;117.59;0;0;0;0;0;0;0;0;0;0;0;0;0;0;0;0;27;0;40.0;40.0;2;0;0.00;0.00;0.00;0.0;0.0
24.462;194;882;40;35280;0.0;19.700;1.340;38;41;13;0;100;100;100;134;100;150;100;46;46;0;2.403;2.403;0.000;0.000;19.700;1.340;7.1;0.0;0;27;3.090;2.652;10.8;-280;0;0;-8.1;0;0;0;0;90;96;0;0;1760;119.73;0;0;0;0;0;0;0;0;0;0;0;0;0;0;0;0;27;0;40.0;40.0;2;0;0.00;0.00;0.00;0.0;0.0
24.532;194;861;41;35301;0.0;19.700;1.340;38;41;13;0;100;100;100;134;100;150;100;47;47;0;2.425;2.425;0.000;0.000;19.700;1.340;7.0;0.0;0;26;3.090;2.161;10.8;-280;0;0;-8.0;0;0;0;0;90;96;0;0;1760;122.65;0;0;0;0;0;0;0;0;0;0;0;0;0;0;0;0;26;0;41.0;41.0;2;0;0.00;0.00;0.00;0.0;0.0
24.597;194;814;42;34188;0.0;19.700;1.340;38;41;13;0;100;100;100;134;100;142;100;46;46;0;2.406;2.406;0.000;0.000;19.700;1.340;6.5;0.0;0;25;3.090;2.354;10.8;-310;0;0;-7.8;0;0;0;0;90;96;0;0;1760;129.73;0;0;0;0;0;0;0;0;0;0;0;0;0;0;0;0;25;0;42.0;42.0;2;0;0.00;0.00;0.00;0.0;0.0
24.663;195;786;42;33012;0.0;19.700;1.340;38;41;9;0;100;100;100;134;100;134;100;46;46;0;2.325;2.325;0.000;0.000;14.700;1.000;6.1;0.0;0;24;3.090;1.726;11.0;-750;0;0;-7.8;0;0;0;0;90;96;0;0;1762;134.50;0;0;0;0;0;0;0;0;0;0;0;0;0;0;0;0;24;0;42.0;42.0;2;0;0.00;0.00;0.00;0.0;0.0
24.732;195;768;45;34560;0.0;19.700;1.340;38;41;9;0;100;100;100;134;100;134;100;47;47;0;2.376;2.376;0.000;0.000;14.700;1.000;6.1;0.0;0;24;3.090;2.666;11.0;-750;0;0;-7.4;0;0;0;0;90;96;0;0;1762;137.66;0;0;0;0;0;0;0;0;0;0;0;0;0;0;0;0;24;0;45.0;45.0;2;0;0.00;0.00;0.00;0.0;0.0
24.798;195;756;46;34776;0.0;19.700;1.340;38;41;9;0;100;100;100;134;100;134;100;47;47;0;2.387;2.387;0.000;0.000;14.700;1.000;6.0;0.0;0;24;3.090;2.477;11.0;-180;0;0;-7.3;0;0;0;0;90;96;0;0;1762;139.84;0;0;0;0;0;0;0;0;0;0;0;0;0;0;0;0;24;0;46.0;46.0;2;0;0.00;0.00;0.00;0.0;0.0
24.863;195;750;46;34500;0.0;18.200;1.238;38;41;9;0;100;100;100;134;100;134;100;47;47;0;2.387;2.387;0.000;0.000;14.700;1.000;6.0;0.0;0;24;3.090;2.685;11.0;-180;0;0;-7.3;0;0;0;0;90;96;0;0;1762;140.96;0;0;0;0;0;0;0;0;0;0;0;0;0;0;0;0;24;0;46.0;46.0;2;0;0.00;0.00;0.00;0.0;0.0
24.863;195;655;49;32095;0.0;15.700;1.068;38;41;9;0;100;100;100;134;100;134;100;49;49;0;2.450;2.450;0.000;0.000;14.500;0.986;5.3;0.0;0;21;3.060;0.459;11.1;-180;0;0;-6.8;0;0;0;0;90;96;0;0;1762;161.40;0;0;0;0;0;0;0;0;0;0;0;0;0;0;0;0;21;0;49.0;49.0;2;0;0.00;0.00;0.00;0.0;0.0
24.999;195;598;49;29302;0.0;14.400;0.980;38;41;9;0;100;100;100;134;100;134;100;48;48;0;2.429;2.429;0.000;0.000;14.400;0.980;4.8;0.0;0;20;3.060;0.459;11.1;-950;0;0;-6.8;0;0;0;0;90;96;0;0;1762;176.79;0;0;0;0;0;0;0;0;0;0;0;0;0;0;0;0;20;0;49.0;49.0;2;0;0.00;0.00;0.00;0.0;0.0
25.064;195;545;49;26705;0.0;13.000;0.884;38;41;9;0;100;100;100;134;100;134;100;47;47;0;2.417;2.417;0.000;0.000;14.400;0.980;4.4;0.0;0;19;3.060;0.459;11.1;-1100;0;0;-6.8;0;0;0;0;90;96;0;0;1762;193.98;0;0;0;0;0;0;0;0;0;0;0;0;0;0;0;0;19;0;49.0;49.0;2;0;0.00;0.00;0.00;0.0;0.0
25.130;195;495;49;24255;0.0;11.700;0.796;38;41;9;0;100;100;100;134;100;134;100;46;46;0;2.406;2.406;0.000;0.000;14.400;0.980;4.0;0.0;0;18;3.060;0.459;11.1;-1100;0;0;-6.8;0;0;0;0;90;96;0;0;1762;213.58;0;0;0;0;0;0;0;0;0;0;0;0;0;0;0;0;18;0;49.0;49.0;2;0;0.00;0.00;0.00;0.0;0.0
25.196;195;441;49;21609;0.0;11.100;0.755;38;41;9;0;100;100;100;134;100;134;100;46;46;0;2.538;2.538;0.000;0.000;14.400;0.980;3.7;0.0;0;18;3.090;0.459;10.5;-500;0;0;-6.8;0;0;0;0;90;96;0;0;1762;239.73;0;0;0;0;0;0;0;0;0;0;0;0;0;0;0;0;18;0;49.0;49.0;2;0;0.00;0.00;0.00;0.0;0.0
25.265;195;368;49;18032;0.0;10.900;0.741;38;41;9;0;100;100;100;134;100;134;100;46;46;0;2.538;2.538;0.000;0.000;14.400;0.980;3.1;0.0;0;18;3.090;0.459;10.5;-1270;0;0;-6.8;0;0;0;0;90;96;0;0;1762;287.28;0;0;0;0;0;0;0;0;0;0;0;0;0;0;0;0;18;0;49.0;49.0;2;0;0.00;0.00;0.00;0.0;0.0
25.331;195;368;49;18032;0.0;10.800;0.735;38;41;9;0;100;100;100;134;100;134;100;46;46;0;2.538;2.538;0.000;0.000;14.400;0.980;3.1;0.0;0;18;3.090;0.459;10.5;-1270;0;0;-6.8;0;0;0;0;90;96;0;0;1762;287.28;0;0;0;0;0;0;0;0;0;0;0;0;0;0;0;0;18;0;49.0;49.0;2;0;0.00;0.00;0.00;0.0;0.0
25.400;195;229;49;11221;0.0;10.800;0.735;38;41;10;0;100;100;100;134;100;281;100;46;46;0;3.181;3.181;0.000;0.000;10.800;0.735;2.4;0.0;0;12;4.635;0.459;10.8;0;0;0;-6.8;0;0;0;1;83;96;0;0;1762;461.66;0;0;0;0;0;0;0;0;0;0;0;0;0;0;0;0;12;0;49.0;49.0;2;0;0.00;0.00;0.00;0.0;0.0
25.466;195;229;49;11221;0.0;11.700;0.796;38;41;10;0;100;100;100;134;100;281;100;46;46;0;3.181;3.181;0.000;0.000;11.700;0.796;2.4;0.0;0;12;4.635;0.459;10.8;-1390;0;0;-6.8;0;0;0;0;69;96;0;0;1762;461.66;0;0;0;0;0;0;0;0;0;0;0;0;0;0;0;0;12;0;49.0;49.0;2;0;0.00;0.00;0.00;0.0;0.0
25.535;195;229;49;11221;0.0;12.100;0.823;38;41;10;0;100;100;100;134;100;281;100;46;46;0;3.181;3.181;0.000;0.000;12.100;0.823;2.4;0.0;0;12;4.635;0.459;10.8;-1390;0;0;-6.8;0;0;0;0;69;96;0;0;1762;461.66;0;0;0;0;0;0;0;0;0;0;0;0;0;0;0;0;12;0;49.0;49.0;2;0;0.00;0.00;0.00;0.0;0.0
25.602;195;130;49;6370;0.0;12.400;0.844;38;41;10;0;100;100;100;134;100;281;100;46;46;0;3.181;3.181;0.000;0.000;12.400;0.844;1.4;0.0;0;12;4.635;0.459;10.8;0;0;0;-6.8;0;0;0;0;69;96;0;0;1762;813.23;0;0;0;0;0;0;0;0;0;0;0;0;0;0;0;0;12;0;49.0;49.0;2;0;0.00;0.00;0.00;0.0;0.0
25.666;196;130;49;6370;0.0;12.000;0.816;38;41;10;0;100;100;100;134;100;281;100;46;46;0;3.133;3.133;0.000;0.000;12.000;0.816;1.4;0.0;0;12;4.635;0.459;11.0;-990;0;0;-6.8;0;0;0;0;69;96;0;0;1751;808.15;0;0;0;0;0;0;0;0;0;0;0;0;0;0;0;0;12;0;49.0;49.0;2;0;0.00;0.00;0.00;0.0;0.0
25.732;196;130;49;6370;0.0;11.300;0.769;38;41;10;0;100;100;100;134;100;281;100;46;46;0;3.133;3.133;0.000;0.000;11.300;0.769;1.4;0.0;0;12;4.635;0.459;11.0;-990;0;0;-6.8;0;0;0;0;69;96;0;0;1751;808.15;0;0;0;0;0;0;0;0;0;0;0;0;0;0;0;0;12;0;49.0;49.0;2;0;0.00;0.00;0.00;0.0;0.0
25.732;196;130;49;6370;0.0;11.000;0.748;38;41;10;0;100;100;100;134;100;281;100;46;46;0;3.133;3.133;0.000;0.000;11.000;0.748;1.4;0.0;0;12;4.635;0.459;11.0;0;0;0;-6.8;0;0;0;0;69;96;0;0;1751;808.15;0;0;0;0;0;0;0;0;0;0;0;0;0;0;0;0;12;0;49.0;49.0;2;0;0.00;0.00;0.00;0.0;0.0
25.863;196;130;49;6370;0.0;11.000;0.748;38;41;10;0;100;100;100;134;100;281;100;46;46;0;3.133;3.133;0.000;0.000;11.000;0.748;1.4;0.0;0;12;4.635;0.459;11.0;0;0;0;-6.8;0;0;0;0;69;96;0;0;1751;808.15;0;0;0;0;0;0;0;0;0;0;0;0;0;0;0;0;12;0;49.0;49.0;2;0;0.00;0.00;0.00;0.0;0.0
25.929;196;130;49;6370;0.0;11.500;0.782;38;41;10;0;100;100;100;134;100;281;100;46;46;0;3.181;3.181;0.000;0.000;11.500;0.782;1.4;0.0;0;12;4.635;0.459;10.8;0;0;0;-6.8;0;0;0;0;69;96;0;0;1751;808.15;0;0;0;0;0;0;0;0;0;0;0;0;0;0;0;0;12;0;49.0;49.0;2;0;0.00;0.00;0.00;0.0;0.0
25.998;196;130;49;6370;0.0;12.500;0.850;38;41;10;0;100;100;100;134;100;281;100;46;46;0;3.181;3.181;0.000;0.000;12.500;0.850;1.4;0.0;0;12;4.635;0.459;10.8;0;0;0;-6.8;0;0;0;0;69;96;0;0;1751;808.15;0;0;0;0;0;0;0;0;0;0;0;0;0;0;0;0;12;0;49.0;49.0;2;0;0.00;0.00;0.00;0.0;0.0
26.064;196;130;49;6370;0.0;14.300;0.973;38;41;10;0;100;100;100;134;100;281;100;46;46;0;3.181;3.181;0.000;0.000;14.300;0.973;1.4;0.0;0;12;4.635;0.459;10.8;0;0;0;-6.8;0;0;0;0;69;96;0;0;1751;808.15;0;0;0;0;0;0;0;0;0;0;0;0;0;0;0;0;12;0;49.0;49.0;2;0;0.00;0.00;0.00;0.0;0.0
26.129;196;130;49;6370;0.0;17.200;1.170;38;41;10;0;100;100;100;134;100;281;100;46;46;0;3.181;3.181;0.000;0.000;17.200;1.170;1.4;0.0;0;12;4.635;0.459;10.8;0;0;0;-6.8;0;0;0;0;69;96;0;0;1751;808.15;0;0;0;0;0;0;0;0;0;0;0;0;0;0;0;0;12;0;49.0;49.0;2;0;0.00;0.00;0.00;0.0;0.0
26.199;196;130;49;6370;0.0;19.200;1.306;38;41;10;0;100;100;100;134;100;281;100;46;46;0;3.205;3.205;0.000;0.000;19.200;1.306;1.4;0.0;0;12;4.635;0.459;10.7;0;0;0;-6.8;0;0;0;0;69;96;0;0;1751;808.15;0;0;0;0;0;0;0;0;0;0;0;0;0;0;0;0;12;0;49.0;49.0;2;0;0.00;0.00;0.00;0.0;0.0
26.264;196;130;49;6370;0.0;19.700;1.340;38;41;10;0;100;100;100;134;100;281;100;46;46;0;3.205;3.205;0.000;0.000;19.700;1.340;1.4;0.0;0;12;4.635;0.459;10.7;0;0;0;-6.8;0;0;0;0;69;96;0;0;1751;808.15;0;0;0;0;0;0;0;0;0;0;0;0;0;0;0;0;12;0;49.0;49.0;2;0;0.00;0.00;0.00;0.0;0.0
26.330;196;130;49;6370;0.0;19.700;1.340;38;41;10;0;100;100;100;134;100;281;100;46;46;0;3.205;3.205;0.000;0.000;19.700;1.340;1.4;0.0;0;12;4.635;0.459;10.7;0;0;0;-6.8;0;0;0;0;69;96;0;0;1751;808.15;0;0;0;0;0;0;0;0;0;0;0;0;0;0;0;0;12;0;49.0;49.0;2;0;0.00;0.00;0.00;0.0;0.0
26.396;196;130;49;6370;0.0;19.700;1.340;38;41;10;0;100;100;100;134;100;281;100;46;46;0;3.205;3.205;0.000;0.000;19.700;1.340;1.4;0.0;0;12;4.635;0.459;10.7;0;0;0;-6.8;0;0;0;0;69;96;0;0;1751;808.15;0;0;0;0;0;0;0;0;0;0;0;0;0;0;0;0;12;0;49.0;49.0;2;0;0.00;0.00;0.00;0.0;0.0
26.465;196;130;49;6370;0.0;19.700;1.340;38;41;10;0;100;100;100;134;100;281;100;46;46;0;3.229;3.229;0.000;0.000;19.700;1.340;1.4;0.0;0;12;4.635;0.459;10.6;0;0;0;-6.8;0;0;0;0;69;96;0;0;1751;808.15;0;0;0;0;0;0;0;0;0;0;0;0;0;0;0;0;12;0;49.0;49.0;2;0;0.00;0.00;0.00;0.0;0.0
26.531;196;0;99;0;0.0;19.700;1.340;38;41;0;0;100;100;100;134;100;281;100;88;88;0;0.000;3.229;0.000;0.000;19.700;1.340;0.0;0.0;0;14;4.635;0.459;10.6;0;0;0;0.4;0;0;0;0;69;96;0;0;1751;0.00;0;0;0;0;0;0;0;0;0;0;0;0;0;0;0;0;14;0;99.0;99.0;0;0;0.00;0.00;0.00;0.0;0.0
26.596;196;0;98;0;0.0;19.700;1.340;38;41;0;0;100;100;100;134;100;281;100;88;88;0;0.000;3.229;0.000;0.000;19.700;1.340;0.0;0.0;0;15;4.635;0.459;10.6;0;0;0;0.3;0;0;0;0;69;96;0;0;1751;0.00;0;0;0;0;0;0;0;0;0;0;0;0;0;0;0;0;15;0;98.0;98.0;0;0;0.00;0.00;0.00;0.0;0.0
26.662;196;0;99;0;0.0;19.700;1.340;38;41;0;0;100;100;100;134;100;281;100;88;88;0;0.000;3.229;0.000;0.000;19.700;1.340;0.0;0.0;0;14;4.635;0.459;10.6;0;0;0;0.4;0;0;0;0;69;96;0;0;1751;0.00;0;0;0;0;0;0;0;0;0;0;0;0;0;0;0;0;14;0;99.0;99.0;0;0;0.00;0.00;0.00;0.0;0.0
26.732;197;0;98;0;0.0;19.700;1.340;38;41;0;0;100;100;100;134;100;281;100;88;88;0;0.000;3.229;0.000;0.000;19.700;1.340;0.0;0.0;0;15;4.635;0.459;10.6;0;0;0;-0.1;0;0;0;0;69;99;0;0;2068;0.00;0;0;0;0;0;0;0;0;0;0;0;0;0;0;0;0;15;0;98.0;98.0;0;0;0.00;0.00;0.00;0.0;0.0
26.797;197;0;98;0;0.0;19.700;1.340;38;41;0;0;100;100;100;134;100;281;100;88;88;0;0.000;3.229;0.000;0.000;19.700;1.340;0.0;0.0;0;15;4.635;0.459;10.6;0;0;0;-0.1;0;0;0;0;69;99;0;0;2068;0.00;0;0;0;0;0;0;0;0;0;0;0;0;0;0;0;0;15;0;98.0;98.0;0;0;0.00;0.00;0.00;0.0;0.0
26.862;197;0;98;0;0.0;19.700;1.340;38;41;0;0;100;100;100;134;100;281;100;88;88;0;0.000;3.229;0.000;0.000;19.700;1.340;0.0;0.0;0;15;4.635;0.459;10.6;0;0;0;-0.1;0;0;0;0;69;99;0;0;2068;0.00;0;0;0;0;0;0;0;0;0;0;0;0;0;0;0;0;15;0;98.0;98.0;0;0;0.00;0.00;0.00;0.0;0.0
26.932;197;0;98;0;0.0;19.700;1.340;38;41;0;0;100;100;100;134;100;281;100;88;88;0;0.000;3.229;0.000;0.000;19.700;1.340;0.0;0.0;0;15;4.635;0.459;11.0;0;0;0;-0.1;0;0;0;0;69;99;0;0;2068;0.00;0;0;0;0;0;0;0;0;0;0;0;0;0;0;0;0;15;0;98.0;98.0;0;0;0.00;0.00;0.00;0.0;0.0
26.997;197;0;99;0;0.0;19.600;1.333;38;41;0;0;100;100;100;134;100;281;100;88;88;0;0.000;3.229;0.000;0.000;19.700;1.340;0.0;0.0;0;14;4.635;0.459;11.0;0;0;0;0.0;0;0;0;0;69;99;0;0;2068;0.00;0;0;0;0;0;0;0;0;0;0;0;0;0;0;0;0;14;0;99.0;99.0;0;0;0.00;0.00;0.00;0.0;0.0
27.063;197;0;98;0;0.0;19.400;1.320;38;41;0;0;100;100;100;134;100;281;100;88;88;0;0.000;3.229;0.000;0.000;19.700;1.340;0.0;0.0;0;15;4.635;0.459;11.0;0;0;0;-0.1;0;0;0;0;69;99;0;0;2068;0.00;0;0;0;0;0;0;0;0;0;0;0;0;0;0;0;0;15;0;98.0;98.0;0;0;0.00;0.00;0.00;0.0;0.0
27.129;197;0;99;0;0.0;19.600;1.333;38;41;0;0;100;100;100;134;100;281;100;88;88;0;0.000;3.229;0.000;0.000;19.700;1.340;0.0;0.0;0;14;4.635;0.459;11.0;0;0;0;0.0;0;0;0;0;69;99;0;0;2068;0.00;0;0;0;0;0;0;0;0;0;0;0;0;0;0;0;0;14;0;99.0;99.0;0;0;0.00;0.00;0.00;0.0;0.0
27.198;197;0;99;0;0.0;19.700;1.340;38;41;0;0;100;100;100;134;100;281;100;88;88;0;0.000;3.229;0.000;0.000;19.700;1.340;0.0;0.0;0;14;4.635;0.459;11.2;0;0;0;0.0;0;0;0;0;69;99;0;0;2068;0.00;0;0;0;0;0;0;0;0;0;0;0;0;0;0;0;0;14;0;99.0;99.0;0;0;0.00;0.00;0.00;0.0;0.0
27.264;197;0;98;0;0.0;19.700;1.340;38;41;0;0;100;100;100;134;100;281;100;88;88;0;0.000;3.229;0.000;0.000;19.700;1.340;0.0;0.0;0;15;4.635;0.459;11.2;0;0;0;-0.1;0;0;0;0;69;99;0;0;2068;0.00;0;0;0;0;0;0;0;0;0;0;0;0;0;0;0;0;15;0;98.0;98.0;0;0;0.00;0.00;0.00;0.0;0.0
27.329;197;0;98;0;0.0;19.700;1.340;38;41;0;0;100;100;100;134;100;281;100;88;88;0;0.000;3.229;0.000;0.000;19.700;1.340;0.0;0.0;0;15;4.635;0.459;11.2;0;0;0;-0.1;0;0;0;0;69;99;0;0;2068;0.00;0;0;0;0;0;0;0;0;0;0;0;0;0;0;0;0;15;0;98.0;98.0;0;0;0.00;0.00;0.00;0.0;0.0
27.395;197;0;99;0;0.0;19.700;1.340;38;41;0;0;100;100;100;134;100;281;100;88;88;0;0.000;3.229;0.000;0.000;19.700;1.340;0.0;0.0;0;14;4.635;0.459;11.2;0;0;0;0.0;0;0;0;0;69;99;0;0;2068;0.00;0;0;0;0;0;0;0;0;0;0;0;0;0;0;0;0;14;0;99.0;99.0;0;0;0.00;0.00;0.00;0.0;0.0
27.465;197;0;99;0;0.0;19.700;1.340;38;41;0;0;100;100;100;134;100;281;100;88;88;0;0.000;3.229;0.000;0.000;19.700;1.340;0.0;0.0;0;14;4.635;0.459;11.3;0;0;0;0.0;0;0;0;0;69;99;0;0;2068;0.00;0;0;0;0;0;0;0;0;0;0;0;0;0;0;0;0;14;0;99.0;99.0;0;0;0.00;0.00;0.00;0.0;0.0
27.530;197;0;98;0;0.0;19.700;1.340;38;41;0;0;100;100;100;134;100;281;100;88;88;0;0.000;3.229;0.000;0.000;19.700;1.340;0.0;0.0;0;15;4.635;0.459;11.3;0;0;0;-0.1;0;0;0;0;69;99;0;0;2068;0.00;0;0;0;0;0;0;0;0;0;0;0;0;0;0;0;0;15;0;98.0;98.0;0;0;0.00;0.00;0.00;0.0;0.0
27.599;197;0;98;0;0.0;19.700;1.340;38;41;0;0;100;100;100;134;100;281;100;88;88;0;0.000;3.229;0.000;0.000;19.700;1.340;0.0;0.0;0;15;4.635;0.459;11.3;0;0;0;-0.1;0;0;0;0;69;99;0;0;2068;0.00;0;0;0;0;0;0;0;0;0;0;0;0;0;0;0;0;15;0;98.0;98.0;0;0;0.00;0.00;0.00;0.0;0.0
27.665;197;0;98;0;0.0;19.700;1.340;38;41;0;0;100;100;100;134;100;281;100;88;88;0;0.000;3.229;0.000;0.000;19.700;1.340;0.0;0.0;0;15;4.635;0.459;11.3;0;0;0;-0.1;0;0;0;0;69;99;0;0;2068;0.00;0;0;0;0;0;0;0;0;0;0;0;0;0;0;0;0;15;0;98.0;98.0;0;0;0.00;0.00;0.00;0.0;0.0
27.731;198;0;99;0;0.0;19.700;1.340;38;41;0;0;100;100;100;134;100;281;100;88;88;0;0.000;3.229;0.000;0.000;19.700;1.340;0.0;0.0;0;14;4.635;0.459;11.3;0;0;0;0.0;0;0;0;0;69;99;0;0;4070;0.00;0;0;0;0;0;0;0;0;0;0;0;0;0;0;0;0;14;0;99.0;99.0;0;0;0.00;0.00;0.00;0.0;0.0
27.796;198;0;98;0;0.0;19.700;1.340;38;41;0;0;100;100;100;134;100;281;100;88;88;0;0.000;3.229;0.000;0.000;19.700;1.340;0.0;0.0;0;15;4.635;0.459;11.3;0;0;0;-0.1;0;0;0;0;69;99;0;0;4070;0.00;0;0;0;0;0;0;0;0;0;0;0;0;0;0;0;0;15;0;98.0;98.0;0;0;0.00;0.00;0.00;0.0;0.0
27.865;198;0;98;0;0.0;19.700;1.340;38;41;0;0;100;100;100;134;100;281;100;88;88;0;0.000;3.229;0.000;0.000;19.700;1.340;0.0;0.0;0;15;4.635;0.459;11.3;0;0;0;-0.1;0;0;0;0;69;99;0;0;4070;0.00;0;0;0;0;0;0;0;0;0;0;0;0;0;0;0;0;15;0;98.0;98.0;0;0;0.00;0.00;0.00;0.0;0.0
27.931;198;0;99;0;0.0;19.700;1.340;38;41;0;0;100;100;100;134;100;281;100;88;88;0;0.000;3.229;0.000;0.000;19.700;1.340;0.0;0.0;0;14;4.635;0.459;11.3;0;0;0;0.0;0;0;0;0;69;99;0;0;4070;0.00;0;0;0;0;0;0;0;0;0;0;0;0;0;0;0;0;14;0;99.0;99.0;0;0;0.00;0.00;0.00;0.0;0.0
27.997;198;0;98;0;0.0;19.700;1.340;38;41;0;0;100;100;100;134;100;281;100;88;88;0;0.000;3.229;0.000;0.000;19.700;1.340;0.0;0.0;0;15;4.635;0.459;11.3;0;0;0;-0.1;0;0;0;0;69;99;0;0;4070;0.00;0;0;0;0;0;0;0;0;0;0;0;0;0;0;0;0;15;0;98.0;98.0;0;0;0.00;0.00;0.00;0.0;0.0
28.066;198;0;99;0;0.0;19.700;1.340;38;41;0;0;100;100;100;134;100;281;100;88;88;0;0.000;3.229;0.000;0.000;19.700;1.340;0.0;0.0;0;14;4.635;0.459;11.3;0;0;0;0.0;0;0;0;0;69;99;0;0;4070;0.00;0;0;0;0;0;0;0;0;0;0;0;0;0;0;0;0;14;0;99.0;99.0;0;0;0.00;0.00;0.00;0.0;0.0
28.132;198;0;98;0;0.0;19.700;1.340;38;41;0;0;100;100;100;134;100;281;100;88;88;0;0.000;3.229;0.000;0.000;19.700;1.340;0.0;0.0;0;15;4.635;0.459;11.3;0;0;0;-0.1;0;0;0;0;69;99;0;0;4070;0.00;0;0;0;0;0;0;0;0;0;0;0;0;0;0;0;0;15;0;98.0;98.0;0;0;0.00;0.00;0.00;0.0;0.0
28.197;198;0;98;0;0.0;19.700;1.340;38;41;0;0;100;100;100;134;100;281;100;88;88;0;0.000;3.229;0.000;0.000;19.700;1.340;0.0;0.0;0;15;4.635;0.459;11.3;0;0;0;-0.1;0;0;0;0;69;99;0;0;4070;0.00;0;0;0;0;0;0;0;0;0;0;0;0;0;0;0;0;15;0;98.0;98.0;0;0;0.00;0.00;0.00;0.0;0.0
28.263;198;0;99;0;0.0;19.700;1.340;38;41;0;0;100;100;100;134;100;281;100;88;88;0;0.000;3.229;0.000;0.000;19.700;1.340;0.0;0.0;0;14;4.635;0.459;11.3;0;0;0;0.0;0;0;0;0;69;99;0;0;4070;0.00;0;0;0;0;0;0;0;0;0;0;0;0;0;0;0;0;14;0;99.0;99.0;0;0;0.00;0.00;0.00;0.0;0.0
28.329;198;0;99;0;0.0;19.700;1.340;38;41;0;0;100;100;100;134;100;281;100;88;88;0;0.000;3.229;0.000;0.000;19.700;1.340;0.0;0.0;0;14;4.635;0.459;11.3;0;0;0;0.0;0;0;0;0;69;99;0;0;4070;0.00;0;0;0;0;0;0;0;0;0;0;0;0;0;0;0;0;14;0;99.0;99.0;0;0;0.00;0.00;0.00;0.0;0.0
28.399;198;0;98;0;0.0;19.700;1.340;38;41;0;0;100;100;100;134;100;281;100;88;88;0;0.000;3.229;0.000;0.000;19.700;1.340;0.0;0.0;0;15;4.635;0.459;11.3;0;0;0;-0.1;0;0;0;0;69;99;0;0;4070;0.00;0;0;0;0;0;0;0;0;0;0;0;0;0;0;0;0;15;0;98.0;98.0;0;0;0.00;0.00;0.00;0.0;0.0
28.464;198;0;98;0;0.0;19.700;1.340;38;41;0;0;100;100;100;134;100;281;100;88;88;0;0.000;3.229;0.000;0.000;19.700;1.340;0.0;0.0;0;15;4.635;0.459;11.3;0;0;0;-0.1;0;0;0;0;69;99;0;0;4070;0.00;0;0;0;0;0;0;0;0;0;0;0;0;0;0;0;0;15;0;98.0;98.0;0;0;0.00;0.00;0.00;0.0;0.0
28.529;198;0;99;0;0.0;19.700;1.340;38;41;0;0;100;100;100;134;100;281;100;88;88;0;0.000;3.229;0.000;0.000;19.700;1.340;0.0;0.0;0;14;4.635;0.459;11.3;0;0;0;0.0;0;0;0;0;69;99;0;0;4070;0.00;0;0;0;0;0;0;0;0;0;0;0;0;0;0;0;0;14;0;99.0;99.0;0;0;0.00;0.00;0.00;0.0;0.0
28.599;198;0;98;0;0.0;19.700;1.340;38;41;0;0;100;100;100;134;100;281;100;88;88;0;0.000;3.229;0.000;0.000;19.700;1.340;0.0;0.0;0;15;4.635;0.459;11.3;0;0;0;-0.1;0;0;0;0;69;99;0;0;4070;0.00;0;0;0;0;0;0;0;0;0;0;0;0;0;0;0;0;15;0;98.0;98.0;0;0;0.00;0.00;0.00;0.0;0.0
28.599;198;0;98;0;0.0;19.700;1.340;38;41;0;0;100;100;100;134;100;281;100;88;88;0;0.000;3.229;0.000;0.000;19.700;1.340;0.0;0.0;0;15;4.635;0.459;11.3;0;0;0;-0.1;0;0;0;0;69;99;0;0;4070;0.00;0;0;0;0;0;0;0;0;0;0;0;0;0;0;0;0;15;0;98.0;98.0;0;0;0.00;0.00;0.00;0.0;0.0
28.734;199;0;98;0;0.0;19.700;1.340;38;41;0;0;100;100;100;134;100;281;100;88;88;0;0.000;3.229;0.000;0.000;19.700;1.340;0.0;0.0;0;15;4.635;0.459;11.3;0;0;0;-0.1;0;0;0;0;69;99;0;0;4077;0.00;0;0;0;0;0;0;0;0;0;0;0;0;0;0;0;0;15;0;98.0;98.0;0;0;0.00;0.00;0.00;0.0;0.0
28.799;199;0;99;0;0.0;19.700;1.340;38;41;0;0;100;100;100;134;100;281;100;88;88;0;0.000;3.229;0.000;0.000;19.700;1.340;0.0;0.0;0;14;4.635;0.459;11.3;0;0;0;0.0;0;0;0;0;69;99;0;0;4077;0.00;0;0;0;0;0;0;0;0;0;0;0;0;0;0;0;0;14;0;99.0;99.0;0;0;0.00;0.00;0.00;0.0;0.0
28.866;199;0;99;0;0.0;19.700;1.340;38;41;0;0;100;100;100;134;100;281;100;88;88;0;0.000;3.229;0.000;0.000;19.700;1.340;0.0;0.0;0;14;4.635;0.459;11.3;0;0;0;0.0;0;0;0;0;69;99;0;0;4077;0.00;0;0;0;0;0;0;0;0;0;0;0;0;0;0;0;0;14;0;99.0;99.0;2;0;0.00;0.00;0.00;0.0;0.0
28.931;199;0;99;0;0.0;19.700;1.340;38;41;0;0;100;100;100;134;100;281;100;88;88;0;0.000;3.229;0.000;0.000;19.700;1.340;0.0;0.0;0;14;4.635;0.459;11.3;0;0;0;0.0;0;0;0;0;69;99;0;0;4077;0.00;0;0;0;0;0;0;0;0;0;0;0;0;0;0;0;0;14;0;99.0;99.0;2;0;0.00;0.00;0.00;0.0;0.0
28.996;199;0;99;0;0.0;19.700;1.340;38;41;0;0;100;100;100;134;100;281;100;88;88;0;0.000;3.229;0.000;0.000;19.700;1.340;0.0;0.0;0;14;4.635;0.459;6.0;0;0;0;0.0;0;0;0;0;69;99;0;0;4077;0.00;0;0;0;0;0;0;0;0;0;0;0;0;0;0;0;0;14;0;99.0;99.0;2;0;0.00;0.00;0.00;0.0;0.0
29.062;199;0;98;0;0.0;19.700;1.340;38;41;0;0;100;100;100;134;100;281;100;88;88;0;0.000;3.229;0.000;0.000;19.700;1.340;0.0;0.0;0;15;4.635;0.459;6.0;0;0;0;-0.1;0;0;0;0;69;99;0;0;4077;0.00;0;0;0;0;0;0;0;0;0;0;0;0;0;0;0;0;15;0;98.0;98.0;2;0;0.00;0.00;0.00;0.0;0.0
29.132;199;0;98;0;0.0;19.700;1.340;38;41;0;0;100;100;100;134;100;281;100;88;88;0;0.000;3.229;0.000;0.000;19.700;1.340;0.0;0.0;0;15;4.635;0.459;6.0;0;0;0;-0.1;0;0;0;0;69;99;0;0;4077;0.00;0;0;0;0;0;0;0;0;0;0;0;0;0;0;0;0;15;0;98.0;98.0;2;0;0.00;0.00;0.00;0.0;0.0
29.132;199;0;98;0;0.0;19.700;1.340;38;41;0;0;100;100;100;134;100;281;100;88;88;0;0.000;3.229;0.000;0.000;19.700;1.340;0.0;0.0;0;15;4.635;0.459;6.0;0;0;0;-0.1;0;0;0;0;69;99;0;0;4077;0.00;0;0;0;0;0;0;0;0;0;0;0;0;0;0;0;0;15;0;98.0;98.0;2;0;0.00;0.00;0.00;0.0;0.0
29.197;199;0;99;0;0.0;18.200;1.238;38;41;0;0;100;100;100;134;100;281;100;88;88;0;0.000;3.229;0.000;0.000;19.700;1.340;0.0;0.0;0;14;4.635;0.459;3.2;0;0;0;0.0;0;0;0;0;69;99;0;0;4077;0.00;0;0;0;0;0;0;0;0;0;0;0;0;0;0;0;0;14;0;99.0;99.0;2;0;0.00;0.00;0.00;0.0;0.0
29.332;199;0;98;0;0.0;15.600;1.061;38;41;0;0;100;100;100;134;100;281;100;88;88;0;0.000;3.229;0.000;0.000;19.700;1.340;0.0;0.0;0;15;4.635;0.459;3.2;0;0;0;-0.1;0;0;0;0;69;99;0;0;4077;0.00;0;0;0;0;0;0;0;0;0;0;0;0;0;0;0;0;15;0;98.0;98.0;2;0;0.00;0.00;0.00;0.0;0.0
29.397;199;0;98;0;0.0;14.600;0.993;38;41;0;0;100;100;100;134;100;281;100;88;88;0;0.000;3.229;0.000;0.000;19.700;1.340;0.0;0.0;0;15;4.635;0.459;3.2;0;0;0;-0.1;0;0;0;0;69;99;0;0;4077;0.00;0;0;0;0;0;0;0;0;0;0;0;0;0;0;0;0;15;0;98.0;98.0;2;0;0.00;0.00;0.00;0.0;0.0
29.467;199;0;98;0;0.0;14.500;0.986;38;41;0;0;100;100;100;134;100;281;100;88;88;0;0.000;3.229;0.000;0.000;19.700;1.340;0.0;0.0;0;15;4.635;0.459;1.7;0;0;0;-0.1;0;0;0;0;69;99;0;0;4077;0.00;0;0;0;0;0;0;0;0;0;0;0;0;0;0;0;0;15;0;98.0;98.0;2;0;0.00;0.00;0.00;0.0;0.0
29.533;199;0;99;0;0.0;15.300;1.041;38;41;0;0;100;100;100;134;100;281;100;88;88;0;0.000;3.229;0.000;0.000;19.700;1.340;0.0;0.0;0;14;4.635;0.459;1.7;0;0;0;0.0;0;0;0;0;69;99;0;0;4077;0.00;0;0;0;0;0;0;0;0;0;0;0;0;0;0;0;0;14;0;99.0;99.0;2;0;0.00;0.00;0.00;0.0;0.0
29.533;199;0;99;0;0.0;16.900;1.150;38;41;0;0;100;100;100;134;100;281;100;88;88;0;0.000;3.229;0.000;0.000;19.700;1.340;0.0;0.0;0;14;4.635;0.459;1.7;0;0;0;0.0;0;0;0;0;69;99;0;0;4077;0.00;0;0;0;0;0;0;0;0;0;0;0;0;0;0;0;0;14;0;99.0;99.0;2;0;0.00;0.00;0.00;0.0;0.0
29.664;199;0;98;0;0.0;17.800;1.211;38;41;0;0;100;100;100;134;100;281;100;88;88;0;0.000;3.229;0.000;0.000;19.700;1.340;0.0;0.0;0;15;4.635;0.459;1.7;0;0;0;-0.1;0;0;0;0;69;99;0;0;4077;0.00;0;0;0;0;0;0;0;0;0;0;0;0;0;0;0;0;15;0;98.0;98.0;2;0;0.00;0.00;0.00;0.0;0.0
29.729;200;0;98;0;0.0;18.600;1.265;38;41;0;0;100;100;100;134;100;281;100;88;88;0;0.000;3.229;0.000;0.000;19.700;1.340;0.0;0.0;0;15;4.635;0.459;0.9;0;0;0;-0.1;0;0;0;0;69;99;0;0;8306;0.00;0;0;0;0;0;0;0;0;0;0;0;0;0;0;0;0;15;0;98.0;98.0;0;0;0.00;0.00;0.00;0.0;0.0
29.795;200;0;99;0;0.0;19.100;1.299;38;41;0;0;100;100;100;134;100;281;100;88;88;0;0.000;3.229;0.000;0.000;19.700;1.340;0.0;0.0;0;14;4.635;0.459;0.9;0;0;0;0.0;0;0;0;0;69;99;0;0;8306;0.00;0;0;0;0;0;0;0;0;0;0;0;0;0;0;0;0;14;0;99.0;99.0;0;0;0.00;0.00;0.00;0.0;0.0
29.865;200;0;98;0;0.0;19.500;1.327;38;41;0;0;100;100;100;134;100;281;100;88;88;0;0.000;3.229;0.000;0.000;19.700;1.340;0.0;0.0;0;15;4.635;0.459;0.9;0;0;0;-0.1;0;0;0;0;69;99;0;0;8306;0.00;0;0;0;0;0;0;0;0;0;0;0;0;0;0;0;0;15;0;98.0;98.0;0;0;0.00;0.00;0.00;0.0;0.0
29.865;200;0;99;0;0.0;19.600;1.333;38;41;0;0;100;100;100;134;100;281;100;88;88;0;0.000;3.229;0.000;0.000;19.700;1.340;0.0;0.0;0;14;4.635;0.459;0.9;0;0;0;0.0;0;0;0;0;69;99;0;0;8306;0.00;0;0;0;0;0;0;0;0;0;0;0;0;0;0;0;0;14;0;99.0;99.0;0;0;0.00;0.00;0.00;0.0;0.0
30.000;200;0;98;0;0.0;19.600;1.333;38;41;0;0;100;100;100;134;100;281;100;88;88;0;0.000;3.229;0.000;0.000;19.700;1.340;0.0;0.0;0;15;4.635;0.459;0.4;0;0;0;-0.1;0;0;0;0;69;99;0;0;8306;0.00;0;0;0;0;0;0;0;0;0;0;0;0;0;0;0;0;15;0;98.0;98.0;0;0;0.00;0.00;0.00;0.0;0.0
30.066;200;0;98;0;0.0;19.600;1.333;38;41;0;0;100;100;100;134;100;281;100;88;88;0;0.000;3.229;0.000;0.000;19.700;1.340;0.0;0.0;0;15;4.635;0.459;0.4;0;0;0;-0.1;0;0;0;0;69;99;0;0;8306;0.00;0;0;0;0;0;0;0;0;0;0;0;0;0;0;0;0;15;0;98.0;98.0;0;0;0.00;0.00;0.00;0.0;0.0
30.131;200;0;99;0;0.0;19.600;1.333;38;41;0;0;100;100;100;134;100;281;100;88;88;0;0.000;3.229;0.000;0.000;19.700;1.340;0.0;0.0;0;14;4.635;0.459;0.4;0;0;0;0.0;0;0;0;0;69;99;0;0;8306;0.00;0;0;0;0;0;0;0;0;0;0;0;0;0;0;0;0;14;0;99.0;99.0;0;0;0.00;0.00;0.00;0.0;0.0
30.196;200;0;99;0;0.0;19.600;1.333;38;41;0;0;100;100;100;134;100;281;100;88;88;0;0.000;3.229;0.000;0.000;19.700;1.340;0.0;0.0;0;14;4.635;0.459;0.4;0;0;0;0.0;0;0;0;0;69;99;0;0;8306;0.00;0;0;0;0;0;0;0;0;0;0;0;0;0;0;0;0;14;0;99.0;99.0;0;0;0.00;0.00;0.00;0.0;0.0
30.266;200;0;99;0;0.0;19.700;1.340;38;41;0;0;100;100;100;134;100;281;100;88;88;0;0.000;3.229;0.000;0.000;19.700;1.340;0.0;0.0;0;14;4.635;0.459;0.2;0;0;0;0.0;0;0;0;0;69;99;0;0;8306;0.00;0;0;0;0;0;0;0;0;0;0;0;0;0;0;0;0;14;0;99.0;99.0;0;0;0.00;0.00;0.00;0.0;0.0
30.332;200;0;99;0;0.0;19.700;1.340;38;41;0;0;100;100;100;134;100;281;100;88;88;0;0.000;3.229;0.000;0.000;19.700;1.340;0.0;0.0;0;14;4.635;0.459;0.2;0;0;0;0.0;0;0;0;0;69;99;0;0;8306;0.00;0;0;0;0;0;0;0;0;0;0;0;0;0;0;0;0;14;0;99.0;99.0;0;0;0.00;0.00;0.00;0.0;0.0
30.401;200;0;99;0;0.0;19.700;1.340;38;41;0;0;100;100;100;134;100;281;100;88;88;0;0.000;3.229;0.000;0.000;19.700;1.340;0.0;0.0;0;14;4.635;0.459;0.2;0;0;0;0.0;0;0;0;0;69;99;0;0;8306;0.00;0;0;0;0;0;0;0;0;0;0;0;0;0;0;0;0;14;0;99.0;99.0;0;0;0.00;0.00;0.00;0.0;0.0
30.466;200;0;98;0;0.0;19.700;1.340;38;41;0;0;100;100;100;134;100;281;100;88;88;0;0.000;3.229;0.000;0.000;19.700;1.340;0.0;0.0;0;15;4.635;0.459;0.2;0;0;0;-0.1;0;0;0;0;69;99;0;0;8306;0.00;0;0;0;0;0;0;0;0;0;0;0;0;0;0;0;0;15;0;98.0;98.0;0;0;0.00;0.00;0.00;0.0;0.0
30.532;200;0;99;0;0.0;19.700;1.340;38;41;0;0;100;100;100;134;100;281;100;88;88;0;0.000;3.229;0.000;0.000;19.700;1.340;0.0;0.0;0;14;4.635;0.459;0.1;0;0;0;0.0;0;0;0;0;69;99;0;0;8306;0.00;0;0;0;0;0;0;0;0;0;0;0;0;0;0;0;0;14;0;99.0;99.0;0;0;0.00;0.00;0.00;0.0;0.0
30.601;200;0;99;0;0.0;19.700;1.340;38;41;0;0;100;100;100;134;100;281;100;88;88;0;0.000;3.229;0.000;0.000;19.700;1.340;0.0;0.0;0;14;4.635;0.459;0.1;0;0;0;0.0;0;0;0;0;69;99;0;0;8306;0.00;0;0;0;0;0;0;0;0;0;0;0;0;0;0;0;0;14;0;99.0;99.0;0;0;0.00;0.00;0.00;0.0;0.0
30.601;200;0;99;0;0.0;19.700;1.340;38;41;0;0;100;100;100;134;100;281;100;88;88;0;0.000;3.229;0.000;0.000;19.700;1.340;0.0;0.0;0;14;4.635;0.459;0.1;0;0;0;0.0;0;0;0;0;69;99;0;0;8306;0.00;0;0;0;0;0;0;0;0;0;0;0;0;0;0;0;0;14;0;99.0;99.0;0;0;0.00;0.00;0.00;0.0;0.0
30.733;201;0;98;0;0.0;19.700;1.340;38;41;0;0;100;100;100;134;100;281;100;88;88;0;0.000;3.229;0.000;0.000;19.700;1.340;0.0;0.0;0;15;4.635;0.459;0.0;0;0;0;-0.1;0;0;0;0;69;99;0;0;4110;0.00;0;0;0;0;0;0;0;0;0;0;0;0;0;0;0;0;15;0;98.0;98.0;0;0;0.00;0.00;0.00;0.0;0.0
30.802;201;0;98;0;0.0;19.700;1.340;38;41;0;0;100;100;100;134;100;281;100;88;88;0;0.000;3.229;0.000;0.000;19.700;1.340;0.0;0.0;0;15;4.635;0.459;0.0;0;0;0;-0.1;0;0;0;0;69;99;0;0;4110;0.00;0;0;0;0;0;0;0;0;0;0;0;0;0;0;0;0;15;0;98.0;98.0;0;0;0.00;0.00;0.00;0.0;0.0
30.868;201;0;99;0;0.0;19.700;1.340;38;41;0;0;100;100;100;134;100;281;100;88;88;0;0.000;3.229;0.000;0.000;19.700;1.340;0.0;0.0;0;14;4.635;0.459;0.0;0;0;0;0.0;0;0;0;0;69;99;0;0;4110;0.00;0;0;0;0;0;0;0;0;0;0;0;0;0;0;0;0;14;0;99.0;99.0;0;0;0.00;0.00;0.00;0.0;0.0
30.940;201;0;98;0;0.0;19.700;1.340;38;41;0;0;100;100;100;134;100;281;100;88;88;0;0.000;3.229;0.000;0.000;19.700;1.340;0.0;0.0;0;15;4.635;0.459;0.0;0;0;0;-0.1;0;0;0;0;69;99;0;0;4110;0.00;0;0;0;0;0;0;0;0;0;0;0;0;0;0;0;0;15;0;98.0;98.0;0;0;0.00;0.00;0.00;0.0;0.0
31.004;201;0;99;0;0.0;19.700;1.340;38;41;0;0;100;100;100;134;100;281;100;88;88;0;0.000;3.229;0.000;0.000;19.700;1.340;0.0;0.0;0;14;4.635;0.459;0.0;0;0;0;0.0;0;0;0;0;69;99;0;0;4110;0.00;0;0;0;0;0;0;0;0;0;0;0;0;0;0;0;0;14;0;99.0;99.0;0;0;0.00;0.00;0.00;0.0;0.0
31.069;201;0;99;0;0.0;19.700;1.340;38;41;0;0;100;100;100;134;100;281;100;88;88;0;0.000;3.229;0.000;0.000;19.700;1.340;0.0;0.0;0;14;4.635;0.459;0.0;0;0;0;0.0;0;0;0;0;69;99;0;0;4110;0.00;0;0;0;0;0;0;0;0;0;0;0;0;0;0;0;0;14;0;99.0;99.0;0;0;0.00;0.00;0.00;0.0;0.0
31.134;201;0;99;0;0.0;19.700;1.340;38;41;0;0;100;100;100;134;100;281;100;88;88;0;0.000;3.229;0.000;0.000;19.700;1.340;0.0;0.0;0;14;4.635;0.459;0.0;0;0;0;0.0;0;0;0;0;69;99;0;0;4110;0.00;0;0;0;0;0;0;0;0;0;0;0;0;0;0;0;0;14;0;99.0;99.0;0;0;0.00;0.00;0.00;0.0;0.0
31.134;201;0;98;0;0.0;19.700;1.340;38;41;0;0;100;100;100;134;100;281;100;88;88;0;0.000;3.229;0.000;0.000;19.700;1.340;0.0;0.0;0;15;4.635;0.459;0.0;0;0;0;-0.1;0;0;0;0;69;99;0;0;4110;0.00;0;0;0;0;0;0;0;0;0;0;0;0;0;0;0;0;15;0;98.0;98.0;0;0;0.00;0.00;0.00;0.0;0.0
31.265;201;0;99;0;0.0;19.700;1.340;38;41;0;0;100;100;100;134;100;281;100;88;88;0;0.000;3.229;0.000;0.000;19.700;1.340;0.0;0.0;0;14;4.635;0.459;0.0;0;0;0;0.0;0;0;0;0;69;99;0;0;4110;0.00;0;0;0;0;0;0;0;0;0;0;0;0;0;0;0;0;14;0;99.0;99.0;0;0;0.00;0.00;0.00;0.0;0.0
31.331;201;0;98;0;0.0;19.700;1.340;38;41;0;0;100;100;100;134;100;281;100;88;88;0;0.000;3.229;0.000;0.000;19.700;1.340;0.0;0.0;0;15;4.635;0.459;0.0;0;0;0;-0.1;0;0;0;0;69;99;0;0;4110;0.00;0;0;0;0;0;0;0;0;0;0;0;0;0;0;0;0;15;0;98.0;98.0;0;0;0.00;0.00;0.00;0.0;0.0
31.396;201;0;99;0;0.0;19.700;1.340;38;41;0;0;100;100;100;134;100;281;100;88;88;0;0.000;3.229;0.000;0.000;19.700;1.340;0.0;0.0;0;14;4.635;0.459;0.0;0;0;0;0.0;0;0;0;0;69;99;0;0;4110;0.00;0;0;0;0;0;0;0;0;0;0;0;0;0;0;0;0;14;0;99.0;99.0;0;0;0.00;0.00;0.00;0.0;0.0
31.466;201;0;98;0;0.0;19.700;1.340;38;41;0;0;100;100;100;134;100;281;100;88;88;0;0.000;3.229;0.000;0.000;19.700;1.340;0.0;0.0;0;15;4.635;0.459;0.0;0;0;0;-0.1;0;0;0;0;69;99;0;0;4110;0.00;0;0;0;0;0;0;0;0;0;0;0;0;0;0;0;0;15;0;98.0;98.0;0;0;0.00;0.00;0.00;0.0;0.0
31.531;201;0;99;0;0.0;19.700;1.340;38;41;0;0;100;100;100;134;100;281;100;88;88;0;0.000;3.229;0.000;0.000;19.700;1.340;0.0;0.0;0;14;4.635;0.459;0.0;0;0;0;0.0;0;0;0;0;69;99;0;0;4110;0.00;0;0;0;0;0;0;0;0;0;0;0;0;0;0;0;0;14;0;99.0;99.0;0;0;0.00;0.00;0.00;0.0;0.0
31.597;201;0;99;0;0.0;19.700;1.340;38;41;0;0;100;100;100;134;100;281;100;88;88;0;0.000;3.229;0.000;0.000;19.700;1.340;0.0;0.0;0;14;4.635;0.459;0.0;0;0;0;0.0;0;0;0;0;69;99;0;0;4110;0.00;0;0;0;0;0;0;0;0;0;0;0;0;0;0;0;0;14;0;99.0;99.0;0;0;0.00;0.00;0.00;0.0;0.0
31.597;201;0;99;0;0.0;19.700;1.340;38;41;0;0;100;100;100;134;100;281;100;88;88;0;0.000;3.229;0.000;0.000;19.700;1.340;0.0;0.0;0;14;4.635;0.459;0.0;0;0;0;0.0;0;0;0;0;69;99;0;0;4110;0.00;0;0;0;0;0;0;0;0;0;0;0;0;0;0;0;0;14;0;99.0;99.0;0;0;0.00;0.00;0.00;0.0;0.0
31.728;201;0;99;0;0.0;19.700;1.340;38;41;0;0;100;100;100;134;100;281;100;88;88;0;0.000;3.229;0.000;0.000;19.700;1.340;0.0;0.0;0;14;4.635;0.459;0.0;0;0;0;0.0;0;0;0;0;69;99;0;0;4110;0.00;0;0;0;0;0;0;0;0;0;0;0;0;0;0;0;0;14;0;99.0;99.0;0;0;0.00;0.00;0.00;0.0;0.0
31.798;202;0;98;0;0.0;19.700;1.340;38;41;0;0;100;100;100;134;100;281;100;88;88;0;0.000;3.229;0.000;0.000;19.700;1.340;0.0;0.0;0;15;4.635;0.459;0.0;0;0;0;-0.1;0;0;0;0;69;99;0;0;4059;0.00;0;0;0;0;0;0;0;0;0;0;0;0;0;0;0;0;15;0;98.0;98.0;0;0;0.00;0.00;0.00;0.0;0.0
31.863;202;0;99;0;0.0;19.700;1.340;38;41;0;0;100;100;100;134;100;281;100;88;88;0;0.000;3.229;0.000;0.000;19.700;1.340;0.0;0.0;0;14;4.635;0.459;0.0;0;0;0;0.0;0;0;0;0;69;99;0;0;4059;0.00;0;0;0;0;0;0;0;0;0;0;0;0;0;0;0;0;14;0;99.0;99.0;0;0;0.00;0.00;0.00;0.0;0.0
31.929;202;0;99;0;0.0;19.700;1.340;38;41;0;0;100;100;100;134;100;281;100;88;88;0;0.000;3.229;0.000;0.000;19.700;1.340;0.0;0.0;0;14;4.635;0.459;0.0;0;0;0;0.0;0;0;0;0;69;99;0;0;4059;0.00;0;0;0;0;0;0;0;0;0;0;0;0;0;0;0;0;14;0;99.0;99.0;0;0;0.00;0.00;0.00;0.0;0.0
31.998;202;0;98;0;0.0;19.700;1.340;38;41;0;0;100;100;100;134;100;281;100;88;88;0;0.000;3.229;0.000;0.000;19.700;1.340;0.0;0.0;0;15;4.635;0.459;0.0;0;0;0;-0.1;0;0;0;0;69;99;0;0;4059;0.00;0;0;0;0;0;0;0;0;0;0;0;0;0;0;0;0;15;0;98.0;98.0;0;0;0.00;0.00;0.00;0.0;0.0
32.064;202;0;99;0;0.0;19.700;1.340;38;41;0;0;100;100;100;134;100;281;100;88;88;0;0.000;3.229;0.000;0.000;19.700;1.340;0.0;0.0;0;14;4.635;0.459;0.0;0;0;0;0.0;0;0;0;0;69;99;0;0;4059;0.00;0;0;0;0;0;0;0;0;0;0;0;0;0;0;0;0;14;0;99.0;99.0;0;0;0.00;0.00;0.00;0.0;0.0
32.129;202;0;99;0;0.0;19.700;1.340;38;41;0;0;100;100;100;134;100;281;100;88;88;0;0.000;3.229;0.000;0.000;19.700;1.340;0.0;0.0;0;14;4.635;0.459;0.0;0;0;0;0.0;0;0;0;0;69;99;0;0;4059;0.00;0;0;0;0;0;0;0;0;0;0;0;0;0;0;0;0;14;0;99.0;99.0;0;0;0.00;0.00;0.00;0.0;0.0
32.199;202;0;99;0;0.0;19.700;1.340;38;41;0;0;100;100;100;134;100;281;100;88;88;0;0.000;3.229;0.000;0.000;19.700;1.340;0.0;0.0;0;14;4.635;0.459;0.0;0;0;0;0.0;0;0;0;0;69;99;0;0;4059;0.00;0;0;0;0;0;0;0;0;0;0;0;0;0;0;0;0;14;0;99.0;99.0;0;0;0.00;0.00;0.00;0.0;0.0
32.265;202;0;98;0;0.0;19.700;1.340;38;41;0;0;100;100;100;134;100;281;100;88;88;0;0.000;3.229;0.000;0.000;19.700;1.340;0.0;0.0;0;15;4.635;0.459;0.0;0;0;0;-0.1;0;0;0;0;69;99;0;0;4059;0.00;0;0;0;0;0;0;0;0;0;0;0;0;0;0;0;0;15;0;98.0;98.0;0;0;0.00;0.00;0.00;0.0;0.0
32.330;202;0;99;0;0.0;19.700;1.340;38;41;0;0;100;100;100;134;100;281;100;88;88;0;0.000;3.229;0.000;0.000;19.700;1.340;0.0;0.0;0;14;4.635;0.459;0.0;0;0;0;0.0;0;0;0;0;69;99;0;0;4059;0.00;0;0;0;0;0;0;0;0;0;0;0;0;0;0;0;0;14;0;99.0;99.0;0;0;0.00;0.00;0.00;0.0;0.0
32.399;202;0;99;0;0.0;19.700;1.340;38;41;0;0;100;100;100;134;100;281;100;88;88;0;0.000;3.229;0.000;0.000;19.700;1.340;0.0;0.0;0;14;4.635;0.459;0.0;0;0;0;0.0;0;0;0;0;69;99;0;0;4059;0.00;0;0;0;0;0;0;0;0;0;0;0;0;0;0;0;0;14;0;99.0;99.0;0;0;0.00;0.00;0.00;0.0;0.0
32.465;202;0;99;0;0.0;19.700;1.340;38;41;0;0;100;100;100;134;100;281;100;88;88;0;0.000;3.229;0.000;0.000;19.700;1.340;0.0;0.0;0;14;4.635;0.459;0.0;0;0;0;0.0;0;0;0;0;69;99;0;0;4059;0.00;0;0;0;0;0;0;0;0;0;0;0;0;0;0;0;0;14;0;99.0;99.0;0;0;0.00;0.00;0.00;0.0;0.0