"Time";"SecL";"RPM";"MAP";"MAPxRPM";"TPS";"AFR";"Lambda";"IAT";"CLT";"Engine";"DFCO";"Gego";"Gair";"Gbattery";"Gwarm";"Gbaro";"Gammae";"Accel Enrich";"VE _Current";"VE1";"VE2";"PW";"PW2";"PW3";"PW4";"AFR Target";"Lambda Target";"Duty Cycle";"Duty Cycle _Staging";"TPS DOT";"Advance _Current";"Dwell";"Dwell _Measured";"Battery V";"rpm/s";"Boost PSI";"Boost cut";"Hard Launch";"Hard Limiter";"Idle Control";"IAC value";"Baro Pressure";"Fan";"Sync Loss #";"Loops/s";"Loops/rev";"Aux0";"Aux1";"Aux2";"Aux3";"Aux4";"Aux5";"Aux6";"Aux7";"Aux8";"Aux9";"Aux10";"Aux11";"Aux12";"Aux13";"Aux14";"Aux15";"Advance 1";"Advance 2";"FuelLoad";"IgnitionLoad";"Sync status";"";"Trip Meter Miles";"Odometer Miles";"Vehicle Speed";"Power";"Torque"
"s";"sec";"rpm";"kpa";"";"%";"O2";"";"";"";"bits";"";"%";"%";"";"%";"%";"%";"%";"%";"%";"%";"ms";"ms";"ms";"ms";"O2";"";"";"";"%/s";"deg";"ms";"ms";"V";"rpm/s";"";"";"";"";"";"None";"kpa";"";"";"loops";"";"";"";"";"";"";"";"";"";"";"";"";"";"";"";"";"";"deg";"deg";"kPa";"kPa";"";"bits";"Miles";"Miles";"MPH";"HP";"lbft"
797.116;54;1374;30;41220;0.5;19.700;1.340;45;96;1;0;100;99;100;100;100;99;100;45;45;0;1.702;1.702;0.000;0.000;14.700;1.000;7.8;0.0;0;33;3.000;2.847;13.0;-170;-10.0;0;0;0;0;0;99;0;0;1940;84.72;0;0;0;0;0;0;0;0;0;0;0;0;0;0;0;0;33;0;30.0;30.0;2;0;0.00;0.00;0.00;0.0;0.0
0.005;54;1374;30;41220;0.5;19.700;1.340;45;96;1;0;100;99;100;100;100;99;100;45;45;0;1.702;1.702;0.000;0.000;14.700;1.000;7.8;0.0;0;33;3.000;3.047;13.0;100;-10.0;0;0;0;0;0;99;0;0;1940;84.72;0;0;0;0;0;0;0;0;0;0;0;0;0;0;0;0;33;0;30.0;30.0;2;0;0.00;0.00;0.00;0.0;0.0
0.005;54;1361;30;40830;0.5;19.700;1.340;45;96;1;0;100;99;100;100;100;99;100;45;45;0;1.702;1.702;0.000;0.000;14.700;1.000;7.7;0.0;0;33;3.000;2.794;13.0;100;-10.0;0;0;0;0;0;99;0;0;1940;85.53;0;0;0;0;0;0;0;0;0;0;0;0;0;0;0;0;33;0;30.0;30.0;2;0;0.00;0.00;0.00;0.0;0.0
0.071;55;1379;30;41370;0.5;19.700;1.340;45;96;1;0;100;99;100;100;100;99;100;45;45;0;1.786;1.786;0.000;0.000;14.700;1.000;8.2;0.0;0;33;3.000;2.908;12.3;20;-10.0;0;0;0;0;0;99;0;0;1944;84.58;0;0;0;0;0;0;0;0;0;0;0;0;0;0;0;0;33;0;30.0;30.0;2;0;0.00;0.00;0.00;0.0;0.0
0.137;55;1370;30;41100;0.5;19.700;1.340;45;96;1;0;100;99;100;100;100;99;100;45;45;0;1.786;1.786;0.000;0.000;14.700;1.000;8.2;0.0;0;33;3.000;2.896;12.3;-60;-10.0;0;0;0;0;0;99;0;0;1944;85.14;0;0;0;0;0;0;0;0;0;0;0;0;0;0;0;0;33;0;30.0;30.0;2;0;0.00;0.00;0.00;0.0;0.0
0.201;55;1370;30;41100;0.5;19.700;1.340;45;96;1;0;100;99;100;100;100;99;100;45;45;0;1.786;1.786;0.000;0.000;14.700;1.000;8.2;0.0;0;33;3.000;2.995;12.3;-60;-10.0;0;0;0;0;0;99;0;0;1944;85.14;0;0;0;0;0;0;0;0;0;0;0;0;0;0;0;0;33;0;30.0;30.0;2;0;0.00;0.00;0.00;0.0;0.0
0.267;55;1364;30;40920;0.5;19.700;1.340;45;96;1;0;100;99;100;100;100;99;100;45;45;0;1.786;1.786;0.000;0.000;14.700;1.000;8.1;0.0;0;33;3.000;2.780;12.3;50;-10.0;0;0;0;0;0;99;0;0;1944;85.51;0;0;0;0;0;0;0;0;0;0;0;0;0;0;0;0;33;0;30.0;30.0;2;0;0.00;0.00;0.00;0.0;0.0
0.334;55;1361;30;40830;0.5;19.700;1.340;45;96;1;0;100;99;100;100;100;99;100;45;45;0;1.762;1.762;0.000;0.000;14.700;1.000;8.0;0.0;0;33;3.000;2.898;12.5;-20;-10.0;0;0;0;0;0;99;0;0;1944;85.70;0;0;0;0;0;0;0;0;0;0;0;0;0;0;0;0;33;0;30.0;30.0;2;0;0.00;0.00;0.00;0.0;0.0
0.467;55;1364;30;40920;0.5;19.600;1.333;45;96;1;0;100;99;100;100;100;99;100;45;45;0;1.762;1.762;0.000;0.000;14.700;1.000;8.0;0.0;0;33;3.000;2.851;12.5;-20;-10.0;0;0;0;0;0;99;0;0;1944;85.51;0;0;0;0;0;0;0;0;0;0;0;0;0;0;0;0;33;0;30.0;30.0;2;0;0.00;0.00;0.00;0.0;0.0
0.467;55;1359;30;40770;0.5;19.700;1.340;45;96;1;0;100;99;100;100;100;99;100;45;45;0;1.762;1.762;0.000;0.000;14.700;1.000;8.0;0.0;0;33;3.000;3.033;12.5;-220;-10.0;0;0;0;0;0;99;0;0;1944;85.83;0;0;0;0;0;0;0;0;0;0;0;0;0;0;0;0;33;0;30.0;30.0;2;0;0.00;0.00;0.00;0.0;0.0
0.599;55;1361;30;40830;0.5;19.700;1.340;45;96;1;0;100;99;100;100;100;99;100;45;45;0;1.738;1.738;0.000;0.000;14.700;1.000;7.9;0.0;0;33;3.000;3.067;12.7;100;-10.0;0;0;0;0;0;99;0;0;1944;85.70;0;0;0;0;0;0;0;0;0;0;0;0;0;0;0;0;33;0;30.0;30.0;2;0;0.00;0.00;0.00;0.0;0.0
0.670;55;1352;30;40560;0.5;19.700;1.340;45;96;1;0;100;99;100;100;100;99;100;45;45;0;1.738;1.738;0.000;0.000;14.700;1.000;7.8;0.0;0;33;3.000;2.704;12.7;100;-10.0;0;0;0;0;0;99;0;0;1944;86.27;0;0;0;0;0;0;0;0;0;0;0;0;0;0;0;0;33;0;30.0;30.0;2;0;0.00;0.00;0.00;0.0;0.0
0.736;55;1359;30;40770;0.5;19.700;1.340;45;96;1;0;100;99;100;100;100;99;100;45;45;0;1.738;1.738;0.000;0.000;14.700;1.000;7.9;0.0;0;33;3.000;2.867;12.7;0;-10.0;0;0;0;0;0;99;0;0;1944;85.83;0;0;0;0;0;0;0;0;0;0;0;0;0;0;0;0;33;0;30.0;30.0;2;0;0.00;0.00;0.00;0.0;0.0
0.805;55;1362;30;40860;0.5;19.700;1.340;45;96;1;0;100;99;100;100;100;99;100;45;45;0;1.738;1.738;0.000;0.000;14.700;1.000;7.9;0.0;0;33;3.000;2.935;12.7;10;-10.0;0;0;0;0;0;99;0;0;1944;85.64;0;0;0;0;0;0;0;0;0;0;0;0;0;0;0;0;33;0;30.0;30.0;2;0;0.00;0.00;0.00;0.0;0.0
0.875;55;1360;30;40800;0.5;19.700;1.340;45;96;1;0;100;99;100;100;100;99;100;45;45;0;1.726;1.726;0.000;0.000;14.700;1.000;7.8;0.0;0;33;3.000;2.920;12.8;10;-10.0;0;0;0;0;0;99;0;0;1944;85.76;0;0;0;0;0;0;0;0;0;0;0;0;0;0;0;0;33;0;30.0;30.0;2;0;0.00;0.00;0.00;0.0;0.0
0.939;55;1344;30;40320;0.5;19.700;1.340;45;96;1;0;100;99;100;100;100;99;100;45;45;0;1.726;1.726;0.000;0.000;14.700;1.000;7.7;0.0;0;33;3.000;2.727;12.8;-60;-10.0;0;0;0;0;0;99;0;0;1944;86.79;0;0;0;0;0;0;0;0;0;0;0;0;0;0;0;0;33;0;30.0;30.0;2;0;0.00;0.00;0.00;0.0;0.0
1.005;55;1356;30;40680;0.5;19.700;1.340;45;96;1;0;100;99;100;100;100;99;100;45;45;0;1.726;1.726;0.000;0.000;14.700;1.000;7.8;0.0;0;33;3.000;2.926;12.8;-60;-10.0;0;0;0;0;0;99;0;0;1944;86.02;0;0;0;0;0;0;0;0;0;0;0;0;0;0;0;0;33;0;30.0;30.0;2;0;0.00;0.00;0.00;0.0;0.0
1.071;55;1352;30;40560;0.5;19.700;1.340;45;96;1;0;100;99;100;100;100;99;100;45;45;0;1.726;1.726;0.000;0.000;14.700;1.000;7.8;0.0;0;33;3.000;2.853;12.8;0;-10.0;0;0;0;0;0;99;0;0;1944;86.27;0;0;0;0;0;0;0;0;0;0;0;0;0;0;0;0;33;0;30.0;30.0;2;0;0.00;0.00;0.00;0.0;0.0
1.136;56;1357;30;40710;0.5;19.700;1.340;45;96;1;0;100;99;100;100;100;99;100;45;45;0;1.726;1.726;0.000;0.000;14.700;1.000;7.8;0.0;0;33;3.000;2.908;12.8;-10;-10.0;0;0;0;0;0;99;0;0;1944;85.95;0;0;0;0;0;0;0;0;0;0;0;0;0;0;0;0;33;0;30.0;30.0;2;0;0.00;0.00;0.00;0.0;0.0
1.201;56;1343;30;40290;0.5;19.700;1.340;45;96;1;0;100;99;100;100;100;99;100;45;45;0;1.726;1.726;0.000;0.000;14.700;1.000;7.7;0.0;0;33;3.000;2.680;12.8;-10;-10.0;0;0;0;0;0;99;0;0;1944;86.85;0;0;0;0;0;0;0;0;0;0;0;0;0;0;0;0;33;0;30.0;30.0;2;0;0.00;0.00;0.00;0.0;0.0
1.267;56;1357;30;40710;0.5;19.700;1.340;45;96;1;0;100;99;100;100;100;99;100;45;45;0;1.726;1.726;0.000;0.000;14.700;1.000;7.8;0.0;0;33;3.000;2.839;12.8;-120;-10.0;0;0;0;0;0;99;0;0;1944;85.95;0;0;0;0;0;0;0;0;0;0;0;0;0;0;0;0;33;0;30.0;30.0;2;0;0.00;0.00;0.00;0.0;0.0
1.333;56;1355;30;40650;0.5;19.700;1.340;45;96;1;0;100;99;100;100;100;99;100;45;45;0;1.726;1.726;0.000;0.000;14.700;1.000;7.8;0.0;0;33;3.000;2.815;12.8;140;-10.0;0;0;0;0;0;99;0;0;1944;86.08;0;0;0;0;0;0;0;0;0;0;0;0;0;0;0;0;33;0;30.0;30.0;2;0;0.00;0.00;0.00;0.0;0.0
1.401;56;1360;30;40800;0.5;19.700;1.340;45;96;1;0;100;99;100;100;100;99;100;45;45;0;1.726;1.726;0.000;0.000;14.700;1.000;7.8;0.0;0;33;3.000;3.044;12.8;140;-10.0;0;0;0;0;0;99;0;0;1944;85.76;0;0;0;0;0;0;0;0;0;0;0;0;0;0;0;0;33;0;30.0;30.0;2;0;0.00;0.00;0.00;0.0;0.0
1.467;56;1357;30;40710;0.5;19.700;1.340;45;96;1;0;100;99;100;100;100;99;100;45;45;0;1.726;1.726;0.000;0.000;14.700;1.000;7.8;0.0;0;33;3.000;2.782;12.8;30;-10.0;0;0;0;0;0;99;0;0;1944;85.95;0;0;0;0;0;0;0;0;0;0;0;0;0;0;0;0;33;0;30.0;30.0;2;0;0.00;0.00;0.00;0.0;0.0
1.533;56;1376;30;41280;0.5;19.700;1.340;45;96;1;0;100;99;100;100;100;99;100;45;45;0;1.726;1.726;0.000;0.000;14.700;1.000;7.9;0.0;0;33;3.000;2.913;12.8;130;-10.0;0;0;0;0;0;99;0;0;1944;84.77;0;0;0;0;0;0;0;0;0;0;0;0;0;0;0;0;33;0;30.0;30.0;2;0;0.00;0.00;0.00;0.0;0.0
1.598;56;1373;30;41190;0.5;19.700;1.340;45;96;1;0;100;99;100;100;100;99;100;45;45;0;1.726;1.726;0.000;0.000;14.700;1.000;7.9;0.0;0;33;3.000;2.919;12.8;130;-10.0;0;0;0;0;0;99;0;0;1944;84.95;0;0;0;0;0;0;0;0;0;0;0;0;0;0;0;0;33;0;30.0;30.0;2;0;0.00;0.00;0.00;0.0;0.0
1.668;56;1370;28;38360;0.5;19.700;1.340;45;96;1;0;100;99;100;100;100;99;100;44;44;0;1.689;1.689;0.000;0.000;14.700;1.000;7.7;0.0;0;34;3.000;3.183;12.9;0;-10.3;0;0;0;0;0;99;0;0;1944;85.14;0;0;0;0;0;0;0;0;0;0;0;0;0;0;0;0;34;0;28.0;28.0;2;0;0.00;0.00;0.00;0.0;0.0
1.733;56;1351;30;40530;0.5;19.700;1.340;45;96;1;0;100;99;100;100;100;99;100;45;45;0;1.714;1.714;0.000;0.000;14.700;1.000;7.7;0.0;0;33;3.000;2.704;12.9;-90;-10.0;0;0;0;0;0;99;0;0;1944;86.34;0;0;0;0;0;0;0;0;0;0;0;0;0;0;0;0;33;0;30.0;30.0;2;0;0.00;0.00;0.00;0.0;0.0
1.803;56;1354;30;40620;0.5;19.700;1.340;45;96;1;0;100;99;100;100;100;99;100;45;45;0;1.714;1.714;0.000;0.000;14.700;1.000;7.7;0.0;0;33;3.000;2.857;12.9;-90;-10.0;0;0;0;0;0;99;0;0;1944;86.14;0;0;0;0;0;0;0;0;0;0;0;0;0;0;0;0;33;0;30.0;30.0;2;0;0.00;0.00;0.00;0.0;0.0
1.868;56;1351;30;40530;0.5;19.700;1.340;45;96;1;0;100;99;100;100;100;99;100;45;45;0;1.714;1.714;0.000;0.000;14.700;1.000;7.7;0.0;0;33;3.000;2.809;12.9;-210;-10.0;0;0;0;0;0;99;0;0;1944;86.34;0;0;0;0;0;0;0;0;0;0;0;0;0;0;0;0;33;0;30.0;30.0;2;0;0.00;0.00;0.00;0.0;0.0
1.935;56;1355;30;40650;0.5;19.700;1.340;45;96;1;0;100;99;100;100;100;99;100;45;45;0;1.702;1.702;0.000;0.000;14.700;1.000;7.7;0.0;0;33;3.000;2.962;13.0;20;-10.0;0;0;0;0;0;99;0;0;1944;86.08;0;0;0;0;0;0;0;0;0;0;0;0;0;0;0;0;33;0;30.0;30.0;2;0;0.00;0.00;0.00;0.0;0.0
2.000;56;1345;30;40350;0.5;19.700;1.340;45;96;1;0;100;99;100;100;100;99;100;45;45;0;1.702;1.702;0.000;0.000;14.700;1.000;7.6;0.0;0;33;3.000;2.657;13.0;20;-10.0;0;0;0;0;0;99;0;0;1944;86.72;0;0;0;0;0;0;0;0;0;0;0;0;0;0;0;0;33;0;30.0;30.0;2;0;0.00;0.00;0.00;0.0;0.0
2.065;56;1352;30;40560;0.5;19.700;1.340;45;96;1;0;100;99;100;100;100;99;100;45;45;0;1.702;1.702;0.000;0.000;14.700;1.000;7.7;0.0;0;33;3.000;2.839;13.0;90;-10.0;0;0;0;0;0;99;0;0;1944;86.27;0;0;0;0;0;0;0;0;0;0;0;0;0;0;0;0;33;0;30.0;30.0;2;0;0.00;0.00;0.00;0.0;0.0
2.131;57;1351;30;40530;0.5;19.700;1.340;45;96;1;0;100;99;100;100;100;99;100;45;45;0;1.702;1.702;0.000;0.000;14.700;1.000;7.7;0.0;0;33;3.000;2.822;13.0;-20;-10.0;0;0;0;0;0;99;0;0;1945;86.38;0;0;0;0;0;0;0;0;0;0;0;0;0;0;0;0;33;0;30.0;30.0;2;0;0.00;0.00;0.00;0.0;0.0
2.200;57;1351;30;40530;0.5;19.700;1.340;45;96;1;0;100;99;100;100;100;99;100;45;45;0;1.702;1.702;0.000;0.000;14.700;1.000;7.7;0.0;0;33;3.000;2.929;13.0;-20;-10.0;0;0;0;0;0;99;0;0;1945;86.38;0;0;0;0;0;0;0;0;0;0;0;0;0;0;0;0;33;0;30.0;30.0;2;0;0.00;0.00;0.00;0.0;0.0
2.266;57;1347;30;40410;0.5;19.700;1.340;45;96;1;0;100;99;100;100;100;99;100;45;45;0;1.702;1.702;0.000;0.000;14.700;1.000;7.6;0.0;0;33;3.000;2.803;13.0;-30;-10.0;0;0;0;0;0;99;0;0;1945;86.64;0;0;0;0;0;0;0;0;0;0;0;0;0;0;0;0;33;0;30.0;30.0;2;0;0.00;0.00;0.00;0.0;0.0
2.331;57;1366;30;40980;0.5;19.700;1.340;45;96;1;0;100;99;100;100;100;99;100;45;45;0;1.702;1.702;0.000;0.000;14.700;1.000;7.7;0.0;0;33;3.000;2.960;13.0;170;-10.0;0;0;0;0;0;99;0;0;1945;85.43;0;0;0;0;0;0;0;0;0;0;0;0;0;0;0;0;33;0;30.0;30.0;2;0;0.00;0.00;0.00;0.0;0.0
2.396;57;1364;30;40920;0.5;19.700;1.340;45;96;1;0;100;99;100;100;100;99;100;45;45;0;1.714;1.714;0.000;0.000;14.700;1.000;7.8;0.0;0;33;3.000;2.900;12.9;170;-10.0;0;0;0;0;0;99;0;0;1945;85.56;0;0;0;0;0;0;0;0;0;0;0;0;0;0;0;0;33;0;30.0;30.0;2;0;0.00;0.00;0.00;0.0;0.0
2.467;57;1364;30;40920;0.5;19.600;1.333;45;96;1;0;100;99;100;100;100;99;100;45;45;0;1.714;1.714;0.000;0.000;14.700;1.000;7.8;0.0;0;33;3.000;3.019;12.9;-20;-10.0;0;0;0;0;0;99;0;0;1945;85.56;0;0;0;0;0;0;0;0;0;0;0;0;0;0;0;0;33;0;30.0;30.0;2;0;0.00;0.00;0.00;0.0;0.0
2.531;57;1353;30;40590;0.5;19.700;1.340;45;96;1;0;100;99;100;100;100;99;100;45;45;0;1.714;1.714;0.000;0.000;14.700;1.000;7.7;0.0;0;33;3.000;2.693;12.9;-110;-10.0;0;0;0;0;0;99;0;0;1945;86.25;0;0;0;0;0;0;0;0;0;0;0;0;0;0;0;0;33;0;30.0;30.0;2;0;0.00;0.00;0.00;0.0;0.0
2.597;57;1371;30;41130;0.5;19.700;1.340;45;96;1;0;100;99;100;100;100;99;100;45;45;0;1.714;1.714;0.000;0.000;14.700;1.000;7.8;0.0;0;33;3.000;2.971;12.9;-110;-10.0;0;0;0;0;0;99;0;0;1945;85.12;0;0;0;0;0;0;0;0;0;0;0;0;0;0;0;0;33;0;30.0;30.0;2;0;0.00;0.00;0.00;0.0;0.0
2.667;57;1377;30;41310;0.5;19.700;1.340;45;96;1;0;100;99;100;100;100;99;100;45;45;0;1.714;1.714;0.000;0.000;14.700;1.000;7.9;0.0;0;33;3.000;2.932;12.9;240;-10.0;0;0;0;0;0;99;0;0;1945;84.75;0;0;0;0;0;0;0;0;0;0;0;0;0;0;0;0;33;0;30.0;30.0;2;0;0.00;0.00;0.00;0.0;0.0
2.733;57;1378;30;41340;0.5;19.700;1.340;45;96;1;0;100;99;100;100;100;99;100;45;45;0;1.714;1.714;0.000;0.000;14.700;1.000;7.9;0.0;0;33;3.000;3.016;12.9;10;-10.0;0;0;0;0;0;99;0;0;1945;84.69;0;0;0;0;0;0;0;0;0;0;0;0;0;0;0;0;33;0;30.0;30.0;2;0;0.00;0.00;0.00;0.0;0.0
2.798;57;1369;30;41070;0.5;19.700;1.340;45;96;1;0;100;99;100;100;100;99;100;45;45;0;1.714;1.714;0.000;0.000;14.700;1.000;7.8;0.0;0;33;3.000;2.766;12.9;10;-10.0;0;0;0;0;0;99;0;0;1945;85.24;0;0;0;0;0;0;0;0;0;0;0;0;0;0;0;0;33;0;30.0;30.0;2;0;0.00;0.00;0.00;0.0;0.0
2.863;57;1373;30;41190;0.5;19.700;1.340;45;96;1;0;100;99;100;100;100;99;100;45;45;0;1.714;1.714;0.000;0.000;14.700;1.000;7.8;0.0;0;33;3.000;2.914;12.9;-50;-10.0;0;0;0;0;0;99;0;0;1945;85.00;0;0;0;0;0;0;0;0;0;0;0;0;0;0;0;0;33;0;30.0;30.0;2;0;0.00;0.00;0.00;0.0;0.0
2.933;57;1371;30;41130;0.5;19.700;1.340;45;96;1;0;100;99;100;100;100;99;100;45;45;0;1.726;1.726;0.000;0.000;14.700;1.000;7.9;0.0;0;33;3.000;2.866;12.8;-50;-10.0;0;0;0;0;0;99;0;0;1945;85.12;0;0;0;0;0;0;0;0;0;0;0;0;0;0;0;0;33;0;30.0;30.0;2;0;0.00;0.00;0.00;0.0;0.0
2.999;57;1373;30;41190;0.5;19.700;1.340;45;96;1;0;100;99;100;100;100;99;100;45;45;0;1.726;1.726;0.000;0.000;14.700;1.000;7.9;0.0;0;33;3.000;3.065;12.8;-20;-10.0;0;0;0;0;0;99;0;0;1945;85.00;0;0;0;0;0;0;0;0;0;0;0;0;0;0;0;0;33;0;30.0;30.0;2;0;0.00;0.00;0.00;0.0;0.0
3.068;57;1365;30;40950;0.5;19.700;1.340;45;96;1;0;100;99;100;100;100;99;100;45;45;0;1.726;1.726;0.000;0.000;14.700;1.000;7.9;0.0;0;33;3.000;2.725;12.8;20;-10.0;0;0;0;0;0;99;0;0;1945;85.49;0;0;0;0;0;0;0;0;0;0;0;0;0;0;0;0;33;0;30.0;30.0;2;0;0.00;0.00;0.00;0.0;0.0
3.135;57;1356;30;40680;0.5;19.700;1.340;45;96;1;0;100;99;100;100;100;99;100;45;45;0;1.726;1.726;0.000;0.000;14.700;1.000;7.8;0.0;0;33;3.000;2.897;12.8;20;-10.0;0;0;0;0;0;99;0;0;1945;86.06;0;0;0;0;0;0;0;0;0;0;0;0;0;0;0;0;33;0;30.0;30.0;2;0;0.00;0.00;0.00;0.0;0.0
3.199;58;1368;30;41040;0.5;19.700;1.340;45;96;1;0;100;99;100;100;100;99;100;45;45;0;1.714;1.714;0.000;0.000;14.700;1.000;7.8;0.0;0;33;3.000;2.967;12.9;-170;-10.0;0;0;0;0;0;99;0;0;1940;85.09;0;0;0;0;0;0;0;0;0;0;0;0;0;0;0;0;33;0;30.0;30.0;2;0;0.00;0.00;0.00;0.0;0.0
3.265;58;1365;30;40950;0.5;19.700;1.340;45;96;1;0;100;99;100;100;100;99;100;45;45;0;1.714;1.714;0.000;0.000;14.700;1.000;7.8;0.0;0;33;3.000;2.912;12.9;20;-10.0;0;0;0;0;0;99;0;0;1940;85.27;0;0;0;0;0;0;0;0;0;0;0;0;0;0;0;0;33;0;30.0;30.0;2;0;0.00;0.00;0.00;0.0;0.0
3.336;58;1369;30;41070;0.5;19.700;1.340;45;96;1;0;100;99;100;100;100;99;100;45;45;0;1.714;1.714;0.000;0.000;14.700;1.000;7.8;0.0;0;33;3.000;3.032;12.9;20;-10.0;0;0;0;0;0;99;0;0;1940;85.03;0;0;0;0;0;0;0;0;0;0;0;0;0;0;0;0;33;0;30.0;30.0;2;0;0.00;0.00;0.00;0.0;0.0
3.404;58;1351;30;40530;0.5;19.700;1.340;45;96;1;0;100;99;100;100;100;99;100;45;45;0;1.750;1.750;0.000;0.000;14.700;1.000;7.9;0.0;0;33;3.000;2.614;12.6;110;-10.0;0;0;0;0;0;99;0;0;1940;86.16;0;0;0;0;0;0;0;0;0;0;0;0;0;0;0;0;33;0;30.0;30.0;2;0;0.00;0.00;0.00;0.0;0.0
3.471;58;1363;30;40890;0.5;19.700;1.340;45;96;1;0;100;99;100;100;100;99;100;45;45;0;1.750;1.750;0.000;0.000;14.700;1.000;8.0;0.0;0;33;3.000;2.968;12.6;-70;-10.0;0;0;0;0;0;99;0;0;1940;85.40;0;0;0;0;0;0;0;0;0;0;0;0;0;0;0;0;33;0;30.0;30.0;2;0;0.00;0.00;0.00;0.0;0.0
3.535;58;1361;30;40830;0.5;19.700;1.340;45;96;1;0;100;99;100;100;100;99;100;45;45;0;1.750;1.750;0.000;0.000;14.700;1.000;7.9;0.0;0;33;3.000;2.936;12.6;-70;-10.0;0;0;0;0;0;99;0;0;1940;85.53;0;0;0;0;0;0;0;0;0;0;0;0;0;0;0;0;33;0;30.0;30.0;2;0;0.00;0.00;0.00;0.0;0.0
3.601;58;1363;30;40890;0.5;19.700;1.340;45;96;1;0;100;99;100;100;100;99;100;45;45;0;1.750;1.750;0.000;0.000;14.700;1.000;8.0;0.0;0;33;3.000;3.035;12.6;-10;-10.0;0;0;0;0;0;99;0;0;1940;85.40;0;0;0;0;0;0;0;0;0;0;0;0;0;0;0;0;33;0;30.0;30.0;2;0;0.00;0.00;0.00;0.0;0.0
3.666;58;1352;30;40560;0.5;19.700;1.340;45;96;1;0;100;99;100;100;100;99;100;45;45;0;1.738;1.738;0.000;0.000;14.700;1.000;7.8;0.0;0;33;3.000;2.655;12.7;60;-10.0;0;0;0;0;0;99;0;0;1940;86.09;0;0;0;0;0;0;0;0;0;0;0;0;0;0;0;0;33;0;30.0;30.0;2;0;0.00;0.00;0.00;0.0;0.0
3.731;58;1360;30;40800;0.5;19.700;1.340;45;96;1;0;100;99;100;100;100;99;100;45;45;0;1.738;1.738;0.000;0.000;14.700;1.000;7.9;0.0;0;33;3.000;2.852;12.7;60;-10.0;0;0;0;0;0;99;0;0;1940;85.59;0;0;0;0;0;0;0;0;0;0;0;0;0;0;0;0;33;0;30.0;30.0;2;0;0.00;0.00;0.00;0.0;0.0
3.798;58;1356;30;40680;0.5;19.700;1.340;45;96;1;0;100;99;100;100;100;99;100;45;45;0;1.738;1.738;0.000;0.000;14.700;1.000;7.9;0.0;0;33;3.000;2.766;12.7;-70;-10.0;0;0;0;0;0;99;0;0;1940;85.84;0;0;0;0;0;0;0;0;0;0;0;0;0;0;0;0;33;0;30.0;30.0;2;0;0.00;0.00;0.00;0.0;0.0
3.868;58;1368;30;41040;0.5;19.700;1.340;45;96;1;0;100;99;100;100;100;99;100;45;45;0;1.738;1.738;0.000;0.000;14.700;1.000;7.9;0.0;0;33;3.000;3.007;12.7;-50;-10.0;0;0;0;0;0;99;0;0;1940;85.09;0;0;0;0;0;0;0;0;0;0;0;0;0;0;0;0;33;0;30.0;30.0;2;0;0.00;0.00;0.00;0.0;0.0
3.933;58;1358;30;40740;0.5;19.600;1.333;45;96;1;0;100;99;100;100;100;99;100;45;45;0;1.762;1.762;0.000;0.000;14.700;1.000;8.0;0.0;0;33;3.000;2.744;12.5;-50;-10.0;0;0;0;0;0;99;0;0;1940;85.71;0;0;0;0;0;0;0;0;0;0;0;0;0;0;0;0;33;0;30.0;30.0;2;0;0.00;0.00;0.00;0.0;0.0
3.999;58;1353;30;40590;0.5;19.700;1.340;45;96;1;0;100;99;100;100;100;99;100;45;45;0;1.762;1.762;0.000;0.000;14.700;1.000;7.9;0.0;0;33;3.000;2.779;12.5;80;-10.0;0;0;0;0;0;99;0;0;1940;86.03;0;0;0;0;0;0;0;0;0;0;0;0;0;0;0;0;33;0;30.0;30.0;2;0;0.00;0.00;0.00;0.0;0.0
4.067;58;1360;30;40800;0.5;19.700;1.340;45;96;1;0;100;99;100;100;100;99;100;45;45;0;1.762;1.762;0.000;0.000;14.700;1.000;8.0;0.0;0;33;3.000;2.823;12.5;-50;-10.0;0;0;0;0;0;99;0;0;1940;85.59;0;0;0;0;0;0;0;0;0;0;0;0;0;0;0;0;33;0;30.0;30.0;2;0;0.00;0.00;0.00;0.0;0.0
4.134;58;1361;30;40830;0.5;19.700;1.340;45;96;1;0;100;99;100;100;100;99;100;45;45;0;1.762;1.762;0.000;0.000;14.700;1.000;8.0;0.0;0;33;3.000;3.002;12.5;-50;-10.0;0;0;0;0;0;99;0;0;1940;85.53;0;0;0;0;0;0;0;0;0;0;0;0;0;0;0;0;33;0;30.0;30.0;2;0;0.00;0.00;0.00;0.0;0.0
4.199;59;1351;30;40530;0.5;19.700;1.340;45;96;1;0;100;99;100;100;100;99;100;45;45;0;1.726;1.726;0.000;0.000;14.700;1.000;7.8;0.0;0;33;3.000;2.772;12.8;0;-10.0;0;0;0;0;0;99;0;0;1941;86.20;0;0;0;0;0;0;0;0;0;0;0;0;0;0;0;0;33;0;30.0;30.0;2;0;0.00;0.00;0.00;0.0;0.0
4.268;59;1362;30;40860;0.5;19.700;1.340;45;96;1;0;100;99;100;100;100;99;100;45;45;0;1.726;1.726;0.000;0.000;14.700;1.000;7.8;0.0;0;33;3.000;2.977;12.8;10;-10.0;0;0;0;0;0;99;0;0;1941;85.51;0;0;0;0;0;0;0;0;0;0;0;0;0;0;0;0;33;0;30.0;30.0;2;0;0.00;0.00;0.00;0.0;0.0
4.335;59;1372;30;41160;0.5;19.700;1.340;45;96;1;0;100;99;100;100;100;99;100;45;45;0;1.726;1.726;0.000;0.000;14.700;1.000;7.9;0.0;0;33;3.000;2.938;12.8;10;-10.0;0;0;0;0;0;99;0;0;1941;84.88;0;0;0;0;0;0;0;0;0;0;0;0;0;0;0;0;33;0;30.0;30.0;2;0;0.00;0.00;0.00;0.0;0.0
4.399;59;1374;30;41220;0.5;19.700;1.340;45;96;1;0;100;99;100;100;100;99;100;45;45;0;1.726;1.726;0.000;0.000;14.700;1.000;7.9;0.0;0;33;3.000;3.021;12.8;170;-10.0;0;0;0;0;0;99;0;0;1941;84.76;0;0;0;0;0;0;0;0;0;0;0;0;0;0;0;0;33;0;30.0;30.0;2;0;0.00;0.00;0.00;0.0;0.0
4.465;59;1351;30;40530;0.5;19.700;1.340;45;96;1;0;100;99;100;100;100;99;100;45;45;0;1.762;1.762;0.000;0.000;14.700;1.000;7.9;0.0;0;33;3.000;2.686;12.5;-250;-10.0;0;0;0;0;0;99;0;0;1941;86.20;0;0;0;0;0;0;0;0;0;0;0;0;0;0;0;0;33;0;30.0;30.0;2;0;0.00;0.00;0.00;0.0;0.0
4.535;59;1365;30;40950;0.5;19.700;1.340;45;96;1;0;100;99;100;100;100;99;100;45;45;0;1.762;1.762;0.000;0.000;14.700;1.000;8.0;0.0;0;33;3.000;2.906;12.5;-250;-10.0;0;0;0;0;0;99;0;0;1941;85.32;0;0;0;0;0;0;0;0;0;0;0;0;0;0;0;0;33;0;30.0;30.0;2;0;0.00;0.00;0.00;0.0;0.0
4.601;59;1368;30;41040;0.5;19.700;1.340;45;96;1;0;100;99;100;100;100;99;100;45;45;0;1.762;1.762;0.000;0.000;14.700;1.000;8.0;0.0;0;33;3.000;2.945;12.5;30;-10.0;0;0;0;0;0;99;0;0;1941;85.13;0;0;0;0;0;0;0;0;0;0;0;0;0;0;0;0;33;0;30.0;30.0;2;0;0.00;0.00;0.00;0.0;0.0
4.666;59;1377;30;41310;0.5;19.700;1.340;45;96;1;0;100;99;100;100;100;99;100;45;45;0;1.726;1.726;0.000;0.000;14.700;1.000;7.9;0.0;0;33;3.000;3.030;12.8;230;-10.0;0;0;0;0;0;99;0;0;1941;84.58;0;0;0;0;0;0;0;0;0;0;0;0;0;0;0;0;33;0;30.0;30.0;2;0;0.00;0.00;0.00;0.0;0.0
4.731;59;1366;30;40980;0.5;19.700;1.340;45;96;1;0;100;99;100;100;100;99;100;45;45;0;1.726;1.726;0.000;0.000;14.700;1.000;7.9;0.0;0;33;3.000;2.846;12.8;230;-10.0;0;0;0;0;0;99;0;0;1941;85.26;0;0;0;0;0;0;0;0;0;0;0;0;0;0;0;0;33;0;30.0;30.0;2;0;0.00;0.00;0.00;0.0;0.0
4.801;59;1372;30;41160;0.5;19.700;1.340;45;96;1;0;100;99;100;100;100;99;100;45;45;0;1.726;1.726;0.000;0.000;14.700;1.000;7.9;0.0;0;33;3.000;2.934;12.8;-70;-10.0;0;0;0;0;0;99;0;0;1941;84.88;0;0;0;0;0;0;0;0;0;0;0;0;0;0;0;0;33;0;30.0;30.0;2;0;0.00;0.00;0.00;0.0;0.0
4.867;59;1361;30;40830;0.5;19.700;1.340;45;96;1;0;100;99;100;100;100;99;100;45;45;0;1.726;1.726;0.000;0.000;14.700;1.000;7.8;0.0;0;33;3.000;2.949;12.8;-90;-10.0;0;0;0;0;0;99;0;0;1941;85.57;0;0;0;0;0;0;0;0;0;0;0;0;0;0;0;0;33;0;30.0;30.0;2;0;0.00;0.00;0.00;0.0;0.0
4.933;59;1362;30;40860;0.5;19.700;1.340;45;96;1;0;100;99;100;100;100;99;100;45;45;0;1.726;1.726;0.000;0.000;14.700;1.000;7.8;0.0;0;33;3.000;3.059;12.8;-90;-10.0;0;0;0;0;0;99;0;0;1941;85.51;0;0;0;0;0;0;0;0;0;0;0;0;0;0;0;0;33;0;30.0;30.0;2;0;0.00;0.00;0.00;0.0;0.0
5.001;59;1347;30;40410;0.5;19.700;1.340;45;96;1;0;100;99;100;100;100;99;100;45;45;0;1.726;1.726;0.000;0.000;14.700;1.000;7.7;0.0;0;33;3.000;2.743;12.8;-40;-10.0;0;0;0;0;0;99;0;0;1941;86.46;0;0;0;0;0;0;0;0;0;0;0;0;0;0;0;0;33;0;30.0;30.0;2;0;0.00;0.00;0.00;0.0;0.0
5.068;59;1361;30;40830;0.5;19.700;1.340;45;96;1;0;100;99;100;100;100;99;100;45;45;0;1.726;1.726;0.000;0.000;14.700;1.000;7.8;0.0;0;33;3.000;2.910;12.8;-40;-10.0;0;0;0;0;0;99;0;0;1941;85.57;0;0;0;0;0;0;0;0;0;0;0;0;0;0;0;0;33;0;30.0;30.0;2;0;0.00;0.00;0.00;0.0;0.0
5.133;59;1360;30;40800;0.5;19.700;1.340;45;96;1;0;100;99;100;100;100;99;100;45;45;0;1.726;1.726;0.000;0.000;14.700;1.000;7.8;0.0;0;33;3.000;2.858;12.8;40;-10.0;0;0;0;0;0;99;0;0;1941;85.63;0;0;0;0;0;0;0;0;0;0;0;0;0;0;0;0;33;0;30.0;30.0;2;0;0.00;0.00;0.00;0.0;0.0
5.202;60;1360;30;40800;0.5;19.700;1.340;45;96;1;0;100;99;100;100;100;99;100;45;45;0;1.714;1.714;0.000;0.000;14.700;1.000;7.8;0.0;0;33;3.000;2.961;12.9;-110;-10.0;0;0;0;0;0;99;0;0;1945;85.81;0;0;0;0;0;0;0;0;0;0;0;0;0;0;0;0;33;0;30.0;30.0;2;0;0.00;0.00;0.00;0.0;0.0
5.267;60;1343;30;40290;0.5;19.700;1.340;45;96;1;0;100;99;100;100;100;99;100;45;45;0;1.714;1.714;0.000;0.000;14.700;1.000;7.7;0.0;0;33;3.000;2.726;12.9;-110;-10.0;0;0;0;0;0;99;0;0;1945;86.90;0;0;0;0;0;0;0;0;0;0;0;0;0;0;0;0;33;0;30.0;30.0;2;0;0.00;0.00;0.00;0.0;0.0
5.333;60;1361;30;40830;0.5;19.700;1.340;45;96;1;0;100;99;100;100;100;99;100;45;45;0;1.714;1.714;0.000;0.000;14.700;1.000;7.8;0.0;0;33;3.000;3.024;12.9;60;-10.0;0;0;0;0;0;99;0;0;1945;85.75;0;0;0;0;0;0;0;0;0;0;0;0;0;0;0;0;33;0;30.0;30.0;2;0;0.00;0.00;0.00;0.0;0.0
5.399;60;1359;30;40770;0.5;19.700;1.340;45;96;1;0;100;99;100;100;100;99;100;45;45;0;1.714;1.714;0.000;0.000;14.700;1.000;7.8;0.0;0;33;3.000;2.830;12.9;70;-10.0;0;0;0;0;0;99;0;0;1945;85.87;0;0;0;0;0;0;0;0;0;0;0;0;0;0;0;0;33;0;30.0;30.0;2;0;0.00;0.00;0.00;0.0;0.0
5.468;60;1358;30;40740;0.5;19.700;1.340;45;96;1;0;100;99;100;100;100;99;100;45;45;0;1.702;1.702;0.000;0.000;14.700;1.000;7.7;0.0;0;33;3.000;3.008;13.0;70;-10.0;0;0;0;0;0;99;0;0;1945;85.94;0;0;0;0;0;0;0;0;0;0;0;0;0;0;0;0;33;0;30.0;30.0;2;0;0.00;0.00;0.00;0.0;0.0
5.534;60;1351;30;40530;0.5;19.700;1.340;45;96;1;0;100;99;100;100;100;99;100;45;45;0;1.702;1.702;0.000;0.000;14.700;1.000;7.7;0.0;0;33;3.000;2.737;13.0;-70;-10.0;0;0;0;0;0;99;0;0;1945;86.38;0;0;0;0;0;0;0;0;0;0;0;0;0;0;0;0;33;0;30.0;30.0;2;0;0.00;0.00;0.00;0.0;0.0
5.599;60;1366;30;40980;0.5;19.700;1.340;45;96;1;0;100;99;100;100;100;99;100;45;45;0;1.702;1.702;0.000;0.000;14.700;1.000;7.7;0.0;0;33;3.000;2.973;13.0;60;-10.0;0;0;0;0;0;99;0;0;1945;85.43;0;0;0;0;0;0;0;0;0;0;0;0;0;0;0;0;33;0;30.0;30.0;2;0;0.00;0.00;0.00;0.0;0.0
5.667;60;1363;30;40890;0.5;19.700;1.340;45;96;1;0;100;99;100;100;100;99;100;45;45;0;1.702;1.702;0.000;0.000;14.700;1.000;7.7;0.0;0;33;3.000;2.869;13.0;60;-10.0;0;0;0;0;0;99;0;0;1945;85.62;0;0;0;0;0;0;0;0;0;0;0;0;0;0;0;0;33;0;30.0;30.0;2;0;0.00;0.00;0.00;0.0;0.0
5.735;60;1363;30;40890;0.5;19.700;1.340;45;96;1;0;100;99;100;100;100;99;100;45;45;0;1.714;1.714;0.000;0.000;14.700;1.000;7.8;0.0;0;33;3.000;3.111;12.9;0;-10.0;0;0;0;0;0;99;0;0;1945;85.62;0;0;0;0;0;0;0;0;0;0;0;0;0;0;0;0;33;0;30.0;30.0;2;0;0.00;0.00;0.00;0.0;0.0
5.799;60;1349;30;40470;0.5;19.700;1.340;45;96;1;0;100;99;100;100;100;99;100;45;45;0;1.714;1.714;0.000;0.000;14.700;1.000;7.7;0.0;0;33;3.000;2.661;12.9;-130;-10.0;0;0;0;0;0;99;0;0;1945;86.51;0;0;0;0;0;0;0;0;0;0;0;0;0;0;0;0;33;0;30.0;30.0;2;0;0.00;0.00;0.00;0.0;0.0
5.865;60;1358;30;40740;0.5;19.700;1.340;45;96;1;0;100;99;100;100;100;99;100;45;45;0;1.714;1.714;0.000;0.000;14.700;1.000;7.8;0.0;0;33;3.000;2.803;12.9;-130;-10.0;0;0;0;0;0;99;0;0;1945;85.94;0;0;0;0;0;0;0;0;0;0;0;0;0;0;0;0;33;0;30.0;30.0;2;0;0.00;0.00;0.00;0.0;0.0
5.931;60;1356;30;40680;0.5;19.700;1.340;45;96;1;0;100;99;100;100;100;99;100;45;45;0;1.714;1.714;0.000;0.000;14.700;1.000;7.7;0.0;0;33;3.000;2.799;12.9;-10;-10.0;0;0;0;0;0;99;0;0;1945;86.06;0;0;0;0;0;0;0;0;0;0;0;0;0;0;0;0;33;0;30.0;30.0;2;0;0.00;0.00;0.00;0.0;0.0
6.001;60;1357;30;40710;0.5;19.600;1.333;45;96;1;0;100;99;100;100;100;99;100;45;45;0;1.714;1.714;0.000;0.000;14.700;1.000;7.8;0.0;0;33;3.000;2.914;12.9;120;-10.0;0;0;0;0;0;99;0;0;1945;86.00;0;0;0;0;0;0;0;0;0;0;0;0;0;0;0;0;33;0;30.0;30.0;2;0;0.00;0.00;0.00;0.0;0.0
6.066;60;1363;30;40890;0.5;19.700;1.340;45;96;1;0;100;99;100;100;100;99;100;45;45;0;1.714;1.714;0.000;0.000;14.700;1.000;7.8;0.0;0;33;3.000;3.154;12.9;120;-10.0;0;0;0;0;0;99;0;0;1945;85.62;0;0;0;0;0;0;0;0;0;0;0;0;0;0;0;0;33;0;30.0;30.0;2;0;0.00;0.00;0.00;0.0;0.0
6.135;60;1357;30;40710;0.5;19.700;1.340;45;96;1;0;100;99;100;100;100;99;100;45;45;0;1.714;1.714;0.000;0.000;14.700;1.000;7.8;0.0;0;33;3.000;2.664;12.9;30;-10.0;0;0;0;0;0;99;0;0;1945;86.00;0;0;0;0;0;0;0;0;0;0;0;0;0;0;0;0;33;0;30.0;30.0;2;0;0.00;0.00;0.00;0.0;0.0
6.201;61;1363;30;40890;0.5;19.700;1.340;45;96;1;0;100;99;100;100;100;99;100;45;45;0;1.714;1.714;0.000;0.000;14.700;1.000;7.8;0.0;0;33;3.000;2.926;12.9;-10;-10.0;0;0;0;0;0;99;0;0;1945;85.62;0;0;0;0;0;0;0;0;0;0;0;0;0;0;0;0;33;0;30.0;30.0;2;0;0.00;0.00;0.00;0.0;0.0
6.267;61;1364;30;40920;0.5;19.700;1.340;45;96;1;0;100;99;100;100;100;99;100;45;45;0;1.714;1.714;0.000;0.000;14.700;1.000;7.8;0.0;0;33;3.000;3.050;12.9;-10;-10.0;0;0;0;0;0;99;0;0;1945;85.56;0;0;0;0;0;0;0;0;0;0;0;0;0;0;0;0;33;0;30.0;30.0;2;0;0.00;0.00;0.00;0.0;0.0
6.333;61;1369;30;41070;0.5;19.700;1.340;45;96;1;0;100;99;100;100;100;99;100;45;45;0;1.714;1.714;0.000;0.000;14.700;1.000;7.8;0.0;0;33;3.000;2.725;12.9;60;-10.0;0;0;0;0;0;99;0;0;1945;85.24;0;0;0;0;0;0;0;0;0;0;0;0;0;0;0;0;33;0;30.0;30.0;2;0;0.00;0.00;0.00;0.0;0.0
6.398;61;1358;30;40740;0.5;19.700;1.340;45;96;1;0;100;99;100;100;100;99;100;45;45;0;1.714;1.714;0.000;0.000;14.700;1.000;7.8;0.0;0;33;3.000;2.940;12.9;-20;-10.0;0;0;0;0;0;99;0;0;1945;85.94;0;0;0;0;0;0;0;0;0;0;0;0;0;0;0;0;33;0;30.0;30.0;2;0;0.00;0.00;0.00;0.0;0.0
6.464;61;1374;30;41220;0.5;19.700;1.340;45;96;1;0;100;99;100;100;100;99;100;45;45;0;1.702;1.702;0.000;0.000;14.700;1.000;7.8;0.0;0;33;3.000;2.933;13.0;-20;-10.0;0;0;0;0;0;99;0;0;1945;84.93;0;0;0;0;0;0;0;0;0;0;0;0;0;0;0;0;33;0;30.0;30.0;2;0;0.00;0.00;0.00;0.0;0.0
6.533;61;1372;30;41160;0.5;19.700;1.340;45;96;1;0;100;99;100;100;100;99;100;45;45;0;1.702;1.702;0.000;0.000;14.700;1.000;7.8;0.0;0;33;3.000;2.904;13.0;-20;-10.0;0;0;0;0;0;99;0;0;1945;85.06;0;0;0;0;0;0;0;0;0;0;0;0;0;0;0;0;33;0;30.0;30.0;2;0;0.00;0.00;0.00;0.0;0.0
6.602;61;1375;30;41250;0.5;19.700;1.340;45;96;1;0;100;99;100;100;100;99;100;45;45;0;1.702;1.702;0.000;0.000;14.700;1.000;7.8;0.0;0;33;3.000;3.105;13.0;110;-10.0;0;0;0;0;0;99;0;0;1945;84.87;0;0;0;0;0;0;0;0;0;0;0;0;0;0;0;0;33;0;30.0;30.0;2;0;0.00;0.00;0.00;0.0;0.0
6.668;61;1354;30;40620;0.5;19.700;1.340;45;96;1;0;100;99;100;100;100;99;100;45;45;0;1.702;1.702;0.000;0.000;14.700;1.000;7.7;0.0;0;33;3.000;2.694;13.0;110;-10.0;0;0;0;0;0;99;0;0;1945;86.19;0;0;0;0;0;0;0;0;0;0;0;0;0;0;0;0;33;0;30.0;30.0;2;0;0.00;0.00;0.00;0.0;0.0
6.734;61;1367;30;41010;0.5;19.700;1.340;45;96;1;0;100;99;100;100;100;99;100;45;45;0;1.714;1.714;0.000;0.000;14.700;1.000;7.8;0.0;0;33;3.000;2.985;12.9;-80;-10.0;0;0;0;0;0;99;0;0;1945;85.37;0;0;0;0;0;0;0;0;0;0;0;0;0;0;0;0;33;0;30.0;30.0;2;0;0.00;0.00;0.00;0.0;0.0
6.800;61;1362;30;40860;0.5;19.700;1.340;45;96;1;0;100;99;100;100;100;99;100;45;45;0;1.714;1.714;0.000;0.000;14.700;1.000;7.8;0.0;0;33;3.000;2.896;12.9;-50;-10.0;0;0;0;0;0;99;0;0;1945;85.68;0;0;0;0;0;0;0;0;0;0;0;0;0;0;0;0;33;0;30.0;30.0;2;0;0.00;0.00;0.00;0.0;0.0
6.869;61;1364;30;40920;0.5;19.700;1.340;45;96;1;0;100;99;100;100;100;99;100;45;45;0;1.714;1.714;0.000;0.000;14.700;1.000;7.8;0.0;0;33;3.000;3.063;12.9;-50;-10.0;0;0;0;0;0;99;0;0;1945;85.56;0;0;0;0;0;0;0;0;0;0;0;0;0;0;0;0;33;0;30.0;30.0;2;0;0.00;0.00;0.00;0.0;0.0
6.934;61;1354;30;40620;0.5;19.700;1.340;45;96;1;0;100;99;100;100;100;99;100;45;45;0;1.714;1.714;0.000;0.000;14.700;1.000;7.7;0.0;0;33;3.000;2.751;12.9;-10;-10.0;0;0;0;0;0;99;0;0;1945;86.19;0;0;0;0;0;0;0;0;0;0;0;0;0;0;0;0;33;0;30.0;30.0;2;0;0.00;0.00;0.00;0.0;0.0
7.000;61;1365;30;40950;0.5;19.700;1.340;45;96;1;0;100;99;100;100;100;99;100;45;45;0;1.702;1.702;0.000;0.000;14.700;1.000;7.7;0.0;0;33;3.000;2.943;13.0;-10;-10.0;0;0;0;0;0;99;0;0;1945;85.49;0;0;0;0;0;0;0;0;0;0;0;0;0;0;0;0;33;0;30.0;30.0;2;0;0.00;0.00;0.00;0.0;0.0
7.066;61;1359;30;40770;0.5;19.700;1.340;45;96;1;0;100;99;100;100;100;99;100;45;45;0;1.702;1.702;0.000;0.000;14.700;1.000;7.7;0.0;0;33;3.000;2.826;13.0;40;-10.0;0;0;0;0;0;99;0;0;1945;85.87;0;0;0;0;0;0;0;0;0;0;0;0;0;0;0;0;33;0;30.0;30.0;2;0;0.00;0.00;0.00;0.0;0.0
7.136;61;1358;30;40740;0.5;19.700;1.340;45;96;1;0;100;99;100;100;100;99;100;45;45;0;1.702;1.702;0.000;0.000;14.700;1.000;7.7;0.0;0;33;3.000;2.970;13.0;-170;-10.0;0;0;0;0;0;99;0;0;1945;85.94;0;0;0;0;0;0;0;0;0;0;0;0;0;0;0;0;33;0;30.0;30.0;2;0;0.00;0.00;0.00;0.0;0.0
7.201;61;1347;30;40410;0.5;19.700;1.340;45;96;1;0;100;99;100;100;100;99;100;45;45;0;1.702;1.702;0.000;0.000;14.700;1.000;7.6;0.0;0;33;3.000;2.689;13.0;-170;-10.0;0;0;0;0;0;99;0;0;1945;86.64;0;0;0;0;0;0;0;0;0;0;0;0;0;0;0;0;33;0;30.0;30.0;2;0;0.00;0.00;0.00;0.0;0.0
7.267;62;1367;30;41010;0.5;19.700;1.340;45;96;1;0;100;99;100;100;100;99;100;45;45;0;1.714;1.714;0.000;0.000;14.700;1.000;7.8;0.0;0;33;3.000;3.036;12.9;-10;-10.0;0;0;0;0;0;99;0;0;1941;85.19;0;0;0;0;0;0;0;0;0;0;0;0;0;0;0;0;33;0;30.0;30.0;2;0;0.00;0.00;0.00;0.0;0.0
7.331;62;1367;30;41010;0.5;19.700;1.340;45;96;1;0;100;99;100;100;100;99;100;45;45;0;1.714;1.714;0.000;0.000;14.700;1.000;7.8;0.0;0;33;3.000;2.931;12.9;210;-10.0;0;0;0;0;0;99;0;0;1941;85.19;0;0;0;0;0;0;0;0;0;0;0;0;0;0;0;0;33;0;30.0;30.0;2;0;0.00;0.00;0.00;0.0;0.0
7.402;62;1369;30;41070;0.5;19.700;1.340;45;96;1;0;100;99;100;100;100;99;100;45;45;0;1.714;1.714;0.000;0.000;14.700;1.000;7.8;0.0;0;33;3.000;3.113;12.9;210;-10.0;0;0;0;0;0;99;0;0;1941;85.07;0;0;0;0;0;0;0;0;0;0;0;0;0;0;0;0;33;0;30.0;30.0;2;0;0.00;0.00;0.00;0.0;0.0
7.468;62;1364;30;40920;0.5;19.700;1.340;45;96;1;0;100;99;100;100;100;99;100;45;45;0;1.714;1.714;0.000;0.000;14.700;1.000;7.8;0.0;0;33;3.000;2.880;12.9;10;-10.0;0;0;0;0;0;99;0;0;1941;85.38;0;0;0;0;0;0;0;0;0;0;0;0;0;0;0;0;33;0;30.0;30.0;2;0;0.00;0.00;0.00;0.0;0.0
7.533;62;1378;30;41340;0.5;19.700;1.340;45;96;1;0;100;99;100;100;100;99;100;45;45;0;1.714;1.714;0.000;0.000;14.700;1.000;7.9;0.0;0;33;3.000;2.954;12.9;100;-10.0;0;0;0;0;0;99;0;0;1941;84.51;0;0;0;0;0;0;0;0;0;0;0;0;0;0;0;0;33;0;30.0;30.0;2;0;0.00;0.00;0.00;0.0;0.0
7.600;62;1370;30;41100;0.5;19.700;1.340;45;96;1;0;100;99;100;100;100;99;100;45;45;0;1.714;1.714;0.000;0.000;14.700;1.000;7.8;0.0;0;33;3.000;2.845;12.9;100;-10.0;0;0;0;0;0;99;0;0;1941;85.01;0;0;0;0;0;0;0;0;0;0;0;0;0;0;0;0;33;0;30.0;30.0;2;0;0.00;0.00;0.00;0.0;0.0
7.668;62;1377;30;41310;0.5;19.700;1.340;45;96;1;0;100;99;100;100;100;99;100;45;45;0;1.714;1.714;0.000;0.000;14.700;1.000;7.9;0.0;0;33;3.000;3.133;12.9;-80;-10.0;0;0;0;0;0;99;0;0;1941;84.58;0;0;0;0;0;0;0;0;0;0;0;0;0;0;0;0;33;0;30.0;30.0;2;0;0.00;0.00;0.00;0.0;0.0
7.734;62;1359;30;40770;0.5;19.700;1.340;45;96;1;0;100;99;100;100;100;99;100;45;45;0;1.762;1.762;0.000;0.000;14.700;1.000;8.0;0.0;0;33;3.000;2.707;12.5;0;-10.0;0;0;0;0;0;99;0;0;1941;85.70;0;0;0;0;0;0;0;0;0;0;0;0;0;0;0;0;33;0;30.0;30.0;2;0;0.00;0.00;0.00;0.0;0.0
7.805;62;1366;30;40980;0.5;19.700;1.340;45;96;1;0;100;99;100;100;100;99;100;45;45;0;1.762;1.762;0.000;0.000;14.700;1.000;8.0;0.0;0;33;3.000;2.948;12.5;0;-10.0;0;0;0;0;0;99;0;0;1941;85.26;0;0;0;0;0;0;0;0;0;0;0;0;0;0;0;0;33;0;30.0;30.0;2;0;0.00;0.00;0.00;0.0;0.0
7.870;62;1368;30;41040;0.5;19.700;1.340;45;96;1;0;100;99;100;100;100;99;100;45;45;0;1.762;1.762;0.000;0.000;14.700;1.000;8.0;0.0;0;33;3.000;2.936;12.5;-170;-10.0;0;0;0;0;0;99;0;0;1941;85.13;0;0;0;0;0;0;0;0;0;0;0;0;0;0;0;0;33;0;30.0;30.0;2;0;0.00;0.00;0.00;0.0;0.0
7.934;62;1377;30;41310;0.5;19.700;1.340;45;96;1;0;100;99;100;100;100;99;100;45;45;0;1.762;1.762;0.000;0.000;14.700;1.000;8.1;0.0;0;33;3.000;2.981;12.5;230;-10.0;0;0;0;0;0;99;0;0;1941;84.58;0;0;0;0;0;0;0;0;0;0;0;0;0;0;0;0;33;0;30.0;30.0;2;0;0.00;0.00;0.00;0.0;0.0
8.000;62;1380;30;41400;0.5;19.700;1.340;45;96;1;0;100;99;100;100;100;99;100;45;45;0;1.738;1.738;0.000;0.000;14.700;1.000;8.0;0.0;0;33;3.000;2.841;12.7;230;-10.0;0;0;0;0;0;99;0;0;1941;84.39;0;0;0;0;0;0;0;0;0;0;0;0;0;0;0;0;33;0;30.0;30.0;2;0;0.00;0.00;0.00;0.0;0.0
8.065;62;1380;30;41400;0.5;19.700;1.340;45;96;1;0;100;99;100;100;100;99;100;45;45;0;1.738;1.738;0.000;0.000;14.700;1.000;8.0;0.0;0;33;3.000;2.981;12.7;30;-10.0;0;0;0;0;0;99;0;0;1941;84.39;0;0;0;0;0;0;0;0;0;0;0;0;0;0;0;0;33;0;30.0;30.0;2;0;0.00;0.00;0.00;0.0;0.0
8.131;62;1371;30;41130;0.5;19.700;1.340;45;96;1;0;100;99;100;100;100;99;100;45;45;0;1.738;1.738;0.000;0.000;14.700;1.000;7.9;0.0;0;33;3.000;2.934;12.7;-110;-10.0;0;0;0;0;0;99;0;0;1941;84.95;0;0;0;0;0;0;0;0;0;0;0;0;0;0;0;0;33;0;30.0;30.0;2;0;0.00;0.00;0.00;0.0;0.0
8.201;62;1362;30;40860;0.5;19.700;1.340;45;96;1;0;100;99;100;100;100;99;100;45;45;0;1.738;1.738;0.000;0.000;14.700;1.000;7.9;0.0;0;33;3.000;2.788;12.7;-110;-10.0;0;0;0;0;0;99;0;0;1941;85.51;0;0;0;0;0;0;0;0;0;0;0;0;0;0;0;0;33;0;30.0;30.0;2;0;0.00;0.00;0.00;0.0;0.0
8.267;63;1366;30;40980;0.5;19.700;1.340;45;96;1;0;100;99;100;100;100;99;100;45;45;0;1.726;1.726;0.000;0.000;14.700;1.000;7.9;0.0;0;33;3.000;3.110;12.8;-80;-10.0;0;0;0;0;0;99;0;0;1942;85.30;0;0;0;0;0;0;0;0;0;0;0;0;0;0;0;0;33;0;30.0;30.0;2;0;0.00;0.00;0.00;0.0;0.0
8.335;63;1354;30;40620;0.5;19.700;1.340;45;96;1;0;100;99;100;100;100;99;100;45;45;0;1.726;1.726;0.000;0.000;14.700;1.000;7.8;0.0;0;33;3.000;2.679;12.8;60;-10.0;0;0;0;0;0;99;0;0;1942;86.06;0;0;0;0;0;0;0;0;0;0;0;0;0;0;0;0;33;0;30.0;30.0;2;0;0.00;0.00;0.00;0.0;0.0
8.402;63;1357;30;40710;0.5;19.700;1.340;45;96;1;0;100;99;100;100;100;99;100;45;45;0;1.726;1.726;0.000;0.000;14.700;1.000;7.8;0.0;0;33;3.000;2.756;12.8;60;-10.0;0;0;0;0;0;99;0;0;1942;85.87;0;0;0;0;0;0;0;0;0;0;0;0;0;0;0;0;33;0;30.0;30.0;2;0;0.00;0.00;0.00;0.0;0.0
8.467;63;1357;30;40710;0.5;19.700;1.340;45;96;1;0;100;99;100;100;100;99;100;45;45;0;1.726;1.726;0.000;0.000;14.700;1.000;7.8;0.0;0;33;3.000;2.837;12.8;-220;-10.0;0;0;0;0;0;99;0;0;1942;85.87;0;0;0;0;0;0;0;0;0;0;0;0;0;0;0;0;33;0;30.0;30.0;2;0;0.00;0.00;0.00;0.0;0.0
8.536;63;1361;30;40830;0.5;19.700;1.340;45;96;1;0;100;99;100;100;100;99;100;45;45;0;1.714;1.714;0.000;0.000;14.700;1.000;7.8;0.0;0;33;3.000;3.070;12.9;60;-10.0;0;0;0;0;0;99;0;0;1942;85.61;0;0;0;0;0;0;0;0;0;0;0;0;0;0;0;0;33;0;30.0;30.0;2;0;0.00;0.00;0.00;0.0;0.0
8.602;63;1346;30;40380;0.5;19.600;1.333;45;96;1;0;100;99;100;100;100;99;100;45;45;0;1.714;1.714;0.000;0.000;14.700;1.000;7.7;0.0;0;33;3.000;2.773;12.9;60;-10.0;0;0;0;0;0;99;0;0;1942;86.57;0;0;0;0;0;0;0;0;0;0;0;0;0;0;0;0;33;0;30.0;30.0;2;0;0.00;0.00;0.00;0.0;0.0
8.667;63;1358;30;40740;0.5;19.500;1.327;45;96;1;0;100;99;100;100;100;99;100;45;45;0;1.714;1.714;0.000;0.000;14.700;1.000;7.8;0.0;0;33;3.000;2.845;12.9;70;-10.0;0;0;0;0;0;99;0;0;1942;85.80;0;0;0;0;0;0;0;0;0;0;0;0;0;0;0;0;33;0;30.0;30.0;2;0;0.00;0.00;0.00;0.0;0.0
8.733;63;1356;30;40680;0.5;19.700;1.340;45;95;1;0;100;99;100;100;100;99;100;45;45;0;1.702;1.702;0.000;0.000;14.700;1.000;7.7;0.0;0;33;3.000;2.804;13.0;-20;-10.0;0;0;0;0;0;99;0;0;1942;85.93;0;0;0;0;0;0;0;0;0;0;0;0;0;0;0;0;33;0;30.0;30.0;2;0;0.00;0.00;0.00;0.0;0.0
8.799;63;1361;30;40830;0.5;19.700;1.340;45;95;1;0;100;99;100;100;100;99;100;45;45;0;1.702;1.702;0.000;0.000;14.700;1.000;7.7;0.0;0;33;3.000;3.067;13.0;-20;-10.0;0;0;0;0;0;99;0;0;1942;85.61;0;0;0;0;0;0;0;0;0;0;0;0;0;0;0;0;33;0;30.0;30.0;2;0;0.00;0.00;0.00;0.0;0.0
8.864;63;1348;30;40440;0.5;19.700;1.340;45;95;1;0;100;99;100;100;100;99;100;45;45;0;1.702;1.702;0.000;0.000;14.700;1.000;7.6;0.0;0;33;3.000;2.660;13.0;20;-10.0;0;0;0;0;0;99;0;0;1942;86.44;0;0;0;0;0;0;0;0;0;0;0;0;0;0;0;0;33;0;30.0;30.0;2;0;0.00;0.00;0.00;0.0;0.0
8.933;63;1352;30;40560;0.5;19.700;1.340;45;95;1;0;100;99;100;100;100;99;100;45;45;0;1.702;1.702;0.000;0.000;14.700;1.000;7.7;0.0;0;33;3.000;2.836;13.0;-60;-10.0;0;0;0;0;0;99;0;0;1942;86.18;0;0;0;0;0;0;0;0;0;0;0;0;0;0;0;0;33;0;30.0;30.0;2;0;0.00;0.00;0.00;0.0;0.0
8.999;63;1343;30;40290;0.5;19.700;1.340;45;95;1;0;100;99;100;100;100;99;100;45;45;0;1.714;1.714;0.000;0.000;14.700;1.000;7.7;0.0;0;33;3.000;2.851;12.9;-60;-10.0;0;0;0;0;0;99;0;0;1942;86.76;0;0;0;0;0;0;0;0;0;0;0;0;0;0;0;0;33;0;30.0;30.0;2;0;0.00;0.00;0.00;0.0;0.0
9.064;63;1351;30;40530;0.5;19.700;1.340;45;95;1;0;100;99;100;100;100;99;100;45;45;0;1.714;1.714;0.000;0.000;14.700;1.000;7.7;0.0;0;33;3.000;2.995;12.9;-60;-10.0;0;0;0;0;0;99;0;0;1942;86.25;0;0;0;0;0;0;0;0;0;0;0;0;0;0;0;0;33;0;30.0;30.0;2;0;0.00;0.00;0.00;0.0;0.0
9.134;63;1338;30;40140;0.5;19.600;1.333;45;95;1;0;100;99;100;100;100;99;100;45;45;0;1.714;1.714;0.000;0.000;14.700;1.000;7.6;0.0;0;33;3.000;2.685;12.9;-60;-10.0;0;0;0;0;0;99;0;0;1942;87.09;0;0;0;0;0;0;0;0;0;0;0;0;0;0;0;0;33;0;30.0;30.0;2;0;0.00;0.00;0.00;0.0;0.0
9.200;63;1352;30;40560;0.5;19.700;1.340;45;95;1;0;100;99;100;100;100;99;100;45;45;0;1.714;1.714;0.000;0.000;14.700;1.000;7.7;0.0;0;33;3.000;2.828;12.9;-80;-10.0;0;0;0;0;0;99;0;0;1942;86.18;0;0;0;0;0;0;0;0;0;0;0;0;0;0;0;0;33;0;30.0;30.0;2;0;0.00;0.00;0.00;0.0;0.0
9.271;64;1343;30;40290;0.5;19.700;1.340;45;95;1;0;100;99;100;100;100;99;100;45;45;0;1.798;1.798;0.000;0.000;14.700;1.000;8.0;0.0;0;33;3.000;2.822;12.2;-10;-10.0;0;0;0;0;0;99;0;0;1944;86.85;0;0;0;0;0;0;0;0;0;0;0;0;0;0;0;0;33;0;30.0;30.0;2;0;0.00;0.00;0.00;0.0;0.0
9.335;64;1350;30;40500;0.5;19.700;1.340;45;95;1;0;100;99;100;100;100;99;100;45;45;0;1.798;1.798;0.000;0.000;14.700;1.000;8.1;0.0;0;33;3.000;2.934;12.2;-10;-10.0;0;0;0;0;0;99;0;0;1944;86.40;0;0;0;0;0;0;0;0;0;0;0;0;0;0;0;0;33;0;30.0;30.0;2;0;0.00;0.00;0.00;0.0;0.0
9.400;64;1329;30;39870;0.5;19.700;1.340;45;95;1;0;100;99;100;100;100;99;100;45;45;0;1.798;1.798;0.000;0.000;14.700;1.000;8.0;0.0;0;33;3.000;2.797;12.2;130;-10.0;0;0;0;0;0;99;0;0;1944;87.77;0;0;0;0;0;0;0;0;0;0;0;0;0;0;0;0;33;0;30.0;30.0;2;0;0.00;0.00;0.00;0.0;0.0
9.467;64;1347;30;40410;0.5;19.700;1.340;45;95;1;0;100;99;100;100;100;99;100;45;45;0;1.798;1.798;0.000;0.000;14.700;1.000;8.1;0.0;0;33;3.000;2.958;12.2;-90;-10.0;0;0;0;0;0;99;0;0;1944;86.59;0;0;0;0;0;0;0;0;0;0;0;0;0;0;0;0;33;0;30.0;30.0;2;0;0.00;0.00;0.00;0.0;0.0
9.535;64;1353;30;40590;0.5;19.700;1.340;45;95;1;0;100;99;100;100;100;99;100;45;45;0;1.750;1.750;0.000;0.000;14.700;1.000;7.9;0.0;0;33;3.000;2.839;12.6;-90;-10.0;0;0;0;0;0;99;0;0;1944;86.21;0;0;0;0;0;0;0;0;0;0;0;0;0;0;0;0;33;0;30.0;30.0;2;0;0.00;0.00;0.00;0.0;0.0
9.601;64;1359;30;40770;0.5;19.700;1.340;45;95;1;0;100;99;100;100;100;99;100;45;45;0;1.750;1.750;0.000;0.000;14.700;1.000;7.9;0.0;0;33;3.000;2.916;12.6;120;-10.0;0;0;0;0;0;99;0;0;1944;85.83;0;0;0;0;0;0;0;0;0;0;0;0;0;0;0;0;33;0;30.0;30.0;2;0;0.00;0.00;0.00;0.0;0.0
9.666;64;1349;30;40470;0.5;19.700;1.340;45;95;1;0;100;99;100;100;100;99;100;45;45;0;1.750;1.750;0.000;0.000;14.700;1.000;7.9;0.0;0;33;3.000;2.674;12.6;70;-10.0;0;0;0;0;0;99;0;0;1944;86.46;0;0;0;0;0;0;0;0;0;0;0;0;0;0;0;0;33;0;30.0;30.0;2;0;0.00;0.00;0.00;0.0;0.0
9.732;64;1357;30;40710;0.5;19.700;1.340;45;95;1;0;100;99;100;100;100;99;100;45;45;0;1.750;1.750;0.000;0.000;14.700;1.000;7.9;0.0;0;33;3.000;2.801;12.6;70;-10.0;0;0;0;0;0;99;0;0;1944;85.95;0;0;0;0;0;0;0;0;0;0;0;0;0;0;0;0;33;0;30.0;30.0;2;0;0.00;0.00;0.00;0.0;0.0
9.797;64;1356;30;40680;0.5;19.700;1.340;45;95;1;0;100;99;100;100;100;99;100;45;45;0;1.762;1.762;0.000;0.000;14.700;1.000;8.0;0.0;0;33;3.000;2.756;12.5;-30;-10.0;0;0;0;0;0;99;0;0;1944;86.02;0;0;0;0;0;0;0;0;0;0;0;0;0;0;0;0;33;0;30.0;30.0;2;0;0.00;0.00;0.00;0.0;0.0
9.867;64;1355;30;40650;0.5;19.700;1.340;45;95;1;0;100;99;100;100;100;99;100;45;45;0;1.762;1.762;0.000;0.000;14.700;1.000;8.0;0.0;0;33;3.000;2.935;12.5;-100;-10.0;0;0;0;0;0;99;0;0;1944;86.08;0;0;0;0;0;0;0;0;0;0;0;0;0;0;0;0;33;0;30.0;30.0;2;0;0.00;0.00;0.00;0.0;0.0
9.932;64;1349;30;40470;0.5;19.700;1.340;45;95;1;0;100;99;100;100;100;99;100;45;45;0;1.762;1.762;0.000;0.000;14.700;1.000;7.9;0.0;0;33;3.000;2.671;12.5;-100;-10.0;0;0;0;0;0;99;0;0;1944;86.46;0;0;0;0;0;0;0;0;0;0;0;0;0;0;0;0;33;0;30.0;30.0;2;0;0.00;0.00;0.00;0.0;0.0
9.998;64;1355;30;40650;0.5;19.700;1.340;45;95;1;0;100;99;100;100;100;99;100;45;45;0;1.762;1.762;0.000;0.000;14.700;1.000;8.0;0.0;0;33;3.000;2.864;12.5;20;-10.0;0;0;0;0;0;99;0;0;1944;86.08;0;0;0;0;0;0;0;0;0;0;0;0;0;0;0;0;33;0;30.0;30.0;2;0;0.00;0.00;0.00;0.0;0.0
10.068;64;1355;30;40650;0.5;19.700;1.340;45;95;1;0;100;99;100;100;100;99;100;45;45;0;1.738;1.738;0.000;0.000;14.700;1.000;7.8;0.0;0;33;3.000;2.807;12.7;70;-10.0;0;0;0;0;0;99;0;0;1944;86.08;0;0;0;0;0;0;0;0;0;0;0;0;0;0;0;0;33;0;30.0;30.0;2;0;0.00;0.00;0.00;0.0;0.0
10.135;64;1362;30;40860;0.5;19.700;1.340;45;95;1;0;100;99;100;100;100;99;100;45;45;0;1.738;1.738;0.000;0.000;14.700;1.000;7.9;0.0;0;33;3.000;3.055;12.7;70;-10.0;0;0;0;0;0;99;0;0;1944;85.64;0;0;0;0;0;0;0;0;0;0;0;0;0;0;0;0;33;0;30.0;30.0;2;0;0.00;0.00;0.00;0.0;0.0
10.198;64;1354;30;40620;0.5;19.700;1.340;45;95;1;0;100;99;100;100;100;99;100;45;45;0;1.738;1.738;0.000;0.000;14.700;1.000;7.8;0.0;0;33;3.000;2.790;12.7;20;-10.0;0;0;0;0;0;99;0;0;1944;86.14;0;0;0;0;0;0;0;0;0;0;0;0;0;0;0;0;33;0;30.0;30.0;2;0;0.00;0.00;0.00;0.0;0.0
10.265;65;1367;30;41010;0.5;19.600;1.333;45;95;1;0;100;99;100;100;100;99;100;45;45;0;1.750;1.750;0.000;0.000;14.700;1.000;8.0;0.0;0;33;3.000;3.042;12.6;40;-10.0;0;0;0;0;0;99;0;0;1944;85.33;0;0;0;0;0;0;0;0;0;0;0;0;0;0;0;0;33;0;30.0;30.0;2;0;0.00;0.00;0.00;0.0;0.0
10.334;65;1371;30;41130;0.5;19.700;1.340;45;95;1;0;100;99;100;100;100;99;100;45;45;0;1.750;1.750;0.000;0.000;14.700;1.000;8.0;0.0;0;33;3.000;2.892;12.6;40;-10.0;0;0;0;0;0;99;0;0;1944;85.08;0;0;0;0;0;0;0;0;0;0;0;0;0;0;0;0;33;0;30.0;30.0;2;0;0.00;0.00;0.00;0.0;0.0
10.399;65;1367;30;41010;0.5;19.700;1.340;45;95;1;0;100;99;100;100;100;99;100;45;45;0;1.750;1.750;0.000;0.000;14.700;1.000;8.0;0.0;0;33;3.000;2.970;12.6;90;-10.0;0;0;0;0;0;99;0;0;1944;85.33;0;0;0;0;0;0;0;0;0;0;0;0;0;0;0;0;33;0;30.0;30.0;2;0;0.00;0.00;0.00;0.0;0.0
10.465;65;1358;30;40740;0.5;19.700;1.340;45;95;1;0;100;99;100;100;100;99;100;45;45;0;1.750;1.750;0.000;0.000;14.700;1.000;7.9;0.0;0;33;3.000;2.666;12.6;-130;-10.0;0;0;0;0;0;99;0;0;1944;85.89;0;0;0;0;0;0;0;0;0;0;0;0;0;0;0;0;33;0;30.0;30.0;2;0;0.00;0.00;0.00;0.0;0.0
10.531;65;1369;30;41070;0.5;19.700;1.340;45;95;1;0;100;99;100;100;100;99;100;45;45;0;1.738;1.738;0.000;0.000;14.700;1.000;7.9;0.0;0;33;3.000;2.926;12.7;-130;-10.0;0;0;0;0;0;99;0;0;1944;85.20;0;0;0;0;0;0;0;0;0;0;0;0;0;0;0;0;33;0;30.0;30.0;2;0;0.00;0.00;0.00;0.0;0.0
10.600;65;1367;30;41010;0.5;19.700;1.340;45;95;1;0;100;99;100;100;100;99;100;45;45;0;1.738;1.738;0.000;0.000;14.700;1.000;7.9;0.0;0;33;3.000;2.920;12.7;0;-10.0;0;0;0;0;0;99;0;0;1944;85.33;0;0;0;0;0;0;0;0;0;0;0;0;0;0;0;0;33;0;30.0;30.0;2;0;0.00;0.00;0.00;0.0;0.0
10.666;65;1364;30;40920;0.5;19.700;1.340;45;95;1;0;100;99;100;100;100;99;100;45;45;0;1.738;1.738;0.000;0.000;14.700;1.000;7.9;0.0;0;33;3.000;3.002;12.7;60;-10.0;0;0;0;0;0;99;0;0;1944;85.51;0;0;0;0;0;0;0;0;0;0;0;0;0;0;0;0;33;0;30.0;30.0;2;0;0.00;0.00;0.00;0.0;0.0
10.732;65;1355;30;40650;0.5;19.700;1.340;45;95;1;0;100;99;100;100;100;99;100;45;45;0;1.738;1.738;0.000;0.000;14.700;1.000;7.8;0.0;0;33;3.000;2.702;12.7;60;-10.0;0;0;0;0;0;99;0;0;1944;86.08;0;0;0;0;0;0;0;0;0;0;0;0;0;0;0;0;33;0;30.0;30.0;2;0;0.00;0.00;0.00;0.0;0.0
10.801;65;1374;30;41220;0.5;19.700;1.340;45;95;1;0;100;99;100;100;100;99;100;45;45;0;1.810;1.810;0.000;0.000;14.700;1.000;8.3;0.0;0;33;3.000;2.946;12.1;60;-10.0;0;0;0;0;0;99;0;0;1944;84.89;0;0;0;0;0;0;0;0;0;0;0;0;0;0;0;0;33;0;30.0;30.0;2;0;0.00;0.00;0.00;0.0;0.0
10.867;65;1374;30;41220;0.5;19.700;1.340;45;95;1;0;100;99;100;100;100;99;100;45;45;0;1.810;1.810;0.000;0.000;14.700;1.000;8.3;0.0;0;33;3.000;2.945;12.1;40;-10.0;0;0;0;0;0;99;0;0;1944;84.89;0;0;0;0;0;0;0;0;0;0;0;0;0;0;0;0;33;0;30.0;30.0;2;0;0.00;0.00;0.00;0.0;0.0
10.932;65;1371;30;41130;0.5;19.700;1.340;45;95;1;0;100;99;100;100;100;99;100;45;45;0;1.810;1.810;0.000;0.000;14.700;1.000;8.3;0.0;0;33;3.000;3.075;12.1;40;-10.0;0;0;0;0;0;99;0;0;1944;85.08;0;0;0;0;0;0;0;0;0;0;0;0;0;0;0;0;33;0;30.0;30.0;2;0;0.00;0.00;0.00;0.0;0.0
10.998;65;1356;30;40680;0.5;19.700;1.340;45;95;1;0;100;99;100;100;100;99;100;45;45;0;1.810;1.810;0.000;0.000;14.700;1.000;8.2;0.0;0;33;3.000;2.716;12.1;-60;-10.0;0;0;0;0;0;99;0;0;1944;86.02;0;0;0;0;0;0;0;0;0;0;0;0;0;0;0;0;33;0;30.0;30.0;2;0;0.00;0.00;0.00;0.0;0.0
11.068;65;1374;30;41220;0.5;19.700;1.340;45;95;1;0;100;99;100;100;100;99;100;45;45;0;1.762;1.762;0.000;0.000;14.700;1.000;8.1;0.0;0;33;3.000;2.969;12.5;60;-10.0;0;0;0;0;0;99;0;0;1944;84.89;0;0;0;0;0;0;0;0;0;0;0;0;0;0;0;0;33;0;30.0;30.0;2;0;0.00;0.00;0.00;0.0;0.0
11.133;65;1368;30;41040;0.5;19.700;1.340;45;95;1;0;100;99;100;100;100;99;100;45;45;0;1.762;1.762;0.000;0.000;14.700;1.000;8.0;0.0;0;33;3.000;2.944;12.5;60;-10.0;0;0;0;0;0;99;0;0;1944;85.26;0;0;0;0;0;0;0;0;0;0;0;0;0;0;0;0;33;0;30.0;30.0;2;0;0.00;0.00;0.00;0.0;0.0
11.198;65;1369;30;41070;0.5;19.700;1.340;45;95;1;0;100;99;100;100;100;99;100;45;45;0;1.762;1.762;0.000;0.000;14.700;1.000;8.0;0.0;0;33;3.000;3.077;12.5;-170;-10.0;0;0;0;0;0;99;0;0;1944;85.20;0;0;0;0;0;0;0;0;0;0;0;0;0;0;0;0;33;0;30.0;30.0;2;0;0.00;0.00;0.00;0.0;0.0
11.264;65;1348;30;40440;0.5;19.600;1.333;45;95;1;0;100;99;100;100;100;99;100;45;45;0;1.762;1.762;0.000;0.000;14.700;1.000;7.9;0.0;0;33;3.000;2.753;12.5;-170;-10.0;0;0;0;0;0;99;0;0;1944;86.53;0;0;0;0;0;0;0;0;0;0;0;0;0;0;0;0;33;0;30.0;30.0;2;0;0.00;0.00;0.00;0.0;0.0
11.333;66;1354;30;40620;0.5;19.600;1.333;45;95;1;0;100;99;100;100;100;99;100;45;45;0;1.750;1.750;0.000;0.000;14.700;1.000;7.9;0.0;0;33;3.000;2.834;12.6;20;-10.0;0;0;0;0;0;99;0;0;1939;85.92;0;0;0;0;0;0;0;0;0;0;0;0;0;0;0;0;33;0;30.0;30.0;2;0;0.00;0.00;0.00;0.0;0.0
11.399;66;1353;30;40590;0.5;19.700;1.340;45;95;1;0;100;99;100;100;100;99;100;45;45;0;1.750;1.750;0.000;0.000;14.700;1.000;7.9;0.0;0;33;3.000;2.837;12.6;-50;-10.0;0;0;0;0;0;99;0;0;1939;85.99;0;0;0;0;0;0;0;0;0;0;0;0;0;0;0;0;33;0;30.0;30.0;2;0;0.00;0.00;0.00;0.0;0.0
11.464;66;1358;30;40740;0.5;19.700;1.340;45;95;1;0;100;99;100;100;100;99;100;45;45;0;1.750;1.750;0.000;0.000;14.700;1.000;7.9;0.0;0;33;3.000;3.025;12.6;-50;-10.0;0;0;0;0;0;99;0;0;1939;85.67;0;0;0;0;0;0;0;0;0;0;0;0;0;0;0;0;33;0;30.0;30.0;2;0;0.00;0.00;0.00;0.0;0.0
11.535;66;1351;30;40530;0.5;19.700;1.340;45;95;1;0;100;99;100;100;100;99;100;45;45;0;1.714;1.714;0.000;0.000;14.700;1.000;7.7;0.0;0;33;3.000;2.708;12.9;60;-10.0;0;0;0;0;0;99;0;0;1939;86.11;0;0;0;0;0;0;0;0;0;0;0;0;0;0;0;0;33;0;30.0;30.0;2;0;0.00;0.00;0.00;0.0;0.0
11.599;66;1351;30;40530;0.5;19.700;1.340;45;95;1;0;100;99;100;100;100;99;100;45;45;0;1.714;1.714;0.000;0.000;14.700;1.000;7.7;0.0;0;33;3.000;2.820;12.9;-90;-10.0;0;0;0;0;0;99;0;0;1939;86.11;0;0;0;0;0;0;0;0;0;0;0;0;0;0;0;0;33;0;30.0;30.0;2;0;0.00;0.00;0.00;0.0;0.0
11.665;66;1345;30;40350;0.5;19.700;1.340;45;95;1;0;100;99;100;100;100;99;100;45;45;0;1.714;1.714;0.000;0.000;14.700;1.000;7.7;0.0;0;33;3.000;2.868;12.9;-90;-10.0;0;0;0;0;0;99;0;0;1939;86.50;0;0;0;0;0;0;0;0;0;0;0;0;0;0;0;0;33;0;30.0;30.0;2;0;0.00;0.00;0.00;0.0;0.0
11.731;66;1346;30;40380;0.5;19.700;1.340;45;95;1;0;100;99;100;100;100;99;100;45;45;0;1.714;1.714;0.000;0.000;14.700;1.000;7.7;0.0;0;33;3.000;2.970;12.9;-40;-10.0;0;0;0;0;0;99;0;0;1939;86.43;0;0;0;0;0;0;0;0;0;0;0;0;0;0;0;0;33;0;30.0;30.0;2;0;0.00;0.00;0.00;0.0;0.0
11.800;66;1335;30;40050;0.5;19.700;1.340;45;95;1;0;100;99;100;100;100;99;100;45;45;0;1.786;1.786;0.000;0.000;14.700;1.000;7.9;0.0;0;33;3.000;2.779;12.3;-60;-10.0;0;0;0;0;0;99;0;0;1939;87.15;0;0;0;0;0;0;0;0;0;0;0;0;0;0;0;0;33;0;30.0;30.0;2;0;0.00;0.00;0.00;0.0;0.0
11.866;66;1342;30;40260;0.5;19.700;1.340;45;95;1;0;100;99;100;100;100;99;100;45;45;0;1.786;1.786;0.000;0.000;14.700;1.000;8.0;0.0;0;33;3.000;2.884;12.3;-60;-10.0;0;0;0;0;0;99;0;0;1939;86.69;0;0;0;0;0;0;0;0;0;0;0;0;0;0;0;0;33;0;30.0;30.0;2;0;0.00;0.00;0.00;0.0;0.0
11.936;66;1347;30;40410;0.5;19.700;1.340;45;95;1;0;100;99;100;100;100;99;100;45;45;0;1.786;1.786;0.000;0.000;14.700;1.000;8.0;0.0;0;33;3.000;2.891;12.3;-50;-10.0;0;0;0;0;0;99;0;0;1939;86.37;0;0;0;0;0;0;0;0;0;0;0;0;0;0;0;0;33;0;30.0;30.0;2;0;0.00;0.00;0.00;0.0;0.0
12.001;66;1351;30;40530;0.5;19.700;1.340;45;95;1;0;100;99;100;100;100;99;100;45;45;0;1.786;1.786;0.000;0.000;14.700;1.000;8.0;0.0;0;33;3.000;3.009;12.3;150;-10.0;0;0;0;0;0;99;0;0;1939;86.11;0;0;0;0;0;0;0;0;0;0;0;0;0;0;0;0;33;0;30.0;30.0;2;0;0.00;0.00;0.00;0.0;0.0
12.067;66;1343;30;40290;0.5;19.700;1.340;45;95;1;0;100;99;100;100;100;99;100;45;45;0;1.738;1.738;0.000;0.000;14.700;1.000;7.8;0.0;0;33;3.000;2.747;12.7;150;-10.0;0;0;0;0;0;99;0;0;1939;86.63;0;0;0;0;0;0;0;0;0;0;0;0;0;0;0;0;33;0;30.0;30.0;2;0;0.00;0.00;0.00;0.0;0.0
12.133;66;1360;30;40800;0.5;19.700;1.340;45;95;1;0;100;99;100;100;100;99;100;45;45;0;1.738;1.738;0.000;0.000;14.700;1.000;7.9;0.0;0;33;3.000;2.957;12.7;50;-10.0;0;0;0;0;0;99;0;0;1939;85.54;0;0;0;0;0;0;0;0;0;0;0;0;0;0;0;0;33;0;30.0;30.0;2;0;0.00;0.00;0.00;0.0;0.0
12.202;66;1357;30;40710;0.5;19.700;1.340;45;95;1;0;100;99;100;100;100;99;100;45;45;0;1.738;1.738;0.000;0.000;14.700;1.000;7.9;0.0;0;33;3.000;2.862;12.7;10;-10.0;0;0;0;0;0;99;0;0;1939;85.73;0;0;0;0;0;0;0;0;0;0;0;0;0;0;0;0;33;0;30.0;30.0;2;0;0.00;0.00;0.00;0.0;0.0
12.267;66;1361;30;40830;0.5;19.700;1.340;45;95;1;0;100;99;100;100;100;99;100;45;45;0;1.738;1.738;0.000;0.000;14.700;1.000;7.9;0.0;0;33;3.000;3.087;12.7;10;-10.0;0;0;0;0;0;99;0;0;1939;85.48;0;0;0;0;0;0;0;0;0;0;0;0;0;0;0;0;33;0;30.0;30.0;2;0;0.00;0.00;0.00;0.0;0.0
12.335;67;1344;30;40320;0.5;19.700;1.340;45;95;1;0;100;99;100;100;100;99;100;45;45;0;1.750;1.750;0.000;0.000;14.700;1.000;7.8;0.0;0;33;3.000;2.700;12.6;10;-10.0;0;0;0;0;0;99;0;0;1943;86.74;0;0;0;0;0;0;0;0;0;0;0;0;0;0;0;0;33;0;30.0;30.0;2;0;0.00;0.00;0.00;0.0;0.0
12.403;67;1356;30;40680;0.5;19.700;1.340;45;95;1;0;100;99;100;100;100;99;100;45;45;0;1.750;1.750;0.000;0.000;14.700;1.000;7.9;0.0;0;33;3.000;2.813;12.6;-20;-10.0;0;0;0;0;0;99;0;0;1943;85.97;0;0;0;0;0;0;0;0;0;0;0;0;0;0;0;0;33;0;30.0;30.0;2;0;0.00;0.00;0.00;0.0;0.0
12.469;67;1353;30;40590;0.5;19.700;1.340;45;95;1;0;100;99;100;100;100;99;100;45;45;0;1.750;1.750;0.000;0.000;14.700;1.000;7.9;0.0;0;33;3.000;2.812;12.6;-20;-10.0;0;0;0;0;0;99;0;0;1943;86.16;0;0;0;0;0;0;0;0;0;0;0;0;0;0;0;0;33;0;30.0;30.0;2;0;0.00;0.00;0.00;0.0;0.0
12.537;67;1352;30;40560;0.5;19.700;1.340;45;95;1;0;100;99;100;100;100;99;100;45;45;0;1.750;1.750;0.000;0.000;14.700;1.000;7.9;0.0;0;33;3.000;2.983;12.6;-10;-10.0;0;0;0;0;0;99;0;0;1943;86.23;0;0;0;0;0;0;0;0;0;0;0;0;0;0;0;0;33;0;30.0;30.0;2;0;0.00;0.00;0.00;0.0;0.0
12.603;67;1338;30;40140;0.5;19.700;1.340;45;95;1;0;100;99;100;100;100;99;100;45;45;0;1.726;1.726;0.000;0.000;14.700;1.000;7.7;0.0;0;33;3.000;2.709;12.8;-170;-10.0;0;0;0;0;0;99;0;0;1943;87.13;0;0;0;0;0;0;0;0;0;0;0;0;0;0;0;0;33;0;30.0;30.0;2;0;0.00;0.00;0.00;0.0;0.0
12.669;67;1350;30;40500;0.5;19.700;1.340;45;95;1;0;100;99;100;100;100;99;100;45;45;0;1.726;1.726;0.000;0.000;14.700;1.000;7.8;0.0;0;33;3.000;2.839;12.8;-170;-10.0;0;0;0;0;0;99;0;0;1943;86.36;0;0;0;0;0;0;0;0;0;0;0;0;0;0;0;0;33;0;30.0;30.0;2;0;0.00;0.00;0.00;0.0;0.0
12.734;67;1352;30;40560;0.5;19.700;1.340;45;95;1;0;100;99;100;100;100;99;100;45;45;0;1.726;1.726;0.000;0.000;14.700;1.000;7.8;0.0;0;33;3.000;2.837;12.8;160;-10.0;0;0;0;0;0;99;0;0;1943;86.23;0;0;0;0;0;0;0;0;0;0;0;0;0;0;0;0;33;0;30.0;30.0;2;0;0.00;0.00;0.00;0.0;0.0
12.801;67;1347;30;40410;0.5;19.700;1.340;45;95;1;0;100;99;100;100;100;99;100;45;45;0;1.714;1.714;0.000;0.000;14.700;1.000;7.7;0.0;0;33;3.000;2.986;12.9;-70;-10.0;0;0;0;0;0;99;0;0;1943;86.55;0;0;0;0;0;0;0;0;0;0;0;0;0;0;0;0;33;0;30.0;30.0;2;0;0.00;0.00;0.00;0.0;0.0
12.866;67;1326;30;39780;0.5;19.700;1.340;45;95;1;0;100;99;100;100;100;99;100;45;45;0;1.714;1.714;0.000;0.000;14.700;1.000;7.6;0.0;0;33;3.000;2.722;12.9;-70;-10.0;0;0;0;0;0;99;0;0;1943;87.92;0;0;0;0;0;0;0;0;0;0;0;0;0;0;0;0;33;0;30.0;30.0;2;0;0.00;0.00;0.00;0.0;0.0
12.935;67;1344;30;40320;0.5;19.700;1.340;45;95;1;0;100;99;100;100;100;99;100;45;45;0;1.714;1.714;0.000;0.000;14.700;1.000;7.7;0.0;0;33;3.000;2.947;12.9;-90;-10.0;0;0;0;0;0;99;0;0;1943;86.74;0;0;0;0;0;0;0;0;0;0;0;0;0;0;0;0;33;0;30.0;30.0;2;0;0.00;0.00;0.00;0.0;0.0
13.001;67;1338;30;40140;0.5;19.700;1.340;45;95;1;0;100;99;100;100;100;99;100;45;45;0;1.714;1.714;0.000;0.000;14.700;1.000;7.6;0.0;0;33;3.000;2.898;12.9;0;-10.0;0;0;0;0;0;99;0;0;1943;87.13;0;0;0;0;0;0;0;0;0;0;0;0;0;0;0;0;33;0;30.0;30.0;2;0;0.00;0.00;0.00;0.0;0.0
13.070;67;1341;30;40230;0.5;19.700;1.340;45;95;1;0;100;99;100;100;100;99;100;45;45;0;1.762;1.762;0.000;0.000;14.700;1.000;7.9;0.0;0;33;3.000;3.036;12.5;0;-10.0;0;0;0;0;0;99;0;0;1943;86.94;0;0;0;0;0;0;0;0;0;0;0;0;0;0;0;0;33;0;30.0;30.0;2;0;0.00;0.00;0.00;0.0;0.0
13.136;67;1325;30;39750;0.5;19.700;1.340;45;95;1;0;100;99;100;100;100;99;100;45;45;0;1.762;1.762;0.000;0.000;14.700;1.000;7.8;0.0;0;33;3.000;2.749;12.5;0;-10.0;0;0;0;0;0;99;0;0;1943;87.98;0;0;0;0;0;0;0;0;0;0;0;0;0;0;0;0;33;0;30.0;30.0;2;0;0.00;0.00;0.00;0.0;0.0
13.201;67;1336;30;40080;0.5;19.600;1.333;45;95;1;0;100;99;100;100;100;99;100;45;45;0;1.762;1.762;0.000;0.000;14.700;1.000;7.8;0.0;0;33;3.000;2.934;12.5;0;-10.0;0;0;0;0;0;99;0;0;1943;87.26;0;0;0;0;0;0;0;0;0;0;0;0;0;0;0;0;33;0;30.0;30.0;2;0;0.00;0.00;0.00;0.0;0.0
13.267;67;1338;31;41478;0.5;19.700;1.340;45;95;1;0;100;99;100;100;100;99;100;45;45;0;1.777;1.777;0.000;0.000;14.700;1.000;7.9;0.0;0;33;3.000;2.885;12.5;-20;-9.9;0;0;0;0;0;99;0;0;1943;87.13;0;0;0;0;0;0;0;0;0;0;0;0;0;0;0;0;33;0;31.0;31.0;2;0;0.00;0.00;0.00;0.0;0.0
13.333;68;1347;30;40410;0.5;19.700;1.340;45;95;1;0;100;99;100;100;100;99;100;45;45;0;1.726;1.726;0.000;0.000;14.700;1.000;7.7;0.0;0;33;3.000;2.979;12.8;-20;-10.0;0;0;0;0;0;99;0;0;1942;86.50;0;0;0;0;0;0;0;0;0;0;0;0;0;0;0;0;33;0;30.0;30.0;2;0;0.00;0.00;0.00;0.0;0.0
13.402;68;1340;30;40200;0.5;19.700;1.340;45;95;1;0;100;99;100;100;100;99;100;45;45;0;1.726;1.726;0.000;0.000;14.700;1.000;7.7;0.0;0;33;3.000;2.729;12.8;-20;-10.0;0;0;0;0;0;99;0;0;1942;86.96;0;0;0;0;0;0;0;0;0;0;0;0;0;0;0;0;33;0;30.0;30.0;2;0;0.00;0.00;0.00;0.0;0.0
13.468;68;1354;30;40620;0.5;19.700;1.340;45;95;1;0;100;99;100;100;100;99;100;45;45;0;1.726;1.726;0.000;0.000;14.700;1.000;7.8;0.0;0;33;3.000;2.920;12.8;60;-10.0;0;0;0;0;0;99;0;0;1942;86.06;0;0;0;0;0;0;0;0;0;0;0;0;0;0;0;0;33;0;30.0;30.0;2;0;0.00;0.00;0.00;0.0;0.0
13.533;68;1340;30;40200;0.5;19.700;1.340;45;95;1;0;100;99;100;100;100;99;100;45;45;0;1.726;1.726;0.000;0.000;14.700;1.000;7.7;0.0;0;33;3.000;2.845;12.8;80;-10.0;0;0;0;0;0;99;0;0;1942;86.96;0;0;0;0;0;0;0;0;0;0;0;0;0;0;0;0;33;0;30.0;30.0;2;0;0.00;0.00;0.00;0.0;0.0
13.604;68;1342;30;40260;0.5;19.700;1.340;45;95;1;0;100;99;100;100;100;99;100;45;45;0;1.726;1.726;0.000;0.000;14.700;1.000;7.7;0.0;0;33;3.000;3.060;12.8;80;-10.0;0;0;0;0;0;99;0;0;1942;86.83;0;0;0;0;0;0;0;0;0;0;0;0;0;0;0;0;33;0;30.0;30.0;2;0;0.00;0.00;0.00;0.0;0.0
13.672;68;1336;30;40080;0.5;19.700;1.340;45;95;1;0;100;99;100;100;100;99;100;45;45;0;1.726;1.726;0.000;0.000;14.700;1.000;7.7;0.0;0;33;3.000;2.822;12.8;-60;-10.0;0;0;0;0;0;99;0;0;1942;87.22;0;0;0;0;0;0;0;0;0;0;0;0;0;0;0;0;33;0;30.0;30.0;2;0;0.00;0.00;0.00;0.0;0.0
13.738;68;1353;30;40590;0.5;19.700;1.340;45;95;1;0;100;99;100;100;100;99;100;45;45;0;1.726;1.726;0.000;0.000;14.700;1.000;7.8;0.0;0;33;3.000;2.941;12.8;70;-10.0;0;0;0;0;0;99;0;0;1942;86.12;0;0;0;0;0;0;0;0;0;0;0;0;0;0;0;0;33;0;30.0;30.0;2;0;0.00;0.00;0.00;0.0;0.0
13.804;68;1356;30;40680;0.5;19.700;1.340;45;95;1;0;100;99;100;100;100;99;100;45;45;0;1.726;1.726;0.000;0.000;14.700;1.000;7.8;0.0;0;33;3.000;2.893;12.8;70;-10.0;0;0;0;0;0;99;0;0;1942;85.93;0;0;0;0;0;0;0;0;0;0;0;0;0;0;0;0;33;0;30.0;30.0;2;0;0.00;0.00;0.00;0.0;0.0
13.870;68;1357;30;40710;0.5;19.600;1.333;45;95;1;0;100;99;100;100;100;99;100;45;45;0;1.726;1.726;0.000;0.000;14.700;1.000;7.8;0.0;0;33;3.000;2.915;12.8;100;-10.0;0;0;0;0;0;99;0;0;1942;85.87;0;0;0;0;0;0;0;0;0;0;0;0;0;0;0;0;33;0;30.0;30.0;2;0;0.00;0.00;0.00;0.0;0.0
13.935;68;1345;30;40350;0.5;19.600;1.333;45;95;1;0;100;99;100;100;100;99;100;45;45;0;1.726;1.726;0.000;0.000;14.700;1.000;7.7;0.0;0;33;3.000;2.710;12.8;-20;-10.0;0;0;0;0;0;99;0;0;1942;86.63;0;0;0;0;0;0;0;0;0;0;0;0;0;0;0;0;33;0;30.0;30.0;2;0;0.00;0.00;0.00;0.0;0.0
14.000;68;1355;30;40650;0.5;19.700;1.340;45;95;1;0;100;99;100;100;100;99;100;45;45;0;1.726;1.726;0.000;0.000;14.700;1.000;7.8;0.0;0;33;3.000;2.863;12.8;-20;-10.0;0;0;0;0;0;99;0;0;1942;85.99;0;0;0;0;0;0;0;0;0;0;0;0;0;0;0;0;33;0;30.0;30.0;2;0;0.00;0.00;0.00;0.0;0.0
14.066;68;1357;30;40710;0.5;19.700;1.340;45;95;1;0;100;99;100;100;100;99;100;45;45;0;1.726;1.726;0.000;0.000;14.700;1.000;7.8;0.0;0;33;3.000;2.872;12.8;-120;-10.0;0;0;0;0;0;99;0;0;1942;85.87;0;0;0;0;0;0;0;0;0;0;0;0;0;0;0;0;33;0;30.0;30.0;2;0;0.00;0.00;0.00;0.0;0.0
14.135;68;1350;30;40500;0.5;19.700;1.340;45;95;1;0;100;99;100;100;100;99;100;45;45;0;1.726;1.726;0.000;0.000;14.700;1.000;7.8;0.0;0;33;3.000;2.951;12.8;-20;-10.0;0;0;0;0;0;99;0;0;1942;86.31;0;0;0;0;0;0;0;0;0;0;0;0;0;0;0;0;33;0;30.0;30.0;2;0;0.00;0.00;0.00;0.0;0.0
14.201;68;1343;30;40290;0.5;19.700;1.340;45;95;1;0;100;99;100;100;100;99;100;45;45;0;1.726;1.726;0.000;0.000;14.700;1.000;7.7;0.0;0;33;3.000;2.749;12.8;-20;-10.0;0;0;0;0;0;99;0;0;1942;86.76;0;0;0;0;0;0;0;0;0;0;0;0;0;0;0;0;33;0;30.0;30.0;2;0;0.00;0.00;0.00;0.0;0.0
14.271;68;1352;30;40560;0.5;19.700;1.340;45;95;1;0;100;99;100;100;100;99;100;45;45;0;1.726;1.726;0.000;0.000;14.700;1.000;7.8;0.0;0;33;3.000;2.854;12.8;120;-10.0;0;0;0;0;0;99;0;0;1942;86.18;0;0;0;0;0;0;0;0;0;0;0;0;0;0;0;0;33;0;30.0;30.0;2;0;0.00;0.00;0.00;0.0;0.0
14.335;69;1355;30;40650;0.5;19.700;1.340;45;95;1;0;100;99;100;100;100;99;100;45;45;0;1.714;1.714;0.000;0.000;14.700;1.000;7.7;0.0;0;33;3.000;2.822;12.9;40;-10.0;0;0;0;0;0;99;0;0;1944;86.08;0;0;0;0;0;0;0;0;0;0;0;0;0;0;0;0;33;0;30.0;30.0;2;0;0.00;0.00;0.00;0.0;0.0
14.400;69;1355;30;40650;0.5;19.700;1.340;45;95;1;0;100;99;100;100;100;99;100;45;45;0;1.714;1.714;0.000;0.000;14.700;1.000;7.7;0.0;0;33;3.000;2.972;12.9;40;-10.0;0;0;0;0;0;99;0;0;1944;86.08;0;0;0;0;0;0;0;0;0;0;0;0;0;0;0;0;33;0;30.0;30.0;2;0;0.00;0.00;0.00;0.0;0.0
14.467;69;1346;30;40380;0.5;19.700;1.340;45;95;1;0;100;99;100;100;100;99;100;45;45;0;1.714;1.714;0.000;0.000;14.700;1.000;7.7;0.0;0;33;3.000;2.689;12.9;-40;-10.0;0;0;0;0;0;99;0;0;1944;86.66;0;0;0;0;0;0;0;0;0;0;0;0;0;0;0;0;33;0;30.0;30.0;2;0;0.00;0.00;0.00;0.0;0.0
14.533;69;1358;30;40740;0.5;19.700;1.340;45;95;1;0;100;99;100;100;100;99;100;45;45;0;1.714;1.714;0.000;0.000;14.700;1.000;7.8;0.0;0;33;3.000;2.867;12.9;30;-10.0;0;0;0;0;0;99;0;0;1944;85.89;0;0;0;0;0;0;0;0;0;0;0;0;0;0;0;0;33;0;30.0;30.0;2;0;0.00;0.00;0.00;0.0;0.0
14.603;69;1360;30;40800;0.5;19.700;1.340;45;95;1;0;100;99;100;100;100;99;100;45;45;0;1.714;1.714;0.000;0.000;14.700;1.000;7.8;0.0;0;33;3.000;2.824;12.9;30;-10.0;0;0;0;0;0;99;0;0;1944;85.76;0;0;0;0;0;0;0;0;0;0;0;0;0;0;0;0;33;0;30.0;30.0;2;0;0.00;0.00;0.00;0.0;0.0
14.667;69;1358;30;40740;0.5;19.700;1.340;45;95;1;0;100;99;100;100;100;99;100;45;45;0;1.714;1.714;0.000;0.000;14.700;1.000;7.8;0.0;0;33;3.000;2.877;12.9;50;-10.0;0;0;0;0;0;99;0;0;1944;85.89;0;0;0;0;0;0;0;0;0;0;0;0;0;0;0;0;33;0;30.0;30.0;2;0;0.00;0.00;0.00;0.0;0.0
14.733;69;1343;30;40290;0.5;19.700;1.340;45;95;1;0;100;99;100;100;100;99;100;45;45;0;1.714;1.714;0.000;0.000;14.700;1.000;7.7;0.0;0;33;3.000;2.691;12.9;-200;-10.0;0;0;0;0;0;99;0;0;1944;86.85;0;0;0;0;0;0;0;0;0;0;0;0;0;0;0;0;33;0;30.0;30.0;2;0;0.00;0.00;0.00;0.0;0.0
14.798;69;1346;30;40380;0.5;19.700;1.340;45;95;1;0;100;99;100;100;100;99;100;45;45;0;1.714;1.714;0.000;0.000;14.700;1.000;7.7;0.0;0;33;3.000;2.804;12.9;-200;-10.0;0;0;0;0;0;99;0;0;1944;86.66;0;0;0;0;0;0;0;0;0;0;0;0;0;0;0;0;33;0;30.0;30.0;2;0;0.00;0.00;0.00;0.0;0.0
14.869;69;1347;30;40410;0.5;19.700;1.340;45;95;1;0;100;99;100;100;100;99;100;45;45;0;1.762;1.762;0.000;0.000;14.700;1.000;7.9;0.0;0;33;3.000;2.805;12.5;-70;-10.0;0;0;0;0;0;99;0;0;1944;86.59;0;0;0;0;0;0;0;0;0;0;0;0;0;0;0;0;33;0;30.0;30.0;2;0;0.00;0.00;0.00;0.0;0.0
14.934;69;1354;30;40620;0.5;19.700;1.340;45;95;1;0;100;99;100;100;100;99;100;45;45;0;1.762;1.762;0.000;0.000;14.700;1.000;8.0;0.0;0;33;3.000;2.964;12.5;180;-10.0;0;0;0;0;0;99;0;0;1944;86.14;0;0;0;0;0;0;0;0;0;0;0;0;0;0;0;0;33;0;30.0;30.0;2;0;0.00;0.00;0.00;0.0;0.0
15.001;69;1341;30;40230;0.5;19.700;1.340;45;95;1;0;100;99;100;100;100;99;100;45;45;0;1.762;1.762;0.000;0.000;14.700;1.000;7.9;0.0;0;33;3.000;2.679;12.5;180;-10.0;0;0;0;0;0;99;0;0;1944;86.98;0;0;0;0;0;0;0;0;0;0;0;0;0;0;0;0;33;0;30.0;30.0;2;0;0.00;0.00;0.00;0.0;0.0
15.069;69;1345;30;40350;0.5;19.700;1.340;45;95;1;0;100;99;100;100;100;99;100;45;45;0;1.762;1.762;0.000;0.000;14.700;1.000;7.9;0.0;0;33;3.000;2.857;12.5;-100;-10.0;0;0;0;0;0;99;0;0;1944;86.72;0;0;0;0;0;0;0;0;0;0;0;0;0;0;0;0;33;0;30.0;30.0;2;0;0.00;0.00;0.00;0.0;0.0
15.135;69;1342;30;40260;0.5;19.700;1.340;45;95;1;0;100;99;100;100;100;99;100;45;45;0;1.726;1.726;0.000;0.000;14.700;1.000;7.7;0.0;0;33;3.000;2.791;12.8;-20;-10.0;0;0;0;0;0;99;0;0;1944;86.92;0;0;0;0;0;0;0;0;0;0;0;0;0;0;0;0;33;0;30.0;30.0;2;0;0.00;0.00;0.00;0.0;0.0
15.201;69;1346;30;40380;0.5;19.700;1.340;45;95;1;0;100;99;100;100;100;99;100;45;45;0;1.726;1.726;0.000;0.000;14.700;1.000;7.7;0.0;0;33;3.000;2.947;12.8;-20;-10.0;0;0;0;0;0;99;0;0;1944;86.66;0;0;0;0;0;0;0;0;0;0;0;0;0;0;0;0;33;0;30.0;30.0;2;0;0.00;0.00;0.00;0.0;0.0
15.265;69;1338;30;40140;0.5;19.700;1.340;45;95;1;0;100;99;100;100;100;99;100;45;45;0;1.726;1.726;0.000;0.000;14.700;1.000;7.7;0.0;0;33;3.000;2.809;12.8;30;-10.0;0;0;0;0;0;99;0;0;1944;87.17;0;0;0;0;0;0;0;0;0;0;0;0;0;0;0;0;33;0;30.0;30.0;2;0;0.00;0.00;0.00;0.0;0.0
15.334;69;1349;30;40470;0.5;19.700;1.340;45;95;1;0;100;99;100;100;100;99;100;45;45;0;1.726;1.726;0.000;0.000;14.700;1.000;7.8;0.0;0;33;3.000;2.893;12.8;30;-10.0;0;0;0;0;0;99;0;0;1944;86.46;0;0;0;0;0;0;0;0;0;0;0;0;0;0;0;0;33;0;30.0;30.0;2;0;0.00;0.00;0.00;0.0;0.0
15.400;70;1339;30;40170;0.5;19.700;1.340;45;95;1;0;100;99;100;100;100;99;100;45;45;0;1.738;1.738;0.000;0.000;14.700;1.000;7.8;0.0;0;33;3.000;2.791;12.7;40;-10.0;0;0;0;0;0;99;0;0;1942;87.02;0;0;0;0;0;0;0;0;0;0;0;0;0;0;0;0;33;0;30.0;30.0;2;0;0.00;0.00;0.00;0.0;0.0
15.467;70;1342;30;40260;0.5;19.700;1.340;45;95;1;0;100;99;100;100;100;99;100;45;45;0;1.738;1.738;0.000;0.000;14.700;1.000;7.8;0.0;0;33;3.000;2.989;12.7;-200;-10.0;0;0;0;0;0;99;0;0;1942;86.83;0;0;0;0;0;0;0;0;0;0;0;0;0;0;0;0;33;0;30.0;30.0;2;0;0.00;0.00;0.00;0.0;0.0
15.531;70;1335;30;40050;0.5;19.600;1.333;45;95;1;0;100;99;100;100;100;99;100;45;45;0;1.738;1.738;0.000;0.000;14.700;1.000;7.7;0.0;0;33;3.000;2.745;12.7;-200;-10.0;0;0;0;0;0;99;0;0;1942;87.28;0;0;0;0;0;0;0;0;0;0;0;0;0;0;0;0;33;0;30.0;30.0;2;0;0.00;0.00;0.00;0.0;0.0
15.597;70;1353;30;40590;0.5;19.700;1.340;45;95;1;0;100;99;100;100;100;99;100;45;45;0;1.726;1.726;0.000;0.000;14.700;1.000;7.8;0.0;0;33;3.000;2.888;12.8;60;-10.0;0;0;0;0;0;99;0;0;1942;86.12;0;0;0;0;0;0;0;0;0;0;0;0;0;0;0;0;33;0;30.0;30.0;2;0;0.00;0.00;0.00;0.0;0.0
15.667;70;1346;30;40380;0.5;19.700;1.340;45;95;1;0;100;99;100;100;100;99;100;45;45;0;1.726;1.726;0.000;0.000;14.700;1.000;7.7;0.0;0;33;3.000;2.823;12.8;130;-10.0;0;0;0;0;0;99;0;0;1942;86.57;0;0;0;0;0;0;0;0;0;0;0;0;0;0;0;0;33;0;30.0;30.0;2;0;0.00;0.00;0.00;0.0;0.0
15.733;70;1346;30;40380;0.5;19.700;1.340;45;95;1;0;100;99;100;100;100;99;100;45;45;0;1.726;1.726;0.000;0.000;14.700;1.000;7.7;0.0;0;33;3.000;2.962;12.8;130;-10.0;0;0;0;0;0;99;0;0;1942;86.57;0;0;0;0;0;0;0;0;0;0;0;0;0;0;0;0;33;0;30.0;30.0;2;0;0.00;0.00;0.00;0.0;0.0
15.801;70;1339;30;40170;0.5;19.700;1.340;45;95;1;0;100;99;100;100;100;99;100;45;45;0;1.726;1.726;0.000;0.000;14.700;1.000;7.7;0.0;0;33;3.000;2.751;12.8;-20;-10.0;0;0;0;0;0;99;0;0;1942;87.02;0;0;0;0;0;0;0;0;0;0;0;0;0;0;0;0;33;0;30.0;30.0;2;0;0.00;0.00;0.00;0.0;0.0
15.869;70;1352;30;40560;0.5;19.700;1.340;45;95;1;0;100;99;100;100;100;99;100;45;45;0;1.726;1.726;0.000;0.000;14.700;1.000;7.8;0.0;0;33;3.000;2.861;12.8;40;-10.0;0;0;0;0;0;99;0;0;1942;86.18;0;0;0;0;0;0;0;0;0;0;0;0;0;0;0;0;33;0;30.0;30.0;2;0;0.00;0.00;0.00;0.0;0.0
15.933;70;1352;30;40560;0.5;19.700;1.340;45;95;1;0;100;99;100;100;100;99;100;45;45;0;1.726;1.726;0.000;0.000;14.700;1.000;7.8;0.0;0;33;3.000;2.903;12.8;40;-10.0;0;0;0;0;0;99;0;0;1942;86.18;0;0;0;0;0;0;0;0;0;0;0;0;0;0;0;0;33;0;30.0;30.0;2;0;0.00;0.00;0.00;0.0;0.0
15.998;70;1366;30;40980;0.5;19.700;1.340;45;95;1;0;100;99;100;100;100;99;100;45;45;0;1.726;1.726;0.000;0.000;14.700;1.000;7.9;0.0;0;33;3.000;3.114;12.8;70;-10.0;0;0;0;0;0;99;0;0;1942;85.30;0;0;0;0;0;0;0;0;0;0;0;0;0;0;0;0;33;0;30.0;30.0;2;0;0.00;0.00;0.00;0.0;0.0
16.068;70;1348;30;40440;0.5;19.700;1.340;45;95;1;0;100;99;100;100;100;99;100;45;45;0;1.726;1.726;0.000;0.000;14.700;1.000;7.8;0.0;0;33;3.000;2.716;12.8;30;-10.0;0;0;0;0;0;99;0;0;1942;86.44;0;0;0;0;0;0;0;0;0;0;0;0;0;0;0;0;33;0;30.0;30.0;2;0;0.00;0.00;0.00;0.0;0.0
16.134;70;1356;30;40680;0.5;19.600;1.333;45;95;1;0;100;99;100;100;100;99;100;45;45;0;1.798;1.798;0.000;0.000;14.700;1.000;8.1;0.0;0;33;3.000;2.792;12.2;30;-10.0;0;0;0;0;0;99;0;0;1942;85.93;0;0;0;0;0;0;0;0;0;0;0;0;0;0;0;0;33;0;30.0;30.0;2;0;0.00;0.00;0.00;0.0;0.0
16.198;70;1354;30;40620;0.5;19.700;1.340;45;95;1;0;100;99;100;100;100;99;100;45;45;0;1.798;1.798;0.000;0.000;14.700;1.000;8.1;0.0;0;33;3.000;2.749;12.2;-140;-10.0;0;0;0;0;0;99;0;0;1942;86.06;0;0;0;0;0;0;0;0;0;0;0;0;0;0;0;0;33;0;30.0;30.0;2;0;0.00;0.00;0.00;0.0;0.0
16.269;70;1352;30;40560;0.5;19.700;1.340;45;95;1;0;100;99;100;100;100;99;100;45;45;0;1.798;1.798;0.000;0.000;14.700;1.000;8.1;0.0;0;33;3.000;2.949;12.2;-50;-10.0;0;0;0;0;0;99;0;0;1942;86.18;0;0;0;0;0;0;0;0;0;0;0;0;0;0;0;0;33;0;30.0;30.0;2;0;0.00;0.00;0.00;0.0;0.0
16.335;70;1341;30;40230;0.5;19.700;1.340;45;95;1;0;100;99;100;100;100;99;100;45;45;0;1.798;1.798;0.000;0.000;14.700;1.000;8.0;0.0;0;33;3.000;2.764;12.2;-50;-10.0;0;0;0;0;0;99;0;0;1942;86.89;0;0;0;0;0;0;0;0;0;0;0;0;0;0;0;0;33;0;30.0;30.0;2;0;0.00;0.00;0.00;0.0;0.0
16.400;71;1353;30;40590;0.5;19.700;1.340;45;95;1;0;100;99;100;100;100;99;100;45;45;0;1.750;1.750;0.000;0.000;14.700;1.000;7.9;0.0;0;33;3.000;2.845;12.6;100;-10.0;0;0;0;0;0;99;0;0;1941;86.08;0;0;0;0;0;0;0;0;0;0;0;0;0;0;0;0;33;0;30.0;30.0;2;0;0.00;0.00;0.00;0.0;0.0
16.466;71;1345;30;40350;0.5;19.700;1.340;45;95;1;0;100;99;100;100;100;99;100;45;45;0;1.750;1.750;0.000;0.000;14.700;1.000;7.8;0.0;0;33;3.000;2.858;12.6;-20;-10.0;0;0;0;0;0;99;0;0;1941;86.59;0;0;0;0;0;0;0;0;0;0;0;0;0;0;0;0;33;0;30.0;30.0;2;0;0.00;0.00;0.00;0.0;0.0
16.536;71;1341;30;40230;0.5;19.700;1.340;45;95;1;0;100;99;100;100;100;99;100;45;45;0;1.750;1.750;0.000;0.000;14.700;1.000;7.8;0.0;0;33;3.000;2.937;12.6;-20;-10.0;0;0;0;0;0;99;0;0;1941;86.85;0;0;0;0;0;0;0;0;0;0;0;0;0;0;0;0;33;0;30.0;30.0;2;0;0.00;0.00;0.00;0.0;0.0
16.600;71;1336;30;40080;0.5;19.700;1.340;45;95;1;0;100;99;100;100;100;99;100;45;45;0;1.750;1.750;0.000;0.000;14.700;1.000;7.8;0.0;0;33;3.000;2.735;12.6;-80;-10.0;0;0;0;0;0;99;0;0;1941;87.17;0;0;0;0;0;0;0;0;0;0;0;0;0;0;0;0;33;0;30.0;30.0;2;0;0.00;0.00;0.00;0.0;0.0
16.665;71;1353;30;40590;0.5;19.700;1.340;45;95;1;0;100;99;100;100;100;99;100;45;45;0;1.750;1.750;0.000;0.000;14.700;1.000;7.9;0.0;0;33;3.000;2.852;12.6;120;-10.0;0;0;0;0;0;99;0;0;1941;86.08;0;0;0;0;0;0;0;0;0;0;0;0;0;0;0;0;33;0;30.0;30.0;2;0;0.00;0.00;0.00;0.0;0.0
16.732;71;1350;30;40500;0.5;19.700;1.340;45;95;1;0;100;99;100;100;100;99;100;45;45;0;1.750;1.750;0.000;0.000;14.700;1.000;7.9;0.0;0;33;3.000;2.861;12.6;120;-10.0;0;0;0;0;0;99;0;0;1941;86.27;0;0;0;0;0;0;0;0;0;0;0;0;0;0;0;0;33;0;30.0;30.0;2;0;0.00;0.00;0.00;0.0;0.0
16.801;71;1345;30;40350;0.5;19.700;1.340;45;95;1;0;100;99;100;100;100;99;100;45;45;0;1.750;1.750;0.000;0.000;14.700;1.000;7.8;0.0;0;33;3.000;2.884;12.6;-10;-10.0;0;0;0;0;0;99;0;0;1941;86.59;0;0;0;0;0;0;0;0;0;0;0;0;0;0;0;0;33;0;30.0;30.0;2;0;0.00;0.00;0.00;0.0;0.0
16.868;71;1329;30;39870;0.5;19.700;1.340;45;95;1;0;100;99;100;100;100;99;100;45;45;0;1.738;1.738;0.000;0.000;14.700;1.000;7.7;0.0;0;33;3.000;2.677;12.7;-230;-10.0;0;0;0;0;0;99;0;0;1941;87.63;0;0;0;0;0;0;0;0;0;0;0;0;0;0;0;0;33;0;30.0;30.0;2;0;0.00;0.00;0.00;0.0;0.0
16.934;71;1338;30;40140;0.5;19.700;1.340;45;95;1;0;100;99;100;100;100;99;100;45;45;0;1.738;1.738;0.000;0.000;14.700;1.000;7.8;0.0;0;33;3.000;2.855;12.7;-230;-10.0;0;0;0;0;0;99;0;0;1941;87.04;0;0;0;0;0;0;0;0;0;0;0;0;0;0;0;0;33;0;30.0;30.0;2;0;0.00;0.00;0.00;0.0;0.0
17.003;71;1331;30;39930;0.5;19.700;1.340;45;95;1;0;100;99;100;100;100;99;100;45;45;0;1.738;1.738;0.000;0.000;14.700;1.000;7.7;0.0;0;33;3.000;2.856;12.7;-20;-10.0;0;0;0;0;0;99;0;0;1941;87.50;0;0;0;0;0;0;0;0;0;0;0;0;0;0;0;0;33;0;30.0;30.0;2;0;0.00;0.00;0.00;0.0;0.0
17.068;71;1339;30;40170;0.5;19.700;1.340;45;95;1;0;100;99;100;100;100;99;100;45;45;0;1.738;1.738;0.000;0.000;14.700;1.000;7.8;0.0;0;33;3.000;3.101;12.7;120;-10.0;0;0;0;0;0;99;0;0;1941;86.98;0;0;0;0;0;0;0;0;0;0;0;0;0;0;0;0;33;0;30.0;30.0;2;0;0.00;0.00;0.00;0.0;0.0
17.133;71;1322;30;39660;0.5;19.700;1.340;45;95;1;0;100;99;100;100;100;99;100;45;45;0;1.714;1.714;0.000;0.000;14.700;1.000;7.6;0.0;0;33;3.000;2.760;12.9;120;-10.0;0;0;0;0;0;99;0;0;1941;88.09;0;0;0;0;0;0;0;0;0;0;0;0;0;0;0;0;33;0;30.0;30.0;2;0;0.00;0.00;0.00;0.0;0.0
17.199;71;1327;30;39810;0.5;19.700;1.340;45;95;1;0;100;99;100;100;100;99;100;45;45;0;1.714;1.714;0.000;0.000;14.700;1.000;7.6;0.0;0;33;3.000;2.928;12.9;-90;-10.0;0;0;0;0;0;99;0;0;1941;87.76;0;0;0;0;0;0;0;0;0;0;0;0;0;0;0;0;33;0;30.0;30.0;2;0;0.00;0.00;0.00;0.0;0.0
17.269;71;1328;30;39840;0.5;19.700;1.340;45;95;1;0;100;99;100;100;100;99;100;45;45;0;1.714;1.714;0.000;0.000;14.700;1.000;7.6;0.0;0;33;3.000;2.926;12.9;-20;-10.0;0;0;0;0;0;99;0;0;1941;87.70;0;0;0;0;0;0;0;0;0;0;0;0;0;0;0;0;33;0;30.0;30.0;2;0;0.00;0.00;0.00;0.0;0.0
17.334;71;1330;30;39900;0.5;19.700;1.340;45;95;1;0;100;99;100;100;100;99;100;45;45;0;1.714;1.714;0.000;0.000;14.700;1.000;7.6;0.0;0;33;3.000;2.768;12.9;-20;-10.0;0;0;0;0;0;99;0;0;1941;87.56;0;0;0;0;0;0;0;0;0;0;0;0;0;0;0;0;33;0;30.0;30.0;2;0;0.00;0.00;0.00;0.0;0.0
17.400;72;1321;30;39630;0.5;19.700;1.340;45;95;1;0;100;99;100;100;100;99;100;45;45;0;1.714;1.714;0.000;0.000;14.700;1.000;7.5;0.0;0;33;3.000;2.776;12.9;-10;-10.0;0;0;0;0;0;99;0;0;1945;88.34;0;0;0;0;0;0;0;0;0;0;0;0;0;0;0;0;33;0;30.0;30.0;2;0;0.00;0.00;0.00;0.0;0.0
17.469;72;1332;30;39960;0.5;19.700;1.340;45;95;1;0;100;99;100;100;100;99;100;45;45;0;1.714;1.714;0.000;0.000;14.700;1.000;7.6;0.0;0;33;3.000;2.904;12.9;-10;-10.0;0;0;0;0;0;99;0;0;1945;87.61;0;0;0;0;0;0;0;0;0;0;0;0;0;0;0;0;33;0;30.0;30.0;2;0;0.00;0.00;0.00;0.0;0.0
17.534;72;1329;31;41199;0.5;19.700;1.340;45;95;1;0;100;99;100;100;100;99;100;45;45;0;1.729;1.729;0.000;0.000;14.700;1.000;7.7;0.0;0;33;3.000;2.992;12.9;50;-9.9;0;0;0;0;0;99;0;0;1945;87.81;0;0;0;0;0;0;0;0;0;0;0;0;0;0;0;0;33;0;31.0;31.0;2;0;0.00;0.00;0.00;0.0;0.0
17.600;72;1326;30;39780;0.5;19.700;1.340;45;95;1;0;100;99;100;100;100;99;100;45;45;0;1.714;1.714;0.000;0.000;14.700;1.000;7.6;0.0;0;33;3.000;2.801;12.9;0;-10.0;0;0;0;0;0;99;0;0;1945;88.01;0;0;0;0;0;0;0;0;0;0;0;0;0;0;0;0;33;0;30.0;30.0;2;0;0.00;0.00;0.00;0.0;0.0
17.666;72;1338;30;40140;0.5;19.700;1.340;45;95;1;0;100;99;100;100;100;99;100;45;45;0;1.798;1.798;0.000;0.000;14.700;1.000;8.0;0.0;0;33;3.000;2.843;12.2;0;-10.0;0;0;0;0;0;99;0;0;1945;87.22;0;0;0;0;0;0;0;0;0;0;0;0;0;0;0;0;33;0;30.0;30.0;2;0;0.00;0.00;0.00;0.0;0.0
17.733;72;1333;30;39990;0.5;19.700;1.340;45;95;1;0;100;99;100;100;100;99;100;45;45;0;1.798;1.798;0.000;0.000;14.700;1.000;8.0;0.0;0;33;3.000;2.913;12.2;-60;-10.0;0;0;0;0;0;99;0;0;1945;87.55;0;0;0;0;0;0;0;0;0;0;0;0;0;0;0;0;33;0;30.0;30.0;2;0;0.00;0.00;0.00;0.0;0.0
17.802;72;1335;30;40050;0.5;19.700;1.340;45;95;1;0;100;99;100;100;100;99;100;45;45;0;1.798;1.798;0.000;0.000;14.700;1.000;8.0;0.0;0;33;3.000;3.011;12.2;-20;-10.0;0;0;0;0;0;99;0;0;1945;87.42;0;0;0;0;0;0;0;0;0;0;0;0;0;0;0;0;33;0;30.0;30.0;2;0;0.00;0.00;0.00;0.0;0.0
17.867;72;1327;30;39810;0.5;19.700;1.340;45;95;1;0;100;99;100;100;100;99;100;45;45;0;1.798;1.798;0.000;0.000;14.700;1.000;8.0;0.0;0;33;3.000;2.761;12.2;-20;-10.0;0;0;0;0;0;99;0;0;1945;87.94;0;0;0;0;0;0;0;0;0;0;0;0;0;0;0;0;33;0;30.0;30.0;2;0;0.00;0.00;0.00;0.0;0.0
17.935;72;1343;30;40290;0.5;19.700;1.340;45;95;1;0;100;99;100;100;100;99;100;45;45;0;1.762;1.762;0.000;0.000;14.700;1.000;7.9;0.0;0;33;3.000;2.892;12.5;170;-10.0;0;0;0;0;0;99;0;0;1945;86.90;0;0;0;0;0;0;0;0;0;0;0;0;0;0;0;0;33;0;30.0;30.0;2;0;0.00;0.00;0.00;0.0;0.0
18.002;72;1347;30;40410;0.5;19.700;1.340;45;95;1;0;100;99;100;100;100;99;100;45;45;0;1.762;1.762;0.000;0.000;14.700;1.000;7.9;0.0;0;33;3.000;2.905;12.5;50;-10.0;0;0;0;0;0;99;0;0;1945;86.64;0;0;0;0;0;0;0;0;0;0;0;0;0;0;0;0;33;0;30.0;30.0;2;0;0.00;0.00;0.00;0.0;0.0
18.067;72;1355;30;40650;0.5;19.600;1.333;45;95;1;0;100;99;100;100;100;99;100;45;45;0;1.762;1.762;0.000;0.000;14.700;1.000;8.0;0.0;0;33;3.000;3.020;12.5;50;-10.0;0;0;0;0;0;99;0;0;1945;86.13;0;0;0;0;0;0;0;0;0;0;0;0;0;0;0;0;33;0;30.0;30.0;2;0;0.00;0.00;0.00;0.0;0.0
18.133;72;1341;30;40230;0.5;14.900;1.014;45;95;1;0;100;99;100;100;100;99;100;45;45;0;1.738;1.738;0.000;0.000;14.700;1.000;7.8;0.0;0;33;3.000;2.735;12.7;50;-10.0;0;0;0;0;0;99;0;0;1945;87.02;0;0;0;0;0;0;0;0;0;0;0;0;0;0;0;0;33;0;30.0;30.0;2;0;0.00;0.00;0.00;0.0;0.0
18.203;72;1355;30;40650;0.5;13.900;0.946;45;95;1;0;100;99;100;100;100;99;100;45;45;0;1.738;1.738;0.000;0.000;14.700;1.000;7.8;0.0;0;33;3.000;2.860;12.7;30;-10.0;0;0;0;0;0;99;0;0;1945;86.13;0;0;0;0;0;0;0;0;0;0;0;0;0;0;0;0;33;0;30.0;30.0;2;0;0.00;0.00;0.00;0.0;0.0
18.267;72;1344;30;40320;0.5;13.800;0.939;45;95;1;0;100;99;100;100;100;99;100;45;45;0;1.738;1.738;0.000;0.000;14.700;1.000;7.8;0.0;0;33;3.000;2.811;12.7;30;-10.0;0;0;0;0;0;99;0;0;1945;86.83;0;0;0;0;0;0;0;0;0;0;0;0;0;0;0;0;33;0;30.0;30.0;2;0;0.00;0.00;0.00;0.0;0.0
18.334;72;1355;30;40650;0.5;13.800;0.939;45;95;1;0;100;99;100;100;100;99;100;45;45;0;1.738;1.738;0.000;0.000;14.700;1.000;7.8;0.0;0;33;3.000;2.987;12.7;-70;-10.0;0;0;0;0;0;99;0;0;1945;86.13;0;0;0;0;0;0;0;0;0;0;0;0;0;0;0;0;33;0;30.0;30.0;2;0;0.00;0.00;0.00;0.0;0.0
18.403;73;1346;30;40380;0.5;13.600;0.925;45;95;1;0;100;99;100;100;100;99;100;45;45;0;1.726;1.726;0.000;0.000;14.700;1.000;7.7;0.0;0;33;3.000;2.806;12.8;-10;-10.0;0;0;0;0;0;99;0;0;1941;86.52;0;0;0;0;0;0;0;0;0;0;0;0;0;0;0;0;33;0;30.0;30.0;2;0;0.00;0.00;0.00;0.0;0.0
18.470;73;1359;30;40770;0.5;12.900;0.878;45;95;1;0;100;99;100;100;100;99;100;45;45;0;1.726;1.726;0.000;0.000;14.700;1.000;7.8;0.0;0;33;3.000;2.886;12.8;-10;-10.0;0;0;0;0;0;99;0;0;1941;85.70;0;0;0;0;0;0;0;0;0;0;0;0;0;0;0;0;33;0;30.0;30.0;2;0;0.00;0.00;0.00;0.0;0.0
18.537;73;1355;30;40650;0.5;13.000;0.884;45;95;1;0;100;99;100;100;100;99;100;45;45;0;1.726;1.726;0.000;0.000;14.700;1.000;7.8;0.0;0;33;3.000;2.771;12.8;0;-10.0;0;0;0;0;0;99;0;0;1941;85.95;0;0;0;0;0;0;0;0;0;0;0;0;0;0;0;0;33;0;30.0;30.0;2;0;0.00;0.00;0.00;0.0;0.0
18.603;73;1348;30;40440;0.5;12.800;0.871;45;95;1;0;100;99;100;100;100;99;100;45;45;0;1.726;1.726;0.000;0.000;14.700;1.000;7.8;0.0;0;33;3.000;2.954;12.8;20;-10.0;0;0;0;0;0;99;0;0;1941;86.39;0;0;0;0;0;0;0;0;0;0;0;0;0;0;0;0;33;0;30.0;30.0;2;0;0.00;0.00;0.00;0.0;0.0
18.669;73;1342;30;40260;0.5;12.600;0.857;45;95;1;0;100;99;100;100;100;99;100;45;45;0;1.714;1.714;0.000;0.000;14.700;1.000;7.7;0.0;0;33;3.000;2.771;12.9;20;-10.0;0;0;0;0;0;99;0;0;1941;86.78;0;0;0;0;0;0;0;0;0;0;0;0;0;0;0;0;33;0;30.0;30.0;2;0;0.00;0.00;0.00;0.0;0.0
18.734;73;1352;30;40560;0.5;12.700;0.864;45;95;1;0;100;99;100;100;100;99;100;45;45;0;1.714;1.714;0.000;0.000;14.700;1.000;7.7;0.0;0;33;3.000;2.916;12.9;70;-10.0;0;0;0;0;0;99;0;0;1941;86.14;0;0;0;0;0;0;0;0;0;0;0;0;0;0;0;0;33;0;30.0;30.0;2;0;0.00;0.00;0.00;0.0;0.0
18.804;73;1346;30;40380;0.5;12.600;0.857;45;95;1;0;100;99;100;100;100;99;100;45;45;0;1.714;1.714;0.000;0.000;14.700;1.000;7.7;0.0;0;33;3.000;2.778;12.9;-90;-10.0;0;0;0;0;0;99;0;0;1941;86.52;0;0;0;0;0;0;0;0;0;0;0;0;0;0;0;0;33;0;30.0;30.0;2;0;0.00;0.00;0.00;0.0;0.0
18.870;73;1343;30;40290;0.5;12.700;0.864;45;95;1;0;100;99;100;100;100;99;100;45;45;0;1.714;1.714;0.000;0.000;14.700;1.000;7.7;0.0;0;33;3.000;3.035;12.9;-90;-10.0;0;0;0;0;0;99;0;0;1941;86.72;0;0;0;0;0;0;0;0;0;0;0;0;0;0;0;0;33;0;30.0;30.0;2;0;0.00;0.00;0.00;0.0;0.0
18.936;73;1336;30;40080;0.5;12.200;0.830;45;95;1;0;100;99;100;100;100;99;100;45;45;0;1.774;1.774;0.000;0.000;14.700;1.000;7.9;0.0;0;33;3.000;2.704;12.4;-20;-10.0;0;0;0;0;0;99;0;0;1941;87.17;0;0;0;0;0;0;0;0;0;0;0;0;0;0;0;0;33;0;30.0;30.0;2;0;0.00;0.00;0.00;0.0;0.0
19.000;73;1355;30;40650;0.5;11.600;0.789;45;95;1;0;100;99;100;100;100;99;100;45;45;0;1.774;1.774;0.000;0.000;14.700;1.000;8.0;0.0;0;33;3.000;2.881;12.4;110;-10.0;0;0;0;0;0;99;0;0;1941;85.95;0;0;0;0;0;0;0;0;0;0;0;0;0;0;0;0;33;0;30.0;30.0;2;0;0.00;0.00;0.00;0.0;0.0
19.066;73;1356;30;40680;0.5;11.500;0.782;45;95;1;0;100;99;100;100;100;99;100;45;45;0;1.774;1.774;0.000;0.000;14.700;1.000;8.0;0.0;0;33;3.000;2.822;12.4;110;-10.0;0;0;0;0;0;99;0;0;1941;85.88;0;0;0;0;0;0;0;0;0;0;0;0;0;0;0;0;33;0;30.0;30.0;2;0;0.00;0.00;0.00;0.0;0.0
19.133;73;1367;30;41010;0.5;11.100;0.755;45;95;1;0;100;99;100;100;100;99;100;45;45;0;1.774;1.774;0.000;0.000;14.700;1.000;8.1;0.0;0;33;3.000;3.073;12.4;-20;-10.0;0;0;0;0;0;99;0;0;1941;85.19;0;0;0;0;0;0;0;0;0;0;0;0;0;0;0;0;33;0;30.0;30.0;2;0;0.00;0.00;0.00;0.0;0.0
19.201;73;1351;30;40530;0.5;10.900;0.741;45;95;1;0;100;99;100;100;100;99;100;45;45;0;1.738;1.738;0.000;0.000;14.700;1.000;7.8;0.0;0;33;3.000;2.652;12.7;-20;-10.0;0;0;0;0;0;99;0;0;1941;86.20;0;0;0;0;0;0;0;0;0;0;0;0;0;0;0;0;33;0;30.0;30.0;2;0;0.00;0.00;0.00;0.0;0.0
19.268;73;1355;30;40650;0.5;10.900;0.741;45;95;1;0;100;99;100;100;100;99;100;45;45;0;1.738;1.738;0.000;0.000;14.700;1.000;7.8;0.0;0;33;3.000;2.816;12.7;-20;-10.0;0;0;0;0;0;99;0;0;1941;85.95;0;0;0;0;0;0;0;0;0;0;0;0;0;0;0;0;33;0;30.0;30.0;2;0;0.00;0.00;0.00;0.0;0.0
19.332;73;1357;30;40710;0.5;11.100;0.755;45;95;1;0;100;99;100;100;100;99;100;45;45;0;1.738;1.738;0.000;0.000;14.700;1.000;7.9;0.0;0;33;3.000;2.849;12.7;60;-10.0;0;0;0;0;0;99;0;0;1941;85.82;0;0;0;0;0;0;0;0;0;0;0;0;0;0;0;0;33;0;30.0;30.0;2;0;0.00;0.00;0.00;0.0;0.0
19.402;74;1365;30;40950;0.5;10.900;0.741;45;95;1;0;100;99;100;100;100;99;100;45;45;0;1.738;1.738;0.000;0.000;14.700;1.000;7.9;0.0;0;33;3.000;3.087;12.7;80;-10.0;0;0;0;0;0;99;0;0;1935;85.05;0;0;0;0;0;0;0;0;0;0;0;0;0;0;0;0;33;0;30.0;30.0;2;0;0.00;0.00;0.00;0.0;0.0
19.468;74;1355;30;40650;0.5;10.900;0.741;45;95;1;0;100;99;100;100;100;99;100;45;45;0;1.786;1.786;0.000;0.000;14.700;1.000;8.1;0.0;0;33;3.000;2.693;12.3;80;-10.0;0;0;0;0;0;99;0;0;1935;85.68;0;0;0;0;0;0;0;0;0;0;0;0;0;0;0;0;33;0;30.0;30.0;2;0;0.00;0.00;0.00;0.0;0.0
19.533;74;1360;30;40800;0.5;10.800;0.735;45;95;1;0;100;99;100;100;100;99;100;45;45;0;1.786;1.786;0.000;0.000;14.700;1.000;8.1;0.0;0;33;3.000;2.797;12.3;-40;-10.0;0;0;0;0;0;99;0;0;1935;85.37;0;0;0;0;0;0;0;0;0;0;0;0;0;0;0;0;33;0;30.0;30.0;2;0;0.00;0.00;0.00;0.0;0.0
19.598;74;1352;30;40560;0.5;10.600;0.721;45;95;1;0;100;99;100;100;100;99;100;45;45;0;1.786;1.786;0.000;0.000;14.700;1.000;8.0;0.0;0;33;3.000;2.757;12.3;-40;-10.0;0;0;0;0;0;99;0;0;1935;85.87;0;0;0;0;0;0;0;0;0;0;0;0;0;0;0;0;33;0;30.0;30.0;2;0;0.00;0.00;0.00;0.0;0.0
19.664;74;1356;30;40680;0.5;10.500;0.714;45;95;1;0;100;99;100;100;100;99;100;45;45;0;1.750;1.750;0.000;0.000;14.700;1.000;7.9;0.0;0;33;3.000;2.942;12.6;-70;-10.0;0;0;0;0;0;99;0;0;1935;85.62;0;0;0;0;0;0;0;0;0;0;0;0;0;0;0;0;33;0;30.0;30.0;2;0;0.00;0.00;0.00;0.0;0.0
19.734;74;1338;30;40140;0.5;11.000;0.748;45;95;1;0;100;99;100;100;100;99;100;45;45;0;1.750;1.750;0.000;0.000;14.700;1.000;7.8;0.0;0;33;3.000;2.683;12.6;-20;-10.0;0;0;0;0;0;99;0;0;1935;86.77;0;0;0;0;0;0;0;0;0;0;0;0;0;0;0;0;33;0;30.0;30.0;2;0;0.00;0.00;0.00;0.0;0.0
19.800;74;1351;30;40530;0.5;10.900;0.741;45;95;1;0;100;99;100;100;100;99;100;45;45;0;1.750;1.750;0.000;0.000;14.700;1.000;7.9;0.0;0;33;3.000;2.951;12.6;-20;-10.0;0;0;0;0;0;99;0;0;1935;85.94;0;0;0;0;0;0;0;0;0;0;0;0;0;0;0;0;33;0;30.0;30.0;2;0;0.00;0.00;0.00;0.0;0.0
19.868;74;1349;30;40470;0.5;10.700;0.728;45;95;1;0;100;99;100;100;100;99;100;45;45;0;1.750;1.750;0.000;0.000;14.700;1.000;7.9;0.0;0;33;3.000;2.860;12.6;-140;-10.0;0;0;0;0;0;99;0;0;1935;86.06;0;0;0;0;0;0;0;0;0;0;0;0;0;0;0;0;33;0;30.0;30.0;2;0;0.00;0.00;0.00;0.0;0.0
19.934;74;1353;30;40590;0.5;10.600;0.721;45;95;1;0;100;99;100;100;100;99;100;45;45;0;1.738;1.738;0.000;0.000;14.700;1.000;7.8;0.0;0;33;3.000;3.036;12.7;30;-10.0;0;0;0;0;0;99;0;0;1935;85.81;0;0;0;0;0;0;0;0;0;0;0;0;0;0;0;0;33;0;30.0;30.0;2;0;0.00;0.00;0.00;0.0;0.0
20.000;74;1344;30;40320;0.5;10.500;0.714;45;95;1;0;100;99;100;100;100;99;100;45;45;0;1.738;1.738;0.000;0.000;14.700;1.000;7.8;0.0;0;33;3.000;2.691;12.7;30;-10.0;0;0;0;0;0;99;0;0;1935;86.38;0;0;0;0;0;0;0;0;0;0;0;0;0;0;0;0;33;0;30.0;30.0;2;0;0.00;0.00;0.00;0.0;0.0
20.065;74;1356;30;40680;0.5;10.400;0.707;45;95;1;0;100;99;100;100;100;99;100;45;45;0;1.738;1.738;0.000;0.000;14.700;1.000;7.9;0.0;0;33;3.000;2.823;12.7;150;-10.0;0;0;0;0;0;99;0;0;1935;85.62;0;0;0;0;0;0;0;0;0;0;0;0;0;0;0;0;33;0;30.0;30.0;2;0;0.00;0.00;0.00;0.0;0.0
20.132;74;1357;30;40710;0.5;10.600;0.721;45;95;1;0;100;99;100;100;100;99;100;45;45;0;1.738;1.738;0.000;0.000;14.700;1.000;7.9;0.0;0;33;3.000;2.835;12.7;30;-10.0;0;0;0;0;0;99;0;0;1935;85.56;0;0;0;0;0;0;0;0;0;0;0;0;0;0;0;0;33;0;30.0;30.0;2;0;0.00;0.00;0.00;0.0;0.0
20.201;74;1363;30;40890;0.5;10.400;0.707;45;95;1;0;100;99;100;100;100;99;100;45;45;0;1.714;1.714;0.000;0.000;14.700;1.000;7.8;0.0;0;33;3.000;3.025;12.9;30;-10.0;0;0;0;0;0;99;0;0;1935;85.18;0;0;0;0;0;0;0;0;0;0;0;0;0;0;0;0;33;0;30.0;30.0;2;0;0.00;0.00;0.00;0.0;0.0
20.267;74;1358;30;40740;0.5;10.500;0.714;45;95;1;0;100;99;100;100;100;99;100;45;45;0;1.714;1.714;0.000;0.000;14.700;1.000;7.8;0.0;0;33;3.000;2.746;12.9;30;-10.0;0;0;0;0;0;99;0;0;1935;85.49;0;0;0;0;0;0;0;0;0;0;0;0;0;0;0;0;33;0;30.0;30.0;2;0;0.00;0.00;0.00;0.0;0.0
20.338;74;1352;30;40560;0.5;10.300;0.701;45;95;1;0;100;99;100;100;100;99;100;45;45;0;1.714;1.714;0.000;0.000;14.700;1.000;7.7;0.0;0;33;3.000;2.968;12.9;50;-10.0;0;0;0;0;0;99;0;0;1935;85.87;0;0;0;0;0;0;0;0;0;0;0;0;0;0;0;0;33;0;30.0;30.0;2;0;0.00;0.00;0.00;0.0;0.0
20.402;74;1354;30;40620;0.5;10.300;0.701;45;95;1;0;100;99;100;100;100;99;100;45;45;0;1.714;1.714;0.000;0.000;14.700;1.000;7.7;0.0;0;33;3.000;2.790;12.9;50;-10.0;0;0;0;0;0;99;0;0;1935;85.75;0;0;0;0;0;0;0;0;0;0;0;0;0;0;0;0;33;0;30.0;30.0;2;0;0.00;0.00;0.00;0.0;0.0
20.470;75;1356;30;40680;0.5;10.400;0.707;45;95;1;0;100;99;100;100;100;99;100;45;45;0;1.750;1.750;0.000;0.000;14.700;1.000;7.9;0.0;0;33;3.000;2.807;12.6;-130;-10.0;0;0;0;0;0;99;0;0;1928;85.31;0;0;0;0;0;0;0;0;0;0;0;0;0;0;0;0;33;0;30.0;30.0;2;0;0.00;0.00;0.00;0.0;0.0
20.537;75;1345;30;40350;0.5;10.400;0.707;45;95;1;0;100;99;100;100;100;99;100;45;45;0;1.750;1.750;0.000;0.000;14.700;1.000;7.8;0.0;0;33;3.000;2.662;12.6;-170;-10.0;0;0;0;0;0;99;0;0;1928;86.01;0;0;0;0;0;0;0;0;0;0;0;0;0;0;0;0;33;0;30.0;30.0;2;0;0.00;0.00;0.00;0.0;0.0
20.602;75;1347;30;40410;0.5;10.300;0.701;45;95;1;0;100;99;100;100;100;99;100;45;45;0;1.750;1.750;0.000;0.000;14.700;1.000;7.9;0.0;0;33;3.000;2.906;12.6;-170;-10.0;0;0;0;0;0;99;0;0;1928;85.88;0;0;0;0;0;0;0;0;0;0;0;0;0;0;0;0;33;0;30.0;30.0;2;0;0.00;0.00;0.00;0.0;0.0
20.668;75;1349;30;40470;0.5;10.200;0.694;45;95;1;0;100;99;100;100;100;99;100;45;45;0;1.750;1.750;0.000;0.000;14.700;1.000;7.9;0.0;0;33;3.000;2.843;12.6;20;-10.0;0;0;0;0;0;99;0;0;1928;85.75;0;0;0;0;0;0;0;0;0;0;0;0;0;0;0;0;33;0;30.0;30.0;2;0;0.00;0.00;0.00;0.0;0.0
20.732;75;1344;30;40320;0.5;10.400;0.707;45;95;1;0;100;99;100;100;100;99;100;45;45;0;1.714;1.714;0.000;0.000;14.700;1.000;7.7;0.0;0;33;3.000;2.927;12.9;50;-10.0;0;0;0;0;0;99;0;0;1928;86.07;0;0;0;0;0;0;0;0;0;0;0;0;0;0;0;0;33;0;30.0;30.0;2;0;0.00;0.00;0.00;0.0;0.0
20.798;75;1333;30;39990;0.5;10.500;0.714;45;95;1;0;100;99;100;100;100;99;100;45;45;0;1.714;1.714;0.000;0.000;14.700;1.000;7.6;0.0;0;33;3.000;2.728;12.9;50;-10.0;0;0;0;0;0;99;0;0;1928;86.78;0;0;0;0;0;0;0;0;0;0;0;0;0;0;0;0;33;0;30.0;30.0;2;0;0.00;0.00;0.00;0.0;0.0
20.868;75;1338;30;40140;0.5;10.600;0.721;45;95;1;0;100;99;100;100;100;99;100;45;45;0;1.714;1.714;0.000;0.000;14.700;1.000;7.6;0.0;0;33;3.000;2.863;12.9;-10;-10.0;0;0;0;0;0;99;0;0;1928;86.46;0;0;0;0;0;0;0;0;0;0;0;0;0;0;0;0;33;0;30.0;30.0;2;0;0.00;0.00;0.00;0.0;0.0
20.935;75;1339;30;40170;0.5;10.500;0.714;45;95;1;0;100;99;100;100;100;99;100;45;45;0;1.714;1.714;0.000;0.000;14.700;1.000;7.7;0.0;0;33;3.000;2.850;12.9;-40;-10.0;0;0;0;0;0;99;0;0;1928;86.39;0;0;0;0;0;0;0;0;0;0;0;0;0;0;0;0;33;0;30.0;30.0;2;0;0.00;0.00;0.00;0.0;0.0
21.003;75;1340;30;40200;0.5;10.400;0.707;45;95;1;0;100;99;100;100;100;99;100;45;45;0;1.714;1.714;0.000;0.000;14.700;1.000;7.7;0.0;0;33;3.000;2.971;12.9;-40;-10.0;0;0;0;0;0;99;0;0;1928;86.33;0;0;0;0;0;0;0;0;0;0;0;0;0;0;0;0;33;0;30.0;30.0;2;0;0.00;0.00;0.00;0.0;0.0
21.068;75;1327;30;39810;0.5;10.500;0.714;45;95;1;0;100;99;100;100;100;99;100;45;45;0;1.714;1.714;0.000;0.000;14.700;1.000;7.6;0.0;0;33;3.000;2.775;12.9;-30;-10.0;0;0;0;0;0;99;0;0;1928;87.17;0;0;0;0;0;0;0;0;0;0;0;0;0;0;0;0;33;0;30.0;30.0;2;0;0.00;0.00;0.00;0.0;0.0
21.135;75;1340;30;40200;0.5;10.500;0.714;45;95;1;0;100;99;100;100;100;99;100;45;45;0;1.714;1.714;0.000;0.000;14.700;1.000;7.7;0.0;0;33;3.000;2.956;12.9;40;-10.0;0;0;0;0;0;99;0;0;1928;86.33;0;0;0;0;0;0;0;0;0;0;0;0;0;0;0;0;33;0;30.0;30.0;2;0;0.00;0.00;0.00;0.0;0.0
21.199;75;1337;30;40110;0.5;10.600;0.721;45;95;1;0;100;99;100;100;100;99;100;45;45;0;1.750;1.750;0.000;0.000;14.700;1.000;7.8;0.0;0;33;3.000;2.873;12.6;40;-10.0;0;0;0;0;0;99;0;0;1928;86.52;0;0;0;0;0;0;0;0;0;0;0;0;0;0;0;0;33;0;30.0;30.0;2;0;0.00;0.00;0.00;0.0;0.0
21.270;75;1339;30;40170;0.5;10.600;0.721;45;95;1;0;100;99;100;100;100;99;100;45;45;0;1.750;1.750;0.000;0.000;14.700;1.000;7.8;0.0;0;33;3.000;3.048;12.6;-130;-10.0;0;0;0;0;0;99;0;0;1928;86.39;0;0;0;0;0;0;0;0;0;0;0;0;0;0;0;0;33;0;30.0;30.0;2;0;0.00;0.00;0.00;0.0;0.0
21.335;75;1334;30;40020;0.5;10.600;0.721;45;95;1;0;100;99;100;100;100;99;100;45;45;0;1.750;1.750;0.000;0.000;14.700;1.000;7.8;0.0;0;33;3.000;2.831;12.6;70;-10.0;0;0;0;0;0;99;0;0;1928;86.72;0;0;0;0;0;0;0;0;0;0;0;0;0;0;0;0;33;0;30.0;30.0;2;0;0.00;0.00;0.00;0.0;0.0
21.401;75;1345;30;40350;0.5;10.500;0.714;45;95;1;0;100;99;100;100;100;99;100;45;45;0;1.750;1.750;0.000;0.000;14.700;1.000;7.8;0.0;0;33;3.000;2.938;12.6;70;-10.0;0;0;0;0;0;99;0;0;1928;86.01;0;0;0;0;0;0;0;0;0;0;0;0;0;0;0;0;33;0;30.0;30.0;2;0;0.00;0.00;0.00;0.0;0.0
21.466;76;1343;30;40290;0.5;10.600;0.721;45;95;1;0;100;99;100;100;100;99;100;45;45;0;1.738;1.738;0.000;0.000;14.700;1.000;7.8;0.0;0;33;3.000;2.838;12.7;120;-10.0;0;0;0;0;0;99;0;0;1935;86.45;0;0;0;0;0;0;0;0;0;0;0;0;0;0;0;0;33;0;30.0;30.0;2;0;0.00;0.00;0.00;0.0;0.0
21.466;76;1349;30;40470;0.5;10.500;0.714;45;95;1;0;100;99;100;100;100;99;100;45;45;0;1.738;1.738;0.000;0.000;14.700;1.000;7.8;0.0;0;33;3.000;2.995;12.7;120;-10.0;0;0;0;0;0;99;0;0;1935;86.06;0;0;0;0;0;0;0;0;0;0;0;0;0;0;0;0;33;0;30.0;30.0;2;0;0.00;0.00;0.00;0.0;0.0
21.602;76;1343;30;40290;0.5;10.400;0.707;45;95;1;0;100;99;100;100;100;99;100;45;45;0;1.738;1.738;0.000;0.000;14.700;1.000;7.8;0.0;0;33;3.000;2.709;12.7;30;-10.0;0;0;0;0;0;99;0;0;1935;86.45;0;0;0;0;0;0;0;0;0;0;0;0;0;0;0;0;33;0;30.0;30.0;2;0;0.00;0.00;0.00;0.0;0.0
21.602;76;1345;30;40350;0.5;10.200;0.694;45;95;1;0;100;99;100;100;100;99;100;45;45;0;1.738;1.738;0.000;0.000;14.700;1.000;7.8;0.0;0;33;3.000;2.791;12.7;-20;-10.0;0;0;0;0;0;99;0;0;1935;86.32;0;0;0;0;0;0;0;0;0;0;0;0;0;0;0;0;33;0;30.0;30.0;2;0;0.00;0.00;0.00;0.0;0.0
21.737;76;1338;30;40140;0.5;10.400;0.707;45;95;1;0;100;99;100;100;100;99;100;45;45;0;1.738;1.738;0.000;0.000;14.700;1.000;7.8;0.0;0;33;3.000;2.882;12.7;-20;-10.0;0;0;0;0;0;99;0;0;1935;86.77;0;0;0;0;0;0;0;0;0;0;0;0;0;0;0;0;33;0;30.0;30.0;2;0;0.00;0.00;0.00;0.0;0.0
21.804;76;1346;30;40380;0.5;10.500;0.714;45;95;1;0;100;99;100;100;100;99;100;45;45;0;1.738;1.738;0.000;0.000;14.700;1.000;7.8;0.0;0;33;3.000;2.951;12.7;-90;-10.0;0;0;0;0;0;99;0;0;1935;86.26;0;0;0;0;0;0;0;0;0;0;0;0;0;0;0;0;33;0;30.0;30.0;2;0;0.00;0.00;0.00;0.0;0.0
21.871;76;1336;30;40080;0.5;10.500;0.714;45;95;1;0;100;99;100;100;100;99;100;45;45;0;1.738;1.738;0.000;0.000;14.700;1.000;7.7;0.0;0;33;3.000;2.804;12.7;80;-10.0;0;0;0;0;0;99;0;0;1935;86.90;0;0;0;0;0;0;0;0;0;0;0;0;0;0;0;0;33;0;30.0;30.0;2;0;0.00;0.00;0.00;0.0;0.0
21.937;76;1342;30;40260;0.5;10.600;0.721;45;95;1;0;100;99;100;100;100;99;100;45;45;0;1.738;1.738;0.000;0.000;14.700;1.000;7.8;0.0;0;33;3.000;2.889;12.7;80;-10.0;0;0;0;0;0;99;0;0;1935;86.51;0;0;0;0;0;0;0;0;0;0;0;0;0;0;0;0;33;0;30.0;30.0;2;0;0.00;0.00;0.00;0.0;0.0
22.003;76;1343;30;40290;0.5;10.400;0.707;45;95;1;0;100;99;100;100;100;99;100;45;45;0;1.834;1.834;0.000;0.000;14.700;1.000;8.2;0.0;0;33;3.030;2.869;12.0;-40;-10.0;0;0;0;0;0;99;0;0;1935;86.45;0;0;0;0;0;0;0;0;0;0;0;0;0;0;0;0;33;0;30.0;30.0;2;0;0.00;0.00;0.00;0.0;0.0
22.068;76;1340;30;40200;0.5;10.300;0.701;45;95;1;0;100;99;100;100;100;99;100;45;45;0;1.834;1.834;0.000;0.000;14.700;1.000;8.2;0.0;0;33;3.030;2.920;12.0;-100;-10.0;0;0;0;0;0;99;0;0;1935;86.64;0;0;0;0;0;0;0;0;0;0;0;0;0;0;0;0;33;0;30.0;30.0;2;0;0.00;0.00;0.00;0.0;0.0
22.135;76;1329;30;39870;0.5;10.500;0.714;45;95;1;0;100;99;100;100;100;99;100;45;45;0;1.834;1.834;0.000;0.000;14.700;1.000;8.1;0.0;0;33;3.030;2.784;12.0;-100;-10.0;0;0;0;0;0;99;0;0;1935;87.36;0;0;0;0;0;0;0;0;0;0;0;0;0;0;0;0;33;0;30.0;30.0;2;0;0.00;0.00;0.00;0.0;0.0
22.203;76;1342;30;40260;0.5;10.400;0.707;45;95;1;0;100;99;100;100;100;99;100;45;45;0;1.774;1.774;0.000;0.000;14.700;1.000;7.9;0.0;0;33;3.000;2.905;12.4;-30;-10.0;0;0;0;0;0;99;0;0;1935;86.51;0;0;0;0;0;0;0;0;0;0;0;0;0;0;0;0;33;0;30.0;30.0;2;0;0.00;0.00;0.00;0.0;0.0
22.270;76;1342;30;40260;0.5;10.600;0.721;45;95;1;0;100;99;100;100;100;99;100;45;45;0;1.774;1.774;0.000;0.000;14.700;1.000;7.9;0.0;0;33;3.000;2.877;12.4;150;-10.0;0;0;0;0;0;99;0;0;1935;86.51;0;0;0;0;0;0;0;0;0;0;0;0;0;0;0;0;33;0;30.0;30.0;2;0;0.00;0.00;0.00;0.0;0.0
22.334;76;1351;30;40530;0.5;10.600;0.721;45;95;1;0;100;99;100;100;100;99;100;45;45;0;1.774;1.774;0.000;0.000;14.700;1.000;8.0;0.0;0;33;3.000;3.052;12.4;150;-10.0;0;0;0;0;0;99;0;0;1935;85.94;0;0;0;0;0;0;0;0;0;0;0;0;0;0;0;0;33;0;30.0;30.0;2;0;0.00;0.00;0.00;0.0;0.0
22.399;76;1344;30;40320;0.5;10.600;0.721;45;95;1;0;100;99;100;100;100;99;100;45;45;0;1.774;1.774;0.000;0.000;14.700;1.000;7.9;0.0;0;33;3.000;2.716;12.4;60;-10.0;0;0;0;0;0;99;0;0;1935;86.38;0;0;0;0;0;0;0;0;0;0;0;0;0;0;0;0;33;0;30.0;30.0;2;0;0.00;0.00;0.00;0.0;0.0
22.467;77;1351;30;40530;0.5;10.700;0.728;45;95;1;0;100;99;100;100;100;99;100;45;45;0;1.726;1.726;0.000;0.000;14.700;1.000;7.8;0.0;0;33;3.000;2.827;12.8;0;-10.0;0;0;0;0;0;99;0;0;1920;85.27;0;0;0;0;0;0;0;0;0;0;0;0;0;0;0;0;33;0;30.0;30.0;2;0;0.00;0.00;0.00;0.0;0.0
22.536;77;1360;30;40800;0.5;10.700;0.728;45;95;1;0;100;99;100;100;100;99;100;45;45;0;1.726;1.726;0.000;0.000;14.700;1.000;7.8;0.0;0;33;3.000;2.908;12.8;0;-10.0;0;0;0;0;0;99;0;0;1920;84.71;0;0;0;0;0;0;0;0;0;0;0;0;0;0;0;0;33;0;30.0;30.0;2;0;0.00;0.00;0.00;0.0;0.0
22.601;77;1360;30;40800;0.5;10.500;0.714;45;95;1;0;100;99;100;100;100;99;100;45;45;0;1.726;1.726;0.000;0.000;14.700;1.000;7.8;0.0;0;33;3.000;2.860;12.8;140;-10.0;0;0;0;0;0;99;0;0;1920;84.71;0;0;0;0;0;0;0;0;0;0;0;0;0;0;0;0;33;0;30.0;30.0;2;0;0.00;0.00;0.00;0.0;0.0
22.668;77;1350;30;40500;0.5;10.400;0.707;45;95;1;0;100;99;100;100;100;99;100;45;45;0;1.726;1.726;0.000;0.000;14.700;1.000;7.8;0.0;0;33;3.000;2.738;12.8;-30;-10.0;0;0;0;0;0;99;0;0;1920;85.33;0;0;0;0;0;0;0;0;0;0;0;0;0;0;0;0;33;0;30.0;30.0;2;0;0.00;0.00;0.00;0.0;0.0
22.736;77;1371;30;41130;0.5;10.400;0.707;45;95;1;0;100;99;100;100;100;99;100;45;45;0;1.690;1.690;0.000;0.000;14.700;1.000;7.7;0.0;0;33;3.000;2.997;13.1;-30;-10.0;0;0;0;0;0;99;0;0;1920;84.03;0;0;0;0;0;0;0;0;0;0;0;0;0;0;0;0;33;0;30.0;30.0;2;0;0.00;0.00;0.00;0.0;0.0
22.802;77;1374;30;41220;0.5;10.500;0.714;45;95;1;0;100;99;100;100;100;99;100;45;45;0;1.690;1.690;0.000;0.000;14.700;1.000;7.7;0.0;0;33;3.000;2.916;13.1;-10;-10.0;0;0;0;0;0;99;0;0;1920;83.84;0;0;0;0;0;0;0;0;0;0;0;0;0;0;0;0;33;0;30.0;30.0;2;0;0.00;0.00;0.00;0.0;0.0
22.873;77;1375;30;41250;0.5;10.400;0.707;45;95;1;0;100;99;100;100;100;99;100;45;45;0;1.690;1.690;0.000;0.000;14.700;1.000;7.7;0.0;0;33;3.000;2.989;13.1;150;-10.0;0;0;0;0;0;99;0;0;1920;83.78;0;0;0;0;0;0;0;0;0;0;0;0;0;0;0;0;33;0;30.0;30.0;2;0;0.00;0.00;0.00;0.0;0.0
22.937;77;1370;30;41100;0.5;10.300;0.701;45;95;1;0;100;99;100;100;100;99;100;45;45;0;1.690;1.690;0.000;0.000;14.700;1.000;7.7;0.0;0;33;3.000;2.808;13.1;150;-10.0;0;0;0;0;0;99;0;0;1920;84.09;0;0;0;0;0;0;0;0;0;0;0;0;0;0;0;0;33;0;30.0;30.0;2;0;0.00;0.00;0.00;0.0;0.0
23.003;77;1381;30;41430;0.5;10.600;0.721;45;95;1;0;100;99;100;100;100;99;100;45;45;0;1.726;1.726;0.000;0.000;14.700;1.000;7.9;0.0;0;33;3.000;2.924;12.8;80;-10.0;0;0;0;0;0;99;0;0;1920;83.42;0;0;0;0;0;0;0;0;0;0;0;0;0;0;0;0;33;0;30.0;30.0;2;0;0.00;0.00;0.00;0.0;0.0
23.072;77;1378;30;41340;0.5;10.600;0.721;45;95;1;0;100;99;100;100;100;99;100;45;45;0;1.726;1.726;0.000;0.000;14.700;1.000;7.9;0.0;0;33;3.000;2.870;12.8;-50;-10.0;0;0;0;0;0;99;0;0;1920;83.60;0;0;0;0;0;0;0;0;0;0;0;0;0;0;0;0;33;0;30.0;30.0;2;0;0.00;0.00;0.00;0.0;0.0
23.138;77;1389;30;41670;0.5;10.400;0.707;45;95;1;0;100;99;100;100;100;99;100;45;45;0;1.726;1.726;0.000;0.000;14.700;1.000;8.0;0.0;0;33;3.000;3.064;12.8;-50;-10.0;0;0;0;0;0;99;0;0;1920;82.94;0;0;0;0;0;0;0;0;0;0;0;0;0;0;0;0;33;0;30.0;30.0;2;0;0.00;0.00;0.00;0.0;0.0
23.202;77;1384;29;40136;0.5;10.500;0.714;45;95;1;0;100;99;100;100;100;99;100;44;44;0;1.708;1.708;0.000;0.000;14.700;1.000;7.9;0.0;0;33;3.000;2.793;12.8;150;-10.2;0;0;0;0;0;99;0;0;1920;83.24;0;0;0;0;0;0;0;0;0;0;0;0;0;0;0;0;33;0;29.0;29.0;2;0;0.00;0.00;0.00;0.0;0.0
23.268;77;1383;29;40107;0.5;10.500;0.714;45;95;1;0;100;99;100;100;100;99;100;45;45;0;1.706;1.706;0.000;0.000;14.700;1.000;7.9;0.0;0;33;3.000;2.936;12.9;40;-10.2;0;0;0;0;0;99;0;0;1920;83.30;0;0;0;0;0;0;0;0;0;0;0;0;0;0;0;0;33;0;29.0;29.0;2;0;0.00;0.00;0.00;0.0;0.0
23.334;77;1394;29;40426;0.5;10.400;0.707;45;95;1;0;100;99;100;100;100;99;100;44;44;0;1.696;1.696;0.000;0.000;14.700;1.000;7.9;0.0;0;33;3.000;2.858;12.9;40;-10.2;0;0;0;0;0;99;0;0;1920;82.64;0;0;0;0;0;0;0;0;0;0;0;0;0;0;0;0;33;0;29.0;29.0;2;0;0.00;0.00;0.00;0.0;0.0
23.399;77;1390;30;41700;0.5;10.600;0.721;45;95;1;0;100;99;100;100;100;99;100;45;45;0;1.714;1.714;0.000;0.000;14.700;1.000;7.9;0.0;0;33;3.000;2.826;12.9;-170;-10.0;0;0;0;0;0;99;0;0;1920;82.88;0;0;0;0;0;0;0;0;0;0;0;0;0;0;0;0;33;0;30.0;30.0;2;0;0.00;0.00;0.00;0.0;0.0
23.465;77;1391;29;40339;0.5;10.500;0.714;45;95;1;0;100;99;100;100;100;99;100;44;44;0;1.696;1.696;0.000;0.000;14.700;1.000;7.9;0.0;0;33;3.000;2.916;12.9;110;-10.2;0;0;0;0;0;99;0;0;1935;83.47;0;0;0;0;0;0;0;0;0;0;0;0;0;0;0;0;33;0;29.0;29.0;2;0;0.00;0.00;0.00;0.0;0.0
23.535;78;1377;29;39933;0.5;10.500;0.714;45;95;1;0;100;99;100;100;100;99;100;44;44;0;1.684;1.684;0.000;0.000;14.700;1.000;7.7;0.0;0;33;3.000;2.680;13.0;110;-10.2;0;0;0;0;0;99;0;0;1935;84.31;0;0;0;0;0;0;0;0;0;0;0;0;0;0;0;0;33;0;29.0;29.0;2;0;0.00;0.00;0.00;0.0;0.0
23.601;78;1381;29;40049;0.5;10.400;0.707;45;95;1;0;100;99;100;100;100;99;100;44;44;0;1.684;1.684;0.000;0.000;14.700;1.000;7.8;0.0;0;33;3.000;2.782;13.0;-80;-10.2;0;0;0;0;0;99;0;0;1935;84.07;0;0;0;0;0;0;0;0;0;0;0;0;0;0;0;0;33;0;29.0;29.0;2;0;0.00;0.00;0.00;0.0;0.0
23.669;78;1386;30;41580;0.5;10.600;0.721;45;95;1;0;100;99;100;100;100;99;100;45;45;0;1.702;1.702;0.000;0.000;14.700;1.000;7.9;0.0;0;33;3.000;2.890;13.0;-80;-10.0;0;0;0;0;0;99;0;0;1935;83.77;0;0;0;0;0;0;0;0;0;0;0;0;0;0;0;0;33;0;30.0;30.0;2;0;0.00;0.00;0.00;0.0;0.0
23.736;78;1388;30;41640;0.5;10.400;0.707;45;95;1;0;100;99;100;100;100;99;100;45;45;0;1.702;1.702;0.000;0.000;14.700;1.000;7.9;0.0;0;33;3.000;3.033;13.0;30;-10.0;0;0;0;0;0;99;0;0;1935;83.65;0;0;0;0;0;0;0;0;0;0;0;0;0;0;0;0;33;0;30.0;30.0;2;0;0.00;0.00;0.00;0.0;0.0
23.801;78;1374;29;39846;0.5;10.400;0.707;45;95;1;0;100;99;100;100;100;99;100;44;44;0;1.684;1.684;0.000;0.000;14.700;1.000;7.7;0.0;0;33;3.000;2.738;13.0;30;-10.2;0;0;0;0;0;99;0;0;1935;84.50;0;0;0;0;0;0;0;0;0;0;0;0;0;0;0;0;33;0;29.0;29.0;2;0;0.00;0.00;0.00;0.0;0.0
23.866;78;1379;29;39991;0.5;10.500;0.714;45;95;1;0;100;99;100;100;100;99;100;44;44;0;1.684;1.684;0.000;0.000;14.700;1.000;7.7;0.0;0;34;3.000;2.985;13.0;30;-10.2;0;0;0;0;0;99;0;0;1935;84.19;0;0;0;0;0;0;0;0;0;0;0;0;0;0;0;0;34;0;29.0;29.0;2;0;0.00;0.00;0.00;0.0;0.0
23.932;78;1379;30;41370;0.5;10.600;0.721;45;95;1;0;100;99;100;100;100;99;100;45;45;0;1.702;1.702;0.000;0.000;14.700;1.000;7.8;0.0;0;33;3.000;2.823;13.0;-100;-10.0;0;0;0;0;0;99;0;0;1935;84.19;0;0;0;0;0;0;0;0;0;0;0;0;0;0;0;0;33;0;30.0;30.0;2;0;0.00;0.00;0.00;0.0;0.0
23.998;78;1379;30;41370;0.5;10.500;0.714;45;95;1;0;100;99;100;100;100;99;100;45;45;0;1.702;1.702;0.000;0.000;14.700;1.000;7.8;0.0;0;33;3.000;3.010;13.0;-110;-10.0;0;0;0;0;0;99;0;0;1935;84.19;0;0;0;0;0;0;0;0;0;0;0;0;0;0;0;0;33;0;30.0;30.0;2;0;0.00;0.00;0.00;0.0;0.0
24.069;78;1366;29;39614;0.5;10.500;0.714;45;95;1;0;100;99;100;100;100;99;100;44;44;0;1.684;1.684;0.000;0.000;14.700;1.000;7.7;0.0;0;33;3.000;2.815;13.0;-110;-10.2;0;0;0;0;0;99;0;0;1935;84.99;0;0;0;0;0;0;0;0;0;0;0;0;0;0;0;0;33;0;29.0;29.0;2;0;0.00;0.00;0.00;0.0;0.0
24.137;78;1362;30;40860;0.5;10.500;0.714;45;95;1;0;100;99;100;100;100;99;100;45;45;0;1.702;1.702;0.000;0.000;14.700;1.000;7.7;0.0;0;33;3.000;2.917;13.0;110;-10.0;0;0;0;0;0;99;0;0;1935;85.24;0;0;0;0;0;0;0;0;0;0;0;0;0;0;0;0;33;0;30.0;30.0;2;0;0.00;0.00;0.00;0.0;0.0
24.203;78;1380;29;40020;0.5;10.600;0.721;45;95;1;0;100;99;100;100;100;99;100;44;44;0;1.684;1.684;0.000;0.000;14.700;1.000;7.7;0.0;0;34;3.000;2.914;13.0;-20;-10.2;0;0;0;0;0;99;0;0;1935;84.13;0;0;0;0;0;0;0;0;0;0;0;0;0;0;0;0;34;0;29.0;29.0;2;0;0.00;0.00;0.00;0.0;0.0
24.268;78;1370;30;41100;0.5;10.600;0.721;45;95;1;0;100;99;100;100;100;99;100;45;45;0;1.702;1.702;0.000;0.000;14.700;1.000;7.8;0.0;0;33;3.000;3.061;13.0;-20;-10.0;0;0;0;0;0;99;0;0;1935;84.74;0;0;0;0;0;0;0;0;0;0;0;0;0;0;0;0;33;0;30.0;30.0;2;0;0.00;0.00;0.00;0.0;0.0
24.334;78;1379;28;38612;0.5;10.500;0.714;45;95;1;0;100;99;100;100;100;99;100;44;44;0;1.677;1.677;0.000;0.000;14.700;1.000;7.7;0.0;0;33;3.000;2.819;13.0;-70;-10.3;0;0;0;0;0;99;0;0;1935;84.19;0;0;0;0;0;0;0;0;0;0;0;0;0;0;0;0;33;0;28.0;28.0;2;0;0.00;0.00;0.00;0.0;0.0
24.399;78;1372;30;41160;0.5;10.600;0.721;45;95;1;0;100;99;100;100;100;99;100;45;45;0;1.702;1.702;0.000;0.000;14.700;1.000;7.8;0.0;0;33;3.000;2.823;13.0;120;-10.0;0;0;0;0;0;99;0;0;1935;84.62;0;0;0;0;0;0;0;0;0;0;0;0;0;0;0;0;33;0;30.0;30.0;2;0;0.00;0.00;0.00;0.0;0.0
24.465;78;1381;29;40049;0.5;10.500;0.714;45;95;1;0;100;99;100;100;100;99;100;44;44;0;1.684;1.684;0.000;0.000;14.700;1.000;7.8;0.0;0;33;3.000;2.802;13.0;120;-10.2;0;0;0;0;0;99;0;0;1935;84.07;0;0;0;0;0;0;0;0;0;0;0;0;0;0;0;0;33;0;29.0;29.0;2;0;0.00;0.00;0.00;0.0;0.0
24.534;79;1374;30;41220;0.5;10.500;0.714;45;95;1;0;100;99;100;100;100;99;100;45;45;0;1.690;1.690;0.000;0.000;14.700;1.000;7.7;0.0;0;33;3.000;2.903;13.1;-10;-10.0;0;0;0;0;0;99;0;0;1923;83.97;0;0;0;0;0;0;0;0;0;0;0;0;0;0;0;0;33;0;30.0;30.0;2;0;0.00;0.00;0.00;0.0;0.0
24.599;79;1370;29;39730;0.5;10.600;0.721;45;95;1;0;100;99;100;100;100;99;100;44;44;0;1.672;1.672;0.000;0.000;14.700;1.000;7.6;0.0;0;33;3.000;3.056;13.1;-200;-10.2;0;0;0;0;0;99;0;0;1923;84.22;0;0;0;0;0;0;0;0;0;0;0;0;0;0;0;0;33;0;29.0;29.0;2;0;0.00;0.00;0.00;0.0;0.0
24.666;79;1364;30;40920;0.5;10.400;0.707;45;95;1;0;100;99;100;100;100;99;100;45;45;0;1.690;1.690;0.000;0.000;14.700;1.000;7.7;0.0;0;33;3.000;2.896;13.1;-200;-10.0;0;0;0;0;0;99;0;0;1923;84.59;0;0;0;0;0;0;0;0;0;0;0;0;0;0;0;0;33;0;30.0;30.0;2;0;0.00;0.00;0.00;0.0;0.0
24.735;79;1374;30;41220;0.5;10.600;0.721;45;95;1;0;100;99;100;100;100;99;100;45;45;0;1.690;1.690;0.000;0.000;14.700;1.000;7.7;0.0;0;33;3.000;2.962;13.1;140;-10.0;0;0;0;0;0;99;0;0;1923;83.97;0;0;0;0;0;0;0;0;0;0;0;0;0;0;0;0;33;0;30.0;30.0;2;0;0.00;0.00;0.00;0.0;0.0
24.801;79;1369;30;41070;0.5;10.500;0.714;45;95;1;0;100;99;100;100;100;99;100;45;45;0;1.690;1.690;0.000;0.000;14.700;1.000;7.7;0.0;0;33;3.000;2.874;13.1;-20;-10.0;0;0;0;0;0;99;0;0;1923;84.28;0;0;0;0;0;0;0;0;0;0;0;0;0;0;0;0;33;0;30.0;30.0;2;0;0.00;0.00;0.00;0.0;0.0
24.870;79;1367;30;41010;0.5;10.500;0.714;45;95;1;0;100;99;100;100;100;99;100;45;45;0;1.690;1.690;0.000;0.000;14.700;1.000;7.7;0.0;0;33;3.000;3.093;13.1;-20;-10.0;0;0;0;0;0;99;0;0;1923;84.40;0;0;0;0;0;0;0;0;0;0;0;0;0;0;0;0;33;0;30.0;30.0;2;0;0.00;0.00;0.00;0.0;0.0
24.935;79;1364;30;40920;0.5;10.300;0.701;45;95;1;0;100;99;100;100;100;99;100;45;45;0;1.690;1.690;0.000;0.000;14.700;1.000;7.7;0.0;0;33;3.000;2.842;13.1;-60;-10.0;0;0;0;0;0;99;0;0;1923;84.59;0;0;0;0;0;0;0;0;0;0;0;0;0;0;0;0;33;0;30.0;30.0;2;0;0.00;0.00;0.00;0.0;0.0
25.001;79;1379;30;41370;0.5;10.600;0.721;45;95;1;0;100;99;100;100;100;99;100;45;45;0;1.678;1.678;0.000;0.000;14.700;1.000;7.7;0.0;0;33;3.000;2.951;13.2;120;-10.0;0;0;0;0;0;99;0;0;1923;83.67;0;0;0;0;0;0;0;0;0;0;0;0;0;0;0;0;33;0;30.0;30.0;2;0;0.00;0.00;0.00;0.0;0.0
25.070;79;1372;30;41160;0.5;10.400;0.707;45;95;1;0;100;99;100;100;100;99;100;45;45;0;1.678;1.678;0.000;0.000;14.700;1.000;7.7;0.0;0;33;3.000;2.929;13.2;120;-10.0;0;0;0;0;0;99;0;0;1923;84.10;0;0;0;0;0;0;0;0;0;0;0;0;0;0;0;0;33;0;30.0;30.0;2;0;0.00;0.00;0.00;0.0;0.0
25.135;79;1374;30;41220;0.5;10.400;0.707;45;95;1;0;100;99;100;100;100;99;100;45;45;0;1.678;1.678;0.000;0.000;14.700;1.000;7.7;0.0;0;33;3.000;2.972;13.2;-30;-10.0;0;0;0;0;0;99;0;0;1923;83.97;0;0;0;0;0;0;0;0;0;0;0;0;0;0;0;0;33;0;30.0;30.0;2;0;0.00;0.00;0.00;0.0;0.0
25.201;79;1364;30;40920;0.5;10.400;0.707;45;95;1;0;100;99;100;100;100;99;100;45;45;0;1.678;1.678;0.000;0.000;14.700;1.000;7.6;0.0;0;33;3.000;2.894;13.2;-120;-10.0;0;0;0;0;0;99;0;0;1923;84.59;0;0;0;0;0;0;0;0;0;0;0;0;0;0;0;0;33;0;30.0;30.0;2;0;0.00;0.00;0.00;0.0;0.0
25.266;79;1374;30;41220;0.5;10.500;0.714;45;95;1;0;100;99;100;100;100;99;100;45;45;0;1.714;1.714;0.000;0.000;14.700;1.000;7.9;0.0;0;33;3.000;2.970;12.9;-120;-10.0;0;0;0;0;0;99;0;0;1923;83.97;0;0;0;0;0;0;0;0;0;0;0;0;0;0;0;0;33;0;30.0;30.0;2;0;0.00;0.00;0.00;0.0;0.0
25.333;79;1368;30;41040;0.5;10.400;0.707;45;95;1;0;100;99;100;100;100;99;100;45;45;0;1.714;1.714;0.000;0.000;14.700;1.000;7.8;0.0;0;33;3.000;2.869;12.9;80;-10.0;0;0;0;0;0;99;0;0;1923;84.34;0;0;0;0;0;0;0;0;0;0;0;0;0;0;0;0;33;0;30.0;30.0;2;0;0.00;0.00;0.00;0.0;0.0
25.398;79;1378;30;41340;0.5;10.400;0.707;45;95;1;0;100;99;100;100;100;99;100;45;45;0;1.714;1.714;0.000;0.000;14.700;1.000;7.9;0.0;0;33;3.000;3.087;12.9;60;-10.0;0;0;0;0;0;99;0;0;1923;83.73;0;0;0;0;0;0;0;0;0;0;0;0;0;0;0;0;33;0;30.0;30.0;2;0;0.00;0.00;0.00;0.0;0.0
25.463;79;1361;30;40830;0.5;10.300;0.701;45;95;1;0;100;99;100;100;100;99;100;45;45;0;1.714;1.714;0.000;0.000;14.700;1.000;7.8;0.0;0;33;3.000;2.799;12.9;60;-10.0;0;0;0;0;0;99;0;0;1923;84.78;0;0;0;0;0;0;0;0;0;0;0;0;0;0;0;0;33;0;30.0;30.0;2;0;0.00;0.00;0.00;0.0;0.0
25.533;80;1371;30;41130;0.5;10.400;0.707;45;95;1;0;100;99;100;100;100;99;100;45;45;0;1.690;1.690;0.000;0.000;14.700;1.000;7.7;0.0;0;33;3.000;2.981;13.1;-70;-10.0;0;0;0;0;0;99;0;0;1936;84.73;0;0;0;0;0;0;0;0;0;0;0;0;0;0;0;0;33;0;30.0;30.0;2;0;0.00;0.00;0.00;0.0;0.0
25.599;80;1375;29;39875;0.5;10.600;0.721;45;95;1;0;100;99;100;100;100;99;100;44;44;0;1.672;1.672;0.000;0.000;14.700;1.000;7.7;0.0;0;33;3.000;2.950;13.1;-70;-10.2;0;0;0;0;0;99;0;0;1936;84.48;0;0;0;0;0;0;0;0;0;0;0;0;0;0;0;0;33;0;29.0;29.0;2;0;0.00;0.00;0.00;0.0;0.0
25.665;80;1379;30;41370;0.5;10.500;0.714;45;95;1;0;100;99;100;100;100;99;100;45;45;0;1.690;1.690;0.000;0.000;14.700;1.000;7.8;0.0;0;33;3.000;3.052;13.1;70;-10.0;0;0;0;0;0;99;0;0;1936;84.23;0;0;0;0;0;0;0;0;0;0;0;0;0;0;0;0;33;0;30.0;30.0;2;0;0.00;0.00;0.00;0.0;0.0
25.735;80;1386;30;41580;0.5;10.300;0.701;45;95;1;0;100;99;100;100;100;99;100;45;45;0;1.690;1.690;0.000;0.000;14.700;1.000;7.8;0.0;0;33;3.000;2.807;13.1;10;-10.0;0;0;0;0;0;99;0;0;1936;83.81;0;0;0;0;0;0;0;0;0;0;0;0;0;0;0;0;33;0;30.0;30.0;2;0;0.00;0.00;0.00;0.0;0.0
25.799;80;1375;30;41250;0.5;10.500;0.714;45;95;1;0;100;99;100;100;100;99;100;45;45;0;1.690;1.690;0.000;0.000;14.700;1.000;7.7;0.0;0;33;3.000;2.776;13.1;10;-10.0;0;0;0;0;0;99;0;0;1936;84.48;0;0;0;0;0;0;0;0;0;0;0;0;0;0;0;0;33;0;30.0;30.0;2;0;0.00;0.00;0.00;0.0;0.0
25.866;80;1386;29;40194;0.5;10.500;0.714;45;95;1;0;100;99;100;100;100;99;100;44;44;0;1.672;1.672;0.000;0.000;14.700;1.000;7.7;0.0;0;33;3.000;2.928;13.1;-40;-10.2;0;0;0;0;0;99;0;0;1936;83.81;0;0;0;0;0;0;0;0;0;0;0;0;0;0;0;0;33;0;29.0;29.0;2;0;0.00;0.00;0.00;0.0;0.0
25.935;80;1390;30;41700;0.5;10.400;0.707;45;95;1;0;100;99;100;100;100;99;100;45;45;0;1.690;1.690;0.000;0.000;14.700;1.000;7.8;0.0;0;33;3.000;2.875;13.1;160;-10.0;0;0;0;0;0;99;0;0;1936;83.57;0;0;0;0;0;0;0;0;0;0;0;0;0;0;0;0;33;0;30.0;30.0;2;0;0.00;0.00;0.00;0.0;0.0
26.001;80;1384;30;41520;0.5;10.500;0.714;45;95;1;0;100;99;100;100;100;99;100;45;45;0;1.690;1.690;0.000;0.000;14.700;1.000;7.8;0.0;0;33;3.000;3.004;13.1;160;-10.0;0;0;0;0;0;99;0;0;1936;83.93;0;0;0;0;0;0;0;0;0;0;0;0;0;0;0;0;33;0;30.0;30.0;2;0;0.00;0.00;0.00;0.0;0.0
26.065;80;1371;30;41130;0.5;10.600;0.721;45;95;1;0;100;99;100;100;100;99;100;45;45;0;1.714;1.714;0.000;0.000;14.700;1.000;7.8;0.0;0;33;3.000;2.847;12.9;-70;-10.0;0;0;0;0;0;99;0;0;1936;84.73;0;0;0;0;0;0;0;0;0;0;0;0;0;0;0;0;33;0;30.0;30.0;2;0;0.00;0.00;0.00;0.0;0.0
26.131;80;1383;29;40107;0.5;10.500;0.714;45;95;1;0;100;99;100;100;100;99;100;45;45;0;1.706;1.706;0.000;0.000;14.700;1.000;7.9;0.0;0;33;3.000;2.923;12.9;-30;-10.2;0;0;0;0;0;99;0;0;1936;83.99;0;0;0;0;0;0;0;0;0;0;0;0;0;0;0;0;33;0;29.0;29.0;2;0;0.00;0.00;0.00;0.0;0.0
26.197;80;1378;30;41340;0.5;10.400;0.707;45;95;1;0;100;99;100;100;100;99;100;45;45;0;1.714;1.714;0.000;0.000;14.700;1.000;7.9;0.0;0;33;3.000;2.827;12.9;-30;-10.0;0;0;0;0;0;99;0;0;1936;84.30;0;0;0;0;0;0;0;0;0;0;0;0;0;0;0;0;33;0;30.0;30.0;2;0;0.00;0.00;0.00;0.0;0.0
26.266;80;1372;29;39788;0.5;10.300;0.701;45;95;1;0;100;99;100;100;100;99;100;44;44;0;1.672;1.672;0.000;0.000;14.700;1.000;7.6;0.0;0;34;3.000;3.044;13.1;-30;-10.2;0;0;0;0;0;99;0;0;1936;84.66;0;0;0;0;0;0;0;0;0;0;0;0;0;0;0;0;34;0;29.0;29.0;2;0;0.00;0.00;0.00;0.0;0.0
26.331;80;1359;29;39411;0.5;10.300;0.701;45;95;1;0;100;99;100;100;100;99;100;45;45;0;1.682;1.682;0.000;0.000;14.700;1.000;7.6;0.0;0;33;3.000;2.738;13.1;-100;-10.2;0;0;0;0;0;99;0;0;1936;85.47;0;0;0;0;0;0;0;0;0;0;0;0;0;0;0;0;33;0;29.0;29.0;2;0;0.00;0.00;0.00;0.0;0.0
26.401;80;1373;30;41190;0.5;10.300;0.701;45;95;1;0;100;99;100;100;100;99;100;45;45;0;1.690;1.690;0.000;0.000;14.700;1.000;7.7;0.0;0;33;3.000;2.977;13.1;-100;-10.0;0;0;0;0;0;99;0;0;1936;84.60;0;0;0;0;0;0;0;0;0;0;0;0;0;0;0;0;33;0;30.0;30.0;2;0;0.00;0.00;0.00;0.0;0.0
26.468;80;1371;30;41130;0.5;10.600;0.721;45;95;1;0;100;99;100;100;100;99;100;45;45;0;1.690;1.690;0.000;0.000;14.700;1.000;7.7;0.0;0;33;3.000;2.932;13.1;-40;-10.0;0;0;0;0;0;99;0;0;1936;84.73;0;0;0;0;0;0;0;0;0;0;0;0;0;0;0;0;33;0;30.0;30.0;2;0;0.00;0.00;0.00;0.0;0.0
26.537;81;1377;30;41310;0.5;10.600;0.721;45;95;1;0;100;99;100;100;100;99;100;45;45;0;1.678;1.678;0.000;0.000;14.700;1.000;7.7;0.0;0;33;3.000;3.064;13.2;130;-10.0;0;0;0;0;0;99;0;0;1933;84.23;0;0;0;0;0;0;0;0;0;0;0;0;0;0;0;0;33;0;30.0;30.0;2;0;0.00;0.00;0.00;0.0;0.0
26.603;81;1368;30;41040;0.5;10.600;0.721;45;95;1;0;100;99;100;100;100;99;100;45;45;0;1.678;1.678;0.000;0.000;14.700;1.000;7.7;0.0;0;33;3.000;2.853;13.2;130;-10.0;0;0;0;0;0;99;0;0;1933;84.78;0;0;0;0;0;0;0;0;0;0;0;0;0;0;0;0;33;0;30.0;30.0;2;0;0.00;0.00;0.00;0.0;0.0
26.668;81;1374;30;41220;0.5;10.400;0.707;45;95;1;0;100;99;100;100;100;99;100;45;45;0;1.678;1.678;0.000;0.000;14.700;1.000;7.7;0.0;0;33;3.000;2.847;13.2;50;-10.0;0;0;0;0;0;99;0;0;1933;84.41;0;0;0;0;0;0;0;0;0;0;0;0;0;0;0;0;33;0;30.0;30.0;2;0;0.00;0.00;0.00;0.0;0.0
26.733;81;1376;29;39904;0.5;10.400;0.707;45;95;1;0;100;99;100;100;100;99;100;44;44;0;1.660;1.660;0.000;0.000;14.700;1.000;7.6;0.0;0;33;3.000;2.892;13.2;-60;-10.2;0;0;0;0;0;99;0;0;1933;84.29;0;0;0;0;0;0;0;0;0;0;0;0;0;0;0;0;33;0;29.0;29.0;2;0;0.00;0.00;0.00;0.0;0.0
26.800;81;1376;30;41280;0.5;10.600;0.721;45;94;1;0;100;99;100;100;100;99;100;45;45;0;1.678;1.678;0.000;0.000;14.700;1.000;7.7;0.0;0;33;3.000;2.932;13.2;-60;-10.0;0;0;0;0;0;99;0;0;1933;84.29;0;0;0;0;0;0;0;0;0;0;0;0;0;0;0;0;33;0;30.0;30.0;2;0;0.00;0.00;0.00;0.0;0.0
26.868;81;1375;30;41250;0.5;10.400;0.707;45;94;1;0;100;99;100;100;100;99;100;45;45;0;1.678;1.678;0.000;0.000;14.700;1.000;7.7;0.0;0;33;3.000;2.999;13.2;0;-10.0;0;0;0;0;0;99;0;0;1933;84.35;0;0;0;0;0;0;0;0;0;0;0;0;0;0;0;0;33;0;30.0;30.0;2;0;0.00;0.00;0.00;0.0;0.0
26.935;81;1370;30;41100;0.5;10.500;0.714;45;94;1;0;100;99;100;100;100;99;100;45;45;0;1.678;1.678;0.000;0.000;14.700;1.000;7.7;0.0;0;33;3.000;2.781;13.2;20;-10.0;0;0;0;0;0;99;0;0;1933;84.66;0;0;0;0;0;0;0;0;0;0;0;0;0;0;0;0;33;0;30.0;30.0;2;0;0.00;0.00;0.00;0.0;0.0
27.000;81;1376;30;41280;0.5;10.400;0.707;45;94;1;0;100;99;100;100;100;99;100;45;45;0;1.678;1.678;0.000;0.000;14.700;1.000;7.7;0.0;0;33;3.000;2.903;13.2;20;-10.0;0;0;0;0;0;99;0;0;1933;84.29;0;0;0;0;0;0;0;0;0;0;0;0;0;0;0;0;33;0;30.0;30.0;2;0;0.00;0.00;0.00;0.0;0.0
27.066;81;1373;30;41190;0.5;10.500;0.714;45;94;1;0;100;99;100;100;100;99;100;45;45;0;1.678;1.678;0.000;0.000;14.700;1.000;7.7;0.0;0;33;3.000;2.910;13.2;-130;-10.0;0;0;0;0;0;99;0;0;1933;84.47;0;0;0;0;0;0;0;0;0;0;0;0;0;0;0;0;33;0;30.0;30.0;2;0;0.00;0.00;0.00;0.0;0.0
27.135;81;1379;30;41370;0.5;10.400;0.707;45;94;1;0;100;99;100;100;100;99;100;45;45;0;1.678;1.678;0.000;0.000;14.700;1.000;7.7;0.0;0;33;3.000;3.013;13.2;20;-10.0;0;0;0;0;0;99;0;0;1933;84.10;0;0;0;0;0;0;0;0;0;0;0;0;0;0;0;0;33;0;30.0;30.0;2;0;0.00;0.00;0.00;0.0;0.0
27.200;81;1375;30;41250;0.5;10.500;0.714;45;94;1;0;100;99;100;100;100;99;100;45;45;0;1.678;1.678;0.000;0.000;14.700;1.000;7.7;0.0;0;33;3.000;2.775;13.2;20;-10.0;0;0;0;0;0;99;0;0;1933;84.35;0;0;0;0;0;0;0;0;0;0;0;0;0;0;0;0;33;0;30.0;30.0;2;0;0.00;0.00;0.00;0.0;0.0
27.266;81;1384;29;40136;0.5;10.500;0.714;45;94;1;0;100;99;100;100;100;99;100;44;44;0;1.660;1.660;0.000;0.000;14.700;1.000;7.7;0.0;0;33;3.000;2.788;13.2;240;-10.2;0;0;0;0;0;99;0;0;1933;83.80;0;0;0;0;0;0;0;0;0;0;0;0;0;0;0;0;33;0;29.0;29.0;2;0;0.00;0.00;0.00;0.0;0.0
27.336;81;1381;30;41430;0.5;10.600;0.721;45;94;1;0;100;99;100;100;100;99;100;45;45;0;1.702;1.702;0.000;0.000;14.700;1.000;7.8;0.0;0;33;3.000;2.834;13.0;-100;-10.0;0;0;0;0;0;99;0;0;1933;83.98;0;0;0;0;0;0;0;0;0;0;0;0;0;0;0;0;33;0;30.0;30.0;2;0;0.00;0.00;0.00;0.0;0.0
27.402;81;1385;29;40165;0.5;10.400;0.707;45;94;1;0;100;99;100;100;100;99;100;44;44;0;1.684;1.684;0.000;0.000;14.700;1.000;7.8;0.0;0;33;3.000;2.978;13.0;-100;-10.2;0;0;0;0;0;99;0;0;1933;83.74;0;0;0;0;0;0;0;0;0;0;0;0;0;0;0;0;33;0;29.0;29.0;2;0;0.00;0.00;0.00;0.0;0.0
27.471;81;1368;30;41040;0.5;10.400;0.707;45;94;1;0;100;99;100;100;100;99;100;45;45;0;1.702;1.702;0.000;0.000;14.700;1.000;7.8;0.0;0;33;3.000;2.724;13.0;40;-10.0;0;0;0;0;0;99;0;0;1933;84.78;0;0;0;0;0;0;0;0;0;0;0;0;0;0;0;0;33;0;30.0;30.0;2;0;0.00;0.00;0.00;0.0;0.0
27.536;82;1379;29;39991;0.5;10.500;0.714;45;94;1;0;100;99;100;100;100;99;100;44;44;0;1.684;1.684;0.000;0.000;14.700;1.000;7.7;0.0;0;34;3.000;3.124;13.0;-60;-10.2;0;0;0;0;0;99;0;0;1933;84.10;0;0;0;0;0;0;0;0;0;0;0;0;0;0;0;0;34;0;29.0;29.0;2;0;0.00;0.00;0.00;0.0;0.0
27.602;82;1382;30;41460;0.5;10.500;0.714;45;94;1;0;100;99;100;100;100;99;100;45;45;0;1.702;1.702;0.000;0.000;14.700;1.000;7.8;0.0;0;33;3.000;2.851;13.0;-60;-10.0;0;0;0;0;0;99;0;0;1933;83.92;0;0;0;0;0;0;0;0;0;0;0;0;0;0;0;0;33;0;30.0;30.0;2;0;0.00;0.00;0.00;0.0;0.0
27.668;82;1384;30;41520;0.5;10.400;0.707;45;94;1;0;100;99;100;100;100;99;100;45;45;0;1.702;1.702;0.000;0.000;14.700;1.000;7.9;0.0;0;33;3.000;3.008;13.0;-80;-10.0;0;0;0;0;0;99;0;0;1933;83.80;0;0;0;0;0;0;0;0;0;0;0;0;0;0;0;0;33;0;30.0;30.0;2;0;0.00;0.00;0.00;0.0;0.0
27.732;82;1377;30;41310;0.5;10.400;0.707;45;94;1;0;100;99;100;100;100;99;100;45;45;0;1.702;1.702;0.000;0.000;14.700;1.000;7.8;0.0;0;33;3.000;2.801;13.0;-80;-10.0;0;0;0;0;0;99;0;0;1933;84.23;0;0;0;0;0;0;0;0;0;0;0;0;0;0;0;0;33;0;30.0;30.0;2;0;0.00;0.00;0.00;0.0;0.0
27.799;82;1388;29;40252;0.5;10.400;0.707;45;94;1;0;100;99;100;100;100;99;100;44;44;0;1.672;1.672;0.000;0.000;14.700;1.000;7.7;0.0;0;34;3.000;2.896;13.1;180;-10.2;0;0;0;0;0;99;0;0;1933;83.56;0;0;0;0;0;0;0;0;0;0;0;0;0;0;0;0;34;0;29.0;29.0;2;0;0.00;0.00;0.00;0.0;0.0
27.868;82;1385;29;40165;0.5;10.400;0.707;45;94;1;0;100;99;100;100;100;99;100;44;44;0;1.672;1.672;0.000;0.000;14.700;1.000;7.7;0.0;0;33;3.000;2.828;13.1;40;-10.2;0;0;0;0;0;99;0;0;1933;83.74;0;0;0;0;0;0;0;0;0;0;0;0;0;0;0;0;33;0;29.0;29.0;2;0;0.00;0.00;0.00;0.0;0.0
27.934;82;1382;30;41460;0.5;10.600;0.721;45;94;1;0;100;99;100;100;100;99;100;45;45;0;1.690;1.690;0.000;0.000;14.700;1.000;7.8;0.0;0;33;3.000;2.888;13.1;40;-10.0;0;0;0;0;0;99;0;0;1933;83.92;0;0;0;0;0;0;0;0;0;0;0;0;0;0;0;0;33;0;30.0;30.0;2;0;0.00;0.00;0.00;0.0;0.0
28.003;82;1384;29;40136;0.5;10.600;0.721;45;94;1;0;100;99;100;100;100;99;100;44;44;0;1.672;1.672;0.000;0.000;14.700;1.000;7.7;0.0;0;33;3.000;2.965;13.1;-110;-10.2;0;0;0;0;0;99;0;0;1933;83.80;0;0;0;0;0;0;0;0;0;0;0;0;0;0;0;0;33;0;29.0;29.0;2;0;0.00;0.00;0.00;0.0;0.0
28.069;82;1370;29;39730;0.5;10.400;0.707;45;94;1;0;100;99;100;100;100;99;100;44;44;0;1.672;1.672;0.000;0.000;14.700;1.000;7.6;0.0;0;33;3.000;2.838;13.1;-10;-10.2;0;0;0;0;0;99;0;0;1933;84.66;0;0;0;0;0;0;0;0;0;0;0;0;0;0;0;0;33;0;29.0;29.0;2;0;0.00;0.00;0.00;0.0;0.0
28.134;82;1379;29;39991;0.5;10.600;0.721;45;94;1;0;100;99;100;100;100;99;100;44;44;0;1.672;1.672;0.000;0.000;14.700;1.000;7.7;0.0;0;34;3.000;2.960;13.1;-10;-10.2;0;0;0;0;0;99;0;0;1933;84.10;0;0;0;0;0;0;0;0;0;0;0;0;0;0;0;0;34;0;29.0;29.0;2;0;0.00;0.00;0.00;0.0;0.0
28.200;82;1379;30;41370;0.5;10.600;0.721;45;94;1;0;100;99;100;100;100;99;100;45;45;0;1.690;1.690;0.000;0.000;14.700;1.000;7.8;0.0;0;33;3.000;2.918;13.1;-20;-10.0;0;0;0;0;0;99;0;0;1933;84.10;0;0;0;0;0;0;0;0;0;0;0;0;0;0;0;0;33;0;30.0;30.0;2;0;0.00;0.00;0.00;0.0;0.0
28.265;82;1387;29;40223;0.5;10.600;0.721;45;94;1;0;100;99;100;100;100;99;100;45;45;0;1.682;1.682;0.000;0.000;14.700;1.000;7.8;0.0;0;34;3.000;3.007;13.1;-70;-10.2;0;0;0;0;0;99;0;0;1933;83.62;0;0;0;0;0;0;0;0;0;0;0;0;0;0;0;0;34;0;29.0;29.0;2;0;0.00;0.00;0.00;0.0;0.0
28.330;82;1383;29;40107;0.5;10.600;0.721;45;94;1;0;100;99;100;100;100;99;100;45;45;0;1.706;1.706;0.000;0.000;14.700;1.000;7.9;0.0;0;33;3.000;2.825;12.9;-70;-10.2;0;0;0;0;0;99;0;0;1933;83.86;0;0;0;0;0;0;0;0;0;0;0;0;0;0;0;0;33;0;29.0;29.0;2;0;0.00;0.00;0.00;0.0;0.0
28.400;82;1390;29;40310;0.5;10.500;0.714;45;94;1;0;100;99;100;100;100;99;100;44;44;0;1.696;1.696;0.000;0.000;14.700;1.000;7.9;0.0;0;33;3.000;2.873;12.9;220;-10.2;0;0;0;0;0;99;0;0;1933;83.44;0;0;0;0;0;0;0;0;0;0;0;0;0;0;0;0;33;0;29.0;29.0;2;0;0.00;0.00;0.00;0.0;0.0
28.469;82;1388;29;40252;0.5;10.600;0.721;45;94;1;0;100;99;100;100;100;99;100;44;44;0;1.696;1.696;0.000;0.000;14.700;1.000;7.8;0.0;0;34;3.000;3.029;12.9;-40;-10.2;0;0;0;0;0;99;0;0;1933;83.56;0;0;0;0;0;0;0;0;0;0;0;0;0;0;0;0;34;0;29.0;29.0;2;0;0.00;0.00;0.00;0.0;0.0
28.535;82;1382;30;41460;0.5;10.500;0.714;45;94;1;0;100;99;100;100;100;99;100;45;45;0;1.714;1.714;0.000;0.000;14.700;1.000;7.9;0.0;0;33;3.000;2.908;12.9;-40;-10.0;0;0;0;0;0;99;0;0;1933;83.92;0;0;0;0;0;0;0;0;0;0;0;0;0;0;0;0;33;0;30.0;30.0;2;0;0.00;0.00;0.00;0.0;0.0
28.601;83;1368;29;39672;0.5;10.600;0.721;45;94;1;0;100;99;100;100;100;99;100;45;45;0;1.682;1.682;0.000;0.000;14.700;1.000;7.7;0.0;0;33;3.000;2.722;13.1;-100;-10.2;0;0;0;0;0;99;0;0;1927;84.52;0;0;0;0;0;0;0;0;0;0;0;0;0;0;0;0;33;0;29.0;29.0;2;0;0.00;0.00;0.00;0.0;0.0
28.601;83;1379;29;39991;0.5;10.600;0.721;45;94;1;0;100;99;100;100;100;99;100;44;44;0;1.672;1.672;0.000;0.000;14.700;1.000;7.7;0.0;0;34;3.000;3.082;13.1;-10;-10.2;0;0;0;0;0;99;0;0;1927;83.84;0;0;0;0;0;0;0;0;0;0;0;0;0;0;0;0;34;0;29.0;29.0;2;0;0.00;0.00;0.00;0.0;0.0
28.738;83;1367;29;39643;0.5;10.300;0.701;45;94;1;0;100;99;100;100;100;99;100;44;44;0;1.672;1.672;0.000;0.000;14.700;1.000;7.6;0.0;0;33;3.000;2.826;13.1;-10;-10.2;0;0;0;0;0;99;0;0;1927;84.58;0;0;0;0;0;0;0;0;0;0;0;0;0;0;0;0;33;0;29.0;29.0;2;0;0.00;0.00;0.00;0.0;0.0
28.801;83;1365;30;40950;0.5;10.500;0.714;45;94;1;0;100;99;100;100;100;99;100;45;45;0;1.690;1.690;0.000;0.000;14.700;1.000;7.7;0.0;0;33;3.000;3.058;13.1;-120;-10.0;0;0;0;0;0;99;0;0;1927;84.70;0;0;0;0;0;0;0;0;0;0;0;0;0;0;0;0;33;0;30.0;30.0;2;0;0.00;0.00;0.00;0.0;0.0
28.868;83;1375;30;41250;0.5;10.500;0.714;45;94;1;0;100;99;100;100;100;99;100;45;45;0;1.690;1.690;0.000;0.000;14.700;1.000;7.7;0.0;0;33;3.000;2.879;13.1;-60;-10.0;0;0;0;0;0;99;0;0;1927;84.09;0;0;0;0;0;0;0;0;0;0;0;0;0;0;0;0;33;0;30.0;30.0;2;0;0.00;0.00;0.00;0.0;0.0
28.934;83;1364;30;40920;0.5;10.400;0.707;45;94;1;0;100;99;100;100;100;99;100;45;45;0;1.690;1.690;0.000;0.000;14.700;1.000;7.7;0.0;0;33;3.000;2.749;13.1;-60;-10.0;0;0;0;0;0;99;0;0;1927;84.77;0;0;0;0;0;0;0;0;0;0;0;0;0;0;0;0;33;0;30.0;30.0;2;0;0.00;0.00;0.00;0.0;0.0
29.002;83;1372;30;41160;0.5;10.600;0.721;45;94;1;0;100;99;100;100;100;99;100;45;45;0;1.690;1.690;0.000;0.000;14.700;1.000;7.7;0.0;0;33;3.000;2.948;13.1;140;-10.0;0;0;0;0;0;99;0;0;1927;84.27;0;0;0;0;0;0;0;0;0;0;0;0;0;0;0;0;33;0;30.0;30.0;2;0;0.00;0.00;0.00;0.0;0.0
29.070;83;1373;30;41190;0.5;10.600;0.721;45;94;1;0;100;99;100;100;100;99;100;45;45;0;1.702;1.702;0.000;0.000;14.700;1.000;7.8;0.0;0;33;3.000;2.851;13.0;20;-10.0;0;0;0;0;0;99;0;0;1927;84.21;0;0;0;0;0;0;0;0;0;0;0;0;0;0;0;0;33;0;30.0;30.0;2;0;0.00;0.00;0.00;0.0;0.0
29.138;83;1376;30;41280;0.5;10.600;0.721;45;94;1;0;100;99;100;100;100;99;100;45;45;0;1.702;1.702;0.000;0.000;14.700;1.000;7.8;0.0;0;33;3.000;3.081;13.0;20;-10.0;0;0;0;0;0;99;0;0;1927;84.03;0;0;0;0;0;0;0;0;0;0;0;0;0;0;0;0;33;0;30.0;30.0;2;0;0.00;0.00;0.00;0.0;0.0
29.203;83;1368;30;41040;0.5;10.400;0.707;45;94;1;0;100;99;100;100;100;99;100;45;45;0;1.702;1.702;0.000;0.000;14.700;1.000;7.8;0.0;0;33;3.000;2.768;13.0;-20;-10.0;0;0;0;0;0;99;0;0;1927;84.52;0;0;0;0;0;0;0;0;0;0;0;0;0;0;0;0;33;0;30.0;30.0;2;0;0.00;0.00;0.00;0.0;0.0
29.268;83;1385;30;41550;0.5;10.600;0.721;45;94;1;0;100;99;100;100;100;99;100;45;45;0;1.702;1.702;0.000;0.000;14.700;1.000;7.9;0.0;0;33;3.000;2.908;13.0;100;-10.0;0;0;0;0;0;99;0;0;1927;83.48;0;0;0;0;0;0;0;0;0;0;0;0;0;0;0;0;33;0;30.0;30.0;2;0;0.00;0.00;0.00;0.0;0.0
29.335;83;1385;30;41550;0.5;10.500;0.714;45;94;1;0;100;99;100;100;100;99;100;45;45;0;1.702;1.702;0.000;0.000;14.700;1.000;7.9;0.0;0;33;3.000;2.899;13.0;100;-10.0;0;0;0;0;0;99;0;0;1927;83.48;0;0;0;0;0;0;0;0;0;0;0;0;0;0;0;0;33;0;30.0;30.0;2;0;0.00;0.00;0.00;0.0;0.0
29.399;83;1384;30;41520;0.5;10.500;0.714;45;94;1;0;100;99;100;100;100;99;100;45;45;0;1.702;1.702;0.000;0.000;14.700;1.000;7.9;0.0;0;33;3.000;2.932;13.0;20;-10.0;0;0;0;0;0;99;0;0;1927;83.54;0;0;0;0;0;0;0;0;0;0;0;0;0;0;0;0;33;0;30.0;30.0;2;0;0.00;0.00;0.00;0.0;0.0
29.465;83;1379;29;39991;0.5;10.600;0.721;45;94;1;0;100;99;100;100;100;99;100;44;44;0;1.684;1.684;0.000;0.000;14.700;1.000;7.7;0.0;0;34;3.000;2.767;13.0;-80;-10.2;0;0;0;0;0;99;0;0;1927;83.84;0;0;0;0;0;0;0;0;0;0;0;0;0;0;0;0;34;0;29.0;29.0;2;0;0.00;0.00;0.00;0.0;0.0
29.534;83;1378;30;41340;0.5;10.500;0.714;45;94;1;0;100;99;100;100;100;99;100;45;45;0;1.702;1.702;0.000;0.000;14.700;1.000;7.8;0.0;0;33;3.000;2.908;13.0;-80;-10.0;0;0;0;0;0;99;0;0;1927;83.90;0;0;0;0;0;0;0;0;0;0;0;0;0;0;0;0;33;0;30.0;30.0;2;0;0.00;0.00;0.00;0.0;0.0
29.600;84;1378;30;41340;0.5;10.500;0.714;45;94;1;0;100;99;100;100;100;99;100;45;45;0;1.702;1.702;0.000;0.000;14.700;1.000;7.8;0.0;0;33;3.000;2.862;13.0;-10;-10.0;0;0;0;0;0;99;0;0;1932;84.12;0;0;0;0;0;0;0;0;0;0;0;0;0;0;0;0;33;0;30.0;30.0;2;0;0.00;0.00;0.00;0.0;0.0
29.666;84;1385;30;41550;0.5;10.500;0.714;45;94;1;0;100;99;100;100;100;99;100;45;45;0;1.702;1.702;0.000;0.000;14.700;1.000;7.9;0.0;0;33;3.000;3.043;13.0;-10;-10.0;0;0;0;0;0;99;0;0;1932;83.70;0;0;0;0;0;0;0;0;0;0;0;0;0;0;0;0;33;0;30.0;30.0;2;0;0.00;0.00;0.00;0.0;0.0
29.735;84;1372;30;41160;0.5;10.600;0.721;45;94;1;0;100;99;100;100;100;99;100;45;45;0;1.702;1.702;0.000;0.000;14.700;1.000;7.8;0.0;0;33;3.000;2.904;13.0;70;-10.0;0;0;0;0;0;99;0;0;1932;84.49;0;0;0;0;0;0;0;0;0;0;0;0;0;0;0;0;33;0;30.0;30.0;2;0;0.00;0.00;0.00;0.0;0.0
29.801;84;1379;29;39991;0.5;10.500;0.714;45;94;1;0;100;99;100;100;100;99;100;44;44;0;1.684;1.684;0.000;0.000;14.700;1.000;7.7;0.0;0;34;3.000;3.010;13.0;-70;-10.2;0;0;0;0;0;99;0;0;1932;84.06;0;0;0;0;0;0;0;0;0;0;0;0;0;0;0;0;34;0;29.0;29.0;2;0;0.00;0.00;0.00;0.0;0.0
29.866;84;1377;29;39933;0.5;10.600;0.721;45;94;1;0;100;99;100;100;100;99;100;44;44;0;1.696;1.696;0.000;0.000;14.700;1.000;7.8;0.0;0;33;3.000;2.913;12.9;-70;-10.2;0;0;0;0;0;99;0;0;1932;84.18;0;0;0;0;0;0;0;0;0;0;0;0;0;0;0;0;33;0;29.0;29.0;2;0;0.00;0.00;0.00;0.0;0.0
29.933;84;1382;30;41460;0.5;10.500;0.714;45;94;1;0;100;99;100;100;100;99;100;45;45;0;1.714;1.714;0.000;0.000;14.700;1.000;7.9;0.0;0;33;3.000;3.131;12.9;0;-10.0;0;0;0;0;0;99;0;0;1932;83.88;0;0;0;0;0;0;0;0;0;0;0;0;0;0;0;0;33;0;30.0;30.0;2;0;0.00;0.00;0.00;0.0;0.0
30.001;84;1393;29;40397;0.5;10.400;0.707;45;94;1;0;100;99;100;100;100;99;100;44;44;0;1.696;1.696;0.000;0.000;14.700;1.000;7.9;0.0;0;33;3.000;2.848;12.9;70;-10.2;0;0;0;0;0;99;0;0;1932;83.22;0;0;0;0;0;0;0;0;0;0;0;0;0;0;0;0;33;0;29.0;29.0;2;0;0.00;0.00;0.00;0.0;0.0
30.067;84;1373;29;39817;0.5;10.600;0.721;45;94;1;0;100;99;100;100;100;99;100;45;45;0;1.706;1.706;0.000;0.000;14.700;1.000;7.8;0.0;0;34;3.000;2.812;12.9;70;-10.2;0;0;0;0;0;99;0;0;1932;84.43;0;0;0;0;0;0;0;0;0;0;0;0;0;0;0;0;34;0;29.0;29.0;2;0;0.00;0.00;0.00;0.0;0.0
30.134;84;1389;29;40281;0.5;10.400;0.707;45;94;1;0;100;99;100;100;100;99;100;44;44;0;1.684;1.684;0.000;0.000;14.700;1.000;7.8;0.0;0;33;3.000;2.868;13.0;-120;-10.2;0;0;0;0;0;99;0;0;1932;83.46;0;0;0;0;0;0;0;0;0;0;0;0;0;0;0;0;33;0;29.0;29.0;2;0;0.00;0.00;0.00;0.0;0.0
30.203;84;1387;30;41610;0.5;10.600;0.721;45;94;1;0;100;99;100;100;100;99;100;45;45;0;1.702;1.702;0.000;0.000;14.700;1.000;7.9;0.0;0;33;3.000;2.788;13.0;180;-10.0;0;0;0;0;0;99;0;0;1932;83.58;0;0;0;0;0;0;0;0;0;0;0;0;0;0;0;0;33;0;30.0;30.0;2;0;0.00;0.00;0.00;0.0;0.0
30.268;84;1385;29;40165;0.5;10.500;0.714;45;94;1;0;100;99;100;100;100;99;100;44;44;0;1.684;1.684;0.000;0.000;14.700;1.000;7.8;0.0;0;33;3.000;2.945;13.0;180;-10.2;0;0;0;0;0;99;0;0;1932;83.70;0;0;0;0;0;0;0;0;0;0;0;0;0;0;0;0;33;0;29.0;29.0;2;0;0.00;0.00;0.00;0.0;0.0
30.334;84;1369;30;41070;0.5;10.500;0.714;45;94;1;0;100;99;100;100;100;99;100;45;45;0;1.690;1.690;0.000;0.000;14.700;1.000;7.7;0.0;0;33;3.000;2.782;13.1;-60;-10.0;0;0;0;0;0;99;0;0;1932;84.67;0;0;0;0;0;0;0;0;0;0;0;0;0;0;0;0;33;0;30.0;30.0;2;0;0.00;0.00;0.00;0.0;0.0
30.400;84;1382;29;40078;0.5;10.600;0.721;45;94;1;0;100;99;100;100;100;99;100;44;44;0;1.672;1.672;0.000;0.000;14.700;1.000;7.7;0.0;0;33;3.000;2.939;13.1;-80;-10.2;0;0;0;0;0;99;0;0;1932;83.88;0;0;0;0;0;0;0;0;0;0;0;0;0;0;0;0;33;0;29.0;29.0;2;0;0.00;0.00;0.00;0.0;0.0
30.469;84;1376;30;41280;0.5;10.400;0.707;45;94;1;0;100;99;100;100;100;99;100;45;45;0;1.690;1.690;0.000;0.000;14.700;1.000;7.8;0.0;0;33;3.000;2.851;13.1;-80;-10.0;0;0;0;0;0;99;0;0;1932;84.24;0;0;0;0;0;0;0;0;0;0;0;0;0;0;0;0;33;0;30.0;30.0;2;0;0.00;0.00;0.00;0.0;0.0
30.534;84;1387;30;41610;0.5;10.300;0.701;45;94;1;0;100;99;100;100;100;99;100;45;45;0;1.690;1.690;0.000;0.000;14.700;1.000;7.8;0.0;0;33;3.000;3.050;13.1;30;-10.0;0;0;0;0;0;99;0;0;1932;83.58;0;0;0;0;0;0;0;0;0;0;0;0;0;0;0;0;33;0;30.0;30.0;2;0;0.00;0.00;0.00;0.0;0.0
30.600;85;1381;30;41430;0.5;10.200;0.694;45;94;1;0;100;99;100;100;100;99;100;45;45;0;1.714;1.714;0.000;0.000;14.700;1.000;7.9;0.0;0;33;3.000;2.834;12.9;60;-10.0;0;0;0;0;0;99;0;0;1928;83.77;0;0;0;0;0;0;0;0;0;0;0;0;0;0;0;0;33;0;30.0;30.0;2;0;0.00;0.00;0.00;0.0;0.0
30.669;85;1390;30;41700;0.5;10.600;0.721;45;94;1;0;100;99;100;100;100;99;100;45;45;0;1.714;1.714;0.000;0.000;14.700;1.000;7.9;0.0;0;33;3.000;2.908;12.9;60;-10.0;0;0;0;0;0;99;0;0;1928;83.22;0;0;0;0;0;0;0;0;0;0;0;0;0;0;0;0;33;0;30.0;30.0;2;0;0.00;0.00;0.00;0.0;0.0
30.735;85;1381;29;40049;0.5;10.600;0.721;45;94;1;0;100;99;100;100;100;99;100;44;44;0;1.696;1.696;0.000;0.000;14.700;1.000;7.8;0.0;0;33;3.000;2.839;12.9;-90;-10.2;0;0;0;0;0;99;0;0;1928;83.77;0;0;0;0;0;0;0;0;0;0;0;0;0;0;0;0;33;0;29.0;29.0;2;0;0.00;0.00;0.00;0.0;0.0
30.801;85;1385;30;41550;0.5;10.500;0.714;45;94;1;0;100;99;100;100;100;99;100;45;45;0;1.714;1.714;0.000;0.000;14.700;1.000;7.9;0.0;0;33;3.000;2.961;12.9;80;-10.0;0;0;0;0;0;99;0;0;1928;83.52;0;0;0;0;0;0;0;0;0;0;0;0;0;0;0;0;33;0;30.0;30.0;2;0;0.00;0.00;0.00;0.0;0.0
30.870;85;1384;29;40136;0.5;10.500;0.714;45;94;1;0;100;99;100;100;100;99;100;44;44;0;1.696;1.696;0.000;0.000;14.700;1.000;7.8;0.0;0;33;3.000;2.900;12.9;80;-10.2;0;0;0;0;0;99;0;0;1928;83.58;0;0;0;0;0;0;0;0;0;0;0;0;0;0;0;0;33;0;29.0;29.0;2;0;0.00;0.00;0.00;0.0;0.0
30.936;85;1373;29;39817;0.5;10.600;0.721;45;94;1;0;100;99;100;100;100;99;100;45;45;0;1.706;1.706;0.000;0.000;14.700;1.000;7.8;0.0;0;34;3.000;2.912;12.9;-10;-10.2;0;0;0;0;0;99;0;0;1928;84.25;0;0;0;0;0;0;0;0;0;0;0;0;0;0;0;0;34;0;29.0;29.0;2;0;0.00;0.00;0.00;0.0;0.0
31.001;85;1384;29;40136;0.5;10.600;0.721;45;94;1;0;100;99;100;100;100;99;100;44;44;0;1.696;1.696;0.000;0.000;14.700;1.000;7.8;0.0;0;33;3.000;2.905;12.9;-20;-10.2;0;0;0;0;0;99;0;0;1928;83.58;0;0;0;0;0;0;0;0;0;0;0;0;0;0;0;0;33;0;29.0;29.0;2;0;0.00;0.00;0.00;0.0;0.0
31.067;85;1384;30;41520;0.5;10.500;0.714;45;94;1;0;100;99;100;100;100;99;100;45;45;0;1.714;1.714;0.000;0.000;14.700;1.000;7.9;0.0;0;33;3.000;2.876;12.9;-20;-10.0;0;0;0;0;0;99;0;0;1928;83.58;0;0;0;0;0;0;0;0;0;0;0;0;0;0;0;0;33;0;30.0;30.0;2;0;0.00;0.00;0.00;0.0;0.0
31.132;85;1384;29;40136;0.5;10.500;0.714;45;94;1;0;100;99;100;100;100;99;100;44;44;0;1.684;1.684;0.000;0.000;14.700;1.000;7.8;0.0;0;33;3.000;2.952;13.0;30;-10.2;0;0;0;0;0;99;0;0;1928;83.58;0;0;0;0;0;0;0;0;0;0;0;0;0;0;0;0;33;0;29.0;29.0;2;0;0.00;0.00;0.00;0.0;0.0
31.203;85;1374;29;39846;0.5;10.500;0.714;45;94;1;0;100;99;100;100;100;99;100;44;44;0;1.684;1.684;0.000;0.000;14.700;1.000;7.7;0.0;0;33;3.000;2.666;13.0;20;-10.2;0;0;0;0;0;99;0;0;1928;84.19;0;0;0;0;0;0;0;0;0;0;0;0;0;0;0;0;33;0;29.0;29.0;2;0;0.00;0.00;0.00;0.0;0.0
31.268;85;1390;29;40310;0.5;10.500;0.714;45;94;1;0;100;99;100;100;100;99;100;44;44;0;1.684;1.684;0.000;0.000;14.700;1.000;7.8;0.0;0;33;3.000;2.956;13.0;20;-10.2;0;0;0;0;0;99;0;0;1928;83.22;0;0;0;0;0;0;0;0;0;0;0;0;0;0;0;0;33;0;29.0;29.0;2;0;0.00;0.00;0.00;0.0;0.0
31.333;85;1384;30;41520;0.5;10.500;0.714;45;94;1;0;100;99;100;100;100;99;100;45;45;0;1.702;1.702;0.000;0.000;14.700;1.000;7.9;0.0;0;33;3.000;2.911;13.0;-80;-10.0;0;0;0;0;0;99;0;0;1928;83.58;0;0;0;0;0;0;0;0;0;0;0;0;0;0;0;0;33;0;30.0;30.0;2;0;0.00;0.00;0.00;0.0;0.0
31.402;85;1386;29;40194;0.5;10.600;0.721;45;94;1;0;100;99;100;100;100;99;100;44;44;0;1.696;1.696;0.000;0.000;14.700;1.000;7.8;0.0;0;33;3.000;2.992;12.9;70;-10.2;0;0;0;0;0;99;0;0;1928;83.46;0;0;0;0;0;0;0;0;0;0;0;0;0;0;0;0;33;0;29.0;29.0;2;0;0.00;0.00;0.00;0.0;0.0
31.467;85;1377;29;39933;0.5;10.500;0.714;45;94;1;0;100;99;100;100;100;99;100;44;44;0;1.696;1.696;0.000;0.000;14.700;1.000;7.8;0.0;0;33;3.000;2.688;12.9;70;-10.2;0;0;0;0;0;99;0;0;1928;84.01;0;0;0;0;0;0;0;0;0;0;0;0;0;0;0;0;33;0;29.0;29.0;2;0;0.00;0.00;0.00;0.0;0.0
31.534;85;1385;29;40165;0.5;10.600;0.721;45;94;1;0;100;99;100;100;100;99;100;44;44;0;1.696;1.696;0.000;0.000;14.700;1.000;7.8;0.0;0;33;3.000;2.893;12.9;0;-10.2;0;0;0;0;0;99;0;0;1928;83.52;0;0;0;0;0;0;0;0;0;0;0;0;0;0;0;0;33;0;29.0;29.0;2;0;0.00;0.00;0.00;0.0;0.0
31.603;86;1389;29;40281;0.5;10.400;0.707;45;94;1;0;100;99;100;100;100;99;100;44;44;0;1.696;1.696;0.000;0.000;14.700;1.000;7.9;0.0;0;33;3.000;2.938;12.9;30;-10.2;0;0;0;0;0;99;0;0;1929;83.33;0;0;0;0;0;0;0;0;0;0;0;0;0;0;0;0;33;0;29.0;29.0;2;0;0.00;0.00;0.00;0.0;0.0
31.670;86;1391;29;40339;0.5;10.400;0.707;45;94;1;0;100;99;100;100;100;99;100;44;44;0;1.696;1.696;0.000;0.000;14.700;1.000;7.9;0.0;0;33;3.000;2.816;12.9;30;-10.2;0;0;0;0;0;99;0;0;1929;83.21;0;0;0;0;0;0;0;0;0;0;0;0;0;0;0;0;33;0;29.0;29.0;2;0;0.00;0.00;0.00;0.0;0.0
31.738;86;1388;29;40252;0.5;10.300;0.701;45;94;1;0;100;99;100;100;100;99;100;44;44;0;1.696;1.696;0.000;0.000;14.700;1.000;7.8;0.0;0;34;3.000;3.078;12.9;-10;-10.2;0;0;0;0;0;99;0;0;1929;83.39;0;0;0;0;0;0;0;0;0;0;0;0;0;0;0;0;34;0;29.0;29.0;2;0;0.00;0.00;0.00;0.0;0.0
31.804;86;1374;29;39846;0.5;10.600;0.721;45;94;1;0;100;99;100;100;100;99;100;44;44;0;1.696;1.696;0.000;0.000;14.700;1.000;7.8;0.0;0;33;3.000;2.715;12.9;-140;-10.2;0;0;0;0;0;99;0;0;1929;84.24;0;0;0;0;0;0;0;0;0;0;0;0;0;0;0;0;33;0;29.0;29.0;2;0;0.00;0.00;0.00;0.0;0.0
31.869;86;1389;29;40281;0.5;10.500;0.714;45;94;1;0;100;99;100;100;100;99;100;44;44;0;1.672;1.672;0.000;0.000;14.700;1.000;7.7;0.0;0;33;3.000;2.789;13.1;-140;-10.2;0;0;0;0;0;99;0;0;1929;83.33;0;0;0;0;0;0;0;0;0;0;0;0;0;0;0;0;33;0;29.0;29.0;2;0;0.00;0.00;0.00;0.0;0.0
31.936;86;1384;30;41520;0.5;10.600;0.721;45;94;1;0;100;99;100;100;100;99;100;45;45;0;1.690;1.690;0.000;0.000;14.700;1.000;7.8;0.0;0;33;3.000;2.903;13.1;30;-10.0;0;0;0;0;0;99;0;0;1929;83.63;0;0;0;0;0;0;0;0;0;0;0;0;0;0;0;0;33;0;30.0;30.0;2;0;0.00;0.00;0.00;0.0;0.0
32.001;86;1381;29;40049;0.5;10.600;0.721;45;94;1;0;100;99;100;100;100;99;100;44;44;0;1.672;1.672;0.000;0.000;14.700;1.000;7.7;0.0;0;33;3.000;3.022;13.1;30;-10.2;0;0;0;0;0;99;0;0;1929;83.81;0;0;0;0;0;0;0;0;0;0;0;0;0;0;0;0;33;0;29.0;29.0;2;0;0.00;0.00;0.00;0.0;0.0
32.070;86;1370;30;41100;0.5;10.600;0.721;45;94;1;0;100;99;100;100;100;99;100;45;45;0;1.690;1.690;0.000;0.000;14.700;1.000;7.7;0.0;0;33;3.000;2.772;13.1;40;-10.0;0;0;0;0;0;99;0;0;1929;84.48;0;0;0;0;0;0;0;0;0;0;0;0;0;0;0;0;33;0;30.0;30.0;2;0;0.00;0.00;0.00;0.0;0.0
32.138;86;1384;29;40136;0.5;10.500;0.714;45;94;1;0;100;99;100;100;100;99;100;44;44;0;1.672;1.672;0.000;0.000;14.700;1.000;7.7;0.0;0;33;3.000;2.953;13.1;30;-10.2;0;0;0;0;0;99;0;0;1929;83.63;0;0;0;0;0;0;0;0;0;0;0;0;0;0;0;0;33;0;29.0;29.0;2;0;0.00;0.00;0.00;0.0;0.0
32.206;86;1383;30;41490;0.5;10.500;0.714;45;94;1;0;100;99;100;100;100;99;100;45;45;0;1.690;1.690;0.000;0.000;14.700;1.000;7.8;0.0;0;33;3.000;2.842;13.1;30;-10.0;0;0;0;0;0;99;0;0;1929;83.69;0;0;0;0;0;0;0;0;0;0;0;0;0;0;0;0;33;0;30.0;30.0;2;0;0.00;0.00;0.00;0.0;0.0
32.271;86;1386;29;40194;0.5;10.300;0.701;45;94;1;0;100;99;100;100;100;99;100;44;44;0;1.672;1.672;0.000;0.000;14.700;1.000;7.7;0.0;0;33;3.000;3.015;13.1;-10;-10.2;0;0;0;0;0;99;0;0;1929;83.51;0;0;0;0;0;0;0;0;0;0;0;0;0;0;0;0;33;0;29.0;29.0;2;0;0.00;0.00;0.00;0.0;0.0
32.337;86;1374;29;39846;0.5;10.300;0.701;45;94;1;0;100;99;100;100;100;99;100;44;44;0;1.672;1.672;0.000;0.000;14.700;1.000;7.7;0.0;0;33;3.000;2.830;13.1;10;-10.2;0;0;0;0;0;99;0;0;1929;84.24;0;0;0;0;0;0;0;0;0;0;0;0;0;0;0;0;33;0;29.0;29.0;2;0;0.00;0.00;0.00;0.0;0.0
32.403;86;1390;29;40310;0.5;10.500;0.714;45;94;1;0;100;99;100;100;100;99;100;44;44;0;1.708;1.708;0.000;0.000;14.700;1.000;7.9;0.0;0;33;3.000;2.827;12.8;10;-10.2;0;0;0;0;0;99;0;0;1929;83.27;0;0;0;0;0;0;0;0;0;0;0;0;0;0;0;0;33;0;29.0;29.0;2;0;0.00;0.00;0.00;0.0;0.0
32.468;86;1389;29;40281;0.5;10.500;0.714;45;94;1;0;100;99;100;100;100;99;100;44;44;0;1.708;1.708;0.000;0.000;14.700;1.000;7.9;0.0;0;33;3.000;2.830;12.8;-60;-10.2;0;0;0;0;0;99;0;0;1929;83.33;0;0;0;0;0;0;0;0;0;0;0;0;0;0;0;0;33;0;29.0;29.0;2;0;0.00;0.00;0.00;0.0;0.0
32.538;86;1389;29;40281;0.5;10.400;0.707;45;94;1;0;100;99;100;100;100;99;100;44;44;0;1.708;1.708;0.000;0.000;14.700;1.000;7.9;0.0;0;33;3.000;2.847;12.8;20;-10.2;0;0;0;0;0;99;0;0;1929;83.33;0;0;0;0;0;0;0;0;0;0;0;0;0;0;0;0;33;0;29.0;29.0;2;0;0.00;0.00;0.00;0.0;0.0
32.602;86;1375;29;39875;0.5;10.400;0.707;45;94;1;0;100;99;100;100;100;99;100;44;44;0;1.708;1.708;0.000;0.000;14.700;1.000;7.8;0.0;0;33;3.000;2.727;12.8;20;-10.2;0;0;0;0;0;99;0;0;1929;84.17;0;0;0;0;0;0;0;0;0;0;0;0;0;0;0;0;33;0;29.0;29.0;2;0;0.00;0.00;0.00;0.0;0.0
32.669;87;1376;29;39904;0.5;10.400;0.707;45;94;1;0;100;99;100;100;100;99;100;44;44;0;1.684;1.684;0.000;0.000;14.700;1.000;7.7;0.0;0;33;3.000;2.997;13.0;70;-10.2;0;0;0;0;0;99;0;0;1924;83.90;0;0;0;0;0;0;0;0;0;0;0;0;0;0;0;0;33;0;29.0;29.0;2;0;0.00;0.00;0.00;0.0;0.0
32.734;87;1391;29;40339;0.5;10.400;0.707;45;94;1;0;100;99;100;100;100;99;100;44;44;0;1.684;1.684;0.000;0.000;14.700;1.000;7.8;0.0;0;33;3.000;2.894;13.0;20;-10.2;0;0;0;0;0;99;0;0;1924;82.99;0;0;0;0;0;0;0;0;0;0;0;0;0;0;0;0;33;0;29.0;29.0;2;0;0.00;0.00;0.00;0.0;0.0
32.804;87;1391;30;41730;0.5;10.500;0.714;45;94;1;0;100;99;100;100;100;99;100;45;45;0;1.702;1.702;0.000;0.000;14.700;1.000;7.9;0.0;0;33;3.000;2.854;13.0;20;-10.0;0;0;0;0;0;99;0;0;1924;82.99;0;0;0;0;0;0;0;0;0;0;0;0;0;0;0;0;33;0;30.0;30.0;2;0;0.00;0.00;0.00;0.0;0.0
32.868;87;1393;29;40397;0.5;10.600;0.721;45;94;1;0;100;99;100;100;100;99;100;44;44;0;1.684;1.684;0.000;0.000;14.700;1.000;7.8;0.0;0;33;3.000;2.985;13.0;40;-10.2;0;0;0;0;0;99;0;0;1924;82.87;0;0;0;0;0;0;0;0;0;0;0;0;0;0;0;0;33;0;29.0;29.0;2;0;0.00;0.00;0.00;0.0;0.0
32.935;87;1382;29;40078;0.5;10.400;0.707;45;94;1;0;100;99;100;100;100;99;100;44;44;0;1.672;1.672;0.000;0.000;14.700;1.000;7.7;0.0;0;33;3.000;2.782;13.1;10;-10.2;0;0;0;0;0;99;0;0;1924;83.53;0;0;0;0;0;0;0;0;0;0;0;0;0;0;0;0;33;0;29.0;29.0;2;0;0.00;0.00;0.00;0.0;0.0
33.000;87;1394;29;40426;0.5;10.500;0.714;45;94;1;0;100;99;100;100;100;99;100;44;44;0;1.672;1.672;0.000;0.000;14.700;1.000;7.8;0.0;0;33;3.000;2.852;13.1;10;-10.2;0;0;0;0;0;99;0;0;1924;82.81;0;0;0;0;0;0;0;0;0;0;0;0;0;0;0;0;33;0;29.0;29.0;2;0;0.00;0.00;0.00;0.0;0.0
33.066;87;1383;30;41490;0.5;10.600;0.721;45;94;1;0;100;99;100;100;100;99;100;45;45;0;1.690;1.690;0.000;0.000;14.700;1.000;7.8;0.0;0;33;3.000;2.817;13.1;-120;-10.0;0;0;0;0;0;99;0;0;1924;83.47;0;0;0;0;0;0;0;0;0;0;0;0;0;0;0;0;33;0;30.0;30.0;2;0;0.00;0.00;0.00;0.0;0.0
33.135;87;1384;29;40136;0.5;10.400;0.707;45;94;1;0;100;99;100;100;100;99;100;44;44;0;1.660;1.660;0.000;0.000;14.700;1.000;7.7;0.0;0;33;3.000;3.023;13.2;20;-10.2;0;0;0;0;0;99;0;0;1924;83.41;0;0;0;0;0;0;0;0;0;0;0;0;0;0;0;0;33;0;29.0;29.0;2;0;0.00;0.00;0.00;0.0;0.0
33.201;87;1380;29;40020;0.5;10.300;0.701;45;94;1;0;100;99;100;100;100;99;100;44;44;0;1.660;1.660;0.000;0.000;14.700;1.000;7.6;0.0;0;34;3.000;2.912;13.2;20;-10.2;0;0;0;0;0;99;0;0;1924;83.65;0;0;0;0;0;0;0;0;0;0;0;0;0;0;0;0;34;0;29.0;29.0;2;0;0.00;0.00;0.00;0.0;0.0
33.265;87;1390;29;40310;0.5;10.600;0.721;45;94;1;0;100;99;100;100;100;99;100;44;44;0;1.660;1.660;0.000;0.000;14.700;1.000;7.7;0.0;0;33;3.000;2.837;13.2;80;-10.2;0;0;0;0;0;99;0;0;1924;83.05;0;0;0;0;0;0;0;0;0;0;0;0;0;0;0;0;33;0;29.0;29.0;2;0;0.00;0.00;0.00;0.0;0.0
33.332;87;1394;30;41820;0.5;10.500;0.714;45;94;1;0;100;99;100;100;100;99;100;45;45;0;1.678;1.678;0.000;0.000;14.700;1.000;7.8;0.0;0;33;3.000;2.928;13.2;20;-10.0;0;0;0;0;0;99;0;0;1924;82.81;0;0;0;0;0;0;0;0;0;0;0;0;0;0;0;0;33;0;30.0;30.0;2;0;0.00;0.00;0.00;0.0;0.0
33.401;87;1394;29;40426;0.5;10.300;0.701;45;94;1;0;100;99;100;100;100;99;100;44;44;0;1.684;1.684;0.000;0.000;14.700;1.000;7.8;0.0;0;33;3.000;3.017;13.0;20;-10.2;0;0;0;0;0;99;0;0;1924;82.81;0;0;0;0;0;0;0;0;0;0;0;0;0;0;0;0;33;0;29.0;29.0;2;0;0.00;0.00;0.00;0.0;0.0
33.467;87;1391;29;40339;0.5;10.400;0.707;45;94;1;0;100;99;100;100;100;99;100;44;44;0;1.684;1.684;0.000;0.000;14.700;1.000;7.8;0.0;0;33;3.000;3.046;13.0;-20;-10.2;0;0;0;0;0;99;0;0;1924;82.99;0;0;0;0;0;0;0;0;0;0;0;0;0;0;0;0;33;0;29.0;29.0;2;0;0.00;0.00;0.00;0.0;0.0
33.536;87;1379;29;39991;0.5;10.600;0.721;45;94;1;0;100;99;100;100;100;99;100;44;44;0;1.684;1.684;0.000;0.000;14.700;1.000;7.7;0.0;0;34;3.000;2.874;13.0;-20;-10.2;0;0;0;0;0;99;0;0;1924;83.71;0;0;0;0;0;0;0;0;0;0;0;0;0;0;0;0;34;0;29.0;29.0;2;0;0.00;0.00;0.00;0.0;0.0
33.601;87;1382;29;40078;0.5;10.300;0.701;45;94;1;0;100;99;100;100;100;99;100;44;44;0;1.684;1.684;0.000;0.000;14.700;1.000;7.8;0.0;0;33;3.000;2.929;13.0;-20;-10.2;0;0;0;0;0;99;0;0;1924;83.53;0;0;0;0;0;0;0;0;0;0;0;0;0;0;0;0;33;0;29.0;29.0;2;0;0.00;0.00;0.00;0.0;0.0
33.668;88;1372;30;41160;0.5;10.300;0.701;45;94;1;0;100;99;100;100;100;99;100;45;45;0;1.702;1.702;0.000;0.000;14.700;1.000;7.8;0.0;0;33;3.000;2.859;13.0;-220;-10.0;0;0;0;0;0;99;0;0;1929;84.36;0;0;0;0;0;0;0;0;0;0;0;0;0;0;0;0;33;0;30.0;30.0;2;0;0.00;0.00;0.00;0.0;0.0
33.734;88;1374;30;41220;0.5;10.400;0.707;45;94;1;0;100;99;100;100;100;99;100;45;45;0;1.702;1.702;0.000;0.000;14.700;1.000;7.8;0.0;0;33;3.000;3.054;13.0;60;-10.0;0;0;0;0;0;99;0;0;1929;84.24;0;0;0;0;0;0;0;0;0;0;0;0;0;0;0;0;33;0;30.0;30.0;2;0;0.00;0.00;0.00;0.0;0.0
33.802;88;1358;30;40740;0.5;10.600;0.721;45;94;1;0;100;99;100;100;100;99;100;45;45;0;1.702;1.702;0.000;0.000;14.700;1.000;7.7;0.0;0;33;3.000;2.731;13.0;60;-10.0;0;0;0;0;0;99;0;0;1929;85.23;0;0;0;0;0;0;0;0;0;0;0;0;0;0;0;0;33;0;30.0;30.0;2;0;0.00;0.00;0.00;0.0;0.0
33.868;88;1371;30;41130;0.5;10.400;0.707;45;94;1;0;100;99;100;100;100;99;100;45;45;0;1.702;1.702;0.000;0.000;14.700;1.000;7.8;0.0;0;33;3.000;3.005;13.0;-40;-10.0;0;0;0;0;0;99;0;0;1929;84.42;0;0;0;0;0;0;0;0;0;0;0;0;0;0;0;0;33;0;30.0;30.0;2;0;0.00;0.00;0.00;0.0;0.0
33.933;88;1376;30;41280;0.5;10.600;0.721;45;94;1;0;100;99;100;100;100;99;100;45;45;0;1.678;1.678;0.000;0.000;14.700;1.000;7.7;0.0;0;33;3.000;2.969;13.2;-40;-10.0;0;0;0;0;0;99;0;0;1929;84.11;0;0;0;0;0;0;0;0;0;0;0;0;0;0;0;0;33;0;30.0;30.0;2;0;0.00;0.00;0.00;0.0;0.0
34.000;88;1388;30;41640;0.5;10.300;0.701;45;94;1;0;100;99;100;100;100;99;100;45;45;0;1.678;1.678;0.000;0.000;14.700;1.000;7.8;0.0;0;33;3.000;3.076;13.2;60;-10.0;0;0;0;0;0;99;0;0;1929;83.39;0;0;0;0;0;0;0;0;0;0;0;0;0;0;0;0;33;0;30.0;30.0;2;0;0.00;0.00;0.00;0.0;0.0
34.069;88;1365;30;40950;0.5;10.500;0.714;45;94;1;0;100;99;100;100;100;99;100;45;45;0;1.678;1.678;0.000;0.000;14.700;1.000;7.6;0.0;0;33;3.000;2.792;13.2;20;-10.0;0;0;0;0;0;99;0;0;1929;84.79;0;0;0;0;0;0;0;0;0;0;0;0;0;0;0;0;33;0;30.0;30.0;2;0;0.00;0.00;0.00;0.0;0.0
34.134;88;1374;29;39846;0.5;10.600;0.721;45;94;1;0;100;99;100;100;100;99;100;44;44;0;1.660;1.660;0.000;0.000;14.700;1.000;7.6;0.0;0;33;3.000;2.959;13.2;20;-10.2;0;0;0;0;0;99;0;0;1929;84.24;0;0;0;0;0;0;0;0;0;0;0;0;0;0;0;0;33;0;29.0;29.0;2;0;0.00;0.00;0.00;0.0;0.0
34.199;88;1372;30;41160;0.5;10.700;0.728;45;94;1;0;100;99;100;100;100;99;100;45;45;0;1.726;1.726;0.000;0.000;14.700;1.000;7.9;0.0;0;33;3.000;2.949;12.8;-40;-10.0;0;0;0;0;0;99;0;0;1929;84.36;0;0;0;0;0;0;0;0;0;0;0;0;0;0;0;0;33;0;30.0;30.0;2;0;0.00;0.00;0.00;0.0;0.0
34.265;88;1377;30;41310;0.5;10.700;0.728;45;94;1;0;100;99;100;100;100;99;100;45;45;0;1.726;1.726;0.000;0.000;14.700;1.000;7.9;0.0;0;33;3.000;3.014;12.8;-110;-10.0;0;0;0;0;0;99;0;0;1929;84.05;0;0;0;0;0;0;0;0;0;0;0;0;0;0;0;0;33;0;30.0;30.0;2;0;0.00;0.00;0.00;0.0;0.0
34.334;88;1361;30;40830;0.5;10.600;0.721;45;94;1;0;100;99;100;100;100;99;100;45;45;0;1.726;1.726;0.000;0.000;14.700;1.000;7.8;0.0;0;33;3.000;2.749;12.8;-110;-10.0;0;0;0;0;0;99;0;0;1929;85.04;0;0;0;0;0;0;0;0;0;0;0;0;0;0;0;0;33;0;30.0;30.0;2;0;0.00;0.00;0.00;0.0;0.0
34.400;88;1376;30;41280;0.5;10.400;0.707;45;94;1;0;100;99;100;100;100;99;100;45;45;0;1.714;1.714;0.000;0.000;14.700;1.000;7.9;0.0;0;33;3.000;2.888;12.9;130;-10.0;0;0;0;0;0;99;0;0;1929;84.11;0;0;0;0;0;0;0;0;0;0;0;0;0;0;0;0;33;0;30.0;30.0;2;0;0.00;0.00;0.00;0.0;0.0
34.466;88;1379;29;39991;0.5;10.200;0.694;45;94;1;0;100;99;100;100;100;99;100;44;44;0;1.696;1.696;0.000;0.000;14.700;1.000;7.8;0.0;0;34;3.000;2.897;12.9;30;-10.2;0;0;0;0;0;99;0;0;1929;83.93;0;0;0;0;0;0;0;0;0;0;0;0;0;0;0;0;34;0;29.0;29.0;2;0;0.00;0.00;0.00;0.0;0.0
34.535;88;1382;30;41460;0.5;10.500;0.714;45;94;1;0;100;99;100;100;100;99;100;45;45;0;1.714;1.714;0.000;0.000;14.700;1.000;7.9;0.0;0;33;3.000;3.038;12.9;30;-10.0;0;0;0;0;0;99;0;0;1929;83.75;0;0;0;0;0;0;0;0;0;0;0;0;0;0;0;0;33;0;30.0;30.0;2;0;0.00;0.00;0.00;0.0;0.0
34.602;88;1366;29;39614;0.5;10.400;0.707;45;94;1;0;100;99;100;100;100;99;100;44;44;0;1.696;1.696;0.000;0.000;14.700;1.000;7.7;0.0;0;33;3.000;2.823;12.9;-40;-10.2;0;0;0;0;0;99;0;0;1929;84.73;0;0;0;0;0;0;0;0;0;0;0;0;0;0;0;0;33;0;29.0;29.0;2;0;0.00;0.00;0.00;0.0;0.0
34.667;89;1367;30;41010;0.5;10.600;0.721;45;94;1;0;100;99;100;100;100;99;100;45;45;0;1.690;1.690;0.000;0.000;14.700;1.000;7.7;0.0;0;33;3.000;2.825;13.1;30;-10.0;0;0;0;0;0;99;0;0;1933;84.84;0;0;0;0;0;0;0;0;0;0;0;0;0;0;0;0;33;0;30.0;30.0;2;0;0.00;0.00;0.00;0.0;0.0
34.736;89;1383;30;41490;0.5;10.300;0.701;45;94;1;0;100;99;100;100;100;99;100;45;45;0;1.690;1.690;0.000;0.000;14.700;1.000;7.8;0.0;0;33;3.000;2.956;13.1;30;-10.0;0;0;0;0;0;99;0;0;1933;83.86;0;0;0;0;0;0;0;0;0;0;0;0;0;0;0;0;33;0;30.0;30.0;2;0;0.00;0.00;0.00;0.0;0.0
34.802;89;1384;30;41520;0.5;10.300;0.701;45;94;1;0;100;99;100;100;100;99;100;45;45;0;1.690;1.690;0.000;0.000;14.700;1.000;7.8;0.0;0;33;3.000;2.871;13.1;50;-10.0;0;0;0;0;0;99;0;0;1933;83.80;0;0;0;0;0;0;0;0;0;0;0;0;0;0;0;0;33;0;30.0;30.0;2;0;0.00;0.00;0.00;0.0;0.0
34.867;89;1384;30;41520;0.5;10.500;0.714;45;94;1;0;100;99;100;100;100;99;100;45;45;0;1.690;1.690;0.000;0.000;14.700;1.000;7.8;0.0;0;33;3.000;2.986;13.1;-110;-10.0;0;0;0;0;0;99;0;0;1933;83.80;0;0;0;0;0;0;0;0;0;0;0;0;0;0;0;0;33;0;30.0;30.0;2;0;0.00;0.00;0.00;0.0;0.0
34.933;89;1371;30;41130;0.5;10.500;0.714;45;94;1;0;100;99;100;100;100;99;100;45;45;0;1.714;1.714;0.000;0.000;14.700;1.000;7.8;0.0;0;33;3.000;2.768;12.9;-110;-10.0;0;0;0;0;0;99;0;0;1933;84.60;0;0;0;0;0;0;0;0;0;0;0;0;0;0;0;0;33;0;30.0;30.0;2;0;0.00;0.00;0.00;0.0;0.0
35.004;89;1388;29;40252;0.5;10.700;0.728;45;94;1;0;100;99;100;100;100;99;100;44;44;0;1.696;1.696;0.000;0.000;14.700;1.000;7.8;0.0;0;34;3.000;3.068;12.9;90;-10.2;0;0;0;0;0;99;0;0;1933;83.56;0;0;0;0;0;0;0;0;0;0;0;0;0;0;0;0;34;0;29.0;29.0;2;0;0.00;0.00;0.00;0.0;0.0
35.068;89;1387;30;41610;0.5;11.200;0.762;45;94;1;0;100;99;100;100;100;99;100;45;45;0;1.714;1.714;0.000;0.000;14.700;1.000;7.9;0.0;0;33;3.000;2.885;12.9;80;-10.0;0;0;0;0;0;99;0;0;1933;83.62;0;0;0;0;0;0;0;0;0;0;0;0;0;0;0;0;33;0;30.0;30.0;2;0;0.00;0.00;0.00;0.0;0.0
35.135;89;1382;29;40078;0.5;11.000;0.748;45;94;1;0;100;99;100;100;100;99;100;44;44;0;1.696;1.696;0.000;0.000;14.700;1.000;7.8;0.0;0;33;3.000;2.883;12.9;80;-10.2;0;0;0;0;0;99;0;0;1933;83.92;0;0;0;0;0;0;0;0;0;0;0;0;0;0;0;0;33;0;29.0;29.0;2;0;0.00;0.00;0.00;0.0;0.0
35.203;89;1370;29;39730;0.5;11.200;0.762;45;94;1;0;100;99;100;100;100;99;100;44;44;0;1.684;1.684;0.000;0.000;14.700;1.000;7.7;0.0;0;33;3.000;2.766;13.0;-80;-10.2;0;0;0;0;0;99;0;0;1933;84.66;0;0;0;0;0;0;0;0;0;0;0;0;0;0;0;0;33;0;29.0;29.0;2;0;0.00;0.00;0.00;0.0;0.0
35.269;89;1382;29;40078;0.5;11.500;0.782;45;94;1;0;100;99;100;100;100;99;100;44;44;0;1.684;1.684;0.000;0.000;14.700;1.000;7.8;0.0;0;33;3.000;2.849;13.0;10;-10.2;0;0;0;0;0;99;0;0;1933;83.92;0;0;0;0;0;0;0;0;0;0;0;0;0;0;0;0;33;0;29.0;29.0;2;0;0.00;0.00;0.00;0.0;0.0
35.334;89;1384;30;41520;0.5;11.600;0.789;45;94;1;0;100;99;100;100;100;99;100;45;45;0;1.702;1.702;0.000;0.000;14.700;1.000;7.9;0.0;0;33;3.000;2.895;13.0;10;-10.0;0;0;0;0;0;99;0;0;1933;83.80;0;0;0;0;0;0;0;0;0;0;0;0;0;0;0;0;33;0;30.0;30.0;2;0;0.00;0.00;0.00;0.0;0.0
35.401;89;1377;29;39933;0.5;11.500;0.782;45;94;1;0;100;99;100;100;100;99;100;44;44;0;1.684;1.684;0.000;0.000;14.700;1.000;7.7;0.0;0;33;3.000;2.952;13.0;10;-10.2;0;0;0;0;0;99;0;0;1933;84.23;0;0;0;0;0;0;0;0;0;0;0;0;0;0;0;0;33;0;29.0;29.0;2;0;0.00;0.00;0.00;0.0;0.0
35.470;89;1373;28;38444;0.5;11.900;0.810;45;94;1;0;100;99;100;100;100;99;100;44;44;0;1.665;1.665;0.000;0.000;14.700;1.000;7.6;0.0;0;33;3.000;2.935;13.1;-100;-10.3;0;0;0;0;0;99;0;0;1933;84.47;0;0;0;0;0;0;0;0;0;0;0;0;0;0;0;0;33;0;28.0;28.0;2;0;0.00;0.00;0.00;0.0;0.0
35.535;89;1375;30;41250;0.5;12.200;0.830;45;94;1;0;100;99;100;100;100;99;100;45;45;0;1.690;1.690;0.000;0.000;14.700;1.000;7.7;0.0;0;33;3.000;2.946;13.1;-100;-10.0;0;0;0;0;0;99;0;0;1933;84.35;0;0;0;0;0;0;0;0;0;0;0;0;0;0;0;0;33;0;30.0;30.0;2;0;0.00;0.00;0.00;0.0;0.0
35.601;89;1375;29;39875;0.5;12.300;0.837;45;94;1;0;100;99;100;100;100;99;100;44;44;0;1.672;1.672;0.000;0.000;14.700;1.000;7.7;0.0;0;33;3.000;2.911;13.1;20;-10.2;0;0;0;0;0;99;0;0;1933;84.35;0;0;0;0;0;0;0;0;0;0;0;0;0;0;0;0;33;0;29.0;29.0;2;0;0.00;0.00;0.00;0.0;0.0
35.667;90;1380;30;41400;0.5;12.200;0.830;45;94;1;0;100;99;100;100;100;99;100;45;45;0;1.726;1.726;0.000;0.000;14.700;1.000;7.9;0.0;0;33;3.000;3.086;12.8;50;-10.0;0;0;0;0;0;99;0;0;1932;84.00;0;0;0;0;0;0;0;0;0;0;0;0;0;0;0;0;33;0;30.0;30.0;2;0;0.00;0.00;0.00;0.0;0.0
35.737;90;1380;30;41400;0.5;12.200;0.830;45;94;1;0;100;99;100;100;100;99;100;45;45;0;1.726;1.726;0.000;0.000;14.700;1.000;7.9;0.0;0;33;3.000;2.770;12.8;50;-10.0;0;0;0;0;0;99;0;0;1932;84.00;0;0;0;0;0;0;0;0;0;0;0;0;0;0;0;0;33;0;30.0;30.0;2;0;0.00;0.00;0.00;0.0;0.0
35.801;90;1367;30;41010;0.5;12.100;0.823;45;94;1;0;100;99;100;100;100;99;100;45;45;0;1.726;1.726;0.000;0.000;14.700;1.000;7.9;0.0;0;33;3.000;2.905;12.8;-40;-10.0;0;0;0;0;0;99;0;0;1932;84.80;0;0;0;0;0;0;0;0;0;0;0;0;0;0;0;0;33;0;30.0;30.0;2;0;0.00;0.00;0.00;0.0;0.0
35.868;90;1378;29;39962;0.5;12.200;0.830;45;94;1;0;100;99;100;100;100;99;100;45;45;0;1.718;1.718;0.000;0.000;14.700;1.000;7.9;0.0;0;33;3.000;2.828;12.8;20;-10.2;0;0;0;0;0;99;0;0;1932;84.12;0;0;0;0;0;0;0;0;0;0;0;0;0;0;0;0;33;0;29.0;29.0;2;0;0.00;0.00;0.00;0.0;0.0
35.937;90;1376;30;41280;0.5;12.200;0.830;45;94;1;0;100;99;100;100;100;99;100;45;45;0;1.690;1.690;0.000;0.000;14.700;1.000;7.8;0.0;0;33;3.000;2.885;13.1;20;-10.0;0;0;0;0;0;99;0;0;1932;84.24;0;0;0;0;0;0;0;0;0;0;0;0;0;0;0;0;33;0;30.0;30.0;2;0;0.00;0.00;0.00;0.0;0.0
36.002;90;1377;30;41310;0.5;12.400;0.844;45;94;1;0;100;99;100;100;100;99;100;45;45;0;1.690;1.690;0.000;0.000;14.700;1.000;7.8;0.0;0;33;3.000;3.080;13.1;-10;-10.0;0;0;0;0;0;99;0;0;1932;84.18;0;0;0;0;0;0;0;0;0;0;0;0;0;0;0;0;33;0;30.0;30.0;2;0;0.00;0.00;0.00;0.0;0.0
36.068;90;1374;30;41220;0.5;13.200;0.898;45;94;1;0;100;99;100;100;100;99;100;45;45;0;1.690;1.690;0.000;0.000;14.700;1.000;7.7;0.0;0;33;3.000;2.791;13.1;-10;-10.0;0;0;0;0;0;99;0;0;1932;84.37;0;0;0;0;0;0;0;0;0;0;0;0;0;0;0;0;33;0;30.0;30.0;2;0;0.00;0.00;0.00;0.0;0.0
36.133;90;1384;29;40136;0.5;13.000;0.884;45;94;1;0;100;99;100;100;100;99;100;44;44;0;1.672;1.672;0.000;0.000;14.700;1.000;7.7;0.0;0;33;3.000;2.792;13.1;-30;-10.2;0;0;0;0;0;99;0;0;1932;83.76;0;0;0;0;0;0;0;0;0;0;0;0;0;0;0;0;33;0;29.0;29.0;2;0;0.00;0.00;0.00;0.0;0.0
36.203;90;1387;30;41610;0.5;13.500;0.918;45;94;1;0;100;99;100;100;100;99;100;45;45;0;1.666;1.666;0.000;0.000;14.700;1.000;7.7;0.0;0;33;3.000;2.938;13.3;130;-10.0;0;0;0;0;0;99;0;0;1932;83.58;0;0;0;0;0;0;0;0;0;0;0;0;0;0;0;0;33;0;30.0;30.0;2;0;0.00;0.00;0.00;0.0;0.0
36.270;90;1389;29;40281;0.5;12.800;0.871;45;94;1;0;100;99;100;100;100;99;100;44;44;0;1.648;1.648;0.000;0.000;14.700;1.000;7.6;0.0;0;33;3.000;2.969;13.3;130;-10.2;0;0;0;0;0;99;0;0;1932;83.46;0;0;0;0;0;0;0;0;0;0;0;0;0;0;0;0;33;0;29.0;29.0;2;0;0.00;0.00;0.00;0.0;0.0
36.338;90;1376;29;39904;0.5;13.200;0.898;45;94;1;0;100;99;100;100;100;99;100;44;44;0;1.648;1.648;0.000;0.000;14.700;1.000;7.6;0.0;0;33;3.000;2.797;13.3;20;-10.2;0;0;0;0;0;99;0;0;1932;84.24;0;0;0;0;0;0;0;0;0;0;0;0;0;0;0;0;33;0;29.0;29.0;2;0;0.00;0.00;0.00;0.0;0.0
36.404;90;1384;29;40136;0.5;13.500;0.918;45;94;1;0;100;99;100;100;100;99;100;44;44;0;1.648;1.648;0.000;0.000;14.700;1.000;7.6;0.0;0;33;3.000;2.945;13.3;-70;-10.2;0;0;0;0;0;99;0;0;1932;83.76;0;0;0;0;0;0;0;0;0;0;0;0;0;0;0;0;33;0;29.0;29.0;2;0;0.00;0.00;0.00;0.0;0.0
36.469;90;1386;30;41580;0.5;13.500;0.918;45;94;1;0;100;99;100;100;100;99;100;45;45;0;1.714;1.714;0.000;0.000;14.700;1.000;7.9;0.0;0;33;3.000;2.897;12.9;-70;-10.0;0;0;0;0;0;99;0;0;1932;83.64;0;0;0;0;0;0;0;0;0;0;0;0;0;0;0;0;33;0;30.0;30.0;2;0;0.00;0.00;0.00;0.0;0.0
36.536;90;1385;30;41550;0.5;13.300;0.905;45;94;1;0;100;99;100;100;100;99;100;45;45;0;1.714;1.714;0.000;0.000;14.700;1.000;7.9;0.0;0;33;3.000;2.952;12.9;30;-10.0;0;0;0;0;0;99;0;0;1932;83.70;0;0;0;0;0;0;0;0;0;0;0;0;0;0;0;0;33;0;30.0;30.0;2;0;0.00;0.00;0.00;0.0;0.0
36.605;90;1390;29;40310;0.5;13.800;0.939;45;94;1;0;100;99;100;100;100;99;100;44;44;0;1.696;1.696;0.000;0.000;14.700;1.000;7.9;0.0;0;33;3.000;2.823;12.9;-20;-10.2;0;0;0;0;0;99;0;0;1932;83.40;0;0;0;0;0;0;0;0;0;0;0;0;0;0;0;0;33;0;29.0;29.0;2;0;0.00;0.00;0.00;0.0;0.0
36.669;90;1380;30;41400;0.5;13.800;0.939;45;94;1;0;100;99;100;100;100;99;100;45;45;0;1.714;1.714;0.000;0.000;14.700;1.000;7.9;0.0;0;33;3.000;2.917;12.9;-20;-10.0;0;0;0;0;0;99;0;0;1932;84.00;0;0;0;0;0;0;0;0;0;0;0;0;0;0;0;0;33;0;30.0;30.0;2;0;0.00;0.00;0.00;0.0;0.0
36.735;91;1389;29;40281;0.5;14.000;0.952;45;94;1;0;100;99;100;100;100;99;100;44;44;0;1.684;1.684;0.000;0.000;14.700;1.000;7.8;0.0;0;33;3.000;2.880;13.0;-30;-10.2;0;0;0;0;0;99;0;0;1925;83.15;0;0;0;0;0;0;0;0;0;0;0;0;0;0;0;0;33;0;29.0;29.0;2;0;0.00;0.00;0.00;0.0;0.0
36.800;91;1381;29;40049;0.5;14.100;0.959;45;94;1;0;100;99;100;100;100;99;100;44;44;0;1.684;1.684;0.000;0.000;14.700;1.000;7.8;0.0;0;33;3.000;2.893;13.0;40;-10.2;0;0;0;0;0;99;0;0;1925;83.64;0;0;0;0;0;0;0;0;0;0;0;0;0;0;0;0;33;0;29.0;29.0;2;0;0.00;0.00;0.00;0.0;0.0
36.867;91;1389;29;40281;0.5;14.000;0.952;45;94;1;0;100;99;100;100;100;99;100;44;44;0;1.684;1.684;0.000;0.000;14.700;1.000;7.8;0.0;0;33;3.000;3.035;13.0;40;-10.2;0;0;0;0;0;99;0;0;1925;83.15;0;0;0;0;0;0;0;0;0;0;0;0;0;0;0;0;33;0;29.0;29.0;2;0;0.00;0.00;0.00;0.0;0.0
36.936;91;1376;30;41280;0.5;13.900;0.946;45;94;1;0;100;99;100;100;100;99;100;45;45;0;1.678;1.678;0.000;0.000;14.700;1.000;7.7;0.0;0;33;3.000;2.751;13.2;50;-10.0;0;0;0;0;0;99;0;0;1925;83.94;0;0;0;0;0;0;0;0;0;0;0;0;0;0;0;0;33;0;30.0;30.0;2;0;0.00;0.00;0.00;0.0;0.0
37.002;91;1382;29;40078;0.5;14.000;0.952;45;94;1;0;100;99;100;100;100;99;100;44;44;0;1.660;1.660;0.000;0.000;14.700;1.000;7.6;0.0;0;33;3.000;2.959;13.2;-80;-10.2;0;0;0;0;0;99;0;0;1925;83.57;0;0;0;0;0;0;0;0;0;0;0;0;0;0;0;0;33;0;29.0;29.0;2;0;0.00;0.00;0.00;0.0;0.0
37.068;91;1381;30;41430;0.5;14.100;0.959;45;94;1;0;100;99;100;100;100;99;100;45;45;0;1.678;1.678;0.000;0.000;14.700;1.000;7.7;0.0;0;33;3.000;2.902;13.2;-80;-10.0;0;0;0;0;0;99;0;0;1925;83.64;0;0;0;0;0;0;0;0;0;0;0;0;0;0;0;0;33;0;30.0;30.0;2;0;0.00;0.00;0.00;0.0;0.0
37.137;91;1384;30;41520;0.5;14.200;0.966;45;94;1;0;100;99;100;100;100;99;100;45;45;0;1.678;1.678;0.000;0.000;14.700;1.000;7.7;0.0;0;33;3.000;3.052;13.2;10;-10.0;0;0;0;0;0;99;0;0;1925;83.45;0;0;0;0;0;0;0;0;0;0;0;0;0;0;0;0;33;0;30.0;30.0;2;0;0.00;0.00;0.00;0.0;0.0
37.203;91;1375;29;39875;0.5;14.100;0.959;45;94;1;0;100;99;100;100;100;99;100;44;44;0;1.648;1.648;0.000;0.000;14.700;1.000;7.6;0.0;0;33;3.000;2.759;13.3;30;-10.2;0;0;0;0;0;99;0;0;1925;84.00;0;0;0;0;0;0;0;0;0;0;0;0;0;0;0;0;33;0;29.0;29.0;2;0;0.00;0.00;0.00;0.0;0.0
37.272;91;1388;30;41640;0.5;14.100;0.959;45;94;1;0;100;99;100;100;100;99;100;45;45;0;1.666;1.666;0.000;0.000;14.700;1.000;7.7;0.0;0;33;3.000;2.891;13.3;30;-10.0;0;0;0;0;0;99;0;0;1925;83.21;0;0;0;0;0;0;0;0;0;0;0;0;0;0;0;0;33;0;30.0;30.0;2;0;0.00;0.00;0.00;0.0;0.0
37.339;91;1384;29;40136;0.5;13.800;0.939;45;94;1;0;100;99;100;100;100;99;100;44;44;0;1.648;1.648;0.000;0.000;14.700;1.000;7.6;0.0;0;33;3.000;2.872;13.3;-90;-10.2;0;0;0;0;0;99;0;0;1925;83.45;0;0;0;0;0;0;0;0;0;0;0;0;0;0;0;0;33;0;29.0;29.0;2;0;0.00;0.00;0.00;0.0;0.0
37.404;91;1382;30;41460;0.5;14.000;0.952;45;94;1;0;100;99;100;100;100;99;100;45;45;0;1.666;1.666;0.000;0.000;14.700;1.000;7.7;0.0;0;33;3.000;3.025;13.3;60;-10.0;0;0;0;0;0;99;0;0;1925;83.57;0;0;0;0;0;0;0;0;0;0;0;0;0;0;0;0;33;0;30.0;30.0;2;0;0.00;0.00;0.00;0.0;0.0
37.469;91;1372;30;41160;0.5;15.500;1.054;45;94;1;0;100;99;100;100;100;99;100;45;45;0;1.690;1.690;0.000;0.000;14.700;1.000;7.7;0.0;0;33;3.000;2.816;13.1;60;-10.0;0;0;0;0;0;99;0;0;1925;84.18;0;0;0;0;0;0;0;0;0;0;0;0;0;0;0;0;33;0;30.0;30.0;2;0;0.00;0.00;0.00;0.0;0.0
37.535;91;1392;29;40368;0.5;16.500;1.122;45;94;1;0;100;99;100;100;100;99;100;45;45;0;1.682;1.682;0.000;0.000;14.700;1.000;7.8;0.0;0;33;3.000;2.840;13.1;60;-10.2;0;0;0;0;0;99;0;0;1925;82.97;0;0;0;0;0;0;0;0;0;0;0;0;0;0;0;0;33;0;29.0;29.0;2;0;0.00;0.00;0.00;0.0;0.0
37.604;91;1380;29;40020;0.5;17.400;1.184;45;94;1;0;100;99;100;100;100;99;100;44;44;0;1.672;1.672;0.000;0.000;14.700;1.000;7.7;0.0;0;34;3.000;2.954;13.1;-40;-10.2;0;0;0;0;0;99;0;0;1925;83.70;0;0;0;0;0;0;0;0;0;0;0;0;0;0;0;0;34;0;29.0;29.0;2;0;0.00;0.00;0.00;0.0;0.0
37.669;91;1373;30;41190;0.5;17.300;1.177;45;94;1;0;100;99;100;100;100;99;100;45;45;0;1.690;1.690;0.000;0.000;14.700;1.000;7.7;0.0;0;33;3.000;2.903;13.1;-40;-10.0;0;0;0;0;0;99;0;0;1925;84.12;0;0;0;0;0;0;0;0;0;0;0;0;0;0;0;0;33;0;30.0;30.0;2;0;0.00;0.00;0.00;0.0;0.0
37.734;92;1372;29;39788;0.5;18.600;1.265;45;94;1;0;100;99;100;100;100;99;100;44;44;0;1.660;1.660;0.000;0.000;14.700;1.000;7.6;0.0;0;34;3.000;2.799;13.2;-90;-10.2;0;0;0;0;0;99;0;0;1933;84.53;0;0;0;0;0;0;0;0;0;0;0;0;0;0;0;0;34;0;29.0;29.0;2;0;0.00;0.00;0.00;0.0;0.0
37.799;92;1358;30;40740;0.5;19.500;1.327;45;94;1;0;100;99;100;100;100;99;100;45;45;0;1.678;1.678;0.000;0.000;14.700;1.000;7.6;0.0;0;33;3.000;2.940;13.2;-170;-10.0;0;0;0;0;0;99;0;0;1933;85.41;0;0;0;0;0;0;0;0;0;0;0;0;0;0;0;0;33;0;30.0;30.0;2;0;0.00;0.00;0.00;0.0;0.0
37.865;92;1378;30;41340;0.5;19.700;1.340;45;94;1;0;100;99;100;100;100;99;100;45;45;0;1.678;1.678;0.000;0.000;14.700;1.000;7.7;0.0;0;33;3.000;2.987;13.2;-170;-10.0;0;0;0;0;0;99;0;0;1933;84.17;0;0;0;0;0;0;0;0;0;0;0;0;0;0;0;0;33;0;30.0;30.0;2;0;0.00;0.00;0.00;0.0;0.0
37.935;92;1384;30;41520;0.5;19.700;1.340;45;94;1;0;100;99;100;100;100;99;100;45;45;0;1.678;1.678;0.000;0.000;14.700;1.000;7.7;0.0;0;33;3.000;2.876;13.2;110;-10.0;0;0;0;0;0;99;0;0;1933;83.80;0;0;0;0;0;0;0;0;0;0;0;0;0;0;0;0;33;0;30.0;30.0;2;0;0.00;0.00;0.00;0.0;0.0
38.002;92;1392;30;41760;0.5;19.700;1.340;45;94;1;0;100;99;100;100;100;99;100;45;45;0;1.678;1.678;0.000;0.000;14.700;1.000;7.8;0.0;0;33;3.000;2.989;13.2;230;-10.0;0;0;0;0;0;99;0;0;1933;83.32;0;0;0;0;0;0;0;0;0;0;0;0;0;0;0;0;33;0;30.0;30.0;2;0;0.00;0.00;0.00;0.0;0.0
38.070;92;1378;30;41340;0.5;19.700;1.340;45;94;1;0;100;99;100;100;100;99;100;45;45;0;1.678;1.678;0.000;0.000;14.700;1.000;7.7;0.0;0;33;3.000;2.819;13.2;230;-10.0;0;0;0;0;0;99;0;0;1933;84.17;0;0;0;0;0;0;0;0;0;0;0;0;0;0;0;0;33;0;30.0;30.0;2;0;0.00;0.00;0.00;0.0;0.0
38.137;92;1387;29;40223;0.5;19.700;1.340;45;94;1;0;100;99;100;100;100;99;100;45;45;0;1.670;1.670;0.000;0.000;14.700;1.000;7.7;0.0;0;34;3.000;2.971;13.2;-30;-10.2;0;0;0;0;0;99;0;0;1933;83.62;0;0;0;0;0;0;0;0;0;0;0;0;0;0;0;0;34;0;29.0;29.0;2;0;0.00;0.00;0.00;0.0;0.0
38.201;92;1383;30;41490;0.5;19.700;1.340;45;94;1;0;100;99;100;100;100;99;100;45;45;0;1.678;1.678;0.000;0.000;14.700;1.000;7.7;0.0;0;33;3.000;2.830;13.2;-30;-10.0;0;0;0;0;0;99;0;0;1933;83.86;0;0;0;0;0;0;0;0;0;0;0;0;0;0;0;0;33;0;30.0;30.0;2;0;0.00;0.00;0.00;0.0;0.0
38.267;92;1383;29;40107;0.5;19.700;1.340;45;94;1;0;100;99;100;100;100;99;100;45;45;0;1.694;1.694;0.000;0.000;14.700;1.000;7.8;0.0;0;33;3.000;2.948;13.0;-60;-10.2;0;0;0;0;0;99;0;0;1933;83.86;0;0;0;0;0;0;0;0;0;0;0;0;0;0;0;0;33;0;29.0;29.0;2;0;0.00;0.00;0.00;0.0;0.0
38.337;92;1375;29;39875;0.5;19.700;1.340;45;94;1;0;100;99;100;100;100;99;100;44;44;0;1.684;1.684;0.000;0.000;14.700;1.000;7.7;0.0;0;33;3.000;2.845;13.0;30;-10.2;0;0;0;0;0;99;0;0;1933;84.35;0;0;0;0;0;0;0;0;0;0;0;0;0;0;0;0;33;0;29.0;29.0;2;0;0.00;0.00;0.00;0.0;0.0
38.403;92;1380;30;41400;0.5;19.700;1.340;45;94;1;0;100;99;100;100;100;99;100;45;45;0;1.702;1.702;0.000;0.000;14.700;1.000;7.8;0.0;0;33;3.000;2.914;13.0;30;-10.0;0;0;0;0;0;99;0;0;1933;84.04;0;0;0;0;0;0;0;0;0;0;0;0;0;0;0;0;33;0;30.0;30.0;2;0;0.00;0.00;0.00;0.0;0.0
38.467;92;1382;30;41460;0.5;19.700;1.340;45;94;1;0;100;99;100;100;100;99;100;45;45;0;1.678;1.678;0.000;0.000;14.700;1.000;7.7;0.0;0;33;3.000;2.945;13.2;-170;-10.0;0;0;0;0;0;99;0;0;1933;83.92;0;0;0;0;0;0;0;0;0;0;0;0;0;0;0;0;33;0;30.0;30.0;2;0;0.00;0.00;0.00;0.0;0.0
38.533;92;1386;30;41580;0.5;19.700;1.340;45;94;1;0;100;99;100;100;100;99;100;45;45;0;1.678;1.678;0.000;0.000;14.700;1.000;7.8;0.0;0;33;3.000;3.047;13.2;20;-10.0;0;0;0;0;0;99;0;0;1933;83.68;0;0;0;0;0;0;0;0;0;0;0;0;0;0;0;0;33;0;30.0;30.0;2;0;0.00;0.00;0.00;0.0;0.0
38.599;92;1373;29;39817;0.5;19.700;1.340;45;94;1;0;100;99;100;100;100;99;100;45;45;0;1.670;1.670;0.000;0.000;14.700;1.000;7.6;0.0;0;34;3.000;2.928;13.2;20;-10.2;0;0;0;0;0;99;0;0;1933;84.47;0;0;0;0;0;0;0;0;0;0;0;0;0;0;0;0;34;0;29.0;29.0;2;0;0.00;0.00;0.00;0.0;0.0
38.669;92;1378;29;39962;0.5;19.700;1.340;45;94;1;0;100;99;100;100;100;99;100;45;45;0;1.670;1.670;0.000;0.000;14.700;1.000;7.7;0.0;0;33;3.000;2.775;13.2;140;-10.2;0;0;0;0;0;99;0;0;1933;84.17;0;0;0;0;0;0;0;0;0;0;0;0;0;0;0;0;33;0;29.0;29.0;2;0;0.00;0.00;0.00;0.0;0.0
38.739;93;1384;29;40136;0.5;19.700;1.340;45;94;1;0;100;99;100;100;100;99;100;44;44;0;1.648;1.648;0.000;0.000;14.700;1.000;7.6;0.0;0;33;3.000;2.876;13.3;-10;-10.2;0;0;0;0;0;99;0;0;1940;84.10;0;0;0;0;0;0;0;0;0;0;0;0;0;0;0;0;33;0;29.0;29.0;2;0;0.00;0.00;0.00;0.0;0.0
38.803;93;1385;30;41550;0.5;19.700;1.340;45;94;1;0;100;99;100;100;100;99;100;45;45;0;1.666;1.666;0.000;0.000;14.700;1.000;7.7;0.0;0;33;3.000;2.934;13.3;-10;-10.0;0;0;0;0;0;99;0;0;1940;84.04;0;0;0;0;0;0;0;0;0;0;0;0;0;0;0;0;33;0;30.0;30.0;2;0;0.00;0.00;0.00;0.0;0.0
38.869;93;1383;29;40107;0.5;19.600;1.333;45;94;1;0;100;99;100;100;100;99;100;45;45;0;1.658;1.658;0.000;0.000;14.700;1.000;7.6;0.0;0;33;3.000;2.924;13.3;10;-10.2;0;0;0;0;0;99;0;0;1940;84.16;0;0;0;0;0;0;0;0;0;0;0;0;0;0;0;0;33;0;29.0;29.0;2;0;0.00;0.00;0.00;0.0;0.0
38.934;93;1364;30;40920;0.5;19.600;1.333;45;94;1;0;100;99;100;100;100;99;100;45;45;0;1.666;1.666;0.000;0.000;14.700;1.000;7.6;0.0;0;33;3.000;2.780;13.3;-70;-10.0;0;0;0;0;0;99;0;0;1940;85.34;0;0;0;0;0;0;0;0;0;0;0;0;0;0;0;0;33;0;30.0;30.0;2;0;0.00;0.00;0.00;0.0;0.0
38.999;93;1374;29;39846;0.5;19.700;1.340;45;95;1;0;100;99;100;100;100;99;100;44;44;0;1.696;1.696;0.000;0.000;14.700;1.000;7.8;0.0;0;33;3.000;2.801;12.9;-70;-10.2;0;0;0;0;0;99;0;0;1940;84.72;0;0;0;0;0;0;0;0;0;0;0;0;0;0;0;0;33;0;29.0;29.0;2;0;0.00;0.00;0.00;0.0;0.0
39.065;93;1373;30;41190;0.5;19.700;1.340;45;95;1;0;100;99;100;100;100;99;100;45;45;0;1.714;1.714;0.000;0.000;14.700;1.000;7.8;0.0;0;33;3.000;2.798;12.9;-120;-10.0;0;0;0;0;0;99;0;0;1940;84.78;0;0;0;0;0;0;0;0;0;0;0;0;0;0;0;0;33;0;30.0;30.0;2;0;0.00;0.00;0.00;0.0;0.0
39.135;93;1382;30;41460;0.5;19.700;1.340;45;95;1;0;100;99;100;100;100;99;100;45;45;0;1.714;1.714;0.000;0.000;14.700;1.000;7.9;0.0;0;33;3.000;3.050;12.9;0;-10.0;0;0;0;0;0;99;0;0;1940;84.23;0;0;0;0;0;0;0;0;0;0;0;0;0;0;0;0;33;0;30.0;30.0;2;0;0.00;0.00;0.00;0.0;0.0
39.201;93;1375;30;41250;0.5;19.700;1.340;45;95;1;0;100;99;100;100;100;99;100;45;45;0;1.714;1.714;0.000;0.000;14.700;1.000;7.9;0.0;0;33;3.000;2.833;12.9;0;-10.0;0;0;0;0;0;99;0;0;1940;84.65;0;0;0;0;0;0;0;0;0;0;0;0;0;0;0;0;33;0;30.0;30.0;2;0;0.00;0.00;0.00;0.0;0.0
39.268;93;1392;29;40368;0.5;19.700;1.340;45;95;1;0;100;99;100;100;100;99;100;45;45;0;1.694;1.694;0.000;0.000;14.700;1.000;7.9;0.0;0;33;3.000;2.907;13.0;240;-10.2;0;0;0;0;0;99;0;0;1940;83.62;0;0;0;0;0;0;0;0;0;0;0;0;0;0;0;0;33;0;29.0;29.0;2;0;0.00;0.00;0.00;0.0;0.0
39.335;93;1386;29;40194;0.5;19.700;1.340;45;95;1;0;100;99;100;100;100;99;100;44;44;0;1.684;1.684;0.000;0.000;14.700;1.000;7.8;0.0;0;33;3.000;2.826;13.0;-40;-10.2;0;0;0;0;0;99;0;0;1940;83.98;0;0;0;0;0;0;0;0;0;0;0;0;0;0;0;0;33;0;29.0;29.0;2;0;0.00;0.00;0.00;0.0;0.0
39.402;93;1388;29;40252;0.5;19.700;1.340;45;95;1;0;100;99;100;100;100;99;100;44;44;0;1.684;1.684;0.000;0.000;14.700;1.000;7.8;0.0;0;34;3.000;3.120;13.0;-40;-10.2;0;0;0;0;0;99;0;0;1940;83.86;0;0;0;0;0;0;0;0;0;0;0;0;0;0;0;0;34;0;29.0;29.0;2;0;0.00;0.00;0.00;0.0;0.0
39.467;93;1376;29;39904;0.5;19.600;1.333;45;95;1;0;100;99;100;100;100;99;100;44;44;0;1.684;1.684;0.000;0.000;14.700;1.000;7.7;0.0;0;33;3.000;2.754;13.0;0;-10.2;0;0;0;0;0;99;0;0;1940;84.59;0;0;0;0;0;0;0;0;0;0;0;0;0;0;0;0;33;0;29.0;29.0;2;0;0.00;0.00;0.00;0.0;0.0
39.533;93;1389;29;40281;0.5;19.700;1.340;45;95;1;0;100;99;100;100;100;99;100;44;44;0;1.672;1.672;0.000;0.000;14.700;1.000;7.7;0.0;0;33;3.000;2.810;13.1;30;-10.2;0;0;0;0;0;99;0;0;1940;83.80;0;0;0;0;0;0;0;0;0;0;0;0;0;0;0;0;33;0;29.0;29.0;2;0;0.00;0.00;0.00;0.0;0.0
39.602;93;1392;29;40368;0.5;19.700;1.340;45;95;1;0;100;99;100;100;100;99;100;45;45;0;1.682;1.682;0.000;0.000;14.700;1.000;7.8;0.0;0;33;3.000;2.888;13.1;30;-10.2;0;0;0;0;0;99;0;0;1940;83.62;0;0;0;0;0;0;0;0;0;0;0;0;0;0;0;0;33;0;29.0;29.0;2;0;0.00;0.00;0.00;0.0;0.0
39.668;93;1387;29;40223;0.5;19.700;1.340;45;95;1;0;100;99;100;100;100;99;100;45;45;0;1.682;1.682;0.000;0.000;14.700;1.000;7.8;0.0;0;34;3.000;2.969;13.1;-110;-10.2;0;0;0;0;0;99;0;0;1940;83.92;0;0;0;0;0;0;0;0;0;0;0;0;0;0;0;0;34;0;29.0;29.0;2;0;0.00;0.00;0.00;0.0;0.0
39.733;94;1384;29;40136;0.5;19.600;1.333;45;95;1;0;100;99;100;100;100;99;100;44;44;0;1.660;1.660;0.000;0.000;14.700;1.000;7.7;0.0;0;33;3.000;2.921;13.2;-60;-10.2;0;0;0;0;0;99;0;0;1939;84.06;0;0;0;0;0;0;0;0;0;0;0;0;0;0;0;0;33;0;29.0;29.0;2;0;0.00;0.00;0.00;0.0;0.0
39.799;94;1377;30;41310;0.5;19.700;1.340;45;95;1;0;100;99;100;100;100;99;100;45;45;0;1.678;1.678;0.000;0.000;14.700;1.000;7.7;0.0;0;33;3.000;2.807;13.2;-60;-10.0;0;0;0;0;0;99;0;0;1939;84.49;0;0;0;0;0;0;0;0;0;0;0;0;0;0;0;0;33;0;30.0;30.0;2;0;0.00;0.00;0.00;0.0;0.0
39.869;94;1395;29;40455;0.5;19.700;1.340;45;95;1;0;100;99;100;100;100;99;100;44;44;0;1.660;1.660;0.000;0.000;14.700;1.000;7.7;0.0;0;34;3.000;2.970;13.2;200;-10.2;0;0;0;0;0;99;0;0;1939;83.40;0;0;0;0;0;0;0;0;0;0;0;0;0;0;0;0;34;0;29.0;29.0;2;0;0.00;0.00;0.00;0.0;0.0
39.934;94;1391;29;40339;0.5;19.700;1.340;45;95;1;0;100;99;100;100;100;99;100;44;44;0;1.660;1.660;0.000;0.000;14.700;1.000;7.7;0.0;0;33;3.000;2.832;13.2;-10;-10.2;0;0;0;0;0;99;0;0;1939;83.64;0;0;0;0;0;0;0;0;0;0;0;0;0;0;0;0;33;0;29.0;29.0;2;0;0.00;0.00;0.00;0.0;0.0
40.000;94;1393;29;40397;0.5;19.700;1.340;45;95;1;0;100;99;100;100;100;99;100;44;44;0;1.672;1.672;0.000;0.000;14.700;1.000;7.8;0.0;0;33;3.000;2.967;13.1;-10;-10.2;0;0;0;0;0;99;0;0;1939;83.52;0;0;0;0;0;0;0;0;0;0;0;0;0;0;0;0;33;0;29.0;29.0;2;0;0.00;0.00;0.00;0.0;0.0
40.069;94;1380;29;40020;0.5;19.700;1.340;45;95;1;0;100;99;100;100;100;99;100;44;44;0;1.672;1.672;0.000;0.000;14.700;1.000;7.7;0.0;0;34;3.000;2.870;13.1;20;-10.2;0;0;0;0;0;99;0;0;1939;84.30;0;0;0;0;0;0;0;0;0;0;0;0;0;0;0;0;34;0;29.0;29.0;2;0;0.00;0.00;0.00;0.0;0.0
40.135;94;1391;29;40339;0.5;19.700;1.340;45;95;1;0;100;99;100;100;100;99;100;44;44;0;1.672;1.672;0.000;0.000;14.700;1.000;7.8;0.0;0;33;3.000;2.878;13.1;20;-10.2;0;0;0;0;0;99;0;0;1939;83.64;0;0;0;0;0;0;0;0;0;0;0;0;0;0;0;0;33;0;29.0;29.0;2;0;0.00;0.00;0.00;0.0;0.0
40.200;94;1391;30;41730;0.5;19.700;1.340;45;95;1;0;100;99;100;100;100;99;100;45;45;0;1.690;1.690;0.000;0.000;14.700;1.000;7.8;0.0;0;33;3.000;2.850;13.1;-20;-10.0;0;0;0;0;0;99;0;0;1939;83.64;0;0;0;0;0;0;0;0;0;0;0;0;0;0;0;0;33;0;30.0;30.0;2;0;0.00;0.00;0.00;0.0;0.0
40.267;94;1386;30;41580;0.5;19.700;1.340;45;95;1;0;100;99;100;100;100;99;100;45;45;0;1.690;1.690;0.000;0.000;14.700;1.000;7.8;0.0;0;33;3.000;3.047;13.1;-150;-10.0;0;0;0;0;0;99;0;0;1939;83.94;0;0;0;0;0;0;0;0;0;0;0;0;0;0;0;0;33;0;30.0;30.0;2;0;0.00;0.00;0.00;0.0;0.0
40.336;94;1375;29;39875;0.5;19.700;1.340;45;95;1;0;100;99;100;100;100;99;100;44;44;0;1.672;1.672;0.000;0.000;14.700;1.000;7.7;0.0;0;33;3.000;2.789;13.1;-150;-10.2;0;0;0;0;0;99;0;0;1939;84.61;0;0;0;0;0;0;0;0;0;0;0;0;0;0;0;0;33;0;29.0;29.0;2;0;0.00;0.00;0.00;0.0;0.0
40.403;94;1373;29;39817;0.5;19.700;1.340;45;95;1;0;100;99;100;100;100;99;100;45;45;0;1.682;1.682;0.000;0.000;14.700;1.000;7.7;0.0;0;34;3.000;2.830;13.1;120;-10.2;0;0;0;0;0;99;0;0;1939;84.73;0;0;0;0;0;0;0;0;0;0;0;0;0;0;0;0;34;0;29.0;29.0;2;0;0.00;0.00;0.00;0.0;0.0
40.470;94;1390;29;40310;0.5;19.700;1.340;45;95;1;0;100;99;100;100;100;99;100;44;44;0;1.672;1.672;0.000;0.000;14.700;1.000;7.7;0.0;0;33;3.000;2.769;13.1;10;-10.2;0;0;0;0;0;99;0;0;1939;83.70;0;0;0;0;0;0;0;0;0;0;0;0;0;0;0;0;33;0;29.0;29.0;2;0;0.00;0.00;0.00;0.0;0.0
40.536;94;1390;30;41700;0.5;19.700;1.340;45;95;1;0;100;99;100;100;100;99;100;45;45;0;1.678;1.678;0.000;0.000;14.700;1.000;7.8;0.0;0;33;3.000;2.881;13.2;10;-10.0;0;0;0;0;0;99;0;0;1939;83.70;0;0;0;0;0;0;0;0;0;0;0;0;0;0;0;0;33;0;30.0;30.0;2;0;0.00;0.00;0.00;0.0;0.0
40.602;94;1392;29;40368;0.5;19.700;1.340;45;95;1;0;100;99;100;100;100;99;100;45;45;0;1.670;1.670;0.000;0.000;14.700;1.000;7.7;0.0;0;33;3.000;2.973;13.2;10;-10.2;0;0;0;0;0;99;0;0;1939;83.58;0;0;0;0;0;0;0;0;0;0;0;0;0;0;0;0;33;0;29.0;29.0;2;0;0.00;0.00;0.00;0.0;0.0
40.668;94;1379;29;39991;0.5;19.700;1.340;45;95;1;0;100;99;100;100;100;99;100;44;44;0;1.660;1.660;0.000;0.000;14.700;1.000;7.6;0.0;0;34;3.000;2.771;13.2;-30;-10.2;0;0;0;0;0;99;0;0;1939;84.37;0;0;0;0;0;0;0;0;0;0;0;0;0;0;0;0;34;0;29.0;29.0;2;0;0.00;0.00;0.00;0.0;0.0
40.736;94;1389;29;40281;0.5;19.700;1.340;45;95;1;0;100;99;100;100;100;99;100;44;44;0;1.660;1.660;0.000;0.000;14.700;1.000;7.7;0.0;0;33;3.000;2.906;13.2;-30;-10.2;0;0;0;0;0;99;0;0;1939;83.76;0;0;0;0;0;0;0;0;0;0;0;0;0;0;0;0;33;0;29.0;29.0;2;0;0.00;0.00;0.00;0.0;0.0
40.802;95;1386;30;41580;0.5;19.700;1.340;45;95;1;0;100;99;100;100;100;99;100;45;45;0;1.678;1.678;0.000;0.000;14.700;1.000;7.8;0.0;0;33;3.000;2.908;13.2;20;-10.0;0;0;0;0;0;99;0;0;1932;83.64;0;0;0;0;0;0;0;0;0;0;0;0;0;0;0;0;33;0;30.0;30.0;2;0;0.00;0.00;0.00;0.0;0.0
40.869;95;1378;29;39962;0.5;19.700;1.340;45;95;1;0;100;99;100;100;100;99;100;45;45;0;1.670;1.670;0.000;0.000;14.700;1.000;7.7;0.0;0;33;3.000;3.018;13.2;-200;-10.2;0;0;0;0;0;99;0;0;1932;84.12;0;0;0;0;0;0;0;0;0;0;0;0;0;0;0;0;33;0;29.0;29.0;2;0;0.00;0.00;0.00;0.0;0.0
40.938;95;1358;29;39382;0.5;19.700;1.340;45;95;1;0;100;99;100;100;100;99;100;44;44;0;1.660;1.660;0.000;0.000;14.700;1.000;7.5;0.0;0;33;3.000;2.676;13.2;-200;-10.2;0;0;0;0;0;99;0;0;1932;85.36;0;0;0;0;0;0;0;0;0;0;0;0;0;0;0;0;33;0;29.0;29.0;2;0;0.00;0.00;0.00;0.0;0.0
41.002;95;1370;30;41100;0.5;19.600;1.333;45;95;1;0;100;99;100;100;100;99;100;45;45;0;1.690;1.690;0.000;0.000;14.700;1.000;7.7;0.0;0;33;3.000;2.987;13.1;10;-10.0;0;0;0;0;0;99;0;0;1932;84.61;0;0;0;0;0;0;0;0;0;0;0;0;0;0;0;0;33;0;30.0;30.0;2;0;0.00;0.00;0.00;0.0;0.0
41.069;95;1364;30;40920;0.5;19.700;1.340;45;95;1;0;100;99;100;100;100;99;100;45;45;0;1.690;1.690;0.000;0.000;14.700;1.000;7.7;0.0;0;33;3.000;2.947;13.1;-40;-10.0;0;0;0;0;0;99;0;0;1932;84.99;0;0;0;0;0;0;0;0;0;0;0;0;0;0;0;0;33;0;30.0;30.0;2;0;0.00;0.00;0.00;0.0;0.0
41.135;95;1364;30;40920;0.5;19.700;1.340;45;95;1;0;100;99;100;100;100;99;100;45;45;0;1.690;1.690;0.000;0.000;14.700;1.000;7.7;0.0;0;33;3.000;3.090;13.1;-40;-10.0;0;0;0;0;0;99;0;0;1932;84.99;0;0;0;0;0;0;0;0;0;0;0;0;0;0;0;0;33;0;30.0;30.0;2;0;0.00;0.00;0.00;0.0;0.0