"Time";"SecL";"RPM";"MAP";"MAPxRPM";"TPS";"AFR";"Lambda";"IAT";"CLT";"Engine";"DFCO";"Gego";"Gair";"Gbattery";"Gwarm";"Gbaro";"Gammae";"Accel Enrich";"VE _Current";"VE1";"VE2";"PW";"PW2";"PW3";"PW4";"AFR Target";"Lambda Target";"Duty Cycle";"Duty Cycle _Staging";"TPS DOT";"Advance _Current";"Dwell";"Dwell _Measured";"Battery V";"rpm/s";"Boost PSI";"Boost cut";"Hard Launch";"Hard Limiter";"Idle Control";"IAC value";"Baro Pressure";"Fan";"Sync Loss #";"Loops/s";"Loops/rev";"Aux0";"Aux1";"Aux2";"Aux3";"Aux4";"Aux5";"Aux6";"Aux7";"Aux8";"Aux9";"Aux10";"Aux11";"Aux12";"Aux13";"Aux14";"Aux15";"Advance 1";"Advance 2";"FuelLoad";"IgnitionLoad";"Sync status";"";"Trip Meter Miles";"Odometer Miles";"Vehicle Speed";"Power";"Torque"
"s";"sec";"rpm";"kpa";"";"%";"O2";"";"";"";"bits";"";"%";"%";"";"%";"%";"%";"%";"%";"%";"%";"ms";"ms";"ms";"ms";"O2";"";"";"";"%/s";"deg";"ms";"ms";"V";"rpm/s";"";"";"";"";"";"None";"kpa";"";"";"loops";"";"";"";"";"";"";"";"";"";"";"";"";"";"";"";"";"";"deg";"deg";"kPa";"kPa";"";"bits";"Miles";"Miles";"MPH";"HP";"lbft"
779.237;10;0;99;0;0.0;14.900;1.014;24;26;0;0;100;0;100;0;0;0;0;88;88;0;0.000;0.000;0.000;0.000;0.000;0.000;0.0;0.0;0;14;0.000;0.000;0.0;0;0.0;0;0;0;0;0;99;0;0;4968;0.00;0;0;0;0;0;0;0;0;0;0;0;0;0;0;0;0;14;0;99.0;99.0;0;0;0.00;0.00;0.00;0.0;0.0
0.002;10;0;99;0;0.0;14.900;1.014;24;26;0;0;100;0;100;0;0;0;0;88;88;0;0.000;0.000;0.000;0.000;0.000;0.000;0.0;0.0;0;14;0.000;0.000;0.0;0;0.0;0;0;0;0;0;99;0;0;4968;0.00;0;0;0;0;0;0;0;0;0;0;0;0;0;0;0;0;14;0;99.0;99.0;0;0;0.00;0.00;0.00;0.0;0.0
0.002;10;0;99;0;0.0;14.900;1.014;24;26;0;0;100;0;100;0;0;0;0;88;88;0;0.000;0.000;0.000;0.000;0.000;0.000;0.0;0.0;0;14;0.000;0.000;0.0;0;0.0;0;0;0;0;0;99;0;0;4968;0.00;0;0;0;0;0;0;0;0;0;0;0;0;0;0;0;0;14;0;99.0;99.0;0;0;0.00;0.00;0.00;0.0;0.0
0.073;10;0;99;0;0.0;14.900;1.014;24;26;0;0;100;0;100;0;0;0;0;88;88;0;0.000;0.000;0.000;0.000;0.000;0.000;0.0;0.0;0;14;0.000;0.000;0.0;0;0.0;0;0;0;0;0;99;0;0;4968;0.00;0;0;0;0;0;0;0;0;0;0;0;0;0;0;0;0;14;0;99.0;99.0;0;0;0.00;0.00;0.00;0.0;0.0
0.138;10;0;99;0;0.0;14.900;1.014;24;26;0;0;100;0;100;0;0;0;0;88;88;0;0.000;0.000;0.000;0.000;0.000;0.000;0.0;0.0;0;14;0.000;0.000;0.0;0;0.0;0;0;0;0;0;99;0;0;4968;0.00;0;0;0;0;0;0;0;0;0;0;0;0;0;0;0;0;14;0;99.0;99.0;0;0;0.00;0.00;0.00;0.0;0.0
0.268;10;0;99;0;0.0;14.900;1.014;24;26;0;0;100;0;100;0;0;0;0;88;88;0;0.000;0.000;0.000;0.000;0.000;0.000;0.0;0.0;0;14;0.000;0.000;0.0;0;0.0;0;0;0;0;0;99;0;0;4968;0.00;0;0;0;0;0;0;0;0;0;0;0;0;0;0;0;0;14;0;99.0;99.0;0;0;0.00;0.00;0.00;0.0;0.0
0.333;10;0;99;0;0.0;14.900;1.014;24;26;0;0;100;0;100;0;0;0;0;88;88;0;0.000;0.000;0.000;0.000;0.000;0.000;0.0;0.0;0;14;0.000;0.000;0.0;0;0.0;0;0;0;0;0;99;0;0;4968;0.00;0;0;0;0;0;0;0;0;0;0;0;0;0;0;0;0;14;0;99.0;99.0;0;0;0.00;0.00;0.00;0.0;0.0
0.400;10;0;99;0;0.0;14.900;1.014;24;26;0;0;100;0;100;0;0;0;0;88;88;0;0.000;0.000;0.000;0.000;0.000;0.000;0.0;0.0;0;14;0.000;0.000;0.0;0;0.0;0;0;0;0;0;99;0;0;4968;0.00;0;0;0;0;0;0;0;0;0;0;0;0;0;0;0;0;14;0;99.0;99.0;0;0;0.00;0.00;0.00;0.0;0.0
0.469;10;0;99;0;0.0;14.900;1.014;24;26;0;0;100;0;100;0;0;0;0;88;88;0;0.000;0.000;0.000;0.000;0.000;0.000;0.0;0.0;0;14;0.000;0.000;0.0;0;0.0;0;0;0;0;0;99;0;0;4968;0.00;0;0;0;0;0;0;0;0;0;0;0;0;0;0;0;0;14;0;99.0;99.0;0;0;0.00;0.00;0.00;0.0;0.0
0.469;10;0;99;0;0.0;14.900;1.014;24;26;0;0;100;0;100;0;0;0;0;88;88;0;0.000;0.000;0.000;0.000;0.000;0.000;0.0;0.0;0;14;0.000;0.000;0.0;0;0.0;0;0;0;0;0;99;0;0;4968;0.00;0;0;0;0;0;0;0;0;0;0;0;0;0;0;0;0;14;0;99.0;99.0;0;0;0.00;0.00;0.00;0.0;0.0
0.600;10;0;99;0;0.0;14.900;1.014;24;26;0;0;100;0;100;0;0;0;0;88;88;0;0.000;0.000;0.000;0.000;0.000;0.000;0.0;0.0;0;14;0.000;0.000;0.0;0;0.0;0;0;0;0;0;99;0;0;4968;0.00;0;0;0;0;0;0;0;0;0;0;0;0;0;0;0;0;14;0;99.0;99.0;0;0;0.00;0.00;0.00;0.0;0.0
0.669;10;0;99;0;0.0;14.900;1.014;24;26;0;0;100;0;100;0;0;0;0;88;88;0;0.000;0.000;0.000;0.000;0.000;0.000;0.0;0.0;0;14;0.000;0.000;0.0;0;0.0;0;0;0;0;0;99;0;0;4968;0.00;0;0;0;0;0;0;0;0;0;0;0;0;0;0;0;0;14;0;99.0;99.0;0;0;0.00;0.00;0.00;0.0;0.0
0.737;10;0;99;0;0.0;14.900;1.014;24;26;0;0;100;0;100;0;0;0;0;88;88;0;0.000;0.000;0.000;0.000;0.000;0.000;0.0;0.0;0;14;0.000;0.000;0.0;0;0.0;0;0;0;0;0;99;0;0;4968;0.00;0;0;0;0;0;0;0;0;0;0;0;0;0;0;0;0;14;0;99.0;99.0;0;0;0.00;0.00;0.00;0.0;0.0
0.804;10;0;99;0;0.0;14.900;1.014;24;26;0;0;100;0;100;0;0;0;0;88;88;0;0.000;0.000;0.000;0.000;0.000;0.000;0.0;0.0;0;14;0.000;0.000;0.0;0;0.0;0;0;0;0;0;99;0;0;4968;0.00;0;0;0;0;0;0;0;0;0;0;0;0;0;0;0;0;14;0;99.0;99.0;0;0;0.00;0.00;0.00;0.0;0.0
0.869;10;0;99;0;0.0;14.900;1.014;24;26;0;0;100;0;100;0;0;0;0;88;88;0;0.000;0.000;0.000;0.000;0.000;0.000;0.0;0.0;0;14;0.000;0.000;0.0;0;0.0;0;0;0;0;0;99;0;0;4968;0.00;0;0;0;0;0;0;0;0;0;0;0;0;0;0;0;0;14;0;99.0;99.0;0;0;0.00;0.00;0.00;0.0;0.0
0.936;11;0;99;0;0.0;14.900;1.014;24;26;0;0;100;0;100;0;0;0;0;88;88;0;0.000;0.000;0.000;0.000;0.000;0.000;0.0;0.0;0;14;0.000;0.000;0.0;0;0.0;0;0;0;0;0;99;0;0;4969;0.00;0;0;0;0;0;0;0;0;0;0;0;0;0;0;0;0;14;0;99.0;99.0;0;0;0.00;0.00;0.00;0.0;0.0
1.001;11;0;99;0;0.0;14.900;1.014;24;26;0;0;100;0;100;0;0;0;0;88;88;0;0.000;0.000;0.000;0.000;0.000;0.000;0.0;0.0;0;14;0.000;0.000;0.0;0;0.0;0;0;0;0;0;99;0;0;4969;0.00;0;0;0;0;0;0;0;0;0;0;0;0;0;0;0;0;14;0;99.0;99.0;0;0;0.00;0.00;0.00;0.0;0.0
1.066;11;0;99;0;0.0;14.900;1.014;24;26;0;0;100;0;100;0;0;0;0;88;88;0;0.000;0.000;0.000;0.000;0.000;0.000;0.0;0.0;0;14;0.000;0.000;0.0;0;0.0;0;0;0;0;0;99;0;0;4969;0.00;0;0;0;0;0;0;0;0;0;0;0;0;0;0;0;0;14;0;99.0;99.0;0;0;0.00;0.00;0.00;0.0;0.0
1.132;11;0;99;0;0.0;14.900;1.014;24;26;0;0;100;0;100;0;0;0;0;88;88;0;0.000;0.000;0.000;0.000;0.000;0.000;0.0;0.0;0;14;0.000;0.000;0.0;0;0.0;0;0;0;0;0;99;0;0;4969;0.00;0;0;0;0;0;0;0;0;0;0;0;0;0;0;0;0;14;0;99.0;99.0;0;0;0.00;0.00;0.00;0.0;0.0
1.198;11;0;99;0;0.0;14.900;1.014;24;26;0;0;100;0;100;0;0;0;0;88;88;0;0.000;0.000;0.000;0.000;0.000;0.000;0.0;0.0;0;14;0.000;0.000;0.0;0;0.0;0;0;0;0;0;99;0;0;4969;0.00;0;0;0;0;0;0;0;0;0;0;0;0;0;0;0;0;14;0;99.0;99.0;0;0;0.00;0.00;0.00;0.0;0.0
1.268;11;0;99;0;0.0;14.900;1.014;24;26;0;0;100;0;100;0;0;0;0;88;88;0;0.000;0.000;0.000;0.000;0.000;0.000;0.0;0.0;0;14;0.000;0.000;0.0;0;0.0;0;0;0;0;0;99;0;0;4969;0.00;0;0;0;0;0;0;0;0;0;0;0;0;0;0;0;0;14;0;99.0;99.0;0;0;0.00;0.00;0.00;0.0;0.0
1.333;11;0;99;0;0.0;14.900;1.014;24;26;0;0;100;0;100;0;0;0;0;88;88;0;0.000;0.000;0.000;0.000;0.000;0.000;0.0;0.0;0;14;0.000;0.000;0.0;0;0.0;0;0;0;0;0;99;0;0;4969;0.00;0;0;0;0;0;0;0;0;0;0;0;0;0;0;0;0;14;0;99.0;99.0;0;0;0.00;0.00;0.00;0.0;0.0
1.402;11;0;99;0;0.0;14.900;1.014;24;26;0;0;100;0;100;0;0;0;0;88;88;0;0.000;0.000;0.000;0.000;0.000;0.000;0.0;0.0;0;14;0.000;0.000;0.0;0;0.0;0;0;0;0;0;99;0;0;4969;0.00;0;0;0;0;0;0;0;0;0;0;0;0;0;0;0;0;14;0;99.0;99.0;0;0;0.00;0.00;0.00;0.0;0.0
1.468;11;0;99;0;0.0;14.900;1.014;24;26;0;0;100;0;100;0;0;0;0;88;88;0;0.000;0.000;0.000;0.000;0.000;0.000;0.0;0.0;0;14;0.000;0.000;0.0;0;0.0;0;0;0;0;0;99;0;0;4969;0.00;0;0;0;0;0;0;0;0;0;0;0;0;0;0;0;0;14;0;99.0;99.0;0;0;0.00;0.00;0.00;0.0;0.0
1.537;11;0;99;0;0.0;14.900;1.014;24;26;0;0;100;0;100;0;0;0;0;88;88;0;0.000;0.000;0.000;0.000;0.000;0.000;0.0;0.0;0;14;0.000;0.000;0.0;0;0.0;0;0;0;0;0;99;0;0;4969;0.00;0;0;0;0;0;0;0;0;0;0;0;0;0;0;0;0;14;0;99.0;99.0;0;0;0.00;0.00;0.00;0.0;0.0
1.603;11;0;99;0;0.0;14.900;1.014;24;26;0;0;100;0;100;0;0;0;0;88;88;0;0.000;0.000;0.000;0.000;0.000;0.000;0.0;0.0;0;14;0.000;0.000;0.0;0;0.0;0;0;0;0;0;99;0;0;4969;0.00;0;0;0;0;0;0;0;0;0;0;0;0;0;0;0;0;14;0;99.0;99.0;0;0;0.00;0.00;0.00;0.0;0.0
1.669;11;0;99;0;0.0;14.900;1.014;24;26;0;0;100;0;100;0;0;0;0;88;88;0;0.000;0.000;0.000;0.000;0.000;0.000;0.0;0.0;0;14;0.000;0.000;0.0;0;0.0;0;0;0;0;0;99;0;0;4969;0.00;0;0;0;0;0;0;0;0;0;0;0;0;0;0;0;0;14;0;99.0;99.0;0;0;0.00;0.00;0.00;0.0;0.0
1.734;11;0;99;0;0.0;14.900;1.014;24;26;0;0;100;0;100;0;0;0;0;88;88;0;0.000;0.000;0.000;0.000;0.000;0.000;0.0;0.0;0;14;0.000;0.000;0.0;0;0.0;0;0;0;0;0;99;0;0;4969;0.00;0;0;0;0;0;0;0;0;0;0;0;0;0;0;0;0;14;0;99.0;99.0;0;0;0.00;0.00;0.00;0.0;0.0
1.800;11;0;99;0;0.0;14.900;1.014;24;26;0;0;100;0;100;0;0;0;0;88;88;0;0.000;0.000;0.000;0.000;0.000;0.000;0.0;0.0;0;14;0.000;0.000;0.0;0;0.0;0;0;0;0;0;99;0;0;4969;0.00;0;0;0;0;0;0;0;0;0;0;0;0;0;0;0;0;14;0;99.0;99.0;0;0;0.00;0.00;0.00;0.0;0.0
1.869;11;0;99;0;0.0;14.900;1.014;24;26;0;0;100;0;100;0;0;0;0;88;88;0;0.000;0.000;0.000;0.000;0.000;0.000;0.0;0.0;0;14;0.000;0.000;0.0;0;0.0;0;0;0;0;0;99;0;0;4969;0.00;0;0;0;0;0;0;0;0;0;0;0;0;0;0;0;0;14;0;99.0;99.0;0;0;0.00;0.00;0.00;0.0;0.0
1.936;12;0;98;0;0.0;14.900;1.014;24;26;0;0;100;0;100;0;0;0;0;88;88;0;0.000;0.000;0.000;0.000;0.000;0.000;0.0;0.0;0;15;0.000;0.000;0.0;0;-0.1;0;0;0;0;0;99;0;0;4973;0.00;0;0;0;0;0;0;0;0;0;0;0;0;0;0;0;0;15;0;98.0;98.0;0;0;0.00;0.00;0.00;0.0;0.0
2.000;12;0;99;0;0.0;14.900;1.014;24;26;0;0;100;0;100;0;0;0;0;88;88;0;0.000;0.000;0.000;0.000;0.000;0.000;0.0;0.0;0;14;0.000;0.000;0.0;0;0.0;0;0;0;0;0;99;0;0;4973;0.00;0;0;0;0;0;0;0;0;0;0;0;0;0;0;0;0;14;0;99.0;99.0;0;0;0.00;0.00;0.00;0.0;0.0
2.065;12;0;99;0;0.0;14.900;1.014;24;26;0;0;100;0;100;0;0;0;0;88;88;0;0.000;0.000;0.000;0.000;0.000;0.000;0.0;0.0;0;14;0.000;0.000;0.0;0;0.0;0;0;0;0;0;99;0;0;4973;0.00;0;0;0;0;0;0;0;0;0;0;0;0;0;0;0;0;14;0;99.0;99.0;0;0;0.00;0.00;0.00;0.0;0.0
2.135;12;0;99;0;0.0;14.900;1.014;24;26;0;0;100;0;100;0;0;0;0;88;88;0;0.000;0.000;0.000;0.000;0.000;0.000;0.0;0.0;0;14;0.000;0.000;0.0;0;0.0;0;0;0;0;0;99;0;0;4973;0.00;0;0;0;0;0;0;0;0;0;0;0;0;0;0;0;0;14;0;99.0;99.0;0;0;0.00;0.00;0.00;0.0;0.0
2.201;12;0;99;0;0.0;14.900;1.014;24;26;0;0;100;0;100;0;0;0;0;88;88;0;0.000;0.000;0.000;0.000;0.000;0.000;0.0;0.0;0;14;0.000;0.000;0.0;0;0.0;0;0;0;0;0;99;0;0;4973;0.00;0;0;0;0;0;0;0;0;0;0;0;0;0;0;0;0;14;0;99.0;99.0;0;0;0.00;0.00;0.00;0.0;0.0
2.271;12;0;99;0;0.0;14.900;1.014;24;26;0;0;100;0;100;0;0;0;0;88;88;0;0.000;0.000;0.000;0.000;0.000;0.000;0.0;0.0;0;14;0.000;0.000;0.0;0;0.0;0;0;0;0;0;99;0;0;4973;0.00;0;0;0;0;0;0;0;0;0;0;0;0;0;0;0;0;14;0;99.0;99.0;0;0;0.00;0.00;0.00;0.0;0.0
2.336;12;0;99;0;0.0;14.900;1.014;24;26;0;0;100;0;100;0;0;0;0;88;88;0;0.000;0.000;0.000;0.000;0.000;0.000;0.0;0.0;0;14;0.000;0.000;0.0;0;0.0;0;0;0;0;0;99;0;0;4973;0.00;0;0;0;0;0;0;0;0;0;0;0;0;0;0;0;0;14;0;99.0;99.0;0;0;0.00;0.00;0.00;0.0;0.0
2.401;12;0;99;0;0.0;14.900;1.014;24;26;0;0;100;0;100;0;0;0;0;88;88;0;0.000;0.000;0.000;0.000;0.000;0.000;0.0;0.0;0;14;0.000;0.000;0.0;0;0.0;0;0;0;0;0;99;0;0;4973;0.00;0;0;0;0;0;0;0;0;0;0;0;0;0;0;0;0;14;0;99.0;99.0;0;0;0.00;0.00;0.00;0.0;0.0
2.467;12;0;99;0;0.0;14.900;1.014;24;26;0;0;100;0;100;0;0;0;0;88;88;0;0.000;0.000;0.000;0.000;0.000;0.000;0.0;0.0;0;14;0.000;0.000;0.0;0;0.0;0;0;0;0;0;99;0;0;4973;0.00;0;0;0;0;0;0;0;0;0;0;0;0;0;0;0;0;14;0;99.0;99.0;0;0;0.00;0.00;0.00;0.0;0.0
2.533;12;0;99;0;0.0;14.900;1.014;24;26;0;0;100;0;100;0;0;0;0;88;88;0;0.000;0.000;0.000;0.000;0.000;0.000;0.0;0.0;0;14;0.000;0.000;0.0;0;0.0;0;0;0;0;0;99;0;0;4973;0.00;0;0;0;0;0;0;0;0;0;0;0;0;0;0;0;0;14;0;99.0;99.0;0;0;0.00;0.00;0.00;0.0;0.0
2.602;12;0;99;0;0.0;14.900;1.014;24;26;0;0;100;0;100;0;0;0;0;88;88;0;0.000;0.000;0.000;0.000;0.000;0.000;0.0;0.0;0;14;0.000;0.000;0.0;0;0.0;0;0;0;0;0;99;0;0;4973;0.00;0;0;0;0;0;0;0;0;0;0;0;0;0;0;0;0;14;0;99.0;99.0;0;0;0.00;0.00;0.00;0.0;0.0
2.668;12;0;99;0;0.0;14.900;1.014;24;26;0;0;100;0;100;0;0;0;0;88;88;0;0.000;0.000;0.000;0.000;0.000;0.000;0.0;0.0;0;14;0.000;0.000;0.0;0;0.0;0;0;0;0;0;99;0;0;4973;0.00;0;0;0;0;0;0;0;0;0;0;0;0;0;0;0;0;14;0;99.0;99.0;0;0;0.00;0.00;0.00;0.0;0.0
2.733;12;0;99;0;0.0;14.900;1.014;24;26;0;0;100;0;100;0;0;0;0;88;88;0;0.000;0.000;0.000;0.000;0.000;0.000;0.0;0.0;0;14;0.000;0.000;0.0;0;0.0;0;0;0;0;0;99;0;0;4973;0.00;0;0;0;0;0;0;0;0;0;0;0;0;0;0;0;0;14;0;99.0;99.0;0;0;0.00;0.00;0.00;0.0;0.0
2.803;12;0;99;0;0.0;14.900;1.014;24;26;0;0;100;0;100;0;0;0;0;88;88;0;0.000;0.000;0.000;0.000;0.000;0.000;0.0;0.0;0;14;0.000;0.000;0.0;0;0.0;0;0;0;0;0;99;0;0;4973;0.00;0;0;0;0;0;0;0;0;0;0;0;0;0;0;0;0;14;0;99.0;99.0;0;0;0.00;0.00;0.00;0.0;0.0
2.868;12;0;99;0;0.0;14.900;1.014;24;26;0;0;100;0;100;0;0;0;0;88;88;0;0.000;0.000;0.000;0.000;0.000;0.000;0.0;0.0;0;14;0.000;0.000;0.0;0;0.0;0;0;0;0;0;99;0;0;4973;0.00;0;0;0;0;0;0;0;0;0;0;0;0;0;0;0;0;14;0;99.0;99.0;0;0;0.00;0.00;0.00;0.0;0.0
2.934;12;0;99;0;0.0;14.900;1.014;24;26;0;0;100;0;100;0;0;0;0;88;88;0;0.000;0.000;0.000;0.000;0.000;0.000;0.0;0.0;0;14;0.000;0.000;0.0;0;0.0;0;0;0;0;0;99;0;0;4973;0.00;0;0;0;0;0;0;0;0;0;0;0;0;0;0;0;0;14;0;99.0;99.0;0;0;0.00;0.00;0.00;0.0;0.0
2.999;13;0;99;0;0.0;14.900;1.014;24;26;0;0;100;0;100;0;0;0;0;88;88;0;0.000;0.000;0.000;0.000;0.000;0.000;0.0;0.0;0;14;0.000;0.000;0.0;0;0.0;0;0;0;0;0;99;0;0;4956;0.00;0;0;0;0;0;0;0;0;0;0;0;0;0;0;0;0;14;0;99.0;99.0;0;0;0.00;0.00;0.00;0.0;0.0
3.065;13;0;99;0;0.0;14.900;1.014;24;26;0;0;100;0;100;0;0;0;0;88;88;0;0.000;0.000;0.000;0.000;0.000;0.000;0.0;0.0;0;14;0.000;0.000;0.0;0;0.0;0;0;0;0;0;99;0;0;4956;0.00;0;0;0;0;0;0;0;0;0;0;0;0;0;0;0;0;14;0;99.0;99.0;0;0;0.00;0.00;0.00;0.0;0.0
3.135;13;0;99;0;0.0;14.900;1.014;24;26;0;0;100;0;100;0;0;0;0;88;88;0;0.000;0.000;0.000;0.000;0.000;0.000;0.0;0.0;0;14;0.000;0.000;0.0;0;0.0;0;0;0;0;0;99;0;0;4956;0.00;0;0;0;0;0;0;0;0;0;0;0;0;0;0;0;0;14;0;99.0;99.0;0;0;0.00;0.00;0.00;0.0;0.0
3.201;13;0;99;0;0.0;14.900;1.014;24;26;0;0;100;0;100;0;0;0;0;88;88;0;0.000;0.000;0.000;0.000;0.000;0.000;0.0;0.0;0;14;0.000;0.000;0.0;0;0.0;0;0;0;0;0;99;0;0;4956;0.00;0;0;0;0;0;0;0;0;0;0;0;0;0;0;0;0;14;0;99.0;99.0;0;0;0.00;0.00;0.00;0.0;0.0
3.270;13;0;99;0;0.0;14.900;1.014;24;26;0;0;100;0;100;0;0;0;0;88;88;0;0.000;0.000;0.000;0.000;0.000;0.000;0.0;0.0;0;14;0.000;0.000;0.0;0;0.0;0;0;0;0;0;99;0;0;4956;0.00;0;0;0;0;0;0;0;0;0;0;0;0;0;0;0;0;14;0;99.0;99.0;0;0;0.00;0.00;0.00;0.0;0.0
3.337;13;0;99;0;0.0;14.900;1.014;24;26;0;0;100;0;100;0;0;0;0;88;88;0;0.000;0.000;0.000;0.000;0.000;0.000;0.0;0.0;0;14;0.000;0.000;0.0;0;0.0;0;0;0;0;0;99;0;0;4956;0.00;0;0;0;0;0;0;0;0;0;0;0;0;0;0;0;0;14;0;99.0;99.0;0;0;0.00;0.00;0.00;0.0;0.0
3.400;13;0;99;0;0.0;14.900;1.014;24;26;0;0;100;0;100;0;0;0;0;88;88;0;0.000;0.000;0.000;0.000;0.000;0.000;0.0;0.0;0;14;0.000;0.000;0.0;0;0.0;0;0;0;0;0;99;0;0;4956;0.00;0;0;0;0;0;0;0;0;0;0;0;0;0;0;0;0;14;0;99.0;99.0;0;0;0.00;0.00;0.00;0.0;0.0
3.467;13;0;99;0;0.0;14.900;1.014;24;26;0;0;100;0;100;0;0;0;0;88;88;0;0.000;0.000;0.000;0.000;0.000;0.000;0.0;0.0;0;14;0.000;0.000;0.0;0;0.0;0;0;0;0;0;99;0;0;4956;0.00;0;0;0;0;0;0;0;0;0;0;0;0;0;0;0;0;14;0;99.0;99.0;0;0;0.00;0.00;0.00;0.0;0.0
3.536;13;0;99;0;0.0;14.900;1.014;24;26;0;0;100;0;100;0;0;0;0;88;88;0;0.000;0.000;0.000;0.000;0.000;0.000;0.0;0.0;0;14;0.000;0.000;0.0;0;0.0;0;0;0;0;0;99;0;0;4956;0.00;0;0;0;0;0;0;0;0;0;0;0;0;0;0;0;0;14;0;99.0;99.0;0;0;0.00;0.00;0.00;0.0;0.0
3.601;13;0;99;0;0.0;14.900;1.014;24;26;0;0;100;0;100;0;0;0;0;88;88;0;0.000;0.000;0.000;0.000;0.000;0.000;0.0;0.0;0;14;0.000;0.000;0.0;0;0.0;0;0;0;0;0;99;0;0;4956;0.00;0;0;0;0;0;0;0;0;0;0;0;0;0;0;0;0;14;0;99.0;99.0;0;0;0.00;0.00;0.00;0.0;0.0
3.666;13;0;99;0;0.0;14.900;1.014;24;26;0;0;100;0;100;0;0;0;0;88;88;0;0.000;0.000;0.000;0.000;0.000;0.000;0.0;0.0;0;14;0.000;0.000;0.0;0;0.0;0;0;0;0;0;99;0;0;4956;0.00;0;0;0;0;0;0;0;0;0;0;0;0;0;0;0;0;14;0;99.0;99.0;0;0;0.00;0.00;0.00;0.0;0.0
3.732;13;0;99;0;0.0;14.900;1.014;24;26;0;0;100;0;100;0;0;0;0;88;88;0;0.000;0.000;0.000;0.000;0.000;0.000;0.0;0.0;0;14;0.000;0.000;0.0;0;0.0;0;0;0;0;0;99;0;0;4956;0.00;0;0;0;0;0;0;0;0;0;0;0;0;0;0;0;0;14;0;99.0;99.0;0;0;0.00;0.00;0.00;0.0;0.0
3.800;13;0;99;0;0.0;14.900;1.014;24;26;0;0;100;0;100;0;0;0;0;88;88;0;0.000;0.000;0.000;0.000;0.000;0.000;0.0;0.0;0;14;0.000;0.000;0.0;0;0.0;0;0;0;0;0;99;0;0;4956;0.00;0;0;0;0;0;0;0;0;0;0;0;0;0;0;0;0;14;0;99.0;99.0;0;0;0.00;0.00;0.00;0.0;0.0
3.867;13;0;99;0;0.0;14.900;1.014;24;26;0;0;100;0;100;0;0;0;0;88;88;0;0.000;0.000;0.000;0.000;0.000;0.000;0.0;0.0;0;14;0.000;0.000;0.0;0;0.0;0;0;0;0;0;99;0;0;4956;0.00;0;0;0;0;0;0;0;0;0;0;0;0;0;0;0;0;14;0;99.0;99.0;0;0;0.00;0.00;0.00;0.0;0.0
3.934;13;0;99;0;0.0;14.900;1.014;24;26;0;0;100;0;100;0;0;0;0;88;88;0;0.000;0.000;0.000;0.000;0.000;0.000;0.0;0.0;0;14;0.000;0.000;0.0;0;0.0;0;0;0;0;0;99;0;0;4956;0.00;0;0;0;0;0;0;0;0;0;0;0;0;0;0;0;0;14;0;99.0;99.0;0;0;0.00;0.00;0.00;0.0;0.0
4.000;14;0;99;0;0.0;14.900;1.014;24;26;0;0;100;0;100;0;0;0;0;88;88;0;0.000;0.000;0.000;0.000;0.000;0.000;0.0;0.0;0;14;0.000;0.000;0.0;0;0.0;0;0;0;0;0;99;0;0;4971;0.00;0;0;0;0;0;0;0;0;0;0;0;0;0;0;0;0;14;0;99.0;99.0;0;0;0.00;0.00;0.00;0.0;0.0
4.069;14;0;99;0;0.0;14.900;1.014;24;26;0;0;100;0;100;0;0;0;0;88;88;0;0.000;0.000;0.000;0.000;0.000;0.000;0.0;0.0;0;14;0.000;0.000;0.0;0;0.0;0;0;0;0;0;99;0;0;4971;0.00;0;0;0;0;0;0;0;0;0;0;0;0;0;0;0;0;14;0;99.0;99.0;0;0;0.00;0.00;0.00;0.0;0.0
4.134;14;0;99;0;0.0;14.900;1.014;24;26;0;0;100;0;100;0;0;0;0;88;88;0;0.000;0.000;0.000;0.000;0.000;0.000;0.0;0.0;0;14;0.000;0.000;0.0;0;0.0;0;0;0;0;0;99;0;0;4971;0.00;0;0;0;0;0;0;0;0;0;0;0;0;0;0;0;0;14;0;99.0;99.0;0;0;0.00;0.00;0.00;0.0;0.0
4.199;14;0;99;0;0.0;14.900;1.014;24;26;0;0;100;0;100;0;0;0;0;88;88;0;0.000;0.000;0.000;0.000;0.000;0.000;0.0;0.0;0;14;0.000;0.000;0.0;0;0.0;0;0;0;0;0;99;0;0;4971;0.00;0;0;0;0;0;0;0;0;0;0;0;0;0;0;0;0;14;0;99.0;99.0;0;0;0.00;0.00;0.00;0.0;0.0
4.265;14;0;99;0;0.0;14.900;1.014;24;26;0;0;100;0;100;0;0;0;0;88;88;0;0.000;0.000;0.000;0.000;0.000;0.000;0.0;0.0;0;14;0.000;0.000;0.0;0;0.0;0;0;0;0;0;99;0;0;4971;0.00;0;0;0;0;0;0;0;0;0;0;0;0;0;0;0;0;14;0;99.0;99.0;0;0;0.00;0.00;0.00;0.0;0.0
4.335;14;0;99;0;0.0;14.900;1.014;24;26;0;0;100;0;100;0;0;0;0;88;88;0;0.000;0.000;0.000;0.000;0.000;0.000;0.0;0.0;0;14;0.000;0.000;0.0;0;0.0;0;0;0;0;0;99;0;0;4971;0.00;0;0;0;0;0;0;0;0;0;0;0;0;0;0;0;0;14;0;99.0;99.0;0;0;0.00;0.00;0.00;0.0;0.0
4.400;14;0;99;0;0.0;14.900;1.014;24;26;0;0;100;0;100;0;0;0;0;88;88;0;0.000;0.000;0.000;0.000;0.000;0.000;0.0;0.0;0;14;0.000;0.000;0.0;0;0.0;0;0;0;0;0;99;0;0;4971;0.00;0;0;0;0;0;0;0;0;0;0;0;0;0;0;0;0;14;0;99.0;99.0;0;0;0.00;0.00;0.00;0.0;0.0
4.466;14;0;99;0;0.0;14.900;1.014;24;26;0;0;100;0;100;0;0;0;0;88;88;0;0.000;0.000;0.000;0.000;0.000;0.000;0.0;0.0;0;14;0.000;0.000;0.0;0;0.0;0;0;0;0;0;99;0;0;4971;0.00;0;0;0;0;0;0;0;0;0;0;0;0;0;0;0;0;14;0;99.0;99.0;0;0;0.00;0.00;0.00;0.0;0.0
4.536;14;0;99;0;0.0;14.900;1.014;24;26;0;0;100;0;100;0;0;0;0;88;88;0;0.000;0.000;0.000;0.000;0.000;0.000;0.0;0.0;0;14;0.000;0.000;0.0;0;0.0;0;0;0;0;0;99;0;0;4971;0.00;0;0;0;0;0;0;0;0;0;0;0;0;0;0;0;0;14;0;99.0;99.0;0;0;0.00;0.00;0.00;0.0;0.0
4.601;14;0;99;0;0.0;14.900;1.014;24;26;0;0;100;0;100;0;0;0;0;88;88;0;0.000;0.000;0.000;0.000;0.000;0.000;0.0;0.0;0;14;0.000;0.000;0.0;0;0.0;0;0;0;0;0;99;0;0;4971;0.00;0;0;0;0;0;0;0;0;0;0;0;0;0;0;0;0;14;0;99.0;99.0;0;0;0.00;0.00;0.00;0.0;0.0
4.667;14;0;99;0;0.0;14.900;1.014;24;26;0;0;100;0;100;0;0;0;0;88;88;0;0.000;0.000;0.000;0.000;0.000;0.000;0.0;0.0;0;14;0.000;0.000;0.0;0;0.0;0;0;0;0;0;99;0;0;4971;0.00;0;0;0;0;0;0;0;0;0;0;0;0;0;0;0;0;14;0;99.0;99.0;0;0;0.00;0.00;0.00;0.0;0.0
4.732;14;0;99;0;0.0;14.900;1.014;24;26;0;0;100;0;100;0;0;0;0;88;88;0;0.000;0.000;0.000;0.000;0.000;0.000;0.0;0.0;0;14;0.000;0.000;0.0;0;0.0;0;0;0;0;0;99;0;0;4971;0.00;0;0;0;0;0;0;0;0;0;0;0;0;0;0;0;0;14;0;99.0;99.0;0;0;0.00;0.00;0.00;0.0;0.0
4.802;14;0;99;0;0.0;14.800;1.007;24;26;0;0;100;0;100;0;0;0;0;88;88;0;0.000;0.000;0.000;0.000;0.000;0.000;0.0;0.0;0;14;0.000;0.000;0.0;0;0.0;0;0;0;0;0;99;0;0;4971;0.00;0;0;0;0;0;0;0;0;0;0;0;0;0;0;0;0;14;0;99.0;99.0;0;0;0.00;0.00;0.00;0.0;0.0
4.869;14;0;99;0;0.0;14.800;1.007;24;26;0;0;100;0;100;0;0;0;0;88;88;0;0.000;0.000;0.000;0.000;0.000;0.000;0.0;0.0;0;14;0.000;0.000;0.0;0;0.0;0;0;0;0;0;99;0;0;4971;0.00;0;0;0;0;0;0;0;0;0;0;0;0;0;0;0;0;14;0;99.0;99.0;0;0;0.00;0.00;0.00;0.0;0.0
4.932;14;0;99;0;0.0;14.800;1.007;24;26;0;0;100;0;100;0;0;0;0;88;88;0;0.000;0.000;0.000;0.000;0.000;0.000;0.0;0.0;0;14;0.000;0.000;0.0;0;0.0;0;0;0;0;0;99;0;0;4971;0.00;0;0;0;0;0;0;0;0;0;0;0;0;0;0;0;0;14;0;99.0;99.0;0;0;0.00;0.00;0.00;0.0;0.0
4.999;15;0;99;0;0.0;14.800;1.007;24;26;0;0;100;0;100;0;0;0;0;88;88;0;0.000;0.000;0.000;0.000;0.000;0.000;0.0;0.0;0;14;0.000;0.000;0.0;0;0.0;0;0;0;0;0;99;0;0;4977;0.00;0;0;0;0;0;0;0;0;0;0;0;0;0;0;0;0;14;0;99.0;99.0;0;0;0.00;0.00;0.00;0.0;0.0
5.068;15;0;99;0;0.0;14.800;1.007;24;26;0;0;100;0;100;0;0;0;0;88;88;0;0.000;0.000;0.000;0.000;0.000;0.000;0.0;0.0;0;14;0.000;0.000;0.0;0;0.0;0;0;0;0;0;99;0;0;4977;0.00;0;0;0;0;0;0;0;0;0;0;0;0;0;0;0;0;14;0;99.0;99.0;0;0;0.00;0.00;0.00;0.0;0.0
5.133;15;0;99;0;0.0;14.800;1.007;24;26;0;0;100;0;100;0;0;0;0;88;88;0;0.000;0.000;0.000;0.000;0.000;0.000;0.0;0.0;0;14;0.000;0.000;0.0;0;0.0;0;0;0;0;0;99;0;0;4977;0.00;0;0;0;0;0;0;0;0;0;0;0;0;0;0;0;0;14;0;99.0;99.0;0;0;0.00;0.00;0.00;0.0;0.0
5.198;15;0;99;0;0.0;14.900;1.014;24;26;0;0;100;0;100;0;0;0;0;88;88;0;0.000;0.000;0.000;0.000;0.000;0.000;0.0;0.0;0;14;0.000;0.000;0.0;0;0.0;0;0;0;0;0;99;0;0;4977;0.00;0;0;0;0;0;0;0;0;0;0;0;0;0;0;0;0;14;0;99.0;99.0;0;0;0.00;0.00;0.00;0.0;0.0
5.264;15;0;99;0;0.0;14.900;1.014;24;26;0;0;100;0;100;0;0;0;0;88;88;0;0.000;0.000;0.000;0.000;0.000;0.000;0.0;0.0;0;14;0.000;0.000;0.0;0;0.0;0;0;0;0;0;99;0;0;4977;0.00;0;0;0;0;0;0;0;0;0;0;0;0;0;0;0;0;14;0;99.0;99.0;0;0;0.00;0.00;0.00;0.0;0.0
5.334;15;0;99;0;0.0;14.900;1.014;24;26;0;0;100;0;100;0;0;0;0;88;88;0;0.000;0.000;0.000;0.000;0.000;0.000;0.0;0.0;0;14;0.000;0.000;0.0;0;0.0;0;0;0;0;0;99;0;0;4977;0.00;0;0;0;0;0;0;0;0;0;0;0;0;0;0;0;0;14;0;99.0;99.0;0;0;0.00;0.00;0.00;0.0;0.0
5.399;15;0;99;0;0.0;14.900;1.014;24;26;0;0;100;0;100;0;0;0;0;88;88;0;0.000;0.000;0.000;0.000;0.000;0.000;0.0;0.0;0;14;0.000;0.000;0.0;0;0.0;0;0;0;0;0;99;0;0;4977;0.00;0;0;0;0;0;0;0;0;0;0;0;0;0;0;0;0;14;0;99.0;99.0;0;0;0.00;0.00;0.00;0.0;0.0
5.465;15;0;99;0;0.0;14.900;1.014;24;26;0;0;100;0;100;0;0;0;0;88;88;0;0.000;0.000;0.000;0.000;0.000;0.000;0.0;0.0;0;14;0.000;0.000;0.0;0;0.0;0;0;0;0;0;99;0;0;4977;0.00;0;0;0;0;0;0;0;0;0;0;0;0;0;0;0;0;14;0;99.0;99.0;0;0;0.00;0.00;0.00;0.0;0.0
5.535;15;0;99;0;0.0;14.900;1.014;24;26;0;0;100;0;100;0;0;0;0;88;88;0;0.000;0.000;0.000;0.000;0.000;0.000;0.0;0.0;0;14;0.000;0.000;0.0;0;0.0;0;0;0;0;0;99;0;0;4977;0.00;0;0;0;0;0;0;0;0;0;0;0;0;0;0;0;0;14;0;99.0;99.0;0;0;0.00;0.00;0.00;0.0;0.0
5.601;15;0;99;0;0.0;14.900;1.014;24;26;0;0;100;0;100;0;0;0;0;88;88;0;0.000;0.000;0.000;0.000;0.000;0.000;0.0;0.0;0;14;0.000;0.000;0.0;0;0.0;0;0;0;0;0;99;0;0;4977;0.00;0;0;0;0;0;0;0;0;0;0;0;0;0;0;0;0;14;0;99.0;99.0;0;0;0.00;0.00;0.00;0.0;0.0
5.666;15;0;98;0;0.0;14.900;1.014;24;26;0;0;100;0;100;0;0;0;0;88;88;0;0.000;0.000;0.000;0.000;0.000;0.000;0.0;0.0;0;15;0.000;0.000;0.0;0;-0.1;0;0;0;0;0;99;0;0;4977;0.00;0;0;0;0;0;0;0;0;0;0;0;0;0;0;0;0;15;0;98.0;98.0;0;0;0.00;0.00;0.00;0.0;0.0
5.735;15;0;99;0;0.0;14.900;1.014;24;26;0;0;100;0;100;0;0;0;0;88;88;0;0.000;0.000;0.000;0.000;0.000;0.000;0.0;0.0;0;14;0.000;0.000;0.0;0;0.0;0;0;0;0;0;99;0;0;4977;0.00;0;0;0;0;0;0;0;0;0;0;0;0;0;0;0;0;14;0;99.0;99.0;0;0;0.00;0.00;0.00;0.0;0.0
5.800;15;0;99;0;0.0;14.900;1.014;24;26;0;0;100;0;100;0;0;0;0;88;88;0;0.000;0.000;0.000;0.000;0.000;0.000;0.0;0.0;0;14;0.000;0.000;0.0;0;0.0;0;0;0;0;0;99;0;0;4977;0.00;0;0;0;0;0;0;0;0;0;0;0;0;0;0;0;0;14;0;99.0;99.0;0;0;0.00;0.00;0.00;0.0;0.0
5.867;15;0;99;0;0.0;14.900;1.014;24;26;0;0;100;0;100;0;0;0;0;88;88;0;0.000;0.000;0.000;0.000;0.000;0.000;0.0;0.0;0;14;0.000;0.000;0.0;0;0.0;0;0;0;0;0;99;0;0;4977;0.00;0;0;0;0;0;0;0;0;0;0;0;0;0;0;0;0;14;0;99.0;99.0;0;0;0.00;0.00;0.00;0.0;0.0
5.932;15;0;98;0;0.0;14.900;1.014;24;26;0;0;100;0;100;0;0;0;0;88;88;0;0.000;0.000;0.000;0.000;0.000;0.000;0.0;0.0;0;15;0.000;0.000;0.0;0;-0.1;0;0;0;0;0;99;0;0;4977;0.00;0;0;0;0;0;0;0;0;0;0;0;0;0;0;0;0;15;0;98.0;98.0;0;0;0.00;0.00;0.00;0.0;0.0
6.001;16;0;99;0;0.0;14.900;1.014;24;26;0;0;100;0;100;0;0;0;0;88;88;0;0.000;0.000;0.000;0.000;0.000;0.000;0.0;0.0;0;14;0.000;0.000;0.0;0;0.0;0;0;0;0;0;99;0;0;4970;0.00;0;0;0;0;0;0;0;0;0;0;0;0;0;0;0;0;14;0;99.0;99.0;0;0;0.00;0.00;0.00;0.0;0.0
6.067;16;0;99;0;0.0;14.900;1.014;24;26;0;0;100;0;100;0;0;0;0;88;88;0;0.000;0.000;0.000;0.000;0.000;0.000;0.0;0.0;0;14;0.000;0.000;0.0;0;0.0;0;0;0;0;0;99;0;0;4970;0.00;0;0;0;0;0;0;0;0;0;0;0;0;0;0;0;0;14;0;99.0;99.0;0;0;0.00;0.00;0.00;0.0;0.0
6.132;16;0;99;0;0.0;14.900;1.014;24;26;0;0;100;0;100;0;0;0;0;88;88;0;0.000;0.000;0.000;0.000;0.000;0.000;0.0;0.0;0;14;0.000;0.000;0.0;0;0.0;0;0;0;0;0;99;0;0;4970;0.00;0;0;0;0;0;0;0;0;0;0;0;0;0;0;0;0;14;0;99.0;99.0;0;0;0.00;0.00;0.00;0.0;0.0
6.200;16;0;99;0;0.0;14.900;1.014;24;26;0;0;100;0;100;0;0;0;0;88;88;0;0.000;0.000;0.000;0.000;0.000;0.000;0.0;0.0;0;14;0.000;0.000;0.0;0;0.0;0;0;0;0;0;99;0;0;4970;0.00;0;0;0;0;0;0;0;0;0;0;0;0;0;0;0;0;14;0;99.0;99.0;0;0;0.00;0.00;0.00;0.0;0.0
6.268;16;0;99;0;0.0;14.900;1.014;24;26;0;0;100;0;100;0;0;0;0;88;88;0;0.000;0.000;0.000;0.000;0.000;0.000;0.0;0.0;0;14;0.000;0.000;0.0;0;0.0;0;0;0;0;0;99;0;0;4970;0.00;0;0;0;0;0;0;0;0;0;0;0;0;0;0;0;0;14;0;99.0;99.0;0;0;0.00;0.00;0.00;0.0;0.0
6.334;16;0;99;0;0.0;14.900;1.014;24;26;0;0;100;0;100;0;0;0;0;88;88;0;0.000;0.000;0.000;0.000;0.000;0.000;0.0;0.0;0;14;0.000;0.000;0.0;0;0.0;0;0;0;0;0;99;0;0;4970;0.00;0;0;0;0;0;0;0;0;0;0;0;0;0;0;0;0;14;0;99.0;99.0;0;0;0.00;0.00;0.00;0.0;0.0
6.400;16;0;99;0;0.0;14.900;1.014;24;26;0;0;100;0;100;0;0;0;0;88;88;0;0.000;0.000;0.000;0.000;0.000;0.000;0.0;0.0;0;14;0.000;0.000;0.0;0;0.0;0;0;0;0;0;99;0;0;4970;0.00;0;0;0;0;0;0;0;0;0;0;0;0;0;0;0;0;14;0;99.0;99.0;0;0;0.00;0.00;0.00;0.0;0.0
6.468;16;0;99;0;0.0;14.900;1.014;24;26;0;0;100;0;100;0;0;0;0;88;88;0;0.000;0.000;0.000;0.000;0.000;0.000;0.0;0.0;0;14;0.000;0.000;0.0;0;0.0;0;0;0;0;0;99;0;0;4970;0.00;0;0;0;0;0;0;0;0;0;0;0;0;0;0;0;0;14;0;99.0;99.0;0;0;0.00;0.00;0.00;0.0;0.0
6.533;16;0;99;0;0.0;14.900;1.014;24;26;0;0;100;0;100;0;0;0;0;88;88;0;0.000;0.000;0.000;0.000;0.000;0.000;0.0;0.0;0;14;0.000;0.000;0.0;0;0.0;0;0;0;0;0;99;0;0;4970;0.00;0;0;0;0;0;0;0;0;0;0;0;0;0;0;0;0;14;0;99.0;99.0;0;0;0.00;0.00;0.00;0.0;0.0
6.600;16;0;99;0;0.0;14.900;1.014;24;26;0;0;100;0;100;0;0;0;0;88;88;0;0.000;0.000;0.000;0.000;0.000;0.000;0.0;0.0;0;14;0.000;0.000;0.0;0;0.0;0;0;0;0;0;99;0;0;4970;0.00;0;0;0;0;0;0;0;0;0;0;0;0;0;0;0;0;14;0;99.0;99.0;0;0;0.00;0.00;0.00;0.0;0.0
6.669;16;0;99;0;0.0;14.900;1.014;24;26;0;0;100;0;100;0;0;0;0;88;88;0;0.000;0.000;0.000;0.000;0.000;0.000;0.0;0.0;0;14;0.000;0.000;0.0;0;0.0;0;0;0;0;0;99;0;0;4970;0.00;0;0;0;0;0;0;0;0;0;0;0;0;0;0;0;0;14;0;99.0;99.0;0;0;0.00;0.00;0.00;0.0;0.0
6.735;16;0;99;0;0.0;14.900;1.014;24;26;0;0;100;0;100;0;0;0;0;88;88;0;0.000;0.000;0.000;0.000;0.000;0.000;0.0;0.0;0;14;0.000;0.000;0.0;0;0.0;0;0;0;0;0;99;0;0;4970;0.00;0;0;0;0;0;0;0;0;0;0;0;0;0;0;0;0;14;0;99.0;99.0;0;0;0.00;0.00;0.00;0.0;0.0
6.800;16;0;99;0;0.0;14.900;1.014;24;26;0;0;100;0;100;0;0;0;0;88;88;0;0.000;0.000;0.000;0.000;0.000;0.000;0.0;0.0;0;14;0.000;0.000;0.0;0;0.0;0;0;0;0;0;99;0;0;4970;0.00;0;0;0;0;0;0;0;0;0;0;0;0;0;0;0;0;14;0;99.0;99.0;0;0;0.00;0.00;0.00;0.0;0.0
6.865;16;0;99;0;0.0;14.900;1.014;24;26;0;0;100;0;100;0;0;0;0;88;88;0;0.000;0.000;0.000;0.000;0.000;0.000;0.0;0.0;0;14;0.000;0.000;0.0;0;0.0;0;0;0;0;0;99;0;0;4970;0.00;0;0;0;0;0;0;0;0;0;0;0;0;0;0;0;0;14;0;99.0;99.0;0;0;0.00;0.00;0.00;0.0;0.0
6.932;16;0;99;0;0.0;14.900;1.014;24;26;0;0;100;0;100;0;0;0;0;88;88;0;0.000;0.000;0.000;0.000;0.000;0.000;0.0;0.0;0;14;0.000;0.000;0.0;0;0.0;0;0;0;0;0;99;0;0;4970;0.00;0;0;0;0;0;0;0;0;0;0;0;0;0;0;0;0;14;0;99.0;99.0;0;0;0.00;0.00;0.00;0.0;0.0
7.001;16;0;99;0;0.0;14.900;1.014;24;26;0;0;100;0;100;0;0;0;0;88;88;0;0.000;0.000;0.000;0.000;0.000;0.000;0.0;0.0;0;14;0.000;0.000;0.0;0;0.0;0;0;0;0;0;99;0;0;4970;0.00;0;0;0;0;0;0;0;0;0;0;0;0;0;0;0;0;14;0;99.0;99.0;0;0;0.00;0.00;0.00;0.0;0.0
7.066;17;0;99;0;0.0;14.900;1.014;24;26;0;0;100;0;100;0;0;0;0;88;88;0;0.000;0.000;0.000;0.000;0.000;0.000;0.0;0.0;0;14;0.000;0.000;0.0;0;0.0;0;0;0;0;0;99;0;0;4953;0.00;0;0;0;0;0;0;0;0;0;0;0;0;0;0;0;0;14;0;99.0;99.0;0;0;0.00;0.00;0.00;0.0;0.0
7.136;17;0;99;0;0.0;14.900;1.014;24;26;0;0;100;0;100;0;0;0;0;88;88;0;0.000;0.000;0.000;0.000;0.000;0.000;0.0;0.0;0;14;0.000;0.000;0.0;0;0.0;0;0;0;0;0;99;0;0;4953;0.00;0;0;0;0;0;0;0;0;0;0;0;0;0;0;0;0;14;0;99.0;99.0;0;0;0.00;0.00;0.00;0.0;0.0
7.202;17;0;99;0;0.0;14.800;1.007;24;26;0;0;100;0;100;0;0;0;0;88;88;0;0.000;0.000;0.000;0.000;0.000;0.000;0.0;0.0;0;14;0.000;0.000;0.0;0;0.0;0;0;0;0;0;99;0;0;4953;0.00;0;0;0;0;0;0;0;0;0;0;0;0;0;0;0;0;14;0;99.0;99.0;0;0;0.00;0.00;0.00;0.0;0.0
7.267;17;0;99;0;0.0;14.800;1.007;24;26;0;0;100;0;100;0;0;0;0;88;88;0;0.000;0.000;0.000;0.000;0.000;0.000;0.0;0.0;0;14;0.000;0.000;0.0;0;0.0;0;0;0;0;0;99;0;0;4953;0.00;0;0;0;0;0;0;0;0;0;0;0;0;0;0;0;0;14;0;99.0;99.0;0;0;0.00;0.00;0.00;0.0;0.0
7.337;17;0;99;0;0.0;14.800;1.007;24;26;0;0;100;0;100;0;0;0;0;88;88;0;0.000;0.000;0.000;0.000;0.000;0.000;0.0;0.0;0;14;0.000;0.000;0.0;0;0.0;0;0;0;0;0;99;0;0;4953;0.00;0;0;0;0;0;0;0;0;0;0;0;0;0;0;0;0;14;0;99.0;99.0;0;0;0.00;0.00;0.00;0.0;0.0
7.402;17;0;99;0;0.0;14.800;1.007;24;26;0;0;100;0;100;0;0;0;0;88;88;0;0.000;0.000;0.000;0.000;0.000;0.000;0.0;0.0;0;14;0.000;0.000;0.0;0;0.0;0;0;0;0;0;99;0;0;4953;0.00;0;0;0;0;0;0;0;0;0;0;0;0;0;0;0;0;14;0;99.0;99.0;0;0;0.00;0.00;0.00;0.0;0.0
7.468;17;0;99;0;0.0;14.800;1.007;24;26;0;0;100;0;100;0;0;0;0;88;88;0;0.000;0.000;0.000;0.000;0.000;0.000;0.0;0.0;0;14;0.000;0.000;0.0;0;0.0;0;0;0;0;0;99;0;0;4953;0.00;0;0;0;0;0;0;0;0;0;0;0;0;0;0;0;0;14;0;99.0;99.0;0;0;0.00;0.00;0.00;0.0;0.0
7.533;17;0;99;0;0.0;14.800;1.007;24;26;0;0;100;0;100;0;0;0;0;88;88;0;0.000;0.000;0.000;0.000;0.000;0.000;0.0;0.0;0;14;0.000;0.000;0.0;0;0.0;0;0;0;0;0;99;0;0;4953;0.00;0;0;0;0;0;0;0;0;0;0;0;0;0;0;0;0;14;0;99.0;99.0;0;0;0.00;0.00;0.00;0.0;0.0
7.599;17;0;99;0;0.0;14.800;1.007;24;26;0;0;100;0;100;0;0;0;0;88;88;0;0.000;0.000;0.000;0.000;0.000;0.000;0.0;0.0;0;14;0.000;0.000;0.0;0;0.0;0;0;0;0;0;99;0;0;4953;0.00;0;0;0;0;0;0;0;0;0;0;0;0;0;0;0;0;14;0;99.0;99.0;0;0;0.00;0.00;0.00;0.0;0.0
7.668;17;0;99;0;0.0;14.900;1.014;24;26;0;0;100;0;100;0;0;0;0;88;88;0;0.000;0.000;0.000;0.000;0.000;0.000;0.0;0.0;0;14;0.000;0.000;0.0;0;0.0;0;0;0;0;0;99;0;0;4953;0.00;0;0;0;0;0;0;0;0;0;0;0;0;0;0;0;0;14;0;99.0;99.0;0;0;0.00;0.00;0.00;0.0;0.0
7.734;17;0;99;0;0.0;14.900;1.014;24;26;0;0;100;0;100;0;0;0;0;88;88;0;0.000;0.000;0.000;0.000;0.000;0.000;0.0;0.0;0;14;0.000;0.000;0.0;0;0.0;0;0;0;0;0;99;0;0;4953;0.00;0;0;0;0;0;0;0;0;0;0;0;0;0;0;0;0;14;0;99.0;99.0;0;0;0.00;0.00;0.00;0.0;0.0
7.800;17;0;99;0;0.0;14.900;1.014;24;26;0;0;100;0;100;0;0;0;0;88;88;0;0.000;0.000;0.000;0.000;0.000;0.000;0.0;0.0;0;14;0.000;0.000;0.0;0;0.0;0;0;0;0;0;99;0;0;4953;0.00;0;0;0;0;0;0;0;0;0;0;0;0;0;0;0;0;14;0;99.0;99.0;0;0;0.00;0.00;0.00;0.0;0.0
7.866;17;0;99;0;0.0;14.900;1.014;24;26;0;0;100;0;100;0;0;0;0;88;88;0;0.000;0.000;0.000;0.000;0.000;0.000;0.0;0.0;0;14;0.000;0.000;0.0;0;0.0;0;0;0;0;0;99;0;0;4953;0.00;0;0;0;0;0;0;0;0;0;0;0;0;0;0;0;0;14;0;99.0;99.0;0;0;0.00;0.00;0.00;0.0;0.0
7.934;17;0;99;0;0.0;14.900;1.014;24;26;0;0;100;0;100;0;0;0;0;88;88;0;0.000;0.000;0.000;0.000;0.000;0.000;0.0;0.0;0;14;0.000;0.000;0.0;0;0.0;0;0;0;0;0;99;0;0;4953;0.00;0;0;0;0;0;0;0;0;0;0;0;0;0;0;0;0;14;0;99.0;99.0;0;0;0.00;0.00;0.00;0.0;0.0
8.000;17;0;99;0;0.0;14.900;1.014;24;26;0;0;100;0;100;0;0;0;0;88;88;0;0.000;0.000;0.000;0.000;0.000;0.000;0.0;0.0;0;14;0.000;0.000;0.0;0;0.0;0;0;0;0;0;99;0;0;4953;0.00;0;0;0;0;0;0;0;0;0;0;0;0;0;0;0;0;14;0;99.0;99.0;0;0;0.00;0.00;0.00;0.0;0.0
8.066;18;0;99;0;0.0;14.900;1.014;24;26;0;0;100;0;100;0;0;0;0;88;88;0;0.000;0.000;0.000;0.000;0.000;0.000;0.0;0.0;0;14;0.000;0.000;0.0;0;0.0;0;0;0;0;0;99;0;0;4969;0.00;0;0;0;0;0;0;0;0;0;0;0;0;0;0;0;0;14;0;99.0;99.0;0;0;0.00;0.00;0.00;0.0;0.0
8.135;18;0;99;0;0.0;14.900;1.014;24;26;0;0;100;0;100;0;0;0;0;88;88;0;0.000;0.000;0.000;0.000;0.000;0.000;0.0;0.0;0;14;0.000;0.000;0.0;0;0.0;0;0;0;0;0;99;0;0;4969;0.00;0;0;0;0;0;0;0;0;0;0;0;0;0;0;0;0;14;0;99.0;99.0;0;0;0.00;0.00;0.00;0.0;0.0
8.201;18;0;99;0;0.0;14.900;1.014;24;26;0;0;100;0;100;0;0;0;0;88;88;0;0.000;0.000;0.000;0.000;0.000;0.000;0.0;0.0;0;14;0.000;0.000;0.0;0;0.0;0;0;0;0;0;99;0;0;4969;0.00;0;0;0;0;0;0;0;0;0;0;0;0;0;0;0;0;14;0;99.0;99.0;0;0;0.00;0.00;0.00;0.0;0.0
8.266;18;0;99;0;0.0;14.900;1.014;24;26;0;0;100;0;100;0;0;0;0;88;88;0;0.000;0.000;0.000;0.000;0.000;0.000;0.0;0.0;0;14;0.000;0.000;0.0;0;0.0;0;0;0;0;0;99;0;0;4969;0.00;0;0;0;0;0;0;0;0;0;0;0;0;0;0;0;0;14;0;99.0;99.0;0;0;0.00;0.00;0.00;0.0;0.0
8.332;18;0;99;0;0.0;14.900;1.014;24;26;0;0;100;0;100;0;0;0;0;88;88;0;0.000;0.000;0.000;0.000;0.000;0.000;0.0;0.0;0;14;0.000;0.000;0.0;0;0.0;0;0;0;0;0;99;0;0;4969;0.00;0;0;0;0;0;0;0;0;0;0;0;0;0;0;0;0;14;0;99.0;99.0;0;0;0.00;0.00;0.00;0.0;0.0
8.401;18;0;99;0;0.0;14.900;1.014;24;26;0;0;100;0;100;0;0;0;0;88;88;0;0.000;0.000;0.000;0.000;0.000;0.000;0.0;0.0;0;14;0.000;0.000;0.0;0;0.0;0;0;0;0;0;99;0;0;4969;0.00;0;0;0;0;0;0;0;0;0;0;0;0;0;0;0;0;14;0;99.0;99.0;0;0;0.00;0.00;0.00;0.0;0.0
8.467;18;0;99;0;0.0;14.900;1.014;24;26;0;0;100;0;100;0;0;0;0;88;88;0;0.000;0.000;0.000;0.000;0.000;0.000;0.0;0.0;0;14;0.000;0.000;0.0;0;0.0;0;0;0;0;0;99;0;0;4969;0.00;0;0;0;0;0;0;0;0;0;0;0;0;0;0;0;0;14;0;99.0;99.0;0;0;0.00;0.00;0.00;0.0;0.0
8.532;18;0;99;0;0.0;14.900;1.014;24;26;0;0;100;0;100;0;0;0;0;88;88;0;0.000;0.000;0.000;0.000;0.000;0.000;0.0;0.0;0;14;0.000;0.000;0.0;0;0.0;0;0;0;0;0;99;0;0;4969;0.00;0;0;0;0;0;0;0;0;0;0;0;0;0;0;0;0;14;0;99.0;99.0;0;0;0.00;0.00;0.00;0.0;0.0
8.603;18;0;99;0;0.0;14.800;1.007;24;26;0;0;100;0;100;0;0;0;0;88;88;0;0.000;0.000;0.000;0.000;0.000;0.000;0.0;0.0;0;14;0.000;0.000;0.0;0;0.0;0;0;0;0;0;99;0;0;4969;0.00;0;0;0;0;0;0;0;0;0;0;0;0;0;0;0;0;14;0;99.0;99.0;0;0;0.00;0.00;0.00;0.0;0.0
8.667;18;0;99;0;0.0;14.800;1.007;24;26;0;0;100;0;100;0;0;0;0;88;88;0;0.000;0.000;0.000;0.000;0.000;0.000;0.0;0.0;0;14;0.000;0.000;0.0;0;0.0;0;0;0;0;0;99;0;0;4969;0.00;0;0;0;0;0;0;0;0;0;0;0;0;0;0;0;0;14;0;99.0;99.0;0;0;0.00;0.00;0.00;0.0;0.0
8.733;18;0;99;0;0.0;14.800;1.007;24;26;0;0;100;0;100;0;0;0;0;88;88;0;0.000;0.000;0.000;0.000;0.000;0.000;0.0;0.0;0;14;0.000;0.000;0.0;0;0.0;0;0;0;0;0;99;0;0;4969;0.00;0;0;0;0;0;0;0;0;0;0;0;0;0;0;0;0;14;0;99.0;99.0;0;0;0.00;0.00;0.00;0.0;0.0
8.798;18;0;99;0;0.0;14.800;1.007;24;26;0;0;100;0;100;0;0;0;0;88;88;0;0.000;0.000;0.000;0.000;0.000;0.000;0.0;0.0;0;14;0.000;0.000;0.0;0;0.0;0;0;0;0;0;99;0;0;4969;0.00;0;0;0;0;0;0;0;0;0;0;0;0;0;0;0;0;14;0;99.0;99.0;0;0;0.00;0.00;0.00;0.0;0.0
8.868;18;0;99;0;0.0;14.800;1.007;24;26;0;0;100;0;100;0;0;0;0;88;88;0;0.000;0.000;0.000;0.000;0.000;0.000;0.0;0.0;0;14;0.000;0.000;0.0;0;0.0;0;0;0;0;0;99;0;0;4969;0.00;0;0;0;0;0;0;0;0;0;0;0;0;0;0;0;0;14;0;99.0;99.0;0;0;0.00;0.00;0.00;0.0;0.0
8.933;18;0;99;0;0.0;14.800;1.007;24;26;0;0;100;0;100;0;0;0;0;88;88;0;0.000;0.000;0.000;0.000;0.000;0.000;0.0;0.0;0;14;0.000;0.000;0.0;0;0.0;0;0;0;0;0;99;0;0;4969;0.00;0;0;0;0;0;0;0;0;0;0;0;0;0;0;0;0;14;0;99.0;99.0;0;0;0.00;0.00;0.00;0.0;0.0
9.000;18;0;99;0;0.0;14.800;1.007;24;26;0;0;100;0;100;0;0;0;0;88;88;0;0.000;0.000;0.000;0.000;0.000;0.000;0.0;0.0;0;14;0.000;0.000;0.0;0;0.0;0;0;0;0;0;99;0;0;4969;0.00;0;0;0;0;0;0;0;0;0;0;0;0;0;0;0;0;14;0;99.0;99.0;0;0;0.00;0.00;0.00;0.0;0.0
9.071;19;0;99;0;0.0;14.800;1.007;24;26;0;0;100;0;100;0;0;0;0;88;88;0;0.000;0.000;0.000;0.000;0.000;0.000;0.0;0.0;0;14;0.000;0.000;0.0;0;0.0;0;0;0;0;0;99;0;0;4975;0.00;0;0;0;0;0;0;0;0;0;0;0;0;0;0;0;0;14;0;99.0;99.0;0;0;0.00;0.00;0.00;0.0;0.0
9.134;19;0;99;0;0.0;14.800;1.007;24;26;0;0;100;0;100;0;0;0;0;88;88;0;0.000;0.000;0.000;0.000;0.000;0.000;0.0;0.0;0;14;0.000;0.000;0.0;0;0.0;0;0;0;0;0;99;0;0;4975;0.00;0;0;0;0;0;0;0;0;0;0;0;0;0;0;0;0;14;0;99.0;99.0;0;0;0.00;0.00;0.00;0.0;0.0
9.200;19;0;99;0;0.0;14.800;1.007;24;26;0;0;100;0;100;0;0;0;0;88;88;0;0.000;0.000;0.000;0.000;0.000;0.000;0.0;0.0;0;14;0.000;0.000;0.0;0;0.0;0;0;0;0;0;99;0;0;4975;0.00;0;0;0;0;0;0;0;0;0;0;0;0;0;0;0;0;14;0;99.0;99.0;0;0;0.00;0.00;0.00;0.0;0.0
9.269;19;0;99;0;0.0;14.900;1.014;24;26;0;0;100;0;100;0;0;0;0;88;88;0;0.000;0.000;0.000;0.000;0.000;0.000;0.0;0.0;0;14;0.000;0.000;0.0;0;0.0;0;0;0;0;0;99;0;0;4975;0.00;0;0;0;0;0;0;0;0;0;0;0;0;0;0;0;0;14;0;99.0;99.0;0;0;0.00;0.00;0.00;0.0;0.0
9.335;19;0;99;0;0.0;14.900;1.014;24;26;0;0;100;0;100;0;0;0;0;88;88;0;0.000;0.000;0.000;0.000;0.000;0.000;0.0;0.0;0;14;0.000;0.000;0.0;0;0.0;0;0;0;0;0;99;0;0;4975;0.00;0;0;0;0;0;0;0;0;0;0;0;0;0;0;0;0;14;0;99.0;99.0;0;0;0.00;0.00;0.00;0.0;0.0
9.402;19;0;99;0;0.0;15.200;1.034;24;26;0;0;100;0;100;0;0;0;0;88;88;0;0.000;0.000;0.000;0.000;0.000;0.000;0.0;0.0;0;14;0.000;0.000;0.0;0;0.0;0;0;0;0;0;99;0;0;4975;0.00;0;0;0;0;0;0;0;0;0;0;0;0;0;0;0;0;14;0;99.0;99.0;0;0;0.00;0.00;0.00;0.0;0.0
9.471;19;0;99;0;0.0;18.600;1.265;24;26;0;0;100;0;100;0;0;0;0;88;88;0;0.000;0.000;0.000;0.000;0.000;0.000;0.0;0.0;0;14;0.000;0.000;0.0;0;0.0;0;0;0;0;0;99;0;0;4975;0.00;0;0;0;0;0;0;0;0;0;0;0;0;0;0;0;0;14;0;99.0;99.0;0;0;0.00;0.00;0.00;0.0;0.0
9.537;19;0;99;0;0.0;19.500;1.327;24;26;0;0;100;0;100;0;0;0;0;88;88;0;0.000;0.000;0.000;0.000;0.000;0.000;0.0;0.0;0;14;0.000;0.000;0.0;0;0.0;0;0;0;0;0;99;0;0;4975;0.00;0;0;0;0;0;0;0;0;0;0;0;0;0;0;0;0;14;0;99.0;99.0;0;0;0.00;0.00;0.00;0.0;0.0
9.602;19;0;99;0;0.0;19.700;1.340;24;26;0;0;100;0;100;0;0;0;0;88;88;0;0.000;0.000;0.000;0.000;0.000;0.000;0.0;0.0;0;14;0.000;0.000;4.6;0;0.0;0;0;0;0;0;99;0;0;4975;0.00;0;0;0;0;0;0;0;0;0;0;0;0;0;0;0;0;14;0;99.0;99.0;0;0;0.00;0.00;0.00;0.0;0.0
9.669;19;0;99;0;0.0;19.700;1.340;24;26;0;0;100;0;100;0;0;0;0;88;88;0;0.000;0.000;0.000;0.000;0.000;0.000;0.0;0.0;0;14;0.000;0.000;4.6;0;0.0;0;0;0;0;0;99;0;0;4975;0.00;0;0;0;0;0;0;0;0;0;0;0;0;0;0;0;0;14;0;99.0;99.0;0;0;0.00;0.00;0.00;0.0;0.0
9.736;19;0;99;0;0.0;19.700;1.340;24;26;0;0;100;0;100;0;0;0;0;88;88;0;0.000;0.000;0.000;0.000;0.000;0.000;0.0;0.0;0;14;0.000;0.000;4.6;0;0.0;0;0;0;0;0;99;0;0;4975;0.00;0;0;0;0;0;0;0;0;0;0;0;0;0;0;0;0;14;0;99.0;99.0;0;0;0.00;0.00;0.00;0.0;0.0
9.803;19;0;99;0;0.0;19.700;1.340;24;26;0;0;100;0;100;0;0;0;0;88;88;0;0.000;0.000;0.000;0.000;0.000;0.000;0.0;0.0;0;14;0.000;0.000;7.0;0;0.0;0;0;0;0;0;99;0;0;4975;0.00;0;0;0;0;0;0;0;0;0;0;0;0;0;0;0;0;14;0;99.0;99.0;0;0;0.00;0.00;0.00;0.0;0.0
9.869;19;0;99;0;0.0;19.700;1.340;24;26;0;0;100;0;100;0;0;0;0;88;88;0;0.000;0.000;0.000;0.000;0.000;0.000;0.0;0.0;0;14;0.000;0.000;7.0;0;0.0;0;0;0;0;0;99;0;0;4975;0.00;0;0;0;0;0;0;0;0;0;0;0;0;0;0;0;0;14;0;99.0;99.0;0;0;0.00;0.00;0.00;0.0;0.0
9.933;19;0;99;0;0.0;19.700;1.340;24;26;0;0;100;0;100;0;0;0;0;88;88;0;0.000;0.000;0.000;0.000;0.000;0.000;0.0;0.0;0;14;0.000;0.000;7.0;0;0.0;0;0;0;0;0;99;0;0;4975;0.00;0;0;0;0;0;0;0;0;0;0;0;0;0;0;0;0;14;0;99.0;99.0;0;0;0.00;0.00;0.00;0.0;0.0
9.999;19;0;99;0;0.0;19.700;1.340;24;26;0;0;100;0;100;0;0;0;0;88;88;0;0.000;0.000;0.000;0.000;0.000;0.000;0.0;0.0;0;14;0.000;0.000;7.0;0;0.0;0;0;0;0;0;99;0;0;4975;0.00;0;0;0;0;0;0;0;0;0;0;0;0;0;0;0;0;14;0;99.0;99.0;0;0;0.00;0.00;0.00;0.0;0.0
10.065;20;0;99;0;0.0;19.700;1.340;24;26;0;0;100;0;100;0;0;0;0;88;88;0;0.000;0.000;0.000;0.000;0.000;0.000;0.0;0.0;0;14;0.000;0.000;8.3;0;0.0;0;0;0;0;0;99;0;0;4982;0.00;0;0;0;0;0;0;0;0;0;0;0;0;0;0;0;0;14;0;99.0;99.0;0;0;0.00;0.00;0.00;0.0;0.0
10.134;20;0;99;0;0.0;19.700;1.340;24;26;0;0;100;0;100;0;0;0;0;88;88;0;0.000;0.000;0.000;0.000;0.000;0.000;0.0;0.0;0;14;0.000;0.000;8.3;0;0.0;0;0;0;0;0;99;0;0;4982;0.00;0;0;0;0;0;0;0;0;0;0;0;0;0;0;0;0;14;0;99.0;99.0;0;0;0.00;0.00;0.00;0.0;0.0
10.204;20;0;99;0;0.0;19.700;1.340;24;26;0;0;100;0;100;0;0;0;0;88;88;0;0.000;0.000;0.000;0.000;0.000;0.000;0.0;0.0;0;14;0.000;0.000;8.3;0;0.0;0;0;0;0;0;99;0;0;4982;0.00;0;0;0;0;0;0;0;0;0;0;0;0;0;0;0;0;14;0;99.0;99.0;0;0;0.00;0.00;0.00;0.0;0.0
10.271;20;0;99;0;0.0;19.700;1.340;24;26;0;0;100;0;100;0;0;0;0;88;88;0;0.000;0.000;0.000;0.000;0.000;0.000;0.0;0.0;0;14;0.000;0.000;8.3;0;0.0;0;0;0;0;0;99;0;0;4982;0.00;0;0;0;0;0;0;0;0;0;0;0;0;0;0;0;0;14;0;99.0;99.0;0;0;0.00;0.00;0.00;0.0;0.0
10.335;20;0;99;0;0.0;19.700;1.340;24;26;0;0;100;0;100;0;0;0;0;88;88;0;0.000;0.000;0.000;0.000;0.000;0.000;0.0;0.0;0;14;0.000;0.000;9.0;0;0.0;0;0;0;0;0;99;0;0;4982;0.00;0;0;0;0;0;0;0;0;0;0;0;0;0;0;0;0;14;0;99.0;99.0;0;0;0.00;0.00;0.00;0.0;0.0
10.401;20;0;99;0;0.0;19.700;1.340;24;26;0;0;100;0;100;0;0;0;0;88;88;0;0.000;0.000;0.000;0.000;0.000;0.000;0.0;0.0;0;14;0.000;0.000;9.0;0;0.0;0;0;0;0;0;99;0;0;4982;0.00;0;0;0;0;0;0;0;0;0;0;0;0;0;0;0;0;14;0;99.0;99.0;0;0;0.00;0.00;0.00;0.0;0.0
10.466;20;0;99;0;0.0;19.700;1.340;24;26;0;0;100;0;100;0;0;0;0;88;88;0;0.000;0.000;0.000;0.000;0.000;0.000;0.0;0.0;0;14;0.000;0.000;9.0;0;0.0;0;0;0;0;0;99;0;0;4982;0.00;0;0;0;0;0;0;0;0;0;0;0;0;0;0;0;0;14;0;99.0;99.0;0;0;0.00;0.00;0.00;0.0;0.0
10.536;20;0;99;0;0.0;19.700;1.340;24;26;0;0;100;0;100;0;0;0;0;88;88;0;0.000;0.000;0.000;0.000;0.000;0.000;0.0;0.0;0;14;0.000;0.000;9.0;0;0.0;0;0;0;0;0;99;0;0;4982;0.00;0;0;0;0;0;0;0;0;0;0;0;0;0;0;0;0;14;0;99.0;99.0;0;0;0.00;0.00;0.00;0.0;0.0
10.603;20;0;99;0;0.0;19.700;1.340;24;26;0;0;100;0;100;0;0;0;0;88;88;0;0.000;0.000;0.000;0.000;0.000;0.000;0.0;0.0;0;14;0.000;0.000;9.7;0;0.0;0;0;0;0;0;99;0;0;4982;0.00;0;0;0;0;0;0;0;0;0;0;0;0;0;0;0;0;14;0;99.0;99.0;0;0;0.00;0.00;0.00;0.0;0.0
10.671;20;0;99;0;0.0;19.700;1.340;24;26;0;0;100;0;100;0;0;0;0;88;88;0;0.000;0.000;0.000;0.000;0.000;0.000;0.0;0.0;0;14;0.000;0.000;9.7;0;0.0;0;0;0;0;0;99;0;0;4982;0.00;0;0;0;0;0;0;0;0;0;0;0;0;0;0;0;0;14;0;99.0;99.0;0;0;0.00;0.00;0.00;0.0;0.0
10.741;20;0;99;0;0.0;19.700;1.340;24;26;0;0;100;0;100;0;0;0;0;88;88;0;0.000;0.000;0.000;0.000;0.000;0.000;0.0;0.0;0;14;0.000;0.000;9.7;0;0.0;0;0;0;0;0;99;0;0;4982;0.00;0;0;0;0;0;0;0;0;0;0;0;0;0;0;0;0;14;0;99.0;99.0;0;0;0.00;0.00;0.00;0.0;0.0
10.806;20;0;99;0;0.0;19.700;1.340;24;26;0;0;100;0;100;0;0;0;0;88;88;0;0.000;0.000;0.000;0.000;0.000;0.000;0.0;0.0;0;14;0.000;0.000;9.7;0;0.0;0;0;0;0;0;99;0;0;4982;0.00;0;0;0;0;0;0;0;0;0;0;0;0;0;0;0;0;14;0;99.0;99.0;0;0;0.00;0.00;0.00;0.0;0.0
10.872;20;0;99;0;0.0;19.700;1.340;24;26;0;0;100;0;100;0;0;0;0;88;88;0;0.000;0.000;0.000;0.000;0.000;0.000;0.0;0.0;0;14;0.000;0.000;10.1;0;0.0;0;0;0;0;0;99;0;0;4982;0.00;0;0;0;0;0;0;0;0;0;0;0;0;0;0;0;0;14;0;99.0;99.0;0;0;0.00;0.00;0.00;0.0;0.0
10.938;20;0;99;0;0.0;19.700;1.340;24;26;0;0;100;0;100;0;0;0;0;88;88;0;0.000;0.000;0.000;0.000;0.000;0.000;0.0;0.0;0;14;0.000;0.000;10.1;0;0.0;0;0;0;0;0;99;0;0;4982;0.00;0;0;0;0;0;0;0;0;0;0;0;0;0;0;0;0;14;0;99.0;99.0;0;0;0.00;0.00;0.00;0.0;0.0
11.003;20;0;99;0;0.0;19.700;1.340;24;26;0;0;100;0;100;0;0;0;0;88;88;0;0.000;0.000;0.000;0.000;0.000;0.000;0.0;0.0;0;14;0.000;0.000;10.1;0;0.0;0;0;0;0;0;99;0;0;4982;0.00;0;0;0;0;0;0;0;0;0;0;0;0;0;0;0;0;14;0;99.0;99.0;0;0;0.00;0.00;0.00;0.0;0.0
11.068;20;0;99;0;0.0;19.700;1.340;24;26;0;0;100;0;100;0;0;0;0;88;88;0;0.000;0.000;0.000;0.000;0.000;0.000;0.0;0.0;0;14;0.000;0.000;10.1;0;0.0;0;0;0;0;0;99;0;0;4982;0.00;0;0;0;0;0;0;0;0;0;0;0;0;0;0;0;0;14;0;99.0;99.0;0;0;0.00;0.00;0.00;0.0;0.0
11.134;21;0;99;0;0.0;19.700;1.340;24;26;0;0;100;0;100;0;0;0;0;88;88;0;0.000;0.000;0.000;0.000;0.000;0.000;0.0;0.0;0;14;0.000;0.000;10.3;0;0.0;0;0;0;0;0;99;0;0;5000;0.00;0;0;0;0;0;0;0;0;0;0;0;0;0;0;0;0;14;0;99.0;99.0;0;0;0.00;0.00;0.00;0.0;0.0
11.202;21;0;99;0;0.0;19.700;1.340;24;26;0;0;100;0;100;0;0;0;0;88;88;0;0.000;0.000;0.000;0.000;0.000;0.000;0.0;0.0;0;14;0.000;0.000;10.3;0;0.0;0;0;0;0;0;99;0;0;5000;0.00;0;0;0;0;0;0;0;0;0;0;0;0;0;0;0;0;14;0;99.0;99.0;0;0;0.00;0.00;0.00;0.0;0.0
11.269;21;0;99;0;0.0;19.700;1.340;24;26;0;0;100;0;100;0;0;0;0;88;88;0;0.000;0.000;0.000;0.000;0.000;0.000;0.0;0.0;0;14;0.000;0.000;10.3;0;0.0;0;0;0;0;0;99;0;0;5000;0.00;0;0;0;0;0;0;0;0;0;0;0;0;0;0;0;0;14;0;99.0;99.0;0;0;0.00;0.00;0.00;0.0;0.0
11.335;21;0;99;0;0.0;19.700;1.340;24;26;0;0;100;0;100;0;0;0;0;88;88;0;0.000;0.000;0.000;0.000;0.000;0.000;0.0;0.0;0;14;0.000;0.000;10.4;0;0.0;0;0;0;0;0;99;0;0;5000;0.00;0;0;0;0;0;0;0;0;0;0;0;0;0;0;0;0;14;0;99.0;99.0;0;0;0.00;0.00;0.00;0.0;0.0
11.400;21;0;99;0;0.0;19.700;1.340;24;26;0;0;100;0;100;0;0;0;0;88;88;0;0.000;0.000;0.000;0.000;0.000;0.000;0.0;0.0;0;14;0.000;0.000;10.4;0;0.0;0;0;0;0;0;99;0;0;5000;0.00;0;0;0;0;0;0;0;0;0;0;0;0;0;0;0;0;14;0;99.0;99.0;0;0;0.00;0.00;0.00;0.0;0.0
11.469;21;0;99;0;0.0;19.700;1.340;24;26;0;0;100;0;100;0;0;0;0;88;88;0;0.000;0.000;0.000;0.000;0.000;0.000;0.0;0.0;0;14;0.000;0.000;10.4;0;0.0;0;0;0;0;0;99;0;0;5000;0.00;0;0;0;0;0;0;0;0;0;0;0;0;0;0;0;0;14;0;99.0;99.0;0;0;0.00;0.00;0.00;0.0;0.0
11.535;21;0;99;0;0.0;19.700;1.340;24;26;0;0;100;0;100;0;0;0;0;88;88;0;0.000;0.000;0.000;0.000;0.000;0.000;0.0;0.0;0;14;0.000;0.000;10.4;0;0.0;0;0;0;0;0;99;0;0;5000;0.00;0;0;0;0;0;0;0;0;0;0;0;0;0;0;0;0;14;0;99.0;99.0;0;0;0.00;0.00;0.00;0.0;0.0
11.600;21;0;99;0;0.0;19.700;1.340;24;26;0;0;100;0;100;0;0;0;0;88;88;0;0.000;0.000;0.000;0.000;0.000;0.000;0.0;0.0;0;14;0.000;0.000;10.5;0;0.0;0;0;0;0;0;99;0;0;5000;0.00;0;0;0;0;0;0;0;0;0;0;0;0;0;0;0;0;14;0;99.0;99.0;0;0;0.00;0.00;0.00;0.0;0.0
11.667;21;0;99;0;0.0;19.700;1.340;24;26;0;0;100;0;100;0;0;0;0;88;88;0;0.000;0.000;0.000;0.000;0.000;0.000;0.0;0.0;0;14;0.000;0.000;10.5;0;0.0;0;0;0;0;0;99;0;0;5000;0.00;0;0;0;0;0;0;0;0;0;0;0;0;0;0;0;0;14;0;99.0;99.0;0;0;0.00;0.00;0.00;0.0;0.0
11.735;21;0;99;0;0.0;19.700;1.340;24;26;0;0;100;0;100;0;0;0;0;88;88;0;0.000;0.000;0.000;0.000;0.000;0.000;0.0;0.0;0;14;0.000;0.000;10.5;0;0.0;0;0;0;0;0;99;0;0;5000;0.00;0;0;0;0;0;0;0;0;0;0;0;0;0;0;0;0;14;0;99.0;99.0;0;0;0.00;0.00;0.00;0.0;0.0
11.802;21;0;99;0;0.0;19.700;1.340;24;26;0;0;100;0;100;0;0;0;0;88;88;0;0.000;0.000;0.000;0.000;0.000;0.000;0.0;0.0;0;14;0.000;0.000;10.5;0;0.0;0;0;0;0;0;99;0;0;5000;0.00;0;0;0;0;0;0;0;0;0;0;0;0;0;0;0;0;14;0;99.0;99.0;0;0;0.00;0.00;0.00;0.0;0.0
11.872;21;0;99;0;0.0;19.700;1.340;24;26;0;0;100;0;100;0;0;0;0;88;88;0;0.000;0.000;0.000;0.000;0.000;0.000;0.0;0.0;0;14;0.000;0.000;10.6;0;0.0;0;0;0;0;0;99;0;0;5000;0.00;0;0;0;0;0;0;0;0;0;0;0;0;0;0;0;0;14;0;99.0;99.0;0;0;0.00;0.00;0.00;0.0;0.0
11.937;21;0;99;0;0.0;19.700;1.340;24;26;0;0;100;0;100;0;0;0;0;88;88;0;0.000;0.000;0.000;0.000;0.000;0.000;0.0;0.0;0;14;0.000;0.000;10.6;0;0.0;0;0;0;0;0;99;0;0;5000;0.00;0;0;0;0;0;0;0;0;0;0;0;0;0;0;0;0;14;0;99.0;99.0;0;0;0.00;0.00;0.00;0.0;0.0
12.002;21;0;99;0;0.0;19.700;1.340;24;26;0;0;100;0;100;0;0;0;0;88;88;0;0.000;0.000;0.000;0.000;0.000;0.000;0.0;0.0;0;14;0.000;0.000;10.6;0;0.0;0;0;0;0;0;99;0;0;5000;0.00;0;0;0;0;0;0;0;0;0;0;0;0;0;0;0;0;14;0;99.0;99.0;0;0;0.00;0.00;0.00;0.0;0.0
12.066;21;0;99;0;0.0;19.700;1.340;24;26;0;0;100;0;100;0;0;0;0;88;88;0;0.000;0.000;0.000;0.000;0.000;0.000;0.0;0.0;0;14;0.000;0.000;10.6;0;0.0;0;0;0;0;0;99;0;0;5000;0.00;0;0;0;0;0;0;0;0;0;0;0;0;0;0;0;0;14;0;99.0;99.0;0;0;0.00;0.00;0.00;0.0;0.0
12.133;22;0;99;0;0.0;19.700;1.340;24;26;0;0;100;0;100;0;0;0;0;88;88;0;0.000;0.000;0.000;0.000;0.000;0.000;0.0;0.0;0;14;0.000;0.000;10.6;0;0.0;0;0;0;0;0;99;0;0;4990;0.00;0;0;0;0;0;0;0;0;0;0;0;0;0;0;0;0;14;0;99.0;99.0;0;0;0.00;0.00;0.00;0.0;0.0
12.202;22;0;99;0;0.0;19.700;1.340;24;26;0;0;100;0;100;0;0;0;0;88;88;0;0.000;0.000;0.000;0.000;0.000;0.000;0.0;0.0;0;14;0.000;0.000;10.6;0;0.0;0;0;0;0;0;99;0;0;4990;0.00;0;0;0;0;0;0;0;0;0;0;0;0;0;0;0;0;14;0;99.0;99.0;0;0;0.00;0.00;0.00;0.0;0.0
12.268;22;0;99;0;0.0;19.700;1.340;24;26;0;0;100;0;100;0;0;0;0;88;88;0;0.000;0.000;0.000;0.000;0.000;0.000;0.0;0.0;0;14;0.000;0.000;10.6;0;0.0;0;0;0;0;0;99;0;0;4990;0.00;0;0;0;0;0;0;0;0;0;0;0;0;0;0;0;0;14;0;99.0;99.0;0;0;0.00;0.00;0.00;0.0;0.0
12.334;22;0;99;0;0.0;19.700;1.340;24;26;0;0;100;0;100;0;0;0;0;88;88;0;0.000;0.000;0.000;0.000;0.000;0.000;0.0;0.0;0;14;0.000;0.000;10.6;0;0.0;0;0;0;0;0;99;0;0;4990;0.00;0;0;0;0;0;0;0;0;0;0;0;0;0;0;0;0;14;0;99.0;99.0;0;0;0.00;0.00;0.00;0.0;0.0
12.404;22;0;99;0;0.0;19.700;1.340;24;26;0;0;100;0;100;0;0;0;0;88;88;0;0.000;0.000;0.000;0.000;0.000;0.000;0.0;0.0;0;14;0.000;0.000;10.7;0;0.0;0;0;0;0;0;99;0;0;4990;0.00;0;0;0;0;0;0;0;0;0;0;0;0;0;0;0;0;14;0;99.0;99.0;0;0;0.00;0.00;0.00;0.0;0.0
12.469;22;0;99;0;0.0;19.700;1.340;24;26;0;0;100;0;100;0;0;0;0;88;88;0;0.000;0.000;0.000;0.000;0.000;0.000;0.0;0.0;0;14;0.000;0.000;10.7;0;0.0;0;0;0;0;0;99;0;0;4990;0.00;0;0;0;0;0;0;0;0;0;0;0;0;0;0;0;0;14;0;99.0;99.0;0;0;0.00;0.00;0.00;0.0;0.0
12.534;22;0;99;0;0.0;19.700;1.340;24;26;0;0;100;0;100;0;0;0;0;88;88;0;0.000;0.000;0.000;0.000;0.000;0.000;0.0;0.0;0;14;0.000;0.000;10.7;0;0.0;0;0;0;0;0;99;0;0;4990;0.00;0;0;0;0;0;0;0;0;0;0;0;0;0;0;0;0;14;0;99.0;99.0;0;0;0.00;0.00;0.00;0.0;0.0
12.600;22;0;99;0;0.0;19.700;1.340;24;26;0;0;100;0;100;0;0;0;0;88;88;0;0.000;0.000;0.000;0.000;0.000;0.000;0.0;0.0;0;14;0.000;0.000;10.8;0;0.0;0;0;0;0;0;99;0;0;4990;0.00;0;0;0;0;0;0;0;0;0;0;0;0;0;0;0;0;14;0;99.0;99.0;0;0;0.00;0.00;0.00;0.0;0.0
12.670;22;0;99;0;0.0;19.700;1.340;24;26;0;0;100;0;100;0;0;0;0;88;88;0;0.000;0.000;0.000;0.000;0.000;0.000;0.0;0.0;0;14;0.000;0.000;10.8;0;0.0;0;0;0;0;0;99;0;0;4990;0.00;0;0;0;0;0;0;0;0;0;0;0;0;0;0;0;0;14;0;99.0;99.0;0;0;0.00;0.00;0.00;0.0;0.0
12.736;22;0;99;0;0.0;19.700;1.340;24;26;0;0;100;0;100;0;0;0;0;88;88;0;0.000;0.000;0.000;0.000;0.000;0.000;0.0;0.0;0;14;0.000;0.000;10.8;0;0.0;0;0;0;0;0;99;0;0;4990;0.00;0;0;0;0;0;0;0;0;0;0;0;0;0;0;0;0;14;0;99.0;99.0;0;0;0.00;0.00;0.00;0.0;0.0
12.804;22;0;99;0;0.0;19.700;1.340;24;26;0;0;100;0;100;0;0;0;0;88;88;0;0.000;0.000;0.000;0.000;0.000;0.000;0.0;0.0;0;14;0.000;0.000;10.8;0;0.0;0;0;0;0;0;99;0;0;4990;0.00;0;0;0;0;0;0;0;0;0;0;0;0;0;0;0;0;14;0;99.0;99.0;0;0;0.00;0.00;0.00;0.0;0.0
12.870;22;0;99;0;0.0;19.700;1.340;24;26;0;0;100;0;100;0;0;0;0;88;88;0;0.000;0.000;0.000;0.000;0.000;0.000;0.0;0.0;0;14;0.000;0.000;10.8;0;0.0;0;0;0;0;0;99;0;0;4990;0.00;0;0;0;0;0;0;0;0;0;0;0;0;0;0;0;0;14;0;99.0;99.0;0;0;0.00;0.00;0.00;0.0;0.0
12.936;22;0;99;0;0.0;19.700;1.340;24;26;0;0;100;0;100;0;0;0;0;88;88;0;0.000;0.000;0.000;0.000;0.000;0.000;0.0;0.0;0;14;0.000;0.000;10.8;0;0.0;0;0;0;0;0;99;0;0;4990;0.00;0;0;0;0;0;0;0;0;0;0;0;0;0;0;0;0;14;0;99.0;99.0;0;0;0.00;0.00;0.00;0.0;0.0
13.001;22;0;99;0;0.0;19.700;1.340;24;26;0;0;100;0;100;0;0;0;0;88;88;0;0.000;0.000;0.000;0.000;0.000;0.000;0.0;0.0;0;14;0.000;0.000;10.8;0;0.0;0;0;0;0;0;99;0;0;4990;0.00;0;0;0;0;0;0;0;0;0;0;0;0;0;0;0;0;14;0;99.0;99.0;0;0;0.00;0.00;0.00;0.0;0.0
13.070;22;0;99;0;0.0;19.700;1.340;24;26;0;0;100;0;100;0;0;0;0;88;88;0;0.000;0.000;0.000;0.000;0.000;0.000;0.0;0.0;0;14;0.000;0.000;10.8;0;0.0;0;0;0;0;0;99;0;0;4990;0.00;0;0;0;0;0;0;0;0;0;0;0;0;0;0;0;0;14;0;99.0;99.0;0;0;0.00;0.00;0.00;0.0;0.0
13.136;23;0;99;0;0.0;19.700;1.340;24;26;0;0;100;0;100;0;0;0;0;88;88;0;0.000;0.000;0.000;0.000;0.000;0.000;0.0;0.0;0;14;0.000;0.000;10.8;0;0.0;0;0;0;0;0;99;0;0;4986;0.00;0;0;0;0;0;0;0;0;0;0;0;0;0;0;0;0;14;0;99.0;99.0;0;0;0.00;0.00;0.00;0.0;0.0
13.202;23;0;99;0;0.0;19.700;1.340;24;26;0;0;100;0;100;0;0;0;0;88;88;0;0.000;0.000;0.000;0.000;0.000;0.000;0.0;0.0;0;14;0.000;0.000;10.8;0;0.0;0;0;0;0;0;99;0;0;4986;0.00;0;0;0;0;0;0;0;0;0;0;0;0;0;0;0;0;14;0;99.0;99.0;0;0;0.00;0.00;0.00;0.0;0.0
13.267;23;0;99;0;0.0;19.700;1.340;24;26;0;0;100;0;100;0;0;0;0;88;88;0;0.000;0.000;0.000;0.000;0.000;0.000;0.0;0.0;0;14;0.000;0.000;10.8;0;0.0;0;0;0;0;0;99;0;0;4986;0.00;0;0;0;0;0;0;0;0;0;0;0;0;0;0;0;0;14;0;99.0;99.0;0;0;0.00;0.00;0.00;0.0;0.0
13.337;23;0;99;0;0.0;19.700;1.340;24;26;0;0;100;0;100;0;0;0;0;88;88;0;0.000;0.000;0.000;0.000;0.000;0.000;0.0;0.0;0;14;0.000;0.000;10.8;0;0.0;0;0;0;0;0;99;0;0;4986;0.00;0;0;0;0;0;0;0;0;0;0;0;0;0;0;0;0;14;0;99.0;99.0;0;0;0.00;0.00;0.00;0.0;0.0
13.402;23;0;99;0;0.0;19.700;1.340;24;26;0;0;100;0;100;0;0;0;0;88;88;0;0.000;0.000;0.000;0.000;0.000;0.000;0.0;0.0;0;14;0.000;0.000;10.8;0;0.0;0;0;0;0;0;99;0;0;4986;0.00;0;0;0;0;0;0;0;0;0;0;0;0;0;0;0;0;14;0;99.0;99.0;0;0;0.00;0.00;0.00;0.0;0.0
13.468;23;0;99;0;0.0;19.700;1.340;24;26;0;0;100;0;100;0;0;0;0;88;88;0;0.000;0.000;0.000;0.000;0.000;0.000;0.0;0.0;0;14;0.000;0.000;10.8;0;0.0;0;0;0;0;0;99;0;0;4986;0.00;0;0;0;0;0;0;0;0;0;0;0;0;0;0;0;0;14;0;99.0;99.0;0;0;0.00;0.00;0.00;0.0;0.0
13.538;23;0;99;0;0.0;19.700;1.340;24;26;0;0;100;0;100;0;0;0;0;88;88;0;0.000;0.000;0.000;0.000;0.000;0.000;0.0;0.0;0;14;0.000;0.000;10.8;0;0.0;0;0;0;0;0;99;0;0;4986;0.00;0;0;0;0;0;0;0;0;0;0;0;0;0;0;0;0;14;0;99.0;99.0;0;0;0.00;0.00;0.00;0.0;0.0
13.603;23;0;99;0;0.0;19.700;1.340;24;26;0;0;100;0;100;0;0;0;0;88;88;0;0.000;0.000;0.000;0.000;0.000;0.000;0.0;0.0;0;14;0.000;0.000;10.8;0;0.0;0;0;0;0;0;99;0;0;4986;0.00;0;0;0;0;0;0;0;0;0;0;0;0;0;0;0;0;14;0;99.0;99.0;0;0;0.00;0.00;0.00;0.0;0.0
13.670;23;0;99;0;0.0;19.700;1.340;24;26;0;0;100;0;100;0;0;0;0;88;88;0;0.000;0.000;0.000;0.000;0.000;0.000;0.0;0.0;0;14;0.000;0.000;10.8;0;0.0;0;0;0;0;0;99;0;0;4986;0.00;0;0;0;0;0;0;0;0;0;0;0;0;0;0;0;0;14;0;99.0;99.0;0;0;0.00;0.00;0.00;0.0;0.0
13.734;23;0;99;0;0.0;19.700;1.340;24;26;0;0;100;0;100;0;0;0;0;88;88;0;0.000;0.000;0.000;0.000;0.000;0.000;0.0;0.0;0;14;0.000;0.000;10.8;0;0.0;0;0;0;0;0;99;0;0;4986;0.00;0;0;0;0;0;0;0;0;0;0;0;0;0;0;0;0;14;0;99.0;99.0;0;0;0.00;0.00;0.00;0.0;0.0
13.799;23;0;99;0;0.0;19.700;1.340;24;26;0;0;100;0;100;0;0;0;0;88;88;0;0.000;0.000;0.000;0.000;0.000;0.000;0.0;0.0;0;14;0.000;0.000;10.8;0;0.0;0;0;0;0;0;99;0;0;4986;0.00;0;0;0;0;0;0;0;0;0;0;0;0;0;0;0;0;14;0;99.0;99.0;0;0;0.00;0.00;0.00;0.0;0.0
13.870;23;0;99;0;0.0;19.700;1.340;24;26;0;0;100;0;100;0;0;0;0;88;88;0;0.000;0.000;0.000;0.000;0.000;0.000;0.0;0.0;0;14;0.000;0.000;10.8;0;0.0;0;0;0;0;0;99;0;0;4986;0.00;0;0;0;0;0;0;0;0;0;0;0;0;0;0;0;0;14;0;99.0;99.0;0;0;0.00;0.00;0.00;0.0;0.0
13.935;23;0;99;0;0.0;19.700;1.340;24;26;0;0;100;0;100;0;0;0;0;88;88;0;0.000;0.000;0.000;0.000;0.000;0.000;0.0;0.0;0;14;0.000;0.000;10.8;0;0.0;0;0;0;0;0;99;0;0;4986;0.00;0;0;0;0;0;0;0;0;0;0;0;0;0;0;0;0;14;0;99.0;99.0;0;0;0.00;0.00;0.00;0.0;0.0
14.001;23;0;99;0;0.0;19.700;1.340;24;26;0;0;100;0;100;0;0;0;0;88;88;0;0.000;0.000;0.000;0.000;0.000;0.000;0.0;0.0;0;14;0.000;0.000;10.8;0;0.0;0;0;0;0;0;99;0;0;4986;0.00;0;0;0;0;0;0;0;0;0;0;0;0;0;0;0;0;14;0;99.0;99.0;0;0;0.00;0.00;0.00;0.0;0.0
14.066;23;0;99;0;0.0;19.700;1.340;24;26;0;0;100;0;100;0;0;0;0;88;88;0;0.000;0.000;0.000;0.000;0.000;0.000;0.0;0.0;0;14;0.000;0.000;10.8;0;0.0;0;0;0;0;0;99;0;0;4986;0.00;0;0;0;0;0;0;0;0;0;0;0;0;0;0;0;0;14;0;99.0;99.0;0;0;0.00;0.00;0.00;0.0;0.0
14.131;24;0;99;0;0.0;19.700;1.340;24;26;0;0;100;0;100;0;0;0;0;88;88;0;0.000;0.000;0.000;0.000;0.000;0.000;0.0;0.0;0;14;0.000;0.000;10.9;0;0.0;0;0;0;0;0;99;0;0;4982;0.00;0;0;0;0;0;0;0;0;0;0;0;0;0;0;0;0;14;0;99.0;99.0;0;0;0.00;0.00;0.00;0.0;0.0
14.200;24;0;99;0;0.0;19.700;1.340;24;26;0;0;100;0;100;0;0;0;0;88;88;0;0.000;0.000;0.000;0.000;0.000;0.000;0.0;0.0;0;14;0.000;0.000;10.9;0;0.0;0;0;0;0;0;99;0;0;4982;0.00;0;0;0;0;0;0;0;0;0;0;0;0;0;0;0;0;14;0;99.0;99.0;0;0;0.00;0.00;0.00;0.0;0.0
14.267;24;0;99;0;0.0;19.700;1.340;24;26;0;0;100;0;100;0;0;0;0;88;88;0;0.000;0.000;0.000;0.000;0.000;0.000;0.0;0.0;0;14;0.000;0.000;10.9;0;0.0;0;0;0;0;0;99;0;0;4982;0.00;0;0;0;0;0;0;0;0;0;0;0;0;0;0;0;0;14;0;99.0;99.0;0;0;0.00;0.00;0.00;0.0;0.0
14.333;24;0;99;0;0.0;19.700;1.340;24;26;0;0;100;0;100;0;0;0;0;88;88;0;0.000;0.000;0.000;0.000;0.000;0.000;0.0;0.0;0;14;0.000;0.000;10.9;0;0.0;0;0;0;0;0;99;0;0;4982;0.00;0;0;0;0;0;0;0;0;0;0;0;0;0;0;0;0;14;0;99.0;99.0;0;0;0.00;0.00;0.00;0.0;0.0
14.402;24;0;99;0;0.0;19.700;1.340;24;26;0;0;100;0;100;0;0;0;0;88;88;0;0.000;0.000;0.000;0.000;0.000;0.000;0.0;0.0;0;14;0.000;0.000;10.9;0;0.0;0;0;0;0;0;99;0;0;4982;0.00;0;0;0;0;0;0;0;0;0;0;0;0;0;0;0;0;14;0;99.0;99.0;0;0;0.00;0.00;0.00;0.0;0.0
14.467;24;0;99;0;0.0;19.700;1.340;24;26;0;0;100;0;100;0;0;0;0;88;88;0;0.000;0.000;0.000;0.000;0.000;0.000;0.0;0.0;0;14;0.000;0.000;10.9;0;0.0;0;0;0;0;0;99;0;0;4982;0.00;0;0;0;0;0;0;0;0;0;0;0;0;0;0;0;0;14;0;99.0;99.0;0;0;0.00;0.00;0.00;0.0;0.0
14.533;24;0;99;0;0.0;19.700;1.340;24;26;0;0;100;0;100;0;0;0;0;88;88;0;0.000;0.000;0.000;0.000;0.000;0.000;0.0;0.0;0;14;0.000;0.000;10.9;0;0.0;0;0;0;0;0;99;0;0;4982;0.00;0;0;0;0;0;0;0;0;0;0;0;0;0;0;0;0;14;0;99.0;99.0;0;0;0.00;0.00;0.00;0.0;0.0
14.602;24;0;99;0;0.0;19.700;1.340;24;26;0;0;100;0;100;0;0;0;0;88;88;0;0.000;0.000;0.000;0.000;0.000;0.000;0.0;0.0;0;14;0.000;0.000;10.9;0;0.0;0;0;0;0;0;99;0;0;4982;0.00;0;0;0;0;0;0;0;0;0;0;0;0;0;0;0;0;14;0;99.0;99.0;0;0;0.00;0.00;0.00;0.0;0.0
14.668;24;0;99;0;0.0;19.700;1.340;24;26;0;0;100;0;100;0;0;0;0;88;88;0;0.000;0.000;0.000;0.000;0.000;0.000;0.0;0.0;0;14;0.000;0.000;10.9;0;0.0;0;0;0;0;0;99;0;0;4982;0.00;0;0;0;0;0;0;0;0;0;0;0;0;0;0;0;0;14;0;99.0;99.0;0;0;0.00;0.00;0.00;0.0;0.0
14.735;24;0;99;0;0.0;19.700;1.340;24;26;0;0;100;0;100;0;0;0;0;88;88;0;0.000;0.000;0.000;0.000;0.000;0.000;0.0;0.0;0;14;0.000;0.000;10.9;0;0.0;0;0;0;0;0;99;0;0;4982;0.00;0;0;0;0;0;0;0;0;0;0;0;0;0;0;0;0;14;0;99.0;99.0;0;0;0.00;0.00;0.00;0.0;0.0
14.803;24;0;99;0;0.0;19.700;1.340;24;26;0;0;100;0;100;0;0;0;0;88;88;0;0.000;0.000;0.000;0.000;0.000;0.000;0.0;0.0;0;14;0.000;0.000;10.9;0;0.0;0;0;0;0;0;99;0;0;4982;0.00;0;0;0;0;0;0;0;0;0;0;0;0;0;0;0;0;14;0;99.0;99.0;0;0;0.00;0.00;0.00;0.0;0.0
14.869;24;0;99;0;0.0;19.700;1.340;24;26;0;0;100;0;100;0;0;0;0;88;88;0;0.000;0.000;0.000;0.000;0.000;0.000;0.0;0.0;0;14;0.000;0.000;10.9;0;0.0;0;0;0;0;0;99;0;0;4982;0.00;0;0;0;0;0;0;0;0;0;0;0;0;0;0;0;0;14;0;99.0;99.0;0;0;0.00;0.00;0.00;0.0;0.0
14.938;24;0;99;0;0.0;19.700;1.340;24;26;0;0;100;0;100;0;0;0;0;88;88;0;0.000;0.000;0.000;0.000;0.000;0.000;0.0;0.0;0;14;0.000;0.000;10.9;0;0.0;0;0;0;0;0;99;0;0;4982;0.00;0;0;0;0;0;0;0;0;0;0;0;0;0;0;0;0;14;0;99.0;99.0;0;0;0.00;0.00;0.00;0.0;0.0
15.003;24;0;99;0;0.0;19.700;1.340;24;26;0;0;100;0;100;0;0;0;0;88;88;0;0.000;0.000;0.000;0.000;0.000;0.000;0.0;0.0;0;14;0.000;0.000;10.9;0;0.0;0;0;0;0;0;99;0;0;4982;0.00;0;0;0;0;0;0;0;0;0;0;0;0;0;0;0;0;14;0;99.0;99.0;0;0;0.00;0.00;0.00;0.0;0.0
15.069;24;0;99;0;0.0;19.700;1.340;24;26;0;0;100;0;100;0;0;0;0;88;88;0;0.000;0.000;0.000;0.000;0.000;0.000;0.0;0.0;0;14;0.000;0.000;10.9;0;0.0;0;0;0;0;0;99;0;0;4982;0.00;0;0;0;0;0;0;0;0;0;0;0;0;0;0;0;0;14;0;99.0;99.0;0;0;0.00;0.00;0.00;0.0;0.0
15.135;25;0;99;0;0.0;19.700;1.340;24;26;0;0;100;0;100;0;0;0;0;88;88;0;0.000;0.000;0.000;0.000;0.000;0.000;0.0;0.0;0;14;0.000;0.000;10.9;0;0.0;0;0;0;0;0;99;0;0;4986;0.00;0;0;0;0;0;0;0;0;0;0;0;0;0;0;0;0;14;0;99.0;99.0;0;0;0.00;0.00;0.00;0.0;0.0
15.201;25;0;99;0;0.0;19.700;1.340;24;26;0;0;100;0;100;0;0;0;0;88;88;0;0.000;0.000;0.000;0.000;0.000;0.000;0.0;0.0;0;14;0.000;0.000;10.9;0;0.0;0;0;0;0;0;99;0;0;4986;0.00;0;0;0;0;0;0;0;0;0;0;0;0;0;0;0;0;14;0;99.0;99.0;0;0;0.00;0.00;0.00;0.0;0.0
15.271;25;0;99;0;0.0;19.700;1.340;24;26;0;0;100;0;100;0;0;0;0;88;88;0;0.000;0.000;0.000;0.000;0.000;0.000;0.0;0.0;0;14;0.000;0.000;10.9;0;0.0;0;0;0;0;0;99;0;0;4986;0.00;0;0;0;0;0;0;0;0;0;0;0;0;0;0;0;0;14;0;99.0;99.0;0;0;0.00;0.00;0.00;0.0;0.0
15.336;25;0;99;0;0.0;19.700;1.340;24;26;0;0;100;0;100;0;0;0;0;88;88;0;0.000;0.000;0.000;0.000;0.000;0.000;0.0;0.0;0;14;0.000;0.000;10.9;0;0.0;0;0;0;0;0;99;0;0;4986;0.00;0;0;0;0;0;0;0;0;0;0;0;0;0;0;0;0;14;0;99.0;99.0;0;0;0.00;0.00;0.00;0.0;0.0
15.401;25;0;99;0;0.0;19.700;1.340;24;26;0;0;100;0;100;0;0;0;0;88;88;0;0.000;0.000;0.000;0.000;0.000;0.000;0.0;0.0;0;14;0.000;0.000;10.9;0;0.0;0;0;0;0;0;99;0;0;4986;0.00;0;0;0;0;0;0;0;0;0;0;0;0;0;0;0;0;14;0;99.0;99.0;0;0;0.00;0.00;0.00;0.0;0.0
15.467;25;0;99;0;0.0;19.700;1.340;24;26;0;0;100;0;100;0;0;0;0;88;88;0;0.000;0.000;0.000;0.000;0.000;0.000;0.0;0.0;0;14;0.000;0.000;10.9;0;0.0;0;0;0;0;0;99;0;0;4986;0.00;0;0;0;0;0;0;0;0;0;0;0;0;0;0;0;0;14;0;99.0;99.0;0;0;0.00;0.00;0.00;0.0;0.0
15.537;25;0;99;0;0.0;19.700;1.340;24;26;0;0;100;0;100;0;0;0;0;88;88;0;0.000;0.000;0.000;0.000;0.000;0.000;0.0;0.0;0;14;0.000;0.000;10.9;0;0.0;0;0;0;0;0;99;0;0;4986;0.00;0;0;0;0;0;0;0;0;0;0;0;0;0;0;0;0;14;0;99.0;99.0;0;0;0.00;0.00;0.00;0.0;0.0
15.602;25;0;99;0;0.0;19.700;1.340;24;26;0;0;100;0;100;0;0;0;0;88;88;0;0.000;0.000;0.000;0.000;0.000;0.000;0.0;0.0;0;14;0.000;0.000;10.9;0;0.0;0;0;0;0;0;99;0;0;4986;0.00;0;0;0;0;0;0;0;0;0;0;0;0;0;0;0;0;14;0;99.0;99.0;0;0;0.00;0.00;0.00;0.0;0.0
15.668;25;0;99;0;0.0;19.700;1.340;24;26;0;0;100;0;100;0;0;0;0;88;88;0;0.000;0.000;0.000;0.000;0.000;0.000;0.0;0.0;0;14;0.000;0.000;10.9;0;0.0;0;0;0;0;0;99;0;0;4986;0.00;0;0;0;0;0;0;0;0;0;0;0;0;0;0;0;0;14;0;99.0;99.0;0;0;0.00;0.00;0.00;0.0;0.0
15.737;25;0;99;0;0.0;19.400;1.320;24;26;0;0;100;0;100;0;0;0;0;88;88;0;0.000;0.000;0.000;0.000;0.000;0.000;0.0;0.0;0;14;0.000;0.000;10.9;0;0.0;0;0;0;0;0;99;0;0;4986;0.00;0;0;0;0;0;0;0;0;0;0;0;0;0;0;0;0;14;0;99.0;99.0;0;0;0.00;0.00;0.00;0.0;0.0
15.802;25;0;99;0;0.0;19.200;1.306;24;26;0;0;100;0;100;0;0;0;0;88;88;0;0.000;0.000;0.000;0.000;0.000;0.000;0.0;0.0;0;14;0.000;0.000;10.9;0;0.0;0;0;0;0;0;99;0;0;4986;0.00;0;0;0;0;0;0;0;0;0;0;0;0;0;0;0;0;14;0;99.0;99.0;0;0;0.00;0.00;0.00;0.0;0.0
15.869;25;0;99;0;0.0;19.100;1.299;24;26;0;0;100;0;100;0;0;0;0;88;88;0;0.000;0.000;0.000;0.000;0.000;0.000;0.0;0.0;0;14;0.000;0.000;10.9;0;0.0;0;0;0;0;0;99;0;0;4986;0.00;0;0;0;0;0;0;0;0;0;0;0;0;0;0;0;0;14;0;99.0;99.0;0;0;0.00;0.00;0.00;0.0;0.0
15.933;25;0;99;0;0.0;19.000;1.293;24;26;0;0;100;0;100;0;0;0;0;88;88;0;0.000;0.000;0.000;0.000;0.000;0.000;0.0;0.0;0;14;0.000;0.000;10.9;0;0.0;0;0;0;0;0;99;0;0;4986;0.00;0;0;0;0;0;0;0;0;0;0;0;0;0;0;0;0;14;0;99.0;99.0;0;0;0.00;0.00;0.00;0.0;0.0
16.004;25;0;99;0;0.0;19.000;1.293;24;26;0;0;100;0;100;0;0;0;0;88;88;0;0.000;0.000;0.000;0.000;0.000;0.000;0.0;0.0;0;14;0.000;0.000;10.9;0;0.0;0;0;0;0;0;99;0;0;4986;0.00;0;0;0;0;0;0;0;0;0;0;0;0;0;0;0;0;14;0;99.0;99.0;0;0;0.00;0.00;0.00;0.0;0.0
16.069;25;0;99;0;0.0;19.000;1.293;24;26;0;0;100;0;100;0;0;0;0;88;88;0;0.000;0.000;0.000;0.000;0.000;0.000;0.0;0.0;0;14;0.000;0.000;10.9;0;0.0;0;0;0;0;0;99;0;0;4986;0.00;0;0;0;0;0;0;0;0;0;0;0;0;0;0;0;0;14;0;99.0;99.0;0;0;0.00;0.00;0.00;0.0;0.0
16.135;25;0;99;0;0.0;19.000;1.293;24;26;0;0;100;0;100;0;0;0;0;88;88;0;0.000;0.000;0.000;0.000;0.000;0.000;0.0;0.0;0;14;0.000;0.000;10.9;0;0.0;0;0;0;0;0;99;0;0;4986;0.00;0;0;0;0;0;0;0;0;0;0;0;0;0;0;0;0;14;0;99.0;99.0;0;0;0.00;0.00;0.00;0.0;0.0
16.204;26;0;99;0;0.0;18.800;1.279;24;26;0;0;100;0;100;0;0;0;0;88;88;0;0.000;0.000;0.000;0.000;0.000;0.000;0.0;0.0;0;14;0.000;0.000;10.9;0;0.0;0;0;0;0;0;99;0;0;4960;0.00;0;0;0;0;0;0;0;0;0;0;0;0;0;0;0;0;14;0;99.0;99.0;0;0;0.00;0.00;0.00;0.0;0.0
16.269;26;0;99;0;0.0;18.700;1.272;24;26;0;0;100;0;100;0;0;0;0;88;88;0;0.000;0.000;0.000;0.000;0.000;0.000;0.0;0.0;0;14;0.000;0.000;10.9;0;0.0;0;0;0;0;0;99;0;0;4960;0.00;0;0;0;0;0;0;0;0;0;0;0;0;0;0;0;0;14;0;99.0;99.0;0;0;0.00;0.00;0.00;0.0;0.0
16.334;26;0;99;0;0.0;18.400;1.252;24;26;0;0;100;0;100;0;0;0;0;88;88;0;0.000;0.000;0.000;0.000;0.000;0.000;0.0;0.0;0;14;0.000;0.000;10.9;0;0.0;0;0;0;0;0;99;0;0;4960;0.00;0;0;0;0;0;0;0;0;0;0;0;0;0;0;0;0;14;0;99.0;99.0;0;0;0.00;0.00;0.00;0.0;0.0
16.400;26;0;99;0;0.0;18.400;1.252;24;26;0;0;100;0;100;0;0;0;0;88;88;0;0.000;0.000;0.000;0.000;0.000;0.000;0.0;0.0;0;14;0.000;0.000;10.9;0;0.0;0;0;0;0;0;99;0;0;4960;0.00;0;0;0;0;0;0;0;0;0;0;0;0;0;0;0;0;14;0;99.0;99.0;0;0;0.00;0.00;0.00;0.0;0.0
16.465;26;0;99;0;0.0;18.200;1.238;24;26;0;0;100;0;100;0;0;0;0;88;88;0;0.000;0.000;0.000;0.000;0.000;0.000;0.0;0.0;0;14;0.000;0.000;11.0;0;0.0;0;0;0;0;0;99;0;0;4960;0.00;0;0;0;0;0;0;0;0;0;0;0;0;0;0;0;0;14;0;99.0;99.0;0;0;0.00;0.00;0.00;0.0;0.0
16.536;26;0;99;0;0.0;18.100;1.231;24;26;0;0;100;0;100;0;0;0;0;88;88;0;0.000;0.000;0.000;0.000;0.000;0.000;0.0;0.0;0;14;0.000;0.000;11.0;0;0.0;0;0;0;0;0;99;0;0;4960;0.00;0;0;0;0;0;0;0;0;0;0;0;0;0;0;0;0;14;0;99.0;99.0;0;0;0.00;0.00;0.00;0.0;0.0
16.601;26;0;99;0;0.0;18.100;1.231;24;26;0;0;100;0;100;0;0;0;0;88;88;0;0.000;0.000;0.000;0.000;0.000;0.000;0.0;0.0;0;14;0.000;0.000;11.0;0;0.0;0;0;0;0;0;99;0;0;4960;0.00;0;0;0;0;0;0;0;0;0;0;0;0;0;0;0;0;14;0;99.0;99.0;0;0;0.00;0.00;0.00;0.0;0.0
16.666;26;0;99;0;0.0;17.900;1.218;24;26;0;0;100;0;100;0;0;0;0;88;88;0;0.000;0.000;0.000;0.000;0.000;0.000;0.0;0.0;0;14;0.000;0.000;11.0;0;0.0;0;0;0;0;0;99;0;0;4960;0.00;0;0;0;0;0;0;0;0;0;0;0;0;0;0;0;0;14;0;99.0;99.0;0;0;0.00;0.00;0.00;0.0;0.0
16.733;26;0;99;0;0.0;17.800;1.211;24;26;0;0;100;0;100;0;0;0;0;88;88;0;0.000;0.000;0.000;0.000;0.000;0.000;0.0;0.0;0;14;0.000;0.000;11.0;0;0.0;0;0;0;0;0;99;0;0;4960;0.00;0;0;0;0;0;0;0;0;0;0;0;0;0;0;0;0;14;0;99.0;99.0;0;0;0.00;0.00;0.00;0.0;0.0
16.802;26;0;99;0;0.0;17.700;1.204;24;26;0;0;100;0;100;0;0;0;0;88;88;0;0.000;0.000;0.000;0.000;0.000;0.000;0.0;0.0;0;14;0.000;0.000;11.0;0;0.0;0;0;0;0;0;99;0;0;4960;0.00;0;0;0;0;0;0;0;0;0;0;0;0;0;0;0;0;14;0;99.0;99.0;0;0;0.00;0.00;0.00;0.0;0.0
16.880;26;0;98;0;0.0;17.600;1.197;24;26;0;0;100;0;100;0;0;0;0;88;88;0;0.000;0.000;0.000;0.000;0.000;0.000;0.0;0.0;0;15;0.000;0.000;11.0;0;-0.1;0;0;0;0;0;99;0;0;4960;0.00;0;0;0;0;0;0;0;0;0;0;0;0;0;0;0;0;15;0;98.0;98.0;0;0;0.00;0.00;0.00;0.0;0.0
16.942;26;0;99;0;0.0;17.600;1.197;24;26;0;0;100;0;100;0;0;0;0;88;88;0;0.000;0.000;0.000;0.000;0.000;0.000;0.0;0.0;0;14;0.000;0.000;11.0;0;0.0;0;0;0;0;0;99;0;0;4960;0.00;0;0;0;0;0;0;0;0;0;0;0;0;0;0;0;0;14;0;99.0;99.0;0;0;0.00;0.00;0.00;0.0;0.0
17.007;26;0;99;0;0.0;17.500;1.190;24;26;0;0;100;0;100;0;0;0;0;88;88;0;0.000;0.000;0.000;0.000;0.000;0.000;0.0;0.0;0;14;0.000;0.000;11.0;0;0.0;0;0;0;0;0;99;0;0;4960;0.00;0;0;0;0;0;0;0;0;0;0;0;0;0;0;0;0;14;0;99.0;99.0;0;0;0.00;0.00;0.00;0.0;0.0
17.072;26;0;99;0;0.0;17.300;1.177;24;26;0;0;100;0;100;0;0;0;0;88;88;0;0.000;0.000;0.000;0.000;0.000;0.000;0.0;0.0;0;14;0.000;0.000;11.0;0;0.0;0;0;0;0;0;99;0;0;4960;0.00;0;0;0;0;0;0;0;0;0;0;0;0;0;0;0;0;14;0;99.0;99.0;0;0;0.00;0.00;0.00;0.0;0.0
17.138;26;0;99;0;0.0;17.300;1.177;24;26;0;0;100;0;100;0;0;0;0;88;88;0;0.000;0.000;0.000;0.000;0.000;0.000;0.0;0.0;0;14;0.000;0.000;11.0;0;0.0;0;0;0;0;0;99;0;0;4960;0.00;0;0;0;0;0;0;0;0;0;0;0;0;0;0;0;0;14;0;99.0;99.0;0;0;0.00;0.00;0.00;0.0;0.0
17.203;27;0;99;0;0.0;17.300;1.177;24;26;0;0;100;0;100;0;0;0;0;88;88;0;0.000;0.000;0.000;0.000;0.000;0.000;0.0;0.0;0;14;0.000;0.000;11.0;0;0.0;0;0;0;0;0;99;0;0;4967;0.00;0;0;0;0;0;0;0;0;0;0;0;0;0;0;0;0;14;0;99.0;99.0;0;0;0.00;0.00;0.00;0.0;0.0
17.268;27;0;99;0;0.0;17.100;1.163;24;26;0;0;100;0;100;0;0;0;0;88;88;0;0.000;0.000;0.000;0.000;0.000;0.000;0.0;0.0;0;14;0.000;0.000;11.0;0;0.0;0;0;0;0;0;99;0;0;4967;0.00;0;0;0;0;0;0;0;0;0;0;0;0;0;0;0;0;14;0;99.0;99.0;0;0;0.00;0.00;0.00;0.0;0.0
17.335;27;0;99;0;0.0;17.100;1.163;24;26;0;0;100;0;100;0;0;0;0;88;88;0;0.000;0.000;0.000;0.000;0.000;0.000;0.0;0.0;0;14;0.000;0.000;11.0;0;0.0;0;0;0;0;0;99;0;0;4967;0.00;0;0;0;0;0;0;0;0;0;0;0;0;0;0;0;0;14;0;99.0;99.0;0;0;0.00;0.00;0.00;0.0;0.0
17.401;27;0;99;0;0.0;17.000;1.156;24;26;0;0;100;0;100;0;0;0;0;88;88;0;0.000;0.000;0.000;0.000;0.000;0.000;0.0;0.0;0;14;0.000;0.000;11.0;0;0.0;0;0;0;0;0;99;0;0;4967;0.00;0;0;0;0;0;0;0;0;0;0;0;0;0;0;0;0;14;0;99.0;99.0;0;0;0.00;0.00;0.00;0.0;0.0
17.469;27;0;99;0;0.0;16.900;1.150;24;26;0;0;100;0;100;0;0;0;0;88;88;0;0.000;0.000;0.000;0.000;0.000;0.000;0.0;0.0;0;14;0.000;0.000;11.0;0;0.0;0;0;0;0;0;99;0;0;4967;0.00;0;0;0;0;0;0;0;0;0;0;0;0;0;0;0;0;14;0;99.0;99.0;0;0;0.00;0.00;0.00;0.0;0.0
17.536;27;0;99;0;0.0;16.800;1.143;24;26;0;0;100;0;100;0;0;0;0;88;88;0;0.000;0.000;0.000;0.000;0.000;0.000;0.0;0.0;0;14;0.000;0.000;11.0;0;0.0;0;0;0;0;0;99;0;0;4967;0.00;0;0;0;0;0;0;0;0;0;0;0;0;0;0;0;0;14;0;99.0;99.0;0;0;0.00;0.00;0.00;0.0;0.0
17.601;27;0;99;0;0.0;16.800;1.143;24;26;0;0;100;0;100;0;0;0;0;88;88;0;0.000;0.000;0.000;0.000;0.000;0.000;0.0;0.0;0;14;0.000;0.000;11.0;0;0.0;0;0;0;0;0;99;0;0;4967;0.00;0;0;0;0;0;0;0;0;0;0;0;0;0;0;0;0;14;0;99.0;99.0;0;0;0.00;0.00;0.00;0.0;0.0
17.670;27;0;99;0;0.0;16.700;1.136;24;26;0;0;100;0;100;0;0;0;0;88;88;0;0.000;0.000;0.000;0.000;0.000;0.000;0.0;0.0;0;14;0.000;0.000;11.0;0;0.0;0;0;0;0;0;99;0;0;4967;0.00;0;0;0;0;0;0;0;0;0;0;0;0;0;0;0;0;14;0;99.0;99.0;0;0;0.00;0.00;0.00;0.0;0.0
17.736;27;0;99;0;0.0;16.600;1.129;24;26;0;0;100;0;100;0;0;0;0;88;88;0;0.000;0.000;0.000;0.000;0.000;0.000;0.0;0.0;0;14;0.000;0.000;11.0;0;0.0;0;0;0;0;0;99;0;0;4967;0.00;0;0;0;0;0;0;0;0;0;0;0;0;0;0;0;0;14;0;99.0;99.0;0;0;0.00;0.00;0.00;0.0;0.0
17.800;27;0;99;0;0.0;16.600;1.129;24;26;0;0;100;0;100;0;0;0;0;88;88;0;0.000;0.000;0.000;0.000;0.000;0.000;0.0;0.0;0;14;0.000;0.000;11.0;0;0.0;0;0;0;0;0;99;0;0;4967;0.00;0;0;0;0;0;0;0;0;0;0;0;0;0;0;0;0;14;0;99.0;99.0;0;0;0.00;0.00;0.00;0.0;0.0
17.867;27;0;99;0;0.0;16.500;1.122;24;26;0;0;100;0;100;0;0;0;0;88;88;0;0.000;0.000;0.000;0.000;0.000;0.000;0.0;0.0;0;14;0.000;0.000;11.0;0;0.0;0;0;0;0;0;99;0;0;4967;0.00;0;0;0;0;0;0;0;0;0;0;0;0;0;0;0;0;14;0;99.0;99.0;0;0;0.00;0.00;0.00;0.0;0.0
17.934;27;0;99;0;0.0;16.400;1.116;24;26;0;0;100;0;100;0;0;0;0;88;88;0;0.000;0.000;0.000;0.000;0.000;0.000;0.0;0.0;0;14;0.000;0.000;11.0;0;0.0;0;0;0;0;0;99;0;0;4967;0.00;0;0;0;0;0;0;0;0;0;0;0;0;0;0;0;0;14;0;99.0;99.0;0;0;0.00;0.00;0.00;0.0;0.0
18.003;27;0;99;0;0.0;16.300;1.109;24;26;0;0;100;0;100;0;0;0;0;88;88;0;0.000;0.000;0.000;0.000;0.000;0.000;0.0;0.0;0;14;0.000;0.000;11.0;0;0.0;0;0;0;0;0;99;0;0;4967;0.00;0;0;0;0;0;0;0;0;0;0;0;0;0;0;0;0;14;0;99.0;99.0;0;0;0.00;0.00;0.00;0.0;0.0
18.068;27;0;99;0;0.0;16.300;1.109;24;26;0;0;100;0;100;0;0;0;0;88;88;0;0.000;0.000;0.000;0.000;0.000;0.000;0.0;0.0;0;14;0.000;0.000;11.0;0;0.0;0;0;0;0;0;99;0;0;4967;0.00;0;0;0;0;0;0;0;0;0;0;0;0;0;0;0;0;14;0;99.0;99.0;0;0;0.00;0.00;0.00;0.0;0.0
18.133;27;0;99;0;0.0;16.300;1.109;24;26;0;0;100;0;100;0;0;0;0;88;88;0;0.000;0.000;0.000;0.000;0.000;0.000;0.0;0.0;0;14;0.000;0.000;11.0;0;0.0;0;0;0;0;0;99;0;0;4967;0.00;0;0;0;0;0;0;0;0;0;0;0;0;0;0;0;0;14;0;99.0;99.0;0;0;0.00;0.00;0.00;0.0;0.0
18.199;28;0;99;0;0.0;16.300;1.109;24;26;0;0;100;0;100;0;0;0;0;88;88;0;0.000;0.000;0.000;0.000;0.000;0.000;0.0;0.0;0;14;0.000;0.000;11.0;0;0.0;0;0;0;0;0;99;0;0;4972;0.00;0;0;0;0;0;0;0;0;0;0;0;0;0;0;0;0;14;0;99.0;99.0;0;0;0.00;0.00;0.00;0.0;0.0
18.268;28;0;99;0;0.0;16.300;1.109;24;26;0;0;100;0;100;0;0;0;0;88;88;0;0.000;0.000;0.000;0.000;0.000;0.000;0.0;0.0;0;14;0.000;0.000;11.0;0;0.0;0;0;0;0;0;99;0;0;4972;0.00;0;0;0;0;0;0;0;0;0;0;0;0;0;0;0;0;14;0;99.0;99.0;0;0;0.00;0.00;0.00;0.0;0.0
18.333;28;0;99;0;0.0;16.300;1.109;24;26;0;0;100;0;100;0;0;0;0;88;88;0;0.000;0.000;0.000;0.000;0.000;0.000;0.0;0.0;0;14;0.000;0.000;11.0;0;0.0;0;0;0;0;0;99;0;0;4972;0.00;0;0;0;0;0;0;0;0;0;0;0;0;0;0;0;0;14;0;99.0;99.0;0;0;0.00;0.00;0.00;0.0;0.0
18.403;28;0;99;0;0.0;16.300;1.109;24;26;0;0;100;0;100;0;0;0;0;88;88;0;0.000;0.000;0.000;0.000;0.000;0.000;0.0;0.0;0;14;0.000;0.000;11.0;0;0.0;0;0;0;0;0;99;0;0;4972;0.00;0;0;0;0;0;0;0;0;0;0;0;0;0;0;0;0;14;0;99.0;99.0;0;0;0.00;0.00;0.00;0.0;0.0
18.468;28;0;99;0;0.0;16.300;1.109;24;26;0;0;100;0;100;0;0;0;0;88;88;0;0.000;0.000;0.000;0.000;0.000;0.000;0.0;0.0;0;14;0.000;0.000;11.0;0;0.0;0;0;0;0;0;99;0;0;4972;0.00;0;0;0;0;0;0;0;0;0;0;0;0;0;0;0;0;14;0;99.0;99.0;0;0;0.00;0.00;0.00;0.0;0.0
18.535;28;0;99;0;0.0;16.300;1.109;24;26;0;0;100;0;100;0;0;0;0;88;88;0;0.000;0.000;0.000;0.000;0.000;0.000;0.0;0.0;0;14;0.000;0.000;11.0;0;0.0;0;0;0;0;0;99;0;0;4972;0.00;0;0;0;0;0;0;0;0;0;0;0;0;0;0;0;0;14;0;99.0;99.0;0;0;0.00;0.00;0.00;0.0;0.0
18.600;28;0;99;0;0.0;16.300;1.109;24;26;0;0;100;0;100;0;0;0;0;88;88;0;0.000;0.000;0.000;0.000;0.000;0.000;0.0;0.0;0;14;0.000;0.000;11.0;0;0.0;0;0;0;0;0;99;0;0;4972;0.00;0;0;0;0;0;0;0;0;0;0;0;0;0;0;0;0;14;0;99.0;99.0;0;0;0.00;0.00;0.00;0.0;0.0
18.667;28;0;99;0;0.0;16.300;1.109;24;26;0;0;100;0;100;0;0;0;0;88;88;0;0.000;0.000;0.000;0.000;0.000;0.000;0.0;0.0;0;14;0.000;0.000;11.0;0;0.0;0;0;0;0;0;99;0;0;4972;0.00;0;0;0;0;0;0;0;0;0;0;0;0;0;0;0;0;14;0;99.0;99.0;0;0;0.00;0.00;0.00;0.0;0.0
18.735;28;0;99;0;0.0;16.300;1.109;24;26;0;0;100;0;100;0;0;0;0;88;88;0;0.000;0.000;0.000;0.000;0.000;0.000;0.0;0.0;0;14;0.000;0.000;11.0;0;0.0;0;0;0;0;0;99;0;0;4972;0.00;0;0;0;0;0;0;0;0;0;0;0;0;0;0;0;0;14;0;99.0;99.0;0;0;0.00;0.00;0.00;0.0;0.0
18.801;28;0;99;0;0.0;16.300;1.109;24;26;0;0;100;0;100;0;0;0;0;88;88;0;0.000;0.000;0.000;0.000;0.000;0.000;0.0;0.0;0;14;0.000;0.000;11.0;0;0.0;0;0;0;0;0;99;0;0;4972;0.00;0;0;0;0;0;0;0;0;0;0;0;0;0;0;0;0;14;0;99.0;99.0;0;0;0.00;0.00;0.00;0.0;0.0
18.867;28;0;99;0;0.0;16.300;1.109;24;26;0;0;100;0;100;0;0;0;0;88;88;0;0.000;0.000;0.000;0.000;0.000;0.000;0.0;0.0;0;14;0.000;0.000;11.0;0;0.0;0;0;0;0;0;99;0;0;4972;0.00;0;0;0;0;0;0;0;0;0;0;0;0;0;0;0;0;14;0;99.0;99.0;0;0;0.00;0.00;0.00;0.0;0.0
18.932;28;0;99;0;0.0;16.300;1.109;24;26;0;0;100;0;100;0;0;0;0;88;88;0;0.000;0.000;0.000;0.000;0.000;0.000;0.0;0.0;0;14;0.000;0.000;11.0;0;0.0;0;0;0;0;0;99;0;0;4972;0.00;0;0;0;0;0;0;0;0;0;0;0;0;0;0;0;0;14;0;99.0;99.0;0;0;0.00;0.00;0.00;0.0;0.0
19.001;28;0;99;0;0.0;16.300;1.109;24;26;0;0;100;0;100;0;0;0;0;88;88;0;0.000;0.000;0.000;0.000;0.000;0.000;0.0;0.0;0;14;0.000;0.000;11.0;0;0.0;0;0;0;0;0;99;0;0;4972;0.00;0;0;0;0;0;0;0;0;0;0;0;0;0;0;0;0;14;0;99.0;99.0;0;0;0.00;0.00;0.00;0.0;0.0
19.070;28;0;99;0;0.0;16.300;1.109;24;26;0;0;100;0;100;0;0;0;0;88;88;0;0.000;0.000;0.000;0.000;0.000;0.000;0.0;0.0;0;14;0.000;0.000;11.0;0;0.0;0;0;0;0;0;99;0;0;4972;0.00;0;0;0;0;0;0;0;0;0;0;0;0;0;0;0;0;14;0;99.0;99.0;0;0;0.00;0.00;0.00;0.0;0.0
19.138;28;0;99;0;0.0;16.300;1.109;24;26;0;0;100;0;100;0;0;0;0;88;88;0;0.000;0.000;0.000;0.000;0.000;0.000;0.0;0.0;0;14;0.000;0.000;11.0;0;0.0;0;0;0;0;0;99;0;0;4972;0.00;0;0;0;0;0;0;0;0;0;0;0;0;0;0;0;0;14;0;99.0;99.0;0;0;0.00;0.00;0.00;0.0;0.0
19.202;29;0;99;0;0.0;16.300;1.109;24;26;0;0;100;0;100;0;0;0;0;88;88;0;0.000;0.000;0.000;0.000;0.000;0.000;0.0;0.0;0;14;0.000;0.000;11.0;0;0.0;0;0;0;0;0;99;0;0;4970;0.00;0;0;0;0;0;0;0;0;0;0;0;0;0;0;0;0;14;0;99.0;99.0;0;0;0.00;0.00;0.00;0.0;0.0
19.268;29;0;99;0;0.0;16.300;1.109;24;26;0;0;100;0;100;0;0;0;0;88;88;0;0.000;0.000;0.000;0.000;0.000;0.000;0.0;0.0;0;14;0.000;0.000;11.0;0;0.0;0;0;0;0;0;99;0;0;4970;0.00;0;0;0;0;0;0;0;0;0;0;0;0;0;0;0;0;14;0;99.0;99.0;0;0;0.00;0.00;0.00;0.0;0.0
19.333;29;0;99;0;0.0;16.400;1.116;24;26;0;0;100;0;100;0;0;0;0;88;88;0;0.000;0.000;0.000;0.000;0.000;0.000;0.0;0.0;0;14;0.000;0.000;11.0;0;0.0;0;0;0;0;0;99;0;0;4970;0.00;0;0;0;0;0;0;0;0;0;0;0;0;0;0;0;0;14;0;99.0;99.0;0;0;0.00;0.00;0.00;0.0;0.0
19.400;29;0;99;0;0.0;16.500;1.122;24;26;0;0;100;0;100;0;0;0;0;88;88;0;0.000;0.000;0.000;0.000;0.000;0.000;0.0;0.0;0;14;0.000;0.000;11.0;0;0.0;0;0;0;0;0;99;0;0;4970;0.00;0;0;0;0;0;0;0;0;0;0;0;0;0;0;0;0;14;0;99.0;99.0;0;0;0.00;0.00;0.00;0.0;0.0
19.468;29;0;99;0;0.0;16.500;1.122;24;26;0;0;100;0;100;0;0;0;0;88;88;0;0.000;0.000;0.000;0.000;0.000;0.000;0.0;0.0;0;14;0.000;0.000;11.0;0;0.0;0;0;0;0;0;99;0;0;4970;0.00;0;0;0;0;0;0;0;0;0;0;0;0;0;0;0;0;14;0;99.0;99.0;0;0;0.00;0.00;0.00;0.0;0.0
19.533;29;0;99;0;0.0;16.500;1.122;24;26;0;0;100;0;100;0;0;0;0;88;88;0;0.000;0.000;0.000;0.000;0.000;0.000;0.0;0.0;0;14;0.000;0.000;11.0;0;0.0;0;0;0;0;0;99;0;0;4970;0.00;0;0;0;0;0;0;0;0;0;0;0;0;0;0;0;0;14;0;99.0;99.0;0;0;0.00;0.00;0.00;0.0;0.0
19.599;29;0;99;0;0.0;16.500;1.122;24;26;0;0;100;0;100;0;0;0;0;88;88;0;0.000;0.000;0.000;0.000;0.000;0.000;0.0;0.0;0;14;0.000;0.000;11.0;0;0.0;0;0;0;0;0;99;0;0;4970;0.00;0;0;0;0;0;0;0;0;0;0;0;0;0;0;0;0;14;0;99.0;99.0;0;0;0.00;0.00;0.00;0.0;0.0
19.666;29;0;99;0;0.0;16.700;1.136;24;26;0;0;100;0;100;0;0;0;0;88;88;0;0.000;0.000;0.000;0.000;0.000;0.000;0.0;0.0;0;14;0.000;0.000;11.0;0;0.0;0;0;0;0;0;99;0;0;4970;0.00;0;0;0;0;0;0;0;0;0;0;0;0;0;0;0;0;14;0;99.0;99.0;0;0;0.00;0.00;0.00;0.0;0.0
19.734;29;0;99;0;0.0;16.700;1.136;24;26;0;0;100;0;100;0;0;0;0;88;88;0;0.000;0.000;0.000;0.000;0.000;0.000;0.0;0.0;0;14;0.000;0.000;11.0;0;0.0;0;0;0;0;0;99;0;0;4970;0.00;0;0;0;0;0;0;0;0;0;0;0;0;0;0;0;0;14;0;99.0;99.0;0;0;0.00;0.00;0.00;0.0;0.0
19.800;29;0;99;0;0.0;16.900;1.150;24;26;0;0;100;0;100;0;0;0;0;88;88;0;0.000;0.000;0.000;0.000;0.000;0.000;0.0;0.0;0;14;0.000;0.000;11.0;0;0.0;0;0;0;0;0;99;0;0;4970;0.00;0;0;0;0;0;0;0;0;0;0;0;0;0;0;0;0;14;0;99.0;99.0;0;0;0.00;0.00;0.00;0.0;0.0
19.869;29;0;99;0;0.0;17.000;1.156;24;26;0;0;100;0;100;0;0;0;0;88;88;0;0.000;0.000;0.000;0.000;0.000;0.000;0.0;0.0;0;14;0.000;0.000;11.0;0;0.0;0;0;0;0;0;99;0;0;4970;0.00;0;0;0;0;0;0;0;0;0;0;0;0;0;0;0;0;14;0;99.0;99.0;0;0;0.00;0.00;0.00;0.0;0.0
19.935;29;0;99;0;0.0;17.200;1.170;24;26;0;0;100;0;100;0;0;0;0;88;88;0;0.000;0.000;0.000;0.000;0.000;0.000;0.0;0.0;0;14;0.000;0.000;11.0;0;0.0;0;0;0;0;0;99;0;0;4970;0.00;0;0;0;0;0;0;0;0;0;0;0;0;0;0;0;0;14;0;99.0;99.0;0;0;0.00;0.00;0.00;0.0;0.0
20.002;29;0;99;0;0.0;17.200;1.170;24;26;0;0;100;0;100;0;0;0;0;88;88;0;0.000;0.000;0.000;0.000;0.000;0.000;0.0;0.0;0;14;0.000;0.000;11.0;0;0.0;0;0;0;0;0;99;0;0;4970;0.00;0;0;0;0;0;0;0;0;0;0;0;0;0;0;0;0;14;0;99.0;99.0;0;0;0.00;0.00;0.00;0.0;0.0
20.070;29;0;99;0;0.0;17.200;1.170;24;26;0;0;100;0;100;0;0;0;0;88;88;0;0.000;0.000;0.000;0.000;0.000;0.000;0.0;0.0;0;14;0.000;0.000;11.0;0;0.0;0;0;0;0;0;99;0;0;4970;0.00;0;0;0;0;0;0;0;0;0;0;0;0;0;0;0;0;14;0;99.0;99.0;0;0;0.00;0.00;0.00;0.0;0.0
20.136;29;0;99;0;0.0;17.200;1.170;24;26;0;0;100;0;100;0;0;0;0;88;88;0;0.000;0.000;0.000;0.000;0.000;0.000;0.0;0.0;0;14;0.000;0.000;11.0;0;0.0;0;0;0;0;0;99;0;0;4970;0.00;0;0;0;0;0;0;0;0;0;0;0;0;0;0;0;0;14;0;99.0;99.0;0;0;0.00;0.00;0.00;0.0;0.0
20.201;29;0;99;0;0.0;17.400;1.184;24;26;0;0;100;0;100;0;0;0;0;88;88;0;0.000;0.000;0.000;0.000;0.000;0.000;0.0;0.0;0;14;0.000;0.000;11.0;0;0.0;0;0;0;0;0;99;0;0;4970;0.00;0;0;0;0;0;0;0;0;0;0;0;0;0;0;0;0;14;0;99.0;99.0;0;0;0.00;0.00;0.00;0.0;0.0
20.270;30;0;99;0;0.0;17.500;1.190;24;26;0;0;100;0;100;0;0;0;0;88;88;0;0.000;0.000;0.000;0.000;0.000;0.000;0.0;0.0;0;14;0.000;0.000;11.0;0;0.0;0;0;0;0;0;99;0;0;4952;0.00;0;0;0;0;0;0;0;0;0;0;0;0;0;0;0;0;14;0;99.0;99.0;0;0;0.00;0.00;0.00;0.0;0.0
20.337;30;0;99;0;0.0;17.700;1.204;24;26;0;0;100;0;100;0;0;0;0;88;88;0;0.000;0.000;0.000;0.000;0.000;0.000;0.0;0.0;0;14;0.000;0.000;11.0;0;0.0;0;0;0;0;0;99;0;0;4952;0.00;0;0;0;0;0;0;0;0;0;0;0;0;0;0;0;0;14;0;99.0;99.0;0;0;0.00;0.00;0.00;0.0;0.0
20.402;30;0;99;0;0.0;17.700;1.204;24;26;0;0;100;0;100;0;0;0;0;88;88;0;0.000;0.000;0.000;0.000;0.000;0.000;0.0;0.0;0;14;0.000;0.000;11.0;0;0.0;0;0;0;0;0;99;0;0;4952;0.00;0;0;0;0;0;0;0;0;0;0;0;0;0;0;0;0;14;0;99.0;99.0;0;0;0.00;0.00;0.00;0.0;0.0
20.467;30;0;99;0;0.0;17.900;1.218;24;26;0;0;100;0;100;0;0;0;0;88;88;0;0.000;0.000;0.000;0.000;0.000;0.000;0.0;0.0;0;14;0.000;0.000;11.0;0;0.0;0;0;0;0;0;99;0;0;4952;0.00;0;0;0;0;0;0;0;0;0;0;0;0;0;0;0;0;14;0;99.0;99.0;0;0;0.00;0.00;0.00;0.0;0.0
20.533;30;0;99;0;0.0;18.000;1.224;24;26;0;0;100;0;100;0;0;0;0;88;88;0;0.000;0.000;0.000;0.000;0.000;0.000;0.0;0.0;0;14;0.000;0.000;11.0;0;0.0;0;0;0;0;0;99;0;0;4952;0.00;0;0;0;0;0;0;0;0;0;0;0;0;0;0;0;0;14;0;99.0;99.0;0;0;0.00;0.00;0.00;0.0;0.0
20.603;30;0;99;0;0.0;18.200;1.238;24;26;0;0;100;0;100;0;0;0;0;88;88;0;0.000;0.000;0.000;0.000;0.000;0.000;0.0;0.0;0;14;0.000;0.000;11.0;0;0.0;0;0;0;0;0;99;0;0;4952;0.00;0;0;0;0;0;0;0;0;0;0;0;0;0;0;0;0;14;0;99.0;99.0;0;0;0.00;0.00;0.00;0.0;0.0
20.668;30;0;99;0;0.0;18.300;1.245;24;26;0;0;100;0;100;0;0;0;0;88;88;0;0.000;0.000;0.000;0.000;0.000;0.000;0.0;0.0;0;14;0.000;0.000;11.0;0;0.0;0;0;0;0;0;99;0;0;4952;0.00;0;0;0;0;0;0;0;0;0;0;0;0;0;0;0;0;14;0;99.0;99.0;0;0;0.00;0.00;0.00;0.0;0.0
20.734;30;0;99;0;0.0;18.500;1.259;24;26;0;0;100;0;100;0;0;0;0;88;88;0;0.000;0.000;0.000;0.000;0.000;0.000;0.0;0.0;0;14;0.000;0.000;11.0;0;0.0;0;0;0;0;0;99;0;0;4952;0.00;0;0;0;0;0;0;0;0;0;0;0;0;0;0;0;0;14;0;99.0;99.0;0;0;0.00;0.00;0.00;0.0;0.0
20.803;30;0;99;0;0.0;18.600;1.265;24;26;0;0;100;0;100;0;0;0;0;88;88;0;0.000;0.000;0.000;0.000;0.000;0.000;0.0;0.0;0;14;0.000;0.000;11.0;0;0.0;0;0;0;0;0;99;0;0;4952;0.00;0;0;0;0;0;0;0;0;0;0;0;0;0;0;0;0;14;0;99.0;99.0;0;0;0.00;0.00;0.00;0.0;0.0
20.868;30;0;99;0;0.0;18.700;1.272;24;26;0;0;100;0;100;0;0;0;0;88;88;0;0.000;0.000;0.000;0.000;0.000;0.000;0.0;0.0;0;14;0.000;0.000;11.0;0;0.0;0;0;0;0;0;99;0;0;4952;0.00;0;0;0;0;0;0;0;0;0;0;0;0;0;0;0;0;14;0;99.0;99.0;0;0;0.00;0.00;0.00;0.0;0.0
20.934;30;0;99;0;0.0;18.900;1.286;24;26;0;0;100;0;100;0;0;0;0;88;88;0;0.000;0.000;0.000;0.000;0.000;0.000;0.0;0.0;0;14;0.000;0.000;11.0;0;0.0;0;0;0;0;0;99;0;0;4952;0.00;0;0;0;0;0;0;0;0;0;0;0;0;0;0;0;0;14;0;99.0;99.0;0;0;0.00;0.00;0.00;0.0;0.0
21.001;30;0;99;0;0.0;19.000;1.293;24;26;0;0;100;0;100;0;0;0;0;88;88;0;0.000;0.000;0.000;0.000;0.000;0.000;0.0;0.0;0;14;0.000;0.000;11.0;0;0.0;0;0;0;0;0;99;0;0;4952;0.00;0;0;0;0;0;0;0;0;0;0;0;0;0;0;0;0;14;0;99.0;99.0;0;0;0.00;0.00;0.00;0.0;0.0
21.070;30;0;99;0;0.0;19.000;1.293;24;26;0;0;100;0;100;0;0;0;0;88;88;0;0.000;0.000;0.000;0.000;0.000;0.000;0.0;0.0;0;14;0.000;0.000;11.0;0;0.0;0;0;0;0;0;99;0;0;4952;0.00;0;0;0;0;0;0;0;0;0;0;0;0;0;0;0;0;14;0;99.0;99.0;0;0;0.00;0.00;0.00;0.0;0.0
21.135;30;0;99;0;0.0;19.200;1.306;24;26;0;0;100;0;100;0;0;0;0;88;88;0;0.000;0.000;0.000;0.000;0.000;0.000;0.0;0.0;0;14;0.000;0.000;11.0;0;0.0;0;0;0;0;0;99;0;0;4952;0.00;0;0;0;0;0;0;0;0;0;0;0;0;0;0;0;0;14;0;99.0;99.0;0;0;0.00;0.00;0.00;0.0;0.0
21.205;30;0;99;0;0.0;19.400;1.320;24;26;0;0;100;0;100;0;0;0;0;88;88;0;0.000;0.000;0.000;0.000;0.000;0.000;0.0;0.0;0;14;0.000;0.000;11.0;0;0.0;0;0;0;0;0;99;0;0;4952;0.00;0;0;0;0;0;0;0;0;0;0;0;0;0;0;0;0;14;0;99.0;99.0;0;0;0.00;0.00;0.00;0.0;0.0
21.271;31;0;99;0;0.0;19.600;1.333;24;26;0;0;100;0;100;0;0;0;0;88;88;0;0.000;0.000;0.000;0.000;0.000;0.000;0.0;0.0;0;14;0.000;0.000;11.1;0;0.0;0;0;0;0;0;99;0;0;4963;0.00;0;0;0;0;0;0;0;0;0;0;0;0;0;0;0;0;14;0;99.0;99.0;0;0;0.00;0.00;0.00;0.0;0.0
21.336;31;0;99;0;0.0;19.700;1.340;24;26;0;0;100;0;100;0;0;0;0;88;88;0;0.000;0.000;0.000;0.000;0.000;0.000;0.0;0.0;0;14;0.000;0.000;11.1;0;0.0;0;0;0;0;0;99;0;0;4963;0.00;0;0;0;0;0;0;0;0;0;0;0;0;0;0;0;0;14;0;99.0;99.0;0;0;0.00;0.00;0.00;0.0;0.0
21.402;31;0;99;0;0.0;19.700;1.340;24;26;0;0;100;0;100;0;0;0;0;88;88;0;0.000;0.000;0.000;0.000;0.000;0.000;0.0;0.0;0;14;0.000;0.000;11.1;0;0.0;0;0;0;0;0;99;0;0;4963;0.00;0;0;0;0;0;0;0;0;0;0;0;0;0;0;0;0;14;0;99.0;99.0;0;0;0.00;0.00;0.00;0.0;0.0
21.468;31;0;99;0;0.0;19.700;1.340;24;26;0;0;100;0;100;0;0;0;0;88;88;0;0.000;0.000;0.000;0.000;0.000;0.000;0.0;0.0;0;14;0.000;0.000;11.1;0;0.0;0;0;0;0;0;99;0;0;4963;0.00;0;0;0;0;0;0;0;0;0;0;0;0;0;0;0;0;14;0;99.0;99.0;0;0;0.00;0.00;0.00;0.0;0.0
21.537;31;0;99;0;0.0;19.700;1.340;24;26;0;0;100;0;100;0;0;0;0;88;88;0;0.000;0.000;0.000;0.000;0.000;0.000;0.0;0.0;0;14;0.000;0.000;11.1;0;0.0;0;0;0;0;0;99;0;0;4963;0.00;0;0;0;0;0;0;0;0;0;0;0;0;0;0;0;0;14;0;99.0;99.0;0;0;0.00;0.00;0.00;0.0;0.0
21.601;31;0;99;0;0.0;19.700;1.340;24;26;0;0;100;0;100;0;0;0;0;88;88;0;0.000;0.000;0.000;0.000;0.000;0.000;0.0;0.0;0;14;0.000;0.000;11.1;0;0.0;0;0;0;0;0;99;0;0;4963;0.00;0;0;0;0;0;0;0;0;0;0;0;0;0;0;0;0;14;0;99.0;99.0;0;0;0.00;0.00;0.00;0.0;0.0
21.669;31;0;99;0;0.0;19.700;1.340;24;26;0;0;100;0;100;0;0;0;0;88;88;0;0.000;0.000;0.000;0.000;0.000;0.000;0.0;0.0;0;14;0.000;0.000;11.1;0;0.0;0;0;0;0;0;99;0;0;4963;0.00;0;0;0;0;0;0;0;0;0;0;0;0;0;0;0;0;14;0;99.0;99.0;0;0;0.00;0.00;0.00;0.0;0.0
21.738;31;0;99;0;0.0;19.700;1.340;24;26;0;0;100;0;100;0;0;0;0;88;88;0;0.000;0.000;0.000;0.000;0.000;0.000;0.0;0.0;0;14;0.000;0.000;11.1;0;0.0;0;0;0;0;0;99;0;0;4963;0.00;0;0;0;0;0;0;0;0;0;0;0;0;0;0;0;0;14;0;99.0;99.0;0;0;0.00;0.00;0.00;0.0;0.0
21.804;31;0;99;0;0.0;19.700;1.340;24;26;0;0;100;0;100;0;0;0;0;88;88;0;0.000;0.000;0.000;0.000;0.000;0.000;0.0;0.0;0;14;0.000;0.000;11.1;0;0.0;0;0;0;0;0;99;0;0;4963;0.00;0;0;0;0;0;0;0;0;0;0;0;0;0;0;0;0;14;0;99.0;99.0;0;0;0.00;0.00;0.00;0.0;0.0
21.869;31;0;99;0;0.0;19.700;1.340;24;26;0;0;100;0;100;0;0;0;0;88;88;0;0.000;0.000;0.000;0.000;0.000;0.000;0.0;0.0;0;14;0.000;0.000;11.1;0;0.0;0;0;0;0;0;99;0;0;4963;0.00;0;0;0;0;0;0;0;0;0;0;0;0;0;0;0;0;14;0;99.0;99.0;0;0;0.00;0.00;0.00;0.0;0.0
21.934;31;0;99;0;0.0;19.700;1.340;24;26;0;0;100;0;100;0;0;0;0;88;88;0;0.000;0.000;0.000;0.000;0.000;0.000;0.0;0.0;0;14;0.000;0.000;11.1;0;0.0;0;0;0;0;0;99;0;0;4963;0.00;0;0;0;0;0;0;0;0;0;0;0;0;0;0;0;0;14;0;99.0;99.0;0;0;0.00;0.00;0.00;0.0;0.0
22.003;31;0;99;0;0.0;19.700;1.340;24;26;0;0;100;0;100;0;0;0;0;88;88;0;0.000;0.000;0.000;0.000;0.000;0.000;0.0;0.0;0;14;0.000;0.000;11.1;0;0.0;0;0;0;0;0;99;0;0;4963;0.00;0;0;0;0;0;0;0;0;0;0;0;0;0;0;0;0;14;0;99.0;99.0;0;0;0.00;0.00;0.00;0.0;0.0
22.069;31;0;99;0;0.0;19.700;1.340;24;26;0;0;100;0;100;0;0;0;0;88;88;0;0.000;0.000;0.000;0.000;0.000;0.000;0.0;0.0;0;14;0.000;0.000;11.1;0;0.0;0;0;0;0;0;99;0;0;4963;0.00;0;0;0;0;0;0;0;0;0;0;0;0;0;0;0;0;14;0;99.0;99.0;0;0;0.00;0.00;0.00;0.0;0.0
22.134;31;0;99;0;0.0;19.700;1.340;24;26;0;0;100;0;100;0;0;0;0;88;88;0;0.000;0.000;0.000;0.000;0.000;0.000;0.0;0.0;0;14;0.000;0.000;11.1;0;0.0;0;0;0;0;0;99;0;0;4963;0.00;0;0;0;0;0;0;0;0;0;0;0;0;0;0;0;0;14;0;99.0;99.0;0;0;0.00;0.00;0.00;0.0;0.0
22.200;31;0;99;0;0.0;19.700;1.340;24;26;0;0;100;0;100;0;0;0;0;88;88;0;0.000;0.000;0.000;0.000;0.000;0.000;0.0;0.0;0;14;0.000;0.000;11.1;0;0.0;0;0;0;0;0;99;0;0;4963;0.00;0;0;0;0;0;0;0;0;0;0;0;0;0;0;0;0;14;0;99.0;99.0;0;0;0.00;0.00;0.00;0.0;0.0
22.269;32;0;99;0;0.0;19.700;1.340;24;26;0;0;100;0;100;0;0;0;0;88;88;0;0.000;0.000;0.000;0.000;0.000;0.000;0.0;0.0;0;14;0.000;0.000;11.1;0;0.0;0;0;0;0;0;99;0;0;4985;0.00;0;0;0;0;0;0;0;0;0;0;0;0;0;0;0;0;14;0;99.0;99.0;0;0;0.00;0.00;0.00;0.0;0.0
22.335;32;0;99;0;0.0;19.700;1.340;24;26;0;0;100;0;100;0;0;0;0;88;88;0;0.000;0.000;0.000;0.000;0.000;0.000;0.0;0.0;0;14;0.000;0.000;11.1;0;0.0;0;0;0;0;0;99;0;0;4985;0.00;0;0;0;0;0;0;0;0;0;0;0;0;0;0;0;0;14;0;99.0;99.0;0;0;0.00;0.00;0.00;0.0;0.0
22.400;32;0;99;0;0.0;19.700;1.340;24;26;0;0;100;0;100;0;0;0;0;88;88;0;0.000;0.000;0.000;0.000;0.000;0.000;0.0;0.0;0;14;0.000;0.000;11.1;0;0.0;0;0;0;0;0;99;0;0;4985;0.00;0;0;0;0;0;0;0;0;0;0;0;0;0;0;0;0;14;0;99.0;99.0;0;0;0.00;0.00;0.00;0.0;0.0
22.466;32;0;99;0;0.0;19.700;1.340;24;26;0;0;100;0;100;0;0;0;0;88;88;0;0.000;0.000;0.000;0.000;0.000;0.000;0.0;0.0;0;14;0.000;0.000;11.1;0;0.0;0;0;0;0;0;99;0;0;4985;0.00;0;0;0;0;0;0;0;0;0;0;0;0;0;0;0;0;14;0;99.0;99.0;0;0;0.00;0.00;0.00;0.0;0.0
22.535;32;0;99;0;0.0;19.700;1.340;24;26;0;0;100;0;100;0;0;0;0;88;88;0;0.000;0.000;0.000;0.000;0.000;0.000;0.0;0.0;0;14;0.000;0.000;11.1;0;0.0;0;0;0;0;0;99;0;0;4985;0.00;0;0;0;0;0;0;0;0;0;0;0;0;0;0;0;0;14;0;99.0;99.0;0;0;0.00;0.00;0.00;0.0;0.0
22.602;32;0;99;0;0.0;19.700;1.340;24;26;0;0;100;0;100;0;0;0;0;88;88;0;0.000;0.000;0.000;0.000;0.000;0.000;0.0;0.0;0;14;0.000;0.000;11.1;0;0.0;0;0;0;0;0;99;0;0;4985;0.00;0;0;0;0;0;0;0;0;0;0;0;0;0;0;0;0;14;0;99.0;99.0;0;0;0.00;0.00;0.00;0.0;0.0
22.666;32;0;99;0;0.0;19.700;1.340;24;26;0;0;100;0;100;0;0;0;0;88;88;0;0.000;0.000;0.000;0.000;0.000;0.000;0.0;0.0;0;14;0.000;0.000;11.1;0;0.0;0;0;0;0;0;99;0;0;4985;0.00;0;0;0;0;0;0;0;0;0;0;0;0;0;0;0;0;14;0;99.0;99.0;0;0;0.00;0.00;0.00;0.0;0.0
22.733;32;0;99;0;0.0;19.700;1.340;24;26;0;0;100;0;100;0;0;0;0;88;88;0;0.000;0.000;0.000;0.000;0.000;0.000;0.0;0.0;0;14;0.000;0.000;11.1;0;0.0;0;0;0;0;0;99;0;0;4985;0.00;0;0;0;0;0;0;0;0;0;0;0;0;0;0;0;0;14;0;99.0;99.0;0;0;0.00;0.00;0.00;0.0;0.0
22.803;32;0;99;0;0.0;19.700;1.340;24;26;0;0;100;0;100;0;0;0;0;88;88;0;0.000;0.000;0.000;0.000;0.000;0.000;0.0;0.0;0;14;0.000;0.000;11.1;0;0.0;0;0;0;0;0;99;0;0;4985;0.00;0;0;0;0;0;0;0;0;0;0;0;0;0;0;0;0;14;0;99.0;99.0;0;0;0.00;0.00;0.00;0.0;0.0
22.871;32;0;99;0;0.0;19.700;1.340;24;26;0;0;100;0;100;0;0;0;0;88;88;0;0.000;0.000;0.000;0.000;0.000;0.000;0.0;0.0;0;14;0.000;0.000;11.1;0;0.0;0;0;0;0;0;99;0;0;4985;0.00;0;0;0;0;0;0;0;0;0;0;0;0;0;0;0;0;14;0;99.0;99.0;0;0;0.00;0.00;0.00;0.0;0.0
22.938;32;0;99;0;0.0;19.700;1.340;24;26;0;0;100;0;100;0;0;0;0;88;88;0;0.000;0.000;0.000;0.000;0.000;0.000;0.0;0.0;0;14;0.000;0.000;11.1;0;0.0;0;0;0;0;0;99;0;0;4985;0.00;0;0;0;0;0;0;0;0;0;0;0;0;0;0;0;0;14;0;99.0;99.0;0;0;0.00;0.00;0.00;0.0;0.0
23.003;32;0;99;0;0.0;19.700;1.340;24;26;0;0;100;0;100;0;0;0;0;88;88;0;0.000;0.000;0.000;0.000;0.000;0.000;0.0;0.0;0;14;0.000;0.000;11.1;0;0.0;0;0;0;0;0;99;0;0;4985;0.00;0;0;0;0;0;0;0;0;0;0;0;0;0;0;0;0;14;0;99.0;99.0;0;0;0.00;0.00;0.00;0.0;0.0
23.068;32;0;99;0;0.0;19.700;1.340;24;26;0;0;100;0;100;0;0;0;0;88;88;0;0.000;0.000;0.000;0.000;0.000;0.000;0.0;0.0;0;14;0.000;0.000;11.1;0;0.0;0;0;0;0;0;99;0;0;4985;0.00;0;0;0;0;0;0;0;0;0;0;0;0;0;0;0;0;14;0;99.0;99.0;0;0;0.00;0.00;0.00;0.0;0.0
23.135;32;0;99;0;0.0;19.700;1.340;24;26;0;0;100;0;100;0;0;0;0;88;88;0;0.000;0.000;0.000;0.000;0.000;0.000;0.0;0.0;0;14;0.000;0.000;11.1;0;0.0;0;0;0;0;0;99;0;0;4985;0.00;0;0;0;0;0;0;0;0;0;0;0;0;0;0;0;0;14;0;99.0;99.0;0;0;0.00;0.00;0.00;0.0;0.0
23.203;32;0;99;0;0.0;19.700;1.340;24;26;0;0;100;0;100;0;0;0;0;88;88;0;0.000;0.000;0.000;0.000;0.000;0.000;0.0;0.0;0;14;0.000;0.000;11.1;0;0.0;0;0;0;0;0;99;0;0;4985;0.00;0;0;0;0;0;0;0;0;0;0;0;0;0;0;0;0;14;0;99.0;99.0;0;0;0.00;0.00;0.00;0.0;0.0
23.268;33;0;99;0;0.0;19.700;1.340;24;26;0;0;100;0;100;0;0;0;0;88;88;0;0.000;0.000;0.000;0.000;0.000;0.000;0.0;0.0;0;14;0.000;0.000;11.1;0;0.0;0;0;0;0;0;99;0;0;4986;0.00;0;0;0;0;0;0;0;0;0;0;0;0;0;0;0;0;14;0;99.0;99.0;0;0;0.00;0.00;0.00;0.0;0.0
23.334;33;0;99;0;0.0;19.700;1.340;24;26;0;0;100;0;100;0;0;0;0;88;88;0;0.000;0.000;0.000;0.000;0.000;0.000;0.0;0.0;0;14;0.000;0.000;11.1;0;0.0;0;0;0;0;0;99;0;0;4986;0.00;0;0;0;0;0;0;0;0;0;0;0;0;0;0;0;0;14;0;99.0;99.0;0;0;0.00;0.00;0.00;0.0;0.0
23.400;33;0;99;0;0.0;19.700;1.340;24;26;0;0;100;0;100;0;0;0;0;88;88;0;0.000;0.000;0.000;0.000;0.000;0.000;0.0;0.0;0;14;0.000;0.000;11.1;0;0.0;0;0;0;0;0;99;0;0;4986;0.00;0;0;0;0;0;0;0;0;0;0;0;0;0;0;0;0;14;0;99.0;99.0;0;0;0.00;0.00;0.00;0.0;0.0
23.465;33;0;99;0;0.0;19.700;1.340;24;26;0;0;100;0;100;0;0;0;0;88;88;0;0.000;0.000;0.000;0.000;0.000;0.000;0.0;0.0;0;14;0.000;0.000;11.1;0;0.0;0;0;0;0;0;99;0;0;4986;0.00;0;0;0;0;0;0;0;0;0;0;0;0;0;0;0;0;14;0;99.0;99.0;0;0;0.00;0.00;0.00;0.0;0.0
23.535;33;0;99;0;0.0;19.700;1.340;24;26;0;0;100;0;100;0;0;0;0;88;88;0;0.000;0.000;0.000;0.000;0.000;0.000;0.0;0.0;0;14;0.000;0.000;11.1;0;0.0;0;0;0;0;0;99;0;0;4986;0.00;0;0;0;0;0;0;0;0;0;0;0;0;0;0;0;0;14;0;99.0;99.0;0;0;0.00;0.00;0.00;0.0;0.0
23.602;33;0;99;0;0.0;19.700;1.340;24;26;0;0;100;0;100;0;0;0;0;88;88;0;0.000;0.000;0.000;0.000;0.000;0.000;0.0;0.0;0;14;0.000;0.000;11.1;0;0.0;0;0;0;0;0;99;0;0;4986;0.00;0;0;0;0;0;0;0;0;0;0;0;0;0;0;0;0;14;0;99.0;99.0;0;0;0.00;0.00;0.00;0.0;0.0
23.670;33;0;99;0;0.0;19.700;1.340;24;26;0;0;100;0;100;0;0;0;0;88;88;0;0.000;0.000;0.000;0.000;0.000;0.000;0.0;0.0;0;14;0.000;0.000;11.1;0;0.0;0;0;0;0;0;99;0;0;4986;0.00;0;0;0;0;0;0;0;0;0;0;0;0;0;0;0;0;14;0;99.0;99.0;0;0;0.00;0.00;0.00;0.0;0.0
23.735;33;0;99;0;0.0;19.700;1.340;24;26;0;0;100;0;100;0;0;0;0;88;88;0;0.000;0.000;0.000;0.000;0.000;0.000;0.0;0.0;0;14;0.000;0.000;11.1;0;0.0;0;0;0;0;0;99;0;0;4986;0.00;0;0;0;0;0;0;0;0;0;0;0;0;0;0;0;0;14;0;99.0;99.0;0;0;0.00;0.00;0.00;0.0;0.0
23.801;33;0;99;0;0.0;19.700;1.340;24;26;0;0;100;0;100;0;0;0;0;88;88;0;0.000;0.000;0.000;0.000;0.000;0.000;0.0;0.0;0;14;0.000;0.000;11.1;0;0.0;0;0;0;0;0;99;0;0;4986;0.00;0;0;0;0;0;0;0;0;0;0;0;0;0;0;0;0;14;0;99.0;99.0;0;0;0.00;0.00;0.00;0.0;0.0
23.866;33;0;99;0;0.0;19.700;1.340;24;26;0;0;100;0;100;0;0;0;0;88;88;0;0.000;0.000;0.000;0.000;0.000;0.000;0.0;0.0;0;14;0.000;0.000;11.1;0;0.0;0;0;0;0;0;99;0;0;4986;0.00;0;0;0;0;0;0;0;0;0;0;0;0;0;0;0;0;14;0;99.0;99.0;0;0;0.00;0.00;0.00;0.0;0.0
23.932;33;0;99;0;0.0;19.700;1.340;24;26;0;0;100;0;100;0;0;0;0;88;88;0;0.000;0.000;0.000;0.000;0.000;0.000;0.0;0.0;0;14;0.000;0.000;11.1;0;0.0;0;0;0;0;0;99;0;0;4986;0.00;0;0;0;0;0;0;0;0;0;0;0;0;0;0;0;0;14;0;99.0;99.0;0;0;0.00;0.00;0.00;0.0;0.0
24.002;33;0;99;0;0.0;19.700;1.340;24;26;0;0;100;0;100;0;0;0;0;88;88;0;0.000;0.000;0.000;0.000;0.000;0.000;0.0;0.0;0;14;0.000;0.000;11.1;0;0.0;0;0;0;0;0;99;0;0;4986;0.00;0;0;0;0;0;0;0;0;0;0;0;0;0;0;0;0;14;0;99.0;99.0;0;0;0.00;0.00;0.00;0.0;0.0
24.067;33;0;99;0;0.0;19.700;1.340;24;26;0;0;100;0;100;0;0;0;0;88;88;0;0.000;0.000;0.000;0.000;0.000;0.000;0.0;0.0;0;14;0.000;0.000;11.1;0;0.0;0;0;0;0;0;99;0;0;4986;0.00;0;0;0;0;0;0;0;0;0;0;0;0;0;0;0;0;14;0;99.0;99.0;0;0;0.00;0.00;0.00;0.0;0.0
24.133;33;0;99;0;0.0;19.700;1.340;24;26;0;0;100;0;100;0;0;0;0;88;88;0;0.000;0.000;0.000;0.000;0.000;0.000;0.0;0.0;0;14;0.000;0.000;11.1;0;0.0;0;0;0;0;0;99;0;0;4986;0.00;0;0;0;0;0;0;0;0;0;0;0;0;0;0;0;0;14;0;99.0;99.0;0;0;0.00;0.00;0.00;0.0;0.0
24.203;33;0;99;0;0.0;19.700;1.340;24;26;0;0;100;0;100;0;0;0;0;88;88;0;0.000;0.000;0.000;0.000;0.000;0.000;0.0;0.0;0;14;0.000;0.000;11.1;0;0.0;0;0;0;0;0;99;0;0;4986;0.00;0;0;0;0;0;0;0;0;0;0;0;0;0;0;0;0;14;0;99.0;99.0;0;0;0.00;0.00;0.00;0.0;0.0
24.268;33;0;99;0;0.0;19.700;1.340;24;26;0;0;100;0;100;0;0;0;0;88;88;0;0.000;0.000;0.000;0.000;0.000;0.000;0.0;0.0;0;14;0.000;0.000;11.1;0;0.0;0;0;0;0;0;99;0;0;4986;0.00;0;0;0;0;0;0;0;0;0;0;0;0;0;0;0;0;14;0;99.0;99.0;0;0;0.00;0.00;0.00;0.0;0.0
24.335;34;0;99;0;0.0;19.700;1.340;24;26;0;0;100;0;100;0;0;0;0;88;88;0;0.000;0.000;0.000;0.000;0.000;0.000;0.0;0.0;0;14;0.000;0.000;11.1;0;0.0;0;0;0;0;0;99;0;0;4968;0.00;0;0;0;0;0;0;0;0;0;0;0;0;0;0;0;0;14;0;99.0;99.0;0;0;0.00;0.00;0.00;0.0;0.0
24.403;34;0;99;0;0.0;19.700;1.340;24;26;0;0;100;0;100;0;0;0;0;88;88;0;0.000;0.000;0.000;0.000;0.000;0.000;0.0;0.0;0;14;0.000;0.000;11.1;0;0.0;0;0;0;0;0;99;0;0;4968;0.00;0;0;0;0;0;0;0;0;0;0;0;0;0;0;0;0;14;0;99.0;99.0;0;0;0.00;0.00;0.00;0.0;0.0
24.470;34;0;99;0;0.0;19.700;1.340;24;26;0;0;100;0;100;0;0;0;0;88;88;0;0.000;0.000;0.000;0.000;0.000;0.000;0.0;0.0;0;14;0.000;0.000;11.1;0;0.0;0;0;0;0;0;99;0;0;4968;0.00;0;0;0;0;0;0;0;0;0;0;0;0;0;0;0;0;14;0;99.0;99.0;0;0;0.00;0.00;0.00;0.0;0.0
24.535;34;0;99;0;0.0;19.700;1.340;24;26;0;0;100;0;100;0;0;0;0;88;88;0;0.000;0.000;0.000;0.000;0.000;0.000;0.0;0.0;0;14;0.000;0.000;11.1;0;0.0;0;0;0;0;0;99;0;0;4968;0.00;0;0;0;0;0;0;0;0;0;0;0;0;0;0;0;0;14;0;99.0;99.0;0;0;0.00;0.00;0.00;0.0;0.0
24.604;34;0;99;0;0.0;19.700;1.340;24;26;0;0;100;0;100;0;0;0;0;88;88;0;0.000;0.000;0.000;0.000;0.000;0.000;0.0;0.0;0;14;0.000;0.000;11.1;0;0.0;0;0;0;0;0;99;0;0;4968;0.00;0;0;0;0;0;0;0;0;0;0;0;0;0;0;0;0;14;0;99.0;99.0;0;0;0.00;0.00;0.00;0.0;0.0
24.671;34;0;99;0;0.0;19.700;1.340;24;26;0;0;100;0;100;0;0;0;0;88;88;0;0.000;0.000;0.000;0.000;0.000;0.000;0.0;0.0;0;14;0.000;0.000;11.1;0;0.0;0;0;0;0;0;99;0;0;4968;0.00;0;0;0;0;0;0;0;0;0;0;0;0;0;0;0;0;14;0;99.0;99.0;0;0;0.00;0.00;0.00;0.0;0.0
24.735;34;0;99;0;0.0;19.700;1.340;24;26;0;0;100;0;100;0;0;0;0;88;88;0;0.000;0.000;0.000;0.000;0.000;0.000;0.0;0.0;0;14;0.000;0.000;11.1;0;0.0;0;0;0;0;0;99;0;0;4968;0.00;0;0;0;0;0;0;0;0;0;0;0;0;0;0;0;0;14;0;99.0;99.0;0;0;0.00;0.00;0.00;0.0;0.0
24.800;34;0;99;0;0.0;19.700;1.340;24;26;0;0;100;0;100;0;0;0;0;88;88;0;0.000;0.000;0.000;0.000;0.000;0.000;0.0;0.0;0;14;0.000;0.000;11.1;0;0.0;0;0;0;0;0;99;0;0;4968;0.00;0;0;0;0;0;0;0;0;0;0;0;0;0;0;0;0;14;0;99.0;99.0;0;0;0.00;0.00;0.00;0.0;0.0
24.870;34;0;99;0;0.0;19.700;1.340;24;26;0;0;100;0;100;0;0;0;0;88;88;0;0.000;0.000;0.000;0.000;0.000;0.000;0.0;0.0;0;14;0.000;0.000;11.1;0;0.0;0;0;0;0;0;99;0;0;4968;0.00;0;0;0;0;0;0;0;0;0;0;0;0;0;0;0;0;14;0;99.0;99.0;0;0;0.00;0.00;0.00;0.0;0.0
24.936;34;0;99;0;0.0;19.700;1.340;24;26;0;0;100;0;100;0;0;0;0;88;88;0;0.000;0.000;0.000;0.000;0.000;0.000;0.0;0.0;0;14;0.000;0.000;11.1;0;0.0;0;0;0;0;0;99;0;0;4968;0.00;0;0;0;0;0;0;0;0;0;0;0;0;0;0;0;0;14;0;99.0;99.0;0;0;0.00;0.00;0.00;0.0;0.0
25.002;34;0;99;0;0.0;19.700;1.340;24;26;0;0;100;0;100;0;0;0;0;88;88;0;0.000;0.000;0.000;0.000;0.000;0.000;0.0;0.0;0;14;0.000;0.000;11.1;0;0.0;0;0;0;0;0;99;0;0;4968;0.00;0;0;0;0;0;0;0;0;0;0;0;0;0;0;0;0;14;0;99.0;99.0;0;0;0.00;0.00;0.00;0.0;0.0
25.071;34;0;99;0;0.0;19.700;1.340;24;26;0;0;100;0;100;0;0;0;0;88;88;0;0.000;0.000;0.000;0.000;0.000;0.000;0.0;0.0;0;14;0.000;0.000;11.1;0;0.0;0;0;0;0;0;99;0;0;4968;0.00;0;0;0;0;0;0;0;0;0;0;0;0;0;0;0;0;14;0;99.0;99.0;0;0;0.00;0.00;0.00;0.0;0.0
25.137;34;0;99;0;0.0;19.700;1.340;24;26;0;0;100;0;100;0;0;0;0;88;88;0;0.000;0.000;0.000;0.000;0.000;0.000;0.0;0.0;0;14;0.000;0.000;11.1;0;0.0;0;0;0;0;0;99;0;0;4968;0.00;0;0;0;0;0;0;0;0;0;0;0;0;0;0;0;0;14;0;99.0;99.0;0;0;0.00;0.00;0.00;0.0;0.0
25.202;34;0;99;0;0.0;19.700;1.340;24;26;0;0;100;0;100;0;0;0;0;88;88;0;0.000;0.000;0.000;0.000;0.000;0.000;0.0;0.0;0;14;0.000;0.000;11.1;0;0.0;0;0;0;0;0;99;0;0;4968;0.00;0;0;0;0;0;0;0;0;0;0;0;0;0;0;0;0;14;0;99.0;99.0;0;0;0.00;0.00;0.00;0.0;0.0
25.268;34;0;99;0;0.0;19.700;1.340;24;26;0;0;100;0;100;0;0;0;0;88;88;0;0.000;0.000;0.000;0.000;0.000;0.000;0.0;0.0;0;14;0.000;0.000;11.1;0;0.0;0;0;0;0;0;99;0;0;4968;0.00;0;0;0;0;0;0;0;0;0;0;0;0;0;0;0;0;14;0;99.0;99.0;0;0;0.00;0.00;0.00;0.0;0.0
25.337;35;0;99;0;0.0;19.700;1.340;24;26;0;0;100;0;100;0;0;0;0;88;88;0;0.000;0.000;0.000;0.000;0.000;0.000;0.0;0.0;0;14;0.000;0.000;11.1;0;0.0;0;0;0;0;0;99;0;0;4974;0.00;0;0;0;0;0;0;0;0;0;0;0;0;0;0;0;0;14;0;99.0;99.0;0;0;0.00;0.00;0.00;0.0;0.0
25.402;35;0;99;0;0.0;19.700;1.340;24;26;0;0;100;0;100;0;0;0;0;88;88;0;0.000;0.000;0.000;0.000;0.000;0.000;0.0;0.0;0;14;0.000;0.000;11.1;0;0.0;0;0;0;0;0;99;0;0;4974;0.00;0;0;0;0;0;0;0;0;0;0;0;0;0;0;0;0;14;0;99.0;99.0;0;0;0.00;0.00;0.00;0.0;0.0
25.468;35;0;99;0;0.0;19.700;1.340;24;26;0;0;100;0;100;0;0;0;0;88;88;0;0.000;0.000;0.000;0.000;0.000;0.000;0.0;0.0;0;14;0.000;0.000;11.1;0;0.0;0;0;0;0;0;99;0;0;4974;0.00;0;0;0;0;0;0;0;0;0;0;0;0;0;0;0;0;14;0;99.0;99.0;0;0;0.00;0.00;0.00;0.0;0.0
25.534;35;0;99;0;0.0;19.700;1.340;24;26;0;0;100;0;100;0;0;0;0;88;88;0;0.000;0.000;0.000;0.000;0.000;0.000;0.0;0.0;0;14;0.000;0.000;11.1;0;0.0;0;0;0;0;0;99;0;0;4974;0.00;0;0;0;0;0;0;0;0;0;0;0;0;0;0;0;0;14;0;99.0;99.0;0;0;0.00;0.00;0.00;0.0;0.0
25.603;35;0;99;0;0.0;19.700;1.340;24;26;0;0;100;0;100;0;0;0;0;88;88;0;0.000;0.000;0.000;0.000;0.000;0.000;0.0;0.0;0;14;0.000;0.000;11.1;0;0.0;0;0;0;0;0;99;0;0;4974;0.00;0;0;0;0;0;0;0;0;0;0;0;0;0;0;0;0;14;0;99.0;99.0;0;0;0.00;0.00;0.00;0.0;0.0
25.670;35;0;99;0;0.0;19.700;1.340;24;26;0;0;100;0;100;0;0;0;0;88;88;0;0.000;0.000;0.000;0.000;0.000;0.000;0.0;0.0;0;14;0.000;0.000;11.1;0;0.0;0;0;0;0;0;99;0;0;4974;0.00;0;0;0;0;0;0;0;0;0;0;0;0;0;0;0;0;14;0;99.0;99.0;0;0;0.00;0.00;0.00;0.0;0.0
25.736;35;0;99;0;0.0;19.700;1.340;24;26;0;0;100;0;100;0;0;0;0;88;88;0;0.000;0.000;0.000;0.000;0.000;0.000;0.0;0.0;0;14;0.000;0.000;11.1;0;0.0;0;0;0;0;0;99;0;0;4974;0.00;0;0;0;0;0;0;0;0;0;0;0;0;0;0;0;0;14;0;99.0;99.0;0;0;0.00;0.00;0.00;0.0;0.0
25.805;35;0;99;0;0.0;19.700;1.340;24;26;0;0;100;0;100;0;0;0;0;88;88;0;0.000;0.000;0.000;0.000;0.000;0.000;0.0;0.0;0;14;0.000;0.000;11.1;0;0.0;0;0;0;0;0;99;0;0;4974;0.00;0;0;0;0;0;0;0;0;0;0;0;0;0;0;0;0;14;0;99.0;99.0;0;0;0.00;0.00;0.00;0.0;0.0
25.869;35;0;99;0;0.0;19.700;1.340;24;26;0;0;100;0;100;0;0;0;0;88;88;0;0.000;0.000;0.000;0.000;0.000;0.000;0.0;0.0;0;14;0.000;0.000;11.1;0;0.0;0;0;0;0;0;99;0;0;4974;0.00;0;0;0;0;0;0;0;0;0;0;0;0;0;0;0;0;14;0;99.0;99.0;0;0;0.00;0.00;0.00;0.0;0.0
25.935;35;0;99;0;0.0;19.700;1.340;24;26;0;0;100;0;100;0;0;0;0;88;88;0;0.000;0.000;0.000;0.000;0.000;0.000;0.0;0.0;0;14;0.000;0.000;11.1;0;0.0;0;0;0;0;0;99;0;0;4974;0.00;0;0;0;0;0;0;0;0;0;0;0;0;0;0;0;0;14;0;99.0;99.0;0;0;0.00;0.00;0.00;0.0;0.0
26.001;35;0;99;0;0.0;19.700;1.340;24;26;0;0;100;0;100;0;0;0;0;88;88;0;0.000;0.000;0.000;0.000;0.000;0.000;0.0;0.0;0;14;0.000;0.000;11.1;0;0.0;0;0;0;0;0;99;0;0;4974;0.00;0;0;0;0;0;0;0;0;0;0;0;0;0;0;0;0;14;0;99.0;99.0;0;0;0.00;0.00;0.00;0.0;0.0
26.071;35;0;99;0;0.0;19.700;1.340;24;26;0;0;100;0;100;0;0;0;0;88;88;0;0.000;0.000;0.000;0.000;0.000;0.000;0.0;0.0;0;14;0.000;0.000;11.1;0;0.0;0;0;0;0;0;99;0;0;4974;0.00;0;0;0;0;0;0;0;0;0;0;0;0;0;0;0;0;14;0;99.0;99.0;0;0;0.00;0.00;0.00;0.0;0.0
26.135;35;0;99;0;0.0;19.700;1.340;24;26;0;0;100;0;100;0;0;0;0;88;88;0;0.000;0.000;0.000;0.000;0.000;0.000;0.0;0.0;0;14;0.000;0.000;11.1;0;0.0;0;0;0;0;0;99;0;0;4974;0.00;0;0;0;0;0;0;0;0;0;0;0;0;0;0;0;0;14;0;99.0;99.0;0;0;0.00;0.00;0.00;0.0;0.0
26.201;35;0;99;0;0.0;19.700;1.340;24;26;0;0;100;0;100;0;0;0;0;88;88;0;0.000;0.000;0.000;0.000;0.000;0.000;0.0;0.0;0;14;0.000;0.000;11.1;0;0.0;0;0;0;0;0;99;0;0;4974;0.00;0;0;0;0;0;0;0;0;0;0;0;0;0;0;0;0;14;0;99.0;99.0;0;0;0.00;0.00;0.00;0.0;0.0
26.272;35;0;99;0;0.0;19.700;1.340;24;26;0;0;100;0;100;0;0;0;0;88;88;0;0.000;0.000;0.000;0.000;0.000;0.000;0.0;0.0;0;14;0.000;0.000;11.1;0;0.0;0;0;0;0;0;99;0;0;4974;0.00;0;0;0;0;0;0;0;0;0;0;0;0;0;0;0;0;14;0;99.0;99.0;0;0;0.00;0.00;0.00;0.0;0.0
26.336;36;0;99;0;0.0;19.700;1.340;24;26;0;0;100;0;100;0;0;0;0;88;88;0;0.000;0.000;0.000;0.000;0.000;0.000;0.0;0.0;0;14;0.000;0.000;11.1;0;0.0;0;0;0;0;0;99;0;0;4985;0.00;0;0;0;0;0;0;0;0;0;0;0;0;0;0;0;0;14;0;99.0;99.0;0;0;0.00;0.00;0.00;0.0;0.0
26.402;36;0;99;0;0.0;19.700;1.340;24;26;0;0;100;0;100;0;0;0;0;88;88;0;0.000;0.000;0.000;0.000;0.000;0.000;0.0;0.0;0;14;0.000;0.000;11.1;0;0.0;0;0;0;0;0;99;0;0;4985;0.00;0;0;0;0;0;0;0;0;0;0;0;0;0;0;0;0;14;0;99.0;99.0;0;0;0.00;0.00;0.00;0.0;0.0
26.467;36;0;99;0;0.0;19.700;1.340;24;26;0;0;100;0;100;0;0;0;0;88;88;0;0.000;0.000;0.000;0.000;0.000;0.000;0.0;0.0;0;14;0.000;0.000;11.1;0;0.0;0;0;0;0;0;99;0;0;4985;0.00;0;0;0;0;0;0;0;0;0;0;0;0;0;0;0;0;14;0;99.0;99.0;0;0;0.00;0.00;0.00;0.0;0.0
26.534;36;0;99;0;0.0;19.700;1.340;24;26;0;0;100;0;100;0;0;0;0;88;88;0;0.000;0.000;0.000;0.000;0.000;0.000;0.0;0.0;0;14;0.000;0.000;11.1;0;0.0;0;0;0;0;0;99;0;0;4985;0.00;0;0;0;0;0;0;0;0;0;0;0;0;0;0;0;0;14;0;99.0;99.0;0;0;0.00;0.00;0.00;0.0;0.0
26.603;36;0;99;0;0.0;19.700;1.340;24;26;0;0;100;0;100;0;0;0;0;88;88;0;0.000;0.000;0.000;0.000;0.000;0.000;0.0;0.0;0;14;0.000;0.000;11.1;0;0.0;0;0;0;0;0;99;0;0;4985;0.00;0;0;0;0;0;0;0;0;0;0;0;0;0;0;0;0;14;0;99.0;99.0;0;0;0.00;0.00;0.00;0.0;0.0
26.668;36;0;99;0;0.0;19.700;1.340;24;26;0;0;100;0;100;0;0;0;0;88;88;0;0.000;0.000;0.000;0.000;0.000;0.000;0.0;0.0;0;14;0.000;0.000;11.1;0;0.0;0;0;0;0;0;99;0;0;4985;0.00;0;0;0;0;0;0;0;0;0;0;0;0;0;0;0;0;14;0;99.0;99.0;0;0;0.00;0.00;0.00;0.0;0.0
26.735;36;0;99;0;0.0;19.700;1.340;24;26;0;0;100;0;100;0;0;0;0;88;88;0;0.000;0.000;0.000;0.000;0.000;0.000;0.0;0.0;0;14;0.000;0.000;11.1;0;0.0;0;0;0;0;0;99;0;0;4985;0.00;0;0;0;0;0;0;0;0;0;0;0;0;0;0;0;0;14;0;99.0;99.0;0;0;0.00;0.00;0.00;0.0;0.0
26.803;36;0;99;0;0.0;19.700;1.340;24;26;0;0;100;0;100;0;0;0;0;88;88;0;0.000;0.000;0.000;0.000;0.000;0.000;0.0;0.0;0;14;0.000;0.000;11.1;0;0.0;0;0;0;0;0;99;0;0;4985;0.00;0;0;0;0;0;0;0;0;0;0;0;0;0;0;0;0;14;0;99.0;99.0;0;0;0.00;0.00;0.00;0.0;0.0
26.869;36;0;99;0;0.0;19.700;1.340;24;26;0;0;100;0;100;0;0;0;0;88;88;0;0.000;0.000;0.000;0.000;0.000;0.000;0.0;0.0;0;14;0.000;0.000;11.1;0;0.0;0;0;0;0;0;99;0;0;4985;0.00;0;0;0;0;0;0;0;0;0;0;0;0;0;0;0;0;14;0;99.0;99.0;0;0;0.00;0.00;0.00;0.0;0.0
26.935;36;0;99;0;0.0;19.700;1.340;24;26;0;0;100;0;100;0;0;0;0;88;88;0;0.000;0.000;0.000;0.000;0.000;0.000;0.0;0.0;0;14;0.000;0.000;11.1;0;0.0;0;0;0;0;0;99;0;0;4985;0.00;0;0;0;0;0;0;0;0;0;0;0;0;0;0;0;0;14;0;99.0;99.0;0;0;0.00;0.00;0.00;0.0;0.0
26.999;36;0;99;0;0.0;19.700;1.340;24;26;0;0;100;0;100;0;0;0;0;88;88;0;0.000;0.000;0.000;0.000;0.000;0.000;0.0;0.0;0;14;0.000;0.000;11.1;0;0.0;0;0;0;0;0;99;0;0;4985;0.00;0;0;0;0;0;0;0;0;0;0;0;0;0;0;0;0;14;0;99.0;99.0;0;0;0.00;0.00;0.00;0.0;0.0
27.066;36;0;99;0;0.0;19.700;1.340;24;26;0;0;100;0;100;0;0;0;0;88;88;0;0.000;0.000;0.000;0.000;0.000;0.000;0.0;0.0;0;14;0.000;0.000;11.1;0;0.0;0;0;0;0;0;99;0;0;4985;0.00;0;0;0;0;0;0;0;0;0;0;0;0;0;0;0;0;14;0;99.0;99.0;0;0;0.00;0.00;0.00;0.0;0.0
27.135;36;0;99;0;0.0;19.700;1.340;24;26;0;0;100;0;100;0;0;0;0;88;88;0;0.000;0.000;0.000;0.000;0.000;0.000;0.0;0.0;0;14;0.000;0.000;11.1;0;0.0;0;0;0;0;0;99;0;0;4985;0.00;0;0;0;0;0;0;0;0;0;0;0;0;0;0;0;0;14;0;99.0;99.0;0;0;0.00;0.00;0.00;0.0;0.0
27.201;36;0;99;0;0.0;19.700;1.340;24;26;0;0;100;0;100;0;0;0;0;88;88;0;0.000;0.000;0.000;0.000;0.000;0.000;0.0;0.0;0;14;0.000;0.000;11.1;0;0.0;0;0;0;0;0;99;0;0;4985;0.00;0;0;0;0;0;0;0;0;0;0;0;0;0;0;0;0;14;0;99.0;99.0;0;0;0.00;0.00;0.00;0.0;0.0
27.267;36;0;99;0;0.0;19.700;1.340;24;26;0;0;100;0;100;0;0;0;0;88;88;0;0.000;0.000;0.000;0.000;0.000;0.000;0.0;0.0;0;14;0.000;0.000;11.1;0;0.0;0;0;0;0;0;99;0;0;4985;0.00;0;0;0;0;0;0;0;0;0;0;0;0;0;0;0;0;14;0;99.0;99.0;0;0;0.00;0.00;0.00;0.0;0.0
27.336;37;0;99;0;0.0;19.700;1.340;24;26;0;0;100;0;100;0;0;0;0;88;88;0;0.000;0.000;0.000;0.000;0.000;0.000;0.0;0.0;0;14;0.000;0.000;11.1;0;0.0;0;0;0;0;0;99;0;0;4987;0.00;0;0;0;0;0;0;0;0;0;0;0;0;0;0;0;0;14;0;99.0;99.0;0;0;0.00;0.00;0.00;0.0;0.0
27.402;37;0;99;0;0.0;19.700;1.340;24;26;0;0;100;0;100;0;0;0;0;88;88;0;0.000;0.000;0.000;0.000;0.000;0.000;0.0;0.0;0;14;0.000;0.000;11.1;0;0.0;0;0;0;0;0;99;0;0;4987;0.00;0;0;0;0;0;0;0;0;0;0;0;0;0;0;0;0;14;0;99.0;99.0;0;0;0.00;0.00;0.00;0.0;0.0
27.466;37;0;99;0;0.0;19.700;1.340;24;26;0;0;100;0;100;0;0;0;0;88;88;0;0.000;0.000;0.000;0.000;0.000;0.000;0.0;0.0;0;14;0.000;0.000;11.1;0;0.0;0;0;0;0;0;99;0;0;4987;0.00;0;0;0;0;0;0;0;0;0;0;0;0;0;0;0;0;14;0;99.0;99.0;0;0;0.00;0.00;0.00;0.0;0.0
27.533;37;0;99;0;0.0;19.700;1.340;24;26;0;0;100;0;100;0;0;0;0;88;88;0;0.000;0.000;0.000;0.000;0.000;0.000;0.0;0.0;0;14;0.000;0.000;11.1;0;0.0;0;0;0;0;0;99;0;0;4987;0.00;0;0;0;0;0;0;0;0;0;0;0;0;0;0;0;0;14;0;99.0;99.0;0;0;0.00;0.00;0.00;0.0;0.0
27.602;37;0;99;0;0.0;19.700;1.340;24;26;0;0;100;0;100;0;0;0;0;88;88;0;0.000;0.000;0.000;0.000;0.000;0.000;0.0;0.0;0;14;0.000;0.000;11.1;0;0.0;0;0;0;0;0;99;0;0;4987;0.00;0;0;0;0;0;0;0;0;0;0;0;0;0;0;0;0;14;0;99.0;99.0;0;0;0.00;0.00;0.00;0.0;0.0
27.667;37;0;99;0;0.0;19.700;1.340;24;26;0;0;100;0;100;0;0;0;0;88;88;0;0.000;0.000;0.000;0.000;0.000;0.000;0.0;0.0;0;14;0.000;0.000;11.1;0;0.0;0;0;0;0;0;99;0;0;4987;0.00;0;0;0;0;0;0;0;0;0;0;0;0;0;0;0;0;14;0;99.0;99.0;0;0;0.00;0.00;0.00;0.0;0.0
27.738;37;0;99;0;0.0;19.700;1.340;24;26;0;0;100;0;100;0;0;0;0;88;88;0;0.000;0.000;0.000;0.000;0.000;0.000;0.0;0.0;0;14;0.000;0.000;11.1;0;0.0;0;0;0;0;0;99;0;0;4987;0.00;0;0;0;0;0;0;0;0;0;0;0;0;0;0;0;0;14;0;99.0;99.0;0;0;0.00;0.00;0.00;0.0;0.0
27.803;37;0;99;0;0.0;19.700;1.340;24;26;0;0;100;0;100;0;0;0;0;88;88;0;0.000;0.000;0.000;0.000;0.000;0.000;0.0;0.0;0;14;0.000;0.000;11.1;0;0.0;0;0;0;0;0;99;0;0;4987;0.00;0;0;0;0;0;0;0;0;0;0;0;0;0;0;0;0;14;0;99.0;99.0;0;0;0.00;0.00;0.00;0.0;0.0
27.870;37;0;99;0;0.0;19.700;1.340;24;26;0;0;100;0;100;0;0;0;0;88;88;0;0.000;0.000;0.000;0.000;0.000;0.000;0.0;0.0;0;14;0.000;0.000;11.1;0;0.0;0;0;0;0;0;99;0;0;4987;0.00;0;0;0;0;0;0;0;0;0;0;0;0;0;0;0;0;14;0;99.0;99.0;0;0;0.00;0.00;0.00;0.0;0.0
27.938;37;0;99;0;0.0;19.700;1.340;24;26;0;0;100;0;100;0;0;0;0;88;88;0;0.000;0.000;0.000;0.000;0.000;0.000;0.0;0.0;0;14;0.000;0.000;11.1;0;0.0;0;0;0;0;0;99;0;0;4987;0.00;0;0;0;0;0;0;0;0;0;0;0;0;0;0;0;0;14;0;99.0;99.0;0;0;0.00;0.00;0.00;0.0;0.0
28.004;37;0;99;0;0.0;19.700;1.340;24;26;0;0;100;0;100;0;0;0;0;88;88;0;0.000;0.000;0.000;0.000;0.000;0.000;0.0;0.0;0;14;0.000;0.000;11.1;0;0.0;0;0;0;0;0;99;0;0;4987;0.00;0;0;0;0;0;0;0;0;0;0;0;0;0;0;0;0;14;0;99.0;99.0;0;0;0.00;0.00;0.00;0.0;0.0
28.069;37;0;99;0;0.0;19.700;1.340;24;26;0;0;100;0;100;0;0;0;0;88;88;0;0.000;0.000;0.000;0.000;0.000;0.000;0.0;0.0;0;14;0.000;0.000;11.1;0;0.0;0;0;0;0;0;99;0;0;4987;0.00;0;0;0;0;0;0;0;0;0;0;0;0;0;0;0;0;14;0;99.0;99.0;0;0;0.00;0.00;0.00;0.0;0.0
28.134;37;0;99;0;0.0;19.700;1.340;24;26;0;0;100;0;100;0;0;0;0;88;88;0;0.000;0.000;0.000;0.000;0.000;0.000;0.0;0.0;0;14;0.000;0.000;11.1;0;0.0;0;0;0;0;0;99;0;0;4987;0.00;0;0;0;0;0;0;0;0;0;0;0;0;0;0;0;0;14;0;99.0;99.0;0;0;0.00;0.00;0.00;0.0;0.0
28.200;37;0;99;0;0.0;19.700;1.340;24;26;0;0;100;0;100;0;0;0;0;88;88;0;0.000;0.000;0.000;0.000;0.000;0.000;0.0;0.0;0;14;0.000;0.000;11.1;0;0.0;0;0;0;0;0;99;0;0;4987;0.00;0;0;0;0;0;0;0;0;0;0;0;0;0;0;0;0;14;0;99.0;99.0;0;0;0.00;0.00;0.00;0.0;0.0
28.270;37;0;99;0;0.0;19.700;1.340;24;26;0;0;100;0;100;0;0;0;0;88;88;0;0.000;0.000;0.000;0.000;0.000;0.000;0.0;0.0;0;14;0.000;0.000;11.1;0;0.0;0;0;0;0;0;99;0;0;4987;0.00;0;0;0;0;0;0;0;0;0;0;0;0;0;0;0;0;14;0;99.0;99.0;0;0;0.00;0.00;0.00;0.0;0.0
28.336;37;0;99;0;0.0;19.700;1.340;24;26;0;0;100;0;100;0;0;0;0;88;88;0;0.000;0.000;0.000;0.000;0.000;0.000;0.0;0.0;0;14;0.000;0.000;11.1;0;0.0;0;0;0;0;0;99;0;0;4987;0.00;0;0;0;0;0;0;0;0;0;0;0;0;0;0;0;0;14;0;99.0;99.0;0;0;0.00;0.00;0.00;0.0;0.0
28.405;38;0;99;0;0.0;19.700;1.340;24;26;0;0;100;0;100;0;0;0;0;88;88;0;0.000;0.000;0.000;0.000;0.000;0.000;0.0;0.0;0;14;0.000;0.000;11.1;0;0.0;0;0;0;0;0;99;0;0;4979;0.00;0;0;0;0;0;0;0;0;0;0;0;0;0;0;0;0;14;0;99.0;99.0;0;0;0.00;0.00;0.00;0.0;0.0
28.472;38;0;99;0;0.0;19.700;1.340;24;26;0;0;100;0;100;0;0;0;0;88;88;0;0.000;0.000;0.000;0.000;0.000;0.000;0.0;0.0;0;14;0.000;0.000;11.1;0;0.0;0;0;0;0;0;99;0;0;4979;0.00;0;0;0;0;0;0;0;0;0;0;0;0;0;0;0;0;14;0;99.0;99.0;0;0;0.00;0.00;0.00;0.0;0.0
28.538;38;0;99;0;0.0;19.700;1.340;24;26;0;0;100;0;100;0;0;0;0;88;88;0;0.000;0.000;0.000;0.000;0.000;0.000;0.0;0.0;0;14;0.000;0.000;11.1;0;0.0;0;0;0;0;0;99;0;0;4979;0.00;0;0;0;0;0;0;0;0;0;0;0;0;0;0;0;0;14;0;99.0;99.0;0;0;0.00;0.00;0.00;0.0;0.0
28.605;38;0;99;0;0.0;19.700;1.340;24;26;0;0;100;0;100;0;0;0;0;88;88;0;0.000;0.000;0.000;0.000;0.000;0.000;0.0;0.0;0;14;0.000;0.000;11.1;0;0.0;0;0;0;0;0;99;0;0;4979;0.00;0;0;0;0;0;0;0;0;0;0;0;0;0;0;0;0;14;0;99.0;99.0;0;0;0.00;0.00;0.00;0.0;0.0
28.672;38;0;99;0;0.0;19.700;1.340;24;26;0;0;100;0;100;0;0;0;0;88;88;0;0.000;0.000;0.000;0.000;0.000;0.000;0.0;0.0;0;14;0.000;0.000;11.1;0;0.0;0;0;0;0;0;99;0;0;4979;0.00;0;0;0;0;0;0;0;0;0;0;0;0;0;0;0;0;14;0;99.0;99.0;0;0;0.00;0.00;0.00;0.0;0.0
28.737;38;0;99;0;0.0;19.700;1.340;24;26;0;0;100;0;100;0;0;0;0;88;88;0;0.000;0.000;0.000;0.000;0.000;0.000;0.0;0.0;0;14;0.000;0.000;11.1;0;0.0;0;0;0;0;0;99;0;0;4979;0.00;0;0;0;0;0;0;0;0;0;0;0;0;0;0;0;0;14;0;99.0;99.0;0;0;0.00;0.00;0.00;0.0;0.0
28.803;38;0;99;0;0.0;19.700;1.340;24;26;0;0;100;0;100;0;0;0;0;88;88;0;0.000;0.000;0.000;0.000;0.000;0.000;0.0;0.0;0;14;0.000;0.000;11.1;0;0.0;0;0;0;0;0;99;0;0;4979;0.00;0;0;0;0;0;0;0;0;0;0;0;0;0;0;0;0;14;0;99.0;99.0;0;0;0.00;0.00;0.00;0.0;0.0
28.867;38;0;99;0;0.0;19.700;1.340;24;26;0;0;100;0;100;0;0;0;0;88;88;0;0.000;0.000;0.000;0.000;0.000;0.000;0.0;0.0;0;14;0.000;0.000;11.1;0;0.0;0;0;0;0;0;99;0;0;4979;0.00;0;0;0;0;0;0;0;0;0;0;0;0;0;0;0;0;14;0;99.0;99.0;0;0;0.00;0.00;0.00;0.0;0.0
28.935;38;0;99;0;0.0;19.700;1.340;24;26;0;0;100;0;100;0;0;0;0;88;88;0;0.000;0.000;0.000;0.000;0.000;0.000;0.0;0.0;0;14;0.000;0.000;11.1;0;0.0;0;0;0;0;0;99;0;0;4979;0.00;0;0;0;0;0;0;0;0;0;0;0;0;0;0;0;0;14;0;99.0;99.0;0;0;0.00;0.00;0.00;0.0;0.0
29.004;38;0;99;0;0.0;19.700;1.340;24;26;0;0;100;0;100;0;0;0;0;88;88;0;0.000;0.000;0.000;0.000;0.000;0.000;0.0;0.0;0;14;0.000;0.000;11.1;0;0.0;0;0;0;0;0;99;0;0;4979;0.00;0;0;0;0;0;0;0;0;0;0;0;0;0;0;0;0;14;0;99.0;99.0;0;0;0.00;0.00;0.00;0.0;0.0
29.068;38;0;99;0;0.0;19.700;1.340;24;26;0;0;100;0;100;0;0;0;0;88;88;0;0.000;0.000;0.000;0.000;0.000;0.000;0.0;0.0;0;14;0.000;0.000;11.1;0;0.0;0;0;0;0;0;99;0;0;4979;0.00;0;0;0;0;0;0;0;0;0;0;0;0;0;0;0;0;14;0;99.0;99.0;0;0;0.00;0.00;0.00;0.0;0.0
29.134;38;0;99;0;0.0;19.700;1.340;24;26;0;0;100;0;100;0;0;0;0;88;88;0;0.000;0.000;0.000;0.000;0.000;0.000;0.0;0.0;0;14;0.000;0.000;11.1;0;0.0;0;0;0;0;0;99;0;0;4979;0.00;0;0;0;0;0;0;0;0;0;0;0;0;0;0;0;0;14;0;99.0;99.0;0;0;0.00;0.00;0.00;0.0;0.0
29.204;38;0;99;0;0.0;19.700;1.340;24;26;0;0;100;0;100;0;0;0;0;88;88;0;0.000;0.000;0.000;0.000;0.000;0.000;0.0;0.0;0;14;0.000;0.000;11.1;0;0.0;0;0;0;0;0;99;0;0;4979;0.00;0;0;0;0;0;0;0;0;0;0;0;0;0;0;0;0;14;0;99.0;99.0;0;0;0.00;0.00;0.00;0.0;0.0
29.269;38;0;99;0;0.0;19.700;1.340;24;26;0;0;100;0;100;0;0;0;0;88;88;0;0.000;0.000;0.000;0.000;0.000;0.000;0.0;0.0;0;14;0.000;0.000;11.1;0;0.0;0;0;0;0;0;99;0;0;4979;0.00;0;0;0;0;0;0;0;0;0;0;0;0;0;0;0;0;14;0;99.0;99.0;0;0;0.00;0.00;0.00;0.0;0.0
29.334;38;0;99;0;0.0;19.700;1.340;24;26;0;0;100;0;100;0;0;0;0;88;88;0;0.000;0.000;0.000;0.000;0.000;0.000;0.0;0.0;0;14;0.000;0.000;11.1;0;0.0;0;0;0;0;0;99;0;0;4979;0.00;0;0;0;0;0;0;0;0;0;0;0;0;0;0;0;0;14;0;99.0;99.0;0;0;0.00;0.00;0.00;0.0;0.0
29.400;39;0;99;0;0.0;19.700;1.340;24;26;0;0;100;0;100;0;0;0;0;88;88;0;0.000;0.000;0.000;0.000;0.000;0.000;0.0;0.0;0;14;0.000;0.000;11.1;0;0.0;0;0;0;0;0;99;0;0;4976;0.00;0;0;0;0;0;0;0;0;0;0;0;0;0;0;0;0;14;0;99.0;99.0;0;0;0.00;0.00;0.00;0.0;0.0
29.466;39;0;99;0;0.0;19.700;1.340;24;26;0;0;100;0;100;0;0;0;0;88;88;0;0.000;0.000;0.000;0.000;0.000;0.000;0.0;0.0;0;14;0.000;0.000;11.1;0;0.0;0;0;0;0;0;99;0;0;4976;0.00;0;0;0;0;0;0;0;0;0;0;0;0;0;0;0;0;14;0;99.0;99.0;0;0;0.00;0.00;0.00;0.0;0.0
29.536;39;0;99;0;0.0;19.700;1.340;24;26;0;0;100;0;100;0;0;0;0;88;88;0;0.000;0.000;0.000;0.000;0.000;0.000;0.0;0.0;0;14;0.000;0.000;11.1;0;0.0;0;0;0;0;0;99;0;0;4976;0.00;0;0;0;0;0;0;0;0;0;0;0;0;0;0;0;0;14;0;99.0;99.0;0;0;0.00;0.00;0.00;0.0;0.0
29.602;39;0;99;0;0.0;19.700;1.340;24;26;0;0;100;0;100;0;0;0;0;88;88;0;0.000;0.000;0.000;0.000;0.000;0.000;0.0;0.0;0;14;0.000;0.000;11.1;0;0.0;0;0;0;0;0;99;0;0;4976;0.00;0;0;0;0;0;0;0;0;0;0;0;0;0;0;0;0;14;0;99.0;99.0;0;0;0.00;0.00;0.00;0.0;0.0
29.670;39;0;99;0;0.0;19.700;1.340;24;26;0;0;100;0;100;0;0;0;0;88;88;0;0.000;0.000;0.000;0.000;0.000;0.000;0.0;0.0;0;14;0.000;0.000;11.1;0;0.0;0;0;0;0;0;99;0;0;4976;0.00;0;0;0;0;0;0;0;0;0;0;0;0;0;0;0;0;14;0;99.0;99.0;0;0;0.00;0.00;0.00;0.0;0.0
29.735;39;0;99;0;0.0;19.700;1.340;24;26;0;0;100;0;100;0;0;0;0;88;88;0;0.000;0.000;0.000;0.000;0.000;0.000;0.0;0.0;0;14;0.000;0.000;11.1;0;0.0;0;0;0;0;0;99;0;0;4976;0.00;0;0;0;0;0;0;0;0;0;0;0;0;0;0;0;0;14;0;99.0;99.0;0;0;0.00;0.00;0.00;0.0;0.0
29.801;39;0;99;0;0.0;19.700;1.340;24;26;0;0;100;0;100;0;0;0;0;88;88;0;0.000;0.000;0.000;0.000;0.000;0.000;0.0;0.0;0;14;0.000;0.000;11.1;0;0.0;0;0;0;0;0;99;0;0;4976;0.00;0;0;0;0;0;0;0;0;0;0;0;0;0;0;0;0;14;0;99.0;99.0;0;0;0.00;0.00;0.00;0.0;0.0
29.868;39;0;99;0;0.0;19.700;1.340;24;26;0;0;100;0;100;0;0;0;0;88;88;0;0.000;0.000;0.000;0.000;0.000;0.000;0.0;0.0;0;14;0.000;0.000;11.1;0;0.0;0;0;0;0;0;99;0;0;4976;0.00;0;0;0;0;0;0;0;0;0;0;0;0;0;0;0;0;14;0;99.0;99.0;0;0;0.00;0.00;0.00;0.0;0.0
29.937;39;0;99;0;0.0;19.700;1.340;24;26;0;0;100;0;100;0;0;0;0;88;88;0;0.000;0.000;0.000;0.000;0.000;0.000;0.0;0.0;0;14;0.000;0.000;11.1;0;0.0;0;0;0;0;0;99;0;0;4976;0.00;0;0;0;0;0;0;0;0;0;0;0;0;0;0;0;0;14;0;99.0;99.0;0;0;0.00;0.00;0.00;0.0;0.0
30.002;39;0;99;0;0.0;19.700;1.340;24;26;0;0;100;0;100;0;0;0;0;88;88;0;0.000;0.000;0.000;0.000;0.000;0.000;0.0;0.0;0;14;0.000;0.000;11.1;0;0.0;0;0;0;0;0;99;0;0;4976;0.00;0;0;0;0;0;0;0;0;0;0;0;0;0;0;0;0;14;0;99.0;99.0;0;0;0.00;0.00;0.00;0.0;0.0
30.068;39;0;99;0;0.0;19.700;1.340;24;26;0;0;100;0;100;0;0;0;0;88;88;0;0.000;0.000;0.000;0.000;0.000;0.000;0.0;0.0;0;14;0.000;0.000;11.1;0;0.0;0;0;0;0;0;99;0;0;4976;0.00;0;0;0;0;0;0;0;0;0;0;0;0;0;0;0;0;14;0;99.0;99.0;0;0;0.00;0.00;0.00;0.0;0.0
30.138;39;0;99;0;0.0;19.700;1.340;24;26;0;0;100;0;100;0;0;0;0;88;88;0;0.000;0.000;0.000;0.000;0.000;0.000;0.0;0.0;0;14;0.000;0.000;11.1;0;0.0;0;0;0;0;0;99;0;0;4976;0.00;0;0;0;0;0;0;0;0;0;0;0;0;0;0;0;0;14;0;99.0;99.0;0;0;0.00;0.00;0.00;0.0;0.0
30.202;39;0;99;0;0.0;19.700;1.340;24;26;0;0;100;0;100;0;0;0;0;88;88;0;0.000;0.000;0.000;0.000;0.000;0.000;0.0;0.0;0;14;0.000;0.000;11.1;0;0.0;0;0;0;0;0;99;0;0;4976;0.00;0;0;0;0;0;0;0;0;0;0;0;0;0;0;0;0;14;0;99.0;99.0;0;0;0.00;0.00;0.00;0.0;0.0
30.269;39;0;99;0;0.0;19.700;1.340;24;26;0;0;100;0;100;0;0;0;0;88;88;0;0.000;0.000;0.000;0.000;0.000;0.000;0.0;0.0;0;14;0.000;0.000;11.1;0;0.0;0;0;0;0;0;99;0;0;4976;0.00;0;0;0;0;0;0;0;0;0;0;0;0;0;0;0;0;14;0;99.0;99.0;0;0;0.00;0.00;0.00;0.0;0.0
30.334;39;0;99;0;0.0;19.700;1.340;24;26;0;0;100;0;100;0;0;0;0;88;88;0;0.000;0.000;0.000;0.000;0.000;0.000;0.0;0.0;0;14;0.000;0.000;11.1;0;0.0;0;0;0;0;0;99;0;0;4976;0.00;0;0;0;0;0;0;0;0;0;0;0;0;0;0;0;0;14;0;99.0;99.0;0;0;0.00;0.00;0.00;0.0;0.0
30.400;40;0;99;0;0.0;19.700;1.340;24;26;0;0;100;0;100;0;0;0;0;88;88;0;0.000;0.000;0.000;0.000;0.000;0.000;0.0;0.0;0;14;0.000;0.000;11.1;0;0.0;0;0;0;0;0;99;0;0;4989;0.00;0;0;0;0;0;0;0;0;0;0;0;0;0;0;0;0;14;0;99.0;99.0;0;0;0.00;0.00;0.00;0.0;0.0
30.469;40;0;99;0;0.0;19.700;1.340;24;26;0;0;100;0;100;0;0;0;0;88;88;0;0.000;0.000;0.000;0.000;0.000;0.000;0.0;0.0;0;14;0.000;0.000;11.1;0;0.0;0;0;0;0;0;99;0;0;4989;0.00;0;0;0;0;0;0;0;0;0;0;0;0;0;0;0;0;14;0;99.0;99.0;0;0;0.00;0.00;0.00;0.0;0.0
30.535;40;0;99;0;0.0;19.700;1.340;24;26;0;0;100;0;100;0;0;0;0;88;88;0;0.000;0.000;0.000;0.000;0.000;0.000;0.0;0.0;0;14;0.000;0.000;11.1;0;0.0;0;0;0;0;0;99;0;0;4989;0.00;0;0;0;0;0;0;0;0;0;0;0;0;0;0;0;0;14;0;99.0;99.0;0;0;0.00;0.00;0.00;0.0;0.0
30.604;40;0;99;0;0.0;19.700;1.340;24;26;0;0;100;0;100;0;0;0;0;88;88;0;0.000;0.000;0.000;0.000;0.000;0.000;0.0;0.0;0;14;0.000;0.000;11.1;0;0.0;0;0;0;0;0;99;0;0;4989;0.00;0;0;0;0;0;0;0;0;0;0;0;0;0;0;0;0;14;0;99.0;99.0;0;0;0.00;0.00;0.00;0.0;0.0
30.670;40;0;99;0;0.0;19.700;1.340;24;26;0;0;100;0;100;0;0;0;0;88;88;0;0.000;0.000;0.000;0.000;0.000;0.000;0.0;0.0;0;14;0.000;0.000;11.1;0;0.0;0;0;0;0;0;99;0;0;4989;0.00;0;0;0;0;0;0;0;0;0;0;0;0;0;0;0;0;14;0;99.0;99.0;0;0;0.00;0.00;0.00;0.0;0.0
30.735;40;0;99;0;0.0;19.700;1.340;24;26;0;0;100;0;100;0;0;0;0;88;88;0;0.000;0.000;0.000;0.000;0.000;0.000;0.0;0.0;0;14;0.000;0.000;11.1;0;0.0;0;0;0;0;0;99;0;0;4989;0.00;0;0;0;0;0;0;0;0;0;0;0;0;0;0;0;0;14;0;99.0;99.0;0;0;0.00;0.00;0.00;0.0;0.0
30.801;40;0;99;0;0.0;19.700;1.340;24;26;0;0;100;0;100;0;0;0;0;88;88;0;0.000;0.000;0.000;0.000;0.000;0.000;0.0;0.0;0;14;0.000;0.000;11.1;0;0.0;0;0;0;0;0;99;0;0;4989;0.00;0;0;0;0;0;0;0;0;0;0;0;0;0;0;0;0;14;0;99.0;99.0;0;0;0.00;0.00;0.00;0.0;0.0
30.867;40;0;99;0;0.0;19.700;1.340;24;26;0;0;100;0;100;0;0;0;0;88;88;0;0.000;0.000;0.000;0.000;0.000;0.000;0.0;0.0;0;14;0.000;0.000;11.1;0;0.0;0;0;0;0;0;99;0;0;4989;0.00;0;0;0;0;0;0;0;0;0;0;0;0;0;0;0;0;14;0;99.0;99.0;0;0;0.00;0.00;0.00;0.0;0.0
30.936;40;0;99;0;0.0;19.700;1.340;24;26;0;0;100;0;100;0;0;0;0;88;88;0;0.000;0.000;0.000;0.000;0.000;0.000;0.0;0.0;0;14;0.000;0.000;11.1;0;0.0;0;0;0;0;0;99;0;0;4989;0.00;0;0;0;0;0;0;0;0;0;0;0;0;0;0;0;0;14;0;99.0;99.0;0;0;0.00;0.00;0.00;0.0;0.0
31.001;40;0;99;0;0.0;19.700;1.340;24;26;0;0;100;0;100;0;0;0;0;88;88;0;0.000;0.000;0.000;0.000;0.000;0.000;0.0;0.0;0;14;0.000;0.000;11.1;0;0.0;0;0;0;0;0;99;0;0;4989;0.00;0;0;0;0;0;0;0;0;0;0;0;0;0;0;0;0;14;0;99.0;99.0;0;0;0.00;0.00;0.00;0.0;0.0
31.067;40;0;99;0;0.0;19.700;1.340;24;26;0;0;100;0;100;0;0;0;0;88;88;0;0.000;0.000;0.000;0.000;0.000;0.000;0.0;0.0;0;14;0.000;0.000;11.1;0;0.0;0;0;0;0;0;99;0;0;4989;0.00;0;0;0;0;0;0;0;0;0;0;0;0;0;0;0;0;14;0;99.0;99.0;0;0;0.00;0.00;0.00;0.0;0.0
31.132;40;0;99;0;0.0;19.700;1.340;24;26;0;0;100;0;100;0;0;0;0;88;88;0;0.000;0.000;0.000;0.000;0.000;0.000;0.0;0.0;0;14;0.000;0.000;11.2;0;0.0;0;0;0;0;0;99;0;0;4989;0.00;0;0;0;0;0;0;0;0;0;0;0;0;0;0;0;0;14;0;99.0;99.0;0;0;0.00;0.00;0.00;0.0;0.0
31.197;40;0;99;0;0.0;19.700;1.340;24;26;0;0;100;0;100;0;0;0;0;88;88;0;0.000;0.000;0.000;0.000;0.000;0.000;0.0;0.0;0;14;0.000;0.000;11.2;0;0.0;0;0;0;0;0;99;0;0;4989;0.00;0;0;0;0;0;0;0;0;0;0;0;0;0;0;0;0;14;0;99.0;99.0;0;0;0.00;0.00;0.00;0.0;0.0
31.269;40;0;99;0;0.0;19.700;1.340;24;26;0;0;100;0;100;0;0;0;0;88;88;0;0.000;0.000;0.000;0.000;0.000;0.000;0.0;0.0;0;14;0.000;0.000;11.2;0;0.0;0;0;0;0;0;99;0;0;4989;0.00;0;0;0;0;0;0;0;0;0;0;0;0;0;0;0;0;14;0;99.0;99.0;0;0;0.00;0.00;0.00;0.0;0.0
31.337;40;0;99;0;0.0;19.700;1.340;24;26;0;0;100;0;100;0;0;0;0;88;88;0;0.000;0.000;0.000;0.000;0.000;0.000;0.0;0.0;0;14;0.000;0.000;11.2;0;0.0;0;0;0;0;0;99;0;0;4989;0.00;0;0;0;0;0;0;0;0;0;0;0;0;0;0;0;0;14;0;99.0;99.0;0;0;0.00;0.00;0.00;0.0;0.0
31.404;41;0;99;0;0.0;19.700;1.340;24;26;0;0;100;0;100;0;0;0;0;88;88;0;0.000;0.000;0.000;0.000;0.000;0.000;0.0;0.0;0;14;0.000;0.000;11.2;0;0.0;0;0;0;0;0;99;0;0;4987;0.00;0;0;0;0;0;0;0;0;0;0;0;0;0;0;0;0;14;0;99.0;99.0;0;0;0.00;0.00;0.00;0.0;0.0
31.468;41;0;99;0;0.0;19.700;1.340;24;26;0;0;100;0;100;0;0;0;0;88;88;0;0.000;0.000;0.000;0.000;0.000;0.000;0.0;0.0;0;14;0.000;0.000;11.2;0;0.0;0;0;0;0;0;99;0;0;4987;0.00;0;0;0;0;0;0;0;0;0;0;0;0;0;0;0;0;14;0;99.0;99.0;0;0;0.00;0.00;0.00;0.0;0.0
31.535;41;0;99;0;0.0;19.700;1.340;24;26;0;0;100;0;100;0;0;0;0;88;88;0;0.000;0.000;0.000;0.000;0.000;0.000;0.0;0.0;0;14;0.000;0.000;11.2;0;0.0;0;0;0;0;0;99;0;0;4987;0.00;0;0;0;0;0;0;0;0;0;0;0;0;0;0;0;0;14;0;99.0;99.0;0;0;0.00;0.00;0.00;0.0;0.0
31.604;41;0;99;0;0.0;19.700;1.340;24;26;0;0;100;0;100;0;0;0;0;88;88;0;0.000;0.000;0.000;0.000;0.000;0.000;0.0;0.0;0;14;0.000;0.000;11.2;0;0.0;0;0;0;0;0;99;0;0;4987;0.00;0;0;0;0;0;0;0;0;0;0;0;0;0;0;0;0;14;0;99.0;99.0;0;0;0.00;0.00;0.00;0.0;0.0
31.669;41;0;99;0;0.0;19.700;1.340;24;26;0;0;100;0;100;0;0;0;0;88;88;0;0.000;0.000;0.000;0.000;0.000;0.000;0.0;0.0;0;14;0.000;0.000;11.2;0;0.0;0;0;0;0;0;99;0;0;4987;0.00;0;0;0;0;0;0;0;0;0;0;0;0;0;0;0;0;14;0;99.0;99.0;0;0;0.00;0.00;0.00;0.0;0.0
31.734;41;0;99;0;0.0;19.700;1.340;24;26;0;0;100;0;100;0;0;0;0;88;88;0;0.000;0.000;0.000;0.000;0.000;0.000;0.0;0.0;0;14;0.000;0.000;11.2;0;0.0;0;0;0;0;0;99;0;0;4987;0.00;0;0;0;0;0;0;0;0;0;0;0;0;0;0;0;0;14;0;99.0;99.0;0;0;0.00;0.00;0.00;0.0;0.0
31.804;41;0;99;0;0.0;19.700;1.340;24;26;0;0;100;0;100;0;0;0;0;88;88;0;0.000;0.000;0.000;0.000;0.000;0.000;0.0;0.0;0;14;0.000;0.000;11.2;0;0.0;0;0;0;0;0;99;0;0;4987;0.00;0;0;0;0;0;0;0;0;0;0;0;0;0;0;0;0;14;0;99.0;99.0;0;0;0.00;0.00;0.00;0.0;0.0
31.870;41;0;99;0;0.0;19.700;1.340;24;26;0;0;100;0;100;0;0;0;0;88;88;0;0.000;0.000;0.000;0.000;0.000;0.000;0.0;0.0;0;14;0.000;0.000;11.2;0;0.0;0;0;0;0;0;99;0;0;4987;0.00;0;0;0;0;0;0;0;0;0;0;0;0;0;0;0;0;14;0;99.0;99.0;0;0;0.00;0.00;0.00;0.0;0.0
31.935;41;0;99;0;0.0;19.700;1.340;24;26;0;0;100;0;100;0;0;0;0;88;88;0;0.000;0.000;0.000;0.000;0.000;0.000;0.0;0.0;0;14;0.000;0.000;11.2;0;0.0;0;0;0;0;0;99;0;0;4987;0.00;0;0;0;0;0;0;0;0;0;0;0;0;0;0;0;0;14;0;99.0;99.0;0;0;0.00;0.00;0.00;0.0;0.0
32.001;41;0;99;0;0.0;19.700;1.340;24;26;0;0;100;0;100;0;0;0;0;88;88;0;0.000;0.000;0.000;0.000;0.000;0.000;0.0;0.0;0;14;0.000;0.000;11.2;0;0.0;0;0;0;0;0;99;0;0;4987;0.00;0;0;0;0;0;0;0;0;0;0;0;0;0;0;0;0;14;0;99.0;99.0;0;0;0.00;0.00;0.00;0.0;0.0
32.071;41;0;99;0;0.0;19.700;1.340;24;26;0;0;100;0;100;0;0;0;0;88;88;0;0.000;0.000;0.000;0.000;0.000;0.000;0.0;0.0;0;14;0.000;0.000;11.2;0;0.0;0;0;0;0;0;99;0;0;4987;0.00;0;0;0;0;0;0;0;0;0;0;0;0;0;0;0;0;14;0;99.0;99.0;0;0;0.00;0.00;0.00;0.0;0.0
32.136;41;0;99;0;0.0;19.700;1.340;24;26;0;0;100;0;100;0;0;0;0;88;88;0;0.000;0.000;0.000;0.000;0.000;0.000;0.0;0.0;0;14;0.000;0.000;11.2;0;0.0;0;0;0;0;0;99;0;0;4987;0.00;0;0;0;0;0;0;0;0;0;0;0;0;0;0;0;0;14;0;99.0;99.0;0;0;0.00;0.00;0.00;0.0;0.0
32.202;41;0;99;0;0.0;19.700;1.340;24;26;0;0;100;0;100;0;0;0;0;88;88;0;0.000;0.000;0.000;0.000;0.000;0.000;0.0;0.0;0;14;0.000;0.000;11.2;0;0.0;0;0;0;0;0;99;0;0;4987;0.00;0;0;0;0;0;0;0;0;0;0;0;0;0;0;0;0;14;0;99.0;99.0;0;0;0.00;0.00;0.00;0.0;0.0
32.271;41;0;98;0;0.0;19.700;1.340;24;26;0;0;100;0;100;0;0;0;0;88;88;0;0.000;0.000;0.000;0.000;0.000;0.000;0.0;0.0;0;15;0.000;0.000;11.2;0;-0.1;0;0;0;0;0;99;0;0;4987;0.00;0;0;0;0;0;0;0;0;0;0;0;0;0;0;0;0;15;0;98.0;98.0;0;0;0.00;0.00;0.00;0.0;0.0
32.336;41;0;99;0;0.0;19.700;1.340;24;26;0;0;100;0;100;0;0;0;0;88;88;0;0.000;0.000;0.000;0.000;0.000;0.000;0.0;0.0;0;14;0.000;0.000;11.2;0;0.0;0;0;0;0;0;99;0;0;4987;0.00;0;0;0;0;0;0;0;0;0;0;0;0;0;0;0;0;14;0;99.0;99.0;0;0;0.00;0.00;0.00;0.0;0.0
32.403;42;0;99;0;0.0;19.700;1.340;24;26;0;0;100;0;100;0;0;0;0;88;88;0;0.000;0.000;0.000;0.000;0.000;0.000;0.0;0.0;0;14;0.000;0.000;11.2;0;0.0;0;0;0;0;0;99;0;0;4988;0.00;0;0;0;0;0;0;0;0;0;0;0;0;0;0;0;0;14;0;99.0;99.0;0;0;0.00;0.00;0.00;0.0;0.0
32.468;42;0;99;0;0.0;19.700;1.340;24;26;0;0;100;0;100;0;0;0;0;88;88;0;0.000;0.000;0.000;0.000;0.000;0.000;0.0;0.0;0;14;0.000;0.000;11.2;0;0.0;0;0;0;0;0;99;0;0;4988;0.00;0;0;0;0;0;0;0;0;0;0;0;0;0;0;0;0;14;0;99.0;99.0;0;0;0.00;0.00;0.00;0.0;0.0
32.539;42;0;99;0;0.0;19.700;1.340;24;26;0;0;100;0;100;0;0;0;0;88;88;0;0.000;0.000;0.000;0.000;0.000;0.000;0.0;0.0;0;14;0.000;0.000;11.2;0;0.0;0;0;0;0;0;99;0;0;4988;0.00;0;0;0;0;0;0;0;0;0;0;0;0;0;0;0;0;14;0;99.0;99.0;0;0;0.00;0.00;0.00;0.0;0.0
32.602;42;0;99;0;0.0;19.700;1.340;24;26;0;0;100;0;100;0;0;0;0;88;88;0;0.000;0.000;0.000;0.000;0.000;0.000;0.0;0.0;0;14;0.000;0.000;11.2;0;0.0;0;0;0;0;0;99;0;0;4988;0.00;0;0;0;0;0;0;0;0;0;0;0;0;0;0;0;0;14;0;99.0;99.0;0;0;0.00;0.00;0.00;0.0;0.0
32.668;42;0;99;0;0.0;19.700;1.340;24;26;0;0;100;0;100;0;0;0;0;88;88;0;0.000;0.000;0.000;0.000;0.000;0.000;0.0;0.0;0;14;0.000;0.000;11.2;0;0.0;0;0;0;0;0;99;0;0;4988;0.00;0;0;0;0;0;0;0;0;0;0;0;0;0;0;0;0;14;0;99.0;99.0;0;0;0.00;0.00;0.00;0.0;0.0
32.735;42;0;99;0;0.0;19.700;1.340;24;26;0;0;100;0;100;0;0;0;0;88;88;0;0.000;0.000;0.000;0.000;0.000;0.000;0.0;0.0;0;14;0.000;0.000;11.2;0;0.0;0;0;0;0;0;99;0;0;4988;0.00;0;0;0;0;0;0;0;0;0;0;0;0;0;0;0;0;14;0;99.0;99.0;0;0;0.00;0.00;0.00;0.0;0.0
32.804;42;0;99;0;0.0;19.700;1.340;24;26;0;0;100;0;100;0;0;0;0;88;88;0;0.000;0.000;0.000;0.000;0.000;0.000;0.0;0.0;0;14;0.000;0.000;11.2;0;0.0;0;0;0;0;0;99;0;0;4988;0.00;0;0;0;0;0;0;0;0;0;0;0;0;0;0;0;0;14;0;99.0;99.0;0;0;0.00;0.00;0.00;0.0;0.0
32.869;42;0;99;0;0.0;19.700;1.340;24;26;0;0;100;0;100;0;0;0;0;88;88;0;0.000;0.000;0.000;0.000;0.000;0.000;0.0;0.0;0;14;0.000;0.000;11.2;0;0.0;0;0;0;0;0;99;0;0;4988;0.00;0;0;0;0;0;0;0;0;0;0;0;0;0;0;0;0;14;0;99.0;99.0;0;0;0.00;0.00;0.00;0.0;0.0
32.938;42;0;99;0;0.0;19.700;1.340;24;26;0;0;100;0;100;0;0;0;0;88;88;0;0.000;0.000;0.000;0.000;0.000;0.000;0.0;0.0;0;14;0.000;0.000;11.2;0;0.0;0;0;0;0;0;99;0;0;4988;0.00;0;0;0;0;0;0;0;0;0;0;0;0;0;0;0;0;14;0;99.0;99.0;0;0;0.00;0.00;0.00;0.0;0.0
33.005;42;0;99;0;0.0;19.700;1.340;24;26;0;0;100;0;100;0;0;0;0;88;88;0;0.000;0.000;0.000;0.000;0.000;0.000;0.0;0.0;0;14;0.000;0.000;11.2;0;0.0;0;0;0;0;0;99;0;0;4988;0.00;0;0;0;0;0;0;0;0;0;0;0;0;0;0;0;0;14;0;99.0;99.0;0;0;0.00;0.00;0.00;0.0;0.0
33.070;42;0;99;0;0.0;19.700;1.340;24;26;0;0;100;0;100;0;0;0;0;88;88;0;0.000;0.000;0.000;0.000;0.000;0.000;0.0;0.0;0;14;0.000;0.000;11.2;0;0.0;0;0;0;0;0;99;0;0;4988;0.00;0;0;0;0;0;0;0;0;0;0;0;0;0;0;0;0;14;0;99.0;99.0;0;0;0.00;0.00;0.00;0.0;0.0
33.135;42;0;99;0;0.0;19.700;1.340;24;26;0;0;100;0;100;0;0;0;0;88;88;0;0.000;0.000;0.000;0.000;0.000;0.000;0.0;0.0;0;14;0.000;0.000;11.2;0;0.0;0;0;0;0;0;99;0;0;4988;0.00;0;0;0;0;0;0;0;0;0;0;0;0;0;0;0;0;14;0;99.0;99.0;0;0;0.00;0.00;0.00;0.0;0.0
33.202;42;0;99;0;0.0;19.700;1.340;24;26;0;0;100;0;100;0;0;0;0;88;88;0;0.000;0.000;0.000;0.000;0.000;0.000;0.0;0.0;0;14;0.000;0.000;11.2;0;0.0;0;0;0;0;0;99;0;0;4988;0.00;0;0;0;0;0;0;0;0;0;0;0;0;0;0;0;0;14;0;99.0;99.0;0;0;0.00;0.00;0.00;0.0;0.0
33.271;42;0;99;0;0.0;19.700;1.340;24;26;0;0;100;0;100;0;0;0;0;88;88;0;0.000;0.000;0.000;0.000;0.000;0.000;0.0;0.0;0;14;0.000;0.000;11.2;0;0.0;0;0;0;0;0;99;0;0;4988;0.00;0;0;0;0;0;0;0;0;0;0;0;0;0;0;0;0;14;0;99.0;99.0;0;0;0.00;0.00;0.00;0.0;0.0
33.336;42;0;99;0;0.0;19.700;1.340;24;26;0;0;100;0;100;0;0;0;0;88;88;0;0.000;0.000;0.000;0.000;0.000;0.000;0.0;0.0;0;14;0.000;0.000;11.2;0;0.0;0;0;0;0;0;99;0;0;4988;0.00;0;0;0;0;0;0;0;0;0;0;0;0;0;0;0;0;14;0;99.0;99.0;0;0;0.00;0.00;0.00;0.0;0.0
33.402;42;0;99;0;0.0;19.700;1.340;24;26;0;0;100;0;100;0;0;0;0;88;88;0;0.000;0.000;0.000;0.000;0.000;0.000;0.0;0.0;0;14;0.000;0.000;11.2;0;0.0;0;0;0;0;0;99;0;0;4988;0.00;0;0;0;0;0;0;0;0;0;0;0;0;0;0;0;0;14;0;99.0;99.0;0;0;0.00;0.00;0.00;0.0;0.0
33.467;43;0;99;0;0.0;19.700;1.340;24;26;0;0;100;0;100;0;0;0;0;88;88;0;0.000;0.000;0.000;0.000;0.000;0.000;0.0;0.0;0;14;0.000;0.000;11.2;0;0.0;0;0;0;0;0;99;0;0;4958;0.00;0;0;0;0;0;0;0;0;0;0;0;0;0;0;0;0;14;0;99.0;99.0;0;0;0.00;0.00;0.00;0.0;0.0
33.537;43;0;99;0;0.0;19.700;1.340;24;26;0;0;100;0;100;0;0;0;0;88;88;0;0.000;0.000;0.000;0.000;0.000;0.000;0.0;0.0;0;14;0.000;0.000;11.2;0;0.0;0;0;0;0;0;99;0;0;4958;0.00;0;0;0;0;0;0;0;0;0;0;0;0;0;0;0;0;14;0;99.0;99.0;0;0;0.00;0.00;0.00;0.0;0.0
33.603;43;0;99;0;0.0;19.700;1.340;24;26;0;0;100;0;100;0;0;0;0;88;88;0;0.000;0.000;0.000;0.000;0.000;0.000;0.0;0.0;0;14;0.000;0.000;11.2;0;0.0;0;0;0;0;0;99;0;0;4958;0.00;0;0;0;0;0;0;0;0;0;0;0;0;0;0;0;0;14;0;99.0;99.0;0;0;0.00;0.00;0.00;0.0;0.0
33.669;43;0;99;0;0.0;19.700;1.340;24;26;0;0;100;0;100;0;0;0;0;88;88;0;0.000;0.000;0.000;0.000;0.000;0.000;0.0;0.0;0;14;0.000;0.000;11.2;0;0.0;0;0;0;0;0;99;0;0;4958;0.00;0;0;0;0;0;0;0;0;0;0;0;0;0;0;0;0;14;0;99.0;99.0;0;0;0.00;0.00;0.00;0.0;0.0
33.738;43;0;99;0;0.0;19.700;1.340;24;26;0;0;100;0;100;0;0;0;0;88;88;0;0.000;0.000;0.000;0.000;0.000;0.000;0.0;0.0;0;14;0.000;0.000;11.2;0;0.0;0;0;0;0;0;99;0;0;4958;0.00;0;0;0;0;0;0;0;0;0;0;0;0;0;0;0;0;14;0;99.0;99.0;0;0;0.00;0.00;0.00;0.0;0.0
33.803;43;0;99;0;0.0;19.700;1.340;24;26;0;0;100;0;100;0;0;0;0;88;88;0;0.000;0.000;0.000;0.000;0.000;0.000;0.0;0.0;0;14;0.000;0.000;11.2;0;0.0;0;0;0;0;0;99;0;0;4958;0.00;0;0;0;0;0;0;0;0;0;0;0;0;0;0;0;0;14;0;99.0;99.0;0;0;0.00;0.00;0.00;0.0;0.0
33.868;43;0;99;0;0.0;19.700;1.340;24;26;0;0;100;0;100;0;0;0;0;88;88;0;0.000;0.000;0.000;0.000;0.000;0.000;0.0;0.0;0;14;0.000;0.000;11.2;0;0.0;0;0;0;0;0;99;0;0;4958;0.00;0;0;0;0;0;0;0;0;0;0;0;0;0;0;0;0;14;0;99.0;99.0;0;0;0.00;0.00;0.00;0.0;0.0
33.933;43;0;99;0;0.0;19.700;1.340;24;26;0;0;100;0;100;0;0;0;0;88;88;0;0.000;0.000;0.000;0.000;0.000;0.000;0.0;0.0;0;14;0.000;0.000;11.2;0;0.0;0;0;0;0;0;99;0;0;4958;0.00;0;0;0;0;0;0;0;0;0;0;0;0;0;0;0;0;14;0;99.0;99.0;0;0;0.00;0.00;0.00;0.0;0.0
33.999;43;0;99;0;0.0;19.700;1.340;24;26;0;0;100;0;100;0;0;0;0;88;88;0;0.000;0.000;0.000;0.000;0.000;0.000;0.0;0.0;0;14;0.000;0.000;11.2;0;0.0;0;0;0;0;0;99;0;0;4958;0.00;0;0;0;0;0;0;0;0;0;0;0;0;0;0;0;0;14;0;99.0;99.0;0;0;0.00;0.00;0.00;0.0;0.0
34.064;43;0;99;0;0.0;19.700;1.340;24;26;0;0;100;0;100;0;0;0;0;88;88;0;0.000;0.000;0.000;0.000;0.000;0.000;0.0;0.0;0;14;0.000;0.000;11.2;0;0.0;0;0;0;0;0;99;0;0;4958;0.00;0;0;0;0;0;0;0;0;0;0;0;0;0;0;0;0;14;0;99.0;99.0;0;0;0.00;0.00;0.00;0.0;0.0
34.134;43;0;99;0;0.0;19.700;1.340;24;26;0;0;100;0;100;0;0;0;0;88;88;0;0.000;0.000;0.000;0.000;0.000;0.000;0.0;0.0;0;14;0.000;0.000;11.2;0;0.0;0;0;0;0;0;99;0;0;4958;0.00;0;0;0;0;0;0;0;0;0;0;0;0;0;0;0;0;14;0;99.0;99.0;0;0;0.00;0.00;0.00;0.0;0.0
34.204;43;0;99;0;0.0;19.700;1.340;24;26;0;0;100;0;100;0;0;0;0;88;88;0;0.000;0.000;0.000;0.000;0.000;0.000;0.0;0.0;0;14;0.000;0.000;11.2;0;0.0;0;0;0;0;0;99;0;0;4958;0.00;0;0;0;0;0;0;0;0;0;0;0;0;0;0;0;0;14;0;99.0;99.0;0;0;0.00;0.00;0.00;0.0;0.0
34.269;43;0;99;0;0.0;19.700;1.340;24;26;0;0;100;0;100;0;0;0;0;88;88;0;0.000;0.000;0.000;0.000;0.000;0.000;0.0;0.0;0;14;0.000;0.000;11.2;0;0.0;0;0;0;0;0;99;0;0;4958;0.00;0;0;0;0;0;0;0;0;0;0;0;0;0;0;0;0;14;0;99.0;99.0;0;0;0.00;0.00;0.00;0.0;0.0
34.335;43;0;99;0;0.0;19.700;1.340;24;26;0;0;100;0;100;0;0;0;0;88;88;0;0.000;0.000;0.000;0.000;0.000;0.000;0.0;0.0;0;14;0.000;0.000;11.2;0;0.0;0;0;0;0;0;99;0;0;4958;0.00;0;0;0;0;0;0;0;0;0;0;0;0;0;0;0;0;14;0;99.0;99.0;0;0;0.00;0.00;0.00;0.0;0.0
34.402;43;0;98;0;0.0;19.700;1.340;24;26;0;0;100;0;100;0;0;0;0;88;88;0;0.000;0.000;0.000;0.000;0.000;0.000;0.0;0.0;0;15;0.000;0.000;11.2;0;-0.1;0;0;0;0;0;99;0;0;4958;0.00;0;0;0;0;0;0;0;0;0;0;0;0;0;0;0;0;15;0;98.0;98.0;0;0;0.00;0.00;0.00;0.0;0.0
34.470;44;0;99;0;0.0;19.700;1.340;24;26;0;0;100;0;100;0;0;0;0;88;88;0;0.000;0.000;0.000;0.000;0.000;0.000;0.0;0.0;0;14;0.000;0.000;11.2;0;0.0;0;0;0;0;0;99;0;0;4984;0.00;0;0;0;0;0;0;0;0;0;0;0;0;0;0;0;0;14;0;99.0;99.0;0;0;0.00;0.00;0.00;0.0;0.0
34.536;44;0;99;0;0.0;19.700;1.340;24;26;0;0;100;0;100;0;0;0;0;88;88;0;0.000;0.000;0.000;0.000;0.000;0.000;0.0;0.0;0;14;0.000;0.000;11.2;0;0.0;0;0;0;0;0;99;0;0;4984;0.00;0;0;0;0;0;0;0;0;0;0;0;0;0;0;0;0;14;0;99.0;99.0;0;0;0.00;0.00;0.00;0.0;0.0
34.603;44;0;98;0;0.0;19.700;1.340;24;26;0;0;100;0;100;0;0;0;0;88;88;0;0.000;0.000;0.000;0.000;0.000;0.000;0.0;0.0;0;15;0.000;0.000;11.2;0;-0.1;0;0;0;0;0;99;0;0;4984;0.00;0;0;0;0;0;0;0;0;0;0;0;0;0;0;0;0;15;0;98.0;98.0;0;0;0.00;0.00;0.00;0.0;0.0
34.667;44;0;99;0;0.0;19.700;1.340;24;26;0;0;100;0;100;0;0;0;0;88;88;0;0.000;0.000;0.000;0.000;0.000;0.000;0.0;0.0;0;14;0.000;0.000;11.2;0;0.0;0;0;0;0;0;99;0;0;4984;0.00;0;0;0;0;0;0;0;0;0;0;0;0;0;0;0;0;14;0;99.0;99.0;0;0;0.00;0.00;0.00;0.0;0.0
34.733;44;0;99;0;0.0;19.700;1.340;24;26;0;0;100;0;100;0;0;0;0;88;88;0;0.000;0.000;0.000;0.000;0.000;0.000;0.0;0.0;0;14;0.000;0.000;11.2;0;0.0;0;0;0;0;0;99;0;0;4984;0.00;0;0;0;0;0;0;0;0;0;0;0;0;0;0;0;0;14;0;99.0;99.0;0;0;0.00;0.00;0.00;0.0;0.0
34.802;44;0;99;0;0.0;19.700;1.340;24;26;0;0;100;0;100;0;0;0;0;88;88;0;0.000;0.000;0.000;0.000;0.000;0.000;0.0;0.0;0;14;0.000;0.000;11.2;0;0.0;0;0;0;0;0;99;0;0;4984;0.00;0;0;0;0;0;0;0;0;0;0;0;0;0;0;0;0;14;0;99.0;99.0;0;0;0.00;0.00;0.00;0.0;0.0
34.869;44;0;99;0;0.0;19.700;1.340;24;26;0;0;100;0;100;0;0;0;0;88;88;0;0.000;0.000;0.000;0.000;0.000;0.000;0.0;0.0;0;14;0.000;0.000;11.2;0;0.0;0;0;0;0;0;99;0;0;4984;0.00;0;0;0;0;0;0;0;0;0;0;0;0;0;0;0;0;14;0;99.0;99.0;0;0;0.00;0.00;0.00;0.0;0.0
34.937;44;0;99;0;0.0;19.700;1.340;24;26;0;0;100;0;100;0;0;0;0;88;88;0;0.000;0.000;0.000;0.000;0.000;0.000;0.0;0.0;0;14;0.000;0.000;11.2;0;0.0;0;0;0;0;0;99;0;0;4984;0.00;0;0;0;0;0;0;0;0;0;0;0;0;0;0;0;0;14;0;99.0;99.0;0;0;0.00;0.00;0.00;0.0;0.0
35.003;44;0;99;0;0.0;19.700;1.340;24;26;0;0;100;0;100;0;0;0;0;88;88;0;0.000;0.000;0.000;0.000;0.000;0.000;0.0;0.0;0;14;0.000;0.000;11.2;0;0.0;0;0;0;0;0;99;0;0;4984;0.00;0;0;0;0;0;0;0;0;0;0;0;0;0;0;0;0;14;0;99.0;99.0;0;0;0.00;0.00;0.00;0.0;0.0
35.070;44;0;99;0;0.0;19.700;1.340;24;26;0;0;100;0;100;0;0;0;0;88;88;0;0.000;0.000;0.000;0.000;0.000;0.000;0.0;0.0;0;14;0.000;0.000;11.2;0;0.0;0;0;0;0;0;99;0;0;4984;0.00;0;0;0;0;0;0;0;0;0;0;0;0;0;0;0;0;14;0;99.0;99.0;0;0;0.00;0.00;0.00;0.0;0.0
35.138;44;0;99;0;0.0;19.700;1.340;24;26;0;0;100;0;100;0;0;0;0;88;88;0;0.000;0.000;0.000;0.000;0.000;0.000;0.0;0.0;0;14;0.000;0.000;11.2;0;0.0;0;0;0;0;0;99;0;0;4984;0.00;0;0;0;0;0;0;0;0;0;0;0;0;0;0;0;0;14;0;99.0;99.0;0;0;0.00;0.00;0.00;0.0;0.0
35.203;44;0;99;0;0.0;19.700;1.340;24;26;0;0;100;0;100;0;0;0;0;88;88;0;0.000;0.000;0.000;0.000;0.000;0.000;0.0;0.0;0;14;0.000;0.000;11.2;0;0.0;0;0;0;0;0;99;0;0;4984;0.00;0;0;0;0;0;0;0;0;0;0;0;0;0;0;0;0;14;0;99.0;99.0;0;0;0.00;0.00;0.00;0.0;0.0
35.270;44;0;99;0;0.0;19.700;1.340;24;26;0;0;100;0;100;0;0;0;0;88;88;0;0.000;0.000;0.000;0.000;0.000;0.000;0.0;0.0;0;14;0.000;0.000;11.2;0;0.0;0;0;0;0;0;99;0;0;4984;0.00;0;0;0;0;0;0;0;0;0;0;0;0;0;0;0;0;14;0;99.0;99.0;0;0;0.00;0.00;0.00;0.0;0.0
35.334;44;0;99;0;0.0;19.700;1.340;24;26;0;0;100;0;100;0;0;0;0;88;88;0;0.000;0.000;0.000;0.000;0.000;0.000;0.0;0.0;0;14;0.000;0.000;11.2;0;0.0;0;0;0;0;0;99;0;0;4984;0.00;0;0;0;0;0;0;0;0;0;0;0;0;0;0;0;0;14;0;99.0;99.0;0;0;0.00;0.00;0.00;0.0;0.0
35.401;44;0;99;0;0.0;19.700;1.340;24;26;0;0;100;0;100;0;0;0;0;88;88;0;0.000;0.000;0.000;0.000;0.000;0.000;0.0;0.0;0;14;0.000;0.000;11.2;0;0.0;0;0;0;0;0;99;0;0;4984;0.00;0;0;0;0;0;0;0;0;0;0;0;0;0;0;0;0;14;0;99.0;99.0;0;0;0.00;0.00;0.00;0.0;0.0
35.469;45;0;99;0;0.0;19.700;1.340;24;26;0;0;100;0;100;0;0;0;0;88;88;0;0.000;0.000;0.000;0.000;0.000;0.000;0.0;0.0;0;14;0.000;0.000;11.2;0;0.0;0;0;0;0;0;99;0;0;4981;0.00;0;0;0;0;0;0;0;0;0;0;0;0;0;0;0;0;14;0;99.0;99.0;0;0;0.00;0.00;0.00;0.0;0.0
35.536;45;0;99;0;0.0;19.700;1.340;24;26;0;0;100;0;100;0;0;0;0;88;88;0;0.000;0.000;0.000;0.000;0.000;0.000;0.0;0.0;0;14;0.000;0.000;11.2;0;0.0;0;0;0;0;0;99;0;0;4981;0.00;0;0;0;0;0;0;0;0;0;0;0;0;0;0;0;0;14;0;99.0;99.0;0;0;0.00;0.00;0.00;0.0;0.0
35.601;45;0;99;0;0.0;19.700;1.340;24;26;0;0;100;0;100;0;0;0;0;88;88;0;0.000;0.000;0.000;0.000;0.000;0.000;0.0;0.0;0;14;0.000;0.000;11.2;0;0.0;0;0;0;0;0;99;0;0;4981;0.00;0;0;0;0;0;0;0;0;0;0;0;0;0;0;0;0;14;0;99.0;99.0;0;0;0.00;0.00;0.00;0.0;0.0
35.666;45;0;99;0;0.0;19.700;1.340;24;26;0;0;100;0;100;0;0;0;0;88;88;0;0.000;0.000;0.000;0.000;0.000;0.000;0.0;0.0;0;14;0.000;0.000;11.2;0;0.0;0;0;0;0;0;99;0;0;4981;0.00;0;0;0;0;0;0;0;0;0;0;0;0;0;0;0;0;14;0;99.0;99.0;0;0;0.00;0.00;0.00;0.0;0.0
35.736;45;0;99;0;0.0;19.700;1.340;24;26;0;0;100;0;100;0;0;0;0;88;88;0;0.000;0.000;0.000;0.000;0.000;0.000;0.0;0.0;0;14;0.000;0.000;11.2;0;0.0;0;0;0;0;0;99;0;0;4981;0.00;0;0;0;0;0;0;0;0;0;0;0;0;0;0;0;0;14;0;99.0;99.0;0;0;0.00;0.00;0.00;0.0;0.0
35.802;45;0;99;0;0.0;19.700;1.340;24;26;0;0;100;0;100;0;0;0;0;88;88;0;0.000;0.000;0.000;0.000;0.000;0.000;0.0;0.0;0;14;0.000;0.000;11.2;0;0.0;0;0;0;0;0;99;0;0;4981;0.00;0;0;0;0;0;0;0;0;0;0;0;0;0;0;0;0;14;0;99.0;99.0;0;0;0.00;0.00;0.00;0.0;0.0
35.872;45;0;99;0;0.0;19.700;1.340;24;26;0;0;100;0;100;0;0;0;0;88;88;0;0.000;0.000;0.000;0.000;0.000;0.000;0.0;0.0;0;14;0.000;0.000;11.2;0;0.0;0;0;0;0;0;99;0;0;4981;0.00;0;0;0;0;0;0;0;0;0;0;0;0;0;0;0;0;14;0;99.0;99.0;0;0;0.00;0.00;0.00;0.0;0.0
35.936;45;0;99;0;0.0;19.700;1.340;24;26;0;0;100;0;100;0;0;0;0;88;88;0;0.000;0.000;0.000;0.000;0.000;0.000;0.0;0.0;0;14;0.000;0.000;11.2;0;0.0;0;0;0;0;0;99;0;0;4981;0.00;0;0;0;0;0;0;0;0;0;0;0;0;0;0;0;0;14;0;99.0;99.0;0;0;0.00;0.00;0.00;0.0;0.0
36.002;45;0;99;0;0.0;19.700;1.340;24;26;0;0;100;0;100;0;0;0;0;88;88;0;0.000;0.000;0.000;0.000;0.000;0.000;0.0;0.0;0;14;0.000;0.000;11.2;0;0.0;0;0;0;0;0;99;0;0;4981;0.00;0;0;0;0;0;0;0;0;0;0;0;0;0;0;0;0;14;0;99.0;99.0;0;0;0.00;0.00;0.00;0.0;0.0
36.068;45;0;99;0;0.0;19.700;1.340;24;26;0;0;100;0;100;0;0;0;0;88;88;0;0.000;0.000;0.000;0.000;0.000;0.000;0.0;0.0;0;14;0.000;0.000;11.2;0;0.0;0;0;0;0;0;99;0;0;4981;0.00;0;0;0;0;0;0;0;0;0;0;0;0;0;0;0;0;14;0;99.0;99.0;0;0;0.00;0.00;0.00;0.0;0.0
36.133;45;0;99;0;0.0;19.700;1.340;24;26;0;0;100;0;100;0;0;0;0;88;88;0;0.000;0.000;0.000;0.000;0.000;0.000;0.0;0.0;0;14;0.000;0.000;11.2;0;0.0;0;0;0;0;0;99;0;0;4981;0.00;0;0;0;0;0;0;0;0;0;0;0;0;0;0;0;0;14;0;99.0;99.0;0;0;0.00;0.00;0.00;0.0;0.0
36.203;45;0;99;0;0.0;19.700;1.340;24;26;0;0;100;0;100;0;0;0;0;88;88;0;0.000;0.000;0.000;0.000;0.000;0.000;0.0;0.0;0;14;0.000;0.000;11.2;0;0.0;0;0;0;0;0;99;0;0;4981;0.00;0;0;0;0;0;0;0;0;0;0;0;0;0;0;0;0;14;0;99.0;99.0;0;0;0.00;0.00;0.00;0.0;0.0
36.268;45;0;99;0;0.0;19.700;1.340;24;26;0;0;100;0;100;0;0;0;0;88;88;0;0.000;0.000;0.000;0.000;0.000;0.000;0.0;0.0;0;14;0.000;0.000;11.2;0;0.0;0;0;0;0;0;99;0;0;4981;0.00;0;0;0;0;0;0;0;0;0;0;0;0;0;0;0;0;14;0;99.0;99.0;0;0;0.00;0.00;0.00;0.0;0.0
36.334;45;0;99;0;0.0;19.700;1.340;24;26;0;0;100;0;100;0;0;0;0;88;88;0;0.000;0.000;0.000;0.000;0.000;0.000;0.0;0.0;0;14;0.000;0.000;11.2;0;0.0;0;0;0;0;0;99;0;0;4981;0.00;0;0;0;0;0;0;0;0;0;0;0;0;0;0;0;0;14;0;99.0;99.0;0;0;0.00;0.00;0.00;0.0;0.0
36.399;45;0;99;0;0.0;19.700;1.340;24;26;0;0;100;0;100;0;0;0;0;88;88;0;0.000;0.000;0.000;0.000;0.000;0.000;0.0;0.0;0;14;0.000;0.000;11.2;0;0.0;0;0;0;0;0;99;0;0;4981;0.00;0;0;0;0;0;0;0;0;0;0;0;0;0;0;0;0;14;0;99.0;99.0;0;0;0.00;0.00;0.00;0.0;0.0
36.470;46;0;99;0;0.0;19.700;1.340;24;26;0;0;100;0;100;0;0;0;0;88;88;0;0.000;0.000;0.000;0.000;0.000;0.000;0.0;0.0;0;14;0.000;0.000;11.2;0;0.0;0;0;0;0;0;99;0;0;4980;0.00;0;0;0;0;0;0;0;0;0;0;0;0;0;0;0;0;14;0;99.0;99.0;0;0;0.00;0.00;0.00;0.0;0.0
36.535;46;0;99;0;0.0;19.700;1.340;24;26;0;0;100;0;100;0;0;0;0;88;88;0;0.000;0.000;0.000;0.000;0.000;0.000;0.0;0.0;0;14;0.000;0.000;11.2;0;0.0;0;0;0;0;0;99;0;0;4980;0.00;0;0;0;0;0;0;0;0;0;0;0;0;0;0;0;0;14;0;99.0;99.0;0;0;0.00;0.00;0.00;0.0;0.0
36.604;46;0;99;0;0.0;19.700;1.340;24;26;0;0;100;0;100;0;0;0;0;88;88;0;0.000;0.000;0.000;0.000;0.000;0.000;0.0;0.0;0;14;0.000;0.000;11.2;0;0.0;0;0;0;0;0;99;0;0;4980;0.00;0;0;0;0;0;0;0;0;0;0;0;0;0;0;0;0;14;0;99.0;99.0;0;0;0.00;0.00;0.00;0.0;0.0
36.670;46;0;99;0;0.0;19.700;1.340;24;26;0;0;100;0;100;0;0;0;0;88;88;0;0.000;0.000;0.000;0.000;0.000;0.000;0.0;0.0;0;14;0.000;0.000;11.2;0;0.0;0;0;0;0;0;99;0;0;4980;0.00;0;0;0;0;0;0;0;0;0;0;0;0;0;0;0;0;14;0;99.0;99.0;0;0;0.00;0.00;0.00;0.0;0.0
36.736;46;0;99;0;0.0;19.700;1.340;24;26;0;0;100;0;100;0;0;0;0;88;88;0;0.000;0.000;0.000;0.000;0.000;0.000;0.0;0.0;0;14;0.000;0.000;11.2;0;0.0;0;0;0;0;0;99;0;0;4980;0.00;0;0;0;0;0;0;0;0;0;0;0;0;0;0;0;0;14;0;99.0;99.0;0;0;0.00;0.00;0.00;0.0;0.0
36.805;46;0;99;0;0.0;19.700;1.340;24;26;0;0;100;0;100;0;0;0;0;88;88;0;0.000;0.000;0.000;0.000;0.000;0.000;0.0;0.0;0;14;0.000;0.000;11.2;0;0.0;0;0;0;0;0;99;0;0;4980;0.00;0;0;0;0;0;0;0;0;0;0;0;0;0;0;0;0;14;0;99.0;99.0;0;0;0.00;0.00;0.00;0.0;0.0
36.870;46;0;99;0;0.0;19.700;1.340;24;26;0;0;100;0;100;0;0;0;0;88;88;0;0.000;0.000;0.000;0.000;0.000;0.000;0.0;0.0;0;14;0.000;0.000;11.2;0;0.0;0;0;0;0;0;99;0;0;4980;0.00;0;0;0;0;0;0;0;0;0;0;0;0;0;0;0;0;14;0;99.0;99.0;0;0;0.00;0.00;0.00;0.0;0.0
36.938;46;0;99;0;0.0;19.700;1.340;24;26;0;0;100;0;100;0;0;0;0;88;88;0;0.000;0.000;0.000;0.000;0.000;0.000;0.0;0.0;0;14;0.000;0.000;11.2;0;0.0;0;0;0;0;0;99;0;0;4980;0.00;0;0;0;0;0;0;0;0;0;0;0;0;0;0;0;0;14;0;99.0;99.0;0;0;0.00;0.00;0.00;0.0;0.0
37.005;46;0;99;0;0.0;19.700;1.340;24;26;0;0;100;0;100;0;0;0;0;88;88;0;0.000;0.000;0.000;0.000;0.000;0.000;0.0;0.0;0;14;0.000;0.000;11.2;0;0.0;0;0;0;0;0;99;0;0;4980;0.00;0;0;0;0;0;0;0;0;0;0;0;0;0;0;0;0;14;0;99.0;99.0;0;0;0.00;0.00;0.00;0.0;0.0
37.072;46;0;99;0;0.0;19.700;1.340;24;26;0;0;100;0;100;0;0;0;0;88;88;0;0.000;0.000;0.000;0.000;0.000;0.000;0.0;0.0;0;14;0.000;0.000;11.2;0;0.0;0;0;0;0;0;99;0;0;4980;0.00;0;0;0;0;0;0;0;0;0;0;0;0;0;0;0;0;14;0;99.0;99.0;0;0;0.00;0.00;0.00;0.0;0.0
37.138;46;0;99;0;0.0;19.700;1.340;24;26;0;0;100;0;100;0;0;0;0;88;88;0;0.000;0.000;0.000;0.000;0.000;0.000;0.0;0.0;0;14;0.000;0.000;11.2;0;0.0;0;0;0;0;0;99;0;0;4980;0.00;0;0;0;0;0;0;0;0;0;0;0;0;0;0;0;0;14;0;99.0;99.0;0;0;0.00;0.00;0.00;0.0;0.0
37.203;46;0;99;0;0.0;19.700;1.340;24;26;0;0;100;0;100;0;0;0;0;88;88;0;0.000;0.000;0.000;0.000;0.000;0.000;0.0;0.0;0;14;0.000;0.000;11.2;0;0.0;0;0;0;0;0;99;0;0;4980;0.00;0;0;0;0;0;0;0;0;0;0;0;0;0;0;0;0;14;0;99.0;99.0;0;0;0.00;0.00;0.00;0.0;0.0
37.272;46;0;99;0;0.0;19.700;1.340;24;26;0;0;100;0;100;0;0;0;0;88;88;0;0.000;0.000;0.000;0.000;0.000;0.000;0.0;0.0;0;14;0.000;0.000;11.2;0;0.0;0;0;0;0;0;99;0;0;4980;0.00;0;0;0;0;0;0;0;0;0;0;0;0;0;0;0;0;14;0;99.0;99.0;0;0;0.00;0.00;0.00;0.0;0.0
37.338;46;0;99;0;0.0;19.700;1.340;24;26;0;0;100;0;100;0;0;0;0;88;88;0;0.000;0.000;0.000;0.000;0.000;0.000;0.0;0.0;0;14;0.000;0.000;11.2;0;0.0;0;0;0;0;0;99;0;0;4980;0.00;0;0;0;0;0;0;0;0;0;0;0;0;0;0;0;0;14;0;99.0;99.0;0;0;0.00;0.00;0.00;0.0;0.0
37.403;46;0;99;0;0.0;19.700;1.340;24;26;0;0;100;0;100;0;0;0;0;88;88;0;0.000;0.000;0.000;0.000;0.000;0.000;0.0;0.0;0;14;0.000;0.000;11.2;0;0.0;0;0;0;0;0;99;0;0;4980;0.00;0;0;0;0;0;0;0;0;0;0;0;0;0;0;0;0;14;0;99.0;99.0;0;0;0.00;0.00;0.00;0.0;0.0
37.468;46;0;99;0;0.0;19.700;1.340;24;26;0;0;100;0;100;0;0;0;0;88;88;0;0.000;0.000;0.000;0.000;0.000;0.000;0.0;0.0;0;14;0.000;0.000;11.2;0;0.0;0;0;0;0;0;99;0;0;4980;0.00;0;0;0;0;0;0;0;0;0;0;0;0;0;0;0;0;14;0;99.0;99.0;0;0;0.00;0.00;0.00;0.0;0.0
37.534;47;0;99;0;0.0;19.700;1.340;24;26;0;0;100;0;100;0;0;0;0;88;88;0;0.000;0.000;0.000;0.000;0.000;0.000;0.0;0.0;0;14;0.000;0.000;11.2;0;0.0;0;0;0;0;0;99;0;0;4972;0.00;0;0;0;0;0;0;0;0;0;0;0;0;0;0;0;0;14;0;99.0;99.0;0;0;0.00;0.00;0.00;0.0;0.0
37.603;47;0;99;0;0.0;19.700;1.340;24;26;0;0;100;0;100;0;0;0;0;88;88;0;0.000;0.000;0.000;0.000;0.000;0.000;0.0;0.0;0;14;0.000;0.000;11.2;0;0.0;0;0;0;0;0;99;0;0;4972;0.00;0;0;0;0;0;0;0;0;0;0;0;0;0;0;0;0;14;0;99.0;99.0;0;0;0.00;0.00;0.00;0.0;0.0
37.670;47;0;99;0;0.0;19.700;1.340;24;26;0;0;100;0;100;0;0;0;0;88;88;0;0.000;0.000;0.000;0.000;0.000;0.000;0.0;0.0;0;14;0.000;0.000;11.2;0;0.0;0;0;0;0;0;99;0;0;4972;0.00;0;0;0;0;0;0;0;0;0;0;0;0;0;0;0;0;14;0;99.0;99.0;0;0;0.00;0.00;0.00;0.0;0.0
37.735;47;0;99;0;0.0;19.700;1.340;24;26;0;0;100;0;100;0;0;0;0;88;88;0;0.000;0.000;0.000;0.000;0.000;0.000;0.0;0.0;0;14;0.000;0.000;11.2;0;0.0;0;0;0;0;0;99;0;0;4972;0.00;0;0;0;0;0;0;0;0;0;0;0;0;0;0;0;0;14;0;99.0;99.0;0;0;0.00;0.00;0.00;0.0;0.0
37.801;47;0;99;0;0.0;19.700;1.340;24;26;0;0;100;0;100;0;0;0;0;88;88;0;0.000;0.000;0.000;0.000;0.000;0.000;0.0;0.0;0;14;0.000;0.000;11.2;0;0.0;0;0;0;0;0;99;0;0;4972;0.00;0;0;0;0;0;0;0;0;0;0;0;0;0;0;0;0;14;0;99.0;99.0;0;0;0.00;0.00;0.00;0.0;0.0
37.869;47;0;99;0;0.0;19.700;1.340;24;26;0;0;100;0;100;0;0;0;0;88;88;0;0.000;0.000;0.000;0.000;0.000;0.000;0.0;0.0;0;14;0.000;0.000;11.2;0;0.0;0;0;0;0;0;99;0;0;4972;0.00;0;0;0;0;0;0;0;0;0;0;0;0;0;0;0;0;14;0;99.0;99.0;0;0;0.00;0.00;0.00;0.0;0.0
37.935;47;0;99;0;0.0;19.700;1.340;24;26;0;0;100;0;100;0;0;0;0;88;88;0;0.000;0.000;0.000;0.000;0.000;0.000;0.0;0.0;0;14;0.000;0.000;11.2;0;0.0;0;0;0;0;0;99;0;0;4972;0.00;0;0;0;0;0;0;0;0;0;0;0;0;0;0;0;0;14;0;99.0;99.0;0;0;0.00;0.00;0.00;0.0;0.0
38.005;47;0;99;0;0.0;19.700;1.340;24;26;0;0;100;0;100;0;0;0;0;88;88;0;0.000;0.000;0.000;0.000;0.000;0.000;0.0;0.0;0;14;0.000;0.000;11.2;0;0.0;0;0;0;0;0;99;0;0;4972;0.00;0;0;0;0;0;0;0;0;0;0;0;0;0;0;0;0;14;0;99.0;99.0;0;0;0.00;0.00;0.00;0.0;0.0
38.071;47;0;99;0;0.0;19.700;1.340;24;26;0;0;100;0;100;0;0;0;0;88;88;0;0.000;0.000;0.000;0.000;0.000;0.000;0.0;0.0;0;14;0.000;0.000;11.2;0;0.0;0;0;0;0;0;99;0;0;4972;0.00;0;0;0;0;0;0;0;0;0;0;0;0;0;0;0;0;14;0;99.0;99.0;0;0;0.00;0.00;0.00;0.0;0.0
38.136;47;0;99;0;0.0;19.700;1.340;24;26;0;0;100;0;100;0;0;0;0;88;88;0;0.000;0.000;0.000;0.000;0.000;0.000;0.0;0.0;0;14;0.000;0.000;11.2;0;0.0;0;0;0;0;0;99;0;0;4972;0.00;0;0;0;0;0;0;0;0;0;0;0;0;0;0;0;0;14;0;99.0;99.0;0;0;0.00;0.00;0.00;0.0;0.0
38.202;47;0;99;0;0.0;19.700;1.340;24;26;0;0;100;0;100;0;0;0;0;88;88;0;0.000;0.000;0.000;0.000;0.000;0.000;0.0;0.0;0;14;0.000;0.000;11.2;0;0.0;0;0;0;0;0;99;0;0;4972;0.00;0;0;0;0;0;0;0;0;0;0;0;0;0;0;0;0;14;0;99.0;99.0;0;0;0.00;0.00;0.00;0.0;0.0
38.267;47;0;99;0;0.0;19.700;1.340;24;26;0;0;100;0;100;0;0;0;0;88;88;0;0.000;0.000;0.000;0.000;0.000;0.000;0.0;0.0;0;14;0.000;0.000;11.2;0;0.0;0;0;0;0;0;99;0;0;4972;0.00;0;0;0;0;0;0;0;0;0;0;0;0;0;0;0;0;14;0;99.0;99.0;0;0;0.00;0.00;0.00;0.0;0.0
38.333;47;0;99;0;0.0;19.700;1.340;24;26;0;0;100;0;100;0;0;0;0;88;88;0;0.000;0.000;0.000;0.000;0.000;0.000;0.0;0.0;0;14;0.000;0.000;11.2;0;0.0;0;0;0;0;0;99;0;0;4972;0.00;0;0;0;0;0;0;0;0;0;0;0;0;0;0;0;0;14;0;99.0;99.0;0;0;0.00;0.00;0.00;0.0;0.0
38.402;47;0;99;0;0.0;19.700;1.340;24;26;0;0;100;0;100;0;0;0;0;88;88;0;0.000;0.000;0.000;0.000;0.000;0.000;0.0;0.0;0;14;0.000;0.000;11.2;0;0.0;0;0;0;0;0;99;0;0;4972;0.00;0;0;0;0;0;0;0;0;0;0;0;0;0;0;0;0;14;0;99.0;99.0;0;0;0.00;0.00;0.00;0.0;0.0
38.469;47;0;99;0;0.0;19.700;1.340;24;26;0;0;100;0;100;0;0;0;0;88;88;0;0.000;0.000;0.000;0.000;0.000;0.000;0.0;0.0;0;14;0.000;0.000;11.2;0;0.0;0;0;0;0;0;99;0;0;4972;0.00;0;0;0;0;0;0;0;0;0;0;0;0;0;0;0;0;14;0;99.0;99.0;0;0;0.00;0.00;0.00;0.0;0.0
38.537;48;0;99;0;0.0;19.700;1.340;24;26;0;0;100;0;100;0;0;0;0;88;88;0;0.000;0.000;0.000;0.000;0.000;0.000;0.0;0.0;0;14;0.000;0.000;11.2;0;0.0;0;0;0;0;0;99;0;0;4990;0.00;0;0;0;0;0;0;0;0;0;0;0;0;0;0;0;0;14;0;99.0;99.0;0;0;0.00;0.00;0.00;0.0;0.0
38.604;48;0;99;0;0.0;19.700;1.340;24;26;0;0;100;0;100;0;0;0;0;88;88;0;0.000;0.000;0.000;0.000;0.000;0.000;0.0;0.0;0;14;0.000;0.000;11.2;0;0.0;0;0;0;0;0;99;0;0;4990;0.00;0;0;0;0;0;0;0;0;0;0;0;0;0;0;0;0;14;0;99.0;99.0;0;0;0.00;0.00;0.00;0.0;0.0
38.670;48;0;99;0;0.0;19.700;1.340;24;26;0;0;100;0;100;0;0;0;0;88;88;0;0.000;0.000;0.000;0.000;0.000;0.000;0.0;0.0;0;14;0.000;0.000;11.2;0;0.0;0;0;0;0;0;99;0;0;4990;0.00;0;0;0;0;0;0;0;0;0;0;0;0;0;0;0;0;14;0;99.0;99.0;0;0;0.00;0.00;0.00;0.0;0.0
38.739;48;0;99;0;0.0;19.700;1.340;24;26;0;0;100;0;100;0;0;0;0;88;88;0;0.000;0.000;0.000;0.000;0.000;0.000;0.0;0.0;0;14;0.000;0.000;11.2;0;0.0;0;0;0;0;0;99;0;0;4990;0.00;0;0;0;0;0;0;0;0;0;0;0;0;0;0;0;0;14;0;99.0;99.0;0;0;0.00;0.00;0.00;0.0;0.0
38.805;48;0;99;0;0.0;19.700;1.340;24;26;0;0;100;0;100;0;0;0;0;88;88;0;0.000;0.000;0.000;0.000;0.000;0.000;0.0;0.0;0;14;0.000;0.000;11.2;0;0.0;0;0;0;0;0;99;0;0;4990;0.00;0;0;0;0;0;0;0;0;0;0;0;0;0;0;0;0;14;0;99.0;99.0;0;0;0.00;0.00;0.00;0.0;0.0
38.869;48;0;99;0;0.0;19.700;1.340;24;26;0;0;100;0;100;0;0;0;0;88;88;0;0.000;0.000;0.000;0.000;0.000;0.000;0.0;0.0;0;14;0.000;0.000;11.2;0;0.0;0;0;0;0;0;99;0;0;4990;0.00;0;0;0;0;0;0;0;0;0;0;0;0;0;0;0;0;14;0;99.0;99.0;0;0;0.00;0.00;0.00;0.0;0.0
38.937;48;0;99;0;0.0;19.700;1.340;24;26;0;0;100;0;100;0;0;0;0;88;88;0;0.000;0.000;0.000;0.000;0.000;0.000;0.0;0.0;0;14;0.000;0.000;11.2;0;0.0;0;0;0;0;0;99;0;0;4990;0.00;0;0;0;0;0;0;0;0;0;0;0;0;0;0;0;0;14;0;99.0;99.0;0;0;0.00;0.00;0.00;0.0;0.0
39.005;48;0;99;0;0.0;19.700;1.340;24;26;0;0;100;0;100;0;0;0;0;88;88;0;0.000;0.000;0.000;0.000;0.000;0.000;0.0;0.0;0;14;0.000;0.000;11.2;0;0.0;0;0;0;0;0;99;0;0;4990;0.00;0;0;0;0;0;0;0;0;0;0;0;0;0;0;0;0;14;0;99.0;99.0;0;0;0.00;0.00;0.00;0.0;0.0
39.069;48;0;99;0;0.0;19.700;1.340;24;26;0;0;100;0;100;0;0;0;0;88;88;0;0.000;0.000;0.000;0.000;0.000;0.000;0.0;0.0;0;14;0.000;0.000;11.2;0;0.0;0;0;0;0;0;99;0;0;4990;0.00;0;0;0;0;0;0;0;0;0;0;0;0;0;0;0;0;14;0;99.0;99.0;0;0;0.00;0.00;0.00;0.0;0.0
39.135;48;0;99;0;0.0;19.700;1.340;24;26;0;0;100;0;100;0;0;0;0;88;88;0;0.000;0.000;0.000;0.000;0.000;0.000;0.0;0.0;0;14;0.000;0.000;11.2;0;0.0;0;0;0;0;0;99;0;0;4990;0.00;0;0;0;0;0;0;0;0;0;0;0;0;0;0;0;0;14;0;99.0;99.0;0;0;0.00;0.00;0.00;0.0;0.0
39.202;48;0;99;0;0.0;19.700;1.340;24;26;0;0;100;0;100;0;0;0;0;88;88;0;0.000;0.000;0.000;0.000;0.000;0.000;0.0;0.0;0;14;0.000;0.000;11.2;0;0.0;0;0;0;0;0;99;0;0;4990;0.00;0;0;0;0;0;0;0;0;0;0;0;0;0;0;0;0;14;0;99.0;99.0;0;0;0.00;0.00;0.00;0.0;0.0
39.267;48;0;99;0;0.0;19.700;1.340;24;26;0;0;100;0;100;0;0;0;0;88;88;0;0.000;0.000;0.000;0.000;0.000;0.000;0.0;0.0;0;14;0.000;0.000;11.2;0;0.0;0;0;0;0;0;99;0;0;4990;0.00;0;0;0;0;0;0;0;0;0;0;0;0;0;0;0;0;14;0;99.0;99.0;0;0;0.00;0.00;0.00;0.0;0.0
39.336;48;0;99;0;0.0;19.700;1.340;24;26;0;0;100;0;100;0;0;0;0;88;88;0;0.000;0.000;0.000;0.000;0.000;0.000;0.0;0.0;0;14;0.000;0.000;11.2;0;0.0;0;0;0;0;0;99;0;0;4990;0.00;0;0;0;0;0;0;0;0;0;0;0;0;0;0;0;0;14;0;99.0;99.0;0;0;0.00;0.00;0.00;0.0;0.0
39.401;48;0;99;0;0.0;19.700;1.340;24;26;0;0;100;0;100;0;0;0;0;88;88;0;0.000;0.000;0.000;0.000;0.000;0.000;0.0;0.0;0;14;0.000;0.000;11.2;0;0.0;0;0;0;0;0;99;0;0;4990;0.00;0;0;0;0;0;0;0;0;0;0;0;0;0;0;0;0;14;0;99.0;99.0;0;0;0.00;0.00;0.00;0.0;0.0
39.469;48;0;99;0;0.0;19.700;1.340;24;26;0;0;100;0;100;0;0;0;0;88;88;0;0.000;0.000;0.000;0.000;0.000;0.000;0.0;0.0;0;14;0.000;0.000;11.2;0;0.0;0;0;0;0;0;99;0;0;4990;0.00;0;0;0;0;0;0;0;0;0;0;0;0;0;0;0;0;14;0;99.0;99.0;0;0;0.00;0.00;0.00;0.0;0.0
39.537;49;0;99;0;0.0;19.700;1.340;24;26;0;0;100;0;100;0;0;0;0;88;88;0;0.000;0.000;0.000;0.000;0.000;0.000;0.0;0.0;0;14;0.000;0.000;11.2;0;0.0;0;0;0;0;0;99;0;0;4984;0.00;0;0;0;0;0;0;0;0;0;0;0;0;0;0;0;0;14;0;99.0;99.0;0;0;0.00;0.00;0.00;0.0;0.0
39.603;49;0;99;0;0.0;19.700;1.340;24;26;0;0;100;0;100;0;0;0;0;88;88;0;0.000;0.000;0.000;0.000;0.000;0.000;0.0;0.0;0;14;0.000;0.000;11.2;0;0.0;0;0;0;0;0;99;0;0;4984;0.00;0;0;0;0;0;0;0;0;0;0;0;0;0;0;0;0;14;0;99.0;99.0;0;0;0.00;0.00;0.00;0.0;0.0
39.672;49;0;99;0;0.0;19.700;1.340;24;26;0;0;100;0;100;0;0;0;0;88;88;0;0.000;0.000;0.000;0.000;0.000;0.000;0.0;0.0;0;14;0.000;0.000;11.2;0;0.0;0;0;0;0;0;99;0;0;4984;0.00;0;0;0;0;0;0;0;0;0;0;0;0;0;0;0;0;14;0;99.0;99.0;0;0;0.00;0.00;0.00;0.0;0.0
39.739;49;0;99;0;0.0;19.700;1.340;24;26;0;0;100;0;100;0;0;0;0;88;88;0;0.000;0.000;0.000;0.000;0.000;0.000;0.0;0.0;0;14;0.000;0.000;11.2;0;0.0;0;0;0;0;0;99;0;0;4984;0.00;0;0;0;0;0;0;0;0;0;0;0;0;0;0;0;0;14;0;99.0;99.0;0;0;0.00;0.00;0.00;0.0;0.0
39.803;49;0;99;0;0.0;19.700;1.340;24;26;0;0;100;0;100;0;0;0;0;88;88;0;0.000;0.000;0.000;0.000;0.000;0.000;0.0;0.0;0;14;0.000;0.000;11.2;0;0.0;0;0;0;0;0;99;0;0;4984;0.00;0;0;0;0;0;0;0;0;0;0;0;0;0;0;0;0;14;0;99.0;99.0;0;0;0.00;0.00;0.00;0.0;0.0
39.869;49;0;99;0;0.0;19.700;1.340;24;26;0;0;100;0;100;0;0;0;0;88;88;0;0.000;0.000;0.000;0.000;0.000;0.000;0.0;0.0;0;14;0.000;0.000;11.2;0;0.0;0;0;0;0;0;99;0;0;4984;0.00;0;0;0;0;0;0;0;0;0;0;0;0;0;0;0;0;14;0;99.0;99.0;0;0;0.00;0.00;0.00;0.0;0.0
39.935;49;0;99;0;0.0;19.700;1.340;24;26;0;0;100;0;100;0;0;0;0;88;88;0;0.000;0.000;0.000;0.000;0.000;0.000;0.0;0.0;0;14;0.000;0.000;11.2;0;0.0;0;0;0;0;0;99;0;0;4984;0.00;0;0;0;0;0;0;0;0;0;0;0;0;0;0;0;0;14;0;99.0;99.0;0;0;0.00;0.00;0.00;0.0;0.0
40.004;49;0;99;0;0.0;19.700;1.340;24;26;0;0;100;0;100;0;0;0;0;88;88;0;0.000;0.000;0.000;0.000;0.000;0.000;0.0;0.0;0;14;0.000;0.000;11.2;0;0.0;0;0;0;0;0;99;0;0;4984;0.00;0;0;0;0;0;0;0;0;0;0;0;0;0;0;0;0;14;0;99.0;99.0;0;0;0.00;0.00;0.00;0.0;0.0
40.069;49;0;99;0;0.0;19.700;1.340;24;26;0;0;100;0;100;0;0;0;0;88;88;0;0.000;0.000;0.000;0.000;0.000;0.000;0.0;0.0;0;14;0.000;0.000;11.2;0;0.0;0;0;0;0;0;99;0;0;4984;0.00;0;0;0;0;0;0;0;0;0;0;0;0;0;0;0;0;14;0;99.0;99.0;0;0;0.00;0.00;0.00;0.0;0.0
40.136;49;0;99;0;0.0;19.700;1.340;24;26;0;0;100;0;100;0;0;0;0;88;88;0;0.000;0.000;0.000;0.000;0.000;0.000;0.0;0.0;0;14;0.000;0.000;11.2;0;0.0;0;0;0;0;0;99;0;0;4984;0.00;0;0;0;0;0;0;0;0;0;0;0;0;0;0;0;0;14;0;99.0;99.0;0;0;0.00;0.00;0.00;0.0;0.0
40.205;49;0;99;0;0.0;19.700;1.340;24;26;0;0;100;0;100;0;0;0;0;88;88;0;0.000;0.000;0.000;0.000;0.000;0.000;0.0;0.0;0;14;0.000;0.000;11.2;0;0.0;0;0;0;0;0;99;0;0;4984;0.00;0;0;0;0;0;0;0;0;0;0;0;0;0;0;0;0;14;0;99.0;99.0;0;0;0.00;0.00;0.00;0.0;0.0
40.271;49;0;99;0;0.0;19.700;1.340;24;26;0;0;100;0;100;0;0;0;0;88;88;0;0.000;0.000;0.000;0.000;0.000;0.000;0.0;0.0;0;14;0.000;0.000;11.2;0;0.0;0;0;0;0;0;99;0;0;4984;0.00;0;0;0;0;0;0;0;0;0;0;0;0;0;0;0;0;14;0;99.0;99.0;0;0;0.00;0.00;0.00;0.0;0.0
40.337;49;0;99;0;0.0;19.700;1.340;24;26;0;0;100;0;100;0;0;0;0;88;88;0;0.000;0.000;0.000;0.000;0.000;0.000;0.0;0.0;0;14;0.000;0.000;11.2;0;0.0;0;0;0;0;0;99;0;0;4984;0.00;0;0;0;0;0;0;0;0;0;0;0;0;0;0;0;0;14;0;99.0;99.0;0;0;0.00;0.00;0.00;0.0;0.0
40.406;49;0;99;0;0.0;19.700;1.340;24;26;0;0;100;0;100;0;0;0;0;88;88;0;0.000;0.000;0.000;0.000;0.000;0.000;0.0;0.0;0;14;0.000;0.000;11.2;0;0.0;0;0;0;0;0;99;0;0;4984;0.00;0;0;0;0;0;0;0;0;0;0;0;0;0;0;0;0;14;0;99.0;99.0;0;0;0.00;0.00;0.00;0.0;0.0
40.470;49;0;99;0;0.0;19.700;1.340;24;26;0;0;100;0;100;0;0;0;0;88;88;0;0.000;0.000;0.000;0.000;0.000;0.000;0.0;0.0;0;14;0.000;0.000;11.2;0;0.0;0;0;0;0;0;99;0;0;4984;0.00;0;0;0;0;0;0;0;0;0;0;0;0;0;0;0;0;14;0;99.0;99.0;0;0;0.00;0.00;0.00;0.0;0.0
40.536;50;0;99;0;0.0;19.700;1.340;24;26;0;0;100;0;100;0;0;0;0;88;88;0;0.000;0.000;0.000;0.000;0.000;0.000;0.0;0.0;0;14;0.000;0.000;11.2;0;0.0;0;0;0;0;0;99;0;0;4985;0.00;0;0;0;0;0;0;0;0;0;0;0;0;0;0;0;0;14;0;99.0;99.0;0;0;0.00;0.00;0.00;0.0;0.0
40.601;50;0;99;0;0.0;19.700;1.340;24;26;0;0;100;0;100;0;0;0;0;88;88;0;0.000;0.000;0.000;0.000;0.000;0.000;0.0;0.0;0;14;0.000;0.000;11.2;0;0.0;0;0;0;0;0;99;0;0;4985;0.00;0;0;0;0;0;0;0;0;0;0;0;0;0;0;0;0;14;0;99.0;99.0;0;0;0.00;0.00;0.00;0.0;0.0
40.667;50;0;99;0;0.0;19.700;1.340;24;26;0;0;100;0;100;0;0;0;0;88;88;0;0.000;0.000;0.000;0.000;0.000;0.000;0.0;0.0;0;14;0.000;0.000;11.2;0;0.0;0;0;0;0;0;99;0;0;4985;0.00;0;0;0;0;0;0;0;0;0;0;0;0;0;0;0;0;14;0;99.0;99.0;0;0;0.00;0.00;0.00;0.0;0.0
40.733;50;0;98;0;0.0;19.700;1.340;24;26;0;0;100;0;100;0;0;0;0;88;88;0;0.000;0.000;0.000;0.000;0.000;0.000;0.0;0.0;0;15;0.000;0.000;11.2;0;-0.1;0;0;0;0;0;99;0;0;4985;0.00;0;0;0;0;0;0;0;0;0;0;0;0;0;0;0;0;15;0;98.0;98.0;0;0;0.00;0.00;0.00;0.0;0.0
40.802;50;0;99;0;0.0;19.700;1.340;24;26;0;0;100;0;100;0;0;0;0;88;88;0;0.000;0.000;0.000;0.000;0.000;0.000;0.0;0.0;0;14;0.000;0.000;11.2;0;0.0;0;0;0;0;0;99;0;0;4985;0.00;0;0;0;0;0;0;0;0;0;0;0;0;0;0;0;0;14;0;99.0;99.0;0;0;0.00;0.00;0.00;0.0;0.0
40.872;50;0;99;0;0.0;19.700;1.340;24;26;0;0;100;0;100;0;0;0;0;88;88;0;0.000;0.000;0.000;0.000;0.000;0.000;0.0;0.0;0;14;0.000;0.000;11.2;0;0.0;0;0;0;0;0;99;0;0;4985;0.00;0;0;0;0;0;0;0;0;0;0;0;0;0;0;0;0;14;0;99.0;99.0;0;0;0.00;0.00;0.00;0.0;0.0
40.937;50;0;99;0;0.0;19.700;1.340;24;26;0;0;100;0;100;0;0;0;0;88;88;0;0.000;0.000;0.000;0.000;0.000;0.000;0.0;0.0;0;14;0.000;0.000;11.2;0;0.0;0;0;0;0;0;99;0;0;4985;0.00;0;0;0;0;0;0;0;0;0;0;0;0;0;0;0;0;14;0;99.0;99.0;0;0;0.00;0.00;0.00;0.0;0.0
41.004;50;0;99;0;0.0;19.700;1.340;24;26;0;0;100;0;100;0;0;0;0;88;88;0;0.000;0.000;0.000;0.000;0.000;0.000;0.0;0.0;0;14;0.000;0.000;11.2;0;0.0;0;0;0;0;0;99;0;0;4985;0.00;0;0;0;0;0;0;0;0;0;0;0;0;0;0;0;0;14;0;99.0;99.0;0;0;0.00;0.00;0.00;0.0;0.0
41.069;50;0;99;0;0.0;19.700;1.340;24;26;0;0;100;0;100;0;0;0;0;88;88;0;0.000;0.000;0.000;0.000;0.000;0.000;0.0;0.0;0;14;0.000;0.000;11.2;0;0.0;0;0;0;0;0;99;0;0;4985;0.00;0;0;0;0;0;0;0;0;0;0;0;0;0;0;0;0;14;0;99.0;99.0;0;0;0.00;0.00;0.00;0.0;0.0
41.135;50;0;99;0;0.0;19.700;1.340;24;26;0;0;100;0;100;0;0;0;0;88;88;0;0.000;0.000;0.000;0.000;0.000;0.000;0.0;0.0;0;14;0.000;0.000;11.2;0;0.0;0;0;0;0;0;99;0;0;4985;0.00;0;0;0;0;0;0;0;0;0;0;0;0;0;0;0;0;14;0;99.0;99.0;0;0;0.00;0.00;0.00;0.0;0.0
41.201;50;0;99;0;0.0;19.700;1.340;24;26;0;0;100;0;100;0;0;0;0;88;88;0;0.000;0.000;0.000;0.000;0.000;0.000;0.0;0.0;0;14;0.000;0.000;11.2;0;0.0;0;0;0;0;0;99;0;0;4985;0.00;0;0;0;0;0;0;0;0;0;0;0;0;0;0;0;0;14;0;99.0;99.0;0;0;0.00;0.00;0.00;0.0;0.0
41.269;50;0;99;0;0.0;19.700;1.340;24;26;0;0;100;0;100;0;0;0;0;88;88;0;0.000;0.000;0.000;0.000;0.000;0.000;0.0;0.0;0;14;0.000;0.000;11.2;0;0.0;0;0;0;0;0;99;0;0;4985;0.00;0;0;0;0;0;0;0;0;0;0;0;0;0;0;0;0;14;0;99.0;99.0;0;0;0.00;0.00;0.00;0.0;0.0
41.335;50;0;99;0;0.0;19.700;1.340;24;26;0;0;100;0;100;0;0;0;0;88;88;0;0.000;0.000;0.000;0.000;0.000;0.000;0.0;0.0;0;14;0.000;0.000;11.2;0;0.0;0;0;0;0;0;99;0;0;4985;0.00;0;0;0;0;0;0;0;0;0;0;0;0;0;0;0;0;14;0;99.0;99.0;0;0;0.00;0.00;0.00;0.0;0.0
41.401;50;0;99;0;0.0;19.700;1.340;24;26;0;0;100;0;100;0;0;0;0;88;88;0;0.000;0.000;0.000;0.000;0.000;0.000;0.0;0.0;0;14;0.000;0.000;11.2;0;0.0;0;0;0;0;0;99;0;0;4985;0.00;0;0;0;0;0;0;0;0;0;0;0;0;0;0;0;0;14;0;99.0;99.0;0;0;0.00;0.00;0.00;0.0;0.0
41.471;50;0;99;0;0.0;19.700;1.340;24;26;0;0;100;0;100;0;0;0;0;88;88;0;0.000;0.000;0.000;0.000;0.000;0.000;0.0;0.0;0;14;0.000;0.000;11.2;0;0.0;0;0;0;0;0;99;0;0;4985;0.00;0;0;0;0;0;0;0;0;0;0;0;0;0;0;0;0;14;0;99.0;99.0;0;0;0.00;0.00;0.00;0.0;0.0
41.536;50;0;99;0;0.0;19.700;1.340;24;26;0;0;100;0;100;0;0;0;0;88;88;0;0.000;0.000;0.000;0.000;0.000;0.000;0.0;0.0;0;14;0.000;0.000;11.2;0;0.0;0;0;0;0;0;99;0;0;4985;0.00;0;0;0;0;0;0;0;0;0;0;0;0;0;0;0;0;14;0;99.0;99.0;0;0;0.00;0.00;0.00;0.0;0.0
41.605;51;0;99;0;0.0;19.700;1.340;24;26;0;0;100;0;100;0;0;0;0;88;88;0;0.000;0.000;0.000;0.000;0.000;0.000;0.0;0.0;0;14;0.000;0.000;11.2;0;0.0;0;0;0;0;0;99;0;0;4972;0.00;0;0;0;0;0;0;0;0;0;0;0;0;0;0;0;0;14;0;99.0;99.0;0;0;0.00;0.00;0.00;0.0;0.0
41.670;51;0;99;0;0.0;19.700;1.340;24;26;0;0;100;0;100;0;0;0;0;88;88;0;0.000;0.000;0.000;0.000;0.000;0.000;0.0;0.0;0;14;0.000;0.000;11.2;0;0.0;0;0;0;0;0;99;0;0;4972;0.00;0;0;0;0;0;0;0;0;0;0;0;0;0;0;0;0;14;0;99.0;99.0;0;0;0.00;0.00;0.00;0.0;0.0
41.737;51;0;99;0;0.0;19.700;1.340;24;26;0;0;100;0;100;0;0;0;0;88;88;0;0.000;0.000;0.000;0.000;0.000;0.000;0.0;0.0;0;14;0.000;0.000;11.2;0;0.0;0;0;0;0;0;99;0;0;4972;0.00;0;0;0;0;0;0;0;0;0;0;0;0;0;0;0;0;14;0;99.0;99.0;0;0;0.00;0.00;0.00;0.0;0.0
41.807;51;0;99;0;0.0;19.700;1.340;24;26;0;0;100;0;100;0;0;0;0;88;88;0;0.000;0.000;0.000;0.000;0.000;0.000;0.0;0.0;0;14;0.000;0.000;11.2;0;0.0;0;0;0;0;0;99;0;0;4972;0.00;0;0;0;0;0;0;0;0;0;0;0;0;0;0;0;0;14;0;99.0;99.0;0;0;0.00;0.00;0.00;0.0;0.0
41.873;51;0;99;0;0.0;19.700;1.340;24;26;0;0;100;0;100;0;0;0;0;88;88;0;0.000;0.000;0.000;0.000;0.000;0.000;0.0;0.0;0;14;0.000;0.000;11.2;0;0.0;0;0;0;0;0;99;0;0;4972;0.00;0;0;0;0;0;0;0;0;0;0;0;0;0;0;0;0;14;0;99.0;99.0;0;0;0.00;0.00;0.00;0.0;0.0
41.937;51;0;99;0;0.0;19.700;1.340;24;26;0;0;100;0;100;0;0;0;0;88;88;0;0.000;0.000;0.000;0.000;0.000;0.000;0.0;0.0;0;14;0.000;0.000;11.2;0;0.0;0;0;0;0;0;99;0;0;4972;0.00;0;0;0;0;0;0;0;0;0;0;0;0;0;0;0;0;14;0;99.0;99.0;0;0;0.00;0.00;0.00;0.0;0.0
42.003;51;0;98;0;0.0;19.700;1.340;24;26;0;0;100;0;100;0;0;0;0;88;88;0;0.000;0.000;0.000;0.000;0.000;0.000;0.0;0.0;0;15;0.000;0.000;11.2;0;-0.1;0;0;0;0;0;99;0;0;4972;0.00;0;0;0;0;0;0;0;0;0;0;0;0;0;0;0;0;15;0;98.0;98.0;0;0;0.00;0.00;0.00;0.0;0.0
42.072;51;0;99;0;0.0;19.700;1.340;24;26;0;0;100;0;100;0;0;0;0;88;88;0;0.000;0.000;0.000;0.000;0.000;0.000;0.0;0.0;0;14;0.000;0.000;11.2;0;0.0;0;0;0;0;0;99;0;0;4972;0.00;0;0;0;0;0;0;0;0;0;0;0;0;0;0;0;0;14;0;99.0;99.0;0;0;0.00;0.00;0.00;0.0;0.0
42.138;51;0;99;0;0.0;19.700;1.340;24;26;0;0;100;0;100;0;0;0;0;88;88;0;0.000;0.000;0.000;0.000;0.000;0.000;0.0;0.0;0;14;0.000;0.000;11.2;0;0.0;0;0;0;0;0;99;0;0;4972;0.00;0;0;0;0;0;0;0;0;0;0;0;0;0;0;0;0;14;0;99.0;99.0;0;0;0.00;0.00;0.00;0.0;0.0
42.202;51;0;99;0;0.0;19.700;1.340;24;26;0;0;100;0;100;0;0;0;0;88;88;0;0.000;0.000;0.000;0.000;0.000;0.000;0.0;0.0;0;14;0.000;0.000;11.2;0;0.0;0;0;0;0;0;99;0;0;4972;0.00;0;0;0;0;0;0;0;0;0;0;0;0;0;0;0;0;14;0;99.0;99.0;0;0;0.00;0.00;0.00;0.0;0.0
42.269;51;0;99;0;0.0;19.700;1.340;24;26;0;0;100;0;100;0;0;0;0;88;88;0;0.000;0.000;0.000;0.000;0.000;0.000;0.0;0.0;0;14;0.000;0.000;11.2;0;0.0;0;0;0;0;0;99;0;0;4972;0.00;0;0;0;0;0;0;0;0;0;0;0;0;0;0;0;0;14;0;99.0;99.0;0;0;0.00;0.00;0.00;0.0;0.0
42.334;51;0;99;0;0.0;19.700;1.340;24;26;0;0;100;0;100;0;0;0;0;88;88;0;0.000;0.000;0.000;0.000;0.000;0.000;0.0;0.0;0;14;0.000;0.000;11.2;0;0.0;0;0;0;0;0;99;0;0;4972;0.00;0;0;0;0;0;0;0;0;0;0;0;0;0;0;0;0;14;0;99.0;99.0;0;0;0.00;0.00;0.00;0.0;0.0
42.400;51;0;99;0;0.0;19.700;1.340;24;26;0;0;100;0;100;0;0;0;0;88;88;0;0.000;0.000;0.000;0.000;0.000;0.000;0.0;0.0;0;14;0.000;0.000;11.2;0;0.0;0;0;0;0;0;99;0;0;4972;0.00;0;0;0;0;0;0;0;0;0;0;0;0;0;0;0;0;14;0;99.0;99.0;0;0;0.00;0.00;0.00;0.0;0.0
42.470;51;0;98;0;0.0;19.700;1.340;24;26;0;0;100;0;100;0;0;0;0;88;88;0;0.000;0.000;0.000;0.000;0.000;0.000;0.0;0.0;0;15;0.000;0.000;11.2;0;-0.1;0;0;0;0;0;99;0;0;4972;0.00;0;0;0;0;0;0;0;0;0;0;0;0;0;0;0;0;15;0;98.0;98.0;0;0;0.00;0.00;0.00;0.0;0.0
42.535;51;0;99;0;0.0;19.700;1.340;24;26;0;0;100;0;100;0;0;0;0;88;88;0;0.000;0.000;0.000;0.000;0.000;0.000;0.0;0.0;0;14;0.000;0.000;11.2;0;0.0;0;0;0;0;0;99;0;0;4972;0.00;0;0;0;0;0;0;0;0;0;0;0;0;0;0;0;0;14;0;99.0;99.0;0;0;0.00;0.00;0.00;0.0;0.0
42.601;52;0;99;0;0.0;19.700;1.340;24;26;0;0;100;0;100;0;0;0;0;88;88;0;0.000;0.000;0.000;0.000;0.000;0.000;0.0;0.0;0;14;0.000;0.000;11.2;0;0.0;0;0;0;0;0;99;0;0;4983;0.00;0;0;0;0;0;0;0;0;0;0;0;0;0;0;0;0;14;0;99.0;99.0;0;0;0.00;0.00;0.00;0.0;0.0
42.670;52;0;99;0;0.0;19.700;1.340;24;26;0;0;100;0;100;0;0;0;0;88;88;0;0.000;0.000;0.000;0.000;0.000;0.000;0.0;0.0;0;14;0.000;0.000;11.2;0;0.0;0;0;0;0;0;99;0;0;4983;0.00;0;0;0;0;0;0;0;0;0;0;0;0;0;0;0;0;14;0;99.0;99.0;0;0;0.00;0.00;0.00;0.0;0.0
42.736;52;0;99;0;0.0;19.700;1.340;24;26;0;0;100;0;100;0;0;0;0;88;88;0;0.000;0.000;0.000;0.000;0.000;0.000;0.0;0.0;0;14;0.000;0.000;11.2;0;0.0;0;0;0;0;0;99;0;0;4983;0.00;0;0;0;0;0;0;0;0;0;0;0;0;0;0;0;0;14;0;99.0;99.0;0;0;0.00;0.00;0.00;0.0;0.0
42.802;52;0;99;0;0.0;19.700;1.340;24;26;0;0;100;0;100;0;0;0;0;88;88;0;0.000;0.000;0.000;0.000;0.000;0.000;0.0;0.0;0;14;0.000;0.000;11.2;0;0.0;0;0;0;0;0;99;0;0;4983;0.00;0;0;0;0;0;0;0;0;0;0;0;0;0;0;0;0;14;0;99.0;99.0;0;0;0.00;0.00;0.00;0.0;0.0
42.871;52;0;99;0;0.0;19.700;1.340;24;26;0;0;100;0;100;0;0;0;0;88;88;0;0.000;0.000;0.000;0.000;0.000;0.000;0.0;0.0;0;14;0.000;0.000;11.2;0;0.0;0;0;0;0;0;99;0;0;4983;0.00;0;0;0;0;0;0;0;0;0;0;0;0;0;0;0;0;14;0;99.0;99.0;0;0;0.00;0.00;0.00;0.0;0.0
42.937;52;0;99;0;0.0;19.700;1.340;24;26;0;0;100;0;100;0;0;0;0;88;88;0;0.000;0.000;0.000;0.000;0.000;0.000;0.0;0.0;0;14;0.000;0.000;11.2;0;0.0;0;0;0;0;0;99;0;0;4983;0.00;0;0;0;0;0;0;0;0;0;0;0;0;0;0;0;0;14;0;99.0;99.0;0;0;0.00;0.00;0.00;0.0;0.0
43.002;52;0;99;0;0.0;19.700;1.340;24;26;0;0;100;0;100;0;0;0;0;88;88;0;0.000;0.000;0.000;0.000;0.000;0.000;0.0;0.0;0;14;0.000;0.000;11.2;0;0.0;0;0;0;0;0;99;0;0;4983;0.00;0;0;0;0;0;0;0;0;0;0;0;0;0;0;0;0;14;0;99.0;99.0;0;0;0.00;0.00;0.00;0.0;0.0
43.067;52;0;99;0;0.0;19.700;1.340;24;26;0;0;100;0;100;0;0;0;0;88;88;0;0.000;0.000;0.000;0.000;0.000;0.000;0.0;0.0;0;14;0.000;0.000;11.2;0;0.0;0;0;0;0;0;99;0;0;4983;0.00;0;0;0;0;0;0;0;0;0;0;0;0;0;0;0;0;14;0;99.0;99.0;0;0;0.00;0.00;0.00;0.0;0.0
43.133;52;0;99;0;0.0;19.700;1.340;24;26;0;0;100;0;100;0;0;0;0;88;88;0;0.000;0.000;0.000;0.000;0.000;0.000;0.0;0.0;0;14;0.000;0.000;11.2;0;0.0;0;0;0;0;0;99;0;0;4983;0.00;0;0;0;0;0;0;0;0;0;0;0;0;0;0;0;0;14;0;99.0;99.0;0;0;0.00;0.00;0.00;0.0;0.0
43.202;52;0;99;0;0.0;19.700;1.340;24;26;0;0;100;0;100;0;0;0;0;88;88;0;0.000;0.000;0.000;0.000;0.000;0.000;0.0;0.0;0;14;0.000;0.000;11.2;0;0.0;0;0;0;0;0;99;0;0;4983;0.00;0;0;0;0;0;0;0;0;0;0;0;0;0;0;0;0;14;0;99.0;99.0;0;0;0.00;0.00;0.00;0.0;0.0
43.269;52;0;99;0;0.0;19.700;1.340;24;26;0;0;100;0;100;0;0;0;0;88;88;0;0.000;0.000;0.000;0.000;0.000;0.000;0.0;0.0;0;14;0.000;0.000;11.2;0;0.0;0;0;0;0;0;99;0;0;4983;0.00;0;0;0;0;0;0;0;0;0;0;0;0;0;0;0;0;14;0;99.0;99.0;0;0;0.00;0.00;0.00;0.0;0.0
43.338;52;0;99;0;0.0;19.700;1.340;24;26;0;0;100;0;100;0;0;0;0;88;88;0;0.000;0.000;0.000;0.000;0.000;0.000;0.0;0.0;0;14;0.000;0.000;11.3;0;0.0;0;0;0;0;0;99;0;0;4983;0.00;0;0;0;0;0;0;0;0;0;0;0;0;0;0;0;0;14;0;99.0;99.0;0;0;0.00;0.00;0.00;0.0;0.0
43.405;52;0;99;0;0.0;19.700;1.340;24;26;0;0;100;0;100;0;0;0;0;88;88;0;0.000;0.000;0.000;0.000;0.000;0.000;0.0;0.0;0;14;0.000;0.000;11.3;0;0.0;0;0;0;0;0;99;0;0;4983;0.00;0;0;0;0;0;0;0;0;0;0;0;0;0;0;0;0;14;0;99.0;99.0;0;0;0.00;0.00;0.00;0.0;0.0
43.473;52;0;99;0;0.0;19.700;1.340;24;26;0;0;100;0;100;0;0;0;0;88;88;0;0.000;0.000;0.000;0.000;0.000;0.000;0.0;0.0;0;14;0.000;0.000;11.3;0;0.0;0;0;0;0;0;99;0;0;4983;0.00;0;0;0;0;0;0;0;0;0;0;0;0;0;0;0;0;14;0;99.0;99.0;0;0;0.00;0.00;0.00;0.0;0.0
43.538;52;0;99;0;0.0;19.700;1.340;24;26;0;0;100;0;100;0;0;0;0;88;88;0;0.000;0.000;0.000;0.000;0.000;0.000;0.0;0.0;0;14;0.000;0.000;11.3;0;0.0;0;0;0;0;0;99;0;0;4983;0.00;0;0;0;0;0;0;0;0;0;0;0;0;0;0;0;0;14;0;99.0;99.0;0;0;0.00;0.00;0.00;0.0;0.0
43.604;53;0;99;0;0.0;19.700;1.340;24;26;0;0;100;0;100;0;0;0;0;88;88;0;0.000;0.000;0.000;0.000;0.000;0.000;0.0;0.0;0;14;0.000;0.000;11.3;0;0.0;0;0;0;0;0;99;0;0;4982;0.00;0;0;0;0;0;0;0;0;0;0;0;0;0;0;0;0;14;0;99.0;99.0;0;0;0.00;0.00;0.00;0.0;0.0
43.669;53;0;99;0;0.0;19.700;1.340;24;26;0;0;100;0;100;0;0;0;0;88;88;0;0.000;0.000;0.000;0.000;0.000;0.000;0.0;0.0;0;14;0.000;0.000;11.3;0;0.0;0;0;0;0;0;99;0;0;4982;0.00;0;0;0;0;0;0;0;0;0;0;0;0;0;0;0;0;14;0;99.0;99.0;0;0;0.00;0.00;0.00;0.0;0.0
43.735;53;0;99;0;0.0;19.700;1.340;24;26;0;0;100;0;100;0;0;0;0;88;88;0;0.000;0.000;0.000;0.000;0.000;0.000;0.0;0.0;0;14;0.000;0.000;11.3;0;0.0;0;0;0;0;0;99;0;0;4982;0.00;0;0;0;0;0;0;0;0;0;0;0;0;0;0;0;0;14;0;99.0;99.0;0;0;0.00;0.00;0.00;0.0;0.0
43.804;53;0;99;0;0.0;19.700;1.340;24;26;0;0;100;0;100;0;0;0;0;88;88;0;0.000;0.000;0.000;0.000;0.000;0.000;0.0;0.0;0;14;0.000;0.000;11.3;0;0.0;0;0;0;0;0;99;0;0;4982;0.00;0;0;0;0;0;0;0;0;0;0;0;0;0;0;0;0;14;0;99.0;99.0;0;0;0.00;0.00;0.00;0.0;0.0
43.871;53;0;99;0;0.0;19.700;1.340;24;26;0;0;100;0;100;0;0;0;0;88;88;0;0.000;0.000;0.000;0.000;0.000;0.000;0.0;0.0;0;14;0.000;0.000;11.3;0;0.0;0;0;0;0;0;99;0;0;4982;0.00;0;0;0;0;0;0;0;0;0;0;0;0;0;0;0;0;14;0;99.0;99.0;0;0;0.00;0.00;0.00;0.0;0.0
43.936;53;0;99;0;0.0;19.700;1.340;24;26;0;0;100;0;100;0;0;0;0;88;88;0;0.000;0.000;0.000;0.000;0.000;0.000;0.0;0.0;0;14;0.000;0.000;11.3;0;0.0;0;0;0;0;0;99;0;0;4982;0.00;0;0;0;0;0;0;0;0;0;0;0;0;0;0;0;0;14;0;99.0;99.0;0;0;0.00;0.00;0.00;0.0;0.0
44.001;53;0;99;0;0.0;19.700;1.340;24;26;0;0;100;0;100;0;0;0;0;88;88;0;0.000;0.000;0.000;0.000;0.000;0.000;0.0;0.0;0;14;0.000;0.000;11.3;0;0.0;0;0;0;0;0;99;0;0;4982;0.00;0;0;0;0;0;0;0;0;0;0;0;0;0;0;0;0;14;0;99.0;99.0;0;0;0.00;0.00;0.00;0.0;0.0
44.066;53;0;99;0;0.0;19.700;1.340;24;26;0;0;100;0;100;0;0;0;0;88;88;0;0.000;0.000;0.000;0.000;0.000;0.000;0.0;0.0;0;14;0.000;0.000;11.3;0;0.0;0;0;0;0;0;99;0;0;4982;0.00;0;0;0;0;0;0;0;0;0;0;0;0;0;0;0;0;14;0;99.0;99.0;0;0;0.00;0.00;0.00;0.0;0.0
44.136;53;0;99;0;0.0;19.700;1.340;24;26;0;0;100;0;100;0;0;0;0;88;88;0;0.000;0.000;0.000;0.000;0.000;0.000;0.0;0.0;0;14;0.000;0.000;11.3;0;0.0;0;0;0;0;0;99;0;0;4982;0.00;0;0;0;0;0;0;0;0;0;0;0;0;0;0;0;0;14;0;99.0;99.0;0;0;0.00;0.00;0.00;0.0;0.0
44.202;53;0;99;0;0.0;19.700;1.340;24;26;0;0;100;0;100;0;0;0;0;88;88;0;0.000;0.000;0.000;0.000;0.000;0.000;0.0;0.0;0;14;0.000;0.000;11.3;0;0.0;0;0;0;0;0;99;0;0;4982;0.00;0;0;0;0;0;0;0;0;0;0;0;0;0;0;0;0;14;0;99.0;99.0;0;0;0.00;0.00;0.00;0.0;0.0
44.267;53;0;99;0;0.0;19.700;1.340;24;26;0;0;100;0;100;0;0;0;0;88;88;0;0.000;0.000;0.000;0.000;0.000;0.000;0.0;0.0;0;14;0.000;0.000;11.3;0;0.0;0;0;0;0;0;99;0;0;4982;0.00;0;0;0;0;0;0;0;0;0;0;0;0;0;0;0;0;14;0;99.0;99.0;0;0;0.00;0.00;0.00;0.0;0.0
44.333;53;0;99;0;0.0;19.700;1.340;24;26;0;0;100;0;100;0;0;0;0;88;88;0;0.000;0.000;0.000;0.000;0.000;0.000;0.0;0.0;0;14;0.000;0.000;11.3;0;0.0;0;0;0;0;0;99;0;0;4982;0.00;0;0;0;0;0;0;0;0;0;0;0;0;0;0;0;0;14;0;99.0;99.0;0;0;0.00;0.00;0.00;0.0;0.0
44.402;53;0;99;0;0.0;19.700;1.340;24;26;0;0;100;0;100;0;0;0;0;88;88;0;0.000;0.000;0.000;0.000;0.000;0.000;0.0;0.0;0;14;0.000;0.000;11.3;0;0.0;0;0;0;0;0;99;0;0;4982;0.00;0;0;0;0;0;0;0;0;0;0;0;0;0;0;0;0;14;0;99.0;99.0;0;0;0.00;0.00;0.00;0.0;0.0
44.468;53;0;99;0;0.0;19.700;1.340;24;26;0;0;100;0;100;0;0;0;0;88;88;0;0.000;0.000;0.000;0.000;0.000;0.000;0.0;0.0;0;14;0.000;0.000;11.3;0;0.0;0;0;0;0;0;99;0;0;4982;0.00;0;0;0;0;0;0;0;0;0;0;0;0;0;0;0;0;14;0;99.0;99.0;0;0;0.00;0.00;0.00;0.0;0.0
44.537;53;0;99;0;0.0;19.700;1.340;24;26;0;0;100;0;100;0;0;0;0;88;88;0;0.000;0.000;0.000;0.000;0.000;0.000;0.0;0.0;0;14;0.000;0.000;11.3;0;0.0;0;0;0;0;0;99;0;0;4982;0.00;0;0;0;0;0;0;0;0;0;0;0;0;0;0;0;0;14;0;99.0;99.0;0;0;0.00;0.00;0.00;0.0;0.0
44.604;54;0;99;0;0.0;19.700;1.340;24;26;0;0;100;0;100;0;0;0;0;88;88;0;0.000;0.000;0.000;0.000;0.000;0.000;0.0;0.0;0;14;0.000;0.000;11.3;0;0.0;0;0;0;0;0;99;0;0;4993;0.00;0;0;0;0;0;0;0;0;0;0;0;0;0;0;0;0;14;0;99.0;99.0;0;0;0.00;0.00;0.00;0.0;0.0
44.670;54;0;99;0;0.0;19.700;1.340;24;26;0;0;100;0;100;0;0;0;0;88;88;0;0.000;0.000;0.000;0.000;0.000;0.000;0.0;0.0;0;14;0.000;0.000;11.3;0;0.0;0;0;0;0;0;99;0;0;4993;0.00;0;0;0;0;0;0;0;0;0;0;0;0;0;0;0;0;14;0;99.0;99.0;0;0;0.00;0.00;0.00;0.0;0.0
44.740;54;0;99;0;0.0;19.700;1.340;24;26;0;0;100;0;100;0;0;0;0;88;88;0;0.000;0.000;0.000;0.000;0.000;0.000;0.0;0.0;0;14;0.000;0.000;11.3;0;0.0;0;0;0;0;0;99;0;0;4993;0.00;0;0;0;0;0;0;0;0;0;0;0;0;0;0;0;0;14;0;99.0;99.0;0;0;0.00;0.00;0.00;0.0;0.0
44.807;54;0;99;0;0.0;19.700;1.340;24;26;0;0;100;0;100;0;0;0;0;88;88;0;0.000;0.000;0.000;0.000;0.000;0.000;0.0;0.0;0;14;0.000;0.000;11.3;0;0.0;0;0;0;0;0;99;0;0;4993;0.00;0;0;0;0;0;0;0;0;0;0;0;0;0;0;0;0;14;0;99.0;99.0;0;0;0.00;0.00;0.00;0.0;0.0
44.874;54;0;99;0;0.0;19.700;1.340;24;26;0;0;100;0;100;0;0;0;0;88;88;0;0.000;0.000;0.000;0.000;0.000;0.000;0.0;0.0;0;14;0.000;0.000;11.3;0;0.0;0;0;0;0;0;99;0;0;4993;0.00;0;0;0;0;0;0;0;0;0;0;0;0;0;0;0;0;14;0;99.0;99.0;0;0;0.00;0.00;0.00;0.0;0.0
44.940;54;0;99;0;0.0;19.700;1.340;24;26;0;0;100;0;100;0;0;0;0;88;88;0;0.000;0.000;0.000;0.000;0.000;0.000;0.0;0.0;0;14;0.000;0.000;11.3;0;0.0;0;0;0;0;0;99;0;0;4993;0.00;0;0;0;0;0;0;0;0;0;0;0;0;0;0;0;0;14;0;99.0;99.0;0;0;0.00;0.00;0.00;0.0;0.0
45.005;54;0;99;0;0.0;19.700;1.340;24;26;0;0;100;0;100;0;0;0;0;88;88;0;0.000;0.000;0.000;0.000;0.000;0.000;0.0;0.0;0;14;0.000;0.000;11.3;0;0.0;0;0;0;0;0;99;0;0;4993;0.00;0;0;0;0;0;0;0;0;0;0;0;0;0;0;0;0;14;0;99.0;99.0;0;0;0.00;0.00;0.00;0.0;0.0
45.070;54;0;99;0;0.0;19.700;1.340;24;26;0;0;100;0;100;0;0;0;0;88;88;0;0.000;0.000;0.000;0.000;0.000;0.000;0.0;0.0;0;14;0.000;0.000;11.3;0;0.0;0;0;0;0;0;99;0;0;4993;0.00;0;0;0;0;0;0;0;0;0;0;0;0;0;0;0;0;14;0;99.0;99.0;0;0;0.00;0.00;0.00;0.0;0.0
45.137;54;0;99;0;0.0;19.700;1.340;24;26;0;0;100;0;100;0;0;0;0;88;88;0;0.000;0.000;0.000;0.000;0.000;0.000;0.0;0.0;0;14;0.000;0.000;11.3;0;0.0;0;0;0;0;0;99;0;0;4993;0.00;0;0;0;0;0;0;0;0;0;0;0;0;0;0;0;0;14;0;99.0;99.0;0;0;0.00;0.00;0.00;0.0;0.0
45.202;54;0;99;0;0.0;19.700;1.340;24;26;0;0;100;0;100;0;0;0;0;88;88;0;0.000;0.000;0.000;0.000;0.000;0.000;0.0;0.0;0;14;0.000;0.000;11.3;0;0.0;0;0;0;0;0;99;0;0;4993;0.00;0;0;0;0;0;0;0;0;0;0;0;0;0;0;0;0;14;0;99.0;99.0;0;0;0.00;0.00;0.00;0.0;0.0
45.273;54;0;99;0;0.0;19.700;1.340;24;26;0;0;100;0;100;0;0;0;0;88;88;0;0.000;0.000;0.000;0.000;0.000;0.000;0.0;0.0;0;14;0.000;0.000;11.3;0;0.0;0;0;0;0;0;99;0;0;4993;0.00;0;0;0;0;0;0;0;0;0;0;0;0;0;0;0;0;14;0;99.0;99.0;0;0;0.00;0.00;0.00;0.0;0.0
45.337;54;0;99;0;0.0;19.700;1.340;24;26;0;0;100;0;100;0;0;0;0;88;88;0;0.000;0.000;0.000;0.000;0.000;0.000;0.0;0.0;0;14;0.000;0.000;11.3;0;0.0;0;0;0;0;0;99;0;0;4993;0.00;0;0;0;0;0;0;0;0;0;0;0;0;0;0;0;0;14;0;99.0;99.0;0;0;0.00;0.00;0.00;0.0;0.0
45.402;54;0;99;0;0.0;19.700;1.340;24;26;0;0;100;0;100;0;0;0;0;88;88;0;0.000;0.000;0.000;0.000;0.000;0.000;0.0;0.0;0;14;0.000;0.000;11.3;0;0.0;0;0;0;0;0;99;0;0;4993;0.00;0;0;0;0;0;0;0;0;0;0;0;0;0;0;0;0;14;0;99.0;99.0;0;0;0.00;0.00;0.00;0.0;0.0
45.467;54;0;99;0;0.0;19.700;1.340;24;26;0;0;100;0;100;0;0;0;0;88;88;0;0.000;0.000;0.000;0.000;0.000;0.000;0.0;0.0;0;14;0.000;0.000;11.3;0;0.0;0;0;0;0;0;99;0;0;4993;0.00;0;0;0;0;0;0;0;0;0;0;0;0;0;0;0;0;14;0;99.0;99.0;0;0;0.00;0.00;0.00;0.0;0.0
45.537;54;0;99;0;0.0;19.700;1.340;24;26;0;0;100;0;100;0;0;0;0;88;88;0;0.000;0.000;0.000;0.000;0.000;0.000;0.0;0.0;0;14;0.000;0.000;11.3;0;0.0;0;0;0;0;0;99;0;0;4993;0.00;0;0;0;0;0;0;0;0;0;0;0;0;0;0;0;0;14;0;99.0;99.0;0;0;0.00;0.00;0.00;0.0;0.0
45.602;54;0;99;0;0.0;19.700;1.340;24;26;0;0;100;0;100;0;0;0;0;88;88;0;0.000;0.000;0.000;0.000;0.000;0.000;0.0;0.0;0;14;0.000;0.000;11.3;0;0.0;0;0;0;0;0;99;0;0;4993;0.00;0;0;0;0;0;0;0;0;0;0;0;0;0;0;0;0;14;0;99.0;99.0;0;0;0.00;0.00;0.00;0.0;0.0
45.669;55;0;99;0;0.0;19.700;1.340;24;26;0;0;100;0;100;0;0;0;0;88;88;0;0.000;0.000;0.000;0.000;0.000;0.000;0.0;0.0;0;14;0.000;0.000;11.3;0;0.0;0;0;0;0;0;99;0;0;4979;0.00;0;0;0;0;0;0;0;0;0;0;0;0;0;0;0;0;14;0;99.0;99.0;0;0;0.00;0.00;0.00;0.0;0.0
45.737;55;0;99;0;0.0;19.700;1.340;24;26;0;0;100;0;100;0;0;0;0;88;88;0;0.000;0.000;0.000;0.000;0.000;0.000;0.0;0.0;0;14;0.000;0.000;11.3;0;0.0;0;0;0;0;0;99;0;0;4979;0.00;0;0;0;0;0;0;0;0;0;0;0;0;0;0;0;0;14;0;99.0;99.0;0;0;0.00;0.00;0.00;0.0;0.0
45.803;55;0;99;0;0.0;19.700;1.340;24;26;0;0;100;0;100;0;0;0;0;88;88;0;0.000;0.000;0.000;0.000;0.000;0.000;0.0;0.0;0;14;0.000;0.000;11.3;0;0.0;0;0;0;0;0;99;0;0;4979;0.00;0;0;0;0;0;0;0;0;0;0;0;0;0;0;0;0;14;0;99.0;99.0;0;0;0.00;0.00;0.00;0.0;0.0
45.868;55;0;99;0;0.0;19.700;1.340;24;26;0;0;100;0;100;0;0;0;0;88;88;0;0.000;0.000;0.000;0.000;0.000;0.000;0.0;0.0;0;14;0.000;0.000;11.3;0;0.0;0;0;0;0;0;99;0;0;4979;0.00;0;0;0;0;0;0;0;0;0;0;0;0;0;0;0;0;14;0;99.0;99.0;0;0;0.00;0.00;0.00;0.0;0.0
45.934;55;0;99;0;0.0;19.700;1.340;24;26;0;0;100;0;100;0;0;0;0;88;88;0;0.000;0.000;0.000;0.000;0.000;0.000;0.0;0.0;0;14;0.000;0.000;11.3;0;0.0;0;0;0;0;0;99;0;0;4979;0.00;0;0;0;0;0;0;0;0;0;0;0;0;0;0;0;0;14;0;99.0;99.0;0;0;0.00;0.00;0.00;0.0;0.0
46.001;55;0;99;0;0.0;19.700;1.340;24;26;0;0;100;0;100;0;0;0;0;88;88;0;0.000;0.000;0.000;0.000;0.000;0.000;0.0;0.0;0;14;0.000;0.000;11.3;0;0.0;0;0;0;0;0;99;0;0;4979;0.00;0;0;0;0;0;0;0;0;0;0;0;0;0;0;0;0;14;0;99.0;99.0;0;0;0.00;0.00;0.00;0.0;0.0
46.069;55;0;99;0;0.0;19.700;1.340;24;26;0;0;100;0;100;0;0;0;0;88;88;0;0.000;0.000;0.000;0.000;0.000;0.000;0.0;0.0;0;14;0.000;0.000;11.3;0;0.0;0;0;0;0;0;99;0;0;4979;0.00;0;0;0;0;0;0;0;0;0;0;0;0;0;0;0;0;14;0;99.0;99.0;0;0;0.00;0.00;0.00;0.0;0.0
46.135;55;0;99;0;0.0;19.700;1.340;24;26;0;0;100;0;100;0;0;0;0;88;88;0;0.000;0.000;0.000;0.000;0.000;0.000;0.0;0.0;0;14;0.000;0.000;11.3;0;0.0;0;0;0;0;0;99;0;0;4979;0.00;0;0;0;0;0;0;0;0;0;0;0;0;0;0;0;0;14;0;99.0;99.0;0;0;0.00;0.00;0.00;0.0;0.0
46.200;55;0;99;0;0.0;19.700;1.340;24;26;0;0;100;0;100;0;0;0;0;88;88;0;0.000;0.000;0.000;0.000;0.000;0.000;0.0;0.0;0;14;0.000;0.000;11.3;0;0.0;0;0;0;0;0;99;0;0;4979;0.00;0;0;0;0;0;0;0;0;0;0;0;0;0;0;0;0;14;0;99.0;99.0;0;0;0.00;0.00;0.00;0.0;0.0
46.271;55;0;99;0;0.0;19.700;1.340;24;26;0;0;100;0;100;0;0;0;0;88;88;0;0.000;0.000;0.000;0.000;0.000;0.000;0.0;0.0;0;14;0.000;0.000;11.3;0;0.0;0;0;0;0;0;99;0;0;4979;0.00;0;0;0;0;0;0;0;0;0;0;0;0;0;0;0;0;14;0;99.0;99.0;0;0;0.00;0.00;0.00;0.0;0.0
46.340;55;0;99;0;0.0;19.700;1.340;24;26;0;0;100;0;100;0;0;0;0;88;88;0;0.000;0.000;0.000;0.000;0.000;0.000;0.0;0.0;0;14;0.000;0.000;11.3;0;0.0;0;0;0;0;0;99;0;0;4979;0.00;0;0;0;0;0;0;0;0;0;0;0;0;0;0;0;0;14;0;99.0;99.0;0;0;0.00;0.00;0.00;0.0;0.0
46.405;55;0;99;0;0.0;19.700;1.340;24;26;0;0;100;0;100;0;0;0;0;88;88;0;0.000;0.000;0.000;0.000;0.000;0.000;0.0;0.0;0;14;0.000;0.000;11.3;0;0.0;0;0;0;0;0;99;0;0;4979;0.00;0;0;0;0;0;0;0;0;0;0;0;0;0;0;0;0;14;0;99.0;99.0;0;0;0.00;0.00;0.00;0.0;0.0
46.471;55;0;99;0;0.0;19.700;1.340;24;26;0;0;100;0;100;0;0;0;0;88;88;0;0.000;0.000;0.000;0.000;0.000;0.000;0.0;0.0;0;14;0.000;0.000;11.3;0;0.0;0;0;0;0;0;99;0;0;4979;0.00;0;0;0;0;0;0;0;0;0;0;0;0;0;0;0;0;14;0;99.0;99.0;0;0;0.00;0.00;0.00;0.0;0.0
46.536;55;0;99;0;0.0;19.700;1.340;24;26;0;0;100;0;100;0;0;0;0;88;88;0;0.000;0.000;0.000;0.000;0.000;0.000;0.0;0.0;0;14;0.000;0.000;11.3;0;0.0;0;0;0;0;0;99;0;0;4979;0.00;0;0;0;0;0;0;0;0;0;0;0;0;0;0;0;0;14;0;99.0;99.0;0;0;0.00;0.00;0.00;0.0;0.0
46.602;55;0;99;0;0.0;19.700;1.340;24;26;0;0;100;0;100;0;0;0;0;88;88;0;0.000;0.000;0.000;0.000;0.000;0.000;0.0;0.0;0;14;0.000;0.000;11.3;0;0.0;0;0;0;0;0;99;0;0;4979;0.00;0;0;0;0;0;0;0;0;0;0;0;0;0;0;0;0;14;0;99.0;99.0;0;0;0.00;0.00;0.00;0.0;0.0
46.673;56;0;99;0;0.0;19.700;1.340;24;26;0;0;100;0;100;0;0;0;0;88;88;0;0.000;0.000;0.000;0.000;0.000;0.000;0.0;0.0;0;14;0.000;0.000;11.3;0;0.0;0;0;0;0;0;99;0;0;4973;0.00;0;0;0;0;0;0;0;0;0;0;0;0;0;0;0;0;14;0;99.0;99.0;0;0;0.00;0.00;0.00;0.0;0.0
46.737;56;0;99;0;0.0;19.700;1.340;24;26;0;0;100;0;100;0;0;0;0;88;88;0;0.000;0.000;0.000;0.000;0.000;0.000;0.0;0.0;0;14;0.000;0.000;11.3;0;0.0;0;0;0;0;0;99;0;0;4973;0.00;0;0;0;0;0;0;0;0;0;0;0;0;0;0;0;0;14;0;99.0;99.0;0;0;0.00;0.00;0.00;0.0;0.0
46.803;56;0;99;0;0.0;19.700;1.340;24;26;0;0;100;0;100;0;0;0;0;88;88;0;0.000;0.000;0.000;0.000;0.000;0.000;0.0;0.0;0;14;0.000;0.000;11.3;0;0.0;0;0;0;0;0;99;0;0;4973;0.00;0;0;0;0;0;0;0;0;0;0;0;0;0;0;0;0;14;0;99.0;99.0;0;0;0.00;0.00;0.00;0.0;0.0
46.872;56;0;99;0;0.0;19.700;1.340;24;26;0;0;100;0;100;0;0;0;0;88;88;0;0.000;0.000;0.000;0.000;0.000;0.000;0.0;0.0;0;14;0.000;0.000;11.3;0;0.0;0;0;0;0;0;99;0;0;4973;0.00;0;0;0;0;0;0;0;0;0;0;0;0;0;0;0;0;14;0;99.0;99.0;0;0;0.00;0.00;0.00;0.0;0.0
46.938;56;0;99;0;0.0;19.700;1.340;24;26;0;0;100;0;100;0;0;0;0;88;88;0;0.000;0.000;0.000;0.000;0.000;0.000;0.0;0.0;0;14;0.000;0.000;11.3;0;0.0;0;0;0;0;0;99;0;0;4973;0.00;0;0;0;0;0;0;0;0;0;0;0;0;0;0;0;0;14;0;99.0;99.0;0;0;0.00;0.00;0.00;0.0;0.0
47.005;56;0;99;0;0.0;19.700;1.340;24;26;0;0;100;0;100;0;0;0;0;88;88;0;0.000;0.000;0.000;0.000;0.000;0.000;0.0;0.0;0;14;0.000;0.000;11.3;0;0.0;0;0;0;0;0;99;0;0;4973;0.00;0;0;0;0;0;0;0;0;0;0;0;0;0;0;0;0;14;0;99.0;99.0;0;0;0.00;0.00;0.00;0.0;0.0
47.069;56;0;99;0;0.0;19.700;1.340;24;26;0;0;100;0;100;0;0;0;0;88;88;0;0.000;0.000;0.000;0.000;0.000;0.000;0.0;0.0;0;14;0.000;0.000;11.3;0;0.0;0;0;0;0;0;99;0;0;4973;0.00;0;0;0;0;0;0;0;0;0;0;0;0;0;0;0;0;14;0;99.0;99.0;0;0;0.00;0.00;0.00;0.0;0.0
47.138;56;0;99;0;0.0;19.700;1.340;24;26;0;0;100;0;100;0;0;0;0;88;88;0;0.000;0.000;0.000;0.000;0.000;0.000;0.0;0.0;0;14;0.000;0.000;11.3;0;0.0;0;0;0;0;0;99;0;0;4973;0.00;0;0;0;0;0;0;0;0;0;0;0;0;0;0;0;0;14;0;99.0;99.0;0;0;0.00;0.00;0.00;0.0;0.0
47.204;56;0;99;0;0.0;19.700;1.340;24;26;0;0;100;0;100;0;0;0;0;88;88;0;0.000;0.000;0.000;0.000;0.000;0.000;0.0;0.0;0;14;0.000;0.000;11.3;0;0.0;0;0;0;0;0;99;0;0;4973;0.00;0;0;0;0;0;0;0;0;0;0;0;0;0;0;0;0;14;0;99.0;99.0;0;0;0.00;0.00;0.00;0.0;0.0
47.269;56;0;99;0;0.0;19.700;1.340;24;26;0;0;100;0;100;0;0;0;0;88;88;0;0.000;0.000;0.000;0.000;0.000;0.000;0.0;0.0;0;14;0.000;0.000;11.3;0;0.0;0;0;0;0;0;99;0;0;4973;0.00;0;0;0;0;0;0;0;0;0;0;0;0;0;0;0;0;14;0;99.0;99.0;0;0;0.00;0.00;0.00;0.0;0.0
47.335;56;0;99;0;0.0;19.700;1.340;24;26;0;0;100;0;100;0;0;0;0;88;88;0;0.000;0.000;0.000;0.000;0.000;0.000;0.0;0.0;0;14;0.000;0.000;11.3;0;0.0;0;0;0;0;0;99;0;0;4973;0.00;0;0;0;0;0;0;0;0;0;0;0;0;0;0;0;0;14;0;99.0;99.0;0;0;0.00;0.00;0.00;0.0;0.0
47.401;56;0;99;0;0.0;19.700;1.340;24;26;0;0;100;0;100;0;0;0;0;88;88;0;0.000;0.000;0.000;0.000;0.000;0.000;0.0;0.0;0;14;0.000;0.000;11.3;0;0.0;0;0;0;0;0;99;0;0;4973;0.00;0;0;0;0;0;0;0;0;0;0;0;0;0;0;0;0;14;0;99.0;99.0;0;0;0.00;0.00;0.00;0.0;0.0
47.472;56;0;99;0;0.0;19.700;1.340;24;26;0;0;100;0;100;0;0;0;0;88;88;0;0.000;0.000;0.000;0.000;0.000;0.000;0.0;0.0;0;14;0.000;0.000;11.3;0;0.0;0;0;0;0;0;99;0;0;4973;0.00;0;0;0;0;0;0;0;0;0;0;0;0;0;0;0;0;14;0;99.0;99.0;0;0;0.00;0.00;0.00;0.0;0.0
47.541;56;0;99;0;0.0;19.700;1.340;24;26;0;0;100;0;100;0;0;0;0;88;88;0;0.000;0.000;0.000;0.000;0.000;0.000;0.0;0.0;0;14;0.000;0.000;11.3;0;0.0;0;0;0;0;0;99;0;0;4973;0.00;0;0;0;0;0;0;0;0;0;0;0;0;0;0;0;0;14;0;99.0;99.0;0;0;0.00;0.00;0.00;0.0;0.0
47.607;56;0;99;0;0.0;19.700;1.340;24;26;0;0;100;0;100;0;0;0;0;88;88;0;0.000;0.000;0.000;0.000;0.000;0.000;0.0;0.0;0;14;0.000;0.000;11.3;0;0.0;0;0;0;0;0;99;0;0;4973;0.00;0;0;0;0;0;0;0;0;0;0;0;0;0;0;0;0;14;0;99.0;99.0;0;0;0.00;0.00;0.00;0.0;0.0
47.671;57;0;99;0;0.0;19.700;1.340;24;26;0;0;100;0;100;0;0;0;0;88;88;0;0.000;0.000;0.000;0.000;0.000;0.000;0.0;0.0;0;14;0.000;0.000;11.3;0;0.1;0;0;0;0;0;98;0;0;4985;0.00;0;0;0;0;0;0;0;0;0;0;0;0;0;0;0;0;14;0;99.0;99.0;0;0;0.00;0.00;0.00;0.0;0.0
47.738;57;0;98;0;0.0;19.700;1.340;24;26;0;0;100;0;100;0;0;0;0;88;88;0;0.000;0.000;0.000;0.000;0.000;0.000;0.0;0.0;0;15;0.000;0.000;11.3;0;0.0;0;0;0;0;0;98;0;0;4985;0.00;0;0;0;0;0;0;0;0;0;0;0;0;0;0;0;0;15;0;98.0;98.0;0;0;0.00;0.00;0.00;0.0;0.0
47.806;57;0;99;0;0.0;19.700;1.340;24;26;0;0;100;0;100;0;0;0;0;88;88;0;0.000;0.000;0.000;0.000;0.000;0.000;0.0;0.0;0;14;0.000;0.000;11.3;0;0.1;0;0;0;0;0;98;0;0;4985;0.00;0;0;0;0;0;0;0;0;0;0;0;0;0;0;0;0;14;0;99.0;99.0;0;0;0.00;0.00;0.00;0.0;0.0
47.872;57;0;99;0;0.0;19.700;1.340;24;26;0;0;100;0;100;0;0;0;0;88;88;0;0.000;0.000;0.000;0.000;0.000;0.000;0.0;0.0;0;14;0.000;0.000;11.3;0;0.1;0;0;0;0;0;98;0;0;4985;0.00;0;0;0;0;0;0;0;0;0;0;0;0;0;0;0;0;14;0;99.0;99.0;0;0;0.00;0.00;0.00;0.0;0.0
47.937;57;0;99;0;0.0;19.700;1.340;24;26;0;0;100;0;100;0;0;0;0;88;88;0;0.000;0.000;0.000;0.000;0.000;0.000;0.0;0.0;0;14;0.000;0.000;11.3;0;0.1;0;0;0;0;0;98;0;0;4985;0.00;0;0;0;0;0;0;0;0;0;0;0;0;0;0;0;0;14;0;99.0;99.0;0;0;0.00;0.00;0.00;0.0;0.0
48.002;57;0;99;0;0.0;19.700;1.340;24;26;0;0;100;0;100;0;0;0;0;88;88;0;0.000;0.000;0.000;0.000;0.000;0.000;0.0;0.0;0;14;0.000;0.000;11.3;0;0.1;0;0;0;0;0;98;0;0;4985;0.00;0;0;0;0;0;0;0;0;0;0;0;0;0;0;0;0;14;0;99.0;99.0;0;0;0.00;0.00;0.00;0.0;0.0
48.068;57;0;99;0;0.0;19.700;1.340;24;26;0;0;100;0;100;0;0;0;0;88;88;0;0.000;0.000;0.000;0.000;0.000;0.000;0.0;0.0;0;14;0.000;0.000;11.3;0;0.1;0;0;0;0;0;98;0;0;4985;0.00;0;0;0;0;0;0;0;0;0;0;0;0;0;0;0;0;14;0;99.0;99.0;0;0;0.00;0.00;0.00;0.0;0.0
48.138;57;0;99;0;0.0;19.700;1.340;24;26;0;0;100;0;100;0;0;0;0;88;88;0;0.000;0.000;0.000;0.000;0.000;0.000;0.0;0.0;0;14;0.000;0.000;11.3;0;0.1;0;0;0;0;0;98;0;0;4985;0.00;0;0;0;0;0;0;0;0;0;0;0;0;0;0;0;0;14;0;99.0;99.0;0;0;0.00;0.00;0.00;0.0;0.0
48.203;57;0;99;0;0.0;19.700;1.340;24;26;0;0;100;0;100;0;0;0;0;88;88;0;0.000;0.000;0.000;0.000;0.000;0.000;0.0;0.0;0;14;0.000;0.000;11.3;0;0.1;0;0;0;0;0;98;0;0;4985;0.00;0;0;0;0;0;0;0;0;0;0;0;0;0;0;0;0;14;0;99.0;99.0;0;0;0.00;0.00;0.00;0.0;0.0
48.270;57;0;99;0;0.0;19.700;1.340;24;26;0;0;100;0;100;0;0;0;0;88;88;0;0.000;0.000;0.000;0.000;0.000;0.000;0.0;0.0;0;14;0.000;0.000;11.3;0;0.1;0;0;0;0;0;98;0;0;4985;0.00;0;0;0;0;0;0;0;0;0;0;0;0;0;0;0;0;14;0;99.0;99.0;0;0;0.00;0.00;0.00;0.0;0.0
48.338;57;0;99;0;0.0;19.700;1.340;24;26;0;0;100;0;100;0;0;0;0;88;88;0;0.000;0.000;0.000;0.000;0.000;0.000;0.0;0.0;0;14;0.000;0.000;11.3;0;0.1;0;0;0;0;0;98;0;0;4985;0.00;0;0;0;0;0;0;0;0;0;0;0;0;0;0;0;0;14;0;99.0;99.0;0;0;0.00;0.00;0.00;0.0;0.0
48.405;57;0;99;0;0.0;19.700;1.340;24;26;0;0;100;0;100;0;0;0;0;88;88;0;0.000;0.000;0.000;0.000;0.000;0.000;0.0;0.0;0;14;0.000;0.000;11.3;0;0.1;0;0;0;0;0;98;0;0;4985;0.00;0;0;0;0;0;0;0;0;0;0;0;0;0;0;0;0;14;0;99.0;99.0;0;0;0.00;0.00;0.00;0.0;0.0
48.474;57;0;99;0;0.0;19.700;1.340;24;26;0;0;100;0;100;0;0;0;0;88;88;0;0.000;0.000;0.000;0.000;0.000;0.000;0.0;0.0;0;14;0.000;0.000;11.3;0;0.1;0;0;0;0;0;98;0;0;4985;0.00;0;0;0;0;0;0;0;0;0;0;0;0;0;0;0;0;14;0;99.0;99.0;0;0;0.00;0.00;0.00;0.0;0.0
48.539;57;0;99;0;0.0;19.700;1.340;24;26;0;0;100;0;100;0;0;0;0;88;88;0;0.000;0.000;0.000;0.000;0.000;0.000;0.0;0.0;0;14;0.000;0.000;11.3;0;0.1;0;0;0;0;0;98;0;0;4985;0.00;0;0;0;0;0;0;0;0;0;0;0;0;0;0;0;0;14;0;99.0;99.0;0;0;0.00;0.00;0.00;0.0;0.0
48.604;57;0;99;0;0.0;19.700;1.340;24;26;0;0;100;0;100;0;0;0;0;88;88;0;0.000;0.000;0.000;0.000;0.000;0.000;0.0;0.0;0;14;0.000;0.000;11.3;0;0.1;0;0;0;0;0;98;0;0;4985;0.00;0;0;0;0;0;0;0;0;0;0;0;0;0;0;0;0;14;0;99.0;99.0;0;0;0.00;0.00;0.00;0.0;0.0
48.670;58;0;99;0;0.0;19.700;1.340;24;26;0;0;100;0;100;0;0;0;0;88;88;0;0.000;0.000;0.000;0.000;0.000;0.000;0.0;0.0;0;14;0.000;0.000;11.3;0;0.0;0;0;0;0;0;99;0;0;4988;0.00;0;0;0;0;0;0;0;0;0;0;0;0;0;0;0;0;14;0;99.0;99.0;0;0;0.00;0.00;0.00;0.0;0.0
48.736;58;0;99;0;0.0;19.700;1.340;24;26;0;0;100;0;100;0;0;0;0;88;88;0;0.000;0.000;0.000;0.000;0.000;0.000;0.0;0.0;0;14;0.000;0.000;11.3;0;0.0;0;0;0;0;0;99;0;0;4988;0.00;0;0;0;0;0;0;0;0;0;0;0;0;0;0;0;0;14;0;99.0;99.0;0;0;0.00;0.00;0.00;0.0;0.0
48.802;58;0;99;0;0.0;19.700;1.340;24;26;0;0;100;0;100;0;0;0;0;88;88;0;0.000;0.000;0.000;0.000;0.000;0.000;0.0;0.0;0;14;0.000;0.000;11.3;0;0.0;0;0;0;0;0;99;0;0;4988;0.00;0;0;0;0;0;0;0;0;0;0;0;0;0;0;0;0;14;0;99.0;99.0;0;0;0.00;0.00;0.00;0.0;0.0
48.872;58;0;99;0;0.0;19.700;1.340;24;26;0;0;100;0;100;0;0;0;0;88;88;0;0.000;0.000;0.000;0.000;0.000;0.000;0.0;0.0;0;14;0.000;0.000;11.3;0;0.0;0;0;0;0;0;99;0;0;4988;0.00;0;0;0;0;0;0;0;0;0;0;0;0;0;0;0;0;14;0;99.0;99.0;0;0;0.00;0.00;0.00;0.0;0.0
48.936;58;0;99;0;0.0;19.700;1.340;24;26;0;0;100;0;100;0;0;0;0;88;88;0;0.000;0.000;0.000;0.000;0.000;0.000;0.0;0.0;0;14;0.000;0.000;11.3;0;0.0;0;0;0;0;0;99;0;0;4988;0.00;0;0;0;0;0;0;0;0;0;0;0;0;0;0;0;0;14;0;99.0;99.0;0;0;0.00;0.00;0.00;0.0;0.0
49.002;58;0;99;0;0.0;19.700;1.340;24;26;0;0;100;0;100;0;0;0;0;88;88;0;0.000;0.000;0.000;0.000;0.000;0.000;0.0;0.0;0;14;0.000;0.000;11.3;0;0.0;0;0;0;0;0;99;0;0;4988;0.00;0;0;0;0;0;0;0;0;0;0;0;0;0;0;0;0;14;0;99.0;99.0;0;0;0.00;0.00;0.00;0.0;0.0
49.067;58;0;99;0;0.0;19.700;1.340;24;26;0;0;100;0;100;0;0;0;0;88;88;0;0.000;0.000;0.000;0.000;0.000;0.000;0.0;0.0;0;14;0.000;0.000;11.3;0;0.0;0;0;0;0;0;99;0;0;4988;0.00;0;0;0;0;0;0;0;0;0;0;0;0;0;0;0;0;14;0;99.0;99.0;0;0;0.00;0.00;0.00;0.0;0.0
49.134;58;0;99;0;0.0;19.700;1.340;24;26;0;0;100;0;100;0;0;0;0;88;88;0;0.000;0.000;0.000;0.000;0.000;0.000;0.0;0.0;0;14;0.000;0.000;11.3;0;0.0;0;0;0;0;0;99;0;0;4988;0.00;0;0;0;0;0;0;0;0;0;0;0;0;0;0;0;0;14;0;99.0;99.0;0;0;0.00;0.00;0.00;0.0;0.0
49.202;58;0;99;0;0.0;19.700;1.340;24;26;0;0;100;0;100;0;0;0;0;88;88;0;0.000;0.000;0.000;0.000;0.000;0.000;0.0;0.0;0;14;0.000;0.000;11.3;0;0.0;0;0;0;0;0;99;0;0;4988;0.00;0;0;0;0;0;0;0;0;0;0;0;0;0;0;0;0;14;0;99.0;99.0;0;0;0.00;0.00;0.00;0.0;0.0
49.267;58;0;99;0;0.0;19.700;1.340;24;26;0;0;100;0;100;0;0;0;0;88;88;0;0.000;0.000;0.000;0.000;0.000;0.000;0.0;0.0;0;14;0.000;0.000;11.3;0;0.0;0;0;0;0;0;99;0;0;4988;0.00;0;0;0;0;0;0;0;0;0;0;0;0;0;0;0;0;14;0;99.0;99.0;0;0;0.00;0.00;0.00;0.0;0.0
49.338;58;0;99;0;0.0;19.700;1.340;24;26;0;0;100;0;100;0;0;0;0;88;88;0;0.000;0.000;0.000;0.000;0.000;0.000;0.0;0.0;0;14;0.000;0.000;11.3;0;0.0;0;0;0;0;0;99;0;0;4988;0.00;0;0;0;0;0;0;0;0;0;0;0;0;0;0;0;0;14;0;99.0;99.0;0;0;0.00;0.00;0.00;0.0;0.0
49.403;58;0;99;0;0.0;19.700;1.340;24;26;0;0;100;0;100;0;0;0;0;88;88;0;0.000;0.000;0.000;0.000;0.000;0.000;0.0;0.0;0;14;0.000;0.000;11.3;0;0.0;0;0;0;0;0;99;0;0;4988;0.00;0;0;0;0;0;0;0;0;0;0;0;0;0;0;0;0;14;0;99.0;99.0;0;0;0.00;0.00;0.00;0.0;0.0
49.471;58;0;99;0;0.0;19.700;1.340;24;26;0;0;100;0;100;0;0;0;0;88;88;0;0.000;0.000;0.000;0.000;0.000;0.000;0.0;0.0;0;14;0.000;0.000;11.3;0;0.0;0;0;0;0;0;99;0;0;4988;0.00;0;0;0;0;0;0;0;0;0;0;0;0;0;0;0;0;14;0;99.0;99.0;0;0;0.00;0.00;0.00;0.0;0.0
49.538;58;0;99;0;0.0;19.700;1.340;24;26;0;0;100;0;100;0;0;0;0;88;88;0;0.000;0.000;0.000;0.000;0.000;0.000;0.0;0.0;0;14;0.000;0.000;11.3;0;0.0;0;0;0;0;0;99;0;0;4988;0.00;0;0;0;0;0;0;0;0;0;0;0;0;0;0;0;0;14;0;99.0;99.0;0;0;0.00;0.00;0.00;0.0;0.0
49.604;58;0;99;0;0.0;19.700;1.340;24;26;0;0;100;0;100;0;0;0;0;88;88;0;0.000;0.000;0.000;0.000;0.000;0.000;0.0;0.0;0;14;0.000;0.000;11.3;0;0.0;0;0;0;0;0;99;0;0;4988;0.00;0;0;0;0;0;0;0;0;0;0;0;0;0;0;0;0;14;0;99.0;99.0;0;0;0.00;0.00;0.00;0.0;0.0
49.672;59;0;99;0;0.0;19.700;1.340;24;26;0;0;100;0;100;0;0;0;0;88;88;0;0.000;0.000;0.000;0.000;0.000;0.000;0.0;0.0;0;14;0.000;0.000;11.3;0;0.1;0;0;0;0;0;98;0;0;4987;0.00;0;0;0;0;0;0;0;0;0;0;0;0;0;0;0;0;14;0;99.0;99.0;0;0;0.00;0.00;0.00;0.0;0.0
49.739;59;0;99;0;0.0;19.700;1.340;24;26;0;0;100;0;100;0;0;0;0;88;88;0;0.000;0.000;0.000;0.000;0.000;0.000;0.0;0.0;0;14;0.000;0.000;11.3;0;0.1;0;0;0;0;0;98;0;0;4987;0.00;0;0;0;0;0;0;0;0;0;0;0;0;0;0;0;0;14;0;99.0;99.0;0;0;0.00;0.00;0.00;0.0;0.0
49.805;59;0;99;0;0.0;19.700;1.340;24;26;0;0;100;0;100;0;0;0;0;88;88;0;0.000;0.000;0.000;0.000;0.000;0.000;0.0;0.0;0;14;0.000;0.000;11.3;0;0.1;0;0;0;0;0;98;0;0;4987;0.00;0;0;0;0;0;0;0;0;0;0;0;0;0;0;0;0;14;0;99.0;99.0;0;0;0.00;0.00;0.00;0.0;0.0
49.870;59;0;99;0;0.0;19.700;1.340;24;26;0;0;100;0;100;0;0;0;0;88;88;0;0.000;0.000;0.000;0.000;0.000;0.000;0.0;0.0;0;14;0.000;0.000;11.3;0;0.1;0;0;0;0;0;98;0;0;4987;0.00;0;0;0;0;0;0;0;0;0;0;0;0;0;0;0;0;14;0;99.0;99.0;0;0;0.00;0.00;0.00;0.0;0.0
49.940;59;0;99;0;0.0;19.700;1.340;24;26;0;0;100;0;100;0;0;0;0;88;88;0;0.000;0.000;0.000;0.000;0.000;0.000;0.0;0.0;0;14;0.000;0.000;11.3;0;0.1;0;0;0;0;0;98;0;0;4987;0.00;0;0;0;0;0;0;0;0;0;0;0;0;0;0;0;0;14;0;99.0;99.0;0;0;0.00;0.00;0.00;0.0;0.0
50.005;59;0;99;0;0.0;19.700;1.340;24;26;0;0;100;0;100;0;0;0;0;88;88;0;0.000;0.000;0.000;0.000;0.000;0.000;0.0;0.0;0;14;0.000;0.000;11.3;0;0.1;0;0;0;0;0;98;0;0;4987;0.00;0;0;0;0;0;0;0;0;0;0;0;0;0;0;0;0;14;0;99.0;99.0;0;0;0.00;0.00;0.00;0.0;0.0
50.072;59;0;99;0;0.0;19.700;1.340;24;26;0;0;100;0;100;0;0;0;0;88;88;0;0.000;0.000;0.000;0.000;0.000;0.000;0.0;0.0;0;14;0.000;0.000;11.3;0;0.1;0;0;0;0;0;98;0;0;4987;0.00;0;0;0;0;0;0;0;0;0;0;0;0;0;0;0;0;14;0;99.0;99.0;0;0;0.00;0.00;0.00;0.0;0.0
50.137;59;0;99;0;0.0;19.700;1.340;24;26;0;0;100;0;100;0;0;0;0;88;88;0;0.000;0.000;0.000;0.000;0.000;0.000;0.0;0.0;0;14;0.000;0.000;11.3;0;0.1;0;0;0;0;0;98;0;0;4987;0.00;0;0;0;0;0;0;0;0;0;0;0;0;0;0;0;0;14;0;99.0;99.0;0;0;0.00;0.00;0.00;0.0;0.0
50.202;59;0;99;0;0.0;19.700;1.340;24;26;0;0;100;0;100;0;0;0;0;88;88;0;0.000;0.000;0.000;0.000;0.000;0.000;0.0;0.0;0;14;0.000;0.000;11.3;0;0.1;0;0;0;0;0;98;0;0;4987;0.00;0;0;0;0;0;0;0;0;0;0;0;0;0;0;0;0;14;0;99.0;99.0;0;0;0.00;0.00;0.00;0.0;0.0
50.268;59;0;99;0;0.0;19.700;1.340;24;26;0;0;100;0;100;0;0;0;0;88;88;0;0.000;0.000;0.000;0.000;0.000;0.000;0.0;0.0;0;14;0.000;0.000;11.3;0;0.1;0;0;0;0;0;98;0;0;4987;0.00;0;0;0;0;0;0;0;0;0;0;0;0;0;0;0;0;14;0;99.0;99.0;0;0;0.00;0.00;0.00;0.0;0.0
50.337;59;0;99;0;0.0;19.700;1.340;24;26;0;0;100;0;100;0;0;0;0;88;88;0;0.000;0.000;0.000;0.000;0.000;0.000;0.0;0.0;0;14;0.000;0.000;11.3;0;0.1;0;0;0;0;0;98;0;0;4987;0.00;0;0;0;0;0;0;0;0;0;0;0;0;0;0;0;0;14;0;99.0;99.0;0;0;0.00;0.00;0.00;0.0;0.0
50.404;59;0;99;0;0.0;19.700;1.340;24;26;0;0;100;0;100;0;0;0;0;88;88;0;0.000;0.000;0.000;0.000;0.000;0.000;0.0;0.0;0;14;0.000;0.000;11.3;0;0.1;0;0;0;0;0;98;0;0;4987;0.00;0;0;0;0;0;0;0;0;0;0;0;0;0;0;0;0;14;0;99.0;99.0;0;0;0.00;0.00;0.00;0.0;0.0
50.472;59;0;99;0;0.0;19.700;1.340;24;26;0;0;100;0;100;0;0;0;0;88;88;0;0.000;0.000;0.000;0.000;0.000;0.000;0.0;0.0;0;14;0.000;0.000;11.3;0;0.1;0;0;0;0;0;98;0;0;4987;0.00;0;0;0;0;0;0;0;0;0;0;0;0;0;0;0;0;14;0;99.0;99.0;0;0;0.00;0.00;0.00;0.0;0.0
50.538;59;0;99;0;0.0;19.700;1.340;24;26;0;0;100;0;100;0;0;0;0;88;88;0;0.000;0.000;0.000;0.000;0.000;0.000;0.0;0.0;0;14;0.000;0.000;11.3;0;0.1;0;0;0;0;0;98;0;0;4987;0.00;0;0;0;0;0;0;0;0;0;0;0;0;0;0;0;0;14;0;99.0;99.0;0;0;0.00;0.00;0.00;0.0;0.0
50.603;59;0;99;0;0.0;19.700;1.340;24;26;0;0;100;0;100;0;0;0;0;88;88;0;0.000;0.000;0.000;0.000;0.000;0.000;0.0;0.0;0;14;0.000;0.000;11.3;0;0.1;0;0;0;0;0;98;0;0;4987;0.00;0;0;0;0;0;0;0;0;0;0;0;0;0;0;0;0;14;0;99.0;99.0;0;0;0.00;0.00;0.00;0.0;0.0
50.669;59;0;99;0;0.0;19.700;1.340;24;26;0;0;100;0;100;0;0;0;0;88;88;0;0.000;0.000;0.000;0.000;0.000;0.000;0.0;0.0;0;14;0.000;0.000;11.3;0;0.1;0;0;0;0;0;98;0;0;4987;0.00;0;0;0;0;0;0;0;0;0;0;0;0;0;0;0;0;14;0;99.0;99.0;0;0;0.00;0.00;0.00;0.0;0.0
50.736;60;0;99;0;0.0;19.700;1.340;24;26;0;0;100;0;100;0;0;0;0;88;88;0;0.000;0.000;0.000;0.000;0.000;0.000;0.0;0.0;0;14;0.000;0.000;11.3;0;0.0;0;0;0;0;0;99;0;0;4960;0.00;0;0;0;0;0;0;0;0;0;0;0;0;0;0;0;0;14;0;99.0;99.0;0;0;0.00;0.00;0.00;0.0;0.0
50.805;60;0;99;0;0.0;19.700;1.340;24;26;0;0;100;0;100;0;0;0;0;88;88;0;0.000;0.000;0.000;0.000;0.000;0.000;0.0;0.0;0;14;0.000;0.000;11.3;0;0.0;0;0;0;0;0;99;0;0;4960;0.00;0;0;0;0;0;0;0;0;0;0;0;0;0;0;0;0;14;0;99.0;99.0;0;0;0.00;0.00;0.00;0.0;0.0
50.870;60;0;99;0;0.0;19.700;1.340;24;26;0;0;100;0;100;0;0;0;0;88;88;0;0.000;0.000;0.000;0.000;0.000;0.000;0.0;0.0;0;14;0.000;0.000;11.3;0;0.0;0;0;0;0;0;99;0;0;4960;0.00;0;0;0;0;0;0;0;0;0;0;0;0;0;0;0;0;14;0;99.0;99.0;0;0;0.00;0.00;0.00;0.0;0.0
50.936;60;0;99;0;0.0;19.700;1.340;24;26;0;0;100;0;100;0;0;0;0;88;88;0;0.000;0.000;0.000;0.000;0.000;0.000;0.0;0.0;0;14;0.000;0.000;11.3;0;0.0;0;0;0;0;0;99;0;0;4960;0.00;0;0;0;0;0;0;0;0;0;0;0;0;0;0;0;0;14;0;99.0;99.0;0;0;0.00;0.00;0.00;0.0;0.0
51.001;60;0;99;0;0.0;19.700;1.340;24;26;0;0;100;0;100;0;0;0;0;88;88;0;0.000;0.000;0.000;0.000;0.000;0.000;0.0;0.0;0;14;0.000;0.000;11.3;0;0.0;0;0;0;0;0;99;0;0;4960;0.00;0;0;0;0;0;0;0;0;0;0;0;0;0;0;0;0;14;0;99.0;99.0;0;0;0.00;0.00;0.00;0.0;0.0
51.071;60;0;99;0;0.0;19.700;1.340;24;26;0;0;100;0;100;0;0;0;0;88;88;0;0.000;0.000;0.000;0.000;0.000;0.000;0.0;0.0;0;14;0.000;0.000;11.3;0;0.0;0;0;0;0;0;99;0;0;4960;0.00;0;0;0;0;0;0;0;0;0;0;0;0;0;0;0;0;14;0;99.0;99.0;0;0;0.00;0.00;0.00;0.0;0.0
51.136;60;0;99;0;0.0;19.700;1.340;24;26;0;0;100;0;100;0;0;0;0;88;88;0;0.000;0.000;0.000;0.000;0.000;0.000;0.0;0.0;0;14;0.000;0.000;11.3;0;0.0;0;0;0;0;0;99;0;0;4960;0.00;0;0;0;0;0;0;0;0;0;0;0;0;0;0;0;0;14;0;99.0;99.0;0;0;0.00;0.00;0.00;0.0;0.0
51.205;60;0;99;0;0.0;19.700;1.340;24;26;0;0;100;0;100;0;0;0;0;88;88;0;0.000;0.000;0.000;0.000;0.000;0.000;0.0;0.0;0;14;0.000;0.000;11.3;0;0.0;0;0;0;0;0;99;0;0;4960;0.00;0;0;0;0;0;0;0;0;0;0;0;0;0;0;0;0;14;0;99.0;99.0;0;0;0.00;0.00;0.00;0.0;0.0
51.271;60;0;99;0;0.0;19.700;1.340;24;26;0;0;100;0;100;0;0;0;0;88;88;0;0.000;0.000;0.000;0.000;0.000;0.000;0.0;0.0;0;14;0.000;0.000;11.3;0;0.0;0;0;0;0;0;99;0;0;4960;0.00;0;0;0;0;0;0;0;0;0;0;0;0;0;0;0;0;14;0;99.0;99.0;0;0;0.00;0.00;0.00;0.0;0.0
51.337;60;0;99;0;0.0;19.700;1.340;24;26;0;0;100;0;100;0;0;0;0;88;88;0;0.000;0.000;0.000;0.000;0.000;0.000;0.0;0.0;0;14;0.000;0.000;11.3;0;0.0;0;0;0;0;0;99;0;0;4960;0.00;0;0;0;0;0;0;0;0;0;0;0;0;0;0;0;0;14;0;99.0;99.0;0;0;0.00;0.00;0.00;0.0;0.0
51.406;60;0;99;0;0.0;19.700;1.340;24;26;0;0;100;0;100;0;0;0;0;88;88;0;0.000;0.000;0.000;0.000;0.000;0.000;0.0;0.0;0;14;0.000;0.000;11.3;0;0.0;0;0;0;0;0;99;0;0;4960;0.00;0;0;0;0;0;0;0;0;0;0;0;0;0;0;0;0;14;0;99.0;99.0;0;0;0.00;0.00;0.00;0.0;0.0
51.471;60;0;99;0;0.0;19.700;1.340;24;26;0;0;100;0;100;0;0;0;0;88;88;0;0.000;0.000;0.000;0.000;0.000;0.000;0.0;0.0;0;14;0.000;0.000;11.3;0;0.0;0;0;0;0;0;99;0;0;4960;0.00;0;0;0;0;0;0;0;0;0;0;0;0;0;0;0;0;14;0;99.0;99.0;0;0;0.00;0.00;0.00;0.0;0.0
51.538;60;0;99;0;0.0;19.700;1.340;24;26;0;0;100;0;100;0;0;0;0;88;88;0;0.000;0.000;0.000;0.000;0.000;0.000;0.0;0.0;0;14;0.000;0.000;11.3;0;0.0;0;0;0;0;0;99;0;0;4960;0.00;0;0;0;0;0;0;0;0;0;0;0;0;0;0;0;0;14;0;99.0;99.0;0;0;0.00;0.00;0.00;0.0;0.0
51.603;60;0;99;0;0.0;19.700;1.340;24;26;0;0;100;0;100;0;0;0;0;88;88;0;0.000;0.000;0.000;0.000;0.000;0.000;0.0;0.0;0;14;0.000;0.000;11.3;0;0.0;0;0;0;0;0;99;0;0;4960;0.00;0;0;0;0;0;0;0;0;0;0;0;0;0;0;0;0;14;0;99.0;99.0;0;0;0.00;0.00;0.00;0.0;0.0
51.672;60;0;99;0;0.0;19.700;1.340;24;26;0;0;100;0;100;0;0;0;0;88;88;0;0.000;0.000;0.000;0.000;0.000;0.000;0.0;0.0;0;14;0.000;0.000;11.3;0;0.0;0;0;0;0;0;99;0;0;4960;0.00;0;0;0;0;0;0;0;0;0;0;0;0;0;0;0;0;14;0;99.0;99.0;0;0;0.00;0.00;0.00;0.0;0.0
51.738;61;0;99;0;0.0;19.700;1.340;24;26;0;0;100;0;100;0;0;0;0;88;88;0;0.000;0.000;0.000;0.000;0.000;0.000;0.0;0.0;0;14;0.000;0.000;11.3;0;0.0;0;0;0;0;0;99;0;0;4986;0.00;0;0;0;0;0;0;0;0;0;0;0;0;0;0;0;0;14;0;99.0;99.0;0;0;0.00;0.00;0.00;0.0;0.0
51.803;61;0;99;0;0.0;19.700;1.340;24;26;0;0;100;0;100;0;0;0;0;88;88;0;0.000;0.000;0.000;0.000;0.000;0.000;0.0;0.0;0;14;0.000;0.000;11.3;0;0.0;0;0;0;0;0;99;0;0;4986;0.00;0;0;0;0;0;0;0;0;0;0;0;0;0;0;0;0;14;0;99.0;99.0;0;0;0.00;0.00;0.00;0.0;0.0
51.868;61;0;99;0;0.0;19.700;1.340;24;26;0;0;100;0;100;0;0;0;0;88;88;0;0.000;0.000;0.000;0.000;0.000;0.000;0.0;0.0;0;14;0.000;0.000;11.3;0;0.0;0;0;0;0;0;99;0;0;4986;0.00;0;0;0;0;0;0;0;0;0;0;0;0;0;0;0;0;14;0;99.0;99.0;0;0;0.00;0.00;0.00;0.0;0.0
51.935;61;0;99;0;0.0;19.700;1.340;24;26;0;0;100;0;100;0;0;0;0;88;88;0;0.000;0.000;0.000;0.000;0.000;0.000;0.0;0.0;0;14;0.000;0.000;11.3;0;0.0;0;0;0;0;0;99;0;0;4986;0.00;0;0;0;0;0;0;0;0;0;0;0;0;0;0;0;0;14;0;99.0;99.0;0;0;0.00;0.00;0.00;0.0;0.0
52.005;61;0;98;0;0.0;19.700;1.340;24;26;0;0;100;0;100;0;0;0;0;88;88;0;0.000;0.000;0.000;0.000;0.000;0.000;0.0;0.0;0;15;0.000;0.000;11.3;0;-0.1;0;0;0;0;0;99;0;0;4986;0.00;0;0;0;0;0;0;0;0;0;0;0;0;0;0;0;0;15;0;98.0;98.0;0;0;0.00;0.00;0.00;0.0;0.0
52.074;61;0;99;0;0.0;19.700;1.340;24;26;0;0;100;0;100;0;0;0;0;88;88;0;0.000;0.000;0.000;0.000;0.000;0.000;0.0;0.0;0;14;0.000;0.000;11.3;0;0.0;0;0;0;0;0;99;0;0;4986;0.00;0;0;0;0;0;0;0;0;0;0;0;0;0;0;0;0;14;0;99.0;99.0;0;0;0.00;0.00;0.00;0.0;0.0
52.139;61;0;99;0;0.0;19.700;1.340;24;26;0;0;100;0;100;0;0;0;0;88;88;0;0.000;0.000;0.000;0.000;0.000;0.000;0.0;0.0;0;14;0.000;0.000;11.3;0;0.0;0;0;0;0;0;99;0;0;4986;0.00;0;0;0;0;0;0;0;0;0;0;0;0;0;0;0;0;14;0;99.0;99.0;0;0;0.00;0.00;0.00;0.0;0.0
52.205;61;0;99;0;0.0;19.700;1.340;24;26;0;0;100;0;100;0;0;0;0;88;88;0;0.000;0.000;0.000;0.000;0.000;0.000;0.0;0.0;0;14;0.000;0.000;11.3;0;0.0;0;0;0;0;0;99;0;0;4986;0.00;0;0;0;0;0;0;0;0;0;0;0;0;0;0;0;0;14;0;99.0;99.0;0;0;0.00;0.00;0.00;0.0;0.0
52.270;61;0;99;0;0.0;19.700;1.340;24;26;0;0;100;0;100;0;0;0;0;88;88;0;0.000;0.000;0.000;0.000;0.000;0.000;0.0;0.0;0;14;0.000;0.000;11.3;0;0.0;0;0;0;0;0;99;0;0;4986;0.00;0;0;0;0;0;0;0;0;0;0;0;0;0;0;0;0;14;0;99.0;99.0;0;0;0.00;0.00;0.00;0.0;0.0
52.337;61;0;99;0;0.0;19.700;1.340;24;26;0;0;100;0;100;0;0;0;0;88;88;0;0.000;0.000;0.000;0.000;0.000;0.000;0.0;0.0;0;14;0.000;0.000;11.3;0;0.0;0;0;0;0;0;99;0;0;4986;0.00;0;0;0;0;0;0;0;0;0;0;0;0;0;0;0;0;14;0;99.0;99.0;0;0;0.00;0.00;0.00;0.0;0.0
52.406;61;0;99;0;0.0;19.700;1.340;24;26;0;0;100;0;100;0;0;0;0;88;88;0;0.000;0.000;0.000;0.000;0.000;0.000;0.0;0.0;0;14;0.000;0.000;11.3;0;0.0;0;0;0;0;0;99;0;0;4986;0.00;0;0;0;0;0;0;0;0;0;0;0;0;0;0;0;0;14;0;99.0;99.0;0;0;0.00;0.00;0.00;0.0;0.0
52.471;61;0;99;0;0.0;19.700;1.340;24;26;0;0;100;0;100;0;0;0;0;88;88;0;0.000;0.000;0.000;0.000;0.000;0.000;0.0;0.0;0;14;0.000;0.000;11.3;0;0.0;0;0;0;0;0;99;0;0;4986;0.00;0;0;0;0;0;0;0;0;0;0;0;0;0;0;0;0;14;0;99.0;99.0;0;0;0.00;0.00;0.00;0.0;0.0
52.536;61;0;99;0;0.0;19.700;1.340;24;26;0;0;100;0;100;0;0;0;0;88;88;0;0.000;0.000;0.000;0.000;0.000;0.000;0.0;0.0;0;14;0.000;0.000;11.3;0;0.0;0;0;0;0;0;99;0;0;4986;0.00;0;0;0;0;0;0;0;0;0;0;0;0;0;0;0;0;14;0;99.0;99.0;0;0;0.00;0.00;0.00;0.0;0.0
52.602;61;0;99;0;0.0;19.700;1.340;24;26;0;0;100;0;100;0;0;0;0;88;88;0;0.000;0.000;0.000;0.000;0.000;0.000;0.0;0.0;0;14;0.000;0.000;11.3;0;0.0;0;0;0;0;0;99;0;0;4986;0.00;0;0;0;0;0;0;0;0;0;0;0;0;0;0;0;0;14;0;99.0;99.0;0;0;0.00;0.00;0.00;0.0;0.0
52.667;61;0;99;0;0.0;19.700;1.340;24;26;0;0;100;0;100;0;0;0;0;88;88;0;0.000;0.000;0.000;0.000;0.000;0.000;0.0;0.0;0;14;0.000;0.000;11.3;0;0.0;0;0;0;0;0;99;0;0;4986;0.00;0;0;0;0;0;0;0;0;0;0;0;0;0;0;0;0;14;0;99.0;99.0;0;0;0.00;0.00;0.00;0.0;0.0
52.737;62;0;99;0;0.0;19.700;1.340;24;26;0;0;100;0;100;0;0;0;0;88;88;0;0.000;0.000;0.000;0.000;0.000;0.000;0.0;0.0;0;14;0.000;0.000;11.3;0;0.0;0;0;0;0;0;99;0;0;4983;0.00;0;0;0;0;0;0;0;0;0;0;0;0;0;0;0;0;14;0;99.0;99.0;0;0;0.00;0.00;0.00;0.0;0.0
52.802;62;0;99;0;0.0;19.700;1.340;24;26;0;0;100;0;100;0;0;0;0;88;88;0;0.000;0.000;0.000;0.000;0.000;0.000;0.0;0.0;0;14;0.000;0.000;11.3;0;0.0;0;0;0;0;0;99;0;0;4983;0.00;0;0;0;0;0;0;0;0;0;0;0;0;0;0;0;0;14;0;99.0;99.0;0;0;0.00;0.00;0.00;0.0;0.0
52.868;62;0;99;0;0.0;19.700;1.340;24;26;0;0;100;0;100;0;0;0;0;88;88;0;0.000;0.000;0.000;0.000;0.000;0.000;0.0;0.0;0;14;0.000;0.000;11.3;0;0.0;0;0;0;0;0;99;0;0;4983;0.00;0;0;0;0;0;0;0;0;0;0;0;0;0;0;0;0;14;0;99.0;99.0;0;0;0.00;0.00;0.00;0.0;0.0
52.938;62;0;99;0;0.0;19.700;1.340;24;26;0;0;100;0;100;0;0;0;0;88;88;0;0.000;0.000;0.000;0.000;0.000;0.000;0.0;0.0;0;14;0.000;0.000;11.3;0;0.0;0;0;0;0;0;99;0;0;4983;0.00;0;0;0;0;0;0;0;0;0;0;0;0;0;0;0;0;14;0;99.0;99.0;0;0;0.00;0.00;0.00;0.0;0.0
53.003;62;0;99;0;0.0;19.700;1.340;24;26;0;0;100;0;100;0;0;0;0;88;88;0;0.000;0.000;0.000;0.000;0.000;0.000;0.0;0.0;0;14;0.000;0.000;11.3;0;0.0;0;0;0;0;0;99;0;0;4983;0.00;0;0;0;0;0;0;0;0;0;0;0;0;0;0;0;0;14;0;99.0;99.0;0;0;0.00;0.00;0.00;0.0;0.0
53.070;62;0;99;0;0.0;19.700;1.340;24;26;0;0;100;0;100;0;0;0;0;88;88;0;0.000;0.000;0.000;0.000;0.000;0.000;0.0;0.0;0;14;0.000;0.000;11.3;0;0.0;0;0;0;0;0;99;0;0;4983;0.00;0;0;0;0;0;0;0;0;0;0;0;0;0;0;0;0;14;0;99.0;99.0;0;0;0.00;0.00;0.00;0.0;0.0
53.138;62;0;99;0;0.0;19.700;1.340;24;26;0;0;100;0;100;0;0;0;0;88;88;0;0.000;0.000;0.000;0.000;0.000;0.000;0.0;0.0;0;14;0.000;0.000;11.3;0;0.0;0;0;0;0;0;99;0;0;4983;0.00;0;0;0;0;0;0;0;0;0;0;0;0;0;0;0;0;14;0;99.0;99.0;0;0;0.00;0.00;0.00;0.0;0.0
53.203;62;0;99;0;0.0;19.700;1.340;24;26;0;0;100;0;100;0;0;0;0;88;88;0;0.000;0.000;0.000;0.000;0.000;0.000;0.0;0.0;0;14;0.000;0.000;11.3;0;0.0;0;0;0;0;0;99;0;0;4983;0.00;0;0;0;0;0;0;0;0;0;0;0;0;0;0;0;0;14;0;99.0;99.0;0;0;0.00;0.00;0.00;0.0;0.0
53.271;62;0;99;0;0.0;19.700;1.340;24;26;0;0;100;0;100;0;0;0;0;88;88;0;0.000;0.000;0.000;0.000;0.000;0.000;0.0;0.0;0;14;0.000;0.000;11.3;0;0.0;0;0;0;0;0;99;0;0;4983;0.00;0;0;0;0;0;0;0;0;0;0;0;0;0;0;0;0;14;0;99.0;99.0;0;0;0.00;0.00;0.00;0.0;0.0
53.340;62;0;99;0;0.0;19.700;1.340;24;26;0;0;100;0;100;0;0;0;0;88;88;0;0.000;0.000;0.000;0.000;0.000;0.000;0.0;0.0;0;14;0.000;0.000;11.3;0;0.0;0;0;0;0;0;99;0;0;4983;0.00;0;0;0;0;0;0;0;0;0;0;0;0;0;0;0;0;14;0;99.0;99.0;0;0;0.00;0.00;0.00;0.0;0.0
53.406;62;0;99;0;0.0;19.700;1.340;24;26;0;0;100;0;100;0;0;0;0;88;88;0;0.000;0.000;0.000;0.000;0.000;0.000;0.0;0.0;0;14;0.000;0.000;11.3;0;0.0;0;0;0;0;0;99;0;0;4983;0.00;0;0;0;0;0;0;0;0;0;0;0;0;0;0;0;0;14;0;99.0;99.0;0;0;0.00;0.00;0.00;0.0;0.0
53.471;62;0;99;0;0.0;19.700;1.340;24;26;0;0;100;0;100;0;0;0;0;88;88;0;0.000;0.000;0.000;0.000;0.000;0.000;0.0;0.0;0;14;0.000;0.000;11.3;0;0.0;0;0;0;0;0;99;0;0;4983;0.00;0;0;0;0;0;0;0;0;0;0;0;0;0;0;0;0;14;0;99.0;99.0;0;0;0.00;0.00;0.00;0.0;0.0
53.536;62;0;99;0;0.0;19.700;1.340;24;26;0;0;100;0;100;0;0;0;0;88;88;0;0.000;0.000;0.000;0.000;0.000;0.000;0.0;0.0;0;14;0.000;0.000;11.3;0;0.0;0;0;0;0;0;99;0;0;4983;0.00;0;0;0;0;0;0;0;0;0;0;0;0;0;0;0;0;14;0;99.0;99.0;0;0;0.00;0.00;0.00;0.0;0.0
53.602;62;0;99;0;0.0;19.700;1.340;24;26;0;0;100;0;100;0;0;0;0;88;88;0;0.000;0.000;0.000;0.000;0.000;0.000;0.0;0.0;0;14;0.000;0.000;11.3;0;0.0;0;0;0;0;0;99;0;0;4983;0.00;0;0;0;0;0;0;0;0;0;0;0;0;0;0;0;0;14;0;99.0;99.0;0;0;0.00;0.00;0.00;0.0;0.0
53.672;62;0;99;0;0.0;19.700;1.340;24;26;0;0;100;0;100;0;0;0;0;88;88;0;0.000;0.000;0.000;0.000;0.000;0.000;0.0;0.0;0;14;0.000;0.000;11.3;0;0.0;0;0;0;0;0;99;0;0;4983;0.00;0;0;0;0;0;0;0;0;0;0;0;0;0;0;0;0;14;0;99.0;99.0;0;0;0.00;0.00;0.00;0.0;0.0
53.736;63;0;99;0;0.0;19.700;1.340;24;26;0;0;100;0;100;0;0;0;0;88;88;0;0.000;0.000;0.000;0.000;0.000;0.000;0.0;0.0;0;14;0.000;0.000;11.3;0;0.0;0;0;0;0;0;99;0;0;4986;0.00;0;0;0;0;0;0;0;0;0;0;0;0;0;0;0;0;14;0;99.0;99.0;0;0;0.00;0.00;0.00;0.0;0.0
53.801;63;0;99;0;0.0;19.700;1.340;24;26;0;0;100;0;100;0;0;0;0;88;88;0;0.000;0.000;0.000;0.000;0.000;0.000;0.0;0.0;0;14;0.000;0.000;11.3;0;0.0;0;0;0;0;0;99;0;0;4986;0.00;0;0;0;0;0;0;0;0;0;0;0;0;0;0;0;0;14;0;99.0;99.0;0;0;0.00;0.00;0.00;0.0;0.0
53.873;63;0;99;0;0.0;19.700;1.340;24;26;0;0;100;0;100;0;0;0;0;88;88;0;0.000;0.000;0.000;0.000;0.000;0.000;0.0;0.0;0;14;0.000;0.000;11.3;0;0.0;0;0;0;0;0;99;0;0;4986;0.00;0;0;0;0;0;0;0;0;0;0;0;0;0;0;0;0;14;0;99.0;99.0;0;0;0.00;0.00;0.00;0.0;0.0
53.941;63;0;99;0;0.0;19.700;1.340;24;26;0;0;100;0;100;0;0;0;0;88;88;0;0.000;0.000;0.000;0.000;0.000;0.000;0.0;0.0;0;14;0.000;0.000;11.3;0;0.0;0;0;0;0;0;99;0;0;4986;0.00;0;0;0;0;0;0;0;0;0;0;0;0;0;0;0;0;14;0;99.0;99.0;0;0;0.00;0.00;0.00;0.0;0.0
54.007;63;0;99;0;0.0;19.700;1.340;24;26;0;0;100;0;100;0;0;0;0;88;88;0;0.000;0.000;0.000;0.000;0.000;0.000;0.0;0.0;0;14;0.000;0.000;11.3;0;0.0;0;0;0;0;0;99;0;0;4986;0.00;0;0;0;0;0;0;0;0;0;0;0;0;0;0;0;0;14;0;99.0;99.0;0;0;0.00;0.00;0.00;0.0;0.0
54.073;63;0;99;0;0.0;19.700;1.340;24;26;0;0;100;0;100;0;0;0;0;88;88;0;0.000;0.000;0.000;0.000;0.000;0.000;0.0;0.0;0;14;0.000;0.000;11.3;0;0.0;0;0;0;0;0;99;0;0;4986;0.00;0;0;0;0;0;0;0;0;0;0;0;0;0;0;0;0;14;0;99.0;99.0;0;0;0.00;0.00;0.00;0.0;0.0
54.139;63;0;99;0;0.0;19.700;1.340;24;26;0;0;100;0;100;0;0;0;0;88;88;0;0.000;0.000;0.000;0.000;0.000;0.000;0.0;0.0;0;14;0.000;0.000;11.3;0;0.0;0;0;0;0;0;99;0;0;4986;0.00;0;0;0;0;0;0;0;0;0;0;0;0;0;0;0;0;14;0;99.0;99.0;0;0;0.00;0.00;0.00;0.0;0.0
54.204;63;0;99;0;0.0;19.700;1.340;24;26;0;0;100;0;100;0;0;0;0;88;88;0;0.000;0.000;0.000;0.000;0.000;0.000;0.0;0.0;0;14;0.000;0.000;11.3;0;0.0;0;0;0;0;0;99;0;0;4986;0.00;0;0;0;0;0;0;0;0;0;0;0;0;0;0;0;0;14;0;99.0;99.0;0;0;0.00;0.00;0.00;0.0;0.0
54.269;63;0;99;0;0.0;19.700;1.340;24;26;0;0;100;0;100;0;0;0;0;88;88;0;0.000;0.000;0.000;0.000;0.000;0.000;0.0;0.0;0;14;0.000;0.000;11.3;0;0.0;0;0;0;0;0;99;0;0;4986;0.00;0;0;0;0;0;0;0;0;0;0;0;0;0;0;0;0;14;0;99.0;99.0;0;0;0.00;0.00;0.00;0.0;0.0
54.335;63;0;99;0;0.0;19.700;1.340;24;26;0;0;100;0;100;0;0;0;0;88;88;0;0.000;0.000;0.000;0.000;0.000;0.000;0.0;0.0;0;14;0.000;0.000;11.3;0;0.0;0;0;0;0;0;99;0;0;4986;0.00;0;0;0;0;0;0;0;0;0;0;0;0;0;0;0;0;14;0;99.0;99.0;0;0;0.00;0.00;0.00;0.0;0.0
54.404;63;0;99;0;0.0;19.700;1.340;24;26;0;0;100;0;100;0;0;0;0;88;88;0;0.000;0.000;0.000;0.000;0.000;0.000;0.0;0.0;0;14;0.000;0.000;11.3;0;0.0;0;0;0;0;0;99;0;0;4986;0.00;0;0;0;0;0;0;0;0;0;0;0;0;0;0;0;0;14;0;99.0;99.0;0;0;0.00;0.00;0.00;0.0;0.0
54.470;63;0;99;0;0.0;19.700;1.340;24;26;0;0;100;0;100;0;0;0;0;88;88;0;0.000;0.000;0.000;0.000;0.000;0.000;0.0;0.0;0;14;0.000;0.000;11.3;0;0.0;0;0;0;0;0;99;0;0;4986;0.00;0;0;0;0;0;0;0;0;0;0;0;0;0;0;0;0;14;0;99.0;99.0;0;0;0.00;0.00;0.00;0.0;0.0
54.536;63;0;99;0;0.0;19.700;1.340;24;26;0;0;100;0;100;0;0;0;0;88;88;0;0.000;0.000;0.000;0.000;0.000;0.000;0.0;0.0;0;14;0.000;0.000;11.3;0;0.0;0;0;0;0;0;99;0;0;4986;0.00;0;0;0;0;0;0;0;0;0;0;0;0;0;0;0;0;14;0;99.0;99.0;0;0;0.00;0.00;0.00;0.0;0.0
54.604;63;0;99;0;0.0;19.700;1.340;24;26;0;0;100;0;100;0;0;0;0;88;88;0;0.000;0.000;0.000;0.000;0.000;0.000;0.0;0.0;0;14;0.000;0.000;11.3;0;0.0;0;0;0;0;0;99;0;0;4986;0.00;0;0;0;0;0;0;0;0;0;0;0;0;0;0;0;0;14;0;99.0;99.0;0;0;0.00;0.00;0.00;0.0;0.0
54.671;63;0;99;0;0.0;19.700;1.340;24;26;0;0;100;0;100;0;0;0;0;88;88;0;0.000;0.000;0.000;0.000;0.000;0.000;0.0;0.0;0;14;0.000;0.000;11.3;0;0.0;0;0;0;0;0;99;0;0;4986;0.00;0;0;0;0;0;0;0;0;0;0;0;0;0;0;0;0;14;0;99.0;99.0;0;0;0.00;0.00;0.00;0.0;0.0
54.737;63;0;99;0;0.0;19.700;1.340;24;26;0;0;100;0;100;0;0;0;0;88;88;0;0.000;0.000;0.000;0.000;0.000;0.000;0.0;0.0;0;14;0.000;0.000;11.3;0;0.0;0;0;0;0;0;99;0;0;4986;0.00;0;0;0;0;0;0;0;0;0;0;0;0;0;0;0;0;14;0;99.0;99.0;0;0;0.00;0.00;0.00;0.0;0.0
54.805;64;0;99;0;0.0;19.700;1.340;24;26;0;0;100;0;100;0;0;0;0;88;88;0;0.000;0.000;0.000;0.000;0.000;0.000;0.0;0.0;0;14;0.000;0.000;11.3;0;0.0;0;0;0;0;0;99;0;0;4968;0.00;0;0;0;0;0;0;0;0;0;0;0;0;0;0;0;0;14;0;99.0;99.0;0;0;0.00;0.00;0.00;0.0;0.0
54.871;64;0;99;0;0.0;19.700;1.340;24;26;0;0;100;0;100;0;0;0;0;88;88;0;0.000;0.000;0.000;0.000;0.000;0.000;0.0;0.0;0;14;0.000;0.000;11.3;0;0.0;0;0;0;0;0;99;0;0;4968;0.00;0;0;0;0;0;0;0;0;0;0;0;0;0;0;0;0;14;0;99.0;99.0;0;0;0.00;0.00;0.00;0.0;0.0
54.936;64;0;99;0;0.0;19.700;1.340;24;26;0;0;100;0;100;0;0;0;0;88;88;0;0.000;0.000;0.000;0.000;0.000;0.000;0.0;0.0;0;14;0.000;0.000;11.3;0;0.0;0;0;0;0;0;99;0;0;4968;0.00;0;0;0;0;0;0;0;0;0;0;0;0;0;0;0;0;14;0;99.0;99.0;0;0;0.00;0.00;0.00;0.0;0.0
55.002;64;0;99;0;0.0;19.700;1.340;24;26;0;0;100;0;100;0;0;0;0;88;88;0;0.000;0.000;0.000;0.000;0.000;0.000;0.0;0.0;0;14;0.000;0.000;11.3;0;0.0;0;0;0;0;0;99;0;0;4968;0.00;0;0;0;0;0;0;0;0;0;0;0;0;0;0;0;0;14;0;99.0;99.0;0;0;0.00;0.00;0.00;0.0;0.0
55.072;64;0;99;0;0.0;19.700;1.340;24;26;0;0;100;0;100;0;0;0;0;88;88;0;0.000;0.000;0.000;0.000;0.000;0.000;0.0;0.0;0;14;0.000;0.000;11.3;0;0.0;0;0;0;0;0;99;0;0;4968;0.00;0;0;0;0;0;0;0;0;0;0;0;0;0;0;0;0;14;0;99.0;99.0;0;0;0.00;0.00;0.00;0.0;0.0
55.137;64;0;99;0;0.0;19.700;1.340;24;26;0;0;100;0;100;0;0;0;0;88;88;0;0.000;0.000;0.000;0.000;0.000;0.000;0.0;0.0;0;14;0.000;0.000;11.3;0;0.0;0;0;0;0;0;99;0;0;4968;0.00;0;0;0;0;0;0;0;0;0;0;0;0;0;0;0;0;14;0;99.0;99.0;0;0;0.00;0.00;0.00;0.0;0.0
55.207;64;0;99;0;0.0;19.700;1.340;24;26;0;0;100;0;100;0;0;0;0;88;88;0;0.000;0.000;0.000;0.000;0.000;0.000;0.0;0.0;0;14;0.000;0.000;11.3;0;0.0;0;0;0;0;0;99;0;0;4968;0.00;0;0;0;0;0;0;0;0;0;0;0;0;0;0;0;0;14;0;99.0;99.0;0;0;0.00;0.00;0.00;0.0;0.0
55.272;64;0;99;0;0.0;19.700;1.340;24;26;0;0;100;0;100;0;0;0;0;88;88;0;0.000;0.000;0.000;0.000;0.000;0.000;0.0;0.0;0;14;0.000;0.000;11.3;0;0.0;0;0;0;0;0;99;0;0;4968;0.00;0;0;0;0;0;0;0;0;0;0;0;0;0;0;0;0;14;0;99.0;99.0;0;0;0.00;0.00;0.00;0.0;0.0
55.338;64;0;99;0;0.0;19.700;1.340;24;26;0;0;100;0;100;0;0;0;0;88;88;0;0.000;0.000;0.000;0.000;0.000;0.000;0.0;0.0;0;14;0.000;0.000;11.3;0;0.0;0;0;0;0;0;99;0;0;4968;0.00;0;0;0;0;0;0;0;0;0;0;0;0;0;0;0;0;14;0;99.0;99.0;0;0;0.00;0.00;0.00;0.0;0.0
55.404;64;0;99;0;0.0;19.700;1.340;24;26;0;0;100;0;100;0;0;0;0;88;88;0;0.000;0.000;0.000;0.000;0.000;0.000;0.0;0.0;0;14;0.000;0.000;11.3;0;0.0;0;0;0;0;0;99;0;0;4968;0.00;0;0;0;0;0;0;0;0;0;0;0;0;0;0;0;0;14;0;99.0;99.0;0;0;0.00;0.00;0.00;0.0;0.0
55.469;64;0;99;0;0.0;19.700;1.340;24;26;0;0;100;0;100;0;0;0;0;88;88;0;0.000;0.000;0.000;0.000;0.000;0.000;0.0;0.0;0;14;0.000;0.000;11.3;0;0.0;0;0;0;0;0;99;0;0;4968;0.00;0;0;0;0;0;0;0;0;0;0;0;0;0;0;0;0;14;0;99.0;99.0;0;0;0.00;0.00;0.00;0.0;0.0
55.536;64;0;99;0;0.0;19.700;1.340;24;26;0;0;100;0;100;0;0;0;0;88;88;0;0.000;0.000;0.000;0.000;0.000;0.000;0.0;0.0;0;14;0.000;0.000;11.3;0;0.0;0;0;0;0;0;99;0;0;4968;0.00;0;0;0;0;0;0;0;0;0;0;0;0;0;0;0;0;14;0;99.0;99.0;0;0;0.00;0.00;0.00;0.0;0.0
55.604;64;0;99;0;0.0;19.700;1.340;24;26;0;0;100;0;100;0;0;0;0;88;88;0;0.000;0.000;0.000;0.000;0.000;0.000;0.0;0.0;0;14;0.000;0.000;11.3;0;0.0;0;0;0;0;0;99;0;0;4968;0.00;0;0;0;0;0;0;0;0;0;0;0;0;0;0;0;0;14;0;99.0;99.0;0;0;0.00;0.00;0.00;0.0;0.0
55.670;64;0;99;0;0.0;19.700;1.340;24;26;0;0;100;0;100;0;0;0;0;88;88;0;0.000;0.000;0.000;0.000;0.000;0.000;0.0;0.0;0;14;0.000;0.000;11.3;0;0.0;0;0;0;0;0;99;0;0;4968;0.00;0;0;0;0;0;0;0;0;0;0;0;0;0;0;0;0;14;0;99.0;99.0;0;0;0.00;0.00;0.00;0.0;0.0
55.740;64;0;99;0;0.0;19.700;1.340;24;26;0;0;100;0;100;0;0;0;0;88;88;0;0.000;0.000;0.000;0.000;0.000;0.000;0.0;0.0;0;14;0.000;0.000;11.3;0;0.0;0;0;0;0;0;99;0;0;4968;0.00;0;0;0;0;0;0;0;0;0;0;0;0;0;0;0;0;14;0;99.0;99.0;0;0;0.00;0.00;0.00;0.0;0.0
55.805;65;0;99;0;0.0;19.700;1.340;24;26;0;0;100;0;100;0;0;0;0;88;88;0;0.000;0.000;0.000;0.000;0.000;0.000;0.0;0.0;0;14;0.000;0.000;11.3;0;0.0;0;0;0;0;0;99;0;0;4982;0.00;0;0;0;0;0;0;0;0;0;0;0;0;0;0;0;0;14;0;99.0;99.0;0;0;0.00;0.00;0.00;0.0;0.0
55.871;65;0;99;0;0.0;19.700;1.340;24;26;0;0;100;0;100;0;0;0;0;88;88;0;0.000;0.000;0.000;0.000;0.000;0.000;0.0;0.0;0;14;0.000;0.000;11.3;0;0.0;0;0;0;0;0;99;0;0;4982;0.00;0;0;0;0;0;0;0;0;0;0;0;0;0;0;0;0;14;0;99.0;99.0;0;0;0.00;0.00;0.00;0.0;0.0
55.940;65;0;99;0;0.0;19.700;1.340;24;26;0;0;100;0;100;0;0;0;0;88;88;0;0.000;0.000;0.000;0.000;0.000;0.000;0.0;0.0;0;14;0.000;0.000;11.3;0;0.0;0;0;0;0;0;99;0;0;4982;0.00;0;0;0;0;0;0;0;0;0;0;0;0;0;0;0;0;14;0;99.0;99.0;0;0;0.00;0.00;0.00;0.0;0.0
56.006;65;0;99;0;0.0;19.700;1.340;24;26;0;0;100;0;100;0;0;0;0;88;88;0;0.000;0.000;0.000;0.000;0.000;0.000;0.0;0.0;0;14;0.000;0.000;11.3;0;0.0;0;0;0;0;0;99;0;0;4982;0.00;0;0;0;0;0;0;0;0;0;0;0;0;0;0;0;0;14;0;99.0;99.0;0;0;0.00;0.00;0.00;0.0;0.0
56.072;65;0;99;0;0.0;19.700;1.340;24;26;0;0;100;0;100;0;0;0;0;88;88;0;0.000;0.000;0.000;0.000;0.000;0.000;0.0;0.0;0;14;0.000;0.000;11.3;0;0.0;0;0;0;0;0;99;0;0;4982;0.00;0;0;0;0;0;0;0;0;0;0;0;0;0;0;0;0;14;0;99.0;99.0;0;0;0.00;0.00;0.00;0.0;0.0
56.138;65;0;99;0;0.0;19.700;1.340;24;26;0;0;100;0;100;0;0;0;0;88;88;0;0.000;0.000;0.000;0.000;0.000;0.000;0.0;0.0;0;14;0.000;0.000;11.3;0;0.0;0;0;0;0;0;99;0;0;4982;0.00;0;0;0;0;0;0;0;0;0;0;0;0;0;0;0;0;14;0;99.0;99.0;0;0;0.00;0.00;0.00;0.0;0.0
56.206;65;0;99;0;0.0;19.700;1.340;24;26;0;0;100;0;100;0;0;0;0;88;88;0;0.000;0.000;0.000;0.000;0.000;0.000;0.0;0.0;0;14;0.000;0.000;11.3;0;0.0;0;0;0;0;0;99;0;0;4982;0.00;0;0;0;0;0;0;0;0;0;0;0;0;0;0;0;0;14;0;99.0;99.0;0;0;0.00;0.00;0.00;0.0;0.0
56.271;65;0;99;0;0.0;19.700;1.340;24;26;0;0;100;0;100;0;0;0;0;88;88;0;0.000;0.000;0.000;0.000;0.000;0.000;0.0;0.0;0;14;0.000;0.000;11.3;0;0.0;0;0;0;0;0;99;0;0;4982;0.00;0;0;0;0;0;0;0;0;0;0;0;0;0;0;0;0;14;0;99.0;99.0;0;0;0.00;0.00;0.00;0.0;0.0
56.337;65;0;99;0;0.0;19.700;1.340;24;26;0;0;100;0;100;0;0;0;0;88;88;0;0.000;0.000;0.000;0.000;0.000;0.000;0.0;0.0;0;14;0.000;0.000;11.3;0;0.0;0;0;0;0;0;99;0;0;4982;0.00;0;0;0;0;0;0;0;0;0;0;0;0;0;0;0;0;14;0;99.0;99.0;0;0;0.00;0.00;0.00;0.0;0.0
56.407;65;0;98;0;0.0;19.700;1.340;24;26;0;0;100;0;100;0;0;0;0;88;88;0;0.000;0.000;0.000;0.000;0.000;0.000;0.0;0.0;0;15;0.000;0.000;11.3;0;-0.1;0;0;0;0;0;99;0;0;4982;0.00;0;0;0;0;0;0;0;0;0;0;0;0;0;0;0;0;15;0;98.0;98.0;0;0;0.00;0.00;0.00;0.0;0.0
56.472;65;0;99;0;0.0;19.700;1.340;24;26;0;0;100;0;100;0;0;0;0;88;88;0;0.000;0.000;0.000;0.000;0.000;0.000;0.0;0.0;0;14;0.000;0.000;11.3;0;0.0;0;0;0;0;0;99;0;0;4982;0.00;0;0;0;0;0;0;0;0;0;0;0;0;0;0;0;0;14;0;99.0;99.0;0;0;0.00;0.00;0.00;0.0;0.0
56.538;65;0;99;0;0.0;19.700;1.340;24;26;0;0;100;0;100;0;0;0;0;88;88;0;0.000;0.000;0.000;0.000;0.000;0.000;0.0;0.0;0;14;0.000;0.000;11.3;0;0.0;0;0;0;0;0;99;0;0;4982;0.00;0;0;0;0;0;0;0;0;0;0;0;0;0;0;0;0;14;0;99.0;99.0;0;0;0.00;0.00;0.00;0.0;0.0
56.605;65;0;99;0;0.0;19.700;1.340;24;26;0;0;100;0;100;0;0;0;0;88;88;0;0.000;0.000;0.000;0.000;0.000;0.000;0.0;0.0;0;14;0.000;0.000;11.3;0;0.0;0;0;0;0;0;99;0;0;4982;0.00;0;0;0;0;0;0;0;0;0;0;0;0;0;0;0;0;14;0;99.0;99.0;0;0;0.00;0.00;0.00;0.0;0.0
56.674;65;0;98;0;0.0;19.700;1.340;24;26;0;0;100;0;100;0;0;0;0;88;88;0;0.000;0.000;0.000;0.000;0.000;0.000;0.0;0.0;0;15;0.000;0.000;11.3;0;-0.1;0;0;0;0;0;99;0;0;4982;0.00;0;0;0;0;0;0;0;0;0;0;0;0;0;0;0;0;15;0;98.0;98.0;0;0;0.00;0.00;0.00;0.0;0.0
56.739;65;0;99;0;0.0;19.700;1.340;24;26;0;0;100;0;100;0;0;0;0;88;88;0;0.000;0.000;0.000;0.000;0.000;0.000;0.0;0.0;0;14;0.000;0.000;11.3;0;0.0;0;0;0;0;0;99;0;0;4982;0.00;0;0;0;0;0;0;0;0;0;0;0;0;0;0;0;0;14;0;99.0;99.0;0;0;0.00;0.00;0.00;0.0;0.0
56.805;66;0;99;0;0.0;19.700;1.340;24;26;0;0;100;0;100;0;0;0;0;88;88;0;0.000;0.000;0.000;0.000;0.000;0.000;0.0;0.0;0;14;0.000;0.000;11.3;0;0.0;0;0;0;0;0;99;0;0;4985;0.00;0;0;0;0;0;0;0;0;0;0;0;0;0;0;0;0;14;0;99.0;99.0;0;0;0.00;0.00;0.00;0.0;0.0
56.874;66;0;99;0;0.0;19.700;1.340;24;26;0;0;100;0;100;0;0;0;0;88;88;0;0.000;0.000;0.000;0.000;0.000;0.000;0.0;0.0;0;14;0.000;0.000;11.3;0;0.0;0;0;0;0;0;99;0;0;4985;0.00;0;0;0;0;0;0;0;0;0;0;0;0;0;0;0;0;14;0;99.0;99.0;0;0;0.00;0.00;0.00;0.0;0.0
56.940;66;0;99;0;0.0;19.700;1.340;24;26;0;0;100;0;100;0;0;0;0;88;88;0;0.000;0.000;0.000;0.000;0.000;0.000;0.0;0.0;0;14;0.000;0.000;11.3;0;0.0;0;0;0;0;0;99;0;0;4985;0.00;0;0;0;0;0;0;0;0;0;0;0;0;0;0;0;0;14;0;99.0;99.0;0;0;0.00;0.00;0.00;0.0;0.0
57.005;66;0;99;0;0.0;19.700;1.340;24;26;0;0;100;0;100;0;0;0;0;88;88;0;0.000;0.000;0.000;0.000;0.000;0.000;0.0;0.0;0;14;0.000;0.000;11.3;0;0.0;0;0;0;0;0;99;0;0;4985;0.00;0;0;0;0;0;0;0;0;0;0;0;0;0;0;0;0;14;0;99.0;99.0;0;0;0.00;0.00;0.00;0.0;0.0
57.070;66;0;99;0;0.0;19.700;1.340;24;26;0;0;100;0;100;0;0;0;0;88;88;0;0.000;0.000;0.000;0.000;0.000;0.000;0.0;0.0;0;14;0.000;0.000;11.3;0;0.0;0;0;0;0;0;99;0;0;4985;0.00;0;0;0;0;0;0;0;0;0;0;0;0;0;0;0;0;14;0;99.0;99.0;0;0;0.00;0.00;0.00;0.0;0.0
57.137;66;0;99;0;0.0;19.700;1.340;24;26;0;0;100;0;100;0;0;0;0;88;88;0;0.000;0.000;0.000;0.000;0.000;0.000;0.0;0.0;0;14;0.000;0.000;11.3;0;0.0;0;0;0;0;0;99;0;0;4985;0.00;0;0;0;0;0;0;0;0;0;0;0;0;0;0;0;0;14;0;99.0;99.0;0;0;0.00;0.00;0.00;0.0;0.0
57.205;66;0;99;0;0.0;19.700;1.340;24;26;0;0;100;0;100;0;0;0;0;88;88;0;0.000;0.000;0.000;0.000;0.000;0.000;0.0;0.0;0;14;0.000;0.000;11.3;0;0.0;0;0;0;0;0;99;0;0;4985;0.00;0;0;0;0;0;0;0;0;0;0;0;0;0;0;0;0;14;0;99.0;99.0;0;0;0.00;0.00;0.00;0.0;0.0
57.271;66;0;99;0;0.0;19.700;1.340;24;26;0;0;100;0;100;0;0;0;0;88;88;0;0.000;0.000;0.000;0.000;0.000;0.000;0.0;0.0;0;14;0.000;0.000;11.3;0;0.0;0;0;0;0;0;99;0;0;4985;0.00;0;0;0;0;0;0;0;0;0;0;0;0;0;0;0;0;14;0;99.0;99.0;0;0;0.00;0.00;0.00;0.0;0.0
57.337;66;0;99;0;0.0;19.700;1.340;24;26;0;0;100;0;100;0;0;0;0;88;88;0;0.000;0.000;0.000;0.000;0.000;0.000;0.0;0.0;0;14;0.000;0.000;11.3;0;0.0;0;0;0;0;0;99;0;0;4985;0.00;0;0;0;0;0;0;0;0;0;0;0;0;0;0;0;0;14;0;99.0;99.0;0;0;0.00;0.00;0.00;0.0;0.0
57.403;66;0;99;0;0.0;19.700;1.340;24;26;0;0;100;0;100;0;0;0;0;88;88;0;0.000;0.000;0.000;0.000;0.000;0.000;0.0;0.0;0;14;0.000;0.000;11.3;0;0.0;0;0;0;0;0;99;0;0;4985;0.00;0;0;0;0;0;0;0;0;0;0;0;0;0;0;0;0;14;0;99.0;99.0;0;0;0.00;0.00;0.00;0.0;0.0
57.471;66;0;99;0;0.0;19.700;1.340;24;26;0;0;100;0;100;0;0;0;0;88;88;0;0.000;0.000;0.000;0.000;0.000;0.000;0.0;0.0;0;14;0.000;0.000;11.3;0;0.0;0;0;0;0;0;99;0;0;4985;0.00;0;0;0;0;0;0;0;0;0;0;0;0;0;0;0;0;14;0;99.0;99.0;0;0;0.00;0.00;0.00;0.0;0.0
57.537;66;0;99;0;0.0;19.700;1.340;24;26;0;0;100;0;100;0;0;0;0;88;88;0;0.000;0.000;0.000;0.000;0.000;0.000;0.0;0.0;0;14;0.000;0.000;11.3;0;0.0;0;0;0;0;0;99;0;0;4985;0.00;0;0;0;0;0;0;0;0;0;0;0;0;0;0;0;0;14;0;99.0;99.0;0;0;0.00;0.00;0.00;0.0;0.0
57.602;66;0;99;0;0.0;19.700;1.340;24;26;0;0;100;0;100;0;0;0;0;88;88;0;0.000;0.000;0.000;0.000;0.000;0.000;0.0;0.0;0;14;0.000;0.000;11.3;0;0.0;0;0;0;0;0;99;0;0;4985;0.00;0;0;0;0;0;0;0;0;0;0;0;0;0;0;0;0;14;0;99.0;99.0;0;0;0.00;0.00;0.00;0.0;0.0
57.668;66;0;99;0;0.0;19.700;1.340;24;26;0;0;100;0;100;0;0;0;0;88;88;0;0.000;0.000;0.000;0.000;0.000;0.000;0.0;0.0;0;14;0.000;0.000;11.3;0;0.0;0;0;0;0;0;99;0;0;4985;0.00;0;0;0;0;0;0;0;0;0;0;0;0;0;0;0;0;14;0;99.0;99.0;0;0;0.00;0.00;0.00;0.0;0.0
57.739;66;0;99;0;0.0;19.700;1.340;24;26;0;0;100;0;100;0;0;0;0;88;88;0;0.000;0.000;0.000;0.000;0.000;0.000;0.0;0.0;0;14;0.000;0.000;11.3;0;0.0;0;0;0;0;0;99;0;0;4985;0.00;0;0;0;0;0;0;0;0;0;0;0;0;0;0;0;0;14;0;99.0;99.0;0;0;0.00;0.00;0.00;0.0;0.0
57.808;67;0;99;0;0.0;19.700;1.340;24;26;0;0;100;0;100;0;0;0;0;88;88;0;0.000;0.000;0.000;0.000;0.000;0.000;0.0;0.0;0;14;0.000;0.000;11.3;0;0.0;0;0;0;0;0;99;0;0;4985;0.00;0;0;0;0;0;0;0;0;0;0;0;0;0;0;0;0;14;0;99.0;99.0;0;0;0.00;0.00;0.00;0.0;0.0
57.873;67;0;99;0;0.0;19.700;1.340;24;26;0;0;100;0;100;0;0;0;0;88;88;0;0.000;0.000;0.000;0.000;0.000;0.000;0.0;0.0;0;14;0.000;0.000;11.3;0;0.0;0;0;0;0;0;99;0;0;4985;0.00;0;0;0;0;0;0;0;0;0;0;0;0;0;0;0;0;14;0;99.0;99.0;0;0;0.00;0.00;0.00;0.0;0.0
57.938;67;0;99;0;0.0;19.700;1.340;24;26;0;0;100;0;100;0;0;0;0;88;88;0;0.000;0.000;0.000;0.000;0.000;0.000;0.0;0.0;0;14;0.000;0.000;11.3;0;0.0;0;0;0;0;0;99;0;0;4985;0.00;0;0;0;0;0;0;0;0;0;0;0;0;0;0;0;0;14;0;99.0;99.0;0;0;0.00;0.00;0.00;0.0;0.0
58.004;67;0;99;0;0.0;19.700;1.340;24;26;0;0;100;0;100;0;0;0;0;88;88;0;0.000;0.000;0.000;0.000;0.000;0.000;0.0;0.0;0;14;0.000;0.000;11.3;0;0.0;0;0;0;0;0;99;0;0;4985;0.00;0;0;0;0;0;0;0;0;0;0;0;0;0;0;0;0;14;0;99.0;99.0;0;0;0.00;0.00;0.00;0.0;0.0
58.070;67;0;99;0;0.0;19.700;1.340;24;26;0;0;100;0;100;0;0;0;0;88;88;0;0.000;0.000;0.000;0.000;0.000;0.000;0.0;0.0;0;14;0.000;0.000;11.3;0;0.0;0;0;0;0;0;99;0;0;4985;0.00;0;0;0;0;0;0;0;0;0;0;0;0;0;0;0;0;14;0;99.0;99.0;0;0;0.00;0.00;0.00;0.0;0.0
58.135;67;0;99;0;0.0;19.700;1.340;24;26;0;0;100;0;100;0;0;0;0;88;88;0;0.000;0.000;0.000;0.000;0.000;0.000;0.0;0.0;0;14;0.000;0.000;11.3;0;0.0;0;0;0;0;0;99;0;0;4985;0.00;0;0;0;0;0;0;0;0;0;0;0;0;0;0;0;0;14;0;99.0;99.0;0;0;0.00;0.00;0.00;0.0;0.0
58.205;67;0;99;0;0.0;19.700;1.340;24;26;0;0;100;0;100;0;0;0;0;88;88;0;0.000;0.000;0.000;0.000;0.000;0.000;0.0;0.0;0;14;0.000;0.000;11.3;0;0.0;0;0;0;0;0;99;0;0;4985;0.00;0;0;0;0;0;0;0;0;0;0;0;0;0;0;0;0;14;0;99.0;99.0;0;0;0.00;0.00;0.00;0.0;0.0
58.270;67;0;99;0;0.0;19.700;1.340;24;26;0;0;100;0;100;0;0;0;0;88;88;0;0.000;0.000;0.000;0.000;0.000;0.000;0.0;0.0;0;14;0.000;0.000;11.3;0;0.0;0;0;0;0;0;99;0;0;4985;0.00;0;0;0;0;0;0;0;0;0;0;0;0;0;0;0;0;14;0;99.0;99.0;0;0;0.00;0.00;0.00;0.0;0.0
58.335;67;0;99;0;0.0;19.700;1.340;24;26;0;0;100;0;100;0;0;0;0;88;88;0;0.000;0.000;0.000;0.000;0.000;0.000;0.0;0.0;0;14;0.000;0.000;11.3;0;0.0;0;0;0;0;0;99;0;0;4985;0.00;0;0;0;0;0;0;0;0;0;0;0;0;0;0;0;0;14;0;99.0;99.0;0;0;0.00;0.00;0.00;0.0;0.0
58.402;67;0;99;0;0.0;19.700;1.340;24;26;0;0;100;0;100;0;0;0;0;88;88;0;0.000;0.000;0.000;0.000;0.000;0.000;0.0;0.0;0;14;0.000;0.000;11.3;0;0.0;0;0;0;0;0;99;0;0;4985;0.00;0;0;0;0;0;0;0;0;0;0;0;0;0;0;0;0;14;0;99.0;99.0;0;0;0.00;0.00;0.00;0.0;0.0
58.471;67;0;99;0;0.0;19.700;1.340;24;26;0;0;100;0;100;0;0;0;0;88;88;0;0.000;0.000;0.000;0.000;0.000;0.000;0.0;0.0;0;14;0.000;0.000;11.3;0;0.0;0;0;0;0;0;99;0;0;4985;0.00;0;0;0;0;0;0;0;0;0;0;0;0;0;0;0;0;14;0;99.0;99.0;0;0;0.00;0.00;0.00;0.0;0.0
58.536;67;0;99;0;0.0;19.700;1.340;24;26;0;0;100;0;100;0;0;0;0;88;88;0;0.000;0.000;0.000;0.000;0.000;0.000;0.0;0.0;0;14;0.000;0.000;11.3;0;0.0;0;0;0;0;0;99;0;0;4985;0.00;0;0;0;0;0;0;0;0;0;0;0;0;0;0;0;0;14;0;99.0;99.0;0;0;0.00;0.00;0.00;0.0;0.0
58.603;67;0;99;0;0.0;19.700;1.340;24;26;0;0;100;0;100;0;0;0;0;88;88;0;0.000;0.000;0.000;0.000;0.000;0.000;0.0;0.0;0;14;0.000;0.000;11.3;0;0.0;0;0;0;0;0;99;0;0;4985;0.00;0;0;0;0;0;0;0;0;0;0;0;0;0;0;0;0;14;0;99.0;99.0;0;0;0.00;0.00;0.00;0.0;0.0
58.671;67;0;99;0;0.0;19.700;1.340;24;26;0;0;100;0;100;0;0;0;0;88;88;0;0.000;0.000;0.000;0.000;0.000;0.000;0.0;0.0;0;14;0.000;0.000;11.3;0;0.0;0;0;0;0;0;99;0;0;4985;0.00;0;0;0;0;0;0;0;0;0;0;0;0;0;0;0;0;14;0;99.0;99.0;0;0;0.00;0.00;0.00;0.0;0.0
58.738;67;0;99;0;0.0;19.700;1.340;24;26;0;0;100;0;100;0;0;0;0;88;88;0;0.000;0.000;0.000;0.000;0.000;0.000;0.0;0.0;0;14;0.000;0.000;11.3;0;0.0;0;0;0;0;0;99;0;0;4985;0.00;0;0;0;0;0;0;0;0;0;0;0;0;0;0;0;0;14;0;99.0;99.0;0;0;0.00;0.00;0.00;0.0;0.0
58.807;67;0;99;0;0.0;19.700;1.340;24;26;0;0;100;0;100;0;0;0;0;88;88;0;0.000;0.000;0.000;0.000;0.000;0.000;0.0;0.0;0;14;0.000;0.000;11.3;0;0.0;0;0;0;0;0;99;0;0;4985;0.00;0;0;0;0;0;0;0;0;0;0;0;0;0;0;0;0;14;0;99.0;99.0;0;0;0.00;0.00;0.00;0.0;0.0
58.872;68;0;99;0;0.0;19.700;1.340;24;26;0;0;100;0;100;0;0;0;0;88;88;0;0.000;0.000;0.000;0.000;0.000;0.000;0.0;0.0;0;14;0.000;0.000;11.3;0;0.0;0;0;0;0;0;99;0;0;4974;0.00;0;0;0;0;0;0;0;0;0;0;0;0;0;0;0;0;14;0;99.0;99.0;0;0;0.00;0.00;0.00;0.0;0.0
58.938;68;0;99;0;0.0;19.700;1.340;24;26;0;0;100;0;100;0;0;0;0;88;88;0;0.000;0.000;0.000;0.000;0.000;0.000;0.0;0.0;0;14;0.000;0.000;11.3;0;0.0;0;0;0;0;0;99;0;0;4974;0.00;0;0;0;0;0;0;0;0;0;0;0;0;0;0;0;0;14;0;99.0;99.0;0;0;0.00;0.00;0.00;0.0;0.0
59.004;68;0;99;0;0.0;19.700;1.340;24;26;0;0;100;0;100;0;0;0;0;88;88;0;0.000;0.000;0.000;0.000;0.000;0.000;0.0;0.0;0;14;0.000;0.000;11.3;0;0.0;0;0;0;0;0;99;0;0;4974;0.00;0;0;0;0;0;0;0;0;0;0;0;0;0;0;0;0;14;0;99.0;99.0;0;0;0.00;0.00;0.00;0.0;0.0
59.069;68;0;99;0;0.0;19.700;1.340;24;26;0;0;100;0;100;0;0;0;0;88;88;0;0.000;0.000;0.000;0.000;0.000;0.000;0.0;0.0;0;14;0.000;0.000;11.3;0;0.0;0;0;0;0;0;99;0;0;4974;0.00;0;0;0;0;0;0;0;0;0;0;0;0;0;0;0;0;14;0;99.0;99.0;0;0;0.00;0.00;0.00;0.0;0.0
59.134;68;0;99;0;0.0;19.700;1.340;24;26;0;0;100;0;100;0;0;0;0;88;88;0;0.000;0.000;0.000;0.000;0.000;0.000;0.0;0.0;0;14;0.000;0.000;11.3;0;0.0;0;0;0;0;0;99;0;0;4974;0.00;0;0;0;0;0;0;0;0;0;0;0;0;0;0;0;0;14;0;99.0;99.0;0;0;0.00;0.00;0.00;0.0;0.0
59.200;68;0;99;0;0.0;19.700;1.340;24;26;0;0;100;0;100;0;0;0;0;88;88;0;0.000;0.000;0.000;0.000;0.000;0.000;0.0;0.0;0;14;0.000;0.000;11.3;0;0.0;0;0;0;0;0;99;0;0;4974;0.00;0;0;0;0;0;0;0;0;0;0;0;0;0;0;0;0;14;0;99.0;99.0;0;0;0.00;0.00;0.00;0.0;0.0
59.269;68;0;99;0;0.0;19.700;1.340;24;26;0;0;100;0;100;0;0;0;0;88;88;0;0.000;0.000;0.000;0.000;0.000;0.000;0.0;0.0;0;14;0.000;0.000;11.3;0;0.0;0;0;0;0;0;99;0;0;4974;0.00;0;0;0;0;0;0;0;0;0;0;0;0;0;0;0;0;14;0;99.0;99.0;0;0;0.00;0.00;0.00;0.0;0.0
59.335;68;0;99;0;0.0;19.700;1.340;24;26;0;0;100;0;100;0;0;0;0;88;88;0;0.000;0.000;0.000;0.000;0.000;0.000;0.0;0.0;0;14;0.000;0.000;11.3;0;0.0;0;0;0;0;0;99;0;0;4974;0.00;0;0;0;0;0;0;0;0;0;0;0;0;0;0;0;0;14;0;99.0;99.0;0;0;0.00;0.00;0.00;0.0;0.0
59.401;68;0;99;0;0.0;19.700;1.340;24;26;0;0;100;0;100;0;0;0;0;88;88;0;0.000;0.000;0.000;0.000;0.000;0.000;0.0;0.0;0;14;0.000;0.000;11.3;0;0.0;0;0;0;0;0;99;0;0;4974;0.00;0;0;0;0;0;0;0;0;0;0;0;0;0;0;0;0;14;0;99.0;99.0;0;0;0.00;0.00;0.00;0.0;0.0
59.471;68;0;99;0;0.0;19.700;1.340;24;26;0;0;100;0;100;0;0;0;0;88;88;0;0.000;0.000;0.000;0.000;0.000;0.000;0.0;0.0;0;14;0.000;0.000;11.3;0;0.0;0;0;0;0;0;99;0;0;4974;0.00;0;0;0;0;0;0;0;0;0;0;0;0;0;0;0;0;14;0;99.0;99.0;0;0;0.00;0.00;0.00;0.0;0.0
59.537;68;0;99;0;0.0;19.700;1.340;24;26;0;0;100;0;100;0;0;0;0;88;88;0;0.000;0.000;0.000;0.000;0.000;0.000;0.0;0.0;0;14;0.000;0.000;11.3;0;0.0;0;0;0;0;0;99;0;0;4974;0.00;0;0;0;0;0;0;0;0;0;0;0;0;0;0;0;0;14;0;99.0;99.0;0;0;0.00;0.00;0.00;0.0;0.0
59.606;68;0;99;0;0.0;19.700;1.340;24;26;0;0;100;0;100;0;0;0;0;88;88;0;0.000;0.000;0.000;0.000;0.000;0.000;0.0;0.0;0;14;0.000;0.000;11.3;0;0.0;0;0;0;0;0;99;0;0;4974;0.00;0;0;0;0;0;0;0;0;0;0;0;0;0;0;0;0;14;0;99.0;99.0;0;0;0.00;0.00;0.00;0.0;0.0
59.671;68;0;99;0;0.0;19.700;1.340;24;26;0;0;100;0;100;0;0;0;0;88;88;0;0.000;0.000;0.000;0.000;0.000;0.000;0.0;0.0;0;14;0.000;0.000;11.3;0;0.0;0;0;0;0;0;99;0;0;4974;0.00;0;0;0;0;0;0;0;0;0;0;0;0;0;0;0;0;14;0;99.0;99.0;0;0;0.00;0.00;0.00;0.0;0.0
59.738;68;0;99;0;0.0;19.700;1.340;24;26;0;0;100;0;100;0;0;0;0;88;88;0;0.000;0.000;0.000;0.000;0.000;0.000;0.0;0.0;0;14;0.000;0.000;11.3;0;0.0;0;0;0;0;0;99;0;0;4974;0.00;0;0;0;0;0;0;0;0;0;0;0;0;0;0;0;0;14;0;99.0;99.0;0;0;0.00;0.00;0.00;0.0;0.0
59.806;68;0;99;0;0.0;19.700;1.340;24;26;0;0;100;0;100;0;0;0;0;88;88;0;0.000;0.000;0.000;0.000;0.000;0.000;0.0;0.0;0;14;0.000;0.000;11.3;0;0.0;0;0;0;0;0;99;0;0;4974;0.00;0;0;0;0;0;0;0;0;0;0;0;0;0;0;0;0;14;0;99.0;99.0;0;0;0.00;0.00;0.00;0.0;0.0
59.872;69;0;99;0;0.0;19.700;1.340;24;26;0;0;100;0;100;0;0;0;0;88;88;0;0.000;0.000;0.000;0.000;0.000;0.000;0.0;0.0;0;14;0.000;0.000;11.3;0;0.0;0;0;0;0;0;99;0;0;4973;0.00;0;0;0;0;0;0;0;0;0;0;0;0;0;0;0;0;14;0;99.0;99.0;0;0;0.00;0.00;0.00;0.0;0.0
59.937;69;0;99;0;0.0;19.700;1.340;24;26;0;0;100;0;100;0;0;0;0;88;88;0;0.000;0.000;0.000;0.000;0.000;0.000;0.0;0.0;0;14;0.000;0.000;11.3;0;0.0;0;0;0;0;0;99;0;0;4973;0.00;0;0;0;0;0;0;0;0;0;0;0;0;0;0;0;0;14;0;99.0;99.0;0;0;0.00;0.00;0.00;0.0;0.0
60.008;69;0;99;0;0.0;19.700;1.340;24;26;0;0;100;0;100;0;0;0;0;88;88;0;0.000;0.000;0.000;0.000;0.000;0.000;0.0;0.0;0;14;0.000;0.000;11.3;0;0.0;0;0;0;0;0;99;0;0;4973;0.00;0;0;0;0;0;0;0;0;0;0;0;0;0;0;0;0;14;0;99.0;99.0;0;0;0.00;0.00;0.00;0.0;0.0
60.073;69;0;99;0;0.0;19.700;1.340;24;26;0;0;100;0;100;0;0;0;0;88;88;0;0.000;0.000;0.000;0.000;0.000;0.000;0.0;0.0;0;14;0.000;0.000;11.3;0;0.0;0;0;0;0;0;99;0;0;4973;0.00;0;0;0;0;0;0;0;0;0;0;0;0;0;0;0;0;14;0;99.0;99.0;0;0;0.00;0.00;0.00;0.0;0.0
60.138;69;0;99;0;0.0;19.700;1.340;24;26;0;0;100;0;100;0;0;0;0;88;88;0;0.000;0.000;0.000;0.000;0.000;0.000;0.0;0.0;0;14;0.000;0.000;11.3;0;0.0;0;0;0;0;0;99;0;0;4973;0.00;0;0;0;0;0;0;0;0;0;0;0;0;0;0;0;0;14;0;99.0;99.0;0;0;0.00;0.00;0.00;0.0;0.0
60.204;69;0;99;0;0.0;19.700;1.340;24;26;0;0;100;0;100;0;0;0;0;88;88;0;0.000;0.000;0.000;0.000;0.000;0.000;0.0;0.0;0;14;0.000;0.000;11.3;0;0.0;0;0;0;0;0;99;0;0;4973;0.00;0;0;0;0;0;0;0;0;0;0;0;0;0;0;0;0;14;0;99.0;99.0;0;0;0.00;0.00;0.00;0.0;0.0
60.270;69;0;99;0;0.0;19.700;1.340;24;26;0;0;100;0;100;0;0;0;0;88;88;0;0.000;0.000;0.000;0.000;0.000;0.000;0.0;0.0;0;14;0.000;0.000;11.3;0;0.0;0;0;0;0;0;99;0;0;4973;0.00;0;0;0;0;0;0;0;0;0;0;0;0;0;0;0;0;14;0;99.0;99.0;0;0;0.00;0.00;0.00;0.0;0.0
60.339;69;0;99;0;0.0;19.700;1.340;24;26;0;0;100;0;100;0;0;0;0;88;88;0;0.000;0.000;0.000;0.000;0.000;0.000;0.0;0.0;0;14;0.000;0.000;11.3;0;0.0;0;0;0;0;0;99;0;0;4973;0.00;0;0;0;0;0;0;0;0;0;0;0;0;0;0;0;0;14;0;99.0;99.0;0;0;0.00;0.00;0.00;0.0;0.0
60.404;69;0;99;0;0.0;19.700;1.340;24;26;0;0;100;0;100;0;0;0;0;88;88;0;0.000;0.000;0.000;0.000;0.000;0.000;0.0;0.0;0;14;0.000;0.000;11.3;0;0.0;0;0;0;0;0;99;0;0;4973;0.00;0;0;0;0;0;0;0;0;0;0;0;0;0;0;0;0;14;0;99.0;99.0;0;0;0.00;0.00;0.00;0.0;0.0
60.471;69;0;99;0;0.0;19.700;1.340;24;26;0;0;100;0;100;0;0;0;0;88;88;0;0.000;0.000;0.000;0.000;0.000;0.000;0.0;0.0;0;14;0.000;0.000;11.3;0;0.0;0;0;0;0;0;99;0;0;4973;0.00;0;0;0;0;0;0;0;0;0;0;0;0;0;0;0;0;14;0;99.0;99.0;0;0;0.00;0.00;0.00;0.0;0.0
60.539;69;0;99;0;0.0;19.700;1.340;24;26;0;0;100;0;100;0;0;0;0;88;88;0;0.000;0.000;0.000;0.000;0.000;0.000;0.0;0.0;0;14;0.000;0.000;11.3;0;0.0;0;0;0;0;0;99;0;0;4973;0.00;0;0;0;0;0;0;0;0;0;0;0;0;0;0;0;0;14;0;99.0;99.0;0;0;0.00;0.00;0.00;0.0;0.0
60.605;69;0;99;0;0.0;19.700;1.340;24;26;0;0;100;0;100;0;0;0;0;88;88;0;0.000;0.000;0.000;0.000;0.000;0.000;0.0;0.0;0;14;0.000;0.000;11.3;0;0.0;0;0;0;0;0;99;0;0;4973;0.00;0;0;0;0;0;0;0;0;0;0;0;0;0;0;0;0;14;0;99.0;99.0;0;0;0.00;0.00;0.00;0.0;0.0
60.670;69;0;99;0;0.0;19.700;1.340;24;26;0;0;100;0;100;0;0;0;0;88;88;0;0.000;0.000;0.000;0.000;0.000;0.000;0.0;0.0;0;14;0.000;0.000;11.3;0;0.0;0;0;0;0;0;99;0;0;4973;0.00;0;0;0;0;0;0;0;0;0;0;0;0;0;0;0;0;14;0;99.0;99.0;0;0;0.00;0.00;0.00;0.0;0.0
60.736;69;0;99;0;0.0;19.700;1.340;24;26;0;0;100;0;100;0;0;0;0;88;88;0;0.000;0.000;0.000;0.000;0.000;0.000;0.0;0.0;0;14;0.000;0.000;11.3;0;0.0;0;0;0;0;0;99;0;0;4973;0.00;0;0;0;0;0;0;0;0;0;0;0;0;0;0;0;0;14;0;99.0;99.0;0;0;0.00;0.00;0.00;0.0;0.0
60.801;69;0;99;0;0.0;19.700;1.340;24;26;0;0;100;0;100;0;0;0;0;88;88;0;0.000;0.000;0.000;0.000;0.000;0.000;0.0;0.0;0;14;0.000;0.000;11.3;0;0.0;0;0;0;0;0;99;0;0;4973;0.00;0;0;0;0;0;0;0;0;0;0;0;0;0;0;0;0;14;0;99.0;99.0;0;0;0.00;0.00;0.00;0.0;0.0
60.871;70;0;99;0;0.0;19.700;1.340;24;26;0;0;100;0;100;0;0;0;0;88;88;0;0.000;0.000;0.000;0.000;0.000;0.000;0.0;0.0;0;14;0.000;0.000;11.3;0;0.0;0;0;0;0;0;99;0;0;4986;0.00;0;0;0;0;0;0;0;0;0;0;0;0;0;0;0;0;14;0;99.0;99.0;0;0;0.00;0.00;0.00;0.0;0.0
60.937;70;0;99;0;0.0;19.700;1.340;24;26;0;0;100;0;100;0;0;0;0;88;88;0;0.000;0.000;0.000;0.000;0.000;0.000;0.0;0.0;0;14;0.000;0.000;11.3;0;0.0;0;0;0;0;0;99;0;0;4986;0.00;0;0;0;0;0;0;0;0;0;0;0;0;0;0;0;0;14;0;99.0;99.0;0;0;0.00;0.00;0.00;0.0;0.0
61.002;70;0;99;0;0.0;19.700;1.340;24;26;0;0;100;0;100;0;0;0;0;88;88;0;0.000;0.000;0.000;0.000;0.000;0.000;0.0;0.0;0;14;0.000;0.000;11.3;0;0.0;0;0;0;0;0;99;0;0;4986;0.00;0;0;0;0;0;0;0;0;0;0;0;0;0;0;0;0;14;0;99.0;99.0;0;0;0.00;0.00;0.00;0.0;0.0
61.068;70;0;99;0;0.0;19.700;1.340;24;26;0;0;100;0;100;0;0;0;0;88;88;0;0.000;0.000;0.000;0.000;0.000;0.000;0.0;0.0;0;14;0.000;0.000;11.3;0;0.0;0;0;0;0;0;99;0;0;4986;0.00;0;0;0;0;0;0;0;0;0;0;0;0;0;0;0;0;14;0;99.0;99.0;0;0;0.00;0.00;0.00;0.0;0.0
61.138;70;0;99;0;0.0;19.700;1.340;24;26;0;0;100;0;100;0;0;0;0;88;88;0;0.000;0.000;0.000;0.000;0.000;0.000;0.0;0.0;0;14;0.000;0.000;11.3;0;0.0;0;0;0;0;0;99;0;0;4986;0.00;0;0;0;0;0;0;0;0;0;0;0;0;0;0;0;0;14;0;99.0;99.0;0;0;0.00;0.00;0.00;0.0;0.0
61.204;70;0;99;0;0.0;19.700;1.340;24;26;0;0;100;0;100;0;0;0;0;88;88;0;0.000;0.000;0.000;0.000;0.000;0.000;0.0;0.0;0;14;0.000;0.000;11.3;0;0.0;0;0;0;0;0;99;0;0;4986;0.00;0;0;0;0;0;0;0;0;0;0;0;0;0;0;0;0;14;0;99.0;99.0;0;0;0.00;0.00;0.00;0.0;0.0
61.273;70;0;99;0;0.0;19.700;1.340;24;26;0;0;100;0;100;0;0;0;0;88;88;0;0.000;0.000;0.000;0.000;0.000;0.000;0.0;0.0;0;14;0.000;0.000;11.3;0;0.0;0;0;0;0;0;99;0;0;4986;0.00;0;0;0;0;0;0;0;0;0;0;0;0;0;0;0;0;14;0;99.0;99.0;0;0;0.00;0.00;0.00;0.0;0.0
61.338;70;0;99;0;0.0;19.700;1.340;24;26;0;0;100;0;100;0;0;0;0;88;88;0;0.000;0.000;0.000;0.000;0.000;0.000;0.0;0.0;0;14;0.000;0.000;11.3;0;0.0;0;0;0;0;0;99;0;0;4986;0.00;0;0;0;0;0;0;0;0;0;0;0;0;0;0;0;0;14;0;99.0;99.0;0;0;0.00;0.00;0.00;0.0;0.0
61.405;70;0;99;0;0.0;19.700;1.340;24;26;0;0;100;0;100;0;0;0;0;88;88;0;0.000;0.000;0.000;0.000;0.000;0.000;0.0;0.0;0;14;0.000;0.000;11.3;0;0.0;0;0;0;0;0;99;0;0;4986;0.00;0;0;0;0;0;0;0;0;0;0;0;0;0;0;0;0;14;0;99.0;99.0;0;0;0.00;0.00;0.00;0.0;0.0
61.469;70;0;99;0;0.0;19.700;1.340;24;26;0;0;100;0;100;0;0;0;0;88;88;0;0.000;0.000;0.000;0.000;0.000;0.000;0.0;0.0;0;14;0.000;0.000;11.3;0;0.0;0;0;0;0;0;99;0;0;4986;0.00;0;0;0;0;0;0;0;0;0;0;0;0;0;0;0;0;14;0;99.0;99.0;0;0;0.00;0.00;0.00;0.0;0.0
61.535;70;0;99;0;0.0;19.700;1.340;24;26;0;0;100;0;100;0;0;0;0;88;88;0;0.000;0.000;0.000;0.000;0.000;0.000;0.0;0.0;0;14;0.000;0.000;11.3;0;0.0;0;0;0;0;0;99;0;0;4986;0.00;0;0;0;0;0;0;0;0;0;0;0;0;0;0;0;0;14;0;99.0;99.0;0;0;0.00;0.00;0.00;0.0;0.0
61.604;70;0;99;0;0.0;19.700;1.340;24;26;0;0;100;0;100;0;0;0;0;88;88;0;0.000;0.000;0.000;0.000;0.000;0.000;0.0;0.0;0;14;0.000;0.000;11.3;0;0.0;0;0;0;0;0;99;0;0;4986;0.00;0;0;0;0;0;0;0;0;0;0;0;0;0;0;0;0;14;0;99.0;99.0;0;0;0.00;0.00;0.00;0.0;0.0
61.670;70;0;98;0;0.0;19.700;1.340;24;26;0;0;100;0;100;0;0;0;0;88;88;0;0.000;0.000;0.000;0.000;0.000;0.000;0.0;0.0;0;15;0.000;0.000;11.3;0;-0.1;0;0;0;0;0;99;0;0;4986;0.00;0;0;0;0;0;0;0;0;0;0;0;0;0;0;0;0;15;0;98.0;98.0;0;0;0.00;0.00;0.00;0.0;0.0
61.736;70;0;99;0;0.0;19.700;1.340;24;26;0;0;100;0;100;0;0;0;0;88;88;0;0.000;0.000;0.000;0.000;0.000;0.000;0.0;0.0;0;14;0.000;0.000;11.3;0;0.0;0;0;0;0;0;99;0;0;4986;0.00;0;0;0;0;0;0;0;0;0;0;0;0;0;0;0;0;14;0;99.0;99.0;0;0;0.00;0.00;0.00;0.0;0.0
61.805;70;0;99;0;0.0;19.700;1.340;24;26;0;0;100;0;100;0;0;0;0;88;88;0;0.000;0.000;0.000;0.000;0.000;0.000;0.0;0.0;0;14;0.000;0.000;11.3;0;0.0;0;0;0;0;0;99;0;0;4986;0.00;0;0;0;0;0;0;0;0;0;0;0;0;0;0;0;0;14;0;99.0;99.0;0;0;0.00;0.00;0.00;0.0;0.0
61.870;71;0;99;0;0.0;19.700;1.340;24;26;0;0;100;0;100;0;0;0;0;88;88;0;0.000;0.000;0.000;0.000;0.000;0.000;0.0;0.0;0;14;0.000;0.000;11.3;0;0.0;0;0;0;0;0;99;0;0;4991;0.00;0;0;0;0;0;0;0;0;0;0;0;0;0;0;0;0;14;0;99.0;99.0;0;0;0.00;0.00;0.00;0.0;0.0
61.936;71;0;99;0;0.0;19.700;1.340;24;26;0;0;100;0;100;0;0;0;0;88;88;0;0.000;0.000;0.000;0.000;0.000;0.000;0.0;0.0;0;14;0.000;0.000;11.3;0;0.0;0;0;0;0;0;99;0;0;4991;0.00;0;0;0;0;0;0;0;0;0;0;0;0;0;0;0;0;14;0;99.0;99.0;0;0;0.00;0.00;0.00;0.0;0.0
62.002;71;0;99;0;0.0;19.700;1.340;24;26;0;0;100;0;100;0;0;0;0;88;88;0;0.000;0.000;0.000;0.000;0.000;0.000;0.0;0.0;0;14;0.000;0.000;11.3;0;0.0;0;0;0;0;0;99;0;0;4991;0.00;0;0;0;0;0;0;0;0;0;0;0;0;0;0;0;0;14;0;99.0;99.0;0;0;0.00;0.00;0.00;0.0;0.0
62.071;71;0;99;0;0.0;19.700;1.340;24;26;0;0;100;0;100;0;0;0;0;88;88;0;0.000;0.000;0.000;0.000;0.000;0.000;0.0;0.0;0;14;0.000;0.000;11.3;0;0.0;0;0;0;0;0;99;0;0;4991;0.00;0;0;0;0;0;0;0;0;0;0;0;0;0;0;0;0;14;0;99.0;99.0;0;0;0.00;0.00;0.00;0.0;0.0
62.138;71;0;99;0;0.0;19.700;1.340;24;26;0;0;100;0;100;0;0;0;0;88;88;0;0.000;0.000;0.000;0.000;0.000;0.000;0.0;0.0;0;14;0.000;0.000;11.3;0;0.0;0;0;0;0;0;99;0;0;4991;0.00;0;0;0;0;0;0;0;0;0;0;0;0;0;0;0;0;14;0;99.0;99.0;0;0;0.00;0.00;0.00;0.0;0.0
62.207;71;0;99;0;0.0;19.700;1.340;24;26;0;0;100;0;100;0;0;0;0;88;88;0;0.000;0.000;0.000;0.000;0.000;0.000;0.0;0.0;0;14;0.000;0.000;11.3;0;0.0;0;0;0;0;0;99;0;0;4991;0.00;0;0;0;0;0;0;0;0;0;0;0;0;0;0;0;0;14;0;99.0;99.0;0;0;0.00;0.00;0.00;0.0;0.0
62.272;71;0;99;0;0.0;19.700;1.340;24;26;0;0;100;0;100;0;0;0;0;88;88;0;0.000;0.000;0.000;0.000;0.000;0.000;0.0;0.0;0;14;0.000;0.000;11.3;0;0.0;0;0;0;0;0;99;0;0;4991;0.00;0;0;0;0;0;0;0;0;0;0;0;0;0;0;0;0;14;0;99.0;99.0;0;0;0.00;0.00;0.00;0.0;0.0
62.337;71;0;99;0;0.0;19.700;1.340;24;26;0;0;100;0;100;0;0;0;0;88;88;0;0.000;0.000;0.000;0.000;0.000;0.000;0.0;0.0;0;14;0.000;0.000;11.3;0;0.0;0;0;0;0;0;99;0;0;4991;0.00;0;0;0;0;0;0;0;0;0;0;0;0;0;0;0;0;14;0;99.0;99.0;0;0;0.00;0.00;0.00;0.0;0.0
62.403;71;0;99;0;0.0;19.700;1.340;24;26;0;0;100;0;100;0;0;0;0;88;88;0;0.000;0.000;0.000;0.000;0.000;0.000;0.0;0.0;0;14;0.000;0.000;11.3;0;0.0;0;0;0;0;0;99;0;0;4991;0.00;0;0;0;0;0;0;0;0;0;0;0;0;0;0;0;0;14;0;99.0;99.0;0;0;0.00;0.00;0.00;0.0;0.0
62.469;71;0;99;0;0.0;19.700;1.340;24;26;0;0;100;0;100;0;0;0;0;88;88;0;0.000;0.000;0.000;0.000;0.000;0.000;0.0;0.0;0;14;0.000;0.000;11.3;0;0.0;0;0;0;0;0;99;0;0;4991;0.00;0;0;0;0;0;0;0;0;0;0;0;0;0;0;0;0;14;0;99.0;99.0;0;0;0.00;0.00;0.00;0.0;0.0
62.538;71;0;99;0;0.0;19.700;1.340;24;26;0;0;100;0;100;0;0;0;0;88;88;0;0.000;0.000;0.000;0.000;0.000;0.000;0.0;0.0;0;14;0.000;0.000;11.3;0;0.0;0;0;0;0;0;99;0;0;4991;0.00;0;0;0;0;0;0;0;0;0;0;0;0;0;0;0;0;14;0;99.0;99.0;0;0;0.00;0.00;0.00;0.0;0.0
62.604;71;0;99;0;0.0;19.700;1.340;24;26;0;0;100;0;100;0;0;0;0;88;88;0;0.000;0.000;0.000;0.000;0.000;0.000;0.0;0.0;0;14;0.000;0.000;11.3;0;0.0;0;0;0;0;0;99;0;0;4991;0.00;0;0;0;0;0;0;0;0;0;0;0;0;0;0;0;0;14;0;99.0;99.0;0;0;0.00;0.00;0.00;0.0;0.0
62.669;71;0;99;0;0.0;19.700;1.340;24;26;0;0;100;0;100;0;0;0;0;88;88;0;0.000;0.000;0.000;0.000;0.000;0.000;0.0;0.0;0;14;0.000;0.000;11.3;0;0.0;0;0;0;0;0;99;0;0;4991;0.00;0;0;0;0;0;0;0;0;0;0;0;0;0;0;0;0;14;0;99.0;99.0;0;0;0.00;0.00;0.00;0.0;0.0
62.735;71;0;99;0;0.0;19.700;1.340;24;26;0;0;100;0;100;0;0;0;0;88;88;0;0.000;0.000;0.000;0.000;0.000;0.000;0.0;0.0;0;14;0.000;0.000;11.3;0;0.0;0;0;0;0;0;99;0;0;4991;0.00;0;0;0;0;0;0;0;0;0;0;0;0;0;0;0;0;14;0;99.0;99.0;0;0;0.00;0.00;0.00;0.0;0.0
62.804;71;0;99;0;0.0;19.700;1.340;24;26;0;0;100;0;100;0;0;0;0;88;88;0;0.000;0.000;0.000;0.000;0.000;0.000;0.0;0.0;0;14;0.000;0.000;11.3;0;0.0;0;0;0;0;0;99;0;0;4991;0.00;0;0;0;0;0;0;0;0;0;0;0;0;0;0;0;0;14;0;99.0;99.0;0;0;0.00;0.00;0.00;0.0;0.0
62.871;71;0;99;0;0.0;19.700;1.340;24;26;0;0;100;0;100;0;0;0;0;88;88;0;0.000;0.000;0.000;0.000;0.000;0.000;0.0;0.0;0;14;0.000;0.000;11.3;0;0.0;0;0;0;0;0;99;0;0;4991;0.00;0;0;0;0;0;0;0;0;0;0;0;0;0;0;0;0;14;0;99.0;99.0;0;0;0.00;0.00;0.00;0.0;0.0
62.939;72;0;99;0;0.0;19.700;1.340;24;26;0;0;100;0;100;0;0;0;0;88;88;0;0.000;0.000;0.000;0.000;0.000;0.000;0.0;0.0;0;14;0.000;0.000;11.3;0;0.0;0;0;0;0;0;99;0;0;4974;0.00;0;0;0;0;0;0;0;0;0;0;0;0;0;0;0;0;14;0;99.0;99.0;0;0;0.00;0.00;0.00;0.0;0.0
63.006;72;0;99;0;0.0;19.700;1.340;24;26;0;0;100;0;100;0;0;0;0;88;88;0;0.000;0.000;0.000;0.000;0.000;0.000;0.0;0.0;0;14;0.000;0.000;11.3;0;0.0;0;0;0;0;0;99;0;0;4974;0.00;0;0;0;0;0;0;0;0;0;0;0;0;0;0;0;0;14;0;99.0;99.0;0;0;0.00;0.00;0.00;0.0;0.0
63.071;72;0;99;0;0.0;19.700;1.340;24;26;0;0;100;0;100;0;0;0;0;88;88;0;0.000;0.000;0.000;0.000;0.000;0.000;0.0;0.0;0;14;0.000;0.000;11.3;0;0.0;0;0;0;0;0;99;0;0;4974;0.00;0;0;0;0;0;0;0;0;0;0;0;0;0;0;0;0;14;0;99.0;99.0;0;0;0.00;0.00;0.00;0.0;0.0
63.140;72;0;99;0;0.0;19.700;1.340;24;26;0;0;100;0;100;0;0;0;0;88;88;0;0.000;0.000;0.000;0.000;0.000;0.000;0.0;0.0;0;14;0.000;0.000;11.3;0;0.0;0;0;0;0;0;99;0;0;4974;0.00;0;0;0;0;0;0;0;0;0;0;0;0;0;0;0;0;14;0;99.0;99.0;0;0;0.00;0.00;0.00;0.0;0.0
63.210;72;0;99;0;0.0;19.700;1.340;24;26;0;0;100;0;100;0;0;0;0;88;88;0;0.000;0.000;0.000;0.000;0.000;0.000;0.0;0.0;0;14;0.000;0.000;11.3;0;0.0;0;0;0;0;0;99;0;0;4974;0.00;0;0;0;0;0;0;0;0;0;0;0;0;0;0;0;0;14;0;99.0;99.0;0;0;0.00;0.00;0.00;0.0;0.0
63.275;72;0;99;0;0.0;19.700;1.340;24;26;0;0;100;0;100;0;0;0;0;88;88;0;0.000;0.000;0.000;0.000;0.000;0.000;0.0;0.0;0;14;0.000;0.000;11.3;0;0.0;0;0;0;0;0;99;0;0;4974;0.00;0;0;0;0;0;0;0;0;0;0;0;0;0;0;0;0;14;0;99.0;99.0;0;0;0.00;0.00;0.00;0.0;0.0
63.275;72;0;99;0;0.0;19.700;1.340;24;26;0;0;100;0;100;0;0;0;0;88;88;0;0.000;0.000;0.000;0.000;0.000;0.000;0.0;0.0;0;14;0.000;0.000;11.3;0;0.0;0;0;0;0;0;99;0;0;4974;0.00;0;0;0;0;0;0;0;0;0;0;0;0;0;0;0;0;14;0;99.0;99.0;0;0;0.00;0.00;0.00;0.0;0.0
63.406;72;0;99;0;0.0;19.700;1.340;24;26;0;0;100;0;100;0;0;0;0;88;88;0;0.000;0.000;0.000;0.000;0.000;0.000;0.0;0.0;0;14;0.000;0.000;11.3;0;0.0;0;0;0;0;0;99;0;0;4974;0.00;0;0;0;0;0;0;0;0;0;0;0;0;0;0;0;0;14;0;99.0;99.0;0;0;0.00;0.00;0.00;0.0;0.0
63.472;72;0;99;0;0.0;19.700;1.340;24;26;0;0;100;0;100;0;0;0;0;88;88;0;0.000;0.000;0.000;0.000;0.000;0.000;0.0;0.0;0;14;0.000;0.000;11.3;0;0.0;0;0;0;0;0;99;0;0;4974;0.00;0;0;0;0;0;0;0;0;0;0;0;0;0;0;0;0;14;0;99.0;99.0;0;0;0.00;0.00;0.00;0.0;0.0
63.537;72;0;99;0;0.0;19.700;1.340;24;26;0;0;100;0;100;0;0;0;0;88;88;0;0.000;0.000;0.000;0.000;0.000;0.000;0.0;0.0;0;14;0.000;0.000;11.3;0;0.0;0;0;0;0;0;99;0;0;4974;0.00;0;0;0;0;0;0;0;0;0;0;0;0;0;0;0;0;14;0;99.0;99.0;0;0;0.00;0.00;0.00;0.0;0.0
63.605;72;0;99;0;0.0;19.700;1.340;24;26;0;0;100;0;100;0;0;0;0;88;88;0;0.000;0.000;0.000;0.000;0.000;0.000;0.0;0.0;0;14;0.000;0.000;11.3;0;0.0;0;0;0;0;0;99;0;0;4974;0.00;0;0;0;0;0;0;0;0;0;0;0;0;0;0;0;0;14;0;99.0;99.0;0;0;0.00;0.00;0.00;0.0;0.0
63.673;72;0;99;0;0.0;19.700;1.340;24;26;0;0;100;0;100;0;0;0;0;88;88;0;0.000;0.000;0.000;0.000;0.000;0.000;0.0;0.0;0;14;0.000;0.000;11.3;0;0.0;0;0;0;0;0;99;0;0;4974;0.00;0;0;0;0;0;0;0;0;0;0;0;0;0;0;0;0;14;0;99.0;99.0;0;0;0.00;0.00;0.00;0.0;0.0
63.738;72;0;99;0;0.0;19.700;1.340;24;26;0;0;100;0;100;0;0;0;0;88;88;0;0.000;0.000;0.000;0.000;0.000;0.000;0.0;0.0;0;14;0.000;0.000;11.3;0;0.0;0;0;0;0;0;99;0;0;4974;0.00;0;0;0;0;0;0;0;0;0;0;0;0;0;0;0;0;14;0;99.0;99.0;0;0;0.00;0.00;0.00;0.0;0.0
63.805;72;0;99;0;0.0;19.700;1.340;24;26;0;0;100;0;100;0;0;0;0;88;88;0;0.000;0.000;0.000;0.000;0.000;0.000;0.0;0.0;0;14;0.000;0.000;11.3;0;0.0;0;0;0;0;0;99;0;0;4974;0.00;0;0;0;0;0;0;0;0;0;0;0;0;0;0;0;0;14;0;99.0;99.0;0;0;0.00;0.00;0.00;0.0;0.0
63.874;72;0;99;0;0.0;19.700;1.340;24;26;0;0;100;0;100;0;0;0;0;88;88;0;0.000;0.000;0.000;0.000;0.000;0.000;0.0;0.0;0;14;0.000;0.000;11.3;0;0.0;0;0;0;0;0;99;0;0;4974;0.00;0;0;0;0;0;0;0;0;0;0;0;0;0;0;0;0;14;0;99.0;99.0;0;0;0.00;0.00;0.00;0.0;0.0
63.939;73;0;99;0;0.0;19.700;1.340;24;26;0;0;100;0;100;0;0;0;0;88;88;0;0.000;0.000;0.000;0.000;0.000;0.000;0.0;0.0;0;14;0.000;0.000;11.3;0;0.0;0;0;0;0;0;99;0;0;4978;0.00;0;0;0;0;0;0;0;0;0;0;0;0;0;0;0;0;14;0;99.0;99.0;0;0;0.00;0.00;0.00;0.0;0.0
64.004;73;0;99;0;0.0;19.700;1.340;24;26;0;0;100;0;100;0;0;0;0;88;88;0;0.000;0.000;0.000;0.000;0.000;0.000;0.0;0.0;0;14;0.000;0.000;11.3;0;0.0;0;0;0;0;0;99;0;0;4978;0.00;0;0;0;0;0;0;0;0;0;0;0;0;0;0;0;0;14;0;99.0;99.0;0;0;0.00;0.00;0.00;0.0;0.0
64.074;73;0;99;0;0.0;19.700;1.340;24;26;0;0;100;0;100;0;0;0;0;88;88;0;0.000;0.000;0.000;0.000;0.000;0.000;0.0;0.0;0;14;0.000;0.000;11.3;0;0.0;0;0;0;0;0;99;0;0;4978;0.00;0;0;0;0;0;0;0;0;0;0;0;0;0;0;0;0;14;0;99.0;99.0;0;0;0.00;0.00;0.00;0.0;0.0
64.140;73;0;99;0;0.0;19.700;1.340;24;26;0;0;100;0;100;0;0;0;0;88;88;0;0.000;0.000;0.000;0.000;0.000;0.000;0.0;0.0;0;14;0.000;0.000;11.3;0;0.0;0;0;0;0;0;99;0;0;4978;0.00;0;0;0;0;0;0;0;0;0;0;0;0;0;0;0;0;14;0;99.0;99.0;0;0;0.00;0.00;0.00;0.0;0.0
64.205;73;0;99;0;0.0;19.700;1.340;24;26;0;0;100;0;100;0;0;0;0;88;88;0;0.000;0.000;0.000;0.000;0.000;0.000;0.0;0.0;0;14;0.000;0.000;11.3;0;0.0;0;0;0;0;0;99;0;0;4978;0.00;0;0;0;0;0;0;0;0;0;0;0;0;0;0;0;0;14;0;99.0;99.0;0;0;0.00;0.00;0.00;0.0;0.0
64.271;73;0;99;0;0.0;19.700;1.340;24;26;0;0;100;0;100;0;0;0;0;88;88;0;0.000;0.000;0.000;0.000;0.000;0.000;0.0;0.0;0;14;0.000;0.000;11.3;0;0.0;0;0;0;0;0;99;0;0;4978;0.00;0;0;0;0;0;0;0;0;0;0;0;0;0;0;0;0;14;0;99.0;99.0;0;0;0.00;0.00;0.00;0.0;0.0
64.336;73;0;98;0;0.0;19.700;1.340;24;26;0;0;100;0;100;0;0;0;0;88;88;0;0.000;0.000;0.000;0.000;0.000;0.000;0.0;0.0;0;15;0.000;0.000;11.3;0;-0.1;0;0;0;0;0;99;0;0;4978;0.00;0;0;0;0;0;0;0;0;0;0;0;0;0;0;0;0;15;0;98.0;98.0;0;0;0.00;0.00;0.00;0.0;0.0
64.405;73;0;99;0;0.0;19.700;1.340;24;26;0;0;100;0;100;0;0;0;0;88;88;0;0.000;0.000;0.000;0.000;0.000;0.000;0.0;0.0;0;14;0.000;0.000;11.3;0;0.0;0;0;0;0;0;99;0;0;4978;0.00;0;0;0;0;0;0;0;0;0;0;0;0;0;0;0;0;14;0;99.0;99.0;0;0;0.00;0.00;0.00;0.0;0.0
64.471;73;0;99;0;0.0;19.700;1.340;24;26;0;0;100;0;100;0;0;0;0;88;88;0;0.000;0.000;0.000;0.000;0.000;0.000;0.0;0.0;0;14;0.000;0.000;11.3;0;0.0;0;0;0;0;0;99;0;0;4978;0.00;0;0;0;0;0;0;0;0;0;0;0;0;0;0;0;0;14;0;99.0;99.0;0;0;0.00;0.00;0.00;0.0;0.0
64.537;73;0;99;0;0.0;19.700;1.340;24;26;0;0;100;0;100;0;0;0;0;88;88;0;0.000;0.000;0.000;0.000;0.000;0.000;0.0;0.0;0;14;0.000;0.000;11.3;0;0.0;0;0;0;0;0;99;0;0;4978;0.00;0;0;0;0;0;0;0;0;0;0;0;0;0;0;0;0;14;0;99.0;99.0;0;0;0.00;0.00;0.00;0.0;0.0
64.603;73;0;99;0;0.0;19.700;1.340;24;26;0;0;100;0;100;0;0;0;0;88;88;0;0.000;0.000;0.000;0.000;0.000;0.000;0.0;0.0;0;14;0.000;0.000;11.3;0;0.0;0;0;0;0;0;99;0;0;4978;0.00;0;0;0;0;0;0;0;0;0;0;0;0;0;0;0;0;14;0;99.0;99.0;0;0;0.00;0.00;0.00;0.0;0.0
64.673;73;0;99;0;0.0;19.700;1.340;24;26;0;0;100;0;100;0;0;0;0;88;88;0;0.000;0.000;0.000;0.000;0.000;0.000;0.0;0.0;0;14;0.000;0.000;11.3;0;0.0;0;0;0;0;0;99;0;0;4978;0.00;0;0;0;0;0;0;0;0;0;0;0;0;0;0;0;0;14;0;99.0;99.0;0;0;0.00;0.00;0.00;0.0;0.0
64.738;73;0;99;0;0.0;19.700;1.340;24;26;0;0;100;0;100;0;0;0;0;88;88;0;0.000;0.000;0.000;0.000;0.000;0.000;0.0;0.0;0;14;0.000;0.000;11.3;0;0.0;0;0;0;0;0;99;0;0;4978;0.00;0;0;0;0;0;0;0;0;0;0;0;0;0;0;0;0;14;0;99.0;99.0;0;0;0.00;0.00;0.00;0.0;0.0
64.808;73;0;99;0;0.0;19.700;1.340;24;26;0;0;100;0;100;0;0;0;0;88;88;0;0.000;0.000;0.000;0.000;0.000;0.000;0.0;0.0;0;14;0.000;0.000;11.3;0;0.0;0;0;0;0;0;99;0;0;4978;0.00;0;0;0;0;0;0;0;0;0;0;0;0;0;0;0;0;14;0;99.0;99.0;0;0;0.00;0.00;0.00;0.0;0.0
64.873;73;0;99;0;0.0;19.700;1.340;24;26;0;0;100;0;100;0;0;0;0;88;88;0;0.000;0.000;0.000;0.000;0.000;0.000;0.0;0.0;0;14;0.000;0.000;11.3;0;0.0;0;0;0;0;0;99;0;0;4978;0.00;0;0;0;0;0;0;0;0;0;0;0;0;0;0;0;0;14;0;99.0;99.0;0;0;0.00;0.00;0.00;0.0;0.0
64.939;74;0;99;0;0.0;19.700;1.340;24;26;0;0;100;0;100;0;0;0;0;88;88;0;0.000;0.000;0.000;0.000;0.000;0.000;0.0;0.0;0;14;0.000;0.000;11.3;0;0.0;0;0;0;0;0;99;0;0;4984;0.00;0;0;0;0;0;0;0;0;0;0;0;0;0;0;0;0;14;0;99.0;99.0;0;0;0.00;0.00;0.00;0.0;0.0
65.004;74;0;99;0;0.0;19.700;1.340;24;26;0;0;100;0;100;0;0;0;0;88;88;0;0.000;0.000;0.000;0.000;0.000;0.000;0.0;0.0;0;14;0.000;0.000;11.3;0;0.0;0;0;0;0;0;99;0;0;4984;0.00;0;0;0;0;0;0;0;0;0;0;0;0;0;0;0;0;14;0;99.0;99.0;0;0;0.00;0.00;0.00;0.0;0.0
65.069;74;0;99;0;0.0;19.700;1.340;24;26;0;0;100;0;100;0;0;0;0;88;88;0;0.000;0.000;0.000;0.000;0.000;0.000;0.0;0.0;0;14;0.000;0.000;11.3;0;0.0;0;0;0;0;0;99;0;0;4984;0.00;0;0;0;0;0;0;0;0;0;0;0;0;0;0;0;0;14;0;99.0;99.0;0;0;0.00;0.00;0.00;0.0;0.0
65.135;74;0;99;0;0.0;19.700;1.340;24;26;0;0;100;0;100;0;0;0;0;88;88;0;0.000;0.000;0.000;0.000;0.000;0.000;0.0;0.0;0;14;0.000;0.000;11.3;0;0.0;0;0;0;0;0;99;0;0;4984;0.00;0;0;0;0;0;0;0;0;0;0;0;0;0;0;0;0;14;0;99.0;99.0;0;0;0.00;0.00;0.00;0.0;0.0
65.204;74;0;99;0;0.0;19.700;1.340;24;26;0;0;100;0;100;0;0;0;0;88;88;0;0.000;0.000;0.000;0.000;0.000;0.000;0.0;0.0;0;14;0.000;0.000;11.3;0;0.0;0;0;0;0;0;99;0;0;4984;0.00;0;0;0;0;0;0;0;0;0;0;0;0;0;0;0;0;14;0;99.0;99.0;0;0;0.00;0.00;0.00;0.0;0.0
65.269;74;0;98;0;0.0;19.700;1.340;24;26;0;0;100;0;100;0;0;0;0;88;88;0;0.000;0.000;0.000;0.000;0.000;0.000;0.0;0.0;0;15;0.000;0.000;11.3;0;-0.1;0;0;0;0;0;99;0;0;4984;0.00;0;0;0;0;0;0;0;0;0;0;0;0;0;0;0;0;15;0;98.0;98.0;0;0;0.00;0.00;0.00;0.0;0.0
65.336;74;0;99;0;0.0;19.700;1.340;24;26;0;0;100;0;100;0;0;0;0;88;88;0;0.000;0.000;0.000;0.000;0.000;0.000;0.0;0.0;0;14;0.000;0.000;11.3;0;0.0;0;0;0;0;0;99;0;0;4984;0.00;0;0;0;0;0;0;0;0;0;0;0;0;0;0;0;0;14;0;99.0;99.0;0;0;0.00;0.00;0.00;0.0;0.0
65.402;74;0;99;0;0.0;19.700;1.340;24;26;0;0;100;0;100;0;0;0;0;88;88;0;0.000;0.000;0.000;0.000;0.000;0.000;0.0;0.0;0;14;0.000;0.000;11.3;0;0.0;0;0;0;0;0;99;0;0;4984;0.00;0;0;0;0;0;0;0;0;0;0;0;0;0;0;0;0;14;0;99.0;99.0;0;0;0.00;0.00;0.00;0.0;0.0
65.471;74;0;99;0;0.0;19.700;1.340;24;26;0;0;100;0;100;0;0;0;0;88;88;0;0.000;0.000;0.000;0.000;0.000;0.000;0.0;0.0;0;14;0.000;0.000;11.3;0;0.0;0;0;0;0;0;99;0;0;4984;0.00;0;0;0;0;0;0;0;0;0;0;0;0;0;0;0;0;14;0;99.0;99.0;0;0;0.00;0.00;0.00;0.0;0.0
65.540;74;0;99;0;0.0;19.700;1.340;24;26;0;0;100;0;100;0;0;0;0;88;88;0;0.000;0.000;0.000;0.000;0.000;0.000;0.0;0.0;0;14;0.000;0.000;11.3;0;0.0;0;0;0;0;0;99;0;0;4984;0.00;0;0;0;0;0;0;0;0;0;0;0;0;0;0;0;0;14;0;99.0;99.0;0;0;0.00;0.00;0.00;0.0;0.0
65.606;74;0;99;0;0.0;19.700;1.340;24;26;0;0;100;0;100;0;0;0;0;88;88;0;0.000;0.000;0.000;0.000;0.000;0.000;0.0;0.0;0;14;0.000;0.000;11.3;0;0.0;0;0;0;0;0;99;0;0;4984;0.00;0;0;0;0;0;0;0;0;0;0;0;0;0;0;0;0;14;0;99.0;99.0;0;0;0.00;0.00;0.00;0.0;0.0
65.673;74;0;99;0;0.0;19.700;1.340;24;26;0;0;100;0;100;0;0;0;0;88;88;0;0.000;0.000;0.000;0.000;0.000;0.000;0.0;0.0;0;14;0.000;0.000;11.3;0;0.0;0;0;0;0;0;99;0;0;4984;0.00;0;0;0;0;0;0;0;0;0;0;0;0;0;0;0;0;14;0;99.0;99.0;0;0;0.00;0.00;0.00;0.0;0.0
65.738;74;0;99;0;0.0;19.700;1.340;24;26;0;0;100;0;100;0;0;0;0;88;88;0;0.000;0.000;0.000;0.000;0.000;0.000;0.0;0.0;0;14;0.000;0.000;11.3;0;0.0;0;0;0;0;0;99;0;0;4984;0.00;0;0;0;0;0;0;0;0;0;0;0;0;0;0;0;0;14;0;99.0;99.0;0;0;0.00;0.00;0.00;0.0;0.0
65.807;74;0;99;0;0.0;19.700;1.340;24;26;0;0;100;0;100;0;0;0;0;88;88;0;0.000;0.000;0.000;0.000;0.000;0.000;0.0;0.0;0;14;0.000;0.000;11.3;0;0.0;0;0;0;0;0;99;0;0;4984;0.00;0;0;0;0;0;0;0;0;0;0;0;0;0;0;0;0;14;0;99.0;99.0;0;0;0.00;0.00;0.00;0.0;0.0
65.872;74;0;99;0;0.0;19.700;1.340;24;26;0;0;100;0;100;0;0;0;0;88;88;0;0.000;0.000;0.000;0.000;0.000;0.000;0.0;0.0;0;14;0.000;0.000;11.3;0;0.0;0;0;0;0;0;99;0;0;4984;0.00;0;0;0;0;0;0;0;0;0;0;0;0;0;0;0;0;14;0;99.0;99.0;0;0;0.00;0.00;0.00;0.0;0.0
65.937;75;0;99;0;0.0;19.700;1.340;24;26;0;0;100;0;100;0;0;0;0;88;88;0;0.000;0.000;0.000;0.000;0.000;0.000;0.0;0.0;0;14;0.000;0.000;11.3;0;0.0;0;0;0;0;0;99;0;0;4988;0.00;0;0;0;0;0;0;0;0;0;0;0;0;0;0;0;0;14;0;99.0;99.0;0;0;0.00;0.00;0.00;0.0;0.0
66.002;75;0;99;0;0.0;19.700;1.340;24;26;0;0;100;0;100;0;0;0;0;88;88;0;0.000;0.000;0.000;0.000;0.000;0.000;0.0;0.0;0;14;0.000;0.000;11.3;0;0.0;0;0;0;0;0;99;0;0;4988;0.00;0;0;0;0;0;0;0;0;0;0;0;0;0;0;0;0;14;0;99.0;99.0;0;0;0.00;0.00;0.00;0.0;0.0
66.072;75;0;99;0;0.0;19.700;1.340;24;26;0;0;100;0;100;0;0;0;0;88;88;0;0.000;0.000;0.000;0.000;0.000;0.000;0.0;0.0;0;14;0.000;0.000;11.3;0;0.0;0;0;0;0;0;99;0;0;4988;0.00;0;0;0;0;0;0;0;0;0;0;0;0;0;0;0;0;14;0;99.0;99.0;0;0;0.00;0.00;0.00;0.0;0.0
66.138;75;0;99;0;0.0;19.700;1.340;24;26;0;0;100;0;100;0;0;0;0;88;88;0;0.000;0.000;0.000;0.000;0.000;0.000;0.0;0.0;0;14;0.000;0.000;11.3;0;0.0;0;0;0;0;0;99;0;0;4988;0.00;0;0;0;0;0;0;0;0;0;0;0;0;0;0;0;0;14;0;99.0;99.0;0;0;0.00;0.00;0.00;0.0;0.0
66.206;75;0;99;0;0.0;19.700;1.340;24;26;0;0;100;0;100;0;0;0;0;88;88;0;0.000;0.000;0.000;0.000;0.000;0.000;0.0;0.0;0;14;0.000;0.000;11.3;0;0.0;0;0;0;0;0;99;0;0;4988;0.00;0;0;0;0;0;0;0;0;0;0;0;0;0;0;0;0;14;0;99.0;99.0;0;0;0.00;0.00;0.00;0.0;0.0
66.273;75;0;99;0;0.0;19.700;1.340;24;26;0;0;100;0;100;0;0;0;0;88;88;0;0.000;0.000;0.000;0.000;0.000;0.000;0.0;0.0;0;14;0.000;0.000;11.3;0;0.0;0;0;0;0;0;99;0;0;4988;0.00;0;0;0;0;0;0;0;0;0;0;0;0;0;0;0;0;14;0;99.0;99.0;0;0;0.00;0.00;0.00;0.0;0.0
66.339;75;0;99;0;0.0;19.700;1.340;24;26;0;0;100;0;100;0;0;0;0;88;88;0;0.000;0.000;0.000;0.000;0.000;0.000;0.0;0.0;0;14;0.000;0.000;11.3;0;0.0;0;0;0;0;0;99;0;0;4988;0.00;0;0;0;0;0;0;0;0;0;0;0;0;0;0;0;0;14;0;99.0;99.0;0;0;0.00;0.00;0.00;0.0;0.0
66.404;75;0;99;0;0.0;19.700;1.340;24;26;0;0;100;0;100;0;0;0;0;88;88;0;0.000;0.000;0.000;0.000;0.000;0.000;0.0;0.0;0;14;0.000;0.000;11.3;0;0.0;0;0;0;0;0;99;0;0;4988;0.00;0;0;0;0;0;0;0;0;0;0;0;0;0;0;0;0;14;0;99.0;99.0;0;0;0.00;0.00;0.00;0.0;0.0
66.470;75;0;99;0;0.0;19.700;1.340;24;26;0;0;100;0;100;0;0;0;0;88;88;0;0.000;0.000;0.000;0.000;0.000;0.000;0.0;0.0;0;14;0.000;0.000;11.3;0;0.0;0;0;0;0;0;99;0;0;4988;0.00;0;0;0;0;0;0;0;0;0;0;0;0;0;0;0;0;14;0;99.0;99.0;0;0;0.00;0.00;0.00;0.0;0.0
66.540;75;0;99;0;0.0;19.700;1.340;24;26;0;0;100;0;100;0;0;0;0;88;88;0;0.000;0.000;0.000;0.000;0.000;0.000;0.0;0.0;0;14;0.000;0.000;11.3;0;0.0;0;0;0;0;0;99;0;0;4988;0.00;0;0;0;0;0;0;0;0;0;0;0;0;0;0;0;0;14;0;99.0;99.0;0;0;0.00;0.00;0.00;0.0;0.0
66.606;75;0;99;0;0.0;19.700;1.340;24;26;0;0;100;0;100;0;0;0;0;88;88;0;0.000;0.000;0.000;0.000;0.000;0.000;0.0;0.0;0;14;0.000;0.000;11.3;0;0.0;0;0;0;0;0;99;0;0;4988;0.00;0;0;0;0;0;0;0;0;0;0;0;0;0;0;0;0;14;0;99.0;99.0;0;0;0.00;0.00;0.00;0.0;0.0
66.675;75;0;99;0;0.0;19.700;1.340;24;26;0;0;100;0;100;0;0;0;0;88;88;0;0.000;0.000;0.000;0.000;0.000;0.000;0.0;0.0;0;14;0.000;0.000;11.3;0;0.0;0;0;0;0;0;99;0;0;4988;0.00;0;0;0;0;0;0;0;0;0;0;0;0;0;0;0;0;14;0;99.0;99.0;0;0;0.00;0.00;0.00;0.0;0.0
66.741;75;0;99;0;0.0;19.700;1.340;24;26;0;0;100;0;100;0;0;0;0;88;88;0;0.000;0.000;0.000;0.000;0.000;0.000;0.0;0.0;0;14;0.000;0.000;11.3;0;0.0;0;0;0;0;0;99;0;0;4988;0.00;0;0;0;0;0;0;0;0;0;0;0;0;0;0;0;0;14;0;99.0;99.0;0;0;0.00;0.00;0.00;0.0;0.0
66.806;75;0;99;0;0.0;19.700;1.340;24;26;0;0;100;0;100;0;0;0;0;88;88;0;0.000;0.000;0.000;0.000;0.000;0.000;0.0;0.0;0;14;0.000;0.000;11.3;0;0.0;0;0;0;0;0;99;0;0;4988;0.00;0;0;0;0;0;0;0;0;0;0;0;0;0;0;0;0;14;0;99.0;99.0;0;0;0.00;0.00;0.00;0.0;0.0
66.872;75;0;99;0;0.0;19.700;1.340;24;26;0;0;100;0;100;0;0;0;0;88;88;0;0.000;0.000;0.000;0.000;0.000;0.000;0.0;0.0;0;14;0.000;0.000;11.3;0;0.0;0;0;0;0;0;99;0;0;4988;0.00;0;0;0;0;0;0;0;0;0;0;0;0;0;0;0;0;14;0;99.0;99.0;0;0;0.00;0.00;0.00;0.0;0.0
66.937;76;0;99;0;0.0;19.700;1.340;24;26;0;0;100;0;100;0;0;0;0;88;88;0;0.000;0.000;0.000;0.000;0.000;0.000;0.0;0.0;0;14;0.000;0.000;11.3;0;0.0;0;0;0;0;0;99;0;0;4983;0.00;0;0;0;0;0;0;0;0;0;0;0;0;0;0;0;0;14;0;99.0;99.0;0;0;0.00;0.00;0.00;0.0;0.0
67.007;76;0;99;0;0.0;19.700;1.340;24;26;0;0;100;0;100;0;0;0;0;88;88;0;0.000;0.000;0.000;0.000;0.000;0.000;0.0;0.0;0;14;0.000;0.000;11.3;0;0.0;0;0;0;0;0;99;0;0;4983;0.00;0;0;0;0;0;0;0;0;0;0;0;0;0;0;0;0;14;0;99.0;99.0;0;0;0.00;0.00;0.00;0.0;0.0
67.072;76;0;99;0;0.0;19.700;1.340;24;26;0;0;100;0;100;0;0;0;0;88;88;0;0.000;0.000;0.000;0.000;0.000;0.000;0.0;0.0;0;14;0.000;0.000;11.3;0;0.0;0;0;0;0;0;99;0;0;4983;0.00;0;0;0;0;0;0;0;0;0;0;0;0;0;0;0;0;14;0;99.0;99.0;0;0;0.00;0.00;0.00;0.0;0.0
67.138;76;0;99;0;0.0;19.700;1.340;24;26;0;0;100;0;100;0;0;0;0;88;88;0;0.000;0.000;0.000;0.000;0.000;0.000;0.0;0.0;0;14;0.000;0.000;11.3;0;0.0;0;0;0;0;0;99;0;0;4983;0.00;0;0;0;0;0;0;0;0;0;0;0;0;0;0;0;0;14;0;99.0;99.0;0;0;0.00;0.00;0.00;0.0;0.0
67.209;76;0;99;0;0.0;19.700;1.340;24;26;0;0;100;0;100;0;0;0;0;88;88;0;0.000;0.000;0.000;0.000;0.000;0.000;0.0;0.0;0;14;0.000;0.000;11.3;0;0.0;0;0;0;0;0;99;0;0;4983;0.00;0;0;0;0;0;0;0;0;0;0;0;0;0;0;0;0;14;0;99.0;99.0;0;0;0.00;0.00;0.00;0.0;0.0
67.272;76;0;99;0;0.0;19.700;1.340;24;26;0;0;100;0;100;0;0;0;0;88;88;0;0.000;0.000;0.000;0.000;0.000;0.000;0.0;0.0;0;14;0.000;0.000;11.3;0;0.0;0;0;0;0;0;99;0;0;4983;0.00;0;0;0;0;0;0;0;0;0;0;0;0;0;0;0;0;14;0;99.0;99.0;0;0;0.00;0.00;0.00;0.0;0.0
67.338;76;0;99;0;0.0;19.700;1.340;24;26;0;0;100;0;100;0;0;0;0;88;88;0;0.000;0.000;0.000;0.000;0.000;0.000;0.0;0.0;0;14;0.000;0.000;11.3;0;0.0;0;0;0;0;0;99;0;0;4983;0.00;0;0;0;0;0;0;0;0;0;0;0;0;0;0;0;0;14;0;99.0;99.0;0;0;0.00;0.00;0.00;0.0;0.0
67.404;76;0;99;0;0.0;19.700;1.340;24;26;0;0;100;0;100;0;0;0;0;88;88;0;0.000;0.000;0.000;0.000;0.000;0.000;0.0;0.0;0;14;0.000;0.000;11.3;0;0.0;0;0;0;0;0;99;0;0;4983;0.00;0;0;0;0;0;0;0;0;0;0;0;0;0;0;0;0;14;0;99.0;99.0;0;0;0.00;0.00;0.00;0.0;0.0
67.473;76;0;99;0;0.0;19.700;1.340;24;26;0;0;100;0;100;0;0;0;0;88;88;0;0.000;0.000;0.000;0.000;0.000;0.000;0.0;0.0;0;14;0.000;0.000;11.3;0;0.0;0;0;0;0;0;99;0;0;4983;0.00;0;0;0;0;0;0;0;0;0;0;0;0;0;0;0;0;14;0;99.0;99.0;0;0;0.00;0.00;0.00;0.0;0.0
67.539;76;0;99;0;0.0;19.700;1.340;24;26;0;0;100;0;100;0;0;0;0;88;88;0;0.000;0.000;0.000;0.000;0.000;0.000;0.0;0.0;0;14;0.000;0.000;11.3;0;0.0;0;0;0;0;0;99;0;0;4983;0.00;0;0;0;0;0;0;0;0;0;0;0;0;0;0;0;0;14;0;99.0;99.0;0;0;0.00;0.00;0.00;0.0;0.0
67.604;76;0;99;0;0.0;19.700;1.340;24;26;0;0;100;0;100;0;0;0;0;88;88;0;0.000;0.000;0.000;0.000;0.000;0.000;0.0;0.0;0;14;0.000;0.000;11.3;0;0.0;0;0;0;0;0;99;0;0;4983;0.00;0;0;0;0;0;0;0;0;0;0;0;0;0;0;0;0;14;0;99.0;99.0;0;0;0.00;0.00;0.00;0.0;0.0
67.669;76;0;99;0;0.0;19.700;1.340;24;26;0;0;100;0;100;0;0;0;0;88;88;0;0.000;0.000;0.000;0.000;0.000;0.000;0.0;0.0;0;14;0.000;0.000;11.3;0;0.0;0;0;0;0;0;99;0;0;4983;0.00;0;0;0;0;0;0;0;0;0;0;0;0;0;0;0;0;14;0;99.0;99.0;0;0;0.00;0.00;0.00;0.0;0.0
67.737;76;0;99;0;0.0;19.700;1.340;24;26;0;0;100;0;100;0;0;0;0;88;88;0;0.000;0.000;0.000;0.000;0.000;0.000;0.0;0.0;0;14;0.000;0.000;11.2;0;0.0;0;0;0;0;0;99;0;0;4983;0.00;0;0;0;0;0;0;0;0;0;0;0;0;0;0;0;0;14;0;99.0;99.0;0;0;0.00;0.00;0.00;0.0;0.0
67.805;76;0;99;0;0.0;19.700;1.340;24;26;0;0;100;0;100;0;0;0;0;88;88;0;0.000;0.000;0.000;0.000;0.000;0.000;0.0;0.0;0;14;0.000;0.000;11.2;0;0.0;0;0;0;0;0;99;0;0;4983;0.00;0;0;0;0;0;0;0;0;0;0;0;0;0;0;0;0;14;0;99.0;99.0;0;0;0.00;0.00;0.00;0.0;0.0
67.870;76;0;99;0;0.0;19.700;1.340;24;26;0;0;100;0;100;0;0;0;0;88;88;0;0.000;0.000;0.000;0.000;0.000;0.000;0.0;0.0;0;14;0.000;0.000;11.2;0;0.0;0;0;0;0;0;99;0;0;4983;0.00;0;0;0;0;0;0;0;0;0;0;0;0;0;0;0;0;14;0;99.0;99.0;0;0;0.00;0.00;0.00;0.0;0.0
67.937;76;0;99;0;0.0;19.700;1.340;24;26;0;0;100;0;100;0;0;0;0;88;88;0;0.000;0.000;0.000;0.000;0.000;0.000;0.0;0.0;0;14;0.000;0.000;11.2;0;0.0;0;0;0;0;0;99;0;0;4983;0.00;0;0;0;0;0;0;0;0;0;0;0;0;0;0;0;0;14;0;99.0;99.0;0;0;0.00;0.00;0.00;0.0;0.0
68.007;77;0;99;0;0.0;19.700;1.340;24;26;0;0;100;0;100;0;0;0;0;88;88;0;0.000;0.000;0.000;0.000;0.000;0.000;0.0;0.0;0;14;0.000;0.000;11.2;0;0.0;0;0;0;0;0;99;0;0;4967;0.00;0;0;0;0;0;0;0;0;0;0;0;0;0;0;0;0;14;0;99.0;99.0;0;0;0.00;0.00;0.00;0.0;0.0
68.072;77;0;99;0;0.0;19.700;1.340;24;26;0;0;100;0;100;0;0;0;0;88;88;0;0.000;0.000;0.000;0.000;0.000;0.000;0.0;0.0;0;14;0.000;0.000;11.2;0;0.0;0;0;0;0;0;99;0;0;4967;0.00;0;0;0;0;0;0;0;0;0;0;0;0;0;0;0;0;14;0;99.0;99.0;0;0;0.00;0.00;0.00;0.0;0.0
68.142;77;0;99;0;0.0;19.700;1.340;24;26;0;0;100;0;100;0;0;0;0;88;88;0;0.000;0.000;0.000;0.000;0.000;0.000;0.0;0.0;0;14;0.000;0.000;11.2;0;0.0;0;0;0;0;0;99;0;0;4967;0.00;0;0;0;0;0;0;0;0;0;0;0;0;0;0;0;0;14;0;99.0;99.0;0;0;0.00;0.00;0.00;0.0;0.0
68.207;77;0;99;0;0.0;19.700;1.340;24;26;0;0;100;0;100;0;0;0;0;88;88;0;0.000;0.000;0.000;0.000;0.000;0.000;0.0;0.0;0;14;0.000;0.000;11.2;0;0.0;0;0;0;0;0;99;0;0;4967;0.00;0;0;0;0;0;0;0;0;0;0;0;0;0;0;0;0;14;0;99.0;99.0;0;0;0.00;0.00;0.00;0.0;0.0
68.272;77;0;99;0;0.0;19.700;1.340;24;26;0;0;100;0;100;0;0;0;0;88;88;0;0.000;0.000;0.000;0.000;0.000;0.000;0.0;0.0;0;14;0.000;0.000;11.2;0;0.0;0;0;0;0;0;99;0;0;4967;0.00;0;0;0;0;0;0;0;0;0;0;0;0;0;0;0;0;14;0;99.0;99.0;0;0;0.00;0.00;0.00;0.0;0.0
68.339;77;0;99;0;0.0;19.700;1.340;24;26;0;0;100;0;100;0;0;0;0;88;88;0;0.000;0.000;0.000;0.000;0.000;0.000;0.0;0.0;0;14;0.000;0.000;11.2;0;0.0;0;0;0;0;0;99;0;0;4967;0.00;0;0;0;0;0;0;0;0;0;0;0;0;0;0;0;0;14;0;99.0;99.0;0;0;0.00;0.00;0.00;0.0;0.0
68.409;77;0;99;0;0.0;19.700;1.340;24;26;0;0;100;0;100;0;0;0;0;88;88;0;0.000;0.000;0.000;0.000;0.000;0.000;0.0;0.0;0;14;0.000;0.000;11.2;0;0.0;0;0;0;0;0;99;0;0;4967;0.00;0;0;0;0;0;0;0;0;0;0;0;0;0;0;0;0;14;0;99.0;99.0;0;0;0.00;0.00;0.00;0.0;0.0
68.473;77;0;99;0;0.0;19.700;1.340;24;26;0;0;100;0;100;0;0;0;0;88;88;0;0.000;0.000;0.000;0.000;0.000;0.000;0.0;0.0;0;14;0.000;0.000;11.2;0;0.0;0;0;0;0;0;99;0;0;4967;0.00;0;0;0;0;0;0;0;0;0;0;0;0;0;0;0;0;14;0;99.0;99.0;0;0;0.00;0.00;0.00;0.0;0.0
68.538;77;0;99;0;0.0;19.700;1.340;24;26;0;0;100;0;100;0;0;0;0;88;88;0;0.000;0.000;0.000;0.000;0.000;0.000;0.0;0.0;0;14;0.000;0.000;11.2;0;0.0;0;0;0;0;0;99;0;0;4967;0.00;0;0;0;0;0;0;0;0;0;0;0;0;0;0;0;0;14;0;99.0;99.0;0;0;0.00;0.00;0.00;0.0;0.0
68.608;77;0;99;0;0.0;19.700;1.340;24;26;0;0;100;0;100;0;0;0;0;88;88;0;0.000;0.000;0.000;0.000;0.000;0.000;0.0;0.0;0;14;0.000;0.000;11.2;0;0.0;0;0;0;0;0;99;0;0;4967;0.00;0;0;0;0;0;0;0;0;0;0;0;0;0;0;0;0;14;0;99.0;99.0;0;0;0.00;0.00;0.00;0.0;0.0
68.674;77;0;99;0;0.0;19.700;1.340;24;26;0;0;100;0;100;0;0;0;0;88;88;0;0.000;0.000;0.000;0.000;0.000;0.000;0.0;0.0;0;14;0.000;0.000;11.2;0;0.0;0;0;0;0;0;99;0;0;4967;0.00;0;0;0;0;0;0;0;0;0;0;0;0;0;0;0;0;14;0;99.0;99.0;0;0;0.00;0.00;0.00;0.0;0.0
68.739;77;0;99;0;0.0;19.700;1.340;24;26;0;0;100;0;100;0;0;0;0;88;88;0;0.000;0.000;0.000;0.000;0.000;0.000;0.0;0.0;0;14;0.000;0.000;11.2;0;0.0;0;0;0;0;0;99;0;0;4967;0.00;0;0;0;0;0;0;0;0;0;0;0;0;0;0;0;0;14;0;99.0;99.0;0;0;0.00;0.00;0.00;0.0;0.0
68.805;77;0;99;0;0.0;19.700;1.340;24;26;0;0;100;0;100;0;0;0;0;88;88;0;0.000;0.000;0.000;0.000;0.000;0.000;0.0;0.0;0;14;0.000;0.000;11.2;0;0.0;0;0;0;0;0;99;0;0;4967;0.00;0;0;0;0;0;0;0;0;0;0;0;0;0;0;0;0;14;0;99.0;99.0;0;0;0.00;0.00;0.00;0.0;0.0
68.870;77;0;99;0;0.0;19.700;1.340;24;26;0;0;100;0;100;0;0;0;0;88;88;0;0.000;0.000;0.000;0.000;0.000;0.000;0.0;0.0;0;14;0.000;0.000;11.2;0;0.0;0;0;0;0;0;99;0;0;4967;0.00;0;0;0;0;0;0;0;0;0;0;0;0;0;0;0;0;14;0;99.0;99.0;0;0;0.00;0.00;0.00;0.0;0.0
68.937;77;0;99;0;0.0;19.700;1.340;24;26;0;0;100;0;100;0;0;0;0;88;88;0;0.000;0.000;0.000;0.000;0.000;0.000;0.0;0.0;0;14;0.000;0.000;11.2;0;0.0;0;0;0;0;0;99;0;0;4967;0.00;0;0;0;0;0;0;0;0;0;0;0;0;0;0;0;0;14;0;99.0;99.0;0;0;0.00;0.00;0.00;0.0;0.0
69.006;78;0;99;0;0.0;19.700;1.340;24;26;0;0;100;0;100;0;0;0;0;88;88;0;0.000;0.000;0.000;0.000;0.000;0.000;0.0;0.0;0;14;0.000;0.000;11.2;0;0.0;0;0;0;0;0;99;0;0;4985;0.00;0;0;0;0;0;0;0;0;0;0;0;0;0;0;0;0;14;0;99.0;99.0;0;0;0.00;0.00;0.00;0.0;0.0
69.075;78;0;99;0;0.0;19.700;1.340;24;26;0;0;100;0;100;0;0;0;0;88;88;0;0.000;0.000;0.000;0.000;0.000;0.000;0.0;0.0;0;14;0.000;0.000;11.2;0;0.0;0;0;0;0;0;99;0;0;4985;0.00;0;0;0;0;0;0;0;0;0;0;0;0;0;0;0;0;14;0;99.0;99.0;0;0;0.00;0.00;0.00;0.0;0.0
69.141;78;0;99;0;0.0;19.700;1.340;24;26;0;0;100;0;100;0;0;0;0;88;88;0;0.000;0.000;0.000;0.000;0.000;0.000;0.0;0.0;0;14;0.000;0.000;11.2;0;0.0;0;0;0;0;0;99;0;0;4985;0.00;0;0;0;0;0;0;0;0;0;0;0;0;0;0;0;0;14;0;99.0;99.0;0;0;0.00;0.00;0.00;0.0;0.0
69.206;78;0;99;0;0.0;19.700;1.340;24;26;0;0;100;0;100;0;0;0;0;88;88;0;0.000;0.000;0.000;0.000;0.000;0.000;0.0;0.0;0;14;0.000;0.000;11.2;0;0.0;0;0;0;0;0;99;0;0;4985;0.00;0;0;0;0;0;0;0;0;0;0;0;0;0;0;0;0;14;0;99.0;99.0;0;0;0.00;0.00;0.00;0.0;0.0
69.271;78;0;99;0;0.0;19.700;1.340;24;26;0;0;100;0;100;0;0;0;0;88;88;0;0.000;0.000;0.000;0.000;0.000;0.000;0.0;0.0;0;14;0.000;0.000;11.2;0;0.0;0;0;0;0;0;99;0;0;4985;0.00;0;0;0;0;0;0;0;0;0;0;0;0;0;0;0;0;14;0;99.0;99.0;0;0;0.00;0.00;0.00;0.0;0.0
69.337;78;0;99;0;0.0;19.700;1.340;24;26;0;0;100;0;100;0;0;0;0;88;88;0;0.000;0.000;0.000;0.000;0.000;0.000;0.0;0.0;0;14;0.000;0.000;11.2;0;0.0;0;0;0;0;0;99;0;0;4985;0.00;0;0;0;0;0;0;0;0;0;0;0;0;0;0;0;0;14;0;99.0;99.0;0;0;0.00;0.00;0.00;0.0;0.0
69.403;78;0;99;0;0.0;19.700;1.340;24;26;0;0;100;0;100;0;0;0;0;88;88;0;0.000;0.000;0.000;0.000;0.000;0.000;0.0;0.0;0;14;0.000;0.000;11.2;0;0.0;0;0;0;0;0;99;0;0;4985;0.00;0;0;0;0;0;0;0;0;0;0;0;0;0;0;0;0;14;0;99.0;99.0;0;0;0.00;0.00;0.00;0.0;0.0
69.472;78;0;99;0;0.0;19.700;1.340;24;26;0;0;100;0;100;0;0;0;0;88;88;0;0.000;0.000;0.000;0.000;0.000;0.000;0.0;0.0;0;14;0.000;0.000;11.2;0;0.0;0;0;0;0;0;99;0;0;4985;0.00;0;0;0;0;0;0;0;0;0;0;0;0;0;0;0;0;14;0;99.0;99.0;0;0;0.00;0.00;0.00;0.0;0.0
69.537;78;0;99;0;0.0;19.700;1.340;24;26;0;0;100;0;100;0;0;0;0;88;88;0;0.000;0.000;0.000;0.000;0.000;0.000;0.0;0.0;0;14;0.000;0.000;11.2;0;0.0;0;0;0;0;0;99;0;0;4985;0.00;0;0;0;0;0;0;0;0;0;0;0;0;0;0;0;0;14;0;99.0;99.0;0;0;0.00;0.00;0.00;0.0;0.0
69.604;78;0;99;0;0.0;19.700;1.340;24;26;0;0;100;0;100;0;0;0;0;88;88;0;0.000;0.000;0.000;0.000;0.000;0.000;0.0;0.0;0;14;0.000;0.000;11.2;0;0.0;0;0;0;0;0;99;0;0;4985;0.00;0;0;0;0;0;0;0;0;0;0;0;0;0;0;0;0;14;0;99.0;99.0;0;0;0.00;0.00;0.00;0.0;0.0
69.669;78;0;99;0;0.0;19.700;1.340;24;26;0;0;100;0;100;0;0;0;0;88;88;0;0.000;0.000;0.000;0.000;0.000;0.000;0.0;0.0;0;14;0.000;0.000;11.2;0;0.0;0;0;0;0;0;99;0;0;4985;0.00;0;0;0;0;0;0;0;0;0;0;0;0;0;0;0;0;14;0;99.0;99.0;0;0;0.00;0.00;0.00;0.0;0.0
69.738;78;0;99;0;0.0;19.700;1.340;24;26;0;0;100;0;100;0;0;0;0;88;88;0;0.000;0.000;0.000;0.000;0.000;0.000;0.0;0.0;0;14;0.000;0.000;11.2;0;0.0;0;0;0;0;0;99;0;0;4985;0.00;0;0;0;0;0;0;0;0;0;0;0;0;0;0;0;0;14;0;99.0;99.0;0;0;0.00;0.00;0.00;0.0;0.0
69.808;78;0;99;0;0.0;19.700;1.340;24;26;0;0;100;0;100;0;0;0;0;88;88;0;0.000;0.000;0.000;0.000;0.000;0.000;0.0;0.0;0;14;0.000;0.000;11.2;0;0.0;0;0;0;0;0;99;0;0;4985;0.00;0;0;0;0;0;0;0;0;0;0;0;0;0;0;0;0;14;0;99.0;99.0;0;0;0.00;0.00;0.00;0.0;0.0
69.875;78;0;99;0;0.0;19.700;1.340;24;26;0;0;100;0;100;0;0;0;0;88;88;0;0.000;0.000;0.000;0.000;0.000;0.000;0.0;0.0;0;14;0.000;0.000;11.2;0;0.0;0;0;0;0;0;99;0;0;4985;0.00;0;0;0;0;0;0;0;0;0;0;0;0;0;0;0;0;14;0;99.0;99.0;0;0;0.00;0.00;0.00;0.0;0.0
69.940;78;0;99;0;0.0;19.700;1.340;24;26;0;0;100;0;100;0;0;0;0;88;88;0;0.000;0.000;0.000;0.000;0.000;0.000;0.0;0.0;0;14;0.000;0.000;11.2;0;0.0;0;0;0;0;0;99;0;0;4985;0.00;0;0;0;0;0;0;0;0;0;0;0;0;0;0;0;0;14;0;99.0;99.0;0;0;0.00;0.00;0.00;0.0;0.0
70.005;79;0;99;0;0.0;19.700;1.340;24;26;0;0;100;0;100;0;0;0;0;88;88;0;0.000;0.000;0.000;0.000;0.000;0.000;0.0;0.0;0;14;0.000;0.000;11.2;0;0.0;0;0;0;0;0;99;0;0;4989;0.00;0;0;0;0;0;0;0;0;0;0;0;0;0;0;0;0;14;0;99.0;99.0;0;0;0.00;0.00;0.00;0.0;0.0
70.074;79;0;99;0;0.0;19.700;1.340;24;26;0;0;100;0;100;0;0;0;0;88;88;0;0.000;0.000;0.000;0.000;0.000;0.000;0.0;0.0;0;14;0.000;0.000;11.2;0;0.0;0;0;0;0;0;99;0;0;4989;0.00;0;0;0;0;0;0;0;0;0;0;0;0;0;0;0;0;14;0;99.0;99.0;0;0;0.00;0.00;0.00;0.0;0.0
70.140;79;0;99;0;0.0;19.700;1.340;24;26;0;0;100;0;100;0;0;0;0;88;88;0;0.000;0.000;0.000;0.000;0.000;0.000;0.0;0.0;0;14;0.000;0.000;11.2;0;0.0;0;0;0;0;0;99;0;0;4989;0.00;0;0;0;0;0;0;0;0;0;0;0;0;0;0;0;0;14;0;99.0;99.0;0;0;0.00;0.00;0.00;0.0;0.0
70.206;79;0;99;0;0.0;19.700;1.340;24;26;0;0;100;0;100;0;0;0;0;88;88;0;0.000;0.000;0.000;0.000;0.000;0.000;0.0;0.0;0;14;0.000;0.000;11.2;0;0.0;0;0;0;0;0;99;0;0;4989;0.00;0;0;0;0;0;0;0;0;0;0;0;0;0;0;0;0;14;0;99.0;99.0;0;0;0.00;0.00;0.00;0.0;0.0
70.271;79;0;99;0;0.0;19.700;1.340;24;26;0;0;100;0;100;0;0;0;0;88;88;0;0.000;0.000;0.000;0.000;0.000;0.000;0.0;0.0;0;14;0.000;0.000;11.2;0;0.0;0;0;0;0;0;99;0;0;4989;0.00;0;0;0;0;0;0;0;0;0;0;0;0;0;0;0;0;14;0;99.0;99.0;0;0;0.00;0.00;0.00;0.0;0.0
70.336;79;0;99;0;0.0;19.700;1.340;24;26;0;0;100;0;100;0;0;0;0;88;88;0;0.000;0.000;0.000;0.000;0.000;0.000;0.0;0.0;0;14;0.000;0.000;11.2;0;0.0;0;0;0;0;0;99;0;0;4989;0.00;0;0;0;0;0;0;0;0;0;0;0;0;0;0;0;0;14;0;99.0;99.0;0;0;0.00;0.00;0.00;0.0;0.0
70.406;79;0;99;0;0.0;19.700;1.340;24;26;0;0;100;0;100;0;0;0;0;88;88;0;0.000;0.000;0.000;0.000;0.000;0.000;0.0;0.0;0;14;0.000;0.000;11.2;0;0.0;0;0;0;0;0;99;0;0;4989;0.00;0;0;0;0;0;0;0;0;0;0;0;0;0;0;0;0;14;0;99.0;99.0;0;0;0.00;0.00;0.00;0.0;0.0
70.472;79;0;99;0;0.0;19.700;1.340;24;26;0;0;100;0;100;0;0;0;0;88;88;0;0.000;0.000;0.000;0.000;0.000;0.000;0.0;0.0;0;14;0.000;0.000;11.2;0;0.0;0;0;0;0;0;99;0;0;4989;0.00;0;0;0;0;0;0;0;0;0;0;0;0;0;0;0;0;14;0;99.0;99.0;0;0;0.00;0.00;0.00;0.0;0.0
70.538;79;0;99;0;0.0;19.700;1.340;24;26;0;0;100;0;100;0;0;0;0;88;88;0;0.000;0.000;0.000;0.000;0.000;0.000;0.0;0.0;0;14;0.000;0.000;11.2;0;0.0;0;0;0;0;0;99;0;0;4989;0.00;0;0;0;0;0;0;0;0;0;0;0;0;0;0;0;0;14;0;99.0;99.0;0;0;0.00;0.00;0.00;0.0;0.0
70.607;79;0;99;0;0.0;19.700;1.340;24;26;0;0;100;0;100;0;0;0;0;88;88;0;0.000;0.000;0.000;0.000;0.000;0.000;0.0;0.0;0;14;0.000;0.000;11.2;0;0.0;0;0;0;0;0;99;0;0;4989;0.00;0;0;0;0;0;0;0;0;0;0;0;0;0;0;0;0;14;0;99.0;99.0;0;0;0.00;0.00;0.00;0.0;0.0
70.676;79;0;99;0;0.0;19.700;1.340;24;26;0;0;100;0;100;0;0;0;0;88;88;0;0.000;0.000;0.000;0.000;0.000;0.000;0.0;0.0;0;14;0.000;0.000;11.2;0;0.0;0;0;0;0;0;99;0;0;4989;0.00;0;0;0;0;0;0;0;0;0;0;0;0;0;0;0;0;14;0;99.0;99.0;0;0;0.00;0.00;0.00;0.0;0.0
70.742;79;0;99;0;0.0;19.700;1.340;24;26;0;0;100;0;100;0;0;0;0;88;88;0;0.000;0.000;0.000;0.000;0.000;0.000;0.0;0.0;0;14;0.000;0.000;11.2;0;0.0;0;0;0;0;0;99;0;0;4989;0.00;0;0;0;0;0;0;0;0;0;0;0;0;0;0;0;0;14;0;99.0;99.0;0;0;0.00;0.00;0.00;0.0;0.0
70.808;79;0;99;0;0.0;19.700;1.340;24;26;0;0;100;0;100;0;0;0;0;88;88;0;0.000;0.000;0.000;0.000;0.000;0.000;0.0;0.0;0;14;0.000;0.000;11.2;0;0.0;0;0;0;0;0;99;0;0;4989;0.00;0;0;0;0;0;0;0;0;0;0;0;0;0;0;0;0;14;0;99.0;99.0;0;0;0.00;0.00;0.00;0.0;0.0
70.874;79;0;98;0;0.0;19.700;1.340;24;26;0;0;100;0;100;0;0;0;0;88;88;0;0.000;0.000;0.000;0.000;0.000;0.000;0.0;0.0;0;15;0.000;0.000;11.2;0;-0.1;0;0;0;0;0;99;0;0;4989;0.00;0;0;0;0;0;0;0;0;0;0;0;0;0;0;0;0;15;0;98.0;98.0;0;0;0.00;0.00;0.00;0.0;0.0
70.939;79;0;99;0;0.0;19.700;1.340;24;26;0;0;100;0;100;0;0;0;0;88;88;0;0.000;0.000;0.000;0.000;0.000;0.000;0.0;0.0;0;14;0.000;0.000;11.2;0;0.0;0;0;0;0;0;99;0;0;4989;0.00;0;0;0;0;0;0;0;0;0;0;0;0;0;0;0;0;14;0;99.0;99.0;0;0;0.00;0.00;0.00;0.0;0.0
71.008;80;0;99;0;0.0;19.700;1.340;24;26;0;0;100;0;100;0;0;0;0;88;88;0;0.000;0.000;0.000;0.000;0.000;0.000;0.0;0.0;0;14;0.000;0.000;11.2;0;0.0;0;0;0;0;0;99;0;0;4982;0.00;0;0;0;0;0;0;0;0;0;0;0;0;0;0;0;0;14;0;99.0;99.0;0;0;0.00;0.00;0.00;0.0;0.0
71.075;80;0;99;0;0.0;19.700;1.340;24;26;0;0;100;0;100;0;0;0;0;88;88;0;0.000;0.000;0.000;0.000;0.000;0.000;0.0;0.0;0;14;0.000;0.000;11.2;0;0.0;0;0;0;0;0;99;0;0;4982;0.00;0;0;0;0;0;0;0;0;0;0;0;0;0;0;0;0;14;0;99.0;99.0;0;0;0.00;0.00;0.00;0.0;0.0
71.139;80;0;99;0;0.0;19.700;1.340;24;26;0;0;100;0;100;0;0;0;0;88;88;0;0.000;0.000;0.000;0.000;0.000;0.000;0.0;0.0;0;14;0.000;0.000;11.2;0;0.0;0;0;0;0;0;99;0;0;4982;0.00;0;0;0;0;0;0;0;0;0;0;0;0;0;0;0;0;14;0;99.0;99.0;0;0;0.00;0.00;0.00;0.0;0.0
71.205;80;0;99;0;0.0;19.700;1.340;24;26;0;0;100;0;100;0;0;0;0;88;88;0;0.000;0.000;0.000;0.000;0.000;0.000;0.0;0.0;0;14;0.000;0.000;11.2;0;0.0;0;0;0;0;0;99;0;0;4982;0.00;0;0;0;0;0;0;0;0;0;0;0;0;0;0;0;0;14;0;99.0;99.0;0;0;0.00;0.00;0.00;0.0;0.0
71.270;80;0;99;0;0.0;19.700;1.340;24;26;0;0;100;0;100;0;0;0;0;88;88;0;0.000;0.000;0.000;0.000;0.000;0.000;0.0;0.0;0;14;0.000;0.000;11.2;0;0.0;0;0;0;0;0;99;0;0;4982;0.00;0;0;0;0;0;0;0;0;0;0;0;0;0;0;0;0;14;0;99.0;99.0;0;0;0.00;0.00;0.00;0.0;0.0
71.341;80;0;99;0;0.0;19.700;1.340;24;26;0;0;100;0;100;0;0;0;0;88;88;0;0.000;0.000;0.000;0.000;0.000;0.000;0.0;0.0;0;14;0.000;0.000;11.2;0;0.0;0;0;0;0;0;99;0;0;4982;0.00;0;0;0;0;0;0;0;0;0;0;0;0;0;0;0;0;14;0;99.0;99.0;0;0;0.00;0.00;0.00;0.0;0.0
71.406;80;0;99;0;0.0;19.700;1.340;24;26;0;0;100;0;100;0;0;0;0;88;88;0;0.000;0.000;0.000;0.000;0.000;0.000;0.0;0.0;0;14;0.000;0.000;11.2;0;0.0;0;0;0;0;0;99;0;0;4982;0.00;0;0;0;0;0;0;0;0;0;0;0;0;0;0;0;0;14;0;99.0;99.0;0;0;0.00;0.00;0.00;0.0;0.0
71.473;80;0;99;0;0.0;19.700;1.340;24;26;0;0;100;0;100;0;0;0;0;88;88;0;0.000;0.000;0.000;0.000;0.000;0.000;0.0;0.0;0;14;0.000;0.000;11.2;0;0.0;0;0;0;0;0;99;0;0;4982;0.00;0;0;0;0;0;0;0;0;0;0;0;0;0;0;0;0;14;0;99.0;99.0;0;0;0.00;0.00;0.00;0.0;0.0
71.541;80;0;99;0;0.0;19.700;1.340;24;26;0;0;100;0;100;0;0;0;0;88;88;0;0.000;0.000;0.000;0.000;0.000;0.000;0.0;0.0;0;14;0.000;0.000;11.2;0;0.0;0;0;0;0;0;99;0;0;4982;0.00;0;0;0;0;0;0;0;0;0;0;0;0;0;0;0;0;14;0;99.0;99.0;0;0;0.00;0.00;0.00;0.0;0.0
71.606;80;0;99;0;0.0;19.700;1.340;24;26;0;0;100;0;100;0;0;0;0;88;88;0;0.000;0.000;0.000;0.000;0.000;0.000;0.0;0.0;0;14;0.000;0.000;11.2;0;0.0;0;0;0;0;0;99;0;0;4982;0.00;0;0;0;0;0;0;0;0;0;0;0;0;0;0;0;0;14;0;99.0;99.0;0;0;0.00;0.00;0.00;0.0;0.0
71.672;80;0;99;0;0.0;19.700;1.340;24;26;0;0;100;0;100;0;0;0;0;88;88;0;0.000;0.000;0.000;0.000;0.000;0.000;0.0;0.0;0;14;0.000;0.000;11.2;0;0.0;0;0;0;0;0;99;0;0;4982;0.00;0;0;0;0;0;0;0;0;0;0;0;0;0;0;0;0;14;0;99.0;99.0;0;0;0.00;0.00;0.00;0.0;0.0
71.741;80;0;99;0;0.0;19.700;1.340;24;26;0;0;100;0;100;0;0;0;0;88;88;0;0.000;0.000;0.000;0.000;0.000;0.000;0.0;0.0;0;14;0.000;0.000;11.2;0;0.0;0;0;0;0;0;99;0;0;4982;0.00;0;0;0;0;0;0;0;0;0;0;0;0;0;0;0;0;14;0;99.0;99.0;0;0;0.00;0.00;0.00;0.0;0.0
71.808;80;0;99;0;0.0;19.700;1.340;24;26;0;0;100;0;100;0;0;0;0;88;88;0;0.000;0.000;0.000;0.000;0.000;0.000;0.0;0.0;0;14;0.000;0.000;11.2;0;0.0;0;0;0;0;0;99;0;0;4982;0.00;0;0;0;0;0;0;0;0;0;0;0;0;0;0;0;0;14;0;99.0;99.0;0;0;0.00;0.00;0.00;0.0;0.0
71.873;80;0;99;0;0.0;19.700;1.340;24;26;0;0;100;0;100;0;0;0;0;88;88;0;0.000;0.000;0.000;0.000;0.000;0.000;0.0;0.0;0;14;0.000;0.000;11.2;0;0.0;0;0;0;0;0;99;0;0;4982;0.00;0;0;0;0;0;0;0;0;0;0;0;0;0;0;0;0;14;0;99.0;99.0;0;0;0.00;0.00;0.00;0.0;0.0
71.938;80;0;99;0;0.0;19.700;1.340;24;26;0;0;100;0;100;0;0;0;0;88;88;0;0.000;0.000;0.000;0.000;0.000;0.000;0.0;0.0;0;14;0.000;0.000;11.2;0;0.0;0;0;0;0;0;99;0;0;4982;0.00;0;0;0;0;0;0;0;0;0;0;0;0;0;0;0;0;14;0;99.0;99.0;0;0;0.00;0.00;0.00;0.0;0.0
72.003;80;0;99;0;0.0;19.700;1.340;24;26;0;0;100;0;100;0;0;0;0;88;88;0;0.000;0.000;0.000;0.000;0.000;0.000;0.0;0.0;0;14;0.000;0.000;11.2;0;0.0;0;0;0;0;0;99;0;0;4982;0.00;0;0;0;0;0;0;0;0;0;0;0;0;0;0;0;0;14;0;99.0;99.0;0;0;0.00;0.00;0.00;0.0;0.0
72.073;81;0;99;0;0.0;19.700;1.340;24;26;0;0;100;0;100;0;0;0;0;88;88;0;0.000;0.000;0.000;0.000;0.000;0.000;0.0;0.0;0;14;0.000;0.000;11.2;0;0.0;0;0;0;0;0;99;0;0;4967;0.00;0;0;0;0;0;0;0;0;0;0;0;0;0;0;0;0;14;0;99.0;99.0;0;0;0.00;0.00;0.00;0.0;0.0
72.139;81;0;99;0;0.0;19.700;1.340;24;26;0;0;100;0;100;0;0;0;0;88;88;0;0.000;0.000;0.000;0.000;0.000;0.000;0.0;0.0;0;14;0.000;0.000;11.2;0;0.0;0;0;0;0;0;99;0;0;4967;0.00;0;0;0;0;0;0;0;0;0;0;0;0;0;0;0;0;14;0;99.0;99.0;0;0;0.00;0.00;0.00;0.0;0.0
72.204;81;0;99;0;0.0;19.700;1.340;24;26;0;0;100;0;100;0;0;0;0;88;88;0;0.000;0.000;0.000;0.000;0.000;0.000;0.0;0.0;0;14;0.000;0.000;11.2;0;0.0;0;0;0;0;0;99;0;0;4967;0.00;0;0;0;0;0;0;0;0;0;0;0;0;0;0;0;0;14;0;99.0;99.0;0;0;0.00;0.00;0.00;0.0;0.0
72.270;81;0;99;0;0.0;19.700;1.340;24;26;0;0;100;0;100;0;0;0;0;88;88;0;0.000;0.000;0.000;0.000;0.000;0.000;0.0;0.0;0;14;0.000;0.000;11.2;0;0.0;0;0;0;0;0;99;0;0;4967;0.00;0;0;0;0;0;0;0;0;0;0;0;0;0;0;0;0;14;0;99.0;99.0;0;0;0.00;0.00;0.00;0.0;0.0
72.339;81;0;99;0;0.0;19.700;1.340;24;26;0;0;100;0;100;0;0;0;0;88;88;0;0.000;0.000;0.000;0.000;0.000;0.000;0.0;0.0;0;14;0.000;0.000;11.2;0;0.0;0;0;0;0;0;99;0;0;4967;0.00;0;0;0;0;0;0;0;0;0;0;0;0;0;0;0;0;14;0;99.0;99.0;0;0;0.00;0.00;0.00;0.0;0.0
72.404;81;0;99;0;0.0;19.700;1.340;24;26;0;0;100;0;100;0;0;0;0;88;88;0;0.000;0.000;0.000;0.000;0.000;0.000;0.0;0.0;0;14;0.000;0.000;11.2;0;0.0;0;0;0;0;0;99;0;0;4967;0.00;0;0;0;0;0;0;0;0;0;0;0;0;0;0;0;0;14;0;99.0;99.0;0;0;0.00;0.00;0.00;0.0;0.0
72.470;81;0;99;0;0.0;19.700;1.340;24;26;0;0;100;0;100;0;0;0;0;88;88;0;0.000;0.000;0.000;0.000;0.000;0.000;0.0;0.0;0;14;0.000;0.000;11.2;0;0.0;0;0;0;0;0;99;0;0;4967;0.00;0;0;0;0;0;0;0;0;0;0;0;0;0;0;0;0;14;0;99.0;99.0;0;0;0.00;0.00;0.00;0.0;0.0
72.539;81;0;99;0;0.0;19.700;1.340;24;26;0;0;100;0;100;0;0;0;0;88;88;0;0.000;0.000;0.000;0.000;0.000;0.000;0.0;0.0;0;14;0.000;0.000;11.2;0;0.0;0;0;0;0;0;99;0;0;4967;0.00;0;0;0;0;0;0;0;0;0;0;0;0;0;0;0;0;14;0;99.0;99.0;0;0;0.00;0.00;0.00;0.0;0.0
72.606;81;0;99;0;0.0;19.700;1.340;24;26;0;0;100;0;100;0;0;0;0;88;88;0;0.000;0.000;0.000;0.000;0.000;0.000;0.0;0.0;0;14;0.000;0.000;11.2;0;0.0;0;0;0;0;0;99;0;0;4967;0.00;0;0;0;0;0;0;0;0;0;0;0;0;0;0;0;0;14;0;99.0;99.0;0;0;0.00;0.00;0.00;0.0;0.0
72.670;81;0;99;0;0.0;19.700;1.340;24;26;0;0;100;0;100;0;0;0;0;88;88;0;0.000;0.000;0.000;0.000;0.000;0.000;0.0;0.0;0;14;0.000;0.000;11.2;0;0.0;0;0;0;0;0;99;0;0;4967;0.00;0;0;0;0;0;0;0;0;0;0;0;0;0;0;0;0;14;0;99.0;99.0;0;0;0.00;0.00;0.00;0.0;0.0
72.740;81;0;99;0;0.0;19.700;1.340;24;26;0;0;100;0;100;0;0;0;0;88;88;0;0.000;0.000;0.000;0.000;0.000;0.000;0.0;0.0;0;14;0.000;0.000;11.2;0;0.0;0;0;0;0;0;99;0;0;4967;0.00;0;0;0;0;0;0;0;0;0;0;0;0;0;0;0;0;14;0;99.0;99.0;0;0;0.00;0.00;0.00;0.0;0.0
72.806;81;0;99;0;0.0;19.700;1.340;24;26;0;0;100;0;100;0;0;0;0;88;88;0;0.000;0.000;0.000;0.000;0.000;0.000;0.0;0.0;0;14;0.000;0.000;11.2;0;0.0;0;0;0;0;0;99;0;0;4967;0.00;0;0;0;0;0;0;0;0;0;0;0;0;0;0;0;0;14;0;99.0;99.0;0;0;0.00;0.00;0.00;0.0;0.0
72.873;81;0;99;0;0.0;19.700;1.340;24;26;0;0;100;0;100;0;0;0;0;88;88;0;0.000;0.000;0.000;0.000;0.000;0.000;0.0;0.0;0;14;0.000;0.000;11.2;0;0.0;0;0;0;0;0;99;0;0;4967;0.00;0;0;0;0;0;0;0;0;0;0;0;0;0;0;0;0;14;0;99.0;99.0;0;0;0.00;0.00;0.00;0.0;0.0
72.938;81;0;99;0;0.0;19.700;1.340;24;26;0;0;100;0;100;0;0;0;0;88;88;0;0.000;0.000;0.000;0.000;0.000;0.000;0.0;0.0;0;14;0.000;0.000;11.2;0;0.0;0;0;0;0;0;99;0;0;4967;0.00;0;0;0;0;0;0;0;0;0;0;0;0;0;0;0;0;14;0;99.0;99.0;0;0;0.00;0.00;0.00;0.0;0.0
73.007;81;0;99;0;0.0;19.700;1.340;24;26;0;0;100;0;100;0;0;0;0;88;88;0;0.000;0.000;0.000;0.000;0.000;0.000;0.0;0.0;0;14;0.000;0.000;11.2;0;0.0;0;0;0;0;0;99;0;0;4967;0.00;0;0;0;0;0;0;0;0;0;0;0;0;0;0;0;0;14;0;99.0;99.0;0;0;0.00;0.00;0.00;0.0;0.0
73.074;82;0;99;0;0.0;19.700;1.340;24;26;0;0;100;0;100;0;0;0;0;88;88;0;0.000;0.000;0.000;0.000;0.000;0.000;0.0;0.0;0;14;0.000;0.000;11.2;0;0.0;0;0;0;0;0;99;0;0;4985;0.00;0;0;0;0;0;0;0;0;0;0;0;0;0;0;0;0;14;0;99.0;99.0;0;0;0.00;0.00;0.00;0.0;0.0
73.142;82;0;99;0;0.0;19.700;1.340;24;26;0;0;100;0;100;0;0;0;0;88;88;0;0.000;0.000;0.000;0.000;0.000;0.000;0.0;0.0;0;14;0.000;0.000;11.2;0;0.0;0;0;0;0;0;99;0;0;4985;0.00;0;0;0;0;0;0;0;0;0;0;0;0;0;0;0;0;14;0;99.0;99.0;0;0;0.00;0.00;0.00;0.0;0.0
73.209;82;0;99;0;0.0;19.700;1.340;24;26;0;0;100;0;100;0;0;0;0;88;88;0;0.000;0.000;0.000;0.000;0.000;0.000;0.0;0.0;0;14;0.000;0.000;11.2;0;0.0;0;0;0;0;0;99;0;0;4985;0.00;0;0;0;0;0;0;0;0;0;0;0;0;0;0;0;0;14;0;99.0;99.0;0;0;0.00;0.00;0.00;0.0;0.0
73.273;82;0;99;0;0.0;19.700;1.340;24;26;0;0;100;0;100;0;0;0;0;88;88;0;0.000;0.000;0.000;0.000;0.000;0.000;0.0;0.0;0;14;0.000;0.000;11.2;0;0.0;0;0;0;0;0;99;0;0;4985;0.00;0;0;0;0;0;0;0;0;0;0;0;0;0;0;0;0;14;0;99.0;99.0;0;0;0.00;0.00;0.00;0.0;0.0
73.338;82;0;99;0;0.0;19.700;1.340;24;26;0;0;100;0;100;0;0;0;0;88;88;0;0.000;0.000;0.000;0.000;0.000;0.000;0.0;0.0;0;14;0.000;0.000;11.3;0;0.0;0;0;0;0;0;99;0;0;4985;0.00;0;0;0;0;0;0;0;0;0;0;0;0;0;0;0;0;14;0;99.0;99.0;0;0;0.00;0.00;0.00;0.0;0.0
73.403;82;0;99;0;0.0;19.700;1.340;24;26;0;0;100;0;100;0;0;0;0;88;88;0;0.000;0.000;0.000;0.000;0.000;0.000;0.0;0.0;0;14;0.000;0.000;11.3;0;0.0;0;0;0;0;0;99;0;0;4985;0.00;0;0;0;0;0;0;0;0;0;0;0;0;0;0;0;0;14;0;99.0;99.0;0;0;0.00;0.00;0.00;0.0;0.0
73.470;82;0;99;0;0.0;19.700;1.340;24;26;0;0;100;0;100;0;0;0;0;88;88;0;0.000;0.000;0.000;0.000;0.000;0.000;0.0;0.0;0;14;0.000;0.000;11.3;0;0.0;0;0;0;0;0;99;0;0;4985;0.00;0;0;0;0;0;0;0;0;0;0;0;0;0;0;0;0;14;0;99.0;99.0;0;0;0.00;0.00;0.00;0.0;0.0
73.539;82;0;99;0;0.0;19.700;1.340;24;26;0;0;100;0;100;0;0;0;0;88;88;0;0.000;0.000;0.000;0.000;0.000;0.000;0.0;0.0;0;14;0.000;0.000;11.3;0;0.0;0;0;0;0;0;99;0;0;4985;0.00;0;0;0;0;0;0;0;0;0;0;0;0;0;0;0;0;14;0;99.0;99.0;0;0;0.00;0.00;0.00;0.0;0.0
73.604;82;0;99;0;0.0;19.700;1.340;24;26;0;0;100;0;100;0;0;0;0;88;88;0;0.000;0.000;0.000;0.000;0.000;0.000;0.0;0.0;0;14;0.000;0.000;11.3;0;0.0;0;0;0;0;0;99;0;0;4985;0.00;0;0;0;0;0;0;0;0;0;0;0;0;0;0;0;0;14;0;99.0;99.0;0;0;0.00;0.00;0.00;0.0;0.0
73.670;82;0;99;0;0.0;19.700;1.340;24;26;0;0;100;0;100;0;0;0;0;88;88;0;0.000;0.000;0.000;0.000;0.000;0.000;0.0;0.0;0;14;0.000;0.000;11.3;0;0.0;0;0;0;0;0;99;0;0;4985;0.00;0;0;0;0;0;0;0;0;0;0;0;0;0;0;0;0;14;0;99.0;99.0;0;0;0.00;0.00;0.00;0.0;0.0
73.736;82;0;99;0;0.0;19.700;1.340;24;26;0;0;100;0;100;0;0;0;0;88;88;0;0.000;0.000;0.000;0.000;0.000;0.000;0.0;0.0;0;14;0.000;0.000;11.3;0;0.0;0;0;0;0;0;99;0;0;4985;0.00;0;0;0;0;0;0;0;0;0;0;0;0;0;0;0;0;14;0;99.0;99.0;0;0;0.00;0.00;0.00;0.0;0.0
73.806;82;0;99;0;0.0;19.700;1.340;24;26;0;0;100;0;100;0;0;0;0;88;88;0;0.000;0.000;0.000;0.000;0.000;0.000;0.0;0.0;0;14;0.000;0.000;11.3;0;0.0;0;0;0;0;0;99;0;0;4985;0.00;0;0;0;0;0;0;0;0;0;0;0;0;0;0;0;0;14;0;99.0;99.0;0;0;0.00;0.00;0.00;0.0;0.0
73.871;82;0;99;0;0.0;19.700;1.340;24;26;0;0;100;0;100;0;0;0;0;88;88;0;0.000;0.000;0.000;0.000;0.000;0.000;0.0;0.0;0;14;0.000;0.000;11.3;0;0.0;0;0;0;0;0;99;0;0;4985;0.00;0;0;0;0;0;0;0;0;0;0;0;0;0;0;0;0;14;0;99.0;99.0;0;0;0.00;0.00;0.00;0.0;0.0
73.937;82;0;99;0;0.0;19.700;1.340;24;26;0;0;100;0;100;0;0;0;0;88;88;0;0.000;0.000;0.000;0.000;0.000;0.000;0.0;0.0;0;14;0.000;0.000;11.3;0;0.0;0;0;0;0;0;99;0;0;4985;0.00;0;0;0;0;0;0;0;0;0;0;0;0;0;0;0;0;14;0;99.0;99.0;0;0;0.00;0.00;0.00;0.0;0.0
74.002;82;0;99;0;0.0;19.700;1.340;24;26;0;0;100;0;100;0;0;0;0;88;88;0;0.000;0.000;0.000;0.000;0.000;0.000;0.0;0.0;0;14;0.000;0.000;11.3;0;0.0;0;0;0;0;0;99;0;0;4985;0.00;0;0;0;0;0;0;0;0;0;0;0;0;0;0;0;0;14;0;99.0;99.0;0;0;0.00;0.00;0.00;0.0;0.0
74.072;83;0;99;0;0.0;19.700;1.340;24;26;0;0;100;0;100;0;0;0;0;88;88;0;0.000;0.000;0.000;0.000;0.000;0.000;0.0;0.0;0;14;0.000;0.000;11.3;0;0.0;0;0;0;0;0;99;0;0;4980;0.00;0;0;0;0;0;0;0;0;0;0;0;0;0;0;0;0;14;0;99.0;99.0;0;0;0.00;0.00;0.00;0.0;0.0
74.138;83;0;99;0;0.0;19.700;1.340;24;26;0;0;100;0;100;0;0;0;0;88;88;0;0.000;0.000;0.000;0.000;0.000;0.000;0.0;0.0;0;14;0.000;0.000;11.3;0;0.0;0;0;0;0;0;99;0;0;4980;0.00;0;0;0;0;0;0;0;0;0;0;0;0;0;0;0;0;14;0;99.0;99.0;0;0;0.00;0.00;0.00;0.0;0.0
74.207;83;0;99;0;0.0;19.700;1.340;24;26;0;0;100;0;100;0;0;0;0;88;88;0;0.000;0.000;0.000;0.000;0.000;0.000;0.0;0.0;0;14;0.000;0.000;11.3;0;0.0;0;0;0;0;0;99;0;0;4980;0.00;0;0;0;0;0;0;0;0;0;0;0;0;0;0;0;0;14;0;99.0;99.0;0;0;0.00;0.00;0.00;0.0;0.0
74.273;83;0;99;0;0.0;19.700;1.340;24;26;0;0;100;0;100;0;0;0;0;88;88;0;0.000;0.000;0.000;0.000;0.000;0.000;0.0;0.0;0;14;0.000;0.000;11.3;0;0.0;0;0;0;0;0;99;0;0;4980;0.00;0;0;0;0;0;0;0;0;0;0;0;0;0;0;0;0;14;0;99.0;99.0;0;0;0.00;0.00;0.00;0.0;0.0
74.343;83;0;99;0;0.0;19.700;1.340;24;26;0;0;100;0;100;0;0;0;0;88;88;0;0.000;0.000;0.000;0.000;0.000;0.000;0.0;0.0;0;14;0.000;0.000;11.3;0;0.0;0;0;0;0;0;99;0;0;4980;0.00;0;0;0;0;0;0;0;0;0;0;0;0;0;0;0;0;14;0;99.0;99.0;0;0;0.00;0.00;0.00;0.0;0.0
74.408;83;0;99;0;0.0;19.700;1.340;24;26;0;0;100;0;100;0;0;0;0;88;88;0;0.000;0.000;0.000;0.000;0.000;0.000;0.0;0.0;0;14;0.000;0.000;11.3;0;0.0;0;0;0;0;0;99;0;0;4980;0.00;0;0;0;0;0;0;0;0;0;0;0;0;0;0;0;0;14;0;99.0;99.0;0;0;0.00;0.00;0.00;0.0;0.0
74.473;83;0;99;0;0.0;19.700;1.340;24;26;0;0;100;0;100;0;0;0;0;88;88;0;0.000;0.000;0.000;0.000;0.000;0.000;0.0;0.0;0;14;0.000;0.000;11.3;0;0.0;0;0;0;0;0;99;0;0;4980;0.00;0;0;0;0;0;0;0;0;0;0;0;0;0;0;0;0;14;0;99.0;99.0;0;0;0.00;0.00;0.00;0.0;0.0
74.539;83;0;99;0;0.0;19.700;1.340;24;26;0;0;100;0;100;0;0;0;0;88;88;0;0.000;0.000;0.000;0.000;0.000;0.000;0.0;0.0;0;14;0.000;0.000;11.3;0;0.0;0;0;0;0;0;99;0;0;4980;0.00;0;0;0;0;0;0;0;0;0;0;0;0;0;0;0;0;14;0;99.0;99.0;0;0;0.00;0.00;0.00;0.0;0.0
74.604;83;0;99;0;0.0;19.700;1.340;24;26;0;0;100;0;100;0;0;0;0;88;88;0;0.000;0.000;0.000;0.000;0.000;0.000;0.0;0.0;0;14;0.000;0.000;11.3;0;0.0;0;0;0;0;0;99;0;0;4980;0.00;0;0;0;0;0;0;0;0;0;0;0;0;0;0;0;0;14;0;99.0;99.0;0;0;0.00;0.00;0.00;0.0;0.0
74.670;83;0;99;0;0.0;19.700;1.340;24;26;0;0;100;0;100;0;0;0;0;88;88;0;0.000;0.000;0.000;0.000;0.000;0.000;0.0;0.0;0;14;0.000;0.000;11.3;0;0.0;0;0;0;0;0;99;0;0;4980;0.00;0;0;0;0;0;0;0;0;0;0;0;0;0;0;0;0;14;0;99.0;99.0;0;0;0.00;0.00;0.00;0.0;0.0
74.740;83;0;99;0;0.0;19.700;1.340;24;26;0;0;100;0;100;0;0;0;0;88;88;0;0.000;0.000;0.000;0.000;0.000;0.000;0.0;0.0;0;14;0.000;0.000;11.3;0;0.0;0;0;0;0;0;99;0;0;4980;0.00;0;0;0;0;0;0;0;0;0;0;0;0;0;0;0;0;14;0;99.0;99.0;0;0;0.00;0.00;0.00;0.0;0.0
74.806;83;0;98;0;0.0;19.700;1.340;24;26;0;0;100;0;100;0;0;0;0;88;88;0;0.000;0.000;0.000;0.000;0.000;0.000;0.0;0.0;0;15;0.000;0.000;11.3;0;-0.1;0;0;0;0;0;99;0;0;4980;0.00;0;0;0;0;0;0;0;0;0;0;0;0;0;0;0;0;15;0;98.0;98.0;0;0;0.00;0.00;0.00;0.0;0.0
74.874;83;0;98;0;0.0;19.700;1.340;24;26;0;0;100;0;100;0;0;0;0;88;88;0;0.000;0.000;0.000;0.000;0.000;0.000;0.0;0.0;0;15;0.000;0.000;11.3;0;-0.1;0;0;0;0;0;99;0;0;4980;0.00;0;0;0;0;0;0;0;0;0;0;0;0;0;0;0;0;15;0;98.0;98.0;0;0;0.00;0.00;0.00;0.0;0.0
74.940;83;0;99;0;0.0;19.700;1.340;24;26;0;0;100;0;100;0;0;0;0;88;88;0;0.000;0.000;0.000;0.000;0.000;0.000;0.0;0.0;0;14;0.000;0.000;11.3;0;0.0;0;0;0;0;0;99;0;0;4980;0.00;0;0;0;0;0;0;0;0;0;0;0;0;0;0;0;0;14;0;99.0;99.0;0;0;0.00;0.00;0.00;0.0;0.0
75.005;83;0;99;0;0.0;19.700;1.340;24;26;0;0;100;0;100;0;0;0;0;88;88;0;0.000;0.000;0.000;0.000;0.000;0.000;0.0;0.0;0;14;0.000;0.000;11.3;0;0.0;0;0;0;0;0;99;0;0;4980;0.00;0;0;0;0;0;0;0;0;0;0;0;0;0;0;0;0;14;0;99.0;99.0;0;0;0.00;0.00;0.00;0.0;0.0
75.072;84;0;99;0;0.0;19.700;1.340;24;26;0;0;100;0;100;0;0;0;0;88;88;0;0.000;0.000;0.000;0.000;0.000;0.000;0.0;0.0;0;14;0.000;0.000;11.3;0;0.0;0;0;0;0;0;99;0;0;4981;0.00;0;0;0;0;0;0;0;0;0;0;0;0;0;0;0;0;14;0;99.0;99.0;0;0;0.00;0.00;0.00;0.0;0.0
75.141;84;0;99;0;0.0;19.700;1.340;24;26;0;0;100;0;100;0;0;0;0;88;88;0;0.000;0.000;0.000;0.000;0.000;0.000;0.0;0.0;0;14;0.000;0.000;11.3;0;0.0;0;0;0;0;0;99;0;0;4981;0.00;0;0;0;0;0;0;0;0;0;0;0;0;0;0;0;0;14;0;99.0;99.0;0;0;0.00;0.00;0.00;0.0;0.0
75.207;84;0;99;0;0.0;19.700;1.340;24;26;0;0;100;0;100;0;0;0;0;88;88;0;0.000;0.000;0.000;0.000;0.000;0.000;0.0;0.0;0;14;0.000;0.000;11.3;0;0.0;0;0;0;0;0;99;0;0;4981;0.00;0;0;0;0;0;0;0;0;0;0;0;0;0;0;0;0;14;0;99.0;99.0;0;0;0.00;0.00;0.00;0.0;0.0
75.272;84;0;99;0;0.0;19.700;1.340;24;26;0;0;100;0;100;0;0;0;0;88;88;0;0.000;0.000;0.000;0.000;0.000;0.000;0.0;0.0;0;14;0.000;0.000;11.3;0;0.0;0;0;0;0;0;99;0;0;4981;0.00;0;0;0;0;0;0;0;0;0;0;0;0;0;0;0;0;14;0;99.0;99.0;0;0;0.00;0.00;0.00;0.0;0.0
75.336;84;0;99;0;0.0;19.700;1.340;24;26;0;0;100;0;100;0;0;0;0;88;88;0;0.000;0.000;0.000;0.000;0.000;0.000;0.0;0.0;0;14;0.000;0.000;11.3;0;0.0;0;0;0;0;0;99;0;0;4981;0.00;0;0;0;0;0;0;0;0;0;0;0;0;0;0;0;0;14;0;99.0;99.0;0;0;0.00;0.00;0.00;0.0;0.0
75.404;84;0;99;0;0.0;19.700;1.340;24;26;0;0;100;0;100;0;0;0;0;88;88;0;0.000;0.000;0.000;0.000;0.000;0.000;0.0;0.0;0;14;0.000;0.000;11.3;0;0.0;0;0;0;0;0;99;0;0;4981;0.00;0;0;0;0;0;0;0;0;0;0;0;0;0;0;0;0;14;0;99.0;99.0;0;0;0.00;0.00;0.00;0.0;0.0
75.473;84;0;99;0;0.0;19.700;1.340;24;26;0;0;100;0;100;0;0;0;0;88;88;0;0.000;0.000;0.000;0.000;0.000;0.000;0.0;0.0;0;14;0.000;0.000;11.3;0;0.0;0;0;0;0;0;99;0;0;4981;0.00;0;0;0;0;0;0;0;0;0;0;0;0;0;0;0;0;14;0;99.0;99.0;0;0;0.00;0.00;0.00;0.0;0.0
75.540;84;0;99;0;0.0;19.700;1.340;24;26;0;0;100;0;100;0;0;0;0;88;88;0;0.000;0.000;0.000;0.000;0.000;0.000;0.0;0.0;0;14;0.000;0.000;11.3;0;0.0;0;0;0;0;0;99;0;0;4981;0.00;0;0;0;0;0;0;0;0;0;0;0;0;0;0;0;0;14;0;99.0;99.0;0;0;0.00;0.00;0.00;0.0;0.0
75.540;84;0;99;0;0.0;19.700;1.340;24;26;0;0;100;0;100;0;0;0;0;88;88;0;0.000;0.000;0.000;0.000;0.000;0.000;0.0;0.0;0;14;0.000;0.000;11.3;0;0.0;0;0;0;0;0;99;0;0;4981;0.00;0;0;0;0;0;0;0;0;0;0;0;0;0;0;0;0;14;0;99.0;99.0;0;0;0.00;0.00;0.00;0.0;0.0
75.673;84;0;99;0;0.0;19.700;1.340;24;26;0;0;100;0;100;0;0;0;0;88;88;0;0.000;0.000;0.000;0.000;0.000;0.000;0.0;0.0;0;14;0.000;0.000;11.3;0;0.0;0;0;0;0;0;99;0;0;4981;0.00;0;0;0;0;0;0;0;0;0;0;0;0;0;0;0;0;14;0;99.0;99.0;0;0;0.00;0.00;0.00;0.0;0.0
75.738;84;0;99;0;0.0;19.700;1.340;24;26;0;0;100;0;100;0;0;0;0;88;88;0;0.000;0.000;0.000;0.000;0.000;0.000;0.0;0.0;0;14;0.000;0.000;11.3;0;0.0;0;0;0;0;0;99;0;0;4981;0.00;0;0;0;0;0;0;0;0;0;0;0;0;0;0;0;0;14;0;99.0;99.0;0;0;0.00;0.00;0.00;0.0;0.0
75.804;84;0;99;0;0.0;19.700;1.340;24;26;0;0;100;0;100;0;0;0;0;88;88;0;0.000;0.000;0.000;0.000;0.000;0.000;0.0;0.0;0;14;0.000;0.000;11.3;0;0.0;0;0;0;0;0;99;0;0;4981;0.00;0;0;0;0;0;0;0;0;0;0;0;0;0;0;0;0;14;0;99.0;99.0;0;0;0.00;0.00;0.00;0.0;0.0
75.870;84;0;99;0;0.0;19.700;1.340;24;26;0;0;100;0;100;0;0;0;0;88;88;0;0.000;0.000;0.000;0.000;0.000;0.000;0.0;0.0;0;14;0.000;0.000;11.3;0;0.0;0;0;0;0;0;99;0;0;4981;0.00;0;0;0;0;0;0;0;0;0;0;0;0;0;0;0;0;14;0;99.0;99.0;0;0;0.00;0.00;0.00;0.0;0.0
75.939;84;0;99;0;0.0;19.700;1.340;24;26;0;0;100;0;100;0;0;0;0;88;88;0;0.000;0.000;0.000;0.000;0.000;0.000;0.0;0.0;0;14;0.000;0.000;11.3;0;0.0;0;0;0;0;0;99;0;0;4981;0.00;0;0;0;0;0;0;0;0;0;0;0;0;0;0;0;0;14;0;99.0;99.0;0;0;0.00;0.00;0.00;0.0;0.0
76.005;84;0;99;0;0.0;19.700;1.340;24;26;0;0;100;0;100;0;0;0;0;88;88;0;0.000;0.000;0.000;0.000;0.000;0.000;0.0;0.0;0;14;0.000;0.000;11.3;0;0.0;0;0;0;0;0;99;0;0;4981;0.00;0;0;0;0;0;0;0;0;0;0;0;0;0;0;0;0;14;0;99.0;99.0;0;0;0.00;0.00;0.00;0.0;0.0
76.075;84;0;99;0;0.0;19.700;1.340;24;26;0;0;100;0;100;0;0;0;0;88;88;0;0.000;0.000;0.000;0.000;0.000;0.000;0.0;0.0;0;14;0.000;0.000;11.3;0;0.0;0;0;0;0;0;99;0;0;4981;0.00;0;0;0;0;0;0;0;0;0;0;0;0;0;0;0;0;14;0;99.0;99.0;0;0;0.00;0.00;0.00;0.0;0.0
76.139;85;0;99;0;0.0;19.700;1.340;24;26;0;0;100;0;100;0;0;0;0;88;88;0;0.000;0.000;0.000;0.000;0.000;0.000;0.0;0.0;0;14;0.000;0.000;11.3;0;0.0;0;0;0;0;0;99;0;0;4974;0.00;0;0;0;0;0;0;0;0;0;0;0;0;0;0;0;0;14;0;99.0;99.0;0;0;0.00;0.00;0.00;0.0;0.0
76.206;85;0;99;0;0.0;19.700;1.340;24;26;0;0;100;0;100;0;0;0;0;88;88;0;0.000;0.000;0.000;0.000;0.000;0.000;0.0;0.0;0;14;0.000;0.000;11.3;0;0.0;0;0;0;0;0;99;0;0;4974;0.00;0;0;0;0;0;0;0;0;0;0;0;0;0;0;0;0;14;0;99.0;99.0;0;0;0.00;0.00;0.00;0.0;0.0
76.271;85;0;99;0;0.0;19.700;1.340;24;26;0;0;100;0;100;0;0;0;0;88;88;0;0.000;0.000;0.000;0.000;0.000;0.000;0.0;0.0;0;14;0.000;0.000;11.3;0;0.0;0;0;0;0;0;99;0;0;4974;0.00;0;0;0;0;0;0;0;0;0;0;0;0;0;0;0;0;14;0;99.0;99.0;0;0;0.00;0.00;0.00;0.0;0.0
76.336;85;0;99;0;0.0;19.700;1.340;24;26;0;0;100;0;100;0;0;0;0;88;88;0;0.000;0.000;0.000;0.000;0.000;0.000;0.0;0.0;0;14;0.000;0.000;11.3;0;0.0;0;0;0;0;0;99;0;0;4974;0.00;0;0;0;0;0;0;0;0;0;0;0;0;0;0;0;0;14;0;99.0;99.0;0;0;0.00;0.00;0.00;0.0;0.0
76.402;85;0;99;0;0.0;19.700;1.340;24;26;0;0;100;0;100;0;0;0;0;88;88;0;0.000;0.000;0.000;0.000;0.000;0.000;0.0;0.0;0;14;0.000;0.000;11.3;0;0.0;0;0;0;0;0;99;0;0;4974;0.00;0;0;0;0;0;0;0;0;0;0;0;0;0;0;0;0;14;0;99.0;99.0;0;0;0.00;0.00;0.00;0.0;0.0
76.472;85;0;99;0;0.0;19.700;1.340;24;26;0;0;100;0;100;0;0;0;0;88;88;0;0.000;0.000;0.000;0.000;0.000;0.000;0.0;0.0;0;14;0.000;0.000;11.3;0;0.0;0;0;0;0;0;99;0;0;4974;0.00;0;0;0;0;0;0;0;0;0;0;0;0;0;0;0;0;14;0;99.0;99.0;0;0;0.00;0.00;0.00;0.0;0.0
76.537;85;0;98;0;0.0;19.700;1.340;24;26;0;0;100;0;100;0;0;0;0;88;88;0;0.000;0.000;0.000;0.000;0.000;0.000;0.0;0.0;0;15;0.000;0.000;11.3;0;-0.1;0;0;0;0;0;99;0;0;4974;0.00;0;0;0;0;0;0;0;0;0;0;0;0;0;0;0;0;15;0;98.0;98.0;0;0;0.00;0.00;0.00;0.0;0.0
76.602;85;0;99;0;0.0;19.700;1.340;24;26;0;0;100;0;100;0;0;0;0;88;88;0;0.000;0.000;0.000;0.000;0.000;0.000;0.0;0.0;0;14;0.000;0.000;11.3;0;0.0;0;0;0;0;0;99;0;0;4974;0.00;0;0;0;0;0;0;0;0;0;0;0;0;0;0;0;0;14;0;99.0;99.0;0;0;0.00;0.00;0.00;0.0;0.0
76.668;85;0;99;0;0.0;19.700;1.340;24;26;0;0;100;0;100;0;0;0;0;88;88;0;0.000;0.000;0.000;0.000;0.000;0.000;0.0;0.0;0;14;0.000;0.000;11.3;0;0.0;0;0;0;0;0;99;0;0;4974;0.00;0;0;0;0;0;0;0;0;0;0;0;0;0;0;0;0;14;0;99.0;99.0;0;0;0.00;0.00;0.00;0.0;0.0
76.734;85;0;99;0;0.0;19.700;1.340;24;26;0;0;100;0;100;0;0;0;0;88;88;0;0.000;0.000;0.000;0.000;0.000;0.000;0.0;0.0;0;14;0.000;0.000;11.3;0;0.0;0;0;0;0;0;99;0;0;4974;0.00;0;0;0;0;0;0;0;0;0;0;0;0;0;0;0;0;14;0;99.0;99.0;0;0;0.00;0.00;0.00;0.0;0.0
76.803;85;0;99;0;0.0;19.700;1.340;24;26;0;0;100;0;100;0;0;0;0;88;88;0;0.000;0.000;0.000;0.000;0.000;0.000;0.0;0.0;0;14;0.000;0.000;11.3;0;0.0;0;0;0;0;0;99;0;0;4974;0.00;0;0;0;0;0;0;0;0;0;0;0;0;0;0;0;0;14;0;99.0;99.0;0;0;0.00;0.00;0.00;0.0;0.0
76.869;85;0;99;0;0.0;19.700;1.340;24;26;0;0;100;0;100;0;0;0;0;88;88;0;0.000;0.000;0.000;0.000;0.000;0.000;0.0;0.0;0;14;0.000;0.000;11.3;0;0.0;0;0;0;0;0;99;0;0;4974;0.00;0;0;0;0;0;0;0;0;0;0;0;0;0;0;0;0;14;0;99.0;99.0;0;0;0.00;0.00;0.00;0.0;0.0
76.939;85;0;99;0;0.0;19.700;1.340;24;26;0;0;100;0;100;0;0;0;0;88;88;0;0.000;0.000;0.000;0.000;0.000;0.000;0.0;0.0;0;14;0.000;0.000;11.3;0;0.0;0;0;0;0;0;99;0;0;4974;0.00;0;0;0;0;0;0;0;0;0;0;0;0;0;0;0;0;14;0;99.0;99.0;0;0;0.00;0.00;0.00;0.0;0.0
77.004;85;0;99;0;0.0;19.700;1.340;24;26;0;0;100;0;100;0;0;0;0;88;88;0;0.000;0.000;0.000;0.000;0.000;0.000;0.0;0.0;0;14;0.000;0.000;11.3;0;0.0;0;0;0;0;0;99;0;0;4974;0.00;0;0;0;0;0;0;0;0;0;0;0;0;0;0;0;0;14;0;99.0;99.0;0;0;0.00;0.00;0.00;0.0;0.0
77.070;85;0;99;0;0.0;19.700;1.340;24;26;0;0;100;0;100;0;0;0;0;88;88;0;0.000;0.000;0.000;0.000;0.000;0.000;0.0;0.0;0;14;0.000;0.000;11.3;0;0.0;0;0;0;0;0;99;0;0;4974;0.00;0;0;0;0;0;0;0;0;0;0;0;0;0;0;0;0;14;0;99.0;99.0;0;0;0.00;0.00;0.00;0.0;0.0
77.139;86;0;99;0;0.0;19.700;1.340;24;26;0;0;100;0;100;0;0;0;0;88;88;0;0.000;0.000;0.000;0.000;0.000;0.000;0.0;0.0;0;14;0.000;0.000;11.3;0;0.0;0;0;0;0;0;99;0;0;4973;0.00;0;0;0;0;0;0;0;0;0;0;0;0;0;0;0;0;14;0;99.0;99.0;0;0;0.00;0.00;0.00;0.0;0.0
77.204;86;0;99;0;0.0;19.700;1.340;24;26;0;0;100;0;100;0;0;0;0;88;88;0;0.000;0.000;0.000;0.000;0.000;0.000;0.0;0.0;0;14;0.000;0.000;11.3;0;0.0;0;0;0;0;0;99;0;0;4973;0.00;0;0;0;0;0;0;0;0;0;0;0;0;0;0;0;0;14;0;99.0;99.0;0;0;0.00;0.00;0.00;0.0;0.0
77.275;86;0;99;0;0.0;19.700;1.340;24;26;0;0;100;0;100;0;0;0;0;88;88;0;0.000;0.000;0.000;0.000;0.000;0.000;0.0;0.0;0;14;0.000;0.000;11.3;0;0.0;0;0;0;0;0;99;0;0;4973;0.00;0;0;0;0;0;0;0;0;0;0;0;0;0;0;0;0;14;0;99.0;99.0;0;0;0.00;0.00;0.00;0.0;0.0
77.339;86;0;99;0;0.0;19.700;1.340;24;26;0;0;100;0;100;0;0;0;0;88;88;0;0.000;0.000;0.000;0.000;0.000;0.000;0.0;0.0;0;14;0.000;0.000;11.3;0;0.0;0;0;0;0;0;99;0;0;4973;0.00;0;0;0;0;0;0;0;0;0;0;0;0;0;0;0;0;14;0;99.0;99.0;0;0;0.00;0.00;0.00;0.0;0.0
77.405;86;0;99;0;0.0;19.700;1.340;24;26;0;0;100;0;100;0;0;0;0;88;88;0;0.000;0.000;0.000;0.000;0.000;0.000;0.0;0.0;0;14;0.000;0.000;11.3;0;0.0;0;0;0;0;0;99;0;0;4973;0.00;0;0;0;0;0;0;0;0;0;0;0;0;0;0;0;0;14;0;99.0;99.0;0;0;0.00;0.00;0.00;0.0;0.0
77.471;86;0;99;0;0.0;19.700;1.340;24;26;0;0;100;0;100;0;0;0;0;88;88;0;0.000;0.000;0.000;0.000;0.000;0.000;0.0;0.0;0;14;0.000;0.000;11.3;0;0.0;0;0;0;0;0;99;0;0;4973;0.00;0;0;0;0;0;0;0;0;0;0;0;0;0;0;0;0;14;0;99.0;99.0;0;0;0.00;0.00;0.00;0.0;0.0
77.540;86;0;99;0;0.0;19.700;1.340;24;26;0;0;100;0;100;0;0;0;0;88;88;0;0.000;0.000;0.000;0.000;0.000;0.000;0.0;0.0;0;14;0.000;0.000;11.3;0;0.0;0;0;0;0;0;99;0;0;4973;0.00;0;0;0;0;0;0;0;0;0;0;0;0;0;0;0;0;14;0;99.0;99.0;0;0;0.00;0.00;0.00;0.0;0.0
77.606;86;0;99;0;0.0;19.700;1.340;24;26;0;0;100;0;100;0;0;0;0;88;88;0;0.000;0.000;0.000;0.000;0.000;0.000;0.0;0.0;0;14;0.000;0.000;11.3;0;0.0;0;0;0;0;0;99;0;0;4973;0.00;0;0;0;0;0;0;0;0;0;0;0;0;0;0;0;0;14;0;99.0;99.0;0;0;0.00;0.00;0.00;0.0;0.0
77.672;86;0;99;0;0.0;19.700;1.340;24;26;0;0;100;0;100;0;0;0;0;88;88;0;0.000;0.000;0.000;0.000;0.000;0.000;0.0;0.0;0;14;0.000;0.000;11.3;0;0.0;0;0;0;0;0;99;0;0;4973;0.00;0;0;0;0;0;0;0;0;0;0;0;0;0;0;0;0;14;0;99.0;99.0;0;0;0.00;0.00;0.00;0.0;0.0
77.742;86;0;99;0;0.0;19.700;1.340;24;26;0;0;100;0;100;0;0;0;0;88;88;0;0.000;0.000;0.000;0.000;0.000;0.000;0.0;0.0;0;14;0.000;0.000;11.3;0;0.0;0;0;0;0;0;99;0;0;4973;0.00;0;0;0;0;0;0;0;0;0;0;0;0;0;0;0;0;14;0;99.0;99.0;0;0;0.00;0.00;0.00;0.0;0.0
77.807;86;0;99;0;0.0;19.700;1.340;24;26;0;0;100;0;100;0;0;0;0;88;88;0;0.000;0.000;0.000;0.000;0.000;0.000;0.0;0.0;0;14;0.000;0.000;11.3;0;0.0;0;0;0;0;0;99;0;0;4973;0.00;0;0;0;0;0;0;0;0;0;0;0;0;0;0;0;0;14;0;99.0;99.0;0;0;0.00;0.00;0.00;0.0;0.0
77.872;86;0;99;0;0.0;19.700;1.340;24;26;0;0;100;0;100;0;0;0;0;88;88;0;0.000;0.000;0.000;0.000;0.000;0.000;0.0;0.0;0;14;0.000;0.000;11.3;0;0.0;0;0;0;0;0;99;0;0;4973;0.00;0;0;0;0;0;0;0;0;0;0;0;0;0;0;0;0;14;0;99.0;99.0;0;0;0.00;0.00;0.00;0.0;0.0
77.937;86;0;99;0;0.0;19.700;1.340;24;26;0;0;100;0;100;0;0;0;0;88;88;0;0.000;0.000;0.000;0.000;0.000;0.000;0.0;0.0;0;14;0.000;0.000;11.3;0;0.0;0;0;0;0;0;99;0;0;4973;0.00;0;0;0;0;0;0;0;0;0;0;0;0;0;0;0;0;14;0;99.0;99.0;0;0;0.00;0.00;0.00;0.0;0.0
78.003;86;0;99;0;0.0;19.700;1.340;24;26;0;0;100;0;100;0;0;0;0;88;88;0;0.000;0.000;0.000;0.000;0.000;0.000;0.0;0.0;0;14;0.000;0.000;11.3;0;0.0;0;0;0;0;0;99;0;0;4973;0.00;0;0;0;0;0;0;0;0;0;0;0;0;0;0;0;0;14;0;99.0;99.0;0;0;0.00;0.00;0.00;0.0;0.0
78.073;86;0;99;0;0.0;19.700;1.340;24;26;0;0;100;0;100;0;0;0;0;88;88;0;0.000;0.000;0.000;0.000;0.000;0.000;0.0;0.0;0;14;0.000;0.000;11.3;0;0.0;0;0;0;0;0;99;0;0;4973;0.00;0;0;0;0;0;0;0;0;0;0;0;0;0;0;0;0;14;0;99.0;99.0;0;0;0.00;0.00;0.00;0.0;0.0
78.139;87;0;99;0;0.0;19.700;1.340;24;26;0;0;100;0;100;0;0;0;0;88;88;0;0.000;0.000;0.000;0.000;0.000;0.000;0.0;0.0;0;14;0.000;0.000;11.3;0;0.0;0;0;0;0;0;99;0;0;4990;0.00;0;0;0;0;0;0;0;0;0;0;0;0;0;0;0;0;14;0;99.0;99.0;0;0;0.00;0.00;0.00;0.0;0.0
78.204;87;0;99;0;0.0;19.700;1.340;24;26;0;0;100;0;100;0;0;0;0;88;88;0;0.000;0.000;0.000;0.000;0.000;0.000;0.0;0.0;0;14;0.000;0.000;11.3;0;0.0;0;0;0;0;0;99;0;0;4990;0.00;0;0;0;0;0;0;0;0;0;0;0;0;0;0;0;0;14;0;99.0;99.0;0;0;0.00;0.00;0.00;0.0;0.0
78.274;87;0;99;0;0.0;19.700;1.340;24;26;0;0;100;0;100;0;0;0;0;88;88;0;0.000;0.000;0.000;0.000;0.000;0.000;0.0;0.0;0;14;0.000;0.000;11.3;0;0.0;0;0;0;0;0;99;0;0;4990;0.00;0;0;0;0;0;0;0;0;0;0;0;0;0;0;0;0;14;0;99.0;99.0;0;0;0.00;0.00;0.00;0.0;0.0
78.340;87;0;99;0;0.0;19.700;1.340;24;26;0;0;100;0;100;0;0;0;0;88;88;0;0.000;0.000;0.000;0.000;0.000;0.000;0.0;0.0;0;14;0.000;0.000;11.3;0;0.0;0;0;0;0;0;99;0;0;4990;0.00;0;0;0;0;0;0;0;0;0;0;0;0;0;0;0;0;14;0;99.0;99.0;0;0;0.00;0.00;0.00;0.0;0.0
78.405;87;0;99;0;0.0;19.700;1.340;24;26;0;0;100;0;100;0;0;0;0;88;88;0;0.000;0.000;0.000;0.000;0.000;0.000;0.0;0.0;0;14;0.000;0.000;11.3;0;0.0;0;0;0;0;0;99;0;0;4990;0.00;0;0;0;0;0;0;0;0;0;0;0;0;0;0;0;0;14;0;99.0;99.0;0;0;0.00;0.00;0.00;0.0;0.0
78.475;87;0;98;0;0.0;19.700;1.340;24;26;0;0;100;0;100;0;0;0;0;88;88;0;0.000;0.000;0.000;0.000;0.000;0.000;0.0;0.0;0;15;0.000;0.000;11.3;0;-0.1;0;0;0;0;0;99;0;0;4990;0.00;0;0;0;0;0;0;0;0;0;0;0;0;0;0;0;0;15;0;98.0;98.0;0;0;0.00;0.00;0.00;0.0;0.0
78.540;87;0;99;0;0.0;19.700;1.340;24;26;0;0;100;0;100;0;0;0;0;88;88;0;0.000;0.000;0.000;0.000;0.000;0.000;0.0;0.0;0;14;0.000;0.000;11.3;0;0.0;0;0;0;0;0;99;0;0;4990;0.00;0;0;0;0;0;0;0;0;0;0;0;0;0;0;0;0;14;0;99.0;99.0;0;0;0.00;0.00;0.00;0.0;0.0
78.606;87;0;99;0;0.0;19.700;1.340;24;26;0;0;100;0;100;0;0;0;0;88;88;0;0.000;0.000;0.000;0.000;0.000;0.000;0.0;0.0;0;14;0.000;0.000;11.3;0;0.0;0;0;0;0;0;99;0;0;4990;0.00;0;0;0;0;0;0;0;0;0;0;0;0;0;0;0;0;14;0;99.0;99.0;0;0;0.00;0.00;0.00;0.0;0.0
78.671;87;0;99;0;0.0;19.700;1.340;24;26;0;0;100;0;100;0;0;0;0;88;88;0;0.000;0.000;0.000;0.000;0.000;0.000;0.0;0.0;0;14;0.000;0.000;11.3;0;0.0;0;0;0;0;0;99;0;0;4990;0.00;0;0;0;0;0;0;0;0;0;0;0;0;0;0;0;0;14;0;99.0;99.0;0;0;0.00;0.00;0.00;0.0;0.0
78.737;87;0;99;0;0.0;19.700;1.340;24;26;0;0;100;0;100;0;0;0;0;88;88;0;0.000;0.000;0.000;0.000;0.000;0.000;0.0;0.0;0;14;0.000;0.000;11.3;0;0.0;0;0;0;0;0;99;0;0;4990;0.00;0;0;0;0;0;0;0;0;0;0;0;0;0;0;0;0;14;0;99.0;99.0;0;0;0.00;0.00;0.00;0.0;0.0
78.806;87;0;99;0;0.0;19.700;1.340;24;26;0;0;100;0;100;0;0;0;0;88;88;0;0.000;0.000;0.000;0.000;0.000;0.000;0.0;0.0;0;14;0.000;0.000;11.3;0;0.0;0;0;0;0;0;99;0;0;4990;0.00;0;0;0;0;0;0;0;0;0;0;0;0;0;0;0;0;14;0;99.0;99.0;0;0;0.00;0.00;0.00;0.0;0.0
78.872;87;0;98;0;0.0;19.700;1.340;24;26;0;0;100;0;100;0;0;0;0;88;88;0;0.000;0.000;0.000;0.000;0.000;0.000;0.0;0.0;0;15;0.000;0.000;11.3;0;-0.1;0;0;0;0;0;99;0;0;4990;0.00;0;0;0;0;0;0;0;0;0;0;0;0;0;0;0;0;15;0;98.0;98.0;0;0;0.00;0.00;0.00;0.0;0.0
78.941;87;0;99;0;0.0;19.700;1.340;24;26;0;0;100;0;100;0;0;0;0;88;88;0;0.000;0.000;0.000;0.000;0.000;0.000;0.0;0.0;0;14;0.000;0.000;11.3;0;0.0;0;0;0;0;0;99;0;0;4990;0.00;0;0;0;0;0;0;0;0;0;0;0;0;0;0;0;0;14;0;99.0;99.0;0;0;0.00;0.00;0.00;0.0;0.0
79.008;87;0;99;0;0.0;19.700;1.340;24;26;0;0;100;0;100;0;0;0;0;88;88;0;0.000;0.000;0.000;0.000;0.000;0.000;0.0;0.0;0;14;0.000;0.000;11.3;0;0.0;0;0;0;0;0;99;0;0;4990;0.00;0;0;0;0;0;0;0;0;0;0;0;0;0;0;0;0;14;0;99.0;99.0;0;0;0.00;0.00;0.00;0.0;0.0
79.072;87;0;99;0;0.0;19.700;1.340;24;26;0;0;100;0;100;0;0;0;0;88;88;0;0.000;0.000;0.000;0.000;0.000;0.000;0.0;0.0;0;14;0.000;0.000;11.3;0;0.0;0;0;0;0;0;99;0;0;4990;0.00;0;0;0;0;0;0;0;0;0;0;0;0;0;0;0;0;14;0;99.0;99.0;0;0;0.00;0.00;0.00;0.0;0.0
79.138;88;0;99;0;0.0;19.700;1.340;24;26;0;0;100;0;100;0;0;0;0;88;88;0;0.000;0.000;0.000;0.000;0.000;0.000;0.0;0.0;0;14;0.000;0.000;11.3;0;0.0;0;0;0;0;0;99;0;0;4982;0.00;0;0;0;0;0;0;0;0;0;0;0;0;0;0;0;0;14;0;99.0;99.0;0;0;0.00;0.00;0.00;0.0;0.0
79.203;88;0;99;0;0.0;19.700;1.340;24;26;0;0;100;0;100;0;0;0;0;88;88;0;0.000;0.000;0.000;0.000;0.000;0.000;0.0;0.0;0;14;0.000;0.000;11.3;0;0.0;0;0;0;0;0;99;0;0;4982;0.00;0;0;0;0;0;0;0;0;0;0;0;0;0;0;0;0;14;0;99.0;99.0;0;0;0.00;0.00;0.00;0.0;0.0
79.269;88;0;98;0;0.0;19.700;1.340;24;26;0;0;100;0;100;0;0;0;0;88;88;0;0.000;0.000;0.000;0.000;0.000;0.000;0.0;0.0;0;15;0.000;0.000;11.3;0;-0.1;0;0;0;0;0;99;0;0;4982;0.00;0;0;0;0;0;0;0;0;0;0;0;0;0;0;0;0;15;0;98.0;98.0;0;0;0.00;0.00;0.00;0.0;0.0
79.339;88;0;99;0;0.0;19.700;1.340;24;26;0;0;100;0;100;0;0;0;0;88;88;0;0.000;0.000;0.000;0.000;0.000;0.000;0.0;0.0;0;14;0.000;0.000;11.3;0;0.0;0;0;0;0;0;99;0;0;4982;0.00;0;0;0;0;0;0;0;0;0;0;0;0;0;0;0;0;14;0;99.0;99.0;0;0;0.00;0.00;0.00;0.0;0.0
79.404;88;0;99;0;0.0;19.700;1.340;24;26;0;0;100;0;100;0;0;0;0;88;88;0;0.000;0.000;0.000;0.000;0.000;0.000;0.0;0.0;0;14;0.000;0.000;11.3;0;0.0;0;0;0;0;0;99;0;0;4982;0.00;0;0;0;0;0;0;0;0;0;0;0;0;0;0;0;0;14;0;99.0;99.0;0;0;0.00;0.00;0.00;0.0;0.0
79.470;88;0;99;0;0.0;19.700;1.340;24;26;0;0;100;0;100;0;0;0;0;88;88;0;0.000;0.000;0.000;0.000;0.000;0.000;0.0;0.0;0;14;0.000;0.000;11.3;0;0.0;0;0;0;0;0;99;0;0;4982;0.00;0;0;0;0;0;0;0;0;0;0;0;0;0;0;0;0;14;0;99.0;99.0;0;0;0.00;0.00;0.00;0.0;0.0
79.539;88;0;99;0;0.0;19.700;1.340;24;26;0;0;100;0;100;0;0;0;0;88;88;0;0.000;0.000;0.000;0.000;0.000;0.000;0.0;0.0;0;14;0.000;0.000;11.3;0;0.0;0;0;0;0;0;99;0;0;4982;0.00;0;0;0;0;0;0;0;0;0;0;0;0;0;0;0;0;14;0;99.0;99.0;0;0;0.00;0.00;0.00;0.0;0.0
79.605;88;0;99;0;0.0;19.700;1.340;24;26;0;0;100;0;100;0;0;0;0;88;88;0;0.000;0.000;0.000;0.000;0.000;0.000;0.0;0.0;0;14;0.000;0.000;11.3;0;0.0;0;0;0;0;0;99;0;0;4982;0.00;0;0;0;0;0;0;0;0;0;0;0;0;0;0;0;0;14;0;99.0;99.0;0;0;0.00;0.00;0.00;0.0;0.0
79.674;88;0;99;0;0.0;19.700;1.340;24;26;0;0;100;0;100;0;0;0;0;88;88;0;0.000;0.000;0.000;0.000;0.000;0.000;0.0;0.0;0;14;0.000;0.000;11.3;0;0.0;0;0;0;0;0;99;0;0;4982;0.00;0;0;0;0;0;0;0;0;0;0;0;0;0;0;0;0;14;0;99.0;99.0;0;0;0.00;0.00;0.00;0.0;0.0
79.741;88;0;99;0;0.0;19.700;1.340;24;26;0;0;100;0;100;0;0;0;0;88;88;0;0.000;0.000;0.000;0.000;0.000;0.000;0.0;0.0;0;14;0.000;0.000;11.3;0;0.0;0;0;0;0;0;99;0;0;4982;0.00;0;0;0;0;0;0;0;0;0;0;0;0;0;0;0;0;14;0;99.0;99.0;0;0;0.00;0.00;0.00;0.0;0.0
79.805;88;0;99;0;0.0;19.700;1.340;24;26;0;0;100;0;100;0;0;0;0;88;88;0;0.000;0.000;0.000;0.000;0.000;0.000;0.0;0.0;0;14;0.000;0.000;11.3;0;0.0;0;0;0;0;0;99;0;0;4982;0.00;0;0;0;0;0;0;0;0;0;0;0;0;0;0;0;0;14;0;99.0;99.0;0;0;0.00;0.00;0.00;0.0;0.0
79.872;88;0;99;0;0.0;19.700;1.340;24;26;0;0;100;0;100;0;0;0;0;88;88;0;0.000;0.000;0.000;0.000;0.000;0.000;0.0;0.0;0;14;0.000;0.000;11.3;0;0.0;0;0;0;0;0;99;0;0;4982;0.00;0;0;0;0;0;0;0;0;0;0;0;0;0;0;0;0;14;0;99.0;99.0;0;0;0.00;0.00;0.00;0.0;0.0
79.936;88;0;99;0;0.0;19.700;1.340;24;26;0;0;100;0;100;0;0;0;0;88;88;0;0.000;0.000;0.000;0.000;0.000;0.000;0.0;0.0;0;14;0.000;0.000;11.3;0;0.0;0;0;0;0;0;99;0;0;4982;0.00;0;0;0;0;0;0;0;0;0;0;0;0;0;0;0;0;14;0;99.0;99.0;0;0;0.00;0.00;0.00;0.0;0.0
80.007;88;0;99;0;0.0;19.700;1.340;24;26;0;0;100;0;100;0;0;0;0;88;88;0;0.000;0.000;0.000;0.000;0.000;0.000;0.0;0.0;0;14;0.000;0.000;11.3;0;0.0;0;0;0;0;0;99;0;0;4982;0.00;0;0;0;0;0;0;0;0;0;0;0;0;0;0;0;0;14;0;99.0;99.0;0;0;0.00;0.00;0.00;0.0;0.0
80.072;88;0;99;0;0.0;19.700;1.340;24;26;0;0;100;0;100;0;0;0;0;88;88;0;0.000;0.000;0.000;0.000;0.000;0.000;0.0;0.0;0;14;0.000;0.000;11.3;0;0.0;0;0;0;0;0;99;0;0;4982;0.00;0;0;0;0;0;0;0;0;0;0;0;0;0;0;0;0;14;0;99.0;99.0;0;0;0.00;0.00;0.00;0.0;0.0
80.138;88;0;99;0;0.0;19.700;1.340;24;26;0;0;100;0;100;0;0;0;0;88;88;0;0.000;0.000;0.000;0.000;0.000;0.000;0.0;0.0;0;14;0.000;0.000;11.3;0;0.0;0;0;0;0;0;99;0;0;4982;0.00;0;0;0;0;0;0;0;0;0;0;0;0;0;0;0;0;14;0;99.0;99.0;0;0;0.00;0.00;0.00;0.0;0.0
80.207;89;0;99;0;0.0;19.700;1.340;24;26;0;0;100;0;100;0;0;0;0;88;88;0;0.000;0.000;0.000;0.000;0.000;0.000;0.0;0.0;0;14;0.000;0.000;11.3;0;0.0;0;0;0;0;0;99;0;0;4974;0.00;0;0;0;0;0;0;0;0;0;0;0;0;0;0;0;0;14;0;99.0;99.0;0;0;0.00;0.00;0.00;0.0;0.0
80.273;89;0;99;0;0.0;19.700;1.340;24;26;0;0;100;0;100;0;0;0;0;88;88;0;0.000;0.000;0.000;0.000;0.000;0.000;0.0;0.0;0;14;0.000;0.000;11.3;0;0.0;0;0;0;0;0;99;0;0;4974;0.00;0;0;0;0;0;0;0;0;0;0;0;0;0;0;0;0;14;0;99.0;99.0;0;0;0.00;0.00;0.00;0.0;0.0
80.338;89;0;99;0;0.0;19.700;1.340;24;26;0;0;100;0;100;0;0;0;0;88;88;0;0.000;0.000;0.000;0.000;0.000;0.000;0.0;0.0;0;14;0.000;0.000;11.3;0;0.0;0;0;0;0;0;99;0;0;4974;0.00;0;0;0;0;0;0;0;0;0;0;0;0;0;0;0;0;14;0;99.0;99.0;0;0;0.00;0.00;0.00;0.0;0.0
80.403;89;0;99;0;0.0;19.700;1.340;24;26;0;0;100;0;100;0;0;0;0;88;88;0;0.000;0.000;0.000;0.000;0.000;0.000;0.0;0.0;0;14;0.000;0.000;11.3;0;0.0;0;0;0;0;0;99;0;0;4974;0.00;0;0;0;0;0;0;0;0;0;0;0;0;0;0;0;0;14;0;99.0;99.0;0;0;0.00;0.00;0.00;0.0;0.0
80.472;89;0;99;0;0.0;19.700;1.340;24;26;0;0;100;0;100;0;0;0;0;88;88;0;0.000;0.000;0.000;0.000;0.000;0.000;0.0;0.0;0;14;0.000;0.000;11.3;0;0.0;0;0;0;0;0;99;0;0;4974;0.00;0;0;0;0;0;0;0;0;0;0;0;0;0;0;0;0;14;0;99.0;99.0;0;0;0.00;0.00;0.00;0.0;0.0
80.540;89;0;99;0;0.0;19.700;1.340;24;26;0;0;100;0;100;0;0;0;0;88;88;0;0.000;0.000;0.000;0.000;0.000;0.000;0.0;0.0;0;14;0.000;0.000;11.3;0;0.0;0;0;0;0;0;99;0;0;4974;0.00;0;0;0;0;0;0;0;0;0;0;0;0;0;0;0;0;14;0;99.0;99.0;0;0;0.00;0.00;0.00;0.0;0.0
80.609;89;0;99;0;0.0;19.700;1.340;24;26;0;0;100;0;100;0;0;0;0;88;88;0;0.000;0.000;0.000;0.000;0.000;0.000;0.0;0.0;0;14;0.000;0.000;11.3;0;0.0;0;0;0;0;0;99;0;0;4974;0.00;0;0;0;0;0;0;0;0;0;0;0;0;0;0;0;0;14;0;99.0;99.0;0;0;0.00;0.00;0.00;0.0;0.0
80.675;89;0;99;0;0.0;19.700;1.340;24;26;0;0;100;0;100;0;0;0;0;88;88;0;0.000;0.000;0.000;0.000;0.000;0.000;0.0;0.0;0;14;0.000;0.000;11.3;0;0.0;0;0;0;0;0;99;0;0;4974;0.00;0;0;0;0;0;0;0;0;0;0;0;0;0;0;0;0;14;0;99.0;99.0;0;0;0.00;0.00;0.00;0.0;0.0
80.739;89;0;98;0;0.0;19.700;1.340;24;26;0;0;100;0;100;0;0;0;0;88;88;0;0.000;0.000;0.000;0.000;0.000;0.000;0.0;0.0;0;15;0.000;0.000;11.3;0;-0.1;0;0;0;0;0;99;0;0;4974;0.00;0;0;0;0;0;0;0;0;0;0;0;0;0;0;0;0;15;0;98.0;98.0;0;0;0.00;0.00;0.00;0.0;0.0
80.805;89;0;99;0;0.0;19.700;1.340;24;26;0;0;100;0;100;0;0;0;0;88;88;0;0.000;0.000;0.000;0.000;0.000;0.000;0.0;0.0;0;14;0.000;0.000;11.3;0;0.0;0;0;0;0;0;99;0;0;4974;0.00;0;0;0;0;0;0;0;0;0;0;0;0;0;0;0;0;14;0;99.0;99.0;0;0;0.00;0.00;0.00;0.0;0.0
80.871;89;0;99;0;0.0;19.700;1.340;24;26;0;0;100;0;100;0;0;0;0;88;88;0;0.000;0.000;0.000;0.000;0.000;0.000;0.0;0.0;0;14;0.000;0.000;11.3;0;0.0;0;0;0;0;0;99;0;0;4974;0.00;0;0;0;0;0;0;0;0;0;0;0;0;0;0;0;0;14;0;99.0;99.0;0;0;0.00;0.00;0.00;0.0;0.0
80.940;89;0;99;0;0.0;19.700;1.340;24;26;0;0;100;0;100;0;0;0;0;88;88;0;0.000;0.000;0.000;0.000;0.000;0.000;0.0;0.0;0;14;0.000;0.000;11.3;0;0.0;0;0;0;0;0;99;0;0;4974;0.00;0;0;0;0;0;0;0;0;0;0;0;0;0;0;0;0;14;0;99.0;99.0;0;0;0.00;0.00;0.00;0.0;0.0
81.006;89;0;99;0;0.0;19.700;1.340;24;26;0;0;100;0;100;0;0;0;0;88;88;0;0.000;0.000;0.000;0.000;0.000;0.000;0.0;0.0;0;14;0.000;0.000;11.3;0;0.0;0;0;0;0;0;99;0;0;4974;0.00;0;0;0;0;0;0;0;0;0;0;0;0;0;0;0;0;14;0;99.0;99.0;0;0;0.00;0.00;0.00;0.0;0.0
81.076;89;0;99;0;0.0;19.700;1.340;24;26;0;0;100;0;100;0;0;0;0;88;88;0;0.000;0.000;0.000;0.000;0.000;0.000;0.0;0.0;0;14;0.000;0.000;11.3;0;0.0;0;0;0;0;0;99;0;0;4974;0.00;0;0;0;0;0;0;0;0;0;0;0;0;0;0;0;0;14;0;99.0;99.0;0;0;0.00;0.00;0.00;0.0;0.0
81.141;89;0;98;0;0.0;19.700;1.340;24;26;0;0;100;0;100;0;0;0;0;88;88;0;0.000;0.000;0.000;0.000;0.000;0.000;0.0;0.0;0;15;0.000;0.000;11.3;0;-0.1;0;0;0;0;0;99;0;0;4974;0.00;0;0;0;0;0;0;0;0;0;0;0;0;0;0;0;0;15;0;98.0;98.0;0;0;0.00;0.00;0.00;0.0;0.0
81.208;90;0;98;0;0.0;19.700;1.340;24;26;0;0;100;0;100;0;0;0;0;88;88;0;0.000;0.000;0.000;0.000;0.000;0.000;0.0;0.0;0;15;0.000;0.000;11.3;0;-0.1;0;0;0;0;0;99;0;0;4969;0.00;0;0;0;0;0;0;0;0;0;0;0;0;0;0;0;0;15;0;98.0;98.0;0;0;0.00;0.00;0.00;0.0;0.0
81.276;90;0;99;0;0.0;19.700;1.340;24;26;0;0;100;0;100;0;0;0;0;88;88;0;0.000;0.000;0.000;0.000;0.000;0.000;0.0;0.0;0;14;0.000;0.000;11.3;0;0.0;0;0;0;0;0;99;0;0;4969;0.00;0;0;0;0;0;0;0;0;0;0;0;0;0;0;0;0;14;0;99.0;99.0;0;0;0.00;0.00;0.00;0.0;0.0
81.341;90;0;99;0;0.0;19.700;1.340;24;26;0;0;100;0;100;0;0;0;0;88;88;0;0.000;0.000;0.000;0.000;0.000;0.000;0.0;0.0;0;14;0.000;0.000;11.3;0;0.0;0;0;0;0;0;99;0;0;4969;0.00;0;0;0;0;0;0;0;0;0;0;0;0;0;0;0;0;14;0;99.0;99.0;0;0;0.00;0.00;0.00;0.0;0.0
81.408;90;0;99;0;0.0;19.700;1.340;24;26;0;0;100;0;100;0;0;0;0;88;88;0;0.000;0.000;0.000;0.000;0.000;0.000;0.0;0.0;0;14;0.000;0.000;11.3;0;0.0;0;0;0;0;0;99;0;0;4969;0.00;0;0;0;0;0;0;0;0;0;0;0;0;0;0;0;0;14;0;99.0;99.0;0;0;0.00;0.00;0.00;0.0;0.0
81.473;90;0;99;0;0.0;19.700;1.340;24;26;0;0;100;0;100;0;0;0;0;88;88;0;0.000;0.000;0.000;0.000;0.000;0.000;0.0;0.0;0;14;0.000;0.000;11.3;0;0.0;0;0;0;0;0;99;0;0;4969;0.00;0;0;0;0;0;0;0;0;0;0;0;0;0;0;0;0;14;0;99.0;99.0;0;0;0.00;0.00;0.00;0.0;0.0
81.541;90;0;99;0;0.0;19.700;1.340;24;26;0;0;100;0;100;0;0;0;0;88;88;0;0.000;0.000;0.000;0.000;0.000;0.000;0.0;0.0;0;14;0.000;0.000;11.3;0;0.0;0;0;0;0;0;99;0;0;4969;0.00;0;0;0;0;0;0;0;0;0;0;0;0;0;0;0;0;14;0;99.0;99.0;0;0;0.00;0.00;0.00;0.0;0.0
81.608;90;0;99;0;0.0;19.700;1.340;24;26;0;0;100;0;100;0;0;0;0;88;88;0;0.000;0.000;0.000;0.000;0.000;0.000;0.0;0.0;0;14;0.000;0.000;11.3;0;0.0;0;0;0;0;0;99;0;0;4969;0.00;0;0;0;0;0;0;0;0;0;0;0;0;0;0;0;0;14;0;99.0;99.0;0;0;0.00;0.00;0.00;0.0;0.0
81.674;90;0;99;0;0.0;19.700;1.340;24;26;0;0;100;0;100;0;0;0;0;88;88;0;0.000;0.000;0.000;0.000;0.000;0.000;0.0;0.0;0;14;0.000;0.000;11.3;0;0.0;0;0;0;0;0;99;0;0;4969;0.00;0;0;0;0;0;0;0;0;0;0;0;0;0;0;0;0;14;0;99.0;99.0;0;0;0.00;0.00;0.00;0.0;0.0
81.739;90;0;99;0;0.0;19.700;1.340;24;26;0;0;100;0;100;0;0;0;0;88;88;0;0.000;0.000;0.000;0.000;0.000;0.000;0.0;0.0;0;14;0.000;0.000;11.3;0;0.0;0;0;0;0;0;99;0;0;4969;0.00;0;0;0;0;0;0;0;0;0;0;0;0;0;0;0;0;14;0;99.0;99.0;0;0;0.00;0.00;0.00;0.0;0.0
81.808;90;0;99;0;0.0;19.700;1.340;24;26;0;0;100;0;100;0;0;0;0;88;88;0;0.000;0.000;0.000;0.000;0.000;0.000;0.0;0.0;0;14;0.000;0.000;11.3;0;0.0;0;0;0;0;0;99;0;0;4969;0.00;0;0;0;0;0;0;0;0;0;0;0;0;0;0;0;0;14;0;99.0;99.0;0;0;0.00;0.00;0.00;0.0;0.0
81.874;90;0;99;0;0.0;19.700;1.340;24;26;0;0;100;0;100;0;0;0;0;88;88;0;0.000;0.000;0.000;0.000;0.000;0.000;0.0;0.0;0;14;0.000;0.000;11.3;0;0.0;0;0;0;0;0;99;0;0;4969;0.00;0;0;0;0;0;0;0;0;0;0;0;0;0;0;0;0;14;0;99.0;99.0;0;0;0.00;0.00;0.00;0.0;0.0
81.940;90;0;99;0;0.0;19.700;1.340;24;26;0;0;100;0;100;0;0;0;0;88;88;0;0.000;0.000;0.000;0.000;0.000;0.000;0.0;0.0;0;14;0.000;0.000;11.3;0;0.0;0;0;0;0;0;99;0;0;4969;0.00;0;0;0;0;0;0;0;0;0;0;0;0;0;0;0;0;14;0;99.0;99.0;0;0;0.00;0.00;0.00;0.0;0.0
82.004;90;0;99;0;0.0;19.700;1.340;24;26;0;0;100;0;100;0;0;0;0;88;88;0;0.000;0.000;0.000;0.000;0.000;0.000;0.0;0.0;0;14;0.000;0.000;11.3;0;0.0;0;0;0;0;0;99;0;0;4969;0.00;0;0;0;0;0;0;0;0;0;0;0;0;0;0;0;0;14;0;99.0;99.0;0;0;0.00;0.00;0.00;0.0;0.0
82.070;90;0;99;0;0.0;19.700;1.340;24;26;0;0;100;0;100;0;0;0;0;88;88;0;0.000;0.000;0.000;0.000;0.000;0.000;0.0;0.0;0;14;0.000;0.000;11.3;0;0.0;0;0;0;0;0;99;0;0;4969;0.00;0;0;0;0;0;0;0;0;0;0;0;0;0;0;0;0;14;0;99.0;99.0;0;0;0.00;0.00;0.00;0.0;0.0
82.136;90;0;99;0;0.0;19.700;1.340;24;26;0;0;100;0;100;0;0;0;0;88;88;0;0.000;0.000;0.000;0.000;0.000;0.000;0.0;0.0;0;14;0.000;0.000;11.3;0;0.0;0;0;0;0;0;99;0;0;4969;0.00;0;0;0;0;0;0;0;0;0;0;0;0;0;0;0;0;14;0;99.0;99.0;0;0;0.00;0.00;0.00;0.0;0.0
82.206;91;0;99;0;0.0;19.700;1.340;24;26;0;0;100;0;100;0;0;0;0;88;88;0;0.000;0.000;0.000;0.000;0.000;0.000;0.0;0.0;0;14;0.000;0.000;11.3;0;0.0;0;0;0;0;0;99;0;0;4978;0.00;0;0;0;0;0;0;0;0;0;0;0;0;0;0;0;0;14;0;99.0;99.0;0;0;0.00;0.00;0.00;0.0;0.0
82.271;91;0;99;0;0.0;19.700;1.340;24;26;0;0;100;0;100;0;0;0;0;88;88;0;0.000;0.000;0.000;0.000;0.000;0.000;0.0;0.0;0;14;0.000;0.000;11.3;0;0.0;0;0;0;0;0;99;0;0;4978;0.00;0;0;0;0;0;0;0;0;0;0;0;0;0;0;0;0;14;0;99.0;99.0;0;0;0.00;0.00;0.00;0.0;0.0
82.336;91;0;99;0;0.0;19.700;1.340;24;26;0;0;100;0;100;0;0;0;0;88;88;0;0.000;0.000;0.000;0.000;0.000;0.000;0.0;0.0;0;14;0.000;0.000;11.3;0;0.0;0;0;0;0;0;99;0;0;4978;0.00;0;0;0;0;0;0;0;0;0;0;0;0;0;0;0;0;14;0;99.0;99.0;0;0;0.00;0.00;0.00;0.0;0.0
82.407;91;0;99;0;0.0;19.700;1.340;24;26;0;0;100;0;100;0;0;0;0;88;88;0;0.000;0.000;0.000;0.000;0.000;0.000;0.0;0.0;0;14;0.000;0.000;11.3;0;0.0;0;0;0;0;0;99;0;0;4978;0.00;0;0;0;0;0;0;0;0;0;0;0;0;0;0;0;0;14;0;99.0;99.0;0;0;0.00;0.00;0.00;0.0;0.0
82.473;91;0;99;0;0.0;19.700;1.340;24;26;0;0;100;0;100;0;0;0;0;88;88;0;0.000;0.000;0.000;0.000;0.000;0.000;0.0;0.0;0;14;0.000;0.000;11.3;0;0.0;0;0;0;0;0;99;0;0;4978;0.00;0;0;0;0;0;0;0;0;0;0;0;0;0;0;0;0;14;0;99.0;99.0;0;0;0.00;0.00;0.00;0.0;0.0
82.542;91;0;99;0;0.0;19.700;1.340;24;26;0;0;100;0;100;0;0;0;0;88;88;0;0.000;0.000;0.000;0.000;0.000;0.000;0.0;0.0;0;14;0.000;0.000;11.3;0;0.0;0;0;0;0;0;99;0;0;4978;0.00;0;0;0;0;0;0;0;0;0;0;0;0;0;0;0;0;14;0;99.0;99.0;0;0;0.00;0.00;0.00;0.0;0.0
82.609;91;0;99;0;0.0;19.700;1.340;24;26;0;0;100;0;100;0;0;0;0;88;88;0;0.000;0.000;0.000;0.000;0.000;0.000;0.0;0.0;0;14;0.000;0.000;11.3;0;0.0;0;0;0;0;0;99;0;0;4978;0.00;0;0;0;0;0;0;0;0;0;0;0;0;0;0;0;0;14;0;99.0;99.0;0;0;0.00;0.00;0.00;0.0;0.0
82.678;91;0;99;0;0.0;19.700;1.340;24;26;0;0;100;0;100;0;0;0;0;88;88;0;0.000;0.000;0.000;0.000;0.000;0.000;0.0;0.0;0;14;0.000;0.000;11.3;0;0.0;0;0;0;0;0;99;0;0;4978;0.00;0;0;0;0;0;0;0;0;0;0;0;0;0;0;0;0;14;0;99.0;99.0;0;0;0.00;0.00;0.00;0.0;0.0
82.743;91;0;99;0;0.0;19.700;1.340;24;26;0;0;100;0;100;0;0;0;0;88;88;0;0.000;0.000;0.000;0.000;0.000;0.000;0.0;0.0;0;14;0.000;0.000;11.3;0;0.0;0;0;0;0;0;99;0;0;4978;0.00;0;0;0;0;0;0;0;0;0;0;0;0;0;0;0;0;14;0;99.0;99.0;0;0;0.00;0.00;0.00;0.0;0.0
82.808;91;0;99;0;0.0;19.700;1.340;24;26;0;0;100;0;100;0;0;0;0;88;88;0;0.000;0.000;0.000;0.000;0.000;0.000;0.0;0.0;0;14;0.000;0.000;11.3;0;0.0;0;0;0;0;0;99;0;0;4978;0.00;0;0;0;0;0;0;0;0;0;0;0;0;0;0;0;0;14;0;99.0;99.0;0;0;0.00;0.00;0.00;0.0;0.0
82.873;91;0;99;0;0.0;19.700;1.340;24;26;0;0;100;0;100;0;0;0;0;88;88;0;0.000;0.000;0.000;0.000;0.000;0.000;0.0;0.0;0;14;0.000;0.000;11.3;0;0.0;0;0;0;0;0;99;0;0;4978;0.00;0;0;0;0;0;0;0;0;0;0;0;0;0;0;0;0;14;0;99.0;99.0;0;0;0.00;0.00;0.00;0.0;0.0
82.940;91;0;99;0;0.0;19.700;1.340;24;26;0;0;100;0;100;0;0;0;0;88;88;0;0.000;0.000;0.000;0.000;0.000;0.000;0.0;0.0;0;14;0.000;0.000;11.3;0;0.0;0;0;0;0;0;99;0;0;4978;0.00;0;0;0;0;0;0;0;0;0;0;0;0;0;0;0;0;14;0;99.0;99.0;0;0;0.00;0.00;0.00;0.0;0.0
83.005;91;0;99;0;0.0;19.700;1.340;24;26;0;0;100;0;100;0;0;0;0;88;88;0;0.000;0.000;0.000;0.000;0.000;0.000;0.0;0.0;0;14;0.000;0.000;11.3;0;0.0;0;0;0;0;0;99;0;0;4978;0.00;0;0;0;0;0;0;0;0;0;0;0;0;0;0;0;0;14;0;99.0;99.0;0;0;0.00;0.00;0.00;0.0;0.0
83.069;91;0;99;0;0.0;19.700;1.340;24;26;0;0;100;0;100;0;0;0;0;88;88;0;0.000;0.000;0.000;0.000;0.000;0.000;0.0;0.0;0;14;0.000;0.000;11.3;0;0.0;0;0;0;0;0;99;0;0;4978;0.00;0;0;0;0;0;0;0;0;0;0;0;0;0;0;0;0;14;0;99.0;99.0;0;0;0.00;0.00;0.00;0.0;0.0
83.135;91;0;99;0;0.0;19.700;1.340;24;26;0;0;100;0;100;0;0;0;0;88;88;0;0.000;0.000;0.000;0.000;0.000;0.000;0.0;0.0;0;14;0.000;0.000;11.3;0;0.0;0;0;0;0;0;99;0;0;4978;0.00;0;0;0;0;0;0;0;0;0;0;0;0;0;0;0;0;14;0;99.0;99.0;0;0;0.00;0.00;0.00;0.0;0.0
83.204;92;0;99;0;0.0;19.700;1.340;24;26;0;0;100;0;100;0;0;0;0;88;88;0;0.000;0.000;0.000;0.000;0.000;0.000;0.0;0.0;0;14;0.000;0.000;11.3;0;0.0;0;0;0;0;0;99;0;0;4980;0.00;0;0;0;0;0;0;0;0;0;0;0;0;0;0;0;0;14;0;99.0;99.0;0;0;0.00;0.00;0.00;0.0;0.0
83.274;92;0;99;0;0.0;19.700;1.340;24;26;0;0;100;0;100;0;0;0;0;88;88;0;0.000;0.000;0.000;0.000;0.000;0.000;0.0;0.0;0;14;0.000;0.000;11.3;0;0.0;0;0;0;0;0;99;0;0;4980;0.00;0;0;0;0;0;0;0;0;0;0;0;0;0;0;0;0;14;0;99.0;99.0;0;0;0.00;0.00;0.00;0.0;0.0
83.340;92;0;99;0;0.0;19.700;1.340;24;26;0;0;100;0;100;0;0;0;0;88;88;0;0.000;0.000;0.000;0.000;0.000;0.000;0.0;0.0;0;14;0.000;0.000;11.3;0;0.0;0;0;0;0;0;99;0;0;4980;0.00;0;0;0;0;0;0;0;0;0;0;0;0;0;0;0;0;14;0;99.0;99.0;0;0;0.00;0.00;0.00;0.0;0.0
83.406;92;0;99;0;0.0;19.700;1.340;24;26;0;0;100;0;100;0;0;0;0;88;88;0;0.000;0.000;0.000;0.000;0.000;0.000;0.0;0.0;0;14;0.000;0.000;11.3;0;0.0;0;0;0;0;0;99;0;0;4980;0.00;0;0;0;0;0;0;0;0;0;0;0;0;0;0;0;0;14;0;99.0;99.0;0;0;0.00;0.00;0.00;0.0;0.0
83.471;92;0;99;0;0.0;19.700;1.340;24;26;0;0;100;0;100;0;0;0;0;88;88;0;0.000;0.000;0.000;0.000;0.000;0.000;0.0;0.0;0;14;0.000;0.000;11.3;0;0.0;0;0;0;0;0;99;0;0;4980;0.00;0;0;0;0;0;0;0;0;0;0;0;0;0;0;0;0;14;0;99.0;99.0;0;0;0.00;0.00;0.00;0.0;0.0
83.537;92;0;99;0;0.0;19.700;1.340;24;26;0;0;100;0;100;0;0;0;0;88;88;0;0.000;0.000;0.000;0.000;0.000;0.000;0.0;0.0;0;14;0.000;0.000;11.3;0;0.0;0;0;0;0;0;99;0;0;4980;0.00;0;0;0;0;0;0;0;0;0;0;0;0;0;0;0;0;14;0;99.0;99.0;0;0;0.00;0.00;0.00;0.0;0.0
83.607;92;0;99;0;0.0;19.700;1.340;24;26;0;0;100;0;100;0;0;0;0;88;88;0;0.000;0.000;0.000;0.000;0.000;0.000;0.0;0.0;0;14;0.000;0.000;11.3;0;0.0;0;0;0;0;0;99;0;0;4980;0.00;0;0;0;0;0;0;0;0;0;0;0;0;0;0;0;0;14;0;99.0;99.0;0;0;0.00;0.00;0.00;0.0;0.0
83.671;92;0;99;0;0.0;19.700;1.340;24;26;0;0;100;0;100;0;0;0;0;88;88;0;0.000;0.000;0.000;0.000;0.000;0.000;0.0;0.0;0;14;0.000;0.000;11.3;0;0.0;0;0;0;0;0;99;0;0;4980;0.00;0;0;0;0;0;0;0;0;0;0;0;0;0;0;0;0;14;0;99.0;99.0;0;0;0.00;0.00;0.00;0.0;0.0
83.738;92;0;99;0;0.0;19.700;1.340;24;26;0;0;100;0;100;0;0;0;0;88;88;0;0.000;0.000;0.000;0.000;0.000;0.000;0.0;0.0;0;14;0.000;0.000;11.3;0;0.0;0;0;0;0;0;99;0;0;4980;0.00;0;0;0;0;0;0;0;0;0;0;0;0;0;0;0;0;14;0;99.0;99.0;0;0;0.00;0.00;0.00;0.0;0.0
83.808;92;0;99;0;0.0;19.700;1.340;24;26;0;0;100;0;100;0;0;0;0;88;88;0;0.000;0.000;0.000;0.000;0.000;0.000;0.0;0.0;0;14;0.000;0.000;11.3;0;0.0;0;0;0;0;0;99;0;0;4980;0.00;0;0;0;0;0;0;0;0;0;0;0;0;0;0;0;0;14;0;99.0;99.0;0;0;0.00;0.00;0.00;0.0;0.0
83.873;92;0;99;0;0.0;19.700;1.340;24;26;0;0;100;0;100;0;0;0;0;88;88;0;0.000;0.000;0.000;0.000;0.000;0.000;0.0;0.0;0;14;0.000;0.000;11.3;0;0.0;0;0;0;0;0;99;0;0;4980;0.00;0;0;0;0;0;0;0;0;0;0;0;0;0;0;0;0;14;0;99.0;99.0;0;0;0.00;0.00;0.00;0.0;0.0
83.939;92;0;99;0;0.0;19.700;1.340;24;26;0;0;100;0;100;0;0;0;0;88;88;0;0.000;0.000;0.000;0.000;0.000;0.000;0.0;0.0;0;14;0.000;0.000;11.3;0;0.0;0;0;0;0;0;99;0;0;4980;0.00;0;0;0;0;0;0;0;0;0;0;0;0;0;0;0;0;14;0;99.0;99.0;0;0;0.00;0.00;0.00;0.0;0.0
84.009;92;0;99;0;0.0;19.700;1.340;24;26;0;0;100;0;100;0;0;0;0;88;88;0;0.000;0.000;0.000;0.000;0.000;0.000;0.0;0.0;0;14;0.000;0.000;11.3;0;0.0;0;0;0;0;0;99;0;0;4980;0.00;0;0;0;0;0;0;0;0;0;0;0;0;0;0;0;0;14;0;99.0;99.0;0;0;0.00;0.00;0.00;0.0;0.0
84.073;92;0;98;0;0.0;19.700;1.340;24;26;0;0;100;0;100;0;0;0;0;88;88;0;0.000;0.000;0.000;0.000;0.000;0.000;0.0;0.0;0;15;0.000;0.000;11.3;0;-0.1;0;0;0;0;0;99;0;0;4980;0.00;0;0;0;0;0;0;0;0;0;0;0;0;0;0;0;0;15;0;98.0;98.0;0;0;0.00;0.00;0.00;0.0;0.0
84.139;92;0;99;0;0.0;19.700;1.340;24;26;0;0;100;0;100;0;0;0;0;88;88;0;0.000;0.000;0.000;0.000;0.000;0.000;0.0;0.0;0;14;0.000;0.000;11.3;0;0.0;0;0;0;0;0;99;0;0;4980;0.00;0;0;0;0;0;0;0;0;0;0;0;0;0;0;0;0;14;0;99.0;99.0;0;0;0.00;0.00;0.00;0.0;0.0
84.204;93;0;99;0;0.0;19.700;1.340;24;26;0;0;100;0;100;0;0;0;0;88;88;0;0.000;0.000;0.000;0.000;0.000;0.000;0.0;0.0;0;14;0.000;0.000;11.3;0;0.0;0;0;0;0;0;99;0;0;4972;0.00;0;0;0;0;0;0;0;0;0;0;0;0;0;0;0;0;14;0;99.0;99.0;0;0;0.00;0.00;0.00;0.0;0.0
84.274;93;0;99;0;0.0;19.700;1.340;24;26;0;0;100;0;100;0;0;0;0;88;88;0;0.000;0.000;0.000;0.000;0.000;0.000;0.0;0.0;0;14;0.000;0.000;11.3;0;0.0;0;0;0;0;0;99;0;0;4972;0.00;0;0;0;0;0;0;0;0;0;0;0;0;0;0;0;0;14;0;99.0;99.0;0;0;0.00;0.00;0.00;0.0;0.0
84.340;93;0;99;0;0.0;19.700;1.340;24;26;0;0;100;0;100;0;0;0;0;88;88;0;0.000;0.000;0.000;0.000;0.000;0.000;0.0;0.0;0;14;0.000;0.000;11.3;0;0.0;0;0;0;0;0;99;0;0;4972;0.00;0;0;0;0;0;0;0;0;0;0;0;0;0;0;0;0;14;0;99.0;99.0;0;0;0.00;0.00;0.00;0.0;0.0
84.409;93;0;99;0;0.0;19.700;1.340;24;26;0;0;100;0;100;0;0;0;0;88;88;0;0.000;0.000;0.000;0.000;0.000;0.000;0.0;0.0;0;14;0.000;0.000;11.3;0;0.0;0;0;0;0;0;99;0;0;4972;0.00;0;0;0;0;0;0;0;0;0;0;0;0;0;0;0;0;14;0;99.0;99.0;0;0;0.00;0.00;0.00;0.0;0.0
84.474;93;0;99;0;0.0;19.700;1.340;24;26;0;0;100;0;100;0;0;0;0;88;88;0;0.000;0.000;0.000;0.000;0.000;0.000;0.0;0.0;0;14;0.000;0.000;11.3;0;0.0;0;0;0;0;0;99;0;0;4972;0.00;0;0;0;0;0;0;0;0;0;0;0;0;0;0;0;0;14;0;99.0;99.0;0;0;0.00;0.00;0.00;0.0;0.0
84.542;93;0;99;0;0.0;19.700;1.340;24;26;0;0;100;0;100;0;0;0;0;88;88;0;0.000;0.000;0.000;0.000;0.000;0.000;0.0;0.0;0;14;0.000;0.000;11.3;0;0.0;0;0;0;0;0;99;0;0;4972;0.00;0;0;0;0;0;0;0;0;0;0;0;0;0;0;0;0;14;0;99.0;99.0;0;0;0.00;0.00;0.00;0.0;0.0
84.607;93;0;99;0;0.0;19.700;1.340;24;26;0;0;100;0;100;0;0;0;0;88;88;0;0.000;0.000;0.000;0.000;0.000;0.000;0.0;0.0;0;14;0.000;0.000;11.3;0;0.0;0;0;0;0;0;99;0;0;4972;0.00;0;0;0;0;0;0;0;0;0;0;0;0;0;0;0;0;14;0;99.0;99.0;0;0;0.00;0.00;0.00;0.0;0.0
84.672;93;0;99;0;0.0;19.700;1.340;24;26;0;0;100;0;100;0;0;0;0;88;88;0;0.000;0.000;0.000;0.000;0.000;0.000;0.0;0.0;0;14;0.000;0.000;11.3;0;0.0;0;0;0;0;0;99;0;0;4972;0.00;0;0;0;0;0;0;0;0;0;0;0;0;0;0;0;0;14;0;99.0;99.0;0;0;0.00;0.00;0.00;0.0;0.0
84.737;93;0;99;0;0.0;19.700;1.340;24;26;0;0;100;0;100;0;0;0;0;88;88;0;0.000;0.000;0.000;0.000;0.000;0.000;0.0;0.0;0;14;0.000;0.000;11.3;0;0.0;0;0;0;0;0;99;0;0;4972;0.00;0;0;0;0;0;0;0;0;0;0;0;0;0;0;0;0;14;0;99.0;99.0;0;0;0.00;0.00;0.00;0.0;0.0
84.807;93;0;99;0;0.0;19.700;1.340;24;26;0;0;100;0;100;0;0;0;0;88;88;0;0.000;0.000;0.000;0.000;0.000;0.000;0.0;0.0;0;14;0.000;0.000;11.3;0;0.0;0;0;0;0;0;99;0;0;4972;0.00;0;0;0;0;0;0;0;0;0;0;0;0;0;0;0;0;14;0;99.0;99.0;0;0;0.00;0.00;0.00;0.0;0.0
84.872;93;0;99;0;0.0;19.700;1.340;24;26;0;0;100;0;100;0;0;0;0;88;88;0;0.000;0.000;0.000;0.000;0.000;0.000;0.0;0.0;0;14;0.000;0.000;11.3;0;0.0;0;0;0;0;0;99;0;0;4972;0.00;0;0;0;0;0;0;0;0;0;0;0;0;0;0;0;0;14;0;99.0;99.0;0;0;0.00;0.00;0.00;0.0;0.0
84.942;93;0;99;0;0.0;19.700;1.340;24;26;0;0;100;0;100;0;0;0;0;88;88;0;0.000;0.000;0.000;0.000;0.000;0.000;0.0;0.0;0;14;0.000;0.000;11.3;0;0.0;0;0;0;0;0;99;0;0;4972;0.00;0;0;0;0;0;0;0;0;0;0;0;0;0;0;0;0;14;0;99.0;99.0;0;0;0.00;0.00;0.00;0.0;0.0
85.009;93;0;99;0;0.0;19.700;1.340;24;26;0;0;100;0;100;0;0;0;0;88;88;0;0.000;0.000;0.000;0.000;0.000;0.000;0.0;0.0;0;14;0.000;0.000;11.3;0;0.0;0;0;0;0;0;99;0;0;4972;0.00;0;0;0;0;0;0;0;0;0;0;0;0;0;0;0;0;14;0;99.0;99.0;0;0;0.00;0.00;0.00;0.0;0.0
85.073;93;0;99;0;0.0;19.700;1.340;24;26;0;0;100;0;100;0;0;0;0;88;88;0;0.000;0.000;0.000;0.000;0.000;0.000;0.0;0.0;0;14;0.000;0.000;11.3;0;0.0;0;0;0;0;0;99;0;0;4972;0.00;0;0;0;0;0;0;0;0;0;0;0;0;0;0;0;0;14;0;99.0;99.0;0;0;0.00;0.00;0.00;0.0;0.0
85.142;93;0;99;0;0.0;19.700;1.340;24;26;0;0;100;0;100;0;0;0;0;88;88;0;0.000;0.000;0.000;0.000;0.000;0.000;0.0;0.0;0;14;0.000;0.000;11.3;0;0.0;0;0;0;0;0;99;0;0;4972;0.00;0;0;0;0;0;0;0;0;0;0;0;0;0;0;0;0;14;0;99.0;99.0;0;0;0.00;0.00;0.00;0.0;0.0
85.209;93;0;99;0;0.0;19.700;1.340;24;26;0;0;100;0;100;0;0;0;0;88;88;0;0.000;0.000;0.000;0.000;0.000;0.000;0.0;0.0;0;14;0.000;0.000;11.3;0;0.0;0;0;0;0;0;99;0;0;4972;0.00;0;0;0;0;0;0;0;0;0;0;0;0;0;0;0;0;14;0;99.0;99.0;0;0;0.00;0.00;0.00;0.0;0.0
85.274;94;0;99;0;0.0;19.700;1.340;24;26;0;0;100;0;100;0;0;0;0;88;88;0;0.000;0.000;0.000;0.000;0.000;0.000;0.0;0.0;0;14;0.000;0.000;11.3;0;0.0;0;0;0;0;0;99;0;0;4959;0.00;0;0;0;0;0;0;0;0;0;0;0;0;0;0;0;0;14;0;99.0;99.0;0;0;0.00;0.00;0.00;0.0;0.0
85.340;94;0;99;0;0.0;19.700;1.340;24;26;0;0;100;0;100;0;0;0;0;88;88;0;0.000;0.000;0.000;0.000;0.000;0.000;0.0;0.0;0;14;0.000;0.000;11.3;0;0.0;0;0;0;0;0;99;0;0;4959;0.00;0;0;0;0;0;0;0;0;0;0;0;0;0;0;0;0;14;0;99.0;99.0;0;0;0.00;0.00;0.00;0.0;0.0
85.409;94;0;99;0;0.0;19.700;1.340;24;26;0;0;100;0;100;0;0;0;0;88;88;0;0.000;0.000;0.000;0.000;0.000;0.000;0.0;0.0;0;14;0.000;0.000;11.3;0;0.0;0;0;0;0;0;99;0;0;4959;0.00;0;0;0;0;0;0;0;0;0;0;0;0;0;0;0;0;14;0;99.0;99.0;0;0;0.00;0.00;0.00;0.0;0.0
85.474;94;0;99;0;0.0;19.700;1.340;24;26;0;0;100;0;100;0;0;0;0;88;88;0;0.000;0.000;0.000;0.000;0.000;0.000;0.0;0.0;0;14;0.000;0.000;11.3;0;0.0;0;0;0;0;0;99;0;0;4959;0.00;0;0;0;0;0;0;0;0;0;0;0;0;0;0;0;0;14;0;99.0;99.0;0;0;0.00;0.00;0.00;0.0;0.0
85.539;94;0;99;0;0.0;19.700;1.340;24;26;0;0;100;0;100;0;0;0;0;88;88;0;0.000;0.000;0.000;0.000;0.000;0.000;0.0;0.0;0;14;0.000;0.000;11.3;0;0.0;0;0;0;0;0;99;0;0;4959;0.00;0;0;0;0;0;0;0;0;0;0;0;0;0;0;0;0;14;0;99.0;99.0;0;0;0.00;0.00;0.00;0.0;0.0
85.606;94;0;99;0;0.0;19.700;1.340;24;26;0;0;100;0;100;0;0;0;0;88;88;0;0.000;0.000;0.000;0.000;0.000;0.000;0.0;0.0;0;14;0.000;0.000;11.3;0;0.0;0;0;0;0;0;99;0;0;4959;0.00;0;0;0;0;0;0;0;0;0;0;0;0;0;0;0;0;14;0;99.0;99.0;0;0;0.00;0.00;0.00;0.0;0.0
85.673;94;0;99;0;0.0;19.700;1.340;24;26;0;0;100;0;100;0;0;0;0;88;88;0;0.000;0.000;0.000;0.000;0.000;0.000;0.0;0.0;0;14;0.000;0.000;11.3;0;0.0;0;0;0;0;0;99;0;0;4959;0.00;0;0;0;0;0;0;0;0;0;0;0;0;0;0;0;0;14;0;99.0;99.0;0;0;0.00;0.00;0.00;0.0;0.0
85.741;94;0;99;0;0.0;19.700;1.340;24;26;0;0;100;0;100;0;0;0;0;88;88;0;0.000;0.000;0.000;0.000;0.000;0.000;0.0;0.0;0;14;0.000;0.000;11.3;0;0.0;0;0;0;0;0;99;0;0;4959;0.00;0;0;0;0;0;0;0;0;0;0;0;0;0;0;0;0;14;0;99.0;99.0;0;0;0.00;0.00;0.00;0.0;0.0
85.806;94;0;99;0;0.0;19.700;1.340;24;26;0;0;100;0;100;0;0;0;0;88;88;0;0.000;0.000;0.000;0.000;0.000;0.000;0.0;0.0;0;14;0.000;0.000;11.3;0;0.0;0;0;0;0;0;99;0;0;4959;0.00;0;0;0;0;0;0;0;0;0;0;0;0;0;0;0;0;14;0;99.0;99.0;0;0;0.00;0.00;0.00;0.0;0.0
85.875;94;0;99;0;0.0;19.700;1.340;24;26;0;0;100;0;100;0;0;0;0;88;88;0;0.000;0.000;0.000;0.000;0.000;0.000;0.0;0.0;0;14;0.000;0.000;11.3;0;0.0;0;0;0;0;0;99;0;0;4959;0.00;0;0;0;0;0;0;0;0;0;0;0;0;0;0;0;0;14;0;99.0;99.0;0;0;0.00;0.00;0.00;0.0;0.0
85.942;94;0;99;0;0.0;19.700;1.340;24;26;0;0;100;0;100;0;0;0;0;88;88;0;0.000;0.000;0.000;0.000;0.000;0.000;0.0;0.0;0;14;0.000;0.000;11.3;0;0.0;0;0;0;0;0;99;0;0;4959;0.00;0;0;0;0;0;0;0;0;0;0;0;0;0;0;0;0;14;0;99.0;99.0;0;0;0.00;0.00;0.00;0.0;0.0
86.007;94;0;99;0;0.0;19.700;1.340;24;26;0;0;100;0;100;0;0;0;0;88;88;0;0.000;0.000;0.000;0.000;0.000;0.000;0.0;0.0;0;14;0.000;0.000;11.3;0;0.0;0;0;0;0;0;99;0;0;4959;0.00;0;0;0;0;0;0;0;0;0;0;0;0;0;0;0;0;14;0;99.0;99.0;0;0;0.00;0.00;0.00;0.0;0.0
86.073;94;0;99;0;0.0;19.700;1.340;24;26;0;0;100;0;100;0;0;0;0;88;88;0;0.000;0.000;0.000;0.000;0.000;0.000;0.0;0.0;0;14;0.000;0.000;11.3;0;0.0;0;0;0;0;0;99;0;0;4959;0.00;0;0;0;0;0;0;0;0;0;0;0;0;0;0;0;0;14;0;99.0;99.0;0;0;0.00;0.00;0.00;0.0;0.0
86.137;94;0;99;0;0.0;19.700;1.340;24;26;0;0;100;0;100;0;0;0;0;88;88;0;0.000;0.000;0.000;0.000;0.000;0.000;0.0;0.0;0;14;0.000;0.000;11.3;0;0.0;0;0;0;0;0;99;0;0;4959;0.00;0;0;0;0;0;0;0;0;0;0;0;0;0;0;0;0;14;0;99.0;99.0;0;0;0.00;0.00;0.00;0.0;0.0
86.203;94;0;99;0;0.0;19.700;1.340;24;26;0;0;100;0;100;0;0;0;0;88;88;0;0.000;0.000;0.000;0.000;0.000;0.000;0.0;0.0;0;14;0.000;0.000;11.3;0;0.0;0;0;0;0;0;99;0;0;4959;0.00;0;0;0;0;0;0;0;0;0;0;0;0;0;0;0;0;14;0;99.0;99.0;0;0;0.00;0.00;0.00;0.0;0.0
86.273;95;0;99;0;0.0;19.700;1.340;24;26;0;0;100;0;100;0;0;0;0;88;88;0;0.000;0.000;0.000;0.000;0.000;0.000;0.0;0.0;0;14;0.000;0.000;11.3;0;0.0;0;0;0;0;0;99;0;0;4978;0.00;0;0;0;0;0;0;0;0;0;0;0;0;0;0;0;0;14;0;99.0;99.0;0;0;0.00;0.00;0.00;0.0;0.0
86.339;95;0;99;0;0.0;19.700;1.340;24;26;0;0;100;0;100;0;0;0;0;88;88;0;0.000;0.000;0.000;0.000;0.000;0.000;0.0;0.0;0;14;0.000;0.000;11.3;0;0.0;0;0;0;0;0;99;0;0;4978;0.00;0;0;0;0;0;0;0;0;0;0;0;0;0;0;0;0;14;0;99.0;99.0;0;0;0.00;0.00;0.00;0.0;0.0
86.408;95;0;99;0;0.0;19.700;1.340;24;26;0;0;100;0;100;0;0;0;0;88;88;0;0.000;0.000;0.000;0.000;0.000;0.000;0.0;0.0;0;14;0.000;0.000;11.3;0;0.0;0;0;0;0;0;99;0;0;4978;0.00;0;0;0;0;0;0;0;0;0;0;0;0;0;0;0;0;14;0;99.0;99.0;0;0;0.00;0.00;0.00;0.0;0.0
86.474;95;0;99;0;0.0;19.700;1.340;24;26;0;0;100;0;100;0;0;0;0;88;88;0;0.000;0.000;0.000;0.000;0.000;0.000;0.0;0.0;0;14;0.000;0.000;11.3;0;0.0;0;0;0;0;0;99;0;0;4978;0.00;0;0;0;0;0;0;0;0;0;0;0;0;0;0;0;0;14;0;99.0;99.0;0;0;0.00;0.00;0.00;0.0;0.0
86.539;95;0;99;0;0.0;19.700;1.340;24;26;0;0;100;0;100;0;0;0;0;88;88;0;0.000;0.000;0.000;0.000;0.000;0.000;0.0;0.0;0;14;0.000;0.000;11.3;0;0.0;0;0;0;0;0;99;0;0;4978;0.00;0;0;0;0;0;0;0;0;0;0;0;0;0;0;0;0;14;0;99.0;99.0;0;0;0.00;0.00;0.00;0.0;0.0
86.606;95;0;99;0;0.0;19.700;1.340;24;26;0;0;100;0;100;0;0;0;0;88;88;0;0.000;0.000;0.000;0.000;0.000;0.000;0.0;0.0;0;14;0.000;0.000;11.3;0;0.0;0;0;0;0;0;99;0;0;4978;0.00;0;0;0;0;0;0;0;0;0;0;0;0;0;0;0;0;14;0;99.0;99.0;0;0;0.00;0.00;0.00;0.0;0.0
86.674;95;0;99;0;0.0;19.700;1.340;24;26;0;0;100;0;100;0;0;0;0;88;88;0;0.000;0.000;0.000;0.000;0.000;0.000;0.0;0.0;0;14;0.000;0.000;11.3;0;0.0;0;0;0;0;0;99;0;0;4978;0.00;0;0;0;0;0;0;0;0;0;0;0;0;0;0;0;0;14;0;99.0;99.0;0;0;0.00;0.00;0.00;0.0;0.0
86.740;95;0;99;0;0.0;19.700;1.340;24;26;0;0;100;0;100;0;0;0;0;88;88;0;0.000;0.000;0.000;0.000;0.000;0.000;0.0;0.0;0;14;0.000;0.000;11.3;0;0.0;0;0;0;0;0;99;0;0;4978;0.00;0;0;0;0;0;0;0;0;0;0;0;0;0;0;0;0;14;0;99.0;99.0;0;0;0.00;0.00;0.00;0.0;0.0
86.805;95;0;99;0;0.0;19.700;1.340;24;26;0;0;100;0;100;0;0;0;0;88;88;0;0.000;0.000;0.000;0.000;0.000;0.000;0.0;0.0;0;14;0.000;0.000;11.3;0;0.0;0;0;0;0;0;99;0;0;4978;0.00;0;0;0;0;0;0;0;0;0;0;0;0;0;0;0;0;14;0;99.0;99.0;0;0;0.00;0.00;0.00;0.0;0.0
86.872;95;0;99;0;0.0;19.700;1.340;24;26;0;0;100;0;100;0;0;0;0;88;88;0;0.000;0.000;0.000;0.000;0.000;0.000;0.0;0.0;0;14;0.000;0.000;11.3;0;0.0;0;0;0;0;0;99;0;0;4978;0.00;0;0;0;0;0;0;0;0;0;0;0;0;0;0;0;0;14;0;99.0;99.0;0;0;0.00;0.00;0.00;0.0;0.0
86.940;95;0;99;0;0.0;19.700;1.340;24;26;0;0;100;0;100;0;0;0;0;88;88;0;0.000;0.000;0.000;0.000;0.000;0.000;0.0;0.0;0;14;0.000;0.000;11.3;0;0.0;0;0;0;0;0;99;0;0;4978;0.00;0;0;0;0;0;0;0;0;0;0;0;0;0;0;0;0;14;0;99.0;99.0;0;0;0.00;0.00;0.00;0.0;0.0
87.008;95;0;99;0;0.0;19.700;1.340;24;26;0;0;100;0;100;0;0;0;0;88;88;0;0.000;0.000;0.000;0.000;0.000;0.000;0.0;0.0;0;14;0.000;0.000;11.3;0;0.0;0;0;0;0;0;99;0;0;4978;0.00;0;0;0;0;0;0;0;0;0;0;0;0;0;0;0;0;14;0;99.0;99.0;0;0;0.00;0.00;0.00;0.0;0.0
87.071;95;0;99;0;0.0;19.700;1.340;24;26;0;0;100;0;100;0;0;0;0;88;88;0;0.000;0.000;0.000;0.000;0.000;0.000;0.0;0.0;0;14;0.000;0.000;11.3;0;0.0;0;0;0;0;0;99;0;0;4978;0.00;0;0;0;0;0;0;0;0;0;0;0;0;0;0;0;0;14;0;99.0;99.0;0;0;0.00;0.00;0.00;0.0;0.0
87.141;95;0;99;0;0.0;19.700;1.340;24;26;0;0;100;0;100;0;0;0;0;88;88;0;0.000;0.000;0.000;0.000;0.000;0.000;0.0;0.0;0;14;0.000;0.000;11.3;0;0.0;0;0;0;0;0;99;0;0;4978;0.00;0;0;0;0;0;0;0;0;0;0;0;0;0;0;0;0;14;0;99.0;99.0;0;0;0.00;0.00;0.00;0.0;0.0
87.207;95;0;99;0;0.0;19.700;1.340;24;26;0;0;100;0;100;0;0;0;0;88;88;0;0.000;0.000;0.000;0.000;0.000;0.000;0.0;0.0;0;14;0.000;0.000;11.3;0;0.0;0;0;0;0;0;99;0;0;4978;0.00;0;0;0;0;0;0;0;0;0;0;0;0;0;0;0;0;14;0;99.0;99.0;0;0;0.00;0.00;0.00;0.0;0.0
87.272;96;0;99;0;0.0;19.700;1.340;24;26;0;0;100;0;100;0;0;0;0;88;88;0;0.000;0.000;0.000;0.000;0.000;0.000;0.0;0.0;0;14;0.000;0.000;11.3;0;0.0;0;0;0;0;0;99;0;0;4976;0.00;0;0;0;0;0;0;0;0;0;0;0;0;0;0;0;0;14;0;99.0;99.0;0;0;0.00;0.00;0.00;0.0;0.0
87.338;96;0;99;0;0.0;19.700;1.340;24;26;0;0;100;0;100;0;0;0;0;88;88;0;0.000;0.000;0.000;0.000;0.000;0.000;0.0;0.0;0;14;0.000;0.000;11.3;0;0.0;0;0;0;0;0;99;0;0;4976;0.00;0;0;0;0;0;0;0;0;0;0;0;0;0;0;0;0;14;0;99.0;99.0;0;0;0.00;0.00;0.00;0.0;0.0
87.407;96;0;99;0;0.0;19.700;1.340;24;26;0;0;100;0;100;0;0;0;0;88;88;0;0.000;0.000;0.000;0.000;0.000;0.000;0.0;0.0;0;14;0.000;0.000;11.3;0;0.0;0;0;0;0;0;99;0;0;4976;0.00;0;0;0;0;0;0;0;0;0;0;0;0;0;0;0;0;14;0;99.0;99.0;0;0;0.00;0.00;0.00;0.0;0.0
87.473;96;0;99;0;0.0;19.700;1.340;24;26;0;0;100;0;100;0;0;0;0;88;88;0;0.000;0.000;0.000;0.000;0.000;0.000;0.0;0.0;0;14;0.000;0.000;11.3;0;0.0;0;0;0;0;0;99;0;0;4976;0.00;0;0;0;0;0;0;0;0;0;0;0;0;0;0;0;0;14;0;99.0;99.0;0;0;0.00;0.00;0.00;0.0;0.0
87.539;96;0;99;0;0.0;19.700;1.340;24;26;0;0;100;0;100;0;0;0;0;88;88;0;0.000;0.000;0.000;0.000;0.000;0.000;0.0;0.0;0;14;0.000;0.000;11.3;0;0.0;0;0;0;0;0;99;0;0;4976;0.00;0;0;0;0;0;0;0;0;0;0;0;0;0;0;0;0;14;0;99.0;99.0;0;0;0.00;0.00;0.00;0.0;0.0
87.605;96;0;99;0;0.0;19.700;1.340;24;26;0;0;100;0;100;0;0;0;0;88;88;0;0.000;0.000;0.000;0.000;0.000;0.000;0.0;0.0;0;14;0.000;0.000;11.3;0;0.0;0;0;0;0;0;99;0;0;4976;0.00;0;0;0;0;0;0;0;0;0;0;0;0;0;0;0;0;14;0;99.0;99.0;0;0;0.00;0.00;0.00;0.0;0.0
87.674;96;0;99;0;0.0;19.700;1.340;24;26;0;0;100;0;100;0;0;0;0;88;88;0;0.000;0.000;0.000;0.000;0.000;0.000;0.0;0.0;0;14;0.000;0.000;11.3;0;0.0;0;0;0;0;0;99;0;0;4976;0.00;0;0;0;0;0;0;0;0;0;0;0;0;0;0;0;0;14;0;99.0;99.0;0;0;0.00;0.00;0.00;0.0;0.0
87.740;96;0;99;0;0.0;19.700;1.340;24;26;0;0;100;0;100;0;0;0;0;88;88;0;0.000;0.000;0.000;0.000;0.000;0.000;0.0;0.0;0;14;0.000;0.000;11.3;0;0.0;0;0;0;0;0;99;0;0;4976;0.00;0;0;0;0;0;0;0;0;0;0;0;0;0;0;0;0;14;0;99.0;99.0;0;0;0.00;0.00;0.00;0.0;0.0
87.809;96;0;99;0;0.0;19.700;1.340;24;26;0;0;100;0;100;0;0;0;0;88;88;0;0.000;0.000;0.000;0.000;0.000;0.000;0.0;0.0;0;14;0.000;0.000;11.3;0;0.0;0;0;0;0;0;99;0;0;4976;0.00;0;0;0;0;0;0;0;0;0;0;0;0;0;0;0;0;14;0;99.0;99.0;0;0;0.00;0.00;0.00;0.0;0.0
87.874;96;0;99;0;0.0;19.700;1.340;24;26;0;0;100;0;100;0;0;0;0;88;88;0;0.000;0.000;0.000;0.000;0.000;0.000;0.0;0.0;0;14;0.000;0.000;11.3;0;0.0;0;0;0;0;0;99;0;0;4976;0.00;0;0;0;0;0;0;0;0;0;0;0;0;0;0;0;0;14;0;99.0;99.0;0;0;0.00;0.00;0.00;0.0;0.0
87.939;96;0;99;0;0.0;19.700;1.340;24;26;0;0;100;0;100;0;0;0;0;88;88;0;0.000;0.000;0.000;0.000;0.000;0.000;0.0;0.0;0;14;0.000;0.000;11.3;0;0.0;0;0;0;0;0;99;0;0;4976;0.00;0;0;0;0;0;0;0;0;0;0;0;0;0;0;0;0;14;0;99.0;99.0;0;0;0.00;0.00;0.00;0.0;0.0
88.005;96;0;99;0;0.0;19.700;1.340;24;26;0;0;100;0;100;0;0;0;0;88;88;0;0.000;0.000;0.000;0.000;0.000;0.000;0.0;0.0;0;14;0.000;0.000;11.3;0;0.0;0;0;0;0;0;99;0;0;4976;0.00;0;0;0;0;0;0;0;0;0;0;0;0;0;0;0;0;14;0;99.0;99.0;0;0;0.00;0.00;0.00;0.0;0.0
88.071;96;0;99;0;0.0;19.700;1.340;24;26;0;0;100;0;100;0;0;0;0;88;88;0;0.000;0.000;0.000;0.000;0.000;0.000;0.0;0.0;0;14;0.000;0.000;11.3;0;0.0;0;0;0;0;0;99;0;0;4976;0.00;0;0;0;0;0;0;0;0;0;0;0;0;0;0;0;0;14;0;99.0;99.0;0;0;0.00;0.00;0.00;0.0;0.0
88.141;96;0;99;0;0.0;19.700;1.340;24;26;0;0;100;0;100;0;0;0;0;88;88;0;0.000;0.000;0.000;0.000;0.000;0.000;0.0;0.0;0;14;0.000;0.000;11.3;0;0.0;0;0;0;0;0;99;0;0;4976;0.00;0;0;0;0;0;0;0;0;0;0;0;0;0;0;0;0;14;0;99.0;99.0;0;0;0.00;0.00;0.00;0.0;0.0
88.206;96;0;99;0;0.0;19.700;1.340;24;26;0;0;100;0;100;0;0;0;0;88;88;0;0.000;0.000;0.000;0.000;0.000;0.000;0.0;0.0;0;14;0.000;0.000;11.3;0;0.0;0;0;0;0;0;99;0;0;4976;0.00;0;0;0;0;0;0;0;0;0;0;0;0;0;0;0;0;14;0;99.0;99.0;0;0;0.00;0.00;0.00;0.0;0.0
88.271;97;0;99;0;0.0;19.700;1.340;24;26;0;0;100;0;100;0;0;0;0;88;88;0;0.000;0.000;0.000;0.000;0.000;0.000;0.0;0.0;0;14;0.000;0.000;11.3;0;0.0;0;0;0;0;0;99;0;0;4987;0.00;0;0;0;0;0;0;0;0;0;0;0;0;0;0;0;0;14;0;99.0;99.0;0;0;0.00;0.00;0.00;0.0;0.0
88.337;97;0;98;0;0.0;19.700;1.340;24;26;0;0;100;0;100;0;0;0;0;88;88;0;0.000;0.000;0.000;0.000;0.000;0.000;0.0;0.0;0;15;0.000;0.000;11.3;0;-0.1;0;0;0;0;0;99;0;0;4987;0.00;0;0;0;0;0;0;0;0;0;0;0;0;0;0;0;0;15;0;98.0;98.0;0;0;0.00;0.00;0.00;0.0;0.0
88.407;97;0;99;0;0.0;19.700;1.340;24;26;0;0;100;0;100;0;0;0;0;88;88;0;0.000;0.000;0.000;0.000;0.000;0.000;0.0;0.0;0;14;0.000;0.000;11.3;0;0.0;0;0;0;0;0;99;0;0;4987;0.00;0;0;0;0;0;0;0;0;0;0;0;0;0;0;0;0;14;0;99.0;99.0;0;0;0.00;0.00;0.00;0.0;0.0
88.472;97;0;99;0;0.0;19.700;1.340;24;26;0;0;100;0;100;0;0;0;0;88;88;0;0.000;0.000;0.000;0.000;0.000;0.000;0.0;0.0;0;14;0.000;0.000;11.3;0;0.0;0;0;0;0;0;99;0;0;4987;0.00;0;0;0;0;0;0;0;0;0;0;0;0;0;0;0;0;14;0;99.0;99.0;0;0;0.00;0.00;0.00;0.0;0.0
88.538;97;0;99;0;0.0;19.700;1.340;24;26;0;0;100;0;100;0;0;0;0;88;88;0;0.000;0.000;0.000;0.000;0.000;0.000;0.0;0.0;0;14;0.000;0.000;11.3;0;0.0;0;0;0;0;0;99;0;0;4987;0.00;0;0;0;0;0;0;0;0;0;0;0;0;0;0;0;0;14;0;99.0;99.0;0;0;0.00;0.00;0.00;0.0;0.0
88.604;97;0;99;0;0.0;19.700;1.340;24;26;0;0;100;0;100;0;0;0;0;88;88;0;0.000;0.000;0.000;0.000;0.000;0.000;0.0;0.0;0;14;0.000;0.000;11.3;0;0.0;0;0;0;0;0;99;0;0;4987;0.00;0;0;0;0;0;0;0;0;0;0;0;0;0;0;0;0;14;0;99.0;99.0;0;0;0.00;0.00;0.00;0.0;0.0
88.674;97;0;99;0;0.0;19.700;1.340;24;26;0;0;100;0;100;0;0;0;0;88;88;0;0.000;0.000;0.000;0.000;0.000;0.000;0.0;0.0;0;14;0.000;0.000;11.3;0;0.0;0;0;0;0;0;99;0;0;4987;0.00;0;0;0;0;0;0;0;0;0;0;0;0;0;0;0;0;14;0;99.0;99.0;0;0;0.00;0.00;0.00;0.0;0.0
88.743;97;0;99;0;0.0;19.700;1.340;24;26;0;0;100;0;100;0;0;0;0;88;88;0;0.000;0.000;0.000;0.000;0.000;0.000;0.0;0.0;0;14;0.000;0.000;11.3;0;0.0;0;0;0;0;0;99;0;0;4987;0.00;0;0;0;0;0;0;0;0;0;0;0;0;0;0;0;0;14;0;99.0;99.0;0;0;0.00;0.00;0.00;0.0;0.0
88.808;97;0;99;0;0.0;19.700;1.340;24;26;0;0;100;0;100;0;0;0;0;88;88;0;0.000;0.000;0.000;0.000;0.000;0.000;0.0;0.0;0;14;0.000;0.000;11.3;0;0.0;0;0;0;0;0;99;0;0;4987;0.00;0;0;0;0;0;0;0;0;0;0;0;0;0;0;0;0;14;0;99.0;99.0;0;0;0.00;0.00;0.00;0.0;0.0
88.874;97;0;99;0;0.0;19.700;1.340;24;26;0;0;100;0;100;0;0;0;0;88;88;0;0.000;0.000;0.000;0.000;0.000;0.000;0.0;0.0;0;14;0.000;0.000;11.3;0;0.0;0;0;0;0;0;99;0;0;4987;0.00;0;0;0;0;0;0;0;0;0;0;0;0;0;0;0;0;14;0;99.0;99.0;0;0;0.00;0.00;0.00;0.0;0.0
88.939;97;0;99;0;0.0;19.700;1.340;24;26;0;0;100;0;100;0;0;0;0;88;88;0;0.000;0.000;0.000;0.000;0.000;0.000;0.0;0.0;0;14;0.000;0.000;11.3;0;0.0;0;0;0;0;0;99;0;0;4987;0.00;0;0;0;0;0;0;0;0;0;0;0;0;0;0;0;0;14;0;99.0;99.0;0;0;0.00;0.00;0.00;0.0;0.0
89.005;97;0;99;0;0.0;19.700;1.340;24;26;0;0;100;0;100;0;0;0;0;88;88;0;0.000;0.000;0.000;0.000;0.000;0.000;0.0;0.0;0;14;0.000;0.000;11.3;0;0.0;0;0;0;0;0;99;0;0;4987;0.00;0;0;0;0;0;0;0;0;0;0;0;0;0;0;0;0;14;0;99.0;99.0;0;0;0.00;0.00;0.00;0.0;0.0
89.071;97;0;99;0;0.0;19.700;1.340;24;26;0;0;100;0;100;0;0;0;0;88;88;0;0.000;0.000;0.000;0.000;0.000;0.000;0.0;0.0;0;14;0.000;0.000;11.3;0;0.0;0;0;0;0;0;99;0;0;4987;0.00;0;0;0;0;0;0;0;0;0;0;0;0;0;0;0;0;14;0;99.0;99.0;0;0;0.00;0.00;0.00;0.0;0.0
89.140;97;0;99;0;0.0;19.700;1.340;24;26;0;0;100;0;100;0;0;0;0;88;88;0;0.000;0.000;0.000;0.000;0.000;0.000;0.0;0.0;0;14;0.000;0.000;11.3;0;0.0;0;0;0;0;0;99;0;0;4987;0.00;0;0;0;0;0;0;0;0;0;0;0;0;0;0;0;0;14;0;99.0;99.0;0;0;0.00;0.00;0.00;0.0;0.0
89.205;97;0;99;0;0.0;19.700;1.340;24;26;0;0;100;0;100;0;0;0;0;88;88;0;0.000;0.000;0.000;0.000;0.000;0.000;0.0;0.0;0;14;0.000;0.000;11.3;0;0.0;0;0;0;0;0;99;0;0;4987;0.00;0;0;0;0;0;0;0;0;0;0;0;0;0;0;0;0;14;0;99.0;99.0;0;0;0.00;0.00;0.00;0.0;0.0
89.271;97;0;99;0;0.0;19.700;1.340;24;26;0;0;100;0;100;0;0;0;0;88;88;0;0.000;0.000;0.000;0.000;0.000;0.000;0.0;0.0;0;14;0.000;0.000;11.3;0;0.0;0;0;0;0;0;99;0;0;4987;0.00;0;0;0;0;0;0;0;0;0;0;0;0;0;0;0;0;14;0;99.0;99.0;0;0;0.00;0.00;0.00;0.0;0.0
89.340;98;0;99;0;0.0;19.700;1.340;24;26;0;0;100;0;100;0;0;0;0;88;88;0;0.000;0.000;0.000;0.000;0.000;0.000;0.0;0.0;0;14;0.000;0.000;11.3;0;0.0;0;0;0;0;0;99;0;0;4961;0.00;0;0;0;0;0;0;0;0;0;0;0;0;0;0;0;0;14;0;99.0;99.0;0;0;0.00;0.00;0.00;0.0;0.0
89.406;98;0;99;0;0.0;19.700;1.340;24;26;0;0;100;0;100;0;0;0;0;88;88;0;0.000;0.000;0.000;0.000;0.000;0.000;0.0;0.0;0;14;0.000;0.000;11.3;0;0.0;0;0;0;0;0;99;0;0;4961;0.00;0;0;0;0;0;0;0;0;0;0;0;0;0;0;0;0;14;0;99.0;99.0;0;0;0.00;0.00;0.00;0.0;0.0
89.471;98;0;99;0;0.0;19.700;1.340;24;26;0;0;100;0;100;0;0;0;0;88;88;0;0.000;0.000;0.000;0.000;0.000;0.000;0.0;0.0;0;14;0.000;0.000;11.3;0;0.0;0;0;0;0;0;99;0;0;4961;0.00;0;0;0;0;0;0;0;0;0;0;0;0;0;0;0;0;14;0;99.0;99.0;0;0;0.00;0.00;0.00;0.0;0.0
89.538;98;0;99;0;0.0;19.700;1.340;24;26;0;0;100;0;100;0;0;0;0;88;88;0;0.000;0.000;0.000;0.000;0.000;0.000;0.0;0.0;0;14;0.000;0.000;11.3;0;0.0;0;0;0;0;0;99;0;0;4961;0.00;0;0;0;0;0;0;0;0;0;0;0;0;0;0;0;0;14;0;99.0;99.0;0;0;0.00;0.00;0.00;0.0;0.0
89.607;98;0;98;0;0.0;19.700;1.340;24;26;0;0;100;0;100;0;0;0;0;88;88;0;0.000;0.000;0.000;0.000;0.000;0.000;0.0;0.0;0;15;0.000;0.000;11.3;0;-0.1;0;0;0;0;0;99;0;0;4961;0.00;0;0;0;0;0;0;0;0;0;0;0;0;0;0;0;0;15;0;98.0;98.0;0;0;0.00;0.00;0.00;0.0;0.0
89.672;98;0;99;0;0.0;19.700;1.340;24;26;0;0;100;0;100;0;0;0;0;88;88;0;0.000;0.000;0.000;0.000;0.000;0.000;0.0;0.0;0;14;0.000;0.000;11.3;0;0.0;0;0;0;0;0;99;0;0;4961;0.00;0;0;0;0;0;0;0;0;0;0;0;0;0;0;0;0;14;0;99.0;99.0;0;0;0.00;0.00;0.00;0.0;0.0
89.738;98;0;99;0;0.0;19.700;1.340;24;26;0;0;100;0;100;0;0;0;0;88;88;0;0.000;0.000;0.000;0.000;0.000;0.000;0.0;0.0;0;14;0.000;0.000;11.3;0;0.0;0;0;0;0;0;99;0;0;4961;0.00;0;0;0;0;0;0;0;0;0;0;0;0;0;0;0;0;14;0;99.0;99.0;0;0;0.00;0.00;0.00;0.0;0.0
89.808;98;0;99;0;0.0;19.700;1.340;24;26;0;0;100;0;100;0;0;0;0;88;88;0;0.000;0.000;0.000;0.000;0.000;0.000;0.0;0.0;0;14;0.000;0.000;11.3;0;0.0;0;0;0;0;0;99;0;0;4961;0.00;0;0;0;0;0;0;0;0;0;0;0;0;0;0;0;0;14;0;99.0;99.0;0;0;0.00;0.00;0.00;0.0;0.0
89.873;98;0;99;0;0.0;19.700;1.340;24;26;0;0;100;0;100;0;0;0;0;88;88;0;0.000;0.000;0.000;0.000;0.000;0.000;0.0;0.0;0;14;0.000;0.000;11.3;0;0.0;0;0;0;0;0;99;0;0;4961;0.00;0;0;0;0;0;0;0;0;0;0;0;0;0;0;0;0;14;0;99.0;99.0;0;0;0.00;0.00;0.00;0.0;0.0
89.938;98;0;99;0;0.0;19.700;1.340;24;26;0;0;100;0;100;0;0;0;0;88;88;0;0.000;0.000;0.000;0.000;0.000;0.000;0.0;0.0;0;14;0.000;0.000;11.3;0;0.0;0;0;0;0;0;99;0;0;4961;0.00;0;0;0;0;0;0;0;0;0;0;0;0;0;0;0;0;14;0;99.0;99.0;0;0;0.00;0.00;0.00;0.0;0.0
90.005;98;0;99;0;0.0;19.700;1.340;24;26;0;0;100;0;100;0;0;0;0;88;88;0;0.000;0.000;0.000;0.000;0.000;0.000;0.0;0.0;0;14;0.000;0.000;11.3;0;0.0;0;0;0;0;0;99;0;0;4961;0.00;0;0;0;0;0;0;0;0;0;0;0;0;0;0;0;0;14;0;99.0;99.0;0;0;0.00;0.00;0.00;0.0;0.0
90.074;98;0;99;0;0.0;19.700;1.340;24;26;0;0;100;0;100;0;0;0;0;88;88;0;0.000;0.000;0.000;0.000;0.000;0.000;0.0;0.0;0;14;0.000;0.000;11.3;0;0.0;0;0;0;0;0;99;0;0;4961;0.00;0;0;0;0;0;0;0;0;0;0;0;0;0;0;0;0;14;0;99.0;99.0;0;0;0.00;0.00;0.00;0.0;0.0
90.139;98;0;99;0;0.0;19.700;1.340;24;26;0;0;100;0;100;0;0;0;0;88;88;0;0.000;0.000;0.000;0.000;0.000;0.000;0.0;0.0;0;14;0.000;0.000;11.3;0;0.0;0;0;0;0;0;99;0;0;4961;0.00;0;0;0;0;0;0;0;0;0;0;0;0;0;0;0;0;14;0;99.0;99.0;0;0;0.00;0.00;0.00;0.0;0.0
90.205;98;0;99;0;0.0;19.700;1.340;24;26;0;0;100;0;100;0;0;0;0;88;88;0;0.000;0.000;0.000;0.000;0.000;0.000;0.0;0.0;0;14;0.000;0.000;11.3;0;0.0;0;0;0;0;0;99;0;0;4961;0.00;0;0;0;0;0;0;0;0;0;0;0;0;0;0;0;0;14;0;99.0;99.0;0;0;0.00;0.00;0.00;0.0;0.0
90.274;98;0;99;0;0.0;19.700;1.340;24;26;0;0;100;0;100;0;0;0;0;88;88;0;0.000;0.000;0.000;0.000;0.000;0.000;0.0;0.0;0;14;0.000;0.000;11.3;0;0.0;0;0;0;0;0;99;0;0;4961;0.00;0;0;0;0;0;0;0;0;0;0;0;0;0;0;0;0;14;0;99.0;99.0;0;0;0.00;0.00;0.00;0.0;0.0
90.340;99;0;99;0;0.0;19.700;1.340;24;26;0;0;100;0;100;0;0;0;0;88;88;0;0.000;0.000;0.000;0.000;0.000;0.000;0.0;0.0;0;14;0.000;0.000;11.3;0;0.0;0;0;0;0;0;99;0;0;4977;0.00;0;0;0;0;0;0;0;0;0;0;0;0;0;0;0;0;14;0;99.0;99.0;0;0;0.00;0.00;0.00;0.0;0.0
90.409;99;0;99;0;0.0;19.700;1.340;24;26;0;0;100;0;100;0;0;0;0;88;88;0;0.000;0.000;0.000;0.000;0.000;0.000;0.0;0.0;0;14;0.000;0.000;11.3;0;0.0;0;0;0;0;0;99;0;0;4977;0.00;0;0;0;0;0;0;0;0;0;0;0;0;0;0;0;0;14;0;99.0;99.0;0;0;0.00;0.00;0.00;0.0;0.0
90.475;99;0;99;0;0.0;19.700;1.340;24;26;0;0;100;0;100;0;0;0;0;88;88;0;0.000;0.000;0.000;0.000;0.000;0.000;0.0;0.0;0;14;0.000;0.000;11.3;0;0.0;0;0;0;0;0;99;0;0;4977;0.00;0;0;0;0;0;0;0;0;0;0;0;0;0;0;0;0;14;0;99.0;99.0;0;0;0.00;0.00;0.00;0.0;0.0
90.540;99;0;99;0;0.0;19.700;1.340;24;26;0;0;100;0;100;0;0;0;0;88;88;0;0.000;0.000;0.000;0.000;0.000;0.000;0.0;0.0;0;14;0.000;0.000;11.3;0;0.0;0;0;0;0;0;99;0;0;4977;0.00;0;0;0;0;0;0;0;0;0;0;0;0;0;0;0;0;14;0;99.0;99.0;0;0;0.00;0.00;0.00;0.0;0.0
90.605;99;0;99;0;0.0;19.700;1.340;24;26;0;0;100;0;100;0;0;0;0;88;88;0;0.000;0.000;0.000;0.000;0.000;0.000;0.0;0.0;0;14;0.000;0.000;11.3;0;0.0;0;0;0;0;0;99;0;0;4977;0.00;0;0;0;0;0;0;0;0;0;0;0;0;0;0;0;0;14;0;99.0;99.0;0;0;0.00;0.00;0.00;0.0;0.0
90.671;99;0;99;0;0.0;19.700;1.340;24;26;0;0;100;0;100;0;0;0;0;88;88;0;0.000;0.000;0.000;0.000;0.000;0.000;0.0;0.0;0;14;0.000;0.000;11.3;0;0.0;0;0;0;0;0;99;0;0;4977;0.00;0;0;0;0;0;0;0;0;0;0;0;0;0;0;0;0;14;0;99.0;99.0;0;0;0.00;0.00;0.00;0.0;0.0
90.741;99;0;98;0;0.0;19.700;1.340;24;26;0;0;100;0;100;0;0;0;0;88;88;0;0.000;0.000;0.000;0.000;0.000;0.000;0.0;0.0;0;15;0.000;0.000;11.3;0;-0.1;0;0;0;0;0;99;0;0;4977;0.00;0;0;0;0;0;0;0;0;0;0;0;0;0;0;0;0;15;0;98.0;98.0;0;0;0.00;0.00;0.00;0.0;0.0
90.807;99;0;99;0;0.0;19.700;1.340;24;26;0;0;100;0;100;0;0;0;0;88;88;0;0.000;0.000;0.000;0.000;0.000;0.000;0.0;0.0;0;14;0.000;0.000;11.3;0;0.0;0;0;0;0;0;99;0;0;4977;0.00;0;0;0;0;0;0;0;0;0;0;0;0;0;0;0;0;14;0;99.0;99.0;0;0;0.00;0.00;0.00;0.0;0.0
90.872;99;0;99;0;0.0;19.700;1.340;24;26;0;0;100;0;100;0;0;0;0;88;88;0;0.000;0.000;0.000;0.000;0.000;0.000;0.0;0.0;0;14;0.000;0.000;11.3;0;0.0;0;0;0;0;0;99;0;0;4977;0.00;0;0;0;0;0;0;0;0;0;0;0;0;0;0;0;0;14;0;99.0;99.0;0;0;0.00;0.00;0.00;0.0;0.0
90.939;99;0;99;0;0.0;19.700;1.340;24;26;0;0;100;0;100;0;0;0;0;88;88;0;0.000;0.000;0.000;0.000;0.000;0.000;0.0;0.0;0;14;0.000;0.000;11.3;0;0.0;0;0;0;0;0;99;0;0;4977;0.00;0;0;0;0;0;0;0;0;0;0;0;0;0;0;0;0;14;0;99.0;99.0;0;0;0.00;0.00;0.00;0.0;0.0
91.008;99;0;99;0;0.0;19.700;1.340;24;26;0;0;100;0;100;0;0;0;0;88;88;0;0.000;0.000;0.000;0.000;0.000;0.000;0.0;0.0;0;14;0.000;0.000;11.3;0;0.0;0;0;0;0;0;99;0;0;4977;0.00;0;0;0;0;0;0;0;0;0;0;0;0;0;0;0;0;14;0;99.0;99.0;0;0;0.00;0.00;0.00;0.0;0.0
91.074;99;0;99;0;0.0;19.700;1.340;24;26;0;0;100;0;100;0;0;0;0;88;88;0;0.000;0.000;0.000;0.000;0.000;0.000;0.0;0.0;0;14;0.000;0.000;11.3;0;0.0;0;0;0;0;0;99;0;0;4977;0.00;0;0;0;0;0;0;0;0;0;0;0;0;0;0;0;0;14;0;99.0;99.0;0;0;0.00;0.00;0.00;0.0;0.0
91.143;99;0;99;0;0.0;19.700;1.340;24;26;0;0;100;0;100;0;0;0;0;88;88;0;0.000;0.000;0.000;0.000;0.000;0.000;0.0;0.0;0;14;0.000;0.000;11.3;0;0.0;0;0;0;0;0;99;0;0;4977;0.00;0;0;0;0;0;0;0;0;0;0;0;0;0;0;0;0;14;0;99.0;99.0;0;0;0.00;0.00;0.00;0.0;0.0
91.207;99;0;99;0;0.0;19.700;1.340;24;26;0;0;100;0;100;0;0;0;0;88;88;0;0.000;0.000;0.000;0.000;0.000;0.000;0.0;0.0;0;14;0.000;0.000;11.3;0;0.0;0;0;0;0;0;99;0;0;4977;0.00;0;0;0;0;0;0;0;0;0;0;0;0;0;0;0;0;14;0;99.0;99.0;0;0;0.00;0.00;0.00;0.0;0.0
91.274;99;0;99;0;0.0;19.700;1.340;24;26;0;0;100;0;100;0;0;0;0;88;88;0;0.000;0.000;0.000;0.000;0.000;0.000;0.0;0.0;0;14;0.000;0.000;11.3;0;0.0;0;0;0;0;0;99;0;0;4977;0.00;0;0;0;0;0;0;0;0;0;0;0;0;0;0;0;0;14;0;99.0;99.0;0;0;0.00;0.00;0.00;0.0;0.0
91.339;100;0;99;0;0.0;19.700;1.340;24;26;0;0;100;0;100;0;0;0;0;88;88;0;0.000;0.000;0.000;0.000;0.000;0.000;0.0;0.0;0;14;0.000;0.000;11.3;0;0.0;0;0;0;0;0;99;0;0;4976;0.00;0;0;0;0;0;0;0;0;0;0;0;0;0;0;0;0;14;0;99.0;99.0;0;0;0.00;0.00;0.00;0.0;0.0
91.405;100;0;99;0;0.0;19.700;1.340;24;26;0;0;100;0;100;0;0;0;0;88;88;0;0.000;0.000;0.000;0.000;0.000;0.000;0.0;0.0;0;14;0.000;0.000;11.3;0;0.0;0;0;0;0;0;99;0;0;4976;0.00;0;0;0;0;0;0;0;0;0;0;0;0;0;0;0;0;14;0;99.0;99.0;0;0;0.00;0.00;0.00;0.0;0.0
91.471;100;0;99;0;0.0;19.700;1.340;24;26;0;0;100;0;100;0;0;0;0;88;88;0;0.000;0.000;0.000;0.000;0.000;0.000;0.0;0.0;0;14;0.000;0.000;11.3;0;0.0;0;0;0;0;0;99;0;0;4976;0.00;0;0;0;0;0;0;0;0;0;0;0;0;0;0;0;0;14;0;99.0;99.0;0;0;0.00;0.00;0.00;0.0;0.0
91.540;100;0;99;0;0.0;19.700;1.340;24;26;0;0;100;0;100;0;0;0;0;88;88;0;0.000;0.000;0.000;0.000;0.000;0.000;0.0;0.0;0;14;0.000;0.000;11.3;0;0.0;0;0;0;0;0;99;0;0;4976;0.00;0;0;0;0;0;0;0;0;0;0;0;0;0;0;0;0;14;0;99.0;99.0;0;0;0.00;0.00;0.00;0.0;0.0
91.609;100;0;99;0;0.0;19.700;1.340;24;26;0;0;100;0;100;0;0;0;0;88;88;0;0.000;0.000;0.000;0.000;0.000;0.000;0.0;0.0;0;14;0.000;0.000;11.3;0;0.0;0;0;0;0;0;99;0;0;4976;0.00;0;0;0;0;0;0;0;0;0;0;0;0;0;0;0;0;14;0;99.0;99.0;0;0;0.00;0.00;0.00;0.0;0.0
91.674;100;0;99;0;0.0;19.700;1.340;24;26;0;0;100;0;100;0;0;0;0;88;88;0;0.000;0.000;0.000;0.000;0.000;0.000;0.0;0.0;0;14;0.000;0.000;11.3;0;0.0;0;0;0;0;0;99;0;0;4976;0.00;0;0;0;0;0;0;0;0;0;0;0;0;0;0;0;0;14;0;99.0;99.0;0;0;0.00;0.00;0.00;0.0;0.0
91.740;100;0;99;0;0.0;19.700;1.340;24;26;0;0;100;0;100;0;0;0;0;88;88;0;0.000;0.000;0.000;0.000;0.000;0.000;0.0;0.0;0;14;0.000;0.000;11.3;0;0.0;0;0;0;0;0;99;0;0;4976;0.00;0;0;0;0;0;0;0;0;0;0;0;0;0;0;0;0;14;0;99.0;99.0;0;0;0.00;0.00;0.00;0.0;0.0
91.807;100;0;99;0;0.0;19.700;1.340;24;26;0;0;100;0;100;0;0;0;0;88;88;0;0.000;0.000;0.000;0.000;0.000;0.000;0.0;0.0;0;14;0.000;0.000;11.3;0;0.0;0;0;0;0;0;99;0;0;4976;0.00;0;0;0;0;0;0;0;0;0;0;0;0;0;0;0;0;14;0;99.0;99.0;0;0;0.00;0.00;0.00;0.0;0.0
91.872;100;0;99;0;0.0;19.700;1.340;24;26;0;0;100;0;100;0;0;0;0;88;88;0;0.000;0.000;0.000;0.000;0.000;0.000;0.0;0.0;0;14;0.000;0.000;11.3;0;0.0;0;0;0;0;0;99;0;0;4976;0.00;0;0;0;0;0;0;0;0;0;0;0;0;0;0;0;0;14;0;99.0;99.0;0;0;0.00;0.00;0.00;0.0;0.0
91.941;100;0;99;0;0.0;19.700;1.340;24;26;0;0;100;0;100;0;0;0;0;88;88;0;0.000;0.000;0.000;0.000;0.000;0.000;0.0;0.0;0;14;0.000;0.000;11.3;0;0.0;0;0;0;0;0;99;0;0;4976;0.00;0;0;0;0;0;0;0;0;0;0;0;0;0;0;0;0;14;0;99.0;99.0;0;0;0.00;0.00;0.00;0.0;0.0
92.010;100;0;99;0;0.0;19.700;1.340;24;26;0;0;100;0;100;0;0;0;0;88;88;0;0.000;0.000;0.000;0.000;0.000;0.000;0.0;0.0;0;14;0.000;0.000;11.3;0;0.0;0;0;0;0;0;99;0;0;4976;0.00;0;0;0;0;0;0;0;0;0;0;0;0;0;0;0;0;14;0;99.0;99.0;0;0;0.00;0.00;0.00;0.0;0.0
92.076;100;0;99;0;0.0;19.700;1.340;24;26;0;0;100;0;100;0;0;0;0;88;88;0;0.000;0.000;0.000;0.000;0.000;0.000;0.0;0.0;0;14;0.000;0.000;11.3;0;0.0;0;0;0;0;0;99;0;0;4976;0.00;0;0;0;0;0;0;0;0;0;0;0;0;0;0;0;0;14;0;99.0;99.0;0;0;0.00;0.00;0.00;0.0;0.0
92.142;100;0;99;0;0.0;19.700;1.340;24;26;0;0;100;0;100;0;0;0;0;88;88;0;0.000;0.000;0.000;0.000;0.000;0.000;0.0;0.0;0;14;0.000;0.000;11.3;0;0.0;0;0;0;0;0;99;0;0;4976;0.00;0;0;0;0;0;0;0;0;0;0;0;0;0;0;0;0;14;0;99.0;99.0;0;0;0.00;0.00;0.00;0.0;0.0
92.207;100;0;99;0;0.0;19.700;1.340;24;26;0;0;100;0;100;0;0;0;0;88;88;0;0.000;0.000;0.000;0.000;0.000;0.000;0.0;0.0;0;14;0.000;0.000;11.3;0;0.0;0;0;0;0;0;99;0;0;4976;0.00;0;0;0;0;0;0;0;0;0;0;0;0;0;0;0;0;14;0;99.0;99.0;0;0;0.00;0.00;0.00;0.0;0.0
92.273;100;0;99;0;0.0;19.700;1.340;24;26;0;0;100;0;100;0;0;0;0;88;88;0;0.000;0.000;0.000;0.000;0.000;0.000;0.0;0.0;0;14;0.000;0.000;11.3;0;0.0;0;0;0;0;0;99;0;0;4976;0.00;0;0;0;0;0;0;0;0;0;0;0;0;0;0;0;0;14;0;99.0;99.0;0;0;0.00;0.00;0.00;0.0;0.0
92.338;101;0;99;0;0.0;19.700;1.340;24;26;0;0;100;0;100;0;0;0;0;88;88;0;0.000;0.000;0.000;0.000;0.000;0.000;0.0;0.0;0;14;0.000;0.000;11.3;0;0.0;0;0;0;0;0;99;0;0;4982;0.00;0;0;0;0;0;0;0;0;0;0;0;0;0;0;0;0;14;0;99.0;99.0;0;0;0.00;0.00;0.00;0.0;0.0
92.404;101;0;99;0;0.0;19.700;1.340;24;26;0;0;100;0;100;0;0;0;0;88;88;0;0.000;0.000;0.000;0.000;0.000;0.000;0.0;0.0;0;14;0.000;0.000;11.3;0;0.0;0;0;0;0;0;99;0;0;4982;0.00;0;0;0;0;0;0;0;0;0;0;0;0;0;0;0;0;14;0;99.0;99.0;0;0;0.00;0.00;0.00;0.0;0.0
92.474;101;0;99;0;0.0;19.700;1.340;24;26;0;0;100;0;100;0;0;0;0;88;88;0;0.000;0.000;0.000;0.000;0.000;0.000;0.0;0.0;0;14;0.000;0.000;11.3;0;0.0;0;0;0;0;0;99;0;0;4982;0.00;0;0;0;0;0;0;0;0;0;0;0;0;0;0;0;0;14;0;99.0;99.0;0;0;0.00;0.00;0.00;0.0;0.0
92.539;101;0;99;0;0.0;19.700;1.340;24;26;0;0;100;0;100;0;0;0;0;88;88;0;0.000;0.000;0.000;0.000;0.000;0.000;0.0;0.0;0;14;0.000;0.000;11.3;0;0.0;0;0;0;0;0;99;0;0;4982;0.00;0;0;0;0;0;0;0;0;0;0;0;0;0;0;0;0;14;0;99.0;99.0;0;0;0.00;0.00;0.00;0.0;0.0
92.605;101;0;99;0;0.0;19.700;1.340;24;26;0;0;100;0;100;0;0;0;0;88;88;0;0.000;0.000;0.000;0.000;0.000;0.000;0.0;0.0;0;14;0.000;0.000;11.3;0;0.0;0;0;0;0;0;99;0;0;4982;0.00;0;0;0;0;0;0;0;0;0;0;0;0;0;0;0;0;14;0;99.0;99.0;0;0;0.00;0.00;0.00;0.0;0.0
92.671;101;0;99;0;0.0;19.700;1.340;24;26;0;0;100;0;100;0;0;0;0;88;88;0;0.000;0.000;0.000;0.000;0.000;0.000;0.0;0.0;0;14;0.000;0.000;11.3;0;0.0;0;0;0;0;0;99;0;0;4982;0.00;0;0;0;0;0;0;0;0;0;0;0;0;0;0;0;0;14;0;99.0;99.0;0;0;0.00;0.00;0.00;0.0;0.0
92.740;101;0;99;0;0.0;19.700;1.340;24;26;0;0;100;0;100;0;0;0;0;88;88;0;0.000;0.000;0.000;0.000;0.000;0.000;0.0;0.0;0;14;0.000;0.000;11.3;0;0.0;0;0;0;0;0;99;0;0;4982;0.00;0;0;0;0;0;0;0;0;0;0;0;0;0;0;0;0;14;0;99.0;99.0;0;0;0.00;0.00;0.00;0.0;0.0
92.807;101;0;99;0;0.0;19.700;1.340;24;26;0;0;100;0;100;0;0;0;0;88;88;0;0.000;0.000;0.000;0.000;0.000;0.000;0.0;0.0;0;14;0.000;0.000;11.3;0;0.0;0;0;0;0;0;99;0;0;4982;0.00;0;0;0;0;0;0;0;0;0;0;0;0;0;0;0;0;14;0;99.0;99.0;0;0;0.00;0.00;0.00;0.0;0.0
92.872;101;0;99;0;0.0;19.700;1.340;24;26;0;0;100;0;100;0;0;0;0;88;88;0;0.000;0.000;0.000;0.000;0.000;0.000;0.0;0.0;0;14;0.000;0.000;11.3;0;0.0;0;0;0;0;0;99;0;0;4982;0.00;0;0;0;0;0;0;0;0;0;0;0;0;0;0;0;0;14;0;99.0;99.0;0;0;0.00;0.00;0.00;0.0;0.0
92.940;101;0;99;0;0.0;19.700;1.340;24;26;0;0;100;0;100;0;0;0;0;88;88;0;0.000;0.000;0.000;0.000;0.000;0.000;0.0;0.0;0;14;0.000;0.000;11.3;0;0.0;0;0;0;0;0;99;0;0;4982;0.00;0;0;0;0;0;0;0;0;0;0;0;0;0;0;0;0;14;0;99.0;99.0;0;0;0.00;0.00;0.00;0.0;0.0
93.007;101;0;99;0;0.0;19.700;1.340;24;26;0;0;100;0;100;0;0;0;0;88;88;0;0.000;0.000;0.000;0.000;0.000;0.000;0.0;0.0;0;14;0.000;0.000;11.3;0;0.0;0;0;0;0;0;99;0;0;4982;0.00;0;0;0;0;0;0;0;0;0;0;0;0;0;0;0;0;14;0;99.0;99.0;0;0;0.00;0.00;0.00;0.0;0.0
93.072;101;0;99;0;0.0;19.700;1.340;24;26;0;0;100;0;100;0;0;0;0;88;88;0;0.000;0.000;0.000;0.000;0.000;0.000;0.0;0.0;0;14;0.000;0.000;11.3;0;0.0;0;0;0;0;0;99;0;0;4982;0.00;0;0;0;0;0;0;0;0;0;0;0;0;0;0;0;0;14;0;99.0;99.0;0;0;0.00;0.00;0.00;0.0;0.0
93.137;101;0;99;0;0.0;19.700;1.340;24;26;0;0;100;0;100;0;0;0;0;88;88;0;0.000;0.000;0.000;0.000;0.000;0.000;0.0;0.0;0;14;0.000;0.000;11.3;0;0.0;0;0;0;0;0;99;0;0;4982;0.00;0;0;0;0;0;0;0;0;0;0;0;0;0;0;0;0;14;0;99.0;99.0;0;0;0.00;0.00;0.00;0.0;0.0
93.207;101;0;99;0;0.0;19.700;1.340;24;26;0;0;100;0;100;0;0;0;0;88;88;0;0.000;0.000;0.000;0.000;0.000;0.000;0.0;0.0;0;14;0.000;0.000;11.3;0;0.0;0;0;0;0;0;99;0;0;4982;0.00;0;0;0;0;0;0;0;0;0;0;0;0;0;0;0;0;14;0;99.0;99.0;0;0;0.00;0.00;0.00;0.0;0.0
93.272;101;0;99;0;0.0;19.700;1.340;24;26;0;0;100;0;100;0;0;0;0;88;88;0;0.000;0.000;0.000;0.000;0.000;0.000;0.0;0.0;0;14;0.000;0.000;11.3;0;0.0;0;0;0;0;0;99;0;0;4982;0.00;0;0;0;0;0;0;0;0;0;0;0;0;0;0;0;0;14;0;99.0;99.0;0;0;0.00;0.00;0.00;0.0;0.0
93.339;101;0;98;0;0.0;19.700;1.340;24;26;0;0;100;0;100;0;0;0;0;88;88;0;0.000;0.000;0.000;0.000;0.000;0.000;0.0;0.0;0;15;0.000;0.000;11.3;0;-0.1;0;0;0;0;0;99;0;0;4982;0.00;0;0;0;0;0;0;0;0;0;0;0;0;0;0;0;0;15;0;98.0;98.0;0;0;0.00;0.00;0.00;0.0;0.0
93.407;102;0;99;0;0.0;19.700;1.340;24;26;0;0;100;0;100;0;0;0;0;88;88;0;0.000;0.000;0.000;0.000;0.000;0.000;0.0;0.0;0;14;0.000;0.000;11.3;0;0.0;0;0;0;0;0;99;0;0;4966;0.00;0;0;0;0;0;0;0;0;0;0;0;0;0;0;0;0;14;0;99.0;99.0;0;0;0.00;0.00;0.00;0.0;0.0
93.472;102;0;99;0;0.0;19.700;1.340;24;26;0;0;100;0;100;0;0;0;0;88;88;0;0.000;0.000;0.000;0.000;0.000;0.000;0.0;0.0;0;14;0.000;0.000;11.3;0;0.0;0;0;0;0;0;99;0;0;4966;0.00;0;0;0;0;0;0;0;0;0;0;0;0;0;0;0;0;14;0;99.0;99.0;0;0;0.00;0.00;0.00;0.0;0.0
93.538;102;0;99;0;0.0;19.700;1.340;24;26;0;0;100;0;100;0;0;0;0;88;88;0;0.000;0.000;0.000;0.000;0.000;0.000;0.0;0.0;0;14;0.000;0.000;11.3;0;0.0;0;0;0;0;0;99;0;0;4966;0.00;0;0;0;0;0;0;0;0;0;0;0;0;0;0;0;0;14;0;99.0;99.0;0;0;0.00;0.00;0.00;0.0;0.0
93.604;102;0;99;0;0.0;19.700;1.340;24;26;0;0;100;0;100;0;0;0;0;88;88;0;0.000;0.000;0.000;0.000;0.000;0.000;0.0;0.0;0;14;0.000;0.000;11.3;0;0.0;0;0;0;0;0;99;0;0;4966;0.00;0;0;0;0;0;0;0;0;0;0;0;0;0;0;0;0;14;0;99.0;99.0;0;0;0.00;0.00;0.00;0.0;0.0
93.673;102;0;99;0;0.0;19.700;1.340;24;26;0;0;100;0;100;0;0;0;0;88;88;0;0.000;0.000;0.000;0.000;0.000;0.000;0.0;0.0;0;14;0.000;0.000;11.3;0;0.0;0;0;0;0;0;99;0;0;4966;0.00;0;0;0;0;0;0;0;0;0;0;0;0;0;0;0;0;14;0;99.0;99.0;0;0;0.00;0.00;0.00;0.0;0.0
93.739;102;0;99;0;0.0;19.700;1.340;24;26;0;0;100;0;100;0;0;0;0;88;88;0;0.000;0.000;0.000;0.000;0.000;0.000;0.0;0.0;0;14;0.000;0.000;11.3;0;0.0;0;0;0;0;0;99;0;0;4966;0.00;0;0;0;0;0;0;0;0;0;0;0;0;0;0;0;0;14;0;99.0;99.0;0;0;0.00;0.00;0.00;0.0;0.0
93.805;102;0;99;0;0.0;19.700;1.340;24;26;0;0;100;0;100;0;0;0;0;88;88;0;0.000;0.000;0.000;0.000;0.000;0.000;0.0;0.0;0;14;0.000;0.000;11.3;0;0.0;0;0;0;0;0;99;0;0;4966;0.00;0;0;0;0;0;0;0;0;0;0;0;0;0;0;0;0;14;0;99.0;99.0;0;0;0.00;0.00;0.00;0.0;0.0
93.874;102;0;99;0;0.0;19.700;1.340;24;26;0;0;100;0;100;0;0;0;0;88;88;0;0.000;0.000;0.000;0.000;0.000;0.000;0.0;0.0;0;14;0.000;0.000;11.3;0;0.0;0;0;0;0;0;99;0;0;4966;0.00;0;0;0;0;0;0;0;0;0;0;0;0;0;0;0;0;14;0;99.0;99.0;0;0;0.00;0.00;0.00;0.0;0.0
93.940;102;0;99;0;0.0;19.700;1.340;24;26;0;0;100;0;100;0;0;0;0;88;88;0;0.000;0.000;0.000;0.000;0.000;0.000;0.0;0.0;0;14;0.000;0.000;11.3;0;0.0;0;0;0;0;0;99;0;0;4966;0.00;0;0;0;0;0;0;0;0;0;0;0;0;0;0;0;0;14;0;99.0;99.0;0;0;0.00;0.00;0.00;0.0;0.0
94.006;102;0;99;0;0.0;19.700;1.340;24;26;0;0;100;0;100;0;0;0;0;88;88;0;0.000;0.000;0.000;0.000;0.000;0.000;0.0;0.0;0;14;0.000;0.000;11.3;0;0.0;0;0;0;0;0;99;0;0;4966;0.00;0;0;0;0;0;0;0;0;0;0;0;0;0;0;0;0;14;0;99.0;99.0;0;0;0.00;0.00;0.00;0.0;0.0
94.074;102;0;99;0;0.0;19.700;1.340;24;26;0;0;100;0;100;0;0;0;0;88;88;0;0.000;0.000;0.000;0.000;0.000;0.000;0.0;0.0;0;14;0.000;0.000;11.3;0;0.0;0;0;0;0;0;99;0;0;4966;0.00;0;0;0;0;0;0;0;0;0;0;0;0;0;0;0;0;14;0;99.0;99.0;0;0;0.00;0.00;0.00;0.0;0.0
94.141;102;0;99;0;0.0;19.700;1.340;24;26;0;0;100;0;100;0;0;0;0;88;88;0;0.000;0.000;0.000;0.000;0.000;0.000;0.0;0.0;0;14;0.000;0.000;11.3;0;0.0;0;0;0;0;0;99;0;0;4966;0.00;0;0;0;0;0;0;0;0;0;0;0;0;0;0;0;0;14;0;99.0;99.0;0;0;0.00;0.00;0.00;0.0;0.0
94.206;102;0;99;0;0.0;19.700;1.340;24;26;0;0;100;0;100;0;0;0;0;88;88;0;0.000;0.000;0.000;0.000;0.000;0.000;0.0;0.0;0;14;0.000;0.000;11.3;0;0.0;0;0;0;0;0;99;0;0;4966;0.00;0;0;0;0;0;0;0;0;0;0;0;0;0;0;0;0;14;0;99.0;99.0;0;0;0.00;0.00;0.00;0.0;0.0
94.276;102;0;99;0;0.0;19.700;1.340;24;26;0;0;100;0;100;0;0;0;0;88;88;0;0.000;0.000;0.000;0.000;0.000;0.000;0.0;0.0;0;14;0.000;0.000;11.3;0;0.0;0;0;0;0;0;99;0;0;4966;0.00;0;0;0;0;0;0;0;0;0;0;0;0;0;0;0;0;14;0;99.0;99.0;0;0;0.00;0.00;0.00;0.0;0.0
94.341;102;0;99;0;0.0;19.700;1.340;24;26;0;0;100;0;100;0;0;0;0;88;88;0;0.000;0.000;0.000;0.000;0.000;0.000;0.0;0.0;0;14;0.000;0.000;11.3;0;0.0;0;0;0;0;0;99;0;0;4966;0.00;0;0;0;0;0;0;0;0;0;0;0;0;0;0;0;0;14;0;99.0;99.0;0;0;0.00;0.00;0.00;0.0;0.0
94.407;103;0;99;0;0.0;19.700;1.340;24;26;0;0;100;0;100;0;0;0;0;88;88;0;0.000;0.000;0.000;0.000;0.000;0.000;0.0;0.0;0;14;0.000;0.000;11.3;0;0.0;0;0;0;0;0;99;0;0;4973;0.00;0;0;0;0;0;0;0;0;0;0;0;0;0;0;0;0;14;0;99.0;99.0;0;0;0.00;0.00;0.00;0.0;0.0
94.472;103;0;99;0;0.0;19.700;1.340;24;26;0;0;100;0;100;0;0;0;0;88;88;0;0.000;0.000;0.000;0.000;0.000;0.000;0.0;0.0;0;14;0.000;0.000;11.3;0;0.0;0;0;0;0;0;99;0;0;4973;0.00;0;0;0;0;0;0;0;0;0;0;0;0;0;0;0;0;14;0;99.0;99.0;0;0;0.00;0.00;0.00;0.0;0.0
94.543;103;0;99;0;0.0;19.700;1.340;24;26;0;0;100;0;100;0;0;0;0;88;88;0;0.000;0.000;0.000;0.000;0.000;0.000;0.0;0.0;0;14;0.000;0.000;11.3;0;0.0;0;0;0;0;0;99;0;0;4973;0.00;0;0;0;0;0;0;0;0;0;0;0;0;0;0;0;0;14;0;99.0;99.0;0;0;0.00;0.00;0.00;0.0;0.0
94.607;103;0;99;0;0.0;19.700;1.340;24;26;0;0;100;0;100;0;0;0;0;88;88;0;0.000;0.000;0.000;0.000;0.000;0.000;0.0;0.0;0;14;0.000;0.000;11.3;0;0.0;0;0;0;0;0;99;0;0;4973;0.00;0;0;0;0;0;0;0;0;0;0;0;0;0;0;0;0;14;0;99.0;99.0;0;0;0.00;0.00;0.00;0.0;0.0
94.674;103;0;99;0;0.0;19.700;1.340;24;26;0;0;100;0;100;0;0;0;0;88;88;0;0.000;0.000;0.000;0.000;0.000;0.000;0.0;0.0;0;14;0.000;0.000;11.3;0;0.0;0;0;0;0;0;99;0;0;4973;0.00;0;0;0;0;0;0;0;0;0;0;0;0;0;0;0;0;14;0;99.0;99.0;0;0;0.00;0.00;0.00;0.0;0.0
94.738;103;0;99;0;0.0;19.700;1.340;24;26;0;0;100;0;100;0;0;0;0;88;88;0;0.000;0.000;0.000;0.000;0.000;0.000;0.0;0.0;0;14;0.000;0.000;11.3;0;0.0;0;0;0;0;0;99;0;0;4973;0.00;0;0;0;0;0;0;0;0;0;0;0;0;0;0;0;0;14;0;99.0;99.0;0;0;0.00;0.00;0.00;0.0;0.0
94.804;103;0;99;0;0.0;19.700;1.340;24;26;0;0;100;0;100;0;0;0;0;88;88;0;0.000;0.000;0.000;0.000;0.000;0.000;0.0;0.0;0;14;0.000;0.000;11.3;0;0.0;0;0;0;0;0;99;0;0;4973;0.00;0;0;0;0;0;0;0;0;0;0;0;0;0;0;0;0;14;0;99.0;99.0;0;0;0.00;0.00;0.00;0.0;0.0
94.874;103;0;99;0;0.0;19.700;1.340;24;26;0;0;100;0;100;0;0;0;0;88;88;0;0.000;0.000;0.000;0.000;0.000;0.000;0.0;0.0;0;14;0.000;0.000;11.3;0;0.0;0;0;0;0;0;99;0;0;4973;0.00;0;0;0;0;0;0;0;0;0;0;0;0;0;0;0;0;14;0;99.0;99.0;0;0;0.00;0.00;0.00;0.0;0.0
94.939;103;0;99;0;0.0;19.700;1.340;24;26;0;0;100;0;100;0;0;0;0;88;88;0;0.000;0.000;0.000;0.000;0.000;0.000;0.0;0.0;0;14;0.000;0.000;11.3;0;0.0;0;0;0;0;0;99;0;0;4973;0.00;0;0;0;0;0;0;0;0;0;0;0;0;0;0;0;0;14;0;99.0;99.0;0;0;0.00;0.00;0.00;0.0;0.0
95.004;103;0;99;0;0.0;19.700;1.340;24;26;0;0;100;0;100;0;0;0;0;88;88;0;0.000;0.000;0.000;0.000;0.000;0.000;0.0;0.0;0;14;0.000;0.000;11.3;0;0.0;0;0;0;0;0;99;0;0;4973;0.00;0;0;0;0;0;0;0;0;0;0;0;0;0;0;0;0;14;0;99.0;99.0;0;0;0.00;0.00;0.00;0.0;0.0
95.070;103;0;99;0;0.0;19.700;1.340;24;26;0;0;100;0;100;0;0;0;0;88;88;0;0.000;0.000;0.000;0.000;0.000;0.000;0.0;0.0;0;14;0.000;0.000;11.3;0;0.0;0;0;0;0;0;99;0;0;4973;0.00;0;0;0;0;0;0;0;0;0;0;0;0;0;0;0;0;14;0;99.0;99.0;0;0;0.00;0.00;0.00;0.0;0.0
95.139;103;0;99;0;0.0;19.700;1.340;24;26;0;0;100;0;100;0;0;0;0;88;88;0;0.000;0.000;0.000;0.000;0.000;0.000;0.0;0.0;0;14;0.000;0.000;11.3;0;0.0;0;0;0;0;0;99;0;0;4973;0.00;0;0;0;0;0;0;0;0;0;0;0;0;0;0;0;0;14;0;99.0;99.0;0;0;0.00;0.00;0.00;0.0;0.0
95.205;103;0;99;0;0.0;19.700;1.340;24;26;0;0;100;0;100;0;0;0;0;88;88;0;0.000;0.000;0.000;0.000;0.000;0.000;0.0;0.0;0;14;0.000;0.000;11.3;0;0.0;0;0;0;0;0;99;0;0;4973;0.00;0;0;0;0;0;0;0;0;0;0;0;0;0;0;0;0;14;0;99.0;99.0;0;0;0.00;0.00;0.00;0.0;0.0
95.271;103;0;98;0;0.0;19.700;1.340;24;26;0;0;100;0;100;0;0;0;0;88;88;0;0.000;0.000;0.000;0.000;0.000;0.000;0.0;0.0;0;15;0.000;0.000;11.3;0;-0.1;0;0;0;0;0;99;0;0;4973;0.00;0;0;0;0;0;0;0;0;0;0;0;0;0;0;0;0;15;0;98.0;98.0;0;0;0.00;0.00;0.00;0.0;0.0
95.340;103;0;99;0;0.0;19.700;1.340;24;26;0;0;100;0;100;0;0;0;0;88;88;0;0.000;0.000;0.000;0.000;0.000;0.000;0.0;0.0;0;14;0.000;0.000;11.3;0;0.0;0;0;0;0;0;99;0;0;4973;0.00;0;0;0;0;0;0;0;0;0;0;0;0;0;0;0;0;14;0;99.0;99.0;0;0;0.00;0.00;0.00;0.0;0.0
95.406;104;0;99;0;0.0;19.700;1.340;24;26;0;0;100;0;100;0;0;0;0;88;88;0;0.000;0.000;0.000;0.000;0.000;0.000;0.0;0.0;0;14;0.000;0.000;11.3;0;0.0;0;0;0;0;0;99;0;0;4976;0.00;0;0;0;0;0;0;0;0;0;0;0;0;0;0;0;0;14;0;99.0;99.0;0;0;0.00;0.00;0.00;0.0;0.0
95.472;104;0;99;0;0.0;19.700;1.340;24;26;0;0;100;0;100;0;0;0;0;88;88;0;0.000;0.000;0.000;0.000;0.000;0.000;0.0;0.0;0;14;0.000;0.000;11.3;0;0.0;0;0;0;0;0;99;0;0;4976;0.00;0;0;0;0;0;0;0;0;0;0;0;0;0;0;0;0;14;0;99.0;99.0;0;0;0.00;0.00;0.00;0.0;0.0
95.541;104;0;99;0;0.0;19.700;1.340;24;26;0;0;100;0;100;0;0;0;0;88;88;0;0.000;0.000;0.000;0.000;0.000;0.000;0.0;0.0;0;14;0.000;0.000;11.3;0;0.0;0;0;0;0;0;99;0;0;4976;0.00;0;0;0;0;0;0;0;0;0;0;0;0;0;0;0;0;14;0;99.0;99.0;0;0;0.00;0.00;0.00;0.0;0.0
95.607;104;0;99;0;0.0;19.700;1.340;24;26;0;0;100;0;100;0;0;0;0;88;88;0;0.000;0.000;0.000;0.000;0.000;0.000;0.0;0.0;0;14;0.000;0.000;11.3;0;0.0;0;0;0;0;0;99;0;0;4976;0.00;0;0;0;0;0;0;0;0;0;0;0;0;0;0;0;0;14;0;99.0;99.0;0;0;0.00;0.00;0.00;0.0;0.0
95.673;104;0;99;0;0.0;19.700;1.340;24;26;0;0;100;0;100;0;0;0;0;88;88;0;0.000;0.000;0.000;0.000;0.000;0.000;0.0;0.0;0;14;0.000;0.000;11.3;0;0.0;0;0;0;0;0;99;0;0;4976;0.00;0;0;0;0;0;0;0;0;0;0;0;0;0;0;0;0;14;0;99.0;99.0;0;0;0.00;0.00;0.00;0.0;0.0
95.742;104;0;99;0;0.0;19.700;1.340;24;26;0;0;100;0;100;0;0;0;0;88;88;0;0.000;0.000;0.000;0.000;0.000;0.000;0.0;0.0;0;14;0.000;0.000;11.3;0;0.0;0;0;0;0;0;99;0;0;4976;0.00;0;0;0;0;0;0;0;0;0;0;0;0;0;0;0;0;14;0;99.0;99.0;0;0;0.00;0.00;0.00;0.0;0.0
95.807;104;0;99;0;0.0;19.700;1.340;24;26;0;0;100;0;100;0;0;0;0;88;88;0;0.000;0.000;0.000;0.000;0.000;0.000;0.0;0.0;0;14;0.000;0.000;11.3;0;0.0;0;0;0;0;0;99;0;0;4976;0.00;0;0;0;0;0;0;0;0;0;0;0;0;0;0;0;0;14;0;99.0;99.0;0;0;0.00;0.00;0.00;0.0;0.0
95.874;104;0;99;0;0.0;19.700;1.340;24;26;0;0;100;0;100;0;0;0;0;88;88;0;0.000;0.000;0.000;0.000;0.000;0.000;0.0;0.0;0;14;0.000;0.000;11.3;0;0.0;0;0;0;0;0;99;0;0;4976;0.00;0;0;0;0;0;0;0;0;0;0;0;0;0;0;0;0;14;0;99.0;99.0;0;0;0.00;0.00;0.00;0.0;0.0
95.942;104;0;99;0;0.0;19.700;1.340;24;26;0;0;100;0;100;0;0;0;0;88;88;0;0.000;0.000;0.000;0.000;0.000;0.000;0.0;0.0;0;14;0.000;0.000;11.3;0;0.0;0;0;0;0;0;99;0;0;4976;0.00;0;0;0;0;0;0;0;0;0;0;0;0;0;0;0;0;14;0;99.0;99.0;0;0;0.00;0.00;0.00;0.0;0.0
96.008;104;0;99;0;0.0;19.700;1.340;24;26;0;0;100;0;100;0;0;0;0;88;88;0;0.000;0.000;0.000;0.000;0.000;0.000;0.0;0.0;0;14;0.000;0.000;11.3;0;0.0;0;0;0;0;0;99;0;0;4976;0.00;0;0;0;0;0;0;0;0;0;0;0;0;0;0;0;0;14;0;99.0;99.0;0;0;0.00;0.00;0.00;0.0;0.0
96.074;104;0;99;0;0.0;19.700;1.340;24;26;0;0;100;0;100;0;0;0;0;88;88;0;0.000;0.000;0.000;0.000;0.000;0.000;0.0;0.0;0;14;0.000;0.000;11.3;0;0.0;0;0;0;0;0;99;0;0;4976;0.00;0;0;0;0;0;0;0;0;0;0;0;0;0;0;0;0;14;0;99.0;99.0;0;0;0.00;0.00;0.00;0.0;0.0
96.139;104;0;99;0;0.0;19.700;1.340;24;26;0;0;100;0;100;0;0;0;0;88;88;0;0.000;0.000;0.000;0.000;0.000;0.000;0.0;0.0;0;14;0.000;0.000;11.3;0;0.0;0;0;0;0;0;99;0;0;4976;0.00;0;0;0;0;0;0;0;0;0;0;0;0;0;0;0;0;14;0;99.0;99.0;0;0;0.00;0.00;0.00;0.0;0.0
96.207;104;0;99;0;0.0;19.700;1.340;24;26;0;0;100;0;100;0;0;0;0;88;88;0;0.000;0.000;0.000;0.000;0.000;0.000;0.0;0.0;0;14;0.000;0.000;11.3;0;0.0;0;0;0;0;0;99;0;0;4976;0.00;0;0;0;0;0;0;0;0;0;0;0;0;0;0;0;0;14;0;99.0;99.0;0;0;0.00;0.00;0.00;0.0;0.0
96.275;104;0;99;0;0.0;19.700;1.340;24;26;0;0;100;0;100;0;0;0;0;88;88;0;0.000;0.000;0.000;0.000;0.000;0.000;0.0;0.0;0;14;0.000;0.000;11.3;0;0.0;0;0;0;0;0;99;0;0;4976;0.00;0;0;0;0;0;0;0;0;0;0;0;0;0;0;0;0;14;0;99.0;99.0;0;0;0.00;0.00;0.00;0.0;0.0
96.340;104;0;99;0;0.0;19.700;1.340;24;26;0;0;100;0;100;0;0;0;0;88;88;0;0.000;0.000;0.000;0.000;0.000;0.000;0.0;0.0;0;14;0.000;0.000;11.3;0;0.0;0;0;0;0;0;99;0;0;4976;0.00;0;0;0;0;0;0;0;0;0;0;0;0;0;0;0;0;14;0;99.0;99.0;0;0;0.00;0.00;0.00;0.0;0.0
96.406;105;0;99;0;0.0;19.700;1.340;24;26;0;0;100;0;100;0;0;0;0;88;88;0;0.000;0.000;0.000;0.000;0.000;0.000;0.0;0.0;0;14;0.000;0.000;11.3;0;0.0;0;0;0;0;0;99;0;0;4988;0.00;0;0;0;0;0;0;0;0;0;0;0;0;0;0;0;0;14;0;99.0;99.0;0;0;0.00;0.00;0.00;0.0;0.0
96.474;105;0;99;0;0.0;19.700;1.340;24;26;0;0;100;0;100;0;0;0;0;88;88;0;0.000;0.000;0.000;0.000;0.000;0.000;0.0;0.0;0;14;0.000;0.000;11.3;0;0.0;0;0;0;0;0;99;0;0;4988;0.00;0;0;0;0;0;0;0;0;0;0;0;0;0;0;0;0;14;0;99.0;99.0;0;0;0.00;0.00;0.00;0.0;0.0
96.541;105;0;99;0;0.0;19.700;1.340;24;26;0;0;100;0;100;0;0;0;0;88;88;0;0.000;0.000;0.000;0.000;0.000;0.000;0.0;0.0;0;14;0.000;0.000;11.3;0;0.0;0;0;0;0;0;99;0;0;4988;0.00;0;0;0;0;0;0;0;0;0;0;0;0;0;0;0;0;14;0;99.0;99.0;0;0;0.00;0.00;0.00;0.0;0.0
96.606;105;0;99;0;0.0;19.700;1.340;24;26;0;0;100;0;100;0;0;0;0;88;88;0;0.000;0.000;0.000;0.000;0.000;0.000;0.0;0.0;0;14;0.000;0.000;11.3;0;0.0;0;0;0;0;0;99;0;0;4988;0.00;0;0;0;0;0;0;0;0;0;0;0;0;0;0;0;0;14;0;99.0;99.0;0;0;0.00;0.00;0.00;0.0;0.0
96.672;105;0;99;0;0.0;19.700;1.340;24;26;0;0;100;0;100;0;0;0;0;88;88;0;0.000;0.000;0.000;0.000;0.000;0.000;0.0;0.0;0;14;0.000;0.000;11.3;0;0.0;0;0;0;0;0;99;0;0;4988;0.00;0;0;0;0;0;0;0;0;0;0;0;0;0;0;0;0;14;0;99.0;99.0;0;0;0.00;0.00;0.00;0.0;0.0
96.737;105;0;99;0;0.0;19.700;1.340;24;26;0;0;100;0;100;0;0;0;0;88;88;0;0.000;0.000;0.000;0.000;0.000;0.000;0.0;0.0;0;14;0.000;0.000;11.3;0;0.0;0;0;0;0;0;99;0;0;4988;0.00;0;0;0;0;0;0;0;0;0;0;0;0;0;0;0;0;14;0;99.0;99.0;0;0;0.00;0.00;0.00;0.0;0.0
96.808;105;0;99;0;0.0;19.700;1.340;24;26;0;0;100;0;100;0;0;0;0;88;88;0;0.000;0.000;0.000;0.000;0.000;0.000;0.0;0.0;0;14;0.000;0.000;11.3;0;0.0;0;0;0;0;0;99;0;0;4988;0.00;0;0;0;0;0;0;0;0;0;0;0;0;0;0;0;0;14;0;99.0;99.0;0;0;0.00;0.00;0.00;0.0;0.0
96.873;105;0;99;0;0.0;19.700;1.340;24;26;0;0;100;0;100;0;0;0;0;88;88;0;0.000;0.000;0.000;0.000;0.000;0.000;0.0;0.0;0;14;0.000;0.000;11.3;0;0.0;0;0;0;0;0;99;0;0;4988;0.00;0;0;0;0;0;0;0;0;0;0;0;0;0;0;0;0;14;0;99.0;99.0;0;0;0.00;0.00;0.00;0.0;0.0
96.942;105;0;99;0;0.0;19.700;1.340;24;26;0;0;100;0;100;0;0;0;0;88;88;0;0.000;0.000;0.000;0.000;0.000;0.000;0.0;0.0;0;14;0.000;0.000;11.3;0;0.0;0;0;0;0;0;99;0;0;4988;0.00;0;0;0;0;0;0;0;0;0;0;0;0;0;0;0;0;14;0;99.0;99.0;0;0;0.00;0.00;0.00;0.0;0.0
97.008;105;0;99;0;0.0;19.700;1.340;24;26;0;0;100;0;100;0;0;0;0;88;88;0;0.000;0.000;0.000;0.000;0.000;0.000;0.0;0.0;0;14;0.000;0.000;11.3;0;0.0;0;0;0;0;0;99;0;0;4988;0.00;0;0;0;0;0;0;0;0;0;0;0;0;0;0;0;0;14;0;99.0;99.0;0;0;0.00;0.00;0.00;0.0;0.0
97.074;105;0;99;0;0.0;19.700;1.340;24;26;0;0;100;0;100;0;0;0;0;88;88;0;0.000;0.000;0.000;0.000;0.000;0.000;0.0;0.0;0;14;0.000;0.000;11.3;0;0.0;0;0;0;0;0;99;0;0;4988;0.00;0;0;0;0;0;0;0;0;0;0;0;0;0;0;0;0;14;0;99.0;99.0;0;0;0.00;0.00;0.00;0.0;0.0
97.139;105;0;99;0;0.0;19.700;1.340;24;26;0;0;100;0;100;0;0;0;0;88;88;0;0.000;0.000;0.000;0.000;0.000;0.000;0.0;0.0;0;14;0.000;0.000;11.3;0;0.0;0;0;0;0;0;99;0;0;4988;0.00;0;0;0;0;0;0;0;0;0;0;0;0;0;0;0;0;14;0;99.0;99.0;0;0;0.00;0.00;0.00;0.0;0.0
97.208;105;0;99;0;0.0;19.700;1.340;24;26;0;0;100;0;100;0;0;0;0;88;88;0;0.000;0.000;0.000;0.000;0.000;0.000;0.0;0.0;0;14;0.000;0.000;11.3;0;0.0;0;0;0;0;0;99;0;0;4988;0.00;0;0;0;0;0;0;0;0;0;0;0;0;0;0;0;0;14;0;99.0;99.0;0;0;0.00;0.00;0.00;0.0;0.0
97.274;105;0;99;0;0.0;19.700;1.340;24;26;0;0;100;0;100;0;0;0;0;88;88;0;0.000;0.000;0.000;0.000;0.000;0.000;0.0;0.0;0;14;0.000;0.000;11.3;0;0.0;0;0;0;0;0;99;0;0;4988;0.00;0;0;0;0;0;0;0;0;0;0;0;0;0;0;0;0;14;0;99.0;99.0;0;0;0.00;0.00;0.00;0.0;0.0
97.340;105;0;99;0;0.0;19.700;1.340;24;26;0;0;100;0;100;0;0;0;0;88;88;0;0.000;0.000;0.000;0.000;0.000;0.000;0.0;0.0;0;14;0.000;0.000;11.3;0;0.0;0;0;0;0;0;99;0;0;4988;0.00;0;0;0;0;0;0;0;0;0;0;0;0;0;0;0;0;14;0;99.0;99.0;0;0;0.00;0.00;0.00;0.0;0.0
97.409;105;0;99;0;0.0;19.700;1.340;24;26;0;0;100;0;100;0;0;0;0;88;88;0;0.000;0.000;0.000;0.000;0.000;0.000;0.0;0.0;0;14;0.000;0.000;11.3;0;0.0;0;0;0;0;0;99;0;0;4988;0.00;0;0;0;0;0;0;0;0;0;0;0;0;0;0;0;0;14;0;99.0;99.0;0;0;0.00;0.00;0.00;0.0;0.0
97.475;106;0;99;0;0.0;19.700;1.340;24;26;0;0;100;0;100;0;0;0;0;88;88;0;0.000;0.000;0.000;0.000;0.000;0.000;0.0;0.0;0;14;0.000;0.000;11.3;0;0.0;0;0;0;0;0;99;0;0;4970;0.00;0;0;0;0;0;0;0;0;0;0;0;0;0;0;0;0;14;0;99.0;99.0;0;0;0.00;0.00;0.00;0.0;0.0
97.540;106;0;99;0;0.0;19.700;1.340;24;26;0;0;100;0;100;0;0;0;0;88;88;0;0.000;0.000;0.000;0.000;0.000;0.000;0.0;0.0;0;14;0.000;0.000;11.3;0;0.0;0;0;0;0;0;99;0;0;4970;0.00;0;0;0;0;0;0;0;0;0;0;0;0;0;0;0;0;14;0;99.0;99.0;0;0;0.00;0.00;0.00;0.0;0.0
97.605;106;0;99;0;0.0;19.700;1.340;24;26;0;0;100;0;100;0;0;0;0;88;88;0;0.000;0.000;0.000;0.000;0.000;0.000;0.0;0.0;0;14;0.000;0.000;11.3;0;0.0;0;0;0;0;0;99;0;0;4970;0.00;0;0;0;0;0;0;0;0;0;0;0;0;0;0;0;0;14;0;99.0;99.0;0;0;0.00;0.00;0.00;0.0;0.0
97.675;106;0;99;0;0.0;19.700;1.340;24;26;0;0;100;0;100;0;0;0;0;88;88;0;0.000;0.000;0.000;0.000;0.000;0.000;0.0;0.0;0;14;0.000;0.000;11.3;0;0.0;0;0;0;0;0;99;0;0;4970;0.00;0;0;0;0;0;0;0;0;0;0;0;0;0;0;0;0;14;0;99.0;99.0;0;0;0.00;0.00;0.00;0.0;0.0
97.740;106;0;99;0;0.0;19.700;1.340;24;26;0;0;100;0;100;0;0;0;0;88;88;0;0.000;0.000;0.000;0.000;0.000;0.000;0.0;0.0;0;14;0.000;0.000;11.3;0;0.0;0;0;0;0;0;99;0;0;4970;0.00;0;0;0;0;0;0;0;0;0;0;0;0;0;0;0;0;14;0;99.0;99.0;0;0;0.00;0.00;0.00;0.0;0.0
97.806;106;0;99;0;0.0;19.700;1.340;24;26;0;0;100;0;100;0;0;0;0;88;88;0;0.000;0.000;0.000;0.000;0.000;0.000;0.0;0.0;0;14;0.000;0.000;11.3;0;0.0;0;0;0;0;0;99;0;0;4970;0.00;0;0;0;0;0;0;0;0;0;0;0;0;0;0;0;0;14;0;99.0;99.0;0;0;0.00;0.00;0.00;0.0;0.0
97.806;106;0;99;0;0.0;19.700;1.340;24;26;0;0;100;0;100;0;0;0;0;88;88;0;0.000;0.000;0.000;0.000;0.000;0.000;0.0;0.0;0;14;0.000;0.000;11.3;0;0.0;0;0;0;0;0;99;0;0;4970;0.00;0;0;0;0;0;0;0;0;0;0;0;0;0;0;0;0;14;0;99.0;99.0;0;0;0.00;0.00;0.00;0.0;0.0
97.941;106;0;99;0;0.0;19.700;1.340;24;26;0;0;100;0;100;0;0;0;0;88;88;0;0.000;0.000;0.000;0.000;0.000;0.000;0.0;0.0;0;14;0.000;0.000;11.3;0;0.0;0;0;0;0;0;99;0;0;4970;0.00;0;0;0;0;0;0;0;0;0;0;0;0;0;0;0;0;14;0;99.0;99.0;0;0;0.00;0.00;0.00;0.0;0.0
98.008;106;0;99;0;0.0;19.700;1.340;24;26;0;0;100;0;100;0;0;0;0;88;88;0;0.000;0.000;0.000;0.000;0.000;0.000;0.0;0.0;0;14;0.000;0.000;11.3;0;0.0;0;0;0;0;0;99;0;0;4970;0.00;0;0;0;0;0;0;0;0;0;0;0;0;0;0;0;0;14;0;99.0;99.0;0;0;0.00;0.00;0.00;0.0;0.0
98.073;106;0;99;0;0.0;19.700;1.340;24;26;0;0;100;0;100;0;0;0;0;88;88;0;0.000;0.000;0.000;0.000;0.000;0.000;0.0;0.0;0;14;0.000;0.000;11.3;0;0.0;0;0;0;0;0;99;0;0;4970;0.00;0;0;0;0;0;0;0;0;0;0;0;0;0;0;0;0;14;0;99.0;99.0;0;0;0.00;0.00;0.00;0.0;0.0
98.138;106;0;99;0;0.0;19.700;1.340;24;26;0;0;100;0;100;0;0;0;0;88;88;0;0.000;0.000;0.000;0.000;0.000;0.000;0.0;0.0;0;14;0.000;0.000;11.3;0;0.0;0;0;0;0;0;99;0;0;4970;0.00;0;0;0;0;0;0;0;0;0;0;0;0;0;0;0;0;14;0;99.0;99.0;0;0;0.00;0.00;0.00;0.0;0.0
98.207;106;0;99;0;0.0;19.700;1.340;24;26;0;0;100;0;100;0;0;0;0;88;88;0;0.000;0.000;0.000;0.000;0.000;0.000;0.0;0.0;0;14;0.000;0.000;11.3;0;0.0;0;0;0;0;0;99;0;0;4970;0.00;0;0;0;0;0;0;0;0;0;0;0;0;0;0;0;0;14;0;99.0;99.0;0;0;0.00;0.00;0.00;0.0;0.0
98.273;106;0;99;0;0.0;19.700;1.340;24;26;0;0;100;0;100;0;0;0;0;88;88;0;0.000;0.000;0.000;0.000;0.000;0.000;0.0;0.0;0;14;0.000;0.000;11.3;0;0.0;0;0;0;0;0;99;0;0;4970;0.00;0;0;0;0;0;0;0;0;0;0;0;0;0;0;0;0;14;0;99.0;99.0;0;0;0.00;0.00;0.00;0.0;0.0
98.339;106;0;99;0;0.0;19.700;1.340;24;26;0;0;100;0;100;0;0;0;0;88;88;0;0.000;0.000;0.000;0.000;0.000;0.000;0.0;0.0;0;14;0.000;0.000;11.3;0;0.0;0;0;0;0;0;99;0;0;4970;0.00;0;0;0;0;0;0;0;0;0;0;0;0;0;0;0;0;14;0;99.0;99.0;0;0;0.00;0.00;0.00;0.0;0.0
98.403;106;0;99;0;0.0;19.700;1.340;24;26;0;0;100;0;100;0;0;0;0;88;88;0;0.000;0.000;0.000;0.000;0.000;0.000;0.0;0.0;0;14;0.000;0.000;11.3;0;0.0;0;0;0;0;0;99;0;0;4970;0.00;0;0;0;0;0;0;0;0;0;0;0;0;0;0;0;0;14;0;99.0;99.0;0;0;0.00;0.00;0.00;0.0;0.0
98.474;107;0;99;0;0.0;19.700;1.340;24;26;0;0;100;0;100;0;0;0;0;88;88;0;0.000;0.000;0.000;0.000;0.000;0.000;0.0;0.0;0;14;0.000;0.000;11.3;0;0.0;0;0;0;0;0;99;0;0;4969;0.00;0;0;0;0;0;0;0;0;0;0;0;0;0;0;0;0;14;0;99.0;99.0;0;0;0.00;0.00;0.00;0.0;0.0
98.539;107;0;99;0;0.0;19.700;1.340;24;26;0;0;100;0;100;0;0;0;0;88;88;0;0.000;0.000;0.000;0.000;0.000;0.000;0.0;0.0;0;14;0.000;0.000;11.3;0;0.0;0;0;0;0;0;99;0;0;4969;0.00;0;0;0;0;0;0;0;0;0;0;0;0;0;0;0;0;14;0;99.0;99.0;0;0;0.00;0.00;0.00;0.0;0.0
98.604;107;0;99;0;0.0;19.700;1.340;24;26;0;0;100;0;100;0;0;0;0;88;88;0;0.000;0.000;0.000;0.000;0.000;0.000;0.0;0.0;0;14;0.000;0.000;11.3;0;0.0;0;0;0;0;0;99;0;0;4969;0.00;0;0;0;0;0;0;0;0;0;0;0;0;0;0;0;0;14;0;99.0;99.0;0;0;0.00;0.00;0.00;0.0;0.0
98.671;107;0;99;0;0.0;19.700;1.340;24;26;0;0;100;0;100;0;0;0;0;88;88;0;0.000;0.000;0.000;0.000;0.000;0.000;0.0;0.0;0;14;0.000;0.000;11.3;0;0.0;0;0;0;0;0;99;0;0;4969;0.00;0;0;0;0;0;0;0;0;0;0;0;0;0;0;0;0;14;0;99.0;99.0;0;0;0.00;0.00;0.00;0.0;0.0
98.740;107;0;99;0;0.0;19.700;1.340;24;26;0;0;100;0;100;0;0;0;0;88;88;0;0.000;0.000;0.000;0.000;0.000;0.000;0.0;0.0;0;14;0.000;0.000;11.3;0;0.0;0;0;0;0;0;99;0;0;4969;0.00;0;0;0;0;0;0;0;0;0;0;0;0;0;0;0;0;14;0;99.0;99.0;0;0;0.00;0.00;0.00;0.0;0.0
98.807;107;0;99;0;0.0;19.700;1.340;24;26;0;0;100;0;100;0;0;0;0;88;88;0;0.000;0.000;0.000;0.000;0.000;0.000;0.0;0.0;0;14;0.000;0.000;11.3;0;0.0;0;0;0;0;0;99;0;0;4969;0.00;0;0;0;0;0;0;0;0;0;0;0;0;0;0;0;0;14;0;99.0;99.0;0;0;0.00;0.00;0.00;0.0;0.0
98.876;107;0;99;0;0.0;19.700;1.340;24;26;0;0;100;0;100;0;0;0;0;88;88;0;0.000;0.000;0.000;0.000;0.000;0.000;0.0;0.0;0;14;0.000;0.000;11.3;0;0.0;0;0;0;0;0;99;0;0;4969;0.00;0;0;0;0;0;0;0;0;0;0;0;0;0;0;0;0;14;0;99.0;99.0;0;0;0.00;0.00;0.00;0.0;0.0
98.941;107;0;99;0;0.0;19.700;1.340;24;26;0;0;100;0;100;0;0;0;0;88;88;0;0.000;0.000;0.000;0.000;0.000;0.000;0.0;0.0;0;14;0.000;0.000;11.3;0;0.0;0;0;0;0;0;99;0;0;4969;0.00;0;0;0;0;0;0;0;0;0;0;0;0;0;0;0;0;14;0;99.0;99.0;0;0;0.00;0.00;0.00;0.0;0.0
99.010;107;0;99;0;0.0;19.700;1.340;24;26;0;0;100;0;100;0;0;0;0;88;88;0;0.000;0.000;0.000;0.000;0.000;0.000;0.0;0.0;0;14;0.000;0.000;11.3;0;0.0;0;0;0;0;0;99;0;0;4969;0.00;0;0;0;0;0;0;0;0;0;0;0;0;0;0;0;0;14;0;99.0;99.0;0;0;0.00;0.00;0.00;0.0;0.0
99.076;107;0;99;0;0.0;19.700;1.340;24;26;0;0;100;0;100;0;0;0;0;88;88;0;0.000;0.000;0.000;0.000;0.000;0.000;0.0;0.0;0;14;0.000;0.000;11.3;0;0.0;0;0;0;0;0;99;0;0;4969;0.00;0;0;0;0;0;0;0;0;0;0;0;0;0;0;0;0;14;0;99.0;99.0;0;0;0.00;0.00;0.00;0.0;0.0
99.141;107;0;99;0;0.0;19.700;1.340;24;26;0;0;100;0;100;0;0;0;0;88;88;0;0.000;0.000;0.000;0.000;0.000;0.000;0.0;0.0;0;14;0.000;0.000;11.3;0;0.0;0;0;0;0;0;99;0;0;4969;0.00;0;0;0;0;0;0;0;0;0;0;0;0;0;0;0;0;14;0;99.0;99.0;0;0;0.00;0.00;0.00;0.0;0.0
99.207;107;0;99;0;0.0;19.700;1.340;24;26;0;0;100;0;100;0;0;0;0;88;88;0;0.000;0.000;0.000;0.000;0.000;0.000;0.0;0.0;0;14;0.000;0.000;11.3;0;0.0;0;0;0;0;0;99;0;0;4969;0.00;0;0;0;0;0;0;0;0;0;0;0;0;0;0;0;0;14;0;99.0;99.0;0;0;0.00;0.00;0.00;0.0;0.0
99.274;107;0;99;0;0.0;19.700;1.340;24;26;0;0;100;0;100;0;0;0;0;88;88;0;0.000;0.000;0.000;0.000;0.000;0.000;0.0;0.0;0;14;0.000;0.000;11.3;0;0.0;0;0;0;0;0;99;0;0;4969;0.00;0;0;0;0;0;0;0;0;0;0;0;0;0;0;0;0;14;0;99.0;99.0;0;0;0.00;0.00;0.00;0.0;0.0
99.343;107;0;99;0;0.0;19.700;1.340;24;26;0;0;100;0;100;0;0;0;0;88;88;0;0.000;0.000;0.000;0.000;0.000;0.000;0.0;0.0;0;14;0.000;0.000;11.3;0;0.0;0;0;0;0;0;99;0;0;4969;0.00;0;0;0;0;0;0;0;0;0;0;0;0;0;0;0;0;14;0;99.0;99.0;0;0;0.00;0.00;0.00;0.0;0.0
99.409;107;0;99;0;0.0;19.700;1.340;24;26;0;0;100;0;100;0;0;0;0;88;88;0;0.000;0.000;0.000;0.000;0.000;0.000;0.0;0.0;0;14;0.000;0.000;11.3;0;0.0;0;0;0;0;0;99;0;0;4969;0.00;0;0;0;0;0;0;0;0;0;0;0;0;0;0;0;0;14;0;99.0;99.0;0;0;0.00;0.00;0.00;0.0;0.0
99.473;108;0;99;0;0.0;19.700;1.340;24;26;0;0;100;0;100;0;0;0;0;88;88;0;0.000;0.000;0.000;0.000;0.000;0.000;0.0;0.0;0;14;0.000;0.000;11.3;0;0.0;0;0;0;0;0;99;0;0;4982;0.00;0;0;0;0;0;0;0;0;0;0;0;0;0;0;0;0;14;0;99.0;99.0;0;0;0.00;0.00;0.00;0.0;0.0
99.538;108;0;99;0;0.0;19.700;1.340;24;26;0;0;100;0;100;0;0;0;0;88;88;0;0.000;0.000;0.000;0.000;0.000;0.000;0.0;0.0;0;14;0.000;0.000;11.3;0;0.0;0;0;0;0;0;99;0;0;4982;0.00;0;0;0;0;0;0;0;0;0;0;0;0;0;0;0;0;14;0;99.0;99.0;0;0;0.00;0.00;0.00;0.0;0.0
99.609;108;0;99;0;0.0;19.700;1.340;24;26;0;0;100;0;100;0;0;0;0;88;88;0;0.000;0.000;0.000;0.000;0.000;0.000;0.0;0.0;0;14;0.000;0.000;11.3;0;0.0;0;0;0;0;0;99;0;0;4982;0.00;0;0;0;0;0;0;0;0;0;0;0;0;0;0;0;0;14;0;99.0;99.0;0;0;0.00;0.00;0.00;0.0;0.0
99.674;108;0;98;0;0.0;19.700;1.340;24;26;0;0;100;0;100;0;0;0;0;88;88;0;0.000;0.000;0.000;0.000;0.000;0.000;0.0;0.0;0;15;0.000;0.000;11.3;0;-0.1;0;0;0;0;0;99;0;0;4982;0.00;0;0;0;0;0;0;0;0;0;0;0;0;0;0;0;0;15;0;98.0;98.0;0;0;0.00;0.00;0.00;0.0;0.0
99.740;108;0;99;0;0.0;19.700;1.340;24;26;0;0;100;0;100;0;0;0;0;88;88;0;0.000;0.000;0.000;0.000;0.000;0.000;0.0;0.0;0;14;0.000;0.000;11.3;0;0.0;0;0;0;0;0;99;0;0;4982;0.00;0;0;0;0;0;0;0;0;0;0;0;0;0;0;0;0;14;0;99.0;99.0;0;0;0.00;0.00;0.00;0.0;0.0
99.809;108;0;99;0;0.0;19.700;1.340;24;26;0;0;100;0;100;0;0;0;0;88;88;0;0.000;0.000;0.000;0.000;0.000;0.000;0.0;0.0;0;14;0.000;0.000;11.3;0;0.0;0;0;0;0;0;99;0;0;4982;0.00;0;0;0;0;0;0;0;0;0;0;0;0;0;0;0;0;14;0;99.0;99.0;0;0;0.00;0.00;0.00;0.0;0.0
99.874;108;0;99;0;0.0;19.700;1.340;24;26;0;0;100;0;100;0;0;0;0;88;88;0;0.000;0.000;0.000;0.000;0.000;0.000;0.0;0.0;0;14;0.000;0.000;11.3;0;0.0;0;0;0;0;0;99;0;0;4982;0.00;0;0;0;0;0;0;0;0;0;0;0;0;0;0;0;0;14;0;99.0;99.0;0;0;0.00;0.00;0.00;0.0;0.0
99.940;108;0;99;0;0.0;19.700;1.340;24;26;0;0;100;0;100;0;0;0;0;88;88;0;0.000;0.000;0.000;0.000;0.000;0.000;0.0;0.0;0;14;0.000;0.000;11.3;0;0.0;0;0;0;0;0;99;0;0;4982;0.00;0;0;0;0;0;0;0;0;0;0;0;0;0;0;0;0;14;0;99.0;99.0;0;0;0.00;0.00;0.00;0.0;0.0
100.005;108;0;98;0;0.0;19.700;1.340;24;26;0;0;100;0;100;0;0;0;0;88;88;0;0.000;0.000;0.000;0.000;0.000;0.000;0.0;0.0;0;15;0.000;0.000;11.3;0;-0.1;0;0;0;0;0;99;0;0;4982;0.00;0;0;0;0;0;0;0;0;0;0;0;0;0;0;0;0;15;0;98.0;98.0;0;0;0.00;0.00;0.00;0.0;0.0
100.075;108;0;99;0;0.0;19.700;1.340;24;26;0;0;100;0;100;0;0;0;0;88;88;0;0.000;0.000;0.000;0.000;0.000;0.000;0.0;0.0;0;14;0.000;0.000;11.3;0;0.0;0;0;0;0;0;99;0;0;4982;0.00;0;0;0;0;0;0;0;0;0;0;0;0;0;0;0;0;14;0;99.0;99.0;0;0;0.00;0.00;0.00;0.0;0.0
100.142;108;0;99;0;0.0;19.700;1.340;24;26;0;0;100;0;100;0;0;0;0;88;88;0;0.000;0.000;0.000;0.000;0.000;0.000;0.0;0.0;0;14;0.000;0.000;11.3;0;0.0;0;0;0;0;0;99;0;0;4982;0.00;0;0;0;0;0;0;0;0;0;0;0;0;0;0;0;0;14;0;99.0;99.0;0;0;0.00;0.00;0.00;0.0;0.0
100.207;108;0;99;0;0.0;19.700;1.340;24;26;0;0;100;0;100;0;0;0;0;88;88;0;0.000;0.000;0.000;0.000;0.000;0.000;0.0;0.0;0;14;0.000;0.000;11.3;0;0.0;0;0;0;0;0;99;0;0;4982;0.00;0;0;0;0;0;0;0;0;0;0;0;0;0;0;0;0;14;0;99.0;99.0;0;0;0.00;0.00;0.00;0.0;0.0
100.272;108;0;99;0;0.0;19.700;1.340;24;26;0;0;100;0;100;0;0;0;0;88;88;0;0.000;0.000;0.000;0.000;0.000;0.000;0.0;0.0;0;14;0.000;0.000;11.3;0;0.0;0;0;0;0;0;99;0;0;4982;0.00;0;0;0;0;0;0;0;0;0;0;0;0;0;0;0;0;14;0;99.0;99.0;0;0;0.00;0.00;0.00;0.0;0.0
100.342;108;0;99;0;0.0;19.700;1.340;24;26;0;0;100;0;100;0;0;0;0;88;88;0;0.000;0.000;0.000;0.000;0.000;0.000;0.0;0.0;0;14;0.000;0.000;11.3;0;0.0;0;0;0;0;0;99;0;0;4982;0.00;0;0;0;0;0;0;0;0;0;0;0;0;0;0;0;0;14;0;99.0;99.0;0;0;0.00;0.00;0.00;0.0;0.0
100.407;108;0;99;0;0.0;19.700;1.340;24;26;0;0;100;0;100;0;0;0;0;88;88;0;0.000;0.000;0.000;0.000;0.000;0.000;0.0;0.0;0;14;0.000;0.000;11.3;0;0.0;0;0;0;0;0;99;0;0;4982;0.00;0;0;0;0;0;0;0;0;0;0;0;0;0;0;0;0;14;0;99.0;99.0;0;0;0.00;0.00;0.00;0.0;0.0
100.473;109;0;99;0;0.0;19.700;1.340;24;26;0;0;100;0;100;0;0;0;0;88;88;0;0.000;0.000;0.000;0.000;0.000;0.000;0.0;0.0;0;14;0.000;0.000;11.3;0;0.0;0;0;0;0;0;99;0;0;4978;0.00;0;0;0;0;0;0;0;0;0;0;0;0;0;0;0;0;14;0;99.0;99.0;0;0;0.00;0.00;0.00;0.0;0.0
100.542;109;0;99;0;0.0;19.700;1.340;24;26;0;0;100;0;100;0;0;0;0;88;88;0;0.000;0.000;0.000;0.000;0.000;0.000;0.0;0.0;0;14;0.000;0.000;11.3;0;0.0;0;0;0;0;0;99;0;0;4978;0.00;0;0;0;0;0;0;0;0;0;0;0;0;0;0;0;0;14;0;99.0;99.0;0;0;0.00;0.00;0.00;0.0;0.0
100.608;109;0;99;0;0.0;19.700;1.340;24;26;0;0;100;0;100;0;0;0;0;88;88;0;0.000;0.000;0.000;0.000;0.000;0.000;0.0;0.0;0;14;0.000;0.000;11.3;0;0.0;0;0;0;0;0;99;0;0;4978;0.00;0;0;0;0;0;0;0;0;0;0;0;0;0;0;0;0;14;0;99.0;99.0;0;0;0.00;0.00;0.00;0.0;0.0
100.673;109;0;99;0;0.0;19.700;1.340;24;26;0;0;100;0;100;0;0;0;0;88;88;0;0.000;0.000;0.000;0.000;0.000;0.000;0.0;0.0;0;14;0.000;0.000;11.3;0;0.0;0;0;0;0;0;99;0;0;4978;0.00;0;0;0;0;0;0;0;0;0;0;0;0;0;0;0;0;14;0;99.0;99.0;0;0;0.00;0.00;0.00;0.0;0.0
100.739;109;0;99;0;0.0;19.700;1.340;24;26;0;0;100;0;100;0;0;0;0;88;88;0;0.000;0.000;0.000;0.000;0.000;0.000;0.0;0.0;0;14;0.000;0.000;11.3;0;0.0;0;0;0;0;0;99;0;0;4978;0.00;0;0;0;0;0;0;0;0;0;0;0;0;0;0;0;0;14;0;99.0;99.0;0;0;0.00;0.00;0.00;0.0;0.0
100.804;109;0;99;0;0.0;19.700;1.340;24;26;0;0;100;0;100;0;0;0;0;88;88;0;0.000;0.000;0.000;0.000;0.000;0.000;0.0;0.0;0;14;0.000;0.000;11.3;0;0.0;0;0;0;0;0;99;0;0;4978;0.00;0;0;0;0;0;0;0;0;0;0;0;0;0;0;0;0;14;0;99.0;99.0;0;0;0.00;0.00;0.00;0.0;0.0
100.873;109;0;99;0;0.0;19.700;1.340;24;26;0;0;100;0;100;0;0;0;0;88;88;0;0.000;0.000;0.000;0.000;0.000;0.000;0.0;0.0;0;14;0.000;0.000;11.3;0;0.0;0;0;0;0;0;99;0;0;4978;0.00;0;0;0;0;0;0;0;0;0;0;0;0;0;0;0;0;14;0;99.0;99.0;0;0;0.00;0.00;0.00;0.0;0.0
100.940;109;0;99;0;0.0;19.700;1.340;24;26;0;0;100;0;100;0;0;0;0;88;88;0;0.000;0.000;0.000;0.000;0.000;0.000;0.0;0.0;0;14;0.000;0.000;11.3;0;0.0;0;0;0;0;0;99;0;0;4978;0.00;0;0;0;0;0;0;0;0;0;0;0;0;0;0;0;0;14;0;99.0;99.0;0;0;0.00;0.00;0.00;0.0;0.0
101.008;109;0;99;0;0.0;19.700;1.340;24;26;0;0;100;0;100;0;0;0;0;88;88;0;0.000;0.000;0.000;0.000;0.000;0.000;0.0;0.0;0;14;0.000;0.000;11.3;0;0.0;0;0;0;0;0;99;0;0;4978;0.00;0;0;0;0;0;0;0;0;0;0;0;0;0;0;0;0;14;0;99.0;99.0;0;0;0.00;0.00;0.00;0.0;0.0
101.074;109;0;99;0;0.0;19.700;1.340;24;26;0;0;100;0;100;0;0;0;0;88;88;0;0.000;0.000;0.000;0.000;0.000;0.000;0.0;0.0;0;14;0.000;0.000;11.3;0;0.0;0;0;0;0;0;99;0;0;4978;0.00;0;0;0;0;0;0;0;0;0;0;0;0;0;0;0;0;14;0;99.0;99.0;0;0;0.00;0.00;0.00;0.0;0.0
101.141;109;0;99;0;0.0;19.700;1.340;24;26;0;0;100;0;100;0;0;0;0;88;88;0;0.000;0.000;0.000;0.000;0.000;0.000;0.0;0.0;0;14;0.000;0.000;11.3;0;0.0;0;0;0;0;0;99;0;0;4978;0.00;0;0;0;0;0;0;0;0;0;0;0;0;0;0;0;0;14;0;99.0;99.0;0;0;0.00;0.00;0.00;0.0;0.0
101.206;109;0;99;0;0.0;19.700;1.340;24;26;0;0;100;0;100;0;0;0;0;88;88;0;0.000;0.000;0.000;0.000;0.000;0.000;0.0;0.0;0;14;0.000;0.000;11.3;0;0.0;0;0;0;0;0;99;0;0;4978;0.00;0;0;0;0;0;0;0;0;0;0;0;0;0;0;0;0;14;0;99.0;99.0;0;0;0.00;0.00;0.00;0.0;0.0
101.277;109;0;99;0;0.0;19.700;1.340;24;26;0;0;100;0;100;0;0;0;0;88;88;0;0.000;0.000;0.000;0.000;0.000;0.000;0.0;0.0;0;14;0.000;0.000;11.3;0;0.0;0;0;0;0;0;99;0;0;4978;0.00;0;0;0;0;0;0;0;0;0;0;0;0;0;0;0;0;14;0;99.0;99.0;0;0;0.00;0.00;0.00;0.0;0.0
101.344;109;0;99;0;0.0;19.700;1.340;24;26;0;0;100;0;100;0;0;0;0;88;88;0;0.000;0.000;0.000;0.000;0.000;0.000;0.0;0.0;0;14;0.000;0.000;11.3;0;0.0;0;0;0;0;0;99;0;0;4978;0.00;0;0;0;0;0;0;0;0;0;0;0;0;0;0;0;0;14;0;99.0;99.0;0;0;0.00;0.00;0.00;0.0;0.0
101.410;109;0;99;0;0.0;19.700;1.340;24;26;0;0;100;0;100;0;0;0;0;88;88;0;0.000;0.000;0.000;0.000;0.000;0.000;0.0;0.0;0;14;0.000;0.000;11.3;0;0.0;0;0;0;0;0;99;0;0;4978;0.00;0;0;0;0;0;0;0;0;0;0;0;0;0;0;0;0;14;0;99.0;99.0;0;0;0.00;0.00;0.00;0.0;0.0
101.476;110;0;99;0;0.0;19.700;1.340;24;26;0;0;100;0;100;0;0;0;0;88;88;0;0.000;0.000;0.000;0.000;0.000;0.000;0.0;0.0;0;14;0.000;0.000;11.3;0;0.1;0;0;0;0;0;98;0;0;4983;0.00;0;0;0;0;0;0;0;0;0;0;0;0;0;0;0;0;14;0;99.0;99.0;0;0;0.00;0.00;0.00;0.0;0.0
101.541;110;0;99;0;0.0;19.700;1.340;24;26;0;0;100;0;100;0;0;0;0;88;88;0;0.000;0.000;0.000;0.000;0.000;0.000;0.0;0.0;0;14;0.000;0.000;11.3;0;0.1;0;0;0;0;0;98;0;0;4983;0.00;0;0;0;0;0;0;0;0;0;0;0;0;0;0;0;0;14;0;99.0;99.0;0;0;0.00;0.00;0.00;0.0;0.0
101.608;110;0;99;0;0.0;19.700;1.340;24;26;0;0;100;0;100;0;0;0;0;88;88;0;0.000;0.000;0.000;0.000;0.000;0.000;0.0;0.0;0;14;0.000;0.000;11.3;0;0.1;0;0;0;0;0;98;0;0;4983;0.00;0;0;0;0;0;0;0;0;0;0;0;0;0;0;0;0;14;0;99.0;99.0;0;0;0.00;0.00;0.00;0.0;0.0
101.672;110;0;99;0;0.0;19.700;1.340;24;26;0;0;100;0;100;0;0;0;0;88;88;0;0.000;0.000;0.000;0.000;0.000;0.000;0.0;0.0;0;14;0.000;0.000;11.3;0;0.1;0;0;0;0;0;98;0;0;4983;0.00;0;0;0;0;0;0;0;0;0;0;0;0;0;0;0;0;14;0;99.0;99.0;0;0;0.00;0.00;0.00;0.0;0.0
101.738;110;0;99;0;0.0;19.700;1.340;24;26;0;0;100;0;100;0;0;0;0;88;88;0;0.000;0.000;0.000;0.000;0.000;0.000;0.0;0.0;0;14;0.000;0.000;11.3;0;0.1;0;0;0;0;0;98;0;0;4983;0.00;0;0;0;0;0;0;0;0;0;0;0;0;0;0;0;0;14;0;99.0;99.0;0;0;0.00;0.00;0.00;0.0;0.0
101.808;110;0;99;0;0.0;19.700;1.340;24;26;0;0;100;0;100;0;0;0;0;88;88;0;0.000;0.000;0.000;0.000;0.000;0.000;0.0;0.0;0;14;0.000;0.000;11.3;0;0.1;0;0;0;0;0;98;0;0;4983;0.00;0;0;0;0;0;0;0;0;0;0;0;0;0;0;0;0;14;0;99.0;99.0;0;0;0.00;0.00;0.00;0.0;0.0
101.873;110;0;99;0;0.0;19.700;1.340;24;26;0;0;100;0;100;0;0;0;0;88;88;0;0.000;0.000;0.000;0.000;0.000;0.000;0.0;0.0;0;14;0.000;0.000;11.3;0;0.1;0;0;0;0;0;98;0;0;4983;0.00;0;0;0;0;0;0;0;0;0;0;0;0;0;0;0;0;14;0;99.0;99.0;0;0;0.00;0.00;0.00;0.0;0.0
101.938;110;0;99;0;0.0;19.700;1.340;24;26;0;0;100;0;100;0;0;0;0;88;88;0;0.000;0.000;0.000;0.000;0.000;0.000;0.0;0.0;0;14;0.000;0.000;11.3;0;0.1;0;0;0;0;0;98;0;0;4983;0.00;0;0;0;0;0;0;0;0;0;0;0;0;0;0;0;0;14;0;99.0;99.0;0;0;0.00;0.00;0.00;0.0;0.0
102.008;110;0;99;0;0.0;19.700;1.340;24;26;0;0;100;0;100;0;0;0;0;88;88;0;0.000;0.000;0.000;0.000;0.000;0.000;0.0;0.0;0;14;0.000;0.000;11.3;0;0.1;0;0;0;0;0;98;0;0;4983;0.00;0;0;0;0;0;0;0;0;0;0;0;0;0;0;0;0;14;0;99.0;99.0;0;0;0.00;0.00;0.00;0.0;0.0
102.073;110;0;99;0;0.0;19.700;1.340;24;26;0;0;100;0;100;0;0;0;0;88;88;0;0.000;0.000;0.000;0.000;0.000;0.000;0.0;0.0;0;14;0.000;0.000;11.3;0;0.1;0;0;0;0;0;98;0;0;4983;0.00;0;0;0;0;0;0;0;0;0;0;0;0;0;0;0;0;14;0;99.0;99.0;0;0;0.00;0.00;0.00;0.0;0.0
102.138;110;0;99;0;0.0;19.700;1.340;24;26;0;0;100;0;100;0;0;0;0;88;88;0;0.000;0.000;0.000;0.000;0.000;0.000;0.0;0.0;0;14;0.000;0.000;11.3;0;0.1;0;0;0;0;0;98;0;0;4983;0.00;0;0;0;0;0;0;0;0;0;0;0;0;0;0;0;0;14;0;99.0;99.0;0;0;0.00;0.00;0.00;0.0;0.0
102.209;110;0;99;0;0.0;19.700;1.340;24;26;0;0;100;0;100;0;0;0;0;88;88;0;0.000;0.000;0.000;0.000;0.000;0.000;0.0;0.0;0;14;0.000;0.000;11.3;0;0.1;0;0;0;0;0;98;0;0;4983;0.00;0;0;0;0;0;0;0;0;0;0;0;0;0;0;0;0;14;0;99.0;99.0;0;0;0.00;0.00;0.00;0.0;0.0
102.276;110;0;99;0;0.0;19.700;1.340;24;26;0;0;100;0;100;0;0;0;0;88;88;0;0.000;0.000;0.000;0.000;0.000;0.000;0.0;0.0;0;14;0.000;0.000;11.3;0;0.1;0;0;0;0;0;98;0;0;4983;0.00;0;0;0;0;0;0;0;0;0;0;0;0;0;0;0;0;14;0;99.0;99.0;0;0;0.00;0.00;0.00;0.0;0.0
102.345;110;0;99;0;0.0;19.700;1.340;24;26;0;0;100;0;100;0;0;0;0;88;88;0;0.000;0.000;0.000;0.000;0.000;0.000;0.0;0.0;0;14;0.000;0.000;11.3;0;0.1;0;0;0;0;0;98;0;0;4983;0.00;0;0;0;0;0;0;0;0;0;0;0;0;0;0;0;0;14;0;99.0;99.0;0;0;0.00;0.00;0.00;0.0;0.0
102.410;110;0;98;0;0.0;19.700;1.340;24;26;0;0;100;0;100;0;0;0;0;88;88;0;0.000;0.000;0.000;0.000;0.000;0.000;0.0;0.0;0;15;0.000;0.000;11.3;0;0.0;0;0;0;0;0;98;0;0;4983;0.00;0;0;0;0;0;0;0;0;0;0;0;0;0;0;0;0;15;0;98.0;98.0;0;0;0.00;0.00;0.00;0.0;0.0
102.475;110;0;99;0;0.0;19.700;1.340;24;26;0;0;100;0;100;0;0;0;0;88;88;0;0.000;0.000;0.000;0.000;0.000;0.000;0.0;0.0;0;14;0.000;0.000;11.3;0;0.1;0;0;0;0;0;98;0;0;4983;0.00;0;0;0;0;0;0;0;0;0;0;0;0;0;0;0;0;14;0;99.0;99.0;0;0;0.00;0.00;0.00;0.0;0.0
102.540;111;0;99;0;0.0;19.700;1.340;24;26;0;0;100;0;100;0;0;0;0;88;88;0;0.000;0.000;0.000;0.000;0.000;0.000;0.0;0.0;0;14;0.000;0.000;11.3;0;0.1;0;0;0;0;0;98;0;0;4958;0.00;0;0;0;0;0;0;0;0;0;0;0;0;0;0;0;0;14;0;99.0;99.0;0;0;0.00;0.00;0.00;0.0;0.0
102.606;111;0;99;0;0.0;19.700;1.340;24;26;0;0;100;0;100;0;0;0;0;88;88;0;0.000;0.000;0.000;0.000;0.000;0.000;0.0;0.0;0;14;0.000;0.000;11.3;0;0.1;0;0;0;0;0;98;0;0;4958;0.00;0;0;0;0;0;0;0;0;0;0;0;0;0;0;0;0;14;0;99.0;99.0;0;0;0.00;0.00;0.00;0.0;0.0
102.672;111;0;99;0;0.0;19.700;1.340;24;26;0;0;100;0;100;0;0;0;0;88;88;0;0.000;0.000;0.000;0.000;0.000;0.000;0.0;0.0;0;14;0.000;0.000;11.3;0;0.1;0;0;0;0;0;98;0;0;4958;0.00;0;0;0;0;0;0;0;0;0;0;0;0;0;0;0;0;14;0;99.0;99.0;0;0;0.00;0.00;0.00;0.0;0.0
102.741;111;0;99;0;0.0;19.700;1.340;24;26;0;0;100;0;100;0;0;0;0;88;88;0;0.000;0.000;0.000;0.000;0.000;0.000;0.0;0.0;0;14;0.000;0.000;11.3;0;0.1;0;0;0;0;0;98;0;0;4958;0.00;0;0;0;0;0;0;0;0;0;0;0;0;0;0;0;0;14;0;99.0;99.0;0;0;0.00;0.00;0.00;0.0;0.0
102.807;111;0;99;0;0.0;19.700;1.340;24;26;0;0;100;0;100;0;0;0;0;88;88;0;0.000;0.000;0.000;0.000;0.000;0.000;0.0;0.0;0;14;0.000;0.000;11.3;0;0.1;0;0;0;0;0;98;0;0;4958;0.00;0;0;0;0;0;0;0;0;0;0;0;0;0;0;0;0;14;0;99.0;99.0;0;0;0.00;0.00;0.00;0.0;0.0
102.876;111;0;99;0;0.0;19.700;1.340;24;26;0;0;100;0;100;0;0;0;0;88;88;0;0.000;0.000;0.000;0.000;0.000;0.000;0.0;0.0;0;14;0.000;0.000;11.3;0;0.1;0;0;0;0;0;98;0;0;4958;0.00;0;0;0;0;0;0;0;0;0;0;0;0;0;0;0;0;14;0;99.0;99.0;0;0;0.00;0.00;0.00;0.0;0.0
102.942;111;0;99;0;0.0;19.700;1.340;24;26;0;0;100;0;100;0;0;0;0;88;88;0;0.000;0.000;0.000;0.000;0.000;0.000;0.0;0.0;0;14;0.000;0.000;11.3;0;0.1;0;0;0;0;0;98;0;0;4958;0.00;0;0;0;0;0;0;0;0;0;0;0;0;0;0;0;0;14;0;99.0;99.0;0;0;0.00;0.00;0.00;0.0;0.0
103.007;111;0;99;0;0.0;19.700;1.340;24;26;0;0;100;0;100;0;0;0;0;88;88;0;0.000;0.000;0.000;0.000;0.000;0.000;0.0;0.0;0;14;0.000;0.000;11.3;0;0.1;0;0;0;0;0;98;0;0;4958;0.00;0;0;0;0;0;0;0;0;0;0;0;0;0;0;0;0;14;0;99.0;99.0;0;0;0.00;0.00;0.00;0.0;0.0
103.074;111;0;99;0;0.0;19.700;1.340;24;26;0;0;100;0;100;0;0;0;0;88;88;0;0.000;0.000;0.000;0.000;0.000;0.000;0.0;0.0;0;14;0.000;0.000;11.3;0;0.1;0;0;0;0;0;98;0;0;4958;0.00;0;0;0;0;0;0;0;0;0;0;0;0;0;0;0;0;14;0;99.0;99.0;0;0;0.00;0.00;0.00;0.0;0.0
103.144;111;0;99;0;0.0;19.700;1.340;24;26;0;0;100;0;100;0;0;0;0;88;88;0;0.000;0.000;0.000;0.000;0.000;0.000;0.0;0.0;0;14;0.000;0.000;11.3;0;0.1;0;0;0;0;0;98;0;0;4958;0.00;0;0;0;0;0;0;0;0;0;0;0;0;0;0;0;0;14;0;99.0;99.0;0;0;0.00;0.00;0.00;0.0;0.0
103.208;111;0;99;0;0.0;19.700;1.340;24;26;0;0;100;0;100;0;0;0;0;88;88;0;0.000;0.000;0.000;0.000;0.000;0.000;0.0;0.0;0;14;0.000;0.000;11.3;0;0.1;0;0;0;0;0;98;0;0;4958;0.00;0;0;0;0;0;0;0;0;0;0;0;0;0;0;0;0;14;0;99.0;99.0;0;0;0.00;0.00;0.00;0.0;0.0
103.274;111;0;99;0;0.0;19.700;1.340;24;26;0;0;100;0;100;0;0;0;0;88;88;0;0.000;0.000;0.000;0.000;0.000;0.000;0.0;0.0;0;14;0.000;0.000;11.3;0;0.1;0;0;0;0;0;98;0;0;4958;0.00;0;0;0;0;0;0;0;0;0;0;0;0;0;0;0;0;14;0;99.0;99.0;0;0;0.00;0.00;0.00;0.0;0.0
103.339;111;0;99;0;0.0;19.700;1.340;24;26;0;0;100;0;100;0;0;0;0;88;88;0;0.000;0.000;0.000;0.000;0.000;0.000;0.0;0.0;0;14;0.000;0.000;11.3;0;0.1;0;0;0;0;0;98;0;0;4958;0.00;0;0;0;0;0;0;0;0;0;0;0;0;0;0;0;0;14;0;99.0;99.0;0;0;0.00;0.00;0.00;0.0;0.0
103.409;111;0;99;0;0.0;19.700;1.340;24;26;0;0;100;0;100;0;0;0;0;88;88;0;0.000;0.000;0.000;0.000;0.000;0.000;0.0;0.0;0;14;0.000;0.000;11.3;0;0.1;0;0;0;0;0;98;0;0;4958;0.00;0;0;0;0;0;0;0;0;0;0;0;0;0;0;0;0;14;0;99.0;99.0;0;0;0.00;0.00;0.00;0.0;0.0
103.475;111;0;99;0;0.0;19.700;1.340;24;26;0;0;100;0;100;0;0;0;0;88;88;0;0.000;0.000;0.000;0.000;0.000;0.000;0.0;0.0;0;14;0.000;0.000;11.3;0;0.1;0;0;0;0;0;98;0;0;4958;0.00;0;0;0;0;0;0;0;0;0;0;0;0;0;0;0;0;14;0;99.0;99.0;0;0;0.00;0.00;0.00;0.0;0.0
103.540;112;0;99;0;0.0;19.700;1.340;24;26;0;0;100;0;100;0;0;0;0;88;88;0;0.000;0.000;0.000;0.000;0.000;0.000;0.0;0.0;0;14;0.000;0.000;11.3;0;0.0;0;0;0;0;0;99;0;0;4978;0.00;0;0;0;0;0;0;0;0;0;0;0;0;0;0;0;0;14;0;99.0;99.0;0;0;0.00;0.00;0.00;0.0;0.0
103.610;112;0;98;0;0.0;19.700;1.340;24;26;0;0;100;0;100;0;0;0;0;88;88;0;0.000;0.000;0.000;0.000;0.000;0.000;0.0;0.0;0;15;0.000;0.000;11.3;0;-0.1;0;0;0;0;0;99;0;0;4978;0.00;0;0;0;0;0;0;0;0;0;0;0;0;0;0;0;0;15;0;98.0;98.0;0;0;0.00;0.00;0.00;0.0;0.0
103.676;112;0;99;0;0.0;19.700;1.340;24;26;0;0;100;0;100;0;0;0;0;88;88;0;0.000;0.000;0.000;0.000;0.000;0.000;0.0;0.0;0;14;0.000;0.000;11.3;0;0.0;0;0;0;0;0;99;0;0;4978;0.00;0;0;0;0;0;0;0;0;0;0;0;0;0;0;0;0;14;0;99.0;99.0;0;0;0.00;0.00;0.00;0.0;0.0
103.741;112;0;99;0;0.0;19.700;1.340;24;26;0;0;100;0;100;0;0;0;0;88;88;0;0.000;0.000;0.000;0.000;0.000;0.000;0.0;0.0;0;14;0.000;0.000;11.3;0;0.0;0;0;0;0;0;99;0;0;4978;0.00;0;0;0;0;0;0;0;0;0;0;0;0;0;0;0;0;14;0;99.0;99.0;0;0;0.00;0.00;0.00;0.0;0.0
103.807;112;0;99;0;0.0;19.700;1.340;24;26;0;0;100;0;100;0;0;0;0;88;88;0;0.000;0.000;0.000;0.000;0.000;0.000;0.0;0.0;0;14;0.000;0.000;11.3;0;0.0;0;0;0;0;0;99;0;0;4978;0.00;0;0;0;0;0;0;0;0;0;0;0;0;0;0;0;0;14;0;99.0;99.0;0;0;0.00;0.00;0.00;0.0;0.0
103.872;112;0;99;0;0.0;19.700;1.340;24;26;0;0;100;0;100;0;0;0;0;88;88;0;0.000;0.000;0.000;0.000;0.000;0.000;0.0;0.0;0;14;0.000;0.000;11.3;0;0.0;0;0;0;0;0;99;0;0;4978;0.00;0;0;0;0;0;0;0;0;0;0;0;0;0;0;0;0;14;0;99.0;99.0;0;0;0.00;0.00;0.00;0.0;0.0
103.941;112;0;99;0;0.0;19.700;1.340;24;26;0;0;100;0;100;0;0;0;0;88;88;0;0.000;0.000;0.000;0.000;0.000;0.000;0.0;0.0;0;14;0.000;0.000;11.3;0;0.0;0;0;0;0;0;99;0;0;4978;0.00;0;0;0;0;0;0;0;0;0;0;0;0;0;0;0;0;14;0;99.0;99.0;0;0;0.00;0.00;0.00;0.0;0.0
104.007;112;0;99;0;0.0;19.700;1.340;24;26;0;0;100;0;100;0;0;0;0;88;88;0;0.000;0.000;0.000;0.000;0.000;0.000;0.0;0.0;0;14;0.000;0.000;11.3;0;0.0;0;0;0;0;0;99;0;0;4978;0.00;0;0;0;0;0;0;0;0;0;0;0;0;0;0;0;0;14;0;99.0;99.0;0;0;0.00;0.00;0.00;0.0;0.0
104.073;112;0;99;0;0.0;19.700;1.340;24;26;0;0;100;0;100;0;0;0;0;88;88;0;0.000;0.000;0.000;0.000;0.000;0.000;0.0;0.0;0;14;0.000;0.000;11.3;0;0.0;0;0;0;0;0;99;0;0;4978;0.00;0;0;0;0;0;0;0;0;0;0;0;0;0;0;0;0;14;0;99.0;99.0;0;0;0.00;0.00;0.00;0.0;0.0
104.143;112;0;99;0;0.0;19.700;1.340;24;26;0;0;100;0;100;0;0;0;0;88;88;0;0.000;0.000;0.000;0.000;0.000;0.000;0.0;0.0;0;14;0.000;0.000;11.3;0;0.0;0;0;0;0;0;99;0;0;4978;0.00;0;0;0;0;0;0;0;0;0;0;0;0;0;0;0;0;14;0;99.0;99.0;0;0;0.00;0.00;0.00;0.0;0.0
104.208;112;0;99;0;0.0;19.700;1.340;24;26;0;0;100;0;100;0;0;0;0;88;88;0;0.000;0.000;0.000;0.000;0.000;0.000;0.0;0.0;0;14;0.000;0.000;11.3;0;0.0;0;0;0;0;0;99;0;0;4978;0.00;0;0;0;0;0;0;0;0;0;0;0;0;0;0;0;0;14;0;99.0;99.0;0;0;0.00;0.00;0.00;0.0;0.0
104.273;112;0;99;0;0.0;19.700;1.340;24;26;0;0;100;0;100;0;0;0;0;88;88;0;0.000;0.000;0.000;0.000;0.000;0.000;0.0;0.0;0;14;0.000;0.000;11.3;0;0.0;0;0;0;0;0;99;0;0;4978;0.00;0;0;0;0;0;0;0;0;0;0;0;0;0;0;0;0;14;0;99.0;99.0;0;0;0.00;0.00;0.00;0.0;0.0
104.339;112;0;99;0;0.0;19.700;1.340;24;26;0;0;100;0;100;0;0;0;0;88;88;0;0.000;0.000;0.000;0.000;0.000;0.000;0.0;0.0;0;14;0.000;0.000;11.3;0;0.0;0;0;0;0;0;99;0;0;4978;0.00;0;0;0;0;0;0;0;0;0;0;0;0;0;0;0;0;14;0;99.0;99.0;0;0;0.00;0.00;0.00;0.0;0.0
104.408;112;0;99;0;0.0;19.700;1.340;24;26;0;0;100;0;100;0;0;0;0;88;88;0;0.000;0.000;0.000;0.000;0.000;0.000;0.0;0.0;0;14;0.000;0.000;11.3;0;0.0;0;0;0;0;0;99;0;0;4978;0.00;0;0;0;0;0;0;0;0;0;0;0;0;0;0;0;0;14;0;99.0;99.0;0;0;0.00;0.00;0.00;0.0;0.0
104.474;112;0;99;0;0.0;19.700;1.340;24;26;0;0;100;0;100;0;0;0;0;88;88;0;0.000;0.000;0.000;0.000;0.000;0.000;0.0;0.0;0;14;0.000;0.000;11.3;0;0.0;0;0;0;0;0;99;0;0;4978;0.00;0;0;0;0;0;0;0;0;0;0;0;0;0;0;0;0;14;0;99.0;99.0;0;0;0.00;0.00;0.00;0.0;0.0
104.539;113;0;99;0;0.0;19.700;1.340;24;26;0;0;100;0;100;0;0;0;0;88;88;0;0.000;0.000;0.000;0.000;0.000;0.000;0.0;0.0;0;14;0.000;0.000;11.3;0;0.0;0;0;0;0;0;99;0;0;4981;0.00;0;0;0;0;0;0;0;0;0;0;0;0;0;0;0;0;14;0;99.0;99.0;0;0;0.00;0.00;0.00;0.0;0.0
104.606;113;0;99;0;0.0;19.700;1.340;24;26;0;0;100;0;100;0;0;0;0;88;88;0;0.000;0.000;0.000;0.000;0.000;0.000;0.0;0.0;0;14;0.000;0.000;11.3;0;0.0;0;0;0;0;0;99;0;0;4981;0.00;0;0;0;0;0;0;0;0;0;0;0;0;0;0;0;0;14;0;99.0;99.0;0;0;0.00;0.00;0.00;0.0;0.0
104.675;113;0;99;0;0.0;19.700;1.340;24;26;0;0;100;0;100;0;0;0;0;88;88;0;0.000;0.000;0.000;0.000;0.000;0.000;0.0;0.0;0;14;0.000;0.000;11.3;0;0.0;0;0;0;0;0;99;0;0;4981;0.00;0;0;0;0;0;0;0;0;0;0;0;0;0;0;0;0;14;0;99.0;99.0;0;0;0.00;0.00;0.00;0.0;0.0
104.741;113;0;99;0;0.0;19.700;1.340;24;26;0;0;100;0;100;0;0;0;0;88;88;0;0.000;0.000;0.000;0.000;0.000;0.000;0.0;0.0;0;14;0.000;0.000;11.3;0;0.0;0;0;0;0;0;99;0;0;4981;0.00;0;0;0;0;0;0;0;0;0;0;0;0;0;0;0;0;14;0;99.0;99.0;0;0;0.00;0.00;0.00;0.0;0.0
104.806;113;0;99;0;0.0;19.700;1.340;24;26;0;0;100;0;100;0;0;0;0;88;88;0;0.000;0.000;0.000;0.000;0.000;0.000;0.0;0.0;0;14;0.000;0.000;11.3;0;0.0;0;0;0;0;0;99;0;0;4981;0.00;0;0;0;0;0;0;0;0;0;0;0;0;0;0;0;0;14;0;99.0;99.0;0;0;0.00;0.00;0.00;0.0;0.0
104.871;113;0;98;0;0.0;19.700;1.340;24;26;0;0;100;0;100;0;0;0;0;88;88;0;0.000;0.000;0.000;0.000;0.000;0.000;0.0;0.0;0;15;0.000;0.000;11.3;0;-0.1;0;0;0;0;0;99;0;0;4981;0.00;0;0;0;0;0;0;0;0;0;0;0;0;0;0;0;0;15;0;98.0;98.0;0;0;0.00;0.00;0.00;0.0;0.0
104.941;113;0;99;0;0.0;19.700;1.340;24;26;0;0;100;0;100;0;0;0;0;88;88;0;0.000;0.000;0.000;0.000;0.000;0.000;0.0;0.0;0;14;0.000;0.000;11.3;0;0.0;0;0;0;0;0;99;0;0;4981;0.00;0;0;0;0;0;0;0;0;0;0;0;0;0;0;0;0;14;0;99.0;99.0;0;0;0.00;0.00;0.00;0.0;0.0
105.007;113;0;99;0;0.0;19.700;1.340;24;26;0;0;100;0;100;0;0;0;0;88;88;0;0.000;0.000;0.000;0.000;0.000;0.000;0.0;0.0;0;14;0.000;0.000;11.3;0;0.0;0;0;0;0;0;99;0;0;4981;0.00;0;0;0;0;0;0;0;0;0;0;0;0;0;0;0;0;14;0;99.0;99.0;0;0;0.00;0.00;0.00;0.0;0.0
105.073;113;0;99;0;0.0;19.700;1.340;24;26;0;0;100;0;100;0;0;0;0;88;88;0;0.000;0.000;0.000;0.000;0.000;0.000;0.0;0.0;0;14;0.000;0.000;11.3;0;0.0;0;0;0;0;0;99;0;0;4981;0.00;0;0;0;0;0;0;0;0;0;0;0;0;0;0;0;0;14;0;99.0;99.0;0;0;0.00;0.00;0.00;0.0;0.0
105.141;113;0;99;0;0.0;19.700;1.340;24;26;0;0;100;0;100;0;0;0;0;88;88;0;0.000;0.000;0.000;0.000;0.000;0.000;0.0;0.0;0;14;0.000;0.000;11.3;0;0.0;0;0;0;0;0;99;0;0;4981;0.00;0;0;0;0;0;0;0;0;0;0;0;0;0;0;0;0;14;0;99.0;99.0;0;0;0.00;0.00;0.00;0.0;0.0
105.208;113;0;99;0;0.0;19.700;1.340;24;26;0;0;100;0;100;0;0;0;0;88;88;0;0.000;0.000;0.000;0.000;0.000;0.000;0.0;0.0;0;14;0.000;0.000;11.3;0;0.0;0;0;0;0;0;99;0;0;4981;0.00;0;0;0;0;0;0;0;0;0;0;0;0;0;0;0;0;14;0;99.0;99.0;0;0;0.00;0.00;0.00;0.0;0.0
105.277;113;0;99;0;0.0;19.700;1.340;24;26;0;0;100;0;100;0;0;0;0;88;88;0;0.000;0.000;0.000;0.000;0.000;0.000;0.0;0.0;0;14;0.000;0.000;11.3;0;0.0;0;0;0;0;0;99;0;0;4981;0.00;0;0;0;0;0;0;0;0;0;0;0;0;0;0;0;0;14;0;99.0;99.0;0;0;0.00;0.00;0.00;0.0;0.0
105.343;113;0;99;0;0.0;19.700;1.340;24;26;0;0;100;0;100;0;0;0;0;88;88;0;0.000;0.000;0.000;0.000;0.000;0.000;0.0;0.0;0;14;0.000;0.000;11.3;0;0.0;0;0;0;0;0;99;0;0;4981;0.00;0;0;0;0;0;0;0;0;0;0;0;0;0;0;0;0;14;0;99.0;99.0;0;0;0.00;0.00;0.00;0.0;0.0
105.409;113;0;99;0;0.0;19.700;1.340;24;26;0;0;100;0;100;0;0;0;0;88;88;0;0.000;0.000;0.000;0.000;0.000;0.000;0.0;0.0;0;14;0.000;0.000;11.3;0;0.0;0;0;0;0;0;99;0;0;4981;0.00;0;0;0;0;0;0;0;0;0;0;0;0;0;0;0;0;14;0;99.0;99.0;0;0;0.00;0.00;0.00;0.0;0.0
105.474;113;0;99;0;0.0;19.700;1.340;24;26;0;0;100;0;100;0;0;0;0;88;88;0;0.000;0.000;0.000;0.000;0.000;0.000;0.0;0.0;0;14;0.000;0.000;11.3;0;0.0;0;0;0;0;0;99;0;0;4981;0.00;0;0;0;0;0;0;0;0;0;0;0;0;0;0;0;0;14;0;99.0;99.0;0;0;0.00;0.00;0.00;0.0;0.0
105.544;114;0;99;0;0.0;19.700;1.340;24;26;0;0;100;0;100;0;0;0;0;88;88;0;0.000;0.000;0.000;0.000;0.000;0.000;0.0;0.0;0;14;0.000;0.000;11.3;0;0.0;0;0;0;0;0;99;0;0;4982;0.00;0;0;0;0;0;0;0;0;0;0;0;0;0;0;0;0;14;0;99.0;99.0;0;0;0.00;0.00;0.00;0.0;0.0
105.609;114;0;99;0;0.0;19.700;1.340;24;26;0;0;100;0;100;0;0;0;0;88;88;0;0.000;0.000;0.000;0.000;0.000;0.000;0.0;0.0;0;14;0.000;0.000;11.3;0;0.0;0;0;0;0;0;99;0;0;4982;0.00;0;0;0;0;0;0;0;0;0;0;0;0;0;0;0;0;14;0;99.0;99.0;0;0;0.00;0.00;0.00;0.0;0.0
105.674;114;0;99;0;0.0;19.700;1.340;24;26;0;0;100;0;100;0;0;0;0;88;88;0;0.000;0.000;0.000;0.000;0.000;0.000;0.0;0.0;0;14;0.000;0.000;11.3;0;0.0;0;0;0;0;0;99;0;0;4982;0.00;0;0;0;0;0;0;0;0;0;0;0;0;0;0;0;0;14;0;99.0;99.0;0;0;0.00;0.00;0.00;0.0;0.0
105.740;114;0;99;0;0.0;19.700;1.340;24;26;0;0;100;0;100;0;0;0;0;88;88;0;0.000;0.000;0.000;0.000;0.000;0.000;0.0;0.0;0;14;0.000;0.000;11.3;0;0.0;0;0;0;0;0;99;0;0;4982;0.00;0;0;0;0;0;0;0;0;0;0;0;0;0;0;0;0;14;0;99.0;99.0;0;0;0.00;0.00;0.00;0.0;0.0
105.808;114;0;98;0;0.0;19.700;1.340;24;26;0;0;100;0;100;0;0;0;0;88;88;0;0.000;0.000;0.000;0.000;0.000;0.000;0.0;0.0;0;15;0.000;0.000;11.3;0;-0.1;0;0;0;0;0;99;0;0;4982;0.00;0;0;0;0;0;0;0;0;0;0;0;0;0;0;0;0;15;0;98.0;98.0;0;0;0.00;0.00;0.00;0.0;0.0
105.875;114;0;99;0;0.0;19.700;1.340;24;26;0;0;100;0;100;0;0;0;0;88;88;0;0.000;0.000;0.000;0.000;0.000;0.000;0.0;0.0;0;14;0.000;0.000;11.3;0;0.0;0;0;0;0;0;99;0;0;4982;0.00;0;0;0;0;0;0;0;0;0;0;0;0;0;0;0;0;14;0;99.0;99.0;0;0;0.00;0.00;0.00;0.0;0.0
105.941;114;0;99;0;0.0;19.700;1.340;24;26;0;0;100;0;100;0;0;0;0;88;88;0;0.000;0.000;0.000;0.000;0.000;0.000;0.0;0.0;0;14;0.000;0.000;11.3;0;0.0;0;0;0;0;0;99;0;0;4982;0.00;0;0;0;0;0;0;0;0;0;0;0;0;0;0;0;0;14;0;99.0;99.0;0;0;0.00;0.00;0.00;0.0;0.0
106.005;114;0;99;0;0.0;19.700;1.340;24;26;0;0;100;0;100;0;0;0;0;88;88;0;0.000;0.000;0.000;0.000;0.000;0.000;0.0;0.0;0;14;0.000;0.000;11.3;0;0.0;0;0;0;0;0;99;0;0;4982;0.00;0;0;0;0;0;0;0;0;0;0;0;0;0;0;0;0;14;0;99.0;99.0;0;0;0.00;0.00;0.00;0.0;0.0
106.071;114;0;99;0;0.0;19.700;1.340;24;26;0;0;100;0;100;0;0;0;0;88;88;0;0.000;0.000;0.000;0.000;0.000;0.000;0.0;0.0;0;14;0.000;0.000;11.3;0;0.0;0;0;0;0;0;99;0;0;4982;0.00;0;0;0;0;0;0;0;0;0;0;0;0;0;0;0;0;14;0;99.0;99.0;0;0;0.00;0.00;0.00;0.0;0.0
106.141;114;0;99;0;0.0;19.700;1.340;24;26;0;0;100;0;100;0;0;0;0;88;88;0;0.000;0.000;0.000;0.000;0.000;0.000;0.0;0.0;0;14;0.000;0.000;11.3;0;0.0;0;0;0;0;0;99;0;0;4982;0.00;0;0;0;0;0;0;0;0;0;0;0;0;0;0;0;0;14;0;99.0;99.0;0;0;0.00;0.00;0.00;0.0;0.0
106.210;114;0;99;0;0.0;19.700;1.340;24;26;0;0;100;0;100;0;0;0;0;88;88;0;0.000;0.000;0.000;0.000;0.000;0.000;0.0;0.0;0;14;0.000;0.000;11.3;0;0.0;0;0;0;0;0;99;0;0;4982;0.00;0;0;0;0;0;0;0;0;0;0;0;0;0;0;0;0;14;0;99.0;99.0;0;0;0.00;0.00;0.00;0.0;0.0
106.277;114;0;99;0;0.0;19.700;1.340;24;26;0;0;100;0;100;0;0;0;0;88;88;0;0.000;0.000;0.000;0.000;0.000;0.000;0.0;0.0;0;14;0.000;0.000;11.3;0;0.0;0;0;0;0;0;99;0;0;4982;0.00;0;0;0;0;0;0;0;0;0;0;0;0;0;0;0;0;14;0;99.0;99.0;0;0;0.00;0.00;0.00;0.0;0.0
106.342;114;0;99;0;0.0;19.700;1.340;24;26;0;0;100;0;100;0;0;0;0;88;88;0;0.000;0.000;0.000;0.000;0.000;0.000;0.0;0.0;0;14;0.000;0.000;11.3;0;0.0;0;0;0;0;0;99;0;0;4982;0.00;0;0;0;0;0;0;0;0;0;0;0;0;0;0;0;0;14;0;99.0;99.0;0;0;0.00;0.00;0.00;0.0;0.0
106.412;114;0;99;0;0.0;19.700;1.340;24;26;0;0;100;0;100;0;0;0;0;88;88;0;0.000;0.000;0.000;0.000;0.000;0.000;0.0;0.0;0;14;0.000;0.000;11.3;0;0.0;0;0;0;0;0;99;0;0;4982;0.00;0;0;0;0;0;0;0;0;0;0;0;0;0;0;0;0;14;0;99.0;99.0;0;0;0.00;0.00;0.00;0.0;0.0
106.477;114;0;98;0;0.0;19.700;1.340;24;26;0;0;100;0;100;0;0;0;0;88;88;0;0.000;0.000;0.000;0.000;0.000;0.000;0.0;0.0;0;15;0.000;0.000;11.3;0;-0.1;0;0;0;0;0;99;0;0;4982;0.00;0;0;0;0;0;0;0;0;0;0;0;0;0;0;0;0;15;0;98.0;98.0;0;0;0.00;0.00;0.00;0.0;0.0
106.543;114;0;99;0;0.0;19.700;1.340;24;26;0;0;100;0;100;0;0;0;0;88;88;0;0.000;0.000;0.000;0.000;0.000;0.000;0.0;0.0;0;14;0.000;0.000;11.3;0;0.0;0;0;0;0;0;99;0;0;4982;0.00;0;0;0;0;0;0;0;0;0;0;0;0;0;0;0;0;14;0;99.0;99.0;0;0;0.00;0.00;0.00;0.0;0.0
106.608;115;0;99;0;0.0;19.700;1.340;24;26;0;0;100;0;100;0;0;0;0;88;88;0;0.000;0.000;0.000;0.000;0.000;0.000;0.0;0.0;0;14;0.000;0.000;11.3;0;0.0;0;0;0;0;0;99;0;0;4960;0.00;0;0;0;0;0;0;0;0;0;0;0;0;0;0;0;0;14;0;99.0;99.0;0;0;0.00;0.00;0.00;0.0;0.0
106.678;115;0;99;0;0.0;19.700;1.340;24;26;0;0;100;0;100;0;0;0;0;88;88;0;0.000;0.000;0.000;0.000;0.000;0.000;0.0;0.0;0;14;0.000;0.000;11.3;0;0.0;0;0;0;0;0;99;0;0;4960;0.00;0;0;0;0;0;0;0;0;0;0;0;0;0;0;0;0;14;0;99.0;99.0;0;0;0.00;0.00;0.00;0.0;0.0
106.743;115;0;99;0;0.0;19.700;1.340;24;26;0;0;100;0;100;0;0;0;0;88;88;0;0.000;0.000;0.000;0.000;0.000;0.000;0.0;0.0;0;14;0.000;0.000;11.3;0;0.0;0;0;0;0;0;99;0;0;4960;0.00;0;0;0;0;0;0;0;0;0;0;0;0;0;0;0;0;14;0;99.0;99.0;0;0;0.00;0.00;0.00;0.0;0.0
106.809;115;0;99;0;0.0;19.700;1.340;24;26;0;0;100;0;100;0;0;0;0;88;88;0;0.000;0.000;0.000;0.000;0.000;0.000;0.0;0.0;0;14;0.000;0.000;11.3;0;0.0;0;0;0;0;0;99;0;0;4960;0.00;0;0;0;0;0;0;0;0;0;0;0;0;0;0;0;0;14;0;99.0;99.0;0;0;0.00;0.00;0.00;0.0;0.0
106.874;115;0;99;0;0.0;19.700;1.340;24;26;0;0;100;0;100;0;0;0;0;88;88;0;0.000;0.000;0.000;0.000;0.000;0.000;0.0;0.0;0;14;0.000;0.000;11.3;0;0.0;0;0;0;0;0;99;0;0;4960;0.00;0;0;0;0;0;0;0;0;0;0;0;0;0;0;0;0;14;0;99.0;99.0;0;0;0.00;0.00;0.00;0.0;0.0
106.940;115;0;99;0;0.0;19.700;1.340;24;26;0;0;100;0;100;0;0;0;0;88;88;0;0.000;0.000;0.000;0.000;0.000;0.000;0.0;0.0;0;14;0.000;0.000;11.3;0;0.0;0;0;0;0;0;99;0;0;4960;0.00;0;0;0;0;0;0;0;0;0;0;0;0;0;0;0;0;14;0;99.0;99.0;0;0;0.00;0.00;0.00;0.0;0.0
107.010;115;0;99;0;0.0;19.700;1.340;24;26;0;0;100;0;100;0;0;0;0;88;88;0;0.000;0.000;0.000;0.000;0.000;0.000;0.0;0.0;0;14;0.000;0.000;11.3;0;0.0;0;0;0;0;0;99;0;0;4960;0.00;0;0;0;0;0;0;0;0;0;0;0;0;0;0;0;0;14;0;99.0;99.0;0;0;0.00;0.00;0.00;0.0;0.0
107.074;115;0;99;0;0.0;19.700;1.340;24;26;0;0;100;0;100;0;0;0;0;88;88;0;0.000;0.000;0.000;0.000;0.000;0.000;0.0;0.0;0;14;0.000;0.000;11.3;0;0.0;0;0;0;0;0;99;0;0;4960;0.00;0;0;0;0;0;0;0;0;0;0;0;0;0;0;0;0;14;0;99.0;99.0;0;0;0.00;0.00;0.00;0.0;0.0
107.141;115;0;99;0;0.0;19.700;1.340;24;26;0;0;100;0;100;0;0;0;0;88;88;0;0.000;0.000;0.000;0.000;0.000;0.000;0.0;0.0;0;14;0.000;0.000;11.3;0;0.0;0;0;0;0;0;99;0;0;4960;0.00;0;0;0;0;0;0;0;0;0;0;0;0;0;0;0;0;14;0;99.0;99.0;0;0;0.00;0.00;0.00;0.0;0.0
107.209;115;0;99;0;0.0;19.700;1.340;24;26;0;0;100;0;100;0;0;0;0;88;88;0;0.000;0.000;0.000;0.000;0.000;0.000;0.0;0.0;0;14;0.000;0.000;11.3;0;0.0;0;0;0;0;0;99;0;0;4960;0.00;0;0;0;0;0;0;0;0;0;0;0;0;0;0;0;0;14;0;99.0;99.0;0;0;0.00;0.00;0.00;0.0;0.0
107.276;115;0;99;0;0.0;19.700;1.340;24;26;0;0;100;0;100;0;0;0;0;88;88;0;0.000;0.000;0.000;0.000;0.000;0.000;0.0;0.0;0;14;0.000;0.000;11.3;0;0.0;0;0;0;0;0;99;0;0;4960;0.00;0;0;0;0;0;0;0;0;0;0;0;0;0;0;0;0;14;0;99.0;99.0;0;0;0.00;0.00;0.00;0.0;0.0
107.341;115;0;99;0;0.0;19.700;1.340;24;26;0;0;100;0;100;0;0;0;0;88;88;0;0.000;0.000;0.000;0.000;0.000;0.000;0.0;0.0;0;14;0.000;0.000;11.3;0;0.0;0;0;0;0;0;99;0;0;4960;0.00;0;0;0;0;0;0;0;0;0;0;0;0;0;0;0;0;14;0;99.0;99.0;0;0;0.00;0.00;0.00;0.0;0.0
107.407;115;0;99;0;0.0;19.700;1.340;24;26;0;0;100;0;100;0;0;0;0;88;88;0;0.000;0.000;0.000;0.000;0.000;0.000;0.0;0.0;0;14;0.000;0.000;11.3;0;0.0;0;0;0;0;0;99;0;0;4960;0.00;0;0;0;0;0;0;0;0;0;0;0;0;0;0;0;0;14;0;99.0;99.0;0;0;0.00;0.00;0.00;0.0;0.0
107.476;115;0;99;0;0.0;19.700;1.340;24;26;0;0;100;0;100;0;0;0;0;88;88;0;0.000;0.000;0.000;0.000;0.000;0.000;0.0;0.0;0;14;0.000;0.000;11.3;0;0.0;0;0;0;0;0;99;0;0;4960;0.00;0;0;0;0;0;0;0;0;0;0;0;0;0;0;0;0;14;0;99.0;99.0;0;0;0.00;0.00;0.00;0.0;0.0
107.542;115;0;99;0;0.0;19.700;1.340;24;26;0;0;100;0;100;0;0;0;0;88;88;0;0.000;0.000;0.000;0.000;0.000;0.000;0.0;0.0;0;14;0.000;0.000;11.3;0;0.0;0;0;0;0;0;99;0;0;4960;0.00;0;0;0;0;0;0;0;0;0;0;0;0;0;0;0;0;14;0;99.0;99.0;0;0;0.00;0.00;0.00;0.0;0.0
107.607;116;0;99;0;0.0;19.700;1.340;24;26;0;0;100;0;100;0;0;0;0;88;88;0;0.000;0.000;0.000;0.000;0.000;0.000;0.0;0.0;0;14;0.000;0.000;11.3;0;0.0;0;0;0;0;0;99;0;0;4977;0.00;0;0;0;0;0;0;0;0;0;0;0;0;0;0;0;0;14;0;99.0;99.0;0;0;0.00;0.00;0.00;0.0;0.0
107.674;116;0;99;0;0.0;19.700;1.340;24;26;0;0;100;0;100;0;0;0;0;88;88;0;0.000;0.000;0.000;0.000;0.000;0.000;0.0;0.0;0;14;0.000;0.000;11.3;0;0.0;0;0;0;0;0;99;0;0;4977;0.00;0;0;0;0;0;0;0;0;0;0;0;0;0;0;0;0;14;0;99.0;99.0;0;0;0.00;0.00;0.00;0.0;0.0
107.742;116;0;99;0;0.0;19.700;1.340;24;26;0;0;100;0;100;0;0;0;0;88;88;0;0.000;0.000;0.000;0.000;0.000;0.000;0.0;0.0;0;14;0.000;0.000;11.3;0;0.0;0;0;0;0;0;99;0;0;4977;0.00;0;0;0;0;0;0;0;0;0;0;0;0;0;0;0;0;14;0;99.0;99.0;0;0;0.00;0.00;0.00;0.0;0.0
107.808;116;0;99;0;0.0;19.700;1.340;24;26;0;0;100;0;100;0;0;0;0;88;88;0;0.000;0.000;0.000;0.000;0.000;0.000;0.0;0.0;0;14;0.000;0.000;11.3;0;0.0;0;0;0;0;0;99;0;0;4977;0.00;0;0;0;0;0;0;0;0;0;0;0;0;0;0;0;0;14;0;99.0;99.0;0;0;0.00;0.00;0.00;0.0;0.0
107.874;116;0;99;0;0.0;19.700;1.340;24;26;0;0;100;0;100;0;0;0;0;88;88;0;0.000;0.000;0.000;0.000;0.000;0.000;0.0;0.0;0;14;0.000;0.000;11.3;0;0.0;0;0;0;0;0;99;0;0;4977;0.00;0;0;0;0;0;0;0;0;0;0;0;0;0;0;0;0;14;0;99.0;99.0;0;0;0.00;0.00;0.00;0.0;0.0
107.939;116;0;99;0;0.0;19.700;1.340;24;26;0;0;100;0;100;0;0;0;0;88;88;0;0.000;0.000;0.000;0.000;0.000;0.000;0.0;0.0;0;14;0.000;0.000;11.3;0;0.0;0;0;0;0;0;99;0;0;4977;0.00;0;0;0;0;0;0;0;0;0;0;0;0;0;0;0;0;14;0;99.0;99.0;0;0;0.00;0.00;0.00;0.0;0.0
108.009;116;0;99;0;0.0;19.700;1.340;24;26;0;0;100;0;100;0;0;0;0;88;88;0;0.000;0.000;0.000;0.000;0.000;0.000;0.0;0.0;0;14;0.000;0.000;11.3;0;0.0;0;0;0;0;0;99;0;0;4977;0.00;0;0;0;0;0;0;0;0;0;0;0;0;0;0;0;0;14;0;99.0;99.0;0;0;0.00;0.00;0.00;0.0;0.0
108.074;116;0;99;0;0.0;19.700;1.340;24;26;0;0;100;0;100;0;0;0;0;88;88;0;0.000;0.000;0.000;0.000;0.000;0.000;0.0;0.0;0;14;0.000;0.000;11.3;0;0.0;0;0;0;0;0;99;0;0;4977;0.00;0;0;0;0;0;0;0;0;0;0;0;0;0;0;0;0;14;0;99.0;99.0;0;0;0.00;0.00;0.00;0.0;0.0
108.144;116;0;99;0;0.0;19.700;1.340;24;26;0;0;100;0;100;0;0;0;0;88;88;0;0.000;0.000;0.000;0.000;0.000;0.000;0.0;0.0;0;14;0.000;0.000;11.3;0;0.0;0;0;0;0;0;99;0;0;4977;0.00;0;0;0;0;0;0;0;0;0;0;0;0;0;0;0;0;14;0;99.0;99.0;0;0;0.00;0.00;0.00;0.0;0.0
108.209;116;0;99;0;0.0;19.700;1.340;24;26;0;0;100;0;100;0;0;0;0;88;88;0;0.000;0.000;0.000;0.000;0.000;0.000;0.0;0.0;0;14;0.000;0.000;11.3;0;0.0;0;0;0;0;0;99;0;0;4977;0.00;0;0;0;0;0;0;0;0;0;0;0;0;0;0;0;0;14;0;99.0;99.0;0;0;0.00;0.00;0.00;0.0;0.0
108.274;116;0;99;0;0.0;19.700;1.340;24;26;0;0;100;0;100;0;0;0;0;88;88;0;0.000;0.000;0.000;0.000;0.000;0.000;0.0;0.0;0;14;0.000;0.000;11.3;0;0.0;0;0;0;0;0;99;0;0;4977;0.00;0;0;0;0;0;0;0;0;0;0;0;0;0;0;0;0;14;0;99.0;99.0;0;0;0.00;0.00;0.00;0.0;0.0
108.340;116;0;99;0;0.0;19.700;1.340;24;26;0;0;100;0;100;0;0;0;0;88;88;0;0.000;0.000;0.000;0.000;0.000;0.000;0.0;0.0;0;14;0.000;0.000;11.3;0;0.0;0;0;0;0;0;99;0;0;4977;0.00;0;0;0;0;0;0;0;0;0;0;0;0;0;0;0;0;14;0;99.0;99.0;0;0;0.00;0.00;0.00;0.0;0.0
108.410;116;0;99;0;0.0;19.700;1.340;24;26;0;0;100;0;100;0;0;0;0;88;88;0;0.000;0.000;0.000;0.000;0.000;0.000;0.0;0.0;0;14;0.000;0.000;11.3;0;0.0;0;0;0;0;0;99;0;0;4977;0.00;0;0;0;0;0;0;0;0;0;0;0;0;0;0;0;0;14;0;99.0;99.0;0;0;0.00;0.00;0.00;0.0;0.0
108.475;116;0;99;0;0.0;19.700;1.340;24;26;0;0;100;0;100;0;0;0;0;88;88;0;0.000;0.000;0.000;0.000;0.000;0.000;0.0;0.0;0;14;0.000;0.000;11.3;0;0.0;0;0;0;0;0;99;0;0;4977;0.00;0;0;0;0;0;0;0;0;0;0;0;0;0;0;0;0;14;0;99.0;99.0;0;0;0.00;0.00;0.00;0.0;0.0
108.541;116;0;99;0;0.0;19.700;1.340;24;26;0;0;100;0;100;0;0;0;0;88;88;0;0.000;0.000;0.000;0.000;0.000;0.000;0.0;0.0;0;14;0.000;0.000;11.3;0;0.0;0;0;0;0;0;99;0;0;4977;0.00;0;0;0;0;0;0;0;0;0;0;0;0;0;0;0;0;14;0;99.0;99.0;0;0;0.00;0.00;0.00;0.0;0.0
108.606;117;0;99;0;0.0;19.700;1.340;24;26;0;0;100;0;100;0;0;0;0;88;88;0;0.000;0.000;0.000;0.000;0.000;0.000;0.0;0.0;0;14;0.000;0.000;11.3;0;0.0;0;0;0;0;0;99;0;0;4982;0.00;0;0;0;0;0;0;0;0;0;0;0;0;0;0;0;0;14;0;99.0;99.0;0;0;0.00;0.00;0.00;0.0;0.0
108.672;117;0;99;0;0.0;19.700;1.340;24;26;0;0;100;0;100;0;0;0;0;88;88;0;0.000;0.000;0.000;0.000;0.000;0.000;0.0;0.0;0;14;0.000;0.000;11.3;0;0.0;0;0;0;0;0;99;0;0;4982;0.00;0;0;0;0;0;0;0;0;0;0;0;0;0;0;0;0;14;0;99.0;99.0;0;0;0.00;0.00;0.00;0.0;0.0
108.742;117;0;99;0;0.0;19.700;1.340;24;26;0;0;100;0;100;0;0;0;0;88;88;0;0.000;0.000;0.000;0.000;0.000;0.000;0.0;0.0;0;14;0.000;0.000;11.3;0;0.0;0;0;0;0;0;99;0;0;4982;0.00;0;0;0;0;0;0;0;0;0;0;0;0;0;0;0;0;14;0;99.0;99.0;0;0;0.00;0.00;0.00;0.0;0.0
108.807;117;0;99;0;0.0;19.700;1.340;24;26;0;0;100;0;100;0;0;0;0;88;88;0;0.000;0.000;0.000;0.000;0.000;0.000;0.0;0.0;0;14;0.000;0.000;11.3;0;0.0;0;0;0;0;0;99;0;0;4982;0.00;0;0;0;0;0;0;0;0;0;0;0;0;0;0;0;0;14;0;99.0;99.0;0;0;0.00;0.00;0.00;0.0;0.0
108.873;117;0;99;0;0.0;19.700;1.340;24;26;0;0;100;0;100;0;0;0;0;88;88;0;0.000;0.000;0.000;0.000;0.000;0.000;0.0;0.0;0;14;0.000;0.000;11.3;0;0.0;0;0;0;0;0;99;0;0;4982;0.00;0;0;0;0;0;0;0;0;0;0;0;0;0;0;0;0;14;0;99.0;99.0;0;0;0.00;0.00;0.00;0.0;0.0
108.938;117;0;99;0;0.0;19.700;1.340;24;26;0;0;100;0;100;0;0;0;0;88;88;0;0.000;0.000;0.000;0.000;0.000;0.000;0.0;0.0;0;14;0.000;0.000;11.3;0;0.0;0;0;0;0;0;99;0;0;4982;0.00;0;0;0;0;0;0;0;0;0;0;0;0;0;0;0;0;14;0;99.0;99.0;0;0;0.00;0.00;0.00;0.0;0.0
109.003;117;0;99;0;0.0;19.700;1.340;24;26;0;0;100;0;100;0;0;0;0;88;88;0;0.000;0.000;0.000;0.000;0.000;0.000;0.0;0.0;0;14;0.000;0.000;11.3;0;0.0;0;0;0;0;0;99;0;0;4982;0.00;0;0;0;0;0;0;0;0;0;0;0;0;0;0;0;0;14;0;99.0;99.0;0;0;0.00;0.00;0.00;0.0;0.0
109.073;117;0;99;0;0.0;19.700;1.340;24;26;0;0;100;0;100;0;0;0;0;88;88;0;0.000;0.000;0.000;0.000;0.000;0.000;0.0;0.0;0;14;0.000;0.000;11.3;0;0.0;0;0;0;0;0;99;0;0;4982;0.00;0;0;0;0;0;0;0;0;0;0;0;0;0;0;0;0;14;0;99.0;99.0;0;0;0.00;0.00;0.00;0.0;0.0
109.140;117;0;99;0;0.0;19.700;1.340;24;26;0;0;100;0;100;0;0;0;0;88;88;0;0.000;0.000;0.000;0.000;0.000;0.000;0.0;0.0;0;14;0.000;0.000;11.3;0;0.0;0;0;0;0;0;99;0;0;4982;0.00;0;0;0;0;0;0;0;0;0;0;0;0;0;0;0;0;14;0;99.0;99.0;0;0;0.00;0.00;0.00;0.0;0.0
109.208;117;0;99;0;0.0;19.700;1.340;24;26;0;0;100;0;100;0;0;0;0;88;88;0;0.000;0.000;0.000;0.000;0.000;0.000;0.0;0.0;0;14;0.000;0.000;11.3;0;0.0;0;0;0;0;0;99;0;0;4982;0.00;0;0;0;0;0;0;0;0;0;0;0;0;0;0;0;0;14;0;99.0;99.0;0;0;0.00;0.00;0.00;0.0;0.0
109.275;117;0;99;0;0.0;19.700;1.340;24;26;0;0;100;0;100;0;0;0;0;88;88;0;0.000;0.000;0.000;0.000;0.000;0.000;0.0;0.0;0;14;0.000;0.000;11.3;0;0.0;0;0;0;0;0;99;0;0;4982;0.00;0;0;0;0;0;0;0;0;0;0;0;0;0;0;0;0;14;0;99.0;99.0;0;0;0.00;0.00;0.00;0.0;0.0
109.340;117;0;99;0;0.0;19.700;1.340;24;26;0;0;100;0;100;0;0;0;0;88;88;0;0.000;0.000;0.000;0.000;0.000;0.000;0.0;0.0;0;14;0.000;0.000;11.3;0;0.0;0;0;0;0;0;99;0;0;4982;0.00;0;0;0;0;0;0;0;0;0;0;0;0;0;0;0;0;14;0;99.0;99.0;0;0;0.00;0.00;0.00;0.0;0.0
109.406;117;0;99;0;0.0;19.700;1.340;24;26;0;0;100;0;100;0;0;0;0;88;88;0;0.000;0.000;0.000;0.000;0.000;0.000;0.0;0.0;0;14;0.000;0.000;11.3;0;0.0;0;0;0;0;0;99;0;0;4982;0.00;0;0;0;0;0;0;0;0;0;0;0;0;0;0;0;0;14;0;99.0;99.0;0;0;0.00;0.00;0.00;0.0;0.0
109.475;117;0;99;0;0.0;19.700;1.340;24;26;0;0;100;0;100;0;0;0;0;88;88;0;0.000;0.000;0.000;0.000;0.000;0.000;0.0;0.0;0;14;0.000;0.000;11.3;0;0.0;0;0;0;0;0;99;0;0;4982;0.00;0;0;0;0;0;0;0;0;0;0;0;0;0;0;0;0;14;0;99.0;99.0;0;0;0.00;0.00;0.00;0.0;0.0
109.541;117;0;99;0;0.0;19.700;1.340;24;26;0;0;100;0;100;0;0;0;0;88;88;0;0.000;0.000;0.000;0.000;0.000;0.000;0.0;0.0;0;14;0.000;0.000;11.3;0;0.0;0;0;0;0;0;99;0;0;4982;0.00;0;0;0;0;0;0;0;0;0;0;0;0;0;0;0;0;14;0;99.0;99.0;0;0;0.00;0.00;0.00;0.0;0.0
109.606;118;0;99;0;0.0;19.700;1.340;24;26;0;0;100;0;100;0;0;0;0;88;88;0;0.000;0.000;0.000;0.000;0.000;0.000;0.0;0.0;0;14;0.000;0.000;11.3;0;0.0;0;0;0;0;0;99;0;0;4982;0.00;0;0;0;0;0;0;0;0;0;0;0;0;0;0;0;0;14;0;99.0;99.0;0;0;0.00;0.00;0.00;0.0;0.0
109.675;118;0;99;0;0.0;19.700;1.340;24;26;0;0;100;0;100;0;0;0;0;88;88;0;0.000;0.000;0.000;0.000;0.000;0.000;0.0;0.0;0;14;0.000;0.000;11.3;0;0.0;0;0;0;0;0;99;0;0;4982;0.00;0;0;0;0;0;0;0;0;0;0;0;0;0;0;0;0;14;0;99.0;99.0;0;0;0.00;0.00;0.00;0.0;0.0
109.742;118;0;99;0;0.0;19.700;1.340;24;26;0;0;100;0;100;0;0;0;0;88;88;0;0.000;0.000;0.000;0.000;0.000;0.000;0.0;0.0;0;14;0.000;0.000;11.3;0;0.0;0;0;0;0;0;99;0;0;4982;0.00;0;0;0;0;0;0;0;0;0;0;0;0;0;0;0;0;14;0;99.0;99.0;0;0;0.00;0.00;0.00;0.0;0.0
109.811;118;0;99;0;0.0;19.700;1.340;24;26;0;0;100;0;100;0;0;0;0;88;88;0;0.000;0.000;0.000;0.000;0.000;0.000;0.0;0.0;0;14;0.000;0.000;11.3;0;0.0;0;0;0;0;0;99;0;0;4982;0.00;0;0;0;0;0;0;0;0;0;0;0;0;0;0;0;0;14;0;99.0;99.0;0;0;0.00;0.00;0.00;0.0;0.0
109.876;118;0;99;0;0.0;19.700;1.340;24;26;0;0;100;0;100;0;0;0;0;88;88;0;0.000;0.000;0.000;0.000;0.000;0.000;0.0;0.0;0;14;0.000;0.000;11.3;0;0.0;0;0;0;0;0;99;0;0;4982;0.00;0;0;0;0;0;0;0;0;0;0;0;0;0;0;0;0;14;0;99.0;99.0;0;0;0.00;0.00;0.00;0.0;0.0
109.942;118;0;99;0;0.0;19.700;1.340;24;26;0;0;100;0;100;0;0;0;0;88;88;0;0.000;0.000;0.000;0.000;0.000;0.000;0.0;0.0;0;14;0.000;0.000;11.3;0;0.0;0;0;0;0;0;99;0;0;4982;0.00;0;0;0;0;0;0;0;0;0;0;0;0;0;0;0;0;14;0;99.0;99.0;0;0;0.00;0.00;0.00;0.0;0.0
110.008;118;0;99;0;0.0;19.700;1.340;24;26;0;0;100;0;100;0;0;0;0;88;88;0;0.000;0.000;0.000;0.000;0.000;0.000;0.0;0.0;0;14;0.000;0.000;11.3;0;0.0;0;0;0;0;0;99;0;0;4982;0.00;0;0;0;0;0;0;0;0;0;0;0;0;0;0;0;0;14;0;99.0;99.0;0;0;0.00;0.00;0.00;0.0;0.0
110.076;118;0;99;0;0.0;19.700;1.340;24;26;0;0;100;0;100;0;0;0;0;88;88;0;0.000;0.000;0.000;0.000;0.000;0.000;0.0;0.0;0;14;0.000;0.000;11.3;0;0.0;0;0;0;0;0;99;0;0;4982;0.00;0;0;0;0;0;0;0;0;0;0;0;0;0;0;0;0;14;0;99.0;99.0;0;0;0.00;0.00;0.00;0.0;0.0
110.143;118;0;99;0;0.0;19.700;1.340;24;26;0;0;100;0;100;0;0;0;0;88;88;0;0.000;0.000;0.000;0.000;0.000;0.000;0.0;0.0;0;14;0.000;0.000;11.3;0;0.0;0;0;0;0;0;99;0;0;4982;0.00;0;0;0;0;0;0;0;0;0;0;0;0;0;0;0;0;14;0;99.0;99.0;0;0;0.00;0.00;0.00;0.0;0.0
110.208;118;0;99;0;0.0;19.700;1.340;24;26;0;0;100;0;100;0;0;0;0;88;88;0;0.000;0.000;0.000;0.000;0.000;0.000;0.0;0.0;0;14;0.000;0.000;11.3;0;0.0;0;0;0;0;0;99;0;0;4982;0.00;0;0;0;0;0;0;0;0;0;0;0;0;0;0;0;0;14;0;99.0;99.0;0;0;0.00;0.00;0.00;0.0;0.0
110.273;118;0;99;0;0.0;19.700;1.340;24;26;0;0;100;0;100;0;0;0;0;88;88;0;0.000;0.000;0.000;0.000;0.000;0.000;0.0;0.0;0;14;0.000;0.000;11.3;0;0.0;0;0;0;0;0;99;0;0;4982;0.00;0;0;0;0;0;0;0;0;0;0;0;0;0;0;0;0;14;0;99.0;99.0;0;0;0.00;0.00;0.00;0.0;0.0
110.340;118;0;99;0;0.0;19.700;1.340;24;26;0;0;100;0;100;0;0;0;0;88;88;0;0.000;0.000;0.000;0.000;0.000;0.000;0.0;0.0;0;14;0.000;0.000;11.3;0;0.0;0;0;0;0;0;99;0;0;4982;0.00;0;0;0;0;0;0;0;0;0;0;0;0;0;0;0;0;14;0;99.0;99.0;0;0;0.00;0.00;0.00;0.0;0.0
110.408;118;0;99;0;0.0;19.700;1.340;24;26;0;0;100;0;100;0;0;0;0;88;88;0;0.000;0.000;0.000;0.000;0.000;0.000;0.0;0.0;0;14;0.000;0.000;11.3;0;0.0;0;0;0;0;0;99;0;0;4982;0.00;0;0;0;0;0;0;0;0;0;0;0;0;0;0;0;0;14;0;99.0;99.0;0;0;0.00;0.00;0.00;0.0;0.0
110.474;118;0;99;0;0.0;19.700;1.340;24;26;0;0;100;0;100;0;0;0;0;88;88;0;0.000;0.000;0.000;0.000;0.000;0.000;0.0;0.0;0;14;0.000;0.000;11.3;0;0.0;0;0;0;0;0;99;0;0;4982;0.00;0;0;0;0;0;0;0;0;0;0;0;0;0;0;0;0;14;0;99.0;99.0;0;0;0.00;0.00;0.00;0.0;0.0
110.539;118;0;99;0;0.0;19.700;1.340;24;26;0;0;100;0;100;0;0;0;0;88;88;0;0.000;0.000;0.000;0.000;0.000;0.000;0.0;0.0;0;14;0.000;0.000;11.3;0;0.0;0;0;0;0;0;99;0;0;4982;0.00;0;0;0;0;0;0;0;0;0;0;0;0;0;0;0;0;14;0;99.0;99.0;0;0;0.00;0.00;0.00;0.0;0.0
110.605;118;0;98;0;0.0;19.700;1.340;24;26;0;0;100;0;100;0;0;0;0;88;88;0;0.000;0.000;0.000;0.000;0.000;0.000;0.0;0.0;0;15;0.000;0.000;11.3;0;-0.1;0;0;0;0;0;99;0;0;4982;0.00;0;0;0;0;0;0;0;0;0;0;0;0;0;0;0;0;15;0;98.0;98.0;0;0;0.00;0.00;0.00;0.0;0.0
110.671;119;0;99;0;0.0;19.700;1.340;24;26;0;0;100;0;100;0;0;0;0;88;88;0;0.000;0.000;0.000;0.000;0.000;0.000;0.0;0.0;0;14;0.000;0.000;11.3;0;0.0;0;0;0;0;0;99;0;0;4966;0.00;0;0;0;0;0;0;0;0;0;0;0;0;0;0;0;0;14;0;99.0;99.0;0;0;0.00;0.00;0.00;0.0;0.0
110.740;119;0;99;0;0.0;19.700;1.340;24;26;0;0;100;0;100;0;0;0;0;88;88;0;0.000;0.000;0.000;0.000;0.000;0.000;0.0;0.0;0;14;0.000;0.000;11.3;0;0.0;0;0;0;0;0;99;0;0;4966;0.00;0;0;0;0;0;0;0;0;0;0;0;0;0;0;0;0;14;0;99.0;99.0;0;0;0.00;0.00;0.00;0.0;0.0
110.807;119;0;99;0;0.0;19.700;1.340;24;26;0;0;100;0;100;0;0;0;0;88;88;0;0.000;0.000;0.000;0.000;0.000;0.000;0.0;0.0;0;14;0.000;0.000;11.3;0;0.0;0;0;0;0;0;99;0;0;4966;0.00;0;0;0;0;0;0;0;0;0;0;0;0;0;0;0;0;14;0;99.0;99.0;0;0;0.00;0.00;0.00;0.0;0.0
110.876;119;0;99;0;0.0;19.700;1.340;24;26;0;0;100;0;100;0;0;0;0;88;88;0;0.000;0.000;0.000;0.000;0.000;0.000;0.0;0.0;0;14;0.000;0.000;11.3;0;0.0;0;0;0;0;0;99;0;0;4966;0.00;0;0;0;0;0;0;0;0;0;0;0;0;0;0;0;0;14;0;99.0;99.0;0;0;0.00;0.00;0.00;0.0;0.0
110.941;119;0;99;0;0.0;19.700;1.340;24;26;0;0;100;0;100;0;0;0;0;88;88;0;0.000;0.000;0.000;0.000;0.000;0.000;0.0;0.0;0;14;0.000;0.000;11.3;0;0.0;0;0;0;0;0;99;0;0;4966;0.00;0;0;0;0;0;0;0;0;0;0;0;0;0;0;0;0;14;0;99.0;99.0;0;0;0.00;0.00;0.00;0.0;0.0
111.006;119;0;98;0;0.0;19.700;1.340;24;26;0;0;100;0;100;0;0;0;0;88;88;0;0.000;0.000;0.000;0.000;0.000;0.000;0.0;0.0;0;15;0.000;0.000;11.3;0;-0.1;0;0;0;0;0;99;0;0;4966;0.00;0;0;0;0;0;0;0;0;0;0;0;0;0;0;0;0;15;0;98.0;98.0;0;0;0.00;0.00;0.00;0.0;0.0
111.072;119;0;99;0;0.0;19.700;1.340;24;26;0;0;100;0;100;0;0;0;0;88;88;0;0.000;0.000;0.000;0.000;0.000;0.000;0.0;0.0;0;14;0.000;0.000;11.3;0;0.0;0;0;0;0;0;99;0;0;4966;0.00;0;0;0;0;0;0;0;0;0;0;0;0;0;0;0;0;14;0;99.0;99.0;0;0;0.00;0.00;0.00;0.0;0.0
111.142;119;0;99;0;0.0;19.700;1.340;24;26;0;0;100;0;100;0;0;0;0;88;88;0;0.000;0.000;0.000;0.000;0.000;0.000;0.0;0.0;0;14;0.000;0.000;11.3;0;0.0;0;0;0;0;0;99;0;0;4966;0.00;0;0;0;0;0;0;0;0;0;0;0;0;0;0;0;0;14;0;99.0;99.0;0;0;0.00;0.00;0.00;0.0;0.0
111.207;119;0;99;0;0.0;19.700;1.340;24;26;0;0;100;0;100;0;0;0;0;88;88;0;0.000;0.000;0.000;0.000;0.000;0.000;0.0;0.0;0;14;0.000;0.000;11.3;0;0.0;0;0;0;0;0;99;0;0;4966;0.00;0;0;0;0;0;0;0;0;0;0;0;0;0;0;0;0;14;0;99.0;99.0;0;0;0.00;0.00;0.00;0.0;0.0
111.273;119;0;99;0;0.0;19.700;1.340;24;26;0;0;100;0;100;0;0;0;0;88;88;0;0.000;0.000;0.000;0.000;0.000;0.000;0.0;0.0;0;14;0.000;0.000;11.3;0;0.0;0;0;0;0;0;99;0;0;4966;0.00;0;0;0;0;0;0;0;0;0;0;0;0;0;0;0;0;14;0;99.0;99.0;0;0;0.00;0.00;0.00;0.0;0.0
111.342;119;0;98;0;0.0;19.700;1.340;24;26;0;0;100;0;100;0;0;0;0;88;88;0;0.000;0.000;0.000;0.000;0.000;0.000;0.0;0.0;0;15;0.000;0.000;11.3;0;-0.1;0;0;0;0;0;99;0;0;4966;0.00;0;0;0;0;0;0;0;0;0;0;0;0;0;0;0;0;15;0;98.0;98.0;0;0;0.00;0.00;0.00;0.0;0.0
111.409;119;0;98;0;0.0;19.700;1.340;24;26;0;0;100;0;100;0;0;0;0;88;88;0;0.000;0.000;0.000;0.000;0.000;0.000;0.0;0.0;0;15;0.000;0.000;11.3;0;-0.1;0;0;0;0;0;99;0;0;4966;0.00;0;0;0;0;0;0;0;0;0;0;0;0;0;0;0;0;15;0;98.0;98.0;0;0;0.00;0.00;0.00;0.0;0.0
111.473;119;0;99;0;0.0;19.700;1.340;24;26;0;0;100;0;100;0;0;0;0;88;88;0;0.000;0.000;0.000;0.000;0.000;0.000;0.0;0.0;0;14;0.000;0.000;11.3;0;0.0;0;0;0;0;0;99;0;0;4966;0.00;0;0;0;0;0;0;0;0;0;0;0;0;0;0;0;0;14;0;99.0;99.0;0;0;0.00;0.00;0.00;0.0;0.0
111.540;119;0;99;0;0.0;19.700;1.340;24;26;0;0;100;0;100;0;0;0;0;88;88;0;0.000;0.000;0.000;0.000;0.000;0.000;0.0;0.0;0;14;0.000;0.000;11.3;0;0.0;0;0;0;0;0;99;0;0;4966;0.00;0;0;0;0;0;0;0;0;0;0;0;0;0;0;0;0;14;0;99.0;99.0;0;0;0.00;0.00;0.00;0.0;0.0
111.609;119;0;99;0;0.0;19.700;1.340;24;26;0;0;100;0;100;0;0;0;0;88;88;0;0.000;0.000;0.000;0.000;0.000;0.000;0.0;0.0;0;14;0.000;0.000;11.3;0;0.0;0;0;0;0;0;99;0;0;4966;0.00;0;0;0;0;0;0;0;0;0;0;0;0;0;0;0;0;14;0;99.0;99.0;0;0;0.00;0.00;0.00;0.0;0.0
111.674;120;0;99;0;0.0;19.700;1.340;24;26;0;0;100;0;100;0;0;0;0;88;88;0;0.000;0.000;0.000;0.000;0.000;0.000;0.0;0.0;0;14;0.000;0.000;11.3;0;0.0;0;0;0;0;0;99;0;0;4978;0.00;0;0;0;0;0;0;0;0;0;0;0;0;0;0;0;0;14;0;99.0;99.0;0;0;0.00;0.00;0.00;0.0;0.0
111.740;120;0;99;0;0.0;19.700;1.340;24;26;0;0;100;0;100;0;0;0;0;88;88;0;0.000;0.000;0.000;0.000;0.000;0.000;0.0;0.0;0;14;0.000;0.000;11.3;0;0.0;0;0;0;0;0;99;0;0;4978;0.00;0;0;0;0;0;0;0;0;0;0;0;0;0;0;0;0;14;0;99.0;99.0;0;0;0.00;0.00;0.00;0.0;0.0
111.809;120;0;99;0;0.0;19.700;1.340;24;26;0;0;100;0;100;0;0;0;0;88;88;0;0.000;0.000;0.000;0.000;0.000;0.000;0.0;0.0;0;14;0.000;0.000;11.3;0;0.0;0;0;0;0;0;99;0;0;4978;0.00;0;0;0;0;0;0;0;0;0;0;0;0;0;0;0;0;14;0;99.0;99.0;0;0;0.00;0.00;0.00;0.0;0.0
111.875;120;0;99;0;0.0;19.700;1.340;24;26;0;0;100;0;100;0;0;0;0;88;88;0;0.000;0.000;0.000;0.000;0.000;0.000;0.0;0.0;0;14;0.000;0.000;11.3;0;0.0;0;0;0;0;0;99;0;0;4978;0.00;0;0;0;0;0;0;0;0;0;0;0;0;0;0;0;0;14;0;99.0;99.0;0;0;0.00;0.00;0.00;0.0;0.0
111.941;120;0;99;0;0.0;19.700;1.340;24;26;0;0;100;0;100;0;0;0;0;88;88;0;0.000;0.000;0.000;0.000;0.000;0.000;0.0;0.0;0;14;0.000;0.000;11.3;0;0.0;0;0;0;0;0;99;0;0;4978;0.00;0;0;0;0;0;0;0;0;0;0;0;0;0;0;0;0;14;0;99.0;99.0;0;0;0.00;0.00;0.00;0.0;0.0
112.007;120;0;99;0;0.0;19.700;1.340;24;26;0;0;100;0;100;0;0;0;0;88;88;0;0.000;0.000;0.000;0.000;0.000;0.000;0.0;0.0;0;14;0.000;0.000;11.3;0;0.0;0;0;0;0;0;99;0;0;4978;0.00;0;0;0;0;0;0;0;0;0;0;0;0;0;0;0;0;14;0;99.0;99.0;0;0;0.00;0.00;0.00;0.0;0.0
112.075;120;0;99;0;0.0;19.700;1.340;24;26;0;0;100;0;100;0;0;0;0;88;88;0;0.000;0.000;0.000;0.000;0.000;0.000;0.0;0.0;0;14;0.000;0.000;11.3;0;0.0;0;0;0;0;0;99;0;0;4978;0.00;0;0;0;0;0;0;0;0;0;0;0;0;0;0;0;0;14;0;99.0;99.0;0;0;0.00;0.00;0.00;0.0;0.0
112.141;120;0;99;0;0.0;19.700;1.340;24;26;0;0;100;0;100;0;0;0;0;88;88;0;0.000;0.000;0.000;0.000;0.000;0.000;0.0;0.0;0;14;0.000;0.000;11.3;0;0.0;0;0;0;0;0;99;0;0;4978;0.00;0;0;0;0;0;0;0;0;0;0;0;0;0;0;0;0;14;0;99.0;99.0;0;0;0.00;0.00;0.00;0.0;0.0
112.207;120;0;99;0;0.0;19.700;1.340;24;26;0;0;100;0;100;0;0;0;0;88;88;0;0.000;0.000;0.000;0.000;0.000;0.000;0.0;0.0;0;14;0.000;0.000;11.3;0;0.0;0;0;0;0;0;99;0;0;4978;0.00;0;0;0;0;0;0;0;0;0;0;0;0;0;0;0;0;14;0;99.0;99.0;0;0;0.00;0.00;0.00;0.0;0.0
112.273;120;0;99;0;0.0;19.700;1.340;24;26;0;0;100;0;100;0;0;0;0;88;88;0;0.000;0.000;0.000;0.000;0.000;0.000;0.0;0.0;0;14;0.000;0.000;11.3;0;0.0;0;0;0;0;0;99;0;0;4978;0.00;0;0;0;0;0;0;0;0;0;0;0;0;0;0;0;0;14;0;99.0;99.0;0;0;0.00;0.00;0.00;0.0;0.0
112.341;120;0;99;0;0.0;19.700;1.340;24;26;0;0;100;0;100;0;0;0;0;88;88;0;0.000;0.000;0.000;0.000;0.000;0.000;0.0;0.0;0;14;0.000;0.000;11.3;0;0.0;0;0;0;0;0;99;0;0;4978;0.00;0;0;0;0;0;0;0;0;0;0;0;0;0;0;0;0;14;0;99.0;99.0;0;0;0.00;0.00;0.00;0.0;0.0
112.407;120;0;99;0;0.0;19.700;1.340;24;26;0;0;100;0;100;0;0;0;0;88;88;0;0.000;0.000;0.000;0.000;0.000;0.000;0.0;0.0;0;14;0.000;0.000;11.3;0;0.0;0;0;0;0;0;99;0;0;4978;0.00;0;0;0;0;0;0;0;0;0;0;0;0;0;0;0;0;14;0;99.0;99.0;0;0;0.00;0.00;0.00;0.0;0.0
112.473;120;0;99;0;0.0;19.700;1.340;24;26;0;0;100;0;100;0;0;0;0;88;88;0;0.000;0.000;0.000;0.000;0.000;0.000;0.0;0.0;0;14;0.000;0.000;11.3;0;0.0;0;0;0;0;0;99;0;0;4978;0.00;0;0;0;0;0;0;0;0;0;0;0;0;0;0;0;0;14;0;99.0;99.0;0;0;0.00;0.00;0.00;0.0;0.0
112.539;120;0;99;0;0.0;19.700;1.340;24;26;0;0;100;0;100;0;0;0;0;88;88;0;0.000;0.000;0.000;0.000;0.000;0.000;0.0;0.0;0;14;0.000;0.000;11.3;0;0.0;0;0;0;0;0;99;0;0;4978;0.00;0;0;0;0;0;0;0;0;0;0;0;0;0;0;0;0;14;0;99.0;99.0;0;0;0.00;0.00;0.00;0.0;0.0
112.608;120;0;99;0;0.0;19.700;1.340;24;26;0;0;100;0;100;0;0;0;0;88;88;0;0.000;0.000;0.000;0.000;0.000;0.000;0.0;0.0;0;14;0.000;0.000;11.3;0;0.0;0;0;0;0;0;99;0;0;4978;0.00;0;0;0;0;0;0;0;0;0;0;0;0;0;0;0;0;14;0;99.0;99.0;0;0;0.00;0.00;0.00;0.0;0.0
112.674;121;0;99;0;0.0;19.700;1.340;24;26;0;0;100;0;100;0;0;0;0;88;88;0;0.000;0.000;0.000;0.000;0.000;0.000;0.0;0.0;0;14;0.000;0.000;11.3;0;0.0;0;0;0;0;0;99;0;0;4980;0.00;0;0;0;0;0;0;0;0;0;0;0;0;0;0;0;0;14;0;99.0;99.0;0;0;0.00;0.00;0.00;0.0;0.0
112.743;121;0;99;0;0.0;19.700;1.340;24;26;0;0;100;0;100;0;0;0;0;88;88;0;0.000;0.000;0.000;0.000;0.000;0.000;0.0;0.0;0;14;0.000;0.000;11.3;0;0.0;0;0;0;0;0;99;0;0;4980;0.00;0;0;0;0;0;0;0;0;0;0;0;0;0;0;0;0;14;0;99.0;99.0;0;0;0.00;0.00;0.00;0.0;0.0
112.808;121;0;99;0;0.0;19.700;1.340;24;26;0;0;100;0;100;0;0;0;0;88;88;0;0.000;0.000;0.000;0.000;0.000;0.000;0.0;0.0;0;14;0.000;0.000;11.3;0;0.0;0;0;0;0;0;99;0;0;4980;0.00;0;0;0;0;0;0;0;0;0;0;0;0;0;0;0;0;14;0;99.0;99.0;0;0;0.00;0.00;0.00;0.0;0.0
112.874;121;0;99;0;0.0;19.700;1.340;24;26;0;0;100;0;100;0;0;0;0;88;88;0;0.000;0.000;0.000;0.000;0.000;0.000;0.0;0.0;0;14;0.000;0.000;11.3;0;0.0;0;0;0;0;0;99;0;0;4980;0.00;0;0;0;0;0;0;0;0;0;0;0;0;0;0;0;0;14;0;99.0;99.0;0;0;0.00;0.00;0.00;0.0;0.0
112.940;121;0;99;0;0.0;19.700;1.340;24;26;0;0;100;0;100;0;0;0;0;88;88;0;0.000;0.000;0.000;0.000;0.000;0.000;0.0;0.0;0;14;0.000;0.000;11.3;0;0.0;0;0;0;0;0;99;0;0;4980;0.00;0;0;0;0;0;0;0;0;0;0;0;0;0;0;0;0;14;0;99.0;99.0;0;0;0.00;0.00;0.00;0.0;0.0
113.007;121;0;99;0;0.0;19.700;1.340;24;26;0;0;100;0;100;0;0;0;0;88;88;0;0.000;0.000;0.000;0.000;0.000;0.000;0.0;0.0;0;14;0.000;0.000;11.3;0;0.0;0;0;0;0;0;99;0;0;4980;0.00;0;0;0;0;0;0;0;0;0;0;0;0;0;0;0;0;14;0;99.0;99.0;0;0;0.00;0.00;0.00;0.0;0.0
113.075;121;0;99;0;0.0;19.700;1.340;24;26;0;0;100;0;100;0;0;0;0;88;88;0;0.000;0.000;0.000;0.000;0.000;0.000;0.0;0.0;0;14;0.000;0.000;11.3;0;0.0;0;0;0;0;0;99;0;0;4980;0.00;0;0;0;0;0;0;0;0;0;0;0;0;0;0;0;0;14;0;99.0;99.0;0;0;0.00;0.00;0.00;0.0;0.0
113.141;121;0;99;0;0.0;19.700;1.340;24;26;0;0;100;0;100;0;0;0;0;88;88;0;0.000;0.000;0.000;0.000;0.000;0.000;0.0;0.0;0;14;0.000;0.000;11.3;0;0.0;0;0;0;0;0;99;0;0;4980;0.00;0;0;0;0;0;0;0;0;0;0;0;0;0;0;0;0;14;0;99.0;99.0;0;0;0.00;0.00;0.00;0.0;0.0
113.206;121;0;99;0;0.0;19.700;1.340;24;26;0;0;100;0;100;0;0;0;0;88;88;0;0.000;0.000;0.000;0.000;0.000;0.000;0.0;0.0;0;14;0.000;0.000;11.3;0;0.0;0;0;0;0;0;99;0;0;4980;0.00;0;0;0;0;0;0;0;0;0;0;0;0;0;0;0;0;14;0;99.0;99.0;0;0;0.00;0.00;0.00;0.0;0.0
113.276;121;0;99;0;0.0;19.700;1.340;24;26;0;0;100;0;100;0;0;0;0;88;88;0;0.000;0.000;0.000;0.000;0.000;0.000;0.0;0.0;0;14;0.000;0.000;11.3;0;0.0;0;0;0;0;0;99;0;0;4980;0.00;0;0;0;0;0;0;0;0;0;0;0;0;0;0;0;0;14;0;99.0;99.0;0;0;0.00;0.00;0.00;0.0;0.0
113.343;121;0;99;0;0.0;19.700;1.340;24;26;0;0;100;0;100;0;0;0;0;88;88;0;0.000;0.000;0.000;0.000;0.000;0.000;0.0;0.0;0;14;0.000;0.000;11.3;0;0.0;0;0;0;0;0;99;0;0;4980;0.00;0;0;0;0;0;0;0;0;0;0;0;0;0;0;0;0;14;0;99.0;99.0;0;0;0.00;0.00;0.00;0.0;0.0
113.410;121;0;99;0;0.0;19.700;1.340;24;26;0;0;100;0;100;0;0;0;0;88;88;0;0.000;0.000;0.000;0.000;0.000;0.000;0.0;0.0;0;14;0.000;0.000;11.3;0;0.0;0;0;0;0;0;99;0;0;4980;0.00;0;0;0;0;0;0;0;0;0;0;0;0;0;0;0;0;14;0;99.0;99.0;0;0;0.00;0.00;0.00;0.0;0.0
113.477;121;0;98;0;0.0;19.700;1.340;24;26;0;0;100;0;100;0;0;0;0;88;88;0;0.000;0.000;0.000;0.000;0.000;0.000;0.0;0.0;0;15;0.000;0.000;11.3;0;-0.1;0;0;0;0;0;99;0;0;4980;0.00;0;0;0;0;0;0;0;0;0;0;0;0;0;0;0;0;15;0;98.0;98.0;0;0;0.00;0.00;0.00;0.0;0.0
113.542;121;0;99;0;0.0;19.700;1.340;24;26;0;0;100;0;100;0;0;0;0;88;88;0;0.000;0.000;0.000;0.000;0.000;0.000;0.0;0.0;0;14;0.000;0.000;11.3;0;0.0;0;0;0;0;0;99;0;0;4980;0.00;0;0;0;0;0;0;0;0;0;0;0;0;0;0;0;0;14;0;99.0;99.0;0;0;0.00;0.00;0.00;0.0;0.0
113.607;121;0;99;0;0.0;19.700;1.340;24;26;0;0;100;0;100;0;0;0;0;88;88;0;0.000;0.000;0.000;0.000;0.000;0.000;0.0;0.0;0;14;0.000;0.000;11.3;0;0.0;0;0;0;0;0;99;0;0;4980;0.00;0;0;0;0;0;0;0;0;0;0;0;0;0;0;0;0;14;0;99.0;99.0;0;0;0.00;0.00;0.00;0.0;0.0
113.677;122;0;99;0;0.0;19.700;1.340;24;26;0;0;100;0;100;0;0;0;0;88;88;0;0.000;0.000;0.000;0.000;0.000;0.000;0.0;0.0;0;14;0.000;0.000;11.2;0;0.0;0;0;0;0;0;99;0;0;4976;0.00;0;0;0;0;0;0;0;0;0;0;0;0;0;0;0;0;14;0;99.0;99.0;0;0;0.00;0.00;0.00;0.0;0.0
113.743;122;0;99;0;0.0;19.700;1.340;24;26;0;0;100;0;100;0;0;0;0;88;88;0;0.000;0.000;0.000;0.000;0.000;0.000;0.0;0.0;0;14;0.000;0.000;11.2;0;0.0;0;0;0;0;0;99;0;0;4976;0.00;0;0;0;0;0;0;0;0;0;0;0;0;0;0;0;0;14;0;99.0;99.0;0;0;0.00;0.00;0.00;0.0;0.0
113.808;122;0;99;0;0.0;19.700;1.340;24;26;0;0;100;0;100;0;0;0;0;88;88;0;0.000;0.000;0.000;0.000;0.000;0.000;0.0;0.0;0;14;0.000;0.000;11.2;0;0.0;0;0;0;0;0;99;0;0;4976;0.00;0;0;0;0;0;0;0;0;0;0;0;0;0;0;0;0;14;0;99.0;99.0;0;0;0.00;0.00;0.00;0.0;0.0
113.874;122;0;99;0;0.0;19.700;1.340;24;26;0;0;100;0;100;0;0;0;0;88;88;0;0.000;0.000;0.000;0.000;0.000;0.000;0.0;0.0;0;14;0.000;0.000;11.2;0;0.0;0;0;0;0;0;99;0;0;4976;0.00;0;0;0;0;0;0;0;0;0;0;0;0;0;0;0;0;14;0;99.0;99.0;0;0;0.00;0.00;0.00;0.0;0.0
113.938;122;0;99;0;0.0;19.700;1.340;24;26;0;0;100;0;100;0;0;0;0;88;88;0;0.000;0.000;0.000;0.000;0.000;0.000;0.0;0.0;0;14;0.000;0.000;11.2;0;0.0;0;0;0;0;0;99;0;0;4976;0.00;0;0;0;0;0;0;0;0;0;0;0;0;0;0;0;0;14;0;99.0;99.0;0;0;0.00;0.00;0.00;0.0;0.0
114.008;122;0;99;0;0.0;19.700;1.340;24;26;0;0;100;0;100;0;0;0;0;88;88;0;0.000;0.000;0.000;0.000;0.000;0.000;0.0;0.0;0;14;0.000;0.000;11.2;0;0.0;0;0;0;0;0;99;0;0;4976;0.00;0;0;0;0;0;0;0;0;0;0;0;0;0;0;0;0;14;0;99.0;99.0;0;0;0.00;0.00;0.00;0.0;0.0
114.074;122;0;99;0;0.0;19.700;1.340;24;26;0;0;100;0;100;0;0;0;0;88;88;0;0.000;0.000;0.000;0.000;0.000;0.000;0.0;0.0;0;14;0.000;0.000;11.2;0;0.0;0;0;0;0;0;99;0;0;4976;0.00;0;0;0;0;0;0;0;0;0;0;0;0;0;0;0;0;14;0;99.0;99.0;0;0;0.00;0.00;0.00;0.0;0.0
114.140;122;0;99;0;0.0;19.700;1.340;24;26;0;0;100;0;100;0;0;0;0;88;88;0;0.000;0.000;0.000;0.000;0.000;0.000;0.0;0.0;0;14;0.000;0.000;11.2;0;0.0;0;0;0;0;0;99;0;0;4976;0.00;0;0;0;0;0;0;0;0;0;0;0;0;0;0;0;0;14;0;99.0;99.0;0;0;0.00;0.00;0.00;0.0;0.0
114.207;122;0;99;0;0.0;19.700;1.340;24;26;0;0;100;0;100;0;0;0;0;88;88;0;0.000;0.000;0.000;0.000;0.000;0.000;0.0;0.0;0;14;0.000;0.000;11.2;0;0.0;0;0;0;0;0;99;0;0;4976;0.00;0;0;0;0;0;0;0;0;0;0;0;0;0;0;0;0;14;0;99.0;99.0;0;0;0.00;0.00;0.00;0.0;0.0
114.275;122;0;99;0;0.0;19.700;1.340;24;26;0;0;100;0;100;0;0;0;0;88;88;0;0.000;0.000;0.000;0.000;0.000;0.000;0.0;0.0;0;14;0.000;0.000;11.2;0;0.0;0;0;0;0;0;99;0;0;4976;0.00;0;0;0;0;0;0;0;0;0;0;0;0;0;0;0;0;14;0;99.0;99.0;0;0;0.00;0.00;0.00;0.0;0.0
114.340;122;0;99;0;0.0;19.700;1.340;24;26;0;0;100;0;100;0;0;0;0;88;88;0;0.000;0.000;0.000;0.000;0.000;0.000;0.0;0.0;0;14;0.000;0.000;11.2;0;0.0;0;0;0;0;0;99;0;0;4976;0.00;0;0;0;0;0;0;0;0;0;0;0;0;0;0;0;0;14;0;99.0;99.0;0;0;0.00;0.00;0.00;0.0;0.0
114.406;122;0;99;0;0.0;19.700;1.340;24;26;0;0;100;0;100;0;0;0;0;88;88;0;0.000;0.000;0.000;0.000;0.000;0.000;0.0;0.0;0;14;0.000;0.000;11.2;0;0.0;0;0;0;0;0;99;0;0;4976;0.00;0;0;0;0;0;0;0;0;0;0;0;0;0;0;0;0;14;0;99.0;99.0;0;0;0.00;0.00;0.00;0.0;0.0
114.475;122;0;99;0;0.0;19.700;1.340;24;26;0;0;100;0;100;0;0;0;0;88;88;0;0.000;0.000;0.000;0.000;0.000;0.000;0.0;0.0;0;14;0.000;0.000;11.2;0;0.0;0;0;0;0;0;99;0;0;4976;0.00;0;0;0;0;0;0;0;0;0;0;0;0;0;0;0;0;14;0;99.0;99.0;0;0;0.00;0.00;0.00;0.0;0.0
114.541;122;0;99;0;0.0;19.700;1.340;24;26;0;0;100;0;100;0;0;0;0;88;88;0;0.000;0.000;0.000;0.000;0.000;0.000;0.0;0.0;0;14;0.000;0.000;11.2;0;0.0;0;0;0;0;0;99;0;0;4976;0.00;0;0;0;0;0;0;0;0;0;0;0;0;0;0;0;0;14;0;99.0;99.0;0;0;0.00;0.00;0.00;0.0;0.0
114.611;122;0;99;0;0.0;19.700;1.340;24;26;0;0;100;0;100;0;0;0;0;88;88;0;0.000;0.000;0.000;0.000;0.000;0.000;0.0;0.0;0;14;0.000;0.000;11.2;0;0.0;0;0;0;0;0;99;0;0;4976;0.00;0;0;0;0;0;0;0;0;0;0;0;0;0;0;0;0;14;0;99.0;99.0;0;0;0.00;0.00;0.00;0.0;0.0
114.676;122;0;99;0;0.0;19.700;1.340;24;26;0;0;100;0;100;0;0;0;0;88;88;0;0.000;0.000;0.000;0.000;0.000;0.000;0.0;0.0;0;14;0.000;0.000;11.2;0;0.0;0;0;0;0;0;99;0;0;4976;0.00;0;0;0;0;0;0;0;0;0;0;0;0;0;0;0;0;14;0;99.0;99.0;0;0;0.00;0.00;0.00;0.0;0.0
114.742;123;0;99;0;0.0;19.700;1.340;24;26;0;0;100;0;100;0;0;0;0;88;88;0;0.000;0.000;0.000;0.000;0.000;0.000;0.0;0.0;0;14;0.000;0.000;11.2;0;0.0;0;0;0;0;0;99;0;0;4969;0.00;0;0;0;0;0;0;0;0;0;0;0;0;0;0;0;0;14;0;99.0;99.0;0;0;0.00;0.00;0.00;0.0;0.0
114.807;123;0;99;0;0.0;19.700;1.340;24;26;0;0;100;0;100;0;0;0;0;88;88;0;0.000;0.000;0.000;0.000;0.000;0.000;0.0;0.0;0;14;0.000;0.000;11.2;0;0.0;0;0;0;0;0;99;0;0;4969;0.00;0;0;0;0;0;0;0;0;0;0;0;0;0;0;0;0;14;0;99.0;99.0;0;0;0.00;0.00;0.00;0.0;0.0
114.873;123;0;99;0;0.0;19.700;1.340;24;26;0;0;100;0;100;0;0;0;0;88;88;0;0.000;0.000;0.000;0.000;0.000;0.000;0.0;0.0;0;14;0.000;0.000;11.2;0;0.0;0;0;0;0;0;99;0;0;4969;0.00;0;0;0;0;0;0;0;0;0;0;0;0;0;0;0;0;14;0;99.0;99.0;0;0;0.00;0.00;0.00;0.0;0.0
114.942;123;0;99;0;0.0;19.700;1.340;24;26;0;0;100;0;100;0;0;0;0;88;88;0;0.000;0.000;0.000;0.000;0.000;0.000;0.0;0.0;0;14;0.000;0.000;11.2;0;0.0;0;0;0;0;0;99;0;0;4969;0.00;0;0;0;0;0;0;0;0;0;0;0;0;0;0;0;0;14;0;99.0;99.0;0;0;0.00;0.00;0.00;0.0;0.0
115.009;123;0;99;0;0.0;19.700;1.340;24;26;0;0;100;0;100;0;0;0;0;88;88;0;0.000;0.000;0.000;0.000;0.000;0.000;0.0;0.0;0;14;0.000;0.000;11.2;0;0.0;0;0;0;0;0;99;0;0;4969;0.00;0;0;0;0;0;0;0;0;0;0;0;0;0;0;0;0;14;0;99.0;99.0;0;0;0.00;0.00;0.00;0.0;0.0
115.074;123;0;99;0;0.0;19.700;1.340;24;26;0;0;100;0;100;0;0;0;0;88;88;0;0.000;0.000;0.000;0.000;0.000;0.000;0.0;0.0;0;14;0.000;0.000;11.2;0;0.0;0;0;0;0;0;99;0;0;4969;0.00;0;0;0;0;0;0;0;0;0;0;0;0;0;0;0;0;14;0;99.0;99.0;0;0;0.00;0.00;0.00;0.0;0.0
115.143;123;0;99;0;0.0;19.700;1.340;24;26;0;0;100;0;100;0;0;0;0;88;88;0;0.000;0.000;0.000;0.000;0.000;0.000;0.0;0.0;0;14;0.000;0.000;11.2;0;0.0;0;0;0;0;0;99;0;0;4969;0.00;0;0;0;0;0;0;0;0;0;0;0;0;0;0;0;0;14;0;99.0;99.0;0;0;0.00;0.00;0.00;0.0;0.0
115.209;123;0;99;0;0.0;19.700;1.340;24;26;0;0;100;0;100;0;0;0;0;88;88;0;0.000;0.000;0.000;0.000;0.000;0.000;0.0;0.0;0;14;0.000;0.000;11.2;0;0.0;0;0;0;0;0;99;0;0;4969;0.00;0;0;0;0;0;0;0;0;0;0;0;0;0;0;0;0;14;0;99.0;99.0;0;0;0.00;0.00;0.00;0.0;0.0
115.275;123;0;99;0;0.0;19.700;1.340;24;26;0;0;100;0;100;0;0;0;0;88;88;0;0.000;0.000;0.000;0.000;0.000;0.000;0.0;0.0;0;14;0.000;0.000;11.2;0;0.0;0;0;0;0;0;99;0;0;4969;0.00;0;0;0;0;0;0;0;0;0;0;0;0;0;0;0;0;14;0;99.0;99.0;0;0;0.00;0.00;0.00;0.0;0.0
115.341;123;0;99;0;0.0;19.700;1.340;24;26;0;0;100;0;100;0;0;0;0;88;88;0;0.000;0.000;0.000;0.000;0.000;0.000;0.0;0.0;0;14;0.000;0.000;11.2;0;0.0;0;0;0;0;0;99;0;0;4969;0.00;0;0;0;0;0;0;0;0;0;0;0;0;0;0;0;0;14;0;99.0;99.0;0;0;0.00;0.00;0.00;0.0;0.0
115.410;123;0;99;0;0.0;19.700;1.340;24;26;0;0;100;0;100;0;0;0;0;88;88;0;0.000;0.000;0.000;0.000;0.000;0.000;0.0;0.0;0;14;0.000;0.000;11.2;0;0.0;0;0;0;0;0;99;0;0;4969;0.00;0;0;0;0;0;0;0;0;0;0;0;0;0;0;0;0;14;0;99.0;99.0;0;0;0.00;0.00;0.00;0.0;0.0
115.475;123;0;99;0;0.0;19.700;1.340;24;26;0;0;100;0;100;0;0;0;0;88;88;0;0.000;0.000;0.000;0.000;0.000;0.000;0.0;0.0;0;14;0.000;0.000;11.2;0;0.0;0;0;0;0;0;99;0;0;4969;0.00;0;0;0;0;0;0;0;0;0;0;0;0;0;0;0;0;14;0;99.0;99.0;0;0;0.00;0.00;0.00;0.0;0.0
115.541;123;0;99;0;0.0;19.700;1.340;24;26;0;0;100;0;100;0;0;0;0;88;88;0;0.000;0.000;0.000;0.000;0.000;0.000;0.0;0.0;0;14;0.000;0.000;11.2;0;0.0;0;0;0;0;0;99;0;0;4969;0.00;0;0;0;0;0;0;0;0;0;0;0;0;0;0;0;0;14;0;99.0;99.0;0;0;0.00;0.00;0.00;0.0;0.0
115.607;123;0;99;0;0.0;19.700;1.340;24;26;0;0;100;0;100;0;0;0;0;88;88;0;0.000;0.000;0.000;0.000;0.000;0.000;0.0;0.0;0;14;0.000;0.000;11.2;0;0.0;0;0;0;0;0;99;0;0;4969;0.00;0;0;0;0;0;0;0;0;0;0;0;0;0;0;0;0;14;0;99.0;99.0;0;0;0.00;0.00;0.00;0.0;0.0
115.676;123;0;99;0;0.0;19.700;1.340;24;26;0;0;100;0;100;0;0;0;0;88;88;0;0.000;0.000;0.000;0.000;0.000;0.000;0.0;0.0;0;14;0.000;0.000;11.2;0;0.0;0;0;0;0;0;99;0;0;4969;0.00;0;0;0;0;0;0;0;0;0;0;0;0;0;0;0;0;14;0;99.0;99.0;0;0;0.00;0.00;0.00;0.0;0.0
115.741;124;0;99;0;0.0;19.700;1.340;24;26;0;0;100;0;100;0;0;0;0;88;88;0;0.000;0.000;0.000;0.000;0.000;0.000;0.0;0.0;0;14;0.000;0.000;11.2;0;0.0;0;0;0;0;0;99;0;0;4976;0.00;0;0;0;0;0;0;0;0;0;0;0;0;0;0;0;0;14;0;99.0;99.0;0;0;0.00;0.00;0.00;0.0;0.0
115.806;124;0;99;0;0.0;19.700;1.340;24;26;0;0;100;0;100;0;0;0;0;88;88;0;0.000;0.000;0.000;0.000;0.000;0.000;0.0;0.0;0;14;0.000;0.000;11.2;0;0.0;0;0;0;0;0;99;0;0;4976;0.00;0;0;0;0;0;0;0;0;0;0;0;0;0;0;0;0;14;0;99.0;99.0;0;0;0.00;0.00;0.00;0.0;0.0
115.875;124;0;99;0;0.0;19.700;1.340;24;26;0;0;100;0;100;0;0;0;0;88;88;0;0.000;0.000;0.000;0.000;0.000;0.000;0.0;0.0;0;14;0.000;0.000;11.2;0;0.0;0;0;0;0;0;99;0;0;4976;0.00;0;0;0;0;0;0;0;0;0;0;0;0;0;0;0;0;14;0;99.0;99.0;0;0;0.00;0.00;0.00;0.0;0.0
115.941;124;0;99;0;0.0;19.700;1.340;24;26;0;0;100;0;100;0;0;0;0;88;88;0;0.000;0.000;0.000;0.000;0.000;0.000;0.0;0.0;0;14;0.000;0.000;11.2;0;0.0;0;0;0;0;0;99;0;0;4976;0.00;0;0;0;0;0;0;0;0;0;0;0;0;0;0;0;0;14;0;99.0;99.0;0;0;0.00;0.00;0.00;0.0;0.0
116.007;124;0;99;0;0.0;19.700;1.340;24;26;0;0;100;0;100;0;0;0;0;88;88;0;0.000;0.000;0.000;0.000;0.000;0.000;0.0;0.0;0;14;0.000;0.000;11.2;0;0.0;0;0;0;0;0;99;0;0;4976;0.00;0;0;0;0;0;0;0;0;0;0;0;0;0;0;0;0;14;0;99.0;99.0;0;0;0.00;0.00;0.00;0.0;0.0
116.073;124;0;99;0;0.0;19.700;1.340;24;26;0;0;100;0;100;0;0;0;0;88;88;0;0.000;0.000;0.000;0.000;0.000;0.000;0.0;0.0;0;14;0.000;0.000;11.2;0;0.0;0;0;0;0;0;99;0;0;4976;0.00;0;0;0;0;0;0;0;0;0;0;0;0;0;0;0;0;14;0;99.0;99.0;0;0;0.00;0.00;0.00;0.0;0.0
116.143;124;0;99;0;0.0;19.700;1.340;24;26;0;0;100;0;100;0;0;0;0;88;88;0;0.000;0.000;0.000;0.000;0.000;0.000;0.0;0.0;0;14;0.000;0.000;11.2;0;0.0;0;0;0;0;0;99;0;0;4976;0.00;0;0;0;0;0;0;0;0;0;0;0;0;0;0;0;0;14;0;99.0;99.0;0;0;0.00;0.00;0.00;0.0;0.0
116.208;124;0;99;0;0.0;19.700;1.340;24;26;0;0;100;0;100;0;0;0;0;88;88;0;0.000;0.000;0.000;0.000;0.000;0.000;0.0;0.0;0;14;0.000;0.000;11.2;0;0.0;0;0;0;0;0;99;0;0;4976;0.00;0;0;0;0;0;0;0;0;0;0;0;0;0;0;0;0;14;0;99.0;99.0;0;0;0.00;0.00;0.00;0.0;0.0
116.278;124;0;99;0;0.0;19.700;1.340;24;26;0;0;100;0;100;0;0;0;0;88;88;0;0.000;0.000;0.000;0.000;0.000;0.000;0.0;0.0;0;14;0.000;0.000;11.2;0;0.0;0;0;0;0;0;99;0;0;4976;0.00;0;0;0;0;0;0;0;0;0;0;0;0;0;0;0;0;14;0;99.0;99.0;0;0;0.00;0.00;0.00;0.0;0.0
116.344;124;0;99;0;0.0;19.700;1.340;24;26;0;0;100;0;100;0;0;0;0;88;88;0;0.000;0.000;0.000;0.000;0.000;0.000;0.0;0.0;0;14;0.000;0.000;11.2;0;0.0;0;0;0;0;0;99;0;0;4976;0.00;0;0;0;0;0;0;0;0;0;0;0;0;0;0;0;0;14;0;99.0;99.0;0;0;0.00;0.00;0.00;0.0;0.0
116.408;124;0;99;0;0.0;19.700;1.340;24;26;0;0;100;0;100;0;0;0;0;88;88;0;0.000;0.000;0.000;0.000;0.000;0.000;0.0;0.0;0;14;0.000;0.000;11.2;0;0.0;0;0;0;0;0;99;0;0;4976;0.00;0;0;0;0;0;0;0;0;0;0;0;0;0;0;0;0;14;0;99.0;99.0;0;0;0.00;0.00;0.00;0.0;0.0
116.475;124;0;99;0;0.0;19.700;1.340;24;26;0;0;100;0;100;0;0;0;0;88;88;0;0.000;0.000;0.000;0.000;0.000;0.000;0.0;0.0;0;14;0.000;0.000;11.2;0;0.0;0;0;0;0;0;99;0;0;4976;0.00;0;0;0;0;0;0;0;0;0;0;0;0;0;0;0;0;14;0;99.0;99.0;0;0;0.00;0.00;0.00;0.0;0.0
116.545;124;0;99;0;0.0;19.700;1.340;24;26;0;0;100;0;100;0;0;0;0;88;88;0;0.000;0.000;0.000;0.000;0.000;0.000;0.0;0.0;0;14;0.000;0.000;11.2;0;0.0;0;0;0;0;0;99;0;0;4976;0.00;0;0;0;0;0;0;0;0;0;0;0;0;0;0;0;0;14;0;99.0;99.0;0;0;0.00;0.00;0.00;0.0;0.0
116.609;124;0;99;0;0.0;19.700;1.340;24;26;0;0;100;0;100;0;0;0;0;88;88;0;0.000;0.000;0.000;0.000;0.000;0.000;0.0;0.0;0;14;0.000;0.000;11.2;0;0.0;0;0;0;0;0;99;0;0;4976;0.00;0;0;0;0;0;0;0;0;0;0;0;0;0;0;0;0;14;0;99.0;99.0;0;0;0.00;0.00;0.00;0.0;0.0
116.675;124;0;99;0;0.0;19.700;1.340;24;26;0;0;100;0;100;0;0;0;0;88;88;0;0.000;0.000;0.000;0.000;0.000;0.000;0.0;0.0;0;14;0.000;0.000;11.2;0;0.0;0;0;0;0;0;99;0;0;4976;0.00;0;0;0;0;0;0;0;0;0;0;0;0;0;0;0;0;14;0;99.0;99.0;0;0;0.00;0.00;0.00;0.0;0.0
116.741;125;0;99;0;0.0;19.700;1.340;24;26;0;0;100;0;100;0;0;0;0;88;88;0;0.000;0.000;0.000;0.000;0.000;0.000;0.0;0.0;0;14;0.000;0.000;11.2;0;0.0;0;0;0;0;0;99;0;0;4982;0.00;0;0;0;0;0;0;0;0;0;0;0;0;0;0;0;0;14;0;99.0;99.0;0;0;0.00;0.00;0.00;0.0;0.0
116.810;125;0;99;0;0.0;19.700;1.340;24;26;0;0;100;0;100;0;0;0;0;88;88;0;0.000;0.000;0.000;0.000;0.000;0.000;0.0;0.0;0;14;0.000;0.000;11.2;0;0.0;0;0;0;0;0;99;0;0;4982;0.00;0;0;0;0;0;0;0;0;0;0;0;0;0;0;0;0;14;0;99.0;99.0;0;0;0.00;0.00;0.00;0.0;0.0
116.876;125;0;99;0;0.0;19.700;1.340;24;26;0;0;100;0;100;0;0;0;0;88;88;0;0.000;0.000;0.000;0.000;0.000;0.000;0.0;0.0;0;14;0.000;0.000;11.2;0;0.0;0;0;0;0;0;99;0;0;4982;0.00;0;0;0;0;0;0;0;0;0;0;0;0;0;0;0;0;14;0;99.0;99.0;0;0;0.00;0.00;0.00;0.0;0.0
116.942;125;0;99;0;0.0;19.700;1.340;24;26;0;0;100;0;100;0;0;0;0;88;88;0;0.000;0.000;0.000;0.000;0.000;0.000;0.0;0.0;0;14;0.000;0.000;11.2;0;0.0;0;0;0;0;0;99;0;0;4982;0.00;0;0;0;0;0;0;0;0;0;0;0;0;0;0;0;0;14;0;99.0;99.0;0;0;0.00;0.00;0.00;0.0;0.0
117.009;125;0;99;0;0.0;19.700;1.340;24;26;0;0;100;0;100;0;0;0;0;88;88;0;0.000;0.000;0.000;0.000;0.000;0.000;0.0;0.0;0;14;0.000;0.000;11.2;0;0.0;0;0;0;0;0;99;0;0;4982;0.00;0;0;0;0;0;0;0;0;0;0;0;0;0;0;0;0;14;0;99.0;99.0;0;0;0.00;0.00;0.00;0.0;0.0
117.076;125;0;99;0;0.0;19.700;1.340;24;26;0;0;100;0;100;0;0;0;0;88;88;0;0.000;0.000;0.000;0.000;0.000;0.000;0.0;0.0;0;14;0.000;0.000;11.2;0;0.0;0;0;0;0;0;99;0;0;4982;0.00;0;0;0;0;0;0;0;0;0;0;0;0;0;0;0;0;14;0;99.0;99.0;0;0;0.00;0.00;0.00;0.0;0.0
117.142;125;0;99;0;0.0;19.700;1.340;24;26;0;0;100;0;100;0;0;0;0;88;88;0;0.000;0.000;0.000;0.000;0.000;0.000;0.0;0.0;0;14;0.000;0.000;11.2;0;0.0;0;0;0;0;0;99;0;0;4982;0.00;0;0;0;0;0;0;0;0;0;0;0;0;0;0;0;0;14;0;99.0;99.0;0;0;0.00;0.00;0.00;0.0;0.0
117.207;125;0;99;0;0.0;19.700;1.340;24;26;0;0;100;0;100;0;0;0;0;88;88;0;0.000;0.000;0.000;0.000;0.000;0.000;0.0;0.0;0;14;0.000;0.000;11.2;0;0.0;0;0;0;0;0;99;0;0;4982;0.00;0;0;0;0;0;0;0;0;0;0;0;0;0;0;0;0;14;0;99.0;99.0;0;0;0.00;0.00;0.00;0.0;0.0
117.274;125;0;99;0;0.0;19.700;1.340;24;26;0;0;100;0;100;0;0;0;0;88;88;0;0.000;0.000;0.000;0.000;0.000;0.000;0.0;0.0;0;14;0.000;0.000;11.2;0;0.0;0;0;0;0;0;99;0;0;4982;0.00;0;0;0;0;0;0;0;0;0;0;0;0;0;0;0;0;14;0;99.0;99.0;0;0;0.00;0.00;0.00;0.0;0.0
117.343;125;0;99;0;0.0;19.700;1.340;24;26;0;0;100;0;100;0;0;0;0;88;88;0;0.000;0.000;0.000;0.000;0.000;0.000;0.0;0.0;0;14;0.000;0.000;11.2;0;0.0;0;0;0;0;0;99;0;0;4982;0.00;0;0;0;0;0;0;0;0;0;0;0;0;0;0;0;0;14;0;99.0;99.0;0;0;0.00;0.00;0.00;0.0;0.0
117.409;125;0;99;0;0.0;19.700;1.340;24;26;0;0;100;0;100;0;0;0;0;88;88;0;0.000;0.000;0.000;0.000;0.000;0.000;0.0;0.0;0;14;0.000;0.000;11.2;0;0.0;0;0;0;0;0;99;0;0;4982;0.00;0;0;0;0;0;0;0;0;0;0;0;0;0;0;0;0;14;0;99.0;99.0;0;0;0.00;0.00;0.00;0.0;0.0
117.478;125;0;99;0;0.0;19.700;1.340;24;26;0;0;100;0;100;0;0;0;0;88;88;0;0.000;0.000;0.000;0.000;0.000;0.000;0.0;0.0;0;14;0.000;0.000;11.2;0;0.0;0;0;0;0;0;99;0;0;4982;0.00;0;0;0;0;0;0;0;0;0;0;0;0;0;0;0;0;14;0;99.0;99.0;0;0;0.00;0.00;0.00;0.0;0.0
117.545;125;0;99;0;0.0;19.700;1.340;24;26;0;0;100;0;100;0;0;0;0;88;88;0;0.000;0.000;0.000;0.000;0.000;0.000;0.0;0.0;0;14;0.000;0.000;11.2;0;0.0;0;0;0;0;0;99;0;0;4982;0.00;0;0;0;0;0;0;0;0;0;0;0;0;0;0;0;0;14;0;99.0;99.0;0;0;0.00;0.00;0.00;0.0;0.0
117.609;125;0;99;0;0.0;19.700;1.340;24;26;0;0;100;0;100;0;0;0;0;88;88;0;0.000;0.000;0.000;0.000;0.000;0.000;0.0;0.0;0;14;0.000;0.000;11.2;0;0.0;0;0;0;0;0;99;0;0;4982;0.00;0;0;0;0;0;0;0;0;0;0;0;0;0;0;0;0;14;0;99.0;99.0;0;0;0.00;0.00;0.00;0.0;0.0
117.675;125;0;99;0;0.0;19.700;1.340;24;26;0;0;100;0;100;0;0;0;0;88;88;0;0.000;0.000;0.000;0.000;0.000;0.000;0.0;0.0;0;14;0.000;0.000;11.2;0;0.0;0;0;0;0;0;99;0;0;4982;0.00;0;0;0;0;0;0;0;0;0;0;0;0;0;0;0;0;14;0;99.0;99.0;0;0;0.00;0.00;0.00;0.0;0.0
117.744;126;0;99;0;0.0;19.700;1.340;24;26;0;0;100;0;100;0;0;0;0;88;88;0;0.000;0.000;0.000;0.000;0.000;0.000;0.0;0.0;0;14;0.000;0.000;11.2;0;0.0;0;0;0;0;0;99;0;0;4979;0.00;0;0;0;0;0;0;0;0;0;0;0;0;0;0;0;0;14;0;99.0;99.0;0;0;0.00;0.00;0.00;0.0;0.0
117.809;126;0;99;0;0.0;19.700;1.340;24;26;0;0;100;0;100;0;0;0;0;88;88;0;0.000;0.000;0.000;0.000;0.000;0.000;0.0;0.0;0;14;0.000;0.000;11.2;0;0.0;0;0;0;0;0;99;0;0;4979;0.00;0;0;0;0;0;0;0;0;0;0;0;0;0;0;0;0;14;0;99.0;99.0;0;0;0.00;0.00;0.00;0.0;0.0
117.875;126;0;99;0;0.0;19.700;1.340;24;26;0;0;100;0;100;0;0;0;0;88;88;0;0.000;0.000;0.000;0.000;0.000;0.000;0.0;0.0;0;14;0.000;0.000;11.2;0;0.0;0;0;0;0;0;99;0;0;4979;0.00;0;0;0;0;0;0;0;0;0;0;0;0;0;0;0;0;14;0;99.0;99.0;0;0;0.00;0.00;0.00;0.0;0.0
117.942;126;0;99;0;0.0;19.700;1.340;24;26;0;0;100;0;100;0;0;0;0;88;88;0;0.000;0.000;0.000;0.000;0.000;0.000;0.0;0.0;0;14;0.000;0.000;11.2;0;0.0;0;0;0;0;0;99;0;0;4979;0.00;0;0;0;0;0;0;0;0;0;0;0;0;0;0;0;0;14;0;99.0;99.0;0;0;0.00;0.00;0.00;0.0;0.0
118.010;126;0;99;0;0.0;19.700;1.340;24;26;0;0;100;0;100;0;0;0;0;88;88;0;0.000;0.000;0.000;0.000;0.000;0.000;0.0;0.0;0;14;0.000;0.000;11.2;0;0.0;0;0;0;0;0;99;0;0;4979;0.00;0;0;0;0;0;0;0;0;0;0;0;0;0;0;0;0;14;0;99.0;99.0;0;0;0.00;0.00;0.00;0.0;0.0
118.076;126;0;99;0;0.0;19.700;1.340;24;26;0;0;100;0;100;0;0;0;0;88;88;0;0.000;0.000;0.000;0.000;0.000;0.000;0.0;0.0;0;14;0.000;0.000;11.2;0;0.0;0;0;0;0;0;99;0;0;4979;0.00;0;0;0;0;0;0;0;0;0;0;0;0;0;0;0;0;14;0;99.0;99.0;0;0;0.00;0.00;0.00;0.0;0.0
118.142;126;0;99;0;0.0;19.700;1.340;24;26;0;0;100;0;100;0;0;0;0;88;88;0;0.000;0.000;0.000;0.000;0.000;0.000;0.0;0.0;0;14;0.000;0.000;11.2;0;0.0;0;0;0;0;0;99;0;0;4979;0.00;0;0;0;0;0;0;0;0;0;0;0;0;0;0;0;0;14;0;99.0;99.0;0;0;0.00;0.00;0.00;0.0;0.0
118.207;126;0;99;0;0.0;19.700;1.340;24;26;0;0;100;0;100;0;0;0;0;88;88;0;0.000;0.000;0.000;0.000;0.000;0.000;0.0;0.0;0;14;0.000;0.000;11.2;0;0.0;0;0;0;0;0;99;0;0;4979;0.00;0;0;0;0;0;0;0;0;0;0;0;0;0;0;0;0;14;0;99.0;99.0;0;0;0.00;0.00;0.00;0.0;0.0
118.277;126;0;99;0;0.0;19.700;1.340;24;26;0;0;100;0;100;0;0;0;0;88;88;0;0.000;0.000;0.000;0.000;0.000;0.000;0.0;0.0;0;14;0.000;0.000;11.2;0;0.0;0;0;0;0;0;99;0;0;4979;0.00;0;0;0;0;0;0;0;0;0;0;0;0;0;0;0;0;14;0;99.0;99.0;0;0;0.00;0.00;0.00;0.0;0.0
118.342;126;0;99;0;0.0;19.700;1.340;24;26;0;0;100;0;100;0;0;0;0;88;88;0;0.000;0.000;0.000;0.000;0.000;0.000;0.0;0.0;0;14;0.000;0.000;11.2;0;0.0;0;0;0;0;0;99;0;0;4979;0.00;0;0;0;0;0;0;0;0;0;0;0;0;0;0;0;0;14;0;99.0;99.0;0;0;0.00;0.00;0.00;0.0;0.0
118.408;126;0;99;0;0.0;19.700;1.340;24;26;0;0;100;0;100;0;0;0;0;88;88;0;0.000;0.000;0.000;0.000;0.000;0.000;0.0;0.0;0;14;0.000;0.000;11.2;0;0.0;0;0;0;0;0;99;0;0;4979;0.00;0;0;0;0;0;0;0;0;0;0;0;0;0;0;0;0;14;0;99.0;99.0;0;0;0.00;0.00;0.00;0.0;0.0
118.477;126;0;99;0;0.0;19.700;1.340;24;26;0;0;100;0;100;0;0;0;0;88;88;0;0.000;0.000;0.000;0.000;0.000;0.000;0.0;0.0;0;14;0.000;0.000;11.2;0;0.0;0;0;0;0;0;99;0;0;4979;0.00;0;0;0;0;0;0;0;0;0;0;0;0;0;0;0;0;14;0;99.0;99.0;0;0;0.00;0.00;0.00;0.0;0.0
118.543;126;0;99;0;0.0;19.700;1.340;24;26;0;0;100;0;100;0;0;0;0;88;88;0;0.000;0.000;0.000;0.000;0.000;0.000;0.0;0.0;0;14;0.000;0.000;11.2;0;0.0;0;0;0;0;0;99;0;0;4979;0.00;0;0;0;0;0;0;0;0;0;0;0;0;0;0;0;0;14;0;99.0;99.0;0;0;0.00;0.00;0.00;0.0;0.0
118.609;126;0;99;0;0.0;19.700;1.340;24;26;0;0;100;0;100;0;0;0;0;88;88;0;0.000;0.000;0.000;0.000;0.000;0.000;0.0;0.0;0;14;0.000;0.000;11.2;0;0.0;0;0;0;0;0;99;0;0;4979;0.00;0;0;0;0;0;0;0;0;0;0;0;0;0;0;0;0;14;0;99.0;99.0;0;0;0.00;0.00;0.00;0.0;0.0
118.673;126;0;99;0;0.0;19.700;1.340;24;26;0;0;100;0;100;0;0;0;0;88;88;0;0.000;0.000;0.000;0.000;0.000;0.000;0.0;0.0;0;14;0.000;0.000;11.2;0;0.0;0;0;0;0;0;99;0;0;4979;0.00;0;0;0;0;0;0;0;0;0;0;0;0;0;0;0;0;14;0;99.0;99.0;0;0;0.00;0.00;0.00;0.0;0.0
118.744;127;0;99;0;0.0;19.700;1.340;24;26;0;0;100;0;100;0;0;0;0;88;88;0;0.000;0.000;0.000;0.000;0.000;0.000;0.0;0.0;0;14;0.000;0.000;11.2;0;0.0;0;0;0;0;0;99;0;0;4979;0.00;0;0;0;0;0;0;0;0;0;0;0;0;0;0;0;0;14;0;99.0;99.0;0;0;0.00;0.00;0.00;0.0;0.0
118.809;127;0;99;0;0.0;19.700;1.340;24;26;0;0;100;0;100;0;0;0;0;88;88;0;0.000;0.000;0.000;0.000;0.000;0.000;0.0;0.0;0;14;0.000;0.000;11.2;0;0.0;0;0;0;0;0;99;0;0;4979;0.00;0;0;0;0;0;0;0;0;0;0;0;0;0;0;0;0;14;0;99.0;99.0;0;0;0.00;0.00;0.00;0.0;0.0
118.879;127;0;99;0;0.0;19.700;1.340;24;26;0;0;100;0;100;0;0;0;0;88;88;0;0.000;0.000;0.000;0.000;0.000;0.000;0.0;0.0;0;14;0.000;0.000;11.2;0;0.0;0;0;0;0;0;99;0;0;4979;0.00;0;0;0;0;0;0;0;0;0;0;0;0;0;0;0;0;14;0;99.0;99.0;0;0;0.00;0.00;0.00;0.0;0.0
118.944;127;0;98;0;0.0;19.700;1.340;24;26;0;0;100;0;100;0;0;0;0;88;88;0;0.000;0.000;0.000;0.000;0.000;0.000;0.0;0.0;0;15;0.000;0.000;11.2;0;-0.1;0;0;0;0;0;99;0;0;4979;0.00;0;0;0;0;0;0;0;0;0;0;0;0;0;0;0;0;15;0;98.0;98.0;0;0;0.00;0.00;0.00;0.0;0.0
119.009;127;0;99;0;0.0;19.700;1.340;24;26;0;0;100;0;100;0;0;0;0;88;88;0;0.000;0.000;0.000;0.000;0.000;0.000;0.0;0.0;0;14;0.000;0.000;11.2;0;0.0;0;0;0;0;0;99;0;0;4979;0.00;0;0;0;0;0;0;0;0;0;0;0;0;0;0;0;0;14;0;99.0;99.0;0;0;0.00;0.00;0.00;0.0;0.0
119.076;127;0;99;0;0.0;19.700;1.340;24;26;0;0;100;0;100;0;0;0;0;88;88;0;0.000;0.000;0.000;0.000;0.000;0.000;0.0;0.0;0;14;0.000;0.000;11.2;0;0.0;0;0;0;0;0;99;0;0;4979;0.00;0;0;0;0;0;0;0;0;0;0;0;0;0;0;0;0;14;0;99.0;99.0;0;0;0.00;0.00;0.00;0.0;0.0
119.146;127;0;99;0;0.0;19.700;1.340;24;26;0;0;100;0;100;0;0;0;0;88;88;0;0.000;0.000;0.000;0.000;0.000;0.000;0.0;0.0;0;14;0.000;0.000;11.2;0;0.0;0;0;0;0;0;99;0;0;4979;0.00;0;0;0;0;0;0;0;0;0;0;0;0;0;0;0;0;14;0;99.0;99.0;0;0;0.00;0.00;0.00;0.0;0.0
119.211;127;0;99;0;0.0;19.700;1.340;24;26;0;0;100;0;100;0;0;0;0;88;88;0;0.000;0.000;0.000;0.000;0.000;0.000;0.0;0.0;0;14;0.000;0.000;11.2;0;0.0;0;0;0;0;0;99;0;0;4979;0.00;0;0;0;0;0;0;0;0;0;0;0;0;0;0;0;0;14;0;99.0;99.0;0;0;0.00;0.00;0.00;0.0;0.0
119.276;127;0;99;0;0.0;19.700;1.340;24;26;0;0;100;0;100;0;0;0;0;88;88;0;0.000;0.000;0.000;0.000;0.000;0.000;0.0;0.0;0;14;0.000;0.000;11.2;0;0.0;0;0;0;0;0;99;0;0;4979;0.00;0;0;0;0;0;0;0;0;0;0;0;0;0;0;0;0;14;0;99.0;99.0;0;0;0.00;0.00;0.00;0.0;0.0
119.342;127;0;99;0;0.0;19.700;1.340;24;26;0;0;100;0;100;0;0;0;0;88;88;0;0.000;0.000;0.000;0.000;0.000;0.000;0.0;0.0;0;14;0.000;0.000;11.2;0;0.0;0;0;0;0;0;99;0;0;4979;0.00;0;0;0;0;0;0;0;0;0;0;0;0;0;0;0;0;14;0;99.0;99.0;0;0;0.00;0.00;0.00;0.0;0.0
119.407;127;0;99;0;0.0;19.700;1.340;24;26;0;0;100;0;100;0;0;0;0;88;88;0;0.000;0.000;0.000;0.000;0.000;0.000;0.0;0.0;0;14;0.000;0.000;11.2;0;0.0;0;0;0;0;0;99;0;0;4979;0.00;0;0;0;0;0;0;0;0;0;0;0;0;0;0;0;0;14;0;99.0;99.0;0;0;0.00;0.00;0.00;0.0;0.0
119.473;127;0;99;0;0.0;19.700;1.340;24;26;0;0;100;0;100;0;0;0;0;88;88;0;0.000;0.000;0.000;0.000;0.000;0.000;0.0;0.0;0;14;0.000;0.000;11.2;0;0.0;0;0;0;0;0;99;0;0;4979;0.00;0;0;0;0;0;0;0;0;0;0;0;0;0;0;0;0;14;0;99.0;99.0;0;0;0.00;0.00;0.00;0.0;0.0
119.542;127;0;99;0;0.0;19.700;1.340;24;26;0;0;100;0;100;0;0;0;0;88;88;0;0.000;0.000;0.000;0.000;0.000;0.000;0.0;0.0;0;14;0.000;0.000;11.2;0;0.0;0;0;0;0;0;99;0;0;4979;0.00;0;0;0;0;0;0;0;0;0;0;0;0;0;0;0;0;14;0;99.0;99.0;0;0;0.00;0.00;0.00;0.0;0.0
119.608;127;0;99;0;0.0;19.700;1.340;24;26;0;0;100;0;100;0;0;0;0;88;88;0;0.000;0.000;0.000;0.000;0.000;0.000;0.0;0.0;0;14;0.000;0.000;11.2;0;0.0;0;0;0;0;0;99;0;0;4979;0.00;0;0;0;0;0;0;0;0;0;0;0;0;0;0;0;0;14;0;99.0;99.0;0;0;0.00;0.00;0.00;0.0;0.0
119.677;127;0;99;0;0.0;19.700;1.340;24;26;0;0;100;0;100;0;0;0;0;88;88;0;0.000;0.000;0.000;0.000;0.000;0.000;0.0;0.0;0;14;0.000;0.000;11.2;0;0.0;0;0;0;0;0;99;0;0;4979;0.00;0;0;0;0;0;0;0;0;0;0;0;0;0;0;0;0;14;0;99.0;99.0;0;0;0.00;0.00;0.00;0.0;0.0
119.743;127;0;99;0;0.0;19.700;1.340;24;26;0;0;100;0;100;0;0;0;0;88;88;0;0.000;0.000;0.000;0.000;0.000;0.000;0.0;0.0;0;14;0.000;0.000;11.2;0;0.0;0;0;0;0;0;99;0;0;4979;0.00;0;0;0;0;0;0;0;0;0;0;0;0;0;0;0;0;14;0;99.0;99.0;0;0;0.00;0.00;0.00;0.0;0.0
119.809;128;0;99;0;0.0;19.700;1.340;24;26;0;0;100;0;100;0;0;0;0;88;88;0;0.000;0.000;0.000;0.000;0.000;0.000;0.0;0.0;0;14;0.000;0.000;11.2;0;0.0;0;0;0;0;0;99;0;0;4961;0.00;0;0;0;0;0;0;0;0;0;0;0;0;0;0;0;0;14;0;99.0;99.0;0;0;0.00;0.00;0.00;0.0;0.0
119.873;128;0;99;0;0.0;19.700;1.340;24;26;0;0;100;0;100;0;0;0;0;88;88;0;0.000;0.000;0.000;0.000;0.000;0.000;0.0;0.0;0;14;0.000;0.000;11.2;0;0.0;0;0;0;0;0;99;0;0;4961;0.00;0;0;0;0;0;0;0;0;0;0;0;0;0;0;0;0;14;0;99.0;99.0;0;0;0.00;0.00;0.00;0.0;0.0
119.943;128;0;99;0;0.0;19.700;1.340;24;26;0;0;100;0;100;0;0;0;0;88;88;0;0.000;0.000;0.000;0.000;0.000;0.000;0.0;0.0;0;14;0.000;0.000;11.2;0;0.0;0;0;0;0;0;99;0;0;4961;0.00;0;0;0;0;0;0;0;0;0;0;0;0;0;0;0;0;14;0;99.0;99.0;0;0;0.00;0.00;0.00;0.0;0.0
120.009;128;0;99;0;0.0;19.700;1.340;24;26;0;0;100;0;100;0;0;0;0;88;88;0;0.000;0.000;0.000;0.000;0.000;0.000;0.0;0.0;0;14;0.000;0.000;11.2;0;0.0;0;0;0;0;0;99;0;0;4961;0.00;0;0;0;0;0;0;0;0;0;0;0;0;0;0;0;0;14;0;99.0;99.0;0;0;0.00;0.00;0.00;0.0;0.0
120.075;128;0;99;0;0.0;19.700;1.340;24;26;0;0;100;0;100;0;0;0;0;88;88;0;0.000;0.000;0.000;0.000;0.000;0.000;0.0;0.0;0;14;0.000;0.000;11.2;0;0.0;0;0;0;0;0;99;0;0;4961;0.00;0;0;0;0;0;0;0;0;0;0;0;0;0;0;0;0;14;0;99.0;99.0;0;0;0.00;0.00;0.00;0.0;0.0
120.144;128;0;99;0;0.0;19.700;1.340;24;26;0;0;100;0;100;0;0;0;0;88;88;0;0.000;0.000;0.000;0.000;0.000;0.000;0.0;0.0;0;14;0.000;0.000;11.2;0;0.0;0;0;0;0;0;99;0;0;4961;0.00;0;0;0;0;0;0;0;0;0;0;0;0;0;0;0;0;14;0;99.0;99.0;0;0;0.00;0.00;0.00;0.0;0.0
120.209;128;0;99;0;0.0;19.700;1.340;24;26;0;0;100;0;100;0;0;0;0;88;88;0;0.000;0.000;0.000;0.000;0.000;0.000;0.0;0.0;0;14;0.000;0.000;11.2;0;0.0;0;0;0;0;0;99;0;0;4961;0.00;0;0;0;0;0;0;0;0;0;0;0;0;0;0;0;0;14;0;99.0;99.0;0;0;0.00;0.00;0.00;0.0;0.0
120.276;128;0;99;0;0.0;19.700;1.340;24;26;0;0;100;0;100;0;0;0;0;88;88;0;0.000;0.000;0.000;0.000;0.000;0.000;0.0;0.0;0;14;0.000;0.000;11.2;0;0.0;0;0;0;0;0;99;0;0;4961;0.00;0;0;0;0;0;0;0;0;0;0;0;0;0;0;0;0;14;0;99.0;99.0;0;0;0.00;0.00;0.00;0.0;0.0
120.342;128;0;99;0;0.0;19.700;1.340;24;26;0;0;100;0;100;0;0;0;0;88;88;0;0.000;0.000;0.000;0.000;0.000;0.000;0.0;0.0;0;14;0.000;0.000;11.2;0;0.0;0;0;0;0;0;99;0;0;4961;0.00;0;0;0;0;0;0;0;0;0;0;0;0;0;0;0;0;14;0;99.0;99.0;0;0;0.00;0.00;0.00;0.0;0.0
120.410;128;0;99;0;0.0;19.700;1.340;24;26;0;0;100;0;100;0;0;0;0;88;88;0;0.000;0.000;0.000;0.000;0.000;0.000;0.0;0.0;0;14;0.000;0.000;11.2;0;0.0;0;0;0;0;0;99;0;0;4961;0.00;0;0;0;0;0;0;0;0;0;0;0;0;0;0;0;0;14;0;99.0;99.0;0;0;0.00;0.00;0.00;0.0;0.0
120.476;128;0;99;0;0.0;19.700;1.340;24;26;0;0;100;0;100;0;0;0;0;88;88;0;0.000;0.000;0.000;0.000;0.000;0.000;0.0;0.0;0;14;0.000;0.000;11.2;0;0.0;0;0;0;0;0;99;0;0;4961;0.00;0;0;0;0;0;0;0;0;0;0;0;0;0;0;0;0;14;0;99.0;99.0;0;0;0.00;0.00;0.00;0.0;0.0
120.541;128;0;99;0;0.0;19.700;1.340;24;26;0;0;100;0;100;0;0;0;0;88;88;0;0.000;0.000;0.000;0.000;0.000;0.000;0.0;0.0;0;14;0.000;0.000;11.2;0;0.0;0;0;0;0;0;99;0;0;4961;0.00;0;0;0;0;0;0;0;0;0;0;0;0;0;0;0;0;14;0;99.0;99.0;0;0;0.00;0.00;0.00;0.0;0.0
120.607;128;0;99;0;0.0;19.700;1.340;24;26;0;0;100;0;100;0;0;0;0;88;88;0;0.000;0.000;0.000;0.000;0.000;0.000;0.0;0.0;0;14;0.000;0.000;11.2;0;0.0;0;0;0;0;0;99;0;0;4961;0.00;0;0;0;0;0;0;0;0;0;0;0;0;0;0;0;0;14;0;99.0;99.0;0;0;0.00;0.00;0.00;0.0;0.0
120.677;128;0;99;0;0.0;19.700;1.340;24;26;0;0;100;0;100;0;0;0;0;88;88;0;0.000;0.000;0.000;0.000;0.000;0.000;0.0;0.0;0;14;0.000;0.000;11.2;0;0.0;0;0;0;0;0;99;0;0;4961;0.00;0;0;0;0;0;0;0;0;0;0;0;0;0;0;0;0;14;0;99.0;99.0;0;0;0.00;0.00;0.00;0.0;0.0
120.742;128;0;99;0;0.0;19.700;1.340;24;26;0;0;100;0;100;0;0;0;0;88;88;0;0.000;0.000;0.000;0.000;0.000;0.000;0.0;0.0;0;14;0.000;0.000;11.2;0;0.0;0;0;0;0;0;99;0;0;4961;0.00;0;0;0;0;0;0;0;0;0;0;0;0;0;0;0;0;14;0;99.0;99.0;0;0;0.00;0.00;0.00;0.0;0.0
120.808;129;0;99;0;0.0;19.700;1.340;24;26;0;0;100;0;100;0;0;0;0;88;88;0;0.000;0.000;0.000;0.000;0.000;0.000;0.0;0.0;0;14;0.000;0.000;11.2;0;0.0;0;0;0;0;0;99;0;0;4981;0.00;0;0;0;0;0;0;0;0;0;0;0;0;0;0;0;0;14;0;99.0;99.0;0;0;0.00;0.00;0.00;0.0;0.0
120.877;129;0;99;0;0.0;19.700;1.340;24;26;0;0;100;0;100;0;0;0;0;88;88;0;0.000;0.000;0.000;0.000;0.000;0.000;0.0;0.0;0;14;0.000;0.000;11.2;0;0.0;0;0;0;0;0;99;0;0;4981;0.00;0;0;0;0;0;0;0;0;0;0;0;0;0;0;0;0;14;0;99.0;99.0;0;0;0.00;0.00;0.00;0.0;0.0
120.945;129;0;99;0;0.0;19.700;1.340;24;26;0;0;100;0;100;0;0;0;0;88;88;0;0.000;0.000;0.000;0.000;0.000;0.000;0.0;0.0;0;14;0.000;0.000;11.2;0;0.0;0;0;0;0;0;99;0;0;4981;0.00;0;0;0;0;0;0;0;0;0;0;0;0;0;0;0;0;14;0;99.0;99.0;0;0;0.00;0.00;0.00;0.0;0.0
121.009;129;0;99;0;0.0;19.700;1.340;24;26;0;0;100;0;100;0;0;0;0;88;88;0;0.000;0.000;0.000;0.000;0.000;0.000;0.0;0.0;0;14;0.000;0.000;11.2;0;0.0;0;0;0;0;0;99;0;0;4981;0.00;0;0;0;0;0;0;0;0;0;0;0;0;0;0;0;0;14;0;99.0;99.0;0;0;0.00;0.00;0.00;0.0;0.0
121.073;129;0;99;0;0.0;19.700;1.340;24;26;0;0;100;0;100;0;0;0;0;88;88;0;0.000;0.000;0.000;0.000;0.000;0.000;0.0;0.0;0;14;0.000;0.000;11.2;0;0.0;0;0;0;0;0;99;0;0;4981;0.00;0;0;0;0;0;0;0;0;0;0;0;0;0;0;0;0;14;0;99.0;99.0;0;0;0.00;0.00;0.00;0.0;0.0
121.139;129;0;99;0;0.0;19.700;1.340;24;26;0;0;100;0;100;0;0;0;0;88;88;0;0.000;0.000;0.000;0.000;0.000;0.000;0.0;0.0;0;14;0.000;0.000;11.2;0;0.0;0;0;0;0;0;99;0;0;4981;0.00;0;0;0;0;0;0;0;0;0;0;0;0;0;0;0;0;14;0;99.0;99.0;0;0;0.00;0.00;0.00;0.0;0.0
121.209;129;0;99;0;0.0;19.700;1.340;24;26;0;0;100;0;100;0;0;0;0;88;88;0;0.000;0.000;0.000;0.000;0.000;0.000;0.0;0.0;0;14;0.000;0.000;11.2;0;0.0;0;0;0;0;0;99;0;0;4981;0.00;0;0;0;0;0;0;0;0;0;0;0;0;0;0;0;0;14;0;99.0;99.0;0;0;0.00;0.00;0.00;0.0;0.0
121.274;129;0;99;0;0.0;19.700;1.340;24;26;0;0;100;0;100;0;0;0;0;88;88;0;0.000;0.000;0.000;0.000;0.000;0.000;0.0;0.0;0;14;0.000;0.000;11.2;0;0.0;0;0;0;0;0;99;0;0;4981;0.00;0;0;0;0;0;0;0;0;0;0;0;0;0;0;0;0;14;0;99.0;99.0;0;0;0.00;0.00;0.00;0.0;0.0
121.340;129;0;99;0;0.0;19.700;1.340;24;26;0;0;100;0;100;0;0;0;0;88;88;0;0.000;0.000;0.000;0.000;0.000;0.000;0.0;0.0;0;14;0.000;0.000;11.2;0;0.0;0;0;0;0;0;99;0;0;4981;0.00;0;0;0;0;0;0;0;0;0;0;0;0;0;0;0;0;14;0;99.0;99.0;0;0;0.00;0.00;0.00;0.0;0.0
121.406;129;0;99;0;0.0;19.700;1.340;24;26;0;0;100;0;100;0;0;0;0;88;88;0;0.000;0.000;0.000;0.000;0.000;0.000;0.0;0.0;0;14;0.000;0.000;11.2;0;0.0;0;0;0;0;0;99;0;0;4981;0.00;0;0;0;0;0;0;0;0;0;0;0;0;0;0;0;0;14;0;99.0;99.0;0;0;0.00;0.00;0.00;0.0;0.0
121.475;129;0;99;0;0.0;19.700;1.340;24;26;0;0;100;0;100;0;0;0;0;88;88;0;0.000;0.000;0.000;0.000;0.000;0.000;0.0;0.0;0;14;0.000;0.000;11.2;0;0.0;0;0;0;0;0;99;0;0;4981;0.00;0;0;0;0;0;0;0;0;0;0;0;0;0;0;0;0;14;0;99.0;99.0;0;0;0.00;0.00;0.00;0.0;0.0
121.540;129;0;99;0;0.0;19.700;1.340;24;26;0;0;100;0;100;0;0;0;0;88;88;0;0.000;0.000;0.000;0.000;0.000;0.000;0.0;0.0;0;14;0.000;0.000;11.2;0;0.0;0;0;0;0;0;99;0;0;4981;0.00;0;0;0;0;0;0;0;0;0;0;0;0;0;0;0;0;14;0;99.0;99.0;0;0;0.00;0.00;0.00;0.0;0.0
121.607;129;0;99;0;0.0;19.700;1.340;24;26;0;0;100;0;100;0;0;0;0;88;88;0;0.000;0.000;0.000;0.000;0.000;0.000;0.0;0.0;0;14;0.000;0.000;11.2;0;0.0;0;0;0;0;0;99;0;0;4981;0.00;0;0;0;0;0;0;0;0;0;0;0;0;0;0;0;0;14;0;99.0;99.0;0;0;0.00;0.00;0.00;0.0;0.0
121.672;129;0;99;0;0.0;19.700;1.340;24;26;0;0;100;0;100;0;0;0;0;88;88;0;0.000;0.000;0.000;0.000;0.000;0.000;0.0;0.0;0;14;0.000;0.000;11.2;0;0.0;0;0;0;0;0;99;0;0;4981;0.00;0;0;0;0;0;0;0;0;0;0;0;0;0;0;0;0;14;0;99.0;99.0;0;0;0.00;0.00;0.00;0.0;0.0
121.742;129;0;99;0;0.0;19.700;1.340;24;26;0;0;100;0;100;0;0;0;0;88;88;0;0.000;0.000;0.000;0.000;0.000;0.000;0.0;0.0;0;14;0.000;0.000;11.2;0;0.0;0;0;0;0;0;99;0;0;4981;0.00;0;0;0;0;0;0;0;0;0;0;0;0;0;0;0;0;14;0;99.0;99.0;0;0;0.00;0.00;0.00;0.0;0.0
121.812;130;0;99;0;0.0;19.700;1.340;24;26;0;0;100;0;100;0;0;0;0;88;88;0;0.000;0.000;0.000;0.000;0.000;0.000;0.0;0.0;0;14;0.000;0.000;11.2;0;0.0;0;0;0;0;0;99;0;0;4980;0.00;0;0;0;0;0;0;0;0;0;0;0;0;0;0;0;0;14;0;99.0;99.0;0;0;0.00;0.00;0.00;0.0;0.0
121.876;130;0;99;0;0.0;19.700;1.340;24;26;0;0;100;0;100;0;0;0;0;88;88;0;0.000;0.000;0.000;0.000;0.000;0.000;0.0;0.0;0;14;0.000;0.000;11.2;0;0.0;0;0;0;0;0;99;0;0;4980;0.00;0;0;0;0;0;0;0;0;0;0;0;0;0;0;0;0;14;0;99.0;99.0;0;0;0.00;0.00;0.00;0.0;0.0
121.943;130;0;99;0;0.0;19.700;1.340;24;26;0;0;100;0;100;0;0;0;0;88;88;0;0.000;0.000;0.000;0.000;0.000;0.000;0.0;0.0;0;14;0.000;0.000;11.2;0;0.0;0;0;0;0;0;99;0;0;4980;0.00;0;0;0;0;0;0;0;0;0;0;0;0;0;0;0;0;14;0;99.0;99.0;0;0;0.00;0.00;0.00;0.0;0.0
122.008;130;0;99;0;0.0;19.700;1.340;24;26;0;0;100;0;100;0;0;0;0;88;88;0;0.000;0.000;0.000;0.000;0.000;0.000;0.0;0.0;0;14;0.000;0.000;11.2;0;0.0;0;0;0;0;0;99;0;0;4980;0.00;0;0;0;0;0;0;0;0;0;0;0;0;0;0;0;0;14;0;99.0;99.0;0;0;0.00;0.00;0.00;0.0;0.0
122.073;130;0;99;0;0.0;19.700;1.340;24;26;0;0;100;0;100;0;0;0;0;88;88;0;0.000;0.000;0.000;0.000;0.000;0.000;0.0;0.0;0;14;0.000;0.000;11.2;0;0.0;0;0;0;0;0;99;0;0;4980;0.00;0;0;0;0;0;0;0;0;0;0;0;0;0;0;0;0;14;0;99.0;99.0;0;0;0.00;0.00;0.00;0.0;0.0
122.139;130;0;99;0;0.0;19.700;1.340;24;26;0;0;100;0;100;0;0;0;0;88;88;0;0.000;0.000;0.000;0.000;0.000;0.000;0.0;0.0;0;14;0.000;0.000;11.2;0;0.0;0;0;0;0;0;99;0;0;4980;0.00;0;0;0;0;0;0;0;0;0;0;0;0;0;0;0;0;14;0;99.0;99.0;0;0;0.00;0.00;0.00;0.0;0.0
122.208;130;0;98;0;0.0;19.700;1.340;24;26;0;0;100;0;100;0;0;0;0;88;88;0;0.000;0.000;0.000;0.000;0.000;0.000;0.0;0.0;0;15;0.000;0.000;11.2;0;-0.1;0;0;0;0;0;99;0;0;4980;0.00;0;0;0;0;0;0;0;0;0;0;0;0;0;0;0;0;15;0;98.0;98.0;0;0;0.00;0.00;0.00;0.0;0.0
122.277;130;0;99;0;0.0;19.700;1.340;24;26;0;0;100;0;100;0;0;0;0;88;88;0;0.000;0.000;0.000;0.000;0.000;0.000;0.0;0.0;0;14;0.000;0.000;11.2;0;0.0;0;0;0;0;0;99;0;0;4980;0.00;0;0;0;0;0;0;0;0;0;0;0;0;0;0;0;0;14;0;99.0;99.0;0;0;0.00;0.00;0.00;0.0;0.0
122.344;130;0;99;0;0.0;19.700;1.340;24;26;0;0;100;0;100;0;0;0;0;88;88;0;0.000;0.000;0.000;0.000;0.000;0.000;0.0;0.0;0;14;0.000;0.000;11.2;0;0.0;0;0;0;0;0;99;0;0;4980;0.00;0;0;0;0;0;0;0;0;0;0;0;0;0;0;0;0;14;0;99.0;99.0;0;0;0.00;0.00;0.00;0.0;0.0
122.410;130;0;99;0;0.0;19.700;1.340;24;26;0;0;100;0;100;0;0;0;0;88;88;0;0.000;0.000;0.000;0.000;0.000;0.000;0.0;0.0;0;14;0.000;0.000;11.2;0;0.0;0;0;0;0;0;99;0;0;4980;0.00;0;0;0;0;0;0;0;0;0;0;0;0;0;0;0;0;14;0;99.0;99.0;0;0;0.00;0.00;0.00;0.0;0.0
122.479;130;0;99;0;0.0;19.700;1.340;24;26;0;0;100;0;100;0;0;0;0;88;88;0;0.000;0.000;0.000;0.000;0.000;0.000;0.0;0.0;0;14;0.000;0.000;11.2;0;0.0;0;0;0;0;0;99;0;0;4980;0.00;0;0;0;0;0;0;0;0;0;0;0;0;0;0;0;0;14;0;99.0;99.0;0;0;0.00;0.00;0.00;0.0;0.0
122.544;130;0;99;0;0.0;19.700;1.340;24;26;0;0;100;0;100;0;0;0;0;88;88;0;0.000;0.000;0.000;0.000;0.000;0.000;0.0;0.0;0;14;0.000;0.000;11.2;0;0.0;0;0;0;0;0;99;0;0;4980;0.00;0;0;0;0;0;0;0;0;0;0;0;0;0;0;0;0;14;0;99.0;99.0;0;0;0.00;0.00;0.00;0.0;0.0
122.610;130;0;99;0;0.0;19.700;1.340;24;26;0;0;100;0;100;0;0;0;0;88;88;0;0.000;0.000;0.000;0.000;0.000;0.000;0.0;0.0;0;14;0.000;0.000;11.2;0;0.0;0;0;0;0;0;99;0;0;4980;0.00;0;0;0;0;0;0;0;0;0;0;0;0;0;0;0;0;14;0;99.0;99.0;0;0;0.00;0.00;0.00;0.0;0.0
122.676;130;0;99;0;0.0;19.700;1.340;24;26;0;0;100;0;100;0;0;0;0;88;88;0;0.000;0.000;0.000;0.000;0.000;0.000;0.0;0.0;0;14;0.000;0.000;11.2;0;0.0;0;0;0;0;0;99;0;0;4980;0.00;0;0;0;0;0;0;0;0;0;0;0;0;0;0;0;0;14;0;99.0;99.0;0;0;0.00;0.00;0.00;0.0;0.0
122.742;130;0;99;0;0.0;19.700;1.340;24;26;0;0;100;0;100;0;0;0;0;88;88;0;0.000;0.000;0.000;0.000;0.000;0.000;0.0;0.0;0;14;0.000;0.000;11.2;0;0.0;0;0;0;0;0;99;0;0;4980;0.00;0;0;0;0;0;0;0;0;0;0;0;0;0;0;0;0;14;0;99.0;99.0;0;0;0.00;0.00;0.00;0.0;0.0
122.811;131;0;99;0;0.0;19.700;1.340;24;26;0;0;100;0;100;0;0;0;0;88;88;0;0.000;0.000;0.000;0.000;0.000;0.000;0.0;0.0;0;14;0.000;0.000;11.2;0;0.0;0;0;0;0;0;99;0;0;4982;0.00;0;0;0;0;0;0;0;0;0;0;0;0;0;0;0;0;14;0;99.0;99.0;0;0;0.00;0.00;0.00;0.0;0.0
122.877;131;0;99;0;0.0;19.700;1.340;24;26;0;0;100;0;100;0;0;0;0;88;88;0;0.000;0.000;0.000;0.000;0.000;0.000;0.0;0.0;0;14;0.000;0.000;11.2;0;0.0;0;0;0;0;0;99;0;0;4982;0.00;0;0;0;0;0;0;0;0;0;0;0;0;0;0;0;0;14;0;99.0;99.0;0;0;0.00;0.00;0.00;0.0;0.0
122.942;131;0;99;0;0.0;19.700;1.340;24;26;0;0;100;0;100;0;0;0;0;88;88;0;0.000;0.000;0.000;0.000;0.000;0.000;0.0;0.0;0;14;0.000;0.000;11.2;0;0.0;0;0;0;0;0;99;0;0;4982;0.00;0;0;0;0;0;0;0;0;0;0;0;0;0;0;0;0;14;0;99.0;99.0;0;0;0.00;0.00;0.00;0.0;0.0
123.006;131;0;99;0;0.0;19.700;1.340;24;26;0;0;100;0;100;0;0;0;0;88;88;0;0.000;0.000;0.000;0.000;0.000;0.000;0.0;0.0;0;14;0.000;0.000;11.2;0;0.0;0;0;0;0;0;99;0;0;4982;0.00;0;0;0;0;0;0;0;0;0;0;0;0;0;0;0;0;14;0;99.0;99.0;0;0;0.00;0.00;0.00;0.0;0.0
123.076;131;0;99;0;0.0;19.700;1.340;24;26;0;0;100;0;100;0;0;0;0;88;88;0;0.000;0.000;0.000;0.000;0.000;0.000;0.0;0.0;0;14;0.000;0.000;11.2;0;0.0;0;0;0;0;0;99;0;0;4982;0.00;0;0;0;0;0;0;0;0;0;0;0;0;0;0;0;0;14;0;99.0;99.0;0;0;0.00;0.00;0.00;0.0;0.0
123.143;131;0;99;0;0.0;19.700;1.340;24;26;0;0;100;0;100;0;0;0;0;88;88;0;0.000;0.000;0.000;0.000;0.000;0.000;0.0;0.0;0;14;0.000;0.000;11.2;0;0.0;0;0;0;0;0;99;0;0;4982;0.00;0;0;0;0;0;0;0;0;0;0;0;0;0;0;0;0;14;0;99.0;99.0;0;0;0.00;0.00;0.00;0.0;0.0
123.212;131;0;99;0;0.0;19.700;1.340;24;26;0;0;100;0;100;0;0;0;0;88;88;0;0.000;0.000;0.000;0.000;0.000;0.000;0.0;0.0;0;14;0.000;0.000;11.2;0;0.0;0;0;0;0;0;99;0;0;4982;0.00;0;0;0;0;0;0;0;0;0;0;0;0;0;0;0;0;14;0;99.0;99.0;0;0;0.00;0.00;0.00;0.0;0.0
123.277;131;0;99;0;0.0;19.700;1.340;24;26;0;0;100;0;100;0;0;0;0;88;88;0;0.000;0.000;0.000;0.000;0.000;0.000;0.0;0.0;0;14;0.000;0.000;11.2;0;0.0;0;0;0;0;0;99;0;0;4982;0.00;0;0;0;0;0;0;0;0;0;0;0;0;0;0;0;0;14;0;99.0;99.0;0;0;0.00;0.00;0.00;0.0;0.0
123.343;131;0;99;0;0.0;19.700;1.340;24;26;0;0;100;0;100;0;0;0;0;88;88;0;0.000;0.000;0.000;0.000;0.000;0.000;0.0;0.0;0;14;0.000;0.000;11.2;0;0.0;0;0;0;0;0;99;0;0;4982;0.00;0;0;0;0;0;0;0;0;0;0;0;0;0;0;0;0;14;0;99.0;99.0;0;0;0.00;0.00;0.00;0.0;0.0
123.408;131;0;99;0;0.0;19.700;1.340;24;26;0;0;100;0;100;0;0;0;0;88;88;0;0.000;0.000;0.000;0.000;0.000;0.000;0.0;0.0;0;14;0.000;0.000;11.2;0;0.0;0;0;0;0;0;99;0;0;4982;0.00;0;0;0;0;0;0;0;0;0;0;0;0;0;0;0;0;14;0;99.0;99.0;0;0;0.00;0.00;0.00;0.0;0.0
123.475;131;0;99;0;0.0;19.700;1.340;24;26;0;0;100;0;100;0;0;0;0;88;88;0;0.000;0.000;0.000;0.000;0.000;0.000;0.0;0.0;0;14;0.000;0.000;11.2;0;0.0;0;0;0;0;0;99;0;0;4982;0.00;0;0;0;0;0;0;0;0;0;0;0;0;0;0;0;0;14;0;99.0;99.0;0;0;0.00;0.00;0.00;0.0;0.0
123.543;131;0;99;0;0.0;19.700;1.340;24;26;0;0;100;0;100;0;0;0;0;88;88;0;0.000;0.000;0.000;0.000;0.000;0.000;0.0;0.0;0;14;0.000;0.000;11.2;0;0.0;0;0;0;0;0;99;0;0;4982;0.00;0;0;0;0;0;0;0;0;0;0;0;0;0;0;0;0;14;0;99.0;99.0;0;0;0.00;0.00;0.00;0.0;0.0
123.609;131;0;99;0;0.0;19.700;1.340;24;26;0;0;100;0;100;0;0;0;0;88;88;0;0.000;0.000;0.000;0.000;0.000;0.000;0.0;0.0;0;14;0.000;0.000;11.2;0;0.0;0;0;0;0;0;99;0;0;4982;0.00;0;0;0;0;0;0;0;0;0;0;0;0;0;0;0;0;14;0;99.0;99.0;0;0;0.00;0.00;0.00;0.0;0.0
123.674;131;0;98;0;0.0;19.700;1.340;24;26;0;0;100;0;100;0;0;0;0;88;88;0;0.000;0.000;0.000;0.000;0.000;0.000;0.0;0.0;0;15;0.000;0.000;11.2;0;-0.1;0;0;0;0;0;99;0;0;4982;0.00;0;0;0;0;0;0;0;0;0;0;0;0;0;0;0;0;15;0;98.0;98.0;0;0;0.00;0.00;0.00;0.0;0.0
123.744;131;0;99;0;0.0;19.700;1.340;24;26;0;0;100;0;100;0;0;0;0;88;88;0;0.000;0.000;0.000;0.000;0.000;0.000;0.0;0.0;0;14;0.000;0.000;11.2;0;0.0;0;0;0;0;0;99;0;0;4982;0.00;0;0;0;0;0;0;0;0;0;0;0;0;0;0;0;0;14;0;99.0;99.0;0;0;0.00;0.00;0.00;0.0;0.0
123.810;131;0;99;0;0.0;19.700;1.340;24;26;0;0;100;0;100;0;0;0;0;88;88;0;0.000;0.000;0.000;0.000;0.000;0.000;0.0;0.0;0;14;0.000;0.000;11.2;0;0.0;0;0;0;0;0;99;0;0;4982;0.00;0;0;0;0;0;0;0;0;0;0;0;0;0;0;0;0;14;0;99.0;99.0;0;0;0.00;0.00;0.00;0.0;0.0
123.875;132;0;99;0;0.0;19.700;1.340;24;26;0;0;100;0;100;0;0;0;0;88;88;0;0.000;0.000;0.000;0.000;0.000;0.000;0.0;0.0;0;14;0.000;0.000;11.2;0;0.0;0;0;0;0;0;99;0;0;4966;0.00;0;0;0;0;0;0;0;0;0;0;0;0;0;0;0;0;14;0;99.0;99.0;0;0;0.00;0.00;0.00;0.0;0.0
123.945;132;0;99;0;0.0;19.700;1.340;24;26;0;0;100;0;100;0;0;0;0;88;88;0;0.000;0.000;0.000;0.000;0.000;0.000;0.0;0.0;0;14;0.000;0.000;11.2;0;0.0;0;0;0;0;0;99;0;0;4966;0.00;0;0;0;0;0;0;0;0;0;0;0;0;0;0;0;0;14;0;99.0;99.0;0;0;0.00;0.00;0.00;0.0;0.0
124.011;132;0;99;0;0.0;19.700;1.340;24;26;0;0;100;0;100;0;0;0;0;88;88;0;0.000;0.000;0.000;0.000;0.000;0.000;0.0;0.0;0;14;0.000;0.000;11.2;0;0.0;0;0;0;0;0;99;0;0;4966;0.00;0;0;0;0;0;0;0;0;0;0;0;0;0;0;0;0;14;0;99.0;99.0;0;0;0.00;0.00;0.00;0.0;0.0
124.077;132;0;99;0;0.0;19.700;1.340;24;26;0;0;100;0;100;0;0;0;0;88;88;0;0.000;0.000;0.000;0.000;0.000;0.000;0.0;0.0;0;14;0.000;0.000;11.2;0;0.0;0;0;0;0;0;99;0;0;4966;0.00;0;0;0;0;0;0;0;0;0;0;0;0;0;0;0;0;14;0;99.0;99.0;0;0;0.00;0.00;0.00;0.0;0.0
124.141;132;0;99;0;0.0;19.700;1.340;24;26;0;0;100;0;100;0;0;0;0;88;88;0;0.000;0.000;0.000;0.000;0.000;0.000;0.0;0.0;0;14;0.000;0.000;11.2;0;0.0;0;0;0;0;0;99;0;0;4966;0.00;0;0;0;0;0;0;0;0;0;0;0;0;0;0;0;0;14;0;99.0;99.0;0;0;0.00;0.00;0.00;0.0;0.0
124.208;132;0;99;0;0.0;19.700;1.340;24;26;0;0;100;0;100;0;0;0;0;88;88;0;0.000;0.000;0.000;0.000;0.000;0.000;0.0;0.0;0;14;0.000;0.000;11.2;0;0.0;0;0;0;0;0;99;0;0;4966;0.00;0;0;0;0;0;0;0;0;0;0;0;0;0;0;0;0;14;0;99.0;99.0;0;0;0.00;0.00;0.00;0.0;0.0
124.277;132;0;99;0;0.0;19.700;1.340;24;26;0;0;100;0;100;0;0;0;0;88;88;0;0.000;0.000;0.000;0.000;0.000;0.000;0.0;0.0;0;14;0.000;0.000;11.2;0;0.0;0;0;0;0;0;99;0;0;4966;0.00;0;0;0;0;0;0;0;0;0;0;0;0;0;0;0;0;14;0;99.0;99.0;0;0;0.00;0.00;0.00;0.0;0.0
124.342;132;0;99;0;0.0;19.700;1.340;24;26;0;0;100;0;100;0;0;0;0;88;88;0;0.000;0.000;0.000;0.000;0.000;0.000;0.0;0.0;0;14;0.000;0.000;11.2;0;0.0;0;0;0;0;0;99;0;0;4966;0.00;0;0;0;0;0;0;0;0;0;0;0;0;0;0;0;0;14;0;99.0;99.0;0;0;0.00;0.00;0.00;0.0;0.0
124.407;132;0;99;0;0.0;19.700;1.340;24;26;0;0;100;0;100;0;0;0;0;88;88;0;0.000;0.000;0.000;0.000;0.000;0.000;0.0;0.0;0;14;0.000;0.000;11.2;0;0.0;0;0;0;0;0;99;0;0;4966;0.00;0;0;0;0;0;0;0;0;0;0;0;0;0;0;0;0;14;0;99.0;99.0;0;0;0.00;0.00;0.00;0.0;0.0
124.475;132;0;99;0;0.0;19.700;1.340;24;26;0;0;100;0;100;0;0;0;0;88;88;0;0.000;0.000;0.000;0.000;0.000;0.000;0.0;0.0;0;14;0.000;0.000;11.2;0;0.0;0;0;0;0;0;99;0;0;4966;0.00;0;0;0;0;0;0;0;0;0;0;0;0;0;0;0;0;14;0;99.0;99.0;0;0;0.00;0.00;0.00;0.0;0.0
124.543;132;0;99;0;0.0;19.700;1.340;24;26;0;0;100;0;100;0;0;0;0;88;88;0;0.000;0.000;0.000;0.000;0.000;0.000;0.0;0.0;0;14;0.000;0.000;11.2;0;0.0;0;0;0;0;0;99;0;0;4966;0.00;0;0;0;0;0;0;0;0;0;0;0;0;0;0;0;0;14;0;99.0;99.0;0;0;0.00;0.00;0.00;0.0;0.0
124.609;132;0;99;0;0.0;19.700;1.340;24;26;0;0;100;0;100;0;0;0;0;88;88;0;0.000;0.000;0.000;0.000;0.000;0.000;0.0;0.0;0;14;0.000;0.000;11.2;0;0.0;0;0;0;0;0;99;0;0;4966;0.00;0;0;0;0;0;0;0;0;0;0;0;0;0;0;0;0;14;0;99.0;99.0;0;0;0.00;0.00;0.00;0.0;0.0
124.674;132;0;99;0;0.0;19.700;1.340;24;26;0;0;100;0;100;0;0;0;0;88;88;0;0.000;0.000;0.000;0.000;0.000;0.000;0.0;0.0;0;14;0.000;0.000;11.2;0;0.0;0;0;0;0;0;99;0;0;4966;0.00;0;0;0;0;0;0;0;0;0;0;0;0;0;0;0;0;14;0;99.0;99.0;0;0;0.00;0.00;0.00;0.0;0.0
124.740;132;0;99;0;0.0;19.700;1.340;24;26;0;0;100;0;100;0;0;0;0;88;88;0;0.000;0.000;0.000;0.000;0.000;0.000;0.0;0.0;0;14;0.000;0.000;11.2;0;0.0;0;0;0;0;0;99;0;0;4966;0.00;0;0;0;0;0;0;0;0;0;0;0;0;0;0;0;0;14;0;99.0;99.0;0;0;0.00;0.00;0.00;0.0;0.0
124.810;132;0;99;0;0.0;19.700;1.340;24;26;0;0;100;0;100;0;0;0;0;88;88;0;0.000;0.000;0.000;0.000;0.000;0.000;0.0;0.0;0;14;0.000;0.000;11.2;0;0.0;0;0;0;0;0;99;0;0;4966;0.00;0;0;0;0;0;0;0;0;0;0;0;0;0;0;0;0;14;0;99.0;99.0;0;0;0.00;0.00;0.00;0.0;0.0
124.875;133;0;99;0;0.0;19.700;1.340;24;26;0;0;100;0;100;0;0;0;0;88;88;0;0.000;0.000;0.000;0.000;0.000;0.000;0.0;0.0;0;14;0.000;0.000;11.2;0;0.0;0;0;0;0;0;99;0;0;4967;0.00;0;0;0;0;0;0;0;0;0;0;0;0;0;0;0;0;14;0;99.0;99.0;0;0;0.00;0.00;0.00;0.0;0.0
124.941;133;0;99;0;0.0;19.700;1.340;24;26;0;0;100;0;100;0;0;0;0;88;88;0;0.000;0.000;0.000;0.000;0.000;0.000;0.0;0.0;0;14;0.000;0.000;11.2;0;0.0;0;0;0;0;0;99;0;0;4967;0.00;0;0;0;0;0;0;0;0;0;0;0;0;0;0;0;0;14;0;99.0;99.0;0;0;0.00;0.00;0.00;0.0;0.0
125.010;133;0;99;0;0.0;19.700;1.340;24;26;0;0;100;0;100;0;0;0;0;88;88;0;0.000;0.000;0.000;0.000;0.000;0.000;0.0;0.0;0;14;0.000;0.000;11.2;0;0.0;0;0;0;0;0;99;0;0;4967;0.00;0;0;0;0;0;0;0;0;0;0;0;0;0;0;0;0;14;0;99.0;99.0;0;0;0.00;0.00;0.00;0.0;0.0
125.076;133;0;99;0;0.0;19.700;1.340;24;26;0;0;100;0;100;0;0;0;0;88;88;0;0.000;0.000;0.000;0.000;0.000;0.000;0.0;0.0;0;14;0.000;0.000;11.2;0;0.0;0;0;0;0;0;99;0;0;4967;0.00;0;0;0;0;0;0;0;0;0;0;0;0;0;0;0;0;14;0;99.0;99.0;0;0;0.00;0.00;0.00;0.0;0.0
125.140;133;0;99;0;0.0;19.700;1.340;24;26;0;0;100;0;100;0;0;0;0;88;88;0;0.000;0.000;0.000;0.000;0.000;0.000;0.0;0.0;0;14;0.000;0.000;11.2;0;0.0;0;0;0;0;0;99;0;0;4967;0.00;0;0;0;0;0;0;0;0;0;0;0;0;0;0;0;0;14;0;99.0;99.0;0;0;0.00;0.00;0.00;0.0;0.0
125.207;133;0;99;0;0.0;19.700;1.340;24;26;0;0;100;0;100;0;0;0;0;88;88;0;0.000;0.000;0.000;0.000;0.000;0.000;0.0;0.0;0;14;0.000;0.000;11.2;0;0.0;0;0;0;0;0;99;0;0;4967;0.00;0;0;0;0;0;0;0;0;0;0;0;0;0;0;0;0;14;0;99.0;99.0;0;0;0.00;0.00;0.00;0.0;0.0
125.276;133;0;99;0;0.0;19.700;1.340;24;26;0;0;100;0;100;0;0;0;0;88;88;0;0.000;0.000;0.000;0.000;0.000;0.000;0.0;0.0;0;14;0.000;0.000;11.2;0;0.0;0;0;0;0;0;99;0;0;4967;0.00;0;0;0;0;0;0;0;0;0;0;0;0;0;0;0;0;14;0;99.0;99.0;0;0;0.00;0.00;0.00;0.0;0.0
125.341;133;0;99;0;0.0;19.700;1.340;24;26;0;0;100;0;100;0;0;0;0;88;88;0;0.000;0.000;0.000;0.000;0.000;0.000;0.0;0.0;0;14;0.000;0.000;11.2;0;0.0;0;0;0;0;0;99;0;0;4967;0.00;0;0;0;0;0;0;0;0;0;0;0;0;0;0;0;0;14;0;99.0;99.0;0;0;0.00;0.00;0.00;0.0;0.0
125.407;133;0;99;0;0.0;19.700;1.340;24;26;0;0;100;0;100;0;0;0;0;88;88;0;0.000;0.000;0.000;0.000;0.000;0.000;0.0;0.0;0;14;0.000;0.000;11.2;0;0.0;0;0;0;0;0;99;0;0;4967;0.00;0;0;0;0;0;0;0;0;0;0;0;0;0;0;0;0;14;0;99.0;99.0;0;0;0.00;0.00;0.00;0.0;0.0
125.477;133;0;99;0;0.0;19.700;1.340;24;26;0;0;100;0;100;0;0;0;0;88;88;0;0.000;0.000;0.000;0.000;0.000;0.000;0.0;0.0;0;14;0.000;0.000;11.2;0;0.0;0;0;0;0;0;99;0;0;4967;0.00;0;0;0;0;0;0;0;0;0;0;0;0;0;0;0;0;14;0;99.0;99.0;0;0;0.00;0.00;0.00;0.0;0.0
125.542;133;0;99;0;0.0;19.700;1.340;24;26;0;0;100;0;100;0;0;0;0;88;88;0;0.000;0.000;0.000;0.000;0.000;0.000;0.0;0.0;0;14;0.000;0.000;11.2;0;0.0;0;0;0;0;0;99;0;0;4967;0.00;0;0;0;0;0;0;0;0;0;0;0;0;0;0;0;0;14;0;99.0;99.0;0;0;0.00;0.00;0.00;0.0;0.0
125.608;133;0;99;0;0.0;19.700;1.340;24;26;0;0;100;0;100;0;0;0;0;88;88;0;0.000;0.000;0.000;0.000;0.000;0.000;0.0;0.0;0;14;0.000;0.000;11.2;0;0.0;0;0;0;0;0;99;0;0;4967;0.00;0;0;0;0;0;0;0;0;0;0;0;0;0;0;0;0;14;0;99.0;99.0;0;0;0.00;0.00;0.00;0.0;0.0
125.674;133;0;99;0;0.0;19.700;1.340;24;26;0;0;100;0;100;0;0;0;0;88;88;0;0.000;0.000;0.000;0.000;0.000;0.000;0.0;0.0;0;14;0.000;0.000;11.2;0;0.0;0;0;0;0;0;99;0;0;4967;0.00;0;0;0;0;0;0;0;0;0;0;0;0;0;0;0;0;14;0;99.0;99.0;0;0;0.00;0.00;0.00;0.0;0.0
125.743;133;0;99;0;0.0;19.700;1.340;24;26;0;0;100;0;100;0;0;0;0;88;88;0;0.000;0.000;0.000;0.000;0.000;0.000;0.0;0.0;0;14;0.000;0.000;11.2;0;0.0;0;0;0;0;0;99;0;0;4967;0.00;0;0;0;0;0;0;0;0;0;0;0;0;0;0;0;0;14;0;99.0;99.0;0;0;0.00;0.00;0.00;0.0;0.0
125.808;133;0;99;0;0.0;19.700;1.340;24;26;0;0;100;0;100;0;0;0;0;88;88;0;0.000;0.000;0.000;0.000;0.000;0.000;0.0;0.0;0;14;0.000;0.000;11.2;0;0.0;0;0;0;0;0;99;0;0;4967;0.00;0;0;0;0;0;0;0;0;0;0;0;0;0;0;0;0;14;0;99.0;99.0;0;0;0.00;0.00;0.00;0.0;0.0
125.874;134;0;99;0;0.0;19.700;1.340;24;26;0;0;100;0;100;0;0;0;0;88;88;0;0.000;0.000;0.000;0.000;0.000;0.000;0.0;0.0;0;14;0.000;0.000;11.2;0;0.0;0;0;0;0;0;99;0;0;4981;0.00;0;0;0;0;0;0;0;0;0;0;0;0;0;0;0;0;14;0;99.0;99.0;0;0;0.00;0.00;0.00;0.0;0.0
125.940;134;0;99;0;0.0;19.700;1.340;24;26;0;0;100;0;100;0;0;0;0;88;88;0;0.000;0.000;0.000;0.000;0.000;0.000;0.0;0.0;0;14;0.000;0.000;11.2;0;0.0;0;0;0;0;0;99;0;0;4981;0.00;0;0;0;0;0;0;0;0;0;0;0;0;0;0;0;0;14;0;99.0;99.0;0;0;0.00;0.00;0.00;0.0;0.0
126.009;134;0;99;0;0.0;19.700;1.340;24;26;0;0;100;0;100;0;0;0;0;88;88;0;0.000;0.000;0.000;0.000;0.000;0.000;0.0;0.0;0;14;0.000;0.000;11.2;0;0.0;0;0;0;0;0;99;0;0;4981;0.00;0;0;0;0;0;0;0;0;0;0;0;0;0;0;0;0;14;0;99.0;99.0;0;0;0.00;0.00;0.00;0.0;0.0
126.075;134;0;99;0;0.0;19.700;1.340;24;26;0;0;100;0;100;0;0;0;0;88;88;0;0.000;0.000;0.000;0.000;0.000;0.000;0.0;0.0;0;14;0.000;0.000;11.2;0;0.0;0;0;0;0;0;99;0;0;4981;0.00;0;0;0;0;0;0;0;0;0;0;0;0;0;0;0;0;14;0;99.0;99.0;0;0;0.00;0.00;0.00;0.0;0.0
126.140;134;0;99;0;0.0;19.700;1.340;24;26;0;0;100;0;100;0;0;0;0;88;88;0;0.000;0.000;0.000;0.000;0.000;0.000;0.0;0.0;0;14;0.000;0.000;11.2;0;0.0;0;0;0;0;0;99;0;0;4981;0.00;0;0;0;0;0;0;0;0;0;0;0;0;0;0;0;0;14;0;99.0;99.0;0;0;0.00;0.00;0.00;0.0;0.0
126.210;134;0;99;0;0.0;19.700;1.340;24;26;0;0;100;0;100;0;0;0;0;88;88;0;0.000;0.000;0.000;0.000;0.000;0.000;0.0;0.0;0;14;0.000;0.000;11.2;0;0.0;0;0;0;0;0;99;0;0;4981;0.00;0;0;0;0;0;0;0;0;0;0;0;0;0;0;0;0;14;0;99.0;99.0;0;0;0.00;0.00;0.00;0.0;0.0
126.278;134;0;99;0;0.0;19.700;1.340;24;26;0;0;100;0;100;0;0;0;0;88;88;0;0.000;0.000;0.000;0.000;0.000;0.000;0.0;0.0;0;14;0.000;0.000;11.2;0;0.0;0;0;0;0;0;99;0;0;4981;0.00;0;0;0;0;0;0;0;0;0;0;0;0;0;0;0;0;14;0;99.0;99.0;0;0;0.00;0.00;0.00;0.0;0.0
126.344;134;0;99;0;0.0;19.700;1.340;24;26;0;0;100;0;100;0;0;0;0;88;88;0;0.000;0.000;0.000;0.000;0.000;0.000;0.0;0.0;0;14;0.000;0.000;11.2;0;0.0;0;0;0;0;0;99;0;0;4981;0.00;0;0;0;0;0;0;0;0;0;0;0;0;0;0;0;0;14;0;99.0;99.0;0;0;0.00;0.00;0.00;0.0;0.0
126.410;134;0;99;0;0.0;19.700;1.340;24;26;0;0;100;0;100;0;0;0;0;88;88;0;0.000;0.000;0.000;0.000;0.000;0.000;0.0;0.0;0;14;0.000;0.000;11.2;0;0.0;0;0;0;0;0;99;0;0;4981;0.00;0;0;0;0;0;0;0;0;0;0;0;0;0;0;0;0;14;0;99.0;99.0;0;0;0.00;0.00;0.00;0.0;0.0
126.476;134;0;99;0;0.0;19.700;1.340;24;26;0;0;100;0;100;0;0;0;0;88;88;0;0.000;0.000;0.000;0.000;0.000;0.000;0.0;0.0;0;14;0.000;0.000;11.2;0;0.0;0;0;0;0;0;99;0;0;4981;0.00;0;0;0;0;0;0;0;0;0;0;0;0;0;0;0;0;14;0;99.0;99.0;0;0;0.00;0.00;0.00;0.0;0.0
126.542;134;0;99;0;0.0;19.700;1.340;24;26;0;0;100;0;100;0;0;0;0;88;88;0;0.000;0.000;0.000;0.000;0.000;0.000;0.0;0.0;0;14;0.000;0.000;11.2;0;0.0;0;0;0;0;0;99;0;0;4981;0.00;0;0;0;0;0;0;0;0;0;0;0;0;0;0;0;0;14;0;99.0;99.0;0;0;0.00;0.00;0.00;0.0;0.0
126.607;134;0;99;0;0.0;19.700;1.340;24;26;0;0;100;0;100;0;0;0;0;88;88;0;0.000;0.000;0.000;0.000;0.000;0.000;0.0;0.0;0;14;0.000;0.000;11.2;0;0.0;0;0;0;0;0;99;0;0;4981;0.00;0;0;0;0;0;0;0;0;0;0;0;0;0;0;0;0;14;0;99.0;99.0;0;0;0.00;0.00;0.00;0.0;0.0
126.678;134;0;99;0;0.0;19.700;1.340;24;26;0;0;100;0;100;0;0;0;0;88;88;0;0.000;0.000;0.000;0.000;0.000;0.000;0.0;0.0;0;14;0.000;0.000;11.2;0;0.0;0;0;0;0;0;99;0;0;4981;0.00;0;0;0;0;0;0;0;0;0;0;0;0;0;0;0;0;14;0;99.0;99.0;0;0;0.00;0.00;0.00;0.0;0.0
126.746;134;0;99;0;0.0;19.700;1.340;24;26;0;0;100;0;100;0;0;0;0;88;88;0;0.000;0.000;0.000;0.000;0.000;0.000;0.0;0.0;0;14;0.000;0.000;11.2;0;0.0;0;0;0;0;0;99;0;0;4981;0.00;0;0;0;0;0;0;0;0;0;0;0;0;0;0;0;0;14;0;99.0;99.0;0;0;0.00;0.00;0.00;0.0;0.0
126.812;134;0;99;0;0.0;19.700;1.340;24;26;0;0;100;0;100;0;0;0;0;88;88;0;0.000;0.000;0.000;0.000;0.000;0.000;0.0;0.0;0;14;0.000;0.000;11.2;0;0.0;0;0;0;0;0;99;0;0;4981;0.00;0;0;0;0;0;0;0;0;0;0;0;0;0;0;0;0;14;0;99.0;99.0;0;0;0.00;0.00;0.00;0.0;0.0
126.878;135;0;99;0;0.0;19.700;1.340;24;26;0;0;100;0;100;0;0;0;0;88;88;0;0.000;0.000;0.000;0.000;0.000;0.000;0.0;0.0;0;14;0.000;0.000;11.2;0;0.0;0;0;0;0;0;99;0;0;4976;0.00;0;0;0;0;0;0;0;0;0;0;0;0;0;0;0;0;14;0;99.0;99.0;0;0;0.00;0.00;0.00;0.0;0.0
126.944;135;0;99;0;0.0;19.700;1.340;24;26;0;0;100;0;100;0;0;0;0;88;88;0;0.000;0.000;0.000;0.000;0.000;0.000;0.0;0.0;0;14;0.000;0.000;11.2;0;0.0;0;0;0;0;0;99;0;0;4976;0.00;0;0;0;0;0;0;0;0;0;0;0;0;0;0;0;0;14;0;99.0;99.0;0;0;0.00;0.00;0.00;0.0;0.0
127.009;135;0;99;0;0.0;19.700;1.340;24;26;0;0;100;0;100;0;0;0;0;88;88;0;0.000;0.000;0.000;0.000;0.000;0.000;0.0;0.0;0;14;0.000;0.000;11.2;0;0.0;0;0;0;0;0;99;0;0;4976;0.00;0;0;0;0;0;0;0;0;0;0;0;0;0;0;0;0;14;0;99.0;99.0;0;0;0.00;0.00;0.00;0.0;0.0
127.074;135;0;99;0;0.0;19.700;1.340;24;26;0;0;100;0;100;0;0;0;0;88;88;0;0.000;0.000;0.000;0.000;0.000;0.000;0.0;0.0;0;14;0.000;0.000;11.2;0;0.0;0;0;0;0;0;99;0;0;4976;0.00;0;0;0;0;0;0;0;0;0;0;0;0;0;0;0;0;14;0;99.0;99.0;0;0;0.00;0.00;0.00;0.0;0.0
127.139;135;0;99;0;0.0;19.700;1.340;24;26;0;0;100;0;100;0;0;0;0;88;88;0;0.000;0.000;0.000;0.000;0.000;0.000;0.0;0.0;0;14;0.000;0.000;11.2;0;0.0;0;0;0;0;0;99;0;0;4976;0.00;0;0;0;0;0;0;0;0;0;0;0;0;0;0;0;0;14;0;99.0;99.0;0;0;0.00;0.00;0.00;0.0;0.0
127.204;135;0;99;0;0.0;19.700;1.340;24;26;0;0;100;0;100;0;0;0;0;88;88;0;0.000;0.000;0.000;0.000;0.000;0.000;0.0;0.0;0;14;0.000;0.000;11.2;0;0.0;0;0;0;0;0;99;0;0;4976;0.00;0;0;0;0;0;0;0;0;0;0;0;0;0;0;0;0;14;0;99.0;99.0;0;0;0.00;0.00;0.00;0.0;0.0
127.275;135;0;99;0;0.0;19.700;1.340;24;26;0;0;100;0;100;0;0;0;0;88;88;0;0.000;0.000;0.000;0.000;0.000;0.000;0.0;0.0;0;14;0.000;0.000;11.2;0;0.0;0;0;0;0;0;99;0;0;4976;0.00;0;0;0;0;0;0;0;0;0;0;0;0;0;0;0;0;14;0;99.0;99.0;0;0;0.00;0.00;0.00;0.0;0.0
127.341;135;0;99;0;0.0;19.700;1.340;24;26;0;0;100;0;100;0;0;0;0;88;88;0;0.000;0.000;0.000;0.000;0.000;0.000;0.0;0.0;0;14;0.000;0.000;11.2;0;0.0;0;0;0;0;0;99;0;0;4976;0.00;0;0;0;0;0;0;0;0;0;0;0;0;0;0;0;0;14;0;99.0;99.0;0;0;0.00;0.00;0.00;0.0;0.0
127.411;135;0;99;0;0.0;19.700;1.340;24;26;0;0;100;0;100;0;0;0;0;88;88;0;0.000;0.000;0.000;0.000;0.000;0.000;0.0;0.0;0;14;0.000;0.000;11.2;0;0.0;0;0;0;0;0;99;0;0;4976;0.00;0;0;0;0;0;0;0;0;0;0;0;0;0;0;0;0;14;0;99.0;99.0;0;0;0.00;0.00;0.00;0.0;0.0
127.476;135;0;99;0;0.0;19.700;1.340;24;26;0;0;100;0;100;0;0;0;0;88;88;0;0.000;0.000;0.000;0.000;0.000;0.000;0.0;0.0;0;14;0.000;0.000;11.2;0;0.0;0;0;0;0;0;99;0;0;4976;0.00;0;0;0;0;0;0;0;0;0;0;0;0;0;0;0;0;14;0;99.0;99.0;0;0;0.00;0.00;0.00;0.0;0.0
127.542;135;0;99;0;0.0;19.700;1.340;24;26;0;0;100;0;100;0;0;0;0;88;88;0;0.000;0.000;0.000;0.000;0.000;0.000;0.0;0.0;0;14;0.000;0.000;11.2;0;0.0;0;0;0;0;0;99;0;0;4976;0.00;0;0;0;0;0;0;0;0;0;0;0;0;0;0;0;0;14;0;99.0;99.0;0;0;0.00;0.00;0.00;0.0;0.0
127.611;135;0;99;0;0.0;19.700;1.340;24;26;0;0;100;0;100;0;0;0;0;88;88;0;0.000;0.000;0.000;0.000;0.000;0.000;0.0;0.0;0;14;0.000;0.000;11.2;0;0.0;0;0;0;0;0;99;0;0;4976;0.00;0;0;0;0;0;0;0;0;0;0;0;0;0;0;0;0;14;0;99.0;99.0;0;0;0.00;0.00;0.00;0.0;0.0
127.677;135;0;99;0;0.0;19.700;1.340;24;26;0;0;100;0;100;0;0;0;0;88;88;0;0.000;0.000;0.000;0.000;0.000;0.000;0.0;0.0;0;14;0.000;0.000;11.2;0;0.0;0;0;0;0;0;99;0;0;4976;0.00;0;0;0;0;0;0;0;0;0;0;0;0;0;0;0;0;14;0;99.0;99.0;0;0;0.00;0.00;0.00;0.0;0.0
127.742;135;0;99;0;0.0;19.700;1.340;24;26;0;0;100;0;100;0;0;0;0;88;88;0;0.000;0.000;0.000;0.000;0.000;0.000;0.0;0.0;0;14;0.000;0.000;11.2;0;0.0;0;0;0;0;0;99;0;0;4976;0.00;0;0;0;0;0;0;0;0;0;0;0;0;0;0;0;0;14;0;99.0;99.0;0;0;0.00;0.00;0.00;0.0;0.0
127.812;135;0;99;0;0.0;19.700;1.340;24;26;0;0;100;0;100;0;0;0;0;88;88;0;0.000;0.000;0.000;0.000;0.000;0.000;0.0;0.0;0;14;0.000;0.000;11.2;0;0.0;0;0;0;0;0;99;0;0;4976;0.00;0;0;0;0;0;0;0;0;0;0;0;0;0;0;0;0;14;0;99.0;99.0;0;0;0.00;0.00;0.00;0.0;0.0
127.877;135;0;99;0;0.0;19.700;1.340;24;26;0;0;100;0;100;0;0;0;0;88;88;0;0.000;0.000;0.000;0.000;0.000;0.000;0.0;0.0;0;14;0.000;0.000;11.2;0;0.0;0;0;0;0;0;99;0;0;4976;0.00;0;0;0;0;0;0;0;0;0;0;0;0;0;0;0;0;14;0;99.0;99.0;0;0;0.00;0.00;0.00;0.0;0.0
127.943;136;0;99;0;0.0;19.700;1.340;24;26;0;0;100;0;100;0;0;0;0;88;88;0;0.000;0.000;0.000;0.000;0.000;0.000;0.0;0.0;0;14;0.000;0.000;11.2;0;0.0;0;0;0;0;0;99;0;0;4970;0.00;0;0;0;0;0;0;0;0;0;0;0;0;0;0;0;0;14;0;99.0;99.0;0;0;0.00;0.00;0.00;0.0;0.0
128.008;136;0;99;0;0.0;19.700;1.340;24;26;0;0;100;0;100;0;0;0;0;88;88;0;0.000;0.000;0.000;0.000;0.000;0.000;0.0;0.0;0;14;0.000;0.000;11.2;0;0.0;0;0;0;0;0;99;0;0;4970;0.00;0;0;0;0;0;0;0;0;0;0;0;0;0;0;0;0;14;0;99.0;99.0;0;0;0.00;0.00;0.00;0.0;0.0
128.078;136;0;98;0;0.0;19.700;1.340;24;26;0;0;100;0;100;0;0;0;0;88;88;0;0.000;0.000;0.000;0.000;0.000;0.000;0.0;0.0;0;15;0.000;0.000;11.2;0;-0.1;0;0;0;0;0;99;0;0;4970;0.00;0;0;0;0;0;0;0;0;0;0;0;0;0;0;0;0;15;0;98.0;98.0;0;0;0.00;0.00;0.00;0.0;0.0
128.143;136;0;99;0;0.0;19.700;1.340;24;26;0;0;100;0;100;0;0;0;0;88;88;0;0.000;0.000;0.000;0.000;0.000;0.000;0.0;0.0;0;14;0.000;0.000;11.2;0;0.0;0;0;0;0;0;99;0;0;4970;0.00;0;0;0;0;0;0;0;0;0;0;0;0;0;0;0;0;14;0;99.0;99.0;0;0;0.00;0.00;0.00;0.0;0.0
128.209;136;0;99;0;0.0;19.700;1.340;24;26;0;0;100;0;100;0;0;0;0;88;88;0;0.000;0.000;0.000;0.000;0.000;0.000;0.0;0.0;0;14;0.000;0.000;11.2;0;0.0;0;0;0;0;0;99;0;0;4970;0.00;0;0;0;0;0;0;0;0;0;0;0;0;0;0;0;0;14;0;99.0;99.0;0;0;0.00;0.00;0.00;0.0;0.0
128.274;136;0;99;0;0.0;19.700;1.340;24;26;0;0;100;0;100;0;0;0;0;88;88;0;0.000;0.000;0.000;0.000;0.000;0.000;0.0;0.0;0;14;0.000;0.000;11.2;0;0.0;0;0;0;0;0;99;0;0;4970;0.00;0;0;0;0;0;0;0;0;0;0;0;0;0;0;0;0;14;0;99.0;99.0;0;0;0.00;0.00;0.00;0.0;0.0
128.340;136;0;99;0;0.0;19.700;1.340;24;26;0;0;100;0;100;0;0;0;0;88;88;0;0.000;0.000;0.000;0.000;0.000;0.000;0.0;0.0;0;14;0.000;0.000;11.2;0;0.0;0;0;0;0;0;99;0;0;4970;0.00;0;0;0;0;0;0;0;0;0;0;0;0;0;0;0;0;14;0;99.0;99.0;0;0;0.00;0.00;0.00;0.0;0.0
128.409;136;0;99;0;0.0;19.700;1.340;24;26;0;0;100;0;100;0;0;0;0;88;88;0;0.000;0.000;0.000;0.000;0.000;0.000;0.0;0.0;0;14;0.000;0.000;11.2;0;0.0;0;0;0;0;0;99;0;0;4970;0.00;0;0;0;0;0;0;0;0;0;0;0;0;0;0;0;0;14;0;99.0;99.0;0;0;0.00;0.00;0.00;0.0;0.0
128.475;136;0;99;0;0.0;19.700;1.340;24;26;0;0;100;0;100;0;0;0;0;88;88;0;0.000;0.000;0.000;0.000;0.000;0.000;0.0;0.0;0;14;0.000;0.000;11.2;0;0.0;0;0;0;0;0;99;0;0;4970;0.00;0;0;0;0;0;0;0;0;0;0;0;0;0;0;0;0;14;0;99.0;99.0;0;0;0.00;0.00;0.00;0.0;0.0
128.540;136;0;99;0;0.0;19.700;1.340;24;26;0;0;100;0;100;0;0;0;0;88;88;0;0.000;0.000;0.000;0.000;0.000;0.000;0.0;0.0;0;14;0.000;0.000;11.2;0;0.0;0;0;0;0;0;99;0;0;4970;0.00;0;0;0;0;0;0;0;0;0;0;0;0;0;0;0;0;14;0;99.0;99.0;0;0;0.00;0.00;0.00;0.0;0.0
128.606;136;0;99;0;0.0;19.700;1.340;24;26;0;0;100;0;100;0;0;0;0;88;88;0;0.000;0.000;0.000;0.000;0.000;0.000;0.0;0.0;0;14;0.000;0.000;11.2;0;0.0;0;0;0;0;0;99;0;0;4970;0.00;0;0;0;0;0;0;0;0;0;0;0;0;0;0;0;0;14;0;99.0;99.0;0;0;0.00;0.00;0.00;0.0;0.0
128.676;136;0;99;0;0.0;19.700;1.340;24;26;0;0;100;0;100;0;0;0;0;88;88;0;0.000;0.000;0.000;0.000;0.000;0.000;0.0;0.0;0;14;0.000;0.000;11.2;0;0.0;0;0;0;0;0;99;0;0;4970;0.00;0;0;0;0;0;0;0;0;0;0;0;0;0;0;0;0;14;0;99.0;99.0;0;0;0.00;0.00;0.00;0.0;0.0
128.745;136;0;99;0;0.0;19.700;1.340;24;26;0;0;100;0;100;0;0;0;0;88;88;0;0.000;0.000;0.000;0.000;0.000;0.000;0.0;0.0;0;14;0.000;0.000;11.2;0;0.0;0;0;0;0;0;99;0;0;4970;0.00;0;0;0;0;0;0;0;0;0;0;0;0;0;0;0;0;14;0;99.0;99.0;0;0;0.00;0.00;0.00;0.0;0.0
128.810;136;0;99;0;0.0;19.700;1.340;24;26;0;0;100;0;100;0;0;0;0;88;88;0;0.000;0.000;0.000;0.000;0.000;0.000;0.0;0.0;0;14;0.000;0.000;11.2;0;0.0;0;0;0;0;0;99;0;0;4970;0.00;0;0;0;0;0;0;0;0;0;0;0;0;0;0;0;0;14;0;99.0;99.0;0;0;0.00;0.00;0.00;0.0;0.0
128.876;136;0;99;0;0.0;19.700;1.340;24;26;0;0;100;0;100;0;0;0;0;88;88;0;0.000;0.000;0.000;0.000;0.000;0.000;0.0;0.0;0;14;0.000;0.000;11.2;0;0.0;0;0;0;0;0;99;0;0;4970;0.00;0;0;0;0;0;0;0;0;0;0;0;0;0;0;0;0;14;0;99.0;99.0;0;0;0.00;0.00;0.00;0.0;0.0
128.941;137;0;99;0;0.0;19.700;1.340;24;26;0;0;100;0;100;0;0;0;0;88;88;0;0.000;0.000;0.000;0.000;0.000;0.000;0.0;0.0;0;14;0.000;0.000;11.2;0;0.0;0;0;0;0;0;99;0;0;4975;0.00;0;0;0;0;0;0;0;0;0;0;0;0;0;0;0;0;14;0;99.0;99.0;0;0;0.00;0.00;0.00;0.0;0.0
129.007;137;0;99;0;0.0;19.700;1.340;24;26;0;0;100;0;100;0;0;0;0;88;88;0;0.000;0.000;0.000;0.000;0.000;0.000;0.0;0.0;0;14;0.000;0.000;11.2;0;0.0;0;0;0;0;0;99;0;0;4975;0.00;0;0;0;0;0;0;0;0;0;0;0;0;0;0;0;0;14;0;99.0;99.0;0;0;0.00;0.00;0.00;0.0;0.0
129.073;137;0;99;0;0.0;19.700;1.340;24;26;0;0;100;0;100;0;0;0;0;88;88;0;0.000;0.000;0.000;0.000;0.000;0.000;0.0;0.0;0;14;0.000;0.000;11.2;0;0.0;0;0;0;0;0;99;0;0;4975;0.00;0;0;0;0;0;0;0;0;0;0;0;0;0;0;0;0;14;0;99.0;99.0;0;0;0.00;0.00;0.00;0.0;0.0
129.143;137;0;99;0;0.0;19.700;1.340;24;26;0;0;100;0;100;0;0;0;0;88;88;0;0.000;0.000;0.000;0.000;0.000;0.000;0.0;0.0;0;14;0.000;0.000;11.2;0;0.0;0;0;0;0;0;99;0;0;4975;0.00;0;0;0;0;0;0;0;0;0;0;0;0;0;0;0;0;14;0;99.0;99.0;0;0;0.00;0.00;0.00;0.0;0.0
129.208;137;0;99;0;0.0;19.700;1.340;24;26;0;0;100;0;100;0;0;0;0;88;88;0;0.000;0.000;0.000;0.000;0.000;0.000;0.0;0.0;0;14;0.000;0.000;11.2;0;0.0;0;0;0;0;0;99;0;0;4975;0.00;0;0;0;0;0;0;0;0;0;0;0;0;0;0;0;0;14;0;99.0;99.0;0;0;0.00;0.00;0.00;0.0;0.0
129.278;137;0;99;0;0.0;19.700;1.340;24;26;0;0;100;0;100;0;0;0;0;88;88;0;0.000;0.000;0.000;0.000;0.000;0.000;0.0;0.0;0;14;0.000;0.000;11.2;0;0.0;0;0;0;0;0;99;0;0;4975;0.00;0;0;0;0;0;0;0;0;0;0;0;0;0;0;0;0;14;0;99.0;99.0;0;0;0.00;0.00;0.00;0.0;0.0
129.343;137;0;99;0;0.0;19.700;1.340;24;26;0;0;100;0;100;0;0;0;0;88;88;0;0.000;0.000;0.000;0.000;0.000;0.000;0.0;0.0;0;14;0.000;0.000;11.2;0;0.0;0;0;0;0;0;99;0;0;4975;0.00;0;0;0;0;0;0;0;0;0;0;0;0;0;0;0;0;14;0;99.0;99.0;0;0;0.00;0.00;0.00;0.0;0.0
129.408;137;0;99;0;0.0;19.700;1.340;24;26;0;0;100;0;100;0;0;0;0;88;88;0;0.000;0.000;0.000;0.000;0.000;0.000;0.0;0.0;0;14;0.000;0.000;11.2;0;0.0;0;0;0;0;0;99;0;0;4975;0.00;0;0;0;0;0;0;0;0;0;0;0;0;0;0;0;0;14;0;99.0;99.0;0;0;0.00;0.00;0.00;0.0;0.0
129.473;137;0;99;0;0.0;19.700;1.340;24;26;0;0;100;0;100;0;0;0;0;88;88;0;0.000;0.000;0.000;0.000;0.000;0.000;0.0;0.0;0;14;0.000;0.000;11.2;0;0.0;0;0;0;0;0;99;0;0;4975;0.00;0;0;0;0;0;0;0;0;0;0;0;0;0;0;0;0;14;0;99.0;99.0;0;0;0.00;0.00;0.00;0.0;0.0
129.540;137;0;99;0;0.0;19.700;1.340;24;26;0;0;100;0;100;0;0;0;0;88;88;0;0.000;0.000;0.000;0.000;0.000;0.000;0.0;0.0;0;14;0.000;0.000;11.2;0;0.0;0;0;0;0;0;99;0;0;4975;0.00;0;0;0;0;0;0;0;0;0;0;0;0;0;0;0;0;14;0;99.0;99.0;0;0;0.00;0.00;0.00;0.0;0.0
129.611;137;0;99;0;0.0;19.700;1.340;24;26;0;0;100;0;100;0;0;0;0;88;88;0;0.000;0.000;0.000;0.000;0.000;0.000;0.0;0.0;0;14;0.000;0.000;11.2;0;0.0;0;0;0;0;0;99;0;0;4975;0.00;0;0;0;0;0;0;0;0;0;0;0;0;0;0;0;0;14;0;99.0;99.0;0;0;0.00;0.00;0.00;0.0;0.0
129.678;137;0;99;0;0.0;19.700;1.340;24;26;0;0;100;0;100;0;0;0;0;88;88;0;0.000;0.000;0.000;0.000;0.000;0.000;0.0;0.0;0;14;0.000;0.000;11.2;0;0.0;0;0;0;0;0;99;0;0;4975;0.00;0;0;0;0;0;0;0;0;0;0;0;0;0;0;0;0;14;0;99.0;99.0;0;0;0.00;0.00;0.00;0.0;0.0
129.745;137;0;99;0;0.0;19.700;1.340;24;26;0;0;100;0;100;0;0;0;0;88;88;0;0.000;0.000;0.000;0.000;0.000;0.000;0.0;0.0;0;14;0.000;0.000;11.2;0;0.0;0;0;0;0;0;99;0;0;4975;0.00;0;0;0;0;0;0;0;0;0;0;0;0;0;0;0;0;14;0;99.0;99.0;0;0;0.00;0.00;0.00;0.0;0.0
129.809;137;0;99;0;0.0;19.700;1.340;24;26;0;0;100;0;100;0;0;0;0;88;88;0;0.000;0.000;0.000;0.000;0.000;0.000;0.0;0.0;0;14;0.000;0.000;11.2;0;0.0;0;0;0;0;0;99;0;0;4975;0.00;0;0;0;0;0;0;0;0;0;0;0;0;0;0;0;0;14;0;99.0;99.0;0;0;0.00;0.00;0.00;0.0;0.0
129.876;137;0;99;0;0.0;19.700;1.340;24;26;0;0;100;0;100;0;0;0;0;88;88;0;0.000;0.000;0.000;0.000;0.000;0.000;0.0;0.0;0;14;0.000;0.000;11.2;0;0.0;0;0;0;0;0;99;0;0;4975;0.00;0;0;0;0;0;0;0;0;0;0;0;0;0;0;0;0;14;0;99.0;99.0;0;0;0.00;0.00;0.00;0.0;0.0
129.941;138;0;99;0;0.0;19.700;1.340;24;26;0;0;100;0;100;0;0;0;0;88;88;0;0.000;0.000;0.000;0.000;0.000;0.000;0.0;0.0;0;14;0.000;0.000;11.2;0;0.0;0;0;0;0;0;99;0;0;4983;0.00;0;0;0;0;0;0;0;0;0;0;0;0;0;0;0;0;14;0;99.0;99.0;0;0;0.00;0.00;0.00;0.0;0.0
130.011;138;0;99;0;0.0;19.700;1.340;24;26;0;0;100;0;100;0;0;0;0;88;88;0;0.000;0.000;0.000;0.000;0.000;0.000;0.0;0.0;0;14;0.000;0.000;11.2;0;0.0;0;0;0;0;0;99;0;0;4983;0.00;0;0;0;0;0;0;0;0;0;0;0;0;0;0;0;0;14;0;99.0;99.0;0;0;0.00;0.00;0.00;0.0;0.0
130.077;138;0;99;0;0.0;19.700;1.340;24;26;0;0;100;0;100;0;0;0;0;88;88;0;0.000;0.000;0.000;0.000;0.000;0.000;0.0;0.0;0;14;0.000;0.000;11.2;0;0.0;0;0;0;0;0;99;0;0;4983;0.00;0;0;0;0;0;0;0;0;0;0;0;0;0;0;0;0;14;0;99.0;99.0;0;0;0.00;0.00;0.00;0.0;0.0
130.143;138;0;99;0;0.0;19.700;1.340;24;26;0;0;100;0;100;0;0;0;0;88;88;0;0.000;0.000;0.000;0.000;0.000;0.000;0.0;0.0;0;14;0.000;0.000;11.2;0;0.0;0;0;0;0;0;99;0;0;4983;0.00;0;0;0;0;0;0;0;0;0;0;0;0;0;0;0;0;14;0;99.0;99.0;0;0;0.00;0.00;0.00;0.0;0.0
130.207;138;0;99;0;0.0;19.700;1.340;24;26;0;0;100;0;100;0;0;0;0;88;88;0;0.000;0.000;0.000;0.000;0.000;0.000;0.0;0.0;0;14;0.000;0.000;11.2;0;0.0;0;0;0;0;0;99;0;0;4983;0.00;0;0;0;0;0;0;0;0;0;0;0;0;0;0;0;0;14;0;99.0;99.0;0;0;0.00;0.00;0.00;0.0;0.0
130.276;138;0;99;0;0.0;19.700;1.340;24;26;0;0;100;0;100;0;0;0;0;88;88;0;0.000;0.000;0.000;0.000;0.000;0.000;0.0;0.0;0;14;0.000;0.000;11.2;0;0.0;0;0;0;0;0;99;0;0;4983;0.00;0;0;0;0;0;0;0;0;0;0;0;0;0;0;0;0;14;0;99.0;99.0;0;0;0.00;0.00;0.00;0.0;0.0
130.343;138;0;99;0;0.0;19.700;1.340;24;26;0;0;100;0;100;0;0;0;0;88;88;0;0.000;0.000;0.000;0.000;0.000;0.000;0.0;0.0;0;14;0.000;0.000;11.2;0;0.0;0;0;0;0;0;99;0;0;4983;0.00;0;0;0;0;0;0;0;0;0;0;0;0;0;0;0;0;14;0;99.0;99.0;0;0;0.00;0.00;0.00;0.0;0.0
130.409;138;0;99;0;0.0;19.700;1.340;24;26;0;0;100;0;100;0;0;0;0;88;88;0;0.000;0.000;0.000;0.000;0.000;0.000;0.0;0.0;0;14;0.000;0.000;11.2;0;0.0;0;0;0;0;0;99;0;0;4983;0.00;0;0;0;0;0;0;0;0;0;0;0;0;0;0;0;0;14;0;99.0;99.0;0;0;0.00;0.00;0.00;0.0;0.0
130.477;138;0;99;0;0.0;19.700;1.340;24;26;0;0;100;0;100;0;0;0;0;88;88;0;0.000;0.000;0.000;0.000;0.000;0.000;0.0;0.0;0;14;0.000;0.000;11.3;0;0.0;0;0;0;0;0;99;0;0;4983;0.00;0;0;0;0;0;0;0;0;0;0;0;0;0;0;0;0;14;0;99.0;99.0;0;0;0.00;0.00;0.00;0.0;0.0
130.544;138;0;99;0;0.0;19.700;1.340;24;26;0;0;100;0;100;0;0;0;0;88;88;0;0.000;0.000;0.000;0.000;0.000;0.000;0.0;0.0;0;14;0.000;0.000;11.3;0;0.0;0;0;0;0;0;99;0;0;4983;0.00;0;0;0;0;0;0;0;0;0;0;0;0;0;0;0;0;14;0;99.0;99.0;0;0;0.00;0.00;0.00;0.0;0.0
130.608;138;0;99;0;0.0;19.700;1.340;24;26;0;0;100;0;100;0;0;0;0;88;88;0;0.000;0.000;0.000;0.000;0.000;0.000;0.0;0.0;0;14;0.000;0.000;11.3;0;0.0;0;0;0;0;0;99;0;0;4983;0.00;0;0;0;0;0;0;0;0;0;0;0;0;0;0;0;0;14;0;99.0;99.0;0;0;0.00;0.00;0.00;0.0;0.0
130.674;138;0;99;0;0.0;19.700;1.340;24;26;0;0;100;0;100;0;0;0;0;88;88;0;0.000;0.000;0.000;0.000;0.000;0.000;0.0;0.0;0;14;0.000;0.000;11.3;0;0.0;0;0;0;0;0;99;0;0;4983;0.00;0;0;0;0;0;0;0;0;0;0;0;0;0;0;0;0;14;0;99.0;99.0;0;0;0.00;0.00;0.00;0.0;0.0
130.740;138;0;99;0;0.0;19.700;1.340;24;26;0;0;100;0;100;0;0;0;0;88;88;0;0.000;0.000;0.000;0.000;0.000;0.000;0.0;0.0;0;14;0.000;0.000;11.3;0;0.0;0;0;0;0;0;99;0;0;4983;0.00;0;0;0;0;0;0;0;0;0;0;0;0;0;0;0;0;14;0;99.0;99.0;0;0;0.00;0.00;0.00;0.0;0.0
130.810;138;0;99;0;0.0;19.700;1.340;24;26;0;0;100;0;100;0;0;0;0;88;88;0;0.000;0.000;0.000;0.000;0.000;0.000;0.0;0.0;0;14;0.000;0.000;11.3;0;0.0;0;0;0;0;0;99;0;0;4983;0.00;0;0;0;0;0;0;0;0;0;0;0;0;0;0;0;0;14;0;99.0;99.0;0;0;0.00;0.00;0.00;0.0;0.0
130.875;138;0;99;0;0.0;19.700;1.340;24;26;0;0;100;0;100;0;0;0;0;88;88;0;0.000;0.000;0.000;0.000;0.000;0.000;0.0;0.0;0;14;0.000;0.000;11.3;0;0.0;0;0;0;0;0;99;0;0;4983;0.00;0;0;0;0;0;0;0;0;0;0;0;0;0;0;0;0;14;0;99.0;99.0;0;0;0.00;0.00;0.00;0.0;0.0
130.941;139;0;99;0;0.0;19.700;1.340;24;26;0;0;100;0;100;0;0;0;0;88;88;0;0.000;0.000;0.000;0.000;0.000;0.000;0.0;0.0;0;14;0.000;0.000;11.3;0;0.0;0;0;0;0;0;99;0;0;4978;0.00;0;0;0;0;0;0;0;0;0;0;0;0;0;0;0;0;14;0;99.0;99.0;0;0;0.00;0.00;0.00;0.0;0.0
131.010;139;0;99;0;0.0;19.700;1.340;24;26;0;0;100;0;100;0;0;0;0;88;88;0;0.000;0.000;0.000;0.000;0.000;0.000;0.0;0.0;0;14;0.000;0.000;11.3;0;0.0;0;0;0;0;0;99;0;0;4978;0.00;0;0;0;0;0;0;0;0;0;0;0;0;0;0;0;0;14;0;99.0;99.0;0;0;0.00;0.00;0.00;0.0;0.0
131.076;139;0;99;0;0.0;19.700;1.340;24;26;0;0;100;0;100;0;0;0;0;88;88;0;0.000;0.000;0.000;0.000;0.000;0.000;0.0;0.0;0;14;0.000;0.000;11.3;0;0.0;0;0;0;0;0;99;0;0;4978;0.00;0;0;0;0;0;0;0;0;0;0;0;0;0;0;0;0;14;0;99.0;99.0;0;0;0.00;0.00;0.00;0.0;0.0
131.142;139;0;99;0;0.0;19.700;1.340;24;26;0;0;100;0;100;0;0;0;0;88;88;0;0.000;0.000;0.000;0.000;0.000;0.000;0.0;0.0;0;14;0.000;0.000;11.3;0;0.0;0;0;0;0;0;99;0;0;4978;0.00;0;0;0;0;0;0;0;0;0;0;0;0;0;0;0;0;14;0;99.0;99.0;0;0;0.00;0.00;0.00;0.0;0.0
131.211;139;0;99;0;0.0;19.700;1.340;24;26;0;0;100;0;100;0;0;0;0;88;88;0;0.000;0.000;0.000;0.000;0.000;0.000;0.0;0.0;0;14;0.000;0.000;11.3;0;0.0;0;0;0;0;0;99;0;0;4978;0.00;0;0;0;0;0;0;0;0;0;0;0;0;0;0;0;0;14;0;99.0;99.0;0;0;0.00;0.00;0.00;0.0;0.0
131.278;139;0;99;0;0.0;19.700;1.340;24;26;0;0;100;0;100;0;0;0;0;88;88;0;0.000;0.000;0.000;0.000;0.000;0.000;0.0;0.0;0;14;0.000;0.000;11.3;0;0.0;0;0;0;0;0;99;0;0;4978;0.00;0;0;0;0;0;0;0;0;0;0;0;0;0;0;0;0;14;0;99.0;99.0;0;0;0.00;0.00;0.00;0.0;0.0
131.342;139;0;99;0;0.0;19.700;1.340;24;26;0;0;100;0;100;0;0;0;0;88;88;0;0.000;0.000;0.000;0.000;0.000;0.000;0.0;0.0;0;14;0.000;0.000;11.3;0;0.0;0;0;0;0;0;99;0;0;4978;0.00;0;0;0;0;0;0;0;0;0;0;0;0;0;0;0;0;14;0;99.0;99.0;0;0;0.00;0.00;0.00;0.0;0.0
131.411;139;0;99;0;0.0;19.700;1.340;24;26;0;0;100;0;100;0;0;0;0;88;88;0;0.000;0.000;0.000;0.000;0.000;0.000;0.0;0.0;0;14;0.000;0.000;11.3;0;0.0;0;0;0;0;0;99;0;0;4978;0.00;0;0;0;0;0;0;0;0;0;0;0;0;0;0;0;0;14;0;99.0;99.0;0;0;0.00;0.00;0.00;0.0;0.0
131.477;139;0;99;0;0.0;19.700;1.340;24;26;0;0;100;0;100;0;0;0;0;88;88;0;0.000;0.000;0.000;0.000;0.000;0.000;0.0;0.0;0;14;0.000;0.000;11.3;0;0.0;0;0;0;0;0;99;0;0;4978;0.00;0;0;0;0;0;0;0;0;0;0;0;0;0;0;0;0;14;0;99.0;99.0;0;0;0.00;0.00;0.00;0.0;0.0
131.543;139;0;99;0;0.0;19.700;1.340;24;26;0;0;100;0;100;0;0;0;0;88;88;0;0.000;0.000;0.000;0.000;0.000;0.000;0.0;0.0;0;14;0.000;0.000;11.3;0;0.0;0;0;0;0;0;99;0;0;4978;0.00;0;0;0;0;0;0;0;0;0;0;0;0;0;0;0;0;14;0;99.0;99.0;0;0;0.00;0.00;0.00;0.0;0.0
131.609;139;0;99;0;0.0;19.700;1.340;24;26;0;0;100;0;100;0;0;0;0;88;88;0;0.000;0.000;0.000;0.000;0.000;0.000;0.0;0.0;0;14;0.000;0.000;11.3;0;0.0;0;0;0;0;0;99;0;0;4978;0.00;0;0;0;0;0;0;0;0;0;0;0;0;0;0;0;0;14;0;99.0;99.0;0;0;0.00;0.00;0.00;0.0;0.0
131.678;139;0;99;0;0.0;19.700;1.340;24;26;0;0;100;0;100;0;0;0;0;88;88;0;0.000;0.000;0.000;0.000;0.000;0.000;0.0;0.0;0;14;0.000;0.000;11.3;0;0.0;0;0;0;0;0;99;0;0;4978;0.00;0;0;0;0;0;0;0;0;0;0;0;0;0;0;0;0;14;0;99.0;99.0;0;0;0.00;0.00;0.00;0.0;0.0
131.744;139;0;99;0;0.0;19.700;1.340;24;26;0;0;100;0;100;0;0;0;0;88;88;0;0.000;0.000;0.000;0.000;0.000;0.000;0.0;0.0;0;14;0.000;0.000;11.3;0;0.0;0;0;0;0;0;99;0;0;4978;0.00;0;0;0;0;0;0;0;0;0;0;0;0;0;0;0;0;14;0;99.0;99.0;0;0;0.00;0.00;0.00;0.0;0.0
131.809;139;0;99;0;0.0;19.700;1.340;24;26;0;0;100;0;100;0;0;0;0;88;88;0;0.000;0.000;0.000;0.000;0.000;0.000;0.0;0.0;0;14;0.000;0.000;11.3;0;0.0;0;0;0;0;0;99;0;0;4978;0.00;0;0;0;0;0;0;0;0;0;0;0;0;0;0;0;0;14;0;99.0;99.0;0;0;0.00;0.00;0.00;0.0;0.0
131.878;139;0;99;0;0.0;19.700;1.340;24;26;0;0;100;0;100;0;0;0;0;88;88;0;0.000;0.000;0.000;0.000;0.000;0.000;0.0;0.0;0;14;0.000;0.000;11.3;0;0.0;0;0;0;0;0;99;0;0;4978;0.00;0;0;0;0;0;0;0;0;0;0;0;0;0;0;0;0;14;0;99.0;99.0;0;0;0.00;0.00;0.00;0.0;0.0
131.944;139;0;99;0;0.0;19.700;1.340;24;26;0;0;100;0;100;0;0;0;0;88;88;0;0.000;0.000;0.000;0.000;0.000;0.000;0.0;0.0;0;14;0.000;0.000;11.3;0;0.0;0;0;0;0;0;99;0;0;4978;0.00;0;0;0;0;0;0;0;0;0;0;0;0;0;0;0;0;14;0;99.0;99.0;0;0;0.00;0.00;0.00;0.0;0.0
132.009;140;0;99;0;0.0;19.700;1.340;24;26;0;0;100;0;100;0;0;0;0;88;88;0;0.000;0.000;0.000;0.000;0.000;0.000;0.0;0.0;0;14;0.000;0.000;11.3;0;0.0;0;0;0;0;0;99;0;0;4971;0.00;0;0;0;0;0;0;0;0;0;0;0;0;0;0;0;0;14;0;99.0;99.0;0;0;0.00;0.00;0.00;0.0;0.0
132.075;140;0;99;0;0.0;19.700;1.340;24;26;0;0;100;0;100;0;0;0;0;88;88;0;0.000;0.000;0.000;0.000;0.000;0.000;0.0;0.0;0;14;0.000;0.000;11.3;0;0.0;0;0;0;0;0;99;0;0;4971;0.00;0;0;0;0;0;0;0;0;0;0;0;0;0;0;0;0;14;0;99.0;99.0;0;0;0.00;0.00;0.00;0.0;0.0
132.140;140;0;99;0;0.0;19.700;1.340;24;26;0;0;100;0;100;0;0;0;0;88;88;0;0.000;0.000;0.000;0.000;0.000;0.000;0.0;0.0;0;14;0.000;0.000;11.3;0;0.0;0;0;0;0;0;99;0;0;4971;0.00;0;0;0;0;0;0;0;0;0;0;0;0;0;0;0;0;14;0;99.0;99.0;0;0;0.00;0.00;0.00;0.0;0.0
132.210;140;0;99;0;0.0;19.700;1.340;24;26;0;0;100;0;100;0;0;0;0;88;88;0;0.000;0.000;0.000;0.000;0.000;0.000;0.0;0.0;0;14;0.000;0.000;11.3;0;0.0;0;0;0;0;0;99;0;0;4971;0.00;0;0;0;0;0;0;0;0;0;0;0;0;0;0;0;0;14;0;99.0;99.0;0;0;0.00;0.00;0.00;0.0;0.0
132.276;140;0;99;0;0.0;19.700;1.340;24;26;0;0;100;0;100;0;0;0;0;88;88;0;0.000;0.000;0.000;0.000;0.000;0.000;0.0;0.0;0;14;0.000;0.000;11.3;0;0.0;0;0;0;0;0;99;0;0;4971;0.00;0;0;0;0;0;0;0;0;0;0;0;0;0;0;0;0;14;0;99.0;99.0;0;0;0.00;0.00;0.00;0.0;0.0
132.342;140;0;99;0;0.0;19.700;1.340;24;26;0;0;100;0;100;0;0;0;0;88;88;0;0.000;0.000;0.000;0.000;0.000;0.000;0.0;0.0;0;14;0.000;0.000;11.3;0;0.0;0;0;0;0;0;99;0;0;4971;0.00;0;0;0;0;0;0;0;0;0;0;0;0;0;0;0;0;14;0;99.0;99.0;0;0;0.00;0.00;0.00;0.0;0.0
132.410;140;0;99;0;0.0;19.700;1.340;24;26;0;0;100;0;100;0;0;0;0;88;88;0;0.000;0.000;0.000;0.000;0.000;0.000;0.0;0.0;0;14;0.000;0.000;11.3;0;0.0;0;0;0;0;0;99;0;0;4971;0.00;0;0;0;0;0;0;0;0;0;0;0;0;0;0;0;0;14;0;99.0;99.0;0;0;0.00;0.00;0.00;0.0;0.0
132.481;140;0;99;0;0.0;19.700;1.340;24;26;0;0;100;0;100;0;0;0;0;88;88;0;0.000;0.000;0.000;0.000;0.000;0.000;0.0;0.0;0;14;0.000;0.000;11.3;0;0.0;0;0;0;0;0;99;0;0;4971;0.00;0;0;0;0;0;0;0;0;0;0;0;0;0;0;0;0;14;0;99.0;99.0;0;0;0.00;0.00;0.00;0.0;0.0
132.546;140;0;99;0;0.0;19.700;1.340;24;26;0;0;100;0;100;0;0;0;0;88;88;0;0.000;0.000;0.000;0.000;0.000;0.000;0.0;0.0;0;14;0.000;0.000;11.3;0;0.0;0;0;0;0;0;99;0;0;4971;0.00;0;0;0;0;0;0;0;0;0;0;0;0;0;0;0;0;14;0;99.0;99.0;0;0;0.00;0.00;0.00;0.0;0.0
132.611;140;0;99;0;0.0;19.700;1.340;24;26;0;0;100;0;100;0;0;0;0;88;88;0;0.000;0.000;0.000;0.000;0.000;0.000;0.0;0.0;0;14;0.000;0.000;11.3;0;0.0;0;0;0;0;0;99;0;0;4971;0.00;0;0;0;0;0;0;0;0;0;0;0;0;0;0;0;0;14;0;99.0;99.0;0;0;0.00;0.00;0.00;0.0;0.0
132.678;140;0;99;0;0.0;19.700;1.340;24;26;0;0;100;0;100;0;0;0;0;88;88;0;0.000;0.000;0.000;0.000;0.000;0.000;0.0;0.0;0;14;0.000;0.000;11.3;0;0.0;0;0;0;0;0;99;0;0;4971;0.00;0;0;0;0;0;0;0;0;0;0;0;0;0;0;0;0;14;0;99.0;99.0;0;0;0.00;0.00;0.00;0.0;0.0
132.743;140;0;99;0;0.0;19.700;1.340;24;26;0;0;100;0;100;0;0;0;0;88;88;0;0.000;0.000;0.000;0.000;0.000;0.000;0.0;0.0;0;14;0.000;0.000;11.3;0;0.0;0;0;0;0;0;99;0;0;4971;0.00;0;0;0;0;0;0;0;0;0;0;0;0;0;0;0;0;14;0;99.0;99.0;0;0;0.00;0.00;0.00;0.0;0.0
132.808;140;0;99;0;0.0;19.700;1.340;24;26;0;0;100;0;100;0;0;0;0;88;88;0;0.000;0.000;0.000;0.000;0.000;0.000;0.0;0.0;0;14;0.000;0.000;11.3;0;0.0;0;0;0;0;0;99;0;0;4971;0.00;0;0;0;0;0;0;0;0;0;0;0;0;0;0;0;0;14;0;99.0;99.0;0;0;0.00;0.00;0.00;0.0;0.0
132.874;140;0;99;0;0.0;19.700;1.340;24;26;0;0;100;0;100;0;0;0;0;88;88;0;0.000;0.000;0.000;0.000;0.000;0.000;0.0;0.0;0;14;0.000;0.000;11.3;0;0.0;0;0;0;0;0;99;0;0;4971;0.00;0;0;0;0;0;0;0;0;0;0;0;0;0;0;0;0;14;0;99.0;99.0;0;0;0.00;0.00;0.00;0.0;0.0
132.943;140;0;99;0;0.0;19.700;1.340;24;26;0;0;100;0;100;0;0;0;0;88;88;0;0.000;0.000;0.000;0.000;0.000;0.000;0.0;0.0;0;14;0.000;0.000;11.3;0;0.0;0;0;0;0;0;99;0;0;4971;0.00;0;0;0;0;0;0;0;0;0;0;0;0;0;0;0;0;14;0;99.0;99.0;0;0;0.00;0.00;0.00;0.0;0.0
133.009;141;0;99;0;0.0;19.700;1.340;24;26;0;0;100;0;100;0;0;0;0;88;88;0;0.000;0.000;0.000;0.000;0.000;0.000;0.0;0.0;0;14;0.000;0.000;11.3;0;0.0;0;0;0;0;0;99;0;0;4972;0.00;0;0;0;0;0;0;0;0;0;0;0;0;0;0;0;0;14;0;99.0;99.0;0;0;0.00;0.00;0.00;0.0;0.0
133.074;141;0;99;0;0.0;19.700;1.340;24;26;0;0;100;0;100;0;0;0;0;88;88;0;0.000;0.000;0.000;0.000;0.000;0.000;0.0;0.0;0;14;0.000;0.000;11.3;0;0.0;0;0;0;0;0;99;0;0;4972;0.00;0;0;0;0;0;0;0;0;0;0;0;0;0;0;0;0;14;0;99.0;99.0;0;0;0.00;0.00;0.00;0.0;0.0
133.139;141;0;99;0;0.0;19.700;1.340;24;26;0;0;100;0;100;0;0;0;0;88;88;0;0.000;0.000;0.000;0.000;0.000;0.000;0.0;0.0;0;14;0.000;0.000;11.3;0;0.0;0;0;0;0;0;99;0;0;4972;0.00;0;0;0;0;0;0;0;0;0;0;0;0;0;0;0;0;14;0;99.0;99.0;0;0;0.00;0.00;0.00;0.0;0.0
133.205;141;0;99;0;0.0;19.700;1.340;24;26;0;0;100;0;100;0;0;0;0;88;88;0;0.000;0.000;0.000;0.000;0.000;0.000;0.0;0.0;0;14;0.000;0.000;11.3;0;0.0;0;0;0;0;0;99;0;0;4972;0.00;0;0;0;0;0;0;0;0;0;0;0;0;0;0;0;0;14;0;99.0;99.0;0;0;0.00;0.00;0.00;0.0;0.0
133.275;141;0;99;0;0.0;19.700;1.340;24;26;0;0;100;0;100;0;0;0;0;88;88;0;0.000;0.000;0.000;0.000;0.000;0.000;0.0;0.0;0;14;0.000;0.000;11.3;0;0.0;0;0;0;0;0;99;0;0;4972;0.00;0;0;0;0;0;0;0;0;0;0;0;0;0;0;0;0;14;0;99.0;99.0;0;0;0.00;0.00;0.00;0.0;0.0
133.340;141;0;99;0;0.0;19.700;1.340;24;26;0;0;100;0;100;0;0;0;0;88;88;0;0.000;0.000;0.000;0.000;0.000;0.000;0.0;0.0;0;14;0.000;0.000;11.3;0;0.0;0;0;0;0;0;99;0;0;4972;0.00;0;0;0;0;0;0;0;0;0;0;0;0;0;0;0;0;14;0;99.0;99.0;0;0;0.00;0.00;0.00;0.0;0.0
133.407;141;0;99;0;0.0;19.700;1.340;24;26;0;0;100;0;100;0;0;0;0;88;88;0;0.000;0.000;0.000;0.000;0.000;0.000;0.0;0.0;0;14;0.000;0.000;11.3;0;0.0;0;0;0;0;0;99;0;0;4972;0.00;0;0;0;0;0;0;0;0;0;0;0;0;0;0;0;0;14;0;99.0;99.0;0;0;0.00;0.00;0.00;0.0;0.0
133.475;141;0;99;0;0.0;19.700;1.340;24;26;0;0;100;0;100;0;0;0;0;88;88;0;0.000;0.000;0.000;0.000;0.000;0.000;0.0;0.0;0;14;0.000;0.000;11.3;0;0.0;0;0;0;0;0;99;0;0;4972;0.00;0;0;0;0;0;0;0;0;0;0;0;0;0;0;0;0;14;0;99.0;99.0;0;0;0.00;0.00;0.00;0.0;0.0
133.546;141;0;99;0;0.0;19.700;1.340;24;26;0;0;100;0;100;0;0;0;0;88;88;0;0.000;0.000;0.000;0.000;0.000;0.000;0.0;0.0;0;14;0.000;0.000;11.3;0;0.0;0;0;0;0;0;99;0;0;4972;0.00;0;0;0;0;0;0;0;0;0;0;0;0;0;0;0;0;14;0;99.0;99.0;0;0;0.00;0.00;0.00;0.0;0.0
133.611;141;0;99;0;0.0;19.700;1.340;24;26;0;0;100;0;100;0;0;0;0;88;88;0;0.000;0.000;0.000;0.000;0.000;0.000;0.0;0.0;0;14;0.000;0.000;11.3;0;0.0;0;0;0;0;0;99;0;0;4972;0.00;0;0;0;0;0;0;0;0;0;0;0;0;0;0;0;0;14;0;99.0;99.0;0;0;0.00;0.00;0.00;0.0;0.0
133.677;141;0;99;0;0.0;19.700;1.340;24;26;0;0;100;0;100;0;0;0;0;88;88;0;0.000;0.000;0.000;0.000;0.000;0.000;0.0;0.0;0;14;0.000;0.000;11.3;0;0.0;0;0;0;0;0;99;0;0;4972;0.00;0;0;0;0;0;0;0;0;0;0;0;0;0;0;0;0;14;0;99.0;99.0;0;0;0.00;0.00;0.00;0.0;0.0
133.745;141;0;99;0;0.0;19.700;1.340;24;26;0;0;100;0;100;0;0;0;0;88;88;0;0.000;0.000;0.000;0.000;0.000;0.000;0.0;0.0;0;14;0.000;0.000;11.3;0;0.0;0;0;0;0;0;99;0;0;4972;0.00;0;0;0;0;0;0;0;0;0;0;0;0;0;0;0;0;14;0;99.0;99.0;0;0;0.00;0.00;0.00;0.0;0.0
133.812;141;0;99;0;0.0;19.700;1.340;24;26;0;0;100;0;100;0;0;0;0;88;88;0;0.000;0.000;0.000;0.000;0.000;0.000;0.0;0.0;0;14;0.000;0.000;11.3;0;0.0;0;0;0;0;0;99;0;0;4972;0.00;0;0;0;0;0;0;0;0;0;0;0;0;0;0;0;0;14;0;99.0;99.0;0;0;0.00;0.00;0.00;0.0;0.0
133.876;141;0;99;0;0.0;19.700;1.340;24;26;0;0;100;0;100;0;0;0;0;88;88;0;0.000;0.000;0.000;0.000;0.000;0.000;0.0;0.0;0;14;0.000;0.000;11.3;0;0.0;0;0;0;0;0;99;0;0;4972;0.00;0;0;0;0;0;0;0;0;0;0;0;0;0;0;0;0;14;0;99.0;99.0;0;0;0.00;0.00;0.00;0.0;0.0
133.943;141;0;99;0;0.0;19.700;1.340;24;26;0;0;100;0;100;0;0;0;0;88;88;0;0.000;0.000;0.000;0.000;0.000;0.000;0.0;0.0;0;14;0.000;0.000;11.3;0;0.0;0;0;0;0;0;99;0;0;4972;0.00;0;0;0;0;0;0;0;0;0;0;0;0;0;0;0;0;14;0;99.0;99.0;0;0;0.00;0.00;0.00;0.0;0.0
134.009;142;0;99;0;0.0;19.700;1.340;24;26;0;0;100;0;100;0;0;0;0;88;88;0;0.000;0.000;0.000;0.000;0.000;0.000;0.0;0.0;0;14;0.000;0.000;11.3;0;0.0;0;0;0;0;0;99;0;0;4979;0.00;0;0;0;0;0;0;0;0;0;0;0;0;0;0;0;0;14;0;99.0;99.0;0;0;0.00;0.00;0.00;0.0;0.0
134.077;142;0;99;0;0.0;19.700;1.340;24;26;0;0;100;0;100;0;0;0;0;88;88;0;0.000;0.000;0.000;0.000;0.000;0.000;0.0;0.0;0;14;0.000;0.000;11.3;0;0.0;0;0;0;0;0;99;0;0;4979;0.00;0;0;0;0;0;0;0;0;0;0;0;0;0;0;0;0;14;0;99.0;99.0;0;0;0.00;0.00;0.00;0.0;0.0
134.143;142;0;99;0;0.0;19.700;1.340;24;26;0;0;100;0;100;0;0;0;0;88;88;0;0.000;0.000;0.000;0.000;0.000;0.000;0.0;0.0;0;14;0.000;0.000;11.3;0;0.0;0;0;0;0;0;99;0;0;4979;0.00;0;0;0;0;0;0;0;0;0;0;0;0;0;0;0;0;14;0;99.0;99.0;0;0;0.00;0.00;0.00;0.0;0.0
134.209;142;0;99;0;0.0;19.700;1.340;24;26;0;0;100;0;100;0;0;0;0;88;88;0;0.000;0.000;0.000;0.000;0.000;0.000;0.0;0.0;0;14;0.000;0.000;11.3;0;0.0;0;0;0;0;0;99;0;0;4979;0.00;0;0;0;0;0;0;0;0;0;0;0;0;0;0;0;0;14;0;99.0;99.0;0;0;0.00;0.00;0.00;0.0;0.0
134.276;142;0;99;0;0.0;19.700;1.340;24;26;0;0;100;0;100;0;0;0;0;88;88;0;0.000;0.000;0.000;0.000;0.000;0.000;0.0;0.0;0;14;0.000;0.000;11.3;0;0.0;0;0;0;0;0;99;0;0;4979;0.00;0;0;0;0;0;0;0;0;0;0;0;0;0;0;0;0;14;0;99.0;99.0;0;0;0.00;0.00;0.00;0.0;0.0
134.344;142;0;99;0;0.0;19.700;1.340;24;26;0;0;100;0;100;0;0;0;0;88;88;0;0.000;0.000;0.000;0.000;0.000;0.000;0.0;0.0;0;14;0.000;0.000;11.3;0;0.0;0;0;0;0;0;99;0;0;4979;0.00;0;0;0;0;0;0;0;0;0;0;0;0;0;0;0;0;14;0;99.0;99.0;0;0;0.00;0.00;0.00;0.0;0.0
134.410;142;0;99;0;0.0;19.700;1.340;24;26;0;0;100;0;100;0;0;0;0;88;88;0;0.000;0.000;0.000;0.000;0.000;0.000;0.0;0.0;0;14;0.000;0.000;11.3;0;0.0;0;0;0;0;0;99;0;0;4979;0.00;0;0;0;0;0;0;0;0;0;0;0;0;0;0;0;0;14;0;99.0;99.0;0;0;0.00;0.00;0.00;0.0;0.0
134.475;142;0;99;0;0.0;19.700;1.340;24;26;0;0;100;0;100;0;0;0;0;88;88;0;0.000;0.000;0.000;0.000;0.000;0.000;0.0;0.0;0;14;0.000;0.000;11.3;0;0.0;0;0;0;0;0;99;0;0;4979;0.00;0;0;0;0;0;0;0;0;0;0;0;0;0;0;0;0;14;0;99.0;99.0;0;0;0.00;0.00;0.00;0.0;0.0
134.540;142;0;99;0;0.0;19.700;1.340;24;26;0;0;100;0;100;0;0;0;0;88;88;0;0.000;0.000;0.000;0.000;0.000;0.000;0.0;0.0;0;14;0.000;0.000;11.3;0;0.0;0;0;0;0;0;99;0;0;4979;0.00;0;0;0;0;0;0;0;0;0;0;0;0;0;0;0;0;14;0;99.0;99.0;0;0;0.00;0.00;0.00;0.0;0.0
134.611;142;0;99;0;0.0;19.700;1.340;24;26;0;0;100;0;100;0;0;0;0;88;88;0;0.000;0.000;0.000;0.000;0.000;0.000;0.0;0.0;0;14;0.000;0.000;11.3;0;0.0;0;0;0;0;0;99;0;0;4979;0.00;0;0;0;0;0;0;0;0;0;0;0;0;0;0;0;0;14;0;99.0;99.0;0;0;0.00;0.00;0.00;0.0;0.0
134.676;142;0;99;0;0.0;19.700;1.340;24;26;0;0;100;0;100;0;0;0;0;88;88;0;0.000;0.000;0.000;0.000;0.000;0.000;0.0;0.0;0;14;0.000;0.000;11.3;0;0.0;0;0;0;0;0;99;0;0;4979;0.00;0;0;0;0;0;0;0;0;0;0;0;0;0;0;0;0;14;0;99.0;99.0;0;0;0.00;0.00;0.00;0.0;0.0
134.741;142;0;99;0;0.0;19.700;1.340;24;26;0;0;100;0;100;0;0;0;0;88;88;0;0.000;0.000;0.000;0.000;0.000;0.000;0.0;0.0;0;14;0.000;0.000;11.3;0;0.0;0;0;0;0;0;99;0;0;4979;0.00;0;0;0;0;0;0;0;0;0;0;0;0;0;0;0;0;14;0;99.0;99.0;0;0;0.00;0.00;0.00;0.0;0.0
134.806;142;0;99;0;0.0;19.700;1.340;24;26;0;0;100;0;100;0;0;0;0;88;88;0;0.000;0.000;0.000;0.000;0.000;0.000;0.0;0.0;0;14;0.000;0.000;11.3;0;0.0;0;0;0;0;0;99;0;0;4979;0.00;0;0;0;0;0;0;0;0;0;0;0;0;0;0;0;0;14;0;99.0;99.0;0;0;0.00;0.00;0.00;0.0;0.0
134.876;142;0;99;0;0.0;19.700;1.340;24;26;0;0;100;0;100;0;0;0;0;88;88;0;0.000;0.000;0.000;0.000;0.000;0.000;0.0;0.0;0;14;0.000;0.000;11.3;0;0.0;0;0;0;0;0;99;0;0;4979;0.00;0;0;0;0;0;0;0;0;0;0;0;0;0;0;0;0;14;0;99.0;99.0;0;0;0.00;0.00;0.00;0.0;0.0
134.941;142;0;99;0;0.0;19.700;1.340;24;26;0;0;100;0;100;0;0;0;0;88;88;0;0.000;0.000;0.000;0.000;0.000;0.000;0.0;0.0;0;14;0.000;0.000;11.3;0;0.0;0;0;0;0;0;99;0;0;4979;0.00;0;0;0;0;0;0;0;0;0;0;0;0;0;0;0;0;14;0;99.0;99.0;0;0;0.00;0.00;0.00;0.0;0.0
135.008;143;0;99;0;0.0;19.700;1.340;24;26;0;0;100;0;100;0;0;0;0;88;88;0;0.000;0.000;0.000;0.000;0.000;0.000;0.0;0.0;0;14;0.000;0.000;11.3;0;0.0;0;0;0;0;0;99;0;0;4980;0.00;0;0;0;0;0;0;0;0;0;0;0;0;0;0;0;0;14;0;99.0;99.0;0;0;0.00;0.00;0.00;0.0;0.0
135.073;143;0;99;0;0.0;19.700;1.340;24;26;0;0;100;0;100;0;0;0;0;88;88;0;0.000;0.000;0.000;0.000;0.000;0.000;0.0;0.0;0;14;0.000;0.000;11.3;0;0.0;0;0;0;0;0;99;0;0;4980;0.00;0;0;0;0;0;0;0;0;0;0;0;0;0;0;0;0;14;0;99.0;99.0;0;0;0.00;0.00;0.00;0.0;0.0
135.144;143;0;99;0;0.0;19.700;1.340;24;26;0;0;100;0;100;0;0;0;0;88;88;0;0.000;0.000;0.000;0.000;0.000;0.000;0.0;0.0;0;14;0.000;0.000;11.3;0;0.0;0;0;0;0;0;99;0;0;4980;0.00;0;0;0;0;0;0;0;0;0;0;0;0;0;0;0;0;14;0;99.0;99.0;0;0;0.00;0.00;0.00;0.0;0.0
135.207;143;0;99;0;0.0;19.700;1.340;24;26;0;0;100;0;100;0;0;0;0;88;88;0;0.000;0.000;0.000;0.000;0.000;0.000;0.0;0.0;0;14;0.000;0.000;11.3;0;0.0;0;0;0;0;0;99;0;0;4980;0.00;0;0;0;0;0;0;0;0;0;0;0;0;0;0;0;0;14;0;99.0;99.0;0;0;0.00;0.00;0.00;0.0;0.0
135.274;143;0;99;0;0.0;19.700;1.340;24;26;0;0;100;0;100;0;0;0;0;88;88;0;0.000;0.000;0.000;0.000;0.000;0.000;0.0;0.0;0;14;0.000;0.000;11.3;0;0.0;0;0;0;0;0;99;0;0;4980;0.00;0;0;0;0;0;0;0;0;0;0;0;0;0;0;0;0;14;0;99.0;99.0;0;0;0.00;0.00;0.00;0.0;0.0
135.343;143;0;98;0;0.0;19.700;1.340;24;26;0;0;100;0;100;0;0;0;0;88;88;0;0.000;0.000;0.000;0.000;0.000;0.000;0.0;0.0;0;15;0.000;0.000;11.3;0;-0.1;0;0;0;0;0;99;0;0;4980;0.00;0;0;0;0;0;0;0;0;0;0;0;0;0;0;0;0;15;0;98.0;98.0;0;0;0.00;0.00;0.00;0.0;0.0
135.409;143;0;99;0;0.0;19.700;1.340;24;26;0;0;100;0;100;0;0;0;0;88;88;0;0.000;0.000;0.000;0.000;0.000;0.000;0.0;0.0;0;14;0.000;0.000;11.3;0;0.0;0;0;0;0;0;99;0;0;4980;0.00;0;0;0;0;0;0;0;0;0;0;0;0;0;0;0;0;14;0;99.0;99.0;0;0;0.00;0.00;0.00;0.0;0.0
135.475;143;0;99;0;0.0;19.700;1.340;24;26;0;0;100;0;100;0;0;0;0;88;88;0;0.000;0.000;0.000;0.000;0.000;0.000;0.0;0.0;0;14;0.000;0.000;11.3;0;0.0;0;0;0;0;0;99;0;0;4980;0.00;0;0;0;0;0;0;0;0;0;0;0;0;0;0;0;0;14;0;99.0;99.0;0;0;0.00;0.00;0.00;0.0;0.0
135.545;143;0;99;0;0.0;19.700;1.340;24;26;0;0;100;0;100;0;0;0;0;88;88;0;0.000;0.000;0.000;0.000;0.000;0.000;0.0;0.0;0;14;0.000;0.000;11.3;0;0.0;0;0;0;0;0;99;0;0;4980;0.00;0;0;0;0;0;0;0;0;0;0;0;0;0;0;0;0;14;0;99.0;99.0;0;0;0.00;0.00;0.00;0.0;0.0
135.609;143;0;99;0;0.0;19.700;1.340;24;26;0;0;100;0;100;0;0;0;0;88;88;0;0.000;0.000;0.000;0.000;0.000;0.000;0.0;0.0;0;14;0.000;0.000;11.3;0;0.0;0;0;0;0;0;99;0;0;4980;0.00;0;0;0;0;0;0;0;0;0;0;0;0;0;0;0;0;14;0;99.0;99.0;0;0;0.00;0.00;0.00;0.0;0.0
135.675;143;0;99;0;0.0;19.700;1.340;24;26;0;0;100;0;100;0;0;0;0;88;88;0;0.000;0.000;0.000;0.000;0.000;0.000;0.0;0.0;0;14;0.000;0.000;11.3;0;0.0;0;0;0;0;0;99;0;0;4980;0.00;0;0;0;0;0;0;0;0;0;0;0;0;0;0;0;0;14;0;99.0;99.0;0;0;0.00;0.00;0.00;0.0;0.0
135.745;143;0;99;0;0.0;19.700;1.340;24;26;0;0;100;0;100;0;0;0;0;88;88;0;0.000;0.000;0.000;0.000;0.000;0.000;0.0;0.0;0;14;0.000;0.000;11.3;0;0.0;0;0;0;0;0;99;0;0;4980;0.00;0;0;0;0;0;0;0;0;0;0;0;0;0;0;0;0;14;0;99.0;99.0;0;0;0.00;0.00;0.00;0.0;0.0
135.809;143;0;99;0;0.0;19.700;1.340;24;26;0;0;100;0;100;0;0;0;0;88;88;0;0.000;0.000;0.000;0.000;0.000;0.000;0.0;0.0;0;14;0.000;0.000;11.3;0;0.0;0;0;0;0;0;99;0;0;4980;0.00;0;0;0;0;0;0;0;0;0;0;0;0;0;0;0;0;14;0;99.0;99.0;0;0;0.00;0.00;0.00;0.0;0.0
135.876;143;0;99;0;0.0;19.700;1.340;24;26;0;0;100;0;100;0;0;0;0;88;88;0;0.000;0.000;0.000;0.000;0.000;0.000;0.0;0.0;0;14;0.000;0.000;11.3;0;0.0;0;0;0;0;0;99;0;0;4980;0.00;0;0;0;0;0;0;0;0;0;0;0;0;0;0;0;0;14;0;99.0;99.0;0;0;0.00;0.00;0.00;0.0;0.0
135.945;143;0;99;0;0.0;19.700;1.340;24;26;0;0;100;0;100;0;0;0;0;88;88;0;0.000;0.000;0.000;0.000;0.000;0.000;0.0;0.0;0;14;0.000;0.000;11.3;0;0.0;0;0;0;0;0;99;0;0;4980;0.00;0;0;0;0;0;0;0;0;0;0;0;0;0;0;0;0;14;0;99.0;99.0;0;0;0.00;0.00;0.00;0.0;0.0
136.011;144;0;99;0;0.0;19.700;1.340;24;26;0;0;100;0;100;0;0;0;0;88;88;0;0.000;0.000;0.000;0.000;0.000;0.000;0.0;0.0;0;14;0.000;0.000;11.3;0;0.0;0;0;0;0;0;99;0;0;4976;0.00;0;0;0;0;0;0;0;0;0;0;0;0;0;0;0;0;14;0;99.0;99.0;0;0;0.00;0.00;0.00;0.0;0.0
136.076;144;0;99;0;0.0;19.700;1.340;24;26;0;0;100;0;100;0;0;0;0;88;88;0;0.000;0.000;0.000;0.000;0.000;0.000;0.0;0.0;0;14;0.000;0.000;11.3;0;0.0;0;0;0;0;0;99;0;0;4976;0.00;0;0;0;0;0;0;0;0;0;0;0;0;0;0;0;0;14;0;99.0;99.0;0;0;0.00;0.00;0.00;0.0;0.0
136.142;144;0;99;0;0.0;19.700;1.340;24;26;0;0;100;0;100;0;0;0;0;88;88;0;0.000;0.000;0.000;0.000;0.000;0.000;0.0;0.0;0;14;0.000;0.000;11.3;0;0.0;0;0;0;0;0;99;0;0;4976;0.00;0;0;0;0;0;0;0;0;0;0;0;0;0;0;0;0;14;0;99.0;99.0;0;0;0.00;0.00;0.00;0.0;0.0
136.207;144;0;99;0;0.0;19.700;1.340;24;26;0;0;100;0;100;0;0;0;0;88;88;0;0.000;0.000;0.000;0.000;0.000;0.000;0.0;0.0;0;14;0.000;0.000;11.3;0;0.0;0;0;0;0;0;99;0;0;4976;0.00;0;0;0;0;0;0;0;0;0;0;0;0;0;0;0;0;14;0;99.0;99.0;0;0;0.00;0.00;0.00;0.0;0.0
136.277;144;0;99;0;0.0;19.700;1.340;24;26;0;0;100;0;100;0;0;0;0;88;88;0;0.000;0.000;0.000;0.000;0.000;0.000;0.0;0.0;0;14;0.000;0.000;11.3;0;0.0;0;0;0;0;0;99;0;0;4976;0.00;0;0;0;0;0;0;0;0;0;0;0;0;0;0;0;0;14;0;99.0;99.0;0;0;0.00;0.00;0.00;0.0;0.0
136.344;144;0;99;0;0.0;19.700;1.340;24;26;0;0;100;0;100;0;0;0;0;88;88;0;0.000;0.000;0.000;0.000;0.000;0.000;0.0;0.0;0;14;0.000;0.000;11.3;0;0.0;0;0;0;0;0;99;0;0;4976;0.00;0;0;0;0;0;0;0;0;0;0;0;0;0;0;0;0;14;0;99.0;99.0;0;0;0.00;0.00;0.00;0.0;0.0
136.411;144;0;99;0;0.0;19.700;1.340;24;26;0;0;100;0;100;0;0;0;0;88;88;0;0.000;0.000;0.000;0.000;0.000;0.000;0.0;0.0;0;14;0.000;0.000;11.3;0;0.0;0;0;0;0;0;99;0;0;4976;0.00;0;0;0;0;0;0;0;0;0;0;0;0;0;0;0;0;14;0;99.0;99.0;0;0;0.00;0.00;0.00;0.0;0.0
136.478;144;0;99;0;0.0;19.700;1.340;24;26;0;0;100;0;100;0;0;0;0;88;88;0;0.000;0.000;0.000;0.000;0.000;0.000;0.0;0.0;0;14;0.000;0.000;11.3;0;0.0;0;0;0;0;0;99;0;0;4976;0.00;0;0;0;0;0;0;0;0;0;0;0;0;0;0;0;0;14;0;99.0;99.0;0;0;0.00;0.00;0.00;0.0;0.0
136.543;144;0;99;0;0.0;19.700;1.340;24;26;0;0;100;0;100;0;0;0;0;88;88;0;0.000;0.000;0.000;0.000;0.000;0.000;0.0;0.0;0;14;0.000;0.000;11.3;0;0.0;0;0;0;0;0;99;0;0;4976;0.00;0;0;0;0;0;0;0;0;0;0;0;0;0;0;0;0;14;0;99.0;99.0;0;0;0.00;0.00;0.00;0.0;0.0
136.610;144;0;99;0;0.0;19.700;1.340;24;26;0;0;100;0;100;0;0;0;0;88;88;0;0.000;0.000;0.000;0.000;0.000;0.000;0.0;0.0;0;14;0.000;0.000;11.3;0;0.0;0;0;0;0;0;99;0;0;4976;0.00;0;0;0;0;0;0;0;0;0;0;0;0;0;0;0;0;14;0;99.0;99.0;0;0;0.00;0.00;0.00;0.0;0.0
136.674;144;0;99;0;0.0;19.700;1.340;24;26;0;0;100;0;100;0;0;0;0;88;88;0;0.000;0.000;0.000;0.000;0.000;0.000;0.0;0.0;0;14;0.000;0.000;11.3;0;0.0;0;0;0;0;0;99;0;0;4976;0.00;0;0;0;0;0;0;0;0;0;0;0;0;0;0;0;0;14;0;99.0;99.0;0;0;0.00;0.00;0.00;0.0;0.0
136.741;144;0;99;0;0.0;19.700;1.340;24;26;0;0;100;0;100;0;0;0;0;88;88;0;0.000;0.000;0.000;0.000;0.000;0.000;0.0;0.0;0;14;0.000;0.000;11.3;0;0.0;0;0;0;0;0;99;0;0;4976;0.00;0;0;0;0;0;0;0;0;0;0;0;0;0;0;0;0;14;0;99.0;99.0;0;0;0.00;0.00;0.00;0.0;0.0
136.810;144;0;99;0;0.0;19.700;1.340;24;26;0;0;100;0;100;0;0;0;0;88;88;0;0.000;0.000;0.000;0.000;0.000;0.000;0.0;0.0;0;14;0.000;0.000;11.3;0;0.0;0;0;0;0;0;99;0;0;4976;0.00;0;0;0;0;0;0;0;0;0;0;0;0;0;0;0;0;14;0;99.0;99.0;0;0;0.00;0.00;0.00;0.0;0.0
136.875;144;0;99;0;0.0;19.700;1.340;24;26;0;0;100;0;100;0;0;0;0;88;88;0;0.000;0.000;0.000;0.000;0.000;0.000;0.0;0.0;0;14;0.000;0.000;11.3;0;0.0;0;0;0;0;0;99;0;0;4976;0.00;0;0;0;0;0;0;0;0;0;0;0;0;0;0;0;0;14;0;99.0;99.0;0;0;0.00;0.00;0.00;0.0;0.0
136.941;144;0;99;0;0.0;19.700;1.340;24;26;0;0;100;0;100;0;0;0;0;88;88;0;0.000;0.000;0.000;0.000;0.000;0.000;0.0;0.0;0;14;0.000;0.000;11.3;0;0.0;0;0;0;0;0;99;0;0;4976;0.00;0;0;0;0;0;0;0;0;0;0;0;0;0;0;0;0;14;0;99.0;99.0;0;0;0.00;0.00;0.00;0.0;0.0
137.010;144;0;99;0;0.0;19.700;1.340;24;26;0;0;100;0;100;0;0;0;0;88;88;0;0.000;0.000;0.000;0.000;0.000;0.000;0.0;0.0;0;14;0.000;0.000;11.3;0;0.0;0;0;0;0;0;99;0;0;4976;0.00;0;0;0;0;0;0;0;0;0;0;0;0;0;0;0;0;14;0;99.0;99.0;0;0;0.00;0.00;0.00;0.0;0.0
137.076;145;0;99;0;0.0;19.700;1.340;24;26;0;0;100;0;100;0;0;0;0;88;88;0;0.000;0.000;0.000;0.000;0.000;0.000;0.0;0.0;0;14;0.000;0.000;11.3;0;0.0;0;0;0;0;0;99;0;0;4963;0.00;0;0;0;0;0;0;0;0;0;0;0;0;0;0;0;0;14;0;99.0;99.0;0;0;0.00;0.00;0.00;0.0;0.0
137.145;145;0;99;0;0.0;19.700;1.340;24;26;0;0;100;0;100;0;0;0;0;88;88;0;0.000;0.000;0.000;0.000;0.000;0.000;0.0;0.0;0;14;0.000;0.000;11.3;0;0.0;0;0;0;0;0;99;0;0;4963;0.00;0;0;0;0;0;0;0;0;0;0;0;0;0;0;0;0;14;0;99.0;99.0;0;0;0.00;0.00;0.00;0.0;0.0
137.210;145;0;99;0;0.0;19.700;1.340;24;26;0;0;100;0;100;0;0;0;0;88;88;0;0.000;0.000;0.000;0.000;0.000;0.000;0.0;0.0;0;14;0.000;0.000;11.3;0;0.0;0;0;0;0;0;99;0;0;4963;0.00;0;0;0;0;0;0;0;0;0;0;0;0;0;0;0;0;14;0;99.0;99.0;0;0;0.00;0.00;0.00;0.0;0.0
137.277;145;0;99;0;0.0;19.700;1.340;24;26;0;0;100;0;100;0;0;0;0;88;88;0;0.000;0.000;0.000;0.000;0.000;0.000;0.0;0.0;0;14;0.000;0.000;11.3;0;0.0;0;0;0;0;0;99;0;0;4963;0.00;0;0;0;0;0;0;0;0;0;0;0;0;0;0;0;0;14;0;99.0;99.0;0;0;0.00;0.00;0.00;0.0;0.0
137.342;145;0;99;0;0.0;19.700;1.340;24;26;0;0;100;0;100;0;0;0;0;88;88;0;0.000;0.000;0.000;0.000;0.000;0.000;0.0;0.0;0;14;0.000;0.000;11.3;0;0.0;0;0;0;0;0;99;0;0;4963;0.00;0;0;0;0;0;0;0;0;0;0;0;0;0;0;0;0;14;0;99.0;99.0;0;0;0.00;0.00;0.00;0.0;0.0
137.407;145;0;99;0;0.0;19.700;1.340;24;26;0;0;100;0;100;0;0;0;0;88;88;0;0.000;0.000;0.000;0.000;0.000;0.000;0.0;0.0;0;14;0.000;0.000;11.3;0;0.0;0;0;0;0;0;99;0;0;4963;0.00;0;0;0;0;0;0;0;0;0;0;0;0;0;0;0;0;14;0;99.0;99.0;0;0;0.00;0.00;0.00;0.0;0.0
137.477;145;0;99;0;0.0;19.700;1.340;24;26;0;0;100;0;100;0;0;0;0;88;88;0;0.000;0.000;0.000;0.000;0.000;0.000;0.0;0.0;0;14;0.000;0.000;11.3;0;0.0;0;0;0;0;0;99;0;0;4963;0.00;0;0;0;0;0;0;0;0;0;0;0;0;0;0;0;0;14;0;99.0;99.0;0;0;0.00;0.00;0.00;0.0;0.0
137.543;145;0;99;0;0.0;19.700;1.340;24;26;0;0;100;0;100;0;0;0;0;88;88;0;0.000;0.000;0.000;0.000;0.000;0.000;0.0;0.0;0;14;0.000;0.000;11.3;0;0.0;0;0;0;0;0;99;0;0;4963;0.00;0;0;0;0;0;0;0;0;0;0;0;0;0;0;0;0;14;0;99.0;99.0;0;0;0.00;0.00;0.00;0.0;0.0
137.613;145;0;99;0;0.0;19.700;1.340;24;26;0;0;100;0;100;0;0;0;0;88;88;0;0.000;0.000;0.000;0.000;0.000;0.000;0.0;0.0;0;14;0.000;0.000;11.3;0;0.0;0;0;0;0;0;99;0;0;4963;0.00;0;0;0;0;0;0;0;0;0;0;0;0;0;0;0;0;14;0;99.0;99.0;0;0;0.00;0.00;0.00;0.0;0.0
137.678;145;0;99;0;0.0;19.700;1.340;24;26;0;0;100;0;100;0;0;0;0;88;88;0;0.000;0.000;0.000;0.000;0.000;0.000;0.0;0.0;0;14;0.000;0.000;11.3;0;0.0;0;0;0;0;0;99;0;0;4963;0.00;0;0;0;0;0;0;0;0;0;0;0;0;0;0;0;0;14;0;99.0;99.0;0;0;0.00;0.00;0.00;0.0;0.0
137.743;145;0;99;0;0.0;19.700;1.340;24;26;0;0;100;0;100;0;0;0;0;88;88;0;0.000;0.000;0.000;0.000;0.000;0.000;0.0;0.0;0;14;0.000;0.000;11.3;0;0.0;0;0;0;0;0;99;0;0;4963;0.00;0;0;0;0;0;0;0;0;0;0;0;0;0;0;0;0;14;0;99.0;99.0;0;0;0.00;0.00;0.00;0.0;0.0
137.809;145;0;99;0;0.0;19.700;1.340;24;26;0;0;100;0;100;0;0;0;0;88;88;0;0.000;0.000;0.000;0.000;0.000;0.000;0.0;0.0;0;14;0.000;0.000;11.3;0;0.0;0;0;0;0;0;99;0;0;4963;0.00;0;0;0;0;0;0;0;0;0;0;0;0;0;0;0;0;14;0;99.0;99.0;0;0;0.00;0.00;0.00;0.0;0.0
137.879;145;0;99;0;0.0;19.700;1.340;24;26;0;0;100;0;100;0;0;0;0;88;88;0;0.000;0.000;0.000;0.000;0.000;0.000;0.0;0.0;0;14;0.000;0.000;11.3;0;0.0;0;0;0;0;0;99;0;0;4963;0.00;0;0;0;0;0;0;0;0;0;0;0;0;0;0;0;0;14;0;99.0;99.0;0;0;0.00;0.00;0.00;0.0;0.0
137.944;145;0;99;0;0.0;19.700;1.340;24;26;0;0;100;0;100;0;0;0;0;88;88;0;0.000;0.000;0.000;0.000;0.000;0.000;0.0;0.0;0;14;0.000;0.000;11.3;0;0.0;0;0;0;0;0;99;0;0;4963;0.00;0;0;0;0;0;0;0;0;0;0;0;0;0;0;0;0;14;0;99.0;99.0;0;0;0.00;0.00;0.00;0.0;0.0
138.010;145;0;99;0;0.0;19.700;1.340;24;26;0;0;100;0;100;0;0;0;0;88;88;0;0.000;0.000;0.000;0.000;0.000;0.000;0.0;0.0;0;14;0.000;0.000;11.3;0;0.0;0;0;0;0;0;99;0;0;4963;0.00;0;0;0;0;0;0;0;0;0;0;0;0;0;0;0;0;14;0;99.0;99.0;0;0;0.00;0.00;0.00;0.0;0.0
138.080;146;0;99;0;0.0;19.700;1.340;24;26;0;0;100;0;100;0;0;0;0;88;88;0;0.000;0.000;0.000;0.000;0.000;0.000;0.0;0.0;0;14;0.000;0.000;11.3;0;0.0;0;0;0;0;0;99;0;0;4982;0.00;0;0;0;0;0;0;0;0;0;0;0;0;0;0;0;0;14;0;99.0;99.0;0;0;0.00;0.00;0.00;0.0;0.0
138.144;146;0;99;0;0.0;19.700;1.340;24;26;0;0;100;0;100;0;0;0;0;88;88;0;0.000;0.000;0.000;0.000;0.000;0.000;0.0;0.0;0;14;0.000;0.000;11.3;0;0.0;0;0;0;0;0;99;0;0;4982;0.00;0;0;0;0;0;0;0;0;0;0;0;0;0;0;0;0;14;0;99.0;99.0;0;0;0.00;0.00;0.00;0.0;0.0
138.211;146;0;99;0;0.0;19.700;1.340;24;26;0;0;100;0;100;0;0;0;0;88;88;0;0.000;0.000;0.000;0.000;0.000;0.000;0.0;0.0;0;14;0.000;0.000;11.3;0;0.0;0;0;0;0;0;99;0;0;4982;0.00;0;0;0;0;0;0;0;0;0;0;0;0;0;0;0;0;14;0;99.0;99.0;0;0;0.00;0.00;0.00;0.0;0.0
138.277;146;0;98;0;0.0;19.700;1.340;24;26;0;0;100;0;100;0;0;0;0;88;88;0;0.000;0.000;0.000;0.000;0.000;0.000;0.0;0.0;0;15;0.000;0.000;11.3;0;-0.1;0;0;0;0;0;99;0;0;4982;0.00;0;0;0;0;0;0;0;0;0;0;0;0;0;0;0;0;15;0;98.0;98.0;0;0;0.00;0.00;0.00;0.0;0.0
138.345;146;0;99;0;0.0;19.700;1.340;24;26;0;0;100;0;100;0;0;0;0;88;88;0;0.000;0.000;0.000;0.000;0.000;0.000;0.0;0.0;0;14;0.000;0.000;11.3;0;0.0;0;0;0;0;0;99;0;0;4982;0.00;0;0;0;0;0;0;0;0;0;0;0;0;0;0;0;0;14;0;99.0;99.0;0;0;0.00;0.00;0.00;0.0;0.0
138.412;146;0;99;0;0.0;19.700;1.340;24;26;0;0;100;0;100;0;0;0;0;88;88;0;0.000;0.000;0.000;0.000;0.000;0.000;0.0;0.0;0;14;0.000;0.000;11.3;0;0.0;0;0;0;0;0;99;0;0;4982;0.00;0;0;0;0;0;0;0;0;0;0;0;0;0;0;0;0;14;0;99.0;99.0;0;0;0.00;0.00;0.00;0.0;0.0
138.478;146;0;99;0;0.0;19.700;1.340;24;26;0;0;100;0;100;0;0;0;0;88;88;0;0.000;0.000;0.000;0.000;0.000;0.000;0.0;0.0;0;14;0.000;0.000;11.3;0;0.0;0;0;0;0;0;99;0;0;4982;0.00;0;0;0;0;0;0;0;0;0;0;0;0;0;0;0;0;14;0;99.0;99.0;0;0;0.00;0.00;0.00;0.0;0.0
138.544;146;0;99;0;0.0;19.700;1.340;24;26;0;0;100;0;100;0;0;0;0;88;88;0;0.000;0.000;0.000;0.000;0.000;0.000;0.0;0.0;0;14;0.000;0.000;11.3;0;0.0;0;0;0;0;0;99;0;0;4982;0.00;0;0;0;0;0;0;0;0;0;0;0;0;0;0;0;0;14;0;99.0;99.0;0;0;0.00;0.00;0.00;0.0;0.0
138.611;146;0;99;0;0.0;19.700;1.340;24;26;0;0;100;0;100;0;0;0;0;88;88;0;0.000;0.000;0.000;0.000;0.000;0.000;0.0;0.0;0;14;0.000;0.000;11.3;0;0.0;0;0;0;0;0;99;0;0;4982;0.00;0;0;0;0;0;0;0;0;0;0;0;0;0;0;0;0;14;0;99.0;99.0;0;0;0.00;0.00;0.00;0.0;0.0
138.677;146;0;99;0;0.0;19.700;1.340;24;26;0;0;100;0;100;0;0;0;0;88;88;0;0.000;0.000;0.000;0.000;0.000;0.000;0.0;0.0;0;14;0.000;0.000;11.3;0;0.0;0;0;0;0;0;99;0;0;4982;0.00;0;0;0;0;0;0;0;0;0;0;0;0;0;0;0;0;14;0;99.0;99.0;0;0;0.00;0.00;0.00;0.0;0.0
138.742;146;0;99;0;0.0;19.700;1.340;24;26;0;0;100;0;100;0;0;0;0;88;88;0;0.000;0.000;0.000;0.000;0.000;0.000;0.0;0.0;0;14;0.000;0.000;11.3;0;0.0;0;0;0;0;0;99;0;0;4982;0.00;0;0;0;0;0;0;0;0;0;0;0;0;0;0;0;0;14;0;99.0;99.0;0;0;0.00;0.00;0.00;0.0;0.0
138.809;146;0;99;0;0.0;19.700;1.340;24;26;0;0;100;0;100;0;0;0;0;88;88;0;0.000;0.000;0.000;0.000;0.000;0.000;0.0;0.0;0;14;0.000;0.000;11.3;0;0.0;0;0;0;0;0;99;0;0;4982;0.00;0;0;0;0;0;0;0;0;0;0;0;0;0;0;0;0;14;0;99.0;99.0;0;0;0.00;0.00;0.00;0.0;0.0
138.873;146;0;99;0;0.0;19.700;1.340;24;26;0;0;100;0;100;0;0;0;0;88;88;0;0.000;0.000;0.000;0.000;0.000;0.000;0.0;0.0;0;14;0.000;0.000;11.3;0;0.0;0;0;0;0;0;99;0;0;4982;0.00;0;0;0;0;0;0;0;0;0;0;0;0;0;0;0;0;14;0;99.0;99.0;0;0;0.00;0.00;0.00;0.0;0.0
138.944;146;0;99;0;0.0;19.700;1.340;24;26;0;0;100;0;100;0;0;0;0;88;88;0;0.000;0.000;0.000;0.000;0.000;0.000;0.0;0.0;0;14;0.000;0.000;11.3;0;0.0;0;0;0;0;0;99;0;0;4982;0.00;0;0;0;0;0;0;0;0;0;0;0;0;0;0;0;0;14;0;99.0;99.0;0;0;0.00;0.00;0.00;0.0;0.0
139.010;146;0;99;0;0.0;19.700;1.340;24;26;0;0;100;0;100;0;0;0;0;88;88;0;0.000;0.000;0.000;0.000;0.000;0.000;0.0;0.0;0;14;0.000;0.000;11.3;0;0.0;0;0;0;0;0;99;0;0;4982;0.00;0;0;0;0;0;0;0;0;0;0;0;0;0;0;0;0;14;0;99.0;99.0;0;0;0.00;0.00;0.00;0.0;0.0
139.078;147;0;99;0;0.0;19.700;1.340;24;26;0;0;100;0;100;0;0;0;0;88;88;0;0.000;0.000;0.000;0.000;0.000;0.000;0.0;0.0;0;14;0.000;0.000;11.3;0;0.0;0;0;0;0;0;99;0;0;4983;0.00;0;0;0;0;0;0;0;0;0;0;0;0;0;0;0;0;14;0;99.0;99.0;0;0;0.00;0.00;0.00;0.0;0.0
139.143;147;0;99;0;0.0;19.700;1.340;24;26;0;0;100;0;100;0;0;0;0;88;88;0;0.000;0.000;0.000;0.000;0.000;0.000;0.0;0.0;0;14;0.000;0.000;11.3;0;0.0;0;0;0;0;0;99;0;0;4983;0.00;0;0;0;0;0;0;0;0;0;0;0;0;0;0;0;0;14;0;99.0;99.0;0;0;0.00;0.00;0.00;0.0;0.0
139.211;147;0;99;0;0.0;19.700;1.340;24;26;0;0;100;0;100;0;0;0;0;88;88;0;0.000;0.000;0.000;0.000;0.000;0.000;0.0;0.0;0;14;0.000;0.000;11.3;0;0.0;0;0;0;0;0;99;0;0;4983;0.00;0;0;0;0;0;0;0;0;0;0;0;0;0;0;0;0;14;0;99.0;99.0;0;0;0.00;0.00;0.00;0.0;0.0
139.211;147;0;99;0;0.0;19.700;1.340;24;26;0;0;100;0;100;0;0;0;0;88;88;0;0.000;0.000;0.000;0.000;0.000;0.000;0.0;0.0;0;14;0.000;0.000;11.3;0;0.0;0;0;0;0;0;99;0;0;4983;0.00;0;0;0;0;0;0;0;0;0;0;0;0;0;0;0;0;14;0;99.0;99.0;0;0;0.00;0.00;0.00;0.0;0.0
139.344;147;0;99;0;0.0;19.700;1.340;24;26;0;0;100;0;100;0;0;0;0;88;88;0;0.000;0.000;0.000;0.000;0.000;0.000;0.0;0.0;0;14;0.000;0.000;11.3;0;0.0;0;0;0;0;0;99;0;0;4983;0.00;0;0;0;0;0;0;0;0;0;0;0;0;0;0;0;0;14;0;99.0;99.0;0;0;0.00;0.00;0.00;0.0;0.0
139.411;147;0;99;0;0.0;19.700;1.340;24;26;0;0;100;0;100;0;0;0;0;88;88;0;0.000;0.000;0.000;0.000;0.000;0.000;0.0;0.0;0;14;0.000;0.000;11.3;0;0.0;0;0;0;0;0;99;0;0;4983;0.00;0;0;0;0;0;0;0;0;0;0;0;0;0;0;0;0;14;0;99.0;99.0;0;0;0.00;0.00;0.00;0.0;0.0
139.476;147;0;99;0;0.0;19.700;1.340;24;26;0;0;100;0;100;0;0;0;0;88;88;0;0.000;0.000;0.000;0.000;0.000;0.000;0.0;0.0;0;14;0.000;0.000;11.3;0;0.0;0;0;0;0;0;99;0;0;4983;0.00;0;0;0;0;0;0;0;0;0;0;0;0;0;0;0;0;14;0;99.0;99.0;0;0;0.00;0.00;0.00;0.0;0.0
139.541;147;0;99;0;0.0;19.700;1.340;24;26;0;0;100;0;100;0;0;0;0;88;88;0;0.000;0.000;0.000;0.000;0.000;0.000;0.0;0.0;0;14;0.000;0.000;11.3;0;0.0;0;0;0;0;0;99;0;0;4983;0.00;0;0;0;0;0;0;0;0;0;0;0;0;0;0;0;0;14;0;99.0;99.0;0;0;0.00;0.00;0.00;0.0;0.0
139.606;147;0;99;0;0.0;19.700;1.340;24;26;0;0;100;0;100;0;0;0;0;88;88;0;0.000;0.000;0.000;0.000;0.000;0.000;0.0;0.0;0;14;0.000;0.000;11.3;0;0.0;0;0;0;0;0;99;0;0;4983;0.00;0;0;0;0;0;0;0;0;0;0;0;0;0;0;0;0;14;0;99.0;99.0;0;0;0.00;0.00;0.00;0.0;0.0
139.672;147;0;99;0;0.0;19.700;1.340;24;26;0;0;100;0;100;0;0;0;0;88;88;0;0.000;0.000;0.000;0.000;0.000;0.000;0.0;0.0;0;14;0.000;0.000;11.3;0;0.0;0;0;0;0;0;99;0;0;4983;0.00;0;0;0;0;0;0;0;0;0;0;0;0;0;0;0;0;14;0;99.0;99.0;0;0;0.00;0.00;0.00;0.0;0.0
139.742;147;0;99;0;0.0;19.700;1.340;24;26;0;0;100;0;100;0;0;0;0;88;88;0;0.000;0.000;0.000;0.000;0.000;0.000;0.0;0.0;0;14;0.000;0.000;11.3;0;0.0;0;0;0;0;0;99;0;0;4983;0.00;0;0;0;0;0;0;0;0;0;0;0;0;0;0;0;0;14;0;99.0;99.0;0;0;0.00;0.00;0.00;0.0;0.0
139.811;147;0;99;0;0.0;19.700;1.340;24;26;0;0;100;0;100;0;0;0;0;88;88;0;0.000;0.000;0.000;0.000;0.000;0.000;0.0;0.0;0;14;0.000;0.000;11.3;0;0.0;0;0;0;0;0;99;0;0;4983;0.00;0;0;0;0;0;0;0;0;0;0;0;0;0;0;0;0;14;0;99.0;99.0;0;0;0.00;0.00;0.00;0.0;0.0
139.877;147;0;99;0;0.0;19.700;1.340;24;26;0;0;100;0;100;0;0;0;0;88;88;0;0.000;0.000;0.000;0.000;0.000;0.000;0.0;0.0;0;14;0.000;0.000;11.3;0;0.0;0;0;0;0;0;99;0;0;4983;0.00;0;0;0;0;0;0;0;0;0;0;0;0;0;0;0;0;14;0;99.0;99.0;0;0;0.00;0.00;0.00;0.0;0.0
139.942;147;0;99;0;0.0;19.700;1.340;24;26;0;0;100;0;100;0;0;0;0;88;88;0;0.000;0.000;0.000;0.000;0.000;0.000;0.0;0.0;0;14;0.000;0.000;11.3;0;0.0;0;0;0;0;0;99;0;0;4983;0.00;0;0;0;0;0;0;0;0;0;0;0;0;0;0;0;0;14;0;99.0;99.0;0;0;0.00;0.00;0.00;0.0;0.0
140.009;147;0;99;0;0.0;19.700;1.340;24;26;0;0;100;0;100;0;0;0;0;88;88;0;0.000;0.000;0.000;0.000;0.000;0.000;0.0;0.0;0;14;0.000;0.000;11.3;0;0.0;0;0;0;0;0;99;0;0;4983;0.00;0;0;0;0;0;0;0;0;0;0;0;0;0;0;0;0;14;0;99.0;99.0;0;0;0.00;0.00;0.00;0.0;0.0
140.077;148;0;99;0;0.0;19.700;1.340;24;26;0;0;100;0;100;0;0;0;0;88;88;0;0.000;0.000;0.000;0.000;0.000;0.000;0.0;0.0;0;14;0.000;0.000;11.3;0;0.0;0;0;0;0;0;99;0;0;4983;0.00;0;0;0;0;0;0;0;0;0;0;0;0;0;0;0;0;14;0;99.0;99.0;0;0;0.00;0.00;0.00;0.0;0.0
140.144;148;0;99;0;0.0;19.700;1.340;24;26;0;0;100;0;100;0;0;0;0;88;88;0;0.000;0.000;0.000;0.000;0.000;0.000;0.0;0.0;0;14;0.000;0.000;11.3;0;0.0;0;0;0;0;0;99;0;0;4983;0.00;0;0;0;0;0;0;0;0;0;0;0;0;0;0;0;0;14;0;99.0;99.0;0;0;0.00;0.00;0.00;0.0;0.0
140.210;148;0;99;0;0.0;19.700;1.340;24;26;0;0;100;0;100;0;0;0;0;88;88;0;0.000;0.000;0.000;0.000;0.000;0.000;0.0;0.0;0;14;0.000;0.000;11.3;0;0.0;0;0;0;0;0;99;0;0;4983;0.00;0;0;0;0;0;0;0;0;0;0;0;0;0;0;0;0;14;0;99.0;99.0;0;0;0.00;0.00;0.00;0.0;0.0
140.278;148;0;99;0;0.0;19.700;1.340;24;26;0;0;100;0;100;0;0;0;0;88;88;0;0.000;0.000;0.000;0.000;0.000;0.000;0.0;0.0;0;14;0.000;0.000;11.3;0;0.0;0;0;0;0;0;99;0;0;4983;0.00;0;0;0;0;0;0;0;0;0;0;0;0;0;0;0;0;14;0;99.0;99.0;0;0;0.00;0.00;0.00;0.0;0.0
140.344;148;0;99;0;0.0;19.700;1.340;24;26;0;0;100;0;100;0;0;0;0;88;88;0;0.000;0.000;0.000;0.000;0.000;0.000;0.0;0.0;0;14;0.000;0.000;11.3;0;0.0;0;0;0;0;0;99;0;0;4983;0.00;0;0;0;0;0;0;0;0;0;0;0;0;0;0;0;0;14;0;99.0;99.0;0;0;0.00;0.00;0.00;0.0;0.0
140.411;148;0;99;0;0.0;19.700;1.340;24;26;0;0;100;0;100;0;0;0;0;88;88;0;0.000;0.000;0.000;0.000;0.000;0.000;0.0;0.0;0;14;0.000;0.000;11.3;0;0.0;0;0;0;0;0;99;0;0;4983;0.00;0;0;0;0;0;0;0;0;0;0;0;0;0;0;0;0;14;0;99.0;99.0;0;0;0.00;0.00;0.00;0.0;0.0
140.476;148;0;99;0;0.0;19.700;1.340;24;26;0;0;100;0;100;0;0;0;0;88;88;0;0.000;0.000;0.000;0.000;0.000;0.000;0.0;0.0;0;14;0.000;0.000;11.3;0;0.0;0;0;0;0;0;99;0;0;4983;0.00;0;0;0;0;0;0;0;0;0;0;0;0;0;0;0;0;14;0;99.0;99.0;0;0;0.00;0.00;0.00;0.0;0.0
140.540;148;0;99;0;0.0;19.700;1.340;24;26;0;0;100;0;100;0;0;0;0;88;88;0;0.000;0.000;0.000;0.000;0.000;0.000;0.0;0.0;0;14;0.000;0.000;11.3;0;0.0;0;0;0;0;0;99;0;0;4983;0.00;0;0;0;0;0;0;0;0;0;0;0;0;0;0;0;0;14;0;99.0;99.0;0;0;0.00;0.00;0.00;0.0;0.0
140.606;148;0;99;0;0.0;19.700;1.340;24;26;0;0;100;0;100;0;0;0;0;88;88;0;0.000;0.000;0.000;0.000;0.000;0.000;0.0;0.0;0;14;0.000;0.000;11.3;0;0.0;0;0;0;0;0;99;0;0;4983;0.00;0;0;0;0;0;0;0;0;0;0;0;0;0;0;0;0;14;0;99.0;99.0;0;0;0.00;0.00;0.00;0.0;0.0
140.672;148;0;99;0;0.0;19.700;1.340;24;26;0;0;100;0;100;0;0;0;0;88;88;0;0.000;0.000;0.000;0.000;0.000;0.000;0.0;0.0;0;14;0.000;0.000;11.3;0;0.0;0;0;0;0;0;99;0;0;4983;0.00;0;0;0;0;0;0;0;0;0;0;0;0;0;0;0;0;14;0;99.0;99.0;0;0;0.00;0.00;0.00;0.0;0.0
140.742;148;0;99;0;0.0;19.700;1.340;24;26;0;0;100;0;100;0;0;0;0;88;88;0;0.000;0.000;0.000;0.000;0.000;0.000;0.0;0.0;0;14;0.000;0.000;11.3;0;0.0;0;0;0;0;0;99;0;0;4983;0.00;0;0;0;0;0;0;0;0;0;0;0;0;0;0;0;0;14;0;99.0;99.0;0;0;0.00;0.00;0.00;0.0;0.0
140.811;148;0;98;0;0.0;19.700;1.340;24;26;0;0;100;0;100;0;0;0;0;88;88;0;0.000;0.000;0.000;0.000;0.000;0.000;0.0;0.0;0;15;0.000;0.000;11.3;0;-0.1;0;0;0;0;0;99;0;0;4983;0.00;0;0;0;0;0;0;0;0;0;0;0;0;0;0;0;0;15;0;98.0;98.0;0;0;0.00;0.00;0.00;0.0;0.0
140.877;148;0;99;0;0.0;19.700;1.340;24;26;0;0;100;0;100;0;0;0;0;88;88;0;0.000;0.000;0.000;0.000;0.000;0.000;0.0;0.0;0;14;0.000;0.000;11.3;0;0.0;0;0;0;0;0;99;0;0;4983;0.00;0;0;0;0;0;0;0;0;0;0;0;0;0;0;0;0;14;0;99.0;99.0;0;0;0.00;0.00;0.00;0.0;0.0
140.946;148;0;99;0;0.0;19.700;1.340;24;26;0;0;100;0;100;0;0;0;0;88;88;0;0.000;0.000;0.000;0.000;0.000;0.000;0.0;0.0;0;14;0.000;0.000;11.3;0;0.0;0;0;0;0;0;99;0;0;4983;0.00;0;0;0;0;0;0;0;0;0;0;0;0;0;0;0;0;14;0;99.0;99.0;0;0;0.00;0.00;0.00;0.0;0.0
141.012;148;0;99;0;0.0;19.700;1.340;24;26;0;0;100;0;100;0;0;0;0;88;88;0;0.000;0.000;0.000;0.000;0.000;0.000;0.0;0.0;0;14;0.000;0.000;11.3;0;0.0;0;0;0;0;0;99;0;0;4983;0.00;0;0;0;0;0;0;0;0;0;0;0;0;0;0;0;0;14;0;99.0;99.0;0;0;0.00;0.00;0.00;0.0;0.0
141.078;148;0;99;0;0.0;19.700;1.340;24;26;0;0;100;0;100;0;0;0;0;88;88;0;0.000;0.000;0.000;0.000;0.000;0.000;0.0;0.0;0;14;0.000;0.000;11.3;0;0.0;0;0;0;0;0;99;0;0;4983;0.00;0;0;0;0;0;0;0;0;0;0;0;0;0;0;0;0;14;0;99.0;99.0;0;0;0.00;0.00;0.00;0.0;0.0
141.143;149;0;99;0;0.0;19.700;1.340;24;26;0;0;100;0;100;0;0;0;0;88;88;0;0.000;0.000;0.000;0.000;0.000;0.000;0.0;0.0;0;14;0.000;0.000;11.3;0;0.0;0;0;0;0;0;99;0;0;4957;0.00;0;0;0;0;0;0;0;0;0;0;0;0;0;0;0;0;14;0;99.0;99.0;0;0;0.00;0.00;0.00;0.0;0.0
141.208;149;0;99;0;0.0;19.700;1.340;24;26;0;0;100;0;100;0;0;0;0;88;88;0;0.000;0.000;0.000;0.000;0.000;0.000;0.0;0.0;0;14;0.000;0.000;11.3;0;0.0;0;0;0;0;0;99;0;0;4957;0.00;0;0;0;0;0;0;0;0;0;0;0;0;0;0;0;0;14;0;99.0;99.0;0;0;0.00;0.00;0.00;0.0;0.0
141.275;149;0;99;0;0.0;19.700;1.340;24;26;0;0;100;0;100;0;0;0;0;88;88;0;0.000;0.000;0.000;0.000;0.000;0.000;0.0;0.0;0;14;0.000;0.000;11.3;0;0.0;0;0;0;0;0;99;0;0;4957;0.00;0;0;0;0;0;0;0;0;0;0;0;0;0;0;0;0;14;0;99.0;99.0;0;0;0.00;0.00;0.00;0.0;0.0
141.343;149;0;99;0;0.0;19.700;1.340;24;26;0;0;100;0;100;0;0;0;0;88;88;0;0.000;0.000;0.000;0.000;0.000;0.000;0.0;0.0;0;14;0.000;0.000;11.3;0;0.0;0;0;0;0;0;99;0;0;4957;0.00;0;0;0;0;0;0;0;0;0;0;0;0;0;0;0;0;14;0;99.0;99.0;0;0;0.00;0.00;0.00;0.0;0.0
141.409;149;0;99;0;0.0;19.700;1.340;24;26;0;0;100;0;100;0;0;0;0;88;88;0;0.000;0.000;0.000;0.000;0.000;0.000;0.0;0.0;0;14;0.000;0.000;11.3;0;0.0;0;0;0;0;0;99;0;0;4957;0.00;0;0;0;0;0;0;0;0;0;0;0;0;0;0;0;0;14;0;99.0;99.0;0;0;0.00;0.00;0.00;0.0;0.0
141.475;149;0;99;0;0.0;19.700;1.340;24;26;0;0;100;0;100;0;0;0;0;88;88;0;0.000;0.000;0.000;0.000;0.000;0.000;0.0;0.0;0;14;0.000;0.000;11.3;0;0.0;0;0;0;0;0;99;0;0;4957;0.00;0;0;0;0;0;0;0;0;0;0;0;0;0;0;0;0;14;0;99.0;99.0;0;0;0.00;0.00;0.00;0.0;0.0
141.540;149;0;99;0;0.0;19.700;1.340;24;26;0;0;100;0;100;0;0;0;0;88;88;0;0.000;0.000;0.000;0.000;0.000;0.000;0.0;0.0;0;14;0.000;0.000;11.3;0;0.0;0;0;0;0;0;99;0;0;4957;0.00;0;0;0;0;0;0;0;0;0;0;0;0;0;0;0;0;14;0;99.0;99.0;0;0;0.00;0.00;0.00;0.0;0.0
141.610;149;0;99;0;0.0;19.700;1.340;24;26;0;0;100;0;100;0;0;0;0;88;88;0;0.000;0.000;0.000;0.000;0.000;0.000;0.0;0.0;0;14;0.000;0.000;11.3;0;0.0;0;0;0;0;0;99;0;0;4957;0.00;0;0;0;0;0;0;0;0;0;0;0;0;0;0;0;0;14;0;99.0;99.0;0;0;0.00;0.00;0.00;0.0;0.0
141.676;149;0;99;0;0.0;19.700;1.340;24;26;0;0;100;0;100;0;0;0;0;88;88;0;0.000;0.000;0.000;0.000;0.000;0.000;0.0;0.0;0;14;0.000;0.000;11.3;0;0.0;0;0;0;0;0;99;0;0;4957;0.00;0;0;0;0;0;0;0;0;0;0;0;0;0;0;0;0;14;0;99.0;99.0;0;0;0.00;0.00;0.00;0.0;0.0
141.745;149;0;99;0;0.0;19.700;1.340;24;26;0;0;100;0;100;0;0;0;0;88;88;0;0.000;0.000;0.000;0.000;0.000;0.000;0.0;0.0;0;14;0.000;0.000;11.3;0;0.0;0;0;0;0;0;99;0;0;4957;0.00;0;0;0;0;0;0;0;0;0;0;0;0;0;0;0;0;14;0;99.0;99.0;0;0;0.00;0.00;0.00;0.0;0.0
141.811;149;0;99;0;0.0;19.700;1.340;24;26;0;0;100;0;100;0;0;0;0;88;88;0;0.000;0.000;0.000;0.000;0.000;0.000;0.0;0.0;0;14;0.000;0.000;11.3;0;0.0;0;0;0;0;0;99;0;0;4957;0.00;0;0;0;0;0;0;0;0;0;0;0;0;0;0;0;0;14;0;99.0;99.0;0;0;0.00;0.00;0.00;0.0;0.0
141.876;149;0;99;0;0.0;19.700;1.340;24;26;0;0;100;0;100;0;0;0;0;88;88;0;0.000;0.000;0.000;0.000;0.000;0.000;0.0;0.0;0;14;0.000;0.000;11.3;0;0.0;0;0;0;0;0;99;0;0;4957;0.00;0;0;0;0;0;0;0;0;0;0;0;0;0;0;0;0;14;0;99.0;99.0;0;0;0.00;0.00;0.00;0.0;0.0
141.946;149;0;99;0;0.0;19.700;1.340;24;26;0;0;100;0;100;0;0;0;0;88;88;0;0.000;0.000;0.000;0.000;0.000;0.000;0.0;0.0;0;14;0.000;0.000;11.3;0;0.0;0;0;0;0;0;99;0;0;4957;0.00;0;0;0;0;0;0;0;0;0;0;0;0;0;0;0;0;14;0;99.0;99.0;0;0;0.00;0.00;0.00;0.0;0.0
142.011;149;0;99;0;0.0;19.700;1.340;24;26;0;0;100;0;100;0;0;0;0;88;88;0;0.000;0.000;0.000;0.000;0.000;0.000;0.0;0.0;0;14;0.000;0.000;11.3;0;0.0;0;0;0;0;0;99;0;0;4957;0.00;0;0;0;0;0;0;0;0;0;0;0;0;0;0;0;0;14;0;99.0;99.0;0;0;0.00;0.00;0.00;0.0;0.0
142.077;149;0;99;0;0.0;19.700;1.340;24;26;0;0;100;0;100;0;0;0;0;88;88;0;0.000;0.000;0.000;0.000;0.000;0.000;0.0;0.0;0;14;0.000;0.000;11.3;0;0.0;0;0;0;0;0;99;0;0;4957;0.00;0;0;0;0;0;0;0;0;0;0;0;0;0;0;0;0;14;0;99.0;99.0;0;0;0.00;0.00;0.00;0.0;0.0
142.143;150;0;99;0;0.0;19.700;1.340;24;26;0;0;100;0;100;0;0;0;0;88;88;0;0.000;0.000;0.000;0.000;0.000;0.000;0.0;0.0;0;14;0.000;0.000;11.3;0;0.0;0;0;0;0;0;99;0;0;4974;0.00;0;0;0;0;0;0;0;0;0;0;0;0;0;0;0;0;14;0;99.0;99.0;0;0;0.00;0.00;0.00;0.0;0.0
142.211;150;0;98;0;0.0;19.700;1.340;24;26;0;0;100;0;100;0;0;0;0;88;88;0;0.000;0.000;0.000;0.000;0.000;0.000;0.0;0.0;0;15;0.000;0.000;11.3;0;-0.1;0;0;0;0;0;99;0;0;4974;0.00;0;0;0;0;0;0;0;0;0;0;0;0;0;0;0;0;15;0;98.0;98.0;0;0;0.00;0.00;0.00;0.0;0.0
142.278;150;0;99;0;0.0;19.700;1.340;24;26;0;0;100;0;100;0;0;0;0;88;88;0;0.000;0.000;0.000;0.000;0.000;0.000;0.0;0.0;0;14;0.000;0.000;11.3;0;0.0;0;0;0;0;0;99;0;0;4974;0.00;0;0;0;0;0;0;0;0;0;0;0;0;0;0;0;0;14;0;99.0;99.0;0;0;0.00;0.00;0.00;0.0;0.0
142.343;150;0;99;0;0.0;19.700;1.340;24;26;0;0;100;0;100;0;0;0;0;88;88;0;0.000;0.000;0.000;0.000;0.000;0.000;0.0;0.0;0;14;0.000;0.000;11.3;0;0.0;0;0;0;0;0;99;0;0;4974;0.00;0;0;0;0;0;0;0;0;0;0;0;0;0;0;0;0;14;0;99.0;99.0;0;0;0.00;0.00;0.00;0.0;0.0
142.408;150;0;99;0;0.0;19.700;1.340;24;26;0;0;100;0;100;0;0;0;0;88;88;0;0.000;0.000;0.000;0.000;0.000;0.000;0.0;0.0;0;14;0.000;0.000;11.3;0;0.0;0;0;0;0;0;99;0;0;4974;0.00;0;0;0;0;0;0;0;0;0;0;0;0;0;0;0;0;14;0;99.0;99.0;0;0;0.00;0.00;0.00;0.0;0.0
142.473;150;0;99;0;0.0;19.700;1.340;24;26;0;0;100;0;100;0;0;0;0;88;88;0;0.000;0.000;0.000;0.000;0.000;0.000;0.0;0.0;0;14;0.000;0.000;11.3;0;0.0;0;0;0;0;0;99;0;0;4974;0.00;0;0;0;0;0;0;0;0;0;0;0;0;0;0;0;0;14;0;99.0;99.0;0;0;0.00;0.00;0.00;0.0;0.0
142.540;150;0;99;0;0.0;19.700;1.340;24;26;0;0;100;0;100;0;0;0;0;88;88;0;0.000;0.000;0.000;0.000;0.000;0.000;0.0;0.0;0;14;0.000;0.000;11.3;0;0.0;0;0;0;0;0;99;0;0;4974;0.00;0;0;0;0;0;0;0;0;0;0;0;0;0;0;0;0;14;0;99.0;99.0;0;0;0.00;0.00;0.00;0.0;0.0
142.609;150;0;99;0;0.0;19.700;1.340;24;26;0;0;100;0;100;0;0;0;0;88;88;0;0.000;0.000;0.000;0.000;0.000;0.000;0.0;0.0;0;14;0.000;0.000;11.3;0;0.0;0;0;0;0;0;99;0;0;4974;0.00;0;0;0;0;0;0;0;0;0;0;0;0;0;0;0;0;14;0;99.0;99.0;0;0;0.00;0.00;0.00;0.0;0.0
142.674;150;0;99;0;0.0;19.700;1.340;24;26;0;0;100;0;100;0;0;0;0;88;88;0;0.000;0.000;0.000;0.000;0.000;0.000;0.0;0.0;0;14;0.000;0.000;11.3;0;0.0;0;0;0;0;0;99;0;0;4974;0.00;0;0;0;0;0;0;0;0;0;0;0;0;0;0;0;0;14;0;99.0;99.0;0;0;0.00;0.00;0.00;0.0;0.0
142.741;150;0;99;0;0.0;19.700;1.340;24;26;0;0;100;0;100;0;0;0;0;88;88;0;0.000;0.000;0.000;0.000;0.000;0.000;0.0;0.0;0;14;0.000;0.000;11.3;0;0.0;0;0;0;0;0;99;0;0;4974;0.00;0;0;0;0;0;0;0;0;0;0;0;0;0;0;0;0;14;0;99.0;99.0;0;0;0.00;0.00;0.00;0.0;0.0
142.810;150;0;99;0;0.0;19.700;1.340;24;26;0;0;100;0;100;0;0;0;0;88;88;0;0.000;0.000;0.000;0.000;0.000;0.000;0.0;0.0;0;14;0.000;0.000;11.3;0;0.0;0;0;0;0;0;99;0;0;4974;0.00;0;0;0;0;0;0;0;0;0;0;0;0;0;0;0;0;14;0;99.0;99.0;0;0;0.00;0.00;0.00;0.0;0.0
142.875;150;0;99;0;0.0;19.700;1.340;24;26;0;0;100;0;100;0;0;0;0;88;88;0;0.000;0.000;0.000;0.000;0.000;0.000;0.0;0.0;0;14;0.000;0.000;11.3;0;0.0;0;0;0;0;0;99;0;0;4974;0.00;0;0;0;0;0;0;0;0;0;0;0;0;0;0;0;0;14;0;99.0;99.0;0;0;0.00;0.00;0.00;0.0;0.0
142.941;150;0;99;0;0.0;19.700;1.340;24;26;0;0;100;0;100;0;0;0;0;88;88;0;0.000;0.000;0.000;0.000;0.000;0.000;0.0;0.0;0;14;0.000;0.000;11.3;0;0.0;0;0;0;0;0;99;0;0;4974;0.00;0;0;0;0;0;0;0;0;0;0;0;0;0;0;0;0;14;0;99.0;99.0;0;0;0.00;0.00;0.00;0.0;0.0
143.006;150;0;99;0;0.0;19.700;1.340;24;26;0;0;100;0;100;0;0;0;0;88;88;0;0.000;0.000;0.000;0.000;0.000;0.000;0.0;0.0;0;14;0.000;0.000;11.3;0;0.0;0;0;0;0;0;99;0;0;4974;0.00;0;0;0;0;0;0;0;0;0;0;0;0;0;0;0;0;14;0;99.0;99.0;0;0;0.00;0.00;0.00;0.0;0.0
143.072;150;0;99;0;0.0;19.700;1.340;24;26;0;0;100;0;100;0;0;0;0;88;88;0;0.000;0.000;0.000;0.000;0.000;0.000;0.0;0.0;0;14;0.000;0.000;11.3;0;0.0;0;0;0;0;0;99;0;0;4974;0.00;0;0;0;0;0;0;0;0;0;0;0;0;0;0;0;0;14;0;99.0;99.0;0;0;0.00;0.00;0.00;0.0;0.0
143.141;151;0;99;0;0.0;19.700;1.340;24;26;0;0;100;0;100;0;0;0;0;88;88;0;0.000;0.000;0.000;0.000;0.000;0.000;0.0;0.0;0;14;0.000;0.000;11.3;0;0.0;0;0;0;0;0;99;0;0;4987;0.00;0;0;0;0;0;0;0;0;0;0;0;0;0;0;0;0;14;0;99.0;99.0;0;0;0.00;0.00;0.00;0.0;0.0
143.207;151;0;99;0;0.0;19.700;1.340;24;26;0;0;100;0;100;0;0;0;0;88;88;0;0.000;0.000;0.000;0.000;0.000;0.000;0.0;0.0;0;14;0.000;0.000;11.3;0;0.0;0;0;0;0;0;99;0;0;4987;0.00;0;0;0;0;0;0;0;0;0;0;0;0;0;0;0;0;14;0;99.0;99.0;0;0;0.00;0.00;0.00;0.0;0.0
143.276;151;0;99;0;0.0;19.700;1.340;24;26;0;0;100;0;100;0;0;0;0;88;88;0;0.000;0.000;0.000;0.000;0.000;0.000;0.0;0.0;0;14;0.000;0.000;11.3;0;0.0;0;0;0;0;0;99;0;0;4987;0.00;0;0;0;0;0;0;0;0;0;0;0;0;0;0;0;0;14;0;99.0;99.0;0;0;0.00;0.00;0.00;0.0;0.0
143.342;151;0;99;0;0.0;19.700;1.340;24;26;0;0;100;0;100;0;0;0;0;88;88;0;0.000;0.000;0.000;0.000;0.000;0.000;0.0;0.0;0;14;0.000;0.000;11.3;0;0.0;0;0;0;0;0;99;0;0;4987;0.00;0;0;0;0;0;0;0;0;0;0;0;0;0;0;0;0;14;0;99.0;99.0;0;0;0.00;0.00;0.00;0.0;0.0
143.408;151;0;99;0;0.0;19.700;1.340;24;26;0;0;100;0;100;0;0;0;0;88;88;0;0.000;0.000;0.000;0.000;0.000;0.000;0.0;0.0;0;14;0.000;0.000;11.3;0;0.0;0;0;0;0;0;99;0;0;4987;0.00;0;0;0;0;0;0;0;0;0;0;0;0;0;0;0;0;14;0;99.0;99.0;0;0;0.00;0.00;0.00;0.0;0.0
143.473;151;0;99;0;0.0;19.700;1.340;24;26;0;0;100;0;100;0;0;0;0;88;88;0;0.000;0.000;0.000;0.000;0.000;0.000;0.0;0.0;0;14;0.000;0.000;11.3;0;0.0;0;0;0;0;0;99;0;0;4987;0.00;0;0;0;0;0;0;0;0;0;0;0;0;0;0;0;0;14;0;99.0;99.0;0;0;0.00;0.00;0.00;0.0;0.0
143.545;151;0;99;0;0.0;19.700;1.340;24;26;0;0;100;0;100;0;0;0;0;88;88;0;0.000;0.000;0.000;0.000;0.000;0.000;0.0;0.0;0;14;0.000;0.000;11.3;0;0.0;0;0;0;0;0;99;0;0;4987;0.00;0;0;0;0;0;0;0;0;0;0;0;0;0;0;0;0;14;0;99.0;99.0;0;0;0.00;0.00;0.00;0.0;0.0
143.612;151;0;99;0;0.0;19.700;1.340;24;26;0;0;100;0;100;0;0;0;0;88;88;0;0.000;0.000;0.000;0.000;0.000;0.000;0.0;0.0;0;14;0.000;0.000;11.3;0;0.0;0;0;0;0;0;99;0;0;4987;0.00;0;0;0;0;0;0;0;0;0;0;0;0;0;0;0;0;14;0;99.0;99.0;0;0;0.00;0.00;0.00;0.0;0.0
143.678;151;0;99;0;0.0;19.700;1.340;24;26;0;0;100;0;100;0;0;0;0;88;88;0;0.000;0.000;0.000;0.000;0.000;0.000;0.0;0.0;0;14;0.000;0.000;11.3;0;0.0;0;0;0;0;0;99;0;0;4987;0.00;0;0;0;0;0;0;0;0;0;0;0;0;0;0;0;0;14;0;99.0;99.0;0;0;0.00;0.00;0.00;0.0;0.0
143.743;151;0;99;0;0.0;19.700;1.340;24;26;0;0;100;0;100;0;0;0;0;88;88;0;0.000;0.000;0.000;0.000;0.000;0.000;0.0;0.0;0;14;0.000;0.000;11.3;0;0.0;0;0;0;0;0;99;0;0;4987;0.00;0;0;0;0;0;0;0;0;0;0;0;0;0;0;0;0;14;0;99.0;99.0;0;0;0.00;0.00;0.00;0.0;0.0
143.808;151;0;99;0;0.0;19.700;1.340;24;26;0;0;100;0;100;0;0;0;0;88;88;0;0.000;0.000;0.000;0.000;0.000;0.000;0.0;0.0;0;14;0.000;0.000;11.3;0;0.0;0;0;0;0;0;99;0;0;4987;0.00;0;0;0;0;0;0;0;0;0;0;0;0;0;0;0;0;14;0;99.0;99.0;0;0;0.00;0.00;0.00;0.0;0.0
143.874;151;0;99;0;0.0;19.700;1.340;24;26;0;0;100;0;100;0;0;0;0;88;88;0;0.000;0.000;0.000;0.000;0.000;0.000;0.0;0.0;0;14;0.000;0.000;11.3;0;0.0;0;0;0;0;0;99;0;0;4987;0.00;0;0;0;0;0;0;0;0;0;0;0;0;0;0;0;0;14;0;99.0;99.0;0;0;0.00;0.00;0.00;0.0;0.0
143.940;151;0;99;0;0.0;19.700;1.340;24;26;0;0;100;0;100;0;0;0;0;88;88;0;0.000;0.000;0.000;0.000;0.000;0.000;0.0;0.0;0;14;0.000;0.000;11.3;0;0.0;0;0;0;0;0;99;0;0;4987;0.00;0;0;0;0;0;0;0;0;0;0;0;0;0;0;0;0;14;0;99.0;99.0;0;0;0.00;0.00;0.00;0.0;0.0
144.005;151;0;99;0;0.0;19.700;1.340;24;26;0;0;100;0;100;0;0;0;0;88;88;0;0.000;0.000;0.000;0.000;0.000;0.000;0.0;0.0;0;14;0.000;0.000;11.3;0;0.0;0;0;0;0;0;99;0;0;4987;0.00;0;0;0;0;0;0;0;0;0;0;0;0;0;0;0;0;14;0;99.0;99.0;0;0;0.00;0.00;0.00;0.0;0.0
144.076;151;0;99;0;0.0;19.700;1.340;24;26;0;0;100;0;100;0;0;0;0;88;88;0;0.000;0.000;0.000;0.000;0.000;0.000;0.0;0.0;0;14;0.000;0.000;11.3;0;0.0;0;0;0;0;0;99;0;0;4987;0.00;0;0;0;0;0;0;0;0;0;0;0;0;0;0;0;0;14;0;99.0;99.0;0;0;0.00;0.00;0.00;0.0;0.0
144.145;152;0;99;0;0.0;19.700;1.340;24;26;0;0;100;0;100;0;0;0;0;88;88;0;0.000;0.000;0.000;0.000;0.000;0.000;0.0;0.0;0;14;0.000;0.000;11.3;0;0.0;0;0;0;0;0;99;0;0;4983;0.00;0;0;0;0;0;0;0;0;0;0;0;0;0;0;0;0;14;0;99.0;99.0;0;0;0.00;0.00;0.00;0.0;0.0
144.210;152;0;99;0;0.0;19.700;1.340;24;26;0;0;100;0;100;0;0;0;0;88;88;0;0.000;0.000;0.000;0.000;0.000;0.000;0.0;0.0;0;14;0.000;0.000;11.3;0;0.0;0;0;0;0;0;99;0;0;4983;0.00;0;0;0;0;0;0;0;0;0;0;0;0;0;0;0;0;14;0;99.0;99.0;0;0;0.00;0.00;0.00;0.0;0.0
144.276;152;0;99;0;0.0;19.700;1.340;24;26;0;0;100;0;100;0;0;0;0;88;88;0;0.000;0.000;0.000;0.000;0.000;0.000;0.0;0.0;0;14;0.000;0.000;11.3;0;0.0;0;0;0;0;0;99;0;0;4983;0.00;0;0;0;0;0;0;0;0;0;0;0;0;0;0;0;0;14;0;99.0;99.0;0;0;0.00;0.00;0.00;0.0;0.0
144.345;152;0;99;0;0.0;19.700;1.340;24;26;0;0;100;0;100;0;0;0;0;88;88;0;0.000;0.000;0.000;0.000;0.000;0.000;0.0;0.0;0;14;0.000;0.000;11.3;0;0.0;0;0;0;0;0;99;0;0;4983;0.00;0;0;0;0;0;0;0;0;0;0;0;0;0;0;0;0;14;0;99.0;99.0;0;0;0.00;0.00;0.00;0.0;0.0
144.410;152;0;99;0;0.0;19.700;1.340;24;26;0;0;100;0;100;0;0;0;0;88;88;0;0.000;0.000;0.000;0.000;0.000;0.000;0.0;0.0;0;14;0.000;0.000;11.3;0;0.0;0;0;0;0;0;99;0;0;4983;0.00;0;0;0;0;0;0;0;0;0;0;0;0;0;0;0;0;14;0;99.0;99.0;0;0;0.00;0.00;0.00;0.0;0.0
144.477;152;0;99;0;0.0;19.700;1.340;24;26;0;0;100;0;100;0;0;0;0;88;88;0;0.000;0.000;0.000;0.000;0.000;0.000;0.0;0.0;0;14;0.000;0.000;11.3;0;0.0;0;0;0;0;0;99;0;0;4983;0.00;0;0;0;0;0;0;0;0;0;0;0;0;0;0;0;0;14;0;99.0;99.0;0;0;0.00;0.00;0.00;0.0;0.0
144.543;152;0;99;0;0.0;19.700;1.340;24;26;0;0;100;0;100;0;0;0;0;88;88;0;0.000;0.000;0.000;0.000;0.000;0.000;0.0;0.0;0;14;0.000;0.000;11.3;0;0.0;0;0;0;0;0;99;0;0;4983;0.00;0;0;0;0;0;0;0;0;0;0;0;0;0;0;0;0;14;0;99.0;99.0;0;0;0.00;0.00;0.00;0.0;0.0
144.612;152;0;99;0;0.0;19.700;1.340;24;26;0;0;100;0;100;0;0;0;0;88;88;0;0.000;0.000;0.000;0.000;0.000;0.000;0.0;0.0;0;14;0.000;0.000;11.3;0;0.0;0;0;0;0;0;99;0;0;4983;0.00;0;0;0;0;0;0;0;0;0;0;0;0;0;0;0;0;14;0;99.0;99.0;0;0;0.00;0.00;0.00;0.0;0.0
144.678;152;0;98;0;0.0;19.700;1.340;24;26;0;0;100;0;100;0;0;0;0;88;88;0;0.000;0.000;0.000;0.000;0.000;0.000;0.0;0.0;0;15;0.000;0.000;11.3;0;-0.1;0;0;0;0;0;99;0;0;4983;0.00;0;0;0;0;0;0;0;0;0;0;0;0;0;0;0;0;15;0;98.0;98.0;0;0;0.00;0.00;0.00;0.0;0.0
144.743;152;0;99;0;0.0;19.700;1.340;24;26;0;0;100;0;100;0;0;0;0;88;88;0;0.000;0.000;0.000;0.000;0.000;0.000;0.0;0.0;0;14;0.000;0.000;11.3;0;0.0;0;0;0;0;0;99;0;0;4983;0.00;0;0;0;0;0;0;0;0;0;0;0;0;0;0;0;0;14;0;99.0;99.0;0;0;0.00;0.00;0.00;0.0;0.0
144.810;152;0;99;0;0.0;19.700;1.340;24;26;0;0;100;0;100;0;0;0;0;88;88;0;0.000;0.000;0.000;0.000;0.000;0.000;0.0;0.0;0;14;0.000;0.000;11.3;0;0.0;0;0;0;0;0;99;0;0;4983;0.00;0;0;0;0;0;0;0;0;0;0;0;0;0;0;0;0;14;0;99.0;99.0;0;0;0.00;0.00;0.00;0.0;0.0
144.878;152;0;99;0;0.0;19.700;1.340;24;26;0;0;100;0;100;0;0;0;0;88;88;0;0.000;0.000;0.000;0.000;0.000;0.000;0.0;0.0;0;14;0.000;0.000;11.3;0;0.0;0;0;0;0;0;99;0;0;4983;0.00;0;0;0;0;0;0;0;0;0;0;0;0;0;0;0;0;14;0;99.0;99.0;0;0;0.00;0.00;0.00;0.0;0.0
144.944;152;0;99;0;0.0;19.700;1.340;24;26;0;0;100;0;100;0;0;0;0;88;88;0;0.000;0.000;0.000;0.000;0.000;0.000;0.0;0.0;0;14;0.000;0.000;11.3;0;0.0;0;0;0;0;0;99;0;0;4983;0.00;0;0;0;0;0;0;0;0;0;0;0;0;0;0;0;0;14;0;99.0;99.0;0;0;0.00;0.00;0.00;0.0;0.0
145.010;152;0;99;0;0.0;19.700;1.340;24;26;0;0;100;0;100;0;0;0;0;88;88;0;0.000;0.000;0.000;0.000;0.000;0.000;0.0;0.0;0;14;0.000;0.000;11.3;0;0.0;0;0;0;0;0;99;0;0;4983;0.00;0;0;0;0;0;0;0;0;0;0;0;0;0;0;0;0;14;0;99.0;99.0;0;0;0.00;0.00;0.00;0.0;0.0
145.075;152;0;99;0;0.0;19.700;1.340;24;26;0;0;100;0;100;0;0;0;0;88;88;0;0.000;0.000;0.000;0.000;0.000;0.000;0.0;0.0;0;14;0.000;0.000;11.3;0;0.0;0;0;0;0;0;99;0;0;4983;0.00;0;0;0;0;0;0;0;0;0;0;0;0;0;0;0;0;14;0;99.0;99.0;0;0;0.00;0.00;0.00;0.0;0.0
145.144;152;0;99;0;0.0;19.700;1.340;24;26;0;0;100;0;100;0;0;0;0;88;88;0;0.000;0.000;0.000;0.000;0.000;0.000;0.0;0.0;0;14;0.000;0.000;11.3;0;0.0;0;0;0;0;0;99;0;0;4983;0.00;0;0;0;0;0;0;0;0;0;0;0;0;0;0;0;0;14;0;99.0;99.0;0;0;0.00;0.00;0.00;0.0;0.0
145.210;153;0;99;0;0.0;19.700;1.340;24;26;0;0;100;0;100;0;0;0;0;88;88;0;0.000;0.000;0.000;0.000;0.000;0.000;0.0;0.0;0;14;0.000;0.000;11.3;0;0.0;0;0;0;0;0;99;0;0;4966;0.00;0;0;0;0;0;0;0;0;0;0;0;0;0;0;0;0;14;0;99.0;99.0;0;0;0.00;0.00;0.00;0.0;0.0
145.275;153;0;99;0;0.0;19.700;1.340;24;26;0;0;100;0;100;0;0;0;0;88;88;0;0.000;0.000;0.000;0.000;0.000;0.000;0.0;0.0;0;14;0.000;0.000;11.3;0;0.0;0;0;0;0;0;99;0;0;4966;0.00;0;0;0;0;0;0;0;0;0;0;0;0;0;0;0;0;14;0;99.0;99.0;0;0;0.00;0.00;0.00;0.0;0.0
145.340;153;0;99;0;0.0;19.700;1.340;24;26;0;0;100;0;100;0;0;0;0;88;88;0;0.000;0.000;0.000;0.000;0.000;0.000;0.0;0.0;0;14;0.000;0.000;11.3;0;0.0;0;0;0;0;0;99;0;0;4966;0.00;0;0;0;0;0;0;0;0;0;0;0;0;0;0;0;0;14;0;99.0;99.0;0;0;0.00;0.00;0.00;0.0;0.0
145.410;153;0;99;0;0.0;19.700;1.340;24;26;0;0;100;0;100;0;0;0;0;88;88;0;0.000;0.000;0.000;0.000;0.000;0.000;0.0;0.0;0;14;0.000;0.000;11.3;0;0.0;0;0;0;0;0;99;0;0;4966;0.00;0;0;0;0;0;0;0;0;0;0;0;0;0;0;0;0;14;0;99.0;99.0;0;0;0.00;0.00;0.00;0.0;0.0
145.476;153;0;99;0;0.0;19.700;1.340;24;26;0;0;100;0;100;0;0;0;0;88;88;0;0.000;0.000;0.000;0.000;0.000;0.000;0.0;0.0;0;14;0.000;0.000;11.3;0;0.0;0;0;0;0;0;99;0;0;4966;0.00;0;0;0;0;0;0;0;0;0;0;0;0;0;0;0;0;14;0;99.0;99.0;0;0;0.00;0.00;0.00;0.0;0.0
145.542;153;0;99;0;0.0;19.700;1.340;24;26;0;0;100;0;100;0;0;0;0;88;88;0;0.000;0.000;0.000;0.000;0.000;0.000;0.0;0.0;0;14;0.000;0.000;11.3;0;0.0;0;0;0;0;0;99;0;0;4966;0.00;0;0;0;0;0;0;0;0;0;0;0;0;0;0;0;0;14;0;99.0;99.0;0;0;0.00;0.00;0.00;0.0;0.0
145.607;153;0;99;0;0.0;19.700;1.340;24;26;0;0;100;0;100;0;0;0;0;88;88;0;0.000;0.000;0.000;0.000;0.000;0.000;0.0;0.0;0;14;0.000;0.000;11.3;0;0.0;0;0;0;0;0;99;0;0;4966;0.00;0;0;0;0;0;0;0;0;0;0;0;0;0;0;0;0;14;0;99.0;99.0;0;0;0.00;0.00;0.00;0.0;0.0
145.677;153;0;99;0;0.0;19.700;1.340;24;26;0;0;100;0;100;0;0;0;0;88;88;0;0.000;0.000;0.000;0.000;0.000;0.000;0.0;0.0;0;14;0.000;0.000;11.3;0;0.0;0;0;0;0;0;99;0;0;4966;0.00;0;0;0;0;0;0;0;0;0;0;0;0;0;0;0;0;14;0;99.0;99.0;0;0;0.00;0.00;0.00;0.0;0.0
145.742;153;0;99;0;0.0;19.700;1.340;24;26;0;0;100;0;100;0;0;0;0;88;88;0;0.000;0.000;0.000;0.000;0.000;0.000;0.0;0.0;0;14;0.000;0.000;11.3;0;0.0;0;0;0;0;0;99;0;0;4966;0.00;0;0;0;0;0;0;0;0;0;0;0;0;0;0;0;0;14;0;99.0;99.0;0;0;0.00;0.00;0.00;0.0;0.0
145.808;153;0;99;0;0.0;19.700;1.340;24;26;0;0;100;0;100;0;0;0;0;88;88;0;0.000;0.000;0.000;0.000;0.000;0.000;0.0;0.0;0;14;0.000;0.000;11.3;0;0.0;0;0;0;0;0;99;0;0;4966;0.00;0;0;0;0;0;0;0;0;0;0;0;0;0;0;0;0;14;0;99.0;99.0;0;0;0.00;0.00;0.00;0.0;0.0
145.873;153;0;99;0;0.0;19.700;1.340;24;26;0;0;100;0;100;0;0;0;0;88;88;0;0.000;0.000;0.000;0.000;0.000;0.000;0.0;0.0;0;14;0.000;0.000;11.3;0;0.0;0;0;0;0;0;99;0;0;4966;0.00;0;0;0;0;0;0;0;0;0;0;0;0;0;0;0;0;14;0;99.0;99.0;0;0;0.00;0.00;0.00;0.0;0.0
145.943;153;0;99;0;0.0;19.700;1.340;24;26;0;0;100;0;100;0;0;0;0;88;88;0;0.000;0.000;0.000;0.000;0.000;0.000;0.0;0.0;0;14;0.000;0.000;11.3;0;0.0;0;0;0;0;0;99;0;0;4966;0.00;0;0;0;0;0;0;0;0;0;0;0;0;0;0;0;0;14;0;99.0;99.0;0;0;0.00;0.00;0.00;0.0;0.0
146.008;153;0;99;0;0.0;19.700;1.340;24;26;0;0;100;0;100;0;0;0;0;88;88;0;0.000;0.000;0.000;0.000;0.000;0.000;0.0;0.0;0;14;0.000;0.000;11.3;0;0.0;0;0;0;0;0;99;0;0;4966;0.00;0;0;0;0;0;0;0;0;0;0;0;0;0;0;0;0;14;0;99.0;99.0;0;0;0.00;0.00;0.00;0.0;0.0
146.078;153;0;99;0;0.0;19.700;1.340;24;26;0;0;100;0;100;0;0;0;0;88;88;0;0.000;0.000;0.000;0.000;0.000;0.000;0.0;0.0;0;14;0.000;0.000;11.3;0;0.0;0;0;0;0;0;99;0;0;4966;0.00;0;0;0;0;0;0;0;0;0;0;0;0;0;0;0;0;14;0;99.0;99.0;0;0;0.00;0.00;0.00;0.0;0.0
146.144;153;0;99;0;0.0;19.700;1.340;24;26;0;0;100;0;100;0;0;0;0;88;88;0;0.000;0.000;0.000;0.000;0.000;0.000;0.0;0.0;0;14;0.000;0.000;11.3;0;0.0;0;0;0;0;0;99;0;0;4966;0.00;0;0;0;0;0;0;0;0;0;0;0;0;0;0;0;0;14;0;99.0;99.0;0;0;0.00;0.00;0.00;0.0;0.0
146.209;154;0;99;0;0.0;19.700;1.340;24;26;0;0;100;0;100;0;0;0;0;88;88;0;0.000;0.000;0.000;0.000;0.000;0.000;0.0;0.0;0;14;0.000;0.000;11.3;0;0.0;0;0;0;0;0;99;0;0;4976;0.00;0;0;0;0;0;0;0;0;0;0;0;0;0;0;0;0;14;0;99.0;99.0;0;0;0.00;0.00;0.00;0.0;0.0
146.279;154;0;99;0;0.0;19.700;1.340;24;26;0;0;100;0;100;0;0;0;0;88;88;0;0.000;0.000;0.000;0.000;0.000;0.000;0.0;0.0;0;14;0.000;0.000;11.3;0;0.0;0;0;0;0;0;99;0;0;4976;0.00;0;0;0;0;0;0;0;0;0;0;0;0;0;0;0;0;14;0;99.0;99.0;0;0;0.00;0.00;0.00;0.0;0.0
146.344;154;0;99;0;0.0;19.700;1.340;24;26;0;0;100;0;100;0;0;0;0;88;88;0;0.000;0.000;0.000;0.000;0.000;0.000;0.0;0.0;0;14;0.000;0.000;11.3;0;0.0;0;0;0;0;0;99;0;0;4976;0.00;0;0;0;0;0;0;0;0;0;0;0;0;0;0;0;0;14;0;99.0;99.0;0;0;0.00;0.00;0.00;0.0;0.0
146.410;154;0;99;0;0.0;19.700;1.340;24;26;0;0;100;0;100;0;0;0;0;88;88;0;0.000;0.000;0.000;0.000;0.000;0.000;0.0;0.0;0;14;0.000;0.000;11.3;0;0.0;0;0;0;0;0;99;0;0;4976;0.00;0;0;0;0;0;0;0;0;0;0;0;0;0;0;0;0;14;0;99.0;99.0;0;0;0.00;0.00;0.00;0.0;0.0
146.475;154;0;99;0;0.0;19.700;1.340;24;26;0;0;100;0;100;0;0;0;0;88;88;0;0.000;0.000;0.000;0.000;0.000;0.000;0.0;0.0;0;14;0.000;0.000;11.3;0;0.0;0;0;0;0;0;99;0;0;4976;0.00;0;0;0;0;0;0;0;0;0;0;0;0;0;0;0;0;14;0;99.0;99.0;0;0;0.00;0.00;0.00;0.0;0.0
146.546;154;0;99;0;0.0;19.700;1.340;24;26;0;0;100;0;100;0;0;0;0;88;88;0;0.000;0.000;0.000;0.000;0.000;0.000;0.0;0.0;0;14;0.000;0.000;11.3;0;0.0;0;0;0;0;0;99;0;0;4976;0.00;0;0;0;0;0;0;0;0;0;0;0;0;0;0;0;0;14;0;99.0;99.0;0;0;0.00;0.00;0.00;0.0;0.0
146.611;154;0;99;0;0.0;19.700;1.340;24;26;0;0;100;0;100;0;0;0;0;88;88;0;0.000;0.000;0.000;0.000;0.000;0.000;0.0;0.0;0;14;0.000;0.000;11.3;0;0.0;0;0;0;0;0;99;0;0;4976;0.00;0;0;0;0;0;0;0;0;0;0;0;0;0;0;0;0;14;0;99.0;99.0;0;0;0.00;0.00;0.00;0.0;0.0
146.676;154;0;99;0;0.0;19.700;1.340;24;26;0;0;100;0;100;0;0;0;0;88;88;0;0.000;0.000;0.000;0.000;0.000;0.000;0.0;0.0;0;14;0.000;0.000;11.3;0;0.0;0;0;0;0;0;99;0;0;4976;0.00;0;0;0;0;0;0;0;0;0;0;0;0;0;0;0;0;14;0;99.0;99.0;0;0;0.00;0.00;0.00;0.0;0.0
146.743;154;0;99;0;0.0;19.700;1.340;24;26;0;0;100;0;100;0;0;0;0;88;88;0;0.000;0.000;0.000;0.000;0.000;0.000;0.0;0.0;0;14;0.000;0.000;11.3;0;0.0;0;0;0;0;0;99;0;0;4976;0.00;0;0;0;0;0;0;0;0;0;0;0;0;0;0;0;0;14;0;99.0;99.0;0;0;0.00;0.00;0.00;0.0;0.0
146.811;154;0;99;0;0.0;19.700;1.340;24;26;0;0;100;0;100;0;0;0;0;88;88;0;0.000;0.000;0.000;0.000;0.000;0.000;0.0;0.0;0;14;0.000;0.000;11.3;0;0.0;0;0;0;0;0;99;0;0;4976;0.00;0;0;0;0;0;0;0;0;0;0;0;0;0;0;0;0;14;0;99.0;99.0;0;0;0.00;0.00;0.00;0.0;0.0
146.877;154;0;99;0;0.0;19.700;1.340;24;26;0;0;100;0;100;0;0;0;0;88;88;0;0.000;0.000;0.000;0.000;0.000;0.000;0.0;0.0;0;14;0.000;0.000;11.3;0;0.0;0;0;0;0;0;99;0;0;4976;0.00;0;0;0;0;0;0;0;0;0;0;0;0;0;0;0;0;14;0;99.0;99.0;0;0;0.00;0.00;0.00;0.0;0.0
146.942;154;0;99;0;0.0;19.700;1.340;24;26;0;0;100;0;100;0;0;0;0;88;88;0;0.000;0.000;0.000;0.000;0.000;0.000;0.0;0.0;0;14;0.000;0.000;11.3;0;0.0;0;0;0;0;0;99;0;0;4976;0.00;0;0;0;0;0;0;0;0;0;0;0;0;0;0;0;0;14;0;99.0;99.0;0;0;0.00;0.00;0.00;0.0;0.0
147.008;154;0;99;0;0.0;19.700;1.340;24;26;0;0;100;0;100;0;0;0;0;88;88;0;0.000;0.000;0.000;0.000;0.000;0.000;0.0;0.0;0;14;0.000;0.000;11.3;0;0.0;0;0;0;0;0;99;0;0;4976;0.00;0;0;0;0;0;0;0;0;0;0;0;0;0;0;0;0;14;0;99.0;99.0;0;0;0.00;0.00;0.00;0.0;0.0
147.077;154;0;99;0;0.0;19.700;1.340;24;26;0;0;100;0;100;0;0;0;0;88;88;0;0.000;0.000;0.000;0.000;0.000;0.000;0.0;0.0;0;14;0.000;0.000;11.3;0;0.0;0;0;0;0;0;99;0;0;4976;0.00;0;0;0;0;0;0;0;0;0;0;0;0;0;0;0;0;14;0;99.0;99.0;0;0;0.00;0.00;0.00;0.0;0.0
147.142;154;0;99;0;0.0;19.700;1.340;24;26;0;0;100;0;100;0;0;0;0;88;88;0;0.000;0.000;0.000;0.000;0.000;0.000;0.0;0.0;0;14;0.000;0.000;11.3;0;0.0;0;0;0;0;0;99;0;0;4976;0.00;0;0;0;0;0;0;0;0;0;0;0;0;0;0;0;0;14;0;99.0;99.0;0;0;0.00;0.00;0.00;0.0;0.0
147.210;155;0;99;0;0.0;19.700;1.340;24;26;0;0;100;0;100;0;0;0;0;88;88;0;0.000;0.000;0.000;0.000;0.000;0.000;0.0;0.0;0;14;0.000;0.000;11.3;0;0.0;0;0;0;0;0;99;0;0;4984;0.00;0;0;0;0;0;0;0;0;0;0;0;0;0;0;0;0;14;0;99.0;99.0;0;0;0.00;0.00;0.00;0.0;0.0
147.278;155;0;99;0;0.0;19.700;1.340;24;26;0;0;100;0;100;0;0;0;0;88;88;0;0.000;0.000;0.000;0.000;0.000;0.000;0.0;0.0;0;14;0.000;0.000;11.3;0;0.0;0;0;0;0;0;99;0;0;4984;0.00;0;0;0;0;0;0;0;0;0;0;0;0;0;0;0;0;14;0;99.0;99.0;0;0;0.00;0.00;0.00;0.0;0.0
147.344;155;0;99;0;0.0;19.700;1.340;24;26;0;0;100;0;100;0;0;0;0;88;88;0;0.000;0.000;0.000;0.000;0.000;0.000;0.0;0.0;0;14;0.000;0.000;11.3;0;0.0;0;0;0;0;0;99;0;0;4984;0.00;0;0;0;0;0;0;0;0;0;0;0;0;0;0;0;0;14;0;99.0;99.0;0;0;0.00;0.00;0.00;0.0;0.0
147.410;155;0;99;0;0.0;19.700;1.340;24;26;0;0;100;0;100;0;0;0;0;88;88;0;0.000;0.000;0.000;0.000;0.000;0.000;0.0;0.0;0;14;0.000;0.000;11.3;0;0.0;0;0;0;0;0;99;0;0;4984;0.00;0;0;0;0;0;0;0;0;0;0;0;0;0;0;0;0;14;0;99.0;99.0;0;0;0.00;0.00;0.00;0.0;0.0
147.479;155;0;99;0;0.0;19.700;1.340;24;26;0;0;100;0;100;0;0;0;0;88;88;0;0.000;0.000;0.000;0.000;0.000;0.000;0.0;0.0;0;14;0.000;0.000;11.3;0;0.0;0;0;0;0;0;99;0;0;4984;0.00;0;0;0;0;0;0;0;0;0;0;0;0;0;0;0;0;14;0;99.0;99.0;0;0;0.00;0.00;0.00;0.0;0.0
147.544;155;0;99;0;0.0;19.700;1.340;24;26;0;0;100;0;100;0;0;0;0;88;88;0;0.000;0.000;0.000;0.000;0.000;0.000;0.0;0.0;0;14;0.000;0.000;11.3;0;0.0;0;0;0;0;0;99;0;0;4984;0.00;0;0;0;0;0;0;0;0;0;0;0;0;0;0;0;0;14;0;99.0;99.0;0;0;0.00;0.00;0.00;0.0;0.0
147.610;155;0;99;0;0.0;19.700;1.340;24;26;0;0;100;0;100;0;0;0;0;88;88;0;0.000;0.000;0.000;0.000;0.000;0.000;0.0;0.0;0;14;0.000;0.000;11.3;0;0.0;0;0;0;0;0;99;0;0;4984;0.00;0;0;0;0;0;0;0;0;0;0;0;0;0;0;0;0;14;0;99.0;99.0;0;0;0.00;0.00;0.00;0.0;0.0
147.676;155;0;99;0;0.0;19.700;1.340;24;26;0;0;100;0;100;0;0;0;0;88;88;0;0.000;0.000;0.000;0.000;0.000;0.000;0.0;0.0;0;14;0.000;0.000;11.3;0;0.0;0;0;0;0;0;99;0;0;4984;0.00;0;0;0;0;0;0;0;0;0;0;0;0;0;0;0;0;14;0;99.0;99.0;0;0;0.00;0.00;0.00;0.0;0.0
147.744;155;0;99;0;0.0;19.700;1.340;24;26;0;0;100;0;100;0;0;0;0;88;88;0;0.000;0.000;0.000;0.000;0.000;0.000;0.0;0.0;0;14;0.000;0.000;11.3;0;0.0;0;0;0;0;0;99;0;0;4984;0.00;0;0;0;0;0;0;0;0;0;0;0;0;0;0;0;0;14;0;99.0;99.0;0;0;0.00;0.00;0.00;0.0;0.0
147.810;155;0;99;0;0.0;19.700;1.340;24;26;0;0;100;0;100;0;0;0;0;88;88;0;0.000;0.000;0.000;0.000;0.000;0.000;0.0;0.0;0;14;0.000;0.000;11.3;0;0.0;0;0;0;0;0;99;0;0;4984;0.00;0;0;0;0;0;0;0;0;0;0;0;0;0;0;0;0;14;0;99.0;99.0;0;0;0.00;0.00;0.00;0.0;0.0
147.877;155;0;99;0;0.0;19.700;1.340;24;26;0;0;100;0;100;0;0;0;0;88;88;0;0.000;0.000;0.000;0.000;0.000;0.000;0.0;0.0;0;14;0.000;0.000;11.3;0;0.0;0;0;0;0;0;99;0;0;4984;0.00;0;0;0;0;0;0;0;0;0;0;0;0;0;0;0;0;14;0;99.0;99.0;0;0;0.00;0.00;0.00;0.0;0.0
147.942;155;0;99;0;0.0;19.700;1.340;24;26;0;0;100;0;100;0;0;0;0;88;88;0;0.000;0.000;0.000;0.000;0.000;0.000;0.0;0.0;0;14;0.000;0.000;11.3;0;0.0;0;0;0;0;0;99;0;0;4984;0.00;0;0;0;0;0;0;0;0;0;0;0;0;0;0;0;0;14;0;99.0;99.0;0;0;0.00;0.00;0.00;0.0;0.0
148.007;155;0;99;0;0.0;19.700;1.340;24;26;0;0;100;0;100;0;0;0;0;88;88;0;0.000;0.000;0.000;0.000;0.000;0.000;0.0;0.0;0;14;0.000;0.000;11.3;0;0.0;0;0;0;0;0;99;0;0;4984;0.00;0;0;0;0;0;0;0;0;0;0;0;0;0;0;0;0;14;0;99.0;99.0;0;0;0.00;0.00;0.00;0.0;0.0
148.072;155;0;99;0;0.0;19.700;1.340;24;26;0;0;100;0;100;0;0;0;0;88;88;0;0.000;0.000;0.000;0.000;0.000;0.000;0.0;0.0;0;14;0.000;0.000;11.3;0;0.0;0;0;0;0;0;99;0;0;4984;0.00;0;0;0;0;0;0;0;0;0;0;0;0;0;0;0;0;14;0;99.0;99.0;0;0;0.00;0.00;0.00;0.0;0.0
148.142;155;0;99;0;0.0;19.700;1.340;24;26;0;0;100;0;100;0;0;0;0;88;88;0;0.000;0.000;0.000;0.000;0.000;0.000;0.0;0.0;0;14;0.000;0.000;11.3;0;0.0;0;0;0;0;0;99;0;0;4984;0.00;0;0;0;0;0;0;0;0;0;0;0;0;0;0;0;0;14;0;99.0;99.0;0;0;0.00;0.00;0.00;0.0;0.0
148.209;156;0;99;0;0.0;19.700;1.340;24;26;0;0;100;0;100;0;0;0;0;88;88;0;0.000;0.000;0.000;0.000;0.000;0.000;0.0;0.0;0;14;0.000;0.000;11.3;0;0.0;0;0;0;0;0;99;0;0;4983;0.00;0;0;0;0;0;0;0;0;0;0;0;0;0;0;0;0;14;0;99.0;99.0;0;0;0.00;0.00;0.00;0.0;0.0
148.277;156;0;99;0;0.0;19.700;1.340;24;26;0;0;100;0;100;0;0;0;0;88;88;0;0.000;0.000;0.000;0.000;0.000;0.000;0.0;0.0;0;14;0.000;0.000;11.3;0;0.0;0;0;0;0;0;99;0;0;4983;0.00;0;0;0;0;0;0;0;0;0;0;0;0;0;0;0;0;14;0;99.0;99.0;0;0;0.00;0.00;0.00;0.0;0.0
148.343;156;0;99;0;0.0;19.700;1.340;24;26;0;0;100;0;100;0;0;0;0;88;88;0;0.000;0.000;0.000;0.000;0.000;0.000;0.0;0.0;0;14;0.000;0.000;11.3;0;0.0;0;0;0;0;0;99;0;0;4983;0.00;0;0;0;0;0;0;0;0;0;0;0;0;0;0;0;0;14;0;99.0;99.0;0;0;0.00;0.00;0.00;0.0;0.0
148.409;156;0;99;0;0.0;19.700;1.340;24;26;0;0;100;0;100;0;0;0;0;88;88;0;0.000;0.000;0.000;0.000;0.000;0.000;0.0;0.0;0;14;0.000;0.000;11.3;0;0.0;0;0;0;0;0;99;0;0;4983;0.00;0;0;0;0;0;0;0;0;0;0;0;0;0;0;0;0;14;0;99.0;99.0;0;0;0.00;0.00;0.00;0.0;0.0
148.475;156;0;99;0;0.0;19.700;1.340;24;26;0;0;100;0;100;0;0;0;0;88;88;0;0.000;0.000;0.000;0.000;0.000;0.000;0.0;0.0;0;14;0.000;0.000;11.3;0;0.0;0;0;0;0;0;99;0;0;4983;0.00;0;0;0;0;0;0;0;0;0;0;0;0;0;0;0;0;14;0;99.0;99.0;0;0;0.00;0.00;0.00;0.0;0.0
148.543;156;0;99;0;0.0;19.700;1.340;24;26;0;0;100;0;100;0;0;0;0;88;88;0;0.000;0.000;0.000;0.000;0.000;0.000;0.0;0.0;0;14;0.000;0.000;11.3;0;0.0;0;0;0;0;0;99;0;0;4983;0.00;0;0;0;0;0;0;0;0;0;0;0;0;0;0;0;0;14;0;99.0;99.0;0;0;0.00;0.00;0.00;0.0;0.0
148.608;156;0;99;0;0.0;19.700;1.340;24;26;0;0;100;0;100;0;0;0;0;88;88;0;0.000;0.000;0.000;0.000;0.000;0.000;0.0;0.0;0;14;0.000;0.000;11.3;0;0.0;0;0;0;0;0;99;0;0;4983;0.00;0;0;0;0;0;0;0;0;0;0;0;0;0;0;0;0;14;0;99.0;99.0;0;0;0.00;0.00;0.00;0.0;0.0
148.675;156;0;99;0;0.0;19.700;1.340;24;26;0;0;100;0;100;0;0;0;0;88;88;0;0.000;0.000;0.000;0.000;0.000;0.000;0.0;0.0;0;14;0.000;0.000;11.3;0;0.0;0;0;0;0;0;99;0;0;4983;0.00;0;0;0;0;0;0;0;0;0;0;0;0;0;0;0;0;14;0;99.0;99.0;0;0;0.00;0.00;0.00;0.0;0.0
148.740;156;0;99;0;0.0;19.700;1.340;24;26;0;0;100;0;100;0;0;0;0;88;88;0;0.000;0.000;0.000;0.000;0.000;0.000;0.0;0.0;0;14;0.000;0.000;11.3;0;0.0;0;0;0;0;0;99;0;0;4983;0.00;0;0;0;0;0;0;0;0;0;0;0;0;0;0;0;0;14;0;99.0;99.0;0;0;0.00;0.00;0.00;0.0;0.0
148.810;156;0;99;0;0.0;19.700;1.340;24;26;0;0;100;0;100;0;0;0;0;88;88;0;0.000;0.000;0.000;0.000;0.000;0.000;0.0;0.0;0;14;0.000;0.000;11.3;0;0.0;0;0;0;0;0;99;0;0;4983;0.00;0;0;0;0;0;0;0;0;0;0;0;0;0;0;0;0;14;0;99.0;99.0;0;0;0.00;0.00;0.00;0.0;0.0
148.876;156;0;99;0;0.0;19.700;1.340;24;26;0;0;100;0;100;0;0;0;0;88;88;0;0.000;0.000;0.000;0.000;0.000;0.000;0.0;0.0;0;14;0.000;0.000;11.3;0;0.0;0;0;0;0;0;99;0;0;4983;0.00;0;0;0;0;0;0;0;0;0;0;0;0;0;0;0;0;14;0;99.0;99.0;0;0;0.00;0.00;0.00;0.0;0.0
148.946;156;0;99;0;0.0;19.700;1.340;24;26;0;0;100;0;100;0;0;0;0;88;88;0;0.000;0.000;0.000;0.000;0.000;0.000;0.0;0.0;0;14;0.000;0.000;11.3;0;0.0;0;0;0;0;0;99;0;0;4983;0.00;0;0;0;0;0;0;0;0;0;0;0;0;0;0;0;0;14;0;99.0;99.0;0;0;0.00;0.00;0.00;0.0;0.0
149.011;156;0;99;0;0.0;19.700;1.340;24;26;0;0;100;0;100;0;0;0;0;88;88;0;0.000;0.000;0.000;0.000;0.000;0.000;0.0;0.0;0;14;0.000;0.000;11.3;0;0.0;0;0;0;0;0;99;0;0;4983;0.00;0;0;0;0;0;0;0;0;0;0;0;0;0;0;0;0;14;0;99.0;99.0;0;0;0.00;0.00;0.00;0.0;0.0
149.076;156;0;99;0;0.0;19.700;1.340;24;26;0;0;100;0;100;0;0;0;0;88;88;0;0.000;0.000;0.000;0.000;0.000;0.000;0.0;0.0;0;14;0.000;0.000;11.3;0;0.0;0;0;0;0;0;99;0;0;4983;0.00;0;0;0;0;0;0;0;0;0;0;0;0;0;0;0;0;14;0;99.0;99.0;0;0;0.00;0.00;0.00;0.0;0.0
149.142;156;0;99;0;0.0;19.700;1.340;24;26;0;0;100;0;100;0;0;0;0;88;88;0;0.000;0.000;0.000;0.000;0.000;0.000;0.0;0.0;0;14;0.000;0.000;11.3;0;0.0;0;0;0;0;0;99;0;0;4983;0.00;0;0;0;0;0;0;0;0;0;0;0;0;0;0;0;0;14;0;99.0;99.0;0;0;0.00;0.00;0.00;0.0;0.0
149.207;156;0;99;0;0.0;19.700;1.340;24;26;0;0;100;0;100;0;0;0;0;88;88;0;0.000;0.000;0.000;0.000;0.000;0.000;0.0;0.0;0;14;0.000;0.000;11.3;0;0.0;0;0;0;0;0;99;0;0;4983;0.00;0;0;0;0;0;0;0;0;0;0;0;0;0;0;0;0;14;0;99.0;99.0;0;0;0.00;0.00;0.00;0.0;0.0
149.278;157;0;99;0;0.0;19.700;1.340;24;26;0;0;100;0;100;0;0;0;0;88;88;0;0.000;0.000;0.000;0.000;0.000;0.000;0.0;0.0;0;14;0.000;0.000;11.3;0;0.0;0;0;0;0;0;99;0;0;4973;0.00;0;0;0;0;0;0;0;0;0;0;0;0;0;0;0;0;14;0;99.0;99.0;0;0;0.00;0.00;0.00;0.0;0.0
149.342;157;0;99;0;0.0;19.700;1.340;24;26;0;0;100;0;100;0;0;0;0;88;88;0;0.000;0.000;0.000;0.000;0.000;0.000;0.0;0.0;0;14;0.000;0.000;11.3;0;0.0;0;0;0;0;0;99;0;0;4973;0.00;0;0;0;0;0;0;0;0;0;0;0;0;0;0;0;0;14;0;99.0;99.0;0;0;0.00;0.00;0.00;0.0;0.0
149.412;157;0;99;0;0.0;19.700;1.340;24;26;0;0;100;0;100;0;0;0;0;88;88;0;0.000;0.000;0.000;0.000;0.000;0.000;0.0;0.0;0;14;0.000;0.000;11.3;0;0.0;0;0;0;0;0;99;0;0;4973;0.00;0;0;0;0;0;0;0;0;0;0;0;0;0;0;0;0;14;0;99.0;99.0;0;0;0.00;0.00;0.00;0.0;0.0
149.478;157;0;99;0;0.0;19.700;1.340;24;26;0;0;100;0;100;0;0;0;0;88;88;0;0.000;0.000;0.000;0.000;0.000;0.000;0.0;0.0;0;14;0.000;0.000;11.3;0;0.0;0;0;0;0;0;99;0;0;4973;0.00;0;0;0;0;0;0;0;0;0;0;0;0;0;0;0;0;14;0;99.0;99.0;0;0;0.00;0.00;0.00;0.0;0.0
149.544;157;0;99;0;0.0;19.700;1.340;24;26;0;0;100;0;100;0;0;0;0;88;88;0;0.000;0.000;0.000;0.000;0.000;0.000;0.0;0.0;0;14;0.000;0.000;11.3;0;0.0;0;0;0;0;0;99;0;0;4973;0.00;0;0;0;0;0;0;0;0;0;0;0;0;0;0;0;0;14;0;99.0;99.0;0;0;0.00;0.00;0.00;0.0;0.0
149.609;157;0;99;0;0.0;19.700;1.340;24;26;0;0;100;0;100;0;0;0;0;88;88;0;0.000;0.000;0.000;0.000;0.000;0.000;0.0;0.0;0;14;0.000;0.000;11.3;0;0.0;0;0;0;0;0;99;0;0;4973;0.00;0;0;0;0;0;0;0;0;0;0;0;0;0;0;0;0;14;0;99.0;99.0;0;0;0.00;0.00;0.00;0.0;0.0
149.678;157;0;99;0;0.0;19.700;1.340;24;26;0;0;100;0;100;0;0;0;0;88;88;0;0.000;0.000;0.000;0.000;0.000;0.000;0.0;0.0;0;14;0.000;0.000;11.3;0;0.0;0;0;0;0;0;99;0;0;4973;0.00;0;0;0;0;0;0;0;0;0;0;0;0;0;0;0;0;14;0;99.0;99.0;0;0;0.00;0.00;0.00;0.0;0.0
149.744;157;0;99;0;0.0;19.700;1.340;24;26;0;0;100;0;100;0;0;0;0;88;88;0;0.000;0.000;0.000;0.000;0.000;0.000;0.0;0.0;0;14;0.000;0.000;11.3;0;0.0;0;0;0;0;0;99;0;0;4973;0.00;0;0;0;0;0;0;0;0;0;0;0;0;0;0;0;0;14;0;99.0;99.0;0;0;0.00;0.00;0.00;0.0;0.0
149.810;157;0;99;0;0.0;19.700;1.340;24;26;0;0;100;0;100;0;0;0;0;88;88;0;0.000;0.000;0.000;0.000;0.000;0.000;0.0;0.0;0;14;0.000;0.000;11.3;0;0.0;0;0;0;0;0;99;0;0;4973;0.00;0;0;0;0;0;0;0;0;0;0;0;0;0;0;0;0;14;0;99.0;99.0;0;0;0.00;0.00;0.00;0.0;0.0
149.879;157;0;99;0;0.0;19.700;1.340;24;26;0;0;100;0;100;0;0;0;0;88;88;0;0.000;0.000;0.000;0.000;0.000;0.000;0.0;0.0;0;14;0.000;0.000;11.3;0;0.0;0;0;0;0;0;99;0;0;4973;0.00;0;0;0;0;0;0;0;0;0;0;0;0;0;0;0;0;14;0;99.0;99.0;0;0;0.00;0.00;0.00;0.0;0.0
149.944;157;0;99;0;0.0;19.700;1.340;24;26;0;0;100;0;100;0;0;0;0;88;88;0;0.000;0.000;0.000;0.000;0.000;0.000;0.0;0.0;0;14;0.000;0.000;11.3;0;0.0;0;0;0;0;0;99;0;0;4973;0.00;0;0;0;0;0;0;0;0;0;0;0;0;0;0;0;0;14;0;99.0;99.0;0;0;0.00;0.00;0.00;0.0;0.0
150.010;157;0;99;0;0.0;19.700;1.340;24;26;0;0;100;0;100;0;0;0;0;88;88;0;0.000;0.000;0.000;0.000;0.000;0.000;0.0;0.0;0;14;0.000;0.000;11.3;0;0.0;0;0;0;0;0;99;0;0;4973;0.00;0;0;0;0;0;0;0;0;0;0;0;0;0;0;0;0;14;0;99.0;99.0;0;0;0.00;0.00;0.00;0.0;0.0
150.075;157;0;99;0;0.0;19.700;1.340;24;26;0;0;100;0;100;0;0;0;0;88;88;0;0.000;0.000;0.000;0.000;0.000;0.000;0.0;0.0;0;14;0.000;0.000;11.3;0;0.0;0;0;0;0;0;99;0;0;4973;0.00;0;0;0;0;0;0;0;0;0;0;0;0;0;0;0;0;14;0;99.0;99.0;0;0;0.00;0.00;0.00;0.0;0.0
150.143;157;0;99;0;0.0;19.700;1.340;24;26;0;0;100;0;100;0;0;0;0;88;88;0;0.000;0.000;0.000;0.000;0.000;0.000;0.0;0.0;0;14;0.000;0.000;11.3;0;0.0;0;0;0;0;0;99;0;0;4973;0.00;0;0;0;0;0;0;0;0;0;0;0;0;0;0;0;0;14;0;99.0;99.0;0;0;0.00;0.00;0.00;0.0;0.0
150.210;157;0;99;0;0.0;19.700;1.340;24;26;0;0;100;0;100;0;0;0;0;88;88;0;0.000;0.000;0.000;0.000;0.000;0.000;0.0;0.0;0;14;0.000;0.000;11.3;0;0.0;0;0;0;0;0;99;0;0;4973;0.00;0;0;0;0;0;0;0;0;0;0;0;0;0;0;0;0;14;0;99.0;99.0;0;0;0.00;0.00;0.00;0.0;0.0
150.277;158;0;99;0;0.0;19.700;1.340;24;26;0;0;100;0;100;0;0;0;0;88;88;0;0.000;0.000;0.000;0.000;0.000;0.000;0.0;0.0;0;14;0.000;0.000;11.3;0;0.0;0;0;0;0;0;99;0;0;4975;0.00;0;0;0;0;0;0;0;0;0;0;0;0;0;0;0;0;14;0;99.0;99.0;0;0;0.00;0.00;0.00;0.0;0.0
150.345;158;0;99;0;0.0;19.700;1.340;24;26;0;0;100;0;100;0;0;0;0;88;88;0;0.000;0.000;0.000;0.000;0.000;0.000;0.0;0.0;0;14;0.000;0.000;11.3;0;0.0;0;0;0;0;0;99;0;0;4975;0.00;0;0;0;0;0;0;0;0;0;0;0;0;0;0;0;0;14;0;99.0;99.0;0;0;0.00;0.00;0.00;0.0;0.0
150.412;158;0;99;0;0.0;19.700;1.340;24;26;0;0;100;0;100;0;0;0;0;88;88;0;0.000;0.000;0.000;0.000;0.000;0.000;0.0;0.0;0;14;0.000;0.000;11.3;0;0.0;0;0;0;0;0;99;0;0;4975;0.00;0;0;0;0;0;0;0;0;0;0;0;0;0;0;0;0;14;0;99.0;99.0;0;0;0.00;0.00;0.00;0.0;0.0
150.477;158;0;99;0;0.0;19.700;1.340;24;26;0;0;100;0;100;0;0;0;0;88;88;0;0.000;0.000;0.000;0.000;0.000;0.000;0.0;0.0;0;14;0.000;0.000;11.3;0;0.0;0;0;0;0;0;99;0;0;4975;0.00;0;0;0;0;0;0;0;0;0;0;0;0;0;0;0;0;14;0;99.0;99.0;0;0;0.00;0.00;0.00;0.0;0.0
150.543;158;0;99;0;0.0;19.700;1.340;24;26;0;0;100;0;100;0;0;0;0;88;88;0;0.000;0.000;0.000;0.000;0.000;0.000;0.0;0.0;0;14;0.000;0.000;11.3;0;0.0;0;0;0;0;0;99;0;0;4975;0.00;0;0;0;0;0;0;0;0;0;0;0;0;0;0;0;0;14;0;99.0;99.0;0;0;0.00;0.00;0.00;0.0;0.0
150.608;158;0;99;0;0.0;19.700;1.340;24;26;0;0;100;0;100;0;0;0;0;88;88;0;0.000;0.000;0.000;0.000;0.000;0.000;0.0;0.0;0;14;0.000;0.000;11.3;0;0.0;0;0;0;0;0;99;0;0;4975;0.00;0;0;0;0;0;0;0;0;0;0;0;0;0;0;0;0;14;0;99.0;99.0;0;0;0.00;0.00;0.00;0.0;0.0
150.674;158;0;99;0;0.0;19.700;1.340;24;26;0;0;100;0;100;0;0;0;0;88;88;0;0.000;0.000;0.000;0.000;0.000;0.000;0.0;0.0;0;14;0.000;0.000;11.3;0;0.0;0;0;0;0;0;99;0;0;4975;0.00;0;0;0;0;0;0;0;0;0;0;0;0;0;0;0;0;14;0;99.0;99.0;0;0;0.00;0.00;0.00;0.0;0.0
150.743;158;0;99;0;0.0;19.700;1.340;24;26;0;0;100;0;100;0;0;0;0;88;88;0;0.000;0.000;0.000;0.000;0.000;0.000;0.0;0.0;0;14;0.000;0.000;11.3;0;0.0;0;0;0;0;0;99;0;0;4975;0.00;0;0;0;0;0;0;0;0;0;0;0;0;0;0;0;0;14;0;99.0;99.0;0;0;0.00;0.00;0.00;0.0;0.0
150.810;158;0;99;0;0.0;19.700;1.340;24;26;0;0;100;0;100;0;0;0;0;88;88;0;0.000;0.000;0.000;0.000;0.000;0.000;0.0;0.0;0;14;0.000;0.000;11.3;0;0.0;0;0;0;0;0;99;0;0;4975;0.00;0;0;0;0;0;0;0;0;0;0;0;0;0;0;0;0;14;0;99.0;99.0;0;0;0.00;0.00;0.00;0.0;0.0
150.878;158;0;99;0;0.0;19.700;1.340;24;26;0;0;100;0;100;0;0;0;0;88;88;0;0.000;0.000;0.000;0.000;0.000;0.000;0.0;0.0;0;14;0.000;0.000;11.3;0;0.0;0;0;0;0;0;99;0;0;4975;0.00;0;0;0;0;0;0;0;0;0;0;0;0;0;0;0;0;14;0;99.0;99.0;0;0;0.00;0.00;0.00;0.0;0.0
150.944;158;0;99;0;0.0;19.700;1.340;24;26;0;0;100;0;100;0;0;0;0;88;88;0;0.000;0.000;0.000;0.000;0.000;0.000;0.0;0.0;0;14;0.000;0.000;11.3;0;0.0;0;0;0;0;0;99;0;0;4975;0.00;0;0;0;0;0;0;0;0;0;0;0;0;0;0;0;0;14;0;99.0;99.0;0;0;0.00;0.00;0.00;0.0;0.0
151.010;158;0;99;0;0.0;19.700;1.340;24;26;0;0;100;0;100;0;0;0;0;88;88;0;0.000;0.000;0.000;0.000;0.000;0.000;0.0;0.0;0;14;0.000;0.000;11.3;0;0.0;0;0;0;0;0;99;0;0;4975;0.00;0;0;0;0;0;0;0;0;0;0;0;0;0;0;0;0;14;0;99.0;99.0;0;0;0.00;0.00;0.00;0.0;0.0
151.079;158;0;99;0;0.0;19.700;1.340;24;26;0;0;100;0;100;0;0;0;0;88;88;0;0.000;0.000;0.000;0.000;0.000;0.000;0.0;0.0;0;14;0.000;0.000;11.3;0;0.0;0;0;0;0;0;99;0;0;4975;0.00;0;0;0;0;0;0;0;0;0;0;0;0;0;0;0;0;14;0;99.0;99.0;0;0;0.00;0.00;0.00;0.0;0.0
151.145;158;0;99;0;0.0;19.700;1.340;24;26;0;0;100;0;100;0;0;0;0;88;88;0;0.000;0.000;0.000;0.000;0.000;0.000;0.0;0.0;0;14;0.000;0.000;11.3;0;0.0;0;0;0;0;0;99;0;0;4975;0.00;0;0;0;0;0;0;0;0;0;0;0;0;0;0;0;0;14;0;99.0;99.0;0;0;0.00;0.00;0.00;0.0;0.0
151.210;158;0;99;0;0.0;19.700;1.340;24;26;0;0;100;0;100;0;0;0;0;88;88;0;0.000;0.000;0.000;0.000;0.000;0.000;0.0;0.0;0;14;0.000;0.000;11.3;0;0.0;0;0;0;0;0;99;0;0;4975;0.00;0;0;0;0;0;0;0;0;0;0;0;0;0;0;0;0;14;0;99.0;99.0;0;0;0.00;0.00;0.00;0.0;0.0
151.275;159;0;98;0;0.0;19.700;1.340;24;26;0;0;100;0;100;0;0;0;0;88;88;0;0.000;0.000;0.000;0.000;0.000;0.000;0.0;0.0;0;15;0.000;0.000;11.3;0;-0.1;0;0;0;0;0;99;0;0;4985;0.00;0;0;0;0;0;0;0;0;0;0;0;0;0;0;0;0;15;0;98.0;98.0;0;0;0.00;0.00;0.00;0.0;0.0
151.342;159;0;99;0;0.0;19.700;1.340;24;26;0;0;100;0;100;0;0;0;0;88;88;0;0.000;0.000;0.000;0.000;0.000;0.000;0.0;0.0;0;14;0.000;0.000;11.3;0;0.0;0;0;0;0;0;99;0;0;4985;0.00;0;0;0;0;0;0;0;0;0;0;0;0;0;0;0;0;14;0;99.0;99.0;0;0;0.00;0.00;0.00;0.0;0.0
151.406;159;0;99;0;0.0;19.700;1.340;24;26;0;0;100;0;100;0;0;0;0;88;88;0;0.000;0.000;0.000;0.000;0.000;0.000;0.0;0.0;0;14;0.000;0.000;11.3;0;0.0;0;0;0;0;0;99;0;0;4985;0.00;0;0;0;0;0;0;0;0;0;0;0;0;0;0;0;0;14;0;99.0;99.0;0;0;0.00;0.00;0.00;0.0;0.0
151.476;159;0;99;0;0.0;19.700;1.340;24;26;0;0;100;0;100;0;0;0;0;88;88;0;0.000;0.000;0.000;0.000;0.000;0.000;0.0;0.0;0;14;0.000;0.000;11.3;0;0.0;0;0;0;0;0;99;0;0;4985;0.00;0;0;0;0;0;0;0;0;0;0;0;0;0;0;0;0;14;0;99.0;99.0;0;0;0.00;0.00;0.00;0.0;0.0
151.542;159;0;99;0;0.0;19.700;1.340;24;26;0;0;100;0;100;0;0;0;0;88;88;0;0.000;0.000;0.000;0.000;0.000;0.000;0.0;0.0;0;14;0.000;0.000;11.3;0;0.0;0;0;0;0;0;99;0;0;4985;0.00;0;0;0;0;0;0;0;0;0;0;0;0;0;0;0;0;14;0;99.0;99.0;0;0;0.00;0.00;0.00;0.0;0.0
151.608;159;0;99;0;0.0;19.700;1.340;24;26;0;0;100;0;100;0;0;0;0;88;88;0;0.000;0.000;0.000;0.000;0.000;0.000;0.0;0.0;0;14;0.000;0.000;11.3;0;0.0;0;0;0;0;0;99;0;0;4985;0.00;0;0;0;0;0;0;0;0;0;0;0;0;0;0;0;0;14;0;99.0;99.0;0;0;0.00;0.00;0.00;0.0;0.0
151.677;159;0;99;0;0.0;19.700;1.340;24;26;0;0;100;0;100;0;0;0;0;88;88;0;0.000;0.000;0.000;0.000;0.000;0.000;0.0;0.0;0;14;0.000;0.000;11.3;0;0.0;0;0;0;0;0;99;0;0;4985;0.00;0;0;0;0;0;0;0;0;0;0;0;0;0;0;0;0;14;0;99.0;99.0;0;0;0.00;0.00;0.00;0.0;0.0
151.742;159;0;99;0;0.0;19.700;1.340;24;26;0;0;100;0;100;0;0;0;0;88;88;0;0.000;0.000;0.000;0.000;0.000;0.000;0.0;0.0;0;14;0.000;0.000;11.3;0;0.0;0;0;0;0;0;99;0;0;4985;0.00;0;0;0;0;0;0;0;0;0;0;0;0;0;0;0;0;14;0;99.0;99.0;0;0;0.00;0.00;0.00;0.0;0.0
151.808;159;0;99;0;0.0;19.700;1.340;24;26;0;0;100;0;100;0;0;0;0;88;88;0;0.000;0.000;0.000;0.000;0.000;0.000;0.0;0.0;0;14;0.000;0.000;11.3;0;0.0;0;0;0;0;0;99;0;0;4985;0.00;0;0;0;0;0;0;0;0;0;0;0;0;0;0;0;0;14;0;99.0;99.0;0;0;0.00;0.00;0.00;0.0;0.0
151.879;159;0;99;0;0.0;19.700;1.340;24;26;0;0;100;0;100;0;0;0;0;88;88;0;0.000;0.000;0.000;0.000;0.000;0.000;0.0;0.0;0;14;0.000;0.000;11.3;0;0.0;0;0;0;0;0;99;0;0;4985;0.00;0;0;0;0;0;0;0;0;0;0;0;0;0;0;0;0;14;0;99.0;99.0;0;0;0.00;0.00;0.00;0.0;0.0
151.944;159;0;99;0;0.0;19.700;1.340;24;26;0;0;100;0;100;0;0;0;0;88;88;0;0.000;0.000;0.000;0.000;0.000;0.000;0.0;0.0;0;14;0.000;0.000;11.3;0;0.0;0;0;0;0;0;99;0;0;4985;0.00;0;0;0;0;0;0;0;0;0;0;0;0;0;0;0;0;14;0;99.0;99.0;0;0;0.00;0.00;0.00;0.0;0.0
152.009;159;0;99;0;0.0;19.700;1.340;24;26;0;0;100;0;100;0;0;0;0;88;88;0;0.000;0.000;0.000;0.000;0.000;0.000;0.0;0.0;0;14;0.000;0.000;11.3;0;0.0;0;0;0;0;0;99;0;0;4985;0.00;0;0;0;0;0;0;0;0;0;0;0;0;0;0;0;0;14;0;99.0;99.0;0;0;0.00;0.00;0.00;0.0;0.0
152.078;159;0;99;0;0.0;19.700;1.340;24;26;0;0;100;0;100;0;0;0;0;88;88;0;0.000;0.000;0.000;0.000;0.000;0.000;0.0;0.0;0;14;0.000;0.000;11.3;0;0.0;0;0;0;0;0;99;0;0;4985;0.00;0;0;0;0;0;0;0;0;0;0;0;0;0;0;0;0;14;0;99.0;99.0;0;0;0.00;0.00;0.00;0.0;0.0
152.144;159;0;99;0;0.0;19.700;1.340;24;26;0;0;100;0;100;0;0;0;0;88;88;0;0.000;0.000;0.000;0.000;0.000;0.000;0.0;0.0;0;14;0.000;0.000;11.3;0;0.0;0;0;0;0;0;99;0;0;4985;0.00;0;0;0;0;0;0;0;0;0;0;0;0;0;0;0;0;14;0;99.0;99.0;0;0;0.00;0.00;0.00;0.0;0.0
152.210;159;0;99;0;0.0;19.700;1.340;24;26;0;0;100;0;100;0;0;0;0;88;88;0;0.000;0.000;0.000;0.000;0.000;0.000;0.0;0.0;0;14;0.000;0.000;11.3;0;0.0;0;0;0;0;0;99;0;0;4985;0.00;0;0;0;0;0;0;0;0;0;0;0;0;0;0;0;0;14;0;99.0;99.0;0;0;0.00;0.00;0.00;0.0;0.0
152.278;160;0;99;0;0.0;19.700;1.340;24;26;0;0;100;0;100;0;0;0;0;88;88;0;0.000;0.000;0.000;0.000;0.000;0.000;0.0;0.0;0;14;0.000;0.000;11.3;0;0.0;0;0;0;0;0;99;0;0;4989;0.00;0;0;0;0;0;0;0;0;0;0;0;0;0;0;0;0;14;0;99.0;99.0;0;0;0.00;0.00;0.00;0.0;0.0
152.344;160;0;99;0;0.0;19.700;1.340;24;26;0;0;100;0;100;0;0;0;0;88;88;0;0.000;0.000;0.000;0.000;0.000;0.000;0.0;0.0;0;14;0.000;0.000;11.3;0;0.0;0;0;0;0;0;99;0;0;4989;0.00;0;0;0;0;0;0;0;0;0;0;0;0;0;0;0;0;14;0;99.0;99.0;0;0;0.00;0.00;0.00;0.0;0.0
152.411;160;0;99;0;0.0;19.700;1.340;24;26;0;0;100;0;100;0;0;0;0;88;88;0;0.000;0.000;0.000;0.000;0.000;0.000;0.0;0.0;0;14;0.000;0.000;11.3;0;0.0;0;0;0;0;0;99;0;0;4989;0.00;0;0;0;0;0;0;0;0;0;0;0;0;0;0;0;0;14;0;99.0;99.0;0;0;0.00;0.00;0.00;0.0;0.0
152.476;160;0;99;0;0.0;19.700;1.340;24;26;0;0;100;0;100;0;0;0;0;88;88;0;0.000;0.000;0.000;0.000;0.000;0.000;0.0;0.0;0;14;0.000;0.000;11.3;0;0.0;0;0;0;0;0;99;0;0;4989;0.00;0;0;0;0;0;0;0;0;0;0;0;0;0;0;0;0;14;0;99.0;99.0;0;0;0.00;0.00;0.00;0.0;0.0
152.541;160;0;99;0;0.0;19.700;1.340;24;26;0;0;100;0;100;0;0;0;0;88;88;0;0.000;0.000;0.000;0.000;0.000;0.000;0.0;0.0;0;14;0.000;0.000;11.3;0;0.0;0;0;0;0;0;99;0;0;4989;0.00;0;0;0;0;0;0;0;0;0;0;0;0;0;0;0;0;14;0;99.0;99.0;0;0;0.00;0.00;0.00;0.0;0.0
152.610;160;0;99;0;0.0;19.700;1.340;24;26;0;0;100;0;100;0;0;0;0;88;88;0;0.000;0.000;0.000;0.000;0.000;0.000;0.0;0.0;0;14;0.000;0.000;11.3;0;0.0;0;0;0;0;0;99;0;0;4989;0.00;0;0;0;0;0;0;0;0;0;0;0;0;0;0;0;0;14;0;99.0;99.0;0;0;0.00;0.00;0.00;0.0;0.0
152.676;160;0;99;0;0.0;19.700;1.340;24;26;0;0;100;0;100;0;0;0;0;88;88;0;0.000;0.000;0.000;0.000;0.000;0.000;0.0;0.0;0;14;0.000;0.000;11.3;0;0.0;0;0;0;0;0;99;0;0;4989;0.00;0;0;0;0;0;0;0;0;0;0;0;0;0;0;0;0;14;0;99.0;99.0;0;0;0.00;0.00;0.00;0.0;0.0
152.743;160;0;99;0;0.0;19.700;1.340;24;26;0;0;100;0;100;0;0;0;0;88;88;0;0.000;0.000;0.000;0.000;0.000;0.000;0.0;0.0;0;14;0.000;0.000;11.3;0;0.0;0;0;0;0;0;99;0;0;4989;0.00;0;0;0;0;0;0;0;0;0;0;0;0;0;0;0;0;14;0;99.0;99.0;0;0;0.00;0.00;0.00;0.0;0.0
152.811;160;0;99;0;0.0;19.700;1.340;24;26;0;0;100;0;100;0;0;0;0;88;88;0;0.000;0.000;0.000;0.000;0.000;0.000;0.0;0.0;0;14;0.000;0.000;11.3;0;0.0;0;0;0;0;0;99;0;0;4989;0.00;0;0;0;0;0;0;0;0;0;0;0;0;0;0;0;0;14;0;99.0;99.0;0;0;0.00;0.00;0.00;0.0;0.0
152.877;160;0;99;0;0.0;19.700;1.340;24;26;0;0;100;0;100;0;0;0;0;88;88;0;0.000;0.000;0.000;0.000;0.000;0.000;0.0;0.0;0;14;0.000;0.000;11.3;0;0.0;0;0;0;0;0;99;0;0;4989;0.00;0;0;0;0;0;0;0;0;0;0;0;0;0;0;0;0;14;0;99.0;99.0;0;0;0.00;0.00;0.00;0.0;0.0
152.942;160;0;99;0;0.0;19.700;1.340;24;26;0;0;100;0;100;0;0;0;0;88;88;0;0.000;0.000;0.000;0.000;0.000;0.000;0.0;0.0;0;14;0.000;0.000;11.3;0;0.0;0;0;0;0;0;99;0;0;4989;0.00;0;0;0;0;0;0;0;0;0;0;0;0;0;0;0;0;14;0;99.0;99.0;0;0;0.00;0.00;0.00;0.0;0.0
153.009;160;0;99;0;0.0;19.700;1.340;24;26;0;0;100;0;100;0;0;0;0;88;88;0;0.000;0.000;0.000;0.000;0.000;0.000;0.0;0.0;0;14;0.000;0.000;11.3;0;0.0;0;0;0;0;0;99;0;0;4989;0.00;0;0;0;0;0;0;0;0;0;0;0;0;0;0;0;0;14;0;99.0;99.0;0;0;0.00;0.00;0.00;0.0;0.0
153.077;160;0;99;0;0.0;19.700;1.340;24;26;0;0;100;0;100;0;0;0;0;88;88;0;0.000;0.000;0.000;0.000;0.000;0.000;0.0;0.0;0;14;0.000;0.000;11.3;0;0.0;0;0;0;0;0;99;0;0;4989;0.00;0;0;0;0;0;0;0;0;0;0;0;0;0;0;0;0;14;0;99.0;99.0;0;0;0.00;0.00;0.00;0.0;0.0
153.144;160;0;99;0;0.0;19.700;1.340;24;26;0;0;100;0;100;0;0;0;0;88;88;0;0.000;0.000;0.000;0.000;0.000;0.000;0.0;0.0;0;14;0.000;0.000;11.3;0;0.0;0;0;0;0;0;99;0;0;4989;0.00;0;0;0;0;0;0;0;0;0;0;0;0;0;0;0;0;14;0;99.0;99.0;0;0;0.00;0.00;0.00;0.0;0.0
153.213;160;0;99;0;0.0;19.700;1.340;24;26;0;0;100;0;100;0;0;0;0;88;88;0;0.000;0.000;0.000;0.000;0.000;0.000;0.0;0.0;0;14;0.000;0.000;11.3;0;0.0;0;0;0;0;0;99;0;0;4989;0.00;0;0;0;0;0;0;0;0;0;0;0;0;0;0;0;0;14;0;99.0;99.0;0;0;0.00;0.00;0.00;0.0;0.0
153.279;161;0;99;0;0.0;19.700;1.340;24;26;0;0;100;0;100;0;0;0;0;88;88;0;0.000;0.000;0.000;0.000;0.000;0.000;0.0;0.0;0;14;0.000;0.000;11.3;0;0.0;0;0;0;0;0;99;0;0;4987;0.00;0;0;0;0;0;0;0;0;0;0;0;0;0;0;0;0;14;0;99.0;99.0;0;0;0.00;0.00;0.00;0.0;0.0
153.345;161;0;99;0;0.0;19.700;1.340;24;26;0;0;100;0;100;0;0;0;0;88;88;0;0.000;0.000;0.000;0.000;0.000;0.000;0.0;0.0;0;14;0.000;0.000;11.3;0;0.0;0;0;0;0;0;99;0;0;4987;0.00;0;0;0;0;0;0;0;0;0;0;0;0;0;0;0;0;14;0;99.0;99.0;0;0;0.00;0.00;0.00;0.0;0.0
153.413;161;0;99;0;0.0;19.700;1.340;24;26;0;0;100;0;100;0;0;0;0;88;88;0;0.000;0.000;0.000;0.000;0.000;0.000;0.0;0.0;0;14;0.000;0.000;11.3;0;0.0;0;0;0;0;0;99;0;0;4987;0.00;0;0;0;0;0;0;0;0;0;0;0;0;0;0;0;0;14;0;99.0;99.0;0;0;0.00;0.00;0.00;0.0;0.0
153.479;161;0;99;0;0.0;19.700;1.340;24;26;0;0;100;0;100;0;0;0;0;88;88;0;0.000;0.000;0.000;0.000;0.000;0.000;0.0;0.0;0;14;0.000;0.000;11.3;0;0.0;0;0;0;0;0;99;0;0;4987;0.00;0;0;0;0;0;0;0;0;0;0;0;0;0;0;0;0;14;0;99.0;99.0;0;0;0.00;0.00;0.00;0.0;0.0
153.544;161;0;99;0;0.0;19.700;1.340;24;26;0;0;100;0;100;0;0;0;0;88;88;0;0.000;0.000;0.000;0.000;0.000;0.000;0.0;0.0;0;14;0.000;0.000;11.3;0;0.0;0;0;0;0;0;99;0;0;4987;0.00;0;0;0;0;0;0;0;0;0;0;0;0;0;0;0;0;14;0;99.0;99.0;0;0;0.00;0.00;0.00;0.0;0.0
153.610;161;0;99;0;0.0;19.700;1.340;24;26;0;0;100;0;100;0;0;0;0;88;88;0;0.000;0.000;0.000;0.000;0.000;0.000;0.0;0.0;0;14;0.000;0.000;11.3;0;0.0;0;0;0;0;0;99;0;0;4987;0.00;0;0;0;0;0;0;0;0;0;0;0;0;0;0;0;0;14;0;99.0;99.0;0;0;0.00;0.00;0.00;0.0;0.0
153.679;161;0;99;0;0.0;19.700;1.340;24;26;0;0;100;0;100;0;0;0;0;88;88;0;0.000;0.000;0.000;0.000;0.000;0.000;0.0;0.0;0;14;0.000;0.000;11.3;0;0.0;0;0;0;0;0;99;0;0;4987;0.00;0;0;0;0;0;0;0;0;0;0;0;0;0;0;0;0;14;0;99.0;99.0;0;0;0.00;0.00;0.00;0.0;0.0
153.745;161;0;99;0;0.0;19.700;1.340;24;26;0;0;100;0;100;0;0;0;0;88;88;0;0.000;0.000;0.000;0.000;0.000;0.000;0.0;0.0;0;14;0.000;0.000;11.3;0;0.0;0;0;0;0;0;99;0;0;4987;0.00;0;0;0;0;0;0;0;0;0;0;0;0;0;0;0;0;14;0;99.0;99.0;0;0;0.00;0.00;0.00;0.0;0.0
153.811;161;0;99;0;0.0;19.700;1.340;24;26;0;0;100;0;100;0;0;0;0;88;88;0;0.000;0.000;0.000;0.000;0.000;0.000;0.0;0.0;0;14;0.000;0.000;11.3;0;0.0;0;0;0;0;0;99;0;0;4987;0.00;0;0;0;0;0;0;0;0;0;0;0;0;0;0;0;0;14;0;99.0;99.0;0;0;0.00;0.00;0.00;0.0;0.0
153.876;161;0;99;0;0.0;19.700;1.340;24;26;0;0;100;0;100;0;0;0;0;88;88;0;0.000;0.000;0.000;0.000;0.000;0.000;0.0;0.0;0;14;0.000;0.000;11.3;0;0.0;0;0;0;0;0;99;0;0;4987;0.00;0;0;0;0;0;0;0;0;0;0;0;0;0;0;0;0;14;0;99.0;99.0;0;0;0.00;0.00;0.00;0.0;0.0
153.942;161;0;99;0;0.0;19.700;1.340;24;26;0;0;100;0;100;0;0;0;0;88;88;0;0.000;0.000;0.000;0.000;0.000;0.000;0.0;0.0;0;14;0.000;0.000;11.3;0;0.0;0;0;0;0;0;99;0;0;4987;0.00;0;0;0;0;0;0;0;0;0;0;0;0;0;0;0;0;14;0;99.0;99.0;0;0;0.00;0.00;0.00;0.0;0.0
154.008;161;0;99;0;0.0;19.700;1.340;24;26;0;0;100;0;100;0;0;0;0;88;88;0;0.000;0.000;0.000;0.000;0.000;0.000;0.0;0.0;0;14;0.000;0.000;11.3;0;0.0;0;0;0;0;0;99;0;0;4987;0.00;0;0;0;0;0;0;0;0;0;0;0;0;0;0;0;0;14;0;99.0;99.0;0;0;0.00;0.00;0.00;0.0;0.0
154.073;161;0;99;0;0.0;19.700;1.340;24;26;0;0;100;0;100;0;0;0;0;88;88;0;0.000;0.000;0.000;0.000;0.000;0.000;0.0;0.0;0;14;0.000;0.000;11.3;0;0.0;0;0;0;0;0;99;0;0;4987;0.00;0;0;0;0;0;0;0;0;0;0;0;0;0;0;0;0;14;0;99.0;99.0;0;0;0.00;0.00;0.00;0.0;0.0
154.143;161;0;99;0;0.0;19.700;1.340;24;26;0;0;100;0;100;0;0;0;0;88;88;0;0.000;0.000;0.000;0.000;0.000;0.000;0.0;0.0;0;14;0.000;0.000;11.3;0;0.0;0;0;0;0;0;99;0;0;4987;0.00;0;0;0;0;0;0;0;0;0;0;0;0;0;0;0;0;14;0;99.0;99.0;0;0;0.00;0.00;0.00;0.0;0.0
154.208;161;0;99;0;0.0;19.700;1.340;24;26;0;0;100;0;100;0;0;0;0;88;88;0;0.000;0.000;0.000;0.000;0.000;0.000;0.0;0.0;0;14;0.000;0.000;11.3;0;0.0;0;0;0;0;0;99;0;0;4987;0.00;0;0;0;0;0;0;0;0;0;0;0;0;0;0;0;0;14;0;99.0;99.0;0;0;0.00;0.00;0.00;0.0;0.0
154.273;161;0;99;0;0.0;19.700;1.340;24;26;0;0;100;0;100;0;0;0;0;88;88;0;0.000;0.000;0.000;0.000;0.000;0.000;0.0;0.0;0;14;0.000;0.000;11.3;0;0.0;0;0;0;0;0;99;0;0;4987;0.00;0;0;0;0;0;0;0;0;0;0;0;0;0;0;0;0;14;0;99.0;99.0;0;0;0.00;0.00;0.00;0.0;0.0
154.339;162;0;99;0;0.0;19.700;1.340;24;26;0;0;100;0;100;0;0;0;0;88;88;0;0.000;0.000;0.000;0.000;0.000;0.000;0.0;0.0;0;14;0.000;0.000;11.3;0;0.0;0;0;0;0;0;99;0;0;4959;0.00;0;0;0;0;0;0;0;0;0;0;0;0;0;0;0;0;14;0;99.0;99.0;0;0;0.00;0.00;0.00;0.0;0.0
154.409;162;0;99;0;0.0;19.700;1.340;24;26;0;0;100;0;100;0;0;0;0;88;88;0;0.000;0.000;0.000;0.000;0.000;0.000;0.0;0.0;0;14;0.000;0.000;11.3;0;0.0;0;0;0;0;0;99;0;0;4959;0.00;0;0;0;0;0;0;0;0;0;0;0;0;0;0;0;0;14;0;99.0;99.0;0;0;0.00;0.00;0.00;0.0;0.0
154.474;162;0;99;0;0.0;19.700;1.340;24;26;0;0;100;0;100;0;0;0;0;88;88;0;0.000;0.000;0.000;0.000;0.000;0.000;0.0;0.0;0;14;0.000;0.000;11.3;0;0.0;0;0;0;0;0;99;0;0;4959;0.00;0;0;0;0;0;0;0;0;0;0;0;0;0;0;0;0;14;0;99.0;99.0;0;0;0.00;0.00;0.00;0.0;0.0
154.543;162;0;99;0;0.0;19.700;1.340;24;26;0;0;100;0;100;0;0;0;0;88;88;0;0.000;0.000;0.000;0.000;0.000;0.000;0.0;0.0;0;14;0.000;0.000;11.3;0;0.0;0;0;0;0;0;99;0;0;4959;0.00;0;0;0;0;0;0;0;0;0;0;0;0;0;0;0;0;14;0;99.0;99.0;0;0;0.00;0.00;0.00;0.0;0.0
154.609;162;0;99;0;0.0;19.700;1.340;24;26;0;0;100;0;100;0;0;0;0;88;88;0;0.000;0.000;0.000;0.000;0.000;0.000;0.0;0.0;0;14;0.000;0.000;11.3;0;0.0;0;0;0;0;0;99;0;0;4959;0.00;0;0;0;0;0;0;0;0;0;0;0;0;0;0;0;0;14;0;99.0;99.0;0;0;0.00;0.00;0.00;0.0;0.0
154.675;162;0;99;0;0.0;19.700;1.340;24;26;0;0;100;0;100;0;0;0;0;88;88;0;0.000;0.000;0.000;0.000;0.000;0.000;0.0;0.0;0;14;0.000;0.000;11.3;0;0.0;0;0;0;0;0;99;0;0;4959;0.00;0;0;0;0;0;0;0;0;0;0;0;0;0;0;0;0;14;0;99.0;99.0;0;0;0.00;0.00;0.00;0.0;0.0
154.741;162;0;99;0;0.0;19.700;1.340;24;26;0;0;100;0;100;0;0;0;0;88;88;0;0.000;0.000;0.000;0.000;0.000;0.000;0.0;0.0;0;14;0.000;0.000;11.3;0;0.0;0;0;0;0;0;99;0;0;4959;0.00;0;0;0;0;0;0;0;0;0;0;0;0;0;0;0;0;14;0;99.0;99.0;0;0;0.00;0.00;0.00;0.0;0.0
154.809;162;0;99;0;0.0;19.700;1.340;24;26;0;0;100;0;100;0;0;0;0;88;88;0;0.000;0.000;0.000;0.000;0.000;0.000;0.0;0.0;0;14;0.000;0.000;11.3;0;0.0;0;0;0;0;0;99;0;0;4959;0.00;0;0;0;0;0;0;0;0;0;0;0;0;0;0;0;0;14;0;99.0;99.0;0;0;0.00;0.00;0.00;0.0;0.0
154.876;162;0;99;0;0.0;19.700;1.340;24;26;0;0;100;0;100;0;0;0;0;88;88;0;0.000;0.000;0.000;0.000;0.000;0.000;0.0;0.0;0;14;0.000;0.000;11.3;0;0.0;0;0;0;0;0;99;0;0;4959;0.00;0;0;0;0;0;0;0;0;0;0;0;0;0;0;0;0;14;0;99.0;99.0;0;0;0.00;0.00;0.00;0.0;0.0
154.945;162;0;99;0;0.0;19.700;1.340;24;26;0;0;100;0;100;0;0;0;0;88;88;0;0.000;0.000;0.000;0.000;0.000;0.000;0.0;0.0;0;14;0.000;0.000;11.3;0;0.0;0;0;0;0;0;99;0;0;4959;0.00;0;0;0;0;0;0;0;0;0;0;0;0;0;0;0;0;14;0;99.0;99.0;0;0;0.00;0.00;0.00;0.0;0.0
155.011;162;0;99;0;0.0;19.700;1.340;24;26;0;0;100;0;100;0;0;0;0;88;88;0;0.000;0.000;0.000;0.000;0.000;0.000;0.0;0.0;0;14;0.000;0.000;11.3;0;0.0;0;0;0;0;0;99;0;0;4959;0.00;0;0;0;0;0;0;0;0;0;0;0;0;0;0;0;0;14;0;99.0;99.0;0;0;0.00;0.00;0.00;0.0;0.0
155.076;162;0;99;0;0.0;19.700;1.340;24;26;0;0;100;0;100;0;0;0;0;88;88;0;0.000;0.000;0.000;0.000;0.000;0.000;0.0;0.0;0;14;0.000;0.000;11.3;0;0.0;0;0;0;0;0;99;0;0;4959;0.00;0;0;0;0;0;0;0;0;0;0;0;0;0;0;0;0;14;0;99.0;99.0;0;0;0.00;0.00;0.00;0.0;0.0
155.141;162;0;99;0;0.0;19.700;1.340;24;26;0;0;100;0;100;0;0;0;0;88;88;0;0.000;0.000;0.000;0.000;0.000;0.000;0.0;0.0;0;14;0.000;0.000;11.3;0;0.0;0;0;0;0;0;99;0;0;4959;0.00;0;0;0;0;0;0;0;0;0;0;0;0;0;0;0;0;14;0;99.0;99.0;0;0;0.00;0.00;0.00;0.0;0.0
155.207;162;0;99;0;0.0;19.700;1.340;24;26;0;0;100;0;100;0;0;0;0;88;88;0;0.000;0.000;0.000;0.000;0.000;0.000;0.0;0.0;0;14;0.000;0.000;11.3;0;0.0;0;0;0;0;0;99;0;0;4959;0.00;0;0;0;0;0;0;0;0;0;0;0;0;0;0;0;0;14;0;99.0;99.0;0;0;0.00;0.00;0.00;0.0;0.0
155.278;162;0;99;0;0.0;19.700;1.340;24;26;0;0;100;0;100;0;0;0;0;88;88;0;0.000;0.000;0.000;0.000;0.000;0.000;0.0;0.0;0;14;0.000;0.000;11.3;0;0.0;0;0;0;0;0;99;0;0;4959;0.00;0;0;0;0;0;0;0;0;0;0;0;0;0;0;0;0;14;0;99.0;99.0;0;0;0.00;0.00;0.00;0.0;0.0
155.343;163;0;99;0;0.0;19.700;1.340;24;26;0;0;100;0;100;0;0;0;0;88;88;0;0.000;0.000;0.000;0.000;0.000;0.000;0.0;0.0;0;14;0.000;0.000;11.3;0;0.0;0;0;0;0;0;99;0;0;4983;0.00;0;0;0;0;0;0;0;0;0;0;0;0;0;0;0;0;14;0;99.0;99.0;0;0;0.00;0.00;0.00;0.0;0.0
155.408;163;0;98;0;0.0;19.700;1.340;24;26;0;0;100;0;100;0;0;0;0;88;88;0;0.000;0.000;0.000;0.000;0.000;0.000;0.0;0.0;0;15;0.000;0.000;11.3;0;-0.1;0;0;0;0;0;99;0;0;4983;0.00;0;0;0;0;0;0;0;0;0;0;0;0;0;0;0;0;15;0;98.0;98.0;0;0;0.00;0.00;0.00;0.0;0.0
155.474;163;0;99;0;0.0;19.700;1.340;24;26;0;0;100;0;100;0;0;0;0;88;88;0;0.000;0.000;0.000;0.000;0.000;0.000;0.0;0.0;0;14;0.000;0.000;11.3;0;0.0;0;0;0;0;0;99;0;0;4983;0.00;0;0;0;0;0;0;0;0;0;0;0;0;0;0;0;0;14;0;99.0;99.0;0;0;0.00;0.00;0.00;0.0;0.0
155.543;163;0;99;0;0.0;19.700;1.340;24;26;0;0;100;0;100;0;0;0;0;88;88;0;0.000;0.000;0.000;0.000;0.000;0.000;0.0;0.0;0;14;0.000;0.000;11.3;0;0.0;0;0;0;0;0;99;0;0;4983;0.00;0;0;0;0;0;0;0;0;0;0;0;0;0;0;0;0;14;0;99.0;99.0;0;0;0.00;0.00;0.00;0.0;0.0
155.609;163;0;99;0;0.0;19.700;1.340;24;26;0;0;100;0;100;0;0;0;0;88;88;0;0.000;0.000;0.000;0.000;0.000;0.000;0.0;0.0;0;14;0.000;0.000;11.3;0;0.0;0;0;0;0;0;99;0;0;4983;0.00;0;0;0;0;0;0;0;0;0;0;0;0;0;0;0;0;14;0;99.0;99.0;0;0;0.00;0.00;0.00;0.0;0.0
155.674;163;0;99;0;0.0;19.700;1.340;24;26;0;0;100;0;100;0;0;0;0;88;88;0;0.000;0.000;0.000;0.000;0.000;0.000;0.0;0.0;0;14;0.000;0.000;11.3;0;0.0;0;0;0;0;0;99;0;0;4983;0.00;0;0;0;0;0;0;0;0;0;0;0;0;0;0;0;0;14;0;99.0;99.0;0;0;0.00;0.00;0.00;0.0;0.0
155.743;163;0;99;0;0.0;19.700;1.340;24;26;0;0;100;0;100;0;0;0;0;88;88;0;0.000;0.000;0.000;0.000;0.000;0.000;0.0;0.0;0;14;0.000;0.000;11.3;0;0.0;0;0;0;0;0;99;0;0;4983;0.00;0;0;0;0;0;0;0;0;0;0;0;0;0;0;0;0;14;0;99.0;99.0;0;0;0.00;0.00;0.00;0.0;0.0
155.809;163;0;99;0;0.0;19.700;1.340;24;26;0;0;100;0;100;0;0;0;0;88;88;0;0.000;0.000;0.000;0.000;0.000;0.000;0.0;0.0;0;14;0.000;0.000;11.3;0;0.0;0;0;0;0;0;99;0;0;4983;0.00;0;0;0;0;0;0;0;0;0;0;0;0;0;0;0;0;14;0;99.0;99.0;0;0;0.00;0.00;0.00;0.0;0.0
155.876;163;0;99;0;0.0;19.700;1.340;24;26;0;0;100;0;100;0;0;0;0;88;88;0;0.000;0.000;0.000;0.000;0.000;0.000;0.0;0.0;0;14;0.000;0.000;11.3;0;0.0;0;0;0;0;0;99;0;0;4983;0.00;0;0;0;0;0;0;0;0;0;0;0;0;0;0;0;0;14;0;99.0;99.0;0;0;0.00;0.00;0.00;0.0;0.0
155.944;163;0;99;0;0.0;19.700;1.340;24;26;0;0;100;0;100;0;0;0;0;88;88;0;0.000;0.000;0.000;0.000;0.000;0.000;0.0;0.0;0;14;0.000;0.000;11.3;0;0.0;0;0;0;0;0;99;0;0;4983;0.00;0;0;0;0;0;0;0;0;0;0;0;0;0;0;0;0;14;0;99.0;99.0;0;0;0.00;0.00;0.00;0.0;0.0
156.010;163;0;99;0;0.0;19.700;1.340;24;26;0;0;100;0;100;0;0;0;0;88;88;0;0.000;0.000;0.000;0.000;0.000;0.000;0.0;0.0;0;14;0.000;0.000;11.3;0;0.0;0;0;0;0;0;99;0;0;4983;0.00;0;0;0;0;0;0;0;0;0;0;0;0;0;0;0;0;14;0;99.0;99.0;0;0;0.00;0.00;0.00;0.0;0.0
156.076;163;0;99;0;0.0;19.700;1.340;24;26;0;0;100;0;100;0;0;0;0;88;88;0;0.000;0.000;0.000;0.000;0.000;0.000;0.0;0.0;0;14;0.000;0.000;11.3;0;0.0;0;0;0;0;0;99;0;0;4983;0.00;0;0;0;0;0;0;0;0;0;0;0;0;0;0;0;0;14;0;99.0;99.0;0;0;0.00;0.00;0.00;0.0;0.0
156.142;163;0;99;0;0.0;19.700;1.340;24;26;0;0;100;0;100;0;0;0;0;88;88;0;0.000;0.000;0.000;0.000;0.000;0.000;0.0;0.0;0;14;0.000;0.000;11.3;0;0.0;0;0;0;0;0;99;0;0;4983;0.00;0;0;0;0;0;0;0;0;0;0;0;0;0;0;0;0;14;0;99.0;99.0;0;0;0.00;0.00;0.00;0.0;0.0
156.211;163;0;99;0;0.0;19.700;1.340;24;26;0;0;100;0;100;0;0;0;0;88;88;0;0.000;0.000;0.000;0.000;0.000;0.000;0.0;0.0;0;14;0.000;0.000;11.3;0;0.0;0;0;0;0;0;99;0;0;4983;0.00;0;0;0;0;0;0;0;0;0;0;0;0;0;0;0;0;14;0;99.0;99.0;0;0;0.00;0.00;0.00;0.0;0.0
156.276;163;0;99;0;0.0;19.700;1.340;24;26;0;0;100;0;100;0;0;0;0;88;88;0;0.000;0.000;0.000;0.000;0.000;0.000;0.0;0.0;0;14;0.000;0.000;11.3;0;0.0;0;0;0;0;0;99;0;0;4983;0.00;0;0;0;0;0;0;0;0;0;0;0;0;0;0;0;0;14;0;99.0;99.0;0;0;0.00;0.00;0.00;0.0;0.0
156.342;164;0;99;0;0.0;19.700;1.340;24;26;0;0;100;0;100;0;0;0;0;88;88;0;0.000;0.000;0.000;0.000;0.000;0.000;0.0;0.0;0;14;0.000;0.000;11.3;0;0.0;0;0;0;0;0;99;0;0;4983;0.00;0;0;0;0;0;0;0;0;0;0;0;0;0;0;0;0;14;0;99.0;99.0;0;0;0.00;0.00;0.00;0.0;0.0
156.413;164;0;99;0;0.0;19.700;1.340;24;26;0;0;100;0;100;0;0;0;0;88;88;0;0.000;0.000;0.000;0.000;0.000;0.000;0.0;0.0;0;14;0.000;0.000;11.3;0;0.0;0;0;0;0;0;99;0;0;4983;0.00;0;0;0;0;0;0;0;0;0;0;0;0;0;0;0;0;14;0;99.0;99.0;0;0;0.00;0.00;0.00;0.0;0.0
156.477;164;0;99;0;0.0;19.700;1.340;24;26;0;0;100;0;100;0;0;0;0;88;88;0;0.000;0.000;0.000;0.000;0.000;0.000;0.0;0.0;0;14;0.000;0.000;11.3;0;0.0;0;0;0;0;0;99;0;0;4983;0.00;0;0;0;0;0;0;0;0;0;0;0;0;0;0;0;0;14;0;99.0;99.0;0;0;0.00;0.00;0.00;0.0;0.0
156.543;164;0;99;0;0.0;19.700;1.340;24;26;0;0;100;0;100;0;0;0;0;88;88;0;0.000;0.000;0.000;0.000;0.000;0.000;0.0;0.0;0;14;0.000;0.000;11.3;0;0.0;0;0;0;0;0;99;0;0;4983;0.00;0;0;0;0;0;0;0;0;0;0;0;0;0;0;0;0;14;0;99.0;99.0;0;0;0.00;0.00;0.00;0.0;0.0
156.608;164;0;99;0;0.0;19.700;1.340;24;26;0;0;100;0;100;0;0;0;0;88;88;0;0.000;0.000;0.000;0.000;0.000;0.000;0.0;0.0;0;14;0.000;0.000;11.3;0;0.0;0;0;0;0;0;99;0;0;4983;0.00;0;0;0;0;0;0;0;0;0;0;0;0;0;0;0;0;14;0;99.0;99.0;0;0;0.00;0.00;0.00;0.0;0.0
156.678;164;0;99;0;0.0;19.700;1.340;24;26;0;0;100;0;100;0;0;0;0;88;88;0;0.000;0.000;0.000;0.000;0.000;0.000;0.0;0.0;0;14;0.000;0.000;11.3;0;0.0;0;0;0;0;0;99;0;0;4983;0.00;0;0;0;0;0;0;0;0;0;0;0;0;0;0;0;0;14;0;99.0;99.0;0;0;0.00;0.00;0.00;0.0;0.0
156.743;164;0;99;0;0.0;19.700;1.340;24;26;0;0;100;0;100;0;0;0;0;88;88;0;0.000;0.000;0.000;0.000;0.000;0.000;0.0;0.0;0;14;0.000;0.000;11.3;0;0.0;0;0;0;0;0;99;0;0;4983;0.00;0;0;0;0;0;0;0;0;0;0;0;0;0;0;0;0;14;0;99.0;99.0;0;0;0.00;0.00;0.00;0.0;0.0
156.808;164;0;99;0;0.0;19.700;1.340;24;26;0;0;100;0;100;0;0;0;0;88;88;0;0.000;0.000;0.000;0.000;0.000;0.000;0.0;0.0;0;14;0.000;0.000;11.3;0;0.0;0;0;0;0;0;99;0;0;4983;0.00;0;0;0;0;0;0;0;0;0;0;0;0;0;0;0;0;14;0;99.0;99.0;0;0;0.00;0.00;0.00;0.0;0.0
156.874;164;0;99;0;0.0;19.700;1.340;24;26;0;0;100;0;100;0;0;0;0;88;88;0;0.000;0.000;0.000;0.000;0.000;0.000;0.0;0.0;0;14;0.000;0.000;11.3;0;0.0;0;0;0;0;0;99;0;0;4983;0.00;0;0;0;0;0;0;0;0;0;0;0;0;0;0;0;0;14;0;99.0;99.0;0;0;0.00;0.00;0.00;0.0;0.0
156.944;164;0;99;0;0.0;19.700;1.340;24;26;0;0;100;0;100;0;0;0;0;88;88;0;0.000;0.000;0.000;0.000;0.000;0.000;0.0;0.0;0;14;0.000;0.000;11.3;0;0.0;0;0;0;0;0;99;0;0;4983;0.00;0;0;0;0;0;0;0;0;0;0;0;0;0;0;0;0;14;0;99.0;99.0;0;0;0.00;0.00;0.00;0.0;0.0
157.009;164;0;99;0;0.0;19.700;1.340;24;26;0;0;100;0;100;0;0;0;0;88;88;0;0.000;0.000;0.000;0.000;0.000;0.000;0.0;0.0;0;14;0.000;0.000;11.3;0;0.0;0;0;0;0;0;99;0;0;4983;0.00;0;0;0;0;0;0;0;0;0;0;0;0;0;0;0;0;14;0;99.0;99.0;0;0;0.00;0.00;0.00;0.0;0.0
157.075;164;0;99;0;0.0;19.700;1.340;24;26;0;0;100;0;100;0;0;0;0;88;88;0;0.000;0.000;0.000;0.000;0.000;0.000;0.0;0.0;0;14;0.000;0.000;11.3;0;0.0;0;0;0;0;0;99;0;0;4983;0.00;0;0;0;0;0;0;0;0;0;0;0;0;0;0;0;0;14;0;99.0;99.0;0;0;0.00;0.00;0.00;0.0;0.0
157.140;164;0;99;0;0.0;19.700;1.340;24;26;0;0;100;0;100;0;0;0;0;88;88;0;0.000;0.000;0.000;0.000;0.000;0.000;0.0;0.0;0;14;0.000;0.000;11.3;0;0.0;0;0;0;0;0;99;0;0;4983;0.00;0;0;0;0;0;0;0;0;0;0;0;0;0;0;0;0;14;0;99.0;99.0;0;0;0.00;0.00;0.00;0.0;0.0
157.210;164;0;99;0;0.0;19.700;1.340;24;26;0;0;100;0;100;0;0;0;0;88;88;0;0.000;0.000;0.000;0.000;0.000;0.000;0.0;0.0;0;14;0.000;0.000;11.3;0;0.0;0;0;0;0;0;99;0;0;4983;0.00;0;0;0;0;0;0;0;0;0;0;0;0;0;0;0;0;14;0;99.0;99.0;0;0;0.00;0.00;0.00;0.0;0.0
157.276;164;0;99;0;0.0;19.700;1.340;24;26;0;0;100;0;100;0;0;0;0;88;88;0;0.000;0.000;0.000;0.000;0.000;0.000;0.0;0.0;0;14;0.000;0.000;11.3;0;0.0;0;0;0;0;0;99;0;0;4983;0.00;0;0;0;0;0;0;0;0;0;0;0;0;0;0;0;0;14;0;99.0;99.0;0;0;0.00;0.00;0.00;0.0;0.0
157.342;165;0;99;0;0.0;19.700;1.340;24;26;0;0;100;0;100;0;0;0;0;88;88;0;0.000;0.000;0.000;0.000;0.000;0.000;0.0;0.0;0;14;0.000;0.000;11.3;0;0.0;0;0;0;0;0;99;0;0;4983;0.00;0;0;0;0;0;0;0;0;0;0;0;0;0;0;0;0;14;0;99.0;99.0;0;0;0.00;0.00;0.00;0.0;0.0
157.406;165;0;99;0;0.0;19.700;1.340;24;26;0;0;100;0;100;0;0;0;0;88;88;0;0.000;0.000;0.000;0.000;0.000;0.000;0.0;0.0;0;14;0.000;0.000;11.3;0;0.0;0;0;0;0;0;99;0;0;4983;0.00;0;0;0;0;0;0;0;0;0;0;0;0;0;0;0;0;14;0;99.0;99.0;0;0;0.00;0.00;0.00;0.0;0.0
157.477;165;0;99;0;0.0;19.700;1.340;24;26;0;0;100;0;100;0;0;0;0;88;88;0;0.000;0.000;0.000;0.000;0.000;0.000;0.0;0.0;0;14;0.000;0.000;11.3;0;0.0;0;0;0;0;0;99;0;0;4983;0.00;0;0;0;0;0;0;0;0;0;0;0;0;0;0;0;0;14;0;99.0;99.0;0;0;0.00;0.00;0.00;0.0;0.0
157.543;165;0;98;0;0.0;19.700;1.340;24;26;0;0;100;0;100;0;0;0;0;88;88;0;0.000;0.000;0.000;0.000;0.000;0.000;0.0;0.0;0;15;0.000;0.000;11.3;0;-0.1;0;0;0;0;0;99;0;0;4983;0.00;0;0;0;0;0;0;0;0;0;0;0;0;0;0;0;0;15;0;98.0;98.0;0;0;0.00;0.00;0.00;0.0;0.0
157.612;165;0;99;0;0.0;19.700;1.340;24;26;0;0;100;0;100;0;0;0;0;88;88;0;0.000;0.000;0.000;0.000;0.000;0.000;0.0;0.0;0;14;0.000;0.000;11.3;0;0.0;0;0;0;0;0;99;0;0;4983;0.00;0;0;0;0;0;0;0;0;0;0;0;0;0;0;0;0;14;0;99.0;99.0;0;0;0.00;0.00;0.00;0.0;0.0
157.677;165;0;99;0;0.0;19.700;1.340;24;26;0;0;100;0;100;0;0;0;0;88;88;0;0.000;0.000;0.000;0.000;0.000;0.000;0.0;0.0;0;14;0.000;0.000;11.3;0;0.0;0;0;0;0;0;99;0;0;4983;0.00;0;0;0;0;0;0;0;0;0;0;0;0;0;0;0;0;14;0;99.0;99.0;0;0;0.00;0.00;0.00;0.0;0.0
157.743;165;0;99;0;0.0;19.700;1.340;24;26;0;0;100;0;100;0;0;0;0;88;88;0;0.000;0.000;0.000;0.000;0.000;0.000;0.0;0.0;0;14;0.000;0.000;11.3;0;0.0;0;0;0;0;0;99;0;0;4983;0.00;0;0;0;0;0;0;0;0;0;0;0;0;0;0;0;0;14;0;99.0;99.0;0;0;0.00;0.00;0.00;0.0;0.0
157.808;165;0;99;0;0.0;19.700;1.340;24;26;0;0;100;0;100;0;0;0;0;88;88;0;0.000;0.000;0.000;0.000;0.000;0.000;0.0;0.0;0;14;0.000;0.000;11.3;0;0.0;0;0;0;0;0;99;0;0;4983;0.00;0;0;0;0;0;0;0;0;0;0;0;0;0;0;0;0;14;0;99.0;99.0;0;0;0.00;0.00;0.00;0.0;0.0
157.877;165;0;99;0;0.0;19.700;1.340;24;26;0;0;100;0;100;0;0;0;0;88;88;0;0.000;0.000;0.000;0.000;0.000;0.000;0.0;0.0;0;14;0.000;0.000;11.3;0;0.0;0;0;0;0;0;99;0;0;4983;0.00;0;0;0;0;0;0;0;0;0;0;0;0;0;0;0;0;14;0;99.0;99.0;0;0;0.00;0.00;0.00;0.0;0.0
157.943;165;0;98;0;0.0;19.700;1.340;24;26;0;0;100;0;100;0;0;0;0;88;88;0;0.000;0.000;0.000;0.000;0.000;0.000;0.0;0.0;0;15;0.000;0.000;11.3;0;-0.1;0;0;0;0;0;99;0;0;4983;0.00;0;0;0;0;0;0;0;0;0;0;0;0;0;0;0;0;15;0;98.0;98.0;0;0;0.00;0.00;0.00;0.0;0.0
158.008;165;0;99;0;0.0;19.700;1.340;24;26;0;0;100;0;100;0;0;0;0;88;88;0;0.000;0.000;0.000;0.000;0.000;0.000;0.0;0.0;0;14;0.000;0.000;11.3;0;0.0;0;0;0;0;0;99;0;0;4983;0.00;0;0;0;0;0;0;0;0;0;0;0;0;0;0;0;0;14;0;99.0;99.0;0;0;0.00;0.00;0.00;0.0;0.0
158.079;165;0;98;0;0.0;19.700;1.340;24;26;0;0;100;0;100;0;0;0;0;88;88;0;0.000;0.000;0.000;0.000;0.000;0.000;0.0;0.0;0;15;0.000;0.000;11.3;0;-0.1;0;0;0;0;0;99;0;0;4983;0.00;0;0;0;0;0;0;0;0;0;0;0;0;0;0;0;0;15;0;98.0;98.0;0;0;0.00;0.00;0.00;0.0;0.0
158.143;165;0;99;0;0.0;19.700;1.340;24;26;0;0;100;0;100;0;0;0;0;88;88;0;0.000;0.000;0.000;0.000;0.000;0.000;0.0;0.0;0;14;0.000;0.000;11.3;0;0.0;0;0;0;0;0;99;0;0;4983;0.00;0;0;0;0;0;0;0;0;0;0;0;0;0;0;0;0;14;0;99.0;99.0;0;0;0.00;0.00;0.00;0.0;0.0
158.210;165;0;99;0;0.0;19.700;1.340;24;26;0;0;100;0;100;0;0;0;0;88;88;0;0.000;0.000;0.000;0.000;0.000;0.000;0.0;0.0;0;14;0.000;0.000;11.3;0;0.0;0;0;0;0;0;99;0;0;4983;0.00;0;0;0;0;0;0;0;0;0;0;0;0;0;0;0;0;14;0;99.0;99.0;0;0;0.00;0.00;0.00;0.0;0.0
158.275;165;0;99;0;0.0;19.700;1.340;24;26;0;0;100;0;100;0;0;0;0;88;88;0;0.000;0.000;0.000;0.000;0.000;0.000;0.0;0.0;0;14;0.000;0.000;11.3;0;0.0;0;0;0;0;0;99;0;0;4983;0.00;0;0;0;0;0;0;0;0;0;0;0;0;0;0;0;0;14;0;99.0;99.0;0;0;0.00;0.00;0.00;0.0;0.0
158.345;165;0;99;0;0.0;19.700;1.340;24;26;0;0;100;0;100;0;0;0;0;88;88;0;0.000;0.000;0.000;0.000;0.000;0.000;0.0;0.0;0;14;0.000;0.000;11.3;0;0.0;0;0;0;0;0;99;0;0;4983;0.00;0;0;0;0;0;0;0;0;0;0;0;0;0;0;0;0;14;0;99.0;99.0;0;0;0.00;0.00;0.00;0.0;0.0
158.411;166;0;99;0;0.0;19.700;1.340;24;26;0;0;100;0;100;0;0;0;0;88;88;0;0.000;0.000;0.000;0.000;0.000;0.000;0.0;0.0;0;14;0.000;0.000;11.3;0;0.0;0;0;0;0;0;99;0;0;4962;0.00;0;0;0;0;0;0;0;0;0;0;0;0;0;0;0;0;14;0;99.0;99.0;0;0;0.00;0.00;0.00;0.0;0.0
158.475;166;0;99;0;0.0;19.700;1.340;24;26;0;0;100;0;100;0;0;0;0;88;88;0;0.000;0.000;0.000;0.000;0.000;0.000;0.0;0.0;0;14;0.000;0.000;11.3;0;0.0;0;0;0;0;0;99;0;0;4962;0.00;0;0;0;0;0;0;0;0;0;0;0;0;0;0;0;0;14;0;99.0;99.0;0;0;0.00;0.00;0.00;0.0;0.0
158.542;166;0;99;0;0.0;19.700;1.340;24;26;0;0;100;0;100;0;0;0;0;88;88;0;0.000;0.000;0.000;0.000;0.000;0.000;0.0;0.0;0;14;0.000;0.000;11.3;0;0.0;0;0;0;0;0;99;0;0;4962;0.00;0;0;0;0;0;0;0;0;0;0;0;0;0;0;0;0;14;0;99.0;99.0;0;0;0.00;0.00;0.00;0.0;0.0
158.611;166;0;99;0;0.0;19.700;1.340;24;26;0;0;100;0;100;0;0;0;0;88;88;0;0.000;0.000;0.000;0.000;0.000;0.000;0.0;0.0;0;14;0.000;0.000;11.3;0;0.0;0;0;0;0;0;99;0;0;4962;0.00;0;0;0;0;0;0;0;0;0;0;0;0;0;0;0;0;14;0;99.0;99.0;0;0;0.00;0.00;0.00;0.0;0.0
158.677;166;0;99;0;0.0;19.700;1.340;24;26;0;0;100;0;100;0;0;0;0;88;88;0;0.000;0.000;0.000;0.000;0.000;0.000;0.0;0.0;0;14;0.000;0.000;11.3;0;0.0;0;0;0;0;0;99;0;0;4962;0.00;0;0;0;0;0;0;0;0;0;0;0;0;0;0;0;0;14;0;99.0;99.0;0;0;0.00;0.00;0.00;0.0;0.0
158.743;166;0;99;0;0.0;19.700;1.340;24;26;0;0;100;0;100;0;0;0;0;88;88;0;0.000;0.000;0.000;0.000;0.000;0.000;0.0;0.0;0;14;0.000;0.000;11.3;0;0.0;0;0;0;0;0;99;0;0;4962;0.00;0;0;0;0;0;0;0;0;0;0;0;0;0;0;0;0;14;0;99.0;99.0;0;0;0.00;0.00;0.00;0.0;0.0
158.812;166;0;99;0;0.0;19.700;1.340;24;26;0;0;100;0;100;0;0;0;0;88;88;0;0.000;0.000;0.000;0.000;0.000;0.000;0.0;0.0;0;14;0.000;0.000;11.3;0;0.0;0;0;0;0;0;99;0;0;4962;0.00;0;0;0;0;0;0;0;0;0;0;0;0;0;0;0;0;14;0;99.0;99.0;0;0;0.00;0.00;0.00;0.0;0.0
158.878;166;0;99;0;0.0;19.700;1.340;24;26;0;0;100;0;100;0;0;0;0;88;88;0;0.000;0.000;0.000;0.000;0.000;0.000;0.0;0.0;0;14;0.000;0.000;11.3;0;0.0;0;0;0;0;0;99;0;0;4962;0.00;0;0;0;0;0;0;0;0;0;0;0;0;0;0;0;0;14;0;99.0;99.0;0;0;0.00;0.00;0.00;0.0;0.0
158.943;166;0;98;0;0.0;19.700;1.340;24;26;0;0;100;0;100;0;0;0;0;88;88;0;0.000;0.000;0.000;0.000;0.000;0.000;0.0;0.0;0;15;0.000;0.000;11.3;0;-0.1;0;0;0;0;0;99;0;0;4962;0.00;0;0;0;0;0;0;0;0;0;0;0;0;0;0;0;0;15;0;98.0;98.0;0;0;0.00;0.00;0.00;0.0;0.0
159.009;166;0;99;0;0.0;19.700;1.340;24;26;0;0;100;0;100;0;0;0;0;88;88;0;0.000;0.000;0.000;0.000;0.000;0.000;0.0;0.0;0;14;0.000;0.000;11.3;0;0.0;0;0;0;0;0;99;0;0;4962;0.00;0;0;0;0;0;0;0;0;0;0;0;0;0;0;0;0;14;0;99.0;99.0;0;0;0.00;0.00;0.00;0.0;0.0
159.079;166;0;99;0;0.0;19.700;1.340;24;26;0;0;100;0;100;0;0;0;0;88;88;0;0.000;0.000;0.000;0.000;0.000;0.000;0.0;0.0;0;14;0.000;0.000;11.3;0;0.0;0;0;0;0;0;99;0;0;4962;0.00;0;0;0;0;0;0;0;0;0;0;0;0;0;0;0;0;14;0;99.0;99.0;0;0;0.00;0.00;0.00;0.0;0.0
159.143;166;0;99;0;0.0;19.700;1.340;24;26;0;0;100;0;100;0;0;0;0;88;88;0;0.000;0.000;0.000;0.000;0.000;0.000;0.0;0.0;0;14;0.000;0.000;11.3;0;0.0;0;0;0;0;0;99;0;0;4962;0.00;0;0;0;0;0;0;0;0;0;0;0;0;0;0;0;0;14;0;99.0;99.0;0;0;0.00;0.00;0.00;0.0;0.0
159.209;166;0;99;0;0.0;19.700;1.340;24;26;0;0;100;0;100;0;0;0;0;88;88;0;0.000;0.000;0.000;0.000;0.000;0.000;0.0;0.0;0;14;0.000;0.000;11.3;0;0.0;0;0;0;0;0;99;0;0;4962;0.00;0;0;0;0;0;0;0;0;0;0;0;0;0;0;0;0;14;0;99.0;99.0;0;0;0.00;0.00;0.00;0.0;0.0
159.275;166;0;99;0;0.0;19.700;1.340;24;26;0;0;100;0;100;0;0;0;0;88;88;0;0.000;0.000;0.000;0.000;0.000;0.000;0.0;0.0;0;14;0.000;0.000;11.3;0;0.0;0;0;0;0;0;99;0;0;4962;0.00;0;0;0;0;0;0;0;0;0;0;0;0;0;0;0;0;14;0;99.0;99.0;0;0;0.00;0.00;0.00;0.0;0.0
159.344;166;0;99;0;0.0;19.700;1.340;24;26;0;0;100;0;100;0;0;0;0;88;88;0;0.000;0.000;0.000;0.000;0.000;0.000;0.0;0.0;0;14;0.000;0.000;11.3;0;0.0;0;0;0;0;0;99;0;0;4962;0.00;0;0;0;0;0;0;0;0;0;0;0;0;0;0;0;0;14;0;99.0;99.0;0;0;0.00;0.00;0.00;0.0;0.0
159.409;167;0;99;0;0.0;19.700;1.340;24;26;0;0;100;0;100;0;0;0;0;88;88;0;0.000;0.000;0.000;0.000;0.000;0.000;0.0;0.0;0;14;0.000;0.000;11.3;0;0.0;0;0;0;0;0;99;0;0;4979;0.00;0;0;0;0;0;0;0;0;0;0;0;0;0;0;0;0;14;0;99.0;99.0;0;0;0.00;0.00;0.00;0.0;0.0
159.475;167;0;99;0;0.0;19.700;1.340;24;26;0;0;100;0;100;0;0;0;0;88;88;0;0.000;0.000;0.000;0.000;0.000;0.000;0.0;0.0;0;14;0.000;0.000;11.3;0;0.0;0;0;0;0;0;99;0;0;4979;0.00;0;0;0;0;0;0;0;0;0;0;0;0;0;0;0;0;14;0;99.0;99.0;0;0;0.00;0.00;0.00;0.0;0.0
159.541;167;0;99;0;0.0;19.700;1.340;24;26;0;0;100;0;100;0;0;0;0;88;88;0;0.000;0.000;0.000;0.000;0.000;0.000;0.0;0.0;0;14;0.000;0.000;11.3;0;0.0;0;0;0;0;0;99;0;0;4979;0.00;0;0;0;0;0;0;0;0;0;0;0;0;0;0;0;0;14;0;99.0;99.0;0;0;0.00;0.00;0.00;0.0;0.0
159.610;167;0;99;0;0.0;19.700;1.340;24;26;0;0;100;0;100;0;0;0;0;88;88;0;0.000;0.000;0.000;0.000;0.000;0.000;0.0;0.0;0;14;0.000;0.000;11.3;0;0.0;0;0;0;0;0;99;0;0;4979;0.00;0;0;0;0;0;0;0;0;0;0;0;0;0;0;0;0;14;0;99.0;99.0;0;0;0.00;0.00;0.00;0.0;0.0
159.677;167;0;99;0;0.0;19.700;1.340;24;26;0;0;100;0;100;0;0;0;0;88;88;0;0.000;0.000;0.000;0.000;0.000;0.000;0.0;0.0;0;14;0.000;0.000;11.3;0;0.0;0;0;0;0;0;99;0;0;4979;0.00;0;0;0;0;0;0;0;0;0;0;0;0;0;0;0;0;14;0;99.0;99.0;0;0;0.00;0.00;0.00;0.0;0.0
159.745;167;0;98;0;0.0;19.700;1.340;24;26;0;0;100;0;100;0;0;0;0;88;88;0;0.000;0.000;0.000;0.000;0.000;0.000;0.0;0.0;0;15;0.000;0.000;11.3;0;-0.1;0;0;0;0;0;99;0;0;4979;0.00;0;0;0;0;0;0;0;0;0;0;0;0;0;0;0;0;15;0;98.0;98.0;0;0;0.00;0.00;0.00;0.0;0.0
159.812;167;0;99;0;0.0;19.700;1.340;24;26;0;0;100;0;100;0;0;0;0;88;88;0;0.000;0.000;0.000;0.000;0.000;0.000;0.0;0.0;0;14;0.000;0.000;11.3;0;0.0;0;0;0;0;0;99;0;0;4979;0.00;0;0;0;0;0;0;0;0;0;0;0;0;0;0;0;0;14;0;99.0;99.0;0;0;0.00;0.00;0.00;0.0;0.0
159.877;167;0;99;0;0.0;19.700;1.340;24;26;0;0;100;0;100;0;0;0;0;88;88;0;0.000;0.000;0.000;0.000;0.000;0.000;0.0;0.0;0;14;0.000;0.000;11.3;0;0.0;0;0;0;0;0;99;0;0;4979;0.00;0;0;0;0;0;0;0;0;0;0;0;0;0;0;0;0;14;0;99.0;99.0;0;0;0.00;0.00;0.00;0.0;0.0
159.947;167;0;99;0;0.0;19.700;1.340;24;26;0;0;100;0;100;0;0;0;0;88;88;0;0.000;0.000;0.000;0.000;0.000;0.000;0.0;0.0;0;14;0.000;0.000;11.3;0;0.0;0;0;0;0;0;99;0;0;4979;0.00;0;0;0;0;0;0;0;0;0;0;0;0;0;0;0;0;14;0;99.0;99.0;0;0;0.00;0.00;0.00;0.0;0.0
160.012;167;0;99;0;0.0;19.700;1.340;24;26;0;0;100;0;100;0;0;0;0;88;88;0;0.000;0.000;0.000;0.000;0.000;0.000;0.0;0.0;0;14;0.000;0.000;11.3;0;0.0;0;0;0;0;0;99;0;0;4979;0.00;0;0;0;0;0;0;0;0;0;0;0;0;0;0;0;0;14;0;99.0;99.0;0;0;0.00;0.00;0.00;0.0;0.0
160.078;167;0;99;0;0.0;19.700;1.340;24;26;0;0;100;0;100;0;0;0;0;88;88;0;0.000;0.000;0.000;0.000;0.000;0.000;0.0;0.0;0;14;0.000;0.000;11.3;0;0.0;0;0;0;0;0;99;0;0;4979;0.00;0;0;0;0;0;0;0;0;0;0;0;0;0;0;0;0;14;0;99.0;99.0;0;0;0.00;0.00;0.00;0.0;0.0
160.144;167;0;99;0;0.0;19.700;1.340;24;26;0;0;100;0;100;0;0;0;0;88;88;0;0.000;0.000;0.000;0.000;0.000;0.000;0.0;0.0;0;14;0.000;0.000;11.3;0;0.0;0;0;0;0;0;99;0;0;4979;0.00;0;0;0;0;0;0;0;0;0;0;0;0;0;0;0;0;14;0;99.0;99.0;0;0;0.00;0.00;0.00;0.0;0.0
160.208;167;0;99;0;0.0;19.700;1.340;24;26;0;0;100;0;100;0;0;0;0;88;88;0;0.000;0.000;0.000;0.000;0.000;0.000;0.0;0.0;0;14;0.000;0.000;11.3;0;0.0;0;0;0;0;0;99;0;0;4979;0.00;0;0;0;0;0;0;0;0;0;0;0;0;0;0;0;0;14;0;99.0;99.0;0;0;0.00;0.00;0.00;0.0;0.0
160.277;167;0;99;0;0.0;19.700;1.340;24;26;0;0;100;0;100;0;0;0;0;88;88;0;0.000;0.000;0.000;0.000;0.000;0.000;0.0;0.0;0;14;0.000;0.000;11.3;0;0.0;0;0;0;0;0;99;0;0;4979;0.00;0;0;0;0;0;0;0;0;0;0;0;0;0;0;0;0;14;0;99.0;99.0;0;0;0.00;0.00;0.00;0.0;0.0
160.344;167;0;99;0;0.0;19.700;1.340;24;26;0;0;100;0;100;0;0;0;0;88;88;0;0.000;0.000;0.000;0.000;0.000;0.000;0.0;0.0;0;14;0.000;0.000;11.3;0;0.0;0;0;0;0;0;99;0;0;4979;0.00;0;0;0;0;0;0;0;0;0;0;0;0;0;0;0;0;14;0;99.0;99.0;0;0;0.00;0.00;0.00;0.0;0.0
160.409;168;0;99;0;0.0;19.700;1.340;24;26;0;0;100;0;100;0;0;0;0;88;88;0;0.000;0.000;0.000;0.000;0.000;0.000;0.0;0.0;0;14;0.000;0.000;11.3;0;0.0;0;0;0;0;0;99;0;0;4984;0.00;0;0;0;0;0;0;0;0;0;0;0;0;0;0;0;0;14;0;99.0;99.0;0;0;0.00;0.00;0.00;0.0;0.0
160.475;168;0;99;0;0.0;19.700;1.340;24;26;0;0;100;0;100;0;0;0;0;88;88;0;0.000;0.000;0.000;0.000;0.000;0.000;0.0;0.0;0;14;0.000;0.000;11.3;0;0.0;0;0;0;0;0;99;0;0;4984;0.00;0;0;0;0;0;0;0;0;0;0;0;0;0;0;0;0;14;0;99.0;99.0;0;0;0.00;0.00;0.00;0.0;0.0
160.544;168;0;99;0;0.0;19.700;1.340;24;26;0;0;100;0;100;0;0;0;0;88;88;0;0.000;0.000;0.000;0.000;0.000;0.000;0.0;0.0;0;14;0.000;0.000;11.3;0;0.0;0;0;0;0;0;99;0;0;4984;0.00;0;0;0;0;0;0;0;0;0;0;0;0;0;0;0;0;14;0;99.0;99.0;0;0;0.00;0.00;0.00;0.0;0.0
160.609;168;0;99;0;0.0;19.700;1.340;24;26;0;0;100;0;100;0;0;0;0;88;88;0;0.000;0.000;0.000;0.000;0.000;0.000;0.0;0.0;0;14;0.000;0.000;11.3;0;0.0;0;0;0;0;0;99;0;0;4984;0.00;0;0;0;0;0;0;0;0;0;0;0;0;0;0;0;0;14;0;99.0;99.0;0;0;0.00;0.00;0.00;0.0;0.0
160.675;168;0;99;0;0.0;19.700;1.340;24;26;0;0;100;0;100;0;0;0;0;88;88;0;0.000;0.000;0.000;0.000;0.000;0.000;0.0;0.0;0;14;0.000;0.000;11.3;0;0.0;0;0;0;0;0;99;0;0;4984;0.00;0;0;0;0;0;0;0;0;0;0;0;0;0;0;0;0;14;0;99.0;99.0;0;0;0.00;0.00;0.00;0.0;0.0
160.745;168;0;99;0;0.0;19.700;1.340;24;26;0;0;100;0;100;0;0;0;0;88;88;0;0.000;0.000;0.000;0.000;0.000;0.000;0.0;0.0;0;14;0.000;0.000;11.3;0;0.0;0;0;0;0;0;99;0;0;4984;0.00;0;0;0;0;0;0;0;0;0;0;0;0;0;0;0;0;14;0;99.0;99.0;0;0;0.00;0.00;0.00;0.0;0.0
160.810;168;0;99;0;0.0;19.700;1.340;24;26;0;0;100;0;100;0;0;0;0;88;88;0;0.000;0.000;0.000;0.000;0.000;0.000;0.0;0.0;0;14;0.000;0.000;11.3;0;0.0;0;0;0;0;0;99;0;0;4984;0.00;0;0;0;0;0;0;0;0;0;0;0;0;0;0;0;0;14;0;99.0;99.0;0;0;0.00;0.00;0.00;0.0;0.0
160.875;168;0;99;0;0.0;19.700;1.340;24;26;0;0;100;0;100;0;0;0;0;88;88;0;0.000;0.000;0.000;0.000;0.000;0.000;0.0;0.0;0;14;0.000;0.000;11.3;0;0.0;0;0;0;0;0;99;0;0;4984;0.00;0;0;0;0;0;0;0;0;0;0;0;0;0;0;0;0;14;0;99.0;99.0;0;0;0.00;0.00;0.00;0.0;0.0
160.942;168;0;99;0;0.0;19.700;1.340;24;26;0;0;100;0;100;0;0;0;0;88;88;0;0.000;0.000;0.000;0.000;0.000;0.000;0.0;0.0;0;14;0.000;0.000;11.3;0;0.0;0;0;0;0;0;99;0;0;4984;0.00;0;0;0;0;0;0;0;0;0;0;0;0;0;0;0;0;14;0;99.0;99.0;0;0;0.00;0.00;0.00;0.0;0.0
161.011;168;0;99;0;0.0;19.700;1.340;24;26;0;0;100;0;100;0;0;0;0;88;88;0;0.000;0.000;0.000;0.000;0.000;0.000;0.0;0.0;0;14;0.000;0.000;11.3;0;0.0;0;0;0;0;0;99;0;0;4984;0.00;0;0;0;0;0;0;0;0;0;0;0;0;0;0;0;0;14;0;99.0;99.0;0;0;0.00;0.00;0.00;0.0;0.0
161.076;168;0;99;0;0.0;19.700;1.340;24;26;0;0;100;0;100;0;0;0;0;88;88;0;0.000;0.000;0.000;0.000;0.000;0.000;0.0;0.0;0;14;0.000;0.000;11.3;0;0.0;0;0;0;0;0;99;0;0;4984;0.00;0;0;0;0;0;0;0;0;0;0;0;0;0;0;0;0;14;0;99.0;99.0;0;0;0.00;0.00;0.00;0.0;0.0
161.142;168;0;99;0;0.0;19.700;1.340;24;26;0;0;100;0;100;0;0;0;0;88;88;0;0.000;0.000;0.000;0.000;0.000;0.000;0.0;0.0;0;14;0.000;0.000;11.3;0;0.0;0;0;0;0;0;99;0;0;4984;0.00;0;0;0;0;0;0;0;0;0;0;0;0;0;0;0;0;14;0;99.0;99.0;0;0;0.00;0.00;0.00;0.0;0.0
161.209;168;0;98;0;0.0;19.700;1.340;24;26;0;0;100;0;100;0;0;0;0;88;88;0;0.000;0.000;0.000;0.000;0.000;0.000;0.0;0.0;0;15;0.000;0.000;11.3;0;-0.1;0;0;0;0;0;99;0;0;4984;0.00;0;0;0;0;0;0;0;0;0;0;0;0;0;0;0;0;15;0;98.0;98.0;0;0;0.00;0.00;0.00;0.0;0.0
161.278;168;0;99;0;0.0;19.700;1.340;24;26;0;0;100;0;100;0;0;0;0;88;88;0;0.000;0.000;0.000;0.000;0.000;0.000;0.0;0.0;0;14;0.000;0.000;11.3;0;0.0;0;0;0;0;0;99;0;0;4984;0.00;0;0;0;0;0;0;0;0;0;0;0;0;0;0;0;0;14;0;99.0;99.0;0;0;0.00;0.00;0.00;0.0;0.0
161.342;168;0;99;0;0.0;19.700;1.340;24;26;0;0;100;0;100;0;0;0;0;88;88;0;0.000;0.000;0.000;0.000;0.000;0.000;0.0;0.0;0;14;0.000;0.000;11.3;0;0.0;0;0;0;0;0;99;0;0;4984;0.00;0;0;0;0;0;0;0;0;0;0;0;0;0;0;0;0;14;0;99.0;99.0;0;0;0.00;0.00;0.00;0.0;0.0
161.408;169;0;99;0;0.0;19.700;1.340;24;26;0;0;100;0;100;0;0;0;0;88;88;0;0.000;0.000;0.000;0.000;0.000;0.000;0.0;0.0;0;14;0.000;0.000;11.3;0;0.0;0;0;0;0;0;99;0;0;4981;0.00;0;0;0;0;0;0;0;0;0;0;0;0;0;0;0;0;14;0;99.0;99.0;0;0;0.00;0.00;0.00;0.0;0.0
161.478;169;0;99;0;0.0;19.700;1.340;24;26;0;0;100;0;100;0;0;0;0;88;88;0;0.000;0.000;0.000;0.000;0.000;0.000;0.0;0.0;0;14;0.000;0.000;11.3;0;0.0;0;0;0;0;0;99;0;0;4981;0.00;0;0;0;0;0;0;0;0;0;0;0;0;0;0;0;0;14;0;99.0;99.0;0;0;0.00;0.00;0.00;0.0;0.0
161.543;169;0;99;0;0.0;19.700;1.340;24;26;0;0;100;0;100;0;0;0;0;88;88;0;0.000;0.000;0.000;0.000;0.000;0.000;0.0;0.0;0;14;0.000;0.000;11.3;0;0.0;0;0;0;0;0;99;0;0;4981;0.00;0;0;0;0;0;0;0;0;0;0;0;0;0;0;0;0;14;0;99.0;99.0;0;0;0.00;0.00;0.00;0.0;0.0
161.609;169;0;99;0;0.0;19.700;1.340;24;26;0;0;100;0;100;0;0;0;0;88;88;0;0.000;0.000;0.000;0.000;0.000;0.000;0.0;0.0;0;14;0.000;0.000;11.3;0;0.0;0;0;0;0;0;99;0;0;4981;0.00;0;0;0;0;0;0;0;0;0;0;0;0;0;0;0;0;14;0;99.0;99.0;0;0;0.00;0.00;0.00;0.0;0.0
161.678;169;0;99;0;0.0;19.700;1.340;24;26;0;0;100;0;100;0;0;0;0;88;88;0;0.000;0.000;0.000;0.000;0.000;0.000;0.0;0.0;0;14;0.000;0.000;11.3;0;0.0;0;0;0;0;0;99;0;0;4981;0.00;0;0;0;0;0;0;0;0;0;0;0;0;0;0;0;0;14;0;99.0;99.0;0;0;0.00;0.00;0.00;0.0;0.0
161.744;169;0;99;0;0.0;19.700;1.340;24;26;0;0;100;0;100;0;0;0;0;88;88;0;0.000;0.000;0.000;0.000;0.000;0.000;0.0;0.0;0;14;0.000;0.000;11.3;0;0.0;0;0;0;0;0;99;0;0;4981;0.00;0;0;0;0;0;0;0;0;0;0;0;0;0;0;0;0;14;0;99.0;99.0;0;0;0.00;0.00;0.00;0.0;0.0
161.810;169;0;99;0;0.0;19.700;1.340;24;26;0;0;100;0;100;0;0;0;0;88;88;0;0.000;0.000;0.000;0.000;0.000;0.000;0.0;0.0;0;14;0.000;0.000;11.3;0;0.0;0;0;0;0;0;99;0;0;4981;0.00;0;0;0;0;0;0;0;0;0;0;0;0;0;0;0;0;14;0;99.0;99.0;0;0;0.00;0.00;0.00;0.0;0.0
161.876;169;0;99;0;0.0;19.700;1.340;24;26;0;0;100;0;100;0;0;0;0;88;88;0;0.000;0.000;0.000;0.000;0.000;0.000;0.0;0.0;0;14;0.000;0.000;11.3;0;0.0;0;0;0;0;0;99;0;0;4981;0.00;0;0;0;0;0;0;0;0;0;0;0;0;0;0;0;0;14;0;99.0;99.0;0;0;0.00;0.00;0.00;0.0;0.0
161.941;169;0;99;0;0.0;19.700;1.340;24;26;0;0;100;0;100;0;0;0;0;88;88;0;0.000;0.000;0.000;0.000;0.000;0.000;0.0;0.0;0;14;0.000;0.000;11.3;0;0.0;0;0;0;0;0;99;0;0;4981;0.00;0;0;0;0;0;0;0;0;0;0;0;0;0;0;0;0;14;0;99.0;99.0;0;0;0.00;0.00;0.00;0.0;0.0
162.010;169;0;99;0;0.0;19.700;1.340;24;26;0;0;100;0;100;0;0;0;0;88;88;0;0.000;0.000;0.000;0.000;0.000;0.000;0.0;0.0;0;14;0.000;0.000;11.3;0;0.0;0;0;0;0;0;99;0;0;4981;0.00;0;0;0;0;0;0;0;0;0;0;0;0;0;0;0;0;14;0;99.0;99.0;0;0;0.00;0.00;0.00;0.0;0.0
162.075;169;0;99;0;0.0;19.700;1.340;24;26;0;0;100;0;100;0;0;0;0;88;88;0;0.000;0.000;0.000;0.000;0.000;0.000;0.0;0.0;0;14;0.000;0.000;11.3;0;0.0;0;0;0;0;0;99;0;0;4981;0.00;0;0;0;0;0;0;0;0;0;0;0;0;0;0;0;0;14;0;99.0;99.0;0;0;0.00;0.00;0.00;0.0;0.0
162.141;169;0;99;0;0.0;19.700;1.340;24;26;0;0;100;0;100;0;0;0;0;88;88;0;0.000;0.000;0.000;0.000;0.000;0.000;0.0;0.0;0;14;0.000;0.000;11.3;0;0.0;0;0;0;0;0;99;0;0;4981;0.00;0;0;0;0;0;0;0;0;0;0;0;0;0;0;0;0;14;0;99.0;99.0;0;0;0.00;0.00;0.00;0.0;0.0
162.207;169;0;99;0;0.0;19.700;1.340;24;26;0;0;100;0;100;0;0;0;0;88;88;0;0.000;0.000;0.000;0.000;0.000;0.000;0.0;0.0;0;14;0.000;0.000;11.3;0;0.0;0;0;0;0;0;99;0;0;4981;0.00;0;0;0;0;0;0;0;0;0;0;0;0;0;0;0;0;14;0;99.0;99.0;0;0;0.00;0.00;0.00;0.0;0.0
162.277;169;0;99;0;0.0;19.700;1.340;24;26;0;0;100;0;100;0;0;0;0;88;88;0;0.000;0.000;0.000;0.000;0.000;0.000;0.0;0.0;0;14;0.000;0.000;11.3;0;0.0;0;0;0;0;0;99;0;0;4981;0.00;0;0;0;0;0;0;0;0;0;0;0;0;0;0;0;0;14;0;99.0;99.0;0;0;0.00;0.00;0.00;0.0;0.0
162.342;169;0;99;0;0.0;19.700;1.340;24;26;0;0;100;0;100;0;0;0;0;88;88;0;0.000;0.000;0.000;0.000;0.000;0.000;0.0;0.0;0;14;0.000;0.000;11.3;0;0.0;0;0;0;0;0;99;0;0;4981;0.00;0;0;0;0;0;0;0;0;0;0;0;0;0;0;0;0;14;0;99.0;99.0;0;0;0.00;0.00;0.00;0.0;0.0
162.407;169;0;99;0;0.0;19.700;1.340;24;26;0;0;100;0;100;0;0;0;0;88;88;0;0.000;0.000;0.000;0.000;0.000;0.000;0.0;0.0;0;14;0.000;0.000;11.3;0;0.0;0;0;0;0;0;99;0;0;4981;0.00;0;0;0;0;0;0;0;0;0;0;0;0;0;0;0;0;14;0;99.0;99.0;0;0;0.00;0.00;0.00;0.0;0.0
162.473;170;0;99;0;0.0;19.700;1.340;24;26;0;0;100;0;100;0;0;0;0;88;88;0;0.000;0.000;0.000;0.000;0.000;0.000;0.0;0.0;0;14;0.000;0.000;11.3;0;0.0;0;0;0;0;0;99;0;0;4963;0.00;0;0;0;0;0;0;0;0;0;0;0;0;0;0;0;0;14;0;99.0;99.0;0;0;0.00;0.00;0.00;0.0;0.0
162.542;170;0;99;0;0.0;19.700;1.340;24;26;0;0;100;0;100;0;0;0;0;88;88;0;0.000;0.000;0.000;0.000;0.000;0.000;0.0;0.0;0;14;0.000;0.000;11.3;0;0.0;0;0;0;0;0;99;0;0;4963;0.00;0;0;0;0;0;0;0;0;0;0;0;0;0;0;0;0;14;0;99.0;99.0;0;0;0.00;0.00;0.00;0.0;0.0
162.608;170;0;99;0;0.0;19.700;1.340;24;26;0;0;100;0;100;0;0;0;0;88;88;0;0.000;0.000;0.000;0.000;0.000;0.000;0.0;0.0;0;14;0.000;0.000;11.3;0;0.0;0;0;0;0;0;99;0;0;4963;0.00;0;0;0;0;0;0;0;0;0;0;0;0;0;0;0;0;14;0;99.0;99.0;0;0;0.00;0.00;0.00;0.0;0.0
162.673;170;0;99;0;0.0;19.700;1.340;24;26;0;0;100;0;100;0;0;0;0;88;88;0;0.000;0.000;0.000;0.000;0.000;0.000;0.0;0.0;0;14;0.000;0.000;11.3;0;0.0;0;0;0;0;0;99;0;0;4963;0.00;0;0;0;0;0;0;0;0;0;0;0;0;0;0;0;0;14;0;99.0;99.0;0;0;0.00;0.00;0.00;0.0;0.0
162.742;170;0;99;0;0.0;19.700;1.340;24;26;0;0;100;0;100;0;0;0;0;88;88;0;0.000;0.000;0.000;0.000;0.000;0.000;0.0;0.0;0;14;0.000;0.000;11.3;0;0.0;0;0;0;0;0;99;0;0;4963;0.00;0;0;0;0;0;0;0;0;0;0;0;0;0;0;0;0;14;0;99.0;99.0;0;0;0.00;0.00;0.00;0.0;0.0
162.810;170;0;99;0;0.0;19.700;1.340;24;26;0;0;100;0;100;0;0;0;0;88;88;0;0.000;0.000;0.000;0.000;0.000;0.000;0.0;0.0;0;14;0.000;0.000;11.3;0;0.0;0;0;0;0;0;99;0;0;4963;0.00;0;0;0;0;0;0;0;0;0;0;0;0;0;0;0;0;14;0;99.0;99.0;0;0;0.00;0.00;0.00;0.0;0.0
162.879;170;0;99;0;0.0;19.700;1.340;24;26;0;0;100;0;100;0;0;0;0;88;88;0;0.000;0.000;0.000;0.000;0.000;0.000;0.0;0.0;0;14;0.000;0.000;11.3;0;0.0;0;0;0;0;0;99;0;0;4963;0.00;0;0;0;0;0;0;0;0;0;0;0;0;0;0;0;0;14;0;99.0;99.0;0;0;0.00;0.00;0.00;0.0;0.0
162.944;170;0;99;0;0.0;19.700;1.340;24;26;0;0;100;0;100;0;0;0;0;88;88;0;0.000;0.000;0.000;0.000;0.000;0.000;0.0;0.0;0;14;0.000;0.000;11.3;0;0.0;0;0;0;0;0;99;0;0;4963;0.00;0;0;0;0;0;0;0;0;0;0;0;0;0;0;0;0;14;0;99.0;99.0;0;0;0.00;0.00;0.00;0.0;0.0
163.009;170;0;99;0;0.0;19.700;1.340;24;26;0;0;100;0;100;0;0;0;0;88;88;0;0.000;0.000;0.000;0.000;0.000;0.000;0.0;0.0;0;14;0.000;0.000;11.3;0;0.0;0;0;0;0;0;99;0;0;4963;0.00;0;0;0;0;0;0;0;0;0;0;0;0;0;0;0;0;14;0;99.0;99.0;0;0;0.00;0.00;0.00;0.0;0.0
163.076;170;0;99;0;0.0;19.700;1.340;24;26;0;0;100;0;100;0;0;0;0;88;88;0;0.000;0.000;0.000;0.000;0.000;0.000;0.0;0.0;0;14;0.000;0.000;11.3;0;0.0;0;0;0;0;0;99;0;0;4963;0.00;0;0;0;0;0;0;0;0;0;0;0;0;0;0;0;0;14;0;99.0;99.0;0;0;0.00;0.00;0.00;0.0;0.0
163.145;170;0;99;0;0.0;19.700;1.340;24;26;0;0;100;0;100;0;0;0;0;88;88;0;0.000;0.000;0.000;0.000;0.000;0.000;0.0;0.0;0;14;0.000;0.000;11.3;0;0.0;0;0;0;0;0;99;0;0;4963;0.00;0;0;0;0;0;0;0;0;0;0;0;0;0;0;0;0;14;0;99.0;99.0;0;0;0.00;0.00;0.00;0.0;0.0
163.210;170;0;99;0;0.0;19.700;1.340;24;26;0;0;100;0;100;0;0;0;0;88;88;0;0.000;0.000;0.000;0.000;0.000;0.000;0.0;0.0;0;14;0.000;0.000;11.3;0;0.0;0;0;0;0;0;99;0;0;4963;0.00;0;0;0;0;0;0;0;0;0;0;0;0;0;0;0;0;14;0;99.0;99.0;0;0;0.00;0.00;0.00;0.0;0.0
163.276;170;0;99;0;0.0;19.700;1.340;24;26;0;0;100;0;100;0;0;0;0;88;88;0;0.000;0.000;0.000;0.000;0.000;0.000;0.0;0.0;0;14;0.000;0.000;11.3;0;0.0;0;0;0;0;0;99;0;0;4963;0.00;0;0;0;0;0;0;0;0;0;0;0;0;0;0;0;0;14;0;99.0;99.0;0;0;0.00;0.00;0.00;0.0;0.0
163.341;170;0;99;0;0.0;19.700;1.340;24;26;0;0;100;0;100;0;0;0;0;88;88;0;0.000;0.000;0.000;0.000;0.000;0.000;0.0;0.0;0;14;0.000;0.000;11.3;0;0.0;0;0;0;0;0;99;0;0;4963;0.00;0;0;0;0;0;0;0;0;0;0;0;0;0;0;0;0;14;0;99.0;99.0;0;0;0.00;0.00;0.00;0.0;0.0
163.411;170;0;99;0;0.0;19.700;1.340;24;26;0;0;100;0;100;0;0;0;0;88;88;0;0.000;0.000;0.000;0.000;0.000;0.000;0.0;0.0;0;14;0.000;0.000;11.3;0;0.0;0;0;0;0;0;99;0;0;4963;0.00;0;0;0;0;0;0;0;0;0;0;0;0;0;0;0;0;14;0;99.0;99.0;0;0;0.00;0.00;0.00;0.0;0.0
163.477;171;0;99;0;0.0;19.700;1.340;24;26;0;0;100;0;100;0;0;0;0;88;88;0;0.000;0.000;0.000;0.000;0.000;0.000;0.0;0.0;0;14;0.000;0.000;11.3;0;0.0;0;0;0;0;0;99;0;0;4980;0.00;0;0;0;0;0;0;0;0;0;0;0;0;0;0;0;0;14;0;99.0;99.0;0;0;0.00;0.00;0.00;0.0;0.0
163.542;171;0;99;0;0.0;19.700;1.340;24;26;0;0;100;0;100;0;0;0;0;88;88;0;0.000;0.000;0.000;0.000;0.000;0.000;0.0;0.0;0;14;0.000;0.000;11.3;0;0.0;0;0;0;0;0;99;0;0;4980;0.00;0;0;0;0;0;0;0;0;0;0;0;0;0;0;0;0;14;0;99.0;99.0;0;0;0.00;0.00;0.00;0.0;0.0
163.608;171;0;99;0;0.0;19.700;1.340;24;26;0;0;100;0;100;0;0;0;0;88;88;0;0.000;0.000;0.000;0.000;0.000;0.000;0.0;0.0;0;14;0.000;0.000;11.3;0;0.0;0;0;0;0;0;99;0;0;4980;0.00;0;0;0;0;0;0;0;0;0;0;0;0;0;0;0;0;14;0;99.0;99.0;0;0;0.00;0.00;0.00;0.0;0.0
163.678;171;0;99;0;0.0;19.700;1.340;24;26;0;0;100;0;100;0;0;0;0;88;88;0;0.000;0.000;0.000;0.000;0.000;0.000;0.0;0.0;0;14;0.000;0.000;11.3;0;0.0;0;0;0;0;0;99;0;0;4980;0.00;0;0;0;0;0;0;0;0;0;0;0;0;0;0;0;0;14;0;99.0;99.0;0;0;0.00;0.00;0.00;0.0;0.0
163.743;171;0;99;0;0.0;19.700;1.340;24;26;0;0;100;0;100;0;0;0;0;88;88;0;0.000;0.000;0.000;0.000;0.000;0.000;0.0;0.0;0;14;0.000;0.000;11.3;0;0.0;0;0;0;0;0;99;0;0;4980;0.00;0;0;0;0;0;0;0;0;0;0;0;0;0;0;0;0;14;0;99.0;99.0;0;0;0.00;0.00;0.00;0.0;0.0
163.809;171;0;99;0;0.0;19.700;1.340;24;26;0;0;100;0;100;0;0;0;0;88;88;0;0.000;0.000;0.000;0.000;0.000;0.000;0.0;0.0;0;14;0.000;0.000;11.3;0;0.0;0;0;0;0;0;99;0;0;4980;0.00;0;0;0;0;0;0;0;0;0;0;0;0;0;0;0;0;14;0;99.0;99.0;0;0;0.00;0.00;0.00;0.0;0.0
163.877;171;0;99;0;0.0;19.700;1.340;24;26;0;0;100;0;100;0;0;0;0;88;88;0;0.000;0.000;0.000;0.000;0.000;0.000;0.0;0.0;0;14;0.000;0.000;11.3;0;0.0;0;0;0;0;0;99;0;0;4980;0.00;0;0;0;0;0;0;0;0;0;0;0;0;0;0;0;0;14;0;99.0;99.0;0;0;0.00;0.00;0.00;0.0;0.0
163.943;171;0;99;0;0.0;19.700;1.340;24;26;0;0;100;0;100;0;0;0;0;88;88;0;0.000;0.000;0.000;0.000;0.000;0.000;0.0;0.0;0;14;0.000;0.000;11.3;0;0.0;0;0;0;0;0;99;0;0;4980;0.00;0;0;0;0;0;0;0;0;0;0;0;0;0;0;0;0;14;0;99.0;99.0;0;0;0.00;0.00;0.00;0.0;0.0
164.009;171;0;99;0;0.0;19.700;1.340;24;26;0;0;100;0;100;0;0;0;0;88;88;0;0.000;0.000;0.000;0.000;0.000;0.000;0.0;0.0;0;14;0.000;0.000;11.3;0;0.0;0;0;0;0;0;99;0;0;4980;0.00;0;0;0;0;0;0;0;0;0;0;0;0;0;0;0;0;14;0;99.0;99.0;0;0;0.00;0.00;0.00;0.0;0.0
164.075;171;0;99;0;0.0;19.700;1.340;24;26;0;0;100;0;100;0;0;0;0;88;88;0;0.000;0.000;0.000;0.000;0.000;0.000;0.0;0.0;0;14;0.000;0.000;11.3;0;0.0;0;0;0;0;0;99;0;0;4980;0.00;0;0;0;0;0;0;0;0;0;0;0;0;0;0;0;0;14;0;99.0;99.0;0;0;0.00;0.00;0.00;0.0;0.0
164.144;171;0;99;0;0.0;19.700;1.340;24;26;0;0;100;0;100;0;0;0;0;88;88;0;0.000;0.000;0.000;0.000;0.000;0.000;0.0;0.0;0;14;0.000;0.000;11.3;0;0.0;0;0;0;0;0;99;0;0;4980;0.00;0;0;0;0;0;0;0;0;0;0;0;0;0;0;0;0;14;0;99.0;99.0;0;0;0.00;0.00;0.00;0.0;0.0
164.210;171;0;99;0;0.0;19.700;1.340;24;26;0;0;100;0;100;0;0;0;0;88;88;0;0.000;0.000;0.000;0.000;0.000;0.000;0.0;0.0;0;14;0.000;0.000;11.3;0;0.0;0;0;0;0;0;99;0;0;4980;0.00;0;0;0;0;0;0;0;0;0;0;0;0;0;0;0;0;14;0;99.0;99.0;0;0;0.00;0.00;0.00;0.0;0.0
164.275;171;0;99;0;0.0;19.700;1.340;24;26;0;0;100;0;100;0;0;0;0;88;88;0;0.000;0.000;0.000;0.000;0.000;0.000;0.0;0.0;0;14;0.000;0.000;11.3;0;0.0;0;0;0;0;0;99;0;0;4980;0.00;0;0;0;0;0;0;0;0;0;0;0;0;0;0;0;0;14;0;99.0;99.0;0;0;0.00;0.00;0.00;0.0;0.0
164.345;171;0;99;0;0.0;19.700;1.340;24;26;0;0;100;0;100;0;0;0;0;88;88;0;0.000;0.000;0.000;0.000;0.000;0.000;0.0;0.0;0;14;0.000;0.000;11.3;0;0.0;0;0;0;0;0;99;0;0;4980;0.00;0;0;0;0;0;0;0;0;0;0;0;0;0;0;0;0;14;0;99.0;99.0;0;0;0.00;0.00;0.00;0.0;0.0
164.411;171;0;99;0;0.0;19.700;1.340;24;26;0;0;100;0;100;0;0;0;0;88;88;0;0.000;0.000;0.000;0.000;0.000;0.000;0.0;0.0;0;14;0.000;0.000;11.3;0;0.0;0;0;0;0;0;99;0;0;4980;0.00;0;0;0;0;0;0;0;0;0;0;0;0;0;0;0;0;14;0;99.0;99.0;0;0;0.00;0.00;0.00;0.0;0.0
164.476;172;0;99;0;0.0;19.700;1.340;24;26;0;0;100;0;100;0;0;0;0;88;88;0;0.000;0.000;0.000;0.000;0.000;0.000;0.0;0.0;0;14;0.000;0.000;11.3;0;0.0;0;0;0;0;0;99;0;0;4987;0.00;0;0;0;0;0;0;0;0;0;0;0;0;0;0;0;0;14;0;99.0;99.0;0;0;0.00;0.00;0.00;0.0;0.0
164.541;172;0;99;0;0.0;19.700;1.340;24;26;0;0;100;0;100;0;0;0;0;88;88;0;0.000;0.000;0.000;0.000;0.000;0.000;0.0;0.0;0;14;0.000;0.000;11.3;0;0.0;0;0;0;0;0;99;0;0;4987;0.00;0;0;0;0;0;0;0;0;0;0;0;0;0;0;0;0;14;0;99.0;99.0;0;0;0.00;0.00;0.00;0.0;0.0
164.611;172;0;99;0;0.0;19.700;1.340;24;26;0;0;100;0;100;0;0;0;0;88;88;0;0.000;0.000;0.000;0.000;0.000;0.000;0.0;0.0;0;14;0.000;0.000;11.3;0;0.0;0;0;0;0;0;99;0;0;4987;0.00;0;0;0;0;0;0;0;0;0;0;0;0;0;0;0;0;14;0;99.0;99.0;0;0;0.00;0.00;0.00;0.0;0.0
164.677;172;0;99;0;0.0;19.700;1.340;24;26;0;0;100;0;100;0;0;0;0;88;88;0;0.000;0.000;0.000;0.000;0.000;0.000;0.0;0.0;0;14;0.000;0.000;11.3;0;0.0;0;0;0;0;0;99;0;0;4987;0.00;0;0;0;0;0;0;0;0;0;0;0;0;0;0;0;0;14;0;99.0;99.0;0;0;0.00;0.00;0.00;0.0;0.0
164.742;172;0;99;0;0.0;19.700;1.340;24;26;0;0;100;0;100;0;0;0;0;88;88;0;0.000;0.000;0.000;0.000;0.000;0.000;0.0;0.0;0;14;0.000;0.000;11.3;0;0.0;0;0;0;0;0;99;0;0;4987;0.00;0;0;0;0;0;0;0;0;0;0;0;0;0;0;0;0;14;0;99.0;99.0;0;0;0.00;0.00;0.00;0.0;0.0
164.809;172;0;99;0;0.0;19.700;1.340;24;26;0;0;100;0;100;0;0;0;0;88;88;0;0.000;0.000;0.000;0.000;0.000;0.000;0.0;0.0;0;14;0.000;0.000;11.3;0;0.0;0;0;0;0;0;99;0;0;4987;0.00;0;0;0;0;0;0;0;0;0;0;0;0;0;0;0;0;14;0;99.0;99.0;0;0;0.00;0.00;0.00;0.0;0.0
164.809;172;0;99;0;0.0;19.700;1.340;24;26;0;0;100;0;100;0;0;0;0;88;88;0;0.000;0.000;0.000;0.000;0.000;0.000;0.0;0.0;0;14;0.000;0.000;11.3;0;0.0;0;0;0;0;0;99;0;0;4987;0.00;0;0;0;0;0;0;0;0;0;0;0;0;0;0;0;0;14;0;99.0;99.0;0;0;0.00;0.00;0.00;0.0;0.0
164.943;172;0;99;0;0.0;19.700;1.340;24;26;0;0;100;0;100;0;0;0;0;88;88;0;0.000;0.000;0.000;0.000;0.000;0.000;0.0;0.0;0;14;0.000;0.000;11.3;0;0.0;0;0;0;0;0;99;0;0;4987;0.00;0;0;0;0;0;0;0;0;0;0;0;0;0;0;0;0;14;0;99.0;99.0;0;0;0.00;0.00;0.00;0.0;0.0
165.009;172;0;99;0;0.0;19.700;1.340;24;26;0;0;100;0;100;0;0;0;0;88;88;0;0.000;0.000;0.000;0.000;0.000;0.000;0.0;0.0;0;14;0.000;0.000;11.3;0;0.0;0;0;0;0;0;99;0;0;4987;0.00;0;0;0;0;0;0;0;0;0;0;0;0;0;0;0;0;14;0;99.0;99.0;0;0;0.00;0.00;0.00;0.0;0.0
165.073;172;0;99;0;0.0;19.700;1.340;24;26;0;0;100;0;100;0;0;0;0;88;88;0;0.000;0.000;0.000;0.000;0.000;0.000;0.0;0.0;0;14;0.000;0.000;11.3;0;0.0;0;0;0;0;0;99;0;0;4987;0.00;0;0;0;0;0;0;0;0;0;0;0;0;0;0;0;0;14;0;99.0;99.0;0;0;0.00;0.00;0.00;0.0;0.0
165.143;172;0;99;0;0.0;19.700;1.340;24;26;0;0;100;0;100;0;0;0;0;88;88;0;0.000;0.000;0.000;0.000;0.000;0.000;0.0;0.0;0;14;0.000;0.000;11.3;0;0.0;0;0;0;0;0;99;0;0;4987;0.00;0;0;0;0;0;0;0;0;0;0;0;0;0;0;0;0;14;0;99.0;99.0;0;0;0.00;0.00;0.00;0.0;0.0
165.210;172;0;99;0;0.0;19.700;1.340;24;26;0;0;100;0;100;0;0;0;0;88;88;0;0.000;0.000;0.000;0.000;0.000;0.000;0.0;0.0;0;14;0.000;0.000;11.3;0;0.0;0;0;0;0;0;99;0;0;4987;0.00;0;0;0;0;0;0;0;0;0;0;0;0;0;0;0;0;14;0;99.0;99.0;0;0;0.00;0.00;0.00;0.0;0.0
165.278;172;0;99;0;0.0;19.700;1.340;24;26;0;0;100;0;100;0;0;0;0;88;88;0;0.000;0.000;0.000;0.000;0.000;0.000;0.0;0.0;0;14;0.000;0.000;11.3;0;0.0;0;0;0;0;0;99;0;0;4987;0.00;0;0;0;0;0;0;0;0;0;0;0;0;0;0;0;0;14;0;99.0;99.0;0;0;0.00;0.00;0.00;0.0;0.0
165.344;172;0;99;0;0.0;19.700;1.340;24;26;0;0;100;0;100;0;0;0;0;88;88;0;0.000;0.000;0.000;0.000;0.000;0.000;0.0;0.0;0;14;0.000;0.000;11.3;0;0.0;0;0;0;0;0;99;0;0;4987;0.00;0;0;0;0;0;0;0;0;0;0;0;0;0;0;0;0;14;0;99.0;99.0;0;0;0.00;0.00;0.00;0.0;0.0
165.410;172;0;99;0;0.0;19.700;1.340;24;26;0;0;100;0;100;0;0;0;0;88;88;0;0.000;0.000;0.000;0.000;0.000;0.000;0.0;0.0;0;14;0.000;0.000;11.3;0;0.0;0;0;0;0;0;99;0;0;4987;0.00;0;0;0;0;0;0;0;0;0;0;0;0;0;0;0;0;14;0;99.0;99.0;0;0;0.00;0.00;0.00;0.0;0.0
165.479;173;0;99;0;0.0;19.700;1.340;24;26;0;0;100;0;100;0;0;0;0;88;88;0;0.000;0.000;0.000;0.000;0.000;0.000;0.0;0.0;0;14;0.000;0.000;11.3;0;0.0;0;0;0;0;0;99;0;0;4978;0.00;0;0;0;0;0;0;0;0;0;0;0;0;0;0;0;0;14;0;99.0;99.0;0;0;0.00;0.00;0.00;0.0;0.0
165.545;173;0;99;0;0.0;19.700;1.340;24;26;0;0;100;0;100;0;0;0;0;88;88;0;0.000;0.000;0.000;0.000;0.000;0.000;0.0;0.0;0;14;0.000;0.000;11.3;0;0.0;0;0;0;0;0;99;0;0;4978;0.00;0;0;0;0;0;0;0;0;0;0;0;0;0;0;0;0;14;0;99.0;99.0;0;0;0.00;0.00;0.00;0.0;0.0
165.611;173;0;99;0;0.0;19.700;1.340;24;26;0;0;100;0;100;0;0;0;0;88;88;0;0.000;0.000;0.000;0.000;0.000;0.000;0.0;0.0;0;14;0.000;0.000;11.3;0;0.0;0;0;0;0;0;99;0;0;4978;0.00;0;0;0;0;0;0;0;0;0;0;0;0;0;0;0;0;14;0;99.0;99.0;0;0;0.00;0.00;0.00;0.0;0.0
165.680;173;0;99;0;0.0;19.700;1.340;24;26;0;0;100;0;100;0;0;0;0;88;88;0;0.000;0.000;0.000;0.000;0.000;0.000;0.0;0.0;0;14;0.000;0.000;11.3;0;0.0;0;0;0;0;0;99;0;0;4978;0.00;0;0;0;0;0;0;0;0;0;0;0;0;0;0;0;0;14;0;99.0;99.0;0;0;0.00;0.00;0.00;0.0;0.0
165.745;173;0;99;0;0.0;19.700;1.340;24;26;0;0;100;0;100;0;0;0;0;88;88;0;0.000;0.000;0.000;0.000;0.000;0.000;0.0;0.0;0;14;0.000;0.000;11.3;0;0.0;0;0;0;0;0;99;0;0;4978;0.00;0;0;0;0;0;0;0;0;0;0;0;0;0;0;0;0;14;0;99.0;99.0;0;0;0.00;0.00;0.00;0.0;0.0
165.811;173;0;99;0;0.0;19.700;1.340;24;26;0;0;100;0;100;0;0;0;0;88;88;0;0.000;0.000;0.000;0.000;0.000;0.000;0.0;0.0;0;14;0.000;0.000;11.3;0;0.0;0;0;0;0;0;99;0;0;4978;0.00;0;0;0;0;0;0;0;0;0;0;0;0;0;0;0;0;14;0;99.0;99.0;0;0;0.00;0.00;0.00;0.0;0.0
165.877;173;0;99;0;0.0;19.700;1.340;24;26;0;0;100;0;100;0;0;0;0;88;88;0;0.000;0.000;0.000;0.000;0.000;0.000;0.0;0.0;0;14;0.000;0.000;11.3;0;0.0;0;0;0;0;0;99;0;0;4978;0.00;0;0;0;0;0;0;0;0;0;0;0;0;0;0;0;0;14;0;99.0;99.0;0;0;0.00;0.00;0.00;0.0;0.0
165.942;173;0;99;0;0.0;19.700;1.340;24;26;0;0;100;0;100;0;0;0;0;88;88;0;0.000;0.000;0.000;0.000;0.000;0.000;0.0;0.0;0;14;0.000;0.000;11.3;0;0.0;0;0;0;0;0;99;0;0;4978;0.00;0;0;0;0;0;0;0;0;0;0;0;0;0;0;0;0;14;0;99.0;99.0;0;0;0.00;0.00;0.00;0.0;0.0
166.008;173;0;99;0;0.0;19.700;1.340;24;26;0;0;100;0;100;0;0;0;0;88;88;0;0.000;0.000;0.000;0.000;0.000;0.000;0.0;0.0;0;14;0.000;0.000;11.3;0;0.0;0;0;0;0;0;99;0;0;4978;0.00;0;0;0;0;0;0;0;0;0;0;0;0;0;0;0;0;14;0;99.0;99.0;0;0;0.00;0.00;0.00;0.0;0.0
166.073;173;0;99;0;0.0;19.700;1.340;24;26;0;0;100;0;100;0;0;0;0;88;88;0;0.000;0.000;0.000;0.000;0.000;0.000;0.0;0.0;0;14;0.000;0.000;11.3;0;0.0;0;0;0;0;0;99;0;0;4978;0.00;0;0;0;0;0;0;0;0;0;0;0;0;0;0;0;0;14;0;99.0;99.0;0;0;0.00;0.00;0.00;0.0;0.0
166.143;173;0;99;0;0.0;19.700;1.340;24;26;0;0;100;0;100;0;0;0;0;88;88;0;0.000;0.000;0.000;0.000;0.000;0.000;0.0;0.0;0;14;0.000;0.000;11.3;0;0.0;0;0;0;0;0;99;0;0;4978;0.00;0;0;0;0;0;0;0;0;0;0;0;0;0;0;0;0;14;0;99.0;99.0;0;0;0.00;0.00;0.00;0.0;0.0
166.208;173;0;99;0;0.0;19.700;1.340;24;26;0;0;100;0;100;0;0;0;0;88;88;0;0.000;0.000;0.000;0.000;0.000;0.000;0.0;0.0;0;14;0.000;0.000;11.3;0;0.0;0;0;0;0;0;99;0;0;4978;0.00;0;0;0;0;0;0;0;0;0;0;0;0;0;0;0;0;14;0;99.0;99.0;0;0;0.00;0.00;0.00;0.0;0.0
166.273;173;0;99;0;0.0;19.700;1.340;24;26;0;0;100;0;100;0;0;0;0;88;88;0;0.000;0.000;0.000;0.000;0.000;0.000;0.0;0.0;0;14;0.000;0.000;11.3;0;0.0;0;0;0;0;0;99;0;0;4978;0.00;0;0;0;0;0;0;0;0;0;0;0;0;0;0;0;0;14;0;99.0;99.0;0;0;0.00;0.00;0.00;0.0;0.0
166.339;173;0;99;0;0.0;19.700;1.340;24;26;0;0;100;0;100;0;0;0;0;88;88;0;0.000;0.000;0.000;0.000;0.000;0.000;0.0;0.0;0;14;0.000;0.000;11.3;0;0.0;0;0;0;0;0;99;0;0;4978;0.00;0;0;0;0;0;0;0;0;0;0;0;0;0;0;0;0;14;0;99.0;99.0;0;0;0.00;0.00;0.00;0.0;0.0
166.409;173;0;99;0;0.0;19.700;1.340;24;26;0;0;100;0;100;0;0;0;0;88;88;0;0.000;0.000;0.000;0.000;0.000;0.000;0.0;0.0;0;14;0.000;0.000;11.3;0;0.0;0;0;0;0;0;99;0;0;4978;0.00;0;0;0;0;0;0;0;0;0;0;0;0;0;0;0;0;14;0;99.0;99.0;0;0;0.00;0.00;0.00;0.0;0.0
166.475;173;0;99;0;0.0;19.700;1.340;24;26;0;0;100;0;100;0;0;0;0;88;88;0;0.000;0.000;0.000;0.000;0.000;0.000;0.0;0.0;0;14;0.000;0.000;11.3;0;0.0;0;0;0;0;0;99;0;0;4978;0.00;0;0;0;0;0;0;0;0;0;0;0;0;0;0;0;0;14;0;99.0;99.0;0;0;0.00;0.00;0.00;0.0;0.0
166.545;174;0;99;0;0.0;19.700;1.340;24;26;0;0;100;0;100;0;0;0;0;88;88;0;0.000;0.000;0.000;0.000;0.000;0.000;0.0;0.0;0;14;0.000;0.000;11.3;0;0.0;0;0;0;0;0;99;0;0;4970;0.00;0;0;0;0;0;0;0;0;0;0;0;0;0;0;0;0;14;0;99.0;99.0;0;0;0.00;0.00;0.00;0.0;0.0
166.610;174;0;99;0;0.0;19.700;1.340;24;26;0;0;100;0;100;0;0;0;0;88;88;0;0.000;0.000;0.000;0.000;0.000;0.000;0.0;0.0;0;14;0.000;0.000;11.3;0;0.0;0;0;0;0;0;99;0;0;4970;0.00;0;0;0;0;0;0;0;0;0;0;0;0;0;0;0;0;14;0;99.0;99.0;0;0;0.00;0.00;0.00;0.0;0.0
166.674;174;0;99;0;0.0;19.700;1.340;24;26;0;0;100;0;100;0;0;0;0;88;88;0;0.000;0.000;0.000;0.000;0.000;0.000;0.0;0.0;0;14;0.000;0.000;11.3;0;0.0;0;0;0;0;0;99;0;0;4970;0.00;0;0;0;0;0;0;0;0;0;0;0;0;0;0;0;0;14;0;99.0;99.0;0;0;0.00;0.00;0.00;0.0;0.0
166.741;174;0;99;0;0.0;19.700;1.340;24;26;0;0;100;0;100;0;0;0;0;88;88;0;0.000;0.000;0.000;0.000;0.000;0.000;0.0;0.0;0;14;0.000;0.000;11.3;0;0.0;0;0;0;0;0;99;0;0;4970;0.00;0;0;0;0;0;0;0;0;0;0;0;0;0;0;0;0;14;0;99.0;99.0;0;0;0.00;0.00;0.00;0.0;0.0
166.811;174;0;99;0;0.0;19.700;1.340;24;26;0;0;100;0;100;0;0;0;0;88;88;0;0.000;0.000;0.000;0.000;0.000;0.000;0.0;0.0;0;14;0.000;0.000;11.3;0;0.0;0;0;0;0;0;99;0;0;4970;0.00;0;0;0;0;0;0;0;0;0;0;0;0;0;0;0;0;14;0;99.0;99.0;0;0;0.00;0.00;0.00;0.0;0.0
166.876;174;0;99;0;0.0;19.700;1.340;24;26;0;0;100;0;100;0;0;0;0;88;88;0;0.000;0.000;0.000;0.000;0.000;0.000;0.0;0.0;0;14;0.000;0.000;11.3;0;0.0;0;0;0;0;0;99;0;0;4970;0.00;0;0;0;0;0;0;0;0;0;0;0;0;0;0;0;0;14;0;99.0;99.0;0;0;0.00;0.00;0.00;0.0;0.0
166.941;174;0;99;0;0.0;19.700;1.340;24;26;0;0;100;0;100;0;0;0;0;88;88;0;0.000;0.000;0.000;0.000;0.000;0.000;0.0;0.0;0;14;0.000;0.000;11.3;0;0.0;0;0;0;0;0;99;0;0;4970;0.00;0;0;0;0;0;0;0;0;0;0;0;0;0;0;0;0;14;0;99.0;99.0;0;0;0.00;0.00;0.00;0.0;0.0
167.011;174;0;99;0;0.0;19.700;1.340;24;26;0;0;100;0;100;0;0;0;0;88;88;0;0.000;0.000;0.000;0.000;0.000;0.000;0.0;0.0;0;14;0.000;0.000;11.3;0;0.0;0;0;0;0;0;99;0;0;4970;0.00;0;0;0;0;0;0;0;0;0;0;0;0;0;0;0;0;14;0;99.0;99.0;0;0;0.00;0.00;0.00;0.0;0.0
167.076;174;0;99;0;0.0;19.700;1.340;24;26;0;0;100;0;100;0;0;0;0;88;88;0;0.000;0.000;0.000;0.000;0.000;0.000;0.0;0.0;0;14;0.000;0.000;11.3;0;0.0;0;0;0;0;0;99;0;0;4970;0.00;0;0;0;0;0;0;0;0;0;0;0;0;0;0;0;0;14;0;99.0;99.0;0;0;0.00;0.00;0.00;0.0;0.0
167.143;174;0;99;0;0.0;19.700;1.340;24;26;0;0;100;0;100;0;0;0;0;88;88;0;0.000;0.000;0.000;0.000;0.000;0.000;0.0;0.0;0;14;0.000;0.000;11.3;0;0.0;0;0;0;0;0;99;0;0;4970;0.00;0;0;0;0;0;0;0;0;0;0;0;0;0;0;0;0;14;0;99.0;99.0;0;0;0.00;0.00;0.00;0.0;0.0
167.212;174;0;99;0;0.0;19.700;1.340;24;26;0;0;100;0;100;0;0;0;0;88;88;0;0.000;0.000;0.000;0.000;0.000;0.000;0.0;0.0;0;14;0.000;0.000;11.3;0;0.0;0;0;0;0;0;99;0;0;4970;0.00;0;0;0;0;0;0;0;0;0;0;0;0;0;0;0;0;14;0;99.0;99.0;0;0;0.00;0.00;0.00;0.0;0.0
167.277;174;0;99;0;0.0;19.700;1.340;24;26;0;0;100;0;100;0;0;0;0;88;88;0;0.000;0.000;0.000;0.000;0.000;0.000;0.0;0.0;0;14;0.000;0.000;11.3;0;0.0;0;0;0;0;0;99;0;0;4970;0.00;0;0;0;0;0;0;0;0;0;0;0;0;0;0;0;0;14;0;99.0;99.0;0;0;0.00;0.00;0.00;0.0;0.0
167.342;174;0;99;0;0.0;19.700;1.340;24;26;0;0;100;0;100;0;0;0;0;88;88;0;0.000;0.000;0.000;0.000;0.000;0.000;0.0;0.0;0;14;0.000;0.000;11.3;0;0.0;0;0;0;0;0;99;0;0;4970;0.00;0;0;0;0;0;0;0;0;0;0;0;0;0;0;0;0;14;0;99.0;99.0;0;0;0.00;0.00;0.00;0.0;0.0
167.412;174;0;99;0;0.0;19.700;1.340;24;26;0;0;100;0;100;0;0;0;0;88;88;0;0.000;0.000;0.000;0.000;0.000;0.000;0.0;0.0;0;14;0.000;0.000;11.3;0;0.0;0;0;0;0;0;99;0;0;4970;0.00;0;0;0;0;0;0;0;0;0;0;0;0;0;0;0;0;14;0;99.0;99.0;0;0;0.00;0.00;0.00;0.0;0.0
167.478;174;0;99;0;0.0;19.700;1.340;24;26;0;0;100;0;100;0;0;0;0;88;88;0;0.000;0.000;0.000;0.000;0.000;0.000;0.0;0.0;0;14;0.000;0.000;11.3;0;0.0;0;0;0;0;0;99;0;0;4970;0.00;0;0;0;0;0;0;0;0;0;0;0;0;0;0;0;0;14;0;99.0;99.0;0;0;0.00;0.00;0.00;0.0;0.0
167.544;175;0;99;0;0.0;19.700;1.340;24;26;0;0;100;0;100;0;0;0;0;88;88;0;0.000;0.000;0.000;0.000;0.000;0.000;0.0;0.0;0;14;0.000;0.000;11.3;0;0.0;0;0;0;0;0;99;0;0;4976;0.00;0;0;0;0;0;0;0;0;0;0;0;0;0;0;0;0;14;0;99.0;99.0;0;0;0.00;0.00;0.00;0.0;0.0
167.608;175;0;99;0;0.0;19.700;1.340;24;26;0;0;100;0;100;0;0;0;0;88;88;0;0.000;0.000;0.000;0.000;0.000;0.000;0.0;0.0;0;14;0.000;0.000;11.3;0;0.0;0;0;0;0;0;99;0;0;4976;0.00;0;0;0;0;0;0;0;0;0;0;0;0;0;0;0;0;14;0;99.0;99.0;0;0;0.00;0.00;0.00;0.0;0.0
167.679;175;0;99;0;0.0;19.700;1.340;24;26;0;0;100;0;100;0;0;0;0;88;88;0;0.000;0.000;0.000;0.000;0.000;0.000;0.0;0.0;0;14;0.000;0.000;11.3;0;0.0;0;0;0;0;0;99;0;0;4976;0.00;0;0;0;0;0;0;0;0;0;0;0;0;0;0;0;0;14;0;99.0;99.0;0;0;0.00;0.00;0.00;0.0;0.0
167.744;175;0;99;0;0.0;19.700;1.340;24;26;0;0;100;0;100;0;0;0;0;88;88;0;0.000;0.000;0.000;0.000;0.000;0.000;0.0;0.0;0;14;0.000;0.000;11.3;0;0.0;0;0;0;0;0;99;0;0;4976;0.00;0;0;0;0;0;0;0;0;0;0;0;0;0;0;0;0;14;0;99.0;99.0;0;0;0.00;0.00;0.00;0.0;0.0
167.810;175;0;99;0;0.0;19.700;1.340;24;26;0;0;100;0;100;0;0;0;0;88;88;0;0.000;0.000;0.000;0.000;0.000;0.000;0.0;0.0;0;14;0.000;0.000;11.3;0;0.0;0;0;0;0;0;99;0;0;4976;0.00;0;0;0;0;0;0;0;0;0;0;0;0;0;0;0;0;14;0;99.0;99.0;0;0;0.00;0.00;0.00;0.0;0.0
167.875;175;0;99;0;0.0;19.700;1.340;24;26;0;0;100;0;100;0;0;0;0;88;88;0;0.000;0.000;0.000;0.000;0.000;0.000;0.0;0.0;0;14;0.000;0.000;11.3;0;0.0;0;0;0;0;0;99;0;0;4976;0.00;0;0;0;0;0;0;0;0;0;0;0;0;0;0;0;0;14;0;99.0;99.0;0;0;0.00;0.00;0.00;0.0;0.0
167.946;175;0;99;0;0.0;19.700;1.340;24;26;0;0;100;0;100;0;0;0;0;88;88;0;0.000;0.000;0.000;0.000;0.000;0.000;0.0;0.0;0;14;0.000;0.000;11.3;0;0.0;0;0;0;0;0;99;0;0;4976;0.00;0;0;0;0;0;0;0;0;0;0;0;0;0;0;0;0;14;0;99.0;99.0;0;0;0.00;0.00;0.00;0.0;0.0
168.010;175;0;99;0;0.0;19.700;1.340;24;26;0;0;100;0;100;0;0;0;0;88;88;0;0.000;0.000;0.000;0.000;0.000;0.000;0.0;0.0;0;14;0.000;0.000;11.3;0;0.0;0;0;0;0;0;99;0;0;4976;0.00;0;0;0;0;0;0;0;0;0;0;0;0;0;0;0;0;14;0;99.0;99.0;0;0;0.00;0.00;0.00;0.0;0.0
168.075;175;0;99;0;0.0;19.700;1.340;24;26;0;0;100;0;100;0;0;0;0;88;88;0;0.000;0.000;0.000;0.000;0.000;0.000;0.0;0.0;0;14;0.000;0.000;11.3;0;0.0;0;0;0;0;0;99;0;0;4976;0.00;0;0;0;0;0;0;0;0;0;0;0;0;0;0;0;0;14;0;99.0;99.0;0;0;0.00;0.00;0.00;0.0;0.0
168.142;175;0;99;0;0.0;19.700;1.340;24;26;0;0;100;0;100;0;0;0;0;88;88;0;0.000;0.000;0.000;0.000;0.000;0.000;0.0;0.0;0;14;0.000;0.000;11.3;0;0.0;0;0;0;0;0;99;0;0;4976;0.00;0;0;0;0;0;0;0;0;0;0;0;0;0;0;0;0;14;0;99.0;99.0;0;0;0.00;0.00;0.00;0.0;0.0
168.212;175;0;99;0;0.0;19.700;1.340;24;26;0;0;100;0;100;0;0;0;0;88;88;0;0.000;0.000;0.000;0.000;0.000;0.000;0.0;0.0;0;14;0.000;0.000;11.3;0;0.0;0;0;0;0;0;99;0;0;4976;0.00;0;0;0;0;0;0;0;0;0;0;0;0;0;0;0;0;14;0;99.0;99.0;0;0;0.00;0.00;0.00;0.0;0.0
168.277;175;0;99;0;0.0;19.700;1.340;24;26;0;0;100;0;100;0;0;0;0;88;88;0;0.000;0.000;0.000;0.000;0.000;0.000;0.0;0.0;0;14;0.000;0.000;11.3;0;0.0;0;0;0;0;0;99;0;0;4976;0.00;0;0;0;0;0;0;0;0;0;0;0;0;0;0;0;0;14;0;99.0;99.0;0;0;0.00;0.00;0.00;0.0;0.0
168.342;175;0;99;0;0.0;19.700;1.340;24;26;0;0;100;0;100;0;0;0;0;88;88;0;0.000;0.000;0.000;0.000;0.000;0.000;0.0;0.0;0;14;0.000;0.000;11.3;0;0.0;0;0;0;0;0;99;0;0;4976;0.00;0;0;0;0;0;0;0;0;0;0;0;0;0;0;0;0;14;0;99.0;99.0;0;0;0.00;0.00;0.00;0.0;0.0
168.408;175;0;99;0;0.0;19.700;1.340;24;26;0;0;100;0;100;0;0;0;0;88;88;0;0.000;0.000;0.000;0.000;0.000;0.000;0.0;0.0;0;14;0.000;0.000;11.3;0;0.0;0;0;0;0;0;99;0;0;4976;0.00;0;0;0;0;0;0;0;0;0;0;0;0;0;0;0;0;14;0;99.0;99.0;0;0;0.00;0.00;0.00;0.0;0.0
168.477;175;0;99;0;0.0;19.700;1.340;24;26;0;0;100;0;100;0;0;0;0;88;88;0;0.000;0.000;0.000;0.000;0.000;0.000;0.0;0.0;0;14;0.000;0.000;11.3;0;0.0;0;0;0;0;0;99;0;0;4976;0.00;0;0;0;0;0;0;0;0;0;0;0;0;0;0;0;0;14;0;99.0;99.0;0;0;0.00;0.00;0.00;0.0;0.0
168.544;176;0;99;0;0.0;19.700;1.340;24;26;0;0;100;0;100;0;0;0;0;88;88;0;0.000;0.000;0.000;0.000;0.000;0.000;0.0;0.0;0;14;0.000;0.000;11.3;0;0.0;0;0;0;0;0;99;0;0;4979;0.00;0;0;0;0;0;0;0;0;0;0;0;0;0;0;0;0;14;0;99.0;99.0;0;0;0.00;0.00;0.00;0.0;0.0
168.613;176;0;99;0;0.0;19.700;1.340;24;26;0;0;100;0;100;0;0;0;0;88;88;0;0.000;0.000;0.000;0.000;0.000;0.000;0.0;0.0;0;14;0.000;0.000;11.3;0;0.0;0;0;0;0;0;99;0;0;4979;0.00;0;0;0;0;0;0;0;0;0;0;0;0;0;0;0;0;14;0;99.0;99.0;0;0;0.00;0.00;0.00;0.0;0.0
168.678;176;0;99;0;0.0;19.700;1.340;24;26;0;0;100;0;100;0;0;0;0;88;88;0;0.000;0.000;0.000;0.000;0.000;0.000;0.0;0.0;0;14;0.000;0.000;11.3;0;0.0;0;0;0;0;0;99;0;0;4979;0.00;0;0;0;0;0;0;0;0;0;0;0;0;0;0;0;0;14;0;99.0;99.0;0;0;0.00;0.00;0.00;0.0;0.0
168.743;176;0;99;0;0.0;19.700;1.340;24;26;0;0;100;0;100;0;0;0;0;88;88;0;0.000;0.000;0.000;0.000;0.000;0.000;0.0;0.0;0;14;0.000;0.000;11.3;0;0.0;0;0;0;0;0;99;0;0;4979;0.00;0;0;0;0;0;0;0;0;0;0;0;0;0;0;0;0;14;0;99.0;99.0;0;0;0.00;0.00;0.00;0.0;0.0
168.810;176;0;99;0;0.0;19.700;1.340;24;26;0;0;100;0;100;0;0;0;0;88;88;0;0.000;0.000;0.000;0.000;0.000;0.000;0.0;0.0;0;14;0.000;0.000;11.3;0;0.0;0;0;0;0;0;99;0;0;4979;0.00;0;0;0;0;0;0;0;0;0;0;0;0;0;0;0;0;14;0;99.0;99.0;0;0;0.00;0.00;0.00;0.0;0.0
168.875;176;0;99;0;0.0;19.700;1.340;24;26;0;0;100;0;100;0;0;0;0;88;88;0;0.000;0.000;0.000;0.000;0.000;0.000;0.0;0.0;0;14;0.000;0.000;11.3;0;0.0;0;0;0;0;0;99;0;0;4979;0.00;0;0;0;0;0;0;0;0;0;0;0;0;0;0;0;0;14;0;99.0;99.0;0;0;0.00;0.00;0.00;0.0;0.0
168.944;176;0;99;0;0.0;19.700;1.340;24;26;0;0;100;0;100;0;0;0;0;88;88;0;0.000;0.000;0.000;0.000;0.000;0.000;0.0;0.0;0;14;0.000;0.000;11.3;0;0.0;0;0;0;0;0;99;0;0;4979;0.00;0;0;0;0;0;0;0;0;0;0;0;0;0;0;0;0;14;0;99.0;99.0;0;0;0.00;0.00;0.00;0.0;0.0
169.010;176;0;99;0;0.0;19.700;1.340;24;26;0;0;100;0;100;0;0;0;0;88;88;0;0.000;0.000;0.000;0.000;0.000;0.000;0.0;0.0;0;14;0.000;0.000;11.3;0;0.0;0;0;0;0;0;99;0;0;4979;0.00;0;0;0;0;0;0;0;0;0;0;0;0;0;0;0;0;14;0;99.0;99.0;0;0;0.00;0.00;0.00;0.0;0.0
169.076;176;0;99;0;0.0;19.700;1.340;24;26;0;0;100;0;100;0;0;0;0;88;88;0;0.000;0.000;0.000;0.000;0.000;0.000;0.0;0.0;0;14;0.000;0.000;11.3;0;0.0;0;0;0;0;0;99;0;0;4979;0.00;0;0;0;0;0;0;0;0;0;0;0;0;0;0;0;0;14;0;99.0;99.0;0;0;0.00;0.00;0.00;0.0;0.0
169.141;176;0;99;0;0.0;19.700;1.340;24;26;0;0;100;0;100;0;0;0;0;88;88;0;0.000;0.000;0.000;0.000;0.000;0.000;0.0;0.0;0;14;0.000;0.000;11.3;0;0.0;0;0;0;0;0;99;0;0;4979;0.00;0;0;0;0;0;0;0;0;0;0;0;0;0;0;0;0;14;0;99.0;99.0;0;0;0.00;0.00;0.00;0.0;0.0
169.210;176;0;99;0;0.0;19.700;1.340;24;26;0;0;100;0;100;0;0;0;0;88;88;0;0.000;0.000;0.000;0.000;0.000;0.000;0.0;0.0;0;14;0.000;0.000;11.3;0;0.0;0;0;0;0;0;99;0;0;4979;0.00;0;0;0;0;0;0;0;0;0;0;0;0;0;0;0;0;14;0;99.0;99.0;0;0;0.00;0.00;0.00;0.0;0.0
169.276;176;0;99;0;0.0;19.700;1.340;24;26;0;0;100;0;100;0;0;0;0;88;88;0;0.000;0.000;0.000;0.000;0.000;0.000;0.0;0.0;0;14;0.000;0.000;11.3;0;0.0;0;0;0;0;0;99;0;0;4979;0.00;0;0;0;0;0;0;0;0;0;0;0;0;0;0;0;0;14;0;99.0;99.0;0;0;0.00;0.00;0.00;0.0;0.0
169.341;176;0;99;0;0.0;19.700;1.340;24;26;0;0;100;0;100;0;0;0;0;88;88;0;0.000;0.000;0.000;0.000;0.000;0.000;0.0;0.0;0;14;0.000;0.000;11.3;0;0.0;0;0;0;0;0;99;0;0;4979;0.00;0;0;0;0;0;0;0;0;0;0;0;0;0;0;0;0;14;0;99.0;99.0;0;0;0.00;0.00;0.00;0.0;0.0
169.407;176;0;99;0;0.0;19.700;1.340;24;26;0;0;100;0;100;0;0;0;0;88;88;0;0.000;0.000;0.000;0.000;0.000;0.000;0.0;0.0;0;14;0.000;0.000;11.3;0;0.0;0;0;0;0;0;99;0;0;4979;0.00;0;0;0;0;0;0;0;0;0;0;0;0;0;0;0;0;14;0;99.0;99.0;0;0;0.00;0.00;0.00;0.0;0.0
169.477;176;0;99;0;0.0;19.700;1.340;24;26;0;0;100;0;100;0;0;0;0;88;88;0;0.000;0.000;0.000;0.000;0.000;0.000;0.0;0.0;0;14;0.000;0.000;11.3;0;0.0;0;0;0;0;0;99;0;0;4979;0.00;0;0;0;0;0;0;0;0;0;0;0;0;0;0;0;0;14;0;99.0;99.0;0;0;0.00;0.00;0.00;0.0;0.0
169.547;177;0;98;0;0.0;19.700;1.340;24;26;0;0;100;0;100;0;0;0;0;88;88;0;0.000;0.000;0.000;0.000;0.000;0.000;0.0;0.0;0;15;0.000;0.000;11.3;0;-0.1;0;0;0;0;0;99;0;0;4979;0.00;0;0;0;0;0;0;0;0;0;0;0;0;0;0;0;0;15;0;98.0;98.0;0;0;0.00;0.00;0.00;0.0;0.0
169.611;177;0;99;0;0.0;19.700;1.340;24;26;0;0;100;0;100;0;0;0;0;88;88;0;0.000;0.000;0.000;0.000;0.000;0.000;0.0;0.0;0;14;0.000;0.000;11.3;0;0.0;0;0;0;0;0;99;0;0;4979;0.00;0;0;0;0;0;0;0;0;0;0;0;0;0;0;0;0;14;0;99.0;99.0;0;0;0.00;0.00;0.00;0.0;0.0
169.677;177;0;99;0;0.0;19.700;1.340;24;26;0;0;100;0;100;0;0;0;0;88;88;0;0.000;0.000;0.000;0.000;0.000;0.000;0.0;0.0;0;14;0.000;0.000;11.3;0;0.0;0;0;0;0;0;99;0;0;4979;0.00;0;0;0;0;0;0;0;0;0;0;0;0;0;0;0;0;14;0;99.0;99.0;0;0;0.00;0.00;0.00;0.0;0.0
169.743;177;0;99;0;0.0;19.700;1.340;24;26;0;0;100;0;100;0;0;0;0;88;88;0;0.000;0.000;0.000;0.000;0.000;0.000;0.0;0.0;0;14;0.000;0.000;11.3;0;0.0;0;0;0;0;0;99;0;0;4979;0.00;0;0;0;0;0;0;0;0;0;0;0;0;0;0;0;0;14;0;99.0;99.0;0;0;0.00;0.00;0.00;0.0;0.0
169.808;177;0;99;0;0.0;19.700;1.340;24;26;0;0;100;0;100;0;0;0;0;88;88;0;0.000;0.000;0.000;0.000;0.000;0.000;0.0;0.0;0;14;0.000;0.000;11.3;0;0.0;0;0;0;0;0;99;0;0;4979;0.00;0;0;0;0;0;0;0;0;0;0;0;0;0;0;0;0;14;0;99.0;99.0;0;0;0.00;0.00;0.00;0.0;0.0
169.879;177;0;99;0;0.0;19.700;1.340;24;26;0;0;100;0;100;0;0;0;0;88;88;0;0.000;0.000;0.000;0.000;0.000;0.000;0.0;0.0;0;14;0.000;0.000;11.3;0;0.0;0;0;0;0;0;99;0;0;4979;0.00;0;0;0;0;0;0;0;0;0;0;0;0;0;0;0;0;14;0;99.0;99.0;0;0;0.00;0.00;0.00;0.0;0.0
169.943;177;0;99;0;0.0;19.700;1.340;24;26;0;0;100;0;100;0;0;0;0;88;88;0;0.000;0.000;0.000;0.000;0.000;0.000;0.0;0.0;0;14;0.000;0.000;11.3;0;0.0;0;0;0;0;0;99;0;0;4979;0.00;0;0;0;0;0;0;0;0;0;0;0;0;0;0;0;0;14;0;99.0;99.0;0;0;0.00;0.00;0.00;0.0;0.0
170.010;177;0;99;0;0.0;19.700;1.340;24;26;0;0;100;0;100;0;0;0;0;88;88;0;0.000;0.000;0.000;0.000;0.000;0.000;0.0;0.0;0;14;0.000;0.000;11.3;0;0.0;0;0;0;0;0;99;0;0;4979;0.00;0;0;0;0;0;0;0;0;0;0;0;0;0;0;0;0;14;0;99.0;99.0;0;0;0.00;0.00;0.00;0.0;0.0
170.078;177;0;99;0;0.0;19.700;1.340;24;26;0;0;100;0;100;0;0;0;0;88;88;0;0.000;0.000;0.000;0.000;0.000;0.000;0.0;0.0;0;14;0.000;0.000;11.3;0;0.0;0;0;0;0;0;99;0;0;4979;0.00;0;0;0;0;0;0;0;0;0;0;0;0;0;0;0;0;14;0;99.0;99.0;0;0;0.00;0.00;0.00;0.0;0.0
170.144;177;0;99;0;0.0;19.700;1.340;24;26;0;0;100;0;100;0;0;0;0;88;88;0;0.000;0.000;0.000;0.000;0.000;0.000;0.0;0.0;0;14;0.000;0.000;11.3;0;0.0;0;0;0;0;0;99;0;0;4979;0.00;0;0;0;0;0;0;0;0;0;0;0;0;0;0;0;0;14;0;99.0;99.0;0;0;0.00;0.00;0.00;0.0;0.0
170.210;177;0;99;0;0.0;19.700;1.340;24;26;0;0;100;0;100;0;0;0;0;88;88;0;0.000;0.000;0.000;0.000;0.000;0.000;0.0;0.0;0;14;0.000;0.000;11.3;0;0.0;0;0;0;0;0;99;0;0;4979;0.00;0;0;0;0;0;0;0;0;0;0;0;0;0;0;0;0;14;0;99.0;99.0;0;0;0.00;0.00;0.00;0.0;0.0
170.275;177;0;99;0;0.0;19.700;1.340;24;26;0;0;100;0;100;0;0;0;0;88;88;0;0.000;0.000;0.000;0.000;0.000;0.000;0.0;0.0;0;14;0.000;0.000;11.3;0;0.0;0;0;0;0;0;99;0;0;4979;0.00;0;0;0;0;0;0;0;0;0;0;0;0;0;0;0;0;14;0;99.0;99.0;0;0;0.00;0.00;0.00;0.0;0.0
170.342;177;0;99;0;0.0;19.700;1.340;24;26;0;0;100;0;100;0;0;0;0;88;88;0;0.000;0.000;0.000;0.000;0.000;0.000;0.0;0.0;0;14;0.000;0.000;11.3;0;0.0;0;0;0;0;0;99;0;0;4979;0.00;0;0;0;0;0;0;0;0;0;0;0;0;0;0;0;0;14;0;99.0;99.0;0;0;0.00;0.00;0.00;0.0;0.0
170.411;177;0;99;0;0.0;19.700;1.340;24;26;0;0;100;0;100;0;0;0;0;88;88;0;0.000;0.000;0.000;0.000;0.000;0.000;0.0;0.0;0;14;0.000;0.000;11.3;0;0.0;0;0;0;0;0;99;0;0;4979;0.00;0;0;0;0;0;0;0;0;0;0;0;0;0;0;0;0;14;0;99.0;99.0;0;0;0.00;0.00;0.00;0.0;0.0
170.476;177;0;99;0;0.0;19.700;1.340;24;26;0;0;100;0;100;0;0;0;0;88;88;0;0.000;0.000;0.000;0.000;0.000;0.000;0.0;0.0;0;14;0.000;0.000;11.3;0;0.0;0;0;0;0;0;99;0;0;4979;0.00;0;0;0;0;0;0;0;0;0;0;0;0;0;0;0;0;14;0;99.0;99.0;0;0;0.00;0.00;0.00;0.0;0.0
170.541;177;0;99;0;0.0;19.700;1.340;24;26;0;0;100;0;100;0;0;0;0;88;88;0;0.000;0.000;0.000;0.000;0.000;0.000;0.0;0.0;0;14;0.000;0.000;11.3;0;0.0;0;0;0;0;0;99;0;0;4979;0.00;0;0;0;0;0;0;0;0;0;0;0;0;0;0;0;0;14;0;99.0;99.0;0;0;0.00;0.00;0.00;0.0;0.0
170.607;178;0;99;0;0.0;19.700;1.340;24;26;0;0;100;0;100;0;0;0;0;88;88;0;0.000;0.000;0.000;0.000;0.000;0.000;0.0;0.0;0;14;0.000;0.000;11.3;0;0.0;0;0;0;0;0;99;0;0;4967;0.00;0;0;0;0;0;0;0;0;0;0;0;0;0;0;0;0;14;0;99.0;99.0;0;0;0.00;0.00;0.00;0.0;0.0
170.677;178;0;99;0;0.0;19.700;1.340;24;26;0;0;100;0;100;0;0;0;0;88;88;0;0.000;0.000;0.000;0.000;0.000;0.000;0.0;0.0;0;14;0.000;0.000;11.3;0;0.0;0;0;0;0;0;99;0;0;4967;0.00;0;0;0;0;0;0;0;0;0;0;0;0;0;0;0;0;14;0;99.0;99.0;0;0;0.00;0.00;0.00;0.0;0.0
170.741;178;0;99;0;0.0;19.700;1.340;24;26;0;0;100;0;100;0;0;0;0;88;88;0;0.000;0.000;0.000;0.000;0.000;0.000;0.0;0.0;0;14;0.000;0.000;11.3;0;0.0;0;0;0;0;0;99;0;0;4967;0.00;0;0;0;0;0;0;0;0;0;0;0;0;0;0;0;0;14;0;99.0;99.0;0;0;0.00;0.00;0.00;0.0;0.0
170.807;178;0;99;0;0.0;19.700;1.340;24;26;0;0;100;0;100;0;0;0;0;88;88;0;0.000;0.000;0.000;0.000;0.000;0.000;0.0;0.0;0;14;0.000;0.000;11.3;0;0.0;0;0;0;0;0;99;0;0;4967;0.00;0;0;0;0;0;0;0;0;0;0;0;0;0;0;0;0;14;0;99.0;99.0;0;0;0.00;0.00;0.00;0.0;0.0
170.877;178;0;99;0;0.0;19.700;1.340;24;26;0;0;100;0;100;0;0;0;0;88;88;0;0.000;0.000;0.000;0.000;0.000;0.000;0.0;0.0;0;14;0.000;0.000;11.3;0;0.0;0;0;0;0;0;99;0;0;4967;0.00;0;0;0;0;0;0;0;0;0;0;0;0;0;0;0;0;14;0;99.0;99.0;0;0;0.00;0.00;0.00;0.0;0.0
170.942;178;0;99;0;0.0;19.700;1.340;24;26;0;0;100;0;100;0;0;0;0;88;88;0;0.000;0.000;0.000;0.000;0.000;0.000;0.0;0.0;0;14;0.000;0.000;11.3;0;0.0;0;0;0;0;0;99;0;0;4967;0.00;0;0;0;0;0;0;0;0;0;0;0;0;0;0;0;0;14;0;99.0;99.0;0;0;0.00;0.00;0.00;0.0;0.0
171.009;178;0;99;0;0.0;19.700;1.340;24;26;0;0;100;0;100;0;0;0;0;88;88;0;0.000;0.000;0.000;0.000;0.000;0.000;0.0;0.0;0;14;0.000;0.000;11.3;0;0.0;0;0;0;0;0;99;0;0;4967;0.00;0;0;0;0;0;0;0;0;0;0;0;0;0;0;0;0;14;0;99.0;99.0;0;0;0.00;0.00;0.00;0.0;0.0
171.078;178;0;99;0;0.0;19.700;1.340;24;26;0;0;100;0;100;0;0;0;0;88;88;0;0.000;0.000;0.000;0.000;0.000;0.000;0.0;0.0;0;14;0.000;0.000;11.3;0;0.0;0;0;0;0;0;99;0;0;4967;0.00;0;0;0;0;0;0;0;0;0;0;0;0;0;0;0;0;14;0;99.0;99.0;0;0;0.00;0.00;0.00;0.0;0.0
171.144;178;0;99;0;0.0;19.700;1.340;24;26;0;0;100;0;100;0;0;0;0;88;88;0;0.000;0.000;0.000;0.000;0.000;0.000;0.0;0.0;0;14;0.000;0.000;11.3;0;0.0;0;0;0;0;0;99;0;0;4967;0.00;0;0;0;0;0;0;0;0;0;0;0;0;0;0;0;0;14;0;99.0;99.0;0;0;0.00;0.00;0.00;0.0;0.0
171.210;178;0;99;0;0.0;19.700;1.340;24;26;0;0;100;0;100;0;0;0;0;88;88;0;0.000;0.000;0.000;0.000;0.000;0.000;0.0;0.0;0;14;0.000;0.000;11.3;0;0.0;0;0;0;0;0;99;0;0;4967;0.00;0;0;0;0;0;0;0;0;0;0;0;0;0;0;0;0;14;0;99.0;99.0;0;0;0.00;0.00;0.00;0.0;0.0
171.279;178;0;99;0;0.0;19.700;1.340;24;26;0;0;100;0;100;0;0;0;0;88;88;0;0.000;0.000;0.000;0.000;0.000;0.000;0.0;0.0;0;14;0.000;0.000;11.3;0;0.0;0;0;0;0;0;99;0;0;4967;0.00;0;0;0;0;0;0;0;0;0;0;0;0;0;0;0;0;14;0;99.0;99.0;0;0;0.00;0.00;0.00;0.0;0.0
171.344;178;0;99;0;0.0;19.700;1.340;24;26;0;0;100;0;100;0;0;0;0;88;88;0;0.000;0.000;0.000;0.000;0.000;0.000;0.0;0.0;0;14;0.000;0.000;11.3;0;0.0;0;0;0;0;0;99;0;0;4967;0.00;0;0;0;0;0;0;0;0;0;0;0;0;0;0;0;0;14;0;99.0;99.0;0;0;0.00;0.00;0.00;0.0;0.0
171.409;178;0;99;0;0.0;19.700;1.340;24;26;0;0;100;0;100;0;0;0;0;88;88;0;0.000;0.000;0.000;0.000;0.000;0.000;0.0;0.0;0;14;0.000;0.000;11.3;0;0.0;0;0;0;0;0;99;0;0;4967;0.00;0;0;0;0;0;0;0;0;0;0;0;0;0;0;0;0;14;0;99.0;99.0;0;0;0.00;0.00;0.00;0.0;0.0
171.475;178;0;99;0;0.0;19.700;1.340;24;26;0;0;100;0;100;0;0;0;0;88;88;0;0.000;0.000;0.000;0.000;0.000;0.000;0.0;0.0;0;14;0.000;0.000;11.3;0;0.0;0;0;0;0;0;99;0;0;4967;0.00;0;0;0;0;0;0;0;0;0;0;0;0;0;0;0;0;14;0;99.0;99.0;0;0;0.00;0.00;0.00;0.0;0.0
171.546;178;0;99;0;0.0;19.700;1.340;24;26;0;0;100;0;100;0;0;0;0;88;88;0;0.000;0.000;0.000;0.000;0.000;0.000;0.0;0.0;0;14;0.000;0.000;11.3;0;0.0;0;0;0;0;0;99;0;0;4967;0.00;0;0;0;0;0;0;0;0;0;0;0;0;0;0;0;0;14;0;99.0;99.0;0;0;0.00;0.00;0.00;0.0;0.0
171.612;179;0;99;0;0.0;19.700;1.340;24;26;0;0;100;0;100;0;0;0;0;88;88;0;0.000;0.000;0.000;0.000;0.000;0.000;0.0;0.0;0;14;0.000;0.000;11.3;0;0.0;0;0;0;0;0;99;0;0;4970;0.00;0;0;0;0;0;0;0;0;0;0;0;0;0;0;0;0;14;0;99.0;99.0;0;0;0.00;0.00;0.00;0.0;0.0
171.676;179;0;99;0;0.0;19.700;1.340;24;26;0;0;100;0;100;0;0;0;0;88;88;0;0.000;0.000;0.000;0.000;0.000;0.000;0.0;0.0;0;14;0.000;0.000;11.3;0;0.0;0;0;0;0;0;99;0;0;4970;0.00;0;0;0;0;0;0;0;0;0;0;0;0;0;0;0;0;14;0;99.0;99.0;0;0;0.00;0.00;0.00;0.0;0.0
171.741;179;0;99;0;0.0;19.700;1.340;24;26;0;0;100;0;100;0;0;0;0;88;88;0;0.000;0.000;0.000;0.000;0.000;0.000;0.0;0.0;0;14;0.000;0.000;11.3;0;0.0;0;0;0;0;0;99;0;0;4970;0.00;0;0;0;0;0;0;0;0;0;0;0;0;0;0;0;0;14;0;99.0;99.0;0;0;0.00;0.00;0.00;0.0;0.0
171.808;179;0;99;0;0.0;19.700;1.340;24;26;0;0;100;0;100;0;0;0;0;88;88;0;0.000;0.000;0.000;0.000;0.000;0.000;0.0;0.0;0;14;0.000;0.000;11.3;0;0.0;0;0;0;0;0;99;0;0;4970;0.00;0;0;0;0;0;0;0;0;0;0;0;0;0;0;0;0;14;0;99.0;99.0;0;0;0.00;0.00;0.00;0.0;0.0
171.878;179;0;99;0;0.0;19.700;1.340;24;26;0;0;100;0;100;0;0;0;0;88;88;0;0.000;0.000;0.000;0.000;0.000;0.000;0.0;0.0;0;14;0.000;0.000;11.3;0;0.0;0;0;0;0;0;99;0;0;4970;0.00;0;0;0;0;0;0;0;0;0;0;0;0;0;0;0;0;14;0;99.0;99.0;0;0;0.00;0.00;0.00;0.0;0.0
171.942;179;0;99;0;0.0;19.700;1.340;24;26;0;0;100;0;100;0;0;0;0;88;88;0;0.000;0.000;0.000;0.000;0.000;0.000;0.0;0.0;0;14;0.000;0.000;11.3;0;0.0;0;0;0;0;0;99;0;0;4970;0.00;0;0;0;0;0;0;0;0;0;0;0;0;0;0;0;0;14;0;99.0;99.0;0;0;0.00;0.00;0.00;0.0;0.0
172.008;179;0;99;0;0.0;19.700;1.340;24;26;0;0;100;0;100;0;0;0;0;88;88;0;0.000;0.000;0.000;0.000;0.000;0.000;0.0;0.0;0;14;0.000;0.000;11.3;0;0.0;0;0;0;0;0;99;0;0;4970;0.00;0;0;0;0;0;0;0;0;0;0;0;0;0;0;0;0;14;0;99.0;99.0;0;0;0.00;0.00;0.00;0.0;0.0
172.074;179;0;99;0;0.0;19.700;1.340;24;26;0;0;100;0;100;0;0;0;0;88;88;0;0.000;0.000;0.000;0.000;0.000;0.000;0.0;0.0;0;14;0.000;0.000;11.3;0;0.0;0;0;0;0;0;99;0;0;4970;0.00;0;0;0;0;0;0;0;0;0;0;0;0;0;0;0;0;14;0;99.0;99.0;0;0;0.00;0.00;0.00;0.0;0.0
172.143;179;0;99;0;0.0;19.700;1.340;24;26;0;0;100;0;100;0;0;0;0;88;88;0;0.000;0.000;0.000;0.000;0.000;0.000;0.0;0.0;0;14;0.000;0.000;11.3;0;0.0;0;0;0;0;0;99;0;0;4970;0.00;0;0;0;0;0;0;0;0;0;0;0;0;0;0;0;0;14;0;99.0;99.0;0;0;0.00;0.00;0.00;0.0;0.0
172.209;179;0;99;0;0.0;19.700;1.340;24;26;0;0;100;0;100;0;0;0;0;88;88;0;0.000;0.000;0.000;0.000;0.000;0.000;0.0;0.0;0;14;0.000;0.000;11.3;0;0.0;0;0;0;0;0;99;0;0;4970;0.00;0;0;0;0;0;0;0;0;0;0;0;0;0;0;0;0;14;0;99.0;99.0;0;0;0.00;0.00;0.00;0.0;0.0
172.275;179;0;99;0;0.0;19.700;1.340;24;26;0;0;100;0;100;0;0;0;0;88;88;0;0.000;0.000;0.000;0.000;0.000;0.000;0.0;0.0;0;14;0.000;0.000;11.3;0;0.0;0;0;0;0;0;99;0;0;4970;0.00;0;0;0;0;0;0;0;0;0;0;0;0;0;0;0;0;14;0;99.0;99.0;0;0;0.00;0.00;0.00;0.0;0.0
172.343;179;0;99;0;0.0;19.700;1.340;24;26;0;0;100;0;100;0;0;0;0;88;88;0;0.000;0.000;0.000;0.000;0.000;0.000;0.0;0.0;0;14;0.000;0.000;11.3;0;0.0;0;0;0;0;0;99;0;0;4970;0.00;0;0;0;0;0;0;0;0;0;0;0;0;0;0;0;0;14;0;99.0;99.0;0;0;0.00;0.00;0.00;0.0;0.0
172.410;179;0;99;0;0.0;19.700;1.340;24;26;0;0;100;0;100;0;0;0;0;88;88;0;0.000;0.000;0.000;0.000;0.000;0.000;0.0;0.0;0;14;0.000;0.000;11.3;0;0.0;0;0;0;0;0;99;0;0;4970;0.00;0;0;0;0;0;0;0;0;0;0;0;0;0;0;0;0;14;0;99.0;99.0;0;0;0.00;0.00;0.00;0.0;0.0
172.475;179;0;99;0;0.0;19.700;1.340;24;26;0;0;100;0;100;0;0;0;0;88;88;0;0.000;0.000;0.000;0.000;0.000;0.000;0.0;0.0;0;14;0.000;0.000;11.3;0;0.0;0;0;0;0;0;99;0;0;4970;0.00;0;0;0;0;0;0;0;0;0;0;0;0;0;0;0;0;14;0;99.0;99.0;0;0;0.00;0.00;0.00;0.0;0.0
172.540;179;0;99;0;0.0;19.700;1.340;24;26;0;0;100;0;100;0;0;0;0;88;88;0;0.000;0.000;0.000;0.000;0.000;0.000;0.0;0.0;0;14;0.000;0.000;11.3;0;0.0;0;0;0;0;0;99;0;0;4970;0.00;0;0;0;0;0;0;0;0;0;0;0;0;0;0;0;0;14;0;99.0;99.0;0;0;0.00;0.00;0.00;0.0;0.0
172.610;180;0;99;0;0.0;19.700;1.340;24;26;0;0;100;0;100;0;0;0;0;88;88;0;0.000;0.000;0.000;0.000;0.000;0.000;0.0;0.0;0;14;0.000;0.000;11.3;0;0.0;0;0;0;0;0;99;0;0;4987;0.00;0;0;0;0;0;0;0;0;0;0;0;0;0;0;0;0;14;0;99.0;99.0;0;0;0.00;0.00;0.00;0.0;0.0
172.676;180;0;99;0;0.0;19.700;1.340;24;26;0;0;100;0;100;0;0;0;0;88;88;0;0.000;0.000;0.000;0.000;0.000;0.000;0.0;0.0;0;14;0.000;0.000;11.3;0;0.0;0;0;0;0;0;99;0;0;4987;0.00;0;0;0;0;0;0;0;0;0;0;0;0;0;0;0;0;14;0;99.0;99.0;0;0;0.00;0.00;0.00;0.0;0.0
172.746;180;0;99;0;0.0;19.700;1.340;24;26;0;0;100;0;100;0;0;0;0;88;88;0;0.000;0.000;0.000;0.000;0.000;0.000;0.0;0.0;0;14;0.000;0.000;11.3;0;0.0;0;0;0;0;0;99;0;0;4987;0.00;0;0;0;0;0;0;0;0;0;0;0;0;0;0;0;0;14;0;99.0;99.0;0;0;0.00;0.00;0.00;0.0;0.0
172.811;180;0;99;0;0.0;19.700;1.340;24;26;0;0;100;0;100;0;0;0;0;88;88;0;0.000;0.000;0.000;0.000;0.000;0.000;0.0;0.0;0;14;0.000;0.000;11.3;0;0.0;0;0;0;0;0;99;0;0;4987;0.00;0;0;0;0;0;0;0;0;0;0;0;0;0;0;0;0;14;0;99.0;99.0;0;0;0.00;0.00;0.00;0.0;0.0
172.877;180;0;99;0;0.0;19.700;1.340;24;26;0;0;100;0;100;0;0;0;0;88;88;0;0.000;0.000;0.000;0.000;0.000;0.000;0.0;0.0;0;14;0.000;0.000;11.3;0;0.0;0;0;0;0;0;99;0;0;4987;0.00;0;0;0;0;0;0;0;0;0;0;0;0;0;0;0;0;14;0;99.0;99.0;0;0;0.00;0.00;0.00;0.0;0.0
172.948;180;0;99;0;0.0;19.700;1.340;24;26;0;0;100;0;100;0;0;0;0;88;88;0;0.000;0.000;0.000;0.000;0.000;0.000;0.0;0.0;0;14;0.000;0.000;11.3;0;0.0;0;0;0;0;0;99;0;0;4987;0.00;0;0;0;0;0;0;0;0;0;0;0;0;0;0;0;0;14;0;99.0;99.0;0;0;0.00;0.00;0.00;0.0;0.0
173.013;180;0;99;0;0.0;19.700;1.340;24;26;0;0;100;0;100;0;0;0;0;88;88;0;0.000;0.000;0.000;0.000;0.000;0.000;0.0;0.0;0;14;0.000;0.000;11.3;0;0.0;0;0;0;0;0;99;0;0;4987;0.00;0;0;0;0;0;0;0;0;0;0;0;0;0;0;0;0;14;0;99.0;99.0;0;0;0.00;0.00;0.00;0.0;0.0
173.076;180;0;99;0;0.0;19.700;1.340;24;26;0;0;100;0;100;0;0;0;0;88;88;0;0.000;0.000;0.000;0.000;0.000;0.000;0.0;0.0;0;14;0.000;0.000;11.3;0;0.0;0;0;0;0;0;99;0;0;4987;0.00;0;0;0;0;0;0;0;0;0;0;0;0;0;0;0;0;14;0;99.0;99.0;0;0;0.00;0.00;0.00;0.0;0.0
173.142;180;0;99;0;0.0;19.700;1.340;24;26;0;0;100;0;100;0;0;0;0;88;88;0;0.000;0.000;0.000;0.000;0.000;0.000;0.0;0.0;0;14;0.000;0.000;11.3;0;0.0;0;0;0;0;0;99;0;0;4987;0.00;0;0;0;0;0;0;0;0;0;0;0;0;0;0;0;0;14;0;99.0;99.0;0;0;0.00;0.00;0.00;0.0;0.0
173.209;180;0;99;0;0.0;19.700;1.340;24;26;0;0;100;0;100;0;0;0;0;88;88;0;0.000;0.000;0.000;0.000;0.000;0.000;0.0;0.0;0;14;0.000;0.000;11.3;0;0.0;0;0;0;0;0;99;0;0;4987;0.00;0;0;0;0;0;0;0;0;0;0;0;0;0;0;0;0;14;0;99.0;99.0;0;0;0.00;0.00;0.00;0.0;0.0
173.278;180;0;99;0;0.0;19.700;1.340;24;26;0;0;100;0;100;0;0;0;0;88;88;0;0.000;0.000;0.000;0.000;0.000;0.000;0.0;0.0;0;14;0.000;0.000;11.3;0;0.0;0;0;0;0;0;99;0;0;4987;0.00;0;0;0;0;0;0;0;0;0;0;0;0;0;0;0;0;14;0;99.0;99.0;0;0;0.00;0.00;0.00;0.0;0.0
173.343;180;0;99;0;0.0;19.700;1.340;24;26;0;0;100;0;100;0;0;0;0;88;88;0;0.000;0.000;0.000;0.000;0.000;0.000;0.0;0.0;0;14;0.000;0.000;11.3;0;0.0;0;0;0;0;0;99;0;0;4987;0.00;0;0;0;0;0;0;0;0;0;0;0;0;0;0;0;0;14;0;99.0;99.0;0;0;0.00;0.00;0.00;0.0;0.0
173.408;180;0;99;0;0.0;19.700;1.340;24;26;0;0;100;0;100;0;0;0;0;88;88;0;0.000;0.000;0.000;0.000;0.000;0.000;0.0;0.0;0;14;0.000;0.000;11.3;0;0.0;0;0;0;0;0;99;0;0;4987;0.00;0;0;0;0;0;0;0;0;0;0;0;0;0;0;0;0;14;0;99.0;99.0;0;0;0.00;0.00;0.00;0.0;0.0
173.478;180;0;99;0;0.0;19.700;1.340;24;26;0;0;100;0;100;0;0;0;0;88;88;0;0.000;0.000;0.000;0.000;0.000;0.000;0.0;0.0;0;14;0.000;0.000;11.3;0;0.0;0;0;0;0;0;99;0;0;4987;0.00;0;0;0;0;0;0;0;0;0;0;0;0;0;0;0;0;14;0;99.0;99.0;0;0;0.00;0.00;0.00;0.0;0.0
173.545;180;0;99;0;0.0;19.700;1.340;24;26;0;0;100;0;100;0;0;0;0;88;88;0;0.000;0.000;0.000;0.000;0.000;0.000;0.0;0.0;0;14;0.000;0.000;11.3;0;0.0;0;0;0;0;0;99;0;0;4987;0.00;0;0;0;0;0;0;0;0;0;0;0;0;0;0;0;0;14;0;99.0;99.0;0;0;0.00;0.00;0.00;0.0;0.0
173.614;181;0;99;0;0.0;19.700;1.340;24;26;0;0;100;0;100;0;0;0;0;88;88;0;0.000;0.000;0.000;0.000;0.000;0.000;0.0;0.0;0;14;0.000;0.000;11.3;0;0.0;0;0;0;0;0;99;0;0;4980;0.00;0;0;0;0;0;0;0;0;0;0;0;0;0;0;0;0;14;0;99.0;99.0;0;0;0.00;0.00;0.00;0.0;0.0
173.679;181;0;99;0;0.0;19.700;1.340;24;26;0;0;100;0;100;0;0;0;0;88;88;0;0.000;0.000;0.000;0.000;0.000;0.000;0.0;0.0;0;14;0.000;0.000;11.3;0;0.0;0;0;0;0;0;99;0;0;4980;0.00;0;0;0;0;0;0;0;0;0;0;0;0;0;0;0;0;14;0;99.0;99.0;0;0;0.00;0.00;0.00;0.0;0.0
173.744;181;0;99;0;0.0;19.700;1.340;24;26;0;0;100;0;100;0;0;0;0;88;88;0;0.000;0.000;0.000;0.000;0.000;0.000;0.0;0.0;0;14;0.000;0.000;11.3;0;0.0;0;0;0;0;0;99;0;0;4980;0.00;0;0;0;0;0;0;0;0;0;0;0;0;0;0;0;0;14;0;99.0;99.0;0;0;0.00;0.00;0.00;0.0;0.0
173.810;181;0;99;0;0.0;19.700;1.340;24;26;0;0;100;0;100;0;0;0;0;88;88;0;0.000;0.000;0.000;0.000;0.000;0.000;0.0;0.0;0;14;0.000;0.000;11.3;0;0.0;0;0;0;0;0;99;0;0;4980;0.00;0;0;0;0;0;0;0;0;0;0;0;0;0;0;0;0;14;0;99.0;99.0;0;0;0.00;0.00;0.00;0.0;0.0
173.879;181;0;99;0;0.0;19.700;1.340;24;26;0;0;100;0;100;0;0;0;0;88;88;0;0.000;0.000;0.000;0.000;0.000;0.000;0.0;0.0;0;14;0.000;0.000;11.3;0;0.0;0;0;0;0;0;99;0;0;4980;0.00;0;0;0;0;0;0;0;0;0;0;0;0;0;0;0;0;14;0;99.0;99.0;0;0;0.00;0.00;0.00;0.0;0.0
173.945;181;0;99;0;0.0;19.700;1.340;24;26;0;0;100;0;100;0;0;0;0;88;88;0;0.000;0.000;0.000;0.000;0.000;0.000;0.0;0.0;0;14;0.000;0.000;11.3;0;0.0;0;0;0;0;0;99;0;0;4980;0.00;0;0;0;0;0;0;0;0;0;0;0;0;0;0;0;0;14;0;99.0;99.0;0;0;0.00;0.00;0.00;0.0;0.0
174.011;181;0;99;0;0.0;19.700;1.340;24;26;0;0;100;0;100;0;0;0;0;88;88;0;0.000;0.000;0.000;0.000;0.000;0.000;0.0;0.0;0;14;0.000;0.000;11.3;0;0.0;0;0;0;0;0;99;0;0;4980;0.00;0;0;0;0;0;0;0;0;0;0;0;0;0;0;0;0;14;0;99.0;99.0;0;0;0.00;0.00;0.00;0.0;0.0
174.078;181;0;99;0;0.0;19.700;1.340;24;26;0;0;100;0;100;0;0;0;0;88;88;0;0.000;0.000;0.000;0.000;0.000;0.000;0.0;0.0;0;14;0.000;0.000;11.3;0;0.0;0;0;0;0;0;99;0;0;4980;0.00;0;0;0;0;0;0;0;0;0;0;0;0;0;0;0;0;14;0;99.0;99.0;0;0;0.00;0.00;0.00;0.0;0.0
174.145;181;0;99;0;0.0;19.700;1.340;24;26;0;0;100;0;100;0;0;0;0;88;88;0;0.000;0.000;0.000;0.000;0.000;0.000;0.0;0.0;0;14;0.000;0.000;11.3;0;0.0;0;0;0;0;0;99;0;0;4980;0.00;0;0;0;0;0;0;0;0;0;0;0;0;0;0;0;0;14;0;99.0;99.0;0;0;0.00;0.00;0.00;0.0;0.0
174.212;181;0;99;0;0.0;19.700;1.340;24;26;0;0;100;0;100;0;0;0;0;88;88;0;0.000;0.000;0.000;0.000;0.000;0.000;0.0;0.0;0;14;0.000;0.000;11.3;0;0.0;0;0;0;0;0;99;0;0;4980;0.00;0;0;0;0;0;0;0;0;0;0;0;0;0;0;0;0;14;0;99.0;99.0;0;0;0.00;0.00;0.00;0.0;0.0
174.277;181;0;99;0;0.0;19.700;1.340;24;26;0;0;100;0;100;0;0;0;0;88;88;0;0.000;0.000;0.000;0.000;0.000;0.000;0.0;0.0;0;14;0.000;0.000;11.3;0;0.0;0;0;0;0;0;99;0;0;4980;0.00;0;0;0;0;0;0;0;0;0;0;0;0;0;0;0;0;14;0;99.0;99.0;0;0;0.00;0.00;0.00;0.0;0.0
174.343;181;0;99;0;0.0;19.700;1.340;24;26;0;0;100;0;100;0;0;0;0;88;88;0;0.000;0.000;0.000;0.000;0.000;0.000;0.0;0.0;0;14;0.000;0.000;11.3;0;0.0;0;0;0;0;0;99;0;0;4980;0.00;0;0;0;0;0;0;0;0;0;0;0;0;0;0;0;0;14;0;99.0;99.0;0;0;0.00;0.00;0.00;0.0;0.0
174.412;181;0;99;0;0.0;19.700;1.340;24;26;0;0;100;0;100;0;0;0;0;88;88;0;0.000;0.000;0.000;0.000;0.000;0.000;0.0;0.0;0;14;0.000;0.000;11.3;0;0.0;0;0;0;0;0;99;0;0;4980;0.00;0;0;0;0;0;0;0;0;0;0;0;0;0;0;0;0;14;0;99.0;99.0;0;0;0.00;0.00;0.00;0.0;0.0
174.477;181;0;99;0;0.0;19.700;1.340;24;26;0;0;100;0;100;0;0;0;0;88;88;0;0.000;0.000;0.000;0.000;0.000;0.000;0.0;0.0;0;14;0.000;0.000;11.3;0;0.0;0;0;0;0;0;99;0;0;4980;0.00;0;0;0;0;0;0;0;0;0;0;0;0;0;0;0;0;14;0;99.0;99.0;0;0;0.00;0.00;0.00;0.0;0.0
174.544;181;0;99;0;0.0;19.700;1.340;24;26;0;0;100;0;100;0;0;0;0;88;88;0;0.000;0.000;0.000;0.000;0.000;0.000;0.0;0.0;0;14;0.000;0.000;11.3;0;0.0;0;0;0;0;0;99;0;0;4980;0.00;0;0;0;0;0;0;0;0;0;0;0;0;0;0;0;0;14;0;99.0;99.0;0;0;0.00;0.00;0.00;0.0;0.0
174.612;182;0;99;0;0.0;19.700;1.340;24;26;0;0;100;0;100;0;0;0;0;88;88;0;0.000;0.000;0.000;0.000;0.000;0.000;0.0;0.0;0;14;0.000;0.000;11.3;0;0.0;0;0;0;0;0;99;0;0;4981;0.00;0;0;0;0;0;0;0;0;0;0;0;0;0;0;0;0;14;0;99.0;99.0;0;0;0.00;0.00;0.00;0.0;0.0
174.678;182;0;99;0;0.0;19.700;1.340;24;26;0;0;100;0;100;0;0;0;0;88;88;0;0.000;0.000;0.000;0.000;0.000;0.000;0.0;0.0;0;14;0.000;0.000;11.3;0;0.0;0;0;0;0;0;99;0;0;4981;0.00;0;0;0;0;0;0;0;0;0;0;0;0;0;0;0;0;14;0;99.0;99.0;0;0;0.00;0.00;0.00;0.0;0.0
174.744;182;0;99;0;0.0;19.700;1.340;24;26;0;0;100;0;100;0;0;0;0;88;88;0;0.000;0.000;0.000;0.000;0.000;0.000;0.0;0.0;0;14;0.000;0.000;11.3;0;0.0;0;0;0;0;0;99;0;0;4981;0.00;0;0;0;0;0;0;0;0;0;0;0;0;0;0;0;0;14;0;99.0;99.0;0;0;0.00;0.00;0.00;0.0;0.0
174.813;182;0;99;0;0.0;19.700;1.340;24;26;0;0;100;0;100;0;0;0;0;88;88;0;0.000;0.000;0.000;0.000;0.000;0.000;0.0;0.0;0;14;0.000;0.000;11.3;0;0.0;0;0;0;0;0;99;0;0;4981;0.00;0;0;0;0;0;0;0;0;0;0;0;0;0;0;0;0;14;0;99.0;99.0;0;0;0.00;0.00;0.00;0.0;0.0
174.879;182;0;99;0;0.0;19.700;1.340;24;26;0;0;100;0;100;0;0;0;0;88;88;0;0.000;0.000;0.000;0.000;0.000;0.000;0.0;0.0;0;14;0.000;0.000;11.3;0;0.0;0;0;0;0;0;99;0;0;4981;0.00;0;0;0;0;0;0;0;0;0;0;0;0;0;0;0;0;14;0;99.0;99.0;0;0;0.00;0.00;0.00;0.0;0.0
174.944;182;0;99;0;0.0;19.700;1.340;24;26;0;0;100;0;100;0;0;0;0;88;88;0;0.000;0.000;0.000;0.000;0.000;0.000;0.0;0.0;0;14;0.000;0.000;11.3;0;0.0;0;0;0;0;0;99;0;0;4981;0.00;0;0;0;0;0;0;0;0;0;0;0;0;0;0;0;0;14;0;99.0;99.0;0;0;0.00;0.00;0.00;0.0;0.0
175.010;182;0;99;0;0.0;19.700;1.340;24;26;0;0;100;0;100;0;0;0;0;88;88;0;0.000;0.000;0.000;0.000;0.000;0.000;0.0;0.0;0;14;0.000;0.000;11.3;0;0.0;0;0;0;0;0;99;0;0;4981;0.00;0;0;0;0;0;0;0;0;0;0;0;0;0;0;0;0;14;0;99.0;99.0;0;0;0.00;0.00;0.00;0.0;0.0
175.076;182;0;99;0;0.0;19.700;1.340;24;26;0;0;100;0;100;0;0;0;0;88;88;0;0.000;0.000;0.000;0.000;0.000;0.000;0.0;0.0;0;14;0.000;0.000;11.3;0;0.0;0;0;0;0;0;99;0;0;4981;0.00;0;0;0;0;0;0;0;0;0;0;0;0;0;0;0;0;14;0;99.0;99.0;0;0;0.00;0.00;0.00;0.0;0.0
175.142;182;0;99;0;0.0;19.700;1.340;24;26;0;0;100;0;100;0;0;0;0;88;88;0;0.000;0.000;0.000;0.000;0.000;0.000;0.0;0.0;0;14;0.000;0.000;11.3;0;0.0;0;0;0;0;0;99;0;0;4981;0.00;0;0;0;0;0;0;0;0;0;0;0;0;0;0;0;0;14;0;99.0;99.0;0;0;0.00;0.00;0.00;0.0;0.0
175.211;182;0;99;0;0.0;19.700;1.340;24;26;0;0;100;0;100;0;0;0;0;88;88;0;0.000;0.000;0.000;0.000;0.000;0.000;0.0;0.0;0;14;0.000;0.000;11.3;0;0.0;0;0;0;0;0;99;0;0;4981;0.00;0;0;0;0;0;0;0;0;0;0;0;0;0;0;0;0;14;0;99.0;99.0;0;0;0.00;0.00;0.00;0.0;0.0
175.276;182;0;99;0;0.0;19.700;1.340;24;26;0;0;100;0;100;0;0;0;0;88;88;0;0.000;0.000;0.000;0.000;0.000;0.000;0.0;0.0;0;14;0.000;0.000;11.3;0;0.0;0;0;0;0;0;99;0;0;4981;0.00;0;0;0;0;0;0;0;0;0;0;0;0;0;0;0;0;14;0;99.0;99.0;0;0;0.00;0.00;0.00;0.0;0.0
175.342;182;0;99;0;0.0;19.700;1.340;24;26;0;0;100;0;100;0;0;0;0;88;88;0;0.000;0.000;0.000;0.000;0.000;0.000;0.0;0.0;0;14;0.000;0.000;11.3;0;0.0;0;0;0;0;0;99;0;0;4981;0.00;0;0;0;0;0;0;0;0;0;0;0;0;0;0;0;0;14;0;99.0;99.0;0;0;0.00;0.00;0.00;0.0;0.0
175.411;182;0;99;0;0.0;19.700;1.340;24;26;0;0;100;0;100;0;0;0;0;88;88;0;0.000;0.000;0.000;0.000;0.000;0.000;0.0;0.0;0;14;0.000;0.000;11.3;0;0.0;0;0;0;0;0;99;0;0;4981;0.00;0;0;0;0;0;0;0;0;0;0;0;0;0;0;0;0;14;0;99.0;99.0;0;0;0.00;0.00;0.00;0.0;0.0
175.477;182;0;99;0;0.0;19.700;1.340;24;26;0;0;100;0;100;0;0;0;0;88;88;0;0.000;0.000;0.000;0.000;0.000;0.000;0.0;0.0;0;14;0.000;0.000;11.3;0;0.0;0;0;0;0;0;99;0;0;4981;0.00;0;0;0;0;0;0;0;0;0;0;0;0;0;0;0;0;14;0;99.0;99.0;0;0;0.00;0.00;0.00;0.0;0.0
175.542;182;0;99;0;0.0;19.700;1.340;24;26;0;0;100;0;100;0;0;0;0;88;88;0;0.000;0.000;0.000;0.000;0.000;0.000;0.0;0.0;0;14;0.000;0.000;11.3;0;0.0;0;0;0;0;0;99;0;0;4981;0.00;0;0;0;0;0;0;0;0;0;0;0;0;0;0;0;0;14;0;99.0;99.0;0;0;0.00;0.00;0.00;0.0;0.0
175.608;182;0;99;0;0.0;19.700;1.340;24;26;0;0;100;0;100;0;0;0;0;88;88;0;0.000;0.000;0.000;0.000;0.000;0.000;0.0;0.0;0;14;0.000;0.000;11.3;0;0.0;0;0;0;0;0;99;0;0;4981;0.00;0;0;0;0;0;0;0;0;0;0;0;0;0;0;0;0;14;0;99.0;99.0;0;0;0.00;0.00;0.00;0.0;0.0
175.678;183;0;99;0;0.0;19.700;1.340;24;26;0;0;100;0;100;0;0;0;0;88;88;0;0.000;0.000;0.000;0.000;0.000;0.000;0.0;0.0;0;14;0.000;0.000;11.3;0;0.0;0;0;0;0;0;99;0;0;4958;0.00;0;0;0;0;0;0;0;0;0;0;0;0;0;0;0;0;14;0;99.0;99.0;0;0;0.00;0.00;0.00;0.0;0.0
175.742;183;0;99;0;0.0;19.700;1.340;24;26;0;0;100;0;100;0;0;0;0;88;88;0;0.000;0.000;0.000;0.000;0.000;0.000;0.0;0.0;0;14;0.000;0.000;11.3;0;0.0;0;0;0;0;0;99;0;0;4958;0.00;0;0;0;0;0;0;0;0;0;0;0;0;0;0;0;0;14;0;99.0;99.0;0;0;0.00;0.00;0.00;0.0;0.0
175.809;183;0;99;0;0.0;19.700;1.340;24;26;0;0;100;0;100;0;0;0;0;88;88;0;0.000;0.000;0.000;0.000;0.000;0.000;0.0;0.0;0;14;0.000;0.000;11.3;0;0.0;0;0;0;0;0;99;0;0;4958;0.00;0;0;0;0;0;0;0;0;0;0;0;0;0;0;0;0;14;0;99.0;99.0;0;0;0.00;0.00;0.00;0.0;0.0
175.875;183;0;99;0;0.0;19.700;1.340;24;26;0;0;100;0;100;0;0;0;0;88;88;0;0.000;0.000;0.000;0.000;0.000;0.000;0.0;0.0;0;14;0.000;0.000;11.3;0;0.0;0;0;0;0;0;99;0;0;4958;0.00;0;0;0;0;0;0;0;0;0;0;0;0;0;0;0;0;14;0;99.0;99.0;0;0;0.00;0.00;0.00;0.0;0.0
175.944;183;0;99;0;0.0;19.700;1.340;25;26;0;0;100;0;100;0;0;0;0;88;88;0;0.000;0.000;0.000;0.000;0.000;0.000;0.0;0.0;0;14;0.000;0.000;11.3;0;0.0;0;0;0;0;0;99;0;0;4958;0.00;0;0;0;0;0;0;0;0;0;0;0;0;0;0;0;0;14;0;99.0;99.0;0;0;0.00;0.00;0.00;0.0;0.0
176.010;183;0;99;0;0.0;19.700;1.340;25;26;0;0;100;0;100;0;0;0;0;88;88;0;0.000;0.000;0.000;0.000;0.000;0.000;0.0;0.0;0;14;0.000;0.000;11.3;0;0.0;0;0;0;0;0;99;0;0;4958;0.00;0;0;0;0;0;0;0;0;0;0;0;0;0;0;0;0;14;0;99.0;99.0;0;0;0.00;0.00;0.00;0.0;0.0
176.078;183;0;99;0;0.0;19.700;1.340;25;26;0;0;100;0;100;0;0;0;0;88;88;0;0.000;0.000;0.000;0.000;0.000;0.000;0.0;0.0;0;14;0.000;0.000;11.3;0;0.0;0;0;0;0;0;99;0;0;4958;0.00;0;0;0;0;0;0;0;0;0;0;0;0;0;0;0;0;14;0;99.0;99.0;0;0;0.00;0.00;0.00;0.0;0.0
176.145;183;0;99;0;0.0;19.700;1.340;25;26;0;0;100;0;100;0;0;0;0;88;88;0;0.000;0.000;0.000;0.000;0.000;0.000;0.0;0.0;0;14;0.000;0.000;11.3;0;0.0;0;0;0;0;0;99;0;0;4958;0.00;0;0;0;0;0;0;0;0;0;0;0;0;0;0;0;0;14;0;99.0;99.0;0;0;0.00;0.00;0.00;0.0;0.0
176.210;183;0;99;0;0.0;19.700;1.340;25;26;0;0;100;0;100;0;0;0;0;88;88;0;0.000;0.000;0.000;0.000;0.000;0.000;0.0;0.0;0;14;0.000;0.000;11.3;0;0.0;0;0;0;0;0;99;0;0;4958;0.00;0;0;0;0;0;0;0;0;0;0;0;0;0;0;0;0;14;0;99.0;99.0;0;0;0.00;0.00;0.00;0.0;0.0
176.275;183;0;99;0;0.0;19.700;1.340;25;26;0;0;100;0;100;0;0;0;0;88;88;0;0.000;0.000;0.000;0.000;0.000;0.000;0.0;0.0;0;14;0.000;0.000;11.3;0;0.0;0;0;0;0;0;99;0;0;4958;0.00;0;0;0;0;0;0;0;0;0;0;0;0;0;0;0;0;14;0;99.0;99.0;0;0;0.00;0.00;0.00;0.0;0.0
176.342;183;0;99;0;0.0;19.700;1.340;25;26;0;0;100;0;100;0;0;0;0;88;88;0;0.000;0.000;0.000;0.000;0.000;0.000;0.0;0.0;0;14;0.000;0.000;11.3;0;0.0;0;0;0;0;0;99;0;0;4958;0.00;0;0;0;0;0;0;0;0;0;0;0;0;0;0;0;0;14;0;99.0;99.0;0;0;0.00;0.00;0.00;0.0;0.0
176.411;183;0;99;0;0.0;19.700;1.340;25;26;0;0;100;0;100;0;0;0;0;88;88;0;0.000;0.000;0.000;0.000;0.000;0.000;0.0;0.0;0;14;0.000;0.000;11.3;0;0.0;0;0;0;0;0;99;0;0;4958;0.00;0;0;0;0;0;0;0;0;0;0;0;0;0;0;0;0;14;0;99.0;99.0;0;0;0.00;0.00;0.00;0.0;0.0
176.476;183;0;99;0;0.0;19.700;1.340;25;26;0;0;100;0;100;0;0;0;0;88;88;0;0.000;0.000;0.000;0.000;0.000;0.000;0.0;0.0;0;14;0.000;0.000;11.3;0;0.0;0;0;0;0;0;99;0;0;4958;0.00;0;0;0;0;0;0;0;0;0;0;0;0;0;0;0;0;14;0;99.0;99.0;0;0;0.00;0.00;0.00;0.0;0.0
176.542;183;0;99;0;0.0;19.700;1.340;25;26;0;0;100;0;100;0;0;0;0;88;88;0;0.000;0.000;0.000;0.000;0.000;0.000;0.0;0.0;0;14;0.000;0.000;11.3;0;0.0;0;0;0;0;0;99;0;0;4958;0.00;0;0;0;0;0;0;0;0;0;0;0;0;0;0;0;0;14;0;99.0;99.0;0;0;0.00;0.00;0.00;0.0;0.0
176.611;183;0;99;0;0.0;19.700;1.340;25;26;0;0;100;0;100;0;0;0;0;88;88;0;0.000;0.000;0.000;0.000;0.000;0.000;0.0;0.0;0;14;0.000;0.000;11.3;0;0.0;0;0;0;0;0;99;0;0;4958;0.00;0;0;0;0;0;0;0;0;0;0;0;0;0;0;0;0;14;0;99.0;99.0;0;0;0.00;0.00;0.00;0.0;0.0
176.678;184;0;99;0;0.0;19.700;1.340;25;26;0;0;100;0;100;0;0;0;0;88;88;0;0.000;0.000;0.000;0.000;0.000;0.000;0.0;0.0;0;14;0.000;0.000;11.3;0;0.0;0;0;0;0;0;99;0;0;4986;0.00;0;0;0;0;0;0;0;0;0;0;0;0;0;0;0;0;14;0;99.0;99.0;0;0;0.00;0.00;0.00;0.0;0.0
176.743;184;0;99;0;0.0;19.700;1.340;25;26;0;0;100;0;100;0;0;0;0;88;88;0;0.000;0.000;0.000;0.000;0.000;0.000;0.0;0.0;0;14;0.000;0.000;11.3;0;0.0;0;0;0;0;0;99;0;0;4986;0.00;0;0;0;0;0;0;0;0;0;0;0;0;0;0;0;0;14;0;99.0;99.0;0;0;0.00;0.00;0.00;0.0;0.0
176.813;184;0;99;0;0.0;19.700;1.340;25;26;0;0;100;0;100;0;0;0;0;88;88;0;0.000;0.000;0.000;0.000;0.000;0.000;0.0;0.0;0;14;0.000;0.000;11.3;0;0.0;0;0;0;0;0;99;0;0;4986;0.00;0;0;0;0;0;0;0;0;0;0;0;0;0;0;0;0;14;0;99.0;99.0;0;0;0.00;0.00;0.00;0.0;0.0
176.878;184;0;99;0;0.0;19.700;1.340;25;26;0;0;100;0;100;0;0;0;0;88;88;0;0.000;0.000;0.000;0.000;0.000;0.000;0.0;0.0;0;14;0.000;0.000;11.3;0;0.0;0;0;0;0;0;99;0;0;4986;0.00;0;0;0;0;0;0;0;0;0;0;0;0;0;0;0;0;14;0;99.0;99.0;0;0;0.00;0.00;0.00;0.0;0.0
176.942;184;0;99;0;0.0;19.700;1.340;25;26;0;0;100;0;100;0;0;0;0;88;88;0;0.000;0.000;0.000;0.000;0.000;0.000;0.0;0.0;0;14;0.000;0.000;11.3;0;0.0;0;0;0;0;0;99;0;0;4986;0.00;0;0;0;0;0;0;0;0;0;0;0;0;0;0;0;0;14;0;99.0;99.0;0;0;0.00;0.00;0.00;0.0;0.0
177.010;184;0;99;0;0.0;19.700;1.340;25;26;0;0;100;0;100;0;0;0;0;88;88;0;0.000;0.000;0.000;0.000;0.000;0.000;0.0;0.0;0;14;0.000;0.000;11.3;0;0.0;0;0;0;0;0;99;0;0;4986;0.00;0;0;0;0;0;0;0;0;0;0;0;0;0;0;0;0;14;0;99.0;99.0;0;0;0.00;0.00;0.00;0.0;0.0
177.079;184;0;99;0;0.0;19.700;1.340;25;26;0;0;100;0;100;0;0;0;0;88;88;0;0.000;0.000;0.000;0.000;0.000;0.000;0.0;0.0;0;14;0.000;0.000;11.3;0;0.0;0;0;0;0;0;99;0;0;4986;0.00;0;0;0;0;0;0;0;0;0;0;0;0;0;0;0;0;14;0;99.0;99.0;0;0;0.00;0.00;0.00;0.0;0.0
177.144;184;0;99;0;0.0;19.700;1.340;25;26;0;0;100;0;100;0;0;0;0;88;88;0;0.000;0.000;0.000;0.000;0.000;0.000;0.0;0.0;0;14;0.000;0.000;11.3;0;0.0;0;0;0;0;0;99;0;0;4986;0.00;0;0;0;0;0;0;0;0;0;0;0;0;0;0;0;0;14;0;99.0;99.0;0;0;0.00;0.00;0.00;0.0;0.0
177.209;184;0;99;0;0.0;19.700;1.340;25;26;0;0;100;0;100;0;0;0;0;88;88;0;0.000;0.000;0.000;0.000;0.000;0.000;0.0;0.0;0;14;0.000;0.000;11.3;0;0.0;0;0;0;0;0;99;0;0;4986;0.00;0;0;0;0;0;0;0;0;0;0;0;0;0;0;0;0;14;0;99.0;99.0;0;0;0.00;0.00;0.00;0.0;0.0
177.275;184;0;99;0;0.0;19.700;1.340;25;26;0;0;100;0;100;0;0;0;0;88;88;0;0.000;0.000;0.000;0.000;0.000;0.000;0.0;0.0;0;14;0.000;0.000;11.3;0;0.0;0;0;0;0;0;99;0;0;4986;0.00;0;0;0;0;0;0;0;0;0;0;0;0;0;0;0;0;14;0;99.0;99.0;0;0;0.00;0.00;0.00;0.0;0.0
177.346;184;0;99;0;0.0;19.700;1.340;25;26;0;0;100;0;100;0;0;0;0;88;88;0;0.000;0.000;0.000;0.000;0.000;0.000;0.0;0.0;0;14;0.000;0.000;11.3;0;0.0;0;0;0;0;0;99;0;0;4986;0.00;0;0;0;0;0;0;0;0;0;0;0;0;0;0;0;0;14;0;99.0;99.0;0;0;0.00;0.00;0.00;0.0;0.0
177.410;184;0;99;0;0.0;19.700;1.340;25;26;0;0;100;0;100;0;0;0;0;88;88;0;0.000;0.000;0.000;0.000;0.000;0.000;0.0;0.0;0;14;0.000;0.000;11.3;0;0.0;0;0;0;0;0;99;0;0;4986;0.00;0;0;0;0;0;0;0;0;0;0;0;0;0;0;0;0;14;0;99.0;99.0;0;0;0.00;0.00;0.00;0.0;0.0
177.475;184;0;99;0;0.0;19.700;1.340;25;26;0;0;100;0;100;0;0;0;0;88;88;0;0.000;0.000;0.000;0.000;0.000;0.000;0.0;0.0;0;14;0.000;0.000;11.3;0;0.0;0;0;0;0;0;99;0;0;4986;0.00;0;0;0;0;0;0;0;0;0;0;0;0;0;0;0;0;14;0;99.0;99.0;0;0;0.00;0.00;0.00;0.0;0.0
177.546;184;0;99;0;0.0;19.700;1.340;25;26;0;0;100;0;100;0;0;0;0;88;88;0;0.000;0.000;0.000;0.000;0.000;0.000;0.0;0.0;0;14;0.000;0.000;11.3;0;0.0;0;0;0;0;0;99;0;0;4986;0.00;0;0;0;0;0;0;0;0;0;0;0;0;0;0;0;0;14;0;99.0;99.0;0;0;0.00;0.00;0.00;0.0;0.0
177.611;184;0;99;0;0.0;19.700;1.340;25;26;0;0;100;0;100;0;0;0;0;88;88;0;0.000;0.000;0.000;0.000;0.000;0.000;0.0;0.0;0;14;0.000;0.000;11.3;0;0.0;0;0;0;0;0;99;0;0;4986;0.00;0;0;0;0;0;0;0;0;0;0;0;0;0;0;0;0;14;0;99.0;99.0;0;0;0.00;0.00;0.00;0.0;0.0
177.676;185;0;99;0;0.0;19.700;1.340;25;26;0;0;100;0;100;0;0;0;0;88;88;0;0.000;0.000;0.000;0.000;0.000;0.000;0.0;0.0;0;14;0.000;0.000;11.3;0;0.0;0;0;0;0;0;99;0;0;4982;0.00;0;0;0;0;0;0;0;0;0;0;0;0;0;0;0;0;14;0;99.0;99.0;0;0;0.00;0.00;0.00;0.0;0.0
177.743;185;0;99;0;0.0;19.700;1.340;25;26;0;0;100;0;100;0;0;0;0;88;88;0;0.000;0.000;0.000;0.000;0.000;0.000;0.0;0.0;0;14;0.000;0.000;11.3;0;0.0;0;0;0;0;0;99;0;0;4982;0.00;0;0;0;0;0;0;0;0;0;0;0;0;0;0;0;0;14;0;99.0;99.0;0;0;0.00;0.00;0.00;0.0;0.0
177.812;185;0;99;0;0.0;19.700;1.340;25;26;0;0;100;0;100;0;0;0;0;88;88;0;0.000;0.000;0.000;0.000;0.000;0.000;0.0;0.0;0;14;0.000;0.000;11.3;0;0.0;0;0;0;0;0;99;0;0;4982;0.00;0;0;0;0;0;0;0;0;0;0;0;0;0;0;0;0;14;0;99.0;99.0;0;0;0.00;0.00;0.00;0.0;0.0
177.877;185;0;99;0;0.0;19.700;1.340;25;26;0;0;100;0;100;0;0;0;0;88;88;0;0.000;0.000;0.000;0.000;0.000;0.000;0.0;0.0;0;14;0.000;0.000;11.3;0;0.0;0;0;0;0;0;99;0;0;4982;0.00;0;0;0;0;0;0;0;0;0;0;0;0;0;0;0;0;14;0;99.0;99.0;0;0;0.00;0.00;0.00;0.0;0.0
177.948;185;0;99;0;0.0;19.700;1.340;25;26;0;0;100;0;100;0;0;0;0;88;88;0;0.000;0.000;0.000;0.000;0.000;0.000;0.0;0.0;0;14;0.000;0.000;11.3;0;0.0;0;0;0;0;0;99;0;0;4982;0.00;0;0;0;0;0;0;0;0;0;0;0;0;0;0;0;0;14;0;99.0;99.0;0;0;0.00;0.00;0.00;0.0;0.0
178.014;185;0;99;0;0.0;19.700;1.340;25;26;0;0;100;0;100;0;0;0;0;88;88;0;0.000;0.000;0.000;0.000;0.000;0.000;0.0;0.0;0;14;0.000;0.000;11.3;0;0.0;0;0;0;0;0;99;0;0;4982;0.00;0;0;0;0;0;0;0;0;0;0;0;0;0;0;0;0;14;0;99.0;99.0;0;0;0.00;0.00;0.00;0.0;0.0
178.078;185;0;99;0;0.0;19.700;1.340;25;26;0;0;100;0;100;0;0;0;0;88;88;0;0.000;0.000;0.000;0.000;0.000;0.000;0.0;0.0;0;14;0.000;0.000;11.3;0;0.0;0;0;0;0;0;99;0;0;4982;0.00;0;0;0;0;0;0;0;0;0;0;0;0;0;0;0;0;14;0;99.0;99.0;0;0;0.00;0.00;0.00;0.0;0.0
178.142;185;0;99;0;0.0;19.700;1.340;25;26;0;0;100;0;100;0;0;0;0;88;88;0;0.000;0.000;0.000;0.000;0.000;0.000;0.0;0.0;0;14;0.000;0.000;11.3;0;0.0;0;0;0;0;0;99;0;0;4982;0.00;0;0;0;0;0;0;0;0;0;0;0;0;0;0;0;0;14;0;99.0;99.0;0;0;0.00;0.00;0.00;0.0;0.0
178.208;185;0;99;0;0.0;19.700;1.340;25;26;0;0;100;0;100;0;0;0;0;88;88;0;0.000;0.000;0.000;0.000;0.000;0.000;0.0;0.0;0;14;0.000;0.000;11.3;0;0.0;0;0;0;0;0;99;0;0;4982;0.00;0;0;0;0;0;0;0;0;0;0;0;0;0;0;0;0;14;0;99.0;99.0;0;0;0.00;0.00;0.00;0.0;0.0
178.276;185;0;99;0;0.0;19.700;1.340;25;26;0;0;100;0;100;0;0;0;0;88;88;0;0.000;0.000;0.000;0.000;0.000;0.000;0.0;0.0;0;14;0.000;0.000;11.3;0;0.0;0;0;0;0;0;99;0;0;4982;0.00;0;0;0;0;0;0;0;0;0;0;0;0;0;0;0;0;14;0;99.0;99.0;0;0;0.00;0.00;0.00;0.0;0.0
178.345;185;0;98;0;0.0;19.700;1.340;25;26;0;0;100;0;100;0;0;0;0;88;88;0;0.000;0.000;0.000;0.000;0.000;0.000;0.0;0.0;0;15;0.000;0.000;11.3;0;-0.1;0;0;0;0;0;99;0;0;4982;0.00;0;0;0;0;0;0;0;0;0;0;0;0;0;0;0;0;15;0;98.0;98.0;0;0;0.00;0.00;0.00;0.0;0.0
178.414;185;0;99;0;0.0;19.700;1.340;25;26;0;0;100;0;100;0;0;0;0;88;88;0;0.000;0.000;0.000;0.000;0.000;0.000;0.0;0.0;0;14;0.000;0.000;11.3;0;0.0;0;0;0;0;0;99;0;0;4982;0.00;0;0;0;0;0;0;0;0;0;0;0;0;0;0;0;0;14;0;99.0;99.0;0;0;0.00;0.00;0.00;0.0;0.0
178.479;185;0;99;0;0.0;19.700;1.340;25;26;0;0;100;0;100;0;0;0;0;88;88;0;0.000;0.000;0.000;0.000;0.000;0.000;0.0;0.0;0;14;0.000;0.000;11.3;0;0.0;0;0;0;0;0;99;0;0;4982;0.00;0;0;0;0;0;0;0;0;0;0;0;0;0;0;0;0;14;0;99.0;99.0;0;0;0.00;0.00;0.00;0.0;0.0
178.545;185;0;99;0;0.0;19.700;1.340;25;26;0;0;100;0;100;0;0;0;0;88;88;0;0.000;0.000;0.000;0.000;0.000;0.000;0.0;0.0;0;14;0.000;0.000;11.3;0;0.0;0;0;0;0;0;99;0;0;4982;0.00;0;0;0;0;0;0;0;0;0;0;0;0;0;0;0;0;14;0;99.0;99.0;0;0;0.00;0.00;0.00;0.0;0.0
178.610;185;0;99;0;0.0;19.700;1.340;25;26;0;0;100;0;100;0;0;0;0;88;88;0;0.000;0.000;0.000;0.000;0.000;0.000;0.0;0.0;0;14;0.000;0.000;11.3;0;0.0;0;0;0;0;0;99;0;0;4982;0.00;0;0;0;0;0;0;0;0;0;0;0;0;0;0;0;0;14;0;99.0;99.0;0;0;0.00;0.00;0.00;0.0;0.0
178.678;186;0;99;0;0.0;19.700;1.340;25;26;0;0;100;0;100;0;0;0;0;88;88;0;0.000;0.000;0.000;0.000;0.000;0.000;0.0;0.0;0;14;0.000;0.000;11.3;0;0.0;0;0;0;0;0;99;0;0;4977;0.00;0;0;0;0;0;0;0;0;0;0;0;0;0;0;0;0;14;0;99.0;99.0;0;0;0.00;0.00;0.00;0.0;0.0
178.746;186;0;99;0;0.0;19.700;1.340;25;26;0;0;100;0;100;0;0;0;0;88;88;0;0.000;0.000;0.000;0.000;0.000;0.000;0.0;0.0;0;14;0.000;0.000;11.3;0;0.0;0;0;0;0;0;99;0;0;4977;0.00;0;0;0;0;0;0;0;0;0;0;0;0;0;0;0;0;14;0;99.0;99.0;0;0;0.00;0.00;0.00;0.0;0.0
178.811;186;0;99;0;0.0;19.700;1.340;25;26;0;0;100;0;100;0;0;0;0;88;88;0;0.000;0.000;0.000;0.000;0.000;0.000;0.0;0.0;0;14;0.000;0.000;11.3;0;0.0;0;0;0;0;0;99;0;0;4977;0.00;0;0;0;0;0;0;0;0;0;0;0;0;0;0;0;0;14;0;99.0;99.0;0;0;0.00;0.00;0.00;0.0;0.0
178.876;186;0;99;0;0.0;19.700;1.340;25;26;0;0;100;0;100;0;0;0;0;88;88;0;0.000;0.000;0.000;0.000;0.000;0.000;0.0;0.0;0;14;0.000;0.000;11.3;0;0.0;0;0;0;0;0;99;0;0;4977;0.00;0;0;0;0;0;0;0;0;0;0;0;0;0;0;0;0;14;0;99.0;99.0;0;0;0.00;0.00;0.00;0.0;0.0
178.942;186;0;99;0;0.0;19.700;1.340;25;26;0;0;100;0;100;0;0;0;0;88;88;0;0.000;0.000;0.000;0.000;0.000;0.000;0.0;0.0;0;14;0.000;0.000;11.3;0;0.0;0;0;0;0;0;99;0;0;4977;0.00;0;0;0;0;0;0;0;0;0;0;0;0;0;0;0;0;14;0;99.0;99.0;0;0;0.00;0.00;0.00;0.0;0.0
179.013;186;0;99;0;0.0;19.700;1.340;25;26;0;0;100;0;100;0;0;0;0;88;88;0;0.000;0.000;0.000;0.000;0.000;0.000;0.0;0.0;0;14;0.000;0.000;11.3;0;0.0;0;0;0;0;0;99;0;0;4977;0.00;0;0;0;0;0;0;0;0;0;0;0;0;0;0;0;0;14;0;99.0;99.0;0;0;0.00;0.00;0.00;0.0;0.0
179.077;186;0;99;0;0.0;19.700;1.340;25;26;0;0;100;0;100;0;0;0;0;88;88;0;0.000;0.000;0.000;0.000;0.000;0.000;0.0;0.0;0;14;0.000;0.000;11.3;0;0.0;0;0;0;0;0;99;0;0;4977;0.00;0;0;0;0;0;0;0;0;0;0;0;0;0;0;0;0;14;0;99.0;99.0;0;0;0.00;0.00;0.00;0.0;0.0
179.148;186;0;99;0;0.0;19.700;1.340;25;26;0;0;100;0;100;0;0;0;0;88;88;0;0.000;0.000;0.000;0.000;0.000;0.000;0.0;0.0;0;14;0.000;0.000;11.3;0;0.0;0;0;0;0;0;99;0;0;4977;0.00;0;0;0;0;0;0;0;0;0;0;0;0;0;0;0;0;14;0;99.0;99.0;0;0;0.00;0.00;0.00;0.0;0.0
179.213;186;0;99;0;0.0;19.700;1.340;25;26;0;0;100;0;100;0;0;0;0;88;88;0;0.000;0.000;0.000;0.000;0.000;0.000;0.0;0.0;0;14;0.000;0.000;11.3;0;0.0;0;0;0;0;0;99;0;0;4977;0.00;0;0;0;0;0;0;0;0;0;0;0;0;0;0;0;0;14;0;99.0;99.0;0;0;0.00;0.00;0.00;0.0;0.0
179.278;186;0;99;0;0.0;19.700;1.340;25;26;0;0;100;0;100;0;0;0;0;88;88;0;0.000;0.000;0.000;0.000;0.000;0.000;0.0;0.0;0;14;0.000;0.000;11.3;0;0.0;0;0;0;0;0;99;0;0;4977;0.00;0;0;0;0;0;0;0;0;0;0;0;0;0;0;0;0;14;0;99.0;99.0;0;0;0.00;0.00;0.00;0.0;0.0
179.343;186;0;99;0;0.0;19.700;1.340;25;26;0;0;100;0;100;0;0;0;0;88;88;0;0.000;0.000;0.000;0.000;0.000;0.000;0.0;0.0;0;14;0.000;0.000;11.3;0;0.0;0;0;0;0;0;99;0;0;4977;0.00;0;0;0;0;0;0;0;0;0;0;0;0;0;0;0;0;14;0;99.0;99.0;0;0;0.00;0.00;0.00;0.0;0.0
179.409;186;0;99;0;0.0;19.700;1.340;25;26;0;0;100;0;100;0;0;0;0;88;88;0;0.000;0.000;0.000;0.000;0.000;0.000;0.0;0.0;0;14;0.000;0.000;11.3;0;0.0;0;0;0;0;0;99;0;0;4977;0.00;0;0;0;0;0;0;0;0;0;0;0;0;0;0;0;0;14;0;99.0;99.0;0;0;0.00;0.00;0.00;0.0;0.0
179.474;186;0;99;0;0.0;19.700;1.340;25;26;0;0;100;0;100;0;0;0;0;88;88;0;0.000;0.000;0.000;0.000;0.000;0.000;0.0;0.0;0;14;0.000;0.000;11.3;0;0.0;0;0;0;0;0;99;0;0;4977;0.00;0;0;0;0;0;0;0;0;0;0;0;0;0;0;0;0;14;0;99.0;99.0;0;0;0.00;0.00;0.00;0.0;0.0
179.543;186;0;99;0;0.0;19.700;1.340;25;26;0;0;100;0;100;0;0;0;0;88;88;0;0.000;0.000;0.000;0.000;0.000;0.000;0.0;0.0;0;14;0.000;0.000;11.3;0;0.0;0;0;0;0;0;99;0;0;4977;0.00;0;0;0;0;0;0;0;0;0;0;0;0;0;0;0;0;14;0;99.0;99.0;0;0;0.00;0.00;0.00;0.0;0.0
179.609;186;0;99;0;0.0;19.700;1.340;25;26;0;0;100;0;100;0;0;0;0;88;88;0;0.000;0.000;0.000;0.000;0.000;0.000;0.0;0.0;0;14;0.000;0.000;11.3;0;0.0;0;0;0;0;0;99;0;0;4977;0.00;0;0;0;0;0;0;0;0;0;0;0;0;0;0;0;0;14;0;99.0;99.0;0;0;0.00;0.00;0.00;0.0;0.0
179.675;186;0;99;0;0.0;19.700;1.340;25;26;0;0;100;0;100;0;0;0;0;88;88;0;0.000;0.000;0.000;0.000;0.000;0.000;0.0;0.0;0;14;0.000;0.000;11.3;0;0.0;0;0;0;0;0;99;0;0;4977;0.00;0;0;0;0;0;0;0;0;0;0;0;0;0;0;0;0;14;0;99.0;99.0;0;0;0.00;0.00;0.00;0.0;0.0
179.741;187;0;99;0;0.0;19.700;1.340;25;26;0;0;100;0;100;0;0;0;0;88;88;0;0.000;0.000;0.000;0.000;0.000;0.000;0.0;0.0;0;14;0.000;0.000;11.3;0;0.0;0;0;0;0;0;99;0;0;4965;0.00;0;0;0;0;0;0;0;0;0;0;0;0;0;0;0;0;14;0;99.0;99.0;0;0;0.00;0.00;0.00;0.0;0.0
179.810;187;0;98;0;0.0;19.700;1.340;25;26;0;0;100;0;100;0;0;0;0;88;88;0;0.000;0.000;0.000;0.000;0.000;0.000;0.0;0.0;0;15;0.000;0.000;11.3;0;-0.1;0;0;0;0;0;99;0;0;4965;0.00;0;0;0;0;0;0;0;0;0;0;0;0;0;0;0;0;15;0;98.0;98.0;0;0;0.00;0.00;0.00;0.0;0.0
179.876;187;0;99;0;0.0;19.700;1.340;25;26;0;0;100;0;100;0;0;0;0;88;88;0;0.000;0.000;0.000;0.000;0.000;0.000;0.0;0.0;0;14;0.000;0.000;11.3;0;0.0;0;0;0;0;0;99;0;0;4965;0.00;0;0;0;0;0;0;0;0;0;0;0;0;0;0;0;0;14;0;99.0;99.0;0;0;0.00;0.00;0.00;0.0;0.0
179.945;187;0;99;0;0.0;19.700;1.340;25;26;0;0;100;0;100;0;0;0;0;88;88;0;0.000;0.000;0.000;0.000;0.000;0.000;0.0;0.0;0;14;0.000;0.000;11.3;0;0.0;0;0;0;0;0;99;0;0;4965;0.00;0;0;0;0;0;0;0;0;0;0;0;0;0;0;0;0;14;0;99.0;99.0;0;0;0.00;0.00;0.00;0.0;0.0
180.012;187;0;99;0;0.0;19.700;1.340;25;26;0;0;100;0;100;0;0;0;0;88;88;0;0.000;0.000;0.000;0.000;0.000;0.000;0.0;0.0;0;14;0.000;0.000;11.3;0;0.0;0;0;0;0;0;99;0;0;4965;0.00;0;0;0;0;0;0;0;0;0;0;0;0;0;0;0;0;14;0;99.0;99.0;0;0;0.00;0.00;0.00;0.0;0.0
180.077;187;0;99;0;0.0;19.700;1.340;25;26;0;0;100;0;100;0;0;0;0;88;88;0;0.000;0.000;0.000;0.000;0.000;0.000;0.0;0.0;0;14;0.000;0.000;11.3;0;0.0;0;0;0;0;0;99;0;0;4965;0.00;0;0;0;0;0;0;0;0;0;0;0;0;0;0;0;0;14;0;99.0;99.0;0;0;0.00;0.00;0.00;0.0;0.0
180.143;187;0;99;0;0.0;19.700;1.340;25;26;0;0;100;0;100;0;0;0;0;88;88;0;0.000;0.000;0.000;0.000;0.000;0.000;0.0;0.0;0;14;0.000;0.000;11.3;0;0.0;0;0;0;0;0;99;0;0;4965;0.00;0;0;0;0;0;0;0;0;0;0;0;0;0;0;0;0;14;0;99.0;99.0;0;0;0.00;0.00;0.00;0.0;0.0
180.212;187;0;99;0;0.0;19.700;1.340;25;26;0;0;100;0;100;0;0;0;0;88;88;0;0.000;0.000;0.000;0.000;0.000;0.000;0.0;0.0;0;14;0.000;0.000;11.3;0;0.0;0;0;0;0;0;99;0;0;4965;0.00;0;0;0;0;0;0;0;0;0;0;0;0;0;0;0;0;14;0;99.0;99.0;0;0;0.00;0.00;0.00;0.0;0.0
180.279;187;0;99;0;0.0;19.700;1.340;25;26;0;0;100;0;100;0;0;0;0;88;88;0;0.000;0.000;0.000;0.000;0.000;0.000;0.0;0.0;0;14;0.000;0.000;11.3;0;0.0;0;0;0;0;0;99;0;0;4965;0.00;0;0;0;0;0;0;0;0;0;0;0;0;0;0;0;0;14;0;99.0;99.0;0;0;0.00;0.00;0.00;0.0;0.0
180.343;187;0;99;0;0.0;19.700;1.340;25;26;0;0;100;0;100;0;0;0;0;88;88;0;0.000;0.000;0.000;0.000;0.000;0.000;0.0;0.0;0;14;0.000;0.000;11.3;0;0.0;0;0;0;0;0;99;0;0;4965;0.00;0;0;0;0;0;0;0;0;0;0;0;0;0;0;0;0;14;0;99.0;99.0;0;0;0.00;0.00;0.00;0.0;0.0
180.408;187;0;99;0;0.0;19.700;1.340;25;26;0;0;100;0;100;0;0;0;0;88;88;0;0.000;0.000;0.000;0.000;0.000;0.000;0.0;0.0;0;14;0.000;0.000;11.3;0;0.0;0;0;0;0;0;99;0;0;4965;0.00;0;0;0;0;0;0;0;0;0;0;0;0;0;0;0;0;14;0;99.0;99.0;0;0;0.00;0.00;0.00;0.0;0.0
180.479;187;0;99;0;0.0;19.700;1.340;25;26;0;0;100;0;100;0;0;0;0;88;88;0;0.000;0.000;0.000;0.000;0.000;0.000;0.0;0.0;0;14;0.000;0.000;11.3;0;0.0;0;0;0;0;0;99;0;0;4965;0.00;0;0;0;0;0;0;0;0;0;0;0;0;0;0;0;0;14;0;99.0;99.0;0;0;0.00;0.00;0.00;0.0;0.0
180.543;187;0;99;0;0.0;19.700;1.340;25;26;0;0;100;0;100;0;0;0;0;88;88;0;0.000;0.000;0.000;0.000;0.000;0.000;0.0;0.0;0;14;0.000;0.000;11.3;0;0.0;0;0;0;0;0;99;0;0;4965;0.00;0;0;0;0;0;0;0;0;0;0;0;0;0;0;0;0;14;0;99.0;99.0;0;0;0.00;0.00;0.00;0.0;0.0
180.613;187;0;99;0;0.0;19.700;1.340;25;26;0;0;100;0;100;0;0;0;0;88;88;0;0.000;0.000;0.000;0.000;0.000;0.000;0.0;0.0;0;14;0.000;0.000;11.3;0;0.0;0;0;0;0;0;99;0;0;4965;0.00;0;0;0;0;0;0;0;0;0;0;0;0;0;0;0;0;14;0;99.0;99.0;0;0;0.00;0.00;0.00;0.0;0.0
180.678;187;0;99;0;0.0;19.700;1.340;25;26;0;0;100;0;100;0;0;0;0;88;88;0;0.000;0.000;0.000;0.000;0.000;0.000;0.0;0.0;0;14;0.000;0.000;11.3;0;0.0;0;0;0;0;0;99;0;0;4965;0.00;0;0;0;0;0;0;0;0;0;0;0;0;0;0;0;0;14;0;99.0;99.0;0;0;0.00;0.00;0.00;0.0;0.0
180.743;188;0;99;0;0.0;19.700;1.340;25;26;0;0;100;0;100;0;0;0;0;88;88;0;0.000;0.000;0.000;0.000;0.000;0.000;0.0;0.0;0;14;0.000;0.000;11.3;0;0.0;0;0;0;0;0;99;0;0;4981;0.00;0;0;0;0;0;0;0;0;0;0;0;0;0;0;0;0;14;0;99.0;99.0;0;0;0.00;0.00;0.00;0.0;0.0
180.809;188;0;99;0;0.0;19.700;1.340;25;26;0;0;100;0;100;0;0;0;0;88;88;0;0.000;0.000;0.000;0.000;0.000;0.000;0.0;0.0;0;14;0.000;0.000;11.3;0;0.0;0;0;0;0;0;99;0;0;4981;0.00;0;0;0;0;0;0;0;0;0;0;0;0;0;0;0;0;14;0;99.0;99.0;0;0;0.00;0.00;0.00;0.0;0.0
180.876;188;0;99;0;0.0;19.700;1.340;25;26;0;0;100;0;100;0;0;0;0;88;88;0;0.000;0.000;0.000;0.000;0.000;0.000;0.0;0.0;0;14;0.000;0.000;11.3;0;0.0;0;0;0;0;0;99;0;0;4981;0.00;0;0;0;0;0;0;0;0;0;0;0;0;0;0;0;0;14;0;99.0;99.0;0;0;0.00;0.00;0.00;0.0;0.0
180.945;188;0;99;0;0.0;19.700;1.340;25;26;0;0;100;0;100;0;0;0;0;88;88;0;0.000;0.000;0.000;0.000;0.000;0.000;0.0;0.0;0;14;0.000;0.000;11.3;0;0.0;0;0;0;0;0;99;0;0;4981;0.00;0;0;0;0;0;0;0;0;0;0;0;0;0;0;0;0;14;0;99.0;99.0;0;0;0.00;0.00;0.00;0.0;0.0
181.010;188;0;99;0;0.0;19.700;1.340;25;26;0;0;100;0;100;0;0;0;0;88;88;0;0.000;0.000;0.000;0.000;0.000;0.000;0.0;0.0;0;14;0.000;0.000;11.3;0;0.0;0;0;0;0;0;99;0;0;4981;0.00;0;0;0;0;0;0;0;0;0;0;0;0;0;0;0;0;14;0;99.0;99.0;0;0;0.00;0.00;0.00;0.0;0.0
181.081;188;0;99;0;0.0;19.700;1.340;25;26;0;0;100;0;100;0;0;0;0;88;88;0;0.000;0.000;0.000;0.000;0.000;0.000;0.0;0.0;0;14;0.000;0.000;11.3;0;0.0;0;0;0;0;0;99;0;0;4981;0.00;0;0;0;0;0;0;0;0;0;0;0;0;0;0;0;0;14;0;99.0;99.0;0;0;0.00;0.00;0.00;0.0;0.0
181.145;188;0;99;0;0.0;19.700;1.340;25;26;0;0;100;0;100;0;0;0;0;88;88;0;0.000;0.000;0.000;0.000;0.000;0.000;0.0;0.0;0;14;0.000;0.000;11.3;0;0.0;0;0;0;0;0;99;0;0;4981;0.00;0;0;0;0;0;0;0;0;0;0;0;0;0;0;0;0;14;0;99.0;99.0;0;0;0.00;0.00;0.00;0.0;0.0
181.211;188;0;99;0;0.0;19.700;1.340;25;26;0;0;100;0;100;0;0;0;0;88;88;0;0.000;0.000;0.000;0.000;0.000;0.000;0.0;0.0;0;14;0.000;0.000;11.3;0;0.0;0;0;0;0;0;99;0;0;4981;0.00;0;0;0;0;0;0;0;0;0;0;0;0;0;0;0;0;14;0;99.0;99.0;0;0;0.00;0.00;0.00;0.0;0.0
181.276;188;0;99;0;0.0;19.700;1.340;25;26;0;0;100;0;100;0;0;0;0;88;88;0;0.000;0.000;0.000;0.000;0.000;0.000;0.0;0.0;0;14;0.000;0.000;11.3;0;0.0;0;0;0;0;0;99;0;0;4981;0.00;0;0;0;0;0;0;0;0;0;0;0;0;0;0;0;0;14;0;99.0;99.0;0;0;0.00;0.00;0.00;0.0;0.0
181.346;188;0;99;0;0.0;19.700;1.340;25;26;0;0;100;0;100;0;0;0;0;88;88;0;0.000;0.000;0.000;0.000;0.000;0.000;0.0;0.0;0;14;0.000;0.000;11.3;0;0.0;0;0;0;0;0;99;0;0;4981;0.00;0;0;0;0;0;0;0;0;0;0;0;0;0;0;0;0;14;0;99.0;99.0;0;0;0.00;0.00;0.00;0.0;0.0
181.411;188;0;99;0;0.0;19.700;1.340;25;26;0;0;100;0;100;0;0;0;0;88;88;0;0.000;0.000;0.000;0.000;0.000;0.000;0.0;0.0;0;14;0.000;0.000;11.3;0;0.0;0;0;0;0;0;99;0;0;4981;0.00;0;0;0;0;0;0;0;0;0;0;0;0;0;0;0;0;14;0;99.0;99.0;0;0;0.00;0.00;0.00;0.0;0.0
181.479;188;0;99;0;0.0;19.700;1.340;25;26;0;0;100;0;100;0;0;0;0;88;88;0;0.000;0.000;0.000;0.000;0.000;0.000;0.0;0.0;0;14;0.000;0.000;11.3;0;0.0;0;0;0;0;0;99;0;0;4981;0.00;0;0;0;0;0;0;0;0;0;0;0;0;0;0;0;0;14;0;99.0;99.0;0;0;0.00;0.00;0.00;0.0;0.0
181.546;188;0;99;0;0.0;19.700;1.340;25;26;0;0;100;0;100;0;0;0;0;88;88;0;0.000;0.000;0.000;0.000;0.000;0.000;0.0;0.0;0;14;0.000;0.000;11.3;0;0.0;0;0;0;0;0;99;0;0;4981;0.00;0;0;0;0;0;0;0;0;0;0;0;0;0;0;0;0;14;0;99.0;99.0;0;0;0.00;0.00;0.00;0.0;0.0
181.612;188;0;99;0;0.0;19.700;1.340;25;26;0;0;100;0;100;0;0;0;0;88;88;0;0.000;0.000;0.000;0.000;0.000;0.000;0.0;0.0;0;14;0.000;0.000;11.3;0;0.0;0;0;0;0;0;99;0;0;4981;0.00;0;0;0;0;0;0;0;0;0;0;0;0;0;0;0;0;14;0;99.0;99.0;0;0;0.00;0.00;0.00;0.0;0.0
181.678;188;0;99;0;0.0;19.700;1.340;25;26;0;0;100;0;100;0;0;0;0;88;88;0;0.000;0.000;0.000;0.000;0.000;0.000;0.0;0.0;0;14;0.000;0.000;11.3;0;0.0;0;0;0;0;0;99;0;0;4981;0.00;0;0;0;0;0;0;0;0;0;0;0;0;0;0;0;0;14;0;99.0;99.0;0;0;0.00;0.00;0.00;0.0;0.0
181.743;189;0;99;0;0.0;19.700;1.340;25;26;0;0;100;0;100;0;0;0;0;88;88;0;0.000;0.000;0.000;0.000;0.000;0.000;0.0;0.0;0;14;0.000;0.000;11.3;0;0.0;0;0;0;0;0;99;0;0;4977;0.00;0;0;0;0;0;0;0;0;0;0;0;0;0;0;0;0;14;0;99.0;99.0;0;0;0.00;0.00;0.00;0.0;0.0
181.809;189;0;99;0;0.0;19.700;1.340;25;26;0;0;100;0;100;0;0;0;0;88;88;0;0.000;0.000;0.000;0.000;0.000;0.000;0.0;0.0;0;14;0.000;0.000;11.3;0;0.0;0;0;0;0;0;99;0;0;4977;0.00;0;0;0;0;0;0;0;0;0;0;0;0;0;0;0;0;14;0;99.0;99.0;0;0;0.00;0.00;0.00;0.0;0.0
181.876;189;0;99;0;0.0;19.700;1.340;25;26;0;0;100;0;100;0;0;0;0;88;88;0;0.000;0.000;0.000;0.000;0.000;0.000;0.0;0.0;0;14;0.000;0.000;11.3;0;0.0;0;0;0;0;0;99;0;0;4977;0.00;0;0;0;0;0;0;0;0;0;0;0;0;0;0;0;0;14;0;99.0;99.0;0;0;0.00;0.00;0.00;0.0;0.0
181.945;189;0;99;0;0.0;19.700;1.340;25;26;0;0;100;0;100;0;0;0;0;88;88;0;0.000;0.000;0.000;0.000;0.000;0.000;0.0;0.0;0;14;0.000;0.000;11.3;0;0.0;0;0;0;0;0;99;0;0;4977;0.00;0;0;0;0;0;0;0;0;0;0;0;0;0;0;0;0;14;0;99.0;99.0;0;0;0.00;0.00;0.00;0.0;0.0
182.010;189;0;99;0;0.0;19.700;1.340;25;26;0;0;100;0;100;0;0;0;0;88;88;0;0.000;0.000;0.000;0.000;0.000;0.000;0.0;0.0;0;14;0.000;0.000;11.3;0;0.0;0;0;0;0;0;99;0;0;4977;0.00;0;0;0;0;0;0;0;0;0;0;0;0;0;0;0;0;14;0;99.0;99.0;0;0;0.00;0.00;0.00;0.0;0.0
182.078;189;0;99;0;0.0;19.700;1.340;25;26;0;0;100;0;100;0;0;0;0;88;88;0;0.000;0.000;0.000;0.000;0.000;0.000;0.0;0.0;0;14;0.000;0.000;11.3;0;0.0;0;0;0;0;0;99;0;0;4977;0.00;0;0;0;0;0;0;0;0;0;0;0;0;0;0;0;0;14;0;99.0;99.0;0;0;0.00;0.00;0.00;0.0;0.0
182.144;189;0;99;0;0.0;19.700;1.340;25;26;0;0;100;0;100;0;0;0;0;88;88;0;0.000;0.000;0.000;0.000;0.000;0.000;0.0;0.0;0;14;0.000;0.000;11.3;0;0.0;0;0;0;0;0;99;0;0;4977;0.00;0;0;0;0;0;0;0;0;0;0;0;0;0;0;0;0;14;0;99.0;99.0;0;0;0.00;0.00;0.00;0.0;0.0
182.211;189;0;99;0;0.0;19.700;1.340;25;26;0;0;100;0;100;0;0;0;0;88;88;0;0.000;0.000;0.000;0.000;0.000;0.000;0.0;0.0;0;14;0.000;0.000;11.3;0;0.0;0;0;0;0;0;99;0;0;4977;0.00;0;0;0;0;0;0;0;0;0;0;0;0;0;0;0;0;14;0;99.0;99.0;0;0;0.00;0.00;0.00;0.0;0.0
182.275;189;0;99;0;0.0;19.700;1.340;25;26;0;0;100;0;100;0;0;0;0;88;88;0;0.000;0.000;0.000;0.000;0.000;0.000;0.0;0.0;0;14;0.000;0.000;11.3;0;0.0;0;0;0;0;0;99;0;0;4977;0.00;0;0;0;0;0;0;0;0;0;0;0;0;0;0;0;0;14;0;99.0;99.0;0;0;0.00;0.00;0.00;0.0;0.0
182.343;189;0;99;0;0.0;19.700;1.340;25;26;0;0;100;0;100;0;0;0;0;88;88;0;0.000;0.000;0.000;0.000;0.000;0.000;0.0;0.0;0;14;0.000;0.000;11.3;0;0.0;0;0;0;0;0;99;0;0;4977;0.00;0;0;0;0;0;0;0;0;0;0;0;0;0;0;0;0;14;0;99.0;99.0;0;0;0.00;0.00;0.00;0.0;0.0
182.411;189;0;99;0;0.0;19.700;1.340;25;26;0;0;100;0;100;0;0;0;0;88;88;0;0.000;0.000;0.000;0.000;0.000;0.000;0.0;0.0;0;14;0.000;0.000;11.3;0;0.0;0;0;0;0;0;99;0;0;4977;0.00;0;0;0;0;0;0;0;0;0;0;0;0;0;0;0;0;14;0;99.0;99.0;0;0;0.00;0.00;0.00;0.0;0.0
182.476;189;0;99;0;0.0;19.700;1.340;25;26;0;0;100;0;100;0;0;0;0;88;88;0;0.000;0.000;0.000;0.000;0.000;0.000;0.0;0.0;0;14;0.000;0.000;11.3;0;0.0;0;0;0;0;0;99;0;0;4977;0.00;0;0;0;0;0;0;0;0;0;0;0;0;0;0;0;0;14;0;99.0;99.0;0;0;0.00;0.00;0.00;0.0;0.0
182.543;189;0;99;0;0.0;19.700;1.340;25;26;0;0;100;0;100;0;0;0;0;88;88;0;0.000;0.000;0.000;0.000;0.000;0.000;0.0;0.0;0;14;0.000;0.000;11.3;0;0.0;0;0;0;0;0;99;0;0;4977;0.00;0;0;0;0;0;0;0;0;0;0;0;0;0;0;0;0;14;0;99.0;99.0;0;0;0.00;0.00;0.00;0.0;0.0
182.613;189;0;99;0;0.0;19.700;1.340;25;26;0;0;100;0;100;0;0;0;0;88;88;0;0.000;0.000;0.000;0.000;0.000;0.000;0.0;0.0;0;14;0.000;0.000;11.3;0;0.0;0;0;0;0;0;99;0;0;4977;0.00;0;0;0;0;0;0;0;0;0;0;0;0;0;0;0;0;14;0;99.0;99.0;0;0;0.00;0.00;0.00;0.0;0.0
182.677;189;0;99;0;0.0;19.700;1.340;25;26;0;0;100;0;100;0;0;0;0;88;88;0;0.000;0.000;0.000;0.000;0.000;0.000;0.0;0.0;0;14;0.000;0.000;11.3;0;0.0;0;0;0;0;0;99;0;0;4977;0.00;0;0;0;0;0;0;0;0;0;0;0;0;0;0;0;0;14;0;99.0;99.0;0;0;0.00;0.00;0.00;0.0;0.0
182.746;190;0;99;0;0.0;19.700;1.340;25;26;0;0;100;0;100;0;0;0;0;88;88;0;0.000;0.000;0.000;0.000;0.000;0.000;0.0;0.0;0;14;0.000;0.000;11.3;0;0.0;0;0;0;0;0;99;0;0;4984;0.00;0;0;0;0;0;0;0;0;0;0;0;0;0;0;0;0;14;0;99.0;99.0;0;0;0.00;0.00;0.00;0.0;0.0
182.812;190;0;99;0;0.0;19.700;1.340;25;26;0;0;100;0;100;0;0;0;0;88;88;0;0.000;0.000;0.000;0.000;0.000;0.000;0.0;0.0;0;14;0.000;0.000;11.3;0;0.0;0;0;0;0;0;99;0;0;4984;0.00;0;0;0;0;0;0;0;0;0;0;0;0;0;0;0;0;14;0;99.0;99.0;0;0;0.00;0.00;0.00;0.0;0.0
182.878;190;0;99;0;0.0;19.700;1.340;25;26;0;0;100;0;100;0;0;0;0;88;88;0;0.000;0.000;0.000;0.000;0.000;0.000;0.0;0.0;0;14;0.000;0.000;11.3;0;0.0;0;0;0;0;0;99;0;0;4984;0.00;0;0;0;0;0;0;0;0;0;0;0;0;0;0;0;0;14;0;99.0;99.0;0;0;0.00;0.00;0.00;0.0;0.0
182.947;190;0;99;0;0.0;19.700;1.340;25;26;0;0;100;0;100;0;0;0;0;88;88;0;0.000;0.000;0.000;0.000;0.000;0.000;0.0;0.0;0;14;0.000;0.000;11.3;0;0.0;0;0;0;0;0;99;0;0;4984;0.00;0;0;0;0;0;0;0;0;0;0;0;0;0;0;0;0;14;0;99.0;99.0;0;0;0.00;0.00;0.00;0.0;0.0
183.013;190;0;99;0;0.0;19.700;1.340;25;26;0;0;100;0;100;0;0;0;0;88;88;0;0.000;0.000;0.000;0.000;0.000;0.000;0.0;0.0;0;14;0.000;0.000;11.3;0;0.0;0;0;0;0;0;99;0;0;4984;0.00;0;0;0;0;0;0;0;0;0;0;0;0;0;0;0;0;14;0;99.0;99.0;0;0;0.00;0.00;0.00;0.0;0.0
183.078;190;0;99;0;0.0;19.700;1.340;25;26;0;0;100;0;100;0;0;0;0;88;88;0;0.000;0.000;0.000;0.000;0.000;0.000;0.0;0.0;0;14;0.000;0.000;11.3;0;0.0;0;0;0;0;0;99;0;0;4984;0.00;0;0;0;0;0;0;0;0;0;0;0;0;0;0;0;0;14;0;99.0;99.0;0;0;0.00;0.00;0.00;0.0;0.0
183.144;190;0;99;0;0.0;19.700;1.340;25;26;0;0;100;0;100;0;0;0;0;88;88;0;0.000;0.000;0.000;0.000;0.000;0.000;0.0;0.0;0;14;0.000;0.000;11.3;0;0.0;0;0;0;0;0;99;0;0;4984;0.00;0;0;0;0;0;0;0;0;0;0;0;0;0;0;0;0;14;0;99.0;99.0;0;0;0.00;0.00;0.00;0.0;0.0
183.210;190;0;99;0;0.0;19.700;1.340;25;26;0;0;100;0;100;0;0;0;0;88;88;0;0.000;0.000;0.000;0.000;0.000;0.000;0.0;0.0;0;14;0.000;0.000;11.3;0;0.0;0;0;0;0;0;99;0;0;4984;0.00;0;0;0;0;0;0;0;0;0;0;0;0;0;0;0;0;14;0;99.0;99.0;0;0;0.00;0.00;0.00;0.0;0.0
183.279;190;0;99;0;0.0;19.700;1.340;25;26;0;0;100;0;100;0;0;0;0;88;88;0;0.000;0.000;0.000;0.000;0.000;0.000;0.0;0.0;0;14;0.000;0.000;11.3;0;0.0;0;0;0;0;0;99;0;0;4984;0.00;0;0;0;0;0;0;0;0;0;0;0;0;0;0;0;0;14;0;99.0;99.0;0;0;0.00;0.00;0.00;0.0;0.0
183.345;190;0;99;0;0.0;19.700;1.340;25;26;0;0;100;0;100;0;0;0;0;88;88;0;0.000;0.000;0.000;0.000;0.000;0.000;0.0;0.0;0;14;0.000;0.000;11.3;0;0.0;0;0;0;0;0;99;0;0;4984;0.00;0;0;0;0;0;0;0;0;0;0;0;0;0;0;0;0;14;0;99.0;99.0;0;0;0.00;0.00;0.00;0.0;0.0
183.410;190;0;99;0;0.0;19.700;1.340;25;26;0;0;100;0;100;0;0;0;0;88;88;0;0.000;0.000;0.000;0.000;0.000;0.000;0.0;0.0;0;14;0.000;0.000;11.3;0;0.0;0;0;0;0;0;99;0;0;4984;0.00;0;0;0;0;0;0;0;0;0;0;0;0;0;0;0;0;14;0;99.0;99.0;0;0;0.00;0.00;0.00;0.0;0.0
183.477;190;0;99;0;0.0;19.700;1.340;25;26;0;0;100;0;100;0;0;0;0;88;88;0;0.000;0.000;0.000;0.000;0.000;0.000;0.0;0.0;0;14;0.000;0.000;11.3;0;0.0;0;0;0;0;0;99;0;0;4984;0.00;0;0;0;0;0;0;0;0;0;0;0;0;0;0;0;0;14;0;99.0;99.0;0;0;0.00;0.00;0.00;0.0;0.0
183.541;190;0;99;0;0.0;19.700;1.340;25;26;0;0;100;0;100;0;0;0;0;88;88;0;0.000;0.000;0.000;0.000;0.000;0.000;0.0;0.0;0;14;0.000;0.000;11.3;0;0.0;0;0;0;0;0;99;0;0;4984;0.00;0;0;0;0;0;0;0;0;0;0;0;0;0;0;0;0;14;0;99.0;99.0;0;0;0.00;0.00;0.00;0.0;0.0
183.607;190;0;99;0;0.0;19.700;1.340;25;26;0;0;100;0;100;0;0;0;0;88;88;0;0.000;0.000;0.000;0.000;0.000;0.000;0.0;0.0;0;14;0.000;0.000;11.3;0;0.0;0;0;0;0;0;99;0;0;4984;0.00;0;0;0;0;0;0;0;0;0;0;0;0;0;0;0;0;14;0;99.0;99.0;0;0;0.00;0.00;0.00;0.0;0.0
183.677;190;0;99;0;0.0;19.700;1.340;25;26;0;0;100;0;100;0;0;0;0;88;88;0;0.000;0.000;0.000;0.000;0.000;0.000;0.0;0.0;0;14;0.000;0.000;11.3;0;0.0;0;0;0;0;0;99;0;0;4984;0.00;0;0;0;0;0;0;0;0;0;0;0;0;0;0;0;0;14;0;99.0;99.0;0;0;0.00;0.00;0.00;0.0;0.0
183.747;190;0;99;0;0.0;19.700;1.340;25;26;0;0;100;0;100;0;0;0;0;88;88;0;0.000;0.000;0.000;0.000;0.000;0.000;0.0;0.0;0;14;0.000;0.000;11.3;0;0.0;0;0;0;0;0;99;0;0;4984;0.00;0;0;0;0;0;0;0;0;0;0;0;0;0;0;0;0;14;0;99.0;99.0;0;0;0.00;0.00;0.00;0.0;0.0
183.811;191;0;99;0;0.0;19.700;1.340;25;26;0;0;100;0;100;0;0;0;0;88;88;0;0.000;0.000;0.000;0.000;0.000;0.000;0.0;0.0;0;14;0.000;0.000;11.3;0;0.0;0;0;0;0;0;99;0;0;4968;0.00;0;0;0;0;0;0;0;0;0;0;0;0;0;0;0;0;14;0;99.0;99.0;0;0;0.00;0.00;0.00;0.0;0.0
183.877;191;0;99;0;0.0;19.700;1.340;25;26;0;0;100;0;100;0;0;0;0;88;88;0;0.000;0.000;0.000;0.000;0.000;0.000;0.0;0.0;0;14;0.000;0.000;11.3;0;0.0;0;0;0;0;0;99;0;0;4968;0.00;0;0;0;0;0;0;0;0;0;0;0;0;0;0;0;0;14;0;99.0;99.0;0;0;0.00;0.00;0.00;0.0;0.0
183.942;191;0;99;0;0.0;19.700;1.340;25;26;0;0;100;0;100;0;0;0;0;88;88;0;0.000;0.000;0.000;0.000;0.000;0.000;0.0;0.0;0;14;0.000;0.000;11.3;0;0.0;0;0;0;0;0;99;0;0;4968;0.00;0;0;0;0;0;0;0;0;0;0;0;0;0;0;0;0;14;0;99.0;99.0;0;0;0.00;0.00;0.00;0.0;0.0
184.009;191;0;99;0;0.0;19.700;1.340;25;26;0;0;100;0;100;0;0;0;0;88;88;0;0.000;0.000;0.000;0.000;0.000;0.000;0.0;0.0;0;14;0.000;0.000;11.3;0;0.0;0;0;0;0;0;99;0;0;4968;0.00;0;0;0;0;0;0;0;0;0;0;0;0;0;0;0;0;14;0;99.0;99.0;0;0;0.00;0.00;0.00;0.0;0.0
184.078;191;0;99;0;0.0;19.700;1.340;25;26;0;0;100;0;100;0;0;0;0;88;88;0;0.000;0.000;0.000;0.000;0.000;0.000;0.0;0.0;0;14;0.000;0.000;11.3;0;0.0;0;0;0;0;0;99;0;0;4968;0.00;0;0;0;0;0;0;0;0;0;0;0;0;0;0;0;0;14;0;99.0;99.0;0;0;0.00;0.00;0.00;0.0;0.0
184.143;191;0;99;0;0.0;19.700;1.340;25;26;0;0;100;0;100;0;0;0;0;88;88;0;0.000;0.000;0.000;0.000;0.000;0.000;0.0;0.0;0;14;0.000;0.000;11.3;0;0.0;0;0;0;0;0;99;0;0;4968;0.00;0;0;0;0;0;0;0;0;0;0;0;0;0;0;0;0;14;0;99.0;99.0;0;0;0.00;0.00;0.00;0.0;0.0
184.210;191;0;99;0;0.0;19.700;1.340;25;26;0;0;100;0;100;0;0;0;0;88;88;0;0.000;0.000;0.000;0.000;0.000;0.000;0.0;0.0;0;14;0.000;0.000;11.3;0;0.0;0;0;0;0;0;99;0;0;4968;0.00;0;0;0;0;0;0;0;0;0;0;0;0;0;0;0;0;14;0;99.0;99.0;0;0;0.00;0.00;0.00;0.0;0.0
184.279;191;0;99;0;0.0;19.700;1.340;25;26;0;0;100;0;100;0;0;0;0;88;88;0;0.000;0.000;0.000;0.000;0.000;0.000;0.0;0.0;0;14;0.000;0.000;11.3;0;0.0;0;0;0;0;0;99;0;0;4968;0.00;0;0;0;0;0;0;0;0;0;0;0;0;0;0;0;0;14;0;99.0;99.0;0;0;0.00;0.00;0.00;0.0;0.0
184.344;191;0;99;0;0.0;19.700;1.340;25;26;0;0;100;0;100;0;0;0;0;88;88;0;0.000;0.000;0.000;0.000;0.000;0.000;0.0;0.0;0;14;0.000;0.000;11.3;0;0.0;0;0;0;0;0;99;0;0;4968;0.00;0;0;0;0;0;0;0;0;0;0;0;0;0;0;0;0;14;0;99.0;99.0;0;0;0.00;0.00;0.00;0.0;0.0
184.409;191;0;99;0;0.0;19.700;1.340;25;26;0;0;100;0;100;0;0;0;0;88;88;0;0.000;0.000;0.000;0.000;0.000;0.000;0.0;0.0;0;14;0.000;0.000;11.3;0;0.0;0;0;0;0;0;99;0;0;4968;0.00;0;0;0;0;0;0;0;0;0;0;0;0;0;0;0;0;14;0;99.0;99.0;0;0;0.00;0.00;0.00;0.0;0.0
184.475;191;0;99;0;0.0;19.700;1.340;25;26;0;0;100;0;100;0;0;0;0;88;88;0;0.000;0.000;0.000;0.000;0.000;0.000;0.0;0.0;0;14;0.000;0.000;11.3;0;0.0;0;0;0;0;0;99;0;0;4968;0.00;0;0;0;0;0;0;0;0;0;0;0;0;0;0;0;0;14;0;99.0;99.0;0;0;0.00;0.00;0.00;0.0;0.0
184.544;191;0;99;0;0.0;19.700;1.340;25;26;0;0;100;0;100;0;0;0;0;88;88;0;0.000;0.000;0.000;0.000;0.000;0.000;0.0;0.0;0;14;0.000;0.000;11.3;0;0.0;0;0;0;0;0;99;0;0;4968;0.00;0;0;0;0;0;0;0;0;0;0;0;0;0;0;0;0;14;0;99.0;99.0;0;0;0.00;0.00;0.00;0.0;0.0
184.610;191;0;99;0;0.0;19.700;1.340;25;26;0;0;100;0;100;0;0;0;0;88;88;0;0.000;0.000;0.000;0.000;0.000;0.000;0.0;0.0;0;14;0.000;0.000;11.3;0;0.0;0;0;0;0;0;99;0;0;4968;0.00;0;0;0;0;0;0;0;0;0;0;0;0;0;0;0;0;14;0;99.0;99.0;0;0;0.00;0.00;0.00;0.0;0.0
184.676;191;0;99;0;0.0;19.700;1.340;25;26;0;0;100;0;100;0;0;0;0;88;88;0;0.000;0.000;0.000;0.000;0.000;0.000;0.0;0.0;0;14;0.000;0.000;11.3;0;0.0;0;0;0;0;0;99;0;0;4968;0.00;0;0;0;0;0;0;0;0;0;0;0;0;0;0;0;0;14;0;99.0;99.0;0;0;0.00;0.00;0.00;0.0;0.0
184.742;191;0;99;0;0.0;19.700;1.340;25;26;0;0;100;0;100;0;0;0;0;88;88;0;0.000;0.000;0.000;0.000;0.000;0.000;0.0;0.0;0;14;0.000;0.000;11.3;0;0.0;0;0;0;0;0;99;0;0;4968;0.00;0;0;0;0;0;0;0;0;0;0;0;0;0;0;0;0;14;0;99.0;99.0;0;0;0.00;0.00;0.00;0.0;0.0
184.811;192;0;99;0;0.0;19.700;1.340;25;26;0;0;100;0;100;0;0;0;0;88;88;0;0.000;0.000;0.000;0.000;0.000;0.000;0.0;0.0;0;14;0.000;0.000;11.3;0;0.0;0;0;0;0;0;99;0;0;4960;0.00;0;0;0;0;0;0;0;0;0;0;0;0;0;0;0;0;14;0;99.0;99.0;0;0;0.00;0.00;0.00;0.0;0.0
184.876;192;0;99;0;0.0;19.700;1.340;25;26;0;0;100;0;100;0;0;0;0;88;88;0;0.000;0.000;0.000;0.000;0.000;0.000;0.0;0.0;0;14;0.000;0.000;11.3;0;0.0;0;0;0;0;0;99;0;0;4960;0.00;0;0;0;0;0;0;0;0;0;0;0;0;0;0;0;0;14;0;99.0;99.0;0;0;0.00;0.00;0.00;0.0;0.0
184.942;192;0;99;0;0.0;19.700;1.340;25;26;0;0;100;0;100;0;0;0;0;88;88;0;0.000;0.000;0.000;0.000;0.000;0.000;0.0;0.0;0;14;0.000;0.000;11.3;0;0.0;0;0;0;0;0;99;0;0;4960;0.00;0;0;0;0;0;0;0;0;0;0;0;0;0;0;0;0;14;0;99.0;99.0;0;0;0.00;0.00;0.00;0.0;0.0
185.012;192;0;99;0;0.0;19.700;1.340;25;26;0;0;100;0;100;0;0;0;0;88;88;0;0.000;0.000;0.000;0.000;0.000;0.000;0.0;0.0;0;14;0.000;0.000;11.3;0;0.0;0;0;0;0;0;99;0;0;4960;0.00;0;0;0;0;0;0;0;0;0;0;0;0;0;0;0;0;14;0;99.0;99.0;0;0;0.00;0.00;0.00;0.0;0.0
185.077;192;0;99;0;0.0;19.700;1.340;25;26;0;0;100;0;100;0;0;0;0;88;88;0;0.000;0.000;0.000;0.000;0.000;0.000;0.0;0.0;0;14;0.000;0.000;11.3;0;0.0;0;0;0;0;0;99;0;0;4960;0.00;0;0;0;0;0;0;0;0;0;0;0;0;0;0;0;0;14;0;99.0;99.0;0;0;0.00;0.00;0.00;0.0;0.0
185.143;192;0;99;0;0.0;19.700;1.340;25;26;0;0;100;0;100;0;0;0;0;88;88;0;0.000;0.000;0.000;0.000;0.000;0.000;0.0;0.0;0;14;0.000;0.000;11.3;0;0.0;0;0;0;0;0;99;0;0;4960;0.00;0;0;0;0;0;0;0;0;0;0;0;0;0;0;0;0;14;0;99.0;99.0;0;0;0.00;0.00;0.00;0.0;0.0
185.212;192;0;99;0;0.0;19.700;1.340;25;26;0;0;100;0;100;0;0;0;0;88;88;0;0.000;0.000;0.000;0.000;0.000;0.000;0.0;0.0;0;14;0.000;0.000;11.3;0;0.0;0;0;0;0;0;99;0;0;4960;0.00;0;0;0;0;0;0;0;0;0;0;0;0;0;0;0;0;14;0;99.0;99.0;0;0;0.00;0.00;0.00;0.0;0.0
185.278;192;0;99;0;0.0;19.700;1.340;25;26;0;0;100;0;100;0;0;0;0;88;88;0;0.000;0.000;0.000;0.000;0.000;0.000;0.0;0.0;0;14;0.000;0.000;11.3;0;0.0;0;0;0;0;0;99;0;0;4960;0.00;0;0;0;0;0;0;0;0;0;0;0;0;0;0;0;0;14;0;99.0;99.0;0;0;0.00;0.00;0.00;0.0;0.0
185.343;192;0;99;0;0.0;19.700;1.340;25;26;0;0;100;0;100;0;0;0;0;88;88;0;0.000;0.000;0.000;0.000;0.000;0.000;0.0;0.0;0;14;0.000;0.000;11.3;0;0.0;0;0;0;0;0;99;0;0;4960;0.00;0;0;0;0;0;0;0;0;0;0;0;0;0;0;0;0;14;0;99.0;99.0;0;0;0.00;0.00;0.00;0.0;0.0
185.410;192;0;99;0;0.0;19.700;1.340;25;26;0;0;100;0;100;0;0;0;0;88;88;0;0.000;0.000;0.000;0.000;0.000;0.000;0.0;0.0;0;14;0.000;0.000;11.3;0;0.0;0;0;0;0;0;99;0;0;4960;0.00;0;0;0;0;0;0;0;0;0;0;0;0;0;0;0;0;14;0;99.0;99.0;0;0;0.00;0.00;0.00;0.0;0.0
185.479;192;0;99;0;0.0;19.700;1.340;25;26;0;0;100;0;100;0;0;0;0;88;88;0;0.000;0.000;0.000;0.000;0.000;0.000;0.0;0.0;0;14;0.000;0.000;11.3;0;0.0;0;0;0;0;0;99;0;0;4960;0.00;0;0;0;0;0;0;0;0;0;0;0;0;0;0;0;0;14;0;99.0;99.0;0;0;0.00;0.00;0.00;0.0;0.0
185.544;192;0;99;0;0.0;19.700;1.340;25;26;0;0;100;0;100;0;0;0;0;88;88;0;0.000;0.000;0.000;0.000;0.000;0.000;0.0;0.0;0;14;0.000;0.000;11.3;0;0.0;0;0;0;0;0;99;0;0;4960;0.00;0;0;0;0;0;0;0;0;0;0;0;0;0;0;0;0;14;0;99.0;99.0;0;0;0.00;0.00;0.00;0.0;0.0
185.610;192;0;99;0;0.0;19.700;1.340;25;26;0;0;100;0;100;0;0;0;0;88;88;0;0.000;0.000;0.000;0.000;0.000;0.000;0.0;0.0;0;14;0.000;0.000;11.3;0;0.0;0;0;0;0;0;99;0;0;4960;0.00;0;0;0;0;0;0;0;0;0;0;0;0;0;0;0;0;14;0;99.0;99.0;0;0;0.00;0.00;0.00;0.0;0.0
185.680;192;0;99;0;0.0;19.700;1.340;25;26;0;0;100;0;100;0;0;0;0;88;88;0;0.000;0.000;0.000;0.000;0.000;0.000;0.0;0.0;0;14;0.000;0.000;11.3;0;0.0;0;0;0;0;0;99;0;0;4960;0.00;0;0;0;0;0;0;0;0;0;0;0;0;0;0;0;0;14;0;99.0;99.0;0;0;0.00;0.00;0.00;0.0;0.0
185.744;192;0;99;0;0.0;19.700;1.340;25;26;0;0;100;0;100;0;0;0;0;88;88;0;0.000;0.000;0.000;0.000;0.000;0.000;0.0;0.0;0;14;0.000;0.000;11.3;0;0.0;0;0;0;0;0;99;0;0;4960;0.00;0;0;0;0;0;0;0;0;0;0;0;0;0;0;0;0;14;0;99.0;99.0;0;0;0.00;0.00;0.00;0.0;0.0
185.810;193;0;99;0;0.0;19.700;1.340;25;26;0;0;100;0;100;0;0;0;0;88;88;0;0.000;0.000;0.000;0.000;0.000;0.000;0.0;0.0;0;14;0.000;0.000;11.3;0;0.0;0;0;0;0;0;99;0;0;4979;0.00;0;0;0;0;0;0;0;0;0;0;0;0;0;0;0;0;14;0;99.0;99.0;0;0;0.00;0.00;0.00;0.0;0.0
185.876;193;0;99;0;0.0;19.700;1.340;25;26;0;0;100;0;100;0;0;0;0;88;88;0;0.000;0.000;0.000;0.000;0.000;0.000;0.0;0.0;0;14;0.000;0.000;11.3;0;0.0;0;0;0;0;0;99;0;0;4979;0.00;0;0;0;0;0;0;0;0;0;0;0;0;0;0;0;0;14;0;99.0;99.0;0;0;0.00;0.00;0.00;0.0;0.0
185.941;193;0;99;0;0.0;19.700;1.340;25;26;0;0;100;0;100;0;0;0;0;88;88;0;0.000;0.000;0.000;0.000;0.000;0.000;0.0;0.0;0;14;0.000;0.000;11.3;0;0.0;0;0;0;0;0;99;0;0;4979;0.00;0;0;0;0;0;0;0;0;0;0;0;0;0;0;0;0;14;0;99.0;99.0;0;0;0.00;0.00;0.00;0.0;0.0
186.011;193;0;99;0;0.0;19.700;1.340;25;26;0;0;100;0;100;0;0;0;0;88;88;0;0.000;0.000;0.000;0.000;0.000;0.000;0.0;0.0;0;14;0.000;0.000;11.3;0;0.0;0;0;0;0;0;99;0;0;4979;0.00;0;0;0;0;0;0;0;0;0;0;0;0;0;0;0;0;14;0;99.0;99.0;0;0;0.00;0.00;0.00;0.0;0.0
186.076;193;0;99;0;0.0;19.700;1.340;25;26;0;0;100;0;100;0;0;0;0;88;88;0;0.000;0.000;0.000;0.000;0.000;0.000;0.0;0.0;0;14;0.000;0.000;11.3;0;0.0;0;0;0;0;0;99;0;0;4979;0.00;0;0;0;0;0;0;0;0;0;0;0;0;0;0;0;0;14;0;99.0;99.0;0;0;0.00;0.00;0.00;0.0;0.0
186.141;193;0;99;0;0.0;19.700;1.340;25;26;0;0;100;0;100;0;0;0;0;88;88;0;0.000;0.000;0.000;0.000;0.000;0.000;0.0;0.0;0;14;0.000;0.000;11.3;0;0.0;0;0;0;0;0;99;0;0;4979;0.00;0;0;0;0;0;0;0;0;0;0;0;0;0;0;0;0;14;0;99.0;99.0;0;0;0.00;0.00;0.00;0.0;0.0
186.208;193;0;99;0;0.0;19.700;1.340;25;26;0;0;100;0;100;0;0;0;0;88;88;0;0.000;0.000;0.000;0.000;0.000;0.000;0.0;0.0;0;14;0.000;0.000;11.3;0;0.0;0;0;0;0;0;99;0;0;4979;0.00;0;0;0;0;0;0;0;0;0;0;0;0;0;0;0;0;14;0;99.0;99.0;0;0;0.00;0.00;0.00;0.0;0.0
186.277;193;0;99;0;0.0;19.700;1.340;25;26;0;0;100;0;100;0;0;0;0;88;88;0;0.000;0.000;0.000;0.000;0.000;0.000;0.0;0.0;0;14;0.000;0.000;11.3;0;0.0;0;0;0;0;0;99;0;0;4979;0.00;0;0;0;0;0;0;0;0;0;0;0;0;0;0;0;0;14;0;99.0;99.0;0;0;0.00;0.00;0.00;0.0;0.0
186.343;193;0;99;0;0.0;19.700;1.340;25;26;0;0;100;0;100;0;0;0;0;88;88;0;0.000;0.000;0.000;0.000;0.000;0.000;0.0;0.0;0;14;0.000;0.000;11.3;0;0.0;0;0;0;0;0;99;0;0;4979;0.00;0;0;0;0;0;0;0;0;0;0;0;0;0;0;0;0;14;0;99.0;99.0;0;0;0.00;0.00;0.00;0.0;0.0
186.409;193;0;99;0;0.0;19.700;1.340;25;26;0;0;100;0;100;0;0;0;0;88;88;0;0.000;0.000;0.000;0.000;0.000;0.000;0.0;0.0;0;14;0.000;0.000;11.3;0;0.0;0;0;0;0;0;99;0;0;4979;0.00;0;0;0;0;0;0;0;0;0;0;0;0;0;0;0;0;14;0;99.0;99.0;0;0;0.00;0.00;0.00;0.0;0.0
186.479;193;0;99;0;0.0;19.700;1.340;25;26;0;0;100;0;100;0;0;0;0;88;88;0;0.000;0.000;0.000;0.000;0.000;0.000;0.0;0.0;0;14;0.000;0.000;11.3;0;0.0;0;0;0;0;0;99;0;0;4979;0.00;0;0;0;0;0;0;0;0;0;0;0;0;0;0;0;0;14;0;99.0;99.0;0;0;0.00;0.00;0.00;0.0;0.0
186.543;193;0;99;0;0.0;19.700;1.340;25;26;0;0;100;0;100;0;0;0;0;88;88;0;0.000;0.000;0.000;0.000;0.000;0.000;0.0;0.0;0;14;0.000;0.000;11.3;0;0.0;0;0;0;0;0;99;0;0;4979;0.00;0;0;0;0;0;0;0;0;0;0;0;0;0;0;0;0;14;0;99.0;99.0;0;0;0.00;0.00;0.00;0.0;0.0
186.609;193;0;99;0;0.0;19.700;1.340;25;26;0;0;100;0;100;0;0;0;0;88;88;0;0.000;0.000;0.000;0.000;0.000;0.000;0.0;0.0;0;14;0.000;0.000;11.3;0;0.0;0;0;0;0;0;99;0;0;4979;0.00;0;0;0;0;0;0;0;0;0;0;0;0;0;0;0;0;14;0;99.0;99.0;0;0;0.00;0.00;0.00;0.0;0.0
186.679;193;0;99;0;0.0;19.700;1.340;25;26;0;0;100;0;100;0;0;0;0;88;88;0;0.000;0.000;0.000;0.000;0.000;0.000;0.0;0.0;0;14;0.000;0.000;11.3;0;0.0;0;0;0;0;0;99;0;0;4979;0.00;0;0;0;0;0;0;0;0;0;0;0;0;0;0;0;0;14;0;99.0;99.0;0;0;0.00;0.00;0.00;0.0;0.0
186.745;193;0;98;0;0.0;19.700;1.340;25;26;0;0;100;0;100;0;0;0;0;88;88;0;0.000;0.000;0.000;0.000;0.000;0.000;0.0;0.0;0;15;0.000;0.000;11.3;0;-0.1;0;0;0;0;0;99;0;0;4979;0.00;0;0;0;0;0;0;0;0;0;0;0;0;0;0;0;0;15;0;98.0;98.0;0;0;0.00;0.00;0.00;0.0;0.0
186.810;194;0;99;0;0.0;19.700;1.340;25;26;0;0;100;0;100;0;0;0;0;88;88;0;0.000;0.000;0.000;0.000;0.000;0.000;0.0;0.0;0;14;0.000;0.000;11.3;0;0.0;0;0;0;0;0;99;0;0;4981;0.00;0;0;0;0;0;0;0;0;0;0;0;0;0;0;0;0;14;0;99.0;99.0;0;0;0.00;0.00;0.00;0.0;0.0
186.875;194;0;99;0;0.0;19.700;1.340;25;26;0;0;100;0;100;0;0;0;0;88;88;0;0.000;0.000;0.000;0.000;0.000;0.000;0.0;0.0;0;14;0.000;0.000;11.3;0;0.0;0;0;0;0;0;99;0;0;4981;0.00;0;0;0;0;0;0;0;0;0;0;0;0;0;0;0;0;14;0;99.0;99.0;0;0;0.00;0.00;0.00;0.0;0.0
186.945;194;0;99;0;0.0;19.700;1.340;25;26;0;0;100;0;100;0;0;0;0;88;88;0;0.000;0.000;0.000;0.000;0.000;0.000;0.0;0.0;0;14;0.000;0.000;11.3;0;0.0;0;0;0;0;0;99;0;0;4981;0.00;0;0;0;0;0;0;0;0;0;0;0;0;0;0;0;0;14;0;99.0;99.0;0;0;0.00;0.00;0.00;0.0;0.0
187.011;194;0;99;0;0.0;19.700;1.340;25;26;0;0;100;0;100;0;0;0;0;88;88;0;0.000;0.000;0.000;0.000;0.000;0.000;0.0;0.0;0;14;0.000;0.000;11.3;0;0.0;0;0;0;0;0;99;0;0;4981;0.00;0;0;0;0;0;0;0;0;0;0;0;0;0;0;0;0;14;0;99.0;99.0;0;0;0.00;0.00;0.00;0.0;0.0
187.075;194;0;99;0;0.0;19.700;1.340;25;26;0;0;100;0;100;0;0;0;0;88;88;0;0.000;0.000;0.000;0.000;0.000;0.000;0.0;0.0;0;14;0.000;0.000;11.3;0;0.0;0;0;0;0;0;99;0;0;4981;0.00;0;0;0;0;0;0;0;0;0;0;0;0;0;0;0;0;14;0;99.0;99.0;0;0;0.00;0.00;0.00;0.0;0.0
187.142;194;0;99;0;0.0;19.700;1.340;25;26;0;0;100;0;100;0;0;0;0;88;88;0;0.000;0.000;0.000;0.000;0.000;0.000;0.0;0.0;0;14;0.000;0.000;11.3;0;0.0;0;0;0;0;0;99;0;0;4981;0.00;0;0;0;0;0;0;0;0;0;0;0;0;0;0;0;0;14;0;99.0;99.0;0;0;0.00;0.00;0.00;0.0;0.0
187.212;194;0;99;0;0.0;19.700;1.340;25;26;0;0;100;0;100;0;0;0;0;88;88;0;0.000;0.000;0.000;0.000;0.000;0.000;0.0;0.0;0;14;0.000;0.000;11.3;0;0.0;0;0;0;0;0;99;0;0;4981;0.00;0;0;0;0;0;0;0;0;0;0;0;0;0;0;0;0;14;0;99.0;99.0;0;0;0.00;0.00;0.00;0.0;0.0
187.277;194;0;99;0;0.0;19.700;1.340;25;26;0;0;100;0;100;0;0;0;0;88;88;0;0.000;0.000;0.000;0.000;0.000;0.000;0.0;0.0;0;14;0.000;0.000;11.3;0;0.0;0;0;0;0;0;99;0;0;4981;0.00;0;0;0;0;0;0;0;0;0;0;0;0;0;0;0;0;14;0;99.0;99.0;0;0;0.00;0.00;0.00;0.0;0.0
187.342;194;0;99;0;0.0;19.700;1.340;25;26;0;0;100;0;100;0;0;0;0;88;88;0;0.000;0.000;0.000;0.000;0.000;0.000;0.0;0.0;0;14;0.000;0.000;11.3;0;0.0;0;0;0;0;0;99;0;0;4981;0.00;0;0;0;0;0;0;0;0;0;0;0;0;0;0;0;0;14;0;99.0;99.0;0;0;0.00;0.00;0.00;0.0;0.0
187.408;194;0;99;0;0.0;19.700;1.340;25;26;0;0;100;0;100;0;0;0;0;88;88;0;0.000;0.000;0.000;0.000;0.000;0.000;0.0;0.0;0;14;0.000;0.000;11.3;0;0.0;0;0;0;0;0;99;0;0;4981;0.00;0;0;0;0;0;0;0;0;0;0;0;0;0;0;0;0;14;0;99.0;99.0;0;0;0.00;0.00;0.00;0.0;0.0
187.477;194;0;99;0;0.0;19.700;1.340;25;26;0;0;100;0;100;0;0;0;0;88;88;0;0.000;0.000;0.000;0.000;0.000;0.000;0.0;0.0;0;14;0.000;0.000;11.3;0;0.0;0;0;0;0;0;99;0;0;4981;0.00;0;0;0;0;0;0;0;0;0;0;0;0;0;0;0;0;14;0;99.0;99.0;0;0;0.00;0.00;0.00;0.0;0.0
187.544;194;0;99;0;0.0;19.700;1.340;25;26;0;0;100;0;100;0;0;0;0;88;88;0;0.000;0.000;0.000;0.000;0.000;0.000;0.0;0.0;0;14;0.000;0.000;11.3;0;0.0;0;0;0;0;0;99;0;0;4981;0.00;0;0;0;0;0;0;0;0;0;0;0;0;0;0;0;0;14;0;99.0;99.0;0;0;0.00;0.00;0.00;0.0;0.0
187.612;194;0;99;0;0.0;19.700;1.340;25;26;0;0;100;0;100;0;0;0;0;88;88;0;0.000;0.000;0.000;0.000;0.000;0.000;0.0;0.0;0;14;0.000;0.000;11.3;0;0.0;0;0;0;0;0;99;0;0;4981;0.00;0;0;0;0;0;0;0;0;0;0;0;0;0;0;0;0;14;0;99.0;99.0;0;0;0.00;0.00;0.00;0.0;0.0
187.677;194;0;99;0;0.0;19.700;1.340;25;26;0;0;100;0;100;0;0;0;0;88;88;0;0.000;0.000;0.000;0.000;0.000;0.000;0.0;0.0;0;14;0.000;0.000;11.3;0;0.0;0;0;0;0;0;99;0;0;4981;0.00;0;0;0;0;0;0;0;0;0;0;0;0;0;0;0;0;14;0;99.0;99.0;0;0;0.00;0.00;0.00;0.0;0.0
187.743;194;0;99;0;0.0;19.700;1.340;25;26;0;0;100;0;100;0;0;0;0;88;88;0;0.000;0.000;0.000;0.000;0.000;0.000;0.0;0.0;0;14;0.000;0.000;11.3;0;0.0;0;0;0;0;0;99;0;0;4981;0.00;0;0;0;0;0;0;0;0;0;0;0;0;0;0;0;0;14;0;99.0;99.0;0;0;0.00;0.00;0.00;0.0;0.0
187.809;194;0;99;0;0.0;19.700;1.340;25;26;0;0;100;0;100;0;0;0;0;88;88;0;0.000;0.000;0.000;0.000;0.000;0.000;0.0;0.0;0;14;0.000;0.000;11.3;0;0.0;0;0;0;0;0;99;0;0;4981;0.00;0;0;0;0;0;0;0;0;0;0;0;0;0;0;0;0;14;0;99.0;99.0;0;0;0.00;0.00;0.00;0.0;0.0
187.879;195;0;99;0;0.0;19.700;1.340;25;26;0;0;100;0;100;0;0;0;0;88;88;0;0.000;0.000;0.000;0.000;0.000;0.000;0.0;0.0;0;14;0.000;0.000;11.3;0;0.0;0;0;0;0;0;99;0;0;4967;0.00;0;0;0;0;0;0;0;0;0;0;0;0;0;0;0;0;14;0;99.0;99.0;0;0;0.00;0.00;0.00;0.0;0.0
187.944;195;0;99;0;0.0;19.700;1.340;25;26;0;0;100;0;100;0;0;0;0;88;88;0;0.000;0.000;0.000;0.000;0.000;0.000;0.0;0.0;0;14;0.000;0.000;11.3;0;0.0;0;0;0;0;0;99;0;0;4967;0.00;0;0;0;0;0;0;0;0;0;0;0;0;0;0;0;0;14;0;99.0;99.0;0;0;0.00;0.00;0.00;0.0;0.0
188.009;195;0;99;0;0.0;19.700;1.340;25;26;0;0;100;0;100;0;0;0;0;88;88;0;0.000;0.000;0.000;0.000;0.000;0.000;0.0;0.0;0;14;0.000;0.000;11.3;0;0.0;0;0;0;0;0;99;0;0;4967;0.00;0;0;0;0;0;0;0;0;0;0;0;0;0;0;0;0;14;0;99.0;99.0;0;0;0.00;0.00;0.00;0.0;0.0
188.079;195;0;99;0;0.0;19.700;1.340;25;26;0;0;100;0;100;0;0;0;0;88;88;0;0.000;0.000;0.000;0.000;0.000;0.000;0.0;0.0;0;14;0.000;0.000;11.3;0;0.0;0;0;0;0;0;99;0;0;4967;0.00;0;0;0;0;0;0;0;0;0;0;0;0;0;0;0;0;14;0;99.0;99.0;0;0;0.00;0.00;0.00;0.0;0.0
188.145;195;0;99;0;0.0;19.700;1.340;25;26;0;0;100;0;100;0;0;0;0;88;88;0;0.000;0.000;0.000;0.000;0.000;0.000;0.0;0.0;0;14;0.000;0.000;11.3;0;0.0;0;0;0;0;0;99;0;0;4967;0.00;0;0;0;0;0;0;0;0;0;0;0;0;0;0;0;0;14;0;99.0;99.0;0;0;0.00;0.00;0.00;0.0;0.0
188.211;195;0;99;0;0.0;19.700;1.340;25;26;0;0;100;0;100;0;0;0;0;88;88;0;0.000;0.000;0.000;0.000;0.000;0.000;0.0;0.0;0;14;0.000;0.000;11.3;0;0.0;0;0;0;0;0;99;0;0;4967;0.00;0;0;0;0;0;0;0;0;0;0;0;0;0;0;0;0;14;0;99.0;99.0;0;0;0.00;0.00;0.00;0.0;0.0
188.277;195;0;99;0;0.0;19.700;1.340;25;26;0;0;100;0;100;0;0;0;0;88;88;0;0.000;0.000;0.000;0.000;0.000;0.000;0.0;0.0;0;14;0.000;0.000;11.3;0;0.0;0;0;0;0;0;99;0;0;4967;0.00;0;0;0;0;0;0;0;0;0;0;0;0;0;0;0;0;14;0;99.0;99.0;0;0;0.00;0.00;0.00;0.0;0.0
188.345;195;0;99;0;0.0;19.700;1.340;25;26;0;0;100;0;100;0;0;0;0;88;88;0;0.000;0.000;0.000;0.000;0.000;0.000;0.0;0.0;0;14;0.000;0.000;11.3;0;0.0;0;0;0;0;0;99;0;0;4967;0.00;0;0;0;0;0;0;0;0;0;0;0;0;0;0;0;0;14;0;99.0;99.0;0;0;0.00;0.00;0.00;0.0;0.0
188.411;195;0;99;0;0.0;19.700;1.340;25;26;0;0;100;0;100;0;0;0;0;88;88;0;0.000;0.000;0.000;0.000;0.000;0.000;0.0;0.0;0;14;0.000;0.000;11.3;0;0.0;0;0;0;0;0;99;0;0;4967;0.00;0;0;0;0;0;0;0;0;0;0;0;0;0;0;0;0;14;0;99.0;99.0;0;0;0.00;0.00;0.00;0.0;0.0
188.477;195;0;99;0;0.0;19.700;1.340;25;26;0;0;100;0;100;0;0;0;0;88;88;0;0.000;0.000;0.000;0.000;0.000;0.000;0.0;0.0;0;14;0.000;0.000;11.3;0;0.0;0;0;0;0;0;99;0;0;4967;0.00;0;0;0;0;0;0;0;0;0;0;0;0;0;0;0;0;14;0;99.0;99.0;0;0;0.00;0.00;0.00;0.0;0.0
188.541;195;0;99;0;0.0;19.700;1.340;25;26;0;0;100;0;100;0;0;0;0;88;88;0;0.000;0.000;0.000;0.000;0.000;0.000;0.0;0.0;0;14;0.000;0.000;11.3;0;0.0;0;0;0;0;0;99;0;0;4967;0.00;0;0;0;0;0;0;0;0;0;0;0;0;0;0;0;0;14;0;99.0;99.0;0;0;0.00;0.00;0.00;0.0;0.0
188.611;195;0;99;0;0.0;19.700;1.340;25;26;0;0;100;0;100;0;0;0;0;88;88;0;0.000;0.000;0.000;0.000;0.000;0.000;0.0;0.0;0;14;0.000;0.000;11.3;0;0.0;0;0;0;0;0;99;0;0;4967;0.00;0;0;0;0;0;0;0;0;0;0;0;0;0;0;0;0;14;0;99.0;99.0;0;0;0.00;0.00;0.00;0.0;0.0
188.678;195;0;99;0;0.0;19.700;1.340;25;26;0;0;100;0;100;0;0;0;0;88;88;0;0.000;0.000;0.000;0.000;0.000;0.000;0.0;0.0;0;14;0.000;0.000;11.3;0;0.0;0;0;0;0;0;99;0;0;4967;0.00;0;0;0;0;0;0;0;0;0;0;0;0;0;0;0;0;14;0;99.0;99.0;0;0;0.00;0.00;0.00;0.0;0.0
188.747;195;0;99;0;0.0;19.700;1.340;25;26;0;0;100;0;100;0;0;0;0;88;88;0;0.000;0.000;0.000;0.000;0.000;0.000;0.0;0.0;0;14;0.000;0.000;11.3;0;0.0;0;0;0;0;0;99;0;0;4967;0.00;0;0;0;0;0;0;0;0;0;0;0;0;0;0;0;0;14;0;99.0;99.0;0;0;0.00;0.00;0.00;0.0;0.0
188.812;195;0;99;0;0.0;19.700;1.340;25;26;0;0;100;0;100;0;0;0;0;88;88;0;0.000;0.000;0.000;0.000;0.000;0.000;0.0;0.0;0;14;0.000;0.000;11.3;0;0.0;0;0;0;0;0;99;0;0;4967;0.00;0;0;0;0;0;0;0;0;0;0;0;0;0;0;0;0;14;0;99.0;99.0;0;0;0.00;0.00;0.00;0.0;0.0
188.879;196;0;99;0;0.0;19.700;1.340;25;26;0;0;100;0;100;0;0;0;0;88;88;0;0.000;0.000;0.000;0.000;0.000;0.000;0.0;0.0;0;14;0.000;0.000;11.3;0;0.0;0;0;0;0;0;99;0;0;4971;0.00;0;0;0;0;0;0;0;0;0;0;0;0;0;0;0;0;14;0;99.0;99.0;0;0;0.00;0.00;0.00;0.0;0.0
188.943;196;0;99;0;0.0;19.700;1.340;25;26;0;0;100;0;100;0;0;0;0;88;88;0;0.000;0.000;0.000;0.000;0.000;0.000;0.0;0.0;0;14;0.000;0.000;11.3;0;0.0;0;0;0;0;0;99;0;0;4971;0.00;0;0;0;0;0;0;0;0;0;0;0;0;0;0;0;0;14;0;99.0;99.0;0;0;0.00;0.00;0.00;0.0;0.0
189.009;196;0;99;0;0.0;19.700;1.340;25;26;0;0;100;0;100;0;0;0;0;88;88;0;0.000;0.000;0.000;0.000;0.000;0.000;0.0;0.0;0;14;0.000;0.000;11.3;0;0.0;0;0;0;0;0;99;0;0;4971;0.00;0;0;0;0;0;0;0;0;0;0;0;0;0;0;0;0;14;0;99.0;99.0;0;0;0.00;0.00;0.00;0.0;0.0
189.079;196;0;99;0;0.0;19.700;1.340;25;26;0;0;100;0;100;0;0;0;0;88;88;0;0.000;0.000;0.000;0.000;0.000;0.000;0.0;0.0;0;14;0.000;0.000;11.3;0;0.0;0;0;0;0;0;99;0;0;4971;0.00;0;0;0;0;0;0;0;0;0;0;0;0;0;0;0;0;14;0;99.0;99.0;0;0;0.00;0.00;0.00;0.0;0.0
189.144;196;0;99;0;0.0;19.700;1.340;25;26;0;0;100;0;100;0;0;0;0;88;88;0;0.000;0.000;0.000;0.000;0.000;0.000;0.0;0.0;0;14;0.000;0.000;11.3;0;0.0;0;0;0;0;0;99;0;0;4971;0.00;0;0;0;0;0;0;0;0;0;0;0;0;0;0;0;0;14;0;99.0;99.0;0;0;0.00;0.00;0.00;0.0;0.0
189.210;196;0;99;0;0.0;19.700;1.340;25;26;0;0;100;0;100;0;0;0;0;88;88;0;0.000;0.000;0.000;0.000;0.000;0.000;0.0;0.0;0;14;0.000;0.000;11.3;0;0.0;0;0;0;0;0;99;0;0;4971;0.00;0;0;0;0;0;0;0;0;0;0;0;0;0;0;0;0;14;0;99.0;99.0;0;0;0.00;0.00;0.00;0.0;0.0
189.276;196;0;99;0;0.0;19.700;1.340;25;26;0;0;100;0;100;0;0;0;0;88;88;0;0.000;0.000;0.000;0.000;0.000;0.000;0.0;0.0;0;14;0.000;0.000;11.3;0;0.0;0;0;0;0;0;99;0;0;4971;0.00;0;0;0;0;0;0;0;0;0;0;0;0;0;0;0;0;14;0;99.0;99.0;0;0;0.00;0.00;0.00;0.0;0.0
189.342;196;0;99;0;0.0;19.700;1.340;25;26;0;0;100;0;100;0;0;0;0;88;88;0;0.000;0.000;0.000;0.000;0.000;0.000;0.0;0.0;0;14;0.000;0.000;11.3;0;0.0;0;0;0;0;0;99;0;0;4971;0.00;0;0;0;0;0;0;0;0;0;0;0;0;0;0;0;0;14;0;99.0;99.0;0;0;0.00;0.00;0.00;0.0;0.0
189.412;196;0;99;0;0.0;19.700;1.340;25;26;0;0;100;0;100;0;0;0;0;88;88;0;0.000;0.000;0.000;0.000;0.000;0.000;0.0;0.0;0;14;0.000;0.000;11.3;0;0.0;0;0;0;0;0;99;0;0;4971;0.00;0;0;0;0;0;0;0;0;0;0;0;0;0;0;0;0;14;0;99.0;99.0;0;0;0.00;0.00;0.00;0.0;0.0
189.480;196;0;99;0;0.0;19.700;1.340;25;26;0;0;100;0;100;0;0;0;0;88;88;0;0.000;0.000;0.000;0.000;0.000;0.000;0.0;0.0;0;14;0.000;0.000;11.3;0;0.0;0;0;0;0;0;99;0;0;4971;0.00;0;0;0;0;0;0;0;0;0;0;0;0;0;0;0;0;14;0;99.0;99.0;0;0;0.00;0.00;0.00;0.0;0.0
189.546;196;0;99;0;0.0;19.700;1.340;25;26;0;0;100;0;100;0;0;0;0;88;88;0;0.000;0.000;0.000;0.000;0.000;0.000;0.0;0.0;0;14;0.000;0.000;11.3;0;0.0;0;0;0;0;0;99;0;0;4971;0.00;0;0;0;0;0;0;0;0;0;0;0;0;0;0;0;0;14;0;99.0;99.0;0;0;0.00;0.00;0.00;0.0;0.0
189.611;196;0;99;0;0.0;19.700;1.340;25;26;0;0;100;0;100;0;0;0;0;88;88;0;0.000;0.000;0.000;0.000;0.000;0.000;0.0;0.0;0;14;0.000;0.000;11.3;0;0.0;0;0;0;0;0;99;0;0;4971;0.00;0;0;0;0;0;0;0;0;0;0;0;0;0;0;0;0;14;0;99.0;99.0;0;0;0.00;0.00;0.00;0.0;0.0
189.677;196;0;99;0;0.0;19.700;1.340;25;26;0;0;100;0;100;0;0;0;0;88;88;0;0.000;0.000;0.000;0.000;0.000;0.000;0.0;0.0;0;14;0.000;0.000;11.3;0;0.0;0;0;0;0;0;99;0;0;4971;0.00;0;0;0;0;0;0;0;0;0;0;0;0;0;0;0;0;14;0;99.0;99.0;0;0;0.00;0.00;0.00;0.0;0.0
189.746;196;0;98;0;0.0;19.700;1.340;25;26;0;0;100;0;100;0;0;0;0;88;88;0;0.000;0.000;0.000;0.000;0.000;0.000;0.0;0.0;0;15;0.000;0.000;11.3;0;-0.1;0;0;0;0;0;99;0;0;4971;0.00;0;0;0;0;0;0;0;0;0;0;0;0;0;0;0;0;15;0;98.0;98.0;0;0;0.00;0.00;0.00;0.0;0.0
189.812;196;0;99;0;0.0;19.700;1.340;25;26;0;0;100;0;100;0;0;0;0;88;88;0;0.000;0.000;0.000;0.000;0.000;0.000;0.0;0.0;0;14;0.000;0.000;11.3;0;0.0;0;0;0;0;0;99;0;0;4971;0.00;0;0;0;0;0;0;0;0;0;0;0;0;0;0;0;0;14;0;99.0;99.0;0;0;0.00;0.00;0.00;0.0;0.0
189.878;197;0;99;0;0.0;19.700;1.340;25;26;0;0;100;0;100;0;0;0;0;88;88;0;0.000;0.000;0.000;0.000;0.000;0.000;0.0;0.0;0;14;0.000;0.000;11.3;0;0.0;0;0;0;0;0;99;0;0;4982;0.00;0;0;0;0;0;0;0;0;0;0;0;0;0;0;0;0;14;0;99.0;99.0;0;0;0.00;0.00;0.00;0.0;0.0
189.948;197;0;99;0;0.0;19.700;1.340;25;26;0;0;100;0;100;0;0;0;0;88;88;0;0.000;0.000;0.000;0.000;0.000;0.000;0.0;0.0;0;14;0.000;0.000;11.3;0;0.0;0;0;0;0;0;99;0;0;4982;0.00;0;0;0;0;0;0;0;0;0;0;0;0;0;0;0;0;14;0;99.0;99.0;0;0;0.00;0.00;0.00;0.0;0.0
190.013;197;0;99;0;0.0;19.700;1.340;25;26;0;0;100;0;100;0;0;0;0;88;88;0;0.000;0.000;0.000;0.000;0.000;0.000;0.0;0.0;0;14;0.000;0.000;11.3;0;0.0;0;0;0;0;0;99;0;0;4982;0.00;0;0;0;0;0;0;0;0;0;0;0;0;0;0;0;0;14;0;99.0;99.0;0;0;0.00;0.00;0.00;0.0;0.0
190.078;197;0;99;0;0.0;19.700;1.340;25;26;0;0;100;0;100;0;0;0;0;88;88;0;0.000;0.000;0.000;0.000;0.000;0.000;0.0;0.0;0;14;0.000;0.000;11.3;0;0.0;0;0;0;0;0;99;0;0;4982;0.00;0;0;0;0;0;0;0;0;0;0;0;0;0;0;0;0;14;0;99.0;99.0;0;0;0.00;0.00;0.00;0.0;0.0
190.144;197;0;99;0;0.0;19.700;1.340;25;26;0;0;100;0;100;0;0;0;0;88;88;0;0.000;0.000;0.000;0.000;0.000;0.000;0.0;0.0;0;14;0.000;0.000;11.3;0;0.0;0;0;0;0;0;99;0;0;4982;0.00;0;0;0;0;0;0;0;0;0;0;0;0;0;0;0;0;14;0;99.0;99.0;0;0;0.00;0.00;0.00;0.0;0.0
190.213;197;0;99;0;0.0;19.700;1.340;25;26;0;0;100;0;100;0;0;0;0;88;88;0;0.000;0.000;0.000;0.000;0.000;0.000;0.0;0.0;0;14;0.000;0.000;11.3;0;0.0;0;0;0;0;0;99;0;0;4982;0.00;0;0;0;0;0;0;0;0;0;0;0;0;0;0;0;0;14;0;99.0;99.0;0;0;0.00;0.00;0.00;0.0;0.0
190.279;197;0;99;0;0.0;19.700;1.340;25;26;0;0;100;0;100;0;0;0;0;88;88;0;0.000;0.000;0.000;0.000;0.000;0.000;0.0;0.0;0;14;0.000;0.000;11.3;0;0.0;0;0;0;0;0;99;0;0;4982;0.00;0;0;0;0;0;0;0;0;0;0;0;0;0;0;0;0;14;0;99.0;99.0;0;0;0.00;0.00;0.00;0.0;0.0
190.346;197;0;99;0;0.0;19.700;1.340;25;26;0;0;100;0;100;0;0;0;0;88;88;0;0.000;0.000;0.000;0.000;0.000;0.000;0.0;0.0;0;14;0.000;0.000;11.3;0;0.0;0;0;0;0;0;99;0;0;4982;0.00;0;0;0;0;0;0;0;0;0;0;0;0;0;0;0;0;14;0;99.0;99.0;0;0;0.00;0.00;0.00;0.0;0.0
190.414;197;0;99;0;0.0;19.700;1.340;25;26;0;0;100;0;100;0;0;0;0;88;88;0;0.000;0.000;0.000;0.000;0.000;0.000;0.0;0.0;0;14;0.000;0.000;11.3;0;0.0;0;0;0;0;0;99;0;0;4982;0.00;0;0;0;0;0;0;0;0;0;0;0;0;0;0;0;0;14;0;99.0;99.0;0;0;0.00;0.00;0.00;0.0;0.0
190.479;197;0;99;0;0.0;19.700;1.340;25;26;0;0;100;0;100;0;0;0;0;88;88;0;0.000;0.000;0.000;0.000;0.000;0.000;0.0;0.0;0;14;0.000;0.000;11.3;0;0.0;0;0;0;0;0;99;0;0;4982;0.00;0;0;0;0;0;0;0;0;0;0;0;0;0;0;0;0;14;0;99.0;99.0;0;0;0.00;0.00;0.00;0.0;0.0
190.545;197;0;99;0;0.0;19.700;1.340;25;26;0;0;100;0;100;0;0;0;0;88;88;0;0.000;0.000;0.000;0.000;0.000;0.000;0.0;0.0;0;14;0.000;0.000;11.3;0;0.0;0;0;0;0;0;99;0;0;4982;0.00;0;0;0;0;0;0;0;0;0;0;0;0;0;0;0;0;14;0;99.0;99.0;0;0;0.00;0.00;0.00;0.0;0.0
190.615;197;0;99;0;0.0;19.700;1.340;25;26;0;0;100;0;100;0;0;0;0;88;88;0;0.000;0.000;0.000;0.000;0.000;0.000;0.0;0.0;0;14;0.000;0.000;11.3;0;0.0;0;0;0;0;0;99;0;0;4982;0.00;0;0;0;0;0;0;0;0;0;0;0;0;0;0;0;0;14;0;99.0;99.0;0;0;0.00;0.00;0.00;0.0;0.0
190.680;197;0;99;0;0.0;19.700;1.340;25;26;0;0;100;0;100;0;0;0;0;88;88;0;0.000;0.000;0.000;0.000;0.000;0.000;0.0;0.0;0;14;0.000;0.000;11.3;0;0.0;0;0;0;0;0;99;0;0;4982;0.00;0;0;0;0;0;0;0;0;0;0;0;0;0;0;0;0;14;0;99.0;99.0;0;0;0.00;0.00;0.00;0.0;0.0
190.746;197;0;99;0;0.0;19.700;1.340;25;26;0;0;100;0;100;0;0;0;0;88;88;0;0.000;0.000;0.000;0.000;0.000;0.000;0.0;0.0;0;14;0.000;0.000;11.3;0;0.0;0;0;0;0;0;99;0;0;4982;0.00;0;0;0;0;0;0;0;0;0;0;0;0;0;0;0;0;14;0;99.0;99.0;0;0;0.00;0.00;0.00;0.0;0.0
190.813;197;0;99;0;0.0;19.700;1.340;25;26;0;0;100;0;100;0;0;0;0;88;88;0;0.000;0.000;0.000;0.000;0.000;0.000;0.0;0.0;0;14;0.000;0.000;11.3;0;0.0;0;0;0;0;0;99;0;0;4982;0.00;0;0;0;0;0;0;0;0;0;0;0;0;0;0;0;0;14;0;99.0;99.0;0;0;0.00;0.00;0.00;0.0;0.0
190.881;198;0;99;0;0.0;19.700;1.340;25;26;0;0;100;0;100;0;0;0;0;88;88;0;0.000;0.000;0.000;0.000;0.000;0.000;0.0;0.0;0;14;0.000;0.000;11.3;0;0.0;0;0;0;0;0;99;0;0;4981;0.00;0;0;0;0;0;0;0;0;0;0;0;0;0;0;0;0;14;0;99.0;99.0;0;0;0.00;0.00;0.00;0.0;0.0
190.946;198;0;99;0;0.0;19.700;1.340;25;26;0;0;100;0;100;0;0;0;0;88;88;0;0.000;0.000;0.000;0.000;0.000;0.000;0.0;0.0;0;14;0.000;0.000;11.3;0;0.0;0;0;0;0;0;99;0;0;4981;0.00;0;0;0;0;0;0;0;0;0;0;0;0;0;0;0;0;14;0;99.0;99.0;0;0;0.00;0.00;0.00;0.0;0.0
191.013;198;0;99;0;0.0;19.700;1.340;25;26;0;0;100;0;100;0;0;0;0;88;88;0;0.000;0.000;0.000;0.000;0.000;0.000;0.0;0.0;0;14;0.000;0.000;11.3;0;0.0;0;0;0;0;0;99;0;0;4981;0.00;0;0;0;0;0;0;0;0;0;0;0;0;0;0;0;0;14;0;99.0;99.0;0;0;0.00;0.00;0.00;0.0;0.0
191.081;198;0;99;0;0.0;19.700;1.340;25;26;0;0;100;0;100;0;0;0;0;88;88;0;0.000;0.000;0.000;0.000;0.000;0.000;0.0;0.0;0;14;0.000;0.000;11.3;0;0.0;0;0;0;0;0;99;0;0;4981;0.00;0;0;0;0;0;0;0;0;0;0;0;0;0;0;0;0;14;0;99.0;99.0;0;0;0.00;0.00;0.00;0.0;0.0
191.147;198;0;99;0;0.0;19.700;1.340;25;26;0;0;100;0;100;0;0;0;0;88;88;0;0.000;0.000;0.000;0.000;0.000;0.000;0.0;0.0;0;14;0.000;0.000;11.3;0;0.0;0;0;0;0;0;99;0;0;4981;0.00;0;0;0;0;0;0;0;0;0;0;0;0;0;0;0;0;14;0;99.0;99.0;0;0;0.00;0.00;0.00;0.0;0.0
191.213;198;0;99;0;0.0;19.700;1.340;25;26;0;0;100;0;100;0;0;0;0;88;88;0;0.000;0.000;0.000;0.000;0.000;0.000;0.0;0.0;0;14;0.000;0.000;11.3;0;0.0;0;0;0;0;0;99;0;0;4981;0.00;0;0;0;0;0;0;0;0;0;0;0;0;0;0;0;0;14;0;99.0;99.0;0;0;0.00;0.00;0.00;0.0;0.0
191.278;198;0;99;0;0.0;19.700;1.340;25;26;0;0;100;0;100;0;0;0;0;88;88;0;0.000;0.000;0.000;0.000;0.000;0.000;0.0;0.0;0;14;0.000;0.000;11.3;0;0.0;0;0;0;0;0;99;0;0;4981;0.00;0;0;0;0;0;0;0;0;0;0;0;0;0;0;0;0;14;0;99.0;99.0;0;0;0.00;0.00;0.00;0.0;0.0
191.343;198;0;99;0;0.0;19.700;1.340;25;26;0;0;100;0;100;0;0;0;0;88;88;0;0.000;0.000;0.000;0.000;0.000;0.000;0.0;0.0;0;14;0.000;0.000;11.3;0;0.0;0;0;0;0;0;99;0;0;4981;0.00;0;0;0;0;0;0;0;0;0;0;0;0;0;0;0;0;14;0;99.0;99.0;0;0;0.00;0.00;0.00;0.0;0.0
191.410;198;0;99;0;0.0;19.700;1.340;25;26;0;0;100;0;100;0;0;0;0;88;88;0;0.000;0.000;0.000;0.000;0.000;0.000;0.0;0.0;0;14;0.000;0.000;11.3;0;0.0;0;0;0;0;0;99;0;0;4981;0.00;0;0;0;0;0;0;0;0;0;0;0;0;0;0;0;0;14;0;99.0;99.0;0;0;0.00;0.00;0.00;0.0;0.0
191.479;198;0;99;0;0.0;19.700;1.340;25;26;0;0;100;0;100;0;0;0;0;88;88;0;0.000;0.000;0.000;0.000;0.000;0.000;0.0;0.0;0;14;0.000;0.000;11.3;0;0.0;0;0;0;0;0;99;0;0;4981;0.00;0;0;0;0;0;0;0;0;0;0;0;0;0;0;0;0;14;0;99.0;99.0;0;0;0.00;0.00;0.00;0.0;0.0
191.544;198;0;99;0;0.0;19.700;1.340;25;26;0;0;100;0;100;0;0;0;0;88;88;0;0.000;0.000;0.000;0.000;0.000;0.000;0.0;0.0;0;14;0.000;0.000;11.3;0;0.0;0;0;0;0;0;99;0;0;4981;0.00;0;0;0;0;0;0;0;0;0;0;0;0;0;0;0;0;14;0;99.0;99.0;0;0;0.00;0.00;0.00;0.0;0.0
191.610;198;0;99;0;0.0;19.700;1.340;25;26;0;0;100;0;100;0;0;0;0;88;88;0;0.000;0.000;0.000;0.000;0.000;0.000;0.0;0.0;0;14;0.000;0.000;11.3;0;0.0;0;0;0;0;0;99;0;0;4981;0.00;0;0;0;0;0;0;0;0;0;0;0;0;0;0;0;0;14;0;99.0;99.0;0;0;0.00;0.00;0.00;0.0;0.0
191.676;198;0;99;0;0.0;19.700;1.340;25;26;0;0;100;0;100;0;0;0;0;88;88;0;0.000;0.000;0.000;0.000;0.000;0.000;0.0;0.0;0;14;0.000;0.000;11.3;0;0.0;0;0;0;0;0;99;0;0;4981;0.00;0;0;0;0;0;0;0;0;0;0;0;0;0;0;0;0;14;0;99.0;99.0;0;0;0.00;0.00;0.00;0.0;0.0
191.745;198;0;99;0;0.0;19.700;1.340;25;26;0;0;100;0;100;0;0;0;0;88;88;0;0.000;0.000;0.000;0.000;0.000;0.000;0.0;0.0;0;14;0.000;0.000;11.3;0;0.0;0;0;0;0;0;99;0;0;4981;0.00;0;0;0;0;0;0;0;0;0;0;0;0;0;0;0;0;14;0;99.0;99.0;0;0;0.00;0.00;0.00;0.0;0.0
191.810;198;0;99;0;0.0;19.700;1.340;25;26;0;0;100;0;100;0;0;0;0;88;88;0;0.000;0.000;0.000;0.000;0.000;0.000;0.0;0.0;0;14;0.000;0.000;11.3;0;0.0;0;0;0;0;0;99;0;0;4981;0.00;0;0;0;0;0;0;0;0;0;0;0;0;0;0;0;0;14;0;99.0;99.0;0;0;0.00;0.00;0.00;0.0;0.0
191.876;198;0;99;0;0.0;19.700;1.340;25;26;0;0;100;0;100;0;0;0;0;88;88;0;0.000;0.000;0.000;0.000;0.000;0.000;0.0;0.0;0;14;0.000;0.000;11.3;0;0.0;0;0;0;0;0;99;0;0;4981;0.00;0;0;0;0;0;0;0;0;0;0;0;0;0;0;0;0;14;0;99.0;99.0;0;0;0.00;0.00;0.00;0.0;0.0
191.941;199;0;99;0;0.0;19.700;1.340;25;26;0;0;100;0;100;0;0;0;0;88;88;0;0.000;0.000;0.000;0.000;0.000;0.000;0.0;0.0;0;14;0.000;0.000;11.3;0;0.0;0;0;0;0;0;99;0;0;4972;0.00;0;0;0;0;0;0;0;0;0;0;0;0;0;0;0;0;14;0;99.0;99.0;0;0;0.00;0.00;0.00;0.0;0.0
192.007;199;0;99;0;0.0;19.700;1.340;25;26;0;0;100;0;100;0;0;0;0;88;88;0;0.000;0.000;0.000;0.000;0.000;0.000;0.0;0.0;0;14;0.000;0.000;11.3;0;0.0;0;0;0;0;0;99;0;0;4972;0.00;0;0;0;0;0;0;0;0;0;0;0;0;0;0;0;0;14;0;99.0;99.0;0;0;0.00;0.00;0.00;0.0;0.0
192.076;199;0;99;0;0.0;19.700;1.340;25;26;0;0;100;0;100;0;0;0;0;88;88;0;0.000;0.000;0.000;0.000;0.000;0.000;0.0;0.0;0;14;0.000;0.000;11.3;0;0.0;0;0;0;0;0;99;0;0;4972;0.00;0;0;0;0;0;0;0;0;0;0;0;0;0;0;0;0;14;0;99.0;99.0;0;0;0.00;0.00;0.00;0.0;0.0
192.142;199;0;99;0;0.0;19.700;1.340;25;26;0;0;100;0;100;0;0;0;0;88;88;0;0.000;0.000;0.000;0.000;0.000;0.000;0.0;0.0;0;14;0.000;0.000;11.3;0;0.0;0;0;0;0;0;99;0;0;4972;0.00;0;0;0;0;0;0;0;0;0;0;0;0;0;0;0;0;14;0;99.0;99.0;0;0;0.00;0.00;0.00;0.0;0.0
192.212;199;0;99;0;0.0;19.700;1.340;25;26;0;0;100;0;100;0;0;0;0;88;88;0;0.000;0.000;0.000;0.000;0.000;0.000;0.0;0.0;0;14;0.000;0.000;11.3;0;0.0;0;0;0;0;0;99;0;0;4972;0.00;0;0;0;0;0;0;0;0;0;0;0;0;0;0;0;0;14;0;99.0;99.0;0;0;0.00;0.00;0.00;0.0;0.0
192.278;199;0;99;0;0.0;19.700;1.340;25;26;0;0;100;0;100;0;0;0;0;88;88;0;0.000;0.000;0.000;0.000;0.000;0.000;0.0;0.0;0;14;0.000;0.000;11.3;0;0.0;0;0;0;0;0;99;0;0;4972;0.00;0;0;0;0;0;0;0;0;0;0;0;0;0;0;0;0;14;0;99.0;99.0;0;0;0.00;0.00;0.00;0.0;0.0
192.347;199;0;99;0;0.0;19.700;1.340;25;26;0;0;100;0;100;0;0;0;0;88;88;0;0.000;0.000;0.000;0.000;0.000;0.000;0.0;0.0;0;14;0.000;0.000;11.3;0;0.0;0;0;0;0;0;99;0;0;4972;0.00;0;0;0;0;0;0;0;0;0;0;0;0;0;0;0;0;14;0;99.0;99.0;0;0;0.00;0.00;0.00;0.0;0.0
192.413;199;0;99;0;0.0;19.700;1.340;25;26;0;0;100;0;100;0;0;0;0;88;88;0;0.000;0.000;0.000;0.000;0.000;0.000;0.0;0.0;0;14;0.000;0.000;11.3;0;0.0;0;0;0;0;0;99;0;0;4972;0.00;0;0;0;0;0;0;0;0;0;0;0;0;0;0;0;0;14;0;99.0;99.0;0;0;0.00;0.00;0.00;0.0;0.0
192.478;199;0;99;0;0.0;19.700;1.340;25;26;0;0;100;0;100;0;0;0;0;88;88;0;0.000;0.000;0.000;0.000;0.000;0.000;0.0;0.0;0;14;0.000;0.000;11.3;0;0.0;0;0;0;0;0;99;0;0;4972;0.00;0;0;0;0;0;0;0;0;0;0;0;0;0;0;0;0;14;0;99.0;99.0;0;0;0.00;0.00;0.00;0.0;0.0
192.545;199;0;99;0;0.0;19.700;1.340;25;26;0;0;100;0;100;0;0;0;0;88;88;0;0.000;0.000;0.000;0.000;0.000;0.000;0.0;0.0;0;14;0.000;0.000;11.3;0;0.0;0;0;0;0;0;99;0;0;4972;0.00;0;0;0;0;0;0;0;0;0;0;0;0;0;0;0;0;14;0;99.0;99.0;0;0;0.00;0.00;0.00;0.0;0.0
192.609;199;0;99;0;0.0;19.700;1.340;25;26;0;0;100;0;100;0;0;0;0;88;88;0;0.000;0.000;0.000;0.000;0.000;0.000;0.0;0.0;0;14;0.000;0.000;11.3;0;0.0;0;0;0;0;0;99;0;0;4972;0.00;0;0;0;0;0;0;0;0;0;0;0;0;0;0;0;0;14;0;99.0;99.0;0;0;0.00;0.00;0.00;0.0;0.0
192.675;199;0;99;0;0.0;19.700;1.340;25;26;0;0;100;0;100;0;0;0;0;88;88;0;0.000;0.000;0.000;0.000;0.000;0.000;0.0;0.0;0;14;0.000;0.000;11.3;0;0.0;0;0;0;0;0;99;0;0;4972;0.00;0;0;0;0;0;0;0;0;0;0;0;0;0;0;0;0;14;0;99.0;99.0;0;0;0.00;0.00;0.00;0.0;0.0
192.744;199;0;99;0;0.0;19.700;1.340;25;26;0;0;100;0;100;0;0;0;0;88;88;0;0.000;0.000;0.000;0.000;0.000;0.000;0.0;0.0;0;14;0.000;0.000;11.3;0;0.0;0;0;0;0;0;99;0;0;4972;0.00;0;0;0;0;0;0;0;0;0;0;0;0;0;0;0;0;14;0;99.0;99.0;0;0;0.00;0.00;0.00;0.0;0.0
192.811;199;0;99;0;0.0;19.700;1.340;25;26;0;0;100;0;100;0;0;0;0;88;88;0;0.000;0.000;0.000;0.000;0.000;0.000;0.0;0.0;0;14;0.000;0.000;11.3;0;0.0;0;0;0;0;0;99;0;0;4972;0.00;0;0;0;0;0;0;0;0;0;0;0;0;0;0;0;0;14;0;99.0;99.0;0;0;0.00;0.00;0.00;0.0;0.0
192.879;199;0;99;0;0.0;19.700;1.340;25;26;0;0;100;0;100;0;0;0;0;88;88;0;0.000;0.000;0.000;0.000;0.000;0.000;0.0;0.0;0;14;0.000;0.000;11.3;0;0.0;0;0;0;0;0;99;0;0;4972;0.00;0;0;0;0;0;0;0;0;0;0;0;0;0;0;0;0;14;0;99.0;99.0;0;0;0.00;0.00;0.00;0.0;0.0
192.945;200;0;99;0;0.0;19.700;1.340;25;26;0;0;100;0;100;0;0;0;0;88;88;0;0.000;0.000;0.000;0.000;0.000;0.000;0.0;0.0;0;14;0.000;0.000;11.3;0;0.0;0;0;0;0;0;99;0;0;4962;0.00;0;0;0;0;0;0;0;0;0;0;0;0;0;0;0;0;14;0;99.0;99.0;0;0;0.00;0.00;0.00;0.0;0.0
193.011;200;0;99;0;0.0;19.700;1.340;25;26;0;0;100;0;100;0;0;0;0;88;88;0;0.000;0.000;0.000;0.000;0.000;0.000;0.0;0.0;0;14;0.000;0.000;11.3;0;0.0;0;0;0;0;0;99;0;0;4962;0.00;0;0;0;0;0;0;0;0;0;0;0;0;0;0;0;0;14;0;99.0;99.0;0;0;0.00;0.00;0.00;0.0;0.0
193.075;200;0;99;0;0.0;19.700;1.340;25;26;0;0;100;0;100;0;0;0;0;88;88;0;0.000;0.000;0.000;0.000;0.000;0.000;0.0;0.0;0;14;0.000;0.000;11.3;0;0.0;0;0;0;0;0;99;0;0;4962;0.00;0;0;0;0;0;0;0;0;0;0;0;0;0;0;0;0;14;0;99.0;99.0;0;0;0.00;0.00;0.00;0.0;0.0
193.142;200;0;99;0;0.0;19.700;1.340;25;26;0;0;100;0;100;0;0;0;0;88;88;0;0.000;0.000;0.000;0.000;0.000;0.000;0.0;0.0;0;14;0.000;0.000;11.3;0;0.0;0;0;0;0;0;99;0;0;4962;0.00;0;0;0;0;0;0;0;0;0;0;0;0;0;0;0;0;14;0;99.0;99.0;0;0;0.00;0.00;0.00;0.0;0.0
193.213;200;0;99;0;0.0;19.700;1.340;25;26;0;0;100;0;100;0;0;0;0;88;88;0;0.000;0.000;0.000;0.000;0.000;0.000;0.0;0.0;0;14;0.000;0.000;11.3;0;0.0;0;0;0;0;0;99;0;0;4962;0.00;0;0;0;0;0;0;0;0;0;0;0;0;0;0;0;0;14;0;99.0;99.0;0;0;0.00;0.00;0.00;0.0;0.0
193.281;200;0;99;0;0.0;19.700;1.340;25;26;0;0;100;0;100;0;0;0;0;88;88;0;0.000;0.000;0.000;0.000;0.000;0.000;0.0;0.0;0;14;0.000;0.000;11.3;0;0.0;0;0;0;0;0;99;0;0;4962;0.00;0;0;0;0;0;0;0;0;0;0;0;0;0;0;0;0;14;0;99.0;99.0;0;0;0.00;0.00;0.00;0.0;0.0
193.347;200;0;99;0;0.0;19.700;1.340;25;26;0;0;100;0;100;0;0;0;0;88;88;0;0.000;0.000;0.000;0.000;0.000;0.000;0.0;0.0;0;14;0.000;0.000;11.3;0;0.0;0;0;0;0;0;99;0;0;4962;0.00;0;0;0;0;0;0;0;0;0;0;0;0;0;0;0;0;14;0;99.0;99.0;0;0;0.00;0.00;0.00;0.0;0.0
193.413;200;0;99;0;0.0;19.700;1.340;25;26;0;0;100;0;100;0;0;0;0;88;88;0;0.000;0.000;0.000;0.000;0.000;0.000;0.0;0.0;0;14;0.000;0.000;11.3;0;0.0;0;0;0;0;0;99;0;0;4962;0.00;0;0;0;0;0;0;0;0;0;0;0;0;0;0;0;0;14;0;99.0;99.0;0;0;0.00;0.00;0.00;0.0;0.0
193.478;200;0;99;0;0.0;19.700;1.340;25;26;0;0;100;0;100;0;0;0;0;88;88;0;0.000;0.000;0.000;0.000;0.000;0.000;0.0;0.0;0;14;0.000;0.000;11.3;0;0.0;0;0;0;0;0;99;0;0;4962;0.00;0;0;0;0;0;0;0;0;0;0;0;0;0;0;0;0;14;0;99.0;99.0;0;0;0.00;0.00;0.00;0.0;0.0
193.548;200;0;99;0;0.0;19.700;1.340;25;26;0;0;100;0;100;0;0;0;0;88;88;0;0.000;0.000;0.000;0.000;0.000;0.000;0.0;0.0;0;14;0.000;0.000;11.3;0;0.0;0;0;0;0;0;99;0;0;4962;0.00;0;0;0;0;0;0;0;0;0;0;0;0;0;0;0;0;14;0;99.0;99.0;0;0;0.00;0.00;0.00;0.0;0.0
193.613;200;0;99;0;0.0;19.700;1.340;25;26;0;0;100;0;100;0;0;0;0;88;88;0;0.000;0.000;0.000;0.000;0.000;0.000;0.0;0.0;0;14;0.000;0.000;11.3;0;0.0;0;0;0;0;0;99;0;0;4962;0.00;0;0;0;0;0;0;0;0;0;0;0;0;0;0;0;0;14;0;99.0;99.0;0;0;0.00;0.00;0.00;0.0;0.0
193.679;200;0;99;0;0.0;19.700;1.340;25;26;0;0;100;0;100;0;0;0;0;88;88;0;0.000;0.000;0.000;0.000;0.000;0.000;0.0;0.0;0;14;0.000;0.000;11.3;0;0.0;0;0;0;0;0;99;0;0;4962;0.00;0;0;0;0;0;0;0;0;0;0;0;0;0;0;0;0;14;0;99.0;99.0;0;0;0.00;0.00;0.00;0.0;0.0
193.743;200;0;99;0;0.0;19.700;1.340;25;26;0;0;100;0;100;0;0;0;0;88;88;0;0.000;0.000;0.000;0.000;0.000;0.000;0.0;0.0;0;14;0.000;0.000;11.3;0;0.0;0;0;0;0;0;99;0;0;4962;0.00;0;0;0;0;0;0;0;0;0;0;0;0;0;0;0;0;14;0;99.0;99.0;0;0;0.00;0.00;0.00;0.0;0.0
193.809;200;0;99;0;0.0;19.700;1.340;25;26;0;0;100;0;100;0;0;0;0;88;88;0;0.000;0.000;0.000;0.000;0.000;0.000;0.0;0.0;0;14;0.000;0.000;11.3;0;0.0;0;0;0;0;0;99;0;0;4962;0.00;0;0;0;0;0;0;0;0;0;0;0;0;0;0;0;0;14;0;99.0;99.0;0;0;0.00;0.00;0.00;0.0;0.0
193.880;200;0;99;0;0.0;19.700;1.340;25;26;0;0;100;0;100;0;0;0;0;88;88;0;0.000;0.000;0.000;0.000;0.000;0.000;0.0;0.0;0;14;0.000;0.000;11.3;0;0.0;0;0;0;0;0;99;0;0;4962;0.00;0;0;0;0;0;0;0;0;0;0;0;0;0;0;0;0;14;0;99.0;99.0;0;0;0.00;0.00;0.00;0.0;0.0
193.944;201;0;99;0;0.0;19.700;1.340;25;26;0;0;100;0;100;0;0;0;0;88;88;0;0.000;0.000;0.000;0.000;0.000;0.000;0.0;0.0;0;14;0.000;0.000;11.3;0;0.0;0;0;0;0;0;99;0;0;4983;0.00;0;0;0;0;0;0;0;0;0;0;0;0;0;0;0;0;14;0;99.0;99.0;0;0;0.00;0.00;0.00;0.0;0.0
194.010;201;0;99;0;0.0;19.700;1.340;25;26;0;0;100;0;100;0;0;0;0;88;88;0;0.000;0.000;0.000;0.000;0.000;0.000;0.0;0.0;0;14;0.000;0.000;11.3;0;0.0;0;0;0;0;0;99;0;0;4983;0.00;0;0;0;0;0;0;0;0;0;0;0;0;0;0;0;0;14;0;99.0;99.0;0;0;0.00;0.00;0.00;0.0;0.0
194.076;201;0;99;0;0.0;19.700;1.340;25;26;0;0;100;0;100;0;0;0;0;88;88;0;0.000;0.000;0.000;0.000;0.000;0.000;0.0;0.0;0;14;0.000;0.000;11.3;0;0.0;0;0;0;0;0;99;0;0;4983;0.00;0;0;0;0;0;0;0;0;0;0;0;0;0;0;0;0;14;0;99.0;99.0;0;0;0.00;0.00;0.00;0.0;0.0
194.146;201;0;99;0;0.0;19.700;1.340;25;26;0;0;100;0;100;0;0;0;0;88;88;0;0.000;0.000;0.000;0.000;0.000;0.000;0.0;0.0;0;14;0.000;0.000;11.3;0;0.0;0;0;0;0;0;99;0;0;4983;0.00;0;0;0;0;0;0;0;0;0;0;0;0;0;0;0;0;14;0;99.0;99.0;0;0;0.00;0.00;0.00;0.0;0.0
194.214;201;0;99;0;0.0;19.700;1.340;25;26;0;0;100;0;100;0;0;0;0;88;88;0;0.000;0.000;0.000;0.000;0.000;0.000;0.0;0.0;0;14;0.000;0.000;11.3;0;0.0;0;0;0;0;0;99;0;0;4983;0.00;0;0;0;0;0;0;0;0;0;0;0;0;0;0;0;0;14;0;99.0;99.0;0;0;0.00;0.00;0.00;0.0;0.0
194.280;201;0;99;0;0.0;19.700;1.340;25;26;0;0;100;0;100;0;0;0;0;88;88;0;0.000;0.000;0.000;0.000;0.000;0.000;0.0;0.0;0;14;0.000;0.000;11.3;0;0.0;0;0;0;0;0;99;0;0;4983;0.00;0;0;0;0;0;0;0;0;0;0;0;0;0;0;0;0;14;0;99.0;99.0;0;0;0.00;0.00;0.00;0.0;0.0
194.345;201;0;99;0;0.0;19.700;1.340;25;26;0;0;100;0;100;0;0;0;0;88;88;0;0.000;0.000;0.000;0.000;0.000;0.000;0.0;0.0;0;14;0.000;0.000;11.3;0;0.0;0;0;0;0;0;99;0;0;4983;0.00;0;0;0;0;0;0;0;0;0;0;0;0;0;0;0;0;14;0;99.0;99.0;0;0;0.00;0.00;0.00;0.0;0.0
194.411;201;0;99;0;0.0;19.700;1.340;25;26;0;0;100;0;100;0;0;0;0;88;88;0;0.000;0.000;0.000;0.000;0.000;0.000;0.0;0.0;0;14;0.000;0.000;11.3;0;0.0;0;0;0;0;0;99;0;0;4983;0.00;0;0;0;0;0;0;0;0;0;0;0;0;0;0;0;0;14;0;99.0;99.0;0;0;0.00;0.00;0.00;0.0;0.0
194.477;201;0;99;0;0.0;19.700;1.340;25;26;0;0;100;0;100;0;0;0;0;88;88;0;0.000;0.000;0.000;0.000;0.000;0.000;0.0;0.0;0;14;0.000;0.000;11.3;0;0.0;0;0;0;0;0;99;0;0;4983;0.00;0;0;0;0;0;0;0;0;0;0;0;0;0;0;0;0;14;0;99.0;99.0;0;0;0.00;0.00;0.00;0.0;0.0
194.542;201;0;99;0;0.0;19.700;1.340;25;26;0;0;100;0;100;0;0;0;0;88;88;0;0.000;0.000;0.000;0.000;0.000;0.000;0.0;0.0;0;14;0.000;0.000;11.3;0;0.0;0;0;0;0;0;99;0;0;4983;0.00;0;0;0;0;0;0;0;0;0;0;0;0;0;0;0;0;14;0;99.0;99.0;0;0;0.00;0.00;0.00;0.0;0.0
194.612;201;0;99;0;0.0;19.700;1.340;25;26;0;0;100;0;100;0;0;0;0;88;88;0;0.000;0.000;0.000;0.000;0.000;0.000;0.0;0.0;0;14;0.000;0.000;11.3;0;0.0;0;0;0;0;0;99;0;0;4983;0.00;0;0;0;0;0;0;0;0;0;0;0;0;0;0;0;0;14;0;99.0;99.0;0;0;0.00;0.00;0.00;0.0;0.0
194.677;201;0;99;0;0.0;19.700;1.340;25;26;0;0;100;0;100;0;0;0;0;88;88;0;0.000;0.000;0.000;0.000;0.000;0.000;0.0;0.0;0;14;0.000;0.000;11.3;0;0.0;0;0;0;0;0;99;0;0;4983;0.00;0;0;0;0;0;0;0;0;0;0;0;0;0;0;0;0;14;0;99.0;99.0;0;0;0.00;0.00;0.00;0.0;0.0
194.743;201;0;99;0;0.0;19.700;1.340;25;26;0;0;100;0;100;0;0;0;0;88;88;0;0.000;0.000;0.000;0.000;0.000;0.000;0.0;0.0;0;14;0.000;0.000;11.3;0;0.0;0;0;0;0;0;99;0;0;4983;0.00;0;0;0;0;0;0;0;0;0;0;0;0;0;0;0;0;14;0;99.0;99.0;0;0;0.00;0.00;0.00;0.0;0.0
194.809;201;0;99;0;0.0;19.700;1.340;25;26;0;0;100;0;100;0;0;0;0;88;88;0;0.000;0.000;0.000;0.000;0.000;0.000;0.0;0.0;0;14;0.000;0.000;11.3;0;0.0;0;0;0;0;0;99;0;0;4983;0.00;0;0;0;0;0;0;0;0;0;0;0;0;0;0;0;0;14;0;99.0;99.0;0;0;0.00;0.00;0.00;0.0;0.0
194.878;201;0;99;0;0.0;19.700;1.340;25;26;0;0;100;0;100;0;0;0;0;88;88;0;0.000;0.000;0.000;0.000;0.000;0.000;0.0;0.0;0;14;0.000;0.000;11.3;0;0.0;0;0;0;0;0;99;0;0;4983;0.00;0;0;0;0;0;0;0;0;0;0;0;0;0;0;0;0;14;0;99.0;99.0;0;0;0.00;0.00;0.00;0.0;0.0
194.944;202;0;99;0;0.0;19.700;1.340;25;26;0;0;100;0;100;0;0;0;0;88;88;0;0.000;0.000;0.000;0.000;0.000;0.000;0.0;0.0;0;14;0.000;0.000;11.3;0;0.0;0;0;0;0;0;99;0;0;4980;0.00;0;0;0;0;0;0;0;0;0;0;0;0;0;0;0;0;14;0;99.0;99.0;0;0;0.00;0.00;0.00;0.0;0.0
195.009;202;0;99;0;0.0;19.700;1.340;25;26;0;0;100;0;100;0;0;0;0;88;88;0;0.000;0.000;0.000;0.000;0.000;0.000;0.0;0.0;0;14;0.000;0.000;11.3;0;0.0;0;0;0;0;0;99;0;0;4980;0.00;0;0;0;0;0;0;0;0;0;0;0;0;0;0;0;0;14;0;99.0;99.0;0;0;0.00;0.00;0.00;0.0;0.0
195.075;202;0;99;0;0.0;19.700;1.340;25;26;0;0;100;0;100;0;0;0;0;88;88;0;0.000;0.000;0.000;0.000;0.000;0.000;0.0;0.0;0;14;0.000;0.000;11.3;0;0.0;0;0;0;0;0;99;0;0;4980;0.00;0;0;0;0;0;0;0;0;0;0;0;0;0;0;0;0;14;0;99.0;99.0;0;0;0.00;0.00;0.00;0.0;0.0
195.140;202;0;99;0;0.0;19.700;1.340;25;26;0;0;100;0;100;0;0;0;0;88;88;0;0.000;0.000;0.000;0.000;0.000;0.000;0.0;0.0;0;14;0.000;0.000;11.3;0;0.0;0;0;0;0;0;99;0;0;4980;0.00;0;0;0;0;0;0;0;0;0;0;0;0;0;0;0;0;14;0;99.0;99.0;0;0;0.00;0.00;0.00;0.0;0.0
195.211;202;0;98;0;0.0;19.700;1.340;25;26;0;0;100;0;100;0;0;0;0;88;88;0;0.000;0.000;0.000;0.000;0.000;0.000;0.0;0.0;0;15;0.000;0.000;11.3;0;-0.1;0;0;0;0;0;99;0;0;4980;0.00;0;0;0;0;0;0;0;0;0;0;0;0;0;0;0;0;15;0;98.0;98.0;0;0;0.00;0.00;0.00;0.0;0.0
195.275;202;0;99;0;0.0;19.700;1.340;25;26;0;0;100;0;100;0;0;0;0;88;88;0;0.000;0.000;0.000;0.000;0.000;0.000;0.0;0.0;0;14;0.000;0.000;11.3;0;0.0;0;0;0;0;0;99;0;0;4980;0.00;0;0;0;0;0;0;0;0;0;0;0;0;0;0;0;0;14;0;99.0;99.0;0;0;0.00;0.00;0.00;0.0;0.0
195.341;202;0;99;0;0.0;19.700;1.340;25;26;0;0;100;0;100;0;0;0;0;88;88;0;0.000;0.000;0.000;0.000;0.000;0.000;0.0;0.0;0;14;0.000;0.000;11.3;0;0.0;0;0;0;0;0;99;0;0;4980;0.00;0;0;0;0;0;0;0;0;0;0;0;0;0;0;0;0;14;0;99.0;99.0;0;0;0.00;0.00;0.00;0.0;0.0
195.410;202;0;99;0;0.0;19.700;1.340;25;26;0;0;100;0;100;0;0;0;0;88;88;0;0.000;0.000;0.000;0.000;0.000;0.000;0.0;0.0;0;14;0.000;0.000;11.3;0;0.0;0;0;0;0;0;99;0;0;4980;0.00;0;0;0;0;0;0;0;0;0;0;0;0;0;0;0;0;14;0;99.0;99.0;0;0;0.00;0.00;0.00;0.0;0.0
195.476;202;0;99;0;0.0;19.700;1.340;25;26;0;0;100;0;100;0;0;0;0;88;88;0;0.000;0.000;0.000;0.000;0.000;0.000;0.0;0.0;0;14;0.000;0.000;11.3;0;0.0;0;0;0;0;0;99;0;0;4980;0.00;0;0;0;0;0;0;0;0;0;0;0;0;0;0;0;0;14;0;99.0;99.0;0;0;0.00;0.00;0.00;0.0;0.0
195.545;202;0;99;0;0.0;19.700;1.340;25;26;0;0;100;0;100;0;0;0;0;88;88;0;0.000;0.000;0.000;0.000;0.000;0.000;0.0;0.0;0;14;0.000;0.000;11.3;0;0.0;0;0;0;0;0;99;0;0;4980;0.00;0;0;0;0;0;0;0;0;0;0;0;0;0;0;0;0;14;0;99.0;99.0;0;0;0.00;0.00;0.00;0.0;0.0
195.612;202;0;99;0;0.0;19.700;1.340;25;26;0;0;100;0;100;0;0;0;0;88;88;0;0.000;0.000;0.000;0.000;0.000;0.000;0.0;0.0;0;14;0.000;0.000;11.3;0;0.0;0;0;0;0;0;99;0;0;4980;0.00;0;0;0;0;0;0;0;0;0;0;0;0;0;0;0;0;14;0;99.0;99.0;0;0;0.00;0.00;0.00;0.0;0.0
195.677;202;0;99;0;0.0;19.700;1.340;25;26;0;0;100;0;100;0;0;0;0;88;88;0;0.000;0.000;0.000;0.000;0.000;0.000;0.0;0.0;0;14;0.000;0.000;11.3;0;0.0;0;0;0;0;0;99;0;0;4980;0.00;0;0;0;0;0;0;0;0;0;0;0;0;0;0;0;0;14;0;99.0;99.0;0;0;0.00;0.00;0.00;0.0;0.0
195.742;202;0;99;0;0.0;19.700;1.340;25;26;0;0;100;0;100;0;0;0;0;88;88;0;0.000;0.000;0.000;0.000;0.000;0.000;0.0;0.0;0;14;0.000;0.000;11.3;0;0.0;0;0;0;0;0;99;0;0;4980;0.00;0;0;0;0;0;0;0;0;0;0;0;0;0;0;0;0;14;0;99.0;99.0;0;0;0.00;0.00;0.00;0.0;0.0
195.812;202;0;99;0;0.0;19.700;1.340;25;26;0;0;100;0;100;0;0;0;0;88;88;0;0.000;0.000;0.000;0.000;0.000;0.000;0.0;0.0;0;14;0.000;0.000;11.3;0;0.0;0;0;0;0;0;99;0;0;4980;0.00;0;0;0;0;0;0;0;0;0;0;0;0;0;0;0;0;14;0;99.0;99.0;0;0;0.00;0.00;0.00;0.0;0.0
195.878;202;0;99;0;0.0;19.700;1.340;25;26;0;0;100;0;100;0;0;0;0;88;88;0;0.000;0.000;0.000;0.000;0.000;0.000;0.0;0.0;0;14;0.000;0.000;11.3;0;0.0;0;0;0;0;0;99;0;0;4980;0.00;0;0;0;0;0;0;0;0;0;0;0;0;0;0;0;0;14;0;99.0;99.0;0;0;0.00;0.00;0.00;0.0;0.0
195.948;203;0;99;0;0.0;19.700;1.340;25;26;0;0;100;0;100;0;0;0;0;88;88;0;0.000;0.000;0.000;0.000;0.000;0.000;0.0;0.0;0;14;0.000;0.000;11.3;0;0.0;0;0;0;0;0;99;0;0;4976;0.00;0;0;0;0;0;0;0;0;0;0;0;0;0;0;0;0;14;0;99.0;99.0;0;0;0.00;0.00;0.00;0.0;0.0
196.013;203;0;98;0;0.0;19.700;1.340;25;26;0;0;100;0;100;0;0;0;0;88;88;0;0.000;0.000;0.000;0.000;0.000;0.000;0.0;0.0;0;15;0.000;0.000;11.3;0;-0.1;0;0;0;0;0;99;0;0;4976;0.00;0;0;0;0;0;0;0;0;0;0;0;0;0;0;0;0;15;0;98.0;98.0;0;0;0.00;0.00;0.00;0.0;0.0
196.078;203;0;99;0;0.0;19.700;1.340;25;26;0;0;100;0;100;0;0;0;0;88;88;0;0.000;0.000;0.000;0.000;0.000;0.000;0.0;0.0;0;14;0.000;0.000;11.3;0;0.0;0;0;0;0;0;99;0;0;4976;0.00;0;0;0;0;0;0;0;0;0;0;0;0;0;0;0;0;14;0;99.0;99.0;0;0;0.00;0.00;0.00;0.0;0.0
196.143;203;0;99;0;0.0;19.700;1.340;25;26;0;0;100;0;100;0;0;0;0;88;88;0;0.000;0.000;0.000;0.000;0.000;0.000;0.0;0.0;0;14;0.000;0.000;11.3;0;0.0;0;0;0;0;0;99;0;0;4976;0.00;0;0;0;0;0;0;0;0;0;0;0;0;0;0;0;0;14;0;99.0;99.0;0;0;0.00;0.00;0.00;0.0;0.0
196.209;203;0;99;0;0.0;19.700;1.340;25;26;0;0;100;0;100;0;0;0;0;88;88;0;0.000;0.000;0.000;0.000;0.000;0.000;0.0;0.0;0;14;0.000;0.000;11.3;0;0.0;0;0;0;0;0;99;0;0;4976;0.00;0;0;0;0;0;0;0;0;0;0;0;0;0;0;0;0;14;0;99.0;99.0;0;0;0.00;0.00;0.00;0.0;0.0
196.274;203;0;99;0;0.0;19.700;1.340;25;26;0;0;100;0;100;0;0;0;0;88;88;0;0.000;0.000;0.000;0.000;0.000;0.000;0.0;0.0;0;14;0.000;0.000;11.3;0;0.0;0;0;0;0;0;99;0;0;4976;0.00;0;0;0;0;0;0;0;0;0;0;0;0;0;0;0;0;14;0;99.0;99.0;0;0;0.00;0.00;0.00;0.0;0.0
196.344;203;0;99;0;0.0;19.700;1.340;25;26;0;0;100;0;100;0;0;0;0;88;88;0;0.000;0.000;0.000;0.000;0.000;0.000;0.0;0.0;0;14;0.000;0.000;11.3;0;0.0;0;0;0;0;0;99;0;0;4976;0.00;0;0;0;0;0;0;0;0;0;0;0;0;0;0;0;0;14;0;99.0;99.0;0;0;0.00;0.00;0.00;0.0;0.0
196.410;203;0;99;0;0.0;19.700;1.340;25;26;0;0;100;0;100;0;0;0;0;88;88;0;0.000;0.000;0.000;0.000;0.000;0.000;0.0;0.0;0;14;0.000;0.000;11.3;0;0.0;0;0;0;0;0;99;0;0;4976;0.00;0;0;0;0;0;0;0;0;0;0;0;0;0;0;0;0;14;0;99.0;99.0;0;0;0.00;0.00;0.00;0.0;0.0
196.475;203;0;99;0;0.0;19.700;1.340;25;26;0;0;100;0;100;0;0;0;0;88;88;0;0.000;0.000;0.000;0.000;0.000;0.000;0.0;0.0;0;14;0.000;0.000;11.3;0;0.0;0;0;0;0;0;99;0;0;4976;0.00;0;0;0;0;0;0;0;0;0;0;0;0;0;0;0;0;14;0;99.0;99.0;0;0;0.00;0.00;0.00;0.0;0.0
196.543;203;0;99;0;0.0;19.700;1.340;25;26;0;0;100;0;100;0;0;0;0;88;88;0;0.000;0.000;0.000;0.000;0.000;0.000;0.0;0.0;0;14;0.000;0.000;11.3;0;0.0;0;0;0;0;0;99;0;0;4976;0.00;0;0;0;0;0;0;0;0;0;0;0;0;0;0;0;0;14;0;99.0;99.0;0;0;0.00;0.00;0.00;0.0;0.0
196.610;203;0;99;0;0.0;19.700;1.340;25;26;0;0;100;0;100;0;0;0;0;88;88;0;0.000;0.000;0.000;0.000;0.000;0.000;0.0;0.0;0;14;0.000;0.000;11.3;0;0.0;0;0;0;0;0;99;0;0;4976;0.00;0;0;0;0;0;0;0;0;0;0;0;0;0;0;0;0;14;0;99.0;99.0;0;0;0.00;0.00;0.00;0.0;0.0
196.677;203;0;99;0;0.0;19.700;1.340;25;26;0;0;100;0;100;0;0;0;0;88;88;0;0.000;0.000;0.000;0.000;0.000;0.000;0.0;0.0;0;14;0.000;0.000;11.3;0;0.0;0;0;0;0;0;99;0;0;4976;0.00;0;0;0;0;0;0;0;0;0;0;0;0;0;0;0;0;14;0;99.0;99.0;0;0;0.00;0.00;0.00;0.0;0.0
196.747;203;0;99;0;0.0;19.700;1.340;25;26;0;0;100;0;100;0;0;0;0;88;88;0;0.000;0.000;0.000;0.000;0.000;0.000;0.0;0.0;0;14;0.000;0.000;11.3;0;0.0;0;0;0;0;0;99;0;0;4976;0.00;0;0;0;0;0;0;0;0;0;0;0;0;0;0;0;0;14;0;99.0;99.0;0;0;0.00;0.00;0.00;0.0;0.0
196.812;203;0;99;0;0.0;19.700;1.340;25;26;0;0;100;0;100;0;0;0;0;88;88;0;0.000;0.000;0.000;0.000;0.000;0.000;0.0;0.0;0;14;0.000;0.000;11.3;0;0.0;0;0;0;0;0;99;0;0;4976;0.00;0;0;0;0;0;0;0;0;0;0;0;0;0;0;0;0;14;0;99.0;99.0;0;0;0.00;0.00;0.00;0.0;0.0
196.876;203;0;99;0;0.0;19.700;1.340;25;26;0;0;100;0;100;0;0;0;0;88;88;0;0.000;0.000;0.000;0.000;0.000;0.000;0.0;0.0;0;14;0.000;0.000;11.3;0;0.0;0;0;0;0;0;99;0;0;4976;0.00;0;0;0;0;0;0;0;0;0;0;0;0;0;0;0;0;14;0;99.0;99.0;0;0;0.00;0.00;0.00;0.0;0.0
196.942;203;0;99;0;0.0;19.700;1.340;25;26;0;0;100;0;100;0;0;0;0;88;88;0;0.000;0.000;0.000;0.000;0.000;0.000;0.0;0.0;0;14;0.000;0.000;11.3;0;0.0;0;0;0;0;0;99;0;0;4976;0.00;0;0;0;0;0;0;0;0;0;0;0;0;0;0;0;0;14;0;99.0;99.0;0;0;0.00;0.00;0.00;0.0;0.0
197.008;204;0;99;0;0.0;19.700;1.340;25;26;0;0;100;0;100;0;0;0;0;88;88;0;0.000;0.000;0.000;0.000;0.000;0.000;0.0;0.0;0;14;0.000;0.000;11.3;0;0.0;0;0;0;0;0;99;0;0;4967;0.00;0;0;0;0;0;0;0;0;0;0;0;0;0;0;0;0;14;0;99.0;99.0;0;0;0.00;0.00;0.00;0.0;0.0
197.078;204;0;99;0;0.0;19.700;1.340;25;26;0;0;100;0;100;0;0;0;0;88;88;0;0.000;0.000;0.000;0.000;0.000;0.000;0.0;0.0;0;14;0.000;0.000;11.3;0;0.0;0;0;0;0;0;99;0;0;4967;0.00;0;0;0;0;0;0;0;0;0;0;0;0;0;0;0;0;14;0;99.0;99.0;0;0;0.00;0.00;0.00;0.0;0.0
197.147;204;0;99;0;0.0;19.700;1.340;25;26;0;0;100;0;100;0;0;0;0;88;88;0;0.000;0.000;0.000;0.000;0.000;0.000;0.0;0.0;0;14;0.000;0.000;11.3;0;0.0;0;0;0;0;0;99;0;0;4967;0.00;0;0;0;0;0;0;0;0;0;0;0;0;0;0;0;0;14;0;99.0;99.0;0;0;0.00;0.00;0.00;0.0;0.0
197.212;204;0;99;0;0.0;19.700;1.340;25;26;0;0;100;0;100;0;0;0;0;88;88;0;0.000;0.000;0.000;0.000;0.000;0.000;0.0;0.0;0;14;0.000;0.000;11.3;0;0.0;0;0;0;0;0;99;0;0;4967;0.00;0;0;0;0;0;0;0;0;0;0;0;0;0;0;0;0;14;0;99.0;99.0;0;0;0.00;0.00;0.00;0.0;0.0
197.279;204;0;99;0;0.0;19.700;1.340;25;26;0;0;100;0;100;0;0;0;0;88;88;0;0.000;0.000;0.000;0.000;0.000;0.000;0.0;0.0;0;14;0.000;0.000;11.3;0;0.0;0;0;0;0;0;99;0;0;4967;0.00;0;0;0;0;0;0;0;0;0;0;0;0;0;0;0;0;14;0;99.0;99.0;0;0;0.00;0.00;0.00;0.0;0.0
197.344;204;0;99;0;0.0;19.700;1.340;25;26;0;0;100;0;100;0;0;0;0;88;88;0;0.000;0.000;0.000;0.000;0.000;0.000;0.0;0.0;0;14;0.000;0.000;11.3;0;0.0;0;0;0;0;0;99;0;0;4967;0.00;0;0;0;0;0;0;0;0;0;0;0;0;0;0;0;0;14;0;99.0;99.0;0;0;0.00;0.00;0.00;0.0;0.0
197.410;204;0;99;0;0.0;19.700;1.340;25;26;0;0;100;0;100;0;0;0;0;88;88;0;0.000;0.000;0.000;0.000;0.000;0.000;0.0;0.0;0;14;0.000;0.000;11.3;0;0.0;0;0;0;0;0;99;0;0;4967;0.00;0;0;0;0;0;0;0;0;0;0;0;0;0;0;0;0;14;0;99.0;99.0;0;0;0.00;0.00;0.00;0.0;0.0
197.478;204;0;98;0;0.0;19.700;1.340;25;26;0;0;100;0;100;0;0;0;0;88;88;0;0.000;0.000;0.000;0.000;0.000;0.000;0.0;0.0;0;15;0.000;0.000;11.3;0;-0.1;0;0;0;0;0;99;0;0;4967;0.00;0;0;0;0;0;0;0;0;0;0;0;0;0;0;0;0;15;0;98.0;98.0;0;0;0.00;0.00;0.00;0.0;0.0
197.544;204;0;99;0;0.0;19.700;1.340;25;26;0;0;100;0;100;0;0;0;0;88;88;0;0.000;0.000;0.000;0.000;0.000;0.000;0.0;0.0;0;14;0.000;0.000;11.3;0;0.0;0;0;0;0;0;99;0;0;4967;0.00;0;0;0;0;0;0;0;0;0;0;0;0;0;0;0;0;14;0;99.0;99.0;0;0;0.00;0.00;0.00;0.0;0.0
197.609;204;0;99;0;0.0;19.700;1.340;25;26;0;0;100;0;100;0;0;0;0;88;88;0;0.000;0.000;0.000;0.000;0.000;0.000;0.0;0.0;0;14;0.000;0.000;11.3;0;0.0;0;0;0;0;0;99;0;0;4967;0.00;0;0;0;0;0;0;0;0;0;0;0;0;0;0;0;0;14;0;99.0;99.0;0;0;0.00;0.00;0.00;0.0;0.0
197.675;204;0;99;0;0.0;19.700;1.340;25;26;0;0;100;0;100;0;0;0;0;88;88;0;0.000;0.000;0.000;0.000;0.000;0.000;0.0;0.0;0;14;0.000;0.000;11.3;0;0.0;0;0;0;0;0;99;0;0;4967;0.00;0;0;0;0;0;0;0;0;0;0;0;0;0;0;0;0;14;0;99.0;99.0;0;0;0.00;0.00;0.00;0.0;0.0
197.740;204;0;99;0;0.0;19.700;1.340;25;26;0;0;100;0;100;0;0;0;0;88;88;0;0.000;0.000;0.000;0.000;0.000;0.000;0.0;0.0;0;14;0.000;0.000;11.3;0;0.0;0;0;0;0;0;99;0;0;4967;0.00;0;0;0;0;0;0;0;0;0;0;0;0;0;0;0;0;14;0;99.0;99.0;0;0;0.00;0.00;0.00;0.0;0.0
197.810;204;0;99;0;0.0;19.700;1.340;25;26;0;0;100;0;100;0;0;0;0;88;88;0;0.000;0.000;0.000;0.000;0.000;0.000;0.0;0.0;0;14;0.000;0.000;11.3;0;0.0;0;0;0;0;0;99;0;0;4967;0.00;0;0;0;0;0;0;0;0;0;0;0;0;0;0;0;0;14;0;99.0;99.0;0;0;0.00;0.00;0.00;0.0;0.0
197.876;204;0;99;0;0.0;19.700;1.340;25;26;0;0;100;0;100;0;0;0;0;88;88;0;0.000;0.000;0.000;0.000;0.000;0.000;0.0;0.0;0;14;0.000;0.000;11.3;0;0.0;0;0;0;0;0;99;0;0;4967;0.00;0;0;0;0;0;0;0;0;0;0;0;0;0;0;0;0;14;0;99.0;99.0;0;0;0.00;0.00;0.00;0.0;0.0
197.941;204;0;99;0;0.0;19.700;1.340;25;26;0;0;100;0;100;0;0;0;0;88;88;0;0.000;0.000;0.000;0.000;0.000;0.000;0.0;0.0;0;14;0.000;0.000;11.3;0;0.0;0;0;0;0;0;99;0;0;4967;0.00;0;0;0;0;0;0;0;0;0;0;0;0;0;0;0;0;14;0;99.0;99.0;0;0;0.00;0.00;0.00;0.0;0.0
198.011;205;0;99;0;0.0;19.700;1.340;25;26;0;0;100;0;100;0;0;0;0;88;88;0;0.000;0.000;0.000;0.000;0.000;0.000;0.0;0.0;0;14;0.000;0.000;11.3;0;0.1;0;0;0;0;0;98;0;0;4978;0.00;0;0;0;0;0;0;0;0;0;0;0;0;0;0;0;0;14;0;99.0;99.0;0;0;0.00;0.00;0.00;0.0;0.0
198.078;205;0;99;0;0.0;19.700;1.340;25;26;0;0;100;0;100;0;0;0;0;88;88;0;0.000;0.000;0.000;0.000;0.000;0.000;0.0;0.0;0;14;0.000;0.000;11.3;0;0.1;0;0;0;0;0;98;0;0;4978;0.00;0;0;0;0;0;0;0;0;0;0;0;0;0;0;0;0;14;0;99.0;99.0;0;0;0.00;0.00;0.00;0.0;0.0
198.143;205;0;99;0;0.0;19.700;1.340;25;26;0;0;100;0;100;0;0;0;0;88;88;0;0.000;0.000;0.000;0.000;0.000;0.000;0.0;0.0;0;14;0.000;0.000;11.3;0;0.1;0;0;0;0;0;98;0;0;4978;0.00;0;0;0;0;0;0;0;0;0;0;0;0;0;0;0;0;14;0;99.0;99.0;0;0;0.00;0.00;0.00;0.0;0.0
198.208;205;0;99;0;0.0;19.700;1.340;25;26;0;0;100;0;100;0;0;0;0;88;88;0;0.000;0.000;0.000;0.000;0.000;0.000;0.0;0.0;0;14;0.000;0.000;11.3;0;0.1;0;0;0;0;0;98;0;0;4978;0.00;0;0;0;0;0;0;0;0;0;0;0;0;0;0;0;0;14;0;99.0;99.0;0;0;0.00;0.00;0.00;0.0;0.0
198.278;205;0;99;0;0.0;19.700;1.340;25;26;0;0;100;0;100;0;0;0;0;88;88;0;0.000;0.000;0.000;0.000;0.000;0.000;0.0;0.0;0;14;0.000;0.000;11.3;0;0.1;0;0;0;0;0;98;0;0;4978;0.00;0;0;0;0;0;0;0;0;0;0;0;0;0;0;0;0;14;0;99.0;99.0;0;0;0.00;0.00;0.00;0.0;0.0
198.344;205;0;99;0;0.0;19.700;1.340;25;26;0;0;100;0;100;0;0;0;0;88;88;0;0.000;0.000;0.000;0.000;0.000;0.000;0.0;0.0;0;14;0.000;0.000;11.3;0;0.1;0;0;0;0;0;98;0;0;4978;0.00;0;0;0;0;0;0;0;0;0;0;0;0;0;0;0;0;14;0;99.0;99.0;0;0;0.00;0.00;0.00;0.0;0.0
198.408;205;0;98;0;0.0;19.700;1.340;25;26;0;0;100;0;100;0;0;0;0;88;88;0;0.000;0.000;0.000;0.000;0.000;0.000;0.0;0.0;0;15;0.000;0.000;11.3;0;0.0;0;0;0;0;0;98;0;0;4978;0.00;0;0;0;0;0;0;0;0;0;0;0;0;0;0;0;0;15;0;98.0;98.0;0;0;0.00;0.00;0.00;0.0;0.0
198.478;205;0;99;0;0.0;19.700;1.340;25;26;0;0;100;0;100;0;0;0;0;88;88;0;0.000;0.000;0.000;0.000;0.000;0.000;0.0;0.0;0;14;0.000;0.000;11.3;0;0.1;0;0;0;0;0;98;0;0;4978;0.00;0;0;0;0;0;0;0;0;0;0;0;0;0;0;0;0;14;0;99.0;99.0;0;0;0.00;0.00;0.00;0.0;0.0
198.544;205;0;99;0;0.0;19.700;1.340;25;26;0;0;100;0;100;0;0;0;0;88;88;0;0.000;0.000;0.000;0.000;0.000;0.000;0.0;0.0;0;14;0.000;0.000;11.3;0;0.1;0;0;0;0;0;98;0;0;4978;0.00;0;0;0;0;0;0;0;0;0;0;0;0;0;0;0;0;14;0;99.0;99.0;0;0;0.00;0.00;0.00;0.0;0.0
198.613;205;0;99;0;0.0;19.700;1.340;25;26;0;0;100;0;100;0;0;0;0;88;88;0;0.000;0.000;0.000;0.000;0.000;0.000;0.0;0.0;0;14;0.000;0.000;11.3;0;0.1;0;0;0;0;0;98;0;0;4978;0.00;0;0;0;0;0;0;0;0;0;0;0;0;0;0;0;0;14;0;99.0;99.0;0;0;0.00;0.00;0.00;0.0;0.0
198.679;205;0;99;0;0.0;19.700;1.340;25;26;0;0;100;0;100;0;0;0;0;88;88;0;0.000;0.000;0.000;0.000;0.000;0.000;0.0;0.0;0;14;0.000;0.000;11.3;0;0.1;0;0;0;0;0;98;0;0;4978;0.00;0;0;0;0;0;0;0;0;0;0;0;0;0;0;0;0;14;0;99.0;99.0;0;0;0.00;0.00;0.00;0.0;0.0
198.744;205;0;99;0;0.0;19.700;1.340;25;26;0;0;100;0;100;0;0;0;0;88;88;0;0.000;0.000;0.000;0.000;0.000;0.000;0.0;0.0;0;14;0.000;0.000;11.3;0;0.1;0;0;0;0;0;98;0;0;4978;0.00;0;0;0;0;0;0;0;0;0;0;0;0;0;0;0;0;14;0;99.0;99.0;0;0;0.00;0.00;0.00;0.0;0.0
198.810;205;0;99;0;0.0;19.700;1.340;25;26;0;0;100;0;100;0;0;0;0;88;88;0;0.000;0.000;0.000;0.000;0.000;0.000;0.0;0.0;0;14;0.000;0.000;11.3;0;0.1;0;0;0;0;0;98;0;0;4978;0.00;0;0;0;0;0;0;0;0;0;0;0;0;0;0;0;0;14;0;99.0;99.0;0;0;0.00;0.00;0.00;0.0;0.0
198.875;205;0;99;0;0.0;19.700;1.340;25;26;0;0;100;0;100;0;0;0;0;88;88;0;0.000;0.000;0.000;0.000;0.000;0.000;0.0;0.0;0;14;0.000;0.000;11.3;0;0.1;0;0;0;0;0;98;0;0;4978;0.00;0;0;0;0;0;0;0;0;0;0;0;0;0;0;0;0;14;0;99.0;99.0;0;0;0.00;0.00;0.00;0.0;0.0
198.945;205;0;99;0;0.0;19.700;1.340;25;26;0;0;100;0;100;0;0;0;0;88;88;0;0.000;0.000;0.000;0.000;0.000;0.000;0.0;0.0;0;14;0.000;0.000;11.3;0;0.1;0;0;0;0;0;98;0;0;4978;0.00;0;0;0;0;0;0;0;0;0;0;0;0;0;0;0;0;14;0;99.0;99.0;0;0;0.00;0.00;0.00;0.0;0.0
199.011;206;0;99;0;0.0;19.700;1.340;25;26;0;0;100;0;100;0;0;0;0;88;88;0;0.000;0.000;0.000;0.000;0.000;0.000;0.0;0.0;0;14;0.000;0.000;11.3;0;0.0;0;0;0;0;0;99;0;0;4976;0.00;0;0;0;0;0;0;0;0;0;0;0;0;0;0;0;0;14;0;99.0;99.0;0;0;0.00;0.00;0.00;0.0;0.0
199.076;206;0;99;0;0.0;19.700;1.340;25;26;0;0;100;0;100;0;0;0;0;88;88;0;0.000;0.000;0.000;0.000;0.000;0.000;0.0;0.0;0;14;0.000;0.000;11.3;0;0.0;0;0;0;0;0;99;0;0;4976;0.00;0;0;0;0;0;0;0;0;0;0;0;0;0;0;0;0;14;0;99.0;99.0;0;0;0.00;0.00;0.00;0.0;0.0
199.141;206;0;99;0;0.0;19.700;1.340;25;26;0;0;100;0;100;0;0;0;0;88;88;0;0.000;0.000;0.000;0.000;0.000;0.000;0.0;0.0;0;14;0.000;0.000;11.3;0;0.0;0;0;0;0;0;99;0;0;4976;0.00;0;0;0;0;0;0;0;0;0;0;0;0;0;0;0;0;14;0;99.0;99.0;0;0;0.00;0.00;0.00;0.0;0.0
199.208;206;0;99;0;0.0;19.700;1.340;25;26;0;0;100;0;100;0;0;0;0;88;88;0;0.000;0.000;0.000;0.000;0.000;0.000;0.0;0.0;0;14;0.000;0.000;11.3;0;0.0;0;0;0;0;0;99;0;0;4976;0.00;0;0;0;0;0;0;0;0;0;0;0;0;0;0;0;0;14;0;99.0;99.0;0;0;0.00;0.00;0.00;0.0;0.0
199.277;206;0;99;0;0.0;19.700;1.340;25;26;0;0;100;0;100;0;0;0;0;88;88;0;0.000;0.000;0.000;0.000;0.000;0.000;0.0;0.0;0;14;0.000;0.000;11.3;0;0.0;0;0;0;0;0;99;0;0;4976;0.00;0;0;0;0;0;0;0;0;0;0;0;0;0;0;0;0;14;0;99.0;99.0;0;0;0.00;0.00;0.00;0.0;0.0
199.342;206;0;99;0;0.0;19.700;1.340;25;26;0;0;100;0;100;0;0;0;0;88;88;0;0.000;0.000;0.000;0.000;0.000;0.000;0.0;0.0;0;14;0.000;0.000;11.3;0;0.0;0;0;0;0;0;99;0;0;4976;0.00;0;0;0;0;0;0;0;0;0;0;0;0;0;0;0;0;14;0;99.0;99.0;0;0;0.00;0.00;0.00;0.0;0.0
199.408;206;0;99;0;0.0;19.700;1.340;25;26;0;0;100;0;100;0;0;0;0;88;88;0;0.000;0.000;0.000;0.000;0.000;0.000;0.0;0.0;0;14;0.000;0.000;11.3;0;0.0;0;0;0;0;0;99;0;0;4976;0.00;0;0;0;0;0;0;0;0;0;0;0;0;0;0;0;0;14;0;99.0;99.0;0;0;0.00;0.00;0.00;0.0;0.0
199.478;206;0;99;0;0.0;19.700;1.340;25;26;0;0;100;0;100;0;0;0;0;88;88;0;0.000;0.000;0.000;0.000;0.000;0.000;0.0;0.0;0;14;0.000;0.000;11.3;0;0.0;0;0;0;0;0;99;0;0;4976;0.00;0;0;0;0;0;0;0;0;0;0;0;0;0;0;0;0;14;0;99.0;99.0;0;0;0.00;0.00;0.00;0.0;0.0
199.545;206;0;99;0;0.0;19.700;1.340;25;26;0;0;100;0;100;0;0;0;0;88;88;0;0.000;0.000;0.000;0.000;0.000;0.000;0.0;0.0;0;14;0.000;0.000;11.3;0;0.0;0;0;0;0;0;99;0;0;4976;0.00;0;0;0;0;0;0;0;0;0;0;0;0;0;0;0;0;14;0;99.0;99.0;0;0;0.00;0.00;0.00;0.0;0.0
199.613;206;0;99;0;0.0;19.700;1.340;25;26;0;0;100;0;100;0;0;0;0;88;88;0;0.000;0.000;0.000;0.000;0.000;0.000;0.0;0.0;0;14;0.000;0.000;11.3;0;0.0;0;0;0;0;0;99;0;0;4976;0.00;0;0;0;0;0;0;0;0;0;0;0;0;0;0;0;0;14;0;99.0;99.0;0;0;0.00;0.00;0.00;0.0;0.0
199.678;206;0;99;0;0.0;19.700;1.340;25;26;0;0;100;0;100;0;0;0;0;88;88;0;0.000;0.000;0.000;0.000;0.000;0.000;0.0;0.0;0;14;0.000;0.000;11.3;0;0.0;0;0;0;0;0;99;0;0;4976;0.00;0;0;0;0;0;0;0;0;0;0;0;0;0;0;0;0;14;0;99.0;99.0;0;0;0.00;0.00;0.00;0.0;0.0
199.745;206;0;99;0;0.0;19.700;1.340;25;26;0;0;100;0;100;0;0;0;0;88;88;0;0.000;0.000;0.000;0.000;0.000;0.000;0.0;0.0;0;14;0.000;0.000;11.3;0;0.0;0;0;0;0;0;99;0;0;4976;0.00;0;0;0;0;0;0;0;0;0;0;0;0;0;0;0;0;14;0;99.0;99.0;0;0;0.00;0.00;0.00;0.0;0.0
199.813;206;0;99;0;0.0;19.700;1.340;25;26;0;0;100;0;100;0;0;0;0;88;88;0;0.000;0.000;0.000;0.000;0.000;0.000;0.0;0.0;0;14;0.000;0.000;11.3;0;0.0;0;0;0;0;0;99;0;0;4976;0.00;0;0;0;0;0;0;0;0;0;0;0;0;0;0;0;0;14;0;99.0;99.0;0;0;0.00;0.00;0.00;0.0;0.0
199.879;206;0;99;0;0.0;19.700;1.340;25;26;0;0;100;0;100;0;0;0;0;88;88;0;0.000;0.000;0.000;0.000;0.000;0.000;0.0;0.0;0;14;0.000;0.000;11.3;0;0.0;0;0;0;0;0;99;0;0;4976;0.00;0;0;0;0;0;0;0;0;0;0;0;0;0;0;0;0;14;0;99.0;99.0;0;0;0.00;0.00;0.00;0.0;0.0
199.944;206;0;99;0;0.0;19.700;1.340;25;26;0;0;100;0;100;0;0;0;0;88;88;0;0.000;0.000;0.000;0.000;0.000;0.000;0.0;0.0;0;14;0.000;0.000;11.3;0;0.0;0;0;0;0;0;99;0;0;4976;0.00;0;0;0;0;0;0;0;0;0;0;0;0;0;0;0;0;14;0;99.0;99.0;0;0;0.00;0.00;0.00;0.0;0.0
200.010;207;0;99;0;0.0;19.700;1.340;25;26;0;0;100;0;100;0;0;0;0;88;88;0;0.000;0.000;0.000;0.000;0.000;0.000;0.0;0.0;0;14;0.000;0.000;11.3;0;0.0;0;0;0;0;0;99;0;0;4981;0.00;0;0;0;0;0;0;0;0;0;0;0;0;0;0;0;0;14;0;99.0;99.0;0;0;0.00;0.00;0.00;0.0;0.0
200.080;207;0;99;0;0.0;19.700;1.340;25;26;0;0;100;0;100;0;0;0;0;88;88;0;0.000;0.000;0.000;0.000;0.000;0.000;0.0;0.0;0;14;0.000;0.000;11.3;0;0.0;0;0;0;0;0;99;0;0;4981;0.00;0;0;0;0;0;0;0;0;0;0;0;0;0;0;0;0;14;0;99.0;99.0;0;0;0.00;0.00;0.00;0.0;0.0
200.145;207;0;99;0;0.0;19.700;1.340;25;26;0;0;100;0;100;0;0;0;0;88;88;0;0.000;0.000;0.000;0.000;0.000;0.000;0.0;0.0;0;14;0.000;0.000;11.3;0;0.0;0;0;0;0;0;99;0;0;4981;0.00;0;0;0;0;0;0;0;0;0;0;0;0;0;0;0;0;14;0;99.0;99.0;0;0;0.00;0.00;0.00;0.0;0.0
200.211;207;0;98;0;0.0;19.700;1.340;25;26;0;0;100;0;100;0;0;0;0;88;88;0;0.000;0.000;0.000;0.000;0.000;0.000;0.0;0.0;0;15;0.000;0.000;11.3;0;-0.1;0;0;0;0;0;99;0;0;4981;0.00;0;0;0;0;0;0;0;0;0;0;0;0;0;0;0;0;15;0;98.0;98.0;0;0;0.00;0.00;0.00;0.0;0.0
200.277;207;0;99;0;0.0;19.700;1.340;25;26;0;0;100;0;100;0;0;0;0;88;88;0;0.000;0.000;0.000;0.000;0.000;0.000;0.0;0.0;0;14;0.000;0.000;11.3;0;0.0;0;0;0;0;0;99;0;0;4981;0.00;0;0;0;0;0;0;0;0;0;0;0;0;0;0;0;0;14;0;99.0;99.0;0;0;0.00;0.00;0.00;0.0;0.0
200.346;207;0;99;0;0.0;19.700;1.340;25;26;0;0;100;0;100;0;0;0;0;88;88;0;0.000;0.000;0.000;0.000;0.000;0.000;0.0;0.0;0;14;0.000;0.000;11.3;0;0.0;0;0;0;0;0;99;0;0;4981;0.00;0;0;0;0;0;0;0;0;0;0;0;0;0;0;0;0;14;0;99.0;99.0;0;0;0.00;0.00;0.00;0.0;0.0
200.411;207;0;99;0;0.0;19.700;1.340;25;26;0;0;100;0;100;0;0;0;0;88;88;0;0.000;0.000;0.000;0.000;0.000;0.000;0.0;0.0;0;14;0.000;0.000;11.3;0;0.0;0;0;0;0;0;99;0;0;4981;0.00;0;0;0;0;0;0;0;0;0;0;0;0;0;0;0;0;14;0;99.0;99.0;0;0;0.00;0.00;0.00;0.0;0.0
200.478;207;0;99;0;0.0;19.700;1.340;25;26;0;0;100;0;100;0;0;0;0;88;88;0;0.000;0.000;0.000;0.000;0.000;0.000;0.0;0.0;0;14;0.000;0.000;11.3;0;0.0;0;0;0;0;0;99;0;0;4981;0.00;0;0;0;0;0;0;0;0;0;0;0;0;0;0;0;0;14;0;99.0;99.0;0;0;0.00;0.00;0.00;0.0;0.0
200.546;207;0;99;0;0.0;19.700;1.340;25;26;0;0;100;0;100;0;0;0;0;88;88;0;0.000;0.000;0.000;0.000;0.000;0.000;0.0;0.0;0;14;0.000;0.000;11.3;0;0.0;0;0;0;0;0;99;0;0;4981;0.00;0;0;0;0;0;0;0;0;0;0;0;0;0;0;0;0;14;0;99.0;99.0;0;0;0.00;0.00;0.00;0.0;0.0
200.612;207;0;99;0;0.0;19.700;1.340;25;26;0;0;100;0;100;0;0;0;0;88;88;0;0.000;0.000;0.000;0.000;0.000;0.000;0.0;0.0;0;14;0.000;0.000;11.3;0;0.0;0;0;0;0;0;99;0;0;4981;0.00;0;0;0;0;0;0;0;0;0;0;0;0;0;0;0;0;14;0;99.0;99.0;0;0;0.00;0.00;0.00;0.0;0.0
200.678;207;0;99;0;0.0;19.700;1.340;25;26;0;0;100;0;100;0;0;0;0;88;88;0;0.000;0.000;0.000;0.000;0.000;0.000;0.0;0.0;0;14;0.000;0.000;11.3;0;0.0;0;0;0;0;0;99;0;0;4981;0.00;0;0;0;0;0;0;0;0;0;0;0;0;0;0;0;0;14;0;99.0;99.0;0;0;0.00;0.00;0.00;0.0;0.0
200.747;207;0;99;0;0.0;19.700;1.340;25;26;0;0;100;0;100;0;0;0;0;88;88;0;0.000;0.000;0.000;0.000;0.000;0.000;0.0;0.0;0;14;0.000;0.000;11.3;0;0.0;0;0;0;0;0;99;0;0;4981;0.00;0;0;0;0;0;0;0;0;0;0;0;0;0;0;0;0;14;0;99.0;99.0;0;0;0.00;0.00;0.00;0.0;0.0
200.813;207;0;99;0;0.0;19.700;1.340;25;26;0;0;100;0;100;0;0;0;0;88;88;0;0.000;0.000;0.000;0.000;0.000;0.000;0.0;0.0;0;14;0.000;0.000;11.3;0;0.0;0;0;0;0;0;99;0;0;4981;0.00;0;0;0;0;0;0;0;0;0;0;0;0;0;0;0;0;14;0;99.0;99.0;0;0;0.00;0.00;0.00;0.0;0.0
200.879;207;0;99;0;0.0;19.700;1.340;25;26;0;0;100;0;100;0;0;0;0;88;88;0;0.000;0.000;0.000;0.000;0.000;0.000;0.0;0.0;0;14;0.000;0.000;11.3;0;0.0;0;0;0;0;0;99;0;0;4981;0.00;0;0;0;0;0;0;0;0;0;0;0;0;0;0;0;0;14;0;99.0;99.0;0;0;0.00;0.00;0.00;0.0;0.0
200.944;207;0;99;0;0.0;19.700;1.340;25;26;0;0;100;0;100;0;0;0;0;88;88;0;0.000;0.000;0.000;0.000;0.000;0.000;0.0;0.0;0;14;0.000;0.000;11.3;0;0.0;0;0;0;0;0;99;0;0;4981;0.00;0;0;0;0;0;0;0;0;0;0;0;0;0;0;0;0;14;0;99.0;99.0;0;0;0.00;0.00;0.00;0.0;0.0
201.010;207;0;98;0;0.0;19.700;1.340;25;26;0;0;100;0;100;0;0;0;0;88;88;0;0.000;0.000;0.000;0.000;0.000;0.000;0.0;0.0;0;15;0.000;0.000;11.3;0;-0.1;0;0;0;0;0;99;0;0;4981;0.00;0;0;0;0;0;0;0;0;0;0;0;0;0;0;0;0;15;0;98.0;98.0;0;0;0.00;0.00;0.00;0.0;0.0
201.079;208;0;98;0;0.0;19.700;1.340;25;26;0;0;100;0;100;0;0;0;0;88;88;0;0.000;0.000;0.000;0.000;0.000;0.000;0.0;0.0;0;15;0.000;0.000;11.3;0;-0.1;0;0;0;0;0;99;0;0;4961;0.00;0;0;0;0;0;0;0;0;0;0;0;0;0;0;0;0;15;0;98.0;98.0;0;0;0.00;0.00;0.00;0.0;0.0
201.146;208;0;99;0;0.0;19.700;1.340;25;26;0;0;100;0;100;0;0;0;0;88;88;0;0.000;0.000;0.000;0.000;0.000;0.000;0.0;0.0;0;14;0.000;0.000;11.3;0;0.0;0;0;0;0;0;99;0;0;4961;0.00;0;0;0;0;0;0;0;0;0;0;0;0;0;0;0;0;14;0;99.0;99.0;0;0;0.00;0.00;0.00;0.0;0.0
201.214;208;0;99;0;0.0;19.700;1.340;25;26;0;0;100;0;100;0;0;0;0;88;88;0;0.000;0.000;0.000;0.000;0.000;0.000;0.0;0.0;0;14;0.000;0.000;11.3;0;0.0;0;0;0;0;0;99;0;0;4961;0.00;0;0;0;0;0;0;0;0;0;0;0;0;0;0;0;0;14;0;99.0;99.0;0;0;0.00;0.00;0.00;0.0;0.0
201.280;208;0;99;0;0.0;19.700;1.340;25;26;0;0;100;0;100;0;0;0;0;88;88;0;0.000;0.000;0.000;0.000;0.000;0.000;0.0;0.0;0;14;0.000;0.000;11.3;0;0.0;0;0;0;0;0;99;0;0;4961;0.00;0;0;0;0;0;0;0;0;0;0;0;0;0;0;0;0;14;0;99.0;99.0;0;0;0.00;0.00;0.00;0.0;0.0
201.345;208;0;99;0;0.0;19.700;1.340;25;26;0;0;100;0;100;0;0;0;0;88;88;0;0.000;0.000;0.000;0.000;0.000;0.000;0.0;0.0;0;14;0.000;0.000;11.3;0;0.0;0;0;0;0;0;99;0;0;4961;0.00;0;0;0;0;0;0;0;0;0;0;0;0;0;0;0;0;14;0;99.0;99.0;0;0;0.00;0.00;0.00;0.0;0.0
201.411;208;0;99;0;0.0;19.700;1.340;25;26;0;0;100;0;100;0;0;0;0;88;88;0;0.000;0.000;0.000;0.000;0.000;0.000;0.0;0.0;0;14;0.000;0.000;11.3;0;0.0;0;0;0;0;0;99;0;0;4961;0.00;0;0;0;0;0;0;0;0;0;0;0;0;0;0;0;0;14;0;99.0;99.0;0;0;0.00;0.00;0.00;0.0;0.0
201.477;208;0;99;0;0.0;19.700;1.340;25;26;0;0;100;0;100;0;0;0;0;88;88;0;0.000;0.000;0.000;0.000;0.000;0.000;0.0;0.0;0;14;0.000;0.000;11.3;0;0.0;0;0;0;0;0;99;0;0;4961;0.00;0;0;0;0;0;0;0;0;0;0;0;0;0;0;0;0;14;0;99.0;99.0;0;0;0.00;0.00;0.00;0.0;0.0
201.546;208;0;99;0;0.0;19.700;1.340;25;26;0;0;100;0;100;0;0;0;0;88;88;0;0.000;0.000;0.000;0.000;0.000;0.000;0.0;0.0;0;14;0.000;0.000;11.3;0;0.0;0;0;0;0;0;99;0;0;4961;0.00;0;0;0;0;0;0;0;0;0;0;0;0;0;0;0;0;14;0;99.0;99.0;0;0;0.00;0.00;0.00;0.0;0.0
201.612;208;0;99;0;0.0;19.700;1.340;25;26;0;0;100;0;100;0;0;0;0;88;88;0;0.000;0.000;0.000;0.000;0.000;0.000;0.0;0.0;0;14;0.000;0.000;11.3;0;0.0;0;0;0;0;0;99;0;0;4961;0.00;0;0;0;0;0;0;0;0;0;0;0;0;0;0;0;0;14;0;99.0;99.0;0;0;0.00;0.00;0.00;0.0;0.0
201.677;208;0;99;0;0.0;19.700;1.340;25;26;0;0;100;0;100;0;0;0;0;88;88;0;0.000;0.000;0.000;0.000;0.000;0.000;0.0;0.0;0;14;0.000;0.000;11.3;0;0.0;0;0;0;0;0;99;0;0;4961;0.00;0;0;0;0;0;0;0;0;0;0;0;0;0;0;0;0;14;0;99.0;99.0;0;0;0.00;0.00;0.00;0.0;0.0
201.742;208;0;99;0;0.0;19.700;1.340;25;26;0;0;100;0;100;0;0;0;0;88;88;0;0.000;0.000;0.000;0.000;0.000;0.000;0.0;0.0;0;14;0.000;0.000;11.3;0;0.0;0;0;0;0;0;99;0;0;4961;0.00;0;0;0;0;0;0;0;0;0;0;0;0;0;0;0;0;14;0;99.0;99.0;0;0;0.00;0.00;0.00;0.0;0.0
201.812;208;0;99;0;0.0;19.700;1.340;25;26;0;0;100;0;100;0;0;0;0;88;88;0;0.000;0.000;0.000;0.000;0.000;0.000;0.0;0.0;0;14;0.000;0.000;11.3;0;0.0;0;0;0;0;0;99;0;0;4961;0.00;0;0;0;0;0;0;0;0;0;0;0;0;0;0;0;0;14;0;99.0;99.0;0;0;0.00;0.00;0.00;0.0;0.0
201.877;208;0;98;0;0.0;19.700;1.340;25;26;0;0;100;0;100;0;0;0;0;88;88;0;0.000;0.000;0.000;0.000;0.000;0.000;0.0;0.0;0;15;0.000;0.000;11.3;0;-0.1;0;0;0;0;0;99;0;0;4961;0.00;0;0;0;0;0;0;0;0;0;0;0;0;0;0;0;0;15;0;98.0;98.0;0;0;0.00;0.00;0.00;0.0;0.0
201.944;208;0;99;0;0.0;19.700;1.340;25;26;0;0;100;0;100;0;0;0;0;88;88;0;0.000;0.000;0.000;0.000;0.000;0.000;0.0;0.0;0;14;0.000;0.000;11.3;0;0.0;0;0;0;0;0;99;0;0;4961;0.00;0;0;0;0;0;0;0;0;0;0;0;0;0;0;0;0;14;0;99.0;99.0;0;0;0.00;0.00;0.00;0.0;0.0
202.012;208;0;99;0;0.0;19.700;1.340;25;26;0;0;100;0;100;0;0;0;0;88;88;0;0.000;0.000;0.000;0.000;0.000;0.000;0.0;0.0;0;14;0.000;0.000;11.3;0;0.0;0;0;0;0;0;99;0;0;4961;0.00;0;0;0;0;0;0;0;0;0;0;0;0;0;0;0;0;14;0;99.0;99.0;0;0;0.00;0.00;0.00;0.0;0.0
202.079;209;0;99;0;0.0;19.700;1.340;25;26;0;0;100;0;100;0;0;0;0;88;88;0;0.000;0.000;0.000;0.000;0.000;0.000;0.0;0.0;0;14;0.000;0.000;11.3;0;0.0;0;0;0;0;0;99;0;0;4972;0.00;0;0;0;0;0;0;0;0;0;0;0;0;0;0;0;0;14;0;99.0;99.0;0;0;0.00;0.00;0.00;0.0;0.0
202.144;209;0;99;0;0.0;19.700;1.340;25;26;0;0;100;0;100;0;0;0;0;88;88;0;0.000;0.000;0.000;0.000;0.000;0.000;0.0;0.0;0;14;0.000;0.000;11.3;0;0.0;0;0;0;0;0;99;0;0;4972;0.00;0;0;0;0;0;0;0;0;0;0;0;0;0;0;0;0;14;0;99.0;99.0;0;0;0.00;0.00;0.00;0.0;0.0
202.209;209;0;99;0;0.0;19.700;1.340;25;26;0;0;100;0;100;0;0;0;0;88;88;0;0.000;0.000;0.000;0.000;0.000;0.000;0.0;0.0;0;14;0.000;0.000;11.3;0;0.0;0;0;0;0;0;99;0;0;4972;0.00;0;0;0;0;0;0;0;0;0;0;0;0;0;0;0;0;14;0;99.0;99.0;0;0;0.00;0.00;0.00;0.0;0.0
202.278;209;0;99;0;0.0;19.700;1.340;25;26;0;0;100;0;100;0;0;0;0;88;88;0;0.000;0.000;0.000;0.000;0.000;0.000;0.0;0.0;0;14;0.000;0.000;11.3;0;0.0;0;0;0;0;0;99;0;0;4972;0.00;0;0;0;0;0;0;0;0;0;0;0;0;0;0;0;0;14;0;99.0;99.0;0;0;0.00;0.00;0.00;0.0;0.0
202.344;209;0;99;0;0.0;19.700;1.340;25;26;0;0;100;0;100;0;0;0;0;88;88;0;0.000;0.000;0.000;0.000;0.000;0.000;0.0;0.0;0;14;0.000;0.000;11.3;0;0.0;0;0;0;0;0;99;0;0;4972;0.00;0;0;0;0;0;0;0;0;0;0;0;0;0;0;0;0;14;0;99.0;99.0;0;0;0.00;0.00;0.00;0.0;0.0
202.410;209;0;99;0;0.0;19.700;1.340;25;26;0;0;100;0;100;0;0;0;0;88;88;0;0.000;0.000;0.000;0.000;0.000;0.000;0.0;0.0;0;14;0.000;0.000;11.3;0;0.0;0;0;0;0;0;99;0;0;4972;0.00;0;0;0;0;0;0;0;0;0;0;0;0;0;0;0;0;14;0;99.0;99.0;0;0;0.00;0.00;0.00;0.0;0.0
202.476;209;0;99;0;0.0;19.700;1.340;25;26;0;0;100;0;100;0;0;0;0;88;88;0;0.000;0.000;0.000;0.000;0.000;0.000;0.0;0.0;0;14;0.000;0.000;11.3;0;0.0;0;0;0;0;0;99;0;0;4972;0.00;0;0;0;0;0;0;0;0;0;0;0;0;0;0;0;0;14;0;99.0;99.0;0;0;0.00;0.00;0.00;0.0;0.0
202.545;209;0;99;0;0.0;19.700;1.340;25;26;0;0;100;0;100;0;0;0;0;88;88;0;0.000;0.000;0.000;0.000;0.000;0.000;0.0;0.0;0;14;0.000;0.000;11.3;0;0.0;0;0;0;0;0;99;0;0;4972;0.00;0;0;0;0;0;0;0;0;0;0;0;0;0;0;0;0;14;0;99.0;99.0;0;0;0.00;0.00;0.00;0.0;0.0
202.611;209;0;99;0;0.0;19.700;1.340;25;26;0;0;100;0;100;0;0;0;0;88;88;0;0.000;0.000;0.000;0.000;0.000;0.000;0.0;0.0;0;14;0.000;0.000;11.3;0;0.0;0;0;0;0;0;99;0;0;4972;0.00;0;0;0;0;0;0;0;0;0;0;0;0;0;0;0;0;14;0;99.0;99.0;0;0;0.00;0.00;0.00;0.0;0.0
202.676;209;0;99;0;0.0;19.700;1.340;25;26;0;0;100;0;100;0;0;0;0;88;88;0;0.000;0.000;0.000;0.000;0.000;0.000;0.0;0.0;0;14;0.000;0.000;11.3;0;0.0;0;0;0;0;0;99;0;0;4972;0.00;0;0;0;0;0;0;0;0;0;0;0;0;0;0;0;0;14;0;99.0;99.0;0;0;0.00;0.00;0.00;0.0;0.0
202.741;209;0;99;0;0.0;19.700;1.340;25;26;0;0;100;0;100;0;0;0;0;88;88;0;0.000;0.000;0.000;0.000;0.000;0.000;0.0;0.0;0;14;0.000;0.000;11.3;0;0.0;0;0;0;0;0;99;0;0;4972;0.00;0;0;0;0;0;0;0;0;0;0;0;0;0;0;0;0;14;0;99.0;99.0;0;0;0.00;0.00;0.00;0.0;0.0
202.812;209;0;99;0;0.0;19.700;1.340;25;26;0;0;100;0;100;0;0;0;0;88;88;0;0.000;0.000;0.000;0.000;0.000;0.000;0.0;0.0;0;14;0.000;0.000;11.3;0;0.0;0;0;0;0;0;99;0;0;4972;0.00;0;0;0;0;0;0;0;0;0;0;0;0;0;0;0;0;14;0;99.0;99.0;0;0;0.00;0.00;0.00;0.0;0.0
202.877;209;0;99;0;0.0;19.700;1.340;25;26;0;0;100;0;100;0;0;0;0;88;88;0;0.000;0.000;0.000;0.000;0.000;0.000;0.0;0.0;0;14;0.000;0.000;11.3;0;0.0;0;0;0;0;0;99;0;0;4972;0.00;0;0;0;0;0;0;0;0;0;0;0;0;0;0;0;0;14;0;99.0;99.0;0;0;0.00;0.00;0.00;0.0;0.0
202.944;209;0;99;0;0.0;19.700;1.340;25;26;0;0;100;0;100;0;0;0;0;88;88;0;0.000;0.000;0.000;0.000;0.000;0.000;0.0;0.0;0;14;0.000;0.000;11.3;0;0.0;0;0;0;0;0;99;0;0;4972;0.00;0;0;0;0;0;0;0;0;0;0;0;0;0;0;0;0;14;0;99.0;99.0;0;0;0.00;0.00;0.00;0.0;0.0
203.012;209;0;99;0;0.0;19.700;1.340;25;26;0;0;100;0;100;0;0;0;0;88;88;0;0.000;0.000;0.000;0.000;0.000;0.000;0.0;0.0;0;14;0.000;0.000;11.3;0;0.0;0;0;0;0;0;99;0;0;4972;0.00;0;0;0;0;0;0;0;0;0;0;0;0;0;0;0;0;14;0;99.0;99.0;0;0;0.00;0.00;0.00;0.0;0.0
203.077;210;0;99;0;0.0;19.700;1.340;25;26;0;0;100;0;100;0;0;0;0;88;88;0;0.000;0.000;0.000;0.000;0.000;0.000;0.0;0.0;0;14;0.000;0.000;11.3;0;0.0;0;0;0;0;0;99;0;0;4987;0.00;0;0;0;0;0;0;0;0;0;0;0;0;0;0;0;0;14;0;99.0;99.0;0;0;0.00;0.00;0.00;0.0;0.0
203.143;210;0;99;0;0.0;19.700;1.340;25;26;0;0;100;0;100;0;0;0;0;88;88;0;0.000;0.000;0.000;0.000;0.000;0.000;0.0;0.0;0;14;0.000;0.000;11.3;0;0.0;0;0;0;0;0;99;0;0;4987;0.00;0;0;0;0;0;0;0;0;0;0;0;0;0;0;0;0;14;0;99.0;99.0;0;0;0.00;0.00;0.00;0.0;0.0
203.209;210;0;99;0;0.0;19.700;1.340;25;26;0;0;100;0;100;0;0;0;0;88;88;0;0.000;0.000;0.000;0.000;0.000;0.000;0.0;0.0;0;14;0.000;0.000;11.3;0;0.0;0;0;0;0;0;99;0;0;4987;0.00;0;0;0;0;0;0;0;0;0;0;0;0;0;0;0;0;14;0;99.0;99.0;0;0;0.00;0.00;0.00;0.0;0.0
203.278;210;0;99;0;0.0;19.700;1.340;25;26;0;0;100;0;100;0;0;0;0;88;88;0;0.000;0.000;0.000;0.000;0.000;0.000;0.0;0.0;0;14;0.000;0.000;11.3;0;0.0;0;0;0;0;0;99;0;0;4987;0.00;0;0;0;0;0;0;0;0;0;0;0;0;0;0;0;0;14;0;99.0;99.0;0;0;0.00;0.00;0.00;0.0;0.0
203.345;210;0;99;0;0.0;19.700;1.340;25;26;0;0;100;0;100;0;0;0;0;88;88;0;0.000;0.000;0.000;0.000;0.000;0.000;0.0;0.0;0;14;0.000;0.000;11.3;0;0.0;0;0;0;0;0;99;0;0;4987;0.00;0;0;0;0;0;0;0;0;0;0;0;0;0;0;0;0;14;0;99.0;99.0;0;0;0.00;0.00;0.00;0.0;0.0
203.410;210;0;99;0;0.0;19.700;1.340;25;26;0;0;100;0;100;0;0;0;0;88;88;0;0.000;0.000;0.000;0.000;0.000;0.000;0.0;0.0;0;14;0.000;0.000;11.3;0;0.0;0;0;0;0;0;99;0;0;4987;0.00;0;0;0;0;0;0;0;0;0;0;0;0;0;0;0;0;14;0;99.0;99.0;0;0;0.00;0.00;0.00;0.0;0.0
203.479;210;0;99;0;0.0;19.700;1.340;25;26;0;0;100;0;100;0;0;0;0;88;88;0;0.000;0.000;0.000;0.000;0.000;0.000;0.0;0.0;0;14;0.000;0.000;11.3;0;0.0;0;0;0;0;0;99;0;0;4987;0.00;0;0;0;0;0;0;0;0;0;0;0;0;0;0;0;0;14;0;99.0;99.0;0;0;0.00;0.00;0.00;0.0;0.0
203.546;210;0;99;0;0.0;19.700;1.340;25;26;0;0;100;0;100;0;0;0;0;88;88;0;0.000;0.000;0.000;0.000;0.000;0.000;0.0;0.0;0;14;0.000;0.000;11.3;0;0.0;0;0;0;0;0;99;0;0;4987;0.00;0;0;0;0;0;0;0;0;0;0;0;0;0;0;0;0;14;0;99.0;99.0;0;0;0.00;0.00;0.00;0.0;0.0
203.614;210;0;98;0;0.0;19.700;1.340;25;26;0;0;100;0;100;0;0;0;0;88;88;0;0.000;0.000;0.000;0.000;0.000;0.000;0.0;0.0;0;15;0.000;0.000;11.3;0;-0.1;0;0;0;0;0;99;0;0;4987;0.00;0;0;0;0;0;0;0;0;0;0;0;0;0;0;0;0;15;0;98.0;98.0;0;0;0.00;0.00;0.00;0.0;0.0
203.679;210;0;99;0;0.0;19.700;1.340;25;26;0;0;100;0;100;0;0;0;0;88;88;0;0.000;0.000;0.000;0.000;0.000;0.000;0.0;0.0;0;14;0.000;0.000;11.3;0;0.0;0;0;0;0;0;99;0;0;4987;0.00;0;0;0;0;0;0;0;0;0;0;0;0;0;0;0;0;14;0;99.0;99.0;0;0;0.00;0.00;0.00;0.0;0.0
203.745;210;0;99;0;0.0;19.700;1.340;25;26;0;0;100;0;100;0;0;0;0;88;88;0;0.000;0.000;0.000;0.000;0.000;0.000;0.0;0.0;0;14;0.000;0.000;11.3;0;0.0;0;0;0;0;0;99;0;0;4987;0.00;0;0;0;0;0;0;0;0;0;0;0;0;0;0;0;0;14;0;99.0;99.0;0;0;0.00;0.00;0.00;0.0;0.0
203.810;210;0;98;0;0.0;19.700;1.340;25;26;0;0;100;0;100;0;0;0;0;88;88;0;0.000;0.000;0.000;0.000;0.000;0.000;0.0;0.0;0;15;0.000;0.000;11.3;0;-0.1;0;0;0;0;0;99;0;0;4987;0.00;0;0;0;0;0;0;0;0;0;0;0;0;0;0;0;0;15;0;98.0;98.0;0;0;0.00;0.00;0.00;0.0;0.0
203.877;210;0;99;0;0.0;19.700;1.340;25;26;0;0;100;0;100;0;0;0;0;88;88;0;0.000;0.000;0.000;0.000;0.000;0.000;0.0;0.0;0;14;0.000;0.000;11.3;0;0.0;0;0;0;0;0;99;0;0;4987;0.00;0;0;0;0;0;0;0;0;0;0;0;0;0;0;0;0;14;0;99.0;99.0;0;0;0.00;0.00;0.00;0.0;0.0
203.946;210;0;99;0;0.0;19.700;1.340;25;26;0;0;100;0;100;0;0;0;0;88;88;0;0.000;0.000;0.000;0.000;0.000;0.000;0.0;0.0;0;14;0.000;0.000;11.3;0;0.0;0;0;0;0;0;99;0;0;4987;0.00;0;0;0;0;0;0;0;0;0;0;0;0;0;0;0;0;14;0;99.0;99.0;0;0;0.00;0.00;0.00;0.0;0.0
204.012;210;0;99;0;0.0;19.700;1.340;25;26;0;0;100;0;100;0;0;0;0;88;88;0;0.000;0.000;0.000;0.000;0.000;0.000;0.0;0.0;0;14;0.000;0.000;11.3;0;0.0;0;0;0;0;0;99;0;0;4987;0.00;0;0;0;0;0;0;0;0;0;0;0;0;0;0;0;0;14;0;99.0;99.0;0;0;0.00;0.00;0.00;0.0;0.0
204.077;211;0;99;0;0.0;19.700;1.340;25;26;0;0;100;0;100;0;0;0;0;88;88;0;0.000;0.000;0.000;0.000;0.000;0.000;0.0;0.0;0;14;0.000;0.000;11.3;0;0.0;0;0;0;0;0;99;0;0;4981;0.00;0;0;0;0;0;0;0;0;0;0;0;0;0;0;0;0;14;0;99.0;99.0;0;0;0.00;0.00;0.00;0.0;0.0
204.143;211;0;99;0;0.0;19.700;1.340;25;26;0;0;100;0;100;0;0;0;0;88;88;0;0.000;0.000;0.000;0.000;0.000;0.000;0.0;0.0;0;14;0.000;0.000;11.3;0;0.0;0;0;0;0;0;99;0;0;4981;0.00;0;0;0;0;0;0;0;0;0;0;0;0;0;0;0;0;14;0;99.0;99.0;0;0;0.00;0.00;0.00;0.0;0.0
204.212;211;0;99;0;0.0;19.700;1.340;25;26;0;0;100;0;100;0;0;0;0;88;88;0;0.000;0.000;0.000;0.000;0.000;0.000;0.0;0.0;0;14;0.000;0.000;11.3;0;0.0;0;0;0;0;0;99;0;0;4981;0.00;0;0;0;0;0;0;0;0;0;0;0;0;0;0;0;0;14;0;99.0;99.0;0;0;0.00;0.00;0.00;0.0;0.0
204.277;211;0;99;0;0.0;19.700;1.340;25;26;0;0;100;0;100;0;0;0;0;88;88;0;0.000;0.000;0.000;0.000;0.000;0.000;0.0;0.0;0;14;0.000;0.000;11.3;0;0.0;0;0;0;0;0;99;0;0;4981;0.00;0;0;0;0;0;0;0;0;0;0;0;0;0;0;0;0;14;0;99.0;99.0;0;0;0.00;0.00;0.00;0.0;0.0
204.343;211;0;99;0;0.0;19.700;1.340;25;26;0;0;100;0;100;0;0;0;0;88;88;0;0.000;0.000;0.000;0.000;0.000;0.000;0.0;0.0;0;14;0.000;0.000;11.3;0;0.0;0;0;0;0;0;99;0;0;4981;0.00;0;0;0;0;0;0;0;0;0;0;0;0;0;0;0;0;14;0;99.0;99.0;0;0;0.00;0.00;0.00;0.0;0.0
204.409;211;0;99;0;0.0;19.700;1.340;25;26;0;0;100;0;100;0;0;0;0;88;88;0;0.000;0.000;0.000;0.000;0.000;0.000;0.0;0.0;0;14;0.000;0.000;11.3;0;0.0;0;0;0;0;0;99;0;0;4981;0.00;0;0;0;0;0;0;0;0;0;0;0;0;0;0;0;0;14;0;99.0;99.0;0;0;0.00;0.00;0.00;0.0;0.0
204.479;211;0;99;0;0.0;19.700;1.340;25;26;0;0;100;0;100;0;0;0;0;88;88;0;0.000;0.000;0.000;0.000;0.000;0.000;0.0;0.0;0;14;0.000;0.000;11.3;0;0.0;0;0;0;0;0;99;0;0;4981;0.00;0;0;0;0;0;0;0;0;0;0;0;0;0;0;0;0;14;0;99.0;99.0;0;0;0.00;0.00;0.00;0.0;0.0
204.545;211;0;99;0;0.0;19.700;1.340;25;26;0;0;100;0;100;0;0;0;0;88;88;0;0.000;0.000;0.000;0.000;0.000;0.000;0.0;0.0;0;14;0.000;0.000;11.3;0;0.0;0;0;0;0;0;99;0;0;4981;0.00;0;0;0;0;0;0;0;0;0;0;0;0;0;0;0;0;14;0;99.0;99.0;0;0;0.00;0.00;0.00;0.0;0.0
204.610;211;0;99;0;0.0;19.700;1.340;25;26;0;0;100;0;100;0;0;0;0;88;88;0;0.000;0.000;0.000;0.000;0.000;0.000;0.0;0.0;0;14;0.000;0.000;11.3;0;0.0;0;0;0;0;0;99;0;0;4981;0.00;0;0;0;0;0;0;0;0;0;0;0;0;0;0;0;0;14;0;99.0;99.0;0;0;0.00;0.00;0.00;0.0;0.0
204.679;211;0;99;0;0.0;19.700;1.340;25;26;0;0;100;0;100;0;0;0;0;88;88;0;0.000;0.000;0.000;0.000;0.000;0.000;0.0;0.0;0;14;0.000;0.000;11.3;0;0.0;0;0;0;0;0;99;0;0;4981;0.00;0;0;0;0;0;0;0;0;0;0;0;0;0;0;0;0;14;0;99.0;99.0;0;0;0.00;0.00;0.00;0.0;0.0
204.745;211;0;99;0;0.0;19.700;1.340;25;26;0;0;100;0;100;0;0;0;0;88;88;0;0.000;0.000;0.000;0.000;0.000;0.000;0.0;0.0;0;14;0.000;0.000;11.3;0;0.0;0;0;0;0;0;99;0;0;4981;0.00;0;0;0;0;0;0;0;0;0;0;0;0;0;0;0;0;14;0;99.0;99.0;0;0;0.00;0.00;0.00;0.0;0.0
204.814;211;0;99;0;0.0;19.700;1.340;25;26;0;0;100;0;100;0;0;0;0;88;88;0;0.000;0.000;0.000;0.000;0.000;0.000;0.0;0.0;0;14;0.000;0.000;11.3;0;0.0;0;0;0;0;0;99;0;0;4981;0.00;0;0;0;0;0;0;0;0;0;0;0;0;0;0;0;0;14;0;99.0;99.0;0;0;0.00;0.00;0.00;0.0;0.0
204.881;211;0;99;0;0.0;19.700;1.340;25;26;0;0;100;0;100;0;0;0;0;88;88;0;0.000;0.000;0.000;0.000;0.000;0.000;0.0;0.0;0;14;0.000;0.000;11.3;0;0.0;0;0;0;0;0;99;0;0;4981;0.00;0;0;0;0;0;0;0;0;0;0;0;0;0;0;0;0;14;0;99.0;99.0;0;0;0.00;0.00;0.00;0.0;0.0
204.946;211;0;99;0;0.0;19.700;1.340;25;26;0;0;100;0;100;0;0;0;0;88;88;0;0.000;0.000;0.000;0.000;0.000;0.000;0.0;0.0;0;14;0.000;0.000;11.3;0;0.0;0;0;0;0;0;99;0;0;4981;0.00;0;0;0;0;0;0;0;0;0;0;0;0;0;0;0;0;14;0;99.0;99.0;0;0;0.00;0.00;0.00;0.0;0.0
205.011;211;0;99;0;0.0;19.700;1.340;25;26;0;0;100;0;100;0;0;0;0;88;88;0;0.000;0.000;0.000;0.000;0.000;0.000;0.0;0.0;0;14;0.000;0.000;11.3;0;0.0;0;0;0;0;0;99;0;0;4981;0.00;0;0;0;0;0;0;0;0;0;0;0;0;0;0;0;0;14;0;99.0;99.0;0;0;0.00;0.00;0.00;0.0;0.0
205.077;211;0;99;0;0.0;19.700;1.340;25;26;0;0;100;0;100;0;0;0;0;88;88;0;0.000;0.000;0.000;0.000;0.000;0.000;0.0;0.0;0;14;0.000;0.000;11.3;0;0.0;0;0;0;0;0;99;0;0;4981;0.00;0;0;0;0;0;0;0;0;0;0;0;0;0;0;0;0;14;0;99.0;99.0;0;0;0.00;0.00;0.00;0.0;0.0
205.146;212;0;99;0;0.0;19.700;1.340;25;26;0;0;100;0;100;0;0;0;0;88;88;0;0.000;0.000;0.000;0.000;0.000;0.000;0.0;0.0;0;14;0.000;0.000;11.3;0;0.0;0;0;0;0;0;99;0;0;4963;0.00;0;0;0;0;0;0;0;0;0;0;0;0;0;0;0;0;14;0;99.0;99.0;0;0;0.00;0.00;0.00;0.0;0.0
205.212;212;0;99;0;0.0;19.700;1.340;25;26;0;0;100;0;100;0;0;0;0;88;88;0;0.000;0.000;0.000;0.000;0.000;0.000;0.0;0.0;0;14;0.000;0.000;11.3;0;0.0;0;0;0;0;0;99;0;0;4963;0.00;0;0;0;0;0;0;0;0;0;0;0;0;0;0;0;0;14;0;99.0;99.0;0;0;0.00;0.00;0.00;0.0;0.0
205.278;212;0;99;0;0.0;19.700;1.340;25;26;0;0;100;0;100;0;0;0;0;88;88;0;0.000;0.000;0.000;0.000;0.000;0.000;0.0;0.0;0;14;0.000;0.000;11.3;0;0.0;0;0;0;0;0;99;0;0;4963;0.00;0;0;0;0;0;0;0;0;0;0;0;0;0;0;0;0;14;0;99.0;99.0;0;0;0.00;0.00;0.00;0.0;0.0
205.345;212;0;99;0;0.0;19.700;1.340;25;26;0;0;100;0;100;0;0;0;0;88;88;0;0.000;0.000;0.000;0.000;0.000;0.000;0.0;0.0;0;14;0.000;0.000;11.3;0;0.0;0;0;0;0;0;99;0;0;4963;0.00;0;0;0;0;0;0;0;0;0;0;0;0;0;0;0;0;14;0;99.0;99.0;0;0;0.00;0.00;0.00;0.0;0.0
205.412;212;0;99;0;0.0;19.700;1.340;25;26;0;0;100;0;100;0;0;0;0;88;88;0;0.000;0.000;0.000;0.000;0.000;0.000;0.0;0.0;0;14;0.000;0.000;11.3;0;0.0;0;0;0;0;0;99;0;0;4963;0.00;0;0;0;0;0;0;0;0;0;0;0;0;0;0;0;0;14;0;99.0;99.0;0;0;0.00;0.00;0.00;0.0;0.0
205.478;212;0;99;0;0.0;19.700;1.340;25;26;0;0;100;0;100;0;0;0;0;88;88;0;0.000;0.000;0.000;0.000;0.000;0.000;0.0;0.0;0;14;0.000;0.000;11.3;0;0.0;0;0;0;0;0;99;0;0;4963;0.00;0;0;0;0;0;0;0;0;0;0;0;0;0;0;0;0;14;0;99.0;99.0;0;0;0.00;0.00;0.00;0.0;0.0
205.543;212;0;99;0;0.0;19.700;1.340;25;26;0;0;100;0;100;0;0;0;0;88;88;0;0.000;0.000;0.000;0.000;0.000;0.000;0.0;0.0;0;14;0.000;0.000;11.3;0;0.0;0;0;0;0;0;99;0;0;4963;0.00;0;0;0;0;0;0;0;0;0;0;0;0;0;0;0;0;14;0;99.0;99.0;0;0;0.00;0.00;0.00;0.0;0.0
205.608;212;0;99;0;0.0;19.700;1.340;25;26;0;0;100;0;100;0;0;0;0;88;88;0;0.000;0.000;0.000;0.000;0.000;0.000;0.0;0.0;0;14;0.000;0.000;11.3;0;0.0;0;0;0;0;0;99;0;0;4963;0.00;0;0;0;0;0;0;0;0;0;0;0;0;0;0;0;0;14;0;99.0;99.0;0;0;0.00;0.00;0.00;0.0;0.0
205.678;212;0;99;0;0.0;19.700;1.340;25;26;0;0;100;0;100;0;0;0;0;88;88;0;0.000;0.000;0.000;0.000;0.000;0.000;0.0;0.0;0;14;0.000;0.000;11.3;0;0.0;0;0;0;0;0;99;0;0;4963;0.00;0;0;0;0;0;0;0;0;0;0;0;0;0;0;0;0;14;0;99.0;99.0;0;0;0.00;0.00;0.00;0.0;0.0
205.744;212;0;99;0;0.0;19.700;1.340;25;26;0;0;100;0;100;0;0;0;0;88;88;0;0.000;0.000;0.000;0.000;0.000;0.000;0.0;0.0;0;14;0.000;0.000;11.3;0;0.0;0;0;0;0;0;99;0;0;4963;0.00;0;0;0;0;0;0;0;0;0;0;0;0;0;0;0;0;14;0;99.0;99.0;0;0;0.00;0.00;0.00;0.0;0.0
205.814;212;0;99;0;0.0;19.700;1.340;25;26;0;0;100;0;100;0;0;0;0;88;88;0;0.000;0.000;0.000;0.000;0.000;0.000;0.0;0.0;0;14;0.000;0.000;11.3;0;0.0;0;0;0;0;0;99;0;0;4963;0.00;0;0;0;0;0;0;0;0;0;0;0;0;0;0;0;0;14;0;99.0;99.0;0;0;0.00;0.00;0.00;0.0;0.0
205.879;212;0;99;0;0.0;19.700;1.340;25;26;0;0;100;0;100;0;0;0;0;88;88;0;0.000;0.000;0.000;0.000;0.000;0.000;0.0;0.0;0;14;0.000;0.000;11.3;0;0.0;0;0;0;0;0;99;0;0;4963;0.00;0;0;0;0;0;0;0;0;0;0;0;0;0;0;0;0;14;0;99.0;99.0;0;0;0.00;0.00;0.00;0.0;0.0
205.945;212;0;99;0;0.0;19.700;1.340;25;26;0;0;100;0;100;0;0;0;0;88;88;0;0.000;0.000;0.000;0.000;0.000;0.000;0.0;0.0;0;14;0.000;0.000;11.3;0;0.0;0;0;0;0;0;99;0;0;4963;0.00;0;0;0;0;0;0;0;0;0;0;0;0;0;0;0;0;14;0;99.0;99.0;0;0;0.00;0.00;0.00;0.0;0.0
206.010;212;0;99;0;0.0;19.700;1.340;25;26;0;0;100;0;100;0;0;0;0;88;88;0;0.000;0.000;0.000;0.000;0.000;0.000;0.0;0.0;0;14;0.000;0.000;11.3;0;0.0;0;0;0;0;0;99;0;0;4963;0.00;0;0;0;0;0;0;0;0;0;0;0;0;0;0;0;0;14;0;99.0;99.0;0;0;0.00;0.00;0.00;0.0;0.0
206.076;212;0;99;0;0.0;19.700;1.340;25;26;0;0;100;0;100;0;0;0;0;88;88;0;0.000;0.000;0.000;0.000;0.000;0.000;0.0;0.0;0;14;0.000;0.000;11.3;0;0.0;0;0;0;0;0;99;0;0;4963;0.00;0;0;0;0;0;0;0;0;0;0;0;0;0;0;0;0;14;0;99.0;99.0;0;0;0.00;0.00;0.00;0.0;0.0
206.146;213;0;99;0;0.0;19.700;1.340;25;26;0;0;100;0;100;0;0;0;0;88;88;0;0.000;0.000;0.000;0.000;0.000;0.000;0.0;0.0;0;14;0.000;0.000;11.3;0;0.0;0;0;0;0;0;99;0;0;4972;0.00;0;0;0;0;0;0;0;0;0;0;0;0;0;0;0;0;14;0;99.0;99.0;0;0;0.00;0.00;0.00;0.0;0.0
206.211;213;0;98;0;0.0;19.700;1.340;25;26;0;0;100;0;100;0;0;0;0;88;88;0;0.000;0.000;0.000;0.000;0.000;0.000;0.0;0.0;0;15;0.000;0.000;11.3;0;-0.1;0;0;0;0;0;99;0;0;4972;0.00;0;0;0;0;0;0;0;0;0;0;0;0;0;0;0;0;15;0;98.0;98.0;0;0;0.00;0.00;0.00;0.0;0.0
206.276;213;0;99;0;0.0;19.700;1.340;25;26;0;0;100;0;100;0;0;0;0;88;88;0;0.000;0.000;0.000;0.000;0.000;0.000;0.0;0.0;0;14;0.000;0.000;11.3;0;0.0;0;0;0;0;0;99;0;0;4972;0.00;0;0;0;0;0;0;0;0;0;0;0;0;0;0;0;0;14;0;99.0;99.0;0;0;0.00;0.00;0.00;0.0;0.0
206.342;213;0;99;0;0.0;19.700;1.340;25;26;0;0;100;0;100;0;0;0;0;88;88;0;0.000;0.000;0.000;0.000;0.000;0.000;0.0;0.0;0;14;0.000;0.000;11.3;0;0.0;0;0;0;0;0;99;0;0;4972;0.00;0;0;0;0;0;0;0;0;0;0;0;0;0;0;0;0;14;0;99.0;99.0;0;0;0.00;0.00;0.00;0.0;0.0
206.412;213;0;99;0;0.0;19.700;1.340;25;26;0;0;100;0;100;0;0;0;0;88;88;0;0.000;0.000;0.000;0.000;0.000;0.000;0.0;0.0;0;14;0.000;0.000;11.3;0;0.0;0;0;0;0;0;99;0;0;4972;0.00;0;0;0;0;0;0;0;0;0;0;0;0;0;0;0;0;14;0;99.0;99.0;0;0;0.00;0.00;0.00;0.0;0.0
206.477;213;0;99;0;0.0;19.700;1.340;25;26;0;0;100;0;100;0;0;0;0;88;88;0;0.000;0.000;0.000;0.000;0.000;0.000;0.0;0.0;0;14;0.000;0.000;11.3;0;0.0;0;0;0;0;0;99;0;0;4972;0.00;0;0;0;0;0;0;0;0;0;0;0;0;0;0;0;0;14;0;99.0;99.0;0;0;0.00;0.00;0.00;0.0;0.0
206.544;213;0;99;0;0.0;19.700;1.340;25;26;0;0;100;0;100;0;0;0;0;88;88;0;0.000;0.000;0.000;0.000;0.000;0.000;0.0;0.0;0;14;0.000;0.000;11.3;0;0.0;0;0;0;0;0;99;0;0;4972;0.00;0;0;0;0;0;0;0;0;0;0;0;0;0;0;0;0;14;0;99.0;99.0;0;0;0.00;0.00;0.00;0.0;0.0
206.612;213;0;99;0;0.0;19.700;1.340;25;26;0;0;100;0;100;0;0;0;0;88;88;0;0.000;0.000;0.000;0.000;0.000;0.000;0.0;0.0;0;14;0.000;0.000;11.3;0;0.0;0;0;0;0;0;99;0;0;4972;0.00;0;0;0;0;0;0;0;0;0;0;0;0;0;0;0;0;14;0;99.0;99.0;0;0;0.00;0.00;0.00;0.0;0.0
206.677;213;0;99;0;0.0;19.700;1.340;25;26;0;0;100;0;100;0;0;0;0;88;88;0;0.000;0.000;0.000;0.000;0.000;0.000;0.0;0.0;0;14;0.000;0.000;11.3;0;0.0;0;0;0;0;0;99;0;0;4972;0.00;0;0;0;0;0;0;0;0;0;0;0;0;0;0;0;0;14;0;99.0;99.0;0;0;0.00;0.00;0.00;0.0;0.0
206.744;213;0;99;0;0.0;19.700;1.340;25;26;0;0;100;0;100;0;0;0;0;88;88;0;0.000;0.000;0.000;0.000;0.000;0.000;0.0;0.0;0;14;0.000;0.000;11.3;0;0.0;0;0;0;0;0;99;0;0;4972;0.00;0;0;0;0;0;0;0;0;0;0;0;0;0;0;0;0;14;0;99.0;99.0;0;0;0.00;0.00;0.00;0.0;0.0
206.812;213;0;99;0;0.0;19.700;1.340;25;26;0;0;100;0;100;0;0;0;0;88;88;0;0.000;0.000;0.000;0.000;0.000;0.000;0.0;0.0;0;14;0.000;0.000;11.3;0;0.0;0;0;0;0;0;99;0;0;4972;0.00;0;0;0;0;0;0;0;0;0;0;0;0;0;0;0;0;14;0;99.0;99.0;0;0;0.00;0.00;0.00;0.0;0.0
206.878;213;0;99;0;0.0;19.700;1.340;25;26;0;0;100;0;100;0;0;0;0;88;88;0;0.000;0.000;0.000;0.000;0.000;0.000;0.0;0.0;0;14;0.000;0.000;11.3;0;0.0;0;0;0;0;0;99;0;0;4972;0.00;0;0;0;0;0;0;0;0;0;0;0;0;0;0;0;0;14;0;99.0;99.0;0;0;0.00;0.00;0.00;0.0;0.0
206.944;213;0;99;0;0.0;19.700;1.340;25;26;0;0;100;0;100;0;0;0;0;88;88;0;0.000;0.000;0.000;0.000;0.000;0.000;0.0;0.0;0;14;0.000;0.000;11.3;0;0.0;0;0;0;0;0;99;0;0;4972;0.00;0;0;0;0;0;0;0;0;0;0;0;0;0;0;0;0;14;0;99.0;99.0;0;0;0.00;0.00;0.00;0.0;0.0
207.011;213;0;99;0;0.0;19.700;1.340;25;26;0;0;100;0;100;0;0;0;0;88;88;0;0.000;0.000;0.000;0.000;0.000;0.000;0.0;0.0;0;14;0.000;0.000;11.3;0;0.0;0;0;0;0;0;99;0;0;4972;0.00;0;0;0;0;0;0;0;0;0;0;0;0;0;0;0;0;14;0;99.0;99.0;0;0;0.00;0.00;0.00;0.0;0.0
207.079;213;0;99;0;0.0;19.700;1.340;25;26;0;0;100;0;100;0;0;0;0;88;88;0;0.000;0.000;0.000;0.000;0.000;0.000;0.0;0.0;0;14;0.000;0.000;11.3;0;0.0;0;0;0;0;0;99;0;0;4972;0.00;0;0;0;0;0;0;0;0;0;0;0;0;0;0;0;0;14;0;99.0;99.0;0;0;0.00;0.00;0.00;0.0;0.0
207.145;214;0;99;0;0.0;19.700;1.340;25;26;0;0;100;0;100;0;0;0;0;88;88;0;0.000;0.000;0.000;0.000;0.000;0.000;0.0;0.0;0;14;0.000;0.000;11.3;0;0.0;0;0;0;0;0;99;0;0;4984;0.00;0;0;0;0;0;0;0;0;0;0;0;0;0;0;0;0;14;0;99.0;99.0;0;0;0.00;0.00;0.00;0.0;0.0
207.214;214;0;99;0;0.0;19.700;1.340;25;26;0;0;100;0;100;0;0;0;0;88;88;0;0.000;0.000;0.000;0.000;0.000;0.000;0.0;0.0;0;14;0.000;0.000;11.3;0;0.0;0;0;0;0;0;99;0;0;4984;0.00;0;0;0;0;0;0;0;0;0;0;0;0;0;0;0;0;14;0;99.0;99.0;0;0;0.00;0.00;0.00;0.0;0.0
207.280;214;0;99;0;0.0;19.700;1.340;25;26;0;0;100;0;100;0;0;0;0;88;88;0;0.000;0.000;0.000;0.000;0.000;0.000;0.0;0.0;0;14;0.000;0.000;11.3;0;0.0;0;0;0;0;0;99;0;0;4984;0.00;0;0;0;0;0;0;0;0;0;0;0;0;0;0;0;0;14;0;99.0;99.0;0;0;0.00;0.00;0.00;0.0;0.0
207.346;214;0;99;0;0.0;19.700;1.340;25;26;0;0;100;0;100;0;0;0;0;88;88;0;0.000;0.000;0.000;0.000;0.000;0.000;0.0;0.0;0;14;0.000;0.000;11.3;0;0.0;0;0;0;0;0;99;0;0;4984;0.00;0;0;0;0;0;0;0;0;0;0;0;0;0;0;0;0;14;0;99.0;99.0;0;0;0.00;0.00;0.00;0.0;0.0
207.411;214;0;99;0;0.0;19.700;1.340;25;26;0;0;100;0;100;0;0;0;0;88;88;0;0.000;0.000;0.000;0.000;0.000;0.000;0.0;0.0;0;14;0.000;0.000;11.3;0;0.0;0;0;0;0;0;99;0;0;4984;0.00;0;0;0;0;0;0;0;0;0;0;0;0;0;0;0;0;14;0;99.0;99.0;0;0;0.00;0.00;0.00;0.0;0.0
207.477;214;0;98;0;0.0;19.700;1.340;25;26;0;0;100;0;100;0;0;0;0;88;88;0;0.000;0.000;0.000;0.000;0.000;0.000;0.0;0.0;0;15;0.000;0.000;11.3;0;-0.1;0;0;0;0;0;99;0;0;4984;0.00;0;0;0;0;0;0;0;0;0;0;0;0;0;0;0;0;15;0;98.0;98.0;0;0;0.00;0.00;0.00;0.0;0.0
207.546;214;0;99;0;0.0;19.700;1.340;25;26;0;0;100;0;100;0;0;0;0;88;88;0;0.000;0.000;0.000;0.000;0.000;0.000;0.0;0.0;0;14;0.000;0.000;11.3;0;0.0;0;0;0;0;0;99;0;0;4984;0.00;0;0;0;0;0;0;0;0;0;0;0;0;0;0;0;0;14;0;99.0;99.0;0;0;0.00;0.00;0.00;0.0;0.0
207.612;214;0;99;0;0.0;19.700;1.340;25;26;0;0;100;0;100;0;0;0;0;88;88;0;0.000;0.000;0.000;0.000;0.000;0.000;0.0;0.0;0;14;0.000;0.000;11.3;0;0.0;0;0;0;0;0;99;0;0;4984;0.00;0;0;0;0;0;0;0;0;0;0;0;0;0;0;0;0;14;0;99.0;99.0;0;0;0.00;0.00;0.00;0.0;0.0
207.682;214;0;99;0;0.0;19.700;1.340;25;26;0;0;100;0;100;0;0;0;0;88;88;0;0.000;0.000;0.000;0.000;0.000;0.000;0.0;0.0;0;14;0.000;0.000;11.3;0;0.0;0;0;0;0;0;99;0;0;4984;0.00;0;0;0;0;0;0;0;0;0;0;0;0;0;0;0;0;14;0;99.0;99.0;0;0;0.00;0.00;0.00;0.0;0.0
207.747;214;0;99;0;0.0;19.700;1.340;25;26;0;0;100;0;100;0;0;0;0;88;88;0;0.000;0.000;0.000;0.000;0.000;0.000;0.0;0.0;0;14;0.000;0.000;11.3;0;0.0;0;0;0;0;0;99;0;0;4984;0.00;0;0;0;0;0;0;0;0;0;0;0;0;0;0;0;0;14;0;99.0;99.0;0;0;0.00;0.00;0.00;0.0;0.0
207.812;214;0;99;0;0.0;19.700;1.340;25;26;0;0;100;0;100;0;0;0;0;88;88;0;0.000;0.000;0.000;0.000;0.000;0.000;0.0;0.0;0;14;0.000;0.000;11.3;0;0.0;0;0;0;0;0;99;0;0;4984;0.00;0;0;0;0;0;0;0;0;0;0;0;0;0;0;0;0;14;0;99.0;99.0;0;0;0.00;0.00;0.00;0.0;0.0
207.878;214;0;99;0;0.0;19.700;1.340;25;26;0;0;100;0;100;0;0;0;0;88;88;0;0.000;0.000;0.000;0.000;0.000;0.000;0.0;0.0;0;14;0.000;0.000;11.3;0;0.0;0;0;0;0;0;99;0;0;4984;0.00;0;0;0;0;0;0;0;0;0;0;0;0;0;0;0;0;14;0;99.0;99.0;0;0;0.00;0.00;0.00;0.0;0.0
207.944;214;0;99;0;0.0;19.700;1.340;25;26;0;0;100;0;100;0;0;0;0;88;88;0;0.000;0.000;0.000;0.000;0.000;0.000;0.0;0.0;0;14;0.000;0.000;11.3;0;0.0;0;0;0;0;0;99;0;0;4984;0.00;0;0;0;0;0;0;0;0;0;0;0;0;0;0;0;0;14;0;99.0;99.0;0;0;0.00;0.00;0.00;0.0;0.0
208.013;214;0;98;0;0.0;19.700;1.340;25;26;0;0;100;0;100;0;0;0;0;88;88;0;0.000;0.000;0.000;0.000;0.000;0.000;0.0;0.0;0;15;0.000;0.000;11.3;0;-0.1;0;0;0;0;0;99;0;0;4984;0.00;0;0;0;0;0;0;0;0;0;0;0;0;0;0;0;0;15;0;98.0;98.0;0;0;0.00;0.00;0.00;0.0;0.0
208.079;214;0;99;0;0.0;19.700;1.340;25;26;0;0;100;0;100;0;0;0;0;88;88;0;0.000;0.000;0.000;0.000;0.000;0.000;0.0;0.0;0;14;0.000;0.000;11.3;0;0.0;0;0;0;0;0;99;0;0;4984;0.00;0;0;0;0;0;0;0;0;0;0;0;0;0;0;0;0;14;0;99.0;99.0;0;0;0.00;0.00;0.00;0.0;0.0
208.144;215;0;99;0;0.0;19.700;1.340;25;26;0;0;100;0;100;0;0;0;0;88;88;0;0.000;0.000;0.000;0.000;0.000;0.000;0.0;0.0;0;14;0.000;0.000;11.3;0;0.0;0;0;0;0;0;99;0;0;4976;0.00;0;0;0;0;0;0;0;0;0;0;0;0;0;0;0;0;14;0;99.0;99.0;0;0;0.00;0.00;0.00;0.0;0.0
208.210;215;0;99;0;0.0;19.700;1.340;25;26;0;0;100;0;100;0;0;0;0;88;88;0;0.000;0.000;0.000;0.000;0.000;0.000;0.0;0.0;0;14;0.000;0.000;11.3;0;0.0;0;0;0;0;0;99;0;0;4976;0.00;0;0;0;0;0;0;0;0;0;0;0;0;0;0;0;0;14;0;99.0;99.0;0;0;0.00;0.00;0.00;0.0;0.0
208.280;215;0;99;0;0.0;19.700;1.340;25;26;0;0;100;0;100;0;0;0;0;88;88;0;0.000;0.000;0.000;0.000;0.000;0.000;0.0;0.0;0;14;0.000;0.000;11.3;0;0.0;0;0;0;0;0;99;0;0;4976;0.00;0;0;0;0;0;0;0;0;0;0;0;0;0;0;0;0;14;0;99.0;99.0;0;0;0.00;0.00;0.00;0.0;0.0
208.345;215;0;99;0;0.0;19.700;1.340;25;26;0;0;100;0;100;0;0;0;0;88;88;0;0.000;0.000;0.000;0.000;0.000;0.000;0.0;0.0;0;14;0.000;0.000;11.3;0;0.0;0;0;0;0;0;99;0;0;4976;0.00;0;0;0;0;0;0;0;0;0;0;0;0;0;0;0;0;14;0;99.0;99.0;0;0;0.00;0.00;0.00;0.0;0.0
208.410;215;0;99;0;0.0;19.700;1.340;25;26;0;0;100;0;100;0;0;0;0;88;88;0;0.000;0.000;0.000;0.000;0.000;0.000;0.0;0.0;0;14;0.000;0.000;11.3;0;0.0;0;0;0;0;0;99;0;0;4976;0.00;0;0;0;0;0;0;0;0;0;0;0;0;0;0;0;0;14;0;99.0;99.0;0;0;0.00;0.00;0.00;0.0;0.0
208.477;215;0;99;0;0.0;19.700;1.340;25;26;0;0;100;0;100;0;0;0;0;88;88;0;0.000;0.000;0.000;0.000;0.000;0.000;0.0;0.0;0;14;0.000;0.000;11.3;0;0.0;0;0;0;0;0;99;0;0;4976;0.00;0;0;0;0;0;0;0;0;0;0;0;0;0;0;0;0;14;0;99.0;99.0;0;0;0.00;0.00;0.00;0.0;0.0
208.545;215;0;99;0;0.0;19.700;1.340;25;26;0;0;100;0;100;0;0;0;0;88;88;0;0.000;0.000;0.000;0.000;0.000;0.000;0.0;0.0;0;14;0.000;0.000;11.3;0;0.0;0;0;0;0;0;99;0;0;4976;0.00;0;0;0;0;0;0;0;0;0;0;0;0;0;0;0;0;14;0;99.0;99.0;0;0;0.00;0.00;0.00;0.0;0.0
208.611;215;0;99;0;0.0;19.700;1.340;25;26;0;0;100;0;100;0;0;0;0;88;88;0;0.000;0.000;0.000;0.000;0.000;0.000;0.0;0.0;0;14;0.000;0.000;11.3;0;0.0;0;0;0;0;0;99;0;0;4976;0.00;0;0;0;0;0;0;0;0;0;0;0;0;0;0;0;0;14;0;99.0;99.0;0;0;0.00;0.00;0.00;0.0;0.0
208.681;215;0;99;0;0.0;19.700;1.340;25;26;0;0;100;0;100;0;0;0;0;88;88;0;0.000;0.000;0.000;0.000;0.000;0.000;0.0;0.0;0;14;0.000;0.000;11.3;0;0.0;0;0;0;0;0;99;0;0;4976;0.00;0;0;0;0;0;0;0;0;0;0;0;0;0;0;0;0;14;0;99.0;99.0;0;0;0.00;0.00;0.00;0.0;0.0
208.746;215;0;99;0;0.0;19.700;1.340;25;26;0;0;100;0;100;0;0;0;0;88;88;0;0.000;0.000;0.000;0.000;0.000;0.000;0.0;0.0;0;14;0.000;0.000;11.3;0;0.0;0;0;0;0;0;99;0;0;4976;0.00;0;0;0;0;0;0;0;0;0;0;0;0;0;0;0;0;14;0;99.0;99.0;0;0;0.00;0.00;0.00;0.0;0.0
208.812;215;0;99;0;0.0;19.700;1.340;25;26;0;0;100;0;100;0;0;0;0;88;88;0;0.000;0.000;0.000;0.000;0.000;0.000;0.0;0.0;0;14;0.000;0.000;11.3;0;0.0;0;0;0;0;0;99;0;0;4976;0.00;0;0;0;0;0;0;0;0;0;0;0;0;0;0;0;0;14;0;99.0;99.0;0;0;0.00;0.00;0.00;0.0;0.0
208.878;215;0;99;0;0.0;19.700;1.340;25;26;0;0;100;0;100;0;0;0;0;88;88;0;0.000;0.000;0.000;0.000;0.000;0.000;0.0;0.0;0;14;0.000;0.000;11.3;0;0.0;0;0;0;0;0;99;0;0;4976;0.00;0;0;0;0;0;0;0;0;0;0;0;0;0;0;0;0;14;0;99.0;99.0;0;0;0.00;0.00;0.00;0.0;0.0
208.947;215;0;99;0;0.0;19.700;1.340;25;26;0;0;100;0;100;0;0;0;0;88;88;0;0.000;0.000;0.000;0.000;0.000;0.000;0.0;0.0;0;14;0.000;0.000;11.3;0;0.0;0;0;0;0;0;99;0;0;4976;0.00;0;0;0;0;0;0;0;0;0;0;0;0;0;0;0;0;14;0;99.0;99.0;0;0;0.00;0.00;0.00;0.0;0.0
209.012;215;0;99;0;0.0;19.700;1.340;25;26;0;0;100;0;100;0;0;0;0;88;88;0;0.000;0.000;0.000;0.000;0.000;0.000;0.0;0.0;0;14;0.000;0.000;11.3;0;0.0;0;0;0;0;0;99;0;0;4976;0.00;0;0;0;0;0;0;0;0;0;0;0;0;0;0;0;0;14;0;99.0;99.0;0;0;0.00;0.00;0.00;0.0;0.0
209.079;215;0;99;0;0.0;19.700;1.340;25;26;0;0;100;0;100;0;0;0;0;88;88;0;0.000;0.000;0.000;0.000;0.000;0.000;0.0;0.0;0;14;0.000;0.000;11.3;0;0.0;0;0;0;0;0;99;0;0;4976;0.00;0;0;0;0;0;0;0;0;0;0;0;0;0;0;0;0;14;0;99.0;99.0;0;0;0.00;0.00;0.00;0.0;0.0
209.144;215;0;99;0;0.0;19.700;1.340;25;26;0;0;100;0;100;0;0;0;0;88;88;0;0.000;0.000;0.000;0.000;0.000;0.000;0.0;0.0;0;14;0.000;0.000;11.3;0;0.0;0;0;0;0;0;99;0;0;4976;0.00;0;0;0;0;0;0;0;0;0;0;0;0;0;0;0;0;14;0;99.0;99.0;0;0;0.00;0.00;0.00;0.0;0.0
209.210;216;0;99;0;0.0;19.700;1.340;25;26;0;0;100;0;100;0;0;0;0;88;88;0;0.000;0.000;0.000;0.000;0.000;0.000;0.0;0.0;0;14;0.000;0.000;11.3;0;0.0;0;0;0;0;0;99;0;0;4974;0.00;0;0;0;0;0;0;0;0;0;0;0;0;0;0;0;0;14;0;99.0;99.0;0;0;0.00;0.00;0.00;0.0;0.0
209.278;216;0;99;0;0.0;19.700;1.340;25;26;0;0;100;0;100;0;0;0;0;88;88;0;0.000;0.000;0.000;0.000;0.000;0.000;0.0;0.0;0;14;0.000;0.000;11.3;0;0.0;0;0;0;0;0;99;0;0;4974;0.00;0;0;0;0;0;0;0;0;0;0;0;0;0;0;0;0;14;0;99.0;99.0;0;0;0.00;0.00;0.00;0.0;0.0
209.344;216;0;99;0;0.0;19.700;1.340;25;26;0;0;100;0;100;0;0;0;0;88;88;0;0.000;0.000;0.000;0.000;0.000;0.000;0.0;0.0;0;14;0.000;0.000;11.3;0;0.0;0;0;0;0;0;99;0;0;4974;0.00;0;0;0;0;0;0;0;0;0;0;0;0;0;0;0;0;14;0;99.0;99.0;0;0;0.00;0.00;0.00;0.0;0.0
209.410;216;0;99;0;0.0;19.700;1.340;25;26;0;0;100;0;100;0;0;0;0;88;88;0;0.000;0.000;0.000;0.000;0.000;0.000;0.0;0.0;0;14;0.000;0.000;11.3;0;0.0;0;0;0;0;0;99;0;0;4974;0.00;0;0;0;0;0;0;0;0;0;0;0;0;0;0;0;0;14;0;99.0;99.0;0;0;0.00;0.00;0.00;0.0;0.0
209.475;216;0;99;0;0.0;19.700;1.340;25;26;0;0;100;0;100;0;0;0;0;88;88;0;0.000;0.000;0.000;0.000;0.000;0.000;0.0;0.0;0;14;0.000;0.000;11.3;0;0.0;0;0;0;0;0;99;0;0;4974;0.00;0;0;0;0;0;0;0;0;0;0;0;0;0;0;0;0;14;0;99.0;99.0;0;0;0.00;0.00;0.00;0.0;0.0
209.545;216;0;99;0;0.0;19.700;1.340;25;26;0;0;100;0;100;0;0;0;0;88;88;0;0.000;0.000;0.000;0.000;0.000;0.000;0.0;0.0;0;14;0.000;0.000;11.3;0;0.0;0;0;0;0;0;99;0;0;4974;0.00;0;0;0;0;0;0;0;0;0;0;0;0;0;0;0;0;14;0;99.0;99.0;0;0;0.00;0.00;0.00;0.0;0.0
209.610;216;0;99;0;0.0;19.700;1.340;25;26;0;0;100;0;100;0;0;0;0;88;88;0;0.000;0.000;0.000;0.000;0.000;0.000;0.0;0.0;0;14;0.000;0.000;11.3;0;0.0;0;0;0;0;0;99;0;0;4974;0.00;0;0;0;0;0;0;0;0;0;0;0;0;0;0;0;0;14;0;99.0;99.0;0;0;0.00;0.00;0.00;0.0;0.0
209.677;216;0;99;0;0.0;19.700;1.340;25;26;0;0;100;0;100;0;0;0;0;88;88;0;0.000;0.000;0.000;0.000;0.000;0.000;0.0;0.0;0;14;0.000;0.000;11.3;0;0.0;0;0;0;0;0;99;0;0;4974;0.00;0;0;0;0;0;0;0;0;0;0;0;0;0;0;0;0;14;0;99.0;99.0;0;0;0.00;0.00;0.00;0.0;0.0
209.745;216;0;99;0;0.0;19.700;1.340;25;26;0;0;100;0;100;0;0;0;0;88;88;0;0.000;0.000;0.000;0.000;0.000;0.000;0.0;0.0;0;14;0.000;0.000;11.3;0;0.0;0;0;0;0;0;99;0;0;4974;0.00;0;0;0;0;0;0;0;0;0;0;0;0;0;0;0;0;14;0;99.0;99.0;0;0;0.00;0.00;0.00;0.0;0.0
209.811;216;0;99;0;0.0;19.700;1.340;25;26;0;0;100;0;100;0;0;0;0;88;88;0;0.000;0.000;0.000;0.000;0.000;0.000;0.0;0.0;0;14;0.000;0.000;11.3;0;0.0;0;0;0;0;0;99;0;0;4974;0.00;0;0;0;0;0;0;0;0;0;0;0;0;0;0;0;0;14;0;99.0;99.0;0;0;0.00;0.00;0.00;0.0;0.0
209.880;216;0;99;0;0.0;19.700;1.340;25;26;0;0;100;0;100;0;0;0;0;88;88;0;0.000;0.000;0.000;0.000;0.000;0.000;0.0;0.0;0;14;0.000;0.000;11.3;0;0.0;0;0;0;0;0;99;0;0;4974;0.00;0;0;0;0;0;0;0;0;0;0;0;0;0;0;0;0;14;0;99.0;99.0;0;0;0.00;0.00;0.00;0.0;0.0
209.947;216;0;99;0;0.0;19.700;1.340;25;26;0;0;100;0;100;0;0;0;0;88;88;0;0.000;0.000;0.000;0.000;0.000;0.000;0.0;0.0;0;14;0.000;0.000;11.3;0;0.0;0;0;0;0;0;99;0;0;4974;0.00;0;0;0;0;0;0;0;0;0;0;0;0;0;0;0;0;14;0;99.0;99.0;0;0;0.00;0.00;0.00;0.0;0.0
210.012;216;0;99;0;0.0;19.700;1.340;25;26;0;0;100;0;100;0;0;0;0;88;88;0;0.000;0.000;0.000;0.000;0.000;0.000;0.0;0.0;0;14;0.000;0.000;11.3;0;0.0;0;0;0;0;0;99;0;0;4974;0.00;0;0;0;0;0;0;0;0;0;0;0;0;0;0;0;0;14;0;99.0;99.0;0;0;0.00;0.00;0.00;0.0;0.0
210.077;216;0;99;0;0.0;19.700;1.340;25;26;0;0;100;0;100;0;0;0;0;88;88;0;0.000;0.000;0.000;0.000;0.000;0.000;0.0;0.0;0;14;0.000;0.000;11.3;0;0.0;0;0;0;0;0;99;0;0;4974;0.00;0;0;0;0;0;0;0;0;0;0;0;0;0;0;0;0;14;0;99.0;99.0;0;0;0.00;0.00;0.00;0.0;0.0
210.143;216;0;99;0;0.0;19.700;1.340;25;26;0;0;100;0;100;0;0;0;0;88;88;0;0.000;0.000;0.000;0.000;0.000;0.000;0.0;0.0;0;14;0.000;0.000;11.3;0;0.0;0;0;0;0;0;99;0;0;4974;0.00;0;0;0;0;0;0;0;0;0;0;0;0;0;0;0;0;14;0;99.0;99.0;0;0;0.00;0.00;0.00;0.0;0.0
210.208;217;0;99;0;0.0;19.700;1.340;25;26;0;0;100;0;100;0;0;0;0;88;88;0;0.000;0.000;0.000;0.000;0.000;0.000;0.0;0.0;0;14;0.000;0.000;11.3;0;0.0;0;0;0;0;0;99;0;0;4970;0.00;0;0;0;0;0;0;0;0;0;0;0;0;0;0;0;0;14;0;99.0;99.0;0;0;0.00;0.00;0.00;0.0;0.0
210.278;217;0;99;0;0.0;19.700;1.340;25;26;0;0;100;0;100;0;0;0;0;88;88;0;0.000;0.000;0.000;0.000;0.000;0.000;0.0;0.0;0;14;0.000;0.000;11.3;0;0.0;0;0;0;0;0;99;0;0;4970;0.00;0;0;0;0;0;0;0;0;0;0;0;0;0;0;0;0;14;0;99.0;99.0;0;0;0.00;0.00;0.00;0.0;0.0
210.278;217;0;99;0;0.0;19.700;1.340;25;26;0;0;100;0;100;0;0;0;0;88;88;0;0.000;0.000;0.000;0.000;0.000;0.000;0.0;0.0;0;14;0.000;0.000;11.3;0;0.0;0;0;0;0;0;99;0;0;4970;0.00;0;0;0;0;0;0;0;0;0;0;0;0;0;0;0;0;14;0;99.0;99.0;0;0;0.00;0.00;0.00;0.0;0.0
210.409;217;0;99;0;0.0;19.700;1.340;25;26;0;0;100;0;100;0;0;0;0;88;88;0;0.000;0.000;0.000;0.000;0.000;0.000;0.0;0.0;0;14;0.000;0.000;11.3;0;0.0;0;0;0;0;0;99;0;0;4970;0.00;0;0;0;0;0;0;0;0;0;0;0;0;0;0;0;0;14;0;99.0;99.0;0;0;0.00;0.00;0.00;0.0;0.0
210.475;217;0;99;0;0.0;19.700;1.340;25;26;0;0;100;0;100;0;0;0;0;88;88;0;0.000;0.000;0.000;0.000;0.000;0.000;0.0;0.0;0;14;0.000;0.000;11.3;0;0.0;0;0;0;0;0;99;0;0;4970;0.00;0;0;0;0;0;0;0;0;0;0;0;0;0;0;0;0;14;0;99.0;99.0;0;0;0.00;0.00;0.00;0.0;0.0
210.544;217;0;99;0;0.0;19.700;1.340;25;26;0;0;100;0;100;0;0;0;0;88;88;0;0.000;0.000;0.000;0.000;0.000;0.000;0.0;0.0;0;14;0.000;0.000;11.3;0;0.0;0;0;0;0;0;99;0;0;4970;0.00;0;0;0;0;0;0;0;0;0;0;0;0;0;0;0;0;14;0;99.0;99.0;0;0;0.00;0.00;0.00;0.0;0.0
210.611;217;0;99;0;0.0;19.700;1.340;25;26;0;0;100;0;100;0;0;0;0;88;88;0;0.000;0.000;0.000;0.000;0.000;0.000;0.0;0.0;0;14;0.000;0.000;11.3;0;0.0;0;0;0;0;0;99;0;0;4970;0.00;0;0;0;0;0;0;0;0;0;0;0;0;0;0;0;0;14;0;99.0;99.0;0;0;0.00;0.00;0.00;0.0;0.0
210.679;217;0;99;0;0.0;19.700;1.340;25;26;0;0;100;0;100;0;0;0;0;88;88;0;0.000;0.000;0.000;0.000;0.000;0.000;0.0;0.0;0;14;0.000;0.000;11.3;0;0.0;0;0;0;0;0;99;0;0;4970;0.00;0;0;0;0;0;0;0;0;0;0;0;0;0;0;0;0;14;0;99.0;99.0;0;0;0.00;0.00;0.00;0.0;0.0
210.744;217;0;99;0;0.0;19.700;1.340;25;26;0;0;100;0;100;0;0;0;0;88;88;0;0.000;0.000;0.000;0.000;0.000;0.000;0.0;0.0;0;14;0.000;0.000;11.3;0;0.0;0;0;0;0;0;99;0;0;4970;0.00;0;0;0;0;0;0;0;0;0;0;0;0;0;0;0;0;14;0;99.0;99.0;0;0;0.00;0.00;0.00;0.0;0.0
210.810;217;0;99;0;0.0;19.700;1.340;25;26;0;0;100;0;100;0;0;0;0;88;88;0;0.000;0.000;0.000;0.000;0.000;0.000;0.0;0.0;0;14;0.000;0.000;11.3;0;0.0;0;0;0;0;0;99;0;0;4970;0.00;0;0;0;0;0;0;0;0;0;0;0;0;0;0;0;0;14;0;99.0;99.0;0;0;0.00;0.00;0.00;0.0;0.0
210.875;217;0;99;0;0.0;19.700;1.340;25;26;0;0;100;0;100;0;0;0;0;88;88;0;0.000;0.000;0.000;0.000;0.000;0.000;0.0;0.0;0;14;0.000;0.000;11.3;0;0.0;0;0;0;0;0;99;0;0;4970;0.00;0;0;0;0;0;0;0;0;0;0;0;0;0;0;0;0;14;0;99.0;99.0;0;0;0.00;0.00;0.00;0.0;0.0
210.945;217;0;99;0;0.0;19.700;1.340;25;26;0;0;100;0;100;0;0;0;0;88;88;0;0.000;0.000;0.000;0.000;0.000;0.000;0.0;0.0;0;14;0.000;0.000;11.3;0;0.0;0;0;0;0;0;99;0;0;4970;0.00;0;0;0;0;0;0;0;0;0;0;0;0;0;0;0;0;14;0;99.0;99.0;0;0;0.00;0.00;0.00;0.0;0.0
211.011;217;0;99;0;0.0;19.700;1.340;25;26;0;0;100;0;100;0;0;0;0;88;88;0;0.000;0.000;0.000;0.000;0.000;0.000;0.0;0.0;0;14;0.000;0.000;11.3;0;0.0;0;0;0;0;0;99;0;0;4970;0.00;0;0;0;0;0;0;0;0;0;0;0;0;0;0;0;0;14;0;99.0;99.0;0;0;0.00;0.00;0.00;0.0;0.0
211.077;217;0;98;0;0.0;19.700;1.340;25;26;0;0;100;0;100;0;0;0;0;88;88;0;0.000;0.000;0.000;0.000;0.000;0.000;0.0;0.0;0;15;0.000;0.000;11.3;0;-0.1;0;0;0;0;0;99;0;0;4970;0.00;0;0;0;0;0;0;0;0;0;0;0;0;0;0;0;0;15;0;98.0;98.0;0;0;0.00;0.00;0.00;0.0;0.0
211.146;217;0;99;0;0.0;19.700;1.340;25;26;0;0;100;0;100;0;0;0;0;88;88;0;0.000;0.000;0.000;0.000;0.000;0.000;0.0;0.0;0;14;0.000;0.000;11.3;0;0.0;0;0;0;0;0;99;0;0;4970;0.00;0;0;0;0;0;0;0;0;0;0;0;0;0;0;0;0;14;0;99.0;99.0;0;0;0.00;0.00;0.00;0.0;0.0
211.212;218;0;99;0;0.0;19.700;1.340;25;26;0;0;100;0;100;0;0;0;0;88;88;0;0.000;0.000;0.000;0.000;0.000;0.000;0.0;0.0;0;14;0.000;0.000;11.3;0;0.0;0;0;0;0;0;99;0;0;4977;0.00;0;0;0;0;0;0;0;0;0;0;0;0;0;0;0;0;14;0;99.0;99.0;0;0;0.00;0.00;0.00;0.0;0.0
211.281;218;0;99;0;0.0;19.700;1.340;25;26;0;0;100;0;100;0;0;0;0;88;88;0;0.000;0.000;0.000;0.000;0.000;0.000;0.0;0.0;0;14;0.000;0.000;11.3;0;0.0;0;0;0;0;0;99;0;0;4977;0.00;0;0;0;0;0;0;0;0;0;0;0;0;0;0;0;0;14;0;99.0;99.0;0;0;0.00;0.00;0.00;0.0;0.0
211.347;218;0;99;0;0.0;19.700;1.340;25;26;0;0;100;0;100;0;0;0;0;88;88;0;0.000;0.000;0.000;0.000;0.000;0.000;0.0;0.0;0;14;0.000;0.000;11.3;0;0.0;0;0;0;0;0;99;0;0;4977;0.00;0;0;0;0;0;0;0;0;0;0;0;0;0;0;0;0;14;0;99.0;99.0;0;0;0.00;0.00;0.00;0.0;0.0
211.413;218;0;99;0;0.0;19.700;1.340;25;26;0;0;100;0;100;0;0;0;0;88;88;0;0.000;0.000;0.000;0.000;0.000;0.000;0.0;0.0;0;14;0.000;0.000;11.3;0;0.0;0;0;0;0;0;99;0;0;4977;0.00;0;0;0;0;0;0;0;0;0;0;0;0;0;0;0;0;14;0;99.0;99.0;0;0;0.00;0.00;0.00;0.0;0.0
211.479;218;0;99;0;0.0;19.700;1.340;25;26;0;0;100;0;100;0;0;0;0;88;88;0;0.000;0.000;0.000;0.000;0.000;0.000;0.0;0.0;0;14;0.000;0.000;11.3;0;0.0;0;0;0;0;0;99;0;0;4977;0.00;0;0;0;0;0;0;0;0;0;0;0;0;0;0;0;0;14;0;99.0;99.0;0;0;0.00;0.00;0.00;0.0;0.0
211.543;218;0;99;0;0.0;19.700;1.340;25;26;0;0;100;0;100;0;0;0;0;88;88;0;0.000;0.000;0.000;0.000;0.000;0.000;0.0;0.0;0;14;0.000;0.000;11.3;0;0.0;0;0;0;0;0;99;0;0;4977;0.00;0;0;0;0;0;0;0;0;0;0;0;0;0;0;0;0;14;0;99.0;99.0;0;0;0.00;0.00;0.00;0.0;0.0
211.613;218;0;99;0;0.0;19.700;1.340;25;26;0;0;100;0;100;0;0;0;0;88;88;0;0.000;0.000;0.000;0.000;0.000;0.000;0.0;0.0;0;14;0.000;0.000;11.3;0;0.0;0;0;0;0;0;99;0;0;4977;0.00;0;0;0;0;0;0;0;0;0;0;0;0;0;0;0;0;14;0;99.0;99.0;0;0;0.00;0.00;0.00;0.0;0.0
211.678;218;0;99;0;0.0;19.700;1.340;25;26;0;0;100;0;100;0;0;0;0;88;88;0;0.000;0.000;0.000;0.000;0.000;0.000;0.0;0.0;0;14;0.000;0.000;11.3;0;0.0;0;0;0;0;0;99;0;0;4977;0.00;0;0;0;0;0;0;0;0;0;0;0;0;0;0;0;0;14;0;99.0;99.0;0;0;0.00;0.00;0.00;0.0;0.0
211.744;218;0;99;0;0.0;19.700;1.340;25;26;0;0;100;0;100;0;0;0;0;88;88;0;0.000;0.000;0.000;0.000;0.000;0.000;0.0;0.0;0;14;0.000;0.000;11.3;0;0.0;0;0;0;0;0;99;0;0;4977;0.00;0;0;0;0;0;0;0;0;0;0;0;0;0;0;0;0;14;0;99.0;99.0;0;0;0.00;0.00;0.00;0.0;0.0
211.809;218;0;99;0;0.0;19.700;1.340;25;26;0;0;100;0;100;0;0;0;0;88;88;0;0.000;0.000;0.000;0.000;0.000;0.000;0.0;0.0;0;14;0.000;0.000;11.3;0;0.0;0;0;0;0;0;99;0;0;4977;0.00;0;0;0;0;0;0;0;0;0;0;0;0;0;0;0;0;14;0;99.0;99.0;0;0;0.00;0.00;0.00;0.0;0.0
211.879;218;0;99;0;0.0;19.700;1.340;25;26;0;0;100;0;100;0;0;0;0;88;88;0;0.000;0.000;0.000;0.000;0.000;0.000;0.0;0.0;0;14;0.000;0.000;11.3;0;0.0;0;0;0;0;0;99;0;0;4977;0.00;0;0;0;0;0;0;0;0;0;0;0;0;0;0;0;0;14;0;99.0;99.0;0;0;0.00;0.00;0.00;0.0;0.0
211.946;218;0;99;0;0.0;19.700;1.340;25;26;0;0;100;0;100;0;0;0;0;88;88;0;0.000;0.000;0.000;0.000;0.000;0.000;0.0;0.0;0;14;0.000;0.000;11.3;0;0.0;0;0;0;0;0;99;0;0;4977;0.00;0;0;0;0;0;0;0;0;0;0;0;0;0;0;0;0;14;0;99.0;99.0;0;0;0.00;0.00;0.00;0.0;0.0
212.014;218;0;99;0;0.0;19.700;1.340;25;26;0;0;100;0;100;0;0;0;0;88;88;0;0.000;0.000;0.000;0.000;0.000;0.000;0.0;0.0;0;14;0.000;0.000;11.3;0;0.0;0;0;0;0;0;99;0;0;4977;0.00;0;0;0;0;0;0;0;0;0;0;0;0;0;0;0;0;14;0;99.0;99.0;0;0;0.00;0.00;0.00;0.0;0.0
212.080;218;0;99;0;0.0;19.700;1.340;25;26;0;0;100;0;100;0;0;0;0;88;88;0;0.000;0.000;0.000;0.000;0.000;0.000;0.0;0.0;0;14;0.000;0.000;11.3;0;0.0;0;0;0;0;0;99;0;0;4977;0.00;0;0;0;0;0;0;0;0;0;0;0;0;0;0;0;0;14;0;99.0;99.0;0;0;0.00;0.00;0.00;0.0;0.0
212.146;218;0;99;0;0.0;19.700;1.340;25;26;0;0;100;0;100;0;0;0;0;88;88;0;0.000;0.000;0.000;0.000;0.000;0.000;0.0;0.0;0;14;0.000;0.000;11.3;0;0.0;0;0;0;0;0;99;0;0;4977;0.00;0;0;0;0;0;0;0;0;0;0;0;0;0;0;0;0;14;0;99.0;99.0;0;0;0.00;0.00;0.00;0.0;0.0
212.211;219;0;99;0;0.0;19.700;1.340;25;26;0;0;100;0;100;0;0;0;0;88;88;0;0.000;0.000;0.000;0.000;0.000;0.000;0.0;0.0;0;14;0.000;0.000;11.3;0;0.0;0;0;0;0;0;99;0;0;4977;0.00;0;0;0;0;0;0;0;0;0;0;0;0;0;0;0;0;14;0;99.0;99.0;0;0;0.00;0.00;0.00;0.0;0.0
212.281;219;0;99;0;0.0;19.700;1.340;25;26;0;0;100;0;100;0;0;0;0;88;88;0;0.000;0.000;0.000;0.000;0.000;0.000;0.0;0.0;0;14;0.000;0.000;11.3;0;0.0;0;0;0;0;0;99;0;0;4977;0.00;0;0;0;0;0;0;0;0;0;0;0;0;0;0;0;0;14;0;99.0;99.0;0;0;0.00;0.00;0.00;0.0;0.0
212.346;219;0;99;0;0.0;19.700;1.340;25;26;0;0;100;0;100;0;0;0;0;88;88;0;0.000;0.000;0.000;0.000;0.000;0.000;0.0;0.0;0;14;0.000;0.000;11.3;0;0.0;0;0;0;0;0;99;0;0;4977;0.00;0;0;0;0;0;0;0;0;0;0;0;0;0;0;0;0;14;0;99.0;99.0;0;0;0.00;0.00;0.00;0.0;0.0
212.414;219;0;99;0;0.0;19.700;1.340;25;26;0;0;100;0;100;0;0;0;0;88;88;0;0.000;0.000;0.000;0.000;0.000;0.000;0.0;0.0;0;14;0.000;0.000;11.3;0;0.0;0;0;0;0;0;99;0;0;4977;0.00;0;0;0;0;0;0;0;0;0;0;0;0;0;0;0;0;14;0;99.0;99.0;0;0;0.00;0.00;0.00;0.0;0.0
212.481;219;0;99;0;0.0;19.700;1.340;25;26;0;0;100;0;100;0;0;0;0;88;88;0;0.000;0.000;0.000;0.000;0.000;0.000;0.0;0.0;0;14;0.000;0.000;11.3;0;0.0;0;0;0;0;0;99;0;0;4977;0.00;0;0;0;0;0;0;0;0;0;0;0;0;0;0;0;0;14;0;99.0;99.0;0;0;0.00;0.00;0.00;0.0;0.0
212.546;219;0;99;0;0.0;19.700;1.340;25;26;0;0;100;0;100;0;0;0;0;88;88;0;0.000;0.000;0.000;0.000;0.000;0.000;0.0;0.0;0;14;0.000;0.000;11.3;0;0.0;0;0;0;0;0;99;0;0;4977;0.00;0;0;0;0;0;0;0;0;0;0;0;0;0;0;0;0;14;0;99.0;99.0;0;0;0.00;0.00;0.00;0.0;0.0
212.613;219;0;99;0;0.0;19.700;1.340;25;26;0;0;100;0;100;0;0;0;0;88;88;0;0.000;0.000;0.000;0.000;0.000;0.000;0.0;0.0;0;14;0.000;0.000;11.3;0;0.0;0;0;0;0;0;99;0;0;4977;0.00;0;0;0;0;0;0;0;0;0;0;0;0;0;0;0;0;14;0;99.0;99.0;0;0;0.00;0.00;0.00;0.0;0.0
212.678;219;0;99;0;0.0;19.700;1.340;25;26;0;0;100;0;100;0;0;0;0;88;88;0;0.000;0.000;0.000;0.000;0.000;0.000;0.0;0.0;0;14;0.000;0.000;11.3;0;0.0;0;0;0;0;0;99;0;0;4977;0.00;0;0;0;0;0;0;0;0;0;0;0;0;0;0;0;0;14;0;99.0;99.0;0;0;0.00;0.00;0.00;0.0;0.0
212.744;219;0;99;0;0.0;19.700;1.340;25;26;0;0;100;0;100;0;0;0;0;88;88;0;0.000;0.000;0.000;0.000;0.000;0.000;0.0;0.0;0;14;0.000;0.000;11.3;0;0.0;0;0;0;0;0;99;0;0;4977;0.00;0;0;0;0;0;0;0;0;0;0;0;0;0;0;0;0;14;0;99.0;99.0;0;0;0.00;0.00;0.00;0.0;0.0
212.809;219;0;99;0;0.0;19.700;1.340;25;26;0;0;100;0;100;0;0;0;0;88;88;0;0.000;0.000;0.000;0.000;0.000;0.000;0.0;0.0;0;14;0.000;0.000;11.3;0;0.0;0;0;0;0;0;99;0;0;4977;0.00;0;0;0;0;0;0;0;0;0;0;0;0;0;0;0;0;14;0;99.0;99.0;0;0;0.00;0.00;0.00;0.0;0.0
212.879;219;0;99;0;0.0;19.700;1.340;25;26;0;0;100;0;100;0;0;0;0;88;88;0;0.000;0.000;0.000;0.000;0.000;0.000;0.0;0.0;0;14;0.000;0.000;11.3;0;0.0;0;0;0;0;0;99;0;0;4977;0.00;0;0;0;0;0;0;0;0;0;0;0;0;0;0;0;0;14;0;99.0;99.0;0;0;0.00;0.00;0.00;0.0;0.0
212.944;219;0;99;0;0.0;19.700;1.340;25;26;0;0;100;0;100;0;0;0;0;88;88;0;0.000;0.000;0.000;0.000;0.000;0.000;0.0;0.0;0;14;0.000;0.000;11.3;0;0.0;0;0;0;0;0;99;0;0;4977;0.00;0;0;0;0;0;0;0;0;0;0;0;0;0;0;0;0;14;0;99.0;99.0;0;0;0.00;0.00;0.00;0.0;0.0
213.010;219;0;99;0;0.0;19.700;1.340;25;26;0;0;100;0;100;0;0;0;0;88;88;0;0.000;0.000;0.000;0.000;0.000;0.000;0.0;0.0;0;14;0.000;0.000;11.3;0;0.0;0;0;0;0;0;99;0;0;4977;0.00;0;0;0;0;0;0;0;0;0;0;0;0;0;0;0;0;14;0;99.0;99.0;0;0;0.00;0.00;0.00;0.0;0.0
213.075;219;0;99;0;0.0;19.700;1.340;25;26;0;0;100;0;100;0;0;0;0;88;88;0;0.000;0.000;0.000;0.000;0.000;0.000;0.0;0.0;0;14;0.000;0.000;11.3;0;0.0;0;0;0;0;0;99;0;0;4977;0.00;0;0;0;0;0;0;0;0;0;0;0;0;0;0;0;0;14;0;99.0;99.0;0;0;0.00;0.00;0.00;0.0;0.0
213.146;219;0;99;0;0.0;19.700;1.340;25;26;0;0;100;0;100;0;0;0;0;88;88;0;0.000;0.000;0.000;0.000;0.000;0.000;0.0;0.0;0;14;0.000;0.000;11.3;0;0.0;0;0;0;0;0;99;0;0;4977;0.00;0;0;0;0;0;0;0;0;0;0;0;0;0;0;0;0;14;0;99.0;99.0;0;0;0.00;0.00;0.00;0.0;0.0
213.210;220;0;99;0;0.0;19.700;1.340;25;26;0;0;100;0;100;0;0;0;0;88;88;0;0.000;0.000;0.000;0.000;0.000;0.000;0.0;0.0;0;14;0.000;0.000;11.3;0;0.0;0;0;0;0;0;99;0;0;4977;0.00;0;0;0;0;0;0;0;0;0;0;0;0;0;0;0;0;14;0;99.0;99.0;0;0;0.00;0.00;0.00;0.0;0.0
213.275;220;0;99;0;0.0;19.700;1.340;25;26;0;0;100;0;100;0;0;0;0;88;88;0;0.000;0.000;0.000;0.000;0.000;0.000;0.0;0.0;0;14;0.000;0.000;11.3;0;0.0;0;0;0;0;0;99;0;0;4977;0.00;0;0;0;0;0;0;0;0;0;0;0;0;0;0;0;0;14;0;99.0;99.0;0;0;0.00;0.00;0.00;0.0;0.0
213.342;220;0;99;0;0.0;19.700;1.340;25;26;0;0;100;0;100;0;0;0;0;88;88;0;0.000;0.000;0.000;0.000;0.000;0.000;0.0;0.0;0;14;0.000;0.000;11.3;0;0.0;0;0;0;0;0;99;0;0;4977;0.00;0;0;0;0;0;0;0;0;0;0;0;0;0;0;0;0;14;0;99.0;99.0;0;0;0.00;0.00;0.00;0.0;0.0
213.411;220;0;99;0;0.0;19.700;1.340;25;26;0;0;100;0;100;0;0;0;0;88;88;0;0.000;0.000;0.000;0.000;0.000;0.000;0.0;0.0;0;14;0.000;0.000;11.3;0;0.0;0;0;0;0;0;99;0;0;4977;0.00;0;0;0;0;0;0;0;0;0;0;0;0;0;0;0;0;14;0;99.0;99.0;0;0;0.00;0.00;0.00;0.0;0.0
213.476;220;0;99;0;0.0;19.700;1.340;25;26;0;0;100;0;100;0;0;0;0;88;88;0;0.000;0.000;0.000;0.000;0.000;0.000;0.0;0.0;0;14;0.000;0.000;11.3;0;0.0;0;0;0;0;0;99;0;0;4977;0.00;0;0;0;0;0;0;0;0;0;0;0;0;0;0;0;0;14;0;99.0;99.0;0;0;0.00;0.00;0.00;0.0;0.0
213.547;220;0;99;0;0.0;19.700;1.340;25;26;0;0;100;0;100;0;0;0;0;88;88;0;0.000;0.000;0.000;0.000;0.000;0.000;0.0;0.0;0;14;0.000;0.000;11.3;0;0.0;0;0;0;0;0;99;0;0;4977;0.00;0;0;0;0;0;0;0;0;0;0;0;0;0;0;0;0;14;0;99.0;99.0;0;0;0.00;0.00;0.00;0.0;0.0
213.611;220;0;99;0;0.0;19.700;1.340;25;26;0;0;100;0;100;0;0;0;0;88;88;0;0.000;0.000;0.000;0.000;0.000;0.000;0.0;0.0;0;14;0.000;0.000;11.3;0;0.0;0;0;0;0;0;99;0;0;4977;0.00;0;0;0;0;0;0;0;0;0;0;0;0;0;0;0;0;14;0;99.0;99.0;0;0;0.00;0.00;0.00;0.0;0.0
213.677;220;0;99;0;0.0;19.700;1.340;25;26;0;0;100;0;100;0;0;0;0;88;88;0;0.000;0.000;0.000;0.000;0.000;0.000;0.0;0.0;0;14;0.000;0.000;11.3;0;0.0;0;0;0;0;0;99;0;0;4977;0.00;0;0;0;0;0;0;0;0;0;0;0;0;0;0;0;0;14;0;99.0;99.0;0;0;0.00;0.00;0.00;0.0;0.0
213.743;220;0;99;0;0.0;19.700;1.340;25;26;0;0;100;0;100;0;0;0;0;88;88;0;0.000;0.000;0.000;0.000;0.000;0.000;0.0;0.0;0;14;0.000;0.000;11.3;0;0.0;0;0;0;0;0;99;0;0;4977;0.00;0;0;0;0;0;0;0;0;0;0;0;0;0;0;0;0;14;0;99.0;99.0;0;0;0.00;0.00;0.00;0.0;0.0
213.812;220;0;99;0;0.0;19.700;1.340;25;26;0;0;100;0;100;0;0;0;0;88;88;0;0.000;0.000;0.000;0.000;0.000;0.000;0.0;0.0;0;14;0.000;0.000;11.3;0;0.0;0;0;0;0;0;99;0;0;4977;0.00;0;0;0;0;0;0;0;0;0;0;0;0;0;0;0;0;14;0;99.0;99.0;0;0;0.00;0.00;0.00;0.0;0.0
213.878;220;0;99;0;0.0;19.700;1.340;25;26;0;0;100;0;100;0;0;0;0;88;88;0;0.000;0.000;0.000;0.000;0.000;0.000;0.0;0.0;0;14;0.000;0.000;11.3;0;0.0;0;0;0;0;0;99;0;0;4977;0.00;0;0;0;0;0;0;0;0;0;0;0;0;0;0;0;0;14;0;99.0;99.0;0;0;0.00;0.00;0.00;0.0;0.0
213.944;220;0;99;0;0.0;19.700;1.340;25;26;0;0;100;0;100;0;0;0;0;88;88;0;0.000;0.000;0.000;0.000;0.000;0.000;0.0;0.0;0;14;0.000;0.000;11.3;0;0.0;0;0;0;0;0;99;0;0;4977;0.00;0;0;0;0;0;0;0;0;0;0;0;0;0;0;0;0;14;0;99.0;99.0;0;0;0.00;0.00;0.00;0.0;0.0
214.010;220;0;99;0;0.0;19.700;1.340;25;26;0;0;100;0;100;0;0;0;0;88;88;0;0.000;0.000;0.000;0.000;0.000;0.000;0.0;0.0;0;14;0.000;0.000;11.3;0;0.0;0;0;0;0;0;99;0;0;4977;0.00;0;0;0;0;0;0;0;0;0;0;0;0;0;0;0;0;14;0;99.0;99.0;0;0;0.00;0.00;0.00;0.0;0.0
214.079;220;0;99;0;0.0;19.700;1.340;25;26;0;0;100;0;100;0;0;0;0;88;88;0;0.000;0.000;0.000;0.000;0.000;0.000;0.0;0.0;0;14;0.000;0.000;11.3;0;0.0;0;0;0;0;0;99;0;0;4977;0.00;0;0;0;0;0;0;0;0;0;0;0;0;0;0;0;0;14;0;99.0;99.0;0;0;0.00;0.00;0.00;0.0;0.0
214.144;220;0;99;0;0.0;19.700;1.340;25;26;0;0;100;0;100;0;0;0;0;88;88;0;0.000;0.000;0.000;0.000;0.000;0.000;0.0;0.0;0;14;0.000;0.000;11.3;0;0.0;0;0;0;0;0;99;0;0;4977;0.00;0;0;0;0;0;0;0;0;0;0;0;0;0;0;0;0;14;0;99.0;99.0;0;0;0.00;0.00;0.00;0.0;0.0
214.210;220;0;99;0;0.0;19.700;1.340;25;26;0;0;100;0;100;0;0;0;0;88;88;0;0.000;0.000;0.000;0.000;0.000;0.000;0.0;0.0;0;14;0.000;0.000;11.3;0;0.0;0;0;0;0;0;99;0;0;4977;0.00;0;0;0;0;0;0;0;0;0;0;0;0;0;0;0;0;14;0;99.0;99.0;0;0;0.00;0.00;0.00;0.0;0.0
214.280;221;0;99;0;0.0;19.700;1.340;25;26;0;0;100;0;100;0;0;0;0;88;88;0;0.000;0.000;0.000;0.000;0.000;0.000;0.0;0.0;0;14;0.000;0.000;11.3;0;0.0;0;0;0;0;0;99;0;0;4966;0.00;0;0;0;0;0;0;0;0;0;0;0;0;0;0;0;0;14;0;99.0;99.0;0;0;0.00;0.00;0.00;0.0;0.0
214.344;221;0;99;0;0.0;19.700;1.340;25;26;0;0;100;0;100;0;0;0;0;88;88;0;0.000;0.000;0.000;0.000;0.000;0.000;0.0;0.0;0;14;0.000;0.000;11.3;0;0.0;0;0;0;0;0;99;0;0;4966;0.00;0;0;0;0;0;0;0;0;0;0;0;0;0;0;0;0;14;0;99.0;99.0;0;0;0.00;0.00;0.00;0.0;0.0
214.410;221;0;99;0;0.0;19.700;1.340;25;26;0;0;100;0;100;0;0;0;0;88;88;0;0.000;0.000;0.000;0.000;0.000;0.000;0.0;0.0;0;14;0.000;0.000;11.3;0;0.0;0;0;0;0;0;99;0;0;4966;0.00;0;0;0;0;0;0;0;0;0;0;0;0;0;0;0;0;14;0;99.0;99.0;0;0;0.00;0.00;0.00;0.0;0.0
214.476;221;0;99;0;0.0;19.700;1.340;25;26;0;0;100;0;100;0;0;0;0;88;88;0;0.000;0.000;0.000;0.000;0.000;0.000;0.0;0.0;0;14;0.000;0.000;11.3;0;0.0;0;0;0;0;0;99;0;0;4966;0.00;0;0;0;0;0;0;0;0;0;0;0;0;0;0;0;0;14;0;99.0;99.0;0;0;0.00;0.00;0.00;0.0;0.0
214.546;221;0;99;0;0.0;19.700;1.340;25;26;0;0;100;0;100;0;0;0;0;88;88;0;0.000;0.000;0.000;0.000;0.000;0.000;0.0;0.0;0;14;0.000;0.000;11.3;0;0.0;0;0;0;0;0;99;0;0;4966;0.00;0;0;0;0;0;0;0;0;0;0;0;0;0;0;0;0;14;0;99.0;99.0;0;0;0.00;0.00;0.00;0.0;0.0
214.611;221;0;99;0;0.0;19.700;1.340;25;26;0;0;100;0;100;0;0;0;0;88;88;0;0.000;0.000;0.000;0.000;0.000;0.000;0.0;0.0;0;14;0.000;0.000;11.3;0;0.0;0;0;0;0;0;99;0;0;4966;0.00;0;0;0;0;0;0;0;0;0;0;0;0;0;0;0;0;14;0;99.0;99.0;0;0;0.00;0.00;0.00;0.0;0.0
214.677;221;0;99;0;0.0;19.700;1.340;25;26;0;0;100;0;100;0;0;0;0;88;88;0;0.000;0.000;0.000;0.000;0.000;0.000;0.0;0.0;0;14;0.000;0.000;11.3;0;0.0;0;0;0;0;0;99;0;0;4966;0.00;0;0;0;0;0;0;0;0;0;0;0;0;0;0;0;0;14;0;99.0;99.0;0;0;0.00;0.00;0.00;0.0;0.0
214.746;221;0;99;0;0.0;19.700;1.340;25;26;0;0;100;0;100;0;0;0;0;88;88;0;0.000;0.000;0.000;0.000;0.000;0.000;0.0;0.0;0;14;0.000;0.000;11.3;0;0.0;0;0;0;0;0;99;0;0;4966;0.00;0;0;0;0;0;0;0;0;0;0;0;0;0;0;0;0;14;0;99.0;99.0;0;0;0.00;0.00;0.00;0.0;0.0
214.812;221;0;99;0;0.0;19.700;1.340;25;26;0;0;100;0;100;0;0;0;0;88;88;0;0.000;0.000;0.000;0.000;0.000;0.000;0.0;0.0;0;14;0.000;0.000;11.3;0;0.0;0;0;0;0;0;99;0;0;4966;0.00;0;0;0;0;0;0;0;0;0;0;0;0;0;0;0;0;14;0;99.0;99.0;0;0;0.00;0.00;0.00;0.0;0.0
214.878;221;0;99;0;0.0;19.700;1.340;25;26;0;0;100;0;100;0;0;0;0;88;88;0;0.000;0.000;0.000;0.000;0.000;0.000;0.0;0.0;0;14;0.000;0.000;11.3;0;0.0;0;0;0;0;0;99;0;0;4966;0.00;0;0;0;0;0;0;0;0;0;0;0;0;0;0;0;0;14;0;99.0;99.0;0;0;0.00;0.00;0.00;0.0;0.0
214.946;221;0;99;0;0.0;19.700;1.340;25;26;0;0;100;0;100;0;0;0;0;88;88;0;0.000;0.000;0.000;0.000;0.000;0.000;0.0;0.0;0;14;0.000;0.000;11.3;0;0.0;0;0;0;0;0;99;0;0;4966;0.00;0;0;0;0;0;0;0;0;0;0;0;0;0;0;0;0;14;0;99.0;99.0;0;0;0.00;0.00;0.00;0.0;0.0
215.013;221;0;99;0;0.0;19.700;1.340;25;26;0;0;100;0;100;0;0;0;0;88;88;0;0.000;0.000;0.000;0.000;0.000;0.000;0.0;0.0;0;14;0.000;0.000;11.3;0;0.0;0;0;0;0;0;99;0;0;4966;0.00;0;0;0;0;0;0;0;0;0;0;0;0;0;0;0;0;14;0;99.0;99.0;0;0;0.00;0.00;0.00;0.0;0.0
215.078;221;0;99;0;0.0;19.700;1.340;25;26;0;0;100;0;100;0;0;0;0;88;88;0;0.000;0.000;0.000;0.000;0.000;0.000;0.0;0.0;0;14;0.000;0.000;11.3;0;0.0;0;0;0;0;0;99;0;0;4966;0.00;0;0;0;0;0;0;0;0;0;0;0;0;0;0;0;0;14;0;99.0;99.0;0;0;0.00;0.00;0.00;0.0;0.0
215.148;221;0;99;0;0.0;19.700;1.340;25;26;0;0;100;0;100;0;0;0;0;88;88;0;0.000;0.000;0.000;0.000;0.000;0.000;0.0;0.0;0;14;0.000;0.000;11.3;0;0.0;0;0;0;0;0;99;0;0;4966;0.00;0;0;0;0;0;0;0;0;0;0;0;0;0;0;0;0;14;0;99.0;99.0;0;0;0.00;0.00;0.00;0.0;0.0
215.213;221;0;98;0;0.0;19.700;1.340;25;26;0;0;100;0;100;0;0;0;0;88;88;0;0.000;0.000;0.000;0.000;0.000;0.000;0.0;0.0;0;15;0.000;0.000;11.3;0;-0.1;0;0;0;0;0;99;0;0;4966;0.00;0;0;0;0;0;0;0;0;0;0;0;0;0;0;0;0;15;0;98.0;98.0;0;0;0.00;0.00;0.00;0.0;0.0
215.280;222;0;99;0;0.0;19.700;1.340;25;26;0;0;100;0;100;0;0;0;0;88;88;0;0.000;0.000;0.000;0.000;0.000;0.000;0.0;0.0;0;14;0.000;0.000;11.3;0;0.0;0;0;0;0;0;99;0;0;4977;0.00;0;0;0;0;0;0;0;0;0;0;0;0;0;0;0;0;14;0;99.0;99.0;0;0;0.00;0.00;0.00;0.0;0.0
215.344;222;0;99;0;0.0;19.700;1.340;25;26;0;0;100;0;100;0;0;0;0;88;88;0;0.000;0.000;0.000;0.000;0.000;0.000;0.0;0.0;0;14;0.000;0.000;11.3;0;0.0;0;0;0;0;0;99;0;0;4977;0.00;0;0;0;0;0;0;0;0;0;0;0;0;0;0;0;0;14;0;99.0;99.0;0;0;0.00;0.00;0.00;0.0;0.0
215.410;222;0;99;0;0.0;19.700;1.340;25;26;0;0;100;0;100;0;0;0;0;88;88;0;0.000;0.000;0.000;0.000;0.000;0.000;0.0;0.0;0;14;0.000;0.000;11.3;0;0.0;0;0;0;0;0;99;0;0;4977;0.00;0;0;0;0;0;0;0;0;0;0;0;0;0;0;0;0;14;0;99.0;99.0;0;0;0.00;0.00;0.00;0.0;0.0
215.476;222;0;99;0;0.0;19.700;1.340;25;26;0;0;100;0;100;0;0;0;0;88;88;0;0.000;0.000;0.000;0.000;0.000;0.000;0.0;0.0;0;14;0.000;0.000;11.3;0;0.0;0;0;0;0;0;99;0;0;4977;0.00;0;0;0;0;0;0;0;0;0;0;0;0;0;0;0;0;14;0;99.0;99.0;0;0;0.00;0.00;0.00;0.0;0.0
215.545;222;0;99;0;0.0;19.700;1.340;25;26;0;0;100;0;100;0;0;0;0;88;88;0;0.000;0.000;0.000;0.000;0.000;0.000;0.0;0.0;0;14;0.000;0.000;11.3;0;0.0;0;0;0;0;0;99;0;0;4977;0.00;0;0;0;0;0;0;0;0;0;0;0;0;0;0;0;0;14;0;99.0;99.0;0;0;0.00;0.00;0.00;0.0;0.0
215.610;222;0;99;0;0.0;19.700;1.340;25;26;0;0;100;0;100;0;0;0;0;88;88;0;0.000;0.000;0.000;0.000;0.000;0.000;0.0;0.0;0;14;0.000;0.000;11.3;0;0.0;0;0;0;0;0;99;0;0;4977;0.00;0;0;0;0;0;0;0;0;0;0;0;0;0;0;0;0;14;0;99.0;99.0;0;0;0.00;0.00;0.00;0.0;0.0
215.676;222;0;99;0;0.0;19.700;1.340;25;26;0;0;100;0;100;0;0;0;0;88;88;0;0.000;0.000;0.000;0.000;0.000;0.000;0.0;0.0;0;14;0.000;0.000;11.3;0;0.0;0;0;0;0;0;99;0;0;4977;0.00;0;0;0;0;0;0;0;0;0;0;0;0;0;0;0;0;14;0;99.0;99.0;0;0;0.00;0.00;0.00;0.0;0.0
215.746;222;0;99;0;0.0;19.700;1.340;25;26;0;0;100;0;100;0;0;0;0;88;88;0;0.000;0.000;0.000;0.000;0.000;0.000;0.0;0.0;0;14;0.000;0.000;11.3;0;0.0;0;0;0;0;0;99;0;0;4977;0.00;0;0;0;0;0;0;0;0;0;0;0;0;0;0;0;0;14;0;99.0;99.0;0;0;0.00;0.00;0.00;0.0;0.0
215.812;222;0;99;0;0.0;19.700;1.340;25;26;0;0;100;0;100;0;0;0;0;88;88;0;0.000;0.000;0.000;0.000;0.000;0.000;0.0;0.0;0;14;0.000;0.000;11.3;0;0.0;0;0;0;0;0;99;0;0;4977;0.00;0;0;0;0;0;0;0;0;0;0;0;0;0;0;0;0;14;0;99.0;99.0;0;0;0.00;0.00;0.00;0.0;0.0
215.876;222;0;99;0;0.0;19.700;1.340;25;26;0;0;100;0;100;0;0;0;0;88;88;0;0.000;0.000;0.000;0.000;0.000;0.000;0.0;0.0;0;14;0.000;0.000;11.3;0;0.0;0;0;0;0;0;99;0;0;4977;0.00;0;0;0;0;0;0;0;0;0;0;0;0;0;0;0;0;14;0;99.0;99.0;0;0;0.00;0.00;0.00;0.0;0.0
215.943;222;0;99;0;0.0;19.700;1.340;25;26;0;0;100;0;100;0;0;0;0;88;88;0;0.000;0.000;0.000;0.000;0.000;0.000;0.0;0.0;0;14;0.000;0.000;11.3;0;0.0;0;0;0;0;0;99;0;0;4977;0.00;0;0;0;0;0;0;0;0;0;0;0;0;0;0;0;0;14;0;99.0;99.0;0;0;0.00;0.00;0.00;0.0;0.0
216.011;222;0;99;0;0.0;19.700;1.340;25;26;0;0;100;0;100;0;0;0;0;88;88;0;0.000;0.000;0.000;0.000;0.000;0.000;0.0;0.0;0;14;0.000;0.000;11.3;0;0.0;0;0;0;0;0;99;0;0;4977;0.00;0;0;0;0;0;0;0;0;0;0;0;0;0;0;0;0;14;0;99.0;99.0;0;0;0.00;0.00;0.00;0.0;0.0
216.079;222;0;99;0;0.0;19.700;1.340;25;26;0;0;100;0;100;0;0;0;0;88;88;0;0.000;0.000;0.000;0.000;0.000;0.000;0.0;0.0;0;14;0.000;0.000;11.3;0;0.0;0;0;0;0;0;99;0;0;4977;0.00;0;0;0;0;0;0;0;0;0;0;0;0;0;0;0;0;14;0;99.0;99.0;0;0;0.00;0.00;0.00;0.0;0.0
216.146;222;0;99;0;0.0;19.700;1.340;25;26;0;0;100;0;100;0;0;0;0;88;88;0;0.000;0.000;0.000;0.000;0.000;0.000;0.0;0.0;0;14;0.000;0.000;11.3;0;0.0;0;0;0;0;0;99;0;0;4977;0.00;0;0;0;0;0;0;0;0;0;0;0;0;0;0;0;0;14;0;99.0;99.0;0;0;0.00;0.00;0.00;0.0;0.0
216.212;222;0;99;0;0.0;19.700;1.340;25;26;0;0;100;0;100;0;0;0;0;88;88;0;0.000;0.000;0.000;0.000;0.000;0.000;0.0;0.0;0;14;0.000;0.000;11.3;0;0.0;0;0;0;0;0;99;0;0;4977;0.00;0;0;0;0;0;0;0;0;0;0;0;0;0;0;0;0;14;0;99.0;99.0;0;0;0.00;0.00;0.00;0.0;0.0
216.278;223;0;99;0;0.0;19.700;1.340;25;26;0;0;100;0;100;0;0;0;0;88;88;0;0.000;0.000;0.000;0.000;0.000;0.000;0.0;0.0;0;14;0.000;0.000;11.3;0;0.0;0;0;0;0;0;99;0;0;4979;0.00;0;0;0;0;0;0;0;0;0;0;0;0;0;0;0;0;14;0;99.0;99.0;0;0;0.00;0.00;0.00;0.0;0.0
216.344;223;0;99;0;0.0;19.700;1.340;25;26;0;0;100;0;100;0;0;0;0;88;88;0;0.000;0.000;0.000;0.000;0.000;0.000;0.0;0.0;0;14;0.000;0.000;11.3;0;0.0;0;0;0;0;0;99;0;0;4979;0.00;0;0;0;0;0;0;0;0;0;0;0;0;0;0;0;0;14;0;99.0;99.0;0;0;0.00;0.00;0.00;0.0;0.0
216.413;223;0;99;0;0.0;19.700;1.340;25;26;0;0;100;0;100;0;0;0;0;88;88;0;0.000;0.000;0.000;0.000;0.000;0.000;0.0;0.0;0;14;0.000;0.000;11.3;0;0.0;0;0;0;0;0;99;0;0;4979;0.00;0;0;0;0;0;0;0;0;0;0;0;0;0;0;0;0;14;0;99.0;99.0;0;0;0.00;0.00;0.00;0.0;0.0
216.479;223;0;99;0;0.0;19.700;1.340;25;26;0;0;100;0;100;0;0;0;0;88;88;0;0.000;0.000;0.000;0.000;0.000;0.000;0.0;0.0;0;14;0.000;0.000;11.3;0;0.0;0;0;0;0;0;99;0;0;4979;0.00;0;0;0;0;0;0;0;0;0;0;0;0;0;0;0;0;14;0;99.0;99.0;0;0;0.00;0.00;0.00;0.0;0.0
216.545;223;0;99;0;0.0;19.700;1.340;25;26;0;0;100;0;100;0;0;0;0;88;88;0;0.000;0.000;0.000;0.000;0.000;0.000;0.0;0.0;0;14;0.000;0.000;11.3;0;0.0;0;0;0;0;0;99;0;0;4979;0.00;0;0;0;0;0;0;0;0;0;0;0;0;0;0;0;0;14;0;99.0;99.0;0;0;0.00;0.00;0.00;0.0;0.0
216.611;223;0;99;0;0.0;19.700;1.340;25;26;0;0;100;0;100;0;0;0;0;88;88;0;0.000;0.000;0.000;0.000;0.000;0.000;0.0;0.0;0;14;0.000;0.000;11.3;0;0.0;0;0;0;0;0;99;0;0;4979;0.00;0;0;0;0;0;0;0;0;0;0;0;0;0;0;0;0;14;0;99.0;99.0;0;0;0.00;0.00;0.00;0.0;0.0
216.676;223;0;99;0;0.0;19.700;1.340;25;26;0;0;100;0;100;0;0;0;0;88;88;0;0.000;0.000;0.000;0.000;0.000;0.000;0.0;0.0;0;14;0.000;0.000;11.3;0;0.0;0;0;0;0;0;99;0;0;4979;0.00;0;0;0;0;0;0;0;0;0;0;0;0;0;0;0;0;14;0;99.0;99.0;0;0;0.00;0.00;0.00;0.0;0.0
216.745;223;0;99;0;0.0;19.700;1.340;25;26;0;0;100;0;100;0;0;0;0;88;88;0;0.000;0.000;0.000;0.000;0.000;0.000;0.0;0.0;0;14;0.000;0.000;11.3;0;0.0;0;0;0;0;0;99;0;0;4979;0.00;0;0;0;0;0;0;0;0;0;0;0;0;0;0;0;0;14;0;99.0;99.0;0;0;0.00;0.00;0.00;0.0;0.0
216.810;223;0;99;0;0.0;19.700;1.340;25;26;0;0;100;0;100;0;0;0;0;88;88;0;0.000;0.000;0.000;0.000;0.000;0.000;0.0;0.0;0;14;0.000;0.000;11.3;0;0.0;0;0;0;0;0;99;0;0;4979;0.00;0;0;0;0;0;0;0;0;0;0;0;0;0;0;0;0;14;0;99.0;99.0;0;0;0.00;0.00;0.00;0.0;0.0
216.876;223;0;99;0;0.0;19.700;1.340;25;26;0;0;100;0;100;0;0;0;0;88;88;0;0.000;0.000;0.000;0.000;0.000;0.000;0.0;0.0;0;14;0.000;0.000;11.3;0;0.0;0;0;0;0;0;99;0;0;4979;0.00;0;0;0;0;0;0;0;0;0;0;0;0;0;0;0;0;14;0;99.0;99.0;0;0;0.00;0.00;0.00;0.0;0.0
216.946;223;0;99;0;0.0;19.700;1.340;25;26;0;0;100;0;100;0;0;0;0;88;88;0;0.000;0.000;0.000;0.000;0.000;0.000;0.0;0.0;0;14;0.000;0.000;11.3;0;0.0;0;0;0;0;0;99;0;0;4979;0.00;0;0;0;0;0;0;0;0;0;0;0;0;0;0;0;0;14;0;99.0;99.0;0;0;0.00;0.00;0.00;0.0;0.0
217.011;223;0;99;0;0.0;19.700;1.340;25;26;0;0;100;0;100;0;0;0;0;88;88;0;0.000;0.000;0.000;0.000;0.000;0.000;0.0;0.0;0;14;0.000;0.000;11.3;0;0.0;0;0;0;0;0;99;0;0;4979;0.00;0;0;0;0;0;0;0;0;0;0;0;0;0;0;0;0;14;0;99.0;99.0;0;0;0.00;0.00;0.00;0.0;0.0
217.082;223;0;99;0;0.0;19.700;1.340;25;26;0;0;100;0;100;0;0;0;0;88;88;0;0.000;0.000;0.000;0.000;0.000;0.000;0.0;0.0;0;14;0.000;0.000;11.3;0;0.0;0;0;0;0;0;99;0;0;4979;0.00;0;0;0;0;0;0;0;0;0;0;0;0;0;0;0;0;14;0;99.0;99.0;0;0;0.00;0.00;0.00;0.0;0.0
217.146;223;0;99;0;0.0;19.700;1.340;25;26;0;0;100;0;100;0;0;0;0;88;88;0;0.000;0.000;0.000;0.000;0.000;0.000;0.0;0.0;0;14;0.000;0.000;11.3;0;0.0;0;0;0;0;0;99;0;0;4979;0.00;0;0;0;0;0;0;0;0;0;0;0;0;0;0;0;0;14;0;99.0;99.0;0;0;0.00;0.00;0.00;0.0;0.0
217.212;223;0;99;0;0.0;19.700;1.340;25;26;0;0;100;0;100;0;0;0;0;88;88;0;0.000;0.000;0.000;0.000;0.000;0.000;0.0;0.0;0;14;0.000;0.000;11.3;0;0.0;0;0;0;0;0;99;0;0;4979;0.00;0;0;0;0;0;0;0;0;0;0;0;0;0;0;0;0;14;0;99.0;99.0;0;0;0.00;0.00;0.00;0.0;0.0
217.278;224;0;99;0;0.0;19.700;1.340;25;26;0;0;100;0;100;0;0;0;0;88;88;0;0.000;0.000;0.000;0.000;0.000;0.000;0.0;0.0;0;14;0.000;0.000;11.3;0;0.0;0;0;0;0;0;99;0;0;4982;0.00;0;0;0;0;0;0;0;0;0;0;0;0;0;0;0;0;14;0;99.0;99.0;0;0;0.00;0.00;0.00;0.0;0.0
217.342;224;0;99;0;0.0;19.700;1.340;25;26;0;0;100;0;100;0;0;0;0;88;88;0;0.000;0.000;0.000;0.000;0.000;0.000;0.0;0.0;0;14;0.000;0.000;11.3;0;0.0;0;0;0;0;0;99;0;0;4982;0.00;0;0;0;0;0;0;0;0;0;0;0;0;0;0;0;0;14;0;99.0;99.0;0;0;0.00;0.00;0.00;0.0;0.0
217.408;224;0;99;0;0.0;19.700;1.340;25;26;0;0;100;0;100;0;0;0;0;88;88;0;0.000;0.000;0.000;0.000;0.000;0.000;0.0;0.0;0;14;0.000;0.000;11.3;0;0.0;0;0;0;0;0;99;0;0;4982;0.00;0;0;0;0;0;0;0;0;0;0;0;0;0;0;0;0;14;0;99.0;99.0;0;0;0.00;0.00;0.00;0.0;0.0
217.478;224;0;99;0;0.0;19.700;1.340;25;26;0;0;100;0;100;0;0;0;0;88;88;0;0.000;0.000;0.000;0.000;0.000;0.000;0.0;0.0;0;14;0.000;0.000;11.3;0;0.0;0;0;0;0;0;99;0;0;4982;0.00;0;0;0;0;0;0;0;0;0;0;0;0;0;0;0;0;14;0;99.0;99.0;0;0;0.00;0.00;0.00;0.0;0.0
217.544;224;0;99;0;0.0;19.700;1.340;25;26;0;0;100;0;100;0;0;0;0;88;88;0;0.000;0.000;0.000;0.000;0.000;0.000;0.0;0.0;0;14;0.000;0.000;11.3;0;0.0;0;0;0;0;0;99;0;0;4982;0.00;0;0;0;0;0;0;0;0;0;0;0;0;0;0;0;0;14;0;99.0;99.0;0;0;0.00;0.00;0.00;0.0;0.0
217.609;224;0;99;0;0.0;19.700;1.340;25;26;0;0;100;0;100;0;0;0;0;88;88;0;0.000;0.000;0.000;0.000;0.000;0.000;0.0;0.0;0;14;0.000;0.000;11.3;0;0.0;0;0;0;0;0;99;0;0;4982;0.00;0;0;0;0;0;0;0;0;0;0;0;0;0;0;0;0;14;0;99.0;99.0;0;0;0.00;0.00;0.00;0.0;0.0
217.679;224;0;99;0;0.0;19.700;1.340;25;26;0;0;100;0;100;0;0;0;0;88;88;0;0.000;0.000;0.000;0.000;0.000;0.000;0.0;0.0;0;14;0.000;0.000;11.3;0;0.0;0;0;0;0;0;99;0;0;4982;0.00;0;0;0;0;0;0;0;0;0;0;0;0;0;0;0;0;14;0;99.0;99.0;0;0;0.00;0.00;0.00;0.0;0.0
217.745;224;0;99;0;0.0;19.700;1.340;25;26;0;0;100;0;100;0;0;0;0;88;88;0;0.000;0.000;0.000;0.000;0.000;0.000;0.0;0.0;0;14;0.000;0.000;11.3;0;0.0;0;0;0;0;0;99;0;0;4982;0.00;0;0;0;0;0;0;0;0;0;0;0;0;0;0;0;0;14;0;99.0;99.0;0;0;0.00;0.00;0.00;0.0;0.0
217.814;224;0;99;0;0.0;19.700;1.340;25;26;0;0;100;0;100;0;0;0;0;88;88;0;0.000;0.000;0.000;0.000;0.000;0.000;0.0;0.0;0;14;0.000;0.000;11.3;0;0.0;0;0;0;0;0;99;0;0;4982;0.00;0;0;0;0;0;0;0;0;0;0;0;0;0;0;0;0;14;0;99.0;99.0;0;0;0.00;0.00;0.00;0.0;0.0
217.880;224;0;99;0;0.0;19.700;1.340;25;26;0;0;100;0;100;0;0;0;0;88;88;0;0.000;0.000;0.000;0.000;0.000;0.000;0.0;0.0;0;14;0.000;0.000;11.3;0;0.0;0;0;0;0;0;99;0;0;4982;0.00;0;0;0;0;0;0;0;0;0;0;0;0;0;0;0;0;14;0;99.0;99.0;0;0;0.00;0.00;0.00;0.0;0.0
217.945;224;0;99;0;0.0;19.700;1.340;25;26;0;0;100;0;100;0;0;0;0;88;88;0;0.000;0.000;0.000;0.000;0.000;0.000;0.0;0.0;0;14;0.000;0.000;11.3;0;0.0;0;0;0;0;0;99;0;0;4982;0.00;0;0;0;0;0;0;0;0;0;0;0;0;0;0;0;0;14;0;99.0;99.0;0;0;0.00;0.00;0.00;0.0;0.0
218.011;224;0;99;0;0.0;19.700;1.340;25;26;0;0;100;0;100;0;0;0;0;88;88;0;0.000;0.000;0.000;0.000;0.000;0.000;0.0;0.0;0;14;0.000;0.000;11.3;0;0.0;0;0;0;0;0;99;0;0;4982;0.00;0;0;0;0;0;0;0;0;0;0;0;0;0;0;0;0;14;0;99.0;99.0;0;0;0.00;0.00;0.00;0.0;0.0
218.077;224;0;99;0;0.0;19.700;1.340;25;26;0;0;100;0;100;0;0;0;0;88;88;0;0.000;0.000;0.000;0.000;0.000;0.000;0.0;0.0;0;14;0.000;0.000;11.3;0;0.0;0;0;0;0;0;99;0;0;4982;0.00;0;0;0;0;0;0;0;0;0;0;0;0;0;0;0;0;14;0;99.0;99.0;0;0;0.00;0.00;0.00;0.0;0.0
218.145;224;0;99;0;0.0;19.700;1.340;25;26;0;0;100;0;100;0;0;0;0;88;88;0;0.000;0.000;0.000;0.000;0.000;0.000;0.0;0.0;0;14;0.000;0.000;11.3;0;0.0;0;0;0;0;0;99;0;0;4982;0.00;0;0;0;0;0;0;0;0;0;0;0;0;0;0;0;0;14;0;99.0;99.0;0;0;0.00;0.00;0.00;0.0;0.0
218.210;224;0;99;0;0.0;19.700;1.340;25;26;0;0;100;0;100;0;0;0;0;88;88;0;0.000;0.000;0.000;0.000;0.000;0.000;0.0;0.0;0;14;0.000;0.000;11.3;0;0.0;0;0;0;0;0;99;0;0;4982;0.00;0;0;0;0;0;0;0;0;0;0;0;0;0;0;0;0;14;0;99.0;99.0;0;0;0.00;0.00;0.00;0.0;0.0
218.276;224;0;99;0;0.0;19.700;1.340;25;26;0;0;100;0;100;0;0;0;0;88;88;0;0.000;0.000;0.000;0.000;0.000;0.000;0.0;0.0;0;14;0.000;0.000;11.3;0;0.0;0;0;0;0;0;99;0;0;4982;0.00;0;0;0;0;0;0;0;0;0;0;0;0;0;0;0;0;14;0;99.0;99.0;0;0;0.00;0.00;0.00;0.0;0.0
218.346;225;0;99;0;0.0;19.700;1.340;25;26;0;0;100;0;100;0;0;0;0;88;88;0;0.000;0.000;0.000;0.000;0.000;0.000;0.0;0.0;0;14;0.000;0.000;11.3;0;0.0;0;0;0;0;0;99;0;0;4962;0.00;0;0;0;0;0;0;0;0;0;0;0;0;0;0;0;0;14;0;99.0;99.0;0;0;0.00;0.00;0.00;0.0;0.0
218.412;225;0;99;0;0.0;19.700;1.340;25;26;0;0;100;0;100;0;0;0;0;88;88;0;0.000;0.000;0.000;0.000;0.000;0.000;0.0;0.0;0;14;0.000;0.000;11.3;0;0.0;0;0;0;0;0;99;0;0;4962;0.00;0;0;0;0;0;0;0;0;0;0;0;0;0;0;0;0;14;0;99.0;99.0;0;0;0.00;0.00;0.00;0.0;0.0
218.477;225;0;98;0;0.0;19.700;1.340;25;26;0;0;100;0;100;0;0;0;0;88;88;0;0.000;0.000;0.000;0.000;0.000;0.000;0.0;0.0;0;15;0.000;0.000;11.3;0;-0.1;0;0;0;0;0;99;0;0;4962;0.00;0;0;0;0;0;0;0;0;0;0;0;0;0;0;0;0;15;0;98.0;98.0;0;0;0.00;0.00;0.00;0.0;0.0
218.544;225;0;99;0;0.0;19.700;1.340;25;26;0;0;100;0;100;0;0;0;0;88;88;0;0.000;0.000;0.000;0.000;0.000;0.000;0.0;0.0;0;14;0.000;0.000;11.3;0;0.0;0;0;0;0;0;99;0;0;4962;0.00;0;0;0;0;0;0;0;0;0;0;0;0;0;0;0;0;14;0;99.0;99.0;0;0;0.00;0.00;0.00;0.0;0.0
218.608;225;0;99;0;0.0;19.700;1.340;25;26;0;0;100;0;100;0;0;0;0;88;88;0;0.000;0.000;0.000;0.000;0.000;0.000;0.0;0.0;0;14;0.000;0.000;11.3;0;0.0;0;0;0;0;0;99;0;0;4962;0.00;0;0;0;0;0;0;0;0;0;0;0;0;0;0;0;0;14;0;99.0;99.0;0;0;0.00;0.00;0.00;0.0;0.0
218.678;225;0;99;0;0.0;19.700;1.340;25;26;0;0;100;0;100;0;0;0;0;88;88;0;0.000;0.000;0.000;0.000;0.000;0.000;0.0;0.0;0;14;0.000;0.000;11.3;0;0.0;0;0;0;0;0;99;0;0;4962;0.00;0;0;0;0;0;0;0;0;0;0;0;0;0;0;0;0;14;0;99.0;99.0;0;0;0.00;0.00;0.00;0.0;0.0
218.744;225;0;99;0;0.0;19.700;1.340;25;26;0;0;100;0;100;0;0;0;0;88;88;0;0.000;0.000;0.000;0.000;0.000;0.000;0.0;0.0;0;14;0.000;0.000;11.3;0;0.0;0;0;0;0;0;99;0;0;4962;0.00;0;0;0;0;0;0;0;0;0;0;0;0;0;0;0;0;14;0;99.0;99.0;0;0;0.00;0.00;0.00;0.0;0.0
218.810;225;0;99;0;0.0;19.700;1.340;25;26;0;0;100;0;100;0;0;0;0;88;88;0;0.000;0.000;0.000;0.000;0.000;0.000;0.0;0.0;0;14;0.000;0.000;11.3;0;0.0;0;0;0;0;0;99;0;0;4962;0.00;0;0;0;0;0;0;0;0;0;0;0;0;0;0;0;0;14;0;99.0;99.0;0;0;0.00;0.00;0.00;0.0;0.0
218.879;225;0;99;0;0.0;19.700;1.340;25;26;0;0;100;0;100;0;0;0;0;88;88;0;0.000;0.000;0.000;0.000;0.000;0.000;0.0;0.0;0;14;0.000;0.000;11.3;0;0.0;0;0;0;0;0;99;0;0;4962;0.00;0;0;0;0;0;0;0;0;0;0;0;0;0;0;0;0;14;0;99.0;99.0;0;0;0.00;0.00;0.00;0.0;0.0
218.945;225;0;99;0;0.0;19.700;1.340;25;26;0;0;100;0;100;0;0;0;0;88;88;0;0.000;0.000;0.000;0.000;0.000;0.000;0.0;0.0;0;14;0.000;0.000;11.3;0;0.0;0;0;0;0;0;99;0;0;4962;0.00;0;0;0;0;0;0;0;0;0;0;0;0;0;0;0;0;14;0;99.0;99.0;0;0;0.00;0.00;0.00;0.0;0.0
219.014;225;0;99;0;0.0;19.700;1.340;25;26;0;0;100;0;100;0;0;0;0;88;88;0;0.000;0.000;0.000;0.000;0.000;0.000;0.0;0.0;0;14;0.000;0.000;11.3;0;0.0;0;0;0;0;0;99;0;0;4962;0.00;0;0;0;0;0;0;0;0;0;0;0;0;0;0;0;0;14;0;99.0;99.0;0;0;0.00;0.00;0.00;0.0;0.0
219.079;225;0;99;0;0.0;19.700;1.340;25;26;0;0;100;0;100;0;0;0;0;88;88;0;0.000;0.000;0.000;0.000;0.000;0.000;0.0;0.0;0;14;0.000;0.000;11.3;0;0.0;0;0;0;0;0;99;0;0;4962;0.00;0;0;0;0;0;0;0;0;0;0;0;0;0;0;0;0;14;0;99.0;99.0;0;0;0.00;0.00;0.00;0.0;0.0
219.145;225;0;99;0;0.0;19.700;1.340;25;26;0;0;100;0;100;0;0;0;0;88;88;0;0.000;0.000;0.000;0.000;0.000;0.000;0.0;0.0;0;14;0.000;0.000;11.3;0;0.0;0;0;0;0;0;99;0;0;4962;0.00;0;0;0;0;0;0;0;0;0;0;0;0;0;0;0;0;14;0;99.0;99.0;0;0;0.00;0.00;0.00;0.0;0.0
219.211;225;0;99;0;0.0;19.700;1.340;25;26;0;0;100;0;100;0;0;0;0;88;88;0;0.000;0.000;0.000;0.000;0.000;0.000;0.0;0.0;0;14;0.000;0.000;11.3;0;0.0;0;0;0;0;0;99;0;0;4962;0.00;0;0;0;0;0;0;0;0;0;0;0;0;0;0;0;0;14;0;99.0;99.0;0;0;0.00;0.00;0.00;0.0;0.0
219.277;225;0;99;0;0.0;19.700;1.340;25;26;0;0;100;0;100;0;0;0;0;88;88;0;0.000;0.000;0.000;0.000;0.000;0.000;0.0;0.0;0;14;0.000;0.000;11.3;0;0.0;0;0;0;0;0;99;0;0;4962;0.00;0;0;0;0;0;0;0;0;0;0;0;0;0;0;0;0;14;0;99.0;99.0;0;0;0.00;0.00;0.00;0.0;0.0
219.343;226;0;99;0;0.0;19.700;1.340;25;26;0;0;100;0;100;0;0;0;0;88;88;0;0.000;0.000;0.000;0.000;0.000;0.000;0.0;0.0;0;14;0.000;0.000;11.3;0;0.1;0;0;0;0;0;98;0;0;4973;0.00;0;0;0;0;0;0;0;0;0;0;0;0;0;0;0;0;14;0;99.0;99.0;0;0;0.00;0.00;0.00;0.0;0.0
219.412;226;0;99;0;0.0;19.700;1.340;25;26;0;0;100;0;100;0;0;0;0;88;88;0;0.000;0.000;0.000;0.000;0.000;0.000;0.0;0.0;0;14;0.000;0.000;11.3;0;0.1;0;0;0;0;0;98;0;0;4973;0.00;0;0;0;0;0;0;0;0;0;0;0;0;0;0;0;0;14;0;99.0;99.0;0;0;0.00;0.00;0.00;0.0;0.0
219.478;226;0;99;0;0.0;19.700;1.340;25;26;0;0;100;0;100;0;0;0;0;88;88;0;0.000;0.000;0.000;0.000;0.000;0.000;0.0;0.0;0;14;0.000;0.000;11.3;0;0.1;0;0;0;0;0;98;0;0;4973;0.00;0;0;0;0;0;0;0;0;0;0;0;0;0;0;0;0;14;0;99.0;99.0;0;0;0.00;0.00;0.00;0.0;0.0
219.547;226;0;99;0;0.0;19.700;1.340;25;26;0;0;100;0;100;0;0;0;0;88;88;0;0.000;0.000;0.000;0.000;0.000;0.000;0.0;0.0;0;14;0.000;0.000;11.3;0;0.1;0;0;0;0;0;98;0;0;4973;0.00;0;0;0;0;0;0;0;0;0;0;0;0;0;0;0;0;14;0;99.0;99.0;0;0;0.00;0.00;0.00;0.0;0.0
219.613;226;0;99;0;0.0;19.700;1.340;25;26;0;0;100;0;100;0;0;0;0;88;88;0;0.000;0.000;0.000;0.000;0.000;0.000;0.0;0.0;0;14;0.000;0.000;11.3;0;0.1;0;0;0;0;0;98;0;0;4973;0.00;0;0;0;0;0;0;0;0;0;0;0;0;0;0;0;0;14;0;99.0;99.0;0;0;0.00;0.00;0.00;0.0;0.0
219.677;226;0;98;0;0.0;19.700;1.340;25;26;0;0;100;0;100;0;0;0;0;88;88;0;0.000;0.000;0.000;0.000;0.000;0.000;0.0;0.0;0;15;0.000;0.000;11.3;0;0.0;0;0;0;0;0;98;0;0;4973;0.00;0;0;0;0;0;0;0;0;0;0;0;0;0;0;0;0;15;0;98.0;98.0;0;0;0.00;0.00;0.00;0.0;0.0
219.745;226;0;99;0;0.0;19.700;1.340;25;26;0;0;100;0;100;0;0;0;0;88;88;0;0.000;0.000;0.000;0.000;0.000;0.000;0.0;0.0;0;14;0.000;0.000;11.3;0;0.1;0;0;0;0;0;98;0;0;4973;0.00;0;0;0;0;0;0;0;0;0;0;0;0;0;0;0;0;14;0;99.0;99.0;0;0;0.00;0.00;0.00;0.0;0.0
219.813;226;0;99;0;0.0;19.700;1.340;25;26;0;0;100;0;100;0;0;0;0;88;88;0;0.000;0.000;0.000;0.000;0.000;0.000;0.0;0.0;0;14;0.000;0.000;11.3;0;0.1;0;0;0;0;0;98;0;0;4973;0.00;0;0;0;0;0;0;0;0;0;0;0;0;0;0;0;0;14;0;99.0;99.0;0;0;0.00;0.00;0.00;0.0;0.0
219.879;226;0;99;0;0.0;19.700;1.340;25;26;0;0;100;0;100;0;0;0;0;88;88;0;0.000;0.000;0.000;0.000;0.000;0.000;0.0;0.0;0;14;0.000;0.000;11.3;0;0.1;0;0;0;0;0;98;0;0;4973;0.00;0;0;0;0;0;0;0;0;0;0;0;0;0;0;0;0;14;0;99.0;99.0;0;0;0.00;0.00;0.00;0.0;0.0
219.944;226;0;99;0;0.0;19.700;1.340;25;26;0;0;100;0;100;0;0;0;0;88;88;0;0.000;0.000;0.000;0.000;0.000;0.000;0.0;0.0;0;14;0.000;0.000;11.3;0;0.1;0;0;0;0;0;98;0;0;4973;0.00;0;0;0;0;0;0;0;0;0;0;0;0;0;0;0;0;14;0;99.0;99.0;0;0;0.00;0.00;0.00;0.0;0.0
220.011;226;0;99;0;0.0;19.700;1.340;25;26;0;0;100;0;100;0;0;0;0;88;88;0;0.000;0.000;0.000;0.000;0.000;0.000;0.0;0.0;0;14;0.000;0.000;11.3;0;0.1;0;0;0;0;0;98;0;0;4973;0.00;0;0;0;0;0;0;0;0;0;0;0;0;0;0;0;0;14;0;99.0;99.0;0;0;0.00;0.00;0.00;0.0;0.0
220.079;226;0;99;0;0.0;19.700;1.340;25;26;0;0;100;0;100;0;0;0;0;88;88;0;0.000;0.000;0.000;0.000;0.000;0.000;0.0;0.0;0;14;0.000;0.000;11.3;0;0.1;0;0;0;0;0;98;0;0;4973;0.00;0;0;0;0;0;0;0;0;0;0;0;0;0;0;0;0;14;0;99.0;99.0;0;0;0.00;0.00;0.00;0.0;0.0
220.145;226;0;99;0;0.0;19.700;1.340;25;26;0;0;100;0;100;0;0;0;0;88;88;0;0.000;0.000;0.000;0.000;0.000;0.000;0.0;0.0;0;14;0.000;0.000;11.3;0;0.1;0;0;0;0;0;98;0;0;4973;0.00;0;0;0;0;0;0;0;0;0;0;0;0;0;0;0;0;14;0;99.0;99.0;0;0;0.00;0.00;0.00;0.0;0.0
220.214;226;0;99;0;0.0;19.700;1.340;25;26;0;0;100;0;100;0;0;0;0;88;88;0;0.000;0.000;0.000;0.000;0.000;0.000;0.0;0.0;0;14;0.000;0.000;11.3;0;0.1;0;0;0;0;0;98;0;0;4973;0.00;0;0;0;0;0;0;0;0;0;0;0;0;0;0;0;0;14;0;99.0;99.0;0;0;0.00;0.00;0.00;0.0;0.0
220.279;226;0;99;0;0.0;19.700;1.340;25;26;0;0;100;0;100;0;0;0;0;88;88;0;0.000;0.000;0.000;0.000;0.000;0.000;0.0;0.0;0;14;0.000;0.000;11.3;0;0.1;0;0;0;0;0;98;0;0;4973;0.00;0;0;0;0;0;0;0;0;0;0;0;0;0;0;0;0;14;0;99.0;99.0;0;0;0.00;0.00;0.00;0.0;0.0
220.345;227;0;99;0;0.0;19.700;1.340;25;26;0;0;100;0;100;0;0;0;0;88;88;0;0.000;0.000;0.000;0.000;0.000;0.000;0.0;0.0;0;14;0.000;0.000;11.3;0;0.0;0;0;0;0;0;99;0;0;4987;0.00;0;0;0;0;0;0;0;0;0;0;0;0;0;0;0;0;14;0;99.0;99.0;0;0;0.00;0.00;0.00;0.0;0.0
220.411;227;0;99;0;0.0;19.700;1.340;25;26;0;0;100;0;100;0;0;0;0;88;88;0;0.000;0.000;0.000;0.000;0.000;0.000;0.0;0.0;0;14;0.000;0.000;11.3;0;0.0;0;0;0;0;0;99;0;0;4987;0.00;0;0;0;0;0;0;0;0;0;0;0;0;0;0;0;0;14;0;99.0;99.0;0;0;0.00;0.00;0.00;0.0;0.0
220.476;227;0;99;0;0.0;19.700;1.340;25;26;0;0;100;0;100;0;0;0;0;88;88;0;0.000;0.000;0.000;0.000;0.000;0.000;0.0;0.0;0;14;0.000;0.000;11.3;0;0.0;0;0;0;0;0;99;0;0;4987;0.00;0;0;0;0;0;0;0;0;0;0;0;0;0;0;0;0;14;0;99.0;99.0;0;0;0.00;0.00;0.00;0.0;0.0
220.546;227;0;98;0;0.0;19.700;1.340;25;26;0;0;100;0;100;0;0;0;0;88;88;0;0.000;0.000;0.000;0.000;0.000;0.000;0.0;0.0;0;15;0.000;0.000;11.3;0;-0.1;0;0;0;0;0;99;0;0;4987;0.00;0;0;0;0;0;0;0;0;0;0;0;0;0;0;0;0;15;0;98.0;98.0;0;0;0.00;0.00;0.00;0.0;0.0
220.611;227;0;99;0;0.0;19.700;1.340;25;26;0;0;100;0;100;0;0;0;0;88;88;0;0.000;0.000;0.000;0.000;0.000;0.000;0.0;0.0;0;14;0.000;0.000;11.3;0;0.0;0;0;0;0;0;99;0;0;4987;0.00;0;0;0;0;0;0;0;0;0;0;0;0;0;0;0;0;14;0;99.0;99.0;0;0;0.00;0.00;0.00;0.0;0.0
220.678;227;0;99;0;0.0;19.700;1.340;25;26;0;0;100;0;100;0;0;0;0;88;88;0;0.000;0.000;0.000;0.000;0.000;0.000;0.0;0.0;0;14;0.000;0.000;11.3;0;0.0;0;0;0;0;0;99;0;0;4987;0.00;0;0;0;0;0;0;0;0;0;0;0;0;0;0;0;0;14;0;99.0;99.0;0;0;0.00;0.00;0.00;0.0;0.0
220.747;227;0;99;0;0.0;19.700;1.340;25;26;0;0;100;0;100;0;0;0;0;88;88;0;0.000;0.000;0.000;0.000;0.000;0.000;0.0;0.0;0;14;0.000;0.000;11.3;0;0.0;0;0;0;0;0;99;0;0;4987;0.00;0;0;0;0;0;0;0;0;0;0;0;0;0;0;0;0;14;0;99.0;99.0;0;0;0.00;0.00;0.00;0.0;0.0
220.812;227;0;99;0;0.0;19.700;1.340;25;26;0;0;100;0;100;0;0;0;0;88;88;0;0.000;0.000;0.000;0.000;0.000;0.000;0.0;0.0;0;14;0.000;0.000;11.3;0;0.0;0;0;0;0;0;99;0;0;4987;0.00;0;0;0;0;0;0;0;0;0;0;0;0;0;0;0;0;14;0;99.0;99.0;0;0;0.00;0.00;0.00;0.0;0.0
220.878;227;0;98;0;0.0;19.700;1.340;25;26;0;0;100;0;100;0;0;0;0;88;88;0;0.000;0.000;0.000;0.000;0.000;0.000;0.0;0.0;0;15;0.000;0.000;11.3;0;-0.1;0;0;0;0;0;99;0;0;4987;0.00;0;0;0;0;0;0;0;0;0;0;0;0;0;0;0;0;15;0;98.0;98.0;0;0;0.00;0.00;0.00;0.0;0.0
220.948;227;0;99;0;0.0;19.700;1.340;25;26;0;0;100;0;100;0;0;0;0;88;88;0;0.000;0.000;0.000;0.000;0.000;0.000;0.0;0.0;0;14;0.000;0.000;11.3;0;0.0;0;0;0;0;0;99;0;0;4987;0.00;0;0;0;0;0;0;0;0;0;0;0;0;0;0;0;0;14;0;99.0;99.0;0;0;0.00;0.00;0.00;0.0;0.0
221.014;227;0;99;0;0.0;19.700;1.340;25;26;0;0;100;0;100;0;0;0;0;88;88;0;0.000;0.000;0.000;0.000;0.000;0.000;0.0;0.0;0;14;0.000;0.000;11.3;0;0.0;0;0;0;0;0;99;0;0;4987;0.00;0;0;0;0;0;0;0;0;0;0;0;0;0;0;0;0;14;0;99.0;99.0;0;0;0.00;0.00;0.00;0.0;0.0
221.078;227;0;99;0;0.0;19.700;1.340;25;26;0;0;100;0;100;0;0;0;0;88;88;0;0.000;0.000;0.000;0.000;0.000;0.000;0.0;0.0;0;14;0.000;0.000;11.3;0;0.0;0;0;0;0;0;99;0;0;4987;0.00;0;0;0;0;0;0;0;0;0;0;0;0;0;0;0;0;14;0;99.0;99.0;0;0;0.00;0.00;0.00;0.0;0.0
221.143;227;0;99;0;0.0;19.700;1.340;25;26;0;0;100;0;100;0;0;0;0;88;88;0;0.000;0.000;0.000;0.000;0.000;0.000;0.0;0.0;0;14;0.000;0.000;11.3;0;0.0;0;0;0;0;0;99;0;0;4987;0.00;0;0;0;0;0;0;0;0;0;0;0;0;0;0;0;0;14;0;99.0;99.0;0;0;0.00;0.00;0.00;0.0;0.0
221.213;227;0;99;0;0.0;19.700;1.340;25;26;0;0;100;0;100;0;0;0;0;88;88;0;0.000;0.000;0.000;0.000;0.000;0.000;0.0;0.0;0;14;0.000;0.000;11.3;0;0.0;0;0;0;0;0;99;0;0;4987;0.00;0;0;0;0;0;0;0;0;0;0;0;0;0;0;0;0;14;0;99.0;99.0;0;0;0.00;0.00;0.00;0.0;0.0
221.279;227;0;99;0;0.0;19.700;1.340;25;26;0;0;100;0;100;0;0;0;0;88;88;0;0.000;0.000;0.000;0.000;0.000;0.000;0.0;0.0;0;14;0.000;0.000;11.3;0;0.0;0;0;0;0;0;99;0;0;4987;0.00;0;0;0;0;0;0;0;0;0;0;0;0;0;0;0;0;14;0;99.0;99.0;0;0;0.00;0.00;0.00;0.0;0.0
221.345;228;0;99;0;0.0;19.700;1.340;25;26;0;0;100;0;100;0;0;0;0;88;88;0;0.000;0.000;0.000;0.000;0.000;0.000;0.0;0.0;0;14;0.000;0.000;11.3;0;0.0;0;0;0;0;0;99;0;0;4978;0.00;0;0;0;0;0;0;0;0;0;0;0;0;0;0;0;0;14;0;99.0;99.0;0;0;0.00;0.00;0.00;0.0;0.0
221.410;228;0;98;0;0.0;19.700;1.340;25;26;0;0;100;0;100;0;0;0;0;88;88;0;0.000;0.000;0.000;0.000;0.000;0.000;0.0;0.0;0;15;0.000;0.000;11.3;0;-0.1;0;0;0;0;0;99;0;0;4978;0.00;0;0;0;0;0;0;0;0;0;0;0;0;0;0;0;0;15;0;98.0;98.0;0;0;0.00;0.00;0.00;0.0;0.0
221.479;228;0;99;0;0.0;19.700;1.340;25;26;0;0;100;0;100;0;0;0;0;88;88;0;0.000;0.000;0.000;0.000;0.000;0.000;0.0;0.0;0;14;0.000;0.000;11.3;0;0.0;0;0;0;0;0;99;0;0;4978;0.00;0;0;0;0;0;0;0;0;0;0;0;0;0;0;0;0;14;0;99.0;99.0;0;0;0.00;0.00;0.00;0.0;0.0
221.545;228;0;99;0;0.0;19.700;1.340;25;26;0;0;100;0;100;0;0;0;0;88;88;0;0.000;0.000;0.000;0.000;0.000;0.000;0.0;0.0;0;14;0.000;0.000;11.3;0;0.0;0;0;0;0;0;99;0;0;4978;0.00;0;0;0;0;0;0;0;0;0;0;0;0;0;0;0;0;14;0;99.0;99.0;0;0;0.00;0.00;0.00;0.0;0.0
221.610;228;0;99;0;0.0;19.700;1.340;25;26;0;0;100;0;100;0;0;0;0;88;88;0;0.000;0.000;0.000;0.000;0.000;0.000;0.0;0.0;0;14;0.000;0.000;11.3;0;0.0;0;0;0;0;0;99;0;0;4978;0.00;0;0;0;0;0;0;0;0;0;0;0;0;0;0;0;0;14;0;99.0;99.0;0;0;0.00;0.00;0.00;0.0;0.0
221.676;228;0;99;0;0.0;19.700;1.340;25;26;0;0;100;0;100;0;0;0;0;88;88;0;0.000;0.000;0.000;0.000;0.000;0.000;0.0;0.0;0;14;0.000;0.000;11.3;0;0.0;0;0;0;0;0;99;0;0;4978;0.00;0;0;0;0;0;0;0;0;0;0;0;0;0;0;0;0;14;0;99.0;99.0;0;0;0.00;0.00;0.00;0.0;0.0
221.745;228;0;99;0;0.0;19.700;1.340;25;26;0;0;100;0;100;0;0;0;0;88;88;0;0.000;0.000;0.000;0.000;0.000;0.000;0.0;0.0;0;14;0.000;0.000;11.3;0;0.0;0;0;0;0;0;99;0;0;4978;0.00;0;0;0;0;0;0;0;0;0;0;0;0;0;0;0;0;14;0;99.0;99.0;0;0;0.00;0.00;0.00;0.0;0.0
221.812;228;0;99;0;0.0;19.700;1.340;25;26;0;0;100;0;100;0;0;0;0;88;88;0;0.000;0.000;0.000;0.000;0.000;0.000;0.0;0.0;0;14;0.000;0.000;11.3;0;0.0;0;0;0;0;0;99;0;0;4978;0.00;0;0;0;0;0;0;0;0;0;0;0;0;0;0;0;0;14;0;99.0;99.0;0;0;0.00;0.00;0.00;0.0;0.0
221.882;228;0;99;0;0.0;19.700;1.340;25;26;0;0;100;0;100;0;0;0;0;88;88;0;0.000;0.000;0.000;0.000;0.000;0.000;0.0;0.0;0;14;0.000;0.000;11.3;0;0.0;0;0;0;0;0;99;0;0;4978;0.00;0;0;0;0;0;0;0;0;0;0;0;0;0;0;0;0;14;0;99.0;99.0;0;0;0.00;0.00;0.00;0.0;0.0
221.947;228;0;99;0;0.0;19.700;1.340;25;26;0;0;100;0;100;0;0;0;0;88;88;0;0.000;0.000;0.000;0.000;0.000;0.000;0.0;0.0;0;14;0.000;0.000;11.3;0;0.0;0;0;0;0;0;99;0;0;4978;0.00;0;0;0;0;0;0;0;0;0;0;0;0;0;0;0;0;14;0;99.0;99.0;0;0;0.00;0.00;0.00;0.0;0.0
222.012;228;0;98;0;0.0;19.700;1.340;25;26;0;0;100;0;100;0;0;0;0;88;88;0;0.000;0.000;0.000;0.000;0.000;0.000;0.0;0.0;0;15;0.000;0.000;11.3;0;-0.1;0;0;0;0;0;99;0;0;4978;0.00;0;0;0;0;0;0;0;0;0;0;0;0;0;0;0;0;15;0;98.0;98.0;0;0;0.00;0.00;0.00;0.0;0.0
222.078;228;0;99;0;0.0;19.700;1.340;25;26;0;0;100;0;100;0;0;0;0;88;88;0;0.000;0.000;0.000;0.000;0.000;0.000;0.0;0.0;0;14;0.000;0.000;11.3;0;0.0;0;0;0;0;0;99;0;0;4978;0.00;0;0;0;0;0;0;0;0;0;0;0;0;0;0;0;0;14;0;99.0;99.0;0;0;0.00;0.00;0.00;0.0;0.0
222.147;228;0;99;0;0.0;19.700;1.340;25;26;0;0;100;0;100;0;0;0;0;88;88;0;0.000;0.000;0.000;0.000;0.000;0.000;0.0;0.0;0;14;0.000;0.000;11.3;0;0.0;0;0;0;0;0;99;0;0;4978;0.00;0;0;0;0;0;0;0;0;0;0;0;0;0;0;0;0;14;0;99.0;99.0;0;0;0.00;0.00;0.00;0.0;0.0
222.212;228;0;99;0;0.0;19.700;1.340;25;26;0;0;100;0;100;0;0;0;0;88;88;0;0.000;0.000;0.000;0.000;0.000;0.000;0.0;0.0;0;14;0.000;0.000;11.3;0;0.0;0;0;0;0;0;99;0;0;4978;0.00;0;0;0;0;0;0;0;0;0;0;0;0;0;0;0;0;14;0;99.0;99.0;0;0;0.00;0.00;0.00;0.0;0.0
222.278;228;0;99;0;0.0;19.700;1.340;25;26;0;0;100;0;100;0;0;0;0;88;88;0;0.000;0.000;0.000;0.000;0.000;0.000;0.0;0.0;0;14;0.000;0.000;11.3;0;0.0;0;0;0;0;0;99;0;0;4978;0.00;0;0;0;0;0;0;0;0;0;0;0;0;0;0;0;0;14;0;99.0;99.0;0;0;0.00;0.00;0.00;0.0;0.0
222.344;228;0;99;0;0.0;19.700;1.340;25;26;0;0;100;0;100;0;0;0;0;88;88;0;0.000;0.000;0.000;0.000;0.000;0.000;0.0;0.0;0;14;0.000;0.000;11.3;0;0.0;0;0;0;0;0;99;0;0;4978;0.00;0;0;0;0;0;0;0;0;0;0;0;0;0;0;0;0;14;0;99.0;99.0;0;0;0.00;0.00;0.00;0.0;0.0
222.413;229;0;99;0;0.0;19.700;1.340;25;26;0;0;100;0;100;0;0;0;0;88;88;0;0.000;0.000;0.000;0.000;0.000;0.000;0.0;0.0;0;14;0.000;0.000;11.3;0;0.1;0;0;0;0;0;98;0;0;4963;0.00;0;0;0;0;0;0;0;0;0;0;0;0;0;0;0;0;14;0;99.0;99.0;0;0;0.00;0.00;0.00;0.0;0.0
222.479;229;0;99;0;0.0;19.700;1.340;25;26;0;0;100;0;100;0;0;0;0;88;88;0;0.000;0.000;0.000;0.000;0.000;0.000;0.0;0.0;0;14;0.000;0.000;11.3;0;0.1;0;0;0;0;0;98;0;0;4963;0.00;0;0;0;0;0;0;0;0;0;0;0;0;0;0;0;0;14;0;99.0;99.0;0;0;0.00;0.00;0.00;0.0;0.0
222.544;229;0;99;0;0.0;19.700;1.340;25;26;0;0;100;0;100;0;0;0;0;88;88;0;0.000;0.000;0.000;0.000;0.000;0.000;0.0;0.0;0;14;0.000;0.000;11.3;0;0.1;0;0;0;0;0;98;0;0;4963;0.00;0;0;0;0;0;0;0;0;0;0;0;0;0;0;0;0;14;0;99.0;99.0;0;0;0.00;0.00;0.00;0.0;0.0
222.610;229;0;99;0;0.0;19.700;1.340;25;26;0;0;100;0;100;0;0;0;0;88;88;0;0.000;0.000;0.000;0.000;0.000;0.000;0.0;0.0;0;14;0.000;0.000;11.3;0;0.1;0;0;0;0;0;98;0;0;4963;0.00;0;0;0;0;0;0;0;0;0;0;0;0;0;0;0;0;14;0;99.0;99.0;0;0;0.00;0.00;0.00;0.0;0.0
222.676;229;0;99;0;0.0;19.700;1.340;25;26;0;0;100;0;100;0;0;0;0;88;88;0;0.000;0.000;0.000;0.000;0.000;0.000;0.0;0.0;0;14;0.000;0.000;11.3;0;0.1;0;0;0;0;0;98;0;0;4963;0.00;0;0;0;0;0;0;0;0;0;0;0;0;0;0;0;0;14;0;99.0;99.0;0;0;0.00;0.00;0.00;0.0;0.0
222.744;229;0;99;0;0.0;19.700;1.340;25;26;0;0;100;0;100;0;0;0;0;88;88;0;0.000;0.000;0.000;0.000;0.000;0.000;0.0;0.0;0;14;0.000;0.000;11.3;0;0.1;0;0;0;0;0;98;0;0;4963;0.00;0;0;0;0;0;0;0;0;0;0;0;0;0;0;0;0;14;0;99.0;99.0;0;0;0.00;0.00;0.00;0.0;0.0
222.810;229;0;99;0;0.0;19.700;1.340;25;26;0;0;100;0;100;0;0;0;0;88;88;0;0.000;0.000;0.000;0.000;0.000;0.000;0.0;0.0;0;14;0.000;0.000;11.3;0;0.1;0;0;0;0;0;98;0;0;4963;0.00;0;0;0;0;0;0;0;0;0;0;0;0;0;0;0;0;14;0;99.0;99.0;0;0;0.00;0.00;0.00;0.0;0.0
222.876;229;0;99;0;0.0;19.700;1.340;25;26;0;0;100;0;100;0;0;0;0;88;88;0;0.000;0.000;0.000;0.000;0.000;0.000;0.0;0.0;0;14;0.000;0.000;11.3;0;0.1;0;0;0;0;0;98;0;0;4963;0.00;0;0;0;0;0;0;0;0;0;0;0;0;0;0;0;0;14;0;99.0;99.0;0;0;0.00;0.00;0.00;0.0;0.0
222.946;229;0;99;0;0.0;19.700;1.340;25;26;0;0;100;0;100;0;0;0;0;88;88;0;0.000;0.000;0.000;0.000;0.000;0.000;0.0;0.0;0;14;0.000;0.000;11.3;0;0.1;0;0;0;0;0;98;0;0;4963;0.00;0;0;0;0;0;0;0;0;0;0;0;0;0;0;0;0;14;0;99.0;99.0;0;0;0.00;0.00;0.00;0.0;0.0
223.012;229;0;99;0;0.0;19.700;1.340;25;26;0;0;100;0;100;0;0;0;0;88;88;0;0.000;0.000;0.000;0.000;0.000;0.000;0.0;0.0;0;14;0.000;0.000;11.3;0;0.1;0;0;0;0;0;98;0;0;4963;0.00;0;0;0;0;0;0;0;0;0;0;0;0;0;0;0;0;14;0;99.0;99.0;0;0;0.00;0.00;0.00;0.0;0.0
223.077;229;0;99;0;0.0;19.700;1.340;25;26;0;0;100;0;100;0;0;0;0;88;88;0;0.000;0.000;0.000;0.000;0.000;0.000;0.0;0.0;0;14;0.000;0.000;11.3;0;0.1;0;0;0;0;0;98;0;0;4963;0.00;0;0;0;0;0;0;0;0;0;0;0;0;0;0;0;0;14;0;99.0;99.0;0;0;0.00;0.00;0.00;0.0;0.0
223.142;229;0;99;0;0.0;19.700;1.340;25;26;0;0;100;0;100;0;0;0;0;88;88;0;0.000;0.000;0.000;0.000;0.000;0.000;0.0;0.0;0;14;0.000;0.000;11.3;0;0.1;0;0;0;0;0;98;0;0;4963;0.00;0;0;0;0;0;0;0;0;0;0;0;0;0;0;0;0;14;0;99.0;99.0;0;0;0.00;0.00;0.00;0.0;0.0
223.208;229;0;99;0;0.0;19.700;1.340;25;26;0;0;100;0;100;0;0;0;0;88;88;0;0.000;0.000;0.000;0.000;0.000;0.000;0.0;0.0;0;14;0.000;0.000;11.3;0;0.1;0;0;0;0;0;98;0;0;4963;0.00;0;0;0;0;0;0;0;0;0;0;0;0;0;0;0;0;14;0;99.0;99.0;0;0;0.00;0.00;0.00;0.0;0.0
223.278;229;0;99;0;0.0;19.700;1.340;25;26;0;0;100;0;100;0;0;0;0;88;88;0;0.000;0.000;0.000;0.000;0.000;0.000;0.0;0.0;0;14;0.000;0.000;11.3;0;0.1;0;0;0;0;0;98;0;0;4963;0.00;0;0;0;0;0;0;0;0;0;0;0;0;0;0;0;0;14;0;99.0;99.0;0;0;0.00;0.00;0.00;0.0;0.0
223.343;229;0;99;0;0.0;19.700;1.340;25;26;0;0;100;0;100;0;0;0;0;88;88;0;0.000;0.000;0.000;0.000;0.000;0.000;0.0;0.0;0;14;0.000;0.000;11.3;0;0.1;0;0;0;0;0;98;0;0;4963;0.00;0;0;0;0;0;0;0;0;0;0;0;0;0;0;0;0;14;0;99.0;99.0;0;0;0.00;0.00;0.00;0.0;0.0
223.412;230;0;99;0;0.0;19.700;1.340;25;26;0;0;100;0;100;0;0;0;0;88;88;0;0.000;0.000;0.000;0.000;0.000;0.000;0.0;0.0;0;14;0.000;0.000;11.3;0;0.0;0;0;0;0;0;99;0;0;4970;0.00;0;0;0;0;0;0;0;0;0;0;0;0;0;0;0;0;14;0;99.0;99.0;0;0;0.00;0.00;0.00;0.0;0.0
223.478;230;0;99;0;0.0;19.700;1.340;25;26;0;0;100;0;100;0;0;0;0;88;88;0;0.000;0.000;0.000;0.000;0.000;0.000;0.0;0.0;0;14;0.000;0.000;11.3;0;0.0;0;0;0;0;0;99;0;0;4970;0.00;0;0;0;0;0;0;0;0;0;0;0;0;0;0;0;0;14;0;99.0;99.0;0;0;0.00;0.00;0.00;0.0;0.0
223.545;230;0;99;0;0.0;19.700;1.340;25;26;0;0;100;0;100;0;0;0;0;88;88;0;0.000;0.000;0.000;0.000;0.000;0.000;0.0;0.0;0;14;0.000;0.000;11.3;0;0.0;0;0;0;0;0;99;0;0;4970;0.00;0;0;0;0;0;0;0;0;0;0;0;0;0;0;0;0;14;0;99.0;99.0;0;0;0.00;0.00;0.00;0.0;0.0
223.609;230;0;99;0;0.0;19.700;1.340;25;26;0;0;100;0;100;0;0;0;0;88;88;0;0.000;0.000;0.000;0.000;0.000;0.000;0.0;0.0;0;14;0.000;0.000;11.3;0;0.0;0;0;0;0;0;99;0;0;4970;0.00;0;0;0;0;0;0;0;0;0;0;0;0;0;0;0;0;14;0;99.0;99.0;0;0;0.00;0.00;0.00;0.0;0.0
223.679;230;0;99;0;0.0;19.700;1.340;25;26;0;0;100;0;100;0;0;0;0;88;88;0;0.000;0.000;0.000;0.000;0.000;0.000;0.0;0.0;0;14;0.000;0.000;11.3;0;0.0;0;0;0;0;0;99;0;0;4970;0.00;0;0;0;0;0;0;0;0;0;0;0;0;0;0;0;0;14;0;99.0;99.0;0;0;0.00;0.00;0.00;0.0;0.0
223.744;230;0;99;0;0.0;19.700;1.340;25;26;0;0;100;0;100;0;0;0;0;88;88;0;0.000;0.000;0.000;0.000;0.000;0.000;0.0;0.0;0;14;0.000;0.000;11.3;0;0.0;0;0;0;0;0;99;0;0;4970;0.00;0;0;0;0;0;0;0;0;0;0;0;0;0;0;0;0;14;0;99.0;99.0;0;0;0.00;0.00;0.00;0.0;0.0
223.810;230;0;99;0;0.0;19.700;1.340;25;26;0;0;100;0;100;0;0;0;0;88;88;0;0.000;0.000;0.000;0.000;0.000;0.000;0.0;0.0;0;14;0.000;0.000;11.3;0;0.0;0;0;0;0;0;99;0;0;4970;0.00;0;0;0;0;0;0;0;0;0;0;0;0;0;0;0;0;14;0;99.0;99.0;0;0;0.00;0.00;0.00;0.0;0.0
223.880;230;0;99;0;0.0;19.700;1.340;25;26;0;0;100;0;100;0;0;0;0;88;88;0;0.000;0.000;0.000;0.000;0.000;0.000;0.0;0.0;0;14;0.000;0.000;11.3;0;0.0;0;0;0;0;0;99;0;0;4970;0.00;0;0;0;0;0;0;0;0;0;0;0;0;0;0;0;0;14;0;99.0;99.0;0;0;0.00;0.00;0.00;0.0;0.0
223.946;230;0;99;0;0.0;19.700;1.340;25;26;0;0;100;0;100;0;0;0;0;88;88;0;0.000;0.000;0.000;0.000;0.000;0.000;0.0;0.0;0;14;0.000;0.000;11.3;0;0.0;0;0;0;0;0;99;0;0;4970;0.00;0;0;0;0;0;0;0;0;0;0;0;0;0;0;0;0;14;0;99.0;99.0;0;0;0.00;0.00;0.00;0.0;0.0
224.010;230;0;99;0;0.0;19.700;1.340;25;26;0;0;100;0;100;0;0;0;0;88;88;0;0.000;0.000;0.000;0.000;0.000;0.000;0.0;0.0;0;14;0.000;0.000;11.3;0;0.0;0;0;0;0;0;99;0;0;4970;0.00;0;0;0;0;0;0;0;0;0;0;0;0;0;0;0;0;14;0;99.0;99.0;0;0;0.00;0.00;0.00;0.0;0.0
224.077;230;0;99;0;0.0;19.700;1.340;25;26;0;0;100;0;100;0;0;0;0;88;88;0;0.000;0.000;0.000;0.000;0.000;0.000;0.0;0.0;0;14;0.000;0.000;11.3;0;0.0;0;0;0;0;0;99;0;0;4970;0.00;0;0;0;0;0;0;0;0;0;0;0;0;0;0;0;0;14;0;99.0;99.0;0;0;0.00;0.00;0.00;0.0;0.0
224.146;230;0;99;0;0.0;19.700;1.340;25;26;0;0;100;0;100;0;0;0;0;88;88;0;0.000;0.000;0.000;0.000;0.000;0.000;0.0;0.0;0;14;0.000;0.000;11.3;0;0.0;0;0;0;0;0;99;0;0;4970;0.00;0;0;0;0;0;0;0;0;0;0;0;0;0;0;0;0;14;0;99.0;99.0;0;0;0.00;0.00;0.00;0.0;0.0
224.212;230;0;99;0;0.0;19.700;1.340;25;26;0;0;100;0;100;0;0;0;0;88;88;0;0.000;0.000;0.000;0.000;0.000;0.000;0.0;0.0;0;14;0.000;0.000;11.3;0;0.0;0;0;0;0;0;99;0;0;4970;0.00;0;0;0;0;0;0;0;0;0;0;0;0;0;0;0;0;14;0;99.0;99.0;0;0;0.00;0.00;0.00;0.0;0.0
224.282;230;0;99;0;0.0;19.700;1.340;25;26;0;0;100;0;100;0;0;0;0;88;88;0;0.000;0.000;0.000;0.000;0.000;0.000;0.0;0.0;0;14;0.000;0.000;11.3;0;0.0;0;0;0;0;0;99;0;0;4970;0.00;0;0;0;0;0;0;0;0;0;0;0;0;0;0;0;0;14;0;99.0;99.0;0;0;0.00;0.00;0.00;0.0;0.0
224.346;230;0;99;0;0.0;19.700;1.340;25;26;0;0;100;0;100;0;0;0;0;88;88;0;0.000;0.000;0.000;0.000;0.000;0.000;0.0;0.0;0;14;0.000;0.000;11.3;0;0.0;0;0;0;0;0;99;0;0;4970;0.00;0;0;0;0;0;0;0;0;0;0;0;0;0;0;0;0;14;0;99.0;99.0;0;0;0.00;0.00;0.00;0.0;0.0
224.413;231;0;99;0;0.0;19.700;1.340;25;26;0;0;100;0;100;0;0;0;0;88;88;0;0.000;0.000;0.000;0.000;0.000;0.000;0.0;0.0;0;14;0.000;0.000;11.3;0;0.0;0;0;0;0;0;99;0;0;4986;0.00;0;0;0;0;0;0;0;0;0;0;0;0;0;0;0;0;14;0;99.0;99.0;0;0;0.00;0.00;0.00;0.0;0.0
224.477;231;0;99;0;0.0;19.700;1.340;25;26;0;0;100;0;100;0;0;0;0;88;88;0;0.000;0.000;0.000;0.000;0.000;0.000;0.0;0.0;0;14;0.000;0.000;11.3;0;0.0;0;0;0;0;0;99;0;0;4986;0.00;0;0;0;0;0;0;0;0;0;0;0;0;0;0;0;0;14;0;99.0;99.0;0;0;0.00;0.00;0.00;0.0;0.0
224.543;231;0;99;0;0.0;19.700;1.340;25;26;0;0;100;0;100;0;0;0;0;88;88;0;0.000;0.000;0.000;0.000;0.000;0.000;0.0;0.0;0;14;0.000;0.000;11.3;0;0.0;0;0;0;0;0;99;0;0;4986;0.00;0;0;0;0;0;0;0;0;0;0;0;0;0;0;0;0;14;0;99.0;99.0;0;0;0.00;0.00;0.00;0.0;0.0
224.613;231;0;99;0;0.0;19.700;1.340;25;26;0;0;100;0;100;0;0;0;0;88;88;0;0.000;0.000;0.000;0.000;0.000;0.000;0.0;0.0;0;14;0.000;0.000;11.3;0;0.0;0;0;0;0;0;99;0;0;4986;0.00;0;0;0;0;0;0;0;0;0;0;0;0;0;0;0;0;14;0;99.0;99.0;0;0;0.00;0.00;0.00;0.0;0.0
224.679;231;0;99;0;0.0;19.700;1.340;25;26;0;0;100;0;100;0;0;0;0;88;88;0;0.000;0.000;0.000;0.000;0.000;0.000;0.0;0.0;0;14;0.000;0.000;11.3;0;0.0;0;0;0;0;0;99;0;0;4986;0.00;0;0;0;0;0;0;0;0;0;0;0;0;0;0;0;0;14;0;99.0;99.0;0;0;0.00;0.00;0.00;0.0;0.0
224.744;231;0;99;0;0.0;19.700;1.340;25;26;0;0;100;0;100;0;0;0;0;88;88;0;0.000;0.000;0.000;0.000;0.000;0.000;0.0;0.0;0;14;0.000;0.000;11.3;0;0.0;0;0;0;0;0;99;0;0;4986;0.00;0;0;0;0;0;0;0;0;0;0;0;0;0;0;0;0;14;0;99.0;99.0;0;0;0.00;0.00;0.00;0.0;0.0
224.809;231;0;99;0;0.0;19.700;1.340;25;26;0;0;100;0;100;0;0;0;0;88;88;0;0.000;0.000;0.000;0.000;0.000;0.000;0.0;0.0;0;14;0.000;0.000;11.3;0;0.0;0;0;0;0;0;99;0;0;4986;0.00;0;0;0;0;0;0;0;0;0;0;0;0;0;0;0;0;14;0;99.0;99.0;0;0;0.00;0.00;0.00;0.0;0.0
224.879;231;0;99;0;0.0;19.700;1.340;25;26;0;0;100;0;100;0;0;0;0;88;88;0;0.000;0.000;0.000;0.000;0.000;0.000;0.0;0.0;0;14;0.000;0.000;11.3;0;0.0;0;0;0;0;0;99;0;0;4986;0.00;0;0;0;0;0;0;0;0;0;0;0;0;0;0;0;0;14;0;99.0;99.0;0;0;0.00;0.00;0.00;0.0;0.0
224.945;231;0;99;0;0.0;19.700;1.340;25;26;0;0;100;0;100;0;0;0;0;88;88;0;0.000;0.000;0.000;0.000;0.000;0.000;0.0;0.0;0;14;0.000;0.000;11.3;0;0.0;0;0;0;0;0;99;0;0;4986;0.00;0;0;0;0;0;0;0;0;0;0;0;0;0;0;0;0;14;0;99.0;99.0;0;0;0.00;0.00;0.00;0.0;0.0
225.014;231;0;99;0;0.0;19.700;1.340;25;26;0;0;100;0;100;0;0;0;0;88;88;0;0.000;0.000;0.000;0.000;0.000;0.000;0.0;0.0;0;14;0.000;0.000;11.3;0;0.0;0;0;0;0;0;99;0;0;4986;0.00;0;0;0;0;0;0;0;0;0;0;0;0;0;0;0;0;14;0;99.0;99.0;0;0;0.00;0.00;0.00;0.0;0.0
225.081;231;0;99;0;0.0;19.700;1.340;25;26;0;0;100;0;100;0;0;0;0;88;88;0;0.000;0.000;0.000;0.000;0.000;0.000;0.0;0.0;0;14;0.000;0.000;11.3;0;0.0;0;0;0;0;0;99;0;0;4986;0.00;0;0;0;0;0;0;0;0;0;0;0;0;0;0;0;0;14;0;99.0;99.0;0;0;0.00;0.00;0.00;0.0;0.0
225.145;231;0;99;0;0.0;19.700;1.340;25;26;0;0;100;0;100;0;0;0;0;88;88;0;0.000;0.000;0.000;0.000;0.000;0.000;0.0;0.0;0;14;0.000;0.000;11.3;0;0.0;0;0;0;0;0;99;0;0;4986;0.00;0;0;0;0;0;0;0;0;0;0;0;0;0;0;0;0;14;0;99.0;99.0;0;0;0.00;0.00;0.00;0.0;0.0
225.211;231;0;99;0;0.0;19.700;1.340;25;26;0;0;100;0;100;0;0;0;0;88;88;0;0.000;0.000;0.000;0.000;0.000;0.000;0.0;0.0;0;14;0.000;0.000;11.3;0;0.0;0;0;0;0;0;99;0;0;4986;0.00;0;0;0;0;0;0;0;0;0;0;0;0;0;0;0;0;14;0;99.0;99.0;0;0;0.00;0.00;0.00;0.0;0.0
225.276;231;0;99;0;0.0;19.700;1.340;25;26;0;0;100;0;100;0;0;0;0;88;88;0;0.000;0.000;0.000;0.000;0.000;0.000;0.0;0.0;0;14;0.000;0.000;11.3;0;0.0;0;0;0;0;0;99;0;0;4986;0.00;0;0;0;0;0;0;0;0;0;0;0;0;0;0;0;0;14;0;99.0;99.0;0;0;0.00;0.00;0.00;0.0;0.0
225.346;231;0;99;0;0.0;19.700;1.340;25;26;0;0;100;0;100;0;0;0;0;88;88;0;0.000;0.000;0.000;0.000;0.000;0.000;0.0;0.0;0;14;0.000;0.000;11.3;0;0.0;0;0;0;0;0;99;0;0;4986;0.00;0;0;0;0;0;0;0;0;0;0;0;0;0;0;0;0;14;0;99.0;99.0;0;0;0.00;0.00;0.00;0.0;0.0
225.411;232;0;99;0;0.0;19.700;1.340;25;26;0;0;100;0;100;0;0;0;0;88;88;0;0.000;0.000;0.000;0.000;0.000;0.000;0.0;0.0;0;14;0.000;0.000;11.3;0;0.0;0;0;0;0;0;99;0;0;4979;0.00;0;0;0;0;0;0;0;0;0;0;0;0;0;0;0;0;14;0;99.0;99.0;0;0;0.00;0.00;0.00;0.0;0.0
225.476;232;0;99;0;0.0;19.700;1.340;25;26;0;0;100;0;100;0;0;0;0;88;88;0;0.000;0.000;0.000;0.000;0.000;0.000;0.0;0.0;0;14;0.000;0.000;11.3;0;0.0;0;0;0;0;0;99;0;0;4979;0.00;0;0;0;0;0;0;0;0;0;0;0;0;0;0;0;0;14;0;99.0;99.0;0;0;0.00;0.00;0.00;0.0;0.0
225.543;232;0;99;0;0.0;19.700;1.340;25;26;0;0;100;0;100;0;0;0;0;88;88;0;0.000;0.000;0.000;0.000;0.000;0.000;0.0;0.0;0;14;0.000;0.000;11.3;0;0.0;0;0;0;0;0;99;0;0;4979;0.00;0;0;0;0;0;0;0;0;0;0;0;0;0;0;0;0;14;0;99.0;99.0;0;0;0.00;0.00;0.00;0.0;0.0
225.612;232;0;99;0;0.0;19.700;1.340;25;26;0;0;100;0;100;0;0;0;0;88;88;0;0.000;0.000;0.000;0.000;0.000;0.000;0.0;0.0;0;14;0.000;0.000;11.3;0;0.0;0;0;0;0;0;99;0;0;4979;0.00;0;0;0;0;0;0;0;0;0;0;0;0;0;0;0;0;14;0;99.0;99.0;0;0;0.00;0.00;0.00;0.0;0.0
225.678;232;0;99;0;0.0;19.700;1.340;25;26;0;0;100;0;100;0;0;0;0;88;88;0;0.000;0.000;0.000;0.000;0.000;0.000;0.0;0.0;0;14;0.000;0.000;11.3;0;0.0;0;0;0;0;0;99;0;0;4979;0.00;0;0;0;0;0;0;0;0;0;0;0;0;0;0;0;0;14;0;99.0;99.0;0;0;0.00;0.00;0.00;0.0;0.0
225.744;232;0;99;0;0.0;19.700;1.340;25;26;0;0;100;0;100;0;0;0;0;88;88;0;0.000;0.000;0.000;0.000;0.000;0.000;0.0;0.0;0;14;0.000;0.000;11.3;0;0.0;0;0;0;0;0;99;0;0;4979;0.00;0;0;0;0;0;0;0;0;0;0;0;0;0;0;0;0;14;0;99.0;99.0;0;0;0.00;0.00;0.00;0.0;0.0
225.813;232;0;99;0;0.0;19.700;1.340;25;26;0;0;100;0;100;0;0;0;0;88;88;0;0.000;0.000;0.000;0.000;0.000;0.000;0.0;0.0;0;14;0.000;0.000;11.3;0;0.0;0;0;0;0;0;99;0;0;4979;0.00;0;0;0;0;0;0;0;0;0;0;0;0;0;0;0;0;14;0;99.0;99.0;0;0;0.00;0.00;0.00;0.0;0.0
225.880;232;0;99;0;0.0;19.700;1.340;25;26;0;0;100;0;100;0;0;0;0;88;88;0;0.000;0.000;0.000;0.000;0.000;0.000;0.0;0.0;0;14;0.000;0.000;11.3;0;0.0;0;0;0;0;0;99;0;0;4979;0.00;0;0;0;0;0;0;0;0;0;0;0;0;0;0;0;0;14;0;99.0;99.0;0;0;0.00;0.00;0.00;0.0;0.0
225.944;232;0;99;0;0.0;19.700;1.340;25;26;0;0;100;0;100;0;0;0;0;88;88;0;0.000;0.000;0.000;0.000;0.000;0.000;0.0;0.0;0;14;0.000;0.000;11.3;0;0.0;0;0;0;0;0;99;0;0;4979;0.00;0;0;0;0;0;0;0;0;0;0;0;0;0;0;0;0;14;0;99.0;99.0;0;0;0.00;0.00;0.00;0.0;0.0
226.009;232;0;99;0;0.0;19.700;1.340;25;26;0;0;100;0;100;0;0;0;0;88;88;0;0.000;0.000;0.000;0.000;0.000;0.000;0.0;0.0;0;14;0.000;0.000;11.3;0;0.0;0;0;0;0;0;99;0;0;4979;0.00;0;0;0;0;0;0;0;0;0;0;0;0;0;0;0;0;14;0;99.0;99.0;0;0;0.00;0.00;0.00;0.0;0.0
226.079;232;0;99;0;0.0;19.700;1.340;25;26;0;0;100;0;100;0;0;0;0;88;88;0;0.000;0.000;0.000;0.000;0.000;0.000;0.0;0.0;0;14;0.000;0.000;11.3;0;0.0;0;0;0;0;0;99;0;0;4979;0.00;0;0;0;0;0;0;0;0;0;0;0;0;0;0;0;0;14;0;99.0;99.0;0;0;0.00;0.00;0.00;0.0;0.0
226.144;232;0;99;0;0.0;19.700;1.340;25;26;0;0;100;0;100;0;0;0;0;88;88;0;0.000;0.000;0.000;0.000;0.000;0.000;0.0;0.0;0;14;0.000;0.000;11.3;0;0.0;0;0;0;0;0;99;0;0;4979;0.00;0;0;0;0;0;0;0;0;0;0;0;0;0;0;0;0;14;0;99.0;99.0;0;0;0.00;0.00;0.00;0.0;0.0
226.210;232;0;99;0;0.0;19.700;1.340;25;26;0;0;100;0;100;0;0;0;0;88;88;0;0.000;0.000;0.000;0.000;0.000;0.000;0.0;0.0;0;14;0.000;0.000;11.3;0;0.0;0;0;0;0;0;99;0;0;4979;0.00;0;0;0;0;0;0;0;0;0;0;0;0;0;0;0;0;14;0;99.0;99.0;0;0;0.00;0.00;0.00;0.0;0.0
226.275;232;0;99;0;0.0;19.700;1.340;25;26;0;0;100;0;100;0;0;0;0;88;88;0;0.000;0.000;0.000;0.000;0.000;0.000;0.0;0.0;0;14;0.000;0.000;11.3;0;0.0;0;0;0;0;0;99;0;0;4979;0.00;0;0;0;0;0;0;0;0;0;0;0;0;0;0;0;0;14;0;99.0;99.0;0;0;0.00;0.00;0.00;0.0;0.0
226.347;232;0;99;0;0.0;19.700;1.340;25;26;0;0;100;0;100;0;0;0;0;88;88;0;0.000;0.000;0.000;0.000;0.000;0.000;0.0;0.0;0;14;0.000;0.000;11.3;0;0.0;0;0;0;0;0;99;0;0;4979;0.00;0;0;0;0;0;0;0;0;0;0;0;0;0;0;0;0;14;0;99.0;99.0;0;0;0.00;0.00;0.00;0.0;0.0
226.411;232;0;99;0;0.0;19.700;1.340;25;26;0;0;100;0;100;0;0;0;0;88;88;0;0.000;0.000;0.000;0.000;0.000;0.000;0.0;0.0;0;14;0.000;0.000;11.3;0;0.0;0;0;0;0;0;99;0;0;4979;0.00;0;0;0;0;0;0;0;0;0;0;0;0;0;0;0;0;14;0;99.0;99.0;0;0;0.00;0.00;0.00;0.0;0.0
226.478;233;0;99;0;0.0;19.700;1.340;25;26;0;0;100;0;100;0;0;0;0;88;88;0;0.000;0.000;0.000;0.000;0.000;0.000;0.0;0.0;0;14;0.000;0.000;11.3;0;0.0;0;0;0;0;0;99;0;0;4969;0.00;0;0;0;0;0;0;0;0;0;0;0;0;0;0;0;0;14;0;99.0;99.0;0;0;0.00;0.00;0.00;0.0;0.0
226.547;233;0;99;0;0.0;19.700;1.340;25;26;0;0;100;0;100;0;0;0;0;88;88;0;0.000;0.000;0.000;0.000;0.000;0.000;0.0;0.0;0;14;0.000;0.000;11.3;0;0.0;0;0;0;0;0;99;0;0;4969;0.00;0;0;0;0;0;0;0;0;0;0;0;0;0;0;0;0;14;0;99.0;99.0;0;0;0.00;0.00;0.00;0.0;0.0
226.659;233;0;99;0;0.0;19.700;1.340;25;26;0;0;100;0;100;0;0;0;0;88;88;0;0.000;0.000;0.000;0.000;0.000;0.000;0.0;0.0;0;14;0.000;0.000;11.3;0;0.0;0;0;0;0;0;99;0;0;4969;0.00;0;0;0;0;0;0;0;0;0;0;0;0;0;0;0;0;14;0;99.0;99.0;0;0;0.00;0.00;0.00;0.0;0.0
226.702;233;0;99;0;0.0;19.700;1.340;25;26;0;0;100;0;100;0;0;0;0;88;88;0;0.000;0.000;0.000;0.000;0.000;0.000;0.0;0.0;0;14;0.000;0.000;11.3;0;0.0;0;0;0;0;0;99;0;0;4969;0.00;0;0;0;0;0;0;0;0;0;0;0;0;0;0;0;0;14;0;99.0;99.0;0;0;0.00;0.00;0.00;0.0;0.0
226.759;233;0;99;0;0.0;19.700;1.340;25;26;0;0;100;0;100;0;0;0;0;88;88;0;0.000;0.000;0.000;0.000;0.000;0.000;0.0;0.0;0;14;0.000;0.000;11.3;0;0.0;0;0;0;0;0;99;0;0;4969;0.00;0;0;0;0;0;0;0;0;0;0;0;0;0;0;0;0;14;0;99.0;99.0;0;0;0.00;0.00;0.00;0.0;0.0
226.821;233;0;99;0;0.0;19.700;1.340;25;26;0;0;100;0;100;0;0;0;0;88;88;0;0.000;0.000;0.000;0.000;0.000;0.000;0.0;0.0;0;14;0.000;0.000;11.3;0;0.0;0;0;0;0;0;99;0;0;4969;0.00;0;0;0;0;0;0;0;0;0;0;0;0;0;0;0;0;14;0;99.0;99.0;0;0;0.00;0.00;0.00;0.0;0.0
226.886;233;0;99;0;0.0;19.700;1.340;25;26;0;0;100;0;100;0;0;0;0;88;88;0;0.000;0.000;0.000;0.000;0.000;0.000;0.0;0.0;0;14;0.000;0.000;11.3;0;0.0;0;0;0;0;0;99;0;0;4969;0.00;0;0;0;0;0;0;0;0;0;0;0;0;0;0;0;0;14;0;99.0;99.0;0;0;0.00;0.00;0.00;0.0;0.0
226.949;233;0;99;0;0.0;19.700;1.340;25;26;0;0;100;0;100;0;0;0;0;88;88;0;0.000;0.000;0.000;0.000;0.000;0.000;0.0;0.0;0;14;0.000;0.000;11.3;0;0.0;0;0;0;0;0;99;0;0;4969;0.00;0;0;0;0;0;0;0;0;0;0;0;0;0;0;0;0;14;0;99.0;99.0;0;0;0.00;0.00;0.00;0.0;0.0
227.013;233;0;99;0;0.0;19.700;1.340;25;26;0;0;100;0;100;0;0;0;0;88;88;0;0.000;0.000;0.000;0.000;0.000;0.000;0.0;0.0;0;14;0.000;0.000;11.3;0;0.0;0;0;0;0;0;99;0;0;4969;0.00;0;0;0;0;0;0;0;0;0;0;0;0;0;0;0;0;14;0;99.0;99.0;0;0;0.00;0.00;0.00;0.0;0.0
227.079;233;0;99;0;0.0;19.700;1.340;25;26;0;0;100;0;100;0;0;0;0;88;88;0;0.000;0.000;0.000;0.000;0.000;0.000;0.0;0.0;0;14;0.000;0.000;11.3;0;0.0;0;0;0;0;0;99;0;0;4969;0.00;0;0;0;0;0;0;0;0;0;0;0;0;0;0;0;0;14;0;99.0;99.0;0;0;0.00;0.00;0.00;0.0;0.0
227.144;233;0;99;0;0.0;19.700;1.340;25;26;0;0;100;0;100;0;0;0;0;88;88;0;0.000;0.000;0.000;0.000;0.000;0.000;0.0;0.0;0;14;0.000;0.000;11.3;0;0.0;0;0;0;0;0;99;0;0;4969;0.00;0;0;0;0;0;0;0;0;0;0;0;0;0;0;0;0;14;0;99.0;99.0;0;0;0.00;0.00;0.00;0.0;0.0
227.209;233;0;99;0;0.0;19.700;1.340;25;26;0;0;100;0;100;0;0;0;0;88;88;0;0.000;0.000;0.000;0.000;0.000;0.000;0.0;0.0;0;14;0.000;0.000;11.3;0;0.0;0;0;0;0;0;99;0;0;4969;0.00;0;0;0;0;0;0;0;0;0;0;0;0;0;0;0;0;14;0;99.0;99.0;0;0;0.00;0.00;0.00;0.0;0.0
227.275;233;0;99;0;0.0;19.700;1.340;25;26;0;0;100;0;100;0;0;0;0;88;88;0;0.000;0.000;0.000;0.000;0.000;0.000;0.0;0.0;0;14;0.000;0.000;11.3;0;0.0;0;0;0;0;0;99;0;0;4969;0.00;0;0;0;0;0;0;0;0;0;0;0;0;0;0;0;0;14;0;99.0;99.0;0;0;0.00;0.00;0.00;0.0;0.0
227.345;233;0;99;0;0.0;19.700;1.340;25;26;0;0;100;0;100;0;0;0;0;88;88;0;0.000;0.000;0.000;0.000;0.000;0.000;0.0;0.0;0;14;0.000;0.000;11.3;0;0.0;0;0;0;0;0;99;0;0;4969;0.00;0;0;0;0;0;0;0;0;0;0;0;0;0;0;0;0;14;0;99.0;99.0;0;0;0.00;0.00;0.00;0.0;0.0
227.416;233;0;99;0;0.0;19.700;1.340;25;26;0;0;100;0;100;0;0;0;0;88;88;0;0.000;0.000;0.000;0.000;0.000;0.000;0.0;0.0;0;14;0.000;0.000;11.3;0;0.0;0;0;0;0;0;99;0;0;4969;0.00;0;0;0;0;0;0;0;0;0;0;0;0;0;0;0;0;14;0;99.0;99.0;0;0;0.00;0.00;0.00;0.0;0.0
227.480;234;0;99;0;0.0;19.700;1.340;25;26;0;0;100;0;100;0;0;0;0;88;88;0;0.000;0.000;0.000;0.000;0.000;0.000;0.0;0.0;0;14;0.000;0.000;11.3;0;0.0;0;0;0;0;0;99;0;0;4965;0.00;0;0;0;0;0;0;0;0;0;0;0;0;0;0;0;0;14;0;99.0;99.0;0;0;0.00;0.00;0.00;0.0;0.0
227.546;234;0;99;0;0.0;19.700;1.340;25;26;0;0;100;0;100;0;0;0;0;88;88;0;0.000;0.000;0.000;0.000;0.000;0.000;0.0;0.0;0;14;0.000;0.000;11.3;0;0.0;0;0;0;0;0;99;0;0;4965;0.00;0;0;0;0;0;0;0;0;0;0;0;0;0;0;0;0;14;0;99.0;99.0;0;0;0.00;0.00;0.00;0.0;0.0
227.612;234;0;99;0;0.0;19.700;1.340;25;26;0;0;100;0;100;0;0;0;0;88;88;0;0.000;0.000;0.000;0.000;0.000;0.000;0.0;0.0;0;14;0.000;0.000;11.3;0;0.0;0;0;0;0;0;99;0;0;4965;0.00;0;0;0;0;0;0;0;0;0;0;0;0;0;0;0;0;14;0;99.0;99.0;0;0;0.00;0.00;0.00;0.0;0.0
227.681;234;0;99;0;0.0;19.700;1.340;25;26;0;0;100;0;100;0;0;0;0;88;88;0;0.000;0.000;0.000;0.000;0.000;0.000;0.0;0.0;0;14;0.000;0.000;11.3;0;0.0;0;0;0;0;0;99;0;0;4965;0.00;0;0;0;0;0;0;0;0;0;0;0;0;0;0;0;0;14;0;99.0;99.0;0;0;0.00;0.00;0.00;0.0;0.0
227.746;234;0;99;0;0.0;19.700;1.340;25;26;0;0;100;0;100;0;0;0;0;88;88;0;0.000;0.000;0.000;0.000;0.000;0.000;0.0;0.0;0;14;0.000;0.000;11.3;0;0.0;0;0;0;0;0;99;0;0;4965;0.00;0;0;0;0;0;0;0;0;0;0;0;0;0;0;0;0;14;0;99.0;99.0;0;0;0.00;0.00;0.00;0.0;0.0
227.812;234;0;99;0;0.0;19.700;1.340;25;26;0;0;100;0;100;0;0;0;0;88;88;0;0.000;0.000;0.000;0.000;0.000;0.000;0.0;0.0;0;14;0.000;0.000;11.3;0;0.0;0;0;0;0;0;99;0;0;4965;0.00;0;0;0;0;0;0;0;0;0;0;0;0;0;0;0;0;14;0;99.0;99.0;0;0;0.00;0.00;0.00;0.0;0.0
227.878;234;0;99;0;0.0;19.700;1.340;25;26;0;0;100;0;100;0;0;0;0;88;88;0;0.000;0.000;0.000;0.000;0.000;0.000;0.0;0.0;0;14;0.000;0.000;11.3;0;0.0;0;0;0;0;0;99;0;0;4965;0.00;0;0;0;0;0;0;0;0;0;0;0;0;0;0;0;0;14;0;99.0;99.0;0;0;0.00;0.00;0.00;0.0;0.0
227.947;234;0;99;0;0.0;19.700;1.340;25;26;0;0;100;0;100;0;0;0;0;88;88;0;0.000;0.000;0.000;0.000;0.000;0.000;0.0;0.0;0;14;0.000;0.000;11.3;0;0.0;0;0;0;0;0;99;0;0;4965;0.00;0;0;0;0;0;0;0;0;0;0;0;0;0;0;0;0;14;0;99.0;99.0;0;0;0.00;0.00;0.00;0.0;0.0
228.012;234;0;99;0;0.0;19.700;1.340;25;26;0;0;100;0;100;0;0;0;0;88;88;0;0.000;0.000;0.000;0.000;0.000;0.000;0.0;0.0;0;14;0.000;0.000;11.3;0;0.0;0;0;0;0;0;99;0;0;4965;0.00;0;0;0;0;0;0;0;0;0;0;0;0;0;0;0;0;14;0;99.0;99.0;0;0;0.00;0.00;0.00;0.0;0.0
228.078;234;0;99;0;0.0;19.700;1.340;25;26;0;0;100;0;100;0;0;0;0;88;88;0;0.000;0.000;0.000;0.000;0.000;0.000;0.0;0.0;0;14;0.000;0.000;11.3;0;0.0;0;0;0;0;0;99;0;0;4965;0.00;0;0;0;0;0;0;0;0;0;0;0;0;0;0;0;0;14;0;99.0;99.0;0;0;0.00;0.00;0.00;0.0;0.0
228.144;234;0;99;0;0.0;19.700;1.340;25;26;0;0;100;0;100;0;0;0;0;88;88;0;0.000;0.000;0.000;0.000;0.000;0.000;0.0;0.0;0;14;0.000;0.000;11.3;0;0.0;0;0;0;0;0;99;0;0;4965;0.00;0;0;0;0;0;0;0;0;0;0;0;0;0;0;0;0;14;0;99.0;99.0;0;0;0.00;0.00;0.00;0.0;0.0
228.213;234;0;99;0;0.0;19.700;1.340;25;26;0;0;100;0;100;0;0;0;0;88;88;0;0.000;0.000;0.000;0.000;0.000;0.000;0.0;0.0;0;14;0.000;0.000;11.3;0;0.0;0;0;0;0;0;99;0;0;4965;0.00;0;0;0;0;0;0;0;0;0;0;0;0;0;0;0;0;14;0;99.0;99.0;0;0;0.00;0.00;0.00;0.0;0.0
228.279;234;0;99;0;0.0;19.700;1.340;25;26;0;0;100;0;100;0;0;0;0;88;88;0;0.000;0.000;0.000;0.000;0.000;0.000;0.0;0.0;0;14;0.000;0.000;11.3;0;0.0;0;0;0;0;0;99;0;0;4965;0.00;0;0;0;0;0;0;0;0;0;0;0;0;0;0;0;0;14;0;99.0;99.0;0;0;0.00;0.00;0.00;0.0;0.0
228.349;234;0;99;0;0.0;19.700;1.340;25;26;0;0;100;0;100;0;0;0;0;88;88;0;0.000;0.000;0.000;0.000;0.000;0.000;0.0;0.0;0;14;0.000;0.000;11.3;0;0.0;0;0;0;0;0;99;0;0;4965;0.00;0;0;0;0;0;0;0;0;0;0;0;0;0;0;0;0;14;0;99.0;99.0;0;0;0.00;0.00;0.00;0.0;0.0
228.413;234;0;99;0;0.0;19.700;1.340;25;26;0;0;100;0;100;0;0;0;0;88;88;0;0.000;0.000;0.000;0.000;0.000;0.000;0.0;0.0;0;14;0.000;0.000;11.3;0;0.0;0;0;0;0;0;99;0;0;4965;0.00;0;0;0;0;0;0;0;0;0;0;0;0;0;0;0;0;14;0;99.0;99.0;0;0;0.00;0.00;0.00;0.0;0.0
228.479;235;0;99;0;0.0;19.700;1.340;25;26;0;0;100;0;100;0;0;0;0;88;88;0;0.000;0.000;0.000;0.000;0.000;0.000;0.0;0.0;0;14;0.000;0.000;11.3;0;0.0;0;0;0;0;0;99;0;0;4984;0.00;0;0;0;0;0;0;0;0;0;0;0;0;0;0;0;0;14;0;99.0;99.0;0;0;0.00;0.00;0.00;0.0;0.0
228.545;235;0;99;0;0.0;19.700;1.340;25;26;0;0;100;0;100;0;0;0;0;88;88;0;0.000;0.000;0.000;0.000;0.000;0.000;0.0;0.0;0;14;0.000;0.000;11.3;0;0.0;0;0;0;0;0;99;0;0;4984;0.00;0;0;0;0;0;0;0;0;0;0;0;0;0;0;0;0;14;0;99.0;99.0;0;0;0.00;0.00;0.00;0.0;0.0
228.611;235;0;99;0;0.0;19.700;1.340;25;26;0;0;100;0;100;0;0;0;0;88;88;0;0.000;0.000;0.000;0.000;0.000;0.000;0.0;0.0;0;14;0.000;0.000;11.3;0;0.0;0;0;0;0;0;99;0;0;4984;0.00;0;0;0;0;0;0;0;0;0;0;0;0;0;0;0;0;14;0;99.0;99.0;0;0;0.00;0.00;0.00;0.0;0.0
228.680;235;0;99;0;0.0;19.700;1.340;25;26;0;0;100;0;100;0;0;0;0;88;88;0;0.000;0.000;0.000;0.000;0.000;0.000;0.0;0.0;0;14;0.000;0.000;11.3;0;0.0;0;0;0;0;0;99;0;0;4984;0.00;0;0;0;0;0;0;0;0;0;0;0;0;0;0;0;0;14;0;99.0;99.0;0;0;0.00;0.00;0.00;0.0;0.0
228.746;235;0;99;0;0.0;19.700;1.340;25;26;0;0;100;0;100;0;0;0;0;88;88;0;0.000;0.000;0.000;0.000;0.000;0.000;0.0;0.0;0;14;0.000;0.000;11.3;0;0.0;0;0;0;0;0;99;0;0;4984;0.00;0;0;0;0;0;0;0;0;0;0;0;0;0;0;0;0;14;0;99.0;99.0;0;0;0.00;0.00;0.00;0.0;0.0
228.811;235;0;99;0;0.0;19.700;1.340;25;26;0;0;100;0;100;0;0;0;0;88;88;0;0.000;0.000;0.000;0.000;0.000;0.000;0.0;0.0;0;14;0.000;0.000;11.3;0;0.0;0;0;0;0;0;99;0;0;4984;0.00;0;0;0;0;0;0;0;0;0;0;0;0;0;0;0;0;14;0;99.0;99.0;0;0;0.00;0.00;0.00;0.0;0.0
228.877;235;0;99;0;0.0;19.700;1.340;25;26;0;0;100;0;100;0;0;0;0;88;88;0;0.000;0.000;0.000;0.000;0.000;0.000;0.0;0.0;0;14;0.000;0.000;11.3;0;0.0;0;0;0;0;0;99;0;0;4984;0.00;0;0;0;0;0;0;0;0;0;0;0;0;0;0;0;0;14;0;99.0;99.0;0;0;0.00;0.00;0.00;0.0;0.0
228.946;235;0;99;0;0.0;19.700;1.340;25;26;0;0;100;0;100;0;0;0;0;88;88;0;0.000;0.000;0.000;0.000;0.000;0.000;0.0;0.0;0;14;0.000;0.000;11.3;0;0.0;0;0;0;0;0;99;0;0;4984;0.00;0;0;0;0;0;0;0;0;0;0;0;0;0;0;0;0;14;0;99.0;99.0;0;0;0.00;0.00;0.00;0.0;0.0
229.012;235;0;99;0;0.0;19.700;1.340;25;26;0;0;100;0;100;0;0;0;0;88;88;0;0.000;0.000;0.000;0.000;0.000;0.000;0.0;0.0;0;14;0.000;0.000;11.3;0;0.0;0;0;0;0;0;99;0;0;4984;0.00;0;0;0;0;0;0;0;0;0;0;0;0;0;0;0;0;14;0;99.0;99.0;0;0;0.00;0.00;0.00;0.0;0.0
229.078;235;0;99;0;0.0;19.700;1.340;25;26;0;0;100;0;100;0;0;0;0;88;88;0;0.000;0.000;0.000;0.000;0.000;0.000;0.0;0.0;0;14;0.000;0.000;11.3;0;0.0;0;0;0;0;0;99;0;0;4984;0.00;0;0;0;0;0;0;0;0;0;0;0;0;0;0;0;0;14;0;99.0;99.0;0;0;0.00;0.00;0.00;0.0;0.0
229.147;235;0;99;0;0.0;19.700;1.340;25;26;0;0;100;0;100;0;0;0;0;88;88;0;0.000;0.000;0.000;0.000;0.000;0.000;0.0;0.0;0;14;0.000;0.000;11.3;0;0.0;0;0;0;0;0;99;0;0;4984;0.00;0;0;0;0;0;0;0;0;0;0;0;0;0;0;0;0;14;0;99.0;99.0;0;0;0.00;0.00;0.00;0.0;0.0
229.213;235;0;99;0;0.0;19.700;1.340;25;26;0;0;100;0;100;0;0;0;0;88;88;0;0.000;0.000;0.000;0.000;0.000;0.000;0.0;0.0;0;14;0.000;0.000;11.3;0;0.0;0;0;0;0;0;99;0;0;4984;0.00;0;0;0;0;0;0;0;0;0;0;0;0;0;0;0;0;14;0;99.0;99.0;0;0;0.00;0.00;0.00;0.0;0.0
229.278;235;0;99;0;0.0;19.700;1.340;25;26;0;0;100;0;100;0;0;0;0;88;88;0;0.000;0.000;0.000;0.000;0.000;0.000;0.0;0.0;0;14;0.000;0.000;11.3;0;0.0;0;0;0;0;0;99;0;0;4984;0.00;0;0;0;0;0;0;0;0;0;0;0;0;0;0;0;0;14;0;99.0;99.0;0;0;0.00;0.00;0.00;0.0;0.0
229.343;235;0;99;0;0.0;19.700;1.340;25;26;0;0;100;0;100;0;0;0;0;88;88;0;0.000;0.000;0.000;0.000;0.000;0.000;0.0;0.0;0;14;0.000;0.000;11.3;0;0.0;0;0;0;0;0;99;0;0;4984;0.00;0;0;0;0;0;0;0;0;0;0;0;0;0;0;0;0;14;0;99.0;99.0;0;0;0.00;0.00;0.00;0.0;0.0
229.413;235;0;99;0;0.0;19.700;1.340;25;26;0;0;100;0;100;0;0;0;0;88;88;0;0.000;0.000;0.000;0.000;0.000;0.000;0.0;0.0;0;14;0.000;0.000;11.3;0;0.0;0;0;0;0;0;99;0;0;4984;0.00;0;0;0;0;0;0;0;0;0;0;0;0;0;0;0;0;14;0;99.0;99.0;0;0;0.00;0.00;0.00;0.0;0.0
229.478;236;0;99;0;0.0;19.700;1.340;25;26;0;0;100;0;100;0;0;0;0;88;88;0;0.000;0.000;0.000;0.000;0.000;0.000;0.0;0.0;0;14;0.000;0.000;11.3;0;0.0;0;0;0;0;0;99;0;0;4978;0.00;0;0;0;0;0;0;0;0;0;0;0;0;0;0;0;0;14;0;99.0;99.0;0;0;0.00;0.00;0.00;0.0;0.0
229.544;236;0;99;0;0.0;19.700;1.340;25;26;0;0;100;0;100;0;0;0;0;88;88;0;0.000;0.000;0.000;0.000;0.000;0.000;0.0;0.0;0;14;0.000;0.000;11.3;0;0.0;0;0;0;0;0;99;0;0;4978;0.00;0;0;0;0;0;0;0;0;0;0;0;0;0;0;0;0;14;0;99.0;99.0;0;0;0.00;0.00;0.00;0.0;0.0
229.609;236;0;99;0;0.0;19.700;1.340;25;26;0;0;100;0;100;0;0;0;0;88;88;0;0.000;0.000;0.000;0.000;0.000;0.000;0.0;0.0;0;14;0.000;0.000;11.3;0;0.0;0;0;0;0;0;99;0;0;4978;0.00;0;0;0;0;0;0;0;0;0;0;0;0;0;0;0;0;14;0;99.0;99.0;0;0;0.00;0.00;0.00;0.0;0.0
229.675;236;0;99;0;0.0;19.700;1.340;25;26;0;0;100;0;100;0;0;0;0;88;88;0;0.000;0.000;0.000;0.000;0.000;0.000;0.0;0.0;0;14;0.000;0.000;11.3;0;0.0;0;0;0;0;0;99;0;0;4978;0.00;0;0;0;0;0;0;0;0;0;0;0;0;0;0;0;0;14;0;99.0;99.0;0;0;0.00;0.00;0.00;0.0;0.0
229.745;236;0;99;0;0.0;19.700;1.340;25;26;0;0;100;0;100;0;0;0;0;88;88;0;0.000;0.000;0.000;0.000;0.000;0.000;0.0;0.0;0;14;0.000;0.000;11.3;0;0.0;0;0;0;0;0;99;0;0;4978;0.00;0;0;0;0;0;0;0;0;0;0;0;0;0;0;0;0;14;0;99.0;99.0;0;0;0.00;0.00;0.00;0.0;0.0
229.810;236;0;99;0;0.0;19.700;1.340;25;26;0;0;100;0;100;0;0;0;0;88;88;0;0.000;0.000;0.000;0.000;0.000;0.000;0.0;0.0;0;14;0.000;0.000;11.3;0;0.0;0;0;0;0;0;99;0;0;4978;0.00;0;0;0;0;0;0;0;0;0;0;0;0;0;0;0;0;14;0;99.0;99.0;0;0;0.00;0.00;0.00;0.0;0.0
229.881;236;0;99;0;0.0;19.700;1.340;25;26;0;0;100;0;100;0;0;0;0;88;88;0;0.000;0.000;0.000;0.000;0.000;0.000;0.0;0.0;0;14;0.000;0.000;11.3;0;0.0;0;0;0;0;0;99;0;0;4978;0.00;0;0;0;0;0;0;0;0;0;0;0;0;0;0;0;0;14;0;99.0;99.0;0;0;0.00;0.00;0.00;0.0;0.0
229.945;236;0;99;0;0.0;19.700;1.340;25;26;0;0;100;0;100;0;0;0;0;88;88;0;0.000;0.000;0.000;0.000;0.000;0.000;0.0;0.0;0;14;0.000;0.000;11.3;0;0.0;0;0;0;0;0;99;0;0;4978;0.00;0;0;0;0;0;0;0;0;0;0;0;0;0;0;0;0;14;0;99.0;99.0;0;0;0.00;0.00;0.00;0.0;0.0
230.015;236;0;99;0;0.0;19.700;1.340;25;26;0;0;100;0;100;0;0;0;0;88;88;0;0.000;0.000;0.000;0.000;0.000;0.000;0.0;0.0;0;14;0.000;0.000;11.3;0;0.0;0;0;0;0;0;99;0;0;4978;0.00;0;0;0;0;0;0;0;0;0;0;0;0;0;0;0;0;14;0;99.0;99.0;0;0;0.00;0.00;0.00;0.0;0.0
230.081;236;0;99;0;0.0;19.700;1.340;25;26;0;0;100;0;100;0;0;0;0;88;88;0;0.000;0.000;0.000;0.000;0.000;0.000;0.0;0.0;0;14;0.000;0.000;11.3;0;0.0;0;0;0;0;0;99;0;0;4978;0.00;0;0;0;0;0;0;0;0;0;0;0;0;0;0;0;0;14;0;99.0;99.0;0;0;0.00;0.00;0.00;0.0;0.0
230.146;236;0;99;0;0.0;19.700;1.340;25;26;0;0;100;0;100;0;0;0;0;88;88;0;0.000;0.000;0.000;0.000;0.000;0.000;0.0;0.0;0;14;0.000;0.000;11.3;0;0.0;0;0;0;0;0;99;0;0;4978;0.00;0;0;0;0;0;0;0;0;0;0;0;0;0;0;0;0;14;0;99.0;99.0;0;0;0.00;0.00;0.00;0.0;0.0
230.212;236;0;99;0;0.0;19.700;1.340;25;26;0;0;100;0;100;0;0;0;0;88;88;0;0.000;0.000;0.000;0.000;0.000;0.000;0.0;0.0;0;14;0.000;0.000;11.3;0;0.0;0;0;0;0;0;99;0;0;4978;0.00;0;0;0;0;0;0;0;0;0;0;0;0;0;0;0;0;14;0;99.0;99.0;0;0;0.00;0.00;0.00;0.0;0.0
230.276;236;0;99;0;0.0;19.700;1.340;25;26;0;0;100;0;100;0;0;0;0;88;88;0;0.000;0.000;0.000;0.000;0.000;0.000;0.0;0.0;0;14;0.000;0.000;11.3;0;0.0;0;0;0;0;0;99;0;0;4978;0.00;0;0;0;0;0;0;0;0;0;0;0;0;0;0;0;0;14;0;99.0;99.0;0;0;0.00;0.00;0.00;0.0;0.0
230.346;236;0;99;0;0.0;19.700;1.340;25;26;0;0;100;0;100;0;0;0;0;88;88;0;0.000;0.000;0.000;0.000;0.000;0.000;0.0;0.0;0;14;0.000;0.000;11.3;0;0.0;0;0;0;0;0;99;0;0;4978;0.00;0;0;0;0;0;0;0;0;0;0;0;0;0;0;0;0;14;0;99.0;99.0;0;0;0.00;0.00;0.00;0.0;0.0
230.412;236;0;99;0;0.0;19.700;1.340;25;26;0;0;100;0;100;0;0;0;0;88;88;0;0.000;0.000;0.000;0.000;0.000;0.000;0.0;0.0;0;14;0.000;0.000;11.3;0;0.0;0;0;0;0;0;99;0;0;4978;0.00;0;0;0;0;0;0;0;0;0;0;0;0;0;0;0;0;14;0;99.0;99.0;0;0;0.00;0.00;0.00;0.0;0.0
230.481;237;0;99;0;0.0;19.700;1.340;25;26;0;0;100;0;100;0;0;0;0;88;88;0;0.000;0.000;0.000;0.000;0.000;0.000;0.0;0.0;0;14;0.000;0.000;11.3;0;0.0;0;0;0;0;0;99;0;0;4983;0.00;0;0;0;0;0;0;0;0;0;0;0;0;0;0;0;0;14;0;99.0;99.0;0;0;0.00;0.00;0.00;0.0;0.0
230.548;237;0;98;0;0.0;19.700;1.340;25;26;0;0;100;0;100;0;0;0;0;88;88;0;0.000;0.000;0.000;0.000;0.000;0.000;0.0;0.0;0;15;0.000;0.000;11.3;0;-0.1;0;0;0;0;0;99;0;0;4983;0.00;0;0;0;0;0;0;0;0;0;0;0;0;0;0;0;0;15;0;98.0;98.0;0;0;0.00;0.00;0.00;0.0;0.0
230.613;237;0;99;0;0.0;19.700;1.340;25;26;0;0;100;0;100;0;0;0;0;88;88;0;0.000;0.000;0.000;0.000;0.000;0.000;0.0;0.0;0;14;0.000;0.000;11.3;0;0.0;0;0;0;0;0;99;0;0;4983;0.00;0;0;0;0;0;0;0;0;0;0;0;0;0;0;0;0;14;0;99.0;99.0;0;0;0.00;0.00;0.00;0.0;0.0
230.679;237;0;99;0;0.0;19.700;1.340;25;26;0;0;100;0;100;0;0;0;0;88;88;0;0.000;0.000;0.000;0.000;0.000;0.000;0.0;0.0;0;14;0.000;0.000;11.3;0;0.0;0;0;0;0;0;99;0;0;4983;0.00;0;0;0;0;0;0;0;0;0;0;0;0;0;0;0;0;14;0;99.0;99.0;0;0;0.00;0.00;0.00;0.0;0.0
230.744;237;0;99;0;0.0;19.700;1.340;25;26;0;0;100;0;100;0;0;0;0;88;88;0;0.000;0.000;0.000;0.000;0.000;0.000;0.0;0.0;0;14;0.000;0.000;11.3;0;0.0;0;0;0;0;0;99;0;0;4983;0.00;0;0;0;0;0;0;0;0;0;0;0;0;0;0;0;0;14;0;99.0;99.0;0;0;0.00;0.00;0.00;0.0;0.0
230.810;237;0;99;0;0.0;19.700;1.340;25;26;0;0;100;0;100;0;0;0;0;88;88;0;0.000;0.000;0.000;0.000;0.000;0.000;0.0;0.0;0;14;0.000;0.000;11.3;0;0.0;0;0;0;0;0;99;0;0;4983;0.00;0;0;0;0;0;0;0;0;0;0;0;0;0;0;0;0;14;0;99.0;99.0;0;0;0.00;0.00;0.00;0.0;0.0
230.879;237;0;98;0;0.0;19.700;1.340;25;26;0;0;100;0;100;0;0;0;0;88;88;0;0.000;0.000;0.000;0.000;0.000;0.000;0.0;0.0;0;15;0.000;0.000;11.3;0;-0.1;0;0;0;0;0;99;0;0;4983;0.00;0;0;0;0;0;0;0;0;0;0;0;0;0;0;0;0;15;0;98.0;98.0;0;0;0.00;0.00;0.00;0.0;0.0
230.944;237;0;99;0;0.0;19.700;1.340;25;26;0;0;100;0;100;0;0;0;0;88;88;0;0.000;0.000;0.000;0.000;0.000;0.000;0.0;0.0;0;14;0.000;0.000;11.3;0;0.0;0;0;0;0;0;99;0;0;4983;0.00;0;0;0;0;0;0;0;0;0;0;0;0;0;0;0;0;14;0;99.0;99.0;0;0;0.00;0.00;0.00;0.0;0.0
231.010;237;0;99;0;0.0;19.700;1.340;25;26;0;0;100;0;100;0;0;0;0;88;88;0;0.000;0.000;0.000;0.000;0.000;0.000;0.0;0.0;0;14;0.000;0.000;11.3;0;0.0;0;0;0;0;0;99;0;0;4983;0.00;0;0;0;0;0;0;0;0;0;0;0;0;0;0;0;0;14;0;99.0;99.0;0;0;0.00;0.00;0.00;0.0;0.0
231.080;237;0;99;0;0.0;19.700;1.340;25;26;0;0;100;0;100;0;0;0;0;88;88;0;0.000;0.000;0.000;0.000;0.000;0.000;0.0;0.0;0;14;0.000;0.000;11.3;0;0.0;0;0;0;0;0;99;0;0;4983;0.00;0;0;0;0;0;0;0;0;0;0;0;0;0;0;0;0;14;0;99.0;99.0;0;0;0.00;0.00;0.00;0.0;0.0
231.145;237;0;99;0;0.0;19.700;1.340;25;26;0;0;100;0;100;0;0;0;0;88;88;0;0.000;0.000;0.000;0.000;0.000;0.000;0.0;0.0;0;14;0.000;0.000;11.3;0;0.0;0;0;0;0;0;99;0;0;4983;0.00;0;0;0;0;0;0;0;0;0;0;0;0;0;0;0;0;14;0;99.0;99.0;0;0;0.00;0.00;0.00;0.0;0.0
231.210;237;0;99;0;0.0;19.700;1.340;25;26;0;0;100;0;100;0;0;0;0;88;88;0;0.000;0.000;0.000;0.000;0.000;0.000;0.0;0.0;0;14;0.000;0.000;11.3;0;0.0;0;0;0;0;0;99;0;0;4983;0.00;0;0;0;0;0;0;0;0;0;0;0;0;0;0;0;0;14;0;99.0;99.0;0;0;0.00;0.00;0.00;0.0;0.0
231.280;237;0;99;0;0.0;19.700;1.340;25;26;0;0;100;0;100;0;0;0;0;88;88;0;0.000;0.000;0.000;0.000;0.000;0.000;0.0;0.0;0;14;0.000;0.000;11.3;0;0.0;0;0;0;0;0;99;0;0;4983;0.00;0;0;0;0;0;0;0;0;0;0;0;0;0;0;0;0;14;0;99.0;99.0;0;0;0.00;0.00;0.00;0.0;0.0
231.346;237;0;99;0;0.0;19.700;1.340;25;26;0;0;100;0;100;0;0;0;0;88;88;0;0.000;0.000;0.000;0.000;0.000;0.000;0.0;0.0;0;14;0.000;0.000;11.3;0;0.0;0;0;0;0;0;99;0;0;4983;0.00;0;0;0;0;0;0;0;0;0;0;0;0;0;0;0;0;14;0;99.0;99.0;0;0;0.00;0.00;0.00;0.0;0.0
231.411;237;0;99;0;0.0;19.700;1.340;25;26;0;0;100;0;100;0;0;0;0;88;88;0;0.000;0.000;0.000;0.000;0.000;0.000;0.0;0.0;0;14;0.000;0.000;11.3;0;0.0;0;0;0;0;0;99;0;0;4983;0.00;0;0;0;0;0;0;0;0;0;0;0;0;0;0;0;0;14;0;99.0;99.0;0;0;0.00;0.00;0.00;0.0;0.0
231.478;237;0;99;0;0.0;19.700;1.340;25;26;0;0;100;0;100;0;0;0;0;88;88;0;0.000;0.000;0.000;0.000;0.000;0.000;0.0;0.0;0;14;0.000;0.000;11.3;0;0.0;0;0;0;0;0;99;0;0;4983;0.00;0;0;0;0;0;0;0;0;0;0;0;0;0;0;0;0;14;0;99.0;99.0;0;0;0.00;0.00;0.00;0.0;0.0
231.547;238;0;99;0;0.0;19.700;1.340;25;26;0;0;100;0;100;0;0;0;0;88;88;0;0.000;0.000;0.000;0.000;0.000;0.000;0.0;0.0;0;14;0.000;0.000;11.3;0;0.0;0;0;0;0;0;99;0;0;4960;0.00;0;0;0;0;0;0;0;0;0;0;0;0;0;0;0;0;14;0;99.0;99.0;0;0;0.00;0.00;0.00;0.0;0.0
231.612;238;0;99;0;0.0;19.700;1.340;25;26;0;0;100;0;100;0;0;0;0;88;88;0;0.000;0.000;0.000;0.000;0.000;0.000;0.0;0.0;0;14;0.000;0.000;11.3;0;0.0;0;0;0;0;0;99;0;0;4960;0.00;0;0;0;0;0;0;0;0;0;0;0;0;0;0;0;0;14;0;99.0;99.0;0;0;0.00;0.00;0.00;0.0;0.0
231.678;238;0;99;0;0.0;19.700;1.340;25;26;0;0;100;0;100;0;0;0;0;88;88;0;0.000;0.000;0.000;0.000;0.000;0.000;0.0;0.0;0;14;0.000;0.000;11.3;0;0.0;0;0;0;0;0;99;0;0;4960;0.00;0;0;0;0;0;0;0;0;0;0;0;0;0;0;0;0;14;0;99.0;99.0;0;0;0.00;0.00;0.00;0.0;0.0
231.743;238;0;99;0;0.0;19.700;1.340;25;26;0;0;100;0;100;0;0;0;0;88;88;0;0.000;0.000;0.000;0.000;0.000;0.000;0.0;0.0;0;14;0.000;0.000;11.3;0;0.0;0;0;0;0;0;99;0;0;4960;0.00;0;0;0;0;0;0;0;0;0;0;0;0;0;0;0;0;14;0;99.0;99.0;0;0;0.00;0.00;0.00;0.0;0.0
231.813;238;0;99;0;0.0;19.700;1.340;25;26;0;0;100;0;100;0;0;0;0;88;88;0;0.000;0.000;0.000;0.000;0.000;0.000;0.0;0.0;0;14;0.000;0.000;11.3;0;0.0;0;0;0;0;0;99;0;0;4960;0.00;0;0;0;0;0;0;0;0;0;0;0;0;0;0;0;0;14;0;99.0;99.0;0;0;0.00;0.00;0.00;0.0;0.0
231.878;238;0;99;0;0.0;19.700;1.340;25;26;0;0;100;0;100;0;0;0;0;88;88;0;0.000;0.000;0.000;0.000;0.000;0.000;0.0;0.0;0;14;0.000;0.000;11.3;0;0.0;0;0;0;0;0;99;0;0;4960;0.00;0;0;0;0;0;0;0;0;0;0;0;0;0;0;0;0;14;0;99.0;99.0;0;0;0.00;0.00;0.00;0.0;0.0
231.946;238;0;99;0;0.0;19.700;1.340;25;26;0;0;100;0;100;0;0;0;0;88;88;0;0.000;0.000;0.000;0.000;0.000;0.000;0.0;0.0;0;14;0.000;0.000;11.3;0;0.0;0;0;0;0;0;99;0;0;4960;0.00;0;0;0;0;0;0;0;0;0;0;0;0;0;0;0;0;14;0;99.0;99.0;0;0;0.00;0.00;0.00;0.0;0.0
232.013;238;0;99;0;0.0;19.700;1.340;25;26;0;0;100;0;100;0;0;0;0;88;88;0;0.000;0.000;0.000;0.000;0.000;0.000;0.0;0.0;0;14;0.000;0.000;11.3;0;0.0;0;0;0;0;0;99;0;0;4960;0.00;0;0;0;0;0;0;0;0;0;0;0;0;0;0;0;0;14;0;99.0;99.0;0;0;0.00;0.00;0.00;0.0;0.0
232.079;238;0;99;0;0.0;19.700;1.340;25;26;0;0;100;0;100;0;0;0;0;88;88;0;0.000;0.000;0.000;0.000;0.000;0.000;0.0;0.0;0;14;0.000;0.000;11.3;0;0.0;0;0;0;0;0;99;0;0;4960;0.00;0;0;0;0;0;0;0;0;0;0;0;0;0;0;0;0;14;0;99.0;99.0;0;0;0.00;0.00;0.00;0.0;0.0
232.145;238;0;99;0;0.0;19.700;1.340;25;26;0;0;100;0;100;0;0;0;0;88;88;0;0.000;0.000;0.000;0.000;0.000;0.000;0.0;0.0;0;14;0.000;0.000;11.3;0;0.0;0;0;0;0;0;99;0;0;4960;0.00;0;0;0;0;0;0;0;0;0;0;0;0;0;0;0;0;14;0;99.0;99.0;0;0;0.00;0.00;0.00;0.0;0.0
232.210;238;0;99;0;0.0;19.700;1.340;25;26;0;0;100;0;100;0;0;0;0;88;88;0;0.000;0.000;0.000;0.000;0.000;0.000;0.0;0.0;0;14;0.000;0.000;11.3;0;0.0;0;0;0;0;0;99;0;0;4960;0.00;0;0;0;0;0;0;0;0;0;0;0;0;0;0;0;0;14;0;99.0;99.0;0;0;0.00;0.00;0.00;0.0;0.0
232.281;238;0;99;0;0.0;19.700;1.340;25;26;0;0;100;0;100;0;0;0;0;88;88;0;0.000;0.000;0.000;0.000;0.000;0.000;0.0;0.0;0;14;0.000;0.000;11.3;0;0.0;0;0;0;0;0;99;0;0;4960;0.00;0;0;0;0;0;0;0;0;0;0;0;0;0;0;0;0;14;0;99.0;99.0;0;0;0.00;0.00;0.00;0.0;0.0
232.346;238;0;99;0;0.0;19.700;1.340;25;26;0;0;100;0;100;0;0;0;0;88;88;0;0.000;0.000;0.000;0.000;0.000;0.000;0.0;0.0;0;14;0.000;0.000;11.3;0;0.0;0;0;0;0;0;99;0;0;4960;0.00;0;0;0;0;0;0;0;0;0;0;0;0;0;0;0;0;14;0;99.0;99.0;0;0;0.00;0.00;0.00;0.0;0.0
232.416;238;0;99;0;0.0;19.700;1.340;25;26;0;0;100;0;100;0;0;0;0;88;88;0;0.000;0.000;0.000;0.000;0.000;0.000;0.0;0.0;0;14;0.000;0.000;11.3;0;0.0;0;0;0;0;0;99;0;0;4960;0.00;0;0;0;0;0;0;0;0;0;0;0;0;0;0;0;0;14;0;99.0;99.0;0;0;0.00;0.00;0.00;0.0;0.0
232.481;238;0;99;0;0.0;19.700;1.340;25;26;0;0;100;0;100;0;0;0;0;88;88;0;0.000;0.000;0.000;0.000;0.000;0.000;0.0;0.0;0;14;0.000;0.000;11.3;0;0.0;0;0;0;0;0;99;0;0;4960;0.00;0;0;0;0;0;0;0;0;0;0;0;0;0;0;0;0;14;0;99.0;99.0;0;0;0.00;0.00;0.00;0.0;0.0
232.546;239;0;99;0;0.0;19.700;1.340;25;26;0;0;100;0;100;0;0;0;0;88;88;0;0.000;0.000;0.000;0.000;0.000;0.000;0.0;0.0;0;14;0.000;0.000;11.3;0;0.0;0;0;0;0;0;99;0;0;4978;0.00;0;0;0;0;0;0;0;0;0;0;0;0;0;0;0;0;14;0;99.0;99.0;0;0;0.00;0.00;0.00;0.0;0.0
232.611;239;0;99;0;0.0;19.700;1.340;25;26;0;0;100;0;100;0;0;0;0;88;88;0;0.000;0.000;0.000;0.000;0.000;0.000;0.0;0.0;0;14;0.000;0.000;11.3;0;0.0;0;0;0;0;0;99;0;0;4978;0.00;0;0;0;0;0;0;0;0;0;0;0;0;0;0;0;0;14;0;99.0;99.0;0;0;0.00;0.00;0.00;0.0;0.0
232.678;239;0;99;0;0.0;19.700;1.340;25;26;0;0;100;0;100;0;0;0;0;88;88;0;0.000;0.000;0.000;0.000;0.000;0.000;0.0;0.0;0;14;0.000;0.000;11.3;0;0.0;0;0;0;0;0;99;0;0;4978;0.00;0;0;0;0;0;0;0;0;0;0;0;0;0;0;0;0;14;0;99.0;99.0;0;0;0.00;0.00;0.00;0.0;0.0
232.748;239;0;99;0;0.0;19.700;1.340;25;26;0;0;100;0;100;0;0;0;0;88;88;0;0.000;0.000;0.000;0.000;0.000;0.000;0.0;0.0;0;14;0.000;0.000;11.3;0;0.0;0;0;0;0;0;99;0;0;4978;0.00;0;0;0;0;0;0;0;0;0;0;0;0;0;0;0;0;14;0;99.0;99.0;0;0;0.00;0.00;0.00;0.0;0.0
232.812;239;0;98;0;0.0;19.700;1.340;25;26;0;0;100;0;100;0;0;0;0;88;88;0;0.000;0.000;0.000;0.000;0.000;0.000;0.0;0.0;0;15;0.000;0.000;11.3;0;-0.1;0;0;0;0;0;99;0;0;4978;0.00;0;0;0;0;0;0;0;0;0;0;0;0;0;0;0;0;15;0;98.0;98.0;0;0;0.00;0.00;0.00;0.0;0.0
232.882;239;0;99;0;0.0;19.700;1.340;25;26;0;0;100;0;100;0;0;0;0;88;88;0;0.000;0.000;0.000;0.000;0.000;0.000;0.0;0.0;0;14;0.000;0.000;11.3;0;0.0;0;0;0;0;0;99;0;0;4978;0.00;0;0;0;0;0;0;0;0;0;0;0;0;0;0;0;0;14;0;99.0;99.0;0;0;0.00;0.00;0.00;0.0;0.0
232.948;239;0;99;0;0.0;19.700;1.340;25;26;0;0;100;0;100;0;0;0;0;88;88;0;0.000;0.000;0.000;0.000;0.000;0.000;0.0;0.0;0;14;0.000;0.000;11.3;0;0.0;0;0;0;0;0;99;0;0;4978;0.00;0;0;0;0;0;0;0;0;0;0;0;0;0;0;0;0;14;0;99.0;99.0;0;0;0.00;0.00;0.00;0.0;0.0
233.013;239;0;99;0;0.0;19.700;1.340;25;26;0;0;100;0;100;0;0;0;0;88;88;0;0.000;0.000;0.000;0.000;0.000;0.000;0.0;0.0;0;14;0.000;0.000;11.3;0;0.0;0;0;0;0;0;99;0;0;4978;0.00;0;0;0;0;0;0;0;0;0;0;0;0;0;0;0;0;14;0;99.0;99.0;0;0;0.00;0.00;0.00;0.0;0.0
233.079;239;0;98;0;0.0;19.700;1.340;25;26;0;0;100;0;100;0;0;0;0;88;88;0;0.000;0.000;0.000;0.000;0.000;0.000;0.0;0.0;0;15;0.000;0.000;11.3;0;-0.1;0;0;0;0;0;99;0;0;4978;0.00;0;0;0;0;0;0;0;0;0;0;0;0;0;0;0;0;15;0;98.0;98.0;0;0;0.00;0.00;0.00;0.0;0.0
233.148;239;0;99;0;0.0;19.700;1.340;25;26;0;0;100;0;100;0;0;0;0;88;88;0;0.000;0.000;0.000;0.000;0.000;0.000;0.0;0.0;0;14;0.000;0.000;11.3;0;0.0;0;0;0;0;0;99;0;0;4978;0.00;0;0;0;0;0;0;0;0;0;0;0;0;0;0;0;0;14;0;99.0;99.0;0;0;0.00;0.00;0.00;0.0;0.0
233.215;239;0;99;0;0.0;19.700;1.340;25;26;0;0;100;0;100;0;0;0;0;88;88;0;0.000;0.000;0.000;0.000;0.000;0.000;0.0;0.0;0;14;0.000;0.000;11.3;0;0.0;0;0;0;0;0;99;0;0;4978;0.00;0;0;0;0;0;0;0;0;0;0;0;0;0;0;0;0;14;0;99.0;99.0;0;0;0.00;0.00;0.00;0.0;0.0
233.279;239;0;99;0;0.0;19.700;1.340;25;26;0;0;100;0;100;0;0;0;0;88;88;0;0.000;0.000;0.000;0.000;0.000;0.000;0.0;0.0;0;14;0.000;0.000;11.3;0;0.0;0;0;0;0;0;99;0;0;4978;0.00;0;0;0;0;0;0;0;0;0;0;0;0;0;0;0;0;14;0;99.0;99.0;0;0;0.00;0.00;0.00;0.0;0.0
233.346;239;0;99;0;0.0;19.700;1.340;25;26;0;0;100;0;100;0;0;0;0;88;88;0;0.000;0.000;0.000;0.000;0.000;0.000;0.0;0.0;0;14;0.000;0.000;11.3;0;0.0;0;0;0;0;0;99;0;0;4978;0.00;0;0;0;0;0;0;0;0;0;0;0;0;0;0;0;0;14;0;99.0;99.0;0;0;0.00;0.00;0.00;0.0;0.0
233.415;239;0;99;0;0.0;19.700;1.340;25;26;0;0;100;0;100;0;0;0;0;88;88;0;0.000;0.000;0.000;0.000;0.000;0.000;0.0;0.0;0;14;0.000;0.000;11.3;0;0.0;0;0;0;0;0;99;0;0;4978;0.00;0;0;0;0;0;0;0;0;0;0;0;0;0;0;0;0;14;0;99.0;99.0;0;0;0.00;0.00;0.00;0.0;0.0
233.481;239;0;99;0;0.0;19.700;1.340;25;26;0;0;100;0;100;0;0;0;0;88;88;0;0.000;0.000;0.000;0.000;0.000;0.000;0.0;0.0;0;14;0.000;0.000;11.3;0;0.0;0;0;0;0;0;99;0;0;4978;0.00;0;0;0;0;0;0;0;0;0;0;0;0;0;0;0;0;14;0;99.0;99.0;0;0;0.00;0.00;0.00;0.0;0.0
233.545;240;0;99;0;0.0;19.700;1.340;25;26;0;0;100;0;100;0;0;0;0;88;88;0;0.000;0.000;0.000;0.000;0.000;0.000;0.0;0.0;0;14;0.000;0.000;11.3;0;0.0;0;0;0;0;0;99;0;0;4979;0.00;0;0;0;0;0;0;0;0;0;0;0;0;0;0;0;0;14;0;99.0;99.0;0;0;0.00;0.00;0.00;0.0;0.0
233.616;240;0;99;0;0.0;19.700;1.340;25;26;0;0;100;0;100;0;0;0;0;88;88;0;0.000;0.000;0.000;0.000;0.000;0.000;0.0;0.0;0;14;0.000;0.000;11.3;0;0.0;0;0;0;0;0;99;0;0;4979;0.00;0;0;0;0;0;0;0;0;0;0;0;0;0;0;0;0;14;0;99.0;99.0;0;0;0.00;0.00;0.00;0.0;0.0
233.680;240;0;99;0;0.0;19.700;1.340;25;26;0;0;100;0;100;0;0;0;0;88;88;0;0.000;0.000;0.000;0.000;0.000;0.000;0.0;0.0;0;14;0.000;0.000;11.3;0;0.0;0;0;0;0;0;99;0;0;4979;0.00;0;0;0;0;0;0;0;0;0;0;0;0;0;0;0;0;14;0;99.0;99.0;0;0;0.00;0.00;0.00;0.0;0.0
233.746;240;0;99;0;0.0;19.700;1.340;25;26;0;0;100;0;100;0;0;0;0;88;88;0;0.000;0.000;0.000;0.000;0.000;0.000;0.0;0.0;0;14;0.000;0.000;11.3;0;0.0;0;0;0;0;0;99;0;0;4979;0.00;0;0;0;0;0;0;0;0;0;0;0;0;0;0;0;0;14;0;99.0;99.0;0;0;0.00;0.00;0.00;0.0;0.0
233.812;240;0;99;0;0.0;19.700;1.340;25;26;0;0;100;0;100;0;0;0;0;88;88;0;0.000;0.000;0.000;0.000;0.000;0.000;0.0;0.0;0;14;0.000;0.000;11.3;0;0.0;0;0;0;0;0;99;0;0;4979;0.00;0;0;0;0;0;0;0;0;0;0;0;0;0;0;0;0;14;0;99.0;99.0;0;0;0.00;0.00;0.00;0.0;0.0
233.878;240;0;99;0;0.0;19.700;1.340;25;26;0;0;100;0;100;0;0;0;0;88;88;0;0.000;0.000;0.000;0.000;0.000;0.000;0.0;0.0;0;14;0.000;0.000;11.3;0;0.0;0;0;0;0;0;99;0;0;4979;0.00;0;0;0;0;0;0;0;0;0;0;0;0;0;0;0;0;14;0;99.0;99.0;0;0;0.00;0.00;0.00;0.0;0.0
233.947;240;0;99;0;0.0;19.700;1.340;25;26;0;0;100;0;100;0;0;0;0;88;88;0;0.000;0.000;0.000;0.000;0.000;0.000;0.0;0.0;0;14;0.000;0.000;11.3;0;0.0;0;0;0;0;0;99;0;0;4979;0.00;0;0;0;0;0;0;0;0;0;0;0;0;0;0;0;0;14;0;99.0;99.0;0;0;0.00;0.00;0.00;0.0;0.0
234.013;240;0;99;0;0.0;19.700;1.340;25;26;0;0;100;0;100;0;0;0;0;88;88;0;0.000;0.000;0.000;0.000;0.000;0.000;0.0;0.0;0;14;0.000;0.000;11.3;0;0.0;0;0;0;0;0;99;0;0;4979;0.00;0;0;0;0;0;0;0;0;0;0;0;0;0;0;0;0;14;0;99.0;99.0;0;0;0.00;0.00;0.00;0.0;0.0
234.078;240;0;99;0;0.0;19.700;1.340;25;26;0;0;100;0;100;0;0;0;0;88;88;0;0.000;0.000;0.000;0.000;0.000;0.000;0.0;0.0;0;14;0.000;0.000;11.3;0;0.0;0;0;0;0;0;99;0;0;4979;0.00;0;0;0;0;0;0;0;0;0;0;0;0;0;0;0;0;14;0;99.0;99.0;0;0;0.00;0.00;0.00;0.0;0.0
234.144;240;0;99;0;0.0;19.700;1.340;25;26;0;0;100;0;100;0;0;0;0;88;88;0;0.000;0.000;0.000;0.000;0.000;0.000;0.0;0.0;0;14;0.000;0.000;11.3;0;0.0;0;0;0;0;0;99;0;0;4979;0.00;0;0;0;0;0;0;0;0;0;0;0;0;0;0;0;0;14;0;99.0;99.0;0;0;0.00;0.00;0.00;0.0;0.0
234.214;240;0;99;0;0.0;19.700;1.340;25;26;0;0;100;0;100;0;0;0;0;88;88;0;0.000;0.000;0.000;0.000;0.000;0.000;0.0;0.0;0;14;0.000;0.000;11.3;0;0.0;0;0;0;0;0;99;0;0;4979;0.00;0;0;0;0;0;0;0;0;0;0;0;0;0;0;0;0;14;0;99.0;99.0;0;0;0.00;0.00;0.00;0.0;0.0
234.278;240;0;99;0;0.0;19.700;1.340;25;26;0;0;100;0;100;0;0;0;0;88;88;0;0.000;0.000;0.000;0.000;0.000;0.000;0.0;0.0;0;14;0.000;0.000;11.3;0;0.0;0;0;0;0;0;99;0;0;4979;0.00;0;0;0;0;0;0;0;0;0;0;0;0;0;0;0;0;14;0;99.0;99.0;0;0;0.00;0.00;0.00;0.0;0.0
234.344;240;0;99;0;0.0;19.700;1.340;25;26;0;0;100;0;100;0;0;0;0;88;88;0;0.000;0.000;0.000;0.000;0.000;0.000;0.0;0.0;0;14;0.000;0.000;11.3;0;0.0;0;0;0;0;0;99;0;0;4979;0.00;0;0;0;0;0;0;0;0;0;0;0;0;0;0;0;0;14;0;99.0;99.0;0;0;0.00;0.00;0.00;0.0;0.0
234.414;240;0;99;0;0.0;19.700;1.340;25;26;0;0;100;0;100;0;0;0;0;88;88;0;0.000;0.000;0.000;0.000;0.000;0.000;0.0;0.0;0;14;0.000;0.000;11.3;0;0.0;0;0;0;0;0;99;0;0;4979;0.00;0;0;0;0;0;0;0;0;0;0;0;0;0;0;0;0;14;0;99.0;99.0;0;0;0.00;0.00;0.00;0.0;0.0
234.480;240;0;99;0;0.0;19.700;1.340;25;26;0;0;100;0;100;0;0;0;0;88;88;0;0.000;0.000;0.000;0.000;0.000;0.000;0.0;0.0;0;14;0.000;0.000;11.3;0;0.0;0;0;0;0;0;99;0;0;4979;0.00;0;0;0;0;0;0;0;0;0;0;0;0;0;0;0;0;14;0;99.0;99.0;0;0;0.00;0.00;0.00;0.0;0.0
234.545;241;0;99;0;0.0;19.700;1.340;25;26;0;0;100;0;100;0;0;0;0;88;88;0;0.000;0.000;0.000;0.000;0.000;0.000;0.0;0.0;0;14;0.000;0.000;11.3;0;0.0;0;0;0;0;0;99;0;0;4976;0.00;0;0;0;0;0;0;0;0;0;0;0;0;0;0;0;0;14;0;99.0;99.0;0;0;0.00;0.00;0.00;0.0;0.0
234.610;241;0;99;0;0.0;19.700;1.340;25;26;0;0;100;0;100;0;0;0;0;88;88;0;0.000;0.000;0.000;0.000;0.000;0.000;0.0;0.0;0;14;0.000;0.000;11.3;0;0.0;0;0;0;0;0;99;0;0;4976;0.00;0;0;0;0;0;0;0;0;0;0;0;0;0;0;0;0;14;0;99.0;99.0;0;0;0.00;0.00;0.00;0.0;0.0
234.680;241;0;99;0;0.0;19.700;1.340;25;26;0;0;100;0;100;0;0;0;0;88;88;0;0.000;0.000;0.000;0.000;0.000;0.000;0.0;0.0;0;14;0.000;0.000;11.3;0;0.0;0;0;0;0;0;99;0;0;4976;0.00;0;0;0;0;0;0;0;0;0;0;0;0;0;0;0;0;14;0;99.0;99.0;0;0;0.00;0.00;0.00;0.0;0.0
234.746;241;0;99;0;0.0;19.700;1.340;25;26;0;0;100;0;100;0;0;0;0;88;88;0;0.000;0.000;0.000;0.000;0.000;0.000;0.0;0.0;0;14;0.000;0.000;11.3;0;0.0;0;0;0;0;0;99;0;0;4976;0.00;0;0;0;0;0;0;0;0;0;0;0;0;0;0;0;0;14;0;99.0;99.0;0;0;0.00;0.00;0.00;0.0;0.0
234.811;241;0;99;0;0.0;19.700;1.340;25;26;0;0;100;0;100;0;0;0;0;88;88;0;0.000;0.000;0.000;0.000;0.000;0.000;0.0;0.0;0;14;0.000;0.000;11.3;0;0.0;0;0;0;0;0;99;0;0;4976;0.00;0;0;0;0;0;0;0;0;0;0;0;0;0;0;0;0;14;0;99.0;99.0;0;0;0.00;0.00;0.00;0.0;0.0
234.877;241;0;99;0;0.0;19.700;1.340;25;26;0;0;100;0;100;0;0;0;0;88;88;0;0.000;0.000;0.000;0.000;0.000;0.000;0.0;0.0;0;14;0.000;0.000;11.3;0;0.0;0;0;0;0;0;99;0;0;4976;0.00;0;0;0;0;0;0;0;0;0;0;0;0;0;0;0;0;14;0;99.0;99.0;0;0;0.00;0.00;0.00;0.0;0.0
234.943;241;0;99;0;0.0;19.700;1.340;25;26;0;0;100;0;100;0;0;0;0;88;88;0;0.000;0.000;0.000;0.000;0.000;0.000;0.0;0.0;0;14;0.000;0.000;11.3;0;0.0;0;0;0;0;0;99;0;0;4976;0.00;0;0;0;0;0;0;0;0;0;0;0;0;0;0;0;0;14;0;99.0;99.0;0;0;0.00;0.00;0.00;0.0;0.0
235.012;241;0;99;0;0.0;19.700;1.340;25;26;0;0;100;0;100;0;0;0;0;88;88;0;0.000;0.000;0.000;0.000;0.000;0.000;0.0;0.0;0;14;0.000;0.000;11.3;0;0.0;0;0;0;0;0;99;0;0;4976;0.00;0;0;0;0;0;0;0;0;0;0;0;0;0;0;0;0;14;0;99.0;99.0;0;0;0.00;0.00;0.00;0.0;0.0
235.078;241;0;99;0;0.0;19.700;1.340;25;26;0;0;100;0;100;0;0;0;0;88;88;0;0.000;0.000;0.000;0.000;0.000;0.000;0.0;0.0;0;14;0.000;0.000;11.3;0;0.0;0;0;0;0;0;99;0;0;4976;0.00;0;0;0;0;0;0;0;0;0;0;0;0;0;0;0;0;14;0;99.0;99.0;0;0;0.00;0.00;0.00;0.0;0.0
235.143;241;0;99;0;0.0;19.700;1.340;25;26;0;0;100;0;100;0;0;0;0;88;88;0;0.000;0.000;0.000;0.000;0.000;0.000;0.0;0.0;0;14;0.000;0.000;11.3;0;0.0;0;0;0;0;0;99;0;0;4976;0.00;0;0;0;0;0;0;0;0;0;0;0;0;0;0;0;0;14;0;99.0;99.0;0;0;0.00;0.00;0.00;0.0;0.0
235.214;241;0;99;0;0.0;19.700;1.340;25;26;0;0;100;0;100;0;0;0;0;88;88;0;0.000;0.000;0.000;0.000;0.000;0.000;0.0;0.0;0;14;0.000;0.000;11.3;0;0.0;0;0;0;0;0;99;0;0;4976;0.00;0;0;0;0;0;0;0;0;0;0;0;0;0;0;0;0;14;0;99.0;99.0;0;0;0.00;0.00;0.00;0.0;0.0
235.282;241;0;99;0;0.0;19.700;1.340;25;26;0;0;100;0;100;0;0;0;0;88;88;0;0.000;0.000;0.000;0.000;0.000;0.000;0.0;0.0;0;14;0.000;0.000;11.3;0;0.0;0;0;0;0;0;99;0;0;4976;0.00;0;0;0;0;0;0;0;0;0;0;0;0;0;0;0;0;14;0;99.0;99.0;0;0;0.00;0.00;0.00;0.0;0.0
235.348;241;0;99;0;0.0;19.700;1.340;25;26;0;0;100;0;100;0;0;0;0;88;88;0;0.000;0.000;0.000;0.000;0.000;0.000;0.0;0.0;0;14;0.000;0.000;11.3;0;0.0;0;0;0;0;0;99;0;0;4976;0.00;0;0;0;0;0;0;0;0;0;0;0;0;0;0;0;0;14;0;99.0;99.0;0;0;0.00;0.00;0.00;0.0;0.0
235.413;241;0;99;0;0.0;19.700;1.340;25;26;0;0;100;0;100;0;0;0;0;88;88;0;0.000;0.000;0.000;0.000;0.000;0.000;0.0;0.0;0;14;0.000;0.000;11.3;0;0.0;0;0;0;0;0;99;0;0;4976;0.00;0;0;0;0;0;0;0;0;0;0;0;0;0;0;0;0;14;0;99.0;99.0;0;0;0.00;0.00;0.00;0.0;0.0
235.479;241;0;99;0;0.0;19.700;1.340;25;26;0;0;100;0;100;0;0;0;0;88;88;0;0.000;0.000;0.000;0.000;0.000;0.000;0.0;0.0;0;14;0.000;0.000;11.3;0;0.0;0;0;0;0;0;99;0;0;4976;0.00;0;0;0;0;0;0;0;0;0;0;0;0;0;0;0;0;14;0;99.0;99.0;0;0;0.00;0.00;0.00;0.0;0.0
235.544;241;0;99;0;0.0;19.700;1.340;25;26;0;0;100;0;100;0;0;0;0;88;88;0;0.000;0.000;0.000;0.000;0.000;0.000;0.0;0.0;0;14;0.000;0.000;11.3;0;0.0;0;0;0;0;0;99;0;0;4976;0.00;0;0;0;0;0;0;0;0;0;0;0;0;0;0;0;0;14;0;99.0;99.0;0;0;0.00;0.00;0.00;0.0;0.0
235.611;242;0;99;0;0.0;19.700;1.340;25;26;0;0;100;0;100;0;0;0;0;88;88;0;0.000;0.000;0.000;0.000;0.000;0.000;0.0;0.0;0;14;0.000;0.000;11.3;0;0.0;0;0;0;0;0;99;0;0;4961;0.00;0;0;0;0;0;0;0;0;0;0;0;0;0;0;0;0;14;0;99.0;99.0;0;0;0.00;0.00;0.00;0.0;0.0
235.680;242;0;99;0;0.0;19.700;1.340;25;26;0;0;100;0;100;0;0;0;0;88;88;0;0.000;0.000;0.000;0.000;0.000;0.000;0.0;0.0;0;14;0.000;0.000;11.3;0;0.0;0;0;0;0;0;99;0;0;4961;0.00;0;0;0;0;0;0;0;0;0;0;0;0;0;0;0;0;14;0;99.0;99.0;0;0;0.00;0.00;0.00;0.0;0.0
235.745;242;0;99;0;0.0;19.700;1.340;25;26;0;0;100;0;100;0;0;0;0;88;88;0;0.000;0.000;0.000;0.000;0.000;0.000;0.0;0.0;0;14;0.000;0.000;11.3;0;0.0;0;0;0;0;0;99;0;0;4961;0.00;0;0;0;0;0;0;0;0;0;0;0;0;0;0;0;0;14;0;99.0;99.0;0;0;0.00;0.00;0.00;0.0;0.0
235.810;242;0;99;0;0.0;19.700;1.340;25;26;0;0;100;0;100;0;0;0;0;88;88;0;0.000;0.000;0.000;0.000;0.000;0.000;0.0;0.0;0;14;0.000;0.000;11.3;0;0.0;0;0;0;0;0;99;0;0;4961;0.00;0;0;0;0;0;0;0;0;0;0;0;0;0;0;0;0;14;0;99.0;99.0;0;0;0.00;0.00;0.00;0.0;0.0
235.880;242;0;99;0;0.0;19.700;1.340;25;26;0;0;100;0;100;0;0;0;0;88;88;0;0.000;0.000;0.000;0.000;0.000;0.000;0.0;0.0;0;14;0.000;0.000;11.3;0;0.0;0;0;0;0;0;99;0;0;4961;0.00;0;0;0;0;0;0;0;0;0;0;0;0;0;0;0;0;14;0;99.0;99.0;0;0;0.00;0.00;0.00;0.0;0.0
235.945;242;0;99;0;0.0;19.700;1.340;25;26;0;0;100;0;100;0;0;0;0;88;88;0;0.000;0.000;0.000;0.000;0.000;0.000;0.0;0.0;0;14;0.000;0.000;11.3;0;0.0;0;0;0;0;0;99;0;0;4961;0.00;0;0;0;0;0;0;0;0;0;0;0;0;0;0;0;0;14;0;99.0;99.0;0;0;0.00;0.00;0.00;0.0;0.0
236.011;242;0;99;0;0.0;19.700;1.340;25;26;0;0;100;0;100;0;0;0;0;88;88;0;0.000;0.000;0.000;0.000;0.000;0.000;0.0;0.0;0;14;0.000;0.000;11.3;0;0.0;0;0;0;0;0;99;0;0;4961;0.00;0;0;0;0;0;0;0;0;0;0;0;0;0;0;0;0;14;0;99.0;99.0;0;0;0.00;0.00;0.00;0.0;0.0
236.077;242;0;99;0;0.0;19.700;1.340;25;26;0;0;100;0;100;0;0;0;0;88;88;0;0.000;0.000;0.000;0.000;0.000;0.000;0.0;0.0;0;14;0.000;0.000;11.3;0;0.0;0;0;0;0;0;99;0;0;4961;0.00;0;0;0;0;0;0;0;0;0;0;0;0;0;0;0;0;14;0;99.0;99.0;0;0;0.00;0.00;0.00;0.0;0.0
236.146;242;0;99;0;0.0;19.700;1.340;25;26;0;0;100;0;100;0;0;0;0;88;88;0;0.000;0.000;0.000;0.000;0.000;0.000;0.0;0.0;0;14;0.000;0.000;11.3;0;0.0;0;0;0;0;0;99;0;0;4961;0.00;0;0;0;0;0;0;0;0;0;0;0;0;0;0;0;0;14;0;99.0;99.0;0;0;0.00;0.00;0.00;0.0;0.0
236.213;242;0;99;0;0.0;19.700;1.340;25;26;0;0;100;0;100;0;0;0;0;88;88;0;0.000;0.000;0.000;0.000;0.000;0.000;0.0;0.0;0;14;0.000;0.000;11.3;0;0.0;0;0;0;0;0;99;0;0;4961;0.00;0;0;0;0;0;0;0;0;0;0;0;0;0;0;0;0;14;0;99.0;99.0;0;0;0.00;0.00;0.00;0.0;0.0
236.281;242;0;99;0;0.0;19.700;1.340;25;26;0;0;100;0;100;0;0;0;0;88;88;0;0.000;0.000;0.000;0.000;0.000;0.000;0.0;0.0;0;14;0.000;0.000;11.3;0;0.0;0;0;0;0;0;99;0;0;4961;0.00;0;0;0;0;0;0;0;0;0;0;0;0;0;0;0;0;14;0;99.0;99.0;0;0;0.00;0.00;0.00;0.0;0.0
236.346;242;0;99;0;0.0;19.700;1.340;25;26;0;0;100;0;100;0;0;0;0;88;88;0;0.000;0.000;0.000;0.000;0.000;0.000;0.0;0.0;0;14;0.000;0.000;11.3;0;0.0;0;0;0;0;0;99;0;0;4961;0.00;0;0;0;0;0;0;0;0;0;0;0;0;0;0;0;0;14;0;99.0;99.0;0;0;0.00;0.00;0.00;0.0;0.0
236.413;242;0;99;0;0.0;19.700;1.340;25;26;0;0;100;0;100;0;0;0;0;88;88;0;0.000;0.000;0.000;0.000;0.000;0.000;0.0;0.0;0;14;0.000;0.000;11.3;0;0.0;0;0;0;0;0;99;0;0;4961;0.00;0;0;0;0;0;0;0;0;0;0;0;0;0;0;0;0;14;0;99.0;99.0;0;0;0.00;0.00;0.00;0.0;0.0
236.479;242;0;99;0;0.0;19.700;1.340;25;26;0;0;100;0;100;0;0;0;0;88;88;0;0.000;0.000;0.000;0.000;0.000;0.000;0.0;0.0;0;14;0.000;0.000;11.3;0;0.0;0;0;0;0;0;99;0;0;4961;0.00;0;0;0;0;0;0;0;0;0;0;0;0;0;0;0;0;14;0;99.0;99.0;0;0;0.00;0.00;0.00;0.0;0.0
236.548;242;0;99;0;0.0;19.700;1.340;25;26;0;0;100;0;100;0;0;0;0;88;88;0;0.000;0.000;0.000;0.000;0.000;0.000;0.0;0.0;0;14;0.000;0.000;11.3;0;0.0;0;0;0;0;0;99;0;0;4961;0.00;0;0;0;0;0;0;0;0;0;0;0;0;0;0;0;0;14;0;99.0;99.0;0;0;0.00;0.00;0.00;0.0;0.0
236.613;243;0;99;0;0.0;19.700;1.340;25;26;0;0;100;0;100;0;0;0;0;88;88;0;0.000;0.000;0.000;0.000;0.000;0.000;0.0;0.0;0;14;0.000;0.000;11.3;0;0.0;0;0;0;0;0;99;0;0;4976;0.00;0;0;0;0;0;0;0;0;0;0;0;0;0;0;0;0;14;0;99.0;99.0;0;0;0.00;0.00;0.00;0.0;0.0
236.678;243;0;99;0;0.0;19.700;1.340;25;26;0;0;100;0;100;0;0;0;0;88;88;0;0.000;0.000;0.000;0.000;0.000;0.000;0.0;0.0;0;14;0.000;0.000;11.3;0;0.0;0;0;0;0;0;99;0;0;4976;0.00;0;0;0;0;0;0;0;0;0;0;0;0;0;0;0;0;14;0;99.0;99.0;0;0;0.00;0.00;0.00;0.0;0.0
236.744;243;0;99;0;0.0;19.700;1.340;25;26;0;0;100;0;100;0;0;0;0;88;88;0;0.000;0.000;0.000;0.000;0.000;0.000;0.0;0.0;0;14;0.000;0.000;11.3;0;0.0;0;0;0;0;0;99;0;0;4976;0.00;0;0;0;0;0;0;0;0;0;0;0;0;0;0;0;0;14;0;99.0;99.0;0;0;0.00;0.00;0.00;0.0;0.0
236.813;243;0;99;0;0.0;19.700;1.340;25;26;0;0;100;0;100;0;0;0;0;88;88;0;0.000;0.000;0.000;0.000;0.000;0.000;0.0;0.0;0;14;0.000;0.000;11.3;0;0.0;0;0;0;0;0;99;0;0;4976;0.00;0;0;0;0;0;0;0;0;0;0;0;0;0;0;0;0;14;0;99.0;99.0;0;0;0.00;0.00;0.00;0.0;0.0
236.880;243;0;99;0;0.0;19.700;1.340;25;26;0;0;100;0;100;0;0;0;0;88;88;0;0.000;0.000;0.000;0.000;0.000;0.000;0.0;0.0;0;14;0.000;0.000;11.3;0;0.0;0;0;0;0;0;99;0;0;4976;0.00;0;0;0;0;0;0;0;0;0;0;0;0;0;0;0;0;14;0;99.0;99.0;0;0;0.00;0.00;0.00;0.0;0.0
236.944;243;0;98;0;0.0;19.700;1.340;25;26;0;0;100;0;100;0;0;0;0;88;88;0;0.000;0.000;0.000;0.000;0.000;0.000;0.0;0.0;0;15;0.000;0.000;11.3;0;-0.1;0;0;0;0;0;99;0;0;4976;0.00;0;0;0;0;0;0;0;0;0;0;0;0;0;0;0;0;15;0;98.0;98.0;0;0;0.00;0.00;0.00;0.0;0.0
237.010;243;0;99;0;0.0;19.700;1.340;25;26;0;0;100;0;100;0;0;0;0;88;88;0;0.000;0.000;0.000;0.000;0.000;0.000;0.0;0.0;0;14;0.000;0.000;11.3;0;0.0;0;0;0;0;0;99;0;0;4976;0.00;0;0;0;0;0;0;0;0;0;0;0;0;0;0;0;0;14;0;99.0;99.0;0;0;0.00;0.00;0.00;0.0;0.0
237.080;243;0;99;0;0.0;19.700;1.340;25;26;0;0;100;0;100;0;0;0;0;88;88;0;0.000;0.000;0.000;0.000;0.000;0.000;0.0;0.0;0;14;0.000;0.000;11.3;0;0.0;0;0;0;0;0;99;0;0;4976;0.00;0;0;0;0;0;0;0;0;0;0;0;0;0;0;0;0;14;0;99.0;99.0;0;0;0.00;0.00;0.00;0.0;0.0
237.146;243;0;99;0;0.0;19.700;1.340;25;26;0;0;100;0;100;0;0;0;0;88;88;0;0.000;0.000;0.000;0.000;0.000;0.000;0.0;0.0;0;14;0.000;0.000;11.3;0;0.0;0;0;0;0;0;99;0;0;4976;0.00;0;0;0;0;0;0;0;0;0;0;0;0;0;0;0;0;14;0;99.0;99.0;0;0;0.00;0.00;0.00;0.0;0.0
237.211;243;0;99;0;0.0;19.700;1.340;25;26;0;0;100;0;100;0;0;0;0;88;88;0;0.000;0.000;0.000;0.000;0.000;0.000;0.0;0.0;0;14;0.000;0.000;11.3;0;0.0;0;0;0;0;0;99;0;0;4976;0.00;0;0;0;0;0;0;0;0;0;0;0;0;0;0;0;0;14;0;99.0;99.0;0;0;0.00;0.00;0.00;0.0;0.0
237.277;243;0;99;0;0.0;19.700;1.340;25;26;0;0;100;0;100;0;0;0;0;88;88;0;0.000;0.000;0.000;0.000;0.000;0.000;0.0;0.0;0;14;0.000;0.000;11.3;0;0.0;0;0;0;0;0;99;0;0;4976;0.00;0;0;0;0;0;0;0;0;0;0;0;0;0;0;0;0;14;0;99.0;99.0;0;0;0.00;0.00;0.00;0.0;0.0
237.346;243;0;99;0;0.0;19.700;1.340;25;26;0;0;100;0;100;0;0;0;0;88;88;0;0.000;0.000;0.000;0.000;0.000;0.000;0.0;0.0;0;14;0.000;0.000;11.3;0;0.0;0;0;0;0;0;99;0;0;4976;0.00;0;0;0;0;0;0;0;0;0;0;0;0;0;0;0;0;14;0;99.0;99.0;0;0;0.00;0.00;0.00;0.0;0.0
237.412;243;0;98;0;0.0;19.700;1.340;25;26;0;0;100;0;100;0;0;0;0;88;88;0;0.000;0.000;0.000;0.000;0.000;0.000;0.0;0.0;0;15;0.000;0.000;11.3;0;-0.1;0;0;0;0;0;99;0;0;4976;0.00;0;0;0;0;0;0;0;0;0;0;0;0;0;0;0;0;15;0;98.0;98.0;0;0;0.00;0.00;0.00;0.0;0.0
237.477;243;0;99;0;0.0;19.700;1.340;25;26;0;0;100;0;100;0;0;0;0;88;88;0;0.000;0.000;0.000;0.000;0.000;0.000;0.0;0.0;0;14;0.000;0.000;11.3;0;0.0;0;0;0;0;0;99;0;0;4976;0.00;0;0;0;0;0;0;0;0;0;0;0;0;0;0;0;0;14;0;99.0;99.0;0;0;0.00;0.00;0.00;0.0;0.0
237.547;243;0;98;0;0.0;19.700;1.340;25;26;0;0;100;0;100;0;0;0;0;88;88;0;0.000;0.000;0.000;0.000;0.000;0.000;0.0;0.0;0;15;0.000;0.000;11.3;0;-0.1;0;0;0;0;0;99;0;0;4976;0.00;0;0;0;0;0;0;0;0;0;0;0;0;0;0;0;0;15;0;98.0;98.0;0;0;0.00;0.00;0.00;0.0;0.0
237.613;244;0;99;0;0.0;19.700;1.340;25;26;0;0;100;0;100;0;0;0;0;88;88;0;0.000;0.000;0.000;0.000;0.000;0.000;0.0;0.0;0;14;0.000;0.000;11.3;0;0.0;0;0;0;0;0;99;0;0;4969;0.00;0;0;0;0;0;0;0;0;0;0;0;0;0;0;0;0;14;0;99.0;99.0;0;0;0.00;0.00;0.00;0.0;0.0
237.678;244;0;99;0;0.0;19.700;1.340;25;26;0;0;100;0;100;0;0;0;0;88;88;0;0.000;0.000;0.000;0.000;0.000;0.000;0.0;0.0;0;14;0.000;0.000;11.3;0;0.0;0;0;0;0;0;99;0;0;4969;0.00;0;0;0;0;0;0;0;0;0;0;0;0;0;0;0;0;14;0;99.0;99.0;0;0;0.00;0.00;0.00;0.0;0.0
237.743;244;0;99;0;0.0;19.700;1.340;25;26;0;0;100;0;100;0;0;0;0;88;88;0;0.000;0.000;0.000;0.000;0.000;0.000;0.0;0.0;0;14;0.000;0.000;11.3;0;0.0;0;0;0;0;0;99;0;0;4969;0.00;0;0;0;0;0;0;0;0;0;0;0;0;0;0;0;0;14;0;99.0;99.0;0;0;0.00;0.00;0.00;0.0;0.0
237.813;244;0;99;0;0.0;19.700;1.340;25;26;0;0;100;0;100;0;0;0;0;88;88;0;0.000;0.000;0.000;0.000;0.000;0.000;0.0;0.0;0;14;0.000;0.000;11.3;0;0.0;0;0;0;0;0;99;0;0;4969;0.00;0;0;0;0;0;0;0;0;0;0;0;0;0;0;0;0;14;0;99.0;99.0;0;0;0.00;0.00;0.00;0.0;0.0
237.878;244;0;99;0;0.0;19.700;1.340;25;26;0;0;100;0;100;0;0;0;0;88;88;0;0.000;0.000;0.000;0.000;0.000;0.000;0.0;0.0;0;14;0.000;0.000;11.3;0;0.0;0;0;0;0;0;99;0;0;4969;0.00;0;0;0;0;0;0;0;0;0;0;0;0;0;0;0;0;14;0;99.0;99.0;0;0;0.00;0.00;0.00;0.0;0.0
237.946;244;0;99;0;0.0;19.700;1.340;25;26;0;0;100;0;100;0;0;0;0;88;88;0;0.000;0.000;0.000;0.000;0.000;0.000;0.0;0.0;0;14;0.000;0.000;11.3;0;0.0;0;0;0;0;0;99;0;0;4969;0.00;0;0;0;0;0;0;0;0;0;0;0;0;0;0;0;0;14;0;99.0;99.0;0;0;0.00;0.00;0.00;0.0;0.0
238.014;244;0;99;0;0.0;19.700;1.340;25;26;0;0;100;0;100;0;0;0;0;88;88;0;0.000;0.000;0.000;0.000;0.000;0.000;0.0;0.0;0;14;0.000;0.000;11.3;0;0.0;0;0;0;0;0;99;0;0;4969;0.00;0;0;0;0;0;0;0;0;0;0;0;0;0;0;0;0;14;0;99.0;99.0;0;0;0.00;0.00;0.00;0.0;0.0
238.080;244;0;99;0;0.0;19.700;1.340;25;26;0;0;100;0;100;0;0;0;0;88;88;0;0.000;0.000;0.000;0.000;0.000;0.000;0.0;0.0;0;14;0.000;0.000;11.3;0;0.0;0;0;0;0;0;99;0;0;4969;0.00;0;0;0;0;0;0;0;0;0;0;0;0;0;0;0;0;14;0;99.0;99.0;0;0;0.00;0.00;0.00;0.0;0.0
238.146;244;0;99;0;0.0;19.700;1.340;25;26;0;0;100;0;100;0;0;0;0;88;88;0;0.000;0.000;0.000;0.000;0.000;0.000;0.0;0.0;0;14;0.000;0.000;11.3;0;0.0;0;0;0;0;0;99;0;0;4969;0.00;0;0;0;0;0;0;0;0;0;0;0;0;0;0;0;0;14;0;99.0;99.0;0;0;0.00;0.00;0.00;0.0;0.0
238.215;244;0;99;0;0.0;19.700;1.340;25;26;0;0;100;0;100;0;0;0;0;88;88;0;0.000;0.000;0.000;0.000;0.000;0.000;0.0;0.0;0;14;0.000;0.000;11.3;0;0.0;0;0;0;0;0;99;0;0;4969;0.00;0;0;0;0;0;0;0;0;0;0;0;0;0;0;0;0;14;0;99.0;99.0;0;0;0.00;0.00;0.00;0.0;0.0
238.280;244;0;99;0;0.0;19.700;1.340;25;26;0;0;100;0;100;0;0;0;0;88;88;0;0.000;0.000;0.000;0.000;0.000;0.000;0.0;0.0;0;14;0.000;0.000;11.3;0;0.0;0;0;0;0;0;99;0;0;4969;0.00;0;0;0;0;0;0;0;0;0;0;0;0;0;0;0;0;14;0;99.0;99.0;0;0;0.00;0.00;0.00;0.0;0.0
238.346;244;0;99;0;0.0;19.700;1.340;25;26;0;0;100;0;100;0;0;0;0;88;88;0;0.000;0.000;0.000;0.000;0.000;0.000;0.0;0.0;0;14;0.000;0.000;11.3;0;0.0;0;0;0;0;0;99;0;0;4969;0.00;0;0;0;0;0;0;0;0;0;0;0;0;0;0;0;0;14;0;99.0;99.0;0;0;0.00;0.00;0.00;0.0;0.0
238.411;244;0;99;0;0.0;19.700;1.340;25;26;0;0;100;0;100;0;0;0;0;88;88;0;0.000;0.000;0.000;0.000;0.000;0.000;0.0;0.0;0;14;0.000;0.000;11.3;0;0.0;0;0;0;0;0;99;0;0;4969;0.00;0;0;0;0;0;0;0;0;0;0;0;0;0;0;0;0;14;0;99.0;99.0;0;0;0.00;0.00;0.00;0.0;0.0
238.476;244;0;99;0;0.0;19.700;1.340;25;26;0;0;100;0;100;0;0;0;0;88;88;0;0.000;0.000;0.000;0.000;0.000;0.000;0.0;0.0;0;14;0.000;0.000;11.3;0;0.0;0;0;0;0;0;99;0;0;4969;0.00;0;0;0;0;0;0;0;0;0;0;0;0;0;0;0;0;14;0;99.0;99.0;0;0;0.00;0.00;0.00;0.0;0.0
238.543;244;0;99;0;0.0;19.700;1.340;25;26;0;0;100;0;100;0;0;0;0;88;88;0;0.000;0.000;0.000;0.000;0.000;0.000;0.0;0.0;0;14;0.000;0.000;11.3;0;0.0;0;0;0;0;0;99;0;0;4969;0.00;0;0;0;0;0;0;0;0;0;0;0;0;0;0;0;0;14;0;99.0;99.0;0;0;0.00;0.00;0.00;0.0;0.0
238.612;245;0;99;0;0.0;19.700;1.340;25;26;0;0;100;0;100;0;0;0;0;88;88;0;0.000;0.000;0.000;0.000;0.000;0.000;0.0;0.0;0;14;0.000;0.000;11.3;0;0.0;0;0;0;0;0;99;0;0;4982;0.00;0;0;0;0;0;0;0;0;0;0;0;0;0;0;0;0;14;0;99.0;99.0;0;0;0.00;0.00;0.00;0.0;0.0
238.678;245;0;99;0;0.0;19.700;1.340;25;26;0;0;100;0;100;0;0;0;0;88;88;0;0.000;0.000;0.000;0.000;0.000;0.000;0.0;0.0;0;14;0.000;0.000;11.3;0;0.0;0;0;0;0;0;99;0;0;4982;0.00;0;0;0;0;0;0;0;0;0;0;0;0;0;0;0;0;14;0;99.0;99.0;0;0;0.00;0.00;0.00;0.0;0.0
238.747;245;0;98;0;0.0;19.700;1.340;25;26;0;0;100;0;100;0;0;0;0;88;88;0;0.000;0.000;0.000;0.000;0.000;0.000;0.0;0.0;0;15;0.000;0.000;11.3;0;-0.1;0;0;0;0;0;99;0;0;4982;0.00;0;0;0;0;0;0;0;0;0;0;0;0;0;0;0;0;15;0;98.0;98.0;0;0;0.00;0.00;0.00;0.0;0.0
238.812;245;0;99;0;0.0;19.700;1.340;25;26;0;0;100;0;100;0;0;0;0;88;88;0;0.000;0.000;0.000;0.000;0.000;0.000;0.0;0.0;0;14;0.000;0.000;11.3;0;0.0;0;0;0;0;0;99;0;0;4982;0.00;0;0;0;0;0;0;0;0;0;0;0;0;0;0;0;0;14;0;99.0;99.0;0;0;0.00;0.00;0.00;0.0;0.0
238.879;245;0;99;0;0.0;19.700;1.340;25;26;0;0;100;0;100;0;0;0;0;88;88;0;0.000;0.000;0.000;0.000;0.000;0.000;0.0;0.0;0;14;0.000;0.000;11.3;0;0.0;0;0;0;0;0;99;0;0;4982;0.00;0;0;0;0;0;0;0;0;0;0;0;0;0;0;0;0;14;0;99.0;99.0;0;0;0.00;0.00;0.00;0.0;0.0
238.948;245;0;99;0;0.0;19.700;1.340;25;26;0;0;100;0;100;0;0;0;0;88;88;0;0.000;0.000;0.000;0.000;0.000;0.000;0.0;0.0;0;14;0.000;0.000;11.3;0;0.0;0;0;0;0;0;99;0;0;4982;0.00;0;0;0;0;0;0;0;0;0;0;0;0;0;0;0;0;14;0;99.0;99.0;0;0;0.00;0.00;0.00;0.0;0.0
239.014;245;0;98;0;0.0;19.700;1.340;25;26;0;0;100;0;100;0;0;0;0;88;88;0;0.000;0.000;0.000;0.000;0.000;0.000;0.0;0.0;0;15;0.000;0.000;11.3;0;-0.1;0;0;0;0;0;99;0;0;4982;0.00;0;0;0;0;0;0;0;0;0;0;0;0;0;0;0;0;15;0;98.0;98.0;0;0;0.00;0.00;0.00;0.0;0.0
239.079;245;0;99;0;0.0;19.700;1.340;25;26;0;0;100;0;100;0;0;0;0;88;88;0;0.000;0.000;0.000;0.000;0.000;0.000;0.0;0.0;0;14;0.000;0.000;11.3;0;0.0;0;0;0;0;0;99;0;0;4982;0.00;0;0;0;0;0;0;0;0;0;0;0;0;0;0;0;0;14;0;99.0;99.0;0;0;0.00;0.00;0.00;0.0;0.0
239.148;245;0;98;0;0.0;19.700;1.340;25;26;0;0;100;0;100;0;0;0;0;88;88;0;0.000;0.000;0.000;0.000;0.000;0.000;0.0;0.0;0;15;0.000;0.000;11.3;0;-0.1;0;0;0;0;0;99;0;0;4982;0.00;0;0;0;0;0;0;0;0;0;0;0;0;0;0;0;0;15;0;98.0;98.0;0;0;0.00;0.00;0.00;0.0;0.0
239.218;245;0;99;0;0.0;19.700;1.340;25;26;0;0;100;0;100;0;0;0;0;88;88;0;0.000;0.000;0.000;0.000;0.000;0.000;0.0;0.0;0;14;0.000;0.000;11.3;0;0.0;0;0;0;0;0;99;0;0;4982;0.00;0;0;0;0;0;0;0;0;0;0;0;0;0;0;0;0;14;0;99.0;99.0;0;0;0.00;0.00;0.00;0.0;0.0
239.284;245;0;99;0;0.0;19.700;1.340;25;26;0;0;100;0;100;0;0;0;0;88;88;0;0.000;0.000;0.000;0.000;0.000;0.000;0.0;0.0;0;14;0.000;0.000;11.3;0;0.0;0;0;0;0;0;99;0;0;4982;0.00;0;0;0;0;0;0;0;0;0;0;0;0;0;0;0;0;14;0;99.0;99.0;0;0;0.00;0.00;0.00;0.0;0.0
239.349;245;0;99;0;0.0;19.700;1.340;25;26;0;0;100;0;100;0;0;0;0;88;88;0;0.000;0.000;0.000;0.000;0.000;0.000;0.0;0.0;0;14;0.000;0.000;11.3;0;0.0;0;0;0;0;0;99;0;0;4982;0.00;0;0;0;0;0;0;0;0;0;0;0;0;0;0;0;0;14;0;99.0;99.0;0;0;0.00;0.00;0.00;0.0;0.0
239.414;245;0;99;0;0.0;19.700;1.340;25;26;0;0;100;0;100;0;0;0;0;88;88;0;0.000;0.000;0.000;0.000;0.000;0.000;0.0;0.0;0;14;0.000;0.000;11.3;0;0.0;0;0;0;0;0;99;0;0;4982;0.00;0;0;0;0;0;0;0;0;0;0;0;0;0;0;0;0;14;0;99.0;99.0;0;0;0.00;0.00;0.00;0.0;0.0
239.480;245;0;99;0;0.0;19.700;1.340;25;26;0;0;100;0;100;0;0;0;0;88;88;0;0.000;0.000;0.000;0.000;0.000;0.000;0.0;0.0;0;14;0.000;0.000;11.3;0;0.0;0;0;0;0;0;99;0;0;4982;0.00;0;0;0;0;0;0;0;0;0;0;0;0;0;0;0;0;14;0;99.0;99.0;0;0;0.00;0.00;0.00;0.0;0.0
239.546;245;0;99;0;0.0;19.700;1.340;25;26;0;0;100;0;100;0;0;0;0;88;88;0;0.000;0.000;0.000;0.000;0.000;0.000;0.0;0.0;0;14;0.000;0.000;11.3;0;0.0;0;0;0;0;0;99;0;0;4982;0.00;0;0;0;0;0;0;0;0;0;0;0;0;0;0;0;0;14;0;99.0;99.0;0;0;0.00;0.00;0.00;0.0;0.0
239.616;245;0;99;0;0.0;19.700;1.340;25;26;0;0;100;0;100;0;0;0;0;88;88;0;0.000;0.000;0.000;0.000;0.000;0.000;0.0;0.0;0;14;0.000;0.000;11.3;0;0.0;0;0;0;0;0;99;0;0;4982;0.00;0;0;0;0;0;0;0;0;0;0;0;0;0;0;0;0;14;0;99.0;99.0;0;0;0.00;0.00;0.00;0.0;0.0
239.681;246;0;99;0;0.0;19.700;1.340;25;26;0;0;100;0;100;0;0;0;0;88;88;0;0.000;0.000;0.000;0.000;0.000;0.000;0.0;0.0;0;14;0.000;0.000;11.3;0;0.0;0;0;0;0;0;99;0;0;4968;0.00;0;0;0;0;0;0;0;0;0;0;0;0;0;0;0;0;14;0;99.0;99.0;0;0;0.00;0.00;0.00;0.0;0.0
239.746;246;0;99;0;0.0;19.700;1.340;25;26;0;0;100;0;100;0;0;0;0;88;88;0;0.000;0.000;0.000;0.000;0.000;0.000;0.0;0.0;0;14;0.000;0.000;11.3;0;0.0;0;0;0;0;0;99;0;0;4968;0.00;0;0;0;0;0;0;0;0;0;0;0;0;0;0;0;0;14;0;99.0;99.0;0;0;0.00;0.00;0.00;0.0;0.0
239.814;246;0;99;0;0.0;19.700;1.340;25;26;0;0;100;0;100;0;0;0;0;88;88;0;0.000;0.000;0.000;0.000;0.000;0.000;0.0;0.0;0;14;0.000;0.000;11.3;0;0.0;0;0;0;0;0;99;0;0;4968;0.00;0;0;0;0;0;0;0;0;0;0;0;0;0;0;0;0;14;0;99.0;99.0;0;0;0.00;0.00;0.00;0.0;0.0
239.882;246;0;99;0;0.0;19.700;1.340;25;26;0;0;100;0;100;0;0;0;0;88;88;0;0.000;0.000;0.000;0.000;0.000;0.000;0.0;0.0;0;14;0.000;0.000;11.3;0;0.0;0;0;0;0;0;99;0;0;4968;0.00;0;0;0;0;0;0;0;0;0;0;0;0;0;0;0;0;14;0;99.0;99.0;0;0;0.00;0.00;0.00;0.0;0.0
239.947;246;0;99;0;0.0;19.700;1.340;25;26;0;0;100;0;100;0;0;0;0;88;88;0;0.000;0.000;0.000;0.000;0.000;0.000;0.0;0.0;0;14;0.000;0.000;11.3;0;0.0;0;0;0;0;0;99;0;0;4968;0.00;0;0;0;0;0;0;0;0;0;0;0;0;0;0;0;0;14;0;99.0;99.0;0;0;0.00;0.00;0.00;0.0;0.0
240.012;246;0;99;0;0.0;19.700;1.340;25;26;0;0;100;0;100;0;0;0;0;88;88;0;0.000;0.000;0.000;0.000;0.000;0.000;0.0;0.0;0;14;0.000;0.000;11.3;0;0.0;0;0;0;0;0;99;0;0;4968;0.00;0;0;0;0;0;0;0;0;0;0;0;0;0;0;0;0;14;0;99.0;99.0;0;0;0.00;0.00;0.00;0.0;0.0
240.079;246;0;99;0;0.0;19.700;1.340;25;26;0;0;100;0;100;0;0;0;0;88;88;0;0.000;0.000;0.000;0.000;0.000;0.000;0.0;0.0;0;14;0.000;0.000;11.3;0;0.0;0;0;0;0;0;99;0;0;4968;0.00;0;0;0;0;0;0;0;0;0;0;0;0;0;0;0;0;14;0;99.0;99.0;0;0;0.00;0.00;0.00;0.0;0.0
240.148;246;0;99;0;0.0;19.700;1.340;25;26;0;0;100;0;100;0;0;0;0;88;88;0;0.000;0.000;0.000;0.000;0.000;0.000;0.0;0.0;0;14;0.000;0.000;11.3;0;0.0;0;0;0;0;0;99;0;0;4968;0.00;0;0;0;0;0;0;0;0;0;0;0;0;0;0;0;0;14;0;99.0;99.0;0;0;0.00;0.00;0.00;0.0;0.0
240.213;246;0;99;0;0.0;19.700;1.340;25;26;0;0;100;0;100;0;0;0;0;88;88;0;0.000;0.000;0.000;0.000;0.000;0.000;0.0;0.0;0;14;0.000;0.000;11.3;0;0.0;0;0;0;0;0;99;0;0;4968;0.00;0;0;0;0;0;0;0;0;0;0;0;0;0;0;0;0;14;0;99.0;99.0;0;0;0.00;0.00;0.00;0.0;0.0
240.278;246;0;99;0;0.0;19.700;1.340;25;26;0;0;100;0;100;0;0;0;0;88;88;0;0.000;0.000;0.000;0.000;0.000;0.000;0.0;0.0;0;14;0.000;0.000;11.3;0;0.0;0;0;0;0;0;99;0;0;4968;0.00;0;0;0;0;0;0;0;0;0;0;0;0;0;0;0;0;14;0;99.0;99.0;0;0;0.00;0.00;0.00;0.0;0.0
240.344;246;0;99;0;0.0;19.700;1.340;25;26;0;0;100;0;100;0;0;0;0;88;88;0;0.000;0.000;0.000;0.000;0.000;0.000;0.0;0.0;0;14;0.000;0.000;11.3;0;0.0;0;0;0;0;0;99;0;0;4968;0.00;0;0;0;0;0;0;0;0;0;0;0;0;0;0;0;0;14;0;99.0;99.0;0;0;0.00;0.00;0.00;0.0;0.0
240.411;246;0;99;0;0.0;19.700;1.340;25;26;0;0;100;0;100;0;0;0;0;88;88;0;0.000;0.000;0.000;0.000;0.000;0.000;0.0;0.0;0;14;0.000;0.000;11.3;0;0.0;0;0;0;0;0;99;0;0;4968;0.00;0;0;0;0;0;0;0;0;0;0;0;0;0;0;0;0;14;0;99.0;99.0;0;0;0.00;0.00;0.00;0.0;0.0
240.480;246;0;99;0;0.0;19.700;1.340;25;26;0;0;100;0;100;0;0;0;0;88;88;0;0.000;0.000;0.000;0.000;0.000;0.000;0.0;0.0;0;14;0.000;0.000;11.3;0;0.0;0;0;0;0;0;99;0;0;4968;0.00;0;0;0;0;0;0;0;0;0;0;0;0;0;0;0;0;14;0;99.0;99.0;0;0;0.00;0.00;0.00;0.0;0.0
240.550;246;0;99;0;0.0;19.700;1.340;25;26;0;0;100;0;100;0;0;0;0;88;88;0;0.000;0.000;0.000;0.000;0.000;0.000;0.0;0.0;0;14;0.000;0.000;11.3;0;0.0;0;0;0;0;0;99;0;0;4968;0.00;0;0;0;0;0;0;0;0;0;0;0;0;0;0;0;0;14;0;99.0;99.0;0;0;0.00;0.00;0.00;0.0;0.0
240.615;246;0;99;0;0.0;19.700;1.340;25;26;0;0;100;0;100;0;0;0;0;88;88;0;0.000;0.000;0.000;0.000;0.000;0.000;0.0;0.0;0;14;0.000;0.000;11.3;0;0.0;0;0;0;0;0;99;0;0;4968;0.00;0;0;0;0;0;0;0;0;0;0;0;0;0;0;0;0;14;0;99.0;99.0;0;0;0.00;0.00;0.00;0.0;0.0
240.680;247;0;99;0;0.0;19.700;1.340;25;26;0;0;100;0;100;0;0;0;0;88;88;0;0.000;0.000;0.000;0.000;0.000;0.000;0.0;0.0;0;14;0.000;0.000;11.3;0;0.1;0;0;0;0;0;98;0;0;4968;0.00;0;0;0;0;0;0;0;0;0;0;0;0;0;0;0;0;14;0;99.0;99.0;0;0;0.00;0.00;0.00;0.0;0.0
240.747;247;0;99;0;0.0;19.700;1.340;25;26;0;0;100;0;100;0;0;0;0;88;88;0;0.000;0.000;0.000;0.000;0.000;0.000;0.0;0.0;0;14;0.000;0.000;11.3;0;0.1;0;0;0;0;0;98;0;0;4968;0.00;0;0;0;0;0;0;0;0;0;0;0;0;0;0;0;0;14;0;99.0;99.0;0;0;0.00;0.00;0.00;0.0;0.0
240.815;247;0;99;0;0.0;19.700;1.340;25;26;0;0;100;0;100;0;0;0;0;88;88;0;0.000;0.000;0.000;0.000;0.000;0.000;0.0;0.0;0;14;0.000;0.000;11.3;0;0.1;0;0;0;0;0;98;0;0;4968;0.00;0;0;0;0;0;0;0;0;0;0;0;0;0;0;0;0;14;0;99.0;99.0;0;0;0.00;0.00;0.00;0.0;0.0
240.881;247;0;99;0;0.0;19.700;1.340;25;26;0;0;100;0;100;0;0;0;0;88;88;0;0.000;0.000;0.000;0.000;0.000;0.000;0.0;0.0;0;14;0.000;0.000;11.3;0;0.1;0;0;0;0;0;98;0;0;4968;0.00;0;0;0;0;0;0;0;0;0;0;0;0;0;0;0;0;14;0;99.0;99.0;0;0;0.00;0.00;0.00;0.0;0.0
240.948;247;0;99;0;0.0;19.700;1.340;25;26;0;0;100;0;100;0;0;0;0;88;88;0;0.000;0.000;0.000;0.000;0.000;0.000;0.0;0.0;0;14;0.000;0.000;11.3;0;0.1;0;0;0;0;0;98;0;0;4968;0.00;0;0;0;0;0;0;0;0;0;0;0;0;0;0;0;0;14;0;99.0;99.0;0;0;0.00;0.00;0.00;0.0;0.0
241.013;247;0;99;0;0.0;19.700;1.340;25;26;0;0;100;0;100;0;0;0;0;88;88;0;0.000;0.000;0.000;0.000;0.000;0.000;0.0;0.0;0;14;0.000;0.000;11.3;0;0.1;0;0;0;0;0;98;0;0;4968;0.00;0;0;0;0;0;0;0;0;0;0;0;0;0;0;0;0;14;0;99.0;99.0;0;0;0.00;0.00;0.00;0.0;0.0
241.082;247;0;99;0;0.0;19.700;1.340;25;26;0;0;100;0;100;0;0;0;0;88;88;0;0.000;0.000;0.000;0.000;0.000;0.000;0.0;0.0;0;14;0.000;0.000;11.3;0;0.1;0;0;0;0;0;98;0;0;4968;0.00;0;0;0;0;0;0;0;0;0;0;0;0;0;0;0;0;14;0;99.0;99.0;0;0;0.00;0.00;0.00;0.0;0.0
241.147;247;0;99;0;0.0;19.700;1.340;25;26;0;0;100;0;100;0;0;0;0;88;88;0;0.000;0.000;0.000;0.000;0.000;0.000;0.0;0.0;0;14;0.000;0.000;11.3;0;0.1;0;0;0;0;0;98;0;0;4968;0.00;0;0;0;0;0;0;0;0;0;0;0;0;0;0;0;0;14;0;99.0;99.0;0;0;0.00;0.00;0.00;0.0;0.0
241.214;247;0;99;0;0.0;19.700;1.340;25;26;0;0;100;0;100;0;0;0;0;88;88;0;0.000;0.000;0.000;0.000;0.000;0.000;0.0;0.0;0;14;0.000;0.000;11.3;0;0.1;0;0;0;0;0;98;0;0;4968;0.00;0;0;0;0;0;0;0;0;0;0;0;0;0;0;0;0;14;0;99.0;99.0;0;0;0.00;0.00;0.00;0.0;0.0
241.282;247;0;99;0;0.0;19.700;1.340;25;26;0;0;100;0;100;0;0;0;0;88;88;0;0.000;0.000;0.000;0.000;0.000;0.000;0.0;0.0;0;14;0.000;0.000;11.3;0;0.1;0;0;0;0;0;98;0;0;4968;0.00;0;0;0;0;0;0;0;0;0;0;0;0;0;0;0;0;14;0;99.0;99.0;0;0;0.00;0.00;0.00;0.0;0.0
241.348;247;0;99;0;0.0;19.700;1.340;25;26;0;0;100;0;100;0;0;0;0;88;88;0;0.000;0.000;0.000;0.000;0.000;0.000;0.0;0.0;0;14;0.000;0.000;11.3;0;0.1;0;0;0;0;0;98;0;0;4968;0.00;0;0;0;0;0;0;0;0;0;0;0;0;0;0;0;0;14;0;99.0;99.0;0;0;0.00;0.00;0.00;0.0;0.0
241.416;247;0;99;0;0.0;19.700;1.340;25;26;0;0;100;0;100;0;0;0;0;88;88;0;0.000;0.000;0.000;0.000;0.000;0.000;0.0;0.0;0;14;0.000;0.000;11.3;0;0.1;0;0;0;0;0;98;0;0;4968;0.00;0;0;0;0;0;0;0;0;0;0;0;0;0;0;0;0;14;0;99.0;99.0;0;0;0.00;0.00;0.00;0.0;0.0
241.484;247;0;99;0;0.0;19.700;1.340;25;26;0;0;100;0;100;0;0;0;0;88;88;0;0.000;0.000;0.000;0.000;0.000;0.000;0.0;0.0;0;14;0.000;0.000;11.3;0;0.1;0;0;0;0;0;98;0;0;4968;0.00;0;0;0;0;0;0;0;0;0;0;0;0;0;0;0;0;14;0;99.0;99.0;0;0;0.00;0.00;0.00;0.0;0.0
241.484;247;0;98;0;0.0;19.700;1.340;25;26;0;0;100;0;100;0;0;0;0;88;88;0;0.000;0.000;0.000;0.000;0.000;0.000;0.0;0.0;0;15;0.000;0.000;11.3;0;0.0;0;0;0;0;0;98;0;0;4968;0.00;0;0;0;0;0;0;0;0;0;0;0;0;0;0;0;0;15;0;98.0;98.0;0;0;0.00;0.00;0.00;0.0;0.0
241.551;247;0;99;0;0.0;19.700;1.340;25;26;0;0;100;0;100;0;0;0;0;88;88;0;0.000;0.000;0.000;0.000;0.000;0.000;0.0;0.0;0;14;0.000;0.000;11.3;0;0.1;0;0;0;0;0;98;0;0;4968;0.00;0;0;0;0;0;0;0;0;0;0;0;0;0;0;0;0;14;0;99.0;99.0;0;0;0.00;0.00;0.00;0.0;0.0
241.614;248;0;99;0;0.0;19.700;1.340;25;26;0;0;100;0;100;0;0;0;0;88;88;0;0.000;0.000;0.000;0.000;0.000;0.000;0.0;0.0;0;14;0.000;0.000;11.3;0;0.0;0;0;0;0;0;99;0;0;4970;0.00;0;0;0;0;0;0;0;0;0;0;0;0;0;0;0;0;14;0;99.0;99.0;0;0;0.00;0.00;0.00;0.0;0.0
241.680;248;0;99;0;0.0;19.700;1.340;25;26;0;0;100;0;100;0;0;0;0;88;88;0;0.000;0.000;0.000;0.000;0.000;0.000;0.0;0.0;0;14;0.000;0.000;11.3;0;0.0;0;0;0;0;0;99;0;0;4970;0.00;0;0;0;0;0;0;0;0;0;0;0;0;0;0;0;0;14;0;99.0;99.0;0;0;0.00;0.00;0.00;0.0;0.0
241.815;248;0;99;0;0.0;19.700;1.340;25;26;0;0;100;0;100;0;0;0;0;88;88;0;0.000;0.000;0.000;0.000;0.000;0.000;0.0;0.0;0;14;0.000;0.000;11.3;0;0.0;0;0;0;0;0;99;0;0;4970;0.00;0;0;0;0;0;0;0;0;0;0;0;0;0;0;0;0;14;0;99.0;99.0;0;0;0.00;0.00;0.00;0.0;0.0
241.881;248;0;99;0;0.0;19.700;1.340;25;26;0;0;100;0;100;0;0;0;0;88;88;0;0.000;0.000;0.000;0.000;0.000;0.000;0.0;0.0;0;14;0.000;0.000;11.3;0;0.0;0;0;0;0;0;99;0;0;4970;0.00;0;0;0;0;0;0;0;0;0;0;0;0;0;0;0;0;14;0;99.0;99.0;0;0;0.00;0.00;0.00;0.0;0.0
241.950;248;0;99;0;0.0;19.700;1.340;25;26;0;0;100;0;100;0;0;0;0;88;88;0;0.000;0.000;0.000;0.000;0.000;0.000;0.0;0.0;0;14;0.000;0.000;11.3;0;0.0;0;0;0;0;0;99;0;0;4970;0.00;0;0;0;0;0;0;0;0;0;0;0;0;0;0;0;0;14;0;99.0;99.0;0;0;0.00;0.00;0.00;0.0;0.0
242.015;248;0;99;0;0.0;19.700;1.340;25;26;0;0;100;0;100;0;0;0;0;88;88;0;0.000;0.000;0.000;0.000;0.000;0.000;0.0;0.0;0;14;0.000;0.000;11.3;0;0.0;0;0;0;0;0;99;0;0;4970;0.00;0;0;0;0;0;0;0;0;0;0;0;0;0;0;0;0;14;0;99.0;99.0;0;0;0.00;0.00;0.00;0.0;0.0
242.082;248;0;99;0;0.0;19.700;1.340;25;26;0;0;100;0;100;0;0;0;0;88;88;0;0.000;0.000;0.000;0.000;0.000;0.000;0.0;0.0;0;14;0.000;0.000;11.3;0;0.0;0;0;0;0;0;99;0;0;4970;0.00;0;0;0;0;0;0;0;0;0;0;0;0;0;0;0;0;14;0;99.0;99.0;0;0;0.00;0.00;0.00;0.0;0.0
242.148;248;0;99;0;0.0;19.700;1.340;25;26;0;0;100;0;100;0;0;0;0;88;88;0;0.000;0.000;0.000;0.000;0.000;0.000;0.0;0.0;0;14;0.000;0.000;11.3;0;0.0;0;0;0;0;0;99;0;0;4970;0.00;0;0;0;0;0;0;0;0;0;0;0;0;0;0;0;0;14;0;99.0;99.0;0;0;0.00;0.00;0.00;0.0;0.0
242.216;248;0;99;0;0.0;19.700;1.340;25;26;0;0;100;0;100;0;0;0;0;88;88;0;0.000;0.000;0.000;0.000;0.000;0.000;0.0;0.0;0;14;0.000;0.000;11.3;0;0.0;0;0;0;0;0;99;0;0;4970;0.00;0;0;0;0;0;0;0;0;0;0;0;0;0;0;0;0;14;0;99.0;99.0;0;0;0.00;0.00;0.00;0.0;0.0
242.283;248;0;99;0;0.0;19.700;1.340;25;26;0;0;100;0;100;0;0;0;0;88;88;0;0.000;0.000;0.000;0.000;0.000;0.000;0.0;0.0;0;14;0.000;0.000;11.3;0;0.0;0;0;0;0;0;99;0;0;4970;0.00;0;0;0;0;0;0;0;0;0;0;0;0;0;0;0;0;14;0;99.0;99.0;0;0;0.00;0.00;0.00;0.0;0.0
242.347;248;0;99;0;0.0;19.700;1.340;25;26;0;0;100;0;100;0;0;0;0;88;88;0;0.000;0.000;0.000;0.000;0.000;0.000;0.0;0.0;0;14;0.000;0.000;11.3;0;0.0;0;0;0;0;0;99;0;0;4970;0.00;0;0;0;0;0;0;0;0;0;0;0;0;0;0;0;0;14;0;99.0;99.0;0;0;0.00;0.00;0.00;0.0;0.0
242.413;248;0;99;0;0.0;19.700;1.340;25;26;0;0;100;0;100;0;0;0;0;88;88;0;0.000;0.000;0.000;0.000;0.000;0.000;0.0;0.0;0;14;0.000;0.000;11.3;0;0.0;0;0;0;0;0;99;0;0;4970;0.00;0;0;0;0;0;0;0;0;0;0;0;0;0;0;0;0;14;0;99.0;99.0;0;0;0.00;0.00;0.00;0.0;0.0
242.483;248;0;99;0;0.0;19.700;1.340;25;26;0;0;100;0;100;0;0;0;0;88;88;0;0.000;0.000;0.000;0.000;0.000;0.000;0.0;0.0;0;14;0.000;0.000;11.3;0;0.0;0;0;0;0;0;99;0;0;4970;0.00;0;0;0;0;0;0;0;0;0;0;0;0;0;0;0;0;14;0;99.0;99.0;0;0;0.00;0.00;0.00;0.0;0.0
242.548;248;0;99;0;0.0;19.700;1.340;25;26;0;0;100;0;100;0;0;0;0;88;88;0;0.000;0.000;0.000;0.000;0.000;0.000;0.0;0.0;0;14;0.000;0.000;11.3;0;0.0;0;0;0;0;0;99;0;0;4970;0.00;0;0;0;0;0;0;0;0;0;0;0;0;0;0;0;0;14;0;99.0;99.0;0;0;0.00;0.00;0.00;0.0;0.0
242.614;248;0;99;0;0.0;19.700;1.340;25;26;0;0;100;0;100;0;0;0;0;88;88;0;0.000;0.000;0.000;0.000;0.000;0.000;0.0;0.0;0;14;0.000;0.000;11.3;0;0.0;0;0;0;0;0;99;0;0;4970;0.00;0;0;0;0;0;0;0;0;0;0;0;0;0;0;0;0;14;0;99.0;99.0;0;0;0.00;0.00;0.00;0.0;0.0
242.679;249;0;99;0;0.0;19.700;1.340;25;26;0;0;100;0;100;0;0;0;0;88;88;0;0.000;0.000;0.000;0.000;0.000;0.000;0.0;0.0;0;14;0.000;0.000;11.3;0;0.0;0;0;0;0;0;99;0;0;4982;0.00;0;0;0;0;0;0;0;0;0;0;0;0;0;0;0;0;14;0;99.0;99.0;0;0;0.00;0.00;0.00;0.0;0.0
242.746;249;0;99;0;0.0;19.700;1.340;25;26;0;0;100;0;100;0;0;0;0;88;88;0;0.000;0.000;0.000;0.000;0.000;0.000;0.0;0.0;0;14;0.000;0.000;11.3;0;0.0;0;0;0;0;0;99;0;0;4982;0.00;0;0;0;0;0;0;0;0;0;0;0;0;0;0;0;0;14;0;99.0;99.0;0;0;0.00;0.00;0.00;0.0;0.0
242.814;249;0;99;0;0.0;19.700;1.340;25;26;0;0;100;0;100;0;0;0;0;88;88;0;0.000;0.000;0.000;0.000;0.000;0.000;0.0;0.0;0;14;0.000;0.000;11.3;0;0.0;0;0;0;0;0;99;0;0;4982;0.00;0;0;0;0;0;0;0;0;0;0;0;0;0;0;0;0;14;0;99.0;99.0;0;0;0.00;0.00;0.00;0.0;0.0
242.880;249;0;99;0;0.0;19.700;1.340;25;26;0;0;100;0;100;0;0;0;0;88;88;0;0.000;0.000;0.000;0.000;0.000;0.000;0.0;0.0;0;14;0.000;0.000;11.3;0;0.0;0;0;0;0;0;99;0;0;4982;0.00;0;0;0;0;0;0;0;0;0;0;0;0;0;0;0;0;14;0;99.0;99.0;0;0;0.00;0.00;0.00;0.0;0.0
242.951;249;0;99;0;0.0;19.700;1.340;25;26;0;0;100;0;100;0;0;0;0;88;88;0;0.000;0.000;0.000;0.000;0.000;0.000;0.0;0.0;0;14;0.000;0.000;11.3;0;0.0;0;0;0;0;0;99;0;0;4982;0.00;0;0;0;0;0;0;0;0;0;0;0;0;0;0;0;0;14;0;99.0;99.0;0;0;0.00;0.00;0.00;0.0;0.0
243.015;249;0;99;0;0.0;19.700;1.340;25;26;0;0;100;0;100;0;0;0;0;88;88;0;0.000;0.000;0.000;0.000;0.000;0.000;0.0;0.0;0;14;0.000;0.000;11.3;0;0.0;0;0;0;0;0;99;0;0;4982;0.00;0;0;0;0;0;0;0;0;0;0;0;0;0;0;0;0;14;0;99.0;99.0;0;0;0.00;0.00;0.00;0.0;0.0
243.080;249;0;99;0;0.0;19.700;1.340;25;26;0;0;100;0;100;0;0;0;0;88;88;0;0.000;0.000;0.000;0.000;0.000;0.000;0.0;0.0;0;14;0.000;0.000;11.3;0;0.0;0;0;0;0;0;99;0;0;4982;0.00;0;0;0;0;0;0;0;0;0;0;0;0;0;0;0;0;14;0;99.0;99.0;0;0;0.00;0.00;0.00;0.0;0.0
243.150;249;0;99;0;0.0;19.700;1.340;25;26;0;0;100;0;100;0;0;0;0;88;88;0;0.000;0.000;0.000;0.000;0.000;0.000;0.0;0.0;0;14;0.000;0.000;11.3;0;0.0;0;0;0;0;0;99;0;0;4982;0.00;0;0;0;0;0;0;0;0;0;0;0;0;0;0;0;0;14;0;99.0;99.0;0;0;0.00;0.00;0.00;0.0;0.0
243.216;249;0;99;0;0.0;19.700;1.340;25;26;0;0;100;0;100;0;0;0;0;88;88;0;0.000;0.000;0.000;0.000;0.000;0.000;0.0;0.0;0;14;0.000;0.000;11.3;0;0.0;0;0;0;0;0;99;0;0;4982;0.00;0;0;0;0;0;0;0;0;0;0;0;0;0;0;0;0;14;0;99.0;99.0;0;0;0.00;0.00;0.00;0.0;0.0
243.282;249;0;99;0;0.0;19.700;1.340;25;26;0;0;100;0;100;0;0;0;0;88;88;0;0.000;0.000;0.000;0.000;0.000;0.000;0.0;0.0;0;14;0.000;0.000;11.3;0;0.0;0;0;0;0;0;99;0;0;4982;0.00;0;0;0;0;0;0;0;0;0;0;0;0;0;0;0;0;14;0;99.0;99.0;0;0;0.00;0.00;0.00;0.0;0.0
243.347;249;0;99;0;0.0;19.700;1.340;25;26;0;0;100;0;100;0;0;0;0;88;88;0;0.000;0.000;0.000;0.000;0.000;0.000;0.0;0.0;0;14;0.000;0.000;11.3;0;0.0;0;0;0;0;0;99;0;0;4982;0.00;0;0;0;0;0;0;0;0;0;0;0;0;0;0;0;0;14;0;99.0;99.0;0;0;0.00;0.00;0.00;0.0;0.0
243.417;249;0;99;0;0.0;19.700;1.340;25;26;0;0;100;0;100;0;0;0;0;88;88;0;0.000;0.000;0.000;0.000;0.000;0.000;0.0;0.0;0;14;0.000;0.000;11.3;0;0.0;0;0;0;0;0;99;0;0;4982;0.00;0;0;0;0;0;0;0;0;0;0;0;0;0;0;0;0;14;0;99.0;99.0;0;0;0.00;0.00;0.00;0.0;0.0
243.482;249;0;99;0;0.0;19.700;1.340;25;26;0;0;100;0;100;0;0;0;0;88;88;0;0.000;0.000;0.000;0.000;0.000;0.000;0.0;0.0;0;14;0.000;0.000;11.3;0;0.0;0;0;0;0;0;99;0;0;4982;0.00;0;0;0;0;0;0;0;0;0;0;0;0;0;0;0;0;14;0;99.0;99.0;0;0;0.00;0.00;0.00;0.0;0.0
243.547;249;0;99;0;0.0;19.700;1.340;25;26;0;0;100;0;100;0;0;0;0;88;88;0;0.000;0.000;0.000;0.000;0.000;0.000;0.0;0.0;0;14;0.000;0.000;11.3;0;0.0;0;0;0;0;0;99;0;0;4982;0.00;0;0;0;0;0;0;0;0;0;0;0;0;0;0;0;0;14;0;99.0;99.0;0;0;0.00;0.00;0.00;0.0;0.0
243.613;249;0;99;0;0.0;19.700;1.340;25;26;0;0;100;0;100;0;0;0;0;88;88;0;0.000;0.000;0.000;0.000;0.000;0.000;0.0;0.0;0;14;0.000;0.000;11.3;0;0.0;0;0;0;0;0;99;0;0;4982;0.00;0;0;0;0;0;0;0;0;0;0;0;0;0;0;0;0;14;0;99.0;99.0;0;0;0.00;0.00;0.00;0.0;0.0
243.678;249;0;99;0;0.0;19.700;1.340;25;26;0;0;100;0;100;0;0;0;0;88;88;0;0.000;0.000;0.000;0.000;0.000;0.000;0.0;0.0;0;14;0.000;0.000;11.3;0;0.0;0;0;0;0;0;99;0;0;4982;0.00;0;0;0;0;0;0;0;0;0;0;0;0;0;0;0;0;14;0;99.0;99.0;0;0;0.00;0.00;0.00;0.0;0.0
243.748;250;0;99;0;0.0;19.700;1.340;25;26;0;0;100;0;100;0;0;0;0;88;88;0;0.000;0.000;0.000;0.000;0.000;0.000;0.0;0.0;0;14;0.000;0.000;11.3;0;0.0;0;0;0;0;0;99;0;0;4972;0.00;0;0;0;0;0;0;0;0;0;0;0;0;0;0;0;0;14;0;99.0;99.0;0;0;0.00;0.00;0.00;0.0;0.0
243.813;250;0;99;0;0.0;19.700;1.340;25;26;0;0;100;0;100;0;0;0;0;88;88;0;0.000;0.000;0.000;0.000;0.000;0.000;0.0;0.0;0;14;0.000;0.000;11.3;0;0.0;0;0;0;0;0;99;0;0;4972;0.00;0;0;0;0;0;0;0;0;0;0;0;0;0;0;0;0;14;0;99.0;99.0;0;0;0.00;0.00;0.00;0.0;0.0
243.879;250;0;99;0;0.0;19.700;1.340;25;26;0;0;100;0;100;0;0;0;0;88;88;0;0.000;0.000;0.000;0.000;0.000;0.000;0.0;0.0;0;14;0.000;0.000;11.3;0;0.0;0;0;0;0;0;99;0;0;4972;0.00;0;0;0;0;0;0;0;0;0;0;0;0;0;0;0;0;14;0;99.0;99.0;0;0;0.00;0.00;0.00;0.0;0.0
243.944;250;0;99;0;0.0;19.700;1.340;25;26;0;0;100;0;100;0;0;0;0;88;88;0;0.000;0.000;0.000;0.000;0.000;0.000;0.0;0.0;0;14;0.000;0.000;11.3;0;0.0;0;0;0;0;0;99;0;0;4972;0.00;0;0;0;0;0;0;0;0;0;0;0;0;0;0;0;0;14;0;99.0;99.0;0;0;0.00;0.00;0.00;0.0;0.0
244.014;250;0;99;0;0.0;19.700;1.340;25;26;0;0;100;0;100;0;0;0;0;88;88;0;0.000;0.000;0.000;0.000;0.000;0.000;0.0;0.0;0;14;0.000;0.000;11.3;0;0.0;0;0;0;0;0;99;0;0;4972;0.00;0;0;0;0;0;0;0;0;0;0;0;0;0;0;0;0;14;0;99.0;99.0;0;0;0.00;0.00;0.00;0.0;0.0
244.080;250;0;99;0;0.0;19.700;1.340;25;26;0;0;100;0;100;0;0;0;0;88;88;0;0.000;0.000;0.000;0.000;0.000;0.000;0.0;0.0;0;14;0.000;0.000;11.3;0;0.0;0;0;0;0;0;99;0;0;4972;0.00;0;0;0;0;0;0;0;0;0;0;0;0;0;0;0;0;14;0;99.0;99.0;0;0;0.00;0.00;0.00;0.0;0.0
244.145;250;0;99;0;0.0;19.700;1.340;25;26;0;0;100;0;100;0;0;0;0;88;88;0;0.000;0.000;0.000;0.000;0.000;0.000;0.0;0.0;0;14;0.000;0.000;11.3;0;0.0;0;0;0;0;0;99;0;0;4972;0.00;0;0;0;0;0;0;0;0;0;0;0;0;0;0;0;0;14;0;99.0;99.0;0;0;0.00;0.00;0.00;0.0;0.0
244.211;250;0;99;0;0.0;19.700;1.340;25;26;0;0;100;0;100;0;0;0;0;88;88;0;0.000;0.000;0.000;0.000;0.000;0.000;0.0;0.0;0;14;0.000;0.000;11.3;0;0.0;0;0;0;0;0;99;0;0;4972;0.00;0;0;0;0;0;0;0;0;0;0;0;0;0;0;0;0;14;0;99.0;99.0;0;0;0.00;0.00;0.00;0.0;0.0
244.281;250;0;99;0;0.0;19.700;1.340;25;26;0;0;100;0;100;0;0;0;0;88;88;0;0.000;0.000;0.000;0.000;0.000;0.000;0.0;0.0;0;14;0.000;0.000;11.3;0;0.0;0;0;0;0;0;99;0;0;4972;0.00;0;0;0;0;0;0;0;0;0;0;0;0;0;0;0;0;14;0;99.0;99.0;0;0;0.00;0.00;0.00;0.0;0.0
244.345;250;0;99;0;0.0;19.700;1.340;25;26;0;0;100;0;100;0;0;0;0;88;88;0;0.000;0.000;0.000;0.000;0.000;0.000;0.0;0.0;0;14;0.000;0.000;11.3;0;0.0;0;0;0;0;0;99;0;0;4972;0.00;0;0;0;0;0;0;0;0;0;0;0;0;0;0;0;0;14;0;99.0;99.0;0;0;0.00;0.00;0.00;0.0;0.0
244.411;250;0;99;0;0.0;19.700;1.340;25;26;0;0;100;0;100;0;0;0;0;88;88;0;0.000;0.000;0.000;0.000;0.000;0.000;0.0;0.0;0;14;0.000;0.000;11.3;0;0.0;0;0;0;0;0;99;0;0;4972;0.00;0;0;0;0;0;0;0;0;0;0;0;0;0;0;0;0;14;0;99.0;99.0;0;0;0.00;0.00;0.00;0.0;0.0
244.478;250;0;99;0;0.0;19.700;1.340;25;26;0;0;100;0;100;0;0;0;0;88;88;0;0.000;0.000;0.000;0.000;0.000;0.000;0.0;0.0;0;14;0.000;0.000;11.3;0;0.0;0;0;0;0;0;99;0;0;4972;0.00;0;0;0;0;0;0;0;0;0;0;0;0;0;0;0;0;14;0;99.0;99.0;0;0;0.00;0.00;0.00;0.0;0.0
244.547;250;0;98;0;0.0;19.700;1.340;25;26;0;0;100;0;100;0;0;0;0;88;88;0;0.000;0.000;0.000;0.000;0.000;0.000;0.0;0.0;0;15;0.000;0.000;11.3;0;-0.1;0;0;0;0;0;99;0;0;4972;0.00;0;0;0;0;0;0;0;0;0;0;0;0;0;0;0;0;15;0;98.0;98.0;0;0;0.00;0.00;0.00;0.0;0.0
244.612;250;0;99;0;0.0;19.700;1.340;25;26;0;0;100;0;100;0;0;0;0;88;88;0;0.000;0.000;0.000;0.000;0.000;0.000;0.0;0.0;0;14;0.000;0.000;11.3;0;0.0;0;0;0;0;0;99;0;0;4972;0.00;0;0;0;0;0;0;0;0;0;0;0;0;0;0;0;0;14;0;99.0;99.0;0;0;0.00;0.00;0.00;0.0;0.0
244.679;250;0;99;0;0.0;19.700;1.340;25;26;0;0;100;0;100;0;0;0;0;88;88;0;0.000;0.000;0.000;0.000;0.000;0.000;0.0;0.0;0;14;0.000;0.000;11.3;0;0.0;0;0;0;0;0;99;0;0;4972;0.00;0;0;0;0;0;0;0;0;0;0;0;0;0;0;0;0;14;0;99.0;99.0;0;0;0.00;0.00;0.00;0.0;0.0
244.747;251;0;99;0;0.0;19.700;1.340;25;26;0;0;100;0;100;0;0;0;0;88;88;0;0.000;0.000;0.000;0.000;0.000;0.000;0.0;0.0;0;14;0.000;0.000;11.3;0;0.0;0;0;0;0;0;99;0;0;4966;0.00;0;0;0;0;0;0;0;0;0;0;0;0;0;0;0;0;14;0;99.0;99.0;0;0;0.00;0.00;0.00;0.0;0.0
244.812;251;0;99;0;0.0;19.700;1.340;25;26;0;0;100;0;100;0;0;0;0;88;88;0;0.000;0.000;0.000;0.000;0.000;0.000;0.0;0.0;0;14;0.000;0.000;11.3;0;0.0;0;0;0;0;0;99;0;0;4966;0.00;0;0;0;0;0;0;0;0;0;0;0;0;0;0;0;0;14;0;99.0;99.0;0;0;0.00;0.00;0.00;0.0;0.0
244.878;251;0;99;0;0.0;19.700;1.340;25;26;0;0;100;0;100;0;0;0;0;88;88;0;0.000;0.000;0.000;0.000;0.000;0.000;0.0;0.0;0;14;0.000;0.000;11.3;0;0.0;0;0;0;0;0;99;0;0;4966;0.00;0;0;0;0;0;0;0;0;0;0;0;0;0;0;0;0;14;0;99.0;99.0;0;0;0.00;0.00;0.00;0.0;0.0
244.948;251;0;99;0;0.0;19.700;1.340;25;26;0;0;100;0;100;0;0;0;0;88;88;0;0.000;0.000;0.000;0.000;0.000;0.000;0.0;0.0;0;14;0.000;0.000;11.3;0;0.0;0;0;0;0;0;99;0;0;4966;0.00;0;0;0;0;0;0;0;0;0;0;0;0;0;0;0;0;14;0;99.0;99.0;0;0;0.00;0.00;0.00;0.0;0.0
245.014;251;0;99;0;0.0;19.700;1.340;25;26;0;0;100;0;100;0;0;0;0;88;88;0;0.000;0.000;0.000;0.000;0.000;0.000;0.0;0.0;0;14;0.000;0.000;11.3;0;0.0;0;0;0;0;0;99;0;0;4966;0.00;0;0;0;0;0;0;0;0;0;0;0;0;0;0;0;0;14;0;99.0;99.0;0;0;0.00;0.00;0.00;0.0;0.0
245.084;251;0;99;0;0.0;19.700;1.340;25;26;0;0;100;0;100;0;0;0;0;88;88;0;0.000;0.000;0.000;0.000;0.000;0.000;0.0;0.0;0;14;0.000;0.000;11.3;0;0.0;0;0;0;0;0;99;0;0;4966;0.00;0;0;0;0;0;0;0;0;0;0;0;0;0;0;0;0;14;0;99.0;99.0;0;0;0.00;0.00;0.00;0.0;0.0
245.150;251;0;99;0;0.0;19.700;1.340;25;26;0;0;100;0;100;0;0;0;0;88;88;0;0.000;0.000;0.000;0.000;0.000;0.000;0.0;0.0;0;14;0.000;0.000;11.3;0;0.0;0;0;0;0;0;99;0;0;4966;0.00;0;0;0;0;0;0;0;0;0;0;0;0;0;0;0;0;14;0;99.0;99.0;0;0;0.00;0.00;0.00;0.0;0.0
245.214;251;0;99;0;0.0;19.700;1.340;25;26;0;0;100;0;100;0;0;0;0;88;88;0;0.000;0.000;0.000;0.000;0.000;0.000;0.0;0.0;0;14;0.000;0.000;11.3;0;0.0;0;0;0;0;0;99;0;0;4966;0.00;0;0;0;0;0;0;0;0;0;0;0;0;0;0;0;0;14;0;99.0;99.0;0;0;0.00;0.00;0.00;0.0;0.0
245.279;251;0;99;0;0.0;19.700;1.340;25;26;0;0;100;0;100;0;0;0;0;88;88;0;0.000;0.000;0.000;0.000;0.000;0.000;0.0;0.0;0;14;0.000;0.000;11.3;0;0.0;0;0;0;0;0;99;0;0;4966;0.00;0;0;0;0;0;0;0;0;0;0;0;0;0;0;0;0;14;0;99.0;99.0;0;0;0.00;0.00;0.00;0.0;0.0
245.345;251;0;99;0;0.0;19.700;1.340;25;26;0;0;100;0;100;0;0;0;0;88;88;0;0.000;0.000;0.000;0.000;0.000;0.000;0.0;0.0;0;14;0.000;0.000;11.3;0;0.0;0;0;0;0;0;99;0;0;4966;0.00;0;0;0;0;0;0;0;0;0;0;0;0;0;0;0;0;14;0;99.0;99.0;0;0;0.00;0.00;0.00;0.0;0.0
245.410;251;0;99;0;0.0;19.700;1.340;25;26;0;0;100;0;100;0;0;0;0;88;88;0;0.000;0.000;0.000;0.000;0.000;0.000;0.0;0.0;0;14;0.000;0.000;11.3;0;0.0;0;0;0;0;0;99;0;0;4966;0.00;0;0;0;0;0;0;0;0;0;0;0;0;0;0;0;0;14;0;99.0;99.0;0;0;0.00;0.00;0.00;0.0;0.0
245.480;251;0;99;0;0.0;19.700;1.340;25;26;0;0;100;0;100;0;0;0;0;88;88;0;0.000;0.000;0.000;0.000;0.000;0.000;0.0;0.0;0;14;0.000;0.000;11.3;0;0.0;0;0;0;0;0;99;0;0;4966;0.00;0;0;0;0;0;0;0;0;0;0;0;0;0;0;0;0;14;0;99.0;99.0;0;0;0.00;0.00;0.00;0.0;0.0
245.546;251;0;99;0;0.0;19.700;1.340;25;26;0;0;100;0;100;0;0;0;0;88;88;0;0.000;0.000;0.000;0.000;0.000;0.000;0.0;0.0;0;14;0.000;0.000;11.3;0;0.0;0;0;0;0;0;99;0;0;4966;0.00;0;0;0;0;0;0;0;0;0;0;0;0;0;0;0;0;14;0;99.0;99.0;0;0;0.00;0.00;0.00;0.0;0.0
245.612;251;0;99;0;0.0;19.700;1.340;25;26;0;0;100;0;100;0;0;0;0;88;88;0;0.000;0.000;0.000;0.000;0.000;0.000;0.0;0.0;0;14;0.000;0.000;11.3;0;0.0;0;0;0;0;0;99;0;0;4966;0.00;0;0;0;0;0;0;0;0;0;0;0;0;0;0;0;0;14;0;99.0;99.0;0;0;0.00;0.00;0.00;0.0;0.0
245.677;251;0;99;0;0.0;19.700;1.340;25;26;0;0;100;0;100;0;0;0;0;88;88;0;0.000;0.000;0.000;0.000;0.000;0.000;0.0;0.0;0;14;0.000;0.000;11.3;0;0.0;0;0;0;0;0;99;0;0;4966;0.00;0;0;0;0;0;0;0;0;0;0;0;0;0;0;0;0;14;0;99.0;99.0;0;0;0.00;0.00;0.00;0.0;0.0
245.747;252;0;99;0;0.0;19.700;1.340;25;26;0;0;100;0;100;0;0;0;0;88;88;0;0.000;0.000;0.000;0.000;0.000;0.000;0.0;0.0;0;14;0.000;0.000;11.3;0;0.0;0;0;0;0;0;99;0;0;4974;0.00;0;0;0;0;0;0;0;0;0;0;0;0;0;0;0;0;14;0;99.0;99.0;0;0;0.00;0.00;0.00;0.0;0.0
245.811;252;0;99;0;0.0;19.700;1.340;25;26;0;0;100;0;100;0;0;0;0;88;88;0;0.000;0.000;0.000;0.000;0.000;0.000;0.0;0.0;0;14;0.000;0.000;11.3;0;0.0;0;0;0;0;0;99;0;0;4974;0.00;0;0;0;0;0;0;0;0;0;0;0;0;0;0;0;0;14;0;99.0;99.0;0;0;0.00;0.00;0.00;0.0;0.0
245.878;252;0;99;0;0.0;19.700;1.340;25;26;0;0;100;0;100;0;0;0;0;88;88;0;0.000;0.000;0.000;0.000;0.000;0.000;0.0;0.0;0;14;0.000;0.000;11.3;0;0.0;0;0;0;0;0;99;0;0;4974;0.00;0;0;0;0;0;0;0;0;0;0;0;0;0;0;0;0;14;0;99.0;99.0;0;0;0.00;0.00;0.00;0.0;0.0
245.947;252;0;99;0;0.0;19.700;1.340;25;26;0;0;100;0;100;0;0;0;0;88;88;0;0.000;0.000;0.000;0.000;0.000;0.000;0.0;0.0;0;14;0.000;0.000;11.3;0;0.0;0;0;0;0;0;99;0;0;4974;0.00;0;0;0;0;0;0;0;0;0;0;0;0;0;0;0;0;14;0;99.0;99.0;0;0;0.00;0.00;0.00;0.0;0.0
246.013;252;0;99;0;0.0;19.700;1.340;25;26;0;0;100;0;100;0;0;0;0;88;88;0;0.000;0.000;0.000;0.000;0.000;0.000;0.0;0.0;0;14;0.000;0.000;11.3;0;0.0;0;0;0;0;0;99;0;0;4974;0.00;0;0;0;0;0;0;0;0;0;0;0;0;0;0;0;0;14;0;99.0;99.0;0;0;0.00;0.00;0.00;0.0;0.0
246.079;252;0;99;0;0.0;19.700;1.340;25;26;0;0;100;0;100;0;0;0;0;88;88;0;0.000;0.000;0.000;0.000;0.000;0.000;0.0;0.0;0;14;0.000;0.000;11.3;0;0.0;0;0;0;0;0;99;0;0;4974;0.00;0;0;0;0;0;0;0;0;0;0;0;0;0;0;0;0;14;0;99.0;99.0;0;0;0.00;0.00;0.00;0.0;0.0
246.149;252;0;99;0;0.0;19.700;1.340;25;26;0;0;100;0;100;0;0;0;0;88;88;0;0.000;0.000;0.000;0.000;0.000;0.000;0.0;0.0;0;14;0.000;0.000;11.3;0;0.0;0;0;0;0;0;99;0;0;4974;0.00;0;0;0;0;0;0;0;0;0;0;0;0;0;0;0;0;14;0;99.0;99.0;0;0;0.00;0.00;0.00;0.0;0.0
246.213;252;0;99;0;0.0;19.700;1.340;25;26;0;0;100;0;100;0;0;0;0;88;88;0;0.000;0.000;0.000;0.000;0.000;0.000;0.0;0.0;0;14;0.000;0.000;11.3;0;0.0;0;0;0;0;0;99;0;0;4974;0.00;0;0;0;0;0;0;0;0;0;0;0;0;0;0;0;0;14;0;99.0;99.0;0;0;0.00;0.00;0.00;0.0;0.0
246.279;252;0;99;0;0.0;19.700;1.340;25;26;0;0;100;0;100;0;0;0;0;88;88;0;0.000;0.000;0.000;0.000;0.000;0.000;0.0;0.0;0;14;0.000;0.000;11.3;0;0.0;0;0;0;0;0;99;0;0;4974;0.00;0;0;0;0;0;0;0;0;0;0;0;0;0;0;0;0;14;0;99.0;99.0;0;0;0.00;0.00;0.00;0.0;0.0
246.346;252;0;99;0;0.0;19.700;1.340;25;26;0;0;100;0;100;0;0;0;0;88;88;0;0.000;0.000;0.000;0.000;0.000;0.000;0.0;0.0;0;14;0.000;0.000;11.3;0;0.0;0;0;0;0;0;99;0;0;4974;0.00;0;0;0;0;0;0;0;0;0;0;0;0;0;0;0;0;14;0;99.0;99.0;0;0;0.00;0.00;0.00;0.0;0.0
246.414;252;0;99;0;0.0;19.700;1.340;25;26;0;0;100;0;100;0;0;0;0;88;88;0;0.000;0.000;0.000;0.000;0.000;0.000;0.0;0.0;0;14;0.000;0.000;11.3;0;0.0;0;0;0;0;0;99;0;0;4974;0.00;0;0;0;0;0;0;0;0;0;0;0;0;0;0;0;0;14;0;99.0;99.0;0;0;0.00;0.00;0.00;0.0;0.0
246.480;252;0;99;0;0.0;19.700;1.340;25;26;0;0;100;0;100;0;0;0;0;88;88;0;0.000;0.000;0.000;0.000;0.000;0.000;0.0;0.0;0;14;0.000;0.000;11.3;0;0.0;0;0;0;0;0;99;0;0;4974;0.00;0;0;0;0;0;0;0;0;0;0;0;0;0;0;0;0;14;0;99.0;99.0;0;0;0.00;0.00;0.00;0.0;0.0
246.546;252;0;99;0;0.0;19.700;1.340;25;26;0;0;100;0;100;0;0;0;0;88;88;0;0.000;0.000;0.000;0.000;0.000;0.000;0.0;0.0;0;14;0.000;0.000;11.3;0;0.0;0;0;0;0;0;99;0;0;4974;0.00;0;0;0;0;0;0;0;0;0;0;0;0;0;0;0;0;14;0;99.0;99.0;0;0;0.00;0.00;0.00;0.0;0.0
246.611;252;0;99;0;0.0;19.700;1.340;25;26;0;0;100;0;100;0;0;0;0;88;88;0;0.000;0.000;0.000;0.000;0.000;0.000;0.0;0.0;0;14;0.000;0.000;11.3;0;0.0;0;0;0;0;0;99;0;0;4974;0.00;0;0;0;0;0;0;0;0;0;0;0;0;0;0;0;0;14;0;99.0;99.0;0;0;0.00;0.00;0.00;0.0;0.0
246.681;252;0;99;0;0.0;19.700;1.340;25;26;0;0;100;0;100;0;0;0;0;88;88;0;0.000;0.000;0.000;0.000;0.000;0.000;0.0;0.0;0;14;0.000;0.000;11.3;0;0.0;0;0;0;0;0;99;0;0;4974;0.00;0;0;0;0;0;0;0;0;0;0;0;0;0;0;0;0;14;0;99.0;99.0;0;0;0.00;0.00;0.00;0.0;0.0
246.746;253;0;99;0;0.0;19.700;1.340;25;26;0;0;100;0;100;0;0;0;0;88;88;0;0.000;0.000;0.000;0.000;0.000;0.000;0.0;0.0;0;14;0.000;0.000;11.3;0;0.0;0;0;0;0;0;99;0;0;4979;0.00;0;0;0;0;0;0;0;0;0;0;0;0;0;0;0;0;14;0;99.0;99.0;0;0;0.00;0.00;0.00;0.0;0.0
246.816;253;0;99;0;0.0;19.700;1.340;25;26;0;0;100;0;100;0;0;0;0;88;88;0;0.000;0.000;0.000;0.000;0.000;0.000;0.0;0.0;0;14;0.000;0.000;11.3;0;0.0;0;0;0;0;0;99;0;0;4979;0.00;0;0;0;0;0;0;0;0;0;0;0;0;0;0;0;0;14;0;99.0;99.0;0;0;0.00;0.00;0.00;0.0;0.0
246.881;253;0;99;0;0.0;19.700;1.340;25;26;0;0;100;0;100;0;0;0;0;88;88;0;0.000;0.000;0.000;0.000;0.000;0.000;0.0;0.0;0;14;0.000;0.000;11.3;0;0.0;0;0;0;0;0;99;0;0;4979;0.00;0;0;0;0;0;0;0;0;0;0;0;0;0;0;0;0;14;0;99.0;99.0;0;0;0.00;0.00;0.00;0.0;0.0
246.946;253;0;99;0;0.0;19.700;1.340;25;26;0;0;100;0;100;0;0;0;0;88;88;0;0.000;0.000;0.000;0.000;0.000;0.000;0.0;0.0;0;14;0.000;0.000;11.3;0;0.0;0;0;0;0;0;99;0;0;4979;0.00;0;0;0;0;0;0;0;0;0;0;0;0;0;0;0;0;14;0;99.0;99.0;0;0;0.00;0.00;0.00;0.0;0.0
247.013;253;0;99;0;0.0;19.700;1.340;25;26;0;0;100;0;100;0;0;0;0;88;88;0;0.000;0.000;0.000;0.000;0.000;0.000;0.0;0.0;0;14;0.000;0.000;11.3;0;0.0;0;0;0;0;0;99;0;0;4979;0.00;0;0;0;0;0;0;0;0;0;0;0;0;0;0;0;0;14;0;99.0;99.0;0;0;0.00;0.00;0.00;0.0;0.0
247.078;253;0;99;0;0.0;19.700;1.340;25;26;0;0;100;0;100;0;0;0;0;88;88;0;0.000;0.000;0.000;0.000;0.000;0.000;0.0;0.0;0;14;0.000;0.000;11.3;0;0.0;0;0;0;0;0;99;0;0;4979;0.00;0;0;0;0;0;0;0;0;0;0;0;0;0;0;0;0;14;0;99.0;99.0;0;0;0.00;0.00;0.00;0.0;0.0
247.144;253;0;99;0;0.0;19.700;1.340;25;26;0;0;100;0;100;0;0;0;0;88;88;0;0.000;0.000;0.000;0.000;0.000;0.000;0.0;0.0;0;14;0.000;0.000;11.3;0;0.0;0;0;0;0;0;99;0;0;4979;0.00;0;0;0;0;0;0;0;0;0;0;0;0;0;0;0;0;14;0;99.0;99.0;0;0;0.00;0.00;0.00;0.0;0.0
247.213;253;0;99;0;0.0;19.700;1.340;25;26;0;0;100;0;100;0;0;0;0;88;88;0;0.000;0.000;0.000;0.000;0.000;0.000;0.0;0.0;0;14;0.000;0.000;11.3;0;0.0;0;0;0;0;0;99;0;0;4979;0.00;0;0;0;0;0;0;0;0;0;0;0;0;0;0;0;0;14;0;99.0;99.0;0;0;0.00;0.00;0.00;0.0;0.0
247.278;253;0;99;0;0.0;19.700;1.340;25;26;0;0;100;0;100;0;0;0;0;88;88;0;0.000;0.000;0.000;0.000;0.000;0.000;0.0;0.0;0;14;0.000;0.000;11.3;0;0.0;0;0;0;0;0;99;0;0;4979;0.00;0;0;0;0;0;0;0;0;0;0;0;0;0;0;0;0;14;0;99.0;99.0;0;0;0.00;0.00;0.00;0.0;0.0
247.344;253;0;99;0;0.0;19.700;1.340;25;26;0;0;100;0;100;0;0;0;0;88;88;0;0.000;0.000;0.000;0.000;0.000;0.000;0.0;0.0;0;14;0.000;0.000;11.3;0;0.0;0;0;0;0;0;99;0;0;4979;0.00;0;0;0;0;0;0;0;0;0;0;0;0;0;0;0;0;14;0;99.0;99.0;0;0;0.00;0.00;0.00;0.0;0.0
247.411;253;0;99;0;0.0;19.700;1.340;25;26;0;0;100;0;100;0;0;0;0;88;88;0;0.000;0.000;0.000;0.000;0.000;0.000;0.0;0.0;0;14;0.000;0.000;11.3;0;0.0;0;0;0;0;0;99;0;0;4979;0.00;0;0;0;0;0;0;0;0;0;0;0;0;0;0;0;0;14;0;99.0;99.0;0;0;0.00;0.00;0.00;0.0;0.0
247.481;253;0;99;0;0.0;19.700;1.340;25;26;0;0;100;0;100;0;0;0;0;88;88;0;0.000;0.000;0.000;0.000;0.000;0.000;0.0;0.0;0;14;0.000;0.000;11.3;0;0.0;0;0;0;0;0;99;0;0;4979;0.00;0;0;0;0;0;0;0;0;0;0;0;0;0;0;0;0;14;0;99.0;99.0;0;0;0.00;0.00;0.00;0.0;0.0
247.548;253;0;99;0;0.0;19.700;1.340;25;26;0;0;100;0;100;0;0;0;0;88;88;0;0.000;0.000;0.000;0.000;0.000;0.000;0.0;0.0;0;14;0.000;0.000;11.3;0;0.0;0;0;0;0;0;99;0;0;4979;0.00;0;0;0;0;0;0;0;0;0;0;0;0;0;0;0;0;14;0;99.0;99.0;0;0;0.00;0.00;0.00;0.0;0.0
247.615;253;0;99;0;0.0;19.700;1.340;25;26;0;0;100;0;100;0;0;0;0;88;88;0;0.000;0.000;0.000;0.000;0.000;0.000;0.0;0.0;0;14;0.000;0.000;11.3;0;0.0;0;0;0;0;0;99;0;0;4979;0.00;0;0;0;0;0;0;0;0;0;0;0;0;0;0;0;0;14;0;99.0;99.0;0;0;0.00;0.00;0.00;0.0;0.0
247.680;253;0;99;0;0.0;19.700;1.340;25;26;0;0;100;0;100;0;0;0;0;88;88;0;0.000;0.000;0.000;0.000;0.000;0.000;0.0;0.0;0;14;0.000;0.000;11.3;0;0.0;0;0;0;0;0;99;0;0;4979;0.00;0;0;0;0;0;0;0;0;0;0;0;0;0;0;0;0;14;0;99.0;99.0;0;0;0.00;0.00;0.00;0.0;0.0
247.746;254;0;99;0;0.0;19.700;1.340;25;26;0;0;100;0;100;0;0;0;0;88;88;0;0.000;0.000;0.000;0.000;0.000;0.000;0.0;0.0;0;14;0.000;0.000;11.3;0;0.0;0;0;0;0;0;99;0;0;4978;0.00;0;0;0;0;0;0;0;0;0;0;0;0;0;0;0;0;14;0;99.0;99.0;0;0;0.00;0.00;0.00;0.0;0.0
247.815;254;0;99;0;0.0;19.700;1.340;25;26;0;0;100;0;100;0;0;0;0;88;88;0;0.000;0.000;0.000;0.000;0.000;0.000;0.0;0.0;0;14;0.000;0.000;11.3;0;0.0;0;0;0;0;0;99;0;0;4978;0.00;0;0;0;0;0;0;0;0;0;0;0;0;0;0;0;0;14;0;99.0;99.0;0;0;0.00;0.00;0.00;0.0;0.0
247.880;254;0;99;0;0.0;19.700;1.340;25;26;0;0;100;0;100;0;0;0;0;88;88;0;0.000;0.000;0.000;0.000;0.000;0.000;0.0;0.0;0;14;0.000;0.000;11.3;0;0.0;0;0;0;0;0;99;0;0;4978;0.00;0;0;0;0;0;0;0;0;0;0;0;0;0;0;0;0;14;0;99.0;99.0;0;0;0.00;0.00;0.00;0.0;0.0
247.946;254;0;99;0;0.0;19.700;1.340;25;26;0;0;100;0;100;0;0;0;0;88;88;0;0.000;0.000;0.000;0.000;0.000;0.000;0.0;0.0;0;14;0.000;0.000;11.3;0;0.0;0;0;0;0;0;99;0;0;4978;0.00;0;0;0;0;0;0;0;0;0;0;0;0;0;0;0;0;14;0;99.0;99.0;0;0;0.00;0.00;0.00;0.0;0.0
248.013;254;0;99;0;0.0;19.700;1.340;25;26;0;0;100;0;100;0;0;0;0;88;88;0;0.000;0.000;0.000;0.000;0.000;0.000;0.0;0.0;0;14;0.000;0.000;11.3;0;0.0;0;0;0;0;0;99;0;0;4978;0.00;0;0;0;0;0;0;0;0;0;0;0;0;0;0;0;0;14;0;99.0;99.0;0;0;0.00;0.00;0.00;0.0;0.0
248.083;254;0;99;0;0.0;19.700;1.340;25;26;0;0;100;0;100;0;0;0;0;88;88;0;0.000;0.000;0.000;0.000;0.000;0.000;0.0;0.0;0;14;0.000;0.000;11.3;0;0.0;0;0;0;0;0;99;0;0;4978;0.00;0;0;0;0;0;0;0;0;0;0;0;0;0;0;0;0;14;0;99.0;99.0;0;0;0.00;0.00;0.00;0.0;0.0
248.151;254;0;99;0;0.0;19.700;1.340;25;26;0;0;100;0;100;0;0;0;0;88;88;0;0.000;0.000;0.000;0.000;0.000;0.000;0.0;0.0;0;14;0.000;0.000;11.3;0;0.0;0;0;0;0;0;99;0;0;4978;0.00;0;0;0;0;0;0;0;0;0;0;0;0;0;0;0;0;14;0;99.0;99.0;0;0;0.00;0.00;0.00;0.0;0.0
248.217;254;0;99;0;0.0;19.700;1.340;25;26;0;0;100;0;100;0;0;0;0;88;88;0;0.000;0.000;0.000;0.000;0.000;0.000;0.0;0.0;0;14;0.000;0.000;11.3;0;0.0;0;0;0;0;0;99;0;0;4978;0.00;0;0;0;0;0;0;0;0;0;0;0;0;0;0;0;0;14;0;99.0;99.0;0;0;0.00;0.00;0.00;0.0;0.0
248.282;254;0;99;0;0.0;19.700;1.340;25;26;0;0;100;0;100;0;0;0;0;88;88;0;0.000;0.000;0.000;0.000;0.000;0.000;0.0;0.0;0;14;0.000;0.000;11.3;0;0.0;0;0;0;0;0;99;0;0;4978;0.00;0;0;0;0;0;0;0;0;0;0;0;0;0;0;0;0;14;0;99.0;99.0;0;0;0.00;0.00;0.00;0.0;0.0
248.347;254;0;99;0;0.0;19.700;1.340;25;26;0;0;100;0;100;0;0;0;0;88;88;0;0.000;0.000;0.000;0.000;0.000;0.000;0.0;0.0;0;14;0.000;0.000;11.3;0;0.0;0;0;0;0;0;99;0;0;4978;0.00;0;0;0;0;0;0;0;0;0;0;0;0;0;0;0;0;14;0;99.0;99.0;0;0;0.00;0.00;0.00;0.0;0.0
248.412;254;0;99;0;0.0;19.700;1.340;25;26;0;0;100;0;100;0;0;0;0;88;88;0;0.000;0.000;0.000;0.000;0.000;0.000;0.0;0.0;0;14;0.000;0.000;11.3;0;0.0;0;0;0;0;0;99;0;0;4978;0.00;0;0;0;0;0;0;0;0;0;0;0;0;0;0;0;0;14;0;99.0;99.0;0;0;0.00;0.00;0.00;0.0;0.0
248.479;254;0;99;0;0.0;19.700;1.340;25;26;0;0;100;0;100;0;0;0;0;88;88;0;0.000;0.000;0.000;0.000;0.000;0.000;0.0;0.0;0;14;0.000;0.000;11.3;0;0.0;0;0;0;0;0;99;0;0;4978;0.00;0;0;0;0;0;0;0;0;0;0;0;0;0;0;0;0;14;0;99.0;99.0;0;0;0.00;0.00;0.00;0.0;0.0
248.544;254;0;99;0;0.0;19.700;1.340;25;26;0;0;100;0;100;0;0;0;0;88;88;0;0.000;0.000;0.000;0.000;0.000;0.000;0.0;0.0;0;14;0.000;0.000;11.3;0;0.0;0;0;0;0;0;99;0;0;4978;0.00;0;0;0;0;0;0;0;0;0;0;0;0;0;0;0;0;14;0;99.0;99.0;0;0;0.00;0.00;0.00;0.0;0.0
248.610;254;0;99;0;0.0;19.700;1.340;25;26;0;0;100;0;100;0;0;0;0;88;88;0;0.000;0.000;0.000;0.000;0.000;0.000;0.0;0.0;0;14;0.000;0.000;11.3;0;0.0;0;0;0;0;0;99;0;0;4978;0.00;0;0;0;0;0;0;0;0;0;0;0;0;0;0;0;0;14;0;99.0;99.0;0;0;0.00;0.00;0.00;0.0;0.0
248.679;254;0;99;0;0.0;19.700;1.340;25;26;0;0;100;0;100;0;0;0;0;88;88;0;0.000;0.000;0.000;0.000;0.000;0.000;0.0;0.0;0;14;0.000;0.000;11.3;0;0.0;0;0;0;0;0;99;0;0;4978;0.00;0;0;0;0;0;0;0;0;0;0;0;0;0;0;0;0;14;0;99.0;99.0;0;0;0.00;0.00;0.00;0.0;0.0
248.745;254;0;98;0;0.0;19.700;1.340;25;26;0;0;100;0;100;0;0;0;0;88;88;0;0.000;0.000;0.000;0.000;0.000;0.000;0.0;0.0;0;15;0.000;0.000;11.3;0;-0.1;0;0;0;0;0;99;0;0;4978;0.00;0;0;0;0;0;0;0;0;0;0;0;0;0;0;0;0;15;0;98.0;98.0;0;0;0.00;0.00;0.00;0.0;0.0
248.815;255;0;99;0;0.0;19.700;1.340;25;26;0;0;100;0;100;0;0;0;0;88;88;0;0.000;0.000;0.000;0.000;0.000;0.000;0.0;0.0;0;14;0.000;0.000;11.3;0;0.0;0;0;0;0;0;99;0;0;4957;0.00;0;0;0;0;0;0;0;0;0;0;0;0;0;0;0;0;14;0;99.0;99.0;0;0;0.00;0.00;0.00;0.0;0.0
248.880;255;0;99;0;0.0;19.700;1.340;25;26;0;0;100;0;100;0;0;0;0;88;88;0;0.000;0.000;0.000;0.000;0.000;0.000;0.0;0.0;0;14;0.000;0.000;11.3;0;0.0;0;0;0;0;0;99;0;0;4957;0.00;0;0;0;0;0;0;0;0;0;0;0;0;0;0;0;0;14;0;99.0;99.0;0;0;0.00;0.00;0.00;0.0;0.0
248.945;255;0;99;0;0.0;19.700;1.340;25;26;0;0;100;0;100;0;0;0;0;88;88;0;0.000;0.000;0.000;0.000;0.000;0.000;0.0;0.0;0;14;0.000;0.000;11.3;0;0.0;0;0;0;0;0;99;0;0;4957;0.00;0;0;0;0;0;0;0;0;0;0;0;0;0;0;0;0;14;0;99.0;99.0;0;0;0.00;0.00;0.00;0.0;0.0
249.010;255;0;99;0;0.0;19.700;1.340;25;26;0;0;100;0;100;0;0;0;0;88;88;0;0.000;0.000;0.000;0.000;0.000;0.000;0.0;0.0;0;14;0.000;0.000;11.3;0;0.0;0;0;0;0;0;99;0;0;4957;0.00;0;0;0;0;0;0;0;0;0;0;0;0;0;0;0;0;14;0;99.0;99.0;0;0;0.00;0.00;0.00;0.0;0.0
249.081;255;0;99;0;0.0;19.700;1.340;25;26;0;0;100;0;100;0;0;0;0;88;88;0;0.000;0.000;0.000;0.000;0.000;0.000;0.0;0.0;0;14;0.000;0.000;11.3;0;0.0;0;0;0;0;0;99;0;0;4957;0.00;0;0;0;0;0;0;0;0;0;0;0;0;0;0;0;0;14;0;99.0;99.0;0;0;0.00;0.00;0.00;0.0;0.0
249.146;255;0;99;0;0.0;19.700;1.340;25;26;0;0;100;0;100;0;0;0;0;88;88;0;0.000;0.000;0.000;0.000;0.000;0.000;0.0;0.0;0;14;0.000;0.000;11.3;0;0.0;0;0;0;0;0;99;0;0;4957;0.00;0;0;0;0;0;0;0;0;0;0;0;0;0;0;0;0;14;0;99.0;99.0;0;0;0.00;0.00;0.00;0.0;0.0
249.211;255;0;99;0;0.0;19.700;1.340;25;26;0;0;100;0;100;0;0;0;0;88;88;0;0.000;0.000;0.000;0.000;0.000;0.000;0.0;0.0;0;14;0.000;0.000;11.3;0;0.0;0;0;0;0;0;99;0;0;4957;0.00;0;0;0;0;0;0;0;0;0;0;0;0;0;0;0;0;14;0;99.0;99.0;0;0;0.00;0.00;0.00;0.0;0.0
249.281;255;0;99;0;0.0;19.700;1.340;25;26;0;0;100;0;100;0;0;0;0;88;88;0;0.000;0.000;0.000;0.000;0.000;0.000;0.0;0.0;0;14;0.000;0.000;11.3;0;0.0;0;0;0;0;0;99;0;0;4957;0.00;0;0;0;0;0;0;0;0;0;0;0;0;0;0;0;0;14;0;99.0;99.0;0;0;0.00;0.00;0.00;0.0;0.0
249.346;255;0;99;0;0.0;19.700;1.340;25;26;0;0;100;0;100;0;0;0;0;88;88;0;0.000;0.000;0.000;0.000;0.000;0.000;0.0;0.0;0;14;0.000;0.000;11.3;0;0.0;0;0;0;0;0;99;0;0;4957;0.00;0;0;0;0;0;0;0;0;0;0;0;0;0;0;0;0;14;0;99.0;99.0;0;0;0.00;0.00;0.00;0.0;0.0
249.412;255;0;99;0;0.0;19.700;1.340;25;26;0;0;100;0;100;0;0;0;0;88;88;0;0.000;0.000;0.000;0.000;0.000;0.000;0.0;0.0;0;14;0.000;0.000;11.3;0;0.0;0;0;0;0;0;99;0;0;4957;0.00;0;0;0;0;0;0;0;0;0;0;0;0;0;0;0;0;14;0;99.0;99.0;0;0;0.00;0.00;0.00;0.0;0.0
249.478;255;0;99;0;0.0;19.700;1.340;25;26;0;0;100;0;100;0;0;0;0;88;88;0;0.000;0.000;0.000;0.000;0.000;0.000;0.0;0.0;0;14;0.000;0.000;11.3;0;0.0;0;0;0;0;0;99;0;0;4957;0.00;0;0;0;0;0;0;0;0;0;0;0;0;0;0;0;0;14;0;99.0;99.0;0;0;0.00;0.00;0.00;0.0;0.0
249.548;255;0;99;0;0.0;19.700;1.340;25;26;0;0;100;0;100;0;0;0;0;88;88;0;0.000;0.000;0.000;0.000;0.000;0.000;0.0;0.0;0;14;0.000;0.000;11.3;0;0.0;0;0;0;0;0;99;0;0;4957;0.00;0;0;0;0;0;0;0;0;0;0;0;0;0;0;0;0;14;0;99.0;99.0;0;0;0.00;0.00;0.00;0.0;0.0
249.613;255;0;99;0;0.0;19.700;1.340;25;26;0;0;100;0;100;0;0;0;0;88;88;0;0.000;0.000;0.000;0.000;0.000;0.000;0.0;0.0;0;14;0.000;0.000;11.3;0;0.0;0;0;0;0;0;99;0;0;4957;0.00;0;0;0;0;0;0;0;0;0;0;0;0;0;0;0;0;14;0;99.0;99.0;0;0;0.00;0.00;0.00;0.0;0.0
249.678;255;0;99;0;0.0;19.700;1.340;25;26;0;0;100;0;100;0;0;0;0;88;88;0;0.000;0.000;0.000;0.000;0.000;0.000;0.0;0.0;0;14;0.000;0.000;11.3;0;0.0;0;0;0;0;0;99;0;0;4957;0.00;0;0;0;0;0;0;0;0;0;0;0;0;0;0;0;0;14;0;99.0;99.0;0;0;0.00;0.00;0.00;0.0;0.0
249.744;255;0;99;0;0.0;19.700;1.340;25;26;0;0;100;0;100;0;0;0;0;88;88;0;0.000;0.000;0.000;0.000;0.000;0.000;0.0;0.0;0;14;0.000;0.000;11.3;0;0.0;0;0;0;0;0;99;0;0;4957;0.00;0;0;0;0;0;0;0;0;0;0;0;0;0;0;0;0;14;0;99.0;99.0;0;0;0.00;0.00;0.00;0.0;0.0
249.880;0;0;99;0;0.0;19.700;1.340;25;26;0;0;100;0;100;0;0;0;0;88;88;0;0.000;0.000;0.000;0.000;0.000;0.000;0.0;0.0;0;14;0.000;0.000;11.3;0;0.0;0;0;0;0;0;99;0;0;4971;0.00;0;0;0;0;0;0;0;0;0;0;0;0;0;0;0;0;14;0;99.0;99.0;0;0;0.00;0.00;0.00;0.0;0.0
249.945;0;0;99;0;0.0;19.700;1.340;25;26;0;0;100;0;100;0;0;0;0;88;88;0;0.000;0.000;0.000;0.000;0.000;0.000;0.0;0.0;0;14;0.000;0.000;11.3;0;0.0;0;0;0;0;0;99;0;0;4971;0.00;0;0;0;0;0;0;0;0;0;0;0;0;0;0;0;0;14;0;99.0;99.0;0;0;0.00;0.00;0.00;0.0;0.0
250.010;0;0;99;0;0.0;19.700;1.340;25;26;0;0;100;0;100;0;0;0;0;88;88;0;0.000;0.000;0.000;0.000;0.000;0.000;0.0;0.0;0;14;0.000;0.000;11.3;0;0.0;0;0;0;0;0;99;0;0;4971;0.00;0;0;0;0;0;0;0;0;0;0;0;0;0;0;0;0;14;0;99.0;99.0;0;0;0.00;0.00;0.00;0.0;0.0
250.077;0;0;99;0;0.0;19.700;1.340;25;26;0;0;100;0;100;0;0;0;0;88;88;0;0.000;0.000;0.000;0.000;0.000;0.000;0.0;0.0;0;14;0.000;0.000;11.3;0;0.0;0;0;0;0;0;99;0;0;4971;0.00;0;0;0;0;0;0;0;0;0;0;0;0;0;0;0;0;14;0;99.0;99.0;0;0;0.00;0.00;0.00;0.0;0.0
250.145;0;0;99;0;0.0;19.700;1.340;25;26;0;0;100;0;100;0;0;0;0;88;88;0;0.000;0.000;0.000;0.000;0.000;0.000;0.0;0.0;0;14;0.000;0.000;11.3;0;0.0;0;0;0;0;0;99;0;0;4971;0.00;0;0;0;0;0;0;0;0;0;0;0;0;0;0;0;0;14;0;99.0;99.0;0;0;0.00;0.00;0.00;0.0;0.0
250.212;0;0;99;0;0.0;19.700;1.340;25;26;0;0;100;0;100;0;0;0;0;88;88;0;0.000;0.000;0.000;0.000;0.000;0.000;0.0;0.0;0;14;0.000;0.000;11.3;0;0.0;0;0;0;0;0;99;0;0;4971;0.00;0;0;0;0;0;0;0;0;0;0;0;0;0;0;0;0;14;0;99.0;99.0;0;0;0.00;0.00;0.00;0.0;0.0
250.281;0;0;99;0;0.0;19.700;1.340;25;26;0;0;100;0;100;0;0;0;0;88;88;0;0.000;0.000;0.000;0.000;0.000;0.000;0.0;0.0;0;14;0.000;0.000;11.3;0;0.0;0;0;0;0;0;99;0;0;4971;0.00;0;0;0;0;0;0;0;0;0;0;0;0;0;0;0;0;14;0;99.0;99.0;0;0;0.00;0.00;0.00;0.0;0.0
250.346;0;0;99;0;0.0;19.700;1.340;25;26;0;0;100;0;100;0;0;0;0;88;88;0;0.000;0.000;0.000;0.000;0.000;0.000;0.0;0.0;0;14;0.000;0.000;11.3;0;0.0;0;0;0;0;0;99;0;0;4971;0.00;0;0;0;0;0;0;0;0;0;0;0;0;0;0;0;0;14;0;99.0;99.0;0;0;0.00;0.00;0.00;0.0;0.0
250.417;0;0;98;0;0.0;19.700;1.340;25;26;0;0;100;0;100;0;0;0;0;88;88;0;0.000;0.000;0.000;0.000;0.000;0.000;0.0;0.0;0;15;0.000;0.000;11.3;0;-0.1;0;0;0;0;0;99;0;0;4971;0.00;0;0;0;0;0;0;0;0;0;0;0;0;0;0;0;0;15;0;98.0;98.0;0;0;0.00;0.00;0.00;0.0;0.0
250.482;0;0;99;0;0.0;19.700;1.340;25;26;0;0;100;0;100;0;0;0;0;88;88;0;0.000;0.000;0.000;0.000;0.000;0.000;0.0;0.0;0;14;0.000;0.000;11.3;0;0.0;0;0;0;0;0;99;0;0;4971;0.00;0;0;0;0;0;0;0;0;0;0;0;0;0;0;0;0;14;0;99.0;99.0;0;0;0.00;0.00;0.00;0.0;0.0
250.548;0;0;99;0;0.0;19.700;1.340;25;26;0;0;100;0;100;0;0;0;0;88;88;0;0.000;0.000;0.000;0.000;0.000;0.000;0.0;0.0;0;14;0.000;0.000;11.3;0;0.0;0;0;0;0;0;99;0;0;4971;0.00;0;0;0;0;0;0;0;0;0;0;0;0;0;0;0;0;14;0;99.0;99.0;0;0;0.00;0.00;0.00;0.0;0.0
250.613;0;0;99;0;0.0;19.700;1.340;25;26;0;0;100;0;100;0;0;0;0;88;88;0;0.000;0.000;0.000;0.000;0.000;0.000;0.0;0.0;0;14;0.000;0.000;11.3;0;0.0;0;0;0;0;0;99;0;0;4971;0.00;0;0;0;0;0;0;0;0;0;0;0;0;0;0;0;0;14;0;99.0;99.0;0;0;0.00;0.00;0.00;0.0;0.0
250.678;0;0;99;0;0.0;19.700;1.340;25;26;0;0;100;0;100;0;0;0;0;88;88;0;0.000;0.000;0.000;0.000;0.000;0.000;0.0;0.0;0;14;0.000;0.000;11.3;0;0.0;0;0;0;0;0;99;0;0;4971;0.00;0;0;0;0;0;0;0;0;0;0;0;0;0;0;0;0;14;0;99.0;99.0;0;0;0.00;0.00;0.00;0.0;0.0
250.748;0;0;99;0;0.0;19.700;1.340;25;26;0;0;100;0;100;0;0;0;0;88;88;0;0.000;0.000;0.000;0.000;0.000;0.000;0.0;0.0;0;14;0.000;0.000;11.3;0;0.0;0;0;0;0;0;99;0;0;4971;0.00;0;0;0;0;0;0;0;0;0;0;0;0;0;0;0;0;14;0;99.0;99.0;0;0;0.00;0.00;0.00;0.0;0.0
250.814;1;0;99;0;0.0;19.700;1.340;25;26;0;0;100;0;100;0;0;0;0;88;88;0;0.000;0.000;0.000;0.000;0.000;0.000;0.0;0.0;0;14;0.000;0.000;11.3;0;0.0;0;0;0;0;0;99;0;0;4977;0.00;0;0;0;0;0;0;0;0;0;0;0;0;0;0;0;0;14;0;99.0;99.0;0;0;0.00;0.00;0.00;0.0;0.0
250.878;1;0;99;0;0.0;19.700;1.340;25;26;0;0;100;0;100;0;0;0;0;88;88;0;0.000;0.000;0.000;0.000;0.000;0.000;0.0;0.0;0;14;0.000;0.000;11.3;0;0.0;0;0;0;0;0;99;0;0;4977;0.00;0;0;0;0;0;0;0;0;0;0;0;0;0;0;0;0;14;0;99.0;99.0;0;0;0.00;0.00;0.00;0.0;0.0
250.948;1;0;99;0;0.0;19.700;1.340;25;26;0;0;100;0;100;0;0;0;0;88;88;0;0.000;0.000;0.000;0.000;0.000;0.000;0.0;0.0;0;14;0.000;0.000;11.3;0;0.0;0;0;0;0;0;99;0;0;4977;0.00;0;0;0;0;0;0;0;0;0;0;0;0;0;0;0;0;14;0;99.0;99.0;0;0;0.00;0.00;0.00;0.0;0.0
251.013;1;0;99;0;0.0;19.700;1.340;25;26;0;0;100;0;100;0;0;0;0;88;88;0;0.000;0.000;0.000;0.000;0.000;0.000;0.0;0.0;0;14;0.000;0.000;11.3;0;0.0;0;0;0;0;0;99;0;0;4977;0.00;0;0;0;0;0;0;0;0;0;0;0;0;0;0;0;0;14;0;99.0;99.0;0;0;0.00;0.00;0.00;0.0;0.0
251.080;1;0;99;0;0.0;19.700;1.340;25;26;0;0;100;0;100;0;0;0;0;88;88;0;0.000;0.000;0.000;0.000;0.000;0.000;0.0;0.0;0;14;0.000;0.000;11.3;0;0.0;0;0;0;0;0;99;0;0;4977;0.00;0;0;0;0;0;0;0;0;0;0;0;0;0;0;0;0;14;0;99.0;99.0;0;0;0.00;0.00;0.00;0.0;0.0
251.149;1;0;99;0;0.0;19.700;1.340;25;26;0;0;100;0;100;0;0;0;0;88;88;0;0.000;0.000;0.000;0.000;0.000;0.000;0.0;0.0;0;14;0.000;0.000;11.3;0;0.0;0;0;0;0;0;99;0;0;4977;0.00;0;0;0;0;0;0;0;0;0;0;0;0;0;0;0;0;14;0;99.0;99.0;0;0;0.00;0.00;0.00;0.0;0.0
251.216;1;0;99;0;0.0;19.700;1.340;25;26;0;0;100;0;100;0;0;0;0;88;88;0;0.000;0.000;0.000;0.000;0.000;0.000;0.0;0.0;0;14;0.000;0.000;11.3;0;0.0;0;0;0;0;0;99;0;0;4977;0.00;0;0;0;0;0;0;0;0;0;0;0;0;0;0;0;0;14;0;99.0;99.0;0;0;0.00;0.00;0.00;0.0;0.0
251.280;1;0;99;0;0.0;19.700;1.340;25;26;0;0;100;0;100;0;0;0;0;88;88;0;0.000;0.000;0.000;0.000;0.000;0.000;0.0;0.0;0;14;0.000;0.000;11.3;0;0.0;0;0;0;0;0;99;0;0;4977;0.00;0;0;0;0;0;0;0;0;0;0;0;0;0;0;0;0;14;0;99.0;99.0;0;0;0.00;0.00;0.00;0.0;0.0
251.345;1;0;99;0;0.0;19.700;1.340;25;26;0;0;100;0;100;0;0;0;0;88;88;0;0.000;0.000;0.000;0.000;0.000;0.000;0.0;0.0;0;14;0.000;0.000;11.3;0;0.0;0;0;0;0;0;99;0;0;4977;0.00;0;0;0;0;0;0;0;0;0;0;0;0;0;0;0;0;14;0;99.0;99.0;0;0;0.00;0.00;0.00;0.0;0.0
251.411;1;0;99;0;0.0;19.700;1.340;25;26;0;0;100;0;100;0;0;0;0;88;88;0;0.000;0.000;0.000;0.000;0.000;0.000;0.0;0.0;0;14;0.000;0.000;11.3;0;0.0;0;0;0;0;0;99;0;0;4977;0.00;0;0;0;0;0;0;0;0;0;0;0;0;0;0;0;0;14;0;99.0;99.0;0;0;0.00;0.00;0.00;0.0;0.0
251.477;1;0;99;0;0.0;19.700;1.340;25;26;0;0;100;0;100;0;0;0;0;88;88;0;0.000;0.000;0.000;0.000;0.000;0.000;0.0;0.0;0;14;0.000;0.000;11.3;0;0.0;0;0;0;0;0;99;0;0;4977;0.00;0;0;0;0;0;0;0;0;0;0;0;0;0;0;0;0;14;0;99.0;99.0;0;0;0.00;0.00;0.00;0.0;0.0
251.545;1;0;99;0;0.0;19.700;1.340;25;26;0;0;100;0;100;0;0;0;0;88;88;0;0.000;0.000;0.000;0.000;0.000;0.000;0.0;0.0;0;14;0.000;0.000;11.3;0;0.0;0;0;0;0;0;99;0;0;4977;0.00;0;0;0;0;0;0;0;0;0;0;0;0;0;0;0;0;14;0;99.0;99.0;0;0;0.00;0.00;0.00;0.0;0.0
251.612;1;0;99;0;0.0;19.700;1.340;25;26;0;0;100;0;100;0;0;0;0;88;88;0;0.000;0.000;0.000;0.000;0.000;0.000;0.0;0.0;0;14;0.000;0.000;11.3;0;0.0;0;0;0;0;0;99;0;0;4977;0.00;0;0;0;0;0;0;0;0;0;0;0;0;0;0;0;0;14;0;99.0;99.0;0;0;0.00;0.00;0.00;0.0;0.0
251.681;1;0;99;0;0.0;19.700;1.340;25;26;0;0;100;0;100;0;0;0;0;88;88;0;0.000;0.000;0.000;0.000;0.000;0.000;0.0;0.0;0;14;0.000;0.000;11.3;0;0.0;0;0;0;0;0;99;0;0;4977;0.00;0;0;0;0;0;0;0;0;0;0;0;0;0;0;0;0;14;0;99.0;99.0;0;0;0.00;0.00;0.00;0.0;0.0
251.746;1;0;99;0;0.0;19.700;1.340;25;26;0;0;100;0;100;0;0;0;0;88;88;0;0.000;0.000;0.000;0.000;0.000;0.000;0.0;0.0;0;14;0.000;0.000;11.3;0;0.0;0;0;0;0;0;99;0;0;4977;0.00;0;0;0;0;0;0;0;0;0;0;0;0;0;0;0;0;14;0;99.0;99.0;0;0;0.00;0.00;0.00;0.0;0.0
251.813;2;0;99;0;0.0;19.700;1.340;25;26;0;0;100;0;100;0;0;0;0;88;88;0;0.000;0.000;0.000;0.000;0.000;0.000;0.0;0.0;0;14;0.000;0.000;11.3;0;0.0;0;0;0;0;0;99;0;0;4974;0.00;0;0;0;0;0;0;0;0;0;0;0;0;0;0;0;0;14;0;99.0;99.0;0;0;0.00;0.00;0.00;0.0;0.0
251.877;2;0;99;0;0.0;19.700;1.340;25;26;0;0;100;0;100;0;0;0;0;88;88;0;0.000;0.000;0.000;0.000;0.000;0.000;0.0;0.0;0;14;0.000;0.000;11.3;0;0.0;0;0;0;0;0;99;0;0;4974;0.00;0;0;0;0;0;0;0;0;0;0;0;0;0;0;0;0;14;0;99.0;99.0;0;0;0.00;0.00;0.00;0.0;0.0
251.948;2;0;99;0;0.0;19.700;1.340;25;26;0;0;100;0;100;0;0;0;0;88;88;0;0.000;0.000;0.000;0.000;0.000;0.000;0.0;0.0;0;14;0.000;0.000;11.3;0;0.0;0;0;0;0;0;99;0;0;4974;0.00;0;0;0;0;0;0;0;0;0;0;0;0;0;0;0;0;14;0;99.0;99.0;0;0;0.00;0.00;0.00;0.0;0.0
252.013;2;0;99;0;0.0;19.700;1.340;25;26;0;0;100;0;100;0;0;0;0;88;88;0;0.000;0.000;0.000;0.000;0.000;0.000;0.0;0.0;0;14;0.000;0.000;11.3;0;0.0;0;0;0;0;0;99;0;0;4974;0.00;0;0;0;0;0;0;0;0;0;0;0;0;0;0;0;0;14;0;99.0;99.0;0;0;0.00;0.00;0.00;0.0;0.0
252.079;2;0;99;0;0.0;19.700;1.340;25;26;0;0;100;0;100;0;0;0;0;88;88;0;0.000;0.000;0.000;0.000;0.000;0.000;0.0;0.0;0;14;0.000;0.000;11.3;0;0.0;0;0;0;0;0;99;0;0;4974;0.00;0;0;0;0;0;0;0;0;0;0;0;0;0;0;0;0;14;0;99.0;99.0;0;0;0.00;0.00;0.00;0.0;0.0
252.145;2;0;99;0;0.0;19.700;1.340;25;26;0;0;100;0;100;0;0;0;0;88;88;0;0.000;0.000;0.000;0.000;0.000;0.000;0.0;0.0;0;14;0.000;0.000;11.3;0;0.0;0;0;0;0;0;99;0;0;4974;0.00;0;0;0;0;0;0;0;0;0;0;0;0;0;0;0;0;14;0;99.0;99.0;0;0;0.00;0.00;0.00;0.0;0.0
252.214;2;0;99;0;0.0;19.700;1.340;25;26;0;0;100;0;100;0;0;0;0;88;88;0;0.000;0.000;0.000;0.000;0.000;0.000;0.0;0.0;0;14;0.000;0.000;11.3;0;0.0;0;0;0;0;0;99;0;0;4974;0.00;0;0;0;0;0;0;0;0;0;0;0;0;0;0;0;0;14;0;99.0;99.0;0;0;0.00;0.00;0.00;0.0;0.0
252.279;2;0;99;0;0.0;19.700;1.340;25;26;0;0;100;0;100;0;0;0;0;88;88;0;0.000;0.000;0.000;0.000;0.000;0.000;0.0;0.0;0;14;0.000;0.000;11.3;0;0.0;0;0;0;0;0;99;0;0;4974;0.00;0;0;0;0;0;0;0;0;0;0;0;0;0;0;0;0;14;0;99.0;99.0;0;0;0.00;0.00;0.00;0.0;0.0
252.346;2;0;99;0;0.0;19.700;1.340;25;26;0;0;100;0;100;0;0;0;0;88;88;0;0.000;0.000;0.000;0.000;0.000;0.000;0.0;0.0;0;14;0.000;0.000;11.3;0;0.0;0;0;0;0;0;99;0;0;4974;0.00;0;0;0;0;0;0;0;0;0;0;0;0;0;0;0;0;14;0;99.0;99.0;0;0;0.00;0.00;0.00;0.0;0.0
252.415;2;0;99;0;0.0;19.700;1.340;25;26;0;0;100;0;100;0;0;0;0;88;88;0;0.000;0.000;0.000;0.000;0.000;0.000;0.0;0.0;0;14;0.000;0.000;11.3;0;0.0;0;0;0;0;0;99;0;0;4974;0.00;0;0;0;0;0;0;0;0;0;0;0;0;0;0;0;0;14;0;99.0;99.0;0;0;0.00;0.00;0.00;0.0;0.0
252.482;2;0;99;0;0.0;19.700;1.340;25;26;0;0;100;0;100;0;0;0;0;88;88;0;0.000;0.000;0.000;0.000;0.000;0.000;0.0;0.0;0;14;0.000;0.000;11.3;0;0.0;0;0;0;0;0;99;0;0;4974;0.00;0;0;0;0;0;0;0;0;0;0;0;0;0;0;0;0;14;0;99.0;99.0;0;0;0.00;0.00;0.00;0.0;0.0
252.545;2;0;99;0;0.0;19.700;1.340;25;26;0;0;100;0;100;0;0;0;0;88;88;0;0.000;0.000;0.000;0.000;0.000;0.000;0.0;0.0;0;14;0.000;0.000;11.3;0;0.0;0;0;0;0;0;99;0;0;4974;0.00;0;0;0;0;0;0;0;0;0;0;0;0;0;0;0;0;14;0;99.0;99.0;0;0;0.00;0.00;0.00;0.0;0.0
252.611;2;0;99;0;0.0;19.700;1.340;25;26;0;0;100;0;100;0;0;0;0;88;88;0;0.000;0.000;0.000;0.000;0.000;0.000;0.0;0.0;0;14;0.000;0.000;11.3;0;0.0;0;0;0;0;0;99;0;0;4974;0.00;0;0;0;0;0;0;0;0;0;0;0;0;0;0;0;0;14;0;99.0;99.0;0;0;0.00;0.00;0.00;0.0;0.0
252.680;2;0;99;0;0.0;19.700;1.340;25;26;0;0;100;0;100;0;0;0;0;88;88;0;0.000;0.000;0.000;0.000;0.000;0.000;0.0;0.0;0;14;0.000;0.000;11.3;0;0.0;0;0;0;0;0;99;0;0;4974;0.00;0;0;0;0;0;0;0;0;0;0;0;0;0;0;0;0;14;0;99.0;99.0;0;0;0.00;0.00;0.00;0.0;0.0
252.747;2;0;99;0;0.0;19.700;1.340;25;26;0;0;100;0;100;0;0;0;0;88;88;0;0.000;0.000;0.000;0.000;0.000;0.000;0.0;0.0;0;14;0.000;0.000;11.3;0;0.0;0;0;0;0;0;99;0;0;4974;0.00;0;0;0;0;0;0;0;0;0;0;0;0;0;0;0;0;14;0;99.0;99.0;0;0;0.00;0.00;0.00;0.0;0.0
252.816;2;0;99;0;0.0;19.700;1.340;25;26;0;0;100;0;100;0;0;0;0;88;88;0;0.000;0.000;0.000;0.000;0.000;0.000;0.0;0.0;0;14;0.000;0.000;11.3;0;0.0;0;0;0;0;0;99;0;0;4974;0.00;0;0;0;0;0;0;0;0;0;0;0;0;0;0;0;0;14;0;99.0;99.0;0;0;0.00;0.00;0.00;0.0;0.0
252.881;3;0;99;0;0.0;19.700;1.340;25;26;0;0;100;0;100;0;0;0;0;88;88;0;0.000;0.000;0.000;0.000;0.000;0.000;0.0;0.0;0;14;0.000;0.000;11.3;0;0.0;0;0;0;0;0;99;0;0;4959;0.00;0;0;0;0;0;0;0;0;0;0;0;0;0;0;0;0;14;0;99.0;99.0;0;0;0.00;0.00;0.00;0.0;0.0
252.946;3;0;99;0;0.0;19.700;1.340;25;26;0;0;100;0;100;0;0;0;0;88;88;0;0.000;0.000;0.000;0.000;0.000;0.000;0.0;0.0;0;14;0.000;0.000;11.3;0;0.0;0;0;0;0;0;99;0;0;4959;0.00;0;0;0;0;0;0;0;0;0;0;0;0;0;0;0;0;14;0;99.0;99.0;0;0;0.00;0.00;0.00;0.0;0.0
253.012;3;0;98;0;0.0;19.700;1.340;25;26;0;0;100;0;100;0;0;0;0;88;88;0;0.000;0.000;0.000;0.000;0.000;0.000;0.0;0.0;0;15;0.000;0.000;11.3;0;-0.1;0;0;0;0;0;99;0;0;4959;0.00;0;0;0;0;0;0;0;0;0;0;0;0;0;0;0;0;15;0;98.0;98.0;0;0;0.00;0.00;0.00;0.0;0.0
253.078;3;0;99;0;0.0;19.700;1.340;25;26;0;0;100;0;100;0;0;0;0;88;88;0;0.000;0.000;0.000;0.000;0.000;0.000;0.0;0.0;0;14;0.000;0.000;11.3;0;0.0;0;0;0;0;0;99;0;0;4959;0.00;0;0;0;0;0;0;0;0;0;0;0;0;0;0;0;0;14;0;99.0;99.0;0;0;0.00;0.00;0.00;0.0;0.0
253.148;3;0;99;0;0.0;19.700;1.340;25;26;0;0;100;0;100;0;0;0;0;88;88;0;0.000;0.000;0.000;0.000;0.000;0.000;0.0;0.0;0;14;0.000;0.000;11.3;0;0.0;0;0;0;0;0;99;0;0;4959;0.00;0;0;0;0;0;0;0;0;0;0;0;0;0;0;0;0;14;0;99.0;99.0;0;0;0.00;0.00;0.00;0.0;0.0
253.213;3;0;99;0;0.0;19.700;1.340;25;26;0;0;100;0;100;0;0;0;0;88;88;0;0.000;0.000;0.000;0.000;0.000;0.000;0.0;0.0;0;14;0.000;0.000;11.3;0;0.0;0;0;0;0;0;99;0;0;4959;0.00;0;0;0;0;0;0;0;0;0;0;0;0;0;0;0;0;14;0;99.0;99.0;0;0;0.00;0.00;0.00;0.0;0.0
253.279;3;0;99;0;0.0;19.700;1.340;25;26;0;0;100;0;100;0;0;0;0;88;88;0;0.000;0.000;0.000;0.000;0.000;0.000;0.0;0.0;0;14;0.000;0.000;11.3;0;0.0;0;0;0;0;0;99;0;0;4959;0.00;0;0;0;0;0;0;0;0;0;0;0;0;0;0;0;0;14;0;99.0;99.0;0;0;0.00;0.00;0.00;0.0;0.0
253.348;3;0;99;0;0.0;19.700;1.340;25;26;0;0;100;0;100;0;0;0;0;88;88;0;0.000;0.000;0.000;0.000;0.000;0.000;0.0;0.0;0;14;0.000;0.000;11.3;0;0.0;0;0;0;0;0;99;0;0;4959;0.00;0;0;0;0;0;0;0;0;0;0;0;0;0;0;0;0;14;0;99.0;99.0;0;0;0.00;0.00;0.00;0.0;0.0
253.413;3;0;99;0;0.0;19.700;1.340;25;26;0;0;100;0;100;0;0;0;0;88;88;0;0.000;0.000;0.000;0.000;0.000;0.000;0.0;0.0;0;14;0.000;0.000;11.3;0;0.0;0;0;0;0;0;99;0;0;4959;0.00;0;0;0;0;0;0;0;0;0;0;0;0;0;0;0;0;14;0;99.0;99.0;0;0;0.00;0.00;0.00;0.0;0.0
253.479;3;0;99;0;0.0;19.700;1.340;25;26;0;0;100;0;100;0;0;0;0;88;88;0;0.000;0.000;0.000;0.000;0.000;0.000;0.0;0.0;0;14;0.000;0.000;11.3;0;0.0;0;0;0;0;0;99;0;0;4959;0.00;0;0;0;0;0;0;0;0;0;0;0;0;0;0;0;0;14;0;99.0;99.0;0;0;0.00;0.00;0.00;0.0;0.0
253.547;3;0;99;0;0.0;19.700;1.340;25;26;0;0;100;0;100;0;0;0;0;88;88;0;0.000;0.000;0.000;0.000;0.000;0.000;0.0;0.0;0;14;0.000;0.000;11.3;0;0.0;0;0;0;0;0;99;0;0;4959;0.00;0;0;0;0;0;0;0;0;0;0;0;0;0;0;0;0;14;0;99.0;99.0;0;0;0.00;0.00;0.00;0.0;0.0
253.615;3;0;99;0;0.0;19.700;1.340;25;26;0;0;100;0;100;0;0;0;0;88;88;0;0.000;0.000;0.000;0.000;0.000;0.000;0.0;0.0;0;14;0.000;0.000;11.3;0;0.0;0;0;0;0;0;99;0;0;4959;0.00;0;0;0;0;0;0;0;0;0;0;0;0;0;0;0;0;14;0;99.0;99.0;0;0;0.00;0.00;0.00;0.0;0.0
253.679;3;0;99;0;0.0;19.700;1.340;25;26;0;0;100;0;100;0;0;0;0;88;88;0;0.000;0.000;0.000;0.000;0.000;0.000;0.0;0.0;0;14;0.000;0.000;11.3;0;0.0;0;0;0;0;0;99;0;0;4959;0.00;0;0;0;0;0;0;0;0;0;0;0;0;0;0;0;0;14;0;99.0;99.0;0;0;0.00;0.00;0.00;0.0;0.0
253.747;3;0;99;0;0.0;19.700;1.340;25;26;0;0;100;0;100;0;0;0;0;88;88;0;0.000;0.000;0.000;0.000;0.000;0.000;0.0;0.0;0;14;0.000;0.000;11.3;0;0.0;0;0;0;0;0;99;0;0;4959;0.00;0;0;0;0;0;0;0;0;0;0;0;0;0;0;0;0;14;0;99.0;99.0;0;0;0.00;0.00;0.00;0.0;0.0
253.815;3;0;99;0;0.0;19.700;1.340;25;26;0;0;100;0;100;0;0;0;0;88;88;0;0.000;0.000;0.000;0.000;0.000;0.000;0.0;0.0;0;14;0.000;0.000;11.3;0;0.0;0;0;0;0;0;99;0;0;4959;0.00;0;0;0;0;0;0;0;0;0;0;0;0;0;0;0;0;14;0;99.0;99.0;0;0;0.00;0.00;0.00;0.0;0.0
253.882;4;0;99;0;0.0;19.700;1.340;25;26;0;0;100;0;100;0;0;0;0;88;88;0;0.000;0.000;0.000;0.000;0.000;0.000;0.0;0.0;0;14;0.000;0.000;11.3;0;0.0;0;0;0;0;0;99;0;0;4970;0.00;0;0;0;0;0;0;0;0;0;0;0;0;0;0;0;0;14;0;99.0;99.0;0;0;0.00;0.00;0.00;0.0;0.0
253.947;4;0;99;0;0.0;19.700;1.340;25;26;0;0;100;0;100;0;0;0;0;88;88;0;0.000;0.000;0.000;0.000;0.000;0.000;0.0;0.0;0;14;0.000;0.000;11.3;0;0.0;0;0;0;0;0;99;0;0;4970;0.00;0;0;0;0;0;0;0;0;0;0;0;0;0;0;0;0;14;0;99.0;99.0;0;0;0.00;0.00;0.00;0.0;0.0
254.016;4;0;99;0;0.0;19.700;1.340;25;26;0;0;100;0;100;0;0;0;0;88;88;0;0.000;0.000;0.000;0.000;0.000;0.000;0.0;0.0;0;14;0.000;0.000;11.3;0;0.0;0;0;0;0;0;99;0;0;4970;0.00;0;0;0;0;0;0;0;0;0;0;0;0;0;0;0;0;14;0;99.0;99.0;0;0;0.00;0.00;0.00;0.0;0.0
254.081;4;0;99;0;0.0;19.700;1.340;25;26;0;0;100;0;100;0;0;0;0;88;88;0;0.000;0.000;0.000;0.000;0.000;0.000;0.0;0.0;0;14;0.000;0.000;11.3;0;0.0;0;0;0;0;0;99;0;0;4970;0.00;0;0;0;0;0;0;0;0;0;0;0;0;0;0;0;0;14;0;99.0;99.0;0;0;0.00;0.00;0.00;0.0;0.0
254.147;4;0;99;0;0.0;19.700;1.340;25;26;0;0;100;0;100;0;0;0;0;88;88;0;0.000;0.000;0.000;0.000;0.000;0.000;0.0;0.0;0;14;0.000;0.000;11.3;0;0.0;0;0;0;0;0;99;0;0;4970;0.00;0;0;0;0;0;0;0;0;0;0;0;0;0;0;0;0;14;0;99.0;99.0;0;0;0.00;0.00;0.00;0.0;0.0
254.212;4;0;99;0;0.0;19.700;1.340;25;26;0;0;100;0;100;0;0;0;0;88;88;0;0.000;0.000;0.000;0.000;0.000;0.000;0.0;0.0;0;14;0.000;0.000;11.3;0;0.0;0;0;0;0;0;99;0;0;4970;0.00;0;0;0;0;0;0;0;0;0;0;0;0;0;0;0;0;14;0;99.0;99.0;0;0;0.00;0.00;0.00;0.0;0.0
254.279;4;0;99;0;0.0;19.700;1.340;25;26;0;0;100;0;100;0;0;0;0;88;88;0;0.000;0.000;0.000;0.000;0.000;0.000;0.0;0.0;0;14;0.000;0.000;11.3;0;0.0;0;0;0;0;0;99;0;0;4970;0.00;0;0;0;0;0;0;0;0;0;0;0;0;0;0;0;0;14;0;99.0;99.0;0;0;0.00;0.00;0.00;0.0;0.0
254.348;4;0;99;0;0.0;19.700;1.340;25;26;0;0;100;0;100;0;0;0;0;88;88;0;0.000;0.000;0.000;0.000;0.000;0.000;0.0;0.0;0;14;0.000;0.000;11.3;0;0.0;0;0;0;0;0;99;0;0;4970;0.00;0;0;0;0;0;0;0;0;0;0;0;0;0;0;0;0;14;0;99.0;99.0;0;0;0.00;0.00;0.00;0.0;0.0
254.413;4;0;99;0;0.0;19.700;1.340;25;26;0;0;100;0;100;0;0;0;0;88;88;0;0.000;0.000;0.000;0.000;0.000;0.000;0.0;0.0;0;14;0.000;0.000;11.3;0;0.0;0;0;0;0;0;99;0;0;4970;0.00;0;0;0;0;0;0;0;0;0;0;0;0;0;0;0;0;14;0;99.0;99.0;0;0;0.00;0.00;0.00;0.0;0.0
254.479;4;0;99;0;0.0;19.700;1.340;25;26;0;0;100;0;100;0;0;0;0;88;88;0;0.000;0.000;0.000;0.000;0.000;0.000;0.0;0.0;0;14;0.000;0.000;11.3;0;0.0;0;0;0;0;0;99;0;0;4970;0.00;0;0;0;0;0;0;0;0;0;0;0;0;0;0;0;0;14;0;99.0;99.0;0;0;0.00;0.00;0.00;0.0;0.0
254.549;4;0;99;0;0.0;19.700;1.340;25;26;0;0;100;0;100;0;0;0;0;88;88;0;0.000;0.000;0.000;0.000;0.000;0.000;0.0;0.0;0;14;0.000;0.000;11.3;0;0.0;0;0;0;0;0;99;0;0;4970;0.00;0;0;0;0;0;0;0;0;0;0;0;0;0;0;0;0;14;0;99.0;99.0;0;0;0.00;0.00;0.00;0.0;0.0
254.613;4;0;99;0;0.0;19.700;1.340;25;26;0;0;100;0;100;0;0;0;0;88;88;0;0.000;0.000;0.000;0.000;0.000;0.000;0.0;0.0;0;14;0.000;0.000;11.3;0;0.0;0;0;0;0;0;99;0;0;4970;0.00;0;0;0;0;0;0;0;0;0;0;0;0;0;0;0;0;14;0;99.0;99.0;0;0;0.00;0.00;0.00;0.0;0.0
254.679;4;0;99;0;0.0;19.700;1.340;25;26;0;0;100;0;100;0;0;0;0;88;88;0;0.000;0.000;0.000;0.000;0.000;0.000;0.0;0.0;0;14;0.000;0.000;11.3;0;0.0;0;0;0;0;0;99;0;0;4970;0.00;0;0;0;0;0;0;0;0;0;0;0;0;0;0;0;0;14;0;99.0;99.0;0;0;0.00;0.00;0.00;0.0;0.0
254.745;4;0;99;0;0.0;19.700;1.340;25;26;0;0;100;0;100;0;0;0;0;88;88;0;0.000;0.000;0.000;0.000;0.000;0.000;0.0;0.0;0;14;0.000;0.000;11.3;0;0.0;0;0;0;0;0;99;0;0;4970;0.00;0;0;0;0;0;0;0;0;0;0;0;0;0;0;0;0;14;0;99.0;99.0;0;0;0.00;0.00;0.00;0.0;0.0
254.814;4;0;99;0;0.0;19.700;1.340;25;26;0;0;100;0;100;0;0;0;0;88;88;0;0.000;0.000;0.000;0.000;0.000;0.000;0.0;0.0;0;14;0.000;0.000;11.3;0;0.0;0;0;0;0;0;99;0;0;4970;0.00;0;0;0;0;0;0;0;0;0;0;0;0;0;0;0;0;14;0;99.0;99.0;0;0;0.00;0.00;0.00;0.0;0.0
254.880;5;0;99;0;0.0;19.700;1.340;25;26;0;0;100;0;100;0;0;0;0;88;88;0;0.000;0.000;0.000;0.000;0.000;0.000;0.0;0.0;0;14;0.000;0.000;11.3;0;0.0;0;0;0;0;0;99;0;0;4985;0.00;0;0;0;0;0;0;0;0;0;0;0;0;0;0;0;0;14;0;99.0;99.0;0;0;0.00;0.00;0.00;0.0;0.0
254.946;5;0;99;0;0.0;19.700;1.340;25;26;0;0;100;0;100;0;0;0;0;88;88;0;0.000;0.000;0.000;0.000;0.000;0.000;0.0;0.0;0;14;0.000;0.000;11.3;0;0.0;0;0;0;0;0;99;0;0;4985;0.00;0;0;0;0;0;0;0;0;0;0;0;0;0;0;0;0;14;0;99.0;99.0;0;0;0.00;0.00;0.00;0.0;0.0
255.015;5;0;99;0;0.0;19.700;1.340;25;26;0;0;100;0;100;0;0;0;0;88;88;0;0.000;0.000;0.000;0.000;0.000;0.000;0.0;0.0;0;14;0.000;0.000;11.3;0;0.0;0;0;0;0;0;99;0;0;4985;0.00;0;0;0;0;0;0;0;0;0;0;0;0;0;0;0;0;14;0;99.0;99.0;0;0;0.00;0.00;0.00;0.0;0.0
255.081;5;0;99;0;0.0;19.700;1.340;25;26;0;0;100;0;100;0;0;0;0;88;88;0;0.000;0.000;0.000;0.000;0.000;0.000;0.0;0.0;0;14;0.000;0.000;11.3;0;0.0;0;0;0;0;0;99;0;0;4985;0.00;0;0;0;0;0;0;0;0;0;0;0;0;0;0;0;0;14;0;99.0;99.0;0;0;0.00;0.00;0.00;0.0;0.0
255.146;5;0;99;0;0.0;19.700;1.340;25;26;0;0;100;0;100;0;0;0;0;88;88;0;0.000;0.000;0.000;0.000;0.000;0.000;0.0;0.0;0;14;0.000;0.000;11.3;0;0.0;0;0;0;0;0;99;0;0;4985;0.00;0;0;0;0;0;0;0;0;0;0;0;0;0;0;0;0;14;0;99.0;99.0;0;0;0.00;0.00;0.00;0.0;0.0
255.214;5;0;99;0;0.0;19.700;1.340;25;26;0;0;100;0;100;0;0;0;0;88;88;0;0.000;0.000;0.000;0.000;0.000;0.000;0.0;0.0;0;14;0.000;0.000;11.3;0;0.0;0;0;0;0;0;99;0;0;4985;0.00;0;0;0;0;0;0;0;0;0;0;0;0;0;0;0;0;14;0;99.0;99.0;0;0;0.00;0.00;0.00;0.0;0.0
255.281;5;0;99;0;0.0;19.700;1.340;25;26;0;0;100;0;100;0;0;0;0;88;88;0;0.000;0.000;0.000;0.000;0.000;0.000;0.0;0.0;0;14;0.000;0.000;11.3;0;0.0;0;0;0;0;0;99;0;0;4985;0.00;0;0;0;0;0;0;0;0;0;0;0;0;0;0;0;0;14;0;99.0;99.0;0;0;0.00;0.00;0.00;0.0;0.0
255.347;5;0;99;0;0.0;19.700;1.340;25;26;0;0;100;0;100;0;0;0;0;88;88;0;0.000;0.000;0.000;0.000;0.000;0.000;0.0;0.0;0;14;0.000;0.000;11.3;0;0.0;0;0;0;0;0;99;0;0;4985;0.00;0;0;0;0;0;0;0;0;0;0;0;0;0;0;0;0;14;0;99.0;99.0;0;0;0.00;0.00;0.00;0.0;0.0
255.412;5;0;98;0;0.0;19.700;1.340;25;26;0;0;100;0;100;0;0;0;0;88;88;0;0.000;0.000;0.000;0.000;0.000;0.000;0.0;0.0;0;15;0.000;0.000;11.3;0;-0.1;0;0;0;0;0;99;0;0;4985;0.00;0;0;0;0;0;0;0;0;0;0;0;0;0;0;0;0;15;0;98.0;98.0;0;0;0.00;0.00;0.00;0.0;0.0
255.482;5;0;99;0;0.0;19.700;1.340;25;26;0;0;100;0;100;0;0;0;0;88;88;0;0.000;0.000;0.000;0.000;0.000;0.000;0.0;0.0;0;14;0.000;0.000;11.3;0;0.0;0;0;0;0;0;99;0;0;4985;0.00;0;0;0;0;0;0;0;0;0;0;0;0;0;0;0;0;14;0;99.0;99.0;0;0;0.00;0.00;0.00;0.0;0.0
255.548;5;0;99;0;0.0;19.700;1.340;25;26;0;0;100;0;100;0;0;0;0;88;88;0;0.000;0.000;0.000;0.000;0.000;0.000;0.0;0.0;0;14;0.000;0.000;11.3;0;0.0;0;0;0;0;0;99;0;0;4985;0.00;0;0;0;0;0;0;0;0;0;0;0;0;0;0;0;0;14;0;99.0;99.0;0;0;0.00;0.00;0.00;0.0;0.0
255.613;5;0;99;0;0.0;19.700;1.340;25;26;0;0;100;0;100;0;0;0;0;88;88;0;0.000;0.000;0.000;0.000;0.000;0.000;0.0;0.0;0;14;0.000;0.000;11.3;0;0.0;0;0;0;0;0;99;0;0;4985;0.00;0;0;0;0;0;0;0;0;0;0;0;0;0;0;0;0;14;0;99.0;99.0;0;0;0.00;0.00;0.00;0.0;0.0
255.678;5;0;99;0;0.0;19.700;1.340;25;26;0;0;100;0;100;0;0;0;0;88;88;0;0.000;0.000;0.000;0.000;0.000;0.000;0.0;0.0;0;14;0.000;0.000;11.3;0;0.0;0;0;0;0;0;99;0;0;4985;0.00;0;0;0;0;0;0;0;0;0;0;0;0;0;0;0;0;14;0;99.0;99.0;0;0;0.00;0.00;0.00;0.0;0.0
255.744;5;0;99;0;0.0;19.700;1.340;25;26;0;0;100;0;100;0;0;0;0;88;88;0;0.000;0.000;0.000;0.000;0.000;0.000;0.0;0.0;0;14;0.000;0.000;11.3;0;0.0;0;0;0;0;0;99;0;0;4985;0.00;0;0;0;0;0;0;0;0;0;0;0;0;0;0;0;0;14;0;99.0;99.0;0;0;0.00;0.00;0.00;0.0;0.0
255.814;5;0;99;0;0.0;19.700;1.340;25;26;0;0;100;0;100;0;0;0;0;88;88;0;0.000;0.000;0.000;0.000;0.000;0.000;0.0;0.0;0;14;0.000;0.000;11.3;0;0.0;0;0;0;0;0;99;0;0;4985;0.00;0;0;0;0;0;0;0;0;0;0;0;0;0;0;0;0;14;0;99.0;99.0;0;0;0.00;0.00;0.00;0.0;0.0
255.881;6;0;98;0;0.0;19.700;1.340;25;26;0;0;100;0;100;0;0;0;0;88;88;0;0.000;0.000;0.000;0.000;0.000;0.000;0.0;0.0;0;15;0.000;0.000;11.3;0;-0.1;0;0;0;0;0;99;0;0;4978;0.00;0;0;0;0;0;0;0;0;0;0;0;0;0;0;0;0;15;0;98.0;98.0;0;0;0.00;0.00;0.00;0.0;0.0
255.950;6;0;99;0;0.0;19.700;1.340;25;26;0;0;100;0;100;0;0;0;0;88;88;0;0.000;0.000;0.000;0.000;0.000;0.000;0.0;0.0;0;14;0.000;0.000;11.3;0;0.0;0;0;0;0;0;99;0;0;4978;0.00;0;0;0;0;0;0;0;0;0;0;0;0;0;0;0;0;14;0;99.0;99.0;0;0;0.00;0.00;0.00;0.0;0.0
256.014;6;0;98;0;0.0;19.700;1.340;25;26;0;0;100;0;100;0;0;0;0;88;88;0;0.000;0.000;0.000;0.000;0.000;0.000;0.0;0.0;0;15;0.000;0.000;11.3;0;-0.1;0;0;0;0;0;99;0;0;4978;0.00;0;0;0;0;0;0;0;0;0;0;0;0;0;0;0;0;15;0;98.0;98.0;0;0;0.00;0.00;0.00;0.0;0.0
256.080;6;0;99;0;0.0;19.700;1.340;25;26;0;0;100;0;100;0;0;0;0;88;88;0;0.000;0.000;0.000;0.000;0.000;0.000;0.0;0.0;0;14;0.000;0.000;11.3;0;0.0;0;0;0;0;0;99;0;0;4978;0.00;0;0;0;0;0;0;0;0;0;0;0;0;0;0;0;0;14;0;99.0;99.0;0;0;0.00;0.00;0.00;0.0;0.0
256.147;6;0;99;0;0.0;19.700;1.340;25;26;0;0;100;0;100;0;0;0;0;88;88;0;0.000;0.000;0.000;0.000;0.000;0.000;0.0;0.0;0;14;0.000;0.000;11.3;0;0.0;0;0;0;0;0;99;0;0;4978;0.00;0;0;0;0;0;0;0;0;0;0;0;0;0;0;0;0;14;0;99.0;99.0;0;0;0.00;0.00;0.00;0.0;0.0
256.215;6;0;99;0;0.0;19.700;1.340;25;26;0;0;100;0;100;0;0;0;0;88;88;0;0.000;0.000;0.000;0.000;0.000;0.000;0.0;0.0;0;14;0.000;0.000;11.3;0;0.0;0;0;0;0;0;99;0;0;4978;0.00;0;0;0;0;0;0;0;0;0;0;0;0;0;0;0;0;14;0;99.0;99.0;0;0;0.00;0.00;0.00;0.0;0.0
256.280;6;0;99;0;0.0;19.700;1.340;25;26;0;0;100;0;100;0;0;0;0;88;88;0;0.000;0.000;0.000;0.000;0.000;0.000;0.0;0.0;0;14;0.000;0.000;11.3;0;0.0;0;0;0;0;0;99;0;0;4978;0.00;0;0;0;0;0;0;0;0;0;0;0;0;0;0;0;0;14;0;99.0;99.0;0;0;0.00;0.00;0.00;0.0;0.0
256.347;6;0;99;0;0.0;19.700;1.340;25;26;0;0;100;0;100;0;0;0;0;88;88;0;0.000;0.000;0.000;0.000;0.000;0.000;0.0;0.0;0;14;0.000;0.000;11.3;0;0.0;0;0;0;0;0;99;0;0;4978;0.00;0;0;0;0;0;0;0;0;0;0;0;0;0;0;0;0;14;0;99.0;99.0;0;0;0.00;0.00;0.00;0.0;0.0
256.416;6;0;99;0;0.0;19.700;1.340;25;26;0;0;100;0;100;0;0;0;0;88;88;0;0.000;0.000;0.000;0.000;0.000;0.000;0.0;0.0;0;14;0.000;0.000;11.3;0;0.0;0;0;0;0;0;99;0;0;4978;0.00;0;0;0;0;0;0;0;0;0;0;0;0;0;0;0;0;14;0;99.0;99.0;0;0;0.00;0.00;0.00;0.0;0.0
256.482;6;0;98;0;0.0;19.700;1.340;25;26;0;0;100;0;100;0;0;0;0;88;88;0;0.000;0.000;0.000;0.000;0.000;0.000;0.0;0.0;0;15;0.000;0.000;11.3;0;-0.1;0;0;0;0;0;99;0;0;4978;0.00;0;0;0;0;0;0;0;0;0;0;0;0;0;0;0;0;15;0;98.0;98.0;0;0;0.00;0.00;0.00;0.0;0.0
256.548;6;0;99;0;0.0;19.700;1.340;25;26;0;0;100;0;100;0;0;0;0;88;88;0;0.000;0.000;0.000;0.000;0.000;0.000;0.0;0.0;0;14;0.000;0.000;11.3;0;0.0;0;0;0;0;0;99;0;0;4978;0.00;0;0;0;0;0;0;0;0;0;0;0;0;0;0;0;0;14;0;99.0;99.0;0;0;0.00;0.00;0.00;0.0;0.0
256.613;6;0;99;0;0.0;19.700;1.340;25;26;0;0;100;0;100;0;0;0;0;88;88;0;0.000;0.000;0.000;0.000;0.000;0.000;0.0;0.0;0;14;0.000;0.000;11.3;0;0.0;0;0;0;0;0;99;0;0;4978;0.00;0;0;0;0;0;0;0;0;0;0;0;0;0;0;0;0;14;0;99.0;99.0;0;0;0.00;0.00;0.00;0.0;0.0
256.683;6;0;99;0;0.0;19.700;1.340;25;26;0;0;100;0;100;0;0;0;0;88;88;0;0.000;0.000;0.000;0.000;0.000;0.000;0.0;0.0;0;14;0.000;0.000;11.3;0;0.0;0;0;0;0;0;99;0;0;4978;0.00;0;0;0;0;0;0;0;0;0;0;0;0;0;0;0;0;14;0;99.0;99.0;0;0;0.00;0.00;0.00;0.0;0.0
256.749;6;0;99;0;0.0;19.700;1.340;25;26;0;0;100;0;100;0;0;0;0;88;88;0;0.000;0.000;0.000;0.000;0.000;0.000;0.0;0.0;0;14;0.000;0.000;11.3;0;0.0;0;0;0;0;0;99;0;0;4978;0.00;0;0;0;0;0;0;0;0;0;0;0;0;0;0;0;0;14;0;99.0;99.0;0;0;0.00;0.00;0.00;0.0;0.0
256.814;6;0;99;0;0.0;19.700;1.340;25;26;0;0;100;0;100;0;0;0;0;88;88;0;0.000;0.000;0.000;0.000;0.000;0.000;0.0;0.0;0;14;0.000;0.000;11.3;0;0.0;0;0;0;0;0;99;0;0;4978;0.00;0;0;0;0;0;0;0;0;0;0;0;0;0;0;0;0;14;0;99.0;99.0;0;0;0.00;0.00;0.00;0.0;0.0
256.883;6;0;99;0;0.0;19.700;1.340;25;26;0;0;100;0;100;0;0;0;0;88;88;0;0.000;0.000;0.000;0.000;0.000;0.000;0.0;0.0;0;14;0.000;0.000;11.3;0;0.0;0;0;0;0;0;99;0;0;4978;0.00;0;0;0;0;0;0;0;0;0;0;0;0;0;0;0;0;14;0;99.0;99.0;0;0;0.00;0.00;0.00;0.0;0.0
256.948;7;0;99;0;0.0;19.700;1.340;25;26;0;0;100;0;100;0;0;0;0;88;88;0;0.000;0.000;0.000;0.000;0.000;0.000;0.0;0.0;0;14;0.000;0.000;11.3;0;0.0;0;0;0;0;0;99;0;0;4965;0.00;0;0;0;0;0;0;0;0;0;0;0;0;0;0;0;0;14;0;99.0;99.0;0;0;0.00;0.00;0.00;0.0;0.0
257.014;7;0;99;0;0.0;19.700;1.340;25;26;0;0;100;0;100;0;0;0;0;88;88;0;0.000;0.000;0.000;0.000;0.000;0.000;0.0;0.0;0;14;0.000;0.000;11.3;0;0.0;0;0;0;0;0;99;0;0;4965;0.00;0;0;0;0;0;0;0;0;0;0;0;0;0;0;0;0;14;0;99.0;99.0;0;0;0.00;0.00;0.00;0.0;0.0
257.079;7;0;99;0;0.0;19.700;1.340;25;26;0;0;100;0;100;0;0;0;0;88;88;0;0.000;0.000;0.000;0.000;0.000;0.000;0.0;0.0;0;14;0.000;0.000;11.3;0;0.0;0;0;0;0;0;99;0;0;4965;0.00;0;0;0;0;0;0;0;0;0;0;0;0;0;0;0;0;14;0;99.0;99.0;0;0;0.00;0.00;0.00;0.0;0.0
257.144;7;0;98;0;0.0;19.700;1.340;25;26;0;0;100;0;100;0;0;0;0;88;88;0;0.000;0.000;0.000;0.000;0.000;0.000;0.0;0.0;0;15;0.000;0.000;11.3;0;-0.1;0;0;0;0;0;99;0;0;4965;0.00;0;0;0;0;0;0;0;0;0;0;0;0;0;0;0;0;15;0;98.0;98.0;0;0;0.00;0.00;0.00;0.0;0.0
257.215;7;0;99;0;0.0;19.700;1.340;25;26;0;0;100;0;100;0;0;0;0;88;88;0;0.000;0.000;0.000;0.000;0.000;0.000;0.0;0.0;0;14;0.000;0.000;11.3;0;0.0;0;0;0;0;0;99;0;0;4965;0.00;0;0;0;0;0;0;0;0;0;0;0;0;0;0;0;0;14;0;99.0;99.0;0;0;0.00;0.00;0.00;0.0;0.0
257.279;7;0;99;0;0.0;19.700;1.340;25;26;0;0;100;0;100;0;0;0;0;88;88;0;0.000;0.000;0.000;0.000;0.000;0.000;0.0;0.0;0;14;0.000;0.000;11.3;0;0.0;0;0;0;0;0;99;0;0;4965;0.00;0;0;0;0;0;0;0;0;0;0;0;0;0;0;0;0;14;0;99.0;99.0;0;0;0.00;0.00;0.00;0.0;0.0
257.346;7;0;99;0;0.0;19.700;1.340;25;26;0;0;100;0;100;0;0;0;0;88;88;0;0.000;0.000;0.000;0.000;0.000;0.000;0.0;0.0;0;14;0.000;0.000;11.3;0;0.0;0;0;0;0;0;99;0;0;4965;0.00;0;0;0;0;0;0;0;0;0;0;0;0;0;0;0;0;14;0;99.0;99.0;0;0;0.00;0.00;0.00;0.0;0.0
257.415;7;0;99;0;0.0;19.700;1.340;25;26;0;0;100;0;100;0;0;0;0;88;88;0;0.000;0.000;0.000;0.000;0.000;0.000;0.0;0.0;0;14;0.000;0.000;11.3;0;0.0;0;0;0;0;0;99;0;0;4965;0.00;0;0;0;0;0;0;0;0;0;0;0;0;0;0;0;0;14;0;99.0;99.0;0;0;0.00;0.00;0.00;0.0;0.0
257.483;7;0;99;0;0.0;19.700;1.340;25;26;0;0;100;0;100;0;0;0;0;88;88;0;0.000;0.000;0.000;0.000;0.000;0.000;0.0;0.0;0;14;0.000;0.000;11.3;0;0.0;0;0;0;0;0;99;0;0;4965;0.00;0;0;0;0;0;0;0;0;0;0;0;0;0;0;0;0;14;0;99.0;99.0;0;0;0.00;0.00;0.00;0.0;0.0
257.550;7;0;99;0;0.0;19.700;1.340;25;26;0;0;100;0;100;0;0;0;0;88;88;0;0.000;0.000;0.000;0.000;0.000;0.000;0.0;0.0;0;14;0.000;0.000;11.3;0;0.0;0;0;0;0;0;99;0;0;4965;0.00;0;0;0;0;0;0;0;0;0;0;0;0;0;0;0;0;14;0;99.0;99.0;0;0;0.00;0.00;0.00;0.0;0.0
257.616;7;0;99;0;0.0;19.700;1.340;25;26;0;0;100;0;100;0;0;0;0;88;88;0;0.000;0.000;0.000;0.000;0.000;0.000;0.0;0.0;0;14;0.000;0.000;11.3;0;0.0;0;0;0;0;0;99;0;0;4965;0.00;0;0;0;0;0;0;0;0;0;0;0;0;0;0;0;0;14;0;99.0;99.0;0;0;0.00;0.00;0.00;0.0;0.0
257.682;7;0;99;0;0.0;19.700;1.340;25;26;0;0;100;0;100;0;0;0;0;88;88;0;0.000;0.000;0.000;0.000;0.000;0.000;0.0;0.0;0;14;0.000;0.000;11.3;0;0.0;0;0;0;0;0;99;0;0;4965;0.00;0;0;0;0;0;0;0;0;0;0;0;0;0;0;0;0;14;0;99.0;99.0;0;0;0.00;0.00;0.00;0.0;0.0
257.747;7;0;99;0;0.0;19.700;1.340;25;26;0;0;100;0;100;0;0;0;0;88;88;0;0.000;0.000;0.000;0.000;0.000;0.000;0.0;0.0;0;14;0.000;0.000;11.3;0;0.0;0;0;0;0;0;99;0;0;4965;0.00;0;0;0;0;0;0;0;0;0;0;0;0;0;0;0;0;14;0;99.0;99.0;0;0;0.00;0.00;0.00;0.0;0.0
257.812;7;0;99;0;0.0;19.700;1.340;25;26;0;0;100;0;100;0;0;0;0;88;88;0;0.000;0.000;0.000;0.000;0.000;0.000;0.0;0.0;0;14;0.000;0.000;11.3;0;0.0;0;0;0;0;0;99;0;0;4965;0.00;0;0;0;0;0;0;0;0;0;0;0;0;0;0;0;0;14;0;99.0;99.0;0;0;0.00;0.00;0.00;0.0;0.0
257.878;7;0;99;0;0.0;19.700;1.340;25;26;0;0;100;0;100;0;0;0;0;88;88;0;0.000;0.000;0.000;0.000;0.000;0.000;0.0;0.0;0;14;0.000;0.000;11.3;0;0.0;0;0;0;0;0;99;0;0;4965;0.00;0;0;0;0;0;0;0;0;0;0;0;0;0;0;0;0;14;0;99.0;99.0;0;0;0.00;0.00;0.00;0.0;0.0
257.947;8;0;99;0;0.0;19.700;1.340;25;26;0;0;100;0;100;0;0;0;0;88;88;0;0.000;0.000;0.000;0.000;0.000;0.000;0.0;0.0;0;14;0.000;0.000;11.3;0;0.0;0;0;0;0;0;99;0;0;4966;0.00;0;0;0;0;0;0;0;0;0;0;0;0;0;0;0;0;14;0;99.0;99.0;0;0;0.00;0.00;0.00;0.0;0.0
258.013;8;0;99;0;0.0;19.700;1.340;25;26;0;0;100;0;100;0;0;0;0;88;88;0;0.000;0.000;0.000;0.000;0.000;0.000;0.0;0.0;0;14;0.000;0.000;11.3;0;0.0;0;0;0;0;0;99;0;0;4966;0.00;0;0;0;0;0;0;0;0;0;0;0;0;0;0;0;0;14;0;99.0;99.0;0;0;0.00;0.00;0.00;0.0;0.0
258.078;8;0;99;0;0.0;19.700;1.340;25;26;0;0;100;0;100;0;0;0;0;88;88;0;0.000;0.000;0.000;0.000;0.000;0.000;0.0;0.0;0;14;0.000;0.000;11.3;0;0.0;0;0;0;0;0;99;0;0;4966;0.00;0;0;0;0;0;0;0;0;0;0;0;0;0;0;0;0;14;0;99.0;99.0;0;0;0.00;0.00;0.00;0.0;0.0
258.145;8;0;99;0;0.0;19.700;1.340;25;26;0;0;100;0;100;0;0;0;0;88;88;0;0.000;0.000;0.000;0.000;0.000;0.000;0.0;0.0;0;14;0.000;0.000;11.3;0;0.0;0;0;0;0;0;99;0;0;4966;0.00;0;0;0;0;0;0;0;0;0;0;0;0;0;0;0;0;14;0;99.0;99.0;0;0;0.00;0.00;0.00;0.0;0.0
258.214;8;0;99;0;0.0;19.700;1.340;25;26;0;0;100;0;100;0;0;0;0;88;88;0;0.000;0.000;0.000;0.000;0.000;0.000;0.0;0.0;0;14;0.000;0.000;11.3;0;0.0;0;0;0;0;0;99;0;0;4966;0.00;0;0;0;0;0;0;0;0;0;0;0;0;0;0;0;0;14;0;99.0;99.0;0;0;0.00;0.00;0.00;0.0;0.0
258.280;8;0;99;0;0.0;19.700;1.340;25;26;0;0;100;0;100;0;0;0;0;88;88;0;0.000;0.000;0.000;0.000;0.000;0.000;0.0;0.0;0;14;0.000;0.000;11.3;0;0.0;0;0;0;0;0;99;0;0;4966;0.00;0;0;0;0;0;0;0;0;0;0;0;0;0;0;0;0;14;0;99.0;99.0;0;0;0.00;0.00;0.00;0.0;0.0
258.345;8;0;99;0;0.0;19.700;1.340;25;26;0;0;100;0;100;0;0;0;0;88;88;0;0.000;0.000;0.000;0.000;0.000;0.000;0.0;0.0;0;14;0.000;0.000;11.3;0;0.0;0;0;0;0;0;99;0;0;4966;0.00;0;0;0;0;0;0;0;0;0;0;0;0;0;0;0;0;14;0;99.0;99.0;0;0;0.00;0.00;0.00;0.0;0.0
258.411;8;0;99;0;0.0;19.700;1.340;25;26;0;0;100;0;100;0;0;0;0;88;88;0;0.000;0.000;0.000;0.000;0.000;0.000;0.0;0.0;0;14;0.000;0.000;11.3;0;0.0;0;0;0;0;0;99;0;0;4966;0.00;0;0;0;0;0;0;0;0;0;0;0;0;0;0;0;0;14;0;99.0;99.0;0;0;0.00;0.00;0.00;0.0;0.0
258.479;8;0;99;0;0.0;19.700;1.340;25;26;0;0;100;0;100;0;0;0;0;88;88;0;0.000;0.000;0.000;0.000;0.000;0.000;0.0;0.0;0;14;0.000;0.000;11.3;0;0.0;0;0;0;0;0;99;0;0;4966;0.00;0;0;0;0;0;0;0;0;0;0;0;0;0;0;0;0;14;0;99.0;99.0;0;0;0.00;0.00;0.00;0.0;0.0
258.546;8;0;99;0;0.0;19.700;1.340;25;26;0;0;100;0;100;0;0;0;0;88;88;0;0.000;0.000;0.000;0.000;0.000;0.000;0.0;0.0;0;14;0.000;0.000;11.3;0;0.0;0;0;0;0;0;99;0;0;4966;0.00;0;0;0;0;0;0;0;0;0;0;0;0;0;0;0;0;14;0;99.0;99.0;0;0;0.00;0.00;0.00;0.0;0.0
258.611;8;0;99;0;0.0;19.700;1.340;25;26;0;0;100;0;100;0;0;0;0;88;88;0;0.000;0.000;0.000;0.000;0.000;0.000;0.0;0.0;0;14;0.000;0.000;11.3;0;0.0;0;0;0;0;0;99;0;0;4966;0.00;0;0;0;0;0;0;0;0;0;0;0;0;0;0;0;0;14;0;99.0;99.0;0;0;0.00;0.00;0.00;0.0;0.0
258.677;8;0;99;0;0.0;19.700;1.340;25;26;0;0;100;0;100;0;0;0;0;88;88;0;0.000;0.000;0.000;0.000;0.000;0.000;0.0;0.0;0;14;0.000;0.000;11.3;0;0.0;0;0;0;0;0;99;0;0;4966;0.00;0;0;0;0;0;0;0;0;0;0;0;0;0;0;0;0;14;0;99.0;99.0;0;0;0.00;0.00;0.00;0.0;0.0
258.746;8;0;99;0;0.0;19.700;1.340;25;26;0;0;100;0;100;0;0;0;0;88;88;0;0.000;0.000;0.000;0.000;0.000;0.000;0.0;0.0;0;14;0.000;0.000;11.3;0;0.0;0;0;0;0;0;99;0;0;4966;0.00;0;0;0;0;0;0;0;0;0;0;0;0;0;0;0;0;14;0;99.0;99.0;0;0;0.00;0.00;0.00;0.0;0.0
258.812;8;0;99;0;0.0;19.700;1.340;25;26;0;0;100;0;100;0;0;0;0;88;88;0;0.000;0.000;0.000;0.000;0.000;0.000;0.0;0.0;0;14;0.000;0.000;11.3;0;0.0;0;0;0;0;0;99;0;0;4966;0.00;0;0;0;0;0;0;0;0;0;0;0;0;0;0;0;0;14;0;99.0;99.0;0;0;0.00;0.00;0.00;0.0;0.0
258.878;8;0;98;0;0.0;19.700;1.340;25;26;0;0;100;0;100;0;0;0;0;88;88;0;0.000;0.000;0.000;0.000;0.000;0.000;0.0;0.0;0;15;0.000;0.000;11.3;0;-0.1;0;0;0;0;0;99;0;0;4966;0.00;0;0;0;0;0;0;0;0;0;0;0;0;0;0;0;0;15;0;98.0;98.0;0;0;0.00;0.00;0.00;0.0;0.0
258.947;9;0;99;0;0.0;19.700;1.340;25;26;0;0;100;0;100;0;0;0;0;88;88;0;0.000;0.000;0.000;0.000;0.000;0.000;0.0;0.0;0;14;0.000;0.000;11.3;0;0.0;0;0;0;0;0;99;0;0;4980;0.00;0;0;0;0;0;0;0;0;0;0;0;0;0;0;0;0;14;0;99.0;99.0;0;0;0.00;0.00;0.00;0.0;0.0
259.013;9;0;99;0;0.0;19.700;1.340;25;26;0;0;100;0;100;0;0;0;0;88;88;0;0.000;0.000;0.000;0.000;0.000;0.000;0.0;0.0;0;14;0.000;0.000;11.3;0;0.0;0;0;0;0;0;99;0;0;4980;0.00;0;0;0;0;0;0;0;0;0;0;0;0;0;0;0;0;14;0;99.0;99.0;0;0;0.00;0.00;0.00;0.0;0.0
259.079;9;0;99;0;0.0;19.700;1.340;25;26;0;0;100;0;100;0;0;0;0;88;88;0;0.000;0.000;0.000;0.000;0.000;0.000;0.0;0.0;0;14;0.000;0.000;11.3;0;0.0;0;0;0;0;0;99;0;0;4980;0.00;0;0;0;0;0;0;0;0;0;0;0;0;0;0;0;0;14;0;99.0;99.0;0;0;0.00;0.00;0.00;0.0;0.0
259.148;9;0;99;0;0.0;19.700;1.340;25;26;0;0;100;0;100;0;0;0;0;88;88;0;0.000;0.000;0.000;0.000;0.000;0.000;0.0;0.0;0;14;0.000;0.000;11.3;0;0.0;0;0;0;0;0;99;0;0;4980;0.00;0;0;0;0;0;0;0;0;0;0;0;0;0;0;0;0;14;0;99.0;99.0;0;0;0.00;0.00;0.00;0.0;0.0
259.213;9;0;99;0;0.0;19.700;1.340;25;26;0;0;100;0;100;0;0;0;0;88;88;0;0.000;0.000;0.000;0.000;0.000;0.000;0.0;0.0;0;14;0.000;0.000;11.3;0;0.0;0;0;0;0;0;99;0;0;4980;0.00;0;0;0;0;0;0;0;0;0;0;0;0;0;0;0;0;14;0;99.0;99.0;0;0;0.00;0.00;0.00;0.0;0.0
259.279;9;0;99;0;0.0;19.700;1.340;25;26;0;0;100;0;100;0;0;0;0;88;88;0;0.000;0.000;0.000;0.000;0.000;0.000;0.0;0.0;0;14;0.000;0.000;11.3;0;0.0;0;0;0;0;0;99;0;0;4980;0.00;0;0;0;0;0;0;0;0;0;0;0;0;0;0;0;0;14;0;99.0;99.0;0;0;0.00;0.00;0.00;0.0;0.0
259.344;9;0;99;0;0.0;19.700;1.340;25;26;0;0;100;0;100;0;0;0;0;88;88;0;0.000;0.000;0.000;0.000;0.000;0.000;0.0;0.0;0;14;0.000;0.000;11.3;0;0.0;0;0;0;0;0;99;0;0;4980;0.00;0;0;0;0;0;0;0;0;0;0;0;0;0;0;0;0;14;0;99.0;99.0;0;0;0.00;0.00;0.00;0.0;0.0
259.414;9;0;99;0;0.0;19.700;1.340;25;26;0;0;100;0;100;0;0;0;0;88;88;0;0.000;0.000;0.000;0.000;0.000;0.000;0.0;0.0;0;14;0.000;0.000;11.3;0;0.0;0;0;0;0;0;99;0;0;4980;0.00;0;0;0;0;0;0;0;0;0;0;0;0;0;0;0;0;14;0;99.0;99.0;0;0;0.00;0.00;0.00;0.0;0.0
259.479;9;0;99;0;0.0;19.700;1.340;25;26;0;0;100;0;100;0;0;0;0;88;88;0;0.000;0.000;0.000;0.000;0.000;0.000;0.0;0.0;0;14;0.000;0.000;11.3;0;0.0;0;0;0;0;0;99;0;0;4980;0.00;0;0;0;0;0;0;0;0;0;0;0;0;0;0;0;0;14;0;99.0;99.0;0;0;0.00;0.00;0.00;0.0;0.0
259.544;9;0;99;0;0.0;19.700;1.340;25;26;0;0;100;0;100;0;0;0;0;88;88;0;0.000;0.000;0.000;0.000;0.000;0.000;0.0;0.0;0;14;0.000;0.000;11.3;0;0.0;0;0;0;0;0;99;0;0;4980;0.00;0;0;0;0;0;0;0;0;0;0;0;0;0;0;0;0;14;0;99.0;99.0;0;0;0.00;0.00;0.00;0.0;0.0
259.614;9;0;99;0;0.0;19.700;1.340;25;26;0;0;100;0;100;0;0;0;0;88;88;0;0.000;0.000;0.000;0.000;0.000;0.000;0.0;0.0;0;14;0.000;0.000;11.3;0;0.0;0;0;0;0;0;99;0;0;4980;0.00;0;0;0;0;0;0;0;0;0;0;0;0;0;0;0;0;14;0;99.0;99.0;0;0;0.00;0.00;0.00;0.0;0.0
259.681;9;0;99;0;0.0;19.700;1.340;25;26;0;0;100;0;100;0;0;0;0;88;88;0;0.000;0.000;0.000;0.000;0.000;0.000;0.0;0.0;0;14;0.000;0.000;11.3;0;0.0;0;0;0;0;0;99;0;0;4980;0.00;0;0;0;0;0;0;0;0;0;0;0;0;0;0;0;0;14;0;99.0;99.0;0;0;0.00;0.00;0.00;0.0;0.0
259.746;9;0;99;0;0.0;19.700;1.340;25;26;0;0;100;0;100;0;0;0;0;88;88;0;0.000;0.000;0.000;0.000;0.000;0.000;0.0;0.0;0;14;0.000;0.000;11.3;0;0.0;0;0;0;0;0;99;0;0;4980;0.00;0;0;0;0;0;0;0;0;0;0;0;0;0;0;0;0;14;0;99.0;99.0;0;0;0.00;0.00;0.00;0.0;0.0
259.811;9;0;99;0;0.0;19.700;1.340;25;26;0;0;100;0;100;0;0;0;0;88;88;0;0.000;0.000;0.000;0.000;0.000;0.000;0.0;0.0;0;14;0.000;0.000;11.3;0;0.0;0;0;0;0;0;99;0;0;4980;0.00;0;0;0;0;0;0;0;0;0;0;0;0;0;0;0;0;14;0;99.0;99.0;0;0;0.00;0.00;0.00;0.0;0.0
259.881;9;0;99;0;0.0;19.700;1.340;25;26;0;0;100;0;100;0;0;0;0;88;88;0;0.000;0.000;0.000;0.000;0.000;0.000;0.0;0.0;0;14;0.000;0.000;11.3;0;0.0;0;0;0;0;0;99;0;0;4980;0.00;0;0;0;0;0;0;0;0;0;0;0;0;0;0;0;0;14;0;99.0;99.0;0;0;0.00;0.00;0.00;0.0;0.0
259.947;10;0;99;0;0.0;19.700;1.340;25;26;0;0;100;0;100;0;0;0;0;88;88;0;0.000;0.000;0.000;0.000;0.000;0.000;0.0;0.0;0;14;0.000;0.000;11.3;0;0.0;0;0;0;0;0;99;0;0;4973;0.00;0;0;0;0;0;0;0;0;0;0;0;0;0;0;0;0;14;0;99.0;99.0;0;0;0.00;0.00;0.00;0.0;0.0
260.016;10;0;99;0;0.0;19.700;1.340;25;26;0;0;100;0;100;0;0;0;0;88;88;0;0.000;0.000;0.000;0.000;0.000;0.000;0.0;0.0;0;14;0.000;0.000;11.3;0;0.0;0;0;0;0;0;99;0;0;4973;0.00;0;0;0;0;0;0;0;0;0;0;0;0;0;0;0;0;14;0;99.0;99.0;0;0;0.00;0.00;0.00;0.0;0.0
260.082;10;0;99;0;0.0;19.700;1.340;25;26;0;0;100;0;100;0;0;0;0;88;88;0;0.000;0.000;0.000;0.000;0.000;0.000;0.0;0.0;0;14;0.000;0.000;11.3;0;0.0;0;0;0;0;0;99;0;0;4973;0.00;0;0;0;0;0;0;0;0;0;0;0;0;0;0;0;0;14;0;99.0;99.0;0;0;0.00;0.00;0.00;0.0;0.0
260.147;10;0;99;0;0.0;19.700;1.340;25;26;0;0;100;0;100;0;0;0;0;88;88;0;0.000;0.000;0.000;0.000;0.000;0.000;0.0;0.0;0;14;0.000;0.000;11.3;0;0.0;0;0;0;0;0;99;0;0;4973;0.00;0;0;0;0;0;0;0;0;0;0;0;0;0;0;0;0;14;0;99.0;99.0;0;0;0.00;0.00;0.00;0.0;0.0
260.218;10;0;99;0;0.0;19.700;1.340;25;26;0;0;100;0;100;0;0;0;0;88;88;0;0.000;0.000;0.000;0.000;0.000;0.000;0.0;0.0;0;14;0.000;0.000;11.3;0;0.0;0;0;0;0;0;99;0;0;4973;0.00;0;0;0;0;0;0;0;0;0;0;0;0;0;0;0;0;14;0;99.0;99.0;0;0;0.00;0.00;0.00;0.0;0.0
260.283;10;0;99;0;0.0;19.700;1.340;25;26;0;0;100;0;100;0;0;0;0;88;88;0;0.000;0.000;0.000;0.000;0.000;0.000;0.0;0.0;0;14;0.000;0.000;11.3;0;0.0;0;0;0;0;0;99;0;0;4973;0.00;0;0;0;0;0;0;0;0;0;0;0;0;0;0;0;0;14;0;99.0;99.0;0;0;0.00;0.00;0.00;0.0;0.0
260.348;10;0;99;0;0.0;19.700;1.340;25;26;0;0;100;0;100;0;0;0;0;88;88;0;0.000;0.000;0.000;0.000;0.000;0.000;0.0;0.0;0;14;0.000;0.000;11.3;0;0.0;0;0;0;0;0;99;0;0;4973;0.00;0;0;0;0;0;0;0;0;0;0;0;0;0;0;0;0;14;0;99.0;99.0;0;0;0.00;0.00;0.00;0.0;0.0
260.414;10;0;99;0;0.0;19.700;1.340;25;26;0;0;100;0;100;0;0;0;0;88;88;0;0.000;0.000;0.000;0.000;0.000;0.000;0.0;0.0;0;14;0.000;0.000;11.3;0;0.0;0;0;0;0;0;99;0;0;4973;0.00;0;0;0;0;0;0;0;0;0;0;0;0;0;0;0;0;14;0;99.0;99.0;0;0;0.00;0.00;0.00;0.0;0.0
260.479;10;0;98;0;0.0;19.700;1.340;25;26;0;0;100;0;100;0;0;0;0;88;88;0;0.000;0.000;0.000;0.000;0.000;0.000;0.0;0.0;0;15;0.000;0.000;11.3;0;-0.1;0;0;0;0;0;99;0;0;4973;0.00;0;0;0;0;0;0;0;0;0;0;0;0;0;0;0;0;15;0;98.0;98.0;0;0;0.00;0.00;0.00;0.0;0.0
260.544;10;0;99;0;0.0;19.700;1.340;25;26;0;0;100;0;100;0;0;0;0;88;88;0;0.000;0.000;0.000;0.000;0.000;0.000;0.0;0.0;0;14;0.000;0.000;11.3;0;0.0;0;0;0;0;0;99;0;0;4973;0.00;0;0;0;0;0;0;0;0;0;0;0;0;0;0;0;0;14;0;99.0;99.0;0;0;0.00;0.00;0.00;0.0;0.0
260.614;10;0;98;0;0.0;19.700;1.340;25;26;0;0;100;0;100;0;0;0;0;88;88;0;0.000;0.000;0.000;0.000;0.000;0.000;0.0;0.0;0;15;0.000;0.000;11.3;0;-0.1;0;0;0;0;0;99;0;0;4973;0.00;0;0;0;0;0;0;0;0;0;0;0;0;0;0;0;0;15;0;98.0;98.0;0;0;0.00;0.00;0.00;0.0;0.0
260.680;10;0;99;0;0.0;19.700;1.340;25;26;0;0;100;0;100;0;0;0;0;88;88;0;0.000;0.000;0.000;0.000;0.000;0.000;0.0;0.0;0;14;0.000;0.000;11.3;0;0.0;0;0;0;0;0;99;0;0;4973;0.00;0;0;0;0;0;0;0;0;0;0;0;0;0;0;0;0;14;0;99.0;99.0;0;0;0.00;0.00;0.00;0.0;0.0
260.746;10;0;98;0;0.0;19.700;1.340;25;26;0;0;100;0;100;0;0;0;0;88;88;0;0.000;0.000;0.000;0.000;0.000;0.000;0.0;0.0;0;15;0.000;0.000;11.3;0;-0.1;0;0;0;0;0;99;0;0;4973;0.00;0;0;0;0;0;0;0;0;0;0;0;0;0;0;0;0;15;0;98.0;98.0;0;0;0.00;0.00;0.00;0.0;0.0
260.815;10;0;99;0;0.0;19.700;1.340;25;26;0;0;100;0;100;0;0;0;0;88;88;0;0.000;0.000;0.000;0.000;0.000;0.000;0.0;0.0;0;14;0.000;0.000;11.3;0;0.0;0;0;0;0;0;99;0;0;4973;0.00;0;0;0;0;0;0;0;0;0;0;0;0;0;0;0;0;14;0;99.0;99.0;0;0;0.00;0.00;0.00;0.0;0.0
260.880;10;0;98;0;0.0;19.700;1.340;25;26;0;0;100;0;100;0;0;0;0;88;88;0;0.000;0.000;0.000;0.000;0.000;0.000;0.0;0.0;0;15;0.000;0.000;11.3;0;-0.1;0;0;0;0;0;99;0;0;4973;0.00;0;0;0;0;0;0;0;0;0;0;0;0;0;0;0;0;15;0;98.0;98.0;0;0;0.00;0.00;0.00;0.0;0.0
260.946;10;0;99;0;0.0;19.700;1.340;25;26;0;0;100;0;100;0;0;0;0;88;88;0;0.000;0.000;0.000;0.000;0.000;0.000;0.0;0.0;0;14;0.000;0.000;11.3;0;0.0;0;0;0;0;0;99;0;0;4973;0.00;0;0;0;0;0;0;0;0;0;0;0;0;0;0;0;0;14;0;99.0;99.0;0;0;0.00;0.00;0.00;0.0;0.0
261.011;11;0;99;0;0.0;19.700;1.340;25;26;0;0;100;0;100;0;0;0;0;88;88;0;0.000;0.000;0.000;0.000;0.000;0.000;0.0;0.0;0;14;0.000;0.000;11.3;0;0.0;0;0;0;0;0;99;0;0;4964;0.00;0;0;0;0;0;0;0;0;0;0;0;0;0;0;0;0;14;0;99.0;99.0;0;0;0.00;0.00;0.00;0.0;0.0
261.080;11;0;99;0;0.0;19.700;1.340;25;26;0;0;100;0;100;0;0;0;0;88;88;0;0.000;0.000;0.000;0.000;0.000;0.000;0.0;0.0;0;14;0.000;0.000;11.3;0;0.0;0;0;0;0;0;99;0;0;4964;0.00;0;0;0;0;0;0;0;0;0;0;0;0;0;0;0;0;14;0;99.0;99.0;0;0;0.00;0.00;0.00;0.0;0.0
261.146;11;0;99;0;0.0;19.700;1.340;25;26;0;0;100;0;100;0;0;0;0;88;88;0;0.000;0.000;0.000;0.000;0.000;0.000;0.0;0.0;0;14;0.000;0.000;11.3;0;0.0;0;0;0;0;0;99;0;0;4964;0.00;0;0;0;0;0;0;0;0;0;0;0;0;0;0;0;0;14;0;99.0;99.0;0;0;0.00;0.00;0.00;0.0;0.0
261.216;11;0;99;0;0.0;19.700;1.340;25;26;0;0;100;0;100;0;0;0;0;88;88;0;0.000;0.000;0.000;0.000;0.000;0.000;0.0;0.0;0;14;0.000;0.000;11.3;0;0.0;0;0;0;0;0;99;0;0;4964;0.00;0;0;0;0;0;0;0;0;0;0;0;0;0;0;0;0;14;0;99.0;99.0;0;0;0.00;0.00;0.00;0.0;0.0
261.281;11;0;99;0;0.0;19.700;1.340;25;26;0;0;100;0;100;0;0;0;0;88;88;0;0.000;0.000;0.000;0.000;0.000;0.000;0.0;0.0;0;14;0.000;0.000;11.3;0;0.0;0;0;0;0;0;99;0;0;4964;0.00;0;0;0;0;0;0;0;0;0;0;0;0;0;0;0;0;14;0;99.0;99.0;0;0;0.00;0.00;0.00;0.0;0.0
261.348;11;0;99;0;0.0;19.700;1.340;25;26;0;0;100;0;100;0;0;0;0;88;88;0;0.000;0.000;0.000;0.000;0.000;0.000;0.0;0.0;0;14;0.000;0.000;11.3;0;0.0;0;0;0;0;0;99;0;0;4964;0.00;0;0;0;0;0;0;0;0;0;0;0;0;0;0;0;0;14;0;99.0;99.0;0;0;0.00;0.00;0.00;0.0;0.0
261.417;11;0;99;0;0.0;19.700;1.340;25;26;0;0;100;0;100;0;0;0;0;88;88;0;0.000;0.000;0.000;0.000;0.000;0.000;0.0;0.0;0;14;0.000;0.000;11.3;0;0.0;0;0;0;0;0;99;0;0;4964;0.00;0;0;0;0;0;0;0;0;0;0;0;0;0;0;0;0;14;0;99.0;99.0;0;0;0.00;0.00;0.00;0.0;0.0
261.484;11;0;98;0;0.0;19.700;1.340;25;26;0;0;100;0;100;0;0;0;0;88;88;0;0.000;0.000;0.000;0.000;0.000;0.000;0.0;0.0;0;15;0.000;0.000;11.3;0;-0.1;0;0;0;0;0;99;0;0;4964;0.00;0;0;0;0;0;0;0;0;0;0;0;0;0;0;0;0;15;0;98.0;98.0;0;0;0.00;0.00;0.00;0.0;0.0
261.548;11;0;99;0;0.0;19.700;1.340;25;26;0;0;100;0;100;0;0;0;0;88;88;0;0.000;0.000;0.000;0.000;0.000;0.000;0.0;0.0;0;14;0.000;0.000;11.3;0;0.0;0;0;0;0;0;99;0;0;4964;0.00;0;0;0;0;0;0;0;0;0;0;0;0;0;0;0;0;14;0;99.0;99.0;0;0;0.00;0.00;0.00;0.0;0.0
261.614;11;0;99;0;0.0;19.700;1.340;25;26;0;0;100;0;100;0;0;0;0;88;88;0;0.000;0.000;0.000;0.000;0.000;0.000;0.0;0.0;0;14;0.000;0.000;11.3;0;0.0;0;0;0;0;0;99;0;0;4964;0.00;0;0;0;0;0;0;0;0;0;0;0;0;0;0;0;0;14;0;99.0;99.0;0;0;0.00;0.00;0.00;0.0;0.0
261.684;11;0;99;0;0.0;19.700;1.340;25;26;0;0;100;0;100;0;0;0;0;88;88;0;0.000;0.000;0.000;0.000;0.000;0.000;0.0;0.0;0;14;0.000;0.000;11.3;0;0.0;0;0;0;0;0;99;0;0;4964;0.00;0;0;0;0;0;0;0;0;0;0;0;0;0;0;0;0;14;0;99.0;99.0;0;0;0.00;0.00;0.00;0.0;0.0
261.749;11;0;99;0;0.0;19.700;1.340;25;26;0;0;100;0;100;0;0;0;0;88;88;0;0.000;0.000;0.000;0.000;0.000;0.000;0.0;0.0;0;14;0.000;0.000;11.3;0;0.0;0;0;0;0;0;99;0;0;4964;0.00;0;0;0;0;0;0;0;0;0;0;0;0;0;0;0;0;14;0;99.0;99.0;0;0;0.00;0.00;0.00;0.0;0.0
261.815;11;0;99;0;0.0;19.700;1.340;25;26;0;0;100;0;100;0;0;0;0;88;88;0;0.000;0.000;0.000;0.000;0.000;0.000;0.0;0.0;0;14;0.000;0.000;11.3;0;0.0;0;0;0;0;0;99;0;0;4964;0.00;0;0;0;0;0;0;0;0;0;0;0;0;0;0;0;0;14;0;99.0;99.0;0;0;0.00;0.00;0.00;0.0;0.0
261.880;11;0;99;0;0.0;19.700;1.340;25;26;0;0;100;0;100;0;0;0;0;88;88;0;0.000;0.000;0.000;0.000;0.000;0.000;0.0;0.0;0;14;0.000;0.000;11.3;0;0.0;0;0;0;0;0;99;0;0;4964;0.00;0;0;0;0;0;0;0;0;0;0;0;0;0;0;0;0;14;0;99.0;99.0;0;0;0.00;0.00;0.00;0.0;0.0
261.945;11;0;99;0;0.0;19.700;1.340;25;26;0;0;100;0;100;0;0;0;0;88;88;0;0.000;0.000;0.000;0.000;0.000;0.000;0.0;0.0;0;14;0.000;0.000;11.3;0;0.0;0;0;0;0;0;99;0;0;4964;0.00;0;0;0;0;0;0;0;0;0;0;0;0;0;0;0;0;14;0;99.0;99.0;0;0;0.00;0.00;0.00;0.0;0.0
262.010;12;0;99;0;0.0;19.700;1.340;25;26;0;0;100;0;100;0;0;0;0;88;88;0;0.000;0.000;0.000;0.000;0.000;0.000;0.0;0.0;0;14;0.000;0.000;11.3;0;0.0;0;0;0;0;0;99;0;0;4968;0.00;0;0;0;0;0;0;0;0;0;0;0;0;0;0;0;0;14;0;99.0;99.0;0;0;0.00;0.00;0.00;0.0;0.0
262.080;12;0;99;0;0.0;19.700;1.340;25;26;0;0;100;0;100;0;0;0;0;88;88;0;0.000;0.000;0.000;0.000;0.000;0.000;0.0;0.0;0;14;0.000;0.000;11.3;0;0.0;0;0;0;0;0;99;0;0;4968;0.00;0;0;0;0;0;0;0;0;0;0;0;0;0;0;0;0;14;0;99.0;99.0;0;0;0.00;0.00;0.00;0.0;0.0
262.150;12;0;99;0;0.0;19.700;1.340;25;26;0;0;100;0;100;0;0;0;0;88;88;0;0.000;0.000;0.000;0.000;0.000;0.000;0.0;0.0;0;14;0.000;0.000;11.3;0;0.0;0;0;0;0;0;99;0;0;4968;0.00;0;0;0;0;0;0;0;0;0;0;0;0;0;0;0;0;14;0;99.0;99.0;0;0;0.00;0.00;0.00;0.0;0.0
262.215;12;0;99;0;0.0;19.700;1.340;25;26;0;0;100;0;100;0;0;0;0;88;88;0;0.000;0.000;0.000;0.000;0.000;0.000;0.0;0.0;0;14;0.000;0.000;11.3;0;0.0;0;0;0;0;0;99;0;0;4968;0.00;0;0;0;0;0;0;0;0;0;0;0;0;0;0;0;0;14;0;99.0;99.0;0;0;0.00;0.00;0.00;0.0;0.0
262.281;12;0;99;0;0.0;19.700;1.340;25;26;0;0;100;0;100;0;0;0;0;88;88;0;0.000;0.000;0.000;0.000;0.000;0.000;0.0;0.0;0;14;0.000;0.000;11.3;0;0.0;0;0;0;0;0;99;0;0;4968;0.00;0;0;0;0;0;0;0;0;0;0;0;0;0;0;0;0;14;0;99.0;99.0;0;0;0.00;0.00;0.00;0.0;0.0
262.347;12;0;99;0;0.0;19.700;1.340;25;26;0;0;100;0;100;0;0;0;0;88;88;0;0.000;0.000;0.000;0.000;0.000;0.000;0.0;0.0;0;14;0.000;0.000;11.3;0;0.0;0;0;0;0;0;99;0;0;4968;0.00;0;0;0;0;0;0;0;0;0;0;0;0;0;0;0;0;14;0;99.0;99.0;0;0;0.00;0.00;0.00;0.0;0.0
262.415;12;0;98;0;0.0;19.700;1.340;25;26;0;0;100;0;100;0;0;0;0;88;88;0;0.000;0.000;0.000;0.000;0.000;0.000;0.0;0.0;0;15;0.000;0.000;11.3;0;-0.1;0;0;0;0;0;99;0;0;4968;0.00;0;0;0;0;0;0;0;0;0;0;0;0;0;0;0;0;15;0;98.0;98.0;0;0;0.00;0.00;0.00;0.0;0.0
262.482;12;0;99;0;0.0;19.700;1.340;25;26;0;0;100;0;100;0;0;0;0;88;88;0;0.000;0.000;0.000;0.000;0.000;0.000;0.0;0.0;0;14;0.000;0.000;11.3;0;0.0;0;0;0;0;0;99;0;0;4968;0.00;0;0;0;0;0;0;0;0;0;0;0;0;0;0;0;0;14;0;99.0;99.0;0;0;0.00;0.00;0.00;0.0;0.0
262.547;12;0;99;0;0.0;19.700;1.340;25;26;0;0;100;0;100;0;0;0;0;88;88;0;0.000;0.000;0.000;0.000;0.000;0.000;0.0;0.0;0;14;0.000;0.000;11.3;0;0.0;0;0;0;0;0;99;0;0;4968;0.00;0;0;0;0;0;0;0;0;0;0;0;0;0;0;0;0;14;0;99.0;99.0;0;0;0.00;0.00;0.00;0.0;0.0
262.613;12;0;99;0;0.0;19.700;1.340;25;26;0;0;100;0;100;0;0;0;0;88;88;0;0.000;0.000;0.000;0.000;0.000;0.000;0.0;0.0;0;14;0.000;0.000;11.3;0;0.0;0;0;0;0;0;99;0;0;4968;0.00;0;0;0;0;0;0;0;0;0;0;0;0;0;0;0;0;14;0;99.0;99.0;0;0;0.00;0.00;0.00;0.0;0.0
262.684;12;0;99;0;0.0;19.700;1.340;25;26;0;0;100;0;100;0;0;0;0;88;88;0;0.000;0.000;0.000;0.000;0.000;0.000;0.0;0.0;0;14;0.000;0.000;11.3;0;0.0;0;0;0;0;0;99;0;0;4968;0.00;0;0;0;0;0;0;0;0;0;0;0;0;0;0;0;0;14;0;99.0;99.0;0;0;0.00;0.00;0.00;0.0;0.0
262.747;12;0;99;0;0.0;19.700;1.340;25;26;0;0;100;0;100;0;0;0;0;88;88;0;0.000;0.000;0.000;0.000;0.000;0.000;0.0;0.0;0;14;0.000;0.000;11.3;0;0.0;0;0;0;0;0;99;0;0;4968;0.00;0;0;0;0;0;0;0;0;0;0;0;0;0;0;0;0;14;0;99.0;99.0;0;0;0.00;0.00;0.00;0.0;0.0
262.813;12;0;99;0;0.0;19.700;1.340;25;26;0;0;100;0;100;0;0;0;0;88;88;0;0.000;0.000;0.000;0.000;0.000;0.000;0.0;0.0;0;14;0.000;0.000;11.3;0;0.0;0;0;0;0;0;99;0;0;4968;0.00;0;0;0;0;0;0;0;0;0;0;0;0;0;0;0;0;14;0;99.0;99.0;0;0;0.00;0.00;0.00;0.0;0.0
262.879;12;0;99;0;0.0;19.700;1.340;25;26;0;0;100;0;100;0;0;0;0;88;88;0;0.000;0.000;0.000;0.000;0.000;0.000;0.0;0.0;0;14;0.000;0.000;11.3;0;0.0;0;0;0;0;0;99;0;0;4968;0.00;0;0;0;0;0;0;0;0;0;0;0;0;0;0;0;0;14;0;99.0;99.0;0;0;0.00;0.00;0.00;0.0;0.0
262.945;12;0;99;0;0.0;19.700;1.340;25;26;0;0;100;0;100;0;0;0;0;88;88;0;0.000;0.000;0.000;0.000;0.000;0.000;0.0;0.0;0;14;0.000;0.000;11.3;0;0.0;0;0;0;0;0;99;0;0;4968;0.00;0;0;0;0;0;0;0;0;0;0;0;0;0;0;0;0;14;0;99.0;99.0;0;0;0.00;0.00;0.00;0.0;0.0
263.015;13;0;98;0;0.0;19.700;1.340;25;26;0;0;100;0;100;0;0;0;0;88;88;0;0.000;0.000;0.000;0.000;0.000;0.000;0.0;0.0;0;15;0.000;0.000;11.3;0;-0.1;0;0;0;0;0;99;0;0;4976;0.00;0;0;0;0;0;0;0;0;0;0;0;0;0;0;0;0;15;0;98.0;98.0;0;0;0.00;0.00;0.00;0.0;0.0
263.079;13;0;99;0;0.0;19.700;1.340;25;26;0;0;100;0;100;0;0;0;0;88;88;0;0.000;0.000;0.000;0.000;0.000;0.000;0.0;0.0;0;14;0.000;0.000;11.3;0;0.0;0;0;0;0;0;99;0;0;4976;0.00;0;0;0;0;0;0;0;0;0;0;0;0;0;0;0;0;14;0;99.0;99.0;0;0;0.00;0.00;0.00;0.0;0.0
263.145;13;0;99;0;0.0;19.700;1.340;25;26;0;0;100;0;100;0;0;0;0;88;88;0;0.000;0.000;0.000;0.000;0.000;0.000;0.0;0.0;0;14;0.000;0.000;11.3;0;0.0;0;0;0;0;0;99;0;0;4976;0.00;0;0;0;0;0;0;0;0;0;0;0;0;0;0;0;0;14;0;99.0;99.0;0;0;0.00;0.00;0.00;0.0;0.0
263.215;13;0;99;0;0.0;19.700;1.340;25;26;0;0;100;0;100;0;0;0;0;88;88;0;0.000;0.000;0.000;0.000;0.000;0.000;0.0;0.0;0;14;0.000;0.000;11.3;0;0.0;0;0;0;0;0;99;0;0;4976;0.00;0;0;0;0;0;0;0;0;0;0;0;0;0;0;0;0;14;0;99.0;99.0;0;0;0.00;0.00;0.00;0.0;0.0
263.280;13;0;99;0;0.0;19.700;1.340;25;26;0;0;100;0;100;0;0;0;0;88;88;0;0.000;0.000;0.000;0.000;0.000;0.000;0.0;0.0;0;14;0.000;0.000;11.3;0;0.0;0;0;0;0;0;99;0;0;4976;0.00;0;0;0;0;0;0;0;0;0;0;0;0;0;0;0;0;14;0;99.0;99.0;0;0;0.00;0.00;0.00;0.0;0.0
263.346;13;0;99;0;0.0;19.700;1.340;25;26;0;0;100;0;100;0;0;0;0;88;88;0;0.000;0.000;0.000;0.000;0.000;0.000;0.0;0.0;0;14;0.000;0.000;11.3;0;0.0;0;0;0;0;0;99;0;0;4976;0.00;0;0;0;0;0;0;0;0;0;0;0;0;0;0;0;0;14;0;99.0;99.0;0;0;0.00;0.00;0.00;0.0;0.0
263.412;13;0;99;0;0.0;19.700;1.340;25;26;0;0;100;0;100;0;0;0;0;88;88;0;0.000;0.000;0.000;0.000;0.000;0.000;0.0;0.0;0;14;0.000;0.000;11.3;0;0.0;0;0;0;0;0;99;0;0;4976;0.00;0;0;0;0;0;0;0;0;0;0;0;0;0;0;0;0;14;0;99.0;99.0;0;0;0.00;0.00;0.00;0.0;0.0
263.481;13;0;99;0;0.0;19.700;1.340;25;26;0;0;100;0;100;0;0;0;0;88;88;0;0.000;0.000;0.000;0.000;0.000;0.000;0.0;0.0;0;14;0.000;0.000;11.3;0;0.0;0;0;0;0;0;99;0;0;4976;0.00;0;0;0;0;0;0;0;0;0;0;0;0;0;0;0;0;14;0;99.0;99.0;0;0;0.00;0.00;0.00;0.0;0.0
263.546;13;0;98;0;0.0;19.700;1.340;25;26;0;0;100;0;100;0;0;0;0;88;88;0;0.000;0.000;0.000;0.000;0.000;0.000;0.0;0.0;0;15;0.000;0.000;11.3;0;-0.1;0;0;0;0;0;99;0;0;4976;0.00;0;0;0;0;0;0;0;0;0;0;0;0;0;0;0;0;15;0;98.0;98.0;0;0;0.00;0.00;0.00;0.0;0.0
263.612;13;0;99;0;0.0;19.700;1.340;25;26;0;0;100;0;100;0;0;0;0;88;88;0;0.000;0.000;0.000;0.000;0.000;0.000;0.0;0.0;0;14;0.000;0.000;11.3;0;0.0;0;0;0;0;0;99;0;0;4976;0.00;0;0;0;0;0;0;0;0;0;0;0;0;0;0;0;0;14;0;99.0;99.0;0;0;0.00;0.00;0.00;0.0;0.0
263.677;13;0;99;0;0.0;19.700;1.340;25;26;0;0;100;0;100;0;0;0;0;88;88;0;0.000;0.000;0.000;0.000;0.000;0.000;0.0;0.0;0;14;0.000;0.000;11.3;0;0.0;0;0;0;0;0;99;0;0;4976;0.00;0;0;0;0;0;0;0;0;0;0;0;0;0;0;0;0;14;0;99.0;99.0;0;0;0.00;0.00;0.00;0.0;0.0
263.743;13;0;99;0;0.0;19.700;1.340;25;26;0;0;100;0;100;0;0;0;0;88;88;0;0.000;0.000;0.000;0.000;0.000;0.000;0.0;0.0;0;14;0.000;0.000;11.3;0;0.0;0;0;0;0;0;99;0;0;4976;0.00;0;0;0;0;0;0;0;0;0;0;0;0;0;0;0;0;14;0;99.0;99.0;0;0;0.00;0.00;0.00;0.0;0.0
263.813;13;0;99;0;0.0;19.700;1.340;25;26;0;0;100;0;100;0;0;0;0;88;88;0;0.000;0.000;0.000;0.000;0.000;0.000;0.0;0.0;0;14;0.000;0.000;11.3;0;0.0;0;0;0;0;0;99;0;0;4976;0.00;0;0;0;0;0;0;0;0;0;0;0;0;0;0;0;0;14;0;99.0;99.0;0;0;0.00;0.00;0.00;0.0;0.0
263.878;13;0;99;0;0.0;19.700;1.340;25;26;0;0;100;0;100;0;0;0;0;88;88;0;0.000;0.000;0.000;0.000;0.000;0.000;0.0;0.0;0;14;0.000;0.000;11.3;0;0.0;0;0;0;0;0;99;0;0;4976;0.00;0;0;0;0;0;0;0;0;0;0;0;0;0;0;0;0;14;0;99.0;99.0;0;0;0.00;0.00;0.00;0.0;0.0
263.944;13;0;99;0;0.0;19.700;1.340;25;26;0;0;100;0;100;0;0;0;0;88;88;0;0.000;0.000;0.000;0.000;0.000;0.000;0.0;0.0;0;14;0.000;0.000;11.3;0;0.0;0;0;0;0;0;99;0;0;4976;0.00;0;0;0;0;0;0;0;0;0;0;0;0;0;0;0;0;14;0;99.0;99.0;0;0;0.00;0.00;0.00;0.0;0.0
264.014;14;0;99;0;0.0;19.700;1.340;25;26;0;0;100;0;100;0;0;0;0;88;88;0;0.000;0.000;0.000;0.000;0.000;0.000;0.0;0.0;0;14;0.000;0.000;11.3;0;0.0;0;0;0;0;0;99;0;0;4979;0.00;0;0;0;0;0;0;0;0;0;0;0;0;0;0;0;0;14;0;99.0;99.0;0;0;0.00;0.00;0.00;0.0;0.0
264.079;14;0;98;0;0.0;19.700;1.340;25;26;0;0;100;0;100;0;0;0;0;88;88;0;0.000;0.000;0.000;0.000;0.000;0.000;0.0;0.0;0;15;0.000;0.000;11.3;0;-0.1;0;0;0;0;0;99;0;0;4979;0.00;0;0;0;0;0;0;0;0;0;0;0;0;0;0;0;0;15;0;98.0;98.0;0;0;0.00;0.00;0.00;0.0;0.0
264.149;14;0;99;0;0.0;19.700;1.340;25;26;0;0;100;0;100;0;0;0;0;88;88;0;0.000;0.000;0.000;0.000;0.000;0.000;0.0;0.0;0;14;0.000;0.000;11.3;0;0.0;0;0;0;0;0;99;0;0;4979;0.00;0;0;0;0;0;0;0;0;0;0;0;0;0;0;0;0;14;0;99.0;99.0;0;0;0.00;0.00;0.00;0.0;0.0
264.215;14;0;99;0;0.0;19.700;1.340;25;26;0;0;100;0;100;0;0;0;0;88;88;0;0.000;0.000;0.000;0.000;0.000;0.000;0.0;0.0;0;14;0.000;0.000;11.3;0;0.0;0;0;0;0;0;99;0;0;4979;0.00;0;0;0;0;0;0;0;0;0;0;0;0;0;0;0;0;14;0;99.0;99.0;0;0;0.00;0.00;0.00;0.0;0.0
264.281;14;0;99;0;0.0;19.700;1.340;25;26;0;0;100;0;100;0;0;0;0;88;88;0;0.000;0.000;0.000;0.000;0.000;0.000;0.0;0.0;0;14;0.000;0.000;11.3;0;0.0;0;0;0;0;0;99;0;0;4979;0.00;0;0;0;0;0;0;0;0;0;0;0;0;0;0;0;0;14;0;99.0;99.0;0;0;0.00;0.00;0.00;0.0;0.0
264.349;14;0;99;0;0.0;19.700;1.340;25;26;0;0;100;0;100;0;0;0;0;88;88;0;0.000;0.000;0.000;0.000;0.000;0.000;0.0;0.0;0;14;0.000;0.000;11.3;0;0.0;0;0;0;0;0;99;0;0;4979;0.00;0;0;0;0;0;0;0;0;0;0;0;0;0;0;0;0;14;0;99.0;99.0;0;0;0.00;0.00;0.00;0.0;0.0
264.416;14;0;99;0;0.0;19.700;1.340;25;26;0;0;100;0;100;0;0;0;0;88;88;0;0.000;0.000;0.000;0.000;0.000;0.000;0.0;0.0;0;14;0.000;0.000;11.3;0;0.0;0;0;0;0;0;99;0;0;4979;0.00;0;0;0;0;0;0;0;0;0;0;0;0;0;0;0;0;14;0;99.0;99.0;0;0;0.00;0.00;0.00;0.0;0.0
264.480;14;0;99;0;0.0;19.700;1.340;25;26;0;0;100;0;100;0;0;0;0;88;88;0;0.000;0.000;0.000;0.000;0.000;0.000;0.0;0.0;0;14;0.000;0.000;11.3;0;0.0;0;0;0;0;0;99;0;0;4979;0.00;0;0;0;0;0;0;0;0;0;0;0;0;0;0;0;0;14;0;99.0;99.0;0;0;0.00;0.00;0.00;0.0;0.0
264.550;14;0;99;0;0.0;19.700;1.340;25;26;0;0;100;0;100;0;0;0;0;88;88;0;0.000;0.000;0.000;0.000;0.000;0.000;0.0;0.0;0;14;0.000;0.000;11.3;0;0.0;0;0;0;0;0;99;0;0;4979;0.00;0;0;0;0;0;0;0;0;0;0;0;0;0;0;0;0;14;0;99.0;99.0;0;0;0.00;0.00;0.00;0.0;0.0
264.616;14;0;99;0;0.0;19.700;1.340;25;26;0;0;100;0;100;0;0;0;0;88;88;0;0.000;0.000;0.000;0.000;0.000;0.000;0.0;0.0;0;14;0.000;0.000;11.3;0;0.0;0;0;0;0;0;99;0;0;4979;0.00;0;0;0;0;0;0;0;0;0;0;0;0;0;0;0;0;14;0;99.0;99.0;0;0;0.00;0.00;0.00;0.0;0.0
264.683;14;0;99;0;0.0;19.700;1.340;25;26;0;0;100;0;100;0;0;0;0;88;88;0;0.000;0.000;0.000;0.000;0.000;0.000;0.0;0.0;0;14;0.000;0.000;11.3;0;0.0;0;0;0;0;0;99;0;0;4979;0.00;0;0;0;0;0;0;0;0;0;0;0;0;0;0;0;0;14;0;99.0;99.0;0;0;0.00;0.00;0.00;0.0;0.0
264.750;14;0;99;0;0.0;19.700;1.340;25;26;0;0;100;0;100;0;0;0;0;88;88;0;0.000;0.000;0.000;0.000;0.000;0.000;0.0;0.0;0;14;0.000;0.000;11.3;0;0.0;0;0;0;0;0;99;0;0;4979;0.00;0;0;0;0;0;0;0;0;0;0;0;0;0;0;0;0;14;0;99.0;99.0;0;0;0.00;0.00;0.00;0.0;0.0
264.815;14;0;99;0;0.0;19.700;1.340;25;26;0;0;100;0;100;0;0;0;0;88;88;0;0.000;0.000;0.000;0.000;0.000;0.000;0.0;0.0;0;14;0.000;0.000;11.3;0;0.0;0;0;0;0;0;99;0;0;4979;0.00;0;0;0;0;0;0;0;0;0;0;0;0;0;0;0;0;14;0;99.0;99.0;0;0;0.00;0.00;0.00;0.0;0.0
264.881;14;0;99;0;0.0;19.700;1.340;25;26;0;0;100;0;100;0;0;0;0;88;88;0;0.000;0.000;0.000;0.000;0.000;0.000;0.0;0.0;0;14;0.000;0.000;11.3;0;0.0;0;0;0;0;0;99;0;0;4979;0.00;0;0;0;0;0;0;0;0;0;0;0;0;0;0;0;0;14;0;99.0;99.0;0;0;0.00;0.00;0.00;0.0;0.0
264.948;14;0;99;0;0.0;19.700;1.340;25;26;0;0;100;0;100;0;0;0;0;88;88;0;0.000;0.000;0.000;0.000;0.000;0.000;0.0;0.0;0;14;0.000;0.000;11.3;0;0.0;0;0;0;0;0;99;0;0;4979;0.00;0;0;0;0;0;0;0;0;0;0;0;0;0;0;0;0;14;0;99.0;99.0;0;0;0.00;0.00;0.00;0.0;0.0
265.014;15;0;99;0;0.0;19.700;1.340;25;26;0;0;100;0;100;0;0;0;0;88;88;0;0.000;0.000;0.000;0.000;0.000;0.000;0.0;0.0;0;14;0.000;0.000;11.3;0;0.0;0;0;0;0;0;99;0;0;4971;0.00;0;0;0;0;0;0;0;0;0;0;0;0;0;0;0;0;14;0;99.0;99.0;0;0;0.00;0.00;0.00;0.0;0.0
265.083;15;0;99;0;0.0;19.700;1.340;25;26;0;0;100;0;100;0;0;0;0;88;88;0;0.000;0.000;0.000;0.000;0.000;0.000;0.0;0.0;0;14;0.000;0.000;11.3;0;0.0;0;0;0;0;0;99;0;0;4971;0.00;0;0;0;0;0;0;0;0;0;0;0;0;0;0;0;0;14;0;99.0;99.0;0;0;0.00;0.00;0.00;0.0;0.0
265.149;15;0;98;0;0.0;19.700;1.340;25;26;0;0;100;0;100;0;0;0;0;88;88;0;0.000;0.000;0.000;0.000;0.000;0.000;0.0;0.0;0;15;0.000;0.000;11.3;0;-0.1;0;0;0;0;0;99;0;0;4971;0.00;0;0;0;0;0;0;0;0;0;0;0;0;0;0;0;0;15;0;98.0;98.0;0;0;0.00;0.00;0.00;0.0;0.0
265.217;15;0;99;0;0.0;19.700;1.340;25;26;0;0;100;0;100;0;0;0;0;88;88;0;0.000;0.000;0.000;0.000;0.000;0.000;0.0;0.0;0;14;0.000;0.000;11.3;0;0.0;0;0;0;0;0;99;0;0;4971;0.00;0;0;0;0;0;0;0;0;0;0;0;0;0;0;0;0;14;0;99.0;99.0;0;0;0.00;0.00;0.00;0.0;0.0
265.283;15;0;99;0;0.0;19.700;1.340;25;26;0;0;100;0;100;0;0;0;0;88;88;0;0.000;0.000;0.000;0.000;0.000;0.000;0.0;0.0;0;14;0.000;0.000;11.3;0;0.0;0;0;0;0;0;99;0;0;4971;0.00;0;0;0;0;0;0;0;0;0;0;0;0;0;0;0;0;14;0;99.0;99.0;0;0;0.00;0.00;0.00;0.0;0.0
265.348;15;0;99;0;0.0;19.700;1.340;25;26;0;0;100;0;100;0;0;0;0;88;88;0;0.000;0.000;0.000;0.000;0.000;0.000;0.0;0.0;0;14;0.000;0.000;11.3;0;0.0;0;0;0;0;0;99;0;0;4971;0.00;0;0;0;0;0;0;0;0;0;0;0;0;0;0;0;0;14;0;99.0;99.0;0;0;0.00;0.00;0.00;0.0;0.0
265.415;15;0;99;0;0.0;19.700;1.340;25;26;0;0;100;0;100;0;0;0;0;88;88;0;0.000;0.000;0.000;0.000;0.000;0.000;0.0;0.0;0;14;0.000;0.000;11.3;0;0.0;0;0;0;0;0;99;0;0;4971;0.00;0;0;0;0;0;0;0;0;0;0;0;0;0;0;0;0;14;0;99.0;99.0;0;0;0.00;0.00;0.00;0.0;0.0
265.480;15;0;99;0;0.0;19.700;1.340;25;26;0;0;100;0;100;0;0;0;0;88;88;0;0.000;0.000;0.000;0.000;0.000;0.000;0.0;0.0;0;14;0.000;0.000;11.3;0;0.0;0;0;0;0;0;99;0;0;4971;0.00;0;0;0;0;0;0;0;0;0;0;0;0;0;0;0;0;14;0;99.0;99.0;0;0;0.00;0.00;0.00;0.0;0.0
265.546;15;0;99;0;0.0;19.700;1.340;25;26;0;0;100;0;100;0;0;0;0;88;88;0;0.000;0.000;0.000;0.000;0.000;0.000;0.0;0.0;0;14;0.000;0.000;11.3;0;0.0;0;0;0;0;0;99;0;0;4971;0.00;0;0;0;0;0;0;0;0;0;0;0;0;0;0;0;0;14;0;99.0;99.0;0;0;0.00;0.00;0.00;0.0;0.0
265.615;15;0;99;0;0.0;19.700;1.340;25;26;0;0;100;0;100;0;0;0;0;88;88;0;0.000;0.000;0.000;0.000;0.000;0.000;0.0;0.0;0;14;0.000;0.000;11.3;0;0.0;0;0;0;0;0;99;0;0;4971;0.00;0;0;0;0;0;0;0;0;0;0;0;0;0;0;0;0;14;0;99.0;99.0;0;0;0.00;0.00;0.00;0.0;0.0
265.680;15;0;99;0;0.0;19.700;1.340;25;26;0;0;100;0;100;0;0;0;0;88;88;0;0.000;0.000;0.000;0.000;0.000;0.000;0.0;0.0;0;14;0.000;0.000;11.3;0;0.0;0;0;0;0;0;99;0;0;4971;0.00;0;0;0;0;0;0;0;0;0;0;0;0;0;0;0;0;14;0;99.0;99.0;0;0;0.00;0.00;0.00;0.0;0.0
265.747;15;0;99;0;0.0;19.700;1.340;25;26;0;0;100;0;100;0;0;0;0;88;88;0;0.000;0.000;0.000;0.000;0.000;0.000;0.0;0.0;0;14;0.000;0.000;11.3;0;0.0;0;0;0;0;0;99;0;0;4971;0.00;0;0;0;0;0;0;0;0;0;0;0;0;0;0;0;0;14;0;99.0;99.0;0;0;0.00;0.00;0.00;0.0;0.0
265.811;15;0;99;0;0.0;19.700;1.340;25;26;0;0;100;0;100;0;0;0;0;88;88;0;0.000;0.000;0.000;0.000;0.000;0.000;0.0;0.0;0;14;0.000;0.000;11.3;0;0.0;0;0;0;0;0;99;0;0;4971;0.00;0;0;0;0;0;0;0;0;0;0;0;0;0;0;0;0;14;0;99.0;99.0;0;0;0.00;0.00;0.00;0.0;0.0
265.877;15;0;99;0;0.0;19.700;1.340;25;26;0;0;100;0;100;0;0;0;0;88;88;0;0.000;0.000;0.000;0.000;0.000;0.000;0.0;0.0;0;14;0.000;0.000;11.3;0;0.0;0;0;0;0;0;99;0;0;4971;0.00;0;0;0;0;0;0;0;0;0;0;0;0;0;0;0;0;14;0;99.0;99.0;0;0;0.00;0.00;0.00;0.0;0.0
265.947;15;0;99;0;0.0;19.700;1.340;25;26;0;0;100;0;100;0;0;0;0;88;88;0;0.000;0.000;0.000;0.000;0.000;0.000;0.0;0.0;0;14;0.000;0.000;11.3;0;0.0;0;0;0;0;0;99;0;0;4971;0.00;0;0;0;0;0;0;0;0;0;0;0;0;0;0;0;0;14;0;99.0;99.0;0;0;0.00;0.00;0.00;0.0;0.0
266.013;15;0;99;0;0.0;19.700;1.340;25;26;0;0;100;0;100;0;0;0;0;88;88;0;0.000;0.000;0.000;0.000;0.000;0.000;0.0;0.0;0;14;0.000;0.000;11.3;0;0.0;0;0;0;0;0;99;0;0;4971;0.00;0;0;0;0;0;0;0;0;0;0;0;0;0;0;0;0;14;0;99.0;99.0;0;0;0.00;0.00;0.00;0.0;0.0
266.082;16;0;99;0;0.0;19.700;1.340;25;26;0;0;100;0;100;0;0;0;0;88;88;0;0.000;0.000;0.000;0.000;0.000;0.000;0.0;0.0;0;14;0.000;0.000;11.3;0;0.0;0;0;0;0;0;99;0;0;4955;0.00;0;0;0;0;0;0;0;0;0;0;0;0;0;0;0;0;14;0;99.0;99.0;0;0;0.00;0.00;0.00;0.0;0.0
266.146;16;0;99;0;0.0;19.700;1.340;25;26;0;0;100;0;100;0;0;0;0;88;88;0;0.000;0.000;0.000;0.000;0.000;0.000;0.0;0.0;0;14;0.000;0.000;11.3;0;0.0;0;0;0;0;0;99;0;0;4955;0.00;0;0;0;0;0;0;0;0;0;0;0;0;0;0;0;0;14;0;99.0;99.0;0;0;0.00;0.00;0.00;0.0;0.0
266.213;16;0;99;0;0.0;19.700;1.340;25;26;0;0;100;0;100;0;0;0;0;88;88;0;0.000;0.000;0.000;0.000;0.000;0.000;0.0;0.0;0;14;0.000;0.000;11.3;0;0.0;0;0;0;0;0;99;0;0;4955;0.00;0;0;0;0;0;0;0;0;0;0;0;0;0;0;0;0;14;0;99.0;99.0;0;0;0.00;0.00;0.00;0.0;0.0
266.278;16;0;99;0;0.0;19.700;1.340;25;26;0;0;100;0;100;0;0;0;0;88;88;0;0.000;0.000;0.000;0.000;0.000;0.000;0.0;0.0;0;14;0.000;0.000;11.3;0;0.0;0;0;0;0;0;99;0;0;4955;0.00;0;0;0;0;0;0;0;0;0;0;0;0;0;0;0;0;14;0;99.0;99.0;0;0;0.00;0.00;0.00;0.0;0.0
266.348;16;0;99;0;0.0;19.700;1.340;25;26;0;0;100;0;100;0;0;0;0;88;88;0;0.000;0.000;0.000;0.000;0.000;0.000;0.0;0.0;0;14;0.000;0.000;11.3;0;0.0;0;0;0;0;0;99;0;0;4955;0.00;0;0;0;0;0;0;0;0;0;0;0;0;0;0;0;0;14;0;99.0;99.0;0;0;0.00;0.00;0.00;0.0;0.0
266.413;16;0;99;0;0.0;19.700;1.340;25;26;0;0;100;0;100;0;0;0;0;88;88;0;0.000;0.000;0.000;0.000;0.000;0.000;0.0;0.0;0;14;0.000;0.000;11.3;0;0.0;0;0;0;0;0;99;0;0;4955;0.00;0;0;0;0;0;0;0;0;0;0;0;0;0;0;0;0;14;0;99.0;99.0;0;0;0.00;0.00;0.00;0.0;0.0
266.479;16;0;99;0;0.0;19.700;1.340;25;26;0;0;100;0;100;0;0;0;0;88;88;0;0.000;0.000;0.000;0.000;0.000;0.000;0.0;0.0;0;14;0.000;0.000;11.3;0;0.0;0;0;0;0;0;99;0;0;4955;0.00;0;0;0;0;0;0;0;0;0;0;0;0;0;0;0;0;14;0;99.0;99.0;0;0;0.00;0.00;0.00;0.0;0.0
266.549;16;0;99;0;0.0;19.700;1.340;25;26;0;0;100;0;100;0;0;0;0;88;88;0;0.000;0.000;0.000;0.000;0.000;0.000;0.0;0.0;0;14;0.000;0.000;11.3;0;0.0;0;0;0;0;0;99;0;0;4955;0.00;0;0;0;0;0;0;0;0;0;0;0;0;0;0;0;0;14;0;99.0;99.0;0;0;0.00;0.00;0.00;0.0;0.0
266.614;16;0;99;0;0.0;19.700;1.340;25;26;0;0;100;0;100;0;0;0;0;88;88;0;0.000;0.000;0.000;0.000;0.000;0.000;0.0;0.0;0;14;0.000;0.000;11.3;0;0.0;0;0;0;0;0;99;0;0;4955;0.00;0;0;0;0;0;0;0;0;0;0;0;0;0;0;0;0;14;0;99.0;99.0;0;0;0.00;0.00;0.00;0.0;0.0
266.680;16;0;99;0;0.0;19.700;1.340;25;26;0;0;100;0;100;0;0;0;0;88;88;0;0.000;0.000;0.000;0.000;0.000;0.000;0.0;0.0;0;14;0.000;0.000;11.3;0;0.0;0;0;0;0;0;99;0;0;4955;0.00;0;0;0;0;0;0;0;0;0;0;0;0;0;0;0;0;14;0;99.0;99.0;0;0;0.00;0.00;0.00;0.0;0.0
266.745;16;0;99;0;0.0;19.700;1.340;25;26;0;0;100;0;100;0;0;0;0;88;88;0;0.000;0.000;0.000;0.000;0.000;0.000;0.0;0.0;0;14;0.000;0.000;11.3;0;0.0;0;0;0;0;0;99;0;0;4955;0.00;0;0;0;0;0;0;0;0;0;0;0;0;0;0;0;0;14;0;99.0;99.0;0;0;0.00;0.00;0.00;0.0;0.0
266.816;16;0;98;0;0.0;19.700;1.340;25;26;0;0;100;0;100;0;0;0;0;88;88;0;0.000;0.000;0.000;0.000;0.000;0.000;0.0;0.0;0;15;0.000;0.000;11.3;0;-0.1;0;0;0;0;0;99;0;0;4955;0.00;0;0;0;0;0;0;0;0;0;0;0;0;0;0;0;0;15;0;98.0;98.0;0;0;0.00;0.00;0.00;0.0;0.0
266.880;16;0;99;0;0.0;19.700;1.340;25;26;0;0;100;0;100;0;0;0;0;88;88;0;0.000;0.000;0.000;0.000;0.000;0.000;0.0;0.0;0;14;0.000;0.000;11.3;0;0.0;0;0;0;0;0;99;0;0;4955;0.00;0;0;0;0;0;0;0;0;0;0;0;0;0;0;0;0;14;0;99.0;99.0;0;0;0.00;0.00;0.00;0.0;0.0
266.946;16;0;99;0;0.0;19.700;1.340;25;26;0;0;100;0;100;0;0;0;0;88;88;0;0.000;0.000;0.000;0.000;0.000;0.000;0.0;0.0;0;14;0.000;0.000;11.3;0;0.0;0;0;0;0;0;99;0;0;4955;0.00;0;0;0;0;0;0;0;0;0;0;0;0;0;0;0;0;14;0;99.0;99.0;0;0;0.00;0.00;0.00;0.0;0.0
267.016;16;0;99;0;0.0;19.700;1.340;25;26;0;0;100;0;100;0;0;0;0;88;88;0;0.000;0.000;0.000;0.000;0.000;0.000;0.0;0.0;0;14;0.000;0.000;11.3;0;0.0;0;0;0;0;0;99;0;0;4955;0.00;0;0;0;0;0;0;0;0;0;0;0;0;0;0;0;0;14;0;99.0;99.0;0;0;0.00;0.00;0.00;0.0;0.0
267.081;17;0;99;0;0.0;19.700;1.340;25;26;0;0;100;0;100;0;0;0;0;88;88;0;0.000;0.000;0.000;0.000;0.000;0.000;0.0;0.0;0;14;0.000;0.000;11.3;0;0.0;0;0;0;0;0;99;0;0;4977;0.00;0;0;0;0;0;0;0;0;0;0;0;0;0;0;0;0;14;0;99.0;99.0;0;0;0.00;0.00;0.00;0.0;0.0
267.146;17;0;99;0;0.0;19.700;1.340;25;26;0;0;100;0;100;0;0;0;0;88;88;0;0.000;0.000;0.000;0.000;0.000;0.000;0.0;0.0;0;14;0.000;0.000;11.3;0;0.0;0;0;0;0;0;99;0;0;4977;0.00;0;0;0;0;0;0;0;0;0;0;0;0;0;0;0;0;14;0;99.0;99.0;0;0;0.00;0.00;0.00;0.0;0.0
267.212;17;0;99;0;0.0;19.700;1.340;25;26;0;0;100;0;100;0;0;0;0;88;88;0;0.000;0.000;0.000;0.000;0.000;0.000;0.0;0.0;0;14;0.000;0.000;11.3;0;0.0;0;0;0;0;0;99;0;0;4977;0.00;0;0;0;0;0;0;0;0;0;0;0;0;0;0;0;0;14;0;99.0;99.0;0;0;0.00;0.00;0.00;0.0;0.0
267.283;17;0;98;0;0.0;19.700;1.340;25;26;0;0;100;0;100;0;0;0;0;88;88;0;0.000;0.000;0.000;0.000;0.000;0.000;0.0;0.0;0;15;0.000;0.000;11.3;0;-0.1;0;0;0;0;0;99;0;0;4977;0.00;0;0;0;0;0;0;0;0;0;0;0;0;0;0;0;0;15;0;98.0;98.0;0;0;0.00;0.00;0.00;0.0;0.0
267.349;17;0;99;0;0.0;19.700;1.340;25;26;0;0;100;0;100;0;0;0;0;88;88;0;0.000;0.000;0.000;0.000;0.000;0.000;0.0;0.0;0;14;0.000;0.000;11.3;0;0.0;0;0;0;0;0;99;0;0;4977;0.00;0;0;0;0;0;0;0;0;0;0;0;0;0;0;0;0;14;0;99.0;99.0;0;0;0.00;0.00;0.00;0.0;0.0
267.413;17;0;99;0;0.0;19.700;1.340;25;26;0;0;100;0;100;0;0;0;0;88;88;0;0.000;0.000;0.000;0.000;0.000;0.000;0.0;0.0;0;14;0.000;0.000;11.3;0;0.0;0;0;0;0;0;99;0;0;4977;0.00;0;0;0;0;0;0;0;0;0;0;0;0;0;0;0;0;14;0;99.0;99.0;0;0;0.00;0.00;0.00;0.0;0.0
267.413;17;0;99;0;0.0;19.700;1.340;25;26;0;0;100;0;100;0;0;0;0;88;88;0;0.000;0.000;0.000;0.000;0.000;0.000;0.0;0.0;0;14;0.000;0.000;11.3;0;0.0;0;0;0;0;0;99;0;0;4977;0.00;0;0;0;0;0;0;0;0;0;0;0;0;0;0;0;0;14;0;99.0;99.0;0;0;0.00;0.00;0.00;0.0;0.0
267.548;17;0;99;0;0.0;19.700;1.340;25;26;0;0;100;0;100;0;0;0;0;88;88;0;0.000;0.000;0.000;0.000;0.000;0.000;0.0;0.0;0;14;0.000;0.000;11.3;0;0.0;0;0;0;0;0;99;0;0;4977;0.00;0;0;0;0;0;0;0;0;0;0;0;0;0;0;0;0;14;0;99.0;99.0;0;0;0.00;0.00;0.00;0.0;0.0
267.614;17;0;99;0;0.0;19.700;1.340;25;26;0;0;100;0;100;0;0;0;0;88;88;0;0.000;0.000;0.000;0.000;0.000;0.000;0.0;0.0;0;14;0.000;0.000;11.3;0;0.0;0;0;0;0;0;99;0;0;4977;0.00;0;0;0;0;0;0;0;0;0;0;0;0;0;0;0;0;14;0;99.0;99.0;0;0;0.00;0.00;0.00;0.0;0.0
267.681;17;0;99;0;0.0;19.700;1.340;25;26;0;0;100;0;100;0;0;0;0;88;88;0;0.000;0.000;0.000;0.000;0.000;0.000;0.0;0.0;0;14;0.000;0.000;11.3;0;0.0;0;0;0;0;0;99;0;0;4977;0.00;0;0;0;0;0;0;0;0;0;0;0;0;0;0;0;0;14;0;99.0;99.0;0;0;0.00;0.00;0.00;0.0;0.0
267.750;17;0;99;0;0.0;19.700;1.340;25;26;0;0;100;0;100;0;0;0;0;88;88;0;0.000;0.000;0.000;0.000;0.000;0.000;0.0;0.0;0;14;0.000;0.000;11.3;0;0.0;0;0;0;0;0;99;0;0;4977;0.00;0;0;0;0;0;0;0;0;0;0;0;0;0;0;0;0;14;0;99.0;99.0;0;0;0.00;0.00;0.00;0.0;0.0
267.814;17;0;99;0;0.0;19.700;1.340;25;26;0;0;100;0;100;0;0;0;0;88;88;0;0.000;0.000;0.000;0.000;0.000;0.000;0.0;0.0;0;14;0.000;0.000;11.3;0;0.0;0;0;0;0;0;99;0;0;4977;0.00;0;0;0;0;0;0;0;0;0;0;0;0;0;0;0;0;14;0;99.0;99.0;0;0;0.00;0.00;0.00;0.0;0.0
267.879;17;0;99;0;0.0;19.700;1.340;25;26;0;0;100;0;100;0;0;0;0;88;88;0;0.000;0.000;0.000;0.000;0.000;0.000;0.0;0.0;0;14;0.000;0.000;11.3;0;0.0;0;0;0;0;0;99;0;0;4977;0.00;0;0;0;0;0;0;0;0;0;0;0;0;0;0;0;0;14;0;99.0;99.0;0;0;0.00;0.00;0.00;0.0;0.0
267.945;17;0;99;0;0.0;19.700;1.340;25;26;0;0;100;0;100;0;0;0;0;88;88;0;0.000;0.000;0.000;0.000;0.000;0.000;0.0;0.0;0;14;0.000;0.000;11.3;0;0.0;0;0;0;0;0;99;0;0;4977;0.00;0;0;0;0;0;0;0;0;0;0;0;0;0;0;0;0;14;0;99.0;99.0;0;0;0.00;0.00;0.00;0.0;0.0
268.015;17;0;99;0;0.0;19.700;1.340;25;26;0;0;100;0;100;0;0;0;0;88;88;0;0.000;0.000;0.000;0.000;0.000;0.000;0.0;0.0;0;14;0.000;0.000;11.3;0;0.0;0;0;0;0;0;99;0;0;4977;0.00;0;0;0;0;0;0;0;0;0;0;0;0;0;0;0;0;14;0;99.0;99.0;0;0;0.00;0.00;0.00;0.0;0.0
268.081;18;0;99;0;0.0;19.700;1.340;25;26;0;0;100;0;100;0;0;0;0;88;88;0;0.000;0.000;0.000;0.000;0.000;0.000;0.0;0.0;0;14;0.000;0.000;11.3;0;0.0;0;0;0;0;0;99;0;0;4978;0.00;0;0;0;0;0;0;0;0;0;0;0;0;0;0;0;0;14;0;99.0;99.0;0;0;0.00;0.00;0.00;0.0;0.0
268.147;18;0;99;0;0.0;19.700;1.340;25;26;0;0;100;0;100;0;0;0;0;88;88;0;0.000;0.000;0.000;0.000;0.000;0.000;0.0;0.0;0;14;0.000;0.000;11.3;0;0.0;0;0;0;0;0;99;0;0;4978;0.00;0;0;0;0;0;0;0;0;0;0;0;0;0;0;0;0;14;0;99.0;99.0;0;0;0.00;0.00;0.00;0.0;0.0
268.212;18;0;99;0;0.0;19.700;1.340;25;26;0;0;100;0;100;0;0;0;0;88;88;0;0.000;0.000;0.000;0.000;0.000;0.000;0.0;0.0;0;14;0.000;0.000;11.3;0;0.0;0;0;0;0;0;99;0;0;4978;0.00;0;0;0;0;0;0;0;0;0;0;0;0;0;0;0;0;14;0;99.0;99.0;0;0;0.00;0.00;0.00;0.0;0.0
268.281;18;0;99;0;0.0;19.700;1.340;25;26;0;0;100;0;100;0;0;0;0;88;88;0;0.000;0.000;0.000;0.000;0.000;0.000;0.0;0.0;0;14;0.000;0.000;11.3;0;0.0;0;0;0;0;0;99;0;0;4978;0.00;0;0;0;0;0;0;0;0;0;0;0;0;0;0;0;0;14;0;99.0;99.0;0;0;0.00;0.00;0.00;0.0;0.0
268.347;18;0;99;0;0.0;19.700;1.340;25;26;0;0;100;0;100;0;0;0;0;88;88;0;0.000;0.000;0.000;0.000;0.000;0.000;0.0;0.0;0;14;0.000;0.000;11.3;0;0.0;0;0;0;0;0;99;0;0;4978;0.00;0;0;0;0;0;0;0;0;0;0;0;0;0;0;0;0;14;0;99.0;99.0;0;0;0.00;0.00;0.00;0.0;0.0
268.416;18;0;99;0;0.0;19.700;1.340;25;26;0;0;100;0;100;0;0;0;0;88;88;0;0.000;0.000;0.000;0.000;0.000;0.000;0.0;0.0;0;14;0.000;0.000;11.3;0;0.0;0;0;0;0;0;99;0;0;4978;0.00;0;0;0;0;0;0;0;0;0;0;0;0;0;0;0;0;14;0;99.0;99.0;0;0;0.00;0.00;0.00;0.0;0.0
268.483;18;0;99;0;0.0;19.700;1.340;25;26;0;0;100;0;100;0;0;0;0;88;88;0;0.000;0.000;0.000;0.000;0.000;0.000;0.0;0.0;0;14;0.000;0.000;11.3;0;0.0;0;0;0;0;0;99;0;0;4978;0.00;0;0;0;0;0;0;0;0;0;0;0;0;0;0;0;0;14;0;99.0;99.0;0;0;0.00;0.00;0.00;0.0;0.0
268.548;18;0;99;0;0.0;19.700;1.340;25;26;0;0;100;0;100;0;0;0;0;88;88;0;0.000;0.000;0.000;0.000;0.000;0.000;0.0;0.0;0;14;0.000;0.000;11.3;0;0.0;0;0;0;0;0;99;0;0;4978;0.00;0;0;0;0;0;0;0;0;0;0;0;0;0;0;0;0;14;0;99.0;99.0;0;0;0.00;0.00;0.00;0.0;0.0
268.613;18;0;98;0;0.0;19.700;1.340;25;26;0;0;100;0;100;0;0;0;0;88;88;0;0.000;0.000;0.000;0.000;0.000;0.000;0.0;0.0;0;15;0.000;0.000;11.3;0;-0.1;0;0;0;0;0;99;0;0;4978;0.00;0;0;0;0;0;0;0;0;0;0;0;0;0;0;0;0;15;0;98.0;98.0;0;0;0.00;0.00;0.00;0.0;0.0
268.679;18;0;99;0;0.0;19.700;1.340;25;26;0;0;100;0;100;0;0;0;0;88;88;0;0.000;0.000;0.000;0.000;0.000;0.000;0.0;0.0;0;14;0.000;0.000;11.3;0;0.0;0;0;0;0;0;99;0;0;4978;0.00;0;0;0;0;0;0;0;0;0;0;0;0;0;0;0;0;14;0;99.0;99.0;0;0;0.00;0.00;0.00;0.0;0.0
268.748;18;0;99;0;0.0;19.700;1.340;25;26;0;0;100;0;100;0;0;0;0;88;88;0;0.000;0.000;0.000;0.000;0.000;0.000;0.0;0.0;0;14;0.000;0.000;11.3;0;0.0;0;0;0;0;0;99;0;0;4978;0.00;0;0;0;0;0;0;0;0;0;0;0;0;0;0;0;0;14;0;99.0;99.0;0;0;0.00;0.00;0.00;0.0;0.0
268.813;18;0;98;0;0.0;19.700;1.340;25;26;0;0;100;0;100;0;0;0;0;88;88;0;0.000;0.000;0.000;0.000;0.000;0.000;0.0;0.0;0;15;0.000;0.000;11.3;0;-0.1;0;0;0;0;0;99;0;0;4978;0.00;0;0;0;0;0;0;0;0;0;0;0;0;0;0;0;0;15;0;98.0;98.0;0;0;0.00;0.00;0.00;0.0;0.0
268.879;18;0;99;0;0.0;19.700;1.340;25;26;0;0;100;0;100;0;0;0;0;88;88;0;0.000;0.000;0.000;0.000;0.000;0.000;0.0;0.0;0;14;0.000;0.000;11.3;0;0.0;0;0;0;0;0;99;0;0;4978;0.00;0;0;0;0;0;0;0;0;0;0;0;0;0;0;0;0;14;0;99.0;99.0;0;0;0.00;0.00;0.00;0.0;0.0
268.944;18;0;99;0;0.0;19.700;1.340;25;26;0;0;100;0;100;0;0;0;0;88;88;0;0.000;0.000;0.000;0.000;0.000;0.000;0.0;0.0;0;14;0.000;0.000;11.3;0;0.0;0;0;0;0;0;99;0;0;4978;0.00;0;0;0;0;0;0;0;0;0;0;0;0;0;0;0;0;14;0;99.0;99.0;0;0;0.00;0.00;0.00;0.0;0.0
269.015;18;0;99;0;0.0;19.700;1.340;25;26;0;0;100;0;100;0;0;0;0;88;88;0;0.000;0.000;0.000;0.000;0.000;0.000;0.0;0.0;0;14;0.000;0.000;11.3;0;0.0;0;0;0;0;0;99;0;0;4978;0.00;0;0;0;0;0;0;0;0;0;0;0;0;0;0;0;0;14;0;99.0;99.0;0;0;0.00;0.00;0.00;0.0;0.0
269.081;19;0;99;0;0.0;19.700;1.340;25;26;0;0;100;0;100;0;0;0;0;88;88;0;0.000;0.000;0.000;0.000;0.000;0.000;0.0;0.0;0;14;0.000;0.000;11.3;0;0.0;0;0;0;0;0;99;0;0;4974;0.00;0;0;0;0;0;0;0;0;0;0;0;0;0;0;0;0;14;0;99.0;99.0;0;0;0.00;0.00;0.00;0.0;0.0
269.150;19;0;99;0;0.0;19.700;1.340;25;26;0;0;100;0;100;0;0;0;0;88;88;0;0.000;0.000;0.000;0.000;0.000;0.000;0.0;0.0;0;14;0.000;0.000;11.3;0;0.0;0;0;0;0;0;99;0;0;4974;0.00;0;0;0;0;0;0;0;0;0;0;0;0;0;0;0;0;14;0;99.0;99.0;0;0;0.00;0.00;0.00;0.0;0.0
269.216;19;0;99;0;0.0;19.700;1.340;25;26;0;0;100;0;100;0;0;0;0;88;88;0;0.000;0.000;0.000;0.000;0.000;0.000;0.0;0.0;0;14;0.000;0.000;11.3;0;0.0;0;0;0;0;0;99;0;0;4974;0.00;0;0;0;0;0;0;0;0;0;0;0;0;0;0;0;0;14;0;99.0;99.0;0;0;0.00;0.00;0.00;0.0;0.0
269.280;19;0;99;0;0.0;19.700;1.340;25;26;0;0;100;0;100;0;0;0;0;88;88;0;0.000;0.000;0.000;0.000;0.000;0.000;0.0;0.0;0;14;0.000;0.000;11.3;0;0.0;0;0;0;0;0;99;0;0;4974;0.00;0;0;0;0;0;0;0;0;0;0;0;0;0;0;0;0;14;0;99.0;99.0;0;0;0.00;0.00;0.00;0.0;0.0
269.346;19;0;99;0;0.0;19.700;1.340;25;26;0;0;100;0;100;0;0;0;0;88;88;0;0.000;0.000;0.000;0.000;0.000;0.000;0.0;0.0;0;14;0.000;0.000;11.3;0;0.0;0;0;0;0;0;99;0;0;4974;0.00;0;0;0;0;0;0;0;0;0;0;0;0;0;0;0;0;14;0;99.0;99.0;0;0;0.00;0.00;0.00;0.0;0.0
269.411;19;0;99;0;0.0;19.700;1.340;25;26;0;0;100;0;100;0;0;0;0;88;88;0;0.000;0.000;0.000;0.000;0.000;0.000;0.0;0.0;0;14;0.000;0.000;11.3;0;0.0;0;0;0;0;0;99;0;0;4974;0.00;0;0;0;0;0;0;0;0;0;0;0;0;0;0;0;0;14;0;99.0;99.0;0;0;0.00;0.00;0.00;0.0;0.0
269.481;19;0;99;0;0.0;19.700;1.340;25;26;0;0;100;0;100;0;0;0;0;88;88;0;0.000;0.000;0.000;0.000;0.000;0.000;0.0;0.0;0;14;0.000;0.000;11.3;0;0.0;0;0;0;0;0;99;0;0;4974;0.00;0;0;0;0;0;0;0;0;0;0;0;0;0;0;0;0;14;0;99.0;99.0;0;0;0.00;0.00;0.00;0.0;0.0
269.548;19;0;99;0;0.0;19.700;1.340;25;26;0;0;100;0;100;0;0;0;0;88;88;0;0.000;0.000;0.000;0.000;0.000;0.000;0.0;0.0;0;14;0.000;0.000;11.3;0;0.0;0;0;0;0;0;99;0;0;4974;0.00;0;0;0;0;0;0;0;0;0;0;0;0;0;0;0;0;14;0;99.0;99.0;0;0;0.00;0.00;0.00;0.0;0.0
269.616;19;0;99;0;0.0;19.700;1.340;25;26;0;0;100;0;100;0;0;0;0;88;88;0;0.000;0.000;0.000;0.000;0.000;0.000;0.0;0.0;0;14;0.000;0.000;11.3;0;0.0;0;0;0;0;0;99;0;0;4974;0.00;0;0;0;0;0;0;0;0;0;0;0;0;0;0;0;0;14;0;99.0;99.0;0;0;0.00;0.00;0.00;0.0;0.0
269.682;19;0;99;0;0.0;19.700;1.340;25;26;0;0;100;0;100;0;0;0;0;88;88;0;0.000;0.000;0.000;0.000;0.000;0.000;0.0;0.0;0;14;0.000;0.000;11.3;0;0.0;0;0;0;0;0;99;0;0;4974;0.00;0;0;0;0;0;0;0;0;0;0;0;0;0;0;0;0;14;0;99.0;99.0;0;0;0.00;0.00;0.00;0.0;0.0
269.747;19;0;99;0;0.0;19.700;1.340;25;26;0;0;100;0;100;0;0;0;0;88;88;0;0.000;0.000;0.000;0.000;0.000;0.000;0.0;0.0;0;14;0.000;0.000;11.3;0;0.0;0;0;0;0;0;99;0;0;4974;0.00;0;0;0;0;0;0;0;0;0;0;0;0;0;0;0;0;14;0;99.0;99.0;0;0;0.00;0.00;0.00;0.0;0.0
269.813;19;0;99;0;0.0;19.700;1.340;25;26;0;0;100;0;100;0;0;0;0;88;88;0;0.000;0.000;0.000;0.000;0.000;0.000;0.0;0.0;0;14;0.000;0.000;11.3;0;0.0;0;0;0;0;0;99;0;0;4974;0.00;0;0;0;0;0;0;0;0;0;0;0;0;0;0;0;0;14;0;99.0;99.0;0;0;0.00;0.00;0.00;0.0;0.0
269.882;19;0;99;0;0.0;19.700;1.340;25;26;0;0;100;0;100;0;0;0;0;88;88;0;0.000;0.000;0.000;0.000;0.000;0.000;0.0;0.0;0;14;0.000;0.000;11.3;0;0.0;0;0;0;0;0;99;0;0;4974;0.00;0;0;0;0;0;0;0;0;0;0;0;0;0;0;0;0;14;0;99.0;99.0;0;0;0.00;0.00;0.00;0.0;0.0
269.950;19;0;99;0;0.0;19.700;1.340;25;26;0;0;100;0;100;0;0;0;0;88;88;0;0.000;0.000;0.000;0.000;0.000;0.000;0.0;0.0;0;14;0.000;0.000;11.3;0;0.0;0;0;0;0;0;99;0;0;4974;0.00;0;0;0;0;0;0;0;0;0;0;0;0;0;0;0;0;14;0;99.0;99.0;0;0;0.00;0.00;0.00;0.0;0.0
270.015;19;0;99;0;0.0;19.700;1.340;25;26;0;0;100;0;100;0;0;0;0;88;88;0;0.000;0.000;0.000;0.000;0.000;0.000;0.0;0.0;0;14;0.000;0.000;11.3;0;0.0;0;0;0;0;0;99;0;0;4974;0.00;0;0;0;0;0;0;0;0;0;0;0;0;0;0;0;0;14;0;99.0;99.0;0;0;0.00;0.00;0.00;0.0;0.0
270.084;19;0;99;0;0.0;19.700;1.340;25;26;0;0;100;0;100;0;0;0;0;88;88;0;0.000;0.000;0.000;0.000;0.000;0.000;0.0;0.0;0;14;0.000;0.000;11.3;0;0.0;0;0;0;0;0;99;0;0;4974;0.00;0;0;0;0;0;0;0;0;0;0;0;0;0;0;0;0;14;0;99.0;99.0;0;0;0.00;0.00;0.00;0.0;0.0
270.149;20;0;99;0;0.0;19.700;1.340;25;26;0;0;100;0;100;0;0;0;0;88;88;0;0.000;0.000;0.000;0.000;0.000;0.000;0.0;0.0;0;14;0.000;0.000;11.3;0;0.0;0;0;0;0;0;99;0;0;4958;0.00;0;0;0;0;0;0;0;0;0;0;0;0;0;0;0;0;14;0;99.0;99.0;0;0;0.00;0.00;0.00;0.0;0.0
270.215;20;0;99;0;0.0;19.700;1.340;25;26;0;0;100;0;100;0;0;0;0;88;88;0;0.000;0.000;0.000;0.000;0.000;0.000;0.0;0.0;0;14;0.000;0.000;11.3;0;0.0;0;0;0;0;0;99;0;0;4958;0.00;0;0;0;0;0;0;0;0;0;0;0;0;0;0;0;0;14;0;99.0;99.0;0;0;0.00;0.00;0.00;0.0;0.0
270.280;20;0;98;0;0.0;19.700;1.340;25;26;0;0;100;0;100;0;0;0;0;88;88;0;0.000;0.000;0.000;0.000;0.000;0.000;0.0;0.0;0;15;0.000;0.000;11.3;0;-0.1;0;0;0;0;0;99;0;0;4958;0.00;0;0;0;0;0;0;0;0;0;0;0;0;0;0;0;0;15;0;98.0;98.0;0;0;0.00;0.00;0.00;0.0;0.0
270.346;20;0;99;0;0.0;19.700;1.340;25;26;0;0;100;0;100;0;0;0;0;88;88;0;0.000;0.000;0.000;0.000;0.000;0.000;0.0;0.0;0;14;0.000;0.000;11.3;0;0.0;0;0;0;0;0;99;0;0;4958;0.00;0;0;0;0;0;0;0;0;0;0;0;0;0;0;0;0;14;0;99.0;99.0;0;0;0.00;0.00;0.00;0.0;0.0
270.415;20;0;99;0;0.0;19.700;1.340;25;26;0;0;100;0;100;0;0;0;0;88;88;0;0.000;0.000;0.000;0.000;0.000;0.000;0.0;0.0;0;14;0.000;0.000;11.3;0;0.0;0;0;0;0;0;99;0;0;4958;0.00;0;0;0;0;0;0;0;0;0;0;0;0;0;0;0;0;14;0;99.0;99.0;0;0;0.00;0.00;0.00;0.0;0.0
270.481;20;0;99;0;0.0;19.700;1.340;25;26;0;0;100;0;100;0;0;0;0;88;88;0;0.000;0.000;0.000;0.000;0.000;0.000;0.0;0.0;0;14;0.000;0.000;11.3;0;0.0;0;0;0;0;0;99;0;0;4958;0.00;0;0;0;0;0;0;0;0;0;0;0;0;0;0;0;0;14;0;99.0;99.0;0;0;0.00;0.00;0.00;0.0;0.0
270.547;20;0;99;0;0.0;19.700;1.340;25;26;0;0;100;0;100;0;0;0;0;88;88;0;0.000;0.000;0.000;0.000;0.000;0.000;0.0;0.0;0;14;0.000;0.000;11.3;0;0.0;0;0;0;0;0;99;0;0;4958;0.00;0;0;0;0;0;0;0;0;0;0;0;0;0;0;0;0;14;0;99.0;99.0;0;0;0.00;0.00;0.00;0.0;0.0
270.616;20;0;99;0;0.0;19.700;1.340;25;26;0;0;100;0;100;0;0;0;0;88;88;0;0.000;0.000;0.000;0.000;0.000;0.000;0.0;0.0;0;14;0.000;0.000;11.3;0;0.0;0;0;0;0;0;99;0;0;4958;0.00;0;0;0;0;0;0;0;0;0;0;0;0;0;0;0;0;14;0;99.0;99.0;0;0;0.00;0.00;0.00;0.0;0.0
270.682;20;0;99;0;0.0;19.700;1.340;25;26;0;0;100;0;100;0;0;0;0;88;88;0;0.000;0.000;0.000;0.000;0.000;0.000;0.0;0.0;0;14;0.000;0.000;11.3;0;0.0;0;0;0;0;0;99;0;0;4958;0.00;0;0;0;0;0;0;0;0;0;0;0;0;0;0;0;0;14;0;99.0;99.0;0;0;0.00;0.00;0.00;0.0;0.0